अं	an:3
अंक	ank:5	anka:1
अंकगणित	ankganit:3
अंकन	ankan:3
अंकल	uncle:4
अंकित	ankit:3
अंकुर	ankur:4
अंकुरण	ankuran:3
अंकुरित	ankurit:3
अंकुश	ankush:3	aankush:1
अंकों	ankon:2	anakon:1	ankhon:1
अंकोर	ankor:2	angkor:1
अंग	ang:2	anga:1
अंगकोर	angkor:3
अंगद	angad:2	agandh:1
अंगने	angane:3
अंगभंग	angbhang:3
अंगरक्षक	angrakshak:2	angarakshak:1
अंगारक	angarak:2	angaarak:1
अंगारा	angara:3
अंगारे	angare:2	angaare:1
अंगिरा	angira:3
अंगी	angi:3
अंगीकार	angikar:3
अंगीठी	angithi:3
अंगुठे	anguthe:3
अंगुल	angul:3
अंगुलियों	anguliyon:3
अंगुली	anguli:2	ungli:1
अंगूठा	angutha:3
अंगूठियों	anguthiyon:2	aanguthiyon:1
अंगूठी	anguthi:3
अंगूठे	anguthe:2	anguthon:1
अंगूर	angur:2	angoor:1
अंगूरी	anguri:3
अंगूरों	anguron:2	anguuron:1
अंगों	angon:3
अंगोला	angola:3
अंग्रज़ी	angraji:1	angreji:1	angrzi:1
अंग्रजी	angraji:1	angreji:1	angrezi:1
अंग्रेज	angrej:3
अंग्रेजी	angreji:7
अंग्रेजों	angrejon:4
अंचल	anchal:3
अंचलों	anchalon:2	anchlon:1
अंजन	anjan:3
अंजना	anjana:4
अंजली	anjali:3
अंजान	anjaan:2	anjan:1
अंजानी	anjani:2	anjaani:1
अंजाने	anjane:2	anjaane:1
अंजाम	anjaam:2	anjam:1
अंजार	anjar:3
अंजीर	anjeer:3
अंजुम	anjum:3
अंजुमन	anjuman:3
अंजू	anju:3
अंटार्कटिका	antarctica:2	antartica:1
अंटोनियो	antonio:2	antaniyo:1
अंटोनी	antoni:2	antony:1
अंडमान	andaman:3
अंडर	under:3
अंडरकवर	undercover:6
अंडरटेकर	undertaker:3
अंडरवर्ल्ड	underworld:2	undeworld:1
अंडरवियर	underwear:3
अंडा	anda:5	andaa:1
अंडाकार	andakar:3
अंडाशय	andashay:3
अंडे	ande:2	andde:1
अंडों	andon:3
अंत	ant:4
अंतः	antah:2	antaha:1
अंतःकरण	antahkaran:2	antahakaran:1
अंतकरण	antkaran:2	antakaran:1
अंततोगत्वा	anttogtva:2	antatogtva:1
अंतर	antar:3	anthar:1
अंतरग्रहीय	antargrahiy:1	antargrahiya:1	antrgrahiy:1
अंतरमहाद्वीपीय	antarmahadveepeeye:1	antarmahadvipiya:1	antarmahadweepiy:1	antarmhadvipiye:1
अंतरराष्ट्रीय	antarrashtriya:2	antarrashtriye:1
अंतरर्राष्ट्रीय	antararraashtreey:1	antarrashtriya:1	antarrashtriye:1
अंतरात्मा	antaratma:2	antratma:1
अंतराल	antral:3
अंतरालों	antralon:2	anralon:1
अंतराष्ट्रीय	antarashtriya:1	antarrashtriya:1	antrashtriya:1
अंतरिक्ष	antriksh:5	antariksh:2
अंतरिक्षयात्री	antrikshyatri:3
अंतरिक्षयान	antrikshayan:1	antrikshyaan:1	antrikshyan:1
अंतरिम	antrim:3	antarim:1
अंतरों	antaron:3
अंतर्कलह	antarkalah:1	antarklah:1	antkalah:1
अंतर्गत	antargat:3	antrgat:2	antargart:1
अंतर्दृष्टि	antardrishti:1	antdrashti:1	antdrishti:1
अंतर्देशीय	antardeshiy:1	antardeshiya:1	antdreshiya:1
अंतर्निहित	antnirhit:2	antarnihit:1
अंतर्मन	antarman:2	antrman:1
अंतर्मुख	antarmukh:1	antmurkh:1	antrmukh:1
अंतर्राष्ट्रीय	antarrashtriya:8	antarrashtriy:1	antrashtriya:1	antrrashtriy:1
अंतर्वस्त्र	antarvastr:2	antavastra:1	antvastra:1
अंतर्विरोधों	antarvirodhon:1	antrvirodhon:1	antvirrodhon:1
अंतर्वैयक्तिक	antarvaiyaktik:2	antvaiyktik:1
अंतिम	antim:3
अंतुले	antule:3
अंत्य	antya:3
अंत्येष्टि	antyeshti:3
अंत्योदय	antyoday:2	antyodaya:1
अंदर	andar:3
अंदरूनी	andruni:3	andhruni:1	androoni:1	andrunee:1
अंदाज	andaaz:2	andaaj:1	andaz:1	andhaaz:1
अंदाजन	andaajan:3	andaazan:2	anadajan:1	andajan:1
अंदाज़	andaaz:3	andaaj:2	andaj:1	andaz:1
अंदाजा	andaajaa:2	andaazaa:2	andaja:2	andaza:2
अंदेशा	andeshaa:3	andesha:2
अंद्राबी	andrabi:2	andrabee:1
अंधक	andhak:3
अंधकार	andhkaar:2	andhkar:2	andhakaar:1
अंधकारपूर्ण	andhakaarapurna:1	andhakarapurn:1	andhkaarpurn:1	andhkarpurn:1
अंधता	andhta:2	andhata:1	andhataa:1	andhtaa:1
अंधविश्वास	andhavishvas:1	andhvishvaas:1	andhvishwas:1
अंधविश्वासों	andhavishvason:1	andhvishvaason:1	andhvishvason:1	andhvishwason:1
अंधा	andha:3
अंधाधुंध	andhadhundh:3
अंधापन	andhapan:3
अंधे	andhe:3
अंधेपन	andhepan:3
अंधेर	andher:3
अंधेरा	andhera:3	andheraa:1
अंधेरी	andheri:3
अंधेरे	andhere:3
अंपायर	umpire:2	empire:1
अंबर	ambar:2	amber:1	umber:1
अंबरनाथ	ambarnath:3
अंबानी	ambani:3	ambaani:1
अंबाला	ambala:3
अंबिका	ambika:3
अंबेडकर	ambedkar:3
अंब्रेला	umbrella:3
अंर्तगत	antargat:2	antrgat:1
अंर्तराष्ट्रीय	antarrashtriya:1	antarrashtriye:1	antrastriy:1
अंश	ansh:3
अंशकालिक	anshakaalik:1	anshakalik:1	anshkaalik:1	anshkalik:1
अंशत	anshat:2	ashan:1
अंशधारकों	anshdhaarakon:1	anshdharakon:1	anshdharkon:1
अंशावतार	anshavatar:2	anshaavatar:1	anshavtar:1
अंशी	anshi:3
अंशों	anshon:3
अंसल	ansal:3
अंसारी	ansari:3
अंहकार	ahankaar:1	ahankar:1	anhkar:1
अकबर	akbar:3
अकबरपुर	akbarpur:2	akabarpur:1
अकबराबाद	akbarabad:3
अकरम	akram:3
अकर्मण्यता	akarmanyata:2	karmnyata:1
अकलेरा	aklera:2	akalera:1
अकल्पित	akalpit:3
अकाउंट	account:3
अकाउंटिंग	accounting:3
अकाउंटेंट	accountant:3
अकाट्य	akaatya:2	akaty:1
अकादमिक	akadamik:2	academic:1
अकादमी	academy:7	akadami:2	akaadami:1
अकादेमी	academy:1	acedemy:1	akademi:1
अकापुल्को	akapulko:2	acapulco:1
अकार	akaar:2	akar:1
अकारण	akaaran:2	akaran:1
अकार्बनिक	akarbanic:1	akarbanik:1	akarbnik:1
अकाल	akaal:3
अकालमृत्यु	akaalmrityu:1	akaalmrutyu:1	akalmrityu:1
अकाली	akali:3
अकाश	akaash:2	akash:1
अकीरा	akira:2	akeeraa:1
अकीला	akila:2	akeelaa:1
अकुंश	ankush:3
अकुशल	akushal:3
अकेडमी	academy:3
अकेल	akel:3
अकेला	akela:2	akelaa:1
अकेलापन	akelapan:3	akelaapan:1
अकेली	akeli:3
अकेले	akele:3
अकेलेपन	akelepan:3
अकैडमी	academy:3
अकोला	akola:4
अक्किनेनी	akkineni:3
अक्कीनेनी	akkineni:3
अक्टुबर	october:3
अक्टूबर	october:2	octomber:1
अक्रियाशील	akriyashil:2	akriyasheel:1
अक्रॉस	across:3
अक्ल	akl:2	akla:1
अक्ष	aksh:3
अक्षत	akshat:3
अक्षम	aksham:3
अक्षमता	akshamta:2	akshamataa:1
अक्षय	akshay:8
अक्षर	akshar:6
अक्षरश	aksharash:1	aksharsh:1	akshrash:1
अक्षरशः	aksharash:1	aksharashaah:1	aksharashah:1	asharsha:1
अक्षरों	aksharon:3
अक्षांश	akshansh:5	ashansh:1
अक्षुण्ण	akshunn:2	akshunna:1
अक्स	aks:3
अक्सर	aksar:3
अक्साई	aksaee:1	aksai:1	aksayi:1
अखंड	akhand:3
अखंडता	akhandata:2	akhndta:1
अखंडानंद	akhandanand:3
अखबार	akhbar:3
अखबारी	akhbari:2	akhabari:1
अखबारो	akhbaro:2	akhabaro:1
अखबारों	akhbaron:2	akhabaron:1
अखरोट	akhrot:2	akharot:1
अख़बार	akhabar:1	akhbaar:1	akhbar:1
अख़बारों	akhbaron:2	akhbaaron:1
अख़्तर	akhtar:2	akhatar:1
अखाड़ा	akhada:2	akhaaraa:1
अखाड़े	akhade:2	akhaade:1
अखिल	akhil:3
अखिलेश	akhilesh:4
अख्तर	akhtar:3
अख्तियार	akhtiyar:2	akhtayar:1
अगम	agam:3
अगर	agar:3
अगरतला	agartala:4
अगरबत्तियों	agarbattiyon:3
अगरबत्ती	agarbatti:3
अगरिया	agariya:2	agriyaa:1
अगला	agala:2	agla:2
अगली	agali:2	agli:1
अगले	agle:10	agale:4
अगवा	agava:2	agawa:1
अगवाई	agavai:2	agvaai:1
अगस्टस	augustus:3
अगस्टाइन	augustine:2	augustustine:1
अगस्त	august:3
अगस्ता	agusta:2	agsta:1	augusta:1
अगस्त्य	agastya:3
अगस्त्यमुनि	agastyamuni:2	augustyamuni:1
अगाध	agaadh:2	agadh:1
अगासी	agaasi:1	agasi:1	agassi:1
अगुवाई	aguvae:1	aguvai:1	aguvayi:1	aguwai:1
अगेंस्ट	against:3
अगेन	again:3
अग्नाशय	agaanshaye:1	agnashay:1	agnashaya:1
अग्नि	agni:2	agani:1
अग्निदेव	agnidev:3
अग्निमांद्य	agnimandya:2	agnimaandya:1	agnimangh:1
अग्निवेश	agnivesh:3
अग्निशमन	agnishaman:2	agnishamak:1
अग्निसार	agnisar:2	agnisaar:1
अग्निहोत्र	agnihotra:3
अग्निहोत्री	agnihotri:3
अग्न्याशय	aganyaashay:1	agnashay:1	agnyashay:1
अग्र	agr:2	agra:1
अग्रगामी	agragami:2	agragaami:1
अग्रज	agraj:3
अग्रणी	agrani:3
अग्रता	agrata:3
अग्रदूत	agradoot:2	agradut:2
अग्रभाग	agrabhag:2	agrbhaag:1
अग्रवाल	aggarwal:1	agraval:1	agrawal:1
अग्रसर	agrsar:2	agrasar:2
अग्रसेन	agarsain:1	agrasen:1	agrsen:1
अग्रहरि	agrahari:2	agrahri:1
अग्राह्य	agrahaye:1	agrahy:1	agrahya:1
अग्रिम	agrim:3
अग्रेंजी	agrenji:1	angreji:1	angrezi:1
अग्रेजों	agrejon:1	angrejon:1	angrezon:1
अग्रेषित	agreshit:2	agreyshit:1
अग्रोहा	agroha:3
अग्ली	agli:2	ugly:1
अघोरियों	aghoriyon:3
अचंभा	achambha:2	achanbha:1
अचंभित	achambhit:3
अचला	achala:3
अचानक	achanak:3
अचार	achaar:2	achar:2
अचिन	achin:3
अचीवमेंट	achievement:2	achivement:1
अचूक	achuk:2	achook:1
अचेत	achet:2	ahet:1
अचेतन	achetan:3
अच्छा	achchhaa:3	achcha:2	accha:1	achchha:1
अच्छाई	achchaee:1	achchai:1	achhai:1
अच्छी	acchi:1	achchi:1	achhi:1
अच्छे	acche:3	achchhe:2
अच्युत	achyut:3
अच्युतानंद	achyutanand:3
अछनेरा	achhanera:2	achnera:1
अछा	achha:2	acha:1
अछी	achhi:2	achi:1
अछूत	acchut:1	achhut:1	achut:1
अछूता	achhuta:1	achuta:1	achyuta:1
अछूते	achhute:1	achhuute:1	achute:1
अजंता	ajanta:3
अजगर	ajgar:2	ajagar:1
अजनबियों	ajnabiyon:2	sjnabiyon:1
अजनबी	ajnabi:2	ajnabee:1
अजनाला	ajnaala:2	ajanala:1	ajnala:1
अजब	ajab:3
अजमत	ajmat:2	ajamat:1	azmat:1
अजमल	ajamal:2	ajmal:1
अजमीढ़	ajmeedh:3
अजमेर	ajmer:4
अजमेरी	ajmeri:3
अजय	ajay:10	ajai:1
अजयराज	ajayraj:3
अजरबेजान	ajarbejan:2	ajarbejaan:1
अजराड़ा	ajrada:2	ajraada:1	ajrara:1
अजवा	ajava:1	ajva:1	ajwa:1
अजहर	azhar:3	ajhar:1
अज़रबैजान	azerbaijan:2	ajarbaijan:1
अज़ान	ajaan:2	azan:1
अज़ीज़	aziz:3
अजा	aja:3
अजातशत्रु	ajatshatru:2	ajaatshatru:1	ajatshtru:1	azaadshatru:1
अजायबघर	ajaayabaghar:1	ajayabaghar:1	ajayabghar:1
अजित	ajit:3
अजी	aji:2	azi:1
अजीत	ajit:3
अजीब	ajeeb:2	ajib:1
अजीम	ajim:2	azim:1
अजूबा	ajuba:3	ajooba:2
अजूबों	ajubon:3	ajoobon:2
अजैविक	ajaivik:3
अज्ञात	agyat:2	agnat:1	agyaat:1
अज्ञातवास	agnatvas:1	agyaatvaas:1	agyaatvas:1	agyatwas:1
अज्ञान	agyaan:2	agnan:1	agyan:1
अज्ञानता	agnanta:1	agyaanata:1	agyanta:1
अज्ञेय	agney:1	agya:1	agyey:1
अटक	atak:3
अटकता	atakta:2	atkata:1
अटकलें	atkalen:2	akalen:1
अटका	atka:3
अटकाव	atkav:3
अटकी	atki:2	ataki:1
अटके	atke:2	atake:1
अटल	atal:3
अटलांटा	atlanta:6
अटलांटिक	atlantic:3
अटवाल	atwal:3	atwaal:1
अटूट	atoot:2	atut:2
अटेंड	attend:3
अटेंडेंट्स	attendance:2	attendants:1
अटेंशन	attention:3
अटैक	attack:6
अट्टहास	attahasa:1	atthaas:1	atthas:1
अट्ठारहवीं	atharahvin:1	attharahvi:1	attharahvin:1
अठारह	atharah:2	atarah:1	athaarah:1
अठारहवीं	athaarahavin:1	atharahvin:1	atharhavin:1
अड़चनें	adachanen:1	adchanen:1	adhchane:1
अड़ी	adi:2	adin:1
अडोल्फ	adolf:2	adlof:1
अड्डा	adda:3
अड्डों	addon:3
अणिमा	anima:3
अणु	anu:3
अणुओं	anuon:3
अतंरराष्ट्रीय	antarashtriya:1	antarrashtriy:1	antarrashtriya:1
अतर्रा	atarra:2	atrra:1
अता	ata:2	ataa:1
अति	ati:3
अतिउत्साह	atiutsah:4	atiutsaah:1
अतिक्रमण	atikraman:3
अतिथि	atithi:3
अतिथियों	atithiyon:3
अतिप्रभावित	atiprabhavit:3
अतिरंजित	atiranjit:3
अतिरिक्त	atirikt:4	atirikta:1
अतिवादियों	ativadiyon:3
अतिविशिष्ट	ativishisht:2	ativishishta:1
अतिवृष्टि	ativrushti:2	ativrishti:1
अतिशय	atishay:2	atishy:1
अतिशयोक्ति	atishyokti:2	atishayokti:1
अतिशीघ्र	atishighr:1	atishighra:1	atishigra:1
अतिश्योक्तिपूर्ण	atishiyoktipurn:1	atishyoktipuran:1	atishyoktipurna:1
अतिसंवेदनशील	atisamvedansheel:3	atisanvedansheel:1	atisanvedanshil:1	atisavendanshil:1
अतिसार	atisaar:2	atisar:1
अतीत	atit:3	ateet:1
अतुल	atul:3
अतुलनीय	atulniy:2	atulneey:1
अतृप्त	atript:3
अत्यंत	atyant:3
अत्यधिक	atyadhik:3
अत्यल्प	atyalp:3
अत्याचार	atyachar:5	atyaachaar:1	atyachaar:1
अत्याचारी	atyachari:3
अत्याचारों	atyacharon:3
अत्याधिक	atyadhik:3
अत्याधुनिक	atyadhunik:3
अत्यावश्यक	atyavashyak:2	atyavshyak:1
अत्रि	atri:3
अत्री	atri:3
अत्रे	atre:3
अथक	athak:3
अथर्व	atharv:2	atharva:1
अथर्ववेद	atharvved:2	atharvaveda:1
अथवा	athva:2	athava:1
अथाह	athah:2	atah:1
अथैया	athaiya:3
अथॉरिटी	authority:10	athority:1
अदद	adad:3
अदन	adan:3
अदनान	adnan:2	adnaan:1
अदनानी	adanani:1	adnaani:1	adnani:1
अदबी	adbi:2	adabi:1
अदभुत	adbhut:3
अदम्य	adamy:1	adamya:1	adamye:1
अदर	adar:3
अदरक	adrak:2	adarak:1
अदला	adla:3
अदलाबदली	adlabadli:2	adlabadali:1
अदा	ada:2	adaa:1
अदाकाराओं	adakaraon:3
अदाकारी	adakari:3
अदाणी	adani:2	adaani:1
अदानी	adani:2	adaani:1
अदायगी	adayagi:3
अदालत	adalat:3
अदालती	adalati:2	adalti:1
अदालतें	adalatein:1	adaltein:1	adalten:1
अदालतों	adalton:2	adalaton:1
अदिति	aditi:3
अदिती	aditi:3
अदूर	adur:2	adoor:1
अदूरदर्शिता	adurdarshita:2	adoordarshita:1
अदृश्य	adrishy:2	adashye:1
अद्भुत	adbhut:3
अद्भुद	adbhut:2	adbhud:1
अद्वितीय	advitiya:2	advitiye:1
अद्वैत	advait:2	adwait:1
अद्वैतवाद	advaitwad:2	advaitvaad:1
अधमरा	adhmara:2	adhmra:1
अधर्म	adharm:3
अधिक	adhik:3
अधिकत	adhikat:3
अधिकता	adhikta:2	adhikata:1
अधिकर	adhikar:3
अधिकरण	adhikaran:3
अधिकरणों	adhikaranon:3
अधिकांश	adhikansh:2	adhikaansh:1
अधिकांशत	adhikanshat:3	adhikaanshat:1
अधिकांशतः	adhikaanshat:1	adhikanshat:1	adhikanshtah:1
अधिकाधिक	adhikadhik:3	adhikaadhik:1
अधिकार	adhikar:3	adhikaar:1
अधिकारक्षेत्र	adhikarkshetra:2	adhikaarkshetra:1	adhikarsheter:1
अधिकारहीन	adhikarhin:2	adhikaarhin:1	adhikarheen:1
अधिकारिक	adhikarik:3	adhikaarik:1
अधिकारिता	adhikarita:3	adhikaarita:1
अधिकारियो	adhikariyo:3	adhikaariyo:1
अधिकारियों	adhikariyon:3	adhikaariyon:1
अधिकारी	adhikari:3	adhikaari:1
अधिकारीयों	adhikariyon:3	adhikaariyon:1
अधिकारों	adhikaron:3	adhikaaron:1
अधिकाश	adhikash:3	adhikaash:1
अधिकाशं	adhikansh:2	adhikaashan:1	adhikashan:1
अधिकृत	adhikrat:1	adhikrit:1	adhikrut:1
अधिगम	adhigam:3
अधिगृहित	adhigrahit:2	adhigruhit:1
अधिग्रहण	adhigrahan:5
अधिग्रहणों	adhigrahanon:3
अधिग्रहित	adhigrahit:4
अधिग्रहीत	adhigrahit:3
अधिनव	adhinav:3
अधिनस्थ	adhinasth:2	adhinsth:1
अधिनायकवादी	adhinayakwadi:2	adhinayakvadi:1
अधिनियम	adhiniyam:7
अधिनियमों	adhiniyamon:3
अधिनिर्णय	adhinirnay:3
अधिपति	adhipati:3
अधिपत्य	adhipatya:3
अधिभार	adhibhar:2	adhimar:1
अधिमास	adhimaas:2	adhimas:1
अधिया	adhiya:3
अधिरथ	adhirath:3
अधिराज	adhiraj:3
अधिवक्ता	adhivakta:3
अधिवास	adhivas:1	adhiwas:1	advivas:1
अधिवासी	adhivasi:2	adhiwasi:1
अधिवेशन	adhiveshan:3
अधिशेष	adhishesh:2	adhidhesh:1
अधिष्ठाता	adhishtata:1	adhishthaata:1	adhishthata:1
अधिष्ठान	adhishthan:2	adhishthaan:1
अधिसूचना	adhisoochna:1	adhisuchna:1	asdhisoochna:1
अधिसूचित	adhisoochit:1	adhisuchit:1	adhisuuchit:1
अधीक	adhik:2	adhiik:1
अधीक्षक	adhikshak:3
अधीग्रहण	adhigrahan:2	adhikrahan:1
अधीन	adhin:2	adheen:1	adhiin:1
अधीनता	adhiinataa:1	adhinata:1	adhinta:1
अधीनस्थ	adhinasth:2	adhiinastha:1	adhinsth:1
अधीर	adhir:2	adheer:1
अधीरता	adheerta:1	adhirata:1	adhirta:1
अधूरा	adhura:2	adhuura:1
अधूरी	adhuri:2	adhoori:1
अधूरे	adhure:2	adhoore:1	adhur:1
अध्यक्ष	adhyaksh:5	adhyaksha:1
अध्यक्षता	adhyakshta:2	adhyakshataa:1
अध्यक्षा	adhyaksha:2	adhyakshaa:1
अध्यक्षीय	adhshiya:1	adhyakshiy:1	adhyakshiya:1
अध्यक्षों	adhyakshon:3
अध्यन	adhyan:3
अध्ययन	adhyayan:3
अध्ययनकर्ता	adhyayankarta:2	adhyayankrata:1
अध्ययनरत	adhyayanarat:1	adhyayanrat:1	adhyaynrat:1
अध्ययनशील	adhyayansheel:1	adhyayanshil:1	adhyaynshil:1
अध्ययनों	adhyayanon:2	adhyaynon:1
अध्यात्म	adhyaatm:1	adhyatm:1	adhyatma:1
अध्यात्मिक	adhyatmik:3
अध्यादेश	adhyadesh:3
अध्यादेशों	adhyadeshon:3
अध्यापक	adhyapak:6
अध्यापकों	adhyapakon:2	adhyapkon:2
अध्यापन	adhyapan:2	adhyaapan:1
अध्यापिका	adhyapika:3
अध्याय	adhyay:6	adhyaay:2
अध्यायों	adhyayon:2	adhyaayon:1
अध्येता	adhyeta:3
अध्येताओं	adhyetaon:2	aadhyetaon:1
अध्य्क्ष	adhyksh:2	adhyaksh:1
अध्य्यन	adhyyan:2	adhyayan:1
अन	un:3	an:1
अनंत	anant:3
अनंतकाल	anantkal:3
अनंतमूल	anantmul:2	anantmool:1
अनंती	ananti:3
अनकही	ankahi:3
अनकहे	ankahe:3
अनके	anke:2	anake:1
अनगढ़	angadh:2	angarh:1
अनगिनत	anginat:3
अनघा	angha:2	anagha:1
अनचाहे	anchahe:3
अनजान	anjaan:2	anjan:1	unjan:1
अनजाना	anjana:3	anjaana:1
अनजानी	anjaani:2	anjani:2
अनजाने	anjane:3
अनटोल्ड	untold:3
अनथक	anthak:2	unthak:1
अनदेखा	andekha:3
अनदेखी	andekhi:3
अनधिकृत	andhikrit:2	anadhikrita:1
अननोन	unknown:2	unnone:1
अनन्या	ananya:2	ananyaa:1
अनपढ़	anpadh:3
अनपेक्षित	anpekshit:2	unpeckshit:1
अनफिट	unfit:3
अनबन	anban:3
अनब्रेकेबल	unbreakable:3
अनमोल	anmol:6
अनरसा	anrasa:2	unrasa:1
अनलॉफुल	unlawful:1	unlawfull:1	unlowfull:1
अनवर	anwar:2	anvar:1
अनशन	anshan:3
अनसीन	unseen:2	anseekh:1
अनसुनी	ansuni:3
अनसुने	ansune:5	unsune:1
अनसुलझा	ansuljha:2	ansulja:1
अनसुलझे	ansuljhe:2	ansulaze:1
अनसूया	ansuya:2	anusuya:1
अनसेंसर्ड	uncensored:3
अनहद	anhad:2	unhad:1
अनहोनी	anhoni:3
अनाचार	anachar:3
अनाज	anaaj:3	anaj:3
अनाजों	anajon:2	anaajon:1
अनाड़ीपन	anadipan:3
अनाथ	anath:3	anaath:1
अनाथालय	anathalay:2	anathalaya:1
अनाथालयों	anathalayon:2	anathalyon:1
अनादर	anadar:3
अनादरण	anadaran:2	anadarana:1
अनादि	anadi:3
अनाम	anaam:2	anam:1
अनामत	anamat:3
अनामिका	anamika:3
अनायास	anayas:3
अनार	anaar:2	anar:1
अनारकली	anarkali:3
अनारक्षित	anarkshit:2	anarakshit:1
अनारवाला	anarwala:3
अनावरण	anavaran:3	anaavaran:1
अनावश्यक	anavashyak:2	anaavashyak:1	anavshyak:1	anawashyak:1
अनावृष्टि	anavrishti:2	anaavrishti:1	anavrushti:1
अनास्तासिया	anastasiya:2	anaastaasiya:1	anaastasiya:1	anastasia:1
अनिक	anik:3
अनिच्छा	anichcha:2	anicha:1
अनिच्छित	anichchhit:1	anichchit:1	anichit:1
अनिच्छुक	anichchhuk:1	anichhuk:1	anichukh:1
अनिता	anita:3
अनित्य	anitya:3
अनिद्रा	anidra:3
अनिमा	anima:3
अनियंत्रित	aniyantrit:3
अनियमित	aniyamit:3
अनियमितता	aniyamitata:2	aniyamitta:1
अनिरुद्ध	aniruddh:3
अनिर्णीत	anirnit:3
अनिल	anil:4
अनिवार्य	anivarya:7
अनिवार्यता	anivaryata:3
अनिवार्यताओं	anivaryataon:3
अनिश्चय	anishchay:3
अनिश्चित	anishchit:3
अनिश्चिता	anishchita:4
अनीता	anita:3
अनीति	aniti:3
अनीश	anish:3	aneesh:1
अनीश्वरवादी	anishwarwadi:2	anishwarvadi:1
अनु	anu:3
अनुकरण	anukaran:3
अनुकरणीय	anukarneeya:1	anukarniy:1	anukarniya:1
अनुकल्प	anukalp:3
अनुकूल	anukul:2	anukool:1
अनुकूलता	anukoltha:1	anukulata:1	anukulta:1
अनुकूलन	anukulan:3
अनुकूलित	anukulit:2	anukulin:1
अनुकृति	anukrit:1	anukriti:1	anukruti:1
अनुक्रम	anukram:3
अनुगमन	anugaman:3
अनुगामी	anugami:3
अनुग्रह	anugrah:3
अनुचित	anuchit:3
अनुच्छेद	anuchchhed:2	anuchhed:1
अनुच्छेदों	anuchchhedon:2	anuchhedon:1
अनुज	anuj:3
अनुज्ञप्ति	anugyapti:2	anudnyapti:1
अनुठा	anutha:3
अनुत्तरित	anuttarit:2	anuttrit:1
अनुत्पादक	anutpadak:3
अनुदान	anudan:3
अनुदानित	anudanit:3
अनुदानों	anudanon:3
अनुदारवादी	anudarvadi:2	anudarwadi:1
अनुदेश	anudesh:3
अनुदेशक	anudeshak:3
अनुदेशकों	anudeshakon:3
अनुदेशों	anudeshon:2	anudeshoon:1
अनुनय	anunay:2	anunya:1
अनुप	anup:3
अनुपम	anupam:3
अनुपयुक्त	anupayukt:1	anupyukta:1	anupyuktha:1
अनुपयोगी	anupayogi:2	anupyogee:1
अनुपलब्ध	anuplabdh:2	anupalabdh:1
अनुपस्थित	anupasthit:1	anupasthiti:1	anupsthitha:1
अनुपस्थिति	anupsthiti:2	anupasthiti:2
अनुपात	anupat:3
अनुपातहीन	anupatheen:1	anupathheen:1	anupathin:1
अनुपालन	anupalan:2	anupalna:1
अनुपूरक	anupurak:2	anupoorak:1
अनुप्रयोग	anuprayog:1	anuprayogi:1	anupryog:1
अनुप्रयोगों	anuprayogi:1	anuprayogon:1	anupryogon:1
अनुप्राणित	anupranit:2	anupraanit:1
अनुबंध	anubandh:2	anubandha:1
अनुबंधित	anubandhit:3
अनुबंधों	anubandhon:2	anibandhon:1
अनुभव	anubhav:3
अनुभवहीन	anubhavahin:1	anubhavheen:1	anubhavhin:1
अनुभवहीनता	anubhavahinataa:1	anubhavhinata:1	anubhavhinta:1
अनुभवी	anubhavi:2	anibhavi:1
अनुभवों	anubhavon:3
अनुभा	anubha:2	anubhaa:1
अनुभाग	anubhag:2	anubhaag:1
अनुभागों	anubhagon:2	anubhaagon:1
अनुभूत	anubhut:2	anubhoot:1
अनुभूति	anubhuti:2	anubhooti:1
अनुभूतियों	anubhutiyon:2	anubhootiyon:1
अनुमंडल	anumandal:3
अनुमत	anumat:3
अनुमति	anumati:3
अनुमतियों	anumatiyon:3
अनुमान	anuman:2	anumaan:1
अनुमानत	anumanat:4	anumaanat:1
अनुमानित	anumanit:2	anumaanit:1
अनुमानों	anumanon:2	anumaanon:1
अनुमोदन	anumodan:3
अनुमोदित	anumodit:3
अनुयायिओं	anuyayiyon:2	anuyaayion:1
अनुयायियों	anuyayiyon:2	anuyaayiyon:1
अनुयायी	anuyayi:2	anuyaayi:1
अनुराग	anurag:2	anuraag:1
अनुराधा	anuradha:3
अनुरीत	anureet:2	anurit:2
अनुरूप	anurup:2	anuroop:1
अनुरूपता	anuroopta:1	anurupataa:1	anurupta:1
अनुरोध	anurodh:3
अनुरोधों	anurodhon:3
अनुवांशिक	anuvanshik:2	anuwanshik:2	anuvaanshik:1
अनुवांशिकी	anuwanshiki:2	anivaanshiki:1
अनुवाद	anuvad:6	anuwad:2	anuvaad:1
अनुवादक	anuvaadak:1	anuvadak:1	anuwadak:1
अनुवादकों	anuvaadakon:1	anuvadakon:1	anuvadkon:1
अनुवादित	anuvadit:2	anuvaadit:1
अनुशंसा	anushansa:2	anushansaa:1
अनुशंसाओं	anushansaaon:1	anushansaon:1	anushnsaon:1
अनुशासन	anushasan:2	anushaasan:1
अनुशासित	anushasit:3
अनुशीलन	anushilan:3
अनुश्रवण	anushravan:3
अनुषंगी	anushangi:3
अनुष्का	anushka:3
अनुष्ठान	anushthan:6
अनुष्ठानों	anushthanon:3
अनुसंधान	anusandhan:3
अनुसंधानकर्ताओं	anusandhankartaon:2	anusandhankthoon:1
अनुसंधानों	anusandhanon:2	anusandhano:1
अनुसमर्थन	anusamarthan:1	anusamrthan:1	anusmarthan:1
अनुसर	anusar:3
अनुसरण	anusaran:2	anusarand:1
अनुसार	anusar:3
अनुसूचित	anusuchit:3
अनुसूचियों	anusuchiyon:2	anusushiyon:1
अनुसूची	anusuchi:3
अनुसूया	anusuya:3
अनूठा	anutha:4
अनूठी	anuthi:3
अनूठे	anuthe:3
अनूदित	anudit:3
अनूप	anup:2	anoop:1
अनूपगढ	anoopgarh:1	anupgadh:1	anupgarh:1
अनूपपुर	anuppur:2	anooppur:1
अनूपशहर	anupshahar:2	anoopshahar:1
अनेक	anek:5
अनेकानेक	anekanek:3
अनेकों	anekon:3
अनैतिक	anaitik:2	annaitik:1
अनोखा	anokha:6
अनोखी	anokhi:3
अनोखे	anokhe:2	anokhey:1
अनोखेपन	anokhepan:3
अनौपचारिक	anopcharik:2	anaupcharik:1
अन्न	ann:4
अन्नत	annat:2	annt:1
अन्ना	anna:3
अन्नामलाई	annamalaee:1	annamalai:1	annamlai:1
अन्नू	annu:3
अन्य	anya:4	anay:1
अन्यतम	anyatam:2	anytam:1
अन्यत्र	anyatra:2	anyatr:1
अन्यथा	anyatha:3
अन्यान्य	anyanya:2	anyaany:1
अन्याय	anyaay:1	anyay:1	anyaya:1
अन्यायपूर्ण	anyayapurn:1	anyaypoorn:1	anyaypuran:1
अन्यायी	anyayi:3
अन्यों	anyon:3
अन्वेषक	anveshak:3
अन्वेषण	anveshan:3
अप	up:3
अपंग	apang:3
अपंजीकृत	apanjikrit:2	apanjikrut:1
अपग्रेड	upgrade:3
अपचन	apchan:3
अपडेट	update:4
अपडेटेड	updated:3
अपतटीय	apatatiy:1	apattiy:1	apattiya:1
अपदस्थ	apdasth:3
अपना	apna:4	apana:1
अपनाई	apnai:2	apani:1	apnayi:1
अपनाकर	apnakar:3
अपनाता	apnata:3
अपनाती	apnati:3
अपनाते	apnate:3	apnaate:1
अपनाना	apnana:3
अपनानी	apnani:3
अपनाने	apnane:3
अपनाया	apnaya:3
अपनायी	apnayi:3	apnai:1
अपनी	apni:3
अपने	apne:10
अपनेआप	apneaap:2	apaneaap:1
अपनेे	apne:2	apney:1
अपभ्रंश	apabhransh:2	apbhransh:2	apbramsh:1
अपमान	apman:3	apmaan:1
अपमानजनक	apmanjanak:4	apmaanjanak:2
अपमानित	apmanit:4
अपमिश्रण	apmishran:2	apamishran:1
अपर	apar:2	uppar:1
अपरंपार	aparampaar:1	aparanpaar:1	apranpar:1
अपरदन	apardan:3
अपरा	apra:2	apara:1
अपराजित	aparajit:3
अपराजिता	aparajita:2	aparajit:1
अपराध	apradh:4	apraadh:2
अपराधबोध	apraadhbodh:4	aparadhbodh:2	apradhbodh:2
अपराधमुक्त	aparadhmukt:1	apraadhamukta:1	apraadhmukt:1	apradhamukta:1
अपराधिक	aparadhik:1	apraadhik:1	apradhik:1
अपराधियों	apradhiyon:2	apraadhiyon:1
अपराधी	aparadhi:3	apradhi:2	apraadhi:1
अपराधों	aparadhon:1	apraadhon:1	apradhon:1
अपरिग्रह	aparigrah:3
अपरिचित	aprichit:2	aparichit:3
अपरिपक्व	aparipakv:2	aparipakk:1
अपरिपक्वता	aparipakvata:2	aparipakkta:1
अपरिभाषित	aparibhashit:2	apribhashit:1
अपरिमित	aparimit:2	aparimiti:1
अपरिमेय	aparimey:1	aparimeye:1	aprimey:1
अपरिवर्तनशील	aparivartanshali:1	aparivartansheel:1	aparivartanshil:1
अपरिवर्तनीय	aparivartaniy:2	aparivartaneye:1
अपरिवर्तित	aparivartit:3
अपरिष्कृत	aparishkrit:1	aparishkrut:1	aprishkrat:1
अपरिहार्य	apariharya:1	aprihary:1	apriyary:1
अपरोक्ष	aproksh:3
अपर्णा	aprna:2	aparna:1
अपर्याप्त	apryapt:2	apyarapt:1
अपलोड	upload:3
अपवर्तित	apavartit:1	apvartit:1	apvtrit:1
अपवाद	apvad:3
अपवादों	apvadon:3
अपवाह	apvah:3
अपवित्र	aapavitr:1	apavitr:1	apvitr:1
अपव्यय	apvyay:3
अपशिष्ट	apshisht:3
अपसेट	upset:3
अपहरण	apaharan:2	apharan:2
अपहरणकर्ता	apaharankarta:1	apharankarta:1	apharankrta:1
अपाचे	apache:3
अपार	apar:3	apaar:1
अपारंपरिक	aparamparik:2	apaaramparik:1	aparamprik:1
अपारदर्शी	apardarshi:3	apaardarshi:1
अपार्टमेंट	apartment:3
अपार्टमेंट्स	apartments:3
अपितु	apitu:3
अपील	appeal:2	apil:1
अपीलकर्ता	apilkarta:2	appealkarta:1	appealkartaa:1
अपुष्ट	apusht:3
अपूर्ण	apoorna:1	apuran:1	apurn:1	apurna:1
अपूर्व	apurva:2	apurv:3	apoorv:1	apoorva:1
अपेक्षा	apeksha:3	apekshaa:1
अपेक्षाओं	apekshaon:3	apekshaaon:1
अपेक्षाकृत	apekshakrit:2	apekshakrta:1
अपेक्षित	apekshit:3
अपेन	apen:3
अपॉइंटमेंट	appointment:4	employment:1
अपोजिट	opposite:3
अपोलो	apollo:2	apolo:1
अप्टॉन	opton:1	uptawn:1	upton:1	uptone:1
अप्पम	appam:3
अप्पर	upper:3	appar:1
अप्पा	appa:3	appaa:1
अप्रकाशित	aprakashit:5
अप्रचलित	aprachalit:3
अप्रतिम	apratim:3
अप्रत्यक्ष	apratyaksh:3
अप्रत्याशित	apratyakshit:2	apratyashit:2	pratyashit:1
अप्रधान	apradhan:3
अप्रभावित	aprabhavit:2	prabhavit:1
अप्रभावी	aprabhavi:3
अप्रमाणिक	apramanik:3
अप्रमाणित	apramanit:3
अप्रवासियों	apravasiyon:2	aprawasiyon:1
अप्रवासी	apravasi:2	aprawasi:1
अप्रशिक्षित	aprashikshit:2	aprshikshit:1
अप्रसन्न	aprasann:2	aprasanna:1
अप्राकृतिक	aprakratik:1	aprakritik:1	aprakrtik:1
अप्राप्य	aprapya:3
अप्रामाणिक	apramanik:3
अप्रासंगिक	aprasangik:3
अप्रिय	apriya:2	apriy:1
अप्रूवर	approver:2	aproover:1
अप्रैल	april:6
अप्लायड	applied:2	apployed:1
अप्लीकेशन	application:3
अप्स	aps:3
अप्सरा	apsara:2	apsra:1
अप्सराओं	apsraon:2	apsarao:1
अफजाल	afjaal:1	afjal:1	afzal:1
अफताब	aftab:2	aftaab:1
अफरोज	afroj:2	afroz:1
अफलातून	aflatoon:2	aflatun:1
अफवाह	afwah:2	afvah:1
अफवाहों	afwahon:2	afvahon:1
अफसर	afsar:3
अफसरशाही	afsarshahi:3
अफसरों	afsaron:3
अफसोस	afsos:3
अफ़गानिस्तान	afghanistan:2	afganistan:1
अफ़गानी	afghani:2	afgami:1
अफ़गानों	afgaanon:1	afganon:1	afghanon:1
अफीम	afeem:2	afim:1
अफेयर	affair:2	afair:1
अफेयर्स	affairs:3
अफ्रिका	africa:3
अफ्रीकन	african:3
अफ्रीका	africa:6
अफ्रीकी	africi:2	afriki:3
अब	ab:2	aab:1
अबाउट	about:3
अबाधित	abadhit:2	abadhith:1
अबाबील	ababeel:2	ababil:1
अबु	abu:3
अबुल	abul:3
अबे	abe:3
अबोहर	abohar:3
अब्द	abd:3
अब्दाली	abdali:3
अब्दुर	abdur:3
अब्दुल	abdul:4
अब्दुला	abdula:3
अब्दुल्ला	abdullah:2	abdulla:3
अब्बास	abbas:3
अब्बासी	abbasi:3	abbaasi:1
अब्राहम	abraham:3	abraaham:1
अभद्रता	abhadrata:1	abhadrataa:1	abhdrata:1
अभय	abhay:3
अभयारण्य	abhayarany:2	abhayarnya:1
अभागे	abhage:3
अभाव	abhav:3
अभिकरण	abhikaran:3
अभिकर्ताओं	abhikartaon:3
अभिकल्पना	abhikalpana:2	abhikalpna:1
अभिक्रिया	abhikriya:3
अभिक्रियाओं	abhikriyaon:2	abhikriyaoun:1
अभिजात	abhijaat:1	abhijat:1	abhijath:1
अभिजात्य	abhijathya:1	abhijaty:1	abhijatya:1
अभिज्ञान	abhigyan:2	abhigyaan:1
अभिधा	abhidha:3
अभिनंदन	abhinandan:3
अभिनत्री	abhinatri:2	abhintri:1
अभिनय	abhinay:3
अभिनयों	abhinayon:2	abhinyon:1
अभिनव	abhinav:3
अभिनीत	abhinit:3
अभिनेता	abhineta:3
अभिनेताओं	abhinetaon:3
अभिनेत्रियों	abhinetriyon:3
अभिनेत्री	abhinetri:9
अभिनेय	abhiney:3
अभिन्न	abhinn:3
अभिप्राय	abhipray:3
अभिप्रेत	abhipret:3
अभिप्रेरित	abhiprerit:3
अभिभावक	abhibhavak:3
अभिभावकों	abhibhavakon:3
अभिभाषक	abhibhashak:3
अभिभाषण	abhibhashan:3
अभिभूत	abhibhut:2	abhibhoot:1
अभिमत	abhimat:3
अभिमन्यु	abhimanyu:3
अभिमान	abhiman:6	abhimaan:1
अभिमानी	abhimani:3
अभियंता	abhiyanta:2	abiyanta:1
अभियंत्रण	abhiyantran:3
अभियांत्रिकी	abhiyantriki:2	abhiyaantriki:1
अभियान	abhiyan:3
अभियानों	abhiyanon:3
अभियुक्त	abhiyukt:3
अभियुक्तों	abhiyukton:3
अभियोग	abhiyog:3
अभियोजक	abhiyojak:3
अभियोजन	abhiyojan:3
अभिरुचि	abhiruchi:3
अभिलाषा	abhilasha:3
अभिलेख	abhilekh:3
अभिलेखागार	abhilekhagar:3	abhilekhaagaar:1	abhilekhagaar:1
अभिलेखीय	aabhilekhiy:1	abhilekhiy:1	abhilekhiya:1
अभिलेखों	abhilekhon:3
अभिवादन	abhivadan:2	abhivaadan:1
अभिविन्यास	abhivinyas:3
अभिवृद्धि	abhivriddhi:1	abhivridhi:1	abhivruddhi:1
अभिवेदन	abhivedan:3
अभिव्यक्त	abhivyakt:3
अभिव्यक्ति	abhivyakti:3
अभिव्यक्तियाँ	abhivyaktiyan:3
अभिव्यक्तियों	abhivyaktiyon:3
अभिशप्त	abhishapt:3
अभिशाप	abhishap:3
अभिषेक	abhishek:4
अभिसरण	abhisaran:3
अभिसिंचित	abhisinchit:3
अभिहित	abhihit:3
अभी	abhi:4
अभीप्सा	abhipsa:3
अभीष्ट	abhisht:2	abhisth:1
अभुक्त	abhukt:3
अभूतपूर्व	abhutpurv:2	abhutpoorv:1
अभेद्य	abhedy:2	abhedhya:1
अभ्यंकर	abhyankar:3
अभ्यस्त	abhyast:1	abhyasta:1	abhyasth:1
अभ्यारण्य	abhyarany:2	abhyarnya:1
अभ्यावेदन	abhyavedan:3
अभ्यास	abhyas:3
अभ्यासों	abhyason:3
अभ्युदय	abhyudya:2	abhyuday:1
अमजद	amjad:3
अमझेरा	amjhera:2	amzera:1
अमन	aman:3
अमनौर	amnaur:2	amanaur:1
अमर	amar:6
अमरकंटक	amarkantak:3
अमरकांत	amarkant:2	amarkanth:1
अमरगढ़	amargarh:2	amargad:1
अमरचंद	amarchand:3
अमरदास	amardas:2	amardaas:1
अमरनाथ	amarnath:2	amarnaath:1
अमरपाल	amarpal:2	amarpaal:1
अमरपुरा	amarpura:2	amrpura:1
अमरापुरकर	amrapurkar:2	amarapurkar:1
अमरावती	amravati:2	amrawati:1
अमरीक	amreek:1	amric:1	amrik:1
अमरीकन	american:2	amrikan:1
अमरीकी	americi:1	ameriki:1	amriki:1
अमरीश	amrish:2	amreesh:1
अमरेंद्र	amrendra:2	amrendr:1
अमरेली	amreli:3
अमरोहा	amroha:3
अमरोही	amrohi:2	amarohi:1
अमल	amal:3
अमलापुरम	amalapuram:1	amlapur:1	amlapuram:1
अमांत	amaant:1	amant:1	amanth:1
अमाउंट	amount:2	amaunt:1
अमात्य	amatya:2	amaatye:1
अमान	aman:2	amaan:1
अमानत	amanat:2	amaanat:1	amanth:1
अमानती	amanati:2	amaanati:1	amanathi:1
अमानवीय	amanviya:2	amaanviya:1	amanviy:1
अमानवीयता	amaanviyata:1	amanviyata:1	amanviyta:1	amanviytha:1
अमानुल्ला	amanullah:2	amaanullah:1	amanulla:1
अमानुषिक	amanushik:3
अमान्य	amanya:2	amany:1
अमावस्या	amavasya:5	amavsya:1
अमिट	amit:3
अमित	amit:3
अमिताभ	amitaabh:2	amitabh:4
अमिताव	amitav:2	amitao:1
अमिला	amila:3
अमीन	amin:2	ameen:1
अमीनो	amino:2	ameeno:1
अमीबा	ameoba:1	amiba:1	amoeba:1
अमीर	amir:3
अमीरात	amirat:2	amiraat:1
अमीरी	amiri:3
अमीरों	amiron:3
अमीषा	amisha:3
अमुक	amuk:3
अमूमन	amuman:3
अमूर	amur:3
अमूल	amul:3
अमूल्य	amulya:2	amuly:1
अमृत	amrit:4	amrut:2	amrat:1	amruth:1
अमृतपान	amritpan:1	amruthpan:1	amrutpan:1
अमृतलाल	amritlal:2	amrutlal:1
अमृतवाणी	amritwani:2	amritvani:1
अमृतसर	amritsar:7
अमृता	amrita:5	amruta:1
अमेठी	amethi:3
अमेरिकन	american:3
अमेरिका	america:6
अमेरिकियों	amerikiyon:3
अमेरिकी	americi:6	ameriki:3
अमोघ	amogh:3
अमोद	amod:2	amodh:1
अमोनियम	ammonium:2	ammounium:1
अमोनिया	ammonia:2	ammoniya:1	amoniyaa:1
अमोल	amol:2	aamol:1	ammol:1
अमौरा	amaora:1	amaura:1	amora:1	amoura:1
अम्बानी	ambani:3
अम्मा	amma:3	ammaa:2
अम्मान	amman:2	amaan:1	ammaan:1
अम्माल	ammaal:3	ammal:1
अम्मू	ammu:3	ammoo:1	anmum:1
अम्ल	amal:2	aml:2	amla:1
अम्लीय	amliy:2	amleey:1
अम्लीयता	amleeytaa:1	amliyata:1	amliyataa:1	amliyta:1
अम्लों	amlon:3	amlo:1
अयन	ayan:3	ayn:1
अयनांश	ayanaansh:1	ayanash:1	ayansh:1
अयस्क	ayask:2	aysak:1	aysk:1
अयाज	ayaaj:1	ayaaz:1	ayaj:1	ayaz:1
अयाज़	ayaaz:2	ayaaj:1	ayaz:1
अयान	ayaan:3	ayan:1
अयूब	ayub:2	aayube:1	ayube:1
अयोग	ayog:2	ayogh:1
अयोग्य	ayoghae:1	ayoghaye:1	ayogy:1	ayogya:1
अयोग्यता	ayoghaeta:1	ayoghayeta:1	ayogyataa:1	ayogyta:1
अयोजित	ayojit:3	aayojit:1	ayojet:1
अयोध्या	ayodhya:3	ayodhyaa:1
अयोध्यानाथ	ayodhyanath:3	ayodhyaanaath:1	ayodhyanaath:1	ayodhyeanath:1
अयोनिज	ayonij:3	ayonej:1
अय्यदुरई	ayyadurai:2	ayyadhurai:1	ayyadhurei:1
अय्यप्पा	ayyappa:3	ayeappa:1
अय्यर	ayyar:2	ayyer:1	ayyr:1
अय्याश	ayyash:3	ayyaash:1
अय्याशी	ayyashi:2	ayyaashi:1	ayyashee:1
अरंडी	arandi:3	arendi:1	arndi:1
अरदास	ardas:3	aradas:1	ardaas:1
अरनब	arnab:3	arnav:1
अरब	arab:3	araba:1
अरबपति	arabpati:3	arabapati:2
अरबाब	arbab:3	arabab:1
अरबी	arbi:9	arabi:3
अरबों	arabon:3	arabaon:1	arbon:1
अरमान	aramaan:2	araman:1	arman:1
अरमानी	armani:2	aramani:1	armaani:1
अरवा	arva:2	arvaa:1
अरविंद	arvind:3	aravind:1
अरशद	arshad:2	arshd:1
अरसे	arse:2	arase:1
अरस्तू	arastu:1	aristu:1	arstu:1
अरहर	arhar:2	arahar:1
अराउंड	around:3
अराजकता	arajakta:2	araajakataa:1	arajakata:1
अराजकतावादी	araajaktawadi:1	arajaktavadi:1	arajkataavadi:1
अराफात	arafat:3
अरामको	araamako:1	aramco:1	aramko:1
अरावली	aravali:2	aravalli:1	aravli:1
अरासु	arasu:3	araasu:1
अरिंजय	arinjay:2	arenjay:1	arinjaya:1
अरिजीत	arijeet:2	arijit:2
अरिष्ट	arisht:2	arishta:1	arist:1
अरिहंत	arihant:3	arehant:1
अरुचि	aruchi:3
अरुचिकर	aruchikar:3
अरुण	arun:3
अरुणा	aruna:3
अरुणाचल	arunachal:3
अरूण	arun:3
अरूणाचल	arunachal:3
अरे	arey:2	are:1
अरेबिक	arabic:2	arebik:1
अरेरा	arera:3	areraa:1
अरेराज	areraj:2	areraaj:1	areraaz:1
अरोड़ा	arora:2	aroda:1
अर्क	ark:3
अर्काडिया	arcadia:1	archadiya:1	arkaadia:1
अर्चना	archana:5	archanaa:2	archna:1
अर्जित	arjit:2	arijit:1
अर्जुन	arjun:6
अर्जेंट	urgent:2	arjent:1
अर्जेंटीना	argentina:3
अर्थ	arth:5	artha:1	earth:1
अर्थकरी	arthkari:3	arthkaree:1
अर्थक्वेक	earthquake:3
अर्थतंत्र	arthatantra:1	arthtantr:1	arthtantra:1
अर्थदंड	arthdand:3
अर्थनीति	arthaniti:1	arthneeti:1	arthniti:1
अर्थपूर्ण	arthapurna:1	arthpoorn:1	arthpurn:1
अर्थव्यवस्था	arthvyavastha:6	arthavyavastha:1	arthvyavstha:1	arthvyvastha:1
अर्थव्यवस्थाएं	arthavyavasthaen:1	arthvyavasthayen:1	arthvyvasthayen:1
अर्थव्यवस्थाओं	arthavyavasthaon:1	arthvyavasthaon:1	arthvyvashthaon:1
अर्थशास्त्र	arthashastra:5	arthshastra:2	arthshastr:1
अर्थशास्त्रियों	arthashastriyon:2	arthshastriyon:1
अर्थशास्त्री	arthashastri:2	arthshastri:1
अर्थहीन	arthahin:1	arthheen:1	arthhin:1
अर्थात	arthat:5	arthaat:1	arthart:1
अर्थात्	arthat:2	arthart:1
अर्थिंग	arthing:2	earthing:1
अर्थी	arthi:3
अर्थों	arthon:3
अर्द्ध	arddh:2	arddha:1
अर्द्धसरकारी	arddhasarakaaree:1	arddhasarakari:1	arddhsarkari:1
अर्द्धसैनिक	arddhsainik:3	arddhasainik:1	ardhsainik:1
अर्ध	ardh:3	arddh:2	ardha:1
अर्धचंद्र	ardhachandra:1	ardhchandr:1	ardhchandra:1
अर्धवार्षिक	ardhvaarshik:2	ardhavarshik:1
अर्न	earn:3	urn:1
अर्नेस्ट	earnest:2	ernest:1
अर्नोल्ड	arnold:3
अर्पण	arpan:3
अर्पित	arpit:3
अर्यमा	arymaa:2	aryama:1	aryma:1
अर्ली	early:3
अर्शी	arshi:3
अर्से	arse:3
अर्ह	arh:2	arha:1
अर्हता	arhata:2	arhta:1
अलंकरण	alankaran:1	alankarana:1	alankarna:1	alnkarn:1
अलंकरणों	alankaranon:2	alankarnon:1	alnkaranon:1
अलंकार	alankar:2	alankaar:1	alnkaar:1
अलंकारों	alankaaron:1	alankaron:1	alnkaaron:1	alnkaron:1
अलंकृत	alankrit:2	alankrt:1	alnkrut:1
अलकतरा	alakataraa:1	alaktara:1	alkatara:1
अलकनंदा	alaknanda:3
अलका	alka:3
अलकायदा	alqaeda:4	alkayada:1
अलक्षित	alakshit:2	alakshita:1	alaksita:1
अलख	alakh:3
अलग	alag:3	alg:1
अलगाव	alagav:1	algaav:1	algav:1
अलगाववाद	alagaavavaada:1	alagavavaad:1	alagavavada:1	algavwaad:1
अलगाववादी	alagavavadi:1	algavvadi:1	algavwaadi:1
अलगू	algu:3
अलजेब्रा	algebra:2	aljebra:1
अलफ्रेड	alfred:3
अलबत्ता	albatta:2	alabtta:1
अलबर्ट	albert:2	albart:1
अलबामा	albama:3
अलबेला	albela:2	alabela:1
अलबेली	albeli:2	alabeli:1
अलमारियों	almariyon:3
अलमारी	almari:3
अलर्ट्स	alerts:3
अलवर	alvar:2	alavar:1	alwar:1
अलविदा	alvida:3	alveeda:1
अलसी	alsee:2	alsi:2
अलस्टेयर	alstair:1	alstayer:1	alsteyar:1
अलाइड	alaind:1	alide:1	allied:1
अलाइव	alive:3
अलाउद्दीन	alauddin:2	allaudin:1
अलादीन	aladin:3
अलायंस	alance:1	alayans:1	aliance:1
अलार्म	alarm:3
अलावा	alava:3	alawa:1
अलास्का	alaska:3
अलिंद	alind:3
अली	ali:5	alai:1	alii:1
अलीगंज	aliganj:3
अलीगढ़	aligarh:2	aligadh:1
अलीपुर	alipur:2	alinagar:1
अलीपुरद्वार	alipurdawar:2	alipurdvar:2	alipurdwar:1
अलीबाग	alibaag:1	alibag:1	alibaug:1
अलीबाबा	alibaba:3
अलीम	alim:3
अलीशा	alisha:3
अलेक्जेंडर	alexander:2	alexandar:1
अलेक्स	alex:2	alexx:1
अलोंसो	alonso:2	aloso:1
अलोकप्रियता	alokapriyata:2	alokpriyata:1
अलौकिक	alaukik:2	aluakik:1
अल्कोहल	alcohol:3
अल्कोहलिक	alcoholic:3
अल्जाइमर	aljaaimar:1	aljaimar:1	alzheimer:1
अल्जीरिया	algeria:2	aljiriya:1
अल्टर	alter:3
अल्टीमेट	ultimate:2	altimate:1
अल्टीमेटम	altimatum:1	ultimatam:1	ultimatum:1
अल्टो	alto:3
अल्ट्रा	ultra:3
अल्ट्रावायलेट	ultraviolet:3
अल्ट्रासाउंड	ultrasound:3
अल्पकालिक	alpakalik:2	alpkalik:1
अल्पकालीन	alpakalin:2	alpkalin:1
अल्पना	alpana:3
अल्पसंख्यक	alpsankhyak:3
अल्पसंख्यकवाद	alpsankhyakvaad:1	alpsankhyakvad:1	alpsankhyakwaad:1	alpsankyakvaad:1
अल्पसंख्यकों	alpasankhyakon:1	alpasankhyko:1	alpsankhyako:1
अल्पाइन	alpine:3
अल्पायु	alpayu:3
अल्पावधि	alpavadhi:1	alpavdhi:1	alpawadhi:1
अल्पाहार	alpahar:2	alpahaar:1
अल्फ़ाबेट	alphabet:3
अल्फ़्रेड	alfred:2	alfriend:1
अल्फा	alpha:2	alfa:1
अल्फ्रेड	alfrad:1	alfred:1	alfriend:1
अल्बम	album:2	albam:1
अल्बर्ट	albert:3
अल्बा	alba:3
अल्बानिया	albania:2	albiniya:1
अल्बूकर्क	albuquerque:2	albukark:1
अल्बेनिया	albania:2	albeniya:1
अल्मोड़ा	almoda:2	almora:2
अल्युमीनियम	aluminium:3
अल्लामा	allama:3
अल्लाह	allah:3
अल्लु	allu:3
अल्सर	ulcer:2	alsar:1
अल्हड़	alhad:3	alhar:1
अवंतिपुर	avantipur:2	awantipora:1
अवकाश	avkash:2	avakash:1	avkaash:1
अवगत	avgat:2	avagat:1
अवचेतन	avchetan:2	avachetan:1
अवज्ञा	avagya:2	avg:1
अवतरण	avtaran:2	avataran:1
अवतरित	avtarit:2	avatarit:1
अवतार	avtaar:2	avataar:1	avatar:1	avtar:1
अवतारों	avtaron:2	avataron:1
अवदान	avadan:1	avdaan:1	avdan:1
अवध	avadh:3
अवधारणा	avdharna:2	avadharna:1	avdharnaa:1
अवधारणाएं	avadharnaye:1	avdharnaein:1	avdharnaen:1
अवधारणाओं	avdharnaon:2	avdharnao:1	awadhaarnao:1
अवधि	avadhi:2	avdhi:1
अवधियां	avadhiyan:1	avdhiya:1	avdhiyan:1
अवधियों	avadhiyon:2	avdhiyon:1
अवधूत	avadhut:1	avdhoot:1	avdhut:1
अवधेश	avdhesh:3
अवन	avan:3
अवनत	avnat:2	avanat:1
अवनी	avni:2	avani:1
अवमानना	avamanna:1	avmanana:1	avmanna:1
अवमूल्यन	avmulyan:2	avamulyan:1
अवयव	avyav:2	avayav:1
अवयवों	avyavon:3
अवयस्क	avyasak:2	avayask:1
अवर	avar:3	avara:1
अवरक्त	avarakt:2	avarakta:1	avrakt:1
अवरु	avaru:1	avru:1	awaru:1
अवरुद्ध	avruddh:2	awaruddha:1
अवरूद्ध	avruddh:2	awaruddha:1
अवरोध	avarodh:2	avrodh:2
अवरोधक	avarodhak:2	avrodhak:1	avrodhk:1
अवरोधों	avrodhon:3
अवरोही	avrohi:2	avarohi:1
अवर्ण	avarn:2	avaran:1	avran:1
अवर्णता	avarnata:2	avarnataa:1	avranta:1
अवर्णनीय	avarnaneeya:1	avarnaniy:1	avarnaniya:1	avranyaan:1
अवलोकन	avalokan:1	avlokan:1	awalokan:1
अवशिष्ट	avshisht:2	avashist:1	awashist:1
अवशेष	avashesh:2	avshesh:2	awashesh:1
अवशेषों	avsheshon:2	avashesho:1	awashesho:1
अवशोषण	avshoshan:2	awashoshan:1
अवशोषित	avshoshit:3
अवश्य	avashya:4	avashy:1	avasy:1	awasya:1
अवश्यंभावी	avashyanbhaavee:1	avashyanbhave:1	avashyanbhavi:1	avasyambhavi:1
अवश्यकता	avashyakta:2	aawaskyakta:1	avshykata:1
अवश्यमेव	avashyamev:2	avshymev:1
अवसंरचना	avasanrchana:1	avasanrchanaa:1	avsanrachna:1	avsanrchana:1
अवसर	avasar:6	avsar:3
अवसरवादिता	avasaravaadita:1	avasaravaaditaa:1	avasaravadita:1	avsarvadita:1
अवसरवादी	avasaravaadee:1	avasaravadi:1	avasarvadi:1	avsarvadi:1
अवसरों	avsaron:2	avasaron:1	avasron:1
अवसादों	avsadon:2	avocadon:1
अवस्था	avastha:5	avasthaa:1	avstha:1
अवस्थाएं	avasthaayen:1	avsthaen:1	avsthayen:1	awasthaen:1
अवस्थाओं	avasthaon:1	avsthaon:1	awasthaon:1
अवस्थी	avasthi:2	awasthi:2	avsthi:1
अवहेलना	avhelna:2	avahelana:1	avahelanaa:1	avahelna:1
अवांछनीय	avaanchhaneeya:1	avanchaniy:1	avanchaniya:1	awanchhniya:1
अवांछित	avanchhit:1	avanchit:1	awanchhit:1
अवाद	avaad:1	avad:1	awad:1
अवार्ड	award:3
अवार्ड्स	awards:3
अवास्तविक	avaastvik:1	avastweak:1	awastvik:1
अवि	avi:3
अविकल	avikal:3
अविका	avika:3
अविनाश	avinash:3
अविनाशी	avinashi:3
अविभाजित	avibhajit:3
अविभाज्य	avibhajya:2	avibhajy:1
अविरल	aviral:2	avirl:1
अविराम	aviram:3
अविलंब	avilamb:2	avilanab:1	avilnb:1
अविवादित	avivadit:2	avivaadita:1	avivadita:1
अविवाहित	avivahit:3
अविवेकपूर्ण	avivekpuran:1	avivekpurn:1	avivekpurna:1
अविश्वसनीय	avishvaasniy:1	avishvasniy:1	avishvasniya:1	avisvasniya:1
अविश्वास	avishvas:3	avishvaas:1
अविष्कार	avishkar:3	avishkaar:1
अविष्कारक	avishkarak:3	avishkaarak:1
अवीव	aviv:3
अवीवा	aviva:3
अवे	ave:2	away:1
अवेंजर	avenger:3
अवेंजर्स	avengers:3
अवेयरनेस	awareness:2	awernes:1
अवेहलना	avehalana:1	avehalanaa:1	avehalna:1
अवैज्ञानिक	avaigyanic:1	avaigyanik:1	avegyanik:1
अवैतनिक	avaintik:1	avetnik:1	awaitnik:1
अवैद्यनाथ	avaidyanath:2	avaidhyanath:1
अवैध	avaidh:2	aviadh:1	awaidh:1
अवैधता	avaidhta:1	aviadhta:1	awaidhta:1
अवैधानिक	avaidhanik:2	avaidhaanik:1
अवॉर्ड	award:3
अव्यक्त	avyakt:3
अव्यवस्था	avayavastha:1	avyavastha:1	avyvastha:1
अव्यवस्थाओं	avyavasthaon:2	avyayvasthaon:1
अव्यवस्थित	avyavasthit:3
अव्यावहारिक	avyavahaarik:2	avyavaharik:1	avyavharik:1
अव्वल	avval:3
अशक्त	ashakt:2	ashkt:1
अशक्तता	ashaktataa:2	ashktta:1
अशद	ashad:2	assad:1
अशफाक	ashfaq:3
अशर	ashar:3
अशरफ	ashraf:2	asharf:1
अशरफ़	asharf:2	ashraf:1
अशरफी	ashrafi:2	asharaphi:1
अशरीरी	ashriri:2	ashariri:1
अशांत	ashant:3
अशांति	ashanti:3
अशासकीय	ashasakiy:2	ashaskiye:1
अशिष्ट	ashisht:3
अशिष्टता	ashishtta:2	ashishta:1
अशुद्ध	ashudd:2	ashiddh:1	ashudh:1
अशुद्धता	ashuddhata:1	ashuddta:1	ashudhta:1
अशुद्धि	ashuddhi:2	ashudhi:1
अशुद्धियों	ashuddiyon:2	ashudhiyon:1
अशुभ	ashubh:3
अशेक	ashek:3
अशोक	ashok:7
अशोका	ashoka:3
अश्रु	ashru:3
अश्रुओं	ashruon:3
अश्लील	ashleel:4	ashlil:4
अश्लीलता	ashlilta:2	ashleelta:1
अश्व	ashv:2	ashrav:1
अश्वगंधा	ashravgandha:1	ashvagandha:1	ashvgandha:1
अश्वत्थ	ashvtth:2	ashrvatath:1
अश्वत्थामा	ashvatthama:1	ashvtthama:1	ashwatthama:1
अश्वनी	ashvani:1	ashvni:1	ashwani:1
अश्वमेध	ashvamegh:1	ashvmegh:1	ashwamegh:1
अश्विन	ashvin:2	ashwin:2
अश्वेत	ashvet:2	ashwet:1
अश्वेतों	ashveton:2	ashweton:1
अष्ट	asht:3
अष्टम	ashtam:2	ashtm:1
अष्टमी	ashtmi:2	ashtami:1
अष्टांग	ashtang:3	ashtaang:1
अष्टावक्र	ashtavakra:1	ashtavark:1	ashtavkra:1
अस	as:3
असंख्य	asankhy:2	asankhya:1
असंगठित	asangathit:2	asangthit:1
असंगत	asangat:3
असंगति	asangati:2	asangti:1
असंतुलन	asantulan:3
असंतुलित	asantulit:3
असंतुष्ट	asantusht:3	asantushth:1
असंतुष्टों	asantushton:3
असंतृप्त	asantript:2	asantrupt:1
असंतोष	asantosh:3
असंतोषजनक	asantoshjanak:3
असंदिग्ध	asandigdh:3
असंबंधित	asambandhit:1	asambhndhit:1	asanbandhit:1
असंबद्ध	asabddh:1	asambadh:1	asanbandh:1
असंभव	asambhav:1	asanbhav:1	ashambhav:1	ashambhaw:1
असके	aske:3
असक्रिय	askriy:1	askriya:1	asrkiya:1
असत्य	asatya:2	asaty:1
असत्यापित	asatyapit:2	asatayapit:1
असद	asad:3
असदुल्ला	asdulla:2	asadullah:1
असफलता	asafalta:2	asafalata:1
असभ्य	asabhy:1	asabhya:1	asbhay:1
असभ्यता	asabhyata:1	asabhyta:1	asbhyeta:1
असम	assam:2	asam:1
असमंजस	asamanjas:2	asamanajas:1
असमय	asamay:3
असमर्थ	asamarth:2	asamrth:1
असमर्थता	asamarthata:1	asamarthataa:1	asamarthta:1	asmarthta:1
असमा	asama:3
असमान	asamaan:1	asaman:1	asman:1
असमानता	asamaanta:1	asamaantaa:1	asamanta:1	asmanta:1
असमानताएं	asamaantaayen:1	asamaantayen:1	asamantae:1	asmantayen:1
असमान्य	asamany:2	asamaany:1	asmanye:1
असमी	asami:2	assame:1
असर	asar:3
असरगंज	asarganj:2	asargang:1
असरदार	asaradaar:1	asaradar:1	asardaar:1	asardar:1
असरानी	asrani:2	asaraani:1
असरार	asraar:2	asaraar:1	asrar:1
असल	asal:3
असलम	aslam:2	asalam:1
असलियत	asaliyat:2	asliyat:1
असली	asali:3	asli:1
असहज	asahaj:3
असहनशीलता	asahanshilta:2	asahanashilata:1
असहनीय	asahaneey:1	asahaniy:1	asahniy:1	asahniya:1
असहमत	asahamat:1	asahmat:1	ashamat:1
असहमति	asahamati:2	asahmati:1
असहयोग	asahayog:2	asahyog:1
असहाय	asahay:2	asahaay:1	asahaaye:1	asahaye:1
असहायता	asahayta:2	asahaayataa:1	asahayata:1
असहायों	asahayon:3
असहिष्णुता	asahishnuta:3
असाइनमेंट	assignment:3
असाधारण	asadharan:2	asaadhaarn:1	asadhaarn:1
असाध्य	asaadhy:1	asadhy:1	asadhya:1
असामंजस्य	asamanjasy:2	asaamnjsy:1	asamanjasya:1
असामयिक	asaamayik:1	asamayik:1	asamyik:1
असामाजिक	asaamaajik:2	asamajik:2
असामान्य	asaamaany:1	asaamaanya:1	asamany:1	asamanya:1
असामान्यता	asamanyata:2	asamanyta:1
असाही	asahi:2	asaahi:1
असित	asit:3
असिस्टेंट	assistant:2	asistent:1
असीम	aseem:2	asim:1
असीमानंद	aseemanand:2	asimanand:1
असीमित	asimit:2	aseemit:1
असीर	asir:2	aseer:1
असुर	asur:3
असुरक्षा	asuraksha:2	asurksha:1
असुरक्षित	asurakshit:2	asurkshit:1
असुरों	asuron:3
असुविधा	asuvidha:2	asuvidhaa:2	asuveedha:1	asuveedhaa:1
असुविधाओं	asuvidhaaon:2	asuvidhaon:2
असुविधाजनक	asuvidhajanak:2	asuvidhaajanak:1	asuvidhajank:1
असेंबली	assembly:2	assembley:1
असेट	asset:2	aset:1
असेसमेंट	assessment:2	assesment:1
असैनिक	asainik:3
असैन्य	asainya:2	asainy:1
असोसिएशन	association:3
अस्त	ast:3
अस्तव्यस्त	astvyast:3
अस्तव्यस्तता	astvyastata:3
अस्ति	asti:3
अस्तित्व	astitva:2	astitv:1
अस्तित्ववाद	astitvavaad:1	astitvvad:1	astitvwaad:1
अस्त्र	astra:3	astr:2	ast:1
अस्त्रशस्त्रों	astrashastron:2	astshastron:1
अस्त्रों	astron:3
अस्थाई	asthai:2	asthae:1
अस्थायी	asthayi:2	asthaai:1
अस्थि	asthi:3
अस्थिर	asthir:3
अस्थिरता	asthirata:2	asthirataa:1	asthirta:1
अस्पताल	aspataal:3
अस्पतालों	aspataalon:2	aspatalon:1
अस्पष्ट	aspasht:2	aspashta:1
अस्पष्टता	aspashtata:2	aspashtta:1
अस्पृश्य	aspashya:1	asprashya:1	asprishya:1
अस्पृश्यता	asparshyataa:1	asprashyata:1	asprishyta:1
अस्पृश्यों	asparshyon:1	asprashyon:1	asprishyon:1
अस्मिता	asmita:3
अस्वच्छ	aswach:1	aswachcha:1	aswachh:1
अस्वच्छता	aswachhta:2	asvacchta:1
अस्वभाविक	asvabhavik:1	aswabhavik:1	aswbhavik:1
अस्वस्थ	aswasth:3
अस्वाभाविक	aswabhavik:2	asvabhavik:1
अस्वीकार	aswikar:2	aswikaar:1
अस्वीकार्य	aswikaarya:1	aswikary:1	aswikarya:1
अस्वीकृत	asvikrit:1	aswikrat:1	aswikrit:1
अस्वीकृति	asvikriti:1	aswikrati:1	aswikriti:1
अहंकार	ahankaar:2	ahankar:1
अहम	aham:3
अहमद	ahmad:2	ahemad:1	ahmed:1
अहमदनगर	ahmednagar:2	ahmadnagar:1
अहमदपुर	ahmedpur:2	ahmadpur:1
अहमदशाह	ahmedshah:2	ahmadshah:1
अहमदाबाद	ahmedabad:2	ahmadabad:1	amhmedabad:1
अहमियत	ahmiyat:2	ahamiyat:1
अहसान	ahsaan:2	ahsan:1
अहसास	ahsaas:2	ahsas:1
अहाते	ahate:2	ahaate:2
अहान	ahaan:2	ahan:1
अहिंसक	ahinsak:3
अहिंसा	ahinsa:2	ahimsa:1	ahinsaa:1
अहितकर	ahitkar:3
अहिरावण	ahiravan:3
अहिरौली	ahirauli:3
अहिल्या	ahilya:3
अहिल्याबाई	ahilyabai:2	ahilyabae:1
अहीरवाल	ahirwal:3
अहोई	ahoi:2	ahoie:1
अादि	aadi:3
अॉनलाइन	online:3
अौर	aur:3
आँखे	aankhe:2	aankhen:1
आँखें	aankhen:3
आँखों	ankhon:2	aankhon:2	aankhen:1
आंक	aank:3
आंकड़ा	aankaraa:1	aankda:1	ankada:1	ankara:1
आंकड़े	aankde:2	aankade:2	ankade:1
आंकड़ों	aakadon:1	aankadon:1	ankdon:1
आंकने	aankne:2	aankane:1
आंका	aanka:2	aankaa:1
आंकिक	aankik:3
आंकी	aanki:3
आंख	aankh:6	ankh:1
आंखें	aankhen:3
आंगन	angan:2	aangan:1
आंगनबाड़ी	anganbadi:2	aanganbadi:1
आंगनवाड़ी	aanganvadi:1	anganbadi:1	anganwaadi:1	anganwadi:1
आंगलोंग	anglong:2	aonglong:1
आंग्रे	angre:2	aangre:1
आंचलिक	aanchalik:1	aanchlik:1	anachalik:1
आंतरिक	aantrik:2	aantarik:2
आंतों	aanton:3
आंदोलनों	aandolanon:2	andolanon:1
आंदोलित	aandolit:2	andolit:1
आंद्रे	aandre:2	andre:1
आंधियों	aandhiyon:2	andhiyon:1
आंधी	aandhi:5	andhi:1
आंध्रप्रदेश	andhrapradesh:3
आंनद	anand:2	aanand:1
आंबेडकर	aambedkar:1	ambedkar:1	amedkar:1
आंवला	aanvala:1	aanwala:1	anvala:1	anwala:1
आंशिक	anshik:3	aanshik:2	anashik:1
आंसर	answer:2	aansar:1
आंसुओं	aansuon:2	aansuo:1
आंसू	aansu:3
आंसूओं	aansuon:2	aansuo:1
आइंस्टीन	einstein:3
आइए	aaiae:2	aaiye:1
आइएसएल	isl:3
आइकन	icon:3
आइकिया	ikiya:2	ikea:1
आइगर	aaigar:1	iegar:1	igar:1
आइजनहावर	eisenhower:1	ijanhower:1	ijanjavar:1
आइजॉल	aizawl:2	ijol:1
आइटम	item:3
आइटमों	itemon:3
आइटम्स	items:3
आइट्यून्स	itunes:3
आइडल	idle:2	idol:1
आइडल्स	idols:2	idles:1
आइडिया	idea:6
आइना	aaina:3
आइने	aaine:3
आइरिस	aaeris:1	eyeris:1	iris:1
आइलैंड	island:2	iland:1
आइल्स	ails:2	ils:1
आइवरी	ivari:1	ivory:1	ivre:1
आइवी	iv:3
आइस	ice:3
आइसक्रीम	icecream:3
आइसलैंड	iceland:3
आइसिंग	icing:3
आइसीसी	icc:3
आइसो	iso:3
आइसोलेटेड	isolated:2	isoleeted:1
आइस्क्रीम	icecream:3
आई	aai:2	eye:1
आईं	aai:1	aain:1	eye:1
आईआईएम	iim:3
आईआईटी	iit:3
आईआरए	ira:3
आईआरएस	irs:3
आईआरबी	irb:3
आईईईई	ieee:3
आईईएस	ies:3
आईईसी	iec:3
आईएएनएस	ians:3	ianas:1
आईएएफ	iaf:3
आईएएस	ias:3
आईएनएस	ins:3
आईएनजी	ing:3
आईएमए	ima:3
आईएमटी	imt:3
आईएमडी	imd:3
आईएसआईएस	isis:3
आईएसएस	iss:3
आईएसओ	iso:3
आईएसबीएन	isbn:3
आईओसी	ioc:3
आईक्यू	iq:3
आईज	eyes:2	ice:1
आईटी	it:3
आईटीएफ	itf:3
आईटीवी	itv:3
आईटीसी	itc:3
आईडल	idol:2	idle:1
आईडी	id:6
आईडीएफसी	idfc:3
आईडीसी	idc:3
आईना	aaina:2	aaena:1
आईपी	ip:3
आईपीएल	ipl:4
आईपीएस	ips:3
आईपीओ	ipo:3
आईपीसी	ipc:3
आईपैड	ipad:6
आईफा	iifa:2	iffa:1
आईबीए	iba:3
आईबीएम	ibm:3
आईबीपी	ibp:3
आईमैक्स	imax:3
आईरिस	iris:3
आईलेंड	iland:2	eyelend:1	island:1
आईलैंड	island:2	iland:1
आईवी	iv:3
आईसी	ic:3
आईसीआईसीआई	icici:3
आईसीएल	icl:3
आईसीटी	ict:3
आईसीडीएस	icds:3
आईसीपी	icp:3
आईसीसी	icc:3
आउंस	ounce:3
आउट	out:3
आउटडोर	outdoor:3
आउटपुट	output:3
आउटपोस्ट	outpost:3
आउटफिट	outfit:3
आउटरीच	outreach:3
आउटलुक	outlook:3
आउटलेट	outlet:3
आउटसोर्सिंग	outsourcing:2	outsorcing:1
आऊ	aau:2	aauu:1	ou:1
आऊंगा	aaunga:2	aaungaa:1
आऊट	out:3
आए	aaye:10	aae:2
आएंगे	aaenge:2	aayenge:1
आएगा	aaega:1	aayegaa:1	aega:1
आएगी	aaegi:1	aayegi:1	aegi:1
आओ	aao:5	aaoo:1
आक	aak:2	ach:1
आकर	aakar:2	akar:1
आकर्षक	akarshak:2	aakarshak:1
आकर्षण	aakarshan:5	aakrshan:1	akarshan:1
आकर्षणों	aakarshanon:1	aakarshnon:1	akarshanon:1
आकर्षित	akarshit:2	aakarshit:3
आकलन	aakalan:2	aaklan:1	akalan:1
आकस्मिक	aakasmik:3
आकांक्षा	aakankshaa:1	aakansha:1	akanksha:1
आकांक्षाएं	aakaankshaayein:1	aakanshaein:1	aakanshayen:1
आकांक्षाओं	aakaankshaaon:1	aakanshaon:1	aankanshaon:1
आकांक्षी	aakanshi:2	aakaankshi:1
आकार	aakar:2	aakaar:1
आकारों	aakaron:2	aakaaron:1
आकाश	aakash:2	aakaash:1
आकाशगंगा	aakashganga:2	aakaashgangaa:1
आकाशगंगाओं	aakaashgangaaon:1	aakashgangaon:1	akashgangaon:1
आकाशवाणी	aakaashvaani:1	aakashvani:1	akashvani:1
आकाशीय	aakaasheeya:1	aakashiy:1	aakashiya:1
आकृति	aakriti:1	aakruti:1	akriti:1
आकृतियां	aakritiyan:1	aakrutiyaan:1	akritiyan:1
आकृतियों	aakritiyon:1	aakrutiyon:1	akritiyon:1
आकृष्ट	aakrisht:1	aakrusht:1	aakrushta:1
आके	aake:3
आक्रमण	akraman:4	aakraman:3
आक्रमणकारियों	aakramankariyon:2	aakramankaariyon:1
आक्रमणकारी	aakramankari:2	aakramankaari:1
आक्रमणों	aakramanon:3
आक्रांत	aakrant:2	aakraant:1
आक्रामक	aakramak:2	aakraamak:1
आक्रामकता	aakramakta:2	aakraamaktaa:1
आक्रोश	aakrosh:2	aakrsoh:1
आक्षेप	aakshep:3
आखर	aakhar:3
आखरी	aakhri:2	aakhari:2
आखिर	aakhir:3	akhir:1
आखिरकार	aakhirkar:2	aakhirkaar:1
आखिरी	aakhiri:2	akhiri:1
आखेट	aakhet:2	akhet:1
आख्या	aakhya:2	aalhyaa:1
आख्यान	aakhyaan:2	aakhyan:2
आख्यानों	aakhyaanon:2	akhyanon:1
आग	aag:3
आगंतुक	aagantuk:1	aangatuk:1	agantuk:1
आगंतुकों	aagantukon:1	aangatuko:1	agantukon:1
आगजनी	aagjani:3
आगणन	aaganan:2	aagman:1
आगत	aagat:3
आगम	aagam:3
आगमन	aagman:2	aagaman:1
आगर	aagar:3
आगरकर	agarkar:2	aagarkar:1
आगरा	agra:3	aagra:1
आगरी	aagari:1	aagri:1	agari:1
आग़ा	aagaa:1	aagah:1	agha:1
आग़ाज़	aagaaj:2	aagaaz:1	aghaj:1	aghaz:1
आगा	aaga:1	aagaa:1	aga:1
आगाज	aagaaj:2	agaj:1
आगामी	aagaami:1	aagami:1	agami:1
आगाशे	aagaashe:1	aagashe:1	agashe:1
आगाह	aagaaha:1	aagah:1	agah:1
आगे	aage:3	age:1
आगोलाई	aagolaai:1	agolae:1	agolai:1
आग्नेय	aagneya:1	agney:1	agneya:1
आग्नेयास्त्र	agneyastra:2	aagneyaastra:1
आग्रह	aagrah:2	aagarh:1	agarh:1
आघात	aaghat:2	aaghaat:1
आचमन	aachman:3
आचरण	aacharan:3
आचारसंहिता	aachaarsanhitaa:1	aacharsanhita:1	acharsanhita:1
आचार्य	acharya:6	aacharya:3	aachaarya:1
आचार्यों	aachaaryon:1	aacharyon:1	aachayon:1
आच्छादन	aacchaadan:1	aachaadan:1	aachchadan:1	acchadan:1
आच्छादित	aacchaadit:1	aachchadit:1	aachhadit:1	acchadit:1
आज	aaj:9
आजकल	aajkal:6
आजतक	aajtak:3
आजन्म	aajanma:2	aajanam:1	ajanam:1
आजमगढ़	azamgarh:2	azagarh:1
आजमा	aajmaa:1	aazma:1	ajama:1
आजमाई	aajmaai:1	aazmai:1	ajmae:1
आजमाईश	aajmaaish:1	aazmaish:1	ajmaesh:1
आजमाना	aajmana:2	aajmaanaa:1	aazmaanaa:1
आजमाने	aajmane:2	aajmaane:1	aazmaane:1
आज़म	azam:3	aazam:1
आज़मी	azmi:2	aazmi:1	azami:1
आज़ादी	azadi:3	azaadi:1
आजा	aaja:6	aajaa:1	aja:1
आजाद	azaad:2	ajad:2	azad:1
आजादनगर	ajadnagar:2	azadnagar:1
आजादी	ajadi:3	aajadi:1	aazadi:1	azadi:1
आजी	aaji:3
आजीवन	aajeevan:2	aajivan:1
आजीविका	aajivika:2	aajeevika:1
आज्ञा	aagya:2	aaghya:1
आज्ञाकारिता	aagyakarita:2	aaghyakarita:1
आज्ञानुसार	aagyanusar:2	aaghyanusar:1
आटा	aata:5	ata:1	atta:1
आटे	aate:3
आठ	aath:3
आठवां	aathvan:2	aathavan:1	athavan:1
आठवीं	aathvin:3	aathvi:1
आठवें	aathvein:2	aathven:1	athvein:1
आडंबर	aadambar:3	adambar:1
आडंबरपूर्ण	aadambarpurana:1	aadambarpurn:1	adambarpurn:1
आडंबरों	aadambaron:2	aadambaro:1	adambaron:1
आडवाणी	advani:2	adavani:1
आड़	aad:3
आड़े	aade:3	aaden:1
आडा	aada:3
आडिट	audit:3
आडिटोरियम	auditorium:3
आडू	aadu:3
आण्विक	aanvik:3
आतंक	aatank:3
आतंकवाद	aatankvad:1	aatankwaad:1	aatankwad:1
आतंकवादियों	aatankwadiyon:2	aatankvadhiyo:1
आतंकवादी	aatankvadi:4	aatankwadi:2
आतंकियों	aatankiyon:2	aatankiayon:1
आतंकी	aatanki:3
आता	aata:3
आतिशबाजी	aatishbaaji:1	aatishbaji:1	atishbaji:1
आती	aati:3
आतीं	aatin:2	ateen:1
आतुर	aatur:2	atur:1
आते	aate:3
आतें	aatein:2	aaten:1
आत्म	aatm:2	aatam:1
आत्मकथा	aatmkatha:2	aatmakatha:1
आत्मकथाएं	aatmakathayein:1	aatmkathaen:1	aatmkathayen:1
आत्मग्लानि	aatmaglani:1	aatmglani:1	atmaglani:1
आत्मघात	aatmaghaat:1	aatmghat:1	atmghat:1
आत्मघाती	aatmaghati:1	aatmghati:1	atmghati:1
आत्मचिंतन	aatmachintan:2	aatmchintan:1
आत्मज्ञान	aatmadnyaana:1	aatmgyaan:1	aatmgyan:1
आत्मदाह	aatmadaah:1	aatmdaah:1	aatmdah:1
आत्मनिर्भर	aatmnirbhar:4	aatmanirbhar:2
आत्मनिर्भरता	aatmanirbharataa:1	aatmanirbharta:1	atmanirbharata:1
आत्मरक्षा	atmaraksha:2	aatmraksha:1
आत्मविश्वास	aatmavishwas:3	aatmvishvas:2	aatmvishvaas:1	atmavishvas:1
आत्मश्लाघा	aatmshlagha:2	aatmashlaagha:1	aatmshlaaghaa:1
आत्मसंयम	aatmasanyam:2	aatmsanyam:1	atmasanyam:1	atmsanyam:1
आत्मसमर्पण	aatmasamarpan:2	atmasamarpan:2	aatmsamrpan:1
आत्मसम्मान	atmasamman:2	aatmasammaan:1	aatmasamman:1	aatmsamman:1
आत्मसाक्षात्कार	atmasakshatkar:2	atmsakshatkar:1
आत्महत्या	aatmhatya:3	atmahatya:2	aatmahatya:1
आत्महत्याओं	atmahatyaon:2	aatmhatyaon:1
आत्मा	aatma:4	atma:2
आत्माएं	aatmayen:2	atmaen:2
आत्माओं	aatmaon:2	atmaon:2
आत्माराम	atmaram:2	atamara:1
आत्मिक	atmik:2	aatmik:1
आत्मीयता	atmiyata:2	aatmiyata:1
आत्यंतिक	aatyantik:2	atyantik:1
आत्रेय	aatrey:1	aatreya:1	aatry:1
आदत	adat:4	aadat:3
आदतन	aadatan:3
आदतें	aadaten:2	aadatein:1
आदतों	aadaton:3
आदम	adam:2	aadam:1
आदमखोर	aadamkhor:2	adamkhor:1
आदमियों	aadmiyon:2	adamiyon:1
आदमी	aadmi:5	aadami:3
आदर	aadar:3
आदरणीय	aadarniy:2	aadarniya:1
आदरपूर्वक	aadarpurvak:3
आदर्श	adarsh:4	aadarsh:3	aadrsh:1
आदर्शवाद	aadarshvaad:1	aadarshvad:1	adarshwad:1
आदर्शवादी	aadarshvaadi:1	aadarshvadi:1	adarshwadi:1
आदर्शों	aadarshon:3
आदान	aadaan:2	aadan:1
आदानप्रदान	aadaanpradaan:1	aadanpradan:1	adanpradan:1
आदाब	aadaab:2	aadab:1
आदि	aadi:3	adi:1
आदिकाल	aadikaal:2	aadikal:1
आदित्य	aditya:2	aaditya:1
आदित्यनाथ	adityanath:2	aadityanath:1
आदिनाथ	aadinath:2	adinath:1
आदिम	adim:2	aadim:3
आदिल	aadil:2	adil:1
आदिवासियों	aadiwasiyon:2	aadivasiyon:2	adivasiyon:1
आदिवासी	adiwasi:3	aadivashi:1	aadivasi:1	adivasi:1
आदिशक्ति	aadishakti:2	adishakti:1
आदी	aadi:2	adi:1
आदीवासी	adivasi:2	aadivasi:1
आदेश	adesh:7	aadesh:6
आदेशात्मक	aadeshaatmak:2	aadeshatmak:2	aadeshmatmak:1
आदेशानुसार	aadeshanusar:2	aadeshanusaar:1	aadeshanushar:1	adeshanusar:1
आदेशों	aadeshon:3
आद्य	aadya:1	ady:1	adya:1
आद्यंत	aadyant:3
आद्या	adya:2	aadya:1
आधर	aadhar:2	aadhr:1	aadhra:1
आधा	adha:6	aadha:3	aadhaa:1
आधान	aadhaan:2	aadhan:1	adhaan:1
आधार	adhar:12	aadhaar:2	aadhar:1
आधारभूत	aadhaarbhoot:1	aadharbhoot:1	aadharbhut:1	adhaarbhoot:1
आधारशिला	aadharshila:2	aadhaarsheela:1	aadhaarshila:1	aadharsheela:1
आधारहीन	aaddharhin:1	aadhaarheen:1	aadhaarhin:1	aadharheen:1
आधारिक	aadhaarik:1	aadharik:1	adharik:1
आधारित	aadharit:12	aadhaarit:1	adharit:1
आधारों	aadhaaron:1	aadharon:1	adharon:1
आधिकरिक	adhikarik:2	aadhikarik:1	adhikaarik:1
आधिकार	aadhikar:1	adhikaar:1	adhikar:1
आधिकारिक	adhikarik:2	aadhikaarik:1	adhikaarik:1
आधिकारिता	adhikarita:3
आधिकारों	adhikaron:2	ahikaron:1
आधिक्य	aadhikya:2	adhiky:1
आधिपत्य	adhipatya:2	aadhipaty:1	aadhipatya:1	aadhiptay:1
आधी	aadhi:3
आधीन	aadhin:2	aadheen:1
आधुनिक	aadhunik:3
आधुनिकतम	aadhunikatam:1	aadhuniktam:1	adhuniktam:1
आधुनिकता	aadhunikta:2	aadhunikata:1
आधुनिकतावादी	aadhunikatavadi:1	aadhuniktavadi:1	adhuniktavadi:1
आधुनिकरण	aadhunikarana:1	aadhunikran:1	adhunikaran:1
आधुनिकीकरण	aadhunikikaran:1	aadhunikikarana:1	adhunikikaran:1
आधे	aadhe:2	adhe:1
आध्यत्मिक	aadhyatmik:2	adhyatmik:1
आध्यात्म	aadhyatm:1	aadhyatma:1	adhyatm:1
आध्यात्मिक	adhyatmik:5	aadhyatmik:3
आध्यात्मिकता	aadhyatmikta:2	aadhyatmikata:1
आन	aan:2	on:1
आनंद	aanand:3	anand:2
आनंदन	anandan:3
आनंदपुर	anandpur:3
आनंदमय	anandmay:2	anandamay:1
आनंदमयी	aanandmayi:2	anandamayi:1
आनंदिता	aanandita:3
आनंदीलाल	aanandilal:2	anandilal:1
आनद	aanad:1	aanand:1	anand:1
आनन	aanan:3
आनलाइन	online:6
आना	aana:3
आनी	aani:3
आनुपातिक	aanupatik:3
आनुवंशिक	aanuvanshik:2	anuvanshik:1
आनुवांशिक	aanuvaanshik:2	anuvanshik:1
आनुवांशिकता	aanuvaanshikataa:2	anuvanshikta:1
आनुषंगिक	aanushangik:2	anushangik:1
आने	aane:3
आनेवाला	aanewaalaa:1	aanewala:1	anevala:1
आनेवाली	aanewaali:1	aanewali:1	anevali:1
आनेवाले	aanewaale:2	aanevaale:1	aanevale:1	aanewale:1
आप	aap:6
आपका	aapka:2	aapkaa:1
आपकी	aapki:4	apki:1
आपके	aapke:4
आपको	aapko:4
आपणी	aapni:2	aapani:1
आपतकाल	aapatkal:2	aapatkaal:1
आपत्ति	aapatti:2	aaptti:1
आपत्तिजनक	aapattijanak:3
आपत्तियां	aapattiyan:2	aapattiyaan:1
आपत्तियों	aapattiyon:3
आपदा	aapda:2	aapadaa:1
आपदाएं	aapadaaaen:1	aapdaein:1	aapdayein:1
आपदाओं	aapadaaon:1	aapadaon:1	aapdaon:1
आपने	aapne:2	aapane:1	apane:1
आपराधिक	aapradhik:3
आपस	aapas:2	aaps:1
आपसी	aapsi:3
आपसे	aapse:4
आपात	aapat:2	aapaat:1
आपातकाल	aapaatkal:2	aapatkal:1	apatkal:1
आपातकालीन	aapatkalin:3	aapaatkalin:2
आपाधापी	aapadhapi:4	aapaadhapi:1	apadhapi:1
आपूर्ति	aapurti:2	apurti:1
आपूर्तिकर्ताओं	aapootrikrtao:1	aapurtikartaon:1	apurtikartaon:1
आपूर्ती	aapurti:3	apurti:1
आपे	aape:3
आपेक्षित	aapekshit:3
आप्टे	apte:3
आप्रवासियों	aapravasiyon:3
आप्रवासी	aapravasi:2	aapravadi:1
आप्शन	option:3
आफ	of:2	off:1
आफलाइन	offline:3
आफ़	off:2	aaf:1
आफिस	office:3
आफिसर	officer:3
आफ्टर	after:3
आबंटित	aabantit:2	abantit:1
आबरू	aabru:2	abaru:1
आबाद	abad:2	aabaad:1	aabad:1
आबादियों	abadiyon:2	aabaadiyon:1	aabadiyon:1
आबादी	aabadi:2	abadi:2	aabaadi:1
आबिदा	aabida:1	aabidaa:1	abida:1
आबिदी	aabidi:2	abidi:1
आबू	abu:2	aabu:1
आभा	abha:3	aabha:1	aabhaa:1	abhaa:1
आभानेरी	abhaneri:3
आभार	aabhar:2	abhar:1
आभारी	aabhari:2	abhari:1
आभाव	aabhav:2	abhav:1
आभास	aabhas:2	abhash:1
आभासी	aabhasi:2	abhasi:1
आभूषण	aabhushan:3	abhushan:2
आभूषणों	abhushanon:2	aabhushanon:1
आम	aam:6
आमंत्रण	aamantran:3
आमंत्रित	aamantrit:3
आमगांव	aamgaon:1	aamgav:1	amgaon:1
आमगे	aamage:1	aamge:1	amage:1
आमजन	aamjan:3
आमजनों	aamjanon:3
आमतौर	aamtaur:3
आमद	aamad:3
आमदन	aamdan:2	amadan:1
आमदनी	aamdani:2	amadani:1
आमदी	aamdi:2	amdi:1
आमने	aamane:1	aamne:1	amne:1
आमरण	aamran:2	aamaran:1
आमरे	aamare:1	aamre:1	amre:1
आमला	aamla:1	amala:1	amla:1
आमादा	aamada:3	amaada:1	amadaa:1
आमाशय	aamashay:2	amashay:2	aamaashay:1	amaashay:1
आमिर	aamir:6
आमीन	aamin:2	aamen:1	amen:1
आमूल	amul:3
आमूलचूल	amulchul:2	amulachula:1
आमेर	amer:2	aamer:1
आमोद	amod:2	aamod:1
आमोस	amos:2	aamos:1
आम्रपाली	amrapali:3
आय	aay:2	aaya:1
आयकर	aaykar:4	aayakar:1	ayekar:1
आयत	aayat:2	aayet:1
आयतन	aaytan:4	aayatan:2	ayatan:1
आयताकार	aayatakar:2	ayatakar:1
आयते	aayate:1	aayatey:1	ayate:1
आयतों	aayaton:2	ayaton:1
आयन	aayan:2	ion:1
आयनों	aayanon:2	ionon:1
आयरन	iron:2	aayaran:1
आयरलैंड	ireland:2	island:1
आयर्स	aires:1	airs:1	ayers:1
आयशा	ayesha:2	aayesha:1	aaysha:1	aisha:1
आया	aaya:2	aya:1
आयात	aayaat:1	aayat:1	ayat:1
आयातक	ayatak:2	aayatak:1
आयातकों	ayatakon:2	aayatakon:1
आयातित	ayatit:2	aayatit:1
आयाम	aayaam:2	aayam:2
आयामी	aayami:3	aayaami:1
आयामों	aayaamon:2	aayamon:2
आयी	aayi:3
आयु	aayu:6
आयुक्त	ayukt:3
आयुक्तों	ayukton:3
आयुध	ayudh:3
आयुर्विज्ञान	ayurvigyan:3
आयुर्वेद	ayurved:6	aayurved:1	ayurveda:1
आयुर्वेदिक	ayurvedic:5	ayurvedik:2
आयुष	aayush:2	ayush:1
आयुष्मान	aayushmaan:1	aayushman:1	ayushmann:1
आये	aaye:3
आयें	aayen:2	aayin:1
आयेंगी	aayengi:3
आयेंगे	aayenge:3
आयेगा	aayega:3	aayegaa:1
आयेगी	aayegi:3
आयोग	aayog:6
आयोगों	aayogon:3
आयोजक	aayojak:3
आयोजकों	aayojakon:2	aayogakon:1
आयोजन	aayojan:3
आयोजिक	aayojik:1	aayojit:1	ayojik:1
आयोजित	aayojit:3
आयोडीन	iodine:2	ayodin:1
आयोवा	aayova:3
आरंभ	aarambh:3
आरंभिक	aarambhik:2	aaranbhik:1
आरआर	rr:3
आरई	re:3
आरए	ra:3
आरएनए	rna:3
आरएफआईडी	rfid:3
आरएफसी	rfc:3
आरएसएस	rss:3
आरओ	ro:3
आरके	rk:3
आरक्षण	aarakshan:5	arakshan:1
आरक्षित	aarakshit:2	arkshit:1
आरक्षी	aarakshi:1	aarkshi:1	rkshi:1
आरटी	rt:3
आरटीआई	rti:3
आरडीएक्स	rdx:3
आरडीबी	rdb:3
आरण्यक	aaranyak:3
आरती	aarti:2	aarati:1
आरपार	aarpar:2	aarpaar:1
आरपी	rp:3
आरपीआई	rpi:3
आरपीजी	rpg:3
आरबीआई	rbi:3
आरव	aarav:2	arav:1
आरसी	rc:3
आरसीए	rca:3
आरसीएफ	rcf:3
आरसीएस	rcs:3
आरसीबी	rcb:3
आरा	ara:2	arrah:1
आराध्य	aaraadhya:1	aaradhy:1	aradhy:1
आराम	aaram:2	aaraam:1	aram:1
आरामगाह	aaramgaah:2	aaraamgah:1	aramgah:1
आरामदायक	aaramdayak:2	aramdayak:1
आरिफ	arif:3	aarif:1
आरुषि	aarushi:2	arushi:1
आरोग्य	aarogya:2	arogya:1
आरोप	aarop:2	arop:1
आरोपियों	aaropiyon:2	aropiyon:1
आरोपी	aaropi:2	aropi:1
आरोपों	aaropon:2	aropon:1
आरोहण	aarohan:2	arohan:1
आरोही	aarohi:2	arohi:1
आर्क	arc:2	ark:2	arch:1
आर्कटिक	arctic:2	architech:1
आर्कषक	akarshak:2	aakarshak:1
आर्कषण	aakarshan:2	akarshan:1
आर्काइव	archive:2	aarkive:1	archaeve:1
आर्किटेक्चर	architecture:2	achitecture:1
आर्किटेक्ट	architect:2	architech:1
आर्किटेक्टों	architecton:2	arquitecton:1
आर्किटेक्ट्स	architects:3
आर्किमिडीज	archimedes:3
आर्कियोलॉजी	archaeology:2	arkeology:1
आर्केड	arcade:1	arched:1	arked:1
आर्ग	org:2	arg:1
आर्गन	organ:2	argon:1
आर्च	arch:2	aarch:1
आर्चर	archer:3
आर्ट	art:3
आर्टरी	artery:3
आर्टिकल	article:2	artical:1
आर्टिफिशियल	artificial:3
आर्टिस्ट	artist:3
आर्टिस्टिक	artistic:3
आर्ट्स	arts:3
आर्डर	order:3
आर्डिनेंस	ordinance:2	ordinanace:1
आर्तनाद	aartanaad:1	aartnaad:1	artanad:1
आर्थर	arthur:2	arthar:1
आर्थराइटिस	arthritis:3
आर्थिक	aarthik:2	arthik:2
आर्थो	aartho:1	artho:1	ortho:1
आर्थोपेडिक्स	orthopedics:2	orthopaedics:1
आर्द्र	aardra:2	adra:1
आर्द्रता	aardrata:1	aardrataa:1	adrata:1
आर्द्रा	aardra:2	adra:1
आर्म	arm:3
आर्मस्ट्रांग	armstrong:3
आर्माडिलो	armadillo:2	armadilon:1
आर्मी	army:6
आर्मेनिया	armeniya:2	armenia:2
आर्य	arya:4	aary:1	aarya:1
आर्यन	aryan:4	aaryan:2
आर्यभट	aryabhatta:2	aryabhat:1
आर्यभट्ट	aryabhatta:2	aaryabhatt:1	aarybhatta:1	aryabhata:1
आर्यसमाज	aryasamaj:3
आर्या	arya:3
आर्यावर्त	aryavart:3
आर्यिका	aryika:2	aaryika:1
आर्यो	aarya:1	arya:1	aryo:1
आर्यों	aaryan:1	arya:1	aryon:1
आर्ष	aarsh:2	arsh:1
आर्सेनल	arsenal:2	aarsenal:1
आर्सेनाइड	arsenide:2	aarsenaed:1
आर्सेनिक	arsenic:3
आल	all:2	aal:1
आलम	alam:2	aalam:1
आलसी	aalsi:2	alasi:1
आलस्य	aalsy:1	aalsya:1	alasy:1
आला	aala:4	ala:2
आलिम	alim:2	aalim:1
आलिया	aaliya:1	alia:1	aliya:1
आलिशान	aalishan:3	aalishaan:1
आलीशान	aalishaan:1	aalishan:1	alishan:1
आलू	aalu:6	aaluu:1	aloo:1
आलूबुखारा	aalubukhaaraa:1	aalubukhara:1	alubukhara:1
आले	aale:3
आलेख	aalekh:2	alekh:1
आलेखों	aalekhon:3
आलोक	alok:2	aalok:1
आलोचक	aalochak:2	alochak:1
आलोचकों	aalochakon:2	alochakon:1
आलोचना	aalochana:1	aalochanaa:1	alochana:1
आलोचनाएं	aalochanaayein:1	aalochnaen:1	alochanayen:1
आलोचनाओं	aalochanaaon:1	aalochnaon:1	alochanaon:1
आलोचनात्मक	alochanatmak:2	aalochanaatmak:1	aalochnatmak:1
आलोट	aalot:2	alot:1
आल्प्स	alps:2	aalps:1
आल्हा	aalha:1	aalhaa:1	alha:1	allah:1
आवंटन	avantan:2	aavantan:2	avanatan:1
आवंटित	aavantit:2	avantit:1
आवधिक	avdhik:2	aavdhik:1
आवभगत	aavbhagat:2	avbhagat:1
आवयश्कता	aavashyakata:1	avayashkata:1	avayshkta:1
आवरण	aavaran:1	aavran:1	avaran:1
आवर्ती	aavarti:2	avarti:1
आवर्धन	avardhan:2	aryavardhan:1
आवश्यक	avashyak:2	aavashyak:1	aavshyak:1
आवश्यकता	avashyakta:3	aavashyakta:2	aavashykataa:1
आवश्यकताएं	aavshyaktaayen:1	aavshyktayen:1	avashyaktaen:1	avashyaktayein:1
आवश्यकताओं	avashyaktaon:2	aavashyaktaaon:1	aavshyaktaon:1
आवश्यकतानुसार	aavashykataanusaar:1	aavshyaktanusar:1	avashyaktanusaar:1	avashyaktanusar:1
आवश्यकतापूर्ति	aavshyaktaapurti:1	avashyakatapurti:1	avashyaktapoorti:1
आवागमन	aavagaman:1	aawagaman:1	avagaman:1	awagaman:1
आवाज	aawaj:2	aawaaz:1	awaaj:1	awaaz:1
आवाज़ें	aawaazen:1	aawajen:1	awaazen:1	awazen:1
आवाज़ों	aawajon:1	aawazon:1	awaazon:1	awazon:1
आवाजाही	aawajahi:2	aavaajaahi:1	aavanazhi:1	avaajaahi:1
आवाजे	aawaje:1	avaje:1	awaaze:1
आवाजें	aawajen:1	avajein:1	awaazen:1
आवाजों	aawajon:1	avajon:1	awaazon:1
आवामी	aawami:1	avami:1	awami:1
आवारा	aawara:1	avara:1	awaara:1
आवास	aawas:1	avas:1	awas:1
आवासन	aavaasan:1	aawasan:1	avasan:1	awasan:1
आवासीय	aavaaseeya:1	aawaasiya:1	avaasiy:1	awasiy:1
आवासों	aavason:1	aawaason:1	avaason:1	awason:1
आवाहन	aavaahan:2	aavahan:2
आविर्भाव	aavirbhaav:2	aavirbhav:1	avirbhav:1
आविष्कार	avishkar:2	aavishkaar:2	aavishakaar:1
आविष्कारक	aavishkaarak:2	aavishakarak:1	avishkarak:1
आविष्कारों	aavishkaaron:2	aavishakaron:1	avishkaron:1
आविष्कृत	aavishkrit:2	avishkrit:1	avishkrut:1
आवृति	aavriti:2	avruti:1
आवृत्त	aavritt:2	avrut:1
आवृत्ति	avrutti:2	aavriti:1	aavritti:1	avuti:1
आवृत्तियों	aavritiyon:1	aavrittiyon:1	avrutiyon:1
आवेग	aaveg:2	aveg:1
आवेदक	aavedak:3	avedak:2
आवेदकों	aavedakon:3	avedakon:3
आवेदन	aavedan:2	avedan:2
आवेश	aavesh:2	avesh:1
आवेशित	aaveshit:2	aveshit:1
आवो	aavo:2	avo:1
आश	aash:3
आशंका	aashanka:2	ashanka:1
आशंकाओं	aashankaon:2	ashankaon:1
आशंकित	aashankit:2	ashankit:1
आशय	aashay:1	aashaye:1	ashy:1
आशा	aasha:2	asha:2
आशाएं	aashayn:1	ashaein:1	ashaen:1
आशातीत	aashatit:1	ashateet:1	ashatit:1
आशान्वित	ashanvit:2	aashanvit:1
आशापुरी	ashapuri:2	aashapuri:1
आशालता	ashalata:3
आशावाद	aashavaad:1	aashawad:1	ashavad:1
आशावादी	aashavaadi:1	aashawadi:1	ashavadi:1
आशावान	aashavaan:1	aashawan:1	ashavan:1
आशिक	aashiq:2	aashik:1
आशिक़	aashik:1	aashikh:1	aashiq:1
आशी	aashi:2	ashi:1
आशीर्वचन	aasheervachan:1	aashirvachan:1	ashirvachan:1
आशीर्वाद	aashirwad:2	ashirvad:1
आशीष	ashish:2	aashish:1
आशुतोष	ashutosh:3
आशुरा	ashura:3
आश्चर्य	ascharya:2	ashcharya:3	aashchary:1	aashcharya:1
आश्चर्यचकित	aashcharychakit:2	ashcharychakit:2	aashcharyachakit:1	ashcharyachakit:1
आश्चर्यजनक	aashcharyajanak:1	aashcharyjank:1	ashcharyajanak:1
आश्चर्यपूर्ण	aashcharypurn:1	ashcharyapurana:1	ashcharyapurna:1
आश्चर्यों	ashcharyon:4	aashcharyon:2
आश्रम	ashram:5	aashram:5
आश्रमवासी	aashramvasi:1	aashramwasi:1	ashramvasi:1
आश्रमों	aashramon:2	ashramon:1
आश्रय	aashray:1	aashraye:1	aashya:1	ashray:1
आश्रित	aashrit:3	ashrit:1
आश्रितों	aashriton:2	ashriton:1
आश्वस्त	aashwast:3	ashvast:1
आश्वासन	aashwasan:2	aashavasan:1	ashvasan:1
आश्वासनों	ashvasanon:2	aashwasanon:1
आश्विन	aashwin:2	ashvin:1
आषाढ	aashaad:1	aashadh:1	ashadh:1
आषाढ़	aashaad:1	aashadh:1	ashadh:1
आस	aas:3
आसक्त	aasakt:1	aaskt:1	asakt:1
आसक्ति	asakti:2	aasakt:1
आसनों	aasanon:2	asanon:1
आसन्न	aasann:2	asatra:1
आसपास	aaspaas:4	aaspass:2
आसपुर	aspur:2	aaspur:1
आसमा	aasama:1	aasma:1	asma:1
आसमान	aasamaan:2	aasman:2	aasmaan:1
आसाधारण	aasadharan:2	asadharan:1
आसान	aasan:2	aasaan:1	asan:1
आसानी	aasani:4	asani:2	aasaani:1
आसाम	assam:2	asam:1
आसामी	asami:2	aasami:1
आसाराम	asaram:3	aasaram:1
आसित	asit:2	aasit:1
आसिफ	asif:2	aasif:1
आसिम	asim:2	aasim:1
आसिया	asiya:2	aasia:1
आसीन	asin:2	aasin:1
आसुरी	asuri:3
आसू	aasu:2	asu:1
आस्ताने	astane:2	aastane:1
आस्तिक	astik:2	aastik:1
आस्तिकता	astikta:2	aastikata:1	aastikta:1	astikata:1
आस्तिकों	aastikon:2	astikon:1
आस्तियों	aastiyon:3
आस्तीन	aasteen:1	aastin:1	astin:1
आस्था	aastha:4	aashta:1	astha:1
आस्वाद	aaswad:1	asvad:1	aswad:1
आहड़	aahad:3
आहत	aahat:3
आहलूवालिया	ahluwalia:2	aahloowaliya:1
आहवान	aahvaan:1	aahvan:1	ahavan:1
आहार	aahar:7	aahaar:1	ahar:1
आहिस्ता	aahista:3
आहुजा	ahuja:2	aahuja:1
आहुति	aahuti:2	ahuti:1
आहूजा	ahuja:2	ahooja:1
आह्नान	aahnaan:1	aahnan:1	ahyan:1
आह्लादित	aahlaadit:1	aahladit:1	ahyadit:1
आह्वान	aahvaan:1	aahvan:1	ahyan:1
आह्वाहन	aahvaahan:1	aahvahan:1	ahyahan:1
आॅडियो	audio:3
आॅन	on:3
आॅफ	off:4	of:1
आॅस्ट्रेलिया	australia:3
आेम	om:3
इ	e:3
इंक	ink:2	inc:1
इंकलाब	inkalab:1	inqalab:1	inqlaab:1	inquilaab:1
इंकलाबी	inkalabi:1	inqalabi:1	inqlaabi:1	inqlabi:1
इंका	inka:3	inca:1	inkaa:1
इंकार	inkaar:3	inkar:2
इंगित	ingit:2	ingait:1
इंग्लिश	english:3
इंग्लैंड	england:6
इंग्लैड	england:3
इंच	inch:3
इंची	inchi:2	inchy:1
इंजन	injan:2	engine:3
इंजनों	enginon:2	enjanon:1
इंजिन	engine:3
इंजिनियर	engineer:3
इंजिनियर्स	engineers:3
इंजीनियर	engineer:3
इंजीनियरिंग	engineering:3
इंजीनियरों	engineeron:2	engineeyaro:1
इंजीनियर्स	engineers:2	engineeyars:1
इंजेक्शन	injection:3
इंट	eat:1	iint:1	int:1
इंटर	inter:7
इंटरनेशनल	international:2	internatinal:1
इंटरपोल	interpol:3
इंटरफेस	interface:3
इंटरमीडिएट	intermediate:3
इंटरवल	interval:2	interwell:1
इंटरव्यू	interview:3
इंटरसिटी	intercity:2	interciti:1
इंटरसेप्ट	intercept:1	intersept:1	interset:1
इंटरस्टेट	interstate:3
इंटरेक्शन	interaction:2	intraction:1
इंटरैक्टिव	interactive:3
इंटर्नशिप	internship:2	intership:1
इंटिमेट	intimate:3
इंटीग्रिटी	integrity:3
इंटीग्रेशन	integration:2	intigration:1
इंटीरियर	interior:3
इंटीरियर्स	interiors:3
इंटेक	enteq:1	intech:1	intect:1
इंटेल	intel:3
इंटेलिजेंस	inteligents:1	intelligence:1	intelligents:1
इंट्रा	intra:3
इंट्री	entry:2	intri:1
इंट्रैक्शन	interaction:2	intraction:1
इंट्रोडक्शन	introduction:3
इंडस	indus:3
इंडसइंड	indusind:3
इंडस्ट्रियल	industrial:2	industriyal:1
इंडस्ट्री	industry:3
इंडस्ट्रीज	industries:3
इंडस्ट्रीयल	industrial:3
इंडिका	indica:3
इंडिकेटर्स	indicators:3
इंडिकेशन	indication:3
इंडिपेंडेंट	independant:1	independence:1	independent:1
इंडिपेंडेंस	independence:3
इंडियंस	indians:3
इंडियन	indian:6
इंडिया	india:6
इंडियाना	indiana:2	indyyana:1
इंडी	indy:3
इंडीज	indies:3
इंडीपेंडेंट	independent:2	independant:1
इंडीपेंडेंस	independence:2	independance:1
इंडेक्स	index:3
इंडो	indo:4
इंडोनेशिया	indonesia:3
इंडोनेशियाई	indoneshiayi:1	indonesia:1	indonesiae:1
इंतजाम	intejaam:2	intezaam:1	intjam:1
इंतजार	intezaar:1	intezar:1	intjaar:1
इंदर	indar:3	inder:2
इंदिरा	indira:3
इंदु	indu:4
इंदू	indu:3	indoo:1
इंदौर	indore:9
इंद्र	indra:6
इंद्रप्रस्थ	indraprastha:3
इंद्रिय	indriya:2	indriyey:1
इंद्रियों	indriyon:3
इंद्रेश	indresh:3
इंधन	indhan:2	idhan:1
इंपीरियल	imperial:3
इंपैक्ट	effect:1	impact:1	impect:1
इंप्रूविंग	improving:2	imroving:1
इंफ्रारेड	infrared:3
इंफ्लूएंजा	influenza:3
इंशा	insha:3
इंश्योरेंस	insurance:3
इंसान	insan:7	insaan:7
इंसानों	insanon:3
इंस्टाल	install:3
इंस्टालेशन	installation:3
इंस्टिट्यूट	institute:3
इंस्टिट्यूशन	institution:3
इंस्टीट्यूट	institute:3
इंस्टीट्यूशंस	institutions:3
इंस्टॉल	install:2	instal:1
इंस्टॉलेशन	installation:3
इंस्ट्रक्टर	instructor:3
इंस्ट्रुमेंट्स	instruments:3
इंस्पेक्टर	inspector:3
इअर	ear:2	eyer:1
इआन	eon:2	iaan:1
इए	ea:2	ia:1
इक	ek:2	ik:1
इकट्ठा	ikatta:2	ekattha:2	ikattha:1
इकट्ठी	ekatthi:1	ekthhi:1	ikatthi:1
इकट्ठे	ekathe:1	ekatthe:1	ikatthe:1
इकठ्ठा	ekattha:2	ikattha:1
इकठ्ठी	ekatthi:1	ekthi:1	ikatthi:1
इकनॉमिक्स	economics:3
इकनॉमी	economy:2	ecnomi:1
इकबाल	iqbal:3	ikbal:1
इकबालिया	ikbaliya:2	ekbalia:1	ikbalia:1
इकलौता	eklauta:2	iklauta:2
इकलौती	eklauti:2	iklauti:2
इकाइयां	ikaeyaan:1	ikaiyam:1	ikaiyan:1
इकाइयों	ikaiyon:2	ekaeyon:1
इकाई	ikai:2	ekaee:1
इकाईयों	ekaeyon:1	ikaiyon:1	ikarion:1
इकॉनमी	economy:3
इकॉनोमिक्स	economics:3
इकॉनोमी	economy:3
इको	eco:3	iko:1
इकोकार्डियोग्राफी	echocardiography:2	ecocardiographi:1
इकोनॉमिक	economic:3
इकोनॉमिक्स	economics:3
इकोनॉमी	economy:3
इकोनोमिक	economic:3
इकोनोमिक्स	economics:3
इकोनोमिस्ट	economist:3
इकोसिस्टम	ecosystem:3
इक्कठा	ikkatha:2	ekktha:1
इक्कठे	ikkathe:2	ekathe:1	ikathe:1
इक्का	ekka:2	ikka:1	ikkaa:1
इक्कीस	ekkis:2	ikkis:2	ekkees:1	ikkees:1
इक्कीसवीं	ekisvin:1	ekkiisvin:1	ekkisavin:1	ikkisavin:1
इक्ट्ठा	ekatha:1	ekattha:1	ekttha:1	ikatha:1
इक्वाडोर	ecuador:2	equador:1
इक्विटी	equity:3
इक्विटीज	equities:2	ikvitija:1
इक्ष्वाकु	ikshvaku:2	ikshwaku:1
इख्तियार	ikhtiyar:2	ikhatiyar:1
इगतपुरी	igatpuri:3
इगी	iggy:2	iggi:1	igi:1
इगो	ego:2	igo:1
इग्नू	ignu:3	ignoo:1
इग्लेसियस	iglesias:3
इच	itch:3
इच्छा	iccha:3	ichcha:3	ichchha:1
इच्छाओं	ichchaon:2	ichchhaaon:1
इच्छाधारी	icchhadhaari:1	ichchadhari:1	ichchhadhaari:1
इच्छानुसार	icchhanusar:1	ichchanusar:1	ichchhanusaar:1
इच्छामृत्यु	ichchamrityu:1	ichchamrutya:1	ichchamrutyu:1
इच्छाशक्ति	ichchashakti:3	ichashakti:2	ichchhashakti:1
इच्छित	ichata:1	ichchhit:1	ichchit:1
इच्छुक	ichchuk:3
इज	is:2	ease:1
इजराइल	israel:3
इजराइली	israeli:3
इजरायल	israel:2	ijarayal:1
इजरायली	israeli:2	israyali:1
इजहार	izhaar:3	ijhaar:2
इज़	is:2	iz:1
इज़राइल	israel:5	izrael:1
इज़रायल	israel:2	izrayal:1
इज़रायली	israeli:2	izrayali:1
इज़ाजत	ijaazat:2	ijajat:1	izaajat:1
इज़ाफ़ा	izaafaa:2	izafa:1
इजाक	ijaak:2	izak:1
इजाजत	ijaajat:2	ijajat:1
इजाज़त	ijaajat:2	ijajat:1
इजाद	ijaad:3
इजिप्ट	egypt:2	ijisht:1
इट	it:3	eat:1
इटली	italy:3
इटालियन	italian:3
इटावा	etawah:2	itava:1
इटेलियन	italian:2	italiyen:1
इट्स	its:3
इठलाती	ithlaati:2	ethlati:1
इडली	idli:3
इडियट्स	idiots:3
इडिया	ediya:1	idea:1	idia:1
इतना	itna:3
इतनी	itni:3
इतने	itne:2	itney:1
इतर	itar:3
इतरा	itara:1	itra:1	itraa:1
इतालवी	italvi:2	etalvi:1	italavi:1
इतिहास	itihas:32	itihaas:5
इतिहासकार	itihasakar:2	itihaaskaar:1	itihaaskar:1	itihaskar:1
इतिहासकारों	itihaskaron:4	itihaaskaaron:2	itihaaskaron:1
इतिहासविद	itihaasvid:3
इतिहासों	itihaason:3
इत्ती	itti:3
इत्तेफाक	ittefaq:2	ittefak:1	itteyfak:1
इत्मीनान	itminaan:3
इत्यादि	ityadi:9	ityaadi:2
इत्र	itra:2	itr:1
इथियोपिया	ethiopia:2	ethiopiaya:1
इथेनॉल	ethanol:2	ethenol:1
इथोपिया	ethiopia:2	ethopia:1
इदलिब	idlib:3
इधर	idhar:3
इनएविटेबल	inevitable:3
इनकमिंग	incoming:3
इनका	inka:2	inaka:1
इनकार	inkar:2	inkaar:1
इनकी	inki:2	inaki:1
इनके	inke:35	inake:1	inkey:1
इनको	inko:2	inako:1
इनकोडिंग	encoding:3
इनक्यूबेटर	incubator:3
इनक्रिप्ट	encrust:1	incript:1	inkript:1
इनचार्ज	incharge:3
इनडोर	indoor:3
इनपर	inpar:2	inper:1
इनपुट	input:3
इनपुट्स	inputs:3
इनफ	enough:3
इनफिनिटी	infinity:3
इनबॉक्स	inbox:3
इनमें	inmen:14	inmain:1	inmein:1
इनलाइन	inline:3
इनलोगों	inlogon:3
इनविजिबल	invisible:3
इनवेसिव	invasive:2	invesive:1
इनवेस्टर्स	investors:2	investers:1
इनसाइट	insight:3	insite:1
इनसाइट्स	insights:3	insites:1
इनसाइड	inside:3
इनसे	inse:2	insey:1
इनसेट	inset:3
इनहेलेशन	inhalation:2	inhaletion:1
इनाम	inam:2	imaan:1
इनायत	inayat:3
इनिशिएटिव	initiative:2	inesheative:1
इनु	inu:2	enu:1	ino:1
इनेबल	enable:2	inebal:1
इनोवेशंस	enovations:1	innoveshans:1	inovations:1
इनोवेशन	innovation:2	inovation:1
इनोसेंट	innocent:3
इन्नोवेशन	innovation:3
इन्पुट	input:3
इन्फिनिटी	infinite:1	infiniti:1	infinity:1
इन्फेंट्री	infantry:3
इन्फैंट्री	infantry:3
इन्फॉर्मेशन	information:3
इन्फ्रारेड	infrared:3
इन्फ्लूएंजा	influenza:3
इन्वेस्टमेंट्स	investments:3
इन्वेस्टर्स	investors:2	investers:1
इन्वेस्टिंग	investing:3
इन्वेस्टिगेशन	investigation:3
इन्हाेंने	inhone:2	inhonne:1
इन्हीं	inhi:4	inhin:3
इन्हें	inhe:6	inhen:3
इन्हेलर	inhaler:3
इन्हों	inhon:3
इन्होंने	inhone:3
इफेक्ट	effect:3
इफ्तार	iftar:2	eftaar:1
इबादत	ibadat:3
इबादतें	ibadatein:2	ibadaten:1
इबारत	ibarat:3
इबीजा	ibija:2	ibiza:1
इबीसी	ebc:2	ibisi:1
इबोबी	ibobi:3
इबोला	ebola:3
इब्न	ibn:2	ibna:1
इब्ने	ibne:2	ibeyn:1
इब्राहिम	ibrahim:3
इब्राहिमपुर	ibrahimpur:3
इब्राहीम	ibrahim:3
इमरजेंसी	emergency:3
इमरती	imarti:2	imrati:1
इमरान	imran:2	emraan:1
इमर्जिंग	emerging:3
इमली	imali:2	imli:1
इमाद	imad:3
इमान	iman:3
इमाम	imam:3
इमामबाड़ा	imambada:2	imambara:2
इमारत	imarat:3	imaarat:1
इमारती	imarati:2	imarti:1
इमारतें	imaraten:2	imaaraten:1	imaratein:1
इमारतों	imaraton:3	imaaraton:1
इमिग्रेशन	immigration:2	emigration:1
इमेज	image:9
इमेजर	imager:3
इमेजरी	imagery:3
इमेजिंग	imaging:3
इमैजिन	imagine:2	immagine:1
इमैनुएल	emanual:1	emanuel:1	immanuel:1
इमोजी	emoji:2	emogi:1
इमोशंस	emotions:3
इमोशनल	emotional:3
इम्युन	immune:3
इम्यून	immune:3
इम्यूनोलॉजी	immunology:3
इयर	ear:3
इयरबड्स	earbuds:2	earbirds:1
इयान	iyan:2	eyan:1
इयोन	eon:2	eyon:1
इरकॉन	earcon:1	ircon:1	ircone:1
इरफान	irfan:3
इरविन	irwin:2	erwin:1	irvin:1
इरशाद	irshaad:2	irshad:2
इरा	ira:3
इराक	iraq:4
इराकी	iraqi:3
इरादा	irada:3
इरादों	iradon:3
इरान	iran:3
इरानी	irani:3
इरीट्रिया	eiretrea:1	eritrea:1	iritriya:1
इरोस	eros:3
इर्द	ird:2	erad:1
इर्दगिर्द	irdgird:3	eradgirad:1	iradgirad:1
इलयास	ilayas:1	ilyaas:1	ilyas:1
इलाइची	elaichi:1	ilaichi:1	ilayachi:1	ilayichi:1
इलाका	ilaka:2	ilaaka:2
इलाके	ilake:2	elaakey:1
इलाको	elaako:1	ialko:1	ilako:1
इलाकों	elaakon:1	ialkon:1	ilakon:1
इलाज	ilaaj:5	elaaj:1	ilaj:1
इलाजों	ilajon:2	ilaajon:1
इलाहाबाद	ilahabaad:2	allahabad:2
इलाहाबादी	ilahabaadi:1	ilahabadi:1	illahabadi:1
इलाही	elahi:1	ilahi:1	illahi:1
इलिंगवर्थ	ellingworth:1	ilingvarn:1	illingworth:1
इलियट	eliot:2	iliot:1
इलिया	ilia:1	iliya:1	iliyaa:1
इली	eli:1	ili:1	illy:1
इलेक्ट्रान	electron:3
इलेक्ट्रिक	electric:2	electrik:1
इलेक्ट्रिकल	electrical:3
इलेक्ट्रॉन	electron:3
इलेक्ट्रॉनिक	electronic:3
इलेक्ट्रॉनिक्स	electronics:3
इलेक्ट्रॉन्स	electrons:3
इलेक्ट्रो	electro:3
इलेक्ट्रोंस	electrons:3
इलेक्ट्रोड	electrode:2	electrod:1
इलेक्ट्रोमैग्नेटिक	electromagnetic:3
इलेक्शन	election:3
इलेन	elen:2	ellen:1
इलेवन	eleven:2	elevan:1
इल्ज़ाम	ilzaam:2	iljaam:1	iljam:1
इल्तुतमिश	iltutmish:3
इल्लियाँ	illian:1	illiya:1	illiyan:1
इल्हान	ilhan:2	elhaan:1	ilhaan:1
इव	eve:3
इवांस	evans:3
इवान	ivan:2	evan:1
इवानोव	ivanov:2	ivanovo:1
इवेंट	event:4
इशा	isha:3
इशांत	ishant:2	ishaant:1
इशाक	ishaak:1	ishaaq:1	ishak:1
इशान	ishan:2	ishaan:1
इशारा	ishara:3	ishaara:1	ishaaraa:1
इशारे	ishaare:1	ishare:1	isharey:1
इशारों	ishaaron:2	isharon:1
इशिता	ishita:3
इशू	ishu:1	issue:1	yeshu:1
इश्क	ishq:2	ishaq:1
इश्कबाज	ishqbaaz:2	ishaqbaz:1
इश्किया	ishqiya:2	ishkiya:1
इष्ट	isht:3
इष्टतम	ishatam:1	ishtam:1	ishtatam:1
इस	is:6
इसका	iska:2	isaka:1
इसकी	iski:2	isaki:1
इसके	iske:2	isake:1
इसको	isko:3	isako:1
इसने	isne:5	isane:2
इसमें	ismen:21	ismein:2	ismem:1
इसमेें	ismein:1	ismem:1	ismen:1
इसराइल	israel:4
इसरार	isarar:2	isaraar:1	israr:1
इसरो	isro:2	isaro:1
इसलाम	islam:3
इसलामी	islami:3
इसलिए	isliye:3	islie:2
इसवी	isavi:2	isvi:1
इससे	isse:33	isase:3
इसहाक	ishak:2	isahak:1
इसाक	isak:2	isaac:1	isaak:1
इसाबेल	isabel:2	isabela:1	izabel:1
इसाबेला	isabela:2	isabella:1
इसी	isi:3
इसे	ise:2	isse:1
इस्कॉन	iskcon:3	iscon:1	iskon:1
इस्तीफा	istifa:5	isteefa:3
इस्तीफे	istife:3	isteefe:1
इस्तेमाल	istemal:19	istemaal:2
इस्पात	ispat:2	ispaat:1
इस्राइल	israel:7	istrail:2
इस्लाम	islam:7	islaam:1
इस्लामाबाद	islamabad:5
इस्लामिक	islamic:3
इस्लामिया	islamiya:3
इस्लामी	islami:3
ईंजन	engine:2	injan:1
ईंटे	inte:3
ईंटें	inten:3
ईंधन	indhan:2	idhan:1
ईईएसएल	eesl:2	iisl:1
ईए	ea:2	ia:1
ईएनटी	ent:3
ईएमएस	ems:3
ईएसएम	esm:3
ईएसएल	esl:3
ईएसपीएन	espn:3
ईएसपीएनक्रिकइन्फो	espncricinfo:2	espncrickinfo:1
ईओ	eo:3
ईकाई	ekai:1	ikaayi:1	ikai:1
ईकाईयों	ecoiyon:1	ikaayion:1	ikaiyon:1
ईको	eco:3
ईकोसिस्टम	ecosystem:3
ईख	erkh:1	iikh:1	ikh:1
ईगल	eagle:3
ईगो	ego:2	ergo:1
ईच	each:2	inch:1
ईजाद	ijaad:2	irjad:1
ईटर	eater:2	iter:1
ईटानगर	itanagar:2	ertanagar:1
ईटी	et:2	eaty:1
ईटीवी	etv:3
ईडन	eden:2	edan:1
ईद	eid:3	id:1
ईनामदार	enamdar:2	inamdar:2	inaamdaar:1
ईपू	ipu:2	epuu:1
ईबुक्स	ebooks:2	ibooks:1
ईबे	ebay:5	ebe:1
ईमान	imaan:2	iman:2
ईमानदार	imandar:2	imaaandar:1	imaandaar:1
ईमानदारी	imaandari:2	imandari:2
ईमेल	email:6
ईमेलों	emailon:2	emelon:1
ईयर	year:3
ईरान	iran:3
ईरानियों	iraniyon:3
ईरानी	irani:3
ईर्ष्या	irshya:3
ईव	eve:3
ईवनिंग	evening:3
ईवा	eva:2	iva:1
ईश	ish:2	esh:1
ईशनिंदा	ishninda:2	ishaninda:1
ईशा	isha:3
ईशान	ishan:3
ईश्वर	ishvar:4	ishwar:3	inshwar:1
ईश्वरी	ishwari:3
ईश्वरीय	ishwariy:3
ईष्ट	east:1	ishat:1	isht:1
ईसबगोल	isabgol:2	isbagol:1
ईसवी	isvi:2	isavi:1
ईसाइयत	isaaiyat:1	isaiyat:1	isayiyata:1
ईसाइयों	isaaiyon:1	isaiyon:1	isayiyon:1
ईसाई	isai:2	isaai:1
ईसाईयत	isaaiyat:1	isairyat:1	isaiyata:1
ईसाईयों	isaiyon:2	isayiyon:1
ईसीजी	ecg:3
ईसीबी	ecb:3
ईस्ट	east:3
ईस्टन	easton:2	eastern:1
ईस्टर	easter:2	ister:1
ईस्टर्न	eastern:3
ईस्वी	isvi:2	esvi:1
उंगलियों	ungaliyon:3
उंगली	ungali:3	ungli:3
उकता	ukta:2	ukata:1
उकसाए	uksae:3	uksaye:2	ukasaye:1
उकसाता	uksata:3	uksaataa:1
उकसाती	uksati:3	uksaati:1
उकसाते	uksate:3	uksaate:1
उकसाने	uksane:3	uksaane:2
उकसाया	uksaya:3	uksaayaa:1
उकेर	uker:3
उकेरते	ukerte:2	ukerate:1
उकेरने	ukerne:2	ukerane:1
उक्त	ukt:2	ukta:1
उक्ति	ukti:3
उखरुल	ikhrul:1	ukhrool:1	ukhrul:1
उखाड़	ukhad:2	ukhaad:1
उखाड़ना	ukhadna:2	ukhaadana:1
उखाड़ने	ukhaadaney:1	ukhadane:1	ukhadne:1
उखीमठ	ukhimath:3
उग	ugg:2	ug:1
उगता	ugta:3	ugata:1	ugtaa:1
उगती	ugaati:1	ugati:1	ugti:1
उगते	ugate:1	ugatey:1	ugte:1
उगने	ugane:2	uganey:1
उगलता	ugalta:2	ugalata:1
उगलना	ugalana:1	ugalna:1	ugalney:1
उगलने	ugalane:1	ugalne:1	ugalney:1
उगलवा	ugalva:3
उगले	ugale:2	ugaley:1
उगाई	ugai:2	ugaee:1
उगाएं	ugaen:2	ugaein:1
उगाना	ugana:3
उगाने	ugane:2	ugaane:1	ugaaney:1
उगाया	ugaya:3	ugaaya:1
उगाही	ugaahi:2	ugahi:2
उगे	uge:2	ugey:1
उग्र	ugra:3
उग्रता	ugrata:3
उग्रवाद	ugravaad:1	ugravad:1	ugrawad:1
उग्रवादियों	ugarvadiyon:1	ugravadiyon:1	ugrawadiyon:1
उग्रवादी	ugarwadi:1	ugravadi:1	ugrawadi:1
उचित	uchit:3
उचेहरा	uchehara:3
उच्च	ucch:1	uchch:1	uchh:1
उच्चतम	ucchtam:2	ucchatam:1	uchchtam:1	uchhtam:1
उच्चतर	ucchatar:1	uchchtar:1	uchhtar:1
उच्चता	ucchata:1	uchchta:1	uchhta:1
उच्चस्तरीय	achhstariy:1	ucchasariya:1	ucchstariiya:1	uchchstariy:1
उच्चाधिकार	achhadhikari:1	ucchadhikaar:1	uchchadhikar:1
उच्चायुक्त	ucchayukta:1	uchchayukta:1	uchhayukt:1
उच्चायोग	ucchayog:1	uchchayog:1	uchhayog:1
उच्चारण	uchharan:3	uccharan:1	uchcharan:1
उच्चारित	uchharit:2	ucchaarit:1
उच्छिष्ट	uccchisht:1	ucchishta:1	uchchhisht:1
उछलते	ucchalte:2	uchhalate:1
उछलना	ucchalna:2	uchlana:1
उछलने	ucchalne:1	uchhalne:1	uchlane:1
उछाल	uchhal:2	uchal:1	uchhaal:1
उछालने	uchhalne:2	uchhalane:1
उछाली	uchhali:3
उछाह	ucchah:1	uchah:1	uchhah:1
उजड़	ujad:3
उजड़ने	ujadne:2	ujadane:1
उजड़ा	ujda:3
उजड़ी	ujdi:2	ujadi:1
उज़्बेक	uzbek:2	ujback:1
उज़्बेकिस्तान	uzbekistan:2	ujbekistan:1
उजागर	ujagar:2	ujaagar:1
उजाला	ujala:6	ujaala:1
उज्जयिनी	ujjayini:2	ujjyini:1
उज्जवल	ujjawal:2	ujjwal:1
उज्जैन	ujjain:3
उज्ज्वल	ujjval:2	ujjawal:1	ujjwal:1
उठ	uth:3
उठकर	uthkar:3
उठता	uthata:2	uthta:1
उठती	uthati:2	uthti:1
उठते	uthate:3	uthte:1
उठना	uthana:2	uthna:1
उठने	uthne:2	uthane:1
उठा	utha:4	uthaa:1
उठाई	uthai:3	uthaai:1
उठाए	uthae:2	uthaaye:1	uthaye:1
उठाएं	uthaaein:1	uthaein:1	uthaen:1	uthayen:1
उठाकर	uthakar:3	uthaakar:1
उठाता	uthata:3	uthaata:2	uthaataa:1	uthataa:1
उठाती	uthati:3	uthaati:2
उठाते	uthate:3	uthaate:2
उठाना	uthana:3	uthaana:1
उठानी	uthani:3	uthaani:1
उठाने	uthane:3	uthaane:2
उठानेवाले	uthaanewale:1	uthanewala:1	uthanewale:1
उठापटक	uthapatak:5	uthaapatak:2
उठाया	uthaya:3
उठायी	uthayi:3
उठाये	uthaye:3
उठायें	uthayen:3
उठावें	uthaven:3
उठी	uthi:4
उठे	uthe:3
उठें	uthen:3
उठो	utho:3
उड़	ud:2	uad:1	uood:1
उड़ती	udati:3
उड़ते	udate:3
उड़न	udan:2	uddn:1
उड़ना	udana:2	udanaa:1	udna:1
उड़ने	udane:2	udne:1
उड़वा	udava:2	udva:1
उड़ा	uda:2	udaa:2
उड़ाती	udati:3	udaati:1
उड़ान	udaan:2	udan:2
उड़ाना	udana:3	udaanaa:1
उड़ाने	udaane:2	udane:1
उड़ानें	udanen:2	udaanen:1
उड़ानों	udanon:2	udaanon:1
उड़ाया	udaya:2	udaaya:1
उड़िया	udiya:3
उड़िसा	udisa:2	odisa:1	odissa:1
उड़ी	udi:3
उड़ीसा	odisha:1	orissa:1	udisa:1
उड़ेलते	udelte:2	udeylatey:1
उड़ेलना	udeilana:1	udelana:1	udelna:1
उडुपी	udupi:3
उड्डयन	uddyan:2	uddayan:1
उतना	utna:3
उतनी	utani:2	utni:1
उतने	utane:1	utaney:1	utne:1
उतर	utar:6
उतरकर	utarkar:3
उतरता	utarta:2	utarata:1
उतरती	utarti:2	utarati:1
उतरते	utarate:1	utrate:1	uttarante:1
उतरन	utaran:1	utran:1	uttaran:1
उतरना	utarna:1	utrana:1	uttarana:1
उतरने	utarane:1	utarne:1	uttarane:1
उतरवा	utarava:1	utarva:1	uttarava:1
उतरा	utra:2	utara:1
उतराई	utaraai:1	utrai:1	utrayi:1
उतरी	utari:2	utri:1
उतरे	utare:2	utre:1
उतरो	utaro:2	utaaro:1
उतार	utar:2	utaar:1
उतारचढ़ाव	utarchadhav:2	utaarchadhav:1
उतारने	utaarane:2	uatarane:1	utaarne:1	utarane:1
उतारा	uatara:1	utaara:1	utaaraa:1	utara:1
उतारू	utaaru:2	utaru:2
उतारे	utare:3	utaare:1
उतारें	utaren:3	utaaren:1	uttaren:1
उतावला	utavala:2	utavla:1	utawala:1
उतावली	utavali:2	utawali:2	utaavali:1
उतावलेपन	utavalepan:2	utaavalepan:1	utavlepan:1	utawalepan:1
उत्कंठा	utkantha:3
उत्कर्ष	utkarsh:3
उत्कल	utkal:3
उत्कीर्ण	utkeern:2	utkirn:1
उत्कृष्ट	utkrisht:2	utkrusht:1
उत्कृष्टता	utkrishtata:1	utkrishtataa:1	utkrushtata:1
उत्खनन	utkhanan:3
उत्तपम	uttapam:2	uttpam:1
उत्तम	uttam:4
उत्तर	uttar:6
उत्तरकाशी	uttarkashi:3
उत्तरजीविता	uttarjivita:3
उत्तरदायित्व	uttardayitv:2	uttardayitva:1
उत्तरदायित्वों	uttardayitvon:2	uttardayitvov:1
उत्तरदायी	uttardayi:3	uttardai:1
उत्तरपश्चिम	uttarpashchim:2	uttarpachhim:1
उत्तरपश्चिमी	uttarpachimi:1	uttarpashchim:1	uttarpashchimi:1
उत्तरपूर्व	uttarpurv:2	uttarpurav:1	uttarpurva:1
उत्तरपूर्वी	uttarpurvi:4
उत्तरप्रदेश	uttarpradesh:3
उत्तरा	uttra:2	uttara:1
उत्तरांचल	uttranchal:2	uttraanchal:1
उत्तराखंड	uttarakhand:4	uttrakhand:4
उत्तराधिकार	uttradhikar:2	uttradhikaar:1
उत्तराधिकारियों	uttradhikariyon:2	uttaradhikariyon:1
उत्तराधिकारी	uttaradhikari:3	uttradhikari:3
उत्तरायण	uttrayan:2	uttarayan:1
उत्तरार्द्ध	uttardh:1	uttraadharya:1	uttrardh:1
उत्तरार्ध	uttarardh:2	uttaradh:1	uttradharya:1	uttrardh:1
उत्तरी	uttari:3
उत्तरोत्तर	uttarottar:3
उत्ताल	uttal:2	uttaal:1
उत्तीर्ण	uttirn:2	utteeran:1
उत्तुंग	uttung:3
उत्तेजक	uttejak:2	utteyjak:1
उत्तेजना	uttejana:2	utteyjana:1
उत्तेजनापूर्ण	uttejanapurn:2	uttejanapooran:1
उत्तेजित	uttejit:3
उत्थान	utthan:3
उत्पत्ति	utpatti:3	utpati:1
उत्पन	utpan:3
उत्पन्न	utpann:2	utpanna:1
उत्परिवर्तन	utparivartan:3
उत्पल	utpal:3
उत्पात	utpat:2	utpaat:1
उत्पाद	utpad:3
उत्पादक	utpadak:3
उत्पादकता	utpadakata:1	utpadakta:1	utpadkata:1
उत्पादकों	utpadakon:3
उत्पादन	utpadan:5	utpaadan:1
उत्पादित	utpadit:3
उत्पादों	utpado:2	utpadon:3
उत्पीड़न	utpidan:3
उत्प्रेरक	utprerak:3
उत्प्रेरण	utpreran:3
उत्प्रेरित	utprerit:3
उत्सर्जक	utsarjak:2	utsajark:1
उत्सर्जन	utsarjan:3
उत्सर्जित	utsarjit:3
उत्सव	utsav:6
उत्सवों	utsavon:2	utsavov:1
उत्साह	utsah:2	utsaah:1
उत्साहजनक	utsahjanak:2	utsaahjanak:1
उत्साहपूर्ण	utsahpurn:2	utsaahpooran:1
उत्साहित	utsahit:2	utsaahit:1
उत्साही	utsahi:2	utsaahi:1
उत्सुक	utsuk:3
उत्सुकता	utsukta:3	utsukata:1
उथलपुथल	uthalputhal:3
उथली	uthali:2	uthli:1
उथले	uthale:1	uthaley:1	uthle:1
उदंत	udant:3
उदगम	udgam:3
उदघाटन	udghatan:2	udghaatan:1
उदघोष	udghosh:3
उदय	uday:4
उदयन	udayan:3
उदयपुर	udaipur:4	udaypur:1
उदयभान	udaybhan:2	udaibhan:1
उदयराज	udayraj:2	udairaj:1
उदयवीर	udayveer:2	udayvir:1
उदयसिंह	udaysingh:2	udaysinh:1
उदर	udar:3
उदा	uda:2	udaa:1
उदाकिशुनगंज	udakishunganj:2	udakishuganj:1
उदात्त	udatt:2	udaatt:1
उदार	udar:3
उदारता	udarta:2	udarata:1
उदारवाद	udarvad:2	udarwad:1
उदारवादी	udarvadi:2	udarwadi:1
उदारीकरण	udarikaran:3
उदास	udaas:3
उदासी	udaasi:3	udasi:1
उदासीन	udaaseen:1	udaasin:1	udaseen:1	udasin:1
उदासीनता	udaaseenta:1	udaasinata:1	udaasinta:1	udasinata:1
उदाहरण	udaharan:2	udaaharan:1
उदाहरणस्वरूप	udaharanswarup:2	udaaharanswarup:1	udaharanswaroop:1
उदाहरणों	udaharanon:2	udaharnon:1
उदित	udit:3
उद्गम	udgam:2	uddam:1
उद्गार	uddar:1	udgaar:1	udgar:1
उद्गारों	udgaron:2	uddaaron:1
उद्घाटन	udghatan:2	udghaatan:1
उद्घाटित	udghatit:2	udghaatit:1
उद्घोष	udghosh:2	uddhghosh:1
उद्घोषणा	udghoshna:2	uddghoshanaa:1
उद्दालक	uddalak:2	udalak:1
उद्दीन	uddin:3
उद्दीपन	uddipan:3
उद्देशिका	uddeshika:2	udeshika:1
उद्देश्य	uddeshya:5	uddeshy:2
उद्देश्यपरक	uddeshyaparak:2	uddeshyparak:1
उद्देश्यों	uddeshyon:2	uddeshiyon:1
उद्धत	uddat:1	uddham:1	uddhat:1
उद्धरण	uddharan:2	uddran:1
उद्धरणों	uddharanon:1	uddharnon:1	uddhranon:1
उद्धव	uddhav:2	uddav:1
उद्धार	uddhar:3
उद्धृत	uddadhat:1	uddhrit:1	udhrit:1
उद्यम	udyam:2	uddham:1
उद्यमशीलता	uddhamsheelata:1	udyamsheelta:1	udymshilata:1
उद्यमिता	udyamita:2	uddhamita:1
उद्यमियों	uddhamiyon:1	udyamiyon:1	udymiyon:1
उद्यमी	uddhami:1	udyami:1	udymi:1
उद्यमों	udyamon:2	uddhamon:1
उद्यान	udyan:4	uddan:1	udyaan:1
उद्यानों	udyanon:2	uddhanon:1
उद्यापन	udyapan:4	udhyapan:1	udyaapan:1
उद्योग	udyog:11	udhyog:2
उद्योगपतियों	udyogpatiyon:3
उद्योगों	udyogon:3
उद्विग्न	udvign:1	udvigna:1	udwigna:1
उधम	udham:3
उधमपुर	udhampur:3
उधर	udhar:3
उधार	udhar:3
उधेड़ने	udhedane:1	udheddane:1	ughedne:1
उन	un:3
उनका	unka:5
उनकी	unki:3
उनके	unke:3
उनको	unko:3
उनतीस	untees:3	unatees:1
उनने	unane:2	unne:1
उनमें	unmen:2	unmain:1
उनसे	unse:3
उनियाल	uniyal:3
उन्नत	unnat:3
उन्नति	unnati:3
उन्नयन	unnayan:3
उन्नाव	unnao:3
उन्नीकृष्णन	unnikrishnan:3
उन्नीस	unnis:3	unnees:1
उन्नीसवीं	unnisavin:2	unnisvin:1
उन्माद	unmad:3
उन्मादी	unmadi:3
उन्मुक्त	unmukt:3
उन्मुक्तता	unmuktata:1	unmuktataa:1	unmuktta:1
उन्मुक्ति	unmukti:3
उन्मुख	unmukh:3
उन्मुखीकरण	unmukhikaran:2	unmukhikarana:1
उन्मूलन	unmulan:3
उन्हीं	unhi:4	unhin:2
उन्हें	unhe:55	unhen:4	unhein:2
उन्होंने	unhone:6	unhonen:1
उप	up:3
उपकर	upkar:2	upakar:1
उपकरण	upkaran:2	upakaran:1
उपकरणों	upakarno:2	upkaranon:2	upakaranon:1
उपकार	upakaar:1	upkaar:1	upkar:1
उपकुलपति	upkulpati:2	upakulapati:1
उपक्रम	upkram:2	upakram:1
उपक्रमों	upkramon:2	upakramon:1
उपखंड	upkhand:3
उपखंडों	upkhandon:2	upakhandon:1
उपग्रह	upgrah:2	upagrah:1
उपग्रहों	upgrahon:2	upagrahon:1
उपचार	upchar:3	upchaar:1
उपचारात्मक	upcharatmak:2	upacharatmak:1	upchaaratmak:1
उपचारित	upcharit:3	upchaarit:1
उपचारों	upcharon:2	upacharon:1	upchaaron:1
उपचुनाव	upchunav:5	upachunav:1	upchunaav:1
उपज	upaj:3
उपजाई	upjai:2	upjaai:1
उपजाऊ	upjau:2	upajaoo:1	upjaauu:1
उपजाति	upjaati:2	upjati:2
उपजातियों	upjatiyon:5	upjaatiyon:2
उपजाते	upjate:2	upjaate:1
उपजी	upaji:2	upajii:1
उपजे	upaje:3
उपदेश	updesh:5	upadesh:1
उपदेशक	upadeshak:2	updeshak:1
उपदेशकों	updeshakon:2	upadeshakon:1
उपदेशों	upadeshon:2	updeshon:1
उपद्रव	upadrav:2	updrav:1	updrawa:1
उपद्रवियों	upadraviyon:1	updravion:1	updraviyon:1
उपद्रवी	updravi:2	upadravi:1
उपद्रवों	upadrawon:2	updravon:1
उपनगर	upnagar:2	upanagar:1
उपनगरीय	upanagariy:1	upnagariya:1	upnagariye:1
उपनगरों	upanagaron:1	upanagron:1	upnagaron:1
उपनाम	upnaam:2	upanam:1
उपनिदेशक	upnideshak:3	upnirdeshak:2	upanideshak:1
उपनियम	upaniyam:2	upniyam:1
उपनिवेश	upnivesh:2	upanivesh:2
उपनिवेशन	upniveshan:2	upaniveshan:1
उपनिवेशवाद	upaniveshawad:1	upniveshvad:1	upniveshwaad:1
उपनिवेशवादियों	upaniveshawadiyon:1	upniveshvadiyon:1	upniveshwaadiyon:1
उपनिवेशवादी	upaniveshawadi:1	upniveshvadi:1	upniveshwaadi:1
उपनिवेशों	upaniveshon:1	upnivehson:1	upniveshon:1
उपनिषद	upanishad:2	upnishad:1
उपनिषदों	upanishadon:1	upnishadon:1	upnishdon:1
उपनेता	upneta:3
उपन्यास	upanyas:27	upnyas:3	upanyaas:1
उपन्यासकार	upnyaskar:2	upanyaaskaar:1
उपन्यासों	upanyaason:1	upanyason:1	upnyason:1
उपप्रजाति	upprajati:3	upprajaati:1
उपप्रधानमंत्री	uppradhanmantri:5	upapradhaanmantri:1
उपभोक्ता	upbhokta:2	upabhokta:1
उपभोक्ताओं	upbhoktaon:2	upabhoktaon:1
उपभोक्तावाद	upabhoktawaad:1	upbhoktavad:1	upbhoktawad:1
उपभोक्तावादी	upabhoktawaadi:1	upbhoktavadi:1	upbhoktawadi:1
उपभोग	upbhog:3
उपमन्यु	upmanyu:2	upamanyu:1
उपमहाद्वीप	upmahadweep:2	upmahaadvip:1	upmahaadweep:1	upmahadhwip:1
उपमहाद्वीपीय	upmahaadwipiya:1	upmahadhwipiya:1	upmahadweepiye:1
उपमहानिरीक्षक	upmahanirikshak:4	upmahaaniriikshak:1	upmahaanirikhsak:1
उपमहासचिव	upmahasachiv:3
उपमा	upma:3
उपमुख्यमंत्री	upmukhyamantri:3	upmukhymantri:2	upmukhyamanti:1
उपयुक्त	upyukt:5	upayukt:1
उपयोक्ता	upyokta:2	upyokata:1
उपयोग	upyog:6
उपयोगकर्ता	upyogkarta:3
उपयोगार्थ	upyogarth:3
उपयोगिता	upyogita:3
उपयोगितावाद	upyogitavad:2	upyogitawad:1
उपयोगी	upayogi:3	upyogi:3
उपयोगों	upyogon:3
उपरांत	uprant:3
उपराष्ट्रपति	uprashtrapati:3	uaprashtrapati:1	upraashtrapati:1	uprashtrpati:1
उपरोक्त	uprokt:3
उपलक्ष्य	uplaksh:1	uplakshay:1	uplakshya:1
उपलब्ध	uplabdh:3
उपलब्धता	uplabdhata:2	uplabhdhata:1
उपलब्धि	upalabdhi:3	uplabdhi:3
उपलब्धियां	uplabdhiyaan:1	uplabdhiyan:1	uplabhiyan:1
उपलब्धियों	uplabdhiyon:3
उपलब्धी	uplabdhi:3
उपलव्ध	uplabdh:3
उपले	upale:1	upaley:1	uple:1
उपवन	upvan:3
उपवर्ग	upvarg:3
उपवास	upvaas:2	upvas:1
उपवासों	upvason:2	upvaason:1
उपविजेता	uapvijeta:1	upvijeta:1	upvijetaa:1
उपवेद	upved:3
उपसंहार	upsanhar:2	upsanhaar:1
उपसचिव	upsachiv:3
उपसमूह	upsamooh:3	upsamuh:2	uapsamuh:1
उपसमूहों	uapsamuhon:1	upsamoohon:1	upsamuhon:1
उपसर्ग	upsarg:6
उपस्कर	upaskar:2	upskar:1
उपस्थित	upasthit:2	upsthit:1
उपस्थिति	upsthiti:5	upasthiti:2
उपहार	uphaar:2	uphar:1
उपहास	uphaas:2	uphas:1
उपाख्यानों	upakhyanon:2	upakhyaanon:1
उपादान	upadan:2	updan:1
उपाधि	upadhi:3
उपाधियां	upadhiyan:2	upadhiyaan:1
उपाधियों	upadhiyon:3
उपाध्यक्ष	upadhyaksh:5	upadhyaksha:1
उपाध्याय	upadhyay:3
उपापचय	upapchay:2	upapachay:1
उपाय	upaay:1	upay:1	upaye:1
उपार्जन	uparjan:2	uparsan:1
उपाल	upal:2	upaal:1
उपासक	upasak:3
उपासना	upasana:2	upasna:1
उपास्य	upasya:2	upasy:1
उपेक्षा	upeksha:3
उपेक्षित	upekshit:3
उपेक्षितों	upekshiton:3
उप्पल	uppal:3
उप्र	upr:3	upra:1
उप्साला	uppsala:2	upsala:1
उफान	ufaan:3	ufan:1	uphaan:1	uphan:1
उबंटू	ubuntu:3
उबर	uber:3
उबल	ubal:2	ubel:1
उबली	ubali:2	ubalee:1	ubli:1
उबले	uble:2	ubale:1
उबाल	ubal:3	ubaal:1
उबालकर	ubaalkar:2	ubalkar:1
उबालना	ubaalna:1	ubalana:1	ubalna:1
उबालने	ubaalne:1	ubalane:1	ubalne:1
उबाले	ubale:3	ubaale:2
उबेर	uber:3
उभय	ubhay:3
उभयलिंगी	ubhaylingi:3	ubhyalingi:1
उभर	ubhar:3
उभरकर	ubharkar:3
उभरता	ubharta:2	ubharata:1
उभरती	ubharti:2	ubharati:1
उभरते	ubharate:2	ubharte:1
उभरनी	ubharani:2	ubharni:1
उभरने	ubharane:2	ubharne:1
उभरा	ubhara:2	ubhra:2
उभरी	ubhari:2	ubhri:1
उभरे	ubhre:2	ubhare:1
उभार	ubhar:3
उभारकर	ubharkar:3
उभारती	ubharati:2	ubharti:1
उभारा	ubhara:2	ubhaara:1
उभारों	ubharon:3	ubhaaron:1
उमंग	umang:3
उमंगों	umangon:3
उमड़	umad:3
उमर	umar:3
उमराव	umrao:2	umrav:2
उमरिया	umaria:2	umriya:1
उमस	umas:3
उमा	uma:4
उमानाथ	umanath:3
उमेश	umesh:3
उम्दा	umda:3
उम्मीद	ummed:1	ummeed:1	ummid:1
उम्मीदवार	umeedwar:1	ummedwar:1	ummidvar:1
उम्मीदवारों	ummedwaron:2	umidvaron:1
उम्मीदें	ummiden:2	ummeedein:1
उम्मीद्वार	ummedwar:1	ummeedwar:1	ummidvar:1
उम्मेदसिंह	ummedsingh:2	umeidsingh:1
उम्र	umra:2	umar:1
उम्रदराज	umradaraaj:1	umradaraz:1	umradraj:1
उम्रभर	umrabhar:2	umarbhar:1
उरुग्वे	uroogway:1	uruguay:1	urugve:1
उरू	uru:2	uroo:1
उर्जावान	urjaawaan:1	urjavan:1	urjawan:1
उर्फ	urf:1	urfa:1	urff:1
उर्मिल	urmil:3
उर्मिला	urmila:3
उर्वरक	urvarak:2	urwarak:1
उर्वरकता	urvarakta:1	urvarkata:1	urwarkata:1
उर्वरकों	urvarakon:1	urvarkon:1	urwarakon:1
उर्वरता	urvarata:1	urvarta:1	urwarta:1
उर्वरा	urvara:2	arwara:1
उर्वशी	urvashi:3
उर्स	urs:2	urse:1
उल	ul:3
उलंघन	ulanghan:3
उलझ	ulajh:3
उलझन	uljhan:3
उलझना	ulajhna:2	uljhana:1
उलझने	uljhane:2	ulajhne:1
उलझनों	uljhanon:3
उलझा	uljha:3
उलझाने	uljhane:3
उलझे	uljhe:3
उलट	ulat:3
उलटी	ulti:2	ulati:1
उलटे	ulte:2	ulate:1
उलाहना	ulahna:2	ulahana:1
उलूक	uluk:2	ulook:1
उलूम	uloom:1	ulum:1	ulun:1
उलेमा	ulema:3
उलेमाओं	ulemaon:3
उल्का	ulka:3
उल्टा	ulta:3
उल्टियों	ultiyon:3
उल्टी	ulti:3
उल्टे	ulte:3
उल्फा	ulfa:3
उल्मा	ulma:3
उल्लंघन	ullanghan:4
उल्लंघनकर्ता	ullanghankarta:3
उल्ला	ulla:3
उल्लाल	ullal:3
उल्लास	ullas:3
उल्लिखित	ullikhit:2	ullekhit:1
उल्लू	ullu:3
उल्लेख	ullekh:3
उल्लेखनीय	ullekhaniya:2	ullekhniya:2	ulekhniye:1
उल्लेखित	ullekhit:3
उष्ण	ushna:2	ushn:1
उष्णकटिबंधीय	ushnakatibandhiya:1	ushnkatibandhiy:1	ushnkatibandhiya:1
उस	us:2	usa:1
उसक	usak:3
उसका	uska:2	usaka:1
उसकी	uski:2	usaki:1
उसके	uske:2	usake:1
उसको	usko:2	usako:1
उसने	usne:3
उसपर	uspar:2	usper:1
उसमें	usmen:7	usmein:2
उसर	usar:3
उससे	usse:2	usase:1
उसी	usi:3
उसूलों	usulon:3
उसे	use:3
उस्तरा	ustara:3
उस्ताद	ustad:2	ustaad:1
उस्मान	usman:3
उस्मानिया	usmaniya:2	usmania:1
उस्मानी	usmani:3
ऊ	u:2	oo:1
ऊं	un:2	oon:1
ऊंच	unch:2	oonch:1
ऊंचा	uncha:4	ooncha:1	uuncha:1
ऊंचाइयों	unchaiyon:2	oonchaiyon:1
ऊंचाई	unchai:2	oonchai:1
ऊंची	unchi:2	oonchi:1
ऊंचे	unche:2	oonche:1
ऊंट	unt:2	oont:1
ऊंटों	unton:2	oonton:1
ऊखीमठ	ukhimath:3
ऊटपटांग	ootpatang:2	utpatang:2	utptang:2
ऊटी	uti:2	ooty:1
ऊतक	ootak:2	utak:3
ऊन	un:2	oon:1	uun:1
ऊनी	uni:2	ooni:1
ऊपर	upar:2	ooper:1
ऊपरकोट	oopercoat:1	uparcoat:1	uparkot:1
ऊपरी	upri:2	ooperi:1	upari:1
ऊबड़	ubad:3
ऊबड़खाबड़	ubadkhabad:2	ubarkhabad:1
ऊर्जा	urja:3
ऊर्जावान	urjavan:2	urjawan:1
ऊर्ध्व	udharv:1	udhrva:1	urdhav:1
ऊर्फ	urf:2	urfa:1
ऊल	ul:2	ool:1
ऊषा	usha:3
ऊष्मा	ushma:3
ऋ	ru:2	ra:1
ऋग्वेद	rigved:5	rudved:1	rugved:1
ऋणदाता	kshandata:1	rindata:1	runadata:1
ऋणात्मक	rinatmak:1	rnatmak:1	runatmak:1
ऋणों	ranon:1	rinon:1	runon:1
ऋतिक	ritik:2	hrithik:1	rutik:1
ऋतु	ritu:2	rutu:1
ऋतुओं	rituon:2	rutuon:1
ऋतुराज	rituraj:2	ruturaj:1
ऋत्विक	rutvik:2	rithvik:1
ऋर्षि	rishi:2	rushi:1
ऋषभ	rishabh:2	rushabh:1
ऋषभदेव	rishabhdev:2	rushabhadev:1
ऋषि	rishi:7	rushi:1
ऋषिकुल	rishicool:1	rishikul:1	rushikul:1
ऋषिकेश	rishikesh:3	rushikesh:1
ऋषिगण	rishigan:2	rushigan:1
ऋषिमुनियों	rishimuniyon:2	rushimuniyon:1
ऋषियों	rishiyon:2	rushiyon:1
ऋषिराज	rishiraj:2	rushiraj:1
एंकर	anchor:5
एंकरिंग	anchoring:3
एंगल	angle:6
एंग्लो	anglo:3
एंजल्स	angels:3
एंजाइम	enzyme:4
एंजाइम्स	enzymes:4
एंजेला	angela:3
एंजेलो	angelo:2	enjelo:1
एंटन	anton:2	antan:1
एंटरटेनमेंट	entertainment:4
एंटी	anti:10
एंटीऑक्सीडेंट	antioxydent:3	antioxidant:2	antioxidants:1
एंटीक	antic:2	antique:1
एंटीफंगल	antifungal:6
एंटीबायटिक	antibiotic:5
एंटीबायोटिक	antibiotic:6
एंटीबॉडी	antibody:7
एंटीवायरस	antivirus:5	antiviral:1
एंटीसेप्टिक	antiseptic:3	anticipate:1
एंटेना	antena:3	antenna:1
एंटोन	anton:2	entone:1
एंटोनिया	antoniya:2	antonia:1
एंटोनियो	antoniyo:2	antonio:1
एंटोनी	antony:2	antoni:1
एंट्रिक्स	andrics:1	antix:1	antriks:1
एंट्री	entry:6
एंड	and:10	end:1
एंडरसन	anderson:8
एंडर्सन	anderson:3
एंडलेस	endless:2	andless:1
एंडोमेट्रियल	endometrial:3
एंडोर्फिन	endorphin:2	androfine:1
एंड्रयू	andrew:3
एंड्रियास	andreas:3
एंड्री	andrey:2	andry:1
एंड्रे	andre:3
एंड्रॉइड	android:3
एंड्रॉयड	android:7
एंड्रोजन	androgen:3
एंथनी	anthony:2	anthani:1
एंथोनी	anthony:3
एंबेसी	embassy:3
एअर	air:3
एआई	ai:3
एआईएडीएमके	aiadmk:3
एआईसीसी	aicc:3
एआरसी	arc:3
एई	ae:3
एएआई	aai:3
एएफसी	afc:3
एएम	am:3
एएमएल	aml:3
एएमजी	amg:3
एएलएस	als:3
एएसआई	asi:3
एएसपी	asp:3
एक	ek:9
एकं	ekam:3
एककोशीय	ekkoshiya:2	ekkosheeye:1
एकजुट	ekjut:5	ekjutt:1
एकजुटता	ekjutta:2	ekjutata:1
एकड़	ekad:3
एकतरफा	ektarfa:3
एकता	ekta:5	ekata:1
एकत्र	ekatra:3	akatra:1	ektra:1	ykatra:1
एकत्रित	ekatrit:1	ektrita:1	ykatrit:1
एकत्रीकरण	ekatrikaran:1	ektrikaran:1	ykatrikaran:1
एकत्व	ekatva:1	ektva:1	ykatva:1
एकदूसरे	ekdusre:2	ekdusrey:1
एकनाथ	eknaath:1	eknath:1	ykanath:1
एकमात्र	ekmatra:2	ykamatra:1
एकरमैन	ekarman:1	ekarmen:1	yakarman:1
एकरूप	ekroop:1	ekrup:1	ykarup:1
एकरूपता	ekroopta:1	ekrupata:1	ykarupata:1
एकलव्य	eklavya:2	ykalavya:1
एकलौते	eklaute:1	eklautey:1	ykalaite:1
एकसमान	eksamaan:2	eksaman:1
एकसाथ	eksaath:2	eksath:1
एकांकी	ekanki:2	ykankika:1
एकांत	ekant:2	ekaant:1
एकाउंट्स	accounts:3
एकाएक	ekaek:2	ekaaek:1
एकाकी	ekaki:3
एकाग्र	ekaagra:1	ekagra:1	ekagrah:1
एकाग्रचित	ekagrachit:2	ekaagrachit:1
एकाग्रता	ekagrata:2	ekaagrata:1
एकात्मकता	ekatmakta:2	ekatmkata:1
एकादश	ekadash:3
एकादशी	ekadashi:6
एकाध	ekadh:2	ekaadh:1
एकाधिक	ekadhik:2	ekadhikar:1
एकाधिकार	ekadhikar:2	ekaadhikaar:1
एकीकरण	ekikaran:2	ekikarana:1
एकीकृत	ekikrat:1	ekikrit:1	ekikrut:1
एकेपी	akp:3
एकॉर्ड	accord:3
एकॉस्टिक	acoustic:2	ecostic:1
एक्ज़िट	exit:3
एक्ज़ीक्यूटिव	executive:3
एक्जीक्यूटिव	executive:2	exhicutive:1
एक्ट	act:8
एक्टर	actor:4
एक्टर्स	actors:3
एक्टिंग	acting:3
एक्टोपिक	actopic:3
एक्युरेसी	accuracy:3
एक्शन	action:10
एक्स	x:10	axe:10	ex:1
एक्सएम	xm:3
एक्सचेंज	exchange:4
एक्सटेंशन	extension:4
एक्सट्रीम	extreme:4
एक्सट्रैक्शन	extraction:4
एक्सपी	xp:3
एक्सपेंडेबल	expendable:3
एक्सपो	expo:3
एक्सपोर्ट	export:3
एक्सप्रेशन	expression:3
एक्सप्रेस	express:3
एक्सप्रेसवे	expressway:3
एक्सप्रैस	express:3
एक्सप्लेन	explain:2	xplane:1
एक्सरे	xray:5
एक्सल	excel:3
एक्सा	exa:2	axa:1
एक्सिस	axis:3
एक्सीडेंट	accident:8
एक्सेंचर	accenture:1	exchanger:1	exensor:1
एक्सेस	access:5	excess:1
एक्स्ट्रीम	extreme:2	extrim:1
एगमोर	egmore:2	egmor:1
एग्री	agree:2	agri:1
एग्रीकल्चर	agriculture:3
एग्रीमेंट	agreement:9
एग्रो	agro:3
एग्स	eggs:3
एच	h:3
एचआइवी	hiv:3
एचआईवी	hiv:3
एचईसी	hec:2	hic:1
एचएएल	hal:3
एचएमएस	hms:3
एचएस	hs:3
एचएसआई	hsi:3
एचटीएमएल	html:3
एचटीटीपी	http:3
एचटीसी	htc:2	hdc:1
एचडीएफसी	hdfc:3
एचडीएमआई	hdmi:3
एचपीवी	hpv:3
एचपीसीएल	hpcl:3
एज	age:5
एजटेक	agtack:1	edgetech:1	eztech:1
एजबेस्टन	ajvestan:1	edgbaston:1	edgebeston:1
एजी	ag:3
एजुकेशन	education:7
एजे	aj:3
एजेंट	agent:4
एजेंटों	agenton:3
एजेंडा	agenda:4
एजेंडे	agende:3
एजेंसियां	agenciyaan:1	agenciyan:1	ajensiyan:1
एजेंसियों	agenciyon:2	agensiyon:1
एजेंसी	agency:4
एजोला	azolla:2	ejola:1
एट	at:4	ate:1
एटम	atom:3	etom:1
एटलस	atlas:4
एटा	etah:2	eta:1
एटीआर	atr:3
एटीएफ	atf:3
एटीएम	atm:4
एटीपी	atp:3
एटेंशन	attention:3
एट्रेसिया	atrasiya:1	atresiya:1	etresiya:1
एड	add:3	ad:1	ed:1
एडन	adan:2	aiden:1
एडम	adam:3
एडमंड	admand:1	admond:1	edmond:1
एडमिनिस्ट्रेशन	administration:3
एडमिरल	admiral:3
एडल्ट	adult:3
एडल्ट्स	adults:3
एडवर्ड	edward:2	adverd:1	adward:1	adword:1
एडवर्ड्स	edwards:3	adwords:2	adverds:1	edwords:1
एडवांस	advance:4
एडवांस्ड	advanced:3
एडवाइस	advice:6
एडविन	edwin:2	advin:1
एडवेंचर	advencher:4	adventure:3
एडवेंचर्स	adventures:2	advenchers:1
एड़ी	edi:3
एडिक्शन	addiction:2	ediction:1
एडिट	edit:2	adit:1
एडिटर	editor:3
एडिटिंग	editing:3
एडिडास	adidas:3
एडिनबर्ग	edinburgh:3	edinburg:1
एडिलेड	adelaide:2	edilade:1
एडिसन	edison:3
एडी	ad:2	aedi:1	aidi:1	edi:1
एडीआर	adr:3
एडीपी	adp:3
एडीबी	adb:3
एडीलेड	adelaide:1	edelade:1	edilade:1
एडीसन	edison:3
एडेड	added:1	aided:1	eded:1
एडेन	adain:1	aden:1	edan:1
एडॉल्फ	adolf:3
एडोब	adobe:2	adob:1
एडोल्फ	adolf:3
एड्डी	addi:1	eddi:1	eddie:1	eddy:1
एड्रीनलीन	adrenaline:1	edrenalin:1	edrenaline:1
एड्रेनल	adrenal:2	adrenaline:1
एड्रेस	address:3
एड्स	adis:5	aids:2	ads:1
एतबार	aitbaar:2	aitbar:2
एतिहासिक	aitihasik:1	athihasik:1	atihaasik:1	etihaasik:1
एथन	ethan:3
एथलीट	athlete:3	athlet:1
एथलीटों	athleton:2	ethleto:1
एथलेटिक	athletic:3
एथिक्स	ethics:3
एथेंस	athens:3
एथेना	athena:3
एनआईआर	nir:3
एनआईए	nia:3
एनआईएस	nis:3
एनआईटी	nit:3
एनएचएस	nhs:3
एनएचपीसी	nhpc:3
एनएफएल	nfl:3
एनएमडीसी	nmdc:3
एनएसए	nsa:3
एनएसजी	nsg:3
एनएसडीसी	nsdc:3
एनएससीएन	nscn:3
एनक्रिप्शन	encryption:2	encription:1
एनक्लेव	enclave:3
एनजीओ	ngo:3
एनटीपीसी	ntpc:3
एनडीए	nda:3
एनडीटीवी	ndtv:3
एनपीए	npa:3
एनपीएफ	npf:3
एनपीसीआई	npci:3
एनफील्ड	enfield:3
एनबीसी	nbc:3
एनरॉन	anron:1	enron:1	enrone:1
एनर्जी	energy:3
एनसीआर	ncr:5
एनसीसी	ncc:3
एनाटॉमी	anatomy:3
एनार्की	anarchy:2	anarki:1
एनालिटिक्स	analytics:2	analitix:1
एनालिसिस	analysis:2	analisis:1
एनालॉग	analog:1	analogue:1	enalog:1
एनिग्मा	enigma:3
एनिमेटेड	animeted:2	animated:9
एनी	any:2	annie:1
एनीमिया	anemia:2	animiya:1
एनीमेशन	animation:3
एनोरेक्सिया	anorexia:3
एन्यूरिज्म	aneurysm:3
एप	app:2	ape:1
एपिक	epic:3
एपिलेप्सी	epilepsy:3
एपिसोड	episode:5
एपीआई	api:2	epi:1
एपीजे	apj:3
एपीसी	apc:3
एप्प	app:3
एप्पल	apple:3
एप्रोच	approach:3	eproch:1
एप्लाइड	applied:2	eplight:1
एप्लिकेशंस	applications:3
एप्लीकेशन	application:6
एफएम	fm:3
एफजेड	fz:3
एफटीआईआई	ftii:3
एफडीए	fda:3
एफबीआई	fbi:3
एफबीआर	fbr:3
एफसी	fc:3
एफसीसी	fcc:3
एबट	abbott:1	abut:1	ebt:1
एबल	able:3
एबी	ab:3
एबीएन	abn:3
एबीवीपी	abvp:3
एबीसी	abc:3
एबीसीडी	abcd:3
एबेल	abel:1	able:1	ebola:1
एबोट	abbott:2	abbot:1
एम	m:8
एमआई	mi:3
एमआईजी	mig:3
एमआईटी	mit:3
एमआरआई	mri:3
एमआरपी	mrp:3
एमए	ma:3
एमएक्स	mx:3
एमएचआरडी	mhrd:3
एमएम	mm:3
एमएलए	mla:3
एमएलबी	mlb:3
एमएलसी	mlc:3
एमएस	ms:3
एमएसएन	msn:3
एमएसएस	mss:3
एमएसजी	msg:3
एमएससी	msc:3
एमके	mk:3
एमजीएम	mgm:3
एमटीए	mta:3
एमटीएस	mts:3
एमटीवी	mtv:3
एमटेक	mtake:3	mtec:1	mtech:1
एमडी	md:3
एमडीआर	mdr:3
एमडीएमए	mdma:3
एमडीटी	mdt:2	mtt:1
एमनेस्टी	amnesty:2	mnesti:1
एमपी	mp:3
एमपीसी	mpc:3
एमफिल	emfil:1	mfil:1	mfill:1
एमबीए	mba:3
एमबीटी	mbt:3
एमबीडी	mbd:3
एमबीबीएस	mbbs:3
एमरल्ड	emerald:2	emrald:1
एमरसन	emerson:3
एमसीजी	mcg:3
एमसीसी	mcc:3
एमा	ama:1	ema:1	emma:1
एमिटी	amity:3
एमिल	emil:1	emile:1	emily:1
एमिलिया	emilia:2	emiliya:1
एमिलियो	emilio:2	emelia:1
एमिली	emily:2	emilie:1
एमिस	amis:1	amiss:1	emis:1
एमी	amy:2	emi:1
एम्पायर	umpire:2	ampire:1	empire:1	employer:1
एम्बुलेंस	ambulance:3
एम्बेसडर	ambassador:3
एम्मा	emma:2	amma:1
एम्स	ems:2	aims:1	ams:1
एयर	air:3
एयरएशिया	airasia:3
एयरकंडीशन	aircondition:3
एयरकूल्ड	aircooled:4	aircolled:1
एयरटाइम	airtime:3
एयरटेल	airtel:3
एयरपोर्ट	airport:3
एयरप्लेन	airplane:3	eyaraplen:1	eyarplen:1
एयरफील्ड	airfield:2	eyarafild:1	eyarfild:1
एयरफोर्स	airforce:2	eyarafors:1	eyarfors:1
एयरबस	airbus:3	eyarabas:1	eyarbas:1
एयरबेस	airbase:2	airbes:1	eyarabes:1	eyarbes:1
एयरलाइंस	airlines:3	eyaralayins:1	eyarlaains:1
एयरलाइन	airline:3	eyarlayin:1	eyarline:1
एयरलाइनर	airliner:3	airlayinar:1	eyarlayinar:1	eyarliner:1
एयरलाइन्स	airlines:3	airlayins:1	eyarlayins:1	eyarlines:1
एयरलिफ्ट	airlift:3	eyarlift:1
एयरवे	airway:3	eyarave:1	eyarve:1
एयरशो	airshow:3	eyarasho:1	eyarsho:1
एयरो	aero:1	airo:1	euro:1	eyaro:1
एयरोस्पेस	aerospace:2	aerosports:1
एयू	au:3
एरन	arn:1	earn:1	eran:1
एरर	error:3
एरिक	eric:3	erick:1
एरिका	arica:1	erica:1	erika:1
एरिक्सन	ericsson:2	erikson:1
एरिना	erina:2	arina:1
एरिया	aria:2	area:3
एरियाना	ariana:2	eriyana:1
एरी	eri:2	ari:1
एरीना	erina:2	arena:1
एरेना	arena:3
एरोन	aaron:1	aron:1	eron:1
एरोनॉटिक्स	aeronautics:2	aeronatical:1
एरोबिक	aerobic:2	aerobics:1
एर्डोगन	erdogan:2	edragon:1
एल	l:5
एलईडी	led:3
एलएच	lh:3
एलएलपी	llp:3
एलएलबी	llb:3
एलएस	ls:3
एलजी	lg:3
एलजीबीटी	lgbt:3
एलटीई	lti:2	lte:1
एलडी	ld:3
एलन	alan:2	allen:1
एलपीजी	lpg:3
एलबीडब्ल्यू	lbw:3
एलर्जिक	allergic:3
एलर्जी	allergy:3
एलविस	elvis:3
एलवी	lv:2	elvi:1
एलसीए	lca:3
एलसीडी	lcd:3
एला	ela:3
एलाइड	allied:2	elaid:1
एलान	ailan:1	elaan:1	elan:1
एलानो	alano:2	elano:1
एलायंस	alliance:1	allience:1	elines:1
एलिज़ाबेथ	elizabeth:3
एलिजाबेथ	elizabeth:3
एलिट	elite:2	alit:1
एलिमिनेटर	eliminator:3
एलिमिनेशन	elimination:3
एलिमेंट्स	elements:3
एलियंस	alliance:2	aliens:1
एलियट	eliot:2	aliot:1	elliot:1
एलियम	aliam:1	allium:1	eliyam:1
एलिस	alis:2	alice:1	ellis:1
एलिसन	alison:2	allison:1
एलिस्टेयर	alistair:2	elstayar:1
एली	alie:2	ali:1	eli:1
एलीट	elite:2	alit:1
एलीना	elina:2	alina:1
एलुरु	aluru:2	eluru:1
एलेक	alek:3	alec:1
एलेक्स	alex:2	elex:1
एलेक्सिस	alexis:1	alexix:1	elexis:1
एलेक्सी	alexi:2	alexy:1
एलेन	alen:1	allen:1	ellen:1
एलोपैथिक	allopathic:3
एलोरा	allora:1	alora:1	ellora:1
एलोवेरा	aloevera:2	allovera:1
एल्गर	algar:2	elgar:1
एल्गोरिथम	algorithm:2	algoritham:1
एल्टन	alton:2	elton:1
एल्टीट्यूड	altitude:3
एल्डर	elder:3	alder:1
एल्फा	alpha:3
एल्फाबेट	alphabet:5
एल्बम	album:4
एल्बुमिन	albumin:2	elbumin:1
एल्बे	elbe:2	elbey:1
एल्युमीनियम	aluminium:3
एल्यूमीनियम	aluminium:8
एल्विन	elvin:2	alvin:1
एल्स	else:2	els:1
एवं	evam:88	avn:1	evan:1
एवम्	avam:1	avm:1	evam:1
एवरेज	average:3
एवरेडी	eveready:2	evready:1
एवरेस्ट	everest:3
एवरो	evro:2	avro:1
एवर्टन	avarton:1	averton:1	everturn:1
एवलिन	avlin:2	evelyn:1
एविएशन	aviation:3
एविडेंस	evidence:4
एविल	evil:2	avil:1
एवीएस	avs:3
एवो	evo:3
एवोल्यूशन	evolution:2	avolution:1
एशले	ashley:2	ashle:1
एशा	esha:2	asha:1
एशियन	asian:3
एशिया	asia:3
एशियाई	asiae:1	asian:1	asiyayi:1
एशियाटिक	asiatic:2	asiyatik:1
एशेज	ashes:2	eshej:1
एश्टन	ashton:3
एश्ले	ashle:2	ashley:1
एसआई	si:3
एसआरके	srk:3
एसए	sa:3
एसएंडपी	sandp:3
एसएआर	sar:3
एसएच	sh:3
एसएचओ	sho:3
एसएनपी	snp:3
एसएफ	sf:3
एसएफसी	sfc:3
एसएम	sm:3
एसएमई	sme:2	smi:1
एसएमएस	sms:4
एसएमसी	smc:3
एसएस	ss:3
एसएसबी	ssb:3
एसके	sk:3
एसजी	sg:3
एसजीपीसी	sgpc:2	sgpg:1
एसजे	sj:3
एसटी	st:4
एसटीएस	sts:3
एसडीएम	sdm:3
एसडीके	sdk:3
एसपीएफ	spf:3
एसपीवी	spv:2	svp:1
एसयू	su:3
एसर	acer:3
एसवी	sv:3
एससी	sc:3
एससीआर	scr:3
एससीजी	scg:2	ncg:1
एसा	aisa:1	asa:1	esa:1
एसाइनमेंट	assignment:3
एसिटिक	acidic:2	acetic:1	ascetic:1
एसिटेट	acetate:2	acidate:1
एसिड	acid:3
एसिडिक	acidic:3
एसिड्स	acids:3
एसिस्टेंट	assistant:2	assistent:1
एसी	ac:2	aisi:1
एसीएफ	acf:3
एसीपी	acp:3
एसीसी	acc:2	scc:1
एसे	aisey:1	ashe:1	essay:1	sa:1
एसेंशियल	essential:3
एसेक्स	essex:2	asex:1
एसेट	asset:3
एसोशिएसन	association:3
एसोसिएट	associate:3
एसोसिएटेड	associated:3
एसोसिएट्स	associates:3
एसोसिएशन	association:3
एसोसिएशनों	associationon:3
एसोसिएसन	association:3
एसोसियेशन	association:3
एस्किमो	eskimo:3
एस्केलेटर	escalator:3
एस्कोबार	escobar:3
एस्टन	aston:3
एस्टर	astar:1	aster:1	ester:1
एस्टेट	estate:3
एस्टोनिया	esconia:1	estonia:1	estoniya:1
एस्ट्राडियोल	estradiol:2	astrodiyol:1
एस्ट्रो	astro:3
एस्ट्रोफिजिक्स	astrophysics:3
एस्तोनिया	aistoniya:1	astoniya:1	estonia:1
एस्थर	esther:2	asther:1
एस्थेटिक	asthetic:2	aesthetics:1
एस्थेटिक्स	asthetics:2	aesthetics:1
एस्पिरिन	aspirin:3
एस्प्रिन	aspirin:2	asprin:1
एस्प्रीन	aspirin:2	asprin:1
एस्फाल्ट	asfalt:1	asphalt:1	asphault:1
एस्बेस्टस	asbestos:2	asbests:1
एस्सार	assar:2	essar:1
एहतियात	ehtiyat:2	ahtiyaat:1	aihtiyat:1
एहम	aham:2	eham:1
एहसान	ahsaan:1	aihsan:1	ehsan:1
एहसास	ahsaas:1	ehsaas:1	ehsas:1
एेसा	aisa:2	eesa:1
एैसी	aisi:3
ऐं	en:2	ain:1
ऐंठ	ainth:1	end:1	enth:1
ऐंठन	ainthan:1	aithan:1	enthan:1	enthhan:1
ऐंठने	ainthne:1	aithanein:1	enthane:1	ethhane:1
ऐंठे	enthe:2	ainthey:1
ऐंड	aith:1	and:1	end:1
ऐक्ट	act:3
ऐक्टर्स	actors:3
ऐक्टिवेशन	activation:3
ऐक्शंस	actions:3
ऐच्छिक	aechchhik:1	aichchik:1	echhik:1
ऐज	age:3	edge:1
ऐठन	aithan:1	ethan:1	ethhan:1
ऐड	add:3	aid:1
ऐडमिनिस्ट्रेशन	administration:3
ऐडमिरल	admiral:3
ऐडम्स	adams:2	edums:1
ऐडसेंस	adsense:2	adsens:1
ऐड्रेस	address:3
ऐतिहासिक	aitihasik:4
ऐतिहासिकता	aitihasikta:2	aitihaasikta:1
ऐनी	anny:2	aini:1
ऐप	app:4	ap:1
ऐप्पल	apple:3
ऐब	aib:1	aibe:1	eb:1
ऐबक	ebak:2	aibak:1
ऐल	ail:2	el:1
ऐलन	ellan:2	aillen:1
ऐलान	ailaan:2	elaan:2	ailan:1
ऐली	aili:1	ailly:1	eli:1	elli:1
ऐल्प्स	alaps:2	alps:1
ऐल्युमिनियम	aluminium:3
ऐश	aish:6	ash:1
ऐश्वर्या	aishwarya:7
ऐश्वर्यों	aishwaryon:3
ऐस	ace:1	aish:1	ash:1
ऐसा	aisa:4
ऐसी	aisi:4
ऐसे	aise:3
ऐसों	aison:3
ऐसोसिएशन	association:3
ऑ	aoo:1	au:1	o:1
ऑकलैंड	auckland:2	oakland:1
ऑक्टरलोनी	ochterlony:2	octorloni:1
ऑक्टेविया	octavia:3
ऑक्सफ़र्ड	oxford:3
ऑक्सफैम	oxfaim:1	oxfam:1	oxfem:1
ऑक्सफोर्ड	oxford:3
ऑक्साइड	oxide:3
ऑक्सी	oxy:3
ऑक्सीकरण	oxikaran:3	oxykaran:2
ऑक्सीजन	oxygen:3
ऑक्सीटॉसिन	oxytocin:2	oxytosin:1
ऑटिस्टिक	autistic:3
ऑटो	auto:5
ऑटोइम्यून	autoimmune:3
ऑटोग्राफ	autograph:3
ऑटोबान	autobaan:1	autobahn:1	otoban:1
ऑटोबायोग्राफी	autobiography:3
ऑटोमेटिक	automatic:3
ऑटोमेशन	automation:3
ऑटोमैटिक	automatic:3
ऑटोमोबाइल	automobile:3
ऑडिट	audit:3
ऑडियो	audio:3
ऑडिशन	audition:3
ऑन	on:3
ऑनर	honor:1	honour:1	owner:1
ऑनरेरी	hounarary:1	ownrary:1	ownrery:1
ऑनर्स	honours:2	owners:1
ऑनलाइन	online:8
ऑपरेटर	operator:4
ऑपरेटिंग	operating:5
ऑपरेशंस	operations:3
ऑपरेशन	operation:6
ऑप्टिक	optic:3
ऑप्टिकल	optical:4
ऑप्टिक्स	optics:3
ऑफ	of:12	off:10
ऑफर	offer:8
ऑफर्स	offers:4
ऑफलाइन	offline:6
ऑफशोर	offshore:2	offshor:1
ऑफिशियल	official:3
ऑफिस	office:10
ऑफिसर	officer:8	offiser:1
ऑब्जेक्ट	object:4
ऑब्जेक्ट्स	objects:3
ऑमलेट	omelette:1	omlet:1	omlette:1
ऑयल	oil:8
ऑरकुट	orkut:3
ऑरेंज	orange:3
ऑर्किड	orchid:2	archid:1
ऑर्केस्ट्रा	orkestra:4	orchestra:2
ऑर्गन	organ:3
ऑर्गेनाइजेशन	organisation:2	organization:1
ऑर्डर	order:5
ऑल	all:4
ऑलमोस्ट	almost:3
ऑलिव	olive:6
ऑलिवर	oliver:3
ऑवर्स	overs:2	hours:1
ऑस्कर	oscar:3
ऑस्कर्स	oscars:3
ऑस्टिन	austin:2	ostin:1
ऑस्ट्रिया	austria:3
ऑस्ट्रियाई	australiaee:1	austriai:1	austriayi:1
ऑस्ट्रेलियन	australian:3
ऑस्ट्रेलिया	australia:3
ऑस्ट्रेलियाई	australia:1	australiai:1	australiayi:1
ऑस्मोसिस	osmosis:3
ओ	o:6	oh:1
ओंकार	omkar:2	onkar:1
ओंकारनाथ	omkarnath:2	onkarnath:1
ओंग	ong:3
ओंटारियो	ontario:3
ओंठ	onth:3
ओएस	os:3
ओएसिस	oasis:3
ओकलाहोमा	oklahoma:2	okalahoma:1
ओकावा	okawa:2	okava:1
ओकी	oki:3
ओके	okay:2	okey:1
ओक्लाहोमा	oklahoma:3
ओखलढुंगा	okhaldhunga:3
ओखा	okha:3
ओछी	ochhi:2	auchhi:1
ओछे	ochhe:3
ओज	oj:2	oz:1
ओजस्वी	ojasvi:2	ojaswi:1
ओज़ोन	ozone:2	ojon:1
ओजोन	ozone:2	ojon:1
ओझल	ojhal:2	ozal:1
ओझा	ojha:2	oza:1
ओटावा	otava:1	otawa:1	ottawa:1
ओटी	ot:2	oti:1
ओटीए	ota:2	otia:1
ओटो	auto:3
ओड़िआ	odia:3
ओडियो	audio:3
ओडिशा	odisha:3
ओडीआई	odi:3
ओडेसा	odessa:2	odesa:1
ओढ़नी	odhani:2	odhni:1
ओढ़ने	odhane:2	odhne:1
ओत	ot:3
ओतप्रोत	otopront:2	otprot:2	otaprot:1	ouprot:1
ओन	on:2	own:1
ओनो	ono:3
ओपन	open:8
ओपल	opal:3
ओपीनियन	opinion:3
ओपेक	opaque:1	opec:1	opek:1
ओपेन	open:3
ओपेरा	opera:4
ओपेल	opel:3
ओबामा	obama:3
ओबीसी	obc:3
ओबेरॉय	oberoi:2	oberoy:1
ओब्रायन	obrayan:2	obrien:1
ओम	om:6
ओमकार	omkar:3
ओमकारा	omkara:3
ओमजी	omji:3
ओमन	oman:3
ओमर	omar:3
ओमान	oman:3
ओमाहा	omaha:3
ओमेगा	omega:3
ओय	oye:3
ओर	or:4	aur:2
ओरछा	orchha:2	orachha:2
ओरण	oran:3
ओरल	oral:3
ओरलैंडो	orlando:3
ओरांग	orang:3
ओरांव	oranv:2	oram:1
ओरिएंटल	oriental:3
ओरिजन	origin:3
ओरिजिनल	original:3
ओरियन	orion:2	orian:1
ओरिया	odia:2	oriya:1
ओरेकल	oracle:3
ओलंपिक	olympic:3
ओलंपिया	olympia:3
ओलंपियाड	olympiad:3
ओलांद	oland:3
ओलावृष्टि	olavrishti:3
ओलिवर	oliver:3
ओल्ड	old:3
ओल्सन	olsen:2	olsan:1
ओवन	oven:3
ओवम	ovum:2	owem:1
ओवर	over:6
ओवरड्राफ्ट	overdraft:3
ओवरफ्लो	overflow:3
ओवरसीज	overseas:3
ओवरहेड	overhead:3
ओवरी	ovary:2	overy:1
ओवरों	overon:2	ovron:1
ओवर्स	overs:3
ओवल	oval:2	ovel:1
ओवी	ovi:3
ओशनिक	oceanic:3
ओषधि	aushadhi:1	aushdhi:1	oshadhi:1
ओस	os:3
ओसमान	osman:3
ओसाका	osaka:3
ओसामा	osama:3
ओसियां	osian:1	osiya:1	osiyan:1
ओस्लो	oslo:3
ओहदों	ohdon:2	ohadon:1
ओहायो	ohio:2	ohayo:1
औंध	aundh:2	ondh:1
औंधा	aundha:2	aundhaa:1	ondha:1
औचित्य	auchity:2	auchitya:1
औजला	aujala:2	aujla:1
औजार	aujar:2	aujaar:1
औजारों	aujaron:3
औद्योगिक	audyogik:2	audhyogik:1
औद्योगिकरण	audhyogikaran:1	audyogikarana:1	audyogikikaran:1
औद्योगिकी	audyogiki:2	audhyogik:1
औधोगिक	audhogik:2	audyogik:1
औन	aun:2	on:1
औपचारिक	aupcharik:3
औपचारिकताएं	aupchariktayen:2	aupcharikatayen:1
औपनिवेशिक	aupniveshik:3
औबेदुल्ला	abedulla:1	aubedulla:1	obedulla:1
और	aur:5	or:1
औरंगज़ेब	aurangzeb:3
औरंगाबाद	aurangabad:3
औरत	aurat:6	aorat:1
औरतें	auraten:3
औरतों	auraton:5	aurat:1
औरों	auron:3
औरोरा	aurora:3
औलख	aulakh:3
औलाद	aulad:2	aulada:1
औषध	aushadh:5	aushad:1
औषधालय	aushadhalay:2	aushdhalay:1
औषधि	aushadhi:3
औषधियां	aushdhiyan:2	aushadhiyan:1
औषधियुक्त	aushadhiyukt:2	aushdhiyukt:1
औषधियों	aushdhiyon:2	aushadhiyon:1
औषधीय	aushadhiy:1	aushdhiy:1	aushdhiya:1
औसत	ausat:3
औसतन	ausatan:2	austan:1
औेर	aur:3
औैर	aur:3
क	k:3	ka:1
कंकड़	kankad:3	kankar:1
कंकड़ों	kankadon:3	kankaron:1
कंकर	kankar:3	kankad:1
कंकरीट	concrete:2	kankarit:1
कंकाल	kankal:3
कंक्रीट	concrete:6	kancrit:1
कंगन	kangan:3
कंगना	kangana:3
कंगारू	kangaroo:2	kangaru:1
कंगाल	kangal:2	kangaal:1
कंघी	kanghi:3
कंचन	kanchan:3
कंचे	kanche:3
कंचों	kanchon:3
कंजंक्शन	conjunction:3
कंजर	kanjar:3
कंजर्वेशन	conservation:3
कंजेशन	congestion:1	conjesion:1	conjunction:1
कंज्यूमर	consumer:3
कंटकों	kantakon:2	kantkon:1
कंटीन्यूअस	continuous:3
कंटेंट	content:3
कंटेनर	container:3
कंटेनरों	containeron:2	contenaron:1
कंटेम्पररी	contemporary:3
कंट्री	country:3
कंट्रीज	countries:2	contries:1
कंट्रोल	control:3
कंट्रोलिंग	controlling:2	controling:1
कंट्रोल्ड	controlled:3
कंट्रोल्स	kantrols:2	controls:3
कंठ	kanth:3	kunth:1
कंठस्थ	kanthasth:2	kanthast:1
कंठहार	kanthhar:2	kanthahar:1
कंठी	kanthi:3
कंडक्ट	conduct:3
कंडक्टर	conductor:4
कंडक्टिविटी	conductivity:3
कंडीशनर	conditioner:10
कंडोम	condom:10
कंदमूल	kandmul:4	kandmool:1	kanmul:1
कंधार	kandhar:3
कंधे	kandhe:3
कंधों	kandhon:3
कंपकपी	kampkapi:2	kampkampi:1
कंपन	compan:1	kampan:1	kanpan:1
कंपनी	company:10
कंपाउंड	compound:3
कंपास	compass:2	compas:1
कंपोजर	composer:3
कंपोस्ट	compost:2	compossed:1
कंप्यूटर	computer:10
कंप्लीट	complete:3
कंबल	kambal:2	kanbal:1
कंबलों	kambalon:2	kanblon:1
कंबोडिया	cambodia:5	kambodiya:1
कंवर	kanwar:3
कंवलजीत	kanwaljeet:2	kanwaljit:1
कंस	kans:2	cons:1
कंसर्ट	concert:2	consult:1
कंसलटेंट	consultant:3
कंसलटेंसी	consultancy:3
कंसल्टिंग	consulting:3
कंसल्टेंसी	consultancy:3
कंसास	kansas:3
कंसुआ	kansua:2	consua:1
कंसोल	cansole:1	console:1	kansol:1
कंस्ट्रक्शन	construction:2	consturction:1
कइयों	kaiyon:2	kayiyon:1
कई	kai:2	kayi:1
कईयों	kaiyon:2	kayiyon:1
ककड़ी	kakdi:2	kakadi:1	kakri:1
ककहरा	kakahara:1	kakhara:1	kakhra:1
ककोलत	kakolat:3
कक्कड़	kakkad:2	kakkar:2
कक्ष	kaksh:2	kaksha:1
कक्षक	kakshak:3
कक्षा	kaksha:6
कक्षाएं	kakshaen:1	kakshayen:1	kashaen:1
कक्षाओं	kakshaon:2	kashaon:1
कक्षों	kakshon:2	kashon:1
कगार	kagar:3
कचरा	kachra:3
कचरे	kachre:3
कचहरियों	kachahriyon:1	kachhariyon:1	kachhriyon:1
कचहरी	kachhari:2	kachahri:1
कचौरी	kachaura:1	kachauri:1	kachuri:1
कच्चा	kaccha:2	kachcha:1
कच्ची	kacchi:2	kachchi:1
कच्चे	kacche:2	kachche:1
कच्छ	kaccha:1	kachh:1	kutch:1
कच्छवाहा	kachhawaha:1	kachhwaha:1	kutchvaha:1
कच्छी	kachhi:2	katchi:1
कछुआ	kachhuaa:2	kachhua:1
कछुए	achhue:1	kachhue:1	kachuye:1
कजरारे	kajrare:3
कजरी	kajari:3
कज़ाख़िस्तान	kazakhstan:2	kajakhistan:1
कजिन	cousin:2	kajin:1
कट	cut:3
कटऑफ	cutoff:3
कटक	katak:2	cuttack:1
कटघोरा	katghora:3
कटती	katti:2	katati:1
कटने	katne:3
कटरा	katra:2	karta:1
कटलरी	cutlery:1	katlari:1	katlary:1
कटवाना	katwana:2	katvana:1
कटहरा	kathara:2	katahara:1
कटहल	kathal:2	katahal:1
कटा	kata:3
कटाई	katai:3
कटाक्ष	kataksh:3
कटाक्षों	katakshon:3
कटार	katar:3
कटारा	katara:3
कटारिया	katariya:2	kataria:1
कटाव	katav:2	kataw:1
कटास	katas:3
कटासराज	katasaraj:3
कटिबंधीय	katibandhiy:2	katibandhiya:1
कटिया	katiya:3
कटिहार	katihar:2	katihaar:1
कटी	kati:3
कटु	katu:3
कटुता	katuta:3
कटे	kate:3
कटोरी	katori:3
कटोरे	katore:3
कटौती	katauti:3
कट्टरता	kattarta:3
कट्टरपंथ	kattarpanth:2	kattarpantha:1
कट्टरपंथी	kattarpanthi:3
कट्टरपन	kattarpan:3
कट्टरवाद	kattarvad:2	katarvaad:1
कट्टरवादी	kattarvadi:2	kattarvaadi:1
कट्टे	katte:3
कठघरे	kathghare:3
कठपुतलियों	kathputaliyon:1	kathputliyan:1	kathputliyon:1
कठपुतली	kathputli:2	kathputali:1
कठफोड़वे	kathfodave:2	kathfodve:1
कठिन	kathin:3
कठिनाइयाँ	kathinaiyan:2	kathinaaiyan:1
कठिनाइयों	kathinaaiyon:1	kathinaeyon:1	kathinaiyon:1
कठिनाई	kathinai:2	kathinaai:1
कठोर	kathor:2	kathore:1
कठोरता	kathorta:2	kathorata:1
कडपा	kadapa:1	kadapaa:1	kadpa:1
कड़कड़डूमा	kadakadaduuma:1	kadakadduma:1	kadkadduma:1
कड़कती	kadkati:2	kadakti:1
कड़गम	kadagam:2	kadgam:1
कड़वा	kadva:2	kadavaa:1
कड़वापन	kadvapan:2	kadavaapan:1
कड़वाहट	kadvahat:2	kadavaahat:1
कड़वे	kadve:3
कड़ा	kada:2	kadaa:1
कड़ाई	kadai:2	kadaai:1
कड़ाके	kadake:2	kadaake:1
कड़ापन	kadapan:2	kadaapan:1
कड़ाही	kadahi:2	kadaahi:1
कड़ियों	kadiyon:3
कड़े	kade:3
कढ़ाई	kadhai:2	kadhaai:1
कढ़ी	kadhi:3
कण	kan:3
कणाद	kanad:2	kanaad:1
कणिका	kanika:3
कणों	kanon:3
कण्व	kanv:2	kanva:1
कतई	katai:2	kataii:1
कतर	katar:2	qatar:1
कतरन	katran:2	kataran:1
कतरनें	katarne:2	katranein:1
कतराता	katrata:2	kataraata:1
कतरियासर	katriyasar:2	katariyaasar:1
कतला	katla:2	katlaa:1
कताई	katai:2	kataai:1
कतार	katar:2	kataar:1
कतिपय	katipay:3
कत्तर्व्य	kattarvy:2	kartavya:1
कत्थई	kathai:1	katthai:1	katthaii:1
कत्याल	katyal:2	katyaal:1
कत्यूरी	katyuri:2	katyuuri:1
कत्ल	katla:2	kall:1
कत्लेआम	katleaam:2	kalloaam:1
कथक	kathak:3
कथन	kathan:3
कथनों	kathanon:2	kathnon:1
कथबर्ट	cuthbert:1	kathabarta:1	kathbart:1
कथा	katha:2	kathaa:1
कथाएं	kathaen:1	kathayan:1	kathayen:1
कथाओं	kathaon:3
कथाकार	kathakar:2	kathakaar:1
कथाकारों	kathakaron:2	kathaakaron:1
कथानक	kathanak:2	kathaanak:1
कथित	kathit:3
कथूरिया	kathuriya:2	kathooriya:1
कथ्य	kathya:3
कद	kad:3
कदंब	kadamb:1	kadamba:1	kadanb:1
कदम	kadam:3
कदमताल	kadamtaal:2	kadamtal:1
कदमों	kadmon:3
कदर	kadar:3
कदाचित	kadachit:3
कदापि	kadapi:2	kadaapi:1
कदीर	kadir:2	kadiir:1
कद्दू	kaddu:5	kadood:1	kaduud:1
कद्दूकस	kaddukas:2	kaduudkas:1
कनक	kanak:3
कनकी	kanki:2	kankii:1
कनखल	kankhal:3
कनपटी	kanpati:2	kanpatti:1
कनवेंशन	convention:3
कनस्टर	canister:1	conister:1	kanstar:1
कनाडा	canada:2	kannada:1
कनाडाई	canadai:2	kanaadai:1
कनाल	kanal:2	canals:1	kanaal:1
कनिंघम	kaningham:2	kanindham:1
कनिष्क	kanishka:3
कनिष्ठ	kanishth:2	kanishtha:1
कनिष्ठिका	kanishthika:1	kanishthikaa:1	kanishtika:1
कनेक्ट	connect:3
कनेक्टर	connector:3
कनेक्टिंग	connecting:3
कनेक्टिकट	connecticut:3
कनेक्टिविटी	connectivity:3
कनेक्शन	connection:3
कन्नड़	kannad:2	kannada:1
कन्ना	kanna:3
कन्नू	kannu:3
कन्नूर	kannur:3
कन्नौज	kannauj:2	kannoj:1
कन्नौद	kannaud:2	kanaud:1
कन्फ्यूशियस	confucius:3
कन्या	kanya:3
कन्याएं	kanyaayen:1	kanyaein:1	kanyayen:1
कन्याओं	kanyaaon:1	kanyaaoon:1	kanyaon:1
कन्याकुमारी	kanyakumari:3
कन्यादान	kanyadaan:2	kanyadan:1
कन्वर्शन	conversion:2	convertion:1
कन्वेंशन	convention:3
कन्वेशन	convention:2	convation:1
कन्वोकेशन	convocation:3
कन्हैया	kanhaiya:2	kanaiya:1
कन्हैयालाल	kanhaiyalal:3
कप	cup:3	kap:1
कपकोट	cupcoat:3
कपट	kapat:3
कपटपूर्ण	kapatpurn:2	kapatpurna:1
कपटी	kapati:1	kapatii:1	kapti:1
कपड़	kapad:3
कपड़ा	kapda:2	kpada:1
कपड़े	kapde:2	kapade:1
कपड़ो	kapdo:2	kapdon:1
कपाट	kapaat:1	kapat:1	kpat:1
कपाटोद्घाटन	kapaatodghaatan:1	kapatoddhagan:1	kpatodghatan:1
कपाड़िया	kapaadiya:1	kapadiya:1	kpadiya:1
कपारो	kaparo:2	kapaaro:1
कपाल	kapaal:1	kapal:1	kpal:1
कपास	kapas:3	kapaas:1	kpas:1
कपिंग	kaping:2	kping:1
कपिल	kapil:3
कपूर	kapoor:4
कपूरथला	kapurthala:3
कपूरा	kapura:2	kapuura:1
कपूरी	kapuri:1	kapuuri:1	kpoori:1
कपोल	kapol:2	kpol:1
कपोलकल्पना	kapolkalpana:3
कपोलों	kapolon:2	coupolon:1
कप्तान	kaptaan:2	captan:1	kaptan:1
कप्तानी	captani:1	kaptaani:1	kaptani:1
कफ	kaf:2	cough:1
कब	kab:3
कबड्डी	kabaddi:6
कबाड़ी	kabaadi:1	kabadi:1	kbadi:1
कबाब	kabab:2	kabaab:1
कबायलियों	kabaayaliyon:1	kabayaliyon:1	kbayliyon:1
कबायली	kabayali:2	kbayali:1
कबीर	kabir:3	kabeer:1
कबीले	kabile:2	kabiile:1
कबीलों	kabilo:3	kabilon:2	kabiilon:1
कबूतर	kabutar:2	kabootar:1
कबूतरों	kabootaron:1	kabutaron:1	kabuutaron:1
कबूल	kabool:1	kabul:1	kabuul:1
कबूलने	kaboolne:1	kabulne:1	kabuulne:1
कबूला	kaboola:1	kabula:1	kabuula:1
कब्ज	kabj:2	kabza:1
कब्ज़	kabj:2	kabza:1
कब्जा	kabja:2	kabza:1
कब्जे	kabje:2	kabze:1
कब्जों	kabjon:2	kabzon:1
कब्र	kabr:2	kabra:1
कब्रगाह	kabrgah:2	kabragaah:1
कब्रिस्तान	kabristan:2	kabristaan:1
कब्रें	kabren:3
कब्रों	kabron:3
कभार	kabhar:2	kabhaar:1
कभी	kabhi:3
कभीकभी	kabhikabhi:3
कभीभी	kabhibhi:3
कम	kam:6	come:1	cum:1
कमच्छा	kamaccha:1	kamccha:1	kamchcha:1
कमज़ोर	kamjor:2	kamzor:1
कमज़ोरियां	kamjoriyan:2	kamzoriyan:1
कमज़ोरियों	kamjoriyon:2	kamzoriyon:1
कमज़ोरी	kamjori:2	kamzori:1
कमजोर	kamjor:3
कमजोरियों	kamjoriyon:3
कमजोरी	kamjori:3
कमतर	kamtar:2	kamatar:1
कमतौल	kamtaul:2	kamataul:1
कमर	kamar:2	kmar:1
कमरा	kamra:2	kmara:1
कमरिया	kamariya:2	kmariya:1
कमरे	kamre:2	kamare:1
कमरों	kamron:3
कमर्शियल	commercial:5
कमर्स	commerce:2	kamars:1
कमल	kamal:5
कमलजीत	kamaljeet:2	kalamjeet:1
कमला	kamla:1	kamlaa:1	kmala:1
कमलाकर	kamlakar:2	kamalaakar:1
कमलापुर	kamalaapur:1	kamalpur:1	kamlapur:1
कमलिनी	kamalini:2	kamlini:1
कमलेश	kamlesh:2	kamalesh:1
कमलेश्वर	kamaleshwar:2	kamleshwar:1
कमलों	kamlon:2	kamalon:1
कमसेकम	kamsekam:3
कमा	kama:2	kamaa:1
कमांड	command:3
कमांडर	commander:5
कमांडरों	comandaron:1	commandaron:1	kamandaron:1
कमांडिंग	commanding:3
कमांडो	commando:3
कमांड्स	commands:3
कमाई	kamai:2	kamaai:1
कमाऊ	kamau:2	kamaauu:1
कमाए	kamae:2	kamaaye:1
कमाएंगे	kamaenge:2	kamaaenge:1
कमाकर	kamakar:3
कमाते	kamate:2	kamaate:1
कमाना	kamana:2	kamaana:1
कमानी	kamani:2	kamaani:1
कमाने	kamane:2	kamaane:1
कमाया	kamaya:2	kamaaya:1
कमाल	kamaal:4	kamal:4
कमालुद्दीन	kamaluddin:3
कमासिन	kamasin:2	kamaasin:1
कमिट	commit:3
कमिटी	committee:2	commity:1
कमियां	kamiyan:3
कमियों	kamiyon:3
कमिशन	commission:2	commision:1
कमिश्नर	commisioner:1	commissionar:1	commissioner:1
कमी	kami:2	kaami:1
कमीशन	comission:1	commision:1	commission:1
कमीशनिंग	commissioning:3
कमेंट्री	commentary:3
कमेंट्स	comments:3
कमेटी	committee:2	cometti:1	commity:1
कमेरे	kamere:2	kmere:1
कमोडिटी	commodity:3
कमोडोर	commodore:2	comodor:1
कमोबेश	kamobesh:3
कम्पनी	company:3
कम्प्यूटर	computer:3
कम्मा	kamma:2	kmma:1
कम्युनिकेटर	communicator:3
कम्युनिकेशंस	communications:3
कम्युनिकेशन	communication:3
कम्युनिज्म	communism:3
कम्युनिटी	community:3
कम्युनिस्ट	communist:3
कम्युनिस्टों	communiston:2	kamyuniston:1
कम्यून	commune:1	comune:1	kamyoon:1
कम्यूनिकेटर	communicator:3
कम्यूनिज्म	communism:3
कम्स	comes:2	coms:1
कयास	kayaas:1	kayas:1	qiyas:1
कर	kar:5
करंज	karanj:2	kranj:1
करंजिया	karanjiya:3
करकमलों	karkamlon:2	karkmalon:1
करके	karke:3
करघे	karghe:2	kardhe:1
करछना	karchhana:2	karachana:1
करजई	karjai:3
करण	karan:3
करणवीर	karanveer:2	karanvir:1
करणसिंह	karansingh:3
करणी	karani:2	karni:1
करणीय	karaniy:1	karniya:1	karniye:1
करतबों	kartabon:3
करतल	kartal:3
करता	karta:3
करती	karti:2	karati:1
करतूतों	kartuton:3
करते	karte:5	karate:2
करदाताओं	kardataon:3
करन	karan:3
करना	karna:3
करनाल	karnal:3
करनाली	karnali:3
करनी	karni:3	karani:1
करनूल	karnul:1	kernel:1	kurnool:1
करने	karne:231	karane:3
करनैल	karnail:3
करपात्री	karpatri:3
करबला	karbala:3
करम	karam:3
करमा	karma:2	karama:1
करमापा	karmapa:3
करमुक्त	karmukt:4	karmukta:1
करवा	karva:2	karava:1
करवाई	karvai:3
करवाए	karvaye:2	karavaaye:1	karvae:1
करवाएं	karvayen:2	karvaen:1
करवाएगा	karvaega:1	karvayega:1	karvayegaa:1
करवाकर	karvakar:2	karwakar:1
करवाता	karvata:3
करवाती	karvati:2	karwati:2
करवाते	karvate:3
करवाना	karvana:3
करवाने	karvane:3
करवाया	karwaya:3	karvaya:3
करवायी	karvayi:3
करवायें	karvayen:3
करवाल	karval:2	karwal:1
करहरिया	karhariya:2	karahriya:1
करा	kara:3
कराइ	karai:4
कराई	karai:3
कराईकल	karaikal:3
कराए	karae:2	karaye:1
कराकर	karaakar:1	karakar:1	krakar:1
कराकोरम	karakoram:3
कराची	karachi:3
कराड	karaad:1	karaade:1	karad:1
कराण	karan:2	karaan:1
कराती	karati:3	karaati:1
कराते	karate:2	karaate:1
कराधान	karadhan:3
कराना	karana:2	karaana:1	karaanaa:1
करानी	karani:2	karaani:1
कराने	karane:2	karaane:1
करामात	karamat:2	karaamaat:1
कराया	karaya:3
करार	karar:2	karaar:1
करारी	karari:2	karaari:1
करिअप्पा	cariappa:2	kariappa:1
करियर	carrier:2	career:1
करिश्मा	karishma:3
करी	kari:3
करीना	kareena:5
करीब	karib:8	kareeb:2
करीबन	kariban:3
करीबी	karibi:2	kareebi:1
करीम	kareem:2	karim:1
करुण	karun:3
करुणा	karuna:3
करुणेश	karunesh:3
करूंगा	karunga:3
करूर	karoor:2	karur:1
करे	kare:3
करें	karen:6
करेंगे	karenge:3
करेंसी	currency:2	karensi:1
करेगा	karega:2	karegaa:1
करेगी	karegi:3
करेज	courage:1	craz:1	craze:1
करेन	karen:2	cren:1
करेला	karela:3
करेले	karele:3
करै	karai:2	karae:1
करो	karo:8
करोगी	karogi:3
करोगे	karoge:4
करोड़	crore:4	crode:1	karor:1
करोड़पति	karodpati:3	crorepati:1
करोड़ो	karodon:2	krodo:1
करोड़ों	karodon:2	karoron:1	krodon:1
करोलबाग	karolbagh:2	karolbaugh:1
करौली	karauli:2	karoli:1
कर्क	kark:6	karka:1	kirk:1
कर्कोटक	karkotak:3
कर्ज	karj:3	karz:2
कर्जदारों	karjdaron:2	karzdaron:1
कर्ज़	karz:2	karj:1
कर्ज़न	karjan:2	curzon:1	karzan:1
कर्जा	karja:3	karza:1
कर्ट	curt:3	kurt:1
कर्टिस	curtis:3
कर्ण	karn:3	karna:3
कर्णदेव	karndev:2	karnadev:1
कर्णफूल	karnaphool:2	karnafool:1	karnful:1
कर्तव्य	kartavya:5	kartavy:2
कर्तव्यों	kartavyon:2	kartavynon:1
कर्ता	karta:3
कर्ताओं	kartaon:3
कर्त्तव्य	kartavya:4	kartavy:1
कर्नल	colonel:1	karnal:1	kernel:1
कर्नाटक	karnatak:2	karnataka:1
कर्नाटका	karnataka:6
कर्म	karm:7	karma:1
कर्मकांड	karmkand:4	karmakand:2
कर्मकार	karmkar:2	karmakar:1
कर्मचारियों	karmchariyon:2	karmachariyon:1
कर्मचारी	karmachari:2	karmchari:4
कर्मचारीगण	karmacharigan:2	karcharigan:1
कर्मचारीयों	karmchariyon:3
कर्मभूमि	karmabhoomi:2	karmabhumi:1	karmbhumi:1
कर्मयोग	karmayog:2	karmyog:1
कर्मयोगी	karmayogi:2	karmyogi:1
कर्मस्थली	karmasthali:2	karmsthali:1
कर्मा	karma:3
कर्मानुसार	karmanusar:3	karmanusaar:1
कर्मियों	karmiyon:5
कर्मी	karmi:3
कर्मेंदु	karmendu:2	karmedu:1
कर्मो	karmo:2	karma:1
कर्मों	karmon:2	karmo:1
कर्ली	curly:2	curli:1
कर्व	curve:2	curv:1
कर्वी	karvi:2	kurvi:1
कर्सियांग	karsiyang:2	kurseong:1
कर्स्टन	curston:1	karsten:1	kartsten:1
कल	kal:10
कलंक	kalank:3
कलंदर	kalandar:2	kalander:1
कलई	kalai:3
कलकल	kalkal:6
कलगी	kalgi:2	kalagi:1
कलछी	kalchhi:2	kalchi:1
कलबुर्गी	kalburgi:2	kaburgi:1
कलम	kalam:4
कलमबद्ध	kalambaddh:2	kalmahbaddh:1
कलमें	kalmen:2	kalmein:1
कलयुग	kalyug:4
कलर	colour:4	color:3
कलराज	kalraj:3
कलरिंग	coloring:2	colouring:1
कलर्ड	coloured:2	colored:1
कलर्स	colors:2	colours:1
कलश	kalash:3
कलसेकर	kalsekar:3
कलह	kalah:3
कला	kala:8	kalaa:2
कलांतर	kalantar:3
कलाई	kalai:3
कलाओं	kalao:2	kalaon:3
कलाकार	kalakar:4	kalakaar:3
कलाकारी	kalakari:3	kalakaari:1
कलाकारों	kalakaron:5	kalakaaron:1
कलाकृति	kalakriti:3
कलाकृतियां	kalakritiyan:4	kalakritiyon:1	kalakrutiyan:1
कलाकृतियों	kalakritiyon:4	kalakritiyan:1	kalakrutiyon:1
कलात्मक	kalatmak:3
कलात्मकता	kalatmakta:2	kalatmakata:1
कलाप	kalap:2	kalaap:1
कलापों	kalapon:2	kalampon:1
कलाम	kalam:3	kalaam:1
कलारी	kalari:3
कलाल	kalal:3
कलिका	kalika:3
कलिता	kalita:6
कलियों	kaliyon:3
कली	kali:7
कलीसिया	kalisiya:2	kalisia:1
कलुषित	kalushit:3
कलेक्टर	collector:8
कलेक्टर्स	collectors:3
कलेक्ट्रेट	collectorate:3
कलेक्शन	collection:5
कलेजी	kaleji:3
कलेजे	kaleje:3
कल्चर	culture:4
कल्चरल	cultural:3
कल्चुरी	culchuri:1	culturi:1	kalchuri:1
कल्ट	cult:4
कल्टीवेटर	cultivator:3
कल्टीवेशन	cultivation:3
कल्प	kalp:2	kalpa:1
कल्पतरु	kalpataru:2	kalpatru:1	kalptaru:1
कल्पना	kalpana:3	kalpna:2
कल्पनाएं	kalpanayen:2	kalpanaen:1
कल्पनाओं	kalpanaon:2	kalpnaon:1
कल्पनाशक्ति	kalpanashakti:2	kalpnashakti:1
कल्पनाशील	kalpanasheel:2	kalpnasheel:1
कल्पनाशीलता	kalpanasheelata:1	kalpanasheelta:1	kalpnasheelta:1
कल्पवृक्ष	kalpaverish:1	kalpavruksha:1	kalpvriksh:1
कल्पित	kalpit:4
कल्पेश्वर	kalpeshwar:3
कल्पों	kalpon:3
कल्याण	kalyan:6
कल्याणक	kalyanak:3
कल्याणकारी	kalyankari:3
कल्याणी	kalyani:3
कल्हण	kalhan:3
कवक	kavak:3
कवच	kavach:3
कवयित्री	kavyitri:3
कवर	cover:3
कवरेज	coverage:3
कवर्ड	covered:2	coward:1
कवायत	kavayat:2	kayavat:1
कवास	kavaas:1	kavas:1	kawas:1
कवि	kavi:7
कविता	kavita:3
कविताएं	kavitaen:2	kavitayen:1
कविताओं	kavitaon:3
कवितासंग्रह	kavitasangrah:1	kavitasangrh:1	kavitasngrah:1
कवित्व	kavitv:3
कवियित्री	kaviyitri:3
कवियों	kaviyon:3
कविवर	kavivar:3
कव्वाल	kavval:2	qawwal:1
कव्वालियों	kavvaliyon:2	qawwaliyon:1
कव्वाली	kavvali:2	qawwali:2
कश	kash:3
कशिश	kashish:3
कशीदाकारी	kashidakari:3
कशेरुका	kasheruka:3
कशेरुकी	kasheruki:3
कश्मीरी	kashmiri:2	kasmiri:1
कश्यप	kashyap:3
कषगम	kashgam:2	kashgum:1
कषाय	kashay:1	kashaya:1	kashaye:1
कष्ट	kasht:3
कष्टकारी	kashtkari:2	kashkari:1
कष्टमय	kashmay:1	kastmaye:1	kshtmay:1
कष्टों	kashton:3
कस	kas:3
कसक	kasak:3
कसकर	kaskar:3
कसती	kasati:2	kasti:1
कसते	kasate:2	kaste:1
कसने	kasne:2	kasane:1
कसम	kasam:3
कसमें	kasmen:2	kasamen:1
कसमों	kasmon:2	kasamon:1
कसर	kasar:3
कसरत	kasrat:2	kasarat:1
कसरती	kasrati:2	kasarati:1
कसरतें	kasraten:2	kasaraten:1
कसाइयों	kasaiyon:2	kasayion:1
कसाई	kasai:3
कसाना	kasana:3
कसाब	kasab:3
कसारा	kasara:3
कसाव	kasav:3
कसावट	kasavat:3
कसी	kasi:3
कसीदा	kasida:3
कसीदाकारी	kasidakari:3
कसीदे	kaside:3
कसीनो	casino:2	kasino:1
कसूरवार	kasurwar:2	kasurvar:1
कसूरी	kasuri:3
कसे	kase:3
कसैले	kasaile:2	kasial:1
कसौटी	kasauti:3
कसौली	kasauli:3
कस्टडी	custody:3
कस्टम	custom:3
कस्टमाइज्ड	customized:2	customised:1
कस्टम्स	customs:2	costumes:1
कस्टर्ड	custard:2	custurd:1
कस्टोडियन	custodian:3
कस्तूरबा	kasturba:3
कस्तूरी	kasturi:3
कस्बा	kasba:3
कस्बे	kasbe:3
कस्बें	kasben:3
कस्बों	kasbon:3
कहकर	kahkar:2	kahakar:1
कहता	kahta:4	kahata:1	kahataa:1
कहती	kehti:2	kahati:2	kahti:1
कहते	kahte:20	kahate:4	kehte:1
कहना	kahna:6	kahana:2
कहने	kehne:2	kahane:2	kahne:1
कहला	kahla:2	kahala:1
कहलाई	kahlai:3
कहलाए	kahlaaye:1	kahlae:1	kahlaye:1
कहलाएगी	kahlayegi:2	kahlaegi:1
कहलाता	kahlata:3	kahlaataa:1
कहलाती	kahlati:3
कहलाते	kahlaate:2	kahlate:3
कहलाना	kahlana:3	kahlaanaa:1
कहलाने	kahlane:2	kahlaane:1
कहलाया	kahlaya:3
कहलाये	kahlaye:3
कहवा	kahva:2	kahava:1
कहा	kaha:6
कहाँ	kahan:3
कहां	kahan:3
कहानियाँ	kahaniyan:3
कहानियां	kahaniyan:3
कहानियों	kahaniyon:3
कहानी	kahani:6
कहानीकार	kahanikar:3
कहावत	kahavat:3
कहावतें	kahavatein:1	kahavaten:1	kehvaten:1
कहिए	kahiye:2	kahie:1
कही	kahi:3
कहीं	kahin:3
कहे	kahe:3
कहें	kahen:2	kahein:1
कहेंगे	kahenge:3
कहो	kaho:3
क़यामत	kayamat:3
क़व्वाली	qawwali:2	kavvali:1
क़ाज़ी	qazi:2	kazi:1
क़ाबिज़	kabij:2	qaabiz:1
क़ारी	kari:3
क़ासिम	kasim:3
क़ाहिरा	kahira:3
क़िले	kile:3
क़िस्मत	kismat:3
क़िस्सा	kissa:3
क़ौमी	kaumi:3
का	ka:3
कांके	kanke:3
कांकेर	kanker:3
कांक्रीट	concrete:3
कांगड़ा	kangra:3	kangda:1
कांगड़ी	kangri:2	kangari:1	kangdi:1
कांगो	congo:2	kango:1
कांगों	congo:1	congon:1	kango:1
कांग्रेस	congress:6
कांग्रेसवाद	congressvad:3
कांग्रेसी	congress:1	congressi:1	congresy:1
कांच	kanch:3
कांचा	kancha:2	kanch:1
कांची	kanchi:3
कांचीपुरम	kanchipuram:2	kanjipuram:1
कांजी	kanji:3
कांट	kant:2	cant:1
कांटा	kanta:3
कांटी	kanti:3
कांटे	kante:3
कांटेदार	kantedar:3
कांटैक्ट	contact:3
कांटो	kanto:3
कांटों	kanton:3
कांठ	kanth:3
कांड	kand:6
कांडपाल	kandpal:2	kandapal:1
कांडला	kandal:1	kandala:1	kandla:1
कांडों	kandon:2	condo:1
कांत	kant:3
कांति	kanti:3
कांथा	kantha:3
कांफ्रेंस	conference:2	confence:1
कांबली	kambli:3	kambali:2	kaambli:1	kanbali:1
कांबले	kamble:5	kambale:2
कांबोज	kamboj:2	kanboj:1
कांवर	kanvar:2	kanwar:1
कांसे	kanse:3
कांसेप्ट	concept:3
कांस्टेंट	constant:3
काई	kai:2	kayi:1
काईट	kite:3
काउंट	count:3
काउंटर	counter:3
काउंटरों	counteron:2	cauntron:1
काउंसलरों	counselloron:2	counseloron:1
काउंसिल	council:3
काउन्सिल	council:3
काक	kak:2	cock:1
काकतीय	kaktiye:2	kaktiy:1
काका	kaka:6
काकू	kakoo:2	kaku:1
काकोरी	kakori:3
काग	kag:3	kaag:1
कागज	kagaj:3	kaagaj:2	kaagaz:1	kagaz:1
कागज़	kaagaj:2	kaagaz:2	kagaj:2	kagaz:2
कागज़ी	kagaji:2	kaagaji:1	kaagazi:1	kaagji:1
कागज़ों	kaagajon:2	kaagazon:2	kagajon:2	kagazon:2
कागजात	kagjat:2	kaagjaat:1	kagzaat:1
कागजातों	kagjaton:3	kaagjaaton:1
कागजी	kagaji:3	kagazi:1
काग़ज़	kagaj:3	kaagaj:2	kaagaz:2	kagaz:2
कागा	kaga:3
काचरू	kachru:2	kacharu:1
काज	kaj:3
काजमी	kazmi:2	kajmi:1	qasmi:1
काजल	kajal:6	kaajal:1
काजा	kaja:2	kaza:1
काजिम	kazim:2	kajim:1
काजी	kaji:2	kaaji:1	kazi:1	qazi:1
काजीचक	kajichak:3
काजीरंगा	kajiranga:2	kaziranga:1
काजू	kaju:3	kajoo:1
काजोल	kajol:4
काट	kaat:3	kat:2
काटकर	katkar:2	kaatkar:1
काटता	katata:2	kaatata:1
काटती	kaatati:2	katati:1
काटते	katate:2	kaatate:1
काटना	kaatna:1	kaatnaa:1	katana:1
काटने	kaatne:2	katne:1
काटा	kata:2	kaataa:1
काटी	kati:2	kaati:1
काटे	kate:4	kaate:2
काटें	katen:2	katein:1
काट्जू	katju:2	katjoo:1
काठ	kath:2	kaath:1
काठमांडू	kathmandu:4
काठियावाड़	kathiyawad:2	kathiawad:1
काठी	kathi:3	kaathi:1
कातिल	katil:3
कात्य	katya:3
कात्यान	katyan:3
कात्यायन	katyayan:3
कात्यायनी	katyayani:2	katyayni:1
कादर	kadar:2	qadar:1
कादरी	kadari:2	qadri:1
कादिम	kadim:3
कादियान	kadiyan:2	kadiyana:1
कादिर	kadir:2	kaadir:1
कादिरी	kaadiri:1	kadiri:1	kairi:1
कान	kaan:2	kan:2
कानन	kanan:3
कानपुर	kanpur:3
काना	kana:2	kaanaa:1
कानून	kanun:6	kanoon:2
कानूनसम्मत	kanunsammat:2	kanoonsammat:1
कानूनी	kanooni:2	kanuni:2
कानूनों	kanunon:2	kanoonon:1
कानों	kanon:2	kaanon:1
कान्यकुब्ज	kanyakubj:2	kanykubj:1
कान्हा	kanha:3
कापड़ी	kapdi:2	kapadi:1
कापालिक	kapalik:2	kaapalik:1
कापी	copy:2	kapi:1
काफमैन	kafman:2	kaafmen:1
काफिले	kafile:3	kaafile:1
काफी	kafi:3
काबरा	kabra:2	kaabra:1	kabara:1
काबा	kaba:3
काबिज	kaabij:2	kabij:2
काबिल	kaabil:1	kabiil:1	kabil:1
काबिलियत	kaabiliyat:3	kabiliyat:2
काबुल	kabul:3
काबुली	kabuli:3
काबू	kabu:2	kaabu:1	kaboo:1
काबूल	kabul:3
काम	kaam:5	kam:4
कामकाज	kamkaj:4	kaamkaaj:2
कामकाजी	kamkaji:4	kaamkaaji:1	kaamkaji:1
कामकोटि	kamkoti:2	kaamkoti:1
कामख्या	kamkhya:2	kamakhya:1
कामगार	kamgar:3
कामगारों	kamgaron:3
कामचोर	kamchor:3
कामचोरी	kamchori:3
कामदार	kamdar:3
कामदेव	kamdev:3
कामधेनु	kamdhenu:3
कामना	kamna:4	kaamna:1	kaamnaa:1	kamana:1
कामनाओं	kamnaon:3
कामबाण	kamban:2	kaambaan:1
कामयाब	kamyab:4
कामयाबी	kamyabi:4
कामराज	kamraj:3
कामरान	kamran:3
कामरूप	kamrup:3
कामरेड	kamred:2	comred:1
कामवासना	kamvasna:3
कामसूत्र	kamsutra:2	kamasutra:1
कामा	kama:3
कामाख्या	kamakhya:3
कामायनी	kamayani:2	kamayni:1
कामिनी	kamini:3
कामिनेनी	kamineni:3
कामिल	kamil:3
कामुक	kamuk:3
कामुकता	kamukta:2	kamukata:1
कामेश्वर	kameshwar:3
कामों	kamon:3
कामोत्तेजना	kamottejna:2	kamottejana:1
काम्या	kamya:2	kaamya:1
कायदा	kayda:2	kayada:1
कायदों	kaydon:3
कायम	kayam:3
कायमगंज	kaimganj:2	kayamganj:1
कायर	kayar:6
कायरता	kayarta:2	kayrata:1
कायरों	kayaron:3
कायल	kayal:3
कायलाना	kaylana:2	kailana:1
कायस्थ	kayasth:3
काया	kaya:3
कार	car:10
कारक	kaarak:2	karak:3
कारकों	karakon:3	karkon:2
कारखाना	karkhana:2	kakhana:1
कारखाने	karkhane:3
कारखानों	karkhanon:3
कारगर	kargar:3
कारगार	kargar:2	kargaar:1
कारगिल	kargil:3
कारण	karan:6	kaaran:2
कारणवश	karanvash:3
कारतूस	kartus:2	cartus:1	kartoos:1
कारतूसों	kartuson:3	cartuson:1
कारनामों	karnamon:3
कारबन	carbon:1	karban:1	karbonn:1
कारमाइकल	carmichacl:1	carmichael:1	karamicheal:1
कारवां	karvan:2	karwan:1
कारवाई	karwai:2	karvai:1
कारवाही	karwahi:2	karvahi:1
कारसेवकों	carsevakon:1	carsevkon:1	karsevakon:1
काराकोरम	karakoram:3
कारागार	karagar:2	kaaragar:1
कारावास	karavas:2	karawas:1
कारीगर	karigar:3
कारीगरी	karigari:3
कारीगरों	karigaron:3
कारुणिक	karunik:3
कारों	karon:2	caron:1
कारोबारी	karobari:3
कार्की	karki:2	carfi:1
कार्गो	cargo:3
कार्ट	cart:2	kart:2
कार्टन	carton:2	kartan:1
कार्टर	carter:3
कार्टियर	cartier:2	kartiyar:1
कार्टिलेज	cartilage:2	kartilej:1
कार्टून	kaartoon:2	cartoon:5
कार्टूनिस्ट	cartoonist:4
कार्टेल	cartel:2	kartel:1
कार्ड	card:10
कार्डधारी	carddhari:2	karddhari:1
कार्डबोर्ड	cardboard:3
कार्डिनल	cardinal:1	cordinal:1	kardinal:1
कार्डिनलों	kardinalon:2	cardinalon:1
कार्डियोलॉजी	cardiology:10
कार्ड्स	cards:3
कार्तिक	kartik:3
कार्तिकी	kartiki:3
कार्तिकेयन	kartikeyan:3
कार्न	karn:3	corn:1
कार्निवल	carnival:3
कार्निवाल	carnival:3
कार्प	carp:1	corp:1	karp:1
कार्बन	carbon:10
कार्बोहाइड्रेट	carbohydrate:3	cabohydrate:1
कार्मिक	karmik:2	karmic:1
कार्मिकों	karmikon:3
कार्य	karya:10	kary:1
कार्यकम	karyakam:2	karyakram:1
कार्यकमों	karyakamon:3
कार्यकर्ता	karyakarta:3	karykarta:2
कार्यकर्ताओं	karyakartaon:3	karykartaaon:1	karykartaon:1
कार्यकर्मों	karyakarmon:1	karyakramon:1	karykarmon:1
कार्यकलाप	karyakalap:2	karykalap:1
कार्यकलापों	karyakalapon:2	karykalapon:1
कार्यकारण	karykaran:2	karyakarana:1
कार्यकारिणी	karyakarini:2	karykarini:1
कार्यकाल	karyakal:5	karykal:2	karyakaal:1
कार्यकुशलता	karyakushalata:3	karyakushalta:2	karykushalata:1
कार्यक्रम	karyakram:4	karyakarm:1	karykram:1	karykrm:1
कार्यक्रमो	karyakramo:2	karykramo:1
कार्यक्रमों	karyakramon:2	karyakramo:1	karykramon:1
कार्यक्षमता	karyakshamata:1	karyakshmata:1	karykshamata:1
कार्यक्षेत्र	karyakshetra:2	karykshetr:1
कार्यक्षेत्रों	karyakshetron:2	karykshetron:1
कार्यपालिक	karyapalik:1	karypalik:1	karypalika:1
कार्यपालिका	karypalika:2	karyapalika:1
कार्यप्रणाली	karyapranali:3	karypranali:3
कार्यबल	karybal:2	karyabal:1
कार्यभार	karybhar:2	karyabhar:1
कार्यमुक्त	karymukt:2	karyamukta:1
कार्यरत	karyarat:3	karyrat:2
कार्यवाहक	karyvahak:2	karyavahak:1
कार्यवाहियों	karyavahiyon:1	karyvahiyon:1	karyvahon:1
कार्यवाही	karyavahi:1	karyawahi:1	karyvahi:1
कार्यशक्ति	karyshakti:2	karyashakti:1
कार्यशाला	karyshala:2	karyashala:1
कार्यशालाओं	karyashalaon:2	karyshalaon:1
कार्यशील	karyshil:2	karyasheel:1
कार्यसमिति	karysamiti:2	karyasimiti:1
कार्यसूची	karysuchi:2	karyasuchi:1
कार्यस्थल	karysthal:2	karyasathal:1
कार्यस्थान	karysthan:2	karyasathan:1
कार्यात्मक	karyatmak:3
कार्याधिकारी	karyadhikari:3
कार्यान्वय	karyanvay:2	karyanavya:1
कार्यान्वित	karyanvit:2	karyanivit:1
कार्यालय	karyalay:9	karyalaya:4
कार्यालयों	karyalayon:2	karyalyon:1
कार्यों	karyon:6	karyo:2
कार्ल	karl:3
कार्लटन	carlton:1	kalten:1	karlton:1
कार्लाइल	karlail:2	caarlyle:1	carlyle:1	kaarlail:1
कार्ली	carly:2	karli:2	kaarly:1
कार्लो	carlo:2	kaarlo:1	karla:1	karlo:1
कार्लोस	carlos:2	karlos:2	kaarlos:1
कार्सन	carson:1	kaarsan:1	karsan:1	karsen:1
कार्सिनोजेनिक	carcinogenic:2	kaarsinojenik:1	karsinogenik:1	karsinozenik:1
काल	kaal:6	kal:2
कालका	kalka:3	kaalaka:1
कालक्रम	kalkram:3	kaalakram:1
कालखंड	kalkhand:3	kaalkhand:1
कालनिर्णय	kalnirnay:3
कालपी	kalpi:3	kaalpi:1	kalapi:1
कालबोध	kalbodh:3	kaalabodh:1	kaalbodh:1	kalabodh:1
कालर	kalar:2	kaalar:1
कालरा	kalara:3	kaalara:1	kaalra:1
कालवी	kalvi:3	calvi:1	kaalvi:1
कालसर्प	kalsarp:1	kalsrp:1	karsarp:1
काला	kala:3
कालांतर	kalantar:3
कालाकांकर	kalakankar:3
कालाणी	kalani:3
कालापन	kalapan:3
कालाहांडी	kalahandi:3
कालिंग	kaling:3
कालिंदी	kalindi:3
कालिका	kalika:3
कालिज	kalij:3
कालिदास	kalidas:2	kaalidas:1
कालिमा	kalima:3
कालिया	kaliya:3
कालिस	kalis:3
काली	kali:5	kaali:1
कालीकट	kalikat:2	calicut:1
कालीघाट	kalighat:3
कालीन	kalin:3	colin:1
कालीमिर्च	kalimirch:6
कालीसिंध	kalisidhi:1	kalisindh:1	kalisingh:1
कालु	kalu:5	kaalu:1
कालू	kalu:5	kaalu:3
काले	kale:6	kaale:2
कालेब	kaleb:3
कालेश्वर	kaleshwar:3
कालों	kalon:3
कालोनियां	coloniyan:2	kaloniyan:1
कालोनियों	coloniyon:1	colonyon:1	kaloniyon:1
काल्डवेल	coldvel:1	kaldvel:1	kaldwell:1
काल्पनिक	kalpanik:2	kalapnik:1
काल्पनिकता	kalpanikata:1	kalpanikta:1	kalpnikta:1
काव	kaav:2	kav:1
कावासाकी	kawasaki:4	kavasaki:1
कावेरी	kaveri:3
काव्य	kavya:2	kaavy:1	kavy:1
काव्यसंग्रह	kavyasangrah:2	kaavyasangrah:1	kavyasanjgrah:1
काव्या	kavya:3	kaavya:1
काव्यात्मक	kavyatmak:3	kaavyaatmak:1
काव्यों	kavyon:3	kaavyon:1
काश	kaash:5	kash:3
काशी	kashi:3	kaashi:1
काशीनाथ	kashinath:3	kaasheenaath:1	kasheenath:1
काशीपुर	kashipur:3	kaasheepur:1
काशीबाई	kashibai:3	kaasheebaee:1	kaashibaai:1	kashibaai:1
काश्त	kasht:3	kaasht:1
काश्मीर	kashmir:3
काष्ठ	kashth:4	kasht:1	kashtha:1
कासगंज	kasganj:3
कासमी	kasmi:2	kasami:1
कासल	kasal:3
कासिम	kasim:2	qasim:1
कासिमपुर	qasimpur:2	kasimpur:1
कासिमाबाद	kasimabad:3
कासे	kase:3
कास्कर	kaskar:2	casker:1
कास्ट	cast:3
कास्टिंग	casting:6
कि	ki:3
किंग	king:7
किंगडम	kingdom:3
किंगफिशर	kingfisher:2	kingfigure:1
किंगस्टन	kingston:3
किंग्डम	kingdom:3
किंग्स	kings:5
किंग्सफोर्ड	kingsford:3
किंचित	kinchit:3
किंडरगार्टन	kindergarten:2	kindergarton:1
किंडल	kindle:3
किंतु	kintu:3
किंवदंतियां	kinvadantiyan:1	kinvanditiyan:1	kinvdantiyan:1
किंवदंती	kinvadanti:2	kinvandi:1
किए	kiye:27	kie:4
किओस्क	kiosk:3
किक	kick:5
किग्रा	kigra:3
किचन	kitchen:9	kitchan:2	kichen:1
किछु	kichhu:3
किट	kit:5
किटकैट	kitkat:6
किटी	kitty:2	kitti:1
किट्स	kits:3
किड	kid:3
किडनी	kidney:7
किड्स	kids:6
कितना	kitna:2	kitana:1
कितनी	kitni:2	kitani:1
कितने	kitne:5	kitane:1
किताब	kitab:4	kitaab:2
किताबें	kitaben:5
किताबों	kitabon:5
किदवई	kidwai:2	kidvai:1
किदार	kidar:3
किधर	kidhar:3
किन	kin:3
किनार	kinar:3
किनारा	kinara:3
किनारे	kinare:3
किनारों	kinaron:3
किनी	kini:3
किन्नर	kinnar:3
किन्नरों	kinnaron:3
किन्नौर	kinnaur:3
किन्हीं	kinhin:3
किपलिंग	kipling:3
किफायत	kifayat:3
किफायती	kifayati:3
किम	kim:5
किमी	kimi:2	kimmy:1	kimy:1
किमुरा	kimura:3
किया	kiya:8
कियू	kiyu:3
किये	kiye:3	kie:2
कियोस्क	kiosk:2	kiyosk:1
किर	kir:5
किरकिरा	kirkira:3
किरकिरे	kirkire:3
किरकी	kirki:3
किरण	kiran:7
किरणमय	kiranmay:3
किरणों	kiranon:2	kirnon:1
किरदार	kirdar:7	kirdaar:2
किरदारों	kirdaron:4
किरन	kiran:3
किराए	kirae:3	kiraye:2
किरात	kirat:3
किराना	kirana:3
किरानी	kirani:3
किराने	kirane:3
किराया	kiraya:3
किरार	kirar:3
किरीट	kirit:3
किरीबाती	kiribati:3
किर्बी	kibri:2	kirby:1
किल	kill:3
किलर	killer:6
किलर्स	killers:3
किला	kila:3	qila:1
किलाघाट	kilaghat:3
किलिंग	killing:3
किलियन	kiliyan:3
किलीमीटर	kilimeter:2	kilometer:1
किले	kile:3
किलेबंद	kileband:3
किलेबंदी	kilebandi:3
किलो	kilo:6
किलोग्राम	kilogram:8
किलोमीटर	kilometer:7
किलोवॉट	kilovat:2	kilowalt:1	kilowatt:1
किल्ड	killed:3
किल्लत	killat:3
किल्ला	killa:3
किल्ली	killi:3
किवदंतियां	kivdantiyan:3
किश	kish:3
किशन	kishan:4
किशनगढ़	kishangarh:3	kishangad:1
किशनपुर	kishanpur:4	kishanpura:1
किशनपुरा	kishanpura:4
किशोर	kishor:2	kishore:2
किशोरगंज	kishoreganj:2	kishorgunj:1
किशोरपुर	kishoorpur:1	kishorepur:1	kishorpur:1
किशोरवय	kishorvay:2	kishorevay:1
किशोरावस्था	kishoravastha:3
किशोरियों	kishoriyon:2	kishoriyan:1
किशोरी	kishori:3
किशोरों	kishoron:2	kishoroon:1
किस	kis:10
किसका	kiska:3
किसके	kiske:3
किसको	kisko:4
किसन	kisan:3
किसने	kisne:3
किससे	kisse:3
किसा	kisa:3
किसान	kisaan:7	kisan:8
किसानी	kisani:3	kisaani:1
किसानों	kisanon:3
किसिंग	kissing:3
किसी	kisi:4
किसे	kise:6
किस्म	kism:3
किस्मत	kismat:4
किस्में	kismen:2	kismein:1
किस्मों	kismon:3
किस्से	kisse:5
की	ki:6	key:1
कींस	kins:2	keens:1
कीकर	kikar:2	kicker:1
कीच	kich:2	keech:1
कीचड़	kichad:4
कीचड़युक्त	kichadyukt:2	kichadyukta:1
कीज	kij:2	keej:1
कीजिए	kijiye:2	kijie:1	kijiy:1
कीजिये	kijiye:3	kijie:1
कीट	kit:2	keet:1
कीटनाशक	kitnashak:2	keetnashak:1
कीटनाशकों	kitnashakon:2	keetnashakon:1
कीटभक्षी	kitbhakshi:3
कीटाणु	kitanu:3
कीटाणुनाशक	kitanunashak:3
कीटो	kito:2	keeto:1
कीटों	kiton:2	keeton:1
कीटोन	ketone:2	keton:1
कीट्स	keats:1	kites:1	kits:1
कीड़ा	kida:2	keedha:1
कीड़ी	kidi:3
कीड़े	kide:2	keede:1
कीड़ों	kidon:2	keedon:1
कीथ	keith:3	keeth:2	kith:1
कीनन	kinan:2	keenan:1
कीनिया	kiniya:2	kenya:1
कीनोट	kinote:2	keynote:1
कीप	keep:3
कीपर	keeper:3
कीपिंग	keeping:3
कीबोर्ड	keyboard:6
कीमत	kimat:2	keemat:1
कीमती	kimati:2	keemati:1
कीमतें	kimaten:2	keematein:1
कीमतों	kimaton:2	keematon:1
कीमोथेरेपी	chemotherapy:3
कीरतपुर	kiratpur:3
कीर्तन	kirtan:3	keertan:2	kiirtan:1
कीर्ति	kirti:3
कीर्तिमान	kirtiman:2	kirtimaan:1
कीर्ती	kirti:3
कील	keel:1	kil:1	kill:1
कीलें	kilen:2	keelein:1
कीवी	kivi:3
कु	ku:3
कुंअर	kunar:2	kunwar:1
कुंज	kunj:6
कुंजपुरा	kunjpura:3
कुंजबिहारी	kunjbihari:3
कुंजल	kunjal:3
कुंजियां	kunjiyan:3
कुंजी	kunji:3
कुंठित	kunthit:3
कुंड	kund:3
कुंडल	kundal:3
कुंडलियाँ	kundaliyan:2	kundaliya:1
कुंडली	kundali:4	kundli:3
कुंडापुर	kundapur:3
कुंती	kunti:3
कुंदन	kundan:3
कुंदे	kunde:3
कुंद्रा	kundra:3
कुंभ	kumbh:2	kunbh:1
कुंभलगढ़	kumbhalgarh:3	kunbhalgadh:1
कुंवर	kunwar:5	kunvar:1	kuvar:1
कुआं	kuan:2	kuaan:1
कुआन	kuaan:2	kuan:1
कुआला	kuala:2	kuaala:1	kuwala:1
कुएं	kuen:1	kunven:1	kuyan:1
कुओं	kuon:2	kunon:1
कुक	cook:3
कुकर	cooker:2	cukar:1	kukar:1
कुकरेजा	kukreja:2	cookreja:1
कुकरेती	kukreti:3
कुकर्मों	kukarmon:3
कुकी	cookie:2	kuki:1
कुकुनूर	cucunur:1	kukunoor:1	kukunur:1
कुक्कुट	kukkut:2	kuckut:1
कुक्ड	cooked:1	cukad:1	kukad:1
कुख्यात	kukhyat:2	kukhyath:1
कुच	kuch:3
कुचक्र	kuchakra:2	kuchkar:1
कुचल	kuchal:3
कुचलता	kuchalta:2	kuchaltha:1
कुचलना	kuchalna:3
कुचलने	kuchalne:2	kuchalane:1
कुचामन	kuchaman:3
कुछ	kuch:99	kuchh:2
कुछेक	kuchhek:3
कुजूर	kujur:2	kujoor:1
कुटिया	kutiya:3
कुटिल	kutil:3
कुटिलता	kutilta:2	kutilata:1
कुटी	kuti:3
कुटीर	kutir:3
कुटुंब	kutumb:2	kutunb:1
कुटुंबकम्	kutumbakkam:1	kutumbkam:1	kutunmbakam:1
कुट्टी	kutti:3
कुठाराघात	kutharaghat:2	kutharghat:1
कुणाल	kunal:3
कुतुब	kutub:3
कुतुबुद्दीन	kutubuddin:2	qutubuddin:1
कुत्ता	kutta:3
कुत्ते	kutte:3
कुत्तों	kutton:3
कुदाल	kudal:3
कुदृष्टि	kudrishti:2	kuddshti:1
कुनिका	kunika:3
कुन्हा	kunha:3
कुपवाड़ा	kupwada:2	kupwara:2
कुपित	kupit:3
कुपोषण	kuposhan:2	koposhan:1
कुपोषित	kuposhit:3
कुप्रथाओं	kuprathaon:2	kiprathaon:1
कुप्रबंधन	kuprabandhan:3
कुप्रभाव	kuprabhav:3
कुफरी	kufari:1	kufir:1	kufri:1
कुबरा	kubra:3
कुबेर	kuber:3
कुमकुम	kumkum:3
कुमति	kumati:2	kumti:1
कुमाऊ	kumau:3
कुमार	kumar:6
कुमारगुप्त	kumargupt:2	kumargupta:1
कुमारजी	kumarji:3
कुमारपाल	kumarpal:3
कुमारस्वामी	kumarswami:3
कुमारा	kumara:3
कुमारी	kumari:4	kumara:1
कुमावत	kumawat:2	kumavat:1
कुमुद	kumud:3
कुम्भा	kumbha:3
कुम्भार	kumbhar:3
कुम्हार	kumhar:3
कुम्हारी	kumhari:3
कुम्हेर	kumher:3
कुरकुरा	kurkura:3
कुरान	kuran:2	quran:1
कुराबड़	kurabad:3
कुरारा	kurara:3
कुराल	kural:3
कुरीतियों	kurutiyon:2	kuritiyon:1
कुरू	kuru:3
कुरूक्षेत्र	kurukshetra:2	kurkshtra:1
कुरूपता	kuroopta:1	kurumta:1	kurupta:1
कुरेदकर	kuredkar:3
कुरेदने	kuredne:2	kuredane:1
कुरेशी	kureshi:2	qureshi:1
कुरैशी	kuraishi:2	qureshi:1
कुर्की	kurki:3
कुर्ग	kurg:2	coorg:1
कुर्ता	kurta:3
कुर्द	kurd:3
कुर्दिश	kurdish:3
कुर्दीस्तान	kurdistan:3
कुर्बानियां	kurbaniyan:2	kurbania:1
कुर्बानियों	kurbaniyon:2	kurbaniyan:1
कुर्मी	kurmi:3
कुर्सियां	kursiyan:3
कुर्सियांग	kursiyang:3
कुर्सियों	kursiyon:3
कुर्सी	kursi:3
कुल	kul:3	kulmilakar:1
कुलकर्णी	kulkarni:2	kulkarani:1
कुलजीत	kuljeet:2	kuljit:1
कुलदीप	kuldeep:3
कुलदीपक	kuldeepak:3
कुलदेवी	kuldevi:3
कुलनाम	kulnam:3
कुलपति	kulapati:2	kulpati:3
कुलभूषण	kulbhushan:3
कुलवंत	kulvant:2	kulwant:1
कुलशेखर	kulshekhar:3
कुलश्रेष्ठ	kulshest:1	kulshreshth:1	kulshrestha:1
कुलसचिव	kulsachiv:2	kulschiv:1
कुला	kula:3
कुलाधिपति	kuladhipati:2	kuladhipthi:1
कुलिश	kulish:2	colish:1
कुली	coolie:3	kuli:3	coli:1
कुलीन	kulin:2	colin:1
कुलेश्वर	kuleshwar:3
कुल्चा	kulcha:3
कुल्टी	kulti:3
कुल्ला	kulla:3
कुल्लू	kullu:4
कुल्ले	kulle:3
कुल्हड़	kulhad:3
कुल्हाड़ियों	kulhadiyon:3
कुल्हाड़ी	kulhadi:3
कुवैत	kuwait:3
कुवैती	kuwait:1	kuwaiti:1	kuwethi:1
कुश	kush:3
कुशन	kushan:2	cution:1
कुशल	kushal:6	kushl:1
कुशलक्षेम	kushalkshem:4	kushalshem:2
कुशलगढ़	kushalgarh:2	kushalgad:1
कुशलता	kushalata:1	kushalta:1	kushattha:1
कुशलतापूर्वक	kushaltapoorvak:1	kushaltapurvak:1	kushalthapurvak:1
कुशवाहा	kushavaahaa:1	kushvaha:1	kushwaha:1
कुशा	kusha:2	kushaa:1
कुशाग्र	kushaagra:1	kushagr:1	kushagra:1
कुशान	kushan:2	kushaan:1
कुशाल	kushal:3
कुशीनगर	kushinagar:3
कुश्ती	kushti:4
कुश्तीबाज	kushtibaaj:2	kushatibaaz:1
कुषाण	kushaan:2	kushan:1
कुष्ठ	kusht:2	kushth:2	kushtha:1
कुसंस्कार	kusanskar:3
कुसंस्कारों	kusanskaron:3
कुसुम	kusum:3
कुसुमलता	kusumalataa:1	kusumalta:1	kusumlata:1
कुसुमाग्रज	kusumagraj:2	kusumargaj:1
कुहासे	kuhase:2	kuhaase:1
कूंड	kund:3
कूचबिहार	coochbehar:1	coochbihar:1	koochbihar:1	kuchbihar:1
कूचों	kuchon:2	koochon:1
कूट	koot:2	kut:1
कूटनीति	kootaniti:1	kootniti:1	kutniti:1
कूटनीतिक	kutnitik:2	kootanitik:1
कूटनीतिज्ञ	kutanitidnya:1	kutnitigy:1	kutnitigya:1
कूटा	kootaa:1	kuta:1	kutaa:1
कूटू	kutu:2	kootoo:1
कूड़ा	kuda:2	koodaa:1
कूद	kood:2	kud:2
कूदते	kudte:2	koodate:1	kudate:1
कूदना	kudna:2	koodanaa:1
कूदने	kudne:2	koodane:1
कूदे	kude:2	koode:1
कूप	coop:2	coup:1	coupe:1	koop:1
कूपर	cooper:3	couper:1
कूपर्स	coopers:3	coupers:1
कूपे	coupe:1	koope:1	kupe:1
कूपों	coupon:1	koopon:1	kootpon:1
कूर्म	koorma:1	kurm:1	kurma:1
कूल	cool:3
कूलिंग	cooling:3
कूली	coolie:3	kuli:1
कूल्हे	kulhe:2	koolhe:1
कूष्मांडा	kushmanda:2	kooshmaandaa:1
कृत	krut:3	krit:2
कृतकृत्य	krikritya:1	kritakrity:1	krutakrutya:1
कृतज्ञता	kritadnyataa:1	kritagya:1	kritagyata:1
कृतसंकल्प	kritsankalp:2	krutsankalpa:1
कृति	kriti:3
कृतिका	kritika:3
कृतित्व	kritatva:1	krititv:1	krititva:1
कृतियों	kritiyon:3
कृत्य	kritya:2	krity:1
कृत्यों	krityon:3
कृत्रिम	krutrim:2	kritrim:3
कृपया	kripya:2	kripayaa:1
कृपलानी	kriplani:2	kripalani:1
कृपा	kripa:6	kripaa:2
कृपादृष्टि	karipadrishti:1	kripaadrishti:1	kripadrishti:1
कृपापूर्वक	kripaapurvak:1	kripapurvak:1	krripapurvaka:1
कृपाल	kripal:3
कृमि	krimi:3
कृष	krish:2	krrish:1
कृषक	krishak:3
कृषकों	krishakon:2	krishkon:1
कृषि	krishi:3
कृष्ण	krishna:5	krishan:4	krishn:1
कृष्णदास	krishnadas:2	krishandas:1
कृष्णदेव	krishnadev:2	krishandev:1
कृष्णन	krishnan:3
कृष्णपक्ष	krishanpaksh:1	krishnapaksh:1	krishnapaksha:1
कृष्णम	krishnam:2	krishanam:1
कृष्णमूर्ति	krishnamurti:2	krishanmurti:1
कृष्णराज	krishnaraj:2	krishnraj:1
कृष्णस्वामी	krishanswami:1	krishnaswaami:1	krishnaswamy:1
कृष्णा	krishna:3
कृष्णानगर	krishnanagar:3
कृष्णामूर्ति	krishnamurti:3
के	ke:10	k:8
केंचुए	kenchuae:1	kenchue:1	kenchuye:1
केंजी	kenji:3
केंट	kent:2	cant:1
केंटकी	kentucky:3
केंड्रिक	kendrick:2	kedrik:1
केंद्र	kendra:10	kendr:1
केंद्रबिंदु	kendrabindu:5
केंद्रित	kendrit:3
केंद्रीकृत	kendrikrit:3
केंद्रीय	kendriya:8	kendriy:1
केंद्रीयकृत	kendrikrit:1	kendriyakrit:1	kendriykrit:1
केंद्रों	kendron:5
केंसर	cancer:5
केएच	kh:3
केएम	km:3
केक	cake:3
केके	kk:4
केचुआ	kechua:2	kechuaa:1
केज	cage:4
केजरीवाल	kejriwal:6	kejarival:1	kejariwal:1
केजी	kg:3
केजीबी	kgb:3
केट	cate:1	kate:1	ket:1
केटी	catty:1	caty:1	katie:1	katty:1
केडर	cader:2	cadre:1
केतकर	ketkar:3
केतन	ketan:3
केतली	ketali:2	ketli:1
केतु	ketu:3
केथ	keth:3
केदार	kedar:3
केदारनाथ	kedarnath:3
केदारेश्वर	kedareshwar:3
केन	can:5	cane:1	ken:1
केनाइन	kenain:2	knine:1
केनाल	kenal:2	canol:1	kenaal:1
केनिया	keniya:2	kenya:1
केनी	cany:2	keni:1
केनेडी	canady:2	kennedy:1
केनेथ	keneth:2	kenneth:1
केन्या	kenya:4
केप	cap:3	cape:3
केपलर	capler:2	caplar:1
केपीएमजी	kpmg:3
केपीओ	kpo:3
केबल	cable:2	keble:1
केबिन	cabin:3
केबीएस	kbs:3
केबीसी	kbc:3
केबुल	kebul:3
केम	came:2	kem:1
केमर	camer:2	kemar:2
केमरून	kemrun:2	cameron:1
केमिकल	chemical:5
केमिकल्स	chemicals:3
केमियो	cameo:2	kemiyo:1
केमिस्ट्री	chemistry:3
केयर	care:6
केयरटेकर	caretaker:3
केयूर	keyur:3
केरकेट्टा	kerketta:2	kerakettaa:1
केरन	karen:2	keron:1
केरल	kerala:3	keral:3
केरलवासी	keralavaasi:1	keralavasi:1	keralwasi:1
केरला	kerala:2	keralaa:1
केरली	kerali:2	kerli:1
केरवा	kerwa:2	keravaa:1
केराकत	kerakat:2	keraakat:1
केराटिन	keratin:2	keraatin:1
केरी	keri:3	carry:1
केरोलिना	carolina:2	kerolina:1
केलकर	kelkar:3
केला	kela:5	kelaa:1
केलांग	kelang:2	kelaang:1
केली	keli:4	kely:2	kelly:1
केले	kele:6
केल्विन	kelvin:2	calvin:1
केवट	kevat:3
केवड़ा	kevda:2	kevadaa:1
केवल	keval:2	kewal:1
केवाईसी	kyc:2	kyec:1
केविन	kevin:2	cavin:1
केवी	kevi:3	kv:1
केव्स	caves:2	kevs:1
केश	kesh:4
केशव	keshav:6
केशवन	keshavan:3
केशवानंद	keshavanand:2	keshvanand:1
केशा	kesha:2	keshaa:1
केशी	keshi:3
केस	kes:2	case:5
केसर	kesar:3
केसरी	kesari:4	kesri:2
केसिनो	casino:3
केसों	keson:2	cason:1
कै	kai:2	kae:1
कैंकर	kainkar:2	canker:1
कैंची	canchy:1	kaenchi:1	kainchi:1
कैंटन	canton:2	cantan:1
कैंटर	canter:3	cantor:1
कैंटरबरी	canterbury:2	canterbari:1
कैंटीन	canteen:4	cantin:2
कैंड	cand:2	kaend:1
कैंडिडेट	candidate:5
कैंडी	candy:7
कैंप	camp:6
कैंपस	campus:4	campas:1	camps:1
कैंबेल	cambail:1	campbell:1	kaembel:1
कैंब्रिज	cambridge:3
कैंसर	cancer:9
कैक्टस	cactus:3
कैच	catch:5
कैचप	ketchup:3
कैची	kaichi:2	kaechi:1
कैज़ुअल	casual:3
कैट	cat:3
कैटफिश	catfish:2	catfiah:1
कैटरपिलर	caterpillar:3
कैटरिंग	catering:3
कैटरीना	katrina:4
कैटलिन	caitlyn:1	cateline:1	catlin:1
कैटलॉग	catalog:1	catalogue:1	catlog:1
कैटालिटिक	catalytic:2	catalitic:1
कैडमियम	cadmium:3
कैडिलैक	cadillac:3
कैडेट	cadet:3
कैथड्रल	cathedral:2	cathdran:1
कैथल	kaithal:2	caithal:1	kaethal:1
कैथलिक	catholic:2	catholi:1
कैथी	caithi:1	cathy:1	kaithi:1
कैथेटर	catheter:3
कैथोड	cathode:2	cathod:1
कैथोलिक	catholic:3
कैथोलिकों	catholicon:2	kaetholikon:1
कैद	kaid:4	qaid:2	kaed:1	ked:1
कैदियों	kaidiyon:4	kaediyon:1	kaidiyo:1	kediyo:1
कैदी	kaidi:4	qaidi:2	kaedi:1	kedi:1
कैन	can:2	kaen:1	kain:1
कैनन	canon:3
कैनबरा	canberra:2	canbara:1
कैनवास	canvas:3
कैनेडा	canada:3
कैनेडियन	canadian:3
कैनेडी	kennedy:2	canedi:1
कैनोइंग	canoeing:2	konoing:1
कैप	cap:4
कैपिटल	capital:5
कैपेसिटर	capacitor:3
कैप्चर	capture:2	captchar:1
कैप्टन	captain:3
कैप्शन	caption:3
कैप्सूल	capsule:7
कैफ	kaif:3	caf:1
कैफे	cafe:3
कैबिनेट	cabinet:3	cabinate:1
कैमरा	camera:3
कैमरून	cameroon:3
कैमरों	cameron:4
कैमिकल	chemical:3
कैमियो	cameo:3
कैमिलो	camilo:2	kamilo:1
कैरल	carol:3
कैरिबियाई	caribbeai:1	carrybiyai:1	kairibiyai:1
कैरी	carry:3
कैरेक्टर	character:3
कैरेक्टर्स	characters:3
कैरेट	carat:3
कैरेबियन	caribbean:3
कैरोल	carol:2	cairol:1
कैरोलिन	carolin:1	caroline:1	carolyn:1
कैरोलिना	carolina:3
कैलकुलेटर	calculator:4
कैलाश	kailash:3
कैलाशचंद्र	kailashchandra:2	kailashchandr:1
कैलाशनाथ	kailashnath:3
कैलिस	calis:2	kailis:1
कैली	cally:1	caly:1	kaily:1
कैलेंडर	calendar:3	calender:2
कैलोरी	calorie:3
कैल्विन	calvin:3
कैल्शियम	calcium:2	calcuim:1
कैविटी	cavity:3
कैवेलरी	kaivelari:2	cavalry:1
कैश	cash:6
कैशबैक	cashback:3
कैसल	caisal:1	casal:1	kaisal:1
कैसा	kaisa:5
कैसी	kaisi:3	cansi:1
कैसे	kaise:6	case:1	kese:1
कैसेट	cassette:3
कैस्पियन	caspian:2	capsiun:1
कॉइन	coin:3
कॉक	kok:2	cock:5
कॉकटेल	cocktail:3
कॉकपिट	cockpit:3
कॉकरोच	cockroach:3
कॉक्स	cox:2	cocks:1
कॉटन	cotton:4
कॉन्क्लेव	conclave:3
कॉन्ग	cong:2	kong:1
कॉन्टैक्ट	contact:10	contest:1
कॉन्ट्रा	contra:3
कॉन्ट्रैक्ट	contract:6
कॉन्डोम	condom:3
कॉन्फ्रेंस	conference:7	confrence:1
कॉन्वेंट	convent:3
कॉन्सर्ट	concert:4
कॉपर	copper:4
कॉपियां	copiyan:2	copieyaan:1
कॉपियों	copiyon:2	copieyoon:1
कॉपी	copy:4
कॉपीराइट	copyright:3
कॉफी	coffee:5
कॉम	com:10
कॉमन	common:3
कॉमनवेल्थ	commonwealth:3
कॉमर्स	commerce:4
कॉमिक	comic:3
कॉमिक्स	comics:3
कॉमेंट्स	comments:3
कॉमेडियन	comedian:4
कॉमेडी	comedy:10
कॉम्पैक्ट	compact:3
कॉम्प्लेक्स	complex:6
कॉयर	care:1	choir:1	cour:1
कॉरपोरेट	corporate:6
कॉरपोरेशन	corporation:3
कॉरिडोर	coridor:2	corridor:2
कॉर्न	corn:4
कॉर्नर	corner:3
कॉर्नवल	carnival:1	cornvel:1	cornwall:1
कॉर्निया	cornea:2	kaurniya:1
कॉर्प	corp:6
कॉर्पोरेट	corporate:4
कॉर्पोरेशन	corporation:7
कॉर्प्स	corps:3
कॉल	call:5
कॉलम	column:5
कॉलर	caller:4	coller:1
कॉलसाइन	callsign:3
कॉलिंग	calling:3
कॉलिंगवुड	callingwood:3
कॉलिन	callin:1	colin:1	coline:1
कॉलेज	college:10	collage:3
कॉलोनियों	coloniyon:3
कॉलोनी	colony:7	coloney:1
कॉवेंट्री	coventry:2	conventry:1
कॉस्ट	cost:5
कॉस्ट्यूम	costume:3
कॉस्मिक	cosmic:3
कॉस्मेटिक	cosmetic:2	cosmatic:1
कॉस्मोपॉलिटन	cosmopolitan:4
को	ko:3	co:1
कोंकण	konkan:3
कोंकणी	konkani:2	kankani:1
कोंच	konch:2	conch:1
कोंट्रा	contra:3
कोंबो	combo:3
कोआला	koala:3
कोइराला	koirala:3
कोइरी	koiri:2	koiery:1
कोइलवर	koilavar:1	koilover:1	koilwar:1
कोई	koi:4
कोक	coke:3
कोकराझाड़	kokrajhaad:1	kokrajhad:1	kokrazad:1
कोकराझार	kokrajhaar:1	kokrajhar:1	kokrazar:1
कोका	coca:3
कोकिला	kokila:3
कोकीन	cocaine:1	cokin:1	kokeen:1
कोको	coco:3
कोच	coach:7
कोचिंग	coaching:2	coching:1
कोचीन	cochin:2	kochin:1
कोचुवेली	coachuveli:1	kochuveli:1	kochuweli:1
कोचों	coachon:1	cochon:1	kochon:1
कोच्चि	kochi:2	kocchi:1
कोच्लिन	coachlin:1	kochilan:1	koechlin:1
कोझिकोड	kozhikode:3
कोझीकोड	kozhikode:3
कोट	coat:3
कोटक	kotak:3
कोटकासिम	kotkasim:2	coatkasim:1
कोटली	kotali:3
कोटवार	kotwar:2	kotvar:1
कोटा	kota:3
कोटिंग	coating:2	quoting:1
कोटियों	kotiyon:3
कोटी	koti:4
कोटेड	coated:1	coted:1	quoted:1
कोटेशन	quotation:3
कोटेश्वर	koteshwar:3
कोटो	koto:3
कोट्टयम	kottayam:2	kottyam:1
कोठरियां	kothriyan:2	kothariyan:1
कोठार	kothar:2	kothaar:1
कोठारी	kothari:3
कोठियों	kothiyon:3
कोठी	kothi:3
कोठे	kothe:2	kothey:1
कोड	code:3
कोडनेम	codename:1	codnem:1	kodnem:1
कोड़ों	kodon:3
कोडागु	kodagu:2	codagu:1
कोडिंग	coding:3
कोडेड	coded:3
कोण	kon:2	kone:1
कोणार्क	konark:3
कोणीय	koniya:2	koniye:1
कोणों	konon:3
कोतवाल	kotval:1	kotwaal:1	kotwal:1
कोन	kon:2	cone:1
कोना	kona:3
कोनार	konar:2	konaar:1
कोनार्ड	konard:2	konrad:1
कोनों	konon:3
कोबरा	cobra:4
कोबायाशी	kobayashi:2	cobayaashi:1
कोबाल्ट	cobalt:2	kobalt:1
कोबेन	koben:2	cobein:1
कोभी	kobhi:3
कोमल	komal:7
कोमलता	komalta:3
कोमा	coma:3
कोमिला	komila:3
कोमो	komo:2	como:1
कोमोडोर	commodore:1	comodor:1	komodor:1
कोयंबतूर	coimbatore:5
कोयल	koyal:4
कोयला	koyla:2	koyala:1
कोयले	koyle:2	koyaley:1
कोरकू	korku:2	korkoo:1
कोरम	koram:2	coram:1
कोरल	corel:2	koral:1
कोरस	cores:1	corus:1	koras:1
कोरिडोर	corridor:5
कोरिया	korea:2	coria:1
कोरियोग्राफर	choreographer:7
कोरी	cori:2	cory:1	kori:1
कोरोनरी	koronari:1	koronary:1	koronri:1
कोरोला	korola:2	corolla:1
कोर्ट	court:8
कोर्स	course:8
कोल	coal:4
कोलंबस	columbus:2	columbas:1
कोलंबिया	columbia:4
कोलंबो	colombo:2	columbo:1
कोलकाता	kolkata:10
कोलगेट	colgate:3
कोलन	caolan:1	colan:1	colon:1
कोलम	column:1	kolam:1	kollum:1
कोला	cola:4	kola:2
कोलाई	kolai:2	coli:1
कोलिंग	calling:2	koling:1
कोली	koli:4
कोलेस्ट्रोल	cholesterol:4
कोलोराडो	colorado:3	kolorado:1
कोल्ड	cold:5
कोल्लम	collam:1	kollam:1	kollum:1
कोल्हापुर	kolhapur:3
कोल्हापुरी	kolapuri:1	kolhapur:1	kolhapuri:1
कोल्हू	kohlu:1	kolhoo:1	kolhu:1
कोश	kosh:3
कोशिका	koshika:3
कोशिकाएं	koshikae:2	koshikayen:2	koshikaen:1
कोशिकाओं	koshikaaon:7	koshikaon:3
कोशिकीय	koshikiy:1	koshikiya:1	koshkiy:1
कोशिश	koshish:6
कोशिशें	koshishen:2	koshishon:1
कोशिशों	koshishon:3
कोष	kosh:3	cox:1
कोषाध्यक्ष	koshadhyaksh:2	cozadhyaksh:1
कोषों	koshon:2	coxon:1
कोष्ठक	coxtak:1	koshtak:1	koshthak:1
कोस	kos:3
कोसते	kosate:1	koste:1	kosthe:1
कोसम	kosam:3
कोसल	kosal:2	kosala:1
कोसी	kosi:3
कोसोवो	kosovo:2	kosova:1
कोस्टल	coastal:1	costall:1	kostal:1
कोस्टा	coasta:2	costa:1
कोस्टार	costar:5	coastar:1
कोस्टोलो	costolo:2	costello:1
कोह	koh:3
कोहनियों	kohaniyon:2	kohniyon:1
कोहनी	kohani:2	kohni:1
कोहबर	kohbar:2	kohabar:1
कोहरे	kohare:2	kohre:1
कोहली	kohli:6	kohali:2
कोहाट	kohat:3
कोहिनूर	kohinoor:4	kohinur:2
कोहेन	kohen:2	kohene:1
कौंसिल	kaunsil:2	council:1
कौड़ियों	kaudiyon:3
कौड़ी	kaudi:3
कौतिक	kautik:3
कौन	kaun:6	kon:1	koun:1
कौनसा	kaunsa:3
कौमार्य	kaumary:2	kaumarya:1
कौमी	kaumi:2	qaumi:1
कौमुदी	kaumudi:3
कौर	kaur:3
कौरव	kaurav:3
कौरवों	kauravon:3
कौल	kaul:3
कौवे	kauve:3
कौवों	kauvon:3
कौशर	kaushar:3
कौशल	kaushal:3
कौशलता	kaushalata:2	kaushalta:1
कौशल्या	kaushalya:2	kaushlya:1
कौशाम्बी	kaushambi:3
कौशिक	kaushik:3
कौसर	kausar:3
क्या	kya:7
क्यारी	kyari:3
क्यूंकि	kyunki:3
क्यूट	cute:3	quete:1
क्यूब	cube:3
क्यूबा	cuba:3
क्यूबाई	cubai:1	kyubai:1	qunain:1
क्यूबिक	cubic:2	kyuubik:1
क्यूबेक	quebec:2	cubeck:1
क्यूब्स	cubes:3
क्यों	kyon:8	kyun:3	kyu:2	kyo:1
क्योंकि	kyonki:45	kyunki:2
क्योटो	kyoto:3
क्रंदन	krandan:3
क्रम	kram:3
क्रमबद्ध	krambaddh:3
क्रमश	kramash:3
क्रमांक	kramank:3
क्रमानुसार	kramanusar:3
क्रमिक	kramik:2	crimic:1
क्रय	kray:3
क्रयविक्रय	kaivikrai:1	kravikray:1	krayvikray:1
क्रयशक्ति	krayshakti:2	krayashakti:1
क्रशिंग	crushing:3
क्रांति	kranti:6
क्रांतिकारियों	krantikariyon:3
क्रांतिकारी	krantikari:3
क्रांतियों	krantiyon:3
क्राइम	crime:3
क्राइम्स	crimes:3
क्राइसिस	crisis:3
क्राइस्ट	christ:3
क्राउड	crowd:3
क्राउडफंडिंग	crowdfunding:3
क्राउन	crown:2	crawn:1
क्राफ्ट	craft:3
क्राफ्ट्स	crafts:3
क्रायोजेनिक	cryogenic:2	krayojenic:1
क्रार्यक्रम	karyakram:2	kraryakram:1
क्राॅसिंग	crossing:3
क्रिएचर	creature:3
क्रिएट	create:3
क्रिएटर	creator:2	creater:1
क्रिएटर्स	creators:2	creaters:1
क्रिएटिंग	creating:3
क्रिएटिव	creative:3
क्रिक	cric:2	crick:1
क्रिकइन्फो	cricinfo:2	circinfo:1
क्रिकेट	cricket:8
क्रिकेटर	cricketer:3
क्रिकेटरों	cricketaron:2	cricketeron:1
क्रिकेटिंग	cricketing:3
क्रिटिकल	critical:3
क्रिटिक्स	critics:3
क्रिया	kriya:6
क्रियाएं	kriyaen:2	kriyayen:1
क्रियाओं	kriyaon:3
क्रियाकलाप	kriyakalap:6
क्रियाकलापों	kriyakalapon:6
क्रियात्मक	kriyatmak:3
क्रियान्वयन	kriyanvayan:3
क्रियान्वित	kriyanvit:3
क्रियायोग	kriyayog:3
क्रियाविधि	kriyavidhi:3
क्रियाशील	kriyashil:2	kriyasheel:1
क्रियोल	creole:1	kreyol:1	kriyol:1
क्रिश्चयन	christian:3
क्रिश्चियन	christian:3
क्रिस	chris:2	kris:1
क्रिसमस	christmas:3
क्रिस्चियन	christian:3
क्रिस्टल	crystal:3
क्रिस्टलोग्राफी	crystallography:2	kristalografi:1
क्रिस्टिना	christina:2	kristina:1
क्रिस्टी	christy:2	christie:1
क्रिस्टीना	kristina:2	christina:1
क्रिस्टोफर	christopher:3
क्रिस्प	crisp:3
क्रीज	crease:1	criz:1	krij:1
क्रीट	crete:2	krit:1
क्रीड़ा	kreeda:1	krida:1	kridun:1
क्रीड़ाओं	cridaon:1	kreedaon:1	kridaon:1
क्रीम	cream:3
क्रीमिया	crimea:2	creameya:1
क्रुक	crook:2	cruck:1
क्रुद्ध	kruddh:2	krodh:1
क्रुप	crop:1	crup:1	krup:1
क्रुसेडर	crusader:3
क्रू	crew:1	crow:1	cru:1
क्रूगर	kruger:3
क्रूज	croj:1	cruise:1	cruz:1
क्रूज़	cruz:2	cruise:1
क्रूज़र	cruzer:2	cruiser:1
क्रूड	crude:2	crood:1
क्रूर	krur:3
क्रूरतम	kruratam:1	krurtam:1	kurtam:1
क्रूरता	krurta:2	krurata:2	kurta:1
क्रूस	cruise:1	cyrus:1	krus:1
क्रूसेडर	crusader:2	krusedar:1
क्रेग	craig:2	creg:1
क्रेज़ी	crazy:3
क्रेडिट	credit:3
क्रेन	crane:3
क्रेनियल	cranial:2	kranial:1
क्रेनों	cranon:3
क्रेस्ट	crest:2	krest:1
क्रैंक	crank:3
क्रैच	crach:1	crache:1	creche:1
क्रैडल	cradle:3
क्रैमर	craimer:1	cramer:1	crammer:1
क्रैश	crash:3
क्रॉप्स	crops:3
क्रॉफ्ट	craft:2	croft:1
क्रॉस	cross:6
क्रॉसरोड्स	crossroads:2	crossrhodes:1
क्रॉसिंग	crossing:3
क्रॉसिंगों	crosingo:1	crossingo:1	crossingon:1
क्रो	cro:2	crow:2	kro:1
क्रोएशिया	croatia:2	kroeshiya:1
क्रोएशियाई	croatia:1	croatiai:1	kroeshiyai:1
क्रोकर	croaker:1	crocker:1	krokar:1
क्रोध	krodh:6
क्रोधित	krodhit:3
क्रोधी	krodhi:3
क्रोनिक	chronic:3
क्रोम	chrome:2	chrom:1
क्रोमा	croma:3
क्रोमियम	chromium:3
क्रोमेट	chromate:2	climate:1
क्रोमोसोम	chromosome:2	crommosome:1
क्रौंच	cranch:1	kraunch:1	krench:1
क्लक्स	clucks:1	klaks:1	klux:1
क्लब	klab:2	club:3
क्लबों	clabon:2	clubon:1
क्लर्क	clerk:3
क्लस्टर	cluster:2	kalstar:1
क्लांइट	client:3
क्लाइंट	client:3
क्लाइंबिंग	climbing:3
क्लाइन	cline:3	kline:1
क्लाइमेक्स	climax:3
क्लाइमेट	climate:3
क्लाइमैक्स	climax:3
क्लाइव	clive:3
क्लाउड	cloud:3
क्लाक	clock:3
क्लारा	clara:3
क्लार्क	clark:3
क्लास	class:4
क्लासमेट	classmate:3
क्लासिक	classic:2	clasic:1
क्लासिकल	classical:3
क्लासी	classy:2	classi:1
क्लासीफिकेशन	classification:3
क्लासें	classen:2	clasen:1
क्लासेज	classes:3
क्लासेन	clasen:3
क्लासों	classon:3
क्लिंजर	cleanser:3
क्लिंट	clint:3
क्लिंटन	clinton:3
क्लिक	click:10
क्लिक्स	clicks:3
क्लिनिक	clinic:5
क्लिनिकल	clinical:2	cilinical:1
क्लिप	clip:4
क्लिष्ट	clisht:2	klisht:1
क्लींजिंग	cleansing:1	cleanzing:1	clinjing:1
क्लीन	clean:9
क्लीनर	cleaner:4
क्लीनिक	clinic:4
क्लीवलैंड	cleanland:6	cleveland:2
क्ले	clay:3
क्लेग	cleg:2	kleg:1
क्लेन	clan:1	clane:1	clen:1
क्लेर	cler:3
क्लेरिस	claris:1	cleris:1	clerys:1
क्लेश	klesh:2	clash:1
क्लॉक	clock:3
क्लॉज़	clause:2	close:1
क्लॉर्क	clark:2	claurk:1
क्लोन	clone:2	klon:1
क्लोनिंग	cloning:3
क्लोराइड	chloride:3
क्लोरिन	chlorine:3
क्लोरीन	chlorine:3
क्वांटम	quantum:3
क्वांटिको	quantico:4
क्वांर	cvanr:1	quanr:1	qwanr:1
क्वात्रोची	quattrocchi:3	quatrochi:2
क्वायर	quar:2	kayar:1
क्वार्टर	quarter:3	quater:1
क्वालिटी	quality:4
क्वालिफाइंग	qualifying:3
क्वालीफाइंग	qualifying:3
क्वालीफाई	qualify:10
क्वालीफायर	qualifier:10
क्विज	quiz:3
क्विट	quit:1	quite:1	qwit:1
क्वींस	queens:3
क्वींसलैंड	queensland:3
क्वीन	queen:6
क्वेटा	queta:1	qveta:1	qweta:1
क्वेश्चन	question:5
क्वेस्ट	quest:3
क्ष	ksh:3
क्षण	kshan:3	shan:1
क्षणिक	kshanik:2	shanik:1
क्षणों	kshanon:2	shanon:1
क्षति	kshati:2	shati:1
क्षतिग्रस्त	kshatigrast:5	shatigrast:1
क्षतिपूर्ति	kshatipurti:2	shatipurti:1
क्षत्रपों	kshatrapon:1	shatrpon:1	shtrapon:1
क्षत्रिय	kshatriya:2	kshtriy:1	kshtriya:1	shatriy:1
क्षत्रियों	kshatriyon:2	shatriyon:1
क्षत्रीय	kshatriya:1	kshtriya:1	shtriy:1
क्षमता	kshamta:2	shamta:1
क्षमताएं	kshamtaen:2	shamtayen:1
क्षमताओं	kshamtaon:2	shamtaon:1
क्षमतावाले	kshamtawaale:2	shmtavale:1
क्षमा	kshama:2	kshma:1	shma:1
क्षमादान	kshamadan:1	kshmadan:1	shmadan:1
क्षमाशील	kshmasheel:2	kshmashil:1	shmashil:1
क्षय	kshay:2	shy:1
क्षार	kshar:2	shar:1
क्षारीय	kshaariy:2	shariy:1
क्षितिज	kshitij:2	shitij:1
क्षीण	kshin:2	shin:1
क्षीणता	kshinta:2	shinta:1
क्षुद्रग्रह	kshudragrah:2	shudrgrah:1
क्षुधा	kshudha:2	shudha:1
क्षुब्ध	kshubdh:2	shubdh:1
क्षेत्र	kshetra:9	kshem:1	shetr:1
क्षेत्रफल	kshetrafal:2	shetarfal:1
क्षेत्ररक्षण	khsetarshan:1	kshetrakshan:1	shetrshan:1
क्षेत्रवार	kshetravar:1	kshetrawar:1	shetrvar:1
क्षेत्रवासी	kshetrawasi:2	shetrvasi:1
क्षेत्राधिकार	kshetradhikar:1	kshetradhikari:1	shetradhikar:1
क्षेत्री	kshetri:1	kshetrri:1	shetri:1
क्षेत्रीय	kshetriy:7	kshetiya:2	ksheriya:1	shetriy:1
क्षेत्रों	kshetron:4	shetron:1
क्षेम	kshem:2	shem:1
क्षेेत्र	kshetra:2	shetr:1
क्षैतिज	kshaitij:2	shaitij:1
क्षोभ	kshobh:2	shobh:1
खंगार	khangar:3
खंगारोत	khangarot:3
खंगाले	khangale:3
खंजन	khanjan:3
खंजर	khanjar:3
खंड	khand:3
खंडन	khandan:3
खंडपीठ	khandpeeth:3	khandpith:1
खंडवा	khandwa:4
खंडहर	khandhar:2	khandahar:1
खंडहरों	khandharon:3
खंडा	khanda:2	khand:1
खंडाला	khandala:3
खंडित	khandit:3
खंडू	khandu:3
खंडेराव	khanderav:3
खंडेलवाल	khandelwal:3
खंडेला	khandela:3
खंडों	khando:2	khandon:3
खंदक	khandak:3
खंभे	khambhe:2	khanbhe:1
खंभों	khambhon:2	khanbhon:1
खंरोच	khanroch:3
खगड़िया	khagdiya:2	khagadiya:1
खगोल	khagol:3
खगोलविद	khagolvid:2	khagolwid:1
खगोलविदों	khagolvidon:2	khagolvindo:1
खगोलशास्त्र	khagolshastra:2	khgolshastra:1
खगोलशास्त्रियों	khagolshastrayon:1	khagolshastriyon:1	khgolshastriyon:1
खगोलशास्त्री	khagolshastri:2	khgolshtri:1
खगोलीय	khagoliy:1	khagoliye:1	khgoliya:1
खचाखच	khachakhach:3
खच्चर	khachchar:2	khacchar:1
खच्चरों	khachcharon:2	khaccharon:1
खजराना	khajarana:1	khajraana:1	khajrana:1
खजाने	khajaaney:1	khajane:1	khjane:1
खजुआ	khajua:2	khjua:1
खजुराहो	khajuraho:2	khajjiar:1	khjuraho:1
खजुरिया	khajuriya:2	khjuriya:1
खजूर	khajoor:1	khajur:1	khjur:1
खजूरिया	khajuriya:2	khjuriya:1
खजौली	khajauli:2	khjauli:1
खट	khat:3
खटक	khatak:2	khtak:1
खटकती	khatakati:1	khatakti:1	kihatkati:1
खटखटाए	khatkhatae:3
खटाई	khatai:3
खटीमा	khatima:2	khtima:1
खट्टा	khatta:3
खट्टापन	khattapan:3
खट्टे	khatte:2	khattey:1
खड़का	khadka:3
खड़गपुर	khadagpur:2	kharagpur:1
खड़ा	khada:3
खड़ाऊ	khadau:2	khadauu:1
खड़िया	khadiya:3
खड़ी	khadi:4
खड़े	khade:2	khadey:1
खड्डा	khadda:3
खड्डे	khadde:2	khaddey:1
खण्ड	khand:2	khanda:1
खत	khat:3
खतना	khatna:2	khatana:1
खतने	khatane:1	khatne:1	khatney:1
खतरनाक	khatarnak:2	khatarnaak:2
खतरा	khatra:2	khatara:1
खतरे	khatre:2	khatare:1	khatrey:1
खतरों	khatron:3	khataron:1
खता	khata:3
खतों	khaton:3
खतौनी	khatauni:3
खत्म	khatam:1	khatm:1	khatma:1
खत्री	khatri:3
खदान	khadan:2	khadaan:1
खदानों	khadanon:2	khadaanon:1
खदीजा	khadija:2	khadeeja:1
खदेड़	khaded:2	khadeid:1
खदेड़े	khadede:2	khadedey:1
खन	khan:2	khann:1
खनन	khanan:3
खनाल	khanal:2	khanaal:1
खनि	khani:3
खनिक	khanik:3
खनिकर्म	khanikarm:1	khanikarma:1	khanikarmi:1
खनिकों	khanikon:2	khanijon:1
खनिज	khanij:3
खनिजों	khanijon:3
खन्ना	khanna:4
खपत	khapat:3
खपरैल	khaprail:2	khaprel:1
खपाया	khapaya:3
खफा	khafa:3
खबर	khabar:3
खबरी	khabari:2	khabri:1
खबरें	khabaren:1	khabrein:1	khabren:1
खबरों	khabron:2	khabaron:1
खब्बू	khabbu:2	khabboo:1
खमण	khaman:2	khamman:1
खमरिया	khamriya:2	khamariya:1
खमीर	khamir:2	khameer:1
खमेर	khamer:2	khameir:1
खयालों	khayalon:2	khyaalon:1
खर	khar:3
खरगोश	khargosh:3
खरगौन	khargaun:3
खरड़	kharad:2	kharar:1
खरपतवार	kharpatvaar:2	kharpatvar:2	kharpatwar:2
खरपतवारों	kharpatwaron:2	kharpatvaron:1
खरबंदा	kharbanda:3
खरबपति	kharabpati:3
खरबूजे	kharbuje:2	kharboojey:1
खरसिया	kharsiya:3
खरा	khara:3
खराब	kharaab:3	kharab:2
खराबी	kharabi:2	khraabi:1
खराश	kharash:2	kharaash:1
खरिया	khariya:3
खरी	khari:3
खरीद	kharid:2	khareed:1
खरीदता	khareedata:1	kharidata:1	kharidta:1
खरीदती	khareedati:1	kharidati:1	kharidti:1
खरीदते	khareedatey:1	kharidate:1	kharidte:1
खरीदना	kharidna:2	khareedana:1
खरीदनी	khareedani:1	kharidani:1	kharidni:1
खरीदने	khareedaney:1	kharidane:1	kharidne:1
खरीदा	kharida:2	khareeda:1
खरीदार	kharidar:2	khareeddar:1	kharidaar:1
खरीदारी	kharidari:2	khareeddari:1	kharidaari:1
खरीदारों	khareedaaron:1	kharidaaron:1	kharidaron:1
खरीदिए	kharidiye:2	khareediye:1
खरीदी	kharidi:2	khareedi:1
खरीदे	kharide:2	khareedey:1
खरीफ	khareef:2	kharif:2
खरे	khare:2	kharey:1
खर्च	kharch:6
खर्चा	kharcha:3	kharchaa:1
खर्चीली	kharcheeli:1	kharchilee:1	kharchili:1
खर्चे	kharch:1	kharche:1	kharchey:1
खर्चों	kharchon:2	kharcho:1
खर्राटे	kharate:1	kharrate:1	kharratey:1
खलनायक	khalnayak:3
खलनायकों	khalnayakon:3
खलिस्तान	khalistan:2	khalistaan:1
खली	khali:6
खलीफा	khalifa:3
खलीफाओं	khalifaon:2	khalifaaon:1
खलीलाबाद	khalilabad:2	khaleelabaad:1
खलीलुल्लाह	khalilullah:2	khaleelullah:1
खले	khale:3
खसरा	khasra:2	khasara:1
खसरे	khasre:2	khasrey:1
ख़ज़ाना	khajana:3
ख़ज़ाने	khajane:2	khajaaney:1
ख़तरे	khatare:1	khatre:1	khatrey:1
ख़ान	khan:3
ख़ारिज	kharij:2	khaarij:1
ख़ाली	khali:2	khaali:1
ख़ास	khas:2	khaas:1
ख़ासकर	khaskar:2	khaaskar:1
ख़ासतौर	khastaur:2	khaastaur:1
ख़ेमा	khema:3
ख़ैबर	khaibar:2	khyber:1
ख़्वाजा	khwaja:2	khawaja:1
खा	kha:2	khaa:1
खां	khan:2	khaan:1
खांचे	khanche:2	khaanche:1
खांडू	khandu:2	khaandu:1
खांडेकर	kahndekar:1	khaandekar:1	khandekar:1
खांसते	khanste:2	khaasatey:1
खांसी	khansi:5	khaasi:1
खाइयों	khaeyon:2	khayiyon:1
खाई	khai:2	khaee:1
खाए	khae:1	khaeye:1	khaye:1
खाएं	khaein:1	khaen:1	khayen:1
खाओ	khao:2	khaao:1
खाकर	khakar:3
खाकी	khaaki:1	khakhi:1	khaki:1
खागा	khaga:2	khaaga:1
खाजा	khaja:5	khaaja:2
खाजूवाला	khaajuvala:2	khajuvala:1	khajuwala:1
खाटूश्याम	khatushyam:3
खाड़ी	khadi:2	khaadi:1
खाता	khata:8	khaata:2
खातिर	khaatir:2	khatir:2
खाती	khaati:2	khati:2
खाते	khaate:3	khate:2	khaatey:1
खातों	khaaton:2	khaton:2
खात्मा	khatma:2	khaatma:1
खात्मे	khatme:2	khaatamey:1
खाद	khaad:2	khad:2
खादी	khadi:3
खाद्य	khadya:3
खाद्यान्न	khadyann:2	khadhyann:1
खान	khan:10
खानखाना	khankhana:3
खानदान	khandan:2	khandaan:1
खानदेश	khandesh:3
खानपान	khanpaan:5	khanpan:1
खाना	khana:3
खानापूर्ति	khanapurti:2	khanapoorti:1
खानाबदोश	khanabadosh:3
खानी	khani:3
खाने	khane:3
खानें	khanein:2	khane:1
खानेवाले	khanevale:2	khanewale:1
खानों	khanon:3
खाप	khap:3
खाबड़	khabad:3	khabar:1
खामियां	khamiyan:3
खामोश	khamosh:3
खामोशी	khamoshi:3
खाया	khaya:3
खाये	khaye:3
खायेंगे	khayenge:3
खायेगा	khayega:3
खार	khar:3
खारघर	kharghar:3
खारा	khara:3
खारिज	kharij:3
खारी	khari:3
खारे	khare:3
खारेपन	kharepan:3
खार्तूम	khartoum:1	khartum:1	khaturm:1
खाल	khal:3
खालसा	khalsa:2	khalasa:1
खाला	khala:3
खालिद	khalid:3
खालिस	khalis:3
खाली	khali:3
खालीपन	khalipan:3
खालेद	khaled:3
खालों	khalon:3
खाश	khash:3
खास	khas:5	khaas:1
खासकर	khaskar:2	khaaskar:1
खासतौर	khastaur:2	khaastaur:1	khastour:1
खासा	khasa:3
खासियत	khasiyat:5	khaasiyat:1
खासी	khasi:6
खासे	khase:3
खिंचकर	khinchkar:2	khinchakar:1
खिंचवा	khinchva:3
खिंचवाने	khinchvane:3
खिंचाव	khinchav:2	khinchwa:1
खिंचे	khinche:3
खिचड़ी	khichdi:2	khichari:1
खिड़कियां	khidakiyan:1	khidiyan:1	khidkiyan:1
खिड़की	khidki:2	khidaki:2
खिताब	khitab:3
खिताबी	khitabi:3
खिल	khil:3
खिलकर	khilkar:3
खिलचीपुर	khilchipur:2	khilachipur:1
खिलजी	khilji:3
खिलते	khilate:2	khilte:1
खिलना	khilna:2	khilana:1
खिलने	khilne:2	khilane:1
खिला	khila:3
खिलाए	khilaye:2	khilae:1
खिलाएं	khilayen:2	khilaen:1
खिलाओ	khilao:3
खिलाड़ियों	khiladiyo:2	khiladiyon:3
खिलाड़ी	khiladi:3
खिलाता	khilata:2	khilati:1
खिलाती	khilati:3
खिलाते	khilate:3
खिलाना	khilana:3
खिलाने	khilane:3
खिलाफ	khilaf:3
खिलाफत	khilafat:3
खिलाया	khilaya:3
खिली	khili:3
खिले	khile:6
खिलेगा	khilega:3
खिलौना	khilauna:2	khilona:1
खिलौने	khilaune:2	khilaunen:1
खिलौनों	khilaunon:2	khilonon:1
खिसककर	khisakkar:3
खिसकने	khiskane:2	khisakane:1
खिसका	khiska:3
खिसके	khiske:3
खींच	khinch:3
खींचकर	khinchkar:3
खींचता	khinchta:3
खींचती	khinchti:2	khichti:1
खींचते	khinchte:2	khichte:1
खींचना	khinchna:3
खींचने	khinchne:2	khichne:1
खींचा	khincha:2	khicha:1
खींचातानी	khinchatani:3
खींची	khinchi:3
खींचे	khinche:3
खींचो	khincho:2	khinchon:1
खीर	kheer:4	khir:3
खीरा	khira:2	kheera:1
खीरी	khiri:3
खीरे	khire:3
खुचे	khuche:3
खुजलाने	khujlane:3
खुजली	khujli:2	khujali:3
खुजलीदार	khujlidar:2	khujalidar:1
खुद	khud:3
खुदरा	khudra:2	khudara:1
खुदवा	khudwa:2	khudava:1
खुदा	khuda:3
खुदाई	khudai:3
खुदी	khudi:3
खुदीराम	khudiram:3
खुफिया	khufiya:3
खुमान	khuman:2	khumaan:1
खुर	khur:3
खुरचन	khurchan:3
खुरदरा	khurdara:3
खुरपका	khurpaka:2	khurapka:1
खुरमा	khurma:2	khurama:1
खुराक	khurak:2	khuraak:1
खुराना	khurana:3
खुरासान	khurasan:3
खुर्द	khurd:3
खुर्दा	khurda:3
खुल	khul:3
खुलकर	khulkar:2	khulakar:1
खुलता	khulata:2	khulta:1
खुलती	khulati:2	khulti:1
खुलते	khulate:2	khulte:1
खुलना	khulana:2	khulna:1
खुलने	khulane:2	khulne:1
खुलवाने	khulvane:2	khulwane:1
खुलवाया	khulvaya:2	khulwaya:1
खुला	khula:3
खुलासा	khulasa:3
खुलासे	khulase:3
खुली	khuli:6
खुले	khule:7
खुलेआम	khuleaam:2	khuleam:1
खुलेगा	khulega:3
खुल्ला	khulla:3
खुश	khush:3
खुशनुमा	khushnuma:3
खुशबीर	khashbir:1	khushbeer:1	khushbir:1
खुशबू	khushabu:1	khushboo:1	khushbu:1
खुशहाल	khushhal:2	khushhaal:1
खुशहालपुर	khushahalpur:1	khushalpur:1	khushhalpur:1
खुशियां	khushiyan:3
खुशियों	khushiyon:3
खुशी	khushi:3
खुश्की	khushki:3
खुश्बू	khushbu:2	khushboo:1
खुसरो	khusro:2	khusaro:1
खूंटी	khunti:5	khoonti:1
खूंटे	khunte:3
खून	khoon:3
खूनी	khooni:3	khuni:1
खूब	khub:4	khoob:2
खूबसूरत	khubsurat:2	khoobsurat:1
खूबसूरती	khubsurti:2	khubsurati:1
खूबियां	khubiyan:2	khbiyan:1
खूबियों	khubiyon:3
खूबी	khubi:2	khoobi:1
खेड़	khed:3
खेड़ा	kheda:3
खेत	khet:3
खेतिहर	khetihar:3
खेती	kheti:4
खेतीबाड़ी	khetibadi:9	khedibadi:1
खेतीबारी	khetibari:5
खेतों	kheton:4
खेद	khed:3
खेने	khene:3
खेप	khep:3
खेमकरण	khemkaran:3
खेमराज	khemraj:3
खेमा	khema:3
खेमानी	khemani:3
खेमे	kheme:3
खेमें	khemen:2	khemein:1
खेमों	khemon:3
खेर	kher:3
खेरमाई	khermai:3
खेरवाड़ा	kherwara:2	kherwada:1
खेल	khel:6
खेलकर	khelkar:3
खेलकूद	khelkud:4	khelkood:2
खेलता	khelta:2	khelata:1
खेलती	khelti:2	khelati:1
खेलते	khelte:2	khelate:1
खेलना	khelna:3	khelana:1
खेलने	khelne:2	khelane:1
खेला	khela:7
खेली	kheli:6
खेले	khele:7
खेलेगा	khelega:3
खेलों	khelon:4
खेसारी	khesari:5	khesaari:1
खेहर	khehar:3
खैनी	khaini:3
खैबर	khaibar:2	khyber:2	khaybar:1
खैर	khair:3
खैरा	khaira:3
खैराती	khairati:3
खैरी	khairi:3
खो	kho:6
खोई	khoi:3
खोईखोई	khoikhoi:3
खोए	khoe:3
खोखर	khokhar:3
खोखला	khokhla:2	khokhala:1	khokhlaa:1
खोखली	khokhali:2	khokhli:1
खोखले	khokhle:2	khokhale:1
खोखा	khokha:3	khokhaa:1
खोज	khoj:6	khog:1
खोजता	khojta:2	khojata:1	khojtaa:1
खोजते	khojte:2	khojate:1
खोजना	khojna:2	khojana:1
खोजने	khojne:2	khojane:1
खोजा	khoja:3	khojaa:1
खोजी	khoji:3
खोजें	khojen:2	khojein:1
खोजों	khojo:2	khojon:3
खोटा	khota:3	khotaa:1
खोटे	khote:3
खोता	khota:3
खोद	khod:3
खोदते	khodte:3
खोदने	khodne:3
खोना	khona:3
खोने	khone:3
खोपड़ियों	khopadiyon:2	khopdiyon:1
खोपड़ी	khopadi:3
खोपोली	khopoli:3
खोमेनी	khomeni:3
खोया	khoya:3
खोर	khor:3
खोल	khol:3
खोलता	kholta:3
खोलती	kholti:2	kholati:1
खोलते	kholte:3
खोलना	kholna:3
खोलने	kholne:3
खोला	khola:3
खोली	kholi:3
खोलें	kholen:3
खोलेगी	kholegi:3
खोसला	khosla:3
खौल	khaul:3
खौलते	khaulte:3
खौलने	khaulne:3
ख्यात	khyat:3
ख्याति	khyati:3
ख्याल	khyal:2	khayal:1
ख्याली	khyali:3
ख्रुश्चेव	khrushchev:3
ख्वाजा	khwaja:4	khawaja:2
ख्वानी	khwani:2	khvani:1
ख्वाब	khwab:6
ख्वाबों	khwabon:5	khvabon:1
गंगरेल	gangrel:3
गंगवा	gangwa:2	gangava:1
गंगवार	gangwar:2	gangvar:1
गंगा	ganga:7	gangaa:6
गंगाजल	gangajal:2	gangaajal:1
गंगादास	gangadas:3
गंगाधर	gangadhar:3
गंगानगर	ganganagar:3
गंगाबाई	gangabai:2	gangabaai:1
गंगाराम	gangaram:3
गंगासागर	gangasagar:3
गंगे	gange:4
गंगोत्री	gangotri:3
गंगोली	gangoli:3
गंज	ganj:3
गंजे	ganje:3
गंजेपन	ganjepan:3
गंडक	gandak:3
गंडकी	gandki:2	gandaki:1
गंतव्य	gantvay:1	gantvy:1	gantvya:1
गंतव्यों	gantavyon:2	gantvyon:1
गंदगियों	gandgiyon:2	gangiyon:1
गंदगी	gandgi:2	gandagi:1
गंदला	gandla:3
गंदा	ganda:3
गंदी	gandi:3
गंदे	gande:3
गंध	gandh:3	gandha:1
गंधक	gandhak:3
गंधर्व	gandharv:3	gandharva:1
गंधर्वसेन	gandharvsen:2	gandharvasen:1	gandharvrsen:1
गंभीर	gambhir:4
गंभीरता	gambhirta:3
गंवा	ganva:2	ganwa:1	ganwaa:1
गंवाई	ganwai:2	ganvai:1	ganwaayi:1	gawaayi:1
गंवाना	ganvana:1	ganwaana:1	ganwana:1	gawana:1
गंवानी	ganwani:2	ganvani:1	ganwaani:1
गई	gai:3	gayi:1
गऊ	gau:3
गऊघाट	gaughat:3
गए	gaye:2	gae:1
गगन	gagan:3
गगनदीप	gagandeep:3
गच्चा	gaccha:2	gachcha:1
गज	gaj:6
गजक	gajak:3
गजनी	ghajini:2	gajni:1
गजरा	gajra:2	gajara:1
गजराज	gajraj:3
गजल	gajal:2	gazal:2
गजलों	gajlon:2	gazalon:1
गजानन	gajanan:3
गजेंद्र	gajendra:3	gajender:1
गजेटियर	gajetiyar:2	gazzeteer:1
गट्टा	gatta:3
गट्ठर	gatthar:2	gatthr:1
गठजोड़	gathjod:3
गठन	gathan:3
गठबंधन	gathbandhan:3
गठित	gathit:3
गठिया	gathiya:3
गठीला	gathila:3
गठीली	gathili:3
गडकर	gadkar:3
गडकरी	gadkari:3
गड़बड़	gadbad:3
गड़बड़ा	gadbada:3
गड़बड़ियां	gadbadiyan:2	gadbdiyan:1
गड़बड़ी	gadbadi:3
गड़ीसर	gadisar:3
गड़ेरिया	gaderiya:3
गड्ढा	gaddha:2	gadda:1
गड्ढे	gaddhe:2	gadhe:1
गड्ढों	gaddhon:2	gadhon:1
गढ़	gadh:3
गढ़चिरौली	gadchiroli:1	gadhchirauli:1	gadhchiroli:1
गढ़ने	gadhne:2	gadhane:1
गढ़पहरा	gadhpahara:2	garhpshra:1
गढ़वा	gadhava:1	gadhva:1	garhwa:1
गढ़वाल	garhwal:2	gadhval:1
गढ़वाली	garhwali:2	gadhvali:1
गढ़ा	gadha:3
गढ़िया	gadhiya:2	gadhiyan:1
गढ़ी	gadhi:3
गढ़ों	gadhon:3
गण	gan:2	gana:1
गणतंत्र	ganatantra:2	gantantra:1
गणतांत्रिक	gantantrik:2	ganataantrik:1	ganatantrik:1
गणना	ganana:2	gananaaa:1	ganna:1
गणनाओं	gananaon:2	gananaaon:1	gannaon:1
गणपति	ganapati:2	ganpati:2
गणपती	ganapati:2	ganpati:2
गणमान्य	ganamanya:2	ganamaanya:1	ganmanya:1
गणराज्य	ganarajya:2	ganaraajya:1	ganrajya:1
गणराज्यों	ganarajyon:2	ganrajyon:1
गणवेश	ganavesh:2	ganvesh:1
गणित	ganit:3
गणितज्ञ	ganitagya:2	ganitgya:1
गणितज्ञों	ganitagyon:2	ganitgyon:1
गणितीय	ganitiya:2	gamitiya:1
गणेश	ganesh:7
गणेशजी	ganeshji:4
गणेशन	ganeshan:3
गणेशपुर	ganeshpur:3
गणेशोत्सव	ganeshotsav:3
गणों	ganon:3
गत	gat:3
गतका	gatka:3
गति	gati:6
गतिकी	gatiki:3
गतिज	gatij:3
गतिमान	gatiman:3
गतियों	gatiyon:3
गतिरोध	gatirodh:3
गतिविधि	gatividhi:3
गतिविधियाँ	gatividhiyan:3
गतिविधियों	gatividhiyon:3
गतिशील	gatishil:2	gatisheel:1
गतिशीलता	gatishilta:2	gatishilata:3
गतिहीन	gatihin:2	gatiheen:1
गत्ते	gatte:3
गदा	gada:3
गदाधर	gadadhar:3
गदाधारी	gadadhari:3
गद्दाफी	gaddafi:5
गद्दारों	gaddaron:3
गद्दी	gaddi:3
गद्य	gadya:4	gaday:1	gadhy:1
गधा	gadha:6
गधे	gadhe:3
गन	gun:3
गनपत	ganpat:3	ganapat:1
गनबोट	gunboat:2	gunbot:1
गनियारी	ganiyari:3	ganiyaari:1
गन्ना	ganna:3
गन्ने	ganne:3
गप्पे	gappe:3
गबन	gaban:3
गब्बाना	gabbana:3
गम	gam:5	gum:2
गमछा	gamchha:2	gamachha:1
गमन	gaman:3
गमले	gamle:2	gamlon:1
गमलों	gamlon:3
गम्मत	gammat:3
गया	gaya:3
गयाना	gayana:3
गयासुद्दीन	gayasuddin:3
गयासुर	gayasur:3
गर	gar:3
गरज	garaj:3
गरजा	garja:3
गरम	garam:6
गरमी	garmi:2	garami:1
गरिमामय	garimamay:3
गरियाबंद	gariyaband:2	gariaband:1
गरिष्ठ	garishth:3
गरीब	garib:3
गरीबी	garibi:3
गरीबों	garibon:3
गरुड़	garud:2	garuda:1
गरुड़ध्वज	garudadhwaja:1	garuddhvaj:1	garuddhwaj:1
गर्ग	garg:3
गर्गाचार्य	gargacharya:2	gargachary:1
गर्जन	garjan:3
गर्जना	garjana:3
गर्जिया	garjiya:3
गर्त	gart:3
गर्दन	gardan:7
गर्नु	garnu:3
गर्भ	garbh:5	garbha:1
गर्भगृह	garbhgrih:3	garbhgrah:2	garbhagrih:1
गर्भधारण	garbhdharan:7
गर्भपात	garbhpat:6	garbhpaat:1
गर्भवति	garbhvati:2	garbhwati:2
गर्भवती	garbhvati:5	garbhwati:2
गर्भावस्था	garbhavastha:5	arbhavastha:1
गर्भाशय	garbhashay:6
गर्भिणी	garbhini:3
गर्म	garm:6	garam:2
गर्मजोशी	garmjoshi:2	garamjoshi:1
गर्मागर्मी	garmagarmi:3
गर्माहट	garmahat:3
गर्मियां	garmiyan:3
गर्मियों	garmiyon:4
गर्मी	garmi:5	garami:1
गर्ल	girl:3
गर्ल्स	girls:6
गर्व	garv:6
गर्वनर	governor:3
गल	gal:6
गलगंड	galgand:3
गलगली	galgali:3
गलत	galat:3	galt:1
गलतफहमियों	galatfahmiyon:2	galatfehmiyon:1
गलतफहमी	galatfahmi:2	galatfehmi:1
गलतियों	galtiyon:3
गलती	galti:2	galati:1
गला	gala:2	gla:1
गलियारा	galiyara:2	galiara:1
गलियारे	galiyare:3
गलियारों	galiyaron:3
गलियों	galiyon:3
गली	gali:6
गले	gale:6
गलेगी	galegi:3
गल्फ	gulf:4
गल्ला	galla:3
गल्ले	galle:3
गवर्नमेंट	government:3
गवर्नर	gavarnar:4	governor:2	government:1
गवर्निंग	governing:4
गवर्नेंस	governance:3	governors:1
गवली	gavali:2	gavli:1
गवां	gavan:3
गवाही	gavahi:2	gawahi:1
गवाहों	gavahon:2	gawahon:1
गश	gash:3	gush:1
गश्त	gasht:3
गश्ती	gashti:3
गहन	gahan:2	gehen:1
गहना	gahna:2	gahana:1	gehna:1
गहने	gahne:2	gehne:1
गहनों	gahno:1	gahnon:1	gehnon:1
गहमरी	gahmari:2	gehmari:1
गहमागहमी	gahmagahmi:2	gemhagehmi:1
गहरवार	geharvar:2	gaharwar:2	geharwar:1
गहरा	gehra:2	gahra:1
गहराई	gahrai:2	gehrai:2
गहराती	gahrati:2	gehrati:1
गहरी	gahri:2	gahari:1	gehari:1	gehri:1
गहरे	gahre:2	gahare:1	gehre:1
गहलोत	gahlot:2	gehlot:1
गहलौत	gahlaut:2	gehlaut:1
गा	gaa:3
गांगुली	ganguly:3
गांठ	ganth:2	gaanth:1
गांठे	ganthe:2	gaanthe:1
गांठें	ganthen:3
गांठों	ganthon:3
गांधार	gandhar:3
गांधारी	gandhari:3
गांधी	gandhi:4
गांधीनगर	gandhinagar:3
गांधीवादी	gandhivadi:3
गांव	gaon:7	gaanv:1	ganv:1	gav:1
गांवों	gaon:2	gaonon:1
गाइड	guide:3
गाइडिंग	guiding:3
गाइडेड	guided:3
गाई	gaai:1	gai:1	gayi:1
गाएं	gaen:2	gayen:1
गाओ	gao:3
गागर	gagar:2	gaagar:1
गाजर	gajar:3
गाज़ा	gaza:3
गाज़ी	gazi:3
गाज़ीपुर	gazipur:2	ghazipur:1
गाजा	gaza:2	gaja:1
गाजियाबाद	ghaziabad:3
गाजीपुर	gazipur:2	gajipur:1
गाजे	gaje:3
गाडगे	gadge:2	gadage:1
गाड़	gaad:1	gadh:1	guard:1
गाड़ते	gadate:2	gadte:1
गाड़ना	gadna:2	gadana:1
गाड़ने	gadne:2	gardne:1
गाड़िया	gadiya:3
गाड़ियों	gadiyon:3
गाड़ी	gadi:3
गाढ़ा	gadha:3
गाढ़े	gadhe:3
गाढ़ेपन	gadhepan:3
गाता	gata:2	gaata:1
गाती	gati:2	gaati:1
गाते	gaate:2	gate:2
गाथा	gatha:3
गाथाओं	gathaon:3
गादी	gadi:3
गान	gaan:2	gan:1
गाना	gana:4	gaana:3	gaanaa:1
गाने	gaane:4	gane:4
गानों	gaanon:2	ganon:3
गाबा	gaba:3
गामा	gama:3
गामिनी	gamini:3
गाय	gaay:2	gay:1
गायक	gayak:6	gaayak:1
गायकवाड	gaikwad:2	gaekwad:1	gayakwad:1
गायकी	gayaki:2	gaayaki:1
गायकों	gayakon:3
गायत्री	gayatri:4	gayitri:1	gaytri:1
गायन	gayan:2	gaayan:1
गायब	gayab:3
गाया	gaya:2	gaaya:1
गायिका	gayika:3
गायिकाओं	gayikaon:3
गाये	gaye:2	gaaye:1
गायेंगे	gayenge:3
गायों	gaayon:2	gayon:2
गारंटी	guarantee:3
गारफील्ड	garfield:3
गारी	gari:2	gaari:1	gary:1
गारो	garo:3
गार्गी	gargi:3
गार्जियंस	guardians:3
गार्जियन	guardian:3
गार्टनर	gartner:3
गार्ड	guard:6
गार्डनर	gardner:2	gardener:1
गार्डेन	garden:6
गार्ड्स	guards:3
गार्नेट	garnet:3
गार्बेज	garbage:2	gabrej:1
गार्लिक	garlic:3
गार्सिया	garcia:2	garsia:1
गाल	gaal:5	gal:2
गालव	galv:2	galav:1
गाली	gaali:4	gali:4
गाले	gale:4	gaale:3
गावस्कर	gavaskar:3
गाहे	gahe:3
गिटार	guitar:2	gitar:1
गिट्टी	gitti:3
गिड़गिड़ाते	gidgidate:3
गिड़गिड़ाने	gidgidane:3
गिद्ध	giddh:3
गिद्धों	giddhon:3
गिनता	ginta:2	ginata:1
गिनती	ginti:2	ginati:1
गिनते	ginte:2	ginate:1
गिना	gina:3
गिनी	gini:3
गिनीज़	ginij:2	guinness:2
गिने	gine:3
गिनें	ginen:3
गिनेस	guinness:2	gines:1
गिप्पी	gippy:2	gippi:1
गिफ्ट	gift:5
गिब्स	gibs:2	gibbs:1
गिब्सन	gibson:2	gibsan:1
गियर	gear:4
गिर	gir:3
गिरकर	girkar:3
गिरगिट	girgit:3
गिरजा	girja:2	girija:1
गिरजाघर	girjaghar:2	girijaghar:1
गिरजाघरों	girjagharon:2	girijagharon:1
गिरजे	girje:2	giraje:1
गिरता	girta:2	girata:1
गिरती	girti:2	girati:1
गिरते	girte:2	girate:1
गिरधारीलाल	girdharilal:3
गिरना	girna:2	girana:1
गिरनार	girnar:3
गिरने	girne:2	girane:1
गिरफ्तार	girftar:2	giraftar:1
गिरफ्तारियां	girftariyan:2	giraftariyan:1
गिरफ्तारी	girftari:2	giraftari:1
गिरवी	girvi:2	giravi:1
गिरा	gira:3
गिराए	girae:2	giray:1
गिराओ	girao:3
गिराता	girata:3
गिराती	girati:3
गिराने	girane:3
गिराया	giraya:3
गिरावट	giravat:2	girawat:1
गिरि	giri:3
गिरिजा	girija:3
गिरिजाघर	girijaghar:3
गिरिधर	giridhar:3
गिरिराज	giriraj:3
गिरी	giri:3
गिरीराज	giriraj:3
गिरीश	girish:3
गिरे	gire:3
गिरोह	giroh:3
गिरौधपुरी	giraudhpuri:3
गिर्द	gird:3
गिल	gill:2	gil:1
गिलगिट	gilgit:3
गिलगित	gilgit:3
गिलबर्ट	gilbart:2	gilbert:1
गिलहरी	gilhari:2	gilehari:1
गिलानी	gilani:3
गिलास	gilas:3
गिलियन	giliyan:2	gilion:1
गिलेन	gilen:3
गिल्ट	guilt:2	gilt:1
गिल्ड	gild:2	guild:1
गिसेल	gisel:3
गीगा	giga:3
गीजर	geyser:2	geiser:1
गीत	geet:3	git:1
गीतकार	geetkar:2	gitkar:1
गीतकारों	geetkaron:2	gitkaron:1
गीता	geeta:3	gita:1
गीतांजलि	geetanjali:1	gitanjali:1	gitanjli:1
गीते	gite:2	geete:1
गीतों	geeton:6	geeto:1	giton:1
गीयर	gear:3
गीला	gila:3
गीली	gili:3
गीले	gile:3
गुंज	gunj:3
गुंजन	gunjan:3
गुंजाइश	gunjaish:3
गुंटूर	guntur:6	guntoor:1
गुंडा	gunda:3
गुंडे	gunde:2	gunday:1
गुंडों	gundon:3
गुंथी	gunthi:3
गुंबद	gunbad:3
गुंबदों	gunbadon:2	gumbadon:1
गुआन	guan:3
गुआम	guam:2	guaam:1
गुच्छ	guchch:1	guchchh:1	guchh:1
गुच्छा	guchcha:1	guchchha:1	guchha:1
गुच्छे	guchche:1	guchchhe:1	guchhe:1
गुच्छों	guchchhon:1	guchchon:1	guchhon:1
गुजरता	gujarta:3
गुजरते	gujarte:3
गुजरना	gujarna:3
गुजरने	gujarne:2	gujarane:1
गुजरा	gujra:2	gujara:1
गुजरांवाला	gujranwala:2	gujaranvala:1
गुजरात	gujarat:3
गुजराती	gujrati:3	gujarati:2	gujraati:1
गुजराल	gujaral:1	gujral:1	gutral:1
गुजरे	gujre:2	gujare:1
गुजरेगा	gujrega:2	gujarega:1
गुजार	gujar:3
गुजारता	gujarta:2	gujarata:1
गुजारते	gujarte:2	gujarate:1
गुजारना	gujarna:2	gujarana:1
गुजारा	gujara:3
गुजारिश	gujarish:3
गुजारी	gujari:3
गुजारे	gujare:4
गुजिया	gujiya:3	gujia:1
गुट	gut:3
गुटनिरपेक्षता	gurnirpekshta:1	gutnirpekshata:1	gutnirpekshta:1
गुटबाजी	gutbaji:3
गुटों	guton:3
गुट्टा	gutta:3
गुठलीदार	guthalidar:2	gthalidar:1
गुड	good:3	gud:1
गुड़गांव	gurgaon:3
गुड़हल	gudhal:3
गुड़िया	gudiya:3
गुड्डी	guddi:3
गुड्डू	guddu:5	guduud:1
गुण	gun:6
गुणक	gunak:3
गुणगान	gungan:3
गुणदोष	gundosh:6
गुणदोषों	gundoshon:3
गुणधर्म	gundharm:3
गुणन	gunan:2	gunak:1
गुणरत्न	gunratn:2	gunratna:1
गुणवत्ता	gunvatta:3
गुणवत्तापूर्ण	gunvattapurn:2	gunvattapuran:1
गुणसूत्र	gunsutra:2	gunsutr:1
गुणसूत्रीय	gunsutriy:2	gunsutriya:1
गुणसूत्रों	gunsutron:3
गुणा	guna:3
गुणांक	gunank:3
गुणात्मक	gunatmak:3
गुणी	guni:3
गुणों	guno:3	gunon:3
गुदगुदाना	gudgudana:3
गुदगुदाने	gudgudane:3
गुदना	gudna:3
गुदवाने	gudwane:2	gudvane:1
गुदा	guda:2	gudda:1
गुनगुनाते	gungunate:2	gungunathe:1
गुनगुनाने	gungunane:3
गुनगुनाया	gungunaya:3
गुनगुनाहट	gungunahat:3
गुनगुने	gungune:3
गुना	guna:3
गुनाह	gunah:3
गुनाहगार	gunahgar:2	gunahgaar:1
गुनाहों	gunahon:3
गुनी	guni:3
गुप्त	gupt:3
गुप्तकाल	guptkal:3
गुप्तचर	guptchar:2	guptcharon:1
गुप्तचरों	guptcharon:2	guptchron:1
गुप्ता	gupta:3
गुप्तांगों	guptangon:2	gptangon:1
गुफाएं	gufaen:1	gufayan:1	gufayen:1
गुफाओं	gufaon:3
गुफानुमा	gufanuma:3
गुफ्तगू	gufatgu:1	guftgoo:1	guftgu:1
गुब्बारा	gubbara:2	gabbara:1
गुब्बारे	gubbare:3
गुम	gum:6
गुमनाम	gumnam:2	gumnaam:1
गुमराह	gumrah:3
गुमला	gumla:2	gumala:1
गुमसुम	gumsum:3
गुमान	guman:3	gumaan:1
गुर	gur:3
गुरचरण	gurcharan:3
गुरदास	gurdas:3
गुरदासपुर	gurdaspur:3
गुरप्रीत	gurpreet:3
गुरमीत	gurmeet:3
गुरिल्ला	gurilla:3
गुरु	guru:3
गुरुंग	gurung:3
गुरुओं	guruon:3
गुरुकुल	gurukul:3
गुरुकुलम	gurukulam:3
गुरुजन	gurujan:3
गुरुत्व	gurutv:3
गुरुत्वाकर्षण	gurutvakarshan:3
गुरुदेव	gurudev:3
गुरुद्वारा	gurudwara:2	gurudvara:1
गुरुद्वारे	gurudware:2	gurudvare:1
गुरुभक्ति	gurubhakti:3
गुरुवार	guruwar:2	guruvar:1
गुरुशिष्य	gurushishy:3
गुरुसत्ता	gurusatta:3
गुरूंग	gurung:3
गुरूत्वाकर्षण	gurutvakarshan:3
गुरूत्वीय	gurutviy:2	gurutviya:1
गुरूर	gurur:4	garur:1	guruur:1
गुरेरा	gurera:3
गुर्जर	gurjar:6
गुर्दा	gurda:3
गुर्दे	gurde:3
गुल	gul:3
गुलकंद	gulkand:3
गुलज़ार	gulzar:2	guljar:1
गुलदस्ते	guldaste:3
गुलफाम	gulfam:3
गुलमोहर	gulmohar:3
गुलर	gular:3
गुलशन	gulshan:3
गुलाब	gulab:5	goolab:1	gulaab:1
गुलाबी	gulabi:3
गुलाम	gulam:5	ghulam:1
गुलामी	gulami:6
गुलामों	gulamon:3
गुलाल	gulal:3
गुलेरी	guleri:3
गुल्ला	gulla:3
गुल्ली	gulli:3
गुवाहाटी	guwahati:5
गुस्ताखी	gustakhi:3
गुस्सा	gussa:6
गुस्साए	gussaye:2	gussae:1
गुस्से	gusse:6
गुस्सैल	gussail:6	gussel:1
गूंगा	gunga:3
गूंगी	gungi:3
गूंज	gunj:2	goonj:1
गूंजता	gunjata:2	gunjta:1
गूंजते	gunjate:3
गूंजने	gunjane:3
गूंथ	gunth:3
गूंथकर	gunthkar:3
गूंथे	gunthe:3
गूगल	google:6
गूजरी	gujari:3
गूफी	gufi:2	goofi:1
गृह	gruh:2	grih:1
गृहण	gruhan:2	grihan:1
गृहणी	gruhani:2	grihani:1
गृहदाह	grihdah:1	gruhdah:1	gurdah:1
गृहनगर	gruhnagar:2	grihnagar:1
गृहप्रवेश	gruhpravesh:3	grihpravesh:2	grahpravesh:1
गृहमंत्री	gruhmantri:2	grihmantri:1
गृहयुद्ध	grahayuddha:1	grihyuddh:1	gruhyuddha:1
गृहराज्य	gihrajy:1	graharajya:1	grihrajya:1
गृहस्थ	grihasth:1	grihastha:1	grihsth:1
गृहस्थाश्रम	grihasthashram:2	grihsthashram:1
गृहस्थी	grihasthi:1	grihsthi:1	gruhasthi:1
गृहस्वामी	grahswami:1	grihsvami:1	grihswami:1
गृहिणियों	grihiniyon:2	gruhiniyon:1
गृहिणी	grihini:2	gruhini:1
गे	gay:2	gey:1
गेंडे	gende:3
गेंद	gend:3
गेंदबाज	gendbaaz:2	gendbaj:1
गेंदबाजी	genbazi:1	gendbaji:1	gendbazi:1
गेंदबाजों	gendbaazon:1	gendbajon:1	gendbazon:1
गेंदें	genden:3
गेंदों	gendon:3
गेज	gauge:3
गेजेट	gadget:2	gazette:1
गेट	gate:3
गेटकीपर	gatekeeper:3
गेटवे	gateway:3
गेटों	gaton:2	geton:1
गेट्स	gates:3
गेना	gena:3
गेब्रियल	gabriel:3
गेम	game:3
गेमिंग	gaming:3
गेम्स	games:3
गेरू	geru:3
गेल	gayle:2	gayl:1	gel:1
गेस	gas:2	guess:1
गेहलोत	gehlot:3
गैंग	gang:3
गैंगस्टर	gangster:3
गैंडा	gainda:2	genda:1
गैंडे	gainde:2	gende:1
गैजेट	gadget:2	gazette:1
गैप	gap:2	gape:1
गैब्रिएल	gabriel:2	gaibiel:1
गैब्रियल	gabriel:2	gaibriyal:1
गैर	gair:3
गैरकानूनी	gairkanooni:4	gairkanuni:3	gairkaanooni:1	gairkaanuni:1
गैरमौजूद	gairmaujud:3	gairmauzud:1
गैरलाभकारी	gairlabhkari:6
गैरसरकारी	gairsarkari:6	gairsarkaari:1
गैरेज	garage:3
गैरोला	gairola:2	garola:1
गैल	gail:3
गैलक्सी	galaxy:3
गैलन	gailan:1	galan:1	gallon:1
गैलरी	gallery:3
गैलिना	galina:2	galino:1
गैलियम	gallium:3
गैलीलियो	galileo:3
गैलेक्टिक	galactic:3
गैलेक्सियों	galaxion:1	galaxiyon:1	galaxyon:1
गैलेक्सी	galaxy:3
गैस	gas:3
गैसीय	gasiy:2	gaisiya:1
गैसों	gason:3
गैसोलीन	gasoline:3
गैस्ट्रोइंटेस्टाइनल	gastrointestinal:3
गॉडमदर	godmother:3
गॉन	gone:2	gun:1
गॉर्डन	garden:3
गॉल	gal:1	goal:1	gol:1
गॉलब्लैडर	gallbladder:2	galbladder:1
गॉस	gas:1	gos:1	goss:1
गो	go:6
गोंड	gond:3
गोंडवाना	gondwana:2	gondavana:1
गोंडा	gonda:3
गोंडी	gondi:3
गोंद	gond:3
गोइंग	going:3
गोएथे	goethe:2	goyethe:1
गोकर्ण	gokaran:1	gokarn:1	gokarna:1
गोकुल	gokul:3
गोकुलधाम	gokuldham:3
गोकुलानंद	gokulanand:3
गोखरू	gokharu:1	gokhru:1	gukhru:1
गोखले	gokhale:2	gokhel:1
गोगई	gogai:3
गोगा	goga:3
गोगाजी	gogaji:3
गोगुंदा	gogunda:3
गोगो	gogo:3
गोचर	gochar:2	gouchar:1
गोज	goes:2	goj:1
गोट	goat:2	got:1
गोटे	gote:3
गोठ	goth:3
गोडसे	godse:3
गोडार्ड	goddard:2	godard:1
गोडावण	godavan:1	godawan:1	gundvand:1
गोतम	gotam:3	gautam:1
गोता	gota:2	gotha:1
गोताखोर	gotakhor:2	gothakhor:1
गोताखोरी	gotakheri:1	gotakhori:1	gothakhori:1
गोताखोरों	gotakhoron:2	gothakhoroun:1
गोतिया	gotia:2	gothiya:1
गोत्र	gotra:2	gauthr:1
गोथिक	gothic:2	gothik:1
गोद	god:3
गोदरेज	godrej:3
गोदान	godan:2	godaan:1
गोदाम	godam:2	godaam:1
गोदारा	godara:3
गोदावरी	godavari:3
गोदी	godi:3
गोधरा	godhara:3
गोन	gone:3
गोपद	gopad:3
गोपनीय	gopniya:2	gopniy:1
गोपनीयता	gopniyata:3
गोपा	gopa:3
गोपाल	gopal:6
गोपालकृष्ण	gopalkrishna:2	gopalkrishan:1
गोपालकृष्णन	gopalkrishnan:3
गोपालगंज	gopalganj:3
गोपालदास	gopaldas:3
गोपालपुर	gopalpur:3
गोपालपुरा	gopalpura:3
गोपालप्रसाद	gopalprasad:3
गोपाष्टमी	gopashtami:3
गोपियों	gopiyon:3
गोपी	gopi:3
गोपीकृष्ण	gopikrishan:2	gopikrishna:1
गोपीचंद	gopichand:3
गोपीचंद्र	gopichandra:3
गोपीनाथ	gopinath:6
गोपेश्वर	gopeshwar:3
गोबर	gobar:3
गोबिंद	gobind:3
गोबिंदगढ़	gobindgarh:3
गोबी	gobi:3
गोभी	gobhi:3
गोमके	gomke:2	gomake:1
गोमती	gomti:2	gamati:1
गोमतीनगर	gomtinagar:2	gomatinagar:1
गोमुख	gomukh:3
गोम्बे	gombe:3
गोम्स	goms:3
गोयंका	goyanka:2	goenka:1
गोयल	goyal:2	goel:1
गोया	goya:3
गोर	gor:7
गोरक्ष	goraksh:3
गोरक्षनाथ	gorakshnath:2	gorakshanath:1
गोरखधाम	gorakhdham:3
गोरखनाथ	gorakhnath:3
गोरखपुर	gorakhpur:8
गोरखा	gorkha:2	gorakha:1
गोरखे	gorkhe:2	gorakhe:1
गोरा	gora:6
गोराडिया	goradia:2	goradiya:1
गोरिया	goriya:3
गोरिल्ला	gorilla:3
गोरी	gori:6
गोरे	gore:3
गोरेगांव	goregaon:3
गोरों	goron:2	goroun:1
गोल	goal:2	gol:1
गोलकुंडा	golakunda:1	golakundaa:1	golkonda:1	golkunda:1
गोलचक्कर	golachakkar:1	golchakar:1	golchakkar:1
गोलबंद	golband:3
गोलमटोल	golmatol:3
गोलमा	golma:2	golama:1	golamaa:1
गोलमाल	golmaal:3	golmal:3	golamaal:1	golamal:1
गोलमेज	golmej:3	golamej:1
गोलवलकर	golavalakar:1	golvalkar:1	golwalkar:1
गोला	gola:3
गोलाई	golaee:2	golai:2	golayi:1
गोलाकार	golakar:2	golaakaar:1	golakaar:1
गोलान	golaan:2	golan:2
गोलाबारी	golabari:2	golaabaari:1	golabaari:1
गोलार्ध	golardh:3	golaardh:1
गोलियां	goliyaan:2	goliyan:2	goleeyan:1
गोलियों	goliyon:3	goleeyon:1
गोली	goli:9
गोलीबारी	golibaari:2	golibari:2
गोलू	golu:6	goloo:1
गोले	gole:5	goley:1
गोलों	golon:3
गोल्ड	gold:3
गोल्डन	golden:2	goldan:1
गोल्डबर्ग	goldberg:2	goldbarg:1
गोल्डिंग	golding:3
गोल्डी	goldy:2	goldi:1
गोल्डीलॉक्स	goldeeloks:1	goldilauks:1	goldilocks:1	goldylocks:1
गोल्फ	golf:3	golph:1
गोवर्धन	govardhan:6
गोवर्धनदास	govardhandas:2	govardhandaas:1	goverdhandas:1
गोवर्धननाथ	govardhananaath:1	govardhananath:1	govardhannath:1	goverdhannaath:1
गोवा	goa:6	gova:1
गोविंद	govind:6
गोविंदपुर	govindpur:2	govindapur:1
गोविंदपुरी	govindpuri:2	govindapuri:1
गोविंदा	govinda:7
गोविल	govil:3
गोष्ठियां	goshthiyan:3	goshthiyaan:1
गोष्ठी	goshthi:3
गोसाई	gosai:2	gosaai:1
गोस्वामी	goswami:2	gosvaami:1	gosvami:1
गोस्वामीजी	goswamiji:2	gosvaamiji:1	gosvamiji:1
गोहिल	gohil:3
गौ	gau:3
गौडा	gauda:2	gowda:1	gowdaa:1
गौण	gaun:3	gaud:1
गौतम	gautam:3
गौतमबुद्ध	gautambuddha:2	gautamabuddh:1	gautambuddh:1
गौतमबुद्धनगर	gautambuddhanagar:3	gautamabuddhanagar:1
गौतमी	gautami:3
गौत्र	gautra:2	gautr:1	gotra:1
गौन	gaun:2	gone:1
गौने	gaune:3	gawne:1
गौमुख	gaumukh:3	gomukh:1
गौमूत्र	gaumutra:2	gaumutr:1	gowmutra:1
गौर	gaur:3	gaaur:1
गौरतलब	gaurtalab:4
गौरव	gaurav:4
गौरवपूर्ण	gauravpurna:2	gauravpurana:1
गौरवमयी	gauravmayi:3
गौरवशाली	gauravshali:3
गौरहरि	gaurhari:3
गौरांग	gaurang:3
गौरी	gauri:3
गौरीगंज	gauriganj:3
गौरीबाजार	gauribazar:3
गौरीशंकर	gaurishankar:3
गौरैया	gauraiya:3
गौस	gaus:2	gauss:1
गौहत्या	gauhatya:3
गौहर	gauhar:3
ग्यारह	gyarah:2	gyaarah:1
ग्यारहवीं	gyaarahavin:1	gyarahavin:1	gyarhavin:1
ग्यारहवें	gyaarahaven:1	gyarahaven:1	gyarahven:1
ग्रंथ	granth:3
ग्रंथि	granthi:3
ग्रंथियां	granthiyan:2	granthiyaan:1
ग्रंथियों	granthiyon:2	grandhiyon:1
ग्रंथो	grantho:3
ग्रंथों	granthon:3
ग्रसित	grasit:3
ग्रस्त	grast:2	grasta:1
ग्रह	grah:5	garh:1
ग्रहण	grahan:3
ग्रहीय	grahiy:3
ग्रहों	grahon:5
ग्रा	gra:3
ग्रां	gran:2	gram:1
ग्रांट	grant:3
ग्रांड	grand:3
ग्राउंड	ground:4
ग्राफ	graph:3
ग्राफिक	graphic:3
ग्राफिकल	graphical:3
ग्राफिक्स	graphics:3
ग्राफीन	graphene:2	graphin:1
ग्राफ्ट	grapht:2	graft:1
ग्राम	gram:5	garam:1
ग्रामवासी	gramwasi:2	gramvasi:1
ग्रामीण	gramin:3
ग्रामीणों	graminon:3
ग्रामों	gramon:3
ग्रामोदय	gramoday:3
ग्रामोद्योग	gramodyog:3
ग्राम्य	gramy:2	gramya:1
ग्रास	grass:2	gras:1
ग्राह	grah:3
ग्राहक	grahak:3
ग्राहकों	grahakon:2	grahkon:1
ग्राहम	graham:3
ग्रिड	grid:3
ग्रिम	grim:3
ग्रियर्सन	grierson:2	grayson:1
ग्रिल	grill:3
ग्रिल्ड	grilled:2	griled:1
ग्रीक	greece:1	greek:1	grick:1
ग्रीड	greed:2	grid:1
ग्रीन	green:3
ग्रीनफील्ड	greenfield:3
ग्रीनलैंड	greenland:3
ग्रीनविच	greenwhich:1	greenwich:1	greenwitch:1
ग्रीफ	grief:1	grif:1	griph:1
ग्रीवा	griva:3
ग्रीष्म	grishm:3
ग्रीस	greece:3
ग्रीसवासियों	greecevasiyon:1	greecewasiyon:1	grisvasiyon:1
ग्रीस्ट	greest:1	greist:1	grist:1
ग्रुप	group:3
ग्रुपों	groupon:3
ग्रुप्स	groups:3
ग्रूम	groom:3
ग्रूम्समैन	groomsman:2	groomsmen:1
ग्रे	grey:2	gray:1
ग्रेग	greg:3
ग्रेगरी	gregory:2	gregari:1
ग्रेगोरी	gregori:5	gregory:2
ग्रेजिया	grazia:1	grejiya:1	greyzia:1
ग्रेजुएट	graduate:3
ग्रेजुएशन	graduation:6
ग्रेट	great:3
ग्रेटर	greater:3
ग्रेटेस्ट	greatest:3
ग्रेड	grade:2	grad:1
ग्रेन	grain:2	garin:1
ग्रेनाइट	granite:2	grenite:1
ग्रेनेड	grenade:2	grened:1
ग्रेनेडा	grenada:2	greneda:1
ग्रेनेडों	granado:2	grenedo:1
ग्रेनोबल	grenoble:2	grenobal:1
ग्रेफ	gref:2	graph:1
ग्रेफाइट	graphite:3
ग्रेवाल	grewal:3
ग्रेवी	gravy:2	gravi:1
ग्रेव्स	graves:3
ग्रेस	grace:3
ग्रैंड	grand:6
ग्रैंडसन	grandson:3
ग्रैजुएशन	graduation:3
ग्रैन	grain:2	gran:1
ग्रैनेड	grenade:2	graned:1
ग्रैमी	grammy:2	grami:1
ग्रैविटी	gravity:3
ग्रैहम	graham:3
ग्रॉस	gross:3
ग्रो	grow:3
ग्रोथ	growth:4
ग्रोवर	grover:3
ग्लाइकोल	glycol:3
ग्लाइड	glide:2	glyde:1
ग्लाइडर	glider:2	glyder:1
ग्लाइसेमिक	glycemic:3
ग्लानि	glani:3
ग्लास	glass:3
ग्लासगो	glassgo:2	glasgow:1
ग्लासों	glasson:3
ग्लिसरीन	glycerine:3
ग्लीसरीन	gliserin:1	glycerin:1	glysrine:1
ग्लूकोमा	glaucoma:5
ग्लेन	glen:2	glenn:1
ग्लेशियर	glacier:3
ग्लेशियरों	glacieron:2	glecieron:1
ग्लैक्सो	glaxo:2	glexo:1
ग्लैडिएटर	gladiator:3
ग्लोब	globe:2	glob:1
ग्लोबल	global:3
ग्लोरियस	glorious:3
ग्वांगडोंग	guangdong:2	gwangdong:1
ग्वाटेमाला	guatemala:2	gwatemala:1
ग्वादर	gvadar:2	gwadar:3
ग्वार	gwar:2	guar:1
ग्वाला	gwala:3
ग्वालियर	gwalior:3
ग्वाले	gwale:3
ग्वालों	gawalon:1	gwalon:1	gwaloun:1
घंटा	ghanta:3
घंटाघर	ghantaghar:3
घंटानाद	ghantanad:3
घंटी	ghanti:3
घंटे	ghante:3
घंटों	ghanton:3
घटक	ghatak:3
घटकर	ghatkar:3
घटकों	ghatkon:3
घटता	ghatata:2	ghatta:1
घटती	ghatati:2	ghatti:1
घटते	ghatate:2	ghatte:1
घटना	ghatna:3
घटनाएं	ghatanaaaen:1	ghatnaen:1	ghatnayen:1
घटनाओं	ghatanaon:3	ghatnaon:2	ghatanaaon:1
घटनाक्रम	ghatnakram:3	ghatnakrm:2	ghatanaakram:1
घटनाचक्र	ghatnachakra:3	ghatanaachakra:1	ghatnachakr:1	ghatnachkr:1
घटनास्थल	ghatnasthal:4	ghatanaasthal:2
घटने	ghatne:2	ghatane:1
घटा	ghata:2	ghataa:1
घटाए	ghataaae:1	ghatae:1	ghataye:1
घटाकर	ghatakar:2	ghataakar:1
घटाटोप	ghatatop:2	ghataatop:1
घटाता	ghatata:2	ghataataa:1
घटाना	ghatana:2	ghataanaa:1
घटाने	ghatane:2	ghataane:1
घटाया	ghataya:2	ghataayaa:1
घटित	ghatit:3
घटिया	ghatiya:2	ghatiyaa:1
घटी	ghati:3
घटेगा	ghatega:2	ghategaa:1
घटेगी	ghategi:3
घटोत्कच	ghatotkach:3
घड़ियालों	ghadiyalon:2	ghadiyaalon:1
घड़ियों	ghadiyon:3
घड़ी	ghadi:3
घड़े	ghade:3
घनघोर	ghanghor:3
घनत्व	ghanatva:2	ghanatv:1	ghantv:1	ghantva:1
घनश्याम	ghanshyam:3
घना	ghana:3
घनाकार	ghanakar:3
घनिष्ठ	ghanishth:3
घनी	ghani:3
घनीभूत	ghanibhut:3
घने	ghane:3
घपला	ghapla:3
घबरा	ghabra:3
घबराती	ghabrati:3
घबराया	ghabraya:3
घबराहट	ghabrahat:3
घमासान	ghamasan:3
घर	ghar:3
घरवाले	gharwale:2	gharwaale:1
घराट	gharat:3
घराना	ghrana:2	gharana:1
घराने	gharane:2	ghrane:1
घरानों	gharanon:3
घरेलू	gharelu:6
घरों	gharon:3
घरौंदा	gharaunda:2	gharonda:1
घर्षण	gharshan:3
घसीट	ghasit:3
घसीटते	ghasitate:3
घसीटने	ghasitne:2	ghasitane:1
घाघरा	ghaghra:3
घाट	ghat:2	ghaat:1
घाटकोपर	ghatkopar:3
घाटमपुर	ghatampur:3
घाटा	ghata:3
घाटियों	ghatiyo:2	ghatiyon:3
घाटी	ghati:3
घाटे	ghate:3
घाटों	ghaton:3
घात	ghat:2	ghaat:1
घातक	ghatak:3
घायल	ghayal:3
घायलावस्था	ghayalavastha:1	ghayalavstha:1	ghaylavstha:1
घायलों	ghaylon:2	ghayalon:1
घाव	ghav:3
घावों	ghavon:3
घासी	ghasi:3
घिनौना	ghinauna:2	ghinona:1
घिमिरे	ghimire:3
घिर	ghir:3
घिरा	ghira:3
घिरी	ghiri:3
घिरे	ghire:3
घिरोर	ghiror:3
घिस	ghis:3
घिसाई	ghisai:3
घिसी	ghisi:3
घिसे	ghise:3
घिसें	ghisen:3
घी	ghi:2	ghee:1
घीसा	ghisa:3
घुंघट	ghunghat:3
घुंघराले	ghunghrale:2	ghungharale:1
घुंघरू	ghungharu:2	ghunghru:1
घुटना	ghutna:3
घुटने	ghutne:2	ghutane:1
घुटनो	ghutno:3
घुटनों	ghutnon:3
घुड़	ghud:3
घुड़सवार	ghudsavar:2	ghudswar:1
घुड़सवारी	ghudsavari:2	ghudswari:1
घुमक्कड़	ghumakkad:3
घुमक्कड़ी	ghumakkadi:2	ghumakkdi:1
घुमक्कड़ों	ghumakkadon:1	ghumakkaron:1	ghumakkdon:1	ghummakkadon:1
घुमा	ghuma:3	ghumaa:1
घुमाण	ghuman:2	ghumaan:1
घुमाता	ghumata:3	ghumaata:1
घुमाती	ghumati:2	ghumaati:1
घुमाते	ghumate:2	ghumaate:1
घुमाने	ghumane:2	ghumaane:1
घुमाया	ghumaya:3	ghumaaya:1
घुमाव	ghumav:3	ghumaav:1
घुमावदार	ghumavdaar:2	ghumaavdaar:1	ghumavdar:1
घुल	ghul:3	ghoul:1
घुलनशील	ghulansheel:2	ghulanshil:1	ghulanshila:1
घुलने	ghulne:3
घुली	ghuli:3
घुले	ghule:3
घुश्मा	ghushma:3	ghushmaa:1
घुश्मेश्वर	ghushmeshwar:3
घुस	ghus:3
घुसने	ghusne:3
घुसपैठ	ghuspaith:2	ghuspet:1
घुसपैठियों	ghuspaithiyan:1	ghuspaithiyon:1	ghuspetiyoun:1
घुसी	ghusi:3
घूंसा	ghunsa:3	ghoonsa:1
घूंसे	ghunse:3	ghoonse:1
घूघरा	ghughra:2	ghughara:1
घूम	ghum:3	ghoom:1
घूमकर	ghumkar:3	ghoomkar:1
घूमता	ghumta:2	ghoomta:1	ghoomtaa:1	ghumtaa:1
घूमती	ghoomti:1	ghumati:1	ghumthi:1	ghumti:1
घूमते	ghoomte:1	ghumate:1	ghumte:1	ghumthe:1
घूमना	ghumna:3	ghoomna:1
घूमने	ghumane:2	ghumne:2	ghoomne:1
घूमनेवाले	ghumanewale:2	ghoomnewaale:1	ghumnewaale:1
घूमा	ghuma:3	ghooma:1
घूमाने	ghumane:2	ghoomaane:1	ghumaane:1
घूमी	ghumi:3	ghoomi:1
घूर्णन	ghurnan:3	ghoornan:1
घृणा	ghrina:2	ghrinaa:1	ghruna:1
घृणित	ghrinit:2	ghrunit:1
घृत	ghrit:3
घृष्णेश्वर	ghrishneshwar:2	grishneshwar:1
घेंघा	ghengha:3	ghenghaa:1
घेर	gher:3
घेरता	gherta:2	gherata:1	ghertaa:1
घेरना	gherna:3	ghernaa:1
घेरने	gherne:3
घेरा	ghera:3
घेराबंदी	gherabandi:2	gerabandi:1
घेराव	gherav:3
घेरे	ghere:3
घोंघा	ghongha:3
घोंघे	ghonghe:3
घोंटकर	ghontkar:2	ghontakr:1
घोंटने	ghontane:2	ghontne:1
घोंसला	ghonsala:1	ghonsla:1	ghosanla:1
घोंसले	ghonsale:3
घोंसलों	ghonsalon:3
घोट	ghot:3
घोटा	ghota:3
घोटाला	ghotala:6
घोटाले	ghotale:6
घोड़ा	ghoda:3
घोड़ी	ghodi:3
घोड़े	ghode:3
घोड़ों	ghodon:3
घोर	ghor:3
घोरपड़े	ghorpade:3
घोल	ghol:3
घोलते	gholate:2	gholte:1
घोला	ghola:3
घोलें	gholen:3
घोष	ghosh:3
घोषणा	ghoshna:7	ghoshana:2	ghoshan:1
घोषणाएं	ghoashnayen:1	ghoshanaen:1	ghoshnayen:1
घोषणापत्र	ghoshanapatr:3	ghoshanapatra:1	ghoshanpatr:1	ghoshnapatr:1
घोषणापत्रों	ghoshanapatr:2	ghoshanapatron:2	ghoshanpatron:1	ghoshnapatron:1
घोषाल	ghoshal:3
घोषित	ghoshit:3
घोसी	ghosi:3
घोस्ट	ghost:3
घ्राण	ghran:3
च	cha:2	ch:1
चंकी	chanki:3
चंगुल	changul:3
चंगेज	changej:2	changez:1
चंचल	chanchal:3
चंचलता	chanchalata:1	chanchalta:1	chanchlata:1
चंडी	chandi:3
चंडीगढ़	chandigarh:4
चंडीदास	chandidas:3
चंद	chand:6
चंदन	chandan:6	chandana:1
चंदनबाड़ी	chandanbari:2	chandanbaari:1	chandanbadi:1
चंदर	chandar:2	chander:1	chandra:1
चंदला	chandala:2	chandalaa:1	chandla:1
चंदवा	chandwa:3	chandva:1
चंदवार	chandwar:2	chandawar:1	chandvar:1
चंदा	chanda:6	chandaa:1
चंदू	chandu:3
चंदे	chande:3
चंदेरी	chanderi:3
चंदेल	chandel:3
चंदेलों	chandelon:3
चंदों	chandon:3
चंद्र	chandra:6
चंद्रकांता	chandrakanta:6	chandrkanta:1
चंद्रगुप्त	chandragupt:2	chandragupta:2
चंद्रनगर	chandranagar:3
चंद्रपुर	chandrapur:3
चंद्रबली	chandrabali:3
चंद्रबाबू	chandrababu:3
चंद्रभागा	chandrabhaga:2	chandrabhaagaa:1
चंद्रभानु	chandrabhanu:3
चंद्रमा	chandrama:5	chandrma:1
चंद्रमाओं	chandramaon:3
चंद्रलोक	chandralok:3
चंद्रशेखर	chandrashekhar:3
चंद्रा	chandra:3
चंद्राकर	chandrakar:3
चंद्राकार	chandrakar:3
चंद्रिका	chandrika:3
चंद्रेश्वर	chandreshwar:3
चंद्रोदय	chandroday:2	chandrodaya:1
चंपा	champa:6
चंपारण	champaran:4
चंपावती	champawati:3
चंपू	champu:3
चंबल	chambal:3
चक	chak:4
चकत्ते	chaktte:2	chakatte:1
चकमा	chakma:3
चकराता	chakrata:3
चकरी	chakri:3
चकलेश्वर	chakaleshwar:2	chakleshwar:1
चकित	chakit:3
चक्कर	chakkar:2	chkkar:1
चक्करों	chakkaron:3
चक्का	chakka:3
चक्कियों	chakkiyon:3
चक्की	chakki:3
चक्र	chakra:3
चक्रण	chakran:2	chakrana:1
चक्रतीर्थ	chakratirth:2	chakrateerth:1
चक्रधर	chakradhar:3
चक्रधारी	chakradhari:3
चक्रवर्ती	chakravarti:2	chakraborty:1
चक्रवात	chakravat:2	chakrawat:1
चक्राकार	chakrakar:3
चक्रीय	chakriya:2	chakriy:1
चक्रों	chakron:2	chakro:1
चक्षु	chakshu:3
चखने	chakhane:2	chakhne:1
चखाया	chakhaya:3
चचेरी	chacheri:3
चचेरे	chachere:3
चटकारे	chatkare:2	chatakaare:1
चटगांव	chatgaon:2	chatagaon:1
चटनी	chatani:2	chatni:1
चटर्जी	chatargy:1	chatarji:1	chatterjee:1
चटा	chata:2	chataa:1
चट्टान	chattan:4
चट्टानी	chattani:3
चट्टानों	chattanon:3
चट्टोपाध्याय	chattopadhyay:2	chatopadhyay:1
चड्ढा	chaddha:3
चढ़	chadh:3
चढ़कर	chadhkar:2	chadhakar:1
चढ़ता	chadhta:2	chadhata:1
चढ़ती	chadhti:2	chadhati:1
चढ़ते	chadhte:2	chadhate:1
चढ़ना	chadhna:2	chadhana:1
चढ़नी	chadhni:2	chadhani:1
चढ़ने	chadhne:2	chadhane:1
चढ़ा	chadha:3
चढ़ाई	chadhai:3
चढ़ाएगा	chadhaega:2	chadhayga:1
चढ़ाकर	chadhakar:3
चढ़ाता	chadhata:3
चढ़ाती	chadhati:3
चढ़ाते	chadhate:3
चढ़ाना	chadhana:3
चढ़ाने	chadhane:2	chadhani:1
चढ़ाया	chadhaya:3
चढ़ावा	chadhava:3
चढ़ावे	chadhave:3
चढ़ी	chadhi:3
चढ़े	chadhe:3
चतुर	chatur:3
चतुराई	chaturai:3
चतुर्थ	chaturth:4
चतुर्थी	chaturthi:3
चतुर्थेश	chaturthesh:1	chaturthesha:1	chatuthresh:1
चतुर्दिक	chaturdik:3
चतुर्भुज	chaturbhuj:2	chaturbhurj:1
चतुर्भुजी	chaturbhuji:2	chaturbhurji:1
चतुर्वेद	chaturved:3
चतुर्वेदी	chaturvedi:4
चतुष्कोण	chatushkon:3
चतुष्कोणीय	chatunshkoniy:1	chatushkoniy:1	chatushkoniya:1
चना	chana:3
चने	chane:3
चन्ना	channa:3
चपटा	chapta:3
चपटी	chapti:2	chapati:1
चपटे	chapte:2	chapate:1
चपलता	chaplata:2	chapalta:1
चपेट	chapet:2	chapate:1
चबाएं	chabaen:2	chabayan:1
चबाते	chabate:3
चबाने	chabane:3
चबूतरे	chabutare:2	chabutre:1
चमक	chamak:3
चमकता	chamakta:2	chamkata:1
चमकती	chamakti:2	chamkati:1
चमकते	chamakate:1	chamakte:1	chamkate:1
चमकदार	chamakdar:3
चमकना	chamakna:2	chamkana:1
चमकनेवाले	chamaknewale:2	chamkanewale:1
चमकाने	chamkane:3
चमकीला	chamkila:3
चमकीली	chamkili:3
चमकीले	chamkile:3
चमगादड़	chamgadad:3
चमगादड़ों	chamgadadon:2	chamgadron:1
चमचमाती	chamchamati:2	chamkamati:1
चमचमाते	chamchamate:3
चमचा	chamcha:2	chamacha:1
चमड़ा	chamda:3
चमड़ी	chamdi:2	chamadi:1
चमड़े	chamde:3
चमडी	chamdi:3
चमडे	chamde:3
चमत्कार	chamatkar:5	chamatkaar:1	chamtkar:1
चमत्कारिक	chamatkarik:2	chamatkarita:1
चमत्कारी	chamatkari:3
चमत्कारों	chamatkaron:3
चमत्कृत	chamatkrit:2	chamtkrit:1
चमिंडा	chaminda:3
चमेली	chameli:3
चमोली	chamoli:3
चम्मच	chammach:3
चयन	chayan:3
चयनकर्ता	chayankarta:3
चयनकर्ताओं	chayankartaon:3
चयनात्मक	chayanatmak:2	chaynatmak:1
चयनित	chaynit:2	chayanit:1
चयापचय	chayapachay:3
चर	char:4
चरक	charak:3
चरखा	charkha:3
चरखी	chakhari:1	charakhi:1	charkhi:1
चरण	charan:6
चरणजीत	charanjit:3
चरणतीर्थ	charantirth:3
चरणबद्ध	charanbaddh:2	charanbaddha:1
चरणो	charno:2	charano:1
चरणों	charnon:2	charanon:1
चरबी	charbi:3
चरम	charam:2	charm:1
चरमोत्कर्ष	charmotkarsh:3
चरवाहे	charvahe:3
चरस	charas:3
चराई	charai:2	charae:1
चरागाह	charagah:3
चराचर	charachar:3
चरित	charit:3
चरितार्थ	charitarth:3
चरित्र	charitra:6	charitr:2
चरित्रवान	charitravan:3
चरित्रों	charitron:3
चर्च	church:6
चर्चगेट	churchgate:3
चर्चा	charcha:3	churcha:1
चर्चाएं	charchaen:1	charchayen:1	churchaen:1
चर्चाओं	charchaon:3
चर्चित	charchit:3
चर्चिल	charchil:1	churchil:1	churchill:1
चर्चों	churchon:2	charchon:1
चर्बी	charbi:3
चर्म	charm:4	charam:1	charma:1
चर्मकार	charmkar:2	charamkar:1
चर्या	charya:3
चल	chal:6
चलकर	chalkar:3
चलचित्र	chalchitr:2	chalchitra:1
चलत	chalat:2	chalt:1
चलता	chalta:3
चलती	chalti:2	chalati:1
चलतीं	chaltin:2	chalti:1
चलते	chalte:3
चलन	chalan:3
चलना	chalna:2	chalana:1
चलनी	chalni:3
चलने	chalne:3
चलनेवाली	chalnevali:2	chalnewali:1
चलनेवाले	chalnevale:2	chalnewale:1
चलवा	chalva:2	chalwa:1
चलवाकर	chalvakar:2	chalwakar:1
चलवाया	chalvaya:2	chalwaya:1
चला	chala:3
चलाई	chalai:2	chalae:1
चलाईं	chalain:2	chalaen:1
चलाए	chalaaye:1	chalae:1	chalay:1	chalaye:1
चलाएंगे	chalaayenge:1	chalaenge:1	chalayenge:1	chalaynge:1
चलाएगी	chalaayegi:1	chalaegi:1	chalaygi:1	chaleyegi:1
चलाओ	chalao:3	chalaao:1
चलाकर	chalakar:3	chalaakar:1
चलाकी	chalaki:3	chalaaki:1
चलाता	chalata:3	chalaata:1
चलाती	chalati:3	chalaati:1
चलाते	chalate:2	chalaate:1
चलाना	chalana:3	chalaana:1
चलानी	chalani:3	chalaani:1
चलाने	chalane:3	chalaane:1
चलायमान	chalayman:2	chalayamaan:1	chalayaman:1
चलाया	chalaya:3	chalaaya:1	chalayaa:1
चलायी	chalayi:3	chalaayi:1
चलाये	chalaye:2	chalaaye:1
चलायें	chalayen:2	chalaayein:1	chalayein:1
चलित	chalit:3
चली	chali:3
चले	chale:3
चलें	chalen:4	chalein:2
चलेंगी	chalengi:3	chalegin:1
चलेंगे	chalenge:2	chlenge:1
चलेगा	chalega:3
चलेगी	chalegi:3
चलो	chalo:7
चवालीस	chavalis:2	chawalis:1
चव्हाण	chavhan:3
चश्मा	chashma:3
चश्मे	chashme:3
चश्मों	chashmon:2	chshmon:1
चहचहाना	chahchahana:2	chahchahaanaa:1
चहचहाहट	chahchahahat:3
चहते	chahte:2	chahate:1
चहरा	chahara:2	chehra:1
चहिए	chahiye:2	chahie:1
चहुंओर	chahunor:2	chahunaur:1
चांगशा	changasha:1	changesha:1	changsha:1
चांटा	chanta:3
चांडाल	chandal:3
चांडी	chandi:3
चांद	chand:3
चांदनाथ	chandnath:3
चांदनी	chandani:4	chandni:3
चांदी	chandi:5	chaandi:1
चांपा	champa:2	chanpa:1
चांवल	chanval:2	chanwal:1
चांसरी	chansari:2	chansri:1
चांसलर	chancellor:3
चाइना	china:2	chaina:1
चाइबासा	chaibasa:3
चाइल्ड	child:3
चाइल्डहुड	childhood:3
चाईल्ड	child:3
चाक	chak:3
चाकर	chakar:3
चाकलेट	chocolate:2	choklet:1
चाकी	chaki:3
चाकुओं	chakuon:3
चाकू	chaku:3
चाकूओं	chakuon:3
चाचा	chacha:3
चाचाजी	chachaji:3
चाची	chachi:3
चाट	chat:3
चाटते	chatate:3
चाटने	chatne:2	chatane:1
चाटुकारिता	chatukarita:3
चाड	chad:3
चाडी	chadi:3
चाणक्य	chanakya:2	chanky:1
चातुर्मास	chaturmas:2	chatumars:1
चादर	chadar:3
चादरें	chadren:2	chadrein:1
चादरों	chadron:2	chadaron:1
चान	chan:3
चानन	chanan:3
चापलूसी	chaplusi:3
चापेकर	chapekar:3
चाफेकर	chafekar:3
चाबहार	chabhar:2	chabahar:1
चाबुक	chabuk:3
चाम	cham:3
चामलिंग	chamling:3
चामुंडेश्वरी	chamundeshwari:2	chamudeshwari:1
चाय	chai:2	chaiye:1	chay:1
चायपत्ती	chaipatti:2	chaypatti:1
चायल	chayal:3
चार	chaar:12	char:3
चारकोल	charcoal:2	charkol:1
चारण	charan:3
चारदिवारी	chardiwari:3
चारबाग	charbagh:2	charbag:1
चारमीनार	charminar:3
चारा	chara:3
चारागाह	charagah:3
चारित्रिक	charitrik:3
चारी	chari:3
चारु	charu:3
चारे	chare:3
चारो	charo:3
चारों	charon:3
चार्ज	charge:3
चार्जर	charger:3
चार्जशीट	chargesheet:2	chargeshet:1
चार्ज्ड	charged:3
चार्ट	chart:6
चार्टड	charted:2	chartered:1
चार्टर	chartar:3	charter:3
चार्टर्ड	chartered:2	charted:1
चार्टेड	charted:2	chartered:1
चार्टों	charton:3
चार्ट्स	charts:3
चार्मिंग	charming:3
चार्ली	charlie:2	charli:1
चार्ल्स	charles:3
चार्ल्सटन	charleston:2	charlstan:1
चार्वाक	charvak:3
चाल	chaal:2	chal:1
चालक	chalak:3	chaalak:1	chalk:1
चालकों	chalkon:2	chalakon:1
चालढाल	chaaldhaal:3	chaldhal:3
चालन	chalan:3
चालबाजी	chaalbaazi:2	chalbaji:1
चालाक	chalak:2	chalaak:1
चालाकी	chalaki:3
चालित	chaalit:2	chalit:1
चालीस	chalis:6
चालुक्य	chalukya:3
चालू	chalu:6
चाले	chale:5	chaale:2
चालें	chalein:2	chalen:1
चालों	chalon:2	chaloun:1
चाव	chav:3
चावल	chaval:2	chawal:1
चावला	chawla:3	chavala:1
चाशनी	chashani:2	chashni:1
चासनी	chasani:2	chasni:1
चाह	chah:3
चाहत	chahat:2	chahath:1
चाहता	chahta:4	chahata:1	chahtha:1
चाहती	chahti:2	chahati:1	chahthi:1
चाहते	chahte:6	chahate:1	chahthe:1
चाहने	chahane:2	chahne:1
चाहा	chaha:3
चाहिए	chahiye:9	chaahie:1	chahie:1
चाहिये	chahiye:2	chaahiye:1
चाहूं	chahun:2	chahoon:1
चाहे	chahe:2	chaahe:1	chahey:1
चाहें	chahen:2	chahein:2
चाहेंगे	chahenge:2	chaheingey:1
चाहेगा	chahega:3
चाहेगी	chahegi:3
चिंकारा	chinkara:2	chinkaara:1
चिंग	ching:3
चिंगारी	chingari:2	chingaari:1
चिंटू	chintu:3
चिंतक	chintak:3
चिंतकों	chintakon:3
चिंतन	chintan:3
चिंतनशील	chintansheel:2	chintanshil:1
चिंतपूर्णी	chintapurni:1	chintpoorani:1	chintpurni:1
चिंता	chinta:3
चिंताएं	chintaaein:1	chintaen:1	chintayen:1
चिंताओं	chintaon:2	chintaaon:1
चिंतागुफा	chintagufa:3
चिंताग्रस्त	chintagrast:2	chintagrst:1
चिंताजनक	chintajanak:2	chintajank:1
चिंतामन	chintaman:3
चिंतित	chintit:3
चिंपांजियों	chimpanjion:1	chimpanjiyon:1	chimpanziyon:1
चिकन	chikan:2	chicken:3
चिकना	chikna:2	chickana:1
चिकनाई	chiknai:2	chickenaee:1
चिकनाहट	chickenaahat:1	chiknahat:1	chknahat:1
चिकनी	chikni:2	chickani:1
चिकने	chikane:1	chikaney:1	chikne:1
चिकमगलूर	chikmagalur:1	chikmaglur:1	chikmangloor:1
चिकित्सक	chikitsak:3
चिकित्सकीय	chikitsakiy:2	chikitaskeeye:1
चिकित्सकों	chikitsakon:3
चिकित्सा	chikitsa:3
चिकित्साकर्मियों	chikitsakarmiyon:3
चिकित्सालय	chikitsalay:1	chikitsalaye:1	chikitsaly:1
चिकित्सालयों	chikitsaalayon:1	chikitsalayon:1	chikitsalyon:1
चिकित्सीय	chikitsiy:2	chikitseeye:1
चिक्की	chikki:3
चिखली	chikhali:3
चिट	chit:3
चिटनिस	chitnis:3
चिटफंड	chitfund:3
चिट्ठा	chittha:3
चिट्ठी	chitthi:2	chiththi:1
चिठ्ठियों	chithhiyon:1	chiththiyon:1	chitthiyon:1
चिठ्ठी	chithhi:1	chiththi:1	chitthi:1
चिडचिडापन	chidchidapan:3
चिड़चिड़ा	chidchida:3
चिड़चिड़ापन	chidchidapan:3
चिड़चिड़ाहट	chidchidahat:3
चिड़चिड़े	chidchide:3
चिड़चिड़ेपन	chidchidepan:3
चिड़िया	chidiya:3
चिड़ियाघर	chidiyaghar:3
चिड़ियाघरों	chidiyagharon:2	chidiyaghron:1
चिड़ियों	chidiyon:3
चिढ़ते	chidhate:2	chidhte:1
चित	chit:3
चितलवाना	chitalwana:2	chitlavana:1
चितले	chitale:2	chitle:1
चितवन	chitvan:3
चिता	chita:3
चितेरे	chhitere:1	chitere:1	chithere:1
चितौड़गढ़	chittorgarh:2	chithodgad:1
चित्त	chitt:2	chiththa:1
चित्ताकर्षक	chittakarshak:2	chiththakarshak:1
चित्ती	chitti:2	chiththi:1
चित्तूर	chittur:2	chiththor:1
चित्तौड़	chiththod:1	chittod:1	chittor:1
चित्र	chitra:6	chitr:2	chithr:1
चित्रकर्म	chitrkarm:2	chithrkarm:1
चित्रकला	chithrkala:1	chitrakala:1	chitrkla:1
चित्रकार	chitrkar:2	chithrkar:1
चित्रकारी	chitrkari:2	chithrkari:1
चित्रकारों	chitrakaron:2	chithrkaron:1	chitrkaron:1
चित्रकूट	chitrkut:2	chithrkot:1
चित्रगुप्त	chitrgupt:2	chithrgupth:1
चित्रण	chitran:2	chithrand:1
चित्रपट	chitrpat:2	chithrpat:1
चित्रशैली	chitrshaili:2	chithrshaile:1
चित्रसेन	chitrsen:2	chitrasen:1
चित्रहार	chitrhar:2	chitrahar:1
चित्रा	chitra:3
चित्रांकन	chitrankan:2	chitrakan:1
चित्राल	chitral:3
चित्रित	chitrit:3
चित्रों	chitron:3
चिदंबरम	chidambaram:1	chidanbaram:1	chindbaram:1
चिनाई	chinai:3
चिनार	chinar:3
चिन्नी	chinni:3
चिन्ह	chinh:3
चिन्हित	chinhit:3
चिन्हों	chinhon:3
चिप	chip:3
चिपक	chipak:3
चिपककर	chipakkar:3
चिपकना	chipkana:2	chipakna:1
चिपकने	chipakane:1	chipakne:1	chipkane:1
चिपका	chipka:2	chipaka:1
चिपकाए	chipkaye:3
चिपकाकर	chipkakar:3
चिपकाने	chipkane:3
चिपके	chipke:2	chipake:1
चिपचिपापन	chipchipapan:3
चिप्स	chips:3
चिबा	chiba:3
चिबोक	chibok:3
चिमटा	chimta:2	chimata:1
चिमटी	chimti:2	chimati:1
चिमटे	chimte:2	chimate:1
चिमनाजी	chimnaji:2	chimanaji:1
चिमनियों	chimniyon:2	chimaniyon:1
चिमनी	chimani:2	chimni:1
चिम्पांजी	chimpanji:3
चिर	chir:3
चिरंतन	chirantan:2	chirenthan:1
चिरकालिक	chirkalik:3
चिरपरिचित	chirparichit:4	chirparichith:1	chirprichith:1
चिरमिरी	chirmiri:3
चिरस्थाई	chirsthai:2	chirsthaee:1
चिरस्मरणीय	chirsmarandiya:1	chirsmaraniy:1	chirsmarniy:1
चिरांद	chirand:2	chirenda:1
चिराई	chirai:2	chiraee:1
चिराग	chirag:3
चिराग़	chirag:3
चिरायता	chirayata:1	chirayta:1	chiraytha:1
चिरायु	chirayu:3
चिरौंजी	chiraunji:2	chironji:1
चिली	chili:1	chilli:1	chilly:1
चिल्ड्रन	children:2	childern:1
चिल्लाता	chillata:3
चिल्लाने	chillane:3
चिवड़ा	chivada:2	chivda:1
चिश्तिया	chishtiya:3
चिश्ती	chishti:3
चिहुआहुआ	chihuaahuaa:2	chihuahua:1
ची	chi:2	chee:1
चींटियाँ	chintiyan:3
चींटियों	chintiyon:2	chitiyon:1
चींटी	chinti:3
चीख	chikh:2	cheekh:1
चीखते	cheekhate:1	chikhate:1	chikhte:1
चीखने	chikhane:2	cheekhane:1
चीज	chij:3	chees:1
चीज़	cheez:3	chij:2	chees:1	cheese:1
चीजें	chijen:3
चीजों	chijon:4
चीटियाँ	chitiyan:2	chintiyan:1
चीड़	chid:3
चीतल	chital:3
चीता	chita:3
चीते	chite:3
चीतों	chiton:3
चीत्कार	chitkar:3
चीथड़े	chithade:3
चीन	china:2	cheen:1	chin:1
चीनियों	chiniyon:3
चीनी	chini:3
चीफ	chief:2	chif:1
चीफ़	chief:2	chif:1
चीयर्स	cheers:3
चीर	chir:3
चीरकर	chirkar:3
चीरती	chirti:2	cheerati:1
चील	chil:2	cheel:1
चुंबक	chumbak:2	chunbak:1
चुंबकीय	chnbakiy:1	chumbakeye:1	chumbkiya:1
चुंबन	chumban:2	chunban:1
चुका	chuka:3
चुकाता	chukata:2	chukatha:1
चुकाना	chukana:2	chukaana:1
चुकानी	chukani:2	chukaani:1
चुकाने	chukane:2	chukaaney:1
चुकाया	chukaya:3
चुकी	chuki:3
चुके	chuke:2	chukey:1
चुगताई	chugatai:1	chughtai:1	chugtaee:1
चुटकुला	chutkula:3
चुटकुले	chutkule:5	chukuley:1
चुनकर	chunkar:3
चुनचुन	chunchun:6
चुनता	chunata:1	chunatha:1	chunta:1
चुनते	chunate:1	chunnatey:1	chunthe:1
चुनना	chunana:1	chunna:1	chunnana:1
चुननी	chunani:1	chunnani:1	chunni:1
चुनने	chunane:1	chunnaney:1	chunne:1
चुनमुन	chunmun:3
चुनवा	chunva:2	chunavaa:1	chunwa:1
चुना	chuna:3	chunaa:1
चुनाई	chunaayi:1	chunaee:1	chunai:1	chunayi:1
चुनार	chunar:3	chunaar:1
चुनाव	chunav:6	chunaav:1
चुनावी	chunavi:3	chunaavi:1
चुनावों	chunawon:2	chunavon:2	chavoun:1	chunaavon:1
चुनिंदा	chuninda:3	chunindaa:1
चुनी	chuni:3
चुने	chune:3
चुनेगी	chunegi:3
चुनौति	chunauti:2	chunothi:1
चुनौतियां	chunaitiyan:1	chunautiyaan:1	chunautiyan:1	chunothiyan:1
चुनौतियों	chunautiyon:2	chunothiyon:1
चुनौती	chunauti:2	chunothi:1
चुनौतीपूर्ण	chunautipoorn:1	chunautipurn:1	chunothipurnd:1
चुन्नी	chunni:3
चुन्नीलाल	chunnilal:3
चुप	chup:3
चुपके	chupke:2	chupake:1
चुपचाप	chupchap:3
चुप्पी	chuppi:3
चुभ	chubh:3
चुभन	chubhan:3
चुभने	chubhne:2	chubhane:1
चुभा	chubha:3
चुभी	chubhi:3
चुरा	chura:3
चुराने	churane:3
चुलबुली	chulbuli:3
चुस्त	chust:2	chusta:1
चुस्ती	chusti:3
चू	chu:3
चूक	chuk:3
चूकने	chukne:2	chukane:1
चूका	chuka:3
चूको	chuko:3
चूड़ी	chudi:3
चूनर	chunar:3
चूना	chuna:3
चूमता	chumta:2	chumata:1
चूमने	chumane:3
चूर	chur:3
चूरा	chura:3
चूरी	churi:3
चूर्ण	churn:4	churna:3
चूर्णी	churni:3
चूल्हा	chulha:3
चूसना	chusna:2	chusana:1
चूहा	chuha:3
चूहे	chuhe:3
चूहों	chuhon:3
चे	che:6
चेंज	change:3
चेंजिंग	changing:3
चेंज्ड	changed:3
चेंबर	chamber:2	chember:1
चेक	chek:2	check:3
चेकोस्लोवाकिया	czechoslovakia:3
चेचक	chechak:3
चेचेन	chechen:3
चेचेन्या	chechenya:2	chechnya:1
चेज	chase:2	chej:1
चेजिंग	changing:3
चेटक	chetak:2	chatak:1
चेट्टियार	chettiyar:2	chettiar:1
चेट्टी	chetti:3
चेतक	chetak:3
चेतन	chetan:3
चेतना	chetna:3
चेतराम	chetram:3
चेतावनियां	chetavniyan:3
चेतावनियों	chetavaniyon:2	chetavniyon:1
चेतावनी	chetavani:3
चेतिया	chetiya:3
चेन	chain:3
चेनी	cheni:2	cheney:1
चेन्नई	chennai:5
चेयर	chair:3
चेयरमैन	chairman:3
चेरिटेबल	charitable:3
चेरियन	cherian:2	charian:1
चेरी	cherry:2	cheri:1
चेरो	chero:3
चेर्नोबिल	chernobyl:3
चेला	chela:3
चेल्याबिंस्क	chelyabinsk:3
चेल्सिया	chelsea:1	chelsia:1	chelsiyaa:1
चेल्सी	chelsea:2	chelsy:1
चेष्टा	cheshta:3
चेस	chess:3
चेसिस	chassis:1	chesis:1	chessis:1
चेस्ट	chest:3
चेस्टर	chester:3
चेहरा	chehra:2	chehara:1
चेहरों	chehron:2	cheharon:1
चैंपियंस	champions:6
चैंपियन	champion:6
चैंपियनशिप	championship:6
चैंप्स	champs:3
चैंबर	chamber:2	chaimber:1
चैंबर्स	chambers:3
चैट	chat:6
चैटिंग	chatting:2	chating:1
चैत	chait:3
चैतन्य	chaitanya:5	chaitany:1	chetany:1
चैताली	chaitali:3
चैत्र	chaitra:3
चैन	chain:6	chan:1
चैनल	channel:6
चैनलों	channelon:2	chanalon:1
चैपल	chapel:1	chappal:1	chappel:1
चैपलिन	chaplin:3
चैप्टर्स	chapters:3
चैरिटी	charity:3
चैरिटेबल	charitable:6
चैलेंज	challenge:5	challange:1
चैलेंजर्स	challengers:3
चॉकलेट	chocolate:3
चॉपर	chopper:2	chopar:1
चोंच	chonch:3
चोइथराम	choithram:3
चोई	choi:2	choii:1
चोट	chot:3
चोटियों	chotiyon:3
चोटिला	chotila:3	chotilaa:1
चोटी	choti:3
चोटे	chote:3
चोटें	choten:2	chote:1	chotein:1
चोटों	choton:2	choto:1
चोपड़ा	chopra:3
चोम्स्की	chomski:2	chomsky:2
चोर	chor:3
चोरगलिया	chorgaliya:2	choragaliya:1	chorgalia:1
चोरियां	choriyan:3	choriyaan:1
चोरियों	choriyon:2	choriyo:1
चोरी	chori:3
चोरों	choron:2	choro:1
चोल	chol:3	chola:1
चोला	chola:3	cholaa:1
चोली	choli:6
चौंक	chownk:2	chaunk:1
चौंकता	chaunkta:3
चौंकती	chankati:1	chaunkati:1	chaunkti:1
चौंकने	chaunkane:1	chaunkne:1	chonkane:1
चौंका	chaunka:3
चौंकाती	chaunkati:3
चौंकाने	chaunkane:3
चौंतीस	chauntis:3
चौंध	chaundh:2	chaundha:1
चौंधिया	chaundhiya:3
चौंसठ	chaunsath:2	chausath:1
चौक	chauk:2	chowk:1
चौकड़ी	chaukadi:2	chokdi:1
चौकन्ने	chaukanne:3
चौकस	chaukas:2	chauksa:1
चौकसी	chaukasi:1	chauksi:1	haukasi:1
चौकसे	chaukse:2	chaukase:1
चौका	chauka:2	chuka:1
चौकियां	chaukiyan:3
चौकियों	chaukiyon:3
चौकी	chauki:3
चौकीदारी	chaukidari:2	chaukidaari:1
चौके	chauke:3
चौकों	chaukon:3
चौकोर	chaukor:2	chaukaur:1
चौखंभा	chaukhambha:1	chaukhanbha:1	chuakhambha:1
चौखटे	chaukhate:3
चौखटों	chaukhaton:3
चौगुना	chauguna:3
चौगुनी	chauguni:3
चौड़ा	chauda:2	chaudah:1
चौड़ाई	chaudai:3
चौड़ी	chaudi:2	chaudih:1
चौड़े	chaude:3
चौथ	chauth:3
चौथमल	chauthmal:2	chaumal:1
चौथा	chautha:3
चौथाई	chauthai:3
चौथी	chauthi:3	chauhti:1
चौथे	chauthe:3
चौदस	chaudas:2	choudas:1
चौदह	chaudah:3
चौदहवां	chaudahavan:1	chaudhavan:1	chaudhawan:1
चौदहवें	chaudhaven:2	chaudahaven:1
चौधरी	chaudhari:5	chaudhary:1
चौपाई	chaupai:2	chaupaee:1
चौपाटी	chaupati:2	chupaty:1
चौपाल	chaupal:3
चौपालों	chaupalon:2	chaupalo:1
चौबीसी	chaubisi:3
चौबे	chaube:3
चौबेपुर	chaubepur:3
चौमासे	chaumase:3
चौमुख	chaumukh:3
चौरंगी	chaurangi:2	chorangi:1
चौरई	chaurai:3
चौरस	chauras:3
चौरसिया	chaurasiya:2	chaurasia:1
चौरा	chaura:3
चौराहा	chauraha:3
चौराहे	chaurahe:3
चौरी	chauri:3
चौलुक्य	chaulukya:2	chauluky:1
चौसिंगा	chausinga:2	chausingha:1
चौहान	chauhan:3
च्यवन	chyavan:2	chyavn:1
च्यवनप्राश	chyavanprash:2	chyawanprash:1
च्यांग	chyang:3
छ	chh:4
छंद	chhand:4
छंदों	chhandon:3
छक	chhak:3
छका	chhaka:3
छक्का	chhakka:3
छक्के	chhakke:2	chhake:1
छगन	chhagan:3
छजलानी	chhajlani:3
छटपटाहट	chhatpatahat:2	chhatptahat:1
छटा	chhata:3
छटाओं	chhataon:2	chataon:1
छठ	chhath:3
छठवें	chhathven:2	chhathavein:1
छठा	chhatha:3
छठी	chhathi:3
छठे	chathe:2	chhathe:3
छड़	chhad:3
छड़ी	chhadi:3
छड़ों	chhadon:3
छत	chhat:3
छतरपुर	chhatarpur:2	chattarpur:1
छतरियां	chhatriyan:3
छतरियों	chhatriyon:3
छतरी	chhatri:3
छतों	chhaton:3
छत्तीसगढ़	chhattisgarh:3
छत्तीसगढ़ी	chhattisgarhi:3	chhattisgadhi:1
छत्र	chhatra:2	chhatr:1
छत्रपति	chhatrapati:3
छत्रसाल	chhatrasal:2	chhtrasal:1
छत्री	chhatri:3
छन	chhan:3
छप	chhap:3
छपकर	chhapkar:3
छपता	chhapta:3
छपनी	chhapni:3
छपने	chhapne:3
छपरा	chhapra:3
छपा	chhapa:3
छपाई	chhapai:3
छपी	chhapi:3
छपे	chhape:3
छपेगा	chhapega:2	chhapegaa:1
छप्पन	chhappan:2	chhapan:1
छप्पर	chappar:1	chhapar:1	chhappar:1
छबि	chhabi:3
छब्बीस	chhabbis:2	chhabees:1
छमाही	chhamahi:2	chhamaahi:1
छल	chhal:3
छलनी	chhalni:2	chhalani:1
छलांग	chhalang:2	chhalaang:1
छलावा	chhalava:2	chhalaavaa:1
छली	chhali:3
छल्ला	chhalla:2	chhallaa:1
छल्ले	chhalle:3
छल्लों	chhallon:3
छवियाँ	chhaviyan:2	chhaviyaan:1
छवियां	chhaviyan:2	chhaviyaan:1
छवियों	chhaviyon:3
छवी	chhavi:3
छह	chhah:2	cheh:1
छहों	chhahon:2	chehon:1
छा	chha:2	chhaa:1
छांव	chhanv:2	chhaon:1
छाई	chhai:4
छाए	chhae:2	chhaye:1
छागला	chhagla:3
छाछ	chhachh:2	chhach:1
छाजन	chhajan:3
छाता	chhata:2	chhaataa:1
छाती	chhati:2	chhaati:1
छात्र	chhatra:3	chhatr:2	chatra:1
छात्रवृत्ति	chhatravritti:2	chhaatravritti:1
छात्रसंघ	chhatrasangh:2	chhaatrasangh:1
छात्रा	chhatra:4	chatra:1	chhaatraa:1
छात्राएं	chhaatraaen:1	chhatraein:1	chhatraen:1
छात्राओं	chhatraon:2	chhaatraaon:1
छात्रावास	chhaatraavaas:1	chhatravas:1	chhatrawas:1
छात्रावासों	chhaatraavaason:1	chhatravason:1	chhatrawason:1
छात्रों	chhatron:2	chhaatron:1
छान	chhan:2	chhaan:1
छानकर	chhankar:2	chhaanakar:1
छानने	chhanne:2	chhaanane:1
छानबीन	chhanbin:4	chhaanabin:1	chhaanbin:1
छानी	chhani:2	chhaani:1
छाप	chhap:2	chhaap:1
छापने	chhaapane:1	chhapane:1	chhapne:1
छापर	chhapar:2	chhaapar:1
छापा	chhapa:2	chhaapaa:1
छापामार	chhapamar:2	chhaapaamaar:1
छापामारी	chhapamari:2	chhaapaamaari:1
छापी	chhapi:2	chhaapi:1
छापेमार	chhapemar:2	chhaapemaar:1
छापों	chhapon:2	chhaapon:1
छाबड़िया	chhaabadiyaa:1	chhabadiya:1	chhabdiya:1
छाबरिया	chhaabariyaa:1	chhabariya:1	chhabriya:1
छाया	chhaya:2	chaya:1
छायांकन	chhayankan:2	chhaayaankan:1
छायाकार	chhayakar:2	chhaayaakaar:1
छायाकारों	chhayakaron:2	chhaayaakaaron:1
छायाचित्र	chhaayaachitra:1	chhayachitr:1	chhayachitra:1
छायादार	chhayadar:2	chhaayaadaar:1
छायाप्रति	chhayaprati:4	chayaprati:1	chhaayaaprati:1
छायावाद	chhayawad:2	chhaayaavaad:1
छायावादी	chhayawadi:2	chhaayaavaadi:1
छाल	chhal:2	chhaal:1
छाले	chhale:2	chhaale:1
छावनी	chhaavani:1	chhavni:1	chhawani:1	chhawni:1
छिंदवाड़ा	chhindwara:2	chhindavaadaa:1
छिछला	chhichhala:1	chhichhalaa:1	chhichla:1
छिछले	chhichhale:2	chhichle:1
छिट	chhit:3
छिटपुट	chhitput:5	chhitaput:1
छिड़	chhid:3
छिड़कता	chhidakataa:1	chhidakta:1	chhidkta:1
छिड़काव	chhidkav:2	chhidakaav:1
छिड़ा	chhida:2	chhidaa:1
छिड़ी	chhidi:3
छितरा	chhitra:2	chhitaraa:1
छिद्र	chhidr:2	chhidra:3
छिद्रों	chhidron:3
छिन	chhin:3
छिनने	chhinane:3
छिन्न	chhinn:2	chhinna:1
छिप	chhip:3
छिपकर	chhipkar:2	chhipakar:1
छिपकली	chhipkali:2	chhipakali:1
छिपते	chhipate:3	chheepate:1	chhipte:1
छिपने	chhipne:3	chhepane:1	chhipane:1
छिपा	chhipa:2	chhipaa:2	chheepa:1
छिपाने	chhipane:3	chhipaane:2
छिपी	chhipi:2	chheepee:1	chhippi:1
छिपे	chhipe:2	chheepe:1
छिब्बर	chhibbar:2	chheebbar:1	chibber:1
छिलका	chhilka:3	chhilaka:1	chhilkaa:1
छिलके	chhilke:2	chhhilke:1	chhilake:1	chhilky:1
छिलकों	chhilkon:2	chheelikon:1
छिल्लर	chheelar:1	chhilar:1	chhiller:1	chhillr:1
छिहत्तर	chihttr:2	chhihtr:1	chhihtter:1	chhihttr:1
छींक	chhink:2	chheenk:1	chink:1
छींकने	chhikane:1	chhinkany:1	chhinkne:1	chinkane:1
छींके	chenkein:1	chhekein:1	chhinke:1	chhinky:1
छीन	chheen:2	chhin:2
छीनती	chhinti:2	chheenati:1	chhinati:1
छीना	chhina:2	chhinaa:2	chheena:1
छीनी	chhini:2	chheenee:1	chheeni:1
छीने	chhine:2	cheene:1
छील	chheel:2	chhil:2
छु	chhu:3	chho:1
छुआ	chhua:3	chhuaa:1
छुआछूत	chhuachhoot:3	chhuaachhut:2	chhuachhut:2	chhuaachhoot:1
छुआते	chhuaate:2	chhuate:1	chhuaty:1	chuate:1
छुईमुई	chhuimui:2	chuimui:2
छुए	chhue:2	chhuye:1	chuye:1
छुटकारा	chhutkara:2	chhutakaaraa:1	chhutkaaraa:1	chutkara:1
छुटी	chhuti:2	chhuty:1	chuti:1
छुट्टा	chhuta:1	chhutta:1	chhuttaa:1	chutta:1
छुट्टियाँ	chhutiyaan:1	chhutiyan:1	chhuttiyan:1	chuttiyan:1
छुट्टियों	chhutiyo:1	chhutiyon:1	chhuttiyon:1	chuttiyon:1
छुट्टी	chhuti:1	chhutti:1	chhuty:1	chutti:1
छुड़वा	chhudwa:2	chhudva:1	chhudvaa:1	chhudwaa:1
छुड़वाने	chhudwaane:2	chhdvane:1	chhudvaane:1	chhudwane:1
छुड़ा	chhuda:2	chhudaa:1	chhura:1	chuda:1
छुड़ाने	chhudaane:3	chhudane:1
छुड़ाया	chhudaayaa:2	chhudaya:2	chhudaaya:1	chhudayaa:1
छुडाने	chhudane:3	chhudaane:2
छुप	chhup:3
छुपकर	chhupkar:2	chhupakar:1	chhupkr:1
छुपता	chhupta:2	chhupata:1	chhuptaa:1
छुपने	chhupane:3	chhupne:1
छुपा	chhupa:3	chhupaa:2	chupa:1
छुपाकर	chhupaakar:2	chhupaakr:1	chhupakar:1	chupakar:1
छुपाने	chhupaane:2	chhupane:2
छुपाया	chhupaya:3	chhupaayaa:2
छुपी	chhupi:2	chhupy:1	chupi:1
छुपे	chhupe:2	chhpe:1
छुरा	chhura:3	chhuraa:3
छुरी	chhuri:3	chhuree:1
छुरे	chhure:3
छू	chhoo:1	chhu:1	chu:1
छूट	chhut:2	chhoot:1
छूटने	chhutane:2	chhootane:1	chhutne:1
छूटा	chhuta:2	chhoota:1	chhutaa:1
छूती	chhuti:2	chhooti:1
छूने	chhune:2	chhoone:1
छेड़	chhed:2	chheda:1
छेड़खानी	chhedkhani:2	chhedakhani:1	chhedkhaani:1
छेड़छाड़	chhedachhada:1	chhedchhaad:1	chhedchhad:1
छेड़ते	chhedate:3	chhedte:2
छेड़ने	chhedane:2	chhedne:2
छेड़ा	chheda:2	chhedaa:1	chhedda:1
छेत्र	chhetr:2	chheter:1	chhetter:1
छेत्री	chhetri:2	chhetthari:1	chhetthri:1
छेद	chhed:2	chhedh:1
छेदक	chhedak:2	cchedak:1	cchedk:1	chhedhak:1
छेदन	chhedan:3	chhedhan:1	chhedn:1
छेदी	chhedi:2	chhedhi:1
छेन	chhen:3	chhean:1
छै	chai:1	chhai:1	chhe:1
छोटा	chhota:3	chhotaa:1
छोटासा	chhotasaa:2	chhotaasa:1	chhotasa:1
छोटी	chhoti:3	chhotee:1
छोटूराम	chhoturam:3
छोटे	chhote:3
छोटों	chhoton:3	chhoto:1
छोड़	chhod:3
छोड़ता	chhodata:2	chhodta:1	chhodtaa:1
छोड़ती	chhodati:3	chhodti:1
छोड़ते	chhodate:3	chhodte:1
छोड़ना	chhodana:2	chhodanaa:1	chhodna:1	chhorana:1
छोड़नी	chhodani:3	chhodni:1
छोड़ने	chhodane:3	chhodne:1
छोड़ा	chhoda:2	chhodaa:2
छोड़ी	chhodi:3	chhodee:1
छोड़े	chhode:3
छोड़ें	chhoden:2	chhodaen:1
छोड़ो	chhodo:3
छोर	chhor:3
छोरो	chhoro:3
छोले	chhole:3	chholy:1
ज	j:3	ja:1
जंक	junk:3
जंक्शन	junction:3
जंग	jung:3
जंगल	jungle:2	jungal:1
जंगली	jungli:2	jangali:1	jungali:1	junglee:1
जंगीपुर	jangipur:2	jungipur:1
जंघा	jangha:1	jngha:1	jnghaa:1	jungha:1
जंजीर	janjeer:2	zanjeer:2
जंजीरा	janjira:2	janjeera:1	jnjiraa:1
जंजीरें	janjeere:1	janjeeren:1	janjiren:1	zanjiren:1
जंजीरों	janjeeron:1	janjiroa:1	janjiron:1	janziron:1
जंतर	jantar:2	janter:1	jantr:1	jnter:1
जंतु	jantu:3	jntu:1
जंतुओं	jantuon:3	jntuon:1
जंभेश्वर	jambheshwar:3
जई	jai:2	jaie:1
जकड़	jakad:3	jakd:1
जकार्ता	jakarta:2	jakaartaa:1
जखीरा	jakhira:2	jakheera:1
जग	jag:3	jug:1
जगजीत	jagjit:2	jagajeet:1	jagjeet:1
जगजीवन	jagjivan:2	jagajivan:1	jagjeevan:1
जगज्जननी	jagajjanani:3
जगत	jagat:3
जगता	jagata:1	jagataa:1	jagta:1
जगती	jagati:3	jagti:1	jgati:1	jgti:1
जगदंबा	jagdamba:2	jagadamba:1
जगदलपुर	jagdalpur:3
जगदीप	jagdeep:2	jagadip:1	jagdip:1
जगदीश	jagdish:3	jagdeesh:2
जगदीशपुर	jagdishpur:2	jagadishpur:1	jagdeeshpur:1
जगदेव	jagdev:3
जगद्गुरु	jagadguru:2	jagdugru:1
जगनमोहन	jaganmohan:2	jagmohan:1
जगना	jagna:2	jagnaa:1
जगन्नाथ	jagannath:5	jagnnath:1
जगन्नाथन	jagannathan:2	jagnnathan:1
जगन्नाथपुरी	jagannathpuri:3
जगपाल	jagpal:2	jagpaal:1
जगमगा	jagmagaa:2	jagamaga:1
जगमगाहट	jagmagaahat:2	jagmagahat:1
जगमोहन	jagmohan:3
जगरानी	jagrani:3	jagarani:1
जगवीर	jagvir:2	jagaveer:1	jagavir:1	jaghveer:1
जगह	jagah:3
जगहों	jagahon:3	jaghon:2	jagaho:1	jgahon:1
जगा	jagaa:3	jaga:2	jgaa:1
जगाएगा	jagaega:2	jagayega:1	jaghaega:1	jgaayega:1
जगाते	jagate:2	jagaate:1	jaghate:1	jgaate:1
जगाने	jagaane:2	jagane:2	jgaane:1
जग्गी	jaggi:3	jagghi:1
जज	jaj:2	judge:2	jajh:1	jujge:1
जजमान	jajmaan:3	jajamaan:1	jajman:1
जजमेंट	judgement:1	judgment:1	jujgement:1
जज़्बा	jajba:3	jajbaa:1	jajhba:1
जजों	jajon:3	jajaon:1
जज्बा	jajba:3	jajbaa:3	jazba:1	jazbaa:1
जज्बाती	jajbaati:3	jajbati:2	jazbaati:1	jazbati:1
जज्बातों	jajbaaton:2	jajbaton:2	jazbaton:1
जटवाड़ा	jatavaadaa:1	jatbaada:1	jatvada:1	jatwada:1
जटा	jataa:3	jata:1	jtaa:1
जटाएं	jataaei:1	jataaen:1	jataayen:1	jataein:1
जटायु	jatayu:3	jataayu:1	jatau:1
जटिल	jatil:3	jatel:1	jtil:1
जटिलता	jatilta:2	jatelta:1	jatilataa:1	jatiltaa:1
जटिलताएं	jateltaen:1	jatilataaei:1	jatiltaayen:1	jatiltaein:1
जटिलताओं	jatiltaon:2	jateltaon:1	jatilataon:1	jtiltaaon:1
जठर	jathar:3	jather:1
जठराग्नि	jatharaagni:1	jatharagin:1	jathraagin:1	jathragin:1
जड़	jad:3	jadd:1
जड़ता	jadataa:2	jadta:2	jadata:1
जड़ने	jadane:3	jadne:2	jdane:1
जड़मूल	jadmul:3	jadmool:2
जड़ा	jadaa:2	jada:1	jadda:1	jda:1
जड़ित	jadit:2	jaddit:1	jadeite:1	jadet:1
जड़ी	jadi:2	jaddi:1	jadee:1	jdi:1
जड़ीबूटी	jadibuti:3	jaddibutti:1
जड़ें	jadein:2	jaden:2
जड़ों	jadon:3	jado:1
जतरा	jatara:3	jatra:1
जताई	jataae:1	jataai:1	jataei:1	jatai:1
जताता	jatata:3	jataataa:1
जताती	jatati:2	jataati:1	jatatee:1
जताते	jataate:2	jatate:2	jtaate:1
जताने	jatane:3	jataane:2	jtane:1
जताया	jataayaa:1	jataya:1	jatayaa:1	jatayea:1
जतारा	jatara:3
जतिन	jatin:3	jaten:1
जत्था	jattha:3
जत्थे	jatthe:3
जद्दा	jeddah:3	jadda:1
जन	jan:7	jana:1
जनक	janak:6	janaka:1
जनकपुर	janakpur:3
जनगण	janagana:2	jangan:2
जनगणना	janganana:2	janagananaa:1	janaganna:1	jangadnaa:1
जनजागरण	janjagran:3	janjaagran:2	janajagran:1
जनजाति	janjati:3	janajaati:1	janajati:1	janjaate:1
जनजातियों	janjatiyon:2	janajatiyon:1	janjaatiyon:1	janjatiyo:1
जनजातीय	janajatiye:2	janajateeya:1	janjaatiy:1	janjatiy:1
जनजीवन	janjivan:3	janajivan:2	janajeevan:1	janjeevan:1
जनतंत्र	jantantra:2	janatantra:1	jantantr:1
जनता	janta:7	janata:4	janataa:2
जनतांत्रिक	jantantrik:3	janatantrik:1	jantaantrik:1	jantantreik:1
जनन	janan:3	jann:1
जननांग	jananaang:1	jananang:1	janananga:1	jannang:1
जननायकों	jananayakon:2	jannayakon:2	jananaayakon:1
जननी	janani:3	jananee:1	janni:1
जननेता	janneta:4	jananeta:2	jannetaa:2	janantaa:1
जनपद	janpad:3	janapad:1	janapadh:1	janpd:1
जनपदों	janpadon:2	janapadhon:1	janpdon:1
जनप्रतिनिधि	janpratinidhi:3	janprtinidhi:2	janapratinidhi:1	janprateeneedhee:1
जनप्रिय	janapriy:1	janapriya:1	janapriye:1	janpriy:1
जनभागीदारी	janbhagidari:2	janabhagidhari:1	janbhaagidaari:1	janbhaagidari:1
जनमत	janamat:1	janamata:1	janmat:1	janmt:1
जनमानस	janmanas:5	janmaanas:2	janmans:1
जनमेजय	janamejaya:2	janamejaye:1	janmejye:1
जनमोर्चा	janmorcha:3	janamorcha:2	janmorchaa:1
जनरल	general:2	generali:1
जनरलों	generalon:2	generalo:1
जनरेट	generate:1	janareat:1	janaret:1	janret:1
जनरेटर	generator:2	janretar:1
जनरेशन	generation:3
जनलोकपाल	janlokpal:2	janalokpal:1	janlokpaal:1
जनवरी	january:3
जनवाद	janvad:2	janavaad:1	janvaad:1	janvadh:1
जनवादी	janvadi:2	janavaadee:1	janavadi:1	janvaadi:1
जनशक्ति	janshakti:3	janashakti:1
जनशिकायत	janshikayat:2	janashikayat:1	janshikaayat:1
जनश्रुति	janashruti:2	janshruti:1
जनसंख्या	jansankhya:3	janasakheya:1	janasankhaya:1	janasankhya:1
जनसंघ	jansangh:3	janasangh:1	jansngh:1
जनसंचार	janasanchaar:1	janasanchar:1	jansanchar:1	jansnchaar:1
जनसंदेश	janasandesh:1	jansandesh:1	jansndesh:1	jnsndesh:1
जनसंपर्क	jansampark:2	janasamparak:1	janasampark:1	janasamprak:1
जनसत्ता	jansatta:2	janasatta:1	jansttaa:1	jnsttaa:1
जनसमुदाय	janasamuday:1	janasamudhaye:1	jansamudaay:1	jansamuday:1
जनसमूह	janasamuh:2	janasamuha:1	jansmooh:1	jansmuh:1
जनसहयोग	jansahyog:3	janasehyog:1	janshyog:1
जनसांख्यिकी	janasaankhyikee:1	janasankhiyeki:1	jankhaankhiyki:1
जनसांख्यिकीय	janasaankhyikeey:1	janasankhiyekiye:1	janasankhyikiy:1	jansaankhiykiy:1
जनसाधारण	janasaadhaaran:1	janasadaran:1	jansaadharan:1	jansadhaaran:1
जनसामान्य	jansamanye:2	janasamanya:1	janasamanye:1	jansaamaany:1
जनसूचना	janasoochana:1	janasuchana:1	janasuchna:1	jansuchana:1
जनसेवकों	janasevakon:2	jansevakon:2	jansevkon:1
जनस्वास्थ्य	janasawasthae:1	janasawasthye:1	janasvasthy:1	jansvaasthay:1
जनहानि	janahaani:1	janahani:1	janhaani:1	janhani:1
जनहित	janahit:2	janahita:1	janhit:1	jnhit:1
जनांदोलनों	janaaandolanon:1	janandhlano:1	janandholanon:1	janandolanon:1
जनाक्रोश	janakarosh:2	janakrosh:1
जनाजे	janaje:2	janaze:2	janaaje:1	jnaaje:1
जनाधिकार	janaadhikaar:2	janadhikaar:1	janadhikar:1
जनानी	janani:3	janaanee:1	janaani:1
जनाब	janaab:2	janab:1
जनार्दन	janardan:2	janardhan:1
जनित	janit:3	janet:1
जने	jane:3
जनेऊ	janeu:3	janaiu:1	janeoo:1
जनेट	janet:3	jnet:1
जनों	janon:3	janaon:1
जनोपयोगी	janopayogi:3	janaopayogi:1	janopayogee:1
जन्नत	jannat:3
जन्नती	jannati:2	jannatee:1	jannti:1
जन्म	janm:6	janam:2
जन्मजात	janamjaat:1	janmajaat:1	janmajat:1	janmjaat:1
जन्मतिथि	janmtithi:5	janmatethe:1	janmatithi:1	janmteethi:1
जन्मदाता	janmadata:2	janmdata:1	janmdhata:1
जन्मदिन	janmdin:5	janmadin:2	janamdin:1
जन्मदिवस	janmadivas:2	janamdivas:1	janmdivas:1
जन्मने	janmane:3	janmne:1
जन्मपत्री	janmapatri:2	janmpatri:2	janmapatree:1
जन्मभूमि	janmabhoomi:1	janmabhumi:1	janmbhoomi:1	janmbhumi:1
जन्मशती	janmashati:2	janmshati:2
जन्मस्थान	janamsathan:1	janmasthaan:1	janmasthan:1	janmsathan:1
जन्मा	janma:2	janmaa:2
जन्मांतर	janmaantar:1	janmaanter:1	janmantar:1
जन्माष्टमी	janamashtmi:1	janmaashtmi:1	janmashtami:1	janmashtmi:1
जन्मी	janmi:3	janami:1	janmee:1
जन्मे	janme:3	janame:1
जन्में	janmen:3	janamen:1	janme:1
जन्मों	janmon:3	janmaon:1
जन्मोत्सव	janmotsav:2	janamaotasav:1	janmaotasav:1
जप	jap:3
जफर	jafar:2	japhar:1	zafar:1
जब	jab:3	jb:1
जबकि	jabki:2	jabaki:1	jabke:1
जबड़े	jabade:3	jabde:3
जबड़ों	jabadon:3	jabdo:1	jabdon:1
जबतक	jabtak:3
जबरदस्त	jabaradast:2	jabardast:1	zabaradast:1
जबरदस्ती	jabardasti:3	jaberdasti:1
जबरन	jabaran:2	jabran:2	jabrn:1
जबलपुर	jabalpur:3
जबिक	jabik:3	jabek:1
जबेरा	jabera:3
जब्त	jabt:2	zabt:1
जम	jam:3	jama:1
जमकर	jamkar:3	jamakar:1
जमता	jamata:3	jamataa:2	jamta:1
जमते	jamate:3	jamte:2
जमने	jamane:2	jamne:2
जमवारामगढ़	jamwaramgarh:2	jamwaramgad:1
जमशेदपुर	jamshedpur:3	jamashedpur:1
जमा	jama:3	jamaa:1
जमाई	jamaee:1	jamai:1	jmaai:1
जमाए	jamae:1	jamaye:1	jmaaye:1	jmaye:1
जमाकर	jamakar:2	jmaakar:1	jmakar:1
जमाकर्ता	jamakarta:3	jamaakartaa:1	jamakrta:1
जमात	jamaat:3	jamat:2
जमाती	jamaati:2	jamaate:1	jamati:1
जमाते	jamate:2	jmaate:1
जमानत	jamaanat:2	jamanat:2	jamanata:1
जमानती	jamanati:3
जमाना	jamaana:2	jamana:2	zmana:1
जमानी	jamani:3	jamaanee:1
जमाने	jamane:2	jamaane:1	jmaane:1	jmane:1
जमाया	jamaya:2	jamaaya:1	jamaeya:1	jamayaa:1
जमाल	jamaal:2	jamal:1
जमालपुर	jamalpur:3
जमाली	jamali:3	jamaalee:1
जमाव	jamav:3	jamaav:1	jamava:1	jmaav:1
जमावट	jamavat:3	jamaavat:2
जमावड़ा	jamaavadaa:2	jamavada:2	jamaavaraa:1	jamavra:1
जमावड़े	jamaavade:2	jamavade:2	jamavare:1
जमावड़ों	jamaavadon:2	jamavadon:2	jamavaron:1
जमियत	jamiyat:2	jameyat:1	jamiat:1
जमी	jamee:2	jami:2
जमींदार	jamindar:3	jameendaar:1	jaminadar:1	zamnidar:1
जमींदारी	jameendaaree:1	jameendari:1	jamindaari:1	jamindari:1
जमींदारों	jameendaaron:1	jamieendaron:1	jamindaaron:1	jamindaron:1
जमीकंद	jamikanad:1	jamikand:1	jimikand:1
जमीन	jameen:5	zameen:2	jamin:1
जमीनी	jamini:2	jameeni:1	zamini:1
जमीनें	jameene:1	jameenen:1	jaminen:1	zmeenen:1
जमीनों	jameeno:1	jameenon:1	jaminon:1	zmeenon:1
जमीर	jamir:3	jameer:1
जमीला	jameela:2	jamila:2
जमुई	jamui:2	jamuai:1	jamuei:1
जमुना	jamuna:3
जमे	jame:3
जमैका	jamaica:2	jamaika:1	jameka:1
जम्मू	jammu:3
जय	jay:3	jai:6
जयंत	jayant:3	jaynt:1
जयंती	jayanti:3	jayenti:1
जयंतीलाल	jayantilal:3
जयचंद	jaichand:3	jaychand:1
जयते	jayate:3	jayte:1
जयदयाल	jaydayal:2	jaidayal:1	jayadayal:1
जयदीप	jaideep:2	jayadeep:1	jayadip:1	jaydeep:1
जयदेव	jaidev:2	jaydev:2
जयद्रथ	jayadratha:2	jaidrath:1	jaydrath:1
जयन	jayan:3	jayen:1
जयनगर	jaynagar:3
जयपाल	jaipal:2	jayapal:1	jaypal:1
जयपुर	jaipur:3
जयप्रकाश	jaiparkash:1	jaiprakash:1	jayparkash:1	jayprakesh:1
जयबाण	jaiban:2	jaibaan:1	jaybaan:1
जयभान	jaibhagwan:1	jayabhagwan:1	jaybhaan:1
जयमंगला	jaimangla:2	jayamangala:1	jayamangla:1
जयराम	jairam:2	jayram:1
जयललिता	jayalalita:1	jayalalitaa:1	jayalalithaa:1	jaylalita:1
जयशंकर	jaishankar:2	jayshankar:2
जयश्री	jayshree:2	jaishri:1	jaisri:1
जयसवाल	jaiswal:3	jaisawal:1
जयसिंह	jaisingh:2	jaysingh:2
जयसूर्या	jayasurya:2	jayasuriya:1	jaysurya:1
जया	jaya:5	jayaa:1
जयानंद	jayanand:3
जरख	jarakh:3	zarakh:1
जरत्कारु	jaratkaru:3	zaratkaru:1
जरनैल	jarnail:3	jarnel:1
जरा	jara:3	zara:1
जरासंध	jarasandh:2	jarasandha:1
जरिए	jariye:3	jarie:2
जरिया	jariya:3	jariyaa:1
जरिये	jariye:3
जरी	jari:2	zari:1
जरीवाला	zariwala:2	jariwala:1
जरुर	jarur:3	jaroor:1
जरुरत	jarurat:3	jaroorat:1
जरुरतमंद	jaruratmand:3	jarooratmand:1
जरुरी	jaruri:3	jaroori:1
जरूर	jarur:3	jaroor:1
जरूरत	jarurat:3	jaroorat:1
जरूरतमंद	jaruratmand:3	jarooratmand:1
जरूरतमंदों	jaruratmandon:3	jarooratmandon:1
जरूरतें	jaruraten:2	jaruratein:1	jarurten:1
जरूरतों	jarooraton:2	jarurato:1	jaruraton:1	zarooraton:1
जरूरी	jaruri:4	jaroori:3	zaroori:2
जर्जर	jarjar:3
जर्दा	jarda:3	jardaa:1	zarda:1
जर्नल	journal:2	jurnal:1
जर्नलिज्म	journalism:3
जर्नलिस्ट	journalist:3
जर्मन	german:3
जर्मनी	germany:3
जर्मनों	germano:1	germanon:1	jarmanon:1
जर्म्स	germs:2	jamrs:1
जर्सियों	jarsiyon:2	jersiyon:1
जर्सी	jersey:3	jarsi:1
जल	jal:3
जलकर	jalkar:3	jalkr:1
जलगति	jalgati:2	jalagati:1	jalgti:1
जलग्रहण	jalgrahan:2	jalgrhan:1
जलचर	jalchar:3	jalachar:1
जलजनित	jaljanit:2	jalajanit:1
जलडमरूमध्य	jaldamrumadhya:2	jaladamarumadhy:1
जलता	jalta:2	jalata:1	jaltaa:1
जलती	jalti:2	jalatee:1	jalati:1
जलते	jalte:3
जलदस्यु	jaldasyu:2	jaladasyu:1	jaldsyu:1
जलधारा	jaldhara:3	jaldhaaraa:1
जलधाराएं	jaldharayen:2	jaldhaarayen:1	jaldharaen:1
जलधाराओं	jaldharaon:3	jaldharaaon:1
जलन	jalan:3	jaln:1
जलना	jalna:3	jalnaa:1
जलने	jalne:3	jalane:2	jlane:1
जलपरी	jalpari:3	jalpri:1
जलपान	jalpan:3	jalpaan:1
जलप्रदाय	jalpraday:2	jalprdaay:1	jalprday:1
जलप्रपात	jalprapaat:2	jalprapat:2	jalprpaat:1	jalprpat:1
जलप्रपातों	jalprapaton:1	jalprapoton:1	jalprpaaton:1	jalprpaton:1
जलप्रलय	jalpralay:4	jalprlay:2
जलभराव	jalbharav:4	jalbhraav:2	jalbhrav:1
जलमग्न	jalmagn:2	jalmagan:1
जलमार्ग	jalmarg:3	jalmaarg:1
जलयान	jalyaan:3	jalyan:2
जलवायु	jalvayu:3	jalvaayu:1
जलवाष्प	jalvashp:2	jalavaashp:1	jalvaashp:1
जलवाही	jalvahi:3	jalvaahi:1
जलविद्युत	jalvidyut:4	jalviduyat:2
जलसीमा	jalseema:4	jalsima:3	jalsema:1	jalsimaa:1
जलसे	jalse:3
जलस्तर	jalstar:2	jalster:1	jalstr:1
जलस्त्रोत	jalstrot:3
जला	jala:2	jalaa:2
जलांजलि	jalaajali:1	jalaanjali:1	jalanjali:1
जलाई	jalai:3	jalaai:1
जलाए	jalaye:3	jalaaye:1
जलाएं	jalayen:3	jalaayen:1
जलाकर	jalakar:3	jalakr:1
जलागार	jalagar:2	jalaagaar:1	jalgar:1
जलाते	jalate:3	jalaate:1
जलाने	jalane:3	jalaane:1
जलापूर्ति	jalapurti:2	jalaapurti:1
जलाभिषेक	jalaabhishek:2	jalabhishek:1
जलाया	jalaya:2	jalaayaa:1	jalayaa:1
जलाल	jalaal:2	jalal:2
जलालाबाद	jalalabad:3
जलाली	jalali:3	jalaali:1
जलालुद्दीन	jalaluddin:3
जलावन	jalavan:3	jalawan:1
जलाशय	jalashay:2	jalaashay:1	jalashy:1
जलाशयों	jalashayon:2	jalaashyon:1	jalashyon:1
जलीय	jaliya:2	jaliy:2	jaleey:1
जलूस	jaloos:2	jalus:2
जले	jale:6
जलेगी	jalegi:3
जलेबी	jalebi:3
जलेश्वर	jaleshwar:2	jaleswar:1
जलेसर	jalesar:3
जल्द	jald:4
जल्दबाजी	jaldbaji:2	jaldbazi:2	jaldbaaji:1
जल्दी	jaldi:4
जल्लाद	jallad:3
जल्लादों	jalladon:3
जवाद	javaad:1	javad:1	jwaad:1
जवान	jawan:2	javan:1	javani:1
जवानी	javani:2	jawani:2
जवाब	javab:1	jawab:1	jvaab:1
जवाबदेह	javabdeh:2	javaabdeh:1	jawabdeh:1
जवाबदेहिता	javaabdehitaa:1	javabdehita:1	jawabdehita:1
जवाबदेही	javabdehi:2	javaabdehi:1	jawabdehi:1
जवाबी	javabi:2	javaabi:1	jawabi:1
जवाहर	javahar:2	jawahar:1
जवाहरलाल	jawaharlal:3
जवेरी	javeri:3	zaveri:1
जश्न	jashn:2	jasn:1
जस	jas:3
जसकरण	jaskaran:3
जसजीत	jasjeet:3
जसदेव	jasdev:3
जसपुर	jaspur:3
जसबीर	jasbeer:2	jasbir:1
जसमीत	jasmeet:2	jasmit:1
जसराज	jasraaj:2	jasraj:1
जसराना	jasrana:3
जसलीन	jasleen:3
जसवंत	jaswant:3	jasvant:1
जसोल	jasol:3
जस्ट	just:3
जस्टिन	justin:3
जस्टिस	justice:3
जस्ता	jasta:3	jastaa:2
जस्ते	jaste:3
जस्सा	jassa:3	jassaa:1
जस्सी	jassi:3	jassee:1
जहन्नुम	jahannum:3
जहर	jahar:2	zahar:2	jaher:1	zaher:1
जहरीला	jahreela:1	jahreelaa:1	jahrila:1	zahreela:1
जहरीले	jahreele:2	jahrile:2
जहरों	jaharon:2	jahron:1
जहाँ	jahan:3
जहाँनारा	jahanara:2	jahannara:1
जहां	jahan:3
जहांगीर	jahangir:3
जहाज	jahaj:3
जहाज़ों	jahajon:2	jahazon:2
जहाजी	jahaji:3
जहाजों	jahajon:3
जहानाबाद	jehanabad:2	jahanabad:1
ज़ंजीर	zanjeer:2	zanzeer:1
ज़किया	zakiya:2	jakiya:1
ज़ख्मों	jakhmon:2	zakhmon:2
ज़माना	zamana:3	jamaanaa:1	jamana:1	zamaanaa:1
ज़माने	jamane:2	zamane:3	jamaane:1	zamaane:1
ज़मीनी	zamini:2	jameeni:1	jamini:1	zameeni:1
ज़मीर	zameer:2	zamir:1
ज़रा	zaraa:3	zara:1
ज़रूरत	jarurat:2	zarurat:2	zaroorat:1
ज़रूरतों	jaruraton:2	jarooraton:1
ज़लज़ले	jaljale:2	zalzale:1
ज़हर	zahar:2	zeher:1
ज़हरीली	zaharili:1	zahreeli:1	zeherili:1
ज़हरीले	zaharile:1	zahreele:1	zeherile:1
ज़ाकिर	jakir:1	zaakir:1	zakir:1
ज़िंटा	zinta:3
ज़िंदगी	zindagi:2	zindgi:1
ज़िंदा	zinda:3
ज़िक्र	zikra:3	jikra:1
ज़िद्दी	ziddi:3
ज़ी	zee:3
ज़ीरो	zero:3
ज़ुबान	jubaan:2	juban:2	zuban:1
ज़ुबैर	jubair:1	juber:1	zubaur:1	zuber:1
जा	ja:3	jaa:2
जाँच	janch:2	jaanch:1	jaaunch:1	jaunch:1
जांगड़े	jangade:2	jangde:1	jangrhe:1
जांघ	jangh:3	jaangh:2
जांघों	jaanghon:2	janghon:2	jandon:1
जांच	janch:3	jaanch:2
जांचकर्ताओं	janchkartaon:2	jaanchkartao:1	jaanchkartaon:1	janchkartaaon:1
जांचता	janchta:2	jaachta:1	jaanchta:1	jaanchtaa:1
जांचने	jaanchne:3	janchane:1	janchne:1
जांचों	janchon:2	jaancho:1	jaanchon:1	jancho:1
जाइए	jaaiye:2	jaie:1	jaiye:1
जाई	jaai:1	jai:1	jaie:1
जाईए	jaiye:2	jaaiye:1	jaie:1
जाए	jaye:3	jaaye:2	jae:1
जाएं	jayen:2	jaayen:1	jaen:1	jaena:1
जाएंगी	jaayengi:1	jaenagi:1	jaengi:1	jayengi:1
जाएंगे	jaayenge:1	jaenage:1	jaenge:1	jayenge:1
जाएगा	jayega:6	jaayega:1	jaega:1	jayegaa:1
जाएगी	jayegi:2	jaayegi:1	jaegi:1
जाओ	jao:3	jaao:1
जाओगे	jaaoge:3	jaoge:2
जाकर	jakar:4	jaakar:3
जाकिर	jaakir:2	jakir:1	zakir:1
जाके	jaake:3	jake:2
जाखड़	jakhad:2	jaakhad:1	jakhar:1	jakharh:1
जाग	jaag:5	jag:2
जागकर	jagkar:3	jaagkar:1	jagakar:1
जागती	jagati:3	jaagati:1
जागते	jagate:3	jaagate:1
जागना	jagna:2	jaaganaa:1	jagana:1
जागने	jagane:2	jagne:2	jaagane:1
जागरण	jagran:3	jagaran:1
जागरूक	jaagruk:2	jagaruk:2	jagruk:2	jaagaruk:1
जागरूकता	jagrukta:3	jagarukata:2	jagarukta:1
जागी	jagi:3	jaagi:2
जागीर	jagir:3	jageer:1
जागीरदार	jagirdar:3	jageerdar:1
जागीरों	jagiron:3	jageeron:1
जागृत	jagrut:2	jagrat:1	jagrit:1
जागृति	jagriti:2	jagruti:2	jaagriti:1
जागे	jage:3	jaage:2
जागेगी	jagegi:3	jaagegi:1
जागो	jago:3	jaago:2
जाग्रत	jagrat:2	jaagrat:1	jagarat:1
जाजपुर	jajpur:2	jaajpur:1	jajapur:1
जाजमऊ	jajamau:1	jajmau:1	jajmauu:1
जाट	jaat:3	jat:1
जाटव	jatav:2	jaatav:1
जाटों	jaaton:2	jaton:2
जाड़े	jaade:2	jade:1
जाड़ों	jaadon:2	jadon:2
जात	jaat:3	jat:1
जातक	jatak:8	jaatak:2
जातकों	jatakon:2	jaatakon:1	jaatkon:1
जाता	jata:2	jaata:1	jaataa:1
जाति	jati:11	jaati:2
जातिगत	jaatigat:2	jatigat:2
जातिय	jaatiy:1	jaatiya:1	jatiy:1	jatiya:1
जातियां	jaatiyan:2	jatiyan:2
जातियों	jatiyon:3	jaatiyon:2
जातिवाद	jaativaad:1	jaativad:1	jativaad:1	jativad:1
जातिवादी	jaativaadi:1	jaatiwadi:1	jativaadi:1	jativadi:1
जाती	jati:76	jaatee:1	jaati:1	jatee:1
जातीय	jatiy:2	jaateey:1	jaatiy:1	jateeya:1
जातीयता	jatiyata:2	jaatiyataa:1	jateeyata:1
जाते	jate:3	jaate:2
जादव	jadav:3
जादुई	jaadui:2	jadui:1
जादू	jaadoo:1	jaadu:1	jadu:1
जादूई	jadui:2	jadooee:1
जादूगर	jadugar:2	jadoogar:1
जादूगरों	jadugaron:3
जाधव	jadhav:2	jaadhav:1
जान	jaan:8
जानकर	jankar:3	jaankar:2
जानकार	jaankaar:2	jankar:2
जानकारियां	jaankaariyan:2	jankariyan:2
जानकारियों	jankariyon:2	jaankaariyon:1	jaankariyon:1
जानकारी	jankari:2	jaankaari:1	jaankari:1
जानकारों	jankaron:2	jaankaaron:1	jaankaron:1
जानकी	jaanki:1	janaki:1	janki:1
जानकीपुरम	jankipuram:2	jaankipuram:1
जानता	jaanta:1	jaantaa:1	janata:1	janta:1
जानती	jaanti:2	janti:2
जानते	jante:4	jaante:2	janate:1
जानना	janana:2	jaanana:1	jaananaa:1	janna:1
जानबूझ	jaanboojh:2	jaanbujh:2	janbujh:2	janbiz:1
जानबूझकर	jaanboojhkar:1	jaanbujhkar:1	janbujhkr:1	janbuzkar:1
जानम	jaanam:2	janam:2
जानमाल	janmal:4	jaanmaal:3
जानलेवा	jaanlewa:1	janaleva:1	janleva:1	janlevaa:1
जानवर	jaanwar:3	janvar:2	janwar:2
जानवरों	janvaron:2	jaanwaron:1	janwaron:1
जानसन	johnson:2	jansan:1
जाना	jana:45	jaana:3	jaanaa:1
जानिए	jaaniye:2	janiye:2
जानिये	jaaniye:2	janiye:2
जानी	jani:3	jaani:2
जानीमानी	jaanimaani:4	janimani:4
जाने	jane:63	jaane:5
जानें	janen:2	jaanen:1	jane:1
जानेमन	jaaneman:2	jaanemann:1	janeman:1
जानेमाने	jaanemaane:4	janemane:4
जानेवाला	janevala:2	jaanevalaa:1	jaanewala:1
जानेवाली	janevali:2	jaanevali:1	jaanewali:1
जानेवाले	janevale:2	jaanevale:1	jaanewale:1
जाप	jaap:3
जापान	japan:3
जापानियों	japaniyon:3
जापानी	jaapani:1	japanese:1	japani:1
जाफना	jaafna:1	jafana:1	jaffna:1
जाफर	jaafar:1	jafar:1	jaffer:1
जाफरपुर	jafarpur:2	jaafarpur:1
जाफरी	jaafari:1	jaafri:1	jaffery:1
जाम	jaam:3	jam:1
जामताड़ा	jamtada:2	jamtara:1
जामनगर	jamnagar:3	jaamnagar:1
जामनेर	jaamner:2	jamner:2
जामवंत	jamvant:2	jaamwant:1	jamwant:1
जामवंती	jamvanti:2	jaamwanti:1	jamwanti:1
जामवाल	jamval:2	jaamwal:1	jamwal:1
जामा	jama:3	jaama:1	jaamaa:1	jamaa:1
जामिया	jamia:2	jamiya:1
जामी	jami:2	jaami:1
जामुन	jaamun:2	jamun:2
जामे	jaame:2	jame:2
जाय	jaay:1	jay:1	joy:1
जायंट	giant:1	jayant:1	joint:1
जायके	jaayke:2	jayke:2
जायकेदार	jaaykedar:2	jaykedar:2	jaaykedaar:1	jaykedaar:1
जायते	jayate:2	jaayate:1	jayte:1
जायद	jayad:3	jaayad:1
जायदाद	jaydad:3	jaaydaad:1	jaaydad:1	jaydaad:1
जायफल	jaayfal:1	jaayphal:1	jayfal:1	jayphal:1
जायल	jayal:2	joyal:1
जायसवाल	jayaswal:2	jayasval:1
जायसी	jayasi:2	joyci:1
जाया	jaya:3
जाये	jaye:3	jayein:1
जायें	jayen:3	jaayen:1
जायेंगे	jayenge:3	jaayenge:2
जायेगा	jayega:3	jaayegaa:1
जायेगी	jayegi:3	jaayegi:1	jayegee:1
जार	jar:3
जारहे	jarhe:2	jaarhe:1
जारा	jara:2	jaara:1	zara:1
जारी	jari:2	jaaree:1	jaari:1	jaree:1
जारों	jaaro:1	jaro:1	jaron:1	zaron:1
जार्ज	jarj:2	george:1
जार्विस	jarvis:3
जाल	jaal:7	jal:1
जालंधर	jalandhar:3	jaalandhar:1
जालमसिंह	jalamsingh:2	jaalamsingh:1	jalamsinh:1
जालसाजी	jaalsaaji:1	jalasaji:1	jalsaji:1
जालान	jalan:3
जालियां	jaaliyan:1	jaliyan:1	jallian:1
जालियों	jaaliyon:2	jaliyon:2
जाली	jali:2	jaali:1	jaalii:1
जालीदार	jalidar:3	jaalidaar:1
जालौन	jalaun:3
जालौर	jalore:2	jalaur:1
जावड़ेकर	javadekar:2	javdekar:1
जावर	zawar:2	jaawar:1
जावा	java:3
जावास्क्रिप्ट	javascript:3
जावित्री	jaavitri:2	javitri:2
जाविद	javid:2	jaavid:1
जावेद	javed:2	jawed:1
जासूसी	jasoosi:2	jaasoosi:1	jasusi:1
जाहर	jaahar:1	jaahr:1	jahar:1
जाहिर	jaahir:1	jaheer:1	jahir:1
जाहिरा	jahira:2	jaahiraa:1
जाह्नवी	jahnavi:1	jahnvi:1	janhvii:1
जाह्नू	jaahoon:1	jahanu:1	jahnu:1
जिंक	zinc:2	jink:1
जिंक्स	jinks:1	jinx:1	zincs:1
जिंग	jing:3
जिंगल	jingal:2	jingle:1
जिंटा	zinta:2	jinta:1
जिंदगी	jindagi:2	jindagee:1	jindgi:1	zindagi:1
जिंदल	jindal:3
जिंदा	jinda:2	jindaa:1	zinda:1
जिओ	jio:2	geo:1
जिक्र	jikra:2	jikr:1
जिगना	jigana:2	jiganaa:1	jigna:1
जिगर	jigar:2	igar:1
जिग्नेश	jignesh:3
जिजीविषा	jijivisha:2	jijeevisha:1
जिज्ञासा	jigyasa:3	jigyaasaa:1
जिज्ञासु	jigyasu:3	jigyaasu:1
जिज्ञासुओं	jigyasuon:3	jigyaasuon:1
जितना	jitna:4	jitnaa:2	jitanaa:1
जितनी	jitni:3	jitani:1
जितने	jitne:3	jitane:1
जितवाया	jitavaayaa:1	jitvaayaa:1	jitvaya:1	jitwaayaa:1
जिताने	jitaane:3	jitane:1
जिताया	jitaayaa:2	jitaya:2
जितिया	jitiya:2	jitiyaa:1
जितेन	jiten:3
जितेन्द्र	jeetendra:2	jitendra:2
जितेश	jitesh:3	jeetesh:1
जिद	zid:3	jid:2	jeed:1
जिद्द	jidd:2	zidd:2	jeedd:1	zid:1
जिद्दू	jiddu:2	jidood:1
जिन	jin:3	gin:1	jeen:1
जिनका	jinka:5	jinaka:1	jinakaa:1	jinkaa:1
जिनकी	jinki:3	jinaki:2
जिनके	jinke:2	jinak:1	jinake:1
जिनको	jinko:3
जिनमे	jinme:2	jiname:1
जिनमें	jinmen:2	jinmein:1
जिनसे	jinse:3
जिनालय	jinalay:2	jinaalay:1
जिनी	jini:2	ginee:1	jinee:1
जिनीवा	geneva:1	jeneva:1	jiniva:1
जिनेंद्र	jinendra:3
जिनेवा	geneva:1	jeneva:1	jineva:1
जिनोम	jinom:2	genome:1
जिन्ना	jinna:3
जिन्हें	jinhe:8	jinhen:3
जिन्होंने	jinhone:11	jinhonne:2
जिन्होने	jinhone:3
जिन्होनें	jinhonen:3
जिप्सम	gypsum:2	jipsam:1
जिप्सियों	gypsiyon:2	gypsion:1
जिप्सी	gypsy:3
जिब्राल्टर	gibraltar:3
जिम	gym:3
जिमखाना	gymkhana:3
जिमी	jimi:1	jimmy:1	jimy:1
जिम्नास्टिक्स	gymnastics:2	jimnasticks:1
जिम्नेजियम	gymnasium:2	jimnejiyam:2
जिम्मा	jimma:2	jimmaa:1
जिम्मे	jimme:3
जिम्मेदार	jimmedaar:3	jimmedar:1
जिम्मेदारियों	jimmedaariyon:3	jimmedariyon:1
जिम्मेदारी	jimmedaari:2	jimmedari:1
जिम्मेवार	jimmevar:2	jimmevaar:1	jimmewaar:1	jimmewar:1
जिया	jiya:3
जियान	jian:1	jiyaan:1	jiyan:1
जियो	jiyo:3
जियोग्राफी	geography:2	jiyography:1
जिरह	jirah:3
जिराफ	giraffe:3
जिल	jil:3
जिला	jila:8	zila:1
जिलाधीश	jiladhish:2	jiladheesh:1
जिले	jile:3	jilai:1
जिलों	jilon:2	jillon:1	zilon:1
जिव्हा	jivha:2	jivhaa:1
जिस	jis:3
जिसका	jiska:3	jiskaa:1
जिसकी	jiski:2	jisaki:1	jiskii:1
जिसके	jiske:3	jisake:1
जिसको	jisko:3	jisako:1
जिसने	jisne:2	jisane:1
जिसमें	jismen:30	jismein:2
जिससे	jisse:2	jisase:1
जिस्मानी	jismani:3	jismaani:1
जिहाद	jihaad:1	jihad:1	zihad:1
जिहादी	jiahdi:1	jihadi:1	zihadi:1
जिह्वा	jihvaa:1	jinha:1	jivha:1
जीआईएस	gis:3
जीआईपी	gip:3
जीआईसी	gic:3
जीआर	gr:3
जीई	ge:2	jee:1	ji:1
जीईसी	gec:2	gic:1
जीएच	gh:3
जीएम	gm:3
जीएसएम	gsm:3
जीएसटी	gst:3
जीडीपी	gdp:3
जीण	jeen:3
जीत	jeet:3	jit:1
जीतकर	jitkar:2	jeetkar:1	jitakar:1
जीतता	jitata:2	jitataa:2
जीतना	jitana:2	jeetna:1	jitanaa:1	jitna:1
जीतने	jeetane:1	jitane:1	jitne:1
जीता	jeeta:5	jita:3
जीती	jiti:3
जीतू	jeetu:2	jitu:1
जीते	jeete:2	jite:1
जीतें	jeeten:1	jitein:1	jiten:1
जीतोड़	jitod:4	gtod:1	gtor:1	jeetod:1
जीन	gene:3	jeen:2	jean:1	jin:1
जीनगर	jinagar:2	jeenagar:1
जीनस	genus:2	jinas:1
जीना	jina:2	jeena:1
जीनी	jini:2	genee:1	jeenee:1
जीने	jeene:2	jine:2
जीनों	jeenon:2	jinon:1
जीनोम	jinom:2	genome:1
जीप	jeep:3
जीपनी	jipani:2	jeepney:1
जीपीएस	gps:3
जीपीयू	gpu:3
जीबी	gb:3
जीभ	jibh:2	jeebh:1
जीम	jim:2	gym:1	jeem:1
जीमेल	gmail:6
जीयनपुर	jiyanpur:3
जीयस	jiyas:2	jiyasa:1	zeus:1
जीयो	jeeyo:1	jio:1	jiyo:1
जीरा	jeera:3	jira:1
जीरे	jeere:1	jire:1	zeere:1
जीरो	zero:3
जीर्ण	jirn:2	jeerna:1
जीर्णशीर्ण	jeernasheerna:2	jirnshirn:2	jirnashirn:1
जीर्णोद्धार	jeernoddhaar:1	jeernoddhar:1	jirnoddar:1
जीलानी	jilani:3
जीलैंड	zeeland:3
जीव	jeev:5	jiv:2
जीवंत	jivant:2	jeevant:1
जीवंतता	jivantata:2	jivantataa:1	jivantta:1
जीवक	jivak:3	jeevak:1
जीवजंतुओं	jivjantuon:2	jeevjantuon:1
जीवटता	jeevatta:1	jivatata:1	jivtataa:1
जीवधारियों	jivdhariyon:2	jeevdhaariyon:1
जीवन	jivan:49	jeevan:7	jeewan:1	jiwan:1
जीवनकाल	jeevankaal:2	jivankal:2	jivankaal:1
जीवनचर्या	jeevancharya:1	jivanacharya:1	jivanchryaa:1
जीवनदर्शन	jeevandarshan:2	jivanadarshan:1	jivandarshan:1	jivandrshan:1
जीवनयापन	jeevanyaapan:2	jivanyapan:2	jivanayapan:1	jivanyaapan:1
जीवनशैली	jivanshaili:4	jeevanshaili:2
जीवनसाथी	jeevansaathi:2	jivansathi:2	jivanasathi:1
जीवनियां	jeevniyaan:1	jivaniya:1	jivaniyaan:1	jivaniyan:1
जीवनी	jivani:2	jeevni:1
जीवनों	jeevnon:1	jivano:1	jivanon:1
जीवराज	jivraj:2	jeevraaj:1
जीवविज्ञान	jivvigyan:2	jeevvigyan:2	jeevvigyaan:1	jivavigyan:1
जीवविज्ञानी	jeevvigyani:1	jivavigyani:1	jivvigyaani:1
जीवा	jiva:3	jeeva:2
जीवाणु	jivanu:2	jeevaanu:1	jivaanu:1
जीवाणुओं	jivanuon:2	jeevaanuon:1	jivaanuon:1
जीवात्मा	jivatma:2	jeevaatma:1	jivaatmaa:1
जीवाश्म	jeevaashm:1	jivaasham:1	jivasham:1	jivashm:1
जीवाश्मों	jeevaashmon:1	jivaashmon:1	jivashmon:1
जीविका	jivika:2	jeevika:1	jivikaa:1
जीविकोपार्जन	jivikoparjan:2	jeevikopaarjan:1
जीवित	jivit:2	jeevit:1
जीवित्पुत्रिका	jivitputrika:3
जीवो	jivo:2	jeevo:1
जीवों	jivo:2	jivon:2	jeevon:1
जीसस	jesus:3
जीसीए	gca:3
जीसैट	gsat:2	gset:1
जुआ	juaa:3
जुआन	juaan:2	juan:1
जुए	jua:1	jue:1	juye:1
जुकाम	jukam:2	jukaam:1	zukaam:1
जुगराज	jugalraj:1	jugraaj:1	jugraj:1
जुगल	jugal:3
जुगाली	jugali:2	jugaali:1
जुझार	jujhar:2	jujhaar:1
जुझारु	jujharu:2	jujhaaru:1
जुझारूपन	jujharupan:3	jujharoopan:1
जुट	jut:2	jute:1
जुटकर	jutkar:2	jutakar:1
जुटते	jutate:2	jutte:1
जुटने	jutane:2	jutne:1
जुटा	juta:2	jutaa:2
जुटाता	jutata:2	jutaata:1	jutaataa:1
जुटाना	jutaana:1	jutaanaa:1	jutana:1	jutani:1
जुटाने	jutaane:2	jutane:2
जुटी	juti:2	jutee:1
जुटे	jute:3
जुड़	jud:3
जुड़ता	judata:2	judta:2
जुड़ते	judate:2	judte:1
जुड़ने	judne:2	judane:1
जुड़वा	judva:2	judwa:1	judwaa:1
जुड़ा	juda:2	judaa:2
जुड़ाई	judaai:2	judae:1	judai:1
जुड़ाव	judaav:2	judav:1
जुड़ी	judi:2	judee:1
जुड़ीं	judin:2	judie:1
जुड़े	jude:3
जुड़ें	juden:2	judein:1
जुडा	juda:2	judaa:2
जुडाव	judaav:2	judav:1
जुडास	judas:2	judaas:1
जुडी	judi:3
जुडे	jude:3
जुडें	judein:2	juden:1
जुडे़	jude:2	junde:1
जुडो	judo:3
जुता	juta:2	jutaa:1
जुताई	jutaai:2	jutai:1
जुदा	judaa:3	juda:1
जुदाई	judaai:3	judai:1
जुनशान	junshan:2	junshaan:1
जुनागढ़	junagadh:3
जुनून	junoon:2	junun:1
जुनूनी	junooni:2	jununi:1
जुनेजो	junejo:2	juneja:1
जुपिटर	jupiter:2	jupitar:1
जुपीटर	jupiter:2	jupitar:1
जुबली	jubilee:3
जुबान	jubaan:2	juban:2	zubaan:1
जुबिली	jubilee:3
जुबेर	juber:2	jubair:1	zubair:1
जुबैर	jubair:3	zubair:1
जुमा	juma:2	jumaa:2
जुराब	jurab:2	juraab:1
जुराबें	juraabein:1	juraaben:1	juraben:1
जुरासिक	jurassic:3
जुर्म	jurm:3
जुर्माना	jurmana:3	jurmaanaa:1
जुर्माने	jurmane:3
जुर्मों	jurmon:3
जुर्रत	jurrat:3
जुलता	julta:2	jultaa:2
जुलती	julti:3	julati:1
जुलते	julate:2	julte:1
जुलना	julna:2	julana:1	julanaa:1
जुलाई	july:3
जुलाहे	julahe:2	julaahe:1
जुलाहों	julaahon:2	julahon:2
जुलूस	julus:2	juluus:2	juloos:1
जुल्का	julka:2	julfa:1
जुल्मी	julmi:2	zulmi:1
जुल्मों	julmon:2	zulmon:1
जुवान	juvaan:2	juwaan:2	juwan:1
जुवेनाइल	juvenail:2	juvenile:1
जू	ju:2	zoo:1
जूं	jun:2	joon:1
जूझ	jujh:3
जूझता	joojhta:1	jujhata:1	jujhataa:1	jujhta:1
जूझती	jujhati:2	joojhti:1	jujhti:1	juujhti:1
जूझते	jujhate:2	joojhte:1	jujhte:1	juujhte:1
जूझना	joojhna:1	jujhana:1	jujhanaa:1	jujnaa:1
जूझने	jujhane:2	joojhne:1	juujhne:1
जूट	jut:2	joot:1	jute:1
जूठा	jutha:3	jootha:1	juthaa:1
जूठे	juthe:3	joothe:1
जूड	jud:3	jood:1
जूडी	judi:3	joodi:1
जूडो	judo:3
जूता	juta:2	joota:1	jutaa:1
जूते	jute:3	joote:1
जूतों	juton:3	jooton:1
जूदेव	judev:2	joodev:1	judeo:1
जून	june:6
जूनागढ	junagarh:2	junagadh:1
जूनागढ़	junagarh:2	junagadh:1
जूनियर	junior:3
जूने	june:3
जूपिटर	jupiter:3
जूम	zoom:3
जूरी	joori:1	juri:1	jury:1
जूलियन	julian:3
जूलियस	julius:3
जूलिया	julia:3
जूली	julie:6	juli:1
जूलूस	juloos:2	jealous:1	julus:1
जूलॉजिकल	zoological:3
जूलोजिकल	zoological:3
जूल्स	jules:2	joules:1
जूस	juice:3
जूही	juhi:3
जेंग	jeng:2	zeng:1
जेएनयू	jnu:3
जेएम	jm:3
जेएलए	jla:3
जेएस	js:3
जेक	jack:1	jake:1	jeke:1
जेट	jet:3
जेटली	jaitley:2	jetli:1
जेट्टी	jetti:2	jetty:1
जेठा	jetha:3
जेड	z:3
जेडी	jd:3
जेद्दा	jedda:3
जेद्दाह	jeddah:3
जेन	jen:2	zen:2
जेनर	jenner:3
जेनरिक	generic:2	jenrick:1
जेनरेट	generate:2	generat:1
जेनरेटर	generator:3
जेना	jena:3
जेनिफर	jennifer:2	jenifer:1
जेनी	jenny:2	jenee:1	jenni:1
जेनेट	janet:3
जेनेटिक	genetic:3
जेनेटिकली	genetically:3
जेनेरिक	generic:3
जेनेरियो	generio:1	generiyo:1	janeiro:1
जेनेवा	geneva:2	jeneva:1
जेन्ना	jenna:2	genna:1
जेपी	jp:3
जेफ	jef:2	jeff:1
जेफरी	geoffrey:1	jefary:1	jeffery:1
जेफेट	jefet:3
जेफ्री	geoffrey:1	jeffry:1	jefri:1
जेब	jeb:3
जेम	gem:1	jame:1	jem:1
जेमीमा	jemima:3
जेम्स	james:3
जेरार्ड	gerard:2	jerard:1
जेराल्ड	jerald:2	gerald:1
जेरी	jerry:2	jeri:1
जेरूसलम	jerusalem:3
जेरेमी	jeremy:3
जेरोम	jerome:2	gerome:1
जेल	jail:6
जेली	jelly:2	jeli:1
जेलीफिश	jellyfish:3
जेलें	jailein:1	jailen:1	jelen:1
जेलो	jello:1	jelo:1	jlo:1
जेलों	jailon:2	jelon:1
जेस	jess:2	jes:1
जेसन	jason:2	jesan:1
जेसिका	jessica:3
जेसिया	jesia:2	jesiya:1
जेसी	jc:2	jesi:1
जेहलम	jehalam:2	jehlum:1
जेहाद	jehad:2	jihad:1
जै	jai:3
जैंसे	jainse:3
जैक	jack:3
जैकब	jacob:3
जैकमैन	jackman:3
जैकलिन	jacklin:1	jacqeline:1	jaikalin:1
जैकी	jackie:2	jacky:1
जैकेट	jacket:3
जैकेट्स	jackets:3
जैक्स	jacks:3
जैक्सन	jackson:3
जैगर	jaigar:2	jagger:1
जैज	jazz:2	jaij:1
जैज़	jazz:3
जैतून	jaitun:2	jaitoon:1
जैदी	jaidi:2	zaidi:1
जैन	jain:6
जैनग्रंथों	jaingranthon:2	jaingrnthon:1
जैनधर्म	jaindharam:2	jaindharm:2
जैनब	jainab:2	zaynab:1
जैनरेशन	generation:3
जैना	jaina:3
जैनियों	jainiyon:2	genion:1
जैनुल	genul:1	jainnual:1	jainul:1
जैने	jaine:2	gene:1
जैनेंद्र	jainendra:2	jenendar:1
जैनेट	janet:2	genet:1
जैनों	jainon:2	jaino:1
जैप	jap:2	jaip:1
जैफ	jeff:2	jaif:1
जैफरी	jeffrey:2	jeffri:1
जैम	jam:6
जैरी	jerry:3
जैव	jaiv:3
जैवविविधता	jaivvividhtaa:2	jaivavividhata:1	jaivavividhta:1	jaivavividhtaa:1
जैविक	jaivik:6
जैश	jaish:3
जैस	jais:2	jass:1
जैसलमेर	jaisalmer:4
जैसा	jaisa:3	jaisaa:1
जैसी	jaisi:3	jaisee:1
जैसे	jaise:8
जैसोर	jessore:2	jasour:1
जैस्पर	jasper:3
जॉ	jaw:2	joy:1
जॉइंट	joint:3
जॉइस	joyce:2	joys:1
जॉकी	jockey:3
जॉगिंग	jogging:3
जॉन	john:3
जॉनसन	johnson:3
जॉनी	johny:2	johnny:1
जॉनेथन	jonathan:3
जॉन्स	jones:2	johns:1
जॉन्सन	johnson:3
जॉब	job:6
जॉब्स	jobs:3
जॉय	joy:3
जॉर्ज	george:3
जॉर्जिया	georgia:3
जॉर्डन	jordan:3
जॉली	joli:2	jolly:2
जो	jo:6
जों	jon:3
जोंग	jong:3
जोएल	joel:3
जोकर	joker:3	jokar:2
जोकि	joki:3	jockey:2
जोखिम	jokhim:3
जोखिमों	jokhimon:2	jokhimo:1
जोग	jog:1	joga:1	yogh:1
जोगबनी	jogbani:2	yogabani:1
जोगलेकर	joglekar:3
जोगा	joga:3
जोगी	jogi:3
जोगेंद्र	jogendra:2	jogendar:1
जोगेश्वरी	jogeshwari:2	jogeshvari:1
जोजी	joji:3
जोडता	jodata:2	jodta:1
जोडते	jodte:3	jodtey:1	jorte:1
जोड़	jod:3
जोड़कर	jodkar:3	jodakar:1	joddkar:1	jorhkar:1
जोड़ता	jodta:2	joddta:1	jorhta:1
जोड़ती	jodti:2	joddti:1	jorhti:1
जोड़ते	jodate:1	joddte:1	jodte:1	jodtey:1
जोड़तोड़	jodtod:4	joddtodd:2
जोड़ना	jodna:2	joddna:1
जोड़ने	jodene:3	jodne:2	jodane:1	joddne:1
जोड़नेवाला	jodnevala:2	joddnewala:1	jodnewala:1
जोड़ा	joda:2	jodaa:2
जोड़ियां	jodiyan:2	jodiyaan:1
जोड़ियों	jodiyon:3
जोड़ी	jodi:3
जोड़ेंगे	jodenge:3
जोड़ो	jodo:3
जोत	jot:3
जोता	jota:3
जोताई	jotaai:2	jotae:1	jotaee:1
जोधपुर	jodhpur:6
जोधा	jodha:5	jodhaa:1
जोन	zone:3	john:2	jone:1
जोनाथन	jonathan:3
जोया	zoya:2	joya:1
जोर	jor:2	zor:1
जोरजा	jorja:3
जोरदार	jordar:2	jordaar:1	zordar:1
जोली	joli:1	jolie:1	jolly:1
जोश	josh:6
जोशना	joshna:2	joshana:1
जोशी	joshi:3
जोशीमठ	joshimath:3
जोशुआ	joshua:3
जोसफ	joseph:3
जोसेफ	joseph:3
जोसेफिन	josephine:3
जोहड़	johad:3
जोहान	johan:3
जोहान्सबर्ग	johannesburg:3
जोहोर	johor:3
जौं	jaun:3
जौनपुर	jaunpur:6
जौहर	jauhar:3
जौहरियों	jauhariyon:3
जौहरी	jauhari:3
ज्ञात	gyat:2	gyaan:1
ज्ञातव्य	gyatavya:2	gyatvy:1
ज्ञाता	gyata:3	gyaataa:1
ज्ञाताओं	gyataon:3	gyaataon:1
ज्ञान	gyan:7	gyaan:3
ज्ञानदेव	gyandev:3
ज्ञानपीठ	gyanpith:2	gyanpeeth:1
ज्ञानपुर	gyanpur:3
ज्ञानवापी	gyanvapi:2	gyanwapi:1
ज्ञानविज्ञान	gyanvigyan:3
ज्ञानानंद	gyananand:3
ज्ञानार्जन	gyanarjan:3
ज्ञानी	gyani:3
ज्ञानोदय	gyanoday:2	gyanodaya:1
ज्ञानोपदेश	gyanopadesh:3
ज्ञापन	gyapan:3
ज्ञापित	gyapit:3
ज्यादती	jyadati:3
ज्यादा	jyada:6
ज्यादातर	jyadatar:3
ज्यामिति	jyamiti:3
ज्यामितीय	jyamitiya:2	jyaamiteey:1	jyamiteey:1	jyamitiy:1
ज्यूस	jews:2	juice:3
ज्येष्ठ	jyeshtha:2	jyeshth:1
ज्येष्ठता	jyeshthata:2	jyeshthataa:1	jyesthata:1
ज्येष्ठा	jyeshtha:2	jayeshtha:1
ज्यॉफ्री	geoffrey:1	jyofre:1	jyofree:1
ज्यों	jyon:3
ज्योग्राफिक	geographic:3
ज्योग्राफी	geography:2	geographi:1
ज्योत	jyot:3
ज्योति	jyoti:6	joyti:1
ज्योतिका	jyotika:3
ज्योतिबा	jyotiba:3
ज्योतिरादित्य	jyotiraditya:3
ज्योतिराव	jyotirao:2	jyotirav:1
ज्योतिर्गमय	jyotirgamay:2	jyotirgamaya:1
ज्योतिर्मय	jyotirmay:2	jyotirmaya:1
ज्योतिर्लिंग	jyotirling:3
ज्योतिर्विद	jyotirvid:3
ज्योतिष	jyotish:2	jyotisha:1
ज्योतिषी	jyotishi:2	jyotishee:1
ज्योतिसर	jyotisar:3
ज्योमेट्री	geometry:2	geometri:1
ज्वर	jvar:2	jwar:1
ज्वलंत	jvalant:1	jvlant:1	jwalant:1
ज्वलनशील	jvalanasheel:1	jvalanshil:1	jwalansheel:1
ज्वाइंट	joint:3
ज्वार	jwar:2	jvar:1
ज्वारभाटा	jwarbhata:2	jvarbhata:1
ज्वारे	jvaare:1	jvare:1	jware:1
ज्वारों	jvaaron:1	jvaron:1	jwaron:1
ज्वाला	jwala:3	jwaala:1
ज्वालापुर	jwalapur:3
ज्वालामुखियों	jwalamukhiyon:2	jwalamukhion:1
ज्वालामुखी	jwalamukhi:3
ज्वालामुखीय	jwalamukheeya:1	jwalamukhiy:1	jwalamukhiya:1
ज्वेल	jewel:3
ज्वेलरी	jewellery:3
ज्वेलर्स	jewellers:3
ज्वैल	jewel:2	jwel:1
ज्वैलरी	jewellery:3
झ	jh:2	jha:1
झंकार	jhankar:3
झंगियानी	jhangiyani:2	jhangiani:1
झंझरी	jhanjhari:3
झंझारपुर	jhanjharpur:3
झंझावात	jhanjhavat:2	jhanjhawat:1
झंडा	zenda:2	jhanda:2	jhande:1
झंडे	jhande:3
झगड़ते	jhagadate:3
झगड़ने	jhagadane:3
झगड़ा	jhagada:3
झगड़े	jhagde:2	jhagade:3
झगड़ों	jhagadon:3
झगडा	jhagada:3
झगडों	jhagadon:3
झटकते	jhatakane:1	jhatakate:1	jhatkate:1
झटका	jhataka:4	jhatka:3
झटके	jhatake:3
झटपट	jhatpat:6
झडने	jhadane:2	jhadne:1
झडपें	jhadapen:2	jhadpen:1
झड़	jhad:3
झड़ते	jhadate:2	jhadte:1
झड़ना	jhadna:2	jhadane:1
झड़ने	jhadane:3
झड़प	jhadap:3
झड़पों	jhadapon:3
झपकाना	jhapkana:2	jhapakana:1	jhapkaanaa:1
झपकाने	jhapkaane:2	jhapkane:2
झपट	jhapat:3
झपटने	jhapatane:2	jhaptane:1
झपटा	jhapata:3	jhapataa:1
झपटी	jhapati:3
झपट्टा	jhapatta:3
झर	jhar:2	zar:1
झरना	jharana:3	jharnaa:1
झरने	jharane:2	jharne:1
झरनों	jharanon:3	jharnon:1
झरोखे	jharokhe:3
झलक	jhalak:3
झलकता	jhalakata:1	jhalakta:1	jhalkataa:1	jhalkta:1
झलकती	jhalkati:2	jhalakti:1
झलकने	jhalakane:1	jhalakne:1	jhalkane:1
झलकारी	jhalkari:3	jhalkaari:1
झलकियां	jhalkiyan:3
झलकियों	jhalkiyon:3
झलकी	jhalki:2	jhalaki:1
झल्ला	jhalla:3
झा	jha:3
झांकना	jhankana:2	jhankna:2
झांकी	jhanki:5	jhaanki:1
झांगर	jhangar:2	jhaangar:1
झांसी	jhansi:6
झांसे	jhanse:3	jhaanse:1
झाकियां	jhakiyan:2	jhankiyaan:1
झाग	jhag:2	jhaag:1
झाड़	jhad:2	jhaad:1
झाड़सा	jhadasa:2	jharsa:1
झाड़ियों	jhadiyon:3
झाड़ी	jhadi:3
झाड़े	jhade:2	jhaade:1
झाड़ों	jhadon:3	jhaadon:1
झाड़ोल	jhadol:2	jharol:1
झापड़	jhapad:3	jhaapad:1
झापा	jhapa:3
झारखंड	jharkhand:6
झारखंडी	jharkhandi:6
झालरा	jhalara:3
झालरापाटन	jhalarapatan:2	jhalrapatan:1
झालरों	jhalaron:3
झाला	jhala:3
झालावाड़	jhalawad:3
झिझक	jhijhak:3
झिरी	jhiri:3	jhiree:1
झिलमिलाते	jhilmilate:3
झिल्लियों	jhilliyon:3
झिल्ली	jhilli:3
झींगा	jhinga:2	jheenga:1
झील	jheel:4	jhil:2
झीलें	jhilen:2	jheelen:1
झीलों	jhilon:2	jheelon:1
झुंझलाहट	jhunjhalahat:1	jhunjhamahat:1	jhunjhlahat:1
झुंड	jhund:3
झुक	jhuk:3
झुकना	jhukana:2	jhukna:1
झुका	jhuka:3
झुकाना	jhukana:3
झुकाया	jhukaya:3
झुकाव	jhukav:2	jhukaav:1
झुकी	jhuki:3
झुके	jhuke:3
झुठला	jhuthla:2	jhuthala:1
झुठलाते	jhuthlate:2	jhuthalate:1
झुठलाने	jhuthlane:2	jhuthalane:1
झुन्झुनू	jhunjhunu:3
झुलसा	jhulasa:2	jhulsa:1
झुलसे	jhulase:2	jhulse:1
झुलाते	jhulate:2	jhulaate:1
झुलाया	jhulaya:3
झुहाई	jhuhai:2	zhuhai:1	zuhai:1
झू	jhu:2	jhoo:1
झूठ	jhuth:2	jhooth:4
झूठा	jhutha:3	jhootha:1
झूठी	jhuthi:3	jhoothi:1
झूठे	jhuthe:3	jhoothe:1
झूम	jhoom:2	jhum:2
झूमता	jhumata:3	jhoomata:1
झूमती	jhumati:3	jhoomati:1
झूमने	jhoomane:2	jhumane:2
झूमर	jhoomar:2	jhumar:2
झूल	jhool:2	jhul:2
झूला	jhula:3
झूले	jhule:3
झूसी	jhusi:3
झेलते	jhelate:2	jhelte:1
झेलना	jhelana:2	jhelna:1
झेलनी	jhelani:2	jhelni:1
झेलने	jhelane:2	jhelne:1
झेलम	jhelam:2	jhelum:1
झेला	jhela:3
झेली	jheli:3
झेले	jhele:3
झोंकने	jhonkne:2	jhonkane:1
झोंका	jhonka:3
झोंके	jhonke:3
झोउ	jhou:3
झोऊ	jhou:2	jhouu:1
झोपड़ा	jhopada:3	jhopara:1	jhoparha:1
झोपड़ियां	jhopadiyan:2	jhopadiya:1	jhoparhiyan:1
झोपड़ियों	jhopadiyon:2	jhopadiyan:1	jhoparhiyon:1
झोपड़ी	jhopadi:3	jhoparhi:1
झोपडी	jhopadi:3
झोल	jhol:3
झोला	jhola:3
झोली	jholi:3
टंकण	tankan:3
टंकार	tankar:2	tankaar:1
टंकियों	tankiyon:3
टंकी	tanki:3
टंग	tang:3
टंगी	tangi:3
टंडन	tandon:2	tandan:1
टंबलर	tanbalar:1	tanbaler:1	tumbler:1
टकरा	takra:2	takara:1
टकराई	takraai:2	takarae:1
टकराए	takrae:2	takraaye:1
टकराता	takarata:1	takraata:1	takrata:1
टकराती	takrati:2	takraati:1
टकराने	takrane:2	takarane:1	takraane:1
टकराया	takraya:2	takaraya:1	takraayaa:1
टकराव	takraav:2	takarav:1
टकरावों	takravon:2	takaraon:1
टकसाल	taksaal:2	taksal:2
टकाओ	takao:2	takaao:1
टके	take:3	takke:1
टक्कर	takkar:6
टखने	takhne:2	takhane:1
टच	touch:3
टचपैड	touchpad:2	touchped:1
टचिंग	touching:3
टटोलते	tatolate:2	tatlote:1
टट्टी	tatti:3
टन	tan:3	ton:2
टनल	tunnel:2	tounal:1
टपकती	tapakti:2	tapkati:1
टपरी	tapri:2	tapari:1
टप्पल	tappal:2	tupple:1
टफी	taffi:1	taphi:1	tuffy:1
टब	tab:2	tub:1
टमाटर	tamatar:2	tamater:2	tamaatar:1
टम्टा	tamta:3	tamtaa:1
टरबाइन	tarbain:1	tarbaine:1	turbine:1
टर्की	turkey:3
टर्न	turn:3
टर्नओवर	turnover:5
टर्नर	turner:3
टर्बाइन	turbine:2	turabian:1
टर्बो	turbo:2	turabo:1
टर्मिनल	terminal:3
टर्मिनलों	terminalo:1	terminalon:1	terminals:1
टर्मिनस	terminus:3
टर्मिनेटर	terminator:2	termineter:1
टर्मिनेशन	termination:3
टला	tala:3
टली	tali:3
टशन	tashan:2	tasan:1
टहनियों	tahaniyon:2	tahniyon:1
टहल	tahal:3
टहलना	tahalana:3
टहलने	tahalane:1	tahalne:1	tahlane:1
टहला	tahala:3
टांक	tank:3
टांका	tanka:2	taanka:1	tanki:1
टांकी	tanki:3
टांग	tang:3	taang:1
टांगने	tangane:2	taangne:1	tangne:1
टांगे	tange:3	taange:1
टांगें	tange:2	taange:1	tangen:1
टांगों	tangon:2	tango:1
टांटन	tantan:3
टाइ	tai:2	tie:1
टाइगर	tiger:3
टाइगर्स	tigers:3
टाइटन	titan:2	tighten:1	titen:1
टाइटल	title:3
टाइटल्स	titles:3
टाइटिल	title:3
टाइटेनियम	titanium:2	titenium:1
टाइप	type:3
टाइपराइटर	typewriter:6
टाइपिंग	typing:3
टाइफाइड	typhoid:4
टाइफून	typhoon:2	tifun:1
टाइम	time:3
टाइमकीपर	timekeeper:3
टाइमर	timer:3
टाइमलाइन	timeline:3
टाइमिंग	timing:3
टाइम्स	times:3
टाइल	tile:2	tail:1
टाइलर	tailar:1	tiler:1	tyler:1
टाइलों	tailon:1	tilo:1	tilon:1
टाइल्स	tiles:2	tails:1
टाई	tie:2	tai:1
टाईब्रेकर	tiebreaker:2	taibrekar:1
टाईम	time:3
टाईम्स	times:3
टाउन	town:3
टाऊ	tau:2	taoo:1
टाऊन	town:3
टाक	talk:2	taak:1	tak:1
टाका	taka:3
टाकिया	takia:2	takiya:1
टाटा	tata:3
टाट्रा	tatra:3	taatra:1
टाडा	tada:3
टापुओं	tapuon:2	tapoowo:1	tapuwo:1
टापू	tapu:2	tapoo:1
टामस	tamas:2	toms:1
टाय	tay:1	tie:1	toy:1
टायर	tyre:3
टायर्ड	tied:1	tired:1	tyred:1
टायलर	tayalar:1	taylor:1	tyler:1
टायलेट	toilet:2	tylet:1
टायसन	tyson:2	taisan:1
टार्गेट	target:3
टार्च	tarch:2	torch:1
टाल	taal:2	tall:1
टालता	talta:2	taalata:1	taalta:1	talna:1
टालमटोल	talmatol:3	taalmatol:1	talmtol:1
टाला	tala:3	taalaa:1
टाले	tale:2	taaley:1	taley:1
टावर	tower:3
टावरों	toweron:2	towero:1
टास्क	task:6
टास्किंग	tasking:3
टिंटो	tinto:3
टिक	tik:3
टिकट	ticket:3
टिकटिंग	ticketing:1	tickting:1	tikting:1
टिकटों	ticketon:1	tickto:1	tikaton:1
टिकता	tikata:2	tikta:1	tiktaa:1
टिकर	tikar:2	ticker:1
टिकरी	tikri:2	tikari:1
टिकल	tikal:2	tickle:1
टिका	tika:3
टिकाउ	tikau:3	tikaoo:1
टिकाऊ	tikauu:2	tikau:1
टिकिया	tikiya:2	tickiya:1
टिकी	tiki:2	teeki:1
टिक्की	tikki:3
टिटेनस	tetanus:2	titnes:1
टिड्डी	tiddi:3
टिन	tin:2	teen:1
टिनटिन	tintin:2	teenteen:1
टिप	tip:2	teap:1
टिप्पणियाँ	tippanian:1	tippaniyan:1	tippniya:1
टिप्पणियों	tippaniyon:2	tippanion:1
टिप्पणीकार	tippanikar:2	tippnikar:1
टिप्स	tips:6
टिब्बी	tibbi:3	tibby:1
टिम	tim:3
टिमटिमाते	timtimate:2	timtimaate:1
टिमोथी	timothi:3
टियर	tear:3	tier:1
टिलेज	tileage:1	tilej:1	tillage:1
टिवोली	tivoli:3	tivolee:1
टिशूज	tissues:2	teashoes:1
टिस्का	tiska:2	tisca:1
टिहरी	tehri:3	tihari:1
टि्वटर	twitter:3
टीई	te:1	teae:1	tie:1
टीक	tik:2	tk:1
टीकम	tikam:3
टीकमगढ़	tikamgarh:3	teekamgarh:1
टीकरी	tikari:2	teekree:1	teekri:1	tikri:1
टीका	tika:3	teeka:1
टीकाकरण	teekakarad:1	teekakarn:1	tikakarad:1	tikakaran:1
टीकाकार	tikakar:3	teekakaar:1	teekakar:1
टीकाकारों	tikakaron:2	teekakaro:1	tikakaro:1
टीकू	tiku:3	teekoo:1	teeku:1	tikoo:1
टीके	tike:2	teeke:1	tk:1
टीकेडीएल	tkdl:3
टीकों	tikon:3	teekon:1
टीच	teach:3
टीचर्स	teachers:3
टीटी	tt:3
टीडीएस	tds:3
टीन	teen:2	tin:1
टीना	tina:3	teena:1
टीप	teep:2	tip:2
टीपू	tipu:3	teepu:1
टीबी	tb:3
टीम	team:3
टीमें	teamen:2	teamein:1
टीमों	teamon:2	teamo:1
टीला	tila:3	teela:1
टीले	tile:2	teale:1	teele:1	teeley:1
टीलें	tile:1	tilein:1	tiley:1
टीलों	tilon:2	teelon:1	tillon:1
टीवी	tv:3
टीवीएस	tvs:3
टीवीसी	tvc:6
टीशर्ट	tshirt:3
टीसीएस	tcs:3
टीसीपी	tcp:3
टु	two:3
टुकटुक	tuktuk:3	tooktook:1
टुकड़ा	tukda:3	tukra:2	tookda:1
टुकड़ियों	tookdiyo:1	tukadiyon:1	tukdiyo:1	tukdiyon:1
टुकड़ी	tukdi:3	tookdi:1	tukri:1
टुकड़े	tukde:2	tukade:1	tukre:1
टुकड़ों	tukadon:2	tukdon:1	tukron:1
टुडू	tudu:2	todo:1	tudoo:1
टुडे	today:3
टुब्रो	toubro:1	tubro:1	turbo:1
टुवर्ड्स	towards:2	toowords:1
टू	to:3	two:2	tu:1
टूक	tuk:2	took:1
टूगेदर	together:3
टूट	tut:2	toot:1
टूटना	tutana:2	tutna:1
टूटा	tuta:3
टूटी	tuti:3
टूटे	tute:3
टूटेगा	tutega:3
टूथपिक	toothpick:3
टूना	tuna:3
टूर	tour:3
टूरिस्ट	tourist:2	turist:1
टूर्नामेंट	tournament:3
टूल	tool:3
टूलबार	toolbar:3
टेंडन	tendon:2	tendan:1
टेंडर	temder:2	tender:2	tendor:1
टेंपो	tempo:2	tampo:1
टेंशन	tension:3
टेक	take:3	tech:1
टेकने	tekne:2	tekane:1
टेकल	tekal:3
टेका	teka:3
टेकारी	tekari:3
टेकेन	teken:3
टेक्टोनिक	tectonic:2	techtonic:1
टेक्निकल	technical:3
टेक्नीक्स	technics:2	techniques:1
टेक्नोलॉजिकल	technological:3
टेक्नोलॉजी	technology:3
टेक्सटाइल्स	textiles:3
टेक्सस	texas:3
टेक्स्ट	text:3
टेट्रा	tetra:3
टेड	ted:3
टेडी	redi:1	teddy:1	tedi:1
टेढ़ी	tedhi:3
टेन	ten:3
टेनिस	tennis:2	tenis:1
टेनेसी	tennessee:2	tenesi:1
टेप	tape:3
टेपों	tepon:2	tapon:1
टेप्स	tapes:2	teps:1
टेब	tab:3
टेबल	table:3
टेबलें	tablen:2	tablein:1
टेरर	terror:3
टेररिस्ट	terrorist:3	terrist:1
टेरा	tera:3
टेराकोटा	terakota:1	teratoka:1	terracota:1	terracotta:1
टेराबाइट	terabyte:3
टेरियर	terrier:3
टेरी	teri:2	terry:1
टेरेंस	terence:3	terrence:1
टेरेसा	teresa:4
टेल	tail:2	tale:2	tel:1	tell:1
टेलर	tailor:2	taylor:1
टेलिफोन	telephone:3
टेलिविजन	television:3
टेलिविज़न	television:3
टेलीकम्युनिकेशन	telecommunication:3
टेलीग्राफ	telegraph:3
टेलीनॉर	telenor:3
टेलीफोन	telephone:3
टेलीविजन	telivision:2	television:3
टेलीसर्विसेज	teleservices:3
टेल्स	tales:1	tells:1	tels:1
टेस्ट	test:3	taste:1
टेस्टामेंट	testament:3
टेस्टिंग	testing:6	tasting:1
टेस्टों	teston:2	testo:1
टेस्टोस्टेरॉन	testosterone:2	testosteron:1
टैंक	taink:2	tank:6
टैंकर	tankar:2	tanker:2	tainkar:1	tynker:1
टैंको	tainko:1	tanko:1	tankon:1
टैंकों	tankon:2	tainkon:1
टैंगो	tango:2	taingo:1
टैको	teko:2	taiko:1
टैक्स	tax:6
टैक्सियां	taxiya:1	taxiyan:1	texian:1
टैक्सियों	taxion:1	taxiyon:1	texion:1
टैक्सी	taxi:6
टैक्सीवे	taxiway:2	taxive:1
टैग	tag:5	taig:1
टैगिंग	taiging:1	techgig:1	tegging:1
टैगोर	tagore:2	taugor:1
टैग्स	tages:1	tags:1	taugs:1
टैटू	tatoo:3	tattoo:2	tetoo:1
टैनिन	tainin:2	tenin:1
टैनिस	tennis:2	tanish:1
टैपिंग	tapping:1	topping:1	typing:1
टैब	tab:3
टैबलेट	tablet:6
टैबू	taboo:1	taiboo:1	taobao:1
टैरो	tairo:1	tero:1	terro:1
टॉक	talk:3	tok:1
टॉकी	talkie:2	toki:1
टॉकीज	talkies:4
टॉक्सिक	toxic:3	toxikc:1
टॉड	tod:2	todd:1
टॉनिक	tonic:3
टॉन्सिल	tonsil:2	toncile:1
टॉप	top:7
टॉपलेस	topless:4
टॉम	tom:3
टॉमी	tommy:2	tomy:1
टॉय	toy:3
टॉरेंट	torrent:3
टॉरेस	tores:3	torrace:1
टॉर्च	torch:6	tourch:1
टॉल	tall:1	tol:1	toll:1
टॉलरेंस	tolerance:3
टॉवर	tower:3
टॉस	toss:3
टोंक	tonk:3
टोंग	tong:3
टोंगा	tonga:3
टोकन	token:3
टोकरियों	tokariyon:2	tokriyon:1
टोकरी	tokri:2	tokari:1
टोका	toka:4
टोक्यो	tokyo:3
टोटका	totka:2	totaka:1
टोटके	totke:4	totake:3
टोटकों	totkon:2	totakon:1
टोटेनहैम	tottenham:3
टोडरमल	todarmal:3
टोन	tone:3
टोनर	toner:3
टोनी	tony:3	toni:1
टोपी	topi:3
टोपे	tope:3
टोबेको	tobacco:3
टोबेगो	tobego:2	tobacco:1
टोयोटा	toyota:3
टोरंटो	torento:1	toronto:1	torrento:1
टोरेंटो	torento:1	torrento:1	torrenton:1
टोल	toll:3
टोलियों	toliyon:3
टोली	toli:5	tolee:1	toly:1
टोलो	tolo:3
टोस्ट	toast:2	tost:1
ट्यूजडे	tuesday:3
ट्यूटोरियल	tutorial:3
ट्यूडर	tuder:1	tudor:1	tydar:1
ट्यून	tune:2	tyun:1
ट्यूनर	tuner:2	ttunar:1
ट्यूनिंग	tuning:3
ट्यूनीशिया	tunicea:1	tunishia:1	tyunishiya:1
ट्यूब	tyub:2	tube:3
ट्यूबरक्यूलोसिस	tuberculosis:2	tuberkyulosis:1
ट्यूमर	tumor:3
ट्यूरिंग	touring:1	turing:1	tyuring:1
ट्रंप	trump:2	tramp:1
ट्रक	truck:5
ट्रकों	truckon:2	trucko:1
ट्रबल	trouble:3
ट्रस्ट	trust:3
ट्रस्टी	trusty:2	trusti:1
ट्रस्टीज	trustij:2	trusties:1
ट्रस्टों	truston:3	trustaun:1
ट्रांजिट	trangit:1	tranjit:1	transit:1
ट्रांजिस्टर	trangistor:1	tranjister:1	transistor:1
ट्रांजैक्शन	trangaction:1	tranjuction:1	transaction:1
ट्रांस	trans:3
ट्रांसअटलांटिक	transatlantic:2	transatlantik:1
ट्रांसपेरेंसी	transparency:2	transperensi:1
ट्रांसपोंडर	transponder:2	transpondar:1
ट्रांसपोर्ट	transport:3
ट्रांसपोर्टेशन	transportation:2	transformation:1
ट्रांसफर	transfer:3
ट्रांसफॉर्म	transform:3
ट्रांसफॉर्मर	transformer:3
ट्रांसमिशन	transmission:3
ट्रांसमीटर	transmeter:1	transmiter:1	transmitter:1
ट्रांसलेट	translate:2	translet:1
ट्रांसवाल	transvaal:1	transval:1	transwall:1
ट्रांसिट	transit:3
ट्रांस्पोर्ट	transport:3
ट्राइटन	triton:2	traitan:1
ट्राइबल	tribal:2	trible:1
ट्रान्सफर	transfer:3
ट्राफी	trophy:2	taufi:1
ट्राम	tram:5
ट्रामा	trama:3
ट्रायल	trial:4
ट्राली	trali:2	trolly:1
ट्रिगर	trigger:3
ट्रिडेंट	trident:3
ट्रिनिटी	trinity:2	triniti:1
ट्रिनिडाड	trinidad:3
ट्रिपल	triple:2	tripal:1
ट्रिब्युनल	tribunal:3
ट्रिब्यूट	tribute:3
ट्रिब्यून	tribune:2	trubyun:1
ट्रिब्यूनल	tribunal:2	trubyunal:1
ट्रिम	trim:3
ट्रिमिंग	trimming:3
ट्रिलियन	trillion:2	triliyan:1
ट्री	tree:3
ट्रुथ	truth:2	tuth:1
ट्रू	true:3	tru:1
ट्रे	tray:3
ट्रेंच	trench:2	tranch:1
ट्रेंट	trant:1	trat:1	trent:1
ट्रेंड	trend:2	trad:1
ट्रेक	track:3
ट्रेकिंग	tracking:3
ट्रेजर	treasure:2	trajar:1
ट्रेजेडी	tragedy:2	trajedi:1
ट्रेड	trade:2	tred:1
ट्रेडमिल	treadmill:2	treadmil:1
ट्रेडर	trader:3
ट्रेडर्स	traders:3
ट्रेडिंग	trading:3
ट्रेडेड	traded:3
ट्रेडों	tradon:2	trendon:1
ट्रेड्स	traders:1	trades:1	triads:1
ट्रेन	train:3
ट्रेनर	trainer:3
ट्रेनिंग	treaning:3	training:3
ट्रेनें	trainen:2	traine:1
ट्रेनों	traino:2	trainon:1
ट्रेप	trap:3
ट्रेबल	trabal:1	trebal:1	trouble:1
ट्रेल	trail:3
ट्रेलर	trailer:2	tailor:1	trailor:1
ट्रेल्स	trails:3
ट्रेवल	travel:2	traval:1
ट्रेस	trac:1	trace:1	trase:1
ट्रैक	track:2	taker:1	traik:1
ट्रैकर्स	trackers:1	trainkarse:1	trakrs:1
ट्रैकिंग	tracking:6	traking:1	trekking:1
ट्रैक्टर	tractor:5	tracker:1
ट्रैक्टर्स	tractors:2	tracktors:1
ट्रैक्स	tracks:2	tex:1	traks:1
ट्रैन	train:3
ट्रैनिंग	training:3
ट्रैप	trap:4	traip:2
ट्रैफिक	traffic:5	traiphik:1
ट्रैवर्स	taivers:1	traivars:1	traverse:1
ट्रैवल	travel:5	traival:1
ट्रैवलर	traveler:1	traveller:1	travler:1
ट्रैवलर्स	traveles:1	travellers:1	travelrs:1
ट्रैविस	travis:2	traivis:1
ट्रॉट	trott:2	trot:1
ट्रॉपिकल	tropikal:2	tropical:3
ट्रॉफियों	trofiyon:1	trophyion:1	trophyon:1
ट्रॉफी	trophy:3
ट्रॉय	troy:2	toy:1
ट्रॉली	trolley:2	troli:1	trolly:1
ट्रोजन	trojan:3
ट्विंकल	twinkle:2	twinkel:1
ट्विंस	twins:3
ट्विटर	twitter:3
ट्विन	twin:3
ट्विस्ट	twist:4
ट्विस्टर	twister:3
ट्वीट	tweet:5	twit:1
ट्वेंटी	twenty:3
ठंड	thand:3
ठंडक	thandak:3
ठंडा	thanda:3
ठंडाई	thandai:2	thandayi:1	thandee:1	thandi:1
ठंडी	thandi:3
ठंडे	thande:3	thunde:1	thundey:1
ठकेरिया	thakeriya:2	thakeria:1	thakeriaa:1
ठक्कर	thakkar:2	thakkr:1
ठग	thag:3	thug:1
ठनका	thanka:2	thankaa:1	thnka:1
ठप	thap:2	thup:1
ठप्पा	thappa:3
ठस	thas:3
ठसक	thasak:3
ठहर	thahar:2	thehar:1
ठहरता	thaharata:1	thaharta:1	theharta:1
ठहरते	thaharate:1	thaharte:1	theharte:1
ठहरने	thaharne:1	thahrane:1	theharne:1
ठहरा	thahara:2	thehra:1
ठहराई	thaharai:1	thahrai:1	thehrai:1
ठहराते	thaharate:1	thahrate:1	thehrate:1
ठहराने	thaharane:1	thahrane:1	thehrane:1
ठहराया	thahraya:2	thehraya:1
ठहराव	thahrav:2	thehraav:1
ठहरे	thahare:1	thahre:1	thehre:1
ठाक	thak:2	thaak:1
ठाकरे	thakre:3	thaakre:2	thahare:1
ठाकुर	thakur:4
ठाठ	thaat:1	thaath:1	thath:1
ठाणे	thane:3
ठान	than:2	thaan:1
ठाना	thana:2	thaana:1	thaanaa:1
ठिकाना	thikana:3
ठिकाने	thikane:3
ठिकानों	thikanon:2	thikano:1
ठिठोली	thitholi:3	ththoli:1
ठीक	thik:15	theek:2	thick:1
ठुकरा	thakura:1	thukara:1	thukra:1
ठुकराए	thukrae:2	thukraye:2
ठुकराकर	thukrakar:3	thukraakar:1
ठुमरी	thumri:2	thumari:1
ठुल्ला	thulla:3
ठूंठ	thoonth:1	thunth:1	thuunth:1
ठेंगा	thenga:2	theinga:1	thengaa:1
ठेका	theka:3	thekka:1
ठेकुआ	thekua:2	thekuaa:1	thekuwa:1
ठेके	theke:3
ठेकेदार	thekedar:2	thekedaar:1
ठेकेदारों	thekedaron:2	thekedaaron:1
ठेठ	theth:2	thet:1
ठेल	thel:3
ठेले	thele:3
ठेस	thes:3
ठोकर	thokar:3	thokr:1
ठोकरों	thokron:2	thokaron:1
ठोका	thoka:3
ठोस	thos:4
ड	d:3
डंक	dunk:2	dank:1
डंकन	duncan:2	dankan:1
डंका	danka:3
डंठल	danthal:3
डंडा	danda:6
डंडी	dandi:3
डंडे	dande:6
डंपिंग	dumping:3
डक	duck:2	dak:1
डकवर्थ	duckworth:3
डकैत	dacait:1	dakait:1	dkait:1
डकैतियों	dakaitiyon:1	dakautiyon:1	dkaitiyan:1
डकैती	dakaiti:2	dakauti:1
डकोटा	dakota:3
डक्ट	dakt:2	duct:1
डगमगाते	dagmagate:3
डगमगाने	dagmagane:3
डगमगाया	dagmagaya:3
डगर	dagar:3
डगलस	daglas:2	douglas:1
डच	dutch:4	douch:1	duch:1
डचों	dachon:1	duchon:1	dutchon:1
डटे	date:2	daten:1
डन	done:3
डनबर	danbar:1	danber:1	dunbar:1
डफ	daf:1	daph:1	duff:1
डब	dab:2	dub:1
डबरा	dabara:2	dabra:1
डबराल	dabral:2	dabaral:1
डबल	double:6
डबलिन	dublin:3
डबल्यू	w:3
डबल्स	doubles:3
डबिंग	dubbing:6
डबोक	dabok:3
डब्बू	dabbu:3
डभरा	dabhara:2	dabhra:1
डभोई	dabhoi:3
डम	dum:2	dam:1
डमरू	damru:2	damaru:1
डर	dar:3	darr:3
डरता	darta:3
डरते	darte:2	darate:1
डरने	darne:3
डरहम	darhum:2	darrhum:1
डराओ	darao:2	daraao:1
डराते	darate:3	daratey:1
डरावनी	dravani:2	daravani:1	darawani:1
डरेंगे	darenge:3
डर्ट	dirt:2	dart:1
डर्टी	dirty:3
डर्बी	darbi:2	darbee:1	durbi:1
डलने	dalne:2	dalney:1
डव	dove:3
डस	das:3	dus:1
डसने	dasane:1	dasne:1	dasney:1
डांग	dang:3
डांटता	daanta:1	danta:1	dantata:1	dantta:1
डांटते	dantate:2	dantey:1
डांडिया	dandiya:2	daandiya:1
डांवाडोल	danavadol:1	danvadol:1	dawandol:1
डांस	dance:6
डांसर	dancer:2	danser:1
डांसर्स	dancers:2	dansers:1
डांसिंग	dancing:2	dansing:1
डाइऑक्साइड	dioxide:3
डाइक	dike:2	diek:1
डाइजेशन	digestion:3
डाइनिंग	dining:3
डाइबिटीज	diabetes:3
डाइमेंशन	dimension:3
डाइविंग	diving:2	diveing:1
डाई	dye:2	die:1
डाउ	dow:2	dou:1
डाउंस	downs:2	downce:1
डाउट	doubt:2	dought:1
डाउन	down:3
डाउनलोड	download:9
डाउनलोडिंग	downloading:5	downloding:1
डाक	daak:2	dak:2
डाकघर	dakghar:3
डाकघरों	dakgharon:2	dakgharo:1
डाका	daka:3
डाकिया	dakiya:3
डाकुओं	dakuon:3
डाकू	daaku:3	daku:3
डाक्यूमेंट्री	documentary:3
डागर	dagar:3
डाटा	data:3
डाटाबेस	database:6
डान	dan:2	don:1
डाबर	dabar:2	dabur:1
डाबी	dabi:3
डाबोलिम	dabolim:3
डाम	dam:3
डामोर	damor:3
डायऑक्साइड	dioxide:2	dyeoxide:1
डायग्नोसिस	diagnosis:3
डायग्नोस्टिक	diagnostic:3
डायट	diet:3
डायन	dayan:2	dyne:1
डायना	diana:2	dyna:1
डायनासोर	dinosaur:4
डायनासोरों	daynasoron:1	dinosauron:1	dynasoro:1	dynasoron:1
डायनेमिक्स	dynamics:2	dynamix:1
डायनेमो	dynamo:3
डायमंड	diamond:3
डायर	dayar:1	dire:1	dyer:1
डायरियां	diariyan:2	dayriyaan:1	diarian:1
डायरियों	dayriyon:1	diarion:1	diariyon:1
डायरी	dairy:2	diary:3
डायरीज	diaries:3
डायरेक्ट	direct:3
डायरेक्टर	director:2	direct:1
डायरेक्टरी	directory:3
डायरेक्टर्स	directors:2	directores:1
डायरेक्टोरेट	directorate:2	directoret:1
डायरेक्शन	direction:3
डायल	dial:2	dail:1
डायलर	dialer:2	dilar:1
डायलिसिस	dialisis:1	dialysis:1	dilisis:1
डायलॉग्स	dialogues:2	dialogs:1
डायोड	diode:3
डार्क	dark:3
डार्विन	darvin:2	darwin:1
डाल	daal:2	dal:2
डालता	dalta:3	daltaa:1
डालती	dalti:2	daalti:1	dalati:1
डालते	daalte:1	dalate:1	dalltey:1	dalte:1
डालना	dalna:2	dalana:1
डालनी	dalni:2	dalani:1
डालने	dalne:2	dalane:1
डालमिया	dalmiya:2	daalmiyan:1	dalmia:1
डाला	dala:3
डाली	daali:4	dali:4
डाले	dale:4	daale:2
डालें	dalen:3	dale:1
डालेंगे	dalenge:3	daalenge:1
डाल्टन	dalton:3
डाल्टनगंज	daltonganj:2	daltanganjh:1	daltemganj:1
डावर	dabar:1	dabur:1	daver:1	dover:1
डिएगो	dega:1	diaego:1	diago:1
डिक	dick:2	dik:1
डिकेंस	decance:1	dickens:1	dikens:1
डिकेन	decaine:1	dicken:1	diken:1
डिकोड	decode:2	dicod:1
डिक्लेयर	declare:3
डिक्लेरेशन	declaration:3
डिगे	dige:3
डिग्गी	diggi:3	diggyi:1
डिग्री	degree:3
डिज़्नी	disney:3
डिज़्नीलैंड	disneyland:3
डिजाइन	design:6
डिजाइनर	designer:3
डिजाइनरों	designeron:2	designaron:1
डिजाइनर्स	designers:3
डिजाइनिंग	designing:3
डिजाइनों	designon:2	designo:1
डिजास्टर	disaster:3
डिजिटल	digital:3
डिजिटलीकरण	digitalikaran:2	dijitalikaran:1
डिजिलॉकर	digilocker:2	digilockar:1
डिट	dit:3
डिटर्जेंट	detergent:3
डिटेक्टर	detector:3
डिटेक्टर्स	detectors:2	detactors:1
डिटेक्टिव	detective:3
डिटेलिंग	detailing:3
डिड	did:3
डिनर	dinner:3
डिपार्टमेंट	department:3
डिपेंडेंट	dependent:2	dipendent:1
डिपो	depo:2	dipo:1
डिपोजिट	deposit:2	deposite:1
डिप्टी	deputey:1	deputy:1	deshti:1	dipti:1
डिप्थीरिया	diphtheria:2	depthiriya:1
डिप्रेशन	depression:3
डिप्लोमा	diploma:3
डिप्लोमेसी	diplomacy:2	diplomesi:1
डिफरेंट	different:2	difference:1
डिफिकल्ट	difficult:3
डिफेंडर्स	defenders:3
डिफेंस	defence:2	defense:1
डिफेंसिव	defensive:2	defensiv:1
डिफॉल्ट	default:2	difolter:1
डिब्बा	dibba:3
डिब्बे	dibbe:2	dibbey:1
डिब्बों	dibbon:3
डिमैट	demat:3
डियर	dear:3	deer:2
डियो	deo:2	dio:1
डिलीट	delete:3
डिलीवरी	delivery:3
डिले	delay:2	dele:1
डिवाइन	devine:2	divine:1
डिवाइस	device:2	devise:1
डिवाइसेज	devices:2	devises:1
डिविजन	division:2	devision:1
डिविजनों	divisionon:2	deviganon:1
डिश	dish:3
डिसऑर्डर	disorder:3
डिसकस	discuss:3
डिसप्ले	display:3
डिसेंट	decent:2	dsent:1
डिस्क	disk:2	disc:1
डिस्कनेक्ट	disconnect:3
डिस्कवर	discover:3
डिस्कवरी	discovery:3
डिस्कॉम	discom:3
डिस्को	disco:3
डिस्क्रिप्टिव	descriptive:2	discriptive:1
डिस्क्लेमर	disclaimer:3
डिस्टर्ब	disturb:3
डिस्टिंक्शन	distinction:3
डिस्ट्रक्शन	destruction:2	distraction:1
डिस्ट्रिक्ट	district:3
डिस्ट्रिक्ट्स	districts:3
डिस्पैच	dispatch:3
डिस्प्ले	display:3
डिस्लेक्सिया	dyslexia:2	disleksia:1
डी	d:3
डीआईएचएआर	dihar:3
डीआरएम	drm:3
डीआरएस	drs:3
डीआरडीओ	drdo:3
डीई	de:3
डीईए	dea:3
डीईओ	deo:3
डीएचए	dha:3
डीएन	dn:3
डीएनए	dna:3
डीएपी	dap:3
डीएम	dm:3
डीएमई	dme:3
डीएमके	dmk:3
डीएमसी	dmc:3
डीएवी	dav:3
डीएस	ds:3
डीएसपी	dsp:3
डीके	dk:3
डीग	dig:2	deeg:1
डीगो	digo:2	dego:1
डीजल	diesel:6
डीज़ल	diesel:3
डीजिटल	digital:3
डीजे	dj:6
डीटीएच	dth:3
डीटीपी	dtp:3
डीटीसी	dtc:3
डीडब्ल्यू	dw:3
डीडीटी	ddt:3
डीडीडी	ddd:2	dididi:1
डीन	deen:2	dean:1
डीनो	deeno:2	dino:1
डीप	deep:3
डीपीआई	dpi:3
डीपीएस	dps:3
डीबीएस	dbs:3
डीम्ड	deemed:2	deems:1
डीरैम	deram:1	diram:1	dram:1
डील	deal:3
डीलक्स	deluxe:3
डीलर	dealer:3
डीलरशिप	dealership:3
डीवीडी	dvd:3
डीवीसी	dvc:3
डीसी	dc:6
डीसीडब्ल्यू	dcw:2	dcwu:1
डीसीपी	dcp:3
डु	do:3
डुएट	duet:3
डुएल	dual:2	duel:1
डुग्गर	duggar:3
डुप्लीकेट	duplicate:3
डुब	dub:3	doob:1
डुबकी	dubki:3	dubaki:1
डुबाना	dubana:3	dubaana:1
डुबो	dubo:3
डुबोना	dubona:3
डुबोने	dubone:3
डुमरा	dumra:3
डुमिनी	dumini:3
डुलने	dulne:3
डूंगरपुर	dungarpur:4	doonarpur:1	doongarpur:1	dungerpur:1
डूइंग	doing:3
डूडी	doodi:2	dudi:1
डूब	doob:3
डूबकर	doobkar:2	dubkar:1
डूबना	dubana:2	dubna:1
डूबने	dubne:2	dubane:1
डूबा	duba:3
डूबी	dubi:3
डूबे	dube:2	dubey:1
डूबो	dubo:3
डूम	doom:2	dum:1
डूम्सडे	doomsday:2	dumsde:1
डूरंड	durand:3
डे	de:3	day:3
डेंगू	dangu:1	dengu:1	dengue:1
डेंच	dench:2	danch:1
डेंजरस	dangerous:6
डेंट	dent:3
डेंटल	dental:3
डेक	deck:2	dake:1	dek:1
डेक्कन	deccan:2	dekkan:1
डेक्सटॉप	desktop:2	dekstop:1
डेज	days:2	daze:1	dej:1
डेजर्ट	desert:2	dessert:2
डेजी	daisy:2	dazy:1	deji:1
डेट	data:1	date:1	debt:1
डेटा	deta:3	data:3
डेटाबेस	database:3
डेटिंग	dating:3
डेटोनेटर	detonator:2	detonetar:1
डेट्रायट	detroit:2	detrayat:1
डेट्स	dates:3
डेढ़	dedh:3
डेथ	death:3
डेथली	deathly:3
डेन	den:3
डेनमार्क	denmark:3
डेनवर	denver:3
डेनियल	danial:1	daniel:1	denial:1
डेनिश	danish:2	denish:1
डेनिस	denice:1	denis:1	dennis:1
डेनी	danny:2	denny:1
डेप्युटी	deputy:3
डेप्यूटी	deputy:3
डेफ	deaf:2	def:1
डेफिनेशन	defination:2	definition:1
डेबरा	debara:3
डेबिट	debit:3
डेब्यू	debut:2	debu:1
डेमाक्रेटिक	democratic:3
डेमो	demo:3
डेमोक्रेटिक	democratic:3
डेमोक्रेसी	democracy:2	democrasy:1
डेमोन	demon:3
डेयर	dare:3
डेयरडेविल्स	daredevils:3
डेरा	dera:6
डेरापुर	derapur:3
डेरिक	derik:2	derick:1
डेरियस	darius:2	darias:1
डेरे	dere:2	deray:1
डेरेन	darren:1	deren:1	derren:1
डेल	dell:2	del:1
डेलावेयर	delaware:2	delawear:1
डेलिया	dahlia:1	delia:1	deliya:1
डेलिवरी	delivery:3
डेली	daily:2	deli:1
डेल्टा	delta:3
डेल्ही	delhi:3
डेव	dev:2	dave:1
डेवनपोर्ट	devenport:2	davenport:1
डेवलपमेंट	development:3
डेवलपर	developer:3
डेवलपर्स	developers:3
डेवलप्मेंट	development:3
डेविड	david:2	devid:1
डेविडसन	devidson:2	davidson:1
डेविल	devil:3
डेविल्स	devils:3
डेविस	davis:3
डेवी	devi:2	davey:1	dewey:1
डेसमंड	desmond:3
डेसिमल	decimal:3
डेस्क	desk:3
डेस्टिनेशन	destination:3
डैंग	dang:2	daing:1
डैटसन	datsun:2	datson:1
डैड	dad:3
डैडी	daddy:3
डैन	dan:3
डैनिएला	daniela:3
डैनियल	daniel:3
डैनी	danny:3
डैम	dam:6	daim:1
डैरेन	dairen:1	daren:1	darren:1
डैरेल	dairel:1	darrel:1	darrell:1
डैवी	daivi:2	davy:1
डैशबोर्ड	dashboard:2	daishboard:1
डॉक	dock:2	dok:1
डॉक्टर	doctor:6
डॉक्टरी	doctori:3
डॉक्टरेट	doctorate:2	doctret:1
डॉक्टरों	doctoron:4
डॉक्ट्रिन	doctrin:2	doctrine:1
डॉक्युमेंट	document:3
डॉक्युमेंट्री	documentary:2	documentry:1
डॉग	dog:3
डॉट	dot:3
डॉटर्स	daughters:3
डॉन	don:6
डॉनर	dawner:1	doner:1	donor:1
डॉनी	donnie:1	donny:1	dony:1
डॉमिनिक	dominic:3
डॉयल	dial:2	doyle:1
डॉर्क	dark:2	dork:1
डॉल	doll:3
डॉलर	dollar:3
डॉलर्स	dollars:3
डॉली	dolly:3
डॉल्फिन	dolphin:3
डॉल्फिनों	dolphinon:2	dolphino:1
डॉव	dov:1	dove:1	dow:1
डोंट	dont:3
डोकोमो	docomo:3
डोगरा	dogra:3
डोगरी	dogri:3
डोगा	doga:3
डोज	dose:3
डोजर	dodger:2	doser:1
डोटी	doti:3
डोडा	doda:3
डोन	don:3
डोनट्स	danats:1	donuts:1	doughnuts:1
डोनाल्ड	donald:3
डोने	done:3
डोनोवैन	donovan:2	donpovain:1
डोबरियाल	dobriyal:2	dobariyal:1
डोभाल	dobhal:3
डोम	dom:2	dome:1
डोमिनिक	dominic:2	dominik:1
डोमिनिका	dominika:2	dominica:1
डोमिनेशन	domination:3
डोमिनो	domino:3
डोमेन	domen:2	domain:1
डोमेनिक	domenic:3
डोमेनिका	domenica:2	dominika:1
डोर	door:3
डोरंडा	doranda:3
डोरा	dora:3
डोरिया	doria:2	doriya:1
डोरी	dori:3
डोरेमॉन	doraemon:2	doremon:1
डोरोथी	dorothy:2	dorothi:1
डोरोन	doron:3
डोर्स	doors:2	dores:1
डोल	dol:1	dole:1	doll:1
डोलने	dolne:2	dolane:1
डोला	dola:3
डोली	doli:3
डोले	dole:5	doley:1
डोलोमाइट	dolomite:3
डोस	dos:2	dose:1
डोसा	dosa:3
ड्युअल	dual:3
ड्यूक	duke:2	duak:1
ड्यूटी	duty:3
ड्यूटीरियम	duetirium:1	dutiriyam:1	dutyriyam:1
ड्रंक	drunk:3
ड्रग	drug:5	grug:1
ड्रग्स	drugs:3
ड्रम	drum:3
ड्रमंड	drmand:1	drumand:1	drummand:1
ड्रमर	dramar:1	drammer:1	drummer:1
ड्राइव	drive:3
ड्राइवरों	driveron:2	drivaron:1
ड्राइवर्स	drivers:3
ड्राइविंग	driving:3
ड्राई	dry:2	drai:1
ड्राफ्ट	draft:3
ड्राफ्ट्समैन	draftsman:2	draftsmen:1
ड्रामा	drama:3
ड्रामे	drame:2	dramen:1
ड्रिंकिंग	drinking:3
ड्रिफ्ट	drift:3
ड्रिबल	dribble:2	drible:1
ड्रिल	drill:3
ड्रिलिंग	drilling:3
ड्रीम	dream:3
ड्रीमगर्ल	dreamgirl:3
ड्रीम्स	dreams:3
ड्रेक	drake:2	drek:1
ड्रेजर	drager:1	dredger:1	dreijer:1
ड्रेजिंग	draging:1	dredging:1	dregding:1
ड्रेनेज	drainage:2	dranage:1
ड्रेस	dress:3
ड्रेसडेन	dressden:3
ड्रेसिंग	dressing:3
ड्रेस्ड	dressed:3
ड्रैकुला	dracula:3
ड्रैग	drag:3
ड्रैगन	dragon:3
ड्रॉ	draw:3
ड्रॉप	drop:3
ड्रॉपबॉक्स	dropbox:3
ड्रोन	drone:2	dron:1
ड्वार्फ	dwarf:3
ढंग	dhang:5
ढक	dhak:3
ढकता	dhakta:3	dhaktaa:1
ढकते	dhakte:2	dhakate:1
ढकना	dhakna:2	dhakana:1
ढकने	dhakne:2	dhakane:1
ढका	dhaka:2	dhakaa:1	dhka:1
ढकाल	dhakaal:1	dhakal:1	dhakkal:1	dhkal:1
ढकी	dhaki:3
ढके	dhake:3
ढकेल	dhakel:3
ढकेलता	dhakelta:2	dhakelata:1
ढकेला	dhakela:3	dhakelaa:1
ढक्कन	dhakkan:3
ढर्रे	dharre:3
ढल	dhal:3
ढलती	dhalti:2	dhalati:1
ढलते	dhalte:2	dhakate:1
ढलाई	dhalae:1	dhalai:1	dhlai:1
ढलान	dhalan:2	dhlaan:1
ढलानों	dhalano:1	dhalanon:1	dhlanon:1
ढले	dhale:3
ढह	dhah:3
ढांचा	dhancha:2	dhaanch:1
ढांचागत	dhaanchagt:1	dhanchagat:1	dhanchgat:1
ढांचे	dhanche:2	dhaanche:1
ढांचों	dhanchon:2	dhaanchon:1
ढाई	dhai:3
ढाक	dhak:3	dhaak:1
ढाका	dhaka:3
ढाकेश्वरी	dhakeshwari:3
ढाणियों	dhaniyon:2	dhaaniyon:1
ढाणी	dhani:2	dhaani:1
ढाते	dhate:2	dhaate:1
ढाबा	dhaba:3
ढाबे	dhabe:3
ढाल	dhaal:2	dhal:1
ढालना	dhalana:2	dhalna:2
ढालने	dhalane:2	dhaalne:1	dhalne:1
ढाला	dhala:3
ढाली	dhali:2	dhaali:1
ढालें	dhalen:3
ढालों	dhalon:3	dhaalon:1
ढिकाला	dhikala:3
ढीठ	dheeth:2	dhith:1
ढीला	dhila:2	dheela:1	dhilaa:1
ढीलापन	dhilapan:2	dheelapan:1
ढीली	dhili:2	dheeli:1
ढीले	dhile:2	dheele:1
ढुलमुल	dhulmul:3
ढूंढ	dhoondh:5	dhundh:3
ढूंढता	dhoondhata:1	dhundhata:1	dhundhta:1
ढूंढते	dhundhate:2	dhoondhate:1	dhoondhnte:1	dhoondhte:1
ढूंढना	dhoondhna:3	dhundhana:2	dhundhna:1
ढूंढने	dhundhne:2	dhoondhne:2	dhundhane:2	dhoondhane:1
ढूंढा	dhoondha:3	dhundha:3
ढूंढी	dhundhi:2	dhoondhi:1
ढूंढे	dhundhe:2	dhoondhe:1
ढूंढें	dhoondhen:3	dhundhen:3
ढेर	dher:3
ढेरों	dheron:3
ढेले	dhele:3
ढोंग	dhong:3
ढोकला	dhokala:2	dhokla:1
ढोता	dhota:3
ढोना	dhona:3
ढोने	dhone:3
ढोल	dhol:3
ढोलक	dholak:3
ढोला	dhola:3
तंग	tang:6
तंजानिया	tanzania:2	tanjaniya:1
तंजावुर	tanjavur:2	thanjavur:1
तंजावूर	tanjavoor:1	tanjavur:1	thanjavur:1
तंतु	tantu:3
तंतुओं	tantuon:3
तंत्र	tantra:3	tantr:1
तंत्रिका	tantrika:3
तंत्रिकाएं	tantrikaae:1	tantrikaen:1	tantrikayen:1
तंत्रिकाओं	tantrikaon:2	tantrikao:1
तंत्रिकीय	tantrikeeya:1	tantrikiy:1	tantriy:1
तंत्रों	tantro:2	tantron:2
तंदूरी	tandoori:2	tanduri:1
तंबाकू	tambaku:2	tambako:1	tanbakoo:1	tanbaku:1
तंबोली	tamboli:3
तंवर	tanwar:2	tanvar:1
तक	tak:3
तकदीर	takdeer:1	takdir:1	taqdir:1
तकनीक	taknik:3	takneek:1	technic:1
तकनीकियों	takneekiyon:1	taknikiyon:1	technikiyo:1
तकनीकी	takniki:2	techniki:1
तकनीकें	takniken:2	technice:1
तकनीकों	taknikon:2	technicon:1
तकनीशियन	taknishiyan:2	technician:1
तकबीर	takbir:3
तकरीबन	takriban:3
तकली	takli:2	takali:1
तकलीफ	taklif:3
तकलीफें	taklifen:2	takmifen:1
तकसीम	taksim:3
तकिए	takiae:2	takiye:1
तकी	taki:3
तक्षक	takshak:3
तक्षशिला	takshashila:2	takshila:2	takshshila:1
तख्त	takht:3
तख्ता	takhta:3
तख्तापलट	takhtapalat:2	takhtaapalat:1
तख्तियां	takhtiyan:2	takhtiya:1
तख्तियों	takhtiyon:3
तख्तों	takhton:2	takton:1
तगड़ी	tagadi:2	tagdi:1
तगड़े	tagade:2	tagde:1
तजाकिस्तान	tajakistan:1	tajikistan:1	takakistan:1
तजुर्बा	tajurba:3
तजुर्बे	tajurbe:3
तट	tat:3
तटवर्ती	tatvarti:3
तटस्थ	tatsth:2	tatasth:1
तटस्थता	tatasthta:1	tatsthata:1	tatsthataa:1
तटीय	tatiy:2	tatiya:1
तटों	taton:3
तड़प	tadap:3
तड़पता	tadapata:2	tadapta:1
तड़ागी	tadagi:3	tadaagi:1
तड़ीपार	tadipaar:2	tadipar:2
तता	tataa:3
तत्काल	tatkal:2	tatkaal:1
तत्कालीन	tatkalin:5	tatkaalin:1	tattakalin:1
तत्तापानी	tattapani:2	tatapani:1
तत्त्व	tatva:3	tatv:2	tattva:1
तत्त्वों	tattvon:2	tatvon:1
तत्पर	tatpar:3
तत्परता	tatparta:2	tatparata:1	tatparataa:1
तत्पश्चात	tatpashchat:2	tatpachat:1
तत्व	tatva:7	tatv:6
तत्वज्ञान	tatvgyan:3	tatvghyan:1
तत्वाधान	tatvadhan:3
तत्वावधान	tatvaavadhan:1	tatvavadhan:1	tatvavdhan:1
तत्वों	tatvon:3
तत्संबंधी	tatsambandhi:1	tatsanbandhee:1	tatsanbandhi:1	tatvisambhandhi:1
तथा	tatha:3
तथाकथित	tathakathit:2	tathakthit:2
तथागत	tathagat:3
तथापि	tathapi:3
तथ्य	tathya:2	tathy:2
तथ्यगत	tathygat:2	tathyagat:1
तथ्यों	tathyon:3
तदनुसार	tadanusara:1	tadnusaar:1	tadnusar:1
तदोपरांत	tadoprant:2	tadoparant:1	tadoparanta:1
तद्भव	tadbhav:2	tandrav:1
तन	tan:3
तनय	tanay:3
तनवी	tanvi:3
तनवीर	tanvir:2	tanveer:1
तनसुख	tansukh:3
तना	tana:3
तनातनी	tanatani:6	tanaatanee:1
तनाव	tanav:2	tanaav:1
तनावों	tanavon:2	tanaavon:1
तनिक	tanik:3
तनी	tani:3
तनीशा	tanisha:3
तनु	tanu:3
तनुज	tanuj:3
तनुजा	tanuja:3
तने	tane:3
तनों	tanon:3
तन्ना	tanna:3
तन्मय	tanmay:3
तन्मयता	tanmayata:1	tanmayta:1	tanmyata:1
तप	tap:6
तपन	tapan:3
तपस्या	tapasya:2	tapsya:1
तपस्विनी	tapasvini:1	tapaswini:1	tapsvini:1
तपस्वियों	tapasviyon:2	tapsviyon:1
तपस्वी	tapasvi:2	tapsvi:1
तपाक	tapak:2	tapaak:1
तपेदिक	tapedik:3
तपोवन	tapovan:3
तब	tab:3
तबकों	tabkon:2	tabakon:1
तबला	tabla:2	tabala:1
तबले	tabale:2	table:1
तबस्सुम	tabassum:2	tabssum:1
तबा	taba:3
तबादला	tabadala:2	tabadla:1
तबादले	tabadale:2	tabadle:1
तबाह	tabah:3
तबाही	tabahi:3
तबेले	tabele:3
तब्दील	tabdil:3
तब्दीली	tabdili:3
तब्बू	tabbu:3
तभी	tabhi:3
तम	tam:3
तमंचे	tamanche:2	tamanchey:1
तमतमा	tamtama:1	tamtamaa:1	tamtma:1
तमन्ना	tamanna:2	tamnna:1
तमस	tamas:3
तमाचा	tamacha:3
तमाम	tamaam:2	tamam:1
तमाशा	tamasha:3
तमाशे	tamashe:2	tamashey:1
तमिल	tamil:3
तमिलनाडु	tamilnadu:6
तमिलों	tamilon:3
तमीम	tamim:2	tameem:1
तय	tay:3
तया	taya:3
तय्यब	tayyab:3
तर	tar:2	tarr:1
तरंग	tarang:6
तरंगा	taranga:3
तरंगें	tarange:1	tarangein:1	tarangen:1
तरंगों	tarangon:2	tarrangon:1
तरकश	tarkash:3
तरकारी	tarkari:2	tarkaari:1
तरकीबें	tarkeebein:1	tarkeeben:1	tarkiben:1
तरकीबों	tarkeebon:2	tarkibon:1
तरक्की	tarakki:2	tarkki:1
तरण	taran:3
तरणताल	tarantaal:3
तरते	tarte:3
तरन	taran:3
तरनजीत	taranjeet:3
तरफ	taraf:3
तरफा	tarfa:2	tarafa:1
तरबगंज	tarabganj:3
तरबूज	tarbuj:3
तरल	taral:3
तरलता	tarlata:2	taralta:1
तरस	taras:3
तरसता	tarasta:2	tarsata:1
तरसते	taraste:2	tarsate:1
तरह	tarah:3
तराइन	tarain:3
तराई	tarai:2	taraee:1
तरार	taraar:2	tarar:1
तराश	taraash:2	tarash:1
तराशने	taraashne:2	tarshne:1
तराशा	tarasha:3
तराशी	tarashi:3
तराशे	tarashe:2	tarashay:1
तरीका	tarika:2	tareeka:1
तरीके	tarike:2	tareekey:1
तरीको	tariko:2	tareeko:1
तरीकों	tarikon:2	tareekon:1	tarinko:1
तरुण	tarun:3
तर्क	tark:6
तर्कपूर्ण	tarkpooran:1	tarkpurana:1	tarkpurn:1
तर्कयुक्त	tarkyukt:3
तर्कवाद	tarkvaad:1	tarkvad:1	tarkwaad:1
तर्कवादी	tarkvaadi:1	tarkvadi:1	tarkwadi:1
तर्कशास्त्र	tarkshaashtra:1	tarkshaasthra:1	tarkshasthra:1	tarkshatra:1
तर्कशील	tarksheel:3
तर्कसंगत	tarksangat:3
तर्कसम्मत	tarksammat:3
तर्को	tarko:3
तर्कों	tarkon:2	tarko:1
तर्ज	tarj:3
तर्जनी	tarjani:2	tarjanee:1
तर्पण	tarpan:3
तल	tal:3
तलकर	talkar:3
तलछटों	talchhaton:2	talchton:1
तलत	talat:3
तलपड़े	talpade:3
तलपडे	talpade:3
तलपदे	talpade:3
तलब	talab:3
तलबगार	talabgaar:1	talabgar:1	talbagaar:1	talbagar:1
तलवंडी	talwandi:2	talvandi:1
तलवलकर	talvalkar:2	talwalkar:1
तलवाड़ा	talvada:2	talvaadaa:1	talwada:1
तलवार	talwaar:2	talvaar:2	talwar:1
तलवारबाज	talvaarbaaj:1	talvarbaaj:1	talwaarbaaj:1	talwaarbaaz:1
तलवारों	talvaron:2	talwaron:2
तलवे	talve:2	talawe:1
तलवों	talvon:2	talawon:1
तलसानिया	talsaniya:2	talsania:1
तलहटी	talahati:2	talhati:1	talhti:1
तला	talaa:2	tala:1
तलाक	talaak:1	talak:1	talaq:1
तलाश	talash:3	talaash:2
तलाशता	talashata:2	talaashata:1	talashta:1
तलाशते	talashate:3	talaashate:1
तलाशना	talashana:3	talaashanaa:1
तलाशने	talashane:3	talaashane:1
तलाशी	talashi:3	talaashi:1
तली	tali:6
तले	tale:6
तलेगांव	talegaon:5
तलैया	talaiya:2	telaiya:1
तलों	talon:3
तल्खी	talkhi:3
तल्लीन	tallin:2	talleen:1
तल्लीनता	talleenata:1	tallinata:1	tallinta:1
तल्ले	talle:3
तव	tav:3
तवलीन	tavleen:2	tavlin:1
तवांग	tawang:2	tavang:1
तश्तरी	tashtari:3
तसकीन	tasakeen:2	taskin:2
तसनीम	tasnim:3
तस्कर	taskar:3
तस्करी	taskari:3
तस्करों	taskaron:3
तस्दीक	tasdik:2	tasdeek:1
तस्मानिया	tasmania:2	tasmaniya:1
तस्मानियाई	tasmaniyai:3
तस्मै	tasmai:3
तस्लीम	taslim:3
तस्लीमा	taslima:3
तस्वीर	tasvir:3
तस्वीरें	tasviren:3
तस्वीरो	tasviro:3
तस्वीरों	tasviron:3
तह	tah:4	teh:2
तहखाना	tahkhana:2	tahakhana:1	tahkhaana:1
तहखाने	tahkhane:3	tahakhaane:1
तहत	tahat:3
तहत्	tahat:3
तहर	tahar:2	tahr:1
तहरीर	tahrir:2	taharir:1
तहलका	tahalaka:1	tahalka:1	tahlaka:1
तहसील	tahsil:5	tahseal:1	tehsil:1
तहसीलों	tahsilon:2	tehsilon:1
ता	ta:2	taa:1
तांग	tang:3	taang:1
तांडव	tandav:3
तांता	tanta:3	taantaa:1
तांत्रिक	tantrik:3
तांबा	tanba:2	taanba:1	tamba:1
तांबे	tambe:2	tanbe:1
ताइपे	taipei:3
ताइवान	taiwan:4
ताई	tai:2	taae:1
ताईवान	taiwan:3
ताउम्र	taaumr:1	taumr:1	taumra:1
ताऊ	tauu:2	taau:1
ताऊजी	tauji:2	tauuji:1
ताक	taak:3	tak:1
ताकत	takat:3	taakat:2
ताकतवर	takatvar:2	taakatvar:1
ताकता	takta:2	taakataa:1	taakta:1	takata:1
ताकतों	takton:2	taakaton:1	taakton:1	takaton:1
ताकि	taki:3	taaki:1
ताकी	taki:3	taakee:1	taaki:1
ताज	taj:4	taaj:2
ताजगी	taajgi:2	taazgi:2
ताज़ी	taaji:2	taazi:2	taji:1	tazi:1
ताजा	taaza:2	taaja:1	taajaa:1	taja:1
ताजातरीन	tajatarin:3	taajatarin:2	tajatrin:1
ताजिंदगी	taajindagi:1	tazindagi:1	tazindgi:1
ताजिक	taajik:2	tajik:1
ताजिकिस्तान	tajikistan:3
ताजी	taaji:2	taji:2
ताजुल	taajul:2	tajul:1
ताजे	taaje:3	taje:1
ताड़	taad:3	taar:1
ताड़ी	taadi:2	tadi:1	tari:1
तात	taat:3	tat:1
ताता	tata:3
तातार	tatar:3	taataar:1
ताते	tate:2	taate:1
तात्कालिक	tatkalik:2	taatkaalik:1
तात्पर्य	tatparya:3	taatpary:1	taatparya:1	tatpary:1
तात्या	taatya:1	tattya:1	tatya:1
तात्विक	taatvik:2	tatvik:1
तादात	taadaat:2	tadat:2
तादात्म्य	taadaatmy:1	taadatmya:1	tadatmy:1	tadatmya:1
तादाद	taadaad:2	tadad:1
तान	taan:3	tan:1
तानने	taanane:1	taanne:1	tanane:1	tanne:1
तानसेन	tansen:3
ताना	tana:2	taana:1	taanaa:1
तानाशाह	tanashah:2	taanaashah:1	taanashah:1
तानाशाही	tanashahi:2	taanaashahi:1	taanashahi:1
तानिया	taniya:3
ताने	tane:2	taane:2
ताप	taap:2	tap:1
तापक्रम	tapkram:3
तापमान	taapman:2	tapman:3	taapmaan:1
तापमानों	tapmanon:2	taapmaanon:1	tapmano:1
तापमापी	tapmapi:2	taapmaapi:1
तापसी	tapsi:2	taapasi:1	taapsi:1
तापीय	taapiy:1	taapiya:1	tapiy:1	tapiya:1
ताप्ती	tapti:2	taapti:1
ताबीज	tabij:2	tabiz:1	tavij:1
ताबुत	tabut:3	taabut:1
ताबूत	tabut:3	taabut:1
तामझाम	tamjham:2	tamzam:2	taamjhaam:1	taamjham:1
तामील	tamil:2	taamil:1
ताम्र	taamr:1	tamr:1	tamra:1
ताम्रपत्र	tamrapatra:2	tamraptra:1
तार	tar:2	taar:1
तारक	tarak:3	taarak:1
तारकोल	tarkol:2	taarakol:1	taarkol:1
तारण	taran:2	taaran:1
तारपीडो	tarpido:2	taarpido:1	tarpedo:1
तारा	tara:3	taara:1
तारागढ़	taragadh:2	taragarh:1
तारागुच्छ	taaraguchchh:1	taragucch:1	taraguchch:1	taraguchchh:1
तारापीठ	tarapith:3	taaraapith:1
तारापुर	tarapur:3
ताराबाई	tarabai:3
तारामंडल	taramandal:3
तारिक	tarik:2	taarik:1	tarek:1
तारी	tari:3	taari:1
तारीख	tarikh:3	taarikh:1
तारीख़	tarikh:3	taarikh:1
तारीखें	tarikhen:3	taarikhen:1
तारीखों	tarikhon:3	taarikhon:1
तारीफ	tarif:3	taarif:1	tareef:1
तारीफ़	tarif:3	taarif:1	tareef:1
तारे	tare:3	taare:2
तारो	taro:3	taaro:1
तारों	taro:2	taron:3	taaron:1
तार्किक	tarkik:2	taarkik:1	takrik:1
ताल	taal:7
तालकटोरा	talkatora:2	talkatore:1
तालमेल	taalmel:5	talmel:3
ताला	tala:3	taala:1	taalaa:1
तालाब	talab:3	taalab:1
तालाबंद	talaband:2	taalaband:1
तालाबों	talabon:3	taalabon:1
तालाश	taalaash:1	taalashi:1	talash:1	talashi:1
तालिका	talika:3	taalika:1
तालिकाओं	talikaon:3	taalikaon:1
तालिब	talib:3	taalib:1
तालिबान	taliban:3
तालिबानियों	talibaniyon:3
तालिम	talim:2	taleem:1
तालियों	taliyon:3	taaliyon:1
ताली	taali:2	tali:1
तालीम	talim:3
तालुक	taluk:3	taaluk:1
तालुकदार	talukadar:2	taalukdaar:1	talukdar:1	taluqdar:1
तालुका	taluka:3	taaluka:1
तालुकाओं	talukaon:3	taalukaaon:1
ताल्लुक	talluk:3	taalluk:1
ताल्लुक़	talluk:3	taalluk:1
ताल्लुका	talluka:3	taalluka:1
तावा	taava:1	tava:1	tawa:1
ताश	taash:2	tash:1
तास	taas:2	tas:1
तासीर	tasir:2	taseer:1
ताहि	tahi:3	taahi:1
ताहिया	tahiya:3	taahiya:1
ताहिर	tahir:3
ताहिल	tahil:3	taahil:1
तिकड़ी	tikdi:2	tikadi:1
तिकोना	tikona:3
तिकोने	tikone:3
तिगुना	tiguna:3
तिजारत	tijaarat:2	tijarat:2	tijart:1
तिजारावाला	tijarawala:3
तिजोरियों	tijoriyon:3
तिजोरी	tijori:3
तितलियों	titliyon:3
तितली	titali:2	titli:1
तिथि	tithi:3
तिथियों	tithiyon:3
तिथी	tithi:3
तिनसुकिया	tinsukiya:2	tinsukia:1
तिपहिया	tipahiya:2	tiphiya:1
तिब्बत	tibbat:2	tibet:1
तिब्बती	tibbati:2	tibeti:1
तिमाही	timahi:3	timaahi:1
तिमिर	timir:3
तिमोर	timor:3
तियान	tiyan:2	tian:1	tiyaan:1
तिरंगा	tiranga:3
तिरंगी	tirangi:3
तिरंगे	tirange:3
तिरछी	tirchhi:2	tirachhi:1
तिरप	tirap:2	tirp:1
तिरपाल	tirpal:3
तिरस्कार	tiraskar:3	tiraskaar:1
तिरस्कृत	tiraskarat:1	tiraskrit:1	tiraskrut:1	tirskrit:1
तिरहुत	tirhut:3
तिरिया	tiriya:2	tiria:1
तिरु	tiru:3
तिरुपति	tirupati:3
तिरुमला	tirumala:3
तिरुवनंतपुरम	tiruvanantpuram:2	thiruvananthapuram:1
तिरुवन्नामलाई	tiruvannamalai:2	tiruvannamlai:1
तिरूपति	tirupati:3
तिरूवनंतपुरम	thiruvananthapuram:1	thiruvananthpuram:1	tiruvananthpuram:1
तिर्वा	tirwa:2	tirva:1
तिल	til:3
तिलक	tilak:3
तिलकधारी	tilakdhari:2	tilakdhaari:1
तिलकुट	tilkut:3
तिलभांडेश्वर	tilbhandeshwar:3
तिलहन	tilhan:3
तिलहनी	tilhani:2	tilahani:1
तिलिस्म	tilism:2	tilsim:1
तिलिस्मी	tilismi:2	tilsimi:1
तिलोई	tiloi:2	tiloyi:1
तिल्ली	tilli:3
तिवाड़ी	tiwadi:2	tiwari:1
तिवारी	tiwari:6
तिसरी	tisri:2	tisari:1
तिहरा	tihara:2	tihra:1
तिहाई	tihai:3
तिहाड़	tihad:2	tihar:1
ती	ti:3
तीक्ष्ण	teekhshn:1	teekshan:1	tikshna:1
तीखा	teekha:2	tikha:1
तीखी	teekhi:2	tikhi:1
तीखे	teekhe:2	tikhe:1
तीज	teej:2	tij:1
तीतर	titar:2	teetar:2
तीन	teen:2	tin:1
तीनो	teeno:2	tino:1
तीनों	tinon:4	teenon:3
तीर	teer:3	tir:1
तीरंदाजी	teerandaji:1	teerndaaji:1	tirandaji:1
तीरंदाजों	teerandagon:1	teerndaajon:1	tirandazon:1
तीरथगढ़	teerathgad:1	tirathgadh:1	tirathgarh:1
तीरों	teeron:3	tiron:1
तीर्थ	teerth:3	tirth:3	tiirtha:1
तीर्थंकर	teerrthkar:1	tirthankar:1	tirthkar:1
तीर्थंकरों	teerthkaron:1	tirthankaron:1	tirthkaron:1
तीर्थयात्रा	teerthyatra:1	tirthayatra:1	tirthyatra:1
तीर्थयात्रियों	teerthyatriyon:1	tirthayatriyon:1	tirthyatriyon:1
तीर्थयात्री	teerthyatri:1	tirthayatri:1	tirthyatri:1
तीर्थस्थल	tirthsthal:4	teerthsthal:1
तीर्थस्थलों	tirthsthalon:3	teerthsthalon:1	tirthsthalo:1
तीर्थाटन	tirthatan:3
तीर्थो	tirtho:3
तीर्थों	tirthon:2	tirtha:1
तीली	tili:2	teeli:1
तीव्र	tivra:2	tivr:1
तीव्रगामी	tivragami:3
तीव्रता	tivrata:3
तीस	tees:3	tis:1
तीसरा	teesra:2	tisara:2
तीसरी	teesari:3	tisari:2	teesri:1
तीसरे	tisre:6	tisare:2
तीसी	tisi:2	teesi:1
तु	tu:3
तुंग	tung:3
तुंगनाथ	tungnath:3
तुंगभद्रा	tungbhadra:2	tungabhadra:1
तुंरत	turant:3
तुअर	tuar:3
तुकी	tuki:3
तुकोजी	tukoji:3
तुक्का	tukka:3
तुगलक	tuglak:2	tughlaq:1
तुगलकाबाद	tughlakabad:1	tughlaqabad:1	tuglakabad:1
तुगलकी	tugalaki:1	tugalki:1	tuglaki:1
तुच्छ	tuchchh:2	tuchh:1
तुझ	tujh:3
तुझको	tujhko:3
तुझे	tujhe:7
तुड़वा	tudwa:2	tudava:1
तुनक	tunak:3
तुफैल	tufail:3
तुम	tum:5
तुमको	tumko:4
तुमने	tumne:3
तुमान	tuman:3
तुमि	tumi:3
तुम्हारा	tumhara:6
तुम्हारी	tumhari:3
तुम्हारे	tumhare:3
तुम्हें	tumhen:4
तुरंत	turant:4
तुरई	turai:3
तुरकौलिया	turkauliya:3
तुरबत	turbat:3
तुरही	turhi:2	turahi:1
तुरुक	turuk:3
तुर्क	turk:3
तुर्कमान	turkman:2	turakman:1
तुर्कमेनिस्तान	turkmenistan:3
तुर्किस्तान	turkistan:2	turkestan:1
तुर्की	turki:3	turkey:2
तुर्बत	turbat:2	turbt:1
तुल	tul:3
तुलना	tulna:2	tulana:1
तुलनात्मक	tulnatmak:3	tulnaatmak:1
तुलसा	tulsa:3
तुलसी	tulsi:2	tulasi:1
तुलसीघाट	tulsighat:3
तुलसीदास	tulsidas:3
तुलसीपुर	tulsipur:2	tulasipur:1
तुला	tula:4
तुलाराम	tularam:5
तुलु	tulu:3
तुले	tule:3
तुल्य	tulya:2	tuly:1
तुवालु	tuvalu:3
तुवालू	tuvalu:2	tuwalu:1
तुषार	tushar:3
तुसाद	tusad:2	tussaud:1
तू	tu:3
तूतीकोरिन	tuticorin:2	tutikorin:1
तूने	tune:4
तूफ़ान	tufan:3	toofan:1
तूफान	tufan:3	toofan:1
तूफानी	toofani:2	tufani:2	tufaani:1
तृणमूल	trinamool:1	trinmul:1	trunmul:1
तृतीय	tritiy:2	trutiy:1
तृतीया	tritiya:3	trutiya:1
तृप्त	tript:2	trupt:1
तृप्ति	tript:1	tripti:1	trupti:1
तृष्णा	trishna:2	trushna:1
ते	te:3
तें	ten:3
तेंदुआ	tanduaa:1	tendua:1	tenduaa:1
तेंदुए	tenduae:1	tendue:1	tenduye:1
तेंदुओं	tenduon:3
तेंदू	tendu:2	tendoo:1
तेंदूखेड़ा	tendukheda:3
तेंदूपत्ता	tendupatta:2	tenduptta:1
तेई	tei:3
तेज	tej:6
तेजपुर	tejpur:2	tezpur:1
तेजस	tejas:3
तेजस्वी	tejasvi:1	tejaswi:1	tejsvi:1
तेज़	tej:2	tez:1
तेज़ी	tezi:2	teji:1
तेजा	teja:3
तेजाजी	tejaji:3
तेजाब	tejab:2	tejaab:1
तेजी	teji:3
तेजोमहालय	tejomahalay:2	tejomahalaya:1
तेन	ten:3
तेनाली	tenali:3
तेरह	terah:2	terh:1
तेरहवीं	terahvi:1	terahwin:1	terhvi:1
तेरहवें	teharvein:1	terahwen:1	terhven:1
तेरा	tera:3
तेरी	teri:6
तेरे	tere:6
तेल	tel:7
तेलंगाना	telangana:3
तेलियों	teliyon:3
तेलीय	teliya:2	teliy:1
तेलुगु	telugu:6
तेलेगु	telugu:2	telgu:1
तेलों	telon:3
तेवर	tevar:5
तेवरों	tevron:2	tevaron:1
तेहरान	tehran:3
तैत्तिरीय	taittiriy:1	taittiriya:1	taittiriye:1
तैनात	tainat:2	taiynaat:1
तैनाती	tainati:2	taiynati:1
तैमूर	taimur:2	taimoor:1
तैयब	taiyab:3
तैयार	taiyar:6
तैयारियों	taiyariyon:3
तैयारी	taiyari:2	taiyaari:1
तैर	tair:3
तैरकर	tairkar:3
तैरता	tairta:3
तैरती	tairti:2	tairati:1
तैरते	tairate:2	tairte:1
तैरना	tairna:2	tairana:1
तैरने	tairane:2	tairne:1
तैराक	tairak:3
तैराकी	tairaki:3
तैल	tail:3
तैलंग	tailang:3
तैसा	taisa:3
तैसी	taisi:3
तो	to:5	toh:1
तों	ton:2	toon:1
तोड	tod:3
तोडते	todte:3
तोडना	todna:3
तोडने	todne:3
तोड़	tod:3	tor:1
तोड़कर	todkar:3
तोड़ता	todta:3
तोड़ते	todte:3
तोड़ना	todna:3
तोड़ने	todne:3
तोड़फोड़	todfod:5	todmod:1	todphod:1	tormor:1
तोड़ा	toda:3	tora:1
तोड़ी	todi:3	tori:1
तोड़े	tode:3
तोडी	todi:3
तोडे	tode:3
तोता	tota:3
तोतापुरी	totapuri:3
तोते	tote:3
तोतों	toton:3
तोप	top:3
तोपें	topen:3
तोपों	topon:3
तोबगे	tobage:1	tobgay:1	tobge:1
तोमर	tomar:3
तोमरों	tomaron:2	tomron:1
तोर	tor:3
तोरई	torai:3
तोरण	toran:3
तोरे	tore:3
तोल	tol:3
तोलन	tolan:3
तोला	tola:3
तोले	tole:6
तोषी	toshi:3
तौबा	tauba:3
तौर	taur:6
तौरानी	taurani:3
तौल	taul:3
तौलने	taulne:2	taulane:1
तौला	taula:3
त्याग	tyag:2	tyaag:1
त्यागता	tyagta:2	tyaagata:1	tyagata:1
त्यागने	tyaagane:1	tyagane:1	tyagne:1
त्यागपत्र	tyagpatra:3	tyaagpatr:1	tyagptra:1
त्यागी	tyagi:2	tyaagi:1
त्याज्य	tyajya:2	tyaajy:1
त्यार	tyar:2	tyaar:1
त्यों	tyo:2	tyon:3
त्योहार	tyohar:5
त्योहारों	tyoharon:3	tyoharo:1
त्यौहार	tyohar:2	tyohaar:1	tyoihar:1
त्यौहारों	tyauharon:1	tyoharon:1	tyoiharon:1
त्रयोदशी	trayodashi:2	trayodhashi:1
त्रस्त	trast:2	trasd:1
त्रासद	trasad:3	trashad:1
त्रासदी	trasadi:1	trasdi:1	trashdi:1
त्रि	tri:3
त्रिंकोमाली	trinkomali:2	trincomalee:1
त्रिआयामी	triaayami:4	triaayaami:1	triayaam:1
त्रिक	trik:3	tric:1
त्रिकुटा	trikuta:3
त्रिकूट	trikut:3
त्रिकोण	trikon:2	trikona:1
त्रिकोणमिति	trikonamiti:2	trikonmiti:1
त्रिकोणीय	trikoniy:1	trikoniya:1	trikoniye:1
त्रिचूर	trichur:2	thrissur:1
त्रिजटा	trijata:2	trijta:1
त्रिज्या	trijya:3
त्रिदेव	tridev:3
त्रिनगर	trinagar:2	tringar:1
त्रिनिदाद	trinidad:3
त्रिपाठी	tripathi:3	tripaathi:1
त्रिपिटक	tripitak:1	tripitk:1	tripittak:1
त्रिपुर	tripur:3
त्रिपुरा	tripura:3
त्रिपुरी	tripuri:3
त्रिपोलिया	tripoliya:2	tripolia:1
त्रिपोली	tripoli:3
त्रिफला	trifala:1	trifla:1	triphala:1
त्रिभुज	tribhuj:2	tribhuja:1
त्रिभुवन	tribhuvan:3
त्रिया	triya:3
त्रिरत्न	triratn:2	triratan:1
त्रिलोक	trilok:3
त्रिलोकपुरी	trilokpuri:3
त्रिलोकी	triloki:3
त्रिलोचन	trilochan:3
त्रिवेंद्रम	trivendram:2	trivandrum:1
त्रिवेणी	triveni:3
त्रिवेदी	trivedi:3
त्रिशंकु	trishanku:2	trishunk:1
त्रिशा	trisha:3
त्रिशूर	trishur:3
त्रिशूल	trishul:3
त्रिशूली	trishuli:3
त्रिसूर	trisur:3
त्रुटि	truti:3
त्रुटिपूर्ण	trutipurn:2	trutipurna:1
त्रुटियां	trutiyan:3
त्रुटियों	trutiyon:3
त्रुटी	truti:3
त्रेता	treta:3
त्रैमासिक	trimasik:2	tremasik:1
त्रैलोक्य	trailoky:1	trailokya:1	trelokya:1
त्व	tv:2	tva:1
त्वचा	twacha:2	tvacha:3
त्वरित	twarit:2	tvarit:3
त्सांग	tsang:3
त्से	tse:3
त्सो	tso:3
थ	th:2	tha:1
थंडर	thunder:3
थंडरबर्ड	thunderbird:3
थक	thak:3
थककर	thakkar:2	thakakar:1
थकना	thakna:2	thakana:1
थकान	thakan:1	thkaan:1	thkan:1
थकाने	thakane:2	thkane:1
थकावट	thakavat:2	thkavat:1
थकी	thaki:2	thki:1
थक्का	thakka:3
थट्टा	thatta:3
थन	than:2	thun:1
थपथपाने	thapthapane:2	thapthpane:1
थप्पड़	thappad:3
थम	tham:3
थमा	thama:2	thamaa:1
थमें	thamen:3
थरूर	tharur:2	thrur:1
थर्टी	thirty:2	tharti:1
थर्ड	third:2	thard:1
थर्मल	thermal:3
थर्मो	thermo:3
थर्मोन्यूक्लियर	thermonuclear:3
थर्मोप्लास्टिक	thermoplastic:3
थर्रा	tharra:3
थल	thal:3
थलग	thalag:3
थलरुद्ध	thalruddh:3
थलसेना	thalsena:3
थलसेनाध्यक्ष	thalesenadhyksha:1	thalsenaadhyaksh:1	thalsenadhyaksh:1
थली	thali:3
था	tha:4
थाई	thai:3
थाईलैंड	thailand:3
थाणे	thane:3
थाती	thati:3	thaati:1
थानवी	thanvi:3	thaanvi:1
थाना	thana:3
थानाध्यक्ष	thanadhyaksh:3	thaanadhyaksh:1
थाने	thane:3	thaane:1
थानेदार	thanedar:3	thaanedar:1
थानों	thanon:3	thaanon:1
थापर	thapar:3
थापा	thapa:3	thaapa:1	thaapaa:1	thapaa:1
थामने	thamne:3	thaamne:1
थामा	thama:3	thaama:1	thaamaa:1	thamaa:1
थामे	thame:3	thaame:1
थायरॉइड	thyroid:3
थायरॉयड	thyroid:3
थार	thar:3
थारू	tharu:3	thaaru:1
थारो	tharo:3	thaaro:1
थाल	thal:3	thaal:1
थाला	thala:3	thaala:1	thaalaa:1	thalaa:1
थाली	thali:6	thaali:2
थिअरी	theory:2	thiaeri:1
थिएटर	theater:2	theter:1
थिएटरों	theateron:2	theatron:1
थिएटर्स	theaters:3
थियरी	theory:2	thiyari:1
थिया	thiya:3
थियेटर	theater:2	theatre:1
थियेटरों	theateron:1	theatron:1	thitron:1
थियेटर्स	theaters:1	theatrs:1	thiyeters:1
थियोडोर	thiyodor:2	theodore:1
थिरकते	thirkate:2	thirakte:1
थिरके	thirke:2	thirake:1
थी	thi:4
थीफ	thief:3
थीम	theme:2	theam:1
थीम्स	themes:2	thems:1
थीसिस	thesis:2	theasis:1
थुंबा	thumba:2	tumba:1
थूकना	thukana:2	thukna:1
थूका	thuka:3
थूथन	thuthan:3
थे	the:6
थें	then:2	thein:1
थेन	then:3
थेनी	theni:3
थेरवाद	thervad:3
थैंक	thank:3
थैंक्स	thanks:5	thnaks:1
थैरपी	terapy:1	therapy:1	therepi:1
थैला	thaila:2	thela:1
थैलियां	thailiyan:2	thailiyaan:1
थैलियों	thailiyon:3
थैली	thaili:2	thailee:1
थैलीसीमिया	thalassemia:3
थैले	thaile:3
थैलों	thailon:3
थॉमस	thomas:3
थॉमसन	thomsan:2	thomson:3
थो	tho:3
थोक	thok:2	thock:1
थोट्टूमकल	thottumkal:1	thotutamkal:1	thotutmakal:1
थोड़ा	thoda:3
थोड़ी	thodi:3
थोड़े	thode:3
थोडा	thoda:3
थोडा़	thoda:3
थोथा	thotha:3
थोप	thop:3
थोपते	thopate:2	thopte:1
थोब	thob:3
थोमस	thomas:3
थोरियम	thorium:2	thoriyam:1
थ्येन	thyen:3
थ्योरम	theorem:2	thyoram:1
थ्योरी	theory:2	thyori:1
थ्रस्ट	thrust:2	thrast:1
थ्रिलर	thriller:3
थ्री	three:3
थ्रेट	threat:2	thret:1
थ्रेड	thread:3
थ्रो	throw:3
थ्रोंस	thrones:1	throns:1	thros:1
थ्रोट	throat:2	throught:1
दंग	dang:3
दंगा	danga:3
दंगे	dange:3
दंगों	dangon:3
दंड	dand:4
दंडक	dandak:3
दंडनीय	dandniy:2	dandniya:1
दंडात्मक	dandatmak:2	dandaatmak:1
दंडादेश	dandadesh:2	dandaadesh:1
दंडाधिकारियों	dandadhikariyon:2	dandaadhikaariyon:1
दंडाधिकारी	dandadhikari:2	dandaadhikaari:1
दंडित	dandit:3
दंडी	dandi:3
दंडों	dandon:3
दंत	dant:4	dand:1
दंतेवाडा	dantewada:2	dantevada:1
दंदरौआ	dandraua:2	dandarauaa:1
दंपति	danpati:2	dampati:1
दंपतियों	dampatiyon:1	dampattiyon:1	danptiyon:1
दंपत्तियों	dampattiyon:2	danpttiyon:1
दंश	dansh:2	dans:1
दक्कन	dakkan:3
दक्कनी	dakkani:3
दक्ष	daksh:3
दक्षता	dakshata:2	dakshta:1
दक्षा	daksha:2	dakshaa:1	dasha:1	dashaa:1
दक्षिण	dakshin:8	dakshid:1
दक्षिणतम	dakshintam:2	dakshinam:1
दक्षिणपंथी	dakshinpanthi:3
दक्षिणपश्चिम	dakshinpaschim:4	dakshinpashchim:2
दक्षिणपश्चिमी	dakshinpaschimi:2	dakshinpashchimi:1
दक्षिणपूर्व	dakshinpurva:4	dakshinpurv:2
दक्षिणपूर्वी	dakshinpurvi:6
दक्षिणा	dakshina:3	dakshinaa:1
दक्षिणांचल	dakshinanchal:2	dakshnachal:1
दक्षिणायन	dakshinayan:3	dakshinaayan:1
दक्षिणावर्ती	dakshinavarti:3	dakshinaavarti:1
दक्षिणी	dakshini:3
दक्षेस	dakshes:2	dashes:1
दखल	dakhal:4
दखलंदाज़ी	dakhalandaji:3	dakhalandaaji:1	dakhalandaazi:1
दखलंदाजी	dakhalandaaji:2	dakhalandaji:2	dakhalandaazi:1
दख़लंदाज़ी	dakhalandaaji:1	dakhalandaji:1	dakhlandaji:1
दगा	dagaa:3	daga:1
दगाबाज	dagabaaj:2	dagaabaaja:1	dagabaj:1	dagabaja:1
दजला	dajla:2	dajala:1
दतिया	datiya:2	datia:1
दत्त	dutt:2	datt:2
दत्तक	dattak:3
दत्ता	datta:2	detta:1
दत्तात्रेय	dattatreya:2	dettatrey:1
दत्तोपंत	dattopant:2	dttopant:1
ददरेवा	dadreva:2	dadrewa:1
दद्दा	dadda:1	daddaa:1	dadha:1
दधीचि	dadhichi:3
दन	dan:3
दफन	dafan:3
दफना	dafana:1	dafanaa:1	dafnaa:1
दफनाई	dafanai:1	dafnaai:1	dafnaayi:1
दफनाते	dafnaate:2	dafnate:1
दफनाने	dafnane:2	dafanaane:1	dafnaane:1
दफनाया	dafnaya:2	dafnaaya:1	dafnaayaa:1
दफा	dafa:2	dafaa:2
दफ्तर	daftar:2	dafter:1
दफ्तरों	daftaron:3
दफ्न	dafn:3
दब	dab:2	bad:1
दबंग	dabangg:4	dabang:2	gabangg:1
दबकर	dabkar:3
दबते	dabte:2	dabate:1
दबदबा	dabdaba:2	dabdabaa:1
दबना	dabna:2	dabanaa:1
दबाने	dabaane:2	dabane:2	dbane:1
दबाया	dabaya:3	dabaaya:1	dbaaya:1
दबाव	dabav:3	dabaav:2
दबी	dabi:3	dabee:1
दबे	dabe:3
दबोचे	daboche:3
दब्बू	dabbu:3
दम	dam:2	dum:2
दमक	damak:3
दमकते	damakte:2	damakate:1	damakyet:1
दमकल	damkal:3
दमन	daman:3
दमनकारी	damankari:3	damankaari:1
दमयंती	damyanti:3
दमा	dama:3
दमित	damit:3
दमिश्क	damishk:2	damascus:1
दमोह	damoh:3
दयनीय	dayaniy:1	dayniy:1	dayniya:1
दया	daya:5	dayaa:1
दयानंद	dayanand:2	dayananda:1
दयाल	dayal:3
दयालु	dayalu:8	dayaalu:1
दयालुता	dayaluta:3	dayaaluta:1
दयावती	dayavati:2	dayawati:1
दयावान	dayavan:2	dayawan:1
दयोदय	dayoday:3
दर	dar:3
दरअसल	darasal:3
दरकिनार	darkinar:3
दरगाह	dargah:3
दरगाहों	dargahon:3
दरजे	daraje:2	darje:1
दरदरा	dardara:1	dardraa:1	durdhara:1
दरबान	darban:3	darbaan:1
दरबार	darbar:3
दरबारियों	darbariyon:2	darabariyon:1
दरबारी	darbari:2	darabari:1	darbaari:1
दरभंगा	darbhanga:6
दरमियान	darmiyan:2	darmiyaan:1
दरमियानी	darmiyani:2	daramiyaanee:1	daramiyani:1
दरम्यान	darmyan:2	daramyani:1
दरवाजा	darvaja:2	darvaajaa:1	darwaja:1
दरवाजे	darvaaje:1	darvaje:1	darwaje:1
दरवाजों	darvajon:2	darwajon:1
दरवेश	darvesh:3
दरस	daras:3
दराज	daraj:2	daraaj:1
दरार	darar:2	daraar:1
दरारों	dararon:2	daraaron:1
दरिंदा	darinda:3
दरिद्र	daridra:5	daridr:1
दरिद्रता	daridrata:3
दरिया	dariya:3
दरियाई	dariyai:2	dariyaai:1
दरियागंज	dariyaganj:2	daryaganj:1
दरियादिली	dariyadili:2	driyaadili:1
दरियापुर	dariyapur:2	dariapur:1
दरी	dari:3
दरीबा	dariba:3
दरें	daren:3
दरों	daron:3
दर्ज	darj:4
दर्जन	darjan:3
दर्जनों	darjanon:2	darjano:1
दर्जा	darja:3
दर्जी	darji:3
दर्जे	darje:3
दर्द	dard:10	darde:1	drd:1
दर्दनाक	dardnak:3	dardnaak:1
दर्प	darp:3
दर्पण	darpan:6
दर्रा	darra:3
दर्रे	darre:3
दर्शक	darshak:3
दर्शकों	darshakon:5	darshkon:2
दर्शन	darshan:8
दर्शनार्थियों	darshnarthiyon:2	darshnaarthiyon:1
दर्शनीय	darshniya:2	darshaniiya:1	darshaniy:1	darshniy:1
दर्शनों	darshanon:2	darshno:1
दर्शाई	darshai:2	darshae:1	darshaee:1
दर्शाए	darshae:1	darshaye:1	darshe:1
दर्शाएगी	darshaegi:2	darshayegi:1
दर्शाता	darshata:3	darshaataa:2
दर्शाती	darshati:3	darshatee:1
दर्शाते	darshate:3
दर्शाने	darshane:3
दर्शाया	darshaya:2	darshaayaa:1	drshaya:1
दल	dal:3
दलगत	dalgat:3
दलदल	daldal:6
दलदली	daldali:3	daldalee:1
दलबदल	dalbadal:2	dalbadl:1
दलबीर	dalbir:4	dalbeer:2
दलमा	dalma:2	dalama:1
दलवी	dalavi:2	dalvi:1
दलाई	dalai:3
दलाल	dalal:2	dalaal:1
दलाली	dalali:3
दलालों	dalalon:2	dalaalon:1
दलित	dalit:3
दलितों	daliton:3
दलिया	daliya:3	daliyaa:1
दली	dali:3
दलीय	daliy:2	daleey:1	daliye:1
दलील	dalil:3	daleel:1
दलेल	dalel:2	dalele:1
दलों	dalo:2	dalon:3
दव	dav:3
दवा	dawa:2	dava:1	davaa:1
दवाइयां	davaaiyan:1	davaiya:1	davaiyaan:1	dawaaiyan:1
दवाइयों	davaaiyon:1	davaiyon:1	dawaaiyon:1	dawaiyon:1
दवाईयां	davaiyan:2	davaaiyan:1	dawaaiyan:1	dawaiyan:1
दवाईयों	davaiyon:2	davaaiyon:1	dawaaiyon:1	dawaiyon:1
दवाएं	davaae:1	davayen:1	dawaaen:1	dawaen:1
दवाओं	davaon:2	davaaon:1	dawaaon:1	dawaon:1
दवात	davaat:1	davat:1	dawaat:1	dawat:1
दश	dash:3
दशक	dashak:2	dashk:1
दशकों	dashkon:3
दशम	dasham:3
दशमलव	dashamlav:1	dashamluv:1	dashmlav:1
दशमी	dashmi:3	dashmee:1
दशमेश	dashmesh:2	dusmesh:1
दशरथ	dasharatha:1	dashrath:1	dasrath:1
दशहरा	dashahra:1	dashara:1	dussehra:1
दशहरे	dashahre:1	dashare:1	dussehre:1
दशा	dasha:3
दशांश	dashansh:3
दशाओं	dashaon:3	dashawo:1
दशानन	dashanan:2	dashaanan:1
दस	das:3	dus:1
दसवां	dasavaan:1	dasvan:1	daswa:1	daswan:1
दसवीं	dasvin:3	daswin:1
दसवें	dasven:2	dasway:1	dusve:1
दसों	dason:3
दस्त	dast:3
दस्तक	dastak:3
दस्ता	dasta:2	dastaa:1
दस्ताना	dastana:2	dastaanaa:1
दस्ताने	dastane:2	dastaane:1
दस्तानों	dastaanon:1	dastano:1	dastanon:1
दस्तावेज	dastavej:3
दस्तावेज़	dastavej:2	dastavez:1
दस्तावेजी	dastveji:2	dastaveji:1
दस्तावेजों	dastavejo:2	dastavejon:3
दस्ती	dasti:3
दस्तूर	dastur:2	dastoor:1
दस्ते	daste:3
दस्तों	daston:3
दस्युओं	dasyuon:3
दहक	dahak:3
दहन	dahan:3
दहल	dahal:3
दहला	dahala:1	dahalaa:1	dahla:1
दहाड़	dahad:2	dahaad:1
दही	dahi:3
दहेज	dahej:3
दा	da:3
दांडी	dandi:3
दांत	daant:5	dant:4
दांतों	danton:2	daanton:1
दाई	daai:2	dae:1	dai:1
दाउद	daud:2	daaud:1
दाउदी	daudi:2	daauudi:1
दाऊ	dau:2	daauu:1
दाऊद	daud:3	daauud:1	dauud:1	dawood:1
दाएं	daaen:1	daayen:1	daen:1
दाख़िल	dakhil:2	daakhil:1
दाखिल	dakhil:2	daakhil:1
दाखिला	dakhila:2	daakhila:1
दाखिले	dakhile:2	daakhile:1
दाग	daag:2	dag:1
दागना	daagna:1	daganaa:1	dagna:1
दाढ़ी	dadhi:2	daadhi:1
दाता	daataa:2	data:1
दाताओं	dataon:3	daataaon:1
दाद	daad:2	dad:1
दादर	dadar:3
दादरी	dadari:3
दादा	dada:4
दादागिरी	dadagiri:3
दादी	dadi:3
दादुर	dadur:3
दादू	dadu:3
दाधीच	dadhich:3
दान	daan:6	dan:2
दानकर्ता	dankarta:2	daankarta:1
दानव	danav:3	daanav:1
दानवता	daanavta:1	danvata:1	danvta:1
दानवी	daanvi:1	danavi:1	danvi:1
दानवीर	daanveer:1	danveer:1	danvir:1
दानवे	daanve:1	danave:1	danve:1
दानवों	daanvon:1	danavon:1	danvon:1
दानशील	danshil:2	daanshil:1
दाना	dana:3	daana:1
दानापुर	danapur:3
दानी	dani:2	daani:1
दाने	daane:3	dane:2
दानेदार	daanedar:1	danedaar:1	danedar:1
दानों	danon:2	daanon:1
दाब	daab:2	dab:1
दाभाड़े	dabhade:3	daabhade:1
दाभोलकर	dabholkar:3	daabholkar:1
दाम	daam:6
दामन	daaman:2	daman:1
दामले	damle:2	damale:1
दामाद	damad:3	daamaad:1
दामिनी	damini:6
दामों	damon:2	daamon:1
दामोदर	damodar:3
दाम्पत्य	dampatya:2	dampaty:1
दायर	dayar:3
दायरा	dayra:2	dayara:1
दायरे	dayre:3
दायरों	dayron:2	dayaron:1
दायित्व	daayitv:2	dayitv:1	dayitva:1	dayitwa:1
दायित्वों	dayitvon:2	dayityon:1
दायिनी	dayini:2	dayinie:1
दार	dar:2	daar:1
दारमा	darma:2	daramaa:1	darmaa:1
दारा	dara:3	daaraa:1
दारुण	darun:3
दारुल	darul:3
दारू	daru:2	daaru:1
दारूल	darul:3
दारोगा	daroga:3
दार्जिलिंग	darjeeling:3
दार्शनिक	darshnik:2	daarshnik:2	darshanik:1
दाल	daal:3	dal:1
दालचीनी	dalchini:2	daalcheenee:1	daalcheeni:1
दाली	daali:2	daalee:1	dalee:1	dali:1
दालों	dalon:2	daalon:1	dalo:1
दाव	daav:2	daaw:1	dav:1	daw:1
दावत	dawat:2	daavat:1	daawat:1
दावा	dava:3	daava:1	daawa:1	davaa:1
दावे	daave:3	daawe:1	dawe:1
दावेदार	davedaar:2	daavedaar:1	daawedaar:1	davedar:1
दावेदारी	davedari:2	daavedaari:1	daavedaree:1	daawedaaree:1
दावों	daavon:1	daon:1	davon:1	dawon:1
दाश	dash:2	daash:1
दास	das:4	daas:2
दासता	daasta:1	dasata:1	dasta:1
दासत्व	dasatv:2	dastav:1
दासवानी	dasvani:2	daaswani:1
दासी	dasi:2	daasi:1
दासू	dasu:2	daasu:1
दासों	dason:2	daason:1
दास्तान	daasataan:1	daastaan:1	dastan:1
दाह	daah:2	dah:1
दाहसंस्कार	dahsanskar:3	daahsanskar:2
दाहिना	dahina:3
दाहिनी	dahini:3
दाहिने	dahine:3
दाहोद	dahod:3
दि	the:5	di:2
दिंगबर	digambar:1	dingabar:1	dingbar:1
दिए	diye:7	diae:1	die:1
दिक्कत	dikkat:3
दिख	dikh:3
दिखता	dikhata:2	dikhta:2	dikhtaa:2
दिखती	dikhti:3
दिखते	dikhte:3
दिखना	dikhna:3	dikhnaa:1
दिखने	dikhne:3
दिखनेवाले	dikhnewale:3	dikhnevaale:1	dikhnewaale:1
दिखया	dikhyaa:3	dikhya:1
दिखला	dikhla:2	dikhlaa:2
दिखलाई	dikhlaai:2	dikhlaaee:1	dikhlaee:1	dikhlai:1
दिखलाए	dikhlaaye:2	dikhlaye:2
दिखलाता	dikhlaata:2	dikhlata:2	dikhlaataa:1	dikhlataa:1
दिखलाया	dikhlaaya:2	dikhlaya:2	dikhlaayaa:1
दिखा	dikhaa:2	dikha:3
दिखाइए	dikhaiye:2	dikhaaiye:1	dikhaiae:1
दिखाइये	dikhaiye:3	dikhaaiye:1
दिखाई	dikhai:10	dikhaai:2	dikhayi:1
दिखाईं	dikhaaee:1	dikhaai:1	dikhaain:1	dikhaee:1
दिखाए	dikhaye:2	dikhae:1
दिखाएगा	dikhaega:2	dikhaayegaa:1	dikhayega:1
दिखाओ	dikhao:3
दिखाता	dikhata:3	dikhaataa:1
दिखाती	dikhati:3	dikhaati:1
दिखाते	dikhate:3
दिखाना	dikhana:3	dikhaanaa:1
दिखानी	dikhani:3
दिखाने	dikhane:2	dikhaane:1
दिखाया	dikhaya:2	dikhayaa:1
दिखायी	dikhayi:2	dikhai:1
दिखाये	dikhaye:3
दिखार्इ	dikhaai:1	dikhae:1	dikhai:1	dikhayi:1
दिखावटी	dikhavati:3	dikhawati:3	dikhaavati:1
दिखावा	dikhava:2	dikhaavaa:1	dikhawa:1
दिखी	dikhi:3
दिखे	dikhe:3
दिखेंगे	dikhenge:3
दिखेगा	dikhega:1	dikhegaa:1	dikhunga:1	dikhungaa:1
दिखेगी	dikhegi:3	dikhegee:1
दिगंबर	digambar:2	digambara:1
दिगर	digar:3
दिग्गज	diggaj:4
दिग्गजों	diggajon:3
दिग्विजय	digvijay:2	digvijaya:1
दिता	ditaa:2	dita:1
दिन	din:3
दिनकर	dinkar:3
दिनचर्या	dincharyaa:2	dincharya:1
दिनदहाड़े	dindahaade:3
दिनरात	dinraat:2	dinrat:1
दिनरात्रि	dinraatri:2	dinratri:1
दिनांक	dinank:2	dinaank:1
दिनाजपुर	dinajpur:2	dinakpur:1
दिनेश	dinesh:3
दिनो	dino:3
दिनों	dinon:4
दिब्येंदु	dibyendu:3
दिमाग	dimaag:2	dimag:2
दिमागी	dimagi:2	dimaagi:1
दिमागों	dimagon:2	dimaagon:1
दिया	diya:5	diyaa:1
दियारा	diyara:2	diyaara:1
दियास	diyas:2	diyaas:1
दियासलाई	diyaasalaai:1	diyasalaai:1	diyasalae:1	diyasalai:1
दिये	diye:3
दिरहम	dirham:3
दिल	dil:5
दिलचस्प	dilchasp:2	dilchaspi:1
दिलचस्पी	dilchaspi:3
दिलजले	diljale:6
दिलवाए	dilvaaye:1	dilvae:1	dilwaaye:1	dilwaye:1
दिलवाड़ा	dilwada:2	dilvaadaa:1	dilvada:1	dilwaada:1
दिलवाता	dilwaata:2	dilwata:2	dilvaataa:1	dilvata:1
दिलवाना	dilvana:2	dilwana:2	dilvaana:1	dilwaana:1
दिलवाने	dilvane:2	dilwane:2	dilvaane:1	dilwaane:1
दिलवाया	dilwaaya:2	dilwaya:2	dilvaaya:1	dilvaya:1
दिलशान	dilshaan:2	dilshan:2
दिला	dila:3	dilaa:1
दिलाई	dilai:2	dilaaee:1	dilaai:1	dilae:1
दिलाएं	dilaen:2	dilayein:1
दिलाता	dilata:3	dilaataa:1
दिलाती	dilati:3	dilaati:1
दिलाते	dilate:2	dilaate:1
दिलाना	dilana:2	dilaanaa:1
दिलाने	dilane:2	dilaane:1
दिलाया	dilaya:2	dilaaya:1	dilayaa:1
दिलायी	dilayi:3	dilaayi:1
दिलाये	dilaye:3	dilaaye:1
दिलिप	dilip:2	dileep:1
दिलीप	dilip:3
दिलेर	diler:3
दिलेरी	dileri:3	dileree:1
दिलों	dilon:3
दिल्ली	delhi:10	dili:1	dilli:1
दिवंगत	divangat:3	diwangat:1
दिवस	divas:4	diwas:3
दिवसीय	divasiya:2	divaseeya:1	divsiy:1	diwaseeeya:1
दिवसों	divason:3	diwason:1
दिवाकर	divaakar:1	divakar:1	diwaakar:1	diwakar:1
दिवान	divan:2	diwaan:2	diwan:2	divaan:1
दिवानी	diwani:3	deewani:1
दिवाला	divala:2	divaalaa:1	diwaala:1
दिवालिया	divaliya:1	divliya:1	diwaliya:1	diwliya:1
दिवालियापन	divaaliyaapan:1	divaliyapan:1	diwaaliyaapan:1	diwaliyapan:1
दिवालियेपन	divaaliyepan:1	divaliyepan:1	diwaaliyepan:1	diwaliyepan:1
दिवाली	diwali:6	divali:1	diwaali:1
दिविक	divik:3	diwik:1
दिवेर	diver:3
दिव्य	divya:2	divy:1
दिव्यता	divyata:3
दिव्या	divya:3
दिव्यांका	divyanka:3
दिशा	disha:3
दिशाएं	dishaen:2	dishayen:1
दिशाओं	dishaon:3	dishaaon:1
दिशानिर्देश	dishanirdesh:3
दिशानिर्देशों	dishanirdeshon:3
दिसंबर	december:3
दिसपुर	dispur:3
दिसा	disa:3
दिसुम	disum:3
दी	di:2	the:1
दीं	din:3
दीए	diae:1	die:1	diye:1
दीक्षा	diksha:4	deeksha:1	dikha:1
दीक्षांत	dikshant:3
दीक्षित	dixit:4	dikshit:4
दीगर	digar:2	deegar:1
दीजिए	dijia:1	dijiae:1	dijiye:1
दीदी	didi:3
दीन	deen:2	din:1
दीना	deena:2	dina:1
दीनानाथ	dinanath:3	deenanath:2
दीनार	dinar:3	deenar:2
दीप	deep:2	dip:1
दीपक	deepak:3	dipak:1
दीपचंद	deepchand:1	deepchandra:1	dipchand:1
दीपन	deepan:1	deepn:1	dipan:1
दीपम	deepam:2	dipam:1
दीपसिंह	deepsingh:2	dipsingh:1
दीपा	deepa:2	dipa:1
दीपालपुर	dipalpur:2	deepalpur:1
दीपाली	deepali:2	dipali:2	deepalee:1
दीपावली	dipawali:2	deeepawali:1	deepavali:1
दीपिका	deepika:3	dipika:1
दीपेंद्र	dipendra:2	deependra:1
दीपेश	dipesh:2	deepesh:1
दीप्ति	deepti:2	dipti:1
दीप्तिमान	deeptimaan:1	diptimaan:1	diptiman:1
दीमक	dimak:3	deemak:1
दीमापुर	dimapur:3
दीया	diya:3	deeya:1
दीयों	diyon:2	deeyon:1
दीर्घ	dirgh:2	dirgha:2	deergha:1
दीर्घकाल	deerghakaal:1	dirghakaal:1	dirghakal:1	dirghkaal:1
दीर्घकालिक	deerghakaleek:1	dirghakaaalik:1	dirghakalika:1	dirghkaalik:1
दीर्घकालीन	deerghakaleen:1	dirghakaleen:1	dirghakalin:1	dirghkaalin:1
दीर्घा	dirgha:2	deerghaa:1	dirghaa:1
दीर्घायु	dirghayu:2	deerghaayu:1
दीव	deev:2	div:1
दीवान	deewan:1	divaan:1	divan:1	diwaaan:1
दीवाना	deewana:2	diwana:1
दीवानी	diwani:2	deewani:1
दीवाने	diwane:2	deewane:1
दीवानों	deewanon:2	diwanon:1
दीवार	deewaar:1	deewar:1	diwar:1
दीवारें	deewaarein:1	deewaren:1	diwarein:1
दीवारों	deewaaron:1	deewaron:1	diwaron:1
दीवालिया	diwaliya:2	diwaaliya:1
दीवाली	diwali:5	deewali:4
दुंदुभी	dundubhi:3
दुआ	dua:2	duaa:1
दुआओं	duaon:2	duaaon:1
दुकान	dukaan:2	dukan:1
दुकानदार	dukaandaar:1	dukaardaar:1	dukandar:1
दुकानदारी	dukaandaari:2	dukandari:1
दुकानदारों	dukaandaaron:2	dukandaron:1
दुकानें	dukaane:1	dukaanen:1	dukanen:1
दुकानों	dukaanon:2	dukanon:1
दुक्के	dukke:3
दुख	dukh:10	dukha:1
दुखद	dukhad:5
दुखदाई	dukhdaai:2	dukhdae:1
दुखन	dukhan:3
दुखने	dukhne:3
दुखांत	dukhaant:2	dukhant:2
दुखित	dukhit:3
दुखियों	dukhiyon:3
दुखी	dukhi:6
दुखों	dukhon:6
दुगना	dugna:2	dugana:1
दुगनी	dugani:1	dugni:1	duguni:1
दुगुनी	duguni:3
दुगुने	dugune:3
दुग्ध	dugdh:2	dugdha:1
दुघर्टना	durghatna:2	dughartna:1
दुत्कार	dutkaar:3
दुधवा	dudhwa:2	dudhavaa:1
दुधारू	dudharu:2	dudhaaroo:1	dudhaaru:1
दुधिया	dudhiya:2	dudhiyaa:1
दुनिया	duniya:2	duniyaa:1
दुनियां	duniyan:2	duniyaa:1
दुनियाओं	duniyaon:2	duniyaaon:1
दुनियादार	duniyaadaar:1	duniyadaar:1	duniyadar:1
दुनियाभर	duniyabhar:5	duniyaabhar:1
दुनियावी	duniyavi:3
दुपट्टा	dupatta:5	duptta:1
दुपट्टे	dupatte:3
दुपहर	duphar:2	dupahar:1
दुपहिया	duphiya:2	dupahiya:1
दुबई	dubai:3
दुबक	dubak:3
दुबला	dubla:3
दुबारा	dubara:3	dubaara:1
दुबे	dube:4	dubey:2
दुभाषिया	dubhashiya:3
दुभाषियों	dubhashiyon:3
दुम	dum:3
दुमट	dumat:3
दुरपयोग	durupyog:2	durpyog:1
दुराचरण	duracharan:3	duraacharan:1
दुराचार	durachar:3	duraachaar:1
दुरानी	durani:3	duraani:1
दुरी	duri:3
दुरुपयोग	durupyog:3
दुरूपयोग	durupyog:2	durupayog:1
दुरूह	duruh:2	durruh:1
दुर्ग	durgh:2	durg:4
दुर्गंध	durgandh:2	durganddh:1
दुर्गम	durgam:3	durgaum:1
दुर्गा	durga:7
दुर्गादास	durgadas:3
दुर्गावती	durgavati:3	durgawaati:1
दुर्गुण	durgun:3
दुर्गे	durge:3
दुर्गों	durgon:2	durgo:1
दुर्घटना	durghatna:2	durghtna:1
दुर्घटनाओं	durghatnaon:2	durghtnaon:1
दुर्घटनाग्रस्त	durghatnagrasta:1	durghatnagrasth:1	durghtnagrast:1
दुर्घटनावश	durghatnavash:3
दुर्जन	durjan:3
दुर्दशा	durdasha:3
दुर्दिन	durdin:3
दुर्नीति	durniti:2	duneerti:1
दुर्बल	durbal:3
दुर्बलता	durbalta:3
दुर्भाग्य	durbhagya:3
दुर्भाग्यवश	durbhagyavash:3
दुर्भाग्यशाली	durbhagyashali:2	durbhagyshali:1
दुर्भिक्ष	durbhiksh:3
दुर्योधन	duryodhan:3
दुर्रानी	durrani:3
दुर्लभ	durlabh:5	durlbh:1
दुर्वासा	durvasa:3
दुर्व्यवहार	durvayavhar:1	durvyavahar:1	durvyavhwar:1	durvyvahar:1
दुल्हन	dulhan:3
दुल्हा	dulha:3
दुविधा	duvidha:2	duvidhaa:1	duwidhaa:1
दुविधाएं	duvidhaen:2	duvidhaaen:1	duvidhaayein:1	duwaidhaayein:1
दुश्मन	dushman:3
दुश्मनी	dushmani:2	dusgmani:1
दुश्मनों	dushmanon:3
दुष्कर	dushkar:3
दुष्कर्मों	dushkarmon:2	duskarmo:1
दुष्ट	dusht:2	dust:1
दुष्परिणाम	dushparinaam:2	dusparinam:1
दुष्प्रभाव	dushprabhav:2	dusprabhav:1
दुष्प्रभावों	dushprabhaavon:1	dushprabhavon:1	dusprabhavon:1
दुष्यंत	dushyant:3
दुसरा	dusra:3
दुसरी	dusri:3
दुसरे	dusre:3
दुस्साहसिक	dussahasik:1	dussahisik:1	dussahsik:1
दुहाई	duhaai:1	duhai:1	duhaie:1
दूं	dun:2	doon:1
दूंगा	dunga:3
दूंगी	dungi:3
दूकान	dukan:2	dukaan:1
दूगड़	dugad:2	dugadh:1
दूज	duj:2	dooje:1
दूत	doot:2	dut:1
दूतावास	doothavaas:1	dutaavaas:1	dutaawaas:1	dutavas:1
दूतावासों	dutavashon:1	dutavason:1	dutvaason:1	dutwaason:1
दूतों	duton:2	doothon:1
दूदू	dudoo:2	dudu:2
दूध	dudh:3	doodh:1
दूधनाथ	doodhnath:2	dudhnath:2	dudhnaath:1
दूधी	dudhi:3
दून	dun:3	doon:1
दूना	duna:3	doona:1
दूने	dune:3
दूभर	dubhar:2	dubhr:1
दूर	dur:3	door:2
दूरगामी	durgaami:2	durgami:1
दूरदराज	doordaraj:2	doordaraz:1	durdaraaj:1	durdaraj:1
दूरदर्शन	doordarshan:2	durdarshan:1
दूरदर्शिता	doordarshita:1	doordarshitaa:1	durdarshitaa:1	durdshita:1
दूरदर्शी	durdarshi:3	doordarshi:2
दूरदृष्टा	doordristha:1	doorhashta:1	durdrashta:1	durhashta:1
दूरबीन	durbin:2	doorbin:1	durbeen:1
दूरबीनों	durbinon:3	doorbinon:2
दूरभाष	doorbhaash:1	doorbhash:1	durbhaash:1	durbhash:1
दूरसंचार	doorsanchaar:1	doorsanchar:1	dursanchar:1
दूरस्थ	durasth:2	dursth:1
दूरियों	duriyon:2	dooriyon:1
दूरी	duri:2	doori:1
दूर्गा	durga:2	doorga:1
दूल्हे	dulhe:2	dulhey:1
दूषित	dushit:3
दूसरा	dusra:3	doosra:1
दूसरी	dusri:3	doosri:1
दूसरे	dusre:2	doosre:1	dusrey:1
दूसरों	dusron:2	doosron:1	dusraun:1
दृग	drag:1	drig:1	hug:1
दृढ़	dradh:2	dridh:1
दृढ़ता	dradhataa:1	dradhta:1	dridhta:1
दृश्य	drushy:5	drishya:3	drashya:1	drishy:1
दृश्यता	drashyata:1	drashyataa:1	drishytah:1
दृश्यमान	drishyamaan:1	drishyaman:1	drishyman:1
दृश्यश्रव्य	drashyashravya:1	drishashravya:1	drishyshrvy:1
दृश्यों	drishyon:3
दृष्ट	drisht:3
दृष्टया	drishtya:2	drishtyaa:1
दृष्टांत	drishtaant:2	drashtant:1
दृष्टि	drushti:12	drishti:3
दृष्टिकोण	drushtikon:5	drishtikon:3
दृष्टिकोणों	drashtikonon:1	drishtikono:1	drishtikonon:1
दृष्टिगत	drishtigat:2	drishtigath:1
दृष्टिगोचर	drishtigochar:3
दृष्टियों	drashtiyon:1	drishtiyon:1	dristiyon:1
दृष्टी	drashti:1	drishti:1	dristi:1
दे	de:4
दें	den:3
देंगे	denge:3
देओल	deol:5
देकर	dekar:3
देख	dekh:7
देखकर	dekhkar:3
देखता	dekhta:3
देखती	dekhti:3
देखते	dekhte:3
देखना	dekhana:2	dekhna:3
देखने	dekhne:3
देखनेवाले	dekhnevale:3	dekhnevaale:1	dekhnewaale:1	dekhnewale:1
देखरेख	dekhrekh:3
देखा	dekha:2	dekhaa:1
देखिए	dekhiae:2	dekhiye:1
देखी	dekhi:3
देखे	dekhe:4
देखें	dekhe:3	dekhen:2	dekhein:1
देखेंगे	dekhenge:3
देखो	dekho:7
देखोगे	dekhoge:3
देगा	dega:3	degaa:1
देगी	degi:3
देघाट	deghat:2	deghaat:1
देता	deta:3
देती	deti:6
देते	dete:3
देन	den:3
देनदारियां	dendaariyaan:1	dendaariyan:1	dendariyan:1
देनदारी	dendaari:2	dendari:1
देना	dena:2	denaa:1
देनी	deni:3
देने	dene:3
देनेवाला	denevala:2	denewala:2	denevaalaa:1	denewaalaa:1
देनेवाली	denevali:2	denewali:2	denevaali:1	denewaali:1
देनेवाले	denevale:2	denewale:2	denevaale:1	denewaale:1
देबू	debu:2	deboo:1
देय	dey:2	deya:1
देयता	deyata:1	deyta:1	deytaa:1
देयर	deyar:2	dare:1
देर	der:3
देरी	deri:3
देवकली	devkali:3
देवकी	devaki:5	devki:3
देवकीनंदन	devkinandan:3
देवकुमार	devkumar:3
देवकोटा	devkota:3
देवगढ़	devgadh:3
देवगन	devgan:4
देवघर	deoghar:1	devdhr:1	devghar:1
देवता	devta:3	devata:2	devataa:1	devtaa:1
देवताओं	devtaon:2	devtaaon:1
देवतागण	devtagan:2	devataagan:1
देवताले	devtale:3
देवत्व	devattwa:2	devatv:1	devatva:1	devtv:1
देवदत्त	devadatt:1	devdatt:1	devdutt:1
देवदार	deodar:1	devdaar:1	devdar:1
देवदास	devdas:3
देवदासी	devadasi:2	devdaasi:1
देवन	devan:3
देवनागरी	devnagari:4	devanagari:1	devnagri:1
देवनार	deonar:1	devnaar:1	devnar:1
देवबंद	devband:2	deoband:1
देवयानी	devyani:3	devayani:2	devayaani:1
देवर	devar:6	devarbhabhi:1
देवरस	devras:3
देवराज	devraj:2	devraaj:1
देवरानी	devrani:3
देवरिया	devriya:2	devariya:1
देवर्षि	devarshi:2	devrshi:1
देवल	deval:3
देवलिया	devliya:2	devaliya:1
देवशयन	devshayan:2	devshyan:1
देवसेना	devsena:2	devasena:1
देवस्थल	devsthal:3
देवा	devaa:2	deva:1
देवांश	devaansh:2	devansh:2
देवानंद	devanand:3
देवानंदपुर	devanandpur:3
देवानी	devaani:2	devani:1
देवापुर	devapur:2	devaapur:1
देवाराम	devaram:2	devaaraam:1
देवालय	devaalay:1	devaalaya:1	devalay:1
देवालयों	devalayon:2	devaalayon:1
देवास	dewas:2	devas:1
देवासुर	devasur:3
देविका	devika:3
देवियां	deviyaan:2	deviyan:1
देवियों	deviyon:2	devyon:1
देवी	devi:6
देवीगढ़	devigadh:2	devigarh:1
देवीदास	devidaas:2	devidas:1
देवीदेवताओं	devidevataaon:1	devidevtaaon:1	devidevtaoa:1
देवीसिंह	devisingh:2	devisinh:1
देवू	devu:3
देवेगौड़ा	devegauda:1	devegoda:1	devegowda:1
देवेन	deven:3
देवों	devon:3
देश	desh:8
देशकाल	deshkaal:2	deshkal:1
देशके	deshke:3
देशज	deshaj:2	deshj:1
देशद्रोह	deshdroh:2	deshdroha:1
देशद्रोहियों	deshdrohiyon:3
देशना	deshna:2	deshnaa:1
देशपांडे	deshpande:2	deshpandey:1
देशप्रेम	deshprem:3
देशबंधु	deshbandhu:3
देशभक्त	deshbhakt:2	deshbhakta:1
देशभक्ति	deshbhakti:3
देशभक्तिपूर्ण	deshbhaktipooran:1	deshbhaktipoorna:1	deshbhaktipurna:1	deshbhktipurn:1
देशभक्तों	deshbhakton:2	deshbhkton:1
देशभर	deshbhar:6
देशमुख	deshmukh:3
देशरत्न	deshratna:2	deshratan:1
देशराज	deshraj:2	deshraaj:1
देशवासियों	deshvaasiyon:1	deshvasiyon:1	deshwaasiyon:1	deshwasiyon:1
देशवासी	deshvaasi:1	deshvasi:1	deshwaaasi:1	deshwasi:1
देशविदेश	deshvidesh:3
देशव्यापी	deshvyapi:2	deshvyaapi:1
देशांतर	deshantar:2	deshaantar:1
देशीकरण	deshikaran:3
देशों	deshon:6
देसाई	desai:3
देसी	desi:8
देह	deh:3
देहरादून	dehradun:5
देहांत	dehant:3
देहाती	dehati:5
देहावसान	dehavasan:2	dehavsan:1
दैट	that:2	dait:1
दैत्य	daity:2	deity:1
दैत्याकार	daityaakaar:1	daityakar:1	deityakar:1
दैत्यों	daityon:2	deityon:1
दैनिक	dainik:10	danik:1
दैन्य	dainya:2	dainy:1
दैर	dair:2	dar:1
दैव	daiv:2	dev:1
दैवज्ञ	daivagy:1	daivajny:1	daivgya:1
दैवी	daivi:2	devi:1
दैवीय	daiviy:2	daivya:1
दैहिक	daihik:3
दो	do:3
दोगले	dogale:2	dogle:1
दोगुना	doguna:3
दोगुनी	doguni:3
दोगुने	dogune:3
दोगे	doge:3
दोदो	dodo:3
दोपहर	dopahar:2	dophar:1
दोबारा	dobara:3
दोमट	domat:3
दोरजी	dorji:3
दोराई	dorai:2	doraie:1
दोराहे	dorahe:3
दोष	dosh:6
दोषी	doshi:3
दोषों	doson:2	doshon:3
दोस्त	dost:3
दोस्तपुर	dostpur:3
दोस्ताना	dostana:3
दोस्ती	dosti:3
दोस्तों	doston:3
दोहरा	dohara:2	dohra:1
दोहराएं	dohraen:2	doharayen:1
दोहराते	dohrate:2	doharaate:1
दोहराने	dohrane:2	doharaane:1	doharane:1
दोहराया	dohraya:3
दोहराव	dohrav:2	dohrao:1
दोहरी	dohri:2	dohari:4
दोहरे	dohre:2	dohare:1
दोहा	doha:6
दोहे	dohe:6
दोहों	dohon:3
दौड़ता	daudta:2	daudata:1
दौड़ते	daudte:2	daudate:1
दौड़ने	daudne:2	daudane:1
दौड़ाने	daudane:3
दौड़ें	dauden:2	daudein:1
दौर	daur:3	dour:1
दौरा	daura:3
दौरान	dauran:2	dauraan:1
दौरे	daure:3	doure:1
दौरों	dauron:3
दौलत	daulat:3
दौलतपुर	daulatpur:3
दौला	daula:3
दौसा	dausa:3
दौहित्र	dauhitr:1	dauhitra:1	dohitr:1
द्बारा	dbaara:1	dbaaraa:1	dwbara:1
द्रमुक	dramuk:2	drmuk:1
द्रव	drav:3
द्रविड़	dravid:3
द्रव्य	dravya:4	dravy:1	drvy:1
द्रव्यमान	dravyaman:3
द्रव्यों	dravyon:3
द्रास	dras:3
द्रुत	drut:3
द्रुपद	drupad:3
द्रोण	dron:3
द्रोणागिरी	dronagiri:2	dronageeri:1
द्रोणाचार्य	dronaacharya:1	dronachary:1	dronacharya:1
द्रोपदी	dropadi:2	draupadi:1
द्रोही	drohi:3
द्रौपदी	draupadi:2	dropadi:1
द्वंद्व	dvanadv:2	dvandav:1
द्वंद्वों	dvanadvon:2	dvandvon:1
द्वादश	dvadash:2	dwaadas:1
द्वादशी	dwadashi:2	dvadashi:1
द्वापर	dwapar:2	dvapara:1
द्वार	dwar:4	dvar:1	dwaar:1
द्वारका	dwarka:3	dwaarka:2	dvaraka:1
द्वारकापीठ	dwarkapeeth:1	dwarkapith:1	dwarkapitha:1
द्वारचार	dwarchar:2	davarchar:1
द्वारपाल	dwarpal:2	davarpal:1
द्वारा	dwara:4	davara:1	dvara:1
द्वारों	dwaron:2	dvaron:1
द्विज	davij:1	dvij:1	dwij:1
द्वितीय	dwitiy:5	dwitiya:2	dvitiya:1
द्वितीयक	dwitiyak:2	dvitiyak:1
द्वितीया	dvitiya:1	dwitiya:1	dwitiyaa:1
द्वितीयेश	davitiyesh:1	dvitiyesh:1	dwitiyesh:1
द्विपक्षीय	davipakshiy:1	dvipakshiy:1	dvipakshiya:1
द्विभाषी	dvibhashi:2	davibhashi:1
द्विभाषीय	davibhashiy:1	dvibhashiy:1	dvibhashiya:1
द्विवर्षीय	dvivarshiya:2	davivarshiy:1	dwivarshiya:1
द्विवेदी	dwivedi:2	dvivedi:1
द्विस्तरीय	dvistariya:2	dvistariy:1	dwistariya:1
द्विस्वभाव	davisvbhav:1	dvisvabhav:1	dwiswabhav:1
द्वीप	dvip:2	dweep:4	dveep:1
द्वीपसमूह	dvipsamuh:2	dweepsamuh:2
द्वीपीय	dvipiya:2	dvipiy:1
द्वीपों	dweepon:2	dvipon:1
द्वेश	davesh:1	dvesh:1	dwesh:1
द्वेष	dvesh:2	davesh:1	dwesh:1
द्वैत	dvait:2	davait:1
द्वैपायन	dvaipaayan:1	dvaipayan:1	dwaipayan:1
द्वैमासिक	dvaimaasik:2	dvaimasik:2
धंधा	dhandha:2	dhanda:1
धंधे	dhande:1	dhandhe:1	dhndhe:1
धंधों	dhandhon:2	dhandon:1
धंसा	dhansa:2	dhansaa:1
धंसी	dhansi:3
धंसे	dhanse:3
धकेल	dhakel:3
धकेलता	dhakelta:2	dhakelata:1
धकेलते	dhakelte:2	dhkelate:1
धकेलना	dhakelna:2	dhakelana:1
धकेलने	dhakelne:2	dhakelane:1
धकेले	dhakele:3
धक्का	dhakka:3
धज्जियां	dhajjiyan:2	dhajjiyaan:1
धटना	dhatna:2	dhatana:1
धड़	dhad:3
धड़क	dhadak:3
धड़कन	dhadkan:3
धड़कनें	dhadaknein:1	dhadkane:1	dhadkanein:1
धड़ल्ले	dhadalle:2	dhadlle:1
धतूरा	dhatura:2	datura:1
धधकने	dhadhkane:2	dhadhakane:1
धन	dhan:3
धनंजय	dhananjay:3	dhananajay:1	dhananjai:1	dhananjoy:1
धनकुबेर	dhankuber:3
धनतेरस	dhanteras:4
धनधान्य	dhandhanya:3	dhanadhany:1	dhandhaanya:1	dhandhany:1
धनपाल	dhanpal:3
धनबल	dhanbal:6
धनबाद	dhanbad:2	dhanbaad:1
धनराज	dhanraj:2	dhanraaj:1
धनराशि	dhanrashi:2	dhanarashi:1
धनवान	dhanvaan:1	dhanvan:1	dhanwan:1
धनवार	dhanwar:2	dharvar:1
धनाढ्य	dhanaadhy:1	dhanaday:1	dhanadhya:1
धनात्मक	dhanatmak:2	dhanaatmak:1
धनार्थी	dhanarthi:3
धनिया	dhaniya:3
धनी	dhani:3
धनु	dhanu:3
धनुर्विद्या	dhanurvidya:3
धनुष	dhanush:3
धनुषबाण	dhanushbaan:3
धनुषा	dhanusha:3
धनेश	dhanesh:3
धनोप	dhanop:3
धनौली	dhanauli:2	dhanoli:1
धन्नो	dhanno:3
धन्य	dhanya:5	dhany:3
धन्यवाद	dhanyavad:2	dhanyawad:2	dhanyavaad:1	dhanyvad:1
धब्बा	dhabba:2	dhabbaa:1
धब्बे	dhabbe:3
धब्बेदार	dhabbedaar:2	dhabbedar:1
धब्बों	dhabbon:2	dhabbo:1
धम	dham:3
धमकाकर	dhamkakar:2	dhamkaakar:1
धमकाता	dhamkata:2	dhamkaataa:1
धमकाना	dhamkana:2	dhamkaanaa:1
धमकाने	dhamkaane:1	dhamkane:1	dhamkaney:1
धमकाया	dhamkaya:2	dhamkaayaa:1
धमकी	dhamki:2	dhmaki:1
धमधा	dhamdhaa:2	dhamdha:1
धमन	dhaman:3
धमनियां	dhamniyan:2	dhamaniyaan:1
धमनियों	dhamniyon:2	dhamaniyon:1
धमनी	dhamni:3
धमाका	dhamaka:2	dhamaakaa:1
धमाके	dhamake:2	dhamaake:1
धमाकेदार	dhamakedar:2	dhamaakedaar:1
धमाकों	dhamaakon:1	dhamakon:1	dhamkon:1
धमारा	dhamaara:1	dhamaaraa:1	dhamara:1
धम्म	dhamm:3
धम्मपद	dhammpad:3
धम्मा	dhamma:2	dhammaa:1
धर	dhar:3
धरकर	dharkar:3
धरती	dharti:5	dharati:1
धरना	dharna:2	dharnaa:1
धरने	dharne:3
धरपकड़	dharpakad:6	dharpakar:1
धरमपुरी	dharampuri:2	dharmpuri:1
धरयो	dharyo:2	daryo:1
धरहरा	dharhara:3
धरा	dhara:3
धरातल	dharatal:3
धरातलीय	dharataliy:2	dhrataliya:1
धरान	dharaan:1	dharan:1	dhran:1
धरोहर	dharohar:3
धरोहरों	dharoharon:3
धर्म	dharm:6
धर्मगुरु	dharmguru:3
धर्मनाथ	dharmnath:3
धर्मनिरपेक्ष	dharmnirpeksh:5	dharmnirpeksha:1
धर्मनिरपेक्षता	dharmnirpekshata:3	dharmnirpekshta:3
धर्मपरिवर्तन	dharmparivartan:5
धर्मपाल	dharmpal:3
धर्मपुरी	dharmpuri:3
धर्मयुद्ध	dharmyuddh:3
धर्मराज	dharmraj:3
धर्मवीर	dharmveer:2	dharmvir:1
धर्मशाला	dharmshala:2	dharamsala:1
धर्मशास्त्र	dharmshastra:2	dharmasastra:1
धर्मशास्त्रों	dharmshastron:5	dharmasastron:1
धर्मसंघ	dharmsangh:3
धर्मा	dharma:3
धर्मांतरण	dharmantaran:2	dharmantran:1
धर्माधिकारियों	dharmadhikarion:1	dharmadhikariyon:1	dharmadhikriyon:1
धर्माधिकारी	dharmadhikari:3
धर्मारण्य	dharmarany:1	dharmaranya:1	dharmarnya:1
धर्मार्थ	dharmarth:2	dharmaarth:1
धर्मावलंबी	dharmaavalambi:1	dharmavalambi:1	dharmavlambi:1
धर्मेश	dharmesh:3
धर्मों	dharmon:3
धर्मोपदेश	dharmopadesh:2	dhrmopadesh:1
धवन	dhawan:3	dhavan:1
धस्माना	dhasmana:2	dhasmaanaa:1
धाक	dhaak:2	dhak:1
धागा	dhaaga:1	dhaagaa:1	dhaga:1
धागे	dhaage:4	dhage:2
धागों	dhaagon:2	dhagon:1
धातु	dhatu:7	dhaatu:4	dhati:1
धातुएं	dhaatuein:1	dhaatuyein:1	dhtuen:1
धातुओं	dhaatuon:2	dhatuon:1
धातुकर्म	dhaatukarm:1	dhaatukarma:1	dhatukarm:1
धातृ	dhaatr:1	dhaatru:1	dhatri:1
धान	dhan:2	dhaan:2
धानी	dhaani:2	dhani:1
धाबी	dhaabi:2	dhabi:1
धाम	dham:2	dhaam:5
धामनोद	dhaamnod:2	dhamnod:1
धार	dhar:2	dhaar:1
धारक	dharak:2	dhaarak:1
धारकों	dhaarakon:1	dharakon:1	dharkon:1
धारण	dharan:3	dhaarann:1	dharna:1
धारणा	dharana:3	dharna:2	dhaarnaa:1
धारणाएं	dhaaranaayein:1	dharnaae:1	dharnayein:1
धारणाओं	dharnaon:2	dhaarnaaon:1
धारदार	dhardar:2	dhaardaar:1
धारा	dhara:2	dhaaraa:1
धाराएं	dharayen:3	dhaarayein:1	dharaae:1	dharayein:1
धाराओं	dharaon:2	dhaaraaon:1
धाराप्रवाह	dhaaraapravaaha:1	dharapravah:1	dharaprawah:1
धारावाहिक	dharavahik:2	dhaaraavahik:1
धारावाहिकों	dharavahikon:2	dhaaraavaahikon:1
धारियां	dhaariyaan:1	dhariya:1	dhariyan:1
धारियों	dhariyon:2	dhaariyon:1
धारी	dhari:2	dhaari:1
धारीदार	dharidar:2	dharidaar:1
धारों	dharon:3
धार्मिक	dharmik:5	dhaarmik:1
धार्मिकता	dharmikta:2	dharmikata:1
धालीवाल	dhaliwal:2	dhalival:1
धावक	dhavak:3
धावा	dhava:3
धावे	dhave:3
धी	dhi:2	dhee:1
धीमा	dheema:2	dhima:2
धीमापन	dhimapan:3
धीमी	dhimi:3	dheemi:1
धीमे	dhime:3
धीर	dheer:2	dhir:2
धीरज	dheeraj:2	dhiraj:2
धीरे	dhire:8	dheere:2
धीरेधीरे	dheeredheere:2	dhiredhire:2
धुंआ	dhunaa:2	dhuan:1
धुंआधार	dhuandhar:1	dhunaadhaar:1	dhunaadhar:1	dhunadhar:1
धुंध	dhundh:2	dhunadh:1
धुंधला	dhundhala:1	dhundhla:1	dhundla:1
धुंधलापन	dhundhlapan:2	dhundhalapan:1
धुंधली	dhundhali:2	dhundhli:1
धुंधले	dhundhale:2	dhundhle:1
धुआं	dhuan:3
धुएं	dhuae:1	dhuen:1	dhuyen:1
धुत	dhut:3
धुत्त	dhutt:3
धुन	dhun:3
धुनाई	dhunai:2	dhunaai:1
धुने	dhune:3
धुनों	dhunon:3
धुप	dhoop:2	dhup:3
धुर	dhur:3
धुरिया	dhuriya:2	dhuriyaa:1
धुरी	dhuri:3
धुल	dhul:3
धुलने	dhulne:2	dhulane:1
धुलाई	dhulai:3	dhulaai:1
धु्रव	dhruv:2	dhurav:1
धू	dhu:3
धूणी	dhuni:3
धून	dhun:2	dhuun:1
धूनी	dhuni:3
धूप	dhup:4	dhoop:3
धूम	dhoom:4	dhum:2
धूमकेतु	dhumketu:3
धूमकेतू	dhumketu:3
धूमधाम	dhumdham:5	dhoomdham:1
धूमावती	dhumawati:2	dhumavati:1
धूमिल	dhumil:2	dhoomil:1
धूम्र	dhumra:2	dhumar:1
धूम्रपान	dhumrapan:2	dhumarpan:1
धूर्तता	dhurtata:2	dhurtataa:1
धूल	dhul:3
धूलि	dhuli:3
धूसर	dhusar:3
धृतराष्ट्र	dhritrashtra:2	dhrustra:1
धृष्टद्युम्न	dhrishtadyumna:1	dhrishtduyamn:1	dhrushtadyumn:1
धैर्य	dhairy:1	dhairya:1	dhiarya:1
धैर्यपूर्वक	dhairyapoorvak:1	dhairyapurwak:1	dhairypurvak:1
धैर्यवान	dhairyavaan:1	dhairyawan:1	dhiryavan:1	dhiryawaan:1
धो	dho:3
धोकर	dhokar:3
धोखा	dhokha:3
धोखाधड़ी	dhokhadhadi:4	dhokhaadhadi:1	dhokhaadhari:1	dhokhadhdi:1
धोखाधडी	dhokhadhadi:3
धोखे	dhoke:2	dhokhe:3
धोखेबाज	dhokebaaj:1	dhokebaaz:1	dhokebaj:1	dhokebaz:1
धोखेबाजी	dhokhebaji:2	dhokebaji:1	dhokhebaaji:1	dhokhebaazi:1
धोती	dhoti:3
धोते	dhote:3
धोत्रे	dhotre:3
धोद	dhod:3
धोना	dhona:2	dhonaa:1
धोनी	dhoni:3
धोने	dhone:3
धोबी	dhobi:3
धोया	dhoya:2	dhoyaa:1
धोराजी	dhoraji:2	dhoraaji:1
धोरे	dhore:3
धोरों	dhoron:3
धोलका	dholka:2	dholakaa:1
धोला	dhola:2	dholaa:1
धौम्य	dhaumy:1	dhaumya:1	dhoumya:1
धौरहरा	daurhara:1	dhaurhara:1	dhourharaa:1
धौलपुर	dhaulpur:2	dhoulpur:1
धौला	dhaula:2	dhoulaa:1
ध्यातव्य	dhyaatavya:1	dhyatavya:1	dhyatvy:1
ध्यान	dhyan:4	dhyaan:2
ध्यानपूर्वक	dhyanpurvak:2	dhyaanpoorvak:1	dhyaanpurvak:1
ध्येय	dhyey:2	dhyeya:1
ध्येयवादी	dhyeyavaadi:1	dhyeywadi:1	dyeyvadi:1
ध्रुपद	dhrupad:2	drupad:1
ध्रुव	dhruv:2	druv:1
ध्रुवीकरण	dhruvikaran:1	dhruvkaran:1	druvikaran:1
ध्रुवीकृत	dhruvikrit:1	dhruvikrut:1	druvikrut:1
ध्रुवीय	dhruveeya:1	dhruviy:1	dhruviya:1
ध्रुवों	dhruvon:2	druvon:1
ध्वंस	dhvans:1	dhvansa:1	dhwans:1
ध्वज	dhvaj:2	dhwaj:2	dhvaja:1
ध्वजा	dhvja:2	dhwaja:1
ध्वजारोहण	dhvajarohan:1	dhvjaropan:1	dhwajarohan:1
ध्वजों	dhvajon:1	dhvjon:1	dhwajon:1
ध्वनि	dhvani:1	dhvni:1	dhwani:1
ध्वनिक	dhvanik:2	dhwanik:1
ध्वनित	dhvanit:2	dhwanit:1
ध्वनियों	dhvaniyon:2	dhwaniyon:1
ध्वनी	dhvani:2	dhwani:1
ध्वस्त	dhvast:2	dhwast:1
नं	nan:3
नंगरहार	nangarhar:2	nangrhar:1
नंगा	nanga:5	nangaa:1
नंगी	nangi:3
नंगे	nange:3
नंद	nand:3
नंददास	nanddas:2	nandadaas:1
नंदन	nandan:3
नंदनवन	nandanvan:3
नंदप्रयाग	nandprayag:2	nandaprayag:1
नंदा	nanda:2	nandaa:1
नंदिनी	nandini:3
नंदी	nandi:3
नंदीता	nandita:3
नंदीश्वर	nandishwar:3
नंबर	number:3
नंबरी	nambari:1	numbari:1	numberi:1
नंबरों	numbaron:2	numberon:1
नंबर्स	numbers:3
नई	nai:2	nayi:2
नए	naye:3	nye:1
नकद	nakad:4
नकदी	nakdi:2	nakadi:1
नकल	nakal:4
नकलची	nakalchi:3
नकली	nakali:3	nakli:1
नकसीर	naksir:3
नकार	nakaar:2	nakar:1
नकारती	nakaarati:1	nakaarti:1	nakarti:1
नकारात्मक	nakaaraatmak:2	nakaraatmak:1
नकारात्मकता	nakaaraatmakataa:1	nakaaraatmaktaa:1	nakaraatmakta:1	nakaraatmaktaa:1
नकुम	nakum:3
नकुल	nakul:3
नक्काशी	nakkaashi:2	nakkashi:1
नक्काशीदार	nakkaashidaar:2	nakkashidaar:1	nakkashidar:1
नक्त	nakta:2	nakt:1
नक्श	naksh:2	naqsh:1
नक्शबंदी	nakshabandi:1	nakshbandi:1	naqshbandi:1
नक्शा	naksha:3	nakshaa:3
नक्शे	nakshe:3
नक्शों	nakshon:3
नक्षत्र	nakshatra:5
नक्षत्रों	nakshatron:3
नक्सल	naksal:2	nadsa:1	naxal:1
नक्सलवाद	naksalavaad:1	naksalwaad:1	naksalwad:1	naxalvaaad:1
नक्सलवादियों	naksalavaadiyon:1	naksalwadiyon:1	naxalvaadiyon:1	naxalwaadiyon:1
नक्सलवादी	naksalavaadi:1	naksalvadi:1	naxalvaadi:1	naxalwaadi:1
नक्सलियों	naksaliyon:2	naxaliyon:1
नक्सली	naksali:2	naxali:1
नख	nakh:3
नखत	nakhat:3
नगण्य	naganya:3
नगदी	nagadi:2	nagdee:1	nagdi:1
नगमा	nagma:2	nagmaa:1
नगर	nagar:3
नगरकोट	nagarkot:3
नगरपंचायत	nagarpanchayat:3
नगरपालिका	nagarpalika:2	nagarpaalika:1
नगरवासियों	nagarvaasiyon:2	nagarvashiyon:1	nagarwaasiyon:1
नगरियों	nagriyon:2	nagariyon:1
नगरी	nagari:2	nagri:1
नगरीकरण	nagarikaran:2	nagrikaran:1
नगरीय	nagareeya:1	nagreey:1	nagriya:1
नगरों	nagron:3
नगला	nagla:2	naglaa:1
नगाड़ा	nagaada:2	nagaadaa:1	nagaaraa:1
नगालैंड	nagaland:3
नगीना	nagina:3	nageena:1
नगीने	nagine:3	nageene:1
नगेट्स	nuggets:3
नग्न	nagn:1	nagna:1	nang:1
नच	nach:6
नचना	nachna:2	nachnaa:1
नचाता	nachaata:2	nachaataa:1
नचिकेत	nachiket:3
नचिकेता	nachiketa:2	nachiketaa:1
नजद	najad:3
नजदीक	najdeek:2	nazdeek:2
नजदीकी	nazdiki:2	najdeekee:1	najdeeki:1	najdiki:1
नजम	najam:2	nazam:1
नजमा	najma:2	najmaa:1	nazma:1	nazmaa:1
नजर	najar:2	nazar:2
नजरंदाज	najarandaaj:2	najarandaaz:1	nazarandaaj:1	nazarandaaz:1
नजरअंदाज	najarandaaz:2	najarandaaj:1	najarandaz:1	nazarandaaj:1
नजराने	najraane:2	nazraane:2
नजरिए	najariye:1	najrie:1	najriye:1	nazarie:1
नजरिया	najariya:1	najriyaa:1	nazariya:1
नजरिये	najariye:2	najriye:1
नजरियों	najariyon:2	najriyon:1
नजरूल	najrool:3
नजरें	najrein:2	najren:1
नजरों	najron:3
नज़दीक	nazdeek:2	najdik:1
नज़दीकी	najdiki:1	nazdeekee:1	nazdeeki:1	nazdiki:1
नज़र	nazar:2	najar:1
नज़रंदाज़	najarandaaj:1	najarandaaz:1	nazarandaaz:1	nazarandaz:1
नज़रबंद	nazarband:2	najarband:1
नज़राना	najraana:1	nazraana:1	nazrana:1
नज़रिए	nazariye:2	najriae:1
नज़रिया	najriya:1	nazariya:1	nazriyaa:1
नज़ारा	najaara:1	nazaaraa:1	nazara:1
नज़ारे	najaare:1	nazaare:1	nazare:1
नज़्म	nazm:2	najm:1
नजारा	najara:2	najaara:1	najaaraa:1	nazaaraa:1
नजीब	najeeb:2	najib:2
नजीबाबाद	najibabad:2	najibabaad:1
नजीम	najeem:2	najim:1	nazeem:1
नज्द	najd:2	najda:1
नज्मों	najmon:3	nazmon:1
नट	nut:3
नटरंग	natrang:3
नटराज	natraj:3
नटराजन	natrajan:2	natraajan:1
नटाल	nataal:2	natal:1
नट्टू	nattu:2	natoot:1
नडेला	nadela:2	nadella:1
नताली	natali:2	ntali:1
नताशा	natasha:3
नतीजतन	natijatan:3
नतीजा	natija:3
नतीजे	natije:2	natijon:1
नतीजों	natijon:3
नथ	nath:3
नथमल	nathmal:3
नथु	nathu:3
नथुनी	nathuni:3
नदियां	nadiyan:2	nadiyaan:1
नदियों	nadiyon:3
नदी	nadi:3
नन	none:5	nun:4
नना	nana:1	nanaa:1	nna:1
ननिहाल	nanihaal:2	nanihal:1	nnihal:1
नन्हीं	nanhi:2	nanhin:1
नन्हे	nanhe:3
नन्हें	nanhe:2	nanhein:1
नपे	nape:3
नफरत	nafrat:3
नफरी	nafri:2	nafari:1
नफ़रत	nafrat:3
नफा	nafa:1	nafaa:1	nfa:1
नफीस	nafees:2	nafis:1
नफे	nafe:3
नबरंगपुर	nabarangpur:2	nabrangpur:1
नबाब	nabab:2	nabaab:1
नबाम	nabam:2	nabaam:1
नबी	nabi:3
नबीनगर	nabinagar:2	nabinnagar:1
नब्ज़	nabj:1	nabja:1	nabz:1
नब्बे	nabbe:3
नभ	nabh:4
नम	nam:2	num:1
नमक	namak:3
नमकयुक्त	namakyukt:2	namakyukta:1
नमकीन	namkin:2	namkeen:1
नमक्कल	namakkal:2	namkkal:1
नमन	naman:3
नमर्दा	namarda:1	namardaa:1	narmarda:1
नमस्कार	namaskar:2	namaskaar:1
नमस्तस्यै	namastasyai:1	namastasye:1	namstasyai:1
नमस्ते	namaste:5
नमाज	namaj:2	namaz:1
नमाज़	namaz:3
नमामि	namami:2	namaami:1
नमी	nami:3
नमीयुक्त	namiyukt:2	namiyukta:1
नमूना	namuna:3	namoona:1
नमूने	namune:3	namoone:1
नमूनों	namunon:3	namoonon:1
नमो	namo:3
नम्र	namn:1	namr:1	namra:1
नम्रता	namrata:1	namrataa:1	namrta:1
नयन	nayan:3
नयनतारा	nayantara:2	nayantaaraa:1
नया	naya:5	nayaa:1
नय्यर	nayyar:3
नर	nar:5
नरनारी	narnaari:2	narnari:1
नरभक्षी	narbhakshi:3
नरम	naram:2	narm:1
नरमी	narmi:3
नरवर	narvar:3
नरसंहार	narsanhar:3
नरसंहारों	narsanharon:3
नरसिंह	narasimha:1	narsingh:1	narsinha:1
नरसिंहगढ़	narsinghgarh:3
नरसिंहपुर	narasimhapua:1	narsinghpur:1	narsinhpur:1
नरिता	narita:3
नरीमन	nariman:3
नरुला	narula:2	naraula:1
नरूला	narula:3
नरेंद्र	narendra:7
नरेगा	narega:3
नरेला	narela:3
नरेश	naresh:3
नर्क	nark:2	narak:1
नर्गिस	nargis:6
नर्तक	nartak:3
नर्तकियों	nartakiyon:3
नर्तकी	nartaki:3
नर्तकों	nartakon:3
नर्तन	nartan:3
नर्म	narm:3
नर्मदा	narmada:4	narmadaa:1	narmda:1
नर्स	nurse:6
नर्सरी	nursery:5	nursary:1
नर्सिंग	narsing:2	nursing:1
नल	nal:3
नलकूप	nalcoop:1	nalkoop:1	nalkup:1
नलकूपों	nalkupon:3
नलखेड़ा	nalkheda:3
नलगोंडा	nalgonda:3
नलवा	nalwa:2	nalva:1
नलिका	nalika:3
नलिकाओं	naleekaon:1	nalikaaon:1	nalikaon:1
नलिन	nalin:2	naleen:1
नलिनी	nalini:2	naleeni:1
नलियों	naliyon:3
नली	nali:6
नलों	nalon:3
नव	nav:3
नवंबर	november:3
नवकेतन	navketan:3
नवगछिया	naugachia:2	navgachiya:1
नवगठित	navgathit:3
नवगीत	navgeet:3
नवग्रह	navgrah:3
नवचेतना	navchetana:2	navchetna:1
नवजागरण	navjagran:2	navjaagaran:1
नवजात	navjaat:2	navjat:1
नवजीवन	navjeevan:2	navjeewan:1
नवतेज	navtej:3
नवदुर्गा	navdurga:3
नवदुर्गाओं	navdurgaaon:1	navdurgaon:1	navdurgayon:1
नवद्वीप	nabadwip:1	navdeep:1	navdvip:1
नवधा	navdha:3
नवनियुक्त	navniyukt:3
नवनिर्मित	navnirmit:3
नवनी	navni:3
नवनीत	navneet:3	navnit:1
नवप्रवर्तन	navpravartan:5	navparvartan:1
नवबहार	navbahar:2	navbahaar:1
नवभारत	navbharat:3
नवम	navam:3
नवमी	navmi:3
नवयुग	navyug:3
नवयुवक	navyuvak:3
नवयुवकों	navyuvakon:3
नवरंग	navrang:3
नवरंगपुरा	navrangpura:3
नवरत्न	navratan:1	navratn:1	navratna:1
नवरात्र	navratra:2	navratr:1
नवरात्रि	navratri:5	navaratri:1
नवल	naval:3	nawal:1
नववधू	navvadhu:2	navvadhoo:1
नववर्ष	navvarsh:6
नवसाक्षर	navsakshar:2	navsaakshar:1
नवा	nava:2	navaa:1
नवांकुर	navankur:3
नवागंतुक	navaagantuk:1	navagantuk:1	navangtuk:1
नवागत	navagat:3
नवाचार	navachar:3
नवाज	nawaj:2	navaj:1	nawaz:1
नवाजा	navaja:2	nawaja:1	nawaza:1
नवाते	navate:3
नवादा	navada:2	nawada:1
नवानगर	navanagar:3	nawanagar:1
नवाफ	navaf:2	nawaf:1
नवाब	navab:2	nawab:1
नवाबी	navabi:2	nawabi:1
नवाबों	nawabon:2	navabon:1
नवासी	navasi:2	nawasi:1
नवासे	navase:2	nawase:1
नवी	navi:3
नवीकरण	navikaran:3
नवीकरणीय	navikaraniya:1	navikarniy:1	navikarniye:1
नवीन	navin:3	naveen:3
नवीनतम	naveenatam:1	navinatam:1	navintam:1
नवीनता	naveenta:1	navinata:1	navinataa:1
नवीनीकरण	navinikaran:2	naveenikaran:1
नवीनीकृत	naveenikrat:1	navinikrit:1	navinikrut:1
नवोदय	navodaya:2	navoday:1
नवोदित	navodit:3
नव्य	navya:2	navy:1
नव्या	navya:4
नशा	nasha:3
नशीन	nashin:2	nasheen:1
नशीला	nashila:2	nasheela:1
नशीली	nashili:2	nasheeli:1
नशीले	nashile:2	nasheele:1
नशे	nashe:3
नश्वर	nashwar:3
नष्ट	nasht:3
नस	nas:3	nass:1
नसल	nasal:3
नसीब	naseeb:2	nasib:1
नसीम	nasim:2	naseem:1
नसीर	nasir:2	naseer:1
नसीराबाद	nasirabad:3
नसें	nasen:2	nasein:1
नसों	nason:3
नस्ल	nasl:3
नस्लवाद	naslvad:1	naslwaad:1	naslwad:1
नस्लवादी	naslwadi:2	naslavadi:1
नस्लीय	nasleey:1	nasliy:1	nasliye:1
नस्लों	naslon:3
नहर	nahar:3
नहरें	naharen:2	nahrein:1
नहरों	nahron:2	naharon:1
नहलाते	nahlate:3
नहा	naha:4
नहाए	nahae:2	nahaye:1
नहाकर	nahakar:3	nahaakar:1
नहान	nahan:2	nahaan:1
नहाने	nahane:3	nahaane:1
नहीं	nahi:157	nahin:5
नहुष	nahush:3
ना	na:3
नांगिया	naangiya:1	nangia:1	nangiya:1
नांबियार	naambiyar:1	nambiar:1	nanbiyar:1
नाइंसाफी	nainsafi:3
नाइजर	niger:2	naijar:1
नाइजीरिया	nigeria:2	naijiria:1
नाइट	night:3
नाइटेंगल	nightingale:2	nightengal:1
नाइट्रस	nitrous:2	nights:1
नाइट्राइट	nitrite:2	nitrate:1
नाइट्रिक	nitric:3
नाइट्रेट	nitrate:3
नाइट्रो	nitro:3
नाइट्रोजन	nitrogen:3
नाइट्स	nights:3
नाइन	nine:6
नाइनटीज	nineteez:1	nineties:1	ninties:1
नाइस	nice:3
नाई	naai:3
नाईक	nike:2	naik:1
नाईट	night:3
नाईट्रोजन	nitrogen:3
नाईट्स	nights:2	night:1
नाउ	now:2	nau:1
नाऊ	nau:2	nauu:1
नाक	naak:6
नाकाबंदी	naakabandi:1	nakabanadi:1	nakabandi:1
नाकाम	nakam:2	naakaam:1
नाकामयाब	nakamyab:2	naakaamyaab:1
नाकामियाब	nakamiyab:2	nakamiyaab:1
नाकेबंदी	nakebandi:3
नाकों	nakon:3
नाखुश	nakhush:3
नाखून	nakhun:2	nakhoon:1
नाखूनों	naakhunon:1	nakhoonon:1	nakhunon:1
नाग	naag:6	nag:3
नागकेसर	nagkesar:2	naagkesar:1
नागदेव	nagdev:2	naagdev:1
नागपाश	nagpash:3
नागपुर	nagpur:5
नागभूषण	nagbhushan:2	nagabhushan:1
नागर	nagar:3
नागरमोथा	nagarmotha:3
नागराज	nagraj:2	nagaraj:1
नागरिक	nagarik:3	nagrik:2
नागरिकता	nagrikta:6	nagarikata:1	nagarikta:1
नागरिकों	nagarikon:3	nagrikon:2
नागरी	nagari:2	naagri:1
नागा	naga:3
नागारिक	naagrik:1	nagarik:1	nagrik:1
नागार्जुन	nagarjun:2	nagarjuna:1
नागालैंड	nagaland:3
नागासाकी	nagasaki:3
नागिन	nagin:3
नागी	nagi:3
नागेंद्र	nagendra:3
नागेश	nagesh:3
नागो	naago:2	nago:2
नागों	nagon:2	naagon:1
नागोर	nagor:2	nagore:1
नाच	nach:2	naach:1
नाचते	naachte:2	nachte:1
नाचना	naachana:1	naachna:1	nachna:1
नाचने	naachane:1	naachne:1	nachne:1
नाची	naachi:2	nachi:1
नाचो	nacho:2	naacho:1
नाज	naaj:2	naaz:1
नाज़ियों	naaziyon:2	naziyon:1
नाज़ी	naazi:2	nazi:1
नाजिर	najir:2	naajir:1
नाजी	naji:2	nazi:1
नाजुक	najuk:2	naajuk:1
नाटक	natak:2	naatak:1
नाटककार	natakkar:2	naatakkar:1
नाटककारों	natakkaron:2	naatakkaron:1
नाटकीय	naatkiy:1	natakiya:1	natakiye:1
नाटकों	natakon:2	naatakon:1
नाटा	nata:2	naata:1
नाटाणी	natani:2	naatani:1
नाटो	nato:3
नाट्य	natya:2	naatya:1
नाट्यम	natyam:2	naatyam:1
नाट्यशाला	natyashala:3
नाट्यशास्त्र	natyashastra:2	naatyashatra:1
नाड़ियों	nadiyon:2	naadiyon:1
नाडार	nadar:3
नाडिया	nadiya:3
नाडियाडवाला	nadiyadvala:2	nadiyadwala:1
नाडी	nadi:3
नाडु	nadu:3
नाडेप	nadep:3
नाडोल	nadol:3
नाता	naata:2	nata:1
नातिन	naatin:2	natin:1
नाते	naate:2	nate:1
नाथ	nath:2	naath:1
नाथद्वारा	nathdwara:3
नाथनगर	nathnagar:3
नाथु	nathu:2	naathu:1
नाथूराम	nathuram:2	nathooram:1
नाथों	nathon:3
नाद	naad:2	nad:1
नादिया	nadiya:3	nadia:1
नादिर	nadir:3
नादिरशाह	nadirshah:3
नादिरा	nadira:3
नान	naan:2	nan:2
नानक	nanak:3
नानकी	nanki:2	nanaki:1
नाना	nana:6
नानाजी	nanaji:3
नानालाल	nanalal:3
नानावटी	nanavati:3
नानावती	nanavati:3
नानी	nani:3
नानू	nanu:3
नाप	naap:3	nap:1
नापकर	naapkar:3	napkar:1
नापजोख	napjokh:3	naapjokh:1	napajokh:1
नापते	napate:2	napte:1
नापने	napane:2	napne:1
नापसंद	napasand:5	naapasand:1
नापा	napa:3
नापी	napi:3
नाबाद	nabad:3
नाबार्ड	nabard:3
नाबालिग	nabalig:2	nabaleeg:1
नाबालिगों	nabaligon:3
नाभ	nabh:2	naabh:1
नाभि	nabhi:2	naabhi:1
नाभिकीय	nabhikiy:1	nabhikiya:1	nabhkiy:1
नाम	naam:6
नामक	namak:2	naamk:1
नामचीन	naamcheen:2	namchin:1
नामदान	namdan:2	naamdan:1
नामदेव	namdev:2	naamdev:1
नामधारी	naamdhari:2	namdhari:1
नामरूप	namrup:3	naamroop:2	naamrup:1
नामवर	namvar:2	naamvar:1
नामांकन	namankan:3
नामांकनों	namankanon:2	namankano:1
नामांकित	namankit:3
नामांतरण	namantaran:3
नामावलियों	namavaliyon:3
नामित	namit:2	naamit:1
नामिबिया	namibia:3
नामी	naami:2	nami:1
नामीबिया	namibia:4
नामुमकिन	namumkin:3
नामो	naamo:2	namo:1
नामों	namon:3	naamon:2
नायक	nayak:3
नायकत्व	nayakatva:2	naayakatva:1	nayaktwa:1
नायकों	nayakon:3
नायडू	naidoo:1	naidu:1	nayadu:1
नायपॉल	naipaul:1	naypol:1	nypaul:1
नायर	nayar:2	nair:1
नायिका	nayika:3
नायिकाएं	nayikae:1	nayikayen:1	nayikayien:1
नायिकाओं	nayikaon:3
नारंग	narang:3
नारंगी	narangi:3
नारकोटिक	narcotic:2	narkotic:1
नारद	narad:3
नारा	nara:2	naara:1
नाराज	naraj:3
नाराजगी	narajagi:2	narajgi:1
नाराज़	naraz:2	naraj:1
नाराज़गी	narajagi:3
नाराजी	naraji:3
नारायण	narayan:6
नारायणगढ़	naraingarh:1	narayangadh:1	narayangarh:1
नारायणन	narayanan:3
नारायणपुर	narayanpur:3
नारायणमूर्ति	narayanmurti:2	narayanamurthy:1
नारायणी	narayani:3
नारियल	nariyal:3	naariyal:1
नारियां	nariyan:2	naariyaan:1	naariyan:1	nariyaan:1
नारियों	naariyon:2	nariyon:2
नारी	nari:3	naari:2
नारीवाद	narivad:2	naarivaad:1	narivaad:1
नारीवादी	narivadi:2	naarivaadi:1	naarivadi:1
नारे	naare:1	naaro:1	nare:1	naro:1
नारों	naaron:2	naron:2
नार्कोटिक्स	narcotics:3
नार्थ	narth:3	naarth:1
नाल	naal:2	nal:1
नालंदा	nalanda:3
नाला	nala:2	naalaa:1
नालागढ़	nalagarh:3	nalagadh:1
नालियों	naliyon:2	naaliyon:1
नाली	naali:2	nali:1
नाले	nale:2	naale:1
नालों	naalon:2	nalon:1
नाव	naav:3	nav:1
नाविक	navik:2	naavik:1
नाविकों	navikon:2	naavikon:1
नावों	navon:2	naavon:1
नाश	nash:2	naash:1
नाशक	nashak:2	naashak:1
नाश्ता	naashtaa:2	nashta:2	naashta:1
नाश्ते	naashte:2	nashte:2
नासर	naasar:3
नासा	nasa:3
नासिक	nasik:2	nashik:1
नासिका	naasikaa:2	naasika:1
नासिर	nasir:2	naasir:1
नास्तिक	nastik:2	naastik:2
नास्तिकता	naastikataa:2	naastikta:1
नाहटा	naahataa:1	naahtaa:1	nahta:1
नाहर	naahar:2	nahar:1
नाहरगढ	nahargarh:3	nahargadh:2
नाहिद	nahid:2	naahid:1
निंजा	ninja:2	ninza:1
निंदा	ninda:3
निंबार्क	nimbark:2	nimbaark:1
निंबालकर	nimbalkar:3	nimbaalkar:1
निक	nick:3	nik:1
निकट	nikat:3
निकटतम	nikattam:2	nikatatam:1
निकटता	nikatataa:2	nikatta:1
निकटवर्ती	nikatvarti:2	nikatavarti:1
निकम्मे	nikamme:3
निकल	nikal:3
निकलकर	nikalkar:2	nikalakar:1
निकलता	nikalta:2	nikalataa:1	nikaltaa:1
निकलती	nikalti:2	nikalati:1
निकलते	nikalate:2	nikaalte:1	nikalte:1
निकलना	nikalna:2	nikalanaa:1
निकलने	nikalane:2	nikalne:1
निकलवा	nikalwa:2	nikalavaa:1	nikalva:1
निकलवाया	nikalwaya:2	nikalavaayaa:1	nikalvaya:1
निकला	nikla:2	nikalaa:2	nikala:1
निकली	nikali:3
निकलीं	nikalin:2	niklin:1
निकले	nikale:3
निकलेंगे	nikalenge:3
निकलेगी	nikalegi:2	nikalogi:1
निकाय	nikaay:2	nikay:2
निकायों	nikayon:3	nikaayon:1
निकारागुआ	nicaragua:3
निकाल	nikal:5	nikaal:2
निकालकर	nikalkar:2	nikaalakar:1	nikaalkar:1
निकालता	nikaalataa:1	nikaalta:1	nikalata:1	nikalta:1
निकालती	nikaalati:1	nikaalti:1	nikalati:1	nikalti:1
निकालते	nikalte:3	nikaalate:1	nikaalte:1	nikalate:1
निकालना	nikalna:2	nikaalanaa:1	nikaalna:1
निकालनी	nikaalani:1	nikaalni:1	nikalani:1	nikalni:1
निकालने	nikalne:2	nikaalane:1	nikaalne:1	nikalane:1
निकाला	nikala:2	nikaala:1	nikaalaa:1
निकाली	nikaali:2	nikali:2
निकाले	nikale:3
निकालें	nikaalen:1	nikalein:1	nikalen:1
निकालेगी	nikaalegi:2	nikalegi:1
निकालो	nikaalo:2	nikalo:1
निकास	nikaas:2	nikas:1
निकासी	nikaasi:2	nikasi:1
निकाह	nikaah:2	nikah:2
निकिता	nikita:3
निकी	niki:2	nicki:1	nicky:1
निकुंज	nikunj:3
निकृष्ट	nikrasht:1	nikrusht:1	nikrushta:1
निकेतन	niketan:3
निकोटीन	nicotine:2	nicotin:1
निकोबार	nicobar:2	nikobar:1
निकोल	nichol:1	nichole:1	nicole:1
निकोलस	nicholas:3
निकोलसन	nicholson:3
निकोल्सन	nicholson:3
निक्सन	nixon:3	nickson:1
निखट्टू	nikhattu:2	nikhatut:1
निखर	nikhar:3
निखरता	nikharataa:2	nikharata:1
निखरा	nikharaa:2	nikhara:1
निखरी	nikhari:3
निखरे	nikhare:3
निखार	nikhaar:2	nikhar:1
निखारा	nikhaaraa:2	nikhara:2
निखिल	nikhil:3
निगम	nigam:3
निगमित	nigamit:3
निगमों	nigamon:3
निगर	nigar:2	nigger:1
निगरानी	nigarani:2	nigaraani:1	nigraani:1	nigrani:1
निगल	nigal:3
निगलते	nigalate:2	nigalti:1
निगलने	nigalane:2	nigalne:1
निगार	nigar:2	nigaar:1
निगाहों	nigahon:2	nigaaahon:1	nigaahon:1
निगोही	nigohi:3
निग्रह	nigrah:3
निचला	nichala:1	nichalaa:1	nichla:1
निचली	nichali:2	nichli:1
निचले	nichale:2	nichle:1
निचाई	nichai:2	nichaai:1
निचे	niche:3
निचोड़	nichod:3
निचोड़ा	nichoda:2	nichodaa:1
निज	nij:5	nija:1
निजता	nijata:2	nijataa:1
निज़ामुद्दीन	nizamuddin:3
निजात	nijaat:3
निजाम	nijaam:2	nijam:2	nizaam:1	nizam:1
निजामपुर	nijaampur:1	nijampur:1	nizampur:1
निजामशाही	nijaamshahi:1	nijamshahi:1	nizamshaahi:1
निजामाबाद	nijamabaad:1	nijamabad:1	nizamabad:1
निजामी	nijaami:2	nijami:2
निजामुद्दीन	nizamuddin:2	nijaamuddin:1	nijamuddin:1
निजी	niji:3	nijee:1
निजीकरण	nijikaran:2	nijeekaran:1
निजीकृत	nijikrat:1	nijikrit:1	nijikruta:1
निजेल	nigel:2	nijel:1
निडर	nidar:3
नित	nit:3
नितंबों	nitambon:2	nintabon:1
नितांत	nitaant:2	nitant:1
नितिन	nitin:3
नितियों	nitiyon:3
नित्य	nitya:3	nity:1
नित्यकर्म	nityakarm:3	nityakarma:1
नित्या	nitya:2	nityaa:2
निदान	nidan:4	nidaan:2
निदेशकों	nideshakon:3	nideshako:1
निदेशालय	nideshalay:2	nideshaalay:1	nideshalaya:1
निधन	nidhan:3
निधान	nidhaan:2	nidhan:2
निधि	nidhi:3
निधियों	nidhiyon:3
निधी	nidhi:3
निपटती	nipatati:3
निपटते	nipatate:2	nipatte:1
निपटने	nipatne:2	nipatane:2
निपटा	nipta:2	nipata:1	niptaa:1
निपटाना	niptaana:2	niptana:2	niptaanaa:1	niptanaa:1
निपटाने	niptaane:2	niptane:2
निपटारा	niptaara:2	nipatara:1	niptaaraa:1	niptara:1
निपटारे	niptaare:2	nipatare:1	niptare:1
निपल्स	nipples:2	nipulse:1
निपुण	nipun:3
निपुणता	nipunta:2	nipunata:1	nipuntaa:1
निप्पल	nipple:2	nippal:1
निबंध	nibandh:6
निबंधकार	nibandhkar:3	nibandhkaar:1
निबंधों	nibandhon:3
निभा	nibha:3	nibhaa:1
निभाई	nibhai:3	nibhaai:3	nibhaayee:1	nibhayee:1
निभाए	nibhae:2	nibhaaae:1	nibhaae:1
निभाकर	nibhaakar:3	nibhakar:2
निभाता	nibhaata:2	nibhaataa:2	nibhata:2	nibhataa:1
निभाती	nibhaati:3	nibhati:2
निभाते	nibhaate:3	nibhate:2
निभाना	nibhaana:2	nibhaanaa:2	nibhana:2	nibhanaa:1
निभाने	nibhaane:3	nibhane:2
निभानेवाली	nibhanewali:2	nibhaanevaali:1	nibhaanewaali:1	nibhaanewali:1
निभाया	nibhaya:2	nibhaaya:2	nibhaayaa:2	nibhayaa:1
निभाये	nibhaaye:2	nibhaye:2
निमंत्रण	nimantran:3
निमग्न	nimagn:3
निमाड़	nimaad:1	nimad:1	nimar:1
निमोनिया	pneumonia:2	nimonia:1
निम्न	nimn:5	nimna:2
निम्नतम	nimnatam:3
निम्नलिखित	nimnlikhit:7	nimnalikhit:3
निम्नवर्गीय	nimnavargeeya:1	nimnavargiya:1	nimnvargiya:1
निम्नानुसार	nimnanusar:2	nimnaanusaar:1
निम्मी	nimmi:3
निम्र	nimna:1	nimr:1	nimra:1
निम्रत	nimrat:3
नियंता	niyanta:2	niyantaa:1
नियंत्रक	niyantrak:3
नियंत्रण	niyantran:2	niyantrana:1
नियंत्रित	niyantrit:2	niyantranit:1
नियत	niyat:3
नियति	niyati:3
नियम	niyam:6
नियमन	niyaman:3
नियमपूर्वक	niyampurvak:3	niyampoorvak:1
नियमानुकूल	niyamaanukul:1	niyamanukul:1	niyamanukuul:1
नियमानुसार	niyamanusar:2	niyamaanusaar:1
नियमावली	niyamaavali:1	niyamavali:1	niyamawali:1
नियमित	niyamit:2	niymit:1
नियमों	niyamon:3
निया	niyaa:2	niya:1
नियाग्रा	niagara:1	niagra:1	niyagraa:1
नियाज़ोव	niyaajov:2	niyaazov:1	niyajov:1	niyazov:1
नियामक	niyamak:2	niyaamak:1
नियामकीय	niyaamkeey:1	niyaamkiya:1	niyamlkiya:1
नियुक्त	niyukt:2	niyukta:1
नियुक्ति	niyukti:2	niyukta:1
नियुक्तियां	niyuktiyaan:2	niyuktiyan:1
नियॉन	neon:2	niyaan:1
नियोक्ताओं	niyoktaaon:3	niyoktaon:1
नियोजन	niyojan:3
नियोजित	niyojit:3
निरंकार	nirankar:2	nirankaar:1
निरंकुश	nirankush:3
निरंकुशता	nirankushata:3
निरंजन	niranjan:3
निरंतर	nirantar:3
निरंतरता	nirantarata:2	nirantarataa:1
निरक्षरता	niraksharata:1	niraksharataa:1	niraksharta:1
निरक्षरों	niraksharon:3
निरर्थक	nirarthak:3
निरस्त	nirast:2	nirasta:1
निरा	nira:3
निराकरण	niraakaran:2	nirakaran:1
निराकार	niraakaar:2	nirakaar:1	nirakar:1
निराधार	niraadhaar:2	niradhaar:1	niradhar:1
निरापद	niraapad:2	nirapad:1
निराला	nirala:2	niraalaa:2	niraala:1
निराश	niraash:3	nirash:1
निराशजनक	niraashjanak:2	niraashajanak:1	nirashjanak:1
निराशा	niraashaa:2	niraasha:1	nirasha:1
निराशाजनक	niraashaajanak:2	niraashajanak:1	nirashajanak:1
निराहार	niraahaar:2	nirahaar:1	nirahar:1
निरीक्षक	nirikshak:3
निरीक्षण	nirikshan:3
निरुत्तर	niruttar:3
निरुपमा	nirupama:1	nirupamaa:1	nirupma:1
निरूपण	nirupan:2	niroopan:1
निरूपा	nirupa:2	niroopa:1
निरूपित	nirupit:3
निरोग	nirog:3
निरोध	nirodh:8
निरोधक	nirodhak:3
निरोधकों	nirodhakon:2	nirodhkon:1
निरोधी	nirodhi:3
निर्गत	nirgat:3
निर्गम	nirgam:3
निर्गुंडी	nirgundi:3
निर्गुण	nirgun:3
निर्जन	nirjan:3
निर्जल	nirjal:3
निर्जलीकरण	nirjalikaran:3
निर्जीव	nirjiv:2	nirjeev:1
निर्णय	nirnay:8
निर्णयन	nirnayan:3
निर्णयों	nirnayon:3
निर्णायक	nirnayak:2	nirnaayak:1
निर्दय	nirday:3
निर्दयता	nirdayata:1	nirdayataa:1	nirdayta:1
निर्दयतापूर्वक	nirdayataapurvak:1	nirdayatapurvak:1	nirdaytapurvak:1
निर्दलीय	nirdaliy:2	nirdaliya:1
निर्दिष्ट	nirdisht:2	nidrisht:1
निर्देश	nirdesh:3
निर्देशक	nirdeshak:3
निर्देशकीय	nirdeshakiy:1	nirdeshkiy:1	nirdeshkiya:1
निर्देशकों	nirdeshakon:3
निर्देशन	nirdeshan:4
निर्देशिका	nirdeshika:2	nirdeshikaa:1
निर्देशित	nirdeshit:3
निर्देशों	nirdeshon:3
निर्दोष	nirdosh:3
निर्धन	nirdhan:3
निर्धनता	nirdhanataa:2	nirdhanta:1
निर्धारक	nirdhaarak:2	nirdharak:2
निर्धारकों	nirdhaarakon:1	nirdharkon:1	nirsharakon:1
निर्धारण	nirdharan:2	nirdhaaran:1
निर्धारित	nirdharit:2	nirdhaarit:1
निर्बल	nirbal:3
निर्बाध	nirbadh:2	nirbaadh:1
निर्भय	nirbhay:4	nirbhaya:2
निर्भयता	nirbhayata:2	nirbhayataa:1
निर्भर	nirbhar:3
निर्भरता	nirbharta:3	nirbharataa:2
निर्भीक	nirbhik:3
निर्मम	nirmam:3
निर्मल	nirmal:8
निर्मला	nirmala:3
निर्मली	nirmali:3
निर्माण	nirman:3	nirmaan:2
निर्माणाधीन	nirmanadhin:2	nirmaanaadhin:1	nirmanadheen:1
निर्माणों	nirmanon:2	nirmaanon:1
निर्माता	nirmata:2	nirmaataa:1
निर्माताओं	nirmataon:2	nirmaataaon:1
निर्मात्री	nirmatri:2	nirmaatri:1
निर्मित	nirmit:4
निर्मूलन	nirmulan:3	nirmoolan:1
निर्मोचन	nirmochan:3
निर्मोही	nirmohi:3
निर्यात	niryat:2	niryaat:1
निर्यातक	niryatak:2	niryaatak:1
निर्यातकों	niryatakon:2	niryaatakon:1
निर्वस्त्र	nirvastra:2	nirvastr:1
निर्वहन	nirvahan:3
निर्वाचन	nirvachan:3	nirvaachan:1
निर्वाचित	nirvachit:2	nirvaachit:1
निर्वाण	nirvaan:2	nirvan:1
निर्वात	nirvaat:2	nirvat:1
निर्वासन	nirvasan:2	nirvaasan:1
निर्वासित	nirvasit:2	nirvaasit:1
निर्वासितों	nirvasiton:2	nirvaasiton:1
निर्वाह	nirvaah:2	nirvah:1
निर्वाहन	nirvaahan:2	nirvahan:2
निर्विरोध	nirvirodh:4
निर्विवाद	nirvivaad:2	nirvivad:2
निर्विवादित	nirvivaadit:2	nirvivadit:2
निलंबन	nilamban:3
निलंबित	nilambit:3
निलय	nilay:3
निलेश	nilesh:3
निलोफर	nilofer:2	niloufar:1
निवर्तमान	nivartman:2	nirvatamaan:1
निवारक	nivaarak:2	nivarak:1
निवारण	nivaran:2	nivaaran:2
निवारणार्थ	nivaaranaarth:1	nivaarnaarth:1	nivarnarth:1
निवारणीय	nivaaraniy:1	nivaaraniya:1	nivarniy:1
निवास	nivas:3	nivaas:1	niwas:1
निवासरत	nivaasarat:1	nivasarat:1	niwasarat:1
निवासिनी	nivaasini:1	nivasini:1	niwaasini:1
निवासियों	nivaasiyon:1	nivasiyon:1	niwaasiyon:1
निवासी	nivaasi:1	nivasi:1	niwaasi:1
निविदा	nividaa:2	nivida:1
निवृत	nivrit:2	nivrut:1
निवृत्त	nivritt:2	nivrutt:1
निवृत्ति	nivritti:2	nivarutti:1
निवेदक	nivedak:2	niveshak:1
निवेदन	nivedan:3
निवेदित	nivedit:3
निवेदिता	nivedita:2	niveditaa:1
निवेश	nivesh:3
निवेशक	niveshak:3
निवेशकर्ता	niveshakartaa:1	niveshkarta:1	niveshkartaa:1
निवेशकों	niveshakon:3
निवेशित	niveshit:3
निवेशों	niveshon:3
निशंक	nishank:3
निशस्त्रीकरण	nishastrikaran:3
निशा	nisha:3
निशांत	nishant:3
निशान	nishaan:2	nishan:2
निशाना	nishana:2	nishaanaa:2	nishaana:1
निशानियां	nishaniyan:2	nishaaniyaan:1	nishaaniyan:1
निशानियों	nishaaniyon:3	nishaniyon:1
निशानी	nishaani:2	nishani:2
निशाने	nishane:3	nishaane:1
निशानेबाजी	nishaanebaaji:2	nishanebaazi:1	nishanebaji:1
निशिकांत	nishikant:3
निशुल्क	nishulk:2	nishulka:1
निश्चय	nishchay:5	nishchaya:1
निश्चल	nishchal:2	nischal:1
निश्चित	nishchit:2	nischit:1
निषाद	nishad:4	nishaad:2
निषादराज	nishaadaraaj:1	nishadraj:1	nishdaraaj:1
निषादों	nishaadon:2	nishadon:1
निषिद्ध	nishiddha:3
निषेचन	nishechan:3
निषेचित	nishechit:3
निषेध	nishedh:3
निषेधाज्ञा	nishedhaadnyaa:1	nishedhaagyaa:1	nishedhaajnyaa:1
निषेधात्मक	nishedhaatmak:2	nishodhaatmak:1
निष्कर्ष	nishkarsh:5	nishkarsha:1
निष्कर्षों	nishkarshon:3
निष्कासन	nishkaasan:3
निष्कासित	nishkaasit:3
निष्क्रमण	nishkraman:3
निष्क्रिय	nishkriya:2	nishkriy:1
निष्क्रियता	nishkriyataa:3
निष्ठा	nishtha:2	nishthaa:1
निष्ठाओं	nishthaaon:2	nishthaon:1
निष्ठावान	nishthaavaan:2	nishthavaan:1
निष्णात	nishnaat:3
निष्पक्ष	nishpaksha:2	nishpaksh:1
निष्पक्षता	nishpakshataa:2	nishpakshta:1
निष्पादन	nishpaadan:3
निष्पादित	nishpaadit:3
निष्पाप	nishpaap:3
निष्प्रभावी	nishprabhaavi:2	nishprabhavi:1
निष्प्रयोजन	nishprayojan:3
निष्प्राण	nishpraan:3	nishpran:1
निष्फल	nishfal:2	nishphal:1
निसंदेह	nisandeh:2	nisandeha:1
निसर्ग	nisarg:5	nisarga:1
निस्तारण	nistaaran:3
निस्संतान	nissantaan:3
निस्संदेह	nissandeh:3
निहत्थे	nihatthe:2	nihatathe:1
निहलानी	nihalaani:1	nihlaani:1	nihlani:1
निहायत	nihaayat:3
निहारती	nihaarati:2	nihaarti:1
निहारते	nihaarate:2	nihaarte:1
निहारने	nihaarane:2	nihaarne:1
निहाल	nihal:2	nihaal:1
निहालचंद	nihalchand:2	nihaalchand:1
निहालपुर	nihalpur:2	nihaalpur:1
निहित	nihit:3
निहितार्थ	nihitaarth:2	nihitaartha:1
नींद	nind:3	neend:1
नींबू	nimbu:3	nimboo:1
नींव	neev:2	neenv:1	ninv:1
नीच	nich:3	neech:2
नीचा	neecha:1	neechaa:1	nicha:1	nichaa:1
नीचाई	nichaai:2	neechaaee:1
नीची	nichi:2	neechi:1
नीचे	niche:3	neeche:1
नीट	neat:3	neet:1
नीडल	needle:3
नीत	neet:3
नीता	neeta:5	nita:2	neetaa:1
नीति	niti:6	neeti:4
नीतिगत	nitigat:2	neetigat:1
नीतिनिर्धारण	nitinirdhaaran:4	neetinirdhaaran:2
नीतियां	nitiyaan:2	neetiyaan:1
नीतियों	nitiyon:2	neetiyon:1
नीतिशास्त्र	nitishaastra:2	neetishaastra:1
नीतू	neetu:3	nitu:2
नीत्शे	neetshe:2	nitshe:1
नीदरलैंड	netherland:3
नीदरलैंड्स	netherlands:3
नीना	neena:1	nina:1	ninaa:1
नीम	neem:3
नीमडीह	neemdeeh:1	nimdeeha:1	nimdih:1
नीरज	neeraj:3	niraj:1
नीरजा	neerja:3
नीरद	neerad:2	nirad:1
नीरपुर	nirpur:2	neerpur:1
नीरस	neeras:2	niras:1
नीरसता	neerasataa:1	nirasata:1	nirasta:1
नीरो	neero:1	nero:1	niro:1
नील	neel:3	neil:1
नीलकंठ	neelkanth:2	neelakanth:1	nilkanth:1
नीलगाय	nilgai:2	neelagaay:1
नीलगिरी	nilgiri:2	neelagiri:1
नीलम	neelam:3	nilam:1
नीलमणि	neelamani:1	neelmani:1	nilmani:1
नीला	neela:2	nila:1
नीलांचल	neelaanchal:1	neelachal:1	nilaanchal:1	nilanchal:1
नीलांबर	neelaambar:1	nilaambar:1	nilaanbr:1	nilambar:1
नीलापन	nilapan:2	neelaapan:1	neelapan:1
नीलाभ	neelaabh:1	nilaabh:1	nilabh:1
नीलामी	neelaami:1	neelami:1	nilaami:1	nilami:1
नीली	neeli:2	nili:1
नीले	nile:3	neele:3
नील्सन	neilson:1	nielsen:1	nilson:1
नुकसान	nuksan:4	nuksaan:2	nukasaan:1	nukasan:1
नुकसानकारी	nuksankari:2	nukasaankaari:1	nuksaankaari:1
नुकसानदायक	nuksandayak:2	nukasaanadaayak:1	nuksaandaayak:1
नुकीला	nukila:2	nukilaa:1
नुकीली	nukili:3
नुकीले	nukile:3
नुक्कड़	nukkad:3
नुक्ता	nukta:2	nuktaa:1
नुब्रा	nubra:3
नुवान	nuvaan:1	nuvan:1	nuwaan:1	nuwan:1
नुवो	nuvo:3
नुव्वे	nuvve:3
नुसरत	nusrat:2	nusarat:1
नुस्खे	nuskhe:6
नू	nu:2	noo:1
नूडल्स	noodles:3
नूतन	nutan:4	nootan:1
नून	noon:2	nun:1
नूपुर	nupur:3	noopur:1
नूबिया	nubiya:2	noobiyaa:1
नूर	noor:2	nur:1
नूरजहां	noorjahaan:1	noorjahan:1	nurjahan:1
नृतकी	nritaki:3	nrutaki:1
नृत्य	nritya:5	nrity:1	nrutya:1
नृत्यकला	nrityakala:2	nrutyakalaa:1
नृत्यशैली	nrityashaili:2	nrutyashaili:1
नृत्यांगना	nrityangana:2	nrityaanaganaa:1	nrutyaanganaa:1
नृत्यों	nrityon:2	nrutyon:1
नृशंसता	narshnsta:1	nrishansata:1	nrishansataa:1
ने	ne:6
नेक	nek:3
नेको	neko:2	neco:1
नेक्टर	nectar:3
नेक्ड	naked:2	nakd:1
नेक्सस	nexus:3
नेक्स्ट	next:3
नेग	neg:2	nega:1
नेगी	negi:3
नेगेटिव	negative:2	negetive:1
नेचर	nature:3
नेचुरल	natural:4
नेचुरोपैथी	naturopathy:3
नेट	net:3
नेटफ्लिक्स	netflix:3
नेटवर्क	network:3
नेटवर्किंग	networking:5
नेटवर्किग	networking:3
नेटवर्कों	networkon:2	networko:1
नेटवर्क्स	networks:3
नेटवेस्ट	netwest:2	netvest:1
नेटो	neto:3
नेट्स	nets:3
नेड	ned:2	nade:1
नेता	neta:6
नेताओं	netaon:2	netaaon:1
नेताजी	netaji:3
नेतृत्व	netritva:1	netrutv:1	netrutva:1
नेत्तृत्व	netritva:1	netrutva:1	nettrutv:1
नेत्र	netr:2	netra:2
नेत्रदान	netradan:2	netradaan:1
नेत्रहीन	netraheen:2	netrhin:1
नेत्रा	netra:3
नेत्रालय	netralay:2	netralaya:1
नेत्रियों	netriyon:3
नेत्रों	netron:3
नेनी	neni:2	nani:1
नेने	nene:3
नेपाल	nepal:6
नेपालियों	nepaliyon:3
नेपाली	nepali:6
नेपोलियन	nepoliyan:2	napoleon:2	nepolian:1
नेम	name:3
नेमत	nemat:3
नेमसेक	namesake:2	nemsek:1
नेमाड़े	nemade:3
नेमार	nemar:2	neymar:1
नेमो	nemo:3
नेल्ली	nelli:2	nelly:1
नेल्लौर	nellore:2	nellour:1
नेल्सन	nelson:2	nelsan:1
नेव	nev:3
नेवर	never:2	nevar:1
नेवल	neval:2	newal:1
नेवला	evala:1	nevla:1	newlaa:1
नेवलों	nevalon:1	nevlon:1	newalon:1
नेवा	neva:2	newa:1	newaa:1
नेवाडा	nevada:3
नेवादा	nevada:3
नेवारी	newari:2	nevari:1
नेविगेशन	navigation:3
नेविल	nevil:2	neville:1
नेविस	nevis:2	nevish:1
नेवी	nevi:2	navy:1
नेशंस	nations:3
नेशन	nation:3
नेशनल	national:3
नेस्टर	nester:3
नेस्तनाबूत	nestanabud:1	nestanabut:1	nestnabut:1
नेस्तानाबूद	nestanabud:3
नेहरा	nehra:6	nehara:1
नेहरु	nehru:3
नेहरू	nehru:3
नेहा	neha:3
नैटो	naito:2	nato:1
नैतिक	naitik:3
नैतिकता	naitikata:1	naitikta:1	naitiktaa:1
नैतिकताओं	naitikataon:1	naitiktaaon:1	naitiktaon:1
नैथन	naithan:2	nathan:2
नैन	nain:3
नैना	naina:2	nainaa:1
नैनी	naini:3
नैनीताल	nainital:2	nainitaal:1
नैनो	nano:2	naino:1
नैनोटेक्नोलॉजी	nanotechnology:2	nainotechnology:1
नैनोमीटर	nainometer:1	nanometer:1	nanometre:1
नैयर	naiyar:3
नैय्यर	naiyyar:1	naiyyer:1	nayyar:1
नैराश्य	nairaashya:1	nairashy:1	nairashya:1
नैरोगेज	nairogaje:1	nairogej:1	nerogej:1
नैवेद्य	naivedh:1	naivegh:1	nevedya:1
नैश	nais:1	naish:1	nash:1
नैसकॉम	nasscom:2	naiscom:1
नैसर्गिक	naisargik:2	nesgrik:1
नैसर्गिकता	naisargikata:3
नैस्कॉम	nasscom:2	naiscom:1
नैहाटी	naihati:2	naihaati:1
नॉक	knock:3
नॉकआउट	knockout:6
नॉट	not:3
नॉटिंघम	nottingham:3
नॉटिंघमशायर	nottingamshire:1	nottinghamshayar:1	nottinghamshire:1
नॉटिकल	nautical:3
नॉटिलस	nautilus:3
नॉन	non:3
नॉमिनी	nominee:2	nomany:1
नॉमिनेट	nominate:3
नॉर	nor:2	knorr:1
नॉरमन	norman:2	normon:1
नॉरिस	noris:2	norris:1
नॉर्डिक	nordik:2	nordic:1
नॉर्थ	north:3
नॉर्दर्न	northern:2	nordan:1
नॉर्म	norm:3
नॉर्मन	norman:3
नॉर्विच	norwich:2	navirch:1
नॉर्वे	norway:2	norve:1
नॉर्वेजियन	norwegian:3
नो	no:3
नोआ	noaa:2	noah:1
नोएडा	noida:3
नोएल	noel:2	noile:1
नोक	knock:2	nok:2
नोकरी	nokari:2	naukari:1	naukri:1	nokri:1
नोकिया	nokia:3
नोक्स	knocks:2	noks:1
नोखा	nokha:3
नोच	noch:3
नोट	note:6
नोटपैड	notepad:3
नोटबुक	notebook:3
नोटिस	notice:3
नोटों	noton:3
नोट्स	notes:3
नोड	nod:2	node:1
नोडल	nodal:3
नोड्स	nodes:2	nodas:1
नोबल	nobel:3	noble:1
नोबेल	nobel:3
नोमानी	nomani:3
नोमुरा	nomura:3
नोरा	nora:3
नोरी	nori:3
नोर्थ	north:3
नोल्स	knowles:2	noles:1
नोवा	nova:3
नोहटा	nohta:3
नौ	nau:3
नौकर	naukar:3
नौकरशाही	naukarshahi:3
नौकरानी	naukrani:2	naukarani:1
नौकरियां	naukariyan:2	naukriyan:1
नौकरियों	naukariyon:2	nokariyon:1
नौकरी	naukari:2	naukri:1
नौकरों	naukaron:3
नौका	nauka:3
नौकाओं	naukaon:3
नौकायन	naukayan:2	nuakayan:1
नौकायान	naukayan:3
नौकासन	naukasan:3
नौजवान	naujavan:2	naujaavan:1	naujawan:1
नौजवानों	naujavaanon:1	naujavanon:1	naujawanon:1
नौटंकी	nautanki:6	notanki:1
नौटियाल	nautiyal:3
नौतन	nautan:3
नौनिहाल	naunihal:3
नौनिहालों	naunihalon:3
नौनेर	nauner:3
नौबतपुर	naubatpur:3
नौरंगिया	naurangiya:3
नौरंगी	naurangi:3
नौली	nauli:3
नौवहन	nauvahan:3
नौशाद	naushad:3
नौशेरा	naushera:2	nowshera:1
नौसर	nausar:3
नौसेना	nausena:3
नौसेनाओं	nausenaon:3
नौसेनाध्यक्ष	nausenadhyaksh:2	nausenadhykesh:1
नौसैनिक	nausainik:3
नौहझील	nauhazheel:1	nauhjheel:1	nauhjhil:1
न्याय	nyay:7	nyaay:1	nyaaya:1	nyaya:1
न्यायधीश	nyaayadheesh:1	nyaaydhish:1	nyayadhish:1
न्यायपालिका	nyaayapaalikaa:1	nyayapalika:1	nyaypalika:1
न्यायपीठ	nyaayapeetha:1	nyayapith:1	nyaypitha:1
न्यायपूर्ण	nyaayapoorna:1	nyaayapurna:1	nyayapurna:1	nyaypurna:1
न्यायपूर्वक	nyaayapurvak:2	nyaayapoorvak:1	nyayapurvak:1
न्यायप्रणाली	nayaypranali:1	nyaayapranaali:1	nyayapranali:1
न्यायप्रियता	nyaypriyata:2	nyaayapriyataa:1
न्यायमूर्ति	nyaayamoorti:1	nyaayamurti:1	nyayamurti:1	nyaymurti:1
न्यायलय	nyaayalay:2	nyayalay:1
न्यायलयों	nyayalayon:2	nyaayalayon:1
न्यायवादी	nyaaayavaadi:1	nyayavaadi:1	nyayavadi:1	nyayvadi:1
न्यायशास्त्र	nyayshastra:2	nyaayashaastra:1
न्यायसंगत	nyaysangat:2	nyaaysangat:1
न्यायाधिकरण	nyayadhikaran:2	nyaayaadhikaran:1
न्यायाधीश	nyayadhish:2	nyaayaadheesh:1
न्यायाधीशों	nyayadhishon:2	nyaayaadheeshon:1
न्यायाधीष	nyaayaadheesh:1	nyayadhish:1	nyayadhisha:1
न्यायापालिका	nyayapalika:2	nyaayaapaalikaa:1
न्यायालय	nyayalay:3	nyaayaalay:1	nyayalaya:1
न्यायालयों	nyayalayon:2	nyaayaalayon:1
न्यायिक	nyayik:2	nyaayikaa:1
न्यायोचित	nyayochit:2	nyaayochit:1
न्यालय	nyaalay:2	nyaalaya:1	nyalaya:1
न्यास	nyaas:2	nyas:1
न्यासी	nyaasi:2	nyasi:1
न्युनतम	newnatam:1	nyunatam:1	nyuntam:1
न्यू	new:2	nyun:1
न्यूकमर	newcomer:2	newkamr:1
न्यूक्लिक	nucleic:2	newclick:1
न्यूक्लियर	nuclear:3
न्यूक्लियस	nucleus:3
न्यूक्लीयर	nuclear:3
न्यूगिनी	newguinea:2	newgini:1
न्यूज	news:6
न्यूजप्रिंट	newsprint:3
न्यूजर्सी	newjersey:3
न्यूजवीक	newsweek:3
न्यूज़	news:3
न्यूज़लेटर	newsletter:3
न्यूटन	newton:3
न्यूट्रल	neutral:2	nutral:1
न्यूट्रीशन	nutrition:2	nuitrition:1
न्यूट्रॉन	neutron:3
न्यून	neun:2	nyun:1
न्यूनतम	neuntam:1	newnatam:1	nyunatam:1	nyuynatam:1
न्यूनता	newnataa:1	nyunata:1	nyunta:1
न्यूनीकरण	nyunikaran:2	newnikaran:1
न्यूपोर्ट	newport:3
न्यूमेरिक	numeric:2	neumeric:1
न्यूमोनिया	pneumonia:2	newmonia:1
न्यूयॉर्क	newyork:3
न्यूरॉन	neuron:3
न्यूरॉन्स	neurons:3
न्यूरोपैथी	neuropathy:3
न्यूरोसर्जन	neurosurgeon:2	neurosurgen:1
न्योछावर	nyochaavar:1	nyochavar:1	nyochhawar:1
न्यौपाने	nayopane:1	nyaupane:1	nyopaane:1
प	pa:2	p:1
पंकज	pankaj:6
पंक्चर	puncture:2	pankchar:1
पंक्ति	pankti:3
पंक्तिबद्ध	pankibaddha:1	panktibaddh:1	panktibadh:1
पंक्तियां	panktiyan:2	panktiyaan:1
पंक्तियों	panktiyon:3
पंख	pankh:3
पंखा	pankha:2	pankhaa:1
पंखुड़ियां	pankhudiyan:2	pankhudiyaan:1
पंखुड़ियों	pankhudiyon:2	pankhudiyaan:1
पंखुड़ी	pankhudi:3	pankhuri:1
पंखे	pankhe:3
पंखों	pankho:2	pankhon:2
पंगु	pangu:2	panguu:1
पंच	panch:6	punch:2
पंचकर्म	panchkarm:2	panchakarma:1	punchakarma:1
पंचकेदार	panchkedar:2	panchkedaar:1	punchkedaar:1
पंचकोसी	panchkosi:3	punchkosi:1
पंचतंत्र	panchtantra:2	panchatantra:1
पंचतत्व	panchtatv:1	panchtatva:1	punchtatv:1
पंचम	pancham:2	puncham:1
पंचमी	panchami:2	punchami:1
पंचमुखी	panchamukhi:1	panchmukhi:1	punchmukhi:1
पंचर	punchar:1	puncher:1	puncture:1
पंचरत्न	panchratan:1	panchratna:1	punchratn:1
पंचवर्षीय	panchvarshiya:2	punchvarshiy:1
पंचशील	panchsheel:1	panchshil:1	punchshil:1
पंचांग	panchang:4	panchaang:1	punchang:1
पंचांगों	panchangon:2	punchangon:1
पंचाक्षर	panchakshar:2	punchkshar:1
पंचाट	panchat:3
पंचानन	panchanan:3
पंचामृत	panchamrit:3	panchamart:1	panchamrut:1	panchmrut:1
पंचायत	panchayat:6
पंचायती	panchayati:3
पंचायतें	panchayatein:2	panchayaten:1
पंचायतों	panchayaton:3
पंचेश्वर	pancheshwar:2	pancheshvar:1
पंचोली	pancholi:3
पंछियों	panchiyon:2	panchhiyon:1
पंज	panj:3
पंजाब	punjab:6
पंजाबियों	punjabiyon:3
पंजाबी	punjabi:5	panjabi:1
पंजाल	panjal:2	punjal:1
पंजी	panji:3
पंजीकरण	panjikaran:2	panjikarana:1
पंजीकृत	panjikrit:2	panjikrut:1
पंजीयन	panjiyan:3
पंजे	panje:3
पंजों	panjon:3
पंटर	pantar:1	panter:1	punter:1
पंडवानी	pandvani:2	pandwani:1
पंडालों	pandalon:3
पंडित	pandit:7	pundit:1
पंडितों	panditon:3	punditon:1
पंत	pant:3
पंथ	panth:3
पंथियों	panthiyon:3
पंथों	panthon:2	pamthon:1
पंद्रह	pandrah:3
पंद्रहवी	pandrahavi:1	pandrahavin:1	pandrhavi:1
पंद्रहवीं	pandrahavin:2	pandrhavin:1
पंप	pump:3
पंपिंग	pumping:3
पंपों	pumpon:3
पंप्स	pumps:3
पक	pak:3
पकड़	pakad:3
पकड़ता	pakadataa:1	pakadta:1	pakdata:1
पकड़ते	pakadate:1	pakadte:1	pakdate:1
पकड़ना	pakadana:1	pakadta:1	pakdana:1
पकड़ने	pakadne:2	pakdane:1
पकड़ा	pakada:2	pakda:2	pakadaa:1
पकड़ी	pakdi:2	pakadi:1
पकड़े	pakade:2	pakde:1
पकता	pakta:2	pakata:1	paktaa:1
पकती	pakti:2	pakati:1
पकते	pakate:2	pakte:1
पकने	pakane:2	pakne:1
पकवान	pakvan:2	pakvaan:1	pakwaan:1
पकवानों	pakvanon:2	pakwaanon:1
पका	pakaa:2	paka:1
पकाएं	pakaayein:1	pakaayen:1	pakaen:1	pakayen:1
पकाता	pakaataa:2	pakata:2
पकाते	pakaate:2	pakate:2
पकाना	pakaanaa:2	pakana:2
पकाने	pakaane:2	pakane:2
पकाया	pakaayaa:2	pakaya:2
पकी	paki:3
पके	pake:3
पकौड़े	pakaude:3
पक्का	pakka:2	pakkaa:1
पक्की	pakki:3
पक्के	pakke:3
पक्ष	paksh:3
पक्षधर	pakshdhar:2	pashadhar:1
पक्षपात	pakshapat:1	pakshpaat:1	pakshpat:1
पक्षपातपूर्ण	pakshapatapurn:1	pakshapatpurna:1	pakshpaatpurna:1
पक्षपाती	pakshpaati:2	pakshapati:1
पक्षाघात	pakshaghat:3
पक्षियों	pakshiyon:3
पक्षी	pakshi:6
पक्षों	pakshon:3
पग	pag:2	pug:1
पगडंडियों	pagdandiyon:2	pagadandiyon:1
पगडंडी	pagdandi:3	pagadandee:1
पगड़ी	pagadi:2	pagdi:1
पगबाधा	pagbadha:2	pagabadha:1
पगला	pagla:2	pagalaa:1
पगले	pagale:2	pagle:1
पगारा	pagaara:2	pagara:1
पगोड़ा	pagoda:3
पचड़ों	pachadon:2	pachdon:1
पचरंगा	pachranga:3
पचहत्तर	pachattar:2	pachhattar:1
पचा	pachaa:2	pacha:1
पचाता	pachaataa:2	pachata:2
पचास	pachas:2	pachaas:1
पचासवां	pachasavan:2	pachaasvaan:1
पचासवीं	pachaasvin:1	pachasavin:1	pachasvin:1
पचौरी	pachauri:3
पच्चीकारी	pachchikari:1	pachhikari:1	pachikari:1
पच्चीस	pachis:2	pachchis:1
पछाड़	pachad:2	pachchad:1
पछाड़ते	pachadte:2	pachadtey:1
पछुवा	pachchuva:1	pachua:1	pachuva:1
पजामा	pajama:3
पट	pat:3
पटक	patak:3
पटककर	patakkar:3
पटकथा	patkatha:2	patkathaa:1
पटकथाएं	patkathaayein:1	patkathaein:1	patkathayen:1
पटकथाओं	patkathaon:2	patkathaaon:1
पटकी	patki:3
पटना	patna:4
पटनायक	patnayak:2	patanaayak:1	patnaik:1
पटनी	patni:3
पटमदा	patamadaa:1	patamda:1	patmada:1
पटरानी	patrani:2	pataraani:1
पटरियों	patariyon:2	patriyon:1
पटरी	patari:2	patri:1
पटरे	patare:2	patre:1
पटल	patal:3
पटवर्धन	patvardhan:2	patwardhan:2
पटवा	patwa:2	patavaa:1
पटवारी	patwari:2	patavaari:1
पटसन	patasan:1	patsan:1	patson:1
पटा	pataa:2	pata:1
पटाक्षेप	pataakshep:1	patachep:1	patakshep:1
पटाखों	patakhon:2	pataakhon:1
पटिया	patiya:2	patiyaa:1
पटियाला	patiyala:2	patiala:1
पटियाली	patiyali:2	patiyaali:1
पटी	pati:2	patti:1
पटेरा	patera:2	pateraa:1
पटेल	patel:3
पट्टा	patta:3
पट्टिका	pattika:2	pattikaa:1
पट्टियां	pattiyan:2	pattiyaan:1
पट्टियों	pattiyon:3
पट्टी	patti:3
पट्टीदार	pattidar:2	pattidaar:1
पट्टू	patoot:1	patt:1	pattu:1
पट्टे	patte:3
पठनपाठन	pathanpaathan:3
पठनीय	pathaniya:1	pathniy:1	pathniya:1
पठान	pathan:3
पठारी	pathari:2	pathaari:1
पडरौना	padrauna:2	padaraunaa:1
पड़ताल	padtaal:2	padataal:1
पड़ा	pada:11	padaa:2
पड़ाव	padaav:2	padav:1
पड़ावों	padaavon:2	padavon:2
पड़ी	padi:3
पड़ेगा	padega:2	padegaa:2
पड़ेगी	padegi:3
पड़ोस	pados:3
पड़ोसियों	padosiyon:3
पड़ोसी	padosi:3
पढ़	padh:3
पढ़ता	padhataa:1	padhta:1	pathataa:1
पढ़ते	padhte:2	padhate:1
पढ़ना	padhanaa:1	padhna:1	padhnaa:1
पढ़ने	padhne:2	padhane:1
पढ़ा	padha:2	padhaa:1
पढ़ाई	padhai:5	padhaai:2
पढ़ाता	padhaataa:3	padhata:1
पढ़ाने	padhaane:2	padhane:1
पढ़ाया	padhaayaa:2	padhaya:1
पढ़िए	padhiye:2	padhiae:1
पढ़ी	padhi:3
पढ़ें	padhen:2	padhein:1
पढ़ो	padho:3
पणजी	panji:2	panaji:1
पतंग	patang:3
पतंजलि	patanjali:5	pantjali:1
पतझड़	patjhad:2	patajhad:1
पतन	patan:3
पतनशील	patanshil:2	patanashil:1
पतला	patalaa:2	patla:1
पतली	patali:2	patli:1
पतलून	pataloon:1	patloon:1	patlun:1
पतले	patale:2	patle:1
पतवार	patavaar:1	patvaar:1	patwar:1
पता	pata:2	pataa:2
पताका	pataakaa:2	pataaka:1	pataka:1
पति	pati:6
पतिपत्नी	patipatni:3
पतीला	patila:2	patilaa:1
पतीली	patili:3
पत्ता	patta:2	pattaa:1
पत्तागोभी	pattagobhi:2	pattaagobhi:1
पत्तियां	pattiyan:2	pattiyaan:1
पत्तियों	pattiyon:3
पत्ती	patti:3
पत्ते	patte:3
पत्तेदार	pattedaar:2	pattedar:1
पत्तो	patto:3
पत्तों	patton:2	paatton:1
पत्थर	patthar:5
पत्थरबाजी	pattharabaaji:1	pattharbaaji:1	pattharbaazi:1	pattharbazi:1
पत्थरों	pattharon:3
पत्नियां	patniyaan:2	patniyan:1
पत्नियों	patniyon:3
पत्नी	patni:3
पत्र	patr:3	patra:1
पत्रक	patrak:4
पत्रकार	patrakaar:2	patrkar:1
पत्रकारिता	patrakaaritaa:2	patrkaritaa:1
पत्रकारों	patrakaaron:2	patrkaaron:1
पत्रव्यवहार	patravyavahaar:1	patrvyavahaar:1	patrvyvahar:1
पत्राचार	patrachar:2	patraachaar:1
पत्रावली	patravali:4	patraavali:1	patrawali:1
पत्रिका	patrika:6	patrikaa:1
पत्रिकाएं	patrikayen:2	patrikaaaen:1
पत्रिकाओं	patrikaon:2	patrikaaon:1
पत्रों	patron:3
पथ	path:3
पथप्रदर्शक	pathpradarshak:2	pathapradarshak:1	pathpradarsak:1	pathpradarshk:1
पथरियां	pathariyaan:1	pathariyan:1	pathriyon:1
पथरी	pathari:2	pathri:1
पथरीला	pathrila:2	patharilaa:1	pathreela:1
पथरीले	patharile:1	pathrile:1	pathriley:1
पथिक	pathik:3
पथों	pathon:3
पद	pad:3
पदक	padak:3
पदक्रम	padkram:2	padkrama:1
पदच्युत	padachyut:1	padchuyt:1	padchyut:1
पदभार	padbhar:3
पदमावत	padamaavat:1	padmavat:1	padmawat:1
पदमावती	padamawati:1	padmavati:1	padmawati:1
पदमासन	padmasan:3
पदम्	padam:3
पदवी	padavi:3
पदाधिकारियों	padadhikariyon:3
पदाधिकारी	padadhikari:3
पदानुक्रम	padanukram:3
पदार्थ	padarth:5	padaarth:1
पदार्थो	padartho:2	padarthon:1
पदार्थों	padarthon:3
पदार्पण	padarpan:2	padarpana:1
पदेन	paden:3
पदों	padon:3
पदोन्नत	padonnat:3
पदोन्नति	padonnati:3
पद्धति	paddhati:3
पद्धतियां	paddhatiyan:3
पद्धतियों	paddhtiyon:2	paddatiyon:1
पद्म	padm:2	padam:1
पद्मभूषण	padmbhushan:3	padmbhushana:2
पद्मविभूषण	padmvibhushan:3	padmvibhushana:2
पद्मा	padma:3
पद्माकर	padmakar:3
पद्मावत	padmavat:2	padmawat:1
पद्मावती	padmavati:1	padmawati:1	padmvati:1
पद्मासन	padmasan:2	padmsan:1
पद्मिनी	padmini:3
पद्मेश	padmesh:3
पद्य	paday:1	pady:1	padya:1
पधार	padhar:3	padhaar:1
पधारना	padharana:2	padhaaranaa:1	padharna:1
पधारे	padhare:3	padhaare:1
पधारेंगे	padharenge:3
पनडुब्बियां	pandubbiyan:3
पनडुब्बियों	pandubbiyon:3
पनडुब्बी	pandubbi:3
पनप	panap:3
पनपते	panapte:2	panpate:1
पनपना	panpana:2	panapnaa:1
पनपने	panpane:3
पनपे	panape:2	panpe:1
पनबिजली	panbijali:1	panbijlee:1	panbijli:1
पनवेल	panvel:3
पनामा	panama:2	panaamaa:1
पनार	panaar:2	panar:1
पनाहगाह	panaahgaah:1	panahgaah:1	panahgah:1
पनिशमेंट	punishment:3
पनीर	paneer:3
पन्ना	panna:2	pannaa:1
पन्ने	panne:3
पन्नो	panno:3
पन्नों	pannon:3
पपड़ी	papdi:3
पप्पी	pappi:3
पब	pub:3
पब्लिक	public:3
पब्लिकेशन	publication:3
पब्लिशर	publisher:3
पब्लिशिंग	publishing:3
पम्मी	pammi:1	pammu:1	pummi:1	pummy:1
पर	par:3
परंतु	parantu:3
परंपरा	parampara:3
परंपराएं	paramparaein:1	paramparaen:1	paramparayen:1
परंपराओं	paramparao:3	paramparaon:3
परंपरागत	paramparagat:3
परंपरानुसार	paramparanusar:3
परकोटा	parkota:3
परकोटे	parkote:3
परख	parakh:3
परखकर	parakhkar:3
परखना	parakhana:1	parakhna:1	parkhana:1
परखने	parakhane:1	parakhne:1	parkhane:1
परखा	parkha:2	parakha:1
परखे	parkhe:2	parakhe:1
परखें	parkhen:2	parkhein:1
परगना	pargana:2	paragna:1
परग्रहियों	pargrahiyon:3
परचम	parcham:3
परचून	parchun:3
परछाई	parchhai:3	parchhae:1
परजीवियों	parjiviyon:3
परजीवी	parjivi:3
परण	parana:2	paran:1
परत	parat:3
परतंत्रता	partantrata:2	paratantrataa:1
परतदार	paratdar:2	paratdaar:1
परता	parata:1	parataa:1	parta:1
परतें	partein:2	paratein:1
परतों	parton:2	paraton:1
परदा	parda:2	pardaa:1
परदादी	pardadi:2	pardaadi:1
परदे	parde:3
परदेश	pardesh:3
परदेस	pardes:3
परदेसियों	pardesiyon:3
परदेसी	pardesi:3
परदों	pardon:3
परनाना	parnana:2	parnaanaa:1
परनीत	parneet:2	parnit:1
परफार्मिंग	performing:3
परफॉर्मर	performer:3
परब्रह्म	parabrahma:2	parbraham:1
परभणी	parbhani:2	parabhani:1
परम	param:6	parm:1
परमभक्त	paramabhakta:1	parambhakt:1	parambhakta:1
परमवीर	paramveer:2	paramvir:1
परमशक्ति	paramshakti:3
परमहंस	paramhans:2	paramhansa:1
परमा	parma:2	parmaa:1
परमाणु	parmanu:2	paramaanu:1
परमाणुओं	parmanuon:2	paramaanuon:1
परमात्म	paramaatma:1	paramatm:1	parmatm:1
परमात्मा	paramaatma:1	paramatma:1	parmatma:1
परमानंद	parmanand:2	paramaananda:1
परमार	parmar:2	parmaar:1
परमार्थ	parmarth:2	paramaartha:1
परमिट	permit:3
परमेश्वर	parameshwar:1	parmeshvar:1	parmeshwar:1
परमोच्च	parmochch:2	parmochcha:1
परम्	param:3
परली	parli:6	parali:5
परलोक	parlok:3
परवरदिगार	parvardigaar:2	parvardigar:1	parwardigaar:1
परवरिश	parvarish:3	parwarish:1
परवर्ती	parvarti:3	parawarti:1	parwarti:1
परवल	parwal:3	parval:2
परवा	parva:2	parvaa:1	parwa:1	parwaa:1
परवान	parvaan:2	parvan:1	parwaan:1
परवाह	parvaah:1	parvaaha:1	parvah:1	parwaaha:1
परवीन	parveen:2	parvin:1
परवेज़	parvej:2	parvez:1	pervez:1
परवेश	parvesh:3
परशुराम	parshuram:2	parshuraam:1
परसा	parasaa:2	parsa:1
परसाद	parasaad:1	parsaad:1	parsad:1
परसादी	parasaadi:1	parsaadi:1	parsadi:1
परसेंट	percent:3
परस्त्री	parastri:3
परस्पर	paraspar:3
परहेज	parhej:2	parhez:2
परहेज़	parhez:3	parhej:1
परा	paraa:3	para:1
परांजपे	paranjape:2	paranjpe:2
परांठा	paraanthaa:2	parantha:1
पराकाष्ठा	paraakaashthaa:2	parakaashtha:1	parakashtha:1
पराक्रम	paraakram:3	parakram:1
पराक्रमी	parakrami:2	paraakrami:3
पराक्साइड	peroxide:2	paraoxide:1
पराग	paraag:2	parag:2
परागकण	paraagkan:2	paraagakan:1	paragkan:1
परागण	paraagan:3	paragan:1
पराजय	paraajay:3	parajay:1
पराजयों	paraajayon:3	parajayon:1
पराजित	parajit:4	paraajit:3
पराठा	paraathaa:2	paraatha:1	paratha:1
पराठे	paraathe:3	parathe:1
परात	paraat:3	parat:1
परात्पर	paraatpar:3	paratpar:1
पराधीन	paraadheen:1	paraadhin:1	paradheen:1	paradhin:1
पराधीनता	paraadheenataa:1	paraadhinataa:1	paradheenta:1	paradhinta:1
पराबैंगनी	parabaingani:2	paraabaingani:1
पराबैगनी	parabaigani:2	paraabaigani:1
परामर्श	paramarsh:3	paraamarsha:2
परामर्शदाता	paraamarshadaataa:2	paramarshdata:1
परामर्शदाताओं	paraamarshadaataaon:2	paramarshdataon:1
परामर्शदात्री	paraamarshadaatri:2	paramarshdatri:1
परामर्शी	paraamarshi:2	paramarshi:1
परावर्तन	paraavartan:2	paravartan:1
पराशर	paraashar:2	parashar:1
परासन	paraasan:2	parasan:1
परास्त	paraasta:2	paraast:1
परास्नातक	paraasnaatak:1	paraastanaatak:1	parasnatak:1
परिंदा	parinda:2	parindaa:1
परिकर	parikar:3
परिकल्प	parikalp:3
परिकल्पना	parikalpana:2	parikalpanaa:1
परिकल्पित	parikalpit:3
परिक्रमा	parikrama:2	parikramaa:1
परिक्षण	parikshan:6
परिक्षेत्र	parikhsetra:1	parikshetra:1	parishetr:1
परिक्षेत्रों	parikshetron:3
परिघटना	parighatna:2	parighatanaa:1
परिचय	parichay:3
परिचारिका	paricharika:2	parichaarikaa:1
परिचालकों	parichaalakon:1	parichalakon:1	parichalkon:1
परिचालन	parichaalan:2	parichalan:1
परिचालित	parichalit:2	parichaalit:1
परिचित	parichit:3
परिजन	parijan:3
परिजनों	parijanon:3
परिजात	parijaat:2	parijat:1
परिणाम	parinam:10	parinaam:2
परिणामस्वरुप	parinaamswaroop:1	parinamsvarup:1	parinamswaroop:1
परिणामस्वरूप	parinamswarup:2	parinaamswaroop:1	parinamsvarup:1	parinamswaroop:1
परिणामी	parinami:2	parinaami:1
परिणामों	parinamo:2	parinamon:3	parinaamon:1
परित्याग	parityag:3
परिदृश्य	paridrashya:1	paridrishya:1	paridrshy:1
परिदृश्यों	paridrashyon:1	paridrishyon:1	paridrshyon:1
परिधान	paridhan:3
परिधि	paridhi:3
परिपक्व	paripakk:1	paripakv:1	paripakva:1
परिपक्वता	paripakkata:1	paripakvata:1	paripakvta:1
परिपत्र	paripatra:3
परिपथों	paripathon:3
परिपाटी	paripati:3	paripaati:1
परिपालन	paripalan:3	paripaalan:1
परिपूर्ण	paripurn:3	paripoorn:1	paripurna:1	peripooran:1
परिपेक्ष	paripeksh:2	paripeksha:1
परिपेक्ष्य	paripekshya:2	paripekhya:1
परिभाषा	paribhasha:3
परिभाषाएं	paribhashaen:2	paribhashaein:1
परिभाषाओं	paribhashaon:3
परिभाषित	paribhashit:3
परिभ्रमण	paribhraman:2	paribhramana:1
परिमल	parimal:6
परिमाण	parimaan:1	parimana:1	periman:1
परिमाणात्मक	parimanaatmak:2	perimanatmak:1
परिमार्जित	parimarjit:3
परियों	pariyon:3
परियोजना	pariyojna:6	pariyojana:2
परियोजनाएं	pariyojanaon:1	pariyojnaaen:1	pariyojnaen:1
परियोजनाओं	pariyojnaon:2	periyojanaon:1
परिरक्षण	parirakshan:1	parirakshana:1	perirkshan:1
परिलक्षित	parilakshit:3
परिवर्तन	parivartan:6
परिवर्तनशील	parivartanshil:2	parivartansheel:1
परिवर्तनशीलता	parivartansheelta:1	parivartanshilata:1	parivartanshilta:1
परिवर्तनीय	parivartniya:2	parivartaniye:1
परिवर्तनों	parivartanon:2	parivartnon:1
परिवर्तित	parivartit:3
परिवर्धित	parivardhit:3
परिवहन	parivahan:3
परिवादी	parivadi:2	parivaadi:1
परिवार	parivar:2	parivaar:1
परिवारवालों	parivarwalon:2	parivarvalon:1
परिवारों	parivaron:3
परिवेदना	parivedna:2	parivedana:1
परिवेश	parivesh:3
परिशिष्ट	parishisht:3
परिशुद्धता	parishuddhata:2	parishudhta:1
परिशोधन	parishodhan:3
परिश्रम	parishram:3
परिश्रमी	parishrami:3
परिषद	parishad:3
परिषदीय	parishadiya:2	parishadiy:1
परिषदें	parishadein:2	parishaden:1
परिषदों	parishadon:3
परिष्कृत	parishkrit:2	parishkrat:1
परिसंघ	parisangh:3
परिसंघों	parisanghon:3
परिसंचरण	parisancharan:3
परिसंपत्ति	parisampatti:3
परिसंपत्तियों	parisampattiyon:3
परिसर	parisar:3
परिसरों	parisaron:3
परिसीमन	parisiman:2	parisemen:1
परिस्थिति	paristhiti:3
परिस्थितियां	paristhitiyan:2	paristhitiyaan:1
परिस्थितियों	paristhitiyon:3
परिस्थितिवश	paristhitivash:3
परिहार	parihar:2	parihaar:1
परिहास	parihaas:2	parihas:1
परी	pari:3
परीक्षक	parikshan:2	parikshak:3
परीक्षकों	parikshakon:3
परीक्षण	parikshan:6
परीक्षणों	parikshano:2	parikshanon:3
परीक्षा	pariksha:5	parikshaa:1
परीक्षाएं	parikhaen:1	parikshaayein:1	parikshaen:1
परीक्षाओं	parikhaon:1	parikshaaon:1	parikshaon:1
परीक्षाफल	parikshafal:2	parikshaafal:1
परीक्षार्थियों	pariksharthiyon:2	parikshaarthiyon:1
परीक्षार्थी	pariksharthi:2	parikshaarthi:1
परीक्षित	parikshit:3
परीणाम	parinaam:2	parinam:1
परे	pare:3
परेड	parade:3
परेरा	pereira:2	parera:1
परेश	paresh:3
परेशान	pareshan:2	pareshaan:1
परेशानियों	pareshaaniyon:1	pareshaniyan:1	pareshaniyon:1
परेशानी	pareshani:2	pareshaani:1
परों	paron:3
परोपकार	paropkaar:2	paropkar:2
परोपकारी	paropkaari:2	paropkari:2
परोस	paros:3
परोसती	parosati:2	parosti:1
परोसते	paroste:3
परोसना	parosana:1	parosna:1	parosnaa:1
परोसने	parosne:2	parosane:1
परोसा	parosa:2	parosaa:1
परोसे	parose:3
पर्ची	parchi:3
पर्चे	parche:3
पर्चो	parcho:3
पर्जन्य	parjanya:3
पर्थ	parth:1	partha:1	perth:1
पर्दा	parda:2	pardaa:1
पर्दापण	pardaapann:1	pardapan:1	pardapana:1
पर्दाफाश	pardafash:2	pardaafaash:1	pardaphash:1
पर्नेल	parnel:2	pernell:1
पर्पल	purple:3
पर्यटक	paryatak:5	parytak:1
पर्यटकों	paryatakon:3	paryatkon:1
पर्यटन	paryatan:5	parytan:2	prayatan:1
पर्यवेक्षक	paryavekshak:3
पर्यवेक्षकों	paryavekshakon:2	paryevekshakon:1
पर्यवेक्षण	paryavekshan:2	paryevekshan:1
पर्याप्त	paryapt:2	paryaapta:1	pryapt:1
पर्याय	paryaay:1	paryaaya:1	paryay:1
पर्यायवाची	paryayvachi:3	paryaayavachi:2	paryaayavaachi:1
पर्यावरण	paryavaran:6	paryaavaran:1
पर्यावरणवादी	paryaavaranvaadi:1	paryavaranvaadi:1	paryavaranvadi:1
पर्यावरणविदों	paryaavaranvidon:1	paryavaranvidon:1	paryavarnvidon:1
पर्यावरणीय	paryaavaraneeya:1	paryavaraniya:1	paryavarniya:1
पर्ल	pearl:2	perl:1
पर्व	parv:4	parva:2
पर्वत	parvat:6
पर्वतमाला	parvatmala:2	parvatmaalaa:1
पर्वतारोहण	parvataarohan:1	parvatarohan:1	parvatarohana:1
पर्वतारोहियों	parvatarohiyon:2	parvataarohiyon:1
पर्वतारोही	parvatarohi:2	parvataarohi:1
पर्वतीय	parvateey:1	parvateeya:1	parvatiiya:1	parvatiy:1
पर्वतों	parvaton:3
पर्वो	parvo:3
पर्वों	parvon:3
पर्सनल	personal:3
पर्सनालिटी	personality:3
पर्सनेलिटी	personality:3
पर्सपेक्टिव	perspective:3
पर्सी	percy:2	persi:1
पल	pal:6
पलक	palak:3
पलकों	palkon:2	palakon:1
पलक्कड़	palakkad:3
पलट	palat:3
पलटने	paltane:2	palatne:1
पलटवार	palatvaar:2	palatwaar:1	palatwar:1	paltavar:1
पलता	palta:2	paltaa:1
पलने	palne:3
पलभर	palbhar:3
पला	pala:2	palaa:1
पलामू	palamu:2	palaamu:1
पलायन	palayan:4	palaayan:2
पलायित	palayit:2	palaayit:1
पलारी	palari:2	palaari:1
पलाश	palash:2	palaash:1
पलास	palaas:1	palace:1	palas:1	pallas:1
पलिया	paliya:2	paliyaa:1
पली	pali:6
पलीता	palita:2	palitaa:1
पलुस्कर	paluskar:2	pluskar:1
पले	pale:6
पलो	palo:3
पलों	palon:3
पल्टन	paltan:3
पल्प	pulp:3
पल्मोनरी	palmonari:2	pulmonary:1
पल्लव	pallav:3	pallaw:1
पल्लवित	pallavit:2	pallvit:1	pallwit:1
पल्लवी	pallavi:3
पल्ला	palla:2	pallaa:1
पल्ली	palli:3
पल्स	pulse:2	plus:1
पल्सर	pulsar:2	pulser:1
पवई	powai:2	pavae:1
पवन	pawan:6	pavan:2
पवनदेव	pawandev:3	pavandev:1
पवनपुत्र	pawanputra:3	pavanputra:1
पवनसुत	pawansut:3	pavansut:1
पवार	pawar:6	pavaar:1
पवित्र	pavitra:3
पवित्रतम	pavitratam:2	pavitram:1
पवित्रता	pavitrata:2	pavitrataa:1
पवेलियन	pavilion:3
पवैया	pavaiya:2	pavaiyaa:1
पशु	pashu:3
पशुओं	pashuon:3
पशुधन	pashudhan:3
पशुपक्षियों	pashupakshiyon:2	pashipakshisyon:1
पशुपक्षी	pashupakshi:2	pashipakshi:1
पशुपतिनाथ	pashupatinath:3
पश्चात	pashchaat:3	pakshat:1	paschaat:1	paschat:1
पश्चाताप	pakshatap:1	paschaataap:1	paschatap:1
पश्चिम	paschim:2	pakshim:1
पश्चिमांचल	pashchimanchal:2	paschimaanchal:1
पश्चिमी	paschimi:8	pashchimi:2
पश्चिमोत्तर	paschimottar:2	pashchimottar:1
पश्तून	pashtun:2	pashtuun:1
पश्तो	pashto:3
पश्मीना	pashmina:2	pasminaa:1
पस	pus:2	puss:1
पसंद	pasand:3
पसंदीदा	pasandita:2	pasandida:2	pasandeedaa:1
पसलियों	pasliyon:2	pasaliyon:1
पसली	pasali:2	pasli:1
पसारी	pasari:2	pasaari:1
पसीना	pasina:2	paseenaa:1
पसीने	pasine:2	paseene:1
पहचान	pehchan:8	pahchan:2	pahachan:1	pahchaan:1
पहचानकर	pahchaankar:1	pahchankar:1	pehchankar:1
पहचानता	pahchaantaaa:1	pahchanta:1	pehchanta:1
पहचानते	pahchaante:1	pahchante:1	pehchante:1
पहचानना	pahchaananaa:1	pahchanane:1	pehchanna:1
पहचानने	pahchanane:2	pehchanne:1
पहचाना	pehchana:2	pahchaanaa:1	pahchana:1
पहचानी	pahchani:2	pehchani:1
पहचाने	pahchaane:1	pahchane:1	pehchane:1
पहचानेगा	pahchaanegaa:1	pahchanega:1	pehchanega:1
पहचानो	pahchaano:1	pahchano:1	pehchano:1
पहन	pahan:2	pehan:1
पहनकर	pahankar:2	pehankar:1
पहनता	pahantaa:1	pahnata:1	pehnate:1
पहनती	pahanti:1	pahnati:1	pehnati:1
पहनते	pahanate:1	pahante:1	pehnate:1
पहनना	pahananaa:1	pahnana:1	pehnana:1
पहनने	pahanane:1	pahnane:1	pehnane:1
पहना	pahna:1	pahnaa:1	pehna:1
पहनाकर	pahnaakar:1	pahnakar:1	pehnakar:1
पहनाता	pahnaataa:1	pahnata:1	pehnata:1
पहनाती	pahnaati:1	pahnati:1	pehnati:1
पहनाना	pahnaanaa:1	pahnana:1	pehnana:1
पहनाने	pahnaane:1	pahnane:1	pehnane:1
पहनाया	pahnaayaa:1	pahnaya:1	pehnaya:1
पहनावा	pahnaavaa:1	pahnava:1	pehnawa:1
पहनावे	pahnaave:1	pahnave:1	pehnawe:1
पहनी	pahani:1	pahni:1	pehni:1
पहने	pahne:2	pehne:1
पहनो	pahno:2	pehno:1
पहर	pahar:2	pehr:1
पहरा	pahara:1	pahraa:1	pehra:1
पहरेदारी	paharedari:1	pahredaari:1	pahredari:1	pehredari:1
पहरेदारों	paharedaron:1	pahredaaron:1	pahrondaron:1	pehredaron:1
पहल	pahal:3
पहलगाम	pahalgam:2	pahalgaam:1
पहलवान	pahalvaan:1	pahalvan:1	pahalwaan:1	pehlawan:1
पहलवानों	pahalvaanon:1	pahalvanon:1	pahalwaanon:1	pehlwanon:1
पहलवी	pahalvi:1	pahlavi:1	pehlavi:1
पहला	pahla:1	pahlaa:1	pehla:1
पहली	pehli:10	pahli:2
पहलुओं	pahluon:2	pehluon:1
पहलू	pahlu:2	pehlu:1
पहले	pahle:3	pehle:2	pahale:1
पहवा	pahava:1	pahvaa:1	pahwaa:1	pehva:1
पहाड़	pahad:2	pahaad:1	pahar:1
पहाड़सिंह	pahadsingh:2	pahaadsingh:1	paharsingh:1
पहाड़ा	pahada:2	pahaadaa:1
पहाड़िया	pahadiya:2	pahadiyaa:1
पहाड़ियों	pahadiyon:2	pahaadiyon:1
पहाड़ी	pahadi:2	pahaadi:1	pahari:1
पहाड़ों	pahadon:2	pahaado:1	paharon:1
पहिए	pahiye:2	pahiae:1
पहिनने	pahinane:3
पहिया	pahiya:2	pahiyaa:1
पहियों	pahiyon:3
पहुंच	pahunch:3
पहुंचकर	pahunchkar:3
पहुंचता	pahunchata:1	pahunchataa:1	pahunchta:1
पहुंचती	pahunchti:2	pahunchati:1
पहुंचते	pahunchte:2	pahunchate:1
पहुंचना	pahunchana:1	pahunchanaa:1	pahunchna:1
पहुंचने	pahunchne:2	pahuchne:1	pahunchane:1
पहुंचा	pahuncha:2	pahunchaa:1
पहुंचाई	pahunchai:2	pahunchaai:1
पहुंचाएं	pahunchaayein:1	pahunchaen:1	pahunchayen:1
पहुंचाता	pahunchata:2	pahunchaataa:1
पहुंचाती	pahunchati:2	pahunchaati:1
पहुंचाते	pahunchate:2	pahunchaate:1
पहुंचाना	pahunchana:2	pahunchaanaa:1
पहुंचाया	pahunchaya:2	pahunchaayaa:1
पहुंची	pahunchi:3
पहुंचे	pahunche:3
पहुंचेगी	pahunchegi:3
पहेलियां	paheliyan:2	paheliyaan:1
पहेलियों	paheliyon:3
पहेली	paheli:3
पा	paa:2	pa:1
पांगोंग	paangong:2	pangong:1
पांच	panch:7	paanch:5
पांचवां	paanchvaan:1	paanchvan:1	panchvan:1
पांचवीं	paanchavi:1	paanchvin:1	panchavin:1
पांचवें	paanchvein:2	panchven:1
पांचाल	panchal:2	paanchaal:1
पांचों	paanchon:2	panchon:1
पांडव	pandav:2	paandav:1
पांडवकालीन	pandavkalin:2	paandavkaalin:1
पांडवों	pandavon:2	paandavon:1	pandvon:1
पांडित्य	panditya:2	paanditya:1
पांडु	pandu:2	paandu:1
पांडुरंग	pandurang:2	paandurang:1
पांडुलिपि	pandulipi:2	paandulipi:1
पांडुलिपियों	pandulipiyon:2	paandulipiyon:1
पांडे	pandey:2	pande:2
पांड्या	pandya:2	paandyaa:1
पांव	panv:2	paanv:1
पांस	pans:2	paans:1
पाइड	pied:2	pide:1
पाइथागोरस	pythagoras:2	pythogaras:1
पाइन	pine:3
पाइप	pipe:3
पाइपर	piper:3
पाइपलाइन	pipeline:3
पाइपों	pipeon:2	paipon:1
पाई	paai:1	pai:1	pie:1
पाउंड	paund:2	pound:3
पाउडर	powder:3
पाउला	paula:2	paaulaa:1
पाऊं	paaun:1	paoon:1	pau:1
पाए	paye:2	paaaye:1
पाएंगी	payengi:2	paayengi:1
पाएंगे	paaenge:1	paayenge:1	payenge:1
पाएगा	payega:2	paayegaa:1
पाओ	pao:2	paao:1
पाक	paak:2	pak:1
पाकड़	paakad:2	pakad:1
पाकर	paakar:2	pakar:1
पाक़ीज़ा	pakiza:2	paakijaa:1
पाकिस्तान	pakistan:3
पाकिस्तानी	pakistani:3
पाकुड़	paakud:1	pakud:1	pakur:1
पाक्षिक	pakshik:2	paakshik:1
पाखंड	pakhand:2	paakhanda:1
पाखंडी	pakhandi:2	paakhandi:1
पाखंडों	pakhandon:2	paakhandon:1
पागल	pagal:2	paagal:1
पागलखाने	pagalkhane:2	paagalkhaane:1
पागलपन	pagalpan:2	paagalpann:1
पाचक	pachak:2	paachak:1
पाचन	pachan:2	paachan:1
पाचनक्रिया	pachankriya:2	paachankriyaa:1
पाञ्चजन्य	pachchajanya:1	pajjanya:1	panchjanya:1
पाटन	patan:2	paatan:1
पाटनी	patni:2	paatni:1
पाटने	patne:2	paatne:1
पाटलिपुत्र	paatliputra:1	patilputra:1	patliputra:1
पाटा	pata:2	paataa:1
पाटिल	patil:2	paatil:1
पाटील	patil:2	paatil:1
पाटेकर	patekar:3
पाटों	paton:2	paaton:1
पाठ	path:3	paath:3
पाठक	pathak:2	paathak:1
पाठकों	pathakon:2	paathakon:1
पाठभेद	pathbhed:2	paathbhed:1
पाठयक्रम	pathaykram:1	pathaykrama:1	pathyakram:1
पाठशाला	pathshala:2	paathshaalaa:1
पाठशालाएं	paathshaalaayein:1	pathshalayein:1	pathshalayen:1
पाठशालाओं	pathshalaon:2	paathshaalaaon:1
पाठों	pathon:2	paathon:1
पाठ्य	paathya:1	pathy:1	pathya:1
पाठ्यक्रम	pathyakram:2	paathyakram:1	pathykram:1
पाठ्यक्रमों	paathyakramon:1	pathyakramon:1	pathykramon:1
पाठ्यपुस्तकें	pathyapustakein:2	pathypustaken:1
पाठ्यपुस्तकों	paathyapustakon:1	pathyapustakon:1	pathypustakon:1
पाणिनि	panini:2	paanini:1
पाणिनी	panini:2	paanini:1
पात	paat:2	pat:1
पाता	pata:2	paataa:1
पाताल	paataal:1	pataal:1	patal:1
पाती	paati:2	pati:1
पाते	paate:2	pate:1
पात्र	patr:5	patra:2	paatra:1
पात्रता	patrata:2	paatrataa:1
पात्रों	patron:2	paatron:1
पाथेय	pathey:2	paatheya:1
पादप	padap:2	paadap:1
पादपों	paadapon:1	padapon:1	padpon:1
पादरियों	padriyon:2	paadariyon:1
पादरी	paadari:1	padari:1	padri:1
पादुकाएं	paadukaayein:1	padukaein:1	padukayen:1
पादुकोण	padukon:3	padukone:1
पान	paan:4	pan:4
पाना	pana:3	paana:1	paanaa:1
पानी	pani:2	paani:1
पानीदार	paanidaar:1	panidaar:1	panidar:1
पानीपत	panipat:4
पाने	paane:2	pane:1
पाप	paap:2	pap:1
पापा	papa:2	paapaa:1
पापी	paapi:2	papi:1
पापुलेशन	population:3
पापों	papon:2	paapon:1
पाबंदियों	pabandiyon:2	paabandiyon:1
पाबंदी	pabandi:2	paabandi:1
पाबू	pabu:2	paabu:1
पाब्लो	pablo:2	paablo:1
पामीर	pamir:2	paamir:1	pameer:1
पायथन	paayathan:1	pithan:1	python:1
पायदान	paaydaan:1	paidan:1	payadan:1
पायदानों	paaydaanon:1	paidanon:1	payadanon:1
पायने	paayne:1	payane:1	payne:1
पायल	payal:2	paayal:1
पायलट	pilot:2	pailot:1
पायलटों	piloton:2	pailoton:1
पाया	paya:2	paayaa:1
पार	paar:2	par:1
पारंगत	parangat:2	paarangat:1
पारंपरिक	paramparik:10	paaramparik:1	paranparik:1
पारंपरिकता	paarampariktaa:1	paramparikata:1	paramparikta:1
पारंपारिक	paramparik:2	paaramparik:1
पारगमन	pargaman:2	paaragman:1
पारद	parad:2	paarad:1
पारदर्शिता	pardarshita:2	paardarshitaa:1
पारदर्शी	pardarshi:2	paardarshi:1
पारलौकिक	parlaukik:2	paaralaukik:1
पारस	paras:2	paaras:1
पारसनाथ	parasnath:2	paarasnaath:1
पारसमणी	paarasmani:1	parasmani:1	parsamani:1
पारसी	parsi:2	parasi:1
पारस्परिक	paarasparik:1	parasparik:1	parsparik:1
पारा	para:2	paaraa:1
पाराशर	parashar:2	parashara:1
पारित	parit:2	paarit:1
पारिवारिक	parivarik:2	paarivaarik:1
पारिस्थितिकीय	paaristhitikiya:1	paristhikiya:1	paristhitikiy:1
पारी	pari:2	paari:1
पारे	pare:2	paare:1
पारेख	parekh:4
पारो	paro:2	paaro:1
पार्इ	paai:1	pai:1	pie:1
पार्क	park:6
पार्कर	parker:3
पार्किंग	parking:6
पार्कों	paarkon:1	parko:1	parkon:1
पार्ट	part:3
पार्टनर	partner:3
पार्टनर्स	partners:3
पार्टियां	partiyan:2	partiyaan:1
पार्टियों	partiyon:3
पार्टिसिपेंट	participant:2	participents:1
पार्टी	party:4
पार्थिव	paarthiv:2	parthiv:2
पार्नेल	parnel:2	parnell:1
पार्लर	parlour:5	parlor:1
पार्लरों	parleron:1	parloron:1	parlouron:1
पार्लियामेंट	parliament:3
पार्लियामेंट्री	parliamentary:2	parliyamentri:1
पार्वण	parvan:3	paarvan:1
पार्वती	parvati:6
पार्शियल	paarshiyal:1	parshiyal:1	partial:1	particial:1
पार्श्व	paarshva:1	paarshwa:1	parshv:1	parshva:1
पार्श्वगायक	paarshvagaayak:1	parshvagaayak:1	parshvagayak:1	parshvgayak:1
पार्श्वगायिका	paahsarvgaayika:1	paarshvagaayikaa:1	parshvgayika:1	pasharvgayika:1
पार्श्वनाथ	parshvanaath:1	parshwnath:1	pasharvnath:1
पार्षद	parshad:5	paarshad:2
पार्षदों	paarshadon:1	parshadon:1	parshdon:1
पाल	paal:3	pal:3
पालक	paalak:2	palak:1
पालकी	paalki:2	palki:1
पालघर	palghar:2	paalghar:1
पालता	paalta:1	paaltaa:1	palta:1
पालतू	paltu:3	paaltu:2
पालन	palan:5	paalan:2
पालनकर्ता	palankarta:2	paalankartaa:1
पालनपुर	palanpur:3
पालनपोषण	paalanposhan:2	palanposhan:1
पालना	palna:2	paalnaa:1
पालने	paalne:2	palne:1
पालमपुर	palampur:2	paalampur:1
पाला	pala:2	paalaa:1
पालि	paali:2	pali:1
पालिका	palika:4	paalika:1	paalikaa:1
पालिश	polish:2	palish:1
पालिसी	policy:3
पाली	pali:4	paali:3
पालीताणा	palitana:2	paalitaanaa:1
पालीथीन	polythene:3
पाले	paale:3	pale:3
पालो	palo:2	paalo:1
पाल्पा	palpa:2	paalpaa:1
पाल्मर	palmer:2	palmar:1
पाल्मा	palma:2	paalmaa:1
पाव	pav:2	paav:1
पावक	paavak:4	pavak:3
पावन	pavan:2	paavan:1	paawan:1	pawan:1
पावय	paavay:1	pavay:1	powai:1
पावर	power:6
पावरहाउस	powerhouse:3
पावरी	paavari:1	paawari:1	pavri:1	pawri:1
पावर्ड	powered:3
पावस	paavas:1	paawas:1	pavas:1	pawas:1
पावागढ़	pavagadh:3	pavagarh:1
पावी	pavi:2	paaawi:1	paavi:1
पाश	pash:2	paash:1
पाशा	paashaa:1	pasa:1	pasha:1
पाश्चात्य	paashaatya:1	pakshatya:1	paschatya:1
पाश्र्व	paashva:1	paashwa:1	parsva:1	pashv:1
पाषाण	pashan:2	paashaan:1
पास	paas:24	pass:3
पासंग	pasang:2	paasing:1
पासपोर्ट	passport:4	possport:1
पासबुक	passbook:3
पासवर्ड	password:3
पासवान	pasvan:1	paswaan:1	paswan:1
पासा	pasa:2	paasaa:1
पासिंग	passing:3
पासीघाट	pasighat:3
पास्कल	pascal:1	pascul:1	paskal:1
पास्ता	pasta:3
पाहन	pahan:2	paahan:1
पाहवा	paahvaa:1	pahva:1	pahwa:1
पिंक	pink:3
पिंकी	pinkey:1	pinki:1	pinky:1
पिंगल	pingal:2	pingle:1
पिंगला	pingala:1	pingla:1	pinglaa:1
पिंगली	pingli:2	pingali:1
पिंजरे	pinjre:2	pinjare:1
पिंटा	pinta:2	pintaa:1
पिंटो	pinto:3
पिंड	pind:3
पिंडी	pindi:3
पिंडो	pindo:2	pindon:1
पिए	piye:2	pie:1
पिएगा	piega:2	piyegaa:1
पिएरो	piero:2	piaro:1
पिक	pick:4	pic:2	pik:1
पिकअप	pickup:6
पिकनिक	picnic:3
पिका	picka:1	pika:1	pikaa:1
पिकासो	picaso:1	picasso:1	piccaso:1
पिकी	piki:2	piky:1
पिकु	piku:3
पिक्चर	picture:6
पिक्चरहाउस	picturehouse:3
पिक्चर्स	pictures:3
पिक्स	pics:5	picks:1	pix:1
पिक्सल	pixel:3
पिक्सी	pixie:2	picsi:1
पिक्सेल	pixel:3
पिग	pig:3
पिगमेंटेशन	pigmentation:3
पिग्मी	pigmi:2	pigmy:1
पिग्स	pigs:3
पिघल	pighal:3
पिघलना	pighalana:1	pighalne:1	pighlana:1
पिघलने	pighalane:1	pighalne:1	pighlane:1
पिघला	pighala:1	pighla:1	pighlaa:1
पिघलाने	pighalane:1	pighlaane:1	pighlane:1
पिघली	pighli:2	pighali:1
पिघले	pighle:2	pighale:1
पिच	pica:2	pitch:2	peach:1
पिछड़	pichhad:3	pichhar:1
पिछड़ते	pichhadte:3	pichharate:1
पिछड़ने	pichhadne:2	pichhadane:1
पिछड़ा	pichhada:2	pichhdaa:1
पिछड़ी	pichhadi:2	pichhdi:1
पिछड़े	pichhade:2	pichde:1
पिछड़ेपन	pichhaddepan:1	pichhadepan:1	pichhdepann:1
पिछला	pichhala:2	pichhlaa:1
पिछली	pichhali:2	pichhli:1
पिछले	pichhale:2	pchhale:1	pichhle:1
पिछेती	pichheti:3
पिछोला	pichhola:2	pichholaa:1
पिछ्ले	pichhale:1	pichhle:1	pichle:1
पिज़्ज़ा	pizza:3
पिज्जा	pizza:2	pijja:1
पिट	pit:3
पिटना	pitna:2	pitnaa:1
पिटाई	pitaai:1	pitae:1	pitai:1
पिट्यूटरी	pituitary:2	pituatory:1
पिट्स	pits:3
पिट्सबर्ग	petersburg:2	pittsburgh:2	pittsburg:1
पितर	pitar:3
पितरों	pitaron:2	pitron:1
पिता	pita:2	pitaa:1
पिताओं	pitaon:2	pitaaon:1
पितापुत्र	pitaaputra:1	pitaputr:1	pitaputra:1
पितामह	pitamah:2	pitaamaha:1
पितृ	pitru:2	pitr:1
पितृऋण	pitrarrina:1	pitrurun:1	pitrutran:1
पितृत्व	pitratv:1	pitrutv:1	pitrutva:1
पितृलोक	pitrulok:2	pitralok:1
पितृसत्तात्मक	pitrasattatmak:1	pitrusataatmak:1	pitrusatatmak:1
पित्त	pitt:2	pitta:1
पित्ताशय	pittashay:2	pittaashay:1
पित्ती	pitti:3
पिथौरागढ़	pithoragarh:2	pithouraagarh:1	pittouraagadh:1
पिन	pin:3
पिनाक	pinaac:1	pinaak:1	pinac:1	pinak:1
पिनोकियो	pinakiyo:1	pinnochio:1	pinocchio:1
पिन्नी	pinni:3
पिपरा	pipra:2	pipraa:1
पिपरिया	pipriya:2	pipriyaa:1
पिपली	pipli:3
पिपासु	pipasu:2	pipaasu:1
पिप्पलाद	pippalaad:1	pippalad:1	pippalada:1
पियर	peer:1	pier:1	piyar:1
पियरसन	pearson:3	pierson:1
पियरी	peary:2	piyari:2
पियरे	piyre:2	piere:1	pierre:1	piyare:1
पियर्स	pierce:2	pears:1
पिया	piya:2	piyaa:1
पियानो	piano:3
पियूष	piyush:3
पियो	piyo:3
पिरान्हा	piranha:2	piraanhaa:1
पिरामल	piramal:3
पिरामिड	pyramid:3
पिरो	piro:3
पिरोने	pirone:3
पिल	pill:2	peel:1	pil:1
पिलर	pillar:3
पिलाकर	pilakar:2	pilaakar:1
पिलाता	pilata:2	pilaataa:1
पिलाने	pilane:2	pilaane:1
पिल्लई	pillai:2	pillae:1
पिल्लै	pillai:3
पिशाचों	pishachon:2	pishaachon:1
पिसता	pista:2	pisataa:1
पिसाई	pisaai:2	pisai:2
पिसी	pisi:2	pisee:1	pissi:1
पिस्टन	piston:2	pistan:1
पिस्टल	pistol:2	pistal:1
पिस्तौल	pistol:3
पिस्तौलों	pistolon:3
पिस्सुओं	pissuon:3
पिहानी	pihani:2	pihaani:1
पीआईबी	pib:3
पीआर	pr:3
पीआरसी	prc:3
पीईटी	pet:2	pit:1
पीए	pa:2	piye:1
पीएचडी	phd:3
पीएचपी	php:3
पीएनजी	png:2	pang:1
पीएनसी	pnc:2	panc:1
पीएमएल	pml:3
पीएमओ	pmo:3
पीएमके	pmk:3
पीएमसीएच	pmch:3
पीएलसी	plc:3
पीएसपी	psp:3
पीएसवी	psv:3
पीओके	pok:3
पीक	peak:2	peek:1
पीकर	pikar:2	peaker:1
पीकिंग	picking:2	peaking:1
पीके	pk:3
पीच	peach:2	pitch:1
पीछले	pichle:2	pichhale:1
पीछा	pichha:4	peechaa:1	picha:1
पीछे	pichhe:10	peeche:1	piche:1
पीजीआई	pgi:3
पीजीडीएवी	pgdav:3
पीट	peet:2	peat:1
पीटकर	pitkar:2	peetkar:1
पीटना	pitna:2	pitnaa:1
पीटने	pitne:2	peetne:1
पीटर	peter:3
पीटरसन	peterson:2	piterson:1
पीटर्सबर्ग	petersburg:2	pittsburg:1
पीटा	pita:2	peetaa:1
पीटाई	pitai:2	peetaai:1
पीटीआई	pti:3
पीट्सबर्ग	pittsburgh:2	peetsburg:1
पीठ	peeth:2	pith:1
पीठाधीश	peethaadheesh:1	pithadhish:1	pithdhish:1
पीड़ा	pida:2	peeda:1
पीड़ित	pidit:2	peedit:1
पीड़ितो	pidito:2	piditon:1
पीड़ितों	piditon:2	peediton:1
पीडिया	pedia:1	pidiya:1	pidiyaa:1
पीडीएम	pdm:3
पीडीएस	pds:3
पीडोफाइल	pidofile:2	pedofile:1
पीढ़ा	peedha:1	pida:1	pidha:1
पीढ़ियों	pidhiyon:2	peedhiyon:1	pidiyon:1
पीढ़ी	pidhi:7	peedhee:1	pidi:1
पीढी	peedhee:1	pidhi:1	pidi:1
पीत	peet:2	pit:1
पीतम	pitam:3
पीता	pita:2	pitaa:1
पीती	piti:2	peetee:1
पीते	peete:2	pite:1
पीना	paana:1	peenaa:1	pina:1
पीने	pine:4	peene:2
पीनेवाले	pinewale:2	peenevaale:1	peenewaale:1
पीपल	pipal:2	peepal:1	people:1
पीपली	pipli:2	peeplee:1
पीपल्स	peoples:3
पीपाजी	pipaji:2	pipaaji:1
पीपावाव	pipavav:2	peepaavaav:1
पीपीआई	ppi:3
पीपीडी	ppd:3
पीपीपी	ppp:2	pipipi:1
पीपीसी	ppc:3
पीबीएस	pbs:3
पीया	piya:2	peeyaa:1
पीयूष	piyush:3
पीयूसीएल	pucl:3
पीर	peer:2	pir:1
पीरपैंती	pirpainti:2	peerpaintee:1
पीरामल	piramal:2	peeramal:1
पीरियड्स	periods:3
पीलिया	peeliyaa:1	piliya:1	piliyan:1
पीली	pili:2	peeli:1
पीलीभीत	pilibhit:3
पीले	pile:3	peele:2	pele:1
पीलेपन	pilepan:2	peelepan:1
पीवी	pv:3
पीवीसी	pvc:2	peeveece:1
पीस	peace:3
पीसकर	piskar:2	peeskar:1
पीसा	pisa:3
पीसी	pc:2	pisi:1
पीसीआर	pcr:3
पीसीए	pca:3
पीसीओएस	pcos:3
पीहर	pihar:2	peehar:1
पु	pu:3
पुंछ	punch:2	poonch:1
पुंज	punj:3
पुंडरीक	pundareek:1	pundarik:1	pundrik:1
पुंसवन	punsvan:2	pansuvan:1	punswan:1
पुआ	puaa:2	pua:1
पुआल	puaal:2	pual:1
पुकार	pukar:2	pukaar:1
पुकारते	pukarte:2	pukaarte:1
पुकारने	pukarne:2	pukaarne:1
पुकारा	pukara:2	pukaaraa:1	pukarna:1
पुख्ता	pukhta:2	pukhhtaa:1
पुछती	puchhati:1	puchhti:1	puchti:1
पुछने	puchhane:2	puchne:1
पुजा	puja:2	pujaa:1
पुजारियों	pujariyon:3	pujaariyon:1
पुजारी	pujari:3	pujaari:1
पुट	put:3
पुटिका	putika:3
पुडिंग	pudding:2	puding:1
पुडुचेरी	puducherry:2	pondicherry:1
पुडोंग	pudong:3
पुणे	pune:7
पुण्य	punya:3
पुण्यकर्म	punyakarm:3
पुण्यफल	punyafal:3
पुण्यभूमि	punyabhoomi:2	punyabhumi:2
पुतला	putla:2	putlaa:1
पुतलियां	putliyan:2	putaliyaan:1
पुतलियों	putliyon:2	putaliyon:1
पुतली	putali:2	putli:2
पुतले	putle:4	putale:2
पुतलों	putalon:2	putlon:1
पुताई	putaai:1	putae:1	putai:1
पुतिन	putin:3
पुतुल	putul:3
पुते	pute:3
पुत्र	putra:6
पुत्रियों	putriyon:3
पुत्री	putri:3
पुत्रों	putron:3
पुथल	puthal:3
पुदीने	pudine:3
पुन	punah:2	pun:3
पुननिर्माण	punnirman:2	punanirmaan:1
पुनर	punar:3
पुनरावलोकन	punaraavlokan:1	punaravalokan:1	punravalochan:1
पुनरावृति	punaraavriti:1	punaravrti:1	punravarti:1
पुनरावृत्ति	punaraavritti:1	punaravrtti:1	punravartti:1
पुनरीक्षित	punarikshit:2	punrikshit:1
पुनरुत्थान	punarutthaan:1	punarutthan:1	punrutthan:1
पुनरुद्धार	punaruddhaar:1	punaruddhar:1	punruddhar:1
पुनर्गठन	punargathan:3
पुनर्गठित	punargathit:3
पुनर्चक्रण	punarchakran:3
पुनर्जन्म	punarjanm:2	punarjanam:1
पुनर्जीवन	punarjivan:2	punarjeevan:1
पुनर्जीवित	punarjivit:2	punarjeevit:1
पुनर्निमाण	punarnirman:2	punarnirmaan:1
पुनर्निर्धारित	punarnirdharit:2	punarnirdhaarit:1
पुनर्निर्माण	punarnirman:2	punarnirmaan:1
पुनर्निर्मित	punarnirmit:3
पुनर्पाठ	punarpaath:1	punarpath:1	punparth:1
पुनर्भरण	punarbharan:3
पुनर्मिलन	punarmilan:3
पुनर्रचना	punarrachana:2	punarchana:1
पुनर्वास	punarvas:2	punarvaas:1
पुनर्विकास	punarvikas:3
पुनर्विचार	punarvichar:3
पुनर्वितरण	punarvitran:2	punarvitaran:1
पुनर्विवाह	punarvivah:3
पुनर्संरचना	punarsanrachana:2	punsanrachna:1
पुनर्स्थापित	punarsthapit:2	punstharpit:1
पुना	puna:3
पुनीत	puneet:2	punit:2
पुन्य	punya:3
पुपुल	pupul:3
पुरंदर	purandar:1	purander:1	purender:1
पुरखों	purkhon:3
पुरषों	purshon:3
पुरस्कर	puraskar:2	purskar:1
पुरस्कार	puraskar:8	puraskaar:1	purskar:1
पुरस्कारों	puraskaron:2	purskaron:1
पुरस्कृत	puraskrat:1	puraskrit:1	purskrut:1
पुरस्थ	purasth:2	pursth:1
पुरा	pura:3
पुराण	puran:5	puraan:1
पुराणिक	puranik:3	puraanik:1
पुराणों	puranon:2	poorano:1	puraano:1
पुरातत्त्व	puraattatav:1	puratattv:1	puratatva:1	purattatav:1
पुरातत्व	puratatv:2	puraattatav:1	puratatva:1	purattatav:1
पुरातत्वविद	puratatvavid:2	puraattavividhon:1	purattavividh:1
पुरातत्वविदों	puratatwavidon:2	puratatvavidon:2	puraattavividhon:1	purattavividhon:1
पुरातत्ववेत्ता	puratatvavetta:2	puraattavetta:1	purattavetta:1
पुरातत्ववेत्ताओं	puratatvavettaon:2	puraattavvetaon:1	purattavvetaon:1
पुरातन	puratan:3
पुरातनकाल	puraatnakaal:1	puratanakal:1	puratankaal:1	puratnakal:1
पुरातनपंथी	puratanpanthi:3	puraatanpanthi:1
पुरातात्त्विक	puratattvik:2	puraataattvik:1	puratatvik:1
पुरातात्विक	puraataatvik:4	puratatvik:2	puraataatavik:1	puratatavik:1
पुराना	purana:3	poorana:1
पुरानी	purani:3
पुराने	purane:3	puraane:1
पुरास्थलों	purasthalon:2	puraasathalon:1	purasathalon:1
पुरी	puri:3
पुरु	puru:3
पुरुरवा	pururva:2	pururawa:1
पुरुलिया	puruliya:3	puruliyaa:1
पुरुष	purush:5	purus:1
पुरुषार्थ	purusharth:2	purushsharth:1
पुरुषार्थों	purusharthon:3
पुरुषों	purushon:3
पुरुषोत्तम	purushottam:2	purushotam:1
पुरुस्कार	puruskar:2	purushkar:1
पुरू	puru:3
पुरूष	purush:3
पुरूषों	purushon:3
पुरूषोतम	purushottam:3
पुरूस्कार	puruskar:3
पुरे	poore:1	pure:1	purey:1
पुरोधा	purodha:3
पुरोधाओं	purodhaon:3
पुरोहित	purohit:6
पुरोहितों	purohiton:3
पुर्जे	purje:3
पुर्जों	purjon:2	purzon:1
पुर्णिया	purniya:2	purnia:1
पुर्तगाल	portugal:3
पुर्तगालियों	purtgaliyon:2	portugaliyon:1
पुर्तगाली	purtgali:3	portugali:2
पुर्नविचार	punarvichar:2	purnvichar:1
पुर्नस्थापित	punarsthapit:2	purnsthapit:1
पुर्व	purav:1	purv:1	purva:1
पुर्वांचल	purvanchal:3
पुर्वी	purvi:3
पुल	pul:2	pull:1
पुलगांव	pulgaon:3
पुलम	pulam:3
पुलाव	pulav:2	pulaav:1
पुलिंदा	pulinda:2	pullinda:1
पुलिस	police:6
पुलिसकर्मियों	policekarmiyon:3
पुलिसिंग	policing:2	pulising:1
पुले	pule:3
पुलेला	pulela:2	pullela:1
पुलों	pulon:3
पुल्लिंग	pulling:3
पुश	push:3
पुश्किन	pushkin:3
पुश्तों	pushton:3
पुष्कर	pushkar:3
पुष्करणा	pushkarana:1	pushkarna:1	pushkarnaa:1
पुष्कल	pushkal:2	pushpakal:1
पुष्ट	pusht:2	pushta:1
पुष्टि	prushti:2	pushti:3
पुष्प	pushp:2	pushpa:1
पुष्पक	pushpak:3
पुष्पगुच्छ	pushpaguchha:1	pushpguchch:1	pushpguchchh:1
पुष्पदंत	pushpadant:2	pushpdant:1
पुष्पा	pushpa:2	pushpaa:1
पुष्पित	pushpit:3
पुष्पीय	pushpiya:2	pushpiy:1
पुष्पों	pushpon:3
पुष्य	pushya:3
पुष्यमित्र	pushyamitra:3
पुसौर	pusaur:2	pusour:1
पुस्तक	pustak:7
पुस्तकालय	pustakaalay:2	pustakalay:1	pustakalaya:1
पुस्तकालयों	pustakaalayon:2	pustakalayon:1
पुस्तके	pustake:3
पुस्तकें	pustaken:3
पुस्तकों	pustakon:3
पुस्तिका	pustika:1	pustikaa:1	pustkiaa:1
पूंछ	poonchh:2	poonch:1	punch:1	punchh:1
पूंजी	punji:3	poonji:1
पूंजीकरण	punjikaran:3	poonjikaran:1
पूंजीगत	punjigat:3	poonjigat:1
पूंजीवाद	poonjeevaad:1	poonjivaad:1	poonjiwaad:1	poonjiwad:1
पूंजीवादी	poonjeevaadi:1	poonjivaadi:1	poonjiwaadi:1	poonjiwadi:1
पूगल	poogal:3
पूछ	poochh:1	puch:1	puchh:1
पूछता	poochhataa:1	poochhtaa:1	puchta:1
पूछताछ	poochhtaachh:4	puchtach:2
पूछती	poochhati:1	poochhti:1	puchti:1
पूछते	poochhate:1	poochhte:1	puchte:1
पूछना	poochhanaa:1	poochhnaa:1	puchna:1
पूछने	puchhne:4	poochhane:1	poochhne:1	puchne:1
पूछा	poochha:1	poochhaa:1	pucha:1
पूछिये	poochhiye:2	puchiye:1
पूछे	poochhe:1	puche:1	puchhe:1
पूछेंगे	poochhenge:1	poonchhenge:1	puchenge:1
पूछेगा	poochhegaa:2	puchega:1
पूजन	poojan:2	pujan:1
पूजनीय	pujniya:2	poojaneey:1	poojaniya:1
पूजने	poojne:1	pujane:1	pujne:1
पूजा	puja:5	pooja:5	poojaa:1
पूजाएं	poojaayein:1	pujaen:1	pujayein:1
पूजाओं	pujaon:2	poojaaon:1
पूजापाठ	pujapath:4	poojaapaath:2	poojapath:1
पूजास्थल	pujasthal:4	poojaasthal:2	poojasthal:2
पूजास्थलों	pujasthalon:2	poojaasthalon:1	poojasthalon:1
पूजित	pujit:2	poojit:1
पूज्य	pujya:3
पूज्यनीय	pujyaniy:2	poojyaneey:1	poojyaneeya:1
पूनम	poonam:2	punam:1
पूना	puna:2	poona:1	punaa:1
पूरक	purak:3	poorak:2
पूरण	pooran:2	puran:2
पूरनपुर	puranpur:2	pooranpur:1
पूरब	purab:3	poorab:1
पूरा	pura:2	poora:1	puraa:1
पूराना	purana:2	poorana:1	puraanaa:1
पूराने	purane:2	poorane:1	puraane:1	puraney:1
पूरी	puri:3	poori:1
पूरे	pure:18	poore:1	poorey:1	purey:1
पूर्ण	purn:10	purna:3	poorna:2	poorn:1
पूर्णकालिक	poornakaalik:1	poornakalik:1	purnakaalik:1	purnakalik:1
पूर्णत	purnat:3	poornat:1
पूर्णतया	poornatayaa:1	poornatya:1	purnataya:1	purnatya:1
पूर्णता	purnata:2	poornata:1	purnataa:1
पूर्णमल	purnamal:3	poornamal:2
पूर्णमासी	poornamaasi:1	poorunmaasi:1	puranmaasi:1	purnamasi:1
पूर्णांक	poornaank:1	poornik:1	purnak:1	purnik:1
पूर्णिमा	purnima:3	poornima:2	poornimaa:1	purnimaa:1
पूर्णिया	purnia:2	purnima:1
पूर्ति	purti:2	poorti:1
पूर्व	purv:32	purva:5
पूर्वक	purvak:3
पूर्वकाल	purvakaal:2	purvakal:2
पूर्वग्रह	purvagrah:2	purvgrah:1
पूर्वज	purvaj:3
पूर्वजों	purvajon:2	purvjon:1
पूर्वनिर्धारित	purvanirdharit:3	purvanirdhaarit:1
पूर्ववर्तियों	purvavartiyon:2	purvvartiyon:1
पूर्ववर्ती	purvavarti:2	purvvarti:1
पूर्वा	purva:4	purvaa:1
पूर्वांचल	purvanchal:3	purvaanchal:1
पूर्वाग्रह	purvagrah:3	purvaagrah:1
पूर्वाग्रहों	purvagrahon:3	puvagrahon:1
पूर्वाधिकारी	purvadhikari:3	purvaadhikaari:1	purvaadhikari:1	purvadhikaari:1
पूर्वानुमान	purvanuman:3	purvaanumaan:1	purvaanuman:1	purvanumaan:1
पूर्वानुमानित	purvanumanit:3	purvaanumaanit:1	purvaanumanit:1	purvanumaanit:1
पूर्वाभास	purvabhas:3	purvaabhaas:1	purvaabhas:1	purvabhaas:1
पूर्वाभिमुख	purvabhimukh:3	purvaabhimukh:1
पूर्वाभ्यास	purvabhyas:3	purvabhyaas:1
पूर्वार्द्ध	purvaardh:1	purvadra:1	purvarddh:1
पूर्वार्ध	purvardh:2	purvaardh:1
पूर्वावस्था	purvavastha:2	purvaavastha:1	purvavstha:1
पूर्वाषाढ़	purvaashaadh:1	purvashaadh:1	purvashad:1	purvashadh:1
पूर्वी	purvi:3
पूर्वेक्षण	purvekshan:2	purvkshan:1
पूर्वो	purvo:2	purva:1
पूर्वोत्तर	purvottar:3
पूर्वोत्तरी	purvottari:3
पूल	pool:2	pull:2
पूस	puss:2	pus:1
पू्र्व	purva:3	purv:1
पृच्छा	prichcha:1	prichchhaa:1	pruchcha:1
पृथक	prithak:2	pruthak:1
पृथिवी	prithvi:3	prithivi:2
पृथी	pruthi:2	prithi:1
पृथु	pruthu:2	prithu:1
पृथ्वी	pruthvi:5	prithvi:7	prithavi:1
पृथ्वीपुर	prithvipur:3
पृथ्वीराज	prithviraj:5
पृष्टभूमि	prushtbhumi:2	prishtbhoomi:1	prushtbhoomi:1
पृष्ठ	prishth:3	prasth:1	prishtha:1	prusth:1
पृष्ठभूमि	prasthbhoomi:1	prishthbhoomi:1	prusthbhumi:1
पृष्ठों	prashthon:1	prishthon:1	prusthon:1
पे	pay:3
पेंग	peng:3
पेंगुइन	penguin:2	penguine:1
पेंच	pench:2	patch:1
पेंट	paint:4	pant:1	pent:1
पेंटर	painter:3
पेंटर्स	painters:3
पेंटागन	pentagon:2	pentagan:1
पेंटिंग	painting:3
पेंटिंग्स	paintings:3
पेंटी	painty:1	panty:1	penti:1
पेंडुलम	pendulum:2	pendulam:1
पेंडेंट	pendant:3
पेंदी	pendi:3
पेंशन	pension:6
पेंसिल	pencil:3
पेंसिलवानिया	pennsylvania:3
पेइचिंग	peiching:2	payeching:1
पेक	pake:1	peck:1	pek:1
पेकिंग	packing:2	peking:1
पेक्टिन	pectin:3
पेग	peg:3
पेचिस	pechis:2	pachis:1
पेचीदा	pechida:2	pechidaa:1
पेचों	pechon:3
पेज	page:3
पेजेज	pages:2	pajej:1
पेट	pet:9
पेटियां	petiyan:3
पेटी	peti:2	petty:1
पेटीकोट	peticot:1	petikot:1	petticoat:1
पेटू	petu:3
पेटे	pete:3
पेटेंट	patent:3
पेटेंट्स	patents:3
पेट्रिक	patric:1	patrick:1	petrick:1
पेट्रोकेमिकल्स	petrochemicals:3
पेट्रोल	petrol:5	patrol:1
पेट्रोलिंग	patrolling:2	petrolling:1
पेट्रोलियम	petroleum:3
पेठ	peth:3
पेड़	ped:3
पेड़ा	peda:3
पेड़ो	pedo:3
पेड़ों	pedon:3
पेडों	pedon:3
पेन	pen:5	pain:3
पेनल	panel:3	penal:2
पेनल्टी	penalty:3
पेनसिल्वेनिया	pennsylvania:2	pennsylvenia:1
पेना	pena:2	penaa:1
पेनिनसुला	peninsula:3
पेनिसिलिन	penicillin:2	pennysilin:1
पेनेलोप	penelope:3
पेपर	paper:6	paypar:2	payper:1
पेपरवेट	paperweight:2	paperwait:1
पेपर्स	papers:3
पेप्टाइड	peptide:3
पेप्टिक	peptic:3
पेप्सिको	pepsico:2	pesico:1
पेप्सी	pepsi:3
पेप्सीको	pepsico:3
पेमा	pema:3
पेय	pay:1	pey:1	peya:1
पेयजल	payjal:2	peyjal:1
पेयर	pair:1	payer:1	peyar:1
पेयों	peyon:2	payyon:1
पेरिटोनियल	peritoneal:1	peritonial:1	peritoniyal:1
पेरिन	perin:3
पेरियार	periyar:2	perior:1
पेरिस	paris:6	peris:1
पेरी	peri:2	perry:1
पेरीटोनियल	peritoneal:1	peritonial:1	peritoniyal:1
पेरुमल	perumal:3
पेरूमल	perumal:3
पेरेलमैन	perelman:3
पेरोल	payroll:5	peyroll:1
पेलोड	payload:2	peload:1
पेश	pesh:3
पेशकश	peshkash:3
पेशवा	peshva:2	peswa:1
पेशा	pesha:3
पेशाब	peshab:3
पेशावर	peshavar:1	peshawar:1	peshwar:1
पेशावरी	peshawari:2	peshavari:1
पेशियों	peshiyon:3
पेशी	peshi:3
पेशेवर	peshevar:3	peshewar:2
पेशेवरों	pesewaron:1	peshevaron:1	peshewaron:1
पेशों	peshon:3
पेस	pace:2	pes:1
पेसिफिक	pacific:2	pecefic:1
पेस्ट	paste:2	pest:1
पेस्ट्री	pastry:3
पै	pai:2	pae:1
पैंक्रियाज	pancreas:2	pancreyaj:1
पैंगोलिन	pangolin:2	pengolin:1
पैंट्री	pantry:2	pentry:1
पैंठ	panth:2	penth:1
पैंतालिस	paintaalis:1	paintalis:1	pantalis:1	pentalis:1
पैंतीस	paintees:1	pantis:1	pentis:1
पैंथर	panther:2	painthar:1
पैक	pack:6
पैकर्ड	packard:3
पैकिंग	packing:8
पैकेज	package:4
पैकेजिंग	packaging:3
पैकेजों	packageon:1	packagon:1	packajon:1
पैकेट	packet:5
पैकेट्स	packets:3
पैगंबर	paigambar:1	paigamber:1	paighanbar:1
पैच	patch:2	pach:1
पैटरसन	paitarasan:1	patterson:1	petterson:1
पैटर्न	paitarn:3	pattern:3
पैटर्सन	paitarsan:1	paterson:1	petterson:1
पैट्रिक	paitrick:1	patrick:1	petrik:1
पैट्रोलियम	petroleum:2	petrolium:1
पैठ	paith:2	paid:1
पैड	pad:4
पैथोलॉजिस्ट	pathologist:3
पैदल	paidal:3
पैदा	paida:6
पैदाईश	paidaish:3
पैदायशी	paidayashi:2	paidaishi:1
पैदावार	paidavar:1	paidawar:1	pedavar:1
पैनल	pannel:3	panel:2
पैनलों	panelo:1	panelon:1	penalon:1
पैना	paina:3
पैनी	paaini:1	paini:1	panny:1
पैम	pam:2	paim:1
पैमाना	paimana:3
पैमाने	paimaane:3	paimane:2	paimana:1
पैर	pair:6
पैरवी	pairavi:2	pervi:1
पैराग्वे	paragve:1	paragway:1	peragve:1
पैराट्रूपर	paratrooper:2	peratrupers:1
पैराडॉक्स	paradox:2	peradocs:1
पैरानॉर्मल	paranormal:2	peranormal:1
पैराफिन	paraffin:1	parafin:1	perafin:1
पैराबोला	parabola:2	perabola:1
पैरामाउंट	paramount:2	peramount:1
पैरामीटर्स	parameters:2	perameteres:1
पैराशूट	parachute:2	pairashoot:1	perasuit:1
पैरी	pairi:3	parry:1
पैरों	pairon:4
पैरोकार	pairokaar:1	pairokar:1	paropkar:1
पैरोकारों	pairokaaron:2	pairokaron:1
पैरोडी	pairodi:1	parody:1	perodi:1
पैलेडियम	palladium:2	peledium:1
पैलेस	palace:3
पैशाच	paishach:3
पैशाचिक	paishachik:3
पैशाची	paishachi:3
पैसा	paisa:6
पैसिफिक	pacific:2	pecefic:1
पैसे	paise:2	pese:1
पैसों	paison:4	paiso:1	peson:1
पॉइंट	point:3
पॉइजन	poisen:1	poision:1	poison:1
पॉकेट	pocket:3
पॉक्स	pox:3
पॉज	pause:2	pose:1
पॉटर	potter:3
पॉटरी	pottery:2	potry:1
पॉड	pod:3
पॉडकास्ट	podcast:3
पॉन्डिचेरी	pondicherry:2	puducherry:1
पॉप	pop:3
पॉपकॉर्न	popcorn:3
पॉपिंग	poping:2	popping:1
पॉपुलेशन	population:3
पॉयजन	poison:2	poisen:1
पॉर्न	porn:3
पॉल	paul:5	pol:1
पॉलसन	paulson:2	polson:1
पॉलिएस्टर	polyester:2	poliester:1
पॉलिमर	polymer:2	polimer:1
पॉलिश	polish:3
पॉलिशिंग	polishing:3
पॉलिसी	policy:3
पॉलीग्राफ	polygraph:3
पॉलीथिन	polythene:2	polyethylene:1
पॉवर	power:3
पॉवेल	powell:2	pavel:1
पोंगल	pongal:3
पोंटिंग	ponting:3
पोएटिक	poetic:2	poeatic:1
पोकर	poker:2	pokar:1
पोखर	pokhar:3
पोखरण	pokharan:2	pokhran:1
पोखरा	pokhara:2	pokhra:1
पोखरी	pokhari:3
पोखरों	pokharon:2	pokhron:1
पोज	pose:2	pause:1
पोजिशनिंग	positioning:3
पोजीशन	position:3
पोटली	potali:2	potli:1
पोटाश	potash:3
पोटास	potas:3
पोटैशियम	potassium:5	potaishiyam:1
पोट्रेट	portrait:2	potret:1
पोत	pot:3
पोता	pota:3
पोती	poti:3
पोते	pote:3
पोतों	poton:3
पोथी	pothi:3
पोद्दार	poddar:2	podar:1
पोप	pop:2	pope:1
पोपटलाल	popatlal:3
पोमेरेनियन	pomeranian:2	pomerenian:1
पोयम	poem:2	poeam:1
पोर	por:2	pore:1
पोरस	poras:2	porus:1
पोरों	poron:3
पोर्क	pork:3
पोर्ट	port:6
पोर्टफोलियो	portfoliyo:4	portfolio:3
पोर्टर	porter:3
पोर्टल	portal:5	potral:1
पोर्टलैंड	portland:3
पोर्टलों	portalon:2	portlon:1
पोर्टल्स	portals:3
पोर्टेबल	portable:3
पोर्टेबिलिटी	portability:3
पोर्टो	porto:2	portro:1
पोर्ट्रेट	portrait:3
पोर्न	porn:6
पोर्श	porche:1	porsche:1	porsh:1
पोर्स	pors:1	porse:1	porus:1
पोल	pole:4	poll:3
पोलक	polak:3
पोलर	polar:3
पोलराइजेशन	polarization:2	polarisatin:1
पोलिंग	polling:3
पोलिनेशिया	polynesia:3
पोलियो	polio:3
पोलिश	polish:3
पोलैंड	poland:3
पोलॉक	pollock:3
पोलो	polo:3
पोशाक	poshakh:2	poshak:3
पोशाकों	poshakon:3
पोषक	poshak:3
पोषण	poshan:3
पोषित	poshit:3
पोसालिया	posaliya:2	posalia:1
पोस्ट	post:3
पोस्टपेड	postpaid:2	postpad:1
पोस्टमैन	postman:2	posterman:1
पोस्टर	poster:3
पोस्टर्स	posters:3
पोस्टल	postal:3
पोस्टेड	posted:3
पोस्त	post:3
पोस्ता	posta:3
पोहा	poha:3
पौ	pau:3
पौंग	paung:3
पौंड	paund:2	pond:1
पौड़ी	paudi:2	pauri:1
पौढ़ी	paudhi:1	paudi:1	pauri:1
पौते	paute:3
पौत्र	pautra:4	pautr:2
पौत्री	pautri:3
पौध	paudh:2	paudha:1
पौधा	paudha:5	paudhaa:2
पौधारोपण	paudharopan:3
पौधे	paudhe:4
पौधों	paudhon:3
पौन	paun:3
पौना	pauna:3
पौराणिक	pauranik:3
पौरूष	paurush:2	pauroosh:1
पौष	paush:3
पौषक	paushak:3
पौष्टिक	paushtik:3
प्याज	pyaj:4	pyaaj:1	pyaz:1
प्यादे	pyade:3
प्यादों	pyadon:2	pyandon:1
प्यार	pyar:3	pyaar:1
प्यारा	pyara:3
प्यारी	pyari:3
प्यारे	pyare:3
प्याला	pyala:3
प्याली	pyali:3
प्याले	pyale:3
प्यास	pyas:2	pyaas:1
प्यूमा	puma:2	pyuma:1
प्रकट	prakat:3
प्रकटन	prakatan:3
प्रकटीकरण	prakatikaran:2	praktikaran:1
प्रकरण	prakaran:3
प्रकरणों	prakaranon:3
प्रकल्प	prakalp:3
प्रकांड	prakand:3
प्रकार	prakar:4
प्रकारों	prakaron:2	prakaaron:1
प्रकाश	prakash:3
प्रकाशकों	prakaashakon:1	prakashakon:1	prakashkon:1
प्रकाशन	prakashan:2	prakaashan:1
प्रकाशनों	prakashanon:2	prakashnon:1
प्रकाशोत्सव	prakashotsav:2	prakshotsav:1
प्रकीर्णन	prakiranan:2	prakirnan:3
प्रकृति	prakruti:5	prakriti:5	prakrati:1
प्रकृतिवादी	prakritivadi:2	prakrativadi:1
प्रकोप	prakop:2	prkop:1
प्रकोपों	prakopon:3
प्रकोष्ठ	prakoshth:3
प्रक्रिया	prakriya:3
प्रक्रियाएं	prakriyaein:1	prakriyaen:1	prakriyayen:1
प्रक्रियाओं	prakriyaon:3
प्रक्रियात्मक	prakriyatmak:3
प्रक्रियाधीन	prakriyadhin:2	prakriyadheen:1
प्रक्षालन	prakshalan:3
प्रक्षेपक	prakshepak:3
प्रक्षेपण	prakshepana:2	prakshepan:1
प्रक्षेपास्त्र	prakshepastra:2	prakshepastr:1
प्रक्षेपित	prakshepit:3
प्रखंड	prakhand:3
प्रखर	prakhar:3
प्रख्यात	prakhyat:3
प्रगट	pragat:3
प्रगति	pragati:3
प्रगतिवादी	pragativadi:2	pragatiwadi:1
प्रगतिशील	pragtisheel:2	pragatishil:2	pragatisheel:1
प्रगाढ़	pragaadh:1	pragad:1	pragadh:1
प्रगाढ़ता	pragadhata:1	pragadhta:1	pragadta:1
प्रचलन	prachalan:3
प्रचलित	prachalit:3
प्रचार	prachar:3
प्रचारक	pracharak:2	prachar:1
प्रचारकों	pracharkon:2	pracharakon:1
प्रचारप्रसार	pracharprasar:3
प्रचारिणी	pracharini:3
प्रचारित	pracharit:3
प्रचालन	prachalan:3
प्रचुरता	prachurata:2	prachurta:1
प्रजनन	prajanan:3
प्रजा	praja:3
प्रजातंत्र	prajatantra:3
प्रजातांत्रिक	prajatantrik:3
प्रजातियां	prajatiya:2	prajatiyan:3
प्रजातियों	prajatiyon:2	prajation:1
प्रजापति	prajapati:5	prajaapati:1
प्रजापतियों	prajapatiyon:3
प्रजापिता	prajapita:2	prajapata:1
प्रज्ञा	pragya:3
प्रज्वलन	prajwalan:2	prajjwalan:1	prajvalan:1
प्रज्वलित	prajwalit:2	prajvalit:1	prajvalita:1
प्रणब	pranab:3
प्रणय	pranay:3
प्रणयन	pranayan:3
प्रणव	pranav:3
प्रणाम	pranam:5	pranaam:1
प्रणालियां	pranaliyan:3
प्रणालियों	pranaliyon:3
प्रणाली	pranali:3
प्रणोदक	pranodak:3
प्रणोदन	pranodan:3
प्रताड़ना	pratadna:3
प्रताड़ित	pratadit:4
प्रताप	pratap:3
प्रतापगढ़	pratapgarh:3
प्रतापी	pratapi:3
प्रति	prati:3	prti:1
प्रतिकार	pratikar:2	pratikaar:1
प्रतिकारी	pratikari:2	prtihari:1
प्रतिकूल	pratikul:2	prtikul:1
प्रतिकूलता	pratikulata:2	pratikulta:1
प्रतिकृति	pratikriti:3
प्रतिक्रमण	pratikraman:2	pratikramana:1
प्रतिक्रिया	pratikriya:2	prtikriya:1
प्रतिक्रियाएं	pratikriyaein:1	pratikriyaen:1	prtikriyayen:1
प्रतिक्रियाओं	pratikriyaon:2	prtikriyaon:1
प्रतिक्रियावादी	pratikriyavadi:1	pratikriyawadi:1	prtikriyavadi:1
प्रतिक्रियाशील	pratikriyasheel:1	pratikriyashil:1	prtikriyashil:1
प्रतिक्षण	pratikshan:1	pratikshana:1	prtikshan:1
प्रतिगामी	pratigaami:1	pratigami:1	prtigami:1
प्रतिज्ञा	pratigya:2	prtigyaa:1
प्रतिज्ञाओं	pratigyaon:2	prtigyaon:1
प्रतिदान	pratidan:2	prtidan:1
प्रतिदिन	pratidin:2	prtidin:1
प्रतिद्वंदिता	pratidvandita:1	pratidwandita:1	prtidavandita:1
प्रतिद्वंदी	pratidvandi:1	pratidwandi:1	prtidavandi:1
प्रतिध्वनि	pratidhvani:1	pratidhwani:1	prtidhvani:1
प्रतिनिधत्व	pratinidhatva:1	pratinidhitva:1	prtinidhtv:1
प्रतिनिधि	pratinidhi:2	prtinidhi:1
प्रतिनिधिगण	pratinidhigan:1	pratinidhigana:1	prtinidhigan:1
प्रतिनिधित्व	pratinidhitwa:2	pratinidhitva:2	prtinidhitv:1
प्रतिनिधियों	pratinidhiyon:2	prtinidhiyon:1
प्रतिनिधी	pratinidhi:2	prtinidhi:1
प्रतिपक्ष	pratipaksh:1	pratipaksha:1	prtipaksh:1
प्रतिपक्षी	pratipakshi:2	prtipakshi:1
प्रतिपदा	pratipada:2	prtipada:1
प्रतिपादन	pratipadan:2	prtipadan:1
प्रतिपादित	pratipadit:2	prtipadit:1
प्रतिपाल	pratipal:2	prtipal:1
प्रतिपालक	pratipalak:2	prtipalak:1
प्रतिपूर्ति	pratimurti:1	pratipoorti:1	pratipurti:1
प्रतिफल	pratifal:3
प्रतिबंध	pratibandh:3
प्रतिबंधित	pratibandhit:3
प्रतिबंधों	pratibandhon:3
प्रतिबद्ध	pratibadd:1	pratibaddh:1	pratibaddha:1
प्रतिबद्धता	pratibaddata:1	pratibaddhata:1	pratibaddhta:1
प्रतिबिंब	pratibimb:3
प्रतिबिंबित	pratibimbit:2	pratibinbit:1
प्रतिभा	pratibha:4
प्रतिभाओं	pratibhaon:3
प्रतिभाग	pratibhag:2	pratibhaag:1
प्रतिभागिता	pratibhagita:3
प्रतिभागियों	pratibhagiyon:3
प्रतिभागी	pratibhagi:3
प्रतिभावान	pratibhavan:2	pratibhavna:1
प्रतिभाशाली	pratibhashali:3
प्रतिभूति	pratibhumi:1	pratibhuti:1	pratinhuti:1
प्रतिभूतियां	pratibhutiyan:3
प्रतिभूतियों	pratibhutiyon:3
प्रतिम	pratim:3
प्रतिमा	pratima:3
प्रतिमाएं	pratimaein:1	pratimaen:1	pratimayen:1
प्रतिमाओं	pratimaon:3
प्रतिमान	pratiman:2	pratimaan:1
प्रतियां	pratiyan:3
प्रतियों	pratiyon:3
प्रतियोगताओं	pratiyogtaon:2	pratiyogataon:1
प्रतियोगिता	pratiyogita:2	pratiyogata:1
प्रतियोगिताएं	pratiyogitaen:1	pratiyogitayein:1	pratiyogitayen:1
प्रतियोगिताओं	pratiyogitaon:3
प्रतियोगियों	pratiyogiyon:3
प्रतियोगी	pratiyogi:3
प्रतिरक्षण	pratirakshan:2	pratirakshana:1
प्रतिरक्षा	pratiraksha:2	pratirksha:1
प्रतिरूप	pratiroop:2	pratirodh:1	pratirup:1
प्रतिरोध	pratirodh:3
प्रतिरोधक	pratirodhak:3
प्रतिरोधी	pratirodhi:3
प्रतिरोपित	pratiropit:3
प्रतिलिपि	pratilipi:3
प्रतिलिपियां	pratilipiyan:2	prtilipiyan:1
प्रतिवाद	prativad:2	prativaad:1
प्रतिवादियों	prativadiyon:3
प्रतिवादी	prativadi:3
प्रतिवेदन	prativedan:3
प्रतिशत	pratishat:5
प्रतिशोध	pratishodh:3
प्रतिषेध	pratishedh:3
प्रतिष्ठा	pratistha:3	pratishtha:6
प्रतिष्ठान	pratishthan:4
प्रतिष्ठानपुर	pratishthanpur:3
प्रतिष्ठानों	pratishthanon:3
प्रतिष्ठित	pratisthit:3	pratishthit:3
प्रतिस्थापन	pratisthaapan:2	pratisthapan:2	pratisthapana:1
प्रतिस्थापना	pratisthapana:2	pratisthapna:1
प्रतिस्थापित	pratisthapit:2	pratisthaapit:1
प्रतिस्पर्द्धा	pratispardha:3
प्रतिस्पर्धा	pratispardha:4
प्रतिस्पर्धाएं	pratispardhaein:1	pratispardhayein:1	pratispardhayen:1
प्रतिस्पर्धात्मक	pratispardhatmak:3
प्रतिस्पर्धी	pratispardhi:5
प्रतिहार	pratihar:2	pratihaar:1
प्रतीक	pratik:2	prateek:1
प्रतीकात्मक	pratikatmak:3
प्रतीकात्मकता	pratikatmakata:2	pratikatmakta:1
प्रतीकों	pratikon:3
प्रतीक्षारत	pratiksharat:3
प्रतीत	pratit:3
प्रतीति	pratiti:3
प्रतुल	pratul:3
प्रत्यंगिरा	pratyangira:3
प्रत्यक	pratyak:3
प्रत्यक्ष	pratyaksh:3
प्रत्यक्षण	pratyakshan:2	pratyakshana:1
प्रत्यक्षीकरण	pratyakshikaran:1	pratyakshikarana:1	pratykshikaran:1
प्रत्यय	pratyay:2	pratyaya:1
प्रत्याभूति	pratyabhuti:2	pratyabhooti:1
प्रत्यारोपण	pratyaropan:3
प्रत्यारोपित	pratyaropit:3
प्रत्यावर्तन	pratyavartan:3
प्रत्याशा	pratyasha:2	prtyasha:1
प्रत्याशित	pratyashit:3
प्रत्याशी	pratyashi:10
प्रत्यासी	pratyasi:3
प्रत्याहार	pratyahar:3
प्रत्युत्तर	pratyuttar:3
प्रत्यूष	pratyush:3
प्रत्येक	pratyek:3
प्रथम	pratham:6
प्रथा	pratha:3
प्रथाएं	prathae:1	prathaen:1	prathayen:1
प्रथाओं	prathaon:3
प्रदक्षिणा	pradakshina:2	pradkshina:1
प्रदत्त	pradatt:3
प्रदर	pradar:3
प्रदर्शक	pradarshak:2	pradrshak:1
प्रदर्शनकारियों	pradarshankariyon:2	pradarshankariyo:1
प्रदर्शनियों	pradarshaniyon:2	pradarshniyon:1
प्रदर्शनी	pradarshani:3
प्रदर्शनों	pradarshanon:2	pradarshnon:1
प्रदर्शित	pradarshit:4
प्रदर्शिनी	pradarshani:1	pradarshini:1	pradashirni:1
प्रदा	prada:4
प्रदाता	pradata:3
प्रदाताओं	pradataon:3
प्रदान	pradan:2	pradaan:1
प्रदाय	pradaay:1	praday:1	pradaye:1
प्रदार्थ	pradarth:3
प्रदीप	pradeep:3	pradip:2
प्रदूषक	pradushak:3
प्रदूषण	pradushan:7
प्रदूषित	pradushit:3
प्रदेश	pradesh:7
प्रदेशाध्यक्ष	pradeshadhyaksha:1	pradeshadhyksh:1	pradeshadyaksh:1
प्रदेशों	pradeshon:3	pradesho:1	prdeshon:1
प्रदेष	pradesh:3
प्रद्युम्न	praduyamra:1	pradyumn:1	pradyumna:1
प्रधान	pradhan:2	pradhaan:1
प्रधानता	pradhanata:1	pradhanta:1	predhaanataa:1
प्रधानमंत्री	pradhanmantri:5	pradhaanmantri:2
प्रधानाचार्य	pradhanachary:2	pradhanacharya:2	pradhaanaachaarya:1	pradhaancharya:1
प्रधानाध्यापकों	pradhanadhyapakon:2	pradhaanaadhyaapakon:1
प्रधानाध्यापिका	pradhanadhyapika:2	pradhaanaadhyaapika:1
प्रधानी	pradhani:2	pradhaani:1
प्रनीत	pranit:2	praneet:1
प्रपंच	prapanch:3
प्रपत्र	prapatra:2	prapatr:1
प्रपत्रों	prapatron:3
प्रपात	prapat:2	prapaat:1
प्रपातों	prapaton:2	prapaaton:1
प्रपोजल	proposal:2	praposal:1
प्रपौत्री	prapautri:3
प्रफुल्ल	prafull:2	prafful:1
प्रबंध	prabandh:3
प्रबंधक	prabandhak:3
प्रबंधकीय	prabandhkiy:2	prabandhakiya:1
प्रबंधकों	prabandhakon:2	prabandhkon:1
प्रबंधन	prabandhan:3
प्रबंधित	prabandhit:3
प्रबंधों	prabandhon:3
प्रबल	prabal:3
प्रबलता	prabalata:2	prabalta:1
प्रबुद्ध	prabuddh:3	prabuddha:1
प्रबोध	prabodh:3
प्रबोधन	prabodhan:3
प्रबोधिनी	prabodhini:3
प्रभा	prabha:3
प्रभाकर	prabhakar:3
प्रभाग	prabhag:2	prabhaag:1
प्रभागों	prabhagon:2	prabhaagon:1
प्रभात	prabhat:3	prabhaat:1
प्रभार	prabhar:2	prabhaar:1
प्रभारी	prabhari:2	prabhaari:1
प्रभाव	prabhav:2	prabhaav:1
प्रभावकारी	prabhavkari:2	prabhaavkaari:1
प्रभावना	prabhavana:2	prabhaavanaa:1
प्रभावशाली	prabhavshali:2	prabhaavshaali:1
प्रभावशील	prabhavshil:2	prabhaavshil:1
प्रभावित	prabhavit:2	prabhaavit:1
प्रभावी	prabhavi:2	prabhaavi:1
प्रभावों	prabhavo:2	prabhavon:2	prabhaavon:1
प्रभावोत्पादक	prabhavotpadak:2	prabhaavotpaadak:1
प्रभास	prabhas:3	prabhaas:1
प्रभु	prabhu:8	prabh:1
प्रभुता	prabhuta:3
प्रभुत्व	prabhuttav:1	prabhutv:1	prabhutva:1
प्रभृति	prabhuti:2	prabhriti:1
प्रमंडल	pramandal:3
प्रमंडलों	pramandalon:3
प्रमाण	praman:2	pramaan:1
प्रमाणन	pramanan:2	pramaanan:1
प्रमाणपत्र	pramaanpatra:1	pramanpatr:1	pramanpatra:1
प्रमाणपत्रों	pramanpatron:2	pramaanpatron:1
प्रमाणिक	pramanik:2	pramaanik:1
प्रमाणिकता	pramaanikataa:1	pramanikata:1	pramanikta:1
प्रमाणित	pramanit:2	pramaanit:1
प्रमाणीकृत	pramaanikrit:1	pramanikrit:1	pramanikrut:1
प्रमाणों	pramanon:2	pramaanon:1
प्रमाद	pramad:2	pramaad:1
प्रमुख	pramukh:3
प्रमुखता	pramukhata:1	pramukhataa:1	pramukhta:1
प्रमुखों	pramukhon:3
प्रमेय	pramey:2	prameya:1
प्रमोट	promote:2	promot:1
प्रमोटर	promoter:2	promotor:1
प्रमोद	pramod:3
प्रयत्न	prayatn:2	pryatna:1
प्रयत्नशील	prayatnashil:2	prayatnshil:1
प्रयत्नों	prayatno:2	prayatnon:3
प्रयाग	prayag:3
प्रयाय	prayay:2	prayaaya:1
प्रयास	prayas:2	prayaas:1
प्रयासरत	prayasarat:2	prayaasrat:1
प्रयासों	prayason:2	prayaason:1
प्रयुक्त	prayukt:3
प्रयोक्ताओं	prayogtaon:1	prayoktaaon:1	prayoktaon:1
प्रयोग	prayog:6
प्रयोगशाला	prayogshala:2	prayogshaalaa:1
प्रयोगशालाएं	prayogshaalaayein:1	prayogshalaein:1	prayogshalayen:1
प्रयोगशालाओं	prayogshalaon:2	prayogshaalaaon:1
प्रयोगात्मक	prayogaatmak:2	prayogatmak:1
प्रयोगों	prayogon:3
प्रयोजन	prayojan:3
प्ररूप	prarup:3
प्रर्दशन	pradarshan:2	prardashan:1
प्रलय	pralay:2	pralaya:1
प्रलेखन	pralekhan:3
प्रवक्ता	pravakta:2	pravaktaa:1
प्रवचन	pravachan:3
प्रवत्ति	pravatti:2	pravati:1
प्रवर्तक	pravartak:3
प्रवर्तन	pravartan:3
प्रवर्तित	pravartit:3
प्रवाल	pravaal:1	praval:1	prawal:1
प्रवास	pravas:2	pravaas:1
प्रवासन	pravasan:2	pravaasan:1
प्रवासियों	pravasiyon:2	pravaasiyon:1
प्रवासी	pravasi:2	pravaasi:1
प्रवाह	pravah:2	pravaah:1
प्रवाहित	pravahit:2	pravaahit:1
प्रविधि	pravidhi:3
प्रविष्ट	pravisht:2	pravist:1
प्रविष्टि	pravishti:2	pravisti:1
प्रविष्टियों	pravishtiyon:2	pravistiyon:1
प्रवीण	pravin:4	praveen:3
प्रवीणता	praveenata:1	pravinata:1	pravinataa:1
प्रवीन	praveen:2	pravin:2
प्रवृति	pravruti:2	pravriti:1
प्रवृतियों	pravritiyon:2	pravrutiyon:1
प्रवृत्त	pravritt:1	pravrut:1	pravrutt:1
प्रवृत्ति	pravrutti:3	pravritti:1	pravruti:1
प्रवृत्तियों	pravrittiyon:1	pravrutiyon:1	pravruttiyon:1
प्रवेश	pravesh:3
प्रवेशद्वार	praveshdwar:3	praveshdwaar:2
प्रशंसक	prashansak:3	prashansaka:1
प्रशंसकों	prashansakon:3
प्रशंसनीय	prashansaniya:1	prashansniy:1	prashasaniy:1
प्रशंसा	prashansa:2	prashanksa:1	prashansaa:1	prashnsa:1
प्रशंसित	prashansit:2	prashnsit:1
प्रशमन	prashman:2	prashaman:1
प्रशस्त	prashast:2	prashst:1
प्रशस्ति	prashasti:2	prashsti:1
प्रशस्तिपत्र	prashastipatra:2	prashstipatra:2	prashastipatr:1	prashstipatr:1
प्रशांत	prashant:4
प्रशांति	prashanti:3
प्रशाद	prashad:2	prashaad:1
प्रशाशन	prashaashan:1	prashashan:1	prashashn:1
प्रशासक	prashasak:2	prashaasak:1
प्रशासकीय	prashaasakiya:1	prashasakiy:1	prashaskiy:1
प्रशासकों	prashaasakon:1	prashasakon:1	prashaskon:1
प्रशासन	prashasan:3	prashaasan:1
प्रशासनिक	prashasanik:2	prashasnik:2	prashaasanik:1
प्रशासनों	prashaasanon:1	prashansanon:1	prashasanon:1
प्रशासित	prashasit:2	prashaasit:1
प्रशासी	prashasi:2	prashaasi:1
प्रशिक्षक	prashikshak:3
प्रशिक्षकों	prashikshakon:2	prashikshkon:1
प्रशिक्षण	prashikshan:3
प्रशिक्षार्थी	prashiksharthi:2	prashikshaarthi:1
प्रशिक्षित	prashikshit:3
प्रशिक्षितों	prashikshiton:3
प्रशिक्षु	prashikshu:3
प्रशिक्षुओं	prashikshuon:3
प्रशिया	prashiya:2	prussia:1
प्रश्न	prashna:4	prashn:3	prashan:1
प्रश्नपत्र	prashnapatra:2	prashnpatra:2	prashanpatr:1	prashnpatr:1
प्रश्नपत्रों	prashnapatron:2	prashnpatron:2	prashanpatron:1	prashnpratron:1
प्रश्नवाचक	prachnvachak:1	prashanvachak:1	prashnavaachak:1
प्रश्नावली	prashnavali:3	prashanavali:1	prashnaavali:1	prashravali:1
प्रश्नों	prashno:2	prashnon:2	prashannon:1
प्रश्रय	prashay:1	prashraya:1	prashraye:1
प्रसंग	prasang:7
प्रसंगानुसार	prasanganusar:2	prasangaanusaar:1
प्रसंगों	prasangon:3
प्रसंस्करण	prasanskaran:3
प्रसंस्कृत	prasanskrat:1	prasanskrit:1	prasanskrut:1
प्रसन्न	prasanna:2	prasann:1
प्रसन्नता	prasannata:1	prasannataa:1	prasannta:1
प्रसन्नतापूर्वक	prasannataapurvak:1	prasannatapurvak:1	prasanntapurvak:1
प्रसव	prasav:3
प्रसाद	prasad:3	prasaad:1
प्रसाधन	prasadhan:2	prasaadhan:1
प्रसाधनों	prasaadhanon:1	prasadhanon:1	prasadhnon:1
प्रसार	prasar:2	prasaar:1
प्रसारक	prasarak:2	prasaarak:1
प्रसारण	prasaran:2	prasaaran:1
प्रसारित	prasarit:2	prasaarit:1
प्रसिद्ध	prasiddh:2	prasiddha:1
प्रसिद्धि	prasiddhi:6
प्रसूत	prasut:2	prasoot:1
प्रसूता	prahsoota:1	prasuta:1	prasutaa:1
प्रसूति	prasuti:2	prasooti:1
प्रसेनजीत	persenjeet:1	prasenjeet:1	prasenjit:1
प्रस्तर	prastar:2	praster:1
प्रस्तरप्रतिमा	prastarpratima:2	prastarpratimaa:1
प्रस्ताव	prastav:2	prastaav:1
प्रस्तावक	prastavak:2	prastaavak:1
प्रस्तावना	prastavana:2	prastaavana:1
प्रस्तावित	prastavit:2	prastaavit:1
प्रस्तावों	prastaavon:2	prastavon:1
प्रस्तुत	prastut:3
प्रस्तुतकर्ता	prastutkarta:1	prastutkartaa:1	prastutukarta:1
प्रस्तुति	prastuti:3
प्रस्तुतिकरण	prastutikaran:3
प्रस्तुतियां	prastutiyaan:2	prastutiyan:1
प्रस्तुतियों	prastutiyon:3
प्रस्तुतीकरण	prastutikaran:3
प्रस्तोता	prastota:2	prastotaa:1
प्रस्थान	prasthan:2	prasthaan:1
प्रस्थापित	prasthapit:2	prasthaapit:1
प्रस्फुटित	prasfutit:3
प्रहर	prahar:3
प्रहरी	prahari:3
प्रहलाद	prahlad:2	prahlaad:1
प्रहसन	prahasan:2	prahsan:1
प्रहार	prahar:2	prahaar:1
प्रहारक	praharak:2	prahaarak:1
प्रहारों	praharon:2	prahaaron:1
प्रह्लाद	prahlad:2	prahad:1
प्रा	pra:2	praa:2
प्रांगण	prangan:2	praagan:1	praangan:1
प्रांगन	praangan:2	prangan:2
प्रांजल	pranjal:6	praanjal:1
प्रांत	prant:10	praant:2
प्रांताध्यक्ष	praantaadhyaksha:1	praantadhyaksh:1	prantadhayaksh:1	prantadhyaksh:1
प्रांतीय	praantiye:2	praantiya:1	prantiye:1
प्रांतों	praanton:2	pranton:2
प्राइज	prize:2	price:1
प्राइड	pride:3
प्राइम	prime:3
प्राइमरी	primary:3
प्राइवेट	private:3
प्राइवेसी	privacy:3
प्राइस	price:3
प्राकट्य	praakatya:1	prakaty:1	prakatye:1
प्राकृत	praakrit:1	prakrat:1	prakrut:1
प्राकृतिक	prakrutik:6	praakritik:1	prakratik:1
प्राक्कथन	prakkathan:2	praakkathan:1
प्राग	praag:1	prag:1	prague:1
प्रागैतिहासिक	pragaitihasik:2	praagaitihaasik:1
प्राचार्य	praachaarya:1	pracharye:1	prachrya:1
प्राचार्यों	praachaaryon:1	pracharyo:1	pracharyon:1
प्राची	prachi:3
प्राचीन	prachin:22	praachin:1	pracheen:1
प्राचीनकाल	praachinkaal:1	pracheenkaal:1	prachinkal:1
प्राचीनतम	praachinatam:1	pracheenatam:1	prachintam:1
प्राचीनता	praachinataa:1	pracheenata:1	prachinta:1
प्राजक्ता	prajakta:2	praajakta:1
प्राण	praan:2	pran:6
प्राणघातक	pranghatak:3
प्राणदंड	prandand:3
प्राणवायु	pranvayu:3
प्राणायाम	pranayam:2	pranayaam:1
प्राणियों	praniyon:3
प्राणी	prani:3
प्राणों	pranon:3
प्रातः	pratah:2	prath:1
प्राथमिक	prathmik:2	prathamik:1
प्राथमिकता	prathmikta:2	praathmikata:1
प्राथमिकताओं	prathmiktaon:2	prathmikataon:1
प्राथमिकी	prathmiki:3
प्रादेशिक	pradeshik:2	predeshik:1
प्राधिकरण	pradhikaran:2	pradhikarana:1
प्राधिकरणों	pradhikaranon:2	pradhikarno:1
प्राधिकार	pradhikar:3
प्राधिकारियों	pradhikariyon:3
प्राधिकारी	pradhikari:3
प्राधिकारों	pradhikaron:3
प्राधिकृत	pradhikrit:1	pradhikrut:1	prdhikrut:1
प्राध्यापक	pradhyapak:3
प्राध्यापकों	pradhyapakon:3
प्राध्यापिका	pradhyapika:2	pradhuapika:1
प्रान्तों	pranton:3
प्राप्त	prapt:2	prapta:1
प्राप्तकर्ता	praptkarta:2	praptakarta:1
प्राप्तांक	praptank:3
प्राप्ति	prapti:3
प्राप्तियों	praptiyon:3
प्राप्ती	prapti:3
प्रामाणिक	pramanik:3
प्रामाणिकता	pramanikata:2	pramanikta:1
प्राय	pray:3
प्रायः	prayah:8	prah:1	praya:1
प्रायद्वीप	praydweep:2	prayadweep:1	praydrip:1	praydvip:1
प्रायश्चित	prayashchit:1	prayshichat:1	prayshit:1
प्रायोगिक	prayogik:3
प्रायोजक	prayojak:3
प्रायोजकों	prayojakon:3
प्रायोजित	prayojit:3
प्रारंभ	prarambh:3
प्रारंभिक	prarambhik:2	praranbhik:1
प्रारूप	prarup:2	praroop:1
प्रारूपों	prarupon:2	praroopon:1
प्रार्थना	prarthana:2	prarthna:2	prarthanaa:1	prathna:1
प्रार्थनाओं	prarthanaon:2	prarthanon:1
प्रावधान	pravadhan:2	pravdhan:1
प्रावधानों	pravadhanon:3
प्राविधिक	pravidhik:3
प्रासंगिक	prasangik:2	prasingik:1
प्रासंगिकता	prasangikata:2	prasangikta:1
प्रिंट	print:3
प्रिंटर	printer:3
प्रिंटिंग	printing:2	printin:1
प्रिंट्स	prints:3
प्रिंस	prince:3
प्रिंसटन	princeton:1	prinston:1	priston:1
प्रिंसली	princeli:1	princely:1	princle:1
प्रिंसिपल	principal:3
प्रिंसिपल्स	principal:1	principals:1	principle:1
प्रिंसेस	princcess:1	princes:1	princess:1
प्रिक्स	prics:2	priks:1
प्रिज्म	prism:1	prisme:1	prizm:1
प्रिटोरिया	pretoria:1	pritoria:1	pritoriya:1
प्रिपरेशन	preparation:2	prepration:1
प्रिय	priya:3	priy:2
प्रियंका	priyanka:7
प्रियजन	priyajan:3
प्रियजनों	priyajanon:2	priyajano:1
प्रियतम	priyatam:3
प्रियतमा	priyatama:3
प्रियता	priyata:3
प्रियदर्शिनी	priyadarshini:2	priyadarshani:1
प्रियदर्शी	priyadarshi:2	priydarshi:1
प्रियपात्र	priyapatra:2	priypatra:1
प्रियम	priyam:3
प्रियव्रत	priyavrat:1	priyavrata:1	priyvrat:1
प्रिया	priya:4
प्रियामणि	priyamani:3
प्रीत	preet:2	prit:1
प्रीतम	pritam:3	preetam:1
प्रीता	preeta:2	prita:2
प्रीति	priti:3	preeti:1
प्रीतिभोज	pritibhoj:2	preetibhoj:1
प्रीतिश	pritish:2	preetish:1
प्रीमियम	premium:2	premier:1
प्रीमियर	premier:3
प्रीमीयर	premier:3
प्रीलोडेड	preloaded:6
प्रीव्यू	preview:2	prevue:1
प्रीस्कूल	preschool:3
प्रीस्ट	preist:1	priest:1	prist:1
प्रूफ	proof:2	pruf:1
प्रेक्षक	prekshak:3
प्रेक्षकों	prekshakon:3
प्रेक्षण	prekshan:2	preshan:1
प्रेक्षा	preksha:2	presha:1
प्रेक्षागृह	prekshagrah:1	prekshagrih:1	prekshagruh:1
प्रेजिडेंट	president:3
प्रेजेंट	present:3
प्रेटी	preti:1	pretty:1	prety:1
प्रेत	pret:3
प्रेम	prem:9
प्रेमकहानी	premkahani:3	premkahaani:1
प्रेमचंद	premchand:3
प्रेमजी	premji:3
प्रेमनाथ	premnath:3	premnaath:1
प्रेमनारायण	premnarayan:3	premnaarayan:1
प्रेमलता	premlata:3
प्रेमा	prema:3
प्रेमानंद	premanand:3
प्रेमाश्रु	premaashru:1	premashru:1	premasru:1
प्रेमिका	premika:3
प्रेमिकाएं	premikaein:1	premikaen:1	premikayen:1
प्रेमी	premi:3
प्रेयर	prayer:3
प्रेरक	prerak:3
प्रेरणा	prerna:2	prerana:1
प्रेरणादायक	prernadayak:2	preranadayak:1
प्रेरित	prerit:3
प्रेशर	pressure:4
प्रेषक	preshak:3
प्रेषण	preshan:3
प्रेषित	preshit:3
प्रेस	press:3
प्रेसिडेंट	president:2	precedent:1
प्रेसिडेंट्स	presidents:3
प्रेसिडेंसी	presidency:3
प्रेसीडेंसी	presidency:3
प्रेसों	presson:3
प्रेस्टन	preston:3
प्रैक्टिस	practice:2	practise:1
प्रॉक्सी	proxy:3	proxie:1
प्रॉजेक्ट	project:3
प्रॉडक्ट	product:2	project:1
प्रॉडक्ट्स	products:3
प्रॉडक्शन	production:3
प्रॉफिट	profit:3
प्रॉब्लम	problem:3	problam:1
प्रॉब्लम्स	problems:3	problams:1
प्रॉसेस	process:3
प्रॉसेसिंग	processing:3
प्रो	pro:3
प्रोएक्टिव	proactive:2	proactiv:1
प्रोक्योरमेंट	procurement:3
प्रोक्सी	proxy:3
प्रोग्राम	program:7
प्रोग्रामर	programmer:2	programer:1
प्रोग्रामर्स	programers:1	programmers:1	programs:1
प्रोग्रामिंग	programing:3	programming:3
प्रोग्रामों	programon:2	programmon:1
प्रोग्रेसिव	progressive:3
प्रोजेक्ट	project:3
प्रोजेक्टर	projector:3
प्रोजैक्ट	project:3
प्रोटीन	protein:5	protin:1
प्रोटीनयुक्त	proteinyukt:3
प्रोटीनों	proteinon:2	proteino:1
प्रोटेक्टिव	protective:3
प्रोटेक्शन	protection:2	projection:1
प्रोटेस्टेंट	protestant:3
प्रोटो	proto:6
प्रोटोकॉल	protocol:3
प्रोटोकोल	protocol:3
प्रोटोटाइप	prototype:3
प्रोडक्ट	product:3
प्रोडक्शंस	productions:3
प्रोडक्शन	production:3
प्रोड्यूस	produce:3
प्रोड्यूसर	producer:3
प्रोत्साहन	protsahan:3	protsaahan:1
प्रोत्साहित	protsahit:5	protsaahit:2
प्रोद्योगिकियों	prodyogikiyon:2	prodhyogikiyon:1
प्रोद्योगिकी	prodyogiki:2	prodhyogiki:1
प्रोद्यौगिकी	prodhyogiki:1	prodyaugiki:1	prodyogiki:1
प्रोन्नति	pronnati:3
प्रोपर्टी	property:3
प्रोपर्टीज	properties:3
प्रोपेलेंट	propellant:2	propellent:1
प्रोपोजल	proposal:3
प्रोफसर	professor:2	profsar:1
प्रोफ़ाइल	profile:3
प्रोफ़ेसर	professor:3
प्रोफाइल	profile:3
प्रोफाइलिंग	profiling:3
प्रोफेशन	profession:2	profesion:1
प्रोफेशनल	professional:4
प्रोफेश्नल	professional:3
प्रोफेसर	professor:3
प्रोबायोटिक	probiotic:3
प्रोमोट	promot:2	promote:1
प्रोमोटर	promoter:2	promotor:1
प्रोमोशनल	promotional:3
प्रोवाइड	provide:2	provider:1
प्रोवाइडर	provider:4
प्रोविंस	province:3
प्रोविजनिंग	provisioning:2	providing:1
प्रोविडेंट	provident:3
प्रोसीडिंग्स	proceedings:3
प्रोसेस	process:3
प्रोसेसर	processor:2	procesar:1
प्रोसेसिंग	processing:3
प्रोस्टेट	prostate:3
प्रोस्पेक्टस	prospectus:2	prospects:1
प्रौढ	praudh:2	proud:1
प्रौढ़	praudh:2	praudha:1
प्रौढ़ावस्था	praudhavastha:2	praudhvstha:1
प्रौढ़ों	praudhon:3
प्रौद्योगिकियों	praudhogikiyon:1	praudhyogikiyon:1	praudyongikiyon:1
प्रौद्योगिकी	praudyogiki:5	praudhyogiki:2
प्रौद्योगिकीय	praudhyogikiy:1	praudyogikiy:1	proaudhyogikiy:1
प्लग	plug:3
प्लगइन	plugin:6
प्लस	plus:3
प्लांक	plank:2	planck:1
प्लांट	plant:7
प्लांटों	planton:3
प्लाई	ply:2	plai:1
प्लाईवुड	plywood:3
प्लाक	plak:3
प्लाज़ा	plaza:3
प्लाजा	plaza:3
प्लाज्मा	plasma:2	plazma:1
प्लान	plan:5
प्लानिंग	planing:3	planning:2
प्लानेट	planet:5
प्लावन	plavan:2	plaavan:1
प्लासी	plassey:2	plasi:1
प्लास्टर	plaster:3
प्लास्टिक	plastik:2	plastic:7
प्लूटो	pluto:7
प्लूटोनियम	plutonium:3
प्ले	play:3
प्लेग	plague:3
प्लेट	plate:3
प्लेटफार्म	platform:5
प्लेटफार्मों	platformon:2	platfarma:1
प्लेटफॉर्म	platform:5
प्लेटफॉर्म्स	platforms:2	platefarm:1
प्लेटलेट	platelet:3
प्लेटलेट्स	platelets:2	platlets:1
प्लेटिनम	platinum:3
प्लेटें	platein:1	platen:1	pleten:1
प्लेटो	plato:3
प्लेटों	platon:2	paletton:1
प्लेन	plane:2	plan:1
प्लेनों	planon:2	plenon:1
प्लेयर	player:3
प्लेयरों	playeron:3
प्लेस	place:4
प्लेसमेंट	placement:3
प्लेसिबो	placebo:3
प्लेसिस	places:2	plessis:1
प्लेसी	plesi:2	palsy:1
प्लेसीबो	placebo:2	plesibo:1
प्लैंक	plank:2	pank:1
प्लैटिनम	platinum:6
प्लैन	plan:4
प्लैनेट	planet:2	planat:1
प्लॉट	plot:7
प्वाइंट	point:3
फंक	funk:2	fank:1
फंकी	funky:2	fanki:1
फंक्शन	function:3
फंगस	fungus:2	fungas:1
फंटूश	funtoosh:2	funtush:1
फंड	fund:3
फंडा	funda:3
फंडामेंटल्स	fundamentals:2	fundametals:1
फंडिंग	funding:3
फंडों	fundon:3
फंड्स	funds:3
फंतासी	fantasy:2	fantasi:1
फंदों	fandon:3
फक्कड़	fakkad:2	pakkad:1
फक्त	fakt:3	phakt:1
फखरपुर	fakharpur:3
फगुआ	fagua:3
फजल	fajal:2	fazal:1
फट	fat:2	phat:2
फटकते	fatakate:1	fatkate:1	phatakate:1	phtkate:1
फटकर	fatakar:1	fatkar:1	phatakar:1	phatkar:1
फटका	fatka:2	phatka:2
फटकार	fatkar:2	phatkar:2
फटन	fatan:2	phatan:1	phtan:1
फटने	fatane:2	phatane:1	phatne:1
फटाफट	fatafat:3
फटे	fate:2	phate:1	phte:1
फटेहाल	fatehaal:1	phatehaal:1	phatehal:1	phtehal:1
फड़क	fadak:3	phadak:1
फड़कने	fadkane:1	fakadane:1	phadakne:1
फड़फड़ाता	fadfadata:2	phadphadata:1
फड़फड़ाने	fadfadane:2	phadphadane:1
फणीश्वर	phanishwar:2	fanishwar:1
फतवे	fatve:2	fatwe:1
फतह	fatah:2	fateh:1
फतेह	fateh:3
फतेहगढ़	fatehgarh:2	fatehgadh:1
फतेहपुर	fatehpur:4
फतेहाबाद	fatehabad:3
फतेही	fatehi:3
फनकार	fankar:2	fankaar:1
फना	fanaa:2	fanna:1
फफूंद	fafund:3
फफूंदी	fafundi:3
फफोले	fafole:2	phaphole:1
फब्ती	fabti:2	phabti:1
फर	far:2	phar:1
फरक्का	farakka:3
फरजाना	farjana:2	farzana:1
फरमान	farman:2	pharman:1
फरमानों	farmanon:2	farmano:1
फरमाया	farmaya:3
फरवरी	february:3
फरसे	pharse:2	farse:1	pharase:1
फरह	farah:2	farh:1
फरहाद	farhad:3
फरहान	farhan:3
फरहीन	farheen:3	farhin:1
फराओ	pharaoh:2	farao:1
फरात	farat:3
फरार	farar:2	pharar:1
फराह	farah:3
फरियादी	fariyadi:3
फरिश्ते	farishey:1	farishte:1	farishtey:1
फरीद	farid:2	fareed:1
फरीदपुर	faridpur:3
फरीदा	farida:3
फरीदाबाद	faridabad:3
फरेब	fareb:2	phareb:1
फरोख्त	farokht:1	farokhta:1	pharokht:1
फर्क	fark:2	phark:1
फर्जी	farji:3
फर्टिलाइजर	fertilizer:2	fertiliser:1
फर्टिलाइजर्स	fertilizers:2	fertilisers:1
फर्थ	farth:1	ferth:1	pharth:1
फर्नांडिस	farnandis:1	fernadis:1	fernandis:1
फर्नांडीज	farnandiz:1	fernadiz:1	fernandez:1
फर्नांडो	farnando:1	fernado:1	fernando:1
फर्नीचर	furniture:3
फर्नेस	farnes:1	fernace:1	firness:1
फर्म	farm:2	firm:2
फर्मवेयर	firmware:2	farmwear:1
फर्मिऑन	farmion:1	fermion:1	firmian:1
फर्मों	farma:1	farmon:1	firmon:1
फर्रुखाबाद	farookhabad:1	farrukhabad:1	farukhabad:1
फर्रूखनगर	farookhnagar:1	farrukhnagar:1	farukhnagar:1
फर्श	farsh:2	fursh:1
फर्शी	farshi:3
फर्स्ट	first:3
फल	fal:10	phal:5
फलक	falak:3	phalak:1
फलकनुमा	falaknuma:3	phalaknuma:1
फलत	falat:3	phalat:1
फलता	falta:2	falata:1	phalata:1
फलदायक	faldayak:3	phaldayak:1
फलन	falan:3	phalan:1
फलने	falne:3	phalne:1
फलफूल	falfool:2	falful:1	phalphool:1
फलस्वरूप	falswarup:2	falaswarup:1	falswaroop:1	phalaswarup:1
फला	fala:3	phala:1
फलाहार	falahar:2	falahaar:1
फलाहारी	falahari:3
फलित	falit:2	phalit:1
फलितार्थ	falitarth:2	phalitartha:1
फलियों	faliyon:2	phaliyon:1
फली	fali:2	phali:1
फलीभूत	falibhoot:1	falibhut:1	phalibhoot:1
फलों	falon:2	phalon:1
फलोदी	falaudi:1	falodi:1	phalodi:1
फवाद	favaad:1	favad:1	fawad:1
फव्वारा	favvara:2	fawaara:1
फव्वारे	favvare:2	fawaare:1
फव्वारों	favvaron:2	fawaaron:1
फसल	fasal:3
फसलें	fasalein:1	faslein:1	faslen:1
फसलों	faslon:2	fasalon:1
फसाद	fasad:3
फसाहत	fasahat:2	phasahat:1
फसी	fasi:2	fase:1
फहद	fahad:3
फहराकर	fahrakar:2	faharakar:1
फहराने	faharane:1	fahraane:1	fahrane:1
फहराया	fahraya:2	faharaya:1
फ़ार्गो	fargo:2	forgo:1
फ़ील्ड	field:3
फ़ीसदी	fisadi:1	fisdi:1	phisadi:1
फ़ैल	fail:3
फ़ैला	faila:3
फ़ैलाने	failane:3
फ़ैशन	fashion:3
फ़ैसला	faisla:2	faisala:1
फ़ैसले	faisale:2	faisle:1
फ़ैसलों	faisalon:2	faislon:1
फ़ॉन्ट	font:3
फ़ॉर	for:2	four:1
फ़ॉर्म	farm:2	form:1
फ़ॉलो	follow:3
फ़ोटो	photo:3
फ़ोटोग्राफ़रों	photographaron:1	photographeron:1	photographron:1
फ़ोटोग्राफ़ी	photography:3
फ़ोर्स	force:3
फ़ौज	fauj:4
फ़ौजी	fauji:2	fauj:1
फ़ौरन	fauran:3
फ़्यूचर	future:3
फ़्रीडम	freedom:2	fredom:1
फ़्रेंचाइज़ी	franchise:2	frenchiji:1
फ़्रेम	frame:3
फ़्लैट	flat:3
फ़्लैश	flash:3
फांसते	faansate:1	faanste:1	fansate:1
फांसी	fansi:2	faansi:1
फाइंड	find:3
फाइजर	faizer:1	fijer:1	pfizer:1
फाइट	fight:3
फाइटर	fighter:3
फाइन	fine:2	file:1
फाइनल	final:6
फाइनलिस्टों	finaliston:3
फाइनल्स	finals:3
फाइनेंशियल	financial:3
फाइनेंस	finance:3
फाइबर	fiber:2	fibre:1
फाइब्रोसिस	fibrosis:2	fiberosis:1
फाइल	file:3
फाइलें	filein:2	filen:1
फाइलों	filon:2	phaailon:1
फाइव	five:3
फाई	fi:2	fiee:1
फाउंड	found:3
फाउंडेशन	foundation:3
फाउंड्री	foundry:3
फाख्ता	faakhtaa:1	fakhta:1	phaakhtaa:1
फाग	faag:1	fog:1	phaag:1
फागुन	faagun:1	fagun:1	phaagun:1
फाजिल	faajil:1	fazil:1	phaajil:1
फाजिल्का	fajilka:1	fazilka:1	phaajilka:1
फाटक	fatak:3	faatak:1	phaatak:1
फाड़	faad:1	fad:1	phaad:1
फाड़ते	faadate:1	fadte:1	phaadate:1
फातमा	fatma:2	fatama:1
फादर	father:3
फान	faaa:1	faan:1	phaan:1
फाफ	faaf:2	phaaph:1
फायदा	faayadaa:1	fayda:1	phaayadaa:1
फायदे	faayade:1	fayde:1	phaayade:1
फायदेमंद	faayademand:1	fayademand:1	faydemand:1
फायदों	fayadon:2	faydon:1
फायर	fire:3
फायरफॉक्स	firefox:3
फायरबिग्रेड	firebrigade:2	firebridgade:1
फायरस्टार	firestar:3
फायरिंग	firing:3
फार	far:2	for:1
फारस	faras:2	fors:1
फारसी	farsi:2	forcee:1
फारुक	farooq:2	farook:1
फारूक	farooq:2	farook:1
फारेन	foreign:2	faren:1
फार्म	farm:4	form:2
फार्मास्युटिकल	pharmaceutical:3
फार्मास्युटिकल्स	pharmaceuticals:3
फार्मिंग	farming:3
फार्मिक	formic:2	farmic:1
फार्मूला	formula:3
फार्मूले	formulae:1	formule:1	formuley:1
फार्मेसी	pharmacy:3
फार्मों	pharmon:2	pharma:1
फार्म्स	farms:3
फालतू	faltu:3	faltoo:1
फालना	falna:2	faalna:1
फाल्के	falke:2	phalke:1
फाल्गुन	falgun:3
फाल्स	false:2	fals:1
फासला	fasla:2	faasla:1
फासिस्ट	fasist:2	fascist:1
फासीवादी	fasivadi:2	fasiwadi:1
फास्ट	fast:3
फास्टफूड	fastfood:3
फास्फाइड	phosphide:2	phosphate:1
फास्फेट	phosphate:3
फास्फोरस	phosphorus:3
फाहे	fahe:2	phahe:1
फाॅर	for:2	four:1
फिंगर	finger:3
फिंगर्स	fingers:3
फिंच	finch:3
फिएट	fiat:3
फिक्र	fikra:3
फिक्शन	fiction:3
फिक्सिंग	fixing:3
फिक्सेशन	fixation:3
फिक्स्ड	fixed:3
फिजा	fiza:2	fija:1	fizaa:1
फिजिकल	physical:3
फिजिक्स	physics:3
फिजियोलॉजी	physiology:3
फिजिशियन	physician:3
फिजी	fiji:2	phyji:1
फिट	fit:3
फिटनेस	fitness:3
फिनलैंड	finland:3
फिनायल	finayal:1	finial:1	phenyl:1
फिनिक्स	phoenix:2	phynics:1
फिनिश	finish:3
फिनिशर	finisher:2	finishar:1
फिफ्टीन	fifteen:3
फिफ्थ	fifth:3
फिर	fir:3
फिरंगियों	firangiyon:3
फिरंगी	firangi:3
फिरकी	firki:3
फिरता	firta:2	firtaa:1
फिरती	firti:3
फिरा	fira:1	phira:1	phiraa:1
फिरोजपुर	firozpur:2	firojpur:1
फिरोज़	firoz:3	feroz:1
फिरोजाबाद	firozabad:2	firojabad:1
फिलर	filler:2	feeler:1
फिलहाल	filhaal:1	filhal:1	philahaal:1
फिलाडेल्फिया	philadelphia:3
फिलामेंट	filament:3
फिलिप	philip:3
फिलिप्स	philips:3
फिलिस्तीन	philistin:2	filisteen:1
फिलिस्तीनियों	philistiniyon:2	filisteeniyon:1
फिलिस्तीनी	filistini:2	philistini:2	filisteeni:1
फिलीप	philip:3
फिलेटली	filataly:1	filetali:1	philately:1
फिल्टर	filter:3
फिल्म	film:7	flim:1
फिल्मकार	filmkar:2	flimkar:1
फिल्मांकन	filmankan:3
फिल्माई	filmai:2	filmaee:1
फिल्माना	filmana:3
फिल्माने	filmaane:1	filmane:1	flimane:1
फिल्माया	filmaya:3
फिल्मिंग	filming:3
फिल्मी	filmi:5	filmy:1
फिल्में	filmen:2	filmein:1
फिल्मों	filmon:6
फिल्मोत्सव	filmotsav:3
फिल्म्स	films:2	flims:1
फिश	fish:3
फिशर	fisher:3
फिशर्स	fishers:3
फिसल	fisal:3
फिसलना	fisalna:2	fisalana:1
फिसला	fisla:2	fislaa:1
फिसले	fisle:2	fisley:1
फीका	feeka:1	fika:1	fikaa:1
फीकी	fiki:2	feekee:1
फीके	fike:2	feekay:1
फीचर	feature:3
फीचर्स	features:3
फीड	feed:3
फीडबैक	feedback:3
फीडर	feeder:3
फीता	fita:2	feeta:1
फीते	feete:2	fite:1
फीनिक्स	finics:1	phoenix:1	phynix:1
फीफा	fifa:2	feefa:1
फीयर	fear:3
फीरोज	firoj:2	firoz:1
फीलखाना	feelkhana:2	filkahaanaa:1
फील्ड	field:3
फील्डर	fielder:2	fieldaron:1
फीवर	fever:3
फीस	fees:3
फीसदी	fisadi:2	feesadi:1
फु	fu:2	phoo:1
फुंसियां	funsian:1	funsiyaan:1	phoonsiyan:1
फुंसी	funsi:2	foonsi:1
फुकुओका	fukuoka:3
फुट	foot:4	feet:1	fut:1
फुटकर	footkar:1	footker:1	futkar:1
फुटबल	footbal:1	football:1	futbal:1
फुटबॉल	football:3
फुटबॉलर	footballer:2	footblower:1
फुटेज	footage:3
फुड	food:3
फुरत	furat:3
फुरसत	fursat:2	furasat:1
फुर्ती	furti:3
फुर्तीला	furtila:3
फुर्तीली	furtili:3
फुर्सत	fursat:3
फुल	full:4	fool:1	phool:1
फुलका	fulka:3	phulka:1
फुलर	fuller:2	fooler:1
फुलाए	fulaaye:1	fulae:1	fulay:1
फुलाने	fulane:2	fulaane:1
फुलिया	fuliya:2	phuliya:1
फुले	fule:2	pule:1
फुसफुसाते	fusfusate:3	fusfusaate:1
फुसलाकर	fuslakar:3	fuslaakar:1
फुहारों	fuharon:3
फू	foo:2	phu:1
फूंकने	foonkane:1	funkane:1	phunkne:1
फूट	foot:2	fut:1
फूटा	foota:1	futa:1	phuta:1
फूड	food:3
फूफा	fufa:2	phupha:1
फूर्ति	furti:3	phurti:1
फूल	phool:4	fool:3
फूलते	foolte:1	fulate:1	fulte:1	phoolate:1
फूलन	fulan:2	phoolan:1
फूलना	fulana:1	fulanaa:1	fulna:1	phoolna:1
फूलने	fulane:2	phoolne:1	phulane:1	phulne:1
फूलबाग	phoolbag:2	fulbag:1
फूले	phule:3	fule:1
फूलों	fullon:1	fulon:1	phoolon:1	phulon:1
फूल्स	fools:2	fulls:1
फूस	phus:2	fus:1	phoos:1
फेंक	fenk:3
फेंकते	fenkate:2	fenkte:1	phenkate:1
फेंकने	fenkane:2	fenkne:1	phenkane:1
फेंका	fenka:3	phenka:1
फेंकी	fenki:3	phenki:1
फेंके	fenke:3	phenke:1
फेंग	feng:3
फेंटना	fentana:2	fentna:1	phentna:1
फेंटम	phantom:2	fentan:1
फेंटे	fente:2	phante:1
फेंसिंग	fencing:2	facing:1
फेकने	fekne:2	fekane:1
फेका	feka:3
फेज	fez:1	phase:1	phese:1
फेड	fed:3
फेडरल	federal:3
फेडरेशन	federation:4
फेडेरेशन	federation:3
फेन	fan:3	fen:1
फेफड़ा	fefada:2	fefda:1
फेफड़े	fefade:2	fefden:1
फेफड़ों	fefadon:3	phephadon:1
फेबल्स	fables:1	febles:1	phabals:1
फेम	fame:2	fem:1
फेमस	famous:4
फेमा	fema:3
फेमिना	femina:3
फेयर	fair:4
फेयरली	fairly:3
फेयरवेल	fairwel:1	fairwell:1	farewell:1
फेरता	ferata:3	pherata:1
फेरबदल	ferbadal:5
फेरर	ferrer:2	ferar:1
फेरे	fere:3	phere:1
फेल	fail:3
फेलो	fellow:1	felo:1	phelo:1
फेलोपिन	fallopian:1	fallopine:1	felopin:1
फेलोशिप	fellowship:2	fellowships:1
फेल्टन	falton:1	feltan:1	felton:1
फेल्प्स	phelps:2	felps:1
फेल्यर	failure:3
फेशियल	facial:3
फेस	face:7
फेसबुक	facebook:6
फेस्ट	fest:3
फेस्टिवल	festival:3
फेस्टिवल्स	festivals:3
फेस्टीवल	festival:3
फैंक	faink:1	fank:1	phaink:1
फैंकने	fainkane:1	fankane:1	phainkne:1
फैंटम	phantom:3
फैंटसी	fantasy:2	fantsi:1
फैंसी	fancy:2	fansi:1
फैकल्टी	faculty:3
फैक्ट	fact:3
फैक्टर	factor:3
फैक्ट्रियां	factoriyan:3
फैक्ट्री	factory:5	pactory:1
फैक्ट्स	facts:3
फैक्स	fax:3
फैज	faiz:2	faij:1
फैजल	faizal:3
फैजाबाद	faizabad:3	faijabad:1
फैजी	faizi:2	faiji:1
फैट	fat:4
फैटी	faiti:1	fatty:1	faty:1
फैडरल	federal:3
फैन	fan:4
फैनिंग	fanning:3
फैन्स	fans:3
फैब्रिक	fabric:3
फैमिली	family:6
फैयाज	faiyaz:3	faiyaj:2
फैरी	fairi:2	fairy:1	pheri:1
फैरो	pharaoh:2	fairo:2	phaero:1
फैल	fail:3
फैलकर	failkar:3
फैलता	failta:2	failata:1	failataa:1
फैलती	failti:2	failati:1
फैलते	failte:2	failate:1
फैलना	failna:2	failaanaa:1	failana:1
फैलनी	failani:2	failni:1
फैलने	failne:2	failane:1
फैला	faila:3
फैलाइए	failaaiye:1	failaea:1	failaiya:1	failaiye:1
फैलाए	failaye:2	failaaye:1	failae:1
फैलाएं	failayen:2	failaayen:1	failaen:1
फैलाकर	failakar:3	failaakar:1
फैलाता	failata:3
फैलाते	failate:3	failaate:1
फैलाना	failana:3	failaanaa:1
फैलाने	failane:3	failaane:1
फैलाया	failaya:3	failaayaa:1
फैलाये	failaye:2	failaaye:1
फैलाव	failav:2	failaav:1
फैली	faili:3
फैले	faile:3
फैलेगी	failegi:3
फैलोपियन	fallopian:3
फैलोशिप	fellowship:3
फैशन	fashion:6
फैशनबल	fashionable:3
फैशनेबल	fashionable:3
फैसल	faisal:3
फैसला	faisla:2	faislaa:1
फैसले	faisle:3
फैसलों	faislon:2	faisalon:1
फैसिलिटी	facility:3
फैसेलिटी	facility:3
फॉइल	file:2	foil:1
फॉकनर	faulkner:2	fokner:1
फॉक्स	fox:3
फॉक्सवैगन	volkswagen:2	focuswagon:1
फॉन्ट	font:3
फॉर	for:3
फॉरवर्ड	forward:3
फॉरवार्ड	forward:3
फॉरेंसिक	forensic:2	foreignsik:1
फॉरेस्ट	forest:3
फॉर्चून	fortune:3
फॉर्च्यून	fortune:3
फॉर्म	form:3
फॉर्मर	former:3
फॉर्मूला	formula:3
फॉर्मेट	format:2	formate:1
फॉल	fall:3
फॉलोअर	follower:3
फॉल्ट	fault:2	flat:1
फॉस	phos:3	fos:1
फॉसिल	fossil:2	focil:1
फॉस्ट	fast:1	foast:1	fost:1
फॉस्टर	foster:3
फॉस्फाइड	phosphide:2	phosphade:1
फॉस्फेट	phosphate:2	phosphet:1
फॉस्फोरस	phosphorus:3
फोक	fok:2	folk:2
फोकल	focal:1	fokal:1	phokal:1
फोग	fog:3
फोगाट	phogat:2	fogat:1
फोटो	photo:10
फोटोग्राफ	photograph:3
फोटोग्राफर	photographer:4
फोटोग्राफरों	photographeron:2	photographron:1
फोटोग्राफ़र	photographer:3
फोटोग्राफिक	photographic:3
फोटोग्राफी	photography:4
फोटोन	photon:3
फोटोनिक	photonic:3
फोटोमीटर	photometer:3
फोड़	fod:3	phod:1
फोड़कर	fodkar:2	fodakar:1	phodkar:1
फोड़ते	fodate:3
फोड़ना	fodana:3	fodanaa:1
फोड़ने	fodane:3
फोड़ा	foda:2	fodaa:1	phoda:1
फोड़े	fode:3	phode:1
फोड़ों	fodon:2	fodo:1	phodo:1
फोडा	foda:3	phoda:1
फोन	phone:6
फोनों	phonon:3	fonon:1
फोबिया	phobia:2	fobiya:1
फोर	fore:2	four:2	for:1
फोरम	forum:3
फोरमैन	foreman:1	forman:1	fourman:1
फोरमों	formon:2	forumon:1
फोरेंसिक	forensic:3
फोरेक्स	forex:3
फोरेस्ट	forest:3
फोरेस्ट्री	forestry:2	forest:1
फोर्क	fork:3
फोर्च्यून	fortune:3
फोर्ट	fort:6
फोर्टिस	fortis:3
फोर्टीफाइड	fortified:2	fourtifive:1
फोर्ड	ford:3
फोर्ब्स	forbes:2	forbs:1
फोर्स	force:4
फोस्टर	foster:3
फौज	fauj:3
फौजदार	faujdar:2	faujdaar:1
फौज़	fauj:3
फौजिया	faujiya:3
फौजियों	faujiyon:3
फौजी	fauji:3
फौरन	fauran:2	foreign:1
फौलादी	fauladi:3
फ्यूअल	fuel:3
फ्यूचर	future:3
फ्यूचरिस्टिक	futuristic:3
फ्यूज	fuse:3
फ्यूजन	fusion:3
फ्यूजी	fuji:2	fyuji:1
फ्यूनरल	funeral:3
फ्रंट	front:3
फ्रंटल	frontal:3
फ्रंटियर	frontier:3
फ्रंटियर्स	frontiers:3
फ्रांस	france:3
फ्रांसिस	francis:2	francois:1
फ्रांसिसी	francisi:2	fransisi:1
फ्रांसिस्का	franciska:2	francisca:1	fransiska:1
फ्रांसिस्को	francisco:2	francisko:1	fransisko:1
फ्रांसीसियों	francisiyon:2	fransisiyon:1
फ्रांसीसी	francisi:2	fransisi:1
फ्राइडे	friday:3
फ्राईडे	friday:3
फ्राउनहोफर	fraunhofer:1	fraunhoffer:1	frownhofer:1
फ्रायड	fried:3
फ्रिंज	fringe:3
फ्रिक्वेंसी	frequency:3
फ्री	free:6
फ्रीक्वेंसी	frequency:3
फ्रीजर	freezer:3
फ्रीजिंग	freezing:3	fridging:1
फ्रीडम	freedom:3	freedam:1
फ्रीडा	freeda:1	freida:1	frida:1
फ्रीमैन	freeman:3	freemen:1
फ्रीवे	freeway:2	freeve:1
फ्रीस्टाइल	freestyle:6
फ्रुक्टोज	fructose:3
फ्रेंकफर्ट	frankfurt:3
फ्रेंकलिन	franklin:3
फ्रेंकोइस	francois:2	francoise:1
फ्रेंच	french:3
फ्रेंचाइजी	franchise:2	franchisee:1
फ्रेंड	friend:3
फ्रेंडली	friendly:3
फ्रेंडशिप	friendship:3
फ्रेंड्स	friends:3
फ्रेजर	frazer:2	frejer:1
फ्रेड	fred:3
फ्रेडरिक	friedrich:2	fredrick:2	frederick:1
फ्रेडी	fredi:2	freddie:1	fredy:1
फ्रेम	frame:3
फ्रेमवर्क	framework:3
फ्रेया	freya:2	freyja:1
फ्रेश	fresh:3
फ्रैंक	frank:6
फ्रैंकफर्ट	frankfurt:2	frankfert:1
फ्रैंकलिन	franklin:3
फ्रैंचाइज	franchise:3
फ्रैंसिस्को	francisco:2	francesco:1
फ्रैक्चर	fracture:3
फ्रॉम	from:3
फ्रॉस्ट	frost:3
फ्रोजन	frozen:3
फ्रोज़न	frozen:3
फ्रोम	from:3
फ्लाइंग	flying:3
फ्लाइट	flight:3
फ्लाइटें	flightein:2	flighten:1
फ्लाई	fly:3
फ्लिंट	flint:3
फ्लिंटॉफ	flintoff:3
फ्लिक	flick:2	flink:1
फ्लिन	flin:2	flynn:1
फ्लिप	flip:2	flipp:1
फ्लू	flue:4	flu:3
फ्लूट	flute:2	floot:1
फ्लेक्स	flex:2	flax:1
फ्लेक्सिबल	flexible:3
फ्लेयर	flair:1	flare:1	flayer:1
फ्लेश	flesh:3
फ्लैग	flag:3
फ्लैगशिप	flagship:3
फ्लैट	flat:3
फ्लैप	flap:3
फ्लैश	flash:2	flesh:1
फ्लॉप	flop:3
फ्लॉपी	floppy:2	flopi:1
फ्लॉयड	floyd:2	floid:1
फ्लॉवर	flower:5
फ्लोज	flows:2	floug:1
फ्लोट	flot:2	float:1
फ्लोर	floor:3
फ्लोरा	flora:3
फ्लोराइड	floride:1	flouride:1	fluoride:1
फ्लोरिंग	flooring:2	floring:1
फ्लोरिडा	florida:3
फ्लोरीन	fluorine:2	florin:1
फ्लोरेंस	florence:2	florens:1
ब	ba:2	b:1
बंका	banka:5	bankaa:1
बंग	bung:3	bang:2
बंगबंधु	bangbandhu:3
बंगभंग	bangbhang:3
बंगला	bangla:4	bangala:1
बंगलुरू	bengaluru:2	banglore:1	bangluru:1
बंगलूरू	bengaluru:3
बंगले	bangle:2	bangale:1
बंगलौर	bangalore:1	banglore:1	bengaluru:1
बंगश	bangash:2	bangsh:1
बंगा	banga:2	bangaa:1
बंगाणा	bangana:2	bangaanaa:1
बंगाल	bengal:4	bangal:3	bangaal:1	bangla:1
बंगाली	bangali:2	bangaali:1	bengali:1
बंग्ला	bangla:3
बंच	bunch:2	banch:1
बंजर	banjar:3
बंजारा	banjara:4
बंजी	banji:2	bungee:1
बंट	bunt:2	bant:1
बंटने	bantne:2	bantane:1
बंटवारे	bantvare:1	bantwaare:1	bantware:1
बंटाने	bantane:2	bantaane:1
बंटी	bunty:2	banti:1
बंटू	bantu:2	bantoo:1
बंडल	bandal:2	bundle:1
बंद	band:6
बंदर	bandar:4	bander:2
बंदरगाह	bandargaah:2	bandargah:2	bandergah:1
बंदरगाहों	bandargahon:2	bandergahon:1
बंदरी	bandari:3
बंदरो	bandaro:3
बंदरों	bandaron:2	bandron:1
बंदियों	bandiyon:3
बंदी	bandi:3
बंदीगृह	bandigruh:3
बंदुक	banduk:3
बंदूक	banduk:4
बंदूके	banduke:3
बंदूकें	banduken:3
बंदूकों	bandukon:2	bundukon:1
बंदे	bande:3
बंदोबस्त	bandobast:3
बंध	bandh:2	bhandh:1
बंधक	bandhak:2	bandhk:1
बंधकों	bandhakon:2	bandhkon:1
बंधती	bandhati:2	bandhti:1
बंधन	bandhan:6
बंधनों	bandhanon:2	bandhnon:1
बंधा	bandha:7
बंधाते	bandhate:3
बंधान	bandhan:3
बंधी	bandhi:3
बंधु	bandhu:3
बंधुआ	bandhuaa:3
बंधुओं	bandhuon:3
बंधुत्व	bandhutv:2	bandhutav:1
बंधे	bandhe:3
बंप	bum:2	bump:2
बंबा	bamba:2	mumba:1
बंबे	bombay:3	bambe:1
बंसरी	bansari:3
बक	bak:3
बकता	bakta:2	bakata:1
बकबक	bakbak:6
बकर	bakar:3
बकरा	bakara:1	bakra:1	bakraa:1
बकरियां	bakriyan:2	bakariyan:1
बकरियों	bakriyon:2	bakariyon:1
बकरी	bakri:2	bakari:1
बकरे	bakre:2	bakare:1
बकरों	bakaron:2	bakron:1
बकवास	bakawas:1	bakvas:1	bakwas:1
बकाया	bakaya:2	bakaayaa:1
बकायों	bakayon:2	bakaayon:1
बकार्डी	bacardi:3
बकिंघम	bakimgham:1	bakingham:1	buckingham:1
बकौल	bakaul:2	bakoul:1
बक्र	bakra:3
बक्श	baksh:2	baksha:1
बक्स	baks:2	baksa:1
बक्सर	baksar:2	buxar:1
बक्सा	baksa:3
बक्सी	baksi:3
बक्से	bakse:3
बक्सों	bakson:3
बख़ूबी	bakhubi:2	bkahubi:1
बख़्शी	bakhshi:2	bakhhshi:1
बखान	bakhaan:2	bakhan:1
बखूबी	bakhubi:5	bakhoobi:1	bkhubi:1
बख्तरबंद	bakhtarband:2	bakharband:1
बख्तियार	bakhiyar:1	bakhtiyaar:1	bakhtiyar:1
बख्शने	bakhshane:2	bakhshne:1
बख्शी	bakhshi:3
बगड़	bagad:2	bagd:1
बगदाद	bagdad:2	baghdad:1
बगल	bagal:3
बगलामुखी	bagalamukhi:2	bagalaamukhi:1
बगले	bagale:2	bagle:1
बगलें	bagalen:2	baglein:1
बग़ैर	bagair:2	bager:1
बगान	bagan:2	bagaan:1
बगावत	bagavat:2	bagaavat:1
बगावती	bagavati:2	bagaawati:1
बगिया	bagiya:2	bagiyaa:1
बगीचा	bagicha:3	bageecha:1
बगीची	bagichi:2	bageechi:1
बगीचे	bagiche:2	bageeche:1
बगीचों	bagichon:2	bageechon:1
बगुला	bagula:2	bagulaa:1
बगैर	bagair:3	bager:1
बग्स	bugs:5	buggs:1
बघारने	bagharne:2	baghaarne:1
बङे	bade:3
बच	bach:3
बचकर	bachkar:3
बचत	bachat:3
बचता	bachata:1	bachta:1	bachtaa:1
बचती	bachti:2	bachati:1
बचते	bachte:2	bachate:1
बचना	bachana:2	bachna:1
बचनी	bachni:2	bachani:1
बचने	bachne:2	bachane:1
बचपन	bachpan:2	bachpann:1
बचा	bacha:5	bcha:1
बचाई	bachai:2	bachaai:1	bachae:1
बचाए	bachaaye:1	bachae:1	bachaye:1	bachy:1
बचाएं	bachaayen:1	bachaen:1	bachayen:1	bachayn:1
बचाएंगे	bachayenge:2	bachaenge:1
बचाओ	bachao:5	bchao:1
बचाकर	bachakar:3	bachaakar:1
बचाता	bachata:3	bachaataa:1
बचाती	bachati:3	bachaati:1
बचाते	bachate:3	bachaate:1
बचाना	bachana:3	bachaanaa:1
बचाने	bachane:3	bachaane:1
बचाया	bachaya:3	bachaayaa:1
बचायी	bachayi:3	bachaayi:1
बचाये	bachaye:3
बचाव	bachav:3
बची	bachi:4
बचे	bache:4
बचेगा	bachega:4	bachegaa:1
बचेगी	bachegi:3
बच्चन	bachchan:4	bacchan:2
बच्चा	baccha:4	bachcha:1
बच्ची	bacchi:1	bachchi:1	bcchi:1
बच्चे	bachche:2	bacche:3
बच्चेदानी	bacchedani:2	bachchedani:1
बच्चों	baccho:5	bacchon:1	bachchon:1	bachhon:1
बछड़ा	bacchada:1	bachada:1	bachhada:1
बछड़े	bacchade:1	bachade:1	bachhade:1
बज	baj:2	buzz:1
बजकर	bajkar:2	bajakar:1
बजट	budget:3
बजती	bajati:2	bajti:1
बजते	bajate:2	bajte:1
बजना	bajana:3
बजने	bajane:2	bajne:1
बजरंग	bajrang:3
बजरंगबली	bajrangbali:6
बजरंगी	bajrangi:3
बजरिया	bajariya:2	bajriya:1
बजरी	bajari:2	bjri:1
बजा	baja:3
बजाई	bajai:2	bajaai:1
बजाए	bajaye:2	bajae:1	bajay:1
बजाएगा	bajaayegaa:1	bajaega:1	bajayega:1	bajayga:1
बजाज	bajaj:3
बजाता	bajata:3	bajaataa:1
बजाती	bajati:3	bajaati:1
बजाते	bajate:3	bajaate:1
बजाना	bajana:3	bajaanaa:1
बजाने	bajane:3	bajaane:1
बजाय	bajay:3
बजाया	bajaya:3
बजार	bajar:1	bazaar:1	bazar:1
बजे	baje:4
बज्जिका	bajjika:2	baggika:1
बज्मे	bajme:3
बट	but:3
बटन	batan:2	button:2
बटनों	batnon:2	batanon:1
बटर	butter:3
बटलर	butler:3
बटला	batla:3
बटालवी	batalvi:3
बटालियन	battalion:3
बटालियनें	battalionein:1	battalionnen:1	battaliyanen:1
बटालियनों	bataaliyanon:1	bataliynon:1	battalionon:1
बटुआ	batua:2	batuaa:1
बटुक	batuk:3
बटुकेश्वर	batukeshwar:3
बटेश्वर	bateshwar:2	bateshvar:1
बटोर	bator:3
बटोरकर	batorkar:2	batorakar:1
बटोरा	batora:3	batoraa:1
बटोरे	batore:3
बट्टा	batta:3
बडजात्या	barjatya:2	badjatya:1
बडवा	badva:2	badwa:1
बड़	bud:2	bar:1
बड़गाम	badgam:1	bargaam:1	buggam:1
बड़ती	badati:1	badti:1	barti:1
बड़नगर	badnagar:2	barnagar:1
बड़प्पन	badppan:2	barappan:1
बड़हलगंज	barhalganj:3
बड़ा	bada:4
बड़ी	badi:3
बड़े	bade:3
बड़ों	badon:3
बड़ोग	badog:3
बड़ोपल	badopal:3
बड़ौदा	badauda:1	badoda:1	baroda:1
बडा	bada:3
बडोला	badola:3
बडौदा	baroda:2	badauda:1
बढ़	badh:3
बढ़कर	badhkar:2	badhakar:1
बढ़त	badhat:3
बढ़ता	badhta:8	badhata:3	badhataa:1
बढ़ती	badhti:6	badhati:2
बढ़ते	badhte:2	badhate:2
बढ़ना	badhana:2	badhanaa:1	badhna:1
बढ़नी	badhani:3
बढ़ने	badhane:2	badhne:1
बढ़ा	badha:3
बढ़ाई	badhai:2	badhae:1
बढ़ाए	badhae:2	badhaaye:1	badhaye:1
बढ़ाएं	badhaen:2	badhaayen:1	badhayen:1
बढ़ाएंगे	badhaenge:2	badhaayenge:1	badhayenge:1
बढ़ाएगी	badhaegi:2	badhaayegi:1	badhayegi:1
बढ़ाकर	badhakar:3	badhaakar:1
बढ़ाचढ़ाकर	badhachadhakar:3
बढ़ाता	badhata:2	badata:1	badhaataa:1
बढ़ाती	badhati:3	badhaati:1
बढ़ाते	badhate:4	badhaate:2
बढ़ाना	badhana:4	badhaanaa:2
बढ़ानी	badhani:3	badhaani:1
बढ़ाने	badhane:4	badhaane:2
बढ़ाया	badhaya:3	badhaayaa:1
बढ़ायी	badhayi:3
बढ़ाव	badhav:3
बढ़ावा	badhava:3	badhaavaa:1
बढ़िया	badhiya:3
बढ़ी	badhi:3
बढ़े	badhe:4
बढ़ेगी	badhegi:3
बढ़ोतरी	badhotari:3	badhotri:1
बतख	batakh:3
बतलाई	batlaai:2	batlai:2
बतलाए	batlaae:1	batlaaye:1	batlae:1	batlaye:1
बतलाकर	batlakar:3	batlaakar:1
बतलाता	batalata:2	batalaataa:1	batlata:1
बतलाते	batlate:2	batalate:1	batlaate:1
बतलाया	batlaya:2	batalaya:1	batlaayaa:1
बताई	batai:3	bataai:1
बताईए	bataaiye:1	bataiae:1	bataiea:1	bataiye:1
बताऊंगा	bataunga:3	baataungaa:1
बताएगी	bataaegi:1	bataayegi:1	bataegi:1	batayegi:1
बताओ	batao:5	bataao:3	btao:1
बताता	batata:3	bataataa:1
बताती	batati:4	bataati:2
बताते	batate:3	bataate:1
बताना	bataanaa:2	batana:2
बताने	bataane:2	batane:2
बताया	bataya:13	bataayaa:2
बताशा	batasha:2	bataashaa:1
बतौर	bataur:3
बत्तियों	battiyon:3
बत्ती	batti:3
बदकिस्मत	badkismat:3
बदतर	badatar:3
बदन	badan:3
बदनाम	badnaam:2	badnam:1
बदनामी	badnami:2	badnaami:1
बदमाश	badmaash:2	badmash:2
बदमाशों	badmashon:3	badmaashon:1
बदलकर	badalkar:3
बदलता	badalataa:1	badalta:1	badaltaa:1	badlata:1
बदलती	badalati:2	badalti:2
बदलते	badalte:2	badalate:1	badlate:1
बदलना	badalana:2	badalna:1	badlanaa:1
बदलने	badalne:2	badalane:1
बदला	badla:2	badala:1	badalaa:1
बदलापुर	badlapur:3
बदलाव	badlav:3	badlaav:2
बदलावों	badlavon:2	badlaavon:1	badlavo:1
बदली	badali:3	badli:1
बदले	badle:2	badale:1
बदलो	badlo:2	badalo:1
बदसूरत	badsurat:3
बदहवास	badhavas:2	badahvas:1
बदहाली	badhali:3
बदाम	badam:3
बदामी	badami:3
बदायूं	badayun:2	badaun:1
बदी	badi:3
बदोलत	badolat:3
बदौलत	badaulat:3
बद्दूर	badudar:3
बद्ध	baddh:2	badha:1
बद्र	badra:3
बद्री	badri:3
बद्रीनाथ	badrinath:3
बध	badh:3
बधाई	badhaai:2	badhaee:1	badhai:1
बधाईयां	badhaaiya:1	badhaaiyaan:1	badhaeiyan:1	badhaiya:1
बधिया	badhiya:2	badhiyaa:1
बधिर	badhir:3
बधू	badhu:3
बन	ban:2	bun:2
बनकटा	bankata:2	banakata:1
बनकर	bankar:3
बनता	banta:2	bantaa:1
बनती	banti:3
बनते	bante:2	banate:1
बनना	banna:2	bananaa:1
बननी	banani:1	bannani:1	banni:1
बनने	banne:2	banane:1
बननेवाली	bananewaali:1	bannevali:1	bannewali:1
बनर्जी	banarji:2	banerjee:1	banerji:1
बनवा	banva:2	banvaa:1
बनवाई	banvaai:1	banvae:1	banvaee:1
बनवाए	banvaaye:1	banvae:1	banvaye:1
बनवाकर	banvakar:2	banvaakar:1
बनवाते	banvaate:2	banvate:1
बनवाने	banvane:2	banvaane:1
बनवाया	banvaya:2	banvaayaa:1
बनवाये	banvaye:2	banvaaye:1
बना	bana:1	banaa:1	bna:1
बनाइये	banaaiye:1	banaiye:1	bnaeye:1
बनाई	banai:7	banaayi:1	banaee:1
बनाईं	banaayin:1	banaee:1	banai:1
बनाए	banaye:9	banaaye:1	banae:1	bnaeye:1
बनाएं	banaayein:1	banaen:1	bnaein:1
बनाएगा	banaega:2	banaayegaa:1
बनाएगी	banaegi:2	banaayegi:1
बनाकर	banakar:5	banaakar:1	bnakar:1
बनाता	banaataa:1	banata:1	bnata:1
बनाती	banati:2	banaati:1	bnaati:1
बनातीं	banaatin:1	banatin:1	bnaatin:1
बनाते	banate:7	banaate:1	bnaate:1
बनाना	banana:3	banaanaa:1
बनानी	banaani:1	banani:1	bnani:1
बनाने	banane:3	bnane:2	banaane:1
बनानें	banaanein:1	bananen:1	bnanein:1
बनानेवाले	banaanewaale:1	bananevale:1	bnanevale:1
बनाबट	banaabat:1	banabat:1	bnabat:1
बनाम	banaam:1	banam:1	bnaam:1
बनाया	banaya:2	banaayaa:1
बनायी	banaayi:1	banayi:1	bnayi:1
बनायीं	banaayin:1	banayin:1	bnayin:1
बनाये	banaye:8	banaaye:1	bnaye:1
बनायेंगे	banaayenge:1	banayenge:1	bnayenge:1
बनारस	banaras:2	benaras:1	bnaras:1
बनारसी	banarasi:3	banarashi:1	bnarasi:1
बनावट	banavat:2	banaavat:1	bnavat:1
बनास	banaas:1	banas:1	bnas:1
बनासकांठा	banaaskantha:1	banaskantha:1	bnaaskaantha:1
बनिए	baniae:1	banie:1	baniye:1
बनिया	baniya:3
बनियान	baniyan:3
बनिस्बत	banisbat:3
बनी	bani:3
बनू	banu:3
बने	bane:2	baney:1
बनेंगे	banenge:2	banengey:1
बनेगा	banega:3
बनो	bano:3
बन्ना	banna:3
बपतिस्मा	baptisma:3
बप्पा	bappa:3
बफर	buffer:3
बफेट	buffet:3
बबली	babli:2	babbli:1
बबलू	babblu:1	babloo:1	bablu:1
बबिता	babita:3
बबीता	babita:2	babeeta:1
बबीना	babina:2	babeena:1
बबुआ	babua:2	babuaa:1
बबून	baboon:2	babun:1
बबूल	babool:3
बबेरू	baberoo:1	baberu:1	beberu:1
बब्बर	babbar:3
बम	bam:3	bum:3	bomb:1
बमबारी	bambari:3
बमवर्षक	bamvarshak:3
बमों	bamon:3
बया	baya:1	bya:1	byaa:1
बयान	byan:2	bayan:1
बयानों	bayanon:1	byaanon:1	byanon:1
बयार	byar:2	bayar:1
बरकतउल्लाह	barkatullah:3
बरकरार	barkarar:2	barkrar:1
बरक्स	baraks:1	barkas:1	barksa:1
बरखेड़ा	barkheda:3
बरगंडी	bargandi:2	burgandee:1
बरगद	bargad:3
बरघाट	barghat:3
बरतन	bartan:3
बरतनों	bartanon:2	bartano:1
बरताव	bartav:2	bartaav:1
बरती	barti:3
बरदाश्त	bardasht:2	bardaasht:1
बरपाया	barpaya:2	barpaayaa:1
बरबाद	barbad:2	barbaad:1
बरमूडा	barmuda:2	bermuda:1
बरवाड़ा	barwada:3
बरस	baras:2	bars:1
बरसता	barsata:3	barsataa:1
बरसा	barsa:3
बरसाकर	barsakar:3	barsaakar:1
बरसात	barsaat:2	barsat:1
बरसाता	barsata:2	barsaata:1	barsaataa:1
बरसाती	barsaati:2	barsati:1
बरसाते	barsate:3	barsatein:1
बरसाना	barsana:3
बरसाया	barsaya:2	barsaaya:1	barsaayaa:1
बरसों	barson:3
बरहद	barhad:3
बरा	bara:1	baraa:1	bra:1
बरांडे	barande:2	brande:1
बराक	barak:3	barack:1
बराकर	barakar:3
बरात	baraat:1	barat:1	braat:1
बराबर	barabar:3	baraabar:1
बराबरी	barabari:2	brabri:1
बरामद	baraamad:2	baramad:2	bramad:1
बरामदगी	baraamadi:1	baramadi:1	baramdagi:1	bramdgi:1
बरामदे	baramade:2	baramde:1
बरामदों	baramadon:2	baramdon:1
बरार	barar:3
बरारी	barari:3
बरी	bari:3
बरे	bare:3
बरेठा	baretha:2	bretha:1
बरेली	bareli:2	bareilly:2
बर्क	bark:3
बर्कली	barkali:2	barklee:1
बर्कले	barkale:1	barkle:1	berkley:1
बर्कशायर	berkshire:2	barkshayar:1
बर्खास्त	barkhast:3
बर्खास्तगी	barkhastgi:2	barkhastagi:1
बर्गर	burger:3
बर्ट	burt:2	bart:1
बर्टन	burton:2	bartan:1
बर्ड	bird:6
बर्ड्स	birds:3
बर्तन	bartan:6
बर्तनों	bartanon:3
बर्ताव	bartaav:2	bartav:2
बर्त्तन	bartan:3
बर्थ	birth:6
बर्थडे	birthday:6
बर्दवान	bardvan:1	bardwan:1	burdwan:1
बर्दाश्त	bardasht:3	bardaasht:1
बर्न	burn:3
बर्नार्ड	bernard:2	banrard:1
बर्निंग	burning:3
बर्फ	barf:4	burf:1
बर्फबारी	barfbaari:1	barfbari:1	burfbari:1
बर्फानी	barfani:2	barfaani:1	burfani:1
बर्फी	barfi:2	burfi:1
बर्फीला	barfila:1	barfilaa:1	burfila:1
बर्फीले	barfile:1	barfiley:1	burfille:1
बर्बर	barbar:2	burber:1
बर्बरता	barbartaa:1	barbrata:1	burbarta:1
बर्बरतापूर्वक	barbartapoorvak:1	barbartapurvak:1	barbratapurvak:1	burbartapurvak:1
बर्बरीक	barbaric:2	burbareek:1
बर्बाद	barbaad:3	barbad:1
बर्बादी	barbadi:2	barbaadi:1
बर्मन	burman:3
बर्मा	burma:2	burmi:1
बर्मिंघम	birmingham:2	bumridham:1
बर्मी	burmi:3	burmee:1
बर्रे	burre:2	barre:1
बर्लिन	barlin:2	berlin:2	burlin:1
बर्लिनर	berliner:2	burliner:1
बर्वे	barve:2	burve:1
बल	bal:3	bam:1	bum:1
बलजीत	baljeet:3	baljit:1
बलदेव	baldev:2	badev:1
बलभद्र	balbhadra:3
बलराज	balraj:3
बलराम	balram:3
बलरामपुर	balrampur:3
बलवंत	balwant:2	balvant:1
बलवान	balwan:2	balvan:1
बलवीर	balveer:2	balvir:2
बलहीन	balhin:3	balheen:1
बलात	balat:3	balaat:1
बलात्कार	balatkar:3	balaatkaar:1
बलात्कारों	balatkaron:3
बलान	balan:3
बलि	bali:6
बलिदान	balidan:3
बलिदानों	balidanon:2	balidaano:1	balidano:1
बलिया	baliya:4	ballia:1	bliya:1
बलिष्ठ	balishth:2	balishtha:1
बली	bali:3
बलुआ	balua:2	baluaa:1
बलुई	balui:2	bulai:1
बलूचिस्तान	baluchistan:6	balochistan:2
बलों	balon:2	blon:1
बलोच	baloch:2	bloch:1
बलोचिस्तान	balochistan:3
बलोची	balochi:3
बलौदा	balauda:3
बल्कि	balki:3
बल्की	balki:2	bulki:1
बल्ब	bulb:2	balb:1
बल्बों	balbon:2	bulbon:1
बल्लभ	ballabh:3
बल्लभभाई	vallabhbhai:2	ballabhabhai:1
बल्लम	ballam:3
बल्ला	balla:3
बल्लाल	ballal:3
बल्ली	balli:3
बल्ले	balle:3
बल्लेबाज	ballebaaz:2	ballebaj:2
बल्लेबाज़	ballebaj:2	ballebaaz:1
बल्लेबाज़ों	ballebajon:2	ballebaazon:1
बल्लेबाजी	ballebaji:2	ballebaazi:1
बल्लेबाजों	ballebaazon:2	ballebajon:2
बल्हारा	balhara:3
बवंडर	bavandar:1	bavander:1	bawandar:1
बवाल	baval:2	bawal:1
बशर	bashar:3
बशर्ते	bashrte:2	basharte:1
बशारत	basharat:3
बशीर	bashir:3
बस	bus:6	bas:2
बसंत	basant:3
बसंतपुर	basantpur:3
बसंती	basanti:3
बसई	basai:3
बसखारी	baskhari:3
बसता	basata:3
बसते	basate:2	baste:1
बसना	basna:2	basana:1
बसने	basane:2	basne:1
बसपा	baspa:3
बसरा	basra:2	basara:1
बसव	basav:1	basava:1	basv:1
बसा	basa:2	basaa:1
बसाना	basana:3	basaanaa:1
बसाने	basane:3	basaane:1
बसाया	basaya:3	basaayaa:1
बसाव	basav:2	basaav:1
बसावा	basava:3
बसाहट	basahat:3
बसी	basi:3
बसु	basu:3
बसे	base:2	buse:1
बसें	basein:2	busen:1
बसेड़ा	baseda:3
बसेरा	basera:3
बसों	baso:2	bason:2	buson:1
बस्तर	bastar:2	baster:1
बस्ता	basta:3
बस्तियां	bastiyan:2	bastiya:1
बस्तियों	bastiyon:3
बस्ती	basti:3
बस्ते	baste:3
बस्नेत	basnet:2	basanet:1
बस्सी	bassi:2	basatti:1
बहक	bahak:3
बहकर	bahakar:2	bahkar:1
बहकाने	bahakane:1	bahkane:1	nahkane:1
बहजोई	bahajoi:1	bahjoe:1	bahjoee:1
बहता	bahta:2	bahata:1
बहती	bahti:2	bahati:1
बहते	bahte:2	bahate:1
बहन	bahan:4	behan:2	behen:1
बहना	bahana:2	bahna:1
बहनें	bahnein:2	bahanen:1
बहनों	bahnon:2	bahanon:1
बहनोई	bahanoi:1	bahnoi:1	behnoe:1
बहमनी	bahmani:3
बहरहाल	baharhaal:2	baharhal:3
बहराइच	bahraich:2	bahraech:1
बहराम	bahram:3
बहरामपुर	baharampur:2	bahrampur:1
बहरीन	bahrin:2	bahreen:1
बहरूपिया	bahrupiya:2	bahroopiya:1
बहरे	bahare:2	bahrey:1
बहरोड़	bahrod:2	bahroad:1
बहस	bahas:3
बहसों	bahason:2	bahson:1
बहा	baha:3
बहाई	bahai:2	bahaee:1
बहाते	bahate:3
बहादुर	bahadur:3
बहादुरपुर	bahadurpur:3
बहादुरी	bahaduri:3
बहाना	bahana:3
बहाने	bahane:3
बहामास	bahamas:2	bahamaas:1
बहाल	bahal:2	bahaal:1
बहाली	bahali:2	bahaali:1
बहाव	bahav:4	bahaav:1	bhav:1
बहावलपुर	bahavalpur:2	bahawalpur:1
बहिराणा	bahirana:3
बहिष्कार	bahishkar:3
बहिष्कृत	bahishakrut:1	bahishkrat:1	bahishkrut:1
बही	bahi:3
बहु	bahu:3
बहुआयामी	bahuaayami:6
बहुउद्देशीय	bahuuddeshiy:1	bahuudeshiy:1	bahuuudesheeye:1
बहुउपयोगी	bahuupyogi:2	bahuupayogi:1
बहुएं	bahuay:1	bahuein:1	bahuyan:1
बहुकोशीय	bahukoshiy:2	bahukoshiya:1
बहुगुणा	bahuguna:3
बहुगुणित	bahugunit:3
बहुचरा	bahuchara:3
बहुचर्चित	bahucharchit:3
बहुजन	bahujan:3
बहुजातीय	bahujatiy:4	bahujaatiya:1	bahujateeye:1	bahujatiya:1
बहुत	bahut:3
बहुतसे	bahutse:3
बहुतायत	bahutayat:3	bahutaayat:1
बहुतेरे	bahutere:3
बहुतों	bahuton:3
बहुपक्षीय	bahupakshiy:1	bahupakshiya:1	bahupashiy:1
बहुप्रचलित	bahuprachalit:3
बहुभाषी	bahubhashi:6
बहुमत	bahumat:3
बहुमुखी	bahumukhi:3
बहुमूल्य	bhumulya:2	bahumulya:2	bahumuly:1
बहुरंगी	bahurangi:3
बहुराष्ट्रीय	bahurashtriy:2	bahurashriy:1
बहुलता	bahulata:3
बहुलतावादी	bahulataavadi:1	bahulatavadi:1	bahulatawadi:1
बहुलांश	bahulansh:3
बहुल्य	bahulya:2	bahuly:1
बहुवचन	bahuvachan:3
बहुवर्षीय	bahuvarshiy:3
बहुविकल्प	bahuvikalp:1	bahuvikalpa:1	bahuviklp:1
बहुसंख्यक	bahusankhyak:3
बहुसंख्या	bahusankhya:3
बहेगी	bahegi:3
बांग्ला	bangla:3
बांग्लादेश	bangladesh:3
बांग्लादेशियों	bangladeshiyon:3
बांग्लादेशी	bangladeshi:3
बांझपन	banzpan:2	banjhapan:1
बांट	bant:3
बांटता	bantata:2	bantataa:1
बांटती	bantati:3	baantati:1
बांटते	bantate:3
बांटने	bantane:2	baantane:1	batane:1
बांटा	banta:3
बांठिया	banthiya:2	banthia:1
बांड	band:3
बांडों	bandon:3
बांदा	banda:3
बांदीपुरा	bandipura:3
बांद्रा	bandra:3
बांध	bandh:2	bhandh:1
बांधकर	bandhakar:2	bandhkar:1
बांधते	bandhate:2	bandhte:1
बांधनी	bandhani:2	bandhni:1
बांधने	bandhane:2	bandhne:1
बांधा	bandha:3
बांधे	bandhe:3
बांधों	bandhon:3
बांबी	banbi:2	bombi:1
बांबे	banbe:2	bombay:1
बांस	bans:2	baans:1
बांसवाड़ा	banswada:2	bansvada:1
बांसुरी	bansuri:3
बांह	banh:2	baanh:1
बाइंग	buying:2	bying:1
बाइंडर	binder:3
बाइक	bike:3
बाइकर	biker:2	bikar:1
बाइट	bite:2	byte:1
बाइनरी	binary:3
बाइबल	bible:3
बाइसन	baisan:1	baison:1	bison:1
बाईक	bike:2	baik:1
बाईपास	bypass:2	bipass:1
बाईसा	baisa:2	bisa:1
बाउंसर	bouncer:3
बाउंसरों	bounceron:3
बाउल	bowl:3
बाउलिंग	bowling:3
बाएं	baen:2	bayen:1
बाओ	bao:3
बाकि	baki:3
बाकियों	bakiyon:3	baakiyon:1
बाकी	baki:3	baaki:1
बाकू	baku:2	bakuu:1
बाख	bakh:3	baakh:1
बाग	baag:4	bag:2	bagh:1
बागड़ी	bagdi:3	bagri:1
बागडोर	bagdor:2	bagador:1
बागपत	bagapat:1	baghpat:1	bagpat:1
बागबानी	bagbani:2	bagabani:1
बागमती	bagmati:2	bagamati:1
बागरा	bagra:2	bagara:1	bagaraa:1
बागली	bagli:2	bagali:1
बागवान	bagvan:2	bagavan:1	bagawan:1	bagwan:1
बागवानी	bagvani:2	bagavani:1	bagawani:1	bagwani:1
बागा	baga:2	baaga:1
बागान	bagan:3
बागानों	bagaanon:1	bagano:1	baganon:1
बागियों	bagiyon:3	baagiyon:1
बागी	baaghi:2	bagi:1
बागीचे	bagiche:3	baageche:1
बागेश्वर	bageshwar:3
बागो	bago:2	baago:1
बागों	bagon:3	baagon:1
बाघ	bagh:2	baagh:1
बाघमारा	baghmara:2	baghamara:1
बाघिन	baghin:2	badhin:1
बाघों	baghon:2	badhon:1
बाज	baaj:3	baj:1
बाजपई	bajpai:2	vajpayee:1
बाजपाई	bajpai:2	vajpayee:1
बाजपेयी	bajpai:1	bajpeyi:1	vajpayee:1
बाजरा	bajara:2	bajra:1
बाज़ी	bazi:2	baji:1
बाजा	baja:3
बाजार	bajar:6	bajaar:1	bazar:1
बाजारीकरण	bajarikaran:2	bazarikaran:1
बाजारू	bajaru:2	bazaru:1
बाजारों	bajaron:2	bazaron:1
बाजी	baji:2	bazi:1
बाजीगरी	bajigari:2	bazigiri:1
बाजीराव	bajirao:3
बाजुओं	bajuon:3
बाजू	baju:2	bajoo:1
बाजोरिया	bajoriya:2	bajoria:1
बाट	bat:2	baat:1
बाटकर	batkar:3
बाटने	batane:2	batne:1
बाटला	batla:2	batala:1
बाटा	bata:8
बाटी	bati:3	baati:2
बाटे	bate:3	baate:1
बाड़	baad:3
बाड़मेर	barmer:3
बाड़े	baade:2	bade:1	bare:1
बाढ़	baadh:2	badh:3
बाण	baan:3	ban:1
बाणभट्ट	baanbhatt:1	banbhatt:1	bannbhatt:1
बाणों	banon:3
बात	baat:8
बातचीत	batchit:2	baatcheet:1	baatchit:1
बाती	bati:3	baati:2
बातें	baaten:3	baten:3	baatein:1
बातों	baaton:3	baton:3
बाथ	bath:3
बाद	baad:2	bad:2
बादल	badal:3	baadal:1
बादलों	badalon:2	badlo:1	badlon:1
बादशाह	badshah:5	baadshah:1
बादशाहों	badshahon:2	baadshahon:1
बादाम	badam:3
बादामी	badami:3
बाध	badh:3
बाधक	badhak:2	baadhak:1
बाधा	badha:3
बाधाएं	badhaen:1	badhaye:1	badhayen:1
बाधाओं	badhaon:2	baadhaaon:1	baadhaon:1	badhaaon:1
बाधारहित	badharahit:2	baadhaarahit:1	baadharahit:1	badhaarahit:1
बाधित	badhit:3	baadhit:1
बाध्य	badhay:1	badhy:1	badhya:1
बाध्यकारी	badhyakari:2	baadhykaari:1	baadhykari:1	badhykari:1
बाध्यता	badhyata:3	baadhyata:1	baadhyataa:1
बान	baan:3
बाना	bana:3	baana:1	baanaa:1	banaa:1
बानी	bani:3	baani:2
बाने	bane:3	baane:1
बानो	bano:4	baano:1
बाप	baap:5	bap:1
बापट	bapat:3	baapat:1
बापतला	bapatla:2	baptla:1
बापा	bapa:3	baapa:1	baapaa:1	bapaa:1
बापू	bapu:3
बाबत	baabat:1	babat:1	babt:1
बाबर	babar:4	baabar:1	babur:1
बाबरनामा	baabarnaamaa:1	babarnama:1	baburnama:1
बाबरी	babri:2	babari:1
बाबा	baba:4
बाबुल	baabul:2	babul:1
बाबू	babu:3	baabu:1
बाबूलाल	babulal:2	babalaal:1
बाम	balm:4	baam:2	bam:2
बामनवास	bamanwas:3
बामसेफ	baamsafe:1	bamcef:1	bamsef:1
बाय	bye:3	bi:1	by:1
बायना	bayna:3
बायपास	bypass:6
बायर	buyer:3	bire:1
बायर्न	bayern:2	byrun:1
बायसन	bison:3
बायां	bayan:2	bayaan:1
बायोकॉन	biocon:3
बायोगैस	biogas:3
बायोटिन	bioteen:1	biotene:1	biotin:1
बायोटेक	biotech:3
बायोडीजल	biodiesel:3
बायोनिक	bionic:3
बायोनिक्स	bionics:3
बायोप्सी	biopsy:2	biopsi:1
बायोमार्कर	biomarker:3
बायोमास	biomass:2	biomas:1
बायोमेडिसिन	biomedicin:2	biomedicine:1
बायोलॉजी	biology:3
बायोसाइंस	bioscience:3
बार	baar:49	bar:4
बारंबार	barambar:1	barmbar:1	barnbar:1
बारगाह	bargah:3	baaragaah:1	baragah:1
बारनवापारा	barnawapara:2	baranwapara:1
बारबरा	barbara:2	barbra:1
बारबाडोस	barbados:3
बारबार	barbar:3	baarbaar:1
बारला	barla:2	baarla:1
बारवा	barva:2	barwa:1
बारसू	barsu:3
बारह	barah:4
बारहट	barhat:2	barahut:1
बारहमासी	barahmasi:2	baarahamaasee:1	barahamasi:1
बारहवीं	baarahavee:1	barahavai:1	barahvin:1	barhavin:1
बारहवें	barahaven:1	barahven:1	barhaven:1
बारहसिंगा	barahsinga:2	barasingha:1
बारहों	barahon:2	barhon:1
बारात	barat:2	baarat:1
बाराबंकी	barabanki:3
बारिया	bariya:3
बारिश	barish:3	baarish:1
बारी	bari:3
बारीक	barik:3
बारीकियों	barikiyon:2	bareekiyon:1
बारीकी	bariki:3
बारूद	barud:2	barood:1
बारे	bare:5	baare:1
बार्गेनिंग	bargaining:3
बार्ज	barj:2	barje:1
बार्टन	bartan:1	barten:1	barton:1
बार्सिलोना	barcelona:2	barsilona:1
बाल	baal:6	bal:2
बालक	balak:6
बालकडू	balkadu:2	balakadu:1
बालकनी	balkani:2	balcony:1
बालकृष्ण	balkrishan:1	balkrishna:1	balkrushn:1
बालकों	balakon:2	balkon:1
बालचंद्र	balchandra:2	balachander:1
बालपन	balpan:3
बालपुर	balpur:3
बालम	balam:3
बालविकास	balvikas:5
बालवीर	baalveer:3	baalvir:1	balveer:1	balvir:1
बाला	bala:3
बालाएं	balaein:1	balaen:1	balayan:1
बालाओं	balaon:3
बालाघाट	balaghat:3
बालाचंदर	balachandar:2	baalaachandar:1
बालाजी	balaji:3
बालासाहब	balasahab:2	balasaheb:1
बालासोर	balasor:3
बालिका	balika:6
बालिकाओं	balikaon:3
बालियान	baliyan:3
बाली	bali:5	baali:1
बालू	baalu:2	balu:2	baaloo:1	baloo:1
बालों	balon:3	baalon:1
बालोद	balod:2	baalod:1
बालोद्यान	balodhyan:1	balodyan:1	baloghaan:1
बाल्कन	balkan:2	baalkan:1
बाल्कनी	balcony:2	balkani:1
बाल्टिक	baltic:2	baltik:1
बाल्टी	baalti:1	balti:1	balty:1
बाल्टीमोर	baltimore:2	baltimor:1
बाल्डविन	baldvin:2	baldwin:1
बाल्य	balya:2	baly:1
बाल्यकाल	baalyakaal:1	balyakal:1	balykal:1
बाल्यावस्था	balyavastha:2	balyaavastha:1
बाल्व	balv:1	balva:1	balve:1
बावजी	bavji:2	bavaji:1
बावजूद	bavajud:4	baavajood:1	baavjud:1	bavjud:1
बावड़ियों	baavdiyon:1	bavadiyon:1	bavdiyon:1
बावड़ी	baavdi:1	bavadi:1	bavdi:1
बावरा	baawaraa:1	bavra:1	bawara:1
बावरिया	baawariyaa:1	bavariya:1	bawriya:1
बावर्चियों	baawarchiyon:1	bavarchiyon:1	bawarchiyon:1
बावला	baawalaa:1	bavala:1	bavla:1
बास	baas:1	bas:1	bass:1
बासमती	basmati:2	baramati:1
बासव	basav:2	baasav:1
बासा	basa:2	basaa:1
बासु	basu:2	baasu:1
बासुदेब	basudeb:3
बासुदेव	basudev:3
बासौदा	basauda:2	baasoudaa:1
बास्केट	basket:3
बास्केटबॉल	basketball:3
बाह	baah:1	baaha:1	bah:1
बाहर	bahar:21	baahar:1	bahr:1
बाहरी	bahari:7	baahari:1	bahri:1
बाहु	bahu:2	baahu:1
बाहुबली	bahubali:3
बाहुल्य	baahulya:1	bahuly:1	bahulya:1
बाहों	bahon:2	baahon:1
बाह्य	bahya:3	baahya:1	bahay:1
बाॅक्स	box:3
बाॅलीवुड	bollywood:3
बाॅस	boss:3
बि	b:2	bi:1
बिंगो	bingo:3
बिंदिया	bindiya:3
बिंदु	bindu:3
बिंदुओं	binduon:3
बिंब	bimb:2	binb:1
बिक	bik:3
बिकती	bikati:3
बिकनी	bikani:3
बिकने	bikane:3
बिका	bika:3
बिकी	biki:2	bikki:1
बिकेगा	bikega:3	bikegaa:1
बिक्री	bikri:2	bikari:1
बिखर	bikhar:3
बिखरती	bikharati:1	bikharti:1	bikhrati:1
बिखरने	bikharane:1	bikharne:1	bikhrane:1
बिखरी	bikhri:2	bikhari:1
बिखरे	bikhre:2	bikhare:1
बिखेरती	bikherati:2	bikherti:1
बिखेरते	bikherate:3
बिखेरे	bikhere:3
बिग	big:4
बिगड़	bigad:3
बिगड़ती	bigadati:2	bigadti:1
बिगड़ने	bigadane:3
बिगड़ी	bigadi:3
बिगाड़	bigaad:2	bigad:2
बिगाड़ते	bigadate:2	bigaadate:1	bigaadte:1	bigadte:1
बिगेस्ट	biggest:3
बिचपुरी	bichpuri:3
बिचौलियों	bichauliyon:3	bicholiyon:1
बिच्छुओं	bichhuon:2	bicchhuon:1
बिच्छू	bicchu:1	bichhoo:1	bichhu:1
बिछ	bichh:3
बिछा	bichha:3
बिछाई	bichhai:3	bichhayi:1
बिछाना	bichhana:2	bichhaanaa:1
बिछाने	bichhane:2	bichhaane:1
बिछी	bichhi:3
बिछुआ	bichhuaa:2	bichhua:1
बिछे	bichhe:3
बिजनेस	business:4
बिजनौर	bijnor:2	bijnaur:1
बिजबेहरा	bijbehara:4
बिजली	bijli:5	bijali:2
बिजावर	bijavar:2	bijawar:1
बिजी	biji:1	busy:1	buzy:1
बिजॉय	bijoy:3
बिजौलिया	bijauliya:3
बिट	bit:2	beat:1	beet:1
बिटकॉइन	bitcoin:3
बिटर	bitter:2	bittar:1
बिटवीन	between:3
बिटिया	bitiya:2	betiya:1
बिट्टा	bitta:3
बिट्स	bits:2	beats:1
बिड़ला	bidala:2	bidla:1
बिडेन	biden:3
बिता	bita:3	bitaa:1
बिताए	bitaaye:1	bitae:1	bitaea:1
बिताती	bitati:3	bitaati:1
बिताते	bitate:3	bitaate:1
बिताना	bitana:3	bitaanaa:1
बितानी	bitani:3	bitaani:1
बिताने	bitane:3	bitaane:1
बिताया	bitaya:3	bitaayaa:1
बिदाई	bidai:3
बिदार	bidar:3
बिन	bin:3
बिना	bina:2	binaa:1
बिपाशा	bipasha:3
बिपिन	bipin:3
बिमलेश	bimlesh:3
बिमारियों	bimariyon:2	bimaariyon:1
बियर	beer:2	bear:1
बियर्स	beers:2	bears:1
बियोंसे	beyonce:2	biyonse:1
बिरंगे	birange:3
बिरजिया	birjiya:3
बिरजू	birju:2	biraju:1
बिरला	birla:3
बिरसा	birsa:3
बिरसिंहपुर	birsinghpur:3
बिरहा	birha:3
बिरादरी	biradari:3
बिल	bill:3	bil:1
बिलबोर्ड	billboard:3
बिलाई	bilai:2	bilae:1
बिलारी	bilari:3
बिलाल	bilal:3
बिलासपुर	bilaspur:4
बिलिंग्स	billings:3
बिलियर्ड्स	billiards:3
बिली	bili:2	billy:1
बिलीवर्स	believers:2	belivers:1
बिलॉन्ग	belong:3
बिल्कुल	bilkul:4
बिल्ड	build:3
बिल्डर	builder:3
बिल्डर्स	builders:3
बिल्डिंग	building:3
बिल्डिंग्स	buildings:3
बिल्ला	billa:2	billaa:1
बिल्लियों	billiyon:3
बिल्हौर	bilhaur:3
बिशन	bishan:3
बिशप	bishop:2	bishap:1
बिशु	bishu:3
बिश्नोई	bishnoi:3
बिष्ट	bisht:3
बिसार	bisar:2	bisaar:1
बिसौली	bisauli:3
बिस्ट	bist:3
बिस्तर	bistar:2	bister:1
बिस्मिल्लाह	bismillah:3
बिस्वा	biswa:2	bisva:1
बिस्वास	biswas:2	bisvas:1
बिहार	bihar:3
बिहारी	bihari:3
बीआईएस	bis:3
बीआर	br:3
बीआरटी	brt:3
बीइंग	being:3
बीए	ba:3
बीएआरसी	barc:3
बीएचपी	bhp:3
बीएजी	bag:3
बीएन	bn:3
बीएफ	bf:3
बीएम	bm:3
बीएमएस	bms:3
बीएस	bs:3
बीएसएनएल	bsnl:3
बीएसएल	bsl:3
बीएससी	bsc:3
बीओपी	bop:3
बीकन	beacon:1	beeken:1	bikan:1
बीका	bika:3
बीकानेर	bikaner:4
बीकानेरी	bikaneri:3
बीके	bk:3
बीघा	bigha:2	beegha:1
बीघे	bighe:2	beeghey:1
बीच	bich:2	beech:1
बीचों	bichon:2	beechon:1
बीचोंबीच	beechonbeech:1	bichonbhich:1	bichonbich:1
बीज	beej:3	bij:2
बीजक	bijak:2	beejak:1
बीजगणित	bijganit:2	beejganit:1
बीजापुर	bijapur:3
बीजिंग	beiging:1	beijing:1	bijing:1
बीजी	bg:2	biji:1
बीजू	biju:2	beeju:1	bijoo:1
बीजेपी	bjp:3
बीजों	beejon:2	bijon:1
बीट	beat:2	beet:1
बीटन	beaten:2	beaton:1
बीटल	beetel:1	beetle:1	betal:1
बीटल्स	beatles:1	beetles:1	builts:1
बीटीएस	bts:3
बीड़	beed:2	bir:1
बीड़ा	bida:2	beeda:1
बीडीएस	bds:3
बीडीएसएम	bdsm:3
बीतता	bitata:2	beetata:1
बीतने	beetaney:1	bitane:1	bitne:1
बीता	bita:2	beeta:1
बीते	bite:2	beetey:1
बीतेगा	bitega:2	beetega:1
बीदासर	bidasar:3
बीन	been:2	bin:1
बीनना	beenanaa:1	binana:1	binna:1
बीना	bina:2	beena:1
बीपीए	bpa:3
बीपीएम	bpm:3
बीपीएल	bpl:3
बीफ	beef:3
बीम	bim:2	beem:1
बीमा	bima:2	beema:1
बीमार	bimar:3
बीमारियां	bimariyan:3
बीमारियों	bimariyon:3
बीमारी	bimari:3
बीमारू	bimaru:3
बीमारों	bimaron:3
बीमित	bimit:3
बीमे	bime:2	beemey:1
बीमों	bimon:2	beemon:1
बीयर	bear:2	beer:1
बीरगंज	birganj:2	beerganj:1
बीरबल	birbal:2	beerbal:1
बीरा	bira:2	beera:1
बील	bill:2	beel:1
बीवी	biwi:2	bivi:1
बीस	bis:2	bees:1
बीसवां	beesavaan:1	bisavan:1	bisawan:1
बीसवीं	beesaveen:1	bisavin:1	bisawin:1
बीसवें	beesavain:1	bisaven:1	bisawen:1
बीसीएम	bcm:3
बीसीसीआई	bcci:3
बीस्ट	beast:3
बीहड़ों	beehadon:1	bihadon:1	bihdon:1
बु	bu:3
बुंडू	bundu:3
बुंदेला	bundela:3
बुंदेली	bundeli:3
बुआ	bua:2	buaa:1
बुक	book:3
बुकर	bukar:2	booker:1
बुकलेट	booklet:2	booklate:1
बुकानन	bukanan:3
बुकिंग	booking:3
बुकी	buki:3	bukee:1
बुक्स	books:3
बुखार	bukhar:3
बुखारी	bukhari:3
बुग्यालों	bugyalon:3
बुजुर्ग	bujurg:3	buzurg:1
बुजुर्गों	bujurgon:2	buzurgon:1
बुझती	bujhati:2	buzati:1
बुझने	bujhane:1	bujhaney:1	buzane:1
बुझा	bujha:2	buza:1
बुझाते	bujhate:2	bhujate:1
बुझाने	bujhane:3
बुटाटी	butati:3
बुटीक	boutique:2	beautique:1
बुड	bud:2	bood:1
बुडविग	budwig:2	budvig:1
बुडापेस्ट	budapest:3
बुड्ढा	buddha:3
बुड्ढे	buddhe:2	budde:1
बुढ़वल	budhval:1	budhwal:1	budval:1
बुढ़ाना	budhana:3
बुढ़ापे	budhape:3
बुद्ध	buddha:5	buddh:5
बुद्धदेव	buddhdev:2	buddhadev:1
बुद्धा	buddha:3
बुद्धि	buddhi:8
बुद्धिजीवियों	buddhijiviyon:2	buddhijeeviyon:1
बुद्धिजीवी	buddhijivi:2	buddhijeevi:1
बुद्धिमता	buddhimata:5
बुद्धिमती	buddhimati:3
बुद्धिमत्ता	buddhimatta:4	buddhimta:1
बुद्धिमान	buddhiman:8	buddhimaan:1	budhiman:1
बुद्धिमानी	buddhimani:4	buddhimaani:1	budhimani:1
बुद्धी	buddhi:2	budhi:1
बुद्धों	buddhon:2	budhon:1
बुध	budh:3
बुधनी	budhani:2	budhni:1
बुधराम	budhram:3
बुधवार	budhwar:2	budhawar:1
बुनकर	bunkar:3
बुना	buna:3
बुनाई	bunai:3
बुनियाद	buniyad:3
बुनियादी	buniyadi:3
बुने	bune:3
बुमराह	bumrah:3
बुरक	burak:3
बुरहान	burhan:3
बुरहानपुर	burhanpur:3
बुरा	bura:3
बुरांश	buransh:3
बुराइयों	buraiyon:3	buraaiyon:1
बुराई	burai:3	buraai:1
बुरी	buri:3
बुरुली	buruli:3
बुरे	bure:3
बुर्ज	burj:3
बुर्जी	burji:3
बुल	bull:3
बुलंद	buland:3
बुलंदशहर	bulandsahar:1	bulandshahar:1	bulandshahr:1
बुलंदी	bulandi:3
बुलडोजर	bulldozer:3
बुलढाना	buldhana:3
बुलबुल	bulbul:3
बुलबुला	bulbula:3
बुलबुले	bulbule:3
बुलबुलों	bulbulon:3
बुलवा	bulva:2	bulwa:1
बुलवाया	bulvaya:2	bulvaayaa:1	bulwaya:1
बुला	bula:4
बुलाई	bulai:3	bulaai:1
बुलाए	bulae:2	bulaaye:1	bulaye:1
बुलाओ	bulao:3	bulaao:1
बुलाकर	bulakar:3
बुलाता	bulata:3	bulaataa:1
बुलाते	bulate:3	bulaate:1
बुलाने	bulane:3	bulaane:1
बुलाया	bulaya:3	bulaayaa:1
बुलायी	bulayi:3	bulaayi:1
बुलिमिया	bulimia:2	bulimiya:1
बुलियन	buliyan:1	buliyn:1	bullion:1
बुले	bule:3
बुलेट	bullet:3
बुलेटप्रूफ	bulletproof:6
बुलेटिन	bulletin:3
बुलेवर्ड	boulevard:1	buleword:1	bullevrd:1
बुल्के	bulke:3
बुल्गारिया	bulgaria:2	bulgariya:1
बुल्ला	bulla:3
बुल्स	bulls:2	buls:1
बुश	bush:3
बुशरा	bushra:3
बुसान	busan:3
बुहाना	buhana:3
बूंद	boond:2	bund:1
बूंदी	bundi:2	boondi:1
बूंदे	bunde:2	boonde:1
बूंदों	bundon:2	boondon:1
बूझ	boojh:2	bujh:1
बूझकर	boojhakar:1	boojhkar:1	bujhakar:1
बूट	boot:3	but:1
बूटा	boota:2	buta:2
बूटियां	butiyan:2	bootiyan:1
बूटियों	butiyon:2	bootiyon:1
बूटी	booti:2	buti:2
बूटे	boote:2	bute:2
बूढ़ा	budha:2	boodha:1
बूढ़े	boodhe:1	budhe:1	budhen:1
बूढों	budhon:2	boodhon:1
बूथ	booth:2	buth:2
बूम	boom:3
बृज	braj:1	brij:1	bruj:1
बृजकिशोर	brijkishor:2	brijkishore:1
बृजभूषण	brijbhushan:2	brijbhooshan:1
बृजराज	brijraj:2	brijraaj:1
बृजलाल	brijlal:3
बृजेश	brijesh:4
बृहत	brahat:1	brhat:1	brihat:1
बृहत्तर	brihattar:2	brhattar:1
बृहद	brahad:1	brhad:1	brihad:1
बृहस्पति	brihaspati:3
बृहस्पतिवार	brihaspativar:1	brihaspatiwaar:1	brihaspatiwar:1
बे	be:3
बेंगलुरु	bengaluru:7	bangluru:1
बेंच	bench:5
बेंजामिन	benjamin:2	benjamine:1
बेंद्रे	bendre:3
बेंवर	benwar:2	benvar:1
बेअसर	beasar:3
बेइंतहा	beintaha:2	beintehaa:1
बेइमानी	beimani:3	beimaani:1
बेऔलाद	beaulad:3
बेक	bake:2	bek:1
बेकन	bekan:3
बेकर	baker:2	bekar:1
बेकरार	bekarar:3	bekaraar:1
बेकरी	bakery:3
बेकसूर	bekasur:3
बेकाबू	bekabu:2	bekaaboo:1
बेकार	bekaar:2	bekar:2
बेकिंग	baking:3
बेखबर	bekhabar:3
बेग	beg:5	baig:1
बेगम	begum:3	begam:2
बेगमपुरा	begampura:2	begumpura:1
बेगमें	begamen:2	begamein:1	begumen:1
बेगमों	begamon:3	begumon:1
बेगूसराय	begusarai:3	begoosaraya:1
बेघर	beghar:3
बेच	bech:3
बेचकर	bechakar:2	bechkar:2
बेचता	bechta:2	bechata:1
बेचती	bechati:2	bechti:1
बेचते	bechate:2	bechte:1
बेचना	bechna:2	bechana:1
बेचनी	bechani:2	bechni:1
बेचने	bechne:3	bechane:2
बेचा	becha:3
बेचारी	bechari:3
बेचारे	bechare:3
बेची	bechi:3
बेचैन	bechain:3
बेचैनी	bechaini:3
बेजेल	bejail:3
बेजोड़	bejod:3
बेझिझक	bejhijhak:3
बेटा	beta:6
बेटियां	betiyan:3
बेटियों	betiyon:3
बेटी	beti:6
बेटे	bete:3
बेटों	beton:3
बेड	bed:6
बेड़ा	beda:3
बेड़ियां	bediyan:3
बेड़ों	bedon:3
बेडिंग	bedding:3
बेडेकर	bedekar:3
बेडौल	bedaul:3
बेत	bet:3
बेतरतीब	betartib:2	betrtib:1
बेतला	betla:3
बेतवा	betwa:3
बेतहाशा	bethasha:2	betahasha:1
बेताबी	betabi:2	betaabi:1
बेतार	betar:3
बेताल	betal:3
बेतूल	betul:2	betool:1
बेथनल	bethnal:2	bethanal:1
बेथानी	bethani:3
बेथेस्डा	bethesda:3
बेदखल	bedakhal:3
बेदी	bedi:3
बेध	bedh:3
बेधड़क	bedhadak:3	bedhadk:1
बेन	ben:3
बेनिन	benin:3
बेनिस	benis:3
बेनी	beni:3
बेनीपट्टी	benipatti:3
बेनीपुरी	benipuri:3
बेनेट	benet:3
बेनेडिक्ट	benedict:3
बेनो	beno:3
बेपनाह	bepanah:3
बेपर्दा	beparda:3
बेफिक्र	befikar:1	befikr:1	befikra:1
बेफिक्री	befikri:3
बेब	babe:3
बेबाकी	bebaki:3
बेबी	baby:7
बेबीलोन	babylon:2	bebylon:1
बेबुनियाद	bebuniyad:2	bebuniyaad:1
बेमानी	bemani:3	bemaani:1
बेमिसाल	bemisal:3	bemisaal:1
बेमेतरा	bemetara:2	bemetra:1
बेयर	baer:1	bayar:1	bear:1	beyar:1
बेयरिंग	bearing:3	beyaring:1
बेयोन	beyon:2	bayonne:1	beon:1
बेर	ber:3
बेरंग	berang:3	berng:1
बेरियम	barium:2	beriam:1	berium:1
बेरी	beri:2	berry:1
बेरीज	berij:3	berries:1
बेरुत	berut:2	beirut:1
बेरोजगार	berojgar:4	berojgaar:1
बेरोजगारी	berojgari:4	berojgaari:1
बेल	bail:4	bel:2	beal:1	bell:1
बेलगांव	belgaum:3
बेलग्रेड	belgrade:3
बेलचा	belacha:2	belcha:1
बेलन	belan:3
बेलनाकार	belanakar:3
बेलनी	belani:2	belni:1
बेलपत्र	belpatra:3	baelpatr:1	bealpatr:1	belpatr:1
बेलफास्ट	belfast:3
बेलबूटे	bailbute:1	bealbute:1	belbute:1
बेलबूटेदार	belbutedar:2	bealbutedar:1
बेला	bela:3
बेलापुर	belapur:3
बेलारूस	belarus:3
बेलिंडा	belinda:3
बेलिज	belize:2	belyj:1
बेलिस	belis:2	baileys:1	bellis:1
बेली	beli:3	belly:1
बेलें	belen:3
बेलों	belon:3	bellown:1
बेल्जियम	belgium:3
बेल्ट	belt:3
बेल्टों	belton:3
बेल्ट्स	belts:3
बेल्स	bells:3
बेवकूफ	bevkuf:2	bewakoof:1
बेवकूफाना	bevkufana:2	bewakoofaanaa:1	bewkufana:1
बेवॉच	baywatch:3
बेशक	beshak:3
बेशकीमती	beshkimti:2	beshkimati:1
बेशर्मी	besharmi:3
बेस	base:3
बेसन	besan:3
बेसबॉल	baseball:3
बेसरा	besara:2	besraa:1
बेसलाइन	baseline:2	bestline:1
बेसहारा	besahara:2	besahaaraa:1
बेसाल्ट	besalt:2	basalt:1
बेसिक	basic:2	besik:1
बेसिक्स	basics:3
बेसिन	besin:2	basin:2
बेसिनों	besinon:2	basinon:1
बेसिल	basil:2	besil:1
बेसिलिका	basilica:2	besilika:1
बेसिस	basis:2	besis:1
बेसुरे	besure:3
बेसों	beson:2	bason:1
बेस्ट	best:3
बेस्टमैन	bestman:3
बेस्ड	based:1	besd:1	bestd:1
बेस्वाद	beswad:3
बेहतर	behtar:2	behatar:1
बेहतरी	behtari:2	behatari:1
बेहतरीन	behtarin:2	behatarin:1
बेहद	behad:3
बेहाली	behaali:2	behali:1
बेहिचक	behichak:3
बेहोश	behosh:3
बेहोशी	behoshi:3
बै	bai:3
बैंक	bank:6
बैंकर	banker:3
बैंकर्स	bankers:3
बैंकिंग	banking:6
बैंकिग	banking:3
बैंकें	bankein:2	banken:1
बैंकॉक	bangkok:2	bankok:1
बैंकों	bankon:3
बैंगकॉक	bangkok:3
बैंगन	baingan:3
बैंगनी	baingani:2	baingni:1
बैंगलोर	bangalore:3
बैंगलौर	bangalore:3
बैंच	bench:3	banch:2
बैंड	band:6
बैंडिट	bandit:3
बैंडेज	bandage:2	bandej:1
बैंडों	bandon:2	baindon:1
बैंबू	baimbu:1	bamboo:1	banbu:1
बैंस	bains:1	bais:1	bans:1
बैक	back:3
बैकअप	backup:6
बैकबोन	backbone:2	backborn:1
बैकलेस	backless:6
बैकवाटर	backwater:3
बैकस्टेज	backstage:3
बैकुंठ	baikunth:3
बैक्टीरिया	bacteria:5	batteryiya:1
बैक्ड	backed:3
बैग	bag:4
बैच	batch:3
बैचलर	bachelor:5	becholer:1
बैचलर्स	bachelors:2	bechelors:1
बैचेन	baichen:1	bechain:1	bechen:1
बैजू	baiju:3
बैट	bait:1	bat:1	bet:1
बैटमैन	batman:6
बैटरियों	baiterriyon:1	batteriyan:1	batteriyon:1
बैटरी	battery:6
बैटल	battle:5	baital:1
बैठ	baith:3
बैठक	baithak:3
बैठकर	baithkar:3
बैठकों	baithakon:3
बैठता	baithata:1	baithataa:1	baithta:1
बैठती	baithati:3
बैठते	baithate:2	baithantey:1
बैठना	baithana:2	baithanaa:1
बैठने	baithane:3
बैठा	baitha:2	baithaa:1
बैठाकर	baithakar:2	baithaakar:1
बैठाने	baithane:2	baithaane:1
बैठाया	baithaya:2	baithaayaa:1
बैठी	baithi:3
बैठे	baithe:2	baithey:1
बैठें	baithe:1	baithein:1	baithen:1
बैठो	baitho:3
बैडमिंटन	badminton:5	bedminton:1
बैतूल	baitool:1	baitul:1	betul:1
बैन	ban:5	bain:1
बैनर	banner:6
बैनरमैन	bannerman:3
बैनर्जी	banerjee:2	bannerji:1
बैनी	baini:2	beni:1
बैनीवाल	beniwal:2	bainival:1
बैनेट	bainet:2	bennett:1
बैपटिस्ट	baptist:2	baiptist:1
बैप्टिस्ट	baistist:1	baptist:1	beptist:1
बैम	bam:2	baim:1
बैरकपुर	barrackpore:2	bairakpur:1
बैरन	bairan:1	bairn:1	barren:1
बैरल	barrel:4	bairal:2
बैरा	baira:2	bairaa:1
बैरियर	barrier:2	barriyar:1
बैरिस्टर	barrister:7
बैरी	bairi:1	bary:1	berry:1
बैल	bail:2	bell:1
बैलगाड़ी	bailgadi:2	bailgaadi:1
बैला	baila:2	bella:1
बैलाडीला	bailadila:3
बैलिस्टिक	ballistic:3
बैली	belly:2	bailey:1
बैलून	balloon:2	baloon:1
बैलेंस	balance:7
बैलों	bailon:3
बैल्स	bells:3
बैसाखी	baisakhi:4
बैहर	baihar:2	bahr:1
बॉक्स	box:6
बॉक्सर	boxer:3
बॉक्सरों	boxeron:3
बॉक्सर्स	boxers:3
बॉक्सिंग	boxing:3
बॉटनी	botany:3
बॉडी	body:6
बॉथम	batham:1	bathem:1	botham:1
बॉन	bone:2	bon:1
बॉन्ड	bond:3
बॉन्डों	bondon:3
बॉब	bob:2	boab:1
बॉबी	boby:3
बॉम्बर	bomber:3
बॉम्बे	bombay:3
बॉय	boy:8
बॉयकॉट	boycott:2	boycut:1
बॉयर	bouyer:1	boyar:1	buyer:1
बॉयल	boil:1	boyal:1	boyle:1
बॉयलर	boiler:2	boyler:1
बॉर्डर	border:7	borer:1
बॉर्डर्स	borders:3
बॉर्न	born:2	bourn:1
बॉल	ball:6
बॉलरूम	ballroom:3
बॉलीवुड	bollywood:6
बॉस	boss:6
बॉस्टन	bostan:1	bosten:1	boston:1
बो	bo:3	bow:3	boe:1
बोंगाईगांव	bongaigaon:2	bongaeegaon:1
बोंड	bond:3
बोआ	boaa:3
बोइंग	boing:2	boeing:1
बोई	boi:2	boe:1
बोईंग	boeing:2	boing:1
बोक	bok:3
बोका	boka:3
बोकारो	bokaro:3
बोको	boko:3
बोगनवेलिया	boganveliya:3
बोगियों	bogiyon:3
बोगी	bogi:3
बोझ	bojh:1	boz:1	bozz:1
बोटाद	botad:3
बोटेनिक	botanic:1	botenic:1	botenik:1
बोटेनिकल	botanical:2	botanicle:1
बोटोक्स	botalks:1	botocks:1	botox:1
बोडेन	boden:2	bodein:1
बोडो	bodo:3
बोतल	botal:3
बोतलबंद	botalband:2	botalchand:1
बोतलों	botalon:3
बोता	bota:3
बोत्सवाना	botswana:2	botsawana:1
बोथेल	bothel:2	botheil:1
बोदरा	bodra:2	bodara:1	bodraa:1
बोध	bodh:3
बोधक	bodhak:3
बोधगम्यता	bodhgamyata:2	bodhagamyata:1
बोधगया	bodhgaya:2	bodhgya:1
बोधा	bodha:3
बोधि	bodhi:3
बोधिधर्म	bodhidharm:2	bodhidharma:1
बोधिवृक्ष	bodhivarsha:1	bodhivraksh:1	bodhivruksh:1
बोधिसत्व	bodhisatva:2	bodhisatv:1
बोन	bone:6
बोनस	bonus:3
बोना	bona:3
बोनापार्ट	bonapart:2	bonaparte:1
बोनी	boney:1	boni:1	bony:1
बोने	bone:3
बोनोबो	bonobo:3
बोफोर्स	bofors:3
बोमन	boman:3
बोमैन	boman:2	bowman:1
बोम्मई	bommai:3
बोया	boya:3
बोर	bore:5	bor:2
बोरकर	borkar:3
बोरदोलोई	bordoloi:2	bordolai:1
बोरा	bora:4
बोरान	boran:3
बोरिंग	boring:3
बोरियत	boriyat:3
बोरिस	boris:3
बोरीवली	borivali:2	boriwali:1
बोरो	boro:3
बोरोन	boron:3
बोरोबुदुर	borobudur:3
बोर्ड	board:5	bord:1
बोर्डिंग	boarding:3	bording:1
बोर्डों	boardon:2	bordon:1
बोर्ड्स	boards:2	bords:1
बोर्दो	bordo:3
बोर्न	born:3
बोर्नियो	borneo:2	borniyo:1
बोर्नो	borno:3
बोल	bol:6
बोलकर	bolkar:2	bolakar:1
बोलचाल	bolchaal:2	bolchal:6
बोलता	bolta:2	bolata:3	bolataa:1
बोलती	bolati:3	bolti:1
बोलते	bolte:3	bolate:3
बोलना	bolna:4	bolana:2	bolanaa:1
बोलने	bolane:3
बोलपुर	bolpur:2	balpur:1
बोलबाला	bolbala:3	bolbaalaa:1
बोला	bola:6
बोलिंग	bowling:2	boiling:1
बोलिए	boliae:1	boliy:1	boliye:1
बोलिया	boliya:3	boliyaa:1
बोलियां	boliyan:3
बोलियों	boliyon:3
बोलिविया	bolivia:2	boliviya:1
बोली	boli:4
बोलीविया	bolivia:2	boliviya:1
बोलीवियाई	boliviyai:2	bolivia:1
बोले	bole:3
बोलें	bolen:3
बोलेरो	bolero:2	bowlero:1
बोलो	bolo:6
बोलों	bolon:3
बोल्ट	bolt:2	boult:1
बोल्ड	bold:2	bowled:1
बोवी	bovi:2	bowie:1
बोस	boss:2	bose:1
बोसान	bosan:2	bosaan:1
बोस्टन	boston:2	bostan:1
बोस्नियन	bosiyan:1	bosnian:1	bostriyan:1
बोस्निया	bosnia:1	bostriya:1	bostriyaa:1
बोहेमिया	bohemiya:2	bohemia:1
बौखला	baukhala:1	baukhla:1	boukhalaa:1
बौछार	bauchar:1	bauchhar:1	bouchhaar:1
बौछारों	baucharon:1	bauchharon:1	bouchharon:1
बौद्ध	bauddh:2	baudh:2	bauddha:1	bouddha:1
बौद्धकाल	bauddhkal:1	baudhkal:1	bouddhakaal:1
बौद्धधर्म	bauddhdharm:1	baudhdarm:1	bouddhadharma:1
बौद्धिक	bauddhik:2	baudhhik:1	baudhik:1	bouddhik:1
बौद्धिकता	baudhikta:2	bouddhiktaa:1
बौद्धों	baudhon:1	bouddho:1	bouddhon:1
बौधायन	baudhayan:1	boudhaayan:1	boudhayan:1
बौना	bauna:1	baunaa:1	bounaa:1
बौनी	bauni:2	bouni:2
बौने	baune:2	boune:2
बौर	baur:2	bour:1
ब्याज	byaaj:2	byaaz:1	byaj:1
ब्यावर	byavar:2	byaawa:1
ब्यास	byaas:2	vyas:1
ब्याह	byah:2	byaah:2
ब्याही	byaahi:2	byahi:1
ब्यूटी	beauty:3
ब्यूटीफुल	beautiful:3
ब्यूरो	bureau:2	buero:1
ब्योमकेश	byomkesh:3
ब्यौरा	baura:1	bureau:1	byaura:1
ब्रंट	brunt:2	brant:1
ब्रज	braj:3
ब्रजमोहन	brajmohan:3
ब्रजेश	brijesh:2	brajesh:1
ब्रजेश्वरी	brajeshwari:2	brijeshwari:1
ब्रदर	brother:3
ब्रदर्स	brothers:3
ब्रश	brush:3
ब्रसेल्स	brasales:1	brasels:1	brussels:1
ब्रह्म	brahma:4	braham:2	brahm:1
ब्रह्मचर्य	brahamcharya:1	brahmachary:1	brahmcharay:1
ब्रह्मचारी	brahamchari:1	brahmachari:1	brahmchari:1
ब्रह्मपुत्र	brahmaputra:2	brahmputar:1
ब्रह्मर्षि	brahmarishi:1	brahmarshi:1	brahmrishi:1
ब्रह्मलीन	brahmalin:1	brahmleen:1	brahmlin:1
ब्रह्मा	brahma:3
ब्रह्मांड	brahamand:1	brahmaand:1	brahmand:1
ब्रह्मांडीय	brahamandiya:1	brahmandiy:1	brahmandiya:1
ब्रह्माकुमारी	brahmakumari:2	brahamkumari:1
ब्रह्माजी	brahamaji:2	brahmaji:1
ब्रह्माणी	brahmani:2	brahamini:1
ब्रह्मानंद	brahmanand:3
ब्रह्मास्त्र	brahmastra:2	brahmastar:1
ब्रह्मोत्सवम	brahmotsavam:3
ब्रह्मोस	brahmos:3
ब्रांड	brand:6
ब्रांडी	brandy:3
ब्रांडेड	branded:3
ब्रांडो	brando:3
ब्रांडों	brandon:3
ब्राइट	bright:3
ब्राइड्समेड	bridesmaid:2	bridesmaids:1
ब्राइस	brais:3
ब्राई	brai:2	brie:1
ब्राउज	browse:2	brows:1
ब्राउजर	browser:3
ब्राउजरों	browseron:3
ब्राउन	brown:3
ब्राउनिंग	browning:2	browing:1
ब्राज़ील	brazil:3
ब्राजीलियाई	brazilian:1	braziliayi:1	braziliyai:1
ब्राजीली	brazili:3
ब्रान	bran:3
ब्रायन	brain:1	brayan:1	brian:1
ब्रावो	bravo:3
ब्राह्मण	brahman:4	brahamn:1	brahmin:1
ब्राह्मणवाद	brahamanvad:1	brahmanvad:1	brahmanwaad:1
ब्राह्मणों	brahamanon:1	brahmanon:1	brahmno:1
ब्राह्मी	brahmi:2	brahami:1
ब्रिक्स	bricks:3
ब्रिगटन	brigatn:1	brighton:1	brigton:1
ब्रिगेड	brigade:3
ब्रिगेडियर	brigadier:3
ब्रिग्स	bridges:1	briggs:1	brigs:1
ब्रिघम	brigham:3
ब्रिज	bridge:2	brij:1
ब्रिट	brit:2	britt:1
ब्रिटिशकालीन	britishkaalin:2	britishkaaleen:1	britishkalin:1
ब्रिटिशों	britishon:3
ब्रिटेन	britain:3
ब्रितानी	britani:3
ब्रिन	brin:2	breen:1
ब्रिसबेन	brisbane:2	brisben:1
ब्रिस्टल	bristal:2	bristol:1
ब्रिस्बेन	brisbane:2	brisben:1
ब्री	bri:3	brie:1
ब्रीडिंग	breeding:3
ब्रीद	breed:3
ब्रीदिंग	breeding:2	breathing:1
ब्रीफिंग	briefing:3
ब्रुक	brook:3
ब्रुकफील्ड	brookfield:2	brookfild:1
ब्रुकिंग्स	brookings:2	bookings:1
ब्रुनेई	brunei:2	brunai:1
ब्रूइंग	brewing:1	brooing:1	bruing:1
ब्रूनो	bruno:3
ब्रूस	bruce:2	brush:1
ब्रेंट	brent:3
ब्रेक	break:4
ब्रेकआउट	breakout:3
ब्रेकर	breaker:2	braker:1
ब्रेकर्स	breakers:2	brakers:1
ब्रेकिंग	breaking:2	braking:1
ब्रेट	bret:3
ब्रेडले	bradley:4
ब्रेन	brain:3
ब्रेल	brail:2	braille:1
ब्रेवो	bravo:3
ब्रेस	brace:2	bres:1
ब्रेस्टस्ट्रोक	breaststroke:3
ब्रैंड	brand:3
ब्रैंडेड	branded:3
ब्रैडमैन	bradman:2	breadman:1
ब्रैडली	bradley:2	bradli:1
ब्रैडी	brady:1	braidi:1	bredi:1
ब्रॉक	brock:2	broke:1
ब्रॉड	broad:4
ब्रॉडकास्टर्स	broadcasters:3
ब्रॉडकास्टिंग	broadcasting:3
ब्रॉडबैंड	broadband:3
ब्रो	bro:4
ब्रोक	broke:2	brock:1	brok:1
ब्रोकन	broken:2	brocken:1
ब्रोकर	broker:4
ब्रोकिंग	broking:3
ब्रोमविच	bromvich:2	bromavich:1	bromwitch:1
ब्रोमीन	bromin:3	bromeen:1
ब्लंट	blunt:3
ब्लड	blood:6
ब्लडी	bloody:3
ब्लाकबस्टर	blockbuster:3
ब्लाकों	blakon:2	blackon:1
ब्लास्ट	blast:5	blaster:1
ब्लिंक	blink:3
ब्लुटूथ	bluetooth:3
ब्लू	blue:10
ब्लूज	blues:2	bluj:1
ब्लूटूथ	bluetooth:5
ब्लूम	bloom:3
ब्लेंड	blend:3
ब्लेंडर	blender:4
ब्लेड	blade:8
ब्लेयर	blayer:2	blair:1
ब्लेसी	blessy:3
ब्लेस्ड	blessed:2	blassed:1
ब्लैकबेरी	blackberry:3
ब्लैडर	bladder:3	blader:1	blender:1
ब्लॉक	block:6
ब्लॉकबस्टर	blockbuster:6
ब्लॉग	blog:3
ब्लॉगर	blogger:2	bloggar:1
ब्लॉगरों	bloggaron:2	bloggeron:1
ब्लॉगिंग	blogging:3
ब्लॉसम	blossom:2	blosam:1
ब्लो	blow:3
ब्ल्यूटूथ	bluetooth:3
भंग	bhang:3
भंगिमाओं	bhangimaon:2	bhangimaaon:1
भंजक	bhanjak:2	bhajak:1
भंडार	bhandar:6	bhandaar:2
भंडारण	bhandaaran:2	bhandaran:2
भंडारित	bhandarit:2	bhadarit:1
भंडारी	bhandari:3
भंडारों	bhandaron:2	bhandaaron:1
भंते	bhante:3
भंवर	bhanvar:2	bhanwar:2
भंसाली	bhansali:6
भक्त	bhakt:7	bhakta:1
भक्तगण	bhaktagan:1	bhaktgan:1	bhaktigan:1
भक्तपुर	bhaktpur:2	bhaktapur:1
भक्तराज	bhagraj:1	bhaktaraaj:1	bhaktraj:1
भक्ति	bhakti:7
भक्तिकाल	bhaktikal:2	bhaktikaal:1
भक्तिपूर्ण	bhaktipurna:3	bhaktipoorna:1
भक्तिभाव	bhaktibhav:4	bhaktibhaav:2
भक्तियुक्त	bhaktiyukt:2	bhaktiyukta:1
भक्तों	bhakton:3
भक्षक	bhakshak:3
भक्षण	bhakshan:3
भक्षी	bhakshi:3
भग	bhag:3
भगत	bhagat:3
भगनानी	bhagnani:3
भगवंत	bhagwant:2	bhagvant:1
भगवत	bhagwat:2	bhagavat:1
भगवती	bhagwati:3	bhagavati:1
भगवते	bhagwate:2	bhagavate:1
भगवद	bhagavad:2	bhagvad:1
भगवान	bhagwan:5	bhagavan:1
भगवानपुरा	bhagwanpura:2	bhagavanpura:1
भगवानी	bhagvani:2	bhagwani:1
भगा	bhaga:3	bhagaa:1
भगाएं	bhagaayen:1	bhagaen:1	bhagayan:1	bhagayen:1
भगाता	bhagata:3	bhagaataa:1
भगाते	bhagate:3	bhagaate:1
भगाने	bhagane:3	bhagaane:1
भगाया	bhagaya:3	bhagaayaa:1
भगीरथ	bhagirath:3
भगोड़ा	bhagauda:1	bhagoda:1	bhagodaa:1	bhagoga:1
भगोड़ों	bhagodon:3
भग्नावशेष	bhagnavshesh:3
भजता	bhajata:2	bhajataa:1	bhajta:1
भजन	bhajan:6
भटक	bhatak:3
भटकते	bhatkate:2	bhatkte:1
भटकने	bhatkane:2	bhatane:1
भटकाने	bhatkane:3	bhatkaane:1
भटकाव	bhatkav:3
भटकी	bhataki:2	bhatki:1
भटके	bhatke:2	bhatake:1
भटनागर	bhatnagar:3
भट्ट	bhatt:4
भट्टाचार्य	bhattacharya:3
भट्टियां	bhattiyan:3
भट्टियों	bhattiyon:2	bhatiyon:1
भट्टी	bhatti:3
भट्ठा	bhatha:1	bhatta:1	bhattha:1
भट्ठियां	bhattiyan:2	bhatthiyan:1
भट्ठियों	bhattiyon:2	bhatthiyon:1
भट्ठी	bhathi:1	bhatthi:1	bhatti:1
भट्ठे	bhatte:2	bhatthe:1
भड़क	bhadak:3	bharak:1
भड़कते	bhadakate:2	bhadkte:1	bharakate:1
भड़कने	bhadakane:2	bhadkne:1	bharakane:1
भड़का	bhadaka:2	bhadakaa:1	bhadka:1	bharaka:1
भड़काने	bhadkane:2	bhadakaane:1	bhadakane:1	bhadkaane:1
भड़काया	bhadkaya:2	bhadakaaya:1	bhadakaya:1	bhadkaayaa:1
भड़कीला	bhadkila:2	bhadakila:1	bhadkilaa:1	bharakila:1
भड़के	bhadke:2	bhadake:1	bharake:1
भड़ास	bhadaas:2	bhadas:2	bharaas:1
भतीजा	bhatija:3
भतीजियां	bhatijiyan:2	bhatijoyan:1
भतीजी	bhatiji:3
भतीजे	bhatije:3
भत्ता	bhatta:3
भत्ते	bhatte:3
भत्तों	bhatton:3
भदरवाह	bhadarvah:2	bhadrwah:1
भदोरिया	bhadoriya:2	bhadoria:1
भदोही	bhadohi:3
भद्दे	bhadde:3
भद्र	bhadra:4	bhadr:1	bhdra:1
भद्रक	bhadrak:3
भद्रावती	bhadravati:2	bhdravati:1
भनक	bhanak:3
भभका	bhabhka:2	bhabhak:1
भभूत	bhabhut:2	bhabhoot:1
भय	bhay:2	bhaya:1
भयंकर	bhayankar:2	bhayanker:1
भयभीत	bhaybhit:2	bhayabheet:1
भयातुर	bhayatur:3
भयादोहन	bhayadohan:3
भयानक	bhayanak:4	bhayaanak:2
भयावह	bhayavah:3	bhayawah:2
भयो	bhayo:3
भर	bhar:3
भरकम	bharkam:3
भरके	bharake:2	bharke:1
भरणपोषण	bharaanposhan:1	bharanposhan:1	bharnposhan:1
भरणी	bharni:2	bharani:1
भरत	bharat:3
भरतनाट्यम्	bharatanatyam:1	bharatnatyam:1	bhartnatyam:1
भरतपुर	bharatpur:2	bhartpur:1
भरता	bharta:2	bharata:1	bharataa:1
भरती	bharati:2	bharti:1
भरते	bharte:2	bharate:1
भरद्वाज	bharadvaj:1	bharadwaja:1	bhardwaj:1
भरन	bharan:2	bharn:1
भरना	bharna:2	bharana:1	bharanaa:1
भरनी	bharani:2	bharni:1
भरने	bharane:2	bharne:1
भरपाई	bharpai:2	bharpae:1
भरपुर	bharpur:3
भरपूर	bharpur:3
भरमार	bharmar:2	bharamar:1
भरवा	bharwa:2	bharva:1
भरवां	bharwan:2	bharvan:1
भरसक	bharsak:3
भरा	bhara:3
भराई	bharai:3
भरावन	bharavan:2	bharavana:1
भरी	bhari:3
भरुचा	bharucha:3
भरूच	bharuch:3
भरे	bhare:3
भरें	bharen:2	bharein:1
भरो	bharo:3
भरोसा	bharosa:4	bharosaa:1
भरोसे	bharose:3
भरोसेमंद	bharosemand:3
भर्ती	bharti:5	bhartee:1
भर्तृहरि	bhartrhari:2	bharthri:1
भर्त्सना	bhartsana:2	bhartsanaa:1	bhatsarna:1
भलवाल	bhalwal:3
भला	bhala:3
भलाई	bhalai:2	bhalaai:1	bhalae:1
भली	bhali:3
भलीभांति	bhalibhanti:3
भले	bhale:3
भल्ला	bhalla:3
भव	bhav:3
भवन	bhavan:2	bhawan:1
भवनों	bhavanon:2	bhawanon:1
भवभूति	bhavbhuti:3
भवसागर	bhavsagar:3
भवाई	bhavai:2	bhavae:1
भवानी	bhavani:3	bhawani:2
भवानीपुर	bhawanipur:3
भवाली	bhowali:2	bhawali:1
भविष्य	bhavishya:3
भविष्यफल	bhavishyafal:3
भविष्यवक्ता	bhavishyavakta:2	bhavishyavaktaa:1
भविष्यवाणियां	bhavishyavaniyan:2	bhavishyavaaniyaan:1
भविष्यवाणियों	bhavishyavaniyon:2	bhavishyavaaniyon:1
भविष्यवाणी	bhavishyavaani:1	bhavishyavani:1	bhavishyvani:1
भविष्योन्मुखी	bhavishyonmukhi:3
भव्य	bhavya:2	bhvy:1
भव्यता	bhavyata:2	bhavyataa:1
भसीन	bhasin:3
भस्म	bhasm:2	bhasma:1
भस्मीभूत	bhasmibhut:2	bhasmeebhoot:1	bhasmibhoot:1
भा	bha:4
भांग	bhang:3
भांगड़ा	bhangra:2	bhangda:1
भांजी	bhanji:4	bhanajee:1	bhanaji:1
भांजे	bhanje:4
भांति	bhanti:3
भांपते	bhanpte:2	bhanpate:1
भांपने	bhampane:2	bhanpne:1
भाइयों	bhaiyo:2	bhaiyon:2	bhaeyon:1
भाई	bhai:6
भाईचारा	bhaichara:6
भाईचारे	bhaichare:6
भाईजान	bhaijan:2	bhaijaan:1
भाईयों	bhaiyon:3
भाऊ	bhau:3
भाकपा	bhakpa:3
भाकरी	bhakri:3
भाग	bhag:6	bhaag:1
भागकर	bhaagkar:3	bhagkar:1
भागता	bhagata:2	bhaagataa:1	bhagataa:1
भागते	bhaagate:2	bhagate:2
भागना	bhaaganaa:2	bhaagana:1	bhagana:1
भागने	bhagne:2	bhaagane:3	bhagane:1
भागलपुर	bhagalpur:4
भागवत	bhagvat:2	bhagwat:2	bhagavat:1
भागवती	bhagwati:2	bhagavati:1	bhagawati:1
भागा	bhaagaa:3	bhaga:1
भागी	bhaagi:3	bhagi:1
भागीदार	bhagidar:2	bhaagidaar:1	bhagidaar:1
भागीदारी	bhagidari:2	bhaagidaari:1	bhagidaari:1
भागीदारों	bhaagidaaron:2	bhagidaron:2
भागीरथी	bhagirathi:3
भागे	bhaage:2	bhage:2
भागो	bhago:2	bhaago:1
भागों	bhagon:2	bhaagon:1
भाग्य	bhagya:5	bhaagya:1	bhagy:1
भाग्यवती	bhagyavati:2	bhagywati:1
भाग्यविधाता	bhaagyavidhaataa:1	bhagyavidhata:1	bhagyvidhaataa:1	bhagyvidhata:1
भाग्यशाली	bhaagyashaali:1	bhagyashali:1	bhagyshaali:1	bhagyshali:1
भाजपा	bjp:2	bhajpa:3
भाटिया	bhatiya:2	bhatia:1
भाटी	bhati:3
भात	bhaat:2	bhat:2
भातखंडे	bhatkhande:3
भाते	bhaate:3	bhate:2
भादुरी	bhaduri:4	bhaaduri:1
भाद्रपद	bhadrapad:2	bhaadrapad:1	bhadrapada:1
भान	bhan:3	bhaan:1
भानगढ़	bhangarh:3	bhaangarh:1
भाना	bhana:3	bhaana:1
भानु	bhanu:3	bhaanu:1
भानू	bhanu:3
भाप	bhap:2	bhaap:1
भाबर	bhabar:3
भाबरा	bhabara:2	bhabra:1
भाभा	bhabha:3
भाभी	bhabhi:6
भार	bhar:2	bhaar:1
भारत	bharat:6
भारतनाट्यम	bharatnatyam:3
भारतभर	bharatbhar:3
भारतवर्ष	bharatvarsh:5	bharatvarsha:1
भारतविरोधी	bharatvirodhi:2	bharatvirothi:1
भारती	bharati:2	bharti:1
भारतीय	bhartiy:32	bharatiya:3	bhartiya:2	bharteey:1
भारतीयता	bharatiyata:1	bharthiyatha:1	bhartiyata:1
भारतीयों	bhartiyon:3	bhaartiyon:1	bharatiyon:1	bharthiyon:1
भारतेंदु	bharatendu:2	bhartendu:1
भारद्वाज	bhardwaj:2	bharadwaj:1
भारिया	bhariya:2	bhaariyaa:1
भारी	bhari:2	bhaari:1
भारीपन	bharipan:2	bhaaripan:1
भारीय	bhariy:2	bhareeye:1
भारोत्तोलन	bharottolan:2	bhorottolan:1
भार्गव	bhargav:2	bhargv:1
भार्या	bharya:3
भालचंद्र	bhalchandra:3
भालुओं	bhaluon:2	bhalon:1
भालू	bhalu:2	bhaloo:1	bhaluoo:1
भालूओं	bhaluon:2	bhalooon:1
भाले	bhale:3
भालेकर	bhalekar:3
भालों	bhalon:2	bhaalon:1
भाव	bhaav:2	bhav:5
भावनगर	bhavnagar:3
भावना	bhavna:2	bhavana:1
भावनाएं	bhavnaein:1	bhavnaen:1	bhavnayn:1
भावनाऐं	bhaavnaein:1	bhavnaen:1	bhavnayen:1
भावनाओ	bhavnao:3
भावनाओं	bhavnaon:2	bhavanaon:1
भावनात्मक	bhavnatmak:2	bhavanatmak:1
भावपूर्ण	bhaavpoorn:1	bhavpoorn:1	bhavpurn:1
भावप्रवण	bhaavpravan:1	bhavpravan:1	bhavpravn:1
भावात्मक	bhavatmak:3
भावानात्मक	bhavanatmak:2	bhavnatmak:1
भावार्थ	bhavarth:6
भावी	bhavi:3
भावुकता	bhavukta:3
भावे	bhave:2	bhavey:1
भावों	bhavon:2	bavon:1
भाषण	bhashan:3
भाषा	bhasha:4
भाषाई	bhashai:2	bhashae:1	bhashaee:1
भाषाएं	bhashaein:1	bhashaen:1	bhashayen:1
भाषाओं	bhashaon:3
भाषायी	bhashayi:3
भाषावाद	bhashavad:2	bhashavaad:1
भाषाविज्ञान	bhashavigyan:5	bhashavidyan:1
भाषाविद	bhashavid:3
भाषाशास्त्रियों	bhashashatriyon:2	bhashashastriyon:1
भाषिक	bhashik:3
भाषियों	bhashiyon:3
भाषी	bhashi:3
भाष्य	bhashya:2	bhashy:1
भास	bhas:5	bhaans:1
भास्कर	bhaskar:3
भास्करन	bhaskran:2	bhaskaran:1
भास्कराचार्य	bhaskarachary:1	bhaskaracharya:1	bhaskrachary:1
भिंड	bhind:3
भिंडरावाले	bhindravale:1	bhindravaley:1	bhindrawale:1
भिंडी	bhindi:3
भिक्षा	bhiksha:3
भिक्षाटन	bhikshatan:2	bhishatan:1
भिक्षु	bhikshu:5	bhishu:1
भिक्षुओं	bhikshuon:1	bhikshuyon:1	bhishuon:1
भिखारी	bhikhari:3
भिगोकर	bhigokar:3
भिजवा	bhijwa:2	bhijava:1
भिजवाया	bhijwaya:2	bhijavaya:1
भिड़	bhid:2	bheed:1
भिड़ना	bhidna:3
भित्ति	bhitti:2	bhittati:1
भित्तिचित्र	bheetichitra:1	bhittichitra:1	bhittichtra:1
भित्तिचित्रों	bhittichitron:2	bhittichtron:1
भिनगा	bhinga:2	bhinagaa:1
भिन्न	bhinn:16	bhinna:2
भिन्नता	bhinnta:2	bhinnata:2	bhinnatta:1
भिन्नताएं	bhinnataaaen:1	bhinnataein:1	bhinnatayan:1
भिन्ना	bhinna:1	bhinnaa:1	binna:1
भिलंगना	bhilangana:1	bhilanganaa:1	bhilangna:1
भिलाई	bhilai:2	bhilaee:1
भिलाला	bhilala:3
भिवंडी	bhivandi:2	bhiwandi:1
भिवाड़ी	bhiwadi:2	bhivaadi:1
भिश्ती	bhishti:2	bhishati:1
भी	bhi:3
भींच	bheench:2	bhinch:1
भीख	bheekh:3
भीगते	bheegatey:1	bhigate:1	bhigte:1
भीगे	bheege:2	bheegey:1
भीड	bheed:3
भीड़	bheed:3
भीड़भाड़	bheedbhad:5	bhidbhad:1
भीत	bheet:2	bhit:1
भीतर	bhitar:2	bheetar:1
भीतरी	bhitari:2	bheetari:1	bhitri:1
भीम	bheem:5	bhim:2
भीमकाय	bheemkay:1	bheemkaye:1	bhimkay:1
भीमबैठका	bheembaithaka:1	bheembaithka:1	bhimbaithaka:1
भीमराव	bheemrav:2	bhimrao:1
भीमसेन	bheemsen:2	bhimsen:1
भीमा	bheema:2	bhima:1
भीमेश्वर	bhimeshwar:2	bheemeshawar:1
भीर	bhir:2	bheer:1
भीरा	bhira:2	bheera:1
भीरू	bhiru:2	bheeru:1
भील	bheel:2	bhil:1
भीलवाड़ा	bhilwada:2	bheelwada:1
भीषण	bhishan:2	bheeshan:1
भीष्म	bheesham:1	bhisham:1	bhishm:1
भुई	bhuee:1	bhui:1	bui:1
भुकंप	bhukamp:2	bhukanp:1
भुखमरी	bhukhmari:2	bhukhmri:1
भुगत	bhugat:3
भुगतता	bhugatata:1	bhugatta:1	bhugtata:1
भुगतना	bhugatana:2	bhugtna:1
भुगता	bhugta:2	bhugata:1
भुगतान	bhugtan:17	bhugatan:1	bhugtaan:1
भुगती	bhgti:1	bhugati:1	bhugti:1
भुज	bhuj:3
भुजा	bhuja:3
भुजाएं	bhjayan:1	bhujaein:1	bhujaen:1
भुजाओं	bhujaon:2	bhujaoon:1
भुट्टा	bhutta:3
भुट्टे	bhutte:3
भुट्टो	bhutto:3
भुतिया	bhutiya:2	bhootiya:1
भुन	bhun:3
भुना	bhuna:2	bhunaa:1
भुमि	bhumi:3
भुमिका	bhumika:3
भुरभुरा	bhurbhura:3
भुरभुरी	bhurbhuri:3
भुरा	bhura:3
भुल	bhul:3
भुलक्कड़	bhulakkad:3
भुला	bhula:6	bhulaa:1
भुलाकर	bhulakar:3	bhulaakar:1
भुलाने	bhulane:3	bhulaane:1
भुवन	bhuvan:3
भुवनेश्वर	bhuvneshwar:2	bhubaneshwar:1
भुवनेश्वरी	bhubaneshwar:1	bhuvaneswari:1	bhuvneshwari:1
भू	bhu:3	bhoo:1
भूकंप	bhukamp:4	bhookamp:2
भूकंपरोधी	bhukamprodhi:2	bhookamprodhi:1
भूख	bhukh:2	bhookh:2
भूखंड	bhukhand:2	bhookhand:1
भूखंडों	bhukhandon:3	bhookhandon:2	bukhandon:1
भूखा	bhukha:2	bhookhaa:1	bhukhaa:1
भूखी	bhukhi:2	bhookhi:1
भूखे	bhukhe:2	bhookhe:1
भूखों	bhukhon:2	bhookhon:1
भूगर्भ	bhugarbh:4	bhoogarbh:2
भूगर्भशास्त्री	bhoogarbhashaastri:1	bhugarbhashastri:1	bhugarbhshastri:1
भूगर्भीय	bhoogarbhiya:1	bhubhargiy:1	bhugarbhiya:1
भूगोल	bhugol:5	bhoogol:1
भूचाल	bhuchal:2	bhoochaal:1
भूजल	bhujal:2	bhoojal:1
भूटान	bhutan:3
भूटानी	bhutani:3
भूटिया	bhootiyaa:1	bhutia:1	bhutiya:1
भूत	bhoot:3	bhut:1
भूतकाल	bhutkal:2	bhootkal:1
भूतत्व	bhoottav:1	bhutatv:1	bhutv:1
भूतनाथ	bhoothnath:1	bhootnath:1	bhutnath:1
भूतपूर्व	bhutpurv:2	bhootpoorv:1
भूतल	bhutal:2	bhootal:1
भूतहा	bhutaha:2	bhootha:1
भूतिया	bhutiya:2	bhootiya:1
भूतेश्वर	bhuteshwar:2	bhooteshwar:1
भूतों	bhooton:2	bhuton:2
भूदान	bhoodan:1	bhudaan:1	bhudan:1
भूनकर	bhunkar:2	bhoonkar:1
भूना	bhoona:1	bhuna:1	buna:1
भूपति	bhoopti:1	bhupathi:1	bhupati:1
भूपसिंह	bhupsingh:2	bhoopsingh:1
भूपेश	bhupesh:2	bhoopesh:1
भूभाग	bhubhag:4	bhoobhag:2
भूभौतिकी	bhubhautiki:2	bhoobhautiki:1
भूमध्य	bhumadhya:3	bhoomadha:1	bhumadhy:1
भूमध्यरेखीय	bhoomadhyarekhiy:1	bhumadhyarekhiy:1	bhumadhyrekhiy:1
भूमध्यसागर	bhoomadhysagar:1	bhumadhyasagar:1	bhumadhysagar:1
भूमध्यसागरीय	bhoomadhyasagariy:1	bhumadhyasagariy:1	bhumadhysagariy:1
भूमि	bhumi:2	bhoomi:1
भूमिका	bhumika:7	bhumikaa:1
भूमिकाएं	bhumikaen:1	bhumikayein:1	bhumikayen:1
भूमिकाओं	bhumikaon:3
भूमिगत	bhumigat:3
भूमियों	bhumiyon:3
भूमिहार	bhumihar:3
भूमी	bhumi:3	bhumika:1
भूरा	bhura:2	bura:1
भूरी	bhuri:3
भूरे	bhure:3
भूल	bhul:2	bhool:2
भूलकर	bhulkar:3
भूलता	bhulta:2	bhulata:1	bhulataa:1
भूलते	bhulate:2	bhulte:1
भूलने	bhulne:2	bhulane:1
भूला	bhula:3	bhulaa:1
भूली	bhuli:3	bhooli:1
भूले	bhule:3
भूलो	bhulo:3
भूलों	bhulon:3
भूविज्ञान	bhuvigyan:5	bhoovigyan:1
भूवैज्ञानिक	bhuvaigyanik:5	bhoovaigyanik:1
भूषण	bhushan:3
भूसंपत्ति	bhusampatti:2	bhoosanptti:1
भूसी	bhusi:3
भूसूचना	bhusuchana:2	bhoosuchna:1
भूस्खलन	bhuskhalan:5	bhooskhalan:1
भूस्वामियों	bhuswamiyon:2	bhusvamiyon:1
भूस्वामी	bhuswami:4	bhooswaami:1	bhusvami:1
भृगु	bhrigu:5	bhrgu:1
भेंगापन	bhengapan:3
भेंट	bhent:3
भेंटवार्ता	bhentvarta:3
भेज	bhej:4
भेजकर	bhejkar:3
भेजता	bhejta:2	bhejata:1	bhejataa:1
भेजती	bhejti:2	bhejati:1
भेजते	bhejte:2	bhejate:1
भेजना	bhejna:2	bhejana:1	bhejanaa:1
भेजने	bhejne:2	bhejane:1
भेजा	bheja:3	bhejaa:1
भेजी	bheji:3
भेजे	bheje:3
भेजेंगे	bhejenge:3
भेजेगी	bhejegi:2	bhejogi:1
भेजो	bhejo:3
भेड़िया	bhediya:2	bhediyaa:1
भेड़ें	bheden:3
भेड़ों	bhedon:3
भेद	bhed:6
भेदभाव	bhedbhav:2	bhedbhaav:1
भेदभावपूर्ण	bhedbhavpurn:2	bhedabhaavapurna:1
भेदी	bhedi:3
भेष	bhesh:3
भैंस	bhains:5
भैंसदेही	bhainsdehi:4
भैंसा	bhainsa:4
भैंसे	bhainse:2	bhainsey:1
भैंसों	bhainson:3
भैया	bhaiya:4
भैयादूज	bhaiyadooj:3
भैरव	bhairav:7
भैरवनाथ	bhairavnath:3
भैरवी	bhairavi:2	bhairvi:1
भैरो	bhairo:8
भोंसले	bhonsle:2	bhonsaley:1
भोई	bhoi:2	bhoee:1
भोग	bhog:3
भोगता	bhogta:3
भोगते	bhogte:2	bhogatey:1
भोगले	bhogale:1	bhogaley:1	bhogle:1
भोगविलास	bhogvilas:5
भोगी	bhogi:3
भोगीपुर	bhogipur:3
भोगे	bhoge:2	bhogey:1
भोगेंगे	bhogenge:2	bhogeingey:1
भोगों	bhogon:3
भोग्य	bhogya:2	bhogye:1
भोज	bhoj:7
भोजक	bhojak:3
भोजन	bhojan:6
भोजनशाला	bhojanshala:3
भोजनालय	bhojanalay:3	bhojanalya:1
भोजनालयों	bhojanalayon:2	bhojanalyon:1
भोजपुर	bhojpur:5	bhojpuri:1
भोजपुरी	bhojpuri:6
भोट	bhot:3
भोटिया	bhotiya:3
भोटी	bhoti:3
भोपाल	bhopal:8
भोर	bhor:3	bhaur:1
भोला	bhola:4
भोलानाथ	bholanath:2	bhopalnath:1
भोलाराम	bholaram:3
भोली	bholi:5
भोलू	bholu:3
भौंरा	bhaunra:3
भौंहों	bhaunho:1	bhaunhon:1	bhoonhon:1
भौगोलिक	bhaugolik:2	bhogolik:1
भौतिक	bhautik:3
भौतिकता	bhautikta:2	bhautikata:1
भौतिकवाद	bhautikvaad:1	bhautikvad:1	bhautikwad:1
भौतिकवादी	bhautikvaadi:1	bhautikvadi:1	bhautikwadi:1
भौतिकविदों	bhautikvidon:2	bhautikwidon:1
भौतिकशास्त्र	bhautikshastr:1	bhautikshastra:1	bhautikshatra:1
भौतिकी	bhautiki:3
भौम	bhaum:3
भौहें	bhauhen:2	bohein:1
भ्रम	bhram:2	bram:1
भ्रमण	bhraman:2	braman:1
भ्रमर	bhramar:2	bramar:1
भ्रमित	bhramit:2	bramit:1
भ्रष्ट	bhrashat:1	bhrasht:1	brasht:1
भ्रष्टाचार	bhrashtachar:2	brashtachar:1
भ्रष्टाचारियों	bhrashtacharion:1	bhrashtachariyon:1	brashtachariyon:1
भ्रांत	bhraant:1	bhrant:1	brant:1
भ्रांति	bhraanti:1	bhranti:1	branti:1
भ्रांतिया	bhrantiya:2	bhraantiya:1
भ्रांतियां	bhrantiyan:2	bhraantiyan:1
भ्रांतियों	bhrantiyon:2	bhraantiyon:1
भ्राता	bhrata:3
भ्रामक	bhramak:3
भ्रूण	bhrun:3	bhroon:2	bhruna:1
म	ma:2	m:1
मं	man:2	mmn:1
मंगतराम	mangatram:3
मंगल	mangal:6
मंगलकार्य	mangalkarya:3
मंगलम	magalam:1	mangalam:1	manglam:1
मंगलवार	mangalvaar:1	mangalvar:1	mangalwar:1
मंगला	mangla:2	mangala:1
मंगलागौरी	manglagauri:2	mangalagauri:1
मंगलाचरण	manglacharan:2	mangalacharan:1
मंगवा	mangva:2	mangwa:1
मंगवाकर	mangvakar:2	mangwakar:1
मंगवाना	mangwana:2	mangvana:1
मंगा	manga:3
मंगाते	mangaate:2	mangate:1
मंगाना	mangaana:2	mangana:1
मंगानी	mangani:2	mangaani:1
मंगाया	mangaya:3
मंगू	mangu:2	mangoo:1
मंगेतर	mangetar:3
मंगेश	mangesh:3
मंगेशकर	mangeshkar:3
मंगोल	mongol:2	mangol:3
मंगोलियन	mangoliyan:2	mongolian:1
मंगोलिया	mangoliya:2	mangolia:1
मंगोलियाई	mangoliyai:2	mangoliyaee:1
मंगोलों	mangolon:3
मंच	manch:3
मंचन	manchan:3
मंचित	manchit:3
मंचीय	mancheeye:1	manchiy:1	manchiya:1
मंचूरियन	manchuriyan:2	manchurian:1
मंचूरिया	manchooriya:1	manchuria:1	manchuriya:1
मंचों	manchon:3
मंज	manj:3
मंजर	manjar:5	majar:1
मंजरी	manjari:2	majari:1
मंजिल	manjil:2	manzil:1
मंजिला	manjila:2	manzila:1
मंजिली	manjili:3
मंजिले	majilein:1	manjile:1	manzile:1
मंजिलें	manjilein:1	manjilen:1	manzilein:1
मंजिलों	manjilon:2	manzilon:1
मंजीरे	manjeere:1	manjeerey:1	manjire:1
मंजु	manju:3
मंजुल	manjul:3
मंजुला	manjula:3
मंजुश्री	manjushree:2	manjushri:1
मंजू	manju:7
मंजूर	manjoor:1	manjur:1	manzur:1
मंजूरी	manjoori:1	manjuri:1	manzuri:1
मंजूला	manjula:2	manjoola:1
मंजे	manje:2	manjey:1
मंटो	manto:3
मंडन	mandan:3
मंडप	mandap:3
मंडपों	mandapon:3
मंडराती	mandrati:2	mandaraati:1
मंडल	mandal:4
मंडलाकार	mandalakar:2	mandlakar:1
मंडलियों	mandaliyon:3
मंडली	mandali:5	mandalee:1	mandli:1
मंडलेश्वर	mandaleshwar:2	mandleshwar:1
मंडलों	mandalon:3
मंडलोई	mandloi:2	mandaloee:1
मंडित	mandit:3
मंडिया	mandiya:3
मंडियों	mandiyon:3
मंडी	mandi:6
मंडूर	mandoor:2	mandur:1
मंडेला	mandela:3
मंतर	mantar:3
मंत्र	mantra:6
मंत्रमुग्ध	mantramugaddh:1	mantramugdha:1	matramugdha:1
मंत्रालय	mantraalay:1	mantralay:1	mantralaye:1
मंत्रालयों	mantralayon:2	mantraalayon:1
मंत्रियों	mantriyon:3
मंत्री	mantri:6
मंत्रीगण	mantrigan:3
मंत्रीमंडल	mantrimandal:9
मंत्रों	mantron:3
मंत्रोच्चार	mantrochchar:2	mantrocchar:1
मंथ	month:3	manth:1
मंथन	manthan:3
मंथर	manthar:2	manther:1
मंद	mand:3	mund:1
मंदसौर	mandsaur:6
मंदाकिनी	mandakini:2	mandaakini:1
मंदार	mandaar:2	mandar:2
मंदिर	mandir:4
मंदिरा	mandira:3
मंदिरों	mandiro:2	mandiron:3
मंदी	mandi:3
मंधार	mandhar:2	mandhaar:1
मंशा	mansha:3
मंशापूर्ण	manshapoorn:1	manshapurn:1	manshapurna:1
मंसूबों	mansubon:2	mansoobon:1
मंहगा	mehnga:2	mahanga:1	manhaga:1
मंहत	mahant:2	manhat:1
मऊ	mau:2	mauu:1
मकई	makae:1	makaee:1	makai:1
मकड़ी	makdi:2	makadee:1	makadi:1
मकतूम	maktoom:2	maktub:1
मकदूनिया	macedonia:1	makadooniya:1	makdooniya:1
मकबरा	makbara:2	makbra:2
मकबरे	makbare:2	makbre:1
मकबरों	makbare:1	makbaron:1	makbron:1
मकबूल	maqbool:2	makbul:1
मकर	makar:3
मकरंद	makrand:2	maqrand:1
मकरसंक्रांति	makarsankranti:3	makarsakranti:1
मकराना	makrana:2	maqrana:1
मकरानी	makrani:3
मकसद	maksad:5	maqsad:2
मकाऊ	makau:3	macau:1
मकान	makaan:2	makan:2
मकानों	makanon:4
मकोड़े	makode:3
मक्का	makka:3
मक्कार	makkar:3
मक्कारी	makkari:3
मक्की	makki:3
मक्के	makke:3
मक्खन	makkhan:4
मक्खियों	makkhiyon:3	makkhiyoon:1
मक्खी	makkhi:5	makhkhi:1
मक्सद	maksad:3
मखदुमपुर	makhdumpur:3
मखमल	makhmal:2	makhamal:1
मखमली	makhmali:2	makhamali:1
मखाना	makhana:3
मगध	magadh:3
मगर	magar:3
मगरमच्छ	magarmaccha:1	magarmachchh:1	magarmachha:1
मगरमच्छों	magarmacchhon:1	magarmachchhon:1	magarmachhon:1
मगरीब	magrib:2	magarib:1
मगही	magahi:3
मग्न	magn:2	magan:1	magna:1
मच	much:2	mach:1
मचा	macha:3	machaa:1
मचाए	machae:2	machaaye:1	machaye:1
मचाता	machata:3	machaataa:1
मचाते	machate:3	machaate:1
मचान	machan:3
मचाने	machane:3	machaane:1
मचानों	machanon:2	machaanon:1	machanno:1	machano:1
मचाया	machaya:3	machaayaa:1
मच्छर	macchhar:1	machchhar:1	machhar:1
मच्छरों	maccharon:1	machchharon:1	machharo:1	machharon:1
मछलियां	machhaliyan:2	machalian:1	machhliyan:1
मछलियों	machhaliyon:2	machhalion:1	machhliyon:1
मछली	machhali:3	machali:1
मछलीघर	machhalighar:3
मछुआ	machhua:3
मछुआरा	machhuara:3	machhuaaraa:1
मछुआरे	acchhuare:1	machhuaare:1	machhuare:1
मछुआरों	machhuaron:2	machhuaaron:1
मछ्ली	machhali:3
मजदूर	majdur:2	majdoor:1	mazdooor:1
मजदूरी	majduri:3	majdoori:1	mazdoori:1	mazduri:1
मजदूरों	majduron:3	majdooron:1	mazdooron:1	mazduron:1
मजबूत	majbut:3	majboot:2	mazboot:1	mazbut:1
मजबूती	majbuti:3	majbooti:1	mazbooti:1	mazbuti:1
मजबूर	majbur:3	majboor:1	mazboor:1	mazbur:1
मजबूरन	majburan:3	majbooran:1	mazbooran:1	mazburan:1
मजबूरी	majburi:3	majboori:1	mazboori:1	mazburi:1
मजमा	majama:1	majba:1	majma:1	mazama:1
मजल	majal:3	mazal:1	mjhl:1
मजलिस	majlis:2	majalis:1	mazalis:1
मजहब	majhab:3	majahab:2	mazhab:2	mazahab:1
मजा	maja:3	maza:1
मजाक	majak:3	majaak:1	mazak:1
मजाकिया	majakiya:3	majakia:1	mazakiya:1
मजार	mazar:2	majar:1
मजिस्ट्रेट	magistrate:3
मजीद	majid:2	majeed:1
मजुमदार	majumdar:2	mazumdar:1
मजूमदार	majumdar:2	mazumdaar:1
मजे	maje:3	maze:1
मजेदार	majedar:2	majedaar:1	mazedaar:1
मटका	matka:3	matkaa:1
मटकियों	matkiyon:3
मटकी	mataki:2	matki:1
मटर	matar:2	mutter:1
मटियाला	matiyala:2	matiala:1
मट्ठा	mattha:2	matha:1
मठ	math:3
मठाधीशों	mathadheesho:1	mathadhiron:1	mathadhisho:1	mathadhishon:1
मठों	mathon:3
मड़ाई	madai:3
मडियाहूं	madiyahun:1	mariahu:1	mariahun:1
मडोना	madona:3	madonna:3
मढ़ते	madhate:1	madhte:1	madte:1
मढ़ने	madhane:1	madhne:1	madne:1
मढ़ा	madha:2	mada:1
मढ़ी	madhi:2	madi:1
मढ़े	madhe:3
मढ़ौरा	madaura:1	madhuara:1	madhura:1
मण	man:3
मणाई	manai:3
मणि	mani:3
मणिपाल	manipal:3
मणिपुर	manipur:3
मणिपुरी	manipuri:3
मणिपूर	manipur:3
मणियां	maniyan:3	manian:1
मणिशंकर	manishankar:3
मत	mat:3
मतदाता	matdata:3
मतदाताओं	matdataon:3	matdaataaon:1	matdaataon:1
मतदान	matdan:3	matdaan:2
मतपत्रों	matpatron:3
मतभिन्नता	matbhinnata:2	matbhinatta:1
मतभेद	matbhed:3
मतभेदों	matbhedon:3
मतमतांतर	matmatantar:3	matmataaantar:1
मतलब	matlab:3
मतली	matli:2	matali:1
मताधिकार	matadhikar:3	mataadhikaar:1
मतानुसार	matanusar:3	mataanusaar:1
मति	mati:3
मतों	maton:3
मत्था	mattha:3
मत्थे	matthe:3
मत्स्य	matsya:2	matsy:1
मत्स्यावतार	matsyavatar:2	matsyavtar:1
मत्स्यासन	matsyasan:2	matsyasana:1
मत्स्येंद्रनाथ	matsyendranath:2	masyendranath:1
मथनी	mathni:2	mathani:1
मथाई	mathai:3
मथुरा	mathura:3
मदद	madad:3
मददगार	madadgar:3	madadgaar:1
मदन	madan:3
मदनी	madani:2	madni:1
मदमस्त	madmast:3
मदर	mother:5	madar:1
मदरसा	madarasa:2	madrasa:1
मदरसे	madrase:2	madarase:1
मदरसों	madarason:1	madarson:1	madrason:1
मदारी	madari:3
मदिरापान	madirapan:3
मदीना	madina:2	medina:1
मदीने	madine:2	medine:1
मदेरणा	maderna:2	maderana:1
मद्दे	madde:3	midday:1
मद्देनजर	maddenajar:2	maddenazar:1	madenajar:1
मद्धिम	maddhim:2	madrim:1
मद्रास	madras:3
मधु	madhu:3
मधुपुर	madhupur:3
मधुबनी	madhubani:3
मधुबाला	madhubala:3
मधुमक्खियों	madhumakhiyon:1	madhumakkhiyao:1	madhumakkhiyon:1
मधुमक्खी	madhumakkhi:2	madhumakhi:1
मधुमेह	madhumeh:3
मधुर	madhur:3
मधुरिका	madhurika:3
मधुरिमा	madhurima:3
मधुरेश	madhuresh:3
मधुवन	madhuvan:2	madhuban:1
मधुशाला	madhushala:3
मधुसूदन	madhusudan:3
मधेपुरा	madhepura:3
मधेश	madhesh:3
मध्य	madhya:2	madhy:1
मध्यकाल	madhyakaal:1	madhyakal:1	madhykal:1
मध्यकालीन	madhyakalin:2	madhykalin:1
मध्यक्रम	madhyakram:2	madhykarm:1
मध्यपूर्व	madhyapurav:2	madhyapurv:2	madhypurv:2
मध्यप्रदेश	madhyapradesh:5	madhyapardesh:1
मध्यम	madhyam:3
मध्यमग्राम	madhyamgram:3
मध्यमवर्गीय	madhyamvargiy:1	madhyamvargiya:1	madhyamvargiye:1
मध्ययुगीन	madhyayugin:2	madhyayugeen:1
मध्यवर्गीय	madhyavargiy:1	madhyavargiya:1	madhyevargeeye:1
मध्यवर्गों	madhyamvargon:1	madhyavargo:1	madhyavargon:1
मध्यवर्ती	madhyavarti:3
मध्यस्थ	madhyasth:3
मध्यस्थता	madhyashthata:1	madhyastha:1	madhyasthta:1
मध्यस्था	madhyastha:3
मध्यांतर	madhyantar:2	mandhyantar:1
मध्यावकाश	madhyavakash:1	madhyavkaash:1	madhyavkash:1
मन	man:4	mann:3
मनके	manke:2	mankey:1
मनदीप	mandeep:3	mandip:1
मनन	manan:3
मननशील	manansheel:2	mananshil:1
मनप्रीत	manpreet:2	manprit:1
मनभावन	manbhavan:3
मनमर्जी	manmarji:6
मनमाना	manmana:2	manmaana:1
मनमानी	manmani:2	manmaani:1
मनमुटाव	manmutav:4	manmutaav:2
मनमोह	manmoh:3
मनमोहक	manmohak:3
मनमोहन	manmohan:6
मनमौजी	manmauji:3
मनवा	manva:3
मनसिज	mansij:3
मनसूबे	mansube:2	mansubey:1
मनसूबों	mansubon:3
मनहूस	manhus:2	manhoos:1
मना	mana:3
मनाई	manae:1	manaee:1	manai:1
मनाए	manae:1	manaye:1	mnaey:1
मनाकर	manakar:2	mnakar:1
मनाता	manata:2	mnaata:1
मनाते	manate:2	manaatey:1
मनाने	manane:3
मनाया	manaya:3
मनायी	manayi:3
मनाली	manali:2	mnali:1
मनावर	manavar:2	mnavar:1
मनाही	manahi:2	mnahi:1
मनिपाल	manipal:3
मनियर	maniyar:3
मनिला	manila:3
मनी	money:6	mani:2
मनींद्र	manindra:2	maninder:1
मनीपुर	manipur:3
मनीला	manila:3
मनीष	manish:6
मनीषा	manisha:4
मनीषियों	manishiyon:3
मनीषी	manishi:2	maneeshi:1
मनु	manu:3
मनुओं	manuon:2	manuaon:1
मनुज	manuj:3
मनुभाई	manubhai:3
मनुष्य	manushya:2	manushy:1
मनुष्यों	manushyon:3
मनुस्मृति	manusmriti:7	manusamiriti:1	manusamriti:1
मने	mane:2	maney:1
मनो	mano:3
मनोकामना	manokaamna:1	manokamana:1	manokamna:1
मनोचिकित्सक	manochikitsak:3
मनोचिकित्सकीय	manochikitsakiy:1	manochikitskeeye:1	manochikitskiye:1
मनोचिकित्सकों	manochikitsakon:2	manochikitsako:1
मनोचिकित्सा	manochikitsa:2	manochikitsak:1
मनोज	manoj:6
मनोदशा	manodasha:2	manodsha:1
मनोदैहिक	manodaihik:2	manodehik:1
मनोनयन	manonayan:2	manonyan:1
मनोनीत	manoneet:2	manonit:1
मनोबल	manobal:3
मनोभाव	manobhav:2	manobhaav:1
मनोरंजक	manoranjak:3
मनोरंजन	manoranjan:4
मनोरजन	manorajan:3
मनोरथ	manorath:3
मनोरथों	manorathon:2	manorthon:1
मनोरम	manoram:3
मनोरमा	manorama:2	manorma:1
मनोरोग	manorog:3
मनोरोगों	manorogon:3
मनोविकार	manovikar:3
मनोविज्ञान	manovigyan:2	manovigyaan:1
मनोविज्ञानी	manovidyani:1	manovighyani:1	manovigyani:1
मनोविश्लेषण	manovishleshan:3
मनोवृति	manovruti:2	manoviriti:1
मनोवृत्ति	manovrutti:2	manovritti:1
मनोवेग	manoveg:3
मनोवैज्ञानिक	manovaidhnyanik:2	manovaigyanik:2	manovegyanik:1
मनोवैज्ञानिकों	manovaigyanikon:2	manovegyanikon:1
मनोस्थिति	manosthithi:2	manosthiti:1
मनोहर	manohar:6
मनोहारी	manohari:3
मनौतियां	manautiyan:1	manauttiyan:1	manotiyan:1
मन्नतें	mannaten:2	manntein:1
मन्ना	manna:2	mannaa:1
मन्नान	mannan:2	mannaan:1
मन्नालाल	mannalal:3
मन्नी	manni:3
मन्नु	mannu:3
मफतलाल	mafatlal:3
मफलर	muffler:2	mufler:1
मम	mum:2	mam:1
ममता	mamta:5	mamata:2
ममूटी	mamooti:1	mamootty:1	mmuti:1
ममेरे	mamere:3
मय	may:2	mya:1
मयखाने	maykhane:2	maikhane:1
मयूर	mayur:3
मयूरभंज	mayurbhanj:2	mayurbhanja:1
मयूरी	mayuri:3
मयोर्का	maryokar:1	mayorka:1	mayorkaa:1
मर	mar:3
मरकरी	markari:2	mercury:1
मरघट	marghat:3
मरण	maran:3
मरणासन्न	maranaasaan:1	maranasan:1	marnasann:1
मरणोपरांत	maranoparant:1	marnoparaant:1	marnoparant:1
मरता	marta:2	marata:1
मरती	marti:3
मरते	marte:2	martey:1	mrate:1
मरद	mard:2	marad:1
मरदानी	mardani:2	mardaani:1
मरना	marna:3
मरने	marne:2	marane:1
मरमर	marmar:2	murmur:1
मरयम	maryam:3
मरवा	marva:2	marwa:1
मरवाने	marwane:2	marvane:1
मरसिए	marsiy:1	marsiye:1	merceye:1
मरहम	marham:3
मरहूम	marhum:2	marhoom:1
मरा	mara:3
मराठा	maratha:3
मराठाओं	marathaon:3
मराठी	marathi:3
मराठों	marathon:3
मरियम	mariyam:2	mariyan:1
मरी	mari:3
मरीचि	marichi:3
मरीज	marij:2	mariz:1
मरीजों	marijon:3
मरीन	marin:1	marina:1	marine:1
मरीना	marina:3
मरुभूमि	marubhoomi:2	marubhumi:2
मरुस्थल	marusthal:3
मरुस्थलीकरण	marusthalikaran:2	marusthalikran:1
मरुस्थलों	marusthalon:3
मरूस्थल	marusthal:3
मरूस्थलीय	marusthaliy:2	marusthaliya:1
मरे	mare:3
मरेंगे	marenge:3
मरो	maro:3
मरोड़ा	maroda:3
मर्करी	markari:1	mercury:1	merkari:1
मर्केंटाइल	mercantile:2	mechantile:1
मर्केल	markal:1	mercel:1	merkel:1
मर्ग	marg:3
मर्चेंट	merchant:2	marchent:1
मर्चेंट्स	marchants:1	mechants:1	merchants:1
मर्जी	marji:3
मर्द	mard:6
मर्दानगी	mardangi:2	mardanagi:1
मर्दाना	mardana:3
मर्दानी	mardani:3
मर्दों	mardon:2	mardo:1
मर्फी	marfi:3
मर्म	marm:2	merm:1
मर्मज्ञ	marmadyan:1	marmagna:1	marmagya:1
मर्यादा	maryada:2	maryaadaa:1
मर्यादाओं	maryadaon:2	maryaadaaon:1
मर्यादित	maryadit:3
मर्स	mars:2	marse:1
मल	mal:8
मलका	malka:2	malaka:1
मलकानी	malkani:2	malakani:1
मलती	malti:2	malati:1
मलप्पुरम	malappuram:2	malppuram:1
मलबा	malaba:2	malba:1
मलबे	malabe:2	malbe:1
मलबों	malabon:2	malbon:1
मलमूत्र	malmutra:5
मलयालम	malyalam:3	malayalam:4
मलयाली	malyali:3
मलवानी	malwani:3
मलवे	malve:3
मलहम	malham:3
मलाई	malai:3	malayi:1
मलाईदार	malaidar:2	malaidaar:1	malayidar:1
मलागा	malaga:3
मलार	malar:2	malaar:1
मलारना	malarna:2	malarana:1
मलाल	malal:4
मलाला	malala:3
मलावी	malavi:2	malawi:2
मलाशय	malashay:3
मलेरिया	maleriya:2	malaria:3
मलेशिया	malaysia:4	alaysia:1
मल्टी	multi:3
मल्टीटास्किंग	multitasking:7
मल्टीमीडिया	multimedia:3
मल्लिका	mallika:3	malika:1
मल्लेश्वरी	malleshvari:1	malleshwari:1	malleswari:1
मल्हार	malhar:2	malhaar:1
मल्हारगंज	malharganj:3
मल्होत्रा	malhotra:4
मवाली	mavali:2	mawaali:1
मवेशियों	maveshiyon:3
मवेशी	maveshi:3
मशद	mashad:3
मशरक	mashrak:3
मशरूम	mushroom:3
मशहूर	mashur:2	mashhur:2	mashhoor:1	mashoor:1
मशहूरियत	mashhuriyat:2	mashhooriyat:1	mashooriyat:1
मशाल	mashaal:3	mashal:3
मशीन	mashin:2	machine:4	machin:1
मशीनरी	machinery:3	machinari:1
मशीनी	machini:2	mashini:1
मशीनीकरण	machinikaran:3
मशीनें	mashinen:2	machinein:1	machinen:1
मशीनों	mashinon:2	machinon:3
मसलन	masalan:2	maslan:2
मसल्स	muscles:2	muscle:1
मसा	masa:2	masaa:1
मसाकाजा	masakaja:3
मसाज	masaj:4	massage:1
मसान	masaan:3	masan:1
मसानी	masani:3
मसाबा	masaba:3
मसाला	masala:3	masaala:1
मसाले	masale:3	masaale:1
मसालेदार	masaledar:3	masaaledaar:1	masaledaar:1
मसालों	masalon:3
मसीहा	masiha:2	maseehaa:1
मसुदनपुर	masudanpur:3
मसूड़ों	masudon:3
मसूद	masood:2	masud:2
मसूर	masoor:2	masur:2
मसूरी	mussoorie:4	masuri:1
मसौदा	masauda:3
मसौदे	masaude:3
मस्जिद	masjid:5	mazjid:1
मस्जिदों	masjidon:3
मस्त	mast:6
मस्तानी	mastani:3
मस्तिष्क	mastishk:6
मस्ती	masti:7
मस्से	masse:3
महंगा	mahanga:3	mehnga:2
महंगाई	mahangai:4	mehngai:2	mahngai:1	mehengai:1
महंगी	mahangi:3	mehengi:1
महंगे	mahange:4	mahenge:1
महंत	mahant:6	mehant:1
महंतों	mahanton:3
महक	mahak:3	mehek:1
महकता	mahakata:2	mahakta:1	mehekta:1
महकने	mahakane:1	mahakne:1	mahkane:1	mehkane:1
महकमे	mahkame:2	mahakame:1
महज	mahaj:3	mahaz:1
महजबीन	mahjabeen:1	mahjabin:1	mehjabin:1
महज़	mahaj:1	mahaz:1	mahej:1
महतारी	mahtari:4
महती	mahati:1	mahti:1	mahtti:1
महतो	mahto:3	mahato:1	mehto:1
महत्तम	mahatam:1	mahattam:1	mahttam:1	mehattam:1
महत्ता	mahatta:2	mahtta:2
महत्त्व	mahatva:1	mahttav:1	mahtva:1
महत्त्वपूर्ण	mahtvapurn:2	mahattvapoorn:1	mahattvapurn:1	mahatvapurn:1
महत्व	mahatv:3	mahatva:4	mahatav:1
महत्वपूर्ण	mahattwapurn:5	mahatvapoorn:2	mahatavpurn:1	mahatvapurn:1
महत्वाकांक्षा	mahatvakanksha:2	mahtyakansha:1
महत्वाकांक्षी	mahatvakankshi:2	mahtyakanshi:1
महत्व्पूर्ण	mahatvapoorn:2	mahatavpurn:1	mahtavpurn:1
महफिलों	mahfilon:3
महबूब	mahbub:2	mehboob:1	mehbub:1
महबूबनगर	mahabubnagar:1	mahbubnagar:1	mehabubnagar:1
महबूबा	mahbuba:2	mehbooba:1	mehbuba:1
महमूद	mahmud:3
महराजा	maharaja:2	mahraja:1
महरौली	mahrauli:2	mehrauli:1
महर्षि	maharshi:2	mahrshi:1
महर्षियों	maharshiyon:2	mahrshiyon:1
महल	mahal:3
महलों	mahalon:2	mahlon:1
महसूस	mahsus:2	mahsoos:1	mahsusa:1
महांति	mahanti:3
महाकवि	mahakavi:6
महाकाल	mahakal:3
महाकाली	mahakali:3
महाकालेश्वर	mahakaleshwar:2	mahakalesvar:1
महाकाव्य	mahakavya:2	mahakavy:1
महाकाव्यों	mahakavyon:3
महाकाश्यप	mahakashyap:2	mahakasyap:1
महाकौशल	mahakaushal:2	mahakoshal:1
महागणपति	mahaganpati:2	mhaganpati:1
महागुरु	mahaguru:3
महागौरी	mahagauri:3
महाग्रंथ	mahagranth:2	mhagranth:1
महाजन	mahajan:2	mhajan:1
महाजनों	mahajanon:3
महात्मा	mahatma:5
महात्म्य	mahatmy:1	mahatmya:1	mhatmya:1
महाथिर	mahathir:2	mhathir:1
महादशा	mahadasha:2	mhadsha:1
महादेव	mahadev:4	mhadev:2
महादेवन	mahadevan:2	mhadevan:1
महादेवा	mahadeva:2	mhadeva:1
महादेवी	mahadevi:2	mhadevi:1
महादेवों	mahadevon:2	mhadevon:1
महादेशीय	mahadeshiy:2	mhadeshiy:1
महादेशों	mahadeshon:2	mhadeshon:1
महाद्वीप	mahadvip:2	mahadweep:2	mahdrip:1	mhadvip:1
महाद्वीपीय	mahadripiy:1	mahadvipiy:1	mhadwipiy:1
महाद्वीपों	mahadripon:1	mahadvipon:1	mhadvipon:1
महाधमनी	mahadhamani:1	mahadhamni:1	mhadhmani:1
महान	mahan:2	mhan:1
महानंद	mahanand:2	mhanand:1
महानगर	mahanagar:3
महानगरी	mahanagari:2	mhanagari:1
महानगरीय	mahanagariy:2	mhanagriy:1
महानगरों	mahanagaron:3
महानतम	mahanatam:1	mahantam:1	mhantam:1
महानता	mahanata:2	mhanata:1
महानदी	mahanadi:2	mhanadi:1
महानायक	mahanayak:2	mhanayak:1
महानायकों	mahanayakon:2	mhanaykon:1
महानिदेशक	mahanideshak:1	mahanirdeshak:1	mhanideshak:1
महापरिनिर्वाण	mahaparinirvan:2	mhaprinirvan:1
महापुराण	mahapuran:2	mhapuran:1
महापुरुष	mahapurush:2	mhapurush:1
महापुरुषों	mahapurushon:2	mhapurushon:1
महापौरों	mahapauron:2	mhapauron:1
महाप्रज्ञ	mahapragya:2	mhapradyan:1
महाप्रबंधक	mahaprabandhak:2	mhaprabandhak:1
महाप्रभु	mahaprabhu:2	mhaprabhu:1
महाप्रलय	mahapralay:1	mahapraly:1	mhapralay:1
महाप्राण	mahapran:2	mhapran:1
महाबल	mahabal:3
महाबलशाली	mahabalshali:2	mhabalshali:1
महाबली	mahabali:2	mhabali:1
महाबलीपुरम	mahabalipuram:3
महाभारत	mahabharat:2	mhabharat:1
महाभोज	mahabhoj:2	mhabhoj:1
महामंडल	mahamandal:2	mhamandal:1
महामंडलेश्वर	mahamandaleshwar:2	mhamandaleshwar:1
महामंत्र	mahamantr:1	mahamantra:1	mhamantra:1
महामंत्री	mahamantri:2	mhamantri:1
महामहिम	mahamahim:2	mhamhim:1
महामहोपाध्याय	mahamahopadhyay:1	mahamahopadhyaya:1	mhamhopadhyay:1
महामाया	mahamaya:2	mhamaya:1
महामारी	mahamari:2	mhamari:1
महामार्ग	mahamarg:2	mhamarg:1
महायान	mahayaan:1	mahayana:1	mhayan:1
महायुद्ध	mahayuddh:2	mhayudh:1
महारथी	maharathi:3
महाराज	maharaj:6
महाराजगंज	maharajganj:2	mahrajganj:1
महाराजा	maharaja:6
महाराजाओं	maharajaon:3
महाराणा	maharana:3
महारानी	maharani:3
महाराष्ट्र	maharashtra:3
महाराष्ट्रीय	maharashtriy:2	maharashtria:1
महाराष्ट्रीयन	maharashtrian:2	mharashriyan:1
महालक्ष्मी	mahalakshmi:4	mahalaxmi:1	mahalkshami:1
महावत	mahavat:2	mhavat:1
महाविज्ञान	mahavigyan:2	mhavidyan:1
महाविद्या	mahavidya:2	mhavidya:1
महाविद्याओं	mahavidyaon:2	mahavidhyaon:1
महाविद्यालय	mahavidyalaya:2	mahavidhyalay:1	mahavidyalay:1
महाविद्यालयों	mahavidhyalayon:1	mahavidyalayon:1	mhavidyalyon:1
महाविधालय	mahavidyalay:1	mahavidyalaya:1	mhavidhalay:1
महाविष्णु	mahavishnu:3
महाविहार	mahavihar:3
महावीर	mahavir:2	mahaveer:2
महाशक्ति	mahashakti:2	mahashkti:1
महाशक्तियों	mahashaktiyon:2	mahashktiyon:1
महाशय	mahashay:2	mahashaye:1
महाशिवरात्रि	mahashivratri:2	mahashivrati:1
महाश्मशान	mahashamshan:1	mahashmashaan:1	mahashmshan:1
महाश्वेता	mahashweta:3
महासंघ	mahasangh:2	mahasanjh:1
महासगर	mahasagar:2	mahasgar:1
महासचिव	mahasachiv:4
महासभा	mahasabha:3
महासमर	mahasamar:2	mahasmar:1
महासमाधि	mahasamadhi:3
महासम्मेलन	mahasammelan:3
महासरस्वती	mahasaraswati:2	mahasarswati:1
महासर्वेक्षक	mahasarvekshak:2	mahasaraveshak:1
महासागर	mahasagar:3
महासागरीय	mahasagariy:1	mahasagariya:1	mahasagriy:1
महासागरों	mahasagaron:3	mahasaagaron:1
महासिंह	mahasingh:2	mahasinh:1
महासुख	mahasukh:3
महिंद्रा	mahindra:3
महिना	mahina:3
महिने	mahine:3
महिपाल	mahipal:3
महिपालपुर	mahipalpur:3
महिम	mahim:3
महिमा	mahima:3
महिला	mahila:3
महिलाएं	mahilayen:3	mahilaen:1	mahilayan:1
महिलाऐं	mahilayen:2	mahilaen:1
महिलाओं	mahilaon:6	mahilao:1
महिलावादी	mahilawadi:2	mahilavadi:1
महिषासुर	mahishasur:2	mahishsura:1
महिष्मति	mahishmati:3
महीन	mahin:3
महीना	mahina:3
महीने	mahine:3
महीनों	mahinon:4
महीसागर	mahisagar:3	mahisaagar:1
महुआ	mahua:2	mahuaa:1	mahuva:1
महेंद्र	mahendra:6
महेंद्रनाथ	mahendranath:3
महेला	mahela:3
महेश	mahesh:3
महेश्वर	maheshwar:3
महोत्सव	mahotsav:3
महोत्सवों	mahotsavon:3
महोदय	mahoday:3
महोबा	mahoba:3
महोली	maholi:3
माँ	maa:2	ma:1
मां	maa:5	ma:2	mna:1
मांओं	maaon:2	maon:1
मांग	mang:2	maang:1
मांगता	maangta:1	mangata:1	mangta:1
मांगनी	mangni:2	mangani:1
मांगने	maangne:1	mangane:1	mangne:1
मांगलिक	manglik:5	maanglik:1
मांगलिया	manglia:2	maangliya:1
मांगा	manga:2	maanga:1
मांगी	mangi:3	maangi:1
मांगे	mange:2	maange:1
मांगें	maange:1	mangein:1	mangen:1
मांगो	mango:3
मांगों	maangon:2	mangon:1
मांजरेकर	manjrekar:3
मांझी	manjhi:2	manji:1
मांट	mant:3
मांट्रियल	montreal:2	material:1
मांडला	mandla:2	mandala:1
मांडवा	mandwa:2	mandava:1
मांडवी	mandvi:2	mandavi:1
मांद	mand:2	maand:1
मांधाता	mandhata:3
मांबा	mamba:3
मांस	mans:2	maas:1
मांसपेशियां	manspeshiyan:2	maaspeshiyan:1
मांसपेशियों	manspeshiyon:2	maaspeshiyon:1
मांसपेशी	manspeshi:2	maaspeshi:1
मांसाहारी	maansaahaari:2	mansahari:3
माइक	mike:3
माइकल	michael:3
माइकल्स	michaels:3
माइका	mica:2	maika:1
माइक्रान	micran:3
माइक्रॉन	micron:3
माइक्रो	micro:3
माइक्रोग्राम	microgram:3
माइक्रोनेशिया	microneshiya:2	micronesia:1
माइक्रोप्रोसेसर	microprocessor:3
माइक्रोफाइनांस	microfinance:3
माइक्रोफाइनेंस	microfinance:3
माइक्रोफोन	microphone:3
माइक्रोब	microbe:2	microb:1
माइक्रोबायोलॉजिस्ट	microbiologist:3
माइक्रोब्लॉगिंग	microblogging:6
माइक्रोवेव	microwave:3
माइक्रोसॉफ्ट	microsoft:3
माइक्रोस्कोप	microscope:3
माइक्रोस्कोपी	microscopy:3
माइग्रेन	migraine:2	migrane:1
माइन	mine:2	main:1
माइनर	minor:2	miler:1
माइनस	mines:2	minus:1
माइनिंग	mining:3
माइम	mime:2	maim:1
माई	mai:2	may:1	my:1
माउंट	mount:3
माउंटबेटन	mountbatten:3
माउंटेंस	mountains:3
माउंटेन	mountain:3
माउंटेनियरिंग	mountaineering:3
माउथ	mouth:3
माउथवॉश	mouthwash:3
माउस	mouse:3
माएँ	maaein:1	maaen:1	maayen:1
माओ	mao:2	maao:1
माओत्से	maoste:1	maotase:1	maotsey:1
माओरी	maori:3
माओवादी	maovaadi:1	maovadi:1	maowadi:1
माकपा	makpa:2	maakpa:1
माक्र्स	marks:2	markers:1
माखन	maakhan:1	makhan:1	makhna:1
माखनलाल	makhanlal:2	maakhanlal:1
माखीजा	makhija:2	maakhija:1
मागें	maagen:1	mange:1	mangen:1
माघ	magh:2	maagh:1
माच	mach:2	maach:1
माचिस	maachis:2	machis:1
माजिन	majin:2	maajin:1
माजुली	majuli:2	maajuli:1
माजून	maajoon:1	majoon:1	majun:1
माटी	mati:2	maati:1
माटुंगा	matunga:2	maatunga:1
माठा	maatha:1	math:1	matha:1
माडल	model:2	madal:1
माडिया	madiya:2	maadiya:1
माणिक	manik:2	maanik:1
माण्डले	maandaley:1	mandale:1	mandel:1
मात	maat:2	mat:1
मातंग	matang:2	maatang:1
मातम	matam:2	maatam:1
मातर	matar:2	maatar:1
मातरम्	mataram:3
मातहत	mathat:2	maathat:1
माता	mata:2	maata:1
माताएं	mataein:1	mataen:1	matayan:1
माताओं	mataon:3
माताजी	mataji:3
मातापिता	matapita:6
मातारानी	matarani:3
मातृ	matra:2	matru:1
मातृत्व	matratav:1	matratva:1	matrutv:1
मातृभाषा	matrubhasha:2	matrabhasha:1
मातृभूमि	matrabhoomi:2	matrubhumi:1
मातोंडकर	maatindkar:1	mathondkar:1	matondkar:1
मात्र	matra:4
मात्रा	matra:3
मात्राओं	matraon:2	mataron:1
मात्रात्मक	matratmak:3
माथा	matha:3
माथुर	mathur:3
माथे	mathe:2	mathey:1
मादक	madak:2	maadak:1
मादा	maada:2	mada:2
मादाएं	madaein:1	madaen:1	madayein:1
मादाओं	madaon:3
माधव	madhav:2	maadhav:1
माधवदास	madhavdas:3
माधवन	maadhavan:1	madhavan:1	madhvan:1
माधवराव	madhavraav:1	madhavrao:1	madhavrav:1
माधवानी	madhavani:2	madhvani:1
माधवी	madhavi:2	maadhavi:1
माधुरी	madhuri:3
माधुर्य	maadhurya:1	madhury:1	madhurya:1
माधोपुर	madhopur:3
माधोसिंह	madhosingh:2	maadhosingh:1
माध्य	maadhy:1	maadhye:1	madhya:1
माध्यम	madhyam:12	maadhyam:1	madhayam:1
माध्यमिक	madhyamik:2	maadhymik:1
माध्यमों	madhayamon:1	madhyamon:1	madhymon:1
मान	maan:3
मानक	manak:6	maanak:3
मानकर	maankar:2	mankar:1
मानकीकरण	maanakikaran:1	maankikaran:1	mankikaran:1
मानकीकृत	maanakikrat:1	maankikrut:1	mankikrit:1
मानकों	mankon:2	maanakon:1
मानचित्र	maanchitra:1	manachitra:1	manchitra:1
मानचित्रण	manchitran:2	maanchitran:1
मानचित्रों	manchitron:2	maanchitron:1
मानतलाई	manatlai:2	maantalaaee:1
मानता	manta:2	maanata:1
मानती	maanati:1	manati:1	manti:1
मानते	mante:8	maanate:1	manate:1
मानद	manad:2	maanad:1
मानदंड	mandand:2	maandand:2
मानदंडों	maandandon:1	mandando:1	mandandon:1
मानना	manana:2	maanana:1
माननीय	maananiye:1	mananiy:1	mananiya:1
मानने	manne:2	maananey:1
माननेवाले	mananeyvaley:1	mannevale:1	mannewale:1
माननेवालों	maananeyvalon:1	mannevalon:1	mannewalon:1
मानपुर	manpur:2	maanpur:1
मानपुरा	manpura:3
मानव	manav:5	maanav:1	manv:1
मानवकल्याण	manavkalyan:3
मानवजनित	manavjanit:3
मानवता	manvata:2	manavta:3
मानवतावाद	manavtavaad:2	manavatavad:1
मानवतावादी	manavtavaadi:2	manavatavadi:1
मानवनिर्मित	manavnirmit:5	maanavnirmit:1
मानवरहित	manavrahit:6
मानववाद	manavvaad:2	manavvad:1
मानवशास्त्र	manavshastra:2	manavshastr:1
मानवाधिकार	manvadhikar:2	manavdhikar:1
मानवाधिकारों	manvadhikaron:2	manavdhikaron:1
मानविकी	maanviki:1	manvicky:1	manviki:1
मानवी	manavi:2	manvi:1
मानवीय	manaviya:2	maanviy:1	manaveeye:1	manviy:1
मानवों	manavon:3
मानस	manas:3
मानसरोवर	mansarovar:2	manasarovar:1
मानसिंह	mansingh:3
मानसिक	mansik:2	manasik:1
मानसिकता	mansikata:2	mansikta:1
मानसी	mansi:2	mansai:1
मानसून	mansun:2	mansoon:1	monsoon:1
मानसूनी	mansuni:2	maansuni:1	manasuni:1
मानहानि	manhani:3
माना	mana:3	maanaa:1
मानिक	manik:2	mansik:1
मानी	mani:5	maani:1
मानुष	manush:3
मानें	manen:2	maanen:1	manon:1
मानेंगे	manenge:3
मानेगा	manega:3	maanegaa:1
मानेगी	manegi:3	maanegi:1
मानो	mano:3	maano:1
मान्धाता	mandhata:2	mandhta:1
मान्य	manya:2	many:1
मान्यता	manyata:3
मान्यताएं	manyataayen:1	manyataen:1	manyatayen:1
मान्यताओं	manyataon:3
मान्यतानुसार	manyatanusar:3
माप	maap:3	map:3	mop:1
मापक	mapak:3	maapak:1
मापता	mapta:2	maapata:1	mapata:1
मापदंड	mapdand:3
मापदंडों	mapdandon:3
मापन	mapan:3	maapan:1
मापनी	mapni:2	maapani:1	mapani:1
मापने	mapne:2	maapane:1	mapane:1
मापुसा	mapusa:3
मापे	mape:3	maape:1
मापेगा	mapega:3	maapegaa:1
माफ	maaf:3	maf:1
माफिया	mafia:2	mafiya:1
माफियाओं	maafiyoon:1	mafiaon:1	mafiyaon:1
माफी	mafi:2	maafi:1
माफीनामा	mafinama:2	mafinaam:1
मामला	mamla:3	mamala:2	maamala:1	maamla:1
मामली	mamali:2	maamali:1	mamli:1
मामले	mamle:7	mamale:2
मामलों	mamlon:4	mamalon:2
मामा	mama:4
मामी	mami:3
मामूली	mamuli:2	mamooli:1
मामे	mame:3
माय	my:3	maay:1
मायड़	mayad:3
मायना	mayana:2	mayna:1
मायने	mayne:3
मायनों	mayanon:2	maynon:1
माया	maya:4
मायावती	mayawati:2	mayavati:1
मायावी	mayavi:3
मायो	mayo:2	maayo:1
मार	maar:7	mar:5
मारकाट	maarkaat:2	markat:2
मारता	maarati:1	maarta:1	marta:1
मारती	maarati:1	maarti:1	marti:1
मारते	maarte:1	maartey:1	marte:1
मारना	maarna:2	marna:1
मारने	marne:4	maaraney:1	maarne:1
मारवाड़	maarvaad:1	marvad:1	marwar:1
मारवाड़ी	maarwaadi:1	marvadi:1	marwari:1
मारा	mara:2	maara:3	maaraa:1
मारियन	mariyan:2	maariyan:1
मारिया	mariya:4	maariya:1
मारियो	mariyo:2	maariyo:1	mario:1
मारी	maari:3	mari:2
मारीच	maareech:1	maarich:1	marich:1
मारुति	maruti:2	maaruti:1
मारून	maaroon:1	maarun:1	marun:1
मारे	mare:7	maare:1	maarey:1
मार्क	mark:9
मार्कर	marker:2	markar:1
मार्कस	marks:4
मार्किंग	marking:3
मार्किट	market:6
मार्की	marky:2	marki:1
मार्केट	market:9
मार्केटिंग	marketing:3
मार्को	marco:4	marko:1
मार्क्स	marks:4
मार्क्सवाद	marksvad:1	markswaad:1	markswad:1
मार्क्सवादी	marksvaadi:1	marksvadi:1	markswadi:1
मार्ग	marg:10
मार्गदर्शक	margdarshak:3
मार्गदर्शकों	margdarshakon:3
मार्गदर्शन	margadarshan:2	margdarshan:2	margdarshak:1
मार्गी	margi:3
मार्गों	margon:3
मार्च	march:8
मार्चिंग	marching:4
मार्जिन	margin:1	margine:1	marjin:1
मार्टिन	martin:3
मार्टिनो	martino:2	marino:1
मार्टी	marty:2	marti:1
मार्था	martha:3
मार्मिक	marmik:3
मार्लबोरो	marlboro:3
मार्ले	marle:2	marley:1
मार्वल	marvel:3	marval:1
मार्श	marsh:3	morsh:1
मार्शमैलो	marshmallow:2	marshmaillo:1	marshmailo:1
मार्शल	marshal:3	marshall:1	mashal:1
मार्शा	marsha:3
मार्स	mars:3	marsh:1
मार्सेलो	marcelo:2	marsalo:1
माल	maal:7	mal:3
मालखरौदा	maalkharauda:1	malkharauda:1	malkhrauda:1
मालती	malti:3
मालदा	malda:3
मालदीव	maldeev:2	maldiv:1
मालवण	maalvan:1	malvan:1	malwan:1
मालवा	malwa:2	malva:1
मालवाहक	malvahak:2	malwahik:1
मालवाही	malwahi:2	malvahi:1
मालविका	malvika:3
मालवीय	malviya:2	malviy:1
माला	mala:3	maala:1
मालाओं	malaon:3
मालाकार	malakar:2	malakaar:1
मालानी	malani:3
मालाबार	malabar:3
मालावी	malavi:2	malawi:1
मालिकाना	malikana:2	maalikana:1
मालिकी	maliki:3
मालिकों	maalikon:2	malikon:2
मालिन	malin:2	maalin:1
मालिनी	malini:5
मालिश	malish:2	maalish:1
माली	mali:5	maali:1
मालूम	malum:2	maloom:2
मालों	malon:2	maalon:1
माल्ट	malt:3
माल्टा	malta:3
मावजी	mavji:2	maavji:1
मावरा	mavra:3
मावलंकर	mavalankar:2	maavlankar:1
मावली	mavli:3	mavali:2	maavali:1
मावे	mave:2	mavey:1
मास	maas:2	mas:1	mass:1
मासिक	masik:2	maasik:1
मासी	masi:2	maasi:1
मासूम	masoom:2	masum:1
मासूमों	masoomon:2	masumon:1
मासों	mason:2	maason:1
मास्क	mask:3	maasak:1
मास्को	moscow:2	masco:1
मास्टर	master:4
मास्टरिंग	mastering:3
मास्टरों	masteron:2	mastron:1
मास्टर्स	masters:3
माह	mah:2	maah:1
माहवारी	mahvaari:1	mahvari:1	mahwari:1
माहिया	mahiya:3
माहिर	mahir:3
माहिष्मति	mahishmati:2	maahishmati:1
माही	mahi:2	maahi:1
माहुल	mahul:3
माहेश्वरी	maheshwari:3
माहों	mahon:2	maahon:1
माहौल	mahaul:3
माॅरिशस	mauritious:1	moreshes:1	moresis:1
मि	me:2	mi:1
मिंक	mink:3
मिंग	ming:3
मिंगोरा	mingora:3
मिक्स	mix:3
मिक्सचर	mixture:3
मिक्सिंग	mixing:3
मिग्रा	migra:2	migraa:1
मिचलाना	michalaanaa:1	michalana:1	michlana:1
मिचलाने	michalaane:1	michlaaney:1	michlane:1
मिचली	michali:3
मिचेल	micheil:1	michel:1	michelle:1
मिज़ोरम	mizoram:3
मिजोरम	mizoram:2	mijoram:1
मिट	mit:2	meet:1
मिटता	mitata:2	mitataa:1
मिटा	mita:2	mitaa:1
मिटाओ	mitao:2	mitaao:1
मिटाते	mitaate:1	mitate:1	mitatey:1
मिटाना	mitana:2	mitaanaa:1
मिटाने	mitaane:1	mitaaney:1	mitane:1
मिट्टी	mitti:3
मिट्ठी	mitthi:3
मिट्ठू	mitthoo:1	mitthu:1	mituth:1
मिठाई	mithaai:3	mithai:1
मिठाईयों	mithaaiyon:2	mithaiyon:1
मिठास	mithaas:2	mithas:1
मिड	mid:3
मिडल	middle:3
मिडवे	midway:5	midave:1
मिडिया	media:3
मिडिल	middle:3
मितवा	mitava:1	mitwa:1	mitwaa:1
मित्तल	mittal:3
मित्र	mitr:3	mitra:3
मित्रता	mitrata:3
मित्रों	mitron:3
मिथ	mith:2	myth:1
मिथक	mithak:2	mythic:1
मिथकों	mithakon:2	mithkon:1
मिथिला	mithila:3
मिथिलांचल	mithilanchal:3
मिथिलेश	mithilesh:3
मिथुन	mithun:6
मिथेन	mithen:2	methane:1
मिथ्या	mithya:3
मिदनापुर	midnapur:2	midanapur:1
मिन	min:2	mean:1
मिनट	minute:2	minat:1
मिनटों	minuton:2	miniton:1
मिनर्वा	minarva:1	minerva:1	minrva:1
मिना	mina:2	meena:1
मिनार	minar:3
मिनिएचर	miniechar:2	miniature:1
मिनिट	minute:3
मिनिमल	minimal:3
मिनिस्टर	minister:4
मिनिस्ट्री	ministry:3
मिनी	mini:3
मिनीषा	minisha:2	minissha:1
मिनेसोटा	minnesota:3
मिन्ह	minh:2	minha:2
मिमिक्री	mimicry:3
मिमी	mimi:3
मिया	miyaa:2	mia:1	miya:1
मियामी	miyami:2	miami:1
मिरर	mirror:3
मिरर्स	mirrors:3
मिरेन	miren:3
मिर्गी	mirgi:3
मिर्च	mirch:5	mirchi:1
मिर्ची	mirchi:3
मिर्ज़ा	mirza:3
मिर्जा	mirza:2	mirja:1
मिर्जापुर	mirzapur:2	mirjapur:1
मिल	mil:2	meal:1
मिलकर	milkar:3
मिलकियत	milkiyat:3
मिलजुलकर	miljulkar:2	miljulakar:1
मिलता	milta:18	milata:2	milataa:1
मिलती	milti:12	milati:3
मिलते	milte:2	milate:1
मिलन	milan:3
मिलना	milna:2	milana:2	milanaa:1
मिलनी	milani:3
मिलने	milne:4	milane:3
मिलर	miller:2	milar:1
मिला	mila:3	milaa:1
मिलाइए	milaie:2	milaaiye:1	milaiye:1
मिलाई	milaai:2	milai:2
मिलाए	milae:2	milaaye:1	milaye:1
मिलाएं	milaen:2	milaayen:1	milayen:1
मिलाकर	milakar:3	milaakar:1
मिलाजुला	milajula:2	milaajulaa:1
मिलाती	milaati:2	milati:2
मिलाते	milaate:2	milate:2
मिलान	milan:5	milaan:1
मिलाना	milaanaa:2	milana:2
मिलानी	milaani:2	milani:2
मिलाने	milane:4	milaane:3
मिलाप	milaap:2	milap:2
मिलाया	milaayaa:2	milaya:2
मिलावट	milaavat:2	milavat:2
मिलिंद	milind:3
मिलियन	million:2	millium:1
मिली	mili:6
मिलीग्राम	milligram:2	miligram:1
मिलीजुली	milijuli:3
मिलीभगत	milibhagat:3
मिलीमीटर	millimeter:3
मिलीयन	million:3
मिले	mile:6
मिलें	milen:2	milein:1
मिलेंगे	milenge:3
मिलेगा	milega:2	milegaa:2
मिलेगी	milegi:3
मिलेजुले	milejule:3
मिलेनियम	melaniam:1	millennium:1	millionaire:1
मिलेनियर	millionaire:3
मिलो	milo:6
मिल्क	milk:3
मिल्कियत	milkiyat:3
मिल्कीपुर	milkipur:3
मिल्टन	milton:3
मिल्न	miln:2	milan:1
मिल्लत	millat:3
मिल्स	mills:2	meals:1
मिशन	mishan:3	mission:3
मिशनरियों	machanarion:1	missionariyon:1	missionriyon:1
मिशनरी	missionary:2	machinery:1
मिशनरीज	missionaries:2	machineries:1
मिशनों	missionon:2	mashanon:1
मिशा	misha:3
मिशिगन	michigan:2	mishigun:1
मिशेल	mishel:2	michelle:1
मिश्र	mishra:2	mishr:2
मिश्रण	mishran:3
मिश्रा	mishra:3
मिश्रित	mishrit:3
मिष्ठान	mishthan:2	mishthaan:1
मिस	miss:3
मिसल	misal:3
मिसाइल	missile:3	misail:1
मिसाइलें	missilein:2	meshailen:1
मिसाइल्स	missiles:2	misails:1
मिसाल	misaal:2	misal:1
मिसालें	misaalein:1	misale:1	misalein:1
मिसिसिपी	misicipi:1	misisipi:1	mississippi:1
मिसिसॉगा	misisaga:1	misisonga:1	mississauga:1
मिसौरी	missouri:2	missauri:1
मिस्टर	mister:3
मिस्टी	misty:2	mystery:1
मिस्टेक्स	mistakes:3
मिस्ट्री	mistry:2	mistri:1	mystery:1
मिस्बाह	misbah:3
मिस्र	misr:10	misra:2	misar:1
मिस्रवासियों	misarvasiyon:1	misrawasiyon:1	misrvaasiyon:1
मिस्रवासी	misarvasi:1	misravasi:1	misrvaasi:1
मिस्री	misri:3
मिस्सी	missi:3
मिहिर	mihir:3
मिहिरभोज	mihirbhoj:3
मी	me:2	mee:1
मीजी	miji:2	meeji:1
मीट	meet:2	meat:1
मीटर	meter:2	metre:2
मीटर्स	metres:2	meters:1
मीटिंग	meeting:3
मीट्रिक	metric:2	metrick:1
मीठा	meetha:2	mitha:1	mithaa:1
मीठापुर	mithapur:2	meethapur:1
मीठी	meethi:2	mithi:1
मीठे	mithe:2	meethe:1	meethey:1
मीड	mead:1	meed:1	mid:1
मीडियम	medium:6
मीडिया	media:4
मीणा	meena:4	mina:1
मीता	meeta:3	mita:1
मीथेन	methane:3
मीन	meen:3	mean:1	min:1
मीनल	minal:2	meenal:1
मीना	mina:2	meena:1
मीनाक्षी	minakshi:2	meenakshi:1
मीनाक्षीपुरम	minakshipuram:2	meenakshipuram:1
मीनार	minar:2	meenar:1
मीनिंग	meaning:3
मीनू	minu:2	meenu:1
मीमांसा	mimansa:2	meemansa:1
मीर	mir:2	meer:1
मीरगंज	mirganj:2	meerganj:1
मीरजापुर	meerjapur:1	mirjapur:1	mirzapur:1
मीरजाफर	mirjafar:2	meerjafar:1
मीरन	miran:2	meeran:1
मीरा	meera:2	mira:2
मीरान	meeran:2	miran:2
मील	mil:2	meeley:1
मीलों	milon:2	meelon:1
मीसा	misa:2	meesa:1
मुंगेर	munger:2	mungeir:1
मुंगेरी	mungeri:3
मुंडवा	mundwa:2	mundva:1
मुंडा	munda:3
मुंडारा	mundara:3
मुंडावर	mundawar:2	mundavar:1
मुंडे	munde:5	mundey:1
मुंडेर	munder:2	mundeir:1
मुंडेश्वरी	mundeshwari:3
मुंबई	mumbai:8
मुंशी	munshi:3
मुंशीगंज	munshiganj:3
मुंसिफ	munsif:3
मुंह	munh:3	muh:2	moonh:1
मुंहासे	muhasey:1	munhase:1	munhasi:1
मुंहासों	muhason:3
मुअम्मर	muammar:3
मुआवजा	muaawja:1	muavaja:1	muawaja:1
मुआवजे	muaawajey:1	muaawje:1	muavaje:1
मुईन	muin:2	mueein:1
मुकदमा	mukadma:2	mukadama:1
मुकदमे	mukadame:1	mukadme:1	mukadmey:1
मुकदमें	mukadamen:1	mukadmein:1	mukadmen:1
मुकदमों	mukadmon:3
मुकद्दर	mukaddar:3	muqaddar:1
मुकम्मल	mukammal:2	mukmmal:1
मुकर	mukar:3
मुकरते	mukarte:2	mukartey:1
मुकाबला	mukabala:2	muqabla:1
मुकाबले	mukabale:2	muqabaley:1
मुकाबलों	mukabalon:2	muqabalon:1
मुकाम	mukam:3	mukaam:2
मुकुंद	mukund:3
मुकुट	mukut:3
मुकुल	mukul:3
मुकेश	mukesh:3
मुक्का	mukka:2	mukkaa:1
मुक्के	mukke:2	mukkey:1
मुक्केबाज	mukkebaaj:2	mukkebaj:1
मुक्केबाजी	mukkebaji:2	mukkebaaji:1
मुक्केबाजों	mukkebajon:2	mukkebaajon:1
मुक्त	mukt:6
मुक्तक	muktak:3
मुक्ति	mukti:6
मुक्तिदाता	muktidaata:1	muktidaataa:1	muktidata:1
मुक्तिधाम	muktidham:2	mukhdhaam:1
मुक्तिबोध	muktibodh:2	mukatibodh:1
मुक्तेश्वर	mukteshwar:2	mukhteshwar:1
मुख	mukh:3
मुखड़ा	mukhda:2	mukhada:1
मुखड़े	mukhade:2	mukhdey:1
मुखपृष्ठ	mukhaprashath:1	mukhprashth:1	mukhprishth:1
मुखबिर	mukhbir:2	mukhabir:1
मुखबिरी	mukhabiri:1	mukhbeeri:1	mukhbiri:1
मुखबिरों	mukhbiron:2	mukhabiron:1
मुखर	mukhar:3
मुखरता	mukharta:2	mukhrata:1
मुखर्जी	mukharji:4	mujherjee:1	mukherji:1
मुखिया	mukhiya:3
मुखी	mukhi:3
मुखोपाध्याय	mukhopadhyaya:2	mukhyopadhyaay:1
मुखौटा	mukhauta:2	mukhautaa:1
मुखौटे	mukhaute:2	mukhautey:1
मुख्तार	mukhtar:2	mukhtaar:1	mukhyetaar:1
मुख्य	mukhya:5	mukhye:1
मुख्यत	mukhyatah:2	mukhyat:3
मुख्यतया	mukhyataya:1	mukhyatayaa:1	mukhyetya:1
मुख्यधारा	mukhydhara:2	mukhyadhaara:2	mukhyadhaaraa:2	mukhyedhara:2
मुख्यभूमि	mukhyabhoomi:2	mukhyabhumi:1
मुख्यमंत्रित्व	mukhyamantritva:3
मुख्यमंत्रियों	mukhyamantriyon:3
मुख्यमंत्री	mukhyamantri:6
मुख्यालय	mukhyalay:2	mukhyalaye:1
मुगल	mugal:2	mughal:1
मुगलकाल	mugalkal:2	mugalkaal:1
मुगलसराय	mugalsaray:1	mugalsaraya:1	mughalsarai:1
मुगलों	mugalon:1	mughalon:1	mughlon:1
मुगाबे	mugabe:2	mugabey:1
मुगालिया	mugaliya:2	mughliya:1
मुग्ध	mugdh:2	mugadh:1
मुचलका	muchalka:1	muchlaka:1	muchlka:1
मुजफ्फरनगर	mujaffarnagar:2	muzaffarnagar:1
मुजफ्फरपुर	muzaffarpur:3
मुजफ्फराबाद	muzaffarabad:3
मुजम्मिल	mujamil:1	mujammil:1	muzammil:1
मुजरा	mujra:3	mujara:1
मुजाहिदीन	mujahideen:3
मुजाहिद्दीन	mujahideen:2	mujahiddhin:1
मुजीबुर	mujibur:2	mujeebur:1
मुझसे	mujhase:2	mujhse:1
मुझे	mujhe:6
मुट्ठी	mutthi:3
मुठभेड़	muthbhed:3
मुड़	mud:4
मुड़कर	mudkar:3
मुड़ने	mudne:2	mudane:1
मुताबिक	mutabik:4	mutaabik:2
मुदलियार	mudliyar:3
मुदस्सर	mudssar:2	mudassar:1
मुदित	mudit:3
मुद्गल	mudgal:2	mudal:1
मुद्दत	muddat:3
मुद्दा	mudda:3
मुद्दे	mudde:2	muddey:1
मुद्दों	muddon:2	muddhon:1
मुद्रक	mudrak:2	mudrk:1
मुद्रण	mudran:2	mudrn:1
मुद्रणालय	mudranalay:1	mudranalaya:1	mudranalya:1
मुद्रा	mudra:6
मुद्राएं	mudraen:2	mudraein:1
मुद्राओं	mudraon:3
मुद्राकोष	mudrakosh:3
मुद्रास्फीति	mudrasfiti:2	mudrasfeeti:1
मुद्रिका	mudrika:3
मुद्रित	mudrit:3
मुनक्का	munakka:3
मुनरो	munro:2	munaro:1
मुनष्य	manushaye:1	manushy:1	manushya:1
मुनाफ	munaf:3
मुनाफा	munafa:3
मुनाफे	munafe:2	munafey:1	munaphe:1
मुनासिब	munasib:3
मुनि	muni:3
मुनियों	muniyon:3
मुनिरका	munirka:3
मुनीम	muneem:2	munim:2
मुनीश्वर	munishwar:3
मुनेत्र	munetra:2	munetr:1
मुन्ना	munna:3
मुन्नी	munni:3
मुन्नू	munnu:3
मुफलिसी	muflisi:2	mufalisi:1
मुफीद	mufeed:2	mufid:1
मुफ्त	muft:3
मुफ्तखोर	muftkhor:3
मुबारक	mubarak:3
मुबारकपुर	mubarakpur:2	mubarkpur:1
मुमकिन	mumkin:3
मुमताज	mumtaj:5	mumtaz:3	mumtaaj:1	mumtaaz:1
मुय	muy:1	muya:1	muye:1
मुरझाए	murjhaaye:1	murjhaeye:1	murzaye:1
मुरब्बा	murabba:3
मुरब्बे	murabbe:2	murabbey:1
मुरमू	murmu:3
मुरली	murali:5	murli:2
मुराद	murad:3
मुरादनगर	muradnagar:3
मुरादाबाद	muradabad:2	moradabad:2
मुरीद	murid:2	mureed:1
मुरे	mure:2	murey:1
मुरैना	morena:1	muraina:1	murena:1
मुर्गा	murga:6
मुर्गी	murgi:4
मुर्झा	murjha:3
मुर्दा	murda:3
मुर्शिदाबाद	murshidabad:3
मुर्शीद	murshid:2	mursheed:1
मुर्सी	mursi:3
मुलाकात	mulakat:3	mulakaat:1
मुलाजिम	mulajim:3	mulazim:1
मुलायम	mulayam:3
मुल्क	mulk:3
मुल्कराज	mulkraj:2	mulkaraj:1
मुल्की	mulki:3
मुल्ताई	multai:2	multae:1
मुल्तान	multan:3
मुल्लाओं	mullaon:3
मुशर्रफ	musharraf:4
मुशाहिद	mushahid:3
मुश्क	mushk:3
मुश्किल	mushkil:5
मुश्किलों	mushkilon:3
मुश्ताक	mushtak:3
मुसम्मी	musammi:2	mosammi:1
मुसलमान	musalmaan:2	musalman:3
मुसलमानों	musalmaanon:2	musalmanon:3
मुसीबत	musibat:3
मुसीबतें	musibatein:2	musibaten:1
मुसोलिनी	musolini:2	mussolini:1
मुस्कुराकर	muskurakar:3
मुस्कुराते	muskurate:3	muskuraate:1
मुस्कुराहट	muskurahat:3	muskuraahat:1
मुस्तफा	mustafa:2	mustfa:1
मुस्लिम	muslim:5
मुस्लिमों	muslimon:4	muslmanon:1
मुहम्मद	muhmmad:3	muhammad:3
मुहम्मदपुर	mudammadpur:1	muhammadpur:1	muhmmadpur:1
मुहम्मदाबाद	muhammadabad:2	muhmmadabad:1
मुहर	muhar:3
मुहरों	muhron:2	muharon:1
मुहाजिर	muhajir:3	muhazir:1
मुहाना	muhana:3
मुहाने	muhane:3
मुहानों	muhanon:3
मुहाल	muhal:2	muhaal:1
मुहावरा	muhavara:2	muhavra:1
मुहावरे	muhavare:2	muhavre:1
मुहावरों	muhavaron:2	muhavron:1
मुहिम	muhim:3	muheem:1
मुहीम	muhim:3	muheem:1
मुहूर्त	muhurt:3
मुहैया	muhaiya:3
मुहैय्या	muhaiyya:3
मू	mu:3	moo:1
मूंग	moong:2	mung:2
मूंगफली	mungfali:2	moongafali:1	mungafali:1
मूंछ	munchh:3
मूंछें	munchen:1	munchhein:1	munchhen:1
मूंछों	muchhon:1	munchhon:1	munchon:1
मूंदकर	mundkar:2	moondkar:1
मूंदड़ा	mundada:2	mundara:1	mundra:1
मूक	muk:3	mook:2
मूछें	muchhen:2	muchhein:1
मूठ	mooth:2	muth:2
मूड	mood:3	mud:1
मूडी	moody:2	moodi:1
मूड्स	moods:3
मूणत	munat:2	moonat:1
मूत्र	mutra:2	mutr:1
मूत्रमार्ग	mutramarg:2	mutrmarg:1
मूत्राशय	mutrashay:3
मून	moon:3
मूनी	muni:3
मूने	mune:2	moone:1
मूर	moor:1	moore:1	mur:1
मूरत	murat:3
मूरे	mure:2	moore:1
मूरों	muron:2	mooron:1
मूर्ख	murkh:3
मूर्खतापूर्ण	murkhatapurn:1	murkhatapurna:1	murkhtaapuran:1	murkhtapoorn:1
मूर्खों	moorkha:1	moorkhon:1	murkhon:1
मूर्च्छा	moorcha:1	murchcha:1	murchha:1
मूर्छा	moorcha:2	murchho:1
मूर्छित	moorchit:2	murchhit:1
मूर्त	moort:2	murta:1
मूर्ति	murti:3	moorti:2	moorati:1	murthy:1
मूर्तिकला	mooratikala:1	moortikala:1	murtikala:1
मूर्तिकार	mooratikaar:1	moortikar:1	murtikar:1
मूर्तिपूजक	mooratipoojak:1	moortipujak:1	murtipujak:1
मूर्तिपूजा	mooratipooja:1	moortipuja:1	murtipooja:1
मूर्तिमंत	mooratimant:1	moortimant:1	murtimant:1
मूर्तिमान	moortimaan:1	moortiman:1	murtiman:1
मूर्तिया	moortiya:2	murtiya:1
मूर्तियां	mooratiyaan:1	moortiyan:1	murtiyon:1
मूर्तियों	moortiyon:2	murtiyon:1
मूर्तिशिल्प	mooratishilp:1	moortishilp:1	murtishilp:1
मूर्ती	moorati:1	moorti:1	murti:1
मूर्त्ति	moorati:1	moorti:1	murti:1
मूर्धन्य	moordhanya:1	moordhnya:1	muradhanya:1
मूल	mul:24	mool:5
मूलं	mool:1	mooln:1	mulam:1
मूलक	mulak:2	moolak:1
मूलचंद	moolchand:3	mulchand:1
मूलत	mulat:2	moolat:1
मूलतः	moolatah:1	mulat:1	multah:1
मूलधन	muldhan:2	mooldhan:1
मूलनिवासी	mulniwasi:2	moolniwasi:1
मूलभूत	mulbhut:3	moolbhoot:1	mulbhoot:1
मूलमंत्र	moolmantra:1	mulmantr:1	mulmantra:1
मूलर	moolar:1	mular:1	muller:1
मूलरूप	moolroop:1	mulroop:1	mulrup:1
मूलवासियों	moolvasiyon:1	mulwasiyon:1	mulyvasiyon:1
मूला	mula:2	moola:1
मूलांक	mulank:2	moolank:1
मूलाधार	mooladhar:1	muladhaar:1	muladhar:1
मूली	muli:4	mooli:2
मूलों	mulon:2	moolon:1
मूल्य	mulya:7	moolya:1	muly:1
मूल्यपरक	moolyaparak:1	mulyaparak:1	mulyparak:1
मूल्यबोध	moolyabodh:1	mulyabodh:1	mulybodh:1
मूल्यवर्धन	mulyavardhan:1	mulyvardhan:1	mulyyevardhan:1
मूल्यवान	moolyevaan:1	mulyavan:1	mulyvan:1
मूल्यांकन	mulyankan:3
मूल्यांकित	mulyankit:2	moolyankit:1
मूल्यों	mulyon:3
मूवमेंट	movement:3
मूवमेंट्स	movements:3
मूवमैंट	movement:2	movemaint:1
मूविंग	moving:2	mooving:1
मूवी	movie:8
मूवेबल	moovable:1	movable:1	moveable:1
मूव्स	moves:2	mooves:1
मूषक	mushak:2	mooshak:1
मूसल	moosal:2	musal:1
मूसलाधार	musladhar:2	moosladhaar:1
मूसा	musa:2	moosa:1
मृग	mrig:2	mrag:1
मृगतृष्णा	mrigtrishna:2	mragtrashana:1
मृगियों	mrugiyon:2	mragiyon:1	mrigiyon:1
मृणाल	mrunal:2	marinaal:1	mranaal:1	mrinaal:1
मृत	mrut:3	mrat:2	mrit:2	mrt:1
मृतक	mrutak:2	mratak:1	mritak:1
मृतकों	mratakon:1	mritakon:1	mrutakon:1
मृत्यु	mrutyu:13	mrityu:6
मृत्युदंड	mrityudand:2	mratyudand:1	mrutyudand:1
मृत्यृ	mrityu:3
मृदंग	mrudang:2	mradang:1	mridang:1
मृदभांड	mradbhaand:1	mridbhand:1	mrudbhand:1
मृदा	mrada:1	mrida:1	mruda:1
मृदु	mradu:1	mrid:1	mrudu:1
मृदुल	mrudul:2	mradul:1	mridul:1
मृदुला	mrudula:2	mradula:1	mridula:1
में	men:1109	mein:8
मेंं	mein:3
मेंढक	mendhak:3	mandhak:1
मेंथा	mentha:3
मेंबर	member:8
मेंबर्स	members:3
मेंशन	mention:2	mansion:1
मेंस	mens:3
मेंहदीपुर	mehandipur:2	mehendipur:1
मेक	make:9
मेकअप	makeup:3
मेकिंग	making:4
मेकैनिक	mechanic:3
मेक्सिकन	mexican:2	maxican:1
मेक्सिको	mexico:2	maxico:1
मेगा	mega:6
मेगान	megan:3
मेगापिक्सल	megapixel:10	megapixal:1
मेगाबाइट्स	megabites:2	megabytes:2
मेग्नेटिक	magnetic:2	mangentic:1
मेघ	megh:4
मेघदूत	meghdoot:3	meghdut:1
मेघना	meghana:2	meghna:1
मेघनाथ	meghnath:2	meghnaath:1
मेघनाद	meghnad:2	meghnaad:1
मेघराज	meghraj:2	meghraaj:1
मेघवंशी	meghvanshi:2	meghavanshi:1
मेघवाल	meghawal:1	meghval:1	meghwaal:1
मेघा	megha:3
मेघालय	meghalay:3	meghalaya:3
मेघों	meghon:3
मेज	mej:2	maze:1
मेजबान	mejbaan:2	mejban:1	mezbaan:1
मेजबानी	mejabani:1	mejbaani:1	mejbani:1	mezabani:1
मेजबानों	mejbanon:2	mejbaanon:1	mezbanon:1
मेजर	major:2	mejor:1
मेज़	mej:2	maze:1
मेज़बान	mejbaan:1	mejban:1	mezbaan:1
मेज़बानी	mejbaani:1	mejbani:1	mezbaani:1
मेट	mate:3	met:1
मेटल	metal:2	mattel:1
मेटलर्जी	metalargi:1	metalrji:1	meterology:1
मेटाबोलिक	metabolic:3
मेटेरियल	material:3
मेट्रिक	metric:3	matric:1
मेट्रिक्स	matrix:3
मेट्रो	metro:6
मेट्रोपॉलिटन	metropolitan:3
मेट्रोपोलिटन	metropolitan:3
मेट्रोलॉजिकल	metrological:3
मेट्स	mates:3
मेड	made:2	med:2
मेडक	medak:3
मेडम	madam:2	medam:1
मेडल्स	medals:3
मेड़ता	medta:1	merata:1	merta:1
मेड़तिया	medatiya:1	medtiya:1	meratiya:1
मेडिकल	medical:6
मेडिकेशन	medication:3
मेडिटरेनियन	mediterranean:2	meditareyniyan:1
मेडिना	medina:2	medino:1
मेडिसिन	medicine:3
मेडिसिनल	medicinal:3
मेडी	medi:5	medy:2
मेडीकल	medical:3
मेडेलिन	medalin:1	medellin:1	medilin:1
मेथड	method:3
मेथडिस्ट	methdist:2	methodist:1
मेथनॉल	methanol:3
मेथी	methi:3
मेथेन	methane:3
मेथेनॉल	methanol:3
मेदांता	medanta:3
मेधा	medha:3
मेधावी	medhavi:3
मेन	main:2	men:1
मेनका	menka:2	menaka:1
मेनन	menan:2	mennan:1
मेनली	mainly:2	menali:1
मेनू	menu:3
मेम	mem:3
मेमने	memane:1	memne:1	memney:1
मेमरी	memory:2	memari:1
मेमोरियल	memorial:3
मेमोरी	memory:5
मेयर	mayor:4
मेयर्स	mayors:3
मेयो	meyo:2	mayo:1	meo:1
मेरठ	meerut:1	merath:1	meruth:1
मेरा	mera:5	meraa:1
मेरिन	merin:3
मेरिनो	merino:3
मेरिल	meril:3
मेरी	meri:5	mary:1
मेरीलैंड	marryland:1	maryland:1	meryland:1
मेरु	meru:3
मेरुदंड	merudand:3
मेरे	mere:6
मेल	mail:10	male:9	mel:1
मेलघाट	melghat:2	melaghaat:1
मेलन	melan:3
मेलमिलाप	melmilaap:2	melamilaap:1	melmilap:1
मेला	mela:7	melaa:1
मेलाटोनिन	melatonin:2	melaatonin:1
मेलानिन	melanin:2	melaanin:1
मेलानी	melani:2	melaani:1
मेलार्थी	melarthi:2	melaarthi:1
मेलिसा	melisa:2	melissa:1
मेली	meli:3
मेले	mele:6
मेलो	melo:3	melon:1
मेलों	melon:3
मेल्टन	meltan:2	melton:1
मेवाड़ी	mewadi:2	mevaadi:1
मेवात	mewat:2	mevaat:1
मेवे	meve:2	mewe:2
मेष	mesh:3
मेसाचुसेट्स	massachusetts:3
मेसिडोनिया	macedonia:2	mesidoniya:1
मेसी	messi:2	mesi:1	messy:1
मेसोपोटामिया	mesopotamia:3
मेह	meh:3
मेहता	mehta:2	mehtha:1	mehthaa:1
मेहनत	mehnat:5	mehanat:2
मेहनतकश	mehanatakash:1	mehanatkash:1	mehnatkash:1
मेहनतकशों	mehnatkashon:2	mehanatakashon:1
मेहनताना	mehanataanaa:1	mehnataana:1	mehnataanaa:1	mehnatana:1
मेहनती	mehanati:2	mehnati:1
मेहमान	mehmaan:2	mehman:2	maheman:1	mehamaan:1
मेहमानी	mehmaani:2	mehamaani:1	mehmani:1
मेहमानों	mehamaanon:1	mehmaanon:1	mehmanon:1
मेहमूद	mehmood:2	mehmud:1
मेहर	mehar:3
मेहरबान	meharabaan:1	meharban:1	meherbaan:1
मेहरबानी	meharabaani:1	meharbani:1	meherbani:1
मेहरा	mehra:2	mehara:1
मेहराज	mehraj:2	meharaaj:1	mehraaj:1
मेहराब	mehrab:2	meharaab:1	mihrab:1
मेहराबनुमा	meharaabanumaa:1	meharabnuma:1	mehrabnuma:1
मेहराम	mehram:2	meharaam:1
मैं	main:4	maen:1
मैंगनीज	manganese:3	mainegeez:1
मैंगलोर	mangalore:3
मैंग्रोव	mangrove:3
मैंटल	mental:2	mantle:1
मैंडरिन	mandarin:3
मैंडेट	mandate:3
मैंने	maine:3
मैंशन	mainshan:1	mansion:1	mention:1
मैक	mac:2	make:1
मैककेन	maikken:1	mccain:1	mccken:1
मैकडॉनल्ड्स	mcdonalds:2	macdonalds:1
मैकडॉवेल	mcdowell:2	mecdowel:1
मैकबुक	macbook:3
मैकबेथ	macbeth:3
मैकमिलन	macmillan:2	mcmillan:1
मैकार्थी	mackarthi:1	maikarthi:1	mccarthy:1
मैके	maike:2	maeke:1
मैकेनाइज्ड	mechanized:2	mechanised:1
मैकेनिकल	mechanical:3
मैक्लारेन	maclaren:2	mclaren:1
मैक्स	max:2	maxs:1
मैक्सवेल	maxwell:3
मैक्सिकन	mexican:3
मैक्सिको	mexico:3
मैक्सिम	maxim:2	maximum:1
मैक्सी	maxi:3	maxy:1
मैगजिन	magazine:2	magzine:1
मैगजीन	magazine:2	magzine:1
मैगनस	magnus:3
मैगनोलिया	magnolia:2	magnoliya:1
मैगलगंज	maigalganj:2	meganganj:1
मैगलेव	maglev:3
मैगसेसे	magsaysay:3
मैग्नम	magnum:2	megnum:1
मैग्नस	magnus:2	magras:1
मैग्नीट्यूड	magnitude:2	megnitude:1
मैग्नीशियम	magnesium:2	magnisium:1
मैग्नेट्रॉन	magnetron:2	megnetron:1
मैग्मा	magma:2	megma:1
मैग्लेव	maglev:3
मैग्सेसे	magsaysay:2	megsese:1
मैच	match:7
मैचमेकिंग	matchmaking:3
मैचों	matchon:2	machon:1
मैजिक	magic:3
मैजिस्ट्रेट	magistrate:3
मैजेंटा	magenta:3
मैट	mate:2	mait:1	mat:1
मैटर	matter:2	maitar:1
मैटर्स	matters:2	mentors:1
मैटल	metal:2	matel:1
मैटीरियल	material:3
मैटेरियल	material:3
मैट्रिक	matric:3
मैट्रिक्स	matrix:2	matix:1
मैड	made:2	mad:1	maid:1
मैडम	madam:2	madem:1
मैडिकल	medical:3
मैडिसन	medison:2	medicine:1
मैडी	maidi:2	maddy:1
मैडोना	madonna:2	maidona:1	medonna:1
मैड्रिड	madrid:3
मैड्स	mads:3
मैत्रा	maitra:2	matra:1
मैत्री	maitri:3
मैत्रीपूर्ण	maitripoorn:1	maitripuran:1	maitripurna:1
मैत्रेय	maitrey:2	maitreya:1
मैथड	method:3	maithad:1
मैथिल	maithil:3
मैथिली	maithili:3
मैथिलीशरण	maithilisharan:3
मैथुन	maithun:6	methun:1
मैथेमेटिकल	mathematical:3
मैथेमेटिक्स	mathematics:3	maithemetics:1
मैथ्यू	mathew:2	maithu:1
मैथ्यूज	mathews:3
मैदा	maida:3
मैदान	maidan:2	maidaan:1
मैदानी	maidani:3
मैदानों	maidanon:3
मैन	man:2	main:1	men:1
मैनकाइंड	mankind:3
मैनचेस्टर	manchester:2	manchestor:1
मैनजमेंट	management:3
मैनन	menon:2	mainan:1
मैनपुरी	mainpuri:2	manpuri:1
मैनर	manner:3
मैनहैटन	manhaiton:1	manhattan:1	manhutten:1
मैना	maina:3
मैनावती	mainawati:2	manaveti:1
मैनिपुलेटर	manipulator:3
मैनिफेस्टो	manifesto:3
मैनी	maini:1	mainy:1	many:1
मैनीफेस्टो	manifesto:2	manifasto:1
मैनुअल	manual:2	manually:1
मैनुएल	manual:3
मैनुफैक्चरिंग	manufacturing:3
मैने	maine:3
मैनेज	manage:5
मैनेजमेंट	management:4
मैनेजमैंट	management:3
मैनेजर	manager:3
मैनेजिंग	managing:4
मैन्यू	manu:2	menu:1
मैप	map:3
मैप्स	maps:3
मैमोग्राम	memogram:2	mammogram:1
मैया	maiya:3	maiyya:1
मैराथन	mairathan:1	marathon:1	merathon:1
मैरिएन	mairian:1	marian:1	marien:1
मैरिज	marriage:2	mairij:1
मैरिड	married:3
मैरिनो	mairino:2	merino:1
मैरी	marry:1	mary:1	merry:1
मैरेज	marrej:1	marriage:1	merraige:1
मैरो	maro:1	marrow:1	mero:1
मैल	mail:3
मैलकम	malcolm:2	mailkam:1
मैलवेयर	malware:3
मैला	maila:3
मैश	maish:1	mash:1	mesh:1
मैसर्स	mesars:1	messers:1	messrs:1
मैसाचुसेट्स	massachusetts:2	maisachusets:1
मैसूर	maysoor:1	mysor:1	mysore:1
मैसेंजर	messenger:3
मैसेजिंग	messaging:3	massaging:1
मैसोर	maisor:1	maisore:1	mysore:1
मॉड	mod:2	mode:1
मॉडरेटर	moderator:3
मॉडर्न	modern:3
मॉडल	model:5
मॉडलिंग	modeling:2	modelling:2
मॉडलों	modelon:3
मॉडल्स	models:3
मॉडेम	modem:3
मॉड्यूल	module:3
मॉड्यूलर	modular:3
मॉड्यूल्स	modules:2	modyuls:1
मॉनसून	monsoon:3
मॉनिटर	monitor:3
मॉनिटरिंग	monitoring:2	monetaring:1
मॉन्ट्रियल	montreal:2	montriyal:1
मॉन्सटर्स	monsters:3
मॉब	mob:2	mobe:1
मॉरिशस	mauritius:2	mauritious:1
मॉरिस	morris:2	mauriss:1
मॉरिसन	morrison:2	maurison:1
मॉरीशस	mauritius:2	mauritous:1
मॉर्गन	morgan:3
मॉर्निंग	morning:3
मॉर्स	mars:1	mors:1	morse:1
मॉल	mall:3
मॉलिक्यूल	molecule:2	molecul:1
मॉली	mauli:1	molly:1	moly:1
मॉलों	molon:2	maulon:1
मॉस्को	moscow:2	masco:1
मो	mo:3	mow:1
मोंगा	monga:3
मोंटी	monty:2	monti:1
मोंस्टर	monster:3
मोइत्रा	moitra:3
मोइली	moily:2	moili:1
मोईन	moeen:2	moein:1
मोकोकचुंग	mokokchung:3
मोक्ष	moksh:4	moksha:3
मोक्षदा	mokshada:2	mokshda:2
मोगरा	mogra:2	mogara:1
मोगरी	mogari:2	mogri:1
मोगरे	mogre:2	mogare:1
मोगली	mowgli:2	mogali:1
मोघे	moghe:3
मोचन	mochan:3
मोज़िला	mozilla:3
मोजांबिक	mojanbik:2	mozambique:1
मोजे	moje:3
मोटर	motor:5
मोटरसाइकिल	motorcycle:6
मोटरों	motoron:2	motron:1
मोटर्स	motors:5	moters:1
मोटल	motal:2	motel:1
मोटवानी	motwani:3
मोटा	mota:6	motaa:1
मोटाई	motai:3	motaai:1
मोटापा	motapa:6
मोटापे	motape:3
मोटिव	motive:4
मोटिवेशनल	motivational:3
मोटी	moti:3
मोटे	mote:3
मोड़	mod:4	mode:1
मोड़कर	modkar:2	modakar:1
मोड़ते	modate:2	modte:1
मोड़ना	modana:2	modanaa:1	modna:1
मोड़ने	modane:2	modne:1
मोड़ा	moda:3
मोतियाबिंद	motiyabind:3
मोतियों	motiyon:3
मोती	moti:6
मोतीपुर	motipur:3
मोतीराम	motiram:3
मोतीलाल	motilal:4
मोदक	modak:3
मोदी	modi:7
मोनल	monal:3
मोना	mona:3
मोनालिसा	monalisa:3
मोनाश	monash:3
मोनिका	monica:2	monika:1
मोनिटर	monitor:3
मोनोऑक्साइड	monoxide:3
मोनोक्रोम	monochrome:3
मोनोरेल	monorail:3
मोनोसोडियम	monosodium:3
मोबाइल	mobile:5
मोम	mom:3
मोमबत्ती	mombatti:3
मोमिना	momina:3
मोयन	moyan:3
मोया	moya:3
मोर	mor:4	more:4
मोरक्कन	morakkan:1	morkkan:1	moroccan:1
मोरक्को	morocco:2	morkko:1
मोरना	morana:1	morena:1	morna:1
मोरनी	morani:1	moreni:1	morni:1
मोरया	morya:3
मोरली	morali:2	morli:1
मोरवी	moravi:1	morvi:1	morwi:1
मोरा	mora:3
मोरारजी	morarji:3
मोरावियन	moravian:1	moraviyan:1	moraviyana:1
मोरिसन	morrison:3
मोरी	mori:3
मोरे	more:3
मोरेस्बी	moresbi:2	moresby:1
मोरों	moron:3
मोरोपंत	moropant:3
मोर्चा	morcha:3
मोर्चे	morche:3	morch:1
मोर्न	morn:2	mourn:1
मोर्ने	morne:3
मोर्ले	morle:2	morley:1
मोर्स	mors:2	morse:1
मोर्सी	morsi:3
मोल	mol:3
मोलतोल	moltol:3
मोलर	molar:2	moler:1
मोला	mola:3
मोली	moli:3
मोल्ड	mold:3
मोल्डिंग	molding:3
मोशन	motion:2	moshan:1
मोशे	moshe:3
मोसाद	mosad:3
मोह	moh:4
मोहंती	mohanti:2	mohanty:2
मोहक	mohak:4
मोहतरमा	mohatarama:1	mohatarma:1	mohtarma:1
मोहन	mohan:9
मोहनजोदड़ो	mohenjodaro:2	mohanjodado:1	mohanjodaro:1
मोहनदास	mohandas:3
मोहनलालगंज	mohanlalganj:3
मोहनीश	mohnish:2	mohneesh:1
मोहब्बत	mohabbat:6
मोहब्बतें	mohabbatein:2	mohabbaten:1
मोहम्मद	mohammad:3	muhammad:4	moihabbat:1
मोहर	mohar:3
मोहरों	mohron:3
मोहर्रम	moharram:1	mohharam:1	muharram:1
मोहल्ला	mohalla:3
मोहल्ले	mohalle:2	mohalley:1
मोहा	moha:3
मोहाना	mohana:3
मोहानी	mohani:3
मोहाली	mohali:3
मोहि	mohi:3
मोहिउद्दीन	mohiuddin:2	mohiuddeen:1
मोहित	mohit:6
मोहिनी	mohini:3
मोहिनीअट्टम	mohiniattam:2	mohiniyattam:1
मोहिम	mohim:3
मोही	mohi:3
मोहॉक	mohawk:2	mohak:1
मौ	mau:3
मौका	mauka:3
मौके	mauke:1	maukey:1	muke:1
मौकों	maukon:3
मौखिक	maukhik:2	maikhik:1
मौज	mauj:3
मौजपुर	maujpur:3
मौजमपुर	maujampur:2	maijampur:1
मौजूद	maujud:17	maujood:1	mujod:1
मौजूदगी	maujudagi:2	maujoodagi:1	mujodgi:1
मौजूदा	maujooda:1	maujuda:1	mujoda:1
मौत	maut:4	mot:1	mout:1	muat:1
मौतें	mauten:2	mautey:1
मौतों	mauton:3
मौदहा	maudha:2	maudaha:1
मौद्रिक	maudrik:2	maidrik:1
मौन	maun:5	moun:1
मौमा	mauma:3
मौरीन	maureen:2	maurin:1
मौर्य	maurya:6	morya:1
मौर्यकाल	mauryakal:2	mauryakaal:1
मौर्या	maurya:2	morya:1
मौर्यों	maurya:1	mauryon:1	moryon:1
मौलवियों	maulaviyon:1	maulvidon:1	maulviyon:1
मौलवी	maulavi:2	maulvi:1
मौला	maula:3
मौलाना	maulana:3
मौलिक	maulik:3
मौलिकता	maulikta:2	maulikata:1
मौले	maule:2	mauley:1
मौशमी	maushami:2	maushmi:1
मौसम	mausam:5	moosam:1	mousam:1
मौसमी	mausami:3
मौसा	mausa:3
मौसी	mausi:6	mousi:1
मौसेरे	mausere:1	mauserey:1	mousere:1
म्युचुअल	mutual:3
म्युजिक	music:3	muzic:1
म्युनिसिपल	municipal:3
म्यूकस	mucous:1	mucus:1	mukas:1	myukes:1
म्यूज़ियम	museum:2	muzeum:1	muzium:1
म्यूजिक	music:3
म्यूजिकल	musical:3
म्यूजियम	museum:2	musium:2
म्यूटेशन	mutation:2	myutation:1
म्यूलर	mayular:1	mueller:1	muller:1	myular:1
म्हारी	mhari:3
म्हारे	mhare:2	mharey:1
म्हारो	mharo:3
यंग	young:3
यंगर	younger:3
यंगिस्तान	youngistan:2	youngistaan:1
यंत्र	yantra:3
यंत्रणा	yantrana:3
यंत्रवत	yantravat:2	yantrawat:1
यंत्रों	yantron:3
यकीन	yakeen:3	yakin:1
यकृत	yakrat:1	yakrit:1	yakrut:1
यजमान	yajmaan:3	yajman:1
यजीद	yajeed:2	yajid:1	yazid:1
यजुर्वेद	yajurveda:5	yajurved:1	yajuvardey:1
यजुर्वेदी	yajurvedi:2	yajuvardi:1
यज्ञ	yagya:4	yagna:1	yagy:1
यज्ञशाला	yaghyashala:1	yagyashala:1	yagyshala:1
यज्ञादि	yaghyadi:1	yagyadi:1	ygyadi:1
यज्ञों	yagyon:2	yaghyon:1
यत	yat:3	yut:1
यति	yati:3
यतिन	yatin:2	yateen:1
यतीम	yateem:3	yatim:1
यत्न	yatn:2	yatna:1
यथा	yatha:3
यथायोग्य	yathayogya:2	yathayogy:1
यथार्थ	yatharth:3
यथार्थता	yatharthta:2	yatharthata:1
यथार्थपूर्ण	yatharthpurn:2	yatarthpooran:1
यथार्थवाद	yatharthvaad:1	yatharthvad:1	ytharthwad:1
यथार्थवादी	yartharthvadi:1	yatarthvaadi:1	yatharthwadi:1
यथावत	yathavat:2	yathawat:1
यथास्थिति	yathasthiti:3
यथोचित	yathochit:3
यदा	yada:2	yda:1
यदाकदा	yadakada:4	ydakda:2
यदि	yadi:3
यदु	yadu:3
यदुवंश	yaduvansh:2	yaduwansh:1
यदुवंशियों	yaduvanshiyon:3
यप	yap:3	yep:1
यम	yam:6
यमन	yaman:2	yemen:1
यमनी	yamani:2	yamni:1
यमपुरी	yampuri:3
यमराज	yamraj:3
यमलोक	yamlok:3
यमुना	yamuna:3
यमुनोत्री	yamunotri:3
ययाति	yayati:2	yayaati:1
यरूशलेम	jerusalem:1	yarooshaleim:1	yarushalem:1
यवनों	yavnon:2	yavanon:1
यश	yash:3
यशपाल	yashpal:2	yashpaal:1
यशराज	yashraj:3
यशवंत	yashwant:3
यशवंतपुर	yashvantpur:1	yeshwantpur:1	yesvantpur:1
यशवर्धन	yashvardhan:2	yathavardhan:1
यशस्विनी	yashasvini:2	yashsvini:1
यशस्वी	yashasvi:3
यशोदा	yashoda:3
यशोधरा	yashodhara:2	yashodhra:1
यशोमति	yashomati:3
यह	yah:5	yeh:1
यहाँ	yahan:2	yaha:1
यहां	yahan:3
यही	yahi:5
यहूदियों	yahudiyon:2	yahoodiyon:1
यहूदी	yahudi:3
या	ya:6	yaa:1
यांग	yang:2	young:1
यांगून	yangoon:2	yangun:1
यांगोन	yangon:3
यांत्रिक	yantrik:3
यांत्रिकी	yantriki:3
याओ	yaao:1	yao:1	yaoo:1
याक	yaak:2	yak:1
याकूब	yakub:5	yakoob:1
याग्निक	yagnik:2	yaginak:1
याचना	yachna:2	yachana:1
याचिका	yachika:3
याचिकाओं	yachikaon:3
याज्ञनिक	yaagyanik:1	yadnyanik:1	yaghyanik:1
याज्ञवल्क्य	yadnyavalkya:1	yaghyvalkya:1	yagyavailakya:1
याट	yaat:2	yat:1
यातना	yatna:2	yaatna:1
यातनाओं	yatnaon:2	yaatanaon:1
यातयात	yaatyaat:1	yatayat:1	yatyat:1
यातायत	yatayat:3
यातायात	yatayat:2	yatayaat:1
यात्रा	yatra:3
यात्राएं	yarayan:1	yatraein:1	yatraen:1
यात्राओं	yatraon:3
यात्रियों	yatriyon:3
यात्री	yatri:3
याद	yaad:2	yad:1
यादगार	yadgar:2	yadgaar:1
याददाश्त	yaddasht:3
यादव	yadav:3
यादविंदर	yadvinder:2	yaadvinder:1
यादवों	yadavon:2	yadvon:1
यादातर	yadatar:2	yaadatar:1
यादें	yaadein:2	yaden:1
यादों	yadon:2	yaadon:1
यान	yaan:2	yan:1
यानि	yani:2	yaani:2
यानी	yani:5	yaani:2
याने	yane:2	yaane:1	yaaney:1
यानों	yanon:2	yaanon:1
यापन	yapan:3
यामागुची	yamaguchi:2	yaamaguchi:1
यामाहा	yamaha:3
यार	yaar:3
यारियां	yaariyan:2	yariyan:1
यारी	yaari:2	yari:1
यारों	yaaron:3
यार्क	yark:2	yaark:1
यार्ड	yard:3
यार्न	yarn:3
यासमीन	yasmeen:2	yasmin:1
यासिन	yasin:2	yaseen:1
यास्मीन	yasmeen:2	yasmin:1
याह	yah:3
याहू	yahoo:3
यिंग	ying:3
यिप्पी	yippe:1	yippi:1	yippy:1
यील्ड	yield:3
यीशु	yishu:2	yeeshu:1
यीस्ट	yeast:2	yist:1
युआन	yuaan:2	yuan:1
युक्त	yukt:3
युक्ता	yukta:3
युक्ति	yukti:3
युक्रेन	ukraine:2	yukren:1
युग	yug:3
युगल	yugal:3
युगांडा	yuganda:2	yugaanda:1
युगांतर	yugantar:3
युगांतरकारी	yugantarkari:3
युगीन	yugeen:2	yugin:2
युगों	yugon:3
युगोस्लाविया	yugoslavia:3
युग्म	yugam:2	yugm:1
युग्मों	yugmon:3
युद्ध	yuddh:32	yudh:2	yudhh:1
युद्धकाल	yuddhkal:1	yudhkaal:1	yudhkal:1
युद्धक्षेत्र	yuddhkshetar:1	yuddhkshetra:1	yudhkshetra:1
युद्धपोतों	yuddhpoton:2	yudhpoton:1
युद्धबंदियों	yudhbandiyon:2	yuddhbandiyon:1
युद्धरत	yudhrat:2	yuddhrat:1
युद्धविराम	yudhviram:4	yuddhviram:2
युद्धविरोधी	yudhvirodhi:2	yuddhvirodhi:1
युद्धाभ्यास	yuddhabhyas:1	yuddhbhyas:1	yudhabhyas:1
युद्धों	yuddhon:2	yudhon:1
युधिष्ठिर	yudhishthir:2	yudhishtir:1
युनाइटेड	united:3
युनिवर्सल	universal:3
युनिवर्सिटी	university:3
युनुस	yunus:3
युनूस	yunus:3
युनेस्को	unesco:2	unesko:1
युरेनस	uranus:2	urenus:1
युवक	yuvak:6
युवकों	yuvakon:2	yuvkon:1
युवतियां	yuvtiyan:2	yuvatiyan:1
युवतियों	yuvtiyon:2	yuvatiyon:1
युवती	yuvati:2	yuvti:2
युवराज	yuvraj:3
युवा	yuva:3
युवाओं	yuvaon:3
युवान	yuvan:3
युवावस्था	yuvavastha:3
युसुफ	yusuf:3
यूं	yun:3
यूआई	ui:3
यूआईडी	uid:3
यूआरएल	url:3
यूईएफए	uefa:3
यूएनडीपी	undp:3
यूएमएल	uml:3
यूएस	us:3	uas:1
यूएसए	usa:4
यूएसडीए	usda:3
यूके	uk:3
यूक्रेन	ukraine:3
यूक्रेनियन	ukrainian:2	ukranian:1
यूक्रेनी	ukraini:2	ukraine:1
यूक्लिड	euclid:3
यूगोस्लाविया	yugoslavia:3
यूजर	user:3
यूजर्स	users:3
यूजीन	eugene:2	eugenie:1
यूजीसी	ugc:3
यूटा	utah:2	yuta:1
यूटी	ut:3
यूटीवी	utv:3
यूटीसी	utc:3
यूट्यूब	youtube:6
यूडी	ud:2	yudi:2	yoodi:1
यूथ	youth:3
यूनाइटेड	united:3
यूनाईटेड	united:3
यूनान	unan:2	yoonaana:1	yunan:1	yunnan:1
यूनानियों	unanion:1	unaniyon:1	yoonaaniyon:1	yunaniyon:1
यूनानी	yunani:3	unani:2	yunaani:1	yunnani:1
यूनिट	unit:3
यूनिटें	uniten:3
यूनिटों	uniton:2	unitone:1
यूनिट्स	units:3
यूनिफाइड	unified:3
यूनियन	union:3
यूनियनिस्ट	unionist:3
यूनिवर्स	universe:3
यूनिवर्सल	universal:3
यूनिवर्सिटी	university:4
यूनीफाइड	unified:3
यूनेस्को	unesco:3
यूपी	up:6
यूपीए	upa:3
यूपीएससी	upsc:3
यूबीएस	ubs:3
यूरिक	yurik:2	uric:2	urike:1
यूरिन	urine:2	urin:1
यूरिया	urea:2	uriya:1
यूरेका	eureka:2	yureka:2
यूरेनियम	uranium:3
यूरेशिया	eurasia:3
यूरेशियाई	eurasian:1	eureshiyai:1	yuresiae:1
यूरो	euro:3
यूरोप	europe:3
यूरोपा	europa:3
यूरोपिय	europea:1	europiy:1	europiya:1
यूरोपियन	european:1	europian:1	europiyan:1
यूरोपीय	yuropiy:2	europea:1	europiy:1	europiya:1
यूरोपोल	europol:1	europoll:1	uropola:1
यूलिप	ulip:2	yulip:1
यूलिया	yulia:2	yuliya:1
यूवी	uv:2	yuvi:1
यूसी	uc:3
यूसुफ	yusuf:3
यूसुफ़	yousuf:2	yousaf:1	yusuf:1
ये	ye:7
येन	yen:3
येरुशलम	jerusalem:3
येल	yel:2	yale:1
येलांदे	yelande:3
येलो	yellow:2	yelo:1
येसुदास	yesudas:3
यॉट	yacht:1	yant:1	yot:1
यॉर्क	york:3
यॉर्कर	yorker:3
यॉर्कशायर	yorkshire:3
यो	yo:3
योग	yog:3	yoga:3
योगदान	yogdan:4	yogdaan:2	yogadaan:1	yogadan:1
योगदानों	yogdaanon:2	yogadanon:1	yogdanon:1
योगपीठ	yogpith:2	yogpeeth:1
योगफल	yogfal:2	yogaphal:1
योगशक्ति	yogshakti:3
योगसूत्र	yogsutra:2	yogsutr:1
योगानंद	yoganand:2	yogaanand:1
योगासनों	yogasanon:3
योगिनी	yogini:3
योगियों	yogiyon:3
योगिराज	yogiraj:3
योगी	yogi:3
योगेश	yogesh:3
योगों	yogon:3
योग्य	yogya:3
योग्यता	yogyta:3	yogyata:3
योग्यताओं	yogyataon:3
योग्यतानुसार	yogyatanusar:2	yogyataanusaar:1
योजना	yojna:7	yojana:4
योजनाआें	yojanaon:3
योजनाएं	yojanaein:1	yojanaen:1	yojanaye:1
योजनाओं	yojnaon:3	yojanaon:2
योजनाकार	yojanakaar:1	yojanakar:1	yojnakar:1
योजनाकारों	yojanakaaron:1	yojanakaron:1	yojnakaron:1
योजनागत	yojanagat:2	yojnagat:1
योजनाबद्ध	yojanabaddh:2	yojnabaddh:1
योद्धा	yoddha:5	yodha:1
योद्धाओं	yoddhaon:3
योनि	yoni:5	youni:1
योर	your:3
योरसेल्फ	yourself:3
योहान	yohan:2	yohaan:1
यौगिक	yaugik:2	yogik:1
यौन	yaun:4	yon:2
यौनसंबंध	yaunsambandh:2	yonsambadh:1
यौनाकर्षण	yaunakarshan:1	yonaakarshan:1	yonkarshan:1
यौनाचार	yonachar:2	yaunachar:1
यौनिक	yaunik:2	younique:1
यौर	your:2	yaur:1
यौवन	yovan:2	yauvan:1
र	ra:2	r:1
रंग	rang:6
रंगकर्मियों	rangkarmiyon:2	rangakarmiyon:1
रंगत	rangat:3
रंगता	rangata:2	rangta:1
रंगते	rangate:2	rangte:1
रंगना	rangna:2	rangana:1
रंगनाथन	rangnathan:3
रंगपुर	rangpur:3
रंगबती	rangbati:3
रंगबिरंगे	rangbirange:4	rangbirangey:2
रंगभेद	rangbhed:6
रंगमंच	rangmanch:3
रंगमंडल	rangmandal:2	rangmanadle:1
रंगमहल	rangmahal:3
रंगरसिया	rangrashiya:1	rangrasia:1	rangrasiya:1
रंगरूप	rangrup:3	rangroop:2	rangaroop:1	rangarup:1
रंगली	rangali:3	rangalee:1
रंगहीन	ranghin:2	rangheen:3
रंगा	ranga:3
रंगारंग	rangarang:3
रंगीन	rangeen:3
रंगीली	rangeeli:3
रंगीले	rangeele:2	rangeeley:1
रंगून	rangoon:3
रंगे	range:2	rangey:1
रंगों	rangon:3
रंगोली	rangoli:10
रंजकता	rangkata:1	ranjkatha:1	ranjkta:1
रंजन	ranjan:3
रंजी	ranji:3
रंबल	rambal:2	ranbal:1
रंभा	rambha:3
रईस	raees:2	rais:1
रईसी	raeersi:1	raees:1	raisi:1
रईसों	raerson:1	raeson:1	raison:1
रउफ	rauf:3
रऊफ	rauf:2	rauuf:1
रक	rak:3
रकने	rakane:1	rakne:1	rakney:1
रकम	rakam:3
रकात	rakaat:1	rakat:1	rkaat:1
रक्खा	rakkha:2	rakha:1
रक्खे	rakkhe:2	rakhkhe:1
रक्त	rakt:6
रक्तकण	raktakan:1	raktkan:1	raktkarn:1
रक्तचाप	raktchaap:2	raktchap:1
रक्तदान	raktdaan:2	raktadaan:1
रक्तपित्त	raktpitt:2	raktapit:1
रक्तप्रवाह	raktaparvah:1	raktpravaah:1	raktpravah:1
रक्तबीज	raktbeej:2	rakatbeej:1
रक्तरंजित	raktranjit:4	raktaranjit:2
रक्तवाहिकाओं	raktavahikaon:1	raktvaahikaon:1	raktvahikaaon:1
रक्तशोधक	raktshodhak:2	raktashodhak:1
रक्तस्राव	rakatsrava:1	raktsrava:1	raktstraav:1
रक्ताभ	raktabh:2	raktaabh:1
रक्ताल्पता	raktalpta:2	raktalapata:1	raktalpata:1
रक्तिम	raktim:3
रक्षक	rakshak:7
रक्षकों	rakshakon:2	rakshkon:1
रक्षा	raksha:6
रक्षात्मक	rakshatmak:3
रक्षाबंधन	rakshabandhan:9
रक्षार्थ	raksharth:2	rakshartha:1
रक्षासूत्र	rakshasutra:2	rakshasutar:1
रक्षित	rakshit:3
रख	rakh:3
रखकर	rakhkar:3
रखता	rakhta:3
रखती	rakhti:3
रखते	rakhte:2	rakhtey:1
रखना	rakhna:3
रखनी	rakhni:3
रखने	rakhne:2	rakhaney:1
रखनेवाली	rakhnevali:1	rakhnewali:1	rakhneyvali:1
रखनेवाले	rakhaneyvale:1	rakhnevale:1	rakhnewale:1
रखरखाव	rakhrakhav:2	rakhrakhaav:1
रखवाई	rakhvaee:1	rakhvai:1	rakhvayi:1
रखवाने	rakhvaaney:1	rakhvane:1	rakhwane:1
रखवाया	rakhvaya:2	rakhwaya:1
रखवाला	rakhvala:2	rakhwala:1
रखवाली	rakhvali:2	rakhwali:1
रखवाले	rakhvale:1	rakhvaley:1	rakhwale:1
रखा	rakha:3
रखाव	rakhav:2	rakhaav:1
रखी	rakhi:3
रखे	rakhe:6	rakhey:1
रखें	rakhen:4	rakhe:1	rakhein:1
रखेंगी	rakhegi:1	rakheingi:1	rakhengi:1
रखेंगे	rakhege:1	rakheingey:1	rakhenge:1
रखेगा	rakhega:3
रखैल	rakhail:2	rakhel:1
रखो	rakho:3
रखोगे	rakhoge:2	rakhogey:1
रग	rag:3
रगड़	ragad:3
रगड़कर	ragadkar:3
रगड़ने	ragadane:2	ragarney:1
रग्बी	rugby:2	ragbi:1
रघु	raghu:3
रघुकुल	raghukul:3
रघुजी	raghuji:3
रघुनाथ	raghunath:3
रघुपति	raghupati:3
रघुराज	raghuraj:3
रघुराम	raghuram:3
रघुवंश	raghuvansh:3
रघुवंशी	raghuvanshi:2	raghivanshi:1
रघुवीर	raghuvir:2	raghuveer:1
रचता	rachta:3
रचते	rachte:2	rachtey:1
रचना	rachna:3
रचनाएं	rachnaein:1	rachnaen:1	rachnayen:1
रचनाओं	rachnao:3	rachnaon:2	rachanaon:1
रचनाकार	rachnakar:2	rachnakaar:1
रचनाकारों	rachnakaron:2	rachnakaaron:1
रचनाकाल	rachnakal:2	rachnakaal:1
रचनात्मक	rachnatmak:2	rachnaatmak:1
रचनात्मकता	rachnatmakata:2	rachnaatmakta:1
रचनाशील	rachnasheel:2	rachnashil:1
रचने	rachne:2	rachney:1
रचयिता	rachyita:2	rachayita:1
रचा	racha:4
रचाई	rachaee:1	rachai:1	racharyi:1
रचाकर	rachakar:2	rajakar:1
रचाते	rachate:1	rachatey:1	rechate:1
रचित	rachit:3
रची	rachi:3
रचे	rache:2	rachey:1
रज	raj:3
रजत	rajat:3
रजनी	rajani:2	rajni:1
रजनीकांत	rajnikant:2	rajanikant:1
रजनीश	rajnish:2	rajneesh:1
रजरप्पा	rajrappa:2	rajppa:1
रजस्वला	rajswala:3
रजा	raja:2	rajaa:1	rja:1
रजाकारों	rajakaron:1	rajkaron:1	rjakaaron:1
रजिस्टर	register:3
रजिस्टरों	registeron:3
रजिस्टर्ड	registered:2	registerd:1
रजिस्ट्री	registry:3
रजौरी	rajauri:2	rajouri:1	rajoury:1
रज्जो	rajjo:3
रटाया	rataya:3
रडारों	radaron:3
रण	ran:4
रणकपुर	ranakpur:3
रणजी	ranji:2	ranjee:1
रणजीत	ranjeet:2	ranjit:1
रणदीप	randeep:3
रणधीर	randheer:2	randhir:2
रणनीति	ranniti:2	ranneeti:1
रणनीतिक	rannitik:2	ranneetik:1
रणनीतिकार	rananitikar:1	ranneetikar:1	rannitikar:1
रणनीतियां	rananitiyan:1	ranneetiyan:1	rannitiyan:1
रणनीतियों	rannitiyon:2	ranneetiyon:1
रणबांकुरो	ranbankuro:2	ranbaankuro:1
रणबीर	ranbir:3	ranbeer:1
रणभूमि	ranbhumi:2	ranbhoomi:1
रणभेरी	ranbheri:3
रणसिंह	ransingh:3
रत	rat:2	ratt:1
रतन	ratan:3
रतनजोत	ratanjot:2	ratanjyot:1
रतनपुर	ratanpur:3
रतना	ratna:3	ratana:1
रतलाम	ratlam:3
रति	rati:3
रती	rati:3
रतूड़ी	ratoodi:1	ratoori:1	ratudi:1
रत्न	ratan:2	ratna:1
रत्नमाला	ratnamala:2	ratanmala:1
रत्ना	ratna:3
रत्नाकर	ratnakar:3
रत्नागिरी	ratnagiri:3
रत्नों	ratnon:3
रथ	rath:3
रथयात्रा	rathyatra:3
रदरफोर्ड	rutherford:4	ratherford:1	ruderford:1
रद्द	radd:2	raddh:1
रद्दोबदल	raddobadal:3
रन	run:3
रनर	runner:3
रनर्स	runners:3
रनवे	runway:6
रनिंग	running:3
रने	rane:2	runey:1
रनों	runon:2	ranon:1
रपट	rapat:3
रपटों	rapton:3
रपे	rape:2	rapey:1
रफ़ी	rafi:3
रफीक	rafiq:2	rafeek:1
रफू	rafoo:2	rafu:1
रफ्ता	rafta:2	raftaa:1
रफ्तार	raftaar:2	raftar:1
रबड़	rabad:1	rubbed:1	rubber:1
रबड़ी	rabdi:3
रबर	rubber:3
रबाडा	rabada:3
रबी	rabi:3
रब्बा	rabba:3
रब्बानी	rabbani:3
रब्बी	rabbi:3
रम	rum:3
रमई	ramai:2	ramaee:1
रमजान	ramzan:3	ramadan:1
रमण	raman:2	ramana:1
रमणिका	ramnika:3
रमणीक	ramnik:2	ramneek:1
रमणीय	ramniya:2	ramniy:1
रमदान	ramadan:2	ramdan:1
रमन	raman:3
रमल	ramal:3
रमा	rama:3
रमाकांत	ramakant:3
रमादान	ramadan:2	ramaadaan:1
रमाबाई	ramabai:3
रमाला	ramala:2	ramaalaa:1
रमित	ramit:3
रमेश	ramesh:3
रमेशसिंह	rameshsingh:3
रम्यक	ramyak:3
रयान	ryan:2	rayan:1
रल्हन	ralhan:3
रवांडा	ravanda:1	rwanda:1	rwandan:1
रवाई	ravaee:1	ravayi:1	rawai:1
रवाना	ravana:1	ravanaa:1	rawana:1
रवायत	ravayat:3
रवि	ravi:6
रविकांत	ravikant:3
रविवार	ravivar:3	ravivaar:1	raviwar:1
रविश	ravish:3
रवी	ravi:3
रवींद्र	ravindra:2	ravinder:1
रवींद्रनाथ	rabindranath:1	ravindernath:1	ravindranath:1
रवीना	ravina:2	raveena:1
रवैया	ravaeya:1	ravaeyaa:1	ravaiya:1
रवैल	ravel:2	ravael:1	rawail:1
रशीद	rashid:3
रश्मि	rashmi:3
रस	ras:6
रसक	rasak:3
रसड़ा	rasada:1	rasadaa:1	rasda:1
रसद	rasad:3
रसना	rasana:1	rasanaa:1	rasna:1
रसभरी	rasbhari:2	rasabhari:1
रसम	rasam:3
रसमय	rasamay:2	rasmay:1
रसमलाई	rasmalai:2	rasamalaai:1
रसल	rasal:2	rusel:1	russell:1
रसायन	rasayan:5	rasaayan:2	rasyan:1
रसायनज्ञ	rasaayanadnya:1	rasaayanajnya:1	rasayanagy:1	rasayanajna:1
रसायनिक	rasaayanik:1	rasaayanika:1	rasayanika:1	rasyanik:1
रसायनों	rasaayanon:2	rasayanon:2
रसाल	rasal:2	rasaal:1
रसिक	rasik:3
रसिका	rasika:2	rasikaa:1
रसीदें	rasiden:2	raseeden:1
रसूल	rasool:2	rasul:1
रसों	rason:2	ranson:1
रसोई	rasoee:1	rasoi:1	rsoi:1
रसोईघर	rasoighar:2	rasoeeghar:1
रसोईया	rasoiya:2	rsoiya:1
रसौली	rasaulee:1	rasauli:1	rsauli:1
रस्ता	rasta:3
रस्म	rasm:2	rasma:1
रस्में	rasmen:2	rsmen:1
रस्मो	rasmo:1	rasmon:1	rsmo:1
रस्मों	rasmon:2	rsmon:1
रस्सियों	rassiyon:2	rssiyon:1
रस्सी	rassi:2	rassee:1
रस्सों	rasson:2	rsson:1
रह	rah:5	reh:1
रहकर	rahakar:2	rhakar:1
रहता	rahta:17	rahata:2	rahataa:1	rhata:1
रहती	rehti:2	rahati:1	rahti:1	rhati:1
रहते	rahte:23	rahate:1	rhate:1
रहन	rahan:2	rhan:1
रहनसहन	rahansahan:2	rhansahan:1
रहना	rahna:3	rahana:4	rehna:1	rhna:1
रहनी	rahanee:1	rahani:1	rhani:1
रहनुमाई	rahanumaee:1	rahnumai:1	rhanumai:1
रहने	rahne:11	rahane:2	rhane:1
रहमत	rahamat:1	rahmat:1	rhamat:1
रहमतुल्लाह	rahamatullaah:1	rahmatullah:1	rahmtullah:1
रहमान	rahman:2	rahaman:1	rehman:1	rhaman:1
रहवासी	rahavaasi:1	rahwasi:1	rasvasi:1
रहस्य	rahasey:1	rahsy:1	rhasya:1
रहस्यपूर्ण	rahaseyapoorn:1	rahasypuran:1	rahsyapurn:1
रहस्यमय	rahaseyamay:1	rahasyamayi:1	rahsyamay:1
रहस्यमयी	rahasyamaye:1	rahasyamayee:1	rahsyamayi:1
रहस्यवाद	rahaseyavaad:1	rahasyvad:1	rhasywad:1
रहस्यवादी	rahaseyavaade:1	rahasyvadi:1	rahsywadi:1
रहस्यात्मक	rahaseyaatmak:1	rahasyaatmaka:1	rahsyatmak:1
रहस्यों	rahaseyon:1	rahasyon:1	rahsyon:1
रहा	raha:2	rha:1
रहित	rahit:3
रही	rahi:3
रहीम	rahim:3
रहीमपुर	rahimpur:3
रहे	rahe:3
रहेंगे	rahenge:3
रहेगा	rahega:2	rahegaa:1
रहेगी	rahegi:3
रहो	raho:3
रहोगी	rahogi:3
रा	ra:2	raa:1
रांच	ranch:3
रांची	ranchi:3
रांझणा	raanjhanaa:2	ranzna:1
राइजिंग	rising:3
राइट	wright:3	right:2	write:1
राइटर्स	writers:2	writters:1
राइट्स	rights:3
राइड	ride:3
राइडर्स	riders:3
राइडिंग	riding:3
राइन	rine:2	rhine:1
राइनो	rhino:3	raino:1
राइफल	rifle:3
राइफल्स	rifles:3
राइबोफ्लेविन	riboflavin:3
राइमा	raima:3
राइस	rice:3
राई	rai:3	raee:2
राईका	raika:3	raeeka:1
राईन	rayeen:2	rain:1	rhine:1
राउ	rau:2	rao:1	raoo:1
राउंड	round:6
राउंडर	rounder:3
राउंड्स	rounds:3
राउटर	router:3
राउत	raut:2	rout:1	route:1
राउल	raul:3
राऊंड	round:3
राए	raaye:1	rae:1	rai:1
राक	rak:2	raak:1
राकेट	rocket:2	racket:1
राकेटों	racketon:1	raketon:1	rocketon:1
राकेश	rakesh:4
राक्षस	rakshas:4
राक्षसी	raakshasi:1	rakshasi:1	rakshsi:1
राक्षसों	rakshason:2	rakshson:1
राख	raakh:2	rakh:2
राखियां	rakhiyan:2	raakhiyaan:1
राखियों	rakhiyon:3
राखी	rakhi:6
राखे	rakhe:2	raakhe:1
राखें	rakhen:2	raakhein:1
राग	raag:3	rag:1
रागद्वेष	raagdwesh:2	raagdvesh:1
रागिनी	ragini:6
रागी	ragi:2	raagi:1
रागों	raagon:2	ragon:2
राघव	raghav:3
राघवन	raghavan:3
राघवानंद	raghavanand:2	raghawanand:1
राज	raj:7	raaj:2
राजकमल	rajkamal:3
राजकरण	rajkaran:3
राजकाज	rajkaj:5	raajkaaj:2	rajkaaj:1
राजकीय	rajkiya:2	rajkiy:1
राजकुमार	rajkumar:3
राजकुमारी	rajkumari:3
राजकुमारों	rajkumaron:3
राजकोट	rajkot:3
राजकोष	rajkosh:3
राजकोषीय	rajkoshiya:2	rajkoshiy:1
राजखोवा	rajkhova:3
राजगद्दी	rajgaddi:3
राजगुरु	rajguru:3
राजगृह	rajgruha:2	rajgrah:1
राजतंत्र	rajtantra:3
राजतंत्रीय	rajtantriya:3
राजतरंगिणी	rajtarangini:2	rajatarangini:1
राजदंड	rajdand:2	rajdanda:1
राजदूत	rajdoot:3
राजदूतों	rajdooton:3
राजद्रोह	rajdroha:2	rajdroh:1
राजधर्म	rajdharma:2	rajdharm:1
राजधानियों	rajdhaniyon:2	rajdhaaniyon:1
राजधानी	rajdhani:2	rajdhaani:1
राजन	rajan:3
राजनय	rajnay:2	rajnaya:1
राजनयिक	rajnayik:3
राजनयिकों	rajnayikon:3
राजनायिक	rajnayik:2	rajnayikaa:1
राजनितिक	rajnitik:3
राजनीतक	raajnitak:1	rajneetak:1	rajnitik:1
राजनीति	rajniti:5	raajneeti:1	rajneeti:1
राजनीतिक	rajnitik:18	raajneetik:1	rajneetik:1
राजनीतिकों	raatnitikon:1	rajneetikon:1	rajnitikon:1
राजनीतिज्ञ	rajnitigya:2	raajneetignya:1	rajneetigya:1
राजनीतिज्ञों	raajnitignyon:1	rajneetigyon:1	rajnitigyon:1
राजनीतीकरण	raajneetikaran:1	rajneetikaran:1	rajnitikaran:1
राजनेता	rajneta:2	raajneta:1
राजनेताओं	rajnetaon:2	raajnetaaon:1
राजनेतिक	raajnetik:1	rajnaitik:1	rajnetik:1
राजनैतिक	rajnaitik:2	raajnaitik:1
राजपति	rajpati:2	raajpati:1
राजपथ	rajpath:3
राजपरिवार	rajparivaar:2	raajparivar:1
राजपरिवारों	raajparivaron:1	rajparivaaron:1	rajparivaron:1
राजपाल	rajpal:3
राजपुत	rajput:3
राजपुर	rajpur:3
राजपुरोहित	rajpurohit:3
राजपूत	rajput:3
राजपूताना	rajputana:3
राजपूतों	rajputon:3
राजप्रासाद	rajprasad:3
राजबली	rajbali:3
राजबाग	rajbaag:1	rajbag:1	rajbagh:1	rajbaug:1
राजभवन	rajbhavan:2	rajbhawan:1
राजभाषा	rajbhasha:2	raajbhasha:1
राजमहल	rajmahal:3
राजमां	rajma:2	rajman:1
राजमाता	rajmata:2	raajmata:1
राजमार्ग	rajmarg:2	raajmarg:1
राजमार्गों	rajmargon:2	raajmargon:1
राजयोग	raajyog:1	rajyog:1	rajyoga:1
राजवंश	rajvansh:2	raajvansh:1
राजवंशी	rajvanshi:2	raajvanshi:1
राजवंशों	rajvanshon:2	raajvanshon:1
राजविराज	rajviraj:3
राजवीर	rajveer:3
राजवैद्य	rajvaidya:2	raajvaidhya:1
राजशाही	rajshahi:2	raajshaahi:1
राजशेखर	rajshekhar:3
राजसत्ता	rajsatta:2	raajsatta:1
राजसभा	rajsabha:3
राजसिंहासन	raajsinhasan:1	rajsinghasan:1	rajsinhasan:1
राजसी	rajsi:3
राजसूय	rajsooya:2	rajsuy:1
राजस्थान	rajasthan:6
राजस्थानी	rajsthani:2	rajasthani:6
राजस्व	rajasva:2	raajasva:1
राज़	raaz:2	raaj:1	raj:1
राजा	raja:6
राजाओं	rajaon:2	raajaaon:1
राजाजीपुरम	rajajipuram:3
राजाराम	rajaram:3
राजावत	rajavat:2	rajawat:2
राजिम	rajim:3	raajim:1
राजी	raji:3	raaji:1
राजीनामा	rajinama:3	rajinaama:1
राजीव	rajiv:4	rajeev:1
राजुला	rajula:3
राजू	raju:6
राजेंद्र	rajendra:6
राजेंद्रनगर	rajendranagar:3
राजेश	rajesh:4
राजेश्वर	rajeshwar:3
राजेश्वरी	rajeshwari:3
राजों	rajon:2	raajon:1
राजोरिया	raajoriya:1	rajauriya:1	rajoriya:1	rajouriya:1
राज्य	rajya:3
राज्यकाल	rajyakal:2	rajyakaal:1
राज्यक्षेत्र	rajyakshetra:2	raajyashetr:1
राज्यपाल	rajyapal:3
राज्यमंत्री	rajyamantri:6
राज्यश्री	rajyashree:2	rajyashri:2
राज्यसत्ता	rajyasatta:3
राज्यसभा	rajyasabha:3
राज्याभिषेक	rajyabhishek:3	rajyaabhishek:1
राज्यारोहण	rajyarohan:3	rajyaarohan:1
राज्यों	rajyon:3	raajyon:1
राज्योत्सव	rajyotsav:3	raajyotsav:1
राठवा	rathwa:2	rathava:1
राठी	rathi:3	raathi:1
राठौड़	rathore:2	rathaud:1	rathod:1
राठौर	rathore:2	raathore:1	rathaur:1
राणा	rana:3
राणावत	ranavat:3
रात	raat:6	rat:1
रातें	raatein:1	ratein:1	raten:1
रातों	raaton:2	rathon:1	raton:1
रात्रि	ratri:5	raatri:2
रात्रिचर	ratrichar:3	raatrichar:1
रात्रिभोज	ratribhoj:5	raatribhoj:2
राधा	radha:4
राधाकांत	radhakant:3
राधाकृष्ण	radhakrishna:3
राधामाधव	radhamadhav:3
राधारानी	radharani:3
राधावल्लभ	radhavallabh:3	raadhavallabh:1
राधास्वामी	radhaswami:5	radhasaomi:2
राधिका	radhika:3
राधे	radhe:3	raadhe:1
रानापुर	ranapur:3
रानियों	raniyon:3
रानी	rani:4
रानीखेत	ranikhet:3
रानीपुर	ranipur:3
रानीपुरा	ranipura:3
रानौत	ranaut:2	ranout:1
राप्ती	rapti:3
राफेल	rafel:2	raphael:1
राफ्ट	raft:3
राबर्ट्सगंज	robertsganj:2	robartssaganj:1
राबिन	rabin:2	robin:1
राबिया	rabiya:3
राब्ता	rabta:3
राभा	rabha:3
राम	ram:9	raam:1
रामकली	ramkali:3
रामकिंकर	ramkinkar:3
रामकृष्ण	ramkrishna:2	ramkrushna:1
रामकोट	ramkot:3	ramkote:1
रामगंगा	ramganga:3
रामगढ़	ramgarh:3	ramgadh:1
रामचंद्र	ramchandra:5	ramachandra:1
रामचरित	ramcharit:3
रामचरितमानस	ramcharitmanas:3
रामटेक	ramtek:3
रामदूत	ramdut:2	ramdoot:1
रामदेव	ramdev:6
रामदेवरा	ramdevra:3
रामधारी	ramdhaari:2	ramdhari:1
रामनगर	ramnagar:3
रामनवमी	ramnavami:2	ramnavmi:1
रामनाथ	ramnath:3
रामनाथन	ramanathan:2	ramnathan:1
रामनाम	ramnam:2	ramnaam:1
रामनिवास	ramnivas:3	ramniwas:1
रामन्ना	ramanna:3
रामपाल	rampal:3
रामपुर	rampur:3
रामपुरा	rampura:3
रामफल	ramfal:3	ramphal:1
रामबन	ramban:3
रामबाग	rambagh:2	rambag:1
रामबाण	rambaan:2	ramban:1
रामबृक्ष	rambraksha:1	rambruksha:1	ramvraksh:1
रामभक्ति	rambhakti:3
रामभद्राचार्य	rambhadracharya:2	rambhadraacharya:1
रामभरोसे	rambharose:2	rambharosey:1
राममंदिर	rammandir:3
राममूर्ती	ramamoorti:1	rammoorti:1	rammurti:1
रामराज	ramraj:3
रामरूप	ramroop:2	ramrup:1
रामलाल	ramlal:3
रामलिंग	ramling:2	ramalinga:1
रामलीला	ramleela:7	ramlila:2
रामलोचन	ramlochan:3
रामवरण	ramvaran:3
रामविलास	ramvilas:3
रामसुंदर	ramsundar:2	ramsunder:1
रामसे	ramsay:1	ramse:1	ramsey:1
रामा	rama:6
रामाधार	ramadhar:2	ramadhaar:1
रामाधीन	ramadheen:1	ramadhin:1	ramadin:1
रामानंद	ramanand:3
रामानंदी	ramanandi:3
रामानुज	ramanuj:2	ramanuja:1
रामानुजन	ramanujan:3
रामायण	ramayan:2	ramayana:1
रामायणकालीन	ramayankaalin:1	ramayankaleen:1	ramayankalin:1
रामाराव	ramarao:2	ramaraav:1
रामावत	ramavat:2	ramawat:1
रामाश्रय	ramashray:1	ramashraya:1	ramashrey:1
रामास्वामी	ramaswami:3	ramaswamy:1
रामी	rami:3
रामेछाप	ramechhap:2	rameychaap:1
रामेश्वर	rameshwar:3
रामेश्वरम	rameshwaram:3
रामेश्वरी	rameshwari:3
राय	rai:2	ray:1
रायकवार	raikavaar:1	rayakvar:1	raykawar:1
रायगढ़	raigad:1	raigadh:1	raygadh:1
रायचूर	raichoor:1	raichur:1	raychur:1
रायट	rayat:3
रायटर	writer:2	writter:1
रायन	rayan:3
रायपुर	raipur:3	raypur:1
रायफल	rifle:2	raifal:1
रायफल्स	rifles:3
रायबरेली	raebareli:2	raibareily:1
रायरंगपुर	rairangpur:2	rayrangpur:1
रायला	raila:1	rayala:1	rayla:1
रायसेन	raisen:3
राल	raal:2	ral:1
रालोद	raalod:1	ralaud:1	ralod:1
राल्फ	ralf:2	ralph:2
राव	raav:1	rao:1	rav:1
रावण	raavan:1	ravan:1	ravana:1
रावत	rawat:6	raut:1	ravat:1
रावतपुर	rawatpur:3
रावल	rawal:2	raval:1
रावलपिंडी	rawalpindi:2	ravalpindi:1
रावले	ravle:2	ravaley:1
रावी	ravi:2	raavi:1
राशन	ration:2	raashan:1
राशनकार्ड	rationcard:2	raashancard:1
राशनिंग	rationing:2	rashning:1
राशिद	rashid:2	raashid:1
राशियां	raashiyaan:1	rashiyaan:1	rashiyan:1
राशियों	raashiyon:2	rashiyon:1
राशी	rashi:2	raashi:1
राष्ट्र	rashtra:3
राष्ट्रकूट	rashtrakoot:2	rashtrakut:1
राष्ट्रगान	rashtragaan:2	rashtragan:1
राष्ट्रगीत	rashtrageet:3
राष्ट्रद्रोही	rashtradrohi:3
राष्ट्रधर्म	rashtradharm:3
राष्ट्रध्वज	rashtradhwaj:2	rashtradhvaj:1
राष्ट्रनिर्माण	rashtranirman:4	rashtranirmaan:2
राष्ट्रपति	rashtrpati:2	rashtrapati:3
राष्ट्रपतियों	rashtrapatiyon:2	rashpatiyon:1
राष्ट्रपिता	rashtrapita:3
राष्ट्रप्रमुख	rashtrapramukh:3
राष्ट्रप्रमुखों	rashtrapramukhon:3
राष्ट्रभाषा	rashtrabhasha:6
राष्ट्रमंडल	rashtramandal:3
राष्ट्रवाद	rashtravaad:1	rashtravad:1	rashtrawad:1
राष्ट्रवादियों	rashtravaadiyon:1	rashtravadiyon:1	rashtrawadiyon:1
राष्ट्रवादी	rashtravaadi:1	rashtravadi:1	rashtrawadi:1
राष्ट्रव्यापी	rashtravyapi:3
राष्ट्रसंघ	rashtrasangh:3
राष्ट्रसंत	rashtrasant:2	tashtrasant:1
राष्ट्रांतरण	rashtrantaran:3
राष्ट्रिय	rashtriya:2	rashtriy:1
राष्ट्रीय	rashtriy:1	rashtriya:1	rashtriye:1
राष्ट्रीयकरण	rashtriyakaran:1	rashtriyekaran:1	rashtriykaran:1
राष्ट्रीयकृत	rashtriyakrit:1	rashtriyekrat:1	rashtriykrut:1
राष्ट्रीयता	rashtriyata:2	rashtriyeta:1
राष्ट्रों	rashtro:2	rashtron:2	rashrton:1
रास	raas:2	ras:1
रासबिहारी	rasbihari:3
रासलीला	raasleela:1	rasleela:1	raslila:1
रासा	rasa:2	raasa:1
रासायनिक	rasayanik:3
रास्ता	rasta:5	raasta:1	rasata:1
रास्ते	raste:2	raastey:1
रास्तों	raston:2	raaston:1
राह	raah:2	rah:1
राहगीर	raahgir:1	rahgeer:1	rahgir:1
राहत	rahat:6
राहतगढ़	rahatgarh:2	rahatgadh:1
राहतें	raahatein:2	rahaten:1
राही	rahi:2	raahi:1
राहु	raahu:1	rahoo:1	rahu:1
राहुल	rahul:5
राहू	raahu:1	rahoo:1	rahu:1
राहें	raahein:2	rahen:1
राॅकेट	rocket:3
राॅय	roy:2	raye:1
रिंकी	rinky:2	rinki:1
रिंग	ring:3
रिंगटोंस	ringtones:2	ringtoss:1
रिंगटोन	ringtone:6
रिंगिंग	ringing:3
रिएक्टर	reactor:3
रिएक्टरों	reactoron:2	reactorone:1
रिएक्शन	reaction:3
रिओ	rio:3
रिक	reak:1	rick:1	rik:1
रिकवर	recover:3
रिकवरी	recovery:3
रिकार्ड	record:2	recard:1
रिकार्ड्स	records:3
रिकॉग्निशन	recognition:2	recognization:1
रिकॉर्ड	record:3
रिकॉर्डर	recorder:3
रिकॉर्डिंग	recording:3
रिकॉर्डेड	recorded:3
रिकॉर्डों	recordon:2	recordo:1
रिकॉर्ड्स	records:2	recordes:1
रिकॉल	recall:3
रिको	rico:2	riko:1
रिक्की	rikki:2	rikky:1
रिक्त	rikt:3
रिक्रिएशन	recreation:2	racreation:1
रिक्शा	riksha:2	ricksha:1
रिग	rig:3
रिगार्ड	regard:2	rigard:1
रिग्स	rigs:2	riggs:1
रिच	rich:3
रिचमंड	richmond:2	richmand:1
रिचर्ड्स	richards:2	rechards:1
रिचर्ड्सन	richardson:3
रिचा	richa:3
रिची	richie:2	richi:1
रिचुअल	ritual:2	richual:1
रिछपाल	richhpal:3
रिज	ridge:2	rij:1
रिजर्व	reserve:3
रिजर्वेशन	reservation:3
रिजवान	rizwan:2	rijvan:1	rizvan:1
रिज़र्व	reserve:3
रिज़वान	rizwan:2	rijvan:1	rizvan:1
रिज़वी	rizvi:3	rijvi:1
रिजेंट	regent:2	rejent:1
रिजेक्शन	rejection:3
रिझाकर	rijhaakar:1	rijhakar:1	rizakar:1
रिटर्न	return:3
रिटर्न्स	returns:3
रिटायर	retire:2	retier:1
रिटायरमेंट	retirement:3
रिटायर्ड	retired:3
रिडक्शन	reduction:3
रिडले	ridley:2	readale:1
रिडिजाइन	redesign:2	ridijoin:1
रिडेल	redel:2	redael:1
रितेश	ritesh:3
रित्विक	ritvik:2	rithvik:1
रिद्धि	riddhi:3
रिन	rin:3
रिन्यूएबल	renewable:3
रिप	rip:3
रिपन	ripan:2	ripon:1
रिपब्लिक	republic:3
रिपब्लिकन	republican:3
रिपु	ripu:3
रिपेयरिंग	repairing:3
रिपोर्ट	report:6
रिपोर्टर	reporter:6
रिपोर्टिंग	reporting:3
रिपोर्टें	reportein:2	report:1
रिपोर्टों	reporton:3
रिप्रेजेंटेटिव	representative:2	repersentive:1
रिप्लाई	reply:3
रिफाइनरी	refinery:2	refinary:1
रिफाइनरीज	refineries:2	refinenaries:1
रिफायनरी	refinery:2	refynary:1
रिफॉर्म	reform:3
रिफ्लेक्टिव	reflective:3
रिबन	ribbon:3
रिबाउंड	rebound:3
रिबूट	reboot:3
रिम	rim:3
रिमझिम	rimjhim:2	rimzim:1
रिमाइंडर	reminder:3
रिमूवल	removal:3
रिमेक	remake:3
रिमोट	remote:3
रियल	real:4
रियलिटी	reality:3
रिया	riya:3	ria:1
रियाज	riyaj:2	riaz:1	riyaz:1
रियान	riyan:2	riyon:1
रियायत	riyayat:3
रियायती	riyayati:2	riyayti:1
रियायतों	riyayaton:2	riyayton:1
रियाल	riyal:3
रियासत	riyasat:3
रियासतें	riyasaten:2	riyasatein:1
रियासतों	riyasaton:3
रियो	riyo:2	rio:1
रिर्पोट	report:3
रिलाइंस	reliance:3
रिलायंस	reliance:3
रिलिजन	religion:3
रिलीज	release:3
रिलीफ	relief:3
रिले	relay:3
रिलेशनशिप	relationship:3
रिवर	river:3
रिवर्स	reverse:2	rivers:1
रिवाज	revaj:1	rivaaz:1	riwaaj:1
रिवाजों	rivaajon:1	rivaazon:1	riwaajon:1
रिवायत	revayat:1	rivaayat:1	rivayat:1
रिवील	reveal:3
रिवेंज	revenge:3
रिवॉल्वर	revolver:3
रिव्यु	review:3
रिशी	rishi:3
रिश्ता	rishta:2	rishtaa:1
रिश्ते	rishte:2	rishtey:1
रिश्तेदार	rishtedaar:2	rishtedar:1
रिश्तेदारी	rishtedaari:1	rishtedari:1	rishteydaari:1
रिश्तेदारों	rishtedaaron:1	rishtedaron:1	rishteydaron:1
रिश्तों	rishton:3
रिश्वत	rishwat:2	rishvat:1
रिश्वतखोरी	rishwatkhori:2	rishvatkhori:1
रिषभ	rishabh:3
रिसने	risane:1	risaney:1	risne:1
रिसर्च	research:5	reaserch:1
रिसाइक्लिंग	recycling:3
रिसाला	risala:3
रिसीवर	receiver:3
रिसेप्शन	reception:3
रिसोर्ट	resort:3
रिसोर्स	resource:3
रिसोर्सेस	resources:3
रिस्क	risk:3
रिस्टार्ट	restart:3
रिस्पांस	response:2	responce:1
रिहर्सल	rehersal:3	rehearsal:2
रिहा	riha:3
रिहाई	rihai:2	rehigh:1	rihayi:1
रिहाना	rihana:2	rihanna:1
रिहायशी	rehayashi:1	rihayashi:1	rihayshi:1
रीगल	regal:2	rigal:1
रीजन	reason:3
रीजनल	regional:2	reasonal:1
रीझे	reejhe:1	reejhey:1	rijhe:1
रीटा	reeta:2	rita:1
रीट्वीट	retweet:5	retreate:1
रीड	read:3	reed:2
रीडर	reader:3
रीडिंग	reading:3
रीडिजाइन	redesign:6
रीढ	reedh:2	ridh:2
रीता	reeta:3	rita:1
रीति	riti:2	reeti:2
रीतियों	ritiyon:2	reetiyon:1
रीतिरिवाज	reetiriwaj:2	reetiriwaz:1	ritiriwaaz:1
रीना	rina:2	reena:1
रीपर	reaper:3
रीमा	reema:2	rima:1
रीमिक्स	remix:3
रीमेक	remake:3
रीलीफ	relief:3
रीवा	reeva:1	rewa:1	riva:1
रीशूट	reshoot:2	resuit:1
रीसाइकलिंग	recycling:3
रीस्टार्ट	restart:6
रुई	ruee:1	rui:1	ruyi:1
रुक	ruk:2	rook:1
रुकता	rukta:2	ruktaa:1
रुकते	rukte:2	rukate:1	ruktey:1
रुकना	rukna:2	rukana:1	ruknaa:1
रुकने	rukne:2	rukane:1	rukney:1
रुका	rooka:2	ruka:1	rukaa:1
रुकावट	rukavat:2	rukaavat:1
रुकावटों	rukavaton:2	rukaavaton:1
रुकी	ruki:3
रुके	ruke:2	rukey:1
रुकेगी	rukegi:2	rookegi:1
रुको	ruko:3
रुक्मिणी	rukmini:3	rukamini:1
रुख	rukh:2	rookh:1
रुखाई	rukhai:2	rookhaee:1
रुग्ण	rugna:2	rugan:1
रुग्णता	rugnata:2	ruganta:1
रुचि	ruchi:3
रुचिकर	ruchikar:3
रुचिका	ruchika:2	roochika:1
रुचियों	ruchiyon:2	roochiyon:1
रुचिर	ruchir:2	roochir:1
रुची	ruchi:2	roochi:1
रुजवेल्ट	rojvelt:1	roojwelt:1	roosevelt:1
रुझान	roojhaan:1	rujhaan:1	rujhan:1	ruzan:1
रुट	root:2	route:1	rut:1
रुड	rude:2	roud:1
रुड़की	roorkee:1	roorkey:1	rudaki:1
रुडोल्फ	rudolf:2	rodolph:1	rudolph:1
रुढियों	roodiyon:1	rudhiyon:1	rurhiyon:1
रुणिचा	runicha:2	roonicha:1
रुतबा	rutba:3	rutaba:1
रुतबे	rutbe:2	rootabey:1	rutabe:1
रुद्र	rudra:6
रुद्रनाथ	rudranath:3
रुद्रप्रयाग	rudraprayag:3
रुद्राक्ष	rudraksh:5	rudraaksh:1	rudraksha:1
रुपए	rupaye:2	rupae:1
रुपया	roopaya:1	rupayaa:1	rupya:1
रुपये	rupaye:2	roopaye:1
रुपयों	rupayon:2	roopayon:1
रुपरेखा	rooprekha:2	ruprekha:2	ruprekhaa:2
रुपर्ट	rupert:2	roopart:1
रुपहले	rupahle:2	roopahley:1
रुपी	rupi:2	roopi:1
रुपेश	rupesh:2	roopesh:1
रुपों	rupon:2	roopon:1
रुबरु	rubaru:2	roobaroo:1
रुबी	ruby:3
रुमानी	rumani:2	roomani:1
रुमाल	rumal:2	roomaal:1
रुरल	rural:2	ruler:1
रुश्दी	rushadi:1	rushdi:1	rushdie:1
रुसलान	ruslan:2	ruslaan:1
रुसी	rusi:2	rousi:1
रुस्तम	rustam:3
रूई	ruee:1	rui:1	ruyi:1
रूक	ruk:3
रूकती	rukti:3
रूकने	rukane:1	rukne:1	rukney:1
रूकावट	rukavat:2	rukawat:1
रूकावटों	rukavaton:3
रूकी	ruki:2	rooki:1
रूकेगा	rukega:2	rookega:1
रूक्मणी	rukmani:3
रूख	rukh:2	rookh:1
रूख़	rukh:2	rookh:1
रूग्ण	rugan:1	rugn:1	rugna:1
रूचि	ruchi:2	roochi:1
रूची	ruchi:2	roochi:1
रूजवेल्ट	roojvelt:1	roosevelt:1	rujwelt:1
रूज़वेल्ट	roosevelt:1	roozvelt:1	rujwelt:1
रूट	root:2	route:1
रूटिंग	rooting:1	routine:1	routing:1
रूटे	roote:1	rootey:1	rute:1
रूट्स	roots:2	routes:1
रूठ	ruth:2	rooth:1
रूठी	ruthi:2	roothi:1
रूडी	rudi:2	roodi:1
रूडोल्फ	rudofald:1	rudolf:1	rudolph:1
रूढ़	rudh:2	rood:1
रूढ़ियों	rudhiyon:2	roodiyon:1
रूढ़िवाद	rudhiwad:2	rudivaad:1
रूढ़िवादिता	rudhivadita:1	rudhiwadita:1	rudivadita:1
रूढ़िवादी	rudhiwadi:2	roodivaadi:1
रूद्र	rudra:3
रूद्रपुर	rudrapur:3
रूद्राक्ष	rudraksh:2	rudraaksh:1
रूधिर	rudhir:2	roodhir:1
रूनवाल	roonval:1	runval:1	runwal:1
रूप	rup:181	roop:5
रूपए	roopaeye:1	rupae:1	rupaye:1
रूपक	roopak:2	rupak:2
रूपकों	rupakon:2	roopkon:1
रूपनारायण	roopnarayan:2	rupnarayan:2
रूपये	rupaye:2	rupaiye:1
रूपयों	rupayon:2	rupaiyon:1
रूपरेखा	ruprekha:5	rooprekha:2
रूपवती	rupvati:2	roopvati:1	rupwati:1
रूपा	rupa:3	roopa:1
रूपांतर	rupantar:2	roopantar:1
रूपांतरण	rupantaran:3
रूपांतरणों	roopantaranon:1	rupantaranon:1	rupantarnon:1
रूपांतरित	rupantarit:2	roopantarit:1
रूपी	rupi:3	roopi:1
रूपों	rupon:2	roopon:1
रूबरू	rubaru:3	roobaroo:1	rubaroo:1	rubru:1
रूबल	rubal:2	ruble:1
रूबी	rubi:2	ruby:1
रूम	room:3
रूमानी	rumani:3	rumaani:1
रूमी	rheumi:1	roomie:1	roomy:1	rumi:1
रूरा	rura:2	roora:1
रूल	rule:3
रूल्स	rules:3
रूस	russia:3	rus:2	roos:1
रूसियों	rusiyon:3	roosiyon:1
रूसी	rusi:3	roosi:1
रूसेफ	rusef:3	roosef:1
रूसो	ruso:2	rooso:1
रे	ray:2	re:3
रेंगकर	rengkar:3
रेंगती	rengagti:1	rengati:1	rengti:1
रेंज	range:3
रेंटल	rental:2	rantle:1
रेकी	reki:2	reky:1
रेकॉर्डों	recordon:2	recordo:1
रेखा	rekha:4
रेखांकन	rekhankan:3
रेखांकित	rekhankit:3
रेखाएं	rekhaayein:1	rekhaen:1	rekhayn:1
रेखाओं	rekhaon:2	rekhaaon:1
रेखाचित्र	rekhachitra:3
रेखीय	rekhiy:2	rekhiya:1
रेगिस्तान	registan:3
रेगिस्तानी	registani:3
रेगिस्तानों	registanon:3
रेगुलेशन	regulation:3
रेचल	rachel:2	rechal:1
रेजर	razer:1	razor:1	rezer:1
रेजा	reja:2	reza:1
रेजिंग	raging:1	razing:1	rejing:1
रेजिडेंट	resident:3
रेजिना	regina:2	rejina:1
रेजिमेंट	regiment:2	rejiment:1
रेजिस्टेंस	resistance:2	registres:1
रेजीमेंट	regiment:3
रेजोल्यूशन	resolution:3
रेट	rate:8
रेटिंग	rating:3
रेटिंग्स	ratings:3
रेटीना	retina:3
रेट्रो	retro:3
रेट्स	rates:2	rest:1
रेड	red:3
रेडमी	redmi:3
रेडर	radar:1	rador:1	redar:1
रेडिएशन	radiation:3
रेडिफ	rediff:3
रेडियल	radial:3
रेडियस	radius:2	redius:1
रेडियेशन	radiation:3
रेडियो	radio:2	redio:1
रेडियोग्राफी	radiography:2	rediography:1
रेडियोथेरेपी	radiotherapy:3
रेडियोधर्मी	radiodharmi:2	rediodharmi:1
रेडियोलॉजी	radiology:2	rediology:1
रेड्डी	reddy:2	reddi:1
रेड्डीज	reddies:1	reddys:1	reddyz:1
रेणुका	renuka:3
रेत	ret:2	rate:1
रेतकर	retkar:3
रेता	reta:3
रेती	reti:3
रेतीली	retili:3
रेतीले	retile:3
रेन	rain:2	ren:1
रेनडियर	raindeer:1	reindeer:1	rendear:1
रेनबो	rainbow:3
रेनाल्ड	renald:1	renauld:1	renold:1
रेनी	rainy:2	reny:1
रेनू	renu:3
रेफर	refer:2	reffer:1
रेफरल	referral:2	referal:1
रेफरी	referee:2	referi:1
रेफरेंस	reference:3
रेफेली	refaeli:2	refeli:2
रेबेल	rebel:3
रेमंड	raymond:3	reymond:1
रेयर	rare:3	rayer:1
रेयान	reyan:2	rayon:1	reyaan:1
रेल	rail:5	rel:1
रेलगाड़ियों	railgaadiyon:2	railgadiyon:1	railgadoyon:1
रेलगाड़ी	railgaadi:2	railgadi:2
रेलमंडल	railmandal:3	railmondal:1
रेलमार्ग	railmarg:3
रेलवे	railway:6
रेलिंग	railing:2	reling:1
रेलों	relon:3
रेव	rev:3	rave:1
रेवंत	revant:3	rewant:1
रेवत	revat:3	rewat:1
रेवती	revati:3	rewati:1
रेवाड़ी	revadi:2	rewari:1
रेवासा	revasa:2	rewasa:1
रेवोल्यूशन	revolution:2	revoluation:1
रेशम	resham:2	reshami:1
रेशमा	reshma:3
रेशमिया	reshamiya:2	reshmiya:1
रेशमी	reshami:2	reshmi:1
रेशा	resha:3
रेशी	reshi:3
रेशे	reshe:2	reshey:1
रेशेदार	reshedar:2	reshedaar:1
रेशों	rashon:1	ratio:1	reshon:1
रेस	race:2	rese:1
रेसर	racer:2	recer:1
रेसरों	resaron:2	raceron:1
रेसलिंग	raceling:1	rassling:1	receling:1
रेसिंग	racing:3
रेसिपी	recipe:6
रेसों	reson:3
रेस्टोरेंट	restaurant:2	restaurent:1
रेस्तरां	restaran:1	restraan:1	resturant:1
रेस्पिरेटरी	respiratory:3
रेहान	rehan:2	rehaan:1
रेहाना	rehana:2	rehaana:1
रैंक	rank:3
रैंकिंग	ranking:3
रैंकोजी	rankoji:2	rainkoji:1
रैंडी	raindi:1	randi:1	rendi:1
रैकल	raikal:2	rackel:1	rakel:1
रैकेट	racket:3
रैकेटियर	racketeer:1	racketier:1	rectare:1
रैकेट्स	rackets:3
रैट	rait:1	raite:1	rate:1
रैडिकल	radical:2	raidical:1
रैथ	raith:3
रैदास	raidas:2	redas:1
रैन	rain:3
रैना	raina:3
रैप	rap:2	rape:1
रैपर	rapper:2	wrapper:1
रैपर्स	rappers:2	wrappers:1
रैपिंग	rapping:2	wrapping:1
रैपिड	rapid:3
रैम	raim:2	ram:1
रैली	raili:2	rally:5
रॉ	raw:2	row:1
रॉक	rock:3
रॉकफेलर	rockefeller:2	rockfailer:1
रॉकफोर्ड	rockford:3
रॉकर्स	rockers:2	rocker:1
रॉकस्टार्स	rockstars:3
रॉकी	rocky:3
रॉकेट	rocket:3
रॉकेटों	rocketon:2	rocketo:1
रॉजर	roger:1	rojar:1	rojer:1
रॉट	rot:2	roat:1
रॉड	rod:2	road:1
रॉड्स	rods:2	roads:1
रॉन	ron:2	ran:1
रॉबर्ट	robert:3
रॉबर्टसन	robertson:2	robertsan:1
रॉबर्ट्स	roberts:3
रॉबिंसन	robinson:3
रॉबिन	robin:3
रॉबी	robi:2	robby:1
रॉय	roy:2	ray:1
रॉयटर्स	reuters:1	royters:1	royterse:1
रॉयल	royal:3
रॉयल्स	royals:3
रॉयस	royas:1	royce:1	roys:1
रॉल	roll:2	rol:1
रॉलिंग	rolling:3
रॉल्स	rolls:2	rals:1
रॉस	ross:2	ros:1
रो	ro:2	row:1
रोंगटे	rongate:3	rongte:2	rongatey:1
रोइंग	roeing:1	roing:1	rowing:1
रोएल	roel:2	royal:1
रोक	rok:3
रोकता	rokata:2	rokta:1
रोकती	rokati:3
रोकते	rokate:2	roktey:1
रोकथाम	roktham:2	rokthaam:1
रोकना	rokana:2	rokna:1
रोकने	rokne:5	rokane:2	rokaney:1
रोका	roka:3
रोकी	roki:2	rocky:1
रोके	roke:2	rokey:1
रोकें	roken:2	rokein:1
रोग	rog:4
रोगग्रस्त	roggrast:3
रोगन	rogan:3
रोगाणु	roganu:3
रोगाणुओं	roganuon:3
रोगियों	rogiyon:3
रोगी	rogi:3
रोगों	rogon:3
रोचक	rochak:2	rochk:1
रोचकता	rochakta:2	rochakata:1
रोचेस्टर	rochester:3
रोज	roj:2	rose:1
रोजगार	rojgar:4	rojgaar:1
रोजमर्रा	rojmara:2	rojmarra:1
रोजर्स	rogers:2	rojers:1
रोजलिन	rojlin:2	rozlyn:1
रोजा	roja:3
रोजेस	rojes:2	rojesa:1
रोजो	rojo:3
रोटरी	rotary:2	rotari:1
रोटावायरस	rotavirus:3
रोटियां	rotiyaan:2	rotiyan:1
रोटियों	rotiyon:3
रोटी	roti:4
रोटेशन	rotation:3
रोड	road:6	rod:1
रोड़ी	rodi:2	roadie:1
रोड्रिगो	rodrigo:3
रोता	rota:3
रोती	roti:3
रोते	rote:2	rotey:1
रोध	rodh:2	rogh:1
रोधी	rodhi:3
रोन	ron:3
रोना	rona:3
रोनाल्ड	ronald:3
रोनाल्डो	ronaldo:3
रोनित	ronit:3
रोनिन	ronin:3
रोनी	roni:3
रोने	rone:2	roney:1
रोप	rope:3
रोपड़	ropar:2	ropad:1
रोपण	ropan:2	ropana:1
रोपना	ropna:2	ropana:1
रोपनी	ropani:2	ropni:1
रोपने	ropane:1	ropaney:1	ropne:1
रोपवे	ropeway:4	ropave:1	ropeve:1
रोपा	ropa:3
रोबर्ट	robert:3
रोबर्टा	roberta:3
रोबिन	robin:3
रोबोट	robot:3
रोबोटिक	robotic:3
रोबोटिक्स	robotics:3
रोबोटों	roboton:3
रोम	rome:3	rom:2
रोमछिद्रों	romchhidron:2	romchidron:1
रोमन	roman:3
रोमा	roma:3
रोमांच	romanch:3
रोमांचक	romanchak:3
रोमांचकारी	romanchkari:3
रोमांचित	romanchit:3
रोमांटिक	romantic:3
रोमांस	romance:4
रोमानियन	romaaniyan:2	romanian:2	romaniyan:1
रोमानिया	romania:2	romaniya:1
रोमानियाई	romaniyai:2	romania:1
रोमानी	romani:3
रोमियो	romeo:3
रोमेरो	romero:3
रोया	roya:3
रोरी	rori:2	rory:1
रोल	role:3	roll:4
रोलर	roller:3
रोलर्स	rollers:3
रोला	rola:2	rolla:1
रोलिंग	rolling:3
रोलेक्स	rolex:3
रोवन	rowan:2	rovan:1
रोवर	rover:3
रोश	rosh:3
रोशन	roshan:4
रोशनाबाद	roshnabad:2	roshanbad:1
रोशनी	roshni:3	roshani:3
रोष	rosh:3
रोसारियो	rosariyo:2	rosario:1
रोस्टर	roster:2	roaster:1
रोहतक	rohtak:3
रोहतगी	rohtagi:3
रोहतास	rohtas:3
रोहन	rohan:3
रोहिंग्या	rohingya:3
रोहिणी	rohini:5
रोहित	rohit:4
रोहिलखंड	rohilkhand:3
रोहेड़ा	roheda:3
रौंदे	raunde:3
रौतेला	rautela:3
रौनक	raunak:3	ronak:1
रौबदार	raubdar:2	raubadaar:1	raubadar:1
ल	l:2	la:1
लंका	lanka:3
लंकाशायर	lancashire:2	lankashayar:2
लंगड़ा	langada:2	landara:1	langda:1
लंगड़ाकर	langadakar:2	langarakar:1	langdakar:1
लंगर	langar:3
लंगरों	langaron:2	langron:1
लंगूर	langur:2	langoor:1
लंगूरों	languron:3
लंदन	london:2	landon:1
लंपट	lanpat:2	lampat:1
लंबवत	lambvat:1	lambwat:1	lanbavat:1
लंबा	lamba:2	lanba:1
लंबाई	lambai:2	lanbai:1
लंबित	lambit:3
लंबी	lambi:3
लंबे	lambe:4
लकड़बग्घा	lakadabaggha:1	lakadbagdha:1	lakadbaggha:1
लकड़हारों	lakadharon:3
लकड़ियों	lakdiyon:2	ladkiyon:1
लकड़ी	lakadi:2	lakdi:1
लकवा	lakwa:2	lakva:1
लकी	laki:2	lucky:1	luky:1
लकीर	lakir:3	lakeer:1
लकीरें	lakiren:3
लकीरों	lakiron:3
लक्जमबर्ग	lakjamburg:1	luxembourg:1	luxemburg:1
लक्ज़मबर्ग	lakjamburg:1	luxembourg:1	luxemburg:1
लक्मे	lakme:3
लक्षण	lakshan:4	lakshman:1
लक्षणों	lakshnon:3
लक्षद्वीप	lakshadweep:3
लक्षमण	lakshman:2	lakshamana:1	laxman:1
लक्षित	lakshit:3
लक्ष्मण	laxman:2	lakshman:7	lakshmana:1
लक्ष्मणगढ़	laxmangarh:2	lakshmangarh:1
लक्ष्मी	laxmi:3	lakshmi:7
लक्ष्मीकांत	lakshmikant:2	laxmikant:1
लक्ष्मीचंद्र	lakshmichandra:2	lakshmichandr:1
लक्ष्मीधर	lakshmidhar:2	lakshmighar:1
लक्ष्मीनाथ	lakshminath:2	lakshinath:1
लक्ष्मीनारायण	lakshminarayan:3
लक्ष्मीपुर	lakshmipur:3
लक्ष्मीबाई	lakshmibai:5
लक्ष्य	lakshya:5	lakshy:5
लक्ष्यों	lakshyon:3
लक्स	lux:3
लक्सर	laksar:2	luxor:1
लखटकिया	lakhatkiya:2	lakhtakiya:1
लखन	lakhan:3
लखनऊ	lakhanau:3	lucknow:3
लखनवी	lakhanvi:1	lakhnavi:1	lakhnawi:1
लखपत	lakhpat:3
लखवी	lakhvi:3
लखी	lakhi:3
लखीमपुर	lakhimpur:3
लखेरा	lakhera:3
लख्खी	lakhkhi:3
लग	lag:3
लगकर	lagkar:3
लगता	lagta:2	lagata:1
लगती	lagti:2	lagati:1
लगते	lagte:8	lagate:1	lagtey:1
लगन	lagan:3
लगनशील	lagansheel:2	laganshil:1
लगना	lagna:3
लगने	lagane:1	lagne:1	lagney:1
लगनेवाले	laganewale:1	lagnevaaley:1	lagnewale:1
लगभग	lagbhag:3
लगवाया	lagwaya:2	lagvaya:1
लगाई	lagae:1	lagaee:1	lagai:1
लगाए	lagaye:2	lagaaye:1	lagae:1
लगाएं	lagaein:1	lagaen:1	lagaye:1
लगाएगा	lagayega:2	lagaayegaa:1	lagaega:1
लगाकर	lagakar:4	lagaakar:2
लगाता	lagata:2	lagaata:1	lagaataa:1
लगातार	lagatar:4	lagaataar:2
लगाती	lagati:4	lagaati:2
लगाते	lagate:3	lagaate:1
लगान	lagan:3
लगाना	lagana:3	lagaanaa:1
लगानी	lagani:2	lagaani:1	lgani:1
लगाने	lagane:4	lagaane:2
लगाम	lagam:2	lagaam:1
लगाया	lagaya:5	lagaayaa:3
लगायी	lagayi:2	lagaai:1	lagai:1
लगाये	lagaye:3	lagaaye:1
लगाव	lagav:3	lagaav:1
लगी	lagi:5
लगे	lage:3
लगें	lagen:3
लगेंगी	lagengi:3
लगेंगे	lagenge:5
लगेगा	lagega:3
लगेज	luggage:3	lagej:1
लगो	lago:3
लघु	laghu:3
लचक	lachak:3
लचर	lachar:3
लचीला	lachila:3
लचीलापन	lachilapan:3
लचीली	lachili:2	lachila:1
लचीले	lachile:3
लचीलेपन	lachilepan:3
लच्छा	lacchha:2	lacha:1	lachcha:1	lachha:1
लच्छे	lacche:1	lacchhe:1	lache:1
लच्छों	lacchhon:1	lacchon:1	lachchon:1
लज़ीज़	lajij:1	lazeez:1	laziz:1
लज्जा	lajja:3
लज्जालु	lajjalu:3
लट	lat:3
लटक	latak:3
लटकना	latkana:2	latakna:1	latkanaa:1
लटकने	latkane:2	latakne:1
लटका	latka:3
लटकाई	latkai:2	latkaai:1	latkayi:1
लटकाते	latkate:3
लटकाया	latkaya:2	latkiya:1
लटके	latke:3
लट्टू	lattu:3
लट्ठों	latthon:2	latten:1
लडकियों	ladkiyon:3
लड़	lad:3
लड़कर	ladkar:3
लड़का	ladka:3
लड़कियां	ladkiyan:3
लड़कियों	ladkiyon:3
लड़की	ladki:3
लड़के	ladke:3
लड़कों	ladkon:3
लड़ता	ladta:3	ladtaa:1
लड़ते	ladte:2	ladate:1
लड़ना	ladna:2	ladana:1	ladanaa:1
लड़ने	ladne:2	ladane:1
लड़ा	lada:2	ladaa:1
लड़ाइयों	ladaiyon:3
लड़ाई	ladai:3	ladaai:1
लड़ाईयों	ladaiyon:2	ladaaiyon:1	ladaeyon:1
लड़ाकू	ladaku:4	ladaaku:2
लड़ाकों	ladakon:3	ladaakon:1
लड़ी	ladi:3
लड़े	lade:3
लड़ें	laden:3
लड़ेगा	ladega:3	ladegaa:1
लड़ो	lado:3
लड्डु	laddu:3
लड्डुओं	ladduon:3
लड्डू	laddu:6
लत	lat:3
लता	lata:3
लताएं	latayen:2	lataayen:1	lataein:1
लताओं	lataon:3	lataaon:1
लती	lati:3
लतीफ	latif:3
लदा	lada:3
लदान	ladan:3
लद्दाख	ladakh:3
लपसी	lapasi:2	lapsi:2
लपेट	lapet:4
लपेटकर	lapetkar:3
लपेटने	lapetane:2	lapetne:1
लपेटा	lapeta:2	lpeta:1
लफ़्ज़	lafz:2	lafj:1
लफ्जों	lafjon:1	lafzon:1	lfjon:1
लबादा	labada:2	lbada:1
लबाना	labana:2	lbana:1
लब्ध	labdh:2	lbdh:1
लभ	labh:3
लमजुंग	lamjung:3
लम्हों	lamhon:3
लय	lay:3
लयबद्ध	laybaddh:3
लर्निंग	learning:3
ललक	lalak:3
ललकार	lalkaar:2	lalkar:1
ललकारता	lalkarta:2	lalkarata:1
ललकारा	lalkara:3
ललकारे	lalkare:3
ललाट	lalat:2	lallat:1
ललित	lalit:3
ललितपुर	lalitpur:3
ललिता	lalita:3
ललितादित्य	lalitaditya:3
लल्ला	lalla:3
लल्लू	lallu:3
लव	love:6
लवण	lavan:3	lawade:1
लवणों	lavanon:3	lawanon:1
लवन	lavan:2	lovan:1
लवली	lovely:3
लवासा	lavasa:2	lovasa:1
लविंग	loving:2	laving:1
लस्सी	lassi:3
लहंगा	lehenga:3	lahanga:1
लहज़े	lahaje:1	lahjen:1	lehje:1
लहजे	lahaje:1	lahje:1	lehje:1
लहना	lahanaa:1	lahna:1	lehna:1
लहर	lahar:2	lehar:1
लहराई	lahrai:2	lahraee:1	lehrayi:1
लहराता	lahrata:2	leharta:1
लहराते	lahrate:2	lehrate:1
लहरायी	lahrai:1	lahrayee:1	lahrayi:1	lehrayi:1
लहरी	lahiri:1	lahri:1	lehri:1
लहरें	laharen:2	lehren:1
लहरों	laharon:2	lehron:1
लहलहाती	lahlahati:2	lahalhati:1	lahlahaati:1
लहसुन	lahsun:2	lasoon:1
लहुलुहान	lahuluhan:3	lahuluhaan:1
लहू	lahu:2	lahoo:1
लहूलुहान	lahuluhan:4	lahooluhan:2	lahuluhaan:2
ला	la:3	laa:3
लांग	lang:3	laang:1
लांगुरिया	languriya:2	laanguria:1	languria:1
लांघ	laangha:1	landh:1	langh:1	langha:1
लांघने	landhne:1	langhane:1	langhne:1
लांच	launch:2	lanch:1
लांचर	launcher:2	lanchar:1
लांछित	laanchit:1	lanchchit:1	lanchhit:1	lanchit:1
लांस	lance:1	lans:1	lens:1
लाइंग	laying:1	lieing:1	lying:1
लाइंस	lines:3
लाइक	like:4
लाइकोपिन	lycopene:3
लाइट	light:4
लाइटनिंग	lightening:2	lightning:1
लाइटवेट	lightweight:2	lightvet:1
लाइटिंग	lighting:3
लाइट्स	lights:2	lightes:1
लाइन	line:4
लाइनमैन	lineman:2	linemen:1
लाइनर	liner:3
लाइनें	lainen:1	layinen:1	line:1	linen:1
लाइनों	lainon:2	layinon:1	linon:1
लाइफ	life:3
लाइफटाइम	lifetime:3
लाइफ़	life:3
लाइबेरिया	liberia:3
लाइब्रेरियन	librarian:2	librariyan:1
लाइब्रेरी	library:3
लाइम	lime:3
लाइमस्टोन	limestone:3
लाइलाज	lailaj:2	laelaaj:1
लाइव	live:3
लाइव्स	lives:3
लाइसेंस	licence:2	license:1
लाइसेंसी	licency:2	licensee:1
लाई	lie:2	laee:1
लाईट	light:3
लाईफ	life:3
लाईव	live:3
लाईसेंस	licence:2	license:1
लाउड	loud:3
लाउडस्पीकर	loudspeaker:3
लाउडस्पीकरों	loudspeakeron:2	loudspeakaron:1
लाए	lae:2	laeye:1
लाएं	laen:2	laein:1
लाएंगे	laenge:2	laeingey:1
लाएगी	laegi:3
लाओ	laao:2	lao:1
लाओगे	laoge:2	laogey:1
लाओस	laos:2	laoas:1
लाक	laak:2	lak:1
लाकर	laakar:2	lakar:1
लाकर्स	lakars:1	lakarse:1	lockers:1
लाके	lake:2	laakey:1
लाक्षणिक	lakshnik:2	laakshanik:1
लाख	lakh:4	laakh:3
लाखा	laakha:2	lakha:1
लाखों	lakhon:2	laakhon:1
लाग	laag:3
लागत	lagat:2	laagat:2
लागने	laaganey:1	laagne:1	lagne:1
लागातार	lagatar:2	lagataar:1
लागु	lagu:2	laagu:1
लागुना	laguna:3
लागू	lagu:6	laagu:1	lagoo:1
लागोस	lagos:3
लाचार	lachar:2	lachaar:1
लाज	laaj:3
लाजपत	lajpat:2	laajpat:1	lajapat:1
लाजपतराय	lajpatrai:2	lajpatraye:1
लाज़मी	laazmi:1	lajami:1	lajmi:1
लाजिमी	lajimi:2	lajmi:1
लाजी	laji:2	laaji:1
लाटरी	lottery:2	latari:1
लाठी	lathi:2	laathi:1
लाडली	ladali:2	laadli:1	ladli:1
लाड़ले	ladale:1	ladaley:1	ladle:1
लाडो	lado:2	laado:1
लात	laat:3
लातविया	laatviya:2	latvia:1
लाता	laata:2	lata:1
लातिनी	latini:3
लाती	laati:2	lati:1
लाते	laate:1	laatey:1	late:1
लातेहार	latehaar:1	latehar:1	lateyhaar:1
लाद	laad:2	lad:1
लादने	laadney:1	ladane:1	ladne:1
लादेन	laden:2	ladein:1
लाना	lana:2	laana:1
लाने	lane:6	laane:1	laaney:1
लानेवाले	laaneyvaley:1	lanevale:1	lanewale:1
लापता	lapata:2	laapta:1
लापरवाह	laparvaah:1	laparvah:1	laparwah:1
लापरवाही	laparvahi:2	laparwahi:1
लाफ	laugh:5	laaf:1
लाफार्ज	lafarge:2	lafarje:1
लाबी	laabi:1	labi:1	lobby:1
लाभ	labh:5	laabh:1
लाभकारी	labhkari:2	laabhkari:1
लाभदायक	labhdayak:2	laabhdayak:1
लाभप्रद	laabhprad:1	labhprad:1	labhprd:1
लाभहानि	laabhhaani:1	labhhaani:1	labhhani:1
लाभांवित	labhanvit:2	labhaanvit:1
लाभांश	labhansh:3
लाभान्वित	labhanvit:2	labhanvint:1
लाभार्थियों	labharthiyon:3
लाभार्थी	labharthi:3
लाभों	laabhon:1	labhon:1	lambho:1
लामबंदी	lambandi:2	laambandi:1
लामा	lama:3
लाय	lay:1	laye:1	lie:1
लायंस	lions:3
लायक	layak:3
लायक़	layak:3
लायन	lion:3
लायब्रेरी	library:3
लायसेंस	licence:2	license:1
लाया	laya:3
लायी	laayi:1	laee:1	layi:1
लाये	laye:3
लायेगा	layega:3
लार	lar:2	laar:1
लारा	lara:3
लारी	lari:2	laari:1
लारेंस	laurance:1	laurence:1	lawrence:1
लार्ज	large:3
लार्ड	lard:2	lord:1
लार्वा	larva:2	larwa:1
लाल	lal:5	laal:2
लालगंज	lalganj:3
लालच	lalach:3
लालचंद	lalchand:3
लालची	lalchi:3
लालटेन	lalten:2	laltein:1
लालन	lalan:2	laalan:1
लालपुर	lalpur:3
लालमणि	lalmani:3
लालमन	lalman:3
लालवानी	lalwani:3
लालस	lalas:2	laalas:1	lals:1
लालसर	lalsar:3
लालसा	lalsa:3	laalsaa:1
लाला	lala:3
लालाजी	lalaji:3
लालित्य	lalitya:2	lality:1
लालिमा	lalima:3
लाली	lali:3
लालू	lalu:6
लालो	lalo:3
लावा	lava:4
लावारिस	lavaris:2	lawaaris:1	lawaris:1
लाश	lash:3
लाशों	lashon:3
लासा	lasa:3
लासो	laso:2	lasso:1
लास्ट	last:2	las:1
लाहिड़ी	lahidi:2	lahiri:1
लाहिरी	lahiri:3
लाहोटी	lahoti:3
लाहौर	lahore:9	lahaur:2
लि	lee:2	li:2
लिंक	link:3
लिंकन	lincoln:1	linken:1	linking:1
लिंकनशायर	lincolnshire:2	linkenshayar:1
लिंक्स	links:3
लिंग	ling:4
लिंगभेद	lingbhed:4	lindbhed:1
लिंगम	lingam:3
लिंगायत	lingayat:3
लिंगुआ	lingua:3
लिंगों	lingon:3
लिंग्विस्टिक	linguistic:2	lingvistick:1
लिंग्विस्टिक्स	linguistics:2	linguistic:1
लिंच	linch:2	lynch:1
लिंटेल	lintel:3
लिंडन	lindan:1	lindn:1	lindon:1
लिंडसे	lindsay:2	lindsey:1
लिंडा	linda:2	lynda:1
लिंडो	lindo:3
लिंफोमा	lymphoma:3
लिए	liye:7	liai:1
लिऐ	liye:2	liai:1
लिक्विड	liquid:2	likkid:1
लिक्विडिटी	liquidity:3
लिख	likh:3
लिखकर	likhakar:2	likhkar:1
लिखत	likhat:3
लिखता	likhata:2	likhataa:1	likhta:1
लिखती	likhati:3	likhti:1
लिखते	likhte:2	likhate:2
लिखना	likhna:2	likhana:2	likhanaa:1
लिखने	likhne:5	likhane:2
लिखवाना	likhvana:2	likhawana:1	likhvaanaa:1	likhwaanaa:1
लिखवाया	likhvaya:2	likhawaya:1	likhvaayaa:1	likhwaayaa:1
लिखा	likha:3	likhaa:1
लिखाई	likhai:3	likhaai:1
लिखाया	likhaya:3	likhaayaa:1
लिखावट	likhavat:2	likhawat:2
लिखिए	likhiye:2	likhiae:1
लिखित	likhit:3
लिखी	likhi:4
लिखे	likhe:3
लिखें	likhen:2	likhe:1
लिगर	ligar:2	liger:2
लिगा	liga:2	linga:1
लिग्नाइट	lignite:2	lignait:1
लिच्छवी	licchavi:1	licchhavi:1	lichchavi:1	lichchhavi:1
लिजर्ड	lizard:3
लिजिए	lijiye:2	lijiae:1
लिजिये	lijiye:2	lijiae:1
लिजेंड	legend:2	lizend:1
लिटन	litan:1	liten:1	lytton:1
लिटरेचर	literature:3
लिटरेसी	literacy:2	litracy:1
लिटल	little:3
लिटा	lita:3	litaa:1
लिटाकर	litakar:3
लिटिल	little:2	litil:1
लिट्टी	litti:3
लिट्टे	litte:3
लिट्रेचर	literature:3
लिथियम	lithium:3
लिथुआनिया	lithuania:3
लिन	lin:2	lean:1
लिनन	linen:2	linan:1
लिनेन	linen:2	lenen:1
लिप	lip:3
लिपटे	lipate:2	lipte:1
लिपि	lipi:3
लिपिक	lipik:3
लिपिका	lipika:3
लिपिड	lipid:3
लिपियों	lipiyon:3
लिप्त	lipt:3
लिफाफा	lifafa:2	liphapha:1
लिफाफों	lifafon:3
लिफ्ट	lift:3	liftoff:1
लिबरल	liberal:3
लिबरेशन	liberation:2	libration:1
लिबर्टी	liberty:3
लिबास	libas:2	libaas:1
लिब्रहान	liberhan:2	librahan:1
लिब्रेशन	liberation:2	libration:1
लिमिट	limit:3
लिमिटेड	limited:3
लिमिटेशन	limitation:3
लिम्का	limca:3
लिय	liy:2	liye:1
लियन	liyan:3
लिया	liya:2	lia:1
लियांग	liyang:3
लियाकत	liyakat:2	liaquat:1
लियाम	liyam:3
लियू	liyu:3
लियो	liyo:3	lio:1
लियोन	leone:2	liyon:2	leyon:1
लियोनार्डो	leonardo:3
लियोनेल	lionel:2	leonel:1
लिरिक्स	lyrics:3
लिल	lil:3
लिली	lili:2	lily:2	lilee:1	lilly:1
लिवर	liver:3
लिवरपूल	liverpool:3
लिवाइन	levine:1	livoin:1	liwaain:1	liwain:1
लिविंग	living:3
लिसा	lisa:3
लिस्ट	list:4
लिस्टन	listen:3
लिस्टिंग	listing:3
लिहाज	lihaj:2	lihaaj:1
ली	li:10	lee:6	le:1
लीओन	leone:2	leon:1
लीक	leak:3
लीकेज	leakage:3
लीग	league:3
लीची	lichi:2	lychee:1
लीजिए	lijiye:2	lijiae:1
लीजेंड	legend:3
लीजेंडरी	legendary:3
लीटर	litre:2	littre:1
लीड	lead:3
लीडर	leader:3
लीडरशिप	leadership:3
लीडरों	leaderon:1	leedaron:1	lidaron:1	liidaron:1
लीडर्स	leaders:3
लीड्स	leads:3
लीना	lina:2	leena:1
लीप	leap:2	lip:1
लीप्ज़िग	leipzig:2	lipsing:1
लीबिया	libya:2	lebia:1
लीमा	lima:2	lema:1
लीला	leela:3	lila:2
लीलाओं	leelaon:2	lilaon:1
लीलावती	lilavati:3	leelavati:1	leelawati:1	lilawati:1
लीवर	liver:3	lever:2
लुंगी	lungi:3
लुंबिनी	lumbini:3
लुई	louis:2	lui:1
लुईस	luis:2	louis:1
लुक	look:3
लुका	luka:2	luca:1	lukka:1
लुकाछिपी	lukachipi:4	lukkachippi:1
लुकास	lucas:3
लुक्का	lukka:3
लुक्स	looks:3
लुगदी	lugadi:3
लुट	lut:3	loot:1
लुटाने	lutane:3	lutaane:1
लुटियंस	lutyens:3
लुटेरा	lutera:2	lootera:1
लुटेरी	luteri:3	looteri:1
लुटेरों	luteron:3	looteron:1
लुडलो	ludlo:2	ludalo:1
लुडविग	ludwig:2	ludwing:1
लुढ़कते	ludhakate:1	ludhkate:1	lurhakate:1
लुढ़कना	ludhakana:1	ludhakanaa:1	ludhkana:1	lurhakanaa:1
लुढ़कने	ludhakane:1	ludhkane:1	lurhakaane:1
लुढ़का	ludhka:2	luthka:1
लुत्फ	lutf:3
लुथरिया	luthria:2	ludharia:1
लुधियानवी	ludhianvi:1	ludhianwi:1	ludhiyanavi:1
लुधियाना	ludhiana:3
लुना	luna:3
लुप्त	lupt:3
लुप्तप्राय	luptpray:2	luptpria:1
लुभाने	lubhane:2	lubhaane:1	lubhana:1
लुभावने	lubhavane:2	lubhawane:1	lubhawna:1
लुमडिंग	lumding:3
लुसाने	lusane:3
लुसियन	lusian:2	lucian:1
लुसी	luci:1	lucy:1	lusi:1	lusy:1
लूका	luka:2	looka:1
लूटना	lootana:2	lootna:1	lutana:1	lutna:1
लूटने	lootane:1	lootate:1	lutane:1	lutne:1
लूटपाट	lootpaat:4	lutpat:3	lootpat:2
लूटमार	lootmaar:2	lootmar:1
लूटा	luta:3	loota:2
लूटी	luti:3	looti:2
लूटेरों	looteron:3	luteron:2
लूणकरण	loonkaran:1	lunakaran:1	lunkaran:1
लूथर	luther:2	luthar:1
लूनर	lunar:2	nunar:1
लूप	loop:3
लूसिया	lucia:3
लूसी	lucy:2	luci:1	lusi:1
ले	le:6
लेंगे	lenge:3
लेंग्वेज	language:3
लेंडल	lendal:2	landal:1
लेंस	lens:2	lense:1
लेआउट	leout:2	layout:1
लेक	lake:3
लेकर	lekar:7
लेकिन	lekin:3
लेख	lekh:6
लेखक	lekhak:5	lekhk:1
लेखकीय	lekhkiy:2	lekhkiye:1
लेखकों	lekhako:3	lekhakon:2	lekhkon:1
लेखन	lekhan:6
लेखनी	lekhni:2	lekhani:1
लेखमाला	lekhmala:3	lekhmaalaa:1
लेखराज	lekhraj:3
लेखा	lekha:3
लेखाकार	lekhakar:2	lekhaakaar:1	lekhakaar:1
लेखागार	lekhagar:3
लेखाजोखा	lekhajokha:3
लेखिका	lekhika:3
लेखों	lekhon:3
लेग	leg:3
लेगा	lega:3	legaa:1
लेगी	legi:3
लेग्स	legs:3
लेज़र	laser:3	lazer:1	leisure:1
लेजिस्लेटिव	legislative:3
लेजी	lazy:2	leji:1
लेजेंड	legend:3
लेट	late:3	let:1
लेटकर	letkar:2	letakar:1
लेटते	letate:2	lette:1
लेटना	letana:2	letanaa:1	letna:1
लेटर	later:3	letter:3
लेटरमैन	letterman:3	laterman:1
लेटरल	lateral:3
लेटर्स	letters:2	laters:1
लेटा	leta:3
लेटेक्स	latex:2	lateks:1
लेटेस्ट	latest:3
लेट्स	lets:2	lates:1
लेड	led:2	laid:1
लेडी	lady:5	lodi:1
लेडीज़	ladies:3
लेता	leta:3	letaa:1
लेती	leti:3
लेते	lete:2	lethe:1
लेदर	leather:3
लेन	len:2	lane:1
लेनदार	lendar:3	lendaar:1
लेनदारों	lendaron:3	lendaaron:1
लेनदेन	lenden:3
लेना	lena:5	lenaa:1	lona:1
लेनिन	lenin:3
लेनी	leni:3
लेने	lene:3
लेनेवाला	lenewala:2	lenevala:1
लेनेवाली	lenewali:2	lenevali:1
लेनॉन	lennon:2	lenon:1
लेप	lap:2	lep:2
लेपन	lepan:3
लेपर्ड	leopard:3
लेपित	lepit:2	lapit:1
लेप्टोस्पायरोसिस	leptospirosis:3
लेप्स	laps:1	lapse:1	leps:1
लेफ्ट	left:3
लेफ्टिनेंट	leftinent:3	lieutenant:2	leftinant:1
लेफ्टीनेंट	lieutenant:2	leftiness:1
लेबनान	lebanon:2	labnan:1
लेबर	labour:3	labor:1
लेबल	label:3
लेबलिंग	labeling:2	labelling:1
लेबलों	labelo:1	labelon:1	lebalon:1
लेबिल	label:2	lebil:1
लेबोरेट्री	laboratory:3
लेमन	lemon:3
लेमिनेट	laminate:2	leminate:1
लेयर	layer:2	leyer:1
लेव	lev:3
लेवल	level:2	lavel:1
लेवा	leva:3
लेविन	levin:3
लेविस	levis:2	lavis:1
लेवी	levi:2	levie:1
लेश	lesh:2	less:1
लेस	lace:2	less:1
लेसन	lesan:1	lession:1	lesson:1
लेसर	lesar:2	laser:1
लेस्टर	lester:3
लेस्नर	lencer:1	lenser:1	lesnar:1
लेस्ली	lesli:2	lesly:1
लेह	leh:3
लेहमन	lehman:3
लैंग	laing:2	lang:1
लैंगडन	laingadan:1	langdon:1	lengdan:1
लैंगिक	laingik:2	laigik:1
लैंगिकता	laingikta:2	laigikata:1
लैंग्वेज	language:3
लैंड	land:6
लैंडमार्क	landmark:3
लैंडस्केप	landscape:3
लैंडिंग	landing:6
लैंप	lamp:3
लैंस	lens:3
लैंसडौन	lansdowne:2	lensdon:1
लैंसेट	lenset:2	lanset:1
लैक्टिक	lactic:2	latic:1
लैटरल	lateral:2	latrial:1
लैटिन	latin:2	latine:1
लैड	laid:2	lad:1
लैदर	leather:2	ladder:1
लैन	lane:2	lan:1
लैपटॉप	laptop:3
लैप्रोस्कोपिक	laparoscopic:2	leparoscopy:1
लैब	lab:3
लैबोरेटरी	laboratory:3
लैब्स	labs:3
लैमिनेट	laminate:3
लैरी	lairi:1	lairy:1	larry:1
लैला	laila:7	lela:1
लैस	less:2	lace:1
लॉ	law:3
लॉक	lock:3
लॉकर	locker:3
लॉकहीड	lockheed:3
लॉकेट	locket:3
लॉग	log:3
लॉगिंग	logging:2	loging:1
लॉच	lauch:2	launch:1
लॉज	lodge:3
लॉजिक	logic:3
लॉट	lot:3
लॉन	lawn:2	loan:1
लॉन्ग	long:4
लॉन्च	launch:3
लॉन्चिंग	launching:3
लॉन्ड्रिंग	laundering:3
लॉन्ड्री	laundry:3
लॉबी	lobby:3
लॉयड	lloyd:3
लॉरी	lorry:2	laurie:1
लॉरेंस	lawrence:2	lawrance:1
लॉरेन	lauren:3
लॉर्ड	lord:3
लॉर्ड्स	lords:3
लॉली	lolly:2	lali:1	loli:1
लॉस	loss:3
लॉस्ट	lost:3
लो	lo:4	low:3
लोंगेवाला	longewala:2	longevala:1
लोंगोवाल	longewal:1	longewala:1	longoval:1
लोअर	lower:3
लोइयों	loeweon:1	loiyon:1	loyiyon:1
लोई	loi:2	loewe:1
लोक	lok:6
लोककथा	lokkatha:3
लोककला	lokkala:3
लोकगीत	lokgeet:6	lokgit:2
लोकगीतों	lokgeeton:2	lokgiton:1
लोकतंत्र	loktantra:5	loktantr:1
लोकदल	lokdal:3
लोकनाट्य	loknatya:2	loknatay:1
लोकनाथ	loknath:3
लोकनृत्य	loknritya:3	loknarity:2	loknrutya:1
लोकनृत्यों	loknrityon:2	loknrutyon:1
लोकपाल	lokpal:3
लोकप्रिय	lokpriya:8	lokpriy:2
लोकप्रियता	lokpriyta:2	lokpriyata:3
लोकभाषा	lokbhasha:3
लोकमानस	lokmanas:3
लोकमान्य	lokmanya:3
लोकरंग	lokrang:3
लोकल	local:3
लोकलुभावन	loklubhavan:4	lokalubhavan:1
लोकशिक्षा	lokshiksha:3
लोकसंस्कृति	loksanskriti:2	loksanskruti:1
लोकसत्ता	loksatta:3
लोकसभा	loksabha:9
लोकहित	lokhit:3
लोकार्पण	lokarpan:3
लोके	loke:3
लोकेशन	location:3
लोको	loko:2	loco:1
लोकों	lokon:2	locon:1
लोखंडवाला	lokhandvala:1	lokhandwal:1	lokhandwala:1
लोग	log:6
लोगबाग	logbag:2	logbaag:1
लोगाें	logon:3
लोगे	loge:3
लोगो	logo:3
लोचदार	lochdar:3
लोचन	lochan:3
लोटपोट	lotpot:3
लोटस	lotus:3
लोटा	lota:3
लोड	load:6
लोदी	lodi:3
लोध	lodh:3
लोधा	lodha:3
लोधी	lodhi:6
लोन	loan:6
लोनी	loni:3
लोप	lop:3
लोपेज	lopez:3
लोबो	lobo:3
लोभ	lobh:3
लोमड़ी	lomadi:2	lomdi:2	lomari:1
लोवर	lower:2	lover:1
लोहड़ी	lohadi:2	lohari:1
लोहा	loha:5	lohaa:1
लोहार	lohar:2	lohaar:1
लोहित	lohit:3
लोहिया	lohiya:2	lohia:1
लोहे	lohe:3
लौंग	laung:2	long:1
लौकिक	laukik:3
लौकी	lauki:7	loki:1
लौट	laut:2	laute:1
लौटकर	lautkar:3
लौटता	lautata:2	lautta:1
लौटती	lautati:2	lautti:1
लौटते	lautate:2	lautaate:1	lautte:1
लौटना	lautana:3	lautaanaa:1
लौटने	lautane:2	lautne:1
लौटा	lauta:3
लौटाई	lautai:2	lautayi:1
लौटाए	lautaye:2	lautaaye:1	lautae:1
लौटाती	lautati:3	lautaati:1
लौटाते	lautate:3	lautaate:1
लौटाने	lautane:3	lautaane:1
लौटे	laute:3
लौरेंस	laurence:1	laurens:1	laurense:1
वंचित	vanchit:2	wanchint:1
वंडर	wonder:3
वंडरफुल	wonderful:2	wonderfull:1
वंडरला	wonderla:3
वंडरलैंड	wonderland:3
वंडर्स	wonders:3
वंदन	vandan:3
वंदना	vandana:3
वंदनीय	vandaniy:1	vandniy:1	vandniye:1
वंदे	vande:3
वंश	vansh:3
वंशगत	vanshgat:3
वंशज	vanshaj:2	vanshanj:1
वंशजों	vanshjon:2	vanshajon:1
वंशधर	vanshdhar:3
वंशवाद	vanshvad:2	vanshavad:1	vanshvaad:1	wanshwad:1
वंशवादी	vanshavadi:1	vanshvaadi:1	vanshvadi:1	vanshwadi:1
वंशावली	vanshavali:4	vanshaavali:2	vanshaawali:1	vanshawali:1
वंशियों	vanshiyon:3
वंशी	vanshi:3
वकालत	vakalat:3
वकील	vakil:3	vakeel:1
वकीलों	vakilon:3
वक्त	vakt:3	waqt:5
वक्ता	vakta:3
वक्ताओं	vaktaon:3
वक्र	vakra:2	varka:1
वक्रता	vakrata:3
वक्षस्थल	vakshsthal:2	vakshasthala:1
वगैरह	vagairah:2	vagaira:1
वगैरा	vagaira:2	viagra:1
वचन	vachan:3
वचनों	vachanon:1	vachnon:1	wachanon:1
वजन	vajan:3	wajan:1	wazan:1
वजह	vajah:2	wajah:1
वजहों	vajahon:2	wajahon:1
वजीर	wazir:4	wajir:2
वजीरगंज	wazirganj:3
वजीरपुर	wazirpur:3
वजीरिस्तान	waziristan:3
वजूद	vajud:2	vajood:1	wajood:1
वज्र	vajra:2	vajr:1
वडक्कन	vadakkan:2	wadakkan:1
वडाली	wadali:2	vadali:1	vadli:1
वडोदरा	vadodara:3
वतन	vatan:3
वत्स	vats:2	wats:1
वत्सराज	vatsaraja:1	vatsraj:1	watsraj:1
वध	vadh:3
वधू	vadhu:3
वन	van:12	one:2	wan:1
वनडे	oneday:6
वनम	vanam:3
वनवास	vanvaas:1	vanvas:1	vanwas:1
वनवासियों	vanvasiyon:2	vanvaasiyon:1
वनवासी	vanvaasi:1	vanvasi:1	vanwasi:1
वनस्थली	vanasthali:1	vansthali:1	vansthli:1
वनस्पति	vanspati:2	vanaspati:1
वनस्पतियों	vanspatiyon:2	vanaspatiyon:1
वनिता	vanita:3
वनी	vani:3
वने	vane:1	vaney:1	wane:1
वनों	vanon:2	wanon:1
वन्य	vanya:2	vanye:1
वन्यजीव	vanjeev:1	vanyajeev:1	vanyajiv:1
वन्यजीवों	vanyajeevon:2	vanyajivon:1
वफादार	vaphaadaar:1	wafadaar:1	wafadar:1
वफादारी	vaphaadaari:1	wafadaari:1	wafadari:1
वफादारों	vaphaadaaron:1	wafadaron:1	wafadaroon:1
वमन	vaman:2	waman:1
वय	vay:2	vye:1
वयस्क	vayask:1	vyesak:1	wayask:1
वयस्कों	vayaskon:1	vyaskon:1	wyaskon:1
वर	var:4
वरदहस्त	varadhasat:1	varadhast:1	varadhasta:1
वरदान	vardan:3	vardaan:1
वरदानों	vardanon:3
वरन	varan:2	waran:1
वरना	varna:3	verna:1
वरमोंट	varmont:1	vermont:1	wormont:1
वरली	varali:1	varli:1	worli:1
वराह	varah:2	waraah:1
वरिष्ठ	varishth:6
वरिष्ठतम	varishthtam:2	varishthatam:1
वरिष्ठता	varishthta:2	varishthata:1
वरी	vari:2	worry:1
वरीयता	variyata:2	variyeta:1
वरुण	varun:10
वरेण्य	varenya:2	vareinye:1
वर्क	work:4
वर्कशॉप	workshop:4
वर्किंग	working:3
वर्क्स	works:4
वर्ग	varg:6
वर्गाकार	vargakar:2	vargakaar:1
वर्गीकरण	vargikaran:4	vargeekaran:1	vergikaran:1
वर्गीकृत	vargikrit:2	vargikrat:1
वर्गीय	vargeey:1	vargeeye:1	vargiy:1
वर्गों	vargon:3
वर्चस्व	varchasva:2	varchsav:1
वर्चुअल	virtual:4
वर्ज	varj:3
वर्जित	varjit:3
वर्जिन	virgin:4	version:1
वर्जिनिया	virginia:2	virginiya:1
वर्जीनिया	virginia:2	virjiniya:1
वर्ट	vart:2	vert:1
वर्ड	word:6
वर्डे	verde:1	worde:1	wordey:1
वर्ड्स	words:3
वर्ण	varn:3	varna:3
वर्णन	varnan:8
वर्णनात्मक	varnatmak:2	varnaatmak:1
वर्णमाला	varnmala:4	varnamala:3
वर्णवाल	varnawal:1	varnvaal:1	varnval:1
वर्णाश्रम	varnashram:2	varnaashram:1
वर्णित	varnit:3
वर्तक	vartak:6
वर्तनी	vartani:2	varttani:1
वर्तमान	vartaman:3	vartman:3	vartamaan:1	vartmaan:1
वर्तिका	vartika:3
वर्थ	worth:3
वर्दी	vardi:3
वर्दीधारी	vardidhari:2	vardidhaari:1
वर्द्धमान	varddhaman:1	vardhmaan:1	vardhman:1
वर्धक	vardhak:6
वर्धन	vardhan:2	vardhak:1
वर्धमान	vardhman:2	vardhmaan:1
वर्धा	vardha:2	wardha:1
वर्धित	vardhit:2	vadhirt:1
वर्ना	verna:2	varnaa:1
वर्नोन	vernon:2	varnon:1
वर्बल	verbal:3
वर्मन	verman:2	varman:1
वर्मा	varma:2	verma:2
वर्लपूल	whirlpool:3
वर्ली	worli:2	varli:1
वर्ल्ड	world:7
वर्ल्डवाइड	worldwide:3
वर्शन	version:4	varshan:1	vasharan:1	vershan:1
वर्ष	varsh:5	varsha:1	warsh:1
वर्षगांठ	varshagaanth:1	varshgaanth:1	varshgath:1
वर्षभर	varshbhar:2	varshabhar:1
वर्षा	varsha:5	varshaa:2	warsha:1
वर्षारंभ	varshaarambh:1	varshaaranbh:1	varsharambh:1
वर्षीय	varsheeye:1	varshiy:1	varshiya:1
वर्षों	varsho:7	varshon:3
वर्साचे	varsaache:1	varsaryache:1	vasearche:1
वर्साय	varsaaye:1	varsay:1	vasariya:1
वर्सोवा	versova:2	varsova:1	varsowa:1
वर्स्ट	worst:3
वली	vali:3	wali:1
वल्कन	valkan:1	valkkan:1	velkan:1
वल्लभ	vallabh:3
वल्लभनगर	vallabhnagar:3
वल्लभभाई	vallabhbhai:3
वल्लभाचार्य	vallabhacharya:3
वश	vash:3
वशिष्ठ	vasistha:3	vashishth:3	vashisth:1
वशीकरण	vashikaran:3
वशीभूत	vashibhut:2	vashibhoot:1
वस	vas:3
वसंत	vasant:3
वसल्लम	vasallam:1	vasllam:1	wasallam:1
वसा	vasa:3
वसायुक्त	vasaayukt:1	vasayukt:1	vsayukt:1
वसीम	vaseem:1	vasim:1	waseem:1
वसीयत	vasiyat:2	wasihat:1
वसुंधरा	vasundhara:2	vasundhra:1
वसुगुप्त	vasugupt:2	vaugupt:1
वसुदेव	vasudev:3
वसुधा	vasudha:3
वसूल	vasul:2	vasool:1
वसूलना	vasoolana:1	vasulana:1	vasulna:1
वसूलने	vasoolaney:1	vasulane:1	vasulne:1
वसूला	vasula:2	vasoola:1
वसूली	vasuli:2	vasooli:1
वस्तु	vastu:4
वस्तुएं	vastuein:1	vastuen:1	wastuen:1
वस्तुओं	vastuon:2	wastuon:1
वस्तुनिष्ठ	vastunishth:6
वस्त्र	vastra:2	vastr:1	wastr:1
वस्त्रों	vastron:3
वह	vah:4	wah:1	woh:1
वहनीय	vahneeye:1	vahniy:1	wahniy:1
वहम	vaham:2	waham:1
वहां	vahan:2	wahan:1
वहाब	vahaab:1	vahab:1	wahab:1
वहाबियों	vahabiyon:1	vhaabiyon:1	wahabiyon:1
वही	vahi:2	wahi:1
वहीं	vahin:5	vaheen:1	wahin:1
वहीद	vaheed:1	vahid:1	waheed:1
वहीदा	wahida:2	vaheeda:1	vahida:1	waheeda:1
वांग	vaang:1	vang:1	waang:1
वांगचुक	vaangchuk:1	vangchuk:1	wangchuk:1
वांचू	vaanchoo:1	vanchu:1	wanchu:1
वांछनीय	vaanchaneeye:1	vanchhniy:1	wanchhaniya:1
वांछनीयता	vanchhniyata:1	vanchneeyata:1	wanchhaniyata:1
वांछित	vanchhit:2	vaanchit:1	wanchhit:1
वांट	want:3
वांडा	wanda:3
वाइज	vije:1	vise:1	wise:1
वाइट	white:3
वाइटल	vital:3
वाइड	wide:3
वाइन	wine:3
वाइब	vibe:1	waib:1	wibe:1
वाइबर	viber:3
वाइब्रेटर	vibrator:2	vibranter:1
वाइब्रेशन	vibration:3
वाइल्ड	wild:3
वाइस	vice:1	vise:1	wice:1
वाईएमसीए	ymca:3
वाईएसआर	ysr:3
वाईन	wine:3
वाईफाई	wifi:6
वाईसी	yc:3
वाउचर	voucher:3
वाक	vak:1	waak:1	walk:1
वाकई	vakaee:1	vakai:1	wakai:1
वाकर	vakar:1	wakar:1	watcher:1
वाकवे	vakve:1	wakve:1	walkway:1
वाक्	vak:1	wak:1	walk:1
वाक्य	vakya:1	vakye:1	waky:1
वाक्यांश	vakyansh:2	vakyaansh:1
वाक्यों	vaakyon:1	vakyon:1	wakyon:1
वागीश	wageesh:2	vagish:1
वागीश्वरी	vagishwari:2	vageeshwari:1
वाघा	vagha:2	wagha:1
वाघेला	vaghela:2	waghela:1
वाचक	vachak:3
वाचकों	vachakon:1	vachkon:1	wachkon:1
वाचन	vachan:2	wachan:1
वाचस्पति	vachaspati:1	vachspati:1	watchspati:1
वाचिक	vachik:1	waachik:1	wachik:1
वाजिद	wajid:3	vajid:1
वाटर	water:2	vatar:1
वाटरलू	waterloo:2	vatarlu:1
वाटर्स	waters:4
वाटलिंग	vatling:1	watling:1	whatling:1
वाटसन	watson:2	wattson:1
वाटिका	vatika:2	watika:1
वाडा	vada:1	waada:1	wada:1
वाडिया	vadiya:1	waadiya:1	wadiya:1
वाडी	vadi:1	waadi:1	wadi:1
वाण	vaan:2	waan:1
वाणिज्य	vaanijya:1	vanijya:1	wanijaya:1
वाणिज्यिक	vanijyik:2	vanijiyak:1	vanijyak:1
वाणी	vani:2	vaani:1
वाणों	vaanon:1	vanon:1	wanon:1
वात	vaat:3
वातानुकूलन	vatanukulan:2	watanukoollan:1
वातानुकूलित	vatanukulit:2	vatanukoolit:1
वातावरण	vatavaran:3
वात्सल्य	vatsalya:2	vatsalye:1
वात्स्यायन	vatsyayan:2	vaatsyayan:1
वाद	vaad:1	vad:1	waad:1
वादक	vadak:2	vaadak:1
वादकों	vadakon:2	wadkon:1
वादन	vadan:3
वादविवाद	vadvivad:4	vaadvivad:2
वादा	vaada:1	vada:1	wada:1
वादियों	vaadiyon:1	vadiyon:1	wadiyon:1
वादी	vaadi:1	vadi:1	wadi:1
वादे	vaade:2	vade:1
वादों	vadon:2	vaadon:1
वाद्य	vadhya:2	vadya:1
वाद्ययंत्र	vadhyantra:1	vadhyayantra:1	vadyayntra:1
वाद्ययंत्रों	vadhyayantron:2	vadyayantron:2	vadhyayantro:1	vadhyyantron:1
वाद्यों	vadhyon:1	vadyon:1	wadhyon:1
वाधवा	vadhva:2	wadhwa:1
वान	vaan:2	van:1
वानप्रस्थ	vanaprastha:1	vanprasth:1	vanprastha:1
वानर	vanar:2	vaanar:1	vanara:1
वानरी	vanari:3
वानरों	vanaron:3
वानस्पतिक	vanaspatik:2	vanspatik:1
वानिकी	vaniki:3
वानी	vaani:2	vani:1
वानुआ	vanua:1	vanuaa:1	wanua:1
वापस	vaapas:5	wapas:2	vapas:1
वापसी	vaapasi:1	vapasi:1	waapasi:1	wapasi:1
वापिस	wapis:2	vaapis:1	vapis:1
वापिसी	vaapisi:1	vapisi:1	waapisi:1	wapisi:1
वापी	vapi:2	vaapi:1	wapi:1
वाम	vaam:2	vam:1	wam:1
वामदलों	vaamadalon:1	vaamdalon:1	vamadalon:1	wamadalon:1
वामदेव	vamdev:2	vaamdev:1	wamdev:1
वामन	vaman:3	waman:1
वामपंथ	vaamapantha:1	vaampanth:1	wampanth:1
वामपंथी	vaamapanthi:1	vaampanthi:1	vampanthi:1
वायदा	vayada:2	vayda:1
वायदे	vayade:2	vayde:1
वायन	vayan:2	wine:1
वायना	vayana:1	vayna:1	wayna:1
वायनाड	vaynad:2	wayanad:1
वायने	vayane:1	vayne:1	wayne:1
वायर	wire:3	vayer:1
वायरमैन	waterman:1	wireman:1	wiremen:1
वायरल	viral:4
वायरलेस	wireless:2	wirerless:1
वायरस	virus:3
वायरसों	viruson:2	vireson:1
वायर्ड	wired:3
वायलिन	violin:3
वायसराय	vaysaray:2	vaisarai:1
वायसरॉय	vaisarai:1	vaysaray:1	viceroy:1
वायु	vayu:3
वायुदाब	vayudab:3
वायुदेव	vayudev:3
वायुमंडल	vayumandal:3
वायुमंडलीय	vayumandaliy:3
वायुमार्ग	vayumarg:2	vatumarg:1
वायुयान	vayuyan:2	vayuman:1
वायुयानों	vayuyanon:3
वायुसेना	vayusena:3
वायू	vayu:3
वार	war:3	var:1	warpalatwar:1
वारंगल	warangal:3
वारंट	warrant:3
वारंटियों	warrantiyon:2	warrantyon:1
वारंटी	warranty:3
वारबर्ग	varbarge:1	warberg:1	warburg:1
वारविक	warwick:2	varvik:1
वारविकशायर	warwickshire:2	varvikshayar:1
वारसी	varsi:2	warsi:1
वारसॉ	warsaw:2	vaarso:1
वारहेड	warhead:2	varhead:1
वाराणसी	varanasi:5
वाराह	varah:3
वाराही	varahi:3
वारियर	warrior:2	variyar:1
वारियर्स	warriors:2	warrior:1
वारिश	varish:2	warish:1
वारिस	varis:1	waaris:1	waris:1
वारेन	warren:2	varen:1
वार्ड	ward:5	word:1
वार्डो	wardo:2	wardon:1
वार्ता	varta:3	vaarta:1	warta:1
वार्ताओं	vartaon:2	vaartaon:1	wartaon:1
वार्ताकार	vartakar:2	wartakar:1
वार्तालाप	vartalap:2	vartalaap:1
वार्नर	warner:3
वार्निश	varnish:2	warnish:1
वार्प	warp:3
वार्मअप	warmup:6
वार्स	wars:2	varse:1
वाल	vaal:1	wal:1	wall:1
वाला	wala:2	vala:1
वालिद	walid:2	valid:1
वालिदा	walida:2	valida:1
वालिया	walia:2	valiya:1
वाली	wali:5	vali:3
वालीं	valin:1	wali:1	walin:1
वाले	wale:4	vale:2	vaale:1	waale:1
वालें	valen:2	walen:1
वालेकुम	valekum:1	walaikum:1	walecum:1	walekum:1
वालेरी	valeri:1	valerie:1	valery:1
वालेस	wallace:2	wales:1
वालो	walo:4	valo:2	vaalo:1	waalo:1
वालों	walon:5	valon:3
वाल्के	walke:3
वाल्ट	walt:2	vault:1
वाल्टर	walter:2	voltaire:1
वाल्टेयर	valteyar:1	voltaire:1	waltair:1
वाल्मिकी	valmiki:3
वाल्मीक	valmik:2	valmiik:1
वाल्मीकि	valmiki:3
वाल्यूम	volume:3
वाल्व	valve:2	wolv:1
वाल्श	walsh:3
वावजूद	vavjud:2	vavjood:1
वाश	wash:3
वाशिंगटन	washington:3
वाष्प	vashp:1	vashpa:1	washp:1
वाष्पित	vashpit:2	washpit:1
वाष्पीकरण	vashikaran:1	vashpikaran:1	washpikaran:1
वाष्पीकृत	vashikrit:1	vashpikrit:1	vashpikrut:1
वास	vaas:5	vas:2	was:1
वासन	vasan:3	wasan:1
वासना	vasna:2	vasana:1
वासियों	vasiyon:2	wasion:1
वासी	vasi:2	wasi:1
वासुदेव	vasudev:6
वासेपुर	vasepur:2	wasseypur:1
वास्को	vasco:3	vasko:3
वास्तव	vastav:2	vaastav:1
वास्तविक	vastavik:4	vastvik:2
वास्तविकता	vastavikta:2	vastvikata:2
वास्तविकताओं	vastaviktaon:2	vastvikataon:1
वास्ता	vasta:2	vaasta:1
वास्तु	vastu:3
वास्तुकला	vastukala:3
वास्तुकार	vastukar:3
वास्तुविद	vaastuvid:1	vastuvid:1	wastuvid:1
वास्तुशास्त्र	vastushastr:3	vastushastra:3	vaastushastra:1	wastushastra:1
वास्तुशिल्प	vaastushilpa:2	wastushilp:1
वास्तुशिल्पी	vaastushilpi:1	vastushilpi:1	wastushilpi:1
वास्ते	vaaste:2	waste:1
वाह	wah:2	vaah:1
वाहक	vahak:2	wahak:1
वाहकों	vahakon:2	wahakon:1
वाहन	vahan:4	wahan:2	vaahan:1
वाहनचालकों	vahanchalakon:1	vahanchalkon:1	wahanchalakon:1
वाहनों	vaahanon:2	vahanon:2	wahanon:1
वाहिका	vahika:2	vaahika:1	wahika:1
वाहिकाएं	vahikayen:2	vaahikayen:1	wahikayan:1
वाहिकाओं	vaahikaon:2	vahikaon:2	wahikaon:1
वाहिनी	vahini:2	wahini:1
वाही	vahi:2	vaahi:1
वाह्य	vaahya:1	vahay:1	vahya:1
वाॅशिंगटन	washington:3
विंग	wing:3
विंगर	winger:3
विंगेट	winget:2	vingate:1
विंग्स	wings:3
विंची	winchi:2	vinchi:1	vinci:1
विंटर	winter:3
विंटर्स	winters:3
विंड	wind:3
विंडसर	windsor:3
विंडस्क्रीन	windscreen:3
विंडो	window:3
विंडोज	windows:3
विंदा	vinda:3
विंध्य	vindhya:2	vidhya:1
विंध्या	vindhya:2	vindya:1
विंध्याचल	vindhyachal:3
विंबलडन	wimbledon:3
विंसेंट	vincent:3
विंस्टन	vinstan:1	vinsten:1	winston:1
विएना	viena:1	vienna:1	viyna:1
विक	vic:1	vik:1	weak:1	week:1
विकराल	vikaral:2	vikraal:1
विकल	vikal:3
विकलता	vikalata:2	vikalta:1
विकलांग	viklang:2	vikalang:1
विकलांगता	viklangata:2	vikalangata:1
विकल्प	vikalp:3
विकल्पों	vikalpon:3
विकसित	viksit:2	vikasit:1
विकार	vikar:3
विकारग्रस्त	vikargrast:2	vikargrasta:1
विकारों	vikaron:3
विकास	vikas:7
विकासक्रम	vikaskram:3
विकासपुरी	vikaspuri:3
विकासवाद	vikaasvaad:1	vikasvad:1	vikaswaad:1
विकासवादी	vikaasvaadi:1	vikasvadi:1	vikaswadi:1
विकासशील	vikasshil:2	vikaasshil:1	vikashsheel:1	vikassheel:1
विकासात्मक	vikasatmak:2	vikaasaatmak:1
विकिपीडिया	wikipedia:3
विकिरण	vikiran:3
विकिलीक्स	wikileaks:3
विकी	vicky:2	wiki:1
विकृत	vikrut:2	vikrit:2
विकृति	vikriti:2	vikruti:1
विकृतियां	vikritiyaan:1	vikritiyan:1	vikrutiyan:1
विकृतियों	vikritiyon:2	vikrutiyon:1
विकेंद्रीकरण	vikendrikaran:3
विकेंद्रीकृत	vikendrikrit:2	vikendrikrut:1
विकेट	wicket:3
विकेटकीपर	wicketkeeper:6
विकेटकीपरों	wicketkeeperon:2	wicketkeeparon:1
विकेटों	wicketon:3
विक्की	vicky:2	vikki:1
विक्टर	victor:3
विक्टिम	victim:3
विक्टोरियन	victorian:3
विक्टोरिया	victoria:3
विक्टोरियाई	victoriaayi:1	victoriai:1	victoriyai:1
विक्रम	vikram:3
विक्रमजीत	vikramjeet:3	vikramjit:1
विक्रमशिला	vikramshila:2	vikramashila:1
विक्रमादित्य	vikramaditya:3
विक्रमी	vikrami:3
विक्रय	vikray:3	vikraya:2
विक्रांत	vikrant:3
विक्री	vikri:3
विक्रेता	vikreta:2	vikretaa:1
विक्रेताओं	vikretao:2	vikretaon:2	vikretaaon:1
विक्षत	vikshat:3
विक्षिप्त	vikshipt:2	vikshipta:1
विक्षिप्तता	vikshiptata:2	vikshaptataa:1
विक्षोभ	vikshobh:3
विखंडन	vikhandan:3
विखंडित	vikhandit:3
विख्यात	vikhyat:2	vikhyaat:1
विगत	vigat:3
विगो	vigo:2	wego:1
विग्रह	vigrah:2	vigraha:2
विघटन	vighatan:3
विघटित	vighatit:3
विघ्न	vighna:2	vighn:1
विघ्नहर्ता	vighnaharta:2	vighnharta:1
विघ्नों	vighnon:2	vighanon:1
विच	witch:3
विचरण	vicharan:3
विचलन	vichalan:3
विचलनों	vichalanon:3
विचलित	vichalit:3
विचार	vichar:2	vichaar:1
विचारक	vicharak:2	vichaarak:1
विचारकों	vicharakon:2	vichaarakon:1
विचारणीय	vichaarniya:1	vicharniy:1	vicharniya:1
विचारधारा	vichardhara:2	vichaardhaara:1
विचारने	vicharane:2	vicharne:1
विचारविमर्श	vicharvimarsh:2	vichaarvimarsh:1
विचारशील	vicharashil:1	vicharsheel:1	vicharshil:1
विचाराधारा	vichardhara:3
विचाराधीन	vicharadhin:3
विचारार्थ	vichararth:3
विचारे	vichare:2	vichere:1
विचारों	vicharon:3
विचारोत्तेजक	vicharottejak:3
विचित्र	vichitra:2	vichitr:1
विच्छेद	vicchaed:1	vichchhed:1	vichchheda:1
विज	vij:3
विजडन	wisden:2	wejdan:1
विजडम	wisdom:3
विजय	vijay:6
विजयदान	vijaydaan:2	vijayadaan:1	vijaydan:1
विजयनगर	vijayanagar:2	vijaynagar:2
विजयनगरम	vijayanagaram:1	vijaynagaram:1	vizianagaram:1
विजयमल	vijaymal:3	vijayamal:1
विजयवाडा	vijayawada:2	vijaywada:1
विजया	vijaya:3
विजयी	vijai:1	vijayee:1	vijayi:1
विजर	visor:2	vijar:1
विजिटर	visitor:3
विजिटर्स	visitors:2	visiters:1
विजिटिंग	visiting:3
विजित	vijit:3
विजुअल	visual:3
विजू	viju:3
विजेंदर	vijender:2	vijendar:1
विजेंद्र	vijendra:2	vijender:1
विजेट	widget:2	vijet:1
विजेता	vijeta:3	vijetaa:1
विजेताओं	vijetaon:2	vijetaaon:1
विज्ञप्ति	vigyapti:3
विज्ञान	vigyan:3
विज्ञानियों	vigyaniyon:2	vigyaaniyon:1
विज्ञानी	vigyani:2	vigyaani:1
विज्ञानों	vigyanon:2	vigyaanon:1
विज्ञापन	vigyapan:2	vigyaapan:1
विज्ञापनदाता	vigyaapandaataa:1	vigyapandaata:1	vigyapandata:1
विज्ञापनदाताओं	vigyaapandaataaon:1	vigyapandaata:1	vigyapandataon:1
विज्ञापनों	vigyapanon:2	vigyaapanon:1
विज्ञापित	vigyaapit:1	vigyapit:1	vigyapti:1
विज्डन	wisden:2	wizdon:1
विटामिन	vitamin:6
विटामिनों	vitaminon:3
विटी	viti:1	vity:1	witty:1
विट्ठल	vitthal:3
विठ्ठल	viththal:2	vitthal:1
विडंबना	vidambana:1	vidambanaa:1	vidambna:1
वितरक	vitrak:2	vitarak:1
वितरकों	vitarakon:1	vitarkon:1	vitrakon:1
वितरण	vitran:3	vitaran:2
वितरित	vitarit:2	vitrit:1
वितर्क	vitark:3
वित्त	vitta:4	vitt:2
वित्तपोषण	vittaposhan:3	vittposhan:3
वित्तपोषित	vittaposhit:2	vittposhit:1
वित्तमंत्रियों	vittamantriyon:2	vittmantriyon:1
वित्तमंत्री	vittamantri:2	vittmantri:1
वित्तीय	vittiy:5	viteeye:1	vittiya:1
विद	vid:2	with:1
विदर्भ	vidarbh:5	vidarbha:1
विदा	vida:3
विदाई	vidai:2	vidaee:1
विदित	vidit:3
विदिन	vidin:2	within:1
विदिशा	vidisha:3
विदुर	vidur:3
विदूषक	vidushak:3
विदूषकों	vidushakon:3
विदेश	videsh:6
विदेशियों	videshiyon:3
विदेशी	videshi:3
विदेशों	videshon:3
विदेह	videh:3
विद्धमान	viddhmaan:2	viddhman:1
विद्यमान	vidhmaan:1	vidyamaan:1	vidyaman:1
विद्या	vidya:4	vidaya:1	vidhya:1
विद्याएं	vidhaaein:1	vidyaayein:1	vidyaen:1
विद्याओं	vidhaaon:1	vidyaaon:1	vidyaon:1
विद्याधर	vidyadhar:2	vidhyadhar:1
विद्यापति	vidyapati:2	vidhyapati:1
विद्यापीठ	vidhyapeeth:1	vidyapeeth:1	vidyapith:1
विद्यामंदिर	vidyamandir:2	vidhyamandir:1
विद्यार्जन	vidhaarjan:1	vidyaarjan:1	vidyarjan:1
विद्यार्थियो	vidhyaarthiyon:1	vidyaarthiyo:1	vidyarthiyo:1
विद्यार्थियों	vidhyaarthiyon:1	vidyaarthiyon:1	vidyarthiyon:1
विद्यार्थी	vidyarthi:4	vidhyaarthi:1	vidyaarthi:1
विद्यालंकार	vidhyalankaar:1	vidyaalankaar:1	vidyalankar:1
विद्यालय	vidyalay:3	vidhayala:1	vidyaalaya:1	vidyalaya:1
विद्यालयों	vidhyalayon:1	vidyalayon:1	vidyalyon:1
विद्यावती	vidhyavati:1	vidyavati:1	vidyawati:1
विद्यासागर	vidyasagar:2	vidhyasagar:1
विद्युत	vidyut:2	vidhut:1
विद्युतीय	vidyutiya:2	vidyutiy:2	vidhuteeye:1
विद्युत्	vidyut:2	vidhut:1
विद्रूपताओं	vidroopataon:1	vidrupataon:1	vidruptaon:1
विद्रोह	vidroh:3
विद्रोहियों	vidrohiyon:3	vidyohiyon:1
विद्रोही	vidrohi:3
विद्वजनों	vidvajanon:3
विद्वज्जनों	vidvajjanon:3
विद्वता	vidvata:3
विद्वत्ता	vidvatta:3
विद्वान	vidvan:5	vidvaan:1	vidwan:1
विद्वानों	vidwanon:4	vidvaanon:1	vidvanon:1
विद्वान्	vidwan:2	vidvaan:1
विधयक	vidhayak:2	vidhyak:1
विधर्मी	vidharmi:3
विधवा	vidhva:2	vidhava:1
विधवाओं	vidhvaon:2	vidhavaon:1
विधा	vidha:3
विधाओं	vidhaon:3
विधाता	vidhata:2	vidhaata:1
विधान	vidhan:2	vidhaan:1
विधानचंद्र	vidhanchandra:2	vishanchandra:1
विधानपरिषद	vidhanparishad:3
विधानमंडल	vidhanmandal:2	vidhaanmandal:1
विधानमंडलों	vidhaanmandalon:1	vidhanmandalon:1	vidhanmandlon:1
विधानसभा	vidhansabha:3
विधानसभाएं	vidhansabhaen:2	vidhansabhaein:1
विधानसभाओं	vidhansabhaon:3
विधानों	vidhanon:2	vidhaanon:1
विधायक	vidhayak:3
विधायकों	vidhayakon:3
विधायिका	vidhayika:2	vidhaayikaa:1
विधायिकाओं	vidhayikaon:2	vidhaayikaaon:1
विधार्थी	vidharthi:2	vidyaarthi:1
विधालय	vidhaalaya:1	vidhalay:1	vidhalaye:1
विधि	vidhi:6
विधिः	vidhih:2	vidih:1
विधिक	vidhik:3
विधिज्ञ	vidhigya:3
विधिपूर्वक	vidhipurvak:2	vidhipoorvak:1
विधियां	vidhiyan:2	vidhiyaan:1
विधियों	vidhiyon:3
विधिवत	vidhivat:3
विधिवत्	vidhivat:3
विधिविधान	vidhividhaan:4	vidhividhan:2
विधुत	vidhut:3
विधुर	vidhur:3
विधेयक	vidheyak:3
विध्वंश	vidhvansh:2	vidhvaansh:1
विध्वंस	vidhvans:3
विध्वंसक	vidhvansak:2	vishvansak:1
विन	win:3
विनती	vinati:2	vinti:1
विनम्र	vinamra:2	vinmr:1
विनम्रता	vinamrata:2	vinamrta:1
विनय	vinay:3
विनयपत्रिका	vinaypatrika:3
विनष्ट	vinasht:3
विनायक	vinayak:6
विनाश	vinash:2	vinaash:1
विनाशक	vinashak:3
विनाशकारी	vinashkari:2	vinaashkari:1
विनाशलीला	vinashlila:2	vinaashleela:1
विनिमय	vinimay:2	vinimaye:1
विनियम	viniyam:3
विनियमन	viniyaman:2	viniyman:1
विनियमावली	viniyamavali:2	viniymawali:1
विनियमित	viniymit:2	viniyamit:1
विनियामक	viniyamak:3
विनियोग	viniyog:3
विनिर्माण	vinirman:2	vinirmaan:1
विनिल	vinil:3
विनिवेश	vinivesh:3
विनी	vini:2	vinni:1
विनीत	vineet:2	vinit:1
विनीता	vinita:2	vineeta:1
विनेगर	vinegar:3
विनेश	vinesh:3
विनोद	vinod:5	vonod:1
विनोना	vinona:2	winona:1
विनोबा	vinoba:3
विन्नी	vinni:2	vinny:1
विपक्ष	vipaksh:5	vipaksha:1
विपक्षियों	vipakshiyon:3
विपक्षी	vipakshi:3
विपत्ति	vipatti:3
विपत्र	vipatra:1	viptr:1	viptra:1
विपरित	viprit:3
विपरीत	viprit:2	vipreet:1
विपरीतता	vipritata:2	vipreetataa:1
विपुल	vipul:3
विप्र	vipra:2	vipr:1
विप्रा	vipra:5
विप्रो	wipro:2	vipro:1
विप्लव	viplav:2	vipalv:1
विफल	vifal:3
विफलता	vifalta:2	vifalata:1
विफलताओं	vifaltaon:2	vifalataon:1
विभक्त	vibhakt:3
विभव	vibhav:3
विभा	vibha:3
विभाग	vibhag:2	vibhaag:1
विभागाध्यक्ष	vibhaadhyaksh:1	vibhagadhyaksh:1	vibhagadhyksh:1
विभागीय	vibhagiy:2	vibhagiye:1
विभागो	vibhago:2	vibhaagon:1
विभागों	vibhagon:2	vibhaagon:1
विभाजक	vibhajak:3
विभाजन	vibhajan:3
विभाजनकारी	vibhajankari:2	vibhajankaari:1
विभाजित	vibhajit:3
विभिन्न	vibhinn:2	vibhinna:1
विभिन्नता	vibhinnata:2	vibhinnta:1
विभिन्नताओं	vibhinnataon:2	vibhinntaon:1
विभीषण	vibhishan:2	vibhikshan:1
विभीषिका	vibhishika:2	vibhikshika:1
विभु	vibhu:3
विभूति	vibhuti:2	vibhooti:1
विभूतियां	vibhutiyan:2	vibhootiyaan:1
विभूषण	vibhushan:2	vibhooshan:1
विभूषित	vibhushit:2	vibhooshit:1
विभेद	vibhed:2	vibheid:1
विभेदकारी	vibhedkari:2	vibhedkaari:1
विभ्रम	vibhram:1	vibhrm:1	vibram:1
विमर्श	vimarsh:3
विमर्शों	vimarshon:2	vimarsho:1
विमल	vimal:4
विमान	vimaan:4	viman:3
विमानतल	vimantal:3
विमानपत्तन	vimanpattan:3
विमानवाहक	vimanvahak:2	vimanwahak:1
विमानसेवा	vimanseva:2	vimansewa:1
विमानों	vimanon:3
विमुख	vimukh:3
विमेन	women:2	vimen:1
विमोचन	vimochan:3
वियतनाम	vietnam:3	viyatnam:2
वियतनामी	viyatnami:2	vietmani:1
वियाग्रा	viyagra:2	viagra:1
वियोग	viyog:3
विरक्त	virakt:3
विरचित	virchit:2	virachit:1
विरत	virat:3
विरल	viral:3
विरह	virah:3
विराग	virag:2	viraag:1
विराजती	virajati:3
विराजमान	virajman:2	virajmaan:1
विराजित	virajit:2	virajeet:1
विराजे	viraje:3
विराट	virat:4
विराम	viram:2	viraam:1
विरासत	virasat:2	viraasat:1
विरासतों	virasaton:2	viraston:1
विरु	viru:2	veeru:1
विरुद्ध	viruddh:3
विरुधुनगर	virudhunagar:3
विरूद्ध	viruddh:1	viruddha:1	virudh:1
विरूपण	virupan:2	viruupan:1
विरेंदर	virendra:2	virender:1
विरेंद्र	virendra:3
विरेचक	virechak:3
विरेचन	virechan:3
विरोध	virodh:3
विरोधाभास	virodhabhas:3
विरोधाभासी	virodhabhasi:3
विरोधाभासों	virodhabhason:3
विरोधियों	virodhiyon:3
विरोधी	virodhi:3
विल	will:6
विलंब	vilamb:3
विलंबित	vilambit:2	vilalbit:1
विलक्षण	vilkshan:2	vilakshan:3
विलक्षणता	vilakshanta:1	vilakshnata:1	vilakshnta:1
विलग	vilag:3
विलय	vilay:1	vilaya:1	wilay:1
विलयन	vilyan:3	vilayan:1	villain:1	william:1
विला	villa:3
विलाप	vilap:2	wilap:1
विलायत	vilayat:3
विलास	vilas:3
विलासपुर	vilaspur:2	bilaspur:1
विलासिता	vilasita:2	wilasita:1
विलासी	vilasi:2	wilasi:1
विलिंगडन	willingdon:3
विलियम	william:3
विलियमसन	williamson:3
विलियम्स	williams:3
विलियर्स	villiers:1	williayarse:1	williors:1
विलिस	vilis:2	willies:1
विली	willy:3	vili:2	villy:2
विलीन	vilin:2	viliin:1
विलुप्त	vilupta:2	vilupt:1
विलुप्ति	vilupti:3
विलेख	vilekh:3
विलेज	village:3
विलेय	viley:3
विलोपित	vilopit:2	vilopati:1
विलोम	vilom:3
विल्क्स	vilks:2	vilkes:1
विल्स	wills:2	wils:1
विल्सन	wilson:3	vilson:1
विल्हेम	vilhelm:2	wilham:1
विव	viv:3
विवर	vivar:2	weaver:1
विवरण	vivaran:3
विवरणों	vivaranon:2	vivarnon:1
विवर्तनिकी	vivartaniki:2	vivatniki:1
विवश	vivash:3
विवाद	vivad:6	vivaad:1
विवादास्पद	vivadaspad:2	vivadaspd:1
विवादित	vivadit:3
विवादों	vivadon:3
विवान	vivan:3	vivaan:1
विवाह	vivah:6	vivaah:1
विवाहित	vivahit:3
विवाहिता	vivahita:3
विवाहितों	vivahiton:3
विवाहों	vivahon:3
विविध	vividh:3
विविधता	vividhata:2	vividhta:1
विविधताओं	vividhtaon:2	vividhataon:1
विविधतापूर्ण	vividhatapurn:1	vividhtapurn:1	vividhtapurna:1
विविधा	vividha:3
विविधीकरण	vividhikaran:3
विवेक	vivek:3
विवेकहीन	vivekheen:2	vivekahin:1
विवेकाधिकार	vivekadhikar:2	vivekadhikaar:1
विवेकानंद	vivekanand:3
विवेचन	vivechan:3
विवेचना	vivechana:2	vivechna:1
विशाख	vishakh:2	vishaakh:1
विशाखा	vishakha:3
विशाखापत्तनम	visakhapatnam:2	vishakhapattnam:1
विशाल	vishal:4
विशालकाय	vishalkay:2	vishalkaay:1
विशालतम	vishaltam:2	vishalatam:1
विशालता	vishalata:2	vishalta:1
विशिष्ट	vishisht:4
विशिष्टता	vishishtata:2	vishishtataa:1
विशिष्टताएं	vishishtataayein:1	vishishtataein:1	vishishtatayen:1
विशिष्टताओं	vishishtataon:2	vishishtataaon:1
विशिष्ठ	vishishth:2	vishishtha:1
विशुद्ध	vishuddh:2	vishuddha:1
विशुनपुर	vishunpur:2	bishunpur:1
विशेष	vishesh:6	veshesh:1
विशेषज्ञ	visheshagya:3
विशेषज्ञता	visheshagyata:1	visheshagyataa:1	visheshgyata:1
विशेषज्ञों	visheshagyon:3
विशेषण	visheshan:3
विशेषणों	visheshanon:3
विशेषत	visheshat:3
विशेषतया	visheshataya:1	visheshtaya:1	visheshtayaa:1
विशेषता	visheshta:5	visheshata:1	visheshtaa:1
विशेषताएं	vishestaayen:2	visheshtaayein:1	visheshtaen:1	visheshtayen:1
विशेषताओं	visheshtaon:2	visheshtaaon:1
विशेषांक	visheshank:2	visheshaank:1
विशेषाधिकार	visheshadhikar:2	visheshaadhikaar:1
विशेषाधिकारों	visheshadhikaron:2	visheshaadhikaaron:1
विशेषाधिकृत	visheshadhikrit:2	visheshaadhikrit:1
विश्क	vishk:3
विश्राम	vishram:2	vishraam:1
विश्लेषक	vishleshak:3
विश्लेषकों	vishleshakon:3
विश्लेषण	vishleshan:3
विश्लेषणात्मक	vishleshanatmak:2	vishleshnatmak:1
विश्लेषणों	vishleshanon:2	vishleshan:1
विश्लेषात्मक	vishleshatmak:2	vishleshaatmak:1
विश्लेषित	vishleshit:3
विश्व	vishwa:11	vishva:2
विश्वंभर	vishwambhar:2	vishwanbhar:1
विश्वकर्मा	vishwakarma:3
विश्वकल्याण	vishwakalyan:5	vishvakalyan:1
विश्वकोश	vishwkosh:4	vishwakosh:3
विश्वकोष	vishwakosh:2	vishvkosh:1
विश्वगुरु	vishvaguru:1	vishwaguru:1	vishwaguruu:1
विश्वनाथ	vishwanath:3
विश्वनीय	vishvaniy:1	vishwaniiya:1	vishwaniya:1
विश्वप्रसिद्ध	vishvaprasidhya:2	vishwaprasiddh:2	vishwaprasidha:2
विश्वभर	vishwabhar:3
विश्वयात्रा	vishwayatra:3
विश्वयुद्ध	vishwayuddh:1	vishwayuddha:1	vishwayudh:1
विश्वरूपम	vishwaroopam:2	vishwarupam:1
विश्वविख्यात	vishwavikhyat:3	ishwavikhyat:1	vishvavikhyat:1	vishwavikhyaat:1
विश्वविद्यालय	vishvvidyalaya:8	vishvavidyalay:2	vishwavidyalay:2	vishwavidyalaya:2
विश्वविद्यालयों	vishwavidyalayon:2	vishwavidhyalayon:1
विश्वविद्लाय	vishwavidhyalay:1	vishwavidyalay:1	vishwavidyalaya:1
विश्वव्यापी	vishwavyapi:2	vishwavyaapi:1
विश्वशक्ति	vishwashakti:3
विश्वसनीय	vishwasneey:2	vishwasaniy:2	vishwasniiya:1
विश्वसनीयता	vishwasaniyata:2	vishwasniiyataa:1
विश्वस्त	vishwast:2	vishvasta:1	vishwasta:1
विश्वस्तर	vishwastar:2	vishvastar:1	vishvstar:1
विश्वस्तरीय	vishvastariy:2	vishwastariya:2	vishvastariya:1	vishvstariy:1
विश्वामित्र	vishwamitra:5	vishvamitra:3
विश्वाश	vishvash:1	vishwas:1	vishwash:1
विश्वास	vishwas:4	vishvas:3
विश्वासपात्र	vishvasapatra:1	vishvaspatra:1	vishwaspatra:1
विश्वासमत	vishvasamat:1	vishvasamata:1	vishwasmat:1
विश्वासियों	vishvasiyon:2	vishwasiyon:1	visvasiyon:1
विश्वासों	vishvason:2	vishwason:1
विश्विद्यालय	vishvidyalay:2	vishvavidyalaya:1
विश्वेश्वरैया	vishveshvaraiya:1	vishveshwaraiya:1	visvesvaraya:1
विष	vish:2	wish:3
विषपान	vishpan:2	vishapaan:1	vishapan:1	vishpaan:1
विषम	visham:2	vishama:1
विषमता	vishamata:1	vishamta:1	vishmata:1
विषमताओं	vishamataon:1	vishamtaon:1	vishmataon:1
विषय	vishay:3	vishaya:1
विषयवस्तु	vishayvastu:2	vishayavastu:1
विषयुक्त	vishyukt:2	vishayukta:1
विषयों	visayon:2	vishayon:3	vishyon:1
विषहीन	vishhin:2	vishahin:1
विषाक्त	vishakta:2	vishaakta:1	vishakt:1
विषाक्तता	vishaktata:3	vishaaktata:1
विषाणु	vishanu:3	vishaanu:1
विषाणुओं	vishanuon:3	vishaanuon:1
विषाद	vishad:3	vishaad:2
विषुव	vishuv:2	vishuva:1
विषैला	vishaila:3	vishailaa:1
विषैली	vishaili:3
विषैले	vishaile:2	vishaily:1
विष्ट	vishit:1	visht:1	vishta:1
विष्णु	vishnu:7	vishanu:3
विष्णुपद	vishnupad:3
विष्लेषण	vishleshan:2	vishleshana:1
विष्व	vishwa:2	vishva:1
विसंगति	visangati:3
विसंगतियां	visangatiyan:3
विसंगतियों	visangatiyon:3
विसनगर	visnagar:2	visangar:1
विसर्जन	visarjan:3	visarjen:1
विसर्जित	visarjit:3	visarjita:1
विस्तार	vistaar:3	vistar:3
विस्तारपूर्वक	vistarpurvak:3	vistarpurwak:1
विस्तारवाद	vistarvaad:1	vistarvad:1	vistarwaad:1	vistarwad:1
विस्तारवादी	vistarwadi:2	vistarvaadi:1	vistarwaadi:1
विस्तारित	vistarit:3
विस्थापन	visthapan:3
विस्थापित	visthapit:3
विस्फोट	visphot:2	visfot:3
विस्मय	vismay:3	vismaya:1
विहार	vihar:3
विहारों	viharon:3
विहित	vihit:2	wihit:1
विहिन	vihin:3
विहीन	vihin:2	viheen:1
वीएचपी	vhp:3
वीएम	vm:3
वीएलसी	vlc:3
वीक	week:3
वीकली	weekly:3
वीक्स	weeks:3
वीजा	visa:3	vija:1
वीटा	vita:3
वीटी	vt:2	viti:1
वीडियो	video:6
वीडियोग्राफी	videography:3
वीणा	veena:2	vinaa:1
वीतराग	vitraag:2	veetraag:1	veetrag:1
वीनस	veenus:1	venus:1	vns:1
वीना	veena:3	vina:1
वीर	veer:3
वीरगति	veergati:2	virgati:1
वीरचंद	veerchand:2	virchand:2
वीरता	veerta:2	virta:1
वीरतापूर्ण	veertapurn:1	veertapurna:1	virtapurn:1
वीरभद्र	veerbhadra:2	virbhadra:1
वीरमणि	veemani:1	veeramani:1	veermani:1
वीरा	veera:3
वीरांगना	veerangana:1	virangana:1	virangna:1
वीराने	veerane:2	virane:1
वीरेंद्र	virendra:5	virender:2
वीरेन	viren:3	veeren:1
वीरेश	viresh:2	veeresh:1
वीरों	veeron:3
वीर्य	viry:2	virya:2	veerya:1	viirya:1
वीविंग	viviling:1	viving:1	weaving:1
वीसा	visa:3
वीसैट	viasat:1	viset:1	weset:1
वुड	would:2	wood:3
वुडलैंड	woodland:3
वुड्स	woods:2	wood:1
वुल्फ	wolf:3
वूल्मर	woolmer:2	vulmar:1
वृंदावन	vrindavan:4	vrundavan:2
वृक्ष	vruksh:7	vriksh:3	vriksha:2	variksh:1
वृक्षारोपण	vruksharopan:2	vriksharopan:1
वृक्षों	vrukshon:2	vrikshon:1
वृतचित्र	vrutchitra:2	vritchitr:1
वृतांत	vrutant:2	vritant:1
वृताकार	vrutakar:2	vritakar:1
वृत्त	vritt:1	vrut:1	vrutta:1
वृत्तांत	vruttant:2	vrittant:1
वृत्ताकार	vruttakar:2	vrittakar:1
वृत्तियों	vritiyon:1	vrittyon:1	vrutiyon:1	vruttiyon:1
वृत्तों	vritton:1	vruton:1	vrutton:1
वृत्रासुर	vrutrasur:2	vritasur:1
वृद्ध	vridh:2	vriddh:1	vridhi:1	vrudhha:1
वृद्धजनों	vriddhajanon:1	vriddhjanon:1	vridhjanon:1
वृद्धा	variddha:1	vriddha:1	vridha:1
वृद्धावस्था	vridhavastha:2	variddhavastha:1
वृद्धि	vriddhi:3	variddhi:2	vridhi:2	varidhi:1
वृद्धों	variddhon:1	vriddhon:1	vridhon:1
वृषण	vrishan:2	varishan:1
वृषभानु	vrishbhanu:2	varishbhanu:1
वृहत	vrihat:2	vriht:1
वृहद	vrihad:2	varihad:1
वे	ve:131	way:3
वेंकट	venkat:3	vekat:1	venkata:1
वेंकटरमण	venkataraman:1	venkatraman:1	venktaraman:1
वेंकटरमन	venkatraman:3	venkataraman:1
वेंकटेश	venkatesh:4
वेंकटेश्वर	venkateshwar:2	venkteshwar:1
वेंकी	venki:3	venky:1
वेंजर	wenger:2	venjar:1
वेंटर	venter:2	wenter:1
वेंटीलेशन	ventilation:3
वेंडेल	vendel:2	vedele:1
वेंस	vans:1	vens:1	vense:1	wence:1
वेई	vei:2	vayi:1	wai:1
वेक्टर	vector:3	wector:1
वेक्स	wax:2	wex:1
वेग	veg:2	weg:1
वेगपूर्वक	vegpurvak:2	wegpoorvak:1	wegpurvak:1
वेगास	vegas:3
वेगेनर	vegenar:2	waginr:1
वेजीटेरियन	vegetarian:3
वेट	vat:1	wait:1	wet:1
वेटिंग	waiting:3	wetting:1
वेटिकन	vatican:1	vetican:1	veticle:1
वेट्रेस	waitress:2	vetras:1
वेट्स	weights:2	waiters:1
वेड	ved:1	wade:1	wed:1
वेडनसडे	wednesday:3
वेडिंग	wedding:4
वेड्स	weds:3
वेणी	veni:3
वेतन	vetan:3
वेद	ved:6
वेदना	vedana:2	vedna:1
वेदमाता	vedmata:3
वेदर	vedar:2	weather:1	whether:1
वेदव्यास	vedvyas:1	vedvyasa:1	vedwyas:1
वेदांत	vedant:3
वेदांता	vedanta:3
वेदारंभ	vedarambh:2	vedaranbh:1
वेदिक	vedik:3
वेदियां	vediyan:2	vediyaan:1
वेदियों	vediyon:3
वेदी	vedi:3
वेदों	vedon:3
वेदोक्त	vedokta:2	vedokt:1
वेन	vain:1	ven:1	when:1
वेनम	venom:2	venam:1
वेनिस	venice:2	vanish:1
वेनेजुएला	venezuela:3
वेपर	vapor:1	vapour:1	vepar:1
वेब	web:4
वेबदुनिया	webduniya:2	webdunia:1
वेबर	vebar:2	webber:1
वेबसाइट	website:7
वेबसाइटें	websiten:2	websitein:1
वेबसाइटों	websiton:2	websiteon:1
वेयर	wear:2	ware:1
वेरावल	veraval:3
वेरिएंट	variant:3
वेरी	very:3
वेरोन	veron:2	wearon:1
वेरोनिका	veronica:1	veronika:1	weronika:1
वेल	well:4	vel:1	wel:1
वेलफेयर	welfare:5	wellfear:1
वेलवेट	velvet:2	welwet:1
वेलिंगटन	valingaton:1	wallington:1	wellington:1
वेलेंटाइन	valentine:10
वेलेंटीना	valentina:3
वेलेरी	veleri:1	velery:1	welery:1
वेलेस	veles:4	balance:1	vales:1
वेल्डर	weldor:2	welder:1
वेल्डिंग	welding:3
वेल्थ	wealth:3
वेल्लूर	vellur:6	velur:1
वेल्श	welsh:2	velsh:1
वेव	wave:4
वेश	vesh:3
वेशभूषा	veshbhusha:7
वेश्या	veshya:3
वेश्यालय	veshyalay:3
वेश्यावृति	veshyavriti:3	veshyavritti:2	veshyavruti:1
वेस्ट	west:3	waste:3
वेस्टर	wester:2	westor:1
वेस्टर्न	western:5
वेस्टलैंड	westland:2	wasteland:1
वेस्टिंग	wasting:2	westing:2
वेस्टिंगहाउस	westinghouse:2	wastinghouse:1
वेस्ले	vaisley:1	vesle:1	wesle:1
वैंकूवर	vancouver:3	vainkuvar:1
वैकल्पिक	vaikalpik:4	vaikalip:1	vaikplick:1
वैक्यूम	vaccum:3	vacuum:3
वैक्सीन	waxin:2	vaccine:1
वैगन	wagon:4	vagon:1	vaigan:1
वैचारिक	vaicharik:3
वैज्ञानिक	vaigyanik:5	vaigyaanik:1	vegyanik:1
वैज्ञानिकता	vaigyaanikta:1	vaigyanikata:1	vaigyanikta:1
वैज्ञानिकों	vaigyanikon:2	vaigyaanikon:1
वैट	vat:4
वैटिकन	vaitican:1	vaitikan:1	vatican:1
वैतनिक	vaitanik:2	vaitnik:1
वैतरणी	vaitarni:2	vaitarani:1
वैत्रवती	vaitravati:2	vaitrawati:1
वैदिक	vaidik:3
वैदिकों	vaidikon:3
वैदेशिक	vaideshik:3
वैद्य	vaidya:3
वैद्यनाथ	vaidyanath:3
वैद्यराज	vaidyaraj:2	vaidyaraaj:1
वैद्यशाला	vaidyashala:2	vaishyashala:1
वैद्यों	vaidyon:3
वैध	vaidh:3
वैधता	vaidhata:2	vaidhta:1
वैधानिक	vaidhanik:3
वैधानिकता	vaidhanikta:2	vaidhaanikta:1
वैन	van:2	vain:1	vein:1
वैप	wap:3
वैभव	vaibhav:3
वैभवशाली	vaibhavashali:1	vaibhavshaali:1	vaibhavshali:1
वैमनस्य	vaimanasy:1	vaimanasya:1	vaimanya:1
वैमनस्यता	vaimansyata:3
वैर	vair:3
वैरागी	vairagi:2	vairaagi:1
वैराग्य	vairagya:3
वैरी	very:3
वैली	vaili:1	vali:1	valley:1
वैलेंटाइन	valentine:5
वैल्यू	value:8
वैवस्वत	vaivasvat:1	vaivsvat:1	vaivsvt:1
वैवाहिक	vaivahik:3
वैविध्य	vaividhya:2	vaividhy:1
वैशाख	vaishakh:2	vaisaakh:1
वैशाखी	vaishakhi:2	vaishaakhi:1
वैशाली	vaishali:3
वैशिष्ट्य	vaishishtay:1	vaishishthiy:1	vaishishtya:1
वैश्य	vaishya:3
वैश्यावृत्ति	vaishyavrutti:2	vaishyavriti:1
वैश्व	vaishv:1	vaishva:1	vasihva:1
वैश्विक	vaishwik:2	vaishvik:3
वैश्वीकरण	vaishvikaran:3
वैष्णव	vaishnav:3
वैष्णो	vaishno:3
वैष्णोदेवी	vaishnodevi:3
वैसा	vaisa:3
वैसी	vaisi:2	waisi:1
वैसे	vaise:8	waise:2
वॉइस	voice:3
वॉक	walk:3
वॉकर	walker:3
वॉच	watch:3
वॉट	what:2	vote:1
वॉटर	water:4
वॉयस	voice:6
वॉयसमेल	voicemail:3
वॉर	war:6
वॉरियर	warrior:3
वॉरीअर	warrior:2	warrioar:1
वॉरेन	warren:2	voren:1
वॉर्ड	ward:3
वॉर्न	warn:1	warne:1	worn:1
वॉर्नर	warner:3
वॉर्स	wars:2	vorse:1
वॉल	wall:6
वॉलीबॉल	volleyball:2	vollyball:1
वॉलेंटियर्स	volunteers:2	volentiyars:1
वॉल्टन	walton:3
वॉल्टर	valter:1	vaulter:1	wolter:1
वॉल्यूम	volume:3
वो	vo:4	woh:2	wo:1
वोंग	wong:2	vong:1
वोइट	voigt:1	voit:1	voite:1
वोइस	voice:3
वोकल	vocal:2	vokal:1
वोकेशन	vocation:3
वोक्स	woakes:2	voks:1
वोट	vote:3
वोटिंग	voting:3
वोटो	voto:2	voton:1
वोटों	voton:3
वोडका	vodka:4
वोदका	vodka:5
वोन	von:5	one:1	won:1
वोले	vole:3
वोल्ट	volt:6
वोल्टा	volta:3
वोल्टेज	voltage:3
वोह	woh:3	wo:1
वोहरा	vohra:2	vohara:1
व्यंकटेश	venkatesh:1	vyankatesh:1	vyanktesh:1
व्यंग्य	vyangya:4	vyangy:3
व्यंग्यात्मक	vyangyatmak:2	vyangyatamak:1
व्यंग्यों	vyangyon:2	vyangon:1
व्यंजन	vyanjan:7
व्यंजनों	vyanjanon:3
व्यक्त	vyakt:3	wyakt:1
व्यक्ति	vyakti:10	wyakti:1
व्यक्तिओं	vyaktion:2	vyaktiyon:1
व्यक्तिगत	vyaktigat:3
व्यक्तित्व	vyaktitva:2	vyaktittv:1	vyaktitv:1
व्यक्तित्वों	vyaktitvon:2	vyaktitatvon:1
व्यक्तियों	vyaktiyon:5
व्यक्तिवाद	vyaktivad:1	vyaktiwad:1	vyktivaad:1	vyktivad:1
व्यक्तिवादी	vyaktivadi:1	vyaktiwadi:1	vykttivadi:1
व्यग्र	vyagra:2	vyagr:1
व्यग्रता	vyagrata:3
व्यतीत	vyatit:3	vytit:1
व्यथा	vyatha:2	vytha:1
व्यथित	vyathit:3
व्यभिचार	vyabhichar:2	vyabhichari:1
व्यभिचारी	vyabhichari:3
व्यय	vyay:3
व्यर्थ	vyarth:3
व्यवधान	vyavdhan:2	vyavadhan:1
व्यवधानों	vyavdhanon:2	vyavadhanon:1
व्यवसाय	vyavsay:4	vyavasay:1	vyvasay:1
व्यवसायिक	vyavsayik:2	vyavasayik:1
व्यवसायी	vyavasayi:2	vyavsayi:1
व्यवसायों	vyavasayon:2	vyavsayon:1
व्यवस्था	vyavastha:6	vyvastha:1
व्यवस्थाओं	vyavasthaon:3	vyavsthaon:1
व्यवस्थान	vyavasthan:2	vayavsthan:1
व्यवस्थापक	vyavasthapak:2	vyavshthapak:1
व्यवस्थापकों	vyavasthapakon:3
व्यवस्थापिका	vyavasthapika:2	vyavsthapika:1
व्यवस्थित	vyavasthit:3
व्यवहार	vyavahar:2	vyavhar:2	vyawhar:1
व्यवहारगत	vyavahargat:2	vyvhargat:1
व्यवहारवादी	vyavaharwadi:2	vyavaharvadi:1
व्यवहारिक	vyavaharik:2	vyavharik:1
व्यवहारों	vyavaharon:2	vyavharon:1
व्यसन	vyasan:3
व्यस्क	vyask:3
व्यस्कों	vyaskon:2	vyskon:1
व्यस्त	vyast:5	vyasta:1
व्यस्तता	vyastata:2	vyastta:1
व्यस्था	vyastha:3
व्याकरण	vyakaran:3
व्याकुल	vyakul:3
व्याकुलता	vyakulta:3
व्याख्या	vyakhya:4
व्याख्याओं	vyakhyaon:3
व्याख्याकार	vyakhyakar:2	vyakhakar:1
व्याख्यान	vyakhyan:3
व्याख्यानों	vyakhyanon:2	vyaakhyanon:1
व्याख्यायित	vyakhyayit:3
व्याघात	vyaghat:3
व्याघ्र	vyaghra:2	vyaghr:1
व्याध	vyadh:3
व्याधि	vyadhi:3
व्याधियों	vyadhiyon:3
व्यापक	vyapak:3
व्यापकता	vyapakata:1	vyapakataa:1	vyapakta:1
व्यापार	vyapar:3	vyapaar:1
व्यापारिक	vyaparik:3
व्यापारियों	vyapariyon:3
व्यापारी	vyapari:3
व्यापी	vyapi:3
व्याप्त	vyapt:4
व्यायाम	vyayam:3
व्यायामशाला	vyayamshala:2	vyayamashala:1
व्यायामों	vyayamon:3
व्यावसायिकता	vyavasayikta:2	vyavasayikata:1
व्यास	vyas:4	vyaas:1	vyasa:1	wyaas:1
व्युत्पत्ति	vyutpatti:3	vyutptti:1
व्यू	view:3
व्यूअर	viewer:3
व्यूअर्स	viewers:3
व्यूइंग	viewing:3
व्यूह	view:2	vyuh:2
व्योम	vyom:2	wyom:1
व्योमकेश	vyomkesh:3
व्रत	vrat:4	vart:1	wrat:1
व्रतराज	vratraj:3
व्रतों	vraton:3
व्लाद	vlad:2	wlaad:1
व्लादिमीर	vladimir:5
व्लादीमीर	vladimir:4
व्हाइट	white:3
व्हाट	what:5	shat:1
व्हाट्सएप	whatsapp:4
व्हिप	vhip:2	whip:1
व्हिस्की	whisky:3
व्हीकल	vehicle:5
व्हीकल्स	vehicles:3
व्हील	wheel:6
व्हीलबेस	wheelbase:2	wheelbes:1
व्हील्स	wheels:3
व्हेन	when:5	vhen:1
व्हेयर	where:2	wear:1
व्हेल	whale:4	vale:1	vhel:1
श	sh:2	sha:1
शंकर	shankar:7
शंकरगढ़	shankargarh:3
शंकराचार्य	shankaracharya:2	shankracharya:2	shankarachary:1
शंका	shanka:3
शंकु	shanku:2	shnku:1
शंख	shankh:4
शंघाई	shanghai:3
शक	shak:3
शकरकंद	shakarkand:2	shakrkand:1
शकीरा	shakira:3
शकील	shakeel:2	shakil:2	shakel:1
शकुंतला	shakuntala:2	shakuntla:1	shankutla:1
शकुन	shakun:2	shkoon:1	shkun:1
शकों	shakon:3
शक्कर	shakkar:2	shakkr:1
शक्की	shakki:3
शक्त	shakt:3
शक्ति	shakti:9
शक्तिपीठ	shaktipeeth:2	shaktipith:1
शक्तिपीठों	shaktipithon:2	shaktipeethon:1
शक्तिमान	shaktimaan:2	shaktiman:1
शक्तियां	shaktiyan:3
शक्तियों	shaktiyon:3
शक्तिशाली	shaktishali:3
शक्तिहीन	shaktihin:2	shaktiheen:1
शक्ल	shakl:3
शक्लें	shaklen:3
शख्स	shakhs:3
शख्सियतों	shakhsiyaton:3
शगुफ्ता	shagufta:3
शचींद्र	shachindra:3
शटर	shutter:2	shater:1
शटल	shuttle:3
शत	shat:3
शतक	shatak:6
शतकीय	shatakiya:2	shatakiy:1	shatkiy:1
शतकों	shatakon:2	shatkon:1
शतपथ	shatpath:3
शतप्रतिशत	shatpratishat:5
शतरंज	shatranj:3
शतरंजी	shatranji:2	shetrunji:2
शताक्षी	shatakshi:3
शताब्दियों	shatabdiyon:3
शताब्दी	shatabdi:6
शत्रु	shatru:5	shtru:1
शत्रुंजय	shatrunjay:3
शत्रुओं	shatruon:3
शत्रुघन	shatrughan:3	shatrudhan:1
शत्रुघ्न	shatrughan:3	shatrughn:2	shatrugya:1
शत्रुता	shatruta:3
शत्रुध्न	shatrudh:1	shatrudhn:1	shatrughan:1
शन	shan:3
शनि	shani:6
शनिदेव	shanidev:3
शनिवार	shanivar:2	shaniwar:1
शनै	shnai:2	sahnai:1
शन्शी	shanshi:1	shanxi:1	shnshi:1
शपथ	shapath:3
शपथपत्र	shapathpatr:2	shapathptr:1	shapthpatr:1	shpathpatr:1
शफी	shafi:3
शफीक	shafeek:1	shafik:1	shafiq:1
शबनम	shabnam:3
शबरी	shabri:2	shabari:1
शबाना	shabana:2	shbana:1
शबीर	shabeer:2	shabir:2
शबे	shabe:3
शब्द	shabd:6
शब्दकोश	shabdkosh:3
शब्दकोष	shabdkosh:3
शब्दभेदी	shabdbhedi:2	shabdabhedi:1
शब्दार्थ	shabdarth:3
शब्दावली	shabdawali:2	shbdavli:1
शब्दों	shabdon:7
शब्बीर	shabbir:4
शमशाद	shamshaad:1	shamshad:1	shmshad:1
शमशाबाद	shamshabad:4
शमशेर	shamsher:4
शमसी	shamsi:3
शमा	shama:2	shma:2
शमादान	shmadan:2	shamadan:1
शमिताभ	shamitabh:3
शमिल	shamil:2	shmil:1
शमी	shami:3
शमीम	shameem:1	shamim:1	shmim:1
शमून	shamoon:1	shamun:1	shmoon:1	shmun:1
शम्मी	shammi:2	shmmi:1
शम्स	shames:1	shams:1	shms:1
शयन	shyan:2	shayan:1
शर	shar:3	shr:1
शरण	sharan:2	shran:1
शरणस्थली	sharansthali:2	shransthli:1
शरणागत	sharanagat:1	shranagat:1	shrnagt:1
शरणार्थियों	sharanarthiyon:1	sharnarthiyon:1	shranarthyion:1
शरणार्थी	sharanarthi:1	sharnarthi:1	shranarthi:1
शरतचंद्र	sharatchander:1	sharatchandra:1	shrtchandr:1
शरद	sharad:5	shard:1	shrd:1
शरदोत्सव	shardostsava:1	shardotsv:1	shardoutsav:1
शरफुद्दीन	sharfuddin:3
शरमन	sharman:3
शरापोवा	sharapova:3
शराब	sharab:5	sharaab:1	shrab:1
शराबखानों	shrabkhanon:2	sharaabkhanon:1
शराबियों	sharaabiyon:1	sharabiyon:1	shrabiyon:1
शराबी	shrabi:3	sharaabi:1
शराबों	sharabon:2	shrabon:1
शरारत	shararat:2	shrart:1
शरारतपूर्ण	shararatpurna:1	sharartpuran:1	shrartpurn:1
शरारती	shrarti:2	shararti:1
शरारतों	shararaton:1	shararton:1	shrarton:1
शरावती	sharavati:2	sharawati:1
शरीफ	sharif:2	shareef:1
शरीयत	shariyat:3
शरीया	shariya:3
शरीर	sharir:23	shareer:2
शरीरधारी	sharirdhari:3
शरीरविज्ञान	sharirvigyan:3
शरीरी	shariri:3
शरीरों	shariron:2	shariiron:1
शर्करा	sharkara:2	sharkra:1
शर्ट	shirt:6
शर्त	shart:6
शर्तें	sharten:2	sharte:1
शर्तों	sharton:2	sharto:1
शर्म	sharm:3
शर्मनाक	sharmnak:2	sharmnaak:1
शर्मा	sharma:2	shrma:1
शर्माना	sharmana:3
शर्मिला	sharmila:3
शर्मीला	sharmila:2	sharmiila:1
शर्लिन	sharlin:1	sharlyn:1	sherlyn:1
शलगम	shalgam:3
शलाका	shalaka:2	shlaka:1
शल्क	shalk:3
शल्य	shalya:2	shaly:1
शल्यक्रिया	shalyakriya:2	shalykriya:1
शल्यचिकित्सा	shalyachikitsa:2	shallycikitsa:1
शव	shav:5	shv:1
शवों	shavon:3
शशांक	shanshank:1	shashaank:1	shashank:1
शशि	shashi:3
शशी	shashi:2	sashi:1
शस्त्र	shastar:1	shastr:1	shastra:1
शस्त्रागार	shastragar:2	shastragaar:1
शस्त्रों	shastron:3
शहंशाह	shahanshah:2	shahenshah:1	shenshah:1
शहजादपुर	shahzadpur:2	shehjadpur:1
शहजादा	shehjada:2	shehzada:2	shehjaada:1	shehzaada:1
शहजादी	shehjadi:2	sehzadi:1	shahjaadi:1	shahzaadi:1
शहजादों	shehjadon:2	shehzaadon:2	shahjadon:1	shahzaadon:1
शहतूत	shahtoot:1	shahtut:1	shehtoot:1	shehtut:1
शहद	shehad:2	shahad:1	shehed:1
शहनवाज	shahnawaaz:1	shahnawaz:1	shehnawaz:1
शहनाई	shehnai:2	shehnayi:1
शहर	shahar:27	shehr:2	shehar:1
शहरवासियों	shaharwasiyon:1	shahrvasiyon:1	shervasiyon:1
शहरवासी	shaharwasi:1	shahrwasi:1	shehrvasi:1
शहरियों	shahriyon:2	shahariyon:1
शहरी	shahari:1	shahri:1	shehri:1
शहरीकरण	shaharikaran:1	shahrikaran:1	shehrikarn:1
शहरों	sheharo:6	shahron:2	shehron:1
शहादरा	shahdara:3
शहाबुद्दीन	shahabuddin:2	shahaabuddin:1
शहीद	shahid:4	shaheed:2
शहीदों	shahidon:2	shaheedon:1
शांडिल्य	shandily:2	shandilya:1
शांत	shant:2	shaant:1
शांतचित्त	shantchitt:2	shancitt:1
शांतनु	shantanu:1	shantnu:1	shantun:1
शांति	shanti:6
शांतिकाल	shantikal:2	shaantikaal:1
शांतिदायक	shantidayak:2	shantudayak:1
शांतिदेवी	shantidevi:2	shantidewi:1
शांतिनिकेतन	shantiniketan:3
शांतिपुर	shantipur:3
शांतिपूर्ण	shantipurn:2	shantipurna:1
शांतिपूर्वक	shantipurvak:3
शांतिमय	shantimay:2	shantimaya:1
शांतिवादी	shantivadi:2	shantiwadi:1
शांती	shanti:2	shantii:1
शाइनी	shiny:2	shaaini:1
शाइस्ता	shaista:2	shaaestaa:1
शाओ	shao:2	shaao:1
शाक	shaak:2	shak:1
शाकाल	shaakaal:1	shakaal:1	shakal:1
शाकाहार	shaakaahaar:1	shakahaar:1	shakahar:1
शाकाहारियों	shakahariyon:2	shaakaahaariyon:1
शाकाहारी	shakahari:2	shaakaahaari:1	shakahaari:1
शाकिब	shakib:3	shaakib:1
शाकिर	shaakir:2	shakir:1
शाकीर	shakir:2	shaakir:1
शाक्तिशाली	shaktishali:2	shaaktishaali:1
शाक्य	shakya:2	shaakya:1
शाखा	shakha:5	shaakhaa:1
शाखाएं	shaakhaaen:1	shakhayan:1	shakhayen:1
शाखाओं	shakhaon:2	shaakhaaon:1
शागिर्द	shagird:3
शाताब्दी	shatabdi:2	shaataabdi:1
शादियां	shadiyan:2	shaadiyaan:1
शादियों	shaadiyon:2	shadiyon:1
शादी	shadi:5	shaadi:2
शादीशुदा	shaadishuda:2	shaadishudaa:2	shadishuda:2
शान	shan:2	shaan:1
शानदार	shandar:2	shaandaar:1
शाना	shana:2	shaana:1
शानी	shani:3
शानो	shano:3
शान्ति	shanti:3
शापूर	shapur:2	sharpur:1
शाब्दिक	shabdik:3
शाम	sham:6	shaam:2
शामक	shamak:3
शामली	shamali:2	shamli:1
शामिल	shamil:3
शायक	shayak:3
शायद	shayad:3
शायर	shayar:6
शायरी	shayari:4
शायरों	shayaron:3
शारदा	sharda:2	sharada:1
शारिरिक	sharirik:2	shaaririk:1
शारीर	sharir:2	shaarir:1
शारीरिक	sharirik:2	shaaririk:1
शार्क	shark:3
शार्पशूटर	sharpshooter:3
शार्ल	sharl:2	shaarl:1
शाल	shal:2	shaal:1
शाला	shala:3	shaalaa:1
शालाएं	shaalaain:1	shalae:1	shalayen:1
शालिनी	shalini:4
शाली	shali:6
शालीन	shalin:2	shaaleena:1
शालीनता	shalinata:3
शालीमार	shalimar:3
शालू	shalu:5	shaloo:1
शावक	shavak:2	shaavaka:1
शावकों	shaavakon:1	shavakon:1	shavkon:1
शावर	shower:3
शासक	shasak:3	shaasaka:1
शासकीय	shaasakiya:1	shasakiy:1	shasakiya:1	shaskiy:1
शासकों	shaskon:2	shasakon:2	sasakon:1	shaasakon:1
शासन	shasan:3	shaasan:1
शासनकाल	shasankal:2	shaasankaal:1	shasankaal:1
शासनाध्यक्ष	shaasanadhyaksha:1	shasanadhyaksh:1	shasanadhyaksha:1	shasnadhyaksh:1
शासनों	shasanon:2	shaasano:1	shasano:1
शासित	shasit:3	shaasit:1
शासी	shasi:3
शास्त्र	shastra:4	shastr:3
शास्त्रज्ञ	shaastradnya:1	shastragya:1	shastrgy:1
शास्त्रानुसार	shastranusar:2	shaastraanusaara:1
शास्त्रार्थ	shastrarth:2	shatrarth:1
शास्त्रियों	shastriyon:3
शास्त्री	shastri:5	sastri:1	shaastree:1
शास्त्रीय	shastriya:4	sastriya:1	shaastreeya:1	shastriy:1
शास्त्रीयता	shastriyata:2	sastriyata:1	shaastreeyata:1
शास्त्रों	shastron:5	sastron:1	shaastron:1	shastro:1
शास्त्रोक्त	shastrokta:2	shastrokt:1
शाह	shah:3
शाहगंज	shahganj:3
शाहजहांपुर	shahjahanpur:3
शाहजहानाबाद	shahjahanabad:3
शाहजहानी	shahjahani:3
शाहजी	shahji:2	shahaji:1
शाहदरा	shahdara:3
शाहदाबा	shahdaba:3
शाहनवाज	shahnavaz:1	shahnawaz:1	shahnvaaz:1
शाहरुख	shahrukh:3
शाहाबाद	shahabad:3
शाहिद	shahid:3
शाही	shahi:2	shaahi:1
शाहू	shahu:3
शि	she:2	shi:2
शिंजियांग	xinjiang:2	shijiyang:1
शिंदे	shinde:3
शिअद	shiad:2	shiyad:1
शिआन	shiaan:1	shiaon:1	xian:1
शिकंजा	shikanja:4
शिकंजी	shikanji:3
शिकंजे	shikanje:4
शिकन	shikan:3
शिकस्त	shikast:3
शिकागो	chicago:2	shikago:1
शिकायत	sikhayat:2	shikayat:7
शिकायती	shikayati:2	shikayti:1
शिकायतें	shikayten:2	shikayaten:1
शिकायतों	shikayaton:3
शिकार	shikar:3
शिकारगाह	shikargah:2	shikaragah:1
शिकारपुर	shikarpur:2	shikarpura:1
शिकारपुरा	shikarpura:3
शिकारियों	shikariyon:3
शिकारी	shikari:3
शिकोहाबाद	shikohabad:3
शिक्षक	shikshak:6
शिक्षकों	shikshakon:2	shikshkon:1
शिक्षण	shikshan:5	shichan:1
शिक्षा	shiksha:6
शिक्षाओं	shikshaon:3
शिक्षादीक्षा	shikshadiksha:3
शिक्षार्थियों	shiksharthiyon:3
शिक्षार्थी	shiksharthi:3
शिक्षाविदों	shikshavidon:3
शिक्षाविद्	shikshavid:2	shikshavird:1
शिक्षिका	shikshika:2	shishika:1
शिक्षित	shikshit:2	shikkshit:1
शिखर	shikhar:2	shikhr:1
शिखरों	shikharon:2	shikhron:1
शिखा	shikha:3
शिगात्से	shigatse:3
शिचुआन	shichuan:2	sichuan:1
शिथिल	shithil:3
शिथिलता	shithilata:2	shithilta:1
शिथिलीकरण	shithilikaran:2	shithilikarn:1
शिनाख्त	shinaakhta:1	shinakhat:1	shinakht:1
शिप	ship:3
शिपमेंट	shipment:3
शिपमेंट्स	shipments:2	shjpments:1
शिपिंग	shipping:3
शिप्ट	shipt:2	shift:1
शिप्रा	shipra:4
शिप्स	ships:3
शिफा	shifa:2	shipha:1
शिफॉन	chiffon:1	shifon:1	shifone:1
शिबली	shibali:3	shibli:1
शिबू	shibu:3
शिमला	shimla:4
शिमोगा	shimoga:3
शिया	xia:2	shiya:2	shia:1
शियाओं	shiyaon:2	xiaon:1
शिर	shir:3
शिरकत	shirkat:3
शिरडी	shirdi:4	shiadi:1
शिरा	shira:3
शिराओं	shiraon:2	shirahone:1
शिराक	shirak:3
शिरीष	shirish:3
शिरोधार्य	shirodhary:2	shirodharya:1
शिरोमणि	shiromani:4
शिर्के	shirke:3
शिला	shila:4
शिलांग	shilang:2	shillong:1
शिलाई	shilai:3
शिलाओं	shilaon:3
शिलान्यास	shilanyas:3
शिलालेख	shilalekh:3
शिलिंग	shiling:2	sealing:1
शिल्ड	shield:2	shild:1
शिल्प	shilp:3
शिल्पकार	shilpkar:3
शिल्पकारी	shilpkari:2	shilpakari:1
शिल्पकारों	shilapkaon:1	shilpakaron:1	shilpkaron:1
शिल्पग्राम	shilpgram:2	shilpagram:1
शिल्पा	shilpa:3
शिल्पियों	shilpiyon:3
शिल्पी	shilpi:3
शिव	shiv:6	shiva:1
शिवकर	shivkar:3
शिवकाशी	shivkashi:3
शिवकुटी	shivkuti:3
शिवचरण	shivcharan:3
शिवजी	shivji:3	shivaji:1
शिवत्व	shivatv:2	shivtv:1
शिवदसानी	shivdasani:3
शिवदास	shivdas:3
शिवन	shivan:3
शिवनाथ	shivnath:3
शिवनेरी	shivneri:3
शिवपाल	shivpal:3
शिवपुत्र	shivputra:2	shivputar:1
शिवपुरी	shivpuri:3
शिवप्रसाद	shivprasad:3
शिवभक्त	shivbhakt:4	shivbhkt:1
शिवमोगा	shivmoga:3
शिवराज	shivraj:3
शिवरात्रि	shivratri:3
शिवरीनारायण	shivrinarayan:2	shivnarayan:1
शिवलिंग	shivling:3
शिवलिंगों	shivlingon:3
शिवलोक	shivlok:3
शिवशंकर	shivshankar:3
शिवशरण	shivsharan:3
शिवसेना	shivsena:3
शिवहर	shivhar:2	sheohar:1
शिवा	shiva:3
शिवाजी	shivaji:3
शिवाड़	shiwad:2	shivad:1
शिवानी	shivani:3	shevani:1
शिवालय	shivalay:1	shivalaya:1	shiwalay:1
शिवाला	shivala:2	shiwala:1
शिवालिक	shivalik:3
शिविर	shivir:3
शिविरों	shiviron:3
शिवेंद्र	shivendra:2	shivendr:1
शिवोहम	shivoham:3
शिशु	shishu:3
शिशुओं	shishuon:3
शिशुपाल	shishupal:3
शिश्न	shishn:1	shishna:1	shisna:1
शिष्ट	shisht:2	shishta:1
शिष्टाचार	shishtachar:3
शिष्य	shishya:2	shishy:1
शिष्या	shishya:2	shishyaa:1
शिष्यों	shishyon:2	shishiyon:1
शी	she:2	shi:1
शीघ्र	shighra:3	sheeghra:1	shighar:1
शीघ्रता	sheeghrata:1	shigharta:1	shigrata:1
शीघ्रातिशीघ्र	shighratishighra:2	shighratishighar:1
शीट	sheet:2	shit:1
शीत	sheet:1	shet:1	shit:1
शीतकाल	shitkal:2	sheetkaal:1	shetkal:1
शीतकालीन	shitkalin:2	sheetkaliin:1
शीतयुद्ध	sheetyuddha:1	shityuddh:1	shityudhda:1
शीतल	sheetal:2	shital:1	shitl:1
शीतलता	sheetalta:1	shitalta:1	shitlata:1
शीतला	shiitala:1	shitala:1	shitla:1
शीतलाष्टमी	shitlashtami:2	sheetalashtami:1
शीतोष्ण	sheetoshna:1	shitoshan:1	shitoshn:1
शीना	sheena:2	shina:2
शीरा	sheera:2	shira:1
शीर्ष	shirsh:2	sheersha:1
शीर्षक	shirshak:5	sheershak:1
शीर्षकों	sheershakon:1	shirshakon:1	shirshkon:1
शीर्षस्थ	sheershastha:1	shirshsath:1	shirshsth:1
शीला	sheela:2	shila:1
शील्ड	shild:2	shield:1
शीश	shish:2	sheesh:1
शीशा	shisha:2	sheesha:1
शीशे	shishe:2	sheeshe:1
शुंग	shung:2	shng:1
शुंभ	shumbh:2	shunbhu:1
शुई	shui:3
शुक्र	shukr:4	shukra:3	surk:1
शुक्रवार	shukravaar:1	shukravar:1	shukrawar:1
शुक्राचार्य	shukrachaarya:1	shukrachary:1	shukracharya:1
शुक्राणु	shukranu:3
शुक्राणुओं	shukranuon:3
शुक्लपक्ष	shuklapaksh:1	shuklapaksha:1	shuklpaksh:1
शुक्ला	shukla:3
शुगर	shugar:2	sugar:2
शुजा	shuja:3
शुजात	shujat:2	shujaat:1
शुजालपुर	shujalpur:3
शुटिंग	shooting:2	shutting:1
शुड	shud:2	should:1
शुतुरमुर्ग	shuturmurg:2	shuturmurga:1
शुदा	shuda:4
शुद्ध	shuddh:3	shuddha:2	shudh:1
शुद्धता	shuddhata:2	shuddhta:1
शुद्धतावादी	shuddhatavadi:1	shuddhatawadi:1	shuddhtavadi:1
शुद्धि	shuddhi:5	shudhi:1
शुद्धिकरण	shuddhikaran:5	shuddhikarn:1	shudhikarna:1
शुद्धोधन	shuddhodhan:2	shudhodhan:1
शुद्र	shudra:4
शुद्वता	shuddhata:2	shuddhataa:1
शुभ	shubh:6
शुभंकर	shubhankar:3
शुभंकारी	shubhankari:2	shubhankaari:1
शुभकामनाएं	shubhkaamanaayein:1	shubhkaamnayen:1	shubhkamnaen:1	shubhkamnayen:1
शुभग्रह	shubhgrah:2	shubhgraha:1
शुभम्	shubham:3
शुभा	shubha:3
शुभारंभ	shubharambh:2	shubhaarambh:1
शुभाशुभ	shubhashubh:2	shubhaashubh:1
शुभ्रा	shubhra:2	shubra:1
शुमार	shumaar:2	shumar:1
शुमाली	shumali:2	shumaali:1
शुरु	shuru:3
शुरुआत	shuruaat:3
शुरुआती	shuruaati:3
शुरुवात	shuraat:1	shuruvaat:1	shuruvat:1
शुरू	shuru:2	shuruu:1
शुरूआत	shuruaat:3
शुरूआती	shuruati:2	shuruaati:3
शुल्क	shulk:3
शुष्क	shushk:3
शुष्कता	shushkata:2	shushkataa:1
शूकर	shukar:2	shooker:1
शूज़	shoes:3
शूट	shoot:2	shuit:1
शूटर	shooter:3
शूटरों	shootaron:2	shutaron:1
शूटिंग	shooting:3
शूद्र	shudra:2	shoodra:1
शून्य	shunya:2	shuny:3	shoony:1	shuunya:1
शून्यकाल	shoonyakal:1	shunyakal:1	shunykal:1
शून्यता	shunyata:2	shoonyata:1
शूर	shoor:2	shur:1
शूरु	shuru:3
शूरू	shuru:2	shuruu:1
शूर्पणखा	shoorpanakha:1	shuparnkha:1	shurpankha:1
शूल	shool:2	shul:2
शृंखला	shrinkhala:2	shrunkhla:1
शृंखलाओं	shrinkhalaaon:1	shrinkhalaon:1	shrunkhlaon:1
शृंग	shring:2	shrung:1
शृंगार	shringaar:2	shringar:1	shrungar:1
शे	shae:1	she:1	shey:1
शेक	shake:4	shek:2
शेक्सपियर	shakespeare:3
शेख	sheikh:2	shekh:1
शेखर	shekhar:3
शेख़	sheikh:2	shekh:1
शेखावत	shekhawat:2	shekhavat:1
शेखावाटी	shekhawati:2	shekhavati:1
शेट्टी	shetty:3
शेड	shad:1	shade:1	shed:1
शेड्स	shades:3
शेन	shen:2	shane:1
शेनयांग	shenyang:3
शेफर्ड	shepherd:2	shephard:1
शेफाली	shefali:3
शेयर	share:3
शेयरिंग	sharing:3
शेयरों	shareon:2	sheyaron:1
शेयर्ड	shared:3
शेयर्स	shares:3
शेर	sher:5	share:1
शेरगढ़	shergarh:3
शेरगिल	shergill:2	sharegil:1
शेरपा	sharepa:1	sherpa:1	sherpaa:1
शेरवानी	sherwani:3
शेरवुड	sherwood:2	sharewood:1
शेरशाह	shershah:2	shareshah:1
शेरू	sheru:2	sheruu:1
शेरों	sheron:3
शेलिंग	shelling:2	sheling:1
शेव	shave:2	shev:1
शेष	shesh:3
शेषनाग	sheshnag:2	sheshnaag:1
शेषाद्रि	sheshadri:2	seshadri:1
शेषाद्री	sheshadri:2	seshadri:1
शैक्षणिक	shaikshanik:3
शैक्षिक	shaikshik:5	sheshik:1	shikshik:1
शैडो	shadow:3
शैतान	shaitaan:2	shaitan:1
शैतानी	shaitani:2	shaitaani:1
शैय्या	shaiyya:2	shaiyyaa:1
शैलियां	shailiya:2	shailiyan:2	shailiyaan:1
शैलियों	shailiyon:3
शैली	shaili:5	shaly:1	sheli:1
शैलेश	shailesh:3
शैवाल	shaivaal:1	shaival:1	shaiwal:1
शैवालों	shaivalon:2	shaivaalon:1
शैशव	shaishav:3
शॉट	shot:3
शॉट्स	shots:2	shorts:1
शॉन	shaun:2	sean:1	shawn:1
शॉप	shop:6
शॉपिंग	shopping:4
शॉप्स	shops:3
शॉवर	shower:3
शो	show:6
शोइंग	showing:3
शोक	shok:2	shock:1
शोकाकुल	shokakul:3
शोज़	shows:2	shoes:1
शोध	shodh:6
शोधकर्ता	shodhkarta:3
शोधकर्ताओं	shodhkartaon:2	shodkartaon:1
शोधपत्र	shodhpatra:2	shodhpatr:1
शोधार्थियों	shodhaarthiyon:1	shodharthiyon:1	shodhartiyon:1
शोधों	shodhon:3
शोना	shona:2	sona:1
शोनाली	shonali:2	sonali:2
शोपियां	shopian:1	shopiyan:1	shoppyan:1
शोभायात्रा	shobhayatra:2	shobhaayaatraa:1
शोभावती	shobhavati:2	shobhawati:1
शोर	shor:4
शोरगुल	shorgul:6
शोर्ट	short:3
शोर्य	shorya:3
शोले	sholay:4	shole:3
शोल्डर	shoulder:3
शोषक	shoshak:2	shoshk:1
शोषण	shoshan:5	shoshn:1
शोषित	shoshit:3
शोहरत	shauhrat:1	shoharat:1	shohrat:1
शौक	shauk:3
शौकत	shaukat:3
शौकिन	shaukin:2	shaukeen:1
शौकिया	shaukiya:2	shaukiyaa:1
शौकीन	shaukeen:2	shaukin:1
शौच	shauch:3
शौचालय	shauchalaya:2	shauchaalaya:1	shauchalay:1
शौचालयों	shauchalayon:2	shauchaalayon:1
शौनक	shaunak:3
शौपिंग	shopping:2	shoppinig:1
शौर्य	shaurya:3	shaury:1	shorya:1	shorye:1
शौषण	shoshan:2	shaushan:1
शौहर	shauhar:2	shohar:1
श्मशान	shmashan:2	shmashaan:1
श्याम	shyam:6	shyaam:1
श्यामजी	shyamji:3
श्यामदास	shyamdas:2	shyaamdaas:1
श्यामला	shyamala:2	shyamla:1
श्यामा	shyama:3
श्यामानंद	shyamanand:3
श्योपुर	shyopur:2	sheopur:1
श्योर	sure:3
श्रंखला	shrankhala:1	shrankhalaa:1	shrunkhla:1
श्रंखलाओं	shrankhalaaon:1	shrinkhalaon:1	shrunkhlaon:1
श्रद्धा	shraddha:3
श्रद्धांजलि	shraddhanjali:2	shardhanjli:1	shradanjali:1	shraddhaanjali:1
श्रद्धांजली	shardhanjli:1	shraddhanjali:1	shradhanjali:1	shrdhanjali:1
श्रद्धानुसार	shraddhanursar:1	shraddhanusar:1	shradhanusar:1
श्रद्धालु	shraddhalu:2	shradhalu:1
श्रद्धालुओं	shraddhaluon:1	shraddhluon:1	shradhaluon:1
श्रद्धेय	shradhey:2	shraddheya:1
श्रधालुओं	shradaluon:1	shraddhaluon:1	shradhaluon:1
श्रम	shram:3
श्रमजीवी	shramjivi:2	sharamjivi:1
श्रमण	shraman:3
श्रमशक्ति	shramshakti:3
श्रमसाध्य	shramsadhya:3
श्रमिक	shramik:3
श्रमिकों	shramikon:3
श्रवण	shravan:3
श्रवन	shravan:2	shrawan:1
श्रव्य	shravya:2	shrvya:1
श्राद्ध	shraddh:2	shradh:1
श्राद्धकर्म	shraddhakarm:1	shraddhkarm:1	shradhkaram:1
श्राप	shrap:2	shraap:2
श्रावक	shravak:2	shraavak:1
श्रावकों	shravakon:2	shravkon:1
श्रावण	shravan:2	shrawan:1
श्रावणी	shravani:3
श्री	shri:5	shree:1	sri:1
श्रीअरविंद	shriarvind:2	shriaravind:1
श्रीकर	shrikar:3
श्रीकांत	shrikant:2	srikant:1
श्रीकृष्ण	shrikrishna:2	shrikrishan:3	shreekarushna:1	shrikrishn:1
श्रीखंड	shrikhand:3
श्रीगणेश	shriganesh:3
श्रीचंद	shrichand:3
श्रीचरणों	shricharanon:3
श्रीदामा	shridama:2	shiridama:1
श्रीदेवी	shridevi:2	sridevi:2
श्रीधर	shridhar:3
श्रीधरन	shridharan:3
श्रीनगर	srinagar:2	shrinagar:1
श्रीनिवास	shrinivas:1	shriniwas:1	srinivas:1
श्रीनिवासन	srinivasan:2	shrinivasan:1
श्रीपति	shripati:2	sripati:1
श्रीपुर	shripur:2	sripur:1
श्रीफल	shrifal:2	srifal:1
श्रीभगवान	shribhagwan:2	sribhagwan:1
श्रीमति	shrimati:3
श्रीमती	shrimati:3
श्रीमद	shrimad:3
श्रीमद्भगवत	shrimadbhagwat:2	shrimadbhagavat:1
श्रीमद्भगवद्गीता	shrimadbhagvadgita:1	shrimadbhagwadgeeta:1	shrimadbhagwatgita:1
श्रीमद्भागवत	shrimadbhagwat:2	shrimadbhagavat:1
श्रीमान	shriman:3
श्रीराधाकृष्ण	shriradhakrishna:3	shriradhakrishan:2	shriradhakrishn:1
श्रीराम	shriram:2	sriram:1
श्रील	shril:2	shreel:1
श्रीलंका	shrilanka:2	srilanka:3
श्रीलंकाई	shrilankai:2	srilanka:1
श्रीलाल	shrilal:2	srilal:1
श्रीवास्तव	shrivastav:3	shrivastava:1	shrivtastav:1	srivastav:1
श्रीशैल	shrishail:2	srisail:1
श्रीसंत	shreesant:1	shrisant:1	srisant:1
श्रीहीन	shriheen:1	shrihin:1	sriheen:1
श्रुति	shruti:6	sruti:1
श्रृंखला	shrunkhala:2	shrinkhala:3	shrinkhla:2	shrankhala:1
श्रृंखलाएं	shrankhalayen:1	shrinkhalayen:1	shrrnkhalaen:1
श्रृंखलाओं	shrankhlaon:1	shrinkhalaon:1	shrrnkhalaon:1
श्रृंखलाबद्ध	shrankhlabandh:1	shrinkhalabaddh:1	shrrnkhalabaddh:1
श्रृंग	shring:4	shrang:1	shrriang:1	shrrng:1
श्रृंगार	shringar:5	shingar:1	shringaar:1
श्रृष्टि	shrishti:2	shrrshti:1
श्रेणियां	shreniyan:3
श्रेणियों	shreniyo:2	shreniyon:3
श्रेणी	shreni:3
श्रेणीबद्ध	shrenibaddh:1	shrenibaddha:1	shrenibandh:1
श्रेय	shrey:3
श्रेयस्कर	shreshskar:1	shreyaskar:1	shreyskar:1
श्रेया	shreya:3
श्रेष्ठ	shresht:2	shreshth:4	shreshtha:2
श्रेष्ठतम	shreshthtam:2	shresthatam:1
श्रेष्ठता	shreshthata:1	shreshthta:1	shresthata:1
श्रॉफ	shroff:5
श्रोत	shrot:3
श्रोता	shrota:3
श्रोताओं	shrotaon:3
श्रोतों	shroton:3
श्लेष	shlesh:3
श्लेष्मा	shleshma:3
श्लोक	shlok:6	shalok:1
श्वसन	shwasan:2	shvasan:1
श्वान	shwan:2	shvan:1
श्वास	shwas:3	shwaas:1
श्वासनली	shwasnali:2	shvasnali:1
श्वेत	shwet:2	shvet:1
श्वेता	shweta:2	shveta:1
षट्	shat:3
षट्कर्म	shatkarm:1	shatkarma:1	shattkarm:1
षडयंत्र	shadyantra:2	shadayantra:1
षड़यंत्रों	shadyantron:2	shadayantron:1
षड्यंत्र	shadyantra:3
षड्यंत्रकारी	shadyantrakari:3
षष्ठ	shashth:2	shasht:1
स	s:2	sa:1
संकट	sankat:3
संकटकालीन	sankatkaleen:2	sankatkalin:2
संकटग्रस्त	sankatgrast:2	sankatgrasat:1
संकटमुक्त	sankatmukat:1	sankatmukt:1	sankatmukta:1
संकटों	sankaton:2	sankton:1
संकरण	sankaran:3
संकरे	sankare:2	sankre:1
संकर्म	sankarm:3
संकलन	sankalan:3
संकलित	sankalit:3
संकल्प	sankalp:5	sankalpa:1
संकल्पना	sankalpana:3
संकाय	sankay:2	sankaay:1
संकायों	sankayon:2	sankaayon:1
संकीर्ण	sankirn:2	sankeern:1	sankirna:1
संकीर्तन	sankirtan:3
संकुचन	sankuchan:3
संकुचित	sankuchit:3
संकुल	sankul:3
संके	sanke:3
संकेंद्रित	sankendrit:2	sakendrit:1
संकेत	sanket:6
संकेतों	sanketon:4
संकोच	sankoch:3
संक्रमण	sankraman:3
संक्रमणों	sankramanon:3
संक्रमित	sankramit:2	sankamit:1
संक्रांत	sankrant:2	sankranta:1
संक्रांति	sankranti:4	sankraanti:1
संक्रामक	sankraamak:1	sankramak:1	sankraman:1
संक्षिप्त	sankshipt:2	sankshipta:1
संक्षेप	sankshep:3
संख्य	sankhya:2	sankhy:1
संख्या	sankhya:10
संख्याएं	sankhyaein:1	sankhyaen:1	sankhyayen:1
संख्याओं	sankhyaon:3
संख्यात्मक	sankhyatmak:3
संग	sang:6
संगठन	sangathan:5
संगठनात्मक	sangathanaatmak:1	sangathanatmak:1	sangathnatmak:1
संगठनों	sangathano:2	sangathanon:1	sangathnanon:1	sangathnon:1
संगठित	sangathit:3
संगत	sangat:3
संगम	sangam:6
संगमनेर	sangamner:3
संगमरमर	sangmarmar:3
संगमहेश्वर	sangamaheshwar:1	sangamheshwar:1	sangmaheshwar:1
संगमा	sangma:2	sangmaa:1
संगर	sangar:2	sanger:1
संगीत	sangeet:6	sangit:3
संगीतकार	sangeetkar:2	sangitkar:1
संगीतकारों	sangeetkaron:2	sangitkaron:1
संगीतज्ञ	sangeetagya:1	sangeetgy:1	sangitagya:1
संगीतबद्ध	sangeetbaddh:2	sangitbaddh:1
संगीतमय	sangeetmaya:1	sangeetmy:1	sangitmay:1
संगीता	sangeeta:5	sangita:2
संगृहीत	sangrihit:2	sangrhit:1
संगोष्ठियों	sangoshthiyon:3
संगोष्ठी	sangoshthi:3
संग्रह	sangrah:1	sangraha:1	sangrh:1
संग्रहण	sangrahan:2	sangrhan:1
संग्रहणीय	sangrahaniiya:1	sangrahniy:1	sangrhniy:1
संग्रहालय	sangrahalay:1	sangrahalaya:1	sangrhalay:1
संग्रहालयों	sangrahalayon:1	sangrhalyon:1	shangrahaalayon:1
संग्रहित	sangrahit:2	sangrhit:1
संग्रहों	sangrahon:2	sangrhon:1
संग्राम	sangram:2	sangraam:1
संग्रामपुर	sangrampur:3
संग्रामसिंह	sangramsingh:3
संग्राहक	sangrahak:3
संघ	sangh:6
संघचालक	sanghchalak:2	sanghchaalak:1
संघटक	sanghatak:3
संघटन	sanghatan:3
संघठन	sanghatan:1	sanghathan:1	sanghthan:1
संघनित	sanghanit:2	sanghnit:1
संघम	sangham:2	sngham:1
संघर्ष	sangharsh:4	sangharsha:1	sngharsh:1
संघर्षरत	sangharshrat:3
संघर्षों	sangharshon:3
संघवाद	sanghvad:2	sanghwaad:1
संघशासित	sanghshasit:3
संघीय	sanghiy:2	sanghiiya:1
संघों	sanghon:3
संचय	sanchay:2	sanchaya:1
संचयन	sanchayan:3
संचरण	sancharan:3
संचलन	sanchalan:2	sanchlan:1
संचार	sanchar:3
संचारित	sancharit:3	sanchaarit:1
संचारी	sanchari:3	sanchaari:1
संचालक	sanchalak:3	sanchaalak:1
संचालकों	sanchalakon:2	sanchaalakon:1	sanchalkon:1
संचालन	sanchalan:3	sanchaalan:1
संचालनों	sanchalnon:2	sanchalanon:1
संचालिका	sanchalika:3	sanchaalika:1
संचालित	sanchalit:3	sanchaalit:1
संचिका	sanchika:3	sanchikaa:1
संजना	sanjana:2	sanjanaa:1	sanjjanaa:1
संजय	sanjay:6
संजीदगी	sanjidagi:2	sanjidgi:1
संजीदा	sanjeeda:2	sanjida:1
संजीव	sanjeev:5	sanjiv:3
संजीवन	sanjivan:2	sanjeevan:1
संजीवनी	sanjivani:4	sanjeevani:3	sanjivni:1
संजू	sanju:3
संजोए	sanjoe:2	sanjoye:1
संज्ञक	sangyak:2	sangyk:1
संज्ञा	sangya:6
संज्ञान	sangyan:3
संज्ञानात्मक	sangyanatmak:3
संज्ञेय	sangyey:2	sangey:1
संडे	sunday:2	sanday:1
संत	sant:3
संतति	santati:3
संतन	santan:3
संतरे	santare:2	santre:1
संतरों	santaron:2	santron:1
संतान	santan:2	santaan:1
संतानहीन	santanhin:2	santanheen:1
संताने	santane:3
संतानें	santanen:2	santanein:1
संतानों	santanon:3
संतानोत्पत्ति	santanotpatti:3
संताप	samtap:1	santaap:1	santap:1
संताल	santal:2	santaal:1
संताली	santali:3
संतु	santu:3
संतुलन	santulan:3
संतुलित	santulit:3
संतुष्ट	santusht:3
संतुष्टि	santushti:3
संतूर	santoor:2	santur:1
संतृप्त	santript:2	santrupt:1
संतों	santo:2	santon:3
संतोष	santosh:3
संतोषजनक	santoshjanak:3
संतोषपुर	santoshpur:3
संतोषम	santosham:2	santoshmay:1
संतोषी	santoshi:3
संत्रास	santras:3
संथाल	santhal:2	santhaal:1
संदर्भ	sandarbh:4	sandarbha:1	sandrbh:1
संदर्भित	sandrbhit:2	sandarbhit:1
संदर्भों	sandrbhon:2	sandarbhon:1
संदली	sandali:2	sandli:1
संदिग्ध	sandigdh:3
संदिग्धता	sandigdhata:1	sandigdhta:1	sandigdhtaa:1
संदिग्धों	sandigdhon:3
संदीप	sandeep:5	sandip:4
संदीपा	sandipa:3
संदूक	sanduk:2	sandook:1
संदूकों	sandukon:3
संदूषक	sandushak:3
संदेश	sandesh:6
संदेशों	sandeshon:3
संदेह	sandeh:3
संदेहजनक	sandehjanak:3
संदेहास्पद	sandehaspad:2	sandehaspd:1
संधा	sandha:3
संधान	sandhan:3
संधारित	sandharit:3
संधारित्र	sandharitr:2	sandharitra:1
संधि	sandhi:3
संधिकाल	sandhikal:3
संधियों	sandhiyon:3
संध्या	sandhya:6
संध्याकाल	sandhyakal:3
संपत	sampat:3
संपत्तियां	sampattiyan:2	sampttiyan:1
संपत्तियों	sampattiyon:2	sampttiyon:1
संपदा	sampada:2	sampda:1
संपन्न	sampann:2	sampnn:1
संपर्क	sampark:5	sanpark:1
संपर्कता	samparkata:2	samparkta:1
संपर्कों	samparkon:3
संपादक	sampadak:3
संपादकीय	sampadkiy:3
संपादकों	sampadkon:2	sampadakon:1
संपादन	sampadan:3
संपादित	sampadit:3
संपूरक	sampurak:2	sampurk:1
संपूर्ण	sampurn:4	sampuran:2	sampurna:1
संपूर्णता	sampuranata:1	sampurnata:1	sampurnta:1
संपूर्णानंद	sampurnanand:2	sampoornaanand:1
संपोषित	samposhit:3
संप्रग	samprag:2	sanprg:1
संप्रति	samprati:2	samprti:1
संप्रदाय	sampraday:1	sampradaya:1	samprday:1
संप्रदायों	sampradayon:2	samprdayon:1
संप्रभु	samprabhu:2	samprbhu:1
संप्रभुता	samprabhuta:2	samprbhuta:1
संप्रेषण	sampreshan:2	samprekshan:1
संप्रेषित	sampreshit:2	samprekshit:1
संबंध	sambandh:3
संबंधित	sambandhit:3
संबंधियों	sambandhiyon:3
संबंधी	sambandhi:3
संबंधीत	sambandhit:3
संबंधों	sambandhon:3
संबद्ध	sambaddh:2	sambadd:1
संबद्धता	sambaddhta:2	sambaddata:1
संबधी	sambadhi:3
संबल	sambal:3
संबित	sambit:3
संबोध	sambodh:3
संबोधन	sambodhan:3
संबोधित	sambodhit:3
संभव	sambhav:5
संभवत	sambhavat:3
संभवतया	sambhavataya:1	sambhavtya:1	sambhvataya:1
संभाग	sambhag:3
संभागों	sambhagon:3
संभाजी	sambhaji:3
संभाल	sambhal:3
संभालते	sambhalte:2	sambhalate:1
संभालनी	sambhalni:2	sambhalani:1
संभालने	sambhalne:2	sambhalane:1
संभाला	sambhala:3
संभाली	sambhali:3
संभालेगा	sambhalega:3
संभावना	sambhavna:9	sambhalana:1	sambhavana:1
संभावनाएं	sambhavnayen:2	sambhavnaen:1
संभावनाओं	sambhavnaon:3
संभावित	sambhavit:3
संभाव्यता	sambhavyata:1	sambhavyta:1	sambhavytaa:1
संभाषण	sambhashan:2	sambhakshan:1
संभोग	sambhog:4	sanbhog:2
संभ्रांत	sambhrant:2	sanbharnt:1
संयंत्र	sayantra:2	sanyantr:3
संयंत्रों	sanyantron:3
संयम	sanyam:3
संयमी	sanyami:2	sanyamee:1
संयुक्त	sanyukt:4	sanyog:1	sanyukta:1
संयुक्तता	sanyuktata:2	samyuktataa:1
संयुक्ता	sanyukta:3
संयोग	sanyog:3
संयोगवश	sanyogvash:3
संयोगिता	sanyogita:3
संयोजक	sanyojak:3
संयोजकता	sanyojakata:2	sanyojkta:1
संयोजन	sanyojan:3
संयोजनों	sanyojanon:2	sanyojnon:1
संयोजित	sanyojit:3
संरक्षक	sanrakshak:3
संरक्षकों	sanrakshakon:3
संरक्षण	sanrakshan:6
संरक्षणवादी	sanrakshanvadi:3
संरक्षित	sanrakshit:2	sanrkshit:1
संरचना	sanrachna:8	sanrachana:2
संरचनाओं	sanrachnaon:2	sanrachanaon:1
संरचनात्मक	sanrachanatmak:2	sanrachnatmak:1
संरेखण	sanrekhan:3
संलयन	sanlayan:2	samlayan:1
संवर्ग	samvarg:2	sanvarg:1
संवर्द्धन	samvarddhan:1	samvardhan:1	sanvarddhan:1
संवर्धन	sanvardhan:5	samvardhan:2
संवर्धित	samvardhit:2	sanvardhit:1
संवाद	sanvad:3	samvad:2	samwad:1	sanvaad:1
संवादात्मक	samvadatmak:2	sanvadatmak:1
संवादों	samvadon:2	sanvadon:1
संवारते	samvarte:1	sanvarate:1	sanvarte:1
संवाहक	samvahak:2	sanvahak:1
संविदा	samvida:3	sanvida:3
संविधान	sanvidhan:5	samvidhaan:1	samvidhan:1
संविधानिक	sanvidhanik:2	samvidhanik:1	sanvidhaanik:1
संविधानों	samvidhanon:1	sanvidhaanon:1	sanvidhano:1	sanvidhanon:1
संवेग	sanveg:2	samveg:1
संवेदक	sanvedak:2	samvedak:1
संवेदकों	sanvedakon:2	samvedakon:1
संवेदन	sanvedan:2	samvedan:1
संवेदनशील	sanvedanshil:2	samvedansheel:1	samvedanshil:1
संवेदनशीलता	sanvedanshilata:2	samvedansheelta:1	samvedanshilata:1
संवेदनहीन	samvedanheen:1	sanvedanheen:1	sanvedanhin:1
संवेदनहीनता	sanvedanhinta:2	samvedanheenta:1
संवेदना	sanvedna:2	samvedna:1	sanvedana:1
संवेदनाएं	samvednayen:1	sanvedanayen:1	sanvednaen:1
संवेदनाओं	samvednaon:1	sanvedanaaon:1	sanvedanaon:1	sanvednaon:1
संवेदीकरण	sanvedikaran:2	samvedikaran:1
संवैधानिक	sanvaidhanik:3	samvaidhanik:1	savedhaanik:1	savedhanik:1
संशय	sanshay:3
संशयों	samshayon:1	sanshayon:1	sanshyon:1
संशोधन	sanshodhan:3
संशोधनों	sanshodhanon:2	sanshodanon:1
संशोधित	sanshodhit:2	sanshodit:1
संश्लेषण	sanshleshan:3
संश्लेषित	sanshleshit:3
संसद	sansad:3
संसदीय	sansdiy:4	sansadiy:2	sansadiya:1
संसर्ग	sansarg:3
संसाधन	sansadhan:3
संसाधनों	sansadhanon:3
संसार	sansar:5	sansaar:1
संस्करण	sanskaran:3
संस्करणों	sanskarnon:2	sanskarnaon:1
संस्कार	sanskar:5	sanskaar:1
संस्कारित	sanskarit:2	sanskaarit:1	sanskarita:1
संस्कारी	sanskari:3	sanskaari:1
संस्कारो	sanskaro:2	sanskaaron:1	sanskaron:1
संस्कारों	sanskaro:2	sanskaron:3	sanskaaron:1
संस्कृत	sanskrit:5	sanskurt:1
संस्कृतनिष्ठ	sankritnishth:1	sanskritnisht:1	sanskrutnishth:1
संस्कृतमय	sankrutmay:1	sanskritimay:1	sanskritmay:1
संस्कृति	sanskriti:5	sanskurti:1
संस्कृतियां	sanskritiyan:2	sanskrutiyan:1
संस्कृतियों	sanskritiyon:2	sanskrutiyon:1
संस्तुति	sanstuti:2	sanskriti:1
संस्तुतियां	sanskritiyan:1	sanstutiyan:1	sanstutiyon:1
संस्था	sanstha:6	sansthaa:1
संस्थाएं	sansthaaein:1	sansthaein:1	sansthaen:1	sansthayen:1
संस्थाओं	sansthaon:3
संस्थागत	sansthagat:3
संस्थान	sansthan:5	sansthaan:2
संस्थानों	sansthanon:3	sansthaanon:1
संस्थापक	sansthapak:3	sansthaapak:1
संस्थापकों	sansthapako:2	sansthapakon:2	sansthapkon:1
संस्थापन	sansthapan:3	sansthaapan:1
संस्थापिका	sansthapika:3	sansthaapika:1
संस्थापित	sansthapit:3	sansthaapit:1
संस्थित	sansthit:2	sanasthit:1
संस्थिता	sansthita:2	sanasthita:1
संस्मरण	sansmaran:3
संस्मरणों	sansmaranon:3
संहार	sanhar:3	sanhaar:1
संहिता	sanhita:3	sanhitaa:1
संहिताओं	sanhitaon:2	sanhithaon:1
संहिताबद्ध	sanhitabaddh:3
सईद	said:3
सउदी	saudi:3
सऊद	saud:3
सऊदी	saudi:4
सक	sak:6	suck:1
सकता	sakta:2	sakata:1
सकती	sakti:2	sakati:1
सकते	sakte:2	sakate:1
सकना	sakna:2	sakana:1
सकने	sakne:2	sakane:1
सकपाल	sakpal:3
सकरा	sakra:2	sakara:1
सकरी	sakri:2	sakari:1
सकल	sakal:3
सकलिंग	sakling:2	suckling:1
सका	saka:3
सकारात्मक	sakaratmak:3
सकी	saki:3
सकीं	sakin:3
सकुशल	sakushal:3
सके	sake:3
सकें	saken:3
सकेंगी	sakengi:3
सकेंगे	sakenge:6
सकेगा	sakega:4	sakegaa:1
सकेगी	sakegi:3
सक्रिय	sakriy:2	sakriya:1
सक्रियता	sakriyata:3
सक्रिया	sakriya:2	sakriy:1
सक्रीय	sakriy:2	sakriya:1
सक्शन	suction:2	sakshan:1
सक्षम	saksham:4
सक्षमता	sakshamata:2	sakshmata:1
सख़्त	sakht:3
सख़्ती	sakhti:3
सखा	sakha:3
सखाराम	sakharam:3
सखी	sakhi:3
सखे	sakhe:3
सख्त	sakht:3
सख्ती	sakhti:3
सख्या	sakhya:3
सगड़ी	sagdi:2	sagadi:1	sagri:1
सगाई	sagai:2	sagaai:1
सगे	sage:3
सगोत्र	sagotra:3
सच	sach:6	such:1
सचदेव	sachdev:3
सचमुच	sachmuch:2	sachmucch:1
सचल	sachal:3
सचित्र	sachitr:2	sachitra:2
सचिन	sachin:4
सचिव	sachiv:3
सचिवालय	sachivalay:3
सचिवालयों	sachivalyon:3	sachivalayon:1
सचिवों	sachivon:3
सचेत	sachet:3
सच्चरित्रता	sacchritrata:2	saccharitrata:1
सच्चा	saccha:1	sachha:1	sccha:1
सच्चाई	sacchai:2	sachhai:1
सच्चिदानंद	sacchidanand:2	sachhidanand:1	sachidanand:1
सच्चिदानंदन	sachhidanandan:1	sachidanand:1	satchidanandan:1
सच्ची	sacchi:2	sachhi:1
सच्चे	sacche:2	sachhe:1
सजकर	sajkar:3
सजधज	sajdhaj:3
सजना	sajna:2	sajana:1
सजनी	sajani:2	sajni:1
सजल	sajal:3
सजा	saja:3
सजाई	sajai:3	sajaai:1	sajayi:1
सजाए	sajae:2	sajaye:2
सजाएं	sajaen:2	sajayen:2	sajaayen:1
सजाकर	sajakar:3
सजातीय	sajatiy:3
सजाते	sajaate:2	sajate:2
सजाने	sajane:3	sajaane:2
सजाया	sajaya:3	sajaayaa:1
सजावट	sajavat:2	sajawat:1
सजावटी	sajavati:2	sajawati:1
सजी	saji:3
सजीला	sajila:3	sajeela:1
सजीले	sajile:3
सजे	saje:3
सज्जन	sajjan:3
सज्जा	sajja:3
सज्जित	sajjit:3
सटा	sata:2	satta:1
सटायर	satayar:2	stayar:1
सटी	sati:3
सटीक	satik:2	sateek:1	stick:1
सटीकता	satikata:2	sateekta:1
सट्टा	satta:3
सट्टेबाजी	sattebaaji:1	sattebaazi:1	sattebaji:1
सट्टेबाजों	sattebajon:2	sattebaazon:1
सड़क	sadak:3
सड़कें	sadken:2	sadaken:1
सड़कों	sadkon:2	sadakon:1
सड़ती	sadati:2	sadti:1
सड़ते	sadte:2	sadate:1
सड़ने	sadne:2	sadane:1
सड़ा	sada:3
सड़ी	sadi:3
सत	sat:5
सतगुरू	satguru:3
सतना	satna:2	satana:1
सतनाम	satnaam:2	satnam:1
सतपाल	satpal:3
सतपुड़ा	satpuda:2	satpura:1
सतयुग	satyug:3
सतर्कता	satkarta:1	satkrta:1	satrkata:1
सतलुज	satluj:3
सतलोक	satlok:3
सतह	satah:2	sateh:1
सतही	sathi:2	satahi:1
सतहों	sathon:2	satahon:1
सताती	satati:2	sataati:1
सताने	satane:2	sataane:1
सतारा	satara:3
सती	sati:3
सतीश	satish:3
सतीसर	satisar:3
सते	sate:3
सतोगुण	satogun:3
सत्कार	satkar:3	satkaar:1
सत्गुरु	satguru:3
सत्तर	sattar:3
सत्ता	satta:3
सत्ताओं	sattaon:3
सत्ताधारियों	sattadhariyon:3
सत्ताधारी	sattadhari:3	sattadhaari:1
सत्तारूढ	sattarudh:2	sattarud:1
सत्तावादी	sattavadi:3
सत्तासीन	sattasin:2	sattaseen:1
सत्ती	satti:3
सत्ते	satte:3
सत्य	satya:3
सत्यकाम	satyakam:2	satyakaam:1
सत्यजीत	satyajeet:3
सत्यता	satyata:3
सत्यप्रकाश	satyaprakash:3
सत्यम	satyam:3
सत्यवती	satyavati:3
सत्यवादी	satyavadi:3
सत्यवीर	satyaveer:2	satyavir:1
सत्यशील	satyashil:2	satyasheel:1
सत्यस्वरूप	satyaswaroop:2	satyaswarup:1
सत्या	satya:3
सत्यांश	satyansh:2	satyaansh:1
सत्याग्रह	satyagrah:3
सत्याग्रही	satyagrahi:3
सत्यानाश	satyanash:3
सत्यानाशी	satyanashi:3
सत्यापन	satyapan:3
सत्यापित	satyapit:3
सत्यार्थ	satyarth:3
सत्र	satra:2	satr:1
सत्रह	satrah:3
सत्रहवीं	satrahavin:2	satrahavi:1
सत्रावसान	satraavasaan:1	satravasan:1	satravasna:1
सत्रों	satron:3
सत्व	satva:4	satv:2
सत्वगुण	satvagun:2	satvgun:1
सत्वत	satvat:3
सत्संग	satsang:3
सत्संगी	satsangi:3
सदन	sadan:3
सदमे	sadme:3
सदर	sadar:3
सदस्य	sadasya:18	sadasy:2	sadsya:1
सदस्यगण	sadasyagan:2	sadsyagan:1
सदस्यता	sadasyata:2	sadsyata:1
सदस्या	sadasya:2	sadsya:1
सदस्यीय	sadasyiy:1	sadasyiye:1	sadsyiy:1
सदस्यों	sadasyon:2	sadsyon:1
सदा	sada:5	sadaa:2
सदाचार	sadachar:3
सदानंद	sadanand:3
सदाबहार	sadabahar:3
सदारंग	sadarang:3
सदाशिव	sadashiv:2	sadashiva:1
सदाशिवराव	sadashivarao:1	sadashivram:1	sadashivrao:1
सदियां	sadiyan:2	sadiyaan:1
सदियों	sadiyon:3
सदी	sadi:3
सदुपयोग	sadupayog:2	sadupyog:1
सदृश	sadrushya:2	sadash:1	sadhash:1	sardish:1
सदैव	sadaiv:3
सद्गति	sadnati:1	sadrati:1	sdanati:1
सद्गुणों	sadganon:1	sadgunon:1	sandunon:1
सद्दाम	saddam:2	sadham:1
सद्भाव	sadbhav:3
सद्भावना	sabhdavna:1	sadbhavana:1	sadbhavna:1
सन	san:3	sun:4	son:3
सनई	sanai:2	sanaee:1	sanayi:1
सनक	sanak:3
सनकी	sanki:2	sanaki:1	sunki:1
सनकीपन	sunkeepan:2	sunkipan:1
सनग्लासेस	sunglasses:3
सनम	sanam:3
सनराइज	sunrise:3
सनराइजर्स	sunrisers:3
सनसनी	sansani:3
सनातन	sanatan:3
सनाया	sanaya:3
सनावद	sanavad:2	sanawad:1
सनी	sunny:10	sani:1
सने	sane:2	saney:1
सन्डे	sunday:6
सन्नी	sunny:3
सन्मति	sanmati:2	saanmati:1
सन्मार्ग	sanmarg:2	sunmarg:1
सन्यासी	sanyasi:4
सपत्नीक	sapanteek:1	saptaniik:1	saptnik:1
सपना	sapna:2	sapana:1
सपने	sapne:2	sapane:1	sapney:1
सपनों	sapnon:2	sapanon:1
सपरिवार	saparivaar:1	sapariwar:1	sparivar:1
सपा	sapa:2	sapaa:1
सपाट	sapat:2	sapaat:1
सपाटे	sapate:2	sapatey:1
सपेरा	sapera:3
सपोर्ट	support:3
सप्त	sapt:2	sapta:1
सप्तऋषि	saptarishi:1	saptarushi:1	saptrishi:1
सप्तऋषियों	saptarushiyon:1	sapthrishiyon:1	satparishiyon:1
सप्तक	saptak:3
सप्तकोशी	saptkoshi:2	saptakoshi:1
सप्तक्रांति	saptakranti:2	saptkraanti:1
सप्तपदी	saptapadi:2	saptpadi:1
सप्तम	saptam:3
सप्तमी	saptami:3
सप्तमेश	saptamesh:2	saptmesh:1
सप्तरी	saptari:3
सप्तर्षि	saptarshi:2	saptarishi:1
सप्ताह	saptah:2	satpaah:1
सप्ताहांत	saptahant:2	saptahaant:1
सप्ताहों	saptahon:2	satpaahon:1
सप्रमाण	sapraman:2	sapramaan:1
सप्रू	sapru:2	suproo:1
सप्लाई	supply:3
सप्लायर	supplier:3
सफदरजंग	safdarjung:2	safadarjung:1
सफर	safar:3	suffer:1
सफल	safal:3
सफलता	safalta:3
सफलताएं	safaltaein:1	safaltaen:1	safaltayen:1
सफलताओं	safaltaon:3
सफलतापूर्वक	safalatapurvak:2	safaltapoorvak:2	safaltapurvak:1
सफाई	safai:2	safaee:1
सफाया	safaya:3
सफारी	safari:3
सफी	safi:3
सफेद	safed:6	saphed:1
सफेदपोश	safedposh:3
सफेदी	safedi:3
सब	sab:3
सबक	sabak:3
सबकी	sabki:2	subki:1
सबकुछ	sabkuch:2	sadkuch:1
सबके	sabke:2	sabkey:1
सबको	sabko:3
सबने	sabne:2	sabney:1
सबमरीन	sabmarin:1	submaren:1	submarine:1
सबमिट	submit:3
सबमिशन	submission:2	sabmission:1
सबल	sabal:3
सबलगढ़	sabalgarh:3
सबवे	subway:6
सबसिडी	subsidy:3
सबसे	sabse:5	sabsey:1
सबाल्टर्न	sabaltarn:1	sabalturn:1	subaltern:1
सबिता	sabita:3
सबीर	sabeer:2	sabir:2
सबूत	saboot:2	sabut:1
सबूतों	sabooton:2	sabuton:1
सबेरे	sabere:2	saberey:1
सबौर	sabaur:1	sabour:1	subora:1
सब्जियां	sabjiyaan:1	sabjiyan:1	sabziyan:1	subjiyan:1
सब्जियों	sabjiyon:3	sabziyon:1
सब्जी	sabji:3	sabzi:1	sabzji:1
सब्जेक्ट	subject:3
सब्सिडी	subsidy:5
सभा	sabha:3
सभाएं	sabhaein:1	sabhaen:1	sabhayen:1	sabhen:1
सभाओं	sabhaon:3
सभागार	sabhagar:2	sabhagaar:1
सभागृह	sabhagrah:2	sabhagrih:1	sabhagruh:1
सभापति	sabhapati:3
सभासद	sabhasad:3
सभासदों	sabhasadon:3
सभास्थल	sabhasthal:3
सभी	sabhi:3
सभ्य	sabhya:3
सभ्यता	sabhyata:3
सभ्यताएं	sabhyataen:2	sabhyataein:1	sabhyatayen:1
सभ्यताओं	sabhyataon:3
सभ्यतामूलक	sabhyatamulak:2	sabhayatamoolak:1
सम	sam:6	sum:2	some:1
समंदर	samandar:2	samander:1
समकक्षों	samkshon:2	samkakkshon:1
समकालिक	samkalik:2	samkaalik:1
समकालीन	samkalin:5	samkaleen:2
समकालीनों	samkalinon:2	samkaleenon:1
समकोण	samkon:3
समक्ष	samaksh:4
समग्र	samagra:2	samgra:2
समग्रता	samgrata:2	samagrata:1
समझ	samajh:3
समझकर	samjhkar:2	samajhkar:1
समझता	samajhta:2	samajhtaa:1	samjhta:1
समझती	samajhti:2	samjhti:1
समझते	samajhte:2	samjhte:1
समझदार	samajhdar:3	samajhdaar:2
समझदारी	samajhdari:3	samajhdaari:1
समझना	samajhna:2	samajhnaa:1	samjhna:1
समझनी	samajhni:3
समझने	samajhne:2	samjhane:1
समझा	samjha:3	samjhaa:2	samajha:1
समझाइए	samjhaie:2	samjhaaiye:1	samjhaiye:1
समझाता	samjhaata:2	samjhata:2
समझाती	samjhati:3	samjhaati:1
समझाते	samjhate:2	samjhaate:1	samjhane:1
समझाने	samjhane:3	samjhaane:1
समझाया	samjhaya:2	samjhaaya:1
समझिए	samjhie:2	samjhiye:1
समझी	samjhi:3
समझूंगा	samjhunga:3	samjhoonga:1	samjhungaa:1
समझे	samjhe:3
समझें	samjhen:2	samajhen:1
समझेगा	samjhega:2	samajhega:1	samajhegaa:1
समझौता	samjhauta:2	samajhauta:1
समझौतावादी	samajhautavaadi:1	samajhautavadi:1	samjhautavadi:1	samjhautawadi:1
समझौते	samjhoute:2	samjhaute:3	samajhaute:1
समझौतों	samjhauton:2	samajhauten:1
समतल	samtal:2	samatam:1
समतलीकरण	samtalikaran:2	samatamikaran:1
समता	samta:2	samata:1	samataa:1
समतुल्य	samtulya:2	samatulya:1
समद	samad:3
समन	saman:8
समन्वय	samanvaya:1	samanwaya:1	samnvay:1
समन्वयक	samanvayaka:1	samanwayaka:1	samnvyak:1
समन्वयन	samanvayan:1	samanwayan:1	samnvayan:1	samnvyan:1
समन्वयवादी	samanvayavadi:1	samanwayavadi:1	samanyawadi:1	samnvayavadi:1
समन्वित	samanvita:1	samanwita:1	samnvit:1
समय	samay:3	samaya:1
समयनुसार	samaynusar:2	samayanusar:1
समयबद्ध	samaybaddh:2	samayabaddh:1
समयबद्धता	samayabaddhata:1	samaybaddhta:1	samaybadhrta:1
समयसीमा	samayseema:2	samaysima:1
समयों	samayon:3
समर	samar:4	summer:2
समरस	samras:2	samarasa:1
समरसता	samarasata:1	samarasta:1	samrasta:1
समरूप	samrup:2	samaroop:1	samaruup:1
समरूपता	samaroopata:1	samaruupata:1	samrupata:1	samrupta:1
समर्थ	samarth:6
समर्थक	samarthak:3
समर्थकों	samarthakon:2	samarthkon:1
समर्थन	samarthan:3
समर्थित	samarthit:2	samrthit:1
समर्पण	samarpan:3
समर्पित	samarpit:2	samrpit:1
समलैंगिक	samlaingik:2	samalengik:1
समलैंगिकता	samalengikta:1	samlaingikata:1	samlaingikta:1
समलैंगिकों	samalaingikon:1	samlaingiko:1	samlaingikon:1
समवर्ती	samvarti:2	samavarti:1
समष्टि	samashti:2	samshti:1
समस	samas:3
समसामयिक	samsamyik:2	samsamayik:1	sumsamyik:1
समस्त	samast:3
समस्तीपुर	samastipur:3
समस्या	samasya:3
समस्याआें	samasyaon:2	samasyaaon:1
समस्याएं	samsyayen:3	samasyaen:2	samasyaaein:1
समस्याओं	samasyao:2	samasyaon:2	samasyaaon:1
समस्याग्रस्त	samasyagrast:2	samasyaagrast:1	samsyagrast:1
समहित	samhit:3
समा	sama:4	samaa:2
समांतर	samantar:2	samaantar:1
समाई	samai:2	samayi:1
समागम	samagam:3
समाचार	samachar:6	samaachar:1	samachaar:1	smachar:1
समाचारपत्र	samacharpatra:2	samacharpattar:1
समाचारपत्रों	samacharpatron:3
समाचारों	samacharon:3
समाज	samaj:3	smaj:1
समाजवाद	samajwad:2	samajvad:1
समाजवादियों	samajwadiyon:2	samajvadiyon:1
समाजवादी	samajwadi:2	samajvadi:1
समाजविरोधी	samajvirodhi:3
समाजशास्त्र	samajshastra:4	samaajshastra:1	samajshaster:1
समाजशास्त्रियों	samajshastriyon:2	samajshatriyon:1
समाजशास्त्री	samajshastri:3
समाजशास्त्रीय	samaajshastriya:1	samajshastriy:1	samajshastriya:1
समाजसुधार	samajsudhar:3
समाजसेवा	samajseva:2	samajsewa:1
समाजसेवियों	samajseviyon:2	samajsewiyon:1
समाजसेवी	samajsevi:2	samajsewi:1
समाजार्थिक	samaajarthik:1	samajarthik:1	samajathrik:1
समाजियों	samajiyon:1	samalion:1	smajiyon:1
समाजी	samaji:2	samaaji:1
समाजों	samajon:3
समाजोत्थान	samajotthan:2	samaajothaan:1
समाधान	samadhan:2	samaadhaan:1
समाधानों	samadhanon:2	samaadhanon:1
समाधि	samadhi:2	samaadhi:1
समाधियों	samadhiyon:2	samadjiyon:1
समाधिस्थ	samadhisth:2	samadhistha:1
समाधी	samadhi:3
समान	saman:16	samaan:2
समानता	samanta:3	samaanta:2
समानताएं	samantaen:2	samantaayen:1
समानताओं	samantaon:2	samantapn:1
समानार्थक	samanarthak:4	samaanarthak:2
समानीकरण	samanikaran:2	samaanikaran:1
समापन	samapan:2	samaapan:1
समाप्त	samapt:3
समाप्ति	samapti:2	samaapti:1
समायोजन	samayojan:3
समायोजित	samayojit:2	samayogit:1
समारिक	samarik:2	samaarik:1
समारोह	samaroh:2	samaaroh:1
समारोहों	samarohon:2	samaroshon:1
समालखा	samalakha:2	samalakhaa:1
समालोचक	samalochak:3
समालोचना	samalochana:3
समाविष्ट	samavisht:2	samaavishta:1
समावेश	samavesh:3
समावेशन	samaveshan:2	samveshan:1
समावेशी	samaveshi:3
समास	samas:4	samaas:3
समाहार	samahar:2	samahaar:1
समाहित	samahit:2	samaahit:1
समिति	samiti:3
समितियां	samitiyan:3
समितियों	samitiyon:2	saitiyion:1
समीकरण	samikaran:3
समीकरणों	samikarnon:2	sameekaranon:1
समीक्षक	sameekshak:1	samikshak:1	samishak:1
समीक्षकों	sameekshakon:1	samikshakon:1	samikshkon:1
समीक्षा	samiksha:4	sameeksha:2	sameksha:1
समीक्षाएं	sameekshayen:1	samikshaen:1	samikshayen:1
समीक्षाओं	sameekshaon:1	samikshaon:1	samikshon:1
समीक्षात्मक	sameekshatmak:1	samikshatmak:1	samiskshatmak:1
समीचीन	samichin:2	samachin:1
समीप	samip:3	sameep:2
समीपवर्ती	samiipwarti:1	samiparvati:1	samipvarti:1
समीपी	samipi:2	sameepi:1
समीर	sameer:6	samir:1
समीरा	sameera:2	samira:1
समुंदर	samundar:3
समुचित	samuchit:3
समुच्चय	samucchaya:1	samuchay:1	samuchhay:1
समुदाय	samuday:2	samudaya:1
समुदायों	samudayon:3
समुद्र	samudra:3
समुद्रगुप्त	samudragupta:2	samudragupt:1
समुद्रतट	samudratat:3
समुद्रतटीय	samudratatiiya:1	samudratatiya:1	samudratiy:1
समुद्रतल	samudratal:3
समुद्री	samudri:3
समुद्रीय	samudriya:2	samidriya:1
समुद्रों	samudron:3
समुन्नत	samunnat:2	saumannat:1
समूचा	samoocha:1	samucha:1	samuucha:1
समूची	samoochi:1	samuchi:1	samuuchi:1
समूचे	samuche:2	samooche:2
समूह	samuh:39	samooh:1	samuuh:1
समूहों	samuhon:3	samoohon:1	samuuhon:1
समृद्ध	samriddha:2	samrdh:1	samriddh:1	samruddha:1
समृद्धि	samriddhi:3	samrdhi:1	samrudhdi:1	samrudhi:1
समेकन	samekan:3
समेकित	samekit:3
समेट	samet:3
समेटकर	sametkar:3
समेटती	sametati:2	sametti:1
समेटना	sametna:2	sametana:1
समेटने	sametane:2	sametne:1
समेटा	sameta:3
समेटे	samete:3
समेत	samet:3
समोसा	samosa:3
सम्पन्न	sampann:2	sampanna:2
सम्पूर्ण	sampurn:3	sampoorn:3	sampoorna:2
सम्मति	sammati:2	sammit:1	summit:1
सम्मन	samman:2	summon:1
सम्मनों	sammanon:3
सम्मान	samman:3
सम्माननीय	sammaananiiya:1	sammanneey:1	sammanniy:1
सम्मानपूर्ण	sammanpoorn:1	sammanpurn:1	sammanpurna:1
सम्मानपूर्वक	sammanpurvak:2	sammanpoorvak:1
सम्मानित	sammanit:3
सम्मानों	sammanon:3
सम्मिलन	sammilan:2	smmilan:1
सम्मिलित	sammilit:3
सम्मिश्रण	sammishran:2	sammisharan:1
सम्मुख	sammukh:3
सम्मेद	sammed:3
सम्मेलन	sammelan:3
सम्मेलनों	sammelanon:3
सम्मोहक	sammohak:3
सम्मोहन	sammohan:3
सम्मोहित	sammohit:3
सम्यक	samyak:3
सम्राज्ञी	samraagyi:1	samragyi:1	samraygi:1
सम्राट	samraat:3	samrat:2
सम्राटों	samraton:3
सम्हाल	samhal:2	samhaal:1
सयाजी	sayaji:3
सयाजीराव	sayajirao:2	ssayajirao:1
सयानी	sayani:2	sayaani:1
सय्यद	sayyad:2	sayyed:1
सर	sir:6	sar:3
सरंक्षण	sanrakshan:2	sarankshan:1
सरंचना	sanrachna:2	saranchana:1
सरकते	sarakte:2	sarkte:1
सरकने	sarkane:2	sarakne:1
सरका	sarka:2	sarkaa:1
सरकाघाट	sarkaghat:3
सरकार	sarkar:3	sarkaar:1
सरकारी	sarkari:2	sarkaari:1
सरकारें	sarkaren:2	sarkarein:1
सरकारों	sarkaron:2	sarkaaron:1
सरखेज	sarkhej:3
सरगना	sargana:3
सरगनाओं	sarganaon:3
सरगम	sargam:3
सरगर्मियों	sargarmiyon:3
सरगी	sargi:3
सरगुजा	sarguja:2	sarjuga:1
सरगोधा	sargodha:3
सरण	saran:3
सरदार	sardar:3
सरदारा	sardara:3
सरदारी	sardari:2	sardaari:1
सरदारों	sadaron:1	sardaaron:1	sardaron:1
सरदेसाई	sardesai:3
सरधना	sardhana:2	saradhanaa:1
सरनोबत	sarnobat:3
सरपंच	sarpanch:5	sarapanch:1	sarpunch:1
सरपरस्त	saraparast:1	sarparast:1	sarprast:1
सरफराज	sarfaraz:2	sarfaraaj:1	sarfaraj:1
सरफरोशी	sarfaroshi:2	sarfroshi:1
सरबजीत	sarabjit:3
सरयू	sarayu:1	saryu:1	saryuu:1
सरल	saral:3
सरलतम	saraltam:3
सरलता	saralta:2	saralata:2
सरलतापूर्वक	saraltapurvak:2	saralatapurvak:1
सरला	sarla:2	sarala:1
सरलीकरण	saralikaran:2	sarlikaran:1
सरलीकृत	saralikrit:1	sarlikrit:1	sarlikrut:1
सरस	saras:3
सरसता	sarasta:1	sarsata:1	sarsta:1
सरसा	sarsa:2	sarsaa:1
सरसावा	sarsava:2	sarsawa:1
सरस्वती	saraswati:3
सरहद	sarhad:3
सरहदी	sarhadi:2	sarahadi:1
सरहदें	sarhaden:2	sarhadein:1
सरहिंद	sarahind:1	sarhind:1	sirhind:1
सरहुल	sarhul:3
सराफा	sarafa:2	saraafa:1
सराभा	sarabha:3
सराय	saray:2	sarai:1
सरायपाली	saraaypaali:1	saraypali:1	sraypali:1
सरायों	sarayon:3
सराह	sarah:2	saraah:1
सराहना	sarahana:2	saraahna:1
सराहनीय	sarahniy:2	saraahniiya:1	sarahniya:1
सराहा	saraha:2	saraaha:1
सराही	sarahi:2	saraahi:1
सरिता	sarita:3
सरिस	saris:3
सरीखी	sarikhi:3
सरीखे	sarikhe:2	sareekhe:1
सरीसृप	sarisrip:2	sarisrup:1
सरीसृपों	sarisripon:2	sarisrupon:1
सरे	sare:3
सरेआम	sareaam:6
सरो	saro:3
सरोकार	sarokaar:2	sarokar:1
सरोकारों	sarokaron:3
सरोज	saroj:3
सरोजिनी	sarojini:3
सरोद	sarod:3
सरोवर	sarovar:3
सर्कल	circle:3
सर्कल्स	circles:3
सर्कस	circus:3
सर्कसों	circason:1	circuson:1	sarkason:1
सर्किट	circuit:3
सर्किल	circle:3
सर्कुलर	circular:3
सर्च	search:6
सर्चर	searcher:3
सर्जन	sarjan:2	surgeon:3
सर्जना	sarjana:1	sarjanaa:1	serjana:1
सर्जनात्मकता	sarjanaatmakta:1	sarjanatmakata:1	serjanatmak:1
सर्जनों	surgenon:2	sarjanon:1
सर्जरी	surgery:3
सर्जिकल	surgical:3
सर्टिफाइड	certified:3
सर्टिफिकेट	certificate:3
सर्दियां	sardiyan:2	sardiyaan:1
सर्दियों	sardiyon:2	sardiyan:1
सर्दी	sardi:3
सर्प	sarp:5	sarpa:1
सर्पगंधा	sarpagandha:2	sarpgandha:1
सर्पाकार	sarpakar:2	sarpakaar:1
सर्पों	sarpon:2	sarpo:1
सर्फेस	surface:3
सर्बियन	sabriyan:1	sarbian:1	sarbiyan:1
सर्बिया	sabriya:1	sarbia:1	sarbiya:1
सर्व	sarv:1	sarva:1	serve:1
सर्वकालिक	sarvakalik:2	sarvkalik:1
सर्वखाप	sarvkhap:2	sarvakhaap:1
सर्वजन	sarvajan:2	sarvjan:1
सर्वज्ञ	sarvagya:2	sarvgya:1
सर्वज्ञात	sarvagyat:1	sarvegyat:1	sarvgyat:1
सर्वतोमुखी	sarvtomukhi:2	sarvatomukhi:1
सर्वत्र	sarvatra:2	sarvtr:1
सर्वथा	sarvatha:1	sarvathaa:1	sarvtha:1
सर्वदमन	sarvadaman:1	sarvadmn:1	sarvedaman:1
सर्वदलीय	sarvadaliya:1	sarvadliy:1	sarvedaliy:1
सर्वदा	sarvada:2	sarvadaa:1
सर्वनाम	sarvnam:3	sarvanaam:2	sarvanam:1	sarvnaam:1
सर्वनाश	sarvnash:2	sarvanash:1
सर्वपल्ली	sarvapalli:2	sarvepalli:2	sarvpalli:2
सर्वप्रथम	sarvpratham:3	sarvapratham:3	sarvapartham:1
सर्वप्रमुख	sarvapramukh:2	sarvaprmukh:1
सर्वभूतानां	sarvabhuutanaan:1	sarvbhutana:1	sarvbhutanan:1
सर्वमान्य	sarvamaanya:1	sarvmany:1	sarvmanya:1
सर्वर	server:3
सर्वरों	sarvaron:2	serveron:1
सर्वर्स	servers:3
सर्वविदित	sarvavidit:2	sarvvidit:1
सर्वव्यापी	sarvavyapi:2	sarvavyaapi:1	sarvvyapi:1
सर्वशक्तिमान	sarvshaktiman:3	sarvashaktimaan:2	sarvashaktiman:1
सर्वश्रेष्ठ	sarvshresht:3	sarvshreshth:2	sarvashreshth:1	sarvashreshtha:1
सर्वश्रेष्ठता	sarvashresthataa:1	sarvshreshthata:1	sarvshreshthta:1
सर्वसमावेशी	sarvasamaveshi:1	sarvsamaveshi:1	sarvsmaveshi:1
सर्वसम्मत	sarvsammat:2	saravasammat:1
सर्वसम्मति	sarvasammati:1	sarvsammati:1	sarvsmmati:1
सर्वसहमति	sarvsahmati:2	sarvasahmati:1
सर्वसाधारण	sarvsadharan:2	sarvasaadhaaran:1
सर्वस्व	sarvaswa:1	sarvsv:1	sarvsva:1
सर्वहारा	sarvhara:2	sarvahaara:1
सर्वा	sarva:2	sarwa:1
सर्वांग	sarvang:3
सर्वांगीण	sarvagin:1	sarvangiina:1	sarvangin:1
सर्वाइवर	survivor:3
सर्वाधिक	sarvadhik:3
सर्वार्थ	sarvarth:2	sarvartha:1
सर्विंग	serving:3
सर्विक्स	serviks:2	service:1
सर्विलांस	surveillance:2	sarvilans:1
सर्विस	service:3
सर्विसेज	services:2	servivces:1
सर्विसेस	services:3
सर्वे	survey:5	sarve:2
सर्वेक्षक	sarvekshak:3
सर्वेक्षण	sarvekshan:3
सर्वेक्षणों	sarvekshanon:2	sarvekshnon:1
सर्वेक्षित	sarvekshit:2	survekshit:1
सर्वेश्रेष्ठ	sarvashreshtha:1	sarveshreshth:1	sarvshreshth:1
सर्वोच्च	sarvocch:2	sarvoccha:1	sarvoch:1	sarvochh:1
सर्वोच्चता	sarvocchata:1	sarvochchata:1	sarvochta:1
सर्वोत्कृष्ट	sarvatkrusht:1	sarvotkrishta:1	sarwotkrisht:1
सर्वोत्तम	sarvottam:2	sarwottam:1
सर्वोदय	sarvoday:1	sarvodaya:1	sarwoday:1
सर्वोपरि	sarvopari:3
सलगांवकर	salgaonkar:2	salganvkar:1
सलमा	salma:3
सलमान	salman:4
सलवटें	salvatein:1	salvaten:1	salvten:1
सलवार	salwar:3
सलाई	salae:1	salai:1	slaai:1
सलाखें	salaakhen:1	salakhein:1	salakhen:1
सलाद	salad:6
सलाम	salam:2	salaam:1
सलामी	salami:2	salaami:1
सलाह	salah:2	salaah:1
सलाहकार	salahkaar:2	salaahkar:1	salahkar:1
सलाहकारों	salahkaron:2	salaahkaron:1
सलाहियत	salahiyat:2	salaahiyat:1
सलाहों	salahon:2	salaahon:1
सलीका	salika:3
सलीब	salib:2	saleeb:1
सलीम	salim:2	saleem:1
सलीमगढ़	salimgarh:3
सलूक	saluk:2	salook:1
सलूजा	saluja:3
सलून	salon:2	saloon:1
सलेक्ट	select:3
सलोनी	saloni:3
सल्तनत	saltanat:2	saltnat:1
सल्फर	sulfur:3
सल्फाइड	sulfide:3
सल्फेट	sulfate:3
सल्फ्यूरिक	sulfuric:2	salfuric:1
सवर्णों	savarnon:3
सवाई	sawai:2	savaai:1
सवारियां	sawariyan:2	savariyan:1
सवारी	sawari:2	savari:1
सवाल	sawal:5	savaal:1	saval:1	sawaal:1
सवालात	sawalat:2	savalat:1
सवालिया	sawaliya:2	savaliya:1
सवालों	sawalon:3	savalon:2
सविनय	savinay:3
सव्यसाची	sabyasachi:1	savyasachi:1	savysaachi:1
सशंकित	sashankit:3
सशक्त	sashakt:2	sashakta:1
सशस्त्र	sashastra:2	sashstr:1
ससुर	sasur:3
ससुराल	sasural:2	sasuraal:1
सस्टेनेबिलिटी	sustainability:3
सस्ता	sasta:2	sastaa:1
सस्ती	sasti:3
सस्ते	saste:3
सस्पेंड	suspend:3
सस्पेंशन	suspension:3
सहअस्तित्व	sahastitva:3	sahastitv:2	sahaastitva:1	sahaastitwa:1
सहकर	sahkar:2	sahakar:1
सहकर्मियों	sahkarmiyon:3	sahakarmiyon:2	sahkrmiyon:1
सहकर्मी	sahakarmi:1	sahkarmi:1	sahkrmi:1
सहकलाकार	sahkalakar:4	sahakalakar:2	sahakalaakar:1
सहकार	sahkar:2	sahakaar:1	sahakar:1
सहकारिता	sahkarita:2	sahakaarita:1	sahakarita:1
सहकारी	sahkari:2	sahakaari:1	sahakari:1
सहगल	sahagal:1	sahgal:1	sehgal:1
सहचर	sahchar:2	sahachar:1
सहचारी	sahchari:2	sahachari:1
सहज	sahaj:2	sahaja:1
सहजता	sahajata:1	sahajataa:1	sahjata:1	sahjta:1
सहजानंद	sahjanand:2	sahajananda:1
सहजीवन	sahjeevan:2	sahajivan:1
सहदेव	sahdev:2	sahadev:1
सहन	sahan:2	sahana:1
सहनशक्ति	sahanashakti:1	sahanshakti:1	sahanshati:1
सहनशीलता	sahanashilata:1	sahanshilata:1	sahanshilta:1
सहना	sahan:1	sahana:1	sahanaa:1	sahna:1
सहनिर्माता	sahnirmata:4	sahanirmit:1	sahanirmita:1	sahanirmitaa:1
सहनी	sahani:2	sahni:1
सहने	sahne:2	sahane:1
सहपाठी	sahpathi:2	sahapaathi:1
सहभागिता	sahbhagita:2	sahabhagita:1	sahabhagitaa:1
सहभागितापूर्ण	sahbhagitapurn:2	sahbhagitapuran:1
सहभागी	sahbhagi:3	sahbhaagi:1
सहमत	sahamat:2	sahmat:3
सहमति	sahmati:3
सहमती	sahmati:3
सहमा	sahma:3	sahmaa:1
सहमी	sahmi:3
सहयात्रा	sahyatra:2	sahyaatra:1
सहयात्रियों	sahyatriyon:3
सहयोग	sahyog:3
सहयोगपूर्ण	sahyogpurn:3
सहयोगात्मक	sahyogatmak:3	sahyogaatmak:1
सहयोगियों	sahyogiyon:3
सहयोगी	sehyogi:3	sahyogi:3
सहर	sahar:3
सहरावत	sahrawat:2	sherawat:1
सहर्ष	saharsh:3
सहलेखन	sahlekhan:2	sahalekhan:1
सहवास	sahvas:2	sahvaas:1	sahwas:1
सहस	sahas:3
सहसंस्थापक	sahsansthapak:4	sahasansthapak:1	sahsanstapak:1
सहसवान	sahaswan:2	sahasvan:1
सहसा	sahsa:2	sahsaa:1
सहस्त्र	sahastr:1	sahastra:1	sahstra:1
सहस्त्राब्दियों	sahastraabdiyon:1	sahastrabdiyon:1	sahstrabdiyon:1
सहस्त्राब्दी	sahastraabdi:1	sahastrabdi:1	sahstrabdi:1
सहस्र	sahastra:2	sahstra:1
सहस्राब्दी	sahastrabdi:2	sahstabdi:1
सहा	saha:3
सहाड़ा	sahada:2	sahad:1
सहानुभुति	sahanubhuti:3
सहानुभूति	sahanubhuti:3
सहाब	sahab:3	sahaab:1
सहाय	sahay:2	sahaay:1
सहायक	sahayak:2	sahaayak:1
सहायकों	sahayakon:3
सहायता	sahayata:2	sahaayata:1
सहायिका	sahayika:2	sahaayika:1
सहारनपुर	saharanpur:3
सहारा	sahara:3
सहारे	sahare:3
सहित	sahit:3	sahita:1
सहिष्णुता	sahishnuta:3	sahishnu:1
सही	sahi:3
सहूलियत	sahuliyat:2	sahooliyata:1	sahuuliyata:1
सहूलियतों	sahuliyaton:2	sahooliyaton:1	sahuuliyaton:1
सहृदय	sahrday:1	sahrudaya:1	shriday:1
सहेज	sahej:3
सहेजने	sahejane:2	sahajne:1
सहेजा	saheja:3
सहेलियों	saheliyon:3
सहेली	saheli:4
सहोदर	sahodar:3
सांकृत्यायन	sankrityayan:2	saankrityaayan:1	sankrutyayan:1
सांकेतिक	sanketik:2	saanketika:1
सांख्यिकीय	saankhikiya:1	saankhiyakiy:1	sankhikiya:1	sankhiyakiy:1
सांगली	sangali:2	saangali:1	sangli:1
सांगा	sanga:2	saanga:2	saangaa:1
सांगीतिक	sangitik:3	saangitik:1
सांगोला	sangola:3	sangolaa:1
सांची	sanchi:3	saanchi:1
सांचों	sanchon:2	sancho:1
सांचौर	saanchaur:1	sanchaur:1	sanchore:1
सांझ	sanjh:2	saanjha:1	sanjha:1
सांझेदारी	sanjhedari:3	saanjhedari:1	sanjhedaari:1
सांड	saand:1	sand:1	sandh:1
सांडर्स	sandars:1	sandarse:1	sanders:1
सांडों	sandon:3	saandon:1
सांता	santa:2	saanta:1	saantaa:1
सांत्वना	santvana:3	saantvana:1	saantwana:1
सांध्य	sandhya:2	saandhya:1
सांप	saamp:2	samp:1
सांपला	sampala:2	saampala:1	sampla:1
सांपों	sampon:2	saampon:1
सांप्रदायिक	sampradayik:5	sampradayika:1
सांप्रदायिकता	sampradayikta:2	sampradayikata:1
सांब	samb:2	saamba:1	samba:1	sanb:1
सांबा	samba:3	saamba:1
सांभर	sambhar:3	saambhar:1
सांस	sans:3	saans:1
सांसद	sansad:2	saansad:1
सांसदों	sansadon:4
सांसारिक	sansarik:4
सांसारिकता	sansarikata:2	sansarikta:1
सांसी	sansi:3
सांस्कृतिक	sanskrtik:3	saanskritik:1	sanskritik:1	sanskrutik:1
सांस्थानिक	sansthanik:2	sansthanika:1
साइंटिस्ट्स	scientists:6	scientistes:1
साइंस	science:5
साइकिल	cycle:9
साइक्लिंग	cycling:8
साइज	size:4
साइट	site:6	sight:2
साइड	side:5
साइन	sign:8
साइबर	cyber:5
साइबरस्पेस	cyberspace:3
साइबेरिया	cyberia:2	siberia:2
साइमंस	saimans:1	simmons:1	symons:1
साइमन	simon:2	saiman:1
साइमा	saima:3
साइलेंसर	silencer:1	silencers:1	silensor:1
साउंड	sound:5
साउथ	south:9
साकार	sakar:3	saakar:2	saakaar:1	sakaar:1
साकिब	saakib:1	sakib:1	saqib:1
साके	sake:3	saake:1
साकेत	saket:3	saaket:1
साक्षर	sakshar:3	saakshar:1
साक्षरता	saksharta:5	saaksharta:1	sakshartaa:1
साक्षात	sakshat:3	sakshaat:1
साक्षात्कार	sakshatkar:5	saakshatkaar:1	sakshaatkaar:1
साक्षात्कारों	sakshatkaron:3
साक्षी	sakshi:5	saakshi:3
साक्ष्य	sakshya:2	saakshya:1	sakshy:1
साक्ष्यों	sakshyon:3	saakshyon:1
साख	sakh:3	saakh:2
साग	sag:3	saag:2
सागर	sagar:6	saagar:1
सागरिका	sagarika:2	sagrika:1
सागा	saga:3
सागू	sagu:3	saagu:1
सागौन	sagaun:2	saguan:1
साज	saaj:2	saj:1
साजन	sajan:3	saajan:1
साजसज्जा	saajsajja:2	sajsajja:1
साजा	saja:3
साजिद	sajid:3
साजिश	sajish:3	saajish:1
साजिशकर्ता	sajishkarta:3
साजिशकर्ताओं	sajishkartaon:3
साजो	sajo:2	saajo:1
साजों	sajon:2	saajon:1
साझा	sajha:3	saajhaa:1
साझेदार	sajhedar:2	sajhedaar:1
साझेदारी	sajhedari:2	sajhedaari:1
साझेदारों	sajhedaron:2	sajhedaaron:1
साटन	saatan:2	satan:1
साठ	sath:2	saath:1
साठगांठ	saathgaanth:3	sathganth:3
साठा	satha:3
साड़ी	sadi:2	saree:2	sadhi:1
साढ़े	sadhe:3
सात	saat:6	sat:1
सातवलेकर	saatavlekar:1	satavalekar:1	satavlekar:1	satwalekar:1
सातवी	saatavi:1	saatvi:1	satvi:1
सातवें	saataven:1	saatven:1	satven:1
सातारा	satara:2	saatara:1
सातों	saton:2	saaton:1
सात्विक	satvik:3
साथ	sath:123	saath:4
साथसाथ	saathsaath:2	sathsath:1
साथिया	sathiya:3
साथियों	saathiyon:2	sathiyon:3
साथी	saathi:2	sathi:4
साद	saad:2	sad:1
सादगी	sadagi:2	sadgi:1
सादर	sadar:3
सादा	sada:3
सादिक	sadik:3
सादिया	sadiya:3
सादी	sadi:3
सादुलशहर	sadulshahar:2	sadulshehar:1
सादे	sade:3
साध	sadh:2	saadh:1
साधक	sadhak:3
साधकर	sadhkar:2	sadhakar:1
साधकों	sadhkon:2	sadhakon:1
साधन	sadhan:3
साधना	sadhna:2	sadhana:1
साधने	sadhne:2	sadhane:1
साधनों	sadhanon:2	sadhnon:1
साधारण	sadharan:3
साधारणतया	sadharantaya:2	sadharanataya:1
साधिका	sadhika:3
साधी	sadhi:3
साधु	sadhu:3
साधुओं	sadhuon:3
साधू	sadhu:3
साधे	sadhe:3
साधो	sadho:3
साध्य	sadhy:2	sadhya:1
साध्वी	sadhvi:3
सान	san:2	saan:1
सानयाल	sanyal:3
साना	sana:3
सानिध्य	sanidhy:2	sanidhya:1
सानी	sani:3
साने	sane:3
सान्निध्य	sannidhy:2	saannidhy:1	sannidhya:1
सान्या	sanya:3
सान्याल	sanyal:3
सापेक्ष	sapeksh:2	sapeksha:1
सापेक्षता	sapekshata:2	sapekshit:1
सापेक्षिक	sapekshik:3
साप्ताहिक	saptahik:2	saaptahik:1
साफ	saaf:6	saf:2
साबरमती	sabarmati:3
साबरी	sabari:2	sabri:1
साबाह	sabah:2	saabah:1
साबित	sabit:7	saabit:2
साबी	sabi:3
साबुत	sabut:3	saabut:1
साबुन	sabun:3
साबूत	sabut:3	saabut:1
साम	sam:2	saam:1
सामंजस्य	samanjasya:2	samanjasy:1
सामंत	samant:3
सामंतवाद	samantvad:3
सामंती	samanti:2	sanmati:1
सामंतों	samanton:2	sanmton:1
सामग्रियां	samgriyan:2	samagriyan:1
सामग्रियों	samagriyon:2	samgriyon:1
सामग्री	samagri:3
सामना	samna:2	samana:1
सामने	samne:2	samane:1
सामयिक	saamayik:2	samyik:3
सामरिक	samrik:3
सामरी	samari:2	samri:1
सामर्थ्य	samarthy:2	samarthya:1
सामवेद	samved:4	saamved:1	saamveda:1
सामाजिक	samajik:3
सामान	saman:3	samaan:1
सामानों	samanon:3
सामान्य	samanya:2	samany:1
सामान्यतः	samanyatah:2	samanyat:1
सामान्यतया	samanyataya:3
सामान्यता	samanyata:2	samanyataa:1
सामान्यीकरण	samanyikaran:3
सामी	sami:3
सामुदायिक	samudayik:3
सामुदायिकता	samudayikta:2	samudayikataa:1
सामुद्रिक	samudrik:3
सामूहिक	samuhik:2	samoohik:1
सामोआ	samoa:2	samoaa:1
साम्प्रदायिक	sampradayik:3
साम्य	saamy:2	samya:2	samy:1
साम्यवाद	samyavaad:1	samyavad:1	samyvaad:1
साम्यवादी	samyavadi:2	saamyvaadi:1
साम्यावस्था	samyaavasthaa:1	samyavastha:1	samyavstha:1
साम्राज्य	samrajya:3
साम्राज्यवाद	samrajyavad:2	samrajyavaad:1
साम्राज्यवादी	samrajyavadi:2	samrajyawadi:1
साम्राज्यों	samrajyon:3
सायं	saayn:1	sayan:1	saym:1
सायंकाल	sayankal:3
सायंस	sayans:2	science:1
सायन	sain:1	sayan:1	sign:1	sion:1
सायनाइड	cyanide:3
सायनोजन	cyanogen:2	saynojan:1
सायबर	cyber:2	sybar:1
सायमंड्स	symonds:3
सायमन	saiman:1	sayman:1	simon:1
सायरा	sayara:2	saira:1	sayra:1
साया	saya:3
सार	saar:1	sar:1	sir:1
सारंगढ़	sarangarh:2	sarangadh:1
सारंगी	sarangi:3
सारगर्भित	sargarbhit:2	saragbhit:1
सारण	saran:3
सारणी	sarni:2	sarani:1
सारथि	sarathi:2	sarthi:1
सारथी	sarathi:2	sarthi:1
सारन	saran:3
सारनाथ	sarnath:3
सारस	saras:3
सारस्वत	sarasvat:1	saraswat:1	sarsvat:1
सारा	sara:3
सारांश	saransh:3
साराभाई	sarabhai:2	sarabhae:1
सारायेवो	sarajevo:2	sarayevo:1
साराह	sarah:3
सारिका	sarika:3
सारिपुत्र	sariputra:2	sariputr:1
सारी	sari:3	saari:1
सारे	sare:3	saare:2
सार्क	sark:2	saarc:1
सार्जेंट	sergeant:2	sargent:1
सार्थक	sarthak:5	saarthak:1
सार्थकता	sarthakataa:1	sarthakta:1	sarthkta:1
सार्वकालिक	sarvkalik:2	sarvkalin:1
सार्वजनिक	sarvajanik:3	sarvjanik:2	saarvajanik:1	saarvjanik:1
सार्वजानिक	sarvjanik:2	sarvajanik:1
सार्वत्रिक	sarvtrik:2	sarvatrik:1
सार्वभौम	sarvabhaum:2	saarvbhaum:1
सार्वभौमिक	sarvbhaumik:2	sarvabhaunik:1
सार्वभौमिकता	saarvabhaumikataa:1	sarvabhaumikata:1	sarvabhaumikta:1	sarvbhaumikata:1
साल	saal:8	sal:1
सालती	salti:2	salati:1
सालन	salan:3
साला	sala:3	saalaa:1
सालाना	salana:5	saalaanaa:1	saalana:1
सालार	salar:3
सालासर	salasar:3
सालिक	salik:3
साले	sale:4	saale:3
सालेम	salem:3
सालेह	saleh:3
सालों	salon:3	saalon:2
साल्क	salk:1	salka:1	sulk:1
साल्ट	salt:3
साल्मन	salman:2	salmon:1
साल्वाडोर	salvadoor:1	salvador:1	salvadore:1
साल्वे	salve:3
साल्सा	salsa:3
सावंत	sawant:2	savant:1
सावधान	savdhan:2	saavdhan:1
सावधानी	savdhani:2	savadhani:1
सावधानीपूर्वक	savadhanipurvak:1	savdhanipoorvak:1	savdhanipurvak:1
सावन	savan:2	sawan:1
सावरकर	savarkar:3
सावित्री	savitri:2	sawitri:1
सावित्रीबाई	savitribai:3
सावे	save:3
साष्टांग	sashtang:3
सास	saas:5	sas:1
सासन	sasan:3
सासनी	sasani:2	sasni:1
सासु	saasu:2	sasu:1
सासू	saasu:2	sasu:1
साहनी	sahni:2	sahani:1
साहब	sahab:3
साहबों	sahabon:2	sahbon:1
साहस	sahas:3
साहसपूर्ण	sahaspurn:2	sahaspoorn:1
साहसी	sahasi:2	sahsi:1
साहा	saha:3
साहित	sahit:3
साहित्य	sahitya:3
साहित्यकार	sahityakar:3
साहित्यकारों	sahityakaron:2	sahitykaaron:1
साहित्यिक	sahityik:3
साहित्यों	sahityon:3
साहिब	sahib:3
साहिबगंज	sahibganj:2	sahebganj:1
साहिबा	sahiba:3
साहिबाबाद	sahibabad:3
साहिर	sahir:3
साहिल	sahil:3
साही	sahi:3
साहु	sahu:2	shau:1
साहू	sahu:3
साहूकार	sahukar:2	sahukaar:1
साहेब	saheb:6	saaheb:1
सिंक	sink:3
सिंगर	singer:3
सिंगर्स	singers:3
सिंगल	single:3
सिंगल्स	singles:3
सिंगापुर	singapore:3
सिंगार	singaar:1	singar:1	singer:1
सिंगोली	singoli:3
सिंघम	singham:3
सिंघल	singhal:3
सिंघाड़े	singhaadey:1	singhade:1	singhde:1	singhre:1
सिंघानिया	singhania:2	singhaniya:1
सिंघासन	singhasan:3
सिंघी	singhi:3
सिंघे	singhe:2	singhey:1
सिंचाई	sinchai:2	sichaee:1
सिंचित	sinchit:3
सिंजार	sinjaar:2	sinjar:1
सिंटेक्स	syndex:1	syntax:1	syntex:1
सिंडिकेट	syndicate:3
सिंडी	cindi:1	sindi:1	sindy:1
सिंड्रोम	syndrome:3
सिंथिया	sinthiya:2	sindhia:1
सिंथेटिक	synthetic:3
सिंथेसाइजर	synthesizer:3
सिंथेसिस	synthesis:3
सिंदूर	sindoor:2	sindur:2
सिंध	sindh:3
सिंधिया	sindhiya:3
सिंधी	sindhi:3
सिंधु	sindhu:3
सिंधुघोष	sindhughosh:2	sindhugosh:1
सिंपसन	simpson:2	simpasan:1
सिंह	singh:9	sinh:1	sinha:1
सिंहगढ़	singhgadh:1	singhgarh:1	sinhgarh:1
सिंहद्वार	singhdwaar:1	singhdwar:1	sinhdwar:1
सिंहपुर	singhpur:2	sinhpur:1
सिंहभूम	singhbhoom:1	singhbhum:1	sinhbhum:1
सिंहल	sinhal:2	singhal:1
सिंहला	singhla:1	sinhala:1	sinhla:1
सिंहली	sinhali:2	singhali:1
सिंहवाहिनी	singhvaahini:1	singhvahini:1	sinhvahini:1
सिंहा	sinha:2	singha:1
सिंहासन	sinhasan:2	singhasan:1
सिएटल	seattle:2	sietel:1
सिएन	cian:1	sean:1	sian:1
सिएरा	sierra:2	siera:1
सिकंदर	sikandar:2	sikander:1
सिकंदरा	sikandara:1	sikandra:1	sinkandra:1
सिकंदराबाद	secunderabad:2	sikandrabaad:1
सिकनेस	sickness:3
सिकरवार	sikarwar:2	sikarvar:1
सिकराय	sikray:2	sikraeye:1
सिकरी	sikri:2	sikari:1
सिकल	sikal:2	sickle:1
सिकुड़	sikud:3
सिकुड़ता	sikudta:3
सिकुड़न	sikudan:3
सिकुड़ने	sikudne:2	sikudaney:1
सिकुड़ा	sikuda:3
सिकुड़ी	sikudi:3
सिकुड़े	sikude:2	sikudey:1
सिकोड़	sikod:2	sikood:1
सिकोड़ने	sikodne:2	sikodaney:1
सिक्का	sikka:3
सिक्किम	sikkim:3
सिक्के	sikke:2	sikkey:1
सिक्कों	sikkon:3
सिक्ख	sikh:4	sikkh:2
सिक्खों	sikhon:3
सिक्युरिटी	security:3
सिक्यॉरिटी	security:3
सिक्योरिटी	security:3
सिक्रेट	secret:3
सिक्वल	sikkal:2	sequel:1
सिक्स	six:3
सिक्सर	sixer:3
सिक्सर्स	sixers:2	sixer:1
सिक्स्थ	sixth:2	sikasth:1
सिख	sikh:3
सिखा	sikha:2	sokha:1
सिखाई	sikhaee:1	sikhai:1	sikhayi:1
सिखाता	sikhata:2	sikhaata:1
सिखाते	sikhate:2	sikhaatey:1
सिखाना	sikhana:3
सिखाने	sikhane:2	sikhaaney:1
सिखाया	sikhaya:3
सिखायें	sikhayen:2	sikhaaein:1
सिखों	sikhon:3
सिख्स	sikhs:3
सिगनल	signal:3
सिगनलों	signalon:2	signallon:1
सिगनल्स	signals:3
सिगनेचर	signature:2	signeture:1
सिगरेट	cigarette:3
सिगरेटों	cigaretton:2	cigretton:1
सिग्नल	signal:3
सिग्नलों	signalon:3
सिग्मा	sigma:3
सिटी	city:3
सिटीग्रुप	citygroup:3
सिटीज	cities:2	citys:1
सिट्रिक	citric:3
सिडकुल	sidkul:3
सिडको	cidco:1	sidco:1	sidko:1
सिडनी	sydney:2	sidney:1
सित	sit:3
सितंबर	september:1	sitamber:1	sitanbar:1
सितारा	sitara:3
सितारे	sitare:2	sitaare:1
सितारों	sitaron:3
सिद्दीकी	siddiqui:2	siddiki:1
सिद्ध	siddh:6
सिद्धवट	siddhivat:1	siddhvat:1	siddhwat:1
सिद्धहस्त	siddhahast:1	siddhhast:1	siddhihast:1
सिद्धांत	siddhant:6
सिद्धांतो	siddhanton:2	siddhanto:1
सिद्धांतों	siddhanton:2	sidahnton:1
सिद्धार्थ	siddharth:3
सिद्धाश्रम	siddhashram:3
सिद्धि	siddhi:6	sidhi:1
सिद्धियाँ	siddhiyan:3
सिद्धियों	siddhiyon:2	siddiyon:1
सिद्धिविनायक	siddhivinayak:3
सिद्धू	sidhu:2	siddhu:1
सिद्धों	siddhon:3
सिध्दांतों	siddhanton:3
सिन	sin:2	scene:1
सिनाबंग	sinabang:3
सिने	cine:2	sine:1
सिनेप्स	synapse:3
सिनेमा	cinema:5	sinema:1
सिनेमाघर	cinemaghar:3
सिनेमाघरों	cinemagharon:3
सिन्हा	sinha:4	singha:1
सिपला	cipla:3
सिपाह	sipah:2	sipaha:1
सिपाहियों	sipahiyon:3
सिपाही	sipahi:3
सिप्पी	sippy:3
सिप्ला	cipla:2	sipla:1
सिफर	sifar:2	siphar:2
सिफ़ारिश	sifarish:2	sifaarish:1
सिफ़ारिशें	sifarishon:2	sifaarishen:1
सिफारिश	sifarish:4	sifaarish:1
सिफारिशें	sifaarishen:1	sifarishen:1	sifarishon:1
सिफारिशों	sifarishon:2	sifaarishon:1
सिब्ते	sibte:2	sibtey:1
सिब्बल	sibal:2	sibbal:2
सिम	sim:3
सिमगा	simga:3	simgaa:1
सिमट	simat:3
सिमटता	simatataa:1	simatta:1	simtata:1	simtataa:1
सिमटे	simate:2	cement:1
सिमडेगा	simdega:2	simadegaa:1
सिमर	simar:3
सिमरन	simran:3	simaran:1
सिमरिया	simaria:1	simariya:1	simriya:1
सिमरी	simari:2	simri:1
सिमी	simi:2	simmy:1
सिमुलेशन	simulation:3
सिमेन	simen:3	semen:1
सिमोन	simone:2	simon:1
सिम्स	sims:3
सियर	siyar:3
सियरा	ciara:1	sierra:1	siyara:1	siyra:1
सिया	siya:3	sia:1
सियाचिन	siachen:3
सियाचीन	siachen:2	siyachin:1
सियान	cyan:1	siyan:1	siyana:1
सियार	siyar:3
सियालकोट	sialkot:3
सियासी	siyasi:3
सियाह	siyah:2	siyaha:1
सियोल	seoul:2	siyol:1
सिर	sir:3
सिरका	sirka:3	siraka:1
सिरकार	sirkar:3	sirkaar:1
सिरदर्द	sirdard:6
सिरपुर	sirpur:3
सिरमौर	sirmaur:4
सिरस	cyrus:2	siras:2
सिरसा	sirsa:3	sirasa:1
सिरहाने	sirhane:2	sirhaane:1
सिरा	sira:3
सिराजुद्दौला	sirajuddaula:3
सिरिंज	syringe:3
सिरिल	siril:2	cyril:1
सिरीज	series:8
सिरे	sire:3
सिरों	siron:3
सिरोंज	sironj:3
सिरोही	sirohi:4
सिरौली	sirauli:3
सिर्फ	sirf:6
सिलवटें	silvaten:3
सिलवासा	silvasa:2	silvaasa:1	silvassa:1
सिलसिला	silsila:5
सिलसिले	silsile:3
सिला	sila:3
सिलाई	silai:2	silaai:1	silayi:1
सिलिंडर	cylinder:8
सिलिका	silika:2	silica:1
सिलिकॉन	silicon:2	silicone:1
सिलीसेढ़	siliserh:2	silised:1
सिलेंडरों	cylinderon:3
सिलेब्रिटी	celebrity:4
सिल्क	silk:7
सिल्की	silky:3
सिल्ली	silli:3
सिल्वर	silver:3
सिल्वा	silva:3
सिल्विया	silviya:2	silivaya:1
सिवनी	sivani:2	siwani:1
सिवरेज	sivrej:3
सिवा	siva:3
सिवान	siwan:3	sivan:1
सिवाना	siwana:2	sivana:1
सिवाय	sivay:2	sivaay:1
सिविल	civil:3
सिसई	sisai:3
सिसरो	cicero:1	sisaro:1	sisro:1
सिसली	sisali:2	sicily:1
सिसवा	siswa:2	sisva:1
सिसिली	sisili:2	sicily:1
सिसोदिया	sisodiya:2	sisodia:1
सिस्को	cisco:1	sisco:1	sisko:1
सिस्ट	sist:2	cyst:1
सिस्टम	system:10
सिस्टर	sister:3
सिहाग	sihag:3
सिहावा	sihava:3
सींग	sing:2	seeng:1
सींगों	singon:2	seengon:1
सीआइएस	cis:3
सीआई	ci:4
सीआईए	cia:3
सीआईएल	cil:3
सीआईएस	cis:3
सीआईडी	cid:6
सीआईसी	cic:3
सीआर	cr:3
सीआरएस	crs:3
सीआरपी	crp:4	srp:1
सीआरपीएफ	crpf:3	srpf:1
सीई	ce:3
सीईओ	ceo:5
सीईसी	cec:3
सीए	ca:3
सीएच	ch:3
सीएन	cn:3
सीएनएन	cnn:3
सीएनजी	cng:3
सीएनबीसी	cnbc:3
सीएफ	cf:3
सीएफए	cfa:2	cafa:1
सीएमई	cme:3
सीएमएस	cms:3
सीएल	cl:4
सीएस	cs:3
सीएसआइआर	csir:3
सीएसआई	csi:3
सीएसआईआर	csir:3
सीएसई	cse:3
सीएसए	csa:3
सीएससी	csc:3
सीओ	co:3
सीओडी	cod:3
सीओपीडी	copd:3
सीकर	sikar:3
सीकरी	sikri:2	sikari:1
सीके	sike:2	ck:1
सीक्रेट	secret:3
सीक्रेट्स	secrets:3
सीख	sikh:3
सीखचों	sikhachon:1	sikhacon:1	sikhchon:1
सीखती	sikhati:2	sikhti:1
सीखते	sikhate:2	sikhte:1
सीखना	sikhana:2	sikhna:1
सीखने	sikhane:2	sikhne:1
सीखा	sikha:3	sikhaa:1
सीखी	sikhi:3
सीखे	sikhe:3
सीखों	sikhon:3
सीचेवाल	seechewal:1	sicheval:1	sichewal:1
सीजर	caesar:1	seizure:1	sizzer:1
सीज़न	season:3
सीजी	cg:3
सीट	seat:3
सीटीसी	ctc:3
सीटू	seatu:2	situ:1
सीटें	seaten:3
सीडान	sidan:2	cedan:1
सीडी	cd:4	sidi:3
सीडीपीओ	cdpo:3
सीड्स	seeds:2	cds:1
सीढ़ियों	sidhiyon:2	sidhsyon:1
सीढ़ी	sidhi:3
सीढ़ीनुमा	sidhinuma:3
सीता	seeta:3	sita:3
सीताकुंड	sitakund:3
सीताजी	sitaji:3
सीतापुर	sitapur:3
सीताफल	sitafal:3
सीतामऊ	sitamau:2	sitamauu:1
सीतामढ़ी	sitamadhi:1	sitamani:1	sitamarhi:1
सीतारमन	sitaraman:2	sitarman:1
सीतारमैया	sitarmaiya:1	sitarmaiyya:1	sitarmayya:1
सीताराम	sitaram:3
सीताहरण	sitaharan:3
सीधा	sidha:2	seedha:1
सीधी	sidhi:2	seedhi:1
सीधे	sidhe:2	seedhey:1
सीन	scene:2	seen:1
सीना	sina:2	seena:1
सीनियर	senior:3
सीने	sine:2	sceney:1
सीनेट	senat:1	senate:1	sinet:1
सीनेटर	senator:2	sineter:1
सीप	seep:2	cip:1
सीपी	cp:2	sipi:1
सीपीआर	cpr:3
सीपीई	cpi:2	cpe:1
सीपीएम	cpm:3
सीपीएस	cps:3
सीपीयू	cpu:3
सीबीआई	cbi:3
सीबीएन	cbn:3
सीबीएफसी	cbfc:3
सीबीएस	cbs:3
सीबीएसई	cbse:3
सीबीटी	cbt:3
सीबीसी	cbc:3
सीम	sim:2	seem:1
सीमा	seema:5	sema:1	sima:1
सीमांत	simant:2	seemant:1
सीमाएं	seemaein:1	seemaen:1	simayn:1
सीमाओं	simao:2	seemaon:2	simaon:1
सीमापुरी	seemapuri:2	simapuri:1
सीमाब	seemaab:1	seemab:1	simab:1
सीमारेखा	seemarekha:2	simarekha:1
सीमावर्ती	seemavarti:2	simavarti:1
सीमेंट	cement:3
सीमेंस	siemens:2	semens:1
सीयर	siyar:2	ciyar:1
सीर	sir:2	seer:1
सीरप	cyrup:1	sirap:1	syrup:1
सीरम	cyrum:1	serum:1	siram:1
सीरियल	serial:3
सीरियलों	searialon:1	serialon:1	siriyalon:1
सीरियल्स	serials:2	searials:1
सीरिया	syria:2	seriya:1
सीरियाई	siriyai:1	syriaee:1	syriyai:1
सीरीज	series:3
सील	seal:2	sil:1
सीलन	sealan:1	silan:1	silen:1
सीलिंग	sealing:2	ciling:1
सीलों	sealon:2	silon:1
सीलोन	ceylon:1	sealon:1	shilon:1
सील्ड	sealed:2	shield:1
सीवीडी	cvd:3
सीवीसी	cvc:3
सीवेज	seavage:1	sevage:1	sewage:1
सीस	sees:2	seas:1	sis:1
सीसी	cc:3
सीसीआई	cci:3
सीसीएम	ccm:3
सीसीडी	ccd:3
सीसे	sise:3
सीहोर	sehore:2	sihor:1
सुंग	sung:3
सुंगध	sagandh:1	sugandh:1	sungdh:1
सुंदरता	sundarta:2	sundarata:1
सुंदरपुर	sundarpur:3
सुंदरी	sundari:3
सुअर	suar:3
सुइट	suit:2	suite:1
सुइट्स	suits:2	suites:1
सुइसाइड	suicide:3
सुई	sui:3
सुए	sua:1	suy:1	suye:1
सुकन्या	sukanya:3
सुकमा	sukama:2	sukma:1
सुकरात	sukarat:2	sukrat:1
सुकुमार	sukumar:3
सुकुमारन	sukumaran:3
सुकून	sukun:2	sakun:1	sukoon:1
सुख	sukh:3
सुखद	sukhad:2	sukhd:1
सुखदा	sukhda:2	sukhada:1
सुखदायक	sukhdayak:3
सुखदेव	sukhdev:3
सुखबीर	sukhbeer:2	sukhbir:1
सुखा	sukha:6
सुखांत	sukhant:3
सुखाकर	sukhakar:3
सुखाते	sukhate:3
सुखाने	sukhane:3
सुखी	sukhi:3
सुखों	sukhon:3
सुखोई	sukhoi:3
सुगंध	sugandh:3
सुगंधित	sugandhit:3
सुगठित	sugathit:3
सुगबुगाहट	sugbugahat:3
सुगम	sugam:3
सुगमता	sugamata:2	sugmta:1
सुगौली	sugauli:3
सुग्गा	sugga:3
सुग्रीव	sugriv:2	sugreev:1
सुघड़ता	sughadata:1	sughadta:1	sughdata:1
सुघर	sughar:3
सुचारु	sucharu:3
सुचारू	sucharu:3
सुचालक	suchalak:3
सुचिंतित	suchintit:3
सुचित	suchit:3
सुचित्रा	suchitra:3
सुची	suchi:3
सुजय	sujay:3
सुजलॉन	suzlon:3
सुजा	suja:3
सुजाता	sujata:3
सुजान	sujaan:2	sujan:1
सुजानगढ़	sujangarh:3
सुजी	suji:3
सुजीत	sujit:2	sujeet:1
सुजुकी	suzuki:3
सुजेन	sujan:1	sujen:1	suken:1
सुजैन	sujain:3
सुझा	sujha:3
सुझाई	sujhai:3
सुझाती	sujhati:3	sujhaati:1
सुझाना	sujhana:3	sujhaanaa:1
सुझाया	sujhaya:3
सुझाव	sujhav:2	sujhaav:1
सुझावों	sujhavon:3
सुतली	sutali:3	sutli:3
सुता	suta:3
सुथरा	suthra:2	suthara:1
सुथार	suthar:3
सुदन	sudan:3
सुदर्शन	sudarshan:6
सुदामा	sudama:3
सुदिप्ता	sudipta:3
सुदी	sudi:3
सुदीप	sudip:2	sdueep:1
सुदूर	sudur:2	sudoor:1
सुदूरवर्ती	sudurvarti:2	suduravarti:1
सुधर	sudhar:3
सुधरने	sudharane:1	sudharney:1	sudhrane:1
सुधरा	sudhara:3
सुधरी	sudhari:2	sudhri:1
सुधरे	sudhare:1	sudharey:1	sudhre:1
सुधर्मा	sudharma:3
सुधा	sudha:3
सुधाकर	sudhakar:3
सुधार	sudhar:2	sudhaar:1
सुधारक	sudharak:3
सुधारकों	sudharakon:2	sudharkon:1
सुधारगृह	sudhaargrah:1	sudhargrih:1	sudhargruh:1
सुधारता	sudhaarata:1	sudharata:1	sudharta:1
सुधारते	sudharte:2	sudhaaratey:1
सुधारने	sudharne:2	sudhaaraney:1
सुधारा	sudhara:3
सुधारात्मक	sudharatmak:3
सुधारे	sudhare:2	sudhaarey:1
सुधारों	sudharon:2	sudhaaron:1
सुधीर	sudheer:2	sudhir:1
सुधीश	sudhish:2	sudheesh:1
सुन	sun:3
सुनंदा	sunanda:3
सुनकर	sunkar:3
सुनता	sunta:2	sunata:1
सुनते	sunte:2	sunatey:1
सुनना	sunna:2	sunnana:1
सुननी	sunani:1	sunnani:1	sunni:1
सुनने	sunane:1	sunnaney:1	sunne:1
सुनवाइयों	sunvaeiyon:1	sunvaiyon:1	sunvayiyon:1
सुनवाई	sunvaee:1	sunvai:1	sunvayi:1
सुनवाए	sunvae:1	sunvaeye:1	sunvaye:1
सुनसरी	sunsari:3
सुनहरा	sunhara:2	sunehra:1
सुनहरी	sunhari:2	sunahri:1
सुनहरे	sunahare:2	sunahre:1	sunhare:1	sunharey:1
सुना	suna:3
सुनाई	sunai:2	sunaee:1	sunayi:1
सुनाता	sunata:3
सुनाती	sunati:2	sunaati:1
सुनाते	sunate:2	sunaatey:1
सुनाना	sunana:2	sunaana:1
सुनाने	sunane:2	sunaaney:1
सुनामी	sunami:2	tsunami:1
सुनाया	sunaya:3
सुनार	sunar:2	sunaar:1
सुनारी	sunari:3
सुनारों	sunaron:2	sunaaron:1
सुनासीर	sunaseer:2	sunasir:1
सुनिधि	sunidhi:3
सुनियोजित	suniyojit:3
सुनिश्चित	sunishchit:5	sunichhit:1	sunischit:1
सुनिश्चितता	sunichhitta:1	sunishchitata:1	sunishchittata:1
सुनी	suni:3
सुनीत	sunit:2	suneet:1
सुनीता	sunita:2	suneeta:1
सुनीति	suniti:2	suneeti:1
सुनील	sunil:3
सुने	sune:2	suney:1
सुनेगा	sunega:2	suneyga:1
सुनो	suno:3
सुन्न	sunna:2	sunn:1
सुन्नियों	sunniyon:3
सुन्नी	sunni:3
सुपर	super:3
सुपरकंप्यूटर	supercomputer:3
सुपरनोवा	supernova:3
सुपरमार्केट	supermarket:6
सुपरमैन	superman:2	supermen:1
सुपरसोनिक	supersonic:3
सुपरस्टार	superstar:3
सुपरस्पोर्ट	supersport:2	supersupport:1
सुपरहिट	superhit:3
सुपरहीरो	superhero:3
सुपरिचित	suparichit:3
सुपरिभाषित	suparibhashit:2	supribhashit:1
सुपर्णा	suparna:2	superna:1
सुपाच्य	supachy:1	supachya:1	supachye:1
सुपारी	supari:3
सुपीरियर	superior:3
सुपुत्र	supurtra:1	suputr:1	suputra:1
सुपुत्री	suputri:3
सुपुर्द	supurd:3
सुप्त	supt:2	supta:1
सुप्रभा	suprabha:3
सुप्रसिद्ध	suprasiddh:3
सुप्रिया	supriya:3
सुप्रियो	supriyo:3
सुप्रीम	supreme:5
सुफल	sufal:3
सुबह	subah:3	subeh:1
सुबाहु	subahu:3
सुबीर	subir:3	subeer:1
सुबोध	subodh:3
सुब्बाराव	subbarao:2	subbarav:1
सुब्रह्मण्य	subramania:1	subramanya:1	subramanyam:1
सुब्रह्मण्यन	subrahmanyan:1	subramanyam:1	subramanyan:1
सुब्रह्मण्यम	subramanyam:2	subramanian:1
सुभद्रा	subhadra:3
सुभरीत	subhreet:2	subhrit:1
सुभाय	subhay:3	subhaay:1
सुभारती	subharti:2	subharati:1
सुभाष	subhash:2	shubhash:1
सुभाषचंद्र	subhashchandra:2	shubhashchandra:1
सुभाषितों	subhashiton:3
सुमंत्र	sumantra:2	sumantr:1
सुमन	suman:3
सुमात्रा	sumatra:3
सुमावली	sumavali:1	sumavli:1	sumawali:1
सुमित	sumit:3
सुमित्रा	sumitra:3
सुमित्रानंदन	sumitranandan:3
सुमीत	sumit:3
सुमेध	sumedh:2	sumegh:1
सुमेर	sumer:3
सुमेरपुर	sumerpur:3
सुमेरु	sumeru:3
सुमेरू	sumeru:3
सुयोग्य	suyogy:3
सुर	sur:3
सुरंग	surang:6
सुरंगा	suranga:3
सुरंगें	surangen:3
सुरंगों	surangon:2	surango:1
सुरक्षा	suraksha:6
सुरक्षात्मक	surakshatmak:3
सुरक्षित	surkshit:4	surakshit:5
सुरज	suraj:6	sooraj:1
सुरजन	surjan:3
सुरजेवाला	surjewala:2	surajevala:1
सुरत	surat:2	sura:1
सुरती	surati:3
सुरपुर	surpur:3
सुरमा	surma:3
सुरम्य	surmya:2	surmy:1
सुरवीन	survin:2	surveen:1
सुरसंड	sursand:3
सुरसा	surasa:2	sursa:1
सुरही	surahi:3
सुरा	sura:3
सुराग	surag:3
सुराजी	suraji:3
सुराणा	surana:3
सुरिंदर	surinder:4
सुरी	suri:3
सुरीला	surila:3
सुरु	suru:3
सुरुचिपूर्ण	suruchipoorn:2	suruchipurn:1
सुरेंद्र	surendra:5	surendar:1
सुरेंद्रनाथ	surendranath:2	surendrnath:1
सुरेश	suresh:5
सुरों	suron:3
सुर्ख	surkh:3
सुर्खियों	surkhiyon:3
सुलखान	sulkhan:3
सुलग	sulag:3
सुलगते	sulagte:2	sulagate:1
सुलझ	sulajh:2	sulaz:1
सुलझा	suljha:2	sulaza:1	suljhaa:1
सुलझाई	suljaayi:1	suljayi:1	suljhai:1	sulzai:1
सुलझाना	sulajhata:1	suljhaana:1	suljhaanaa:1	suljhana:1
सुलझाने	suljhane:2	suljhaane:1	sulzane:1
सुलझाया	suljhaya:2	suljhaaya:1	suljhaayaa:1	suljhayaa:1
सुलझी	suljhi:2	sulzi:1
सुलतान	sultan:2	sultana:1
सुलताना	sultana:3
सुलतानों	sultanon:2	sultaanon:1	sulzanon:1
सुलभ	sulabh:3
सुलह	sulah:2	sulh:1
सुला	sula:3
सुलाती	sulati:3	sulaati:1
सुलाने	sulane:3	sulaane:1
सुलावेसी	sulavesi:2	sulawesi:1
सुलेमान	suleman:3
सुलोचना	sulochna:2	sulochana:1
सुल्तान	sultan:3
सुल्तानपुर	sultanpur:6
सुल्तानपुरी	sultanpuri:2	siltanpuri:1
सुल्ताना	sultana:3
सुवर्ण	subarna:1	suvarn:1	suvran:1
सुवान	suvan:3
सुवासित	suvasit:3
सुविख्यात	suvikhyat:3
सुविचारित	suvicharit:3
सुविदित	suvidit:3
सुविधा	suvidha:4
सुविधाएं	suvidhaen:4	suvidhayen:3
सुविधाओं	suvidhaon:6
सुविधाजनक	suvidhajanak:3
सुविधानुसार	suvidhanusar:2	suvidhaanusar:1
सुविधापूर्ण	suvidhapuran:2	suvidhapurna:1
सुशांत	sushant:3
सुशासन	sushasan:3
सुशी	sushi:3
सुशील	sushil:3	susheel:2
सुशीला	sushila:3	susheela:2
सुशोभित	sushobhit:3
सुश्री	sushri:3	sushree:1
सुश्रुत	sushrut:2	sukshut:1
सुषमा	sushma:3
सुषुप्त	sushupt:2	sushupta:1
सुषुप्तावस्था	sushuptavastha:2	sushuptaavstha:1
सुष्मिता	sushmita:3
सुसंगठित	susangathit:3
सुसंगत	susangat:3
सुसंस्कृत	susanskrit:2	susanskrut:1
सुसज्जित	susajjit:3
सुसन	susan:3
सुसमाचार	susamachar:2	susmachar:1
सुस्त	sust:2	susta:1
सुस्ती	susti:3
सुस्पष्ट	suspasht:3
सुस्वादु	suswadu:2	susvadu:1
सुहाग	suhaag:3	suhag:2
सुहागिन	suhagin:3
सुहागिनें	suhaginen:3
सुहाता	suhata:3
सुहाना	suhana:3
सुहैल	suhail:3
सूंघ	sungh:3
सूंघकर	sunghkar:3
सूंड	sund:3
सूंड़	sund:2	soond:1
सूअर	suar:3
सूअरों	suaron:3
सूइयां	suiyan:3
सूइयों	suiyon:3
सूई	sui:3
सूक्त	sukt:4	sookta:2
सूक्ति	sukti:2	sukit:1
सूक्तियों	suktiyon:3
सूक्तों	sukton:3
सूक्ष्म	suksham:3
सूक्ष्मता	sukshmta:3
सूक्ष्मदर्शी	sukshamdarshi:2	sukshmdarshi:1
सूख	sukh:3
सूखता	sukhta:2	sukhata:1	sukhataa:1
सूखती	sukhti:2	sukhati:1
सूखते	sukhte:2	sukhate:1
सूखना	sukhna:2	sukhana:1	sukhanaa:1
सूखने	sukhne:2	sukhane:1
सूखा	sukha:2	sukhaa:1
सूखाकर	sukhakar:3
सूखापन	sukhapan:3
सूखी	sukhi:3
सूखे	sukhe:3
सूचक	suchak:4	soochak:2
सूचकों	suchakon:2	suchkon:1
सूचना	suchna:2	suchana:1
सूचनाएं	suchanayen:1	suchnaen:1	suchnayen:1
सूचनाऐं	suchnayen:2	suchnaen:1
सूचनाओं	suchnaon:3	suchanaon:1
सूचनापट्ट	suchnapatt:2	soochnapatt:1
सूचनार्थी	soochnarthi:1	suchanarthi:1	suchnarthi:1
सूचित	suchit:2	soochit:1
सूचियां	suchiyan:2	soochiyan:1
सूचियों	suchiyon:2	soochiyon:1
सूची	suchi:3	soochi:1
सूचीबद्ध	suchibaddh:2	soochibadh:1
सूजन	sujan:2	soojan:2
सूजा	sooja:2	suja:2
सूजी	suji:3	sooji:1
सूजे	suje:2	sooje:1
सूझबूझ	soojhboojh:2	suzbuz:2	soojhbhooj:1	soojhbhoojh:1
सूझा	soojha:1	sujha:1	suza:1
सूझी	soojhi:1	sujhi:1	suzi:1
सूट	suit:2	sut:1
सूडान	sudan:3
सूत	sut:2	soot:1
सूतक	sutak:2	sootak:1
सूतजी	sootjee:1	sootji:1	sutaji:1	sutji:1
सूती	suti:2	sooti:1
सूत्र	sutra:4
सूत्रधार	sutradhar:3
सूत्रधारों	sutradharon:3
सूत्रपात	sutrapat:3
सूत्रा	sutra:3
सूत्री	sutri:3	sootri:1
सूत्रीकरण	sutrikaran:3	sootrikaran:1
सूत्रों	sutron:3	sootron:1
सूद	sood:2	sud:2
सूदूर	sudur:3
सूने	sune:2	soone:1
सूप	soup:3
सूफी	sufi:3
सूफीवाद	sufivad:2	sufiwad:1
सूबा	suba:3
सूबे	sube:3
सूबेदार	subedar:2	subedaar:1
सूमो	sumo:3
सूरज	suraj:7	sooraj:1
सूरजमल	surajmal:3
सूरजमुखी	surajmukhi:3
सूरत	surat:5
सूरतगढ़	suratgarh:3
सूरदास	surdas:3
सूरी	suri:3
सूरीनाम	surinaam:1	surinama:1	suriname:1
सूर्य	surya:5	sury:2
सूर्यकांत	suryakant:5	surykant:1
सूर्यदेव	suryadev:3
सूर्यमंडल	suryamanda:1	suryamandal:1	surymandal:1
सूर्यवंशम	sooryavamsham:1	sooryavansham:1	suryavansham:1
सूर्यवंशी	suryavanshi:5	suryawanshi:1
सूर्या	surya:5	suryaa:1
सूर्यास्त	suryast:2	suryasta:1
सूर्योदय	suryoday:2	suryodaya:1
सूली	suli:3	sooli:1
सृजन	srijan:2	srujan:1
सृजनशील	srijansheel:1	srijanshil:1	srujanshil:1
सृजनात्मक	srijanatmak:2	srujanatmak:1
सृजित	srijit:2	srujit:1
सृष्टि	srushti:6	srishti:2	srshti:1
से	se:3	say:1
सेंट	saint:4	cent:1	sent:1
सेंटर	center:3	centre:1
सेंटर्स	centers:2	centres:2
सेंटा	centa:1	santa:1	senta:1
सेंटीग्रेट	centigrade:2	sentigrate:1
सेंटीग्रेड	centigrade:1	centigrades:1	sentigrade:1
सेंटीमीटर	centimeter:2	sentimeter:1
सेंट्रल	central:3
सेंथिल	senthil:2	senthi:1
सेंध	sendh:3
सेंधमारी	sendhmari:3
सेंधा	sendha:3
सेंमी	semi:2	senmi:1
सेंवई	senvai:2	sevai:1
सेंस	sense:3
सेंसर	censor:2	sensor:2
सेंसरशिप	censorship:2	sensorship:1
सेंसरों	censaron:1	censoron:1	sensoron:1
सेंसर्स	sensors:3	censors:1
सेंसिंग	sensing:3
सेंसेक्स	sensex:3
सेंसेटिव	sensitive:2	sensetive:1
सेंसेशन	sensation:2	sensesion:1
सेकंड	second:4
सेकुलर	secular:3
सेकेंडरी	secondary:3
सेकेंडों	secendon:2	secondon:1
सेकेट्री	secretary:3
सेक्टर	sector:3
सेक्रेट्री	secretary:3
सेक्शन	section:3
सेक्स	sex:7
सेक्सी	sexy:7
सेक्सुअल	sexual:3
सेगमेंट	segment:3
सेजल	sejal:3
सेट	set:4
सेटअप	setup:6
सेटरडे	saturday:3
सेटलमेंट	settlement:3
सेटलाइट	satellite:2	satelite:1
सेटिंग	setting:4
सेटिंग्स	settings:3
सेटी	seti:3
सेटेलाइट	satellite:5	satelite:1
सेटो	seto:3
सेटों	seton:2	setton:1
सेट्स	sets:3
सेठ	seth:3
सेठना	sethna:2	sethana:1
सेठी	sethi:3
सेडान	sedan:3
सेती	seti:3
सेतु	setu:3
सेतुबंध	setubandh:2	setubandhu:1
सेतू	setu:3
सेथ	seth:3
सेन	sen:3
सेनगुप्ता	sengupta:3
सेना	sena:6
सेनाएं	senaayein:1	senaen:1	senayan:1
सेनाओं	senaon:2	senaaon:1
सेनानियों	senaniyon:2	senaaniyon:1
सेनानी	senani:3
सेनापति	senapati:3
सेनापतित्व	senapatitva:2	senapatitv:1
सेनेगल	senegal:3
सेन्य	senya:3
सेप्टा	septa:2	seshta:1
सेफ	safe:3
सेफ़्टी	safety:2	sefety:1
सेफ्टी	safety:3
सेब	seb:3
सेबास्टियन	sebastian:2	sebastiyan:1
सेबी	sebi:2	seby:1
सेबों	sebon:3
सेम	same:2	sem:1
सेमरिया	semaria:1	semariya:1	semriya:1
सेमल	semal:3
सेमिन	semin:2	semen:1
सेमिनरी	seminari:2	seminary:1
सेमिनार	seminar:3
सेमिफाइनल	semifinal:3
सेमिस्टर	semester:2	semister:1
सेमी	semi:4
सेमीकंडक्टर	semiconductor:3
सेमीफाइनल	semifinal:7
सेर	ser:6
सेराज	seraj:3
सेरी	seri:3
सेरेना	serena:4
सेरेमिक	ceramic:4
सेल	sel:3	sale:8	cell:1
सेलांगोर	selangor:3
सेलिब्रिटी	celebrity:3	celebriti:1
सेलीना	selina:2	celina:1
सेलों	selon:2	cello:1
सेल्टिक	celtic:2	seltik:1
सेल्फ	self:3
सेल्फी	selfie:3
सेल्युलर	cellular:2	celular:1
सेल्स	sales:2	sels:1
सेल्सियस	celsius:5	selsius:1
सेव	save:3	sev:1
सेवक	sevak:3	sewak:1
सेवकों	sevakon:3	sevkon:1
सेवढ़ा	sevadha:2	sevdha:1
सेवन	sevan:3	seven:1
सेवा	seva:7
सेवाएं	sevaen:4	sevayen:1
सेवाओं	sevaon:3	sevaaon:2
सेवानिवृत	sevanivrit:2	sevanvrit:1
सेवानिवृत्त	sevanivritt:2	sevanivritta:1
सेवानिवृत्ति	sevanivritti:3
सेवाभावी	sevabhavi:2	sevabhaavi:1
सेवारत	sevarata:2	sevarat:3
सेवार्थ	sevaarth:1	sevarth:1	sevartha:1
सेवाश्रम	sevashram:3
सेविंग	saving:3
सेविकाएं	sevaikaayen:1	sevikayan:1	sevikayen:1
सेवित	sevit:3
सेवियों	seviyon:3
सेविला	sevila:2	sevilla:1
सेवी	sevi:3	savy:1
सेवॉय	sevoy:3
सेव्ड	saved:2	sevad:1
सेशंस	sessions:3
सेसना	sesana:1	sesanaa:1	sesna:1
सेहत	sehat:3
सेहतमंद	sehatmand:3
सैंकड़ों	saikdon:1	sainkadon:1	secondon:1
सैंट	saint:3	cent:1
सैंटर	center:3
सैंटोस	centos:2	santos:1
सैंड	sand:2	send:1
सैंडल	sandal:3
सैंडविच	sandwich:5	sandwitch:1
सैंड्रा	sandra:2	sendra:1
सैंतालीस	saintalis:2	saitalis:1
सैक	saik:2	sake:1
सैकंड	second:3
सैकड़े	saikade:1	saikde:1	sainkade:1
सैकड़ों	saikadon:1	saikdon:1	sainkadon:1
सैकडो	saikado:2	saikdo:1
सैकत	saikat:2	saket:1
सैटर्न	saturn:2	suturn:1
सैटलाइट	satellite:3
सैटिंग	setting:3
सैटेलाइट	satellite:5	satelite:1
सैदपुर	saidpur:2	sedpur:1
सैद्धांतिक	saidhantik:2	saiddhantik:1
सैन	san:3	sen:2	sain:1
सैनिक	sainik:6
सैनिकों	sainikon:3
सैनिटरी	sanitary:3
सैनी	saini:3
सैन्य	sainya:7	sainy:2
सैन्यदल	sainyadal:2	sainydal:1
सैन्यशक्ति	sainyashakti:2	sainyshakti:1
सैफ	saif:4
सैफुद्दीन	saifuddin:3
सैम	sam:2	sem:1
सैमसंग	samsung:5	sumsung:1
सैमी	sami:1	samy:1	semi:1
सैम्युल्स	samuels:3
सैम्यूल	samuel:2	saimul:1
सैयद	syed:2	sayad:1
सैयदना	saiyadna:1	saydna:1	syandana:1
सैर	sair:3
सैरगाह	sairgah:2	sargah:1
सैलरी	salary:6	celery:1
सैलानियों	sailaniyon:3
सैलानी	sailana:1	sailani:1	salary:1
सैलून	salon:2	sailun:1
सैल्यूट	salute:3
सॉ	saw:2	sa:1
सॉकर	sakar:1	socar:1	soccer:1
सॉकेट	socket:3
सॉन्ग	song:7
सॉन्ग्स	songs:3
सॉफ़्टवेयर	software:3
सॉफ्ट	soft:3
सॉफ्टवेअर	software:3
सॉफ्टवेयर	software:5
सॉफ्टवेयरों	softwaron:2	softweyron:1
सॉफ्टवेयर्स	softwares:2	software:1
सॉलिसिटर	solicitor:3
सॉलीसिटर	solicitor:3
सॉल्ट	salt:2	solt:1
सॉस	sauce:2	sos:1
सॉसेज	sausage:2	soses:1
सो	so:6
सोंटा	sonta:3
सोंधी	sondhi:3
सोई	soi:3
सोए	soye:3
सोएं	soyen:3
सोख	sokh:3
सोच	soch:3
सोचकर	sochkar:3
सोचता	sochta:2	sochata:1
सोचती	sochati:2	sochti:1
सोचते	sochate:2	sochte:1
सोचना	sochana:2	sochna:1
सोचने	sochane:2	sochne:1
सोचा	socha:2	sochaa:1
सोची	sochi:3
सोचें	sochen:3
सोजत	sojat:3
सोडा	soda:3
सोडियम	sodium:3
सोडे	sode:3
सोढ़ी	sodhi:2	sodi:1
सोता	sota:3
सोते	sote:3
सोतों	soton:3
सोन	son:6	saun:1
सोनगरा	songara:3
सोनपुर	sonpur:3
सोनभद्र	sonbhadra:3
सोनम	sonam:4
सोना	sona:7
सोनाक्षी	sonakshi:6
सोनाली	sonali:6
सोनिया	sonia:5	soniya:2
सोनी	sony:5	soni:4
सोनीपत	sonipat:3
सोनू	sonu:6
सोने	sone:7
सोनो	sono:3
सोनोग्राफर	sonographer:3
सोनोग्राफी	sonography:3
सोनौली	sonauli:2	sonoli:1
सोप	shope:1	soap:1	sop:1
सोपान	sopan:3
सोपानों	sopanon:3
सोपारा	sopara:3
सोफिया	sofia:2	sophia:2	sofiya:1
सोफी	sofi:3	sophie:1
सोफे	sofe:2	sophe:1
सोफ्टवेयर	software:3
सोबती	sobati:2	sobti:1
सोम	som:3
सोमदेव	somdev:3
सोमन	soman:3
सोमनाथ	somnath:3
सोमपाल	sompal:3
सोमवार	somwar:5	somvar:1
सोमा	soma:2	spma:1
सोमान	soman:3
सोमालिया	somalia:2	somaliya:1
सोमालियाई	somaliyai:2	somalia:1
सोमी	somi:3
सोमेश्वर	someshwar:2	someshver:1
सोमैया	somaiya:3
सोय	soy:3
सोयत	soyat:3
सोया	soya:3
सोयाबीन	soybean:2	soyabean:1
सोरम	soram:2	sorm:1
सोराबजी	sorabjee:2	sorabji:1
सोरेंसन	sorenson:3
सोरेनसन	sorenson:2	sorensen:1
सोर्स	source:2	soras:1
सोल	sol:2	sole:1	soul:1
सोलंकी	solanki:8
सोलन	solan:2	solen:1
सोलर	solar:3
सोलह	solah:3
सोलहवां	solahavan:2	solhavan:1
सोलहवीं	solahvin:2	solahavin:2	solhavin:1
सोलहवें	solahaven:2	solhaven:1
सोलिटेयर	solitaire:3
सोलो	solo:3
सोलोमन	soloman:2	solomon:1
सोल्जर	soldier:3
सोल्यूशन	solution:3
सोवियत	soviet:4	soviyat:3
सोशल	social:2	soshal:1
सोशलिज्म	socialism:2	socialization:1
सोशलिस्ट	socialist:3
सोशियोलॉजी	sociology:3
सोसाइटी	society:3
सोसाइटीज	societies:3
सोसायटी	society:3
सोहन	sohan:3
सोहबत	sohbat:2	sohabat:1
सोहर	sohar:3
सोहराई	sohrai:2	soharai:1
सोहराब	sohrab:2	soharab:1
सोहावल	sohawal:2	sohaval:1
सोहेल	sohel:2	sohail:1
सौ	sau:3
सौंदर्य	saundarya:4	saundry:1	soundarya:1
सौंप	saunp:2	sonp:1
सौंपने	saunpane:2	sonpne:1
सौंपा	saunpa:2	sonpa:1
सौंपी	saunpi:2	sonpi:1
सौंपे	saunpe:2	sonpe:1
सौतेला	sautela:2	soutela:1
सौतेली	sauteli:2	sautela:1
सौतेले	sautele:3
सौदा	sauda:2	soda:1
सौदान	saudaan:1	saudan:1	sodan:1
सौदे	saude:2	sode:1
सौदेबाजी	saudebaji:2	saudebazi:1
सौदों	saudon:2	sodon:1
सौप	saup:2	sap:1	sope:1
सौभाग्य	saubhagya:3	saubhagy:1	sobhagya:1
सौभाग्यवती	saubhagyavati:1	saubhagyvati:1	sobhagyavati:1
सौभाग्यवश	saubhagyavash:1	saubhagyvash:1	sobhagyavash:1
सौभाग्यशाली	saubhagyashali:1	saubhagyshali:1	subhagyashali:1
सौम्य	saumy:1	somay:1	soumy:1
सौम्यता	saumyataa:1	somyta:1	soumyata:1
सौर	saur:1	sor:1	sour:1
सौरमंडल	saurmandal:1	sormandal:1	sourmandal:1
सौरव	saurav:4	sourav:2	sorav:1
सौष्ठव	saushthav:1	saushthv:1	soushathav:1
सौहार्द	sauhard:1	sauharda:1	souharda:1
सौहार्दपूर्ण	sauhardapurn:1	sauhardpurn:1	souhardapurn:1
स्कंद	skand:3
स्कंदगुप्त	skandgupt:2	skandagupta:1
स्कंदमाता	skandmata:3
स्कंध	skandh:6
स्कर्ट	skirt:3
स्काइप	skype:2	skaip:1
स्काई	sky:3
स्काईस्क्रेपर	skyscraper:2	skyskraper:1
स्काउट	scout:3
स्काला	scala:2	skala:1
स्काॅटिश	scottish:2	scotish:1
स्किनर	skinner:3
स्किप	skip:3
स्किल	skill:3
स्की	ski:3
स्कीइंग	skiing:3
स्कीम	scheme:3
स्कीमें	schemen:3
स्कीमों	schemon:3
स्कूटरों	scootaron:1	scooteron:1	skootaron:1
स्कूप	scoop:2	skoop:1
स्कूल	school:4
स्कूलिंग	schooling:3
स्कूली	schooli:2	skooli:1
स्कूलों	schoolon:4
स्केच	sketch:3
स्केचिंग	sketching:3
स्केट	skate:2	sket:1
स्केटबोर्ड	skateboard:3
स्केटर	skater:3
स्केटिंग	skating:2	sketing:1
स्केरी	scary:2	skeri:1
स्केल	skel:2	scale:3
स्केलिंग	scaling:2	scylling:1
स्कैंडलों	scandalon:2	skaendalon:1
स्कैंडिनेविया	scandinavia:3
स्कैन	scan:3
स्कैनर	scanner:3
स्कैनर्स	scanners:3
स्कैनिंग	scanning:2	scaining:1
स्कॉच	scotch:3
स्कॉट	scott:2	scot:2
स्कॉटलैंड	scotland:3
स्कॉटिश	scottish:2	scotish:1
स्कॉर्पियो	scorpio:3
स्कॉलर	scholar:3
स्कॉलर्स	scholars:3
स्कोटिश	scottish:2	scotish:1
स्कोर	score:4
स्कोरिंग	scoring:3
स्कोर्स	scores:3
स्क्रबर	scrubar:1	scrubber:1	scruber:1
स्क्रिप्ट	script:2	scrisht:1
स्क्रिप्टिंग	scripting:2	scrishting:1
स्क्रिप्ट्स	scripts:2	scrishts:1
स्क्रीन	screen:2	skin:1
स्क्रीनशॉट	screenshot:3
स्क्रीनिंग	screening:3
स्क्रूवाला	screwvala:1	scrowwala:1	skroovaala:1
स्क्रैपर	scraper:3
स्क्लेरोडर्मा	scleroderma:3
स्क्वाट	squat:3
स्क्वाड्रन	squadron:3
स्क्वाड्रनों	skvadranon:1	squadrono:1	squadronon:1
स्क्वायड	squad:2	squared:1
स्क्वायर	square:2	squire:1
स्क्वाश	squash:3
स्क्वैश	squash:3
स्खलन	skhalan:3
स्खलित	skhalit:3
स्टंट	stunt:3
स्टंट्स	stunts:2	stantec:1
स्टंप	stump:3
स्टंपिंग	stumping:3
स्टटगार्ट	stuttgart:3
स्टड	stud:2	stad:1
स्टडी	study:3	steady:1
स्टडीज	studies:3
स्टफ	stuff:3
स्टब	stub:2	staba:1
स्टर	ster:2	star:1
स्टर्न	stern:2	sturn:1
स्टर्लिंग	sterling:2	starling:1
स्टाइल	style:3
स्टाइलस	styles:1	stylish:1	stylus:1
स्टाइल्स	styles:3
स्टाफ	staff:3
स्टायरिस	styris:2	stories:1
स्टार	star:3
स्टारडस्ट	stardust:3
स्टारर	starr:1	starrer:1	starter:1
स्टार्क	stark:3
स्टार्च	starch:3
स्टार्ट	start:3
स्टार्टअप	startup:3
स्टार्स	stars:3
स्टाल	stall:2	stal:1
स्टालिन	stalin:3
स्टिंग	sting:6
स्टिक	stick:3
स्टिकर	sticker:3
स्टिलवेल	stilwell:2	steelvel:1
स्टीक	stick:2	steek:1
स्टीफन	stephen:3	stephan:1
स्टीफनी	stefunny:1	stephanie:1	stepheni:1
स्टीफेंसन	stephenson:2	stiphensan:1
स्टीमर	steamer:2	stimer:1
स्टीयरिंग	steering:3
स्टीरियो	stereo:3
स्टीरियोटाइप	stereotype:3
स्टील	steel:3
स्टीव	steve:3
स्टीवंस	stevens:3
स्टीवन	steven:2	stevan:1
स्टीवर्ट	stewart:3
स्टीवी	stevie:2	stevi:1
स्टुअर्ट	stuart:2	stuard:1
स्टुडियो	studio:3
स्टूडियो	studio:2	stedio:1
स्टूडियोज	studios:3
स्टूडियोज़	studios:3
स्टूडेंट	student:3
स्टूडेंट्स	students:3
स्टेंट	stent:2	state:1
स्टेंसिल	stencil:3
स्टेचू	statue:3	stachu:1
स्टेज	stage:3
स्टेट	state:3
स्टेटमेंट	statement:3
स्टेटस	status:6
स्टेट्स	states:2	status:1
स्टेडियम	stadium:4
स्टेन	stain:1	sten:1	steyn:1
स्टेनर	stainer:2	stenar:1
स्टेनली	stanley:3
स्टेनले	stanley:3
स्टेनलेस	stainless:3
स्टेनोग्राफर	stenographer:3
स्टेप	step:3
स्टेम	stem:3
स्टेलोन	stallone:3
स्टेशन	station:4
स्टेशनरी	stationary:3	stationery:1
स्टेशनों	stationno:1	stationon:1	steshanon:1
स्टैंड	stand:6
स्टैंडबाय	standby:3
स्टैंडर्ड	standard:6	standards:1
स्टैंडर्ड्स	standards:3
स्टैक	stack:2	stake:1
स्टैटिक	static:3
स्टैन	stan:2	stain:1
स्टैनफोर्ड	stanford:3
स्टैमिना	stamina:6
स्टैलोन	stallone:3
स्टॉक	stock:2	stalk:1
स्टॉकहोम	stockholm:2	stalkhome:1
स्टॉप	stop:3
स्टॉपेज	stoppage:2	stopage:1
स्टॉप्स	stops:3
स्टॉर्म	storm:3
स्टोंस	stones:3
स्टोन	stone:3
स्टोर	store:3
स्टोरी	story:7
स्टोरेज	storage:4
स्टोल	stole:2	stol:1
स्ट्रक्चरल	structural:2	strakcharal:1
स्ट्रगल	struggle:2	strangle:1
स्ट्रा	straw:2	stra:1
स्ट्रांग	strong:3
स्ट्राइक	strike:3
स्ट्राइकर	striker:3
स्ट्राबेरी	strawberry:3
स्ट्रास	straws:2	stress:1
स्ट्रिंग	string:3
स्ट्रिप	strept:1	strip:1	stripe:1
स्ट्रिप्स	strips:2	stripes:1
स्ट्रीट	street:3
स्ट्रीट्स	streets:3
स्ट्रीप	streep:1	strip:1	stripe:1
स्ट्रीम	steam:1	steem:1	stream:1
स्ट्रीमिंग	steaming:1	streaming:1	strimming:1
स्ट्रे	stra:1	stray:1	stre:1
स्ट्रेच	stretch:3
स्ट्रेचिंग	stretching:2	straching:1
स्ट्रेट	straight:2	street:1
स्ट्रेस	stress:3
स्ट्रैंड	stand:1	strand:1	strend:1
स्ट्रैप	strap:2	strep:1
स्ट्रॉबेरी	strawberry:6
स्ट्रॉस	strauss:1	strauus:1	stross:1
स्ट्रोक	stroke:2	strock:1
स्ट्रोक्स	strokes:2	strocks:1
स्तंभ	stambh:2	stanbh:1
स्तंभकार	stambhkar:2	stambhkaar:1	stanbhakar:1
स्तंभन	stambhan:2	stanbhan:1
स्तंभित	stambhit:2	stnbhit:1
स्तंभों	stambhon:2	stanbhon:1
स्तन	stan:4
स्तनधारियों	standhariyon:2	stanadhariyon:1	standhaariyon:1
स्तनधारी	standhari:2	stanadhari:1	standhaari:1
स्तनपान	stanpan:2	stanapan:1	stanpaan:1
स्तनों	stanon:3
स्तब्ध	stabdh:3
स्तर	star:3
स्तरीय	stariy:2	stariya:2
स्तरों	staron:3
स्तिथ	stith:2	sthith:1
स्तिथि	stithi:2	sthiti:1
स्तुति	stuti:6
स्तूप	stup:2	stoop:1
स्तूपों	stupon:3
स्तोत्र	stotra:3
स्त्राव	strav:3	straav:1
स्त्रावित	stravit:3	straavit:1
स्त्रियां	striyan:3	striyaan:1
स्त्रियों	striyon:3
स्त्री	stri:10	stree:1
स्त्रीत्व	stritva:2	stritv:1
स्त्रीपुरुष	stripurush:3
स्त्रीलिंग	striling:5	streeling:1
स्त्रीवाद	strivad:2	strivaad:1	striwad:1
स्त्रोत	strot:2	stotra:1
स्त्रोतों	stotron:1	stroton:1	strotron:1
स्त्रोत्र	stotra:1	strot:1	strotra:1
स्थगन	sthagan:2	sthgan:1
स्थगनादेश	sthaganadesh:2	sthaganaadesh:1	sthgnadesh:1
स्थगित	sthagit:2	sthgit:1
स्थति	sthati:2	sthti:1
स्थपित	sthapit:2	sthpit:1
स्थल	sthal:8
स्थलाकृति	sthalakruti:2	sthalakrit:1
स्थली	sthali:5	sthli:1
स्थलीय	sthaliy:1	sthaliya:1	sthliya:1
स्थलो	sthalo:3
स्थलों	sthalon:3
स्थान	sthan:3	sthaan:1
स्थानक	sthanak:3	sthaanak:1
स्थानांतरण	sthanantaran:6
स्थानांतरित	sthanantarit:2	sthaanantarit:1	sthanitarit:1
स्थानापन्न	sthanapanna:2	sthanapann:2	sthaanapann:1	sthnapanna:1
स्थानिक	sthanik:3	sthaanik:1
स्थानीय	sthaniya:2	sthaaniy:1	sthaniy:1
स्थानों	sthanon:3	sthaanon:1
स्थापत्यकला	sthapatyakala:2	sthaapatykala:1	sthaptyakala:1
स्थापन	sthapan:2	sthaapan:1	sthapana:1
स्थापना	sthapna:9	sthapana:2	sthaapana:1
स्थापित	sthapit:3	sthaapit:1
स्थायित्व	sthayitv:2	sthayitva:2	sthaayitv:1	sthaayitva:1
स्थायी	sthayi:3	sthaayi:1
स्थित	sthit:4
स्थिति	sthiti:5	sthithi:1
स्थितियां	sthitiyan:3	sthitiyaan:1
स्थितियों	sthitiyon:3
स्थिती	sthiti:3
स्थिर	sthir:3
स्थिरता	sthirta:2	sthirata:1	sthirtaa:1
स्थिरीकरण	sthirikaran:2	stharikaran:1
स्थूल	sthul:2	sthool:1
स्थूलता	sthulata:2	sthoolta:1
स्थैतिक	sthaitik:2	sthitik:1
स्नाइडर	snyder:2	snider:1	snnaider:1
स्नाइपर	sniper:2	snnaiper:1
स्नातक	snatak:2	snaatak:1	snnatak:1
स्नातकों	snatakon:2	snaatakon:1	snnatakon:1
स्नातकोत्तर	sanatakottar:1	snaatkottar:1	snatkottar:1	snnatkotar:1
स्नान	snan:3	snaan:1
स्नानार्थियों	snanarthiyon:3	snaanarthiyon:1
स्नायविक	snaayvik:1	snayavik:1	snayvik:1	snnayavik:1
स्नायु	snayu:3	snaayu:1
स्नायुओं	snayuon:3	snaayuon:1
स्निपर	sniper:3
स्नीकर्स	sneakers:2	snickers:1	snikarse:1
स्नूकर	snooker:2	snukar:1
स्नेक	snake:2	snack:1
स्नेपडील	snapdeal:3
स्नेह	sneh:4
स्नेहल	snehal:3
स्नेही	snehi:4	snnehi:1
स्नैपचैट	snapachait:1	snapchait:1	snapchat:1
स्नो	snow:3
स्नोबोर्डिंग	snowboarding:2	snowbording:1
स्पंज	spong:1	sponge:1	spunge:1
स्पंजी	songe:1	spongy:1	spungy:1
स्पंदन	spandan:3
स्पर्धा	spardha:3	spardhaa:1
स्पर्धाएं	spardhaayein:1	spardhaein:1	spardhayan:1	spardhayein:1
स्पर्धात्मक	spardhatmak:3	spardhaatmak:1
स्पर्म	sperm:4	sparm:2
स्पर्श	sparsh:6
स्पष्ट	spasht:3
स्पष्टत	spasht:2	spashtat:1
स्पष्टतया	spashtataya:2	spashtaya:1
स्पष्टता	spashtata:3
स्पष्टवादिता	spashtavaadita:1	spashtavadita:1	spashtawadita:1	spashvadita:1
स्पष्टवादी	spashtvadi:2	spashtvaadi:1	spashtwadi:1
स्पष्टीकरण	spashtikaran:3
स्पष्टीकरणों	spashtikaranon:2	spastikarnon:1
स्पा	spa:3
स्पाइक	spike:2	spaek:1
स्पाइडर	spider:3
स्पाइडरमैन	spiderman:3
स्पाइडर्स	spiders:3
स्पाइनल	spinal:2	spinel:1
स्पाइना	spina:2	spiena:1
स्पाइवेयर	spyware:3
स्पाइसजेट	spicejet:3
स्पार्क	spark:3
स्पार्कल	sparkle:2	sparkal:1
स्पार्टन	spartan:3
स्पिंक्स	speaks:1	sphinx:1	spinks:1
स्पिन	spin:2	spine:1
स्पिनर	spinner:2	spiner:1
स्पिनरों	spinaron:1	spinneron:1	spinnron:1
स्पिरिट	spirit:3
स्पिलबर्ग	spielberg:3
स्पीकर	speaker:3
स्पीकिंग	speaking:3
स्पीगेल	spiegel:2	speegel:1
स्पीच	speech:3
स्पीड	speed:3
स्पीडोमीटर	speedometer:2	spidometer:1
स्पीयर	spear:3
स्पेंसर	spencer:1	spencers:1	spensor:1
स्पेक्ट्रम	spectrum:3
स्पेक्ट्रा	spectra:3
स्पेन	spain:3
स्पेनिश	spanish:5
स्पेनी	speni:2	spaini:2
स्पेयर	spare:2	spear:1
स्पेल	spell:3
स्पेलर	speller:2	spelar:1
स्पेलिंग	spelling:3
स्पेशल	special:6
स्पेस	space:4
स्पेसवॉक	spacewalk:3
स्पैक्ट्रम	spectrum:3
स्पैनिश	spanish:3	spainsh:1
स्पैम	spam:2	spem:1
स्पॉट	spot:3
स्पॉटलाइट	spotlight:2	sportlight:1
स्पॉटेड	spoted:2	spotted:1
स्पोर्ट	sport:3
स्पोर्ट्स	sports:3
स्प्रिंकलर	sprinkler:3
स्प्रिंग	spring:3
स्प्रिंग्स	springs:2	spirngs:1
स्प्रिट	sprit:2	sprint:1
स्प्रे	spray:2	spry:1
स्प्लिट	split:2	spilit:1
स्फटिक	sphatik:2	sfatik:1
स्फूर्त	sfurt:1	sfuurt:1	sphoort:1
स्फूर्ति	sfoorti:1	sfurti:1	sphoorti:1
स्फूर्तिदायक	sphoortidayak:2	sfurtidayak:1
स्मगलर	smuggler:3
स्मरण	smaran:2	smarana:1
स्मरणीय	smaraniiya:1	smaraniy:1	smaraniya:1
स्माइलिंग	smiling:3
स्मारक	smarak:3
स्मारकों	smarakon:2	smarkon:1
स्मार्ट	smart:6
स्मार्टफोन	smartphone:6
स्मार्त	smart:3
स्मिता	smita:3
स्मिथ	smith:3
स्मिथसोनियन	smithsonian:3
स्मूथ	smooth:3
स्मूथरिंग	smoothering:1	smoothing:1	smothering:1
स्मूद	smooth:3
स्मृति	smruti:2	smriti:5
स्मृतियों	smritiyon:2	smrutiyon:1
स्मृतिलेख	smritilekh:2	smrutilekh:1
स्मेल	smale:1	smel:1	smell:1
स्मैक	smack:2	smail:1
स्मैश	smash:2	smaish:1
स्मॉल	small:3
स्मोक	smoke:3
स्मोकिंग	smoking:3
स्मोकी	smokey:3	smoky:1
स्याही	syahi:2	syaahi:1
स्रावित	sravit:1	srawit:1	stravit:1
स्रोत	strot:2	srot:1
स्रोतों	stroton:2	sroton:1
स्लमडॉग	slumdog:3
स्लाइड	slide:3
स्लाइडर	slider:3
स्लाइडों	slidon:2	slaaidon:1
स्लाइड्स	slides:2	sliders:1
स्लाइस	slice:3
स्लाविक	slavik:2	slaavik:1
स्लिप	slip:3	sleep:1
स्लीपर	sleeper:1	sliper:1	slipper:1
स्लीपिंग	sleeping:2	slipping:1
स्लीव	sleeve:3
स्लेट	slate:3
स्लेटी	slate:1	slatey:1	slaty:1
स्लैब	slab:3
स्लैम	slam:3
स्लैश	slash:3
स्लॉट्स	slots:3
स्लॉथ	sloth:3
स्लो	slow:3
स्लोप	slop:2	slope:1
स्लोवाकिया	slovakia:2	slovaakiya:1
स्लोवेनिया	slovenia:3
स्वंतत्रता	swatantrata:2	swatantrataa:1
स्वचालन	swachalan:2	swachaalan:1
स्वचालित	svachalit:1	swachaalit:1	swachalit:1
स्वच्छ	swachh:2	sachha:1	savachha:1	swacch:1
स्वच्छंद	swacchand:1	swachhanad:1	swachhand:1
स्वच्छता	swachhta:2	savachhata:1	swacchataa:1	swachchata:1
स्वछंद	swachhand:2	swacchand:1
स्वछता	swacchataa:1	swachchata:1	swachhata:1
स्वत	swatah:2	swat:3
स्वतंत्र	svatantra:3	swatantra:10	svatantr:1	swatantr:1
स्वतंत्रता	svatantrata:7	swatantrata:4	swatantrataa:1
स्वतंत्रतासंग्राम	swatantraasangraam:1	swatantrasangram:1	swatantratasangram:1
स्वतंत्ररूप	swatantrarup:2	svatantrarupa:1	swatantraruup:1
स्वदेश	swadesh:3
स्वदेशी	swadeshi:3
स्वनामधन्य	swanaamdhanya:2	swanamdhanya:2	swanamdhnya:2
स्वनियंत्रित	swaniyantrit:3
स्वनिर्मित	swanirmit:3
स्वप्न	swapn:2	swapna:2	svapn:1	swapan:1
स्वप्निल	swapnil:3
स्वभाव	swabhav:2	svabhav:1	swabhaav:1
स्वभावत	svabhavat:1	swabhaavat:1	swabhavat:1
स्वभावतया	svabhavataya:1	swabhaavatayaa:1	swabhavatya:1
स्वभावों	svabhabon:1	swabhaavon:1	swabhavon:1
स्वभाषा	swabhasha:3
स्वयं	swayam:4	svayam:1	swayan:1	swayn:1
स्वयंभू	swayambhu:2	swayambhuu:2	swayanbhoo:1	swayanbhu:1
स्वयंवर	swayamvar:2	swayanvar:1
स्वयंसिद्ध	svayamsiddha:1	swayamsiddh:1	swayansiddha:1
स्वयंसेवा	swayamseva:2	swayanseva:1
स्वयंसेवी	swayamsevi:2	swayansevi:1
स्वर	swar:3
स्वरस	swaras:2	svaras:1
स्वरा	swara:2	swaraa:1
स्वराज	swaraj:2	swaraaj:1
स्वराज्य	swarajya:2	swaraajya:1
स्वरुप	swarup:3
स्वरुपों	swarupon:2	swaroopon:1
स्वरूप	svarup:8	swarup:2	swaroop:1
स्वरूपानंद	swarupanand:2	swaruupanand:1
स्वरूपों	swarupon:2	swaroopon:1
स्वरों	swaron:3
स्वरोजगार	swarojgar:3	swarojgaar:2	swarrojgar:1
स्वर्ग	svarg:2	swarg:5
स्वर्गवास	swargavas:1	swargawaas:1	swargvas:1
स्वर्गवासी	swargvasi:2	swargavasi:1	swargwaasi:1
स्वर्गारोहण	swargarohan:2	swargaarohan:1
स्वर्गाश्रम	swargaashram:1	swargashram:1	swargasram:1
स्वर्गीय	swargiy:2	swargiiya:1	swargiya:1
स्वर्ण	swarna:2	swarn:5	svarn:2
स्वर्णकाल	swarkal:1	swarnakaal:1	swarnakal:1
स्वशासन	swashasan:2	swashaasan:1
स्वस्तिक	swastik:3
स्वस्थ	svastha:2	swasth:2	swastha:1
स्वा	swa:3
स्वां	swan:3
स्वांग	swang:3
स्वाइन	swine:3
स्वागत	swagat:3
स्वाचालित	swachalit:2	swaachaalit:1
स्वाती	swati:3
स्वाद	swad:2	swaad:1
स्वादिष्ट	swadisht:2	swaadisht:1
स्वाधिष्ठान	swaadhishthaan:1	swadhishthan:1	swadhishttan:1
स्वाधीन	swadhin:2	swaadheen:1
स्वाधीनता	svadhinta:2	swadhinta:2	swaadheenta:1	swadhinata:1
स्वाध्याय	swadhyay:2	swadhyaay:1
स्वान	swan:3
स्वाभाविक	svabhavik:3	swabhavik:2	swaabhaavik:1
स्वाभाविकता	swaabhaavikta:1	swabhavikata:1	swabhavikta:1
स्वाभिमान	swaabhiman:1	swabhimaan:1	swabhiman:1
स्वाभिमानी	swaabhimaani:1	swabhimaani:1	swabhimani:1
स्वामित्व	swamitv:2	swaamitva:1	swamitva:1
स्वामिभक्त	swamibhakt:2	swaamibhakta:1
स्वामियों	swaamiyon:1	swamion:1	swamiyon:1
स्वामी	swami:2	swaami:1
स्वामीनाथन	swaaminathan:1	swaminatan:1	swaminathan:1
स्वामीनारायण	swaminarayan:2	swaaminarayan:1
स्वायंभुव	swayambhuv:1	swayambhuva:1	swayenbhuv:1
स्वायत्त	swayatt:2	swayatta:1
स्वायत्तता	swayattata:2	swayatta:1
स्वायत्तशासी	swayatatashasi:1	swayattshaasi:1	swayattshasi:1
स्वार्थ	swarth:2	swaarth:1
स्वार्थपरक	swarthparak:2	swaarthparak:1
स्वार्थी	swarthi:2	swaarthi:1
स्वास्थ	swasth:2	swastha:1
स्वास्थ्य	swasthya:4	swaasthya:1	swasthey:1
स्वास्थ्यकर्मियों	swaasthyakarmiyon:1	swasthyakarmiyon:1	swasthykarmiyon:1
स्वाहा	swaha:2	swaaha:1
स्विंग	swing:3
स्विच	switch:3
स्विच्ड	switched:3
स्विट्जरलैंड	switzerland:3
स्विडिश	swedish:2	swidish:1
स्विफ्ट	swift:3
स्विफ्टलेट	swiftlet:2	swiftlate:1
स्विम	swim:2	swimm:1
स्विमिंग	swimming:2	swiming:1
स्विस	swiss:2	swis:1
स्वीकर	swikar:2	sweekar:1
स्वीकार	svikar:9	swikar:2	sweekar:1
स्वीकारती	swikarti:2	sweekaarti:1
स्वीकारते	swikarte:2	sweekarte:1
स्वीकारना	swikarna:2	sweekaarna:1
स्वीकारा	swikara:2	sweekaara:1
स्वीकारी	swikari:2	sweekaari:1
स्वीकारोक्ति	sweekarokti:1	swikarokit:1	swikarokti:1
स्वीकार्य	swikarya:2	sweekaarya:1
स्वीकार्यता	swikaryata:2	sweekaryakarta:1
स्वीकृत	swikrat:1	swikrit:1	swikrut:1
स्वीकृति	svikriti:3	swikrati:1	swikriti:1	swikruti:1
स्वीकृतियों	sweekritiyon:1	swikritiyon:1	swikrutiyon:1
स्वीट	sweet:3
स्वीटनर	sweetener:2	sweetner:1
स्वीटी	sweety:3
स्वीट्स	sweets:3
स्वीडन	sweden:2	swedan:1
स्वीडिश	swedish:3
स्वीप	sweep:3
स्वीपर	sweeper:3
स्वेच्छया	swecchaya:1	swechaya:1	swechhaya:1
स्वेच्छा	sweccha:1	swecha:1	swechha:1
स्वेच्छाचार	swecchachaar:1	swechachar:1	swechhachar:1
स्वेच्छाचारिता	swecchachaarita:1	swechacharita:1	swechhacharita:1
स्वेज	swej:2	sewage:1	swez:1
स्वेट	sweat:2	swet:1
स्वेटिंग	sweating:3
स्वेता	sweta:3
स्वेद	swed:2	sveda:1
स्वैच्छिक	swaicchik:1	swaichhik:1	swechik:1
स्वैप	swap:4	swipe:1
ह	h:2	ha:1
हंगर	hunger:3
हंगरी	hungary:2	hungry:3
हंगल	hungal:2	hangal:1
हंगामा	hungama:2	hangama:1
हंट	hunt:3
हंटर	hunter:4
हंडिया	handiya:1	handiyaa:1	hundiya:1
हंपी	humpy:2	hunpy:1
हंस	hans:6
हंसकर	hanskar:3
हंसता	hansta:3
हंसती	hansti:5	hansati:1
हंसदा	hansda:2	hansadaa:1
हंसने	hansne:4	hansane:1	hasne:1
हंसराज	hansraj:5	hansraaj:1
हंसराम	hansram:3
हंसी	hansi:6
हंसों	hanson:3
हक	hak:5	haq:2
हकदार	hakdar:2	hakdaar:1
हकदारी	hakdari:2	hakdaari:1
हकलाते	haklate:2	haklaate:1
हकीकत	hakikat:2	haqeeqat:1
हकीम	hakim:2	hakeem:1
हकों	hakon:2	hakkon:1
हक्का	hakka:2	sakka:1
हक्सर	haksar:3
हज	haj:3
हजरत	hazrat:2	hajrat:1
हजार	hajaar:3	hajar:3
हजारिका	hajarika:3
हजारी	hajari:3
हजारीप्रसाद	hajariprasad:3
हजारीबाग	hazaribagh:2	hajaribagh:1
हजारे	hajare:2	hazare:1
हजारों	hajaron:2	hazaron:1
हट	hat:3	hut:2
हटकर	hatkar:3
हटती	hatati:2	hatti:1
हटते	hatte:2	hatate:1
हटना	hatana:2	hatna:2
हटने	hatne:2	hatane:1
हटवा	hatwa:2	hatavaa:1
हटवाया	hatvaya:3	hatwaya:1
हटा	hata:3
हटाए	hataye:2	hatae:1
हटाएं	hatayen:2	hataein:1
हटाओ	hatao:3
हटाकर	hatakar:3
हटाना	hatana:3
हटाने	hatane:3
हटाया	hataya:3
हटिंगटन	hatingatan:1	hatington:1	huntington:1
हटिया	hatiya:3
हट्टंगड़ी	hattangaddi:1	hattangadi:1	hattngadi:1
हठ	hath:3
हठयोग	hathyog:2	hatyog:1
हठी	hathi:3
हडसन	hudson:2	hadsan:1
हड़ताल	hadtal:2	hadtaal:2
हड़तालें	hadtalen:2	hadtalein:1
हड़तालों	hadtalon:3
हड़पे	hadpe:2	hadape:1
हड़प्पा	hadappa:3
हडि्डयों	haddiyon:3
हड्डियां	haddiyan:3
हड्डियों	haddiyon:3
हड्डी	haddi:6
हताश	hatash:3
हताशा	hatasha:2	hatsha:1
हताहत	hatahat:3
हताहतों	hatahaton:3
हते	hate:3
हतोत्साहित	hatotsahit:2	hattotsahit:1
हत्था	hatha:1	hattha:1	hatya:1
हत्या	hatya:5	htya:1
हत्याएं	hatyaein:1	hatyaen:1	hatyayen:1
हत्याओं	hatyaon:3
हत्याकांड	hatyakand:2	htyakand:1
हत्यारा	hatyara:3
हत्यारे	hatyare:3
हत्यारों	hatyaron:3
हथकरघा	hathkargha:2	hathkardha:1
हथगोला	hathgola:3
हथगोले	hathgole:3
हथिनी	hathini:3
हथिया	hathiya:3
हथियार	hathiyar:3
हथियारबंद	hathiyarband:3
हथियारों	hathiyaron:3
हथेलियों	hatheliyon:3
हथेली	hatheli:3
हथौड़ा	hathauda:2	hathuda:1
हथौड़े	hathaude:2	hathode:1
हद	had:3
हदीस	hadis:3
हनन	hanan:3
हनी	honey:3
हनीमून	honeymoon:2	hanimoon:1
हनीश	hanish:3
हनु	hanu:3
हनुत	hanut:3
हनुमंत	hanumant:3
हनुमान	hanumaan:4	hanuman:6
हनुमानगढ़	hanumangarh:2	hanumangadh:1
हफ्ते	hafte:3
हफ्तों	hafton:3
हब	hub:3
हबल	habal:3
हबीब	habib:3
हबीबगंज	habibganj:3
हबीबा	habiba:3
हबीबुल्ला	habibulla:2	hubbibulla:1	hubbybulla:1
हब्शी	habshi:2	hubshi:2
हमको	humko:2	hamako:1
हमदम	humdam:2	humdum:1
हमदर्द	hamdarda:1	humdard:1	humdrad:1
हमने	humne:3
हमराही	humrahi:3
हमला	hamla:4	hamala:2
हमलावर	hamalavar:1	hamlavar:1	humlavar:1
हमलावरों	hamalavaron:2	hamlavaron:1
हमलों	hamalon:1	hamlon:1	humlon:1
हमलोग	humlog:3
हमलोगों	humlogon:3
हमसफर	humsafar:2	hamsafar:1
हमसे	hamse:1	hamsey:1	humse:1
हमाद	hamaad:1	hamad:1	humad:1
हमारा	hamara:3
हमारी	hamari:3
हमारे	hamare:5	humare:2	hamarey:1
हमाल	hamaal:2	hamal:1
हमास	hamaas:1	hamas:1	hamsas:1
हमीद	hamid:2	hameed:1
हमीदुल्लाह	hamidullah:2	hameedullah:1
हमीर	hamir:2	hameer:1
हमीरपुर	hamirpur:4
हमे	hame:1	hamen:1	hume:1
हमें	hamen:4	hamein:3	humein:2	hame:1
हमेशा	hamesha:3
हम्ज़ा	hamja:2	hamza:1
हम्मीर	hammir:2	hammeer:1
हयग्रीव	hayagreev:1	hayagreeva:1	hayagriva:1	haygreev:1
हयात	hayat:2	hyaat:1
हर	har:3
हरकत	harkat:3
हरकते	harkate:2	harkatey:1
हरकतों	harkaton:3
हरक्यूलिस	hercules:3
हरगिज	hargij:2	hargiz:1
हरगिज़	hargiz:2	harginj:1
हरगोबिंद	hargobind:3
हरजिंदर	harjinder:2	harjindar:1
हरजीत	harjeet:2	harjit:1
हरड़	harad:3
हरण	haran:3
हरदम	hardam:2	hurdum:1
हरदयाल	hardayal:2	hardyal:1
हरदा	harda:2	harad:1
हरदास	hardas:3
हरदेव	hardev:3
हरदोई	hardoi:2	hardoyi:1
हरनौत	harnaut:2	harnot:1
हरपाल	harpal:2	harpaal:1
हरफनमौला	harfanmaila:1	harfanmaula:1	harfanmoula:1
हरबर्ट	harbart:1	harburt:1	herbert:1
हरभजन	harbhajan:3
हरम	haram:2	harm:1
हरमंदिर	harmandir:2	harminder:1
हरमीत	harmeet:2	harmit:1
हरमुख	harmukh:3
हरयाणवी	haryanvi:2	haryaanavi:1
हरयानी	haryani:2	haryaani:1
हरलीन	harleen:3
हरवंश	harvansh:3
हरसिंगार	harsingar:2	harsingaar:1
हरसिध्दि	harsiddhi:3
हरा	hara:3	haraa:2	hra:1
हराए	haraaeye:1	haraye:1	hraye:1
हराती	harati:2	haraati:1
हराते	harate:2	haraatey:1
हराने	haraaney:1	harane:1	hrane:1
हराभरा	haraabhara:1	harabhara:1	harabhra:1
हराया	haraya:4	haraayaa:1
हरावल	harawal:2	haraval:1
हरि	hari:3
हरिकेन	hurricane:3
हरिकेश	harikesh:3
हरिजन	harijan:3
हरिजनों	harijanon:3
हरित	harit:3
हरिदास	haridas:3
हरिद्वार	haridwar:6
हरिनाम	harinam:2	harinaam:1
हरिप्रसाद	hariprasad:3
हरियाणवी	hariyanvi:2	haryanvi:1
हरियाणा	hariyana:2	haryana:1
हरियाली	hariyali:3
हरिशचंद्र	harishchandra:5	harishchander:1	harishchandr:1
हरिश्चंद्र	harishchandra:2	harishchander:1
हरिहर	harihar:3
हरी	hari:3
हरीपुर	haripur:3
हरीश	harish:3
हरीशचंद्र	harishchandra:2	harishchandr:1
हरे	hare:3
हरेक	harek:3
हरेली	hareli:3
हर्ज	harj:2	harz:1
हर्ट	hurt:3	heart:1
हर्ट्स	hurts:2	hartas:1	hearts:1
हर्बल	herbal:5	harbal:1
हर्मन	harman:2	herman:1
हर्ष	harsh:6
हर्षदीप	harshdeep:3
हर्षनाथ	harshnath:3
हर्षा	harsha:3
हर्षिका	harshika:2	harshik:1
हर्षित	harshit:3
हल	hal:3
हलचल	halchal:2	hulchul:1
हलद्वानी	haldwani:3
हलफनामा	halfnama:2	halafnama:1
हलाल	halal:3
हल्क	hulk:3
हल्का	halka:3	hulka:1
हल्की	halki:3	hulki:1
हल्के	halke:3	hulke:1
हल्दी	haldi:3
हल्दीघाटी	haldighati:2	haldighaati:1
हल्दीराम	haldiram:3
हल्द्वानी	haldwani:2	haldrani:1
हल्ला	halla:3
हवन	havan:2	hawan:1
हवलदार	havaldar:2	hawaldar:1
हवस	hawas:2	havas:1
हवा	hava:3	hawa:5
हवाई	havai:7	hawai:2
हवाएं	havaen:1	hawayein:1	hawayen:1
हवाओ	havao:1	hawaao:1	hawao:1
हवाओं	havaon:1	hawaaon:1	hawaon:1
हवादार	hawadar:2	havadar:1
हवाना	havana:2	hawana:1
हवामहल	hawamahal:3
हवालदार	hawaldar:2	havaldar:1
हवाला	hawala:3
हवालात	hawalat:2	hawalaat:1
हवाले	hawale:3
हवास	havas:1	hawaas:1	hawas:1
हवेल	havel:3
हवेलियां	haveliyan:1	haveliyon:1	haweliyaan:1
हवेली	haveli:4	haweli:3	havaile:1
हव्वा	hawwa:2	havva:1
हसन	hasan:3
हसनपुर	hasanpur:3
हसबैंड	husband:3
हसीन	haseen:2	hasin:2
हसीना	hasina:3	haseena:1
हसीनों	hasinon:2	hasino:1
हस्त	hasta:2	hastt:1
हस्तक्षेप	hastkshep:2	hastakshep:1
हस्तमैथुन	hastmaithun:5	hasamaithun:1	hastmethun:1
हस्तरेखा	hastrekha:2	hastarekha:1
हस्तलिखित	hastlikhit:2	hastalikhit:1
हस्तलेख	hastalekh:3
हस्तशिल्प	hastashilpa:2	hastshilp:2	hastashilp:1	hastashilpi:1
हस्तांतरण	hastantaran:3
हस्तांतरित	hastantarit:3
हस्ताक्षर	hastakshar:2	hastakshr:1
हस्ताक्षरकर्ताओं	hastaksharkartaon:2	hastaksharkartaaon:1
हस्ताक्षरित	hastaksharit:2	hastakshrit:1
हस्तिनापुर	hastinapur:3
हस्तियां	hastiyan:2	hastiyaan:1
हस्तियों	hastiyon:3
हस्ती	hasti:3
हस्पताल	haspatal:1	hasptal:1	hospital:1
हस्सनंदनी	hassanandani:2	hassnandani:1
हां	han:2	haan:1
हांगकांग	hongkong:3
हांगझोऊ	hangzhou:3
हांफते	haanfte:1	hafate:1	hanfte:1
हाइकिंग	hiking:3
हाइजनबर्ग	heisenberg:2	hugenberg:1
हाइजैक	hijack:3
हाइड	hide:3	hyde:1
हाइड्रॉलिक	hydraulic:2	hydrolic:1
हाइड्रो	hydro:3
हाइड्रोकार्बन	hydrocarbon:3
हाइड्रोक्लोरिक	hydrochloric:3
हाइड्रोजन	hydrogen:3
हाइड्रोलिक	hydraulic:2	hydrolic:1
हाइना	hyena:3
हाइनेस	highness:2	hynes:1
हाइपरटेंशन	hypertension:3
हाइपरसोनिक	hypersonic:3
हाइपो	hypo:3
हाइपोथर्मिया	hypothermia:3
हाइपोथायरायडिज्म	hypothyroidism:3
हाइपोथैलेमस	hypothalamus:3
हाइबरनेशन	hibernation:3
हाइब्रिड	hybrid:2	highbrid:1
हाइमन	hymen:2	higman:1
हाइलाइट्स	highlights:3
हाइव	haiw:1	highv:1	hive:1
हाइवे	highway:3
हाई	high:3
हाईजैक	hijack:3
हाईटेक	hightake:3	hightech:2	haitec:1	hitake:1
हाईपरटेंशन	hypertension:3
हाईवे	highway:6
हाईस्कूल	highschool:5
हाईस्पीड	highspeed:5
हाउंड	hound:3
हाउटन	houtan:2	hautan:1
हाउस	house:3
हाउसफुल	housefull:3
हाउसहोल्ड	household:3
हाउसहोल्डर	householder:3
हाउसिंग	housing:3
हाउसेस	houses:3
हाऊस	house:3
हाकिम	hakim:3
हाकिमों	hakimon:3
हाकी	haki:2	hockey:1
हाग	hag:2	haag:1	hug:1
हागा	haga:2	hagaa:1
हाजमा	hajma:3	haajma:1
हाजियों	hajiyon:2	haajiyon:1
हाजिर	hajir:2	hazir:2	haazir:1
हाजी	haji:3	hazi:1
हाजीपुर	hajipur:4
हाट	haat:1	hat:1	hot:1
हाड़ा	hada:3
हाड़ौती	hadauti:3
हाडा	hada:3
हाता	hata:3
हाते	hate:3
हाथ	haath:4	hath:3
हाथरस	hathras:3
हाथवे	hathway:2	hathve:1
हाथा	hatha:3
हाथियों	hathiyon:3
हाथी	hathi:3
हाथों	hathon:2	haathon:1
हादसा	hadsa:3	hadasa:1
हादसे	hadse:3	hadase:2	haadse:1
हादी	hadi:2	haadi:1
हान	han:2	haan:1
हानि	hani:3
हानिकारक	hanikarak:3
हानियों	haniyon:3
हानी	hani:2	haani:1
हानूश	hanush:3
हाफ	half:3
हाफिज	hafiz:3	hafij:1
हामी	hami:3
हाय	haay:1	hai:1	hay:1	hi:1
हायमन	hyman:2	hymen:1
हायर	higher:3
हायेक	hayek:3
हायेस	hayes:3
हार	haar:2	har:1
हारजीत	haarjeet:2	harjeet:1
हारना	harna:2	haaranaa:1	harana:1
हारने	harne:2	haarane:1
हारा	hara:3	haaraa:1
हारून	harun:3
हार्ट	heart:4
हार्ड	hard:3
हार्डवेयर	hardware:3
हार्डिंग	harding:3	hoarding:1
हार्दिक	hardik:3
हार्पर	harper:3
हार्पर्स	harpers:2	hoopers:1
हार्बर	harbour:3	harbor:1
हार्मोन	hormone:2	harmon:1
हार्मोनल	hormonal:3
हार्ले	harley:3
हार्वर्ड	harvard:3
हार्वे	harvey:3
हाल	haal:3	hal:1
हालचाल	haalchaal:3	haalchal:3	halchal:2	halchaal:1
हालत	halat:3	haalat:1
हालांकि	halanki:2	haalanki:1
हालाकि	halaki:3	haalaki:1
हालात	halat:3	haalat:1
हालिया	haliya:2	halia:1
हाल्ट	halt:2	hault:1
हाव	haav:2	hav:1
हावड़ा	howrah:2	hawada:1
हावभाव	havbhav:4	haavbhaav:1	haavbhav:1
हावर्ड	harvard:2	haword:1	howard:1
हावी	havi:3	haavi:1
हाशमी	hashmi:3	haashmi:1
हाशिम	hashim:3	haashim:1
हाशिमोतो	hashimoto:3
हाशिया	hashiya:3	haashiyaa:1
हाश्मी	hashmi:3	haashmi:1
हास	haas:2	has:1
हासन	hasan:3	haasan:1
हासिल	hasil:3	haasil:1
हासे	hase:2	haase:1
हास्य	hasya:2	haasya:1
हास्यपूर्ण	hasyapurna:2	haasyapoorna:1	haasyapurna:1	hasyapuran:1
हास्यप्रद	hasyaprad:3	haasyaprad:1
हास्यास्पद	hasyaspad:2	haasyapad:1	hasyapad:1
हाहाकार	hahakar:3
हि	hi:2	he:1
हिंगलाज	hinglaj:2	hinglodge:1
हिंगिस	hingis:3
हिंगोट	hingot:3
हिंडन	hindan:2	hindon:1
हिंद	hind:3
हिंदवी	hidavi:1	hindavi:1	hindvi:1
हिंदी	hindi:7
हिंदु	hindu:3
हिंदुओं	hinduon:4
हिंदुजा	hinduja:3
हिंदुत्व	hindutav:1	hindutv:1	hindutva:1
हिंदुत्ववादी	hindutavwadi:1	hinduttavadi:1	hindutvavaadi:1
हिंदुस्तान	hindustan:3
हिंदुस्तानी	hindustani:3
हिंदू	hindu:3
हिंसक	hinsak:3
हिंसा	hinsa:3
हिंसात्मक	hinsatmak:3
हिअर	here:2	hear:2
हिक	heek:1	hick:1	hik:1
हिकी	hiki:2	hickey:1
हिक्स	hicks:2	hiks:1
हिचकता	hichakta:1	hichkata:1	hichkataa:1
हिचकिचाते	hichkichate:3
हिचकिचाने	hichkichane:3
हिचकी	hichki:2	hichaki:1
हिज	hij:2	his:1
हिजड़ा	hijada:2	hijda:1
हिजड़े	hijade:2	hijde:1
हिजड़ों	hijadon:2	hijdon:1
हिजबुल	hijbul:3
हिजबुल्लाह	hijabullah:1	hijbullah:1	hikbullah:1
हिजरी	hijari:2	hijri:1
हिट	hit:3	heat:1
हिटलर	hitler:3
हिटिंग	heating:2	hiting:1
हिट्स	hits:3	heats:1
हित	hit:3
हितकर	hitkar:3
हितकारी	hitkari:3
हितग्राहियों	hitgrahiyon:3
हितधारकों	hitdharakon:3
हितेश	hitesh:3
हितैषियों	hitaishiyon:3
हितैषी	hitaishi:2	hitaushi:1
हितों	hito:2	hiton:3
हितोपदेश	hitopadesh:3
हिदायत	hidayat:3
हिना	hina:3	heena:1
हिन्दी	hindi:3
हिप	hip:3	heap:1
हिप्नोटिज्म	hypnotism:3
हिप्पियों	hippiyon:2	hippyon:1
हिप्पी	hippie:3	hippy:2
हिप्पो	hippo:3
हिप्पोपोटेमस	hippopotamus:3
हिब्रू	hebrew:3
हिम	him:3
हिमनद	himnad:3
हिमपात	himpat:3	himpaat:1
हिमयुग	himyug:3
हिमस्खलन	himskhalan:3
हिमांशु	himanshu:2	himashu:1
हिमाचल	himachal:3
हिमाच्छादित	himaachchhaadit:1	himachadit:1	himachhadit:1
हिमानी	himani:3	himaani:1
हिमालय	himalay:3	himalaya:2
हिमालयन	himalayan:3
हिमालया	himalaya:3
हिमाली	himali:3
हिम्मत	himmat:3
हिरण	hiran:3
हिरण्यकशिपु	hiranyakashipu:4
हिरण्याक्ष	hiranyaksh:1	hiranyaksha:1	hirnyaksh:1
हिरनों	heranon:1	hiranon:1	hirnon:1
हिरवानी	hirewani:1	hirvani:1	hirwani:1
हिरा	hira:2	hera:1
हिराई	hirai:3
हिरासत	hirasat:3
हिरोइन	heroine:3
हिल	hil:2	hill:1
हिलना	hilna:2	hilanaa:1
हिलने	hilne:2	hilane:1
हिला	hila:2	hilaa:1
हिलाकर	hilakar:3
हिलाता	hilata:3	hilaataa:1
हिलाया	hilaya:3	hilaaya:1
हिलाल	hilal:2	hilaal:1
हिलियम	helium:3
हिले	hile:3
हिलें	hilen:3
हिलेरी	hillary:2	hileri:1
हिल्टन	hilton:3
हिल्स	hills:3
हिशम	hisham:3
हिशाम	hisham:3
हिसा	hisa:2	hinsa:1
हिसाब	hisab:3
हिसार	hisar:3
हिस्टरी	history:3
हिस्टीरिया	hysteria:2	histiriya:1
हिस्ट्री	history:3
हिस्स	hiss:2	hissa:1
हिस्सा	hissa:3
हिस्से	hisse:5
हिस्सेदार	hissedar:3
हिस्सेदारी	hissedari:3	hissedaaree:1
हिस्सों	hisson:3
हीं	hin:3
हींग	hing:3
हीट	heat:3	hit:1
हीटर	heater:3
हीटिंग	heating:3
हीदर	heather:1	hedar:1	hider:1
हीन	heen:2	hin:2
हीनता	heenata:2	hinata:2	hinta:1
हीनयान	heenayaana:1	hinayan:1	hinayana:1	hinyan:1
हीना	hina:2	heena:1
हीमोग्लोबिन	himoglobin:3	hemoglobin:3
हीर	heer:2	hir:2
हीरक	hirak:3
हीरा	hira:3
हीराकुंड	hirakund:3
हीराखंड	hirakhand:3
हीरागंज	hiraganj:2	heeraganj:1
हीराचंद	hirachand:3
हीराबेन	hiraben:2	heeraben:1
हीरामन	hiraman:2	hiraram:1
हीरे	hire:2	heere:1
हीरेन	hiren:3
हीरो	hero:6
हीरों	heron:2	heeron:1
हीरोज	heroes:2	heros:1
हीरोपंती	heropanti:6
हीलिंग	healing:3
हीलियम	helium:2	hilium:1
हु	hu:3
हुंकार	hunkar:3
हुंकारी	hunkari:3
हुंडई	hyundai:3
हुआ	hua:3
हुआंग	huang:2	huaang:1
हुइ	hui:3
हुई	hui:5
हुईं	hui:2	huin:2
हुए	huye:63	hue:6
हुऐ	hue:3
हुक	hook:2	huk:1
हुकम	hukam:3
हुकूमत	hukumat:3
हुक्म	hukam:1	hukm:1	hukma:1
हुक्मरान	hukamran:1	hukmaran:1	hukumran:1
हुक्स	hooks:2	huks:1
हुगली	hooghly:1	hoogly:1	hugli:1
हुजूम	hujum:3
हुज्जत	hujjat:3
हुड	hood:3	hud:3
हुड़दंग	huddang:3
हुड्डा	hudda:3
हुतात्मा	hutatma:3
हुती	huti:3
हुतु	hutu:3
हुदहुद	hudhud:8
हुनर	hunar:3
हुबेई	hubei:3
हुमा	huma:3
हुमायूं	humayun:3
हुरंगा	huranga:3
हुरैरा	huraira:2	hurairah:1
हुलसी	hulsi:2	husali:1
हुल्लड़	hullad:3
हुसैन	husain:3	hussain:1
हूँ	hun:2	hoon:1
हूं	hun:7	hoon:3	huun:1
हूण	hun:2	hoon:1
हूणों	hunon:3
हूपर	hooper:1	huppar:1	hupper:1
हूरों	huron:3
हूवर	huvar:2	huwar:1
हृदय	hrudya:2	hriday:3	hridya:1
हृदयंगम	hridyangam:2	hridayamgam:1
हृदयाघात	hridayaghat:1	hridyaghat:1	hriyaghat:1
हृास	haas:1	hras:1	hyas:1
हे	he:2	hey:3	hai:1
हेंडरसन	handerson:2	hendarsan:1
हेक्टर	hector:2	hektar:1
हेगडे	hegde:3
हेजिंग	hedging:2	hejing:1
हेड	head:3
हेडगियर	headgear:2	hadgear:1
हेडगेवार	hedgewar:3
हेडफोन	headphone:3
हेडेड	headed:2	haded:1
हेतु	hetu:6
हेतू	hetu:3
हेन	hen:3
हेनकेन	henken:3
हेनरी	henry:3	henari:1	hennary:1	henri:1
हेनोवर	hanover:1	henovar:1	henowar:1
हेमंत	hemant:3
हेमचंद	hemchand:3
हेमचंद्र	hemchandra:2	hemachandra:1
हेमलता	hemlata:3
हेमवती	hemwati:3	hemvati:1
हेमा	hema:4
हेमानंद	hemanand:3	hemananda:1
हेमामालिनी	hemamalini:3
हेमू	hemu:3
हेय	hey:3
हेयर	hair:2	haier:1	hare:1	here:1
हेरफेर	herfer:2	herpher:2
हेरा	hera:3	heraa:1
हेराल्ड	herald:3
हेरिटेज	heritage:3
हेरॉल्ड	herold:2	herald:1
हेरोइन	heroin:3
हेरोन	heron:3
हेरोल्ड	herold:3
हेल	hel:2	hell:1
हेलन	helen:2	halen:1	helan:1
हेलमंद	helmand:3
हेलमेट	helmet:3
हेलिकॉप्टर	helicopter:3
हेलीकॉप्टर	helicopter:3
हेलीकॉप्टरों	helicoperon:1	helicopteron:1	helicoptron:1
हेले	hele:3
हेलेन	helen:2	halen:1
हेलेना	helena:3
हेलो	hello:5	helo:1
हेल्थ	health:3
हेल्थकेयर	healthcare:2	helthcare:1
हेल्प	help:6
हेल्पर	helper:3
हेल्मेट	helmet:3
हेवन	heaven:2	haven:1
हेवी	heavy:3
हेवेन	haven:2	heaven:1
हेस्टिंग्स	hastings:3
है	hai:6
हैं	hain:6
हैंगिंग	hanging:3
हैंड	hand:6
हैंडल	handle:5
हैंडलिंग	handling:3
हैंडसेट	handset:3
हैंडहेल्ड	handheld:3
हैंडेड	handed:3
हैंड्स	hands:3
हैंपशायर	hampshire:1	hamshire:1	hypshayar:1
हैकर	hacker:3
हैकिंग	hacking:3
हैट्रिक	hatrick:2	hattrick:1
हैती	haiti:3
हैतो	haito:3
हैथवे	haithve:1	haithway:1	hathway:1
हैदर	haider:4
हैदरगढ़	haidergarh:2	haidargarh:1
हैदराबाद	hyderabad:3	haidarabad:1
हैदराबादी	hyderabadi:3
हैदरी	haidari:2	hyderi:1
हैनकॉक	haincock:1	hancock:1	hongkong:1
हैप्पी	happy:6
हैमबर्गर	hamburger:3
हैमर	hammer:2	haimar:1
हैमरेज	hemorrhage:2	hemorage:1
हैमिल्टन	hamilton:2	haimilton:1
हैरम	hairam:2	harem:1
हैरान	hairaan:1	hairan:1	heyran:1
हैरानी	hairani:2	hairaani:1
हैराल्ड	herald:3
हैरियट	hairiyat:1	harriet:1	heriyat:1
हैरिस	harris:3
हैरिसन	harrison:3
हैरी	harry:2	hairy:1
हैरो	hairo:2	haro:1
हैलोवीन	halloween:2	helloveen:1
हैल्थ	health:3
हैव	have:2	haive:1
हैवान	haiwaan:1	havan:1	heyvan:1
हैवी	heavy:3
हैश	hash:3
हैशटैग	hashtag:6
हैसियत	haisiyat:2	hasiyat:1
हैैं	hain:2	hein:1
हॉक	hawk:3
हॉकी	hockey:5	hoki:1
हॉट	hot:6
हॉटमेल	hotmail:3
हॉटस्टार	hotstar:3
हॉटस्पॉट	hotspot:3
हॉन्ग	hong:3
हॉप	hop:2	hope:1
हॉपकिंस	hopkins:3
हॉप्स	hops:2	hopes:1
हॉफ	half:2	hoaf:1
हॉबिट	habbit:1	hobbit:1	hobit:1
हॉबी	hobby:2	hoby:1
हॉब्स	hobs:3
हॉरर	horror:3
हॉरिजॉन्टल	horizontal:3
हॉर्न	horn:3
हॉर्स	horse:3
हॉल	hall:3
हॉलमार्क	hallmark:3
हॉलीवुड	hollywood:6
हॉलैंड	holland:3
हॉल्ट	halt:2	hault:1
हॉल्स	halls:3
हॉवर्ड	harvard:2	howard:1
हॉवेल	howell:2	hovell:1
हॉस्टलों	hostelon:3
हॉस्पिटल	hospital:6
हो	ho:6
हों	ho:6	hon:3
होंगी	hongi:3
होंगे	honge:2	hongey:1
होंठ	honth:3
होंडा	honda:3
होंडुरास	honduras:2	honduraas:1
होऊंगा	hounga:3
होकर	hokar:3
होगन	hogan:3
होगा	hoga:7
होगी	hogi:3
होजरी	hosiery:2	hojri:1	hojry:1
होटल	hotal:5	hotel:6
होटलों	hotelon:3
होटल्स	hotels:3
होटेल्स	hotels:3
होटेस्ट	hottest:2	hotest:1
होठों	hothon:3
होड	hod:3
होड़	hod:3
होता	hota:6
होती	hoti:3
होते	hote:5	hotey:1
होन	hon:3
होनहार	honhaar:2	honhar:1
होना	hona:6
होनी	honi:6
होने	hone:6
होनेवाला	honewala:2	honeyvala:1
होनेवाली	honewali:2	honeyvaali:1
होनेवाले	honewale:2	honeyvale:1
होनेवालों	honewalon:2	honeyvalon:1
होनोलूलू	honolulu:2	honolooloo:1
होप	hop:2	hope:2
होबर्ट	hobert:2	hobart:1
होम	home:6
होमपेज	homepage:3
होमर	homer:2	homar:1
होमवर्क	homework:2	hoemwork:1
होमी	homi:3
होमो	homo:3
होम्योपैथी	homeopathy:6
होम्स	homes:3
होय	hoy:2	hoye:1
होराइजन	horizon:2	horaejan:1
होर्डिंग्स	hoardings:3
होल	hole:2	whole:2
होलकर	holkar:3
होलिका	holika:3
होली	holi:3
होलोकास्ट	holocaust:2	hollowcast:1
होलोग्राम	hologram:3
होल्ड	hold:6
होल्डर	holder:3
होल्डिंग	holding:3
होल्डिंग्स	holdings:3
होल्स	holes:3
होव	hove:3
होवरक्राफ्ट	hovercraft:3
होवार्ड	howard:3
होश	hosh:6
होशंगाबाद	hoshangabad:2	hoshangabaad:1
होशियार	hoshiyar:2	hoshiyaar:1
होशियारपुर	hoshiyarpur:3
होशो	hosho:3
होसकोटे	hoskote:2	hoskotey:1
होस्ट	host:3
होस्टिंग	hosting:6
होस्टेस	hostess:2	hostes:1
होस्नी	hosanni:1	hosni:1	hostri:1
होेती	hoti:3
हौज	hauj:2	hauz:1
हौसला	hausala:1	honsla:1	hosla:1
ह्यू	hyu:2	huy:1
ह्यूअर	huar:1	hyuar:1	hyuer:1
ह्यूग	huage:1	huang:1	hug:1
ह्यूगो	hugo:2	huyago:1
ह्यूज	huge:3
ह्यूमन	human:3
ह्यूस्टन	hyuston:2	hyustan:1
ह्योगो	hyogo:3
ह्रास	haas:1	hrass:1	hyas:1
ह्वेन	heaven:1	hiuen:1	hsuan:1	hyen:1
ह्वेनसांग	heavnsong:1	hiuentsang:1	hsuantsang:1	hyensang:1
ॐ	om:3
