अँग्री	angry:3
अँजिओग्राफी	aengeography:1	angeography:1	angiography:1	anjiographi:1
अँटिल्स	anteals:1	anteels:1	antels:1	antiils:1
अँटी	anti:3	aunty:2	antii:1	anty:1
अँड	and:4
अँडरसन	anderson:5	andarson:2	andersan:2	andarasan:1
अँडरसनला	andersonla:2	aendarsanla:1
अँडर्स	aindars:1	aindarsh:1	andars:1	andarsa:1
अँड्रॉइड	android:3
अँड्र्यू	andrew:3
अँथनी	anthony:3
अँप	app:3
अंक	ank:3
अंकलीकर	ankalikar:2	ankaleekar:1	ankalivar:1
अंकांत	ankant:2	ankanta:1
अंकाचा	ankacha:3
अंकाचे	ankache:3
अंकाच्या	ankachya:2	ankanchya:1
अंकात	ankat:3
अंकित	ankit:3
अंकी	anki:2	ankee:1
अंकुर	ankur:3	ankoor:1
अंकुरित	ankurit:3
अंकुश	ankush:3
अंग	ang:2	aang:1
अंगच्या	angchya:3
अंगठा	angatha:3
अंगठी	angathi:2	angathee:1
अंगठे	angathe:2	angthe:1
अंगणवाडी	anganvadi:2	anganvadee:1	anganwadi:1
अंगणात	anganat:3
अंगणी	angani:2	anganee:1
अंगद	angad:3
अंगदुखी	angadukhi:2	angdukhi:1
अंगभूत	angbhut:2	angabhut:1
अंगविक्षेप	angavikshep:1	angvikshep:1	anvikshep:1
अंगांनी	anganni:2	anganne:1
अंगाई	angai:3
अंगाचा	angacha:3
अंगात	angaat:2	angat:1
अंगातील	angateel:2	angatil:1
अंगाने	angane:3
अंगारकी	angarakee:1	angarkee:1	angarki:1
अंगारा	angara:2	angaara:1
अंगाला	angala:3
अंगावर	angavar:2	angawar:1
अंगावरची	angavarachi:1	angavarchee:1	angavarchi:1
अंगावरील	angavaril:2	angavareel:1
अंगी	angi:2	angee:1
अंगे	ange:3
अंघोळ	anghol:3
अंचल	anchal:3
अंजन	anjan:3
अंजनी	anjani:2	anjanee:1
अंजनेरी	anjaneri:2	anjaneree:1
अंजली	anjali:4	anjalee:1	anjalii:1	anzalee:1
अंटार्क्टिक	antarctic:2	aintartic:1	aintartik:1	aintartiq:1
अंटार्क्टिका	antarctica:3	antarctika:1	antarctiqa:1	antarika:1
अंड	and:2	anda:1
अंडर	under:4	andar:2	undar:1
अंडाकृती	andakruti:2	andakrutee:1
अंडे	ande:3
अंड्यांची	andyanchee:2	andyanchi:1
अंत	anta:2	ant:1
अंतःकरणातील	antahakaranateel:2	antakaranatil:1
अंततः	antatah:2	antataha:1
अंतर	antar:4
अंतरंग	antarang:2	antrang:1
अंतरंगाचा	antarangacha:3
अंतरंगात	antarangat:2	antaranhat:1
अंतराने	antarane:3
अंतराळ	antaral:3
अंतराळयान	antaralyan:2	antaralayan:1
अंतराळवीर	antaralvir:2	antaralveer:1
अंतराळात	antaralat:2	antralat:1
अंतराळातील	antaralatil:2	antralateel:1
अंतराळातून	antaralatun:3
अंतरावर	antaravar:3
अंतरावरील	antaravareeel:1	antaravareel:1	antaravaril:1
अंतरावरून	antaravarun:2	antaravaroon:1
अंतरिम	antarim:3	antarima:1	antrim:1
अंतरीक्ष	antareeksh:2	antariksh:2
अंतरीच्या	antarichya:2	antareeche:1
अंतर्गत	antargat:3
अंतर्दशा	antardasha:3	antrdasha:1
अंतर्धान	antardhan:3
अंतर्नाद	antarnad:3
अंतर्भाग	antarbhag:2	antarbhaga:1
अंतर्भागात	antarbhagat:3
अंतर्भाव	antarbhav:3
अंतर्भूत	antarbhut:3
अंतर्मन	antarman:3
अंतर्मनात	antarmanat:3
अंतर्मुख	antarmukh:3
अंतर्वक्र	antarvakra:3
अंतिम	antim:3	anteem:1
अंतिमतः	antimtah:2	anteemtah:1	antimatah:1
अंती	anti:3	antee:1
अंतीम	antim:3	anteem:1
अंत्ययात्रेत	antyayatret:3
अंत्यसंस्कार	antyasanskar:3
अंत्येष्टी	antyashti:1	antyenshti:1	antyeshti:1
अंथरलेल्या	antharlelya:2	antharalelya:1
अंथरुणाला	antharunala:2	anthroonala:1	anthrunala:1
अंदमान	andaman:3	andman:2	andamana:1
अंदमानच्या	andamanchya:3
अंदाज	andaj:3	andaaj:1	andaaz:1	andaz:1
अंदाजपत्रक	andajpatrak:3	andaajpatrak:1
अंदाजानुसार	andajanusar:3
अंदाजाने	andajane:3
अंदाजे	andaje:3
अंध	andh:2	andha:1
अंधकारमय	andhakaarmay:1	andhakaramay:1	andhakarmay:1	andhkarmay:1
अंधविश्वास	andhvishvas:2	andhavishvas:1	andhvishwas:1
अंधश्रद्धा	andhshraddha:2	andhashraddha:1
अंधार	andhar:3
अंधाराचा	andharacha:3	andharachaa:1
अंधारात	andharat:3
अंधारी	andharee:2	andhari:2
अंधाऱ्या	andharya:3	andharyaa:1
अंधुक	andhuk:3
अंधेरी	andheri:4	andhari:1	andhary:1	andheeri:1
अंबर	ambar:4	amber:2	ambara:1
अंबरात	ambarat:3
अंबा	amba:3
अंबाजी	ambaji:3
अंबाझरी	ambazari:2	ambajhari:1
अंबाडीची	ambadichi:3
अंबादेवी	ambadevi:2	aambadevi:1
अंबानी	ambani:2	ambanee:1
अंबाबाई	ambabai:3
अंबारी	ambari:2	ambaree:1
अंबाला	ambala:4	ambaala:1	ambaalaa:1
अंबिका	ambika:3	ambeeka:1
अंबेजोगाई	ambajogai:1	ambejogai:1	ambejogait:1
अंमल	ammal:3
अंमलबजावणी	amalbajavani:1	ammalabajavanee:1	ammalbajavani:1
अंमलबजावणीचे	amalbajavaniche:1	ammalabajavaneeche:1	ammalbajavniche:1
अंमलात	amalat:2	ammalat:1
अंमली	ammali:2	amali:1
अंश	ansh:3
अंशतः	anshata:1	anshatah:1	anshataha:1
अंशांनी	anshanni:3
अंशी	anshi:2	aanshee:1
अकबर	akbar:4	akabara:1	aqabara:1	aqbar:1
अकबराच्या	akbarachya:2	akabarachya:1
अकबराला	akabarala:1	akbarala:1	akbarla:1
अकरा	akara:2	akra:1
अकरावी	akaravi:2	akravi:1
अकराव्या	akaravya:2	akravya:1
अकराशे	akarashe:3
अकाउंट	account:4	accaunt:1	akaaunt:1	akaunt:1
अकाउंटिंग	accounting:3	akaunting:2
अकादमी	academy:3	akadamee:2	akadami:2	akaadami:1
अकादमीचा	akadameecha:1	akadameechya:1	akadmicha:1
अकादमीची	academicha:1	akadameechee:1	akadamicha:1	akadmichi:1
अकादमीचे	akadamiche:2	academyche:1	achademiche:1	akadameeche:1
अकादमीच्या	academychya:1	akadameechya:1	akadmichya:1
अकादमीतून	academytoon:1	academytun:1	akadameetoon:1	akadamitoon:1
अकादमीने	akadameene:1	akadamine:1	akadmine:1
अकारण	akaran:3
अकाली	akali:2	akalee:1
अकॅडमी	academy:3
अकोट	akot:3
अकोला	akola:3
अकोले	akole:3
अक्कलकुवा	akkalkuva:3	akkalkuwa:1
अक्कलकोट	akkalkot:3
अक्कलकोटच्या	akkalkotchya:3
अक्ष	aksh:3
अक्षता	akshata:3
अक्षमता	akshamata:2	akshamta:1
अक्षम्य	akshamya:1	akshmy:1	akshyamya:1
अक्षय	akshay:3
अक्षय्य	akshayya:2	akshaya:1	akshayy:1
अक्षर	akshar:3
अक्षरओळख	aksharolakh:1	aksharolkha:1	aksharoolakh:1
अक्षरशः	aksharashah:1	aksharashaha:1	aksharksha:1
अक्षरांचा	aksharancha:3
अक्षराच्या	aksharachya:3
अक्षरे	akshare:3
अखंड	akhand:3
अखत्यारीत	akhatyarit:2	akhtyarit:1
अखलाक	akhalak:2	akhalaak:1	akhlaak:1
अखिल	akhil:3	akheel:1
अखिलेश	akhilesh:3	akheelesh:1
अखेर	akher:3
अखेरचा	akheracha:2	akhercha:2
अखेरची	akherchi:2	akherachee:1
अखेरचे	akherche:3
अखेरच्या	akherchya:3
अखेरपर्यंत	akherparyant:2	akherparyanta:1
अखेरीस	akheris:2	akerees:1
अख्खा	akhkha:2	akkha:1
अख्तर	akhtar:3
अगणित	aganit:3
अगदी	agadi:11	agdi:3
अगदीच	agdich:2	agadeech:1	agdeech:1
अगरवाल	agarwal:2	agaraval:1
अगस्ती	agasti:2	aagastee:1
अगस्त्य	agastya:2	agasthya:1	agstya:1
अगा	aga:2	agaa:2
अगाध	agaadh:1	agadh:1	agadha:1
अगोदर	agodar:3
अगोदरच	agodarach:2	agodarch:1
अगोदरचा	agodarcha:2	agodaracha:1
अगोदरची	aagodarchi:1	agodarachee:1	agodarchi:1
अग्निबाण	agniban:2	agnibaan:1
अग्निशमन	agnishaman:3	agnishamn:1
अग्नी	agni:3	agnee:1
अग्र	agra:2	agr:1
अग्रगण्य	agraganya:3
अग्रणी	agrani:3
अग्रलेख	agralekh:3
अग्रवाल	agrawal:4	agraval:1	agravala:1	agrawala:1
अग्रेसर	agresar:2	aggressor:1	agraser:1	agrayser:1
अघोरी	aghori:3
अचल	achal:3
अचला	achala:3
अचाट	achat:3
अचानक	achanak:3
अचुक	achuk:3	achook:1
अचुकता	achukata:2	achookta:1	achukta:1
अचूक	achuk:3	achook:2
अचूकता	achookata:2	achukata:1
अचेतन	achetan:3
अच्छा	achchha:2	achcha:1
अच्युत	achyut:3
अजगर	ajagar:2	ajgar:2
अजगराला	ajagarala:3
अजब	ajab:3
अजमल	ajamal:2	ajmal:1
अजमेर	ajmer:3	ajamer:2	ajamar:1	ajameer:1
अजय	ajay:4	ajai:1	ajaii:1	ajaya:1
अजयकुमार	ajaykumar:3
अजरामर	ajaramar:2	ajramar:1
अजस्त्र	ajastra:3
अजिंक्य	ajinkya:3
अजिंक्यपद	ajinkyapad:3
अजिंठा	ajintha:3
अजित	ajit:4	ajeet:1	ajiit:1	ajita:1
अजितदादा	ajitdada:3
अजितसिंग	ajitsing:2	ajeetsingh:1	ajitsingh:1
अजिबात	ajibat:2	ajeebaat:1	ajibaat:1
अजीज	ajij:2	ajeej:1	aziz:1
अजुन	ajun:3
अजून	ajun:2	ajoon:1
अजूनही	ajunahi:3	ajoonahee:1	ajunahee:1
अजैविक	ajaivik:3
अज्ञात	adnyat:1	agnyat:1	agyaat:1
अज्ञातवासात	adhnyatvasat:1	adnyatvasat:1	agnyatvasat:1
अज्ञान	adnyan:1	agnyan:1	agyaan:1
अज्ञानी	adnyanee:2	adnyani:1
अझरबैजान	ajarabaijana:1	ajarabejana:1	ajarbaijaan:1	azarabaizana:1
अझहर	azhar:2	azahar:1
अझोला	azola:3
अझ्टेक	ajtec:1	ajteek:1	ajtek:1	ajteq:1
अट	at:4
अटक	atak:3
अटकळ	atakal:3
अटकही	atakahi:2	atkahee:1
अटकाव	atakav:2	atkaav:1
अटल	atal:3
अटलांटा	atlanta:4	atalaanta:1	atalanta:1	etalaanta:1
अटलांटिक	atlantic:3	atalantika:1	atalantiqa:1	atlaantik:1
अटलांटिस	atalantisa:1	atlantees:1	atlantiis:1	atlantis:1
अटळ	atal:3	attal:1
अटी	ati:2	atee:1
अटींमुळे	atinmule:2	ateenmule:1
अटींवर	atinvar:3
अटीनुसार	atinusar:2	ateenusar:1
अटॅक	attack:3	atak:2	ataq:1	attacq:1
अठरा	athara:3
अठराव्या	atharavya:3
अठ्ठावीस	aththavees:2	aththavis:1	atthavis:1
अडकतात	adakatat:3
अडकला	adkala:2	adakala:1
अडकलेला	adakalela:3
अडकलेले	adakalele:2	adaklele:1
अडकलेल्या	adakalelya:1	adaklelya:1	adkalelya:1
अडकल्या	adakalya:2	adkalya:1
अडकल्याने	adakalyane:2	adkalyane:1
अडकवलेल्या	adkavlelya:2	adakavalelya:1
अडकून	adakoon:1	adakun:1	adkoon:1	adkun:1
अडचण	adchan:2	adachan:1
अडचणी	adachanee:1	adachani:1	adchani:1
अडचणीच्या	adachanichya:2	adchanichya:1
अडचणीत	adachanit:2	adachaneet:1	adchneet:1
अडतात	adtat:3
अडथळा	adathala:3
अडथळे	adathale:3
अडवणूक	adavanook:1	adavanuk:1	adavnook:1	adavnuk:1
अडवली	adavali:2	adavalee:1
अडवले	adavale:3
अडवा	adava:2	adva:1
अडवाणी	advani:3
अडविले	adavile:2	advile:1
अडवून	adavoon:1	adavun:1	advun:1
अडसर	adasar:3
अडाणीपणा	adaneepana:2	adanipana:1
अडी	adee:2	adi:1
अडीअडचणींना	adeeadachaneenna:1	adiadachninna:1	adiadchaninna:1
अडीच	adich:2	adeech:1
अणकुचीदार	anakucheedar:1	ankuchidar:1	anukucheedar:1
अणि	ani:3
अणु	anu:3
अणुऊर्जा	anuurja:3
अणुबाँब	anubomb:3
अणुभट्टी	anubhatti:2	anubhattee:1
अणुभट्ट्या	anubhattya:3
अणुस्फोट	anusphot:2	anusfot:1
अणू	anu:2	anoo:1
अणे	ane:3
अण्णा	anna:4	ana:1	anaa:1	annaa:1
अण्णांची	annanchi:2	annanchee:1
अण्णाने	annane:3
अण्णाभाऊ	annabhau:3
अण्णासाहेब	annasaheb:3
अण्वस्त्र	anvastra:3
अण्वस्त्रसज्ज	anvastrasajja:3
अतः	atah:2	ata:1
अति	ati:3
अतिउच्च	atiuchcha:2	atiuchch:1
अतिजलद	atijalad:3
अतिथी	atithee:2	atithi:1
अतिनील	atineel:3
अतिप्रगत	atipragat:3
अतिप्राचीन	atipracheen:2	atiprachin:1
अतिरिक्त	atirikt:3
अतिरेकी	atirekee:2	atireki:1
अतिरेक्यांनी	atirekyanni:2	atirekyannee:1
अतिवापर	ativapar:2	atvapar:1
अतिशय	atishay:2	atishaya:1
अतिशीत	atisheet:2	atishit:2
अतिसार	atisar:2	atisaar:1
अतिसूक्ष्म	atisukshma:2	atisusham:1
अती	ati:2	atee:1
अतींद्रिय	ateendriya:1	atindriy:1	atindriya:1
अतीव	ateev:2	ativ:1
अतुल	atul:4	ataal:1	atool:1	etool:1
अतुलनीय	atulaneey:1	atulniy:1	atulniya:1
अतुल्य	atulya:2	atuly:1
अतूट	atoot:2	atut:2
अतोनात	atonat:2	atonaat:1
अत्यंत	atyant:3
अत्यधिक	atyadhik:2	atydhik:1
अत्यल्प	atyalp:2	atyalpa:1
अत्याचार	atyachar:2	atyachaar:1
अत्याचारापासून	atyacharapasun:2	atyachaarapasoon:1	atyachaarapasun:1
अत्याधुनिक	atyadhunik:2	atyaadhunik:1
अत्यावश्यक	atyaavashyak:1	atyavashyak:1	atyavashyk:1
अत्युच्च	atyuchch:2	atyuchh:1
अत्युत्तम	atyuttam:3
अत्रे	atre:3
अत्रेय	atrey:2	atreya:1
अत्र्यांनी	atryannee:3
अथक	athak:3
अथर्ववेद	atharvaved:3
अथर्वशीर्ष	atharvashirsh:2	athrvashirsh:1
अथवा	athava:3
अथांग	athang:3
अथेन्स	athens:4	atheens:1	atheeyns:1	atheyns:1
अथॉरिटी	authority:3
अदभुत	adbhut:2	adabhot:1
अदवंत	adavant:3
अदा	ada:3
अदृश्य	adrushya:3	adrushy:1
अदृष्य	adrushya:3	adrushy:2
अद्भुत	adbhut:3
अद्यतने	adyatane:3
अद्ययावत	adyayavat:2	adyayaavat:1
अद्याप	adyap:3
अद्यापही	adyapahi:2	adyapahee:1
अद्यापी	adyapi:2	adyapee:1
अद्यावत	adyavat:3
अद्वितीय	adviteey:2	advitiya:1
अद्वैत	advait:3
अधर	adhar:3
अधिक	adhik:3
अधिकच	adhikch:2	adhikach:1
अधिकचे	adhikche:3
अधिकच्या	adhikchya:2	adhikachya:1
अधिकात	adhikat:2	adhikaat:1
अधिकाधिक	adhikadhik:3
अधिकार	adhikar:2	adhikaar:1
अधिकारांचा	adhikarancha:3
अधिकारांची	adhikaranchee:2	adhikaranchi:1
अधिकारांच्या	adhikaranchya:3
अधिकारासाठी	adhikarasathee:2	adhikarasaathi:1
अधिकारी	adhikari:9	adhikaree:2	adhikaari:1
अधिकारीही	adhikareehee:2	adhikarihi:1
अधिकार्‍यांच्या	adhikaryanchya:3
अधिकार्‍याने	adhikaryane:3
अधिकाऱ्यांच्या	adhikaryanchya:3
अधिकाऱ्यांना	adhikaryanna:3
अधिकाऱ्यांनी	adhikaryannee:2	adhikaryanni:1
अधिकाऱ्याकडे	adhikaryakade:3
अधिकाऱ्याची	adhikaryachee:2	adhikaryachi:1
अधिकाऱ्याने	adhikaryane:3
अधिकृत	adhikrut:3
अधिकृतपणे	adhikrutapane:2	adhikritpane:1
अधिक्रमण	adhikraman:3
अधिनियम	adhiniyam:3
अधिनियमाच्या	adhiniyamachya:3
अधिनियमात	adhiniyamat:3
अधिनियमातील	adhiniyamateel:2	adhiniyamatil:1
अधिपती	adhipatee:2	adhipati:2
अधिपत्याखाली	adhipatyakhaali:1	adhipatyakhalee:1	adhipatyakhali:1
अधिपत्याखालील	adhipatyakhalil:2	adhipatyakhaleel:1
अधिवास	adhivas:3
अधिवेशन	adhiveshan:3
अधिवेशनात	adhiveshanat:3
अधिष्ठान	adhishthan:2	adhisthan:1
अधीक्षक	adhikshak:3
अधीन	adhin:2	adheen:1
अधून	adhun:3
अधूनमधून	adhunmadhun:3
अधोरेखित	adhorekhit:3
अध्यक्ष	adhyaksha:2	adhyaksh:1
अध्यक्षतेखाली	adhyakshatekhali:2	adhyakshatekhalee:1
अध्यक्षपद	adhyakshapad:3
अध्यक्षपदाची	adhyakshapadachi:2	adhyakshapadachee:1
अध्यक्षपदाच्या	adhyakshapadachya:3
अध्यक्षपदासाठी	adhyakshapadasathi:2	adhyakshapadasathee:1
अध्यक्षपदी	adhyakshapadi:2	adhyakshapadee:1
अध्यक्षस्थान	adhyakshasthan:3
अध्यक्षस्थानी	adhyakshasthani:2	adhyakshasthanee:1
अध्यक्षही	adhyakshahi:2	adyakshahee:1
अध्यक्षा	adhyaksha:3
अध्यक्षांच्या	adhyakshanchya:3
अध्यक्षांनी	adhyakshanni:2	adhyakshannee:1
अध्यक्षाचे	adhyakshache:3
अध्यक्षाने	adhyakshane:3
अध्यक्षीय	adhyakshiy:2	adhyaksheey:1
अध्ययन	adhyayan:3
अध्यात्म	adhyatma:2	adhyatm:1
अध्यात्मिक	adhyatmik:3
अध्यापक	adhyapak:3
अध्यापन	adhyapan:3
अध्यापनाची	adhyapanachi:2	adhyapanachee:1
अध्यापनाचे	adhyapanache:3
अध्यापनाच्या	adhyapanachya:3
अध्याय	adhyay:3
अध्यायांत	adhyayant:3
अध्यायात	adhyayat:3
अध्यायी	adhyayi:2	adhyayee:1
अध्यासन	adhyasan:3
अनंत	anant:2	ananta:1
अनंतराव	anantarao:1	anantrao:1	anantrav:1
अनंते	anante:3
अनधिकृत	anadhikrut:3
अननस	ananas:3
अनन्य	ananya:3
अनन्यसाधारण	ananyasadharan:3
अनन्वित	ananvit:3
अनपेक्षित	anpekshit:3
अनभिज्ञ	anabhidhnya:1	anabhidny:1	anbhidnya:1
अनभिषिक्त	anabhishikt:2	anabhishikta:1	anbhishikt:1
अनमोल	anamol:2	anmol:2
अनवर	anavar:3	anawar:1	anvar:1
अनवाणी	anavaani:1	anavanee:1	anwani:1
अनसूया	anasooya:1	anasuya:1	ansooya:1
अनागोंदी	anagondee:2	anagondi:1
अनाठायी	anathayee:2	anathayi:1
अनाथ	anath:3	anaath:1
अनाथालय	anathalay:3
अनादी	anadi:2	anadee:1
अनामिक	anamik:3
अनारकली	anarkali:3	anarakalee:1	anarakali:1	anarakalii:1
अनारोग्य	anarogya:3
अनावधानाने	anavadhanane:2	anavdhanane:1
अनावरण	anavaran:3
अनावश्यक	anavashyak:2	anavshyak:1
अनिकेत	aniket:3
अनिता	anita:4	aneeta:1	aniita:1
अनिद्रा	anidra:3
अनियंत्रित	aniyantrit:3
अनियमित	aniyamit:3
अनिरुद्ध	aniruddha:3
अनिर्बंध	anirbandh:2	anirbandha:1
अनिल	anil:4	aneel:1	aniil:1
अनिलकुमार	anilkumar:3
अनिवार्य	anivary:1	anivarya:1	aniwarya:1
अनिश्चित	anishchit:3
अनिष्ट	anisht:3
अनिस	anis:3
अनुकरण	anukaran:3
अनुकूल	anukul:3
अनुकूलन	anukulan:3
अनुक्रमांक	anukramank:2	anukramanka:1
अनुक्रमे	anukrame:3
अनुग्रह	anugraha:2	anugrah:1
अनुज्ञा	anudhnya:1	anudnya:1	anygnya:1
अनुत्सुक	anutsuk:3
अनुदान	anudan:3
अनुनय	anunay:3
अनुनासिक	anunasik:3
अनुपम	anupam:3
अनुपमा	anupama:3
अनुपलब्ध	anupalabdh:2	anuplabdh:1
अनुपस्थिती	anupasthitee:1	anupasthiti:1	anupasthti:1
अनुपस्थितीत	anupasthitit:2	anupsthiteet:1
अनुप्रयोग	anuprayog:2	anuproyog:1
अनुभव	anubhav:3
अनुभवणे	anubhavane:3
अनुभवता	anubhavata:2	anubhavta:1
अनुभवतात	anubhavtat:2	anubhavatat:1
अनुभवलेले	anubhavalele:3
अनुभवलेल्या	anubhavalelya:3
अनुभवांवर	anubhavanvar:3
अनुभवांवरून	anubhavanvaroon:2	anubhavanvarun:1
अनुभवाचा	anubhavacha:3
अनुभवाची	anubhavachee:2	anubhavachi:1
अनुभवाचे	anubhavache:3
अनुभवात	anubhavat:3
अनुभवातून	anubhavatoon:2	anubhavatun:1
अनुभवायला	anubhavayala:1	anubhavayla:1	anubhawayala:1
अनुभवी	anubhavee:2	anubhavi:1
अनुभूती	anubhootee:2	anubhutee:1
अनुमती	anumati:2	anumatee:3	anoomatee:1
अनुमतीने	anumateene:3	anoomateene:1
अनुमान	anuman:2	anooman:1	anumaan:1
अनुमोदन	anumodan:3	anoomodan:1
अनुयायांचा	anooyayancha:1	anuyaayancha:1	anuyayancha:1
अनुयायांचे	anooyayanche:1	anuyaayanche:1	anuyayanche:1
अनुयायांना	anooyayanna:1	anuyaayanna:1	anuyayanna:1
अनुयायी	anuyayi:2	anooyayee:1	anuyaayi:1	anuyayee:1
अनुराधा	anuradha:3
अनुरूप	anurup:2	anuroop:1
अनुवांशिक	anuvanshik:3
अनुवाद	anuvad:3
अनुवादक	anuvadak:3
अनुवादही	anuvadahi:2	anuvadhee:1
अनुवादाचे	anuvadache:3
अनुवादाच्या	anuvadachya:3
अनुवादासाठी	anuvadasathi:2	anuvadasathee:1
अनुवादित	anuvadit:3
अनुषंगाने	anushangane:3
अनुषंगिक	anushangik:3
अनुष्का	anushka:3
अनुसंधान	anusandhan:2	anusandhaan:1
अनुसरून	anusarun:2	anusaroon:1
अनुसार	anusar:2	anusaar:1
अनुसूचित	anusuchit:2	anusoochit:1
अनुस्वार	anuswar:2	anoosvar:1	anusvaar:1	anusvar:1
अनेक	anek:4
अनेकजण	anekjan:2	anekajan:1
अनेकदा	anekda:4	anekada:3
अनेकवचन	anekvachan:2	anekavachan:1
अनेकवचनी	anekavachanee:1	anekvachanee:1	anekvachani:1
अनेकविध	anekavidh:2	anekvidh:1
अनेकांचा	anekancha:3
अनेकांची	anekanchi:2	anekanchee:1
अनेकांचे	anekanche:3
अनेकांच्या	anekanchya:3
अनेकांना	anekanna:3
अनेकांनी	anekaanni:1	anekannee:1	anekanni:1
अनेकांशी	anekanshi:2	anekanshee:1
अनेकानेक	anekanek:3
अनैच्छिक	anaichchhik:1	anaichchik:1	anaichhik:1
अनैसर्गिक	anaisargik:2	anaisrgik:1
अनोखे	anokhe:3
अनौपचारिक	anoupcharik:2	anopcharik:1
अनौरस	anauras:2	anoras:1	anouras:1
अन्	an:3
अन्न	anna:3
अन्नघटक	annaghatak:2	annagrahan:1
अन्नधान्य	annadhanya:3
अन्नधान्याचे	annadhanyache:3
अन्ननलिका	annanalika:3
अन्नपदार्थ	annapadarth:2	annapadartha:1
अन्नपूर्णा	annapurna:4	anapoorna:1	anapurna:1	annapaarna:1
अन्नसुरक्षा	annasuraksha:3
अन्नाची	annachi:2	annachee:1
अन्य	anya:3
अन्यत्र	anyatra:2	anyatr:1
अन्यथा	anyatha:3
अन्याय	anyay:4
अन्यायकारक	anyaykarak:3
अन्यायाचा	anyayacha:3
अन्यायाने	anyayane:3
अन्यायावर	anyayavar:3
अन्यायी	anyayi:2	anyayee:1
अन्वयार्थ	anvayarth:2	anvayartha:1
अन्वये	anvaye:3
अन्वर	anvar:4	anwar:1	anwara:1
अन्वेषण	anveshan:3
अप	ap:3	up:2
अपंग	apang:3
अपंगत्व	apangatv:1	apangatva:1	apangatwa:1
अपक्ष	apaksh:3
अपघात	apaghat:2	apghat:1
अपघातांची	apghatanchi:2	apaghatanchi:1
अपघाताच्या	apaghatachya:2	apghatachya:1
अपघातात	apaghatat:2	apghatat:1
अपघाती	apaghatee:1	apaghati:1	apghati:1
अपत्य	apatya:3
अपत्यप्राप्ती	apatyaprapti:3
अपत्याची	apatyachi:3
अपत्ये	apatye:3
अपभ्रंश	apabhransh:1	apbhransh:1	upabhransh:1
अपमान	apamaan:1	apaman:1	apmaan:1
अपमानाचा	apamanacha:3
अपमानास्पद	apamanaspad:3
अपमानीत	apamaneet:2	apamanit:1
अपयश	apayash:3
अपयशानंतर	apayashanantar:3
अपयशी	apayashi:2	apayashee:1
अपराध	aparadh:3	aparaadh:1
अपराधाची	aparadhachee:2	aparadhachi:1
अपराधी	aparadhi:2	aparadhee:1
अपरिचित	aparichit:3
अपरिमित	aparimit:3
अपरिवर्तनीय	aparivartaneeya:1	aparivartaniya:1	aparivartneey:1
अपरिहार्य	apariharya:2	aparihary:1
अपर्णा	aparna:3
अपलोड	upload:4	apaloda:1	apalooda:1	aplod:1
अपवाद	apavad:3
अपवादात्मक	apavadatmak:3
अपवादानेच	apavadanech:3
अपवित्र	apavitra:2	apavitr:1
अपव्यय	apavyay:3
अपहरण	apaharan:3
अपार	apar:2	apaar:1
अपारंपारिक	aparamparik:3
अपारदर्शक	apardarshak:2	aparadarshak:1
अपार्टमेंट्स	apartameents:1	apartaments:1	apartamentsa:1	apartmeents:1
अपील	apeel:4	apeal:1	apel:1	apiil:1
अपुरी	apuri:2	apuree:1
अपुरे	apure:3
अपूर्ण	apoorn:1	apurn:1	apurna:1
अपूर्व	apoorv:2	apurv:1
अपूर्वा	apoorva:2	apurva:1
अपेक्षा	apeksha:3
अपेक्षित	apekshit:3
अपेक्षीत	apeksheet:2	apekshit:1
अपेक्षेनुसार	apekshenusar:3
अपोलो	apolo:4	apooloo:1
अप्पा	appa:3
अप्पासाहेब	appasaheb:3
अप्रकाशित	aprakashit:3
अप्रचलित	aprachalit:3
अप्रतिम	apratim:3
अप्रत्यक्ष	apratyaksha:2	apratyaksh:2
अप्रत्यक्षपणे	apratyakshapane:3
अप्रसिद्ध	aprasiddh:2	aprasiddha:1
अप्रिय	apriy:3	apriya:1
अप्सरा	apsara:3
अफगाण	afagan:1	afgan:1	afghan:1
अफगाणिस्तान	afaganistan:2	afghanistan:1
अफगाणिस्तानचा	afghanistancha:2	afaganistancha:1
अफगाणिस्तानचे	afghanistanche:2	afaganistanche:1
अफगाणिस्तानच्या	afghanistanchya:2	afaganistanchya:1
अफगाणिस्तानमधील	afghanistanmadhil:2	afaganistanmadheel:1
अफगाणिस्तानमध्ये	afghanistanmadhye:2	afaganistanmadhye:1
अफगाणिस्तानला	afaganistanla:1	afghanistanala:1	afghanistanla:1
अफगाणिस्तानात	afghanistanat:2	afaganistanat:1
अफगाणिस्तानातील	afghanistanatil:2	afaganistanateel:1
अफगाणी	afghani:2	afagani:1
अफजलखान	afajalkhan:1	afazalkhan:1	afzalkhan:1
अफजलखानाचा	afajalkhanacha:2	afzalkhanacha:1
अफलातून	afalataoon:1	afalatoon:1	aflatoon:1
अफवा	afava:3	afva:1	afwaa:1	aphava:1
अफाट	afat:4	afaat:1	aphat:1
अफ्रिका	africa:2	afrika:2
अबकारी	abakaree:2	abakari:1
अबाऊट	abaut:1	abauta:1	about:1
अबाधित	abadhit:3
अबीर	abir:2	abeer:1
अबुल	abul:3
अबू	aboo:3	abu:2	abbu:1	abbuu:1
अब्ज	abj:2	abja:1
अब्जाधीश	abjadhish:2	abjadheesh:1
अब्जावधी	abjavadhi:2	abjavadhee:1
अब्दाली	abdali:2	abdalee:1
अब्दुल	abdul:4	abdula:1
अब्दुल्ला	abdulla:3
अब्बास	abbas:4	abas:1	abasa:1	abbasa:1
अब्राहम	abraham:3
अब्राहाम	abraham:4	abrahama:1
अब्राह्मणी	abrahmanee:2	abrahamni:1
अभंग	abhang:3
अभंगरचना	abhangarachana:1	abhangrachana:1	abhangrachna:1
अभंगातील	abhangatil:2	abhangateel:1
अभय	abhay:3
अभयारण्य	abhayarany:3	abhayaranya:3
अभयारण्याचा	abhayaranyacha:3
अभयारण्याच्या	abhayaranyachya:3
अभयारण्यात	abhayaranyat:3
अभाव	abhav:3	abhaav:1
अभावानेच	abhavanech:3
अभावामुळे	abhavamule:3
अभावी	abhavi:3	abhavee:1
अभिक्रिया	abhikriya:3
अभिजात	abhijat:2	abhijaat:1
अभिजित	abhijit:2	abhijeet:1
अभिजीत	abhijeet:2	abhijit:1
अभिनंदन	abhinandan:2	abhinadan:1
अभिनय	abhinay:3	abhinaya:2
अभिनयही	abhinayahi:2	abhinayahee:1
अभिनयाचा	abhinayacha:3
अभिनयाची	abhinayachi:3
अभिनयाचे	abhinayache:3
अभिनयाच्या	abhinayachya:3
अभिनयाने	abhinayane:3
अभिनयाला	abhinayala:3
अभिनयासाठी	abhinayasathi:2	abhinayasaathi:1
अभिनव	abhinav:3
अभिनेता	abhineta:3
अभिनेते	abhinete:3
अभिनेत्यांची	abhinetyanchi:3
अभिनेत्याचा	abhinetyacha:3
अभिनेत्याने	abhinetyane:3
अभिनेत्री	abhinetri:3
अभिनेत्रींची	abhinetrinchi:2	abhinetrinchee:1
अभिनेत्रीचा	abhinetreecha:2	abhinetricha:2
अभिनेत्रीच्या	abhinetreechya:2	abhinetrichya:1
अभिनेत्रीने	abhinetreene:2	abhinetrine:1
अभिनेत्रीला	abhinetreela:2	abhinetrila:1
अभिप्राय	abhipray:2	abhipraya:1
अभिप्रेत	abhipret:3
अभिमत	abhimat:3
अभिमन्यू	abhimanyoo:2	abhinanyu:1
अभिमान	abhiman:3
अभिमानाने	abhimanane:3
अभिमानास्पद	abhimanaspad:3
अभियंता	abhiyanta:3
अभियंते	abhiyante:3
अभियांत्रिकी	abhiyantriki:2	abhiyantrikee:1
अभियांत्रिकीची	abhiyantrikichi:2	abhiyantrikeechi:1
अभियांत्रिकीच्या	abhiyantrikichya:2	abhiyantrikeechya:1
अभियान	abhiyan:2	abhiyaan:1
अभियानांतर्गत	abhiyanantargat:3
अभियानाअंतर्गत	abhiyanaantargat:3
अभियानाच्या	abhiyanachya:3
अभियानात	abhiyanat:3
अभियानाला	abhiyanala:3
अभिरुची	abhiruchi:2	abhiroochee:1
अभिलेख	abhilekh:3
अभिवादन	abhivadan:3
अभिव्यक्त	abhivyakt:3
अभिव्यक्ती	abhivyakti:2	abhivyaktee:1
अभिषेक	abhishek:4
अभुतपूर्व	abhutpoorv:2	abhutapurva:1
अभूतपूर्व	abhootapoorv:1	abhootpoorv:1	abhutapurva:1
अभेद्य	abhedh:2	abhedya:1
अभ्यंकर	abhyankar:3
अभ्यंगस्नान	abhangyasnan:1	abhyangasnan:1	abhyangsnan:1
अभ्यागत	abhyagat:3
अभ्यागतांना	abhyagatanna:2	abhyahatanna:1
अभ्यास	abhyas:3
अभ्यासक	abhyasak:3
अभ्यासकांचे	abhyasakanche:3
अभ्यासकांच्या	abhyasakanchya:3
अभ्यासकांना	abhyasakanna:2	abhyaskanna:1
अभ्यासकांनी	abhyasakannee:2	abhyasakanni:1
अभ्यासकाने	abhyasakane:3
अभ्यासक्रम	abhyaskram:3	abhyasakram:2
अभ्यासक्रमांत	abhyaskramant:3
अभ्यासक्रमांना	abhyaskramanna:3
अभ्यासक्रमांमध्ये	abhyaskramanmadhye:2	abhayskramanmadhye:1
अभ्यासक्रमांसाठी	abhyaskramansathi:3
अभ्यासक्रमाचे	abhyaskramache:3
अभ्यासक्रमात	abhyaskramat:3
अभ्यासक्रमातून	abhyaskramatun:3
अभ्यासक्रमाला	abhyaskramala:3
अभ्यासक्रमासाठी	abhyasakramasathee:2	abhyaskramasathi:1
अभ्यासता	abhyasata:3
अभ्यासपूर्ण	abhyasapurna:1	abhyaspoorn:1	abhyaspurna:1
अभ्यासला	abhyasla:2	abhyasala:1
अभ्यासले	abhyasale:2	abhyasle:1
अभ्यासही	abhyasahi:2	abhyashi:1
अभ्यासाकरिता	abhyasakarita:3
अभ्यासाचा	abhyasacha:3
अभ्यासाची	abhyasachi:3
अभ्यासाचे	abhyasache:2	abhysache:1
अभ्यासाच्या	abhyasachya:3
अभ्यासात	abhyasat:3
अभ्यासातून	abhyasatun:2	abhyasatoon:1
अभ्यासानुसार	abhyasanusar:2	abhyasanusaar:1
अभ्यासामुळे	abhyasamule:3
अभ्यासाला	abhyasala:3
अभ्यासावर	abhyasavar:3
अभ्यासासाठी	abhyasasathi:2	abhyasasaathi:1
अभ्यासू	abhyasu:2	abhyasoo:1
अभ्युदय	abhyuday:3
अमंगल	amangal:3
अमन	aman:3
अमर	amar:4
अमरत्व	amaratva:3
अमरनाथ	amarnath:2	amaranath:1
अमरशेख	amarshekh:3
अमराठी	amrathi:2	amarathee:1
अमरापूरकर	amarapurkar:1	amrapoorkar:1	amrapurkar:1
अमरावती	amravati:3	amaravatee:1	amaravati:1	amaravatii:1
अमरावतीच्या	amravatichya:2	amaravateechya:1
अमरावतीत	amaravateet:1	amravateet:1	amravatit:1
अमरावतीतील	amaravatitil:1	amravatiteel:1	amravatitil:1
अमरीश	amrish:2	amarish:1
अमरेंद्र	amrendra:2	amarendra:1
अमर्याद	amaryad:3
अमलात	amalat:1	amlaat:1	amlat:1
अमात्य	amatya:3
अमान	amaan:3
अमानत	amanat:3
अमानुष	amanush:2	amanushh:1
अमान्य	amanya:3	amaanya:2
अमाप	amaap:3	amap:1
अमावस्या	amavasya:3
अमावस्येला	amavasyela:3	amavasela:1
अमावास्या	amavasya:3
अमावास्येला	amavasyela:3	amaavasyela:1	amawasyela:1
अमित	amit:4	ameet:1	amita:1
अमिताभ	amitabh:3
अमिरात	amirat:3	ameerat:1
अमिराती	amirati:3
अमिश	amis:1	amish:1	amishh:1
अमीर	amir:4	ameer:2	amear:1	amiir:1
अमुक	amuk:3
अमुचे	amuche:3	amooche:1
अमुच्या	amuchya:3	amoochya:1
अमूर्त	amurt:3	amoort:1
अमूल्य	amulya:3	amoolya:1
अमृत	amrut:3	amroot:1
अमृतवेल	amrutvel:3	amrootvel:1	amrootwel:1	amrutwel:1
अमृतसर	amritsar:3	amrutsar:2	amraatsar:1	amrootsar:1
अमृतसरच्या	amritasarchya:1	amritsarchya:1	amrutasarchya:1	amrutsarchya:1
अमृता	amruta:4	amrita:2	amritaa:1
अमृताची	amrutachi:3	amritachi:1	amrutachee:1
अमृतानुभव	amrutanubhav:3	amrootanubhav:1	amrutanoobhav:1
अमेठी	amethi:3	amethee:1
अमेरिकन	american:5	amarican:2	amarikan:2	ameerican:2
अमेरिका	amerika:3	america:4	amarica:1	amaricaa:1
अमेरिकी	ameriki:2	americi:1
अमेरिकेचा	americecha:3
अमेरिकेची	americechi:3	americechee:1
अमेरिकेचे	americeche:3
अमेरिकेच्या	amerikechya:4	americechya:2
अमेरिकेत	ameriket:3	americet:3
अमेरिकेतील	ameriketil:2	americeteel:1	americetil:1
अमेरिकेने	americane:1	americene:1	amerikene:1
अमेरिकेमधील	americemadhil:2	americamadheeel:1	amerikemadhil:1
अमेरिकेमध्ये	americemadhe:1	amerikemadhye:1	amricemadhye:1
अमेरिकेला	americela:2	amerikela:1
अमेरिकेहून	americehoon:2	americehun:2	amerikehun:1
अमेरीका	america:3
अमोघ	amogh:3
अमोणकर	amonkar:2	amonakar:1
अमोल	amol:3
अयशस्वी	ayashsvi:2	ayeshasvee:1	ayeshasvi:1	ayeshaswee:1
अयान	ayaan:2	ayan:1
अयोग्य	ayogya:3
अयोध्या	ayodhya:4	ayoodhya:1
अयोध्येचा	ayodhyecha:2	ayodhyechya:1
अयोध्येला	ayodhyela:3
अय्यंगार	iyengar:3	ayyangar:2	ayangar:1	ayengar:1
अय्यर	ayyar:4	iyer:2	aiyar:1	ayyer:1
अरण	aran:3
अरण्य	aranya:3
अरण्यात	aranyat:2	aranyaat:1
अरनॉल्ड	aranald:1	arnald:1	arnold:1
अरब	arab:4	araba:1
अरबी	arabi:4	arabii:2	arbee:1	arbi:1
अरवली	aravalee:2	aravali:2	arawalee:1	arawali:1
अरविंद	arvind:3	arwind:2	aravind:1	aravinda:1
अरिष्ट	arisht:2	arishht:1
अरुंद	arund:3	aroond:1
अरुंधती	arundhati:3	arundhatee:1
अरुण	arun:3	aroon:2
अरुणकुमार	arunkumar:3	aroonkumar:1
अरुणा	aruna:3	aroona:1	arunaa:1
अरुणाचल	arunachal:3
अरूण	arun:3	aroon:1
अरूणा	aruna:3	aroona:1
अरूणाचल	arunachal:3
अरे	are:4	aree:1	areey:1	arei:1
अरेच्या	arechya:2	arechha:1
अरेबियन	arabian:2	arebian:1
अरेबिया	arabia:2	arebia:2	arebea:1	arebeaa:1
अरेरावी	areravi:3
अर्क	ark:2	arc:1
अर्घ्य	aghry:1	arghya:1	arghye:1
अर्चन	archan:3
अर्चना	archana:4	archanaa:2
अर्ज	arj:3
अर्जुन	arjun:5	arjoon:2	arjuna:2	arzoon:2
अर्जुनाचा	arjunacha:3
अर्जुनाचे	arjunache:3
अर्जुनाच्या	arjunachya:3
अर्जुनाने	arjunane:3
अर्जुनी	arjuni:3	arjunee:1
अर्थ	arth:3
अर्थकारण	arthkaran:2	arthakaran:1
अर्थगर्भ	arthgarbh:2	earthgarbh:1
अर्थच	arthch:2	arthach:1
अर्थतज्ज्ञ	arthatajdha:1	arthtagna:1	earthtadny:1
अर्थपूर्ण	arthapurn:1	arthapurna:1	arthpurn:1
अर्थबोध	arthabodh:2	arthbodh:1
अर्थमंत्री	arthamantri:2	arthmantri:1
अर्थव्यवस्था	arthavyavasta:1	arthavyavastha:1	arthvishayak:1	arthwyavasta:1
अर्थव्यवस्थेचे	arthavyavastheche:2	arthvyavastheche:1
अर्थव्यवस्थेच्या	arthavyavasthechya:2	arthvyavasthechya:1
अर्थव्यवस्थेत	arthavyavasthet:2	arthvyavasthet:1
अर्थव्यवस्थेतील	arthavyavasthetil:2	arthvyavasthetil:1
अर्थव्यवस्थेमध्ये	arthavyavasthemadhye:2	arthvyavasthemandhye:1
अर्थशास्त्र	arthashastra:2	arthshastra:1
अर्थशास्त्रज्ञ	arthashastradhna:1	arthashastradnya:1	arthshastradny:1
अर्थशास्त्राचा	arthashastracha:1	arthsastracha:1	arthshastracha:1
अर्थशास्त्राची	arthashastrachee:1	arthashastrachi:1	arthshastrachi:1
अर्थशास्त्राचे	arthashastrache:2	arthshastrache:1
अर्थशास्त्रात	arthashastrat:2	arthshastrat:1
अर्थशास्त्रातील	arthashastrateel:1	arthashastratil:1	arthshastratil:1
अर्थसंकल्प	arthasankalp:2	arthsankalp:1
अर्थसाहाय्य	arthasaahaayy:2	arthasahay:1
अर्थही	arthahi:3	arthahee:1
अर्थांनी	arthanni:3
अर्थाचा	arthacha:3
अर्थाचे	arthache:3
अर्थात	arthat:3
अर्थातच	arthatach:3
अर्थात्	arthat:3
अर्थाने	arthane:3
अर्थार्जन	artharjan:3
अर्थी	arthi:3	arthee:1
अर्ध	ardh:2	ardha:1
अर्धपारदर्शक	ardhapardarshak:2	ardhpardarshak:1
अर्धवट	ardhavat:2	ardhawat:2	ardhvat:1
अर्धा	ardha:3
अर्धांगवायू	ardhangvayu:2	ardhangavayu:1	ardhangwayu:1
अर्धापूर	ardhapur:2	ardhapoor:1	ardhpur:1
अर्धी	ardhi:3
अर्धे	ardhe:3
अर्ध्या	ardhya:3
अर्ध्याहून	ardhyahun:3
अर्नाळा	arnala:2	arnaalaa:1
अर्पण	arpan:3
अर्पणपत्रिका	arpanpatrika:2	arpanapatrika:1
अर्पिता	arpita:3
अर्ल	arl:1	arla:1	earl:1	erl:1
अर्वाचीन	arvacheen:2	arvachin:2
अर्शद	arshad:3
अलंकार	alankar:3	alankaar:1
अलकनंदा	alaknanda:3	alaknandaa:1
अलका	alaka:4	alka:2	alkaa:2	alakaa:1
अलख	alakh:3
अलग	alag:3
अलबेला	albela:3	albelaa:1
अलवर	alvar:3	alwar:2	alavar:1	alavara:1
अलाबामा	alabama:1	albama:1	ulbama:1
अलास्का	alaska:4	alaashka:1	alaaska:1	alaasqa:1
अलाहाबाद	allahabad:2	alahabad:2	alaahabaad:1	alahabada:1
अलिकडच्या	alikadchya:2	alikadachya:1	alikadchyaa:1
अलिकडे	alikade:3	aleekade:1
अलिखित	alikhit:3	aleekheet:1	aleekhit:1	alikheet:1
अलिप्त	alipt:3	aleept:1
अलिबाग	alibag:3
अली	ali:4	alee:2	alii:1
अलींच्या	alinchya:3	aleenchya:1	aleenchyaa:1	alinchyaa:1
अलीकडच्या	alikadachya:1	alikadcha:1	alikadchya:1
अलीकडील	alikadil:3	alikadeel:1
अलीकडे	alikade:3	alikaday:1	alikadey:1
अलीकडेच	alikadech:3	alikadaych:1
अलीगढ	aligadh:2	aligarh:2	aligad:1
अलीच्या	alichya:3	aleechya:1
अलीने	aline:3	aleene:1
अलीम	alim:3	aleem:2
अलीला	alila:3	aleela:1
अलेक्झांडर	alexander:3	alekjhaandar:1	alekjhandar:1	alekzaandar:1
अलेक्झांडरच्या	alexanderchya:3	alekjhaandarchya:1	alekjhandarchya:1	alekzaandarchya:1
अलेक्झांडरने	alexanderne:2	alekjhaandarne:1	alekjhandarne:1	alekzaandarne:1
अलेक्झांडरला	alexanderla:3	alekjhaandarla:1	alekjhandarla:1	alekzaandarla:1
अलेक्झांड्रिया	alexandria:3
अलौकिक	alaukik:2	alaaukik:1
अल्कली	alkali:4	alkalee:1	alkalii:1	alqali:1
अल्कोहोल	alcohol:4	alkohol:2	alcoohool:1	alkoohool:1
अल्जीरिया	aljiriya:2	algeria:1	aljeeriya:1
अल्झायमर	alzheimer:3	aljhayamar:1	alzayamar:1
अल्टिमेट	ultimate:3	altimet:1
अल्ट्रा	ultra:4	altra:2
अल्ताफ	altaf:4	altaaf:2	altaph:2	altaaph:1
अल्प	alpa:2	alp:1
अल्पकाळ	alpakaal:1	alpakal:1	alpkal:1
अल्पदरात	alpadarat:2	alpdarat:1
अल्पना	alpana:2	alpna:1
अल्पभूधारक	alpbhudharak:2	alpabhoodharak:1
अल्पवयीन	alpavayin:2	alpavayeen:1	alpvayin:1
अल्पशी	alpshi:2	alpashi:1
अल्पसंख्य	alpsankhy:2	alpasankhya:1
अल्पसंख्यक	alpasankhyak:1	alpsankhyak:1	alpsankhyk:1
अल्पसंख्यांक	alpasankhyanka:1	alpsankhyank:1	alpsankyank:1
अल्पसंख्याक	alpasankhyaka:1	alpsankhyak:1	alpsankhyank:1
अल्पसंख्याकांचे	alpasankhyakanche:1	alpsankhyakanche:1	alpsankyakanche:1
अल्पसा	alpasa:2	alpsa:1
अल्पावधीत	alpavadhit:3	alpvadheet:1
अल्पावधीतच	alpavadhitach:2	alpavadhitacha:1
अल्पोपहार	alpopahar:1	alpophaar:1	alpophar:1
अल्फा	alpha:5	alfa:3
अल्फान्सो	alfanso:1	alfonso:1	alfoonsoo:1	alphanso:1
अल्बम	album:4	albam:1	albama:1
अल्बर्ट	albert:4	albart:1	albarta:1	ulbart:1
अल्ला	alla:4	ala:1
अल्लाउद्दिन	allauddin:3
अल्लाउद्दीन	allauddin:3
अल्लाच्या	allachya:3
अल्लाने	allane:3
अल्लाह	alah:1	alaha:1	allah:1	allaha:1
अल्सर	ulcer:3	alsar:1
अल्हाददायक	alhadadayak:2	alhaadadaayak:1	alhaddayak:1
अळी	ali:2	alee:1
अळ्या	alya:2	alhya:1	alyaa:1
अवकळा	avakala:2	avakalha:1	avkalaa:1
अवकाश	avkash:3	avakash:1	avkaash:1
अवकाशयान	avkashyan:2	avakashyan:1	avkaashyan:1	avkashayan:1
अवकाशाची	avkashachi:2	ackashachi:1	avakashachi:1	avkaashachi:1
अवकाशात	avkashat:3	avakaashat:1	avakashat:1
अवकाशातील	avkashatil:3	avakashatil:1	avkaashatil:1	avkashaatil:1
अवकाशातून	avkashatun:3	avkashatoon:2	avakashatun:1	avkaashatun:1
अवगत	awagat:2	avagat:2
अवघड	avaghad:1	avghad:1	awaghad:1
अवघडच	avaghadach:1	avghadach:1	awaghdach:1
अवघडल्यासारखं	avaghadalyasarakh:1	avaghadalyasarkha:1	avaghadlyasarkh:1	avghadlyasarakh:1
अवघा	avagha:3	avgha:1	avghaa:1
अवघाची	avaghachi:3	avghaachi:1	avghachee:1	avghachi:1
अवघी	avaghi:2	avghi:1	awaghi:1
अवघेचि	avaghechi:3	awaghechi:1
अवघ्या	avaghya:2	avghya:1	awaghya:1
अवचट	avachat:2	avchat:1	awchat:1
अवजड	avajad:2	avjad:1	awajad:1
अवजार	avajar:3	awajar:1
अवजारे	avjare:2	avajare:1	awajare:1
अवतरणे	avatarane:2	avtarne:1	awatarane:1
अवतरते	avatarte:1	avtarte:1	awatarate:1
अवतरला	avatarala:1	avatarla:1	avtarla:1	awatarala:1
अवतरली	avatarali:1	avatarli:1	avtarli:1	awatarali:1
अवतार	avatar:2	avtar:2	avatara:1	avetara:1
अवध	awadh:3	avadh:1
अवधी	avadhi:2	avdhi:1	awadhi:1
अवधूत	avadhut:1	avdhoot:1	avdhut:1
अवमान	avaman:1	avman:1	awaman:1
अवमूल्यन	avamulyan:1	avmoolyan:1	avmulyan:1	awamulyan:1
अवयव	avayav:2	awayaw:1
अवयवदान	avayavadan:1	avyavdan:1	awayawdan:1
अवयवांची	avayavanchi:1	avayawanchi:1	avyavanchi:1	awayawanchi:1
अवयवांचे	avayavanche:1	avayawanche:1	avyavanche:1	awayawanche:1
अवयवांच्या	avayavanchya:1	avayawanchya:1	avyavanchya:1	awayawanchya:1
अवयवांना	avayavanna:1	avayawanna:1	avyavanna:1	awayawanna:1
अवयवांमध्ये	avayavanmadhye:1	avayawanmadhe:1	avyavanmadhye:1	awayawanmadhe:1
अवयवाचा	avayavacha:1	avayawacha:1	avayvacha:1	awayawacha:1
अवर्णनीय	avarnaniya:1	avarnniy:1	awarnaniy:1
अवर्षणग्रस्त	avarshanagrasta:1	avarshangrast:1	awarshangrast:1
अवर्षणप्रवण	avarshanapravana:1	avarshanpravan:1	awarshnapravan:1
अवलंब	avalamb:1	avalamba:1	awalamb:1
अवलंबून	avalambun:1	avlambun:1	awalambun:1
अवलोकन	avalokan:1	avlokan:1	awalokan:1
अवशेष	avashesh:2	avshesh:1	awashesh:1
अवशेषांचे	avasheshache:1	avasheshanche:1	avsheshanche:1
अवश्य	avashy:1	avashya:1	awashy:1
अवस्था	avastha:3	awastha:1
अवस्थाही	avasthahi:3	awasthahi:1
अवस्थेचे	avastheche:2	avstheche:1	awastheche:1
अवस्थेत	avasthet:2	avsthet:1	awasthet:1
अवस्थेतील	avasthetil:3	awasthetil:1
अवस्थेपासून	avasthepasun:3	awasthepasun:1
अवस्थेमध्ये	avasthemadhye:3	awasthemadhye:1
अवस्थेला	avasthela:3	awasthela:1
अवाक	avak:3	awak:1
अवाजवी	avajavi:2	avajvi:1
अवाढव्य	avadhavya:2	avadhavy:1
अवार्ड	award:3
अविकसित	avikasit:3
अविचल	avichal:3
अविचार	avichar:3	aveechar:1
अविनाश	avinash:3
अविनाशी	avinashi:3
अविभाज्य	avibhajya:2	aveebhajya:1	avibhajy:1
अविरत	avirat:3	aveerat:1
अविवाहित	avivahit:3	aveevahit:1	avivaahit:1
अविश्वसनीय	avishvasaniy:1	avishvasaniya:1	avishvasniy:1	avishwasaniy:1
अविश्वास	avishvas:3	avishwas:1
अविस्मरणीय	avismaraniy:2	aveeskaraniy:1	avismaraneey:1	avismaraniya:1
अवैध	avaedh:1	avaidh:1	avaidha:1
अवैधरीत्या	avaedhritya:1	avaidharitya:1	avaidhreetya:1
अव्यक्त	avyakt:2	avyakta:1
अव्यय	avyay:3
अव्वल	avval:3
अशक्य	ashakya:3
अशक्यप्राय	ashakyapray:3	ashakyapraay:1
अशफाक	ashfak:2	ashafak:1
अशा	asha:3
अशांतता	ashantata:3
अशाच	ashach:2	ashacha:1
अशात	ashat:3
अशाप्रकारचे	ashaprakarche:2	ashaprakarache:1
अशाप्रकारे	ashaprakare:3
अशावेळी	ashaveli:2	ashavelhi:1
अशिक्षित	ashikshit:3
अशी	ashi:3	ashee:1
अशीच	ashich:3	asheech:1
अशीही	ashihi:3	asheehi:1	ashihee:1
अशुद्ध	ashuddha:2	ashooddh:1	ashuddh:1	ashyddh:1
अशुद्धलेखन	ashuddhalekhan:2	ashuddhlekhan:2	ashooddhalekhan:1
अशुभ	ashubh:2	ashubha:1
अशोक	ashok:5	ashhok:2	ashook:2	ashoq:2
अशोकचक्र	ashokachakra:1	ashokchakr:1	ashokchakra:1
अशोकची	ashokchi:2	ashokachi:1
अशोकस्तंभ	ashokstambh:2	ashokastambh:1
अशोका	ashoka:3
अशोकाचे	ashokache:3
अशोकाच्या	ashokachya:3
अशोकाने	ashokane:3
अश्या	ashya:3
अश्रू	ashru:3	ashroo:1
अश्लील	ashlil:2	ashleel:1	ashlila:1
अश्व	ashva:2	ashwa:1
अश्वत्थामा	ashvatthama:2	ashvatthatma:1
अश्विन	ashvin:3	ashwin:2	ashhvin:1	ashhween:1
अश्विनी	ashvini:2	ashwini:2
अष्टक	ashtak:3
अष्टकोनी	ashtakoni:2	ashtakonee:1
अष्टपैलू	ashtapailu:2	ashtapailoo:1	ashtpailloo:1	ashtpailu:1
अष्टप्रधान	ashtapradhan:2	ashtpradhan:1
अष्टमांश	ashtamansh:2	ashtamaansh:1	ashtamansha:1
अष्टमी	ashtami:3	ashtamee:1
अष्टविनायक	ashtavinayak:3	ashtavinayaka:1
अष्टविनायकांपैकी	ashtavinayakanpaiki:1	ashtavinayakanpainki:1	ashtvinayakanpaiki:1
अष्टांग	ashtang:3
अष्टांगिक	ashtangik:3
अस	as:2	us:1
असं	asa:2	asn:2	asam:1
असंख्य	asankhya:2	asankhy:1
असंच	asanch:3
असंतुलित	asantulit:3
असंतोष	asantosh:3
असंबद्ध	asambaddha:1	asambadha:1	asanbaddh:1
असंही	asanhi:2	asahi:1
असणार	asnar:2	asanar:1
असणारं	asanara:1	asnara:1	asnarn:1
असणारा	asnara:4	asanara:1	asnaara:1
असणारी	asanari:3	asnari:2	asnary:1
असणारे	asanare:1	asnare:1	asnarey:1
असणार्या	asnarya:2	asanarya:1	asnaryaa:1
असणार्‍या	asnarya:2	asanarya:1
असणाऱ्या	asnarya:3	asanarya:2	asanaryaa:1
असणे	asane:3
असण्याचा	asanyacha:2	asanyachaa:1	asnyacha:1
असण्याची	asanyachee:2	asnyachi:2
असण्याचे	asanyache:2	asnyache:1
असण्यात	asanyat:2	asnyat:1
असण्यापेक्षा	asanyapeksha:2	asnyapeksha:1
असण्याबरोबरच	asanyabarobarach:2	asanyabarobarch:1
असत	asat:3
असता	asata:2	asta:1	astaa:1
असतां	asata:1	asatan:1	astaan:1
असतांनाच	astannach:2	asatannach:1
असतात	astat:34	asatat:2	astaat:1
असतातच	asatatach:2	asatatch:1
असताना	asatana:3	astana:2	asetana:1
असतानाच	astanach:2	asatanach:2
असतानाही	asatanahi:2	asatanahee:1	astanahi:1
असताही	asatahi:1	astaahi:1	astahi:1	astitahi:1
असती	asti:2	asati:1	astee:1
असतील	astil:2	asatil:1	asteel:1	astill:1
असते	asate:37	aste:2
असतेच	asatech:3
असतो	asto:14	asato:3
असतोच	asatoch:2	astoch:2
असत्या	asatya:2	asatyaa:1	astya:1
असद	asad:2	asud:1
असफल	asafal:2	asaphal:1
असमतोल	asamatol:2	asamtol:1
असमर्थ	asamarth:3	asmarth:1
असमाधानी	asamadhanee:1	asamadhani:1	asmaadhani:1	asmadhanee:1
असमानता	asamanata:1	asamantaa:1	asmaanta:1
असला	asla:3	asala:3	asalaa:1
असलातरी	asalataree:2	asalatari:1	aslatari:1
असली	asali:4	asalee:2	asli:1
असले	asle:3	asale:2	aslay:2
असलेतरी	asaletaree:2	asaletari:1	asletari:1
असलेने	asalene:2	aslene:1
असलेला	aslela:6	asalela:2	asalelaa:1
असलेली	asleli:2	asalelee:1
असलेले	aslele:12	asalele:1	aslel:1
असलेल्या	aslelya:2	asalelya:1	aslalaya:1
असल्या	asalya:3	asalyaa:1	aslya:1
असल्याकारणाने	asalyakaaranane:1	asalyakaranaane:1	asalyakaranane:1	aslyakarnane:1
असल्याचं	asalyacham:1	aslyach:1	aslyachn:1
असल्याचा	aslyacha:2	asalyacha:1
असल्याचाही	aslyachahi:2	asalyachahi:1
असल्याची	aslyachi:2	asalyachi:1
असल्याचे	aslyache:6	asalyache:1	aslayach:1
असल्याच्या	asalyachaya:1	asalyachya:1	aslyachya:1
असल्याने	asalyane:11	asalyaane:1	asalyanay:1	aslyane:1
असल्यानेच	asalyanech:1	aslayanech:1	aslyanech:1
असल्यापासूनच	aslyapasunach:2	asalayapasunach:1
असल्याप्रमाणे	aslyapramane:2	asalayapramono:1
असल्यास	aslyas:4	asalyas:2
असल्यासारखे	asalyasarakhe:1	asalyasarkhe:1	aslyasarkhe:1
असशील	asshil:2	asashil:1	assheel:1
असहकार	asahkar:2	asahakar:1
असहाय	asahay:3	ashaya:1
असा	asa:3
असाच	asach:3
असाधारण	asadharan:3
असाध्य	asadhy:2	asaadhy:1	asadhaya:1
असामान्य	asamanya:3	asamany:2	asamaany:1
असायचा	asayacha:3	asaycha:1
असायची	asayachi:2	asaychi:1
असायचे	asayache:2	asayche:2	asayachay:1
असायला	asayla:2	asayala:1
असाल	asal:3
असावा	asava:3
असावी	asavi:6	asavee:2	asaavi:1
असावीत	asaveet:2	asavit:2	asaavit:1
असावे	asave:3
असावेत	asavet:3
असाव्यात	asavyat:3	asaavyat:1	asavyaat:1
असाही	asahi:3	asahee:2	asaahi:1	asahii:1
असिफ	asif:3	aseef:1	asiph:1
असिम	asim:3	aseem:1
असीम	asim:2	aseem:1
असु	asu:3	asoo:1
असुन	asun:3
असुनी	asuni:2	asunee:1
असुर	asur:3
असुरक्षित	assurksheet:1	asurakshit:1	asurkshit:1	asurshit:1
असुरांना	asuranna:3	asurannaa:1
असू	asu:4	asoo:3
असून	asun:3	asoon:1
असूनसुद्धा	asoonasuddha:1	asoonsuddha:1	asunsuddha:1
असूनही	asunahi:2	asoonahee:1
असूर	asoor:3	asur:3	asura:1	asuur:1
असे	ase:3
असेच	asech:3
असेदेखील	asedekhil:3
असेपर्यंत	aseparyant:2	aseparent:1
असेल	asel:3
असेही	asehi:2	asehee:1
असो	aso:4	asoo:1
असोसिएशनचे	asosiyashanache:1	associantionche:1	associationche:1
असोसिएशनच्या	associationchya:2	asosiyashanachya:1	associationchyaa:1
अस्खलित	askhalit:3
अस्त	ast:2	asta:1
अस्तराचा	astaracha:3
अस्तानंतर	astanantar:3
अस्तित्त्व	astittv:1	astitva:1	satitva:1
अस्तित्त्वात	asatitvat:1	astittvat:1	astitvat:1
अस्तित्व	astitva:2	astitv:1
अस्तित्वच	astitvach:3
अस्तित्वाचा	astitvacha:3
अस्तित्वाची	astitvachi:2	astitvachee:1
अस्तित्वाच्या	astitvachya:3
अस्तित्वात	astitwat:3	astitvat:3
अस्तित्वातील	astitvatil:2	astitvateel:1
अस्तित्वाला	astitvala:3	astitwala:1
अस्तित्वासाठी	astitvasathi:2	asteetvasathi:1	astitwasathi:1
अस्तु	astu:3
अस्थायी	asthayi:3
अस्थि	asthi:3	asthee:1
अस्थिभंग	astheerbhang:1	asthibhang:1	asthibhanga:1	asthibhangh:1
अस्थिर	asthir:3	astheer:2
अस्थिरता	astheerta:2	asthirta:2	asthirata:1
अस्थिरोग	asthirog:3
अस्थी	asthi:3
अस्पष्ट	aspasht:2	aspashta:2
अस्पृश्य	asprushya:2	asprishy:1
अस्पृश्यता	asprushyata:2	asprishyata:1
अस्पृश्यांचे	asprushyanche:2	asprishyanche:1
अस्पृश्यांच्या	asprushyanchya:2	asprishyanchya:1
अस्पृश्यांना	asprushyanna:2	asprishyanna:1
अस्पृश्यांनी	asprishyanni:1	asprushyannee:1	asprushyanni:1
अस्मिता	asmita:3
अस्मितादर्श	asmitadarsh:3
अस्मितेची	asmitechee:2	asmitechi:2
अस्मितेच्या	asmitechya:3	asmitechyaa:1
अस्वल	aswal:2	asval:1
अस्वस्थ	aswastha:2	asvasth:1
अस्वस्थता	aswasthata:2	asvasthata:1
अस्सल	assal:3
अहं	aham:2	ahn:1
अहंकार	ahankar:2	ahnkar:1
अहंकाराचा	ahankaracha:2	ahanakaracha:1
अहंकाराचे	ahankarache:3
अहंकारामुळे	ahankaramule:3
अहंकारी	ahankari:2	ahankaree:1
अहमद	ahmad:4	ahamad:2	ahamada:1	ahemad:1
अहमदनगर	ahmednagar:2	ahamadnagar:1
अहमदनगरच्या	ahmednagarchya:2	ahamadnagarchya:1
अहमदाबाद	ahmedabad:2	ahamadabada:1	ahamadabadla:1	ahemdabad:1
अहमदाबादचे	ahamadabadche:1	ahemdabadche:1	ahmedabadche:1
अहमदाबादच्या	ahamadabadchya:1	ahemdabadchya:1	ahmedabadchya:1
अहमदाबादमधील	ahamadabadmadhil:1	ahemdabadmadhil:1	ahmedabadmadhil:1
अहमदाबादला	ahamadabadla:1	ahemadabadla:1	ahmadabadla:1
अहवाल	ahaval:1	ahawal:1	ahwal:1
अहवालात	ahwalat:2	ahawalat:1
अहवालानुसार	ahwalanusar:2	ahvalanusar:1
अहिंसक	ahinsak:3	aheensak:1
अहिंसा	ahinsa:3	aheensa:1
अहिंसेचा	ahinsecha:3	aheensecha:1
अहितकारक	ahitkarak:2	aheetkarak:1	ahitakarak:1
अहिर	ahir:3
अहिरराव	ahirrao:2	ahirrav:1
अहिराणी	ahirani:3
अहिल्यादेवी	ahilyadevi:3
अहिल्याबाई	ahilyabai:3
अहेर	aher:3
अहेरी	aheri:3
अहो	aho:3
अापल्या	aapalya:2	aaplya:1
अाली	aali:3
अाहे	aahe:3	ahe:1
अॅल्युमिनियम	aluminium:2	alyuminiyam:2	aelyuniniyama:1	alyuminium:1
आँचल	aanchal:2	anchal:1
आँधी	aandhi:2	aandhee:1	andhi:1
आंग	aang:3	ang:1
आंगण	aangan:3	angan:1
आंग्रे	aangre:2	aangrey:1
आंघोळ	aanghol:2	aaghol:1
आंतर	aantar:4	aanter:1	antara:1	intar:1
आंतरजातीय	aantarjatiy:2	aantarajateey:1
आंतरजालावर	aantarjalavar:2	aantarajalavar:1
आंतरराज्य	aantarrajya:2	aantarajya:1
आंतरराष्ट्रीय	antarrashtriya:4	aantarashtriya:1	aantarrashtriy:1	aantarrashtriya:1
आंतरशालेय	aantarshaley:2	aantarshalay:1
आंतरिक	aantarik:2	aantreek:1	aantrik:1
आंतोन	anton:1	antone:1	antoon:1	antoone:1
आंदोलन	aandolan:2	andolan:1
आंदोलनाचे	andolnache:2	aandolanache:1
आंदोलनात	aandolanat:3
आंदोलनाने	aandolanane:3
आंदोलने	aandolane:2	aandolne:1
आंद्रे	aandre:2	andre:2	andree:1	andreey:1
आंधळा	aandhala:3
आंध्र	andhra:6	aandhra:2	andhr:2	anddhr:1
आंध्रच्या	andhrachya:2	aandhrachya:1
आंध्रप्रदेश	andhrapradesh:2	aandhrapradesh:1
आंध्रात	andhrat:2	aandhrat:1
आंब	aamb:3
आंबट	aambat:2	ambat:1
आंबा	amba:2	aamba:2	aambaa:1
आंबिवली	aambivali:1	ambivalee:1	ambivali:1
आंबील	aambil:1	ambeel:1	ambil:1
आंबे	aambe:2	ambe:1
आंबेकर	aambekar:2	ambekar:1
आंबेजोगाई	aambejogai:1	abejogaai:1	ambejogai:1
आंबेडकर	ambedkar:2	aambedkar:1
आंबेडकरवादी	aambedkarvadi:1	ambedkarvaadi:1	ambedkarvadi:1	ambedkarwadi:1
आंबेडकरांचा	aambedakarancha:1	aambedkarancha:1	ambedkarancha:1
आंबेडकरांची	ambedkaranchi:2	aambedkaranchi:1
आंबेडकरांचे	ambedkaranche:3
आंबेडकरांच्या	ambedkaranchya:2	ambedkarranchya:1
आंबेडकरांना	ambedkaranna:3
आंबेडकरांनी	ambedkaranni:3
आंबेडकरी	ambedkari:3
आंबेवाडी	aambevadi:1	aambewadee:1	ambewadi:1
आंब्यांच्या	aambyanchya:3
आंब्याचा	aambyacha:3
आंब्याची	aambyachi:2	aambyachee:1
आंब्याच्या	ambyachya:2	aambyachya:3
आइन्स्टाइन	einstein:3	aainstaain:1	ainstaein:1
आइन्स्टाईन	einstein:3	aainstaain:1	ainstaein:1
आइस	ice:3	aais:2
आइसलँड	aisaland:1	aisalanda:1	esaland:1	iceland:1
आई	aai:3
आईकडून	aaikadun:2	aaikadoon:1
आईकडे	aaikade:3
आईचा	aaicha:3
आईची	aaichee:2	aaichi:2
आईचे	aaiche:3
आईच्या	aaichya:3
आईने	aaine:3
आईला	aaila:3
आईवडिलांचे	aaivadilanche:2	aaiewadilaanche:1
आईवडील	aaiewadil:1	aaivadeel:1	aaivadil:1
आईवर	aaivar:2	aaievar:1	aaiewar:1
आईविना	aaivina:2	aaievina:1	aaiewina:1
आईही	aaihi:2	aaiehi:1
आउट	out:3	aaut:1
आकडा	aakada:2	aakda:1
आकडे	aakde:2	aakade:1
आकडेमोड	aakademod:1	aakdemod:1	akdemod:1
आकडेवारी	aakadevaree:2	aakdewaari:1
आकडेवारीत	aakadevareet:2	aakdewaarit:1
आकर्षक	aakarshak:3
आकर्षण	aakarshan:3
आकर्षित	aakarshit:3	aakarsheet:1
आकलन	aakalan:2	aaklan:1
आकस्मिक	aakasmik:2	aakasmika:1
आकांक्षा	aakanksha:3	akanksha:1
आकार	aakar:3
आकारण्याचा	aakaranyacha:1	aakarnyacha:1	akarnyacha:1
आकारण्यात	aakaranyat:1	aakarnyat:1	akarnyat:1
आकारमान	aakarman:3
आकारमानाचा	aakarmanacha:2	kakarmanacha:1
आकारमानाची	aakarmanachi:3
आकारमानाचे	aakarmanache:3
आकारमानात	aakarmanat:3
आकारमानानुसार	aakarmananusar:3
आकारमानाने	aakarmanane:3
आकारांची	aakaranchi:3
आकारांचे	aakaranche:3
आकाराचा	aakaracha:3
आकाराची	aakarachi:3
आकाराचे	aakarache:3
आकाराच्या	aakarachya:3
आकारात	aakarat:3
आकारातील	aakaratil:3
आकारानुसार	aakaranusar:3
आकाराने	akarane:3	aakarane:2	aakrane:1
आकारामुळे	aakaramule:2	akaramule:1
आकाश	akash:2	aakash:2	akas:1	akasa:1
आकाशगंगा	aakashganga:2	akashganga:1
आकाशगंगेत	aakashaganget:1	aakashgangate:1	aakashganget:1
आकाशवाणी	aakashvani:2	aakashvanee:1
आकाशवाणीच्या	aakashvanichya:2	aakashavaneechya:1
आकाशवाणीवर	aakashvanivar:2	aakashavaneevar:1
आकाशस्थ	aakashashya:1	aakashastha:1	aakashsth:1
आकाशाकडे	aakashakade:3
आकाशाचे	aakashache:2	akashache:1
आकाशात	aakashat:2	akashat:1
आकाशातील	aakashateel:1	aakashatil:1	akashatil:1
आकाशाशी	aakashashi:2	aakashashee:1
आकाशी	aakashi:2	aakashee:1
आकुंचन	aakunchan:2	ankunchan:1
आकृती	aakriti:1	aakrutee:1	aakruti:1
आकृतीबंध	aakrutibandh:2	aakruteebandh:1
आकृत्या	aakrutya:3
आक्रमक	aakramak:2	aakarmak:1
आक्रमण	aakraman:3	aakarman:1
आक्रमणांना	aakramananna:2	aakarmanana:1
आक्रमणाची	aakarmanachi:1	aakramanachee:1	aakramanachi:1
आक्रमणाच्या	aakramanachya:2	aakarmanachya:1
आक्रमणानंतर	aakramananantar:2	aakarmanantar:1
आक्रमणामुळे	aakramanamule:2	aakramanaamoole:1
आक्रमणे	aakramane:2	akramane:1
आक्रस्ताळी	aakrastali:2	akrastalee:1
आक्षेप	aakshep:3
आखणी	aakhni:2	aakhani:1
आखला	aakhala:2	aakhla:1
आखली	aakhalee:1	aakhali:1	aakhli:1
आखले	aakhale:2	aakhle:1
आखाडा	aakhada:2	aakhaada:1
आखाडेही	aakhadehi:3
आखाड्यात	aakhadyat:4	aakhadyant:1
आखात	aakhat:3
आखातात	aakhatat:3
आखाती	aakhatee:2	aakhati:1
आखूड	aakhud:2	aakhood:1
आखून	aakhun:3	aakhoon:1
आख्यान	aakhyan:2	akhyan:1
आख्यायिका	akhyayika:3	aakhyayika:2
आग	aag:5
आगमन	aagman:2	aagaman:1
आगरकर	agarkar:3	aagarkar:2
आगरकरांच्या	agarkaranchya:3	aagarkaranchya:2
आगरकरांनी	aagarkaranni:3	agarkaranni:1
आगरी	aagari:2	aagri:2
आगळा	aagla:2	aagada:1	aagala:1
आगळी	aagali:3	aagadi:1	aagalee:1
आगळे	aagale:2	aagade:1	aagle:1
आगळ्यावेगळ्या	aaglyaveglya:2	aagadyavegadya:1	aagalyavegalya:1
आगामी	aagami:3	agami:1
आगाशे	aagashe:3	agashe:2
आगीत	aagit:2	aageet:1
आगीतून	aagitun:2	aageetoon:1	aagitoon:1
आगीमुळे	aagimule:2	aageemule:1
आगीला	aagila:2	aageela:1
आगे	aage:3
आगेकूच	aagekuch:2	aagekooch:1
आगोदर	aagodar:3
आग्नेय	aagney:3
आग्नेयेला	aagneyela:3
आग्नेयेस	aagneyes:3
आग्रह	aagrah:3
आग्रहाखातर	aagrahakhatar:2	agrahakhatar:1
आग्रही	aagrahee:1	aagrahi:1	agrahi:1
आग्रा	agra:3	aagra:2	aagraa:1
आग्र्याहून	aagryahoon:1	aagryahun:1	agryahun:1
आग्ऱ्याहून	aagrahoon:1	aagryahun:1	agryahun:1
आघाडी	aaghadi:2	aghadi:1
आघाडीचा	aaghadicha:3
आघाडीची	aaghadichi:3
आघाडीचे	aaghadiche:3
आघाडीच्या	aaghadichya:3
आघाडीवर	aaghadivar:2	aghadivar:1
आघाड्यांवर	aaghadyanvar:2	aghadyanvar:1
आघात	aaghat:3
आचरण	aacharan:3
आचरणात	aacharanat:2	aacharnat:1
आचरावे	aacharave:2	acharave:1
आचरेकर	aacharekar:3
आचार	aachar:3
आचारसंहिता	aacharsanhita:3
आचारी	aachari:3	achari:1
आचार्य	acharya:8	aacharya:2	aachary:1
आचेवर	aachevar:3
आज	aj:4	aaj:3
आजकाल	aajkal:2	aajakal:1
आजघडीला	aajghadila:2	aajgadila:1
आजच	aajach:3
आजचा	aajacha:2	aajcha:3
आजची	aajchi:3
आजचे	aajche:3
आजच्या	aajchya:3
आजतागायत	ajtagayat:2	aajatagayat:2	aajtagayat:1
आजन्म	aajanma:2	aajnayam:1
आजपर्यंत	aajparyant:2	aajparayanta:1
आजपर्यंतच्या	aajparyantchya:2	aajparayantachya:1
आजम	aajam:3
आजमितीला	aajamitila:1	aajmiteela:1	aajmitila:1
आजवर	ajvar:2	aajvar:2	aajavar:1
आजवरचा	aajavaracha:1	aajvaracha:1	aajvarcha:1
आजवरची	aajvarchi:2	aajavarachee:1	ajvarchi:1
आजवरच्या	aajvarchya:2	aajavarachya:1	aajwarchya:1
आजही	ajahi:7	aajhi:2	aajahee:1	aajhee:1
आजार	aajar:2	aajaar:1	ajar:1
आजारपण	aajarapan:2	aajarpan:1	ajarpan:1
आजारपणात	aajarpanat:2	aajarapanat:1	ajarpanat:1
आजारांचा	ajarancha:2	aajarancha:1
आजारांचे	ajaranche:2	aajaranche:1
आजारांच्या	ajaranchya:2	aajaranchya:1
आजारांमध्ये	aajaranmadhye:2	aajaranmaddhe:1
आजारांवर	aajaranvar:3	aajaranwar:1
आजारांसाठी	aajaransathi:3
आजाराकडे	ajarakade:3	aajarakade:2
आजाराची	aajarachi:2	ajarachi:2
आजाराचे	aajarache:2	ajarache:2
आजाराच्या	ajarachya:2	aajarachya:1	aajarachyaa:1
आजारात	ajarat:2	aajaraat:1	aajarat:1
आजाराने	aajarane:2	ajarane:2
आजारामध्ये	ajaramadhye:2	aajaramadhye:1
आजारामुळे	ajaramule:2	aajaramule:1
आजाराला	ajarala:2	aajarala:1
आजारावर	ajaravar:2	aajaravar:1
आजारी	aajari:2	aajaaree:1	aajaari:1
आजी	aaji:2	aajee:1
आजीचे	aajiche:2	aajeeche:1
आजीने	aajine:2	aajeene:1
आजीवन	aajivan:3	aajeevan:1
आजूबाजूचे	aajubajuche:2	aajoobajooche:1
आजूबाजूच्या	aajoobajoochya:1	aajubajuchya:1	aajunajuchya:1
आजूबाजूला	ajubajula:2	aajubajula:2	aajoobajoola:1
आजोबा	aajoba:3
आजोबांची	aajobanchee:2	aajobanchi:2
आजोबांचे	aajobanche:3
आजोबांच्या	aajobanchya:3
आजोळच्या	aajolchya:2	aajolachya:1
आज्ञा	aadnya:2	aadhnya:1
आज्ञावली	aagyavali:2	aadnyavalee:1	aagyawali:1
आज्ञेने	aagyene:2	aadnyene:1
आझमी	aazmi:3	aajhami:2	azmi:1
आझाद	azad:3	aazad:2	aajad:1	aajhad:1
आटपाडी	aatpadi:3
आटवून	aatvun:3	aatvoon:1	aatwoon:1
आटोक्यात	aatokyat:3
आटोपशीर	aatopsheer:2	aatopshir:2
आठ	aath:4
आठल्ये	aathlye:2	aathalye:1
आठवडा	aathvada:3	aathavada:2
आठवडे	aathavade:1	aathavde:1	aathvade:1
आठवड्याचा	aathvadhyacha:1	aathvadyacha:1	athvdyacha:1
आठवड्यात	aathavadyat:1	aathavdyat:1	aathvadhyat:1	aathvadyat:1
आठवड्यातून	aathavadyatun:2	aathavdyaton:1	aathvadyatun:1	aathvdyatun:1
आठवड्यामध्ये	aathavadyamadhye:1	aathavdyamadhye:1	aathvdyamadhye:1
आठवण	aathvan:4	aathavan:1
आठवणी	aathvani:2	aathavani:1	aathvanee:1
आठवणींचा	aathavanincha:1	aathvaneencha:1	aathvanincha:1
आठवणीत	aathavanit:2	aathvaneet:1	aathvanit:1
आठवणीतील	aathavanitil:1	aathvaneeteel:1	aathvanitil:1
आठवत	aathvat:2	aathavat:1	athavat:1
आठवले	aathavale:1	aathvale:1	aathwale:1
आठवा	aathava:2	aathawa:1
आठवी	aathavi:2	aathavee:1
आठवीपर्यंत	aathaviparyanta:1	athaviprayat:1	athveeparyant:1
आठवे	aathave:2	aathve:1
आठव्या	aathavya:2	aathvya:1
आड	aad:4
आडकर	aadkar:2	aadakar:1
आडनाव	adnav:3	aadnav:2	aadanav:1
आडनावे	aadanave:2	aadnave:1
आडवा	aadava:1	aadva:1	adwa:1
आडवी	aadvi:2	aadavee:1
आडवे	aadve:2	aadave:1
आडव्या	aadavya:1	aadawya:1	aadvya:1
आडोसा	aadosa:3	adosa:1
आढळणारा	aadhadnara:1	aadhalanara:1	aadhalnara:1
आढळणारी	aadhadnari:1	aadhalanari:1	aadhalnari:1
आढळणारे	aadhadnare:1	aadhalanare:1	aadhalnare:1
आढळणाऱ्या	aadhadnarya:1	aadhalanarya:1	aadhalnarya:1
आढळत	aadhadat:1	aadhalat:1	aadhalt:1
आढळतात	adhaltat:7	aadhaltat:2	aadhadtat:1
आढळते	adhalte:4	aadhalte:2	aadhdate:1
आढळतो	adhalato:2	aadhalto:2	aadhdato:1
आढळला	aadhalala:2	aadhalal:1
आढळली	aadhalali:3
आढळले	aadhalale:3
आढळलेले	aadhalalele:3
आढळून	aadhalun:3	aadhaloon:1	adhadun:1
आढाव	aadhav:3
आढावा	adhava:2	aadhava:3
आढी	aadhi:2	aadhee:1
आण	aan:3
आणंद	aanand:1	anand:1	ananda:1
आणखी	ankhi:4	aankhi:3
आणखीनच	aankhinach:2	aanakhinach:1
आणखीही	aankhihi:2	aanakhihi:1
आणणारे	aananare:3
आणणे	aanane:2	anane:1
आणण्याकरिता	aananyakarita:3
आणण्याचा	aananyacha:2	aananyahca:1
आणण्याची	aananyachi:3
आणण्याचे	annyache:2	aananyache:2	aannyache:1
आणण्याच्या	aananyachya:1	aannyachya:1	ananyachya:1
आणण्यात	aananyat:3
आणण्यास	aananyas:3
आणण्यासाठी	ananyasathi:2	aananyasathi:2	aananyasathee:1
आणत	aanat:3
आणता	aanata:2	aanta:1
आणतात	aanatat:2	aantat:1
आणते	aanate:2	aante:1
आणतो	aanato:2	aanto:1
आणला	aanala:2	anala:1
आणली	aanali:2	anali:1
आणले	anle:2	aanale:2	anale:1
आणलेला	aanlela:3
आणलेली	aanleli:2	anleli:1
आणलेले	aanalele:1	aanlele:1	anlele:1
आणलेल्या	analelya:2	aanalelya:2	aanlelya:1
आणल्या	aanalya:2	aanlya:1
आणल्यानंतर	aanalyanantar:3
आणल्याबद्दल	aanalyabaddal:3
आणल्यामुळे	aanalyamule:2	aanalyamoole:1
आणायचा	aanayacha:2	anaiycha:1
आणायचे	aanayche:2	aanayache:1
आणायला	aanayla:2	aanayala:1	anayla:1
आणावा	aanava:3	aanawa:1
आणावे	aanave:2	anawe:1
आणि	ani:402	aani:4	aanee:1
आणिक	aanik:2	anik:1
आणीबाणी	aanibani:2	aaneebanee:1	aanibaani:1
आणीबाणीच्या	aanibanichya:2	aanibaanichya:1	anibanichya:1
आणीबाणीनंतर	aanibaninantar:2	aaneebaaneenantar:1	aanibaaninantr:1
आणू	aanoo:2	aanu:2
आणून	anun:2	aanoon:2	aanun:2
आणे	aane:3
आणेल	aanel:3
आण्विक	aanvik:3
आत	aat:3
आतच	aatach:3
आतडे	aatade:3
आतड्याला	aatadyala:2	aatdyala:1
आतमध्ये	aatmadhye:2	aatmadhe:1
आतल्या	aatalya:2	aatlya:1
आता	ata:9	aata:3
आताची	aatachi:2	aatchi:1
आताचे	aatache:3
आताच्या	aatachya:3
आतापर्यंत	aataparyant:3
आतापावेतो	aatapaveto:3
आतील	aatil:4	aateel:2
आतून	aatoon:2	aatunach:1
आत्ता	aatta:3
आत्ताचा	aattacha:3
आत्ताच्या	aattachya:3
आत्तापर्यंत	aattaparyant:2	aataparyant:1
आत्मकथन	aatmakathan:1	aatmkathan:1	atmkathan:1
आत्मकथनपर	aatmakathanapar:1	aatmkathanpar:1	atmkathnpar:1
आत्मकथा	aatmakatha:1	atmakatha:1	atmkatha:1
आत्मघातकी	aatmaghataki:1	aatmghataki:1	atamaghatki:1
आत्मचरित्र	atmacharitra:5	aatmacharitra:1	aatmcharitra:1
आत्मचरित्रपर	aatmacharitrapar:1	aatmcharitrapar:1	atmacharitrapar:1
आत्मचरित्राचा	aatmacharitracha:1	aatmcharitracha:1	atmacharitracha:1
आत्मचरित्रात	aatmcharitrat:2	aatmacharitrat:1	aatmcharitraat:1
आत्मचरित्रात्मक	aatmcharitratmak:2	aatmacharitratmak:1	aatmcharitratmk:1
आत्मपरीक्षण	aatmaparikshan:1	atmapreekshan:1	atmparikshan:1
आत्मविश्वास	aatmavishwas:2	atmavishvas:1
आत्मसमर्पण	aatmsamarpan:2	aatmsamarpann:1	atmasamparn:1
आत्मसात	aatmsat:2	aatmsaat:1	atmasat:1
आत्महत्या	aatmahatya:2	atmahatya:1
आत्महत्येचा	aatmahatyecha:2	atmahatyecha:1
आत्मा	aatma:2	atma:1
आत्माराम	aatmaram:3	atmaram:1
आत्मिक	aatmik:3	aatmeek:1	aatmick:1	atmik:1
आत्म्याचे	aatmyache:3	atmyache:1
आत्म्याला	aatmyala:3	atmyala:1
आत्यंतिक	aatyantik:3	aatyanteek:1
आदर	aadar:3
आदरणीय	aadarniy:2	aadaraneey:1	adarniy:1
आदरभाव	aadarbhav:2	aadarabhav:1	adarbhav:1
आदराचे	aadarache:3
आदराने	aadarane:3
आदर्श	adarsh:3	aadarsh:3
आदर्शच	aadarshach:2	adarshch:1
आदल्या	aadalya:1	aadlya:1	adlya:1
आदि	aadi:3	aadee:1
आदित्य	aaditya:3	aditya:3
आदिनाथ	aadhinat:1	aadinaath:1	adhinat:1	adinath:1
आदिम	aadim:3
आदिल	aadil:3
आदिलशहा	aadilshaha:2	aadilsha:1
आदिलशहाच्या	aadilashahachya:1	aadilshahachya:1	aadilshehachya:1	adilshahachya:1
आदिलशहाने	aadilshahane:2	adilshahane:2	aadilashahane:1
आदिलशाही	aadilshahi:2	adilshahi:2	aadilashahee:1
आदिलाबाद	aadilabad:2	adilabad:2
आदिवासी	adivasi:5	aadivasi:2
आदिवासींचा	adivasincha:2	aadivasincha:1
आदिवासींचे	adivasinche:2	aadivasinche:1
आदिवासींच्या	adivasinchya:2	aadivasinchya:1
आदिशक्ती	aadishaktee:1	aadishakti:1	adishakti:1
आदिशक्तीची	aadishakteechee:1	aadishaktichi:1	adishaktichi:1
आदी	aadi:3	aadee:1	aadii:1	adee:1
आदींचा	aadeencha:1	aadincha:1	adincha:1
आदींचे	aadeenche:1	aadinche:1	adinche:1
आदींच्या	adinchya:2	aadeenchya:1
आदींना	aadeenna:1	adina:1	adinna:1
आदींनी	aadinni:2	aadeennee:1
आदींसाठी	aadinsaathi:2	aadinsathi:2	adinsathi:1
आदेश	adesh:5	aadesh:3
आदेशही	aadeshahee:1	aadeshahi:1	aadeshhi:1	aadeshsah:1
आदेशानंतर	aadeshanantar:2	adeshanantar:1
आदेशानुसार	aadeshanusar:2	aadeshnusar:1	adeshanusar:1
आद्य	aadya:2	aady:1
आद्यकर्तव्य	aadyakartavya:2	adykartavy:1
आद्यकवी	aadyakavee:1	aadyakavi:1	adykavi:1
आधार	aadhar:2	adhar:2
आधारभूत	aadharbhut:3
आधारलेलं	aadharleln:2	aadharlel:1
आधारलेला	aadharlela:3
आधारलेली	aadharleli:3
आधारलेले	adharlele:2	aadharlele:3
आधारलेल्या	aadharlelya:2	aadharalelya:1
आधारस्तंभ	aadharstambh:3
आधाराने	aadharane:3
आधारावर	aadharavar:3
आधारावरच	aadharavarach:3
आधारित	adharit:8	aadharit:3
आधारीत	aadharit:2	aadhareet:1
आधारे	aadhare:2	aadhre:1
आधारेच	aadharech:3
आधिपत्याखाली	aadhipatyakhali:2	aadhipatyakhalee:1
आधी	aadhi:4	aadhee:2
आधीच	aadhich:2	aadheech:1
आधीचा	aadhicha:2	aadheecha:1
आधीचे	aadheeche:1	aadhiche:1	aadiche:1
आधीच्या	aadhichya:2	aadheechya:1
आधीपासूनच	aadhipasunach:1	aadhipasunch:1	adheepasoonach:1
आधुनिक	aadhunik:3	aadhunak:1
आधुनिकता	aadhunikta:2	aadhunikata:1
आध्यात्मिक	adhyatmik:2	aadhyatmik:3
आन	aan:3
आनंद	anand:10	aanand:4
आनंदजी	aanandajee:1	anandajee:1	anandji:1
आनंददायी	aanandadayee:1	ananddayee:1	ananddayi:1
आनंदमय	anandmay:2	aanandamay:1
आनंदराव	aanandarao:1	aanandrao:1	anandrao:1
आनंदला	aanandala:1	anadndla:1	anandala:1	anandla:1
आनंदवनभुवनाचे	anandvanbhuvanache:2	aanandavanabhuvanache:1
आनंदाचा	anandacha:3	aanandacha:1
आनंदाची	anandachi:2	aanandaachi:1
आनंदाचे	anandache:2	aanandaache:1
आनंदात	anandat:3	aanandaat:1
आनंदाने	anandane:2	aanandane:1
आनंदी	anandi:2	aanandee:1
आनंदीबाई	aanandeebai:1	aanandibaee:1	anandibai:1
आनुवंशिक	aanuvanshik:2	anuvansheek:1	anuvanshik:1
आनुवांशिक	aanuvanshik:2	anuvanshik:1
आपआपसात	aapaapsat:2	aapaapsath:1
आपटली	aapatli:1	aaptali:1	aaptli:1
आपटा	aapta:3
आपटे	apte:2	aapte:2
आपण	apan:17	aapan:3
आपणच	aapanach:2	aapanch:1
आपणही	aapanhi:3
आपणा	aapana:2	aapna:1	apana:1
आपणास	aapanas:1	aapnaas:1	aapnas:1	apanas:1
आपत्कालिन	aapatkalin:2	aaptkaleen:1	aaptkalin:1	apatkalin:1
आपत्कालीन	aapatkalin:2	aapatkaleen:1	aaptkalin:1	apatkalin:1
आपत्ती	aapatti:2	aaptti:1	apatti:1
आपत्तींना	aapattinna:2	aapttinna:1	apattinna:1
आपलं	aapal:1	aapalan:1	aaplam:1	aaplan:1
आपलंच	aaplanch:2	aaplamch:1
आपला	apla:2	aapla:2	aapala:1	apala:1
आपली	apli:3	aapali:1	aaplee:1	aapli:1
आपलीच	aapalich:1	aapleech:1	aaplich:1	apalich:1
आपले	aple:9	aaple:2	aapale:1	apale:1
आपल्या	aplya:26	aaplya:3	aapalya:2
आपल्याकडे	aplyakade:2	aapalyakade:3
आपल्याच	aapalyach:3
आपल्याजवळील	aapalyajavalil:2	aaplyajavaleel:1
आपल्यात	aapalyat:2	aaplyat:1
आपल्याला	aplyala:4	aaplyala:2	apalyala:1
आपल्यालाच	aaplyalach:2	apalyalach:1	aplyalach:1
आपल्यावर	aaplyavar:2	aaplyawar:1	apalyavar:1	aplyavar:1
आपल्यासमोर	aaplyasamor:2	aaplyaasamor:1	aplyasamor:1
आपसांत	aapasant:2	aapsant:1
आपसात	aapasat:2	aapsaat:1
आपसूकच	aapsookach:2	aapasookach:1	aapsukach:1
आपापला	aapapala:3
आपापली	aapapalee:2	aapapali:1
आपापले	aapapale:3
आपापल्या	aapapalya:2	aapaplya:1	apaplya:1
आपापसात	aapapasat:1	aapapsat:1	aapassat:1	apapsat:1
आपुलकी	aapulaki:2	aapulki:2	apulki:1
आपुला	apula:2	aapula:3
आपोआप	apoaap:2	aapoaap:3	aapoap:1
आपोआपच	aapoaapach:3	aapoapach:1
आप्पा	aappa:3	appa:1
आप्पांच्या	aappanchya:2	aappaanchya:1	appanchya:1
आप्पासाहेब	aappasaheb:2	appasaheb:2
आफळे	aafale:2	aafade:1	afale:1
आफ्रिकन	african:4	affrikan:1	affriqan:1	afrikan:1
आफ्रिका	africa:4	aafrica:1	aafrika:1	aafriqa:1
आफ्रिकेचा	afrikecha:3	aafrikecha:1	africecha:1
आफ्रिकेचे	afrikeche:3	aafrikeche:1	africeche:1
आफ्रिकेच्या	afrikechya:2	aafrikechya:1	africechya:1
आफ्रिकेत	afriket:2	aafriket:1	africat:1	africet:1
आफ्रिकेतील	afriketil:2	africeteel:2	aafriketeel:1	africetil:1
आफ्रिकेमध्ये	aafrikemadhe:1	africamadhe:1	africemadhye:1	afrikemadhye:1
आबा	aaba:2	aabaa:1	aba:1
आबाजी	aabaji:2	aabajee:1
आबासाहेब	aabasaaheb:1	aabasaheb:1	abasaheb:1
आभार	aabhaar:2	aabhar:1
आभाळ	aabhal:2	aabhaal:1
आभाळमाया	aabhalamaya:1	aabhalmaya:1	abhalmaya:1
आभास	aabhas:2	aabhaas:1
आभासी	abhasi:2	aabhasee:1	aabhasi:1
आभूषण	aabhooshan:2	aabhushan:2
आभूषणे	aabhooshane:2	aabhushan:1	aabhushane:1
आमंत्रण	aamantran:3
आमंत्रित	aamantrit:3	aamantreet:1
आमचा	amcha:2	aamcha:2	aamacha:1
आमची	aamchi:3
आमचे	aamche:3
आमच्या	aamchya:2	ammchya:1
आमच्यावर	aamachyavar:2	amchyavar:1
आमच्यासारखे	aamchyasarkhe:2	aamachyasarakhe:1
आमटी	aamti:2	aamatee:1
आमटे	aamate:1	aamte:1	amte:1
आमदानीत	aamdaneet:2	aamdanit:1	amdaneet:1
आमदार	amdar:2	aamdar:3	amdaar:1
आमदारांनी	aamadarannee:1	aamdarannee:1	aamdaranni:1
आमरण	aamaran:3
आमसूल	aamasool:2	aamsul:1
आमिर	aamir:3	amir:2
आमीर	aamir:3
आमुचा	aamucha:3
आमुची	aamuchi:3	aamuchy:1
आमुचे	aamuche:2	aamuchey:1
आमुच्या	aamuchya:2	amuchya:1
आमूलाग्र	aamoolgra:1	aamulagr:1	aamulagra:1	amulagra:1
आमोणकर	aamonkar:3	aamonker:1
आमोद	aamod:3
आम्ल	aaml:2	aamal:1	aamla:1
आम्लता	aamlata:2	aamlta:2
आम्लधर्मी	aamldharmi:2	aamaldharmi:1	aamladharmi:1
आम्लेट	aamlet:3	aamlette:1	omlette:1
आम्हा	aamha:3	aamaha:1	aamhaa:1
आम्हांला	aamhanla:3
आम्हांस	aamhans:3
आम्हाला	aamhala:3
आम्ही	amhi:2	aamhee:2	aamhi:1
आम्हीच	aamheech:2	aamhich:1
आय	i:4	aay:2	eye:2
आयएफएस	ifs:3	aayafas:1
आयकर	ikar:2	aaykar:1
आयचा	icha:2	aaicha:1	aaycha:1
आयझॅक	isaac:2	izak:2	isac:1	izac:1
आयटम	aaytam:1	ayatama:1	ayetama:1	itam:1
आयटीसी	itc:3
आयडाहो	ayadaho:1	ayadahoo:1	aydaho:1	aydahoo:1
आयडिया	idea:4	ayadiya:1	eyedia:1	ide:1
आयन	ayan:2	aayan:1	eyan:1	eyon:1
आयपी	ip:3
आयपॉड	ipod:4	ayapad:1	ipad:1
आयफोन	iphone:3	aayafon:1
आयरिश	irish:4	aayarish:2	aayaris:1	aayarishh:1
आयर्न	iron:4	aaryan:1	aayarn:1	aryan:1
आयर्लंड	ireland:3	ayarland:1	eirland:1	eyarland:1
आयर्लंडचा	irelandcha:2	icelandchya:1
आयर्लंडच्या	aayarlandachya:1	icelandchya:1	irelandchya:1
आयलंड	aayaland:1	iceland:1	iland:1	island:1
आया	aaya:2	aayaa:1
आयात	aayat:3
आयाम	aayam:3
आयुक्त	aayukt:2	aayukta:1
आयुध	aayudh:3
आयुधे	ayudhe:2	aayudhe:1
आयुर्वेद	ayurved:2	ayurveda:2	aayurveda:1	aayurveeda:1
आयुर्वेदाची	ayurvedachi:3
आयुर्वेदाचे	ayurvedache:3
आयुर्वेदात	ayurvedat:3
आयुर्वेदानुसार	ayurvedanusar:2	ayurvedanudsar:1
आयुर्वेदामध्ये	ayurvedamadhye:2	aayurvedamadhe:1	ayurvedamadhe:1
आयुर्वेदिक	ayurvedic:2	aayurvedik:1	aayurvediy:1
आयुर्वेदीक	ayurvedic:2	aayurvedeek:1
आयुष	ayush:2	aayush:1
आयुष्य	ayushya:3	ayushay:1
आयुष्यभर	aayushyabhar:2	ayushyabhar:1
आयुष्याची	aayushyachee:1	aayushyachi:1	ayushyachi:1
आयुष्याचे	aayushyache:2	ayushyache:1
आयुष्याच्या	aayushyaachya:1	aayushyachya:1	ayushyachya:1
आयुष्यात	aayushyat:2	ayushyat:1
आयुष्यातील	aayushyateel:1	aayushyatil:1	ayushyateel:1
आयुष्यातून	aayushyatoon:1	aayushyatun:1	ayushyatoon:1	ayushyatun:1
आयुष्यावर	aayushyavar:3
आयुष्यासाठी	aayushyasathi:2	ayushyasathi:1
आये	aya:1	aye:1	ayee:1	ayo:1
आयोग	aayog:2	ayog:1
आयोगाकडून	aayogakadun:3	aayogakadoon:2
आयोगाची	aayogachi:3	aayogachee:1
आयोगाचे	aayogache:1	aayogachey:1	ayogache:1
आयोगाच्या	aayogachya:2	ayogachya:1
आयोगाने	aayogaane:1	aayogane:1	ayogane:1
आयोजक	aayojak:3	aayojack:1
आयोजकांचा	aayogjkancha:1	aayojakancha:1	ayojakancha:1
आयोजन	ayojan:2	aayojan:2
आयोजनही	ayojanahi:2	aayojanahi:1
आयोजनात	ayojanat:2	aayojanat:1
आयोजनासाठी	aayojanasathi:2	ayojanasathi:1
आयोजित	ayojit:4	aayojit:2
आयोजीत	aayojit:2	ayojeet:1
आयोनियन	ayoniyan:1	ayooniyan:1	ionan:1	ionian:1
आयोवा	iowa:3	aayova:1	ayoova:1	ayoowa:1
आर	r:2	ara:1
आरंभ	aarambh:1	aarambha:1	arambh:1
आरंभला	aarambhala:2	arambhala:1
आरंभली	aarambhali:3
आरंभी	aarambhi:2	arambhi:1
आरंभीच्या	aarambhichya:2	arambhichya:1
आरक्षण	aarakshan:3
आरक्षित	arakshit:2	aarakshit:1
आरती	aarti:3	arati:3	aarati:2	aartii:2
आरतीच्या	aaratichya:3	aratichya:1
आरतीत	aaratit:3	aratit:1
आरतीनंतर	aaratinantar:3	aratinantar:1
आरत्या	aaratya:2	aartya:1	aratya:1
आरपार	aarpar:3
आरमार	aarmar:3
आरमाराची	aarmarachi:2	aramarachi:1
आरमाराचे	aarmarache:2	aramarache:1
आरमाराच्या	aarmarachya:2	aramarachya:1
आरमाराने	aarmarane:2	aramarane:1
आरमाराला	aarmarala:2	aramarala:1
आरमारी	aarmari:2	aramari:1
आरवली	aaravali:1	aarvali:1	aravali:1
आरसा	aarsa:3
आरसे	aarse:3	aarsey:1
आरा	aara:4	ara:1
आराखडा	aarakhada:3
आराखडाही	aarakhadahi:2	aaraakhdahi:1	aarakhdaahi:1
आराखड्यानुसार	aarakhadyanusar:2	aarakhadyanusaar:1	aarakhdyanusaar:1
आराधना	aaradhana:2	aradhana:1
आराध्य	aaradhya:3	aaradhay:1
आराध्यवृक्ष	aaradhyavriksh:1	aaradhyavruksh:1	aaradhyavruksha:1
आराम	aaram:3	aaraam:1
आरामशीर	aaramsheer:2	aaramshir:2
आरामात	aaramat:2	aaraamaat:1	aaraamat:1	aaramaat:1
आरास	aaras:3	aaraas:1
आरूढ	aarudh:3	aaroodh:1
आरोग्य	aarogya:3
आरोग्यमंत्री	aarogyamantree:2	aarogyamantri:1
आरोग्यविषयक	aarogyavishayak:2	aarogyavishyak:1	aarogyawishyak:1
आरोग्यसेवा	aarogyaseva:3	aarogyasewa:1
आरोग्याचे	aarogyache:2	arogyache:1
आरोग्याच्या	aarogyachya:2	arogyachya:1
आरोग्यावर	aarogyavar:2	arogyavar:1
आरोग्यासाठी	aarogyasathi:2	aarogyasaathi:1	arogyasaathi:1
आरोप	aarop:3
आरोपाखाली	aaropakhalee:1	aaropakhali:1	aropakhali:1
आरोपातून	aaropatoon:2	aaropatun:1	aropatun:1
आरोपावरून	aaropavaroon:2	aaropavarun:2
आरोपी	aaropi:3
आरोपींचे	aaropeenche:1	aaropinche:1	aropinche:1
आरोपींपैकी	aaropinpaiki:2	aaropeenpaikee:1
आरोळ्या	aarodya:1	aarolya:1	aarolyaa:1
आरोह	aaroh:2	arooha:1
आरोहण	aarohan:3
आर्क	aark:2	arc:2
आर्किटेक्चर	architecture:3	aarkitekchar:1
आर्क्टिक	arctic:3	aarktik:2	arktik:2	aarktic:1
आर्ट	art:4	aart:1
आर्टेमिस	aarteemis:1	aartemis:1	arteemeeas:1	arteemis:1
आर्तता	aartata:2	aaratata:1
आर्ततेने	aartatene:3
आर्थर	aarther:3	arthar:1	arther:1	arthur:1
आर्थिक	arthik:6	aarthik:3
आर्थिकदृष्ट्या	aarthikadrushtya:1	aarthikdrashtya:1	aarthikdrushtya:1
आर्द्रता	aadrata:2	adrata:1
आर्मी	armee:1	armi:1	armii:1	army:1
आर्मेनियन	armanian:2	armeenian:1	armeeniyan:1	armenan:1
आर्य	aarya:2	ary:2	aary:1
आर्या	arya:2	aarya:1	aaryaa:1
आर्सेनल	aarseenal:1	aarsenal:1	aarshenal:1	arseenala:1
आलं	aaln:2	aala:1
आलमगीर	aalamgir:1	aalmagir:1	alamgir:1
आला	aala:3
आलाच	aalach:2	alach:1
आलात	aalat:2	alat:1
आलाप	aalap:3
आलाय	aalay:3
आलिशान	aalishaan:1	aalishan:1	alishan:1
आली	aali:3
आलीं	aalin:2	aali:1
आलू	aalu:3	aaloo:1
आले	aale:3
आलेख	aalekh:3
आलेच	aalech:3	alech:1
आलेला	alela:2	aalela:3
आलेली	aleli:2	aaleli:3
आलेले	alele:4	aalele:3
आलेल्या	aalelya:3	alelya:1
आलो	aalo:2	alo:2
आलों	aalo:2	alo:2
आल्प्स	alps:2	aalps:3	aalpsh:1	alpsa:1
आल्फ्रेड	alfred:4	aalfred:1	aalfreed:1	aalphred:1
आल्या	aalya:2	alya:2
आल्याचे	aalyache:3
आल्याच्या	aalyachya:3
आल्यानंतर	alyanantar:3	aalyanantar:3
आल्यानंतरही	aalyanantarhi:2	aakyanantarhi:1
आल्याने	aalyane:2	alyane:1
आल्याप्रमाणे	alyapramane:2	aalyapramane:1
आल्याबद्दल	alyabaddal:2	aalyabaddal:1
आल्यामुळे	alyamule:2	aalyamule:1
आल्यावर	alyawar:2	alyavar:2	aalyavar:1
आल्यावाचून	alyavachun:2	aalyavachun:1
आल्याशिवाय	alyashivay:2	aalyashivay:1
आल्यास	alyas:2	aalyas:1
आल्हाददायक	aalhaddayak:2	alhaddayak:1
आळंदी	alandi:2	aalandi:1
आळा	aala:3
आळीतील	aalitil:2	aadeetil:1	aaditeel:1
आळे	aale:2	aade:1
आळेफाटा	aadefaata:1	aadefata:1	aalefata:1	aalephata:1
आव	aav:4
आवई	aavai:3
आवक	aavak:2	avak:1
आवटी	aavati:3
आवड	aavad:2	aavd:1	aaved:1
आवडत	aavadat:2	aavdat:1
आवडता	aavadta:2	aavadata:1	aavadtaa:1
आवडते	aavadte:2	aavadtae:1	aavadtay:1
आवडली	aavadali:2	aavadlee:1	aavadli:1
आवडले	aavadale:2	aavadlay:1
आवडलेली	aavadleli:2	aavadaleli:1	aavadlayli:1	aavadleyli:1
आवडीचा	aavadicha:3
आवडीची	aavadichi:3
आवडीचे	aavadiche:3
आवडीच्या	avadichya:2	aavadichya:3
आवडीनिवडी	aavadinivadi:3
आवडीने	aavadine:3
आवडे	aavade:3
आवत	aavat:2	aavet:1
आवरण	aavaran:3
आवरणात	aavaranat:3
आवरून	aavarun:2	aavaroon:1	aavaru:1
आवर्जून	aavarjoon:2	aavarjun:2
आवळा	aavala:3
आवश्यक	avashyak:5	aavashyak:3
आवश्यकता	aavashyakata:3
आवश्यकतेनुसार	aavashyakatenusar:3
आवाका	aavaka:3
आवाज	aavaj:4	awaaz:1
आवाजाचा	aavajacha:3
आवाजाची	aavajachi:2	aavajachee:1
आवाजाचे	aavajache:3
आवाजाच्या	aavajachya:3
आवाजात	aavajat:3
आवारात	aavarat:2	awaarat:1
आवास	aavas:3
आवाहन	awahan:3	aavahan:3
आवाहने	aavahane:2	avahane:1
आविर्भाव	avirbhav:2	aavirbhav:1
आविष्कार	aavishkar:2	avishkar:1
आविष्कृत	aavishkrut:2	avishkrut:1
आवृत्ती	aavruttee:1	aavrutti:1	avrutti:1
आवृत्तीचे	aavritichay:1	aavruttiche:1	aawritichay:1	avruttiche:1
आवृत्तीच्या	aavritichya:1	aavruttichya:1	avruttichya:1
आवृत्तीत	aavrateet:1	aavriteet:1	aavruttit:1	avruttit:1
आवृत्तीसाठी	aavratisaathi:1	aavruttisathi:1	avruttisathi:1
आवृत्तीही	aavruttihi:2	aavratihee:1
आवृत्त्या	aavrattya:1	aavruttya:1	avruttya:1
आव्हाड	aavhad:2	avhad:1
आव्हाडांच्या	aavhadanchya:2	avhadanchya:1
आव्हान	awhan:2	aavhan:2	avhan:1
आव्हानांचा	aavhanancha:2	avhanancha:1
आव्हाने	aavhane:2	avhane:1
आशय	aashay:3
आशयाला	aashayala:2	aashyaala:1
आशा	asha:3	aasha:3	aasa:1	aashha:1
आशाताईंनी	aashataainnee:1	aashatainnee:1	aashatainni:1
आशिया	asia:4	aashiya:3	aashhiya:1	aasiya:1
आशियाई	aashhiyaee:1	aashhiyai:1	aashiiyaee:1	aashiiyaii:1
आशियाचा	aashiyacha:2	asiacha:1
आशियाच्या	aashiyachya:2	asiachya:1
आशियात	aashiyat:2	asiat:1
आशियातील	aashiyatil:2	asiatil:1
आशियातून	aashiyatun:2	asiatoon:1	asiatun:1
आशियामधील	aashiyamadhil:3
आशियामध्ये	aashiyamadhye:2	ashiyamadhye:1
आशिर्वादाने	aashirvadane:2	ashirvadane:1
आशिष	aashish:3	ashish:2	aashhishh:1	aasis:1
आशीर्वाद	aashirvad:3
आशीष	aasheesh:1	aashish:1	ashish:1
आशुतोष	aashutosh:2	ashutosh:1
आशेचा	aashecha:2	aashaycha:1
आशेचे	aasheche:2	asheche:2
आशेने	aashene:2	ashene:2
आशेवर	aashevar:2	ashevar:2
आश्चर्य	ashcharya:2	aashcharya:1	ashchary:1
आश्चर्ये	aashcharye:2	ashcharye:1
आश्रम	ashram:2	aashram:2	ashhram:1	asram:1
आश्रमशाळा	aashramshala:2	ashramshala:1
आश्रमाची	ashramachi:2	aashramachi:1
आश्रमात	ashramat:2	aashramat:1
आश्रय	ashray:2	aashray:1
आश्रयदाता	ashraydata:2	aashraydata:1
आश्रित	ashrit:2	aashrit:1
आश्वासन	aashvaasan:1	aashvasan:1	ashvasan:1	ashwasan:1
आषाढ	ashadh:3	aashadh:2
आषाढी	ashadhi:2	aashadhee:1
आष्टा	ashta:2	aashta:1
आष्टी	ashti:2	aashti:1	aasthi:1
आस	aas:3
आसन	aasan:2	asana:1
आसनसोल	aasanasol:1	aasansol:1	asanasol:1
आसनी	aasanee:1	aasani:1	asani:1
आसपास	aasapas:1	aaspas:1	asapaas:1	asapas:1
आसपासचा	aasapasacha:1	aaspaascha:1	asapaasacha:1	asapasacha:1
आसपासच्या	aspaschya:2	aasapasachya:1	aaspasachya:1	asapaasachya:1
आसपासही	aaspasahi:2	aasapashee:1	aaspaashi:1
आसरा	aasra:3	asara:1
आसा	aasa:3
आसाम	aasam:2	assam:2	asam:1	asama:1
आसामची	aasamchi:2	assamchi:1
आसामच्या	aasamachya:1	aasamchya:1	assamchya:1
आसाममध्ये	aasammadhye:2	asaammadhye:1	asammadhye:1
आसामी	aasami:2	aasame:1	asami:1
आसाराम	asaram:3	aasaram:1	asarama:1
आसिफ	aasif:3	asif:1
आसियान	aasiyaan:1	aasiyan:1	asian:1
आस्था	aastha:3	astha:1
आस्थापना	aasthapana:2	aasthapna:1	asthapana:1
आस्वाद	aaswad:2	aasvaad:1	aasvad:1	asvad:1
आस्वादक	aaswadak:2	aasvadak:1	asvadak:1	aswadak:1
आह	aah:4	ah:2
आहात	aahaat:2	aahat:1	ahaat:1
आहार	ahar:2	aahar:3	aahaar:1	ahaar:1
आहाराकडे	aaharakade:2	aahaarakaday:1	aahaarakade:1
आहाराचा	aaharacha:2	aahaaracha:1
आहाराचे	aahaarachay:1	aaharache:1	ahaarache:1
आहारात	aaharat:2	ahaarat:1
आहारामध्ये	aaharamadhye:2	aharamadhye:1
आहारावर	aaharavar:2	aharavar:1
आहारी	aahari:3
आहुजा	aahuja:3
आहुती	aahuti:3
आहे	ahe:555	aahe:5	aahai:1
आहेच	aahech:3
आहेत	ahet:143	aahet:6
आहेतः	aahet:2	aahetah:2
आहेतच	aahetach:3
आहेस	aahes:3
आहोत	ahot:3	aahot:4
आॅफ	off:3	of:2
इ	i:34	e:1	ee:1	ii:1
इंका	inca:1	inka:1	inqa:1
इंगळे	ingaday:1	ingade:1	ingale:1	ingle:1
इंगोले	ingole:3	ingolay:1
इंग्रज	ingraj:2	engraj:1	ingrej:1
इंग्रजांकडून	engrajakadoon:1	engrajankadun:1	ingrajankadoon:1	ingrajankadun:1
इंग्रजांचा	engrajancha:3
इंग्रजांची	engrajanchi:3
इंग्रजांचे	engrajanche:3
इंग्रजांच्या	engrajanchya:3
इंग्रजांना	ingrajanna:2	engrajanna:3
इंग्रजांनी	ingrajanni:2	engrajanni:3
इंग्रजांविरुद्ध	engrajanviruddh:1	engrajanviruddha:1	engrajaviruddha:1
इंग्रजांशी	engrajanshi:2	engrajashi:1
इंग्रजाचे	engrajache:2	ingrajache:1
इंग्रजी	ingraji:19	engraji:2
इंग्रजीची	engrajichi:3
इंग्रजीचे	engrajiche:3
इंग्रजीच्या	engrajichya:3
इंग्रजीत	engrajit:3
इंग्रजीतही	engrajitahi:3
इंग्रजीतून	engrajitun:3
इंग्रजीमध्ये	engrajimadhye:3
इंग्लंड	england:4	inglaind:1	ingland:1	inglanda:1
इंग्लंडकडून	englandakadoon:1	englandkadoon:1	englandkadun:1
इंग्लंडचा	englandcha:2	englandacha:1
इंग्लंडची	englandchi:2	englandachee:1
इंग्लंडचे	englandche:3
इंग्लंडच्या	englandchya:3
इंग्लंडने	englandne:3
इंग्लंडमधील	englandmadhil:2	englandmadheel:1
इंग्लंडमधून	englandmadhun:2	englandmadhoon:1
इंग्लंडमध्ये	englandmadhye:3
इंग्लंडला	englandla:3
इंग्लंडवर	englandvar:3
इंग्लिश	english:3	inglish:2	englis:1	englishh:1
इंग्लिशमध्ये	englishmadhye:2	inglishmadhye:1
इंच	inch:3	ench:1
इंजिन	engine:3
इंजिनची	enginechi:3
इंजिनला	enginela:2	enginla:1
इंजिनिअरिंग	engineering:3
इंजिनियरिंग	engineering:3
इंजिनीयरिंग	engineering:3
इंजिनीरिंग	engineering:3
इंटर	inter:2	enter:1	intar:1
इंटरनॅशनल	international:3	intarnaeshanal:1
इंटरनेट	internet:4	intarnet:2	intaraneeta:1	intaraneta:1
इंटरनेटचा	internetcha:2	intarnetcha:1
इंटरनेटच्या	internetchya:2	intarnetchya:1
इंटरनेटवर	internetvar:2	intarnetvar:1
इंटरसिटी	entarcity:1	entarsity:1	enterciity:1	enterciti:1
इंटेलिजन्स	intelligence:3
इंडस	indus:4	endaus:1	endous:1	endoush:1
इंडस्ट्री	iindastrii:1	iindustrii:1	iindustry:1	indastri:1
इंडस्ट्रीच्या	industrychya:3
इंडस्ट्रीमध्ये	industrymadhye:2	industrimadhye:1
इंडिका	indica:4	endica:1	indika:1	indiqa:1
इंडियन	indian:6	indan:1	indiyan:1
इंडिया	india:4	indiya:1
इंडियाचा	indiacha:2	indiyacha:1
इंडियाचे	indiache:2	indiyache:1
इंडियाच्या	indiachya:2	indiyachya:1
इंडियाना	indiana:3	indiyana:2	indana:1
इंडीज	indeej:2	indies:1	indij:1
इंडेक्स	index:4	indeks:3	indeeks:1	indeex:1
इंडोनेशियन	indoneshiyan:3	indonesian:3	eendoneeshian:1	eendoneesian:1
इंडोनेशिया	indoneshiya:3	indonesia:3	indoneeshia:1	indoneeshiya:1
इंडोनेशियाचे	indoneshiyache:3
इंडोनेशियाच्या	indoneshiyachya:2	indonesiachya:1
इंडोनेशियात	indoneshiyat:2	indonesiyata:1
इंडोनेशियातील	indoneshiyateel:2	indonesiatil:1
इंदलकर	indalkar:3
इंदापूर	indapur:2	indapoor:3
इंदिरा	indira:4	indiraa:1
इंदुमती	indumati:2	indumatee:1
इंदू	indoo:2	endoo:1	indu:1
इंदूर	indoor:2	indur:2	indore:1
इंदोरी	indori:3
इंद्र	indra:4	eendra:1	endra:1	iindra:1
इंद्रजित	indrajit:3
इंद्राचा	indracha:3
इंद्राने	indrane:3
इंद्रायणी	indrayani:2	indrayanee:1
इंद्रिय	indriya:2	indriy:2
इंद्रियांची	indriyanchi:2	indriyanchee:1
इंद्रियांना	indriyanna:3
इंद्रिये	indriye:3
इंधन	indhan:3
इंधनाचे	indhanache:3	endhanache:1
इंधनावर	indhanavar:3	endhanavar:1
इंपिरियल	imparial:1	imperial:1	impiriyal:1
इंफाळ	emfad:1	emphad:1	imfal:1	imfala:1
इंसान	insan:2	insaan:1
इकडे	ekade:1	ikade:1	ikde:1
इकॉनॉमिक	ecanamic:1	economic:1	ikanamik:1	iqanamiq:1
इकॉनॉमिक्स	economics:4	ikonomiks:2	ecanamics:1	ikanamiks:1
इक्बाल	ikbal:3	iqbal:3	ekbal:1	eqbal:1
इक्बालने	ikbalne:2	ikbal:1	iqbal:1	iqbalne:1
इगतपुरी	igatapuree:1	igatpuree:1	igatpuri:1
इगोर	egoor:1	egor:1	igoor:1	igor:1
इग्रजी	egraji:1	igrajee:1	igraji:1
इचलकरंजी	ichalkaranji:2	ichalakaranjee:1
इच्छा	ichha:3
इच्छामरण	ichhamaran:2	ichchamaran:1
इच्छाशक्ती	ichhashaktee:2	ichchashakti:1
इच्छिणाऱ्या	ichhinarya:2	ichchanarya:1
इच्छित	ichhit:2	ichchit:1
इच्छेची	ichhechi:2	ichchechi:1
इच्छेनुसार	ichhenusar:2	ichchenusar:1
इच्छेप्रमाणे	ichhepramane:2	ichchepramane:1
इच्छेविरुद्ध	ichcheviruddh:1	ichchheviruddha:1	ichhevirudhha:1
इजा	eja:2	ija:2
इजिप्त	egypt:2	ijipt:1
इजिप्तच्या	egyptchya:1	ejyptchya:1	ijiptachya:1
इजिप्तमधील	egyptmadhil:2	ijiptamadheel:1
इजिप्ती	egypti:2	ijiptee:2	ijipti:1
इझी	easy:2	izee:1
इटली	italy:3	italee:2	iitalee:1	iitalii:1
इटलीच्या	italeechya:2	italychya:1
इटलीतील	italeeteel:2	italyteel:1
इटलीमधील	italeemadheel:2	italymadheel:1
इटलीमध्ये	italeemadhye:2	italymadhye:1
इटालियन	italiyan:3	etalan:1	etalian:1	italan:1
इडली	idalee:2	idli:2	edli:1	edlii:1
इतकंच	itakanch:2	itkanch:1
इतका	itaka:2	itka:2	itaqa:1	ithaca:1
इतकी	itki:2	itaki:1
इतके	itke:2	itake:1	itkey:1
इतकेच	itkech:2	itakech:1
इतक्या	itkya:2	itakya:1
इतना	itana:2	itna:1
इतमामात	itamamat:1	itmamaat:1	itmamat:1
इतर	itar:4	itara:1
इतरत्र	itaratra:2	itaratr:1
इतरत्रही	itaratra:1	itaratrahee:1	itaratrahi:1
इतरही	itarahi:2	itarahee:1
इतरांकडे	itarankade:3
इतरांच्या	itaranchya:3
इतरांना	itaranna:3
इतरांनी	itaranni:3
इतरांपेक्षा	itaranpeksha:3
इति	iti:3
इतिवृत्त	iteevratt:1	itivrutt:1	itvrutt:1
इतिहास	itihaas:6	etihas:1	itihas:1
इतिहासकार	etihaskar:1	itihaaskaar:1	itihasakar:1
इतिहासकारांचे	etihaskaranche:1	itihaaskaaraanchey:1	itihasakaranche:1
इतिहासकारांनी	etihaskaranni:1	itihaaskaaraanni:1	itihasakarannee:1
इतिहासकाराने	etihaskarane:1	itihaaskaaraaney:1	itihasakarane:1
इतिहासप्रसिद्ध	etihasprasiddha:1	itihasprasiddh:1	itihasprasiddha:1
इतिहासाकडे	etihasakade:1	itihaaskade:1	itihasakade:1
इतिहासाचा	etihasacha:1	itihaasacha:1	itihasacha:1
इतिहासाचार्य	etihasacharya:1	itihaasaachaarya:1	itihasacharya:1
इतिहासाची	etihasacha:1	itihaasaachi:1	itihasachee:1
इतिहासाचे	etihasache:1	itihaasaachey:1	itihasache:1
इतिहासाच्या	etihasachya:1	itihaasaachya:1	itihasachya:1
इतिहासात	itihasat:2	etihasat:1
इतिहासातील	itihasatil:2	etihasatil:1
इतिहासामधील	itihasamadhil:2	etihasamadhil:1
इतिहासामध्ये	itihasamadhye:2	etihasamadhye:1
इतिहासावर	itihasavar:2	etihasavar:1
इत्यादि	ityadi:3
इत्यादी	ityadi:3
इत्यादींचा	ityadincha:3
इत्यादींची	ityadinchi:3
इत्यादींचे	ityadinche:2	intyadinche:1
इत्यादींच्या	ityadinchya:3
इत्यादींबाबत	ityadinbabat:2	ityadeenbabat:1
इत्यादींवर	ityadinvar:2	ityadeenvar:1
इत्यादीचे	ityadiche:2	ityaadichay:1
इत्यादीच्या	ityadichya:2	ityaadichyaa:1
इथपर्यंत	ithaparyant:1	ithparyant:1	itthparyant:1
इथला	ithala:2	ithalla:1
इथली	ithali:2	ithalee:1
इथले	ithale:3
इथल्या	ithlya:2	ithalya:1
इथून	ithun:2	ithoon:1
इथे	ithe:3
इथेच	ithech:3
इनाम	inam:2	inaam:1
इनामदार	inamdar:2	inaamdaar:1
इनामे	iname:2	inaame:1
इनायत	inayat:2	inaayat:1
इनोसंट	enoosent:1	enosent:1	innocent:1	innoocent:1
इन्फोटेक	infotek:2	infotech:1
इन्सुलिन	insulin:4
इन्स्टंट	instant:3
इन्स्टिटयूट	institute:3	instityoot:1
इन्स्टिट्युट	institute:3	instityut:1
इन्स्टिट्यूट	institute:3	instityoot:1
इन्स्पेक्टर	eenspeector:1	enspectar:1	enspector:1	inspectar:1
इब्राहिम	ibrahim:4	ebraheem:1	ebrahiim:1	ebrahim:1
इब्राहीम	ibrahim:3
इमरान	imran:2	emraan:1	imaran:1
इमानदार	imandar:2	imaandaar:1
इमाम	imam:3	emam:1	imaam:1	imama:1
इमारत	imarat:3
इमारती	imarati:2	imaratee:1
इमारतींसाठी	imarateensathee:2	imaratinsathi:1
इमारतीचा	imarateecha:2	imaraticha:1
इमारतीचे	imarateeche:2	imaratiche:1
इमारतीच्या	imarateechya:2	imaratichya:1
इमारतीत	imarateet:2	imaratit:1
इमारतीमध्ये	imaratimadhye:2	emaratimadhye:1
इमारतीसाठी	imaratisathi:2	imarateesathee:1
इयत्ता	iyatta:3
इयर	ear:1	er:1	iyar:1	year:1
इयान	iyan:4	an:1	eyan:1	ian:1
इरफान	irfan:3	irafan:1	irafana:1	iraphana:1
इराक	iraq:2	irak:3	iraak:1	iraaq:1
इराकचा	iraqcha:2	irakacha:1
इराकच्या	iraqchya:2	irakachya:1
इराकमधील	irakamadheel:1	iraqmadheel:1	iraqmadhil:1
इराकी	iraqi:3	irakee:2	araki:1	eraki:1
इराण	iran:3
इराणचे	iranche:2	iranache:1
इराणच्या	iranchya:2	iranachya:1
इराणमधील	iranamadhil:1	iranmadheel:1	iranmadhil:1
इराणमध्ये	iranmadhye:2	iranmadhe:1
इराणी	irani:3	arani:1	erani:1	eranii:1
इराद्याने	iradyane:2	iraddyane:1
इरावती	iravati:3	irawati:1
इरिट्रिया	aritrea:1	aritria:1	aritriya:1	eritre:1
इला	ila:3
इलाख्यात	ilakhyat:2	ilakhyaat:1
इलाहाबाद	ilahabad:2	allahabad:1
इलेक्ट्रिक	eeleectric:1	eeleectrik:1	electric:1	electrik:1
इलेक्ट्रिकल	electrical:4	ilektrikal:2	eeleectrical:1	eeleectrikal:1
इलेक्ट्रीकल	electrical:3	ilektrikal:2
इलेक्ट्रॉन	eeleectron:1	electran:1	electron:1	ileektran:1
इलेक्ट्रॉनिक	electronic:4	ilektronic:2	eeleectraunic:1	eeleectronic:1
इलेक्ट्रॉनिक्स	eeleectraunics:1	eeleectronics:1	electranics:1	electraunics:1
इलेक्ट्रोनिक	electronic:3	ilektronik:2
इशरत	isharat:3
इशारा	ishara:2	ishaara:1
इश्क	ishhk:1	ishhq:1	ishk:1	ishq:1
इष्ट	isht:3
इसबगोल	isabgol:2	isabagol:1
इसमाच्या	isamachya:1	ismaachyaa:1	ismachya:1
इसवी	isavi:2	isvee:1
इसाक	isaac:1	isak:1	isaka:1	isaqa:1
इसाबेला	isabela:4	isabeela:1	isabeella:1	isabella:1
इसेन्स	essence:3	isens:1
इस्तंबूल	istanbul:2	estambul:1	estanbaal:1	estanbool:1
इस्त्री	istri:2	istree:1
इस्राईल	israil:2	israel:1
इस्रायल	israel:2	israyal:1
इस्रायलच्या	israelchya:2	israyalchya:1
इस्रायलमध्ये	israelmadhye:2	israyalmadhye:1
इस्रायली	israeli:2	iisraelii:1	iisraiilee:1	iisrayalii:1
इस्रो	isro:3
इस्रोने	isrone:3
इस्लाम	islam:4	eslam:1	islama:1
इस्लामच्या	islamchya:2	islamachya:1
इस्लाममधील	islammadhil:2	islammadheel:1
इस्लामाबाद	islamabad:3	islamabada:1	islamambad:1
इस्लामाबादमध्ये	islamabadmadhye:2	islamabadmadhe:1
इस्लामिक	islamic:4	islamik:1	islamika:1	islamiq:1
इस्लामी	islami:3
ईजिप्त	egypt:3
ईदच्या	eidchya:2	edchya:1
ईमारत	imarat:3
ईमेल	eemael:1	eemail:1	eemel:1	email:1
ईरान	aran:1	eran:1	iran:1	irana:1
ईशान्य	ishanya:2	eeshanya:1	ishany:1
ईशान्येकडील	ishanyekadil:2	eeshanyekadil:1
ईशान्येला	ishanyela:2	eeshanyela:1
ईशान्येस	ishanyes:2	eeshanyes:1
ईश्वर	ishwar:2	ishvar:1
ईश्वराच्या	ishwarachya:2	eeshwarachya:1
ईश्वराने	ishwarane:2	eeshwarne:1
ईश्वराला	ishwarala:2	eeshwarla:1
ईश्वरीय	ishvareey:1	ishwariy:1	ishwariya:1
ईस्ट	east:1	est:1	ist:1
ईस्टर	easter:2	ester:1	istar:1
ईस्टर्न	eastarn:1	eastern:1	estern:1	istarn:1
उंच	uncha:6	unch:3
उंचावणे	unchavane:2	unchawaney:1
उंचावते	unchavate:2	unchavte:1
उंचावर	unchavar:3
उंचावरील	unchavareel:2	unchavaril:1
उंचावलेला	unchavlela:2	unchavalela:1
उंची	unchi:2	unchee:1
उंचीचा	unchicha:2	uncheecha:1
उंचीची	unchichi:2	uncheechee:1
उंचीचे	unchiche:2	uncheeche:1
उंचीच्या	unchichya:2	uncheechya:1
उंचीपर्यंत	unchiparyant:2	uncheeparyant:1
उंचीवर	unchivar:2	unchiwar:1
उंचीवरील	unchivaril:2	unchivareel:1
उंचीवरून	unchivaroon:2	unchivarun:1
उंटाच्या	untachya:3
उंडाळकर	undalkar:2	unsalakar:1
उंदराच्या	undarachya:2	undrachya:1
उंदीर	undeer:2	undir:1
उंबर	umbar:3
उंबरठ्यावर	umbarthyavar:2	umbarathyavar:1
उंबराचे	umbarache:2	umbrache:1
उंब्रज	umbraj:3
उईघुर	auighur:1	ouighur:1	ouijhur:1	uighur:1
उकडून	ukadoon:2	ukadun:1
उकरून	ukaroon:2	ukarun:1
उकल	ukal:3
उकळणे	ukalane:2	ukadne:1
उकळलेले	ukalalele:3
उकळवून	ukalavoon:2	ukadvoon:1
उकळा	ukala:2	ukda:1
उकळावे	ukalave:2	ukdaave:1
उक्ति	ukti:2	uktee:1
उखळी	ukhalee:3
उगम	ugam:3
उगमस्थान	uagamsthan:1	ugamasthan:1	ugamsthaan:1
उगमापासून	ugamapasoon:1	ugamapasun:1	ugmapasoon:1
उगवण	ugavan:3	ugawan:1
उगवणारी	uagavanaree:1	ugavnaari:1	ugavnari:1
उगवत	ugvat:2	ugavat:1
उगवते	ugavate:3
उगवला	ugavala:2	ugavla:1
उगवली	ugavali:2	ugavalee:1
उगवू	ugavu:3
उगवून	ugavun:3
उगाचच	ugachach:3
उगाळून	ugaloon:2	ugalun:1
उगीच	ugeech:2	ugich:1
उग्र	ugr:2	ugra:2
उघड	ughad:3
उघडकीस	ughadakees:1	ughadakis:1	ughadkis:1
उघडणाऱ्या	ughadanarya:2	ughadnarya:1
उघडता	ughadata:2	ughadta:1
उघडतो	ughadato:3
उघडपणे	ughadpane:2	ughadapane:1
उघडली	ughadalee:2	ughadali:1
उघडले	ughadale:3
उघडा	ughada:3
उघडी	ughadee:2	ughadi:1
उघडून	ughadoon:3
उघडे	ughade:3
उघड्या	ughadya:3	ughdya:2	ughadyan:1
उघड्यावर	ughadyanvar:1	ughadyavar:1	ughdyavar:1
उचकटून	uchkatoon:2	uchakatoon:1
उचगाव	uchagav:1	uchgaon:1	uchgav:1
उचलणारे	uchalnare:2	uchalanare:1
उचलणाऱ्या	uchalanarya:3
उचलणे	uchalne:2	uchalane:1
उचलण्याचा	uchalanyacha:2	uchalnyacha:1
उचलण्याच्या	uchalanyacha:1	uchalanyachya:1	uchalnyachya:1
उचलत	uchalat:2	uchlat:1
उचलता	uchalata:2	uchalta:1
उचलतात	uchaltat:2	uchalatat:1
उचलला	uchalala:3
उचलली	uchalalee:1	uchalali:1	uchaleli:1
उचलले	uchalale:2	uchalele:1
उचलून	uchaloon:1	uchloon:1	uchlun:1
उचित	uchit:3
उच्च	uchch:4	uccha:1	uchh:1
उच्चजातीय	ucchajatiya:1	uchchjatiy:1	uchhjateey:1
उच्चपदस्थ	ucchapadastha:1	uchchpadasth:1	uchhpadastha:1
उच्चभ्रू	ucchabhru:1	uchchabhru:1	uchchbhru:1
उच्चवर्णीय	ucchavarniya:1	uchchavarniya:1	uchchvarniy:1
उच्चशिक्षण	uchchashikshan:2	uchchshikshan:1
उच्चशिक्षित	uchchashikshit:2	uchchshikshit:1
उच्चांक	uchchank:2	uchchanka:1
उच्चाटन	uchchatan:3
उच्चायुक्त	uchchayukt:2	uchchayukta:1
उच्चार	ucchar:2	uchchar:3
उच्चारतात	ucchartat:1	uchcharatat:1	uchchartat:1
उच्चारला	uccharlaa:1	uchcharala:1	uchharala:1
उच्चारले	uccharle:1	uchcharale:1	uchharale:1
उच्चारून	uccharoon:1	uccharun:1	uchcharun:1
उजगरे	ujagare:2	ujgare:1
उजनी	ujanee:1	ujani:1	ujni:1
उजवा	ujava:3
उजवीकडील	ujavikadil:2	ujwikadil:1
उजवीकडे	ujaveekade:1	ujavikade:1	ujwikade:1
उजव्या	ujavya:2	ajavya:1
उजाड	ujad:2	ujaad:1
उजेडात	ujedat:2	ujedaat:1
उज्जैन	ujjain:4	ujjen:1	uzzain:1
उज्ज्वल	ujjaval:1	ujjval:1	ujjwal:1
उज्वल	ujval:2	ujwal:2
उझबेकिस्तान	uzbekistan:2	ujabeekistana:1	ujabekistana:1	ujabeqistana:1
उटणी	ootani:1	utanee:1	utni:1
उठतो	uthato:3
उठले	uthale:2	uthle:1
उठल्यानंतर	uthalyanantar:1	uthlyanantar:1	utthalyananter:1
उठवण्यास	uthavanyas:1	uthavnyas:1	utthavnyaas:1
उठवला	uthavala:1	uthavlaa:1	utthavala:1
उठवले	uthavale:2	utthavale:1
उठविला	uthavila:3
उठवून	uthavun:2	uthavoon:1
उठायचा	uthaycha:2	uthayacha:1
उठाव	uthav:3
उठावदार	uthavadar:2	uthavdar:1
उठावाचे	uthavache:3
उठू	uthu:2	uthoo:1
उठून	uthun:3
उडण्यासाठी	udanyasathi:2	ughanyasathee:1
उडत	udat:3
उडताना	udtana:2	udatana:3
उडतो	udato:3
उडवणे	udavane:2	udavne:1
उडवला	udavala:3
उडविले	udavile:3
उडवून	udavoon:2	udavun:1
उडाला	udala:3
उडाली	udali:2	udalee:1
उडी	udi:3
उडीद	udid:3
उडुपी	udupi:4	udiipee:1	udipee:1	udipii:1
उडू	udoo:2	udu:2
उडून	udun:2	udoon:1
उडे	ude:3
उड्डाण	uddan:3
उड्डाणपूल	uddanpool:2	uddanpul:1
उड्डाणे	uddane:3
उड्या	udya:3	udaya:2
उणीव	univ:2	ouneev:1	uneev:1
उणीवा	univa:3
उणे	une:2	ooney:1	uney:1	unne:1
उतरंड	utarand:3
उतरत	utarat:3
उतरतात	utaratat:3
उतरती	utarati:3
उतरते	utarte:2	utarate:3
उतरतो	utarato:3
उतरला	utarala:3
उतरली	utarali:2	utarale:1
उतरले	utarle:3	utarale:3
उतरलेलं	utaralela:1	utarlelam:1	utarleln:1
उतरलेली	utarleli:2	utaraleli:1
उतरलो	utaralo:3
उतरल्यावर	utaralyavar:3
उतरल्यास	utaralyas:3
उतरवण्यासाठी	utaravanyasathi:2	utaravanyasathee:1
उतरवता	utaravata:3
उतरवले	utaravale:2	utarvale:1
उतरविण्यात	utaravinyat:2	utarvinyat:1
उतरवून	utaravoon:2	utarvun:1
उतरायचे	utarayache:3
उतरावे	utrave:2	utarave:3
उतरू	utaru:2	utaroo:1
उतरून	utarun:2	utaroon:1
उताणे	utane:3
उतार	utar:3
उतारा	utara:3
उतारावर	utaravar:3	utarawar:1
उतावीळ	utaveel:2	utavil:1
उतू	utoo:3
उत्कट	utkat:3
उत्कटपणे	utkatpane:2	utkatapane:1
उत्कर्ष	utkarsh:3
उत्कृष्ट	utkrusht:3
उत्क्रांत	utkrant:2	utkraant:1
उत्क्रांती	utkranti:2	utkrantee:1
उत्क्रांतीचा	utkranticha:2	utkranteecha:1
उत्क्रांतीच्या	utkrantichya:2	utkranteechya:1
उत्खनन	utkhanan:3
उत्खननात	utkhananat:3
उत्तम	uttam:3
उत्तमप्रकारे	uttamprakare:3
उत्तमोत्तम	uttamottam:3
उत्तर	uttar:4
उत्तरकाशी	uttarkashi:2	uttarakashi:1
उत्तरदायकत्वास	uttardayakatvaas:1	uttardayakatvas:1	uttardayaktvas:1	uttardayaktwas:1
उत्तरदायी	uttardayi:2	uttardayee:1
उत्तरपूजा	uttarpuja:3
उत्तरप्रदेश	uttarpradesh:3
उत्तरही	uttarahee:2	uttarahi:1	uttarhee:1
उत्तरा	uttara:3
उत्तराखंड	uttarakhand:4	utarakhand:1	utaraqhand:1	uttarakhanda:1
उत्तराचा	uttaracha:3
उत्तराच्या	uttarachya:3
उत्तराधिकारी	uttaradhikari:2	uttaradhikaree:1
उत्तराभिमुख	uttarabhimukh:3
उत्तरायण	uttarayan:3
उत्तरार्ध	uttarardha:2	uttarardh:1
उत्तरार्धात	uttaradhart:1	uttaradhat:1	uttarardhat:1
उत्तरासाठी	uttarasathi:2	uttarasathee:1
उत्तरी	uttari:2	uttaree:1
उत्तरीय	uttareeya:1	uttariy:1	uttariya:1
उत्तरे	uttare:3
उत्तरेकडचा	uttarekadacha:1	uttarekadcha:1	uttarkadacha:1
उत्तरेकडील	uttarekadil:2	uttarekadeel:1
उत्तरेकडून	uttarekadun:2	uttarekadoon:1
उत्तरेकडे	uttarekade:3
उत्तरेचा	uttarecha:3
उत्तरेच्या	uttarechya:3
उत्तरेत	uttaret:3
उत्तरेतील	uttareteel:2	uttaretil:1
उत्तरेला	uttarela:3
उत्तरेस	uttares:3
उत्तरोत्तर	uttarottar:2	uttrottar:1
उत्तीर्ण	uttirn:2	uttirna:1
उत्तुंग	uttung:3
उत्तेजक	uttejak:3
उत्तेजन	uttejan:3
उत्तेजनार्थ	uttejanarth:3
उत्तेजित	uttejit:3
उत्थान	utthan:3
उत्थानासाठी	utthanasathi:3
उत्पत्ती	utpatti:3
उत्पन्न	utpanna:3	utpann:2
उत्पन्नाचे	utpannache:3
उत्पन्नाच्या	utpannachya:3
उत्पन्नात	utpannat:3
उत्पन्नामध्ये	utpannamadhye:2	utpannamadhe:1
उत्पन्नासाठी	utpannasathi:2	utpannasathee:1
उत्पल	utpal:3
उत्पाद	utpad:3
उत्पादक	utpadak:3
उत्पादन	utpadan:3
उत्पादनांची	utpadananchi:2	utpadanachi:1
उत्पादनांचे	utpadananche:3
उत्पादनांच्या	utpadananchya:3
उत्पादनाचे	utpadanache:3
उत्पादनाच्या	utpadanachya:3
उत्पादनात	utpadanat:3
उत्पादनाबाबत	utpadanababat:3
उत्पादनाशी	utpadanashi:3
उत्पादनासाठी	utpadanasathi:3
उत्पादने	utpadane:3
उत्पादित	utpadit:3
उत्प्रेरक	utprerak:3
उत्सर्जन	utsarjan:3
उत्सर्जित	utsarjit:3
उत्सव	utsav:3
उत्सवही	utsavahi:2	utsavhee:1
उत्सवांच्या	utsavanchya:3
उत्सवांना	utsavanna:3
उत्सवाचा	utsavacha:3
उत्सवाची	utsavachi:2	utsavachee:1
उत्सवाचे	utsavache:3
उत्सवाच्या	utsavachya:3
उत्सवात	utsavat:3
उत्सवातील	utsavatil:2	utsavateel:1
उत्सवाने	utsavane:3
उत्सवाला	utsavala:3
उत्सवास	utsavas:3
उत्सवासाठी	utsavasathi:3
उत्साह	utsah:2	utsaha:1
उत्साहात	utsahat:3
उत्साहाने	utsahane:3
उत्साही	utsahee:2	utsahi:1
उत्सुक	utsuk:3
उत्स्फूर्त	utsphurt:2	utsfoort:1	utsfurt:1
उत्स्फूर्तता	utsphurtata:2	utsfoortata:1	utsfurtata:1
उथळ	uthal:3
उदंड	udanda:2	udand:3
उदगीर	udgeer:2	udgir:1
उदबत्त्या	udbattya:3
उदय	uday:3
उदयपुर	udayapur:1	udaypur:1	udyapur:1
उदयपूर	udaypur:2	udyapoor:2	udaipaar:1	udaipoor:1
उदयाला	udayala:2	udyala:1
उदयास	udyas:2	udayas:1
उदयोन्मुख	udayonmukh:3
उदरनिर्वाह	udarnirvah:3
उदरभरण	udarbharan:3
उदरी	udari:2	udaree:1
उदात्तता	udattata:2	udaatattaa:1
उदापूर	udapur:2	udapoor:1
उदार	udar:3
उदारमतवादी	udaarmatvadee:1	udaarmatvadi:1	udarmatvadi:1
उदास	udaas:2	udas:1
उदासीन	udasin:2	udhasin:1
उदाहरण	udaharan:2	udharan:1
उदाहरणातील	udaharanatil:2	udaharanateel:1
उदाहरणादाखल	udaharanadakhal:3
उदाहरणार्थ	udaharnartha:2	udaharanarth:3
उदाहरणे	udaharane:4
उदित	udit:4	udeet:1	udiit:1
उदिष्ट	udishta:2	udisht:1
उदी	udi:3
उद्गाता	udgata:2	udrata:1
उद्गाते	udgate:2	udrate:1
उद्गार	udgar:2	udrar:1
उद्घाटक	udghatak:3
उद्घाटन	udghatan:3
उद्घाटनाच्या	udghatanachya:2	utghatnachya:1
उद्घोष	udghosh:3
उद्दिष्ट	uddishta:2	uddisht:1
उद्दिष्टाने	uddishtane:2	uddistane:1
उद्दिष्टे	uddishte:1	uddishtye:1	uddiste:1
उद्दीपन	uddipan:3
उद्दीष्ट	uddisht:1	uddishta:1	uddista:1
उद्दीष्टे	uddishte:1	uddishthe:1	udheeshte:1
उद्देश	uddesh:2	udhesh:1
उद्देशच	uddeshach:1	uddishach:1	udheshach:1
उद्देशाने	uddeshane:2	udheshane:1
उद्देशून	uddeshoon:2	uddeshun:2
उद्धट	uddhat:3
उद्धव	uddhav:3
उद्धार	uddhar:3
उद्धारासाठी	uddharasathi:2	uddharasathee:1
उद्ध्वस्त	uddhvast:2	udadhvast:1	uddhavast:1	uddhwast:1
उद्भवणारी	udbhavnari:2	udbhavanari:1
उद्भवण्याची	ubhdavanyachi:1	udbhavanyachi:1	udbhavnyachi:1
उद्भवत	udbhavat:3
उद्भवतो	udbhavato:2	ubhdavto:1
उद्भवले	udbhavale:2	ubhdavle:1
उद्यम	uddyam:2	udyam:1
उद्या	udya:3
उद्याची	udyachi:3
उद्याच्या	udyachya:3
उद्यान	udyan:3
उद्यानाचे	uddyanache:1	udhyanache:1	udyanache:1
उद्यानाच्या	udhyanachya:1	udyanache:1	udyanachya:1
उद्यानात	udyanat:2	udhyanat:1
उद्यानातील	udyanatil:2	udhyanateel:1
उद्यानाला	udyanala:2	udhyanala:1
उद्युक्त	udayukt:1	udyukt:1	udyukta:1
उद्योग	udyog:3
उद्योगधंदे	udyogdhande:3
उद्योगपती	udyogpati:3	udyogpatee:1
उद्योगपतीने	udyogpatine:2	udyogapatine:1
उद्योगसमूह	udyogsamooh:2	udyogsamuh:2
उद्योगांचे	udyoganche:3
उद्योगाचा	udhyogacha:2	udyogacha:1
उद्योगाचे	udyogache:2	udhyogache:1
उद्योगात	udhyogas:1	udyogaat:1	udyogat:1
उद्योगाने	udyogane:3
उद्योगामुळे	udyogamule:3
उद्योगावर	udyogavar:3	udyogawar:1
उद्योगी	udhyogee:1	udyogee:1	udyogi:1
उद्योजक	udyojak:2	udhyojak:1
उद्योजकता	udhyojakata:1	udyojakata:1	udyojakta:1
उद्रेक	udrek:3
उद्विग्न	udvign:2	udvigna:1
उधळण	udhalan:2	udhlan:1
उधळत	udhlat:2	udhalat:1
उधाण	udhan:2	udhaan:1
उध्वस्त	udhvast:1	udhvasta:1	udvast:1
उन	un:3
उन्नती	unnati:3
उन्नतीचा	unnaticha:3
उन्नतीसाठी	unnatisathi:2	unnatisaathi:1
उन्मत्त	unmatt:2	unmatta:1
उन्मेष	unmesh:3
उन्हाचा	unhacha:3
उन्हात	unhat:3
उन्हातान्हात	unhatanhat:3
उन्हापासून	unhapasun:3	unhapasoon:1
उन्हाळा	unhala:3
उन्हाळी	unhali:2	unhalee:1
उन्हाळ्याच्या	unhalyachya:3
उन्हाळ्यात	unhalyat:4	unhalayaat:1
उन्हाळ्यातही	unhalyatahee:1	unhalyatahi:1	unhalyathee:1
उन्हाळ्यातील	unhalyateel:2	unhalyatil:1
उन्हाळ्यामध्ये	unhalyamadhye:3
उन्हे	unhe:3
उप	up:3	oop:1
उपकरण	upakaran:4
उपकरणांची	upakarnanchi:2	upakarananchi:1
उपकरणात	upakaranat:1	upakarnaat:1	upkarnat:1
उपकरणे	upkarne:2	upakarane:1
उपकार	upkar:2	upakar:1
उपकारक	upkarak:2	upakarak:1
उपक्रम	upkram:2	upakram:1
उपक्रमशील	upkramshil:2	upkramsheel:1
उपक्रमांचा	upkramancha:3
उपक्रमाचा	upakramacha:2	upkramacha:1
उपक्रमात	upkramat:2	upakramat:1
उपक्रमाला	upkramala:2	upakramala:1
उपखंड	upakhand:2	upkhand:1
उपखंडात	upakhandat:2	upkhandat:1
उपखंडातील	upakhandatil:2	upkhandatil:1
उपग्रह	upagraha:2	upgrah:1
उपग्रहांच्या	upagrahanchya:2	upgrahanchya:1
उपग्रहाची	upagrahachi:2	upgrahachi:1
उपग्रहाचे	upagrahache:2	upgrahache:1
उपग्रहाच्या	upagrahachya:2	upgrahachya:1
उपघटक	upghatak:2	upaghatak:1
उपचार	upchar:2	upachar:1
उपचारांचा	upcharancha:2	upacharancha:1
उपचारांसाठी	upacharansathi:2	upcharansathi:1
उपचाराचा	upacharacha:2	upcharacha:1
उपचाराने	upcharane:2	upacharane:1
उपचारामध्ये	upcharamadhye:2	upacharamadhye:1
उपजत	upjat:2	upajat:1
उपजली	upajalee:2	upjali:1
उपजाती	upajati:3	upajatee:1	upjaati:1	upjati:1
उपजिल्हाधिकारी	upajilhadhikaree:1	upjilhadhikari:1	upzilhadhikari:1
उपजिवीका	upajiveeka:1	upajivika:1	upjeevika:1
उपजीविका	upajeevika:1	upajivika:1	upjiveeka:1
उपजे	upaje:3
उपदेश	upadesh:2	updesh:1
उपद्रव	updrav:2	upadrav:1
उपद्रवी	updravi:2	upadravi:1
उपद्व्याप	upadvyap:1	updwayap:1	updwyap:1
उपनगर	upanagar:2	upnagar:1
उपनगरांना	upanagaranna:2	upnagaranna:1
उपनगरात	upanagaraat:1	upanagarat:1	upnagarat:1
उपनगरी	upanagari:2	upnagariy:1
उपनगरीय	upanagariy:1	upanagariya:1	upnagariy:1
उपनदी	upnadi:2	upanadi:1
उपनद्या	upnadya:2	upanadhya:1
उपनयन	upnayan:2	upanayan:1
उपनाम	upanam:2	upnam:1
उपनिषद	upanishad:3	upnishad:1
उपनिषदे	upanishade:2	upnishade:1
उपनेते	upanete:2	upnete:1
उपप्रकार	upaprakar:1	upprakar:1	uprakar:1
उपप्राचार्य	upapracharya:1	upprachary:1	uppracharya:1
उपभोक्ता	upbhokta:2	upabhokta:1
उपभोग	upbhog:2	upabhog:1
उपमा	upama:3
उपमुख्य	upamukhya:2	upamukhy:1
उपमुख्यमंत्री	upamukhyamantree:2	upamukhyamantri:1
उपयुक्त	upayukt:2	upaayukt:1
उपयुक्तता	upayuktata:2	upayuktat:1
उपयोग	upayog:2	upyog:1
उपयोगांसाठी	upayogansathee:1	upyogansaathi:1	upyogasathi:1
उपयोगाचा	upyogacha:2	upayogacha:1
उपयोगाचे	upyogache:2	upayogache:1
उपयोगाच्या	upyogachya:2	upayogachya:1
उपयोगात	upyogat:2	upayogat:1
उपयोगासाठी	upayogasathi:2	upayogasathee:1	upyogasaathi:1	upyogasathi:1
उपयोगी	upayogi:3	upayogee:1	upyogi:1
उपयोजित	upayojit:2	upyojit:1
उपराष्ट्रपती	uparashtrapatee:1	uparashtrapati:1	uprashtrapati:1
उपरे	upare:3
उपरोक्त	uparokt:1	uparokta:1	uprokt:1
उपरोल्लेखित	uparollekhit:2	uprollekhit:1
उपलब्ध	upalabdha:8	upalabdh:1	uplabdh:1
उपलब्धता	upalabdhata:2	uplabdhata:1
उपलब्धतेवर	upalabdhatevar:2	uplabdhatevar:1
उपवन	upavan:2	upvan:1
उपवनसंरक्षक	upavansanrakshak:2	upvansanrakshak:1
उपवास	upavas:2	upvas:1
उपवासाचे	upavasache:2	upvasache:1
उपवासाच्या	upavasachya:2	upvasachya:1
उपविजेता	upvijeta:2	upavijeta:1
उपविभाग	upavibhag:1	upavibhaga:1	upvibhag:1
उपविभागाचे	upavibhagache:2	upvibhagache:1
उपविभागात	upavibhagat:2	upvibhagat:1
उपविभागीय	upavibhageey:2	upvibhagiy:1
उपशाखा	upshakha:2	upashakha:1
उपशास्त्रीय	upashastriy:1	upshastriy:1	upshastriya:1
उपसंपादक	upasampadak:2	upsampadak:1
उपसर्ग	upasarg:2	upsarg:1
उपसा	upasa:2	upsa:1
उपसागर	upasagar:2	upsagar:1
उपसागराच्या	upasagarachya:2	upsagarachya:1
उपसागरात	upasagaraat:1	upasagarat:1	upsagarat:1
उपसागराला	upasagarala:1	upasagarla:1	upsagarala:1
उपस्थित	upasthit:3
उपस्थितांच्या	upasthitanchya:3
उपस्थिती	upasthitee:2	upsthiti:1
उपस्थितीत	upasthiteet:2	upsthitit:1
उपांत्य	upantya:3
उपाधी	upadhi:2	upadhee:1
उपाध्यक्ष	upadhyaksh:2	upadhyaksha:2
उपाध्यक्षपद	upadhyakshapad:3
उपाध्या	upadhya:3
उपाध्याय	upadhyay:2	updhyay:1
उपाध्ये	upadhye:3
उपाय	upay:3
उपायकारक	upaykarak:2	upayakarak:1
उपाययोजना	upayayojana:3
उपायांची	upayanchi:2	upayanchee:1
उपाशी	upashi:2	upashee:1
उपास	upas:2	upass:1
उपासक	upasak:3
उपासना	upasana:3
उपासनेचा	upasanecha:3
उपासनेसाठी	upasanesathee:2	upasanesathi:1
उपेक्षित	upekshit:3
उपोषण	uposhan:3
उपोषणामुळे	uposhanamule:2	uposhanavar:1
उपोषणाला	uposhanala:3
उफाळलेल्या	ufallelya:2	ufalalelya:1
उफाळून	ufalun:2	ufadun:1	ufaloon:1
उबदार	ubdar:2	updar:1
उभट	ubhat:3
उभय	ubhay:3
उभयता	ubhayta:2	ubhayata:1
उभयतांनी	ubhayatannee:1	ubhayatanni:1	ubhaytanni:1
उभा	ubha:3
उभारणी	ubharani:3
उभारणीला	ubharaneela:2	ubharanila:1
उभारणीस	ubharanees:2	ubharanis:1
उभारणे	ubharane:3
उभारण्याची	ubharanyachee:2	ubharanyachi:1
उभारण्यात	ubharanyat:2	ubharnyat:1
उभारता	ubharata:2	ubharat:1
उभारला	ubharala:2	ubharla:1
उभारली	ubharalee:1	ubharali:1	ubharli:1
उभारले	ubharale:2	ubharle:1
उभारलेला	ubharalela:2	ubharlela:1
उभारलेल्या	ubharalelya:2	ubharlelya:1
उभारल्या	ubharalya:3
उभारायचे	ubharayche:2	ubharayache:1
उभारुन	ubharun:2	ubharoon:1
उभारून	ubharun:2	ubharoon:1
उभी	ubhi:2	ubhee:1
उभे	ubhe:3
उभेच	ubhech:3
उभ्या	ubhya:3
उमगत	umagat:3
उमटत	umatat:3
उमटला	umatala:2	uamatala:1
उमटले	umatale:2	umatle:1
उमटलेला	umatalela:3
उमटल्या	umatalya:1	umatalyavr:1	umatlya:1
उमटवला	umatavala:2	umatavla:1
उमर	aamer:1	oomar:1	oomer:1	umar:1
उमरखेड	umarkhed:3
उमराव	umarav:2	umrao:2	umarao:1
उमा	uma:4	umaa:1
उमाकांत	umakant:3
उमाजी	umajee:2	umaji:1
उमाजीचे	umajeeche:2	umajiche:1
उमेदवार	umedwar:2	umedvar:2	umedavar:1
उमेदवारही	umedavarhee:1	umedvarahee:1	umedvarahi:1
उमेदवाराची	umedavarachee:1	umedvarachee:1	umedvarachi:1
उमेदवारी	umedvari:2	umedavaree:1
उमेदवारीवर	umedvarivar:2	umedavareevar:1
उमेदवारीसाठी	umedvarisathi:2	umedavareesathee:1
उमेश	umesh:4	aamesh:1	oomeesh:1	oomes:1
उर	ur:2	uar:1
उरकून	urakoon:1	urakun:1	urkun:1
उरण	uran:3
उरल	ural:4	aaral:1	ooral:1
उरले	urale:3
उरलेलं	uralelam:2	uraleln:1
उरलेला	uralela:3
उरलेली	uralelee:2	uraleli:1
उरलेले	uralele:3
उरलेल्या	uralelya:3
उरी	uree:2	uri:2	aari:1	oori:1
उरुग्वे	uruguay:2	urugve:1
उरुळी	uruli:2	uroolee:1
उर्जा	urja:3
उर्जेची	urjechi:2	urjechee:1
उर्जेवर	urjevar:2	urajevar:1
उर्दू	urdu:3	urdoo:2	urduu:1	uurdoo:1
उर्दूचा	urducha:2	urdoocha:1
उर्फ	urf:3	urfa:1
उर्मिला	urmila:3
उर्वरित	urvarit:3
उर्वरीत	urvarit:2	urvareet:1
उर्वशी	urvashi:2	urvashee:1
उलगडणे	ulagadane:2	ulgadne:1
उलगडत	ulagadat:3
उलगडले	ulagadale:2	ualagadale:1
उलगडू	ulagadoo:2	ulagadu:1
उलगडून	ulagadoon:2	ulagadun:1
उलट	ulat:3
उलटा	ulata:2	ulta:1
उलटी	ulatee:2	ulti:1
उलटून	ulatoon:2	ultun:1
उलट्या	ulatya:3	ultya:2
उलथवून	ulathavoon:2	ulthavun:1
उलथून	ulathoon:2	ulthun:1
उलाढाल	uladhal:3
उलूम	uloom:2	ulum:1
उल्का	ulka:3
उल्कापात	ulkapat:3
उल्लंघन	ullanghan:3
उल्लू	ulloo:2	ullu:1
उल्लेख	ullekh:3
उल्लेखनीय	ullekhaneey:1	ullekhaneeya:1	ullekhaniy:1
उल्लेखही	ullekhahee:2	ullekhahi:1	ullekhhi:1
उल्लेखित	ullekhit:3
उल्लेखिलेले	ullekhilele:3
उल्हास	ulhas:3
उल्हासनगर	ulhasnagar:3
उवा	uva:3
उशिरा	ushira:3
उशीर	usheer:3
उशीरा	usheera:3
उषा	usha:5	usa:2
उष्ण	ushna:2	ushn:1
उष्णकटिबंधीय	ushnakatibandheey:2	ushnakatibandheeya:1
उष्णता	ushnata:3
उष्णतामान	ushnataman:3
उष्णतेची	ushnatechee:2	ushnatechi:1
उष्णतेने	ushnatene:3
उष्णतेमुळे	ushnatemule:3
उसके	usake:3
उसळली	usalalee:3
उसाच्या	usachya:3
उस्ताद	ustad:3	ustaad:1	ustada:1
उस्मान	usman:3
उस्मानाबाद	osmanabad:2	usmanabad:1
उस्मानाबादचे	osmanabadache:1	osmanabadche:1	usmanabadache:1
उस्मानाबादी	osmanabadee:1	osmanabadi:1	usmanabadee:1
उस्मानिया	usmaniya:2	usmania:1
ऊ	u:2	uu:1
ऊद	ud:2	uud:1
ऊन	un:2	uun:1
ऊर	ur:1	ura:1	uur:1
ऊर्जा	urja:3
ऊर्जानिर्मिती	urjanirmitee:2	urjanirmiti:1
ऊर्जेचा	urjecha:3
ऊर्जेच्या	urjechya:3
ऊर्जेमुळे	urjemule:3
ऊर्जेवर	urjevar:3
ऊर्फ	urfa:2	urf:1
ऊर्मिला	urmila:3
ऊस	us:2	usa:1
ऊसतोड	ustod:2	usatod:1
ऊसतोडणी	usatodanee:1	ustodanee:1	ustodani:1
ऊहापोह	uhapoh:2	uhapoha:1
ऋग्वेद	rugved:2	rigved:1
ऋग्वेदात	rugvedat:2	rigvedat:1
ऋग्वेदी	rigvedee:1	rugvedee:1	rugvedi:1
ऋचा	rucha:2	richa:1
ऋण	run:2	rina:1
ऋणानुबंध	rinanubandh:1	runanubandh:1	runanubandha:1
ऋतू	hrutu:1	rutoo:1	rutu:1
ऋतूची	hrutuchi:1	rutoochee:1	rutuchi:1
ऋतूत	hrutut:1	rutoot:1	rutut:1
ऋतूतील	hrututil:1	rutooteel:1	rututil:1
ऋषिकेश	rishikesh:2	rushikesh:2	hrishikesh:1	hrushikesh:1
ऋषी	rushi:2	rishi:2	rushee:2	hrishi:1
ऋषींचा	hrishincha:1	hrushincha:1	rishincha:1	rusheencha:1
ऋषींची	hrishinchi:1	hrushinchi:1	rishinchi:1	rusheenchee:1
ऋषींच्या	hrishinchya:1	hrushinchya:1	rishinchya:1	rusheenchya:1
ऋषींना	hrishinna:1	hrushinna:1	rishinna:1	rusheenna:1
ऋषींनी	hrishinni:1	hrushinni:1	rishinni:1	rusheennee:1
ऍक्ट	act:1	ekt:1	eqta:1	ikt:1
ऍपल	apple:3
ऍरिझोना	arijona:1	arizona:1	arizoona:1	erijona:1
एंजल	angle:2	angel:1	enjal:1
एंजेलिस	angeles:2	anjelis:1
एअर	air:1	ear:1	er:1	iara:1
एअरवेज	airways:2	airvej:2
एक	ek:3	aek:1
एकंदर	ekandar:2	ekndar:1
एकंदरच	ekandarach:2	ekndarch:1
एकंदरीत	ekandarit:2	ekndareet:1
एकएक	ekek:3
एकक	ekak:3
एकच	ekach:2	ekch:1
एकछत्री	ekchatri:2	ekchhatri:1
एकजिनसी	ekjinas:1	ekjinasi:1	ekjinsi:1
एकजीव	ekjeev:2	ekjiv:1
एकजूट	ekjut:3
एकटा	ekta:2	ekata:1
एकटी	ekti:2	ekati:1
एकटे	ekte:2	ekate:1
एकटेच	ektech:2	ekatech:1
एकट्या	ektya:4
एकट्याने	ektyane:3
एकतर	ektar:3
एकता	ekta:3
एकतारी	ektari:3
एकतीस	ektis:3
एकत्र	ekatra:2	ektra:1
एकत्रिकरण	ektrikaran:2	ekatrikaran:1
एकत्रित	ekatrit:2	ektrit:1
एकत्रितपणे	ekatritpane:2	ektritapane:1
एकत्रितरित्या	ekatritritya:2	ektritaritya:1
एकत्रीकरण	ektrikaran:2	ekatrikaran:1
एकदम	ekdam:3
एकदा	ekada:3	ekda:3
एकदाच	ekdach:3
एकदातरी	akdatari:1	ekdataree:1	ekdatari:1
एकदाही	ekdahi:2	ekdahee:1
एकदिवसीय	ekdivaseey:1	ekdivasiy:1	ekdiwasiya:1
एकदोन	ekdon:3
एकनाथ	eknath:3
एकनाथांचे	eknathanche:2	ekanathanche:1
एकनाथांच्या	eknathanchya:2	ekanathanchya:1
एकनाथांनी	eknathanni:2	eknathannee:1
एकनाथी	eknathi:2	eknathee:1
एकनिष्ठ	eknishth:2	eknishtha:1
एकनिष्ठता	eknishthata:3
एकपात्री	ekpatri:2	ekpatree:1
एकप्रकारची	ekprakarchi:2	ekprakarachee:1
एकप्रकारे	ekprakare:3
एकभुक्त	ekbhukta:2	ekbhukt:1
एकमत	ekmat:3
एकमताने	ekmatane:3
एकमात्र	ekmatra:2	ekmatr:1
एकमुखाने	ekmukhane:3
एकमुखी	ekmukhi:2	ekamukhee:1
एकमेकांकडे	ekmekankade:3
एकमेकांचे	ekmekanche:3
एकमेकांच्या	ekmekanchya:3
एकमेकांत	ekmekant:3
एकमेकांना	ekmekanna:3
एकमेकांपासून	ekmekanpasun:2	ekmekanpasoon:1
एकमेकांवर	ekmekanvar:2	ekamekanvar:1
एकमेकांशी	ekmekanshi:2	ekmekanshee:1
एकमेकांस	ekmekans:3
एकमेकींना	ekmekinna:2	ekmekeenna:1
एकमेव	ekmeva:4	ekmev:3
एकर	ekar:2	acre:1	aker:1
एकरावर	ekaravar:2	ekravar:1
एकरूप	ekrup:3
एकरूपता	ekrupata:2	ekrupta:1
एकल	ekal:3
एकलव्य	eklavya:3
एकवचन	ekvachan:3
एकवटलेल्या	ekvatalelya:2	ekavatalelya:1
एकविसाव्या	ekvisavya:3
एकवीरा	ekvira:2	ekveera:1
एकसंध	eksandh:2	ekasandha:1
एकसारखा	eksarkha:3
एकसारखाच	eksarkhach:2	eksarakhach:1
एकसारखी	eksarkhi:3
एकसारखे	eksarkhe:3
एकही	ekhi:2	ekahi:1
एका	eka:3
एकांकिका	ekankika:3
एकांडा	ekanda:3
एकांत	ekaant:1	ekant:1	ekanta:1
एकाआड	ekaad:2	ekaaad:1
एकाएकी	ekaeki:2	ekaekee:1
एकाऐवजी	ekaaivajee:1	ekaeivaji:1	ekaevaji:1
एकाकी	ekaki:2	ekakee:1
एकाकीपण	ekakipan:2	ekakeepan:1
एकाग्र	ekagra:3
एकाच	ekach:3
एकाचवेळी	ekachveli:2	ekachvelee:1
एकाच्या	ekachya:3
एकात	ekat:3
एकात्मता	ekatmata:3
एकात्मिक	ekatmik:3
एकादश	ekadash:3
एकादशी	ekadashi:3
एकादशीचा	ekadashicha:3
एकादशीचे	ekadashiche:3
एकादशीला	ekadashila:3
एकादशीस	ekadashis:3
एकाधिकार	ekadhikar:3
एकाने	ekane:3
एकापेक्षा	ekapeksha:3
एकावर	ekavar:3
एकावेळी	ekaveli:3
एकास	ekas:3
एकाही	ekahi:3
एकाहून	ekahun:3
एकीकडे	ekikade:3
एकुण	ekun:3
एकुलती	ekulati:2	ekulti:1
एकूण	ekun:3
एकूणच	ekunach:3
एकून	ekun:3
एके	eke:2	ak:1
एकेक	ekek:3
एकेका	ekeka:2	aekeka:1
एकेकाळचा	ekekalcha:2	aekekalcha:1
एकेकाळच्या	ekekalchya:2	aekekaalchya:1
एकेकाळी	ekekali:2	aekekali:1
एकेरी	ekeri:2	aekeri:1
एकोणिसाव्या	ekonisavya:2	aekonisavya:1
एकोणीस	ekonis:2	aekonees:1
एकोपा	ekopa:2	aekopa:1
एक्झिक्युटिव्ह	executive:2	exicative:1
एक्स	aiks:1	aix:1	eks:1	eqs:1
एक्सपी	xp:3
एक्सप्रेस	express:4	eeksaprees:1	eexprees:1	eexpreess:1
एक्सप्रेसचे	expressche:3
एक्स्प्रेस	express:3
एखादया	ekhadya:2	aekhadya:1
एखादा	ekhada:2	aekhada:1
एखादी	ekhadi:2	aekhadee:1	aekhadi:1
एखादे	ekhade:2	aekhade:1
एखाद्या	ekhadya:2	aekhadya:1
एखाद्याचा	ekhadyacha:2	aekhadyacha:1
एखाद्याची	ekhadyachi:2	aekhadyachee:1	aekhadyachi:1
एखाद्याचे	ekhadyache:2	aekhadyache:1
एखाद्याने	ekhadyane:2	aekhadyane:1
एचएसबीसी	hsbc:3
एज	age:3	edge:1
एजंट	agent:3
एजन्सी	agency:3
एजन्सीने	agencyne:3
एज्युकेशन	education:3
एज्युकेशनल	educational:3
एटीएम	atm:3
एटीएममधून	atmmadhun:3	atmmadhoon:1
एडगर	adgar:1	adger:1	adgir:1	edagar:1
एडमंटन	edamantan:1	edmantan:1	edmanton:1	edmonton:1
एडमंड	edmond:3	edamand:2	edmand:2	edmund:2
एडवर्ड	edward:3	advord:1	adward:1	adword:1
एडविन	edwin:4	advin:1	adwin:1	edavin:1
एडिटर	aditar:1	aditor:1	editar:1	editor:1
एडिसन	edison:5	adisan:2	adison:2	edisan:2
एड्स	aids:4	aidsh:1	eds:1	edsa:1
एनी	any:2	ani:1	ene:1
एन्काउंटर	encounter:3
एन्ट्री	antri:1	antrii:1	entary:1	entery:1
एप्रिल	april:4	aipreel:1	aipriil:1	aipril:1
एप्रिलच्या	aprilchya:3
एमए	ma:3
एमएससी	msc:3
एमटेक	mtech:2	amtek:1	emtek:1
एमिली	emily:3	aemili:1	amili:1	emiilii:1
एमी	emi:4	amy:2	emii:2	ami:1
एम्पायर	empire:2	empier:1
एम्प्रेस	empress:4	eempreesa:1	eempreess:1	empresa:1
एम्बेड	aimbed:1	aimbeed:1	aimbid:1	ambed:1
एयर	air:3
एर	air:6	aer:1	er:1
एरंडे	erande:2	aerande:1
एरंडेल	erandel:2	aerandel:1
एरंडोल	aerandol:1	earandol:1	erandol:1
एरबस	airbus:1	airbush:1	arabasa:1	erabasa:1
एरवी	eravi:2	earavee:1
एरिक	eric:3	erik:3	aric:1	arik:1
एरिया	are:1	area:1	aria:1	arieya:1
एरिस	aries:1	ariis:1	aris:1	eries:1
एरोनॉटिक्स	aaronautics:1	aeronautics:1	aeroonautics:1	aironautics:1
एर्नाकुलम	ernakulam:3	arnakoolam:1	arnakulam:1	arnakulama:1
एलकुंचवार	aelkunchwaar:1	alakunchavar:1	elkunchvar:1	elkunchwar:1
एलफिन्स्टन	elphinstone:2	aelfinston:1
एलसीडी	lcd:3
एला	ela:1	ella:1	ila:1	illa:1
एलिझाबेथ	elizabeth:3	alijabeth:1	alizabeeth:1	alizabeth:1
एलिफंटा	elephanta:2	ealifanta:1
एलेन	eeleen:2	elen:2	ilin:2	aileen:1
एल्फिन्स्टन	elphinstone:2	aelfinston:1	elfinston:1
एल्बा	ailba:1	eilba:1	elba:1	iilba:1
एवढंच	aevdhanch:1	avadhachn:1	evadhanch:1
एवढा	evadha:2	aevadha:1
एवढाच	evadhach:2	aevadhach:1
एवढी	evadhi:2	aevdhi:1
एवढीच	evadhich:2	aevdhich:1
एवढे	evadhe:2	aevdhe:1
एवढेच	evadhech:2	aevadhech:1	yevadhech:1
एवढ्या	aevdhya:2	evadhya:2	evhadhya:1
एव्हरेस्ट	everest:3	aevhrest:1	evharest:1
एव्हरेस्टवर	aevhrestvar:1	everestvar:1	evharestavar:1
एव्हरेस्टवीर	aevhrestveer:1	everestveer:1	evharestaveer:1
एशिया	asia:3	aeshiya:1	eshiya:1
एशियाटिक	aeshhiyatik:1	aeshiyatik:1	aeshiyatiq:1	aeshiyetik:1
एसएमएस	sms:3	aesaemaes:1	esemes:1
एसटीची	stchi:2	esateechee:1	stchee:1
एसिड	acid:3	aseed:1	esid:1
एसेन	aseen:1	asen:1	asieen:1	asien:1
एस्टी	aesti:2	estee:1	esti:1
एस्टोनिया	astonia:1	astoonia:1	estonia:1	estoniya:1
ऐक	aek:1	aik:1	eik:1	ek:1
ऐकणारा	aeknaara:1	aikanara:1	eikanara:1	yeknaara:1
ऐकण्याची	aeknyaachi:1	aikanyachi:1	eikanyachee:1	yeknyachi:1
ऐकण्याच्या	aeknyachya:1	aikanyachya:1	eikanyachya:1	yeknyachya:1
ऐकण्यास	aeknyaas:1	aikanyas:1	eikanyas:1	yeknyaas:1
ऐकण्यासाठी	aeknyasaathi:1	aikanyasathi:1	eikanyasathee:1	yeknyasaathi:1
ऐकत	aikat:2	aekat:1	eikat:1	yekat:1
ऐकताना	aektana:1	aiktana:1	eikatana:1
ऐकले	eikale:2	aekle:1
ऐकलेले	eikalele:2	aeklele:1
ऐकल्यानंतर	eikalyanantar:2	aeklyanantar:1
ऐकल्यास	eikalyas:2	aeklyas:1
ऐकविले	aikavile:2	aekvile:1	eikavile:1
ऐका	aeka:1	aika:1	eika:1
ऐकायला	aikayla:2	aekayala:1	aikayala:1
ऐकु	aiku:2	aeku:1	yeku:1
ऐकू	aeku:1	aikoo:1	eakoo:1
ऐकून	aekoon:1	aekun:1	aikoon:1	eakoon:1
ऐकूनच	aekunach:1	aikoonach:1	eakoonach:1
ऐक्य	aekya:1	aikya:1	eakya:1
ऐच्छिक	aicchik:1	aichhik:1	eachchhik:1
ऐतरेय	aitarey:1	eatrey:1	eitareya:1
ऐतिहासिक	aitihasik:8	aetihasik:1	eatihasik:1
ऐतिहासिकदृष्ट्या	aitihasikdrushtya:1	eatihasikdrushtya:1	eitihasikdrushtya:1
ऐन	ain:2	aina:1	ean:1	ein:1
ऐनवेळी	ainavelee:1	eanveli:1	einveli:1
ऐरणीवर	aerniwar:1	airaneevar:1	earanivar:1
ऐवज	eivaj:2	aivaj:1
ऐवजी	eivaji:4	aivajee:1
ऐश्वर्य	aishvarya:2	aishwary:1
ऐश्वर्या	aishwarya:3	aishvarya:2	aishhvarya:1	aishhwarya:1
ऐसपैस	aispais:2	aespais:1
ऐसे	aese:1	aise:1	ese:1
ऐहिक	aehik:1	aihik:1	ehik:1
ऑइल	ail:1	el:1	oil:1
ऑकलंड	aukland:3	auckland:2	akaland:1	akland:1
ऑक्टोबर	october:6	aktoobar:1	aktoobara:1	aktoober:1
ऑक्टोबरपर्यंत	octoberparyant:2	octoberprayant:1
ऑक्सफर्ड	oxford:4	akshapharda:1	auksfard:1	auksford:1
ऑक्साइड	oxide:3
ऑक्साईड	oxide:3
ऑक्सिजनची	oxygenchi:2	oxygenchee:1
ऑगस्ट	august:4	agashta:1	agasta:1	agusht:1
ऑगस्टमध्ये	augustmadhye:2	augustmadhe:1
ऑगस्टला	augustla:2	augstla:1
ऑगस्टस	agastas:1	agastus:1	augstus:1	augustus:1
ऑटो	ato:2	atoo:2	auto:2	autoo:2
ऑटोमॅटिक	atomatik:1	atomatiq:1	atoomatik:1	automatic:1
ऑटोमोबाईल	automobile:3
ऑटोरिक्षा	autoriksha:2	autorickshaw:1
ऑट्टोमन	attomana:1	attoomana:1	auttoman:1	auttooman:1
ऑडिओ	audeo:1	audeoo:1	audio:1	audioo:1
ऑडियो	audio:3
ऑथेल्लो	othello:2	orthello:1
ऑनर	honor:2	honour:2	onar:1	oner:1
ऑनलाइन	online:6	onlain:1
ऑपरेटर	aparatar:1	apareetara:1	aparetara:1	aperatar:1
ऑपरेटिंग	apareeting:1	aparetin:1	apareting:1	aperating:1
ऑपरेशनचा	operationcha:2	opreshancha:1
ऑपेरा	apara:1	apeera:1	apera:1	aupara:1
ऑफ	of:4	off:2
ऑफिस	office:5	ofis:1
ऑफिसर	afficer:1	aficer:1	afisar:1	aphisar:1
ऑफिसवर	officevar:2	ofisvar:1
ऑब्जेक्ट	abject:1	abjeekt:1	abjekt:1	abjeqt:1
ऑब्रे	abre:1	abree:1	abrey:1	aubreey:1
ऑर्किड	orchid:3	orkid:2
ऑर्गनायझेशन	organisation:2	organization:2	orgnayzeshan:1
ऑर्डर	order:4	ordar:2	arder:1	aurdar:1
ऑर्थोडॉक्स	arthodaks:1	arthodaqs:1	arthoodaks:1	oorthoodoocs:1
ऑल	all:4	ol:2	al:1	aul:1
ऑलिंपिक	olympic:3	aulimpika:1	aulimpiqa:1	aulympic:1
ऑलिंपिकमध्ये	olympicmadhye:2	olimpikmadhye:1
ऑलिम्पिक	olympic:3	alampic:1	alimpika:1	alimpiqa:1
ऑलिम्पियाड	olympiad:2	olympiyad:2	aleempiyad:1	alimpiyada:1
ऑलिव्हर	oliver:3	olivhar:2	aulivhar:1
ऑस्कर	oscar:3	oskar:3	auskar:2	ackar:1
ऑस्ट्रियन	austrian:3	astrian:1	astriyan:1	austran:1
ऑस्ट्रिया	austria:2	austriya:4	ashtriya:1	astriya:1
ऑस्ट्रियाच्या	australiyachya:1	austriyachya:1	ostriyachya:1
ऑस्ट्रेलियन	australian:2	austreliyan:2	aaushtrelian:1	aaustreelian:1
ऑस्ट्रेलिया	ashtreliya:1	astreeliya:1	astreliya:1	aushtralia:1
ऑस्ट्रेलियाकडून	australiakadoon:1	austreliyakadoon:1	ostreliyakadoon:1
ऑस्ट्रेलियाचा	austreliyacha:2	australiacha:1	ostreliyacha:1
ऑस्ट्रेलियाचे	austreliyache:2	australiache:1	ostreliyache:1
ऑस्ट्रेलियाच्या	austreliyachya:3	australiachya:1	ostreliyachya:1
ऑस्ट्रेलियात	austreliyat:2	ostreliyat:1
ऑस्ट्रेलियातील	austreliyateel:2	australiateel:1	ostreliyateel:1
ऑस्ट्रेलियाने	australiane:1	australiyane:1	austreliyane:1
ऑस्ट्रेलियामध्ये	australiamadhye:2	australiyamadhye:1	austreliyamadhye:1
ऑस्ट्रेलियाविरुद्ध	australiaviruddh:1	australiyaviruddh:1	austreliyaviruddh:1
ओंकार	omkar:2	omkaar:1
ओंकारेश्वर	omkareshvar:2	omkareshwar:1
ओंजळीत	onjaleet:2	onjalit:1
ओंडका	ondaka:3	aundaka:1
ओंडके	ondake:3	aundake:1
ओंबळे	ombale:2	aumbale:1	onbale:1
ओएस	os:3	oes:1
ओक	oak:4	aak:1	ak:1	ayk:1
ओक्लाहोमा	oklahoma:1	ooklahooma:1	oqlahoma:1
ओघ	oagh:1	odh:1	ogha:1
ओघवती	oghavati:1	oghavti:1	oghawati:1
ओघात	oghaat:2	oghat:1
ओझरते	ojharte:2	ojharate:1
ओझे	ojhe:2	oze:1
ओझोन	ozone:3
ओठ	oth:3
ओडिशा	odisha:3
ओडिशाचे	odishache:2	odishane:1
ओडिसा	odisa:3
ओडिसी	odisee:2	odisi:2	odyssey:2	audisee:1
ओढ	odha:2	odh:1
ओढण्यासाठी	odhanyasathi:2	odhanyasathee:1
ओढतो	odhato:3
ओढला	odhala:3
ओढले	odhale:3
ओढवला	odhavala:3
ओढवली	odhavali:2	odhavalee:1
ओढवून	odhavun:2	odhavoon:1
ओढा	odha:3
ओढाताण	odhatan:3
ओढायला	odhayla:2	odhayala:1
ओढून	odhun:2	odhoon:1
ओढे	odhe:3
ओत	ot:2	oat:1
ओतावे	otave:3
ओतूर	otur:2	otoor:1
ओन्ली	only:4	anli:1	anly:1	onlee:1
ओपन	open:4	apan:1	apen:1	opan:1
ओपनिंग	opening:3	opaning:1
ओबडधोबड	obaddhobad:2	obadadhobad:1
ओबामा	obama:4	abama:1
ओबीसी	obc:3
ओबेरॉय	oberoy:3
ओम	om:3
ओमप्रकाश	omprakash:3
ओमान	oman:4	aman:1	amana:1	omana:1
ओमानच्या	omanchya:3
ओरड	orad:3
ओरडून	ordun:2	oradoon:1
ओरायन	orayan:2	orion:2	arayana:1	arian:1
ओरिएंटल	oriental:4	areeyantal:1	ariental:1	arientala:1
ओरिएंटेड	auriented:1	orieenteed:1	oriented:1	orienteid:1
ओरिसा	orisa:3	orissa:2	audissa:1	aurisha:1
ओरिसातील	orisateel:2	orissatil:1
ओरोस	oros:3
ओलसर	olsar:2	olasar:1
ओला	ola:4	olaa:1
ओलांडत	olandat:3
ओलांडला	olandala:2	olandla:1
ओलांडली	olandalee:1	olandali:1	olandlee:1
ओलांडले	olandale:2	olandle:1
ओलांडायला	olandayla:2	olandayala:1
ओलांडून	olandoon:1	olandun:1	olankadun:1
ओले	ole:2	oley:1
ओल्ड	old:4	aald:1	ald:1	oold:1
ओल्या	olya:3
ओळ	oal:2	ol:1
ओळख	olakh:2	olakha:1
ओळखण	olakhan:3
ओळखणारे	olakhanare:2	olakhnaare:1
ओळखणे	olakhane:3
ओळखण्यासाठी	olakhanyasaathi:1	olakhanyasathee:1	olakhanyasathi:1
ओळखत	olakhat:3
ओळखता	olakhata:3
ओळखतात	olakhatat:3
ओळखते	olakhate:3
ओळखला	olakhala:3
ओळखली	olakhalee:2	olakhali:2
ओळखले	olakhale:3
ओळखल्या	olakhalya:3
ओळखी	olakhee:2	olakhi:2
ओळखीने	olakheene:2	olakhine:2
ओळखु	olakhu:3
ओळखू	olakhoo:2	olakhu:2
ओळखून	olakhoon:2	olakhun:2
ओळी	olee:2	oli:2
ओळींचा	olincha:2	oleencha:1
ओळींची	olinchi:2	oleenchee:1	oleenchi:1
ओळींच्या	olinchya:2	oleenchya:1
ओळीत	oleet:2	olit:1
ओवाळणी	ovalanee:2	ovalani:1
ओवाळतात	ovalatat:2	ovalataat:1
ओवाळले	ovalale:2	ovaalale:1
ओवी	ov:1	ovee:1	ovi:1
ओवीबद्ध	ovbaddh:1	oveebaddh:1	ovibaddha:1
ओव्या	ovya:3	avya:1	ovyaa:1	owya:1
ओशाळला	oshalala:2	oshaalala:1
ओशो	osho:4	ooshoo:1	oshho:1	oso:1
ओसाड	osad:2	osaad:1
ओसामा	osama:4	asama:1
ओहोटी	ohotee:3	ohoti:1
औंध	aundh:2	ondh:1
औचित्य	auchitya:2	auchity:1
औदुंबर	audumbar:2	audumber:1
औद्योगिक	audyogik:2	audhyogik:1
औद्योगिकरण	audyogikaran:2	audhyogikeekaran:1
औद्योगिकीकरण	audyogikikaran:2	audhyogikeekaran:1
औपचारिक	aupacharik:2	aupcharik:1
औरंगजेब	aurangjeb:2	aurangajeb:1
औरंगजेबाच्या	aurangajebachya:1	aurangjebachya:1	auranjebachya:1
औरंगजेबाने	aurangjebane:2	aurangajebane:1
औरंगाबाद	aurangabad:4	aurangabada:1
औरंगाबादची	aurangabadchi:2	aurangabadachee:1
औरंगाबादच्या	aurangabadchya:2	aurangabadachya:1
औरंगाबादमधील	aurangabadmadhil:2	aurangabadamadheel:1
औरंगाबादला	aurangabadla:2	aurangabadala:1
औरस	auras:4	aoras:1
औषध	aushadh:3
औषधांचा	aushadhancha:3
औषधांची	aushadhanchi:2	aushadhanchee:1
औषधांचे	aushadhanche:3
औषधांच्या	aushadhanchya:3
औषधांत	aushadhant:3
औषधांनी	aushadhanni:2	aushadhannee:1
औषधांमध्ये	aushadhanmadhye:3
औषधांवर	aushadhanvar:3
औषधांसाठी	aushadhansathi:2	aushadhansathee:1
औषधाचा	aushadhacha:3
औषधाची	aushadhachi:2	aushadhachee:1
औषधाचे	aushadhache:3
औषधाच्या	aushadhachya:3
औषधात	aushadhat:3
औषधाने	aushadhane:3
औषधामुळे	aushadhamule:3
औषधी	aushadhi:2	aushadhee:1
औषधे	aushadhe:3
औषधोपचार	aushadhopachar:3
औष्णिक	aushnik:3
कँप	camp:3
कंगना	kangana:3
कंगोरे	kangore:3
कंटाळवाणा	kantalvana:2	kantalvaana:1
कंटाळा	kantala:3
कंटाळून	kantalun:3	kantaloon:1
कंट्रोल	control:4	cantrol:1	cantrool:1	coontrool:1
कंठ	kanth:3
कंठस्नान	kanthsnan:3
कंत्राट	kantrat:2	kantraat:1
कंत्राटदाराने	kantratadarane:2	kantratdarane:1
कंद	kand:3
कंदमुळे	kandmule:2	kandamule:1
कंधार	kandhar:3
कंप	kamp:2	kanp:1
कंपनी	company:3	kampanee:2	campany:1	kampani:1
कंपनीकडून	companykadoon:1	kampaneekadoon:1	kampneekadoon:1
कंपनीकडे	companykade:1	kampneekade:1	kanpaneekade:1
कंपनीचा	companychaa:1	kampaneecha:1	kampneecha:1
कंपनीची	companychi:1	kampaneechee:1	kampneechee:1
कंपनीचे	companyche:2	kampaneeche:1
कंपनीच्या	companychya:2	kampaneechya:1
कंपनीत	companit:1	companyt:1	kampaneet:1
कंपनीतून	companitun:1	companytoon:1	kampaneetoon:1
कंपनीद्वारे	companydvare:2	kampaneedvare:1
कंपनीने	companine:3	companyne:2	kampaneene:1
कंपनीमध्ये	companymadhye:2	kampaneemadhye:1
कंपनीला	companyla:2	kampaneela:1
कंपनीस	companys:2	kampanees:1
कंपन्या	companya:2	kampanya:1
कंपन्यांचा	companyancha:2	kampanyancha:1
कंपन्यांची	companyanchi:2	kampanyanchee:1
कंपन्यांचे	companyanche:2	kampanyanche:1
कंपन्यांच्या	companyanchya:2	kampanyanchya:1
कंपन्यांना	companyanna:2	kampanyanna:1
कंपन्यांनी	companyani:1	companyanni:1	kampanyannee:1
कंपन्यांमध्ये	companyamadhye:1	companyanmadhye:1	kampanyanmadhye:1
कंपन्यांसाठी	companyansathi:2	kampanyansathee:1
कंपन्याच्या	companyachya:2	kampanyachya:1
कंपू	compoo:1	kampoo:1	kampu:1
कंपोस्ट	compost:4	kampost:2	campoost:1	campost:1
कंबर	kambar:3
कंबरदुखी	kambardukhi:2	kambardukhee:1
कंबरेच्या	kambarechya:3
कंबरेला	kambarela:2	kambrela:1
कंबोडिया	cambodia:2	kambodiya:2	combodia:1	coomboodia:1
कंस	kans:3
कंसात	kansat:3	kansaat:1
कंसाने	kansane:2	kansache:1
कक्कड	kakkad:3
कक्ष	kaksh:3
कक्षा	kaksha:3
कक्षात	kakshat:2	kakshaat:1
कक्षेत	kakshet:3
कक्षेमध्ये	kakshemadhye:3
कचरा	kachara:2	kachra:1
कचेरी	kacheree:2	kachari:1
कचेरीच्या	kachereechya:2	kacharichya:1
कचोरी	kachori:2	kachoree:1
कच्चा	kachcha:3
कच्ची	kachchi:2	kachchee:1
कच्चे	kachche:3
कच्च्या	kachchya:3
कच्छ	kachcha:1	kachchh:1	kachchha:1
कच्छी	kachchhee:1	kachchhi:1	kachchi:1
कझाकस्तान	kajhakstan:1	kazakastan:1	kazakhstan:1
कट	kat:3	cut:3	qat:1	qata:1
कटक	katak:4	cuttac:1	cuttak:1	cuttaq:1
कटरा	katara:3
कटला	katala:3
कटाक्षाने	katakshane:3
कटाची	katachee:2	katachi:1
कटात	katat:3
कटिबद्ध	katibaddh:3
कटू	katoo:3
कट्टर	kattar:3
कट्टे	katte:3
कट्यार	katyar:4	katayar:1
कठिण	kathin:3
कठीण	kathin:3
कठोर	kathor:3
कडक	kadak:4
कडकडे	kadkade:2	kakade:1
कडधान्याचे	kadadhanyache:1	kadadhyanyache:1	kaddhanyache:1
कडप्पा	kadappa:3
कडवा	kadava:2	kadva:1
कडवे	kadve:2	kadave:1
कडव्या	kadvya:2	kadavya:1
कडा	kada:3
कडांवर	kadanvar:2	kadanwar:1
कडाक्याच्या	kadakyachya:3
कडाडून	kadadoon:2	kadadun:2
कडी	kadi:4	kadee:1
कडुलिंबाच्या	kadulimbachya:2	kadulimbacya:1
कडू	kadoo:1	kadu:1	kadun:1
कडून	kadun:2	kadoon:1
कडे	kade:3
कडेने	kadene:3
कडेला	kadela:3
कड्याच्या	kadyachya:3
कड्यावर	kadyavar:3
कड्यावरचा	kadyavaracha:2	kadyavarcha:1
कढ	kadh:3
कढईमध्ये	kadhaimadhye:2	kadhaimadhe:1
कण	kan:3
कणकवली	kankavali:1	kankavli:1	kankawalee:1
कणकेच्या	kanakechya:3
कणखर	kankhar:3
कणव	kanav:3
कणा	kana:3
कणीस	kanis:2	kanees:1
कणेकर	kanekar:3
कणेरी	kaneri:2	kaneree:1
कण्व	kanv:2	kanva:1
कण्हेर	kanher:3
कतार	qatar:2	katar:2	quatar:1
कत्तल	kattal:3
कथक	kathak:3
कथकली	kathakali:2	kathakalee:1
कथन	kathan:3
कथा	katha:4	ketha:1	qatha:1
कथांच्या	kathanchya:3
कथांमधून	kathanmadhun:2	kathanmadhoon:1
कथांमध्ये	kathanmadhye:3
कथाकथन	kathakathan:3
कथाकार	kathakar:3
कथानक	kathanak:3
कथानकाचा	kathanakacha:3
कथानकातील	kathanakatil:2	kathanakateel:1
कथानकावर	kathanakavar:3
कथालेखक	kathalekhak:3
कथालेखन	kathalekhan:3
कथासंग्रह	kathasangrah:7	kathaasangrah:1	kathasangraha:1
कथासंग्रहात	kathasangrahat:3
कथासार	kathasar:3
कथेचा	kathecha:3
कथेची	kathechi:2	kathechee:1
कथेचे	katheche:3
कथेच्या	kathechya:2	kathwchya:1
कथेत	kathet:3
कथेप्रमाणे	kathepramane:3
कथेला	kathela:3
कथेवर	kathevar:3
कथ्थक	katthak:2	kaththak:1
कदंब	kadamb:3
कदम	kadam:3
कदमांनी	kadamanni:3
कदर	kadar:3
कदा	kada:3
कदाचित	kadachit:3
कधी	kadhee:2	kadhi:1
कधीकधी	kadheekadhee:2	kadhikadhi:1
कधीच	kadheech:2	kadhich:1
कधीतरी	kadheetaree:2	kadhitari:1
कधीही	kadhihi:2	kadheehee:2
कनक	kanak:3
कनकदुर्ग	kanakdurg:3
कनकेश्वर	kanakeshvar:2	kanakeshwar:1
कनिष्क	kanishk:2	kanishka:2
कनिष्ठ	kanishth:2	kanishtha:2
कनेक्टिकट	connecticut:3	kanektikat:2	cannecticut:1	cannectikut:1
कनेक्शन	connection:3
कनौज	kannauj:2	kanauj:1
कन्टेन्ट	cantent:1	conteent:1	content:1	kanteent:1
कन्नड	kannad:3	kanada:1	kannada:1	qannada:1
कन्यका	kanyaka:3
कन्या	kanya:3
कन्याकुमारी	kanyakumari:4	kannyakumari:1	kannyakumarii:1	kanyakumarii:1
कन्याकुमारीपर्यंत	kanyakumariparyant:3
कन्याकुमारीला	kanyakumarila:3
कन्यादान	kanyadan:2	kanyadaan:1
कन्येला	kanyela:3
कन्सल्टन्सी	cansultancy:1	consultanci:1	consultancy:1	kansaltansi:1
कप	cup:4	kap:1	kapa:1	qap:1
कपटाने	kapatane:3
कपडा	kapada:3
कपडे	kapade:3
कपड्यांची	kapadyanchi:3	kapadyanchee:2	kapdyanchi:1
कपड्याचा	kapadyacha:3
कपाटे	kapate:3
कपात	kapat:3
कपारी	kapari:2	cupari:1	kaparee:1
कपारीत	kaparit:2	kapareet:1
कपाळ	kapal:3
कपाळावर	kapalavar:3
कपिल	kapil:3
कपिलेश्वर	kapileshwar:2	kapileshvar:1
कपूर	kapoor:4	kapur:2	kapaar:1	kapuur:1
कपूरच्या	kapoorchya:2	kapoorachya:1	kapurchya:1
कप्तान	kaptan:2	captain:1
कप्पा	kappa:3
कप्पे	kappe:3
कप्प्यात	kappyat:3
कफाचा	kafacha:2	coughacha:1
कब	kab:3
कबड्डी	kabaddee:2	kabaddi:1
कबड्डीतील	kabaddeeteel:2	kabadditil:1
कबर	kabar:3
कबरी	kabari:2	kabaree:1
कबरीच्या	kabarichya:2	kabareechya:1
कबाब	kabab:3	kababa:1	kebab:1	qababa:1
कबीर	kabir:3	kabeer:2	kabear:1	kabiir:1
कबुतर	kabutar:3
कबुली	kabuli:2	kabulee:1
कबूतर	kabutar:2	kabootar:1
कबूल	kabul:2	kabool:1
कब्जा	kabja:3
कब्र	kabra:2	kabr:1
कभी	kabhi:1	kabhii:1	qabhi:1
कमकुवत	kamkuvat:2	kamakuvat:1
कमजोर	kamjor:2	kamajor:1
कमतरता	kamtarta:3
कमरेच्या	kamarechya:3
कमरेभोवती	kamarebhovati:2	kamarebhovatee:1
कमरेला	kamarela:3
कमल	kamal:4	qamal:1
कमलनयन	kamalnayan:3
कमला	kamala:5	kamla:2	kamlaa:1	qamala:1
कमलाकर	kamalakar:3
कमलादेवी	kamaladevi:2	kamaladevee:1
कमलाबाई	kamalabai:3
कमलेश	kamalesh:3
कमळ	kamal:3
कमळगड	kamalgad:2	kamagad:1
कमळाबाई	kamalabai:3
कमांड	cammand:1	comand:1	command:1	commond:1
कमांडर	cammander:1	comander:1	commandar:1	commander:1
कमांडो	commando:4	kamando:2	comando:1	coommandoo:1
कमाई	kamai:3
कमान	kaman:2	kamaan:1
कमानी	kamani:2	kamanee:1
कमार	kamar:2	kamavar:1
कमाल	kamal:3
कमालीचा	kamalicha:2	kamaleecha:1
कमालीची	kamalichi:2	kamaleechee:1
कमालीचे	kamaliche:2	kamaleeche:1
कमावणारा	kamavnara:2	kamavanara:1
कमावतात	kamavatat:2	kamavtat:1
कमावते	kamavate:2	kamavte:1
कमावली	kamavali:2	kamavlee:1
कमिटी	committee:2	comity:1	kamitee:1
कमिशन	commission:3	kamishan:2	cammisian:1	comision:1
कमिशनच्या	commissionchya:2	kamishanachya:1
कमिशनमध्ये	commissionmadhye:2	kamishanmadhye:1
कमिशनर	commissioner:3	kamishanar:2	cammisianer:1	cammissianer:1
कमी	kami:2	kamee:1
कमीअधिक	kamiadhik:2	kameeadhik:1
कमीच	kamich:2	kameech:1
कमीजास्त	kamijasta:2	kameejast:1
कमीत	kamit:2	kameet:1
कमीतकमी	kamitkami:2	kameetkamee:1
कम्युनिस्ट	communist:3
कयाधू	kayadhu:3
कयास	kayas:3
कर	kar:4
करंज	karanj:3
करंजी	karanji:3
करंजे	karanje:3
करंडक	karandak:3
करंडा	karanda:3
करंदीकर	karandikar:3
करकरे	karkare:3
करडा	karada:3
करडी	karadi:2	karadee:1
करड्या	karadya:2	kardya:1
करण	karan:7	karana:1	qaran:1	qarana:1
करणार	karnar:3	karnaar:3	karanar:2
करणारा	karnara:6	karanara:2	karanaara:1
करणारी	karanari:3	karanaree:1	karnaari:1
करणारे	karnare:11	karanare:2	karnaare:1
करणारेही	karanarehee:2	karnaarehi:1
करणार्या	karanarya:2	karnaarya:1
करणाऱ्या	karanarya:2	karnaarya:1
करणाऱ्यांत	karanaryant:2	karnaaryant:1
करणाऱ्यांना	karanaryanna:2	karnaaryanna:1
करणाऱ्यांनी	karanaryannee:1	karanaryanni:1	karnaryanni:1
करणे	karane:2	karne:1
करणेच	karanech:2	karnech:1
करणेही	karanehi:2	karanehee:1
करण्या	karanya:3
करण्याइतके	karanyaitake:2	karnyaitake:1
करण्याऐवजी	karanyaaivaji:1	karnyaaiwajee:1	karnyaeivaji:1
करण्याकडे	karanyakade:2	karnyakade:1
करण्याकरता	karanyakarata:1	karanyakarita:1	karnyakarata:1
करण्याकरिता	karanyakarita:2	karnyakarita:1
करण्याकरीता	karanyakarita:2	karnyakarita:1
करण्याचा	karnyacha:4	karanyacha:2
करण्याचाही	karanyachahee:1	karanyachahi:1	karnyachahi:1
करण्याची	karanyachi:5	karanyachee:1	karnyachi:1
करण्याचे	karnyache:8	karanyache:2
करण्याच्या	karanyachya:2	karnyachya:1
करण्यात	karnyat:23	karanyat:2
करण्यापासून	karanyapasoon:1	karanyapasun:1	karnyapasun:1
करण्यापूर्वी	karanyapoorvee:1	karanyapurvi:1	karnyapurvi:1
करण्यापेक्षा	karanyapeksha:2	karnyapeksha:1
करण्याबाबत	karanyababat:2	karnyababat:1
करण्यामध्ये	karanyamadhye:2	karnyamadhye:1
करण्यामागचे	karanyamagache:2	karnyamagche:1
करण्यामागे	karanyamage:2	karnyamage:1
करण्यायोग्य	karanyayogya:2	karnyayogya:1
करण्याला	karanyala:2	karnyala:1
करण्यावर	karanyavar:2	karnyawar:1
करण्यास	karanyas:2	karnyaas:1
करण्यासाठी	karanyasathi:13	karanyasathee:1	karnyasaathi:1
करण्यासाठीं	karanyasatheem:1	karanyasathi:1	karnyasaathin:1
करण्यासाठीची	karanyasatheechee:1	karnyasaathichi:1	karnyasathichi:1
करण्यासाठीचे	karanyasatheeche:1	karnyasaathiche:1	karnyasathiche:1
करण्यासाठीच्या	karanyasatheechya:1	karnyasaathichya:1	karnyasathichya:1
करत	karat:5
करता	karata:9	karta:2
करतांना	kartanna:2	karatanna:1
करताच	kartach:2	karatach:1
करतात	kartat:32	karatat:1	kartaat:1
करतान	kartan:2	karatan:1
करताना	kartana:2	karatana:1
करतानाच	kartanach:2	karatanach:1
करतील	kartil:2	karateel:2	karteel:1
करते	karate:2	karte:1
करतेवेळी	karatevelee:2	kartevelee:1
करतो	karto:6	karato:3
करतोच	karatoch:2	kartoch:1
करमचंद	karamchand:3
करमणुकीचा	karmanukicha:2	karamanukeecha:1
करमणुकीची	karamanukeechee:1	karamanukichi:1	karmanukichi:1
करमणुकीसाठी	karamanukeesathee:1	karmanookisathi:1	karmanukisaathi:1
करमणूक	karamanook:1	karamnook:1	karmanook:1
करमरकर	karmarkar:2	karamarkar:1
करमाळा	karmala:2	karamala:1
करवंटी	karvanti:2	karavantee:1
करवंद	karvand:2	karavand:1
करवला	karavala:2	karvala:1
करवली	karavali:2	karavalee:1
करवसुली	karavasulee:1	karavasuli:1	karvasuli:1
करविली	karavilee:1	karavili:1	karvilee:1
करवीर	karvir:2	karaveer:1	karveer:1
करवून	karavoon:1	karavun:1	karvoon:1
करा	kara:4	karaa:1	qara:1	qaraa:1
करांचे	karanche:3
कराचा	karacha:3
कराची	karachee:2	karachi:2	karachii:1	qarachi:1
कराचीत	karacheet:2	karachit:1
कराचीला	karacheela:2	karachila:1
कराटे	karate:4	karatee:1	karete:1	qarate:1
कराड	karad:3
कराडी	karadee:2	karadi:1
करात	karat:4	karata:1	karet:1	kareta:1
करामत	karamat:3
करायचा	karayacha:2	karaycha:1
करायची	karayachee:1	karayachi:1	karaychi:1
करायचे	karayche:2	karayache:2
करायच्या	karayachya:2	karaychya:1
करायला	karayala:2	karayla:1
करार	karar:2	karaar:1
कराराच्या	kararachya:3
करारात	kararat:2	kararaat:1
करारानुसार	kararanusar:2	kararanusaar:1
कराराप्रमाणे	kararapramane:3
करारामुळे	kararamule:2	kararmule:1
करारावर	kararavar:3
करावयाचा	karavayacha:2	karavyacha:1
करावयाची	karavayachi:2	karavyachee:1
करावयाचे	karavayache:2	karavyache:1
करावयाच्या	karavayachya:2	karavyachya:1
करावयास	karavayas:2	karavyas:1
करावा	karava:3
करावी	karavi:2	karavee:1
करावे	karave:3
करावेत	karavet:3
करावेसे	karavese:3
कराव्या	karavya:3
कराव्यात	karavyat:3
करिअर	career:3	carear:1	cariir:1	carrier:1
करिअरची	careerchi:1	kariarachee:1	kariarchee:1
करिता	karita:3
करितात	karitat:3
करिती	karitee:2	kariti:1
करिश्मा	karishma:3
करी	kari:4	curri:2	curry:2	cury:2
करीत	karit:18	kareet:3
करीतच	kareetach:2	karitach:1
करीता	kareeta:2	karita:1
करीन	karin:3	kareen:2
करीना	kareena:2	karina:1
करीम	kareem:3	karim:2	kariim:1	kariima:1
करील	kareel:3	karil:1
करु	karu:3
करुण	karun:3
करुणा	karuna:3
करुणानिधी	karunanidhee:2	karunanidhi:1
करुन	karun:2	karoon:1
करुनच	karunach:3
करू	karu:3	karoo:1
करून	karun:66	karoon:3
करूनच	karoonach:1	karoonch:1	karunach:1
करूनही	karunahi:2	karoonahee:1	karoonhee:1
करे	kare:4
करेन	karen:3
करेपर्यंत	kareparyant:3
करेल	karel:3
करो	karo:4	karoo:1	qaro:1
करोड	karod:4	crore:2	karoda:1
करोडपती	crorepati:2	karodapatee:1	karodpatee:1	karodpati:1
कर्क	kark:3	cark:1	carq:1	karka:1
कर्करोग	karkarog:2	karkrog:1
कर्करोगाची	karkarogachee:1	karkarogachi:1	karkrogachee:1
कर्करोगाचे	karkarogache:2	karkrogache:1
कर्करोगाच्या	karkarogachya:2	karkrogachya:1
कर्करोगाने	karkrogane:2	karkarogane:1
कर्करोगामुळे	karkarogamule:2	karkrogamule:1
कर्करोगावर	karkarogavar:2	karkrogavar:1
कर्कश	karkash:3
कर्ज	karj:2	karja:1
कर्जत	karjat:3
कर्जदार	karjadar:2	karjdar:1
कर्जमुक्ती	karjamukti:1	karjmuktee:1	karjmukti:1
कर्जाची	karjachi:2	karjachee:1
कर्जाचे	karjache:3
कर्जे	karje:3
कर्झन	curjon:1	curzan:1	curzon:1	karjan:1
कर्टिस	cartis:1	curtis:1	kartis:1	qartis:1
कर्डक	kardak:3
कर्ण	karn:4	karna:1	kurn:1	qarn:1
कर्णधार	karnadhar:2	karndhar:3
कर्णबधिर	karnbadhir:2	karnabadhir:1
कर्णा	karna:3
कर्णाचा	karnacha:3
कर्णाची	karnachee:2	karnachi:1
कर्णाचे	karnache:3
कर्णाच्या	karnachya:3
कर्णाने	karnane:3
कर्णाला	karnala:3
कर्णिक	karnik:3
कर्तबगार	kartabgar:2	kartabagar:1
कर्तबगारीने	kartabagareene:1	kartabgareene:1	kartabgarine:1
कर्तव्य	kartavya:3
कर्तव्यात	kartavyat:3
कर्तव्ये	kartavye:3
कर्ता	karta:3
कर्ती	kartee:2	karti:1
कर्तुत्व	kartutv:2	kartutva:2
कर्तृत्त्व	kartruttva:2	kartruttv:1	kartuttva:1
कर्तृत्व	kartutva:2	kartrutva:1
कर्तृत्ववान	kartutvavan:2	kartrutvavan:1
कर्त्या	kartya:3
कर्दम	kardam:3
कर्दळीवन	kardalivan:3
कर्नल	karnal:4	colonel:2	carnel:1	cornel:1
कर्नाटक	karnatak:3	karnaatak:1	karnaetak:1	karnataka:1
कर्नाटकच्या	karnatakchya:3
कर्नाटकाच्या	karnatakachya:3
कर्नाटकात	karnatakat:3
कर्नाटकातले	karnatakatale:2	karnatakatle:1
कर्नाटकातील	karnatakatil:2	karnatakateel:1
कर्नाटकी	karnataki:2	karnatakee:1
कर्नाड	karnad:3
कर्नाळा	karnala:3
कर्म	karm:4	carm:1	karma:1	qarm:1
कर्मचारी	karmchari:2	karmacharee:1	karmcharee:1
कर्मचार्‍यांना	karmcharyanna:2	karmacharyanna:1
कर्मचाऱ्यांना	karmcharyanna:2	karmacharyanna:1
कर्मचाऱ्यांसाठी	karmacharyansathee:1	karmcharyansaathi:1	karmcharyansathee:1
कर्मठ	karmath:2	karmat:1
कर्मभूमी	karmabhoomee:1	karmbhoomee:1	karmbhoomi:1
कर्मयोग	karmyog:2	karmayog:1
कर्मवीर	karmveer:2	karmaveer:1	karmvir:1
कर्मांचा	karmancha:2	karmanchi:1
कर्माची	karmachee:3
कर्माचे	karmache:3
कर्माच्या	karmachya:3
कर्मात	karmat:3
कर्मे	karme:3
कर्वे	karve:3
कऱ्हाडे	karhade:3
कल	kal:5	qal:1
कलकत्ता	kalkatta:3	calcutta:2	kalakatta:2	kalaketta:1
कलकत्त्यात	kalakattyat:1	kalakatyat:1	kalkattyat:1
कलम	kalam:4
कलमात	kalamat:2	kalmaat:2	kalamata:1	kalameta:1
कलमानुसार	kalamanusar:2	kalmanusaar:1
कलमी	kalamee:1	kalami:1	kalmi:1
कलमे	kalme:2	kalame:1
कलर	color:2	colour:2	kalar:2	calar:1
कलश	kalash:3
कलशाची	kalashachee:1	kalashachi:1	kalshachi:1
कलह	kalah:3
कला	kala:4	qala:1
कलाकार	kalakar:3	kalakaar:2
कलाकारांचा	kalakarancha:2	kalakaarancha:1
कलाकारांची	kalakaaranchi:1	kalakaranchee:1	kalakaranchi:1
कलाकारांच्या	kalakaranchya:2	kalakaaranchya:1
कलाकारांना	kalakaranna:2	kalakaaranna:1
कलाकारांनी	kalakaaranni:1	kalakarannee:1	kalakaranni:1
कलाकारांसोबत	kalakaaransobat:1	kalakaransobat:1	kalakransaobat:1
कलाकाराच्या	kalakarachya:2	kalakaarachya:1
कलाकाराने	kalakarane:2	kalakaarane:1
कलाकाराला	kalakaarala:1	kalakarala:1	kalakrala:1
कलाकुसर	kalakusar:3
कलाकुसरीच्या	kalakusareechya:1	kalakusarichya:1	kalakusrichya:1
कलाकृती	kalakruti:2	kalakrutee:1
कलाकृतीवर	kalakruteevar:1	kalakrutivar:1	kalakrutiwar:1
कलाक्षेत्रातील	kalakshetratil:2	kalakshetrateel:1
कलाटणी	kalatni:2	kalatani:2	kaltanee:1
कलात्मक	kalatmak:3
कलात्मकता	kalatmakata:2	kalatmakta:1
कलादालन	kaladalan:3
कलादालनात	kaladalanat:2	kaladalnaat:1
कलानिर्मिती	kalaneermiti:1	kalanirmitee:1	kalanirmiti:1
कलाने	kalane:3
कलाप्रकार	kalaprakar:2	kalaprakaar:1
कलाम	kalam:2	kalaam:1
कलामंदिर	kalamandir:3
कलामहर्षी	kalamaharishi:1	kalamaharshee:1	kalamaharshi:1
कलावंतांचा	kalavantancha:3
कलावंतांना	kalavantanna:3
कलावंतीण	kalavantin:2	kalavanteen:1
कलिंग	kaling:3
कलिंगड	kalingad:3
कलिका	kalika:3
कलेकलेने	kalekalene:2	kaleklene:1
कलेक्टर	collector:3	kalektar:2	calectar:1	callectar:1
कलेचा	kalecha:3
कलेची	kalechi:2	kalechee:1
कलेचे	kaleche:3
कलेच्या	kalechya:3
कलेला	kalela:3
कलेसाठी	kalesaathi:1	kalesathee:1	kalesathi:1
कल्चर	culture:3	kalchar:1
कल्प	kalp:4
कल्पक	kalpak:3
कल्पकता	kalpakta:2	kalpakata:1
कल्पकतेने	kalpaktene:2	kalpakatene:1
कल्पना	kalpana:4	qalpana:1
कल्पनांचा	kalpanancha:3
कल्पनांचे	kalpananche:3
कल्पनांना	kalpananna:3
कल्पनांवर	kalpananvar:2	kalpananwar:1
कल्पनारम्य	kalpanaramya:2	kalpanaramy:1
कल्पनेची	kalpanechee:2	kalpanechi:1
कल्पनेतून	kalpanetoon:2	kalpanetun:1
कल्पनेनुसार	kalpanenusar:3
कल्पनेने	kalpanene:3
कल्पवृक्ष	kalpavriksha:1	kalpavruksh:1	kalpavruksha:1
कल्पित	kalpit:3
कल्याण	kalyan:4	kalyana:1	qalyan:1	qalyana:1
कल्याणक	kalyanak:3
कल्याणकारी	kalyanakaree:1	kalyankaree:1	kalyankari:1
कल्याणच्या	kalyanchya:2	kalyanachya:1
कल्याणजी	kalyanajee:1	kalyananji:1	kalyanji:1
कल्याणपूर	kalyanpur:2	kalyanapoor:1
कल्याणाची	kalyanachi:2	kalyanchee:1
कल्याणाचे	kalyanache:3
कल्याणासाठी	kalyanasathi:2	kalyanasathee:1
कल्याणी	kalyani:2	kalyanee:1
कल्लोळ	kallol:3
कल्हई	kalhai:3
कळंब	kalamb:2	kalanb:1
कळकळीची	kalakaleechee:1	kalakalichi:1	kalkalichi:1
कळघम	kalgham:2	kalagham:1
कळत	kalat:4
कळताच	kalataach:1	kalatach:1	kaltach:1
कळते	kalate:3
कळप	kalap:3
कळपात	kalapat:3
कळपाने	kalapane:3
कळमेश्वर	kalameshwar:2	kalameshvar:1
कळले	kalale:3
कळलेले	kalalele:3
कळल्यावर	kalalyavar:3
कळवण	kalavan:3
कळवतो	kalavato:2	kalvato:1
कळवले	kalavale:2	kalvale:1
कळविणे	kalavine:2	kalvine:1
कळविले	kalavile:2	kalvile:1
कळस	kalas:3
कळसूबाई	kalsubai:2	kalasoobai:1
कळा	kala:3
कळात	kalat:2	kalaat:1
कळाले	kalale:3
कळाल्यानंतर	kalalyanantar:3
कळावी	kalavi:3
कळावे	kalave:3
कळीचा	kalicha:3
कळू	kalu:3	kaloo:1
कळून	kalun:3	kaloon:1
कळे	kale:3
कळेल	kalel:3
कळ्या	kalya:3
कळ्यांचे	kalyanche:3
कवच	kavach:3
कवचे	kavache:2	kavche:1
कवठे	kavathe:2	kavthe:1
कवठेमहांकाळ	kavathemahankal:2	kavthemahankal:1
कवडसा	kavadasa:3
कवडसे	kavadase:3
कवयित्री	kavayitri:2	kavayitree:1
कवळी	kavali:2	kavalee:1
कवाडं	kavada:1	kavadam:1	kavadn:1
कविता	kavita:4	kaveeta:1	kaviita:1	kaweeta:1
कवितांचा	kavitancha:3
कवितांचे	kavitanche:3
कवितांवर	kavitanvar:3
कविताच्या	kavitachya:3
कवितासंग्रह	kavitasangraha:2	kavitasangrah:2
कवितेचा	kavitecha:3
कवितेच्या	kavitechya:3
कवितेत	kavitet:3
कवितेतील	kavitetil:2	kaviteteel:1
कविवर्य	kavivarya:2	kavivary:1
कविसंमेलन	kavisammelan:3
कवी	kavi:3
कवींची	kavinchi:2	kavinchee:1
कवींचे	kavinche:3
कवींच्या	kavinchya:3
कवींना	kavinna:3
कवींनी	kavinni:3
कवीचा	kavicha:2	kaveecha:1
कवीचे	kaviche:2	kaveeche:1
कवीच्या	kavichya:2	kaveechya:1
कवीने	kavine:2	kaveene:1
कवीला	kavila:2	kaveela:1
कव्वाली	kavvali:2	kavvalee:1
कव्हर	cover:3	kavhar:1
कशा	kasha:3
कशाचा	kashacha:2	kashachs:1
कशाची	kashachi:2	kashachee:1
कशाप्रकारे	kashaprakare:3
कशाला	kashala:3
कशाळकर	kashalkar:3
कशाळीकर	kashalikar:3
कशी	kashi:2	kashee:1
कशेळी	kasheli:3
कश्मीरी	kashmiri:2	kashmeeri:1	kashmiree:1
कश्यप	kashyap:4	kashhyap:1	kasyap:1	qashyap:1
कष्ट	kasht:2	kashta:2
कष्टकरी	kashtakari:3
कष्टप्रद	kashtaprad:2	kashtprad:1
कष्टाची	kashtachi:2	kashtachee:1
कष्टाचे	kashtache:3
कष्टाच्या	kashtachya:3
कष्टाने	kashtane:3
कष्टाळू	kashtalu:2	kashtaloo:1
कस	kas:4
कसं	kas:1	kasam:1	kasan:1	kasn:1
कसदार	kasadar:2	kasdar:1
कसब	kasab:3
कसबा	kasaba:2	kasba:1
कसबी	kasabee:1	kasabi:1	kasbi:1
कसबे	kasabe:2	kasbe:1
कसरत	kasarat:2	kasrat:1
कसरती	kasarati:2	kasaratee:1
कसरतीचे	kasarateeche:1	kasaratiche:1	kasratiche:1
कसा	kasa:4	casa:1	casaa:1	casha:1
कसाबसा	kasabasa:3
कसारा	kasara:3
कसून	kasun:2	kasoon:1
कसे	kase:3
कसोटी	kasoti:3
कसोटीत	kasotit:3
कसोटीतील	kasotitil:2	kasotiteel:1
कसोटीमध्ये	kasotimadhye:3
कसोट्या	kasotya:3
कसोट्यांवर	kasotyanvar:3
कस्टम	custam:1	custom:1	kastam:1	qastam:1
कस्तुरी	kasturi:2	kasturee:1
कस्तुरे	kasture:3
कहाणी	kahani:3
कहाण्या	kahanya:3
कहानी	kahani:2	kahanee:1
का	ka:3
काँक्रिट	concrete:3	konkrit:1
काँग	kong:2	cong:1
काँगो	congo:2	kongo:1
काँग्रेस	congress:3	cangress:1	congreess:1	congreshsh:1
काँग्रेसचा	congresscha:2	kongresacha:1
काँग्रेसचे	congressche:2	kongresache:1
काँग्रेसच्या	congresschya:2	kongresachya:1
काँग्रेसने	congressne:2	kongresane:1
काँग्रेसमधून	congressmadhun:3
काँग्रेसमध्ये	congressmadhye:3
काँग्रेसला	congressla:3
कां	kan:2	ka:1
कांकरिया	kankariya:3
कांकेर	kanker:3
कांचन	kanchan:3
कांची	kanchi:3
कांचीपुरम	kanchipuram:4	kanchiipooram:1	kanchiipuram:1	kanchiipurama:1
कांजिण्या	kanjinya:3
कांजुरमार्ग	kanjurmarg:3
कांट	kant:2	cant:1
कांत	kant:4	kaant:1	kanta:1	qaant:1
कांतो	canto:1	cantoo:1	kanto:1	kantoo:1
कांदा	kanda:3
कांदे	kande:3
कांद्याचे	kandyache:2	kandhyache:1
कांबळी	kambli:2	kambalee:1	kambali:1
कांबळे	kambale:2	kamble:1
कांशीराम	kanshiram:2	kansheeram:1
कांस्य	kansya:3
कांस्यपदक	kansyapadak:3
कांहीं	kanheen:1	kanhi:1	kanhin:1
कांहीही	kanhihi:2	kanheehee:1
काउंटी	county:4	cauntee:1	caunty:1	countee:1
काउन्सिल	council:3
काकडी	kakdi:2	kakadi:1
काकडे	kakde:2	kakade:1
काकड्या	kakdya:3
काका	kaka:4	kaakaa:1	qaaqaa:1	qaqa:1
काकांचे	kakanche:3
काकासाहेब	kakasaheb:3
काकी	kaki:2	kakee:1
काकोडकर	kakodkar:2	kakodakar:1
काक्षी	kakshi:2	kakshee:1
कागद	kagad:3
कागदपत्रांवरून	kagadapatranvaroon:1	kagadapatranvarun:1	kagadpatranvarun:1
कागदपत्रे	kagadapatre:2	kagadpatre:1
कागदांचा	kagadancha:3
कागदावर	kagadavar:3
कागदी	kagadee:2	kagadi:1
कागदोपत्री	kagadopatree:2	kagadopatri:1
काच	kach:3
काचा	kacha:3
काचेची	kachechi:2	kachechee:1
काचेचे	kacheche:3
काचेच्या	kachechya:3
काजल	kajal:4	kajala:1	kazal:1	kazala:1
काजळ	kajal:3
काजळी	kajali:2	kajalee:1
काजवे	kajave:2	kajve:1
काजू	kajoo:2	kaju:1
काजोल	kajol:4	kajola:1	kajool:1	kajoola:1
काझमी	kajahmi:1	kazamee:1	kazami:1	kazmi:1
काझी	kazi:2	kajhi:1	kazee:1
काटक	katak:3
काटकसरीने	katkasarine:2	katakasareene:1
काटकोन	katkon:2	katakon:1
काटकोनात	katkonat:2	katakonyat:1
काटा	kata:3
काटे	kate:3
काटेकोर	katekor:3
काटेकोरपणे	katekorpane:2	katekorapane:1
काटेरी	kateri:2	kateree:1
काट्याची	katyachi:2	katyachee:1
काठ	kath:3
काठमांडू	kathmandu:3	kathamandoo:1	kathamandu:1	kathamanduu:1
काठाला	kathala:3
काठावर	kathavar:3
काठावरील	kathavaril:2	kathavareel:1
काठावरून	kathavarun:2	kathavaroon:1
काठी	kathi:2	kathee:1
काठ्या	kathya:4	kathyan:1
काठ्यांचा	kathyancha:3
काडीने	kadine:2	kadeene:1
काड्या	kadya:4
काढणारा	kadhanara:2	kadhnara:1
काढणी	kadhani:2	kadhanee:1
काढणीस	kadhanis:2	kadhanees:1
काढणे	kadhane:3
काढण्याकरिता	kadhanyakarita:2	kadhnyakarita:1
काढण्याचा	kadhanyacha:3
काढण्याची	kadhanyachi:2	kadhanyachee:1
काढण्याचे	kadhanyache:3
काढण्याच्या	kadhanyachya:3
काढण्यात	kadhnyat:2	kadhanyat:3
काढण्यापूर्वी	kadhanuapoorvi:1	kadhanyapoorvee:1	kadhnyapurvi:1
काढण्यास	kadhanyas:3
काढण्यासाठी	kadhanyasathee:1	kadhanyasathi:1	kadhnyasathi:1
काढत	kadhat:3
काढता	kadhta:2	kadhata:2
काढतात	kadhatat:3
काढतो	kadhaot:1	kadhato:1	kadhatoy:1
काढला	kadhala:3
काढली	kadhli:2	kadhali:2	kadhalee:1
काढले	kadhle:4	kadhale:3
काढलेला	kadhalela:2	kadhlela:1
काढलेली	kadhaleli:2	kadhalelee:1	kadhleli:1
काढलेले	kadhalele:2	kadhlele:1
काढलेल्या	kadhalelya:2	kadhlelya:1
काढल्या	kadhalya:2	kadhlya:1
काढल्याचे	kadhalyache:2	kadhlyache:1
काढल्यानंतर	kadhalyanantar:2	kadhlyanantar:1
काढल्यास	kadhalyas:2	kadhlyas:1
काढा	kadha:3
काढायची	kadhayachee:1	kadhayachi:1	kadhaychi:1
काढायचे	kadhayache:2	kadhayche:1
काढायला	kadhayala:2	kadhayla:1
काढावा	kadhava:3
काढावी	kadhavi:2	kadhavee:1
काढावे	kadhave:3
काढीत	kadhit:2	kadheet:1
काढू	kadhoo:2	kadhu:1
काढून	kadhun:10	kadhoon:2
काणकोणकर	kankonkar:2	kanakonakar:1
काणे	kane:2	kadhne:1
काणेकर	kanekar:3
कात	kat:3
कातकरी	katkari:2	katakaree:1
कातडी	katadi:2	katadee:1
कातडीचा	katadicha:2	katadeecha:1
कातडीचे	katadiche:2	katadeeche:1
कातडीच्या	katadichya:2	katadeechya:1
कातळ	katal:3
कातळकडा	katalkada:2	katalakada:1
कातळात	katalat:3
कात्यायन	katyayan:3
कात्रज	katraj:3
कादंबरी	kadambari:2	kadambaree:1
कादंबरीकार	kadambarikar:2	kadambareekar:1
कादंबरीचा	kadambaricha:2	kadambareecha:1
कादंबरीची	kadambarichi:2	kadambareechee:1
कादंबरीचे	kadambariche:2	kadambareeche:1
कादंबरीच्या	kadambarichya:2	kadambareechya:1
कादंबरीत	kadambarit:2	kadambareet:1
कादंबरीतील	kadambaritil:2	kadambareeteel:1
कादंबरीतून	kadambaritun:2	kadambareetoon:1
कादंबरीला	kadambarila:2	kadambareela:1
कादंबरीवर	kadambarivar:2	kadambareevar:1
कादंबरीसाठी	kadambarisathi:2	kadambareesathee:1
कादंबऱ्या	kadambarya:3
कादंबऱ्यांवर	kadambaryanvar:3
कादर	kadar:3
कान	kan:3
कानडी	kanadee:1	kanadi:1	kandi:1
कानडे	kanade:2	kande:1
कानन	kanan:3
कानपूर	kanpur:2	kanapoor:1
काना	kana:4	cana:1	qana:1
कानाकोपऱ्यात	kanakoparyat:3
कानात	kanat:3
कानाने	kanane:3
कानावर	kanavar:3
कानाशी	kanashi:2	kanashee:1
कानिटकर	kanitkar:2	kanitakar:1
कानिफनाथ	kanifnath:2	kanifanath:1
कानेटकर	kanetkar:2	kanetakar:1
कान्हा	kanha:4	kaanha:1	qaanha:1	qanha:1
कान्हेरी	kanheri:2	kanheree:1
कान्हेरे	kanhere:3
कान्होजी	kanhoji:2	kanhojee:1
कान्होजींनी	kanhojinni:2	kanhojeennee:1
कान्होपात्रा	kanhopatra:3
काप	kap:3
कापड	kapad:3
कापडाने	kapadane:3
कापडावर	kapadavar:3
कापडिया	kapadiya:3
कापणी	kapani:2	kapanee:1
कापले	kapale:2	kaple:1
कापल्या	kapalya:2	kaplya:1
कापसाच्या	kapasachya:2	kapsachya:1
कापसाला	kapsala:2	kapasala:1
कापसे	kapse:2	kapase:1
कापुस	kapus:3
कापून	kapoon:2	kapun:1
कापूस	kapus:2	kapoos:1
काबाडकष्ट	kabadkasht:2	kabadkashta:1
काबीज	kabeej:2	kabij:1
काबुली	kabuli:2	kabulee:1
काबूल	kabul:2	kabool:1
काबो	cabo:1	caboo:1	kabo:1	kaboo:1
काम	kam:4	kama:1	qam:1	qama:1
कामकरी	kamakari:1	kamkaree:1	kamkari:1
कामकाज	kamkaj:3
कामकाजासाठी	kamkajasathi:2	kamkajasathee:1
कामगार	kamgar:3
कामगारांची	kamgaranchi:2	kamgararanchee:1
कामगारांचे	kamgaranche:3
कामगारांच्या	kamgaranchya:3
कामगारांना	kamgaranna:3
कामगारांनी	kamgaranni:2	kamgarannee:1
कामगारांसाठी	kamgaransathi:2	kamgaransathee:1
कामगिरी	kamgiri:2	kamgiree:1
कामगिरीची	kamgirichi:2	kamgireechee:1
कामगिरीच्या	kamgirichya:2	kamgireechya:1
कामगिरीनंतर	kamgirinantar:2	kamgireenantar:1
कामगिरीबद्दल	kamgiribaddal:2	kamgireebaddal:1
कामगिरीमुळे	kamgirimule:2	kamgireemule:1
कामगिरीसाठी	kamgirisathi:2	kamgireesathee:1
कामगीरी	kamgiri:2	kamgeeree:1
कामच	kamach:2	kamch:1
कामटे	kamte:2	kamate:1
कामत	kamat:3
कामदार	kamdar:3
कामधेनु	kamdhenu:2	kamadhenu:1
कामधेनू	kamadhenu:1	kamdhenoo:1	kamdhenu:1
कामरूप	kamarup:1	kamroop:1	kamrup:1
कामशेत	kamashet:2	kamshet:1
कामसूत्र	kamasutra:1	kamsootr:1	kamsutra:1
कामही	kamahi:2	kamhee:1
कामांकरिता	kamankarita:3
कामांच्या	kamanchya:3
कामांनी	kamanni:2	kamannee:1
कामांसाठी	kamansathi:2	kamansathee:1
कामाकडे	kamakade:3
कामाचा	kamacha:3
कामाची	kamachi:2	kamachee:1
कामाचे	kamache:3
कामाच्या	kamachya:3
कामात	kamat:3
कामाने	kamane:3
कामाबद्दल	kamabaddal:3
कामामुळे	kamamule:3
कामाला	kamala:3
कामावर	kamavar:3
कामास	kamas:3
कामासाठी	kamasathi:2	kamasathee:1
कामी	kami:2	kamee:1
कामुक	kamuk:3
कामे	kame:3
कामोठे	kamothe:3
काय	kay:4
कायदा	kayada:3	kayda:2
कायदे	kayde:2	kayade:1
कायदेतज्ज्ञ	kayadetajdnya:1	kaydetajdnya:1	kaydetajnya:1
कायदेपंडित	kaydepandit:2	kayadepandit:1
कायदेभंग	kaydebhang:2	kayadebhang:1
कायदेशीर	kayadeshir:1	kaydesheer:1	kaydeshir:1
कायदेही	kayadehi:1	kaydehee:1	kaydehi:1
कायद्या	kaydya:2	kayadya:1
कायद्यांची	kayadyanchi:1	kaydyanchee:1	kaydyanchi:1
कायद्यांचे	kaydyanche:2	kayadyanche:1
कायद्यांच्या	kaydyanchya:2	kayadyanchya:1
कायद्याचा	kaydyacha:2	kayadyacha:1
कायद्याची	kayadyachi:1	kaydyachee:1	kaydyachi:1
कायद्याचे	kaydyache:2	kayadyache:1
कायद्याच्या	kaydyachya:2	kayadyachya:1
कायद्यात	kaydyat:2	kayadyat:1
कायद्यातील	kayadyatil:1	kaydyateel:1	kaydyatil:1
कायद्याद्वारे	kaydyadvare:2	kayadyadware:1
कायद्यानुसार	kaydyanusar:2	kayadyanusar:1
कायद्याने	kaydyane:2	kayadyane:1
कायद्यान्वये	kaydyanvaye:2	kayadyaanvaye:1
कायद्याप्रमाणे	kaydyapramane:2	kayadyapramane:1
कायद्यामध्ये	kaydyamadhye:2	kayadyamadhye:1
कायद्यामुळे	kaydyamule:2	kayadyamule:1
कायद्याला	kaydyala:2	kayadyala:1
कायद्यावर	kaydyavar:2	kayadyavar:1
कायद्यास	kaydyas:2	kayadyas:1
कायम	kayam:3
कायमच	kayamch:2	kayamach:1
कायमचा	kayamcha:3
कायमची	kayamachi:1	kayamchee:1	kayamchi:1
कायमचे	kayamche:3
कायमच्या	kayamchya:3
कायमस्वरूपी	kayamswarupi:2	kayamsvaroopee:1
कायस्थ	kayasth:3	kayastha:1	kaystha:1
कायिक	kayik:3
कार	kar:2	car:7	kaar:2	qara:2
कारंजा	karanja:3
कारंजी	karanji:2	karanjee:1
कारंजे	karanje:3
कारंडे	karande:3
कारक	karak:3
कारकिर्द	karkird:2	karakird:1
कारकिर्दीची	karakirdichi:1	karkirdeechee:1	karkirdichi:1
कारकिर्दीत	karakirdit:1	karkirdeet:1	karkirdit:1
कारकिर्दीतील	karakirditil:1	karkirdeeteel:1	karkirditil:1
कारकिर्दीमध्ये	karakirdimadhye:1	karkirdeemadhye:1	karkirdimadhye:1
कारकिर्दीला	karakirdila:1	karkirdeela:1	karkirdila:1
कारकिर्दीसाठी	karakirdisathi:1	karkirdeesathee:1	karkirdisathi:1
कारकीर्द	karakird:1	karkeerd:1	karkird:1
कारकीर्दीचा	karakeerdicha:1	karakirdicha:1	karkeerdeecha:1	karkirdicha:1
कारकीर्दीत	karakeerdit:1	karakirdit:1	karkeerdeet:1	karkirdit:1
कारकून	karkun:2	karakun:1	karkoon:1
कारखानदार	karkhandar:2	karakhandar:1
कारखाना	karkhana:3	karakhana:1
कारखाने	karkhane:3
कारखान्याचे	karkhanyache:3
कारखान्याच्या	karkhanyachya:3
कारखान्यात	karkhanyat:3
कारखान्यातील	karkhanyatil:2	karkhanyateel:1
कारखान्यामुळे	karkhanyamule:3
कारखान्यासाठी	karkhanyasathi:2	karkhanyasathee:1
कारगिल	kargil:5	caragil:2	karagil:2	karagila:2
कारण	karan:3
कारणांनी	karananni:2	karnannee:1
कारणांमुळे	karananmule:2	karnanmule:1
कारणांसाठी	karanansathee:1	karanansathi:1	karnaansaathi:1
कारणांस्तव	karananstav:2	karnaanstav:1
कारणाने	karanane:2	karnaane:1
कारणामुळे	karanamule:2	karnaamule:1
कारणावरून	karanavarun:2	kaarnavarun:1
कारणासाठी	kaarnasaathi:1	karanasathee:1	karanasathi:1
कारणास्तव	karanastav:2	kaarnastav:1
कारणीभुत	kaarnibhoot:1	kaarnibhut:1	karaneebhut:1	karanibhut:1
कारणीभूत	karnibhut:2	kaarnibhoot:1	kaarnibhut:1	karaneebhoot:1
कारणे	kaarne:3	karane:1
कारभार	karbhar:3	kaarbhar:1	karabhar:1
कारभाराचा	kaarbharacha:1	karabharacha:1	karbharacha:1
कारभारातील	kaarbharatil:1	karabharateel:1	karbharatil:1
कारभाराला	kaarbharala:1	karabharala:1	karbharala:1
कारभारी	karbhari:2	karabharee:1	karbharee:1
कारळे	karale:2	karle:1
कारवाई	karvai:2	karavai:1
कारवाईच्या	karvaichya:2	karavaichya:1
कारवाईनंतर	karavainantar:2	karvainantar:1
कारवाईमुळे	karavaimule:2	karvaimule:1
कारवाईला	karavaila:2	karvaila:1
कारवाया	karavaya:2	karvaya:1
कारवार	karvar:2	karavar:1
कारस्थान	karasthan:2	karsthan:1
कारा	kara:4	cara:1	kaaraa:1	qaaraa:1
काराकोरम	karakoram:3
कारागिरांना	karagiranna:3
कारागीर	karageer:2	karagir:1
कारागृहात	karagruhat:3
कारावास	karavas:3
कारावासात	karavasat:2	karavaasat:1
कारुण्य	karunya:2	kaaruny:1	kaarunya:1
कारेकर	karekar:2	kaarekar:1
कार्गो	cargo:1	cargoo:1	kargo:1	kargoo:1
कार्टर	cartar:2	carter:2	kartar:2	karter:2
कार्ड	card:4	kard:2	caard:1	kaard:1
कार्ड्स	cards:1	kardsa:1	qardsa:1
कार्तिक	kartik:4	karteek:1	kartiik:1	kartika:1
कार्तिकी	kartikee:2	kartiki:2
कार्बन	carbon:4	karban:2	carban:1	karbana:1
कार्य	karya:2	kary:1
कार्यकक्षा	karyakaksha:2	karykaksha:1
कार्यकर्ता	karyakarta:2	karykarta:1
कार्यकर्ते	karyakarte:3
कार्यकर्त्या	karyakartya:3
कार्यकर्त्यांची	karyakartyanchi:2	karyakartyanchee:1
कार्यकर्त्यांचे	karyakartyanche:3
कार्यकर्त्यांच्या	karyakartyanchya:2	karyakartyachya:1
कार्यकर्त्यांना	karyakartyanna:3
कार्यकर्त्यांनी	karyakartyanee:1	karyakartyannee:1	karyakartyanni:1
कार्यकर्त्यांसाठी	karyakartyansaathi:1	karyakartyansathee:1	karyakartyansathich:1
कार्यकारिणी	karyakarinee:2	karyakarini:1
कार्यकारिणीत	karyakarineet:2	karyakarinit:1
कार्यकारी	karyakaari:1	karyakaree:1	karyakari:1
कार्यकाल	karyakal:2	karyakaal:1
कार्यकाळ	karyakal:2	karyakaal:1
कार्यकाळात	karyakalat:2	karyakalaat:1
कार्यक्रम	karyakram:4
कार्यक्रमांची	karyakramanchi:2	karyakramanchee:1
कार्यक्रमांचे	karyakramanche:3
कार्यक्रमांच्या	karyakramanchya:3
कार्यक्रमांत	karyakramant:3
कार्यक्रमांतर्गत	karyakramantargat:3
कार्यक्रमांतून	karyakramanroon:1	karyakramantoon:1	karyakramantun:1
कार्यक्रमांना	karyakramanna:3
कार्यक्रमांमध्ये	karyakramanmadhye:3
कार्यक्रमाचा	karyakramacha:3
कार्यक्रमाची	karyakramachi:2	karyakramachee:1
कार्यक्रमाचे	karyakramache:3
कार्यक्रमाच्या	karyakramachya:2	jkaryakramachya:1
कार्यक्रमात	karyakramat:2	karyakramaat:1
कार्यक्रमाला	karyakramala:3
कार्यक्रमासाठी	karyakramasathee:2	karyakramasathi:1
कार्यक्षम	karyaksham:3
कार्यक्षमता	karyakshamata:2	karyakshamta:1
कार्यक्षेत्र	karyakshetr:2	karyakshetra:1
कार्यक्षेत्रात	karyakshetrat:3
कार्यपद्धती	karyapaddhatee:3
कार्यपद्धतीवर	karyapaddhateevar:2	karyapaddhativar:1
कार्यभार	karyabhar:3
कार्यरत	karyarat:3
कार्यवाह	karyavah:2	karyavaha:1
कार्यवाही	karyavaahi:1	karyavahee:1	karyavahi:1
कार्यशाळा	karyashala:3
कार्यशाळांचे	karyashalanche:3
कार्यशाळेत	karyashalet:3
कार्यशाळेतून	karyashaletoon:2	karyashaletun:1
कार्यशील	karyasheel:2	karyashil:2
कार्यही	karyahi:2	karyahee:1
कार्याचा	karyacha:3
कार्याची	karyachi:2	karyachee:1
कार्याचे	karyache:3
कार्याच्या	karyachya:3
कार्यात	karyat:2	karyaat:2
कार्यातही	karyatahi:2	karyatahee:1
कार्यातील	karyateel:2	karyatil:2
कार्याध्यक्ष	karyadhyaksh:2	karyadhyaksha:1
कार्यान्वित	karyanvit:3
कार्याबद्दल	karyabaddal:3
कार्यामुळे	karyamule:3
कार्यालय	karyalay:3
कार्यालयांच्या	karyalayanchya:3
कार्यालयांत	karyalayant:2	karyalayalayant:1
कार्यालयांमध्ये	karyalayanmadhye:3
कार्यालयाचा	karyalayacha:3
कार्यालयाची	karyalayache:1	karyalayachee:1	karyalayachi:1
कार्यालयाचे	karyalayache:3
कार्यालयाच्या	karyalayachya:3
कार्यालयात	karyalayat:2	karyalayaat:1
कार्यालयातील	karyalayatil:2	karyalayateel:1
कार्यालयातून	karyalayatoon:2	karyalayatun:1
कार्यालयाने	karyalayane:3
कार्यालयाला	karyalayala:3
कार्यालयावर	karyalayavar:2	karyalayawar:1
कार्यालयाशी	karyalayashi:2	karyalayashee:1
कार्यालयीन	karyalayin:2	karyalayeen:1
कार्यालये	karyalaye:3
कार्याला	karyala:3
कार्यास	karyas:2	karyaas:1
कार्यासाठी	karyasaathi:2	karyasathee:1	karyasathi:1
कार्ये	karye:3
कार्ल	karl:4	carl:3	karla:2	qarl:2
कार्लटन	carltan:1	carlton:1	karlatana:1	karletana:1
कार्व्हर	carver:3	karvar:1	karvhar:1
काल	kal:3
कालखंड	kalkhand:3
कालखंडात	kalkhandat:3
कालखंडातील	kalkhandateel:2	kalkhandatil:1
कालखंडामध्ये	kalkhandamadhye:2	kalakhandamadhye:1
कालगणना	kalaganana:2	kalganana:1
कालबाह्य	kalbahya:2	kalbahyya:2	kalabahy:1
कालवा	kalava:1	kalva:1	kalwa:1
कालवावे	kalavave:1	kalawave:1	kalvave:1
कालवे	kalave:1	kalawe:1	kalve:1
कालव्याच्या	kalvyachya:2	kalavyachya:1
कालव्यातून	kalavyatoon:1	kalvyatoon:1	kalvyatun:1
कालव्याद्वारे	kalvyadvare:2	kalavyadvare:1
कालसापेक्ष	kalasapeksh:1	kalsapeksh:1	kalsapeksha:1
काला	kala:3
कालांतराने	kalantarane:3
कालानुरूप	kalanurup:2	kalanuroop:1
कालावधी	kalavadhi:2	kalavadhee:1
कालावधीची	kalavadhichi:2	kalavadheechee:1
कालावधीत	kalavadheet:2	kalavadhit:2
कालावधीतील	kalavadhitil:2	kalavadheeteel:1	kalavadhiteel:1
कालावधीमध्ये	kalavadhimadhye:2	kalavadheemadhye:1
कालिका	kalika:3
कालिदास	kalidas:3
कालिदासाचा	kalidasacha:3
कालिदासाच्या	kalidasachya:3
कालिदासाने	kalidasane:3
कालिया	kaliya:3
काली	kali:4	kalee:3	kalii:2	qalee:2
कालीन	kalin:3	kaleen:2
कालेलकर	kalelkar:2	kalelakar:1
कालौघात	kalaughat:3
काल्पनिक	kalpanik:2	kalpnik:1
काळ	kal:3
काळच्या	kalachya:2	kalchya:1
काळजात	kaljat:2	kalajat:1
काळजी	kalaji:3	kalajee:1	kaljee:1
काळजीपूर्वक	kalajipurvak:1	kaljeepoorvak:1	kaljipurvak:1
काळपट	kalpat:3	kalapat:1
काळभैरव	kalbhairav:3
काळभैरवनाथ	kalbhairavnath:3
काळवीट	kalvit:2	kalavit:1
काळसर	kalsar:2	kalasar:1
काळा	kala:3
काळाची	kalachee:2	kalachi:1
काळाचे	kalache:3
काळाच्या	kalachya:3
काळात	kalat:3
काळातच	kalatach:2	kalatch:1
काळातल्या	kalatalya:2	kalatlya:1
काळातही	kalatahee:2	kalatahi:1
काळातील	kalatil:12	kalateel:2
काळानंतर	kalanantar:3
काळानुसार	kalanusar:2	kalanusaar:1
काळाने	kalane:3
काळापर्यंत	kalaparyant:2	kalaparayant:1
काळापासून	kalapasun:2	kalapasoon:1
काळापासूनच	kalapasunach:2	kalapasoonach:1
काळाबद्दल	kalabaddal:3
काळामध्ये	kalamadhye:3
काळाराम	kalaram:3
काळास	kalas:2	kalaas:1
काळासाठी	kalasaathi:1	kalasathee:1	kalasathi:1
काळिमा	kalima:3	kaleema:1
काळी	kali:2	kalee:1
काळीही	kalihi:2	kaleehee:1	kalihee:1
काळे	kale:5	kaale:1	kalee:1	qale:1
काळोखी	kalokhee:2	kalokhi:1
काळोख्या	kalokhya:3
काळ्या	kalya:4	kalyan:1
कावड	kavad:3	kawad:1
कावडी	kavadi:2	kavadee:1	kawadi:1
कावळा	kavala:2	kavla:1	kawla:1
कावळे	kavale:2	kavle:1	kawle:1
कावा	kava:3	kawa:1
काविळीची	kavilichi:2	kavileechee:1
कावीळ	kavil:2	kaveel:1
कावेरी	kaveri:2	kaveree:1
काव्य	kavya:3	kavy:1
काव्यप्रकार	kavyaprakar:3
काव्यरचना	kavyarachana:2	kavyarachna:1
काव्यलेखन	kavyalekhan:3
काव्यसंग्रह	kavyasangraha:2	kavyasangrah:2
काव्यसंग्रहात	kavyasangrahat:3
काव्यसंग्रहाला	kavyasangrahala:3
काव्याचा	kavyacha:3
काव्याची	kavyachi:3
काव्याचे	kavyache:3	kawyache:1
काव्याच्या	kavyachya:3	kawyachya:1
काव्यात	kavyat:2	kavyaat:1
काव्यातील	kavyatil:3
काव्यातून	kavyatun:3	kavyatoon:1
काव्यात्म	kavyaatm:1	kavyatm:1	kavyatma:1
काव्यात्मक	kavyatmak:3
काव्याने	kavyane:3
काव्यावर	kavyavar:2	kavyawar:1
काव्ये	kavye:4
काशिनाथ	kashinath:3
काशी	kashi:3	kashee:2	kashhi:1	kashii:1
काशीच्या	kashichya:3	kasheechya:1
काशीत	kashit:3	kasheet:1
काशीनाथ	kashinath:2	kasheenath:1
काशीबाई	kashibai:2	kasheebai:1
काशीबाईचा	kashibaicha:2	kasheebaicha:1
काशीला	kashila:2	kasheela:1
काश्मिरी	kashmiree:2	kashmiri:1
काश्मीर	kashmir:4	kaashhmir:1	kaashmiir:1	kaashmir:1
काश्मीरचा	kashmircha:3
काश्मीरमधील	kashmirmadhil:2	kashmeermadheel:1	kashmirmadheel:1
काश्मीरमध्ये	kashmirmadhye:3
काश्मीरला	kashmirla:3
काश्मीरी	kashmiri:2	kashmeeree:1
काष्ठ	kashth:2	kashta:1	kashtha:1
कास	kas:3	kaas:1
कासव	kasav:3
कासवांची	kasavanchee:2	kasawanchi:1
कासवांच्या	kasavanchya:1	kasavavnchya:1	kasawanchya:1
कासवाची	kasavachee:2	kasawachi:1
कासवाचे	kasavache:2	kasawachi:1
कासवाच्या	kasavachya:2	kasawachya:1
कासवे	kasave:3	kasawe:2	causeeway:1	causevay:1
कासार	kasar:3
कासेगाव	kasegav:3	kasegao:1	kasegaon:1
कास्ट	cast:3	caste:1	kast:1	kasta:1
काही	kahi:90	kaahi:2	kahee:1
काहींची	kahinchi:3	kaheenchi:1
काहींचे	kahinche:3	kaheenche:1
काहींच्या	kahinchya:3	kaheenchya:1
काहींना	kahinna:3	kaheenna:1
काहींनी	kahinni:2	kaheenni:1	kahinnee:1
काहीच	kahich:4	kaheech:2
काहीजण	kahijan:3
काहीतरी	kahitari:2	kaheetaree:1
काहीवेळा	kahivela:2	kaheevela:1
काहीशी	kahishi:2	kaheeshee:1
काहीसा	kahisa:2	kaheesa:1
काहीसे	kahise:2	kaheese:1
काहीही	kahihi:2	kaheehee:1
काहूर	kahur:2	kahoor:1
किंग	king:4	qing:1
किंग्डम	kingdom:3	kingadam:1
किंचित	kinchit:3
किंबहुना	kimbahuna:3
किंमत	kimmat:2	kimat:1
किंमतीचे	kimmatiche:2	kimmateeche:1
किंमतीला	kammatila:1	kimmateela:1	kimmatila:1
किंवा	kivva:32	kinva:3
किचकट	kichakat:2	kichkat:1
किट्स	kits:1	kitts:1	qits:1	qitts:1
किडनी	kidney:2	kidanee:1
किडींची	kideenchee:1	kideenchi:1	kidinchi:1
किडींचे	kideenche:2	kidinche:1
किडीचा	kideecha:2	kidicha:1
किडे	kide:3
कितपत	kitapat:2	kitpat:2
किताब	kitab:4	kitaba:1	qitab:1	qitaba:1
किती	kiti:2	kitee:1
कितीतरी	kititari:3	kiteetari:1
कितीही	kitihi:2	kiteehi:1
कित्येक	kityek:3
कित्येकदा	kityekada:2	kityekda:2
किना	keena:1	kiina:1	kina:1	qeena:1
किनार	kinar:3	kinaar:1
किनारपट्टी	kinarpatti:2	kinaarpatti:1	kinarapatti:1	kinarapttee:1
किनारपट्टीच्या	kinarapattechya:1	kinarapatteechya:1	kinarapattichya:1	kinarpattichya:1
किनारपट्टीवर	kinarapatteevar:2	kinarapattivar:1	kinarpattivar:1
किनारा	kinara:3
किनारी	kinaree:2	kinari:1
किनारे	kinare:3
किनाऱ्या	kinarya:3
किनाऱ्याजवळ	kinaryajaval:3
किनाऱ्यापासून	kinaryapasoon:2	kinaryapasun:1
किनाऱ्याला	kinaryala:3
किनाऱ्यावर	kinaryavar:3
किनाऱ्यावरील	kinaryavareel:2	kinaryavaril:1
किनाऱ्यावरून	kinaryavar:1	kinaryavaroon:1	kinaryavarun:1
किपलिंग	kipalin:1	kipaling:1	kiplin:1	kipling:1
किफायतशीर	kifayatasheer:2	kifayatashir:1	kifayatshir:1	kiphayatshir:1
किम	kim:4	keam:1	keem:1	kem:1
किमती	kimatee:2	kimati:1
किमतींची	kimateenchee:2	kimatinchi:1
किमतीचा	kimateecha:2	kimaticha:1
किमतीत	kimateet:2	kimatit:1
किमतीमुळे	kimateemule:2	kimatimule:1
किमया	kimaya:3
किमान	kiman:3
किमी	keemi:1	keemii:1	keemy:1	kiimi:1
किमीचा	kimeecha:2	kimicha:1
किमीवर	kimeevar:2	kimivar:1
किया	keeya:1	kiiya:1	kiya:1	qeeya:1
किरकिरे	kirakire:2	kirkire:2
किरकोळ	kirakol:3	kirkol:1
किरण	kiran:4	qiran:1
किरणांचे	kirananche:3
किरणे	kirane:3
किरणोत्सर्ग	kiranotsarg:3
किरणोत्सर्गी	kiranotsargee:2	kiranotsargi:1
किरवले	kiravale:3
किराणा	kirana:3
किर्तनात	kirtanat:3
किर्ती	kirtee:2	kirti:1
किर्लोस्कर	kirloskar:3
किलर्स	killers:3	kilars:2
किलो	kilo:4	keelo:1	keeloo:1	kiilo:1
किलोमीटर	kilomeetar:3	kilometre:2	kiilomeetar:1	kiilomeeter:1
किलोमीटरचा	kilometrecha:2	kilomeetaracha:1	kilomeetarcha:1
किलोमीटरच्या	kilometrechya:2	kilomeetarachya:1	kilomeetarchya:1
किलोमीटरवर	kilometervar:3	kilometrevar:2	kilomeetaravar:1	kilomeetarvar:1
किल्यावर	kilyavar:2	kilyawar:1
किल्ला	killa:3
किल्ली	killee:2	killi:1
किल्ले	kille:3
किल्लेदार	killedar:3	killedaar:1
किल्ल्या	killya:3
किल्ल्यांची	killyanchee:2	killyanchi:2
किल्ल्यांच्या	killyanchya:3
किल्ल्यांपैकी	killyanpaiki:2	killyanpaikee:1
किल्ल्यांवर	killyanvar:2	killyanwar:1
किल्ल्याचा	killyacha:3
किल्ल्याची	killyachi:3	killyachee:1
किल्ल्याचे	killyache:3
किल्ल्याच्या	killyachya:3
किल्ल्याजवळ	killyajaval:2	killyajawal:2
किल्ल्यात	killyat:3	killyaat:1
किल्ल्यातील	killyatil:2	killyateel:1
किल्ल्यातून	killyatun:3	killyatoon:1
किल्ल्याभोवती	killyabhovati:2	killyabhovatee:1
किल्ल्यामध्ये	killyamadhye:3
किल्ल्याला	killyala:3
किल्ल्यावर	killyavar:2	killlyavar:1
किल्ल्यावरील	killyavaril:2	killyavareel:1
किल्ल्यावरून	killyavarun:2	killyavaroon:1
किवी	kiwi:3	kivee:2	kiivee:1	kiivii:1
किव्वा	kivva:3
किशनराव	kishanrao:3	kishanrav:1
किशोर	kishor:3	kishore:1
किशोरी	kishori:2	kishoree:1
किसन	kisan:3
किसनराव	kisanrao:3	kisanrav:1
किसलेले	kislele:2	kisalele:1
किसान	kisan:3
किस्से	kisse:3
की	ki:4	kee:1	key:1	kii:1
कीटक	kitak:3
कीटकांच्या	kitakanchya:3
कीड	kid:2	keed:1
कीबोर्ड	keeboard:1	keebooard:1	keyboard:1	keybooard:1
कीर्तन	kirtan:2	keertan:1
कीर्तनकार	kirtankar:2	keertankar:1
कीर्तनाचे	kirtanache:2	keertanache:1
कीर्तनाच्या	kirtanachya:2	keertanachya:1
कीर्तनातून	kirtanatun:2	keertanatun:1
कीर्तने	kirtane:2	keertane:1
कीर्ति	kirti:2	keerti:1
कीर्ती	kirti:2	keerti:1
कीर्तीचा	kirticha:2	keerticha:1
कीर्तीचे	kirtiche:2	keertiche:1
कीर्तीच्या	kirtichya:2	keertichya:1
कीर्तीला	kirtila:2	keertila:1
कीस	kiss:2	kees:1	kis:1
कुंकू	kunku:3
कुंचला	kunchala:3
कुंचल्याने	kunchalyane:3
कुंजीर	kunjir:2	kunjeer:1
कुंटे	kunte:3
कुंठित	kunthit:3
कुंड	kund:3
कुंडली	kundali:2	kundalee:1
कुंडलीच्या	kundaleechya:1	kundalichya:1	kundlichya:1
कुंडलीत	kundaleet:1	kundalit:1	kundlit:1
कुंडलीतील	kundalitil:2	kundaleeteel:1
कुंडलीमध्ये	kundalimadhye:2	kundaleemadhye:1
कुंडात	kundat:3
कुंडे	kunde:3
कुंती	kunti:2	kuntee:1
कुंतीने	kuntine:2	kunteene:1
कुंतीला	kuntila:2	kunteela:1
कुंपण	kumpan:3
कुंपणासाठी	kumpanasaathi:1	kumpanasathee:1	kumpanasathi:1
कुंबळे	kumbale:2	kumble:1
कुंभ	kumbh:3
कुंभमेळा	kumbhmela:3
कुंभार	kumbhar:3
कुकडे	kukade:3
कुकर	kukar:3	cooker:2	cookar:1	cooqer:1
कुक्कुटपालन	kukkutapalan:4	kukkutpalan:3
कुख्यात	kukhyat:3
कुचंबणा	kuchambana:3
कुचकामी	kuchkami:2	kuchakami:1	kuchkamee:1
कुजलेले	kujlele:2	kujalele:1
कुजवून	kujavun:1	kujvoon:1	kujvun:1
कुटुंब	kutumb:3
कुटुंबकल्याण	kutumbkalyan:3
कुटुंबवत्सल	kutumbavatsal:2	kutumbvatsal:1
कुटुंबांचे	kutumbanche:3
कुटुंबांना	kutumbanna:3
कुटुंबांनी	kutumbanni:3
कुटुंबांसाठी	kutumbansathi:3
कुटुंबाकडे	kutumbakade:3
कुटुंबाचा	kutumbacha:3
कुटुंबाची	kutumbachi:3
कुटुंबाचे	kutumbache:3
कुटुंबाच्या	kutumbachya:3
कुटुंबात	kutumbat:3
कुटुंबातला	kutumbatala:2	kutumbatla:1
कुटुंबातील	kutumbatil:2	kutumbateel:1
कुटुंबाने	kutumbane:3
कुटुंबापासून	kutumbapasun:2	kutumbapasoon:1
कुटुंबामध्ये	kutumbamadhye:3
कुटुंबाला	kutumbala:3
कुटुंबास	kutumbas:3
कुटुंबासह	kutumbasah:2	kutumbasaha:1
कुटुंबासाठी	kutumbasathi:2	kutumbasathee:1
कुटुंबिय	kutumbiya:3
कुटुंबियांची	kutumbiyanchi:2	kutumbiyanchee:1
कुटुंबियांच्या	kutumbiyanchya:3
कुटुंबीय	kutumbiya:2	kutumbeey:1
कुटुंबीयांचा	kutumbiyancha:2	kutumbeeyancha:1
कुटुंबीयांना	kutumbiyanna:2	kutumbeeyanna:1
कुटुंबे	kutumbe:3
कुटूंबातील	kutoombateel:1	kutumbateel:1	kutumbatil:1
कुटूंबे	kutumbe:1	kutunbe:1	kutuoombe:1
कुठलाच	kuthalach:3
कुठलाही	kuthalahee:3
कुठलीही	kuthaleehee:3
कुठलेही	kuthalehee:3
कुठल्या	kuthalya:3
कुठल्याही	kuthalyahi:2	kuthalyahee:3
कुठून	kuthoon:2	kuthun:1
कुठे	kuthe:3
कुठेही	kuthehi:2	kuthehee:1
कुडाळ	kudal:3
कुडाळला	kudalala:2	kudalla:1
कुडी	kudi:3
कुणकेश्वर	kunakeshvar:1	kunkeshvar:1	kunkeshwar:1
कुणबी	kunbi:2	kunabi:1
कुणा	kuna:3
कुणाकडे	kunakade:3
कुणाची	kunachi:3
कुणाचीच	kunachich:3
कुणाच्या	kunachya:3
कुणाच्याही	kunachyahi:3
कुणाल	kunal:4	kaanal:1	koonal:1	kunala:1
कुणाला	kunala:3
कुणालाही	kunalahi:3
कुणी	kuni:3
कुणीकडे	kunikade:3
कुणीतरी	kunitari:3
कुणीही	kunihi:3
कुतुबमिनार	kutubminar:2	qutubminar:1
कुतूहल	kutuhal:3
कुतूहलाचा	kutuhalacha:3
कुत्रा	kutra:3
कुत्री	kutri:2	kutree:1
कुत्रे	kutre:3
कुत्र्यांना	kutryanna:3
कुत्र्याची	kutryachee:2	kutryachi:1
कुत्र्याचे	kutryache:3
कुत्र्याला	kutryala:3
कुपोषण	kuposhan:3
कुपोषणाचे	kuposhanache:3
कुप्रसिद्ध	kuprasiddha:2	kuprasiddh:1
कुबड	kubad:3
कुबडी	kubadi:3	kubadee:2
कुबल	kubal:3
कुबेर	kuber:3
कुमक	kumak:3
कुमठा	kumatha:2	kumtha:1
कुमार	kumar:4	koomar:1	kumaar:1	kumara:1
कुमारच्या	kumarchya:3
कुमारने	kumarne:3
कुमारस्वामी	kumarsvamee:1	kumarswamee:1	kumarswami:1
कुमारी	kumaree:3	kumari:3	kumarii:1	qumaree:1
कुरखेडा	kurkheda:3
कुरणे	kurane:3
कुरा	kura:3
कुराण	kuran:2	quran:2
कुराणात	kuranat:2	quranat:2
कुरान	kuran:2	quran:2
कुरियन	kurien:2	kuriyan:3
कुरुंदकर	kurandkar:1	kuroondkar:1	kurundkar:1
कुरुंदवाड	kuroondvad:1	kurundvad:1	kurundwad:1
कुरुक्षेत्र	curukseetr:1	curuksetr:1	curukshetr:1	curuqsetr:1
कुरेशी	kureshi:2	kureshee:1	qureshi:1
कुर्तकोटी	kurtakoti:2	kurtkoti:1
कुर्ला	kurla:3
कुऱ्हाडी	kurhadi:3
कुल	kul:2	cool:1	kula:1
कुलकर्णी	kulkarni:3
कुलगुरू	kulguru:2	kulaguru:1
कुलदीप	kuldeep:2	kuladeep:1	kuldip:1
कुलदेवता	kuladevata:1	kuldevata:1	kuldevta:1
कुलदेवी	kuladevi:2	kudevi:1
कुलदैवत	kuladaivat:2	kuldaiwat:1
कुलर	cooler:3
कुलात	kulat:3
कुलातील	kulatil:3
कुलाबा	kulaba:2	colaba:1
कुलाब्याच्या	kulabyachya:2	colabyachya:1
कुलाब्यातील	kulabyatil:2	kulabyateel:1
कुलू	kulu:2	kuloo:1
कुलूप	kulup:2	kuloop:1
कुळ	kul:4	kaad:1	kaal:1	kood:1
कुळकर्णी	kulkarnee:2	kulkarni:1
कुळाचा	kulacha:3
कुळात	kulat:3
कुळातल्या	kulatalya:2	kulatlya:1
कुळातील	kulartil:1	kulateel:1	kulatil:1
कुळी	kuli:2	kulee:1
कुळे	kule:3
कुवतीनुसार	kuvatinusar:2	kuvateenusar:1
कुवेत	kuvet:3	kuwait:2
कुश	kush:4	kaash:1	koos:1	koosh:1
कुशल	kushal:3
कुशाग्र	kushagra:3	kushagr:1
कुशाण	kushan:3
कुशीत	kushit:2	kusheet:1
कुष्ठ	kushth:2	kushtha:2
कुष्ठरोग	kushtharog:2	kushthrog:1
कुस	kus:3
कुसुम	kusum:3
कुसुमाग्रज	kusumagraj:3
कुसुमाग्रजांच्या	kusumagrajanchya:3
कुस्करुन	kuskarun:2	kuskaroon:1
कुस्ती	kusti:3	koosti:1
कुस्तीची	kustichi:2	kustichee:1
कूक	cook:1	cooq:1	cuk:1	cuuk:1
कूच	kooch:2	kuch:2
कूट	koot:2	kut:2
कूप	koop:2	kup:2
कूपर	cooper:2	koopar:2	kupar:2	coopar:1
कृत	krut:3
कृतज्ञता	krutadnyata:1	krutadnyta:1	krutagyata:1
कृतिशील	krutisheel:2	krutishil:1
कृती	kruti:2	krutee:2
कृतींचा	kruteencha:2	krutincha:1
कृतींची	kruteenchee:2	krutinchi:1
कृतीचे	kritiche:1	kruteeche:1	krutiche:1
कृतीच्या	kritichya:1	kruteechya:1	krutichya:1
कृतीत	kritit:1	kruteet:1	krutit:1
कृतीशील	kritishil:1	kruteesheel:1	krutishil:1
कृत्य	krutya:2	kritya:1
कृत्याचा	krutyacha:2	krityacha:1
कृत्ये	krutye:2	kritye:1
कृत्रिम	krutrim:2	kritrim:1
कृत्रिमरीत्या	krutrimritya:2	kritrimritya:1
कृपया	krupaya:2	kripaya:1
कृपा	krupa:3	kripa:2	crupa:1	qripa:1
कृपाप्रसादाने	krupaprasadane:2	kripaprasadane:1
कृपेने	krupene:2	kripene:1
कृषि	krushi:2	krishi:1
कृषी	krushi:2	krishi:1
कृष्ण	krishna:7	krushna:2
कृष्णदेव	krushnadev:2	krishnadev:1
कृष्णभक्त	krishnabhakt:1	krushnabhakta:1	krushnanhakt:1
कृष्णमूर्ति	krushnamurti:2	krishnamurti:1
कृष्णमूर्ती	krushnamurti:2	krishnamurti:1
कृष्णराव	krishnarao:1	krushnarao:1	krushnarav:1
कृष्णवर्णीय	krushnavarniya:2	krishnavarniy:1
कृष्णविवर	krushnavivar:2	krishnavivar:1
कृष्णशास्त्री	krushnashastri:2	krishnashastri:1
कृष्णा	krushna:3	krishna:2	krishhna:1	krisna:1
कृष्णाची	krishnachi:1	krushnachee:1	krushnachi:1
कृष्णाच्या	krushnachya:2	krishnachya:1
कृष्णाजी	krishnaji:1	krushnajee:1	krushnaji:1
कृष्णात	krushnat:2	krishnat:1
कृष्णाने	krushnane:2	krishnane:1
कृष्णाबाई	krushnabai:2	krishnabai:1
कृष्णाला	krishnala:1	krushnaala:1	krushnala:1
कृष्णेला	krushnela:3
कॅट	cat:1	cet:1	kat:1	ket:1
कॅटलॉग	catalog:2	catlog:2	katalog:2	catalag:1
कॅडेट	cadet:3	cadeet:1	caideet:1	caidet:1
कॅथरिन	catherine:2	cathrin:1
कॅथरीन	catherine:2	catharin:1
कॅनडा	canada:4	kainada:1	kainadaa:1	kanada:1
कॅनडाचा	canadacha:3
कॅनडाच्या	canadachya:3
कॅनडात	canadat:2	canadaat:1
कॅनडातील	canadatil:2	canadateel:1
कॅनडामधील	canadamadhil:2	canadamadheel:1
कॅनडामध्ये	canadamadhye:2	canadamadhe:1
कॅनरा	canara:2	canada:1
कॅनव्हास	canvas:3
कॅनेडियन	canadian:2	canedian:2	canadiyan:1	canedan:1
कॅन्सर	cancer:4	cancar:1	cancor:1	kansar:1
कॅन्सरचा	cancercha:3
कॅन्सरचे	cancerche:2	cancerache:1
कॅन्सरच्या	cancerchya:2	cancerachya:1
कॅन्सस	canshush:1	cansus:1	kansasa:1	kanshasha:1
कॅप्टन	captain:3	capton:2	captan:1	capten:1
कॅफे	cafe:3	caife:1	caifee:1	caifeey:1
कॅबिनेट	cabineet:1	cabinet:1	caibineet:1	caibinet:1
कॅमेरा	camera:4	caimara:1	caimeera:1	caimera:1
कॅमेरे	camere:3
कॅमेरॉन	cameron:4	kameron:2	camaron:1	cameeron:1
कॅम्प	camp:4	cyamp:1	kamp:1	kyamp:1
कॅम्पस	campas:1	campash:1	campus:1	campush:1
कॅम्पसमध्ये	campusmadhye:3
कॅरिबियन	caribbean:2	caribean:1	cariben:1	caribiyan:1
कॅरोलिना	carolina:4	caroleena:1	caroliina:1	carooleena:1
कॅलिडोस्कोप	kaleidoscope:2	calidoscope:1
कॅलिफोर्निया	cailifoornia:1	cailifoorniya:1	cailifoorniyaa:1	cailifornia:1
कॅलिफोर्नियाच्या	californiachya:3
कॅलेंडर	calendar:3	caleendar:1	calender:1	kaileendar:1
कॅल्शियम	calcium:3
कॅसिनो	casino:4	casinoo:1	kasino:1	kasinoo:1
कॅस्ट्रो	castro:4	castroo:1	kastro:1	kastroo:1
कॅस्पियन	caspian:4	caspan:1	caspiyan:1	kaspiyan:1
के	k:3	ke:4	kee:2	qe:2
केंट	kent:4	keeint:1	keent:1	keint:1
केंटकी	keentaki:1	keentkee:1	keentki:1	keentuckee:1
केंद्र	kendra:3	keendra:1	kendr:1	qendr:1
केंद्रक	kendrak:3
केंद्रबिंदू	kendrabindu:2	kendrabindoo:1
केंद्रशासनाच्या	kendrashasanachya:3
केंद्रशासित	kendrashasit:3
केंद्रस्थानी	kendrasthani:3
केंद्रही	kendrahi:3
केंद्रांचा	kendrancha:2	kendracha:1
केंद्राचा	kendracha:3
केंद्राची	kendrachi:3
केंद्राचे	kendrache:3
केंद्राच्या	kendrachya:3
केंद्रात	kendrat:3
केंद्रातील	kendratil:3
केंद्रातून	kendratun:2	kendratoon:1
केंद्रावर	kendravar:3
केंद्रावरून	kendravarun:2	kendravaroon:1
केंद्रित	kendrit:3
केंद्रिय	kendriya:2	kendriy:1
केंद्री	kendri:2	kendree:1
केंद्रीय	kendriya:3	kendreey:1	kendriy:1
केंद्रे	kendre:3
केंब्रिज	cambridge:3	kembrij:2
केंव्हा	kenvha:3
केजरीवाल	kejriwal:2	kejarival:1	kejrival:1
केजी	kg:3	keji:2
केट	cat:2	ket:2	cate:1
केतकर	ketkar:3
केतकी	ketki:2	ketakee:1	ketaki:1
केतु	ketu:3	ketoo:1
केतू	ketu:3
केदार	kedar:3
केदारनाथ	kedarnath:4	kedaranatha:1	kedaranetha:1	kedarneth:1
केदारेश्वर	kedareshwar:2	kedareshvar:1
केन	ken:3	cane:2	cain:1	kain:1
केनिया	kenya:3	keenia:1	keeniya:1	keenniya:1
केनेडी	kennedy:4	kenedi:1	kenedii:1	kenedy:1
केनेथ	keneth:4	kenneth:2	caineeth:1	caineth:1
केन्द्र	kendra:3
केन्याटा	keenyata:1	keenyatta:1	kenyata:1	kenyatta:1
केप	cape:6	kep:2	cap:1
केप्लर	keplar:3	capler:1	keeplara:1	keepleer:1
केबल	kebal:2	cabal:1	cabel:1	cable:1
केबल्स	cables:3	kebals:3	cabals:1	cabeels:1
केबिन	cabin:1	kebeen:1	kebiin:1	kebin:1
केमिकल्स	chemicals:2	kemikals:2
केमिस्ट	chemist:3	kemist:2
केरकर	kerakar:3
केरळ	keral:4	karal:1	keeral:1	kerala:1
केरळची	keralachee:1	keralachi:1	keralchee:1
केरळचे	keralachde:1	keralache:1	keralche:1
केरळच्या	keralachya:2	keralchya:1
केरळमधील	keralmadheel:2	keralamadhil:1
केरळमध्ये	keralmadhye:2	keralamadhye:1
केरळातील	keralateel:2	keralatil:1
केरी	keree:2	keri:2	kari:1	karry:1
केरोसीन	keroseen:2	kerosene:2	kerosin:1
केलं	kelam:3
केला	kela:3
केलात	kelat:3
केलाय	kelay:3
केली	keli:3	keeli:1	keelly:1	kelee:1
केलीच	kelich:2	keleech:1
केले	kele:3
केलें	kele:1	kelem:1	kelen:1
केलेच	kelech:3
केलेलं	kelela:2	kelelam:1
केलेला	kelela:3
केलेली	keleli:2	kelelee:1
केलेले	kelele:3
केलेल्या	kelelya:3
केल्या	kelya:3
केल्याचा	kelyacha:3
केल्याची	kelyachi:3
केल्याचे	kelyache:3
केल्याच्या	kelyachya:3
केल्यानंतर	kelyanantar:3
केल्याने	kelyane:3
केल्याप्रकरणी	kelyaprakarani:3
केल्याप्रमाणे	kelyapramane:3
केल्याबद्दल	kelyabaddal:3
केल्यामुळे	kelyamule:3
केल्यावर	kelyavar:3
केल्याशिवाय	kelyashivay:3
केल्यास	kelyas:3
केळकर	kelkar:2	kelakar:1
केळापूर	kelapoor:2	kelapur:1
केळी	kelee:2	keli:1
केळीच्या	keleechya:2	kelichya:1
केळुसकर	kelusakar:2	keluskar:1
केळुस्कर	keluskar:3
केवड्याच्या	kevadyachya:3
केवढा	kevadha:3
केवल	keval:3
केवळ	keval:2	kewal:1
केविन	kevin:3	kewin:2	keevin:1	qevin:1
केव्हा	kevha:3
केव्हाच	kevhach:3
केव्हाही	kevhahi:2	kevhahee:1
केश	kesh:3
केशर	keshar:3
केशरबाई	kesharbai:2	kesharabai:1
केशराचा	kesharacha:3
केशराचे	kesharache:3
केशरी	keshari:2	kesharee:1
केशव	keshav:3
केशवकुमार	keshavkumar:2	keshavakumar:1
केशवपन	keshavpan:3
केशवराव	keshavrao:2	keshavraj:1
केशवसुत	keshavsut:3
केशवसुतांनी	keshavsutanni:3
केस	kes:3	case:3
केसकर	keskar:3
केसरी	kesari:3
केसरीचे	kesariche:3
केसांची	kesanchi:3
केसांच्या	kesanchya:3
केसांना	kesanna:3
केसांनी	kesanni:3
केसांमध्ये	kesanmadhye:3
केसाळ	kesal:3
कैक	kaik:3
कैकाडी	kaikadee:2	kaikadi:1
कैद	kaid:3
कैदी	kaidee:2	kaidi:1
कैदेत	kaidet:3
कैदेतून	kaidetoon:2	kaidetun:1
कैद्यांना	kaidyanna:3
कैद्यांनी	kaidyannee:2	kaidyanni:1
कैफियत	kaifiyat:3
कैरी	kairi:3	caiiry:1	cairy:1	carie:1
कैलाश	kailash:3
कैलास	kailas:4	kailasa:1	kailash:1	kelas:1
कैसर	kaisar:4	kaiser:1	kaishar:1	kaishara:1
कॉँग्रेसचे	congressche:2	kongresache:1	kongresche:1
कॉकेशस	caucashush:1	caucasus:1	kakeeshas:1	kakesasa:1
कॉटन	cattan:1	cotton:1	katan:1	ketan:1
कॉनन	canan:1	conan:1	kanan:1	konon:1
कॉन्टिनेन्टल	continental:3	kontinental:2
कॉन्फरन्सिंग	conferencing:3	canferencing:1	canfurencing:1	canfurensing:1
कॉपी	copy:4	capee:1	capy:1	copee:1
कॉफी	coffee:5	caffee:1	coffii:1	cophphee:1
कॉम	com:3	cam:1	caum:1	kama:1
कॉमन	common:4	caman:1	camman:1	cauman:1
कॉमनवेल्थ	commonwealth:3
कॉमन्स	commons:3	cammans:1	caumans:1	commense:1
कॉमिक	camic:1	camik:1	comic:1	comik:1
कॉम्प्टन	camptan:1	caumptan:1	caumpton:1	compton:1
कॉम्प्युटर	computer:3	kompyutar:1
कॉम्प्लेक्स	complex:2	camplecs:1	campleks:1	camplex:1
कॉरिडॉर	coridor:2	corridor:2	carridar:1	karidar:1
कॉर्नेल	carnel:1	corneel:1	cornel:1	karneel:1
कॉर्पोरेट	corporate:3	korporit:1
कॉर्बेट	corbet:3	karbet:2	korbet:2	carbet:1
कॉल	call:4	kol:2	cal:1	caul:1
कॉलनी	colony:3	kolanee:2	calanee:1	calani:1
कॉलरा	cholera:2	kolara:2	callara:1
कॉलिन	callin:1	colin:1	collin:1	kalin:1
कॉलेज	college:3	kolej:2
कॉलेजचे	collegeche:1	kolejache:1	kolejche:1
कॉलेजच्या	collegechya:2	kolejachya:1	kolejchya:1
कॉलेजजवळ	collegejaval:2	kolejajaval:2
कॉलेजमधील	collegemadheel:2	kolejamadheel:1	kolejmadheel:1
कॉलेजमधून	collegemadhoon:1	collegemadhun:1	kolejamadhoon:1	kolejmadhoon:1
कॉलेजमध्ये	collegemadhye:2	kolejamadhye:1	kolejmadhye:1
कॉलेजला	collegela:2	kolejala:1	kolejla:1
कॉलेजात	collejat:3	kolejat:2	collegat:1	collejaat:1
कॉलेजातील	collejatil:2	kolejateel:2	collegateel:1
कॉलेजातून	kolejatoon:2	collegatun:1
कॉलोराडो	colorado:3
कॉस्मेटिक	casmetic:1	cosmeetic:1	cosmetic:1	kasmeetik:1
को	ko:3
कोंकण	konkan:4	conkan:1	conqan:1	coonkan:1
कोंकणी	konkani:3
कोंडके	kondake:2	kondke:1
कोंडदेव	kondadev:3
कोंडा	konda:3
कोंडाणे	kondane:3
कोंडी	kondi:3
कोंडीत	kondit:2	kodeet:1
कोंडून	kondoon:2	kondun:1
कोंदण	kondan:3
कोंबडी	kombadee:2	kombadi:1
कोंबड्यांच्या	kombadyanchya:3
कोइंबतूर	coimbatore:3
कोई	koi:1	koie:1	kooi:1	kooie:1
कोक	coke:2	cock:1	kok:1
कोकण	kokan:3
कोकणचा	kokancha:2	kokanacha:1
कोकणच्या	kokanchya:2	kokanachya:1
कोकणस्थ	kokanasth:2	kokanstha:1
कोकणाची	kokanachi:3
कोकणात	kokanat:3
कोकणातला	kokanatala:3
कोकणातल्या	kokanatalya:3
कोकणातील	koknatil:2	kokanatil:2	kokanateel:1
कोकणी	kokani:2	kokanee:1	koknee:1
कोकरू	kokaroo:2	kokaru:1
कोकिलाबेन	kokilaben:3
कोको	coco:3	koko:3	coocoo:1	kookoo:1
कोकोस	cocos:1	coocoos:1	kokos:1	kookoos:1
कोचर	kochar:3
कोचिन	cochin:1	coochin:1	kochin:1	koochin:1
कोची	kochee:3	kochi:2	cochi:1	cochii:1
कोचीन	kocheen:2	cochin:1
कोच्ची	kochchee:2	kochchi:1
कोजागरी	kojagiri:2	kojagaree:2	kojagari:1
कोट	kot:6	koot:3	qot:3	coat:2
कोटणीस	kotanees:1	kotanis:1	kotnees:1
कोटा	kota:5	koota:2	qota:2	kootaa:1
कोटी	kotee:2	koti:1
कोटींची	koteenchee:2	kotinchi:1
कोटींच्या	koteenchya:2	kotinchya:1
कोटीच्या	kotichya:2	koteechya:1
कोटीपेक्षा	kotipeksha:2	koteepeksha:1
कोटीहून	kotihun:2	koteehoon:1
कोट्यवधी	kotyavadhi:2	kotyavadhee:1
कोट्यावधी	kotyavadhi:3	kotyavadhee:2
कोठार	kothar:3
कोठारी	kotharee:3
कोठारे	kothare:3
कोठी	kothee:3
कोठून	kothoon:2	kothun:1
कोठूनही	kothoonahee:1	kothoonhee:1	kothunahee:1
कोठे	kothe:3
कोठेच	kothech:3
कोठेही	kothehee:3
कोड	kod:3	code:2
कोडचा	kodacha:2	kodcha:1
कोडी	kodi:3	codee:1	kodee:1	kolii:1
कोडे	kode:3
कोडेक्स	codeeiks:1	codeex:1	codeiks:1	codeiqs:1
कोण	kon:4	koon:1	qon:1
कोणकोणते	konkonte:2	konkonate:1
कोणता	konta:2	konata:1
कोणताच	kontach:2	konataach:1
कोणताही	kontahi:2	konatahee:1
कोणती	konti:2	konatee:1
कोणतीच	kontich:2	konateech:1
कोणतीही	konatihi:2	kontihi:2	konateehee:1
कोणते	konte:2	konate:1
कोणतेही	konatehi:2	kontehi:2	konatehee:1
कोणत्या	kontya:2	konatya:1
कोणत्याच	konatyach:1	kontyaach:1	kontyach:1
कोणत्यातरी	kontyatari:2	kontyataree:1
कोणत्याही	kontyahi:7	konatyahee:1	konatyahi:1
कोणा	kona:3
कोणाचाच	konachach:3
कोणाची	konachee:2	konachi:1
कोणाचे	konache:4
कोणाच्या	konachya:3
कोणार्क	konark:3	conark:1
कोणाला	konala:3
कोणालाही	konalahee:2	konalahi:1
कोणास	konas:2	konaas:1
कोणासाठी	konasaathee:1	konasathee:1	konasathi:1
कोणी	koni:2	konee:2
कोणीच	koneech:2	konich:1
कोणीतरी	koneetaree:1	koneetari:1	konitari:1
कोणीही	konihi:2	koneehee:2
कोतवाल	kotawal:2	kotavaal:1
कोतापल्ले	kotapalle:3
कोथरूड	kothrud:2	kotharood:1
कोथळा	kothala:3
कोथिंबीर	kothimbeer:1	kothimbir:1	kothinbeer:1
कोन	kon:3	cone:2
कोनाडे	konade:3
कोनातून	konatun:2	konatoon:1
कोनी	conie:1	connie:1	conniie:1	coonnie:1
कोनीय	koneey:2	koneeya:1	koniy:1
कोपनहेगन	copenhagen:3	kopanhegan:2	coopanhegan:1	coopenhagen:1
कोपर	kopar:2	copper:1
कोपरकर	koparkar:3	copperkar:1
कोपरगाव	kopargav:2	kopargaon:1
कोपरा	kopra:2	kopara:1
कोपरे	kopare:2	kopre:1
कोपर्‍यात	koparyat:2	kopryat:1
कोपऱ्यात	koparyat:2	kopryat:1
कोपा	kopa:3
कोब्रा	cobra:3	kobra:3	coobra:1	koobra:1
कोमकली	komakalee:1	komkalee:1	komkali:1
कोमट	komat:3
कोमल	komal:3
कोमोरोस	comoros:1	coomooroos:1	komoros:1	komorose:1
कोयना	koyna:3
कोयरी	koyaree:2	koyari:1
कोरडवाहू	koradavahoo:1	koradvahu:1	koradwahoo:1
कोरडा	korada:2	korda:1
कोरडी	koradee:1	koradi:1	kordee:1
कोरडे	korade:3
कोरड्या	koradya:3	kordya:2
कोरण्यात	koranyat:2	kornyat:1
कोरबा	korba:2	koraba:1
कोरल	koral:4	corel:2	kooral:2	qoral:2
कोरली	korali:2	koralee:1
कोरले	korale:2	korle:1
कोरलेला	koralela:3
कोरलेली	koraleli:2	koralelee:1
कोरलेले	koralele:2	korlele:1
कोरलेल्या	koralelya:2	korlelya:1
कोरा	kora:4	koora:1	qora:1
कोरियन	korean:3	corean:1	coren:1	koren:1
कोरिया	korea:3	koriya:3	kooriya:2	qoriya:2
कोरियाची	koreachi:2	koriyachee:1
कोरियाचे	koreache:2	koriyache:1
कोरियाच्या	koreachya:2	koriyachya:1
कोरियातील	koreatil:2	koriyateel:1
कोरियाने	koreane:2	koriyane:1
कोरीव	koriv:2	koreev:1
कोरीवकाम	koreevkaam:1	korivakam:1	korivkam:1
कोरून	korun:2	koroon:1
कोरे	kore:5	koore:2	qore:2	coore:1
कोरेगांव	koregaon:3
कोरेगाव	koregaon:2	koregav:2
कोर्ट	court:3	kort:3	coourt:1	koort:1
कोर्टात	kortat:2	courtat:1
कोर्टाने	courtane:2	kortane:2
कोर्टाला	kortala:2	courtala:1
कोर्स	course:2	kors:2	cours:1
कोलंबस	columbus:2	kolambas:2	colombus:1	colombush:1
कोलंबिया	kolambiya:4	colombia:3	columbia:2	cooloombia:2
कोलंबो	colombo:3	kolambo:2	cooloomboo:1	koolamboo:1
कोलकाता	kolkata:4	calcutta:1	kolakata:1	kolaketa:1
कोलगेट	colgate:3	kolget:1
कोलते	kolate:2	kolte:1
कोलमडून	kolmadun:2	colmadun:1	kolmadoon:1
कोलाड	kolad:3
कोलाहल	kolahal:3
कोल्हटकर	kolhatkar:3
कोल्हा	kolha:3
कोल्हापुरात	kolhapurat:3
कोल्हापुरातील	kolhapuratil:2	kolhapurateel:1
कोल्हापुरी	kolhapuri:2	kolhapuree:1
कोल्हापुरे	kolhapure:3
कोल्हापूर	kolhapur:6	kolhapoor:2	kolhaapur:1	kolhaapuur:1
कोल्हापूरची	kolhapoorchee:1	kolhapurchi:1	kolharpurchi:1
कोल्हापूरचे	kolhapoorche:1	kolhapurche:1	kolharpurche:1
कोल्हापूरच्या	kolhapurchya:2	kolhapoorchya:1
कोल्हापूरने	kolhapurne:2	kolhapoorne:1
कोल्हापूरमधील	kolhapurmadhil:2	kolhapoormadheel:1
कोल्हापूरमध्ये	kolhapoormadhye:1	kolhapurmadhe:1	kolhapurmadhye:1
कोल्हापूरला	kolhapurla:2	kolhapoorla:1
कोल्हापूरात	kolhapurat:2	kolhapoorat:1
कोल्ही	kolhi:2	kolhee:1
कोल्हे	kolhe:3
कोळंबी	kolambee:1	kolambi:1	kolmbi:1
कोळसा	kolasa:2	kolsa:1
कोळी	koli:2	kolee:1
कोवळी	kovalee:1	kovali:1	kovli:1
कोवळे	kovale:2	kovle:1
कोवळ्या	kovalya:2	kovlya:1
कोश	kosh:3
कोशात	koshat:3
कोशिंबिरी	koshimbiri:2	koshimbiree:1
कोशिंबीर	koshimbir:2	koshimbeer:1
कोशी	koshi:2	koshee:1
कोष	kosh:3
कोषात	koshat:3
कोषातून	koshatun:2	koshatoon:1
कोसंबी	kosambi:2	kosambee:1
कोसबाड	kosbad:2	kosabad:2
कोसल	kosal:3
कोसळणारे	kosalanare:2	kosalnare:1
कोसळण्याची	kosalanyachi:2	kosalanyachee:1
कोसळत	kosalat:3
कोसळतो	kosalato:3
कोसळले	kosalale:3
कोसावर	kosavar:3
कोस्ट	coast:3	cost:2	causht:1	caust:1
कोस्टल	coastal:3	kostal:2	cooastal:1	costal:1
कोस्टा	koosta:1	kosta:1	qosta:1
कोहिनूर	kohinoor:2	kohinur:1
कोहोज	kohoj:3
कौटिल्याने	kautilyane:3
कौटुंबिक	kautumbik:2	koutumbik:1
कौतुक	kautuk:2	koutuk:1
कौतुकही	kautukahee:1	kautukahi:1	koutukhi:1
कौन्सिल	cauncil:1	caunseal:1	caunsel:1	council:1
कौमुदी	kaumudi:2	kaumudee:1
कौर	kar:1	kaur:1	kor:1	qaur:1
कौरव	kaurav:3
कौरवांच्या	kaurvanchya:2	kauravanchya:1
कौल	kaul:3
कौलारू	kaularu:3
कौशल्य	kaushalya:2	kaushaly:1
कौशल्याने	kaushalyane:3
कौशल्ये	kaushalye:3
कौशिकी	kaushiki:2	kaushikee:1
क्युबा	cuba:3
क्युरी	curie:3
क्युरेटर	curator:2	curetor:1
क्यू	que:2	kyu:1	queue:1
क्योटो	kyoto:4	kyootoo:1	qyoto:1
क्रं	kram:2	kran:1
क्रम	kram:3
क्रमवारी	kramvari:2	kramavaree:1
क्रमवारीत	kramavareet:1	kramavarit:1	kramvarit:1
क्रमांक	kramank:2	kramaank:1
क्रमांकाचा	kramankacha:2	kramaankacha:1
क्रमांकाची	kramankachi:2	kramaakachee:1
क्रमांकाचे	kramankache:2	kramaankache:1
क्रमांकाच्या	kramankachya:3
क्रमांकानुसार	kramankanusar:2	kramankanusaar:1
क्रमांकाने	kramankane:2	kramaankane:1
क्रमांकावर	kramankavar:3
क्रमात	kramat:2	kramaat:1
क्रमाने	kramane:4
क्रमिक	kramik:3
क्रांतिकारक	krantikarak:3
क्रांतिकारकांच्या	krantikarkanchya:2	krantikarakanchya:1
क्रांतिकारी	krantikari:2	krantikaree:1
क्रांतिकार्य	krantikary:2	krantikarya:2
क्रांतिज्योती	krantijyoti:2	krantijyotee:1
क्रांतिवीर	krantiveer:2	krantivir:1
क्रांतिसिंह	krantisingh:1	krantisinh:1	krantisinha:1
क्रांती	kranti:2	krantee:1
क्रांतीकारक	krantikarak:2	kranteekarak:1
क्रांतीकारी	krantikari:2	kranteekaree:1
क्रांतीच	krantich:2	kranteech:1
क्रांतीचा	kranticha:2	kranteecha:1
क्रांतीची	krantichi:2	kranteechee:1
क्रांतीचे	krantiche:2	kranteechey:1
क्रांतीच्या	krantichya:3
क्रांतीनंतर	krantinantar:2	kranteenantar:1
क्रिकेट	cricket:9	crickeet:1	cricqet:1	krikeet:1
क्रिकेटची	cricketchi:2	kriketachee:1
क्रिकेटचे	cricketche:2	kriketache:1
क्रिकेटच्या	cricketchya:2	kriketachya:1
क्रिकेटने	cricketne:2	kriketane:1
क्रिकेटपटू	cricketpatu:2	kriketpatoo:1
क्रिकेटमधील	cricketmadhil:2	kriketmadheel:1
क्रिकेटमध्ये	cricketmadhye:2	kriketmadhye:1
क्रिकेटला	cricketla:2	kriketala:1
क्रिडाप्रकारात	kridaprakarat:3
क्रिया	kriya:3
क्रियांची	kriyanchi:2	kriyanchee:1
क्रियाकर्म	kriyakarm:3
क्रियाकलाप	kriyakalap:3
क्रियापद	kriyapad:2	kriyyapad:1
क्रियापदे	kriyapade:3
क्रियाविशेषण	kriyavisheshan:3
क्रियाशील	kriyashil:2	kriyasheel:1
क्रियेचा	kriyecha:3
क्रियेत	kriyet:3
क्रियेमध्ये	kriyemadhye:3
क्रियेला	kriyela:3
क्रिस्टी	kriistii:1	kristi:1	qristi:1
क्रीक	creek:1	creeq:1	crick:1	cricq:1
क्रीडा	krida:3	kreeda:3	crida:1
क्रीडांगण	kreedangan:2	kridangan:1
क्रीडाक्षेत्रात	kreedakshetrat:2	kridakshetrat:1
क्रीम	cream:1	crem:1	criim:1	crim:1
क्रुझ	cruise:2	crujhe:1	cruse:1	cruze:1
क्रुद्ध	kruddha:2	krooddh:1	kruddh:1
क्रुसेस	crucees:1	cruces:1	krusees:1	kruses:1
क्रूर	kroor:2	krur:1
क्रूरपणा	kroorapana:2	kroorpana:1
क्रूरपणे	kroorpane:2	kroorapane:1
क्रॅश	crash:3	cras:1	crashh:1	crush:1
क्रेग	crage:2	kreg:2	craig:1	creeg:1
क्रेडिट	credit:4	kredit:2	creedit:1	kredita:1
क्रेन	crane:3
क्रेमलिन	craimlean:1	craimleean:1	craimlen:1	craimlin:1
क्रॉमवेल	cramwail:1	cramwell:1	cromvail:1	cromvell:1
क्रॉस	crass:1	cross:1	kras:1	krass:1
क्रोएशिया	croatia:2	kroasia:1
क्रोध	krodh:3
क्रोधित	krodhit:3
क्रोमियम	chromium:3
क्रोस	cross:3	kros:2
क्रौंच	kraunch:2	craunch:1	crunch:1
क्लब	club:1	klab:1	klaba:1	qlab:1
क्लबचा	clubcha:3
क्लबचे	clubche:3	clubache:1
क्लाइव्ह	clive:3
क्लारा	clara:3	klara:2	qlara:1
क्लार्क	clark:1	cleark:1	clearq:1	clerk:1
क्लास	class:4	klasa:1	qlasa:1
क्लिंट	cleant:1	clent:1	clint:1	klint:1
क्लिंटन	clinton:3	clintan:2	klintan:2	klinton:1
क्लिक	click:4	klik:2	cleep:1	clicq:1
क्लिनिक	clinic:4	klinik:2	clinik:1	cliniq:1
क्लिष्ट	klisht:2	clist:1
क्लीन	clean:1	cleen:1	clen:1	cliin:1
क्लॉक	clock:4	klak:2	clack:1	clocq:1
क्लोराईड	chloride:2	chloroid:1	kloraiid:1
क्वचित	kvachit:3
क्वचितच	kvachitach:3
क्वालालंपूर	kualalumpur:2	kvalalampoor:1
क्वीन्स	queens:2	kvins:1	quins:1
क्षण	kshan:3
क्षणभर	kshanabhar:3
क्षणभरही	kshanabharahee:1	kshanabharahi:1	kshanabharhee:1
क्षणात	kshanat:3
क्षणापासून	kshanapasun:2	kshanapasoon:1
क्षणिक	kshanik:3
क्षणी	kshanee:2	kshani:2
क्षतिग्रस्त	kshatigrast:3
क्षती	kshati:2	kshatee:1
क्षत्रप	kshatrap:2	kshtrap:1
क्षत्रियत्व	kshatriyatva:3
क्षत्रियांचा	kshatriyancha:3
क्षत्रीय	kshatriy:2	kshatriya:1
क्षमता	kshamata:3
क्षमते	kshamate:3
क्षमतेचा	kshamatecha:2	kshamtecha:1
क्षमतेची	kshamatechi:2	kshamtechee:1
क्षमतेचे	kshamateche:2	kshamteche:1
क्षमतेच्या	kshamatechya:2	kshamtechya:1
क्षमतेनुसार	kshamatenusar:2	kshamatenusaar:1
क्षमतेने	kshamatene:3
क्षमतेपेक्षा	kshamatepeksha:3
क्षमतेमुळे	kshamatemule:3
क्षमतेला	kshamatela:3
क्षमतेवर	kshamatevar:3
क्षमा	kshama:3
क्षय	kshay:1	kshaya:1	kshya:1
क्षयरोग	kshayarog:2	kshayrog:1
क्षार	kshar:2	kshaar:1
क्षाराचे	ksharache:3
क्षितिज	kshitij:4
क्षिप्रा	kshipra:3
क्षीण	ksheen:3
क्षीरसागर	ksheersagar:2	ksheerasagar:1
क्षुद्र	kshudra:3
क्षेत्र	kshetra:4
क्षेत्रपाल	kshetrapal:2	kshetrpal:1
क्षेत्रफळ	kshetrafal:3	kshetraphal:1
क्षेत्रफळाच्या	kshetrafalachya:3	kshetraphalachya:2
क्षेत्रफळानुसार	kshetrafalanusar:2	kshetrafalanusaar:1	kshetraphalanusaar:1	kshetraphalanusar:1
क्षेत्ररक्षण	kshetrarakshan:3
क्षेत्रांत	kshetrant:3
क्षेत्रांतील	kshetrantil:2	kshetranteel:1
क्षेत्रांतून	kshetrantun:2	kshetrantoon:1
क्षेत्रांमध्ये	kshetranmadhye:3
क्षेत्राकडे	kshetrakade:3
क्षेत्राचा	kshetracha:3
क्षेत्राची	kshetrachi:2	kshetrachee:1
क्षेत्राचे	kshetrache:3
क्षेत्राच्या	kshetrachya:3
क्षेत्रात	kshetrat:2	kshetraat:1
क्षेत्रातला	kshetratala:3
क्षेत्रातल्या	kshetratalya:3
क्षेत्रातही	kshetratahi:2	kshetratahee:1
क्षेत्रातील	kshetratil:2	kshetrateel:1
क्षेत्रातून	kshetratoon:2	kshetratun:1
क्षेत्रामधील	kshetramadhil:2	kshetramadheel:1
क्षेत्रामध्ये	kshetramadhye:3
क्षेत्राला	kshetrala:3
क्षेत्रावर	kshetravar:3
क्षेत्रासाठी	kshetrasathi:2	kshetrasathee:1
क्षेत्रीय	kshetriy:2	kshetreey:1
क्षेत्रे	kshetre:3
क्षेपणास्त्र	kshepanaasr:1	kshepanastra:1	kshepnastra:1
क्षेपणास्त्रे	kshepanaasre:1	kshepanastre:1	kshepnastre:1
क्षेम	kshem:3
खंजिरी	khanjiri:2	khanjiree:1
खंजीर	khanjir:2	khanjeer:1
खंड	khand:3
खंडग्रास	khandgras:2	khandgrass:1
खंडणी	khandani:2	khandanee:1
खंडणीची	khandanichi:2	khandaneechee:1
खंडपीठ	khandapeeth:1	khandpeeth:1	khandpith:1
खंडपीठात	khandapeethat:1	khandpeethat:1	khandpithat:1
खंडांचे	khandanche:3
खंडांच्या	khandanchya:3
खंडांमध्ये	khandanmadhye:2	khandanmadhe:1
खंडाचे	khandache:3
खंडाच्या	khandachya:3
खंडात	khandat:3
खंडातील	khandateel:2	khandatil:1
खंडातून	khandatoon:3
खंडाने	khandane:3
खंडाळा	khandala:3
खंडित	khandit:3
खंडेराव	khanderao:3	khanderav:1
खंडेश्वर	khandeshvar:2	khandeshwar:1
खंडो	khando:3
खंडोजी	khandoji:2	khandojee:1
खंडोबा	khandoba:3
खंडोबाचं	khandobach:1	khandobacha:1	khandobachm:1
खंडोबाचा	khandobacha:3
खंडोबाची	khandobachi:2	khandobachee:1
खंडोबाचे	khandobache:3
खंडोबाच्या	khandobachya:3
खंडोबाने	khandobane:3
खंड्या	khandya:3
खंत	khant:2	khanta:1
खंदक	khandak:3
खंदकात	khandakat:2	khandkat:1
खंदारे	khandare:3
खंबीर	khambir:2	khambeer:1
खंबीरपणे	khambirpane:2	khambeerpane:1
खगोल	khagol:3
खगोलशास्त्र	khagolshastra:2	khagolshasra:1
खगोलशास्त्रज्ञ	khagolshasradnya:1	khagolshastradhnya:1	khagolshastradnya:1
खगोलशास्त्राचा	khagolshastracha:2	khagolshasracha:1
खगोलशास्त्राची	khagolshastrachi:2	khagolshasrachi:1
खगोलशास्त्रीय	khagolshasriy:1	khagolshastriy:1	khagolshastriya:1
खगोलीय	khagoliy:2	khagoliya:1
खचल्या	khachalya:2	khachlya:1
खजिनदार	khajindar:3
खजिना	khajina:3
खजिन्याचे	khajinyache:3
खजिन्यात	khajinyat:3
खटका	khataka:3
खटपट	khatpat:3
खटला	khatala:3
खटले	khatle:3	khatale:3
खटल्यात	khatalyat:2	khatlyat:1
खटाटोप	khatatop:3
खटावकर	khatavkar:3
खट्टर	khattar:3
खडक	khadak:3
खडकांचे	khadakanche:3
खडकांच्या	khadakanchya:3
खडकांमध्ये	khadakanmadhye:3
खडकाचे	khadakache:2	khadkache:1
खडकात	khadakat:2	khadkat:1
खडकापासून	khadakapasoon:1	khadakapasun:1	khadkapasun:1
खडकाळ	khadkal:3
खडकी	khadki:3
खडतर	khadtar:2	khadatar:1
खडबडीत	khadbadit:2	khadabadit:1	khadbadeet:1
खडसे	khadse:3
खडा	khada:3
खडाजंगी	khadajangi:3
खडी	khadi:2	khadee:1
खडीसाखर	khadisakhar:3
खडे	khade:3
खड्डा	khadda:3
खड्डे	khadde:3
खणली	khanali:2	khanlee:1
खणलेल्या	khanalelya:2	khanlelya:1
खणून	khanun:3
खत	khat:3
खतांची	khatanchi:3
खतांचे	khatanche:3
खताच्या	khatachya:3
खते	khate:3
खत्री	khatri:2	khatree:1
खनन	khanan:2	khanana:1
खनिज	khanij:3	khanji:1
खनिजांचे	khanijanche:3
खनिजांच्या	khanijanchya:3
खनिजाचे	khanijache:3
खनिजे	khanije:3
खन्ना	khanna:4	khana:1	qhanna:1
खप	khap:3
खबर	khabar:3
खबरदार	khabardar:3
खबरदारी	khabardari:2	khabardaree:1
खबऱ्या	khabrya:2	khabarya:1
खय्याम	khayyam:3
खरखरीत	kharkharit:2	kharkhareet:1
खरच	kharach:4
खरा	khara:3
खराडे	kharade:3
खरात	kharat:2	kharaat:1
खराब	kharab:2	kharaab:1
खरी	khari:2	kharee:1
खरीप	kharip:2	khareep:1
खरे	khare:3
खरेखुरे	kharekhure:2	kharekhoore:1
खरेच	kharech:3
खरेतर	kharetar:3
खरेदी	kharedi:2	kharedee:1
खरेदीच्या	kharedichya:2	kharedeechya:1
खरोखर	kharokhar:3
खरोखरच	kharokharach:4
खर्च	kharch:3	kharcha:1
खर्चाचा	kharchacha:3
खर्चात	kharchat:2	kharchaat:1
खर्चासाठी	kharchasaathee:1	kharchasaathi:1	kharchasathi:1
खर्चिक	kharchik:3
खर्डेकर	khardekar:3
खऱ्या	kharya:3
खलनायक	khalanayak:2	khalnayak:3
खलाशांनी	khalashanni:2	khalashani:1
खलाशी	khalashi:3
खलिफा	khalifa:4	khaleefa:1	khaleepha:1	khaliifa:1
खलिस्तान	khalistan:3
खलीफा	khalifa:3
खलु	khalu:3
खळ	khal:3
खळगे	khalge:2	khalage:1
खळग्यात	khalgyat:3
खळद	khalad:3
खळबळ	khalbal:3
खळबळजनक	khalbaljanak:3
खळे	khale:3
खवले	khavale:2	khavle:1
खवळून	khavalun:2	khavlun:1
खसखस	khaskhas:3
खा	kha:4	khaa:1
खाँ	khan:3
खांड	khand:3
खांडगे	khandge:3
खांडबहाले	khandbahale:3
खांडेकर	khandekar:3
खांद्याला	khandyala:2	khandhyala:1
खांद्यावर	khandyavar:2	khandhyavar:1
खांद्यावरील	khandhyavaril:1	khandyavareel:1	khandyavaril:1
खांब	khamb:3
खांबांची	khambachi:1	khambanchee:1	khanbanchi:1
खांबांच्या	khambanchya:2	khanbanchya:1
खांबावर	khambavar:2	khanbavar:1
खाऊ	khau:3
खाऊन	khaun:2	khaoon:1	khauun:1
खाचेत	khachet:3
खाज	khaj:2	khaaj:1
खाजगी	khajgi:4	khaajagee:1	khajagi:1
खाजगीकरण	khajagikaran:2	khajageekaran:1
खाडिलकर	khadilkar:3
खाडी	khadi:2	khadee:1
खाडीच्या	khadeechya:1	khadichya:1	khaichya:1
खाडीत	khadit:2	khadeet:1
खाण	khan:3
खाणकाम	khankam:3
खाणारा	khanara:2	khanarach:1
खाणावळ	khanaval:2	khanawal:1
खाणी	khani:2	khanee:1
खाणीत	khanit:2	khaneet:1
खाणीतील	khanitil:2	khaneeteel:1
खाणीतून	khanitun:2	khaneetoon:1
खाणे	khane:3
खाण्याचा	khanyacha:3
खाण्याची	khanyachi:2	khanyachee:1
खाण्याच्या	khanyachya:3
खाण्यास	khanyas:3
खाण्यासाठी	khanyasathi:2	khanyasaathi:1
खात	khat:2	khaat:1
खातरजमा	khatarjama:3
खातात	khatat:2	khataat:1
खाती	khati:2	khatee:1
खाते	khate:3	khaate:1
खातो	khato:3
खात्यांचा	khatyancha:3
खात्यांची	khatyanchi:2	khatyanchee:1
खात्यांचे	khatyanche:3
खात्यांच्या	khatyanchya:3
खात्यांत	khatyant:3
खात्याकडे	khatyakade:3
खात्याचा	khatyacha:3
खात्याची	khatyachi:2	khatyachee:1
खात्याचे	khatyache:3
खात्याच्या	khatyachya:3
खात्यात	khatyat:3
खात्यातील	khatyatil:2	khatyateel:1
खात्याने	khatyane:3
खात्यामध्ये	khatyamadhye:2	khatyamadhe:1
खात्याला	khatyala:3
खात्यावर	khatyavar:3
खात्यास	khatyas:3
खात्री	khatri:3
खात्रीपूर्वक	khatripurvak:3
खात्रीलायक	khatrilayak:3
खादीचा	khadicha:3
खाद्य	khady:4	khadya:3
खाद्यतेल	khadyatel:3
खाद्यपदार्थ	khadyapadartha:2	khadyapadarth:1
खाद्यपदार्थाची	khadyapadarthachi:2	khadyapadarthanchi:1
खाद्यपदार्थाच्या	khadyapadarthachya:3
खाद्यपदार्थात	khadyapadarthat:3
खाद्यसंस्कृती	khadyasanskruti:2	khadyasanskriti:1
खान	khan:5	khaan:1	qhaan:1	qhan:1
खानखोजे	khankhoje:3
खानच्या	khanchya:3
खानदान	khandan:2	khaandan:1
खानदेश	khandesh:3
खानदेशातील	khandeshatil:3
खानपान	khanpan:3
खानवडी	khanvadi:2	khanwadi:1
खानाच्या	khanachya:3
खानाने	khanane:3
खानापुर	khanapur:3
खानापूर	khanapur:3
खानापूरकर	khanapurkar:3
खानावळ	khanaval:3
खानास	khanas:2	khanaas:1
खानोलकर	khanolkar:3
खान्देशातील	khandeshatil:2	khandeshateel:1
खाप	khap:2	khaap:1
खापर्डे	khaparde:3
खामगाव	khamgav:3
खाय	khay:3
खायला	khayala:2	khayla:3
खार	khar:4	khaar:1	khara:1
खारकर	kharkar:2	kharakar:1
खारका	kharka:2	kharaka:1
खारट	kharat:2	khaarat:1
खारफुटी	kharfuti:2	kharafutee:1
खारफुटीच्या	kharfutichya:2	kharafuteechya:1
खाऱ्या	kharya:3
खालचा	khalacha:2	khalcha:2
खालची	khalachee:1	khalchee:1	khalchi:1
खालचे	khalache:2	khalche:1
खालच्या	khalachya:2	khalchya:1
खालपासून	khalapasoon:1	khalpasoon:1	khalpasun:1
खालसा	khalasa:3	khalsa:2	qhalasa:1	qhalsa:1
खालापूर	khalapoor:2	khalapur:1
खालावली	khalavalee:2	khalavali:1
खालावलेली	khalavalelee:2	khalavaleli:1
खालावलेल्या	khalavalelya:3
खाली	khali:7	khalee:2
खालील	khalil:9	khaleel:2
खालीलप्रमाणे	khaleelapramane:1	khaleelpramane:1	khalilpramane:1
खालून	khaloon:2	khalun:1
खालोखाल	khalokhal:3
खाल्ला	khalla:3
खाल्ली	khallee:2	khalli:1
खाल्ले	khalle:3
खाल्लेल्या	khallelya:3
खाल्ल्या	khallya:3
खाल्ल्याने	khallyane:3
खाल्ल्यामुळे	khallyamule:3
खाल्ल्यावर	khallyavar:3
खावे	khave:3
खावेत	khavet:3
खाष्ट	khasht:2	khashta:1
खास	khas:4	khaas:1
खासकरून	khaskarun:3
खासदार	khasdar:2	khasdaar:1
खासदारही	khasdarahi:2	khasdarhee:1
खासबाग	khasabag:1	khasbag:1	khasbhag:1
खासियत	khasiyat:3
खिंड	khind:2	khinda:1
खिंडीच्या	khindichya:2	khindeechya:1
खिंडीत	khindeet:2	khindit:1
खिंडीतून	khicndeetoon:1	khindeetoon:1	khinditun:1
खिंडीमध्ये	khindeemadhye:2	khindimadhye:1
खिचडी	khichadee:2	khichdi:1
खिडकी	khidki:2	khidakee:1
खिडकीतून	khidkitun:2	khidakeetoon:1
खिडकीवर	khidkivar:2	khidakeevar:1
खिडक्या	khidkya:2	khidakya:1
खिद्रापूर	khidrapur:2	khidrapoor:1
खिलजी	khilaji:3
खिलाडी	khiiladii:1	khiladi:1	qhiladi:1
खिलाडू	khiladu:3
खिल्ली	khilli:3
खिळखिळे	khilkhile:3
खिळवून	khilavun:3
खिळा	khila:3
खिळून	khilun:3
खिळे	khile:3
खिशात	khishat:3
खीर	khir:3
खुंटली	khuntali:3
खुज्या	khujya:3	khoojya:1
खुडे	khude:3	khoode:1
खुण	khun:3	khoon:1
खुणा	khuna:3	khoona:1
खुदा	khuda:2	khaada:1	khooda:1	qhooda:1
खुद्द	khudd:2	khoodd:1	khudda:1
खुनाच्या	khunachya:3	khoonachya:1
खुप	khup:3	khoop:1
खुपसून	khupasoon:1	khupsoon:1	khupsun:1
खुबीने	khubine:2	khubeene:1
खुर	khur:3
खुरा	khura:3
खुराना	khurana:3
खुर्ची	khurchi:2	khurchee:1
खुर्च्या	khurchya:3
खुलताबाद	khultabad:2	khulatabad:1
खुलते	khulate:2	khulte:1
खुला	khula:3
खुली	khuli:2	khulee:1
खुले	khule:3
खुल्या	khulya:3
खुल्लम	khullam:3
खुश	khush:3
खुशाल	khushal:2	khushaal:1
खुशी	khushi:2	khushee:1
खूण	khoon:2	khun:1
खून	khun:3	khoon:2
खूप	khup:19	khoop:2
खूपच	khupach:4	khoopach:2
खूश	khoosh:2	khush:1
खेकडे	khekade:2	khekde:1
खेचला	khechala:2	khechla:1
खेचून	khechun:3
खेड	khed:3
खेडा	kheda:3
खेडी	khedi:3
खेडे	khede:3
खेडेकर	khedekar:3
खेडेगावात	khedegavat:3
खेडेगावातून	khedegavatun:3
खेड्यांतील	khedyantil:2	khedyatil:1
खेड्यात	khedyat:4	khedyaat:1
खेड्यातील	khedyatil:3	khedyateel:2
खेड्यापाड्यांत	khedyapadyant:2	khedyapadyat:1
खेड्यापाड्यांतील	khedyapadyantil:2	khedyapadyanteel:1
खेड्यापाड्यातील	khedyapadyatil:2	khedyapadyateel:1
खेपेस	khepes:3
खेर	kher:4
खेरीज	khereej:2	kherij:2
खेळ	khel:3
खेळकर	khelkar:2	khelakar:1
खेळणारा	khelanara:2	khelnaara:1
खेळणारी	khelanaree:1	khelanari:1	khelnaari:1	khelnaree:1
खेळणाऱ्या	khelanarya:2	khelnarya:1
खेळणी	khelanee:2	khelani:2
खेळणे	khelane:2	khelne:1
खेळण्याची	khelanyachee:2	khelanyachi:1
खेळण्यात	khelanyat:3
खेळण्यास	khelanyas:3
खेळण्यासाठी	khelanyasathee:2	khelanyasathi:1
खेळत	khelat:3
खेळतात	khelatat:3
खेळताना	khelatana:3
खेळतो	khelato:3
खेळपट्टी	khelapattee:1	khelapatti:1	khelpattee:1
खेळपट्टीवर	khelapatteevar:1	khelapattivar:1	khelpattivar:1
खेळपट्ट्या	khelapattya:2	khelpattya:1
खेळला	khelala:3
खेळली	khelali:2	khelalee:1
खेळले	khelle:2	khelale:3
खेळलेला	khelalela:3
खेळलेली	khelaleli:2	khelalelee:1
खेळल्या	khelalya:3
खेळल्याने	khelalyane:3
खेळवण्यात	khelavnyat:2	khelavanyat:1
खेळवत	khelavat:2	khelvat:1
खेळवला	khelavala:3
खेळवले	khelavale:3
खेळांची	khelanchi:2	khelanchee:1
खेळांचे	khelanche:3
खेळांच्या	khelanchya:3
खेळांमध्ये	khelanmadhye:3
खेळांसाठी	khelansathi:2	khelansathee:1
खेळाचा	khelacha:3
खेळाची	khelachi:2	khelachee:1
खेळाचे	khelache:3
खेळाच्या	khelachya:3
खेळाडू	kheladu:2	kheladoo:1
खेळाडूंची	kheladunchi:2	kheladoonchee:1
खेळाडूंना	kheladunna:2	kheladoonna:1
खेळाडूंपैकी	kheladunpaiki:2	kheladoonpaikee:1
खेळाडूची	kheladuchi:2	kheladoochee:1
खेळाडूने	kheladune:3
खेळाडूला	kheladula:3
खेळात	khelat:2	khelaat:1
खेळातील	khelatil:2	khelateel:1
खेळामध्ये	khelamadhye:2	khelamadhe:1
खेळायला	khelayla:2	khelayala:1
खेळावर	khelavar:3
खेळी	kheli:3	khelee:2
खेळू	khelu:2	kheloo:1
खैबर	khaibar:4	khaebar:1	khaeber:1	khebar:1
खैर	khair:3
खैरनार	khairanar:2	khairnar:2	khairnaar:1
खैरे	khaire:3
खोकड	khokad:3
खोकताना	khokatana:3
खोकला	khokala:3
खोटा	khota:3
खोटी	khoti:3
खोटे	khote:3
खोट्या	khotya:4
खोड	khod:3
खोडके	khodke:3
खोडाची	khodachi:3
खोडापासून	khodapasun:3
खोडाला	khodala:3
खोडावर	khodavar:3
खोडून	khodun:3
खोत	khot:3
खोदकाम	khodkam:3
खोदलेली	khodleli:2	khodaleli:1
खोदलेल्या	khodlelya:2	khodalelya:1
खोदून	khodoon:2	khodun:1
खोपकर	khopkar:2	khopakar:1
खोपडी	khopadi:2	khopadee:1
खोपोली	khopoli:2	khopolee:1
खोबणी	khobanee:1	khobani:1	khobne:1
खोबरे	khobare:3
खोबरेल	khobarel:2	khobrel:1
खोब्रागडे	khobragade:3
खोरी	khoree:2	khori:2
खोरे	khore:3
खोर्‍यात	khoryat:2	khoryaat:1
खोऱ्यात	khoryat:2	khoryaat:1
खोऱ्यातील	khoryateel:2	khoryatil:1
खोऱ्यातून	khoryatun:2	khoryatoon:1
खोल	khol:3
खोलगट	kholgat:2	kholagat:1
खोलवर	kholvar:3
खोली	kholi:3	kholee:2
खोलीकरण	kholikaran:3	kholeekaran:1
खोलीचे	kholiche:3	kholeeche:1
खोलीत	kholeet:4	kholit:4
खोलीतील	kholiteel:2	kholeetil:1	kholitil:1
खोल्या	kholya:3
खोळंबा	kholamba:3
खोवलेला	khovalela:2	khovlela:1
ख्मेर	khmer:3	khmair:1	khmar:1	khmeer:1
ख्यातनाम	khyatnam:2	khyatnaam:1
ख्याती	khyati:2	khyatee:1
ख्याल	khyal:3
ख्रिश्चन	christian:3	khrishchan:2	khrischan:1
ख्रिस	khris:4	chris:1	khrees:1	khriis:1
ख्रिस्त	khrist:4	christ:2	crist:1	krist:1
ख्रिस्तपूर्व	chirstpurv:1	khristapoorv:1	khristapurv:1	khristpurv:1
ख्रिस्ताचा	khristacha:3	christacha:1
ख्रिस्ताचे	khristache:3	christache:1
ख्रिस्ताच्या	khristachya:3	christachya:1
ख्रिस्ताने	khristane:3	christane:1
ख्रिस्ताला	khristala:3	christala:1
ख्रिस्ती	christi:2	khristee:2	khristi:2	khriistee:1
ख्वाजा	khvaja:2	khwaja:1
गंगा	ganga:4	gunga:1
गंगाखेड	gangakhed:3
गंगाधर	gangadhar:3
गंगानगर	ganganagar:3
गंगापूर	gangapoor:2	gangapur:1
गंगाराम	gangaram:3
गंगासागर	gangasagar:3
गंगेचे	gangeche:3
गंगेच्या	gangechya:3
गंगोत्री	gangotree:2	gangotri:1
गंजलेल्या	ganjalelya:2	ganjlelya:1
गंडा	ganda:3
गंतव्य	gantavya:3
गंध	gandh:3
गंधक	gandhak:3
गंधर्व	gandharva:2	gandharv:3
गंभीर	gambhir:2	gambheer:1
गंभीरपणे	gambhirpane:2	gambheerpane:1
गगन	gagan:3
गगनचुंबी	gaganchumbi:3	gaganchoombi:1
गगनबावडा	gaganbavada:2	gaganbavda:1
गज	gaj:3
गजर	gajar:3
गजरा	gajara:2	gajra:1
गजल	gajal:3
गजलक्ष्मी	gajalakshmee:2	gajalakshmi:1
गजा	gaja:3
गजानन	gajanan:3
गजाननाची	gajananachee:2	gajananachi:1
गजाननाने	gajananane:3
गजेंद्र	gajendra:3
गझनीच्या	gajhanichya:1	gazaneechya:1	gazanichya:1
गझल	gazal:2	gajhal:1
गझलकार	gajhalkaar:1	gazalakar:1	gazalkar:1
गझलसंग्रह	gajhalsangrah:1	gazalasangrah:1	gazalsangraha:1
गझला	gazala:2	gajhala:1
गट	gat:3
गटविकास	gatvikas:2	gatavikas:1
गटांचा	gatancha:2	gatanchya:1
गटांच्या	gatanchya:3
गटांत	gatant:3
गटांना	gatanna:3
गटांनी	gatannee:2	gatanni:1
गटांमध्ये	gatanmadhye:2	gatanmadhe:1
गटाकडून	gatakadoon:2	gatakadun:1
गटाचा	gatacha:3
गटाची	gatachee:2	gatachi:1
गटाचे	gatache:3
गटाच्या	gatachya:3
गटात	gatat:3
गटातटाच्या	gatatatachya:3
गटातील	gatateel:2	gatatil:1
गटाने	gatane:3
गटाला	gatala:3
गटासाठी	gatasathee:2	gatasathi:1
गटेनबर्ग	gateenabarg:1	gateenburg:1	gatenabarg:1	gatenburg:1
गठीत	gatheet:2	gathit:1
गठ्ठा	gattha:2	gatth:1
गड	gad:3
गडकरी	gadkari:2	gadakari:1
गडगडाट	gadgadat:2	gadagadat:1
गडचिरोली	gadchiroli:3
गडद	gadad:3
गडफेरी	gadferi:2	gadpheri:2
गडबड	gadbad:3
गडमाथा	gadamatha:2	gadmatha:2	gadmaatha:1
गडमाथ्यावर	gadmathyavar:3
गडहिंग्लज	gadhinglaj:2	gadahinglaj:1
गडाखाली	gadakhali:2	gadakhalee:1
गडाचा	gadacha:3
गडाची	gadachi:2	gadachee:1
गडाचे	gadache:3
गडाच्या	gadachya:3
गडाला	gadala:3
गडावर	gadavar:3
गडावरील	gadavareel:3
गडावरुन	gadavaroon:2	gadavarun:1
गडावरून	gadavaroon:2	gadavarun:1
गडी	gadee:3
गडे	gade:3
गड्डे	gadde:3
गढवाल	gadhaval:3	gadhavala:1	gadhawala:1	gadhval:1
गढवाली	gadhavalee:3
गढी	gadhee:3	gadhi:2
गढ्या	gadhya:3
गण	gan:3
गणना	ganana:3
गणपत	ganapat:2	ganpat:1
गणपतराव	ganapatarav:2	ganapatarao:1	ganpatrao:1
गणपती	ganpati:3	ganapatee:2
गणपतीचा	ganapateecha:1	ganapaticha:1	ganpaticha:1
गणपतीची	ganapateechee:1	ganapatichi:1	ganpatichi:1
गणपतीचे	ganapateeche:1	ganapatiche:1	ganpatiche:1
गणपतीच्या	ganapateechya:1	ganapatichya:1	ganpatichya:1
गणपतीला	ganapateela:1	ganapatila:1	ganpatila:1
गणपतीस	ganapatees:1	ganapatis:1	ganpatis:1
गणराज्य	ganarajya:2	ganrajya:1
गणला	ganala:3
गणले	ganale:3
गणल्या	ganalya:3
गणाचार्य	ganacharya:2	ganachary:1
गणाच्या	ganachya:3
गणात	ganat:2	ganaat:1
गणिका	ganika:3
गणित	ganit:4
गणितज्ञ	ganitadnya:2	ganitagya:1
गणिताची	ganitachee:2	ganitachi:1
गणिताचे	ganitache:3
गणिताच्या	ganitachya:3
गणितात	ganitat:2	ganitaat:1
गणितातील	ganitateel:3
गणिताला	ganitala:3
गणिती	ganitee:2	ganiti:1
गणितीय	ganitiy:2	ganiteey:1
गणेश	ganesh:5	ganeesh:2	ganes:2	ganeshh:2
गणेशखिंड	ganeshkhind:3
गणेशभक्त	ganeshbhakt:3
गणेशमूर्ती	ganeshmurti:2	ganeshmoorti:1
गणेशवाडी	ganeshavadee:1	ganeshvadi:1	ganeshwadi:1
गणेशाची	ganeshachee:2	ganeshachi:1
गणेशाचे	ganeshache:3
गणेशोत्सव	ganeshotsav:2	ganeshotsava:1
गणेशोत्सवाच्या	ganeshotsavachya:3
गणेशोत्सवात	ganeshotsavat:3
गणोरकर	ganorkar:2	ganorakar:1
गत	gat:3
गति	gati:3
गतिमान	gatiman:2	gatimaan:1
गतिशीलता	gatisheelata:2	gatisheelta:1
गती	gati:2	gatee:2
गतीचे	gateeche:2	gatiche:1
गतीच्या	gateechya:2	gatichya:1
गतीत	gateet:3	gatit:1
गतीने	gateene:2	gatine:1
गदा	gada:3
गदिमा	gadima:3
गद्य	gadhya:2	gadhy:1
गद्रे	gadre:3
गनिमी	ganimee:3
गनिमीकावा	ganimeekava:3
गप्पा	gappa:3
गफलत	gafalat:3
गमती	gamti:2	gamatee:1	gamati:1	ganmatee:1
गमतीने	gamatine:2	gamateene:1	gamteene:1
गमन	gaman:3
गमभन	gamabhan:2	gambhan:1
गमवावा	gamavava:3
गमावत	gamavat:3
गमावला	gamavala:3
गमावली	gamavali:2	gamavalee:1
गमावले	gamavale:2	gamavle:1
गमावलेली	gamavalelee:1	gamavaleli:1	gamavleli:1
गमावल्या	gamavalya:2	gamavlya:1
गमावल्यानंतर	gamavalyanantar:2	gamavlyanantar:1
गमावून	gamavun:2	gamavoon:1
गम्मत	gammat:3
गया	gaya:4	gayaa:1	gayya:1
गयाना	guyana:2	gayana:2	guana:1	guiana:1
गर	gar:4	gur:1
गरज	garaj:3
गरजही	garajahee:1	garajahi:1	garjahee:1
गरजा	garaja:2	garja:1
गरजांनुसार	garajannusar:2	garjannusar:1
गरजू	garaju:2	garju:1
गरजेचा	garajecha:2	garjecha:1
गरजेची	garajechi:2	garjechee:1	garjechi:1
गरजेचे	garajeche:2	garjeche:1
गरजेतून	garajetun:2	garajetoon:1
गरजेनुसार	garajenusar:3
गरजेपेक्षा	garajepeksha:3
गरजेप्रमाणे	garajepramane:3
गरबा	garaba:4	garba:1	gurba:1
गरम	garam:3
गरमी	garamee:1	garami:1	garmi:1
गरवारे	garware:2	garavare:2	garvare:1
गराच्या	garachya:3
गरात	garat:3
गरिबांना	garibanna:2	garobanna:1
गरिबी	garibi:2	garibee:1
गरीब	garib:2	gareeb:1
गरीबच	garibach:3
गरुड	garud:12	garood:2	garun:1
गरूड	garood:2	garud:1
गरोदर	garodar:3
गरोदरपण	garodarapan:1	garodarapana:1	garodarpan:1
गरोदरपणात	garodarapanat:2	garodarpanat:1
गर्ग	garg:3
गर्जत	garjat:3
गर्जना	garjana:3
गर्जे	garje:3
गर्तेत	gartet:3
गर्द	gard:3
गर्दी	gardi:5	gardee:2
गर्दीचा	gardicha:2	gardeecha:1
गर्दीची	gardichi:2	gardeechee:1
गर्दीचे	gardiche:3
गर्दीच्या	gardichya:3
गर्दीत	gardit:3
गर्दीतून	garditun:3
गर्दीने	gardine:3
गर्दीमुळे	gardimule:3
गर्दे	garde:2	gadre:1
गर्भ	garbha:2	garbh:2
गर्भगृह	garbhagruh:1	garbhagruha:1	garbhgruh:1
गर्भधारणा	garbhadharana:1	garbhadharna:1	garbhdharana:1
गर्भनिरोधक	garbhanirodhak:2	garbhnirodhak:1
गर्भपात	garbhapat:2	garbhpat:1
गर्भलिंग	garbhaling:3	garbhling:1
गर्भवती	garbhavatee:1	garbhavati:1	garbhvati:1
गर्भाच्या	garbhachya:3
गर्भातील	garbhateel:2	garbhatil:1
गर्भारपण	garbharpan:2	garbharapan:1
गर्भारपणात	garbharpanat:2	garbharapanat:1
गर्भावस्था	garbhavastha:3
गर्भाशय	garbhashay:3
गर्भाशयाच्या	garbhashayachya:3
गर्भाशयात	garbhashayat:3
गर्भित	garbhit:3
गर्भितार्थ	garbhitarth:3
गर्ल	garl:1	girl:1	gurl:1
गर्व	garv:2	garva:1
गल्ली	galli:2	gallee:1
गल्लीत	galleet:2	gallit:2
गळतात	galatat:2	galtat:1
गळती	galatee:2	galati:1
गळा	gala:3
गळाला	galala:3
गळू	galoo:3
गळून	galoon:3
गळेकापू	galekapoo:3
गळ्याची	galyachee:3
गळ्यात	galyat:4
गवई	gavai:3
गवत	gavat:3
गवताचे	gavatache:2	gavtache:1
गवताळ	gavtal:2	gavatal:1	gavtaal:1
गवती	gavatee:2	gavati:1
गवळण	gavalan:3
गवळी	gavalee:1	gavali:1	gavlee:1
गवस	gavas:2	gawas:1
गवे	gave:3
गव्हर्नर	governor:3	gavharnar:1
गव्हाची	gavachi:1	gavhachee:1	gavhachi:1
गव्हाचे	gavhache:3
गव्हाच्या	gavhachya:3
गव्हाण	gavhan:3
गव्हाणे	gavhane:3
गहन	gahan:3
गहाळ	gahal:3
गहिनीनाथ	gahininath:3
गहू	gahu:3
गा	ga:3
गांगल	gangal:3
गांगुली	gangulee:1	ganguli:1	ganguly:1
गांधर्व	gandharv:3
गांधार	gandhar:3
गांधारी	gandharee:3
गांधी	gandhi:16	gandhee:4	gandhii:1
गांधींकडे	gandheenkade:3
गांधींची	gandheenchee:3
गांधींचे	gandheenche:2	gandhinche:1
गांधींच्या	gandhinchya:4	gandheenchya:2
गांधींना	gandheenna:2	gandhinna:1
गांधींनी	gandhini:2	gandheennee:2	gandhinni:1
गांधींनीही	gandheenneehee:2	gandhinnihi:1
गांधीच्या	gandhichya:2	gandheechya:1
गांधीजी	gandhiji:2	gandheejee:1
गांधीजींचा	gandhijincha:2	gandheejeencha:1
गांधीजींच्या	gandhijinchya:2	gandheejeenchya:1
गांधीजींनी	gandhijini:4	gandhijinni:2	gandheejeennee:1
गांधीनगर	gandhinagar:3	gandheenagar:1	gandhiinagar:1	gandhiinagara:1
गांधीनी	gandhinni:2	gandhini:3
गांधीवादी	gandhivaadi:1	gandhivadi:1	gandhiwadi:1
गांभीर्य	gambheery:1	gambhiry:1	gambhirya:1
गाई	gai:2	gaii:1
गाईचा	gaicha:2	gaiicha:1
गाईची	gaichee:2	gaichi:1	gaiichee:1
गाईचे	gaiche:2	gaiiche:1
गाईड	guide:2	gaiid:1
गाईन	gain:2	gaiin:1
गाईला	gaiela:1	gaiila:1	gaila:1
गाऊ	gaoo:2	gau:1
गाऊन	gaoon:2	gaun:1
गागाभट्ट	gagabhatt:3
गाजत	gajat:3
गाजर	gajar:3
गाजला	gajala:3
गाजली	gajalee:2	gajali:1
गाजले	gajale:3
गाजलेला	gajalela:3
गाजलेली	gajalelee:2	gajaleli:1
गाजलेले	gajalele:3
गाजलेल्या	gajalelya:3
गाजल्या	gajalya:3
गाजवत	gajavat:3
गाजवलेले	gajavalele:2	gajavlele:1
गाजविणे	gajavine:3
गाझा	gajha:2	gaajha:1	gaja:1
गाझियाबादला	gaziabadla:1	ghaziabad:1	ghaziabadla:1
गाठ	gaath:2	gath:2
गाठता	gathata:3
गाठला	gathala:3
गाठली	gathali:2	gathalee:1
गाठले	gathale:3
गाठलेले	gathalele:3
गाठावी	gathavee:2	gathavi:1
गाठावे	gathave:3
गाठी	gathee:2	gathi:1
गाठीचा	gatheecha:2	gathicha:1
गाडगीळ	gadgil:2	gadageel:2
गाडगीळांनी	gadageelannee:2	gadgilanni:1
गाडगे	gadage:3
गाडगेबाबा	gadagebaba:2	gadgebaba:1
गाडले	gadale:3
गाडल्या	gadalya:3
गाडा	gada:3
गाडी	gadee:2	gadi:1
गाडीचे	gadeeche:2	gadiche:1
गाडीच्या	gadeechya:2	gadichya:1
गाडीत	gadeet:2	gadit:1
गाडे	gade:3
गाड्या	gadya:3
गाड्यांचा	gadyancha:4	guardyancha:1
गाड्यांचे	gadyanche:3	guardyanche:1
गाड्यांच्या	gadyanchya:3
गाड्यांमध्ये	gadyanmadhye:3
गाढ	gadh:2	gaadh:1
गाढवे	gaadhave:1	gadhave:1	gadhve:1
गाढे	gaadhe:2	gadhe:1
गाणार	ganaar:2	ganar:1
गाणी	ganee:2	gaani:1
गाणे	gane:4	gaane:2
गाणेही	ganehee:2	gaanehi:1	ganehi:1
गाण्यांची	ganyanchee:2	gaanyanchi:1	ganyanchi:1
गाण्यांच्या	ganyanchya:3	gaanyanchya:1
गाण्यांना	ganyanna:3	gaanyanna:1
गाण्यांवर	ganyanvar:3	gaanyanvar:1
गाण्याचा	ganyacha:3	gaanyacha:1
गाण्याची	ganyachee:2	gaanyachi:1
गाण्याचे	ganyache:3	gaanyache:1
गाण्याच्या	ganyachya:3	gaanyachya:1
गाण्याला	ganyala:3
गाण्यासाठी	ganyasathee:3
गात	gat:3
गाता	gata:3
गातात	gatat:3
गात्रे	gatre:3
गाथा	gatha:3
गादी	gadee:2	gadi:1
गादीवर	gadeevar:2	gadivar:1
गाभा	gabha:3
गाभारा	gabhara:3
गाभाऱ्यात	gabharyat:3
गामा	gama:5	gaama:2	gamaa:2
गाय	gay:2	gaay:1
गायक	gayak:3
गायकवाड	gayakwad:2	gayakvad:1
गायकही	gayakahi:2	gayakahee:1
गायकांची	gayakanchi:2	gayakanchee:1
गायकांना	gayakanna:3
गायकांनी	gayakanni:2	gayakannee:1
गायकाचा	gayakacha:3
गायकाच्या	gayakachya:3
गायकी	gayaki:2	gayakee:1
गायकीचे	gayakiche:2	gayakeeche:1
गायकीत	gayakit:2	gayakeet:1
गायचे	gayache:3	gaayache:1	gayche:1
गायत्री	gayatri:3	gayatree:2	gayatrii:1	gayetree:1
गायन	gayan:3
गायनाचे	gayanache:2	gayaneche:1
गायनाच्या	gayanachya:3
गायनात	gayanat:3
गायनाने	gayanane:3
गायनाला	gayanala:3
गायनासाठी	gayanasathi:2	gayanasathee:1
गायला	gayala:2	gayla:1
गायली	gayali:2	gayalee:1
गायले	gayale:3
गायलेली	gayaleli:2	gayalelee:1	gayleli:1
गायलेले	gayalele:2	gaylele:2
गायलेल्या	gayalelya:2	gaylelya:1
गायल्या	gayalya:3
गायिका	gayika:3
गायिलेली	gayileli:2	gayilelee:1
गायिलेल्या	gayilelya:3
गायी	gayi:2	gaayi:1	gayee:1
गायींना	gayinna:2	gayeenna:1
गायीची	gayichi:2	gayeechi:1
गायीच्या	gayichya:2	gayeechya:1
गार	gar:2	gaar:1
गारंबीचा	garambicha:3
गारगोटी	gargoti:2	gargotee:1
गारठा	garatha:2	garastha:1
गारदी	garadi:2	gardee:1	gardi:1
गारांचा	garancha:3
गारो	garo:3
गार्डन	garden:3	gardan:2	gardana:1	gardun:1
गार्डन्स	gardens:4	gardans:2	gardansa:1	gardansha:1
गाल	gal:3	gaal:1
गालगुंड	galgund:3	galgoond:1
गालिब	galib:3	gaalib:1
गाळ	gal:3	gaal:1
गाळण	galan:3
गाळले	galale:3
गाळाचे	galache:3
गाळात	galat:3
गाळाने	galane:3
गाळून	galun:2	galoon:1
गाळे	gale:3
गाव	gav:2	gaw:1
गावकरी	gavkaree:1	gavkari:1	gawakari:1
गावकऱ्यांकडून	gavkaryankadoon:1	gavkaryankadun:1	gawkaryankadun:1
गावगाडा	gavgada:2	gawgada:1
गावगुंड	gavgund:2	gavgunda:1
गावचा	gavacha:1	gavcha:1	gawcha:1
गावची	gavachi:1	gavchi:1	gawchi:1
गावचे	gavache:1	gavche:1	gawche:1
गावच्या	gaavchya:2	gavchya:2	gavachya:1	gawchya:1
गावठी	gavathi:1	gavthi:1	gawathi:1
गावपातळीपर्यंत	gavapataliparyant:1	gavpataliparyant:1	gavpataliparyanta:1
गावरान	gavran:2	gavaraan:1
गावस्कर	gavaskar:3
गावा	gava:3
गावांचा	gavancha:3
गावांची	gavanchi:3
गावांचे	gavanche:3
गावांच्या	gavanchya:3
गावांत	gavant:3
गावांतील	gavantil:3	gavanteel:1
गावांतून	gavantun:3
गावांना	gavanna:3
गावांमध्ये	gavanmadhye:2	gawanmadhye:1
गावाकडे	gavakade:2	gawakade:1
गावागावातून	gavagavatun:2	gawagawatun:1
गावाचा	gavacha:2	gawacha:1
गावाची	gavachi:2	gawachi:1
गावाचे	gavache:2	gawache:1
गावाच्या	gavachya:2	gawachya:1
गावाजवळ	gavajaval:2	gawajawal:1
गावाजवळील	gavajavalil:2	gawajawalil:1
गावात	gavat:2	gawat:1
गावातल्या	gavatalya:2	gawatlya:1
गावातील	gavatil:2	gawatil:1
गावातीलच	gavatilach:2	gawatilach:1
गावातून	gavatun:2	gawatun:1
गावानजीक	gavanajik:2	gawanajik:1
गावापासून	gavapasun:2	gawapasun:1
गावाबाहेर	gavabaher:2	gawabaher:1
गावामधील	gavamadhil:3
गावामध्ये	gavamadhye:3
गावालगत	gavalagat:3
गावाला	gavala:3
गावाशी	gavashi:3
गावित	gavit:3
गाविलगड	gavilgad:2	gavilagad:1
गावी	gavi:3
गावे	gave:3
गावोगाव	gavogav:3
गावोगावी	gavogavi:3
गिधाड	gidhad:3
गिधाडांची	gidhadanchi:3
गिधाडांचे	gidhadanche:3
गिधाडांच्या	gidhadanchya:3
गिधाडांना	gidhadanna:2	gadhadanna:1
गिधाडे	gidhade:2	gadhade:1
गिनी	gini:4	geeni:1	geenii:1	giinee:1
गिफ्ट	gift:4	geaft:1	geapht:1	geeft:1
गिब्सन	gibson:4	gibsan:1	gybsan:1	gybson:1
गिरक्या	girakya:2	garakya:1
गिरगाव	giragav:1	girgaon:1	girgav:1
गिरगावातील	giragavatil:1	girgavateel:1	girgavatil:1
गिरणगाव	girangav:3
गिरणी	girani:2	girnee:1
गिरणीतून	giranitun:2	girneetoon:1
गिरण्या	giranya:2	girnya:1
गिरनार	girnar:2	giranar:1
गिरवले	giravale:2	girvale:1
गिरिजा	girija:3
गिरिराज	giriraj:3
गिरिश	girish:3
गिरी	giri:3	geari:1	geeri:1	geerii:1
गिरीजा	girija:2	gireeja:1
गिरीश	girish:3
गिर्यारोहक	giryarohak:2	girryarohak:1
गिर्यारोहण	giryarohan:3
गिळतो	gilato:3
गीत	geet:2	git:3	giit:1	giita:1
गीतकार	geetkar:1	gitakar:1	gitkar:1
गीतरामायणाचे	geetramayanache:1	gitaramayanache:1	gitramayanache:1
गीता	gita:4	geeta:2	giita:1	giitaa:1
गीतांची	gitanchi:2	geetanchi:1
गीतांच्या	gitanchya:2	geetanchya:1
गीतांजली	gitanjali:2	geetanjali:1
गीतांमध्ये	geetanmadhe:1	gitanmadhye:1	gitnmadhye:1
गीताच्या	gitachya:2	geetachya:1
गीतातून	gitatun:2	geetatun:1
गीताने	gitane:2	geetane:1
गीतारहस्य	geetarahasya:1	gitarahasy:1	gitarahasya:1
गीतासाठी	gitasathi:2	geetasathi:1
गीते	geete:3	gite:2
गीतेचे	giteche:2	geeteche:1
गीतेला	gitela:2	geetela:1
गीर	gir:2	geer:1
गुंग	gung:3
गुंगला	gungala:3
गुंगारा	gungara:3
गुंगी	gungi:3
गुंज	gunj:3
गुंजवणी	gunjavani:2	gunjvani:1
गुंजारव	gunjarav:3
गुंजाळ	gunjal:3
गुंटुर	guntur:3
गुंड	gund:3
गुंडांचा	gundancha:3
गुंडांना	gundanna:3
गुंडाळून	gundalun:3
गुंडू	gundu:3
गुंतता	guntata:3
गुंतली	guntali:3
गुंतलो	guntalo:3
गुंतवणुकीचे	guntavanookeeche:1	guntavanukiche:1	guntavnukiche:1
गुंतवणुकीच्या	guntavanookeechya:1	guntavanukichya:1	guntavnukichya:1
गुंतवणूक	guntavanook:1	guntavanuk:1	guntavnuk:1
गुंतवले	guntavale:2	guntavle:1
गुंतविले	guntavile:2	guntvile:1
गुंता	gunta:3
गुंतागुंत	guntagunt:3
गुंतागुंती	guntaguntee:2	guntagunti:1
गुंतागुंतीचा	guntagunteecha:2	guntagunticha:1
गुंतागुंतीची	guntagunteechee:2	guntaguntichi:1
गुंतागुंतीचे	guntagunteeche:2	guntaguntiche:1
गुंतागुंतीच्या	guntagunteechya:2	guntaguntichya:1
गुंतून	guntoon:2	guntun:1
गुंफण	gumfan:2	gunfan:1
गुंफले	gumfale:2	gunfale:1
गुंफलेल्या	gumfalelya:2	gunfalelya:1
गुंफा	gumfa:2	gunfa:1
गुंफून	gumfoon:2	gunfun:1
गुगल	google:5	gugal:2
गुगलच्या	googlechya:1	gugalachya:1	gugalchya:1
गुग्गुळ	guggal:2	guggul:1
गुजर	gujar:4
गुजरात	gujarat:3	gaajaraat:1	goojaraat:1	goojaraet:1
गुजरातकडे	gujaratkade:2	gujratkade:1
गुजरातचा	gujaratcha:2	gujratcha:1
गुजरातच्या	gujaratchya:2	gujratchya:1
गुजरातपासून	gujaratpasoon:1	gujaratpasun:1	gujratpasun:1
गुजरातमधील	gujaratmadheel:1	gujaratmadhil:1	gujratmadhil:1
गुजरातमध्ये	gujaratmadhye:2	gujratmadhye:1
गुजराती	gujaratee:2	gujarati:2	gujaraatee:1	gujaraati:1
गुजराथी	gujarathi:2	gujarathee:1
गुजराल	gujral:2	gujaral:1
गुजरी	gujari:2	gujaree:1
गुड	good:3	gud:3	gaad:1
गुडगाव	gudgav:2	gudgao:1
गुडघे	gudaghe:3
गुडघ्यात	gudaghyat:3
गुडविन	gaadwean:1	gaadwin:1	goodvean:1	goodvin:1
गुडी	gudi:4	gaadie:1	goodie:1	goodiie:1
गुढीपाडव्याला	gudheepadavyala:1	gudhipadawyala:1	gudhipadvyala:1
गुण	goon:5	gun:3
गुणकारी	gunakaree:1	gunakari:1	gunkari:1
गुणगान	gunagan:1	gungaan:1	gungan:1
गुणदोष	gunadosh:2	gundosh:1
गुणधर्म	gunadharm:1	gunadharma:1	gundharm:1
गुणधर्माचे	gundharmache:2	gunadharmache:1
गुणवंत	gunavant:2	gunvant:1
गुणवत्ता	gunavatta:2	gunvatta:1
गुणवत्तापूर्ण	gunavattapoorn:1	gunavattapurna:1	gunvattapurna:1
गुणवत्तेच्या	gunavattechya:2	gunvattechya:1
गुणवत्तेत	gunavattet:2	gunvattet:1
गुणवैशिष्ट्ये	gunavaishishtye:3
गुणसूत्रे	gunasutre:2	gunasootre:1
गुणा	guna:3
गुणांचा	gunancha:3
गुणांचे	gunanche:3
गुणांच्या	gunanchya:3
गुणांना	gunanna:3
गुणांनी	gunannee:2	gunanni:1
गुणांसह	gunansah:3
गुणाकार	gunakar:3
गुणाचा	gunacha:3
गुणात्मक	gunatmak:3
गुणी	gunee:2	guni:1
गुणोत्तर	gunottar:3
गुदगुल्या	gudgulya:3
गुन्हा	gunha:3
गुन्हे	gunhe:3
गुन्हेगार	gunhegar:3
गुन्हेगारी	gunhegari:2	gunhegaree:1
गुन्हेगारीवर	gunhegareevar:1	gunhegari:1	gunhegarivar:1
गुन्ह्याची	gunhyachee:2	gunhyachi:1
गुपचुप	gupchup:2	gupachup:1
गुप्त	gupt:3
गुप्तचर	guptachar:2	guptchar:1
गुप्तपणे	guptapane:2	guptpane:1
गुप्तहेर	guptaher:2	gupther:1
गुप्ता	gupta:4	goopta:1
गुप्ते	gupte:3
गुरफटून	gurfatun:2	gurfatoon:1
गुरव	gurav:3
गुरांचा	gurancha:3
गुरांचे	guranche:3
गुरांच्या	guranchya:3
गुराखी	gurakhi:2	gurakhee:1
गुरु	guru:3
गुरुंची	gurunchi:2	gurunchee:1
गुरुकिल्ली	gurukilli:2	gurukillee:1
गुरुकुल	gurukul:3
गुरुचरित्र	gurucharitra:3
गुरुची	guruchi:3	guruchee:1
गुरुजी	guruji:3	gurujee:1
गुरुजींच्या	gurujinchya:3	gurujeenchya:1
गुरुजींनी	gurujinni:2	gurujeenni:1
गुरुत्व	gurutva:3
गुरुत्वाकर्षण	gurutvakarshan:3
गुरुत्वाकर्षणाचा	gurutvakarshanacha:3
गुरुत्वाकर्षणाच्या	gurutvakarshanachya:3
गुरुत्वाकर्षणामुळे	gurutvakarshanamule:2	gurutvakarshnamule:1
गुरुदक्षिणा	gurudakshina:3
गुरुदेव	gurudev:3
गुरुद्वारा	gurudwara:3	gurudvara:2	gaarudwara:1	goorudvara:1
गुरुनाथ	gurunath:3
गुरुनानक	gurunanak:3
गुरुबंधू	gurubandhu:2	gurubandhoo:1
गुरुवार	guruvar:3
गुरुवारी	guruvari:2	guruvaree:1
गुरू	guru:3	guroo:2	gooroo:1	guruu:1
गुरूंचे	gurunche:3
गुरूंच्या	gurunchya:3
गुरूची	guruchi:3	guruchee:1
गुरूच्या	guruchya:3
गुरूजी	guruji:2	gurooji:1	gurujee:1
गुरूदत्त	guroodatta:1	gurudatt:1	gurudutt:1
गुरे	gure:3
गुर्जर	gurjar:3
गुल	gul:4	gool:1	gula:1
गुलछडी	gulchadi:1	gulchhadi:1	gulchhdee:1
गुलजार	guljar:2	gulzar:2	gulazar:1
गुलबर्गा	gulbarga:3
गुलाब	gulab:3
गुलाबराव	gulabrao:2	gulabrav:1
गुलाबाची	gulabachi:2	gulabachee:1
गुलाबाच्या	gulabachya:3
गुलाबी	gulabi:2	gulabee:1
गुलाम	gulam:3
गुलामगिरी	gulamgiri:2	gulamagiri:1	gulamgiree:1
गुलामगिरीला	gulamgirila:2	gulamagirila:1	gulamgireela:1
गुलाल	gulal:3
गुळगुळीत	gulagulit:2	gulguleet:1	gulgulit:1
गुवाहाटी	guvahatee:3	guvahati:1	guvahatii:1	guvaheti:1
गुहा	guha:3
गुहांमध्ये	guhanmadhye:3
गुहागर	guhagar:3
गुहेकडे	guhekade:3
गुहेचे	guheche:3
गुहेत	guhet:3
गुहेतील	guheteel:3
गूगल	google:4	googal:3
गूड	good:3
गूढ	goodh:3
गूळ	gool:2	gul:1
गृह	gruh:3
गृहनिर्माण	gruhnirman:2	grihnirman:1
गृहपाठ	gruhpath:2	grihpath:1
गृहमंत्रालयाने	gruhmantralayane:2	grihmantralayane:1
गृहमंत्री	grihmantri:1	gruhmantree:1	gruhmantri:1
गृहस्थ	grihasth:1	gruhastha:1	gruhsth:1
गृहस्थाश्रमी	gruhasthashramee:1	gruhasthashrami:1	gruhsthashramee:1
गृहाची	gruhachee:2	gruhachi:1
गृहिणी	gruhinee:2	gruhini:1
गृहिणींना	gruhineenna:2	gruhininna:1
गृहित	gruhit:3
गृहीत	gruheet:2	gruhit:1
गृहे	gruhe:3
गॅटविक	gatavik:1	gataviq:1	gatawik:1	gatveak:1
गॅप	gap:4	gyap:2	gaep:1
गॅरी	garry:4	gari:2	garii:2	gary:2
गॅलरी	galari:3	galarii:3	gallary:2	gaiilarii:1
गॅलिलिओ	galileo:3	gaelilio:1
गॅस	gas:3	gaes:2	gais:1	gaish:1
गॅसचा	gascha:2	gaescha:1
गॅसवर	gasvar:2	gaesvar:1
गे	ge:4	gay:3	gai:1	gaii:1
गेज	guage:2	gaze:1	gej:1
गेट	gatai:1	gatee:1	gatei:1	gatey:1
गेट्स	gates:3	gets:2	gaits:1	gatees:1
गेम	gamai:1	game:1	gamee:1	gameey:1
गेयता	geyata:2	geyta:1
गेल	gail:1	geel:1	geela:1	gel:1
गेलं	gela:1	gelam:1	geln:1
गेला	gela:3
गेली	geli:2	gelee:1
गेलीच	gelich:2	geleech:1
गेले	gele:3
गेलेला	gelela:3
गेलेली	geleli:4	gelelee:2
गेलेले	gelele:3
गेलेल्या	gelelya:3
गेलो	gelo:3
गेल्या	gelya:3
गेल्याचे	gelyache:3
गेल्यानंतर	gelyanantar:3
गेल्याने	gelyane:3
गेल्यामुळे	gelyamule:3
गेल्यावर	gelyawar:3	gelyavar:3
गेल्यास	gelyas:3
गैर	gair:3
गैरवर्तन	gairvartan:3
गैरव्यवहार	gairvyavhar:2	gairvyavahar:1
गैरसमज	gairsamaj:3
गॉट	got:4	gat:1
गॉड	gad:1	gaud:1	god:1
गॉथिक	gathic:1	gathik:1	gathiq:1	gethik:1
गॉल	gol:3	gal:1	gall:1	gaul:1
गॉस्पेल	gospel:3	gospell:1
गो	go:3
गोंड	gond:3
गोंडवाना	gondavana:1	gondvana:1	gondwana:1
गोंडस	gondas:3
गोंडा	gonda:3
गोंडी	gondi:2	gondee:1
गोंडे	gonde:3
गोंद	gond:3
गोंदण	gondan:3
गोंदवले	gondavale:2	gondvale:1
गोंदवलेकर	gondavalekar:2	gondvalekar:1
गोंदिया	gondia:2	gondiya:1
गोंधळ	gondhal:3
गोंधळी	gondhali:3	gondhalee:1
गोकुळातील	gokulatil:2	gokulateel:1
गोकुळी	gokuli:3	gokulee:2
गोखले	gokhale:3
गोगटे	gogate:3
गोगलगाय	gogalgay:3
गोगलगायी	gogalgayi:2	gogalgai:1
गोजमगुंडे	gojamgunde:3
गोठते	gothate:3
गोठलेल्या	gothalelya:2	gothlelya:1
गोठून	gothun:3
गोड	god:5
गोडधोड	goddhod:2	godadhod:1
गोडबोले	godbole:3
गोडसर	godsar:3
गोडसे	godse:3
गोडी	godi:2	godee:1
गोडे	gode:3
गोडेतेल	godetel:3
गोड्या	godya:4
गोत्र	gotra:3
गोत्रे	gotre:3
गोदरेज	godrej:3
गोदान	godan:2	godaan:1	godown:1
गोदाम	godam:3	godaam:1
गोदावरी	godavari:3	godawari:2	godavaree:1	godavarii:1
गोदावरीच्या	godavarichya:2	godavareechya:1
गोदी	godee:2	godi:2
गोधड्या	godhadya:3
गोपनीयता	gopaneeyta:1	gopaniyata:1	gopneeyata:1	gopneeyta:1
गोपाल	gopal:3
गोपालकृष्ण	gopalakrushna:1	gopalkrishna:1	gopalkrushn:1
गोपाला	gopala:3
गोपाळ	gopal:4	goopal:1	goopala:1	gopala:1
गोपाळराव	gobpalarav:1	gopalarao:1	gopalrao:1	gopalrav:1
गोपाळा	gopala:3
गोपिकाबाई	gopikabai:3
गोपीनाथ	gopinath:2	gopeenath:1
गोपुर	gopur:3
गोफ	gof:4	goff:1	goof:1	gooff:1
गोबी	gobi:1	gobii:1	goobi:1
गोम	gom:3
गोमंतक	gomantak:3
गोमंतकीय	gomantkeey:2	gomantakiya:1
गोमय	gomay:3
गोमूत्र	gomootr:1	gomootra:1	gomutra:1
गोयंका	goyanka:3
गोयल	goyal:4	goail:1	goel:1	gooail:1
गोरक्षनाथ	gorakshanath:2	gorakshnath:1
गोरक्षनाथांनी	gorakshanathanni:2	gorakshnathannee:1
गोरखनाथ	gorakhnath:2	gorakshnath:1
गोरखपूर	gorakhpur:3	gorakhpoor:2	goorakhapur:1	goorakhpoor:1
गोरज	goraj:3
गोरा	gora:3
गोराई	gorai:3
गोरे	gore:4	goore:1	goorey:1	goree:1
गोरेगाव	goregav:2	goregaon:1
गोरेगावकर	goregavkar:2	goregaokar:1
गोऱ्या	gorya:3
गोल	gol:3	goal:1
गोलंदाज	golandaj:3
गोलंदाजाने	golandajane:3
गोलंदाजी	golandaji:2	golandajee:1
गोलंदाजीचे	golandajiche:3	golandajeeche:1
गोलंदाजीत	golandajit:2	golandajeet:1
गोलंदाजीवर	golandajivar:3	golandajeevar:1
गोलगोल	golgol:3
गोलच्या	goalchya:2	golchya:2
गोलमेज	golmej:3
गोलरक्षक	golrakshak:2	goalrakshak:1
गोलाकार	golakar:2	golakaar:1
गोलार्धात	golardhat:2	golardhaat:1
गोलार्धातील	golardhatil:2	golardhateel:1
गोल्ड	gold:2	goold:2
गोल्डन	golden:4	goldan:1	goldun:1	gooldan:1
गोळवलकर	golavalkar:2	golvalkar:1
गोळा	gola:3
गोळी	goli:2	golee:1
गोळीने	goline:2	goleene:1
गोळीबार	golibar:2	goleebar:1
गोळीबारात	golibarat:2	goleebarat:1
गोळीबारामुळे	golibaramule:2	goleebaramule:1
गोळे	gole:3
गोळ्या	golya:4
गोळ्यांना	golyanna:3
गोळ्यावर	golyavar:3
गोवंडी	govandi:2	govandee:1
गोवर	govar:3
गोवर्धन	govardhan:3
गोवले	govale:3
गोवा	goa:2	gova:2
गोवारीकर	govarikar:2	gowarikar:1
गोविंद	govind:4	goovind:1	goovinda:1	govinda:1
गोविंदराव	govindrao:3
गोविंदसिंग	gobindsingh:1	govindsing:1	govindsingh:1
गोविंदा	govinda:4	goovinda:1	gowinda:1
गोविंदाने	govindane:3
गोवे	gove:4	goove:1	gooway:1	goowey:1
गोव्याचे	govyache:3	goache:1
गोव्याच्या	govyachya:3	goachya:1
गोव्यात	govyat:3	goat:1
गोव्यातले	govyatale:2	govyatle:1
गोव्यातील	govyatil:2	govyateel:1
गोव्याला	govyala:3
गोष्ट	goshta:2	gosht:2
गोष्टी	goshti:9	goshtee:2
गोष्टींचा	goshteencha:2	goshtincha:1
गोष्टींची	goshteenchee:2	goshtinchi:1
गोष्टींचे	goshteenche:2	goshtinche:1
गोष्टींच्या	goshteenchya:2	goshtinchya:1
गोष्टींना	goshteenna:2	goshtinna:1
गोष्टींमध्ये	goshteenmadhye:2	goshtinmadhye:2
गोष्टींवर	goshteenvar:2	goshtinvar:2
गोष्टींविषयी	goshteenvishayee:2	goshtinvishayi:2
गोष्टींसाठी	goshtinsathi:2	goshtinsaathi:1
गोष्टीचा	goshticha:3
गोष्टीची	goshtichi:2	goshtichee:1
गोष्टीत	goshtit:2	goshteet:1
गोष्टीने	goshtine:3
गोष्टीही	goshtihi:3
गोसाई	gosai:3
गोसावी	gosavi:3
गोसेवा	goseva:3
गोस्वामी	goswami:3
गौड	gaud:2	goud:1
गौडा	gauda:3	gawda:1	gouda:1	govda:1
गौण	gaun:2	goun:1
गौतम	gautam:2	goutam:1
गौतमाने	gautamane:2	goutamane:1
गौतमी	gautami:2	goutami:1
गौतमीपुत्र	gautamiputra:2	goutamiputra:1
गौर	gaur:3	gour:2
गौरव	gaurav:2	gourav:1
गौरवपूर्ण	gauravpurna:2	gouravpurn:1
गौरवशाली	gauravshali:2	gouravshali:1
गौरविण्यात	gauravinyat:2	gouravinyat:1
गौरविले	gauravile:2	gouravile:1
गौरवोद्गार	gauravodgar:2	gourvodgar:1
गौरी	gauri:3	gaauri:1	gaurii:1	goauri:1
गौरीला	gaurila:3
गौरीशंकर	gaurishankar:3
गौळण	gaulan:3
ग्रँट	grant:3
ग्रंथ	grantha:9	granth:2
ग्रंथकार	granthkar:2	granthakar:1
ग्रंथनिर्मिती	granthnirmiti:2	granthanirmiti:1
ग्रंथपाल	granthpal:2	granthapal:1
ग्रंथसंपदा	granthsampada:3
ग्रंथही	granthahi:2	granthhi:1
ग्रंथांचा	granthancha:3
ग्रंथांची	granthanchi:3
ग्रंथांचे	granthanche:3
ग्रंथांच्या	granthanchya:3
ग्रंथांना	granthanna:3
ग्रंथांमध्ये	granthanmadhye:3
ग्रंथांवर	granthanvar:3
ग्रंथाचा	granthacha:3
ग्रंथाची	granthachi:3	granthachee:1
ग्रंथाचे	granthache:3
ग्रंथाच्या	granthachya:3
ग्रंथात	granthat:2	granthaat:1
ग्रंथातही	granthatahi:3
ग्रंथातील	granthateel:2	granthatil:1
ग्रंथातून	granthatun:2	granthatoon:1
ग्रंथामध्ये	granthamadhye:3
ग्रंथामुळे	granthamule:3
ग्रंथालय	granthalay:4	granthalaya:2
ग्रंथालयांचे	granthalayanche:3
ग्रंथालयाचा	granthalayacha:3
ग्रंथालयाच्या	granthalayachya:3
ग्रंथालयात	granthalayat:3
ग्रंथालयाला	granthalayala:3
ग्रंथालये	granthalaye:3
ग्रंथाला	granthala:3
ग्रंथाली	granthali:2	granthalee:1
ग्रंथावर	granthavar:3
ग्रंथास	granthas:3
ग्रंथासाठी	granthasathi:2	granthasathee:1
ग्रंथी	granthi:2	granthee:1
ग्रंथींना	granthinna:2	grantheenna:1
ग्रंथीचा	granthicha:2	grantheecha:1
ग्रंथीतून	granthitun:2	grantheetoon:1
ग्रन्थ	granth:2	grantha:1
ग्रस्त	grast:2	grasta:1
ग्रह	graha:2	grah:2
ग्रहण	grahan:3
ग्रहांची	grahanchi:2	grahanchee:1
ग्रहांचे	grahanche:3
ग्रहांच्या	grahanchya:3
ग्रहांना	grahanna:3
ग्रहांवर	grahanvar:3
ग्रहाचा	grahacha:3
ग्रहाची	grahachi:2	grahachee:1
ग्रहाचे	grahache:3
ग्रहाच्या	grahachya:3
ग्रहात	grahat:3
ग्रहाला	grahala:3
ग्रहावर	grahavar:3
ग्राउंड	ground:3	graund:2	graunda:1
ग्राफ	graaf:1	graaph:1	graf:1	grafa:1
ग्राफिकल	graphical:3	grafical:1	grafikal:1	grafikala:1
ग्राफिक्स	grafics:1	graficx:1	grafiks:1	grafiksa:1
ग्राम	gram:4	grama:1
ग्रामदेवता	gramdevata:2	gramdevta:1
ग्रामदैवत	gramdaivat:3
ग्रामपंचायत	grampanchayat:3
ग्रामपंचायतीची	grampanchayatichi:1	grampanchayatinchi:1	grampanchaytichi:1
ग्रामपंचायतीचे	grampanchayatiche:2	grampanchaytiche:1
ग्रामपंचायतीमध्ये	grampanchayatimadhye:2	grampanchaytimadhye:1
ग्रामपंचायतीमार्फत	grampanchayatimarfat:2	grampanchaytimarfat:1
ग्रामविकास	gramvikas:3
ग्रामसभा	gramsabha:3
ग्रामसभेच्या	gramsabhechya:3
ग्रामस्थ	gramsth:2	gramasth:1
ग्रामस्थांचा	gramsthancha:3
ग्रामीण	gramin:3	grameen:1
ग्राहक	grahak:3
ग्राहकांच्या	grahakanchya:2	grahkanchya:1
ग्राहकांना	grahakanna:2	grahkanna:1
ग्राहकांशी	grahakanshee:1	grahakanshi:1	grahkanshee:1
ग्राहकास	grahakas:2	grahkas:1
ग्राह्य	grahya:4
ग्रीक	greek:3	gric:1	griic:1	griik:1
ग्रीकांना	greekanna:3
ग्रीटिंग	greatiing:1	greatin:1	greating:1	greetiing:1
ग्रीन	grean:1	green:1	gren:1	griin:1
ग्रीनलँड	greenland:1	griinalanda:1	griinland:1	grinaland:1
ग्रीनविच	greenvich:1	greenwich:1	greenwiich:1	griinaviich:1
ग्रीस	greece:3
ग्रीसचा	greececha:3
ग्रीसचे	greeceche:3
ग्रीसच्या	greecechya:3
ग्रीसने	greecene:3
ग्रीसमधील	greecemadhil:2	greecemadheel:1
ग्रीसमध्ये	greecemadhye:3
ग्रीसवर	greecevar:3
ग्रुप	group:4	graup:1	grup:1
ग्रुपच्या	groupchya:3
ग्रुपने	groupne:3
ग्रूप	group:2	groop:1
ग्रूपचे	groupche:2	groopache:1
ग्रूपच्या	groupchya:2	groopachya:1
ग्रूप्स	groups:2	groops:1
ग्रॅम	gram:3
ग्रॅमी	grami:2	gramii:2	gramy:2	gryami:2
ग्रॅहम	graham:4	graaham:1	grahama:1	graiham:1
ग्रेग	greg:5	greeg:3	grag:1	graig:1
ग्रेगरी	gregari:2	gregaree:1
ग्रेट	great:5	gret:3	grait:2	greeat:2
ग्रेटर	greater:3	gretar:2	gratar:1	grateer:1
ग्रेनेडा	greenada:1	greeneeda:1	grenada:1	greneda:1
ग्रेस	gres:2	grace:1
ग्रॉस	gras:1	grass:1	gros:1	gross:1
ग्रो	grow:2	gro:1
ग्रोथ	growth:2	groth:1
ग्लास	glass:4	glas:2	glasa:1
ग्लासगो	glasago:1	glasagoo:1	glasgo:1	glasgoo:1
ग्लिसरीन	glycerin:3	gliisariin:1	glisareen:1	glisarin:1
ग्लूकोज	glucose:2	glookoj:1
ग्लेन	glen:4	glain:2	gleen:2	glenn:2
ग्लो	glow:2	glo:1
ग्लोबल	global:4	gloobal:1
ग्लोरिया	glooria:1	glooriya:1	gloria:1	gloriya:1
ग्वाटेमाला	gvatemala:2	guatemala:1
ग्वाल्हेर	gvalher:2	gwalior:1
ग्वाल्हेरचे	gvalherache:1	gvalherche:1	gwaliorche:1
ग्वाल्हेरच्या	gvalherachya:1	gvalherchya:1	gwaliorchya:1
ग्वाल्हेरला	gvalherala:1	gvalherla:1	gwaliorla:1
ग्वाही	gvahi:2	gvahee:1	gwahi:1
घंटा	ghanta:3
घंटेचा	ghantecha:3
घट	ghat:3
घटक	ghatak:3
घटकही	ghatakahi:2	ghatakahee:1
घटकांचा	ghatakancha:3
घटकांची	ghatakanchi:2	ghatakanchee:1
घटकांचे	ghatakanche:3
घटकांच्या	ghatakanchya:2	ghatkanchya:1
घटकांतील	ghatakanteel:1	ghatakantil:1	ghatkanteel:1
घटकांना	ghatakanna:2	ghatkanna:1
घटकांवर	ghatakanvar:2	ghatkanvar:1
घटकाचे	ghatakache:2	ghatkache:1
घटकात	ghatakat:2	ghatkat:1
घटकाभर	ghatakabhar:2	ghatkabhar:1
घटकेला	ghatkela:2	ghatakela:1
घटणे	ghatane:2	ghatne:1
घटते	ghatate:3
घटना	ghatana:8	ghatna:3
घटनांचा	ghatnancha:2	ghatanancha:1
घटनांची	ghatananchi:2	ghatnanchee:1
घटनांचे	ghatananche:2	ghatnanche:1
घटनांवर	ghatananvar:2	ghatnanvar:1
घटनाक्रम	ghatanakram:2	ghatnakram:1
घटनात्मक	ghatanatmak:2	ghatnatmak:1
घटने	ghatane:2	ghatne:1
घटनेचा	ghatanecha:2	ghatnecha:1
घटनेची	ghatanechee:1	ghatanechi:1	ghatnechi:1
घटनेचे	ghataneche:2	ghatneche:1
घटनेच्या	ghatanechya:2	ghatnechya:1
घटनेत	ghatanet:2	ghatnet:1
घटनेनंतर	ghatanenantar:2	ghatnenantar:1
घटनेने	ghatanene:2	ghatnene:1
घटनेमध्ये	ghatanemadhye:2	ghatnemadhye:1
घटनेमुळे	ghatanemule:2	ghatnemule:1
घटनेस	ghatanes:2	ghatnes:1
घटप्रभा	ghatprabha:2	ghataprabha:1
घटला	ghatala:2	ghatla:1
घटस्थापना	ghatasthapana:2	ghatsthapna:1
घटस्फोट	ghatsfot:2	ghatasfot:1	ghatsphot:1
घटांची	ghatanchee:2	ghatanchi:1
घटिका	ghatika:3
घट्ट	ghatt:3
घडण	ghadan:3
घडणाऱ्या	ghadanarya:2	ghadnarya:1
घडत	ghadat:3
घडतात	ghadatat:2	ghadtat:1
घडताना	ghadatana:2	ghadtana:1
घडते	ghadate:2	ghadte:1
घडलं	ghadalam:2	ghadaln:1
घडला	ghadala:2	ghadla:1
घडली	ghadalee:1	ghadali:1	ghadlee:1
घडले	ghadale:3
घडलेली	ghadalelee:1	ghadaleli:1	ghadlelee:1
घडलेले	ghadalele:2	ghadlele:1
घडलेल्या	ghadalelya:2	ghadlelya:1
घडल्या	ghadalya:2	ghadlya:1
घडल्याची	ghadalyachee:1	ghadalyahi:1	ghadlyachee:1
घडल्यानंतर	ghadalyanantar:2	ghadlyanantar:1
घडवणे	ghadavane:2	ghadvane:1
घडवण्यासाठी	ghadavanyasathee:1	ghadavanyasathi:1	ghadavnyasathee:1
घडवता	ghadavata:2	ghadvata:1
घडवते	ghadavate:2	ghadvate:1
घडवतो	ghadavato:2	ghadavto:1
घडवला	ghadavala:2	ghadvala:1
घडवली	ghadavalee:1	ghadavali:1	ghadvalee:1
घडवले	ghadavale:2	ghadavle:1
घडविण्याच्या	ghadavinyachya:1	ghadavinyat:1	ghadvinyachya:1
घडविले	ghadavile:2	ghadvile:1
घडविलेले	ghadavilele:2	ghadvilele:1
घडवून	ghadavun:2	ghadavoon:1	ghadvoon:1	ghadvun:1
घडामोडी	ghadamodi:2	ghadamodee:1
घडामोडींचा	ghadamodincha:2	ghadamodeencha:1
घडामोडींची	ghadamodinchi:2	ghadamodeenchee:1
घडी	ghadee:2	ghadi:2
घडीला	ghadila:3	ghadeela:1
घडीव	ghadiv:2	ghadeev:1
घडून	ghadun:2	ghadoon:2
घडेल	ghadel:3
घड्या	ghadya:3
घड्याळ	ghadyal:5
घन	ghan:3
घनकचरा	ghankachara:2	ghanakachara:1
घनघोर	ghanghor:2	ghanaghor:1
घनता	ghanata:3
घनदाट	ghanadat:2	ghandat:2
घनरूप	ghanaroop:1	ghanroop:1	ghanrup:1
घनश्याम	ghanshyam:2	ghanashyaam:1	ghanashyam:1
घनसावंगी	ghanasavangee:1	ghansangvee:1	ghansavangi:1
घनिष्ट	ghanisht:2	ghanishta:1
घनिष्ठ	ghanishth:2	ghanishtha:1
घनी	ghanee:2	ghani:1
घबराट	ghabarat:2	ghabrat:1
घर	ghar:4	ghr:1	ghur:1	jhar:1
घरंदाज	gharandaj:3
घरकाम	gharkam:2	gharakam:1
घरकुल	gharkul:2	gharakul:1
घरगुती	gharguti:2	gharagutee:2
घरघर	gharaghar:2	gharghar:1
घरची	gharachee:2	gharachi:1
घरचे	gharache:2	gharche:1
घरच्या	gharchya:2	gharachya:1
घरटी	gharatee:1	gharati:1	gharti:1
घरटे	gharate:2	gharte:1
घरपट्टी	gharpatti:3	gharapatti:1
घरपोच	gharpoch:3	gharapoch:1
घरबांधणी	gharbandhani:2	gharabandhani:1	gharabhandhanee:1
घरांची	gharanchi:2	gharanchee:1
घरांच्या	gharanchya:3
घरांत	gharant:3
घरांमध्ये	gharanmadhye:3
घरांसाठी	gharansathee:2	gharansathi:1
घराघरांत	gharagharant:3
घराचा	gharacha:3
घराची	gharachee:2	gharachi:1
घराचे	gharache:3
घराच्या	gharachya:3
घराणी	gharanee:2	gharani:1
घराणे	gharane:3
घराण्यांचा	gharanyancha:3
घराण्यांची	gharanyanchee:2	gharanyanchi:1
घराण्यांनी	gharanyannee:2	gharanyanni:1
घराण्याचा	gharanyacha:3
घराण्याची	gharanyachee:2	gharanyachi:1
घराण्याचे	gharanyache:3
घराण्याच्या	gharanyachya:3
घराण्यात	gharanyat:3
घराण्यातील	gharanyatil:2	gharanyateel:1
घराण्याशी	gharanyashi:2	gharanyashee:1
घरात	gharat:3
घरातच	gharatach:3
घरातला	gharatala:3
घरातल्या	gharatalya:3
घरातील	gharatil:2	gharateel:1
घरातून	gharatoon:2	gharatun:1
घरातूनच	gharatoonach:2	gharatunach:1
घरापासून	gharapasoon:2	gharapasun:1
घरापुढे	gharapudhe:3
घराबाहेर	gharabaher:3
घरामधील	gharamadhil:2	gharamadheel:1
घराला	gharala:3
घरावर	gharavar:3
घराशी	gharashi:2	gharashee:1
घरी	ghari:2	gharee:1
घरीच	gharich:2	ghareech:1
घरे	ghare:4
घरोघर	gharoghar:3
घरोघरी	gharoghari:3
घर्षण	gharshan:3
घर्षणामुळे	gharshanamule:3
घळ	ghal:3
घळीत	ghaleet:2	ghalit:2
घशात	ghashat:2	ghashaat:1
घसरण	ghasaran:3
घसरत	ghasarat:3
घसरते	ghasarate:3
घसरली	ghasaralee:2	ghasarali:1
घसरले	ghasarale:3
घसरू	ghasaroo:2	ghasaru:1
घसरून	ghasaroon:2	ghasarun:1
घसा	ghasa:3
घागर	ghagar:3
घागरीत	ghagarit:2	ghagareet:1
घागरे	ghagare:3
घाट	ghat:4	ghaat:1	ghata:1
घाटकोपर	ghatkopar:3
घाटगे	ghatage:2	ghatge:1
घाटपांडे	ghatpande:2	ghatapande:1
घाटाच्या	ghatachya:3
घाटात	ghatat:3
घाटातील	ghatateel:2	ghatatil:1
घाटातून	ghatatoon:2	ghatatun:1
घाटामध्ये	ghatamadhye:3
घाटावर	ghatavar:3
घाटे	ghate:3
घाडगे	ghadage:2	ghadge:1
घाण	ghan:3
घाणेकर	ghanekar:3
घाणेरड्या	ghaneradya:2	ghanerdya:1
घात	ghat:3
घातक	ghatak:3
घातला	ghatala:2	ghatla:1
घातली	ghaatli:1	ghatali:1	ghatli:1
घातले	ghatale:2	ghaatle:1
घातलेला	ghatlela:2	ghaatlela:1	ghatalela:1
घातलेली	ghataleli:2	ghatleli:1
घातलेले	ghatalele:2	ghatlele:1
घातलेल्या	ghatalelya:2	ghatlelya:1
घातल्या	ghatalya:2	ghatlya:1
घाना	ghana:4	jhana:1
घाबरलेल्या	ghabaralelya:2	ghabarlelya:1
घाबरून	ghabaroon:2	ghabarun:1
घाम	gham:3
घामातून	ghamatoon:2	ghamatun:1
घायाळ	ghayal:3
घार	ghar:3
घारापुरी	gharapuree:2	gharapuri:1
घारी	gharee:2	ghari:1
घारे	ghare:3
घालणारा	ghalanara:3
घालणारी	ghalanaree:2	ghalanari:1
घालणे	ghalane:3
घालण्याचा	ghalanyacha:3
घालण्याची	ghalanyachee:2	ghalanyachi:1
घालण्याचे	ghalanyache:3
घालण्याच्या	ghalanyachya:3
घालण्यात	ghalanyat:2	ghalnyat:1
घालण्यासाठी	ghalnyasathi:2	ghalanyasathee:2	ghalanyasathi:1
घालत	ghalat:3
घालता	ghalata:3
घालतात	ghalatat:2	ghaltat:1
घालते	ghalate:3
घालतो	ghalato:3
घालवते	ghalavate:3
घालवले	ghalavale:3
घालवून	ghalavoon:2	ghalvoon:1	ghalvun:1
घाला	ghala:3
घालावा	ghalava:3
घालावी	ghalavi:3
घालावे	ghalave:4
घाली	ghali:3	ghalee:1
घालीत	ghalit:3	ghaleet:1
घालुन	ghalun:3
घालू	ghalu:2	ghaloo:1
घालून	ghalun:2	ghaloon:1
घाव	ghav:3
घाशीराम	ghasheeram:1	ghashiram:1	ghshiram:1
घासत	ghasat:3
घासतात	ghasatat:3
घासले	ghasale:3
घिरट्या	ghiratya:1	ghirtya:1	ghratya:1
घुंगरू	ghungaru:2	ghungaroo:1
घुटमळत	ghutmalat:2	ghutamalat:1
घुबड	ghubad:3
घुबडे	ghubade:3
घुमट	ghumat:3
घुमटाकार	ghumtakaar:2	ghumatakar:1
घुमटी	ghumati:2	ghumatee:1	ghumti:1
घुमरे	ghumare:3
घुमान	ghuman:3	ghooman:1
घुले	ghule:3
घुसखोरी	ghasakhoree:1	ghusakhoree:1	ghusakhori:1
घुसली	ghusalee:2	ghusali:1
घुसले	ghusale:3
घुसल्या	ghusalya:2	ghuslya:1
घुसून	ghusun:2	ghusoon:1
घृणास्पद	ghrunaspad:2	grunaspad:1
घृष्णेश्वर	ghruneshwar:1	ghrushneshvar:1	ghrushneshwar:1
घे	ghe:3
घेईल	gheil:3
घेउन	gheun:3
घेऊ	gheu:3
घेऊन	gheun:3
घेऊनच	gheunach:3
घेणं	ghenam:2	ghenn:1
घेणार	ghenar:3
घेणारा	ghenara:3
घेणारी	ghenaree:2	ghenari:1
घेणारे	ghenare:3
घेणार्‍या	ghenarya:3
घेणाऱ्या	ghenarya:3
घेणे	ghene:3
घेण्याकरीता	ghenyakarita:2	ghenyakareeta:1
घेण्याचा	ghenyacha:3
घेण्याची	ghenyachi:2	ghenyachee:1
घेण्याचे	ghenyache:3
घेण्याच्या	ghenyachya:3
घेण्यात	ghenyat:3
घेण्यावर	ghenyavar:3
घेण्यास	ghenyas:3
घेण्यासाठी	ghenyasathee:2	ghenyasathi:1
घेत	ghet:3
घेतलं	ghetalam:2	ghetaln:1
घेतला	ghetala:7	ghetla:2
घेतली	ghetli:2	ghetali:1	ghetlee:1
घेतले	ghetle:3	ghetale:1
घेतलेला	ghetlela:2	ghetalela:1
घेतलेली	ghetaleli:1	ghetlelee:1	ghetleli:1
घेतलेले	ghetalele:2	ghetlele:2
घेतलेल्या	ghetlelya:2	ghetalelya:1
घेतल्या	ghetalya:2	ghetlya:1
घेतल्याचा	ghetalyacha:2	ghetlyacha:1
घेतल्याची	ghetalyachee:1	ghetalyachi:1	ghetlyachi:1
घेतल्याचे	ghetalyache:2	ghetlyache:1
घेतल्यानंतर	ghetalyanantar:2	ghetlyanantar:1
घेतल्याने	ghetalyane:2	ghetlyane:1
घेतल्यामुळे	ghetalyamule:2	ghetlyamule:1
घेतल्यावर	ghetalyavar:2	ghetlyavar:1
घेतल्यास	ghetalyas:3
घेता	gheta:3
घेताच	ghetach:3
घेतात	ghetat:3
घेताना	ghetana:3
घेतील	ghetil:2	gheteel:2
घेते	ghete:3
घेतें	gheten:2	ghete:1
घेतो	gheto:3
घेरले	gherale:3
घेराव	gherav:3
घेवाण	ghevan:3
घेवून	ghevoon:2	gheoon:1
घैसास	ghaisas:2	ghailas:1
घोंगडी	ghongadee:3
घोटाळा	ghotala:3
घोटाळे	ghotale:3
घोटाळ्याची	ghotalyachi:2	ghotalyachee:1
घोटाळ्याच्या	ghotalyachya:3
घोड	ghod:3
घोडदळ	ghodadal:2	ghoddal:1
घोडदौड	ghoddaud:2	ghodadaud:1
घोडबंदर	ghodbandar:3
घोडा	ghoda:4
घोडी	ghodi:3
घोडे	ghode:5
घोड्यांच्या	ghodyanchya:3
घोड्याच्या	ghodyachya:3
घोड्यावर	ghodyavar:4
घोर	ghor:3
घोरपड	ghorpad:3
घोरपडे	ghorpade:2	gharpade:1
घोलप	gholap:3
घोले	ghole:3
घोळका	gholaka:3
घोष	ghosh:3
घोषणा	ghoshana:3
घोषवाक्य	ghoshvakya:2	ghoshavakya:1
घोषित	ghoshit:3
घोषीत	ghoshit:2	ghosheet:1
घ्या	ghya:5
घ्यायचा	ghyayacha:3
घ्यायची	ghyayachi:2	ghyayachee:1
घ्यायचे	ghyayache:3
घ्यायला	ghyayala:3
घ्यावयाचा	ghyavayacha:3
घ्यावा	ghyava:3
घ्यावी	ghyavi:2	ghyavee:1
घ्यावीत	ghyavit:2	ghyaveet:1
घ्यावे	ghyave:5
घ्यावेत	ghyavet:3
घ्याव्यात	ghyavyat:3
चंगळवाद	changalvad:3
चंगू	changu:2	changoo:1
चंडी	chandi:3
चंडीगढ	chandigarh:2	chandigadh:1
चंडेल	chandel:3
चंडोल	chandol:3
चंद	chand:2	chanda:1
चंदन	chandan:4
चंदनशिव	chandanshiv:3
चंदना	chandna:2	chandana:1
चंदा	chanda:3
चंदीगड	chandigad:2	chandigarh:1
चंदू	chandu:2	chandoo:1
चंदेरी	chanderi:2	chanderee:1
चंद्र	chandra:3	chandr:1	chandrr:1	channdra:1
चंद्रकांत	chandrakant:3
चंद्रगुप्त	chandragupta:2	chandragupt:1
चंद्रगुप्ताने	chandraguptane:3
चंद्रग्रहण	chandragrahan:3
चंद्रपूर	chandrapur:3
चंद्रपूरला	chandrapurla:3
चंद्रभागा	chandrabhaga:3
चंद्रमा	chandrama:3
चंद्रराव	chandrarao:3
चंद्रशेखर	chandrashekhar:3
चंद्रसेन	chandrasen:3
चंद्रहार	chandrahar:3
चंद्रा	chandra:3
चंद्राचा	chandracha:3
चंद्राची	chandrachi:3
चंद्राचे	chandrache:3
चंद्राच्या	chandrachya:3
चंद्राला	chandrala:3
चंद्रावर	chandravar:3
चंद्रावरील	chandravaril:3
चंपा	champa:3
चकचकीत	chachakit:1	chakachakeet:1	chakchakit:1
चकती	chakati:2	chakatee:1
चकत्या	chakatya:3
चकमक	chakamak:2	chakmak:1
चकमकी	chakamakee:2	chakmaki:1
चकमकीत	chakamakeet:2	chakmakit:1
चक्क	chakk:3
चक्कर	chakkar:3
चक्की	chakkee:2	chakki:1
चक्र	chakr:2	chakra:2	chaqra:1
चक्रधर	chakradhar:3
चक्रपाणी	chakrapanee:2	chakrapani:2
चक्रम	chakram:3
चक्रवर्ती	chakravarti:2	chakravartee:1	chakravarutee:1
चक्रव्यूह	chakravyooh:1	chakravyuh:1	chakrvyooh:1
चक्राकार	chakrakar:3
चक्राचा	chakracha:3
चक्राचे	chakrache:3
चक्राच्या	chakrachya:3
चक्रात	chakrat:3
चक्रातून	chakratoon:2	chakratun:1
चक्राला	chakrala:3
चक्रावून	chakravoon:2	chakravun:1
चक्री	chakree:2	chakri:1
चक्रीय	chakreey:2	chakriy:1
चक्रीवादळ	chakreevadal:2	chakrivadal:1
चक्रीवादळामुळे	chakreevadalamule:1	chakreevadlamule:1	chakrivadalamule:1
चटकन	chatkan:3	chatakan:1
चटणी	chatani:3	chatanii:1	chetani:1	chutnee:1
चटर्जी	chararji:1	chatarji:1	chatterjee:1
चटोपाध्याय	chatopadhyay:2	chattopadhy:1
चट्टोपाध्याय	chattopadhyay:3	chattopadhy:1
चढ	chadh:3
चढणारी	chadhanari:2	chadhnari:1
चढणाऱ्या	chadhanarya:2	chadhanrya:1
चढण्यास	chadhanyas:3
चढता	chadhata:3
चढतांना	chadhatanna:2	chadhtanna:1
चढला	chadhala:3
चढली	chadhali:3
चढले	chadhale:3
चढलेला	chadhalela:3
चढल्यावर	chadhalyavar:3
चढवणे	chadhavane:2	chadhavne:1
चढवत	chadhavat:2	chadhvat:1
चढवला	chadhavala:3
चढवले	chadhavale:3
चढवू	chadhavu:3
चढवून	chadhavun:3
चढाई	chadhai:3
चढाव	chadhav:3
चढून	chadhun:3
चणचण	chanchan:3
चतुर	chatur:3
चतुरंग	chaturang:2	chaturanga:1
चतुर्थ	chaturth:2	chaturtha:1
चतुर्थांश	chaturthansh:3
चतुर्थात	chaturthat:3
चतुर्थी	chaturthi:3	chaturthee:1	chaturthii:1	cheturthi:1
चतुर्थीचा	chaturthicha:2	chaturtheecha:1
चतुर्थीपासून	chaturthipasun:2	chaturtheepasoon:1
चतुर्थीला	chaturthila:2	chaturtheela:1
चतुर्दशी	chaturdashi:2	chaturdashee:1
चतुर्भुज	chaturbhuj:3
चतुष्पाद	chatushpad:3
चपटा	chapata:3
चपट्या	chapatya:3
चपळ	chapal:3
चबुतरा	chabutara:2	chabootra:1	chabutra:1
चमक	chamak:3
चमकते	chamakate:2	chamakte:1
चमकत्या	chamakatya:1	chamaktya:1	chamkatya:1
चमकदार	chamakdar:2	chamkdar:1
चमकला	chamakala:1	chamakla:1	chamkala:1
चमकल्या	chamakalya:1	chamaklya:1	chamkalya:1
चमकी	chamki:2	chamaki:1
चमचा	chamcha:2	chamacha:1
चमत्कार	chamatkar:2	chamtkar:1
चमत्काराची	chamatkarachi:2	chamtkarachi:1
चमत्कारिक	chamatkarik:2	chamtkarik:1
चमू	chamu:2	chamoo:1
चमूत	chamut:2	chamoot:1
चमूने	chamune:2	chamoone:1
चमूला	chamula:2	chamoola:1
चयापचय	chayapachay:2	chaypachay:1
चर	char:3
चरक	charak:3
चरखा	charkha:2	charakha:1
चरण	charan:3
चरणी	charani:3
चरबी	charabi:2	charbi:1
चरित्र	charitra:3
चरित्रकार	charitrakar:2	charitrakaar:1
चरित्राचे	charitrache:3
चरित्रावर	charitravar:3
चरित्रे	charitre:3
चरे	chare:3
चर्चगेट	churchgate:2	charchget:1
चर्चचा	churchcha:2	charchcha:1
चर्चची	churchchi:2	charchchee:1
चर्चच्या	churchchya:2	charchya:1
चर्चमध्ये	churchmadhye:2	charchamadhye:1
चर्चा	charcha:3
चर्चासत्र	charchasatra:2	charchasatr:1
चर्चासत्रे	charchasatre:3
चर्चिल	charchil:4	churchill:2	churchil:1
चर्चिली	charchilee:2	charchili:1
चर्चिले	charchile:3
चर्चेचा	charchecha:3
चर्चेत	charchet:3
चर्चेवर	charchevar:3
चल	chal:3
चलचित्र	chalchitra:2	chalachitr:1
चलन	chalan:3
चलनवाढ	chalanvadh:3
चलनांच्या	chalananchya:3
चलनाच्या	chalanachya:3
चलनात	chalanat:3
चलने	chalane:3
चलबिचल	chalbichal:2	chalabichal:1
चला	chala:3
चलाखी	chalakhee:2	chalakhi:1
चलित	chalit:3
चळवळ	chalval:2	chalaval:1
चळवळी	chalavalee:1	chalvalee:1	chalvali:1
चळवळींच्या	chalvalinchya:2	chalvaleenchya:1
चळवळींनी	chalvalinni:2	chalvaleennee:1
चळवळींशी	chalavalinshi:1	chalvaleenshee:1	chalvalinshi:1
चळवळीकडे	chalavalikade:1	chalvaleekade:1	chalvalikade:1
चळवळीचा	chalavalicha:1	chalvaleecha:1	chalvalicha:1
चळवळीची	chalavalichi:1	chalvaleechee:1	chalvalichi:1
चळवळीचे	chalvaliche:2	chalvaleeche:1
चळवळीच्या	chalavalichya:1	chalvaleechya:1	chalvalichya:1
चळवळीत	chalvalit:2	chalavaleet:1	chalvaleet:1
चळवळीतील	chalvaleeteel:1	chalvaliteel:1	chalvalitil:1
चळवळीने	chalvaline:2	chalavaline:1
चळवळीमध्ये	chalvalimadhye:2	chalavalimadhye:1
चळवळीला	chalvalila:2	chalavalila:1
चव	chav:3
चवथ्या	chavathya:3
चवदार	chavadar:2	chavdar:1
चविष्ट	chavisht:3
चवीनुसार	chavinusar:2	chaveenusar:1
चवीला	chavila:2	chaveela:1
चव्हाण	chavan:5	chavhan:3
चव्हाणके	chavhanke:2	chavhanake:1
चव्हाणांनी	chavhananni:2	chavhanannee:1
चष्मा	chashma:3
चहल	chahal:3
चहा	chaha:3	caha:1
चहाचा	chahacha:3
चहाच्या	chahachya:3
चांग	chang:3
चांगदेव	changdev:3
चांगला	changala:2	changla:1
चांगलाच	changalach:2	changlach:1
चांगली	changali:2	changlee:1	changli:1
चांगलीच	changalich:2	changleech:1
चांगले	changle:4	changale:2
चांगलेच	changalech:2	changlech:1
चांगल्या	changalya:2	changlya:1
चांदणी	chandani:2	chandanee:1
चांदण्या	chandanya:3
चांदण्यांची	chandanyanchi:2	chandanyanchee:1
चांदनी	chandanee:1	chandani:1	chandni:1
चांदवड	chandwad:2	chandvad:1
चांदा	chanda:3
चांदी	chandi:2	chandee:1
चांदीचा	chandicha:2	chandeecha:1
चांदीची	chandichi:2	chandeechee:1
चांदीचे	chandiche:2	chandeeche:1
चांदीच्या	chandichya:2	chandeechya:1
चांदीने	chandine:2	chandeene:1
चांदेकर	chandekar:3
चांदोली	chandoli:3
चांभार	chambhar:3
चाक	chak:4	chaak:3
चाकण	chakan:3
चाकणचा	chakancha:3
चाकणमध्ये	chakanmadhye:3
चाकरी	chakari:2	chakree:1
चाकी	chaki:3	chakee:1
चाकूने	chakune:2	chakoone:1
चाके	chake:3
चाचणी	chachani:2	chachanee:1
चाचण्या	chachanya:2	chachnya:1
चाचण्यांचे	chachnyanche:2	chachanyanche:1
चाचण्यांमध्ये	chachanyanmadhye:2	chachnyanmadhye:1
चाच्यांच्या	chachyanchya:3
चाटून	chatun:2	chatoon:1
चाड	chad:3	chaad:2	chada:1
चाणक्य	chanakya:2	chanaky:1
चातुर्मास	chaturmas:3
चातुर्मासात	chaturmasat:2	chaturmasaat:1
चातुर्य	chatury:2	chaturya:2
चादर	chadar:3
चादरी	chadri:2	chadari:2	chadree:1
चापेकर	chapekar:3
चाफा	chafa:3
चाफेकर	chafekar:3
चाफ्याच्या	chafyachya:3	chaphyachya:1
चाबूक	chabuk:3
चामुंडा	chamunda:3
चायना	china:3
चायनीज	chinese:3
चार	char:3
चारमिनार	charminar:2	charaminar:1
चारली	charali:1	charlee:1	charli:1
चारवेळा	charvela:3	charavela:1
चारशे	charshe:3	charashe:1
चारही	charahi:3	charhi:3
चारा	chara:3
चारित्र्य	charitrya:3	charitry:1
चारित्र्यहनन	charitryahanan:3
चारी	chari:3
चारुता	charuta:3
चारुशीला	charushila:2	charusheela:1
चारुहास	charuhas:3
चारू	charu:2	charoo:1
चारोळी	charoli:3
चार्टर	chartar:1	chartara:1	charter:1
चार्ली	charlie:2	charlee:1	charli:1	charlii:1
चार्ल्स	charls:3	charles:2	charlsa:1
चाल	chal:3	chaal:1
चालक	chalak:3
चालकाने	chalakane:2	chalkane:1
चालणारा	chalanara:1	chalnaara:1	chalnara:1
चालणारी	chalanaree:1	chalanari:1	chalnaari:1
चालणारे	chalanare:2	chalnaare:1
चालणाऱ्या	chalnarya:3	chalanarya:2
चालणे	chalane:3	chalne:1
चालण्याची	chalanyachi:2	chalnyachi:1
चालण्यासाठी	chalanyasathi:2	chalnyasaathi:1
चालत	chalat:4
चालतात	chaltat:2	chalatat:1
चालताना	chalatana:2	chaltana:1
चालते	chalate:2	chaalte:1	chalte:1
चालतो	chalato:2	chalto:1
चालना	chalana:2	chalna:1
चालला	chalala:3
चालली	chalali:2	chalalee:1
चालले	chalale:4	challe:1
चाललेला	chalalela:2	challela:1
चाललेली	chalalelee:1	chalaleli:1	challeli:1
चाललेले	chalalele:2	challele:1
चाललेल्या	chalalelya:2	challelya:1
चालल्यावर	chalalyavar:2	challyavar:1
चालवणारा	chalavanara:3
चालवणे	chalavane:2	chalvane:1
चालवण्याची	chalavanyachi:2	chalvanyachi:1
चालवण्याचे	chalavanyache:2	chalvanyache:1
चालवण्यात	chalavanyat:2	chalvanyat:1
चालवण्यासाठी	chalavanyasathi:2	chalvanyasaathi:1
चालवत	chalavat:2	chalvat:1
चालवतात	chalavatat:2	chalvatat:1
चालवते	chalavate:2	chalvate:1
चालवला	chalavala:2	chalvala:1
चालवली	chalavali:2	chalvali:1
चालवले	chalavale:2	chalvale:1
चालवलेल्या	chalavalelya:2	chalvalelya:1
चालवल्या	chalavalya:2	chalvalya:1
चालवावा	chalavava:2	chalvava:1
चालविणे	chalavine:2	chalvine:1
चालविण्यात	chalavinyat:2	chalvinyaat:1
चालविला	chalavila:2	chalvila:1
चालविली	chalvili:2	chaalvili:1	chalavili:1	chalvilee:1
चालविले	chalavile:1	chalvile:1	chalville:1
चालवीत	chalavit:1	chalveet:1	chalviit:1	chalvit:1
चालवू	chalvu:2	chalavu:1	chalvoo:1
चालवून	chalvun:2	chalavun:1	chalawun:1	chalvoon:1
चाली	chali:3	chalee:1
चालीनंतर	chalinantar:3
चालीने	chaline:3
चालीरीती	chaliriti:2	chalireeti:2	chalireetee:1	chalirirti:1
चालु	chalu:3
चालुक्य	chalukya:3
चालुक्यांच्या	chalukyanchya:2	chalukanchya:1
चालू	chalu:3	chaalu:1	chaloo:1
चालूं	chaloo:2	chalu:2	chaloon:1
चालूच	chalooch:2	chaluch:2	chaalooch:1	chaaluch:1
चालून	chalun:3	chaloon:2	chaalun:1
चाले	chale:3	chaale:1	chaley:1
चालेल	chalel:3	chaalel:1
चाळ	chal:2	chaal:1	chawl:1
चाळीत	chaalit:3	chalit:2
चाळीस	chalis:3	chaalis:3
चाळीसगांव	chalisgaon:2	chaalisaganv:1
चाळीसगाव	chalisgaon:2	chaalisagaw:1	chaalisgav:1	chalisagav:1
चाव	chaav:2	chav:2	chaw:2	chaaw:1
चावट	chavat:2	chawat:2	chaavat:1	chaawat:1
चावण्याची	cahwanyachee:1	cahwanyachi:1	chaavanyachi:1	chaawanyachi:1
चावतात	chavatat:2	chaavatat:1	chaawatat:1	chavtat:1
चावरे	chaware:2	chaavare:1	chaaware:1	chavare:1
चावला	chavala:2	chavla:2	chawala:2	chawla:2
चावू	chawu:3	chavu:2	chaavu:1	chaawu:1
चाव्यामुळे	chavyamule:2	chawyamule:2	chaawyamule:1	chawyamoole:1
चाहता	chahata:2	chaahata:1	chahta:1
चाहते	chahate:2	chahte:1
चाहूल	chahul:3	chahool:1
चिंगी	chingi:3
चिंच	chincha:2	chinch:3
चिंचवड	chinchwad:4	chinchvad:2	cheenchvad:1	cheenchwad:1
चिंचवडच्या	chinchwadchya:3	chinchvadchya:1
चिंचा	chincha:3
चिंचेचा	chinchecha:3
चिंचोली	chincholi:3
चिंटू	chintu:3	chintoo:1
चिंतक	chintak:3
चिंतन	chintan:3
चिंतनाचे	chintanache:3
चिंता	chinta:3
चिंताजनक	chintajanak:3
चिंतामण	chintaman:3
चिंतामणराव	chintamanrao:2	chintamanrav:2	chintamanraw:1
चिंतामणी	chintamani:3	chintamanee:1
चिंतामणीचे	chintamaniche:3	chintamaneeche:1
चिंधी	chindhi:3
चिंब	chimb:3
चिकट	chikat:3
चिकटतात	chikatatat:2	chikatataat:1	chikattat:1
चिकटलेली	chikataleli:1	chikatleli:1	chkatleli:1
चिकटा	chikta:2	chakata:1
चिकटून	chikatun:2	chikatuun:1
चिकन	chicken:3	cheekan:2	chikan:2	cheeqan:1
चिकाटी	chikati:3
चिकाटीने	chikatine:3
चिकित्सक	chikitsak:3
चिकित्सा	chikitsa:3
चिकूच्या	chikuchya:2	chikoochya:1
चिकोडी	chikodi:3
चिखल	chikhal:3
चिखलदरा	chikhaldara:3
चिखलातून	chikhalatun:2	chikhlatun:1
चिखली	chikhali:2	chikhli:1
चिट	cheat:1	cheet:1	chet:1	chiit:1
चिटणीस	chitanis:2	chitnis:1
चिडून	chidun:2	chiduun:1
चितमपल्ली	chitampalli:2	chitamapalli:1
चितळ	chital:3	chitad:1
चितळे	chitale:3
चितारला	chitarala:2	chitarla:1
चितारली	chitaarali:1	chitarali:1	chitarli:1
चित्त	chitt:2	chitta:1
चित्तरंजन	chittaranjan:2	chittranjan:1
चित्ता	chitta:3
चित्पावन	chitpavan:2	chitapawan:1	chitpawan:1
चित्र	chitra:3
चित्रं	chitra:2	chitran:1
चित्रक	chitrak:3
चित्रकला	chitrakala:3
चित्रकलेचे	chitrakaleche:3
चित्रकार	chitrakar:3
चित्रकारांचा	chitrakarancha:3
चित्रकारांची	chitrakaranchi:3
चित्रकारांच्या	chitrakaranchya:3
चित्रकाराचे	chitrakarache:3
चित्रकूट	chitrakut:2	chitrakoot:1
चित्रण	chitran:3
चित्रपट	chitrapat:3
चित्रपटगृह	chitrapatgruh:2	chitrapatgruhat:1
चित्रपटगृहात	chitrapatgruhat:2	chitrapatagruhat:1
चित्रपटगृहे	chitrapatgruhe:2	chitrapatagruhe:1
चित्रपटनिर्मिती	chitrapatanirmiti:2	chitrapatnirmiti:1
चित्रपटविषयक	chitrapatavishayak:2	chitrapatawishayak:1	chitrapatvishayak:1
चित्रपटसृष्टी	chitrapatasrushti:2	chitrapatsrushti:1
चित्रपटसृष्टीचा	chitrapatasrushti:1	chitrapatasrushticha:1	chitrapatsrushticha:1
चित्रपटसृष्टीची	chitrapatasrushtichi:2	chitrapatsrushtichi:1
चित्रपटसृष्टीचे	chitrapatasrushtiche:2	chitrapatsrushtiche:1
चित्रपटसृष्टीच्या	chitrapatasrushtichya:2	chitrapatsrushtichya:1
चित्रपटसृष्टीत	chitrapatasrushtit:2	chitrapatsrushtit:1
चित्रपटसृष्टीतल्या	chitrapatasrushtitalya:1	chitrapatsrushtitalya:1	chitrapatsrushtitlya:1
चित्रपटसृष्टीतील	chitrapatasrushtitil:2	chitrapatsrushtitil:1
चित्रपटसृष्टीला	chitrapatsrushtila:2	chitrapatasrushtila:1
चित्रपटसृष्टीवर	chitrapatsrushtivar:2	chitrapatasrushtiwar:1	chitrapatsrushtiwar:1
चित्रपटांचं	chitrapatanch:2	chitrapatancha:1
चित्रपटांचा	chitrapatancha:3
चित्रपटांची	chitrapatanchi:2	chitrapatanche:1
चित्रपटांचे	chitrapatanche:3
चित्रपटांच्या	chitrapatanchya:3
चित्रपटांत	chitrapatant:2	chitrapatat:1
चित्रपटांतील	chitrapatantil:3
चित्रपटांतून	chitrapatantun:2	chitrapatatun:1
चित्रपटांना	chitrapatanna:3
चित्रपटांपेक्षा	chitrapatanpeksha:3
चित्रपटांमधून	chitrapatanmadhun:2	cheetrapatanmadhun:1	chitrapatamadhun:1	chitrapatanmadhoon:1
चित्रपटांमध्ये	chitrapatanmadhye:2	cheetrapatanmadhye:1	chitrapatanmadhe:1
चित्रपटांशिवाय	chitrapatanshivay:2	cheetrapatanshivay:1	cheetrapatanshiway:1	chitrapatansheevay:1
चित्रपटांसाठी	chitrapatansathi:3	cheetrapatansathi:1
चित्रपटाचं	cheetrapatach:1	chitrapatach:1	chitrapatacha:1	chitrapatanch:1
चित्रपटाचा	chitrapatacha:3	cheetrapatacha:1
चित्रपटाची	chitrapatachi:3	cheetrapatachi:1	chitrapatachee:1
चित्रपटाचे	chitrapatache:3	cheetrapatache:1
चित्रपटाच्या	chitrapatachya:3	cheetrapatachya:1
चित्रपटात	chitrapatat:3	cheetrapatat:1
चित्रपटातील	chitrapatatil:3	cheetrapatatil:1	chitrapatateel:1
चित्रपटातून	chitrapatatun:3	cheetrapatatun:1	chitrapatatoon:1
चित्रपटाद्वारे	chitrapatadware:3	cheetrapatadvare:1	cheetrapatadware:1	chitrapatadvare:1
चित्रपटाने	chitrapatane:3	cheetrapatane:1
चित्रपटामधून	chitrapatamadhun:3	cheetrapatamadhun:1
चित्रपटामध्ये	chitrapatamadhe:2	cheetrapatamadhe:1	chitrapatamadhye:1
चित्रपटाला	chitrapatala:3	cheetrapatala:1
चित्रपटासाठी	chitrapatasathi:3	cheetrapatasathi:1
चित्रफिती	chitrafiti:3	chitraphiti:1
चित्रफीत	chitrafit:2	chitrafeet:1	chitraphit:1
चित्रमंदिर	chitramandir:3
चित्रलिपी	chitralipi:3	chitraleepi:1
चित्रविचित्र	chitravichitra:3
चित्रशाळा	chitrashala:3
चित्रा	chitra:2	chitraa:1
चित्रांगद	chitrangad:3
चित्रांगदा	chitrangada:3
चित्रांची	chitranchi:3
चित्रांच्या	chitranchya:3
चित्रांतून	chitrantun:1	chitrantuun:1	chitratun:1
चित्रांमध्ये	chitranmadhe:1	chitranmadhye:1	chitranmadhyee:1
चित्राची	chitrachi:3
चित्रात	chitrat:3
चित्रातले	chitratale:3	chitratle:1
चित्रामध्ये	chitramadhe:2	cheetramadhe:1	chitramadhye:1
चित्रावरून	chitravarun:3	cheetravarun:1	cheetrawarun:1	chitravaroon:1
चित्रित	chitrit:3	cheetrit:1	chitreet:1
चित्रीकरण	chitrikaran:3	cheetrikaran:1	chitreekaran:1
चित्रे	chitre:3	cheetre:1
चिनार	chinar:3	cheenar:1
चिनी	chini:3	cheeni:1
चिन्मय	chinmay:3	cheenmay:1
चिन्ह	chinh:2	cheenh:1	chinha:1
चिन्हांकित	chinhankit:2	cheenhankit:1	chinhakit:1
चिन्हे	chinhe:3	cheenhe:1
चिप	chip:4	cheap:1	cheep:1
चिपळूण	chiplun:2	cheepalun:1	chipalun:1
चिपळूणकर	chipalunkar:2	cheepalunkar:1	chiplunkar:1
चिपळूणकरांनी	chiplunkaranni:2	cheepalunkaranni:1	chipalunkaranni:1
चिपळूणच्या	chipalunchya:2	cheepalunchya:1	chipaloonchya:1	chiplunchya:1
चिमटा	chimta:2	cheemata:1	chimata:1
चिमटे	chimte:2	cheemate:1	chimate:1
चिमणा	chimana:2	cheemana:1	chimna:1
चिमणाजी	chimnaji:2	cheemanaji:1	chimanajee:1	chimanaji:1
चिमणी	chimni:2	cheemani:1	chimanee:1	chimani:1
चिमाजी	chimaji:3	chimajee:1
चिमूटभर	chimutbhar:3	chimootbhar:2	cheemutbhar:1
चिरंजीव	chiranjeev:3	chiranjiv:2	cheeranjiv:1	cheeranjiw:1
चिरंतन	chirantan:3	cheerantan:1
चिरकाल	chirkaal:3	cheerkaal:1	chirkal:1
चिरलेला	chirlela:2	chiralela:1
चिरलेली	chirleli:2	cheeraleli:1	chiraleli:1
चिरस्मरणीय	chirsmarniya:2	cheersmarniya:1	chirsmarneeya:1	chirsmarniy:1
चिरा	chira:2	cheeraa:1	chiraa:1
चिरुन	chirun:3
चिरून	chirun:3	chiroon:1
चिरेबंदी	chirebandi:3
चिलखत	chilkhat:3
चिलखती	chilkhati:2	chilakhti:1
चिली	chili:4	chiilii:1	chiilly:1	chiily:1
चिलीम	chilim:2	cheelam:1	chilam:1
चिले	chile:3
चिल्ड्रन्स	childrens:2	childrans:1
ची	chi:9	chee:1	chii:1
चीक	chik:3	cheek:2	chick:1
चीज	chij:4	cheese:2
चीजवस्तू	chijvastoo:2	chijvastu:2	cheesevastoo:1	cheesevastu:1
चीड	chid:3	cheed:1
चीता	chita:2	cheeta:1	cheetah:1
चीन	chin:4	china:3	chaayna:1	cheen:1
चीनचा	chinacha:2	chincha:1
चीनची	chinachi:2	chinchi:1
चीनचे	chinache:2	chinche:2
चीनच्या	chinachya:2	chinchya:2
चीननंतर	chinnantar:2	chinanantar:1	chinanatar:1
चीनने	chinane:2	chinne:1
चीनमधील	chinamadhil:2	chinmadhil:2	chinamadheel:1
चीनमध्ये	chinamadhye:2	chinmadhye:1
चीनला	chinla:3	chinala:1
चीनी	chini:3	cheeni:1	chinese:1
चुंबकीय	chumbakiy:2	choombakiy:1	chumbakeey:1	chumbakiya:1
चुक	chuk:3	chook:1
चुकता	chukta:2	chukata:1
चुकला	chukla:2	chukala:1
चुकली	chukli:2	chukali:1
चुकले	chukle:2	chukale:1
चुकलेले	chuklele:2	chukalele:1
चुकवून	chukvun:2	chukavoon:1	chukavun:1
चुका	chuka:3
चुकीचा	chukicha:3	chookicha:1	chukeecha:1
चुकीची	chukichi:3	chookichi:1	chukeechi:1	chukichee:1
चुकीचे	chukiche:3	chookiche:1	chukeeche:1
चुकीच्या	chukichya:3	chookichya:1	chukeechya:1
चुकुन	chukun:3	chookun:1
चुकून	chukun:3	chookun:1	chukoon:1
चुके	chuke:3	chooke:1
चुटकी	chutki:2	chootaki:1	chutakee:1	chutaki:1
चुडा	chuda:3	chooda:1
चुनखडी	chunkhadi:3	choonkhadi:1
चुनखडीच्या	chunkhadichya:3	choonkhadichya:1	chunkhdeechya:1
चुना	chuna:3	choona:1
चुनेकर	chunekar:3	choonekar:1
चुन्याची	chunyachi:3	choonyachi:1	chunyachee:1
चुरशीच्या	churashichya:2	choorashichya:1	churasheechya:1	churshichya:1
चुलत	chulat:3	choolat:1
चुली	chuli:3	chooli:1
चूक	chuk:3	chook:1
चूर्ण	churna:2	choorn:1	churn:1
चूल	chul:3	chool:1
चॅटर्जी	chatterjee:2	chatarjee:1	chatarji:1
चॅनल	chanal:1	chanel:1	channel:1
चॅप्लिन	chaplin:4	chaplean:1	chaplen:1	chyaplean:1
चॅम्पियन	champan:1	champian:1	champion:1	champiyan:1
चॅम्पियनशिप	championship:3
चॅम्पियनशिपमध्ये	championshipmadhye:2	championshipmadhe:1
चॅरिटेबल	charitable:3
चॅलेंजर्स	challengers:3
चेंडू	chendu:3	chendoo:2
चेंडूत	chendut:3	chendoot:1
चेंडूने	chendoone:2	chendune:2	chedune:1
चेंडूला	chendula:3	chendoola:2
चेंबर	chaimbar:1	chaimbeer:1	chaimber:1	chambar:1
चेंबरच्या	chemberchya:2	chamberchya:1
चेंबूर	chembur:3	chemboor:1
चेअरमन	chairman:3
चेक	check:4	cheque:2	checq:1	cheeck:1
चेटकीण	chetkin:2	chetakeen:1	chetakin:1
चेतन	chetan:3
चेतना	chetana:2	chetna:1
चेता	cheta:2	chetaa:1
चेतापेशी	chetapeshi:3	chetapeshee:2
चेतावणी	chetavani:2	chetavnee:1	chetavni:1	chetawanee:1
चेतासंस्था	chetasanstha:3	chetasansthaa:1
चेन्नई	chennai:4	cheenai:1	cheennai:1	chenai:1
चेलाडी	cheladi:3	cheladee:1
चेष्टा	cheshta:3	cheshtaa:1
चेस	chess:2	chase:1
चेहरा	chehara:3
चेहरामोहराच	cheharamoharach:1	cheharmoharach:1	chehramohrach:1
चेहरे	chehare:2	chehre:1
चेहऱ्यावर	chehryavar:2	cheharyavar:1	cheharyawar:1
चेहऱ्यावरील	chehryavaril:2	cheharyavareel:1	cheharyavaril:1	cheharyawareel:1
चैतन्य	chaitanya:3
चैत्य	chaitya:3
चैत्यगृह	chaityagruh:2	chaityagrah:1	chaityagrooh:1
चैत्र	chaitra:3
चैत्राची	chaitrachi:3	chaitrachee:1
चैत्री	chaitri:3	chaitree:1
चैनीच्या	chainichya:3	chaineechya:1
चैनीसाठी	chainasathee:1	chainasathi:1	chainisathi:1	chennaisathi:1
चॉकलेट	chocolate:3
चोख	chokh:2	chokha:1
चोखपणे	chokhapane:2	chokhpane:1
चोखामेळा	chokhamela:3
चोच	choch:3	chocha:1
चोचीचा	chochicha:3	chocheecha:1
चोचीच्या	chochichya:3	chocheechya:1
चोप्रा	chopra:4	choopra:1
चोर	chor:3
चोरघडे	chorghade:3
चोरडिया	chordiya:2	choradeeya:1	choradiya:1
चोराला	chorala:3
चोरी	chori:3	choree:1
चोल	chol:3
चोला	chola:3
चोळणे	cholane:1	chollne:1	cholne:1
चोळत	cholat:3
चोळले	cholale:2	cholle:1
चोळी	choli:3	cholee:1
चोवीस	chovis:3	chovees:1	chowees:1	chowis:1
चौ	chau:2	chaw:1	choa:1	chou:1
चौक	chowk:7	chauk:3	chak:1	chauq:1
चौकट	chaukat:2	choukat:1	chowkat:1
चौकटी	choukati:2	chaukati:1	chowkati:1
चौकटीत	chaukateet:1	chaukatit:1	chaukatitch:1	choukatit:1
चौकटीमध्ये	chaukatimadhye:2	choukatimadhye:1	chowkatimadhye:1
चौकशी	chaukashi:2	choukashi:1	chowkashi:1
चौकस	chaukas:2	choukas:1	chowkas:1
चौकात	chaukat:2	chowkat:2	choukat:1
चौकातील	chaukatil:2	chowkatil:1
चौकातून	chaukatun:2	chowkatun:1
चौकी	chauki:2	chowki:1
चौकीवर	chaukivar:2	chaukeevar:1	chowkivar:1
चौकोन	chaukon:2	choukon:1
चौकोनी	chaukoni:2	chaukonee:1	choukoni:1
चौक्या	chaukya:2	choukya:1
चौगुले	chaugule:2	chougule:1
चौघांना	chaughanna:2	choughana:1
चौथरा	chauthara:2	chauthra:1
चौथा	chautha:3
चौथी	chauthi:3
चौथे	chauthe:3
चौथ्या	chauthya:3
चौदा	chauda:3
चौदावा	chaudava:2	chaudawa:1
चौदावी	chaudavi:3
चौदाव्या	chaudavya:2	chaudawya:1
चौधरी	chaudhari:4	chaudhary:2	chaudharee:1	chaudharii:1
चौधरींनी	chaudharinni:2	chaudarinni:1	chaudhareenni:1
चौपाटी	chaupati:3
चौफेर	chaufer:3	chaupher:1
चौबे	chaube:3
चौरस	chauras:2	chouras:1
चौसष्ट	chausasht:1	chausashta:1	chousast:1
चौहान	chauhan:3	chouhan:2	chahan:1	chauhana:1
छंद	chhand:2	chand:1
छगन	chagan:2	chhagan:1
छटा	chata:2	chhata:1
छत	chat:2	chhat:1
छत्तीसगड	chhattisgarh:3	chattisgarh:2	chhattisgadh:2	chattiisgarh:1
छत्तीसगढ	chattisgarh:2	chattisgadh:1	chhattisgarh:1
छत्र	chhatra:2	chatr:1
छत्रपति	chhatrapati:3	chhatrapatee:1
छत्रपती	chatrapati:5	chhatrapati:3	chhatrapatee:1
छत्रपतींचे	chhatrapatinche:2	chatrapatinche:1	chhatrapateenche:1
छत्राखाली	chhatrakhali:2	chatrikhali:1	chhatrakhalee:1
छत्री	chhatri:2	chatri:1	chhatree:1
छत्रीच्या	chhatrichya:2	chatrichya:1	chhatreechya:1
छत्रे	chhatre:2	chatre:1
छपराची	chaprachi:1	chhaparachee:1	chhaparachi:1	chhaprachi:1
छपरावर	chapravar:1	chhaparavar:1	chhaparawar:1	chhapravar:1
छपरे	chapre:1	chhapare:1	chhapre:1
छपाई	chhapai:2	chapai:1	chhapaee:1
छपाईची	chapaichi:1	chhapaichee:1	chhapaichi:1
छप्पर	chhappar:2	chappar:1
छळ	chhal:2	chal:1
छळवणूक	chalavnuk:1	chhalavanook:1	chhalavanuk:1
छाती	chhati:2	chhaatee:1
छातीचा	chaticha:1	chhateecha:1	chhaticha:1
छातीचे	chatiche:1	chhateeche:1	chhatiche:1
छातीत	chatit:1	chhaateet:1	chhatit:1
छातीला	chatila:1	chhaatila:1	chhateela:1	chhatila:1
छातीवर	chativar:1	chhaativar:1	chhateevar:1	chhateewar:1
छात्र	chatra:1	chhatr:1	chhatra:1
छान	chan:2	chhan:2
छाप	chhap:2	chap:1
छापखाना	chapkhana:1	chhapakhana:1	chhapkhana:1
छापली	chapli:1	chhapalee:1	chhapali:1	chhaplee:1
छापले	chapale:1	chaple:1	chhapale:1
छापा	chaapa:1	chapa:1	chhapa:1
छापील	chaapil:1	chapil:1	chhapeel:1	chhapil:1
छापून	chaapun:1	chapun:1	chhapun:1
छाप्यात	chapyat:2	chhapyat:1
छाया	chaya:2	chaaya:1	chhaya:1
छायाचित्र	chaayachitra:1	chayachitr:1	chhayachitra:1
छायाचित्रकार	chaayachitrakar:1	chayachitrakar:1	chhayachitrakar:1
छायाचित्रण	chaayachitran:1	chayachitran:1	chhachitran:1
छायाचित्रांच्या	chaayachitranachya:1	chayachitranchya:1	chhayachitranchya:1
छायाचित्रे	chhaaayaachitre:1	chhayachite:1	chhayachitre:1
छावणी	chhaavanee:1	chhavanee:1	chhavani:1	chhavni:1
छावणीच्या	chhaavaneechya:1	chhavaneechya:1	chhavanichya:1	chhavnichya:1
छावणीत	chhaavaneet:1	chhavaneet:1	chhavanit:1	chhavnit:1
छावा	chhava:2	chhaavaa:1	chhawa:1
छिद्र	chhidra:2	cheedra:1	chhidr:1
छिद्रात	chhidrat:3	chheedrat:1
छिद्रे	chhidre:3
छू	chhoo:3	chhu:1
छेद	ched:2	chhed:3	chheda:1
छोटया	chhotya:3
छोटा	chota:2	chhota:2
छोटासा	chhotaasa:1	chhotasa:1	chotasa:1
छोटासाच	chhotasach:2	chotasach:1
छोटी	chhotee:2	chhoti:1	choti:1
छोटीमोठी	chhoteemothee:2	chhoteemothi:1	chhotimothee:1	chhotimothi:1
छोटीशी	chhoteeshee:1	chhoteeshi:1	chhotishee:1	chhotishi:1
छोटीशीच	chhoteesheech:2	chhoteeshich:1	chhotisheech:1	chhotishich:1
छोटे	chote:5	chhote:2
छोटेखानी	chhotekhaanee:1	chhotekhanee:1	chhotekhani:1	chotekhani:1
छोटेसे	chhotese:2	chotest:1
छोट्या	chotya:9	chhotya:3
छोट्यामोठ्या	chhotyamothya:2	chotyamothya:1
छोट्याशा	chhotyasha:3	chotyasha:2
छोट्याश्या	chhotyasha:1	chhotyashya:1	chotyashya:1
जंगम	jangam:3
जंगल	jangal:2	jungle:1
जंगलांनी	jangalanni:3	jangalannee:1
जंगलाचा	jangalacha:2	jangalaachaa:1
जंगलाच्या	jangalachya:2	jangalaachya:1
जंगलात	junglat:2	jangalat:3
जंगलातच	jangalatach:2	jangalaatach:1
जंगलातले	jangalatale:3
जंगलातील	jangalateel:2	jangalatil:2
जंगलातून	jangalatoon:3	jangalatun:1
जंगलाने	jangalane:3
जंगली	jangali:2	jangalee:1	janglee:1
जंगले	jangale:3
जंजिरा	janjira:2	janjeera:1	janjiraa:1
जंजिर्‍याच्या	janjiryachya:2	janjeeryachya:1	janjiryaachyaa:1
जंतुसंसर्ग	jantusansarg:3	jantoosansag:1
जंतू	jantoo:3	jantu:1
जंत्री	jantree:3	jantri:1
जंमत	jammat:2	jamat:1
जकात	jakaat:2	jakat:1
जकार्ता	jakarta:3	jakaartaa:1	jaqarta:1	zakarta:1
जखम	jakham:3
जखमा	jakhama:1	jakhamaa:1	jakhma:1
जखमी	jakhami:2	jakhamee:2
जग	jag:3
जगजीत	jagjit:2	jagajeet:1	jagjeet:1
जगणं	jagan:1	jaganm:1	jagn:1
जगणाऱ्या	jaganarya:2	jagnyarya:1
जगणे	jagane:2	jagne:1
जगण्याचा	jaganyacha:1	jaganyachya:1	jagnyacha:1
जगण्याची	jaganyachee:2	jaganyachi:1	jagnyachi:1
जगण्याचे	jaganyache:2	jagnyache:1
जगण्याच्या	jaganyachya:2	jagnyachya:1
जगण्यात	jaganyaat:1	jaganyat:1	jagnyat:1
जगण्यातील	jaganyateel:2	jaganyatil:1	jagnyatil:1
जगण्यापेक्षा	jaganyapeksha:2	jagnyapeksha:1
जगण्याशी	jaganyashee:2	jaganyashi:1	jagnyashi:1
जगण्यासाठी	jaganyaasaathee:1	jaganyasathee:1	jaganyasathi:1	jagnyasathi:1
जगत	jagat:3
जगताची	jagatachee:2	jagatachi:2
जगताचे	jagatache:3
जगतातील	jagatateel:2	jagatatil:2
जगताप	jagtap:3
जगतामध्ये	jagatamadhye:2	jagtamadhye:1
जगते	jagate:3	jagte:1
जगदंबा	jagdamba:2	jagadamba:1
जगदगुरु	jagadguru:2	jagadaguroo:1
जगदाळे	jagdale:2	jagadaale:1
जगदीश	jagdish:2	jagadeesh:1
जगदेव	jagdev:2	jagadev:1
जगद्गुरु	jagadguroo:1	jagadguru:1	jagdugru:1
जगद्गुरू	jagadguroo:1	jagadguru:1	jagdugaru:1
जगन	jagan:4	zagan:1
जगन्नाथ	jagannath:3	jaganath:1	jaganatha:1	jagannatha:1
जगप्रसिद्ध	jagaprasiddh:1	jagprasiddha:1	jagprasidhh:1
जगभर	jagbhar:2	jagabhar:1
जगभरच्या	jagbharchya:2	jagabharchya:1
जगभरात	jagbharat:3
जगभरातल्या	jagbharatalya:2	jagbharatlya:1
जगभरातील	jagbharatil:3	jagbharateel:1
जगभरातून	jagbharatun:3	jagbharatoon:1
जगलेल्या	jaglelya:2	jagalelya:1
जगाचा	jagacha:3
जगाची	jagachi:3	jagachee:1
जगाचे	jagache:3
जगाच्या	jagachya:3
जगात	jagat:2	jagaat:1
जगातला	jagatla:2	jagatala:1
जगातली	jagatli:2	jagatalee:1	jagatali:1
जगातले	jagatale:2	jagatle:1
जगातल्या	jagatalya:2	jagatlya:1
जगातील	jagatil:4	jagateel:2
जगाने	jagane:3
जगामधील	jagamadhil:3	jagamadheel:1
जगामध्ये	jagamadhye:3
जगाला	jagala:2	jagla:1
जगावर	jagavar:3	jagaavar:1
जगावेगळी	jagavegli:2	jagavegalee:1	jagavegali:1
जगाशी	jagashi:3
जगू	jagu:3	jagoo:1
जगून	jagun:3	jagoon:1
जग्गू	jaggu:3	jaggoo:1
जग्वार	jaguar:1	jagvar:1	jagyavar:1	jaquar:1
जटिल	jatil:3	jateel:1
जठराग्नी	jathragni:2	jathargnni:1	jtharagnee:1
जड	jad:3
जडणघडण	jadanghadan:3
जडणघडणीवर	jadangadanivar:1	jadanghadanivar:1	jadanghadnivar:1
जडला	jadla:2	jadala:1	jadlaa:1
जडली	jadli:2	jadali:1
जडले	jadle:2	jadale:1
जडलेला	jadlela:2	jadalela:1
जण	jan:3
जणांचा	janancha:2	janaancha:1
जणांची	jananchi:2	janaanchi:1
जणांच्या	jananchya:2	janaanchya:1
जणांना	jananna:2	janaanna:1	janaannaa:1
जणांनी	jananni:2	janaanni:1
जणू	janu:3	janoo:1
जतन	jatan:3
जत्रा	jatra:3	jatraa:1
जत्रेत	jatret:3
जन	jan:4	jana:1	jun:1	zan:1
जनआंदोलनाच्या	janaandolanachya:1	janaandolnachyaa:1	janandolanachya:1
जनक	janak:3
जनकल्याणासाठी	jankalyanasathi:2	janaklyanasathi:1	jankalyaanaasaathi:1
जनकोजी	jankoji:3
जनगणना	janaganana:1	jangananaa:1	janganna:1
जनगणनेत	janagananet:1	jangananet:1	jangannet:1
जनगणमन	janaganaman:2	janganman:1
जनजागृती	janjaagruti:1	janjagriti:1	janjagruti:1
जनजागृतीच्या	janajagritichya:1	janjaagrutichyaa:1	janjagrutichya:1
जनजाती	janjati:2	janajaati:1
जनजीवन	janjivan:3	janjeevan:2
जनता	janata:4	janta:2	janeta:1	jantaa:1
जनताही	janataahi:1	janatahi:1	jantahi:1
जनतेचा	janatecha:1	janatechaa:1	jantecha:1
जनतेची	janatechi:2	jantechi:1
जनतेचे	janateche:2	janteche:1
जनतेच्या	janatechya:1	janatechyaa:1	jantechya:1
जनतेत	janatet:2	jantet:1
जनतेनं	janatenan:1	jantena:1	jantenn:1
जनतेने	jantene:2	janatene:1
जनतेमध्ये	janatemadhe:1	janatemadhye:1	jantemadhye:1
जनतेला	janatela:2	jantela:1
जनतेस	jantes:2	janates:1
जनतेसाठी	janatesathi:1	jantesaathi:1	jantesathi:1
जनन	janan:3
जननी	janani:2	janni:1
जनपथ	janapath:2	janpath:2
जनमत	janamat:2	janmat:2
जनमानसांत	janamanasant:1	janmaansaant:1	janmansant:1
जनमानसात	janamansat:1	janmaansaat:1	janmansat:1
जनमानसावर	janamanasavar:1	janmaansaavar:1	janmansavar:1
जनरल	general:3
जनलोकपाल	janalokpal:1	janlokpaal:1	janlokpal:1
जनसंघ	jansangh:2	janasangh:1
जनसंघाच्या	janasanghachya:1	jansanghaachya:1	jansanghachya:1
जनसंपर्क	jansanpark:2	janasampark:1
जना	jana:2	janaa:1
जनाबाई	janabai:2	janaabaai:1
जनाबाईंच्या	janabainchya:2	janaabaainchya:1
जनार्दन	janardan:2	janaardan:1
जनावर	janaavar:1	janavar:1	janawar:1
जनावरांचा	janaavrancha:1	janavarancha:1	janawarancha:1
जनावरांची	janaavranchi:1	janavaranchi:1	janawaranchi:1
जनावरांचे	janaavranche:1	janavaranche:1	janawaranche:1
जनावरांच्या	janaavranchya:1	janavaranchya:1	janawaranchya:1
जनावरांना	janaavrannaa:1	janavaranna:1	janawaranna:1
जनावरांसाठी	janaavransaathi:1	janavaransathi:1	janawaransathi:1
जनावराचे	janaavrache:1	janavarache:1	janawarache:1
जनावराच्या	janaavrachya:1	janavarachya:1	janawarachya:1
जनावरास	janaavras:1	janavaras:1	janawaras:1
जनावरे	janaavre:1	janavare:1	janaware:1
जनुक	januk:3
जनुकीय	janukeey:1	janukiy:1	janukiya:1
जनुके	januke:3
जन्म	janma:2	janm:1
जन्मकथा	janmkatha:2	janmakatha:1
जन्मगाव	janmagaav:1	janmgaon:1	janmgav:1
जन्मजात	janmajaat:1	janmjaat:1	janmjat:1
जन्मठेपेची	janmthepechi:2	janmathepechi:1
जन्मतारीख	janmtarikh:2	janmatarikha:1
जन्मतो	janmto:2	janmato:1
जन्मदिन	janmdin:2	janmadeen:1	janmadin:1	janmdeen:1
जन्मदिनानिमित्त	janmadinanimitta:1	janmdiananeemeett:1	janmdinanimit:1	janmdinanimitt:1
जन्मदिनी	janmdini:2	janmadeeni:1	janmadinee:1	janmadini:1
जन्मदिवस	janmdivas:2	janmadiwas:1	janmdiwas:1
जन्मभूमी	janmbhumi:2	janmabhoomi:1	janmbhoomi:1
जन्मला	janmla:2	janmalaa:1
जन्मले	janmale:3
जन्मलेला	janmalela:1	janmalelaa:1	janmlela:1
जन्मलेली	janmaleli:2	janmleli:1
जन्मलेले	janmalele:2	janmlele:1
जन्मलेल्या	janmlelya:2	janmalelya:1
जन्मशताब्दी	janmashataabdi:1	janmashatabdi:1	janmshatabdi:1
जन्मस्थळ	janmsthal:2	janmasthal:1
जन्मस्थान	janmasthan:3	janmsthan:2
जन्मही	janmahi:3
जन्माचा	janmacha:2	janmaacha:1
जन्माचे	janmache:2	janmaache:1
जन्माच्या	janmachya:2	janmaachya:1
जन्मानंतर	janmanantar:2	janmaanantar:1
जन्माने	janmane:2	janmaane:1
जन्मापासून	janmapasun:2	janmaapaason:1	janmapasoon:1
जन्माला	janmala:2	janmaalaa:1
जन्मास	janmas:2	janmaas:1
जन्मोत्सव	janmotsav:2	janmostav:1
जप	jap:3
जपणे	japne:2	japane:1
जपण्यासाठी	japnyasathi:2	japanyasathee:1	japanyasathi:1
जपला	japla:2	japalaa:1
जपलेले	japlele:2	japalele:1
जपाची	japachi:3
जपान	japan:4	japaan:1	japana:1	zapaan:1
जपानकडून	japankadun:3	japankadoon:1
जपानचा	japancha:3
जपानची	japanchi:3
जपानचे	japanche:3
जपानच्या	japanchya:3
जपानने	japanane:2	japanne:1
जपानमधील	japanmadhil:2	japaanmadhil:1
जपानमध्ये	japanmadhye:2	japaanmadhe:1
जपानला	japanla:2	japaanlaa:1
जपानी	japani:2	japaani:1
जपान्यांनी	japaanyanni:1	japanyanni:1	japnyani:1
जपून	japoon:2	japun:2
जप्त	japt:2	japta:1
जप्ती	japti:3
जबर	jabar:3
जबरदस्त	jabardast:3
जबरदस्ती	jabardasti:3
जबरदस्तीने	jabardastine:2	jabardstine:1
जबलपूर	jabalpur:4	jabalpoor:2	jabalapur:1	jabalapuur:1
जबाबदार	jababdar:2	jabaabdar:1
जबाबदारी	jababdari:2	jabaabdari:1
जबाबदारीने	jababdarine:2	jabaabdarine:1
जबाबदाऱ्या	jababdarya:2	jabaabdaryaa:1
जब्बार	jabbar:3
जम	jam:3
जमणे	jamne:3
जमत	jamat:3
जमतात	jamataat:1	jamtaat:1	jamtat:1	janmtat:1
जमते	jamte:3	jamate:1
जमदग्नी	jamadgni:1	jamdagni:1	jamdagri:1
जमदाडे	jamdade:3
जमनालाल	jamnalal:2	jamanaalaal:1
जमलं	jamal:1	jamaln:1	jamlan:1	jamln:1
जमली	jamali:1	jamlee:1	jamli:1	janmli:1
जमले	jamale:2	jamle:2
जमलेली	jamleli:3	jamalelee:1
जमल्यास	jamlyas:2	jamalyaas:1	jamlyaas:1
जमवली	jamavali:2	jamawali:1	jamawli:1
जमविली	jamvili:2	jamavili:1	jamveeli:1
जमवून	jamvun:3	jamvoon:2
जमशेदपूर	jamshedpur:4	jamshedpoor:2	jamasedapur:1	jamashedapur:1
जमा	jama:3
जमात	jamat:3
जमाती	jamati:3
जमातींचा	jamatincha:3
जमातींची	jamatinchi:3
जमातींच्या	jamatinchya:3
जमातीचा	jamaticha:3
जमातीचे	jamatiche:3
जमातीच्या	jamatichya:3
जमातीत	jamatit:3
जमातीने	jamatine:3
जमाना	jamana:3
जमाव	jamav:3	jamaw:1
जमावे	jamave:2	jamawe:2
जमिन	jamin:3	jameen:1
जमिनी	jamini:3	jameeni:2	jameenee:1
जमिनीकडे	jaminikade:3	jameenikade:2	jamineekade:1
जमिनीखाली	jaminikhali:2	jameenikhaali:1	jameenikhali:1	jamineekhaali:1
जमिनीचा	jaminicha:2	jameenicha:1	jameenichaa:1	jamineechaa:1
जमिनीची	jaminichi:3	jameenichi:2	jamineechi:1
जमिनीचे	jaminiche:3	jameeniche:2	jamineeche:1
जमिनीच्या	jaminichya:2	jameenichya:1	jameenichyaa:1	jamineechyaa:1
जमिनीत	jaminit:3	jameenit:2	jamineet:1
जमिनीतच	jaminitach:3	jameenitach:2	jamineetach:1
जमिनीतील	jaminitil:3	jameenitil:2	jamineetil:1
जमिनीतून	jaminitun:3	jameenitun:2	jaminitoon:2	jameenitoon:1
जमिनीपासून	jaminipasun:3	jameenipasun:2	jameenipasoon:1	jamineepasun:1
जमिनीमध्ये	jaminimadhye:2	jameenimadhe:1	jameenimadhye:1	jamineemadhe:1
जमिनीलगत	jaminilagat:3	jameenilagat:2	jameeneelagat:1
जमिनीला	jaminila:2	jameenila:1	jameenilaa:1	jamineelaa:1
जमिनीवर	jaminivar:3	jameenivar:2	jamineevar:1
जमिनीवरचे	jaminivarche:2	jameenivarache:1	jameenivarche:1	jamineevarache:1
जमिनीवरील	jaminivaril:3	jameenivaril:2	jamieevaril:1
जमिनीस	jaminis:3	jameenis:2	jaminees:1
जमीन	jamin:4	jameen:3
जमीनही	jaminhi:2	jameenhi:1	jaminahi:1
जमीनीच्या	jaminichya:3	jameenichya:1
जमेची	jamechi:3	jamechee:1
जमैका	jamaica:1	jamaika:1	jamaiqa:1	jameca:1
जम्मू	jammu:4	jammoo:2	jammuu:1	jamoo:1
जम्मूमधील	jammumadhil:3	jammoomadhil:2
जय	jay:5	jai:2	zay:2	jaii:1
जयंत	jayant:3
जयंती	jayanti:4	jayantee:2	jayantii:1	zayantee:1
जयंतीच्या	jayantichya:3	jayanteechya:1
जयंतीनिमित्त	jayantinimitt:3	jayanteenimitt:1	jayantineemitt:1
जयंतीला	jayantila:3	jayanteela:1	jayanteelaa:1	jayantilaa:1
जयकर	jaykar:3	jaikar:1
जयकुमार	jaykumar:3
जयघोषाने	jayghoshane:3	jayghoshyane:1
जयदेव	jaydev:3	jaydeo:1	jaydew:1
जयद्रथ	jaydrath:3
जयपुर	jaypur:3	jaipur:1	jaypoor:1
जयपूर	jaipur:2	jaypoor:3	jaypur:3	jaipoor:1
जयप्रकाश	jayprakash:3
जयभीम	jaybhim:3	jaybheem:2
जयमाला	jaymala:3
जयराज	jayraj:3
जयराम	jayram:3
जयललिता	jaylalita:3	jaylaleeta:2
जयललितांच्या	jaylaleetanchya:2	jaylalitanchya:2	jaylalitachya:1
जयवंत	jayvant:3	jaywant:2
जयवर्धने	jayvardhane:2	jaywardhane:2
जयश्री	jayshree:3	jaishree:1	jaishri:1	jayashri:1
जयसिंगपूर	jaysingpur:3	jaysingpoor:2	jaisingpur:1
जयसिंह	jaysinh:2	jaysing:1	jaysingh:1
जयस्वाल	jaiswal:2	jaysval:1	jayswal:1
जयहिंद	jayhind:3	jaihind:1	jayheend:1
जया	jaya:4	zaya:1
जयेंद्र	jayendra:3
जर	jar:4
जरब	jarab:3
जरा	jara:4
जराशी	jarashi:3	jarashee:1
जरासंध	jarasandh:3
जराही	jarahi:3	jarahee:1
जरी	jari:3
जरुर	jarur:3	jaroor:1
जरुरी	jaruri:3	jarooree:1
जरूर	jarur:4	jaroor:3
जर्द	jard:3
जर्दा	jarda:3
जर्नल	journal:3	jarnal:2	garnal:1	gernal:1
जर्नी	jarni:1	jarnii:1	jaurney:1	journei:1
जर्मन	german:3
जर्मनांच्या	germanancha:1	germanchya:1	jarmananchya:1
जर्मनांनी	germananni:2	germanani:1
जर्मनी	germany:3
जर्मनीचा	germanycha:3
जर्मनीची	germanychi:3
जर्मनीचे	germanyche:2	germaniche:1
जर्मनीच्या	germanychya:3
जर्मनीत	germanit:2	germanyt:2
जर्मनीतील	germanytil:3
जर्मनीने	germanyne:3
जर्मनीमधील	germanymadhil:3
जर्मनीमध्ये	germanymadhye:3
जर्मनीला	germanyla:3
जर्मनीवर	germanyvar:3
जर्सी	jersey:2	jarsee:1	jarsey:1	jarshee:1
जल	jal:3
जलचर	jalchar:3
जलतरण	jaltaran:2	jalataran:1
जलद	jalad:3
जलदगती	jaladgati:3
जलप्रदूषण	jalpradushan:2	jalpradudhan:1
जलयुक्त	jalyukt:3	jalyookt:1
जलविद्युत	jalvidyut:2	jalvidhyoot:1	jalvidhyut:1	jalwidhyoot:1
जलसंपदा	jalsampada:2	jalsampda:1
जलाशय	jalashay:3
जलाशयात	jalashayat:3
जळ	jal:3
जळगांव	jalgaon:2	jalaganv:1	jalgav:1
जळगाव	jalgaon:3	jalgav:1
जळगावच्या	jalgaonchya:2	jalgavachya:1
जळगावमध्ये	jalgaonmadhe:1	jalgaonmadhye:1	jalgavmadhye:1
जळगावात	jalgaonvat:2	jalgaonwat:1	jalgavat:1
जळजळ	jaljal:2	jalajal:1
जळण	jalan:3
जळताना	jalatana:2	jaltana:1
जळाऊ	jalau:3	jalaoo:1
जळाल्या	jalalya:3
जळू	jaloo:2	jalu:2
जळून	jallun:1	jaloon:1	jalun:1
जवळ	javal:3	jawal:2
जवळकर	javalkar:2	jawalkar:2	javalakar:1
जवळच	jawalach:2	javalach:1	javalch:1
जवळचा	javalcha:1	jawalacha:1	jawalcha:1
जवळची	javalchi:1	jawalachee:1	jawalachi:1	jawalchi:1
जवळचे	jawalche:2	javalche:1	jawalache:1
जवळच्या	javalchya:1	jawalachya:1	jawalchya:1
जवळजवळ	javaljaval:2	jawaljawal:2	javaljawal:1	jawaljaval:1
जवळपास	javalpas:2	jawalpas:2
जवळपासची	javalpasachi:1	jawalpasachee:1	jawalpasachi:1	jawalpaschi:1
जवळपासच्या	javalpasachya:1	jawalpasachya:1	jawalpaschya:1
जवळीक	jawalik:2	javalik:1	jawaleek:1
जवळील	jawalil:2	javalil:1	jawaleel:1
जवळून	javalun:2	jawalun:2
जवळूनच	javalunach:2	jawalunach:2
जवान	javan:2	jawan:2
जवानांच्या	jawananchya:2	javananchya:1
जवाबदारी	javabdari:2	jawabdari:2
जवाहर	jawahar:3	javahar:1
जवाहरलाल	javaharlal:2	jawaharlal:3
जव्हार	javhar:2	jawhar:2
जव्हारच्या	javharchya:2	jawharchya:2
जशी	jashi:3	jashee:1
जशीच्या	jashichya:3	jasheechya:1
जस	jas:2	jasa:1
जसजसा	jasajasa:2	jasjasa:1
जसजसे	jasjase:2	jasajase:1
जसराज	jasraj:3
जसा	jasa:3
जसे	jase:3
जसेच्या	jasechya:3
जस्टिस	justice:2	justis:2
जस्त	jast:3
जहांगिर	jahangir:2	jahangeer:1
जहांगीर	jahangir:4	jahangear:1	jahangeer:1	jahangiir:1
जहागिरदार	jahagirdar:2	jahangeerdar:1	jahangirdar:1
जहागिरी	jahagiri:2	jahageeri:1
जहागिरीची	jahageerichi:1	jahagirchi:1	jahagirichi:1
जहागीर	jahagir:3
जहागीरदार	jahagirdar:3
जहाज	jahaj:3
जहाजांच्या	jahajanchya:3
जहाजांना	jahajanna:3
जहाजाचे	jahajache:3
जहाजात	jahajat:3
जहाजातून	jahajatun:3	jahajatoon:1
जहाजे	jahaje:3
जहाल	jahal:3
जा	ja:2	jaa:1
जांभळा	jambhala:2	jambhla:1
जांभळी	jambhli:2	jambhali:1
जांभळ्या	jambhalya:2	jambhlya:1
जांभूळ	jambhul:3	jambhool:1
जांभेकर	jambhekar:3
जांभ्या	jambhya:3
जाई	jai:2	jaai:2	jaii:1
जाईल	jaail:2	jaiil:1
जाउ	jaau:2	jau:1
जाऊ	jau:2	jaaoo:1	jaau:1
जाऊन	jaun:9	jaaun:2	jaoon:1
जाऊनही	jaunahi:2	jaaunahi:1	jaoonahi:1
जाग	jaag:3	jag:1
जागतिक	jagatik:6	jaagteek:2	jaagtik:2	jagtik:1
जागतिकीकरण	jaagtikikaran:2	jagtikikaran:2	jaagteekikaran:1
जागर	jaagar:3	jagar:1
जागरण	jaagaran:2	jaagran:1	jagran:1
जागरणे	jaagarne:2	jaagarane:1	jagarne:1
जागरुकता	jaagrukta:2	jaagarukata:1	jagrukta:1
जागरूकता	jaagrukta:1	jagarukata:1	jagrukata:1	jagrukta:1
जागल्या	jaglya:2	jaagalya:1	jaaglya:1
जागा	jaga:2	jaagaa:1
जागांचा	jagancha:2	jaagancha:1
जागांवर	jaganvar:3	jaganwar:1
जागाही	jagahi:2	jaagahee:1	jaagahi:1
जागी	jagi:2	jaagee:1	jaagi:1
जागीच	jagich:2	jaageech:1	jaagich:1
जागृत	jagrut:3	jagroot:1
जागृति	jagruti:2	jaagrooti:1	jaagruti:1
जागृती	jaagruti:2	jaagrooti:1	jagruti:1
जागे	jage:3	jaage:2
जागेची	jaagechi:2	jagechi:2	jaagechee:1
जागेचे	jaageche:2	jageche:2
जागेच्या	jaagechya:2	jagechya:2
जागेत	jaget:2	jaaget:2
जागेमध्ये	jaagemadhye:2	jaagemadhe:1	jagemadhe:1	jagemadhye:1
जागेवर	jaagevar:2	jagevar:2	jaagewar:1
जागेवरून	jagevarun:2	jaagevarun:1	jaagewarun:1	jagevaroon:1
जागेस	jaages:2	jages:2
जागोजागी	jagojagi:2	jaagojagi:2	jaagojaagi:1	jaagojagee:1
जाच	jaach:3	jach:2
जाट	jaat:3	jaatt:1	jatt:1
जाड	jaad:3	jaadd:1
जाडी	jaadi:2	jadi:2	jaadee:1
जाडीचे	jadiche:2	jaadeeche:1	jaadiche:1
जाण	jaan:2	jan:1	jana:1
जाणकार	jaankaar:1	jaankar:1	janakar:1
जाणकारांची	jaankaranchi:2	jaankaranchee:1	janakaranchi:1
जाणणारा	jaananara:2	jananara:1
जाणणारे	jaananaare:1	jananare:1	jannare:1
जाणण्याची	jaananyachi:2	jaananyachee:1	jananyachi:1
जाणता	jaanata:1	jaanta:1	janata:1
जाणवणे	jaanavane:1	jaanawane:1	janavane:1
जाणवत	jaanavat:1	jaanawat:1	janavat:1
जाणवते	jaanawate:1	jaanvate:1	janavate:1
जाणवतो	jaanavato:1	jaanawato:1	janavato:1
जाणवले	jaanavale:1	jaanawale:1	jaanvale:1	janavale:1
जाणवू	jaanavu:1	jaanawoo:1	jaanawu:1	jaanvu:1
जाणवेल	jaanawel:1	jaanvel:1	janavel:1
जाणार	janar:2	jaanaar:1
जाणारच	janarach:2	jaanaarach:1
जाणारा	janara:2	jaanaara:1
जाणारी	janari:5	jaanaari:1	janaree:1
जाणारे	janare:2	jaanaare:1
जाणार्‍या	janarya:2	jaanaarya:1
जाणाऱ्या	janarya:2	jaanaarya:1
जाणिवा	jaaneeva:1	jaaneewa:1	jaaniva:1	jaaniwa:1
जाणिवेच्या	janivechya:2	jaanivechya:1	jaaniwechya:1	janeevechya:1
जाणिवेने	janivene:2	jaaneevene:1	janeevene:1
जाणीव	janeev:3	jaaniv:1	jaaniw:1	janiv:1
जाणीवपूर्वक	jaanivpurvak:1	jaaniwpurvak:1	janivapurvak:1	janivpurvak:1
जाणीवा	janiva:2	jaaniva:1	jaaniwa:1
जाणून	janun:2	jaanun:1	janoon:1
जाणूनबुजून	janunbujun:3	janoonbujoon:1
जाणे	jane:2	jaane:1
जाणेही	janehi:2	jaanehi:1
जाण्याकरीता	janyakarita:3
जाण्याचा	jaanyacha:2	janyacha:2
जाण्याची	janyachi:2	jaanyachi:2
जाण्याचे	jaanyache:1	janayche:1	janche:1	janyache:1
जाण्याच्या	jaanyachya:2	janachya:1	janyachya:1
जाण्यात	janyat:2	jaanyaat:1	jaanyat:1
जाण्यापूर्वी	jaanyapurvi:2	janyapurvi:2
जाण्यापेक्षा	janyapeksha:3	jaanyapeksha:1
जाण्यावर	jaanyavar:2	janyavar:2	jaanyawar:1
जाण्यास	janyas:2	jaanyas:2
जाण्यासाठी	janyasathi:3	jaanyasathi:2
जात	jat:14	jaat:3
जातं	jat:2	jaatn:2	jaat:1	jatn:1
जातंय	jaatanya:1	jaatay:1	jatanya:1	jatay:1
जातक	jaatak:1	jatak:1	jataka:1
जाता	jata:3
जातांना	jatanna:2	jatana:1
जाताजाता	jatajata:3
जातात	jatat:2	jaatat:1
जाताना	jatana:3
जाति	jati:2	jaatee:1	jaati:1
जातिभेद	jaateebhed:1	jaatibhed:1	jatibhed:1	jatibheda:1
जातिव्यवस्था	jativyavastha:2	jaativyavstha:1
जाती	jaati:3	jati:2
जातींचा	jatincha:2	jaatincha:1
जातींची	jatinchi:2	jaatinchi:1
जातींचे	jatinche:2	jaatinche:1
जातींच्या	jatinchya:2	jaatinchya:1
जातींपैकी	jatinpaiki:2	jaatanpaiki:1
जातीचा	jaticha:2	jaaticha:1
जातीची	jatichi:2	jaatichi:1
जातीचे	jatiche:2	jaatiche:1
जातीच्या	jatichya:2	jaatichya:1
जातीत	jatit:2	jaatit:1
जातीतील	jatitil:2	jaatitil:1
जातीधर्माच्या	jatidharmachya:2	jaatidharmachya:1
जातीने	jatine:2	jaatine:1
जातीय	jatiya:2	jaatiy:1
जातील	jatil:2	jaatil:1
जातीला	jatila:2	jaatila:1
जातीसाठी	jatisathi:2	jaateesathee:1	jaatisathi:1
जाते	jate:2	jaate:1
जातेय	jatey:2	jaatey:1
जातो	jato:2	jaato:1
जादा	jada:2	jaada:1
जादुई	jadui:2	jaadooi:1	jaadui:1
जादुगार	jaadoogaar:1	jaadugaar:1	jadugaar:1	jadugar:1
जादू	jadu:2	jaadu:1	jadoo:1
जादूगर	jadugar:2	jaadoogar:1	jaadugar:1
जादूची	jaduchi:2	jaaduchee:1	jaaduchi:1
जाधव	jadhav:3	jadhaw:1
जानकी	janaki:2	jaanakee:1	jaanaki:1
जानपद	jaanpad:2	janpad:2
जानवे	janave:2	jaanave:1	jaanawe:1
जानेरो	jaanero:2	janero:1
जानेवारी	janevari:1	janewari:1	january:1
जाफर	jafar:2	jaafar:1
जाब	jaab:2	jab:1
जामखेड	jaamkhed:2	jamkhed:1
जामनगर	jamnagar:3	jaamnagar:1	jamanagara:1	zamanagara:1
जामनेर	jamner:2	jaamner:1
जामीनदार	jaamindar:2	jaameendar:1	jamindar:1
जायंट	giant:2	jaayant:1	jayant:1
जायचंय	jaayachay:1	jayachany:1	jaychay:1
जायचा	jayacha:2	jaayacha:1
जायची	jayachi:2	jaayachee:1	jaayachi:1
जायचे	jayche:3	jayache:2	jaayache:1
जायच्या	jayachya:2	jaayachya:1
जायफळ	jayphal:2	jaayfal:1	jaayphal:1
जायला	jaayala:2	jayla:1
जाये	jaie:1	jaiee:1	jaye:1	jayee:1
जारी	jaari:2	jaaree:1	jari:1
जाल	jaal:2	jal:2
जालंधर	jalandhar:3	jaalandhar:1	jalandhara:1	jalundhar:1
जालना	jaalna:1	jalana:1	jalna:1
जालियनवाला	jaaliyanvala:1	jaaliyanwala:1	jaliyanvala:1	jallianwala:1
जाळण्याची	jaalanyachi:2	jaalanyachee:1	jaalnyachi:1	jalanyachi:1
जाळी	jaali:3	jalee:1	jali:1
जाळीचा	jaalicha:3	jaaleecha:1	jalicha:1
जाळीचे	jaaliche:3	jaaleeche:1	jaliche:1
जाळून	jalun:2	jaloon:2
जाळे	jale:3
जावं	jaavn:1	javam:1	javan:1	jawn:1
जावई	javai:2	jawai:2	jaavai:1
जावडेकर	javadekar:3	jawadekar:1
जावळीच्या	javalichya:2	jawaleechya:1	jawalichya:1
जावा	java:2	jaava:1	jaavaa:1	jaawa:1
जावी	javee:2	javi:2
जावून	javoon:2	javun:2
जावे	jave:2	jaave:1	jawe:1
जावेद	javed:3	jawed:1
जाशील	jashil:2	jaashil:1	jasheel:1
जास्त	jasta:2	jaast:1	jast:1
जास्तच	jastach:3	jaastach:1
जास्ती	jastee:2	jasti:2
जास्तीचा	jasticha:2	jasteecha:1
जास्तीचे	jastiche:2	jasteeche:1
जास्तीत	jastit:2	jasteet:1
जास्तीतजास्त	jastajasta:1	jasteetajast:1	jastitjast:1
जाहिर	jahir:3	jaahir:1
जाहिरनामा	jahirnama:2	jaahirnama:1	jahiranama:1
जाहिरात	jahirat:3	jaahirat:1
जाहिरातदार	jahiratdar:2	jaahiraatdar:1	jahiratadar:1
जाहिराती	jahirati:3
जाहिरातींचा	jahiratincha:3
जाहिरातीचे	jahiratiche:3
जाहिरातीतून	jahiratitun:3	jahiratitoon:1
जाहीर	jahir:3
जाहीरनामा	jahirnama:3
जिंकणारा	jinkanara:3
जिंकणाऱ्या	jinkanarya:2	jinknarya:1
जिंकण्यास	jinkanyas:3
जिंकला	jinkala:3
जिंकली	jinkali:3
जिंकले	jinkale:3
जिंकलेला	jinkalela:2	jinkalelaa:1
जिंकलेले	jinkalele:3
जिंकलो	jinkalo:3
जिंकल्या	jinkalya:3
जिंकल्यामुळे	jinkalyamule:2	jinkalyamulhe:1
जिंकल्यावर	jinkalyavar:3	jinkalyawar:1
जिंकून	jinkun:3
जिंके	jinke:3
जिंदगी	jindagi:5	zindagi:3	jindagee:2	jiindagii:1
जिंदाल	jindal:2	jindaal:1
जिच्यात	jichyat:3
जिच्याशी	jichyashi:3	jeechyashi:1
जिजाऊ	jiajau:1	jijaau:1	jijaoo:1
जिजाबाई	jijabai:2	jijabaai:1
जिजाबाईंना	jijabainna:2	jijaabaainnaa:1
जिजाबाईंनी	jijabainni:2	jijaabaaiinni:1
जिजामाता	jijamata:2	jijaamata:1
जितका	jitka:2	jeetka:1	jitakaa:1
जितकी	jitaki:2	jitki:1
जितके	jitake:2	jitke:1
जितक्या	jitakya:2	jitkya:1
जितेंद्र	jitendra:3
जिथून	jithun:2	jithoon:1
जिथे	jithe:3
जिद्द	jidda:2	jidd:1
जिद्दीने	jiddine:3
जिना	jina:2	jeenaa:1	jinaa:1
जिनिव्हा	jinivha:2	jeenivha:1	jeneva:1
जिने	jine:3
जिन्दगी	jindagi:2	zindagi:2
जिभेचा	jibhecha:3
जिभेचे	jibheche:3
जिभेच्या	jibhechya:3
जिम	gym:3	jim:2	jeam:1	jeem:1
जिमखाना	gymkhana:3
जिमी	jimi:4	jiimii:2	jimy:2	zimi:2
जिया	jiya:4	gia:1	ziya:1
जिरे	jire:3	jeere:1
जिरेटोप	jiretop:2	jiretope:1
जिर्णोद्धार	jirnoddhar:2	jirnodhdaar:1
जिला	jila:2	jilaa:1
जिल्यातील	jilyatil:2	jilhyatil:1
जिल्हयाचे	jilhyache:3
जिल्हयातील	jilhyatil:3
जिल्हा	jilha:3	jilhaa:1	zilha:1
जिल्हात	jeelhyant:1	jilhyant:1	jilhyat:1
जिल्हाधिकारी	jilhadhikari:3
जिल्हानिहाय	jilhanihay:3
जिल्हावार	jilhavar:2	jeelhavar:1	jilhavaar:1	jilhawaar:1
जिल्हास्तरावर	jilhastaravar:3	jeelhastaravar:1	jilhastarawar:1
जिल्हास्तरीय	jilhastariy:2	jeelhastariy:1	jilhastariya:1
जिल्हे	jilhe:3	jeelhe:1	jile:1
जिल्ह्यांचे	jilhyanche:3	jeelhyanche:1
जिल्ह्यांच्या	jilhyanchya:3	jeelhyanchya:1
जिल्ह्यांत	jilhyant:5	jeelhyant:3	jilhyanta:1
जिल्ह्यांतील	jilhyantil:3	jeelhyantil:1
जिल्ह्यांना	jilhyanna:3	jeelhyanna:1
जिल्ह्यांपैकी	jilhyanpaiki:3	jeelhyanpaiki:1
जिल्ह्यांमध्ये	jilhyanmadhye:4	jeelhyanmadhye:2	jilhyanmadhe:1
जिल्ह्यांसाठी	jilhyansathi:3	jeelhyansathi:1
जिल्ह्याचा	jilhyacha:4	jeelhyacha:1	jeelhyancha:1	jilhyancha:1
जिल्ह्याची	jilhyachi:3	jeelhyachi:1
जिल्ह्याचे	jilhyache:5	jeelhyanche:2	jilhyanche:2	jeelhyache:1
जिल्ह्याच्या	zillyachya:2	jilhyachya:5	jeelhyanchya:2	jilhyanchya:2
जिल्ह्यात	zillhyat:2	jilhyat:4	jeelhyant:1	jeelhyat:1
जिल्ह्यातच	jilhyatach:3	jeelhayatach:1
जिल्ह्यातला	jilhyatala:3	jeelhayatala:1
जिल्ह्यातले	jilhyatale:3	jeelhayatale:1
जिल्ह्यातल्या	zillyatlya:3	jilhyatalya:3	jeelhayatalya:1
जिल्ह्यातील	jilhyatil:4	jeelhyantil:1	jeelhyatil:1	jilhyantil:1
जिल्ह्यातून	jilhyatun:4	jilhyatoon:2	jeelhyantoon:1	jeelhyantun:1
जिल्ह्यामधील	jilhyamadhil:3	jeelhyamadhil:1
जिल्ह्यामध्ये	jilhyamadhye:3	jeelhyamadhye:1
जिल्ह्याला	jilhyala:3	jeelhyala:1
जिल्ह्याविषयी	jilhyavishayi:2	jeelhyavishayi:1	jilhyavushayi:1
जिल्ह्यास	jilhyas:3	jeelhyas:1
जिल्ह्यासाठी	jilhyasathi:3	jeelhyasathi:1
जिवंत	jeevanta:4	jivant:2	jeevant:1	jivanta:1
जिवा	jiva:3	jeeva:1
जिवांचा	jivancha:3	jeevanchi:1
जिवांची	jivanchi:3	jeevanchi:1
जिवाचे	jivache:3	jeevache:1
जिवाणू	jivanu:3	jivanoo:2	jeevanoo:1	jeevanu:1
जिव्हाळा	jivhala:3	jeevhala:1
जिहाद	jihad:4	jeehad:2	jihada:1	jiihad:1
जिह्यातील	jilhyatil:3	jeelhyatil:1
जी	ji:4	jee:2	gi:1	gii:1
जीन	jean:4	jin:4	jeen:3	jen:2
जीभ	jibh:3	jeebh:1
जीर्णोद्धार	jeernoddhar:1	jirnoddhar:1	jirnodhhar:1
जीर्णोध्दार	jeernoddhar:1	jirnoddhar:1	jirnodhhar:1
जीव	jeev:3	jiv:2
जीवंत	jivant:2	jeevant:1	jiwant:1
जीवघेणी	jivgheni:2	jeevghenee:1
जीवतोड	jivtod:2	jeevatod:1
जीवधन	jeevadhan:1	jivdhan:1	jiwadhan:1
जीवन	jeevan:6	jivan:3	jiwan:2	jeewan:1
जीवनकथा	jeevankathaa:1	jivankatha:1	jiwankatha:1
जीवनक्रम	jeevankram:1	jivankram:1	jiwankram:1
जीवनगाथा	jeevangaathaa:1	jivangatha:1	jiwangatha:1
जीवनगौरव	jeevangaurav:2	jivangaurav:2	jeevangourav:1
जीवनचक्र	jivanchakra:2	jeevanchakr:1
जीवनदान	jeevandan:1	jivandaan:1	jiwandaan:1
जीवनमान	jeevanman:1	jivanman:1	jiwanmaan:1
जीवनयात्रा	jivanyatra:2	jeevanyatra:1
जीवनशैली	jivanshaili:2	jeevanshailee:1
जीवनशैलीत	jivanshailit:2	jeevanshaileet:1
जीवनसत्त्व	jivansatva:2	jeevansatv:1
जीवनसत्त्वे	jivansatwe:2	jeevansattve:1	jivansatve:1
जीवनसत्वांचा	jivansatwancha:2	jeevansatvancha:1	jivansatvancha:1
जीवनसत्वे	jivansatwe:2	jeevansatve:1	jivansatve:1
जीवनाचा	jeevanacha:3	jivanacha:2
जीवनाची	jeevanachee:1	jivanaachi:1	jivanachi:1
जीवनाचे	jeevanache:1	jivanaache:1	jivanache:1
जीवनाच्या	jeevanachya:1	jivanaachya:1	jivananachya:1
जीवनात	jeevanat:1	jivanaat:1	jivanat:1
जीवनातील	jeevanateel:1	jivanatil:1	jivnaatil:1
जीवनाबद्दल	jeevanabaddal:1	jivanaabaddal:1	jivanabaddal:1
जीवनाला	jeevanala:1	jivanaalaa:1	jivanala:1
जीवनावर	jeevanavar:1	jivanaawar:1	jivanavar:1
जीवनावरील	jeevanavareel:1	jivanaavaril:1	jivanavaril:1
जीवनासाठी	jivanasathi:2	jeevanasathee:1
जीवशास्त्र	jeevashastr:1	jivashastra:1	jiwashastra:1
जीवसृष्टी	jeevasrushtee:1	jivasrushti:1	jiwashrushti:1
जीवसृष्टीचे	jeevasrushteeche:1	jivasrushtiche:1	jiwasrushtiche:1
जीवा	jeeva:1	jiva:1	jiwa:1
जीवांचे	jeevanche:1	jivanche:1	jiwanche:1
जीवांच्या	jeevanchya:1	jivanchya:1	jiwanchya:1
जीवांना	jeevanna:1	jivanna:1	jiwanna:1
जीवाचा	jeevacha:1	jivacha:1	jiwacha:1
जीवाणू	jeevanoo:1	jivanu:1	jiwanu:1
जीवाणूंचा	jeevanooncha:1	jivannuncha:1	jiwanuncha:1
जीवाने	jeevane:1	jivane:1	jiwane:1
जुआन	juaan:3	juan:2	jaan:1	jooan:1
जुई	jui:2	juee:1	juii:1
जुन	jun:2	june:1
जुना	juna:3
जुनागड	junagad:2	junagadh:1	junagarh:1
जुनागढ	junagadh:3	junagarh:1
जुनाट	junat:3
जुनी	juni:2	junee:2
जुने	june:3
जुन्नर	junnar:3
जुन्नरला	junnarla:3
जुन्या	junya:3
जुमानता	jumanata:2	jumanta:1
जुलमी	julami:2	julamee:1
जुलाब	julab:3
जुलूम	juloom:2	julum:2
जुलै	july:3	julai:3	zulai:1
जुलैचा	julaicha:2	julycha:2
जुलैमध्ये	julaimadhye:2	julymadhye:2
जुल्स	jaals:1	jools:1	jules:1	juls:1
जुळता	julata:3
जुळले	julale:3
जुळवून	julavun:2	julavoon:1	julvoon:1
जुळा	jula:3
जुळी	julee:2	juli:2
जुळे	jule:3
जुळ्या	julya:3	julyaa:1
जुहू	juhu:3	juhoo:2	joohoo:1	juhuu:1
जूते	jute:2	joote:1
जून	june:3	joon:2	jaan:1	jun:1
जूनपर्यंत	joonparyant:1	juneparyant:1	junparyanta:1
जॅक	jack:3	jacq:1	jaek:1	jaik:1
जॅकलीन	jackline:3	jackleen:1
जॅकी	jacky:3	jackie:2	jacqy:2	jaki:2
जॅक्सन	jackson:3	jacsan:1	jacshon:1	jacson:1
जॅक्सनच्या	jacksonchya:2	jacksonchyaa:1	jaksanchya:1
जॅझ	jaj:1	jajj:1	jazz:1	zaz:1
जॅपनीज	japanese:2	japaneej:1
जॅम	jaam:1	jam:1	jyam:1	zaam:1
जे	je:2	j:1
जेंव्हा	jemvha:1	jenvha:1	jenvhaa:1	jevha:1
जेजुरी	jejuree:2	jejuri:1	jeruri:1
जेजुरीचा	jejureecha:2	jejuricha:2	jejooricha:1	jejoorichaa:1
जेट	jet:3	jeet:1	zet:1
जेड	jade:1	jadee:1	jed:1	jeed:1
जेणेकरुन	jenekaroon:2	jenekarun:2
जेणेकरून	jenekaroon:2	jenekarun:2
जेथे	jethe:3
जेधे	jedhe:3
जेन	jen:4	jain:2	gen:1	jane:1
जेन्नर	geenneer:1	gener:1	gennar:1	genner:1
जेफ्री	jeffrey:2	jefree:2	jefri:2	jeefree:1
जेमतेम	jemtem:3
जेमिनी	gemini:2	jeminee:1	jemini:1
जेम्स	james:3	jems:3	gems:1	gemsh:1
जेरी	jeri:2	jerry:2	jaiirii:1	jaiiry:1
जेरीस	jeris:2	jerees:1
जेरुसलेम	jerusalem:3	jaroosalem:1	jarusalem:1	jeeroosaleem:1
जेल	jail:3	jel:3	gel:1	jeeil:1
जेली	jaili:2	jelly:2	jaiile:1	jaiilii:1
जेवढी	jevadhee:2	jevadhi:2	jevdhee:1	jevdhi:1
जेवढे	jevadhe:3	jevdhe:1
जेवण	jevan:4
जेवणाचा	jevanacha:3	jevanaacha:1	jevanachaa:1	jewanaacha:1
जेवणाची	jevanachi:3	jevanaachi:1	jewanachi:1
जेवणात	jevanat:3	jevanaat:1	jewanat:1
जेवणानंतर	jevanaanantar:1	jevananantar:1	jevanannatar:1	jevanantar:1
जेवताना	jevatana:3	jevataana:1	jevataanaa:1	jevatanaa:1
जेवायला	jevayla:2	jevaayala:1	jevaayalaa:1	jevayala:1
जेवावयास	jevaavayaas:1	jevaavayas:1	jevavayas:1	jevavyas:1
जेव्हा	jevha:3	jevhaa:1
जेव्हां	jevhan:3
जेष्ठ	jeshtha:2	jeshth:1	jesth:1
जेसन	jason:2	jeson:2	jeesan:1	jeeson:1
जैन	jain:4	jaina:1	jan:1	jen:1
जैनांचे	jainanche:3	jainaanche:1
जैमिनी	gemini:2	jemini:2	jaimini:1
जैव	jaiv:3
जैवविविधता	jaivavividhata:3	jaivavividhataa:1
जैविक	jaivik:3	jaiwik:1
जॉक	jac:1	jack:1	jak:1	jaq:1
जॉगिंग	jogging:4	jagging:1	jagin:1	jaging:1
जॉन	john:9	jon:4	jan:1	zan:1
जॉनी	johny:2	jony:2	jani:1	janii:1
जॉन्सन	johnson:3	jonson:1
जॉन्सनने	johnsonne:3	jonsonne:1
जॉब	jab:1	job:1	zab:1	zob:1
जॉर्ज	george:3
जॉर्जिया	georgia:3
जॉर्डन	jordan:2	jardan:1	jardana:1	jorden:1
जो	jo:4	joe:1	joo:1	jooe:1
जोंधळे	jondhale:2	jondhle:1
जोकर	jokar:3	joker:3	jockar:1	jocker:1
जोखीम	jokhim:3
जोग	jog:4	joog:1	zog:1
जोगळेकर	jogalekar:2	joglekar:1
जोगवा	jogawa:2	jogava:1	jogavaa:1	jogawaa:1
जोगेश्वरी	jogeshwari:3	jogeshwaree:1
जोझेफ	jojheph:1	joseph:1	jozef:1	jozeph:1
जोड	jod:3
जोडगोळी	jodgoli:3	jodgolee:1
जोडगोळीचा	jodgolicha:2	jodagoleecha:1	jodagolicha:1	jodagolichaa:1
जोडगोळीने	jodgoline:3	jodagoleene:1	jodagoline:1	jodgoleene:1
जोडणारा	jodanara:2	jodnara:2	jodanaara:1	jodanaaraa:1
जोडणारी	jodnari:2	jodanari:1	jodnaari:1	jodnaree:1
जोडणाऱ्या	jodanarya:2	jodanaarya:1	jodanaryaa:1	jodnarya:1
जोडणी	jodani:2	jodni:2	jodanee:1	jodnee:1
जोडणे	jodane:2	jodne:2
जोडण्यात	jodanyat:2	jodnyat:2
जोडण्यासाठी	jodanyasathi:3	jodnyasathi:2	jodanyasathee:1	jodnyasathee:1
जोडतात	jodataat:2	jodatat:2	jodtat:2	jodtaat:1
जोडते	jodate:3	jodte:2
जोडतो	jodato:3	jodto:1
जोडपी	jodapi:3	jodpi:2	jodapee:1	jodpee:1
जोडला	jodla:2	jodala:3	jodalaa:1	jodlaa:1
जोडली	jodali:3	jodli:2	jodalee:1	jodlee:1
जोडले	jodle:4	jodale:3
जोडलेला	jodalela:3	jodlela:2	jodalelaa:1	jodlelaa:1
जोडलेली	jodaleli:3	jodleli:2	jodalelee:1	jodlelee:1
जोडलेले	jodalele:3	jodlele:2
जोडलेल्या	jodalelya:3	jodlelya:2	jodalelyaa:1	jodlelyaa:1
जोडल्या	jodalya:2	jodlya:2	jodalyaa:1	jodlyaa:1
जोडाक्षर	jodakshar:3	jodaakshar:1
जोडाक्षरे	jodakshare:3	jodaakshare:1
जोडी	jodi:5	jodee:2	jodie:1	jodii:1
जोडीची	jodichi:3	jodichee:1
जोडीदार	jodidar:3	jodeedar:1	jodidaar:1
जोडीदाराला	jodidarala:3	jodidaarala:1	jodidaraala:1	jodidaralaa:1
जोडीदाराशी	jodidarashi:3	jodidaarashi:1	jodidaraashi:1	jodidarashee:1
जोडीने	jodine:3
जोडीला	jodila:3
जोडून	jodun:3	jodoon:1
जोडूनच	jodunach:3	jodoonach:1
जोडे	jode:3
जोड्या	jodya:4
जोतिबा	jotiba:3	jyotiba:2
जोतिबाचे	jotibache:3	jyotibache:1
जोतिष	jotish:3
जोतीराव	jotirao:3	jotirav:2	joteerav:1	joteetao:1
जोधपुर	jodhpur:3
जोधपूर	jodhpur:4	jodhpoor:2	jodhapur:1	jodhapuur:1
जोधा	jodha:3
जोन	john:2	jon:2	joan:1
जोनाथन	jonathan:4	jonathana:1	jonethan:1	jonethana:1
जोन्स	jones:2	jons:2	johnes:1	jonesh:1
जोपर्यंत	joparyant:2	joparyanta:1
जोपासणारे	jopasanare:2	jopasnare:1
जोपासना	jopasana:3	jopasna:1
जोमात	jomat:3
जोमाने	jomane:3
जोर	jor:4	joor:1	zor:1
जोरदार	jordar:2	joradar:1	jordaar:1
जोराचा	joracha:3
जोरात	jorat:2	joraat:1
जोरावर	jorawar:3	joravar:1	zoravar:1	zorawar:1
जोली	jolee:1	joli:1	jolii:1	jolly:1
जोशी	joshi:4	jooshee:1	jooshi:1	josee:1
जोशींचा	joshincha:3
जोशींना	joshinna:3
जोशींनी	joshinni:3
जोषी	joshi:3	joshee:1
जोसेफ	joseph:5	josef:3	jooseph:2	joseeph:2
जोहार	johar:1	johara:1	joohar:1	joohara:1
जोहोर	johor:1	joohoor:1	zohor:1
जौनपुर	jaunpur:3	jonpur:1
ज्ञात	dnyat:2	gyat:2
ज्ञाती	dnyati:2	gyati:2
ज्ञान	dnyan:2	gyan:2
ज्ञानकोश	dnyankosh:2	gyankosh:2
ज्ञानगंगा	dnyanganga:2	gyanganga:2
ज्ञानदीप	dnyandip:2	gyandeep:2	gyandip:2	dnyandeep:1
ज्ञानदेव	dnyandev:2	gyandeo:2	gyandev:2	dnyandeo:1
ज्ञानदेवांची	gyandevanchi:2	dnyandevanchi:1	dnyandewanchi:1
ज्ञानपीठ	dnyanpith:2	gyanpeeth:2	gyanpith:2	dnyanpeeth:1
ज्ञानप्राप्ती	dnyanprapti:2	gyanprapti:2
ज्ञानभाषा	dnyanbhasha:2	gyanbhasha:2
ज्ञानयज्ञ	dnyanyadnya:2	gyanyagya:2
ज्ञानशाखा	dnyanshakha:2	gyanshakha:2
ज्ञानही	dnyanahi:2	gyanahi:2
ज्ञानाचा	dnyanacha:2	gyanacha:2
ज्ञानाची	dnyanachi:2	gyanachi:2
ज्ञानाचे	dnyanache:2	gyanache:2
ज्ञानाच्या	gyanachya:2	dnyanachya:1	gyaanachya:1	gyanaachya:1
ज्ञानात	gyanat:2	dnyanat:1	gyaanaat:1	gyaanat:1
ज्ञानामुळे	gyanamule:2	dnyanamule:1	gyaanamule:1	gyanaamule:1
ज्ञानार्जन	gyanarjan:2	dnyanarajan:1	gyaanarjan:1	gyanaarjan:1
ज्ञानी	gyani:2	dnyani:1	gyaanee:1	gyaani:1
ज्ञानेश्वर	dnyaneshwar:5	gyaneshwar:2
ज्ञानेश्वरांच्या	gyaneshwaranchya:2	dnyaneshwaranchya:1	gyaneshwaraanchya:1	gyaneshwaraanchyaa:1
ज्ञानेश्वरांना	gyaneshwaranna:2	dnyaneshwaranna:1	gyaneshwaraanna:1	gyaneshwarannaa:1
ज्ञानेश्वरांनी	gyaneshwaranni:2	dnyaneshwaranni:1	gyaneshwaraanni:1	gyaneshwarannee:1
ज्ञानेश्वरी	dnyaneshwari:2	gyaneshwari:2
ज्ञानेश्वरीचे	gyaneshwariche:2	dnyaneshwariche:1
ज्ञानेश्वरीतील	dnyaneshwaritil:2	gyaneshwaritil:2
ज्या	jya:3
ज्यांचा	jyancha:2	jaacha:1	jyaancha:1
ज्यांची	jyanchi:2	jaanchi:1	jyaanchi:1
ज्यांचे	jyanche:2	jaanche:1	jyaanche:1
ज्यांच्या	jyanchya:3	jaanchya:1
ज्यांच्याशी	jyanchyashi:3
ज्यांना	jyanna:2	jyaana:1
ज्यांनी	jyanni:2	jyaani:1
ज्याचा	jyacha:3
ज्याची	jyachi:3	jyachee:1
ज्याचे	jyache:3
ज्याच्या	jyachya:3
ज्यात	jyat:3
ज्यातील	jyatil:3
ज्यातून	jyatun:3	jyatoon:1
ज्यादा	jyada:3	jyadaa:1
ज्याद्वारे	jyadware:3	jyadvaare:1	jyadvare:1	jyadwaare:1
ज्याने	jyane:3
ज्याप्रकारे	jyaprakare:3
ज्याप्रमाणे	jyapramane:3
ज्यामध्ये	jyamadhye:3
ज्यामुळे	jyamule:2	jyamulhe:1
ज्याला	jyala:3
ज्यावर	jyavar:2	jyawar:1
ज्यावेळी	jyaveli:2	jyavelhi:1
ज्यावेळेस	jyaveles:2	jyavelhes:1
ज्यास	jyas:3
ज्युलियन	julian:3	jyuliyan:1
ज्युलियस	julias:2	julius:1	jyuliyas:1
ज्यू	jew:3	ju:1	jyoo:1	jyu:1
ज्यूंचा	jyuncha:2	jewncha:1	jyooncha:1
ज्यूंना	jewnna:1	juanna:1	jyoonna:1	jyunna:1
ज्यूट	jyut:2	jute:1	jyoot:1
ज्येष्ठ	jyestha:2	jeshtha:1	jyeshth:1	jyeshtha:1
ज्योत	jyot:3
ज्योतिबा	jyotiba:3
ज्योतिराव	jyotirao:3	jyotirav:2
ज्योतिर्लिंग	jyotirling:3	jyotirlinga:1
ज्योतिर्लिंगांपैकी	jyotirlinganpaiki:2	jyotirlingapaiki:1
ज्योतिष	jyotish:3
ज्योतिषी	jyotishi:3
ज्योती	jyoti:4	jootee:1	jotee:1	jyootee:1
ज्योतीच्या	jyotichya:3
ज्योत्स्ना	jyotsna:2	jyotsana:1
ज्वर	jvar:2	jwar:2
ज्वलन	jwalan:3	jvalan:1
ज्वारी	jwari:3
ज्वारीची	jwarichi:3
ज्वारीचे	jwariche:3
ज्वारीच्या	jwarichya:3
ज्वाला	jwala:3
ज्वालाग्रही	jwalagrahi:2	jwalagrhi:1
ज्वालामुखी	jwalamukhi:3
ज्वालामुखीच्या	jwalamukhichya:3
ज्वालामुखीतून	jwalamukhitun:3
ज्वाळा	jwala:3
ज्वेलरी	jeeweelleery:1	jevellery:1	jewelery:1	jewellary:1
झंकार	jhankar:2	zankar:2
झगमगत्या	jhagmagatya:1	jhagmagtya:1	zagmagatya:1	zagmagtya:1
झटका	zataka:2	jhatka:2	zatka:1
झटपट	jhatpat:2	zatpat:1
झडप	jhadap:2	zadap:1
झणझणीत	jhanajhait:1	jhanajhaneet:1	jhanjhanit:1	zanazaniit:1
झनक	jhanak:2	zanak:2
झपाटा	jhapata:2	zapata:1	zatpata:1
झपाटून	jhapatun:2	zapatoon:2	jhapatoon:1	zapaatoon:1
झपाट्यानं	jhapatyanan:1	jhapatyann:1	zapaatyaanam:1	zapatyanam:1
झपाट्याने	jhapatyane:3	zapatyane:3	zapaatyane:2	zapatyaane:1
झरदारी	jharadaari:1	jharadari:1	jhardari:1	zaradaari:1
झरा	jhara:2	zara:2	zaraa:1
झरे	jhare:2	zare:2
झळकत	jhalakat:2	zalakat:2	jhalhkat:1
झळकलेल्या	jhalakalelya:1	jhalakalya:1	jhalhaklelya:1	zalakalelya:1
झळकल्या	jhalakalya:2	zalakalya:2	jhalhkalya:1
झहीर	zahir:2	jhahir:1	zaheer:1
झा	jha:3	za:1	zaa:1
झांबरे	jhambare:2	zambare:2
झांबिया	jambia:1	jambiya:1	zambia:1	zambiya:1
झाक	jhak:3	zak:2
झाकण	jhakan:3	zakan:2
झाकणे	jhakane:2	zakane:2	jhakne:1
झाकलेला	jhakalela:2	zakalela:2	jhaklela:1
झाकलेले	jhakalele:2	zakalele:2	jhaklele:1
झाकलेल्या	jhakalelya:2	zakalelya:2	jhaklelya:1
झाकिर	zakir:3	jhaakir:1	jhakir:1	zaakir:1
झाकून	jhakun:3	zakun:2	jhakoon:1	zakoon:1
झाड	zad:3	jhad:4	zada:1
झाडं	jhada:1	jhadan:1	jhadn:1	zada:1
झाडल्या	jhadalya:2	zadalya:2	jhadlya:1
झाडांचा	jhadancha:3	zadancha:2
झाडांची	jhadanchi:3	zadanchi:2
झाडांचे	jhadanche:3	zadanche:2
झाडांच्या	jhadanchya:3	zadanchya:2
झाडांना	jhadanna:3	zadanna:2
झाडांनी	jhadanni:2	zadanni:2	jahdanni:1
झाडांवर	jhadanvar:3	zadanvar:2
झाडांवरील	jhadanvaril:3	zadanvaril:2
झाडाखाली	jhadakhali:3	zadakhali:2
झाडाचा	jhadacha:3	zadacha:2
झाडाची	jhadachi:3	zadachi:2
झाडाचे	jhadache:3	zadache:2
झाडाच्या	zaadachya:2	jhadachya:3	zadachya:2
झाडात	jhadat:3	zadat:2	jhadaat:1	zadaat:1
झाडापासून	jhadapasun:3	zadapasun:2	jhaadapasun:1	jhadaapasun:1
झाडाला	jhadala:3	zadala:2	jhaadala:1	jhadaala:1
झाडावर	jhadavar:3	zadavar:2	jhaadavar:1	jhadaavar:1
झाडावरच	jhadavarach:3	zadavarach:2	jhaadavarch:1	jhadaavarch:1
झाडावरच्या	jhadavarchya:2	jhaadavarchya:1	jhadaavarchya:1	jhadavarachya:1
झाडावरील	jhadavaril:3	zadavaril:2	jhaadavaril:1	jhadaavaril:1
झाडी	jhadi:3	zadi:2	jhaadi:1	jhadee:1
झाडीत	jhadit:3	zadit:2	jhaadit:1	jhadeet:1
झाडून	jhadun:3	zadun:2	jhaadun:1	jhaazoon:1
झाडे	zade:5	jhade:3	jhaade:1	zaade:1
झाडेही	jhadehi:3	zadehi:2	jhaadehi:1	jhadehee:1
झाबुआ	jhabua:2	jhaabooa:1	jhaabua:1	jhabooa:1
झार	jhar:3	zar:2	jhaar:1	zaar:1
झारखंड	jharkhand:3	jarakhanda:1	jaraqhanda:1	jharkhanda:1
झारखंडच्या	jharkhandchya:2	jharkhandachya:1	jharkhandchyaa:1
झारखंडमधील	jharkhandmadhil:2	jharkhandamadhil:1	jharkhandmadheel:1
झाल	jhal:2	jhaal:1	zaal:1	zal:1
झालं	jhaln:2	jhaal:1	jhaaln:1	jhal:1
झालंय	jhalany:2	zalay:2	jhaalay:1	jhalay:1
झालर	jhalar:2	zalar:2	jhaalar:1	zaalar:1
झाला	zala:43	jhala:2	jhaala:1	jhalaa:1
झालाच	jhalach:2	zalach:2	jhaalach:1	jhalaach:1
झालाय	jhalay:2	zalay:2	jhaalay:1	jhalaay:1
झाली	zali:35	jhali:2	jhaalee:1	jhaali:1
झालीच	jhalich:2	zalich:2	jhaalich:1	jhaleech:1
झाले	zale:49	jhaale:2	jhale:2	zaale:1
झालेच	jhalech:2	zalech:2	jhaalech:1	zaalech:1
झालेला	zalela:3	jhalela:2	jhaalela:1	jhalelaa:1
झालेली	zaleli:6	jhaleli:2	jhaaleli:1	jhalelee:1
झालेले	jhalele:2	zalele:2	jhaalele:1	zaalele:1
झालेल्या	zalelya:15	jhalelya:2	jhaalelya:1	jhalelyaa:1
झालो	jhalo:2	zalo:2	jhaalo:1	zaalo:1
झाल्या	zalya:7	jhalya:2	jhaalya:1	jhalyaa:1
झाल्याचा	jhalyacha:2	hallyacha:1	jhaalyacha:1	jhalyaacha:1
झाल्याची	jhalyachi:2	zalyachi:2	jhaalyachi:1	jhalyaachi:1
झाल्याचे	jhalyache:2	zalyache:2	jhaalyache:1	jhalyaache:1
झाल्याच्या	jhalyachya:2	jhaalyachya:1	jhalachya:1	jhalachyaa:1
झाल्यानंतर	zalyanantar:4	jhalyanantar:2	jhaalyanantar:1	zaalyanantar:1
झाल्यानंतरच	jhalyanantarch:2	jhaalyanantar:1	jhalyaanantarch:1	zaalyanantarch:1
झाल्यानंतरचे	jhalyanantarche:2	zalyanantarache:1
झाल्यानंतरच्या	jhalyanantarchya:2	zalyanantarachya:1
झाल्यानंतरही	jhalyanantarhi:2	zalyanantarahi:1
झाल्याने	zalyane:4	jhalyane:2
झाल्यापासून	jhalyapasoon:1	jhalyapasun:1	zalyapasun:1
झाल्यामुळे	zalyamule:3	jhalyamule:1	jhalyamulhe:1
झाल्यावर	zalyavar:4	jhalyavar:2
झाल्यावरच	jhalyavarach:2	zalyavarach:1
झाल्याशिवाय	jhalyashivay:2	zalyashivay:1
झाल्यास	jhalyas:2	zalyas:1
झाशी	zashi:2	jhansi:1	jhasi:1
झाशीची	jhansichi:1	jhashichi:1	zashichi:1
झाशीच्या	jhanshichya:1	jhashichya:1	zashichya:1
झिंटा	zinta:3	jhinta:1
झिंबाब्वे	zimbabwe:3
झिजत	zijat:2	jhijt:1
झिप	jeap:1	jeep:1	jip:1	zeap:1
झिम्बाब्वे	zimbabwe:4	jimbabve:1	jimbabvee:1	jimbabwe:1
झिया	ziya:3	jea:1	jhiya:1	jia:1
झिरपले	jhirpale:2	zirapale:1
झी	zee:3	jee:1	jhi:1	ji:1
झीज	zij:2	jheej:1	jhij:1	zeej:1
झीनत	zinat:3	zeenat:1
झीरो	zero:3
झीलंड	zealand:2	zilanda:1
झुंज	jhunj:2	zunj:1	zunja:1
झुंजवत	jhunjvat:1	jhunjwat:1	zunjavat:1	zunjwat:1
झुंजार	jhunjar:2	zunjar:2
झुंजी	jhunji:2	zunji:2	jhunjee:1
झुंडीच्या	jhundichya:2	zundichya:2
झुंडीने	jhundine:2	zundine:2	jhundeene:1
झुंबर	jhumbar:2	zumbar:2	jhumar:1
झुकले	zukale:2	jhukale:1	jhukle:1
झुकलेले	zukalele:2	jhukalele:1	jhuklele:1
झुकेरबर्ग	zuckerberg:2	jhukerbarg:1	zukerbarg:1
झुगारून	jhugarun:2	zugarun:2
झुडपात	zudapat:2	jhudapaat:1	jhudapat:1	jhudpat:1
झुडपी	zudapi:2	jhudapi:1	jhudpi:1
झुडपे	jhudape:1	jhudpe:1	zudape:1	zudpe:1
झुडुप	jhudup:2	zudup:2
झुपकेदार	zupakedar:2	jhupakedar:1	jhupkedar:1
झुलू	zulu:4	jhuloo:1	jhulu:1	joolu:1
झेंडा	zenda:3	jhenda:1
झेंडूची	zenduchi:3	jhendoochi:1	jhenduchi:1	zendoochi:1
झेंडूच्या	zenduchya:3	jhendoochya:1	jhenduchya:1	zendoochya:1
झेंडे	zende:2	jhende:1	zhende:1
झेक	zek:3	jhek:1	zeck:1
झेन	zen:4	jhen:2	jeen:1	jen:1
झेप	jhep:2	zep:2
झेपावत	jhepavat:2	zepavat:2
झेपावले	jhepavale:2	zepavale:2
झेलम	jhelum:2	zelam:2	jhelam:1
झोका	zoka:2	jhoka:1
झोकून	jhokun:1	zokoon:1	zokun:1
झोके	zoke:2	jhoke:1
झोतात	zotat:2	jhotat:1
झोताने	zotane:2	jhotane:1
झोनल	zonal:2	zonela:1
झोप	zop:2	jhop:1
झोपडपट्टी	zopadpatti:2	zopadapatti:1
झोपडपट्टीतील	zopadpattitil:3
झोपडी	zopadi:2	jhopadi:1
झोपडीत	zopadit:2	jhopadit:1	jhopdeet:1	jhopdit:1
झोपते	jhopate:1	jhopte:1	zopate:1	zopte:1
झोपले	jhopale:2	zopale:2
झोपाळा	zopala:2	jhopala:1	jhopalha:1
झोपी	jhopi:2	zopi:2
झोपेत	jhopet:2	zopet:2
झोया	zoya:3	jhoya:1
टँकर	tanker:3
टंकलिखित	tankalikhit:2	tanklikhit:1
टंकलेखन	tanklekhan:2	tankalekhan:1
टंचाई	tanchai:3
टंचाईमुळे	tanchaimule:3
टंडन	tandon:3
टकमक	takmak:3
टक्कर	takkar:3
टक्कल	takkal:3
टक्के	takke:3
टक्केवारी	takkevari:3	takkewari:1
टक्क्यांनी	takkyanni:3
टक्क्यांपर्यंत	takkyanparyant:3
टक्क्यांपेक्षा	takkyanpeksha:3
टच	touch:3
टणक	tanak:3
टन	ton:4	tan:1	tun:1
टनेल	taneel:1	tanel:1	tunel:1	tunneel:1
टपाल	tapal:3
टप्पा	tappa:3
टप्पे	tappe:3
टप्प्यांची	tappyanchi:3	tappyanchee:1
टप्प्यांत	tappyant:3
टप्प्यांवर	tappyanvar:3	tappyanwar:1
टप्प्याचे	tappyache:3
टप्प्याटप्प्याने	tappyatappyane:3
टप्प्यात	tappyat:3
टप्प्यामध्ये	tappyamadhye:3
टप्प्यावर	tappyavar:2	tappayvar:1	tappyawar:1
टब	tab:1	taba:1	tub:1
टराटरा	taratara:3
टर्की	turkey:4	tarkee:1	tarki:1	tarkii:1
टर्न	tarn:1	tern:1	turn:1
टर्नर	turner:4	tarnar:1	turnar:1	turnur:1
टर्म	tarm:1	tarma:1	term:1
टर्मिनल	tarmeenal:1	tarminal:1	tarminala:1	termeenal:1
टर्मिनस	tarminas:1	tarminus:1	terminas:1	terminus:1
टळतो	talato:1	talhto:1	talto:1
टळला	talala:2	talhla:1
टळले	talale:2	talhle:1
टांकसाळ	taanksal:1	tanksal:1	tanksalh:1
टांगतात	tangtat:2	tangatat:1	tangtaat:1
टांझानिया	tanzania:4	tanjanea:1	tanjania:1	tanjaniya:1
टाइप	type:3
टाइम	time:3
टाइम्स	times:4	tainsa:1	tensa:1	tiems:1
टाईम्स	times:3
टाक	tak:3	taak:1
टाकणारा	takanara:2	taknara:1	taknaraa:1
टाकणारी	taaknari:1	takanaree:1	takanari:1	taknaari:1
टाकणारे	takanare:2	taaknare:1	taknare:1
टाकणे	takane:2	taakne:1	takne:1
टाकण्याचा	takanyacha:2	takanyachaa:1	taknyacha:1
टाकण्याची	takanyachi:2	taknyachee:1	taknyachi:1
टाकण्याचे	takanyache:2	taknyache:2
टाकण्यात	takanyat:2	taknyat:2
टाकण्यासाठी	takanyasathi:2	taaknyasathi:1	taknyasathi:1
टाकत	takat:3	taakat:1
टाकता	takata:2	taakta:1	takta:1
टाकतात	takatat:2	taktaat:1	taktat:1
टाकताना	takatana:2	taaktana:1	taktana:1
टाकते	takte:2	taakte:1	takate:1	takete:1
टाकतो	takato:2	taakto:1	takto:1
टाकलं	taakal:1	taakalan:1	takal:1	takala:1
टाकला	takala:2	taaklaa:1	takla:1
टाकली	takali:2	taakli:1	takalee:1	taklee:1
टाकले	takale:6	takle:2	taakle:1
टाकलेल्या	takalelya:2	taklelya:1	taklelyaa:1
टाकल्या	takalya:2	taaklya:1	taklya:1
टाकल्यानंतर	takalyanantar:2	taaklyanantar:1	taklyanantar:1
टाकळी	takali:2	taakli:1	takalee:1	taklee:1
टाकसाळे	taaksale:1	takasale:1	taksale:1	taksalhe:1
टाका	taaka:5	taka:3
टाकाऊ	takau:2	taakau:1	takauu:1
टाकावे	takave:3	taakave:1
टाकाव्यात	takavyat:3	taakavyat:1
टाकी	taki:3	taaki:1	takee:1
टाकीत	takit:3	taakit:1	takeet:1
टाकु	taku:3	taaku:1	takoo:1
टाकू	taku:3	takoo:2	taakoo:1	taaku:1
टाकून	takun:3	taakun:1	takoon:1
टाके	take:3	taake:1
टाक्या	takya:3	taakya:1	takyaa:1
टाक्यांची	takyanchi:3
टाक्यांच्या	takyanchya:2	takanchya:1
टाक्यांमध्ये	takyanmadhye:3
टाक्याचे	takyache:3
टागोर	tagore:2	tagor:1
टाटा	tata:4	taata:1	taataa:1
टाफ्ट	taft:1	tafta:1	tapht:1	taphta:1
टायको	tayako:1	tayakoo:1	tayaqo:1	tayko:1
टायगर	tiger:4	tayagara:1	tigar:1
टायटन	titan:3	taitan:1	tayatana:1	tayetana:1
टायटन्स	titans:3	taitans:1	tayatansa:1	tayetansa:1
टायटल	title:2	tayatal:1
टायटस	tayatasa:1	tayetasa:1	titus:1
टायटॅनिक	titanic:4	tayatanika:1	tayataniqa:1	tayetanika:1
टायमिंग	timing:3
टाळ	tal:2	taal:1	talh:1
टाळणे	talane:2	talhne:1
टाळण्यात	talnyat:2	talhnyat:1
टाळण्यासाठी	talanyasathi:1	talhnyasathi:1	talnyasathi:1
टाळता	talta:2	talhta:1
टाळतात	taltat:2	talhtat:1
टाळला	talala:2	talhla:1
टाळली	talali:2	talhli:1
टाळले	talale:2	talhli:1
टाळावे	talave:1	talawe:1	talhave:1
टाळून	talun:2	talhun:1	taloon:1
टाळ्या	talya:2	talhya:1
टास्क	task:1	taska:1	tasq:1	tasqa:1
टिंगल	tingal:2	tingle:1
टिकणारी	tiknari:2	tikanari:1
टिकत	tikat:3	ticket:1
टिकतात	tiktat:2	tikatat:1
टिकतो	tikto:2	tikato:1
टिकली	tikli:2	tikali:1
टिकले	tikle:2	tikale:1
टिकवता	takavta:1	tikavata:1	tikawata:1	tikvata:1
टिकवली	tikavli:1	tikawali:1	tikvali:1
टिकवून	tikavun:2	tikavoon:1	tikawun:1	tikvun:1
टिकाऊ	tikau:2	tikauu:1
टिकाव	tikav:3	tikaw:1
टिकावी	tikavi:3	tikavee:1	tikawi:1
टिकावू	tikavu:2	tikavoo:1	tikawu:1
टिकू	tiku:3	tikoo:2
टिकून	tikun:3	tikoon:2
टिकेकर	tikekar:2	tikevar:1	tikewar:1
टिकेला	tikela:3	teekela:1
टिचकी	tichaki:2	tichki:1
टिच्चून	tichchun:2	ticchun:1	tichchoon:1
टिटवाळा	titwala:3	titvala:1
टिटवी	titavi:3
टिपणीस	tipnis:2	tipanis:1
टिपतात	tiptat:3	teepatat:1	tipataat:1	tipatat:1
टिपरी	tipri:2	teepari:1	tiparee:1	tipari:1
टिपली	tipli:3	teepali:1	tipalee:1	tipali:1
टिपले	tiple:3	teepale:1	tipale:1
टिपलेली	tipleli:3	teepleli:1	tipalelee:1	tipaleli:1
टिपलेले	tiplele:3	teeplele:1	tipalele:1
टिपू	tipu:3	tipoo:1
टिपूच्या	tipuchya:3	tipoochya:1	tipuchyaa:1
टिपूने	tipune:3	tipoone:1
टिप्पणी	tippani:3	teeppani:1	tippanee:1
टिप्पण्या	tippanya:2	teeppanya:1	tippanyaa:1	tippnya:1
टिल्लू	tillu:3	tilloo:2
टिळक	tilak:4	teelak:1	teelaq:1	tidak:1
टिळकांचा	tilakancha:2	tilkancha:1
टिळकांचे	tilakanche:2	tilkanche:1
टिळकांच्या	tilakanchya:2	tilkanchya:1
टिळकांनी	tilakanni:2	tilkanni:1
टी	t:5	te:1	tea:1	ti:1
टीका	tika:3
टीकाकार	tikakar:3
टीकास्त्र	tikastra:3
टीकाही	tikahi:3
टीकेला	tikela:3
टीडीआर	tdr:3
टीप	tip:4	tiip:1	tiipa:1	tipa:1
टीम	team:5	teem:2	tem:2	tiim:2
टीमची	teamchi:3
टीव्ही	tv:3
टीव्हीवरील	tvvaril:3	tvwaril:1
टुडे	today:4	taday:1	todai:1	tude:1
टुमदार	tumdar:3
टुरिस्ट	tourist:4	turist:2	taurist:1
टू	two:3	too:2	tu:1
टूर	taar:1	taur:1	toor:1	tour:1
टूरिझम	tourism:2	turism:1	turizm:1
टूर्स	taurs:1	tours:1	touurs:1	turs:1
टॅक्सी	taxi:4	taiiksee:1	taiiksii:1	taiixii:1
टॅन	tan:4
टॅबलेट	tabaleet:1	tabalet:1	tableet:1	tablet:1
टॅमी	tamee:1	tami:1	tammy:1	tamy:1
टेंपल	temple:3
टेंबे	tembe:2	tenbe:1
टेंभी	tembhi:1	tenbhee:1	tenbhi:1	tenmi:1
टेंभुर्णी	tembhurni:1	tenbhurnee:1	tenbhurni:1	tenmurni:1
टेंभू	tembhu:1	tenbhoo:1	tenbhu:1	tenmu:1
टेक	take:3
टेकडी	tekdi:3	tekadee:1	tekadi:1
टेकडीच्या	tekdichya:2	tekadeechya:1	tekadichya:1	tekadichyaa:1
टेकडीवर	tekdivar:2	tekadeevar:1	tekadivar:1
टेकड्या	tekdya:3	tekadya:2	tekadyaa:1
टेकड्यांच्या	tekadyanchya:2	tekdyanchya:2
टेकाड	tekad:3
टेक्सास	texas:4	teeksas:1	teeksasa:1	teexas:1
टेक्स्ट	taikst:1	taiqst:1	taixt:1	teekst:1
टेड	ted:4	teda:1	teed:1	teeda:1
टेन	ten:4	tain:1	teen:1
टेनिस	tennis:3	tenis:2	teenis:1	teenisa:1
टेनिसचे	tennische:2	tenische:1
टेनिसपटू	tenispatu:1	tennispatoo:1	tennispatu:1	tennisput:1
टेनेसी	teeneesi:1	teenneessee:1	teenneessi:1	tenesi:1
टेबल	table:3
टेरा	taira:1	tara:1	tarra:1	teera:1
टेरी	terry:3	teri:2	tari:1	tarrie:1
टेरे	taire:1	tairee:1	tare:1	tarre:1
टेरेसा	teresa:4	taresa:1	teereesa:1	teeyreesa:1
टेल	tail:2	tale:1	tel:1	tell:1
टेलर	tailor:5	teller:3	tailar:2	teler:2
टेलिव्हिजनच्या	televisionchya:3	telivhijanchya:1
टेस्ट	taste:3	test:3	teest:1
टेस्टी	tasty:3	testi:2	tasti:1	teesti:1
टेहळणी	tehalani:2	tehalanee:1	tehlani:1
टेहाळणी	tehalani:1	tehalni:1	tehlani:1
टॉप	top:4	tap:1	taup:1
टॉम	tom:4	tam:1	tama:1	tamm:1
टॉम्ब	toomb:1	toumb:1	tuumb:1
टॉर्च	torch:2	torche:1
टॉवर	tower:3	tawar:1
टॉवरच्या	towerchya:2	tawarachya:1	towerachya:1
टॉवेल	tauveel:1	tauvel:1	tauwel:1	taveel:1
टोंगा	taunga:1	tonga:1	toonga:1
टोक	tok:2	toke:1
टोकदार	tokdar:3
टोकांना	tokanna:3
टोकाकडील	tokakadil:2	tokakdil:1
टोकाकडे	tokakade:3
टोकाला	tokala:3
टोकावर	tokavar:3	tokawar:1
टोकावरून	tokavarun:3	tokawarun:1
टोकाशी	tokashi:3
टोकास	tokas:3
टोकियो	tokiyo:4	toqiyo:2	tokeeyo:1	tokieo:1
टोके	toke:3
टोकेकर	tokekar:3
टोचणी	tochani:2	tochanee:1	tochni:1
टोचली	tochali:2	tochalee:1	tochli:1
टोटल	total:4	tootal:1
टोनी	toni:5	tony:4	tonii:2	tooni:2
टोप	top:4	toop:1	toope:1	toopei:1
टोपण	topan:3
टोपणनाव	tokananav:1	topananav:1	topannav:1
टोपणनावाने	topananavane:2	topnanavane:1
टोपली	topali:2	topalee:1	topli:1
टोपल्या	topalya:2	toplya:1
टोपी	topi:3	topee:1
टोपे	tope:3
टोप्या	topya:3
टोफू	tofu:1	tofuu:1	toofu:1	toophu:1
टोबॅको	tobacco:1	tobako:1	tobaqo:1	toobaccoo:1
टोबॅगो	tobago:1	tobyago:1	toobagoo:1	toobyagoo:1
टोमॅटो	tomato:4	tometo:1	tommato:1	tommeto:1
टोयोटा	toyota:4	tooyoota:1
टोरांटो	toranto:1	torento:1	toronto:1
टोल	toll:3	tol:2	tola:1	tool:1
टोला	tola:3
टोले	tole:3
टोळ	tol:2	tolh:1	toll:1
टोळी	toli:3	tolee:1
टोळीचा	tolicha:3	toleecha:1
टोळ्या	tolya:3
टोस्ट	toast:1	tooast:1	toost:1	tost:1
ट्यूब	tube:3	tyub:1
ट्रक	truck:3	track:1	trak:1	traq:1
ट्रकच्या	truckchya:2	trackchya:1	trakchya:1
ट्रकवर	truckvar:2	trackavar:1	trakavar:1	truckwar:1
ट्रक्स	traks:1	traqs:1	trucks:1	trucqs:1
ट्रम्प	trump:3	tramp:2
ट्रस्ट	trust:4	trast:1
ट्रस्टचे	trustche:2	trustrche:1
ट्रस्टने	trustne:3
ट्रस्टी	trustee:2	trusty:2	trasti:1	trastii:1
ट्रायटन	traaytan:1	traayton:1	trayatana:1	trayetana:1
ट्री	tree:1	tri:1	trii:1
ट्रू	true:4	tru:2	truu:1	truue:1
ट्रॅकिंग	trackin:1	tracking:1	tracqing:1	trakin:1
ट्रॅक्टर	tractor:4	tractar:1	tracter:1	traktara:1
ट्रॅक्टरच्या	tractorchya:3
ट्रॅजेडी	tragedy:3
ट्रॅफर्ड	trafard:1	traffard:1	trafford:1	trafurd:1
ट्रे	trai:2	tray:2	tre:2	tree:2
ट्रेंट	traint:1	treent:1	trent:1
ट्रेकर्स	traikars:1	traikeers:1	traikers:1	traiqers:1
ट्रेकिंग	trekking:3	tracking:1	treeking:1	treekking:1
ट्रेन	train:1	trayn:1	treen:1	tren:1
ट्रेनला	trainla:3
ट्रेनिंग	training:3
ट्रेलर	trailer:4	trailor:2	trailar:1	traileer:1
ट्रेसी	traceey:1	tracei:1	tracey:1	traci:1
ट्रॉट्स्की	tratskee:1	tratski:1	tratskie:1	tratskii:1
ट्रॉम्बे	trombay:3
ट्विटर	twitter:4	tvitar:1	tvittar:1	tvitter:1
ट्विटरवर	twittervar:3
ट्वेंटी	twenty:4	tveenti:1	tventee:1	tventi:1
ठपका	tapaka:1	thapaka:1	thapka:1
ठरणार	tharnar:2	tharanar:1
ठरणाऱ्या	tharnarya:2	tharanarya:1
ठरत	tharat:3
ठरतात	tharatat:1	thartaat:1	thartat:1
ठरतील	tharatil:2	tharteel:1	thartil:1
ठरते	tharate:2	tharte:1
ठरतो	tharato:3
ठरलं	tharala:1	tharalm:1	tharln:1
ठरला	tharala:2	tharla:2
ठरली	tharli:2	tharali:1
ठरले	tharle:5	tharale:2
ठरलेला	tharlela:2	tharalela:1
ठरलेली	tharaleli:1	tharavleli:1	tharleli:1
ठरलेले	tharlele:2	tharalele:1
ठरलेल्या	tharalelya:2	tharlelya:1
ठरल्या	tharlya:2	tharalya:1
ठरल्यानंतर	tharalyanantar:2	tharlyanantar:1
ठरल्यामुळे	tharalyamule:2	tharavlyamule:1
ठरवणारा	tharavnara:2	tharvanara:1	tharwanara:1
ठरवणे	tharavane:1	tharavne:1	tharvane:1	tharwane:1
ठरवण्यात	tharavanyat:1	tharavnyat:1	tharvanyat:1	tharwanyat:1
ठरवतात	tharvatat:2	tharavatat:1
ठरवते	tharvate:2	tharavate:1	tharwate:1
ठरवतो	tharavato:2	tharvato:1
ठरवला	tharvala:2	tharavala:1	tharwala:1
ठरवली	tharvali:2	tharavali:1	tharwali:1
ठरवले	tharvale:2	tharavale:1
ठरविण्याचा	tharvinyacha:2	tharavinyacha:1
ठरविण्यात	tharvinyat:2	tharavinyat:1
ठरविण्यास	tharvinyas:2	tharavinyas:1
ठरविता	tharvita:2	tharavita:1
ठरवितात	tharvitat:2	tharavitat:1	tharwitat:1
ठरविले	tharavile:2	tharvile:2
ठरविलेल्या	tharvilelya:2	tharavilelya:1
ठरवू	tharvu:2	tharavoo:1	tharavu:1	tharwu:1
ठरवून	tharvun:2	tharavoon:1	tharavun:1	tharwun:1
ठराव	tharav:3	tharaw:1
ठराविक	tharavik:3	tharawik:1
ठरावीक	tharavik:3	tharawik:1
ठरावेत	tharavet:3
ठरु	tharu:2	tahru:1
ठरू	tharu:3
ठरून	tharun:3
ठरेल	tharel:3
ठळक	thalak:3
ठळकपणे	thalakpane:2	thalakapane:1
ठसा	thasa:3
ठसे	thase:3
ठाऊक	thaook:2	thauk:2
ठाकरसी	thakarsi:2	thakarasi:1
ठाकरे	thackeray:3	thakare:4	thackaray:1	thackarey:1
ठाकरेंनी	thakarenni:3
ठाकली	thakali:2	thakli:1
ठाकुर	thakur:3
ठाकुर्ली	thakurli:3
ठाकूर	thakur:4	thakoor:2	thakaar:1	thakura:1
ठाण	than:3
ठाणी	thani:3	thaanee:1
ठाणे	thane:4	thaane:1
ठाण्याच्या	thanyachya:3
ठाण्यात	thanyat:3
ठाण्यातील	thanyatil:3
ठाण्यास	thanyas:3
ठाम	tham:3
ठामपणे	thampane:3
ठायी	thayi:3
ठार	thar:3
ठाव	thav:3	thaw:1
ठावठिकाणा	thavthikana:3
ठावूक	thavuk:3
ठासून	thasun:3	thasoon:1
ठिकठिकाणच्या	thikthikanachya:2	theektheekanchya:1	thikthikanchya:1
ठिकठिकाणी	thikthikani:3	theektheekani:1
ठिकाण	thikan:3	theekan:1
ठिकाणची	thikanachi:2	theekanchi:1	thikanchi:1
ठिकाणच्या	thakanachya:1	theekanchya:1	thikanachya:1	thikanchya:1
ठिकाणांना	thikananna:3	theekananna:1
ठिकाणापासून	thikanapasun:3	theekanpasoon:1	thikanapasoon:1
ठिकाणाला	thikanala:3	theekanala:1
ठिकाणास	thikanas:3
ठिकाणाहून	thikanahun:3
ठिकाणी	thikani:3
ठिकाणीं	thikanin:2	thikani:1
ठिकाणीही	thikanihi:3
ठिकाणे	thikane:2	thikanehi:1
ठिणगी	thinagi:3
ठिपका	thipaka:2	thipka:1
ठिपके	thipake:2	thipke:1
ठीक	thik:3
ठुमरी	thumri:2	thumari:1
ठुशी	thushi:3
ठेऊ	theu:2	theuu:1
ठेऊन	theun:2	theuun:1
ठेऊनच	theunach:2	theuunach:1
ठेकेदाराला	thekedarala:3
ठेपली	thepali:2	thapli:1	thepli:1
ठेव	thev:3	thew:1
ठेवणारा	thevanara:1	thevnara:1	thewanara:1
ठेवणारे	thevanare:2	thevnare:1	thewanare:1
ठेवणाऱ्या	thevanarya:1	thevnarya:1	thewanarya:1
ठेवणे	thevane:2	thewane:1
ठेवण्याकडे	thevanyakade:2	thevnyakade:1	thewanyakade:1
ठेवण्याचा	thevanyacha:1	thevnyacha:1	thewanyacha:1
ठेवण्याची	thevanyachee:1	thevnyachi:1	thewanyachi:1
ठेवण्याचे	thevanyache:1	thevnyache:1	thewanyache:1
ठेवण्याच्या	thevanyachya:2	thevnyachya:1	thewanyachya:1
ठेवण्यात	thevnyat:4	thevanyat:2	thewanyat:1
ठेवण्याने	thevanyane:3	thewanyane:1
ठेवण्यास	thevanyas:2	thewanyas:1
ठेवण्यासाठी	thevanyasathee:1	thevnyasathi:1	thewanyasathi:1
ठेवत	thevat:2	thewat:1
ठेवता	thevata:3	thewata:1
ठेवतात	thevtat:2	thevatat:1	thewatat:1
ठेवते	thevate:3	thewate:1
ठेवतो	thevato:3	thewato:1
ठेवलं	thevala:1	thevaln:1	thewaln:1
ठेवला	thevala:2	thevla:1	thewala:1
ठेवली	thevali:3	thewali:1
ठेवले	thevle:3	thevale:3	thewale:1
ठेवलेला	thevalela:2	thevlela:1	thewalela:1
ठेवलेली	thevaleli:2	thevleli:1	thewaleli:1
ठेवलेले	thevalele:2	thevlele:1	thewalele:1
ठेवलेल्या	thevalelya:2	thevlelya:1	thewalelya:1
ठेवल्या	thevalya:1	thevlya:1	thewalya:1
ठेवल्यानंतर	thevalyanantar:3	thewalyanantar:1
ठेवल्याने	thevalyane:2	thevlyane:1	thewalyane:1
ठेवल्यास	thevalyas:2	thevlyas:1	thewalyas:1
ठेवा	theva:3	thewa:1
ठेवायला	thevayala:3	thewayala:1
ठेवावा	thevava:3	thewawa:1
ठेवावी	thevavi:3	thewawi:1
ठेवावे	thevave:3	thewawe:1
ठेवावेत	thevavet:3	thewawet:1
ठेवाव्या	thevavya:3	thewawya:1
ठेवाव्यात	thevavyat:3	thewawyat:1
ठेविलें	thevilen:2	thevile:1
ठेवीची	thevichi:3	thewichi:1
ठेवीत	thevit:3	thewit:1
ठेवू	thevu:3	thewu:1
ठेवून	thevun:3	thewun:1
ठेवेल	thevel:3	thewel:1
ठोंबरे	thombare:3
ठोकला	thokala:2	thokla:1
ठोकळा	thokala:2	thokalha:1
ठोकून	thokun:3
ठोके	thoke:3
ठोस	thos:3
ठोसर	thosar:3
डंकर्क	dankark:1	danqarq:1	dunkark:1	dunkcurk:1
डंख	dankh:2	dankha:1
डक	duck:4	dak:2	daq:1	ducq:1
डकवर्थ	duckworth:3	dakwarth:1
डकोटा	dacoota:1	dacota:1	dakoota:1	dakota:1
डगमगले	dagamagale:2	dagmagle:1
डग्लस	daglas:3	dagals:1	daugals:1	dauglass:1
डच	dutch:2	dach:1
डझन	dajan:1	dazan:1	dojan:1	dozan:1
डन	dan:2	done:2	dun:2
डफळे	dafale:3	daphale:1
डब	dub:2	dab:1
डबल	dabal:1	dobble:1	double:1	doulbe:1
डबा	daba:3
डबे	dabe:3
डबेवाले	dabewale:2	dabevale:1
डब्यात	dabyat:3
डब्यातून	dabyatun:3
डब्लिन	dublin:3	dablin:2
डमरू	damaru:2	damaroo:1	damru:1
डरकाळी	darakali:1	darkalhi:1	darkali:1
डलेस	dalees:1	dales:1	dules:1	dullees:1
डस्ट	dust:4	dast:2	dasta:1
डहाके	dahake:3
डहाणू	dahanoo:2	dahanu:2
डहाणूकर	dahanookar:2	dahanukar:2
डहाळी	dahalee:2	dahali:2	dahaali:1
डांग	dang:3	daang:2	danga:1
डांगे	dange:2	daange:1
डांग्या	dangya:2	daangya:1	dangyaa:1
डांबण्यात	dambanyat:2	daambanyat:1	dambanyaat:1
डांबरी	dambri:2	daambree:1	dambaree:1	dambari:1
डांबले	daambale:1	dambale:1	damble:1
डाऊनलोड	download:3
डाकघर	dakghar:2	daakghar:1	dakaghar:1
डाकीण	dakin:3	daakin:1	dakeen:1
डाग	dag:3	daag:1
डागडुजी	dagadujee:1	dagaduji:1	dagadujine:1	dagduji:1
डागर	dagar:3	daagar:1
डान्स	dance:3
डान्सर	dancer:3
डाय	dai:1	daii:1	daya:1	de:1
डायना	diana:2	daina:1	dana:1	dayana:1
डायरी	diary:4	daayree:1	daayri:1	daayrii:1
डायरीची	dayarichi:2	dairychi:1	diarychi:1
डायरेक्ट	daayreekt:1	daayrekt:1	daayreqt:1	dayareekta:1
डायरेक्टर	dayareektara:1	dayarektara:1	dayareqtara:1	directar:1
डायल	dial:4	dayal:1	dayala:1	diel:1
डायव्हिंग	diving:2	dayvhing:1	draving:1
डायॉक्साईड	dioxide:2	dioxyde:1
डार्क	dark:4	darka:1	darq:1	darqa:1
डार्विन	darvin:3	darwin:3	darveen:1	darviin:1
डार्विनचा	darvinacha:1	darvincha:1	darwinacha:1	darwincha:1
डार्विनने	darvinane:2	darwinane:1	darwinne:1
डाळ	dal:2	daal:1	dala:1	dalh:1
डाळिंब	dalhimb:1	dalimb:1	dalimba:1	dalinb:1
डाळिंबाचा	dalimbacha:2	dalhimbacha:1
डाळिंबाच्या	dalimbachya:2	dalhimbachya:1
डाळिंबाला	dalimbala:2	dalhimbala:1	dalinbala:1
डाळी	dali:2	dalhi:1
डाव	dav:3	daw:1
डावखरे	davkhare:3	dawkhare:1
डावजेकर	davjekar:2	davajekar:1	dawjekar:1
डावपेच	davpech:2	davapech:1	dawpech:1
डावपेचांची	davpechanchi:2	davapechanchi:1
डावरे	davare:2	davre:1	daware:1
डावलून	davalun:2	davloon:1	davlun:1	dawalun:1
डावा	dava:3	dawa:1
डावाच्या	davachya:3	dawachya:1
डावात	davat:3	dawat:1
डावीकडचा	davikadacha:2	davikadcha:1	dawikadacha:1
डावीकडील	davikadil:3	dawikadil:1
डावीकडून	davikadun:3	davikadoon:1	dawikadun:1
डावीकडे	davikade:3	dawikade:1
डावे	dave:3	dawe:1
डाव्या	davya:3	dawya:1
डास	das:3
डिंक	dink:3
डिकन्स	dickens:1	dickensh:1	dicqens:1	dikans:1
डिक्रुझ	dcruz:1	decruz:1	dicruz:1	dikruz:1
डिक्शनरी	dictionary:3	dikshanari:1
डिग्री	degree:1	degrii:1	digree:1	digri:1
डिजाइन	design:3	dijain:1
डिजिटल	digital:3	dijital:1
डिझाइन	design:3	dizain:1
डिझाइनर	designer:3	dizainar:1
डिझाईनमध्ये	designermadhye:1	designmadhe:1	designmadhye:1	dizainmadhe:1
डिझायनर	designer:3	dizayanar:1
डिप्रेस्ड	depressed:3	dipresd:1
डिप्लोमा	diploma:1	diplomaa:1	diplooma:1	diploomaa:1
डिफेंडर	deefeendeer:1	deefeendor:1	defendar:1	defender:1
डिफेन्स	defence:3	difens:1
डिरॅक	darack:1	dearack:1	dearacq:1	derack:1
डिसऑर्डर	disaardar:1	disarder:1	disordar:1	disorder:1
डिसूझा	desouza:1	disuza:1	dsouza:1
डिसेंबर	december:4	decembar:1	deeceembar:1	deeceembeer:1
डिसेंबरच्या	decemberchya:3
डिसेंबरपर्यंत	decemberparyant:2	decemberparyanta:1
डिसेंबरपासून	decemberpasun:3
डिसेंबरमध्ये	decembermadhye:3
डिसेंबरला	decemberla:3
डिसेंबरात	decemberat:3
डिसोझा	desojha:1	desouza:1	desoza:1	disouza:1
डिस्क	disk:3	disq:3	disc:2	deesc:1
डिस्ट्रिक्ट	district:3
डिस्नी	diisnee:1	diisney:1	diisnii:1	disnee:1
डिस्ने	disney:3
डीआरडीओ	drdo:3
डीएनए	dna:3
डीझेल	diesel:3
डीव्हीडी	dvd:3
डुंबरे	dumbare:2	dumbre:2
डुकराचे	dukrache:2	dukarache:1
डुकरे	dukare:2	dukre:2
डुक्कर	dukkar:3
डुलकी	dulki:2	dulaki:1	dulkee:1
डू	do:3	du:1
डूल	dool:3	dul:2
डॅन	dan:3
डॅनिएल	daniel:2	danial:1
डॅनियल	daniel:4	daniyala:1	dyaniel:1
डॅनिश	danish:4	danis:1	danishh:1	dyanis:1
डॅलस	dalas:1	dallas:1	dyalas:1
डे	day:4	de:4	dey:3	dee:2
डेंग्यू	dengue:3
डेंग्यूचा	denguecha:3
डेंटल	dental:4	deental:1
डेंटिस्ट	dentist:4	deentist:1
डेअरी	daiiry:1	dairy:1	deari:1	dearii:1
डेकर	deckar:1	decker:1	decqer:1	deeckeer:1
डेक्कन	deccan:4	deeccan:1	deekkan:1	deekkana:1
डेक्कनचे	deccanche:3
डेटन	dayton:4	deetan:1	deeton:1	deetun:1
डेन्मार्क	denmark:4	deenmark:1	deenmarka:1	denmarka:1
डेपोची	depochi:3
डेप्युटी	deputy:3
डेबिट	debit:1	debita:1	deebit:1	deebita:1
डेमोक्रॅटिक	democratic:3	deemocractic:1	deemocratik:1	deemocryatik:1
डेरेक	derek:3	darek:1	deereek:1	dereq:1
डेरेदार	deredar:3
डेल्टा	deelta:1	deeltaa:1	delta:1	deltaa:1
डेविड	david:3	devid:2	dawid:1	deevida:1
डेविस	davis:2	devis:1
डेव्हिड	david:2	devid:1
डेस्कटॉप	deeskatapa:1	deesktop:1	deshkatapa:1	deshktop:1
डेहराडून	dehradun:2	deharadun:1	dehradoon:1
डॉ	dr:48	daw:2	do:2	dau:1
डॉक	dock:4	dack:2	dak:2	daq:2
डॉक्टर	doctor:4	dactar:1	daqtara:1	dauctar:1
डॉक्टरांच्या	doctoranchya:3
डॉक्टरांना	doctoranna:3
डॉक्टरांनी	doctoranni:3
डॉक्टरेट	doctorate:3
डॉट	dot:4	dat:1	det:1
डॉट्स	dots:3
डॉन	don:4	dan:1	daun:1
डॉमिनिका	damineeka:1	daminika:1	daminiqa:1	domineeka:1
डॉलर	dollar:4	dalara:1	dallar:1	daular:1
डॉलरच्या	dollarchya:3
डॉलरला	dollarla:3
डॉलर्स	dollars:4	dalars:1	dallars:1	daulars:1
डॉल्फिन	dolphin:3
डॉल्बी	dalbee:1	dalbi:1	dalbii:1	dalby:1
डोंगर	dongar:3
डोंगरगाव	dongargaon:2	dongargav:1	dongargava:1
डोंगररांग	dongarrang:2	dongararang:1
डोंगररांगा	dongarranga:2	dongararanga:1
डोंगररांगांनी	dongarranganni:2	dongararanganni:1
डोंगररांगांमध्ये	dongarranganmadhye:2	dongararanganmadhye:1
डोंगररांगेच्या	dongarrangechya:2	dongararangechya:1
डोंगररांगेत	dongarranget:2	dongararanget:1
डोंगरांनी	dongaranni:3
डोंगराच्या	dongarachya:3
डोंगरात	dongarat:3
डोंगराला	dongarala:3
डोंगराळ	dongral:5	dongaral:2	dongaralh:1
डोंगरावर	dongaravar:3
डोंगरी	dongari:3	dongri:1
डोंगरे	dongare:3	dongre:1
डोंबिवली	dombivali:3
डोकी	doki:3	dokee:1
डोके	doke:3
डोकेदुखी	dokedukhi:3
डोक्याचा	dokyacha:3
डोक्याची	dokyachi:3
डोक्याचे	dokyache:3
डोक्याच्या	dokyachya:3
डोक्यात	dokyat:3
डोक्याला	dokyala:3
डोक्यावर	dokyavar:3
डोक्यावरचा	dokyavarcha:2	dokyavaracha:1
डोक्यावरचे	dokyavarache:2	dokyavarche:1
डोक्यावरील	dokyavaril:3
डोगर	dogar:3
डोरेमॉन	doremon:2	doraemon:1
डोलू	dolu:3	doloo:2
डोळसपणे	dolasapane:2	dolaspane:2
डोळा	dola:3	dolaa:1
डोळे	dole:3
डोळ्यांच्या	dolyanchya:3	dolyanchyaa:1
डोळ्यांना	dolyanna:3	dolyannaa:1
डोळ्यांनी	dolyanni:3	dolyannee:1
डोळ्यांसमोर	dolyansamor:4	dolhyansamor:1	dolyaansamor:1	dolyasamor:1
डोळ्यात	dolyat:3	dolhyat:1	dolyaat:1
डोळ्यातून	dolyatun:2	dolhyatun:1	dolyatoon:1
डोळ्याने	dolyane:2	dolhyane:1
डोळ्यासमोर	dolyasamor:3	dolhyasamor:2	dolyansamor:1
डोस	dose:2	dos:1
डोह	doh:2	doha:1
डोही	dohi:3	dohee:1
डौलदार	dauladar:2	dauldar:2	dauldaar:1	douldar:1
ड्यूक	duke:3
ड्रम	drum:4	dram:1
ड्रममध्ये	drummadhye:3
ड्रायव्हर	driver:3
ड्रायव्हरच्या	driverchya:3	driverchyaa:1
ड्रायव्हरला	driverla:3	driverlaa:1
ड्रीम	dream:1	dreem:1	drem:1	driim:1
ड्रॅगन	dragon:4	dragan:1	dragen:1
ड्रेसिंग	dressing:3
ढंग	dhang:2	dhanga:1
ढंगाच्या	dhangachya:3	dhangaachya:1	dhangachyaa:1
ढकलले	dhakalale:2	dhaklale:1
ढकलून	dhakalun:2	dhakaloon:1	dhaklun:1
ढग	dhag:2	dhaga:1
ढगांचा	dhagancha:3	dhagaancha:1	dhaganchaa:1
ढगाळ	dhagal:2	dhagaal:1	dhagalh:1
ढब	dhab:3
ढळत	dhalat:2	dhalhat:1
ढवळाढवळ	dhavaladhaval:2	dhavalaadhaval:1	dhavalhadhavalh:1	dhawaladhawal:1
ढवळावे	dhavalave:2	dhavalaave:1	dhavalawe:1	dhavalhave:1
ढवळून	dhavalun:2	dhavalhun:1
ढसाळ	dhasal:2	dhasalh:1
ढाका	dhaka:4	dhaqa:1
ढाचा	dhacha:3
ढाण्या	dhanya:3
ढाल	dhal:3
ढाले	dhale:3
ढासळत्या	dhasalatya:2	dhasalhatya:1
ढासळली	dhasalali:2	dhasalalee:1	dhasalhli:1
ढासळलेली	dhasalaleli:1	dhasalhleli:1	dhasalleli:1
ढासळून	dhasalhun:1	dhasalun:1	dhasloon:1
ढीग	dhig:3	dheeg:1
ढेकळे	dhekale:2	dhekalhe:1
ढेरे	dhere:3
ढोंगी	dhongee:2	dhongi:2
ढोकी	dhokee:2	dhoki:2
ढोबळ	dhobal:2	dhobalh:1
ढोबळमानाने	dhobalamanane:2	dhobalhmane:1	dhobalmaanane:1	dhobalmanane:1
ढोर	dhor:3
ढोल	dhol:3
ढोलीत	dholeet:2	dholit:2
ढोले	dhole:2	dhele:1
तंग	tang:3
तंजावर	tanjavar:3
तंटा	tanta:3	tantaa:1
तंटामुक्ती	tantamuktee:3	tantamukti:1
तंटे	tante:3
तंतू	tantoo:2	tantu:2
तंतूमय	tantoomay:2	tantumay:2
तंतोतंत	tantotant:3
तंत्र	tantra:2	tantr:3	tuntra:1
तंत्रज्ञ	tantradnya:2	tantragya:1
तंत्रज्ञांना	tantradnyanna:2	tantragyanna:1
तंत्रज्ञान	tantradnyan:1	tantradyan:1	tantragyan:1
तंत्रज्ञानाचा	tantradnyanacha:2	tantragyanacha:1
तंत्रज्ञानाची	tantradnyanachee:1	tantradnyanachi:1	tantragyanachee:1	tantragyanachi:1
तंत्रज्ञानाचे	tantradnyanache:2	tantragyanache:1
तंत्रज्ञानाच्या	tantradnyanachya:2	tantragyanachya:1
तंत्रज्ञानात	tantradnyanat:2	tantragyanat:1
तंत्रज्ञानातील	tantradnyanateel:1	tantradnyanatil:1	tantragyanateel:1	tantragyanatil:1
तंत्रज्ञानाद्वारे	tantradnyanadware:2	tantragyanadware:1
तंत्रज्ञानाने	tantradnyanane:2	tantragyanane:1
तंत्रज्ञानामुळे	tantradnyanamule:2	tantragyanamule:1
तंत्रज्ञानाला	tantradnyanala:2	tantragyanala:1	tantragyanalaa:1
तंत्रज्ञानावर	tantradnyanavar:2	tantragyanavar:1
तंत्रज्ञानाशी	tantradnyanashee:1	tantradnyanashi:1	tantragyanashee:1	tantragyanashi:1
तंत्रज्ञाने	tantradnyane:2	tantragyane:1
तंत्रशिक्षण	tantrashikshan:2	tantrshikshan:1
तंत्राचा	tantracha:3	tantrachaa:1
तंत्राच्या	tantrachya:3	tantrachyaa:1
तंत्रात	tantrat:3
तंत्रामध्ये	tantramadhye:2	tantramadhe:1
तंत्रे	tantre:3
तंबाखू	tambakhoo:1	tambakhu:1	tanbakhoo:1	tanbakhu:1
तंबाखूमुळे	tambakhoomule:1	tambakhumulhe:1	tanbaakhumule:1	tanbakhoomule:1
तंबू	tambu:2	tamboo:1
तंबूत	tambut:2	tamboot:1
तकलादू	takladu:2	takaladoo:1	takladoo:1
तक्ते	takte:3
तक्रार	takrar:3
तक्रारी	takrari:2	takraree:1
तक्रारीनंतर	takrarinantar:2	takrareenantar:1
तक्षशिला	takshashila:3
तख्त	takht:2	takhta:1
तग	tag:3
तगडा	tagada:2	tagda:2
तजेला	tajela:3
तज्ज्ञांकडून	tajdnyankadun:2	tajdnyankadoon:1
तज्ज्ञांची	tajdnyanchi:2	tajdnyanchee:1
तज्ज्ञांच्या	tajdnyanchya:3
तज्ञ	tadnya:2	tagy:1	tagya:1
तज्ञांकडून	tadnyankadoon:1	tadnyankadun:1	tagyankadoon:1	tagyankadun:1
तज्ञांचे	tadnyanche:2	tagyanche:1
तज्ञांच्या	tadnyanchya:2	tagyanchya:1	tangyanchyaa:1
तट	tat:3
तटबंदी	tatbandi:2	tatabandee:2	tatbandee:1
तटबंदीची	tatabandeechee:2	tatabandichee:1	tatabandichi:1
तटबंदीच्या	tatabandeechya:2	tatbandichya:1	tatbandichyaa:1
तटबंदीने	tatabandeene:3	tatabandine:1
तटबंदीमध्ये	tatabandeemadhye:2	tatabandeemadhe:1	tatabandimadhye:1	tatbandimadhye:1
तटबंदीला	tatabandeela:3	tatabandila:1	tatbandila:1
तटबंदीवर	tatabandeevar:3	tatabandivar:1	tatbandivar:1
तटरक्षक	tatarakshak:2	tatrakshak:1
तटस्थ	tatasth:2	tatastha:2
तटस्थता	tatasthata:3	tatasthataa:1
तटावर	tatavar:3
तडका	tadka:2	tadaka:1
तडकाफडकी	tadkafadki:2	tadakafadakee:1
तडजोड	tadjod:2	tadajod:1
तडजोडी	tadajodee:1	tadjodee:1	tadjodi:1
तडफेने	tadafene:2	tadfene:1	tadphene:1
तडवळे	tadavale:3
तडाखेबंद	tadakheband:3
तडीस	tadees:2	tadis:2
तणनाशके	tananashake:2	tannashake:2	tananaashake:1
तणाव	tanav:3	tanaav:1	tanaw:1
तणावग्रस्त	tanavgrast:2	tanavagrast:1	tanawgrast:1
तणावमुक्त	tanaavmukt:1	tanavamukt:1	tanavmukt:1	tanavmukta:1
तणावामुळे	tanavamule:2	tanaavamule:1	tanavamulhe:1	tanawamule:1
तत्	tat:1	tet:1	tut:1
तत्कालिक	tatkalik:3	tatkaleek:1
तत्कालिन	tatkalin:3	tatkaleen:1
तत्कालीन	tatkalin:5	tatkaleen:2
तत्काळ	tatkal:2	tatkalh:1
तत्त्व	tattv:2	tattva:2
तत्त्वज्ञ	tattvadny:1	tattvadnya:1	tattvagya:1
तत्त्वज्ञान	tattvadnyan:1	tattvagyan:1	tattvdnyan:1
तत्त्वज्ञानाचा	tattvadnyanacha:1	tattvagyanacha:1	tattvagyanachaa:1	tattvdnyanacha:1
तत्त्वज्ञानाचे	tattvadnyanache:1	tattvagyanache:1	tattvdnyanache:1
तत्त्वज्ञानाच्या	tattvadnyanachya:1	tattvagyanachya:1	tattvdnyanachya:1
तत्त्वज्ञानात	tattvadnyanat:1	tattvagyanat:1	tattvdnyanat:1
तत्त्वज्ञानाने	tattvadnyanane:2	tattvagyanane:1
तत्त्वांनुसार	tattvannusar:3
तत्त्वाचे	tattvache:3
तत्त्वाच्या	tattvachya:3
तत्त्वानुसार	tattvanusar:3
तत्त्वावर	tattvavar:3
तत्पर	tatpar:3
तत्परता	tatparata:2	tatparta:2
तत्परतेने	tatpartene:3
तत्पूर्वी	tatpurvi:2	tatpurvee:1
तत्व	tatwa:2	tatv:1	tatva:1
तत्वज्ञान	tatwadnyan:2	tattvadnyan:1	tatvadnyan:1
तत्वाचा	tatvacha:3	tatwacha:1
तत्वावर	tatvavar:3	tatwavar:1
तत्वे	tatve:3	tatwe:1
तत्सम	tatsam:3
तथाकथित	tathakathit:3
तथागत	tathagat:3
तथापि	tathapi:3
तथ्य	tathya:2	tathy:1
तदनंतर	tadnantar:2	tadanantar:1
तन	tan:2	tana:1
तनिष्का	tanishka:3
तनू	tanu:3	tanoo:1
तन्मय	tanmay:3
तप	tap:3
तपकिरी	tapkiri:2	tapakiri:1
तपशील	tapashil:2	tapasheel:1	tapshil:1
तपशीलवार	tapasheelvaar:1	tapashilavar:1	tapashilvaar:1	tapshilvar:1
तपस्या	tapasya:2	tapsya:1
तपस्वी	tapasvi:2	tapaswi:1
तपाचे	tapache:3
तपास	tapas:2	tapass:1
तपासणी	tapasni:2	tapasani:1	tapasnee:1
तपासण्या	tapasnya:2	tapasanya:1	tapasnyaa:1
तपासण्यासाठी	tapasnyasathi:2	tapasanyasathi:1
तपासले	tapasle:2	tapasale:1
तपासात	tapasat:3
तपासून	tapasun:3
तपोभूमी	tapobhumi:3	tapobhoomi:1
तप्त	tapta:2	tapt:1
तफावत	tafavat:3	taphavat:1
तबकडी	tabkadi:2	tabakadi:1	tabkadee:1
तबलजी	tabalaji:1	tabalji:1	tablaji:1
तबला	tabala:3	tabalaa:1	tabla:1	tubla:1
तबलावादक	tabalavadak:2	tabalaavadak:1	tablavadak:1
तबलावादन	tabalavadan:2	tabalaavadan:1	tablavadan:1
तबल्यावर	tabalyavar:2	tabalyaavar:1	tablyavar:1
तब्बल	tabbal:3
तम	tam:3	tama:1
तमन्ना	tamanna:3	tamannaa:1
तमाम	tamam:3	tamaam:1
तमाशा	tamasha:3	tamaasha:1
तमाशाचा	tamashacha:3
तमाशाला	tamashala:3	tamaashala:1	tamashalaa:1
तमिळ	tamil:3
तमिळनाडू	tamilnadu:2	tamilanadoo:1
तमिळनाडूच्या	tamilnaduchya:2	tamilanadoochya:1
तमिळनाडूत	tamilanadoot:1	tamilanadut:1	tamilnadut:1
तमिळमध्ये	tamilmadhye:2	tamilamadhe:1
तमोगुण	tamogun:3
तयांचे	tayanche:3
तयार	tayar:3
तयारी	tayari:2	tayaree:1
तयारीस	tayarees:2	tayaris:2	tayaaris:1
तर	tar:3
तरंग	tarang:3
तरंगणारे	taranganare:2	tarangnare:2	tarangnaare:1
तरंगणाऱ्या	taranganarya:2	tarangnarya:2	taranganaryaa:1
तरंगलांबी	taranglambi:2	tarangalambee:1	tarangalambi:1	taranglambee:1
तरच	tarach:3	tarch:1
तरणी	taranee:2	tarani:2
तरतुदीप्रमाणे	tartudipramane:2	taratudipramane:1
तरतूद	tartud:2	taratuda:1
तरतूदही	taratudahi:1	tartudahi:1	tartudhi:1
तरबेज	tarbej:2	tarabej:1
तरल	taral:3
तरलता	taralata:2	tarlataa:1
तरली	tarali:2	tarli:2
तराई	tarai:3
तराणा	tarana:3
तरी	tari:3	taree:1
तरीदेखील	taridekhil:3
तरीसुद्धा	tarisuddha:2	tarisudhda:1
तरीसुध्दा	tarisuddha:2	tarisudhda:1
तरीहि	tarihi:3
तरीही	tarihi:3
तरुण	tarun:3
तरुणपणीच	tarunpanich:2	tarunpanicha:1
तरुणांची	tarunanchi:3	tarunanchee:1
तरुणांना	tarunanna:3
तरुणांनी	tarunanni:3
तरुणांवर	tarunanvar:3	tarunaanvar:1
तरुणाच्या	tarunachya:3	tarunaachya:1	tarunachyaa:1
तरुणी	taruni:3	tarunee:1
तरुणींसाठी	taruninsathi:3
तरुणीशी	tarunishi:3
तरूण	tarun:3
तर्क	tark:2	tarka:1
तर्कतीर्थ	tarkateerth:1	tarkatirth:1	tarktirth:1
तर्कदोष	tarkadosh:2	tarkdosh:1
तर्कशास्त्र	tarkashastra:2	tarkshastr:1
तर्कशुद्ध	tarkashidhda:1	tarkashuddh:1	tarkshuddh:1
तर्जनी	tarjani:2	tarjanee:1	tarjni:1
तर्फे	tarfe:3	tarphe:1
तऱ्हेच्या	tarhechya:3
तऱ्हेने	tarhene:3
तलत	talat:3
तलम	talam:3
तलवार	talavar:1	talvar:1	talwar:1
तलवारी	talavaree:1	talvari:1	talwari:1
तलवारीच्या	talavareechya:1	talvarichya:1	talwarichya:1
तलाक	talak:3
तलाठी	talathi:2	talathee:1
तलाव	talav:3
तलावांची	talavanchi:2	talavanchee:1
तलावाचे	talavache:3
तलावाच्या	talavachya:3
तलावात	talavat:3	talawat:1
तलावातील	talavatil:3
तळ	tal:2	tala:1
तळकोकणात	talkokanat:2	talakokanat:1
तळघर	talghar:2	talaghar:1
तळपे	talpe:2	talape:1
तळबीड	talabida:1	talbeed:1	talbid:1
तळमजल्यावरील	talamajalyavaril:1	talmajalyavaril:1	talmajlyavaril:1
तळमळ	talmal:2	talamala:1
तळमळीतून	talamalitun:1	talmalitun:1	talmaliun:1
तळले	talale:3
तळलेली	talaleli:3
तळल्यावर	talalyavar:3
तळवलकर	talwalkar:2	talvalkar:2	talavalakar:1
तळहात	talahat:2	talhat:1
तळागाळातील	talagalatil:3
तळावर	talavar:3
तळावरून	talavarun:2	talavaroon:1	talawarun:1
तळावेत	talavet:3	talawet:1
तळाशी	talashi:2	talashee:1
तळी	tali:2	talee:1
तळून	talun:2	taloon:1
तळे	tale:3
तळेगाव	talegaon:3
तळोदा	taloda:3
तळ्याकाठी	talyakathi:2	talyakathee:1
तळ्याचा	talyacha:3
तळ्याचे	talyache:3
तळ्याच्या	talyachya:3
तळ्यात	talyat:3
तळ्यातल्या	talyatalya:2	talyatlya:1
तळ्यातील	talyatil:2	talyateel:1
तळ्यावर	talyavar:3
तवंग	tavang:3
तवा	tava:3	tawa:1
तशा	tasha:3
तशाच	tashach:3
तशातच	tashatach:3
तशी	tashi:2	tashee:1
तशीच	tashich:2	tasheech:1
तसं	tasam:2	tasa:1	tasn:1
तसंच	tasanch:2	tasach:1
तसतशी	tastashi:2	tasatashee:1
तसतसे	tastase:2	tasatase:1
तसा	tasa:3
तसाच	tasach:3
तसे	tase:3
तसें	tasen:3
तसेच	tasech:3
तसेही	tasehi:3
तस्करी	taskari:3
तस्लीमा	taslima:3	tasleema:1
तह	tah:2	taha:1
तहसील	tahasil:2	tahasiil:1	tahasila:1	tahseel:1
तहसीलदार	tahasiladar:1	tahasildar:1	tehsildar:1
तहान	tahan:2	tahana:1
तहानुसार	tahanusar:3
तांडव	tandav:3	taandav:1
तांडा	tanda:3	taanda:1
तांडेल	tandel:3	taandel:1
तांत्रिक	tantrik:3	tantrika:2	tantreak:1	tantreaq:1
तांत्रीक	tantrik:2	tantreek:1	tantrika:1
तांदळाचा	tandalacha:3
तांदळाची	tandalachi:3
तांदळाचे	tandalache:3
तांदळाच्या	tandalachya:3
तांदुळ	tandul:2	tandula:1
तांदुळजा	tandulaja:3
तांदुळवाडी	tandulavadi:1	tandulawadi:1	tandulwadi:1
तांदुळाच्या	tandulachya:2	tamdulachya:1
तांदूळ	tandul:2	tandool:1	tandula:1
तांबट	tambat:3	taambar:1
तांबडा	tambada:3	taambada:1
तांबडी	tambadi:3	taambadi:1
तांबड्या	tambadya:4	taambadya:2	tambdya:1
तांबूस	tamboos:2	tambus:1	tambusa:1
तांबे	tambe:3	taambe:1
तांबेरा	tambera:3
तांबोळी	tamboli:3
तांब्याची	tambyachi:3
तांब्याच्या	tambyachya:2	tambhyachya:1
ताइवान	taievan:1	taiewan:1	taivan:1	taivana:1
ताई	tai:4	taaee:1	tae:1	taee:1
ताईंना	tainna:3	taaeenna:1
ताओ	tao:4	taao:2	taa:1	taaoo:1
ताक	tak:3	taak:1
ताकद	takad:2	taakad:1	takada:1
ताकदीचे	takadiche:3	taakadeeche:1
ताग	tag:3	taag:1
ताज	taj:4	taaj:2	taaz:1	taja:1
ताजमहाल	tajmahal:3	tajmahaal:1
ताजा	taja:3
ताजिकिस्तान	tajikistan:4	tajikistana:1	tajikisthan:1	tajiqistan:1
ताजी	taji:3	taaji:1
ताजे	taje:3	taaje:1
ताज्या	tajya:3
ताटली	tatali:2	tatalee:1	tatli:1
ताठ	tath:2	taath:1	tatha:1
ताठरता	tatharata:3
ताडोबा	tadoba:3
ताण	taan:1	tan:1	tana:1
ताणली	tanali:2	taanli:1
ताणून	tanun:2	tanoon:1	tanuna:1
तातडीच्या	tatadichya:2	tatadeechya:1	tatdichya:1
तातडीने	tatadine:2	tatadeene:1	tatdine:1
तात्कालिक	tatkalik:3
तात्काळ	tatkal:3	taatkal:1
तात्पुरता	tatpurata:3	taatpurata:1
तात्पुरती	tatpurati:3	taatpurati:1
तात्पुरते	tatpurate:3	taatpurate:1
तात्पुरत्या	tatpuratya:3	taatpuratya:1
तात्या	tatya:3
तात्याराव	tatyarao:3	tatyarav:1
तात्यासाहेब	tatyasaheb:3
तात्विक	tatvik:3	tatwik:1
तादात्म्य	tadatmya:3
तानसा	tanasa:2	tansa:1
तानसेन	tansen:2	tanasen:1
तानाजी	tanaji:3
तानाजीने	tanajine:3
तानिया	taneeya:1	tania:1	taniiya:1	taniya:1
तान्हा	tanha:2	taanha:1
ताप	tap:2	taap:1
तापकीर	taapkeer:1	tapakir:1	tapkir:1
तापडिया	taapdiya:1	tapadiya:1	tapdiya:1
तापदायक	tapdayak:2	taapdayak:1
तापमान	tapman:2	taapmaan:1	tapaman:1
तापमानवाढ	taapmaanwadh:1	tapamanavadh:1	tapmanvadh:1
तापमानाचा	taapmaanacha:1	tapamanacha:1	tapmanacha:1
तापमानाच्या	taapmanachya:1	tapamanachya:1	tapmanachya:1
तापमानात	taapmanat:1	tapamanat:1	tapmanat:1
तापमानातील	taapmanateel:1	taapmanatil:1	tapamanateel:1	tapamanatil:1
तापमानापेक्षा	tapamanapeksha:2	taapmanapeksha:1
तापमानामुळे	tapamanamule:2	taapmaanamule:1
तापमानाला	tapamanala:2	taapamanala:1	tapmanala:1
तापमानावर	tapamanavar:2	taapamanavar:1	tapmanavar:1
तापमानास	tapamanas:2	taapamanas:1	tapmanas:1
तापलेले	tapalele:2	taapalele:1	taplele:1
तापवले	tapavale:2	taapavale:1	tapvale:1
तापी	tapi:2	taapee:1	tapee:1
ताफा	tafa:3	tapha:1
ताबडतोब	tabadtob:2	tabadatob:1
ताबा	taba:3
ताब्यात	tabyat:4
ताब्यातील	tabyatil:2	tabyateel:1
तामिळ	tamil:4	tameel:1	tamiil:1	tamila:1
तामिळनाडू	tamilnadu:2	tamilanadoo:1
तामिळनाडूचे	tamilnaduche:2	tamilanadooche:1
ताम्रपट	tamrapat:3
ताम्हणे	tamhane:3
ताम्हाणे	tamhane:3
तायवाडे	taywade:3	tayvade:1
तार	tar:3
तारका	tarka:2	taraka:1
तारकांच्या	tarkanchya:2	tarakanchya:1
तारखा	tarkha:2	tarakha:1
तारखांना	tarkhanna:2	tarakhanna:1
तारखेचा	tarkhecha:2	tarakhecha:1
तारखेला	tarkhela:2	tarakhela:1
तारखेस	tarkhes:2	tarakhes:1
तारण	taran:3
तारा	tara:4	taara:1	taaraa:1	taraa:1
तारांगण	tarangan:3
तारांवर	taranvar:3	taranwar:1
तारापूर	tarapoor:2	tarapur:2
ताराबाई	tarabai:3	taarabai:1
ताराबाईंनी	tarabainni:2	taarabainni:1	tarabainnee:1
ताराराणी	tararani:3	taararani:1
तारिक	tarik:3	tariq:2	taareek:1	taarik:1
तारिले	tarile:2	taarele:1	taarile:1
तारीख	taareekh:1	tareekh:1	tarikh:1
तारुण्य	tarunya:3	taarunya:1
तारुण्याची	taarunyachi:1	tarunyachee:1	tarunyachi:1
तारे	tare:2	taare:1
ताऱ्यांचा	taaryaancha:1	tarancha:1	taryancha:1
ताऱ्यांची	taaryanchi:1	taryanchee:1	taryanchi:1
ताऱ्यांचे	taryanche:2	taaryanche:1
ताऱ्याच्या	taryachya:2	taaryachya:1
ताल	tal:2	taal:1
तालावर	talavar:3	talawar:1
तालिबान	taliban:3	talibaan:1	talibana:1	talyban:1
तालिबानचा	talibancha:2	talibanacha:1
तालिबानच्या	talibanchya:2	talibanachya:1
तालिबानने	talibanne:2	talibanane:1
तालिबानला	talibanla:2	talibanala:1
तालीम	talim:2	taleem:1
तालुका	taluka:3
तालुके	taluke:3
तालुक्यांतून	talukyantun:2	talukyantoon:1
तालुक्याचा	talukyacha:3
तालुक्याचे	talukyache:3
तालुक्याच्या	talukyachya:3
तालुक्यात	talukyat:2	talukyata:1
तालुक्यातले	talukyatale:2	talukyatle:1
तालुक्यातल्या	talukyatalya:2	talukyatlya:1
तालुक्यातील	talukyatil:3
तालुक्यातून	talukyatun:3	talukyatoon:1
तालुक्यापासून	talukyapasun:3	talukyapasoon:1
तालुक्यामधील	talukyamadhil:3
तालुक्यामध्ये	talukyamadhye:3
तालुक्याला	talukyala:3
ताळतंत्र	taltantra:2	talatantra:1
ताळ्यावर	talyavar:3	talyawr:1
तावडीतून	tavditoon:2	tavaditoon:1	tavditun:1	tawditoon:1
तावडे	tavde:3	tavade:2	tawde:2
ताशा	tasha:4	taasa:1	taasha:1	taashha:1
ताशी	tashi:3	taashi:1
ताशे	tashe:3	taashe:1
तास	tas:2	taas:1	tasa:1
तासगाव	tasgaon:2	tasgav:2	taasgao:1	taasgav:1
तासांचा	tasancha:3	taasancha:1
तासांच्या	tasanchya:3	taasanchya:1
तासांत	tasant:2	taasant:1	tasanta:1
तासांपेक्षा	tasanpeksha:2	taasapekshya:1	tasanpekshya:1
तासाच्या	tasachya:3
तासात	tasat:3
तासानंतर	tasanantar:3
तासापेक्षा	tasapeksha:3
तिकडे	tikade:2	tikde:2
तिकिट	ticket:2	tikit:2
तिकिटावर	tikitavar:3	ticketavar:1
तिकीट	ticket:2	tikeet:1	tikit:1
तिकीटावर	tikitavar:3	ticketavar:1
तिखट	tikhat:3
तिघा	tigha:3
तिघांचा	tighancha:3
तिघांच्या	tighanchya:3
तिघांना	tighanna:3
तिघी	tighi:3
तिघेही	tighehi:2	tigehi:1
तिचं	ticha:2	tich:1
तिचा	ticha:3
तिची	tichi:3
तिचे	tiche:3
तिच्या	tichya:4
तिच्याकडे	tichyakade:3
तिच्यात	tichyat:3
तिच्यातील	tichyatil:3	tichyateel:1
तिच्यापेक्षा	tichyapeksha:2	tichyapekshya:1
तिच्यामध्ये	tichyamadhye:3
तिच्यावर	tichyavar:3
तिच्यावरील	tichyavaril:3	tichyavareel:1
तिच्यावरून	tichyavarun:3	tichyavaroon:1
तिच्याशी	tichyashi:3
तिच्यासह	tichyasah:2	tichyasaha:1
तिच्यासोबत	tichyasobat:3
तिठा	titha:2	teethaa:1	tithaa:1
तितका	titaka:2	teetka:1	titka:1
तितकाच	titakach:2	teetkaach:1	teetkach:1	titkaach:1
तितकी	titaki:2	teetkey:1	teetki:1	titkey:1
तितकीच	titakich:2	teetkeech:1	titkeech:1	titkich:1
तितके	teetke:1	titaka:1	titake:1	titke:1
तितकेच	titakech:2	teetkech:1	titkech:1
तितक्या	titakya:2	teetkya:1	titkya:1
तितक्याच	titakyach:2	teetkyach:1	titkyach:1
तिथं	titha:2	teethe:1	tithe:1
तिथले	tithale:2	teethle:1	tithle:1
तिथलेच	tithalech:2	teethlech:1	tithlech:1
तिथल्या	tithlya:2	tithalya:1
तिथवर	tithvar:2	tithavar:1
तिथी	tithi:3
तिथीला	tithila:3
तिथीस	tithis:3
तिथून	tithun:3
तिथे	tithe:3
तिथेच	tithech:3
तिथेही	tithehi:3
तिनं	tina:1	tinan:1	tinn:1
तिनही	tinahi:3
तिने	tine:3
तिन्ही	tinhi:3
तिबेट	tibet:3
तिबेटचे	tibetche:3
तिबेटच्या	tibetchya:2	tibetachya:1
तिबेटी	tibeti:3
तिबेरियस	tibarius:1	tibariyas:1	tibeerius:1	tibeeriyas:1
तिमोर	teemoor:1	teemor:1	tiimor:1	timoor:1
तिरंगा	tiranga:3	teeranga:1
तिरंदाज	tirandaj:3	teeranjdaj:1
तिरंदाजी	tirandaji:3	teerandaji:1
तिरके	tirke:2	teerke:1	tirake:1
तिरप्या	teerpya:1	tipya:1	tirapya:1	tirpya:1
तिरस्कार	tiraskar:3	teeeraskar:1
तिरस्काराने	tiraskarane:3	teeraskarane:1
तिरुअनंतपुरम	thiruvananthapuram:1	tiruanantapuram:1	tiruanantpuram:1
तिरुपती	tirupati:4	tiiroopatii:1	tiirupatee:1	tiirupatii:1
तिरुपतीच्या	tirupatichya:3
तिरुवनंतपुरम	thiruvananthapuram:1	thiruwananthapuram:1	tiruvanantapaaram:1	tiruvanantapooram:1
तिला	tila:3	teela:1
तिळगूळ	tilgul:2	tilgool:1
तिळाच्या	tilachya:3	teelachya:1
तिवारी	tiwari:4	tivari:2	tivary:2	tiwary:2
तिसगाव	tisgaon:2	teesgaon:1	teesgav:1	tisagav:1
तिसरा	tisara:3	tisra:2	teesra:1
तिसरी	tisri:2	teesri:1	tisari:1
तिसरे	tisre:2	teesre:1	tisare:1
तिसऱ्या	tisrya:2	teesrya:1	tisarya:1
तिसऱ्यांदा	tisryanda:2	teesryanda:1	tisaryanda:1
तिस्ता	tista:3	teesta:1
तिहेरी	tiheri:2	teehari:1	tihari:1
ती	ti:2	tee:1
तीक्ष्ण	teekshan:1	tikshan:1	tikshn:1	tikshna:1
तीच	tich:2	teech:1	ticha:1
तीत	tit:3
तीन	teen:1	tin:1	tina:1
तीनच	tinach:3	teenach:1
तीनच्या	tinachya:2	teenchya:1
तीनदा	tinada:2	teenda:1
तीनवेळा	tinavela:2	teenvela:1
तीनशे	tinashe:2	teenshe:1
तीनही	tinahi:2	teenahi:1
तीर	tir:3
तीरावर	tiravar:3
तीरावरील	tiravaril:3
तीर्थ	tirth:2	tirtha:1
तीर्थंकर	tirthankar:2	tirthnkar:1
तीर्थक्षेत्र	tirthakshetra:1	tirthkshetr:1	tirthkshetra:1
तीर्थक्षेत्री	tirthkshetri:2	tirthakshetri:1
तीर्थयात्रा	tirthyatra:2	teerthyatra:1	tirthayatra:1
तीर्थयात्रेला	tirthyatrela:3	teerthyatrela:1
तीर्थस्थान	tirthsthan:2	teerthstan:1	tirthstan:1
तील	til:3	teel:1	till:1
तीळ	til:2	teel:1	teela:1
तीळाचे	tilache:3	teelache:1
तीवर	tivar:3	tiwar:2
तीव्र	tivra:2	teevra:1	tivr:1
तीव्रता	tivrata:3	teevrata:1
तीव्रतेचा	tivratecha:3	teevratecha:1
तीव्रतेची	tivratechi:3	teevratechi:1
तीव्रतेचे	tivrateche:3	teevrateche:1
तीस	tees:3	tis:2
तीसरे	tisre:2	teesre:1	tisare:1
तीसहून	tisahun:2	teeshun:1	tishun:1
तीस्ता	tista:2	teesta:1	tiara:1
तीही	tihi:3	teehee:1	teehi:1
तुंग	taang:1	toong:1	tung:1
तुंगभद्रा	tungabhadra:2	tungbhadra:1
तुंगी	tungi:3	toongi:1	tungee:1
तुकडा	tukada:2	tookada:1	tukadaa:1	tukda:1
तुकडी	tukadi:3	tookadi:1	tukadee:1
तुकडीचा	tukadicha:3	tookadicha:1	tukadeecha:1	tukadichaa:1
तुकडीचे	tukadiche:2	tookadiche:1	tukadeeche:1	tukdiche:1
तुकडीत	tukadit:2	tookadit:1	tukadeet:1	tukdit:1
तुकडीतील	tukaditil:2	tookaditil:1	tukadeetil:1	tukaditeel:1
तुकडीने	tukadine:2	tookadine:1	tukadeene:1	tukdine:1
तुकडीला	tukadila:2	tookadila:1	tukadeela:1	tukadilaa:1
तुकडे	tukde:3	tukade:2	tookade:1
तुकडोजी	tukdoji:2	tukadoji:1
तुकड्या	tukadya:3	tukdya:2	tookadya:1	tookadyan:1
तुकड्यांना	tukadyanna:2	tookadyanna:1	tukdyanna:1
तुका	tuka:3	tukaa:1
तुकाई	tukai:3	tukaai:1
तुकाराम	tukaram:3
तुकाराममहाराज	tukarammaharaj:3
तुकारामांच्या	tukaramanchya:3	tukaramanchyaa:1
तुकारामांनी	tukaramanni:3	tukaramannee:1
तुकारामाचे	tukaramache:3	tukaramace:1
तुकारामाच्या	tukaramachya:3	tukaramachyaa:1
तुकोजीराव	tukojirao:3
तुघलक	tughalak:3
तुज	tuj:2	tooj:1	tuja:1
तुजपाशी	tujapashi:2	tujpashi:2	tujapashee:1
तुजला	tujala:3	toojala:1	tujalaa:1
तुझं	tujh:1	tujhan:1	tujhn:1	tuzan:1
तुझा	tujha:2	tuza:2	tujhaa:1	tuzaa:1
तुझी	tujhi:2	tuzi:2	tujhee:1	tuzee:1
तुझे	tuze:2	tujhe:2
तुझ्या	tuzya:2	tujhya:2	tujhyaa:1
तुझ्याकडे	tujhyakade:2	tuzyakade:2
तुझ्यावाचून	tujhyavachun:2	tuzyavachoon:1	tuzyavachun:1
तुटक	tutak:3
तुटली	tutali:3	tootali:1	tutalee:1
तुटले	tutale:3	tootale:1
तुटलेले	tutalele:2	tootalele:1	tutlele:1
तुटलेल्या	tutalelya:2	tootalelya:1	tutalelyaa:1	tutlelya:1
तुटवडा	tutvada:2	tutavada:1
तुटीचा	tuticha:3
तुटून	tutoon:2	tutun:2
तुडुंब	tudumb:2	tudumba:1
तुपकर	tupkar:2	tupakar:1
तुपाची	tupachi:3	tupachee:1
तुपात	tupat:3
तुपे	tupe:3
तुफान	tufan:3	tuphan:1
तुम	toom:1	tum:1	tuma:1
तुमचा	tumcha:2	tumacha:1
तुमची	tumchi:2	tumachi:1
तुमचे	tumche:2	tumache:1
तुमच्या	tumchya:2	tumachya:1
तुमच्याकडे	tumchyakade:2	tumachyakade:1
तुमच्याबरोबर	tumchyabarobar:2	tumachyabarobar:1
तुमसर	tumsar:2	tumasar:1
तुम्हांला	tumhanla:3
तुम्हांस	tumhans:3
तुम्हाला	tumhala:3
तुम्ही	tumhi:3
तुरट	turat:3
तुरटी	turati:2	turti:1
तुरळक	turalak:2	turlak:1
तुरा	tura:4	taara:1	toora:1
तुरीच्या	turichya:3	toorichya:1	tureechya:1	turichyaa:1
तुरुंग	turung:2	turoong:1	turunga:1
तुरुंगवास	turongavasachee:1	turungavaasachi:1	turungavas:1
तुरुंगवासही	turungvasahi:2	turungavasahee:1	turungavasahi:1	turungvaasahi:1
तुरुंगवासाची	turungavasachi:2	turungavasachee:1	turungvasachi:1
तुरुंगात	turungat:3	turungaat:1
तुरुंगातून	turungatun:3	turungaatun:1	turungatoon:1
तुरूंग	turoong:2	turung:2	turunga:1
तुरूंगात	turungat:3	turoongat:1	turungaat:1
तुरे	ture:3	toore:1
तुर्कमेन	turkameen:1	turkamen:1	turkmeen:1	turkmen:1
तुर्कमेनिस्तान	turkmenistan:2	taarkmenistan:1	toorkmeenistan:1	toorkmenistan:1
तुर्कस्तान	turkestan:3
तुर्कस्तानच्या	turkestanchya:2	turkastanchya:1
तुर्कस्तानात	turkestanat:1	turkeystanat:1	turkstanat:1
तुर्की	turki:2	turky:2	turkey:1
तुलना	tulana:2	toolana:1	tulanaa:1	tulna:1
तुलनात्मक	tulanatmak:2	toolanatmak:1	tulanaatmak:1	tulnatmak:1
तुलनेत	tulanet:2	toolanet:1	tulnet:1
तुलनेने	tulanene:2	toolanene:1	tulnene:1
तुलसी	tulasi:3	tulsi:2	tulasee:1	tulashi:1
तुलसीदास	tulsidas:2	tulasidas:1
तुला	tula:4	toola:2	taala:1
तुलाही	tulahi:3	toolahi:1
तुळजापूर	tuljapur:2	tooljapoor:1	tooljapur:1	tulajapur:1
तुळजापूरला	tuljapurla:2	tooljapoorla:1	tooljapurla:1	tulajapurala:1
तुळजाभवानी	tuljabhavani:2	tooljabhavani:1	tulajabhavani:1
तुळजाभवानीचा	tuljabhavanicha:2	tooljabhavanicha:1	tulajabhavanicha:1
तुळशी	tulshi:2	tulashi:1	tulshee:1
तुळशीची	tulshichi:2	toolshichi:1	tulashichi:1
तुळशीचे	tulshiche:2	toolshiche:1	tulashiche:1
तुळशीत	toolsheet:1	tulashit:1	tulsheet:1	tulshit:1
तुळशीबाग	toolshibaag:1	tulashibag:1	tulsibag:1
तुळशीला	tulashila:2	toolashila:1	tulasheela:1	tulashilaa:1
तुळस	tulas:3
तुळापूर	tulapur:3
तुषार	tushar:3
तू	tu:3	too:1
तूच	tuch:3	tooch:1
तूप	toop:4	tup:3
तूपाचा	tupacha:3	toopacha:2
तूर	tur:3	toor:2
तूळ	tool:2	tul:2	tula:1
तृणधान्य	troondhanya:1	troondhanye:1	trunadhanya:1	trundhanya:1
तृणभक्षक	troonbhakshak:2	trunbhakshak:2	trunabhakshak:1
तृतीय	trutiya:2	truniy:1
तृतीयपंथी	trutiyapanthi:2	trutiypanthi:1
तृतीया	trutiya:3	truteeya:1
तृतीयांश	trutiyansh:2	truteeyansh:1	trutiyansha:1
तृतीयेला	trutiyela:3	truteeyela:1
तृप्त	trupt:3
तृप्ती	trupti:3	truptee:1
ते	te:3	dey:1	they:1
तेंडुलकर	tendulkar:3
तेंडुलकरने	tendulkarne:3
तेंडुलकरांची	tendulkaranchi:3
तेंडुलकरांचे	tendulkaranche:3
तेंडुलकरांनी	tendulkaranni:2	tendulkarani:1
तेंव्हा	tenvha:2	tenvhaa:1	tevha:1
तेंव्हापासून	tevhapasun:2	tenvhapasun:1	tevhaapasoon:1	tevhapasoon:1
तेच	tech:3
तेज	tej:3
तेजस	tejas:4	teejas:1	tezas:1
तेजस्विता	tejaswita:2	tejasvita:1
तेजस्विनी	tejasvini:2	tejaswini:1
तेजस्वी	tejasvi:2	tejaswi:2	tejasvee:1	tejaswee:1
तेजाने	tejane:3	tejaane:1
तेणे	tene:3
तेथपर्यंत	tethparyant:3
तेथले	tethale:2	tethle:1
तेथवर	tethvar:3
तेथील	tethil:9	tetheel:2
तेथुन	tethun:3	tethoon:1
तेथून	tethun:2	tethoon:3
तेथूनच	tethunach:3	tethoonch:1	tethunch:1
तेथे	tethe:3
तेथेच	tethech:3
तेथेही	tethehi:3	tethehee:1
तेर	ter:4	tair:1	tar:1	teeir:1
तेरणा	terana:1	teranaa:1	terna:1	ternaa:1
तेरा	tera:3	teraa:1
तेरावी	teravee:2	teravi:2	teraavi:1	terawi:1
तेराव्या	teravya:3	teravyaa:1	terawya:1
तेरी	taree:1	tari:1	tary:1	teeree:1
तेरे	tere:4	tare:1	teeree:1
तेरेखोल	terekhol:3
तेरेसा	taireesa:1	tairesa:1	taresa:1	tarresa:1
तेल	tel:4	tail:1	teel:1
तेलंग	telang:3
तेलंगण	telagan:1	telangan:1	telangn:1
तेलंगणा	telangana:4	teelangana:1	telanganaa:1
तेलंगणातील	telanganatil:3	telanganateel:1
तेलगु	telagu:2	telagoo:1	telgu:1	telugu:1
तेलगू	telagu:2	telugu:2	telagoo:1	telaguu:1
तेलतुंबडे	teltumbade:2	telatumbade:1	teltumbde:1
तेलबिया	telbiya:3	telabiya:1	telbeeya:1	telbiyaa:1
तेलाचा	telacha:3	telachaa:1
तेलाचे	telache:3	telaache:1
तेलाच्या	telachya:3	telachyaa:1
तेलात	telat:3
तेली	teli:3	telee:1
तेलुगु	telugu:3	telugoo:1
तेलुगू	telugu:3	telugoo:2
तेल्हारा	telhara:3
तेवढं	tevadham:1	tevdha:1	tewdhan:1
तेवढा	tevadha:2	tewdha:1
तेवढी	tevadhee:1	tevdhi:1	tewdhi:1
तेवढीच	tevadheech:1	tevdhich:1	tewdhich:1
तेवढे	tevadhe:1	tevdhe:1	tewdhe:1
तेवढ्या	tevadhya:2	tevdhya:2	tewdhya:2
तेवढ्याच	tevadhyach:2	tevdhyach:2	tewdhyach:2	tewdhyaach:1
तेवत	tevat:2	tewat:1
तेवीस	tevees:2	tevis:2
तेव्हा	tevha:3
तेव्हां	tevhan:3
तेव्हाच	tevhach:3
तेव्हाचे	tevhache:3
तेव्हाच्या	tevhachya:2	tevhachaya:1
तेव्हापासून	tevhapasun:3
तेव्हाही	tevhahi:2	tevhahee:1
तेहरान	tehraan:2	tehran:2	teeharana:1	teehran:1
तेही	tehi:2	tehee:1
तैनात	tainat:3	tainaat:1
तैनाती	tainati:2	tainatee:1
तैमूर	taimur:1	taimuur:1	temur:1	timur:1
तैलचित्र	tailchitra:2	tailachitr:1
तैवान	taiwan:2	taivan:1
तो	to:3
तोंड	tond:3
तोंडसुख	tondsukh:2	tondasukh:1
तोंडाकडे	tondakade:3
तोंडात	tondat:2	tondaat:1
तोंडाने	tondane:3
तोंडामध्ये	tondamadhye:2	tondamadhaye:1
तोंडाला	tondala:2	tondalaa:1
तोंडावरच	tondavarach:3
तोंडी	tondi:2	tondee:1
तोकडे	tokade:3
तोकुगावा	tokugava:1	tokugawa:1	tookugava:1	tookugawa:1
तोक्यो	tokyo:3
तोच	toch:3
तोटा	tota:3
तोटे	tote:3
तोट्यात	totyat:4	totyaat:1
तोड	tod:4
तोडगा	todaga:3
तोडणी	todanee:2	todni:1
तोडण्याचा	todanyacha:2	todnyacha:1
तोडण्यासाठी	todanyasathee:2	todanyasathi:1	todnyasathi:1
तोडले	todale:2	todle:1
तोडा	toda:4	todaa:1	tooda:1
तोडी	todee:2	todi:2
तोडून	todun:3	todoon:1
तोपर्यंत	toparyanta:2	toparyant:3
तोफ	tof:3	toff:1	toph:1
तोफखाना	tofkhana:3	tofkhaana:1	tophkhana:1
तोफा	tofa:3	topha:2
तोफांचा	tofancha:2	tofaancha:1	tophaancha:1	tophancha:1
तोरण	toran:3
तोरणा	torana:1	toranaa:1	torna:1
तोरणे	torane:3
तोरे	toore:1	toorey:1	tore:1	toree:1
तोल	tol:3	toll:1
तोवर	tovar:2	tovara:1
तोही	tohee:2	tohi:2
त्या	tya:6	tyaa:1
त्यां	tyan:3	tayaan:1
त्यांचा	tyancha:36	tayancha:1	tyaanchaa:1
त्यांचाच	tyanchach:2	tyaanchaach:1
त्यांची	tyanchi:2	tyaanchee:1	tyanchee:1
त्यांचे	tyanche:58	tyaanche:1	tyache:1	tyanchay:1
त्यांचेच	tyanchech:2	tyaanchecha:1
त्यांचेवर	tyaanchevara:1	tyanchavar:1	tyanchevar:1	tyanchewar:1
त्यांच्या	tyanchya:64	tyanchaya:3	tyanchyaa:1
त्यांच्याकडील	tyanchyakadeel:2	tyanchyakadil:2
त्यांच्याकडून	tyanchyakadun:3	tyanchyakadoon:2
त्यांच्याकडे	tyanchyakade:3
त्यांच्याच	tyanchyach:3
त्यांच्याजवळ	tyanchyajaval:3	tyanchyajawal:1
त्यांच्यात	tyanchyat:3
त्यांच्यातील	tyanchyateel:2	tyanchyatil:2
त्यांच्यापर्यंत	tyanchyaparyant:3
त्यांच्यापासून	tyanchyapasoon:2	tyanchyapasun:2	tyanchyapaasun:1
त्यांच्यापैकी	tyanchyapaikee:2	tyanchyapaiki:2
त्यांच्याबद्दल	tyanchyabaddal:3
त्यांच्याबरोबर	tyanchyabarobar:3
त्यांच्यामध्ये	tyanchyamadhye:2	tyanchyamadhe:1
त्यांच्यामुळे	tyanchyamule:3
त्यांच्यामुळेच	tyanchyamulech:3
त्यांच्यावर	tyanchyavar:3
त्यांच्यावरील	tyanchyavareel:2	tyanchyavaril:2
त्यांच्याविषयी	tyanchyavishayee:2	tyanchyavishayi:2
त्यांच्याशी	tyanchayashee:1	tyanchayashi:1	tyanchyashee:1	tyanchyashi:1
त्यांच्यासाठी	tyanchyasathi:2	tyanchayasathee:1	tyanchyasathee:1	tyanchysathi:1
त्यांच्यासोबत	tyanchyasobat:3
त्यांतला	tyantala:3
त्यांतले	tyantale:3	tyantalay:1
त्यांतल्या	tyantalya:3
त्यांतील	tyantil:2	tyanteel:2
त्यांतून	tyantoon:2	tyantun:1
त्यांनंतर	tyananantar:1	tyannanter:1	tyantar:1
त्यांनतर	tyanatar:1	tyannatar:1	tyantar:1
त्यांना	tyanna:57	tyanana:2
त्यांनाच	tyannach:2	tyanach:1
त्यांनाही	tyannahi:2	tyanahee:1	tyanahi:1	tyannahee:1
त्यांनी	tyanni:3	tyannee:1
त्यांनीं	tyannin:3
त्यांनीच	tyannich:3
त्यांनीही	tyannihi:3	tyanneehi:1	tyannihee:1
त्यांपैकी	tyanpaiki:2	tyapaikee:1	tyapaiki:1
त्यांमध्ये	tyanmadhye:3
त्यांवर	tyanvar:3
त्याआधी	tyaadhi:2	tyaaadhi:1	tyaadhee:1
त्याआधीच	tyaadhich:2	tyaaadhich:1	tyaadheech:1
त्याउलट	tyaulat:3
त्याऐवजी	tyaaivaji:3	tyaaivajee:1
त्याकडे	tyakade:3
त्याकरिता	tyakarita:3	tyakareeta:1	tyakaritaa:1
त्याकाळात	tyakalat:3
त्याकाळी	tyakali:3	tyakalee:1
त्याखाली	tyakhali:2	tyaakhali:1
त्याग	tyag:2	tyaag:1
त्यागून	tyagun:3
त्याच	tyach:6
त्याचं	tyacha:1	tyachn:1	tyanch:1
त्याचप्रमाणे	tyachpramane:3	tyachpramanay:1
त्याचबरोबर	tyachbarobar:2	tyachbrobar:1
त्याचवेळी	tyachveli:3
त्याचा	tyacha:4
त्याचाच	tyachach:3
त्याची	tyachi:4	tyachee:1
त्याचीच	tyachich:3
त्याचे	tyache:3
त्याचेच	tyachech:3
त्याच्या	tyachya:4
त्याच्याकडून	tyachyakadun:3
त्याच्याकडे	tyachyakade:3
त्याच्याच	tyachyach:2	tyachyaach:1
त्याच्यात	tyachyat:2	tyachyaat:1
त्याच्यातील	tyachyatil:2	tyachyaatil:1
त्याच्यातून	tyachyatun:2	tyachyatoon:1
त्याच्यापर्यंत	tyachyaparyant:2	tyachyaparyanta:1
त्याच्यापासून	tyachyapasun:3	tyachyapasoon:1
त्याच्याबरोबर	tyachyabarobar:3
त्याच्याभोवती	tyachyabhovati:3
त्याच्यामागून	tyachyamagun:3
त्याच्यामुळेच	tyachyamulech:2	tyachyamoolech:1
त्याच्यावर	tyachyavar:3
त्याच्यावरही	tyachyavarhi:2	tyachyavarahi:1
त्याच्यावरील	tyachyavaril:2	tyachyavareel:1
त्याच्याविषयी	tyachyavishayi:3
त्याच्याशी	tyachyashi:3
त्याज्य	tyajya:3
त्याठिकाणी	tyathikani:3	tyatheekani:1
त्यात	tyat:3
त्यातच	tyatach:2	tyatacha:1	tyatcha:1
त्यातला	tyatala:2	tyatla:2
त्यातली	tyatli:2	tyatali:1
त्यातले	tyatle:3	tyatale:1
त्यातल्या	tyatlya:2	tyatalya:1	tytlya:1
त्यातही	tyatahi:3	tyathi:1
त्यातील	tyatil:3	tyateel:1
त्यातीलच	tyatilach:3
त्यातुन	tyatun:3
त्यातून	tyatun:3	tyatoon:2
त्यातूनच	tyatunach:3	tyatoonach:1
त्यात्या	tyatya:3
त्यादृष्टीने	tyadrushteene:1	tyadrushtine:1	tyadrustine:1
त्याद्वारे	tyadware:2	tyadvare:1
त्यानं	tyaana:1	tyan:1	tyann:1
त्यानंतर	tyanantar:3
त्यानंतरचा	tyananarcha:1	tyanantarachaa:1	tyanantarcha:1
त्यानंतरचे	tyanantarche:2	tyanantarache:1
त्यानंतरच्या	tyanantarchya:2	tyanantarachya:1
त्यानंतरही	tyanantarahee:1	tyanantarahi:1	tyanantarhi:1
त्यानी	tyani:2	tyaanee:1
त्यानुसार	tyanusar:2	tyanusaar:1
त्याने	tyane:2	tyaane:1
त्यानें	tyane:1	tyanen:1	tyanne:1
त्यानेच	tyanech:3
त्यानेही	tyanehi:2	tyaanehee:1
त्यापलीकडे	tyapalikade:2	tyaapaleekade:1
त्यापाठोपाठ	tyapathopath:3
त्यापासून	tyapasun:3	tyapasoon:1
त्यापुढील	tyapudheel:2	tyapudhil:2
त्यापुढे	tyapudhe:3
त्यापूर्वी	tyapurvee:2	tyapurvi:2
त्यापेक्षा	tyapeksha:3	tyapekshaa:1
त्यापैकी	tyapaiki:2	tyapaikee:2
त्यापैकीच	tyapaikeech:2	tyapaikich:2
त्याप्रमाणे	tyapramane:3
त्याप्रमाणें	tyapramaanen:1	tyapramane:1	tyapramanen:1
त्याप्रमाणेच	tyapramanech:3
त्याबदल्यात	tyabadalyat:2	tyabadalyaat:1	tyabadlyat:1
त्याबद्दल	tyabaddal:3
त्याबद्दलचे	tyabaddalche:2	tyabaddalache:1
त्याबरोबर	tyabarobar:3
त्याबरोबरच	tyabarobarch:2	tyabarobarach:1
त्याबाबतीत	tyababatit:3	tyababateet:1
त्यामधील	tyamadhil:3	tyamadheel:1
त्यामधून	tyamadhun:3
त्यामध्ये	tyamadhye:3
त्यामागचे	tyamagche:2	tyamagache:1
त्यामागील	tyamagil:3	tyamageel:1
त्यामागे	tyamage:3
त्यामानाने	tyamanane:3
त्यामुळे	tyamule:3
त्यायोगे	tyayoge:3
त्याला	tyala:3
त्यालाच	tyalach:3
त्यावर	tyavar:3
त्यावरच	tyavarach:3	tyavrach:1
त्यावरील	tyavaril:2	tyavareel:1
त्यावरुन	tyavarun:3
त्यावरून	tyavarun:3
त्यावरूनच	tyavarunach:3
त्यावेळचा	tyavelcha:2	tyavelacha:1
त्यावेळचे	tyavelche:2	tyavelache:1
त्यावेळच्या	tyavelchya:2	tyavelachya:1
त्यावेळी	tyaveli:7	tyavelee:2
त्यावेळेस	tyaveles:3
त्याशिवाय	tyashivay:3
त्यास	tyas:3
त्यासाठी	tyasathi:3	tyasathee:2
त्यासाठीच	tyasathich:2	tyasatheech:1
त्यासाठीच्या	tyasathichya:2	tyasatheechya:1
त्यासी	tyasee:2	tyasi:2
त्यासोबत	tyasobat:3
त्यासोबतच	trasobatach:1	tyasobatach:1	tyasobatcha:1
त्याही	tyahee:2	tyahi:2
त्याहून	tyahoon:3	tyahun:2
त्रयी	trayi:2	trayee:1
त्रयोदशी	trayodashi:2	trayodashee:1
त्रस्त	trast:3	trasta:1
त्राटक	tratak:3
त्राण	tran:3
त्रावणकोर	travankor:2	travanakor:1	travancore:1
त्रास	tras:3
त्रासदायक	trasdayak:2	trasadayak:1
त्रासात	trasat:3
त्रासाला	trasala:3
त्रिकूट	trikoot:2	trikut:2
त्रिकोण	trikon:3
त्रिकोणाच्या	trikonachya:2	trikonchaya:1
त्रिकोणात	trikonat:3
त्रिकोणी	trikoni:2	trikonee:1
त्रिज्या	trijya:2	trijaya:1
त्रिनिदाद	trinidad:4	treenidad:1	triinidad:1	trinidada:1
त्रिपाठी	tripathi:3
त्रिपुर	tripur:3
त्रिपुरा	tripura:4	treepura:1	triipura:1	tripoora:1
त्रिपुरासुराचा	tripurasuracha:3
त्रिपुरी	tripuri:2	tripuree:1
त्रिभुज	tribhuj:3
त्रिभुवन	tribhuvan:3
त्रिमिती	trimiti:2	trimitee:1
त्रिमितीय	trimitiya:2	trimiteey:1
त्रिविक्रम	trivikram:3
त्रिविध	trividh:3
त्रिवेंद्रम	trivendram:2	trivandrum:1
त्रिवेणी	triveni:2	trivenee:1
त्रिवेदी	trivedi:2	trivedee:1
त्रिशूल	trishool:2	trishul:2
त्रिस्तरीय	tristareey:1	tristariy:1	tristariya:1
त्रुटी	truti:2	trutee:1
त्रेतायुगात	tretayugat:3
त्रैमासिक	traimasik:2	traimaasik:1
त्र्यंबक	tryambak:3
त्र्यंबकराव	tryambakrao:3
त्र्यंबकेश्वर	tryambakeshwar:2	trayambkeshwar:1
त्र्यंबकेश्वरला	tryambakeshwarla:2	trayambkeshwarla:1
त्वचा	tvacha:2	twacha:1
त्वचेखाली	tvachekhali:1	twachekhali:1	tyachekhali:1
त्वचेचा	tavachecha:1	tvachecha:1	twchecha:1
त्वचेच्या	tavachechya:1	tvachechya:1	twachechya:1
त्वचेवर	tavachevar:1	tvachevar:1	twachevar:1
त्वरित	tavrit:1	tvarit:1	twarit:1
त्वरेने	tavren:1	tvarene:1	twarene:1
त्वेषाने	tveshane:2	tvashane:1
त्सुनामी	tsunamei:1	tsunamey:1	tsunami:1	tsunamii:1
थंड	thand:2	thanda:1
थंडगार	thandagar:1	thandgaar:1	thandgar:1
थंडी	thandi:3	thandee:1
थंडीपासून	thandipasun:2	thandeepasoon:1	thandipasoon:1
थंडीमुळे	thandimule:3
थकलेले	thaklele:3
थकवा	thakwa:2	thakva:1
थत्ते	thatte:2	thattey:1
थर	thar:3
थरथराट	thartharat:3
थरांतील	tharantil:2	tharamtil:1
थराचे	tharache:3
थरार	tharar:3
थरारक	thararak:3
थराला	tharala:3
थव्याने	thavyane:3
थांबणार	thaambnaar:1	thambanar:1	thambnar:1
थांबण्याचा	thaambnyacha:1	thambanyacha:1	thambnyacha:1
थांबत	thambat:2	thaambat:1
थांबतात	thambatat:2	thambtat:2	thaambtat:1
थांबते	thaambate:1	thambate:1	thambte:1
थांबला	thaambla:2	thambala:1	thambla:1
थांबली	thaambali:1	thambali:1	thambli:1
थांबले	thaamble:1	thambale:1	thamble:1
थांबल्यामुळे	thamblyamule:2	thaamblyamule:1
थांबवणे	thaambvaney:1	thambavane:1	thambvane:1
थांबवण्याचा	thambavnyacha:2	thaambvanyacha:1
थांबवण्यासाठी	thambavnyasathi:2	thambvanyasathi:1
थांबवले	thambavle:2	thambvale:1
थांबवावे	thambvave:2	thambavave:1
थांबवू	thambavu:2	thambavoo:1	thambvu:1
थांबा	thamba:4
थांब्यावर	thambyavar:3
थाई	thai:4	thaie:1	the:1	thee:1
थाटली	thatli:2	thatalee:1
थाटात	thatat:3	thataat:1
थापर	thapar:3
थापा	thapa:3	thaapa:2	thapaa:1
थापावे	thapave:3
थायलंड	thailand:4	thayalanda:1	thayland:1	theland:1
थायलंडच्या	thailandchya:3
थारा	thara:2	thaara:1
थारोळ्यात	tharolyat:3
थालिपीठ	thalipeeth:1	thalipeetha:1	thalipith:1
थाळी	thali:2	thalee:1
थिएटर	theatar:1	theater:1	theeter:1	thetar:1
थिएटर्स	theaters:2	theatres:1
थिबा	thiba:3	theeba:2
थेंब	themb:4
थेंबाचा	thembacha:3
थेट	thet:3
थॉमस	thomas:3	thamas:1	thames:1	thaumas:1
थोडक्यात	thodkyat:3
थोडयाच	thodyach:3
थोडा	thoda:4	thodaa:1
थोडाफार	thodafar:3
थोडासा	thodasa:3
थोडी	thodi:2	thodee:1
थोडीफार	thodiphar:2	thodeefar:1	thodfar:1
थोडीशी	thodishi:2	thodeeshee:1
थोडे	thode:3
थोडेफार	thodefar:3	thodephar:2
थोडेसे	thodese:3
थोड्या	thodya:4	thodaya:1
थोड्याच	thodyach:3
थोपवून	thopvun:2	thopavoon:1	thopvoon:1
थोर	thor:3
थोरला	thorla:3
थोरली	thorli:3
थोरले	thorle:3	thorlay:1
थोरल्या	thorlya:2	thoralya:1
थोरात	thorat:3
थ्रू	through:2	threw:1
दंग	dang:3
दंगली	dangli:2	dangali:1
दंगलींच्या	dangalinchya:2	danglichya:1
दंगलींना	dangalinna:2	danglina:1
दंगा	danga:3
दंगे	dange:3	dangey:1
दंड	dand:3
दंडक	dandak:3
दंडकारण्य	dandakaranya:2	dandkarnya:1
दंडगोलाकार	dandagolakar:1	dandgolakar:1	dansgolakar:1
दंडनीय	dandaneey:1	dandaniya:1	dandniy:1
दंडवते	dandavate:2	dandvate:1
दंडाला	dandala:3
दंतकथा	dantkatha:2	dantakatha:1
दंतवैद्य	dantvaidya:2	dantavaidya:1
दंव	danv:2	danva:1
दंश	dansh:3
दक्ष	daksh:3
दक्षता	dakshata:3
दक्षिण	dakshin:3	daksheen:1
दक्षिणपूर्व	daksheenpurv:1	dakshinapoorv:1	dakshinpurv:1	dakshinpurva:1
दक्षिणा	dakshina:3	daksheena:1
दक्षिणायन	dakshinayan:3	daksheenayan:1
दक्षिणी	dakshini:3	daksheeni:1
दक्षिणेंत	dakshinet:2	daksheenet:1	dakshinent:1
दक्षिणेकडील	dakshinekadil:2	daksheenekade:1	dakshinekade:1
दक्षिणेकडून	dakshinekadun:2	daksheeneakadun:1	daksheenekadoon:1	dakshinekadoon:1
दक्षिणेकडे	dakshinekade:3	daksheenekade:1
दक्षिणेत	dakshinet:3	daksheenet:1
दक्षिणेतील	dakshinetil:3	daksheenetil:1
दक्षिणेला	dakshinela:3	daksheenela:1
दक्षिणेस	dakshines:3	daksheenes:1
दक्षिणोत्तर	dakshinottar:3	daksheenottar:1
दखल	dakhal:2	dhakhal:1
दखलपात्र	dakhalpatra:3
दख्खन	dakhkhan:2	dakkhan:1
दख्खनच्या	dakhkhanchya:2	dakkhanchaya:1
दगड	dagad:3
दगडांच्या	dagadanchya:1	dagdanchaya:1	dagdanchya:1
दगडाची	dagadachee:1	dagadachi:1	dagdachi:1
दगडाचे	dagadache:2	dagdache:1
दगडाच्या	dagadachya:2	dagdachya:1
दगडात	dagadat:2	dagdat:1
दगडापासून	dagadapasoon:1	dagadapasun:1	dagdapasoon:1	dagdapasun:1
दगडामध्ये	dagadamadhe:1	dagadamadhye:1	dagdamadhye:1
दगडाला	dagadala:2	dagdala:1
दगडावर	dagadavar:2	dagdavar:1
दगडी	dagdi:3	dagadee:1	dagadi:1
दगडूशेठ	dagadoosheth:1	dagadusheth:1	dagdoosheth:1	dagdusheth:1
दगा	daga:3
दगावतात	dagavtat:2	dagavatat:1
दडपले	dadapale:2	dadaple:1
दडला	dadla:2	dadala:1
दडलेला	dadlela:2	dadalela:1
दडलेल्या	dadalelya:1	dadlelya:1	dedlelya:1
दणका	danka:2	danaka:1
दणदणीत	danadaneet:1	dandanit:1	dandneet:1	dandnit:1
दणादण	danadan:3
दत्त	dutt:4	datt:3
दत्तक	dattak:3
दत्तगुरू	dattaguru:2	dattaguroo:1
दत्तप्रसाद	dattaprasad:2	dattprasad:1
दत्तमंदिर	dattamandir:2	dattmandir:2
दत्ता	datta:4	dattaa:1	detta:1	dutta:1
दत्ताचे	dattache:3	dattaache:1
दत्ताच्या	dattachya:3	dattaachya:1	dattachyaa:1
दत्ताजी	dattajee:2	dattaji:2	dattaaji:1
दत्ताजीराव	dattajirao:2	dattaajirao:1	dattajeerao:1	dattajeerav:1
दत्तात्रय	dattatray:3
दत्तात्रेय	dattatrey:3
दत्तात्रेयांनी	dattatreyannee:2	dattatreyanni:2
दत्तात्रेयाचे	dattatreyache:3
दत्ताराम	dattaram:3
दत्तू	dattoo:3	dattu:2
दत्तो	datto:3
दत्तोपंत	dattopant:3
दप्तरदार	daptaradar:1	daptardaar:1	daptardar:1	daptdar:1
दबंग	dabang:3
दबदबा	dabdaba:2	dabadaba:1
दबलेले	dablele:2	dabalele:1
दबाव	dabav:3
दबावाने	dabavane:3
दमट	damat:3
दमण	daman:4
दमदार	damdar:2	damadar:1	damdaar:1
दमदारपणे	damdarpane:2	damadarapane:1
दमन	daman:3
दमयंती	damayantee:1	damayanti:1	damyanti:1
दमलेल्या	damalelya:2	damlelya:1
दमा	dama:3
दमानिया	damaniya:3	damaneeya:1
दयनीय	dayaneey:1	dayaniy:1	dayniy:1
दया	daya:4	dayaa:1	dayya:1
दयानंद	dayanand:3
दयानिधी	dayanidhi:2	dayanidhee:1
दयामरण	dayamaran:3
दयाळ	dayal:3
दयावान	dayavan:3
दर	dar:3
दरडोई	dardoi:3
दरबान	darban:2	daraban:1
दरबार	darbar:2	darabar:1
दरबारात	darbarat:2	darabarat:1
दरबारातील	darbaratil:2	darabarateel:1
दरबारी	darbari:2	darabaree:1
दरमहा	daramaha:1	darmaha:1	darmha:1
दरम्यान	darmyan:2	daramyan:1
दरम्यानचा	damyancha:1	daramyanacha:1	darmyancha:1
दरम्यानची	darmyanchi:2	daramyanachee:1
दरम्यानचे	darmyanche:2	daramyanache:1
दरम्यानच्या	daramyanchya:1	darmyanchaya:1	darmyanchya:1
दररोज	darroj:2	dararoj:1
दरवर्षी	darvarshi:2	darvarshee:1
दरवळ	darval:2	daraval:1
दरवाजा	daravaja:2	darwaja:1
दरवाजाकडे	daravajakade:2	darwajakade:1
दरवाजाची	daravajachee:1	darvajachi:1	darwajachi:1
दरवाजाचे	daravajache:1	darvajache:1	darwajache:1
दरवाजाच्या	daravajachya:1	darvajachya:1	darwajachya:1
दरवाजातून	daravajatoon:1	darvajatoon:1	darvajatun:1	darwajatun:1
दरवाजे	daravaje:2	darvaje:2	darvaaje:1
दरवाज्याचे	daravajyache:2	darvajyache:1
दरवाज्यातून	daravajyatoon:2	daravajyatun:1	darvajatun:1	darvajyatoon:1
दरवेळी	darveli:2	daravelee:1	darvelee:1
दरही	darahee:1	darahi:1	darhi:1
दराने	darane:3
दरामध्ये	daramadhye:2	daramadhe:1
दरारा	darara:3
दरावर	daravar:3
दरिद्री	daridri:2	dareedri:1	daridree:1
दरी	dari:2	daree:1
दरीत	darit:2	dareet:1
दरोडेखोर	darodekhor:3
दर्गा	darga:2	durga:1
दर्जा	darja:3
दर्जाचा	dajracha:1	darjacha:1	darjache:1
दर्जाची	dajrachi:1	darjachee:1	darjachi:1
दर्जाचे	darjache:2	dajarche:1
दर्जाच्या	darjachya:2	djarchya:1
दर्जाबद्दल	darjabaddal:2	darjabadal:1
दर्जावर	darjavar:3
दर्जेदार	darjedar:3
दर्पण	darpan:3
दर्या	darya:3
दर्शक	darshak:3
दर्शकांना	darshakana:1	darshakanna:1	darshkana:1
दर्शन	darshan:4	darsan:1	darshhan:1	dursan:1
दर्शनाचा	darshanacha:3
दर्शनाचे	darshanache:3
दर्शनाने	darshanane:3
दर्शनाला	darshanala:3
दर्शनास	darshanas:3
दर्शनासाठी	darshanasathi:2	darshanasathee:1
दर्शनी	darshani:2	darshanee:1
दर्शनीय	darshaneey:1	darshaniy:1	darshaniya:1
दर्शवणारा	darshavanara:1	darshavnaara:1	darshavnara:1
दर्शवणे	darshavane:1	darshavne:1	darshvane:1
दर्शवत	darshavat:3
दर्शवतात	darshavtat:2	darshavatat:1
दर्शवते	darshavte:2	darshavate:1
दर्शवतो	darshavto:2	darshavato:1
दर्शवला	darshavla:2	darshavala:1
दर्शवली	darshavli:2	darshavalee:1
दर्शवले	darshavle:2	darshavale:1
दर्शविणारी	darshavinari:2	darshavanaree:1	darshaveenari:1
दर्शविणारे	darshavinare:3	darshaveenare:1	darshavinaare:1
दर्शविण्यासाठी	darshavinyasathi:3	darshaveenyasathi:1	darshavinyasathee:1
दर्शवितात	darshavitat:3	darshaveetat:1	darshavitaat:1
दर्शविते	darshavite:3	darshaveete:1
दर्शवितो	darshavito:3	darshaveeto:1
दर्शविला	darshavila:3	darshaveela:1	darshavilaa:1
दर्शविले	darshavile:3	darshaveele:1
दर्शविलेली	darshavileli:2	darshaveeleli:1	darshavilelee:1	darshvilelee:1
दर्शवून	darshavoon:2	darshavoo:1	darshavu:1	darshavun:1
दल	dal:3
दलदल	daladal:2	daldal:2
दलदली	daladalee:2	daldali:2	daladali:1
दलदलीत	daladaleet:2	daldalit:2	daladalit:1
दलवाई	dalavai:2	dalvai:1
दलांच्या	dalanchya:3	dalaanchya:1	dalanchyaa:1
दलाई	dalai:3
दलाची	dalachee:2	dalachi:2
दलाचे	dalache:3	dalaache:1
दलाच्या	dalachya:3
दलात	dalat:3
दलाल	dalal:3
दलाला	dalala:3
दलालांची	dalalanchi:2	dalalanchee:1
दलालांना	dalalanna:2	dalalana:1
दलावर	dalavar:3
दलित	dalit:3	daleet:2	daliit:1	dalita:1
दलितांचा	dalitancha:3	daleetancha:1
दलितांची	dalitanchi:2	daleetanchi:1	dalitanchee:1
दलितांचे	dalitanche:3	daleetanche:1
दलितांच्या	dalitanchya:3	daleetanchya:1
दलितांना	dalitanna:2	daleetanna:1	dalitana:1
दलितांसाठी	daleetansathi:1	dalitansathee:1	dalitansathi:1	dalitasathi:1
दलीत	dalit:2	daleet:1
दळणवळण	dalanavalan:1	dalanvalan:1	dalanvaln:1
दळत	dalat:2	dalate:1
दळवी	dalvi:2	dalavee:1
दळून	daloon:2	dalun:2
दवणे	davne:2	davane:1
दवाखाना	davakhana:2	dawakhana:1
दवाखान्यात	davakhanyat:2	dawakhanyaat:1
दवे	dave:3	davee:1	dawe:1	dev:1
दशक	dashak:3
दशकांची	dashakanchee:1	dashakanchi:1	dashkanchi:1
दशकांत	dashakant:2	dashkant:1
दशकांमध्ये	dashakanmadhe:1	dashkamadhey:1	dashkamadhye:1
दशकाच्या	dashakachya:2	dashkachya:1
दशकात	dashakat:2	dashkat:1
दशकातील	dashakateel:1	dashakatil:1	dashkatil:1
दशकापासून	dashkapasun:2	dashakapasoon:1	dashkapasoon:1
दशके	dasake:1	dashake:1	dashke:1
दशमान	dashman:2	dashaman:1
दशमी	dashamee:1	dashami:1	dashmi:1
दशरथ	dasharath:2	dashrath:1
दशलक्ष	dashalaksh:2	dashlaksh:2
दशावतार	dashavatar:2	dashavataat:1	dashavtar:1
दशेत	dashet:3
दसरा	dasara:2	dasaraa:1	dasra:1
दसऱ्याचा	dasaryacha:2	dasaryachaa:1	dasryacha:1
दसऱ्याच्या	dasaryachya:2	dasaryachyaa:1	dasryachya:1
दसऱ्याला	dasaryala:2	dasryala:1
दस्तऐवज	dastaivaj:2	dastayevaj:1
दस्तावेज	dastavej:3	dastaavej:1
दहन	dahan:3
दहशत	dahashat:2	dahshat:1
दहशतवाद	dahashatavad:1	dahashatvaad:1	dahashatvad:1	dahshatvad:1
दहशतवादी	dahashatavadee:1	dahashatvadi:1	dahshatvadi:1
दहशतवाद्यांच्या	dahashatavadyanchya:1	dahashatvadyanchya:1	dahshatvadanchya:1
दहशतवाद्यांनी	dahashatavadyanee:1	dahashatvadyanni:1	dahshatvadani:1
दहशतीमुळे	dahashateemule:1	dahashatimule:1	dahshtimule:1
दहा	daha:3
दहावा	dahava:3
दहावी	dahavi:2	dahavee:1
दहावे	dahave:3
दहाव्या	dahavya:3
दहाही	dahahi:2	dahahee:1
दहिफळे	dahifale:3	dahiphale:2
दहिसर	dahisar:3
दही	dahi:2	dahee:1
दांगट	dangat:3
दांडा	danda:3
दांडेकर	dandekar:3
दाऊद	dawood:2	daud:1
दाक्षिणात्य	dakshinatya:3
दाखल	dakhal:3
दाखला	dakhla:2	dakhala:1
दाखले	dakhle:2	dakhale:1
दाखवणारा	dakhavanara:1	dakhavnaara:1	dakhvanara:1
दाखवण्याची	dakhavanyachi:1	dakhavnyachi:1	dakhvanyachi:1
दाखवण्याचे	dakhavanyache:1	dakhavnyache:1	dakhvanyache:1
दाखवण्यात	dakhavanyat:1	dakhavnyaat:1	dakhvanyat:1
दाखवण्यासाठी	dakhavanyasathi:1	dakhavnyasathi:1	dakhvanyasathi:1
दाखवत	dakhvat:2	dakhavat:1
दाखवतात	dakhavatat:1	dakhavtat:1	dakhvatat:1
दाखवते	dakhavate:2	dakhvate:1
दाखवतो	dakhavato:2	dakhvato:1
दाखवला	dakhavala:2	dakhvala:1
दाखवली	dakhavalee:1	dakhavali:1	dakhvali:1
दाखवले	dakhavale:2	dakhvale:1
दाखवलेल्या	dakhavalelya:2	dakhvalelya:1
दाखवल्यामुळे	dakhavalyamule:2	dakhvalyamule:1
दाखवायला	dakhavayala:1	dakhavayla:1	dakhvayla:1
दाखवावी	dakhavavee:1	dakhavavi:1	dakhvavi:1
दाखवावे	dakhavave:2	dakhvave:1
दाखविणारे	dakhavinare:2	dakhvinare:1
दाखविणे	dakhavine:2	dakhvine:1
दाखविण्यात	dakhavinyat:2	dakhvinyat:1
दाखविण्यासाठी	dakhavinyasathee:1	dakhavinyasathi:1	dakhvinyasathi:1
दाखवित	dakhavit:2	dakhvit:1
दाखविता	dakhavita:2	dakhvita:1
दाखवितात	dakhavitat:2	dakhvitat:1
दाखविताना	dakhavilitana:1	dakhavitana:1	dakhvitana:1
दाखविला	dakhavila:2	dakhvila:1
दाखविली	dakhavilee:1	dakhavili:1	dakhvili:1
दाखविले	dakhavile:2	dakhvile:1
दाखविलेला	dakhavilela:2	dakhvilela:1
दाखविलेली	dakhavilelee:1	dakhavileli:1	dakhvileli:1
दाखविलेले	dakhavilele:2	dakhvilele:1
दाखविलेल्या	dakhavilelaya:1	dakhavilelya:1	dakhvilelya:1
दाखवून	dakhavoon:2	dakhavun:1	dakhvun:1
दाखवूनही	dakhavoonahee:1	dakhavoonaho:1	dakhavunahi:1	dakhvunahi:1
दागिना	dagina:3
दागिने	dagine:3
दागिन्यांचा	daginyancha:3
दाजिबा	dajiba:3
दाजी	daji:2	dajee:1
दाजीकाका	dajikaka:2	dajeekaka:1
दाजीबा	dajiba:2	dajeeba:1
दाट	dat:2	daata:1
दाटी	dati:2	daati:1
दाढी	dadhi:3
दाणी	dani:4	danee:1	danii:1
दाणे	dane:2	daney:1
दाणेदार	danedar:3
दात	daat:2	dat:2
दातांचे	datanche:3
दातांनी	datanni:3
दातार	datar:3
दाते	date:3
दाद	dad:3
दादर	dadar:3
दादरकर	dadarkar:3
दादरच्या	dadarchya:3
दादरा	dadra:2	dadara:1
दादा	dada:4	daada:1	daadaa:1
दादांच्या	dadanchya:3
दादांनी	dadanni:2	dadannee:1
दादाजी	dadajee:2	dadaji:2
दादाभाई	dadabhai:2	dadabai:1
दादासाहेब	dadasaheb:3
दादासाहेबांच्या	dadasahebanchya:3
दादू	dadoo:3	dadu:1
दादोजी	dadoji:2	dadojee:2
दान	dan:3	daan:2	dana:1
दानधर्म	dandharm:2	dandharma:1
दानव	danav:3
दानशूर	danshoor:3	danshur:2
दाना	daana:1	dana:1	danaa:1
दानाचे	danache:3
दापोडी	dapodi:2	dapodee:1
दापोली	dapoli:3	daapoli:1
दाब	daab:2	dab:2
दाबल्या	dablya:3
दाबल्यावर	dablyavar:2	dablyavr:1	dablyawar:1
दाबाचा	dabacha:3
दाबाच्या	dabachya:3
दाबाने	dabane:3
दाबून	dabun:2	daaboon:1	daabun:1
दाभाडे	dabhade:3
दाभोलकर	dabholkar:3
दाभोलकरांचे	dabholkaranche:3
दाभोळ	dabhol:3	dabhole:1
दाभोळकर	dabholkar:3
दाभोळकरांचे	dabholkaranche:3
दामले	damle:2	damale:1
दामाजी	damaji:3
दामू	damu:3
दामोदर	damodar:3
दामोदरपंत	damodarpant:2	damodarpanta:1
दायित्व	dayeetv:1	dayitv:1	dayitva:1	dayitwa:1
दार	daar:3	dar:2	dara:2
दारं	dar:1	dara:1	daran:1
दारणा	daarnaa:1	darana:1	darna:1
दारात	darat:2	daaraat:1
दारातच	daratach:2	daaratach:1
दारातून	daratun:3	daratoon:1
दारिद्र्य	daridrya:2	daaridrya:1	dareedrya:1
दारिद्र्याची	daaridryachi:1	dareedryachi:1	daridrayachi:1	daridryachi:1
दारिद्र्याच्या	dareedryachya:1	daridrachya:1	daridraychya:1	daridryachya:1
दारी	dari:2	daari:1
दारुड्या	darudya:2	daarudya:1
दारू	daru:3	daaru:1	daroo:1
दारूगोळा	darugola:3	daroogola:1
दारे	dare:2	daare:1
दार्जीलिंग	darjeeling:4	darjiling:2
दार्शनिक	darshnik:2	darshanik:1	darshneek:1
दालन	dalan:3
दालनात	daalanaat:1	dalanat:1	dalnat:1
दालमिया	dalmiya:2	dalamiya:1	dalmeeya:1
दावा	dava:3	daava:1	dawa:1
दावू	davoo:2	davu:2
दास	das:4	daas:2	dasa:1
दासगुप्ता	dasgupta:3
दासबोध	dasbodh:2	dasabhodh:1
दासबोधाचे	dasbodhache:2	dasabhodhache:1
दासी	dasi:2	daasee:1	daasi:1	dasee:1
दासू	daasoo:1	daasu:1	dasoo:1	dasu:1
दासोपंत	dasopant:2	dasopanta:1
दासोपंतांनी	dasopantanni:2	dasopantaanni:1
दास्यत्व	dasyatva:2	dasyatwa:1
दाह	dah:2	daah:1
दिंडी	dindi:3	deendi:1
दिंडोरी	dindori:3	deendori:1
दिगंबर	digambar:3	deegambar:1
दिग्गज	diggaj:3	deeggaj:1
दिग्दर्शक	digdarshak:3	deegdarshak:1
दिग्दर्शकाचा	digdarshakacha:3	deegdarshakacha:1	digdarshakachaa:1
दिग्दर्शकाचे	digdarshakache:3	deegdarshakache:1
दिग्दर्शन	digdarshan:3	deegdarshan:1
दिग्दर्शिका	digdarshika:2	deegdarsheeka:1	digdarshaka:1
दिग्दर्शित	digdarshit:3	deegdarsheet:1
दिग्विजय	digvijay:3	deegveejay:1
दिघी	dighi:3	deeghi:1	dighee:1
दिघे	dighe:3	deeghe:1
दिन	din:3	deen:1
दिनकर	dinkar:3	deenkar:1
दिनकरराव	deenkarrao:1	dinakrarav:1	dinkararao:1	dinkararav:1
दिनचर्या	dinacharya:2	deencharya:1	dincharya:1
दिनदर्शिका	deendarsheeka:1	dinadarshika:1	dindarshika:1	dindrashika:1
दिनांक	dinank:2	deenank:1	dinak:1
दिनाची	dinachi:2	deenachi:1	dinachee:1
दिनाचे	dinache:3	deenache:1
दिनापासून	dinapasoon:3	deenapasoon:1	deenapasun:1	dinapasun:1
दिनार	dinar:4	deenar:2	diinar:1	dinara:1
दिनी	dinee:2	dini:2	deeni:1
दिनेश	dinesh:4	deenesh:2	deenes:1	deeneshh:1
दिपक	dipak:3	deepak:1
दिपमाळ	dipmaal:2	dipmal:2	deepmal:1
दिया	diya:4	deeya:1	diiya:1	diyaa:1
दिरंगाई	dirangai:3	dirangaai:1
दिलं	dilan:2	dil:1	diln:1
दिला	dila:3
दिलासा	dilasa:3
दिली	dili:22	dilee:2
दिलीप	dilip:3	dileep:4	diileep:1	diiliip:1
दिले	dile:3
दिलेच	dilech:3
दिलेरखान	dilerkhan:2	dilerakhan:1
दिलेलं	dilelam:1	dilelan:1	dileln:1
दिलेला	dilela:3	dilelaa:1
दिलेली	dileli:2	dilelee:2
दिलेले	dilele:3
दिलेल्या	dilelya:3	dilelyaa:1
दिल्या	dilya:3	dilyaa:1
दिल्याचा	dilyacha:3	dilyachaa:1
दिल्याचे	dilyache:3
दिल्यानंतर	dilyanantar:3
दिल्यानंतरच	dilyanantarach:2	dilyanantarch:1
दिल्याने	dilyane:3
दिल्यामुळे	dilyamule:3
दिल्यावर	dilyavar:3
दिल्यास	dilyas:3	dilyaas:1
दिल्ली	delhi:5	dilli:3
दिल्लीचा	dillicha:3	dillichaa:1
दिल्लीची	dillichi:2	dillichee:1	dillinantar:1
दिल्लीच्या	dillichya:3	dillichyaa:1
दिल्लीत	dillit:3
दिल्लीतील	delhitil:2	dillitil:3	dilliteel:1
दिल्लीमधील	dillimadhil:3	dillimadheel:1
दिल्लीमध्ये	dillimadhye:3
दिल्लीला	dillila:3	dillilaa:1
दिल्लीवर	dillivar:2	dilleevar:1
दिल्लीहून	dillihun:2	dilleehoon:1
दिवंगत	divangat:2	diwangat:1
दिवशी	divshi:6	diwashi:2	divashee:1
दिवस	divas:10	diwas:2
दिवसच	diwasach:2	divasach:1
दिवसभर	diwasbhar:2	divasabhar:1
दिवसा	diwasa:2	divasa:1
दिवसांचा	divasancha:1	diwasancha:1	diwsancha:1
दिवसांची	divsanchi:2	diwasanchi:2	divasanchee:1
दिवसांचे	diwasanche:2	divasanche:1
दिवसांच्या	divsanchya:2	diwasanchya:2	divasanchya:1
दिवसांत	diwasant:2	divasant:1
दिवसांतच	diwasantach:2	divasantach:1
दिवसांनंतर	diwasannantar:2	divasannantar:1
दिवसांनी	diwasanni:2	divasanni:1
दिवसांपूर्वी	diwasanpurvi:2	divasanpurvi:1
दिवसांपैकी	diwasanpaiki:2	divasanpaiki:1
दिवसांसाठी	diwasansathi:2	divasansathi:1
दिवसाउजेडी	divasaujed:1	diwasaujedi:1	diwsaujedi:1
दिवसाचा	diwasacha:2	divasacha:1
दिवसाची	diwasachi:2	divasachi:1
दिवसाचे	diwasache:2	divasache:1
दिवसाच्या	diwasachya:2	divasachya:1
दिवसात	diwasat:2	divasat:1
दिवसातच	diwasatach:2	divasatach:1
दिवसातील	divasateel:1	divasatil:1	divsatil:1
दिवसातून	divasatoon:2	divasatun:1	divsatun:1
दिवसानंतर	divasanantar:2	divsanantar:1
दिवसापासून	divasapasoon:2	divasapasun:1	divsapasun:1
दिवसाबद्दल	divasabaddal:2	divsabaddal:1
दिवसाला	divasala:2	divsala:1
दिवसीय	divaseey:1	divaseeya:1	divasiya:1	divsiya:1
दिवसेंदिवस	divasendivas:2	divsendivas:1
दिवा	diva:3
दिवाकर	divakar:3	diwakar:1
दिवाण	divan:5	divana:2	diwan:2	diwana:2
दिवाणी	diwani:2	divanee:1	divani:1
दिवाबत्ती	divabatti:2	divabattee:1
दिवाळी	diwali:3	divali:2	deevali:1	deewali:1
दिवाळीतल्या	divaleetalya:1	diwaleetalya:1	diwalitalya:1
दिवाळीपर्यंत	divaleeparyant:1	diwaleeparyant:1	diwaliparyanta:1
दिवे	dive:3
दिवेआगर	diveaagar:3
दिव्य	divya:3
दिव्यांचा	divyancha:3
दिशा	disha:3
दिशांना	dishanna:2	dishana:1
दिशानिर्देश	dishanirdesh:2	dishanirdeshak:1
दिशेत	dishet:3
दिशेने	dishene:3
दिशेला	dishela:3
दिशेस	dishes:3
दिसणारा	disanara:3
दिसणारी	disanari:2	disanaree:1
दिसणारे	disanare:3
दिसणार्‍या	disanarya:3
दिसणाऱ्या	disanarya:3
दिसणे	disane:3
दिसण्यासाठी	disanyasathi:2	disanyasathee:1
दिसत	disat:3
दिसताच	disatach:3
दिसतात	distat:8	disatat:3
दिसतीलच	disatilach:2	disateelach:1
दिसते	diste:5	disate:3
दिसतें	disate:1	disatem:1	disaten:1
दिसतो	disato:3
दिसतोय	disatoy:3
दिसला	disala:2	disla:1
दिसली	disali:2	disalee:1
दिसले	disale:3
दिसलेले	disalele:2	dislele:1
दिसल्यास	disalyas:2	dislyas:1
दिसायला	disayla:2	disayala:1
दिसू	disu:3
दिसून	disun:3
दिसेना	disena:3
दिसेनासा	disenasa:3
दिसेल	disel:3
दीक्षा	diksha:2	deeksha:1
दीक्षाभूमी	dikshabhumi:2	deekshabhoomee:1	dikshabhoomi:1
दीक्षित	dikshit:3	deekshit:1	diiksheet:1	diikshiit:1
दीक्षितने	dikshitne:2	dikshitane:1	dixitane:1
दीड	deed:2	did:2
दीडशे	didshe:2	deedashe:1
दीडशेहून	didshehun:2	deedashehoon:1
दीन	deen:2	din:2
दीनदयाळ	dindayal:2	deenadayal:1	deendayal:1
दीनानाथ	dinanath:2	deenanath:1
दीप	deep:4	deap:1	dep:1	diip:1
दीपक	deepak:4	dipak:2	deepaq:1	diipak:1
दीपलक्ष्मी	deepalakshmi:1	deeplakshmi:1	dipalakshmi:1	diplakshmi:1
दीपशिखा	deepshikha:2	dipashikha:1	dipshikha:1
दीपा	deepa:4	dipa:2	diipa:1
दीपावलीच्या	deepavalichya:2	dipavalichya:2
दीपिका	deepika:3	dipika:3	deepeeka:1	deepeeqa:1
दीपेश	deepesh:3	dipesh:1
दीप्ती	dipti:2	deepti:1
दीर्घ	dirgh:3	dirgha:2
दीर्घकथा	dirghakatha:2	dirghkatha:1
दीर्घकालीन	dirghakalin:2	dirghkalin:1
दीर्घकाळ	dirghakal:2	dirghkal:1
दीर्घायुषी	dirghayushi:3
दीर्घायू	dirghayu:3
दीर्घिका	dirghika:3
दीव	div:3	deev:1
दुःख	duhkha:1	dukh:1	dukkha:1
दुःखाचे	duhkhache:1	dukhache:1	dukkhache:1
दुःखाच्या	duhkhachya:1	dukhachya:1	dukkhachya:1
दुःखाने	duhkhane:1	dukhane:1	dukkhane:1
दुकान	dukan:3
दुकानात	dukanat:3
दुकानातील	dukanatil:2	dukanateel:1
दुकाने	dukane:3
दुख	dukh:3	duhkkh:1	dukha:1	dukkha:1
दुखणे	dukhane:2	dukhne:1
दुखहर्ता	duhkhaharta:1	dukhaharta:1	dukkhaharta:1
दुखापत	dukhapat:3
दुखापतग्रस्त	dukhapatgrasta:2	dukhapatgrast:1
दुखी	duhkhee:1	duhkhi:1	dukhi:1	dukkhi:1
दुग्ध	dugdh:2	dugdha:1
दुचाकी	duchaki:2	duchakee:1
दुजा	duja:3
दुतर्फा	dutarfa:3
दुध	doodh:2	dudh:2
दुधाची	dudhachi:3
दुधाचे	dudhache:3	dudhace:1
दुधाच्या	dudhachya:3
दुधाणे	dudhane:3
दुधात	dudhat:2	dudhaat:1
दुधारी	dudhari:2	dudhaari:1
दुधाळ	dudhal:2	dudhaal:1
दुधी	dudhi:2	dudhee:1
दुनिया	duniya:4	daaniya:1	dooniya:1
दुनियादारी	duniyadari:3
दुपटीने	dupatine:3
दुपारचे	duparche:3	duparce:1
दुपारी	dupari:3	duparee:1
दुप्पट	duppat:3
दुबई	dubai:4	dubaii:1	dube:1
दुबे	dube:3
दुभंग	dubhang:2	dubhanga:1
दुभंगली	dubhangali:3
दुभती	dubhati:3	dubhatee:1
दुमजली	dumajali:3	dumajli:1
दुमडून	dumdun:2	dumadun:1	dumdoon:1
दुय्यम	duyyam:3
दुर	dur:3
दुरवर	durvar:2	doorwar:1	durwar:1
दुरावलेले	duravalele:1	duravlele:1	durawlele:1
दुरुपयोग	durupayog:3
दुरुस्त	durust:2	durusta:1
दुरुस्ती	durusti:3
दुरुस्तीचे	durustiche:3	durustice:1
दुरुस्तीसाठी	durustisathi:3
दुरुस्त्या	durustya:3
दुरूस्त	durust:2	durusta:1
दुर्ग	durg:3
दुर्गम	durgam:3
दुर्गराज	durgraj:2	durgaraj:1
दुर्गवीर	durgveer:2	durgavir:1	durgvir:1
दुर्गा	durga:4	doorga:1	doorgaa:1	durgaa:1
दुर्गांच्या	durganchya:2	durgachya:1
दुर्गाच्या	durgachya:3
दुर्गादेवीचे	durgadeviche:2	durgadivache:1
दुर्गापूर	durgapur:3	durgapaar:1	durgapoor:1	durgapura:1
दुर्गाबाई	durgabai:3
दुर्गाबाईंच्या	durgabainchya:2	durgabaichya:1
दुर्गामाता	durgamata:3
दुर्गेचे	durgeche:3
दुर्गोत्सव	durgotsav:3
दुर्घटना	durghatna:2	durghatana:1
दुर्देवी	durdevi:2	durdaivi:1
दुर्दैवाने	durdaivane:3
दुर्दैवी	durdaivi:3
दुर्बल	durbal:3
दुर्बिणी	durbini:2	durbinee:1
दुर्बिणीतून	durbinitun:2	durbineetoon:1
दुर्बीण	durbin:2	durbeen:1
दुर्बोध	durbodh:2	durbhodh:1
दुर्भावनायुक्त	durbhavnayukt:2	durbhavanayukt:1
दुर्मिळ	durmil:3
दुर्मीळ	durmil:2	durmeel:1
दुर्योधन	duryodhan:3
दुर्योधनाला	duryodhanala:2	duryodhnala:1
दुर्रानी	durani:1	durranee:1	durrani:1
दुर्लक्ष	durlaksh:1	durlaksha:1	durlash:1
दुर्लक्षित	durlakshit:2	durlshit:1
दुर्लक्षिले	durlakshile:2	durleshile:1
दुर्वास	durvas:3
दुल्हन	dulhan:3
दुवा	duva:3
दुवे	duve:2	durve:1
दुव्यात	duvyat:3
दुश्मन	dushman:3
दुष्कर्म	dushkarm:2	dushkarma:1
दुष्काळ	dushkal:3
दुष्काळग्रस्त	dushkalgrast:2	dushkalagrast:1
दुष्काळाचा	dushkalacha:3
दुष्काळात	dushkalat:3
दुष्काळावर	dushkalavar:3
दुष्काळी	dushkali:2	dushkalee:1
दुष्ट	dusht:2	dushta:1
दुष्परिणाम	dushparinam:3
दुष्यंत	dushyant:3
दुसर	dusar:2	dusr:1
दुसरं	dusar:1	dusaram:1	dusrn:1
दुसरा	dusra:2	dusara:1
दुसरी	dusri:2	dusaree:1
दुसरीकडे	dusrikade:2	dusareekade:1
दुसरे	dusare:2	dusre:2
दुसरेच	dusrech:2	dusarech:1
दुसर्‍या	dusrya:2	dusanya:1	dusarya:1
दुसर्‍याच	dusanyach:1	dusaryach:1	dusryach:1
दुसऱ्या	dusarya:10	dusanya:1	dusrya:1
दुसऱ्यांच्या	dusanyanchya:1	dusaryanchya:1	dusryanchya:1
दुसऱ्यांदा	dusanyanda:1	dusaryanda:1	dusryanda:1
दुसऱ्यांना	dusanyana:1	dusaryana:1	dusryanna:1
दुसऱ्याच	dusanyach:1	dusaryach:1	dusryach:1
दुसऱ्याचा	dusanyacha:1	dusaryacha:1	dusryacha:1
दुसऱ्याची	dusanyachi:1	dusaryachee:1	dusryachi:1
दुसऱ्याचे	dusanyache:1	dusaryache:1	dusryache:1
दुसऱ्यात	dusanyat:1	dusaryat:1	dusryat:1
दुसऱ्याने	dusanyane:1	dusaryane:1	dusryane:1
दुसऱ्याला	dusanyala:1	dusaryala:1	dusryala:1
दुस्तर	dustar:3
दुहेरी	duheri:2	duheree:1
दूत	doot:2	dut:2
दूध	dudh:3
दूधात	dudhat:3
दूर	dur:3
दूरचित्रवाणी	doorchitravani:5	durchitravani:1	durchitravanivani:1	durchitrvani:1
दूरचित्रवाणीच्या	durchitravaanichya:1	durchitravanichya:1	durchitrvanichya:1
दूरचित्रवाणीवर	durchitravaanivar:1	durchitravanivar:1	durchitrvanivar:1
दूरचित्रवाणीवरील	durchitravaanivaril:1	durchitravanivaril:1	durchitrvanivaril:1
दूरचित्रवाहिनी	durchitravahini:2	durchitrvahini:1
दूरचे	durche:3
दूरच्या	durchya:3
दूरदर्शन	durdarshan:3
दूरदर्शनचे	durdarshanche:3
दूरदर्शनच्या	durdarshanchya:3
दूरदर्शनने	durdarshanane:1	durdarshanche:1	durdarshanne:1
दूरदर्शनवर	durdarshanvar:3
दूरदूरच्या	durdurchya:3
दूरदृष्टी	doordrashti:1	doordrushti:1	duradrushti:1	durdrashti:1
दूरदृष्टीचा	doordrashteecha:1	doordrashticha:1	doordrushticha:1	duradrushticha:1
दूरध्वनी	doordhvani:1	doordhwani:1	duradhvani:1	durdhvani:1
दूरवर	doorvar:1	doorwar:1	duravar:1	durvar:1
दूरसंचार	doorsanchar:2	dursanchar:2
दूरस्थ	doorasth:1	doorastha:1	durasth:1	durastha:1
दूषणे	dooshne:2	dushane:1	dushne:1
दूषित	dushit:3	doosheet:1	dooshit:1	dusheet:1
दूसरा	doosara:1	doosra:1	dusara:1	dusra:1
दृकश्राव्य	drukshravya:2	drkshryavy:1
दृढ	drdh:2	drudh:2	drudha:2
दृश्य	drushya:3	drishy:1
दृश्यकला	drushyakala:2	drishykala:1
दृश्यमान	drushyaman:2	drishyman:1
दृश्यमानता	drushyamanta:2	drishymanta:1
दृश्यांचे	drushyanche:2	drishyanche:1
दृश्यात	drushyat:2	drishyat:1
दृश्ये	drushye:2	drishye:1
दृष्ट	drisht:1	drusht:1	drushta:1
दृष्टया	drushtya:2	drishtya:1
दृष्टांत	dhrushant:1	drishtant:1	drushtant:1
दृष्टि	drushti:2	drishti:1
दृष्टिकोन	drushtikon:2	drishtikon:1
दृष्टिकोनातून	drushtikonatun:2	drishtikonatun:1
दृष्टिहीन	drushtihin:2	drishtihin:1
दृष्टी	drushti:2	drishti:1
दृष्टीकोन	drushtikon:2	drishtikon:1
दृष्टीकोनातून	drushtikonatun:2	drishtikonatun:1
दृष्टीनं	drishtinn:1	drushtin:1	drushtina:1
दृष्टीने	drushtine:2	drishtine:1
दृष्टीस	drushtis:2	drishtis:1
दृष्ट्या	drushtya:2	drishtya:1
दृष्य	drushya:2	drishy:1
दे	de:3
देईन	dein:3
देईना	deina:3
देईल	deil:3
देउन	deun:3
देउळ	deul:3
देऊ	deu:2	deuu:1
देऊन	deun:2	deuun:1
देऊळ	deul:2	deuul:1
देऊळगाव	deulgao:1	deulgaon:1	deulgav:1	deulgaw:1
देखणा	dekhna:2	dekhana:1
देखणी	dekhni:2	dekhani:1
देखणे	dekhne:2	dekhane:1
देखणेपणा	dekhnepana:2	dekhanepana:1
देखण्या	dekhanya:2	dekhnya:1
देखता	dekhta:2	dekhata:1
देखभाल	dekhbhal:3
देखभालीसाठी	dekhbhalisathi:2	dekhabhalisathi:1
देखरेख	dekhrekh:3
देखरेखीखाली	dekhrekhikhali:3
देखावा	dekhava:3
देखावे	dekhave:3
देखिल	dekhil:3
देखील	dekhil:3
देगलूरकर	deglurkar:2	degalurkar:1
देठ	deth:2	detha:1
देठाची	dethachi:3
देठाच्या	dethachya:3
देणगी	denagi:3
देणग्या	denagya:2	dengya:1
देणार	denar:4	denaar:2
देणारा	denara:2	denaara:1
देणारी	denari:3	denaari:1
देणारे	denare:3	denaare:1
देणाऱ्या	denarya:2	denaanya:1	denanya:1
देणाऱ्यांची	denaryanchi:2	denaanyanchi:1	denanyanchi:1
देणाऱ्याला	denaryala:2	denaanyala:1	denanyala:1
देणे	dene:3
देण्याऐवजी	denyaaivaji:1	denyaevjee:1	denyaevji:1	denyaivaji:1
देण्याकरिता	denyakarita:3
देण्याचा	denyacha:3
देण्याची	denyachi:3
देण्याचीही	denyachihi:3
देण्याचे	denyache:3
देण्याच्या	denyachya:3
देण्यात	denyat:3	denyaat:1
देण्यामागे	denyamage:3
देण्यास	denyas:3
देण्यासाठी	denyasathi:2	denyasaathi:1
देत	det:3
देता	deta:3
देतात	detat:2	detaat:1
देताना	detana:2	detaana:1
देतानाच	detanach:2	detannach:1
देतानाही	detanahi:2	detannahi:1
देतील	detil:3
देते	dete:4
देतो	deto:3
देदीप्यमान	dedipyaman:3
देव	dev:6	deev:1	dew:1
देवक	devak:3
देवकाते	devkate:3
देवकी	devaki:2	devki:1
देवकीनंदन	devakinandan:2	devkinandan:1
देवकुळे	devkule:3
देवगंधर्व	devgandharav:1	devgandharva:1	devgandhrav:1
देवगड	devgad:4	devgarh:1
देवगिरी	devgiri:3
देवगिरीकर	devgirikar:3
देवगिरीचा	devgiricha:3
देवगिरीचे	devgiriche:3
देवगिरीच्या	devgirichya:3
देवघर	devghar:3
देवघरात	devgharat:3
देवता	devta:3	devata:2
देवतांचा	devatancha:2	devtancha:1
देवतांची	devatanchi:2	devtanchi:1
देवतांचे	devatanche:2	devatance:1	devtanche:1
देवतांच्या	devtanchya:2	devatanchya:1
देवतांना	devatanna:2	devtana:1
देवतेची	devatechi:2	devtechi:1
देवतेचे	devateche:2	devteche:1
देवतेच्या	devatechya:2	devtechya:1
देवतेला	devatela:2	devtela:1
देवत्व	devatva:1	devatwa:1	devtatav:1	devtatv:1
देवदत्त	devadatta:1	devdatt:1	devdatta:1
देवदार	devdar:3
देवदास	devdas:2	davdas:1
देवदासी	devdasi:3
देवदूत	devdut:3
देवदेवतांची	devdevatanchi:1	devdevtanchi:1	devdevtayanchi:1
देवधर	devdhar:2	devradhar:1
देवनागरी	devnagari:3
देवनार	devnar:2	devnagar:1
देवयानी	devyani:3	devyaani:1
देवरा	devra:2	devara:1
देवराई	devrai:3
देवराज	devraj:3
देवराया	devraya:3
देवराव	devrao:2	devrav:1
देवरुख	devarukha:2	devrukh:3
देवल	deval:4	deeval:1	deewal:1	dewal:1
देवळा	devala:3	devalaa:1	devla:1
देवळांचा	devalancha:2	devalanchaa:1	devlancha:1
देवळांची	devalanchi:3	devalanchee:1
देवळाच्या	devlachya:3	devalachya:1
देवळात	devalat:2	devalaat:1	devlaat:1
देवळातच	devalatach:3
देवळातून	devalatun:3	devalatoon:1
देवळे	devale:3	devle:1
देववर्मन	devavarman:1	devvarman:1	devwarman:1
देवशयनी	devshayani:3	devshayanee:1
देवस्थान	devsthan:2	devasthan:1
देवस्थानचा	devsthancha:2	devasthancha:1	devsthanchaa:1
देवस्थानची	devsthanchi:2	devasthanchi:1	devsthanchee:1
देवस्थानचे	devsthanche:2	devasthanche:1
देवस्थानच्या	devasthanchya:2	devsthanchya:2
देवस्थानांच्या	devasthananchya:1	devstananchya:1	devsthananchya:1
देवस्थानाची	devasthanachi:1	devstanachi:1	devsthanachi:1
देवस्थानाचे	devasthanache:2	devsthanache:1
देवस्थानाच्या	devasthanachya:2	devsthanachya:1
देवस्थाने	devsthane:2	devasthan:1	devasthane:1
देवा	deva:5	deeva:1	dewa:1
देवांचा	devancha:3
देवांची	devanchi:3
देवांचे	devanche:3
देवांच्या	devanchya:3
देवांना	devanna:2	devana:1
देवांनाही	devannahi:3
देवांनी	devanni:3
देवाची	devachi:3
देवाचे	devache:3
देवाच्या	devachya:3
देवाण	devan:3
देवाणघेवाण	devanghevan:2	devaanghevaan:1
देवानंद	devanand:3
देवाने	devane:3
देवालय	devalay:2	devalya:1
देवालयाचा	devalayacha:2	devalyacha:1
देवाला	devala:3
देवास	devas:3
देविका	devika:3
देविदास	devidas:3
देवी	devi:5	deevi:1	devee:1	devii:1
देवींचे	devinche:3
देवींच्या	devinchya:3
देवीचा	devicha:3
देवीची	devichi:3
देवीचे	deviche:3
देवीच्या	devichya:3
देवीदास	devidas:3
देवीने	devine:3
देवीप्रसाद	deviprasad:2	devaprasad:1
देवीला	devila:3
देवीस	devis:3
देवीसमोर	devisamor:3
देवीसाठी	devisathi:3
देवून	devun:2	dewun:1
देवेंद्र	devendra:2	devandra:1
देश	desh:4
देशद्रोह	deshdroh:2	deshdroha:1
देशपांडे	deshpande:3
देशपातळीवर	deshpatalivar:1	deshpataliwar:1	deshpatlivar:1
देशभक्त	deshbhakt:2	deshbhakta:1
देशभक्तिपर	deshbhaktipar:3
देशभक्तीचे	deshbhaktiche:3
देशभर	deshbhar:3
देशभरात	deshbharat:2	deshbharaat:1
देशभरातील	deshbharatil:3
देशभरातून	deshbharatun:3
देशमुख	deshmukh:3
देशमुखांच्या	deshmukhanchya:3
देशमुखी	deshmukhi:3
देशसेवा	deshseva:3
देशांचा	deshancha:3
देशांची	deshanchi:3
देशांचे	deshanche:3
देशांच्या	deshanchya:3
देशांत	deshant:3
देशांतर्गत	deshantargar:1	deshantargat:1	deshantgrat:1
देशांतही	deshantahi:3
देशांतील	deshantil:3
देशांदरम्यान	deshandarmyan:3
देशांना	deshanna:2	deshana:1
देशांनी	deshanni:2	deshani:1
देशांपैकी	deshanpaiki:2	deshanpaikey:1
देशांप्रमाणे	deshanpramane:3
देशांमधून	deshanmadhun:3
देशांमध्ये	deshanmadhye:2	deshanmadhe:2
देशांमध्येही	deshanmadhehi:2	deshanmadhyehi:1
देशांशी	deshanshi:3
देशांसाठी	deshansathi:2	deshaansaathi:1
देशांसोबत	deshansobat:3
देशाचा	deshacha:2	deshaacha:1
देशाची	deshachi:3
देशाचे	deshache:3	deshace:1
देशाच्या	deshachya:3
देशात	deshat:3
देशातल्या	deshatalya:2	deshatlya:1
देशातही	deshatahi:2	deshathi:1
देशातील	deshatil:3
देशातून	deshatun:2	deshaatun:1
देशाने	deshane:2	deshaane:1
देशापासून	deshapasun:3
देशापेक्षा	deshapeksha:3
देशामधील	deshamadheel:1	deshamadhil:1	deshmadhil:1
देशामध्ये	deshamadhe:2	deshamadhye:1
देशाला	deshala:3
देशावर	deshavar:2	deshawar:1
देशास	deshas:3
देशासाठी	deshasathi:2	deshasathee:1
देशी	deshi:4	deeshi:1	deesi:1	deshee:1
देशीवाद	deshivad:2	desheevad:1
देशोदेशी	deshodeshi:2	deshodeshee:1
देशोधडीला	deshodhadeela:1	deshodhadila:1	deshodhdila:1
देस	des:3
देसाई	desai:5	desaai:2	deesaai:1	deesai:1
देह	deh:3
देहदान	dehdan:2	dehadan:1
देहाचा	dehacha:3
देहाची	dehachi:3
देहू	dehu:3
देहूरोड	dehurod:2	dehuroad:1
दैत्य	daitya:3
दैत्यांचा	daityancha:3
दैत्याचा	daityacha:2	daetyacha:1
दैनंदिन	dainandin:2	daenndin:1
दैनंदिनी	dainandini:2	daenndini:1
दैनिक	dainik:2	daenik:1
दैनिकांत	dainikant:2	daenikant:1
दैनिकाचे	dainikache:2	daenikache:1
दैनिकात	dainikat:2	daenikat:1
दैवत	daivat:3	daevat:1
दैवताचे	daevtache:1	daivatache:1	daivtache:1
दैवाची	daivachi:2	daevachi:1
दैवी	daivi:2	daivee:1
दोंदे	donde:3
दोघा	dogha:6
दोघांच्या	doghanchya:2	doghachya:1
दोघांसह	doghansaha:2	doghansah:1
दोघांसाठी	doghansathi:3
दोघी	doghi:3
दोघींनी	doghinni:3
दोघीही	doghihi:2	doghehi:1
दोघे	doghe:3
दोघेही	doghehi:3
दोडका	dodka:2	dodaka:1
दोडके	dodake:2	dodke:1
दोडामार्ग	dodamarg:3
दोन	don:4
दोनच	donach:2	donch:1
दोनतीन	dontin:3
दोनदा	donda:3
दोनपेक्षा	donpeksha:3
दोनशे	donshe:2	donashe:1
दोनही	donahi:2	donhi:1
दोन्ही	donhi:5
दोन्हींचा	donhincha:3
दोन्हीकडील	donhikadil:3
दोन्हीपैकी	donhipaiki:3
दोन्हीही	donhihi:3
दोर	dor:4	door:1
दोरखंड	dorkhand:2	dorkhanda:1
दोरा	dora:3
दोरी	dori:3
दोष	dosh:3
दोषांना	doshanna:3
दोषी	doshi:3
दोषींना	doshinna:3
दोस्त	dost:3
दोस्तांच्या	dostanchya:3
दोस्ती	dosti:3
दोहे	dohe:3
दोहोंचा	dohoncha:3
दोहोंची	dohonchi:3
दोहोंचे	dohonche:3
दौंड	daund:3
दौरा	daura:3
दौरे	daure:3
दौर्‍यावर	dauryavar:2	daunyavar:1
दौऱ्यातील	dauryatil:2	daunyatil:1
दौऱ्यादरम्यान	dauryadarmyan:2	daunyadarmyan:1
दौऱ्यावर	dauryavar:2	daunyavar:1
दौलत	daulat:3
दौलतराव	daulatrao:2	daulatrav:1
दौलताबाद	daulatabad:2	daultabad:2
दौलताबादचा	daulatabad:1	daulatabadcha:1	daultabadcha:1
द्या	dya:2	dha:1
द्यायचा	dhayacha:2	dyaycha:2
द्यायची	dhaychi:1	dyayachi:1	dyaychi:1
द्यायचे	dhayche:1	dyayache:1	dyayche:1
द्यायला	dhayala:1	dyayala:1	dyayla:1
द्यावयाची	dhavyachi:1	dyavayachi:1	dyawayachi:1
द्यावा	dhava:1	dyava:1	dyawa:1
द्यावी	dhavi:1	dyavi:1	dyawi:1
द्यावीत	dhaveet:1	dhavit:1	dyavit:1	dyawit:1
द्यावे	dyave:2	dhave:1
द्यावेत	dhavet:1	dyavet:1	dyawet:1
द्योतक	dyotak:2	dhotak:1
द्रमुक	dramuk:3
द्रमुकने	dramukane:2	dramukne:1
द्रव	drav:2	darv:1	draw:1
द्रवात	dravat:2	drawat:1
द्रविड	dravida:2	dravid:3	drawid:1
द्रविडी	dravidi:2	dravidee:1
द्रव्य	dravya:3	dravaya:1
द्रव्याच्या	dravayachya:1	dravyachya:1	drawyachya:1
द्रव्ये	dravye:3
द्रष्टा	drashta:3
द्राक्ष	draksh:2	drakshe:1
द्राक्षे	drakshe:2	drashe:1
द्रावण	dravan:2	drawan:1
द्रावणात	dravanat:1	dravnaat:1	drawnat:1
द्राविड	dravid:3
द्रुतगती	drutgati:2	drutagatee:1
द्रुपद	drupad:3
द्रोणाचार्य	dronacharya:3
द्रौपदी	draupadi:2	dropadi:2	drapadi:1	draupadee:1
द्रौपदीचा	draupadeecha:1	draupadicha:1	dropadicha:1
द्रौपदीच्या	draupadeechya:1	draupdichya:1	dropadichya:1
द्रौपदीला	draupadeela:1	draupdila:1	dropadila:1
द्वंद्व	dvandav:1	dvandv:1	dvandva:1	dwandaw:1
द्वादश	dvadash:2	dwadsh:1
द्वादशी	dvadashee:1	dvadashi:1	dwadashi:1	dwadshi:1
द्वादशीवार	dvadasheevar:1	dvadashivar:1	dwadashivar:1
द्वार	dvar:3	dwar:3
द्वारका	dwarka:3	dvaraka:2	dvaraqa:1	dvarka:1
द्वारपाल	dwarpal:2	dvarapal:1
द्वारा	dwara:2	dvara:1
द्वारे	dvare:2	dware:1
द्वितीय	dviteey:1	dvitiy:1	dvitiya:1
द्वितीया	dviteeya:1	dvitiya:1	dvitiyaa:1
द्विवेदी	dwivedi:2	dvivedee:1	dvivedi:1
द्विशतक	dvishatak:2	dwishatak:1
द्वीप	dveep:1	dvip:1	dweep:1	dwip:1
द्वीपसमूह	dveepsamooh:1	dvipsamuh:1	dweepsamuha:1
द्वेश	dvesh:2	dwesh:1
द्वेष	dvesh:2	dwesh:1
द्वैत	dvait:2	dwait:1
ध	dh:2	dha:2
धंदा	dhanda:2	dhandha:1
धंदे	dhande:3
धक्का	dhakka:3
धक्क्यावर	dhakkyavar:3
धड	dhad:3
धडक	dhadak:3
धडकले	dhadakale:2	dhadkale:1
धडकी	dhadki:2	dhadakee:1
धडधाकट	dhadadhakat:2	dhaddhakat:1
धडपड	dhadpad:2	dhadapad:1
धडपणे	dhadpane:2	dhadapadane:1
धडा	dhada:3
धडाडी	dhadadi:2	dhadadee:1
धडे	dhade:3
धन	dhan:5
धनंजय	dhananjay:2	dhananjya:1
धनंजयराव	dhananjayrao:2	dhananjayrav:1	dhananjyarao:1	dhananjyarav:1
धनकवडी	dhankavadi:2	dhankawadi:1
धनगर	dhangar:2	dhanagar:1
धनवटे	dhanvate:2	dhanavate:1
धनश्री	dhanashree:2	dhanshree:1	dhanshri:1	dhnshree:1
धनसंपत्ती	dhansampatti:2	dhanasampttee:1
धनसंपदा	dhansampada:2	dhanasampada:1	dhnsampada:1
धनाचा	dhanacha:3
धनाजी	dhanaji:2	dhanajee:1
धनाढ्य	dhanaday:1	dhanadhya:1	dhanathya:1
धनादेश	dhanadesh:3
धनिक	dhanik:3	dhnik:1
धनु	dhanu:3
धनुर्धर	dhanurdhar:3
धनुर्धारी	dhanurdhari:2	dhanurdharee:1
धनुष्य	dhanushya:2	dhnushya:1
धने	dhane:2	dhne:1
धनेश	dhanesh:3
धन्य	dhanya:3	dhany:1
धन्वंतरी	dhanvantaree:2	dhanvantari:2
धबधबा	dhabadhaba:2	dhabadhabaa:1	dhabdhaba:1
धबधबे	dhabadhabe:2	dhabdhabe:2
धब्बे	dhabbe:3
धमकी	dhamakee:1	dhamaki:1	dhamki:1
धम्म	dhamm:3
धम्मचक्र	dhammachakr:1	dhammachakra:1	dhammchakra:1
धम्मदीक्षा	dhammadeeksha:1	dhammadiksha:1	dhammdisha:1
धम्माचा	dhammacha:3
धम्माची	dhammachi:2	dhammachee:1
धर	dhar:3
धरण	dharan:3
धरणग्रस्तांच्या	dharangrastanchya:2	dharanagrastanchya:1
धरणही	dharanahee:1	dharanahi:1	dhranahi:1
धरणांमध्ये	dharananmadhye:2	dharananmadhe:1
धरणाकडे	dharanakade:2	dharnakade:1
धरणाचा	dharanacha:2	dharnacha:1
धरणाची	dharanachee:1	dharanachi:1	dharnachi:1
धरणाचे	dharanache:2	dharnache:1
धरणाच्या	dharanachya:2	dharnachya:1
धरणाजवळ	dharanajaval:2	dharanajawal:1	dharnajaval:1
धरणात	dharanat:2	dharnat:1
धरणातील	dharanateel:1	dharanatil:1	dharnatil:1
धरणातून	dharanatoon:2	dharanatun:2
धरणामुळे	dharanamule:3
धरणारे	dharanare:2	dharnare:1
धरणाला	dharanala:2	dharnala:1
धरणावर	dharanavar:2	dharnavar:1
धरणावरील	dharanavareel:1	dharanavaril:1	dharnavaril:1
धरणासाठी	dharanasathee:1	dharanasathi:1	dharnasathi:1
धरणे	dharane:2	dharne:1
धरण्याची	dharanyachee:1	dharanyachi:1	dharnyachi:1
धरतात	dharatat:2	dhartat:1
धरतीला	dharateela:1	dharatila:1	dhartila:1
धरतो	dharato:2	dharto:1
धरपकड	dharapakad:2	dharpakad:1
धरला	dharala:3
धरली	dharalee:1	dharali:1	dharli:1
धरले	dharle:2	dharale:1	dharalr:1
धरलेला	dharalela:2	dharlela:1
धरल्याने	dharalyane:2	dharlyane:1
धरा	dhara:3
धरावा	dharava:3
धरावी	dharavi:2	dharavee:1
धरुन	dharun:3	dharoon:1
धरू	dharoo:2	dharu:2
धरून	dharun:2	dharoon:1
धर्तीवर	dhartivar:2	dharteevar:1
धर्म	dharm:4	dharma:1
धर्मगुरु	dharmguru:2	dharmaguru:1
धर्मगुरू	dharmguru:2	dharmaguroo:1
धर्मगुरूंनी	dharmaguroonnee:1	dharmgurunni:1	dharmuruni:1
धर्मग्रंथ	dharmgranth:2	dharmagranth:1
धर्मदाय	dharmaday:1	dharmday:1	dharmdaye:1
धर्मनिरपेक्ष	dharmanirapeksh:1	dharmnirpeksh:1	dharmnirpeksha:1
धर्मनिरपेक्षता	dharmanirapekshata:1	dharmnirpekshata:1	dharmnirpekshta:1
धर्मवीर	dharmaveer:2	dharmvir:1
धर्मशाळा	dharmashala:2	dharmshala:1
धर्मशास्त्र	dharmashastra:2	dharmshashtra:1
धर्मशास्त्राचे	dharmashastrache:2	dharmshatrache:1
धर्मशास्त्रात	dharmashastrat:2	dharmshastrat:1
धर्मशास्त्राप्रमाणे	dharmashastrapramane:1	dharmashatrapramane:1	dharmshastrapramane:1
धर्मश्रद्धा	dharmashraddha:2	dharmshraddha:1
धर्मांत	dharmant:3
धर्मांतर	dharmantar:2	dharmanatar:1
धर्मांतरण	dharmantaran:3
धर्मांतरित	dharmantarit:3
धर्मांनी	dharmanni:2	dharmannee:1
धर्मांमध्ये	dharmanmadhye:2	dharmanmadhe:1
धर्माचा	dharmacha:3
धर्माची	dharmachi:2	dharmachee:1
धर्माचे	dharmache:3
धर्माच्या	dharmachya:3
धर्मात	dharmat:3
धर्मातच	dharmatach:3
धर्मातील	dharmatil:3
धर्मात्मा	dharmatma:3
धर्मादाय	dharmaday:2	dharmadaay:1
धर्माधिकारी	dharmadhikari:3	dharmadheekari:1
धर्मानंद	dharmanand:3
धर्माने	dharmane:3
धर्मापासून	dharmapasun:3	dharmapasoon:1
धर्मापुरीकर	dharmapurikar:3
धर्माबाद	dharmabad:3
धर्मामध्ये	dharmamadhye:2	dharmamadhe:1
धर्माला	dharmala:3
धर्मावर	dharmavar:3
धर्माशी	dharmashi:3
धर्मास	dharmas:3
धर्मियांचा	dharmiyancha:2	dharmeeyancha:1	dharmiyaancha:1
धर्मियांची	dharmiyanchi:3
धर्मियांचे	dharmiyanche:2	dharamiyanche:1
धर्मियांच्या	dharmiyanchya:2	dharmiyancha:1
धर्मियांना	dharmiyanna:2	dharmiyana:1
धर्मियांसाठी	dharmiyansathi:2	dharmiyasathi:1
धर्मीय	dharmiya:2	dharmiy:1
धर्मेंद्र	dharmendra:3
धवन	dhavan:3
धांडोळा	dhandola:3
धाकटा	dhakta:2	dhakata:1
धाकटी	dhakati:1	dhaktee:1	dhakti:1
धाकटे	dhakte:2	dhakate:1
धाकट्या	dhaktya:2	dhakatya:1
धागा	dhaga:3
धागे	dhage:3
धाग्यांची	dhagyanchi:2	dhagyanchee:1
धाग्याची	dhagyachi:2	dhagyachee:1
धाटणीची	dhataneechee:1	dhatanicha:1	dhatnichi:1
धाटणीचे	dhatniche:2	dhataniche:1
धाडले	dhadle:3
धाडस	dhadas:3
धाडसी	dhadasi:2	dhadsi:1
धातू	dhatu:3	dhatoo:1
धातूंचे	dhatunche:3	dhatoonche:1
धातूचा	dhatucha:3	dhatoocha:1
धातूची	dhatuchi:3	dhatoochi:1
धातूचे	dhatuche:3	dhatooche:1
धातूच्या	dhatuchya:2	dhatachya:1	dhatoochya:1
धातूपासून	dhatupasun:3	dhatoopasoon:1	dhatupasoon:1
धातूला	dhatula:3	dhatoola:1
धानाची	dhanachi:3
धान्य	dhanya:2	dhany:1
धान्यच	dhanyach:2	dhanych:1
धान्याची	dhanyachi:3
धान्याचे	dhanyache:3
धान्याला	dhanyala:3
धान्ये	dhanye:3
धाम	dham:3
धामणी	dhamani:2	dhamni:1
धायगुडे	dhaygude:3
धार	dhar:3
धारण	dharan:3
धारणा	dharna:2	dharana:1
धारदार	dhardar:3
धारवाड	dharvad:2	dharwaad:1
धारा	dhara:3
धारातीर्थी	dharatirthi:3
धाराशिव	dharashiv:3	dharasheev:1
धारिया	dhariya:2	dhairya:1	dhareeya:1
धारेवर	dharevar:3
धार्जिणे	dharjine:3
धार्मिक	dharmik:3
धाव	dhav:3
धावणारा	dhavnara:2	dhavanara:1
धावणारी	dhavnari:2	dhavanari:1
धावणाऱ्या	dhavanarya:2	dhavnarya:1
धावत	dhavat:3
धावतात	dhavtat:2	dhavatat:1
धावताना	dhavtana:2	dhavatana:1
धावतील	dhavtil:2	dhavatil:1
धावते	dhavte:2	dhavate:1
धावतो	dhavto:2	dhavato:1
धावत्या	dhavtya:2	dhavatya:1
धावपट्टी	dhavpatti:3
धावफलक	dhavfalak:3	dhavphalak:2
धावला	dhavla:3
धावसंख्या	dhavsankhya:3
धावा	dhava:3
धावांचा	dhavancha:3
धावांची	dhavanchi:2	dhavacnhi:1
धावांनी	dhavanni:3
धावून	dhavun:3
धिंगाणा	dhingana:2	dhriganaa:1
धीट	dhit:3
धीर	dhir:3
धीराने	dhirane:3
धीरूभाई	dhirubhai:3	dheerubhai:1	dhiroobhai:1
धीरोदात्तपणे	dharodittapane:1	dhirodattapane:1	dhirodattpane:1
धीवर	dhivar:3	dheevar:1
धुंडिराज	dhundiraj:3	dhundeeraj:1
धुऊन	dhuun:2	dhuoon:2
धुके	dhuke:3
धुडकावून	dhudkavun:2	dhudakavoon:1	dhukavoon:1
धुणे	dhune:3
धुण्यासाठी	dhunyasathi:2	dhunyasathee:1
धुनी	dhuni:2	dhunee:1
धुमाकूळ	dhumakool:2	dhumakul:2
धुमाळ	dhumal:3
धुरंधर	dhoorandhar:1	dhurandhar:1	dhurndhar:1
धुरा	dhura:3
धुराळा	dhurala:3
धुळीचा	dhulicha:2	dhoolicha:1
धुळीने	dhuline:2	dhooline:1
धुळे	dhule:3	dhoole:1
धुळ्यात	dhulyat:2	dhulyaat:1
धुवून	dhuvun:2	dhuvoon:1
धुव्वा	dhuvva:3
धूप	dhoop:2	dhup:2
धूम	dhoom:2	dhum:2
धूमकेतू	dhoomketu:2	dhumketu:2
धूम्रपान	dhumrapan:2	dhoomrapan:1	dhumrapaan:1
धूर	dhur:2	dhoor:1
धूर्तपणे	dhurtpane:2	dhurtapane:1
धूलिकण	dhulikan:3
धूळ	dhul:2	dhool:1
धूसर	dhusar:2	dhusir:1
धृतराष्ट्र	dhrutarashtra:2	dhritarashtra:1
धृपद	dhrupad:3
धृष्टद्युम्न	dhrishtadyumna:1	dhrushtaduyamn:1	dhrushtadyuamn:1
धैर्य	dhairya:2	dhairy:1
धैर्याची	dhairyachee:1	dhairyachi:1	dhaiyarchi:1
धैवत	dhaivat:3
धोंगडे	dhongade:2	dhongde:1
धोंडो	dhondo:3
धोका	dhoka:3
धोकादायक	dhokadayak:3
धोकेही	dhokehi:2	dhokehee:1
धोक्यात	dhokyat:3
धोतर	dhotar:3
धोत्रा	dhotra:3
धोबी	dhobi:3
धोरण	dhoran:2	dhorana:1
धोरणा	dhorana:2	dhorna:1
धोरणांचा	dhoranancha:2	dhornancha:1
धोरणांची	dhorananchi:2	dhornanchi:1
धोरणांच्या	dhorananchya:2	dhornanchya:1
धोरणांत	dhoranant:1	dhoranat:1	dhornant:1
धोरणांना	dhorananna:1	dhorannanna:1	dhornanna:1
धोरणांमध्ये	dhorananmadhye:2	dhornamadhye:1
धोरणांवर	dhorananvar:2	dhornanvar:1
धोरणाचा	dhoranacha:2	dhornacha:1
धोरणाचे	dhoranache:2	dhornache:1
धोरणाच्या	dhoranachya:2	dhornachya:1
धोरणात	dhoranat:2	dhornat:1
धोरणानुसार	dhorananusar:2	dhornanusar:1
धोरणामुळे	dhoranamule:2	dhornamule:1
धोरणाला	dhoranala:2	dhornala:1
धोरणावर	dhoranavar:2	dhornavar:1
धोरणी	dhorani:2	dhoranee:1
धोरणे	dhorane:3
ध्यान	dhyan:3
ध्यानाचा	dhyanacha:3
ध्यानात	dhyanat:3
ध्यास	dhyas:3
ध्यासाने	dhyasane:3
ध्येय	dhyeya:2	dhyey:1
ध्येयासाठी	dhyeyasathi:2	dhyeyasathee:1
ध्येये	dhyeye:3
ध्रुपद	dhrupad:3
ध्रुव	dhruv:3
ध्रुवावर	dhruvavar:3
ध्रुवीकरण	dhruvikaran:2	dhruveekaran:1
ध्रुवीय	dhruviy:2	dhruveey:1
ध्वज	dhvaj:3
ध्वजावर	dhvajavar:2	dhwajawar:1
ध्वनि	dhvani:2	dhwani:1
ध्वनिप्रदूषण	dhvanipradooshan:1	dhvanipradushan:1	dhwanipradushan:1
ध्वनिफिती	dhvanifitee:1	dhvanifiti:1	dhvaniphiti:1	dhwaniphiti:1
ध्वनिमुद्रण	dhvanimudran:2	dhwanimudran:1
ध्वनिमुद्रिका	dhvanimudrika:2	dhwanimudrika:1
ध्वनिमुद्रित	dhvanimudrit:2	dhwanimudrit:1
ध्वनी	dhvanee:1	dhvani:1	dhwani:1
ध्वनीचा	dhvaneeche:1	dhvanicha:1	dhwanicha:1
ध्वनीचे	dhvaneeche:1	dhvaniche:1	dhwaniche:1
ध्वनीत	dhvaneet:1	dhvanit:1	dhwanit:1
न	na:16	n:3	naa:1	nna:1
नंतर	nantar:3
नंतरचा	nantarcha:2	nantarchaa:1
नंतरची	nantarchi:2	nantarachee:1
नंतरचे	nantarche:2	nantarache:1
नंतरच्या	nantarachya:2	nantarchya:2	nantarchhya:1
नंतरही	nantarahee:1	nantarahi:1	nantarhi:1
नंद	nand:3
नंदकुमार	nandkumar:3
नंदन	nandan:3
नंदनवन	nandanvan:3
नंदा	nanda:4	nandaa:1	nanndaa:1
नंदादीप	nandadeep:2	nandaadeep:1
नंदिता	nandita:3
नंदिनी	nandinee:2	nandini:1
नंदी	nandee:3	nandi:2	nandii:1	nundi:1
नंदीग्राम	nandeegram:2	nandigram:1
नंदीची	nandeechee:2	nandichi:1
नंदुरबार	nandurbar:2	nandurabar:1
नंदू	nandoo:2	nandu:1
नंबर	nambar:3	number:3	namber:1	numbar:1
नंबरच्या	nambarchya:2	numberchya:1
नऊ	nau:4	nauu:1
नऊवारी	nauvaaree:1	nauvaree:1	nauvari:1
नकली	nakali:2	nakalee:1
नकळत	nakalat:3	nakadat:1
नकळे	nakale:3
नका	naka:3
नकाणे	nakane:3
नकार	nakar:3
नकारात्मक	nakaratmak:3
नकाराधिकार	nakaradhikar:3
नकाशा	nakasha:3
नकाशावर	nakashavar:3
नकाशे	nakashe:3
नकुल	nakul:3
नको	nako:3
नकोत	nakot:3
नकोशी	nakoshi:3
नकोस	nakos:3
नकोसा	nakosa:3
नक्कल	nakkal:3
नक्की	nakki:3
नक्कीच	nakkich:3
नक्त	nakta:2	nakt:1
नक्षत्र	nakshatra:3
नक्षत्रांचे	nakshatranche:3
नक्षत्राचा	nakshatracha:3
नक्षत्राची	nakshatrachi:3
नक्षत्राचे	nakshatrache:3
नक्षत्रात	nakshatrat:3
नक्षत्रामध्ये	nakshatramadhye:2	nakshatramadhe:1
नक्षत्रे	nakshatre:3
नक्षलग्रस्त	nakshalgrasta:2	nakshalgrast:1
नक्षलवादी	nakshalvadi:3
नक्षलवाद्यांना	nakshalvadyanna:3
नक्षी	nakshee:2	nakshi:1
नक्षीकाम	nakshikam:3	naksheekaam:1	naksheekam:1
नक्षीदार	naksheedaar:1	naksheedar:1	nakshidar:1
नख	nakh:3
नखे	nakhe:3
नगण्य	naganya:2	nadanya:1
नगदी	nagadee:2	nagdi:1
नगर	nagar:4
नगरकर	nagarkar:3
नगरचे	nagarche:3
नगरपरिषदा	nagarparishada:2	nagarparishadaa:1
नगरपालिका	nagarpalika:2	nagarpaalika:1
नगरपालिकेचा	nagarpalikecha:2	nagarpaalikechaa:1
नगरपालिकेचे	nagarpalikeche:3
नगरपालिकेच्या	nagarpalikechya:3
नगरपालिकेने	nagarpalikene:3
नगरमधील	nagarmadhil:3
नगरविकास	nagarvikas:3
नगरसेवक	nagarsevak:3
नगरहून	nagarhun:2	nagarahun:1
नगराची	nagarachi:3
नगराचे	nagarache:2	nagrache:1
नगराच्या	nagarachya:3
नगरात	nagarat:2	nagrat:1
नगरातील	nagaratil:2	nagratil:1
नगराध्यक्षा	nagaradhyaksha:2	nagaradhyakshaa:1
नगरी	nagari:3
नगरीच्या	nagarichya:3
नगरीत	nagarit:3
नगरे	nagare:2	nagre:1
नग्न	nagna:2	nagn:1
नजर	najar:4	nazar:1
नजरेच्या	najarechya:3
नजरेत	najaret:3
नजरेतून	najaretun:2	najaretoon:1
नजरेने	najarene:3
नजरेस	najares:3
नजरेसमोर	najaresamor:3
नजीकच्या	najeekchya:1	najikachya:1	najikchya:1
नजीब	najeeb:2	najib:2
नट	nat:3	nut:1
नटरंग	natarang:2	natrang:1
नटराज	natraj:2	nataraj:1
नटलेला	natlela:2	natalela:1
नटलेले	natlele:2	natalele:1	nataleli:1
नटश्रेष्ठ	natakshetra:1	natashreshtha:1	natshreshtha:1
नटसम्राट	natasamrat:2	natsamrat:1
नटाला	natala:3
नटी	nati:2	natee:1
नड	nad:2	nas:1
नतमस्तक	natmastak:2	natamastak:1
नताशा	natasha:4	natasa:1	natashha:1	netasha:1
नथुराम	nathuram:3
नदी	nadi:3
नदीकाठच्या	nadikathchya:2	nadikaathchya:1
नदीकाठावर	nadikathavar:2	nadikaathaavar:1
नदीकाठी	nadikathi:2	nadikaathi:1
नदीकिनारी	nadikinari:2	nadikinaari:1
नदीचा	nadicha:3
नदीची	nadichi:3
नदीचे	nadiche:3
नदीच्या	nadichya:3
नदीजवळ	nadijaval:2	nadijawal:1
नदीत	nadit:3
नदीतील	naditil:3
नदीतून	naditun:3
नदीने	nadine:3
नदीम	nadeem:2	nadim:2
नदीमध्ये	nadimadhye:3
नदीमुळे	nadimule:3
नदीला	nadila:3
नदीवर	nadivar:3
नदीवरील	nadivaril:3
नदीवरून	nadivarun:3	nadivaroon:1
नदीस	nadis:3
नद्या	nadya:2	nadyan:1
नद्यांचा	nadyancha:3
नद्यांचे	nadyanche:2	nadyanhce:1
नद्यांच्या	nadyanchya:2	nadyancya:1
नद्यांना	nadyanna:3
नद्यांनी	nadyanni:3
नद्यांमधून	nadyanmadhun:3
नफा	nafa:3	napha:1
नबी	nabi:2	nabee:1
नभ	nabh:3
नभी	nabhi:2	nabhee:1
नभोवाणी	nabhovani:2	nabhovanee:1
नमः	namah:2	namh:1
नमन	naman:3
नमस्कार	namaskar:3
नमिता	namita:3
नमुद	namud:3
नमुना	namuna:3
नमुने	namune:3
नमूद	namud:2	namood:1
नमो	namo:3
नम्रपणे	namrapane:3
नयन	nayan:3
नयनमनोहर	nayanmanohar:3
नयनरम्य	nayanramya:2	nayanramy:1
नये	naye:2	narye:1
नयेत	nayet:3
नय्यर	nayyar:3
नर	nar:3
नरक	narak:3
नरके	narke:2	narake:1
नरभक्षक	narbhakshak:3
नरम	naram:3
नरवडे	naravade:1	narvade:1	narwade:1
नरवीर	narveer:2	narvir:1
नरसिंह	narsinh:2	narsinha:1
नरहर	narhar:3
नरहरी	narhari:2	narharee:1
नराचा	naracha:3
नराची	narachi:2	narachee:1
नराच्या	narachya:3
नराधम	naradham:3
नरेंद्र	narendra:4	nareendra:1
नरेश	naresh:4	nareesh:1	nares:1	nareshh:1
नर्गिस	nargis:4	nurgees:1	nurgiis:1	nurgis:1
नर्तक	nartak:3
नर्तकी	nartaki:2	nartakee:1
नर्तन	nartan:3
नर्तिका	nartika:3
नर्मद	narmad:3
नर्मदा	narmada:4	narmdaa:1
नर्मदेचा	narmadecha:3
नर्मविनोदी	narmvinodi:2	narmvinodee:1
नर्सिंग	nursing:4	narsing:2	narsin:1	nursin:1
नल	nal:3
नलावडे	nalavade:3	nalawade:1
नलिका	nalika:3	naleeka:1
नलिकेत	naliket:3	naleeket:1
नळ	nal:3
नळकांडे	nalkande:3
नळदुर्ग	naldurg:3
नळाच्या	nalachya:3
नळी	nali:2	nalee:1
नळीत	nalit:2	naleet:1
नळीतून	nalitoon:2	nalitun:2	naleetoon:1
नव	nav:3	nava:1	navv:1	naw:1
नवग्रह	navagraha:4	navgrah:2
नवचैतन्य	navchaitanya:2	navachaitanya:1
नवजात	navjat:3
नवजीवन	navjivan:2	navjeevan:1
नवनवीन	navnavin:2	navanaveen:1
नवनव्या	navnavya:3
नवनाथ	navnath:2	navanath:1
नवनिर्माण	navnirman:2	navanirman:1	navneerman:1
नवनिर्मित	navnirmit:2	navanirmit:1	navneermit:1
नवनिर्मिती	navanirmiti:1	navneermiti:1	navnirmitee:1	navnirmiti:1
नवनिर्वाचित	navanirvachit:1	navneervachit:1	navnievachit:1	navnirvachit:1
नवबौद्ध	navabauddha:1	navbauddh:1	navboddha:1
नवभारत	navbharat:2	navabharat:1
नवमी	navamee:1	navami:1	navmi:1
नवमीला	navamila:1	navmeela:1	navmila:1
नवमीस	navamees:1	navamis:1	navmis:1
नवरा	navra:2	navara:1
नवरात्र	navaratra:1	navratr:1	navratra:1
नवरात्रात	navratrat:2	navaratrat:1
नवरे	navare:2	navre:1
नवल	naval:4	nawal:2
नवलकथा	navalkatha:3
नववधू	navavadhoo:1	navavadhu:1	navvadhu:1
नववा	navava:3	navva:1
नववी	navavi:2	navavee:1
नवव्या	navavya:3	navavyaa:1
नवस	navas:3
नवसारी	navasaari:1	navasaree:1	navasari:1	navsaree:1
नवसाला	navasala:2	navasalaa:1	navsala:1
नवा	nava:4	navaa:2	nawa:1	nawaa:1
नवाकाळ	navakal:3	navkal:1
नवाज	navaj:3	navaaj:1
नवाब	navab:4	navaba:1	nawab:1	nawaba:1
नविन	navin:3	naveen:1
नवी	navi:2	navee:2
नवीन	navin:10	naveen:4	naviin:1	naviina:1
नवे	nave:4	navee:1	nawe:1
नवेनवे	navenave:3
नवोदित	navodit:3	navodeet:1
नव्या	navya:3
नव्याची	navyachi:3	navyachee:1
नव्याने	navyane:3
नव्यानेच	navyanech:3
नव्वद	navvad:3
नव्हता	navhata:4	navhta:2
नव्हताच	navhatach:2	navhtach:1
नव्हती	navhati:2	navhti:1
नव्हतीच	navhatich:2	navhtich:1
नव्हते	navhate:8	navhte:2
नव्हत्या	navhtya:2	navhatya:1
नव्हे	navhe:3
नव्हेच	navhech:3
नव्हेत	navhet:3
नशिबाला	nasheebala:3	nashibala:1
नष्ट	nashta:4	nasht:2
नस	nas:3
नसणाऱ्या	nasnarya:2	nasanarya:1
नसणे	nasne:2	nasane:1
नसत	nasat:2	nast:1
नसतं	nasatm:1	nasta:1	nastn:1
नसता	nasta:3
नसतांना	nastanna:2	nastana:1
नसतांनाही	nastannahi:2	nastananahi:1
नसतात	nasatat:2	nastat:2	nastaat:1
नसताना	nastana:3
नसतानाही	nastanahi:3
नसती	nasti:3
नसतील	nastil:3	nasteel:1
नसते	naste:3
नसतो	nasato:2	nasto:2
नसरापूर	nasrapur:3
नसरीन	nasrin:2	nasreen:1	nasren:1
नसला	nasla:3
नसली	nasli:3	naslee:1
नसले	nasle:3	nasale:1
नसलेला	nasalela:2	naslela:3
नसलेली	nasleli:3	naslelee:1
नसलेले	naslele:3
नसलेल्या	naslelya:3
नसल्याचं	naslyach:1	naslyacham:1	naslyachn:1
नसल्याचे	naslyache:3
नसल्याने	nasalyane:2	naslyane:2
नसल्यानें	naslyane:1	naslyanem:1	naslyanen:1
नसल्यामुळे	naslyamule:3
नसल्यास	naslyas:3
नसल्यासारखे	naslyasarkhe:2	naslyalyasarkhe:1
नसावा	nasava:3
नसावी	nasavi:2	nasavee:1
नसावे	nasave:3
नसाव्यात	nasavyat:3
नसीमा	naseema:2	nasima:2
नसीर	naseer:2	nasir:2
नसीरुद्दीन	nasiruddin:3	naseeruddin:1
नसुन	nasun:3
नसू	nasoo:3	nasu:2
नसून	nasun:2	nasoon:3
नसूनही	nasoonahee:1	nasoonahi:1	nasoonhi:1	nasunahi:1
नसे	nase:3
नसेल	nasel:3
नहीं	naheen:1	nahi:1	nahim:1	nahin:1
नांगर	nangar:3
नांगरणी	nangarni:2	nangaranee:1
नांगराचा	nangaracha:2	nangarcha:1
नांगराच्या	nangarachya:3
नांगी	naangi:1	nangee:1	nangi:1
नांदगाव	nandgaon:3	nandgav:2
नांदत	nandat:3
नांदी	naandi:1	nandee:1	nandi:1
नांदीच	naandich:1	nandeech:1	nandich:1
नांदुरा	nandura:2	naandura:1
नांदुरी	naanduri:1	nanduree:1	nanduri:1
नांदेड	nanded:3
नांदेडहून	nandedhun:2	nandedahoon:1	nandedhoon:1
नांवाने	naanwane:1	nanvane:1	navane:1
नाइट	night:2	nait:1	niet:1
नाईक	naik:3	naaik:1	naaiq:1	naeek:1
नाईकांच्या	naikanchya:3	naikanchyaa:1
नाईकांनी	naikannee:2	naikanni:2
नाईट	night:3	knight:1	naait:1
नाईल	nile:2	naail:1	nyle:1
नाईलाजाने	naailajane:2	nailajane:2
नाक	nak:3	naak:1
नाकपुडीतून	nakpuditun:2	naakpuditun:1	nakapudeetoon:1	nakpuditoon:1
नाकाचे	nakache:3	naakache:1
नाकारणारे	nakarnare:2	naakarnare:1	nakaranare:1
नाकारण्यात	nakarnyat:2	naakaarnyaat:1	nakaranyat:1
नाकारला	nakarla:3	naakaarla:1
नाकारली	nakarli:3	naakaarli:1	nakarlee:1
नाकारले	nakarle:3	naakaarle:1
नाकारल्या	nakarlya:3	naakaarlya:1
नाकारू	nakaroo:2	nakaru:2	naakaaru:1
नाकारून	nakaroon:2	nakarun:2	naakaarun:1
नाक्यावर	nakyavar:2	naakyavar:1
नाखूष	nakhush:2	nakhoosh:1
नाग	nag:2	naag:1
नागकन्या	naagkanya:1	nagakanya:1	nagkanya:1
नागकेशर	nagkeshar:2	nagakeshar:1
नागझरी	naagzari:1	nagazaree:1	nagzari:1
नागझिरा	nagzira:2	nagazira:1
नागनाथ	nagnath:2	naagnaath:1	nagnaath:1
नागपंचमीला	nagpanchamila:2	naagpanchamila:1	nagapanchameela:1
नागपुरात	nagpurat:3	nagpuraat:1
नागपुरी	nagpuri:2	nagapuree:1
नागपूर	nagpur:3	nagpoor:2	naagpur:1	naagpuur:1
नागपूरच्या	nagpurchya:3	nagpurchyaa:1
नागपूरपासून	nagpurpasun:3	nagpurpasoon:1
नागपूरला	nagpurla:3	nagpurlaa:1
नागपूरहून	nagpurhun:2	nagpurhoon:1	nagpurhunhi:1
नागराज	nagraj:3	naagraj:1
नागरिक	nagrik:2	naagrik:1	nagarik:1	nagreek:1
नागरिकत्व	nagarikatva:1	nagariktva:1	nagreekatva:1	nagrikatva:1
नागरिकांकडून	nagrikankadun:2	nagarikankadun:1	nagreekankadoon:1	nagreekankadun:1
नागरिकांचा	nagrikancha:2	nagarikancha:1	nagarikanchaa:1	nagreekancha:1
नागरिकांची	nagrikanchi:2	nagarikanchee:1	nagarikanchi:1	nagreekanchi:1
नागरिकांचे	nagrikanche:2	nagarikanche:1	nagreekanche:1
नागरिकांच्या	nagrikanchya:2	nagarikanchya:1	nagarikanchyaa:1	nagreekanchya:1
नागरिकांना	nagrikanna:2	nagarikanna:1	nagarikannaa:1	nagreekanna:1
नागरिकांनी	nagrikanni:2	nagarikannee:1	nagarikanni:1	nagreekanni:1
नागरिकांवर	nagrikanvar:2	naagrikaanwar:1	nagarikanvar:1
नागरी	nagari:2	naagri:1	nagaree:1	nagri:1
नागरीक	nagrik:2	naagrik:1	nagareek:1
नागली	naagli:1	nagalee:1	nagli:1
नागा	naga:3	naagaa:2	nagaa:1
नागांची	naganchi:2	naagaanchi:1	naganchee:1
नागांचे	naganche:3	naagaanche:1
नागांच्या	naganchya:3	naagaanchya:1
नागांना	naganna:2	naagaanna:1	nagana:1
नागाचा	nagacha:3	naagacha:1
नागाची	nagachi:2	naagaachi:1	nagachee:1
नागाच्या	nagachya:3	naagaachya:1
नागापूरकर	nagapoorkar:1	nagapurkar:1	nagpurkar:1
नागार्जुन	nagarjun:4	naagarjun:1	nagaarjun:1	nagaarzun:1
नागालँड	nagaland:4	nagalanda:1
नागाला	nagala:3	naagaala:1
नागेश	nagesh:3
नागोजी	nagoji:2	naagojee:1	nagojee:1
नाग्या	nagya:3
नाच	nach:2	naach:1
नाचक्की	nachakki:2	naachakki:1	nachakkee:1
नाचणी	nachani:2	nachanee:1	nachni:1
नाचणीचे	nachniche:2	nachaneeche:1	nachaniche:1
नाचणे	nachane:3
नाचत	nachat:3	nacht:1
नाचते	nachate:2	nachte:1
नाचवत	nachvat:2	nachavat:1
नाचायला	nachayla:2	nachayala:1	nachayalaa:1
नाचे	nache:3	naache:1
नाजुक	najuk:3	naajuk:1
नाजूक	najuk:2	naajuk:1	najook:1
नाझी	nazi:3	najhee:1	najhi:1	naji:1
नाटक	natak:3
नाटककार	natakkar:2	natakakar:2	natakakaar:1	natakar:1
नाटककाराने	natakakarane:2	natakakaraane:1	natakkarane:1
नाटकांचा	natakancha:2	natakanchaa:1	natakanchi:1
नाटकांची	natakanchee:2	natakanchi:2
नाटकांचे	natakanche:2	natkanche:1
नाटकांच्या	natakanchya:2	natakanchyaa:1	natkanchya:1
नाटकांत	natakant:2	natkant:1
नाटकांतून	natakantoon:2	natakantun:1	natkaantoon:1	natkantun:1
नाटकांना	natakanna:2	natakannaa:1	natkanna:1
नाटकांमधून	natakanmadhoon:2	natakanmadhun:1	natkanmadhoon:1	natkanmadhun:1
नाटकांमध्ये	natakanmadhe:1	natakanmadhye:1	natkanmadhye:1
नाटकांसाठी	natakansathee:2	natakansathi:1	natkasathi:1
नाटकाचा	natakacha:2	natakachaa:1	natkacha:1
नाटकाची	natkachi:2	naatkachi:1	natakachee:1
नाटकाचे	natakache:3	natkache:2	naatkache:1
नाटकाच्या	natkachya:2	naatkaachya:1	natakachya:1
नाटकात	natkat:2	naatkaat:1	natakat:1
नाटकातही	natkatahi:2	naatkaatahi:1	natakatahee:1
नाटकातील	natakatil:2	natkatil:2	naatkatil:1	natakateel:1
नाटकातून	natkatun:2	naatkatun:1	natakatoon:1	natkatoon:1
नाटकाने	natkane:2	naatkane:1	natakane:1
नाटकाला	natkala:2	naatkala:1	natakala:1
नाटकावर	naatkavar:1	natakavar:1	natkavar:1	natkawar:1
नाटकासाठी	natkasathi:2	naatkasaathi:1	natakasathee:1
नाटके	natake:4	natke:2	naatke:1
नाटकेही	natkehi:2	naatkehi:1	natakehee:1
नाटिका	natika:3	naatika:1
नाट्य	natya:4	naatya:1	natyan:1
नाट्यकला	natyakala:3	naatyakala:1
नाट्यगीत	natyageet:3	naatyageet:1	natyagit:1
नाट्यगृह	natyagruh:3	natyagrah:2	naatyagruh:1	natyagruha:1
नाट्यगृहात	natyagruhat:3	natyagrahat:2	natyangruhat:1
नाट्यगृहे	natyagruhe:2	natyagrahe:1
नाट्यपरिषदेच्या	natyaparishadechya:3
नाट्यप्रयोग	natyaprayog:3
नाट्यलेखन	natyalekhan:3
नाट्यशास्त्र	natyasahstra:1	natyashastra:1	natyashatra:1
नाट्यसंपदा	natyasampada:3
नाट्यसंस्था	natyasanstha:3
नाट्यस्पर्धा	natyaspardha:3
नाट्यात	natyat:3
नाडकर्णी	nadkarni:3
नाडी	nadi:3	nadee:1
नाणी	naani:4	nani:4	nanee:2
नाणे	nane:3
नाणेघाट	naneghat:3
नाणेनिधी	nanenidhi:3
नाणेफेक	nanefek:3
नाण्यांचा	nanyancha:3
नाण्यांचे	nanyanche:3
नात	nat:2	naat:1
नातं	nat:1	nata:1	natan:1
नातलग	natlag:3	naatlag:1
नातवाच्या	natvachya:3	naatwaachya:1	natwachya:1
नाताळ	natal:3
नाताळची	natalchi:3
नाताळच्या	natalchya:3
नाती	nati:3	naati:1
नातू	natu:2	natoo:3	naatu:1
नाते	nate:3	naate:1
नातेवाईक	natevaik:2	natevaaik:1
नातेवाईकांच्या	natevaikanchya:2	natevaaikanchya:1	natevaikanchyaa:1
नातेवाईकांना	natevaikanna:2	natevaaikanna:1	natevaikannaa:1
नातेसंबंध	natesambandh:3
नातेसंबंधांची	natesambandhachi:1	natesambandhanchee:1	natesambandhanchi:1
नात्यांचा	natyancha:3
नात्यांनी	natyani:1	natyannee:1	natyanni:1
नात्याचे	natyache:2	naatyache:1
नात्यातील	naatyatil:1	natyateel:1	natyatil:1
नात्याने	natyane:2	naatyane:1
नाथ	nath:3	naath:1	natha:1	neth:1
नाथांच्या	nathanchya:2	naathannchya:1
नाद	naad:2	nad:1
नादाने	nadane:2	naadane:1
नादिया	nadiya:4	naadia:1	naadiya:1	naadiyaa:1
नान	naan:2	nan:2
नानक	nanak:4	nanaka:1	nanaq:1	nanaqa:1
नाना	nana:3
नानांचे	nananche:3
नानांनी	nananni:2	nanannee:1
नानाचा	nanacha:3
नानाजी	nanaji:2	nanajee:1
नानाविध	nanavidh:3	nanawidh:1
नानासाहेब	nanasaheb:3
नानासाहेबांना	nanasahebanna:2	nanasahebana:1
नानासाहेबांनी	nanasahebani:1	nanasahebannee:1	nanasahebanni:1
नानिवडेकर	nanivadekar:2	naanivdekar:1
नापसंती	napasanti:2	napasantee:1
नापास	napas:2	napaas:1
नापीक	napeek:2	napik:2
नाबाद	nabaad:2	nabad:1
नाभि	nabhi:2	naabhi:1
नाभिक	nabhik:2	naabhik:1
नाभी	nabhee:2	naabhi:1	nabhi:1
नाम	nam:2	naam:2
नामक	namak:2	naamak:1
नामकरण	namakaran:2	naamkaran:1	namkaran:1
नामजप	naamjap:1	namajap:1	namjap:1
नामदार	naamdar:1	namadar:1	namdar:1
नामदेव	namdev:3	namdeo:1
नामदेवराव	namdevrao:2	namdevrav:1
नामपूर	nampur:2	naampur:1
नाममात्र	naammatr:1	namamatr:1	nammatra:1
नाममुद्रा	naammudra:1	namamudra:1	nammudra:1
नामवंत	naamvant:1	naamwant:1	namavant:1	namvant:1
नामवंतांनी	namavantannee:1	namvantani:1	namvantanni:1
नामशेष	naamshesh:1	namashesh:1	namshesh:1
नामस्मरण	naamsmaran:1	namasmaran:1	namsmaran:1
नामांकन	namankan:2	namaankan:1
नामांकने	namankane:3	naamankane:1
नामांकित	namankit:3
नामांतर	namantar:3
नामांतराचा	namantaracha:3
नामाचा	namacha:3
नामाची	namachi:3
नामाचे	namache:3
नामात	namat:2	namaat:1
नायक	nayak:4	nayaka:1	nayaq:1	nayaqa:1
नायकवडी	nayakvadi:3	naykwadi:1
नायकांच्या	nayakanchya:3
नायकाचे	nayakache:2	naykache:1
नायकाच्या	nayakachya:2	naykachya:1
नायगाव	naigaon:2	naygao:1
नायगावकर	naigaonkar:2	naygavkar:1
नायजर	naijar:2	niger:1
नायजेरिया	nigeria:2	naijeria:1
नायडू	naidu:3	nayadoo:2	naidoo:1	naiduu:1
नायब	nayab:3
नायर	nayar:4	nayara:1
नायरची	nayarchi:2	nayarachi:1
नायिका	nayika:3
नायिकांच्या	nayikanchya:3
नायिकेची	nayikechi:3
नायिकेचे	nayikeche:3
नायिकेच्या	nayikechya:3
नारंगी	narangi:3
नारद	narad:4	narada:1
नारदांनी	naradanni:3
नारदीय	naradiy:2	naradiya:1
नारळ	naral:3
नारळाचा	naralacha:2	narlacha:1
नारळाचे	naralache:2	narlache:1
नारळाच्या	naralachya:2	narlachya:1
नारळी	narali:2	narli:1
नारळीकर	naralikar:2	narlikar:1
नारा	nara:4	naara:1	naaraa:1
नाराज	naraj:3
नाराजी	naraji:2	narajee:1
नाराजीची	narajichi:2	narajeechee:1
नारायण	narayan:6	narayana:3	naaraayan:1	naarayan:1
नारायणगड	narayangad:3	narayangarh:1
नारायणराव	narayanrao:2	narayanrav:1
नारायणाचा	narayanacha:3
नारिंगी	naringi:2	nareengi:1	naringee:1
नारो	naro:3
नार्वेकर	narvekar:3	narwekar:1
नालंदा	nalanda:3
नाला	nala:4	naala:1
नाले	nale:3
नाल्यांचा	nalyancha:3
नाल्यांमध्ये	nalyanmadhye:2	nalyanmadhe:1
नाल्यावर	nalyavar:3
नाळ	nal:2	naal:1
नाव	nav:4	naav:3	naaw:2	nava:2
नावच	navach:3
नावनोंदणी	navnondani:2	naavnondani:1
नावलौकिक	navlaukik:2	navloakeek:1	navloakik:1
नावही	navahi:2	navhi:1
नावा	nava:3
नावांची	navanchi:3
नावांचे	navanche:3
नावांत	navant:2	navat:1
नावांनी	navanni:3
नावांनीही	navannihi:3
नावाआधी	navaaadhi:2	navaadhi:1
नावाखाली	navakhali:3
नावाचं	navach:2	navacha:1
नावाचा	navacha:3
नावाची	navachi:3
नावाचे	navache:3
नावाच्या	navachya:3
नावाजले	navajle:2	navajale:1
नावाजलेले	navajlele:2	navajalele:1
नावाजलेल्या	navajlelya:2	navajalelya:1
नावात	navat:3
नावातील	navatil:3
नावाने	navane:3
नावानेच	navanech:3
नावानेही	navanehi:3
नावापुढे	navapudhe:2	navaputhe:1
नावारूपाला	navaroopala:2	navarupala:2
नावावर	navavar:3
नावावरुन	navavarun:2	navavaun:1
नावावरून	navavarun:3	navavaroon:2
नावावरूनच	navavaroonach:2	navavarunach:2
नाविक	navik:3
नाविन्य	navinya:3
नाविन्यपूर्ण	navinyapoorn:2	navinyapurn:2
नावे	nave:3
नावेत	navet:3
नावेतून	navetoon:2	navetun:2
नाश	nash:2	navsh:1
नाशिक	nashik:4	naseek:1	nasheek:1	nasheeq:1
नाशिककर	nashikkar:3
नाशिकचा	nashikcha:2	nashikacha:1
नाशिकच्या	nashikchya:3
नाशिकजवळ	nashikjaval:3	nashikjawal:1
नाशिकमध्ये	nashikmadhye:3
नाशिकरोड	nashikrode:2	nashikroad:1
नाशिकला	nashikla:3
नाशिकहून	nashikhun:3	nashikhoon:1
नासधूस	nasdhus:3	nasdhoos:2
नासले	nasale:2	nasle:1
नासा	nasa:3
नासिक	nasik:3
नासेर	naser:3
नास्तिक	nastik:3	nasteek:1
नास्तिकता	nastikata:2	nasteekta:1	nastikta:1
नाहि	nahi:3	nahee:1
नाहित	nahit:3	naheet:1
नाही	nahi:4
नाहीच	nahich:2	naheech:1
नाहीत	nahit:2	naheet:1
नाहीतर	nahitar:2	naheetar:1
नाहीशी	nahishi:2	naheeshee:1
नाहीस	nahis:2	nihees:1
नाहीसं	nahisa:2	naheesam:1
नाहीसा	nahisa:2	naheesa:1
नाहीसे	nahise:2	naheese:1
निंदा	ninda:3	neenda:1
निंबाळकर	nimbalkar:3
निःपात	nipat:3
निऑन	nan:1	nean:1	neon:1	neyan:1
निकटचा	nikatcha:2	nikatacha:1
निकड	nikad:3
निकडीचे	nikadiche:3
निकम	nikam:3
निकष	nikash:3
निकामी	nikami:3
निकाल	nikal:3
निकालाच्या	nikalachya:3
निकृष्ट	nikrusht:2	nikrisht:1
निकेतन	niketan:3
निकेल	nickel:3	nikel:3	neekel:1	neeqel:1
निकोबार	nicobar:3	nikobar:3	nicoobar:1	nikobara:1
निकोलस	nikolas:3	nicolas:2	nicholas:1	nicolus:1
निकोलाय	niikolaii:1	niikolay:1	niikolaya:1	nikolai:1
निक्षून	nikshun:2	nikshoon:1
निक्सन	niksan:2	nikson:2	nixon:2	neecsan:1
निखळ	nikhal:3
निखिल	nikhil:3
निगडित	nigdit:2	nigadit:1
निगडी	nigdi:2	nigadi:1
निगडीत	nigdit:3
निगम	nigam:3
निगवेकर	nigvekar:2	nigavekar:1	nigwekar:1
निगा	niga:3
निग्रह	nigrah:2	nigraha:1
निघणार	nighnar:2	nighanar:1
निघणारा	nighnara:2	nighanara:1
निघणारी	nighanari:2	nighnari:1
निघणाऱ्या	nighnarya:2	nighanarya:1
निघत	nighat:3
निघतात	nightat:2	nighatat:1
निघताना	nightana:2	nighatana:1
निघते	nighate:2	nighte:1
निघतो	nighato:2	nighto:1
निघाला	nighala:3
निघाली	nighali:3
निघाले	nighale:2	nighalr:1
निघालेला	nighalela:3
निघालेली	nighaleli:3
निघालेले	nighalele:3
निघालेल्या	nighalelya:3
निघाल्या	nighalya:3
निघाल्यावर	nighalyavar:3
निघुन	nighun:3
निघू	nighoo:2	nighu:2
निघून	nighun:2	nighoon:2
निघृण	nirghun:2	nighrun:1
निघोज	nighoj:3
निचरा	nichara:2	nichra:1
निजला	nijla:2	nijala:1
निजाम	nijam:3
निजामकालीन	nijamkalin:2	nijamakaleen:1
निजामशाही	nijamashahee:1	nijamshah:1	nijamshahi:1
निजामाचा	nijamacha:3
निजामाच्या	nijamachya:2	nijamchya:1
निजामाने	nijamane:3
निजामुद्दीन	nijamuddin:3
निझाम	nizam:3	nijham:2
निझामाच्या	nizamachya:2	nihjamachya:1	nijhamachya:1	nizamchya:1
नित	nit:3	neet:1
नितळ	nital:3
नितांत	nitant:3	neetant:1
नितांतसुंदर	nitantsundar:3	neetantsundar:1
नितिन	nitin:3
नितीन	nitin:4	neeten:1	neetiin:1	neetin:1
नितेश	nitesh:3
नित्य	nitya:3
निदर्शनास	nidarshanas:2	nirdarshanas:1
निदर्शने	nidarshane:2	nirdarshane:1
निदान	nidan:3	nidaan:1
निद्रा	nidra:3
निद्रावस्थेत	nidravasthet:3
निद्रेत	nidret:3
निधन	nidhan:3
निधना	nidhana:2	nidhna:1
निधनाचे	nidhanache:2	nidhnache:1
निधनानंतर	nidhananantar:2	nidhnanantar:1
निधान	nidhan:3
निधी	nidhi:3
निधीची	nidhichi:3
निधीचे	nidhiche:3
निधीच्या	nidhichya:3
निधीवर	nidhivar:3
निनाद	ninad:3
निनावी	ninavi:3
निपक्षपाती	nipakshapati:3
निपाणी	nipani:3
निपुण	nipun:3
निफाड	nifad:3	niphad:3
निबंध	nibandh:2	nibandha:1
निबंधकार	nibandhkar:2	nibandhakar:1
निबंधलेखन	nibandhalekhan:2	nibandhlekhan:1
निभावली	nibhavli:2	nibhavali:1
निमंत्रण	nimantran:3
निमंत्रणावरून	nimantranavarun:2	nimantranavaroon:1	nimantrnavarun:1
निमंत्रणे	nimantrane:3
निमंत्रित	nimantrit:3
निमलष्करी	nimlashkari:3
निमशासकीय	nimshaskiy:2	nimshasakiya:1
निमित्त	nimitt:2	nimitta:1
निमित्तमात्र	nimittmatra:2	nimittmatr:1
निमित्ताने	nimittane:3
निमुळते	nimulate:2	nimulte:1
निमुळत्या	nimulatya:2	nimultya:1
निम्मा	nimma:3
निम्मे	nimme:3
निम्म्या	nimmya:3
निम्हण	nimhan:3
नियंत्रण	niyantran:3
नियंत्रणाखाली	niyantranakhali:2	niyantrnakhali:1
नियंत्रणाखालील	niyantranakhalil:2	niyantrnakhalil:1
नियंत्रणात	niyantranat:2	niyantrnat:1
नियंत्रणाबाहेर	niyantranabaher:2	niyantrabaher:1
नियंत्रणासाठी	niyantranasathi:3
नियंत्रित	niyantrit:3
नियतकालिक	niyatkalik:3
नियतकालिकांचे	niyatkalikanche:3
नियतकालिकांच्या	niyatkalikanchya:3
नियतकालिकांत	niyatkalikant:3
नियतकालिकाचे	niyatkalikache:2	niyatkalikachi:1
नियतकालिकात	niyatkalikat:3
नियतकालिकातून	niyatkalikatun:2	niyakalikatun:1
नियतकालिके	niyatkalike:3
नियतीच्या	niyatichya:2	niytichya:1
नियतीने	niyatine:2	niyateene:1	niytine:1
नियम	niyam:4
नियमन	niyaman:2	niyman:1
नियमनासाठी	niyamnasathi:2	niyamanasathi:1
नियमांचा	niyamancha:3
नियमांची	niyamanchi:2	niymanchi:1
नियमांचे	niyamanche:2	niymanche:1
नियमांच्या	niyamanchya:2	niymanchya:1
नियमांनुसार	niyamannusar:1	niyamanusar:1	niymannusar:1
नियमाचा	niyamacha:2	niymacha:1
नियमानुसार	niyamanusar:2	niymanusar:1
नियमावली	niyamavali:2	niymavali:1
नियमित	niyamit:2	niymit:1
नियमितपणे	niyamitpane:2	niymitpane:1
नियामक	niyamak:3
नियुक्त	niyukta:2	niyukt:1
नियुक्ती	niyukti:3
नियुक्त्या	niyuktya:3
नियोजन	niyojan:3
नियोजनपूर्वक	niyojanpurvak:3	niyojanpoorvak:1
नियोजनाचा	niyojanacha:2	niyojnaacha:1
नियोजित	niyojit:3	niyojeet:1
निरंकुश	nirankush:3
निरंजन	niranjan:3
निरंतर	nirantar:3
निरक्षर	nirakshar:2	nirkshar:1
निरखून	nirkhun:2	nirakhun:1
निरगुडकर	nirgudkar:3
निरनिराळा	nirnirala:2	niranirala:1
निरनिराळे	nirnirale:2	niranirale:1
निरनिराळ्या	nirniralya:3	niraniralya:2
निरपेक्ष	nirpeksh:3
निरमा	nirma:3
निरसन	nirsan:3
निराकरण	nirakaran:3
निराकार	nirakar:3
निराधार	niradhar:3
निरामय	niramay:2	niramaya:1
निराळी	nirali:2	niralee:1
निराळीच	niraleech:2	niralich:2
निराळे	nirale:3
निराश	nirash:3
निराशा	nirasha:3
निराश्रित	nirashrit:2	nirakshit:1
निरिक्षण	nirikshan:3	nirikshaan:1
निरिक्षणे	nirikshane:3
निरीक्षक	nireekshak:1	nirikshak:1	nirikshk:1
निरीक्षकांना	nireekshakana:1	nirikshakanna:1	nirikshkanna:1
निरीक्षकाने	nirikshakane:2	nireekshakane:1
निरीक्षण	nirikshan:2	nireekshan:1
निरीक्षणाचा	nireekshanacha:1	niriksahnacha:1	nirikshanacha:1
निरीक्षणावरून	nireekshanavarun:1	nirikshanavarun:1	nirikshnavarun:1	nirikshnawarun:1
निरुत्साह	nirutsah:3
निरुपण	nirupan:3
निरुपद्रवी	nirupdravi:2	nirupadravee:1
निरूपण	nirupan:3
निरोगी	nirogi:2	nirogee:1
निरोध	nirodh:3
निरोप	nirop:3
निर्गुण	nirgun:3
निर्जन	nirjan:3
निर्णय	nirnay:3	nirnaya:2
निर्णयप्रक्रियेत	nirnayaprakriyet:1	nirnayprakriyet:1	nirnyaprakriyet:1
निर्णयांची	niranyanchi:1	nirnayanchee:1	nirnayanchi:1
निर्णयांमध्ये	nirnayanmadhye:2	nirnyanmadhye:1
निर्णयाचे	nirnayache:3
निर्णयाद्वारे	nirnayadvare:2	nirnayadware:1
निर्णयानंतर	nirnayanantar:2	niranyantar:1
निर्णयाने	nirnayane:3
निर्णयाबद्दल	nirnayabaddal:2	nirnayabadhal:1
निर्णयाबाबत	nirnayababat:3
निर्णयाला	nirnayala:3
निर्णयावर	nirnayavar:3
निर्णयासाठी	narnayasathi:1	nirnayasathee:1	nirnayasathi:1
निर्णायक	nirnayak:3
निर्दयपणे	nirdaypane:2	nirdayapane:1
निर्देश	nirdesh:3
निर्देशक	nirdeshak:3
निर्देशकांची	nirdeshakanchee:1	nirdeshakanchi:1	nirdeshkanchi:1
निर्देशांक	nirdeshank:2	nirdeshaank:1
निर्देशित	nirdeshit:3
निर्दोष	nirdosh:3
निर्धार	nirdhar:3
निर्धारण	nirdharan:3
निर्धारित	nirdharit:3
निर्बंध	nirbandh:3
निर्भयपणे	nirbhayapane:1	nirbhaypane:1	nirbhypane:1
निर्भया	nirbhaya:3
निर्भीड	nirbheed:2	nirbhid:1
निर्मनुष्य	nirmanush:1	nirmanushy:1	nirmanushya:1
निर्मल	nirmal:4
निर्मलकुमार	nirmalkumar:2	nirmalakumar:1
निर्मला	nirmala:3
निर्मळ	nirmal:3
निर्माण	nirman:3
निर्माता	nirmata:3
निर्माते	nirmate:3
निर्मात्या	nirmatya:3
निर्मात्यांना	nirmatyanna:3
निर्मात्याला	nirmatyala:3
निर्मित	nirmit:4
निर्मिति	nirmiti:3
निर्मिती	nirmiti:2	nirmitee:1
निर्मितीचा	nirmiticha:2	nirmiteecha:1
निर्मितीची	nirmitichi:2	nirmiteechee:1
निर्मितीचे	nirmitiche:2	nirmiteeche:1
निर्मितीच्या	nirmitichya:2	nirmiteechya:1
निर्मितीत	nirmitit:2	nirmiteet:1
निर्मितीमध्ये	nirmiteemadhye:1	nirmitimadhe:1	nirmitimadhye:1
निर्मितीमागे	nirmitimage:2	nirmiteemage:1
निर्मितीला	nirmitila:2	nirmiteela:1
निर्मितीसाठी	nirmitisathi:2	nirmiteesathee:1
निर्मिला	nirmila:3
निर्मिली	nirmili:2	nirmilee:1
निर्मिलेल्या	nirmilelya:3
निर्मुलन	nirmulan:3
निर्मूलन	nirmulan:2	nirmoolan:1
निर्मूलनाची	nirmulnachi:2	nirmoolanachee:1
निर्मूलनासाठी	nirmulnasathi:2	nirmoolanasathee:1
निर्यात	niryat:3
निर्यातही	niryatahi:2	niryatahee:1
निर्यातीसाठी	niryatisathi:2	niryateesathee:1
निर्वाचन	nirvachan:3
निर्वाचित	nirvachit:3
निर्वाण	nirvan:4	nearwan:1	neervan:1	neerwan:1
निर्वाणानंतर	nirvananantar:2	nirvanantar:1
निर्वात	nirvat:3
निर्वाळा	nirvala:3
निर्वासित	nirvasit:3
निर्वाह	nirvah:3
निर्विकल्प	nirvikalp:2	nirvikalpa:1
निर्विवाद	nirvivad:2	nirvevad:1
निर्व्यसनी	nirvyasani:2	nirvyasanee:1
निलंगा	nilanga:3
निलंबित	nilambit:2	nilambhit:1
निलगिरी	nilgiri:2	nilagiree:1
निलेश	nilesh:3
निळसर	nilsar:2	nilasar:1
निळा	nila:3
निळी	nilee:1	nili:1	nilli:1
निळू	nillu:1	niloo:1	nilu:1
निळूभाऊ	nilubhau:2	niloobhau:1
निळे	nile:2	nille:1
निळ्या	nilya:3
निवड	nivad:3
निवडक	nivadak:2	nivdk:1
निवडणुक	nivadnuk:2	nivadanuk:1	nivadnook:1
निवडणुका	nivadanuka:1	nivadnuka:1	nivadnukaa:1
निवडणुकांचे	nivadanukanche:1	nivadnukaanche:1	nivadnukanche:1
निवडणुकांत	nivadnukant:2	nivadanukant:1
निवडणुकांतील	nivadnukantil:2	nivadanukanteel:1	nivadnukaanteel:1
निवडणुकांनंतर	nivadanukanantar:1	nivadnukanantar:1	nivadnukannantar:1
निवडणुकांमधील	nivadnukanmadhil:2	nivadanukanmadheel:1
निवडणुकांमध्ये	nivadanukanmadhye:1	nivadnukanmadhe:1	nivadnukanmadhye:1
निवडणुकांसाठी	nivadanukansathee:1	nivadnukansaathi:1	nivadnukansathi:1
निवडणुकीच्या	nivadanukichya:2	nivadnukichya:2	nivadanukeechya:1
निवडणुकीत	nivadnukit:2	nivadanukeet:1	nivadnukeet:1
निवडणुकीतही	nivadanukeetahee:1	nivadanukitahi:1	nivdanukitahi:1
निवडणुकीतील	nivadanukeeteel:1	nivadanukitil:1	nivdanukitil:1
निवडणुकीनंतर	nivadanukeenantar:1	nivadanukinantar:1	nivdanukinantar:1
निवडणुकीमध्ये	nivadanukeemadhye:1	nivadanukimadhye:1	nivdanukimadhey:1
निवडणुकीसाठी	nivdanukisathi:2	nivadanukeesathee:1	nivadanukisathi:1
निवडणूक	nivadanook:1	nivadanuk:1	nivdanuk:1
निवडणूकीत	nivadanookeet:1	nivadanukit:1	nivdanukit:1
निवडण्यात	nivadanyat:2	nivdanyat:1
निवडता	nivadata:1	nivadta:1	nivdta:1
निवडतात	nivadatat:1	nivadtat:1	nivdtat:1
निवडताना	nivdtana:2	nivadatana:1	nivadtana:1
निवडला	nivadala:1	nivadla:1	nivdla:1
निवडली	nivadalee:1	nivadli:1	nivdali:1
निवडले	nivadale:1	nivadle:1	nivdle:1
निवडलेला	nivadalela:1	nivadlela:1	nivdalela:1
निवडलेली	nivadalelee:1	nivadleli:1	nivdaleli:1
निवडलेल्या	nivadalelya:1	nivadlelya:1	nivdlelya:1
निवडल्या	nivadalya:1	nivadlya:1	nivdalya:1
निवडायचा	nivadayacha:1	nivadaycha:1	nivdayacha:1
निवडायला	nivadayala:1	nivadayla:1	nivdayla:1
निवडीची	nivadeechee:1	nivadichi:1	nivdichi:1
निवडीचे	nivadeeche:1	nivadiche:1	nivdiche:1
निवडू	nivadoo:1	nivadu:1	nivdu:1	niwdu:1
निवडून	nivadun:7	nivadoon:1	nivdun:1	niwdun:1
निवर्तले	nivartale:2	nivartle:1
निवारक	nivarak:3	niwarak:1
निवारण	nivaran:3	niwaran:1
निवारणाचे	nivaranache:2	nivarnache:1
निवारा	nivara:3	niwara:1
निवास	nivas:3	niwas:1
निवासस्थान	nivasasthan:2	nivassthana:1	niwassthan:1
निवासस्थानी	nivasasthanee:1	nivasasthani:1	nivassthani:1
निवासस्थाने	nivasasthane:2	nivassthane:1
निवासाची	nivasachi:2	nivasachee:1
निवासी	nivasi:2	nivasee:1
निवृत्त	nivrutta:2	nivrutt:2
निवृत्ती	nivrutti:2	nivruttee:1
निवृत्तीनंतर	nivruttinantar:2	nivrutteenantar:1
निवेदक	nivedak:3
निवेदन	nivedan:3
निवेदनात	nivedanat:2	nivednat:1
निवेदिका	nivedika:3
निवेदिता	nivedita:3
निव्वळ	nivval:3
निशा	nisha:4	neasa:1	neasha:1	neashha:1
निशाचर	nishachar:3
निशाण	nishan:3
निशाणी	nishani:2	nishanee:1
निशिकांत	nishikant:3
निशिगंध	nishigandh:1	nishigandha:1	nisigandh:1
निश्चय	nishchay:2	nischay:1
निश्चयाने	nishchayane:2	nischayane:1
निश्चित	nishchit:2	nischeet:1
निश्चितच	nishchitach:2	nischeetach:1
निश्चितपणे	nishchitpane:2	nischeetpane:1
निश्चिती	nischeeti:1	nishchitee:1	nishchiti:1
निषाद	nishad:3
निषिद्ध	nishiddh:1	nishiddha:1	nishidha:1
निषेध	nishedh:3
निषेधार्थ	nishadharth:1	nishedharth:1	nishedhartha:1
निष्कर्ष	nishkarsh:2	nishkarsha:1
निष्कर्षण	nishkarshan:3
निष्कलंक	nishkalank:1	nishkalanka:1	nishklank:1
निष्काळजीपणे	nishkaljipane:2	nishkalajipane:1
निष्क्रिय	nishkkriy:1	nishkriy:1	nishkriya:1
निष्ठा	nishtha:3
निष्ठेने	nishthene:3
निष्णात	nishnat:2	nishnaat:1
निष्पत्ती	nishpatti:3
निष्पन्न	nishpanna:2	nishpatra:1
निष्पाप	nishpap:3
निसटत्या	nisatatya:2	nisattya:1
निसर्ग	nisarga:3	nisarg:2
निसर्गतः	nisargata:2	nisargataha:1
निसर्गतःच	nisargatacch:1	nisargatahach:1	nisargtach:1
निसर्गरम्य	nisargramya:2	nisargaramya:1
निसर्गराजा	nisargaraja:2	nisargraja:1
निसर्गसंपन्न	nisargsampann:2	nisargasampanna:1
निसर्गसौंदर्य	nisargasaoundarya:1	nisargsaundarya:1	nisargsoundary:1
निसर्गसौंदर्याने	nisargasaoundaryane:1	nisargsaundaryane:1	nisargsoundaryane:1
निसर्गाचे	nisargache:2	nisagrache:1
निसर्गाच्या	nisargachya:2	nisagrachya:1
निसर्गात	nisargat:2	nisagrat:1
निसर्गातील	nisagratil:1	nisargateel:1	nisargatil:1
निसार	nisar:3
निस्सीम	nissim:2	nisseem:1
नी	knee:1	knii:1	nee:1	ni:1
नीच	nich:2	neech:1
नीट	neet:3	nit:2
नीति	niti:3	neeti:2
नीती	niti:2	neeti:2
नीना	nina:4	neena:3	niina:1
नीमच	neemach:1	neemuch:1	nimach:1
नीरज	neeraj:3	niraj:3
नीरजा	neerja:3	nirja:3
नीरव	nirav:2	neerav:1
नीरस	niras:2	neeras:1
नीरा	nira:2	neera:1
नील	neal:2	neel:2	neiil:2	neil:2
नीलकंठ	neelakanth:1	nilakantha:1	nilkanth:1
नीलगाय	neelgay:1	nilagay:1	nilgaay:1
नीलम	nilam:2	neelam:1
नीला	nila:2	neela:1
नीलिमा	nilima:2	neelima:1
नीळकंठ	neelakanth:1	nilakantha:1	nilkanth:1
नुकताच	nukatach:2	nuktach:1
नुकतीच	nukateech:1	nukatich:1	nuktich:1
नुकतेच	nukatech:2	nuktech:1
नुकत्याच	nukatyach:2	nuktyach:1
नुकसान	nukasan:2	nuksan:1
नुकसानही	nukasanahee:1	nukasanahi:1	nuksanahi:1
नुसतीच	nusatich:2	nustich:1
नुसते	nusate:2	nuste:1
नुसतेच	nusatech:2	nustech:1
नुसत्या	nusatya:2	nustya:1
नुसार	nusar:3
नूडल्स	naadles:1	noodles:1	nudals:1	nudles:1
नूतन	nootan:2	nutan:2
नूतनीकरणाचे	nootaneekaranache:1	nootnikarnache:1	nutnikaranache:1
नृत्य	nrutya:2	nratya:1
नृत्यप्रकार	nrutyaprakar:2	nratyaprakar:1
नृत्यांगना	nratyangana:1	nrutyangana:1	nrutyngana:1
नृत्याचा	nrutyacha:2	nratyacha:1
नृत्याचे	nrutyache:2	nratyache:1
नृत्यात	nratyat:1	nrutyaat:1	nrutyat:1
नृत्याने	nrutyane:2	nratyane:1
नृत्याविष्कार	nrutyavishkar:2	nratyavishkar:1
नृत्यासाठी	nratyasathi:1	nrutyasaathi:1	nrutyasathee:1
नृसिंह	nrusinh:2	nrisinh:1	nruseenh:1	nrusih:1
नॅनो	nano:4	naeno:1	nyano:1
नॅपकिन	napkin:2	napakin:1
नॅशनल	national:3	naeshanal:1	nyashanal:1
नेऊन	neun:3
नेचर	nature:3	nachar:1	nechar:1
नेट	net:4	nate:1	natey:1	netei:1
नेटके	netake:2	netke:1
नेटवर्क	network:4	naitvork:1	naitwark:1	naitwork:1
नेटवर्कला	networkla:3
नेटवर्किंग	neetavarking:1	neetworking:1	netavarkin:1	netavarking:1
नेणता	nenta:2	nenata:1
नेणारा	nenara:2	nenaara:1
नेणारे	nenare:3
नेणिवेची	nenivechi:3
नेणे	nene:3
नेण्याचा	nenyacha:3
नेण्याची	nenyachi:3
नेण्याचे	nenyache:3
नेण्याच्या	nenyachya:3
नेण्यात	nenyat:2	nenyaat:1
नेण्यास	nenyas:3
नेण्यासाठी	nenyasathi:2	nenyasaathi:1
नेत	net:3
नेता	neta:3
नेताजी	netaji:3
नेतात	netat:3
नेताना	netana:3
नेतील	netil:3
नेतृत्त्वाखाली	netratvakhali:1	netruttvakhali:1	netrutvakhali:1
नेतृत्व	netrutva:5	netratva:1	netrutav:1
नेतृत्वगुण	netrutvagun:2	netratvagun:1
नेतृत्वाखाली	netrutvakhali:2	netratvakhali:1
नेतृत्वाखालील	netrutvakhalil:2	netratvakhalil:1
नेतृत्वाची	netrutvachi:2	netratvachi:1
नेतृत्वाचे	netrutvache:2	netratvache:1
नेते	nete:3
नेतेच	netech:3
नेतेपदी	netepadi:3
नेत्या	netya:3
नेत्यांकडून	netyankadun:3	netyankadoon:1
नेत्यांची	netyanchi:3	netyanchee:1
नेत्यांचे	netyanche:3
नेत्यांनी	netyanni:3
नेत्यांशी	netyanshi:3
नेत्याचा	netyacha:2	netyachi:1
नेत्र	netra:2	netr:1
नेत्रा	netra:4
नेदरलँड्स	nedaralands:1	nedarlands:1	netherlands:1
नेने	nene:4	neenee:1
नेपच्यून	neptune:2	nepachyoon:1
नेपथ्य	nepathya:2	nepathy:1
नेपथ्यकार	nepathyakar:2	nepathykar:1
नेपल्स	naiplees:1	naiples:1	naplees:1	naples:1
नेपाली	nepali:2	nepalee:1
नेपाळ	nepal:4	neepal:1	neepala:1	nepala:1
नेपाळचा	nepalcha:2	nepalacha:1
नेपाळची	nepalchi:2	nepalachee:1
नेपाळच्या	nepalchya:2	nepalachya:1
नेपाळमधील	nepalmadhil:2	nepalamadheel:1
नेपाळमध्ये	nepalamadhye:1	nepalmadhey:1	nepalmadhye:1
नेपाळी	nepali:4	neepadi:1	neepalee:1	neepali:1
नेपोलियन	nepoleon:2	nepoliyan:2	naipoleeyan:1	naipoliiyan:1
नेपोलियनच्या	nepoleonchya:2	napoleyanchya:1	napoliyancha:1
नेब्रास्का	nebraska:1	nebrasqa:1	neebraska:1
नेम	name:2	nem:2
नेमका	nemka:3
नेमकी	nemki:2	nemaki:1
नेमके	nemke:2	nemake:1
नेमकेपणाने	nemakepanane:1	nemkepanae:1	nemkepanane:1
नेमक्या	nemkya:2	nemakya:1
नेमणुका	nemnuka:2	nemanuka:1
नेमणूक	nemnook:2	nemnuk:1	numanuk:1
नेमण्यात	nemanyat:1	nemnyaat:1	nemnyat:1
नेमताना	nemtana:2	nematana:1
नेमली	nemalee:1	nemali:1	nemlee:1
नेमले	nemle:2	nemale:1
नेमलेल्या	nemlelya:2	nemalelya:1
नेमाडे	nemade:3
नेमुन	nemun:3
नेमून	nemun:2	nemoon:1
नेरळ	neral:3
नेरूरकर	nerurkar:2	nerurakar:1
नेला	nela:3
नेली	neli:3	neeli:1	neeliee:1	neelly:1
नेले	nele:3
नेलेल्या	nelelya:3
नेल्या	nelya:3
नेल्सन	nelsan:3	nelson:2	nailsan:1	nailshan:1
नेवासा	nevasa:3	newasa:1
नेवासे	nevase:3	newase:1
नेशनल	national:1	neshanal:1	neshnal:1
नेस्तनाबूत	nestanaboot:2	nestnabut:1
नेहमी	nehmi:3	nehamee:1	nehami:1
नेहमीच	nehmich:3	nehameech:1	nehmeech:1
नेहमीचा	nehmicha:2	nehameecha:1	nehmeecha:1
नेहमीची	nehmichi:2	nehameechee:1	nehmeechi:1
नेहमीचे	nehmiche:2	nehameeche:1	nehmeeche:1
नेहमीच्या	nehmichya:2	nehameechya:1
नेहमीपेक्षा	nehmipeksha:2	nehameepeksha:1
नेहमीप्रमाणे	nehmipramane:2	nehameepramane:1
नेहमीप्रमाणेच	nehmipramanech:2	nehameepramanech:1
नेहरु	nehru:2	neharu:1
नेहरू	nehru:3	neharu:2	neharuu:1	nehroo:1
नेहरूनगर	neharunagar:1	nehrunagar:1	nehrunager:1
नेहा	neha:3
नेहाला	nehala:3
नेहेमीच्या	nehemeechya:2	nehemichya:1
नैऋत्य	nairuty:1	nairutya:1	naitrutya:1
नैऋत्येला	nairutyela:2	naitrutyela:1
नैतिक	naitik:4
नैतिकता	naitikta:2	naitikata:1
नैनिताल	nainital:4	naineetal:1	nainiital:1	nainitaal:1
नैराश्य	nairashya:2	nairashy:1
नैरोबी	nairobi:3	naiirobee:1	naiirobii:1	naiiroby:1
नैर्ऋत्य	nairatya:1	nairrutya:1	narhritya:1
नैवद्य	naivadhya:1	naivadya:1	naivedya:1
नैवेद्य	naivedya:2	naivedhya:1
नैसर्गिक	naisargik:3	naisargeek:1
नैसर्गिकरित्या	naisargeekritya:1	naisargikritya:1	naisargkaritya:1	naisirgakaritya:1
नैसर्गिकरीत्या	naisargeekritya:1	naisargikareetya:1	naisirgakaritya:1	nasargikritya:1
नॉन	nan:1	naun:1	non:1	noun:1
नॉर्मन	norman:4	narman:1
नॉर्वे	norway:2	narve:1	narvee:1	narwe:1
नॉर्वेजियन	norwegian:2	norwejian:1
नो	no:3
नोंद	nond:3
नोंदणी	nondani:5	nondanee:1	nondnee:1	nondni:1
नोंदणीकृत	nondaneekrut:1	nondanikrut:1	nondneekrut:1	nondnikrut:1
नोंदणीचे	nondaneeche:1	nondaniche:1	nondneeche:1	nondniche:1
नोंदवणे	nondavane:1	nondavne:1	nondvane:1
नोंदवतात	nondavtat:2	nondavatat:1
नोंदवला	nondavala:2	nondvala:1
नोंदवले	nondavale:2	nondvale:1
नोंदवलेल्या	nondavalelya:2	nondvalelya:1
नोंदविले	nondavile:2	nondaveele:1	nondvile:1
नोंदवून	nondavun:2	nondavoon:1	nondvun:1
नोंदही	nondahi:3
नोंदी	nondi:3
नोएडा	noida:3	noeda:2	noaeda:1	nooeda:1
नोकर	nokar:4	naukar:1
नोकरी	nokri:5	naukri:1	nokaree:1	nokree:1
नोकरीचा	naukricha:1	nokareecha:1	nokreecha:1	nokricha:1
नोकरीच्या	naukrichya:1	nokareechya:1	nokreechya:1	nokrichya:1
नोकरीत	naukrit:1	nokareet:1	nokreet:1	nokrit:1
नोकरीतील	nokareeteel:2	naukariteel:1	nokariteel:1
नोकरीतून	nokareetoon:2	naukritoon:1	nokaritoon:1
नोकरीनिमित्ताने	nokarinimittane:2	naukarinimittane:1	nokrinimittane:1
नोकरीला	nokarila:2	nokrila:1
नोकरीवर	nokarivar:2	naukarivar:1	nokrivar:1
नोकरीसाठी	nokarisathi:2	nokrisathi:2	naukarisathi:1
नोकऱ्या	nokarya:3	naukarya:1
नोकिया	nokia:4	nokiya:2	nookia:1	nookiya:1
नोट	not:2	note:2
नोटरी	notari:2	notary:1	notri:1
नोटा	nota:3
नोटांवर	notanvar:2	notanwar:1
नोटीस	notice:3
नोड	node:3	nod:1
नोबेल	nobel:4	nobal:1	nobela:1
नोम	noam:1	nom:1	nooam:1	noom:1
नोव्हेंबर	november:3
नोव्हेंबरच्या	novemberchya:2	novhembarchya:1
नोव्हेंबरमध्ये	novembermadhe:1	novembermadhye:1	novhembaramadhye:1
नोव्हेंबरला	novemberla:2	novhembarala:1
नोहे	nohe:3
नौ	nau:3
नौकरी	naukari:2	naukaree:1
नौका	nauka:3
नौकानयन	naukanayan:3
नौकेत	nauket:3
नौकेवर	naukevar:3	naukewar:1
नौदलाच्या	naudalachya:3
नौदलाने	naudalane:3
नौरोजी	naoroji:1	naurojee:1	nauroji:1
नौशाद	naushaad:1	naushad:1	noushad:1
नौसेना	nausena:3	naosena:1
न्या	nya:3	nyaa:1
न्याय	nyay:3
न्यायची	nyayachi:2	nyaychee:1	nyaychi:1
न्यायनिवाडा	nyaynivada:3	nyayaniwada:1
न्यायमूर्ती	nyaymurti:2	nyayamurti:1	nyaymurtee:1
न्यायमूर्तींच्या	nyaymurteechya:1	nyaymurtichya:1	nyaymurtinchyaa:1
न्यायला	nyayla:3	nyayala:1
न्यायव्यवस्था	nyayvyavastha:2	nyayavavstha:1
न्यायव्यवस्थेचे	nyayvyavastheche:2	nyayavyavastheche:1
न्यायव्यवस्थेत	nyayvyavasthet:2	nyayvhayvsthet:1
न्यायसहायक	nyaysahayak:3
न्यायाची	nyayachi:2	nyaychee:1
न्यायाच्या	nyayachya:3	nyayachyaa:1
न्यायाधीश	nyayadhish:2	nyayadheesh:1
न्यायालय	nyayalay:2	nyayalaya:1
न्यायालया	nyayalaya:3
न्यायालयाचे	nyayalayache:3
न्यायालयाच्या	nyayalayachya:3
न्यायालयात	nyayalayat:3
न्यायालयाने	nyayalayane:3
न्यायालयीन	nyayalayeen:1	nyayalayin:1	nyayalyin:1
न्यायालये	nyayalaye:2	nyayalye:1
न्यायासाठी	nyayasathi:2	nyayasathee:1
न्याय्य	nyayy:3
न्यारी	nyari:2	nyaree:1
न्यावे	nyave:3
न्यास	nyas:3
न्याहाळत	nyahalat:3
न्याहाळता	nyahalta:2	nyahalata:1
न्युज	news:3	nyuj:1
न्यूज	news:3	nyooj:1
न्यूजपेपर	newspaper:3	nyoojapepar:1
न्यूझीलंड	newzealand:2	nyoozeeland:1
न्यूटन	newton:3	nyutan:1	nyuton:1
न्यूटनचा	newtoncha:3
न्यूटनचे	newtonche:3
न्यूटनच्या	newtonchya:3
न्यूटनने	newtonne:2	newtonane:1
न्यूयॉर्क	newyork:3
न्यूयॉर्कमधल्या	newyorkmadhalya:2	newyorkmadhlya:1	newyorkmadlyaa:1
पँथर	panther:2	panthar:1
पँथर्स	panthers:3	panthars:1
पंकज	pankaj:4	pankaz:1	panqaj:1
पंकजा	pankaja:3	pankjaa:1
पंक्तीत	panktit:3	pankteet:2
पंख	pankha:2	pankh:3
पंखा	pankha:3
पंखांचा	pankhancha:3
पंखांची	pankhanchi:3	pankhananchi:1
पंखांच्या	pankhanchya:3
पंखांवर	pankhanvar:2	pankhananvar:1
पंखाच्या	pankhachya:3
पंखावर	pankhavar:3	pankhawar:1
पंखे	pankhe:3
पंगतीत	pangatit:2	pangateet:1	pangtit:1
पंच	panch:3	punch:1
पंचक	panchak:3
पंचकुला	panchakula:1	panchaqula:1	panchkula:1	panchqula:1
पंचक्रोशीत	panchkroshit:2	panchakrosheet:1	panchakroshit:1	punchkroshit:1
पंचगंगा	panchganga:3	panchaganga:1	panchgangaa:1
पंचगव्य	panchgavy:3	panchagavya:1	panchagawya:1	panchgavya:1
पंचतारांकित	panchtarankit:3	panchatarankeet:1	panchatarankit:1	punchtarankit:1
पंचम	pancham:3
पंचमहाभूते	panchmahabhute:3
पंचमी	panchami:2	panchmi:1
पंचवटी	panchvati:3	panchawati:1
पंचवार्षिक	panchvarshik:3
पंचवीस	panchvis:2	panchavis:1	panchwis:1
पंचशील	panchsheel:2	panchshil:2	panchashil:1
पंचांग	panchang:2	panchanang:1
पंचांगात	panchangat:2	panchanagat:1
पंचांगातील	panchangatil:2	panchanagatil:1
पंचांगानुसार	panchanganusar:3
पंचांची	panchanchi:2	panchananchi:1
पंचांना	panchanna:2	panchananna:1
पंचानन	panchanan:3
पंचायत	panchayat:4	panchayata:1	panchayet:1	panchayeta:1
पंचायतन	panchayatan:2	panchaytan:1
पंचायतराज	panchayataraj:1	panchayatraj:1	panchyatraj:1
पंचायतीचे	panchayateeche:1	panchayatiche:1	panchaytiche:1
पंचावन्न	panchavann:3
पंचोपचार	panchopachar:2	panchopchaar:1
पंजात	panjat:2	panjaat:1
पंजाब	punjab:3	panjab:3	panjaab:1	panjaba:1
पंजाबचा	panjaabcha:1	panjabacha:1	panjabcha:1	punjabcha:1
पंजाबच्या	panjabchya:2	panjabachya:1	punjabchya:1
पंजाबपर्यंत	panjabparyant:2	panjabaparyant:1	punjabparyant:1
पंजाबमधील	panjabamadheel:1	panjabmadheel:1	panjabmadhil:1	punjabmadheel:1
पंजाबमध्ये	panjabamadhye:1	panjabmadhye:1	punjabmadhe:1
पंजाबराव	panjabaro:1	panjabrav:1	punjabrao:1	punjabrav:1
पंजाबी	punjabi:3	panjabee:2	panjabi:2	punjabee:2
पंडित	pandit:5	pandeet:1	pandiit:1	pandita:1
पंडितअण्णा	panditanna:2	panditaanna:1
पंडितजी	panditji:2	panditajee:1
पंडितराव	panditrav:2	panditrao:1
पंडिता	pandita:3
पंडिती	panditi:2	panditee:1
पंडुरोग	pandurog:3
पंढरपुरास	pandarpuras:1	pandharapuras:1	pandharpuras:1
पंढरपूर	pandharpur:2	pandarpur:1
पंढरपूरचा	pandarpurcha:1	pandharapooracha:1	pandharpurcha:1
पंढरपूरच्या	pandarpurchya:1	pandharapoorachya:1	pandharpurchya:1
पंढरपूरला	pandarpurla:1	pandharapoorala:1	pandharpurla:1
पंढरी	pandari:1	pandharee:1	pandhri:1
पंढरीचा	pandaricha:1	pandhareecha:1	pandhricha:1
पंढरीनाथ	pandharinath:1	pandhrinath:1	pandrinath:1
पंत	pant:3
पंतप्रधान	pantapradhan:5	pantpradhan:3
पंतप्रधानच	pantpradhanach:3	pantpradhanch:1
पंतप्रधानपद	pantpradhanpad:3
पंतप्रधानपदावर	pantpradhanpadavar:3
पंतप्रधानपदी	pantpradhanpadi:3	pantpradhanpadee:1
पंतप्रधानांचा	pantpradhanancha:3	pantpradhananchaa:1
पंतप्रधानांच्या	pantpradhananchya:3	pantpradhananchyaa:1
पंतप्रधानांना	pantpradhananna:3	pantpradhanannaa:1
पंतप्रधानाला	pantpradhanala:3	pantpradhanalaa:1
पंतांनी	pantanni:2	pantananni:1	pantani:1	pantannee:1
पंथ	panth:3
पंथांच्या	panthanchya:2	panthaanchya:1	panthanchyaa:1
पंथाचा	panthacha:3	panthachaa:1
पंथाची	panthachi:3	panthachee:1
पंथाचे	panthache:3
पंथाच्या	panthachya:3	panthachyaa:1
पंथात	panthat:3
पंथातील	panthatil:3	panthateel:1	pantheetil:1
पंथीय	panthiy:2	pantheey:1
पंधरा	padhra:1	pandhara:1	pandhra:1
पंधरावी	pandharavi:2	pandhravi:2	pandharavee:1
पंधराव्या	pandharavya:2	pandhravya:2
पंप	pump:4	pamp:1	pampa:1
पकड	pakad:3	pakadan:1
पकडण्याचा	pakadnyacha:2	pakadanyacha:1
पकडण्यात	pakadnyat:2	pakadanyat:1
पकडण्यासाठी	pakadnyasathi:2	pakadanyasathee:1
पकडत	pakdat:2	pakadat:1
पकडतात	pakadatat:2	pakadtat:1	pakdatat:1
पकडला	pakadala:2	pakdala:2
पकडली	pakdali:2	pakadali:1
पकडले	pakadale:2	pakdale:2
पकडलेले	pakadlele:2	pakdalele:1
पकडायची	pakdaychi:2	pakadayachi:1	pakdayachi:1
पकडून	pakadun:2	pakadoon:1	pakdoon:1	pakdun:1
पक्का	pakka:3
पक्की	pakki:2	pakkee:1
पक्के	pakke:3
पक्क्या	pakkya:3
पक्व	pakka:1	pakva:1	pakwa:1
पक्ष	paksha:6	paksh:2
पक्षनेतेपदी	pakshanetepadee:1	pakshanetepadi:1	pakshnetepadi:1
पक्षप्रमुख	pakshapramukh:2	pakshpramukh:1
पक्षांची	pakshanchi:2	pakshanchee:1
पक्षांच्या	pakshanchya:3
पक्षांना	pakshanna:3
पक्षांनी	pakshanni:2	pakshannee:1
पक्षाकडून	pakshakadun:2	pakshakadoon:1
पक्षाघात	pakshaghat:3
पक्षाघाताचा	pakshaghatacha:3
पक्षाचा	pakshacha:3
पक्षाची	paksachi:1	pakshachee:1	pakshachi:1
पक्षाचे	pakshache:3
पक्षाच्या	pakshachya:3
पक्षात	pakshat:3
पक्षातर्फे	pakshatarfe:3
पक्षातील	pakshatil:2	pakshateel:1
पक्षातून	pakshatun:2	pakshatoon:1
पक्षाने	pakshane:3
पक्षामध्ये	pakshamadhye:3
पक्षाला	pakshala:3
पक्षाविरुद्ध	pakshaviruddha:2	pakshavirudha:1
पक्षाशी	pakshashi:2	pakshashee:1
पक्षी	pakshi:2	pakshee:1
पक्षीय	pakshiy:2	paksheey:1
पक्ष्यांचा	pakshyancha:2	pakshancha:1
पक्ष्यांची	pakshanchi:1	pakshyanchee:1	pakshyanchi:1
पक्ष्यांचे	pakshyanche:3
पक्ष्यांच्या	pakshyanchya:3
पक्ष्यांना	pakshyanna:3
पक्ष्याचा	pakshyacha:3
पक्ष्याची	pakshyachi:2	pakshyachee:1
पक्ष्याचे	pakshyache:3
पक्ष्याला	pakshyala:3
पगडा	pagada:2	pagda:1
पगडी	pagadee:1	pagadi:1	pagdi:1
पगार	pagar:3
पगारी	pagari:2	pagaree:1
पचते	pachate:2	pachte:1
पचन	pachan:3
पचनक्रिया	pachankriya:2	pachanakriya:1
पचनसंस्था	pachansanstha:2	pachanasanstha:1
पचनास	pachanas:2	pachnas:1
पचायला	pachayla:2	pachayala:1
पट	put:2	pat:4
पटकथा	patakatha:1	pataktha:1	patkatha:1
पटकथाकार	patakathakar:1	patakthakar:1	patkathakar:1
पटकन	patakan:2	patkan:1
पटकावला	patakavala:1	patkaavla:1	patkavla:1
पटकावले	patkavale:2	patakavale:1
पटकी	patakee:1	pataki:1	patki:1
पटणा	patna:2	patana:1
पटत	patat:3
पटते	patate:3
पटनायक	patnayak:2	patanayak:1
पटली	patalee:1	patali:1	patli:1
पटले	patale:2	patle:1
पटलेली	patalelee:1	pataleli:1	patleli:1
पटलेले	patalele:2	patlele:1
पटवर्धन	patavardhan:2	patvardhan:1
पटवून	patavoon:1	patavun:1	patvun:1
पटांगण	patangan:3
पटांगणात	patanganat:3
पटाईत	patait:3
पटींनी	patinni:2	pateennee:1
पटीने	patine:2	pateene:1
पटू	patu:2	patoo:1
पटेल	patel:4	pateel:1	pateela:1	patela:1
पटेलांचे	patelanche:3
पटेलांच्या	patelanchya:3
पट्टशिष्य	pattashishya:1	pattshishy:1	pattshishya:1
पट्टा	patta:3
पट्टी	patti:2	pattee:1
पट्टे	patte:3
पट्टेरी	patteri:2	patteree:1
पट्ट्या	pattya:4	pattyaa:1
पट्ट्याच्या	pattyachya:3
पट्ट्यात	pattyat:4
पट्ट्यातील	pattyatil:4	pattyateel:2
पठण	pathan:3
पठाण	pathan:3
पठाणकोट	pathankot:2	pathanakot:1
पठार	pathar:3
पठाराचा	patharacha:3
पठाराची	patharachi:2	patharachee:1
पठाराच्या	patharachya:3
पठाराला	patharala:3
पठारावर	patharavar:3
पठारावरील	patharavaril:2	patharavareel:1
पठारी	pathari:2	patharee:1
पठारे	pathare:3
पठ्ठे	paththe:2	patthe:1
पडक्या	padakya:2	padkya:1
पडघम	padgham:2	padagham:1
पडझड	padjhad:2	padazad:1	padzad:1
पडणार	padnar:2	padanar:1
पडणारा	padnara:2	padanara:1
पडणारी	padnari:2	padanaree:1
पडणारे	padnare:2	padanare:1
पडणार्‍या	padnarya:2	padanarya:1
पडणाऱ्या	padnarya:2	padanarya:1
पडणे	padne:2	padane:1
पडत	padat:3
पडता	padta:3	padata:2
पडताच	padtach:2	padatach:1
पडतात	padatat:3	padtat:2
पडताना	padtana:2	padatana:1
पडताळून	padtalun:2	padataloon:1
पडतील	padtil:2	padateel:1
पडते	padate:2	padte:3
पडतेच	padtech:2	padatech:1
पडतो	padato:4	padto:2
पडदा	padada:3
पडद्यामागे	padadyamage:1	paddhamage:1	paddyamage:1
पडद्यावर	padadyavar:1	paddhavar:1	paddyavar:1
पडला	padla:2	padala:1
पडली	padli:3	padalee:1
पडले	padale:5	padle:3
पडलेला	padlela:2	padalela:1
पडलेली	padleli:2	padaleli:1
पडलेले	padlele:2	padalele:1
पडलेल्या	padlelya:2	padalelya:1
पडलो	padlo:2	padalo:1
पडल्यानंतर	padlyanantar:2	padalyanantar:1
पडल्याने	padlyane:2	padalyane:1
पडल्यावर	padlyavar:2	padalyavar:1
पडल्यास	padlyas:2	padalyas:1
पडवळ	padval:3
पडसाद	padsad:2	padasad:1
पडायला	padayla:2	padayala:1
पडीत	padit:3
पडुन	padun:3
पडू	padu:3	padoo:1
पडून	padun:3	padoon:1
पडे	pade:3
पडेल	padel:3
पण	pan:3
पणजी	panaji:2	panji:1
पणजोबा	panajoba:2	panjoba:1
पणतू	panatu:2	panatoo:1	pantu:1
पणन	panan:3
पणशीकर	panashikar:2	panshikar:1
पणाच्या	panachya:3
पणाला	panala:3
पतंग	patang:3
पतंगे	patange:3
पतंजली	patanjali:3
पतन	patan:3
पतपेढी	patapedhi:1	patpedhi:1	patpedi:1
पतसंस्था	patsanstha:2	patasanstha:1
पताका	pataka:3
पतितपावन	patitpavan:3	patitpawan:1
पतियाळा	patiyala:3
पतिव्रता	pativrata:2	pativarta:1
पती	pati:3
पतीचा	paticha:3
पतीचे	patiche:3
पतीच्या	patichya:3
पतीसोबत	patisobat:3
पत्करणे	patkarne:3
पत्करला	patkarla:2	patkarala:1
पत्करली	patkarali:2	patkarli:1
पत्करले	patkarale:2	patkarle:1
पत्करावा	patkarava:3
पत्करून	patkarun:3
पत्की	patki:3
पत्ता	patta:3	patt:1
पत्ते	patte:3
पत्थर	patthar:3
पत्नी	patni:3
पत्नीकडून	patnikadun:3	patnikadoon:1
पत्नीची	patnichi:3
पत्नीचे	patniche:3
पत्नीच्या	patnichya:3
पत्नीपासून	patnipasun:3	patnipasoon:1
पत्नीला	patnila:3
पत्र	patra:3
पत्रकार	patrakar:3
पत्रकारही	patrakarahi:2	patrkarahi:1
पत्रकारांचा	patrakarancha:2	patrkarancha:1
पत्रकारांनी	patrakaranni:2	patrkaranni:1
पत्रकारांशी	patrakaranshi:2	patrkaranshi:1
पत्रकाराने	patrakarane:2	patrkarane:1
पत्रकाराला	patrakarala:2	patrkarala:1
पत्रकारिता	patrakarita:2	patrkarita:1
पत्रकारितेचे	patrakariteche:2	patrkariteche:1
पत्रकारितेच्या	patrakaritechya:2	patrkaritechya:1
पत्रकारितेत	patrakaritet:2	patrkaritet:1
पत्रव्यवहार	patravyavahar:2	patrvyavhar:1
पत्रांत	patrant:3
पत्राचे	patrache:3
पत्राच्या	patrachya:3
पत्रात	patrat:3
पत्रातील	patratil:3
पत्रावळी	patravali:3
पत्रिका	patrika:3
पत्रिकेच्या	patrikechya:3
पत्रिकेत	patriket:3
पत्रिकेतील	patriketil:3
पत्री	patri:3
पत्रे	patre:3
पत्र्याचे	patryache:3
पत्र्याच्या	patryachya:3
पत्र्याने	patryane:3
पथक	pathak:3
पथकांना	pathakanna:2	pathkanna:1
पथकाला	pathakala:2	pathkala:1
पथके	pathake:3
पथनाट्य	pathanatya:2	pathnatya:1
पथनाट्ये	pathanatye:1	pathnatya:1	pathnatye:1
पथारी	pathari:2	patharee:1
पथावर	pathavar:3
पथ्यकर	pathyakar:2	patyakar:1
पद	pada:2	pad:3
पदक	padak:3
पदके	padake:3
पदग्रहण	padgrahan:2	padagrahan:1
पदच्युत	padachyut:2	padchyut:1
पदभार	padbhar:2	padabhar:1
पदभ्रमण	padbhraman:3
पदर	padar:3
पदरमोड	padarmod:3
पदरी	padari:2	padaree:1	padri:1
पदविका	padvika:2	padavika:2
पदवी	padavi:8	padavee:1	padwi:1
पदवीचा	padavicha:2	padaveecha:1
पदवीचे	padaveeche:1	padaviche:1	padviche:1
पदवीधर	padaveedhar:1	padavidhar:1	padvidhar:1
पदव्या	padavya:2	padvya:1
पदव्युत्तर	padvyuttar:2	padavyuttar:1
पदव्यूत्तर	padavyoottar:2	padavyuttar:1	padvyuttar:1
पदस्पर्श	padasparsh:2	padsparsh:1
पदांची	padanchi:2	padanchee:1
पदांवर	padanvar:3
पदाचा	padacha:3
पदाची	padachi:2	padachee:1
पदाधिकारी	padadhikari:3	padadheekari:1
पदापासून	padapasun:3	padapasoon:1
पदार्थ	padartha:8	padarth:2
पदार्थविज्ञान	padarthavidhnyan:1	padarthvidnyan:1	padarthvigyan:1
पदार्थांचा	padarthancha:2	padarthacha:1
पदार्थांची	padarthanchi:2	padarthachi:1
पदार्थांचे	padarthanche:2	padarthache:1
पदार्थांच्या	padarthanchya:3
पदार्थांत	padarthant:2	padarthat:1
पदार्थाचा	padarthacha:3
पदार्थाची	padarthachi:3
पदार्थाचे	padarthache:3
पदार्थाच्या	padarthachya:3
पदार्थात	padarthat:3
पदार्पण	padarpan:3
पदार्पणातच	padarpanatach:3
पदावर	padavar:3
पदावरुन	padavarun:3
पदावरून	padavaroon:3	padavarun:2
पदुकोन	padukon:3
पदे	pade:3
पदेही	padehi:2	padehee:1
पदोन्नती	padonnatee:1	padonnati:1	padonnti:1
पद्धत	paddhat:3
पद्धतशीर	paddhatshir:2	paddhatasheer:1
पद्धति	paddhati:2	paddhatee:1	paddhti:1
पद्धती	paddhatee:1	paddhati:1	paddhti:1
पद्धतींचा	paddhateencha:1	paddhatincha:1	paddhtincha:1
पद्धतींची	paddhateenchee:1	paddhatinchi:1	paddhtinchi:1
पद्धतींचे	paddhateenche:1	paddhatinche:1	paddhtinche:1
पद्धतींच्या	paddhateenchya:1	paddhatinchya:1	paddhtinchya:1
पद्धतींमध्ये	paddhateenmadhye:1	paddhatimadhye:1	paddhtimadhye:1
पद्धतीकडे	paddhateekade:1	paddhatikade:1	paddhtikade:1
पद्धतीचा	paddhateecha:1	paddhaticha:1	paddhticha:1
पद्धतीची	paddhateechee:1	paddhatichi:1	paddhtichi:1
पद्धतीचे	paddhateeche:1	paddhatiche:1	paddhtiche:1
पद्धतीच्या	paddhateechya:1	paddhatichya:1	paddhtichya:1
पद्धतीत	paddhateet:1	paddhatit:1	paddhtit:1
पद्धतीतही	paddhateetahee:1	paddhatitahi:1	paddhtithi:1
पद्धतीतील	paddhateeteel:1	paddhatitil:1	paddhtital:1
पद्धतीनुसार	paddhateenusar:1	paddhatinusar:1	paddhtinusar:1
पद्धतीने	padhatine:5	paddhtine:2	paddhateene:1	paddhatine:1
पद्धतीपेक्षा	paddhateepeksha:1	paddhatipeksha:1	paddhtipeksha:1
पद्धतीप्रमाणे	paddhateepramane:1	paddhatipramane:1	paddhtipramane:1
पद्धतीबद्दल	paddhateebaddal:1	paddhatibaddal:1	paddhtibadhal:1
पद्धतीबाबत	paddhateebabat:1	paddhatibabat:1	paddhtibabat:1
पद्धतीमध्ये	paddhateemadhye:1	paddhatimadhye:1	paddhtimadhey:1
पद्धतीमुळे	paddhateemule:1	paddhatimule:1	paddhtimule:1
पद्धतीला	paddhateela:1	paddhatila:1	paddhtila:1
पद्धतीवर	paddhateevar:1	paddhativar:1	paddhtivar:1
पद्धतीस	paddhatees:1	paddhatis:1	paddhtis:1
पद्म	padm:1	padma:1	padya:1
पद्मगंधा	padmagandha:1	padmgandha:1	padyagandha:1
पद्मजा	padmaja:2	padhyaja:1
पद्मनाभ	padmanam:1	padmnabh:1	padyanabh:1
पद्मपाणी	padmapani:3
पद्मपुराण	padmapuran:2	padmpuran:1
पद्मभूषण	padmabhushan:2	padmbhushan:1
पद्मविभूषण	padmavibhushan:2	padmvibhushan:1
पद्मशाली	padmashaleee:1	padmashali:1	padmshali:1
पद्मश्री	padmashri:2	padmashree:2	padmishree:1
पद्मा	padma:4	padmaa:1	padmma:1
पद्माकर	padmakar:3
पद्मावती	padmavati:2	padmavatee:1
पद्मासनात	padmasanat:3
पद्मिनी	padmini:2	padminee:1
पद्य	padya:3
पध्दती	paddhati:2	paddhatee:1
पध्दतींचा	paddhatincha:2	paddhateencha:1
पध्दतीचा	paddhaticha:2	paddhateecha:1
पध्दतीची	paddhatichi:2	paddhateechee:1
पध्दतीचे	paddhatiche:2	paddhateeche:1
पध्दतीच्या	paddhatichya:2	paddhateechya:1
पध्दतीने	paddhatine:2	paddhateene:1
पध्दतीमध्ये	paddhatimadhye:2	paddhateemadhye:1
पनवेल	panvel:3
पनामा	panama:4	paanma:1	panaamaa:1	panamaa:1
पनीर	paneer:3
पन्ना	panna:3
पन्नाशीच्या	pannashichya:2	pannasheechya:1
पन्नास	pannas:3
पन्हाळगड	panhalgad:3
पन्हाळगडावर	panhalgadavar:2	panhalagadavar:1
पन्हाळा	panhala:3
पन्हाळे	panhale:3
पपई	papai:4	papaya:1	pape:1
पप्पी	pappi:3	puppy:3	pappii:1	puppi:1
पप्पू	pappu:3
पब्लिक	public:4	pablik:1	pabliq:1	publik:1
पब्लिकेशन्स	publications:2	publication:1
पर	par:3
परंडा	paranda:3
परंतु	parantu:3
परंतू	parantu:3	parantoo:2
परंपरा	parampara:2	paranpara:1
परंपरांचा	paramparancha:2	paranparancha:1
परंपरांची	paramparanchi:2	paranparanchi:1
परंपरांचे	paramparanche:2	paranparanche:1
परंपरांच्या	paramparanchya:2	paranparanchya:1
परंपरागत	paramparagat:2	paranparagat:1
परंपराही	paramparahi:2	paranparahi:1
परंपरेचा	paramparecha:2	paranparecha:1
परंपरेचे	parampareche:2	paranpareche:1
परंपरेच्या	paramparechya:2	paranparechya:1
परंपरेत	paramparet:2	paranparet:1
परंपरेतील	paramparetil:2	paranparetil:1
परंपरेनुसार	paramparenusar:2	paranparenusar:1
परंपरेने	paramparene:2	paranparene:1
परंपरेप्रमाणे	paramparepramane:1	paramparrpramane:1	paranparepramane:1
परंपरेला	paramparela:2	paranparela:1
परका	parka:3
परकीय	parakiy:2	parkiy:2	parakiya:1
परक्या	parkya:2	parakya:1
परखड	parkhad:3
परगण्यातील	paraganyateel:1	paraganyatil:1	parganyatil:1
परचुरे	parachure:2	parchure:1
परजीवी	parajeevee:1	parajivi:1	parjivi:1
परत	parat:3
परतणार	paratanar:3
परतफेड	paratfed:2	paratafed:1
परतला	paratala:3
परतले	paratale:3
परतलेले	paratalele:2	paratlele:1
परतल्यानंतर	paratalyanantar:1	paratalyanatar:1	partalyanantar:1
परतल्यावर	paratalyavar:2	partalyavar:1
परतवून	paratavaoon:1	paratavoon:1	paratavun:1	paratvoon:1
परतावा	paratava:2	partava:1
परतावून	paratavoon:3	paratavun:2
परतून	paratoon:2	paratun:1	partoon:1
परतूर	partoor:2	paratoor:1	partur:1
परदेश	pardesh:2	paradesh:1
परदेशात	pardeshat:2	paradeshat:1
परदेशातील	pardeshatil:2	paradeshateel:1
परदेशी	pardeshi:2	paradeshee:1
परफेक्ट	parafekt:1	parapheekt:1	paraphekt:1	parapheqt:1
परब	parab:3
परभणी	parbhani:2	parabhanee:1
परभणीत	parbhanit:2	parabhaneet:1
परभणीला	parbhanila:2	parabhaneela:1
परम	param:4	parama:1
परममित्र	parammitra:2	paramamitra:1
परमवीर	paramaveer:1	paramveer:1	paramvir:1
परमहंस	paramhans:2	paramahans:1
परमाणु	parmanu:2	paramanu:1
परमात्मा	paramatma:2	parmatma:1
परमात्म्याच्या	paramatmyachya:2	parmatmyachya:1
परमानंद	parmanand:2	paramanand:1
परमार	paramar:2	parmar:1
परमार्थ	paramarath:1	paramarth:1	parmarth:1
परमार्थाची	paramaratyachee:1	paramarthachee:1	parmarthachi:1
परमार्थाचे	paramarathartyache:1	paramarthache:1	parmarthache:1
परमार्थाला	paramarathyala:1	paramarthala:1	parmarthala:1
परमेश्वर	parameshvar:2	parmeshwar:1
परमेश्वराने	parameshvarane:2	parmeshwarane:1
परराष्ट्र	pararashatra:1	pararashtra:1	parrashtra:1
परराष्ट्रमंत्री	pararashatramantree:1	pararashtramantri:1	parrashtramantri:1
परळ	paral:3
परळी	parali:3	paralee:1	parli:1
परवडेल	paravadel:2	parvadle:1
परवानगी	parvangi:4	paravanagee:1	paravangi:1
परवानगीनेच	paravanageenech:1	paravanginech:1	parvanginech:1
परवानगीशिवाय	paravanageeshivay:1	paravangishivay:1	parvangishivay:1
परवाना	paravana:2	parvana:1
परवान्याची	paravanyachee:1	parvaanyachi:1	parvanyachi:1
परवीन	paraveen:1	parveen:1	parvin:1	parwin:1
परवेझ	parvez:2	paravez:1	parvejh:1	parwez:1
परशुराम	parshuram:2	parashuram:1	parshooram:1
परशुरामभाऊ	parashuramabhau:1	parshuramabhau:1	parshurambhau:1
परशुरामाने	parashuramane:1	parshuramaane:1	parshuramane:1
परशू	parshu:2	parashoo:1	parshoo:1
परस	paras:3
परस्पर	paraspar:2	parasapar:1	parspar:1
परस्परांचा	parasparancha:2	paransparancha:1
परस्परांच्या	parasparanchya:3
परस्परांना	parasparanna:2	parasparanana:1
परस्परांशी	parasparanshi:2	paraspranshee:1
परस्परावलंबी	parasparavalambee:1	parasparavalambi:1	parasparavlambi:1
परा	para:3
परांजपे	paranjape:2	paranajape:1
पराक्रम	parakram:2	parakaram:1
पराक्रमाची	parakramachi:2	parakramachee:1
पराक्रमाचे	parakramache:3
पराक्रमी	parakrami:2	parakaramee:1
परागंदा	paraganda:1	paragnada:1	parangada:1
पराडकर	paradkar:2	paraadkar:1	paradakar:1
पराभव	parabhav:2	parabav:1	parabhaw:1
पराभवाचा	parabhavacha:3	parabhawacha:1
पराभवाच्या	parabhavachya:3	parabhawachya:1
पराभवानंतर	parabhavanantar:2	parabhavanatar:1
पराभवाने	parabhavane:3	parabhawane:1
पराभवामुळे	parabhavamule:2	parabhavamude:1	parabhawamule:1
पराभवाला	parabhavala:3	parabhawala:1
पराभूत	parabhoot:3	parabhut:2
परामर्श	paramarsh:2	paramarash:1
परावर्तित	paravartit:2	paravaratit:1
परावर्तीत	paravartit:2	paravarateet:1
परावलंबी	paravalambi:1	paravalyambee:1	paravlambee:1	paravlambi:1
परावृत्त	paravrutt:2	paravarutay:1
पराशर	parashar:3
परिकल्पना	parikalpana:3	parikalapana:1
परिक्रमा	parikrama:2	parikarama:1
परिक्रमेत	parikramet:2	parikarameyet:1
परिक्रमेला	parikramela:2	parikaramela:1
परिक्षण	parikshan:2	parikashan:1
परिक्षणासाठी	parikashanasadhee:1	parikshanasathee:1	parikshnasaathi:1
परिक्षेत	parikshet:2	parikashet:1
परिघात	parighat:3
परिचय	parichay:3
परिचयाचा	parichayacha:3
परिचयाचे	parichayache:3
परिचित	parichit:3	paricheet:1
परिच्छेद	paricched:1	parichcheda:1	parichchhed:1	parichhed:1
परिणती	parinatee:2	parinati:2
परिणाम	parinam:3
परिणामकारक	parinamkarak:2	parinamakarak:1
परिणामकारकरित्या	parinamakarakaritya:1	parinamkarakaritya:1	parinamkarakritya:1	parinamkarkaritya:1
परिणामस्वरूप	parinamswarup:2	parinamaswaroop:1	parinamsvarup:1	parinamswaroop:1
परिणामांचे	parinamanche:3
परिणामी	parinamee:2	parinami:2
परिणीती	pariniti:2	parineetee:1	parinitee:1
परिधान	paridhan:3
परिनिरीक्षण	parinirikshan:2	parinireekshan:1
परिपक्व	paripakva:2	paripakv:1	paripakwa:1
परिपत्रक	paripatrak:3
परिपूर्ण	paripoorn:1	paripoorna:1	paripuranya:1	paripurn:1
परिपोष	pariposh:2	pareetosh:1	paritosh:1
परिभाषा	paribhasha:3
परिभ्रमण	paribharayaman:1	paribhraman:1	paribraman:1
परिमाण	pariman:2	parinam:1
परियोजना	pariyojana:3	pariyojna:2
परिवर्तन	parivartan:2	parivaraytan:1
परिवर्तनाचा	parivaraytanacha:1	parivartanacha:1	parivartnacha:1
परिवर्तनाची	parivaraytanachee:1	parivartanachee:1	parivartanachi:1	parivartnachi:1
परिवलन	parivalan:3
परिवहन	parivahan:3
परिवार	parivar:3	pariwar:1
परिवाराची	parivarachi:3	pariwarachi:2
परिवाराच्या	parivarachya:3	pariwarachya:1
परिवारात	parivarat:3	parivaarat:1	pariwaraat:1
परिवारातर्फे	parivaratarfe:3	pariwaratarfe:1	pariwaratarphe:1
परिवारातील	parivaratil:2	parivaarateel:1	pariwarateel:1
परिवारासह	parivarasah:3	pariwarasah:1
परिव्राजक	parivrajak:3
परिशीलन	parishilan:2	parisheelan:1
परिश्रम	parishram:3
परिषद	parishad:3
परिषदा	parishada:3
परिषदांचे	parishadanche:3
परिषदांना	parishadanna:2	parishadana:1
परिषदांमध्ये	parishadanmadhye:2	parishadanmaddhe:1
परिषदेकडून	parishadekadun:2	parishadekadoon:1
परिषदेचा	parishadecha:3
परिषदेची	parishadechi:3	parishadechee:1
परिषदेचे	parishadeche:3
परिषदेच्या	parishadechya:2	parishadecha:1
परिषदेत	parishadet:3
परिषदेतर्फे	parishadetarfe:3	parishadetarphe:1
परिषदेने	parishadene:3
परिषदेला	parishadela:3
परिस	paris:3	parees:1
परिसंवाद	parisanvad:3
परिसंवादाच्या	parisanvadachya:3
परिसंवादामध्ये	parisanvadamadhye:2	parishadanmaddhe:1
परिसर	parisar:3
परिसराचा	parisaracha:3
परिसराचे	parisarache:3
परिसरात	parisarat:3
परिसरातही	parisaratahi:2	parisarathi:1
परिसरातील	parisaratil:3	parisarateel:1
परिसरातून	parisaratoon:2	parisaratun:2
परिसरामध्ये	parisaramadhye:2	parisaramaddhe:1
परिसराला	parisarala:3
परिसीमा	pariseema:3	parisima:2
परिस्थिति	paristhiti:3
परिस्थिती	paristithi:2	paristhiti:2	paristhitee:1
परिस्थितीचा	paristhiticha:2	parishthiticha:1	paristhiteecha:1
परिस्थितीचे	paristhitiche:3	paristhiteeche:1
परिस्थितीत	paristhitit:3	paristhiteet:1
परिस्थितीतील	paristhititil:2	paristhititeel:1
परिस्थितीतून	paristhititun:3	paristhiteetun:1
परिस्थितीमध्ये	parisathiteemadhaye:1	paristhiteemadhye:1	paristhitimaddhe:1
परिस्थितीमुळे	parisathiteemule:1	paristhitimude:1	paristhitimule:1
परिस्थितीवर	parisathiteevar:1	paristhiteevar:1	paristhiteewar:1	paristhitivar:1
परिस्थितीस	parisathitees:1	paristhitees:1	paristhitis:1
परिस्थितीसाठी	parisathiteesadhee:1	paristhiteesaathi:1	paristhitisathi:1
परिस्थितीही	parisathiteehee:1	paristhiteehi:1	paristhitihi:1
परी	paree:3	pari:2
परीक्षक	pareekshak:1	parikashayak:1	parikshak:1
परीक्षण	parikshan:3	pareekashan:1	pareekshan:1
परीक्षणे	pareekashane:1	pareekshane:1	parikshanane:1
परीक्षा	pariksha:3	pareeksha:1	parikasha:1
परीक्षांत	pareekashanayat:1	pareekshaant:1	parikshant:1
परीक्षांना	pareekshanna:1	parikashanana:1	parikshanana:1
परीक्षांमध्ये	parikashanamadhe:1	parikshanmaddhe:1	parikshanmadhe:1
परीक्षांसाठी	pareekshaansaathi:1	parikashayanasadhee:1	parikshansathi:1
परीक्षेच्या	parikshechya:3
परीक्षेत	parikshet:3
परीक्षेस	parikshes:3
परीट	parit:2	paritt:1
परीषद	parishad:2	pareeshad:1
परीस	paris:3	parees:1
परुळेकर	parulekar:2	parudekar:1
परेड	parade:2	pared:2
परेडचे	paredche:3	paredache:1
परेश	paresh:3
परोक्ष	paroksh:3	paroksha:1
पर्जन्य	parjanya:3
पर्जन्यमान	parjanyamaan:2	parjanyaman:2
पर्ण	parn:2	parna:2
पर्णकुटी	parnkutee:2	parnakutee:1	parnakuti:1	parnkuti:1
पर्यंत	paryant:3
पर्यंतचा	paryantcha:2	paryantacha:1	paryantchaa:1
पर्यंतची	paryantchi:2	paryantachee:1	paryantchee:1
पर्यंतच्या	paryantchya:2	paryantachya:1	paryantachyaa:1
पर्यटक	paryatak:3	parytak:1
पर्यटकांची	paryatakanchee:2	paryatakanchi:2
पर्यटकांचे	paryatakanche:3
पर्यटकांच्या	paryatakanchya:3	paryatakanchyaa:1
पर्यटकांना	paryatakanna:3	paryatakannaa:1
पर्यटकांमध्ये	paryatakanmadhye:2	paryatakanmadhe:1
पर्यटकांसाठी	paryatakansathee:2	paryatakansathi:2
पर्यटन	paryatan:3
पर्यटनस्थळ	paryatansthal:2	paryatanthad:1	paryatanthal:1
पर्यटनस्थळे	paryatansthade:1	paryatansthale:1	paryatansthle:1
पर्यटनाचा	paryatanacha:2	paryatancha:1
पर्यटनाचे	paryatanache:3
पर्यटनात	paryatanat:2	paryatanaat:1	paryatnaat:1
पर्यटनास	paryatanas:2	paryatanaas:1
पर्यटनासाठी	paryatanasathi:2	paryatanasaathi:1
पर्यवसान	paryavasan:2	parvasan:1	paryavasaan:1
पर्यवेक्षक	paryavekshak:3
पर्यवेक्षण	paryavekshan:2	paryavekshak:1
पर्याप्त	paryaay:1	paryapt:1	paryapta:1
पर्याय	paryay:3
पर्यायांचा	paryayancha:2	paryayaancha:1
पर्यायाने	paryayane:3
पर्यायी	paryayi:2	paryayee:1
पर्यावरण	paryavaran:3
पर्यावरणप्रेमी	paryavaranpremee:2	paryavaranpremi:2
पर्यावरणविषयक	paryavaranvishayak:3
पर्यावरणशास्त्र	paryavaranshastra:2	paryavaranshashtra:1
पर्यावरणस्नेही	paryavaransnehee:2	paryavaransnehi:1
पर्यावरणाचा	paryavaranacha:3
पर्यावरणाची	paryavaranachee:1	paryavaranachi:1	paryavarnachee:1
पर्यावरणाला	paryavaranala:3
पर्यावरणासाठी	paryavaranasathi:1	paryavarnasaathi:1	paryavarnasathi:1
पर्यावरणीय	paryavarniy:2	paryavaraniya:1
पर्ल	parl:2	pearl:2	perl:2	parla:1
पर्व	parv:2	parva:1
पर्वत	parvat:3
पर्वतरांग	parvatarang:1	parvatraang:1	parvatrang:1
पर्वतरांगा	parvatranga:2	parvataranga:1
पर्वतरांगांच्या	parvataranganchya:1	parvatraangaanchya:1	parvatranganchya:1
पर्वतरांगांमध्ये	parvataranganmadhye:1	parvatraangaanmadhye:1	parvatranganmadhye:1
पर्वतरांगेत	parvataranget:1	parvatraanget:1	parvatranget:1
पर्वतांची	parvataanchi:1	parvatanchi:1	parvtanchi:1
पर्वताचा	parvatacha:2	parvtacha:1
पर्वताचे	parvatache:2	parvtache:1
पर्वताच्या	parvataachya:1	parvatachya:1	parvtachya:1
पर्वतात	parvatat:2	parvtat:1
पर्वतातील	parvatateel:1	parvatatil:1	parvtatil:1
पर्वताला	parvatala:3	parvataala:1
पर्वतावर	parvatavar:3
पर्वती	parvati:2	parvti:1
पर्वतीय	parvatiya:2	parvtiy:1
पर्वा	parva:3
पर्वाची	parvachi:3	parvachee:1
पर्वाचे	parvache:2	parvachya:1
पर्वात	parvaat:1	parvala:1	parvat:1
पर्वामध्ये	parvamadhye:3
पर्वाला	parvala:3
पर्शियन	pershiyan:2	parshhiyan:1	parshhiyana:1	parshian:1
पर्सनल	parsanal:1	parsonal:1	pearsanal:1	pearsonal:1
पर्सी	percy:2	parcy:1	parsee:1	parsi:1
पलंग	palang:3
पलटण	paltan:2	palatan:1
पलायन	palayan:3
पलिकडे	palikade:3
पलीकडच्या	palikadchya:2	paleekadchya:1	palikadachya:1
पलीकडील	palikadil:3	paleekadeel:1
पलीकडे	palikade:3	paleekade:1
पल्प	pulp:4	palp:2	plp:1
पल्लव	pallav:3	pllav:1
पल्लवित	pallavit:3	pllavit:1
पल्लवी	pallavi:3	pallavee:2	palavee:1	palavi:1
पल्ला	palla:3	plla:1
पल्ल्याचे	pallyache:3
पल्ल्याच्या	pallyachya:3
पळ	pal:3
पळत	palat:3
पळती	palati:1	paltee:1	palti:1
पळवून	palavun:2	palavoon:1	palvoon:1
पळस	palas:3
पळून	palun:3	paloon:2
पवई	pavai:3	pawai:1
पवन	pavan:3	pvan:1
पवनकुमार	pavankumar:3
पवनचक्की	pavanchakki:3	pavanchakkee:1
पवना	pavna:2	pavana:1
पवनी	pavni:2	pavani:1	pavnee:1
पवार	pawar:4	pavar:4
पवारांचा	pawarancha:3	pawaranchaa:1
पवारांची	pawaranchee:2	pawaranchi:2
पवारांचे	pawaranche:3
पवारांच्या	pawaranchya:3	pawaranchyaa:1
पवारांना	pawaranna:3	pawarannaa:1
पवारांनी	pawarannee:2	pawaranni:2
पवित्र	pavitra:3
पशु	pashu:3
पशुपक्षी	pashupakshee:2	pashupakshi:2
पशुपालन	pashupalan:2	pashupaalan:1
पशुसंवर्धन	pashusanvardhan:2	pashusanwardhan:1	pashusavardhan:1
पशू	pashoo:3	pashu:3
पश्चात	paschaat:1	paschat:1	pashchyat:1
पश्चिम	paschim:2	pascheem:1	pashchim:1
पश्चिमात्य	pachsheematya:1	pachshimatya:1	paschimaty:1	pashchimaty:1
पश्चिमाभिमुख	paschimabhimukh:2	pascheemabheemukh:1	pashchimabhimukh:1
पश्चिमेकडील	paschimekadil:2	pascheemekadil:1	paschimekadeel:1	pashchimekadil:1
पश्चिमेकडून	paschimekadoon:2	pascheemekadoon:1	pascheemekadun:1	paschimekadun:1
पश्चिमेकडे	paschimekade:2	pascheemekade:1	pashchimekade:1
पश्चिमेच्या	paschimechya:2	pascheemechya:1	pashchimechya:1
पश्चिमेला	paschimela:2	pascheemela:1	pashchimecha:1
पश्चिमेस	paschimes:2	pascheemes:1	pashchimes:1
पसंत	pasant:3
पसंती	pasanti:3	pasantee:1
पसंद	pasand:3
पसरट	pasarat:2	pasrat:1
पसरणाऱ्या	pasaranarya:1	pasaranaryaa:1	pasarnarya:1	pasarnaryaa:1
पसरणी	pasarani:2	pasaranee:1	pasarni:1
पसरणे	pasarane:2	pasarne:1
पसरत	pasarat:3
पसरतात	pasartat:2	pasarataat:1	pasaratat:1
पसरते	pasarte:2	pasarate:2
पसरतो	pasarato:2	pasarto:1
पसरला	pasarala:2	pasarla:2	pasaralaa:1
पसरली	pasarli:2	pasarali:1	pasrlee:1
पसरले	pasarle:2	pasarale:1	pasrle:1
पसरलेला	pasarlela:3	pasrlela:1
पसरलेली	pasarleli:3	pasrlelee:1
पसरलेले	pasarlele:3	pasrlele:1
पसरलेल्या	pasarlelya:3	pasrlelya:1
पसरल्या	pasarlya:3	pasrlya:1
पसरवणे	pasarvane:2	pasravne:1
पसरविण्यासाठी	pasarvinyasathi:2	pasarveenyasathi:1	pasrvinyasaathi:1
पसरविले	pasarvile:2	pasarveele:1	pasravile:1	pasrvile:1
पसरून	pasaroon:2	pasarun:2	pasrun:1
पसायदान	pasaydan:3	pasaaydan:1	pasaydaan:1
पसारा	pasara:2	pasaara:1	pasaraa:1
पस्तीस	pastis:3	pastees:2
पहलवान	pahalvan:3	pahalwan:2	pahalvaan:1
पहा	paha:3
पहाट	pahat:3	pahaat:2
पहाटे	pahate:3	pahaate:2
पहाटेची	pahatechi:3	pahaatechi:1	pahatechee:1
पहाटेच्या	pahatechya:3	pahaatechya:1	pahatechyaa:1
पहाडी	pahadi:3	pahadee:1	pahari:1
पहाडे	pahade:3	pahaade:2
पहाणे	pahane:3	pahaane:2
पहाण्यास	pahanyas:3	pahaanyas:1
पहाण्यासाठी	pahanyasathi:3	pahaanyasathi:1	pahanyasathee:1
पहात	pahat:3	pahaat:1
पहाता	pahata:3	pahaat:1
पहातात	pahatat:3	pahaatat:1
पहायचा	pahayacha:2	pahaycha:2	pahaayacha:1	pahayachaa:1
पहायला	pahayala:2	pahayalaa:1	pahayla:1
पहावयास	pahavayas:2	phavayaas:1	phawayas:1
पहावी	pahavi:3	phavi:1	phawi:1
पहावे	pahave:2	phave:1	phawe:1
पहिला	pahila:2	pahilaa:1
पहिलाच	pahilach:2	pahilaach:1
पहिली	pahili:3	pahilee:1
पहिलीच	pahilich:2	pahileechi:1	pahilichi:1
पहिलीवहिली	pahilivahili:2	pahileevhilee:1
पहिले	pahile:3	phile:1
पहिलेच	pahilech:3
पहिल्या	pahilya:3
पहिल्यांदा	pahilyanda:2	pahilyaanda:1
पहिल्यांदाच	pahilyandach:2	pahilyaandach:1
पहिल्याच	pahilyach:3
पहिल्याचा	pahilyacha:2	pahilyachaa:1	philyachaa:1
पहिल्यापासूनच	pahilyapasunach:2	pahilyapasunch:1	philyaapasunch:1
पहीला	pahila:3	paheela:1
पा	pa:3	paa:1
पांच	panch:2	paanch:1
पांचवा	panchava:3
पांचाळ	panchal:2	paanchal:1
पांडव	pandav:3
पांडवप्रताप	pandavpratap:3
पांडवलेणी	pandavleni:2	pandavlenee:1
पांडवांच्या	pandavanchya:3
पांडवांना	pandavanna:3
पांडवांनी	pandawanni:2	pandavanni:2	pandavannee:1
पांडित्य	panditya:2	pandity:1
पांडुरंग	pandurang:3
पांडुरंगाला	pandurangala:3
पांडू	pandoo:3	pandu:3	pandaa:1	panduu:1
पांडूरंग	pandoorang:1	pandurang:1	panduranga:1
पांडे	pande:4	pandee:1
पांडेने	pandene:2	panden:1
पांड्य	paandy:1	pandy:1	pandya:1
पांढर	pandhar:3
पांढरकवडा	pandharkavada:2	pandharkavda:1
पांढरट	pandharat:3
पांढरा	pandhra:3	pandhara:3
पांढरी	pandhari:2	pandharee:1
पांढरे	paandhare:1	pandare:1	pandhare:1
पांढुरके	paandhurake:1	pandhurake:1	pandurake:1
पाउंड	pound:3	paaund:2	paund:2	paunda:1
पाउस	paaus:2	paus:1	pause:1
पाऊण	paun:2	paaun:1
पाऊल	paul:2	paaul:1
पाऊले	paule:3	paaule:2
पाऊस	paus:5	paaus:2
पाक	pak:4	paak:3	paaq:1	paka:1
पाककला	pakkala:2	paakakala:1
पाककृती	paakakrutee:1	pakkruti:1	pakruti:1
पाकळी	pakadi:1	pakali:1	pakdi:1	paklee:1
पाकळ्या	paakdhya:1	paaklya:1	pakalya:1	pakdhya:1
पाकळ्यांचा	pakalyancha:1	pakdyanna:1	paklyancha:1
पाकिस्तान	pakistan:2	pakisthan:2	paakeeshtan:1	paakeestan:1
पाकिस्तानकडून	pakistankadoon:1	pakistankadun:1	pakisthankadun:1
पाकिस्तानचा	pakistanacha:1	pakistanchya:1	pakisthancha:1
पाकिस्तानची	paakistanchee:1	pakistanchi:1	pakisthanchi:1
पाकिस्तानचे	pakisatanche:1	pakistanache:1	pakisthanche:1
पाकिस्तानच्या	pakistanchya:2	pakisthanchya:1
पाकिस्तानने	pakistanane:1	pakistanne:1	pakisthanane:1
पाकिस्तानबरोबर	pakistanbarobar:2	pakisthanbarobar:1
पाकिस्तानमधील	pakistanmadheel:1	pakistanmadhil:1	pakisthanmadhil:1
पाकिस्तानमध्ये	pakistanmadhye:2	pakisthanmaddhe:1
पाकिस्तानला	pakistanla:2	pakisthanla:1
पाकिस्तानवर	paakistanvar:1	pakistanvar:1	pakisthanvar:1	pakisthanwar:1
पाकिस्तानात	pakistanat:2	pakisthanat:1
पाकिस्तानातल्या	pakistanatalya:2	pakisthanatalya:1	pakisthantlya:1
पाकिस्तानातील	pakistanateel:1	pakistanatil:1	pakisthanatil:1
पाकिस्तानातून	pakistanatoon:1	pakistanatun:1	pakisthantun:1
पाकिस्तानी	pakistani:2	pakeestani:1	pakeestanii:1	pakeystani:1
पाकोळी	pakoli:2	paakolee:1	pakodi:1
पाक्षिक	pakshik:2	paakshik:1
पाखरा	pakhra:2	paakhara:1
पाखरू	pakharoo:3	pakhru:2	pakharu:1	pakhroo:1
पागा	paga:2	pagaa:1
पागोटे	pagote:3
पाच	pach:3	paach:1	panch:1
पाचक	pachak:3
पाचगणी	paachganee:1	pachgani:1	panchgani:1
पाचवा	pachva:2	pachava:1	pachwa:1
पाचवी	pachavi:2	pachavee:1	pachvi:1
पाचवीत	pachaveet:1	pachavit:1	pachvit:1
पाचवे	pachave:2	pachve:1
पाचव्या	paachavya:1	pachavya:1	pachvya:1
पाचशे	pachshe:2	paachashe:1
पाचसहा	pachsaha:2	pachsha:1
पाचही	pachahi:2	pachahee:1	pachhi:1
पाचू	pachoo:2	pachu:2
पाजण्याचा	pajnyacha:2	pajanyacha:1
पाजण्यात	pajanyat:2	pajnyaat:1	pajnyat:1
पाजावे	pajave:3	pajawe:1
पाझर	pajhar:3
पाट	pat:3	paat:1
पाटकर	patkar:3
पाटण	patan:3	patn:1
पाटणकर	patankar:2	patnkar:1
पाटणा	patna:3
पाटणादेवी	patnadevi:3
पाटण्याच्या	patnyachya:3
पाटबंधारे	patbandhare:3
पाटलाला	patlala:3
पाटलीपुत्र	patliputra:2	patliputr:1
पाटल्या	patlya:3	patalyaa:1
पाटाचे	patache:3
पाटिल	patil:3	paatil:1
पाटी	pati:2	paatee:1	paati:1
पाटील	patil:3	paatil:1	pateel:1
पाटेकर	patekar:3
पाटोदा	patoda:3	paatoda:1
पाटोळे	patole:3	paatole:1	patode:1
पाठ	paath:2	path:2
पाठक	pathak:2	paathak:1
पाठदुखी	pathdukhi:3
पाठपुरावा	pathpurava:3
पाठपुराव्यामुळे	pathpuravyamule:2	pathpuravyamude:1
पाठबळ	pathbal:2	pathbad:1	pathpal:1
पाठबळावर	pathbadavar:1	pathbalavar:1	pathbalawar:1
पाठभेद	pathbhed:3
पाठलाग	pathlag:3
पाठवणी	pathvani:2	pathavani:1	pathwani:1
पाठवणे	pathvane:2	pathavne:1	pathwane:1
पाठवण्याचा	pathvanyacha:2	pathavnyacha:1
पाठवण्याचे	pathavnyache:1	pathvanyache:1	pathvnyache:1
पाठवण्यात	pathvanyat:2	pathavnyat:1
पाठवण्यास	pathvanyas:2	pathavnyas:1
पाठवण्यासाठी	pathvanyasathi:2	pathavnyasathi:1
पाठवत	pathvat:3	pathwat:1
पाठवता	pathvata:2	pathavta:1	pathawata:1
पाठवतात	pathvatat:2	pathavtat:1	pathwatat:1
पाठवतो	pathavato:1	pathavte:1	pathvato:1
पाठवला	pathavala:2	pathvala:1
पाठवली	pathavali:1	pathvali:1	pathvlee:1
पाठवले	pathvale:3	pathavale:1
पाठवलेली	pathavaleli:1	pathavlelee:1	pathvaleli:1
पाठवलेल्या	pathavalelya:1	pathavlelya:1	pathvalelya:1
पाठवल्यास	pathavalyas:1	pathavlyas:1	pathvalyas:1
पाठवा	pathva:2	pathava:1
पाठवायचा	pathavaycha:2	pathvayacha:1
पाठविण्याचे	pathvinyache:2	pathavinyache:1
पाठविण्यात	pathavinyat:2	pathvinyat:1
पाठविला	pathvila:2	pathavila:1	pathveela:1
पाठविली	pathvili:2	pathavili:1	pathveeli:1
पाठविले	pathvile:3	pathavile:1	pathveele:1
पाठविलें	pathavilen:1	pathveele:1	pathvile:1
पाठविलेली	pathvileli:2	pathavileli:1	pathveeleli:1
पाठवी	pathvi:2	pathavi:1	pathvee:1
पाठवीत	pathvit:2	pathavit:1	pathveet:1
पाठवू	pathavu:1	pathcu:1	pathvoo:1	pathvu:1
पाठवून	pathvun:2	pathavun:1	pathvoon:1
पाठही	pathahi:3
पाठारे	pathare:3
पाठिंबा	pathimba:3	patheemba:1
पाठींबा	patheemba:1	pathimba:1	pathinba:1
पाठीचा	pathicha:2	patheecha:1
पाठीच्या	pathichya:2	patheechya:1
पाठीमागील	pathimagil:2	patheemageel:1
पाठीमागे	pathimage:2	patheemage:1
पाठीराखा	pathirakha:2	patheerakha:1
पाठीला	pathila:2	patheela:1
पाठीवर	pathivar:2	patheevar:1
पाठीवरील	pathivaril:2	patheevareel:1	pathiwaril:1
पाठीवरून	pathivarun:2	patheevaroon:1	pathiwarun:1
पाठीशी	pathishi:2	patheeshee:1
पाठोपाठ	pathopath:3
पाठ्य	paathy:2	pathy:2	pathya:2
पाठ्यपुस्तक	pathyapustak:2	paathyapustak:1	pathypustak:1
पाडगावकर	padgaonkar:2	padgavkar:2
पाडणे	padne:3	padane:1
पाडण्याचा	padnyacha:2	padlyacha:1
पाडण्याची	padnyachi:3
पाडण्याचे	padnyache:2	padgavyache:1
पाडण्याच्या	padnyachya:2	padnyachaya:1
पाडण्यात	padnyat:3	padnyaat:1
पाडण्यासाठी	padnyasathi:3
पाडतात	padtat:3
पाडताना	padtana:3
पाडतो	padto:3
पाडला	padla:3
पाडली	padali:2	padli:2
पाडले	padle:3
पाडलेले	padlele:3
पाडळकर	paadalkar:1	padadkar:1	padalkar:1
पाडळी	padli:2	paadlee:1	paadli:1	padadi:1
पाडवी	padvi:2	paadvi:1	padwi:1
पाडव्याला	padvyala:3
पाडा	pada:3
पाडाव	padav:2	paadaav:1
पाडावी	padavi:2	paadaavi:1	padawi:1
पाडून	padoon:2	padun:2	paadoon:1	paadun:1
पाढे	padhe:2	pade:1
पाणथळ	panthal:2	paanthal:1	panthad:1
पाणथळी	panthali:2	paanthalee:1	panthadi:1
पाणबुडी	panbudi:2	paanbudee:1
पाणबुडीच्या	panbudichya:2	paanbudichya:1
पाणबुड्या	panbudya:2	paanbudya:1	paanduya:1
पाणलोट	panlot:2	paanloat:1	paanlot:1
पाणिनी	paaninee:1	panichi:1	paninee:1	panini:1
पाणी	pani:17	panee:2	paanee:1
पाणीपुरवठा	panipuravatha:2	paaneepuravatha:1	panipuaravathaa:1	panipurwatha:1
पाणीसाठा	paaneesatha:1	panisatha:1	panisathi:1
पाणीही	paaneehee:1	paanihi:1	panihi:1
पाण्याखाली	panyakhali:2	panyakhalee:1
पाण्याचा	panyacha:2	paanyacha:1
पाण्याची	panyachi:2	paanyachee:1
पाण्याचे	panyache:2	paanyache:1
पाण्याच्या	panyachya:2	paanyacha:1
पाण्यात	panyat:3
पाण्यातील	panyateel:2	panyatil:1
पाण्याने	panyane:3
पाण्यापासून	panyapasoon:2	panyapasun:1
पाण्याप्रमाणे	panyapramane:3
पाण्याबरोबर	panyabarobar:3
पाण्याबाहेर	panyabaher:3
पाण्यामधून	panyamadhoon:2	panyamadhul:1
पाण्यामध्ये	panyamadhye:3
पाण्यामुळे	panyamule:3
पाण्याला	panyala:3
पाण्यावर	panyawar:2	panyavar:3
पाण्यावरील	panyavareel:2	panyavaril:1
पाण्याशी	panyashee:2	panyashi:1
पाण्यासाठी	panyasathi:2	panyasathee:2
पातळ	patal:3
पातळी	patalee:2	patli:1
पातळीवर	patlivar:2	paataleevar:1	pataleevar:1
पातळीवरही	paataleevarahee:1	pataleevarahee:1	patlivarhi:1
पातळीवरील	patalivaril:2	paataleevareel:1	pataleevareel:1	patlivaril:1
पातळीवरून	paataleevarun:1	pataleevaroon:1	patlivarun:1
पातळ्या	paatalya:1	patalya:1	patlya:1
पाताळ	patal:2	paataal:1
पाताळात	patalat:2	paatalat:1
पातिव्रत्य	pativratya:2	pativraty:1
पाती	patee:2	pati:1
पातूर	patoor:2	paatur:1
पाते	pate:2	paate:1
पात्र	patr:2	patra:2	paatra:1
पात्रता	patrata:2	paatrata:1
पात्रांची	patranchee:2	patranchi:1
पात्रांचे	patranche:2	paatraanche:1
पात्रांच्या	patranchya:2	paatranchya:1
पात्राची	patrachee:2	paatrachi:1
पात्राच्या	patrachya:2	paatrachya:1
पात्रात	patrat:2	paatraat:1
पात्रे	patre:2	paatre:1
पाथ	path:2	paath:1
पाद	pad:2	paad:1
पादाक्रांत	padakrant:2	paadakrant:1
पादुका	paduka:2	paaduka:1
पाध्ये	padhye:2	paadhye:1
पान	pan:4	paan:2
पानगळ	pangal:2	paangal:1
पानगळीच्या	pangalichya:2	paangaleechya:1
पानझडी	paanjhadee:1	paanzadi:1	panzadi:1
पानतावणे	paantavane:2	pantavane:1
पानशेत	panshet:2	paanshet:1
पानांचा	paanancha:2	panancha:1
पानांची	paananchi:1	pananchee:1	pananchi:1
पानांचे	pananche:2	paananche:1
पानांच्या	pananchya:2	paananchya:1
पानांना	pananna:2	panana:1
पानांनी	panannee:2	paanani:1
पानाचा	panacha:2	paanacha:1
पानाच्या	panachya:2	paanachya:1
पानावर	panavar:2	paanavar:1
पानिपत	panipat:2	paanipat:1
पानिपतच्या	panipatchya:2	paanipatachya:1
पानी	pani:2	paanee:1	panee:1
पाने	pane:3
पाप	pap:4	paap:3
पापक्षालन	papkshalan:3
पापड	papad:3
पापांचा	papancha:3
पापांची	papanchi:2	papanchee:1
पापुआ	papua:3	papuaa:2	papaa:1	papooaa:1
पाम	pam:3	palm:1
पाय	pay:3	paay:1	pai:1
पायंडे	payande:3
पायउतार	payutar:2	paayutar:1	paiutar:1
पायथा	paytha:2	payatha:1	pytha:1
पायथ्या	payathya:3	paythya:1
पायथ्याचे	payathyache:2	payathayache:1
पायथ्याच्या	payathyachya:2	paythyachya:1
पायथ्यापासून	payathyapasun:2	payathyapasoon:1
पायथ्याला	payathyala:3
पायथ्याशी	payathyashi:2	payathyashee:1
पायथ्याशीच	payathyashich:2	paythyasheech:1
पायदळ	paydal:2	payadal:1
पायपर	payapara:1	pipar:1	piper:1
पायरी	payri:2	payaree:1
पायरीला	payareela:1	payarila:1	payrila:1
पायऱ्या	payarya:3
पायऱ्यांचा	payaryancha:3
पायल	payal:3
पायलट	paailat:1	paailet:1	paaylat:1	paaylet:1
पायवाट	payvat:2	payavat:1
पायवाटेने	payavatene:2	payvatene:1
पायही	payahi:2	payahee:1
पाया	paya:4
पायांच्या	payanchya:3
पायांना	payanna:3
पायांवर	payanvar:3
पायाची	payachi:2	payachee:1
पायाचे	payache:3
पायाच्या	payachya:3
पायात	payat:3
पायातील	payateel:2	payatil:1
पायापासून	payapasoon:2	payapasun:1
पायाभरणी	payabharanee:1	payabharani:1	payabharni:1
पायाभूत	payabhut:2	payabhoot:1
पायाला	payala:3
पायावर	payavar:3
पायाशी	payashi:2	payashee:1
पायास	payas:3
पायी	payi:4	payee:2
पार	paar:3	par:10
पारंगत	parangat:3
पारंपरिक	paramparik:2	pamparik:1
पारंपारिक	paramparik:3
पारखी	parkhi:2	paarakhee:1
पारखे	parkhe:2	parakhe:1
पारगाव	paargav:1	pargaav:1	pargao:1	pargav:1
पारडे	parde:2	parade:1
पारतंत्र्यात	paartantryat:1	paratantryat:1	partantryat:1
पारदर्शक	pardarshak:2	paardarshak:1
पारदर्शकता	paardarshakata:1	pardarshakata:1	pardarshakta:1
पारधी	paaradhee:1	paradhi:1	pardhi:1
पारनेर	parner:2	paarner:1
पारमार्थिक	parmarthik:2	paramarthik:1
पारशी	parashi:3	parshi:2	parashhi:1	parashii:1
पारसी	parsi:2	parasi:1
पारायण	parayan:3
पारावार	paravar:2	paaravaar:1
पारिजात	parijat:2	parijaat:1
पारितोषिक	paritoshik:4
पारितोषिके	paritoshike:3
पारिपत्य	paripatya:2	paaripatya:1
पारिभाषिक	paribhashik:2	paaribhashik:1
पारीत	parit:2	paarit:1
पारू	paru:2	paroo:1
पार्क	park:4	paark:1	paarq:1	parq:1
पार्कचा	parkcha:2	parkacha:1
पार्कचे	parkche:3
पार्कर	parkar:3	parker:2	paarkar:1	paarker:1
पार्कला	parkla:3
पार्कवर	parkvar:3
पार्किंग	parking:4	parkin:1	parkina:1	parkinga:1
पार्किंगची	parkingchi:2	parkingchee:1
पार्किन्सन्स	parkinsan:1	parkinson:1	parkinsons:1
पार्टी	party:4	partee:2	parti:1	partii:1
पार्टीचे	partiche:2	parteeche:1	partyche:1
पार्टीच्या	partichya:2	parteechya:1	partychya:1
पार्टीत	partit:2	parteet:1	partyt:1
पार्थिव	parthiv:3
पार्लमेंट	parlameenta:1	parlamenta:1	parliameent:1	parliament:1
पार्लर	parlar:2	parlor:2	parlour:2	parlara:1
पार्ले	parle:3
पार्वती	parvati:4	paarvati:1	paarvatii:1	paarveti:1
पार्वतीचा	parvateecha:1	parvaticha:1	parvticha:1
पार्वतीने	parvateene:1	parvatine:1	parvtine:1
पार्श्व	pashrav:2	parshv:1	parshva:1
पार्सेकर	parsekar:3
पाल	pal:4	paal:1	pala:1
पालक	palak:3
पालकत्व	palakatv:2	palkatv:1
पालकमंत्री	palakamantree:1	palakmantree:1	palakmantri:1
पालकर	palkar:3
पालकांचा	palakancha:2	palkancha:1
पालखी	palakhee:2	palkhi:1
पालखीत	palakheet:2	palkhit:1
पालखीला	palakheela:2	palkhila:1
पालखीवर	palakheevar:2	palkhivar:1
पालख्या	palakhya:3
पालघर	palghar:3
पालटून	paltun:2	palatoon:1
पालथा	paltha:3
पालन	palan:3
पालनपोषण	palanposhan:3
पालव	palav:2	palv:1
पालवी	palavee:1	palavi:1	palvi:1
पाला	pala:3
पालि	pali:3
पालिका	palika:4
पालिकेच्या	palikechya:3
पाली	pali:3	aplee:1	palee:1	palie:1
पाले	pale:4	palee:1	paleey:1	palei:1
पालेकर	palekar:3
पालेभाज्या	palebhajya:3
पालो	palo:4	paloo:1
पाल्मा	palama:1	palma:1	palmaa:1
पाळणा	palana:2	palna:1
पाळणे	palne:2	palane:1
पाळण्याचा	palanyacha:1	palnyacha:1	palnyachya:1
पाळण्याची	palnyachi:2	palanyachi:1
पाळण्याच्या	palanyachya:1	palnayachya:1	palnyachya:1
पाळण्यात	palnyat:2	palanyat:1
पाळत	palat:2	palt:1
पाळता	palata:2	palta:1
पाळतात	palatat:2	paltat:1
पाळला	palala:2	pallala:1
पाळली	palali:3
पाळले	palale:3
पाळल्या	palalya:1	pallya:1	palnya:1
पाळायला	palayala:2	palayla:1
पाळी	pali:2	paalee:1
पाळीचे	paliche:2	paleeche:1
पाळीच्या	palichya:2	paleechya:1
पाळीत	palit:2	paleet:1
पाळीव	paliv:2	paleev:1
पाळून	paloon:2	palun:2
पाळेमुळे	palemule:3
पाव	pav:3
पावडर	powder:3	pavadar:2	pavadara:1	pavder:1
पावणारा	pavanara:2	pavnara:1
पावणारी	pavanaree:1	pavanari:1	pavnari:1
पावणाऱ्या	pavanarya:2	pavnarya:1
पावणेचार	pavanechar:2	pavnechar:1
पावणेतीन	pavaneteen:2	pavnetin:1
पावत	pavat:3
पावतात	pavtat:2	pavatat:1
पावती	pavti:2	pavatee:1
पावते	pavte:2	pavate:1
पावतो	pavto:2	pavato:1
पावत्या	pavtya:2	pavatya:1
पावन	pavan:3	pawan:1
पावनखिंड	pavankhind:2	pawankhind:1
पावरा	pavara:2	pawara:1
पावला	pavala:1	pavla:1	pawla:1
पावलागणिक	pavalaganik:1	pavlaganik:1	pawalaganik:1
पावलावर	pavalavar:1	pavlavar:1	pawlawar:1
पावली	pavalee:1	pavli:1	pawali:1
पावले	pavle:2	pavale:1	pawale:1
पावलेले	pavalele:1	pavlele:1	pawlele:1
पावलेल्या	pavalelya:1	pavlelya:1	pawlelya:1
पावलो	pavalo:1	pavlo:1	pawlo:1
पावल्या	pavalya:1	pavlya:1	pawlya:1
पावल्याने	pavalyane:1	pavlyane:1	pawlyane:1
पावस	pavas:2	pawas:1
पावसा	pavasa:1	pavsa:1	pawsa:1
पावसाचा	pavasacha:2	pavsacha:1
पावसाची	pavasachee:1	pavasachi:1	pavsachi:1
पावसाचे	pavasache:2	pavsache:1
पावसाच्या	pavasachya:2	pavsachya:1
पावसात	pavasat:2	pavsat:1
पावसाने	pavasane:2	pavsane:1
पावसामुळे	pavasamule:2	pavsamule:1
पावसाळा	pavasala:2	pavsala:1
पावसाळी	pavasalee:1	pavasali:1	pavsali:1
पावसाळ्याचा	pavasalyacha:2	pavsalyacha:1
पावसाळ्याचे	pavasalyache:2	pavsalyache:1
पावसाळ्याच्या	pavasalyachya:2	pavsalyacha:1
पावसाळ्यात	pavsalyat:3	pavasalyat:3	pavasalayat:1
पावसाळ्यानंतर	pavasalyanantar:2	pavsalyanantar:1
पावसाळ्यापूर्वी	pavasalyapoorvee:1	pavasalyapurvi:1	pavsalyapurvi:1
पावित्र्य	pavitrya:2	pawitrya:1
पावून	pavoon:2	pavun:1	pawun:1
पावेल	pavel:2	pawel:1
पाशा	pasha:4	pasa:1	pashha:1
पाशातून	pashatoon:2	pashatun:2
पाश्चात्य	pashchatya:2	paschatya:1
पाश्चिमात्य	pashchimatya:2	paschimatya:1
पाषाण	pashan:3
पाषाणाची	pashanachi:2	pashanachee:1
पाषाणात	pashanat:3
पाषाणातील	pashanatil:2	pashanateel:1
पास	pas:5	paas:1	paash:1	paass:1
पासपोर्ट	passport:3	pasport:2	pasapoorta:1	pasaport:1
पासलकर	pasalkar:3
पासवर्ड	password:3	paashward:1	paasvard:1	paasward:1
पासुन	pasun:3
पासून	pasun:2	pasoon:1
पासोडी	pasodi:2	pasodee:1
पास्ता	paasta:1	pasta:1	pastaa:1
पाहणार	pahanar:2	pahnaar:2
पाहणारा	pahanara:2	pahnaara:1
पाहणाऱ्या	pahanarya:2	pahnarya:1
पाहणी	pahani:2	pahanee:1
पाहणीमध्ये	pahaneemadhye:1	pahanimadhe:1	pahanimadhye:1
पाहणे	pahane:3
पाहण्याचा	pahanyacha:3
पाहण्याची	pahanyachi:2	pahanyachee:1
पाहण्यात	pahanyat:3
पाहण्यास	pahanyas:3
पाहण्यासाठी	pahanyasathi:2	pahanyasathee:1
पाहण्यासारखे	pahanyasarakhe:3
पाहत	pahat:3
पाहता	pahata:3
पाहताच	pahatach:3
पाहतात	pahatat:3
पाहताना	pahatana:3
पाहते	pahate:3
पाहतो	pahato:3
पाहाणे	pahane:3
पाहात	pahat:3
पाहायला	pahayala:3
पाहावयास	pahavayas:2	pahawayas:1
पाहिजे	pahije:3
पाहिजेत	pahijet:3
पाहिला	pahila:3
पाहिली	pahili:2	pahilee:1
पाहिले	pahile:4
पाहिलेली	pahileli:2	pahilelee:1
पाहिलेल्या	pahilelya:3
पाहिल्या	pahilya:3
पाहिल्यानंतर	pahilyanantar:3
पाहिल्याने	pahilyane:3
पाहिल्यावर	pahilyavar:3
पाहिल्यास	pahilyas:3
पाही	pahi:2	pahee:1
पाहुणा	pahuna:3
पाहुणे	pahune:3
पाहुण्या	pahunya:3
पाहुण्यांच्या	pahunyanchya:3
पाहू	pahu:2	pahoo:2
पाहून	pahun:2	pahoon:1
पाहे	pahe:3
पिंकू	pinkoo:2	pinku:2
पिंगट	pingat:3
पिंगळा	pingala:3
पिंगळे	pingale:3
पिंजर	pinjar:3
पिंजरा	pinjara:3
पिंजरे	pinjare:3
पिंड	pind:3
पिंडदान	pindadan:2	pinddan:1
पिंपरी	pimpari:1	pimperi:1	pimpri:1
पिंपळ	pimpal:2	pimple:1
पिंपळगाव	pimpalgaon:1	pimpalgav:1	pimplegav:1	pimplgaav:1
पिक	pik:4	peak:1	peaq:1	peek:1
पिकली	pikali:3	picali:1
पिकल्यावर	pikalyavar:3	picalyavar:1
पिकांची	pikanchi:3	picanchi:1
पिकांचे	pikanche:3	picanche:1
पिकांच्या	pikanchya:3	picanchya:1
पिकांना	pikanna:3
पिकांनी	pikanni:2	picanni:1	pikannii:1
पिकांमध्ये	pikanmadhye:2	picanmadhe:1	pikanmadhe:1
पिकांवर	pikanvar:3	picanvar:1
पिकांवरती	pikanvarati:2	picanvarati:1	pikanvaratee:1
पिकांवरील	pikanvaril:2	picanvaril:1	pikanvareel:1
पिकाची	pikachi:2	pikachee:1
पिकाच्या	pikachya:3
पिकावर	pikavar:3	picavar:1
पिकासाठी	pikasathi:2	pikasathee:1
पिकू	piku:2	pikoo:1
पिके	pike:3	pk:1
पिकेही	pikehi:2	pikehee:1
पिक्चर	picture:3
पिक्चर्स	pictures:3
पिचड	pichad:3
पिझ्झा	pizza:4	peaja:1	peaza:1	peza:1
पिट	pit:5	peat:2	peet:2	pet:2
पिठ	pith:3
पिठले	pithale:3
पिठाची	pithachi:2	pithachee:1
पिठोरी	pithori:2	pithoree:1
पिढी	pidhee:1	pidhi:1	pidi:1
पिढीकडे	pidheekadhe:1	pidhikade:1	pidikade:1
पिढीचा	pidheecha:1	pidhicha:1	pidicha:1
पिढीची	pidheechee:1	pidhichi:1	pidichi:1
पिढीजात	pidheejat:1	pidhijat:1	pidijat:1
पिढीत	pidheet:1	pidhit:1	pidit:1
पिढीतले	pidheetle:1	pidhitale:1	piditale:1
पिढीतील	pidheeteel:1	pidhitil:1	piditil:1
पिढीने	pidheene:1	pidhine:1	pidine:1
पिढीला	pidheela:2	pidila:1
पिढ्या	pidhya:3	pidya:1	pidyan:1
पिढ्यानपिढ्या	pidhyanpidhya:3	pidanpidya:1	pidyanpidya:1
पिणे	pine:3
पिण्याचे	pinyache:3
पिण्याच्या	pinyachya:3
पिण्याने	pinyane:3
पिण्यायोग्य	pinyayogya:3
पिण्यासाठी	pinyasathi:2	pinyasthee:1
पितर	pitar:3
पितरांच्या	pitaranchya:3
पितळ	pital:3
पितळी	pitali:2	pitalee:1
पितळेच्या	pitalechya:3
पिता	pita:4	peeta:2	piita:1
पितापुत्र	pitaputra:3
पितामह	pitamah:3
पितृ	pitru:3
पितृपक्ष	pitrupaksha:2	pitrupaksh:1
पितृपक्षात	pitrupakshat:3
पितृसत्ताक	pitrusattak:3
पित्त	pitta:2	pitt:1
पित्याकडे	pityakade:3
पित्याचा	pityacha:3
पित्याच्या	pityachya:3
पिन	pin:4	peen:1	piin:1	pina:1
पियरे	peeyare:1	peeyaree:1	piiyare:1	piyare:1
पिया	piya:4	peeya:1	piiya:1
पियानो	piano:2	piyano:2	pano:1	peaano:1
पिरॅमिड	piramid:2	pirmid:1	piryamid:1	pyrameed:1
पिलू	piloo:2	pilu:2
पिले	pile:3
पिल्ले	pille:4	peele:1	peelee:1	piile:1
पिळदार	pildar:2	piladar:1
पिळवणूक	pilvanuk:2	pilavanook:1
पिवळट	pivalat:1	pivlat:1	piwlat:1
पिवळसर	pivalasar:1	pivalsar:1	piwalsar:1
पिवळा	pivala:1	pivla:1	piwala:1
पिवळी	pivalee:2	pivali:1
पिवळे	pivale:3
पिवळ्या	pivalya:2	pivlya:1
पिशवी	pishavee:2	pishavi:1
पिशवीत	pishaveet:2	pishvit:1
पिशाच्च	pishacch:1	pishaccha:1	pishachch:1
पिसवा	pisava:3
पिसाट	pisat:3
पिसे	pise:4
पिस्तुलातून	pistulatoon:2	pistulatun:1
पिस्तूल	pistaal:1	pistal:1	pistol:1	pistool:1
पीए	pa:2	peey:1
पीक	peek:2	pik:2	peak:1	peaq:1
पीटर	peter:3	peetar:2	peatar:1	peater:1
पीटर्स	peatars:1	peaters:1	peatersh:1	peeters:1
पीटर्सबर्ग	petarsburg:1	petersburg:1	piitarsabarg:1	pitarsabarg:1
पीठ	peeth:2	pith:1
पीठावर	peethavar:2	pithavar:1
पीठे	peethe:2	pithe:1
पीडित	peedit:2	pidit:1
पीत	peet:2	pit:1
पीर	peer:2	pir:1
पीळ	peel:2	pil:1
पीस	pees:2	piece:2	peace:1
पुंकेसर	punkesar:3
पुंगी	pungee:2	poongi:1	pungi:1
पुंडलिक	pundalic:1	pundalik:1	pundlik:1
पुअर	poor:4	puar:3	pour:1
पुकारण्याची	pukaranyachee:2	pukarnyachi:1
पुकारला	pukarala:2	pukarla:1
पुकारले	pukarale:2	pukarle:1
पुजली	pujali:2	pujalee:1
पुजले	pujale:3
पुजा	puja:3	pooja:1
पुजारी	pujari:2	pujaree:1
पुजेसाठी	pujesathi:2	pujesathee:1
पुटकुळ्या	putkulya:2	putakulya:1
पुढं	pudham:3
पुढचं	pudhacham:3
पुढचा	pudhacha:2	pudhcha:1
पुढची	pudhachee:3
पुढचे	pudhache:3
पुढच्या	pudhachya:3
पुढच्याच	pudhachyach:3
पुढल्या	pudhalya:3
पुढाकार	pudhakar:3
पुढाकाराने	pudhakarane:3
पुढाकारामुळे	pudhakaramule:3
पुढारलेल्या	pudharalelya:3
पुढारी	pudharee:3
पुढील	pudhil:9	pudheel:2
पुढीलप्रमाणे	pudhilpramane:2	pudheelpramane:1
पुढे	pudhe:2	pude:1
पुढेही	pudhehi:2	pudhehee:1
पुढ्यात	pudhyat:4
पुणतांबा	puntamba:2	punatamba:1
पुणे	pune:5	poone:2	punee:2	poonee:1
पुणेकर	punekar:3
पुणेकरांची	punekaranchi:2	punekaranchee:1
पुणेकरांना	punekaranna:3
पुण्य	punya:3
पुण्यतिथी	punyatithi:2	punytithee:1
पुण्यतिथीच्या	punyatithichya:2	punytitheechya:1
पुण्यतिथीनिमित्त	punyatithinimitta:2	punytitheenimitt:1
पुण्याई	punyai:3
पुण्याकडे	punyakade:3
पुण्याचा	punyacha:3
पुण्याची	punyachi:3
पुण्याचे	punyache:3
पुण्याच्या	punyachya:3
पुण्याजवळ	punyajaval:3
पुण्याजवळच्या	punyajavalchya:2	punyajavalachya:1
पुण्याजवळील	punyajavalil:3
पुण्यात	punyat:3
पुण्यातल्या	punyatalya:3
पुण्यातही	punyatahi:3
पुण्यातील	punyatil:3
पुण्यातून	punyatun:3	punyatoon:1
पुण्यापासून	punyapasun:3
पुण्यामध्ये	punyamadhye:3
पुण्याला	punyala:3
पुण्यास	punyas:3
पुण्याहून	punyahun:3	punyahoon:1
पुतणी	putani:2	putni:1
पुतण्या	putanya:2	putnya:1
पुतण्याने	putanyane:3
पुतण्याला	putanyala:3
पुतळा	putala:3
पुतळे	putale:3
पुतळ्यांची	putalyanchi:2	putalyachi:1
पुतळ्याचा	putalyacha:2	putlyacha:1
पुतळ्याला	putalyala:3
पुत्र	putra:3
पुत्रप्राप्ती	putraprapti:3
पुत्राची	putrachi:3
पुत्राचे	putrache:3
पुत्राच्या	putrachya:3
पुदिना	pudina:3
पुनः	punha:2	punaha:1
पुनरागमन	punaragaman:1	punragman:1	puraghman:1
पुनरावलोकन	punaravalokan:1	punaravlokan:1	punravlocan:1
पुनरावृत्ती	punravrutti:2	punaravrutti:1
पुनरुक्ती	punarukti:1	punrakti:1	punrukti:1
पुनरुच्चार	punaruchchar:2	punarucchaar:1
पुनरुज्जीवन	punarujjivan:1	punrujjivan:1	punrujjiwan:1
पुनरुज्जीवित	punarujjivit:2	punrujjivit:1
पुनरुत्थान	punaruthan:1	punruthan:1	punrutthan:1
पुनरुत्पादन	punrutpadan:2	punarutpadan:1
पुनरूज्जीवन	punarujjivan:2	punrujjivan:1
पुनर्गठन	punargathan:3
पुनर्जन्म	punarjanma:2	punarjanm:1
पुनर्निर्देशन	punarnirdeshan:2	pannirdeshak:1
पुनर्निर्देशित	punarnirdeshit:2	punnirdeshit:1
पुनर्निर्मिती	punarnirmiti:3
पुनर्बांधणी	punarbandhani:2	panarbandhani:1
पुनर्भरण	punarbharan:2	puranbharan:1
पुनर्मुद्रण	punarmudran:2	punmrudran:1
पुनर्रचना	punarrachana:2	punarachana:1
पुनर्वसन	punarvasan:3
पुनर्विकास	punarvikas:3
पुनर्विवाह	punarvivah:3
पुनर्स्थापना	punarshtapana:1	punarsthapana:1	purstapana:1
पुनवेचा	punavecha:1	punawecha:1	punvecha:1
पुनीत	punit:3
पुन्हा	punha:3
पुरंदर	purandar:3
पुरंदरचे	purandarche:3
पुरंदरे	purandare:3
पुरचुंडी	purchundi:2	purachundi:1
पुरणपोळी	puranpoli:2	puranpodi:1
पुरणपोळीचे	puranpoliche:3	puranpodiche:1
पुरतात	puratat:2	purtat:1
पुरळ	pural:3	purad:1
पुरवठा	puravtha:3	puravatha:3
पुरवणारी	puravanari:2	puravanaree:1
पुरवणाऱ्या	puravanarya:3
पुरवणी	puravani:2	puravanee:1
पुरवणीत	puravanit:2	puravaneet:1
पुरवणे	puravane:3
पुरवण्याची	puravanyachee:1	puravanyachi:1	puravnyachi:1
पुरवण्याचे	puravanyache:2	purvnyache:1
पुरवतात	puravatat:2	purvatat:1
पुरवताना	puravatana:3
पुरवते	puravate:3
पुरवतो	puravato:3
पुरवली	puravali:2	puravalee:1
पुरवले	puravale:2	puravavale:1
पुरवावी	puravavee:1	puravavi:1	purvavi:1
पुरवावे	puravave:2	purvave:1
पुरविणारी	puravinaree:1	puravinari:1	purvinari:1
पुरविणे	puravine:2	purvine:1
पुरविण्यात	puravinyat:2	purvinyat:1
पुरविण्यासाठी	puravinyasathee:1	puravinyasathi:1	purvinyasathi:1
पुरवित	puravit:3	purvit:1
पुरवितात	puravitat:2	purvitat:1
पुरवीत	puraveet:1	puravit:1	purveet:1	purvit:1
पुरवू	puravoo:1	puravu:1	purvoo:1	purvu:1
पुरवून	puravoon:1	puravun:1	purvoon:1	purvun:1
पुरस्कर्ते	puraskarte:2	purskarte:1
पुरस्कार	puraskar:2	purskar:1
पुरस्कारप्राप्त	purskarprapt:2	puraskaraprapt:1
पुरस्कारविजेते	puraskaravijete:1	puraskarvijete:1	purskarvijete:1
पुरस्कारही	puraskarahee:1	puraskarahi:1	purskarhi:1
पुरस्कारांचा	puraskarancha:3
पुरस्कारांची	puraskaranchi:2	puraskaranchee:1
पुरस्कारांचे	puraskaranche:3
पुरस्कारांनी	puraskaranni:3
पुरस्काराचे	puraskarache:3
पुरस्काराच्या	puraskarachya:3
पुरस्काराने	puraskarane:3
पुरस्काराला	puraskarala:3
पुरस्कारासह	puraskarasah:2	puraskarasaha:1
पुरस्कारासाठी	puraskarasathi:3
पुरस्कृत	puraskrut:3
पुरा	pura:3
पुराचा	puracha:3
पुराच्या	purachya:3
पुराण	puran:3
पुराणकालीन	purankalin:3
पुराणा	purana:3
पुराणांमध्ये	purananmadhye:3
पुराणात	puranat:3
पुराणातील	puranatil:3
पुराणानुसार	purananusar:3
पुराणिक	puranik:3
पुराणे	purane:3
पुरात	purat:3
पुरातत्त्व	puratatva:2	puratattva:1
पुरातत्त्वीय	puratatviy:2	puratattviya:1
पुरातत्व	puratatva:3
पुरातत्वशास्त्र	puratatvashastra:3
पुरातत्वीय	puratatviy:2	puratatviya:1
पुरातन	puratan:2	puraatn:1
पुराभिलेख	purabhilekh:3
पुरावा	purava:3
पुरावे	purave:3
पुराव्यांचा	puravyancha:3
पुरी	puri:4	puree:1	purii:1
पुरीच्या	purichya:2	puruchya:1
पुरुन	purun:3
पुरुष	purush:3
पुरुषत्व	purushatva:3
पुरुषसत्ताक	purushasattak:3
पुरुषसूक्त	purushasukta:2	purushsukt:1
पुरुषांचा	purushancha:3
पुरुषांची	purushanchi:3
पुरुषांचे	purushanche:3
पुरुषांच्या	purushanchya:3
पुरुषांना	purushanna:3
पुरुषांनी	purushanni:3
पुरुषांपेक्षा	purushanpeksha:3
पुरुषांप्रमाणेच	purushanpramanech:3
पुरुषांमध्ये	purushanmadhye:3
पुरुषाचा	purushacha:3
पुरुषाची	purushachi:2	purushachee:1
पुरुषाच्या	purushachya:3
पुरुषाने	purushane:3
पुरुषार्थ	purusharth:2	purushartha:1
पुरुषाला	purushala:3
पुरुषी	purushi:2	purushee:1
पुरुषोत्तम	purushottam:3
पुरून	purun:3
पुरूष	purush:2	puroosh:1
पुरूषांच्या	purushanchya:2	purooshanchya:1
पुरे	pure:3
पुरेपूर	purepur:2	purepoor:1
पुरेशा	puresha:3
पुरेशी	pureshi:2	pureshee:1
पुरेश्या	pureshya:3
पुरेसा	puresa:3
पुरेसे	purese:3
पुरोगामी	purogami:2	purogamee:1
पुरोहित	purohit:3
पुरोहितांनी	purohitanni:2	purohitannee:1
पुर्ण	purn:2	purna:1
पुर्णपणे	purnapane:2	purnpane:1
पुर्व	purv:2	purva:1
पुर्वतयारी	purvatayari:1	purvtyaari:1	purvtyari:1
पुर्वी	purvi:3	purvee:1
पुल	pul:2	pool:1	pula:1
पुलंनी	pulani:1	pulanni:1	pulni:1
पुलवामा	pulvama:2	pulavama:1	pulwama:1
पुलाच्या	pulachya:3
पुलाला	pulala:3
पुल्लिंगी	pullingi:3	pullingee:1
पुष्कर	pushkar:4	puskar:1	pusqar:1
पुष्करणी	pushkarani:3	pushkaranee:1
पुष्कळ	pushkal:3	pooshkal:1
पुष्कळशा	pushkalasha:2	pushkalashaa:1	pushkalsha:1
पुष्टी	pushti:3	pooshti:1	pushtee:1
पुष्पलता	pushpalata:3	pushpalataa:1
पुष्पा	pushpa:3
पुस	pus:3	poos:1
पुसट	pusat:3	poosat:1
पुसद	pusad:3
पुसून	pusun:3	pusoon:1
पुस्तक	pustak:3
पुस्तकरूपाने	pustakarupane:2	pustakroopane:1	pustakrupane:1
पुस्तकही	pustakahi:3
पुस्तकांचा	pustakancha:3
पुस्तकांची	pustakanchi:3
पुस्तकांचे	pustakanche:3
पुस्तकांच्या	pustakanchya:3
पुस्तकांत	pustakant:2	pustakaant:1
पुस्तकांतील	pustakantil:3
पुस्तकांना	pustakanna:2	pustakana:1
पुस्तकाचा	pustakacha:3
पुस्तकाची	pustakachi:3
पुस्तकाचे	pustakache:3
पुस्तकाच्या	pustakachya:3
पुस्तकात	pustakat:3
पुस्तकातली	pustakatali:2	pustakatli:1
पुस्तकातील	pustakatil:3
पुस्तकातून	pustakatun:3
पुस्तकाने	pustakane:3
पुस्तकामध्ये	pustakamadhye:1	pustakamashye:1	pustkamadhe:1
पुस्तकाला	pustakala:3
पुस्तकावर	pustakavar:3
पुस्तकास	pustakas:3
पुस्तकी	pustaki:2	pustiki:1
पुस्तके	pustake:3
पुस्तकेही	pustakehi:2	pustikehi:1
पुस्तिका	pustika:3
पुस्तिकेत	pustiket:2	pustaket:1
पुस्ती	pusti:3	pustee:1
पू	poo:3	pu:3
पूजन	pujan:3
पूजा	puja:5	pooja:4	pooza:2	puuja:2
पूजाअर्चा	pujaarcha:3	poojjaarcha:1
पूजाही	pujahi:3	poojahi:1
पूजेचे	pujeche:3	poojeche:1
पूजेच्या	pujechya:3	poojechya:1
पूजेतील	pujetil:3	poojetil:1
पूजेसाठी	pujesathi:3	poojesathi:1
पूज्य	pujya:3	poojya:1
पूज्यपाद	pujyapad:3	poojyapad:1
पूड	pood:2	pud:2
पूनावाला	poonavala:1	poonawala:1	punavala:1	punawala:1
पूर	poor:2	pur:2
पूरक	poorak:2	purak:2
पूरसदृश्य	poorasadrushya:1	poorsadashya:1	purasadrushya:1	pusadashye:1
पूर्ण	purna:13	poorn:2	purn:1
पूर्णतः	poornataha:2	purnataha:2
पूर्णत्वास	purnatvas:2	purntvas:1
पूर्णपणे	purnapane:2	purnpane:1
पूर्णवेळ	purnavel:2	purnvel:1
पूर्णा	purna:3
पूर्णिमा	purnima:2	poornima:1
पूर्तता	purtata:3
पूर्ततेसाठी	purtatesathi:3
पूर्तीसाठी	purtisathi:3
पूर्व	purva:8	purv:2	paarv:1	poorv:1
पूर्वग्रहदूषित	purvagrahadushit:2	purvgrahdushit:1
पूर्वज	purvaj:3
पूर्वजांचे	purvajanche:2	purvjanche:1
पूर्वजांच्या	purvajanchya:2	purvjanchya:1
पूर्वजांना	purvajanna:2	purvjanna:1
पूर्वजांनी	purvajanni:2	purvjanni:1
पूर्वनियोजित	purvaniyojit:2	purvniyojit:1
पूर्वपश्चिम	poorvpakshim:1	purvapaschim:1	purvpashchim:1
पूर्ववत	poorvavat:1	purvavat:1	purvvat:1
पूर्वस्थितीत	poorvsthitit:1	purvasthitit:1	purvsthitit:1
पूर्वा	purva:2	poorva:1
पूर्वापार	purvapar:2	poorvapar:1
पूर्वाभिमुख	purvabhimukh:2	poorvabhimukh:1
पूर्वार्ध	poorvardh:1	purvardh:1	purvardha:1
पूर्वार्धात	purvardhat:2	poorvardhat:1
पूर्वाश्रमीचे	purvashramiche:2	poorvshramiche:1
पूर्वाश्रमीच्या	purvashramichya:2	poorvashramichya:1
पूर्वी	purvi:2	poorvi:1
पूर्वीचा	purvicha:2	purveecha:1
पूर्वीची	purvichi:2	purveechi:1
पूर्वीचे	purviche:3
पूर्वीच्या	purvichya:3
पूर्वीपासून	purvipasun:3
पूर्वीसारखे	purveesaarkhe:1	purvisarakhe:1	purvisarkhe:1
पूर्वे	purve:3
पूर्वेकडील	purvekadil:3
पूर्वेकडून	purvekadun:3
पूर्वेकडे	purvekade:3
पूर्वेच्या	purvechya:3
पूर्वेला	purvela:3
पूल	pul:2	pool:3	pula:1	pull:1
पृथक्करण	pruthakkaran:2	prithkkaran:1
पृथ्वी	pruthvi:2	prithvi:1
पृथ्वीकडे	pruthvikade:2	prithvikade:1
पृथ्वीचा	pruthvicha:2	prithvicha:1
पृथ्वीची	pruthvichi:2	prithvichi:1
पृथ्वीचे	pruthviche:2	prithviche:1
पृथ्वीच्या	pruthvichya:2	prithvichya:1
पृथ्वीपासून	pruthvipasun:2	prithvipasun:1	pruthvipasoon:1
पृथ्वीपेक्षा	pruthvipeksha:2	prithvipeksha:1
पृथ्वीभोवती	pruthvibhovati:2	prithvibhovati:1
पृथ्वीराज	prithviraj:2	pruthviraj:3	priithviiraj:1	priithviiraja:1
पृथ्वीला	pruthvila:2	prithvila:1
पृथ्वीवर	pruthvivar:2	prithvivar:1
पृथ्वीवरच्या	prithvivarchya:1	pruthvivarachya:1	pruthvivarchya:1
पृथ्वीवरील	pruthvivaril:2	prithvivaril:1
पृथ्वीवरून	pruthvivarun:2	prithvivarun:1	pruthvivaroon:1
पृथ्वीशी	pruthvishi:2	prithvishi:1
पृष्ठ	prishth:1	prushth:1	prushtha:1
पृष्ठभाग	prishthbhag:1	prushthabhag:1	prushthbhag:1
पृष्ठभागाच्या	prishthbhagachya:1	prushthabhagachya:1	prushthbhagachya:1
पृष्ठभागावर	prishthbhagavar:1	prushthabhagavar:1	prushthbhagavar:1
पृष्ठभागावरील	prishthbhagavaril:1	prushthabhagavaril:1	prushthbhagavaril:1
पृष्ठवंशी	prishthvanshi:1	prushthavanshi:1	prushthvanshi:1
पृष्ठावर	prushthavar:2	prishthavar:1
पृष्ठीय	prishthiy:1	prushthiy:1	prushthiya:1
पृष्ठे	prushthe:2	prishthe:1
पॅकेट	packeet:1	packet:1	pacqet:1	pakeet:1
पॅगोडा	pagoda:4	pyagoda:2	pagooda:1	pyagooda:1
पॅटरसन	patarasan:1	patarson:1	patersan:1	paterson:1
पॅटर्न	pattern:4	patarn:1	patern:1	pattarn:1
पॅन	pan:4	pain:1	pana:1	pen:1
पॅरिस	paris:4	pairees:1	paireesh:1	pairiis:1
पॅरिसच्या	parischya:3
पॅरिसमधील	parismadhil:2	parismadheel:1
पॅरिसमध्ये	parismaddhe:1	parismadhe:1	parismadhye:1
पॅरिसला	parisla:3
पॅरिसवर	parisvar:3	pariswar:1
पॅलेस्टाईन	palestine:2	palestain:1
पॅसिफिक	pacific:4	paciphic:1	paishific:1	paishifik:1
पॅसेंजर	passenger:2	paasenger:1
पे	pe:3	pay:1
पेंटर	painter:4	pentar:2	paintar:1	painteer:1
पेंड	pend:3
पेंडसे	pendse:2	pendase:1
पेंढा	pendha:3
पेंढारकर	pendharkar:3
पेंढारी	pendhari:3
पेंद्या	pendya:2	pendhya:1
पेईंग	paying:2	peing:1	peying:1
पेक्षा	peksha:3
पेक्षाही	pekshahi:2	peksshahi:1
पेज	page:3	pej:2	peg:1
पेटंट	patent:4	pateent:1	peetanta:1	petant:1
पेटवून	petvun:3	petvoon:1	petwun:1
पेटी	peti:3
पेटीची	petichi:3
पेटीत	petit:2	pettit:1
पेटून	petoon:2	petun:2
पेटेल	petel:3
पेट्रोनास	peetronaas:1	peetronas:1	peetronasa:1	petronaas:1
पेट्रोल	petrol:4	peetrol:1	peetrola:1	petrola:1
पेट्रोलियम	petroleum:3	petrolium:2	petroliyam:2	peetroleeum:1
पेठ	peth:3
पेठे	pethe:3
पेठेत	pethet:3
पेठेतील	pethetil:2	petheteel:1
पेडणे	pedane:2	petdne:1
पेडर	pedar:3
पेढी	pedhi:2	pedhee:1
पेण	pen:2	pena:1
पेणच्या	penachya:2	penchya:1
पेद्रो	pedro:4	pedroo:1
पेन	pen:5	pain:2	pan:1	pane:1
पेनल्टी	peenalti:1	peenalty:1	penalti:1	penaltii:1
पेनिसिलीन	peenicilin:1	peenicillin:1	peenisilin:1	peenyseealin:1
पेन्सिल	pencil:4	paincil:1	painseel:1	painsheel:1
पेपर	paper:4	papar:1	papeer:1	peepar:1
पेपरचे	paperche:3
पेपरमध्ये	papermadhye:2	papermadhe:1
पेपर्स	papers:4	papars:1	papeers:1	peepars:1
पेय	pey:3
पेर	per:3
पेरणी	perani:2	perni:1
पेरणीपूर्वी	peraneepoorvee:1	peranipurvi:1	pernipoorvi:1	pernipurvi:1
पेरणीसाठी	peraneesathee:1	peranisathi:1	pernisathi:1
पेरतात	peratat:2	pertat:1
पेरा	pera:3
पेरियार	periyar:4	pariaar:1	pariyar:1	pariyara:1
पेरी	pari:1	parry:1	peeri:1	peerry:1
पेरू	peroo:3	peru:3	pairu:1	pairuu:1
पेलणे	pelane:2	pelne:1
पेलू	pelu:3	peloo:1
पेशवा	peshava:2	peshva:1
पेशवाई	peshavai:1	peshvaai:1	peshvaee:1
पेशवाईची	peshavaaichee:1	peshavaichee:1	peshvaeechi:1
पेशवाईच्या	peshavaaichya:1	peshavaichya:1	peshvaeechya:1
पेशवाईतील	peshavaaiteel:1	peshavaiteel:1	peshvaeetil:1
पेशवे	peshave:2	peshve:1
पेशवेकालीन	peshavekaleen:2	peshvekaleen:1
पेशवेपद	peshavepad:2	peshvepad:1
पेशव्यांकडे	peshavyankade:2	peshvyaankade:1
पेशव्यांचा	peshavyancha:2	peshvyancha:1
पेशव्यांचे	peshavyanche:2	peshvyaanche:1
पेशव्यांच्या	peshavyanchya:2	peshvyaanchya:1
पेशव्यांना	peshavyanna:2	peshvyana:1
पेशव्यांनी	peshavyannee:2	peshvyaani:1
पेशव्याला	peshavyala:2	peshvyaala:1
पेशव्यास	peshavyas:2	peshvyaas:1
पेशा	pesha:3
पेशाने	peshane:3
पेशाला	peshala:3
पेशावर	peshavar:3	peshawar:3	peeshavara:1	peeshawar:1
पेशावरमधील	peshavarmadheel:2	peshawarmadhil:2
पेशी	peshi:2	peshee:2
पेशींचा	pesheencha:2	peshincha:2
पेशींची	pesheenchee:2	peshinchi:2
पेशींचे	pesheenche:2	peshinche:2
पेशींच्या	peshinchya:2	pesheenchya:1	pesheenvar:1
पेशींवर	pesheenvar:2	peshinvar:2
पेशीमध्ये	pesheemadhye:1	peshimadhe:1	peshimadhye:1
पेसो	paiso:1	paisoo:1	peeso:1	peso:1
पेस्ट	paste:3	pest:2
पेहराव	peharav:2	pehrao:1	pehrav:1
पैका	paika:3
पैकी	paiki:3	paikee:2
पैठण	paithan:3
पैठणचे	paithanche:2	paithanache:1
पैठणी	paithanee:1	paithani:1	paithni:1
पैठणीचे	paithaneeche:1	paithaniche:1	paithniche:1
पैनगंगा	painganga:2	painaganga:1
पैलवान	pailwan:2	pailavan:1
पैलू	pailu:2	pailoo:1
पैशाची	paishachee:2	paishachi:2
पैशाच्या	paishachya:3
पैशातून	paishatoon:2	paishatun:2
पैसा	paisa:3
पैसे	paise:4	paiise:1	paisee:1	peesai:1
पैसै	paisai:1	paise:1	paisei:1
पॉईंट	paint:1	pent:1	point:1
पॉटर	potter:3	patar:1	patter:1	petar:1
पॉप	pap:1	paup:1	pop:1	poup:1
पॉप्युलर	popular:3	popyular:1
पॉल	paul:4	pol:2	poll:1	poul:1
पॉलिटेक्निक	polytechnic:3
पॉलिनेशिया	palineeshiya:1	palineshhiya:1	palineshia:1	palineshiya:1
पॉलिमर	palemer:1	palimar:1	palymer:1	polemar:1
पॉली	polly:2	poly:2	pali:1	palie:1
पॉवर	power:4	pavar:1	pawar:1	pawer:1
पॉवेल	povel:3	powel:2	powell:2	pauveel:1
पोंक्षे	ponkshe:3
पोंगल	pongal:3	pongl:1
पोक	pok:2	poke:1
पोकळ	pokal:3
पोकळी	pokali:2	poklee:1	pokli:1
पोचतात	pochatat:2	pochtat:2
पोचते	pochate:2	pochte:2
पोचमपल्ली	pochampalli:2	pochampally:1
पोचला	pochla:2	pochala:1
पोचले	pochale:2	pochle:1
पोचलेला	pochlela:2	pochalela:1
पोचवले	pochavale:1	pochavle:1	pochawale:1	pochvle:1
पोचविले	pochvile:2	pochwile:2
पोचवू	pochvu:2	pochvoo:1	pochwoo:1	pochwu:1
पोचू	pochu:3	pochoo:2
पोट	pot:3
पोटच्या	potchya:3
पोटजात	potjat:2	potjaat:1
पोटदुखी	potdukhi:3	potdukhee:1
पोटशूळ	potshul:3	potshool:1	potshud:1
पोटाकडे	potakade:3
पोटाचा	potacha:3
पोटाची	potachi:3	potachee:1
पोटाचे	potache:3
पोटाच्या	potachya:3
पोटात	potat:3
पोटातील	potatil:3	potateel:1
पोटातून	potatun:3	potatoon:1
पोटापाण्यासाठी	potapanyasathi:2	potapanyasaathi:1
पोटामध्ये	potamadhe:2	potamaddhe:1	potamadhye:1
पोटाला	potala:3
पोटावर	potavar:3	potawar:2
पोटाशी	potashi:3	potashee:1
पोटासाठी	potasathi:3	potasathee:1
पोटी	poti:3	potee:1	potty:1
पोटॅशियम	potassium:4	pootashiyam:1	pootassium:1	poottasium:1
पोटे	pote:3
पोट्टी	potti:3	pottee:1	potty:1
पोत	pot:3
पोतदार	potdar:3	potadar:1	potdaar:1
पोती	poti:3	potee:1
पोते	pote:3
पोथी	pothi:3	pothee:2
पोद्दार	poddar:3
पोप	pop:2	pope:1
पोपच्या	popachya:1	popatchya:1	popechya:1	popechyaa:1
पोपट	popat:3
पोपटाची	popatachi:2	popatachee:1	poptachi:1
पोपटी	popati:2	poapti:1	popatee:1	popti:1
पोफळी	pofali:2	pophali:2	pofalee:1	pofdi:1
पोर	por:4	poar:1	pooar:1	poor:1
पोरकी	poraki:2	paraki:1	porakee:1	porki:1
पोरखेळ	porkhel:3	porakhel:1	porkhed:1
पोरगी	poragi:3	poragee:1	porgi:1
पोरबंदर	porbandar:3
पोरी	pori:3	poree:1
पोर्ट	poort:1	poorta:1	port:1	porta:1
पोर्ट्रेट	poortrait:1	poortret:1	portrait:1	portreet:1
पोर्णिमेच्या	pornimechya:2	pornimicya:1
पोर्तुगाल	portugal:3	poortugal:1	poortugala:1	poourtugal:1
पोर्तुगालच्या	portugalchya:3
पोर्तुगीज	portugese:1	portugues:1	portuguese:1
पोर्तुगीजांचा	portugesejancha:1	portugijancha:1	potuguesancha:1
पोर्तुगीजांचे	portugeseanche:1	portugijanche:1	portuguesanche:1
पोर्तुगीजांच्या	portuguesanchya:2	portugeseanchya:1	portujanchya:1
पोर्तुगीजांना	portugeseana:1	portuguesana:1	portuguesanna:1
पोर्तुगीजांनी	portugesejani:1	portugijanni:1	portuguesanni:1
पोलंड	poland:4	pooland:1
पोलंडच्या	polandchya:3
पोलंडमधील	polandmadhil:3	polandmadheel:1
पोलाद	polad:3	polaad:2
पोलादपूर	poladpur:3	poladpoor:1
पोलादाच्या	poladachya:3
पोलिओ	polio:4	poleeo:1	poleo:1	poliio:1
पोलिओचा	poliocha:2	poloocha:1
पोलिटिकल	political:4	politikal:2	politiqal:1	poolitical:1
पोलियो	polio:2	poliyo:1
पोलिश	polish:4	polees:1	poleesh:1	poleeshh:1
पोलिस	police:2	polis:1
पोलिसांची	polisanchi:2	policanchi:1	polisachee:1
पोलिसांच्या	polisanchya:3	policanchya:1
पोलिसांत	polisant:3	policant:1
पोलिसांना	polisanna:3	policanna:1
पोलिसांनी	polisanni:2	policanni:1	polisannee:1
पोलिसिंग	polising:2	policing:1
पोलिसी	policy:3	polisee:2	polisi:2	polici:1
पोलीस	police:2	polees:1
पोलीसांचा	polisancha:3	policancha:2
पोलीसांनी	policanni:2	polisanni:2	poleesannee:1
पोलो	polo:4	pooloo:1
पोळ	pol:4	pool:1
पोळपाटावर	polpatavar:3	polapatavar:1
पोळीचा	poleecha:2	policha:2
पोळीची	polichi:2	poleechee:1	poleechi:1
पोळीचे	poleeche:2	poliche:2
पोळे	pole:3
पोळ्या	polya:3
पोळ्याच्या	polyachya:3
पोवई	povai:2	powai:2
पोवळे	povale:3
पोवाडा	powada:2	povada:3
पोवाडे	povade:3
पोशाख	poshakh:3
पोश्टर	poster:2	poshtar:1
पोषक	poshak:3
पोषण	poshan:3
पोषणाची	poshanachee:1	poshanachi:1	poshnachi:1
पोषणासाठी	poshanasathee:1	poshanasathi:1	poshnasathi:1
पोषाख	poshakh:3
पोस्ट	post:4	poost:1	poosta:1	posht:1
पोस्टमध्ये	postmadhye:3
पोस्टमन	poostaman:1	poostman:1	postaman:1	postman:1
पोस्टमास्तर	postmastar:2	postmaster:1
पोस्टल	postal:4	poostal:1	poostala:1	poshtal:1
पोहचता	pohachata:3
पोहचते	pohachate:3
पोहचतो	pohachato:3
पोहचला	pohachala:3
पोहचली	pohachalee:2	pohachali:1
पोहचल्या	pohachalya:3
पोहचवण्याचे	pohachavanyache:1	pohachavnyache:1	pohochwanyache:1
पोहचवत	pohachavat:2	pohochwat:1
पोहचविले	pohachavile:3
पोहचावे	pohachave:2	pohchave:1
पोहचू	pohachu:2	pohachoo:1	pohchoo:1
पोहता	pohta:2	pohata:1
पोहनकर	pohankar:3
पोहू	pohoo:2	pohu:2
पोहे	pohe:3
पोहोचणारी	pohochanaree:1	pohochanari:1	pohochnari:1
पोहोचणे	pohochane:2	pohochne:1
पोहोचण्यासाठी	pohochnyasathi:2	pohochanyasathee:1	pohochanyasathi:1
पोहोचत	pohochat:3
पोहोचता	pohochata:3
पोहोचताच	pohochatach:2	pohochtach:1
पोहोचतील	pohochateel:1	pohochatil:1	pohochtil:1
पोहोचते	pohochate:2	pohochte:1
पोहोचतो	pohochato:2	pohochto:1
पोहोचला	pohochala:2	pohochla:1
पोहोचली	pohochali:2	pohochli:1
पोहोचले	pohochle:2	pohochale:3
पोहोचल्या	pohochalya:3
पोहोचल्यावर	pohochalyavar:3
पोहोचवणे	pohochavane:3
पोहोचवण्यासाठी	pohochavanyasathi:2	pohochavanyasathee:1
पोहोचवला	pohochavala:2	pohochavla:1
पोहोचवायचा	pohochavayacha:2	pohochavaycha:1
पोहोचविण्यासाठी	pohochavinyasathi:2	pohochavinyasathee:1
पोहोचविली	pohochavili:2	pohochavilee:1
पोहोचविले	pohochavile:3
पोहोचायला	pohochayala:3
पोहोचू	pohochoo:2	pohochu:2
पौगंडावस्था	paugandavastha:2	pougandavastha:1
पौगंडावस्थेत	paugandavasthet:2	pougandavasthet:1
पौगंडावस्थेतील	paugandavastheteel:1	paugandavasthetil:1	pougandavasthetil:1
पौड	paud:3
पौडवाल	paudwal:3
पौराणिक	pauranik:3
पौराणीक	pauranik:2	pauraneek:1
पौरोहित्य	paurohitya:2	paurahitya:1
पौर्णिमा	pournima:7	paurnima:1	pornima:1
पौर्णिमेच्या	paurnimechya:2	pournimechya:1
पौर्णिमेपासून	paurnimepasoon:2	paurnimrpasun:1	pournimepasun:1
पौर्णिमेला	paurnimela:2	apurnimela:1	pournimela:1
पौर्णिमेस	paurnimes:2	pournimes:1
पौर्वात्य	pauvartya:1	pauvratya:1	pourvatya:1
पौष	paush:2	poush:1
पौष्टिक	apushtik:1	paushtik:1	poushtik:1
पौष्टिकता	paushtikata:2	poushtikta:1
प्यायला	pyayala:2	pyayla:1
प्यायले	pyayale:2	pyaylo:1
प्यायलेली	pyayaleli:1	pyaylelee:1	pyayleli:1
प्यायल्याने	pyayalyane:2	pyaylyane:1
प्यार	piaar:2	pyaar:2	pyar:2	pyara:2
प्यारेलाल	pyarelal:3
प्याला	pyala:3
प्रकट	prakat:3
प्रकटपणे	prakatpane:2	prakatapane:1
प्रकटला	prakatala:3
प्रकटले	prakatale:3
प्रकटीकरण	prakatikaran:2	prakateekaran:1
प्रकरण	prakaran:3
प्रकरणही	prakaranahi:2	prakaranahee:1
प्रकरणांचा	prakaranancha:3
प्रकरणांमध्ये	prakarananmadhye:2	prakarannamadhe:1
प्रकरणाच्या	prakaranachya:3
प्रकरणात	prakaranat:3
प्रकरणामध्ये	prakaranamadhye:2	prakaranamadhe:1
प्रकरणी	prakarani:3
प्रकरणे	prakarane:2	prakarne:1
प्रकर्षाने	prakarshane:2	prakarshne:1
प्रकल्प	prakalpa:3	prakalp:3
प्रकल्पग्रस्तांचे	prakalpagrastanche:1	prakalpgrastache:1	prakalpgrastanche:1
प्रकल्पांची	prakalpanchi:2	prakalpanchee:1
प्रकल्पांचे	prakalpanche:3
प्रकल्पांतर्गत	prakalpantargat:3
प्रकल्पांना	prakalpanna:3
प्रकल्पांमध्ये	prakalpanmadhye:3
प्रकल्पांमुळे	prakalpanmule:3
प्रकल्पाकडे	prakalpakade:3
प्रकल्पाचा	prakalpacha:3
प्रकल्पाची	prakalpachi:2	prakalpachee:1
प्रकल्पाचे	prakalpache:3
प्रकल्पाच्या	prakalpachya:3
प्रकल्पात	prakalpat:3
प्रकल्पातील	prakalpatil:2	prakalpateel:1
प्रकल्पातून	prakalpatoon:2	prakalpatun:2
प्रकल्पामध्ये	prakalpamadhye:2	prakalpanadhye:1
प्रकल्पामुळे	prakalpamule:3
प्रकल्पाला	prakalpala:3
प्रकल्पावर	prakalpavar:3
प्रकल्पाशी	prakalpashi:2	prakalpashee:1
प्रकल्पासाठी	prakalpasathi:2	prakalpasathee:1
प्रकार	prakar:3
प्रकारचा	prakaracha:2	prakarcha:1
प्रकारची	prakarachi:3	prakarachee:1	prakarchi:1
प्रकारचे	prakarche:8	prakarache:1	prakarahe:1
प्रकारचें	prakarache:2	prakarchen:1
प्रकारच्या	prakarchya:8	prakarachya:2
प्रकारही	prakarahee:1	prakarahi:1	prakarhi:1
प्रकारांचा	prakarancha:3
प्रकारांची	prakaranchi:2	prakaranchee:1
प्रकारांचे	prakaranche:3
प्रकारांच्या	prakaranchya:3
प्रकारांना	prakaranna:3
प्रकारांनी	prakaranni:2	prakarannee:1
प्रकारांपैकी	prakaranpaiki:2	prakaranpaikee:1
प्रकारांमध्ये	prakaranmadhye:3
प्रकारांसाठी	prakaransathi:2	prakaransathee:1
प्रकाराचा	prakaracha:3
प्रकाराची	prakarachi:2	prakarachee:1
प्रकाराचे	prakarache:3
प्रकाराच्या	prakarachya:3
प्रकारात	prakarat:3
प्रकारातील	prakaratil:2	prakarateel:1
प्रकारातून	prakaratoon:2	prakaratun:2
प्रकारानुसार	prakaranusar:3
प्रकाराने	prakarane:3
प्रकारापासून	prakarapasoon:3	prakarapasun:1
प्रकारामध्ये	prakaramadhye:3
प्रकारामुळे	prakaramule:3
प्रकाराला	prakarala:3
प्रकारावर	prakaravar:3
प्रकारावरून	prakaravaroon:2	prakaravarun:2
प्रकारास	prakaras:3
प्रकारासाठी	prakarasathi:2	prakarasathee:1
प्रकारे	prakare:3
प्रकारें	prakare:1	prakarem:1	prakaren:1
प्रकाश	prakash:4	prakas:1	prakasa:1	prakasha:1
प्रकाशक	prakashak:3
प्रकाशकाच्या	prakashakachya:3
प्रकाशचित्रे	prakashchitre:2	prakashachitre:1
प्रकाशझोतात	prakashjhotat:3	prakashzotat:1
प्रकाशन	prakashan:3
प्रकाशनने	prakashanane:2	prakashnane:1
प्रकाशनाचा	prakashanacha:2	prakashnacha:1
प्रकाशनाच्या	prakashanachya:3
प्रकाशनाने	prakashanane:2	prakashnane:1
प्रकाशने	prakashane:3
प्रकाशयोजना	prakashyojana:3
प्रकाशाचा	prakashacha:3
प्रकाशाची	prakashachi:2	prakashachee:1
प्रकाशाचे	prakashache:2	prakashachya:1
प्रकाशाच्या	prakashachya:3
प्रकाशाला	prakashala:3
प्रकाशित	prakashit:3
प्रकृती	prakruti:2	prakrutee:1
प्रकृतीची	prakrutichi:2	prakruteechee:1
प्रकोप	prakop:3
प्रक्रिया	prakriya:3
प्रक्रियांचे	prakriyanche:3
प्रक्रियांना	prakriyanna:3
प्रक्रियाच	prakriyach:3
प्रक्रियेचा	prakriyecha:3
प्रक्रियेची	prakriyechee:1	prakriyechi:1	prakriyehci:1
प्रक्रियेचे	prakriyeche:3
प्रक्रियेच्या	prakriyechya:3
प्रक्रियेत	prakriyet:3
प्रक्रियेतील	prakriyetil:2	prakriyeteel:1
प्रक्रियेतून	prakriyetoon:2	prakriyetun:2
प्रक्रियेने	prakriyene:3
प्रक्रियेपासून	prakriyepasoon:2	prakriyepasun:2
प्रक्रियेमध्ये	prakriyemadhye:3
प्रक्रियेमुळे	prakriyemule:3
प्रक्रियेला	prakriyela:3
प्रक्रियेवर	prakriyevar:3
प्रक्रियेशी	prakriyeshi:2	prakriyeshee:1
प्रक्रियेस	prakriyes:3
प्रक्रियेसाठी	prakriyesathee:1	prakriyesathi:1	prakriyesati:1
प्रक्षेपण	prakshepan:3
प्रक्षेपित	prakshepit:3
प्रक्षोभ	prakshobh:3
प्रखर	prakhar:3
प्रख्यात	prakhyat:3
प्रगट	pragat:3
प्रगत	pragat:3
प्रगति	pragati:3
प्रगती	pragati:3
प्रगतीचा	pragaticha:3
प्रगतीची	pragatichi:3
प्रगतीत	pragatit:3
प्रगतीपथावर	pragatipathavar:2	pragatipathawar:1
प्रगतीवर	pragativar:3
प्रगतीशील	pragatisheel:1	pragatishi:1	pragatishil:1
प्रगतीस	pragatis:3
प्रगल्भ	pragalbh:2	pragalbha:1
प्रघात	praghat:3
प्रचंड	prachand:2	prachanda:1
प्रचलन	prachalan:2	prachlan:1
प्रचलित	prachalit:2	prachlit:1
प्रचार	prachar:3
प्रचारक	pracharak:3
प्रचारसभेत	pracharsabhet:3
प्रचाराच्या	pracharachya:2	pracharachhya:1
प्रचारात	pracharat:3
प्रचारातील	pracharatil:2	pracharateel:1
प्रचारादरम्यान	pracharadarmyan:3
प्रचारासाठी	pracharasathi:2	pracharasathee:1
प्रचालक	prachalak:3
प्रचिती	prachiti:2	prachitee:1
प्रचीती	prachiti:2	pracheetee:1
प्रजनन	prajanan:3
प्रजननासाठी	prajananasathi:2	prajananasathee:1
प्रजा	praja:3
प्रजाजन	prajaanan:1	prajajan:1	prajanan:1
प्रजाती	prajati:2	prajatee:1
प्रजातींची	prajatinchi:2	prajateenchee:1
प्रजापती	prajapatee:2	prajapati:1
प्रजासत्ताक	prajasattak:3
प्रजासत्ताकाच्या	prajasattakachya:3
प्रज्ञा	pradnya:3
प्रज्ञावंत	pradnyavant:3
प्रज्वलन	prajvalan:3	prajwalan:1
प्रज्वलित	prajvalit:2	prajwalit:1	prajyalit:1
प्रणय	pranay:3
प्रणयाच्या	pranayachya:3
प्रणव	pranav:3
प्रणाम	pranam:3
प्रणाली	pranali:2	pranalee:2
प्रणालीचा	pranaleecha:2	pranalicha:1
प्रणालीची	pranaleeche:1	pranaleechee:1	pranalichi:1
प्रणालीचे	pranaleeche:2	pranaliche:1
प्रणालीतील	pranaleeteel:2	pranalitil:1
प्रणेते	pranete:3
प्रत	prat:7
प्रताधिकार	pratadhikar:3
प्रताप	pratap:3
प्रतापगड	pratapgad:3
प्रतापगडाच्या	pratapgadachya:2	pratapagadachya:1
प्रतापगडावरील	pratapagadavareel:1	pratapgadavareel:1	pratapgadavaril:1
प्रतापराव	prataprav:2	prataprao:1
प्रतापसिंह	pratapsinh:3
प्रति	prati:3
प्रतिक	pratik:3
प्रतिकं	pratik:2	pratikam:1
प्रतिकात्मक	pratikatmak:3
प्रतिकार	pratikar:2	pratikarak:1
प्रतिकारशक्ती	pratikarshakti:2	pratikarashaktee:1
प्रतिकूल	pratikool:2	pratikul:2
प्रतिकृती	pratikruti:2	pratikrutee:1
प्रतिक्रिया	pratikriya:3
प्रतिगामी	pratigami:2	prateegami:1	pratigamee:1
प्रतिज्ञा	pratidnya:2	prateegya:1	pratigya:1
प्रतिनिधित्व	pratinidhitva:4	prateenidhitv:1	pratinidheetv:1	pratinidhitv:1
प्रतिनिधी	pratinidhi:2	prateenidhi:1	pratinidhee:1
प्रतिनिधींच्या	pratinidhinchya:2	prateenidhinchya:1	pratinidheenchya:1
प्रतिनिधीत्व	prateenidhitv:1	pratinidheetv:1	pratinidhitv:1	pratinidhitva:1
प्रतिपदा	pratipada:3
प्रतिपदेपासून	pratipadepasoon:3	pratipadepasun:1
प्रतिपदेला	pratipadela:3
प्रतिपदेस	pratipades:3
प्रतिपादन	pratipadan:3
प्रतिपाळ	pratipal:2	pratipla:1
प्रतिबंध	pratibandha:2	pratibandh:2
प्रतिबंधक	pratibandhak:3
प्रतिबंधात्मक	pratibandhatmak:3
प्रतिबंधित	pratibandhit:3
प्रतिबिंब	pratibimb:3
प्रतिबिंबित	pratibimbit:2	pratibmbit:1
प्रतिभा	pratibha:3
प्रतिभावंत	pratibhavant:2	pratibhavanrt:1
प्रतिभावान	pratibhavan:3
प्रतिभाशाली	pratibhashalee:2	pratibhashali:1
प्रतिमा	pratima:3
प्रतिमांची	pratimanchi:2	pratimanchee:1
प्रतिरूप	pratiroop:2	pratirup:2
प्रतिवर्षी	prativarshi:2	prativarshee:1
प्रतिवाद	prativad:3
प्रतिवादी	prativadi:2	prativadee:1
प्रतिशब्द	pratishbd:2	pratishabd:1
प्रतिशोध	pratishodh:3
प्रतिष्ठा	pratishtha:3
प्रतिष्ठान	pratishthan:2	pratisthan:1
प्रतिष्ठानचा	pratishthanacha:1	pratishthancha:1	pratisthancha:1
प्रतिष्ठानची	pratishthanachee:1	pratishthanchi:1	pratisthanchi:1
प्रतिष्ठानचे	pratishthanche:2	pratishthanache:1
प्रतिष्ठानच्या	pratishthanchya:2	pratishthanachya:1
प्रतिष्ठानतर्फे	pratishthantarfe:2	pratishthanatarfe:1	pratishthantarphe:1
प्रतिष्ठानने	pratishthanane:3
प्रतिष्ठानमध्ये	pratishthanmadhye:2	pratishthanamadhye:1
प्रतिष्ठानला	pratishthanla:2	pratishthanala:1
प्रतिष्ठापना	pratishthapana:3
प्रतिष्ठित	pratishthit:3
प्रतिष्ठेचा	pratishthecha:2	pratishathech:1
प्रतिष्ठेचे	pratishtheche:3
प्रतिष्ठेच्या	pratishthechya:2	pratisyahthech:1
प्रतिसाद	pratisad:3
प्रतिसादानंतर	pratisadanantar:2	prateesadananter:1	pratisadananter:1
प्रतिस्पर्धी	pratispardhi:2	prateespardhi:1	pratispradhi:1
प्रती	prati:3	pratee:1
प्रतीक	pratik:3	prateek:1
प्रतीके	pratike:2	prateeke:1	pratikey:1
प्रतीक्षा	pratiksha:3	prateeksha:1
प्रतीचा	praticha:3	prateecha:1
प्रतीची	pratichi:3	prateechi:1
प्रतीचे	pratiche:3	prateechey:1
प्रतीच्या	pratichya:3
प्रतीत	pratit:2	pratita:1
प्रतीवर	prativar:3
प्रत्यंतर	pratyantar:3
प्रत्यक्ष	pratyaksha:2	pratyaksh:1
प्रत्यक्षात	pratyakshat:3
प्रत्येक	pratyek:2	pratek:1
प्रत्येकाच्या	pratyekachya:3
प्रत्येकाला	pratyekala:3
प्रत्येकास	pratyekas:2	pratyekaas:1
प्रत्येकी	pratyeki:3	pratyekee:1
प्रत्येकीला	pratyekila:3
प्रथम	pratham:3
प्रथमच	prathamach:2	prathamch:1
प्रथमतः	prathamat:1	prathamataha:1	prathamth:1
प्रथमश्रेणी	prathamshreni:3
प्रथा	pratha:3
प्रथाही	prathahi:3
प्रथिन	prathin:3
प्रथिनयुक्त	prathinyukt:2	prathinyukta:1
प्रथिनांचे	prathinanche:3
प्रथिने	prathine:3
प्रथेचा	prathecha:3
प्रथेचे	pratheche:2	pretheche:1
प्रथेप्रमाणे	prathepramane:3
प्रदक्षिणा	pradakshina:3
प्रदर्शन	pradarshan:3
प्रदर्शनाचे	pradarshanache:2	pradarshnache:1
प्रदर्शनात	pradarshanat:2	pradarshnat:1
प्रदर्शनानंतर	pradarshananantar:2	pradarshnantar:1
प्रदर्शने	pradarshane:3
प्रदर्शित	pradarshit:3
प्रदान	pradan:3
प्रदीप	pradeep:3	pradip:2
प्रदीप्त	pradipt:2	pradipta:1
प्रदूषण	pradushan:3
प्रदूषित	pradushit:3
प्रदेश	pradesh:4	pradeesh:1	prades:1	pradeshh:1
प्रदेशची	pradeshchi:2	pradeshachi:1
प्रदेशचे	pradeshche:2	pradeshache:1
प्रदेशच्या	pradeshchya:3
प्रदेशांच्या	pradeshanchya:3	pradeshaanchya:1
प्रदेशांत	pradeshaant:2	pradeshant:2
प्रदेशांतील	pradeshaantil:1	pradeshanmadhil:1	pradeshanteel:1	pradeshantil:1
प्रदेशांमध्ये	pradeshamadhe:1	pradeshanmadhe:1	pradeshanmadhye:1
प्रदेशाचा	pradeshacha:3	pradeshaacha:1
प्रदेशाची	pradeshachi:3	pradeshachee:1
प्रदेशाचे	pradeshache:2	pradeshaache:1	pradeshachey:1
प्रदेशाच्या	pradeshaachya:2	pradeshachya:2
प्रदेशात	pradeshat:3	pradeshaat:1
प्रदेशातच	pradeshatach:2	pradeshaatach:1	pradeshatch:1
प्रदेशातील	pradeshatil:3	pradeshateel:1
प्रदेशातून	pradeshatun:3	pradeshatoon:1
प्रदेशाध्यक्ष	pradeshadhyaksh:3
प्रदेशानुसार	pradeshanusaar:2	pradeshanusar:2
प्रदेशामधील	pradeshamadhil:3	pradeshamadheel:1
प्रदेशामध्ये	pradeshamadhye:2	pradeshamadhe:1
प्रदेशाला	pradeshaala:2	pradeshala:2
प्रदेशावर	pradeshavar:2	pradeshaver:1
प्रधान	pradhan:3
प्रधानमंत्री	pradhanmantri:3
प्रपंच	prapanch:2	prapancha:1
प्रपंचाचा	prapanchacha:3
प्रपंचात	prapanchat:3
प्रपोजल	proposal:3
प्रबंध	prabandha:3	prabandh:2
प्रबळ	prabal:3
प्रबळगड	prabalgad:2	prabalgarh:1
प्रबुद्ध	prabuddh:1	prabuddha:1	prabudh:1
प्रबोधक	prabodhak:3
प्रबोधन	prabodhan:2	prabhodan:1
प्रबोधनकार	prabodhankar:3
प्रबोधनाची	prabodhanachi:2	prabodhnachi:1
प्रबोधनात्मक	prabodhanatmak:2	prabodhnatmak:1
प्रबोधिनी	prabodhini:3
प्रबोधिनीच्या	prabodhinichya:2	prabhodinichya:1	prabodhineechya:1
प्रभा	prabha:3
प्रभाकर	prabhakar:3
प्रभाग	prabhag:3
प्रभागाची	prabhagachi:3
प्रभागाचे	prabhagache:3
प्रभात	prabhat:3
प्रभार	prabhar:3
प्रभाव	prabhav:3
प्रभावळकर	prabhavalkar:3
प्रभावळीत	prabhavalit:3
प्रभावशाली	prabhavshali:2	prabhavshaali:1
प्रभावाखाली	prabhavakhali:2	prabhavakhaalee:1
प्रभावात	prabhavat:2	prabhavaat:1
प्रभावाने	prabhavane:3
प्रभावामुळे	prabhavamule:3
प्रभावित	prabhavit:3
प्रभावी	prabhavi:3
प्रभावीपणे	prabhavipane:3
प्रभु	prabhu:3
प्रभुणे	prabhune:3
प्रभुत्व	prabhutva:2	prabhutv:1
प्रभू	prabhu:3	prabhoo:1	prabhuu:1
प्रमाण	praman:4
प्रमाणपत्र	pramanpatra:2	pramanpatr:1
प्रमाणपत्राच्या	pramanpatrachya:2	pramanapatrachya:1
प्रमाणभूत	pramanbhut:3
प्रमाणवेळ	pramanvel:3
प्रमाणांत	pramanant:3
प्रमाणात	pramanat:3
प्रमाणातील	pramanatil:3	pramanateel:1
प्रमाणानुसार	pramananusar:3
प्रमाणावर	pramanavar:3	pramannavar:1
प्रमाणित	pramanit:3	pramannit:1
प्रमाणे	pramane:2	pramaane:1	pramanne:1
प्रमाणेच	pramanech:3	pramannech:1
प्रमाद	pramad:3	pramaad:1
प्रमिला	pramila:3	pramilla:1
प्रमुख	pramukh:3	pramookh:1
प्रमुखाला	pramukhala:3	pramookhala:1
प्रमूख	pramukh:3	pramookh:1
प्रमेय	pramey:3	pramay:1
प्रमेये	prameye:3
प्रमोद	pramod:3
प्रयत्न	prayatna:9	prayatn:2	praytn:1
प्रयत्नशील	prayatnasheel:2	prayatnshil:1
प्रयत्नांती	prayatnaanti:1	prayatnantee:1	prayatnanti:1
प्रयत्नांना	prayatnanna:3
प्रयत्नांमुळे	prayatnanmule:3
प्रयत्नात	prayatnat:2	prayatnaat:1
प्रयत्नाने	prayatnane:3
प्रयाग	prayag:3
प्रयाण	prayan:2	prayaan:1
प्रयास	prayas:3
प्रयुक्त	prayukt:3
प्रयोग	prayog:3
प्रयोगशाळा	prayogshala:2	prayogashala:1
प्रयोगशाळेचे	prayogshaleche:3
प्रयोगशाळेच्या	prayogshalechya:3
प्रयोगशाळेत	prayogashalet:1	prayogshalet:1	proyogshalet:1
प्रयोगशाळेतील	prayogshaletil:2	prayogshaleteel:1
प्रयोगशील	prayogsheel:2	prayogshil:1
प्रयोगशीलता	prayogsheelata:1	prayogsheelta:1	prayogshilta:1
प्रयोगांचा	prayogancha:3
प्रयोगांची	prayoganchi:2	prayoganchee:1
प्रयोगांच्या	prayoganchya:3
प्रयोगांत	prayogant:3
प्रयोगांना	prayoganna:2	prayoganana:1
प्रयोगांनी	prayogananee:1	prayoganani:1	prayoganni:1
प्रयोगांमध्ये	prayoganmadhye:3
प्रयोगांसाठी	prayogansathi:2	prayoganasadhee:1
प्रयोगाअंती	prayogaanti:2	prayogaantee:1
प्रयोगाचे	prayogache:3	prayogachey:1
प्रयोगाच्या	prayogachya:3
प्रयोगात	prayogat:3	prayogaat:1
प्रयोगातील	prayogateel:2	prayogatil:2
प्रयोगातून	prayogatoon:2	prayogatun:2
प्रयोगानंतर	prayoganantar:2	prayogananter:1
प्रयोगाने	prayogane:3	prayogaane:1
प्रयोगामध्ये	prayogamadhye:3
प्रयोगाला	prayogala:3	prayogaala:1
प्रयोगासाठी	prayogasathi:2	prayogasaathi:1	prayogasadhee:1
प्रयोजन	prayojan:3
प्रलोभने	pralobhan:1	pralobhane:1	pralobhne:1	pralobhney:1
प्रल्हाद	pralhad:3	pralhaad:1
प्रल्हादाला	pralhadala:3	pralhaadala:1
प्रवक्त्या	pravaktya:2	parvktya:1	prawaktya:1
प्रवचन	pravachan:2	parvachan:1	prawachan:1
प्रवचनकार	pravachankar:3	pravachankaar:1
प्रवचनाच्या	pravachanachya:3
प्रवचने	pravachane:3
प्रवण	pravan:3
प्रवर	pravar:3
प्रवरा	pravara:3
प्रवरानगर	pravaranagar:2	pravranagar:1
प्रवर्ग	pravarg:2	pravarga:1
प्रवर्गात	pravargat:3
प्रवर्तक	pravartak:3
प्रवर्तन	pravartan:3
प्रवर्तित	pravartit:3
प्रवाशांकडून	pravashankadoon:2	pravashankadun:1
प्रवाशांची	pravashanchi:2	pravashanchee:1
प्रवाशांच्या	pravashanchya:3
प्रवाशांना	pravashanna:3
प्रवाशांनी	pravashanni:2	pravashannee:1
प्रवाशांसाठी	pravashansathi:2	pravashanasathee:1	pravashansathee:1
प्रवाशी	pravashee:2	pravashi:1
प्रवास	pravas:3
प्रवासवर्णन	pravasvarnan:3
प्रवासवर्णने	pravasvarnane:3
प्रवासाच्या	pravasachya:3
प्रवासात	pravasat:3
प्रवासानंतर	pravasanantar:3
प्रवासामुळे	pravasamule:3
प्रवासास	pravasas:3
प्रवासासाठी	pravasasathi:2	pravasasathee:1
प्रवासी	pravasi:2	pravasee:1
प्रवाह	pravah:3
प्रवाहांच्या	pravahanchya:3
प्रवाहाची	pravahachi:2	pravahachee:1
प्रवाहाचे	pravahache:3
प्रवाहाच्या	pravahachya:3
प्रवाहात	pravahat:3
प्रवाहामुळे	pravahamule:3
प्रवाहित	pravahit:3
प्रवाही	pravahee:2	pravahi:1
प्रविष्ट	pravisht:2	pravishta:1
प्रवीण	praveen:2	pravin:1
प्रवृत्त	pravrut:1	pravrutt:1	pravrutta:1
प्रवृत्ती	pravaruatee:1	pravruttee:1	pravrutti:1
प्रवृत्तींचा	pravruttincha:2	pravaruteencha:1
प्रवृत्तीचा	pravrutticha:2	pravruteecha:1
प्रवेश	pravesh:3
प्रवेशद्वार	praveshdwar:3
प्रवेशद्वारातून	praveshdwaratun:2	praveshadvaratun:1
प्रवेशद्वारावर	praveshadvaravar:1	praveshdvaravar:1	praveshdwaravar:1
प्रवेशद्वारावरील	praveshadvaravaril:1	praveshdwaravareel:1	praveshdwaravaril:1
प्रवेशद्वाराशी	praveshadvarashi:1	praveshdwarashee:1	praveshdwarashi:1
प्रवेशद्वारे	praveshadware:1	praveshdvare:1	praveshdware:1
प्रवेशले	praveshle:2	praveshale:1
प्रवेशही	praveshahi:2	praveshahee:1
प्रवेशाचा	praveshacha:3
प्रवेशाचे	praveshache:3
प्रवेशात	praveshat:3
प्रवेशाला	praveshala:3
प्रवेशासाठी	praveshasathi:2	praveshasathee:1
प्रवेशिका	praveshika:3
प्रशंसनीय	prashansaniy:1	prashansaniya:1	prashasaniy:1
प्रशंसा	prashansa:3
प्रशस्त	prashast:2	prashasta:1
प्रशांत	prashant:4	prasant:1	prasanta:1	prashanta:1
प्रशासक	prashasak:3
प्रशासकांना	prashasakanna:2	prashaskanna:1
प्रशासकिय	prashaskiy:2	prashasakiya:1
प्रशासकीय	prashaskiya:8	prashasakiya:1	prashaskiy:1
प्रशासन	prashasan:2	prashashan:1
प्रशासनाचा	prashasanacha:2	prashashanacha:1
प्रशासनाची	prashasanachi:2	prashashanachi:1
प्रशासनाचे	prashasanache:3
प्रशासनाच्या	prashasanachya:3
प्रशासनात	prashasanat:3
प्रशासनातील	prashasanatil:3
प्रशासनाने	prashasanane:3
प्रशासनामध्ये	prashasanamadhye:2	prashasnamadhye:1
प्रशासनाला	prashasanala:2	prashasnala:1
प्रशासनावर	prashasanavar:2	prashasnavar:1
प्रशासनाशी	prashasanashi:2	prashasnashi:1
प्रशासनिक	prashasanik:3
प्रशिक्षक	prashikshak:3
प्रशिक्षण	prashikshan:3
प्रशिक्षणामध्ये	prashikshanamadhye:2	pashikshnamadhye:1
प्रशिक्षणार्थी	prashikshanarthi:2	preshikshnarthi:1
प्रशिक्षित	prashikshit:2	prashakshit:1
प्रशियन	prashan:1	prashhian:1	prashhiyan:1	prashian:1
प्रशिया	prashhiya:1	prashia:1	prashiya:1	prasia:1
प्रश्न	prashna:2	prashn:1
प्रश्नांचा	prashnancha:3
प्रश्नांची	prashnanchi:3
प्रश्नांचे	prashnanche:3
प्रश्नांना	prashnanna:3
प्रश्नांवर	prashnanvar:3
प्रश्नातून	prashnatun:2	prashantun:1	prashnatoon:1
प्रश्नावर	prashnavar:2	prashanavar:1
प्रश्र्न	prashna:2	prashan:1
प्रसंग	prasang:3
प्रसंगही	prasangahi:2	prasanghi:1
प्रसंगांचे	prasanganche:3
प्रसंगातील	prasangatil:3	prasangateel:1
प्रसंगातून	prasangatun:2	prasangatoon:1
प्रसंगी	prasangi:3
प्रसंगोपात	prasangopat:3
प्रसन्न	prasanna:2	prasnna:1
प्रसन्ना	prasanna:3
प्रसरण	prasaran:3
प्रसव	prasav:3
प्रसाद	prasad:4	prasaad:1	prasada:1	prashaad:1
प्रसादाचा	prasadacha:3
प्रसादाची	prasadachi:2	prasadachee:1
प्रसादात	prasadat:3
प्रसाधने	prasadhane:3
प्रसार	prasar:3
प्रसारक	prasarak:3
प्रसारण	prasaran:3
प्रसारणमंत्री	prasaranmantri:2	prasaranamantree:1
प्रसारमाध्यमांद्वारे	prasaramadhyamandvare:1	prasarmadhyamandvare:1	prasarmadhyamandware:1
प्रसारमाध्यमे	prasarmadhyame:2	prasaramadhyame:1
प्रसारही	prasarahee:1	prasarahi:1	prasarhi:1
प्रसाराची	prasarachi:2	prasarachee:1
प्रसारासाठी	prasarasathi:3
प्रसारित	prasarit:3
प्रसिद्ध	prasidha:18	prasiddh:2	prasiddha:1
प्रसिद्धी	prasiddhi:3
प्रसिद्धीच्या	prasiddhichya:3
प्रसिद्धीस	prasiddhis:2	prasidhis:1
प्रसिध्द	prasiddha:2	parsidh:1
प्रसूति	prasuti:3	prasootee:1
प्रसूती	prasuti:3	prasooti:1
प्रसूतीच्या	prasutichya:3	prasootichya:1
प्रसूतीनंतर	prasutinantar:3	prasootinantar:1
प्रसृत	prasat:1	prasrut:1	prasruti:1
प्रस्ताव	prastav:3
प्रस्तावना	prastavana:2	prastavna:1
प्रस्तावनेत	prastavnet:2	prastavanet:1
प्रस्तावावर	prastavavar:3	prastavar:1
प्रस्तावित	prastavit:3
प्रस्तुत	prastut:3
प्रस्थान	prasthan:3
प्रस्थापित	prasthapit:3	prasthapeet:1
प्रहर	prahar:3
प्रहरी	prahari:2	praharee:1
प्रहार	prahar:3
प्रा	pra:3
प्रांगणात	pranganat:1	prangnaat:1	prangnat:1	prangnnat:1
प्रांजल	pranjal:3
प्रांत	prant:3	praant:1
प्रांतांची	prantanchi:3	prantanchee:1
प्रांतांच्या	prantanchya:3	praantanchya:1
प्रांतांत	prantant:3	prantaant:1
प्रांताचा	prantacha:3	praantacha:1
प्रांताची	prantachi:2	praantachi:1	prantachee:1
प्रांताचे	prantache:3	prantachey:1
प्रांताच्या	prantachya:2	praatanchya:1	prantaachya:1
प्रांतात	prantat:2	praantat:1	prantaat:1
प्रांतातील	prantatil:3	prantateel:1
प्रांतातून	prantatun:3	prantatoon:1
प्रांतानुसार	prantanusar:3	prantanusaar:1
प्रांतामध्ये	prantamadhye:3	praantamadhye:1
प्रांताला	prantala:3	prantaala:1
प्रांतावर	prantavar:3	prantawar:1
प्रांतिक	prantik:3	praantik:1
प्रांतीय	prantiy:2	pranteey:1
प्राइड	pride:2	praaid:1	prid:1
प्राकृत	prakrut:2	prakruti:1
प्राकृतिक	prakrutik:3
प्राग	prag:3
प्रागतिक	pragatik:2	pragtik:1
प्रागैतिहासिक	pragaitihasik:3
प्राचार्य	pracharya:3	prachary:2
प्राचार्या	pracharya:3
प्राचिन	prachin:3
प्राचीन	prachin:2	pracheen:1
प्राचीनता	pracheenata:1	pracheenta:1	prachinta:1
प्राच्यविद्या	prachyavidya:2	prachyvidya:1
प्राजक्ता	prajakta:2	prajkta:1
प्राजक्ताची	prajaktachi:2	prajaktachee:1
प्राण	pran:3	praan:1	prana:1	prann:1
प्राणघातक	pranghatak:2	pranaghatak:1
प्राणवायू	pranvayu:2	pranavayoo:1	pranvayoo:1
प्राणही	pranahi:2	pranahee:1
प्राणांची	prananchi:2	prananchee:1
प्राणाची	pranachi:2	pranachee:1
प्राणाचे	pranache:3
प्राणायाम	pranayam:3
प्राणावर	pranavar:3
प्राणी	prani:2	pranee:1
प्राणीशास्त्र	praneeshasrta:1	pranishastra:1	pranishatra:1
प्राण्यांचा	pranyancha:3	pranayancha:1
प्राण्यांची	pranyanchi:2	pranyanchee:1
प्राण्यांचे	pranyanche:3
प्राण्यांच्या	pranyanchya:3
प्राण्यांमध्ये	pranyanmadhye:3
प्राण्यांवर	pranyanvar:3
प्राण्यांशी	pranyanshi:2	pranyanshee:1
प्राण्याची	pranyachi:2	pranyachee:1
प्राण्याचे	pranyache:3
प्राण्याच्या	pranyachya:3
प्रातः	pratah:2	pratha:1
प्रातिनिधिक	pratinidhik:3	prateeneedheek:1
प्रात्यक्षिक	pratyakshik:3	pratyaksheek:1
प्रात्यक्षिके	pratyakshike:3	pratyaksheeke:1
प्राथमिक	prathamik:2	prathameek:1	prathmik:1
प्रादुर्भाव	pradurbhav:3
प्रादेशिक	pradeshik:3	pradesheek:1
प्राधान्य	pradhanya:3
प्राधान्ये	pradhanye:2	padhanye:1
प्राधिकरण	pradhikaran:3	pradheekaran:1
प्राधिकरणाचे	pradhikaranache:2	pradheekaranache:1	pradhikarnache:1
प्राधिकरणाच्या	pradhikaranachya:2	pradheekaranachya:1	pradhikarnachya:1
प्राधिकरणाने	pradhikaranane:2	pradheekaranane:1	pradhikarnane:1
प्राध्यापक	pradhyapak:3
प्राध्यापकांचा	pradhyapakancha:3
प्राध्यापकाची	pradhyapakachi:2	pradhyapakachee:1
प्राध्यापकाने	pradhyapakane:3
प्राध्यापकी	pradhyapaki:2	pradhyapakee:1
प्राध्यापिका	pradhyapika:3	pradhyapeeka:1
प्राप्त	prapt:2	prapta:1
प्राप्तिकर	praptikar:3	prapteekar:1
प्राप्ती	prapti:2	praptee:1
प्राबल्य	prabalya:3
प्रामाणिक	pramanik:3	pramaneek:1
प्रामाणिकपणा	pramanikapana:2	pramanikpna:1
प्रामाणिकपणे	pramanikapane:2	pramanikapne:1
प्रामुख्याने	pramukhyane:3
प्राय	pray:3	praay:1
प्रायव्हेट	private:3	prayavhet:1	prayvhet:1
प्रायश्चित्त	prayashchitt:1	prayashchitta:1	prayashitt:1
प्रायोगिक	prayogik:3	prayogick:1
प्रायोजकत्व	prayojakatv:1	prayojaktv:1	prayojkatv:1	prayojktv:1
प्रायोजित	prayojit:3	prayojeet:1
प्रारंभ	prarambh:2	parambh:1	praramb:1
प्रारंभिक	prarambhik:3	prarambheek:1
प्रारंभी	prarambhee:2	prarambhi:2
प्रारंभीचे	prarambhiche:2	prarambheeche:1	prarambhichey:1
प्रारंभीच्या	prarambheechya:1	prarambhichya:1	praranbhichya:1
प्रारूप	praroop:2	praaroop:1	prarup:1
प्रार्थना	prarthana:1	prarthna:1	prarthnaa:1	prathna:1
प्रार्थनास्थळ	prarthanasthal:1	prarthnasthal:1	prarthnasthall:1	prathnasathal:1
प्राविण्य	pravinya:2	praviney:1	praviny:1
प्रावीण्य	pravinya:2	praveeny:1	praviny:1
प्राशन	prashan:3	praashan:1
प्रासंगिक	prasangik:3	prasngik:1
प्रासादिक	prasadik:3	prasadeek:1
प्रिंट	print:4	printa:1
प्रिंटिंग	printing:3
प्रिती	priti:3	preeti:1
प्रिन्स	prince:3
प्रिन्सिपॉल	principal:1	prinsipal:1	prinsipala:1
प्रिन्सेस	princeess:1	princess:1	prinsees:1	prinses:1
प्रिन्स्टन	princeton:3	prinston:2	princestan:1	princeston:1
प्रिय	priya:2	priy:3
प्रियंका	priyanka:3	preeyanka:1
प्रियदर्शिनी	preeydarshani:1	preeydasheeni:1	priyadarshineee:1	priyadarshini:1
प्रिया	priya:4	preeya:2	priiya:1
प्रियांका	priyanka:4	preeyanka:1	priyanqa:1
प्रिये	priye:3
प्रीतम	preetam:2	pritam:1
प्रीती	priti:2	preetee:1	preeti:1
प्रीत्यर्थ	prityarth:2	peetyarth:1
प्रीमियर	premier:2	premear:1	premer:1	premiar:1
प्रे	prai:1	praii:1	pray:1	pre:1
प्रेक्षक	prekshak:3
प्रेक्षकांच्या	prekshakanchya:2	prekshkanchya:1
प्रेक्षकांसमोर	prekshakansamor:2	prekshkansamor:1
प्रेक्षकांसाठी	prekshakansathi:2	prekshkansathi:1
प्रेक्षणीय	prekshaniy:1	prekshaniya:1	prekshniy:1
प्रेत	pret:4
प्रेम	prem:5	preem:1
प्रेमच	premach:3
प्रेमचंद	premchand:3
प्रेमप्रकरण	premprakaran:3	premaprakaran:1
प्रेमळ	premal:3
प्रेमसंबंध	premsambandh:2	premasanbandh:1
प्रेमा	prema:3
प्रेमाचा	premacha:3
प्रेमाची	premaachi:1	premachee:1	premachi:1
प्रेमाचे	premache:3
प्रेमात	premat:3
प्रेमाने	premane:3
प्रेमापोटी	premapoti:3
प्रेमी	premi:3
प्रेयसी	preyasi:2	preysi:2
प्रेरक	prerak:3
प्रेरणा	prerna:3	prerana:1
प्रेरणादायी	prernadayi:2	preranadayi:1
प्रेरणास्थान	prernasthan:2	preranasthan:1
प्रेरणेतून	prernetun:2	preranetun:1	prernetoon:1
प्रेरणेने	prernene:2	preranene:1
प्रेरित	prerit:3	prereet:1
प्रेषण	preshan:3
प्रेषित	preshit:3	presheet:1
प्रेषितांनी	preshitanni:2	presheetanni:1
प्रेस	press:4	prees:1	preesa:1	preess:1
प्रेसिडेन्सी	presidency:3
प्रॉब्लेम	problem:4	prableem:1	prablem:1	praubleem:1
प्रोग्राम	program:2	proggram:1
प्रोग्रामिंग	programeang:1	programeng:1	programin:1	programina:1
प्रोजेक्ट	project:4	projeect:1	projeekt:1	projekt:1
प्रोजेक्टर	projector:3	projectar:1	projeector:1	projeektar:1
प्रोटेक्टेड	protected:3
प्रोटेस्टंट	protestant:4	prootestant:1	prootestent:1	proteestant:1
प्रोटॉन	proton:4	prootan:1	prootoon:1	protan:1
प्रोटोकॉल	protocol:3	prootoocal:1	prootoocool:1	prootookal:1
प्रोडक्ट्स	products:3
प्रोत्साहन	protsahan:3
प्रोत्साहनामुळे	protsahanamule:2	protsahnamule:1
प्रोत्साहित	protsahit:3
प्रोफाइल	profile:3
प्रोफेशनल	professional:4	profeesional:1	profeessional:1	profeshanal:1
प्रोफेसर	professor:4	profeesar:1	profeesor:1	profeessor:1
प्रोसेस	process:4	proceess:1	proocess:1	prooses:1
प्रौढ	praodh:1	praudh:1	proudh:1
प्रौद्योगिकी	praodyogiki:1	praudhyogiki:1	proudyogiki:1
प्लस	plus:4	plas:2
प्लाझा	plaza:4	plaja:1	plajha:1	plazha:1
प्लाझ्मा	plazma:3
प्लासीच्या	plaasichya:1	placychya:1	plasichya:1
प्लास्टिक	plastic:4	plastika:2	plastiqa:2	plaashtic:1
प्लुटो	pluto:3
प्लूटो	plooto:1	plootoo:1	pluto:1	plutoo:1
प्लॅटफॉर्म	platform:4	platafarma:1	platfarm:1	platfaurm:1
प्लॅनेट	planet:4	planeet:1
प्लॅस्टिक	plastic:2	plastik:1
प्ले	play:4	ple:2	plai:1
प्लेअर	player:4	playar:1	playeer:1	pleeyar:1
प्लेग	plague:3
प्लेगच्या	plaguechya:2	plegachya:1
प्लेटोच्या	platochya:2	pletochya:1
फंड	fund:4	fand:1	phand:1	phund:1
फंडाची	fundachi:2	fandachi:1
फंडाचे	fundache:2	fandache:1
फंडाच्या	fundachya:2	fandachya:1
फंडात	fundat:2	fandat:1
फंडातील	fundatil:2	fandatil:1
फकिरा	fakira:3	fakeera:1	phakeera:1	phakira:1
फक्त	fakta:4	fakt:4	phakt:3
फजल	fajal:2	fjal:1	phajal:1	phjal:1
फजिती	fajiti:2	phajiti:2	fajeeti:1	phajeeti:1
फटका	phatka:3	fataka:2	fatka:2	phataka:1
फटके	phatke:3	fatke:2
फटफटी	phatphati:3	fatfati:2
फटाके	phatake:2	fatake:1
फड	fad:2	phad:1
फडकला	fadakala:1	fadkala:1	phadakla:1
फडके	phadake:3	fadke:2	fadake:1
फडक्यांनी	fadakyannee:1	fadakyanni:1	phadakyanni:1
फडणविसांचे	fadanvisanche:2	fadanavisanche:1	phadanvisanche:1
फडणवीस	fadanvis:2	fadanavees:1	phadanvis:1
फडणीस	fadanis:2	fadanees:1	phadanis:1
फणस	fanas:4	phanas:3
फणसाची	fansachi:2	phanasachi:1	phansachi:1
फणसाचे	fansache:2	phanasache:1	phansache:1
फणसाच्या	fanasachya:2	fansachya:1	phansachya:1
फणसाड	fansad:2	phansad:2
फणा	fana:3	phana:1
फणी	fani:2	phani:2
फतवे	fatave:2	fatwe:1	phatave:1
फतेह	fateh:4	phateh:2	fateeh:1	fatteeh:1
फतेहपुर	fatehpur:3
फत्तेपूर	phattepur:2	fattepur:1
फर	far:4	fur:3	phar:3	phur:2
फरक	farak:3	pharak:1
फरकाने	farkane:3	pharkane:1
फरफट	farfat:3	pharphat:1
फरफटत	farfatat:3	pharphatat:1
फरशी	farshi:3	pharshi:1
फरसबंदी	farasbandi:2	pharasbandi:1
फरहान	farhan:3	pharhan:1
फरांदे	farande:2	frande:1	pharande:1
फरारी	farari:3	ferrari:1	pharari:1
फर्गसन	fargasan:1	farguson:1	fergusan:1	ferguson:1
फर्ग्युसन	fargyusan:1	ferguson:1	furgusan:1
फर्डिनांड	fardinand:1	fardinanda:1	ferdinand:1	furdinand:1
फर्न	farn:1	farna:1	fern:1	furn:1
फर्नांडिस	farnadis:1	fernandez:1	fernandis:1	pharnadis:1
फर्निचर	furniture:3
फर्मान	farman:3
फर्मावले	farmavale:1	farmavle:1	firmavale:1
फर्लांग	farlanga:1	furlang:1	furlong:1	pharlanga:1
फर्स्ट	first:2	farst:1	furst:1	pharst:1
फल	fal:3	phal:1
फलंदाजाने	falandajane:2	phalandajane:1
फलंदाजाला	falandajala:3	phalandajala:1
फलंदाजी	falandaji:2	falandajee:1	phalandaji:1
फलंदाजीला	falandajila:2	falandajeela:1	phalandajila:1
फलक	falak:4	phalak:2
फलकावर	falakavar:2	phalakavar:1
फलटण	falatan:1	faltan:1	phalatan:1
फलन	falan:2	phalan:1
फलाट	falaat:1	falat:1	phalaat:1	phalat:1
फलित	falit:1	fallit:1	phalit:1	phallit:1
फळ	fal:3	phal:2	fad:1	phad:1
फळपीक	falpeek:1	falpik:1	phadpeek:1	phadpik:1
फळबागा	phalbaga:2	fadlbaga:1	falbaaga:1	falbaga:1
फळभाजी	fadbhaji:1	falbhaaji:1	falbhaji:1	phadbhaji:1
फळभाज्या	fadbhajya:1	falbhaajya:1	falbhajya:1	phadbhajya:1
फळांचा	falancha:2	phalancha:2
फळांचे	falanche:2	phalanche:2
फळांपासून	falanpasun:2	phalanpasun:2
फळाचा	falacha:2	phalacha:2
फळाचे	falache:2	phalache:1	phalche:1
फळात	falat:2	phalat:2
फळामध्ये	falamadhye:2	phalamadhye:2
फळी	fali:2	phali:2
फळीतील	falitil:2	phalitil:2
फळे	fale:4	phale:3
फवारणी	favaranee:1	favarani:1	favarni:1	phavarni:1
फवारे	favare:3	phavare:1
फसला	fasla:2	fasala:1	phasla:1
फसली	fasli:2	fasalee:1	phasli:1
फसवणूक	fasavnuk:3	fasavanook:2	fasavanuk:1	phasavnuk:1
फसवी	fasvi:2	fasavee:1	phasvi:1
फसवून	fasvun:2	fasavoon:1	phasvun:1
फसवे	fasve:2	fasave:1	phasve:1
फांदी	fandee:1	fandi:1	phandee:1
फांदीचा	fandeecha:1	fandicha:1	phandeecha:1
फांदीच्या	fandeechya:1	fandichya:1	phandichya:1
फांद्या	fandhya:1	fandya:1	phandhya:1
फाइन	fine:3	fain:1
फाइल	file:9	faail:1
फाईल	file:3	faail:1	fail:1
फाउंडेशनचे	faudenshanche:1	faundeshanache:1	foundationche:1
फाउंडेशनच्या	faudenshanchya:1	faundeshanachya:1	foundationachya:1
फाऊंडेशनचा	faudenshanacha:1	faundeshancha:1	foundationcha:1
फाऊंडेशनला	faudenshanala:1	faundeshanala:1	foundationala:1
फाटक	fatak:3	phatak:1
फाटकी	fatakee:1	fataki:1	fatki:1	phatki:1
फाटक्या	fatkya:2	fatakya:1	phatkya:1
फाटा	fata:2	faata:1	phaata:1	phata:1
फाटून	fatoon:1	fatun:1	fatvun:1	phatun:1
फाटे	fate:3	phate:1
फाट्यावर	fatyavar:2	faatyavar:1	phaatyavar:1	phatyavar:1
फाडले	fadale:2	faadle:1	phaadle:1	phadale:1
फाडून	fadun:2	fadoon:1	phadun:1
फातिमा	fatima:2	phatima:2	fatim:1	fetima:1
फाय	faya:1	fi:1	fie:1	fy:1
फायदा	fayda:2	fayada:3	phayada:1	phayda:1
फायदाच	fayadach:1	faydach:1	phayadach:1
फायदे	fayade:3	fayde:2	phayade:1
फायदेशीर	fayadesheer:1	faydeshir:1	phayadesheer:1
फायद्यात	fayadyat:1	faydhyat:1	phayadhyat:1
फायद्यासाठी	fayadyasathee:1	faydhyasathi:1	phayadhyasadhee:1
फायनल	final:3	fayanal:1	fayanala:1	phayanala:1
फायबर	fayabara:1	fibar:1	fiber:1	fybar:1
फायरफॉक्स	firefox:4	faayarfoks:1	fayarafaksa:1	firefax:1
फार	phar:6	far:3
फारकत	farakat:1	farkat:1	pharakat:1
फारच	pharach:3	farach:3
फारशी	farashee:1	farshi:1	pharashee:1
फारसा	farsa:3	farasa:2	pharasa:1
फारसी	farsi:2	farasee:1	farasi:1	farsii:1
फारसे	farase:1	farse:1	pharase:1
फारुख	farukh:3	farooq:1
फारूख	farukh:3	farooq:1
फार्म	farm:4	farma:1	pharm:1	pharma:1
फार्मसी	farmaci:1	farmacy:1	farmasi:1	pharmaci:1
फार्मा	farma:3	pharma:3
फार्मास्युटिकल	pharmaceutical:4	farmaceutical:1	farmasyutikala:1	pharmasyutikala:1
फार्सी	farsi:2	pharsi:1
फाल्गुन	falgun:3	phalgun:1
फाल्गुनी	falguni:3	phalguni:1
फाळके	falke:2	falake:1	phalke:1
फाळणी	falni:2	falani:1	phalni:1
फाळणीचा	falanicha:1	falnicha:1	falnichya:1	phalnichya:1
फाळणीचे	falniche:2	falaniche:1	phalniche:1
फाळणीच्या	falnichya:2	falanichya:1	phalnichya:1
फाळणीनंतर	falninantar:2	falaninantar:1	phalninantar:1
फाळणीमुळे	falnimule:2	fadanimule:1	phalnimule:1
फाशी	fashi:3	phashi:2	fashee:1
फाशीची	fashichi:3	phashichi:1
फाशीवर	fashivar:3	phashivar:1
फासणारी	fasnari:3
फासावर	fasavar:3	fasawar:1
फासो	faso:1	fasoo:1	phaso:1	phasoo:1
फास्ट	fast:4	faast:1	fasta:1	phaast:1
फास्टर	fastar:1	fastara:1	faster:1	phastara:1
फिकट	fikat:3	fikkat:1
फिका	fika:3	feeka:1
फिक्कट	fikkat:3
फिक्स्ड	fiksd:1	fiksed:1	fixed:1	phiksd:1
फिजिक्स	physics:3	fijix:1
फिजी	fiji:4	figee:1	figii:1	fiigee:1
फिटनेस	fitness:4	feetnees:1	feetnes:1	feetnesh:1
फिडेल	fidel:4	phidel:2	feedel:1	fidela:1
फितुरी	fituri:2	fituree:1
फितुरीने	fiturine:2	fitureene:1
फिनलंड	finland:3	feenland:1	fiinland:1	finaland:1
फिनिक्स	phoenix:2	fineecs:1	finics:1	finiks:1
फिन्निश	finiesh:1	finish:1	finnies:1	finniesh:1
फिफा	fifa:3
फिफाच्या	fifachya:3
फियाट	fiyat:3	feyat:1	feyet:1	fiat:1
फिरकी	firki:2	firakee:1
फिरकू	firakoo:1	firaku:1	firku:1
फिरणारे	firanare:1	firnaare:1	firnare:1
फिरणाऱ्या	fiarnaarya:1	firanarya:1	firnarya:1
फिरण्याची	firanyachee:1	firanyachi:1	firnyachi:1
फिरत	phirat:2	firat:4
फिरता	firata:2	firta:1	phirata:1
फिरतात	firatat:2	firtat:1	phiratat:1
फिरताना	firatana:3	firtana:2	phiratana:2
फिरते	firate:2	firte:1	phirate:1
फिरतो	firato:2	firto:1	phirato:1
फिरत्या	firatya:2	firtya:1	phiratya:1
फिरले	firale:2	firle:2	phirale:2	firley:1
फिरल्यावर	firlyavar:2	firalyavar:1	firlyawar:1	phiralyavar:1
फिरवणे	firvane:2	firavane:1	firvanne:1	phiravane:1
फिरवतो	firvato:2	firavato:1	firwato:1	phiravato:1
फिरवून	firvun:3	firavoon:2	phirvun:1
फिरायला	firayala:3
फिरू	firu:2	firoo:1
फिरून	firun:2	firoon:1
फिरोज	firoj:3	firoz:2	faroj:1	fearoj:1
फिरोजशहा	firojashaha:1	firojshah:1	firozshaha:1
फिरोदिया	firodiya:3
फिर्याद	firyad:3
फिलाडेल्फिया	philadelphia:4	filadelfiya:2	filadeelphia:1	filadeelphiya:1
फिलिप	philip:4	filip:3	phillip:2	fealip:1
फिलिपाईन्स	philippines:2	filipainsa:1
फिलिपिनो	filipeno:1	filipenoo:1	filipino:1	fyipino:1
फिलिपिन्स	philippines:2	filipins:1	philipines:1
फिलिपीन्स	philippines:2	filipeens:1	philipines:1
फिलीप	philip:3	fileep:1	fillip:1
फिल्म	film:2	filma:1
फिल्मफेअर	filmafear:1	filmfair:1	filmfare:1
फिल्मी	filmi:2	filmy:2	fiilmii:1	fiilmmiie:1
फिल्म्स	filmes:1	films:1	filns:1	philmes:1
फिशर	fishar:1	fisher:1	fissure:1
फी	fee:5	fi:1	fii:1	phee:1
फीड	feed:4	fid:1	fida:1	fiid:1
फीत	feet:2	fit:1	phit:1
फील्ड	feeld:1	field:1	fiield:1	fiild:1
फुकट	fukat:4	phookat:1	phukat:1
फुगा	fuga:3	phuga:1
फुगे	fuge:3	phuge:1
फुजी	faaji:1	fooji:1	foojii:1	foozi:1
फुटणाऱ्या	futanarya:1	futnaarya:1	futnarya:1	phutanarya:1
फुटतात	futataat:1	futatat:1	futtat:1	phutataat:1
फुटतो	futato:3	phutato:2	footato:1
फुटपाथवरील	fooepathvaril:1	footpathavaril:1	footpathvareel:1	footpathvaril:1
फुटबॉल	football:4	faatball:1	footbal:1	futabala:1
फुटबॉलच्या	footballchya:3
फुटबॉलपटू	footballpatu:2	footballpatoo:1	footballpattu:1
फुटला	phutala:2	footala:1	futala:1	futla:1
फुटली	footali:1	futali:1	futlee:1	phutali:1
फुटले	footale:1	futale:1	futley:1	phutale:1
फुटल्याने	footalyane:1	futalyane:1	futlyaane:1	phutalyane:1
फुटल्यावर	futalyavar:2	footalyavar:1	phutalyavar:1
फुटाणे	futane:2	phutane:2
फुटीरवादी	futirvadi:2	futeervadee:1
फुटू	futoo:3	futu:2
फुटून	futoon:2	futun:2
फुप्फुस	fuffus:2	fupfus:1
फुफ्फुसे	fuffuse:3
फुल	fool:2	full:2	ful:1
फुलझाड	fulazad:1	fuljhad:1	fulzad:1	phuljhad:1
फुलणारी	fulanaree:1	fulnari:1	phulanari:1
फुलतात	fulatat:1	fultat:1	phulatat:1	phultat:1
फुलते	fulte:2	fultey:1	phulte:1	phultey:1
फुलतो	fulto:2	phulto:2
फुलदाण्या	fuldanya:2	phuldanya:2
फुलपाखरांचे	fulpakharanche:1	fulpakhranche:1	fulpakhranchey:1	phulpakharanche:1
फुलपाखरांच्या	fulpakharanchya:1	fulpakhranchya:1	phulpakharanchya:1	phulpakhranchya:1
फुलपाखराची	fulpakharachi:1	fulpakhrachee:1	fulpakhrachi:1	phulpakharachi:1
फुलपाखराला	fulpakharala:1	fulpakhraala:1	phulpakharala:1	phulpakhraala:1
फुलपाखरू	fulpakharoo:1	fulpakharu:1	fulpakhroo:1	fulpakhru:1
फुलपाखरे	fulpakhare:1	fulpakhre:1	phulpakhare:1	phulpakhre:1
फुलराणी	phulrani:2	fularani:1	fulraani:1	fulrani:1
फुलली	fulali:2	phulali:2	phulaly:1
फुलले	fulale:1	fulaley:1	phulale:1	phulaley:1
फुलांचा	fulancha:2	foolancha:1	phoolancha:1	phulancha:1
फुलांची	foolanchi:1	fulanchee:1	phulanchi:1
फुलांचे	foolaanche:1	fulanche:1	phulanche:1
फुलांच्या	fulanchya:2	foolaanchya:1	phoolanchya:1	phulanchya:1
फुलांना	foolana:1	fulanna:1	phulanna:1
फुलांनी	fulani:1	fulannee:1	phoolaanni:1	phulanni:1
फुलांपासून	fulanpasoon:1	fulanpasun:1	phulanpasun:1
फुलांमध्ये	foolanmadhe:1	fulanmadhye:1	phulanmadhye:1
फुलांवर	fulanvar:2	phoolanvar:1	phulanvar:1
फुलाचे	fulache:2	phulache:2
फुलाच्या	fulachya:2	phulachya:2
फुलाप्रमाणे	fulapramane:2	phulapramane:2
फुले	phule:6	fule:3	phoole:1
फुलोरा	fulora:2	phulora:2
फू	foo:4	fu:3	phu:2	faa:1
फूट	foot:4	fut:1
फूटपाथ	footpath:2	footapath:1
फूड	food:4	fud:2	faad:1	fuud:1
फूल	fool:5	phool:4	phul:2	ful:1
फॅक्टरी	factary:1	factori:1	factory:1	facturi:1
फॅट	fat:1	fata:1	fet:1	fyat:1
फॅब	fab:3
फॅमिली	family:4	famili:2	fameeli:1	fameelii:1
फॅरेडे	faradai:1	faraday:1	farede:1	pharaday:1
फॅशन	fashan:3	fashion:3	fashhion:1	fashian:1
फेअर	fair:1	fare:1	fear:1	feeree:1
फेक	fek:2	fake:1
फेकणे	fekane:1	fekne:1	phekne:1
फेकला	fekala:1	fekla:1	phekla:1
फेकले	fekale:1	fekle:1	phekle:1
फेका	feka:2	pheka:1
फेकी	fekee:1	feki:1	pheki:1
फेकून	fekoon:1	fekun:1	phekoon:1	phekun:1
फेटा	feta:3	pheta:2	feeta:1	pheeta:1
फेटाळण्यात	fetalanyat:1	fetalnyat:1	phetalnyat:1
फेडणे	fedane:1	fedne:1	phedne:1
फेडण्याचा	fedanyacha:1	fednyacha:1	phednyacha:1
फेडता	fedata:1	fedta:1	phedta:1
फेडरल	fedaral:1	fedarala:1	federal:1	fedral:1
फेडरेशनची	federationchi:3
फेडले	fedale:1	fedle:1	phedle:1
फेणे	fene:3
फेब्रुवारी	february:3	februvari:1
फेब्रुवारीच्या	februarychya:3	februvarichya:1
फेमिना	famin:1	faymina:1	feemina:1	femina:1
फेर	fer:3
फेरफटका	ferfatka:2	ferfetka:1
फेरारा	farara:1	feerara:1	ferara:1	pharara:1
फेरी	feri:4	faiiry:1	fairi:1	fairy:1
फेरीत	ferit:3
फेरे	fere:3
फेरो	fairo:1	fairoo:1	faro:1	feero:1
फेऱ्या	ferya:3
फेलो	fello:1	fellow:1	felo:1
फेसबुक	facebook:4	facebaak:1	facebooq:1	facebuk:1
फेसबुकचे	facebookche:3	fesbookche:1
फेसबुकच्या	facebookchya:3
फेसबुकने	facebookne:3	fesbookne:1
फेसबुकवर	facebookvar:3
फैजपूर	faijpur:2	faizpur:1
फैयाज	faiyaaj:2	faiyaj:2	faiyaaz:1	faiyaz:1
फैय्याज	faiyyaj:3	faiyyaaj:1	faiyyaaz:1	faiyyaz:1
फैरी	fairi:1	fairy:1	ferry:1
फॉर	far:1	for:1	phar:1	phor:1
फॉरवर्ड	forward:4	faravard:1	farward:1	forvard:1
फॉरेस्ट	forest:5	farest:2	farrest:2	foreest:2
फॉर्म	form:4	farm:1	faurm:1	phaurm:1
फॉर्ममध्ये	formmadhye:3
फॉर्मल	formal:4	farmal:1	pharmal:1	phormal:1
फॉर्म्युला	formula:3	formyula:1
फॉल्स	falls:4	fallsh:1	fals:1	false:1
फॉस्टर	fastar:1	faster:1	fostar:1	foster:1
फोकस	focus:1	fokas:1	foocus:1	fookas:1
फोटो	footoo:2	foto:2	phootoo:2	photo:2
फोटोंच्या	photonchya:3	fotonchya:1
फोटोग्राफी	photography:4	fotografey:1	fotografi:1	fotografy:1
फोटोशॉप	photoshop:4	fotoshop:2	fotoshap:1	phootooshap:1
फोड	phod:3	fod:1
फोडणी	fodni:2	fodanee:1	fodani:1	phodani:1
फोडणीसाठी	fodanisathi:1	fodnisathi:1	phodanisathi:1	phodneesathee:1
फोडणे	fodane:1	fodne:1	phodane:1	phondne:1
फोडली	fodla:1	phodla:1	phodlee:1	phodli:1
फोडी	phodi:2	fodi:1	phodee:1
फोडींना	phodinna:3	fodinna:1
फोडून	phodun:3	fodun:1	phodoon:1
फोन	phone:5	phon:1
फोर	four:4	for:2	fore:2	phor:2
फोर्ट	foort:1	fort:1	forta:1	phoort:1
फोर्ड	ford:3	foard:1	foord:1	foorde:1
फौज	phauj:3	fauj:2
फौजदारी	faujdari:1	phaujdaree:1	phaujdari:1
फौजा	fauja:2	phauja:2	faujaa:1	phaujaa:1
फौजांना	faujanna:2	phaujana:1	phaujanna:1
फौजांनी	faujanni:2	phaujannee:1	phaujanni:1
फौजेच्या	faujechya:2	phaujechya:2
फौजेला	faujela:2	phaujela:2
फौजेवर	faujevar:2	phaujevar:2	faujewar:1
फ्रँक	franc:1	frank:1	franq:1	phranc:1
फ्रँकलिन	franklin:4	frankalina:1	frankleen:1	frankliin:1
फ्रांस	france:3	frans:1	fransa:1	phrans:1
फ्रांसिस्को	franscisco:1	fransciscoo:1	franshcishco:1	franshishco:1
फ्रांस्वा	franswa:2	fransva:1	phransva:1
फ्रान्स	france:3
फ्रान्सचा	francecha:3
फ्रान्सची	francechi:2	francechee:1
फ्रान्सचे	franceche:3
फ्रान्सच्या	francechya:3
फ्रान्समधील	francemadhil:2	francemadheel:1
फ्रान्समध्ये	francemaddhe:1	francemadhe:1	francemadhye:1
फ्रान्सिस	francis:3	fransis:2	franceas:1	frances:1
फ्रान्सिस्को	francesco:2	fransisko:2	francescoo:1	francisko:1
फ्रित्झ	freetj:1	freetz:1	friitz:1	fritj:1
फ्री	free:4	fri:2	frii:1	phree:1
फ्रीज	fridge:2	freez:1
फ्रेंच	french:5	freench:1	frencha:1	phreencha:1
फ्रेंचांची	frenchanchi:2	frenchanchee:1
फ्रेंचांच्या	frenchanchya:3
फ्रेंचांना	frenchanna:3
फ्रेंचांनी	frenchanchi:1	frenchannee:1	frenchanni:1
फ्रेंड्स	friends:4	frends:1	frieends:1	phreends:1
फ्रेडरिक	fredrick:5	fredarik:3	fredricq:3	fredrik:3
फ्रॉम	from:4	fram:1	fraum:1	phram:1
फ्लिपकार्ट	flipkart:4	flipakarta:1	flipqart:1	phlipakarta:1
फ्लू	flu:3	flaa:1	floo:1	flue:1
फ्लॅट	flat:4	flait:1	flata:1	flet:1
फ्लॅटमध्ये	flatmaddhe:1	flatmadhe:1	flatmadhye:1
फ्लॅशबॅक	flashback:3
फ्लेचर	fletcher:2	flechar:1
फ्लेमिंग	fleming:3	flaming:2	flamin:1	flaymin:1
फ्लेमिश	fleemish:1	flemis:1	flemish:1	flemishh:1
फ्लोरा	floora:1	flora:1	phloora:1	phlora:1
फ्लोरिंग	flooring:3	floaring:1	floring:1
फ्लोरिडा	florida:4	phlorida:2	flaurida:1	floorida:1
बँक	bank:4	banka:1	banq:1	banqa:1
बँका	banka:3
बँकांचे	bankanche:3
बँकांच्या	bankanchya:3
बँकिंग	banking:4	bankin:1	banqing:1
बँके	banke:3
बँकेकडून	bankekadun:2	bankkadun:1
बँकेचा	bankecha:3
बँकेची	bankchi:1	bankechee:1	bankechi:1
बँकेचे	bankeche:3
बँकेच्या	bankechya:3
बँकेत	banket:3
बँकेतील	banketeel:2	banketil:1
बँकेने	bankene:3
बँकेला	bankela:2	bankla:1
बँकॉक	bangkok:2	bankok:1
बंग	bang:2	bung:2
बंगला	bangla:3	bangala:2	bagala:1	bungalaw:1
बंगलो	banglo:2	baglow:1	bungalow:1
बंगलोर	banglore:3	bangalore:2	banglor:1
बंगलोरच्या	bangalorechya:2	banglorchya:1
बंगल्यात	bangalyat:2	banglyat:1
बंगळूर	bangaloor:2	bengaluru:1
बंगळूरच्या	bangaloorchya:1	bangalorechya:1	bangalurchya:1	banglurchya:1
बंगाल	bengal:3	bangal:3	bangala:1
बंगालचा	bangalcha:2	bengalcha:1
बंगालची	bangalchee:2	bengalchi:1
बंगालचे	bangalche:2	bengalche:1
बंगालच्या	bangalchya:2	bengalchya:1
बंगालमधील	bangalmadheel:2	bengalmadhil:1
बंगालमध्ये	bangalmadhye:1	bengalmadhe:1	bhangalmadhye:1
बंगाली	bangali:5	bangalee:3	bangalii:1	bengali:1
बंटी	bunty:2	bantee:1	banti:1
बंड	band:3
बंडखोर	bandakhor:1	bandkho:1	bandkhor:1
बंडखोरी	bandkhori:2	bandkhoree:1
बंडाचा	bandacha:3
बंडाचे	bandache:3
बंडाळी	bandadi:1	bandalee:1	bandali:1
बंडू	bandu:2	bandoo:1
बंद	band:3
बंदर	bandar:3
बंदराचे	bandrache:2	bandarache:1
बंदरात	bandarat:2	bandrat:1
बंदरातील	bandaratil:1	bandrateel:1	bandratil:1
बंदरावर	bandaravar:3
बंदरे	bandare:2	bandre:1
बंदिनी	bandini:2	bandinee:1
बंदिश	bandish:3
बंदिशी	bandishi:2	bandishee:1
बंदिस्त	bandist:2	bandista:1
बंदी	bandi:2	bandee:1
बंदीच्या	bandichya:2	bandeechya:1
बंदुकीच्या	bandukichya:2	bandukeechya:1
बंदोबस्त	bandobast:3	bandobasta:1
बंदोबस्तासाठी	bandobastasathi:2	bandobastasathee:1
बंध	bandh:3
बंधन	bandhan:3
बंधनकारक	bandhanakarak:2	bandhankarak:2
बंधने	bandhane:3
बंधमुक्त	bandhamukt:1	bandhamukta:1	bandhmukt:1	bandhmukta:1
बंधारा	bandhara:3
बंधारे	bandhare:2	bandhaare:1
बंधाऱ्यांची	bandharyanchi:2	bandharyanchee:1
बंधाऱ्याच्या	bandharyachya:3
बंधाऱ्यातून	bandharyatun:2	bandharyatoon:1
बंधु	bandhu:3
बंधुता	bandhuta:3
बंधुत्व	bandhutva:2	bandhutv:1
बंधुभाव	bandhubhav:3
बंधू	bandhu:2	bandhoo:1
बंधूंचा	bandhuncha:2	bandhooncha:1
बंधूंची	bandhoonchee:2	bandhunchi:1
बंधूंना	bandhoonna:2	bandhunna:1
बंधूंनी	bandhoonnee:2	bandhunni:1
बक	bak:2	buck:1
बकर	bakar:3
बकुळ	bakul:3
बक्षिस	bakshis:3
बक्षिसे	bakshise:3
बक्षिसेही	bakshisehi:2	bakshisehee:1
बक्षीस	bakshis:3	bakshees:1
बखर	bakhar:3
बखरी	bakhari:2	bakharee:1
बखरीत	bakhrit:2	bakhareet:1	bakhreet:1
बखले	bakhale:2	bakhle:1
बग	bag:4	bug:1
बगदाद	bagdad:3
बगदादच्या	bagdadchya:2	bagadadchya:1
बगदादी	bagdadi:2	bagdadee:1
बगल	bagal:3
बगलामुखी	baglamukhi:2	bagalamukhee:1
बगळा	bagala:1	bagda:1	baglaa:1
बगीचा	bagicha:2	bageecha:1
बग्गी	baggi:2	baggee:1
बघ	bagh:2	bagha:1
बघणारे	baghanare:2	baghnare:1
बघण्याचा	baghanyacha:2	baghnyacha:1
बघण्याच्या	baghanyachya:2	baghnyachya:1
बघण्यास	baghanyas:2	baghnyas:1
बघण्यासाठी	baghanyasathee:1	baghanyasathi:1	baghnyasathee:1
बघण्यासारखा	baghanyasarakha:2	baghnyasarkha:1
बघत	baghat:3
बघता	baghata:3
बघतात	baghatat:3
बघताना	baghatana:3
बघा	bagha:2	baghaa:1
बघायला	baghayala:2	baghaayla:1
बघावी	baghavee:2	baghaavee:1	baghavi:1
बघितला	baghitala:2	baghitla:1
बघितली	baghitalee:2	baghitli:1
बघितले	baghitale:2	baghitle:1
बघू	baghoo:3	baghu:1
बघून	baghoon:3	baghun:1
बघूनच	baghoonach:2	baghunch:1
बचत	bachat:3
बचाव	bachav:3
बचावलेल्या	bachavalelya:2	bachavlelya:1
बचावात्मक	bachavatmak:3
बच्चन	bachchan:4	bacchan:1
बच्चे	bachche:2	bachhe:1
बछडा	bachada:1	bachda:1	bachhada:1
बजरंग	bajarang:2	bajrang:1
बजरंगी	bajarangee:1	bajarangi:1	bajrangi:1
बजाज	bajaj:3
बजावत	bajavat:3
बजावतो	bajaavto:1	bajavato:1	bajavto:1
बजावली	bajavalee:1	bajavali:1	bajavli:1
बजावले	bajavale:2	bajavle:1
बजावून	bajavoon:2	bajavun:2
बजेट	budget:3	bajet:2
बटण	batan:3	button:3	batana:1	betan:1
बटणे	buttone:2	batane:1	batne:1
बटर	butter:3	batar:3	betar:1	butar:1
बटलर	battlar:1	betalara:1	bettlar:1	butlar:1
बटवा	batava:2	batavaa:1	batawa:1	batva:1
बटाटा	batata:3
बटाटे	batate:3
बटालियन	bataliyana:1	battalian:1	battalion:1	betaliyana:1
बटु	batu:3
बटू	batoo:2	batu:2
बडवे	badve:2	badave:1
बडी	badi:1	badii:1	buddi:1	buddy:1
बडे	bade:4	badee:1
बडोदा	badoda:3
बडोदे	badode:3
बडोदेकर	badodekar:3
बडोद्याच्या	badodyachya:3
बडोद्यात	badodyat:3
बडोले	badole:3
बढती	badatee:1	badhatee:1	badhati:1
बढत्या	badhatya:2	badhtya:1
बदक	badak:3
बदके	badake:3
बदल	badal:3
बदलणारी	badalnari:2	badalanaree:1
बदलणे	badalne:2	badalane:1
बदलण्याची	badalanyachee:1	badalnaychi:1	badalnyachi:1
बदलण्याच्या	badalnyachya:2	badalanyachya:1
बदलण्यात	badalnyat:2	badalanyat:1
बदलण्यासाठी	badalnyasathi:2	badalanyasathee:1
बदलत	badalat:3
बदलता	badalta:2	badalata:1
बदलतात	badaltat:2	badalatat:1
बदलताना	badaltana:2	badalatana:1
बदलती	badalti:2	badalatee:1
बदलते	badalte:2	badalate:1
बदलतो	badalto:2	badalato:1
बदलत्या	badaltya:2	badalatya:1
बदलला	badalala:2	badalla:1
बदलली	badalalee:1	badalali:1	badalli:1
बदलले	badalale:2	badalle:1
बदललेला	badalalela:2	badallela:1
बदलल्या	badalalya:2	badallya:1
बदला	badala:2	badalaa:1	badla:1
बदलांचे	badalaanche:2	badalanche:1	badlanche:1
बदलांना	badalaanna:2	badalanna:2
बदलांमुळे	badalaanmoole:1	badalaanmule:1	badalanmule:1	badlanmule:1
बदलांवर	badlanvar:2	badalaanvar:1	badalaanwar:1	badalanvar:1
बदलाचा	badlacha:2	badalaacha:1	badalacha:1
बदलाची	badalaachi:2	badalachi:1	badlachi:1
बदलापूर	badalapur:2	badalaapoor:1	badlapur:1
बदलापूरला	badlapurla:2	badalaapoorla:1	badalapurla:1
बदलावे	badalave:2	badlave:1
बदली	badalee:1	badali:1	badli:1
बदलीच्या	badaleechya:1	badalichya:1	badlichya:1
बदलू	badalu:2	badaloo:1	badloo:1	badlu:1
बदलून	badaloon:3	badalun:1
बदलेल	badalel:2	badlel:1
बदल्यात	badalyaat:1	badalyat:1	badlyat:1
बदाम	badam:2	badaam:1
बदामाचे	badamache:2	badaamache:1
बदामाच्या	badamachya:2	badaamachya:1
बदामी	badaami:1	badamee:1	badami:1
बद्दल	baddal:3
बद्दलचे	baddalache:3
बद्रिके	badrike:3
बद्रीनाथ	badreenath:2	badrinath:2	badreeneth:1	badriinath:1
बधले	badhle:2	badhale:1
बधिर	badhir:3	badheer:1
बन	ban:3	ben:1	bun:1
बनणारी	bananaree:1	bananari:1	bannari:1
बनण्याची	bananyachee:1	bananyachi:1	bannyachi:1
बनण्यास	bananyas:2	benanyaas:1
बनण्यासाठी	bananayasathi:1	bananyasathee:1	banyasaathi:1
बनत	banat:2	benat:1
बनतात	banatat:1	bantaat:1	bantat:1
बनतील	banateel:1	bantil:1	benatil:1
बनते	bante:2	banate:1	benate:1
बनतो	banato:1	banto:1	benato:1
बनला	banla:2	banala:2
बनली	banalee:2	banali:1	banli:1
बनले	banale:2	banle:1
बनलेला	banalela:2	banlela:1
बनलेली	banalelee:1	banaleli:1	banleli:1
बनलेले	banalele:2	banlele:1
बनलेल्या	banalelya:2	banlelya:1
बनल्या	banlya:2	banalya:2
बनल्याचे	banalyache:2	banlyache:1
बनल्यानंतर	banalyanantar:2	banlyanantar:1
बनल्यामुळे	banlyamule:2	banalyamule:1
बनवणे	banavane:2	banavne:1
बनवण्याचा	banavnyacha:2	banavanyacha:1
बनवण्याची	banavnyachi:2	banavanyachee:1
बनवण्याचे	banavnyache:2	banavanyache:1
बनवण्यात	banavanyat:2	banavnyat:1
बनवण्यास	banavnyas:2	banavanyas:1
बनवण्यासाठी	banavnyasathi:2	banavanyasathee:1
बनवत	banavat:3
बनवता	banavata:2	banavta:1
बनवतात	banavtat:2	banavatat:1
बनवताना	banavtana:2	banavatana:1
बनवते	banavate:2	banavte:1
बनवला	banavla:2	banavala:1
बनवली	banavli:3	banavalee:1	banawalee:1	banvali:1
बनवले	banavale:2	banavle:1
बनवलेला	banavlela:2	banavalela:1
बनवलेली	banavleli:2	banavalelee:1	banavlelee:1
बनवलेले	banavlele:2	banavalele:1
बनवलेल्या	banavlelya:2	banavalelya:1
बनवल्या	banavlya:2	banavalya:1
बनवाबनवी	banvabanvi:2	banavabanavee:1
बनवायची	banavayachee:1	banavayachi:1	banvaychi:1
बनविणे	banavine:2	banveene:1	banvine:1
बनविण्याची	banavinyachee:1	banavinyachi:1	banveenyache:1	banvinyache:1
बनविण्याचे	banavinyache:2	banveenyache:1	banvinyache:1
बनविण्याच्या	banavinyachya:2	banveenyachya:1	banvinyachya:1
बनविण्यात	banavinyat:2	banveenyat:1	banvinyat:1
बनविण्यासाठी	banavinyasathee:2	banavinyasathi:1	banveenyasathi:1	banvinyasathi:1
बनवितात	banavitat:2	banveetat:1	banvitat:1
बनविला	banavila:2	banveela:1	banvila:1
बनविली	banavilee:2	banavili:1	banveeli:1	banvili:1
बनविले	banavile:2	banveele:1	banvile:1
बनविलेला	banavilela:2	banveelela:1	banvilela:1
बनविलेली	banavalelee:1	banavilelee:1	banavileli:1	banveeleli:1
बनविलेले	banavilele:2	banveelele:1	banvilele:1
बनविलेल्या	banavilelya:2	banveelelya:1	banvilelya:1
बनविल्या	banavilya:2	banveelya:1	banvilya:1
बनवीत	banaveet:2	banvit:1
बनवू	banavoo:2	banvoo:1	banvu:1
बनवून	banvun:3	banavoon:2	banvoon:1
बनसोड	bansod:3
बनसोडे	bansode:3
बनहट्टी	banhatti:2	banahattee:1	banhattee:1
बनायचे	banayache:2	banayche:1
बनारस	banaras:3	banarasa:1	benares:1
बनावट	banavat:3
बनावटीची	banavtichi:2	banavateechee:1
बनावटीचे	banavtiche:2	banavateeche:1
बनावे	banave:3
बनू	banoo:3	banu:2
बनून	banoon:3	banun:1
बने	bane:3
बनेल	banel:3
बन्सल	bansal:4
बन्सीलाल	bansilal:2	banseelal:1
बफर	bafara:1	baffar:1	baffer:1	baphar:1
बबन	baban:3
बबनराव	babanrao:2	babanrav:2
बब्बर	babbar:3
बरका	barka:2	baraka:1
बरखास्त	barkhast:2	barakhast:1
बरगड्या	bargadya:2	baragadya:1
बरचसे	barachase:1	barachse:1	barchase:1
बरणी	barni:2	baranee:1
बरबाद	barbad:3	barbaad:1
बरवा	barva:3
बरसत	barsat:4	barasat:1	baraset:1	barset:1
बरसे	barse:3	barase:1
बरा	bara:3
बराक	barak:5	baraka:2	baraq:2	baraqa:2
बराच	barach:3
बराचसा	barachsa:2	baraachsa:1
बराटे	barate:3
बराहा	baraha:2	baraaha:1
बरी	bari:4	barii:1	buri:1	burii:1
बरीच	barich:3	bareech:1
बरीचशी	barichshi:3
बरे	bare:3
बरेच	barech:3
बरेचदा	barechda:3
बरेचशे	barechshe:3
बरेचसे	barechse:2	barechase:1
बरेली	bareli:4	bareelee:1	bareeli:1	barelee:1
बरोबर	barobar:3
बरोबरच	barobarach:2	barobarch:1
बरोबरीने	barobarine:3
बरोबरीनेच	barobarinech:3
बर्गमन	bargaman:1	bargman:1	bergman:1
बर्गर	bargar:2	barger:2	burgar:2	burger:2
बर्गे	barge:4	bargee:1
बर्ड	bard:4	bird:3	burd:1
बर्डे	barde:3
बर्न	burn:4	barn:2	bern:1
बर्नार्ड	barnard:3	bernard:3	barnarda:2	burnard:1
बर्न्स	barnsa:1	barnsha:1	bunrsh:1	burns:1
बर्फ	barf:3	burf:1
बर्फाचे	barfache:3	barphache:1
बर्फाच्या	barfachya:3	barphachya:1
बर्फाळ	barfal:3
बर्फावर	barfavar:3
बर्बर	barbar:1	barber:1	barbur:1
बर्मन	burman:4	barman:3	berman:2	bearman:1
बर्मा	barma:2	berma:2	burma:2
बर्याच	baryach:3
बर्लिन	barlin:2	berlin:2	barleen:1	barliin:1
बर्लिनच्या	berlinchya:2	barlinchya:1
बर्वे	barve:3
बर्‍यापैकी	baryapaiki:2	baryapaikee:1
बऱ्याच	baryach:3
बऱ्याचदा	baryachda:2	baryachada:1
बऱ्याचशा	baryachsha:2	baryachasha:1
बऱ्याचश्या	baryachshya:2	baryachashya:1
बऱ्यापैकी	baryapaiki:2	baryapaikee:1
बल	bal:3
बलदंड	baldand:2	baladand:1
बलदेव	baldev:3
बलभीम	balbhim:2	balbheem:1
बलराम	balram:3
बलवंत	balvant:3
बलवत्तर	balvattar:2	balavattar:1
बलवान	balvan:3	balwan:1
बला	bala:2	balaa:1
बलाची	balachi:3
बलाचे	balache:3
बलाढ्य	baladhya:4	baladhay:1	baladhy:1
बलात्कार	balatkar:3
बलात्काराचे	balatkarache:3
बलाने	balane:3
बलिदान	balidan:3
बली	bali:3
बलुचिस्तान	balochistan:3	baluchistan:2	balachistan:1	baluchistana:1
बलुची	baluchi:2	baluchee:1
बलुतेदार	balutedar:3
बलुतेदारी	balutedari:2	balutedaree:1
बल्गेरिया	bulgaria:3	balgeriya:2	bulgeria:2	balgaria:1
बल्लाळ	ballal:3
बळ	bal:3
बळकट	balkat:2	balakat:1
बळकटी	balkati:2	balakatee:1
बळकावला	balakavala:1	balkavala:1	balkavla:1
बळकावले	balakavale:1	balkavale:1	balkavle:1
बळजबरीने	balajabareene:1	baljabarine:1	baljabreene:1
बळवंत	balvant:3	balwant:1
बळवंतराव	balvantrav:2	balvantarao:1	balwantarao:1
बळावते	balavate:2	balavte:1
बळावर	balavar:3
बळी	bali:2	balee:1
बळीराम	baliram:3	baleeram:1
बळीही	baleehee:2	balihi:2
बव्हंशी	bavhanshi:2	bavhanshee:1
बशर	bashar:3
बशी	bashi:2	bashee:1
बशीर	bashir:2	basheer:1
बस	bus:4	bas:3	bash:1	basha:1
बसंत	basant:3
बसणारा	basnara:2	basanara:1
बसणाऱ्या	basanarya:1	basnarya:1	basnyarya:1
बसणे	basne:2	basane:1
बसण्याची	basnyachi:2	basanyachi:1
बसण्यापेक्षा	basnyapeksha:2	basanyapeksha:1
बसत	basat:3
बसता	basta:2	basata:1
बसतात	basatat:1	bastaat:1	bastat:1
बसते	baste:2	basate:1
बसतो	basto:2	basato:1
बसथांबे	busthambe:2	basthambe:1
बसने	basne:2	busne:2
बसपा	baspa:2	basapa:1
बसमधून	busmadhun:2	baumadhun:1
बसरा	basra:3	basara:2
बसला	basla:2	basala:3
बसली	basli:2	basalee:1	basali:1
बसले	basale:2	basle:1
बसलेला	basalela:2	baslela:1
बसलेली	basaleli:3
बसलेले	basalele:3
बसलेल्या	basalelya:3
बसलो	basalo:3	baslo:1
बसल्यानंतर	baslyanantar:2	basalyanantar:1
बसल्यावर	basalyavar:2	baslyavar:1	baslyawar:1
बसवणे	basavane:2	basvane:1
बसवण्याचा	basavanyacha:2	basavnyacha:1
बसवण्यात	basavanyat:1	basavnayt:1	basvnyat:1
बसवण्यासाठी	basavanyasathee:1	basavanyasathi:1	basvnyasathi:1
बसवत	basvat:2	basavat:1
बसवली	basavali:1	basvalee:1	basvali:1
बसवले	basavale:2	basvale:1
बसवलेली	basavaleli:1	basavlelee:1	basvaleli:1
बसवलेले	basavlele:2	basavalele:1
बसवायला	basavayala:1	basvayala:1	basvayla:1
बसवावा	basvava:2	basawava:1
बसविणाऱ्या	basavinarya:1	basvinarya:1	basvnyarya:1	basvnyaryaa:1
बसविण्यात	basavinyat:1	basvinyat:1	basvnyaat:1
बसविण्यासाठी	basavinyasathi:1	basvinyasathee:1	basvnyasathi:1
बसविले	basavile:2	basvile:2
बसविलेल्या	basvilelya:3	basavilelya:1
बसवून	basavoon:1	basavun:1	basvoon:1	basvun:1
बसवेश्वर	basaveshvar:1	basaveshwar:1	basveshwar:1
बससेवा	busseva:2	basseva:1
बसायला	basayala:2	basayla:2
बसावी	basavi:2	basavee:1
बसावे	basave:3
बसू	basoo:2	basu:2
बसून	basun:2	basoon:1
बसेल	basel:3	baseel:1	baseela:1	basela:1
बसेस	buses:4	bases:3	basees:1	busees:1
बस्तर	bastar:3
बहर	bahar:3
बहरतो	baharto:2	baharato:1	bahrto:1
बहरले	baharle:2	baharale:1
बहरलेले	baharlele:3
बहरात	baharat:1	bahraat:1	bahrat:1
बहरीन	bahrin:2	bahareen:1	bahreen:1
बहरू	baharoo:3	baharu:2
बहरैन	bahrain:2	baharain:1	baharen:1	bahren:1
बहादुर	bahadur:3
बहादूर	bahadoor:4	bahadur:2	bahadaar:1	bahadura:1
बहाद्दर	bahaddar:3
बहाद्दूर	bahaddoor:1	bahaddur:1	bahadudar:1
बहामनी	bahamanee:2	bahamani:2
बहार	bahaar:2	bahar:2
बहाल	bahal:2	bahaal:1
बहिण	bahin:3
बहिणाबाई	bahinabaai:1	bahinabai:1	bahinabaii:1
बहिणी	bahinee:2	bahini:2
बहिणीचे	bahineeche:2	bahiniche:2
बहिरा	bahira:3	baheera:1
बहिरी	bahiree:2	bahiri:1
बहिरेपणा	bahirepana:3
बहिर्जी	bahirji:13	bahirjee:2
बहिष्कार	bahishkar:2	bahishkaar:1
बहिष्कृत	bahishkrut:3
बहीण	bahin:2	baheen:1	bahinn:1
बहीणी	bahini:3	baheeni:1	bahinee:1
बहु	bahu:3	bahoo:1
बहुउद्देशीय	bahuuddeshiy:1	bahuuddeshiya:1	bahuuddheshiy:1
बहुगुणा	bahuguna:3
बहुचर्चित	bahucharchit:3
बहुजन	bahujan:3
बहुतांश	bahutansh:2	bahutaansh:1
बहुतांशी	bahutaanshi:1	bahutanshee:1	bahutanshi:1
बहुतेक	bahutek:3
बहुतेकदा	bahutekda:3
बहुतेकांच्या	bahutekanchya:3
बहुतेकांना	bahutekanna:2	bahutekana:1
बहुदा	bahuda:3
बहुधा	bahudha:3
बहुभाषिक	bahubhashik:3
बहुमत	bahumat:3
बहुमताने	bahumatane:3
बहुमान	bahuman:2	bahumaan:1
बहुमोल	bahumol:3
बहुरंगी	bahurangi:3	bahurangee:1
बहुराष्ट्रीय	bahurashtriy:2	bahurashtriya:1
बहुरूपी	bahurupi:3	bahuroopee:1	bahuroopi:1
बहुल	bahul:3	bahool:1
बहुवचन	bahuvachan:3
बहुवर्षायू	bahuvarshayu:2	bahuvarshayuu:1
बहुसंख्य	bahusankhya:3
बहुसंख्या	bahusankhya:2	bahoosankhya:1
बहुसंख्येने	bahusankhyene:3
बहुसांस्कृतिक	bahusanskrutik:3
बहू	bahu:3	bahoo:2	bahaa:1	bahuu:1
बा	ba:2	baa:1
बाँब	bomb:3	bob:1
बाँबे	bombe:2	bambay:1	bombay:1
बांगडी	baangdi:1	bangadee:1	bangadi:1
बांगड्या	bangadya:2	baangadya:1	baangdya:1	bangadaya:1
बांगला	bangala:4	baangala:1
बांगलादेश	bangladesh:2	baangladesh:2	bangaladesh:2	baanglaadesh:1
बांगलादेशच्या	baangladeshchya:1	bangaladeshachya:1	bangaladeshchya:1
बांगलादेशी	bangaladeshi:2	baangladeshee:1	bangaladeeshi:1	bangaladeshee:1
बांदा	banda:3	baanda:1	baandaa:1	bandaa:1
बांदेकर	bandekar:3
बांद्रा	bandra:4	baandra:1	bandraa:1
बांध	baandh:2	bandh:1
बांधकाम	bandhkam:4	baandhkaam:1	bandhakam:1
बांधकामाचा	baandhkamacha:1	bandhakamacha:1	bandhkamacha:1
बांधकामाची	bandhkamachi:2	baandhkamachee:1	bandhakamachee:1	bandkamachi:1
बांधकामाचे	baandhkamache:1	bandhakamache:1	bandhkamache:1
बांधकामाच्या	baandhkamachya:1	bandhakamachya:1	bandhkamachya:1
बांधकामात	baandhkaamaat:1	baandhkamat:1	bandhakamat:1
बांधकामासाठी	baandhkamasathee:1	bandhakamasathee:1	bandhkamasaathi:1
बांधकामे	baandhkame:1	bandhakame:1	bandkame:1
बांधणी	baandani:1	bandhanee:1	bandhani:1
बांधणीचा	baandanicha:1	baandhaneecha:1	bandhanicha:1
बांधणीची	baandanichi:1	baandhaneechee:1	bandhanichi:1
बांधणीचे	baandaniche:1	baandhaneeche:1	bandhaniche:1
बांधणीच्या	baandanichya:1	baandhaneechya:1	bandhanichya:1
बांधणीसाठी	baandanisaathi:1	bandhaneesathee:1	bandhanisathi:1
बांधणे	baandhane:1	baandne:1	bandhane:1
बांधण्याचा	baandhanyacha:1	baandhnyacha:1	bandhayacha:1
बांधण्याची	baandhanyachee:1	baandhnyachi:1	bandhayachi:1	bandhyachi:1
बांधण्याचे	baandhanyache:1	baandhnyache:1	bandhnyache:1
बांधण्यात	bandhnyat:2	baandhanyat:1	baandhnyaat:1	bandhanyat:1
बांधण्यास	baandhnyaas:1	baandhnyas:1	bandhanyas:1
बांधण्यासाठी	baandhnyasathee:1	bandhanyasathi:1	bandhnyasaathi:1
बांधत	bandhat:2	baandhat:1
बांधता	baandhata:1	baandhta:1	bandhata:1
बांधतात	bandhatat:2	bandtat:1
बांधताना	baandhtana:1	baandtana:1	bandhatana:1
बांधतो	baandhato:1	bandhato:1	bandto:1
बांधल	baandhal:2	bandhal:2
बांधला	bandhala:2	bandhla:1
बांधली	bandhalee:1	bandhali:1	bandhli:1
बांधले	bandhale:2	baandhle:1
बांधलेला	baandhlela:1	bandhalela:1	bandhlela:1
बांधलेली	bandhleli:3	bandhaleli:1	bandhlelee:1
बांधलेले	bandhlele:2	bandhalele:1
बांधलेल्या	bandhalelya:1	bandhlelya:1	bandlelya:1
बांधल्या	baandhlya:1	bandhalya:1	bandhlya:1
बांधव	bandhav:2	baandhav:1
बांधवांना	bandhavanna:2	bandhvaanna:1
बांधा	bandha:3
बांधायचा	bandhayacha:2	baandhaycha:1
बांधावा	bandhava:3
बांधावी	bandhavee:2	bandhavi:1
बांधावे	bandhave:3
बांधिल	bandhil:3
बांधिलकी	bandhilakee:2	bandhilki:1
बांधीत	baandheet:1	bandheet:1	bandhit:1
बांधील	bandheel:2	baandhil:1
बांधून	bandhun:4	baandhoon:2	baandhun:1
बांबू	bamboo:4	bambu:2	baamboo:1	baambu:1
बांबूचा	bamboocha:2	bambucha:1
बांबूच्या	bamboochya:2	bambuchya:1
बाई	bai:3	baai:2
बाईंच्या	baainchya:3
बाईने	baine:2	baaine:1	baeene:1
बाईशी	baaishee:1	baeshi:1	baishee:1	baishi:1
बाक	bak:2	baak:1
बाकदार	baakdar:2	bakdar:1
बाकी	baki:3
बाकीचा	bakicha:3
बाकीचे	bakiche:3	bakeeche:1
बाकीच्या	bakichya:3	bakeechya:1
बाग	bag:2	baag:1
बागकाम	bagkam:2	baagakam:1
बागबान	bagban:3
बागवान	bagvan:3
बागवे	bagve:2	bagave:1
बागा	baga:3
बागांमध्ये	baganmadhye:3
बागायत	bagayat:3
बागायती	bagayati:2	bagayatee:1
बागेकडे	bagekade:3
बागेची	bagechi:2	baagechee:1
बागेत	baget:3
बागेमध्ये	bagemadhye:2	bagemadhe:1
बाचाबाची	bachabachi:2	bachabachee:1
बाज	baj:3
बाजरी	baajaree:1	bajaree:1	bajari:1
बाजरीचे	baajareeche:1	bajareeche:1	bajariche:1
बाजरीच्या	baajareechya:1	bajareechya:1	bajarichya:1
बाजाची	bajachee:2	bajachi:1
बाजार	bazaar:2	bajar:4	bazara:2	baajaar:1
बाजारपेठ	bajarpeth:2	bajarapeth:2
बाजारपेठेत	bajarpethet:2	bajarapethet:1
बाजारपेठेमध्ये	bajarapethemadhe:1	bajarapethemadhye:1	bajarpethemadhye:1
बाजारांना	bajaranna:3
बाजारात	bajarat:3
बाजारातील	bajarateel:2	bajaratil:1
बाजारासाठी	bajarasathee:2	bajarasathi:1
बाजारी	bajaree:2	bajari:1
बाजारीकरण	bajareekaran:2	bajarikaran:1
बाजारू	bajaroo:2	bajaru:1
बाजी	baajee:1	bajee:1	baji:1
बाजीप्रभू	bajeeprabhoo:2	bajiprabhu:1
बाजीराव	bajeerav:1	bajirao:1	bajirav:1
बाजीरावांची	bajeeravanchee:2	bajiravanchi:1
बाजीरावांच्या	bajeeravanchya:2	bajiravanchya:1
बाजीरावांना	baajeeravanna:1	bajeeravanna:1	bajiravanna:1
बाजीरावाच्या	bajiravachya:2	baajeeravachya:1
बाजीरावाने	bajiravane:2	baajeeravane:1
बाजीरावाला	bajiravala:2	baajeravala:1
बाजुंनी	bajunni:2	bajunnee:1
बाजुला	bajula:2	baajula:1
बाजू	baju:3	bajoo:2
बाजूंच्या	bajunchya:2	bajoonchya:1
बाजूंना	bajunna:2	bajoonna:1
बाजूंनी	bajunni:2	bajoonnee:1
बाजूंस	bajuns:2	bajoons:1
बाजूच	bajuch:2	bajooch:1
बाजूचे	bajuche:2	bajooche:1
बाजूच्या	bajuchya:2	bajoochya:1
बाजूनी	bajuni:2	bajoonee:1
बाजूने	bajune:2	bajoone:1
बाजूनेही	bajunehi:2	bajoonehee:1
बाजूला	bajula:2	bajoola:1
बाजूलाच	bajulach:2	bajoolach:1
बाजूवर	bajuvar:2	bajoovar:1	bajuwar:1
बाजूस	bajus:2	bajoos:1
बाटल्यांमध्ये	batalyanmadhye:1	batlimadhe:1	batlyanmadhye:1
बाण	baan:3	ban:2
बाणकोट	baankot:2	bankot:2	bancoat:1
बाणगंगा	banganga:3
बाणा	bana:3	baana:2
बाणाच्या	banachya:3	baanachya:1
बात	baat:3	bat:2
बातचीत	batcheet:2	batchit:2	baatchit:1
बातमी	batamee:1	batami:1	batmee:1	batmi:1
बातमीचे	batameeche:1	batamiche:1	batmeeche:1	batmiche:1
बातमीत	batameet:1	batamit:1	batmeet:1	batmit:1
बातमीवर	batameevar:2	batamivar:1	batmivar:1	batmiwar:1
बातम्या	batamya:2	batmya:1
बाद	bad:3	baad:2
बादशहा	badashaha:1	badshaha:1	badshha:1
बादशहाच्या	badashahachya:1	badshahachya:1	badshhachya:1
बादशहाने	badshahane:2	badashahane:1
बादशहाला	badshahala:2	badashahala:1
बादशहास	badashahas:1	badshahas:1	badshhas:1
बाधा	badha:3
बाधित	badhit:3
बानू	banu:3	banoo:2	banuu:1
बाप	baap:3	bap:2
बापट	bapat:3
बापाची	bapachi:2	baapachee:1	baapachi:1
बापुराव	bapurao:2	bapurav:2
बापू	bapu:3	bapoo:2	baapoo:1	baapu:1
बापूंची	bapunchi:2	bapoonchee:1
बापूजी	bapuji:2	bapoojee:1
बापूराव	bapurav:2	bapoorav:1	bapurao:1
बापूसाहेब	bapusaheb:2	bapoosaheb:1
बाफना	bafna:2	baphana:1	baphna:1
बाब	bab:3	baab:1
बाबत	babat:3	babt:1
बाबतींत	babateent:1	babatint:1	babtint:1
बाबतीत	babatit:4	babateet:1	babtit:1
बाबर	babar:3	babur:2	baabar:1	babara:1
बाबा	baba:4	baabaa:1
बाबांचे	babanche:3
बाबांच्या	babanchya:3
बाबांना	babanna:3
बाबांनी	babanni:2	babannee:1
बाबाच्या	babachya:3
बाबाजी	babaji:2	babajee:1
बाबाराव	babarao:2	babarav:2
बाबाला	babala:3
बाबासाहेब	babasaheb:3
बाबासाहेबांचं	babasahebancham:1	babasahebanchan:1	babasahebanchm:1
बाबासाहेबांचा	babasahebancha:3
बाबासाहेबांचे	babasahebanche:3
बाबासाहेबांच्या	babasahebanchya:3
बाबासाहेबांना	babasahebanna:3
बाबासाहेबांनी	babasahebanni:2	babasahebannee:1
बाबी	babee:2	babi:2
बाबींचा	babincha:2	babeencha:1
बाबींना	babinna:2	babeenna:1
बाबींमध्ये	babeenmadhye:1	babinmadhe:1	babinmadhye:1
बाबींवर	babinvar:2	babeenvar:1	babinwar:1
बाबींशी	babinshi:2	babeenshee:1
बाबीत	babit:2	babeet:1
बाबुराव	baburao:2	baburav:2
बाबू	baboo:3	babu:3	baaboo:1	baabu:1
बाबूजी	babooji:2	babuji:2	baboojee:1
बाबूराव	baburao:2	baboorav:1	baburav:1
बाभळगाव	babhadgaon:1	babhadgav:1	babhalagav:1	bhabhalgaon:1
बाभुळगाव	babhudgaon:1	babhudgav:1	babhulagav:1	bhabhulgaon:1
बाभूळ	babhood:1	babhool:1	babhud:1	bhabhool:1
बाम	bam:3	baam:2
बामणी	bamanee:2	baamni:1	bamani:1	bamni:1
बामणे	bamane:3	bamne:1
बाय	bye:3	bay:2	bi:2	baya:1
बायका	bayka:2	bayaka:1
बायकांच्या	baykanchya:2	bayakanchya:1
बायकांना	baykanna:2	bayakanna:1
बायकांमध्ये	bayakanmadhye:1	baykanmadhe:1	baykanmadhye:1
बायकांवर	baykanvar:2	bayakanvar:1
बायको	bayko:2	bayako:1
बायजा	baayja:1	baija:1	bayja:1	bayjaa:1
बायजी	baijee:1	baiji:1	bayajee:1	bayjee:1
बायनरी	binary:4	bayanaree:1	bayanari:1	bayanarii:1
बायबल	bible:2	bayabal:1	bibal:1
बायर्न	bayarn:1	bayarna:1	bayern:1	biyarn:1
बाया	baya:3
बायो	bio:3	bayo:2
बायोगॅस	bayogasa:1	bayoogasa:1	biogas:1	bioogas:1
बार	bar:4	baar:1	bara:1
बारकाईने	barkaine:2	baarkaaine:1	barakaine:1	barkayine:1
बारकावे	baarkaave:1	barakave:1	barkave:1
बारकी	barki:2	baarakee:1	barakee:1
बारमध्ये	baramadhye:2	barmadhe:1
बारमाही	barmahi:2	baramahee:2
बारशाच्या	barashachya:2	barshachya:1
बारसे	barase:2	barse:1
बारा	baara:2	bara:4	baraa:1
बारामती	baramatee:2	baramati:1
बारामुल्ला	baramulla:3
बारावी	baravi:2	baravee:1
बाराव्या	baravya:3
बाराशे	barashe:3
बाराही	barahi:2	barahee:1
बारीक	barik:3	bareek:2
बार्न्स	banrs:1	barnes:1	barns:1	barnsa:1
बार्बाडोस	barbadoes:1	barbadooes:1	barbadoos:1	barbadoosa:1
बार्बारा	barbara:3
बार्शी	barshi:2	barshee:1
बार्शीच्या	barshichya:2	barsheechya:1
बार्शीत	barshit:2	barsheet:1
बार्शीतील	barsheeteel:1	barshiteel:1	barshitil:1
बालक	balak:3
बालकं	balakam:2	balakm:1
बालकलाकार	balkalakar:2	balakalakar:1
बालकल्याण	balakalyan:2	balkalyan:1
बालकविता	balkavita:2	balakvita:1
बालकवी	balkavi:2	balakavee:1
बालकवींच्या	balakavinchya:1	balakveenchya:1	balkavinchya:1
बालकांचा	balakancha:3
बालकांची	balakanchi:2	balakanchee:1
बालकांच्या	balakanchya:3
बालकांना	balakanna:3
बालकांसाठी	balakansathee:2	balakansathi:1
बालकाचा	balakacha:2	balkacha:1
बालकाची	balakachee:1	balakachi:1	balkachi:1
बालकाच्या	balakachya:2	balkachya:1
बालकाला	balakala:3
बालकास	balakas:2	balkas:1
बालकुमार	balkumar:2	balakumar:1
बालकृष्ण	balakrushn:1	balakrushna:1	balkrushna:1
बालगंधर्व	balgandharva:2	balagandhrv:1
बालगीत	balgeet:2	balageet:1
बालगीते	balgeete:2	balageete:1
बालनाट्य	balnatya:3	balanaty:2
बालपण	balpan:2	balapan:1
बालपणाच्या	balpanachya:3
बालपणात	balpanat:3
बालपणापासून	balpanapasun:2	balpanapasoon:1
बालपणी	balpani:3
बालपणीच	balpanich:2	balpanicha:1
बालपणीचे	balpaniche:3
बालमित्र	balmitra:3
बालरंगभूमी	balrangbhoomi:2	balrangabhumi:1	balrangbhumi:1
बालवयातच	balvayatach:3
बालवयातील	balvayatil:2	balvayateel:1
बालविवाह	balvivah:3
बालसंगोपन	balsangopan:3
बालसंस्कार	balsanskar:3
बालसाहित्य	balsahitya:3
बालसुलभ	balsulabh:2	balsulabha:1
बालहट्ट	balhatta:3
बाला	bala:3
बालाघाट	balaghat:3
बालाघाटाच्या	balaghatachya:2	balghatachya:1
बालाजी	balaji:3	balajee:2	balagee:1	balagi:1
बालिका	balika:3
बालिकाश्रम	balikashram:3
बाली	bali:4	balee:3	balii:2	bale:1
बालेकिल्ला	balekilla:3
बालेकिल्ल्याच्या	balekillyachya:3
बाल्कन	balkan:3
बाल्टिक	baltik:3	baltic:2	baltika:1	baltiq:1
बाळ	bal:3	baal:1	bala:1
बाळंत	balant:3
बाळंतपण	balantapan:1	balantpan:1	balantpana:1
बाळंतपणाच्या	balantpanachya:2	balantapanachya:1
बाळंतपणानंतर	balanpananantar:2	balantapananantar:1
बाळंतीण	balanteen:2	balantin:1
बाळकडू	balkadoo:2	balakadoo:1	balkadu:1
बाळकृष्ण	balakrushna:1	balkrushn:1	balkrushna:1
बाळगणे	balagane:2	balgane:1
बाळगण्यात	balaganyat:2	balganyat:1
बाळगत	balagat:2	balgat:1
बाळगू	balagoo:2	badgoo:1	badgu:1	balagu:1
बाळशास्त्री	badshashtri:1	balshastree:1	balshastri:1
बाळा	bala:3	baala:1	baalaa:1	bada:1
बाळाचा	balacha:2	badacha:1
बाळाचे	balache:2	badache:1
बाळाच्या	balachya:2	badachya:1
बाळाजी	badaji:1	balajee:1	balaji:1
बाळाने	balane:2	badane:1
बाळापूर	balapoor:2	badapoor:1	badapur:1	balapur:1
बाळाराम	balaram:2	badaram:1
बाळाला	balala:2	badala:1
बाळासाहेब	balasaheb:2	badasaheb:1
बाळासाहेबांचा	badasahebancha:1	balasahebancha:1	ballsahebancha:1
बाळी	badi:1	balee:1	bali:1
बाळू	balu:2	baloo:2	badu:1
बावटा	bavta:2	bavata:1	bawta:1
बावडी	bavadee:1	bavadi:1	bavdi:1	bawdi:1
बावणे	bavane:2	bavne:1	bawne:1
बावनकशी	balvankashi:1	bavankashee:1	bavankashi:1
बावसकर	bavasakar:1	bavaskar:1	bavsakar:1
बावा	bava:3	bawa:1
बावीस	bavees:2	bavis:2	bawis:1
बाष्प	bashp:3
बाष्पीभवन	bashpibhavan:2	bashpeebhavan:1
बास	baas:2	bas:2
बासमती	basmati:3	basmatee:2	basamati:1	basamatii:1
बासरी	basri:2	basaree:1
बास्केटबॉल	basketball:2	baashketboll:1	baaskeetboll:1	baasketball:1
बाहुली	bahuli:2	bahulee:1
बाहुले	bahule:3
बाहुल्यांचा	bahulyancha:2	bahulanchya:1
बाहुल्यांच्या	bahulyanchya:2	bahulanchya:1
बाहेर	baher:3
बाहेरगावाहून	bahergavahun:3
बाहेरगावी	bahergavi:3
बाहेरचे	baherche:2	baherache:1
बाहेरच्या	baherchya:3
बाहेरील	baheril:3	baaheril:1
बाहेरून	baherun:3
बाह्य	bahya:2	bahy:2	baahy:1
बिंदू	bindu:3	bindoo:2
बिंब	bimb:3	beemb:1
बिकट	bikat:3
बिकानेर	bikaner:4	beekanar:1	beekaneer:1	beekaner:1
बिग	big:5	beeg:1	bigg:1
बिगर	bigar:3
बिगरशेती	bigarshetee:1	bigarsheti:1	bigatsheti:1
बिघडत	bighadat:3	bighadt:1	bighdat:1
बिघडतो	bighadto:2	bighadato:1
बिघडला	bighadala:2	bighadla:1
बिघडली	bighadalee:1	bighadali:1	bighdali:1
बिघडले	bighadale:2	bighdale:1
बिघडलेली	bighadleli:2	bighadlelee:1
बिघडलेल्या	bighadlelya:3
बिघडू	bighadu:2	bighadoo:1	bighud:1
बिघाड	bighad:3
बिचारा	bichara:3
बिचारी	bichari:2	bicharee:1
बिजापूर	bijapur:2	bijapoor:1
बिझनेस	business:3	bijhnes:1
बिडकर	bidkar:3
बितनगड	bitangad:2	bitanagad:1	bitangarh:1
बिन	bin:2	been:1	biin:1
बिनचूक	binchuk:3
बिनतारी	bintari:2	binataari:1
बिनधास्त	bindhaast:1	bindhast:1	bindhasta:1
बिनविरोध	binvirodh:3
बिनव्याजी	binvyaji:2	binavyaji:1
बिनशर्त	binshart:3
बिना	bina:4	beena:2	biina:1
बिनीच्या	binichya:3
बिबट्या	bibtya:4	bibtyan:2
बिबट्यांची	bibtyanchi:2	babatyanchi:1
बिबट्यांच्या	bibtyanchya:3
बिबट्याची	bibtyachi:3
बिबट्याचे	bibatyache:1	bibtyache:1	bibtyanche:1
बिबी	bibi:3	bibee:2	beebee:1
बिब्बा	bibba:3
बिमल	bimal:3
बिया	biya:2	biyaa:1
बियांचे	biyanche:3
बियांपासून	biyanpasun:3
बियाणे	biyane:3
बिरजू	birju:3	beerju:1
बिरला	birla:3
बिरादरी	biradari:2	biradaree:1
बिरुदावली	birudavali:3	birudavli:1
बिरू	biru:3	biroo:2
बिरोबा	biroba:3
बिर्ला	birla:3
बिल	bil:4	bill:3	beel:1
बिलाला	bilala:3
बिलावल	bilaval:3	bilawal:1
बिलासपूर	bilaspur:3	bilasapura:1	bilasapuura:1	bilaspaar:1
बिल्डर	builder:2	beeldar:1	beelder:1	biilder:1
बिल्ला	billa:3
बिळात	bilat:3
बिशप	bishap:2	bishop:2	beesap:1	beeshap:1
बिष्ट	bisht:3
बिसाउ	beesau:1	beesauu:1	biisau:1	bisau:1
बिस्किटे	biscuite:2	biskite:1
बिस्मिल	bismil:3
बिहार	bihar:4	beehar:1	bihaar:1	bihara:1
बिहारच्या	biharchya:3
बिहारमधील	biharmadhil:2	biharmadheel:1
बिहारमध्ये	biharmadhye:2	biharmade:1
बिहारी	bihari:3	biharee:1
बी	b:6	be:1	bee:1	bi:1
बीच	beach:1	bech:1	beech:1	beetch:1
बीज	beej:4	bij:2
बीजगणित	beejaganit:1	beejganit:1	bijganit:1
बीजा	beeja:2	bija:2
बीजांड	beejand:2	bijand:1
बीजिंग	beijing:3	beejing:1	beiijiing:1	beijin:1
बीजे	beeje:2	bije:2	bj:1
बीटा	beeta:3	bita:3	beta:2	biita:1
बीड	beed:3	bid:1
बीडकर	beedkar:2	beedakar:1
बीडच्या	beedchya:2	beedachya:1
बीना	beena:3	bina:1
बीबी	beebee:1	bibi:1	biibii:1
बीबीसी	bbc:3
बीया	beeya:2	biya:1
बुंदेलखंड	bundelkhand:2	bundelakhand:1
बुक	baak:1	book:1	booq:1	buk:1
बुकमध्ये	bookmadhe:1	bookmadhye:1	bukamadhye:1
बुकर	bukar:3	booker:2	bookar:1	booqer:1
बुकी	baakie:1	bookie:1	bookiie:1	booqie:1
बुक्स	books:4	buks:3	booqs:1	buqs:1
बुखारी	bukhari:3	bukharee:2	bukharii:1	buqhari:1
बुटके	butke:2	butake:1
बुटी	buti:2	butee:1
बुडले	budle:2	budale:1
बुडलेल्या	budlelya:2	budalelya:1	budlelyaa:1
बुडवले	budavale:1	budavle:1	budvale:1
बुडवून	budvun:2	budavoon:1	budvoon:1
बुडाली	budali:3	budalee:2
बुडीत	budit:3	budeet:1
बुद्ध	buddha:3	buddh:2	baadha:1	boodh:1
बुद्धांचा	buddhancha:3
बुद्धांची	buddhanchi:3
बुद्धांचे	buddhanche:2	budhanche:1
बुद्धांच्या	buddhanchya:3
बुद्धांना	buddhanna:2	buddhana:1
बुद्धांनी	buddhanni:2	budhannee:1	budhanni:1
बुद्धाचा	buddhacha:3
बुद्धाची	buddhachi:3
बुद्धाचे	buddhache:3
बुद्धाच्या	buddhachya:3
बुद्धाने	buddhane:3
बुद्धाला	buddhala:3
बुद्धिबळ	buddhibal:3
बुद्धिबळपटू	buddhibalpatu:2	budhibalpatu:1
बुद्धिबळातील	buddhibalatil:3
बुद्धिमत्ता	buddhimatta:3
बुद्धिमत्तेच्या	buddhimattechya:2	buddhimattela:1
बुद्धिमान	buddhiman:2	buddhimaan:1
बुद्धिवादी	buddhivadi:3
बुद्धी	buddhi:3	buddhee:1
बुद्धीची	buddhichi:3
बुद्रुक	budruk:2	budrook:1
बुध	budh:3
बुधकर	budhkar:3
बुधवार	budhvar:2	budhvaar:1
बुधाच्या	budhachya:3
बुरखा	burakha:2	burkha:1
बुरशी	boorshi:1	burashee:1	burashi:1	burshi:1
बुरशीची	burasheechee:1	burashichi:1	burshichi:1
बुरुज	buruj:2	burooj:1
बुरुजाच्या	buroojachya:1	burujaachya:1	burujachya:1
बुरुजावर	burujavar:2	buroojavar:1	burujaavar:1	burujaawar:1
बुरूज	burooj:1	burooz:1	buruj:1
बुलंद	buland:3
बुलढाणा	buldhana:3
बुलबुल	bulbul:3
बुलियन	baalean:1	boolean:1	boolen:1	bulan:1
बुलेट	bullet:4	baalet:1	booleet:1	boolet:1
बुवा	buva:3	bua:1	buwa:1
बुवांच्या	buvanchya:3	buvaanchya:1
बुवांना	buvaanni:1	buvana:1	buvanna:1
बुश	bush:4	baash:1	boos:1	boosh:1
बूज	booj:2	booz:2
बूट	boot:4	but:1	buta:1	buut:1
बूम	boom:4	baam:1	bum:1	buum:1
बृहन्महाराष्ट्र	bruhanmaharashtra:2	brihnmaharashtr:1
बृहन्मुंबई	bruhanmumbai:2	brihanmumbai:1
बृहस्पति	bruhaspati:2	brihaspati:1
बॅंक	bank:3
बॅक	back:4	bacq:1	bak:1	baq:1
बॅचलर	bachelor:3	baechalar:1
बॅटन	baton:2	baetan:1	baitan:1	batan:1
बॅडमिंटन	badminton:4	badamintan:1	badmintan:1	baedamintan:1
बॅनरखाली	bannerkhali:2	baenarakhalee:1
बॅनर्जी	banerjee:2	banerji:1
बॅरिस्टर	barrister:4	baerostar:1	barishtara:1	barishter:1
बॅरी	bary:4	barry:3	bari:2	barie:2
बॅरेट	baret:2	baeret:1	barrett:1
बेंगलोर	bangalore:1	bengalor:1	bengalore:1
बेंगाल	bengal:3
बेंच	bench:3
बेंझ	benz:4	bainj:1	bainz:1	baynj:1
बेंद्रे	bendre:3
बेईमान	beaiman:1	beimaan:1	beiman:1
बेकन	baken:2	becon:1	bekan:1
बेकायदा	bekayda:2	bekayada:1
बेकायदेशीर	bekaydeshir:2	bekayadesheer:1
बेकार	bekar:3
बेगम	beegam:1	beegum:1	begam:1	begum:1
बेचिराख	bechirakh:3	becheerakh:1
बेझंट	bezant:3	bejhant:1
बेट	bet:3
बेटांचा	betancha:3
बेटांची	betanchi:2	betanchee:1
बेटांना	betanna:3
बेटांवर	betanvar:3
बेटांवरील	betanvaril:2	betanvareel:1
बेटाचा	betacha:3
बेटाची	betachi:2	betachee:1
बेटाचे	betache:3
बेटाच्या	betachya:3
बेटावर	betavar:3
बेटावरील	betavaril:2	betavareel:1
बेटी	beti:2	betee:1
बेटे	bete:3
बेड	bade:1	bed:1	beed:1	beeda:1
बेडकांची	bedakanchee:1	bedakanchi:1	bedkanchi:1
बेडर	bedar:4	badar:1	badeer:1	bader:1
बेडी	bedi:2	bedee:1
बेडूक	bedook:3	beduk:2
बेडेकर	bedekar:3
बेत	bet:3
बेतले	betale:2	betle:1
बेतलेल्या	betalelya:2	betlelya:1
बेताची	betachee:2	betachi:2
बेताचीच	betacheech:2	betachich:2
बेतात	betat:3
बेदाणे	bedane:3
बेदी	bedi:4	beddy:1	bedii:1	bedy:1
बेधडकपणे	bedhadakpane:1	bedhakapane:1	bedhakpane:1
बेन	ben:4	bain:1	been:1
बेनिन	beenin:1	beeyneean:1	beeynin:1	benin:1
बेनेडिक्ट	benedict:3	beeneedickt:1	beeneedict:1	beeneedikta:1
बेबंदशाही	bebandshahi:2	bebandashahee:1
बेबनाव	bebanav:2	bebnav:1
बेबी	baby:2	bebee:2	bebi:2	beby:2
बेरड	berad:3
बेरी	beri:4	berry:3	bari:2	barry:2
बेरीज	berij:2	bereej:1
बेरोजगार	berojgar:2	berojagar:1
बेरोजगारांना	berojagaranna:1	berojgarana:1	berojgaranna:1
बेरोजगारी	berojagaree:1	berojgaari:1	berojgari:1
बेरोजगारीमुळे	berojagareemule:1	berojgarimoole:1	berojgarimule:1
बेर्डे	berde:3
बेल	bel:5	bail:2	bell:2	beel:1
बेलपाडा	belpada:3
बेलवलकर	belvalkar:3
बेलसरे	belsare:3
बेला	bela:4	beela:2	bayla:1	beeyla:1
बेलापूर	belapur:3
बेलारूस	beelarus:1	beelarusa:1	belarus:1	belarusa:1
बेली	beli:2	baiilee:1	baiiley:1	baiilii:1
बेल्जियम	belgium:3
बेल्जियमच्या	belgiumchya:3
बेल्ट	belt:4	baylt:1	beeilt:1	beelt:1
बेल्लारी	bellary:2	bellari:1
बेल्हे	belhe:3
बेळगांव	belgaon:2	belgaum:1
बेळगाव	belgaon:1	belgau:1	belgav:1
बेस	base:3	bes:1	bese:1
बेसन	besan:3
बेसनाचे	besanache:2	besnache:1
बेसबॉल	basebal:1	baseball:1	baseeball:1	beesabal:1
बेसिक	basic:3	besic:3	baiseek:1	baiseeq:1
बेसिल	basil:2	besil:2
बेसुमार	besumar:2	besumaar:1
बेस्ट	best:4	baste:1	bastee:1	beest:1
बेस्टची	bestchi:3
बेहरे	behare:2	behere:1
बेहेरे	behere:3
बैठक	baithak:3
बैठका	baithaka:2	baithakaa:1	baithka:1
बैठकीचे	baithakiche:2	baithkeeche:1
बैठकीत	baithakeet:1	baithakit:1	baithkeet:1
बैठकीदरम्यान	baithakidarmyan:2	baithakidarmyaan:1
बैठकीवर	baithakivar:2	baitakivar:1
बैठ्या	baithya:3
बैरागी	bairagi:2	bairaagi:1
बैल	bail:3	baeel:1	bayl:1	bel:1
बैलगाडा	bailgaada:1	bailgada:1	bailgadada:1
बैलाच्या	bailachya:3
बॉईज	boys:3
बॉक्स	box:4	baksha:1	baqsa:1	bauks:1
बॉक्सर	baksar:1	bakser:1	baqsar:1	baxer:1
बॉक्सिंग	baksin:1	baksing:1	baqsing:1	baxing:1
बॉक्सिंगमध्ये	boxingmadhye:3
बॉडी	body:4	badi:1	badii:1	bady:1
बॉन	ban:2	bon:2	bann:1	bonn:1
बॉब	bob:4	bab:1	baub:1
बॉबी	boby:3	bobby:2	babbi:1	babi:1
बॉम्ब	bomb:4	bamb:1	baumb:1	boumb:1
बॉम्बे	bombay:4	bambai:1	bambay:1	bambe:1
बॉर्डर	border:4	bardar:1	barder:1	bardur:1
बॉल	ball:3	boll:2	bal:1	boal:1
बॉलिवुड	bollywood:3	boalivud:1
बॉलिवूड	bollywood:3	boalivood:1
बॉलिवूडमधील	bollywoodmadheel:2	boalivoodmadeel:1
बॉलिवूडमध्ये	bollywoodmadhye:2	boalivoodamadhye:1
बॉलीवूड	bollywood:4	baliivuda:1	balivuuda:1	baliwuda:1
बॉलीवूडच्या	bollywoodchya:2	boaleevoodachya:1
बॉस	boss:4	bass:1	baus:1	baush:1
बॉस्को	bosco:3	bosko:2	basko:1	baskoo:1
बॉस्टन	boston:3	boastan:1	bostan:1
बॉस्निया	basniya:1	basnniya:1	bosniya:1	bosnniya:1
बोईंग	boing:3	boeing:2	boein:1	boin:1
बोईसर	boisar:3
बोकडाच्या	bokdachya:2	bokadachya:1
बोकील	bokeel:2	bokil:1
बोक्या	bokya:3
बोगदा	bogda:3	bogada:3
बोगद्यातून	bogadyatoon:1	bogadyatun:1	bogdyatun:1
बोट	boat:4	bot:4	boet:1	booat:1
बोटभर	botbhar:2	botabhar:1
बोटांच्या	botanchya:3
बोटांनी	botanni:2	botannee:1
बोटात	botat:2	botaat:1
बोटावर	botavar:3
बोटी	botee:2	boti:1
बोटीतून	botitun:2	boteetoon:1
बोटे	bote:3
बोडस	bodas:3
बोथट	bothat:3
बोध	bodh:3
बोधकथा	bodhkatha:2	bodhakatha:1
बोधगया	bodhgaya:2	bodhagaya:1
बोधचिन्ह	bodhachinha:2	bodhachinh:1
बोधवाक्य	bodhavakya:3
बोधिसत्व	bodhisatva:2	bodhisatv:1
बोधी	bodhi:1	bodhii:1	boodhi:1
बोधे	bodhe:3
बोबडे	bobade:3
बोभाटा	bobhata:3
बोर	bor:2	bore:2
बोरकर	borkar:2	borakar:1
बोरलॉग	borelog:2	borlog:1
बोरवणकर	borvankar:2	boravanakar:1
बोरा	bora:4	boara:1	booara:1	boora:1
बोराची	borachi:2	borachee:1
बोराच्या	borachya:3
बोराडे	borade:3
बोरिवली	borivali:2	borivalee:1
बोरिस	boris:4	boorees:1	booris:1	boorisa:1
बोरी	bori:2	boree:1
बोरीकर	borikar:3
बोरीवली	borivali:2	boreevalee:1
बोरीवलीच्या	borivalichya:2	boreevaleechya:1
बोरे	bore:3
बोर्ड	board:1	booard:1	boord:1	boorda:1
बोर्डच्या	boardchya:2	bordchya:1
बोर्डाची	boardachi:2	bordachee:1
बोर्डाचे	boardache:2	bordache:1
बोर्डाच्या	boardachya:2	bordachya:1
बोर्डातील	boardateel:1	boardatil:1	bordateel:1
बोर्डाने	boardane:2	bordane:1
बोर्डिंगमध्ये	boardingmadhye:2	bordingmadhye:1
बोर्डी	bordi:2	boardi:1	bordee:1
बोर्डे	borde:2	board:1
बोल	bol:4	bool:1
बोलका	bolka:2	bolaka:1
बोलके	bolake:2	bolke:1
बोलणारी	bolanaree:1	bolanari:1	bolnaari:1
बोलणी	bolani:2	bolanee:1
बोलणे	bolane:3
बोलणें	bolanen:2	bolane:1
बोलण्याचा	bolanyacha:3
बोलण्याची	bolanyachi:2	bolanyachee:1
बोलण्याचे	bolanyache:3
बोलण्याच्या	bolanyachya:3
बोलण्यात	bolanyat:3
बोलण्यातून	bolanyatun:2	bolanyatoon:1
बोलण्यामुळे	bolanyamule:3
बोलण्यासाठी	bolanyasathi:2	bolanyasathee:1
बोलत	bolat:3
बोलता	bolata:3
बोलतात	bolatat:3
बोलताना	bolatana:3
बोलती	bolati:2	bolatee:1
बोलते	bolate:3
बोलतेय	bolatey:3
बोलतो	bolato:3
बोलबाला	bolbala:2	bolabala:1
बोलली	bolli:6	bolali:2	bolalee:1
बोलले	bolle:2	bolale:3
बोलल्या	bolalya:3
बोलवून	bolavoon:1	bolavun:1	bolvoon:1
बोलायचे	bolayache:2	bolayche:1
बोलावलं	bolavala:1	bolavalam:1	bolavalan:1
बोलावले	bolavale:2	bolavle:1
बोलावा	bolava:3
बोलाविले	bolavile:3
बोलावून	bolavun:2	bolavoon:1
बोलिंग	bowling:2	boling:1
बोली	boli:2	bolee:1
बोलीचा	bolicha:2	boleecha:1
बोलीचे	boliche:2	boleeche:1
बोलीत	boleet:2	bolit:1
बोलीभाषा	boleebhasha:2	bolibhasha:1
बोलीभाषेत	boleebhashet:2	bolibhashet:1
बोलीभाषेतील	boleebhasheteel:2	bolibhashetil:1
बोलू	boloo:2	bolu:1
बोलून	bolun:2	boloon:2
बोले	bole:4	bolee:1	boole:1
बोळ	bol:3
बोळात	bolat:2	bolaat:1
बोस	bos:2	bose:1
बोस्टन	bostan:2	bosten:2	boostan:1	boostana:1
बोहरा	bohara:3
बोहेमिया	boheemia:1	boheemiya:1	bohemia:1	bohemiya:1
बौद्ध	baudha:5	bauddha:2	bauddh:1
बौद्धांच्या	bauddhanchya:3
बौद्धांना	bauddhanna:3
बौद्धिक	bauddhik:3
ब्रँड	brand:4	braind:1
ब्रदर	brother:3
ब्रम्ह	brahma:2	bramha:2	bramh:1
ब्रम्हचर्य	bramhacharya:2	bramhachary:1
ब्रम्हदेश	bramhadesh:2	brahmadesh:1
ब्रम्हपुत्रा	bramhaputra:2	brahmaputra:1
ब्रम्हपुरी	brahmapuri:1	bramhapuree:1	bramhapuri:1
ब्रम्हा	bramha:2	brahma:1
ब्रश	brush:3	brash:2	bras:1	brashh:1
ब्रह्म	brahma:2	bramha:1
ब्रह्मचारिणी	brahmacharinee:1	brahmacharini:1	bramhacharini:1
ब्रह्मचारी	brahmacharee:1	brahmachari:1	bramhachari:1
ब्रह्मदेव	brahmadev:2	bramhadev:1
ब्रह्मदेवाने	brahmadevane:2	bramhadevane:1
ब्रह्मदेश	brahmadesh:2	bramhadesh:1
ब्रह्मदेशात	brahmadeshat:2	bramhadeshat:1
ब्रह्मपुत्रा	brahmaputra:2	bramhaputra:1
ब्रह्मलीन	brahmaleen:1	brahmalin:1	bramhalin:1
ब्रह्मा	brahma:1	brahmaa:1	bramha:1
ब्रह्मांड	brahmand:1	bramhand:1	bramhanda:1
ब्रह्मानंद	brahmanand:2	brahmaand:1
ब्रह्मास्त्र	brahmastr:1	brahmastra:1	bramhasatra:1
ब्राउझिंग	browsing:3	browzing:1
ब्राऊन	brown:3	braun:1
ब्राझिल	brazil:3
ब्राझील	brazil:3	brajeal:1	brajiila:1	brajil:1
ब्राझीलची	brazilchi:2	brazeelachee:1
ब्राझीलच्या	brazilchya:2	brazeelachya:1
ब्राझीलमधील	brazilmadhil:2	brazilmadheel:1
ब्राझीलमध्ये	brazilmadhye:2	brazilmadhe:1
ब्राम्हण	bramhan:2	brahman:1	brahmin:1
ब्राम्हणांच्या	bramhananchya:3
ब्राम्ही	bramhee:2	bramhi:1
ब्रायन	brayan:3	brian:2	brayana:1	briaan:1
ब्राह्मण	brahman:5	brahmana:2	bramhan:2	braahman:1
ब्राह्मणच	brahmanach:2	bramhanach:1
ब्राह्मणवादी	brahmanavadee:2	bramhanvadi:1
ब्राह्मणांचा	brahmanancha:2	bramhanancha:1
ब्राह्मणांची	brahmananchee:2	bramhananchi:1
ब्राह्मणांचे	brahmananche:2	bramhananche:1
ब्राह्मणांत	brahmanant:2	bramhanant:1
ब्राह्मणांनी	brahmanannee:2	bramhananni:1
ब्राह्मणाचे	brahmanache:2	bramhanache:1
ब्राह्मणाच्या	brahmanachya:2	bramhanachya:1
ब्राह्मणात	brahmanat:2	bramhanat:1
ब्राह्मणाला	brahmanala:2	bramhanala:1
ब्राह्मणी	brahmanee:2	bramhani:1
ब्राह्मणेतर	brahmanetar:1	brahmanettar:1	bramhanetar:1
ब्राह्मी	brahmee:2	bramhi:1
ब्रिगेड	briged:3	brigade:1
ब्रिगेडच्या	bregedachya:1	brigedachya:1	brigedchya:1
ब्रिग्स	breags:1	bregs:1	brigs:1
ब्रिटन	britan:3	britain:2	britian:1	briton:1
ब्रिटनचा	britanacha:2	britaincha:1
ब्रिटनची	britanachee:2	britainchi:1
ब्रिटनचे	britanache:2	britainche:1
ब्रिटनच्या	britanachya:2	britainchya:1
ब्रिटनने	britanane:2	britainne:1
ब्रिटनमधील	britainmadhil:1	britanamadheel:1	britanamdheel:1
ब्रिटनमध्ये	britanamadhye:2	britainmadhye:1
ब्रिटनला	britanala:2	britainla:1
ब्रिटनी	briitanii:1	briittany:1	britani:1	brittani:1
ब्रिटानिका	britanica:1	britanika:1	britaniqa:1
ब्रिटानिया	britaniya:3	britannia:3	britania:1
ब्रिटिश	british:4	breetes:1	breetesh:1	breeteshh:1
ब्रिटिशकाळात	britishakalat:2	britishkalat:1
ब्रिटिशांचा	britishancha:3
ब्रिटिशांची	briteeshanchee:1	britishanchee:1	britishanchi:1
ब्रिटिशांच्या	britishanchya:3
ब्रिटिशांना	britishanna:2	briteeshanna:1
ब्रिटिशांनी	briteeshannee:1	britishannee:1	britishanni:1
ब्रिटिशांविरुद्ध	briteeshanviruddh:1	britishanviruddh:1	britishanviruddha:1
ब्रिटीश	british:3	briteesh:2
ब्रिटीशांना	briteeshanna:2	britishanna:1
ब्रीदवाक्य	breedavakya:1	bridvaky:1	bridvakya:1
ब्रुनेई	bruneei:1	bruneey:1	brunei:1	bruney:1
ब्रॅण्ड	brand:3	braend:1
ब्रेक	break:4	brek:2	brake:1	brakee:1
ब्रेकफास्ट	breakfast:1	breakphast:1	breaqfast:1	breeakfast:1
ब्रेकिंग	breakin:1	breaking:1	breaqing:1	breeaking:1
ब्रेल	brel:3
ब्रॉड	braad:1	brad:1	broad:1
ब्रॉडबँड	braadband:1	bradaband:1	braudband:1	broadband:1
ब्रोकर	broker:4	brokar:1	brookar:1	brooker:1
ब्लड	blood:4	blaad:1	blad:1	blud:1
ब्लांका	blanca:1	blanka:1	blanqa:1
ब्लू	blue:4	blaa:1	bloo:1	blu:1
ब्लूमफिल्ड	bluefield:1	bluefild:1	bluefiled:1	bluefilled:1
ब्लॅक	black:4	blac:1	blacq:1	blak:1
ब्लेअर	blair:1	blayar:1	blayeer:1	blayer:1
ब्लॉक	blac:1	blak:1	blaka:1	blaqa:1
ब्लॉक्स	blacks:1	blaks:1	blaqs:1	blocks:1
ब्लॉग	blog:4	blag:1	blaug:1	bloug:1
ब्लॉगला	blogla:3
ब्लॉगवरून	blogvarun:2	blogavaroon:1	blogvaroon:1
ब्लॉगिंग	blagging:1	blagin:1	blaging:1	bloggin:1
भंग	bhang:3
भंगार	bhangar:2	bhangaar:1
भंगारात	bhangarat:3
भंजन	bhanjan:3
भंडारदरा	bhandardara:3
भंडारा	bhandara:3
भंडारी	bhandari:3
भंडारे	bhandare:3
भक्कम	bhakkam:3
भक्त	bhakt:2	bhakta:1
भक्तगण	bhaktgan:2	bhaktagan:1
भक्तनिवास	bhaktanivas:2	bhaktnivas:1
भक्तराज	bhaktraj:2	bhaktaraj:1
भक्तांची	bhaktanchi:3
भक्तांच्या	bhaktanchya:3
भक्तांना	bhaktanna:3
भक्तांनी	bhaktanni:3
भक्ताचे	bhaktache:3
भक्ति	bhakti:3
भक्तिगीत	bhaktigeet:2	bhaktigit:1
भक्तिगीते	bhaktigeete:2	bhaktigite:1
भक्तिपूर्वक	bhaktipurvak:3
भक्तिभाव	bhaktibhav:2	bhaktibhaav:1
भक्तिभावाने	bhaktibhavane:2	bhakteebhavane:1	bhaktibhavaane:1
भक्तिमार्ग	bhaktimarg:3
भक्ती	bhakti:4	bhaktee:1	bhaktii:1	bhaqti:1
भक्तीचा	bhakticha:3
भक्तीचे	bhaktiche:3
भक्ष	bhaksh:2	bhaksha:1
भक्षक	bhakshak:3
भक्ष्य	bhakshya:2	bhakshay:1
भक्ष्यस्थानी	bhakshyasthani:3
भगत	bhagat:4	bhaget:1
भगतसिंग	bhagatsingh:2	bhagatsing:1
भगवंत	bhagavanta:1	bhagvant:1	bhagwant:1
भगवंता	bhagavanta:1	bhagvanta:1	bhagwanta:1
भगवंतांची	bhagavantanchee:1	bhagvantanchi:1	bhagwantanchi:1
भगवंताचा	bhagavantacha:1	bhagvantacha:1	bhagwantacha:1
भगवंताची	bhagavantachee:1	bhagvantachi:1	bhagwantachi:1
भगवंताचे	bhagavantache:1	bhagvantache:1	bhagwantache:1
भगवंताच्या	bhagavantachya:1	bhagvantachya:1	bhagwantachya:1
भगवंताला	bhagavantala:1	bhagvantaala:1	bhagwantala:1
भगवती	bhagavatee:1	bhagvati:1	bhagwati:1
भगवद्	bhagavad:1	bhagvad:1	bhagwad:1
भगवद्गीता	bhagavagdeeta:1	bhagvagdita:1	bhagwadgita:1
भगवद्गीतेचे	bhagavagdeeche:1	bhagvagditeche:1	bhagwadgiteche:1
भगवा	bhagwa:2	bhagavach:1	bhagva:1
भगवान	bhagwan:3	bhagavan:2	bhagwaan:2	bhagavana:1
भगवानगड	bhagwangad:2	bhagavangad:1
भगवानगडावर	bhagwangadavar:2	bhagavanagadavar:1
भगवानबाबा	bhagwanbaba:2	bhagavanbaba:1
भगिनी	bhaginee:2	bhageeni:1	bhagini:1
भग्न	bhagn:2	bhagna:1
भजन	bhajan:4	bhazan:1
भजनाचा	bhajanacha:2	bhajnacha:1
भजने	bhajane:3
भजी	bhaji:2	bhajee:1
भट	bhat:4	bhata:1	bhatt:1	bhet:1
भटकंती	bhatkanti:2	bhatakanti:1	bhatkanty:1	bhatknti:1
भटकत	bhatkat:3	bhatkt:1
भटकर	bhatkar:3	bhtkar:1
भटकळ	bhatkal:2	bhatkad:1
भटके	bhatke:3	bhatkey:1
भटक्या	bhatkya:3	bhatkyaa:1
भटजी	bhatji:3	bhatjee:1	bhattji:1
भटनागर	bhatnagar:3
भटांना	bhatanna:3	bhattnna:1
भटांनी	bhatanni:3	bhatanny:1
भट्ट	bhatt:3	bhatta:1	bhett:1
भट्टाचार्य	bhattacharya:2	battacharya:1
भट्टी	bhatti:3
भडकलेल्या	bhadaklelya:2	bhadakleylya:1	bhadklelya:1
भडगाव	bhadgav:2	bhadgaav:1	bhadgaon:1
भणगे	bhange:2	bhanage:1	bhangey:1	bhannge:1
भदंत	bhadant:2	bhadat:1	bhdant:1
भद्रकाली	bhadrakali:2	bhadrakaali:1
भद्रा	bhadra:3	bhadraa:1
भय	bhay:3
भयंकर	bhayankar:3
भयपट	bhaypat:2	bhayapat:1
भयाण	bhayan:2	bhayaan:1
भयानक	bhayanak:3
भय्यासाहेब	bhayyasaheb:3
भर	bhar:3
भरकटत	bharakatat:1	bharakatt:1	bharkatat:1
भरघोस	bharghos:2	bhargos:1	bhargosh:1
भरण	bharan:3	bharann:1
भरणा	bharna:2	bharnaa:1	bharnna:1
भरणार	bharnaar:2	bharnar:2
भरणारा	bharnaara:2	bharnara:2
भरणारे	bharnaare:2	bharnaarey:1	bharnare:1
भरणाऱ्या	bhaarnaaryaa:1	bharnaanya:1	bharnanya:1	bharnarya:1
भरणे	bharne:2	bharney:1	bharnney:1
भरण्यात	bharnyat:3	bharnyaat:1
भरण्यासाठी	bharnyasathi:3	bharnyasaathi:1
भरत	bharat:3
भरतनाट्यम	bharatnatyam:2	bharatanatyam:1
भरतपूर	bharatpur:2	bharatapoor:1
भरता	bharata:2	bharta:1
भरतात	bharatat:3
भरताना	bharatana:2	bhartana:1
भरताला	bharatala:2	bhartala:1
भरती	bharati:2	bharti:2	bharatee:1
भरते	bharte:2	bharate:2
भरतो	bharato:2	bharto:1
भरपाई	bharapai:2	bharpai:1
भरपुर	bharapur:2	bharpur:1
भरपूर	bharpur:4	bharapoor:2
भरभराट	bharabharat:2	bharbharat:1
भरभराटीस	bharabharatees:2	bharbharatis:1
भरभरून	bharabharun:2	bharbharun:1
भरला	bharala:2	bharla:1
भरली	bharalee:2	bharli:1
भरले	bharale:2	bharle:1
भरलेलं	bharalelam:2	bharlela:1
भरलेला	bharalela:2	bharlela:1
भरलेली	bharalelee:2	bharleli:1
भरलेले	bharalele:2	bharlele:1
भरलेल्या	bharalelya:2	bharlelya:1
भरल्या	bharalya:2	bharlya:1
भरल्यामुळे	bharalyamule:2	bharlyamule:1
भरवण्यात	bharavanyat:2	bharavnyat:1
भरवतात	bharavatat:2	bharavtat:1
भरवते	bharavate:2	bharavte:1
भरवतो	bharavato:2	bharavto:1
भरवली	bharavalee:2	bharavli:1
भरवले	bharavale:2	bharavle:1
भरवल्या	bharavalya:2	bharavlya:1
भरविण्यात	bharavinyat:2	bharvinyat:1
भरविते	bharavite:2	bharvite:1
भरविला	bharavila:2	bharvila:1
भरविली	bharavilee:2	bharvili:1
भरविले	bharavile:2	bharvile:1
भरविल्या	bharavilya:2	bharvilya:1
भरारी	bhararee:2	bharari:1
भराव	bharav:3
भरावयाचा	bharavayacha:3
भरावा	bharava:3
भरावी	bharavee:2	bharavi:1
भरीव	bhariv:2	bhareev:2
भरीस	bharees:2	bharis:2	bhrees:1
भरुन	bharun:3	bharoon:1
भरून	bharun:3	bharoon:1
भरोसा	bharosa:3
भल	bhal:3	bhl:1
भलतीकडेच	bhaltikadech:2	bhalateekadech:1	bhalteekadech:1
भला	bhala:3	bhla:1
भलामोठा	bhalamotha:3	bhlamotha:1
भलावण	bhalavan:3	bhalaven:1
भले	bhale:3	bhaley:1
भलेमोठे	bhalemothe:3
भल्या	bhalya:3
भवन	bhavan:3
भवनाच्या	bhavanachya:3
भवनात	bhavanat:3
भवनातील	bhavanateel:2	bhavanatil:1
भवानी	bhavani:2	bhavanee:1
भवानीचा	bhavanicha:2	bhavaneecha:1
भवानीच्या	bhavaneechya:1	bhavanichya:1	bhavannichya:1
भवाळकर	bhavalkar:2	bhavalakar:1
भवितव्य	bhavitavya:3
भवितव्याचा	bhavitavyacha:3
भवितव्याची	bhavitavyacha:1	bhavitavyachee:1	bhavitavyachi:1
भविष्य	bhavishya:2	bhavvishya:1
भविष्यात	bhavishyat:3
भविष्यातील	bhavishyatil:3
भविष्याविषयी	bhavishyavishayi:3
भविष्यासाठी	bhavishyasathi:3
भव्य	bhavya:3
भसीन	bhasin:3
भस्म	bhasm:2	bhasma:1
भांगडा	bhangada:2	bhangda:1
भांड	bhand:3
भांडखोर	bhandkhor:3
भांडण	bhandan:2	bhadan:1
भांडणात	bhandanat:2	bhandnat:1
भांडणातून	bhandanatun:2	bhandnatoon:1	bhandnatun:1
भांडणे	bhandane:2	bhandne:1
भांडवल	bhandaval:2	bhandval:1
भांडवलदारांच्या	bhandavaladaranchya:1	bhandavaldaranchya:1	bhandvaldaranchya:1
भांडवलशाही	bhandavalshahi:2	bhandvalshahi:1
भांडवली	bhandavali:2	bhandvali:1
भांडार	bhandar:3
भांडारकर	bhandarkar:3
भांडी	bhandi:3
भांडीं	bhandi:2	bhandin:1
भांडुप	bhandup:3
भांडे	bhande:3
भांड्यात	bhandyat:3
भांड्यामध्ये	bhandyamadhye:3
भाई	bhai:4	bhaai:1	bhaay:1	bhay:1
भाईंदर	bhaindar:2	bhaidar:1
भाईकाका	bhaikaka:3
भाऊ	bhau:2	bhauu:1
भाऊंचे	bhaunche:2	bhauunche:1
भाऊंच्या	bhaunchya:2	bhauunchya:1
भाऊंनी	bhaunni:2	bhauuni:1
भाऊने	bhaine:1	bhaune:1	bhauune:1
भाऊबंदकी	bhaubandaki:2	bhauubandki:1
भाऊबीज	bhaubeej:1	bhaubij:1	bhauubij:1
भाऊराव	bhaurao:2	bhauurav:1
भाऊसाहेब	bhausaheb:2	bhauusaheb:1
भाकड	bhakad:3
भाकरी	bhakari:2	bhakri:1
भाकरीचा	bhakaricha:2	bhakricha:1
भाकऱ्या	bhakarya:2	bhakrya:1
भाकित	bhakit:3
भाग	bhag:3
भागवत	bhagwat:2	bhagavat:1
भागवतांनी	bhagwatanni:2	bhagavtannee:1	bhagavtanni:1
भागही	bhagahi:3	bhaghi:1
भागा	bhaga:3	bhaaga:1
भागांची	bhaganchi:3	bhagaanchi:1	bhaganchee:1
भागांचे	bhaganche:3	bhaganchey:1
भागांच्या	bhaganchya:3	bhaganchyaa:1
भागांत	bhagant:2	bhagaant:1
भागांतील	bhaganteel:2	bhagantil:2
भागांतून	bhagantoon:3	bhagantun:2
भागांना	bhaganna:3	bhagnna:1
भागांपैकी	bhaganpaiki:3	bhaganpaiky:1
भागांमधील	bhaganmadheel:2	bhaganmadhil:2	bhaaganmadheel:1
भागांमधून	bhaganmadhoon:2	bhaganmadhun:2	bhaaganmadhoon:1
भागांमध्ये	bhaganmadhye:3	bhaaganmadhye:1
भागांवर	bhaganvar:3	bhaaganvar:1	bhaganver:1
भागाचा	bhagacha:3
भागाची	bhagachi:2	bhagachee:1
भागाचे	bhagache:3
भागाच्या	bhagachya:3
भागात	bhagat:3
भागातच	bhagatach:3
भागातही	bhagatahi:2	bhagatahee:1
भागातील	bhagatil:9	bhagateel:2
भागातून	bhagatoon:3	bhagatun:1
भागातूनच	bhagatoonach:2	bhagatunach:1
भागापासून	bhagapasoon:3	bhagapasun:1
भागामधील	bhagamadheel:2	bhagamadhil:1
भागामध्ये	bhagamadhye:3
भागाला	bhagala:3
भागावर	bhagavar:3
भागाशी	bhagashi:2	bhagashee:1
भागास	bhagas:3
भागासाठी	bhagasathee:1	bhagasathi:1	bhagasthi:1
भागीदार	bhagidar:2	bhageedar:1
भागीदारी	bhageedaree:1	bhageedari:1	bhagidari:1
भागीदारीत	bhagidarit:2	bhageedareet:1
भागेल	bhagel:3
भाग्य	bhagya:3
भाग्यलक्ष्मी	bhagyalakshmi:2	bhagyalakshmee:1
भाग्याचा	bhagyacha:3
भाग्योदय	bhagyoday:2	bhagyaoday:1
भाजण्यासाठी	bhajnyasathi:2	bhajanyasathee:1
भाजप	bhajap:3
भाजपकडून	bhajapkadoon:2	bhajapakadoon:1	bhajapkadun:1
भाजपचे	bhajapche:2	bhajapache:1
भाजपच्या	bhajapchya:2	bhajapachya:1
भाजपमधून	bhajapamadhoon:1	bhajapmadhoon:1	bhajpamadhun:1	bhajpamdhoon:1
भाजपाच्या	bhajapachya:2	bhajpachya:1
भाजलेले	bhajlele:2	bhaajlele:1	bhajleley:1
भाजलेल्या	bhaajlelya:2	bhajlelya:2
भाजल्याने	bhajlyane:2	bhaajlyane:1	bhajlyaane:1	bhajlyaaney:1
भाजावी	bhajavi:3	bhaajavi:1	bhajavee:1
भाजी	bhaji:2	bhaaji:1	bhajee:1
भाजीपाला	bhaajipala:1	bhajeepaala:1	bhajeepala:1	bhajipaala:1
भाजीही	bhajihi:2	bhaajihi:1
भाजून	bhajoon:2	bhaajoon:1	bhajun:1
भाजे	bhaje:2	bhaaje:1
भाज्या	bhajya:2	bhaajyaa:1
भाज्यांचे	bhajyanche:2	bhaajyanche:1
भाज्यांमध्ये	bhaajyanmadhe:1	bhajyamadhye:1	bhajyanmadhye:1
भाटकर	bhatkar:2	bhatakar:1
भाटिया	bhatiya:3
भाटे	bhate:3
भाट्ये	bhatye:2	bhaatye:1
भाडे	bhade:3
भाडेकरू	bhadekaroo:2	bhadekaru:2
भाड्याने	bhadyane:4	bhadayane:1
भात	bhat:2	bhaat:1
भातखंडे	bhatkhande:2	bhatakhande:1
भातशेती	bhatsheti:2	bhatashetee:1	bhatshetee:1
भातशेतीचे	bhatasheteechee:1	bhatsheteeche:1	bhatshetiche:1
भातसा	bhatsa:2	bhatasa:1
भाताचा	bhatacha:3
भातुकली	bhatukalee:1	bhatukali:1	bhatukli:1
भाद्रपद	bhadrapad:2	bhadraprataap:1
भान	bhan:2	bhaan:1
भानुशाली	bhanushali:3
भानू	bhanoo:2	bhanu:2
भाभा	bhabha:3
भामिनी	bhamini:2	bhameeni:1	bhaminee:1
भायखळा	bhaykhala:2	bhayakhala:1
भार	bhar:3	bhaar:1
भारत	bharat:4	bharata:1	bharet:1	bhareta:1
भारतचे	bharatche:2	bharatache:1
भारतभर	bharatabhar:2	bharatbhar:2
भारतभरात	bharatbharat:2	bharatabharat:1
भारतभूषण	bharatbhushan:2	bharatabhooshan:1
भारतरत्न	bharataratna:1	bharatratn:1	bharatratna:1
भारताकडून	bharatakadoon:2	bharatakadun:2
भारताकडे	bharatakade:3
भारताचा	bharatacha:3
भारताची	bharatachi:2	bharatachee:1
भारताचे	bharatache:3
भारताच्या	bharatachya:3
भारतात	bharatat:3
भारतातच	bharatatach:3
भारतातर्फे	bharatatarfe:3	bharatatarphe:1
भारतातली	bharatatali:2	bharatatalee:1
भारतातले	bharatatale:3
भारतातल्या	bharatatalya:3
भारतातही	bharatatahi:2	bharatatahee:1
भारतातील	bharatatil:2	bharatateel:1
भारतातून	bharatatoon:2	bharatatun:2
भारताने	bharatane:3
भारताबाहेर	bharatabaher:3
भारतामधील	bharatamadheel:2	bharatamadhil:1
भारतामध्ये	bharatamadhye:2	bharatmadhye:1
भारताला	bharatala:3
भारतावर	bharatavar:3
भारतावरील	bharatavareel:2	bharatavaril:1
भारतासह	bharatasah:3
भारतासाठी	bharatasathi:3
भारतासारख्या	bharatasarkhya:3
भारती	bharati:3	bharatee:1
भारतीच्या	bharatichya:3
भारतीतीर्थ	bharatiteerth:2	bharatitirth:1
भारतीय	bharatiya:2	bharatiy:1
भारतीयत्वाची	bharatiyatvachi:3
भारतीयांकडून	bharatiyankadoon:3	bharatiyankadun:1
भारतीयांचा	bhartiyancha:2	bharatiyancha:1
भारतीयांची	bharatiyanchi:2	bhartiyanchi:1
भारतीयांना	bharatiyanna:2	bhartiyana:1
भारतीयांनी	bharatiyanni:2	bhartiyani:1
भारतीयांमध्ये	bharatiyanmadhye:2	bhartiyanmadhe:1
भारदस्त	bharadast:1	bhardast:1	bhardasta:1
भारद्वाज	bhardvaj:2	bharadwaj:1
भारनियमन	bharniyaman:2	bharaniyaman:1
भारी	bhari:2	bharee:1
भारूड	bharood:2	bharud:2
भालचंद्र	bhalchandra:2	bhalachandra:1
भाला	bhala:3
भाले	bhale:3
भालेराव	bhalerao:2	bhalerav:1
भाव	bhav:2	bhaav:1
भावंडांची	bharandanchi:1	bhavandanchee:1	bhavandanchi:1
भावंडात	bhavandat:3
भावंडे	bhavande:3
भावगीत	bhaavgeet:1	bhavageet:1	bhavgit:1
भावगीते	bhavageete:1	bhavgeete:1	bhavgiter:1
भावनगर	bhavnagar:4	bhaavnagar:1	bhaawnagar:1	bhavanagara:1
भावना	bhavana:2	bhavna:1
भावनांचे	bhaavnaanche:1	bhavananche:1	bhavnanche:1
भावनांना	bhavananna:1	bhavnana:1	bhavnanna:1
भावनिक	bhavanik:2	bhavnik:1
भावनीक	bhavaneek:1	bhavanik:1	bhavnik:1
भावनेने	bhavanene:2	bhavnene:1
भावपूर्ण	bhavpurn:2	bhavapoorn:1	bhavpurna:1
भावबंधन	bhavbandhan:2	bhavabandhan:1
भाववाढ	bhavavadh:2	bhavvadh:2
भावांचे	bhavanche:3
भावाचा	bhavacha:3
भावाच्या	bhavachya:3
भावानुवाद	bhavanuvad:3
भावाने	bhavane:3
भावार्थ	bhavartha:2	bhavarth:1	bhavartjh:1
भावाला	bhavala:3
भावावर	bhavavar:3
भाविक	bhavik:3
भाविकांची	bhavikanchi:3	bhaveekanchi:1
भाविकांच्या	bhavikanchya:3	bhaveekanchya:1
भाविकांना	bhavikanna:3	bhaveekanna:1
भावी	bhavi:3
भावुक	bhavuk:3
भावे	bhave:3
भाषकांची	bhashakanchi:3
भाषण	bhashan:3
भाषणांचा	bhashanancha:3
भाषणाच्या	bhashanachya:2	bhashnachya:1
भाषणात	bhashanat:2	bhashnat:1
भाषणातील	bhashanatil:2	bhashnatil:1
भाषणातून	bhashanatun:2	bhashnatoon:1	bhashnatun:1
भाषणे	bhashane:2	bhashne:1
भाषा	bhasha:3
भाषांचा	bhashancha:3
भाषांची	bhashanchi:3
भाषांचे	bhashanche:3
भाषांच्या	bhashanchya:3
भाषांत	bhashant:3
भाषांतर	bhashantar:3
भाषांतरकार	bhashantarkar:2	bhashantakar:1
भाषांतराचे	bhashantarache:3
भाषांतरात	bhashantarat:3
भाषांतरित	bhashantarit:3
भाषांतरे	bhashantare:3
भाषांतील	bhashantil:3
भाषांतून	bhashantun:3	bhashantoon:1
भाषांपैकी	bhashanpaiki:3
भाषांमधील	bhashanmadhil:3
भाषांमधून	bhashanmadhun:3	bhashanmadhoon:1
भाषांमध्ये	bhashanmadhye:3
भाषांवर	bhashanvar:3
भाषाविषयक	bhashavishayak:3
भाषाशास्त्र	bhashashastra:2	bhashashatra:1
भाषिक	bhashik:3
भाषिकांची	bhashikanchi:3
भाषेचा	bhashecha:3
भाषेचाही	bhashechahi:3
भाषेची	bhashechi:3
भाषेचे	bhasheche:3
भाषेच्या	bhashechya:3
भाषेत	bhashet:3
भाषेतच	bhashetach:3
भाषेतली	bhashetali:3
भाषेतले	bhashetale:3
भाषेतल्या	bhashetalya:3
भाषेतही	bhashetahi:3
भाषेतील	bhashetil:3
भाषेतून	bhashetun:3	bhashetoon:1
भाषेने	bhashene:3
भाषेबद्दल	bhashebaddal:3
भाषेमधील	bhashemadhil:3
भाषेमध्ये	bhashemadhye:3
भाषेमुळे	bhashemule:3
भाषेला	bhashela:3
भाषेवर	bhashevar:3
भाषेस	bhashes:3
भाष्य	bhashya:3
भाष्यकार	bhashyakar:3
भास	bhas:3
भासत	bhasat:3
भासते	bhaste:2	bhasate:1
भासमान	bhasman:2	bhasaman:1
भासवत	bhasvat:2	bhasavat:1
भासवले	bhasavale:1	bhasawale:1	bhasvale:1
भासा	bhasa:3
भास्कर	bhaskar:4	bhashkar:1	bhashkara:1	bhaskara:1
भास्करबुवा	bhaskarbuva:2	bhaskarbuwa:1
भास्करराव	bhaskarrao:3
भास्कराचार्य	bhaskaracharya:2	bhaskarachary:1
भिंग	bhing:2	bhinga:1
भिंगरी	bhingaree:1	bhingari:1	bhingri:1
भिंगारकर	bhingarkar:3
भिंत	bhint:2	bhinta:1
भिंती	bhintee:2	bhinti:1
भिंतींना	bhinteenna:2	bhintinna:1
भिंतींमध्ये	bhinteenmadhye:2	bhintinmadhye:1
भिंतींवर	bhinteenvar:2	bhintivar:1
भिंतीत	bhinteet:2	bhintit:1
भिंतीवर	bhinteevar:2	bhintivar:1
भिंतीवरील	bhinteevareel:2	bhintivaril:1
भिंद्रनवाले	bhindranwale:2	bhindranavale:1
भिकाजी	bhikaji:2	bhikajee:1
भिकू	bhikoo:3	bhiku:2
भिक्खु	bhikkhu:3
भिक्खू	bhikkhoo:2	bhikkhu:2
भिक्षा	bhiksha:3
भिक्षेकरी	bhikshekari:2	bhikshekaree:1
भिक्षेसाठी	bhikshesahi:1	bhikshesathee:1	bhikshesathi:1
भिजत	bhijat:3
भिजली	bhijli:2	bhijlee:1
भिजवलेले	bhijavalele:1	bhijavlele:1	bhijvalele:1
भिजवलेल्या	bhijavalelya:1	bhijavlelya:1	bhijvalelya:1
भिजवून	bhijvoon:2	bhijvun:2	bhijavoon:1
भिडली	bhidli:2	bhidali:1	bhidlee:1
भिडे	bhide:3
भिती	bhiti:3	bhitee:1
भितीने	bhitine:3
भित्रे	bhitre:3
भिन्न	bhinna:2	bhinn:3
भिन्नलिंगी	bhinnalingi:2	bhinnalingee:1
भिमा	bhima:3
भिमाशंकर	bhimashankar:3	bheemashankar:1
भिरकावली	bhirakavalee:1	bhirkaavali:1	bhirkavle:1
भिल्ल	bhilla:2	bhill:1
भिवंडी	bhivandi:2	bhivandee:2	bhiwandi:1
भिवंडीत	bhivandit:2	bhivandeet:1	bhiwandit:1
भिसे	bhise:3
भी	bhi:3	bhee:1
भीक	bheek:2	bhik:2
भीडभाड	bhidbhad:2	bheedbhad:1
भीती	bhiti:2	bheetee:1
भीतीचे	bhitiche:2	bheeteeche:1	bheetiche:1
भीतीने	bhitine:2	bheeteene:1	bheetine:1
भीतीमुळे	bhitimule:2	bheetimule:1	bhiteemule:1
भीतीही	bheetihi:1	bhitihee:1	bhitihi:1
भीम	bheem:2	bheema:1	bhiima:1	bhiimaa:1
भीमराव	bheemrao:2	bhimrao:1
भीमरूपी	bheemroopi:1	bheemrupi:1	bhimroopi:1
भीमसेन	bheemsen:2	bhimsen:1
भीमा	bheema:2	bhima:1
भीमाच्या	bheemachya:2	bhimachya:1
भीमाने	bhimane:2	bheemane:1
भीमाबाई	bheemabai:2	bhimabai:1
भीमाशंकर	bheemashankar:1	bhimashankar:1	bhimashanker:1
भीषण	bheeshan:2	bhishan:1
भीष्म	bheeshm:1	bheeshma:1	bhishma:1
भुंगा	bhunga:3
भुई	bhui:1	bhuii:1	bui:1
भुईकोट	bhuikot:2	bhuiikot:1
भुईमुगाचे	bhuimugache:2	bhuiimugache:1
भुईमूग	bhuiimoog:1	bhuimoog:1	bhuimug:1
भुकटी	bhukati:2	bhukatee:1	bhukti:1
भुज	bhuj:3	bhooj:1
भुजंग	bhujang:3
भुजंगासन	bhujangasan:3
भुजबळ	bhujbal:2	bhujabal:1	bhujabhal:1
भुट्टो	bhutto:4	bhootto:1	bhoottoo:1	bhuttoo:1
भुते	bhute:3
भुदरगड	bhudaragad:2	bhudargad:1
भुमिका	bhumika:3
भुयार	bhuyar:2	bhuyaar:1
भुयारी	bhuyaree:2	bhuyari:1
भुयारे	bhuyare:3
भुरकट	bhurakat:2	bhurkat:1
भुरळ	bhural:3
भुरे	bhure:3
भुर्दंड	bhurdand:2	bhurdanda:1
भुलले	bhulale:3
भुलेश्वर	bhuleshwar:2	bhuleshavar:1
भुवन	bhuvan:3
भुवनी	bhuvani:2	bhuvanee:1
भुवनेश्वर	bhubaneswar:1	bhuvaneshavr:1	bhuvaneshwar:1
भुवया	bhuvaya:3
भुसावळ	bhusaval:3
भू	bhoo:3	bhu:1
भूक	bhook:3	bhuk:1
भूकंप	bhookamp:1	bhookanp:1	bhukamp:1
भूकंपप्रवण	bhookampapravan:1	bhukamppravan:1	bhukanpapravan:1
भूकंपाची	bhookampachee:2	bhukampachi:1
भूकंपाचे	bhookampache:1	bhookanpache:1	bhukampache:1
भूकंपात	bhookampat:2	bhukampaat:1
भूकंपानंतर	bhookampanantar:1	bhookanpannatar:1	bhukampanantar:1
भूकंपाने	bhookampane:1	bhookanpane:1	bhukampane:1
भूकंपामुळे	bhookampamule:1	bhookanpamule:1	bhukampamule:1
भूगर्भातील	bhoogarbhateel:3
भूगोल	bhoogol:3
भूजल	bhoojal:3	bhujal:1
भूत	bhoot:3	bhut:1
भूतकाळ	bhootakal:1	bhootkaal:1	bhootkal:1
भूतकाळात	bhootakalat:1	bhootkalaat:1	bhootkalat:1
भूतकाळातील	bhootakalateel:2	bhootkalateel:1
भूतपूर्व	bhootapurv:1	bhootpurva:1	bhutpurva:1
भूतान	bhutan:3	bhootan:1	bhutaan:1
भूदल	bhudal:2	bhoodal:1
भूदान	bhoodan:2	bhudaan:1	bhudan:1
भूपाळी	bhupali:2	bhoopalee:1
भूप्रदेश	bhupradesh:2	bhoopradesh:1
भूभाग	bhubhag:2	bhoobhag:1	bhubhaag:1
भूभागावर	bhubhagavar:2	bhoobhagavar:1
भूमिका	bhumika:3	bhoomika:1
भूमिकांत	bhumikant:2	bhoomikant:1
भूमिकाही	bhumikahi:2	bhoomikahee:1
भूमिकेचे	bhumikeche:2	bhoomikeche:1
भूमिकेत	bhumiket:2	bhoomiket:1
भूमिकेतून	bhumiketun:2	bhoomiketoon:1
भूमिकेने	bhoomikene:2	bhumikene:1
भूमिकेबद्दल	bhoomikebaddal:2	bhumikebaddal:1
भूमिकेमुळे	bhoomikemule:2	bhumikemule:1
भूमिकेला	bhumikela:2	bhoomikela:2
भूमिकेवर	bhoomikevar:2	bhumikevar:1
भूमिकेशी	bhoomikeshee:1	bhoomikeshi:1	bhumikeshi:1
भूमिकेसाठी	bhoomikesaathi:1	bhoomikesathee:1	bhumikesathi:1
भूमिगत	bhumigat:4	bhoomigat:2
भूमितीय	bhoomitiya:2	bhoomiteey:1
भूमिहीन	bhoomiheen:3
भूमी	bhoomi:2	bhoomee:1
भूमीचा	bhoomicha:2	bhoomeecha:1
भूमीची	bhoomichi:2	bhoomeechee:1
भूमीत	bhoomit:2	bhoomeet:1
भूमीवर	bhoomivar:2	bhoomeevar:1	bhumivar:1
भूल	bhool:2	bhul:2
भूवैज्ञानिक	bhoovennyanik:1	bhuvaidhnyanik:1	bhuvaigyanik:1
भूषण	bhushan:2	bhooshan:1
भूषविली	bhooshavilee:1	bhushavili:1	bhushvilee:1
भूषविले	bhooshavile:1	bhooshvile:1	bhushavile:1
भूस्थिर	bhusthir:2	bhoosthir:1
भेंडे	bhende:3
भेट	bhet:3
भेटत	bhetat:3
भेटते	bhetate:3
भेटतो	bhetato:3
भेटला	bhetala:3	bhetla:1
भेटले	bhetale:2	bhetle:1
भेटलेली	bhetleli:2	bhetalelee:1
भेटलेल्या	bhetlelya:2	bhetalelya:1
भेटल्यावर	bhetlyavar:2	bhetalyavar:1
भेटवस्तू	bhetvastu:2	bhetavastoo:1
भेटशील	bhetsheel:2	bhetasheel:1
भेटायचे	bhetayache:2	bhetayche:1
भेटायला	bhetayla:2	bhetayala:2
भेटी	bheti:2	bhetee:1
भेटीचा	bheticha:2	bheteecha:1
भेटीचे	bhetiche:2	bheteeche:1
भेटीच्या	bhetichya:2	bheteechya:1
भेटीत	bheteet:2	bhetit:1
भेटीदरम्यान	bheteedaramyan:1	bhetidarmyaan:1	bhetidarmyan:1
भेटीनंतर	bhetinantar:2	bheteenantar:1
भेटीमुळे	bhetimule:2	bheteemule:1
भेटीला	bhetila:2	bheteela:1
भेटीस	bhetis:2	bhetees:1
भेटीसाठी	bhetisathi:2	bheteesathee:1
भेटून	bhetoon:2	bhetun:2
भेद	bhed:3
भेदभाव	bhedbhav:2	bhedabhav:1
भेदून	bhedoon:2	bhedun:1
भेलके	bhelake:3
भेळपुरी	bhelapuri:1	bhelpuree:1	bhelpuri:1
भैरव	bhairav:3
भैरवगड	bhairavgad:3
भैरवनाथ	bhairavnath:2	bhairavnaath:1
भैरवी	bhairavi:2	bhairavee:1
भैरी	bhairi:3
भोंडला	bhondla:2	bhondala:2
भोई	bhoi:3
भोक	bhok:2	bhokar:1
भोकरदन	bhokardan:3
भोकरे	bhokare:2	bhokre:1
भोके	bhoke:3
भोग	bhog:3
भोगता	bhogata:2	bhogta:1
भोगला	bhogla:2	bhogala:1
भोगवादी	bhogvadi:3	bhogvaadi:1	bhogwadi:1
भोगायला	bhogayla:3	bhogaayla:1	bhogailaa:1
भोगावती	bhogavati:3	bhogawati:1
भोगावा	bhogava:3	bhogaava:1	bhogawa:1
भोगावे	bhogave:2	bhogaavey:1	bhogavey:1
भोगाव्या	bhogavya:3	bhogaavya:1
भोगासी	bhogasi:3	bhogaasi:1	bhogasee:1
भोगिले	bhogile:2	bhogeeley:1	bhogiley:1
भोजन	bhojan:3
भोजनाचा	bhojanacha:2	bhojnaacha:1	bhojnacha:1
भोजपुरी	bhojpuri:3	bhojpoori:1
भोजराज	bhojraj:2	bhograj:1	bhojraaj:1
भोपटकर	bhopatkar:3
भोपळा	bhopala:2	bhopla:1
भोपाल	bhopal:2	bhopaal:1
भोपाळ	bhopal:4	bhoopal:1	bhoopala:1	bhopala:1
भोपे	bhope:3
भोर	bhor:3
भोळे	bhole:3
भोळ्या	bholya:3
भोवतालच्या	bhovatalachya:1	bhovatalchya:1	bhovtaalchya:1	bhovtalchya:1
भोवताली	bhovatali:2	bhovatalee:1	bhovtaali:1	bhovtalee:1
भोवती	bhovati:2	bhovatee:1	bhovtee:1	bhovti:1
भोवतीच्या	bhovateechya:1	bhovatichya:1	bhovtechya:1	bhovteechya:1
भोवऱ्यात	bhovaryat:2	bhovnyaat:1
भोवळ	bhoval:2	bhovd:1	bhoved:1
भोसरी	bhosaree:1	bhosari:1	bhosree:1	bhosri:1
भोसले	bhonsle:2	bhosale:2	bhosle:1	bhosley:1
भोसल्यांनी	bhosalyannee:1	bhosalyanni:1	bhoslyaani:1	bhoslyani:1
भौगोलिक	bhaugolik:3	bhogolik:1
भौगोलिकदृष्ट्या	bhaugolikdrushtya:2	bhogolikdrishtya:1
भौतिक	bhautik:3	bhoteek:1	bhotik:1
भौतिकशास्त्र	bhautikshastra:2	bhautikshastr:1	bhotikshastra:1
भौतिकशास्त्रज्ञ	bhautikshastradhnya:1	bhautikshastradny:1	bhautikshastragya:1	bhotikshastragya:1
भौतिकशास्त्रातील	bhautikshastrateel:2	bhautikshastratil:1	bhotikshastrateel:1
भौतिकी	bhautikee:1	bhautiki:1	bhoteeki:1	bhotiki:1
भौमितिक	bhaumitik:2	bhoumitik:1
भ्रम	bhram:2	bhrama:1
भ्रमंती	bhramanti:2	bhramantee:1
भ्रमण	bhraman:3
भ्रमणध्वनी	bhramandhwani:2	bhramandhvanee:1	bhramandhvani:1	bhramandvani:1
भ्रष्ट	bhrasht:2	bhrashta:1
भ्रष्टाचार	bhrashtachar:2	bhrastachar:1
भ्रष्टाचारविरोधी	bhrashtacharvirodhee:1	bhrashtacharvirodhi:1	bhrastacharvirodhi:1
भ्रष्टाचाराचे	bhrashtacharache:2	bhrastacharache:1
भ्रष्टाचाराच्या	bhrashtacharachya:2	bhrastacharachya:1
भ्रूण	bhroon:2	bhrun:2
मँचेस्टर	manchester:3	manchestar:2	manchaistar:1	manchaisteer:1
मंकी	mankey:1	manki:1	mankii:1	monkei:1
मंगल	mangal:3
मंगला	mangala:3	mangla:1	manglaa:1
मंगलोर	mangalor:1	mangalore:1	manglor:1
मंगळ	mangal:2	mangad:1	mangd:1
मंगळयान	mangalyan:2	mangadyaan:1	mangdyaan:1
मंगळवार	mangadvaar:1	mangalvar:1	mangalwar:1	mangedwar:1
मंगळवारी	mangadvaari:1	mangadwari:1	mangalvaree:1	mangalvari:1
मंगळवेढा	mangalvedha:2	mangadveda:1	mangadvedha:1
मंगळवेढेकर	mangadvedekar:1	mangadvedhekar:1	mangalvedekar:1	mangalvedhekar:1
मंगळागौर	mangalagaur:2	mangdagaur:1
मंगळागौरी	mangalagauree:1	mangalagauri:1	mangdagauree:1	mangdagauri:1
मंगळागौरीची	mangalagaurichi:1	mangalagoureechee:1	mangdagaurichee:1	mangdagaurichi:1
मंगळाची	mangalachee:1	mangalachi:1	mangdachee:1	mangdachi:1
मंगळाच्या	mangalachya:2	mangdachya:1
मंगळावर	mangalavar:1	mangalvar:1	mangdaaver:1	mangdavar:1
मंगळावरील	mangalavareel:1	mangalavaril:1	mangdavareel:1	mangdavreel:1
मंगळूर	mangalore:1	mangdoor:1	mangdur:1	mangloor:1
मंगेश	mangesh:3
मंगेशकर	mangeshkar:2	mangeshakar:1	mangeshker:1
मंगेशकरांच्या	mangeshkaranchya:2	mangeshakaranchya:1	mangeshkaraanchya:1
मंगोल	mangol:4	mangool:1	mongol:1	moongool:1
मंगोलिया	mangoliya:4	mangolia:2	mangoleeya:1	mangoliiya:1
मंगोलियात	mangoliyaat:2	mangoliyat:2
मंच	manch:3	munch:1
मंचाचे	manchache:2	manchachey:1
मंचाच्या	manchachya:3
मंचावर	manchavar:2	manchaver:1	manchawer:1
मंजिरी	manjiree:2	manjiri:2	manjeeri:1
मंजुनाथ	manjunath:3	manjoonath:1
मंजुर	manjur:3	manjoor:1
मंजुरी	manjooree:1	manjoori:1	manjuree:1	manjuri:1
मंजुला	manjula:3
मंजुळा	manjula:2	manjuda:1	manjudaa:1
मंजुळे	manjule:2	manjude:1
मंजूर	manjoor:2	manjur:1
मंजूरी	manjooree:1	manjoori:1	manjuri:1
मंजूळ	manjood:1	manjool:1	manjud:1	manjul:1
मंटो	manto:3
मंडणगड	mandanagad:2	mandangad:1
मंडप	mandap:3
मंडपाची	mandapachi:2	mandapachee:1
मंडपाचे	mandapache:3
मंडपाच्या	mandapachya:3
मंडपात	mandapat:3
मंडल	mandal:1	mandall:1	manndal:1
मंडलिक	mandalik:2	mandlik:1
मंडले	mandale:3
मंडळ	mandal:5	mandalan:1
मंडळांना	mandalanna:3
मंडळांवर	mandalanvar:3
मंडळाचा	mandalacha:3
मंडळाची	mandalachi:3
मंडळाचे	mandalache:3
मंडळाच्या	mandalachya:3
मंडळात	mandalat:3
मंडळातर्फे	mandalatarfe:3	mandalatarphe:1
मंडळातील	mandalatil:3
मंडळाद्वारे	mandaladvare:2	mandaladware:1
मंडळाने	mandalane:3
मंडळावर	mandalavar:3
मंडळास	mandalas:3
मंडळी	mandali:3
मंडळींची	mandalinchi:3
मंडळींना	mandalinna:2	mandalainna:1
मंडळींनी	mandalinni:3
मंडळींसाठी	mandalinsathi:3
मंडळीचे	mandaliche:3
मंडळीत	mandalit:2	mandaleet:1
मंडळीही	mandalihi:3
मंडळे	mandale:3
मंडेला	mandela:4	mandeeila:1	mandeela:1	mandeila:1
मंतर	mantar:3
मंत्र	mantra:3	manntra:1	mantr:1	mantrr:1
मंत्रमुग्ध	mantramugdh:2	mantramugdha:1
मंत्रांचा	mantrancha:2	mantracha:1
मंत्रांच्या	mantraanchya:1	mantrachya:1	mantranchya:1
मंत्राचा	mantracha:3
मंत्राचे	mantrache:3
मंत्राने	mantrane:3
मंत्रालय	mantralay:2	mantralaya:1
मंत्रालयाकडून	mantralayakadun:3	mantralayakadoon:1
मंत्रालयाचे	mantralayache:2	mantralyaache:1
मंत्रालयाच्या	mantralayachya:2	mantralyaachya:1
मंत्रालयातून	mantralayatoon:2	mantralayatun:1	mantralyaatun:1
मंत्रालयाने	mantralayane:2	mantralyane:1
मंत्रिमंडळाचा	mantrimandalacha:3
मंत्रिमंडळात	mantrimandalat:3
मंत्रिमंडळातील	mantrimandalatil:2	mantrimandalateel:1
मंत्री	mantri:3
मंत्रीमंडळात	mantrimandalat:2	mantrimandalaat:1
मंत्रीही	mantrihi:3
मंत्रोच्चार	mantrochchar:2	mantrochchaar:1
मंत्रोच्चारात	mantrochcharat:3
मंत्र्यांची	mantryanchi:3
मंत्र्यांचे	mantryanche:3
मंत्र्यांच्या	mantryanchya:3
मंत्र्याने	mantryane:2	mantryanni:1
मंथन	manthan:3
मंद	mand:2	manda:1
मंदगतीने	mandagatine:2	mandgatine:1
मंदा	manda:3
मंदाकिनी	mandakini:3
मंदार	mandar:3
मंदावला	mandavla:2	mandavala:1
मंदिर	mandir:4
मंदिरच्या	mandirchya:3
मंदिरही	mandirahi:3
मंदिरांचा	mandirancha:2	mandirache:1
मंदिरांची	mandiranchi:2	mandirachi:1
मंदिरांचे	mandiraanche:1	mandirache:1	mandiranche:1
मंदिरांच्या	mandiranchya:2	mandirachya:1
मंदिरांत	mandirant:3
मंदिरांना	mandiranna:2	mandirana:1
मंदिरांपैकी	mandiranpaiki:3
मंदिरांमध्ये	mandiranmadhe:1	mandiranmadhye:1	mandiranmadye:1
मंदिरांवर	mandiranvar:3
मंदिराकडून	mandirakadoon:2	mandirakadun:2
मंदिराकडे	mandirakade:3
मंदिराचा	mandiracha:2	mandiraacha:1
मंदिराची	mandirachi:3
मंदिराचे	mandirache:3
मंदिराच्या	mandirachya:3
मंदिराजवळ	mandirajaval:2	mandirajawal:1
मंदिरात	mandirat:2	mandiraat:1
मंदिरातील	mandiratil:2	mandirateel:1
मंदिरातून	mandiratoon:2	mandiratun:2
मंदिरापासून	mandirapasoon:2	mandirapasun:2
मंदिरामध्ये	mandiramadhye:3
मंदिरामुळे	mandiramule:3
मंदिराला	mandirala:3
मंदिरावर	mandiravar:3
मंदिरावरील	mandiravaril:2	mandiravareel:1
मंदिराविषयी	mandiravishayi:2	mandiravishyi:1
मंदिरास	mandiras:3
मंदिरासमोर	mandirasamor:3
मंदिरासाठी	mandirasathi:3
मंदिरी	mandiri:3
मंदिरे	mandire:3
मंदीमुळे	mandimule:3
मंदीर	mandir:3
मंद्र	mandra:3
मऊ	mau:3
मकर	makar:3
मकरंद	makarand:3
मका	maka:3
मक्का	makka:4	maqqa:1
मक्केतील	makketil:3
मक्तूम	maktaum:1	maktoum:1	maktouum:1	maktum:1
मक्तेदारी	maktedari:3
मखमल	makhamal:3
मखमली	makhamali:3
मखर	makhar:3
मग	mag:5	mug:2
मगच	magach:3
मगध	magadh:2	magadha:1
मगर	magar:3
मग्न	magna:3
मचाणावर	machanavar:2	machanar:1
मच्छिंद्र	machchindra:2	machchhindra:1
मच्छिंद्रगड	machchindragad:2	machchhindragad:1
मच्छिंद्रनाथ	machchindranath:2	machchhindranath:1
मच्छिंद्रनाथास	machchhindranathas:1	machchindranaathas:1	machchindranathas:1
मच्छीमारी	macchimari:1	machchhimari:1	machchimari:1
मज	maj:2	mak:1
मजकुराचे	majkurache:3
मजकुराला	majkurala:3
मजकूर	majkur:2	majkoor:1
मजबुती	majbuti:3
मजबूत	majboot:3	majbut:2
मजबूती	majbooti:2	majbuti:2
मजबूर	majboor:2	majbur:2
मजल	majal:3
मजला	majla:2	majala:1
मजलागी	majlaagi:2	majlagi:1
मजलिस	majlis:3	majalis:2	majlees:1	majliis:1
मजली	majli:2	majali:1
मजले	majle:2	majale:1
मजल्यावर	majalyavar:2	majlyavar:1
मजल्यावरून	majlyavarun:2	majalyavarun:1
मजा	maja:4	majan:1	majha:1
मजुरांची	majuranchi:3
मजुरांच्या	majuranchya:3
मजुरांना	majuranna:3
मजुरांवर	majuranvar:3
मजुरांसाठी	majuransathi:3
मजुरी	majuri:3
मजुरीची	majurichi:3
मजुरीच्या	majurichya:3
मजुरीसाठी	majurisathi:3
मजूर	majur:3	majoor:1
मजेदार	majedar:3
मज्जारज्जू	majjarajju:3	majjarajjoo:1
मज्जाव	majjav:3
मज्जासंस्थेवर	majjasansthevar:3
मटेरिअल	material:3
मटेरियल	material:4	matarial:1	matariyal:1	mateerial:1
मठ	math:2	matha:2
मठाचे	mathache:3
मठात	mathat:3
मठाधिपती	mathadhipati:3
मठ्ठा	mattha:2	maththa:1
मडकी	madaki:2	madki:1
मडके	madke:2	madake:1
मढी	madhi:3	madhee:1
मणके	manke:3	mankey:1
मणक्याच्या	mankyachya:3
मणिपाल	manipal:4	maneepal:1	maniipal:1	manipaal:1
मणिपुरी	manipuri:3	manipoori:1
मणिपूर	manipur:4	manipaar:1	manipoor:1	manipura:1
मणिपूरमध्ये	manipurmadhe:1	manipurmadhey:1	manipurmadhye:1
मणी	mani:4	manee:1	manii:1
मण्यांची	manyanchi:2	manyaanchi:1	manyanchee:1
मण्यार	manyaar:2	manyar:1
मत	mat:2	mt:1	mut:1
मतं	mat:2	mata:1	mtan:1	mtn:1
मतकरी	matkari:3	matkaree:1
मतदान	matadan:1	matdaan:1	matdan:1	mutdaan:1
मतदानाचा	matadanacha:2	matdanacha:1
मतदानाची	matadanachi:2	matdanachi:1
मतदार	matadaar:4	matadar:2	matdar:1
मतदारसंघ	matadarsangha:6	matadarsangh:1	matdarsangh:1
मतदारसंघांची	matadarsanghanchi:2	matdarsanghanchi:1
मतदारसंघाचा	matadarsanghacha:2	matdarsanghacha:1
मतदारसंघाचे	matadarsanghache:2	matdarsanghache:1
मतदारसंघात	matadarsanghat:2	matdarsanghat:1
मतदारसंघातील	matadarsanghatil:2	matdarsanghatil:1
मतदारसंघातून	matadarsanghatun:2	matdarsanghatun:1
मतदारसंघामध्ये	matadarsanghamadhye:2	matdarsanghamadhye:1
मतदारसंघावर	matadarsanghavar:2	matdarsanghavar:1
मतदारांचा	matadarancha:2	matdarancha:1
मतदाराने	matadarane:2	matdarane:1
मतप्रदर्शन	matapradarshan:2	matpradarshan:1
मतभिन्नता	matabhinnata:2	matbhinnata:1
मतभेद	matabhed:2	matbhed:1
मतमतांतरे	matamatantare:2	matmataitare:1
मतमोजणी	matamojani:2	matmojni:1
मतांच्या	matanchya:3
मतांबद्दल	matanbaddal:3
मताचा	matacha:3
मताची	matachi:3
मताधिकार	matadhikar:3
मताधिक्य	matadhikya:3
मताधिक्याने	matadhikyane:3
मतानुसार	matanusar:3
मताप्रमाणे	matapramane:3
मते	mate:3
मतें	mate:1	matein:1	maten:1
मत्सर	matsar:2	matsyar:1	matsyr:1
मत्स्य	matsya:3	matsy:1
मत्स्यगंधा	matsyagandha:2	matsyagundha:1	matsygandha:1
मत्स्यपालन	matsyapalan:3	matsyapaalan:1
मत्स्यव्यवसाय	matsyavyavsay:2	matsyavyavasay:1	matsyavyavsaay:1
मथुरा	mathura:4	mathaara:1	mathoora:1	methoora:1
मथुरेत	mathuret:3	mathureyt:1
मद	mad:2	madh:1
मदत	madat:3	madt:1
मदतच	madatach:1	madatch:1	madtch:1	madtuch:1
मदतनीस	madatnis:3	madatnees:1
मदतही	madatahi:2	madathee:1	madathi:1
मदतीचा	madaticha:1	madteecha:1	madticha:1	mudteecha:1
मदतीची	madatichi:2	madteechi:1	mudteechi:1
मदतीचे	madatiche:2	madatichey:1
मदतीच्या	madatichya:3	madateechya:1
मदतीने	madateeney:1	madatine:1	madatiney:1	madtine:1
मदतीला	madatila:2	madteela:1	madtila:1
मदतीस	madatees:1	madatis:1	madtees:1	madtis:1
मदतीसाठी	madatisaathi:2	madatisathi:1	madtisaathi:1
मदन	madan:4	madana:1
मदनगड	madangad:3	madangadh:1
मदनमोहन	madanmohan:3
मदनराव	madanrao:3	madanrav:2
मदुराई	madurai:3
मद्धे	maddhe:3
मद्य	madya:3
मद्यपान	madyapan:3
मद्रास	madras:4	madraas:1	madraash:1	madrash:1
मद्रासच्या	madraschya:3
मद्रासला	madrasla:3
मध	madh:2	madha:1
मधमाशांची	madhmashanchi:2	madhamashanchi:1
मधमाशांचे	madhmashanche:2	madhamashanche:1
मधमाशी	madhamashi:1	madhmaashi:1	madhmashi:1
मधमाश्या	madhamashya:2	madhmashya:1
मधमाश्यांच्या	madhamashyanchya:2	madhmashyachya:1
मधला	madhala:2	madhla:1
मधली	madhali:3	madhli:2	madhalii:1	madhlii:1
मधले	madhale:2	madhle:1
मधल्या	madhalya:2	madhlya:1
मधात	madhat:3
मधील	madhil:3
मधु	madhu:3
मधुकर	madhukar:3
मधुचंद्र	madhuchandra:3
मधुन	madhun:3
मधुबाला	madhubala:3
मधुमेह	madhumeha:2	madhumeh:2
मधुमेहाच्या	madhumehachya:3
मधुमेहामध्ये	madhmehamadhye:1	madhumehamadhe:1	madhumehamadhye:1
मधुमेहामुळे	madhumehamule:3
मधुमेहावर	madhumehavar:3
मधुमेही	madhumehi:3
मधुर	madhur:3
मधुरा	madhura:3
मधुशाला	madhushala:2	madhushaala:1
मधुसूदन	madhusudan:3	madhusoodan:1
मधू	madhu:3	madhoo:2	madhaa:1	madhuu:1
मधून	madhoon:2	madhun:2
मधूर	madhur:3	madhoor:1
मधे	madhe:3
मधेच	madhech:3
मधोमध	madhomadh:3
मध्य	madhya:3
मध्यंतर	madhyantar:3
मध्यकालीन	madhyakalin:2	madhyakaalin:1	madhyakaleen:1
मध्यपूर्व	madhyapoorv:2	madhyapurv:2	madhyapurva:1
मध्यपूर्वेतील	madhyapurvetil:2	madhyapoorveteel:1	madhyapoorvetil:1	madhyapurveteel:1
मध्यप्रदेश	madhyapradesh:3
मध्यप्रदेशचे	madhyapradeshche:2	madhyapradeshache:1	madhyapradeshchey:1
मध्यप्रदेशातील	madhyapradeshatil:2	madhyapradeshateel:1
मध्यभागातून	madhyabhagatoon:2	madhyabhagatun:2	madhyabhaagatoon:1
मध्यभागी	madhyabhagi:3	madhyabhaagi:1
मध्यम	madhyam:4	maadhyam:1	madhyama:1
मध्यमगती	madhyamgati:2	madhyagatee:1	madhyagati:1
मध्यमवर्गाला	madhyamvargala:3	madhyamvargaala:1
मध्यमवर्गीय	madhyamvargeey:1	madhyamvargiey:1	madhyamvargiy:1	madhyamvargiya:1
मध्ययुगीन	madhyayugin:2	madhyayugeen:1	madhyayugi:1
मध्यरात्री	madhyaratri:3	madhyaraatri:1
मध्यवर्ती	madhyavarti:3	madhyavartee:1
मध्यस्ती	madhyasti:2	madhyasthee:1	madhyasthi:1
मध्या	madhya:3
मध्यात	madhyat:3	madhyaat:1
मध्यावर	madhyavar:2	madhyaaver:1	madhyaver:1	madhyawer:1
मध्यास	madhyas:3
मध्ये	madhye:3
मध्येच	madhyech:3
मध्येही	madhyehi:3
मन	man:4
मनःस्थितीत	manahsthitit:2	mansthitit:1
मनन	manan:3
मनमाड	manmad:3
मनमोकळी	manamokali:1	manmokali:1	manmokli:1
मनमोहक	manmohak:2	manamohak:1
मनमोहन	manmohan:3	maanmohan:1	maanmoohan:1	manamohak:1
मनमोहनसिंग	manamohansingh:1	manmohansing:1	manmohansingh:1
मनस्विनी	manasvini:2	manswini:1
मना	mana:3
मनांत	manant:3
मनांतील	manantil:3
मनाई	manai:3
मनाचा	manacha:3
मनाची	manachi:3
मनाचे	manache:3
मनाच्या	manachya:3
मनात	manat:3
मनातलं	manatal:2	manatala:1	manatalan:1
मनातली	manatali:2	manatalee:1	manatli:1	mnatali:1
मनातले	manatale:1	manataley:1	manatle:1	mnataley:1
मनातील	manatil:2	manateel:1	mnateel:1
मनाने	manane:2	manaane:1	manaaney:1	mannae:1
मनापासून	manapasoon:2	manapasun:2	mnapasoon:1
मनाला	manala:3	manaala:1	mnaala:1
मनावर	manavar:2	manaver:1	manawer:1	mnaver:1
मनी	mani:4	maney:1	manii:1	monei:1
मनीष	manish:3	maneesh:2	manees:1	maniis:1
मनीषा	manisha:2	maneesha:1
मनु	manu:3
मनुष्य	manushya:3	manushy:1
मनुष्यबळ	manushyabal:2	manushybad:1	manushybd:1	manushybud:1
मनुष्यवधाच्या	manushyavadhachya:2	manushyvadhachya:1	manushywadhachya:1
मनुष्यवस्ती	manushyavastee:1	manushyavasti:1	manushyvasti:1	manushywasti:1
मनुष्यहानी	manushyahanee:1	manushyahani:1	manushyhaani:1	manushyhani:1
मनुष्याची	manushyachee:2	manushyachi:2
मनुष्याच्या	manushyachya:3	manushyaachya:1
मनुष्याला	manushyala:3	manushyaala:1
मनुस्मृती	manusmriti:1	manusmrutee:1	manusmruti:1
मनू	manu:3	manoo:2	manuu:1
मनूने	manune:2	manoone:1	manuney:1
मने	mane:3	maney:1
मनोगत	manogat:3	manoget:1
मनोगते	manogate:3	manogatey:1
मनोज	manoj:4	manoja:1	manooj:1	manooja:1
मनोबल	manobal:3
मनोमन	manoman:3	manomn:1
मनोर	manor:2	manoor:1	manoora:1	manora:1
मनोरंजक	manoranjak:3
मनोरंजन	manoranjan:3
मनोरंजनाचा	manoranjanacha:3	manoranjnacha:1
मनोरंजनाचे	manoranjanache:2	manoranjanachey:1	manoranjnachey:1
मनोरथ	manorath:3
मनोरमा	manorama:2	manorma:1	maorama:1
मनोरा	manora:3
मनोविकास	manovikas:3	manovikaas:1
मनोविज्ञान	manovidhnyan:1	manovidnyan:1	manovigyan:1	manowigyan:1
मनोहर	manohar:3
मनोहारी	manoharee:2	manohaari:1	manohari:1
मन्नू	mannu:2	mannoo:1
मन्सूर	mansoor:3	mansur:2	mansaar:1	mansuur:1
मफतलाल	mafatlal:3	mafatlaal:1
ममता	mamata:2	mamta:1
मयत	mayat:2	mayyat:1	mayyt:1
मयीन	mayeen:3	mayyeen:1
मरण	maran:3
मरणप्राय	maranpray:2	maranprayay:1	maranprayey:1
मरणार	maranar:1	marnaar:1	marnar:1
मरणासन्न	maranasann:1	maranasanna:1	marnaasann:1	marnasann:1
मरणोत्तर	maranottar:2	marnottar:1	marnotter:1
मरत	marat:3
मरतात	martat:2	maratat:1	martaat:1
मरतील	martil:2	marateel:1	marteel:1
मरा	mara:3	mra:1
मराठवाडा	marathvada:3	marathvaada:1	marathwada:1
मराठवाड्याची	marathvadyachee:2	marathvadyachi:1	marathwadyachi:1
मराठवाड्याचे	marathvadyache:2	marathvadyachey:1	marathwadyachey:1
मराठवाड्यात	marathwadyat:2	marathvadyat:4	marathvadyaat:2	marathwaadyaat:1
मराठवाड्यातील	marathwadyatil:3	marathvadyateel:2	marathvadyatil:2	marathavadyateel:1
मराठा	maratha:4	maretha:1
मराठी	marathi:3	marathee:2	maraathi:1	maraathii:1
मराठींत	marathint:2	maratheent:1	marathinth:1
मराठीकरण	arathikaran:1	maratheekaran:1	marathikaran:1
मराठीचा	marathicha:2	maratheecha:1
मराठीची	marathichi:2	maratheechee:1	marathichee:1
मराठीचे	marathiche:2	maratheeche:1	marathichey:1
मराठीच्या	marathichya:2	maratheechya:1
मराठीत	marathit:4	maratheet:1	marathiteet:1	marathitit:1
मराठीतला	maratheetla:1	marathitala:1	marathitla:1	marathitlaa:1
मराठीतली	marathitali:2	marathetalee:1	marathitalee:1	marathitle:1
मराठीतले	marathitale:2	maratheetale:1	marathitaley:1
मराठीतल्या	marathitalya:2	maratheetalya:1
मराठीतही	marathitahi:2	maratheetahee:1
मराठीतील	marathitil:2	maratheeteel:1	marathiteel:1
मराठीतून	marathitun:2	maratheetoon:1	marathitoon:1
मराठीमध्ये	marathimadhye:2	maratheemadhye:1
मराठीमाती	maratheematee:1	marathimaati:1	marathimatee:1	marathimati:1
मराठीला	maratheela:2	marathila:2
मराठीसाठी	marathisathi:2	maratheesathee:1	marathisaathi:1
मराठे	marathe:3
मराठ्यांचा	marathyancha:4	marathayancha:1
मराठ्यांची	marathyanchee:3	marathyanchi:2
मराठ्यांचे	marathyanche:4	marathayanche:1
मराठ्यांच्या	marathyanchya:4	marathayanchya:1
मराठ्यांना	marathyanna:4	marathayanna:1
मराठ्यांनी	marathyannee:3	marathyanni:2	marathayannee:1
मरीआई	mareeaai:1	mariaai:1	mariaayee:1	mariaayi:1
मरू	maroo:2	maru:2
मरून	maroon:3	marun:3	maraan:1	maruun:1
मर्चंट	merchant:3	marchant:1
मर्जी	marjee:2	marji:2
मर्जीतील	marjeeteel:1	marjiteel:1	marjitil:1
मर्डर	murder:4	mardar:2	murdar:1
मर्ढेकर	mardhekar:3
मर्द	mard:3
मर्दुमकी	mardumakee:2	mardumaki:1
मर्यादा	maryada:3
मर्यादांचे	maryadanche:3
मर्यादित	maryadit:3
मर्यादेचे	maryadeche:3
मर्यादेत	maryadet:3
मर्यादेमुळे	maryademule:3
मल	mal:3
मलंगगड	malangagad:2	malanggad:1
मलकापूर	malkapur:2	malakapoor:1
मलप्रवृत्ती	malapravruttee:1	malpravruttee:1	malpravrutti:1
मलबार	malabar:3	malbar:2	malabara:1
मलबारी	malabaree:2	malbaree:1	mulberry:1
मलमल	malmal:3
मलय	malay:4	malai:1
मला	mala:3
मलाक्का	malacca:1	malakka:1	malaqqa:1	mallakka:1
मलाच	malach:3
मलाया	malaya:4	maalaya:1	malaaya:1
मलावी	malavi:1	malavii:1	malawi:1	malawii:1
मलाही	malahi:2	malahee:1
मलिक	malik:4	maliq:1	maliqa:1
मलूल	malool:2	malul:1
मलेरिया	malaria:3	maleria:2	maleriya:2	malariya:1
मलेशिया	malaysia:4	maleshiya:2	malayshia:1	maleeshia:1
मलेशियाचा	malaysiacha:2	maleshiyacha:1
मलेशियाच्या	malaysiachya:2	maleshiyachya:1
मलेशियातील	malaysiateel:1	malaysiatil:1	maleshiyateel:1
मल्टिपल	multiple:3	maltipal:1
मल्टी	multi:3	maltee:1
मल्याळम	mallyalam:1	malyalam:1	malyalama:1
मल्याळी	malyali:2	malayali:1	malyalee:1
मल्ल	malla:2	mall:1
मल्लखांब	mallakhamb:2	mallkhamb:1
मल्लिका	mallika:4	malika:1	maliqa:1	malliqa:1
मल्लिकार्जुन	mallikarjun:3
मल्लिनाथ	mallinath:3
मल्लिनाथी	mallinathee:2	mallinathi:1
मल्हार	malhar:3
मल्हारगड	malhargad:3
मल्हारराव	malhararao:1	malhararav:1	malharrao:1
मल्हाररावांनी	malhararavannee:1	malhararavanni:1	malharraonni:1
मल्हारी	malhari:2	malharee:1
मल्होत्रा	malhotra:3
मळ	mal:2	mala:1
मळकट	malakat:2	malkat:1
मळमळ	malmal:2	malamala:1
मळवट	malavat:2	malwat:1
मळवली	malavali:2	malvalee:1
मळा	mala:3
मळे	male:3
मळेकर	malekar:3
मळ्यात	malyat:3
मवाळ	maval:3
मशरूम	masarum:1	masharum:1	masharuum:1	mashharum:1
मशिन	machine:3	mashin:1
मशिनवर	machinevar:2	mashinvar:1
मशीद	mashid:3	masjid:1	mosque:1
मशीन	machine:3
मशीनचा	machinecha:3
मसाज	massage:2	masaj:1
मसाला	masala:4	masalla:1
मसाले	masale:3
मसाल्यांच्या	masalyanchya:3
मसुदा	masuda:3
मसुरकर	masurkar:3
मसूर	masoor:3	masur:1
मस्जिद	masjid:3
मस्ट	mast:4	must:3
मस्त	mast:3
मस्तक	mastak:3
मस्तकावर	mastkavar:2	mastkaver:1	mastkawer:1
मस्तानी	mastani:3	mastaani:1
मस्तानीच्या	mastanichya:3	mastaanichya:1
मस्ती	masti:3
महंत	mahant:2	mahat:1
महंतांनी	mahantanni:2	mahantannee:1	mahatanni:1
महंमद	mahamad:1	mahanmad:1	mahanmd:1	mahmad:1
महती	mahti:2	mahati:1	mahtee:1
महत्तम	mahattam:3
महत्त्व	mahatva:6	mahattva:2
महत्त्वपुर्ण	mahattvapurn:1	mahattvapurna:1	mahatvapurn:1
महत्त्वपूर्ण	mahattvapoorn:1	mahattvapurna:1	mahatvapoorn:1	mahatvapurn:1
महत्त्वही	mahatvahi:2	mahattvahee:1
महत्त्वाकांक्षा	mahattvakaanshaa:1	mahattvakanksha:1	mahatvakanksha:1
महत्त्वाचा	mahatvacha:4	mahattvacha:2	mahtvacha:1
महत्त्वाची	mahattwachi:2	mahattvachee:1	mahattvachi:1	mahatvachi:1
महत्त्वाचे	mahatvache:2	mahattvaache:1	mahattvache:1
महत्त्वाच्या	mahatvachya:4	mahattvachya:2
महत्व	mahatva:2	mahatv:1
महत्वपूर्ण	mahatvapoorn:1	mahatvapurn:1	mahatvapurna:1
महत्वाचा	mahatvacha:3
महत्वाची	mahatvachi:2	mahatvachee:1
महत्वाचे	mahatvache:3
महत्वाच्या	mahatvachya:3
महमूद	mahamud:3	mehmood:3	mahamuud:2	mehmaad:2
महर्षि	maharshi:3
महर्षी	maharshi:3	mahariisii:1	maharishi:1	maharisi:1
महर्षींनी	maharshinni:2	maharsheennee:1
महल	mahal:3
महसुलाच्या	mahasulachya:3
महसुली	mahasuli:2	mahasulee:1
महसूल	mahasul:2	mahasool:1
महसूलमंत्री	mahasulmantri:2	mahasoolamantree:1
महा	maha:4	mahaa:1	mahha:1
महांकाळ	mahankal:3
महाकवी	mahakavi:2	mahakavee:1
महाकाय	mahakay:3
महाकाली	mahakali:2	mahakalee:1
महाकाव्य	mahakavya:3
महाग	mahag:3
महागडी	mahagadi:3
महागड्या	mahagadya:4	mahagadyan:1
महागाईमुळे	mahagaimule:2	mahagaayimudey:1	mahagayimude:1
महाजन	mahajan:3	mahaajan:1	mahajana:1	mahazan:1
महाजनी	mahajani:3
महाड	mahad:2	mahaad:1
महाडचा	mahadcha:2	mahadacha:1
महात्मा	mahatma:3	mahaatma:2	mahaatmaa:1	mahaetma:1
महात्म्य	mahatmya:2	mahaatmay:1
महादजी	mahaadji:1	mahadajee:1	mahadji:1
महादजीने	mahadjine:2	mahadajeene:1
महादेव	mahadev:3
महादेवन	mahadevan:3
महादेवशास्त्री	mahadevshastri:2	mahadevashastree:1
महादेवाचे	mahadevache:3
महादेवाच्या	mahadevachya:3
महाद्वारातून	mahadvaratun:1	mahadwaratoon:1	mahadwaratun:1
महान	mahan:3
महानंदा	mahananda:3
महानगर	mahanagar:3
महानगरपालिका	mahanagarpalika:2	mahanagarapalika:1
महानगरपालिकेचे	mahanagarpalikeche:2	mahanagarapalikeche:1
महानगरपालिकेच्या	mahanagarpalikechya:2	mahanagarapalikechya:1
महानगरपालिकेत	mahanagarpaliket:2	mahanagarapaliket:1
महानगराचा	mahanagaracha:3
महानगराच्या	mahanagarachya:3
महानगरी	mahanagaree:1	mahanagari:1	mahanagri:1
महानगरीय	mahanagareey:1	mahanagariy:1	mahanagariya:1
महानिर्वाण	mahanirvan:3
महानुभव	mahanubhav:3
महानुभाव	mahanubhav:3
महानोर	mahanor:3
महापरिनिर्वाण	mahaparinirvan:2	mahaparinirwan:1
महापालिका	mahapalika:3
महापालिकेचा	mahapalikecha:3
महापालिकेची	mahapalikechi:2	mahapalikechee:1
महापालिकेचे	mahapalikeche:3
महापालिकेच्या	mahapalikechya:3	mahapaalikechya:1
महापालिकेत	mahapaliket:3	mahapaaliket:1
महापालिकेतर्फे	mahapaliketarfe:3	mahapaaliketarfe:1	mahapaliketarphe:1
महापालिकेने	mahapalikene:2	mahapaalikeney:1	mahapalikeney:1
महापुरामुळे	mahapuramude:1	mahapuramudey:1	mahapuramule:1	mahapurumule:1
महापुरुष	mahapurush:3
महापुरुषांची	mahapurushanchi:2	mahapurushaanchi:1	mahapurushanchee:1
महापुरुषांचे	mahapurushaanche:1	mahapurushanche:1	mahapurushanchey:1
महापुरुषांच्या	mahapurushanchya:3
महापुरुषाच्या	mahapurushachya:2	mahapurushacha:1
महापूर	mahapoor:1	mahapor:1	mahapur:1
महापौर	mahapaur:1	mahapoar:1	mahapor:1
महाप्रसाद	mahaprasad:3
महाप्रसादाचा	mahaprasadacha:3
महाप्रसादाचे	mahaprasadache:2	mahaprasadaache:1
महाप्राण	mahapran:3
महाबली	mahabali:2	mahabalee:1
महाबळेश्वर	mahabaleshwar:2	mahableshwar:1
महाबीज	mahabeej:2	mahabij:1
महाबोधी	mahabodhi:2	mahabodhee:1
महाभारत	mahabharat:5	mahabharata:2	mahabharet:2	mahabhareta:2
महाभारताच्या	mahabharataachya:1	mahabharatachya:1	mahabhartachya:1
महाभारतात	mahabharatat:3
महाभारतातील	mahabharatateel:1	mahabharatatil:1	mahabhartatil:1
महामंडळ	mahamandal:3
महामंडळाचा	mahamandalacha:3
महामंडळाची	mahamandalachi:2	mahamandalachee:1
महामंडळाचे	mahamandalache:3
महामंडळाच्या	mahamandalachya:3
महामंडळात	mahamandalat:2	mahamandalaat:1
महामंडळातर्फे	mahamandalatarfe:2	mahamandalatarfr:1	mahamandalatarphe:1
महामंडळाद्वारे	mahamandaladware:2	mahamandaladvare:1
महामंडळाने	mahamandalane:3
महामंत्री	mahamantri:3
महामहोपाध्याय	mahamahopadhyay:3
महामाया	mahamaya:3
महामारी	mahamari:2	mahamaree:1
महामार्ग	mahamarg:2	mahamarga:1
महामार्गांवर	mahamargaanvar:1	mahamarganvar:1	mahamargavar:1
महामार्गाच्या	mahamargachya:3
महामार्गामुळे	mahamargamule:3
महामार्गावर	mahamargavar:3
महामार्गावरील	mahamargavaril:3
महायज्ञ	mahayadnya:2	mahayadhnya:1
महायान	mahayan:2	mahaayana:1	mahayaan:1	mahayaana:1
महायुद्ध	mahayudha:2	mahayuddha:2
महायुद्धाच्या	mahayuddhachya:3
महायुद्धात	mahayuddhat:3
महायुद्धातील	mahayuddhatil:3
महायुद्धानंतर	mahayuddhanantar:3
महार	mahar:3
महारथी	maharathi:3
महारष्ट्र	maharashtra:2	maharshtra:1
महाराज	maharaj:3	mahaaraaj:1	mahaaraaz:1	mahaaraj:1
महाराजा	maharaja:3	maharaaja:1	maharaza:1
महाराजांकडून	maharajankadun:2	maharaajankadun:1
महाराजांचा	maharajancha:2	maharaajaancha:1
महाराजांची	maharajanchi:2	maharaajanchi:1
महाराजांचे	maharajanche:2	maharaajanche:1
महाराजांच्या	maharajanchya:3
महाराजांना	maharajanna:2	maharaajana:1
महाराजांनाही	maharajannahi:2	maharaajanahi:1
महाराजांनी	maharajanni:2	maharajani:1
महाराजांवरील	maharajanvaril:2	maharaajanvaril:1
महाराजांसमोर	maharajansamor:2	maharaajansamor:1
महाराजांसोबत	maharaajansobat:1	maharajansaobat:1	maharajansobat:1
महाराजाचे	maharajache:2	maharaajache:1
महाराणा	maharana:3
महाराणी	maharani:2	maharaani:1
महाराष्टातील	maharashtratil:2	maharashtatil:1
महाराष्ट्र	maharashtra:4	mahaaraashhtra:1	mahaaraashtra:1	mahaaraastra:1
महाराष्ट्रतील	maharashtratil:3
महाराष्ट्रभर	maharashtrabhar:3
महाराष्ट्रभूषण	maharashtrabhushan:3
महाराष्ट्रवादी	maharashtravadi:3
महाराष्ट्राचा	maharashtracha:3
महाराष्ट्राची	maharashtrachi:3
महाराष्ट्राचे	maharashtrache:3
महाराष्ट्राच्या	maharashtrachya:3
महाराष्ट्रात	maharashtrat:3
महाराष्ट्रातला	maharashtratala:2	maharashtratla:1
महाराष्ट्रातल्या	maharashtratalya:2	maharashtratlya:1
महाराष्ट्रातही	maharashtratahi:3
महाराष्ट्रातील	maharashtratil:3
महाराष्ट्रातून	maharashtratun:2	maharashtraatun:1	maharashtratoon:1
महाराष्ट्राने	maharashtrane:2	maharashtraane:1
महाराष्ट्रापासून	maharashtrapasoon:2	maharashtrapasun:2
महाराष्ट्राबाहेर	maharashtrabaher:3	maharashtrabaaher:1
महाराष्ट्राबाहेरचे	maharashtrabaherche:2	maharashtrabaaherchey:1
महाराष्ट्रामधील	maharashtramadhil:3	maharashtramadheel:1
महाराष्ट्रामध्ये	maharashtramadhye:2	maharashtramadhe:1
महाराष्ट्राला	maharashtrala:3
महाराष्ट्रावर	maharashtravar:2	maharashtraver:1	maharashtrawer:1
महाराष्ट्राशी	maharashtrashi:3
महाराष्ट्रास	maharashtraas:2	maharashtras:1
महाराष्ट्रासाठी	maharashtrasaathi:2	maharashtrasathi:2
महाराष्ट्रीय	maharashtriy:2	maharashtreey:1	maharashtriya:1
महारुद्र	maharudra:2	maharuder:1	maharudr:1
महारुद्रा	maharudra:3
महारोगी	maharogi:3
महाल	mahal:3	mahaal:2	mahala:1
महालक्ष्मी	mahalakshmi:2	mahalakshimi:1
महालक्ष्मीची	mahalakshmichi:2	mahalakshimichi:1	mahalakshmichee:1
महालक्ष्मीचे	mahalakshmiche:2	mahalakshimiche:1	mahalakshmichey:1
महालक्ष्मीला	mahalakshmila:2	mahalakshimila:1
महालय	mahalay:3
महालाच्या	mahalachya:3
महालात	mahalat:2	mahaalaat:1
महालेखापाल	mahalekhapal:2	mahalekhapaal:1
महाविद्यालय	mahavidyalay:3
महाविद्यालयांच्या	mahavidyalayanchya:2	mahavidalayachya:1
महाविद्यालयांत	mahavidyalayant:3
महाविद्यालयाचा	mahavidyalayacha:2	mahavidhyalayaacha:1	mahavidhyalayacha:1
महाविद्यालयाची	mahavidyalayachi:2	mahavidhyalayaachi:1	mahavidhyalayachee:1	mahavidhyalayachi:1
महाविद्यालयाचे	mahavidyalayache:2	mahavidhyalayache:1	mahavidhyalayachey:1
महाविद्यालयाच्या	mahavidyalayachya:2	mahavidhyalayachya:1
महाविद्यालयात	mahavidyalayat:2	mahavidhyalayaat:1	mahavidhyalayat:1
महाविद्यालयातील	mahavidyalayatil:2	mahavidhyalayateel:1
महाविद्यालयातून	mahavidyalayatun:2	mahavidhyalayaatoon:1	mahavidhyalayatoon:1	mahavidyalatoon:1
महाविद्यालयाला	mahavidyalayala:2	mahavidhyalayala:1
महाविद्यालयास	mahavidhyalayaas:1	mahavidhyalayas:1	mahavidyalayas:1	mahavidyalays:1
महाविद्यालयीन	mahavidyalayin:2	mahavidhyalayeen:1	mahavidhyalayin:1
महाविद्यालये	mahavidyalaye:2	mahavidhyalay:1
महावीर	mahaveer:2	mahavir:1
महाशिवरात्री	mahashivratri:2	mahashivaratree:1	mahashivraatri:1
महाशिवरात्रीला	mahashivaratreela:1	mahashivraatrila:1	mahashivratrila:1
महासंघ	mahasangh:3
महासंघाचे	mahasanghache:3	mahasanghachey:1
महासंचालक	mahasanchalak:3
महासचिव	mahasachiv:3
महासभेचे	mahasabheche:3
महासागर	mahasagar:3
महासागरांच्या	mahasagaranchya:2	mahasagarachya:1
महासागराचा	mahasagaracha:2	mahasagrache:1
महासागराचे	mahasagarache:2	mahasagrache:1
महासागराच्या	mahasagarachya:3
महासागरात	mahasagarat:3
महासागरातील	mahasagaratil:2	mahasagarateel:1
महासागरातून	mahasagaratoon:2	mahasagaratun:2
महास्फोट	mahasfot:3	mahasphot:1
महिंद्रा	mahindra:2	mahindraa:1
महिना	mahina:3
महिनाभर	mahinabhar:3
महिने	mahine:3
महिन्यांचा	mahinyancha:3
महिन्यांच्या	mahinyanchya:2	mahinyaanchyaa:1
महिन्यांत	mahinyant:2	mahinyaant:1
महिन्यांतून	mahinyantun:3
महिन्यांनी	mahinyanni:3
महिन्यांपासून	mahinyanpasun:3
महिन्यांसाठी	mahinyansathi:3
महिन्याचा	mahinyacha:3
महिन्याची	mahinyachi:3
महिन्याचे	mahinyache:3
महिन्याच्या	mahinyachya:3
महिन्यात	mahinyat:3
महिन्यातच	mahinyatach:3
महिन्यातही	mahinyatahi:3
महिन्यातील	mahinyatil:3
महिन्यानंतर	mahinyanantar:3
महिन्यामध्ये	mahinyamadhye:2	mahinyamadye:1
महिन्याला	mahinyala:3
महिन्यास	mahinyas:3
महिमा	mahima:3
महिला	mahila:3
महिलांचा	mahilancha:2	mahilaancha:1
महिलांची	mahilanchi:2	mahilaanchi:1
महिलांचे	mahilanche:2	mahilaanche:1
महिलांच्या	mahilanchya:2	mahilaanchya:1
महिलांना	mahilanna:3
महिलांनी	mahilanni:3
महिलांशी	mahilanshi:2	mahilanshee:1
महिलांसह	mahilansaha:2	mahilansah:1
महिलांसाठी	mahilansathi:2	mahilansaathi:1
महिलेच्या	mahilechya:3
महिलेवर	mahilevar:3
महीला	mahila:3
महू	mahu:3
महेंद्र	mahendra:4	maheendra:1
महेश	mahesh:4	maheesh:1	mahes:1	maheshh:1
महेशकुमार	maheshkumar:3
महेश्वर	maheshvar:2	maheshwar:1
महोत्सव	mahotsav:2	mahostav:1
महोत्सवांमध्ये	mahotsavanmadhye:2	mahostavanmadhye:1
महोत्सवाचे	mahotsavache:2	mahostavache:1
महोत्सवाच्या	mahotsavachya:2	mahostavachya:1
महोत्सवात	mahotsavat:2	mahostavat:1
महोत्सवामध्ये	mahotsavamadhye:2	mahostavamadhye:1
महोत्सवाला	mahotsavala:2	mahostavala:1
महोत्सवी	mahostavi:1	mahotsavee:1	mahotsavi:1
महोबा	mahoba:3
माँ	ma:1	maa:1	mam:1	mma:1
माँटेनिग्रो	manteenigro:1	mantenigro:1	mantenigroo:1	monteenigro:1
मांजर	maanjar:1	maanjer:1	manjar:1	manjer:1
मांजरेकर	manjarekar:2	manjrekar:1
मांडके	mandake:2	maandkey:1	mandkay:1	mandkey:1
मांडणारे	maandnaare:1	maandnaarey:1	mandanare:1	mandnaarey:1
मांडणी	mandani:3	mandni:2	maandni:1	mandnee:1
मांडणे	mandane:2	mandne:1
मांडण्याचा	mandanyacha:2	mandnyacha:1
मांडण्याची	mandanyachi:2	mandanyachee:1
मांडण्याचे	mandanyache:2	mandnyache:1
मांडण्यात	mandanyat:2	mandnyat:1
मांडण्यासाठी	mandanyasathee:1	mandanyasathi:1	mandnyasathi:1
मांडत	mandat:3
मांडता	mandata:2	mandta:1
मांडतात	mandatat:2	mandtat:1
मांडतो	mandato:2	mandto:1
मांडरे	mandare:2	mandre:1
मांडला	mandla:2	mandala:2
मांडलिक	mandalik:2	mandlik:1
मांडली	mandalee:1	mandali:1	mandli:1
मांडले	mandle:3	mandale:2
मांडलेला	mandalela:2	mandlela:1
मांडलेली	mandalelee:1	mandaleli:1	mandleli:1
मांडलेले	mandalele:2	mandlele:1
मांडलेल्या	mandalelya:2	mandlelya:1
मांडल्या	mandalya:2	mandlya:1
मांडल्यास	mandalyas:2	mandlyas:1
मांडवी	mandavee:1	mandavi:1	mandvi:1
मांडावा	mandava:3
मांडीवर	maandivar:1	mandeevar:1	mandivar:1
मांडून	maandun:1	mandoon:1	mandun:1
मांडे	mande:2	maande:1
मांस	maas:2	mans:2	maans:1
मांसपेशी	maanspeshi:1	mansapeshee:1	manspeshi:1
मांसल	mansal:2	maansal:1
मांसाहारी	maansahari:1	mansaharee:1	mansahari:1
माई	mai:4	maee:1	maiee:1	maii:1
माईंड	mind:4	maind:1	mainda:1	menda:1
माईन	mine:2	maain:1	main:1
माउंट	mount:3	maunt:1
माउंटन	mauntain:1	mauntana:1	mountain:1	mounten:1
माउली	mauli:3	maulee:1
माऊंट	maant:1	maoont:1	maunt:1	maunta:1
माऊली	mauli:3	maulee:1
माऊस	mouse:3	maus:1
माओ	mao:4	maa:1	maao:1	maoo:1
माओवादी	maovadi:2	maowadi:2	maovaadi:1	maowaadi:1
माकड	makad:3	maakad:1
माकडे	makade:3
माखले	maakahle:1	makhale:1	makhle:1
माखलेल्या	maakhlelya:1	makhalelya:1	makhlelya:1
माग	mag:2	maag:1
मागचा	magcha:2	magacha:1
मागची	magchi:2	magachi:1
मागच्या	magchya:3
मागणी	magani:3
मागणीचा	maganicha:3
मागणीने	maganine:3
मागणीपेक्षा	maganipeksha:2	maagnipeksha:1
मागणीप्रमाणे	maganipramane:2	maagnipramane:1
मागणीसाठी	maganisathi:2	maaganisathi:1
मागणे	magane:2	maagane:1
मागण्या	maganya:2	maagnya:1
मागण्यांचे	maganyanche:2	maagnyanche:1
मागण्याचा	maganyacha:1	maganyancha:1	magnyacha:1
मागण्याची	maagnyachi:1	maganyachi:1	magnyachi:1
मागण्याच्या	magnyachya:2	maganyachya:1
मागण्यात	magnyat:2	maganyat:1
मागण्यास	magnyas:2	maganyas:1
मागण्यासाठी	magnyasathi:2	maganyasathi:1
मागताना	magatana:2	magtana:1
मागतो	magato:2	magto:1
मागावर	magavar:2	maagaver:1	magaver:1
मागास	magas:2	maagas:1	magaas:1
मागासलेले	magaslele:3	maagasalele:1
मागासलेल्या	magaslelya:2	maagasalelya:1	magasalelya:1
मागासवर्ग	magasvarg:2	magasvarga:1
मागासवर्गीय	magasvargiya:2	magasvargiy:1
मागासवर्गीयांच्या	magasvargiyanchya:2	magasvargiyachya:1
मागासवर्गीयांसाठी	magasvargiyansathi:3
मागितला	magitala:3
मागितली	magitali:3
मागितले	magitale:3
मागील	magil:2	maagil:1
मागून	magoon:2	magun:2
मागे	mage:2	maage:1
मागेपुढे	magepudhe:2	magpudhe:1
मागोमाग	magomag:3
मागोवा	magova:3
माघ	magh:3
माघार	maghar:4
माघारी	maghari:2	magharee:1
माघी	maghi:2	maaghee:1
माची	machi:3	machee:1	machey:1	machii:1
माचीकडे	machikade:3
माचीचा	machicha:3
माचीचे	machiche:2	maachiche:1
माचीच्या	machichya:3
माचीला	machila:3
माचीवर	machivar:3
माचीवरील	machivaril:2	machivar:1
माजलगाव	majalgaon:2	majalgao:1	majalgav:1
माजी	maji:10	maaji:2	majee:1
माझा	majha:3	mazha:1
माझिया	majhiya:3
माझी	majhi:3	majhee:1	mazhee:1
माझे	maze:3	majhe:7	mazhe:1
माझेच	majhech:3	mazech:1
माझ्या	mazya:4	majhya:3	majhyaa:1	majya:1
माटुंगा	matunga:3
माटे	mate:4	matee:1	mete:1
माटेगावकर	mategaonkar:2	mategaokar:1
माठात	mathat:3
माड	mad:3
माडगूळकर	madgulkar:3
माडाच्या	madachya:3
माढा	madha:3
माणके	maanke:1	maankey:1	manake:1	manke:1
माणगाव	maangav:2	maangaon:1	mangao:1	mangaon:1
माणसा	maansa:2	mansa:1
माणसांचा	mansancha:2	maansancha:1	manasancha:1
माणसांची	mansanchi:2	maansachee:1	maansachi:1	mansachi:1
माणसांचे	maansanchey:1	manasanche:1	mansanche:1	mansanchey:1
माणसांच्या	mansanchya:2	maansanchya:1	manasanchya:1
माणसांना	mansanna:2	maansanna:1	manasanna:1
माणसांनी	mansanni:2	maansanni:1	manasanni:1
माणसांनीच	mansannich:2	maansanneech:1	manasannich:1
माणसांमधील	mansanmadhil:2	maansanmadheel:1	mansanmadheel:1
माणसांशी	mansanshi:2	maansanshi:1	mansaanshi:1
माणसाचा	mansacha:2	manasacha:1
माणसाची	mansachi:2	manasachi:1
माणसाचे	mansache:2	manasache:1
माणसाच्या	mansachya:2	manasachya:1
माणसातील	mansatil:2	manasatil:1
माणसाने	mansane:2	manasane:1
माणसाला	mansala:2	manasala:1
माणसास	manasas:2	mansas:1
माणसे	manse:2	manase:2
माणिक	manik:3
माणिकगड	manikgad:2	maneekgad:1	manikgarh:1
माणिकचंद	manikchand:3
माणिकपूर	manikpur:3
माणिकराव	manikrao:3
माणूस	manus:3
माणूसच	manusach:3
माणेकशॉ	manakeshao:1	manekshao:1	manekshaw:1
मात	mat:3
मातंग	matang:3
मातकट	matkat:3
मातब्बर	matabbar:3
माता	mata:4	maata:1	maataa:1	mataa:1
मातांना	matanna:3
माताराणी	matarani:3
माती	mati:3
मातीचा	maticha:3
मातीची	matichi:3
मातीचे	matiche:3
मातीच्या	matichya:3
मातीत	matit:3
मातीतली	matitali:2	matitale:1
मातीतले	matitale:3
मातीपासून	matipasun:3	matipasoon:1
मातृ	matru:3
मातृत्व	matrutva:3
मातृत्वाची	matrutvachi:3
मातृदेवता	matrudevata:2	matrudevta:1
मातृभाषा	matrubhasha:3
मातृभूमि	matrubhoomi:2	matrabhoomi:1	matrabhumi:1	matrubhumi:1
मातृभूमीच्या	matrubhumichya:2	matrabhoomichya:1	matrabhumichya:1	matrubhoomichya:1
मातृभूमे	matrubhume:2	matrabhumay:1	matrubhoome:1
मातृसत्ताक	matrusattak:2	matrasattak:1
माते	maate:3	mate:1
मातेकडून	matekadun:2	maatekadoon:1	matekadoon:1
मातेचा	matecha:3	maatecha:1
मातेची	matechi:3	maatechi:1
मातेचे	mateche:2	maatechey:1	matachey:1
मातेच्या	matechya:3	maatechya:1
मातेला	matela:3	maatela:1
मातेस	mates:3
मातोश्री	matoshri:2	maatoshree:1	maatoshri:1	matoshree:1
मात्र	matra:2	matr:1
मात्रा	matra:3
मात्रेत	matret:3
माथा	matha:3
माथी	mathi:3
माथेफिरू	mathefiru:2	matheferoo:1	matheferu:1	mathephiru:1
माथेरान	matheran:3
माथेरानच्या	matheranchya:3
माथ्याच्या	mathyachya:3
माथ्यावर	mathyavar:3
मादक	madak:3
मादागास्कर	madagascar:3	madagaskar:2	madagaskara:1	madagasqar:1
मादीचा	madicha:3
मादीच्या	madichya:3
मादीला	madila:2	maadila:1
माद्यांना	madyanna:2	maadyanna:1
माद्रिद	madrid:3	madrida:2	maadrid:1
माधव	madhav:3
माधवन	madhavan:2	madhvan:1
माधवराव	madhavrao:3	madhavrav:1
माधवरावांनी	madhavravanni:3
माधवी	madhavi:3
माधुकरी	madhukari:3
माधुरी	madhuri:3
माध्यम	madhyam:3
माध्यमांचा	madhyamancha:3
माध्यमांची	madhyamanchi:3
माध्यमांच्या	madhyamanchya:3
माध्यमांतून	madhyamantun:3
माध्यमांसाठी	madhyamansathi:3
माध्यमाचा	madhyamacha:3
माध्यमाच्या	madhyamachya:3
माध्यमात	madhyamat:3
माध्यमातुन	madhyamatun:3
माध्यमातून	madhyamatun:3
माध्यमामुळे	madhyamamule:3
माध्यमाला	madhyamala:3
माध्यमावर	madhyamavar:3
माध्यमिक	madhyamik:3
माध्यमे	madhyame:3
मान	man:4	maan:1	maann:1	mana:1
मानक	manak:3
मानकरी	manakari:2	mankari:1
मानचिन्ह	manchinha:2	manachinh:1
मानणारी	mananari:3
मानणारे	mananare:3
मानणे	manane:3
मानण्याची	mananyachi:3
मानण्यात	mananyat:3
मानत	manat:3
मानता	manata:3	manta:1
मानतात	manatat:3
मानते	manate:3
मानतो	manato:3
मानद	manad:3
मानधन	mandhan:3
मानपत्र	manpatra:3
मानला	manala:4	maanla:1	manla:1
मानली	manali:3	manli:3
मानले	manle:2	manale:1
मानलेच	manlech:2	maanlech:1
मानलेली	manleli:3	manlelee:1
मानलेले	manlele:2	manalele:1
मानल्या	manlya:2	maanlya:1	manav:1
मानव	manav:4
मानवंदना	manavandana:1	manvandana:1	manvandna:1
मानवजातीच्या	manavjatichya:3	manavjaatichya:1
मानवता	manavta:2	manavata:1	manavtaa:1
मानवतावादी	manavtavadi:3	manavtawaadi:1	manavtawadi:1
मानवनिर्मित	manavnirmit:3
मानववंश	manavvansh:2	manavavansh:1
मानवसेवा	manavseva:3	manavsewa:1
मानवाचा	manavacha:3
मानवाची	manavachi:2	manavachee:1
मानवाचे	manavache:3
मानवाच्या	manavachya:3
मानवात	manavat:3
मानवाने	manavane:3
मानवाला	manavala:3
मानवी	manavi:6	manavee:1	manvi:1
मानवेतर	manavetar:3
मानस	manas:3
मानसशास्त्र	manasashastra:2	manasshastr:1
मानसशास्त्राचा	manasashastracha:2	manasshastracha:1
मानसशास्त्रात	manasashastrat:2	manasshastrat:1
मानसशास्त्रीय	manasashastreey:1	manasashastriya:1	manasshastriy:1
मानसिंग	manasing:1	mansing:1	mansingh:1
मानसिक	manasik:3
मानसिकता	manasikata:2	manasikta:1
मानसी	manasee:1	manasi:1	mansi:1
मानसोपचार	maansoapchar:1	manasopachar:1	manasopchar:1
मानसोपचारतज्ज्ञ	maansoapcharatnya:1	manasopacharatajdnya:1	manasopachartadhnya:1
मानसोपचारतज्ञ	maansopcharatnya:1	manasopacharatadnya:1	manasopchartadhnya:1
माना	mana:2	maana:1
मानाचं	maanacha:1	manacha:1	manacham:1
मानाचा	manacha:2	maanacha:1
मानाचे	manache:2	maanache:1
मानाच्या	manachya:2	maanachya:1
मानाने	manane:2	maanane:1
मानापमान	maanapmaan:1	manapaman:1	manapman:1
मानावी	manavi:2	maanavi:1
मानीत	manit:3
मानुषी	manushi:3
मानू	manu:2	maanu:1
मानून	manun:2	maanun:1
माने	mane:3	maane:2	maanee:1	manee:1
मानेचा	manecha:3
मानेच्या	manechya:3
मान्य	manya:2	many:1
मान्यता	manyata:3
मान्यताप्राप्त	manyataprapt:3
मान्यतेनुसार	manyatenusar:2	manyateanusar:1
मान्यवर	manyavar:2	manyvar:1
मान्यवरांचा	manyavarancha:3
मान्यवरांचे	manyavaranche:2	manyavanche:1
मान्सून	mansoon:4	monsoon:2	manshoon:1	manshuna:1
माप	map:2	maap:1
मापक	mapak:3
मापन	mapan:3
मापाच्या	mapachya:3
माफ	maaf:3	maf:2
माफक	mafak:3
माफिया	maafiya:1	maafiyaa:1	maaphiya:1	maaphiyaa:1
माफी	mafi:3	maafi:1	mafee:1	maphi:1
मामलेदार	mamledar:2	mamaledar:1
मामा	mama:3
मामांच्या	mamanchya:3
मामांनी	mamanni:3
मामासाहेब	mamasaheb:3
माय	my:2	may:3
मायकल	michael:3	maykal:1
मायकेल	maichel:1	maykel:1	micheal:1	michel:1
मायक्रो	mayakro:1	mayakroo:1	mayaqro:1	micro:1
मायक्रोसॉफ्ट	microsoft:4	maaykroosauft:1	maaykroosooft:1	maaykrosauft:1
मायक्रोसॉफ्टची	microsoftchi:3
मायक्रोसॉफ्टने	microsoftne:3
मायदेशी	maydeshi:3
मायबोली	mayboli:3
मायबोलीकर	maybolikar:2	maybilikar:1
माया	maya:5	maaya:1	maayaa:1	mayaa:1
मायेची	mayechi:2	mayechee:1
मार	mar:2	maar:1
मारक	marak:2	maarak:1
मारझोड	maarzod:1	marazod:1	marjhod:1	marzod:1
मारणे	marne:2	marane:1
मारण्याचा	marnyacha:2	maranyacha:1
मारण्याची	marnyachi:2	maranyachee:1
मारण्याच्या	marnyachya:2	maranyachya:1
मारण्यात	marnyat:2	maranyat:1
मारण्यासाठी	maranyasathee:1	maranyasathi:1	marnyasathi:1
मारत	marat:3
मारता	marta:3	marata:2	maarata:1	maareta:1
मारते	marte:3
मारन	maran:3
मारला	marla:3
मारली	marli:3
मारले	marle:2	marlre:1
मारलेला	marlela:3
मारलेले	marlele:3
मारल्या	marlya:3
मारल्यानंतर	marlyanantar:2	maralyanantar:1
मारवाडी	marwadi:3	marvadi:1
मारहाण	marhan:3
मारा	mara:4	maaraa:1
माराने	marane:3
मारामारी	maramari:3
मारायचे	marayache:2	marayche:1
मारायला	marayala:2	marayla:1
मारावे	marave:3
मारिया	maria:3	mariya:3	maariya:1	maariyaa:1
मारी	mari:1	marie:1	marii:1	marrie:1
मारीत	mareet:2	marit:1
मारु	maru:3
मारुतराव	marutarav:1	marutrao:1	marutrav:1
मारुती	maruti:3	marutee:2	maaruti:1	maarutii:1
मारुतीची	marutichi:3
मारुतीचे	marutiche:3
मारू	maru:4	maruu:1
मारूती	maruti:3
मारून	marun:2	maarun:1
मारेकरी	marekari:3
मार्क	mark:5	marc:2	marka:2	marq:2
मार्कंडेय	markandey:2	markanday:1
मार्कस	marks:2	markas:1	markasa:1	markus:1
मार्केट	market:3
मार्केटिंग	marketing:3
मार्को	marco:1	marcoo:1	marko:1	markoo:1
मार्कोनी	marconi:1	marconii:1	marcooni:1	markoni:1
मार्क्स	marcs:1	marks:1	marksa:1	marksh:1
मार्क्सच्या	markschya:3
मार्क्सवाद	marksvaad:1	marksvadi:1	markswad:1
मार्क्सवादी	marksvadee:1	marksvadi:1	markswadi:1
मार्ग	marg:4	maarg:1	marga:1
मार्गक्रमण	margakraman:1	margkraman:1	margkramna:1
मार्गदर्शक	margadarshak:2	mardarshak:1
मार्गदर्शन	margadarshan:3	mardarshan:1	margadarshaan:1
मार्गदर्शनाखाली	mardarshanakhali:1	margadarshanakhalee:1	margadarshanakhali:1
मार्गदर्शनाचा	mardarshanacha:1	margadarshanacha:1	margdarshanacha:1
मार्गदर्शिका	margdarshika:2	margadarshika:1
मार्गशीर्ष	margasheersh:1	margashirsha:1	margshirsha:1
मार्गस्थ	margasth:2	margastha:1
मार्गही	margahi:2	margahee:1
मार्गांचा	margancha:2	margacha:1
मार्गांची	marganchi:2	marganchee:1
मार्गांचे	marganche:2	margache:1
मार्गांनी	marganni:2	margannee:1
मार्गांवर	marganvar:3
मार्गाकडे	margakade:3
मार्गाचा	margacha:3
मार्गाचे	margache:3
मार्गाच्या	margachya:3
मार्गात	margat:3
मार्गातील	margatil:2	margateel:1
मार्गानं	margan:2	marganam:1
मार्गाने	margane:3
मार्गारेट	margaret:4	maargareet:1	maargaret:1	margarate:1
मार्गावर	margavar:3
मार्गावरील	maargavaril:1	margavareel:1	margavaril:1
मार्गावरून	margavaroon:3	margavarun:1
मार्गास	margas:2	maargaas:1
मार्गिका	maargika:2	margika:1
मार्गे	marge:3
मार्च	march:4	maarch:1	marcha:1
मार्चच्या	marchchya:3
मार्जार	marjar:2	margar:1	marjaar:1
मार्टिन	martin:4	marteen:2	martina:2	maarteen:1
मार्टिना	martina:3	marteena:2	martiina:1
मार्तंड	martand:3
मार्था	martha:4	maartha:1	marthaa:1
मार्फत	marfat:3
मार्मारा	marmaara:1	marmara:1	marmaraa:1
मार्मिक	marmik:3
मार्श	mars:1	marsa:1	marsh:1	marsha:1
मार्शल	marshal:5	marsal:2	marsala:2	marshala:2
मार्स	mars:4	maars:1	maarsh:1	marsa:1
मार्सेल	marceel:1	marcel:1	marseela:1	marsela:1
माऱ्यात	maryat:2	maaryaat:1
माऱ्याने	maryane:3
माल	mal:2	maal:1
मालक	malak:3
मालकाची	malakachi:3
मालकाने	malakane:3
मालकी	malki:2	malaki:3
मालकीचा	malakicha:3
मालकीची	malakichi:2	malkichi:1
मालकीचे	malakiche:3
मालकीच्या	malakichya:3
मालकीण	malakin:2	malkin:1
मालगुंड	malgund:2	malagund:1
मालती	malti:3	malati:1
मालदीव	maldiv:2	maldive:1
मालदीवचे	maldivche:2	maldiveche:1
मालदीवच्या	maldivchya:3
मालदीवमध्ये	maldivmadhye:3
मालमत्ता	malmatta:2	maalmatta:1
मालमत्तेची	malmattechi:2	maalmattechi:1
मालमत्तेचे	malmatteche:2	maalmatteche:1
मालवण	malvan:3
मालवणकर	malvankar:3
मालवणी	malvani:3
मालवा	malva:2	malava:1
मालवाहतूक	maalvahatuk:1	malvahatuk:1	malvahtook:1	malvahtuk:1
मालवाहू	malvahu:2	maalvahu:1
मालवीय	maalviya:1	malviy:1	malviya:1
मालवेअर	malware:3
माला	mala:4	maala:1	malaa:1
मालाचा	malacha:3
मालाची	malachi:3
मालाचे	malache:3
मालाच्या	malachya:3
मालाड	malad:3
मालापासून	malapasun:3
मालावर	malavar:3
मालासाठी	malasathi:3
मालिका	malika:3
मालिकांमध्ये	malikanmadhye:2	maalikanmadhye:1
मालिकेचा	malikecha:2	maalikaycha:1	maalikecha:1
मालिकेचे	malikeche:2	maalikaychey:1
मालिकेत	maliket:2	maalikait:2	maaliket:2
मालिकेतील	maliketil:2	maalikayteel:1
मालिकेने	malikene:2	maalikayney:1	maalikeney:1
मालिकेमध्ये	malikemadhye:2	maalikaymadhye:1
मालिनी	malini:3
मालिश	malish:2	maalish:1
माली	mali:4	malee:1	malii:1
मालीश	malish:3
मालुसरे	malusare:3
मालेगाव	malegaon:2	malegav:1
मालोजी	maloji:3
मालोजीराव	malojirao:2	malojirav:1
माल्टा	maalta:1	maaltaa:1	malta:1	maltaa:1
माळ	maal:2	mal:4	mala:1
माळराने	malrane:3
माळवा	maadva:1	maadwa:1	malava:1	malva:1
माळशिरस	malshiras:2	maadshiras:1	madsheeras:1
माळशेज	malshej:2	maadshej:1	madshej:1
माळा	mala:2	maada:1	madaa:1
माळावर	malavar:2	maadaver:1	maadawer:1
माळी	mali:2	maadee:1	maadi:1
माळीण	malin:2	maadeen:1	madeen:1
माळ्यावर	malyavar:2	maadyaver:1	maadyawer:1
मावळ	maval:3
मावळे	mavale:2	mavle:1
मावशी	mavshi:3	mawshi:1
मावा	mava:2	maava:1
मावेल	mavel:3	maavel:1
माशांचे	mashanche:2	maashanchey:1	mashaanchey:1
माशांच्या	mashanchya:3	maashanchya:1
माशांना	mashanna:2	maanshanna:1	manshaanna:1
माशाचे	mashache:2	maashachey:1	mashaachey:1
माशाला	mashala:3	maashaala:1	mashaala:1
माशी	mashi:2	maashi:1	mashee:1
माशेलकर	mashelkar:3	maashelkar:1
माश्या	maashya:2	mashya:2
मास	maas:2	mass:1
मासा	masa:2	maasa:1	masaa:1
मासात	maasaat:1	maasat:1	masaat:1	masat:1
मासिक	masik:4	maasik:2
मासिकांतून	masikantoon:3	maasikantoon:1	masikantun:1
मासिकाचा	masikacha:3	maasikacha:1
मासिकाची	maasikachi:2	masikachee:1	masikachi:1
मासिकाचे	masikache:2	maasikachey:1	masikachey:1
मासिकाच्या	masikachya:3	maasikachya:1
मासिकात	masikat:2	maasikaat:1	masikaat:1
मासिकातून	masikatoon:2	maasikatoon:1	masikatun:1
मासिकाने	masikane:2	maasikaney:1	masikaaney:1	masikaney:1
मासिके	masike:2	maasikay:1	masikay:1
मासुंदा	maasunda:2	masunda:2
मासे	mase:2	maasay:1	maase:1	masay:1
मासेमारी	masemari:2	maasaymaari:1	masaymaari:1
मासेमारीचा	masemaricha:2	maasaymaricha:1	masaymaricha:1
मासेमारीचे	masemariche:2	maasaymarichey:1	masemarichey:1
मासेमारीच्या	masemarichya:2	maasemarichya:1	masaymarichya:1
मासेमारीला	masemarila:2	maasemarila:1	masaymarila:1
मासेमारीवर	masemarivar:2	maasaymaariver:1	masaymaariver:1
मासेमारीसाठी	masemarisathi:2	maaseymaarisaathi:1	maseymaarisaathi:1
मासेही	masehi:3	maasehee:1	masayhe:1
मास्टर	master:4	maashtar:1	maashter:1	maastar:1
मास्टरमाइंड	mastermind:3
मास्टर्स	masters:4	mashtarsh:1	mashtarsha:1	mashtersh:1
मास्तर	mastar:2	master:1
मास्तरांनी	mastaranni:2	masterani:1
माहात्म्य	mahatmya:2	mahatmy:1
माहित	mahit:2	maahit:1
माहिती	mahiti:2	maahiti:1
माहितीकरिता	mahitikarita:2	maahitikarita:1
माहितीचा	mahiticha:2	maahiticha:1
माहितीची	mahitichi:2	maahitichi:1
माहितीचे	mahitiche:2	maahitiche:1
माहितीच्या	mahitichya:2	maahitichya:1
माहितीनुसार	mahitinusar:2	maahitinusar:1	mhitinusar:1
माहितीपट	mahitipat:2	maahitipat:1
माहितीपत्रक	mahitipatrak:2	maahitipatrak:1
माहितीपूर्ण	mahitipoorn:2	mahitipurn:2	maahitipooran:1	maahitipuran:1
माहितीसाठी	mahitisathi:2	maahitisaathi:1	mahitisaathi:1
माहितीही	mahitihi:2	maahitihi:1	maheetihi:1
माहीत	mahit:2	maahit:1	maheet:1
माहीतच	mahitach:2	maahitach:1	mahitacha:1
माहुली	mahuli:3	maahuli:1
माहूर	mahoor:2	mahur:2	maahoor:1
माहूरची	mahoorchi:2	mahurchi:2	mahoorchee:1
माहे	mahe:2	maahay:1	maahey:1	mahay:1
माहेर	maher:3	maahaer:1	maaher:1
माहेरघर	maherghar:2	maaherghar:1	mahaerghar:1
माहेरची	maherchi:2	maaherchi:1	mahaerchi:1
माहेरचे	maaherchey:1	mahaerchey:1	maherache:1	maherche:1
माहेरच्या	maherchya:3	mahaerchya:1
माहेरी	maheri:2	maahayri:1	maaheri:1
मिंग	meeng:1	miing:1	min:1	ming:1
मिई	mie:1	mii:1	miie:1	miiyeii:1
मिकी	miki:3	mickey:2	micky:1	miikee:1
मिक्सर	mixer:4	meaksar:1	meaqsar:1	meeksar:1
मिक्सरमध्ये	mixermadhye:3
मिचेल	michel:2	mechael:1	michael:1
मिझोरम	mizoram:2	mijhoram:1	mizhoram:1
मिठाई	mithai:3	meethai:1
मिठागर	mithagar:3	meethagar:1
मिठाचा	mithacha:3	meethacha:1
मिठाचे	mithache:2	meethachay:1	meethachey:1	mithachay:1
मिठाच्या	mithachya:3	meethachya:1
मिठाला	mithala:3	mithaala:1
मिठी	mithi:3	mithee:1
मिडवे	meedvay:1	meedwai:1	meedway:1	midave:1
मित	mit:2	mitt:1
मिताली	mitali:3	mitaali:1
मिती	meeti:1	mithee:1	mithi:1	miti:1
मित्तल	mittal:3
मित्र	mitra:3	mitr:1
मित्रपरिवार	mitraparivar:2	mitraparivaar:1	mitrapariwar:1
मित्रमंडळ	mitramandal:2	mitramandad:1
मित्रा	mitra:4	meetra:1	miitra:1	mitraa:1
मित्रांच्या	mitranchya:3	mitraanchya:1
मित्रांनी	mitranni:3	mitraanni:1
मित्रांबरोबर	mitranbarobar:3
मित्राची	mitrachi:3
मिथके	mithake:3
मिथिला	mithila:3
मिथुन	mithun:3
मिथेन	mithen:2	methane:1
मिथ्या	mithya:3
मिदनापूर	midanapur:2	midnapur:1
मिनार	minar:3
मिनिटांचा	minitancha:2	minuteancha:1
मिनिटांच्या	minitanchya:2	minuteanchya:1
मिनिटांत	minitant:2	minuteant:1
मिनिटांनी	minitanni:2	minuteanni:1
मिनिटात	minitat:2	minutat:1
मिनिटाला	minitala:2	minuteala:1
मिनिटे	minite:2	minute:1
मिनी	mini:2	meenee:1	meeni:1	meenii:1
मिनेसोटा	minesota:3	minnesota:2	meeneesota:1	menesoota:1
मिन्स्क	meensk:1	meensq:1	miinsk:1	minsk:1
मिमी	mimi:3
मियां	miyan:3
मिरची	mirachi:2	mirchi:1
मिरचीचा	mirachicha:2	mirchicha:1
मिरच्या	mirachya:2	mirchya:1
मिरज	miraj:3
मिरजेचे	mirajeche:3
मिरजेच्या	mirajechya:3
मिरवणाऱ्या	miravanarya:2	miravnarya:1
मिरवणुका	miravanuka:2	miravnuka:1
मिरवणुकीत	miravnukit:2	miravanukit:1
मिरवणुकीस	miravanukis:2	miravnukis:1
मिरवणूक	miravanuk:2	miravnuk:1
मिरवणूकही	miravanukahi:3
मिरासदार	mirasdar:3
मिर्झा	mirza:4	mirja:1	mirjha:1	mirzha:1
मिर्झापूर	mirzapur:3
मिर्झाराजे	mirzaraje:3
मिल	mill:3	mil:2	meal:1	mila:1
मिलची	millchi:3
मिलन	milan:3
मिलान	milan:3
मिलाफ	milaf:2	milaaf:1
मिलिंद	milind:3
मिलिटरी	military:3	meleturi:1	meletury:1	miiliitarii:1
मिलिमीटर	milimeter:2	miiliimeter:1	miiliimetre:1	miiliimiitar:1
मिलियन	milian:1	milion:1	miliyan:1	miliyon:1
मिल्टन	milton:4	meeltan:1	meelton:1	miilton:1
मिल्ने	milne:4	milnee:1	milneey:1	milnei:1
मिल्स	meals:1	meels:1	meelsh:1	miils:1
मिळकत	milakat:2	milkat:1
मिळकतीच्या	milakatichya:2	milkatichya:1
मिळणार	milanar:2	milnaar:1
मिळणारा	milanara:2	milnaara:1
मिळणारी	milanari:2	milnaari:1
मिळणारे	milanare:2	milnaare:1
मिळणाऱ्या	milanarya:2	milnaarya:1
मिळणे	milane:2	milne:1
मिळणेही	milanehi:2	milnehi:1
मिळण्याचा	milanyacha:2	milnyacha:1
मिळण्याची	milanyachi:2	milnyachi:1
मिळण्यासाठी	milanyasathi:2	milnyasathi:1
मिळत	milat:3
मिळताच	milatach:2	midtaach:1
मिळताजुळता	milatajulata:2	midtajudta:1	midtajudtaa:1
मिळतात	miltat:3	midtaat:2	milatat:2	meedtaat:1
मिळताना	milatana:2	midtaana:1	midtanaa:1
मिळतीजुळती	milatijulati:2	midteejudti:1	midtijudti:1
मिळतील	milatil:2	midteel:1
मिळतीलच	midteelach:1	midtilach:1	milatilach:1	miltilach:1
मिळते	milate:2	midtaey:1	midtay:1
मिळतो	milto:2	milato:2	midto:1
मिळवणारा	milavanara:2	midavnaara:1	midavnara:1
मिळवणारी	milavanari:2	midavnaari:1	midavnaree:1
मिळवणारे	milavanare:2	midavnaare:1	midavnaarey:1
मिळवणे	milavane:2	midvanay:1	midvaney:1
मिळवण्याकरिता	milavanyakarita:2	midvanyakarita:1
मिळवण्याचा	milavanyacha:2	midvanyaacha:1	midvanyacha:1
मिळवण्याची	milavanyachi:2	midvanyaachee:1	midvanyachi:1
मिळवण्यात	milavanyat:2	midvanyaat:1	midwanyaat:1
मिळवण्यास	milavanyas:2	midvanyaas:1
मिळवण्यासाठी	milavanyasathi:2	midvanyasaathi:1	midvanyasathi:1
मिळवत	milavat:2	midvat:1	midwat:1
मिळवता	milavata:2	midavta:1	midvata:1	midvta:1
मिळवतात	milavatat:2	midavtaat:1	midavtat:1
मिळवते	milavate:2	midvatae:1	midvatay:1
मिळवतो	milavato:2	midvato:1	midwato:1
मिळवला	milavala:2	midavla:1	midavlaa:1
मिळवली	milavali:2	midvalee:1	midvali:1
मिळवले	milavale:2	midavlae:1	midavlay:1
मिळवलेला	milavalela:2	midavlayla:1	midavlela:1
मिळवलेली	milavaleli:2	midavlaylee:1	midavleli:1
मिळवलेले	milavalele:2	midavleley:1	midawleley:1
मिळवल्या	milavalya:2	midavlya:1	midavlyaa:1
मिळवल्यानंतर	milavalyanantar:2	midvalyananter:1
मिळवायचा	milavayacha:2	midvayacha:1	midwaaycha:1
मिळवायची	milavayachi:2	midvayachee:1	midvayachi:1
मिळवावा	milavava:2	midvava:1	midwava:1
मिळविणारा	milavinara:2	midvinaara:1	midvinara:1
मिळविणारी	milavinari:2	midvinaari:1	midvinari:1
मिळविणारे	milavinare:2	midvinaaray:1	midvinaray:1
मिळविणे	milavine:2	midvine:1	midwinay:1
मिळविण्याचा	milavinyacha:2	midvinyaacha:1	midwinyaacha:1
मिळविण्याची	milavinyachi:2	midvinyaachee:1	midvinyaachi:1
मिळविण्यासाठी	milavinyasathi:2	midvinyasaathi:1	midwinyasaathi:1
मिळविता	milavita:2	midvita:1	midvitaa:1
मिळविला	milavila:2	midvila:1	midvilaa:1
मिळविली	milavili:2	midveeli:1
मिळविले	milavale:2	milavile:2	midvilay:1
मिळविलेले	milavilele:2	midvilelay:1
मिळवू	milavu:2	midvoo:1	midwoo:1
मिळवून	milavun:2	midvoon:1	midwoon:1
मिळायचा	midaayacha:1	midayacha:1	milayacha:1	milaycha:1
मिळायला	midaayla:1	milayala:1	milayla:1
मिळाला	milala:2	midaala:1	midala:1
मिळाली	milali:2	midaali:1	midali:1
मिळालीच	milalich:2	midaleech:1	midalich:1
मिळाले	milale:2	midalay:1	midale:1
मिळालेला	milalela:2	meethalela:1	meethalelaa:1
मिळालेली	milaleli:2	midalayli:1	midaleli:1
मिळालेले	milalele:2	midalelay:1
मिळालेल्या	milalelya:2	midalelya:1
मिळाल्या	milalya:2	midalya:1	midalyaa:1
मिळाल्याचा	milalyacha:2	midalyacha:1
मिळाल्याचे	milalyache:2	midalyaachay:1	midalyachay:1
मिळाल्यानंतर	milalyanantar:2	midalyananter:1
मिळाल्याने	milalyane:2	midalyanay:1	midalyane:1
मिळाल्यापासून	midalyapasoon:1	milalyapasun:1	milalyapsoon:1	milalypasun:1
मिळाल्याबद्दल	milalyabaddal:2	midaalyabaddal:1	midalyabaddal:1
मिळाल्यामुळे	milalyamule:2	midalyamudey:1
मिळाल्यावर	milalyavar:2	midaalyaver:1	midalyavar:1
मिळाल्यास	milalyas:2	midaalyas:1	midalyaas:1
मिळावा	milava:2	midaava:1	midavaa:1
मिळावी	milavi:2	milavee:1
मिळावे	milave:3
मिळुन	milun:3
मिळू	milu:2	miloo:2
मिळून	milun:5	miloon:2
मिळे	mile:3
मिळेना	milena:3
मिळेपर्यंत	mileparyant:3
मिळेल	milel:3
मिशन	mission:3	mishan:2	misan:1	misana:1
मिशनच्या	mishanchya:2	missionchya:1
मिशनरी	miishanarii:1	miishnery:1	miishnury:1	miishonery:1
मिशा	misha:3
मिशिगन	michigan:2	mishigan:1
मिशी	mishi:2	mishee:1
मिशेल	michel:2	michael:1	mishel:1
मिश्र	mishra:2	mishr:1
मिश्रण	mishran:3
मिश्रणात	mishranat:3
मिश्रा	mishra:4	mishhra:1	misra:1
मिश्रित	mishrit:3
मिस	meas:1	mes:1	mis:1	miss:1
मिसळ	misal:2	misad:1
मिसळतात	misadtaat:1	misalatat:1	misaltat:1
मिसळतो	misadto:1	misalato:1	misalto:1
मिसळला	misalala:2	misadla:1
मिसळल्यास	misalalyas:2	misadlyaas:1
मिसळून	misaloon:1	misalun:1	misdoon:1	misdun:1
मिसाईल	misail:2	misayeel:1
मिसिसिपी	misisipee:2	mississippi:1
मिसूरी	miisoorii:1	miissourii:1	miisurii:1	misaari:1
मिस्टर	mistar:2	mister:1
मिस्त्री	mishtree:1	mistri:1	mistry:1
मिहीर	miheer:2	mihir:1
मी	me:10	mee:3	mi:2	mii:1
मीच	meech:2	mich:1
मीटर	meetar:3	meter:2	meeter:1	metar:1
मीटरचा	meetaracha:1	meetarcha:1	metercha:1
मीटरचे	meetarache:1	meetarche:1	meterche:1
मीटरच्या	meetarachya:1	meetarchya:1	meterchya:1
मीटरपेक्षा	meetarapeksha:2	meterpeksha:1
मीटरमध्ये	meetaramadhye:1	meetarmadhye:1	metermadhye:1
मीठ	mith:2	meeth:3
मीडिया	media:3	meediya:3	mediia:1	meediiya:1
मीडियावर	meediyavar:3
मीन	meen:2	min:1
मीनल	meenal:2	minal:1
मीना	meena:5	miina:2	mina:2	meana:1
मीनाक्षी	meenakshee:2	meenakshi:2	meenaksi:1	meenaksii:1
मीमांसा	meemansa:2	mimansa:1
मीर	meer:3	mir:2	mear:1	miir:1
मीरा	meera:4	mira:3	miira:2	meara:1
मीराबाई	meerabai:2	mirabai:1
मीही	mihi:2	meehee:1
मुंगी	mungi:2	mungee:1
मुंग्या	mungya:3
मुंज	munj:1	munja:1	munnj:1
मुंडके	mundake:3
मुंडा	munda:3
मुंडासे	mundase:3
मुंडे	munde:3
मुंडेंचा	mundencha:3
मुंडेंची	mundenchi:2	mundenchee:1
मुंडेंनी	mundenni:2	mundennee:1
मुंदडा	mundada:3
मुंबई	mumbai:4	mumbaee:1	mumbaii:1	mumbe:1
मुंबईकडून	mumbaikadoon:2	mumbaikadun:2
मुंबईकडे	mumbaikade:3
मुंबईकरांचे	mumbaikaranche:3
मुंबईचा	mumbaicha:3
मुंबईची	mumbaichi:2	mumbaichee:1
मुंबईचे	mumbaiche:3
मुंबईच्या	mumbaichya:3
मुंबईत	mumbait:3
मुंबईतच	mumbaitach:3
मुंबईतल्या	mumbaitalya:3
मुंबईतील	mumbaitil:2	mumbaiteel:1
मुंबईपासून	mumbaipasoon:2	mumbaipasun:2
मुंबईमधील	mumbaimadhil:2	mumbaimadheel:1
मुंबईमधून	mumbaimadhoon:2	mumbaimadhun:2
मुंबईमध्ये	mumbaimadhye:3
मुंबईला	mumbaila:3
मुंबईस	mumbais:3
मुंबईहून	mumbaihoon:2	mumbaihun:2
मुंबादेवी	mumbadevi:2	mumbadevee:1
मुकर्रबखान	mukarrabakhan:3
मुका	muka:3
मुकाबला	mukabala:3
मुकुंद	mukund:2	mukunda:1
मुकुंदराज	mukundaraj:2	mukundraj:1
मुकुंदराव	mukundarao:1	mukundarav:1	mukundrav:1
मुकुंदा	mukunda:3
मुकुट	mukut:3
मुकुल	mukul:3
मुकूट	mukoot:2	mukut:1
मुकेश	mukesh:4	maakesh:1	mookeesh:1	mookes:1
मुक्काम	mukkam:3
मुक्कामात	mukkamat:3
मुक्कामास	mukkamas:3
मुक्कामी	mukkami:2	mukkamee:1
मुक्त	mukta:11	mukt:2
मुक्तछंद	muktachanda:1	muktachhand:1	muktchhand:1
मुक्तता	muktata:3
मुक्तपणे	muktapane:3
मुक्ता	mukta:3
मुक्तांगण	muktangan:3
मुक्ताई	muktai:3
मुक्ताबाई	muktabai:3
मुक्ति	mukti:3
मुक्तिदाता	muktidata:3
मुक्ती	mukti:2	muktee:1
मुख	mukh:2	mukha:1
मुखं	mukham:2	mukh:1
मुखपत्र	mukhpatra:3
मुखपृष्ठ	mukhaprushtha:1	mukhprashth:1	mukhprushth:1
मुखपृष्ठे	mukhaprushthe:2	mukhprashthay:1	mukhprasthay:1
मुखर्जी	mukharjee:1	mukharji:1	mukherji:1
मुखर्जीच्या	mukherjichya:2	mukharjeechya:1	mukharjichya:1
मुखवटा	mukhavata:2	mukhvata:1	mukhvta:1
मुखवटे	mukhavate:2	mukhavtay:1	mukhvatay:1
मुखातून	mukhatoon:3
मुखाशी	mukhashee:3
मुखी	mukhee:3
मुखे	mukhe:3
मुख्य	mukhya:2	mukhy:1
मुख्यतः	mukhyatah:4	mukhyataha:2	mukhyata:1
मुख्यत्वे	mukhyatve:2	mukhyatwe:1
मुख्यत्वेकरून	mukhyatvekarun:2	mukhyatvekaroon:1
मुख्यमंत्रिपद	mukhyamantripad:3
मुख्यमंत्रिपदाची	mukhyamantreepadachee:1	mukhyamantripadachee:1	mukhyamantripadachi:1
मुख्यमंत्री	mukhyamantri:5	mukhyamantree:3
मुख्यमंत्रीपद	mukhyamantreepad:3
मुख्यमंत्र्यांनी	mukhyamantryanni:2	mukhyamantryannee:1
मुख्याधिकारी	mukhyadhikaari:1	mukhyadhikaree:1	mukhyadhikari:1
मुख्याध्यापक	mukhyadhyapak:3
मुख्याध्यापिका	mukhyadhyapika:3
मुख्यालय	mukhyalay:3
मुख्यालये	mukhyalaye:3
मुगल	mugal:3
मुगाच्या	mugachya:3
मुघल	mughal:3
मुघलांना	mughalanna:3
मुजावर	mujavar:3
मुजुमदार	mujumdar:2	mujumadar:1
मुठा	mutha:2	muta:1
मुठी	muthee:1	muthi:1	muti:1
मुठीत	mutheet:2	muthit:1
मुणगेकर	munagekar:3
मुत्र	mutra:2	mutr:1
मुत्सद्दी	mutsadde:1	mutsaddi:1	mutsddee:1
मुथा	mutha:3
मुदखेड	mudakhed:2	mudkhed:1
मुदत	mudat:3
मुदतवाढ	mudatavadh:2	mudatvadha:1
मुदतीचा	mudaticha:2	mudateecha:1
मुदतीची	mudatichi:2	mudateechee:1
मुद्दल	muddal:3
मुद्दा	mudda:3
मुद्दाम	muddam:3
मुद्दे	mudde:3
मुद्द्यांवर	muddyanvar:3	mudyanvar:1
मुद्द्याला	muddyala:2	mudyala:1
मुद्द्यावर	muddyavar:2	mudyavar:1
मुद्यांना	muddyanna:1	mudhanna:1	mudyanna:1
मुद्यांशी	muddyanshee:1	muddyashi:1	mudyanshi:1
मुद्यावर	muddyavar:2	muddayavar:1	mudhyavar:1	mudyavar:1
मुद्यावरून	muddyavarun:2	muddyavaroon:1	mudyavarun:1
मुद्रण	mudran:3
मुद्रा	mudra:4	maadra:1	moodra:1
मुद्रांचा	mudrancha:3
मुद्राराक्षस	mudrarakshas:3
मुद्रित	mudrit:3
मुद्रेत	mudret:3
मुधोजी	mudhoji:2	mudhojee:1
मुधोळकर	mudholakar:1	mudholakr:1	mudholkar:1
मुनगंटीवार	munganteevar:1	mungantivar:1	munguntiwar:1
मुनी	muni:3	munee:2	mooni:1	moonii:1
मुनींनी	muninni:2	muneennee:1
मुन्नाभाई	munnabhai:3
मुन्नाभाईच्या	munnabhaichya:3
मुबलक	mubalak:3
मुबारक	maabarak:1	moobarak:1	moobaraq:1	mubarak:1
मुभा	mubha:3
मुमताज	mumtaj:4	maamtaz:1	moomtaj:1	moomtaz:1
मुरघास	muraghas:2	murghas:1
मुरबाड	murabad:2	murbad:1
मुरब्बी	murabbi:2	murabbee:1
मुरली	murali:3	moorli:1	moorlii:1	muralee:1
मुरलीधर	muraleedhar:1	muralidhar:1	murlidhar:1
मुरलीधरन	muralidharan:2	muralidharn:1
मुरा	mura:3
मुरात	murat:1	murata:1	muret:1	mureta:1
मुरुड	murud:3
मुरू	muru:3	muroo:1
मुरूम	muroom:2	murum:2
मुर्ती	murtee:2	murti:1
मुर्तीची	murteechee:2	murtichi:1
मुर्तीला	murteela:2	murtila:1
मुल	mul:3
मुलं	mulam:2	mul:1
मुलगा	mulaga:3
मुलगी	mulgi:4	mulagee:2	mulagi:1
मुलगे	mulage:3
मुलतान	mulatan:2	multan:2	maaltan:1	mooltan:1
मुलभूत	mulabhoot:2	mulbhut:1
मुलांचा	mulancha:3
मुलांची	mulanchee:2	mulanchi:2
मुलांचे	mulanche:2	mulanchay:1
मुलांच्या	mulanchya:3
मुलांत	mulant:3	mulaant:1
मुलांना	mulanna:3
मुलांनी	mulanni:2	mulannee:1
मुलांपैकी	mulanpaiki:2	mulanpaikee:1
मुलांप्रमाणे	mulanpramane:2	mulanpramanay:1
मुलांमध्ये	mulanmadhye:3
मुलांवर	mulanvar:2	mulanver:1	mulanwer:1
मुलांसाठी	mulansathee:2	mulansathi:1
मुलांसाठीही	mulansatheehee:2	mulansathihi:1
मुलाखत	mulakhat:3
मुलाखतही	mulakhatahee:2	mulakhatahi:1
मुलाखती	mulakhatee:2	mulakhati:1
मुलाखतींचा	mulakhateencha:2	mulakhatincha:1
मुलाखतीची	mulakhateechee:2	mulakhatichi:1
मुलाखतीचे	mulakhateeche:2	mulakhatiche:1
मुलाखतीच्या	mulakhateechya:2	mulakhatichya:1
मुलाखतीत	mulakhateet:2	mulakhatit:1
मुलाखतीतून	mulakhateetoon:2	mulakhatitoon:1	mulakhatitun:1
मुलाखतीमध्ये	mulakhateemadhye:2	mulakhatimadhye:1
मुलाखतीही	mulakhateehee:2	mulakhatihi:1
मुलाचा	mulacha:2	mulachs:1
मुलाची	mulachee:2	mulachi:1
मुलाचे	mulachay:1	mulache:1	mulaxhe:1
मुलाच्या	mulachya:3
मुलाने	mulane:2	mulanay:1
मुलायम	mulayam:3
मुलाला	mulala:3	mulalaa:1
मुलास	mulas:3	mulaas:1
मुली	muli:2	mulee:1
मुलींची	mulinchi:2	muleenchee:1
मुलींचे	muleenche:1	mulinchay:1	mulinche:1
मुलींच्या	muleenchya:1	mulinchya:1	mullinchya:1
मुलींना	mulinna:2	muleenna:1
मुलींसाठी	muleensathee:1	mulinsaathi:1	mulinsathi:1
मुलींसोबत	muleensobat:1	mulinsaobat:1	mulinsobat:1
मुलीचा	muleecha:1	mulicha:1	mulichs:1
मुलीची	mulichi:2	muleechee:1	muleechi:1
मुलीचे	muleeche:2	muliche:1
मुलीच्या	muleechya:2	mulichya:1
मुलीला	muleela:2	mulila:1
मुलीवर	muleevar:2	mulivar:1
मुलीशी	muleeshee:2	mulishi:1
मुलुंड	mulund:3
मुलुंडच्या	mulundchya:2	mulundachya:1
मुलुख	mulukh:3
मुले	mule:3
मुलेच	mulech:3
मुल्ला	mulla:3
मुल्हेर	mulher:2	mulhaer:1
मुळ	mul:2	mud:1
मुळगाव	mudgaav:1	mulgaon:1	mulgav:1
मुळगावकर	mudgavkar:1	mulgaonkar:1	mulgavakar:1
मुळचे	mudchay:1	mulache:1	mulche:1
मुळशी	mulashi:2	mudashi:1	mudshi:1
मुळा	mula:2	muda:1
मुळांना	mulanna:2	mudanna:1
मुळाक्षरे	mulakshare:2	mudaksharay:1
मुळाची	mudachee:1	mudachi:1	mulachi:1
मुळाच्या	mulachya:2	mudachya:1
मुळात	mudaat:1	mudat:1	mular:1	mulat:1
मुळातच	mulatach:2	mudatach:1
मुळातील	mulatil:2	mudateel:1
मुळाशी	mulashi:2	mudashi:1
मुळासकट	mulasakat:2	mudaskat:1
मुळी	muli:2	mudi:1
मुळीच	mulich:2	mudeech:1	mudich:1
मुळे	mule:2	mudae:1	muday:1
मुळ्याच्या	mulyachya:3
मुव्ही	movie:3	muvhee:1
मुश्रीफ	mushreef:2	mushreeph:1	mushrif:1
मुसंडी	musandi:2	musandee:1
मुसलमान	musalman:2	musalaman:1
मुसलमानांच्या	musalmananchya:2	musalamananchya:1
मुसलमानाने	musalmanane:2	musalamanane:1
मुसलमानी	musalmani:2	musalamanee:1
मुसळ	musal:3
मुसळधार	musaldhar:2	musaladhar:1
मुसोलिनी	musolini:3	masoliinii:1	masolini:1	masoolini:1
मुस्लिम	muslim:4	mooshlim:1	mooslim:1	mushleem:1
मुस्लिमांची	muslimanchi:3
मुस्लिमांच्या	muslimanchya:3
मुस्लिमांनी	muslimanni:3
मुस्लीम	muslim:3
मुहब्बत	muhabbat:3	mohabbat:1
मुहम्मद	muhammad:6	muhamad:2	maahamad:1	moohamad:1
मुहूर्त	muhurat:2	muhurt:2	muhurta:1
मुहूर्तमेढ	muhurtmedh:2	muhuratmadh:1	muhuratmedh:1
मुहूर्ताचा	muhurtacha:3
मुहूर्तावर	muhurtavar:2	muhurtaver:1	muhurtawer:1
मूक	mook:2	muk:1
मूकनायक	mooknayak:1	mukanayak:1	muknayak:1
मूकपट	mookpat:1	mookpatt:1	mukpat:1
मूग	moog:2	mug:1
मूठ	mooth:2	muth:1
मूतखडा	mutkhada:2	mootkhada:1
मूत्र	mutra:3
मूत्रपिंड	mutrapind:3
मूत्रपिंडाचे	mutrapindache:2	mutrapindachay:1
मूत्रमार्गात	mootramargat:1	mutramargaat:1	mutramargat:1
मूत्राशय	mutrashay:2	mootrashay:1
मून	maan:1	moon:1	mun:1	muun:1
मूर	moor:3	mur:1
मूर्ख	murkh:2	moorkh:1
मूर्च्छा	moorcha:1	moorchchha:1	murcha:1	murchha:1
मूर्त	moort:2	murta:1
मूर्ति	moorti:2	murti:1
मूर्तिजापूर	moortijapoor:2	murtijapur:2
मूर्ती	murti:15	moortee:1	moorti:1
मूर्तीची	moorteechee:1	moortichi:1	murtichi:1
मूर्तीचे	moorteeche:1	moortiche:1	murtiche:1
मूर्तीच्या	moorteechya:1	moortichya:1	murtichya:1
मूर्तीला	moorteela:1	moortila:1	murtila:1
मूर्तीवर	moorteevar:1	moortivar:1	murtivar:1
मूर्तीस	moortees:1	moortis:1	murtis:1
मूर्तीही	murtihi:2	moortihi:1	murtihee:1
मूल	mool:2	mul:1
मूलद्रव्य	mooldravya:2	muldravya:1
मूलद्रव्यांचा	mooldravyancha:1	mooldrvyancha:1	muldravyancha:1
मूलद्रव्ये	mooldravyae:1	mooldravye:1	muldravye:1
मूलभूत	mulbhut:2	moolbhoot:2
मूल्य	mulya:3	moolya:1
मूल्यमापन	moolyamapan:1	mulyamaapan:1	mulyamapan:1
मूल्यमापनाची	moolyamapnachi:1	mulyamaapnaachi:1	mulyamapnachi:1
मूल्यवर्धित	mulyavardhit:2	moolyavardhit:1	mulyawardhit:1
मूल्यवान	moolyawan:1	mulyavaan:1	mulyavan:1	mulyawan:1
मूल्यांकन	mulyankan:2	moolyankan:1
मूल्यांची	mulyanchi:2	moolyanchi:1	mulyanchee:1
मूल्यांचे	moolyanche:1	mulyanchay:1	mulyanche:1
मूल्यांच्या	mulyanchya:2	moolyanchya:1
मूल्यांवर	moolyanvar:1	mulyanvar:1	mulyanver:1	mulyanwer:1
मूल्याची	mulyachi:2	moolyachi:1	mulyachee:1
मूल्ये	moolye:1	mulyae:1	mulye:1
मूळ	mul:23	mood:2	mool:1	mud:1
मूळचा	moodcha:1	moolacha:1	mulcha:1
मूळची	moodchee:1	moodchi:1	moolachi:1	mulchi:1
मूळचे	moodchay:1	moolache:1	mulche:1
मूळच्या	mulchya:2	moodchya:1	moolchya:1
मूळमाया	moodmaya:1	moolmaya:1	mulmaya:1
मूळव्याध	moodvyaadh:1	moolvyadh:1	mulvyadh:1
मूव्ही	movie:3	moovhi:1
मृग	mrug:2	mruga:1
मृगया	mrugya:2	mrugaya:1
मृगाचा	mrugacha:2	mragaacha:1	mrugaacha:1
मृणाल	mrunal:2	mrunaal:1
मृणालिनी	mrunalini:2	mrunaalini:1
मृत	mrut:3
मृतदेह	mrutdeh:3	mrutdaeh:1
मृतदेहांचे	mrutdehanche:2	mrutdehanchay:1
मृताचा	mrutacha:2	mrutaacha:1
मृताचे	mrutache:3
मृत्तिका	mruttika:3
मृत्यु	mrutyu:3
मृत्युंजय	mrutyunjay:3
मृत्युदंड	mrutyudand:2	mrutyudanda:1
मृत्युनंतर	mrutyunantar:2	mrutyunanatr:1
मृत्युपत्र	mrutyupatra:3
मृत्युमुखी	mrutyumukhi:3
मृत्यू	mrutyu:3
मृत्यूचा	mrutyucha:3
मृत्यूची	mrutyuchi:3
मृत्यूचे	mrutyuche:3
मृत्यूच्या	mrutyuchya:3
मृत्यूनंतर	mrutyunantar:3
मृत्यूनंतरही	mrutyunantarhi:2	mrutyunantarahi:1
मृत्यूपर्यंत	mrutyuparyant:2	mrutyuparyanta:1
मृत्यूमुखी	mrutyumukhi:3
मृत्यूमुळे	mrutyumule:3
मृत्यूविषयी	mrutyuvishayi:3
मृदा	mruda:3
मृदु	mrudu:3
मृदुंग	mrudang:1	mrudung:1	mrudunga:1
मृदू	mrudu:3
मॅक	mac:3	mach:1	maek:1	maik:1
मॅकेन्झी	mackeenziee:1	mackenjie:1	mackenzie:1	mackenziie:1
मॅक्स	max:4	maks:2	macks:1	macqs:1
मॅक्सवेल	maxwell:4	maikshvel:1	maikshwel:1	maiksveel:1
मॅगसेसे	magsaysay:3
मॅग्नस	magnus:3	magnas:2
मॅग्नेशियम	magnesium:4	magneeshiyam:1	magneesium:1	magneshhiyam:1
मॅजिक	magic:3
मॅजेस्टिक	majestic:4	mageestik:1	magestik:1	magestiq:1
मॅट्रिक	matric:2	matrik:1
मॅडिसन	madison:3	maddison:1	madisan:1	myadisan:1
मॅथ्यू	matthew:2	mathew:1
मॅथ्यूज	matthews:2	mathews:1
मॅन	man:4
मॅनहॅटन	manhattan:3	manahatan:1	manahetan:1	manhatan:1
मॅनेजमेंट	management:3
मॅनेजिंग	managing:3
मॅन्युअल	manual:1	manuel:1	manyuala:1
मॅरॅथॉन	marathon:3
मॅरेथॉन	marathan:1	marathon:1	mareethan:1	mareethon:1
मॅसिडोनिया	macedoniya:1	macedooniya:1	macydonia:1	macydoniya:1
मे	may:5	me:5	mai:3	mee:3
मेंडीस	meendees:1	meendis:1	mendes:1	mendiis:1
मेंढपाळ	mendhpal:2	mendhapal:1
मेंढी	mendhi:3
मेंढ्या	mendhya:3
मेंढ्यांच्या	mendhyanchya:3
मेंदू	mendu:3
मेंदूकडून	mendukadun:2	mendukadoon:1
मेंदूचा	menducha:3
मेंदूची	menduchi:3
मेंदूचे	menduche:3
मेंदूच्या	menduchya:3
मेंदूत	mendut:3
मेंदूतील	mendutil:2	menduteel:1
मेंदूपर्यंत	menduparyant:2	menduparyanta:1
मेंदूमध्ये	mendumadhye:3
मेंदूला	mendula:3
मेंदूस	mendus:3
मेक	make:3
मेकर	maikar:1	maikeer:1	maiker:1	maiqer:1
मेकॅनिकल	mechanical:3
मेक्सिकन	mexican:4	meeksikan:1	meexican:1	meexikan:1
मेक्सिको	mexico:4	maikshico:1	maikshiko:1	maiksico:1
मेक्सिकोच्या	mexicochya:3
मेक्सिकोमध्ये	mexicomadhye:3
मेगन	megan:3
मेघ	megh:2	megha:1
मेघदूत	meghadoot:1	meghdoot:1	meghdut:1
मेघना	meghana:2	meghna:1
मेघालय	meghalay:3	meghalaya:2	meeghalay:1	meeghalaya:1
मेजर	major:4	majar:1	mazor:1	meejar:1
मेट	met:4	mate:2	mait:1	matee:1
मेटल	meetal:1	meetala:1	metal:1	metala:1
मेटा	meta:4	meeta:1
मेटे	maite:1	maitee:1	meetee:1	mete:1
मेट्रिक	metric:2	metrik:2	matric:1	meetric:1
मेट्रो	metro:4	meetro:1	metroo:1
मेट्रोचा	metrocha:3
मेट्रोच्या	metrochya:3
मेट्स	maits:1	meetas:1	meets:1	metas:1
मेडल	medal:1	medel:1	meedal:1	meedeel:1
मेडिकल	medical:4	medikal:1	mediqal:1	medycal:1
मेढा	medha:3
मेढे	medhe:2	madhay:1
मेण	men:3	main:1
मेणाचे	menache:2	menachay:1
मेथी	methi:3
मेथीच्या	methichya:3
मेद	med:2	maid:1
मेदाम्ले	medamle:2	medamlay:1
मेधा	medha:3
मेन	main:2	men:2
मेनका	menaka:2	menka:3
मेनन	menan:3	meenan:1	meeneen:1	memon:1
मेमरी	meemari:1	meemary:1	meemory:1	memari:1
मेमोरिअल	memorial:3
मेमोरियल	memorial:3	meemorieel:1	meemoriyala:1	memooriel:1
मेम्फिस	meemfis:1	meemifs:1	meemphis:1	memfis:1
मेरिल	meril:5	maril:2	meeril:2	marrill:1
मेरी	mari:1	marie:1	mariee:1	mariie:1
मेरीला	merila:2	maryla:1	merryla:1
मेरू	meru:4	meroo:3	maroo:1	maru:1
मेल	mail:5	mel:2	mael:1	male:1
मेलबर्न	melbourne:2	maelburn:1	mailburn:1	melburn:1
मेला	mela:3	melaa:1
मेली	meli:2	mailee:1	maili:1	melee:1
मेले	mele:3
मेलेले	melele:3	melaile:1
मेलेल्या	melelya:3	melelyaa:1
मेळ	mel:2	made:1	med:1
मेळघाट	melghat:2	medghaat:1	melaghat:1
मेळा	mela:3	meda:1	meela:1	melaa:1
मेळाव्याचे	melavyache:2	medavyachay:1
मेळाव्यात	melavyat:2	medavyaat:1
मेळे	mele:2	mede:1
मेवाड	mewad:2	mevad:1
मेश्राम	meshram:3
मेसेजिंग	messaging:2	massaging:1
मेसोपोटेमिया	mesopotamia:4	meesopotamia:1	meesopoteemiya:1	mesoopootamia:1
मेहकर	mehkar:3
मेहतर	mehtar:2	mehatar:1
मेहता	mehta:2	mehata:1
मेहदी	mehadi:2	mehdi:2	meehadi:1	mehadii:1
मेहनत	mehnat:2	mehanat:1
मेहनती	mehanati:1	mehanti:1	mehnati:1
मेहमूद	mehmood:4	mehmud:2	meehamud:1	meehmood:1
मेहसाणा	mehsana:2	mehsaana:1
मेहेंदळे	mehendale:2	mehandade:1
मेहेंदी	mehendi:2	mehandi:1
मैत्रिणीने	maitrineenay:1	maitrineene:1	maitrinine:1
मैत्रिणीला	maitrineela:2	maitrinila:2
मैत्रिपूर्ण	maitripoorn:2	maitripurn:2
मैत्री	maitri:2	maitree:1
मैत्रीचे	maitreeche:2	maitriche:1
मैत्रीण	maitreen:2	maitrin:1
मैथिली	maithilee:2	maithili:1
मैथुन	maithun:3
मैदा	maida:3
मैदान	maidan:3
मैदानांची	maidananchee:2	maidananchi:1
मैदानाचा	maidanacha:3
मैदानाची	maidanachi:2	maidanachee:1
मैदानाचे	maidanache:3
मैदानाच्या	maidanachya:3
मैदानात	maidanat:3
मैदानातील	maidanatil:2	maidanateel:1
मैदानातून	maidanatoon:2	maidanatun:2
मैदानाबाहेर	maidanabaher:3
मैदानाला	maidanala:3
मैदानावर	maidanavar:3
मैदानावरील	maidanavaril:2	maidanavareel:1
मैदानी	maidani:2	maidanee:1
मैदाने	maidane:3
मैना	maina:3
मैफल	maifal:3	maiphal:1
मैफली	maifali:2	maiflee:1	maiphali:1
मैल	mail:3
मैलांवर	mailanvar:3
मैलावर	mailavar:3
मैसूर	maisoor:2	mysore:2	maisur:1
मॉडर्न	madarn:1	madern:1	maudarn:1	maudern:1
मॉडेल	model:4	maudeel:1	maudol:1	modeel:1
मॉडेलिंग	modeling:3	modelling:2	madeeling:1	madeleang:1
मॉथ	moth:3
मॉरिशस	mauritius:2	morishas:1
मॉरिस	morris:2	moris:1
मॉरिसन	marisan:1	marrisan:1	marysan:1	morison:1
मॉर्गन	morgan:4	margan:1	margen:1	morgen:1
मॉल	mall:4	mal:1	mala:1	maul:1
मॉस्को	mosco:3	moscow:2	mosko:2	masko:1
मोकळा	mokla:2	mokala:1
मोकळी	mokali:1	moklee:1	mokli:1
मोकळे	mokale:2	mokle:1
मोकळेच	mokalech:2	moklech:1
मोकळेपणाने	mokalepanane:2	moklepanane:1
मोकळ्या	mokalya:3	moklya:2
मोकाटे	mokate:3
मोकाशी	mokashi:2	mokashee:1
मोक्याचा	mokyacha:3
मोक्याच्या	mokyachya:3
मोक्ष	moksh:2	moksha:1
मोक्षप्राप्ती	mokshaprapti:2	mokshapraptee:1
मोक्षाची	mokshachi:2	mokshachee:1
मोगरे	mogare:3
मोगल	mogal:4	moogal:1
मोगलांच्या	mogalanchya:3
मोगलांना	mogalanna:3
मोगलांनी	mogalanni:2	mogalannee:1
मोगली	mogalee:1	mogali:1	mogli:1
मोगादिशू	mogadishhu:1	mogadishu:1	mogadishuu:1	mogadisu:1
मोघे	moghe:3
मोजक्या	mojakya:3
मोजणी	mojani:2	mojanee:1
मोजणीच्या	mojanichya:2	mojaneechya:1
मोजण्याची	mojanyachi:2	mojanyachee:1
मोजण्याचे	mojanyache:3
मोजण्याच्या	mojanyachya:3
मोजण्यासाठी	mojanyasathi:2	mojanyasathee:1
मोजता	mojata:3
मोजतात	mojatat:3
मोजमाप	mojamap:2	mojmap:1
मोजला	mojala:2	mojla:1
मोजली	mojalee:1	mojali:1	mojli:1
मोजले	mojale:2	mojle:1
मोजायला	mojayala:2	mojayla:1
मोजून	mojoon:2	mojun:2
मोझिला	mozilla:2	mojhila:1
मोझेस	mojhes:2	mozes:2
मोटर	motor:4	motar:2	mootar:1	mootara:1
मोटर्स	motors:3	mootars:1	mootarsa:1	mootoors:1
मोटार	motar:2	motor:1
मोटारसायकल	motorcycle:2	motarsaykal:1
मोटोरोला	motorola:4	mootooroola:1
मोठं	motha:3
मोठमोठे	mothmothe:2	mothamothe:1
मोठमोठ्या	mothmothya:3	mothamothya:1
मोठया	mothya:3
मोठा	motha:3
मोठी	mothi:3
मोठीच	mothich:3
मोठे	mothe:3
मोठेच	mothech:3
मोठेपण	mothepan:3
मोठेपणी	mothepani:3
मोठ्या	mothya:5
मोठ्याने	mothyane:4
मोडक	modak:3
मोडणारी	modanari:2	modnari:1
मोडणारे	modanare:2	modnare:1
मोडत	modat:3
मोडतात	modatat:2	modtat:1
मोडते	modate:2	modte:1
मोडतो	modto:2	modato:1
मोडले	modle:2	modale:1	modlay:1
मोडल्यास	modalyas:1	modlyaas:1	modlyas:1
मोडी	modi:2	modee:1
मोडुन	modun:3	modoon:1
मोडून	modoon:3	modun:2
मोती	moti:3	motee:1
मोतीराम	motiram:2	moteeram:1
मोतीलाल	motilal:2	moteelal:1
मोत्या	motya:3
मोत्यांच्या	motyanchya:3
मोत्याची	motyachee:2	motyachi:1
मोदक	modak:3
मोदी	modi:3	modee:2	modii:1	mody:1
मोदींना	modeenna:2	modinna:1
मोदींनी	modinni:2	modeennee:1
मोनालिसा	monalisa:3
मोनाली	monali:3
मोनिका	monika:5	moneeka:2	moneeqa:2	monica:2
मोनॅको	monaco:1	monako:1	monaqo:1	moonacoo:1
मोफत	mofat:3
मोबदला	mobadla:2	mobadala:1
मोबदल्यात	mobadalyat:2	mobadlyaat:1
मोबाइल	mobile:4	mobail:1	mobel:1	moobail:1
मोबाइलची	mobilechi:3
मोबाईल	mobile:4	mobaila:1	mobela:1	mobiel:1
मोबाईलचा	mobilecha:2	mobailcha:1
मोबाईलच्या	mobilechya:2	mobailchya:1
मोमीन	momin:2	momeen:1
मोम्बासा	maumbasa:1	mombasa:1	moombasa:1
मोर	mor:5	more:3	moor:2	moore:2
मोरया	moraya:3
मोरारजी	morarajee:2	morarji:1
मोरूची	moruchi:2	moruchee:1
मोरे	more:4	moore:1	moorey:1	moree:1
मोरेंनी	moreni:1	morennee:1	morenni:1
मोरेश्वर	moreshvar:2	moreshwar:1
मोरेस्बी	mooresbi:1	mooresbie:1	mooresby:1	moreesbi:1
मोरो	mooroo:1	mooroow:1	moro:1	morov:1
मोरोक्को	morocco:2	morokko:2
मोरोपंत	moropant:3
मोरोपंतांनी	moropantanni:2	moropantannee:1
मोरोबा	moroba:3
मोर्चा	morcha:3
मोर्चे	morche:3
मोर्तब	mortab:3
मोर्ले	moorle:1	moorley:1	morle:1	morlee:1
मोल	mol:3	mall:1
मोलाचा	molacha:3
मोलाची	molachi:3
मोलाचे	molache:3
मोशे	moshe:3
मोसंबी	mosambi:2	mosanbi:1
मोसमात	mosamat:2	mosmat:1
मोसमी	mosami:2	mosamee:1
मोसाद	mosad:3	moosada:1	moossad:1	mosada:1
मोह	moh:3
मोहंती	mohanti:2	mohantee:1
मोहक	mohak:3
मोहन	mohan:4	mohana:1	moohan:1	moohana:1
मोहनदास	mohandas:3
मोहनलाल	mohanlal:4	mohanalala:1	moohanalala:1	moohanlal:1
मोहब्बत	mohabat:1	mohabbat:1	mohabbet:1	moohabbat:1
मोहम्मद	mohammad:6	mohamad:3	moohammad:3	mohamada:1
मोहर	mohar:4	moher:1	mohur:1	moohar:1
मोहरा	mohara:3	mohra:1
मोहरी	mohari:2	moharee:1
मोहित	mohit:4	moheet:1	mohiit:1	mooheet:1
मोहिते	mohite:3
मोहिनी	mohini:2	mohinee:2
मोहिम	mohim:3
मोहिमा	mohima:3
मोहिमांमध्ये	mohimanmadhye:3
मोहिमेचा	mohimecha:3
मोहिमेची	mohimechee:2	mohimechi:1
मोहिमेचे	mohimeche:3
मोहिमेच्या	mohimechya:3
मोहिमेत	mohimet:3
मोहिमेतील	mohimetil:2	mohimeteel:1
मोहिमेदरम्यान	mohimedarmyan:2	mohimedaramyan:1
मोहिमेमध्ये	mohimemadhye:3
मोहिमेला	mohimela:3
मोहिमेवर	mohimevar:3
मोहिमेस	mohimes:3
मोहिमेसाठी	mohimesathi:2	mohimesathee:1
मोहिले	mohile:3
मोहीम	mohim:2	moheem:1
मोहून	mohun:2	mohoon:1
मोहोळ	mohol:2	mohola:1
मौंजीबंधन	maujibandhan:2	maunjibandhan:1
मौखिक	maukhik:3
मौज	mauj:3
मौजे	mauje:3
मौन	maun:3
मौर्य	maury:1	maurya:1	mourya:1
मौलाना	malana:1	maulana:1	molana:1	moulana:1
मौलिक	maulik:3	moulik:1
मौल्यवान	maulyavan:2	maulyavaan:1	moulyavan:1
म्या	mya:3
म्यानमार	myanmar:3	myaanmaar:2	myanamara:1
म्यानमारच्या	myanmarchya:2	myanmaarchya:1
म्यानमारमधील	myanmaarmadheel:1	myanmarmadhil:1	myanmyarmadhil:1
म्यानमारमध्ये	myanmarmadhye:2	myanmaarmadhye:1
म्युझिक	music:3
म्युझियममध्ये	museummadhye:3
म्युनिक	munich:2	munic:1	munik:1
म्यूजिक	music:3
म्हटलं	mhatala:1	mhatalam:1	mhataln:1
म्हटली	mhatali:2	mhatalee:1
म्हटले	mhantle:6	mhatale:3
म्हटलेले	mhatalele:3
म्हटल्या	mhatalya:3
म्हटल्याप्रमाणे	mhatalyapramane:3
म्हण	mhan:3
म्हणजे	mhanaje:3
म्हणजेच	mhanjech:7	mhanajech:3
म्हणणारे	mhananare:3
म्हणणे	mhanne:3	mhanane:3
म्हणण्याची	mhananyachi:2	mhananyachee:1
म्हणण्यात	mhananyat:3
म्हणण्यानुसार	mhananyanusar:3
म्हणण्याप्रमाणे	mhananyapramane:3
म्हणत	mhanat:3
म्हणता	mhanata:3
म्हणतात	mhanatat:3
म्हणताना	mhanatana:3
म्हणते	mhanate:3
म्हणतो	mhanato:3
म्हणत्यात	mhanatyat:3
म्हणवतो	mhanavato:3
म्हणवून	mhanavun:3	mhanavoon:1
म्हणायची	mhanayachi:2	mhanaychi:1
म्हणायचे	mhanayache:3
म्हणायला	mhanayala:3
म्हणाल	mhanal:3
म्हणाला	mhanala:3
म्हणाली	mhanali:3
म्हणाले	mhanale:3
म्हणाल्या	mhanalya:3
म्हणावा	mhanava:3
म्हणावे	mhanave:3
म्हणी	mhani:3
म्हणुन	mhanun:3
म्हणू	mhanu:3	mhanoo:1
म्हणून	mhanun:3
म्हणूनच	mhanunach:3
म्हणूनही	mhanunahi:3
म्हणे	mhane:3
म्हशी	mhashi:3
म्हशीच्या	mhashichya:3
म्हसकर	mhasakar:2	mhaskar:1
म्हसे	mhase:3
म्हस्कोबा	mhaskoba:3
म्हातारपण	mhatarpan:3	mhatarapan:1
म्हात्रे	mhatre:3
म्हापसेकर	mhapasekar:2	mhapsekar:1
म्हेत्रे	mhetre:3
म्हैस	mhais:3
म्हैसूर	mysore:2	mhaisoor:1
म्हैसेकर	mhaisekar:3
म्होरक्या	mhorakya:3
यंग	yang:1	yaung:1	young:1
यंत्र	yantra:2	yantr:3
यंत्रणा	yantrana:3
यंत्रणांमध्ये	yantrananmadhye:3
यंत्रणेचे	yantraneche:3
यंत्रणेच्या	yantranechya:2	yantanechya:1
यंत्रमानव	yantramanav:2	yantrmanav:1
यंत्राचा	yantracha:3	yantraacha:1
यंत्राची	yantrachi:3	yantraachi:1	yantrachee:1
यंत्राचे	yantrache:2	yantraache:1	yantrachay:1
यंत्राच्या	yantrachya:3	yantraachya:1
यंत्रात	yantrat:3	yantraat:2
यंत्रातील	yantratil:2	yantraateel:1	yantrateel:1
यंत्राने	yantrane:2	yantraane:1	yantranay:1
यंत्रामुळे	yantramule:2	yantramuday:1
यंत्रे	yantray:1	yantre:1	yentre:1
यंदा	yanda:3
यकृत	yakrit:1	yakrt:1	yakrut:1
यक्ष	yaksha:2	yaksh:2	yakshya:1
यजमान	yajamaan:1	yajaman:1	yajmaan:1	yajman:1
यजमानाला	yajmanala:3	yajmaanala:1
यजुर्वेद	yajurved:3
यज्ञ	yadny:1	yadnya:1	yagya:1
यज्ञाच्या	yadnyachya:1	yagnyachya:1	yagyaachya:1	yagyachya:1
यती	yati:2	yatee:1
यत्न	yatna:2	yatan:1	yatn:1
यथा	yatha:3	yathaa:1
यथार्थ	yatharth:3
यदुनाथ	yadunath:3
यम	yam:4	yama:1	yum:1
यमधर्म	yamdharm:3
यमन	yaman:3
यमराज	yamraj:2	yamraaj:1
यमाई	yamai:3	yamayi:1
यमाला	yamala:2	yamaala:1	yamalaa:1
यमुना	yamuna:4	yamoona:1
यमुनाबाई	yamunabai:3
ययाति	yayati:2	yayaati:1
ययाती	yayati:2	yayaatee:1	yayaati:1
यवतमाळ	yavatmal:2	yavatmaad:1	yavatmad:1
यवन	yavan:3
यश	yash:6	yas:3	yashh:3	yes:2
यशपाल	yashpal:3
यशवंत	yashwant:2	yashvant:2	yashavant:1
यशवंतराव	yashavantarao:3	yashavantrav:1	yashvanrrao:1	yashvantrao:1
यशवंतरावांचा	yashavantravancha:1	yashvantaravancha:1	yashwantraoncha:1
यशश्री	yashashree:2	yashshri:1
यशस्वी	yashasvi:3	yashasvee:1	yashaswi:1	yashswi:1
यशस्वीपणे	yashaswipane:2	yashasveepane:1
यशस्वीरित्या	yashaswiritya:2	yashasveeritya:1
यशस्वीरीत्या	yashaswiritya:2	yashasviritya:1
यशाचा	yashacha:3
यशाच्या	yashachya:3
यशात	yashat:2	yashaat:1
यशानंतर	yashanantar:2	yashananter:1
यशाने	yashane:2	yashanay:1
यशामुळे	yashamule:2	yashamuday:1
यशासाठी	yashasathi:2	yashasaathi:1
यशोदा	yashoda:3
यशोदाबाई	yashodabai:3
यशोधरा	yashodhara:2	yashodhra:1
यष्टिरक्षक	yashtirakshak:3
यही	yahi:3
यहुदी	yahudi:3
या	ya:3	yeah:1
याँग	yang:1	yanga:1	yaung:1	yong:1
यांंनी	yanni:3
यांकरिता	yankarita:3
यांचं	yanch:1	yancham:1	yanchn:1
यांचा	yancha:3
यांचाही	yanchahi:3
यांची	yanchi:2	yashnchi:1
यांचीही	yanchihi:2	yachihi:1
यांचे	yanche:3
यांचेकडून	yanchekadun:3	yanchekadoon:1
यांचेकडे	yanchekade:3
यांचेही	yanchehi:3
यांच्या	yanchya:4
यांच्यांत	yanchyant:3
यांच्याकडून	yanchyakadun:2	yanchyakadoon:1
यांच्याकडूनही	yanchyakadoonahi:1	yanchyakadunahi:1	yanchyakadunhi:1
यांच्याकडे	yanchyakade:3
यांच्याकडेच	yanchyakadech:3
यांच्याच	yanchyach:3
यांच्यात	yanchyat:3
यांच्यातर्फे	yanchyatarfe:3	yanchyatarphe:1
यांच्यातल्या	yanchyatalya:3
यांच्यातील	yanchyatil:3
यांच्यातून	yanchyatoon:2	yanchyatun:1
यांच्यादरम्यान	yanchyadarmyan:2	yanchyadaramyan:1
यांच्यानंतर	yanchyanantar:3
यांच्यापर्यंत	yanchyaparyant:3
यांच्यापर्यंतच्या	yanchyaparyanachya:1	yanchyaparyantachya:1	yanchyaparyantchya:1
यांच्यापासून	yanchyapasun:2	yanchyapasoon:1
यांच्यापेक्षा	yanchyapeksha:3
यांच्याप्रमाणेच	yanchyapramanech:3
यांच्याबद्दल	yanchyabaddal:3
यांच्याबद्दलच्या	yanchyabaddalachya:2	yanchyabaddalchya:1
यांच्याबरोबर	yanchyabarobar:3
यांच्याबरोबरच	yanchyabarobarach:3
यांच्याभोवती	yanchyabhovati:3
यांच्यामते	yanchyamate:3
यांच्यामधील	yanchyamadhil:3
यांच्यामध्ये	yanchyamadhye:3
यांच्यामार्फत	yanchyamarfat:3	yanchyamarphat:1
यांच्यामुळे	yanchyamule:3
यांच्यावर	yanchyavar:3
यांच्यावरच	yanchyavarach:2	yanchyavarch:1
यांच्यावरील	yanchyavaril:2	yanchyavareel:1
यांच्याविषयी	yanchyavishayi:2	yanchyavishayee:1
यांच्याशी	yanchyashi:2	yanchyashee:1
यांच्यासमवेत	yanchyasamavet:2	yanchyasamvet:1
यांच्यासमोर	yanchyasamor:3
यांच्यासह	yanchyasah:3
यांच्यासाठी	yanchyasathi:2	yanchyasathee:1
यांच्यासारखे	yanchyasarakhe:2	yanchyasarkhe:1
यांच्यासारख्या	yanchyasarakhya:2	yanchyasarakha:1
यांच्यासोबत	yanchyasobat:3
यांच्याही	yanchyahi:2	yanchyahee:1
यांत	yant:3
यांतला	yantala:2	yantla:1
यांतही	yantahee:1	yantahi:1	yanttahi:1
यांतील	yantil:2	yanteel:1
यांतून	yantoon:2	yantun:1
यांत्रिक	yantrik:3
यांत्रिकी	yantriki:2	yantrikee:1
यांना	yanna:3
यांनाच	yannach:3
यांनाही	yannahi:2	yannaahi:1
यांनी	yanni:3	yannee:1
यांनीच	yannich:2	yanneech:1
यांनीदेखील	yannidekhil:3	yanneedekhil:1
यांनीसुद्धा	yannisuddha:3
यांनीही	yannihi:3	yannihee:1
यांने	yanne:2	yannay:1
यांपासून	yanpasoon:2	yanpasun:1
यांपैकी	yanpaiki:3
यांमधील	yanmadhil:2	yanmadheel:1
यांमध्ये	yanmadhye:4
यांमुळे	yanmule:2	yanmuday:1
यांवरही	yanvarahi:2	yanvarhee:1	yanvarhi:1
यांविषयी	yanvishayi:2	yanvishyee:1
यांशिवाय	yanshivay:2	yashivaay:1	yashivay:1
यांस	yans:3
यांसह	yansah:2	yansaha:1
यांसाठी	yansathi:2	yansaathi:1
यांसारखी	yansarakhi:2	yansaarkhi:1	yansarkhee:1
यांसारखे	yansarakhe:2	yansaarkhay:1
यांसारख्या	yansarakhya:2	yansaarkhya:1
याअंतर्गत	yaantargat:2	yanantargat:1
याआधी	yaadhi:3	yaaadhi:1
याआधीच	yaadhich:2	aadhich:1
याउपर	yaupar:3
याउलट	yaulat:3
याक	yak:4	yaak:1	yaka:1	yaq:1
याकडे	yakade:3
याकरिता	yakarita:3
याकामी	yakami:2	yakaami:1	yakamee:1
याकाळात	yakalat:3
याखेरीज	yakherij:2	yakhereej:1
याच	yach:3	yaach:1
याचं	yachan:2	yacham:1
याचदरम्यान	yachadaramyan:2	yachdarmyan:1
याचना	yachana:3
याचप्रकारे	yachprakare:2	yachaprakare:1
याचबरोबर	yachbarobar:3
याचमुळे	yachmule:2	yachamule:1
याचवेळी	yachveli:2	yachvelee:1
याचा	yacha:3
याचाच	yachach:3
याचाही	yachahi:2	yachahee:1
याचिका	yachika:3
याची	yachi:2	yachee:1
याचीही	yachihi:2	yacheehee:1
याचे	yache:3
याचें	yachen:3
याच्या	yachya:4
याच्याबरोबर	yachyabarobar:3
याच्यामुळे	yachyamule:3
याच्यावर	yachyavar:3
याच्याशी	yachyashi:2	yachyashee:1
याज्ञवल्क्य	yadhnyavalkya:1	yadnyavalkya:1	yagyavalkya:1
याज्ञिक	yadnyik:2	yagyik:1
याट	yat:3	yaat:1	yatch:1
याठिकाणी	yathikani:2	yathikanee:1
यात	yaat:13	yat:3
यातच	yatach:3
यातही	yatahi:2	yatahee:1
याती	yatee:2	yati:2
यातील	yatil:7	yateel:2
यातून	yatun:2	yatoon:3
यातूनच	yatoonach:2	yatunach:2
यात्रा	yatra:4	yatraa:1	yattra:1
यात्रेकरू	yatrekaru:3
यात्रेची	yatrechee:2	yatrechi:2
यात्रेच्या	yatrechya:3
यात्रेत	yatret:3
यात्रेदरम्यान	yatredaramyan:1	yatredarmyaan:1	yatredarmyan:1
यात्रेला	yatrela:3
यात्रेस	yatres:3
यादरम्यान	yadarmyan:2	yadaramyan:1
यादव	yadav:4	yadaa:1	yadao:1	yadaoo:1
यादवकालीन	yadavakaleen:1	yadavkaleen:1	yadavkalin:1
यादवांचा	yadavancha:3
यादवांच्या	yadavanchya:3
यादवांनी	yadavanni:2	yadavannee:1
यादवी	yadavi:2	yadavee:1
यादिवशी	yadivashi:2	yadivashee:1
यादी	yadee:2	yadi:2
यादीत	yadeet:2	yadit:2
यादीतील	yaditil:2	yadeeteel:1	yaditeel:1
यादीमध्ये	yadimadhye:2	yadeemadhye:1
यादीवर	yadivar:2	yadeevar:1
यादीही	yadeehee:2	yadihee:1
याद्वारे	yadvare:2	yadware:1
यान	yan:4	yaan:1	yana:1
यानंतर	yanantar:3
यानंतरच्या	yanantarchya:2	yanantarachya:1
याना	yana:3	yaana:2	yanaa:1
यानाचा	yanacha:2	yaanacha:1
यानिमित्त	yanimitta:2	yanimitt:1
यानिमित्ताने	yanimittane:3
यानी	yanee:3	yaani:1
यानुसार	yanusar:2	yanusaar:1
याने	yane:3	yaane:1
यानेच	yanech:3
यापासून	yapasoon:3	yapasun:1
यापुढील	yapudheel:3
यापुढे	yapudhe:4
यापुढेही	yapudayhee:1	yapudhehee:1	yapudhehi:1
यापूर्वी	yapurvi:2	yapoorvee:1	yapoorvi:1
यापेक्षा	yapeksha:3
यापैकी	yapaikee:2	yapaiki:2
याप्रकारचे	yaprakaarchay:1	yaprakaarche:1	yaprakarche:1
याप्रकारच्या	yaprakarchya:2	yaprakaarchya:1
याप्रकारे	yaprakare:2	yaprakaray:1
याप्रमाणे	yapramane:2	yapramanay:1
याप्रसंगी	yaprasangi:3
याबद्दल	yabaddal:3
याबरोबरच	yabarobarach:3
याबाबत	yababat:3	yabaabat:1
यामधील	yamadheel:2	yamadhil:1
यामधून	yamadhoon:2	yamadhun:2
यामध्ये	yamadhye:3
यामागची	yamagachi:1	yamagchee:1	yamagchi:1
यामागील	yamageel:2	yamagil:1
यामागे	yamage:3
यामुळे	yamule:4
यामुळेच	yamulech:3
यामुळेही	yamulehi:2	yamulehee:1
यायचे	yayche:3	yayache:1
यायला	yayla:3	yayala:1
यायोगे	yayoge:2	yayogay:1
यार	yaar:7	yar:3	yara:2
यार्ड	yard:4	yarda:1
याला	yala:17	yaala:2	yalaa:1
यालाच	yalach:2	yalaach:2
यावर	yavar:3	yaver:1
यावरच	yavarach:2	yaavrach:1
यावरील	yavaril:2	yavareel:1
यावरुन	yavarun:3	yavaroon:1
यावरून	yavarun:3	yavaroon:1
यावरूनच	yavarunach:3	yavaroonach:1
यावा	yava:3	yawa:1
याविषयावर	yavishayavar:3
याविषयी	yavishayi:3
यावी	yavi:2	yaavi:1	yavee:1
यावीत	yaveet:1	yavit:1	yawit:1
यावे	yave:3	yaave:2
यावेत	yavet:3
यावेळी	yaveli:3
यावेळेस	yaveles:3
याव्यतिरिक्त	yavyatirikt:2	yavyaktirikt:1
याशिवाय	yashivay:3	yashivaya:1
याशिवायही	yashivayahi:3
यास	yas:3	yaas:1
यासंदर्भात	yasandarbhat:3
यासंबंधी	yasambandhee:1	yasambandhi:1	yasanbandhi:1
यासर	yasar:3
यासर्व	yasarv:3
यासह	yasah:3
यासाठी	yasathi:7	yasaathi:1	yasathee:1
यासाठीच	yasaathich:1	yasatheech:1	yasathich:1
यासाठीही	yasaathihee:1	yasatheehee:1	yasathihi:1
यासारखी	yasarkhi:2	yasaarkhi:1	yasarakhee:1
यासारखे	yasaarkhe:1	yasarakhe:1	yasarkhe:1
यासारख्या	yasaarkhya:1	yasarakhya:1	yasarkhya:1
यासी	yasi:2	yaasi:1	yasee:1
यासुद्धा	yasuddha:3
यासोबतच	yasobatach:3
याही	yahee:2	yaahi:1
यीस्ट	yeast:4	yeest:2	east:1	est:1
युको	yuko:3	uco:2	uko:1
युक्त	yukt:3
युक्तिवाद	yuktivad:2	yuktivaad:1
युक्तीवाद	yukteevad:2	yuktivaad:1
युक्त्या	yuktya:3
युक्रेन	ukraine:1	ukren:1	yukren:1
युक्रेनच्या	ukrainechya:1	ukrenachya:1	yukrenchya:1
युक्रेनमधील	ukrainemadheel:1	ukrenamadheel:1	yukrenmadheel:1
युक्रेनमध्ये	yukrenmadhye:2	ukrainemadhye:1
युक्लीड	euclid:1	eucliid:1	yuklid:1	yukliid:1
युग	yug:4	yaag:1	yoog:1
युगंधर	yugandhar:3
युगंधरा	yugandhara:3
युगांडा	uganda:2	yuganda:2
युगात	yugaat:2	yugat:1
युगे	yuge:2	yugay:1
युजर	user:3	yujar:2
युती	yutee:2	yuti:2
युतीचा	yuteecha:3	yuticha:2
युद्ध	yudha:5	yuddha:2	yuddh:1	yudh:1
युद्धकाळात	yuddhakalat:2	yudhkadaat:1
युद्धच	yuddhach:2	yudhch:1
युद्धनौका	yuddhanauka:3
युद्धबंदी	yuddhabandee:2	yuddhabandi:1
युद्धाचा	yuddhacha:3
युद्धाची	yuddhachee:2	yuddhachi:1
युद्धाचे	yuddhache:3
युद्धाच्या	yudhachya:2	yuddhachya:3
युद्धात	yuddhat:3
युद्धातील	yuddhateel:2	yuddhatil:1
युद्धानंतर	yuddhanantar:3
युद्धामध्ये	yuddhamadhye:3
युद्धामुळे	yuddhamule:3
युद्धाला	yuddhala:3
युद्धावर	yuddhavar:3
युद्धास	yuddhas:3
युद्धासाठी	yuddhasathee:2	yuddhasaathi:1
युद्धे	yuddhe:3
युधिष्ठिर	yudhishthir:2	yudhisthir:1	yudhisthira:1
युधिष्ठिराला	yudhishthirala:2	yudhisthirala:1
युध्दाची	yuddhachee:2	yuddhachi:1
युध्दात	yuddhat:3
युनानी	yunani:2	yunanee:1
युनिट	unit:2	yunit:2
युनिव्हर्सल	universal:3	yunivharsal:1
युनिव्हर्सिटीत	universiteet:2	universitit:1	yunivharsitit:1
युनुस	yunus:3	yunoos:1
युनूस	yunoos:3	yunus:3	yuunuus:2	unus:1
युनेस्को	unesco:2	yunesko:1
युनेस्कोचे	unescoche:2	yuneskochay:1
युरेनस	uranus:3
युरेनियम	uranium:3
युरो	euro:2	yuro:2	uro:1	uroo:1
युरोप	europe:3
युरोपमधल्या	europemadhlya:2	europemadhalya:1
युरोपमधील	europemadhil:2	europemadheel:1
युरोपमध्ये	europemadhye:3
युरोपला	europela:3
युरोपा	europa:2	europea:1
युरोपात	europat:2	europeat:1
युरोपातील	europatil:2	europeatil:1
युरोपातून	europatun:2	europeatoon:1	europeatun:1
युरोपिअन	european:3
युरोपियन	europian:2	european:3	euroopean:1	europen:1
युरोपीय	europey:1	europiy:1	europiya:1
युवक	yuvak:3
युवकांना	yuvakanna:3
युवकांनी	yuvakanni:3
युवती	yuvati:3	yuvatee:1
युवराज	yuvraj:4	yuvaraja:1	yuvaraza:1	yuvraaj:1
युवा	yuva:3
युसुफ	yusuf:3
यूएस	us:3
यूपी	up:3
यूरो	euro:3
यूरोप	europe:3	euroopa:1	europa:1	eurupa:1
ये	ye:4	yea:1
येई	yei:3	yeil:1
येईन	yein:2	yeieen:1
येईना	yeina:3
येईपर्यंत	yeiparyant:3
येईल	yeil:2	yeiel:1
येऊ	yeu:4	yeoo:2
येऊन	yeun:2	yeoon:1	yeuoon:1
येजा	yeja:3
येडगाव	yedgaav:1	yedgao:1	yedgaon:1	yedgav:1
येडा	yeda:3
येडे	yede:3	yeday:1
येणार	yenar:2	yenaar:1
येणारा	yenara:2	yenaara:2
येणारी	yenari:4	yenaari:2
येणारे	yenare:6	yenaare:2	yenaaray:1	yenarey:1
येणे	yene:2	yenay:1
येणेच	yenech:2	yenaech:1
येण्या	yenya:4
येण्याआधी	yenyaadhi:3	yenyaaadhi:1
येण्याचा	yenyacha:3
येण्याची	yenyachi:3
येण्याचे	yenyache:3
येण्याच्या	yenyachya:3
येण्याजोगे	yenyajoge:2	yenyajogay:1
येण्यापूर्वी	yenyapurvi:3	yenyapoorvi:1
येण्यापूर्वीच	yenyapurvich:3	yenyapoorvich:1
येण्यास	yenyas:2	yenyaas:1
येण्यासाठी	yenyasathi:2	yenyasaathi:1
येण्यासारखे	yenyasaarkhay:1	yenyasarakhe:1	yenyasarkhay:1	yenyasarkhe:1
येत	yet:4	yeat:1
येतं	yet:2	yetan:1
येता	yeta:3
येताच	yetach:2	yetaach:1
येतात	yetat:3	yetaat:1
येताना	yetana:3
येती	yeti:3	yetee:2
येतील	yeteel:2	yetil:2
येते	yete:2	yetay:1
येतो	yeto:5
येथिल	yethil:3	yetheel:1
येथील	yethil:40	yetheel:2
येथुन	yethun:3
येथून	yethun:6	yethoon:3
येथूनच	yethunach:3	yethoonach:2
येथूनही	yethunahi:3	yethoonahi:1
येथे	yethe:2	yethey:1
येथेच	yethech:4	yethaych:1	yetheych:1
येथेही	yethehi:2	yethahee:1	yethayhi:1
येमेन	yemen:4	yeemeen:1
येयील	yeyil:2	yeiel:1
येरवडा	yeravada:1	yervada:1	yervda:1	yerwada:1
येळ्ळूर	yellur:2	yeddoor:1
येवला	yevla:2	yevala:1
येवून	yevun:3	yevoon:1
येशिल	yeshil:3
येशू	yeshu:3
येशूने	yeshune:2	yeshunay:1
येशूला	yeshula:3
येस	yes:2	ais:1	es:1	yais:1
येसूबाई	yesubai:3
यॉर्क	york:4	yark:1	yarqa:1	yaurk:1
योकोहामा	yokohama:1	yookoohama:1	yoqohama:1
योग	yog:4	yoga:1	yoog:1	yooga:1
योगदान	yogdaan:2	yogadan:1	yogdan:1
योगदानाचे	yogadanache:1	yogdanachay:1	yogdanache:1
योगदानाबद्दल	yogadanabaddal:2	yogdanabaddal:1
योगदानामुळे	yogadanamule:2	yogdanamuday:1
योगदानासाठी	yogdanasaathi:2	yogadanasathee:1
योगा	yoga:3
योगाचा	yogacha:3	yogaacha:1
योगाच्या	yogachya:3
योगाभ्यास	yogabhyas:2	yogabhyaas:1
योगामध्ये	yogamadhye:3
योगामुळे	yogamule:2	yogamuday:1
योगायोगाने	yogayogane:2	yogayogaanay:1	yogayogaane:1
योगावर	yogavar:2	yogaver:1	yogawer:1
योगासने	yogasane:3	yogasnay:1
योगी	yogi:3	yogee:2	yogii:1	yoogee:1
योगीराज	yogiraj:2	yogeeraj:1	yogiraaj:1
योगे	yoge:2	yogay:1
योगेश	yogesh:3
योगेश्वरी	yogeshwari:2	yogaeshwari:1	yogeshvaree:1
योग्य	yogya:3
योग्यता	yogyata:2	yogyta:1
योग्यतेचे	yogyateche:2	yogyatechay:1
योग्यप्रकारे	yogyaprakare:2	yogyaprakaray:1
योजतात	yojataat:1	yojatat:1	yojtaat:1
योजना	yojana:2	yojna:1
योजनांची	yojananchee:1	yojananchi:1	yojnanchi:1
योजनांना	yojananna:2	yojnanna:1
योजनांसाठी	yojanansathee:1	yojanansathi:1	yojnansaathi:1
योजनाही	yojanahee:1	yojanahi:1	yojnaahi:1
योजनेअंतर्गत	yojaneantargat:2	yojnayantargat:1	yojneantargat:1
योजनेचा	yojanecha:2	yojnaycha:1	yojnecha:1
योजनेची	yojanechee:1	yojanechi:1	yojnaychi:1	yojnechi:1
योजनेचे	yojaneche:2	yojnaychya:1	yojnechya:1
योजनेच्या	yojanechya:2	yojnaychya:1	yojnechya:1
योजनेत	yojanet:2	yojnaet:1	yojnayt:1
योजनेतील	yojaneteel:1	yojanetil:1	yojnayteel:1	yojneteel:1
योजनेने	yojanene:2	yojnaynay:1	yojnenay:1
योद्धा	yoddha:2	yodha:1
योद्धे	yoddhe:2	yodhay:1
योनी	yonee:2	yoni:2
योनीचे	yoneechay:1	yoneeche:1	yonichay:1	yoniche:1
योसेफ	yosef:3	yosafe:1	yoseph:1
योहान	yohan:3	yohaan:1
रंकाळा	rankala:2	rankada:1
रंग	rang:5	rung:1
रंगकर्मी	rangakarmee:1	rangakarmi:1	rangkarmi:1
रंगत	rangat:3
रंगतदार	rangatdar:2	rangatadar:1
रंगते	rangate:2	ranget:1
रंगनाथ	ranganath:3
रंगनाथन	ranganathan:3
रंगपंचमीच्या	rangapanchamichya:2	rangapanchameechya:1
रंगभूमी	rangabhumi:2	rangabhoomee:1
रंगभूमीकडे	rangabhumikade:2	rangabhoomeekade:1
रंगभूमीच्या	rangabhoomeechya:1	rangabhumichya:1	rangbhumichya:1
रंगभूमीवर	rangabhoomeevar:1	rangabhumivar:1	rangbhumivar:1
रंगभूमीवरील	rangabbhumivaril:1	rangabhoomeevareel:1	rangbhumivareel:1
रंगभूषा	rangabhoosha:1	rangabhusha:1	rangbhusha:1
रंगभूषाकार	rangabhooshakar:1	rangabhushakar:1	rangbhushakaar:1
रंगमंच	rangamanch:2	rangmanch:1
रंगमंचावर	rangamanchavar:2	rangmanchavar:1
रंगमंचीय	rangamancheey:1	ranganachiy:1	rangmanchiy:1	rangmanchiya:1
रंगरंगोटी	rangarangoti:2	rangarangotee:1
रंगवली	rangavali:3
रंगवले	rangavale:3
रंगवलेला	rangavalela:3
रंगवलेली	rangavaleli:3
रंगवलेले	rangavalele:3
रंगवलेल्या	rangavalelya:3
रंगसंगती	rangasangati:2	rangsangati:1
रंगहीन	rangahin:2	ranghin:1
रंगा	ranga:4	rangaa:1	ranggaa:1
रंगांचा	rangancha:3
रंगांची	ranganchi:3
रंगांचे	ranganche:3
रंगांच्या	ranganchya:3
रंगांमध्ये	ranganmadhye:3
रंगांमुळे	ranganmule:3
रंगाचा	rangacha:3
रंगाचे	rangache:3
रंगात	rangat:3
रंगातील	rangatil:3
रंगाने	rangane:3
रंगामध्ये	rangamadhye:2	rangmadhye:1
रंगामुळे	rangamule:3
रंगासाठी	rangasathi:2	rangasaathi:1
रंगीत	rangit:2	rangeet:1
रंगीबेरंगी	rangiberangi:3
रंगेल	rangel:3
रंजक	ranjak:3
रंजन	ranjan:4	ranzan:1
रंजना	ranjana:3
रंधा	randha:3
रकमी	rakami:3	rakmee:1
रकमेच्या	rakamechya:3	rakmechya:1
रकमेत	rakamet:3
रक्कम	rakkam:3
रक्त	rakta:2	rakt:4
रक्तगट	raktagat:3
रक्तदान	raktadan:2	raktadaan:1
रक्तदाब	raktadab:2	raktadaab:1
रक्तपुरवठा	raktapurvatha:2	raktpurvatha:1
रक्तपेशी	raktapeshi:2	raktpeshi:1
रक्तप्रवाह	raktapravah:2	raktpravah:1
रक्तप्रवाहात	raktapravahaat:1	raktapravahat:1	raktpravahat:1
रक्तबंबाळ	raktabambaal:1	raktabambal:1	raktbambal:1
रक्तवाहिनी	raktavahini:2	raktvahini:1
रक्तवाहिन्या	raktavahinya:2	raktvahinya:1
रक्तशर्करा	raktasharkara:2	raktsharkara:1
रक्तस्त्राव	raktastraav:1	raktastrav:1	raktstrav:1
रक्तस्राव	raktastrav:2	raktstrav:1
रक्ताचा	raktacha:3
रक्ताची	raktachi:3
रक्ताचे	raktache:3
रक्ताच्या	raktachya:3
रक्तात	raktat:2	raktaat:1
रक्तातील	raktatil:2	raktateel:1
रक्तामध्ये	raktamadhye:3
रक्षक	rakshak:3
रक्षण	rakshan:3
रक्षणकर्ता	rakshankarta:2	rakshanakarta:1
रक्षणाची	rakshanachi:3
रक्षणासाठी	rakshanasathi:2	rakshanasaathi:1
रक्षा	raksha:3
रक्षाबंधन	rakshabandhan:3
रखरखीत	rakharakhit:1	rakhrakheet:1	rakhrakhit:1
रग्बी	ragbee:1	ragbi:1	ragbii:1	rugbee:1
रघुनाथ	raghunath:3
रघुनाथराव	raghunathrao:3
रघुपती	raghupati:3	raghupatee:1
रघुराम	raghuram:3
रघुवंश	raghuvansh:3
रघुवीर	raghuveer:2	raghuvir:1
रचण्याचा	rachnyacha:2	rachanyacha:1
रचतात	rachatat:2	rachtat:1
रचना	rachana:2	rachna:1
रचनांचे	rachananche:2	rachnanche:1
रचनाकार	rachanakaar:1	rachanakar:1	rachnakar:1
रचनात्मक	rachanatmak:2	rachnatmak:1
रचनाही	rachanahi:2	rachnahi:1
रचनेचा	rachanecha:2	rachnecha:1
रचनेत	rachanet:2	rachnet:1
रचनेमध्ये	rachanemadhye:2	rachnemadhye:1
रचनेमुळे	rachanemule:3
रचला	rachala:2	rachla:1
रचली	rachali:2	rachli:1
रचले	rachale:3
रचलेला	rachalela:2	rachlela:1
रचलेली	rachaleli:3
रचलेले	rachalele:2	rachlele:1
रचलेल्या	rachalelya:2	rachlelya:1
रचल्या	rachalya:2	rachlya:1
रचित	rachit:3
रचून	rachun:2	rachoon:1
रज	raj:3
रजत	rajat:3
रजनी	rajni:3	rajini:1
रजनीकांत	rajinikanth:2	rajnikant:2	rajnikanth:1
रजनीश	rajneesh:3	rajnish:1
रजा	raja:6	raza:3	rja:2	rajaa:1
रजिस्ट्रार	registrar:3
रजोनिवृत्ती	rajonivratti:1	rajonivritee:1	rajonivriti:1	rajonivrutti:1
रझा	rajha:3	raza:1
रझिया	rajhiya:3	raziya:1
रडत	radat:4
रडार	radar:4	radara:1	rador:1
रण	ran:3
रणगाडा	ranagaada:1	ranagada:1	rangada:1
रणगाडे	ranagade:2	rangade:1
रणजित	ranjit:4	ranajita:1	ranazita:1	ranjeet:1
रणजी	ranajee:1	ranaji:1	ranji:1
रणतुंगा	rantunga:2	ranatunga:1
रणथंबोर	ranthambor:2	ranathambor:1
रणदिवे	randive:2	ranadive:1
रणधीर	randheer:2	randhir:2
रणबीर	ranbir:2	ranbeer:1
रणभूमीवर	ranbhumivar:2	ranbhoomeevar:1	ranbhoomivar:1
रणसुभे	ransubhe:3
रणांगणावर	rananganavar:3
रणात	ranat:3
रतन	ratan:3
रतनवाडी	ratanwadi:2	ratanvadi:1	ratnavadi:1
रति	rati:3
रतीब	ratib:2	rateeb:1
रत्न	ratna:4
रत्नप्रभा	ratnaprabha:3
रत्नमाला	ratnamala:3
रत्ना	ratna:4	retna:1
रत्नाकर	ratnakar:3
रत्नागिरी	ratnagiri:3
रत्ने	ratne:3
रथ	rath:3
रथाच्या	rathachya:3	rathaachya:1
रथाला	rathala:2	rathaala:1
रद्द	radda:2	radd:1
रद्दी	raddi:3	raddee:1
रनर	runner:4	ranar:3	raner:1	runar:1
रफ	rough:3	raf:2	ruf:1
रफी	rafi:4	rafee:1	raffi:1	raffii:1
रब्बी	rabbi:4	rabbii:2	rabi:2	rubbi:2
रमजान	ramjan:2	ramjaan:1
रमण	raman:4	raaman:1	ramana:1
रमणबाग	ramambag:1	ramanbag:1	ramanbaug:1
रमणीय	ramaniy:1	ramaniya:1	ramniy:1
रमले	ramale:2	ramle:1
रमल्या	ramalya:2	ramlya:1
रमा	rama:3
रमाई	ramai:3
रमाकांत	ramakant:3
रमाबाई	ramabai:3
रमाबाईंनी	ramabainni:3
रमेश	ramesh:4	rameesh:1	rames:1	rameshh:1
रम्य	ramya:2	ramy:1
रयत	rayat:3
रयतेचा	rayatecha:2	raytecha:1
रयतेला	rayatela:2	raytela:1
रया	raya:3
रव	rav:2	rava:1
रवा	rava:3
रवानगी	ravagani:1	ravanagi:1	ravangi:1
रवाना	ravana:3
रवि	ravi:3
रविंद्र	ravindra:2	ravindr:1
रविकिरण	ravikiran:3
रविन्द्र	raviindra:1	ravindr:1	ravindra:1
रविवार	ravivar:2	raviwar:1
रविवारी	ravivari:2	raviwari:1
रविशंकर	ravishankar:3
रवी	ravi:4	ravii:1	rawi:1
रवींद	ravind:3
रवींद्र	ravindra:2	raveendr:1	ravindr:1
रवींद्रनाथ	ravindranath:2	raveendranath:1
रवीचा	ravicha:2	raveecha:1
रवीच्या	ravichya:2	raveechya:1
रवीन्द्र	raveendr:1	ravindr:1	ravindra:1
रव्याच्या	ravyachya:3
रशियन	russian:2	rashhiyana:1	rashiyan:1	rashiyana:1
रशिया	russia:3	rashiya:2	rashhia:1	rashhiaa:1
रशियाचा	russiacha:2	rashiyacha:1
रशियाची	russiachi:2	rashiyachee:1
रशियाचे	russiache:2	rashiyache:1
रशियाच्या	russiachya:2	rashiyachya:1
रशियात	russiat:2	rashiyat:1
रशियातील	russiatil:2	rashiyateel:1	russiateel:1
रशियाने	russiane:2	rashiyane:1
रशियामध्ये	russiamadhye:2	rashiyamadhye:1
रशियाला	russiala:2	rashiyala:1
रशियावर	russiavar:2	rashiyavar:1
रश्दी	rasdee:1	rasdi:1	rashdee:1	rashdi:1
रस	ras:4	rasa:1	rus:1
रसद	rasad:3
रसरशीत	rasrashit:2	rasarashit:1	rasrasheet:1
रसाचे	rasache:3
रसातून	rasatun:3	rasatoon:1
रसायन	rasayan:3
रसायनशास्त्र	rasayanshastra:2	rasayananshastra:1
रसायनशास्त्रज्ञ	rasayananshastradny:1	rasayanshastradhnya:1	rasayanshastragna:1
रसायनशास्त्राचे	rasayanshastrache:2	rasayananshastrache:1
रसायनशास्त्रातील	rasayanshastratil:3
रसायनांचे	rasayananche:3
रसायनाचे	rasayanache:3
रसायने	rasayane:2	rasayne:1
रसाळ	rasal:3
रसिक	rasik:3
रसिकता	rasikata:3
रसिकतेने	rasiktene:2	rasikatene:1
रसिका	rasika:3
रसिकांच्या	rasikanchya:3
रसिकांना	rasikanna:3
रसेल	rasel:4	russel:3	russeel:2	raseel:1
रस्किन	ruskin:3	raskin:2	raskeen:1	raskiin:1
रस्ता	rasta:3
रस्ते	raste:3
रस्तेबांधणी	rastebandhani:2	rastebadhani:1
रस्त्यांची	rastyanchi:3
रस्त्यांचे	rastyanche:3
रस्त्यांच्या	rastyanchya:3
रस्त्यांवर	rastyanvar:3
रस्त्याची	rastyachi:3
रस्त्याचे	rastyache:3
रस्त्याच्या	rastyachya:3
रस्त्यात	rastyat:3
रस्त्यातील	rastyatil:3
रस्त्याने	rastyane:3
रस्त्याला	rastyala:3
रस्त्यावर	rastyavar:3
रस्त्यावरील	rastyavaril:2	rastyavareel:1
रस्त्यावरून	rastyavarun:2	rastyavaroon:1
रस्सा	rassa:3
रहमान	rahman:4	rehman:3	rahamana:2	rahaman:1
रहस्य	rahasya:2	rahasy:1
रहस्यकथा	rahasyakatha:3
रहा	raha:3
रहाटणी	rahatanee:1	rahatani:1	rahatni:1
रहाणार	rahanar:3
रहाणारे	rahanare:3
रहाणे	rahane:3
रहाण्याची	rahanyachi:2	rahanyachee:1
रहाण्यासाठी	rahanyasathi:2	rahanyasathee:1
रहात	rahat:3
रहाता	rahata:3
रहातात	rahatat:3
रहाते	rahate:3
रहातो	rahato:3
रहायला	rahayla:2	rahayala:1
रहावयास	rahavayaas:1	rahavayas:1	rahavyaas:1	rahavyas:1
रहावे	rahave:4	rahawe:2
रहित	rahit:3
रहिवाशांचे	rahivashaanche:1	rahivashanche:1	rahivashanchey:1
रहिवाशी	rahivashi:2	rahivaashi:1	rahiwashi:1
रहिवासी	rahiwasi:2	rahivaasi:1	rahivasi:1	ranhivasi:1
रहीम	raheem:2	rahim:2
रहेजा	raheja:3
रांग	rang:2	raang:1
रांगडा	raangda:1	rangada:1	rangda:1
रांगणेकर	ranganekar:1	rangekar:1	rangnekar:1
रांगा	ranga:3
रांगात	rangat:3
रांगेच्या	rangechya:3
रांगेत	ranget:3
रांगेतील	rangetil:2	rangeteel:1
रांगेला	rangela:3
रांगेवर	rangevar:3
रांगोळी	rangoli:2	rangolee:1
रांगोळीकार	rangolikar:2	rangoleekar:1
रांगोळीला	rangolila:2	rangoleela:1
रांची	ranchi:3	ranchee:2	ranchii:1
रांजण	ranjan:3
रांजणी	ranjani:3
राईट	right:3	write:1
राऊत	raut:2	rauut:1
राऊळ	raul:3
राकेश	rakesh:3
राक्षस	rakshas:3
राक्षसी	rakshasi:2	rakshasee:1
राख	rakh:2	rakha:1
राखण	rakhan:3
राखणे	rakhane:3
राखण्याची	rakhanyachi:2	rakhanyachee:1
राखण्यास	rakhanyas:3
राखण्यासाठी	rakhanyasathi:3
राखत	rakhat:3
राखली	rakhali:3
राखले	rakhale:3
राखाडी	rakhadi:3
राखी	rakhi:4	rakhii:1	raqhi:1
राखीला	rakhila:3
राखीव	rakhiv:2	rakheev:1
राखुन	rakhun:3
राखून	rakhun:3
राखेच्या	rakhechya:3
राख्या	rakhya:3
राग	raga:4	rag:3	raag:2
रागही	ragahi:3
रागाचा	ragacha:3
रागाची	ragachi:3
रागात	ragat:3
रागातील	ragatil:3
रागावलेल्या	ragavalelya:3
राघव	raghav:3
राघोबा	raghoba:3
राज	raj:6	raaj:1	raaz:1	raz:1
राजकन्या	rajkanya:3
राजकारण	rajkaran:3
राजकारणाकडे	rajkaranakade:3
राजकारणाचा	rajkaranacha:3
राजकारणाची	rajkaranachi:3
राजकारणाचे	rajkaranache:3
राजकारणात	rajkaranat:3
राजकारणातील	rajkaranatil:2	rajakaranatil:1
राजकारणातून	rajkaranatun:2	rajkaranatoon:1
राजकारणामध्ये	rajkaranamadhye:3
राजकारणाला	rajkaranala:3
राजकारणावर	rajkaranavar:3
राजकारणी	rajkarni:3	rajkarani:3
राजकारण्यांना	rajkaranyanna:3
राजकारण्यांनी	rajkaranyanni:3
राजकिय	rajkiy:2	rajkiya:1
राजकीय	rajkiya:4	rajkiy:2	rajakiya:1
राजकुमार	rajkumar:4	raajkumar:1	raajqumar:1	raazkumar:1
राजकुमारी	rajkumari:3
राजकोट	rajkot:4	rajakoota:1	rajakota:1	rajaqota:1
राजगड	rajgad:3
राजगुरुनगर	rajgurunagar:3
राजगुरू	rajguru:2	rajguroo:1
राजघराणे	rajgharane:3
राजघराण्याचा	rajgharanyacha:2	rajgharanyachya:1
राजघराण्याची	rajgharanyachi:3
राजघराण्यातील	rajgharanyatil:2	rajgharanyateel:1
राजदरबार	rajdarbar:2	rajdarbarat:1
राजदूत	rajdoot:2	rajdut:1
राजद्रोहाचा	rajdrohacha:3
राजधर्म	rajdharm:3
राजधानी	rajdhani:14	rajdhaani:2
राजधानीची	rajdhaanichi:2	rajdhanichee:1	rajdhanichi:1
राजधानीचे	rajdhaniche:2	rajdhaanichay:1	rajdhanichay:1
राजधानीत	rajdhaneet:2	rajdhaaneet:1	rajdhanit:1
राजन	rajan:4
राजनाथ	rajnath:3
राजनीती	rajniti:2	rajneeti:1
राजनैतिक	rajnaitik:3
राजपत्रात	rajpatrat:3
राजपुत्र	rajputra:3
राजपूत	rajpoot:3	rajput:2	rajaputa:1	rajapuuta:1
राजभवन	rajbhavan:3
राजभाषा	rajbhasha:3
राजमाची	rajmachi:2	rajmachee:1
राजमाता	rajmata:3
राजमार्ग	rajmarg:3
राजमुंद्री	rajmundri:2	rajmundree:1
राजरोस	rajros:3
राजर्षी	rajarshi:2	rajashree:1
राजवंश	rajvansh:2	rajvansha:1
राजवट	rajvat:3
राजवटीचा	rajvaticha:2	rajvateecha:1
राजवटीची	rajvatichi:2	rajvateechee:1
राजवटीच्या	rajvatichya:2	rajvateechya:1
राजवटीत	rajvatit:2	rajvateet:1
राजवाडा	rajvada:2	rajwada:1
राजवाडे	rajvade:2	rajwade:1
राजवाड्यात	rajawadyat:2	rajvadyaat:1	rajvadyat:1	rajwadyat:1
राजशेखर	rajshekhar:3
राजश्री	rajashree:2	rajashri:1	rajshri:1
राजसत्ता	rajsatta:2	rajasatta:1
राजसत्तेच्या	rajsattechya:2	rajasattechya:1
राजस्थान	rajasthan:4	rajastan:1	rajasthana:1	razastan:1
राजस्थानचा	rajasthancha:3
राजस्थानची	rajasthanchi:2	rajasthanchee:1
राजस्थानचे	rajasthanche:3
राजस्थानच्या	rajasthanchya:2	rajasthanachya:1
राजस्थानमधील	rajasthanmadhil:2	rajasthanmadheel:1
राजस्थानमध्ये	rajasthanmadhye:3
राजस्थानला	rajasthanla:3
राजस्थानात	rajasthanat:3
राजस्थानातल्या	rajasthanatlya:2	rajasthanatalya:1
राजस्थानातील	rajasthanateel:1	rajasthanatil:1	rajsthanatil:1
राजस्थानातून	rajasthanatoon:2	rajasthanatun:2
राजस्थानी	rajasthani:2	rajasthanee:1
राजहंस	rajhans:2	rajhansa:1
राजा	raja:4	raajaa:1	raazaa:1	raza:1
राजांचा	rajancha:3
राजांची	rajanchi:2	rajanchee:1
राजांचे	rajanche:3
राजांच्या	rajanchya:3
राजांना	rajanna:3
राजांनी	rajanni:2	rajannee:1
राजाकडून	rajakadoon:2	rajakadun:2
राजाच	rajach:4
राजाचा	rajacha:3
राजाची	rajachi:2	rajachee:1
राजाचे	rajache:4
राजाच्या	rajachya:3
राजाध्यक्ष	rajadhyaksh:2	rajadhyaksha:1
राजाने	rajane:4
राजापूर	rajapur:2	rajapoor:2
राजाभाऊ	rajabhau:3
राजाराम	rajaram:3
राजारामच्या	rajaramchya:3
राजारामाच्या	rajaramachya:3
राजाला	rajala:3
राजाश्रय	rajashray:3
राजी	raji:3	raaji:1
राजीनामा	rajinama:3
राजीव	rajeev:2	rajiv:1
राजू	rajoo:2	raju:2	raaju:1	raajuu:1
राजूरकर	rajoorkar:3	rajurkar:1
राजे	raje:3
राजेंद्र	rajendra:4	raajeendra:1	raajendra:1	raazendra:1
राजेंना	rajenna:3
राजेपद	rajepad:3
राजेळी	rajeli:2	rajelee:1
राजेश	rajesh:5	rajeesh:1	rajeesha:1	rajes:1
राजेशाही	rajeshahi:2	rajeshahee:1
राजोपाध्ये	rajopadhye:3
राज्य	rajya:4	rajy:1
राज्यकर्ता	rajyakarta:3
राज्यकर्ती	rajyakarti:3
राज्यकर्ते	rajyakarte:3
राज्यकर्त्यांनी	rajyakartyanni:3	rajyakartyannee:1
राज्यकारभार	rajyakarbhar:2	rajyakaarbhaar:1	rajyakarbhaar:1
राज्यकारभाराची	rajyakaarbharachi:1	rajyakarbhaarachi:1	rajyakarbharachi:1
राज्यक्रांती	rajyakranti:3
राज्यघटना	rajyaghatna:2	rajyaghatana:1
राज्यघटनेच्या	rajyaghatnechya:2	rajyaghatanechya:1
राज्यघटनेनुसार	rajyaghatnenusar:2	rajyaghatanenusar:1
राज्यपाल	rajyapal:3
राज्यपालांचा	rajyapalancha:3
राज्यभर	rajyabhar:3
राज्यभरात	rajyabharat:3
राज्यमंत्री	rajyamantri:2	rajyamantree:1
राज्यविस्तार	rajyavistar:3
राज्यव्यापी	rajyavyapi:2	rajyavyapee:1
राज्यशासन	rajyashasan:3
राज्यशास्त्र	rajyashastra:3
राज्यसभा	rajyasabha:3
राज्यसभेचे	rajyasabheche:3
राज्यसभेच्या	rajyasabhechya:3
राज्यसभेत	rajyasabhet:3
राज्यसभेवर	rajyasabhevar:2	rajyadsabhevar:1
राज्यस्तरीय	rajyastariya:2	rajyastariy:1
राज्यांचा	rajyancha:3
राज्यांची	rajyanchi:3
राज्यांचे	rajyanche:3
राज्यांच्या	rajyanchya:3
राज्यांत	rajyant:3
राज्यांतील	rajyantil:3
राज्यांतून	rajyantun:3
राज्यांना	rajyanna:3
राज्यांनी	rajyanni:3
राज्यांपैकी	rajyanpaiki:3
राज्यांमधून	rajyanmadhun:3
राज्यांमध्ये	rajyanmadhye:3
राज्यांवर	rajyanvar:3
राज्याचा	rajyacha:3
राज्याची	rajyachi:3
राज्याचे	rajyache:2	rajyanche:1
राज्याच्या	rajyachya:3
राज्यात	rajyat:3
राज्यातल्या	rajyatalya:3
राज्यातील	rajyatil:3
राज्यातून	rajyatun:3
राज्याने	rajyane:3
राज्याभिषेक	rajyabhishek:3
राज्याभिषेकाचा	rajyabhishekacha:3
राज्याभिषेकाच्या	rajyabhishekachya:2	rajyabhishekanchya:1
राज्याभिषेकानंतर	rajyabhishekanantar:2	rajyabhishekannantar:1
राज्याभिषेकाला	rajyabhishekala:3
राज्यामधील	rajyamadhil:3
राज्यामध्ये	rajyamadhye:3
राज्याला	rajyala:2	rajyals:1
राज्यावर	rajyavar:3
राज्याशी	rajyashi:3
राज्ये	rajye:3
राठ	rath:3
राठोड	rathod:3
राणा	rana:4	raana:1
राणी	rani:4	ranee:1	ranii:1	rany:1
राणीकडे	ranikade:3
राणीचा	ranicha:3
राणीची	ranichi:3
राणीच्या	ranichya:3
राणीनं	ranin:1	ranina:1	raninn:1
राणीने	ranine:3
राणीला	ranila:3
राणे	rane:3
रात	rat:2	raat:1
रातराणी	raatrani:1	ratarani:1	ratrani:1
रात्र	raatra:2	ratra:2
रात्रंदिवस	ratrandivas:2	ratradivas:1
रात्रभर	ratrabhar:2	raatrabhar:1
रात्री	ratri:3
रात्रीचे	ratriche:3
रात्रीच्या	ratrichya:3
रात्रीच्यावेळी	ratrichyaveli:3
रात्रीपर्यंत	ratriparyant:2	ratriparyanta:1
राधा	radha:4	raadha:1
राधाकृष्णन	radhakrushnan:2	radhakrushanna:1
राधानगरी	radhanagari:2	radhanagri:1
राधाबाई	radhabai:3
राधिका	radhika:4	radheeka:1	radheeqa:1	radhiika:1
राधेच्या	radhechya:3
रान	ran:3	raan:2
रानटी	ranati:3	ranatee:1
रानडुकरे	randukare:2	randukade:1
रानडुक्कर	randukkar:3
रानडे	ranade:2	rande:1
रानांत	ranant:3
रानात	ranat:2	ranaat:1
राने	rane:2	raane:1
राफ्टिंग	rafting:3
राब	rab:3
राबवता	rabavata:2	rabavta:1
राबवली	rabavali:2	rabavlee:1
राबवले	rabavale:2	rabavle:1
राबवायला	rabavayala:1	rabavayla:1	rabvayla:1
राबविण्यात	rabavinyat:2	rabvinyat:1
राबवित	rabavit:2	rabvit:1
राबविले	rabavile:2	rabvile:1
राबविल्या	rabavilya:2	rabvilya:1
राबवीत	rabavit:1	rabveet:1	rabvit:1
राबवून	rabavoon:1	rabvoon:1	rabvun:1	rabwoon:1
राम	ram:4
रामकृष्ण	ramkrishna:2	ramakrishna:1	ramakrisna:1	ramaqrisna:1
रामगड	ramgad:3
रामचंद्र	ramchandra:3
रामचंद्रन	ramchandran:3
रामचंद्रपंत	ramchandrapant:3
रामचंद्रांच्या	ramchandranchya:3
रामजी	ramji:3	raamaji:1	raamajii:1	raamazi:1
रामजोशी	ramjoshi:3
रामटेक	ramtek:3
रामदास	ramdas:3
रामदासांची	ramdasanchi:2	ramdasanchee:1
रामदासांच्या	ramdasanchya:3
रामदासांनी	ramdasanni:2	ramdasannee:1
रामदासी	ramdasi:2	ramdasee:1
रामन	raman:3
रामनाथ	ramnath:3
रामनाम	ramnam:3
रामपूर	rampoor:3	rampur:2	ramapura:1	ramapuura:1
रामप्रसाद	ramprasad:3
रामबाग	rambag:2	rambaug:1
रामभाऊ	rambhau:3
राममनोहर	rammanohar:3
राममोहन	rammohan:2	rammohsn:1
रामरक्षा	ramraksha:2	rampaksha:1
रामराज्य	ramrajya:3
रामराव	ramrav:2	ramrao:1
रामलिंग	ramling:3
रामशास्त्री	ramshasrtee:1	ramshastree:1	ramshastri:1
रामशेज	ramshej:3
रामसिंग	ramsing:2	ramsingh:1
रामस्वामी	ramswamee:2	ramswami:1
रामा	rama:4	raamaa:1
रामाचा	ramacha:3
रामाची	ramachee:3
रामाचे	ramache:3
रामाच्या	ramachya:3
रामानंद	ramanand:3
रामानुजन	ramanujan:3
रामाने	ramane:3
रामायण	ramayan:4	ramaayan:1	ramayana:1
रामायणाचा	ramayanacha:3
रामायणाचे	ramayanache:3
रामायणाच्या	ramayanachya:3
रामायणात	ramayanat:3
रामायणातील	ramayanateel:2	ramayanatil:1
रामाराव	ramarav:2	ramarao:1
रामाला	ramala:3
रामावर	ramavar:2	ramaver:1	ramawer:1
रामास्वामी	ramaswami:2	ramasvamee:1
रामेश्वर	rameshwar:2	rameshvar:1
राय	rai:3	ray:3	raya:3	raii:2
रायकर	raykar:2	raikar:1
रायगड	raigad:2	raygad:2	raigarh:1
रायगडाची	raigadachi:1	raigarhachi:1	raygadachee:1	raygadachi:1
रायगडाला	raygadala:2	raigadala:1	raigarhla:1
रायगडावर	raygadavar:3
रायचूर	raychoor:3
रायझिंग	rising:3	rayjhing:1	raysing:1	rayzing:1
रायडिंग	riding:2	rayading:1	rayding:1
रायते	rayate:2	rayte:1
रायपूर	raypoor:4	raipoor:1	raipur:1	raipuur:1
रायफल	raifal:1	rayafal:1	rayfal:1	riffle:1
रायबरेली	raybarelee:2	raybareli:1
रायलसीमा	rayalseema:3
रायसोनी	raysonee:2	rayasoni:1
राया	raya:3
रायाजी	rayajee:2	rayaji:1
राल्फ	ralf:5	ralph:3	ralfa:2	ralpha:2
राळेगाव	raalegao:1	radegaav:1	ralegao:1	ralegav:1
राव	rav:4	rao:2	rava:2	rawa:2
रावजी	raoji:1	ravajee:1	ravaji:1	ravji:1
रावण	ravan:4	rawan:2	raavan:1	raavana:1
रावणाचा	ravanacha:3
रावणाच्या	ravanachya:3	raavnachya:1
रावणाने	ravanane:3	ravananey:1
रावणाला	ravanala:3	rawanala:1
रावसाहेब	ravsaheb:2	raosaheb:1
राशी	rashi:2	rashee:2
राशींचा	rasheencha:2	rashincha:1
राशीत	rasheet:2	rashit:1
राशीतून	rasheetoon:2	rashitoon:1
राष्ट्र	rashtra:3
राष्ट्रकुल	rashtrakul:3
राष्ट्रकूट	rashtrakoot:2	rashtrakut:1
राष्ट्रगीत	rashtrageet:3	rashtragit:1
राष्ट्रध्वज	rashtradhvaj:2	rashtradvaj:1
राष्ट्रध्वजाचा	rashtradhvajacha:1	rashtradvajacha:1	rashtradwajacha:1
राष्ट्रपती	rashtrapati:3
राष्ट्रपतींचे	rashtrapatinche:3	rashtrapatinchey:1
राष्ट्रपतींनी	rashtrapatinni:3
राष्ट्रपतीपदाच्या	rashtrapatipadachya:2	rashtrapateepadachya:1
राष्ट्रपुरुषांची	rashtrapurushanchi:2	rashtrapurushanchee:1
राष्ट्रप्रमुख	rashtrapramukh:3
राष्ट्रभाषा	rashtrabhasha:3
राष्ट्रवाद	rashtravad:3	rashtrawad:1
राष्ट्रवादाच्या	rashtravadachya:3
राष्ट्रवादी	rashtravadi:2	rashtravadee:1	rashtrawadi:1
राष्ट्रविरोधी	rashtravirodhi:2	rashtravirodhee:1
राष्ट्रसंघ	rashtrasangh:2	rashtrasangha:1
राष्ट्रसंत	rashtrasant:2	rashtrasanta:1
राष्ट्रसेवा	rashtraseva:3
राष्ट्रांचा	rashtrancha:3
राष्ट्रांची	rashtranchi:2	rashtranchee:1
राष्ट्रांच्या	rashtranchya:3
राष्ट्रांना	rashtranna:3
राष्ट्रांनी	rashtranni:2	rashtrannee:1
राष्ट्रांमधील	rashtranmadhil:2	rashtranmadheel:1
राष्ट्रांमध्ये	rashtranmadhye:2	rashtranmahdye:1
राष्ट्रांशी	rashtranshi:3
राष्ट्राची	rashtrachi:3
राष्ट्राचे	rashtrache:3
राष्ट्राच्या	rashtrachya:3
राष्ट्राध्यक्ष	rashtradhyaksh:3	rashtradhyaksha:3
राष्ट्राध्यक्षांनी	rashtradhyakshanni:3
राष्ट्रामध्ये	rashtramadhye:3
राष्ट्राला	rashtrala:3
राष्ट्रावर	rashtravar:3
राष्ट्रिय	rashtray:1	rashtriy:1	rashtriya:1
राष्ट्रीय	rashtriya:13	rashtriy:2
राष्ट्रीयत्व	rashtriyatva:2	rashtriytva:1
राष्ट्रीयीकरण	rashtriyikaran:3
राष्ट्रीयीकृत	rashtriyikrut:2	rashtriyakrut:1
राष्ट्रे	rashtre:3
रास	raas:3	ras:3
रासायनिक	rasaynik:2	rasayanik:1	rasaynic:1
रास्त	rast:3
राहणार	rahnar:2	rahanr:1
राहणारा	rahnara:3
राहणारी	rahnari:2	rahnaree:1
राहणारे	rahanare:2	rahnare:3
राहणार्‍या	rahnarya:3
राहणाऱ्या	rahnarya:2	rahanarya:1
राहणाऱ्यांना	rahnaryanna:3
राहणी	rahnee:2	rahni:2
राहणीमान	rahaniman:1	rahneeman:1	rahniman:1
राहणे	rahane:2	rahne:2
राहण्याचा	rahnyacha:3
राहण्याची	rahanyachi:2	rahnyachi:3	rahnyachee:1
राहण्याचे	rahnyache:3	rahnyachey:1
राहण्यात	rahnyat:2	rahnyaat:1
राहण्यास	rahnyas:3	rahnyaas:1
राहण्यासाठी	rahnyasathi:2	rahnyasaathi:1
राहत	rahat:4
राहता	rahta:2	rahata:1	rahtaa:1
राहतात	rahatat:3	rahtat:2
राहतील	rahteel:2	rahtil:1
राहते	rahte:4	rahtey:2
राहतो	rahto:3
राहत्या	rahtya:3	rahatya:1
राहायची	rahayachi:2	rahaychi:1
राहायचे	rahayache:1	rahayachey:1	rahayche:1
राहायला	rahayala:2	rahayla:1
राहावयास	rahavayas:3
राहावे	rahave:3	rahavey:1
राहिल	rahil:3
राहिला	rahila:3
राहिली	rahili:2	rahilee:2
राहिले	rahile:2	rahiley:1
राहिलेला	rahilela:3
राहिलेली	rahileli:2	rahilelee:1
राहिलेले	rahilele:3	rahilelay:1
राहिलेल्या	rahilelya:3
राहिल्या	rahilya:3
राहिल्याचे	rahilyache:3	rahilyachey:1
राहिल्यानंतर	rahilyanantar:2	rahilyananter:1
राहिल्याने	rahilyane:2	rahilyaane:1
राहिल्यामुळे	rahilyamule:2	rahilyamuday:1
राहिल्यावर	rahilyavar:2	rahilyaver:1	rahilyawer:1
राहिल्यास	rahilyas:2	rahilyaas:1
राही	raahi:1	rahee:1	rahi:1
राहील	raheel:2	rahil:2
राहीली	rahili:2	raheelee:1	rahilee:1
राहीले	raheele:1	rahile:1	rahiley:1
राहु	rahu:3
राहुन	rahun:3
राहुरी	rahuri:3	rahuree:1
राहुल	rahul:4	raahul:1	rahool:1
राहू	rahoo:3	rahu:2	raahu:1	rahuu:1
राहून	rahun:4	rahoon:2
राहूनच	rahoonach:1	rahoonch:1	rahunch:1
राहूल	rahul:2	rahool:1
रिंग	ring:4	rin:1
रिंगण	ringan:3
रिअल	real:4	rial:2	rel:1	riyal:1
रिअली	really:4	realli:1	realy:1	rialee:1
रिओ	rio:1	rioo:1	riyo:1	riyoo:1
रिका	rika:4	rica:2	reeka:1	reeqa:1
रिकामा	rikama:3
रिकामी	rikami:2	rikamee:1
रिकामे	rikame:3
रिकाम्या	rikamya:3
रिक्षा	riksha:3
रिक्षाने	rikshane:3	rikshaney:1
रिक्षावाले	rikshavale:3	rikshawale:2	rikshavaley:1
रिचर्ड	richard:4	reechard:1	riichard:1
रिचर्डस	richards:3
रिचर्डसन	richardson:4	richardasan:1	richardsan:1
रिटेल	reetail:1	reeteell:1	retail:1	retel:1
रितीने	riteene:2	ritine:1
रितेश	ritesh:4	reeteesh:1	reetes:1	reetesh:1
रित्या	ritya:3
रिपब्लिक	republic:1	republik:1	republiq:1	ripablik:1
रिपब्लिकन	republican:3	ripablikan:2	reepablikan:1	reepabliqan:1
रिपोर्ट	report:3	riport:2	repoort:1	ripoort:1
रिबीन	ribbin:1	ribbon:1	ribeen:1	ribin:1
रियाध	reyadh:1	riyadh:1	riyadha:1
रियाल	rial:1	riyal:1	riyala:1
रियो	riyo:2	reo:1	rio:1
रिलायन्स	reliance:3
रिलीफ	relief:1	relieph:1	reliief:1	riiliiph:1
रिलेशनशिप	relationship:3
रिलेशन्स	relations:3
रिव्हर	river:3
रिव्हर्स	reverse:2	river:1	rivers:1
रिव्ह्यू	review:4
रिसर्च	research:3
रिसॉर्ट	reesart:1	reeshort:1	reesort:1	resart:1
रिसोर्स	resource:3
रीघ	reegh:2	righ:2	righa:1
रीत	rit:2	reet:1
रीतच	ritach:2	reetach:1	ritch:1
रीतसर	ritsar:2	reetsar:1
रीतिरिवाज	reetirivaj:1	reetiriwaj:1	ritirivaj:1
रीतीने	ritine:2	reetine:3	reetiney:2
रीत्या	ritya:3	reetya:1
रीस	reas:1	rees:1	res:1	riis:1
रुंद	rund:3	roond:1
रुंदी	rundi:3
रुंदीकरण	rundikaran:2	rundikarana:1
रुंदीचा	rundicha:3
रुंदीचे	rundiche:2	rundichey:1
रुईकर	ruikar:3	ruiykar:1
रुक्मिणी	rukmini:3	rukmeeni:1
रुक्मिणीस्वयंवर	rukmeeniswayamvar:1	rukminisvayanvar:1	rukminiswayamvar:1	rukminiswayanver:1
रुक्ष	ruksha:2	rooksha:1	ruksh:1
रुग्ण	rugna:2	rugn:1
रुग्णांची	rugnanchi:3
रुग्णांना	rugnanna:3
रुग्णांसाठी	rugnansathi:2	rugnansaathi:1
रुग्णाच्या	rugnachya:3
रुग्णामध्ये	rugnamadhye:3
रुग्णालय	rugnalay:2	rugnalaya:1
रुग्णालयात	rugnalayat:3
रुग्णालयातील	rugnalayatil:2	rugnalyateel:1
रुग्णालये	rugnalaye:3
रुग्णाला	rugnala:3
रुचकर	ruchkar:2	ruchakar:1
रुचिरा	ruchira:3
रुची	ruchi:3
रुजतात	rujatat:3
रुजतो	rujato:3
रुजली	rujali:3
रुजायला	rujayala:2	rujavayla:1
रुजावे	rujave:3
रुजू	ruju:2	rujoo:1
रुढ	roodh:1	rudh:1	rudha:1
रुतून	rutun:2	rutoon:1
रुद्र	rudra:4	rrudra:1	ruddra:1
रुद्रप्रयाग	rudraprayag:3
रुद्रावतार	rudravatar:2	rudravtar:1
रुप	roop:2	rup:3
रुपया	rupaya:3	rupayaa:1	rupya:1
रुपयांचा	rupayancha:3
रुपयांची	rupayanchi:3
रुपयांचे	rupayanche:2	rupyanche:1
रुपयांच्या	rupayanchya:2	rupyanchya:1
रुपयांत	rupayant:2	rupyant:1
रुपयांपर्यंत	rupayanparyant:2	rupyanparyant:1
रुपयाची	rupayachi:2	rupyachi:1
रुपयाही	rupayahi:2	rupyahi:1
रुपये	rupaye:3
रुपर्ट	raapart:1	roopart:1	rupart:1
रुपांतर	rupantar:3
रुपांतरित	rupantarit:3
रुपात	rupat:3
रुपाने	rupane:3
रुपारेल	ruparel:3
रुपे	rupe:3
रुपेरी	ruperee:2	ruperi:1
रुबाब	rubab:3
रुबाबदार	rubabadar:2	rubabdar:1
रुबी	rubee:3	ruby:2	rubi:1	rubie:1
रुळावरून	rulavarun:2	rulavaroon:1
रुसवा	rusava:2	rusva:1
रूची	roochee:1	roochi:1	ruchee:1	ruchi:1
रूझवेल्ट	roozvelt:2	roosevelt:1	ruzvelt:1
रूट	root:3
रूढ	rudh:2	roodh:1	rude:1
रूढी	roodhee:1	rudhee:1	rudhi:1
रूनी	rooni:2	raani:1	roonee:1	rooney:1
रूप	rup:2	roop:2
रूपक	roopak:2	rupak:1
रूपकात्मक	roopkatmak:2	rupakatmak:1
रूपयांचा	rupayancha:2	roopyancha:1
रूपये	rupaye:2	roopaye:1
रूपरेषा	roopresha:1	ruparesha:1	rupresha:1
रूपवान	roopvan:2	rupvan:2
रूपवेध	roopvedh:2	rupavedh:1
रूपा	roopa:2	rupa:1
रूपांतर	rupantar:2	roopantar:1
रूपांतरित	rupantarit:2	roopantarit:1
रूपांतरीत	rupantareet:2	roopantareet:1
रूपानं	roopanam:1	roopann:1	rupanan:1
रूपाने	roopane:2	rupane:1
रूपाला	roopala:2	rupala:1
रूपाली	roopalee:1	roopali:1	rupalee:1
रूपी	rupee:2	roopee:1	roopi:1
रूपे	rupe:3	roope:2	rupay:1
रूम	room:4	raam:1	rum:1	ruum:1
रूम्स	rooms:4	rums:1	runs:1	ruums:1
रूळ	rul:2	rood:1	rool:1	rude:1
रूसी	roosee:1	roosi:1	rusi:1	russi:1
रॅपिड	rapid:4	raepid:1
रे	re:4	ray:3	rai:1	ree:1
रेकॉर्ड	record:4	recard:1	reecard:1	reecord:1
रेकॉर्डर	recorder:2	recordar:1
रेकॉर्डिंग	recardeang:1	recardeeng:1	recarding:1	recordeang:1
रेखा	rekha:4	raikha:1	raiqha:1	reekha:1
रेखांकित	rekhankit:3
रेखाटत	rekhatat:3
रेखाटतात	rekhataat:1	rekhatat:1	rekhatatat:1	rekhattat:1
रेखाटलेली	rekhatalelee:1	rekhataleli:1	rekhatleli:1
रेखाटल्या	rekhatalya:2	rekhatlya:1
रेखीव	rekheev:3	rekhiv:1
रेगे	rege:4	reegaee:1	reegee:1	reeggaee:1
रेघ	regh:3
रेघोट्या	reghotya:3
रेजिमेंट	regiment:3	rejiment:1
रेड	red:4	raid:1	reed:1
रेडकर	redakar:2	redkar:1
रेडिओ	radio:3	redio:3	radioo:1	redioo:1
रेडिओवर	rediovar:2	radiovar:1
रेडिओवरून	rediovarun:2	rediovaroon:1
रेड्डी	reddy:2	reddee:1	reddi:1
रेणुका	renuka:3
रेणुकेचे	renukeche:3
रेणू	renoo:2	renu:2
रेती	reti:2	retee:1
रेन	rain:1	reena:1	ren:1
रेनकोट	raincoat:1	raincoet:1	raincooat:1	rainkoat:1
रेल	rel:3	rail:2	rayl:1	reel:1
रेलचेल	relchel:3
रेल्वे	railway:3	relve:3	railvai:1	railvay:1
रेल्वेगाडी	relvegadee:2	railwaygadi:1
रेल्वेगाड्या	relvegadya:2	railwaygadya:1
रेल्वेचा	relvecha:2	railwaycha:1
रेल्वेची	relvechee:2	railwaychi:1
रेल्वेचे	relveche:2	railwayche:1
रेल्वेच्या	railwaychya:4	relvechya:2
रेल्वेतर्फे	relvetarfe:2	railwaytarfe:1
रेल्वेने	relvene:2	railwayne:1
रेल्वेमंत्री	relvemantree:2	railwaymantri:1
रेल्वेमार्ग	relvemarg:2	railwaymarg:1
रेल्वेमार्गावर	relvemargavar:2	railwaymargavar:1
रेल्वेमार्गावरील	relvemargavareel:2	railwaymargavaril:1
रेल्वेला	relvela:2	railwayla:1
रेल्वेवरील	relvevareel:2	railwayvaril:1
रेल्वेसेवा	relveseva:2	railwayseva:1
रेल्वेस्थानक	relvesthanak:2	railwaysthanak:1
रेल्वेस्थानकापासून	relvesthankapasoon:2	railwaysthanakapasun:1
रेल्वेस्थानकावर	railwaysthanakavar:1	relvesthanakavar:1	relvesthankavar:1
रेवती	revatee:1	revati:1	revtee:1
रेवदंडा	revdanda:2	revadanda:1
रेवस	revas:3
रेवा	reva:2	rewa:1
रेव्हरंड	reverand:1	reverend:1	revharand:1	revhrand:1
रेशन	reshan:2	ration:1
रेशमाचे	reshamache:2	reshmache:1
रेशमाच्या	reshamachya:2	reshmachya:1
रेशमी	reshamee:1	reshami:1	reshmee:1
रेशीम	resheem:2	reshim:1
रेश्मा	reshma:3
रेषा	resha:3
रेषेची	reshechee:2	reshechi:1
रेषेत	reshet:3
रेसिंग	racing:3	resing:3	racin:1	reesing:1
रेसिडेंट	resident:4	reesideent:1	residentt:1	rezident:1
रेस्टॉरंट्स	reestarants:1	reestaurants:1	reestaureents:1	reestorants:1
रेहान	rehan:2	rahan:1
रॉक	raqa:1	rauck:1	raucq:1	rock:1
रॉकफेलर	rockefeller:2	rackfailer:1	rackfeller:1	rakafelar:1
रॉकी	rocky:4	rokee:2	racky:1	raki:1
रॉकेट	racket:1	rakeet:1	raket:1	raqet:1
रॉकेल	rockel:2	rokel:1
रॉजर	roger:3	rojar:1
रॉटरडॅम	rataradam:1	ratterdam:1	ravterdam:1	rawtardam:1
रॉन	ron:4	ran:1	ravn:1	rawn:1
रॉबर्ट	robert:4	robart:2	rabarta:1	rabbert:1
रॉबिन	robin:4	rabbin:1	rabin:1	raubin:1
रॉबी	rabbie:1	rabby:1	rabi:1	rabii:1
रॉय	roy:4	rai:1	raia:1	ray:1
रॉयल	rauyal:1	rayal:1	rayala:1	royal:1
रॉयल्स	royals:4	rayals:1
रो	ro:3	roo:1	roow:1	rov:1
रोख	rokh:3
रोखण्यात	rokhanyat:2	rokhnyaat:1
रोखण्यास	rokhanyas:2	rokhnyaas:1
रोखण्यासाठी	rokhanyasathee:1	rokhnyasaathi:1	rokhnyasathee:1
रोखपाल	rokhpal:3
रोखून	rokhoon:2	rokhun:1
रोखे	rokhe:3
रोग	rog:3
रोगप्रतिकारक	rogpratikarak:2	rogapratikarak:1
रोगप्रतिबंधक	rogpratibandhak:2	rogapratibandhak:1
रोगमुक्त	rogmukt:2	rogamukt:1
रोगराई	rogarai:2	rograee:1
रोगांची	roganchi:2	roganchee:1
रोगांत	rogant:3
रोगांनी	roganni:2	rogannee:1
रोगांमध्ये	roganmadhye:3
रोगांवर	roganvar:3
रोगांसाठी	rogansathi:2	rogansathee:1
रोगाचा	rogacha:3
रोगाची	rogachi:2	rogachee:1
रोगाचे	rogache:3
रोगाच्या	rogachya:3
रोगात	rogat:3
रोगी	rogi:2	rogee:1
रोग्याची	rogyachi:2	rogyachee:1
रोग्याच्या	rogyachya:3
रोग्यास	rogyas:3
रोज	roj:3
रोजगार	rojgar:2	rojagar:1
रोजगाराच्या	rojgarachya:2	rojagarachya:1
रोजच	rojach:2	rojch:1
रोजचा	rojcha:2	rojacha:1
रोजच्या	rojchya:2	rojachya:1
रोजी	roji:2	rojee:1	rojy:1	rozy:1
रोझ	rose:2	roz:2	roj:1
रोझा	roza:3	roja:1
रोटरी	rootari:1	rootarie:1	rootary:1	rooturi:1
रोड	road:3	rode:2	rod:1	roday:1
रोडवर	roadvar:1	roadver:1	rodevar:1	rodvar:1
रोडवरील	roadvareel:1	rodavareel:1	rodevaril:1	rodvareel:1
रोध	rodh:3
रोप	rop:4	rope:3
रोपांची	ropanchee:2	ropanchi:1
रोपाच्या	ropachya:3
रोपाला	ropala:3
रोपे	rope:3
रोम	rome:2	roam:1	rom:1
रोमँटिक	romantic:4	romaentik:1	romantik:1	romantiq:1
रोमच्या	romechya:2	roamchya:1	romchya:1
रोमन	roman:4	romana:1	rooman:1	roomana:1
रोममध्ये	romemadhye:2	roammadhye:1	rommadhye:1
रोमांचक	romanchak:3
रोमांचकारी	romanchkari:2	romanchkaree:1
रोमान्स	romance:3
रोमिओ	romeo:3	romio:2	romeeyo:1	romiiyo:1
रोमेनिया	momania:1	moomania:1	romeeniya:1	romeniya:1
रोल	role:3	rol:1	rola:1	roll:1
रोलर	roller:4	rolar:1	roler:1	rollar:1
रोलिंग	rolin:1	roling:1	rollin:1	rolling:1
रोवण्यासाठी	rovanyasathi:2	rovnyasathi:1
रोवली	rovli:2	rovali:1
रोशन	roshan:3
रोशनी	roshani:2	roshni:1
रोष	rosh:3
रोस्तोव	roostoov:1	rostov:1	rostow:1
रोहतक	rohtak:4	rohatak:1	rohataq:1	rohetak:1
रोहन	rohan:4	rohana:1	roohan:1	roohana:1
रोहा	roha:3
रोहिणी	rohini:3	rohinee:2	roheeni:1	roheenii:1
रोहित	rohit:4	roheet:1	rohiit:1	rohita:1
रोहिदास	rohidas:3
रोहिले	rohile:3	rohiley:1
रोहू	rohu:2	rohoo:1
रोहे	rohe:2	rohay:1
रौप्य	raupya:2	roapya:1	roupya:1
रौफ	rauf:1	roaf:1	roaph:1
र्हास	haars:1	hars:1	has:1	horse:1
ऱ्हस्व	rhaswa:3
लँग्वेज	language:3
लंकापती	lankapati:2	lankaapati:1
लंकेचा	lankecha:3	lankeycha:1
लंगडा	langada:2	langda:1
लंगोट	langot:3
लंडन	london:4	landan:1	landana:1
लंडनच्या	londonchya:3
लंडनमधील	londonmadhil:3
लंडनमध्ये	londonmadhye:3
लंडनला	londonla:3
लंबगोल	lambgol:2	lambagol:1
लंबगोलाकार	lambgolakar:2	lambagolakar:1
लंबवर्तुळाकार	lambvartulakar:2	lambvartudkar:1
लई	lai:3
लक्ष	laksha:6	laksh:2
लक्षण	lakshan:3
लक्षणांचा	lakshanancha:3
लक्षणांची	lakshananchi:2	lakshananchee:1
लक्षणांचे	lakshananche:3
लक्षणांमध्ये	lakshananmadhye:3
लक्षणीय	lakshaneey:1	lakshaniy:1	lakshaniya:1
लक्षणे	lakshane:3
लक्षद्वीप	lakshadweep:2	lakshadveep:1
लक्षवेधी	lakshavedhi:3
लक्षही	lakshahi:3
लक्षात	lakshat:3
लक्षावधी	lakshavadhi:3
लक्षून	lakshun:3
लक्ष्मण	lakshman:2	laxman:1
लक्ष्मणराव	lakshmanrao:2	laxmanrav:1
लक्ष्मणरेषा	lakshmanrekha:1	lakshmanresha:1	laxmanresha:1
लक्ष्मणशास्त्री	lakshmanshastri:2	laxmanshastri:1
लक्ष्मणाने	lakshmanane:2	laxmanane:1
लक्ष्मी	laxmi:3	lakshmi:3	lakshhmee:1	lakshhmi:1
लक्ष्मीकांत	lakshmikant:2	laxmikant:2
लक्ष्मीची	lakshmichi:2	laxmichi:2
लक्ष्मीनगर	lakshminagar:2	laxminagar:2
लक्ष्मीनारायण	lakshminarayan:2	laxminarayan:2
लक्ष्मीपूजनाच्या	laxmipujanachya:2	lakshmeepoojanachya:1	lakshmipoojanachya:1	lakshmipujanachya:1
लक्ष्मीबाई	laxmibai:2	lakshmeebai:1	lakshmibai:1
लक्ष्य	lakshya:2	laksya:1	laxya:1
लक्ष्यात	lakshyat:3	laxyat:1
लखनौ	lucknow:2	lakhanau:1
लखनौमध्ये	lucknowmadhye:2	lakhanaumadhye:1
लखुजी	lakhuji:2	lakhujee:1
लगत	lagat:3
लगतचा	lagatcha:3
लगतचे	lagatche:3	lagatchey:1
लगतच्या	lagatchya:3
लगता	lagta:2	lagata:1
लगदा	lagda:2	lagada:1
लगान	lagan:2	lagaan:1
लगाम	lagam:3	lagaam:1
लगीन	lagin:3	lageen:1
लगे	lage:5	lagey:2	lagee:1
लगेच	lagech:3
लगेचच	lagechach:2	lagechch:1
लगोरी	lagori:3
लग्न	lagna:2	lagn:2
लग्नप्रसंगी	lagnaprasangi:2	lagnprasangi:1
लग्नाची	lagnachi:2	lagnachee:1
लग्नाच्या	lagnachya:3
लग्नात	lagnat:3
लग्नानंतर	lagnanantar:3
लग्नामुळे	lagnamule:3
लग्नास	lagnas:3
लग्ने	lagne:3
लघवी	laghavee:1	laghavi:1	laghvi:1
लघवीची	laghaveechee:1	laghavichi:1	laghvichi:1
लघु	laghu:3
लघुउद्योग	laghuudyog:2	laghudyog:1
लघुकथा	laghukatha:3
लघुग्रह	laghugrah:3
लघुग्रहांचा	laghugrahancha:3
लघुग्रहांच्या	laghugrahanchya:3
लघुनिबंध	laghunibandh:3
लघुपट	laghupat:3
लघुरुद्र	laghurudra:3
लघुरूप	laghurup:3	laghuroop:1
लघू	laghu:3	laghoo:1
लठ्ठपणा	latthapana:2	laththapana:1	latthpana:1
लडाख	ladakh:3
लडाखी	ladakhee:2	ladakhi:1
लढ	ladh:2	ladha:1
लढणारी	ladhanaree:2	ladhanari:1
लढणाऱ्या	ladhanarya:3
लढणे	ladhane:3
लढण्यासाठी	ladhanyasathee:2	ladhanyasathi:1
लढत	ladhat:3
लढताना	ladhatana:2	ladhtana:1
लढतीत	ladhateet:2	ladhteet:1	ladhtit:1
लढते	ladhate:2	ladhte:1	ladhtey:1
लढला	ladhala:2	ladhla:1
लढली	ladhalee:2	ladhlee:1	ladhli:1
लढले	ladhale:2	ladhle:1	ladhley:1
लढलो	ladhalo:2	ladhlo:1
लढल्या	ladhalya:2	ladhlya:1
लढवत	ladhavat:2	ladhvat:1
लढवली	ladhavalee:2	ladhavli:1	ladhvali:1
लढवून	ladhavoon:3
लढा	ladha:3
लढाई	ladhai:3
लढाईचा	ladhaicha:3
लढाईच्या	ladhaichya:3
लढाईत	ladhait:3	ladhaeet:1
लढाईतून	ladhaitoon:3	ladhaitun:1
लढाईनंतर	ladhainantar:2	ladhainanter:1
लढाईमध्ये	ladhaimadhye:3
लढाईसाठी	ladhaisathee:2	ladhaisaathi:1	ladhaisathi:1
लढाऊ	ladhau:3
लढायला	ladhayala:2	ladhaayla:1	ladhayla:1
लढाया	ladhaya:3	ladhaaya:1
लढायांचा	ladhayancha:3	ladhayaancha:1
लढायांमध्ये	ladhayanmadhye:3
लढून	ladhoon:3	ladhun:2
लढे	ladhe:3	ladhay:1
लढ्याच्या	ladhyachya:3
लढ्यात	ladhyat:4	ladhyaat:2
लढ्यासाठी	ladhyasaathi:1	ladhyasathee:1	ladhyasathi:1
लता	lata:4	leta:1
लतिका	latika:3	lateeka:1
लपंडाव	lapandav:3	lapandaav:1
लपलेला	laplela:2	lapalela:1
लपल्याची	laplyachee:2	lapalyachi:1	laplyachi:1
लपवून	lapvoon:3	lapvun:1	lapwoon:1
लपून	lapoon:3	lapun:2
लय	lay:3
लयाला	layala:3	layaala:1
ललित	lalit:4	laleet:1	laliit:1
ललिता	lalita:3
लळित	lalit:2	ladeet:1	ladit:1
लव	love:3	lav:1
लवकर	lavakar:2	lavkar:2
लवकरच	lavakarach:2	lavkarach:2
लवकरात	lavkarat:2	lavakarat:1	lavkaraat:1
लवचिक	lavchik:3	lavcheek:1
लवचिकता	lavchikta:2	lavchikata:1
लवाजम्यासह	lavajamyasah:2	lavajmyasah:1
लवाटे	lavate:3	lavatey:1
लवासा	lavasa:3	lavasaa:1
लव्ह	love:3	lavh:1
लव्हली	lovely:3	lovehli:1
लव्हाळी	lavhali:2	lavhadee:1	lavhadi:1
लष्कर	lashkar:3
लष्कराचा	lashkaracha:3
लष्कराची	lashkarachi:3
लष्कराचे	lashkarache:2	lashkarachey:1
लष्कराच्या	lashkarachya:3
लष्करात	lashkarat:3
लष्करातील	lashkaratil:2	lashkarateel:1
लष्करातून	lashkaratoon:2	lashkaratun:1
लष्कराने	lashkarane:2	lashkaraney:1
लष्कराला	lashkarala:3	lashkaraala:1
लष्करावर	lashkaravar:1	lashkaraver:1	lashkarawer:1	lashkarvar:1
लष्करी	lashkari:3	lashkaree:1
लस	las:3
लसणाची	lasnachi:3	lasnaachi:1
लसणाचे	lasnache:2	lasnaache:1	lasnachey:1
लसिका	lasika:3	laseeka:1
लसीकरण	lasikaran:3	laseekaran:1
लसूण	lasoon:3	lasun:1
लहर	lahar:3
लहरी	lahari:3
लहान	lahan:2	lahaan:1
लहानपणापासून	lahaanpanaapasoon:1	lahanpanapasoon:1	lahanpanapasun:1
लहानपणापासूनच	lahaanpanaapasoonach:1	lahanpanapasoonach:1	lahanpanapasunch:1
लहानपणी	lahanpani:2	lahanpanee:1
लहानपणीच	lahanpanich:2	lahanpaneech:1
लहानमोठे	lahanmothe:3
लहानमोठ्या	lahanmothya:4
लहानलहान	lahanlahan:3
लहानशा	lahansha:2	lahanasha:1
लहानसहान	lahansahan:3
लहानसा	lahansa:3
लहानसे	lahanase:2	lahanse:1
लहानापासून	lahanapasoon:3	lahanapasun:1
लहाने	lahane:2	lahene:1
लहुजी	lahuji:2	lahujee:1
लाँच	launch:4	lanch:1	lancha:1	lonch:1
लांजा	lanja:4	lanza:1
लांडगा	landaga:2	laandgaa:1
लांडगे	landage:2	laandgey:1
लांडग्याचे	landagyache:2	laandgyachey:1
लांब	lamb:2	laamb:1
लांबचा	laambchaa:1	lambacha:1	lambcha:1
लांबची	laambchee:1	laambchi:1	lambachi:1	lambchee:1
लांबच्या	laambchya:1	lambachya:1	lambchya:1
लांबट	lambat:2	laambat:1
लांबपर्यंत	laambparyant:1	lambaparyant:1	lambparyant:1
लांबलचक	laamblachak:1	lambalachak:1	lamblachak:1
लांबली	laamblee:1	laambli:1	lambalee:1	lambali:1
लांबलेल्या	laamblelya:1	lambalelya:1	lamblelya:1
लांबवर	lambvar:2	laambver:1	laambwer:1
लांबा	lamba:2	laamba:1
लांबी	laambee:1	laambi:1	lambee:1	lambi:1
लांबीचा	laambeecha:1	laambichaa:1	lambeecha:1	lambicha:1
लांबीची	laambichee:1	laambichi:1	lambeechee:1	lambichi:1
लांबीचे	laambichey:1	lambeeche:1	lambiche:1
लांबीच्या	laambichyaa:1	lambeechya:1	lambichya:1
लांबीला	laambilaa:1	lambeela:1	lambila:1
लाइन	line:3
लाइन्स	lines:3
लाइफ	life:3
लाइव्ह	live:3
लाईट	light:3
लाईन	line:3
लाईफ	life:3
लाओ	laao:1	laaoo:1	lao:1	laoo:1
लाओस	laos:3	laaos:1	laas:1	laasa:1
लाकडांच्या	lakadanchya:2	laakdaanchya:1
लाकडाचा	lakadacha:3
लाकडाचे	lakadache:3
लाकडाने	lakadane:3
लाकडापासून	lakadapasoon:2	lakadapasun:1
लाकडी	lakdi:2	lakadi:2	lakadee:1
लाकडे	lakade:3
लाकूड	lakud:2	lakood:1
लाकूडफाटा	lakoodfata:1	lakoodphata:1	lakudafata:1	lakudaphata:1
लाक्षणिक	lakshanik:3
लाख	lakh:4	laakh:1	laaqh:1	lakha:1
लाखांचे	lakhanche:3
लाखांपेक्षा	lakhanpeksha:3
लाखांवर	lakhanvar:3
लाखांहून	lakhanhun:2	lakhanhoon:1
लाखाची	lakhachi:3
लाखाहून	lakhahun:2	lakhahoon:1
लाखो	lakho:3
लागण	lagan:3
लागणार	lagnar:2	laganar:1
लागणारा	lagnara:2	laganara:1
लागणारी	lagnari:2	laganari:1
लागणारे	lagnare:2	laganare:1
लागणाऱ्या	lagnarya:2	laganarya:1
लागणे	lagane:2	lagne:1
लागण्याचा	laganyacha:2	lagnyacha:1
लागत	lagat:3
लागता	lagata:2	lagta:1
लागताच	lagatach:2	lagtach:1
लागतात	lagatat:2	lagtat:1
लागतील	lagatil:2	lagtil:1
लागते	lagte:10	lagate:2
लागतो	lagto:8	lagato:2
लागलं	lagal:2	lagala:1
लागला	lagla:3	lagala:2
लागली	lagli:4	lagali:2
लागले	lagale:2	lagle:1
लागलें	lagale:1	lagalen:1	lagle:1
लागलेला	laglela:2	lagalela:1
लागलेली	lagleli:2	lagaleli:1
लागलेले	laglele:2	lagalele:1
लागलेल्या	laglelya:2	lagalelya:1
लागलो	laglo:2	lagalo:1
लागल्या	laglya:2	lagalya:1
लागल्याचा	lagalyacha:2	laglyacha:1
लागल्याने	laglyane:2	lagalyane:1
लागल्यामुळे	lagalyamule:2	laglyamule:1
लागल्यावर	lagalyavar:2	laglyavar:1
लागल्यास	lagalyas:2	laglyas:1
लागवड	lagvad:2	lagavada:1
लागवडीचा	lagvadicha:2	lagavadicha:1
लागवडीची	lagvadichi:2	lagavadichi:1
लागवडीचे	lagvadiche:2	lagavadiche:1
लागवडीच्या	lagvadichya:2	lagavadichya:1
लागवडीत	lagvadit:2	lagavadit:1
लागवडीस	lagvadis:2	lagavadis:1
लागवडीसाठी	lagvadisathi:2	lagavadisathi:1
लागायचे	lagayche:2	lagayache:1
लागायच्या	lagaychya:2	lagayachya:1
लागू	lagu:5	lagoo:2
लागून	lagun:5	lagoon:2
लागूनच	lagunach:2	lagoonach:2
लागेबांधे	lagebandhe:3
लागेल	lagel:3
लागोपाठ	lagopath:3
लाच	lach:3
लाज	laj:3
लाजवंती	lajavanti:2	lajvanti:1
लाजवाब	lajavab:3
लाजिरवाण्या	lajirvanya:2	laajirvaanyaa:1
लाजू	lajoo:2	laajoo:1	laaju:1	laju:1
लाट	lat:2	laat:1
लाटकर	laatkar:1	latakr:1	latkar:1
लाटा	lata:2	laataa:1
लाटेत	latet:2	laatet:1
लाड	lad:3	laad:2	lada:1
लाडकी	laadki:1	ladaki:1	ladki:1
लाडके	laadke:1	ladake:1	ladke:1
लाडक्या	laadkyaa:1	ladakya:1	ladkya:1
लाडू	laadoo:1	laadu:1	ladoo:1	ladu:1
लातूर	latur:5	laatoor:1	latoor:1
लातूरचे	laatoorchey:1	latoorche:1	laturche:1
लातूरच्या	laatoorchya:1	latoorchya:1	laturchya:1
लाथा	latha:2	laathaa:1
लादलेली	ladleli:2	laadleli:1
लादलेल्या	ladlelya:2	laadlelyaa:1
लादेन	laden:3	laaden:1	ladeein:1	ladeen:1
लान्स	lance:2	laans:1
लापशी	laapshi:1	lapashi:1	lapshi:1
लाभ	labh:2	laabh:1
लाभदायक	labhdayak:2	laabhdaayak:1
लाभला	labhala:2	laabhlaa:1
लाभली	labhali:2	laabhlee:1	laabhli:1
लाभले	labhale:2	laabhley:1
लाभलेला	labhalela:2	laabhlelaa:1
लाभलेले	labhalele:2	laabhleley:1
लाभलेल्या	labhalelya:2	laabhlelyaa:1
लाभल्या	labhalya:2	laabhlyaa:1
लाभावे	labhave:2	laabhaavey:1
लामा	lama:3	laama:2	laamaa:1	lamaa:1
लायक	layak:2	laayak:1
लायन	layana:1	lian:1	lion:1
लायन्स	layans:1	layansa:1	layansha:1	layons:1
लायब्ररी	library:4	laaibrari:1	laaibreri:1	laaybraree:1
लार्सन	larson:4	larsen:3	larsan:2	larsana:2
लाल	lal:3	laal:1	lala:1
लालन	lalan:3
लालबहादुर	lalabahadur:1	lalbahadoor:1	lalbahadur:1
लालबहादूर	lalbahadoor:2	lalabahadoor:1
लालबाग	lalbag:3	lalbaug:1
लालबुंद	lalbund:2	lalboond:1
लालसर	lalsar:2	lalasar:1
लाला	lala:4	laala:1
लालू	lalu:2	laloo:2	laloon:1
लालूप्रसाद	lalooprasad:2	laluprasad:2
लाळ	lal:2	laad:1
लावणी	laavnee:1	laavni:1	lavanee:1	lavani:1
लावणे	lavane:2	laavney:1
लावण्या	lavanya:2	laavnyaa:1
लावण्याचा	lavanyacha:1	lavanyachs:1	lavnyacha:1
लावण्याची	lavanyachee:1	lavanyachi:1	lavnyachee:1
लावण्याचे	lavanyache:2	lavnyache:1
लावण्याच्या	lavanyachya:2	lavnyachya:1
लावण्यात	lavanyat:2	laavnyaat:1	lavnyat:1
लावण्याने	lavanyane:2	lavnyane:1
लावण्यापूर्वी	lavanyapoorvee:2	lavanyapoorvi:1
लावण्यास	lavanyas:2	lavnyas:1
लावण्यासाठी	lavanyasathee:1	lavanyasathi:1	lavnyasathee:1
लावत	lavat:3
लावता	lavta:2	lavata:2
लावतात	lavatat:2	lavtat:1
लावताना	lavatana:2	lavtana:1
लावला	lawala:2	lavala:2	lavla:1
लावली	lavalee:1	lavali:1	lavlee:1
लावले	lavale:2	lavle:1
लावलेला	lavalela:3
लावलेली	lavaleli:2	lavalelee:1
लावलेले	lavalele:3
लावलेल्या	lavalelya:3
लावल्या	lavalya:3
लावल्यावर	lavalvar:1	lavalyavar:1	lavlyavar:1
लावल्यास	lavalyas:2	lavlyas:1
लावा	lava:4	lawa:2
लावायची	lavaychi:2	lavayachi:1
लावावा	lavava:3
लावावे	lavave:3
लाविते	lavite:3
लाविले	lavile:3
लावील	lavil:3
लावू	lavu:2	lavoo:1
लावून	lavun:2	lavoon:1
लावेल	lavel:4	laveel:1	laveela:1	lavela:1
लास	las:1	lasa:1	lash:1	lasha:1
लाहिरी	lahiri:3
लाही	lahi:3
लाहोर	lahore:2	lahor:1
लाहोरच्या	lahorchya:2	lahorechya:1
लाहोरमध्ये	lahoremadhye:2	lahormadhye:1
लाह्या	lahya:3
लिंक	leank:1	leanq:1	leenk:1	leenq:1
लिंकन	lincoln:1	lincon:1	linkan:1
लिंक्स	links:2	linqs:2	leenks:1	leenqs:1
लिंग	ling:2	linga:1
लिंगभाव	lingbhav:2	lingabhav:1
लिंगभेद	lingbhed:2	lingabhed:1
लिंगाचा	lingacha:3
लिंगाच्या	lingachya:3
लिंगायत	lingayat:3
लिंगे	linge:3
लिंडसे	lindase:2	lindasee:2	lindse:2	lindsee:2
लिंब	limb:3	limba:1
लिंबाचा	limbacha:3
लिंबाच्या	limbachya:3
लिंबाळे	limbale:3
लिंबू	limbu:2	limboo:1
लिओ	leo:4	lea:1	leea:1	leeo:1
लिओन	leone:3
लिखाण	likhan:3
लिखाणाचा	likhanacha:3
लिखाणाचे	likhanache:3
लिखाणात	likhanat:3
लिखाणाबद्दल	likhanabaddal:2	likhanabadddal:1
लिखाणास	likhanas:3
लिखित	likhit:3
लिटर	liter:3	leetar:1	letar:1	leter:1
लिथुआनिया	lithuania:1	lithuaniya:1	ludhiyana:1
लिनक्स	linux:4	lenuks:1	lenux:1	leynux:1
लिपी	lipi:2	lip:1
लिपीच्या	lipichya:3
लिपीत	lipit:3
लिपीतील	lipitil:3
लिप्यंतर	lipyantar:3
लिबरल	liberal:4	libaral:1
लिबिया	libya:3	lebiya:1	leebiya:1	libiya:1
लिमये	limaye:3
लिमा	leema:1	liima:1	lima:1
लिमिटेड	limited:4	leamited:1	leeamiteed:1	lemited:1
लियाकत	liyakat:3
लिरा	leara:1	leera:1	lera:1	liira:1
लिलाव	lilav:3
लिलावात	lilavat:3
लिली	lily:5	liilii:2	liilly:2	lili:2
लिसा	lisa:4	leesa:1	liisa:1
लिस्ट	list:4	least:1	leest:1	lest:1
लिस्बन	leasban:1	lesban:1	lisban:1
लिहला	lihla:2	lihala:1
लिहलेले	lihlele:2	lihalele:1
लिहायचे	lihayache:1	lihayachey:1	lihayche:1
लिहायच्या	lihaayachyaa:1	lihayachya:1	lihaychya:1
लिहायला	lihayala:1	lihayalaa:1	lihayla:1
लिहावा	lihava:2	lihaava:1
लिहावे	lihave:2	lihaavey:1
लिहिणारे	lihinare:2	lihinaarey:1
लिहिणाऱ्या	lihinarya:2	lihinaaryaa:1
लिहिणे	lihine:2	lihiney:1
लिहिण्याचा	lihinyacha:2	lihinyaacha:1
लिहिण्याची	lihinyachi:2	lihinyaachi:1
लिहिण्याचे	lihinyache:2	lihinyaachey:1
लिहिण्यापूर्वी	lihinyaapoorvi:1	lihinyaapurvi:1	lihinyapoorvi:1	lihinyapurvi:1
लिहिण्यास	lihinyas:2	lihinyaas:1
लिहिण्यासाठी	lihinyasathi:2	lihinyaasaathi:1
लिहित	lihit:3	leehit:2	liheet:1
लिहिता	lihita:3	leehita:1
लिहितात	lihitat:3
लिहिताना	lihitana:3
लिहितो	lihito:3
लिहिला	lihila:3
लिहिली	lihili:8	lihilee:2
लिहिले	lihile:3
लिहिलेलं	lihileln:2	lihilelam:1
लिहिलेला	lihilela:3
लिहिलेली	lihileli:2	lihilelee:1
लिहिलेले	lihilele:3
लिहिलेल्या	lihilelya:2	lihilya:1
लिहिल्या	lihilya:3
लिहीत	liheet:2	lihit:1
लिहीतो	lihito:2	liheeto:1
लिहीले	liheele:2	lihile:1
लिहीलेल्या	liheelelya:2	lihilelya:1
लिहू	lihoo:2	lihu:1
लिहून	lihun:4	lihoon:2
ली	lee:1	li:1	lii:1
लीग	league:2	leeg:2	leag:1
लीगचे	leagueche:2	leegche:1
लीगच्या	leaguechya:2	leegchya:1
लीगमधील	leaguemadhil:2	leegmadheel:1
लीगमध्ये	leaguemadhye:2	leegmadhye:1
लीडर	leadar:1	leader:1	leder:1	lidar:1
लीलया	lilaya:2	leelaya:1	leelyaa:1
लीला	leela:5	lila:5	liila:3	leala:1
लीलावती	leelavati:1	lilavati:1	lilawati:1
लीळाचरित्र	leelacharitra:1	lidacharitra:1	lilacharitra:1
लुइस	luis:3	louis:2	lauis:1	luies:1
लुई	lui:2	loui:1
लुईस	luis:2	louis:1	louise:1	luiis:1
लुगडी	lugadi:2	lugdee:1	lugdi:1
लुगडे	lugade:1	lugde:1	lugdey:1
लुटणे	lutane:1	lutne:1	lutney:1
लुटण्याचा	lunyacha:1	lutnyaacha:1	lutnyacha:1
लुटण्यासाठी	letnyasaathi:1	lutnyasaathi:1	lutnyasathi:1
लुटता	lutata:2	luttaa:1
लुटले	lutale:1	lutle:1	lutley:1
लुटारू	lutaru:3	luaroot:1	lutaroo:1
लुटालूट	lutaloot:2	lutalut:1
लुटून	lutoon:3	lutun:1
लुडविग	laadvig:1	loodvig:1	loodwig:1	ludavig:1
लुधियाना	ludhiyana:3	ludhiana:2	laadhiyana:1	loodhiyana:1
लुप्त	lupt:3
लुळा	lula:3
लुसलुशीत	luslusheet:2	lulushit:1
लूट	loot:4	lut:2	laat:1	luut:1
लॅटिन	latin:4	lateen:1	latiin:1	latina:1
लॅटीन	latin:2	lateen:1
लॅपटॉप	laptop:4	lapatap:1	lapetap:1	laptap:1
ले	lay:2	le:2	ley:1
लेक	lek:3	lake:1	leek:1	leq:1
लेकी	leki:2	lekee:1
लेकुरवाळा	lekurvala:3
लेकुरे	lekure:3
लेक्चर्स	lectures:2	lecturs:1	lekchars:1
लेख	lekh:3
लेखक	lekhak:3
लेखकांची	lekhakanchi:2	lekhakanchee:1
लेखकांचे	lekhakanche:3
लेखकांच्या	lekhakanchya:3
लेखकांना	lekhakanna:3
लेखकांनी	lekhakanni:2	lekhakannee:1
लेखकाचा	lekhakacha:3
लेखकाची	lekhakachi:2	lekhakachee:1
लेखकाचे	lekhakache:3
लेखकाच्या	lekhakachya:3
लेखकाने	lekhakane:3
लेखकाला	lekhakala:3
लेखकास	lekhakas:2	lekhakaas:1
लेखणी	lekhani:2	lekhanee:1
लेखणीला	lekhanila:2	lekhaneela:1
लेखत	lekhat:3
लेखतो	lekhato:3
लेखन	lekhan:3
लेखनकला	lekhankala:3
लेखनही	lekhanhi:2	lekhanahi:1
लेखनाचा	lekhanacha:2	lekhnaacha:1
लेखनाची	lekhanachi:2	lekhnaachi:1
लेखनाचे	lekhanache:2	lekhnaachey:1
लेखनाच्या	lekhanachya:1	lekhnaachyaa:1	lekhnachya:1
लेखनात	lekhanaat:1	lekhnaat:1	lekhnat:1
लेखनातून	lekhanatun:1	lekhnaatoon:1	lekhnatun:1
लेखनाने	lekhanane:1	lekhnaaney:1	lekhnane:1
लेखनाबद्दल	lekhanabaddal:1	lekhnaabaddal:1	lekhnabaddal:1
लेखनाला	lekhanala:1	lekhnaala:1	lekhnala:1
लेखनावर	lekhanavar:1	lekhnavar:1	lekhnawar:1
लेखनास	lekhanaas:1	lekhnaas:1	lekhnas:1
लेखनासाठी	lekhanasaathi:1	lekhnaasaathi:1	lekhnasathi:1
लेखमाला	lekhamala:1	lekhmaala:1	lekhmala:1
लेखले	lekhale:1	lekhle:1	lekhley:1
लेखसंग्रह	lekhsangrah:3
लेखही	lekhhi:2	lekhahi:1	lekhhee:1
लेखा	lekha:3
लेखांचा	lekhancha:2	lekhaancha:1
लेखांची	lekhanchi:2	lekhaanchee:1
लेखांचे	lekhanche:2	lekhaanchey:1
लेखांच्या	lekhanchya:2	lekhaanchya:1
लेखांत	lekhant:2	lekhaant:1
लेखांमध्ये	lekhanmadhye:3
लेखांवर	lekhanvar:3
लेखाचा	lekhacha:3
लेखाचे	lekhache:3
लेखात	lekhat:3
लेखातील	lekhateel:2	lekhatil:1
लेखातून	lekhatoon:2	lekhatun:1
लेखापरीक्षक	lekhaparikshak:2	lekhapareekshak:1
लेखामध्ये	lekhamadhye:3
लेखामुळे	lekhamule:3
लेखावर	lekhavar:3
लेखिका	lekhika:3
लेखिकेची	lekhikechi:2	lekhikechee:1
लेखिकेच्या	lekhikechya:3
लेखिकेने	lekhikene:3
लेखी	lekhi:3
लेग	laig:1	leeg:1	leg:1
लेझर	laser:2	lezer:1
लेट्यूस	lettuce:2	lettuse:1
लेडी	lady:3	ladi:1	ladii:1	ledi:1
लेणी	leni:3	lenee:1
लेणे	lene:3
लेण्या	lenya:3
लेण्यांची	lenyanchi:2	lenyanchee:1
लेण्यांना	lenyanna:3
लेण्यात	lenyat:2	lenyaat:1
लेनिन	lenin:4	leeneen:1	leenin:1	leneen:1
लेन्स	lains:1	lainsh:1	leens:1	leensa:1
लेप	lep:3	lape:1
लेबर	labour:3	labaur:1	labor:1	lebar:1
लेले	lele:3
लेसर	laisar:1	laiser:1	laisher:1	lesar:1
लैंगिक	laingik:3
लैंगिकता	laingikta:2	laingikata:1
लॉइड	loid:2	loids:1
लॉईड	lloyd:2	laid:1	led:1	llayd:1
लॉकहीड	lackheed:1	lackhid:1	lakahid:1	lakahiid:1
लॉकेट	locket:4	lacket:1	lakeet:1	laket:1
लॉज	lodge:2	lauge:1	loj:1
लॉजिस्टिक्स	logistics:3	lojistiks:1
लॉयर	lawyer:3	loyar:1
लॉरी	lari:2	larii:2	larry:1	laurie:1
लॉरेन्स	lawrence:1	lorence:1	lorens:1
लॉर्ड	lord:5	lard:1	laurd:1
लॉस	los:3	loss:3	las:1	lass:1
लो	loo:1	loow:1	lov:1	low:1
लोंढा	londha:3
लोंढे	londhe:3
लोक	lok:3
लोकं	lok:1	loka:1	lokam:1	lokan:1
लोककथा	lokakatha:3	lokkatha:1
लोककला	lokakala:3	lokkala:1
लोककलावंत	lokakalavant:2	lokakalavanta:1	lokkalavant:1
लोककलेच्या	lokakalechya:2	lokakalechhya:1	lokkalechya:1
लोककल्याण	lokakalyan:3	lokkalyan:1
लोककल्याणकारी	lokakalyankari:2	lokakalyankaree:1	lokkalyankari:1
लोकगीते	lokageete:2	lokagite:1	lokgite:1
लोकजागृती	lokajagruti:2	lokajagrutee:1	lokjagruti:1
लोकजीवनात	lokajivanat:2	lokajeevanat:1	lokjivanat:1
लोकनाट्य	lokanatya:2	loknatya:1
लोकपरंपरा	lokparampara:2	lokaparampara:1
लोकपाल	lokpal:2	lokapal:1	lokapala:1	lokpaal:1
लोकप्रभा	lokprabha:3
लोकप्रशासन	lokprashasan:3
लोकप्रिय	lokpriya:2	lokpriy:1
लोकप्रियता	lokpriyata:2	lokapriyata:1
लोकप्रियतेचे	lokpriyateche:2	lokapriyateche:1
लोकप्रियतेमुळे	lokpriyatemule:3	lokapriyatemule:1
लोकबिरादरी	lokbiradari:3	lokabiradari:1
लोकभाषा	lokbhasha:3	lokabhasha:1
लोकमंगल	lokmangal:2	lokamangal:1
लोकमत	lokmat:3
लोकमतच्या	lokmatchya:3
लोकमानसात	lokmanasat:3	lokamanasat:1
लोकमान्य	lokmanya:3
लोकर	lokar:3
लोकरीच्या	lokarichya:2	lokareechya:1
लोकल	local:3	lokal:2	loocal:1	lookal:1
लोकलने	localne:2	lokalane:1
लोकवर्गणीतून	lokavarganitun:1	lokvarganeetoon:1	lokvarganitun:1
लोकवस्ती	lokavasti:1	lokvastee:1	lokvasti:1
लोकवस्तीच्या	lokavastichya:1	lokvasteechya:1	lokvastichya:1
लोकशक्ती	lokshakti:2	lokashaktee:1	lokashakti:1
लोकशाही	lokshahi:3	lokashahee:1	lokashahi:1	lokshahee:1
लोकशाहीचे	lokshaheeche:2	lokashahiche:1	lokshahiche:1
लोकशाहीर	lokshaheer:2	lokashahir:1	lokshahir:1
लोकशाहीला	lokshaheela:2	lokashahila:1	lokshahila:1
लोकशाहीवर	lokshaheevar:2	lokashahivar:1	lokshahivar:1
लोकशाहीवादी	lokshaheevadee:2	lokashahivadi:1	lokshahivadi:1
लोकसंख्या	loksankhya:2	lokasankhya:1
लोकसंख्येचा	loksankhyecha:2	lokasankhyecha:1
लोकसंख्येची	loksankhyechee:2	lokasankhyechi:1
लोकसंख्येचे	loksankhyeche:2	lokasankhyeche:1
लोकसंख्येच्या	loksankhyechya:2	lokasankhyechya:1
लोकसंख्येत	loksankhyet:3
लोकसंख्येतील	loksankhyeteel:2	loksankhyetil:1
लोकसंख्येनुसार	loksankhyenusar:2	loksankhyenusaar:1
लोकसंख्येला	loksankhyela:3
लोकसंग्रह	loksangrah:2	loksangraha:1
लोकसंस्कृतीच्या	loksanskruteechya:2	loksanskrutichya:1
लोकसत्ता	loksatta:3
लोकसभा	loksabha:3
लोकसभेची	loksabhechi:2	loksabhechee:1
लोकसभेचे	loksabheche:2	loksabhechey:1
लोकसभेच्या	loksabhechya:2	loksabhechyaa:1
लोकसभेत	loksabhet:3
लोकसभेतील	loksabheteel:3	loksabhetil:1
लोकसभेने	loksabhene:3	loksabheney:1
लोकसभेवर	loksabhevar:2	loksabhewar:1
लोकसाहित्य	loksahitya:3
लोकसेवा	lokseva:3	lokaseva:1
लोकहितवादी	lokahitavadi:1	lokhitavadi:1	lokhitvaadi:1	lokhitvadee:1
लोकहितवादींनी	lokahitavadinni:1	lokhitavadinni:1	lokhitvadeennee:1
लोकहिताच्या	lokahitachya:1	lokhitachya:1	lokhitachyaa:1
लोकही	lokahee:1	lokahi:1	lokhee:1	lokhi:1
लोकांकडून	lokaankadoon:1	lokankadoon:1	lokankadun:1
लोकांकडे	lokankade:2	lokaankadey:1
लोकांचा	lokancha:3
लोकांची	lokanchi:2	lokanchee:2
लोकांचे	lokanche:3
लोकांच्या	lokanchya:3
लोकांत	lokant:3
लोकांना	lokanna:3
लोकांनाच	lokannach:3
लोकांनी	lokanni:2	lokannee:2
लोकांपर्यंत	lokanparyant:3
लोकांपासून	lokanpasoon:2	lokanpasun:1
लोकांपुढे	lokanpudhe:3
लोकांबद्दल	lokanbaddal:3
लोकांमधे	lokanmadhe:3
लोकांमध्ये	lokanmadhye:3
लोकांमध्येही	lokanmadhyehee:2	lokanmadhyehi:1
लोकांवर	lokanvar:3
लोकांशी	lokanshee:2	lokanshi:1
लोकांसमोर	lokansamor:2	lokaansamor:1
लोकांसाठी	lokaansaathi:1	lokansaathi:1	lokansathee:1
लोकात	lokaat:2	lokat:2
लोकानुनय	lokanunay:3	lokanunaya:1
लोकाश्रय	lokashray:3
लोकेश	lokesh:3
लोकोत्सव	lokotsav:3
लोकोपयोगी	lokopayogee:1	lokopayogi:1	lokopyogee:1
लोखंड	lokhand:3
लोखंडाच्या	lokhandachya:2	lokhandaachyaa:1
लोखंडी	lokhandee:2	lokhandi:2
लोखंडे	lokhande:2	lokhandey:1
लोट	lot:3
लोटस	lotus:3	lotas:2	lootas:1	lootasa:1
लोटांगण	lotangan:3
लोटे	lote:3
लोण	loan:3	lon:2
लोणकर	lonkar:3
लोणची	lonachi:2	loanchi:1	lonchi:1
लोणचे	loanche:1	lonache:1	lonchey:1
लोणार	lonaar:2	lonar:1
लोणारी	lonaari:1	lonaree:1	lonari:1
लोणावळा	lonavala:2	lonavadaa:1	lonavla:1
लोणी	loni:2	lonee:1
लोण्याचा	lonyacha:2	lonyaachaa:1
लोथल	lothal:3
लोप	lop:3
लोभ	lobh:3
लोम	lom:3	loam:1
लोह	loh:3
लोहगड	lohgad:2	lohagad:1	lohgarh:1
लोहमार्ग	lohamarg:2	lohmaarg:1	lohmarg:1
लोहार	lohar:2	lohaar:1
लोहिया	lohiya:2	lohia:1
लौकिक	laukik:3
ल्युथर	lyuthar:2	luther:1
वंगण	vangan:3
वंचित	vanchit:3
वंजारी	vanjaari:1	vanjaree:1	vanjari:1
वंडर	wonder:4	vandar:2	vonder:1	wandar:1
वंदन	vandan:3
वंदना	vandana:2	vandna:1
वंदे	vande:3
वंध्या	vandhya:3
वंश	vansh:3
वंशज	vanshaj:3
वंशपरंपरागत	vanshparamparagat:3
वंशपरंपरेने	vanshparamparene:3
वंशाचा	vanshacha:3
वंशाची	vanshachee:2	vanshachi:1
वंशाचे	vanshache:3
वंशाच्या	vanshachya:3
वंशातील	vanshateel:3	vanshatil:1
वंशीय	vansheey:3
वकिलांच्या	vakilanchya:3
वकिलांना	vakilanna:3
वकिलांनी	vakilannee:3
वकिलास	vakilas:3
वकिली	vakilee:2	vakillee:1
वकिलीचा	vakileecha:3
वकील	vakil:2	vakeel:3
वकीलपत्र	vakeelpatra:3
वक्ता	vakta:3
वक्तृत्व	vaktrutv:1	vaktrutva:1	waqtratva:1
वक्ते	vakte:2	waqtey:1
वक्र	vakra:2	vakr:1
वक्री	vakree:2	vakri:1
वखार	vakhar:2	wakhar:1
वगनाट्य	vaganatya:2	vagnatya:1
वगळता	vagalata:2	vagalta:1
वगळून	vagaloon:1	vagalun:1	vagloon:1	vaglun:1
वगैरे	vagaire:3	vagere:1
वगैरेंचा	vagairencha:2	vagairenchaa:1
वचन	vachan:3
वचनाप्रमाणे	vachanapramane:2	vachnapramaaney:1
वचने	vachane:2	vachne:1
वचपा	vachapa:2	vachpa:1
वजन	vajan:3
वजनदार	vajandar:3
वजनाचा	vajanacha:2	vazanacha:1
वजनाचे	vajanache:2	vazanache:1
वजनाच्या	vajanachya:2	vazanachya:1
वजनाने	vajanane:2	vajanache:1
वजनी	vajanee:1	vajani:1	vazani:1
वजा	vaja:2	vazaa:1
वजाबाकी	vajabakee:1	vajabaki:1	vazabaki:1
वजीर	vajeer:1	vajir:1	wazir:1
वज्र	vajra:3
वझे	vajhe:2	vaze:1
वटवट	vatvat:3
वटवृक्षाच्या	vatvrukshachya:2	vatvrakshachya:1
वटवृक्षात	vatvrukshat:2	vatvrakshaat:1
वड	vad:3	wad:1
वडकी	vadki:2	vadkee:1	wadki:1
वडखळ	vadkhal:2	vadkhad:1	wadkhal:1
वडगाव	vadgaon:2	vadgaav:1
वडा	vada:3
वडाचे	vadache:3
वडाच्या	vadachya:3
वडार	vadar:2	vadaar:1
वडाळ्याच्या	vadalyachya:2	wadalyachya:1
वडिल	vadil:3
वडिलांकडून	vadilankadun:2	vadilankadoon:1
वडिलांचा	vadilancha:3
वडिलांची	vadilanchee:2	vadilanchi:1
वडिलांचे	vadilanche:3
वडिलांच्या	vadilanchya:3
वडिलांना	vadilanna:3
वडिलांनी	vadilannee:2	vadilanni:1
वडिलांबरोबर	vadilanbarobar:3
वडिलांसह	vadilansah:3
वडी	vadee:2	vadi:1
वडील	vadil:15	vadeel:2
वडे	vade:3
वडोदरा	vadodara:3	vadodra:1	vadoodara:1	wadodara:1
वड्या	vadya:3	vadyaa:1
वणवा	vanva:2	vanava:1
वणी	vani:2	vanee:1
वतनदार	vatandar:2	vatandaar:1
वतनाच्या	vatanachya:2	vatnachya:1
वतीने	vatine:4	vateene:2
वत्स	vats:3	vatsa:1	vets:1	wats:1
वदनी	vadanee:2	vadani:1
वद्य	vadya:2	vadhy:1
वध	vadh:3
वधू	vadhoo:2	vadhu:1
वधूचा	vadhucha:2	vadhoocha:1
वधूच्या	vadhuchya:2	vadhoochya:1
वधूला	vadhula:2	vadhoola:1
वन	van:3
वनवासात	vanavasat:1	vanvasaat:1	vanvasat:1
वनवासी	vanvasi:2	vanavasee:1
वनविभागाचे	vanvibhagache:2	vanavibhagache:1
वनविभागाच्या	vanvibhagachya:2	vanavibhagachya:1
वनश्री	vanashree:1	vanshree:1	vanshri:1
वनसंरक्षक	vansanrakshak:2	vanasanrakshak:1
वनस्पती	vanaspati:4	vanaspatee:2	vanspati:1
वनस्पतींचा	vanaspateencha:2	vanspatincha:1
वनस्पतींची	vanaspateenchee:2	vanspatinchi:1
वनस्पतींचे	vanaspateenche:2	vanspatinche:1
वनस्पतींच्या	vanaspateenchya:2	vanspatinchya:1
वनस्पतींत	vanaspateent:2	vanspatint:1
वनस्पतीचा	vanaspateecha:1	vanaspaticha:1	vanspaticha:1
वनस्पतीची	vanaspateechee:1	vanaspatichi:1	vanspatichi:1
वनस्पतीचे	vanaspateeche:1	vanaspatiche:1	vanspatiche:1
वनस्पतीच्या	vanaspateechya:1	vanaspatichya:1	vanspatichya:1
वनस्पतीजन्य	vanaspateejanya:1	vanaspatijanya:1	vanspatijanya:1
वनस्पतीपासून	vanaspateepasoon:1	vanaspatipasun:1	vanspatipasun:1
वनस्पतीमध्ये	vanaspateemadhye:1	vanaspatimadhye:1	vanspatimadhye:1
वनस्पतीला	vanaspateela:1	vanaspatila:1	vanspatila:1
वनस्पतीशास्त्र	vanaspateeshastrat:1	vanaspatishastra:1	vanspatishastra:1
वनहक्क	vanahakk:1	vanhakk:1	vanhakka:1
वनांमध्ये	vananmadhye:3
वनात	vanat:2	vanaat:1
वनाधिकार	vanadhikar:2	vanadhikaar:1
वनीकरण	vanikaran:3
वने	vane:3
वनौषधी	vanaushadhi:2	vanoushadhi:1
वन्य	vanya:3
वन्यजीव	vanyajiv:2	vanyajeev:1
वन्यप्राणी	vanyaprani:2	vanyapranee:1
वय	vay:3
वयक्तिक	vayaktik:3
वयाचा	vayacha:3
वयाची	vayachi:3
वयाचे	vayache:3
वयाच्या	vayachya:3
वयात	vayat:3
वयातच	vayatach:3
वयातील	vayatil:3
वयाने	vayane:3
वयाबरोबर	vayabarobar:3
वयोगटातील	vayogatateel:1	vayogatatil:1	vayogtatil:1
वर	var:3
वरकरणी	varkarani:2	varkarni:2
वरचढ	varchadh:3
वरचष्मा	varchashma:3
वरचा	varcha:3
वरची	varchi:3
वरचे	varche:3
वरच्या	varchya:3
वरच्यावर	varchyavar:2	varachyavar:1
वरण	varan:3
वरती	varati:2	varatee:1
वरदा	varada:2	varda:1
वरदान	varadan:1	vardaan:1	vardan:1
वरले	varale:2	varle:1
वरळी	worli:2	varalee:1
वरवर	varvar:2	varavar:1
वरवरचा	varvarcha:2	varavarcha:1
वरही	varahee:2	varahi:1
वराची	varachee:2	varachi:1
वरात	varat:3
वराह	varah:3
वराहमिहिर	varahmihir:2	varahamihir:1
वरिष्ठ	varishtha:3
वरिष्ठांकडे	varishthankade:3
वरिष्ठांना	varishthanna:3
वरील	varil:8	vareel:2
वरीलप्रमाणे	vareelpramane:2	varilpramane:1
वरीष्ठ	vareeshtha:2	varishth:1
वरुण	varoon:2	varun:1
वरुन	varoon:2	varun:1
वरूड	varood:2	varud:1
वरूण	varoon:2	varun:1
वरून	varoon:2	varun:1
वरेरकर	varerkar:2	varerakar:1
वर्क	work:4	vark:3	varq:1	verk:1
वर्ग	varga:5	varg:2
वर्गमूळ	vargamool:1	vargmool:1	vargmul:1
वर्गवारी	vargavari:1	vargvaree:1	vargvari:1
वर्गवारीत	vargavareet:1	vargvareet:1	vargvarit:1
वर्गवारीतील	vargavariteel:1	vargvareeteel:1	vargvaritil:1
वर्गांचे	varganche:3
वर्गाचा	vargacha:3
वर्गाची	vargachi:2	vargachee:1
वर्गाचे	vargache:3
वर्गाच्या	vargachya:3
वर्गात	vargat:3
वर्गातील	vargatil:2	vargateel:1
वर्गाने	vargane:3
वर्गाला	vargala:3
वर्गाशी	vargashi:2	vargashee:1
वर्गास	vargas:4	vargasa:1	wargas:1	wargasa:1
वर्गीकरण	vargikaran:2	vargeekaran:1
वर्गीकृत	vargeekrut:1	vargikrit:1	vargikrut:1
वर्गीय	vargeey:1	vargiy:1	vargiya:1
वर्गीस	verghese:2	vargis:2	vargees:1	varghese:1
वर्चस्व	varchaswa:2	varchasva:1	varchsvs:1
वर्चस्वाखाली	varchasvakhali:2	varchaswakhali:2
वर्चस्वाचा	varchasvacha:2	varchaswacha:2
वर्चस्वाची	varchaswachi:2	varchasvachee:1	varchasvachi:1
वर्ज्य	varjya:3
वर्ण	varna:2	varn:1
वर्णन	varnan:3
वर्णनात्मक	varnanatmak:3
वर्णनावरून	varnanavaroon:2	varnanavarun:1
वर्णने	varnane:3
वर्णभेद	varnbhed:2	varnabhed:1
वर्णमाला	varnamala:2	varnmala:1
वर्णाचा	varnacha:3
वर्णाची	varnachee:2	varnachi:1
वर्णाच्या	varnachya:3
वर्णिला	varnila:3
वर्णिले	varnile:3
वर्तक	vartak:3
वर्तणूक	vartanook:2	vartanuk:1
वर्तन	vartan:3
वर्तनावर	vartanavar:3
वर्तमान	vartaman:2	vartman:1
वर्तमानपत्र	vartamanpatra:2	vartmanpatra:1
वर्तमानपत्रांत	vartamanpatrant:3
वर्तमानपत्राचा	vartamanpatracha:2	vartmanpatracha:1
वर्तमानपत्राची	vartamanpatrachi:2	vartmanpatrachi:1
वर्तमानपत्राचे	vartamanpatrache:2	vartmanpatrache:1
वर्तमानपत्रात	vartamanpatrat:2	vartmanpatrat:1
वर्तमानपत्रातील	vartamanpatrateel:1	vartamanpatratil:1	vartmanpatratil:1
वर्तमानपत्रातून	vartamanpatratoon:1	vartamanpatratun:1	vartmanpatratun:1
वर्तमानपत्रे	vartamanapatre:1	vartamanpatre:1	vartmanpatre:1
वर्तमानातील	vartamanateel:1	vartamanatil:1	vartmanatil:1
वर्तुळ	vartul:3
वर्तुळाकार	vartulakar:3
वर्तुळाचा	vartulacha:3
वर्तुळाचे	vartulache:3
वर्तुळाच्या	vartulachya:3
वर्तुळात	vartulat:3
वर्थ	varth:2	worth:1
वर्दळीचा	vardaleecha:2	vardalicha:1
वर्दळीच्या	vardaleechya:2	vardalichya:1
वर्दे	varde:4	vardee:1	veerdee:1	verde:1
वर्धनगड	vardhangad:3
वर्धमान	vardhaman:2	vardhman:1
वर्धा	wardha:2	vardha:3
वर्ध्याच्या	vardhyachya:3
वर्नर	varnar:1	varner:1	verner:1	warnar:1
वर्मा	varma:4	verma:2	warma:1	werma:1
वर्ल्ड	world:2	varld:1	vorld:1	warld:1
वर्ष	varsha:2	varsh:2
वर्षभर	varshabhar:2	varshbhar:1
वर्षभरात	varshabharat:2	varshbharaat:1
वर्षा	varsha:5
वर्षांचा	varshancha:3
वर्षांची	varshanchi:2	varshanchee:1
वर्षांचे	varshanche:3
वर्षांच्या	varshanchya:3
वर्षांत	varshant:3
वर्षांतील	varshanteel:2	varshantil:1
वर्षांतून	varshantoon:2	varshantun:1
वर्षांनंतर	varshannantar:2	varshannatar:1
वर्षांनी	varshannee:2	varshanni:1
वर्षांपर्यंत	varshanparyant:3
वर्षांपर्यंतच्या	varshanparyantchya:2	varshanparyantachya:1
वर्षांपासून	varshanpasun:5	varshanpasoon:2
वर्षांपूर्वी	varshanpoorvee:2	varshanpurvi:1
वर्षांपूर्वीच्या	varshanpurvichya:2	varshanpoorveechya:1
वर्षांपेक्षा	varshanpeksha:3
वर्षांमध्ये	varshanmadhye:3
वर्षांसाठी	varshansathi:2	varshansathee:1
वर्षांहून	varshanhoon:2	varshanhun:1
वर्षाखालील	varshakhalil:3	varshakhaleel:1
वर्षाचा	varshacha:3
वर्षाची	varshachi:2	varshachee:1
वर्षाचे	varshache:3
वर्षाच्या	varshachya:3
वर्षात	varshat:3
वर्षातच	varshatach:3
वर्षातला	varshatala:2	varshatla:1
वर्षातील	varshatil:2	varshateel:1
वर्षातून	varshatun:2	varshatoon:1
वर्षानंतर	varshanantar:3
वर्षानी	varshani:3
वर्षानुवर्षे	varshanuvarshe:3
वर्षापर्यंत	varshaparyant:2	varshaparyanta:1
वर्षापासून	varshapasun:3
वर्षापूर्वी	varshapurvi:3
वर्षापूर्वीचा	varshapurvicha:3
वर्षापूर्वीची	varshapurvichi:3
वर्षापेक्षा	varshapeksha:3
वर्षामध्ये	varshamadhye:3
वर्षाला	varshala:3
वर्षाव	varshav:3
वर्षासाठी	varshasathi:3
वर्षी	varshi:3
वर्षीच	varshich:3
वर्षीच्या	varshichya:3
वर्षीय	varshiya:2	varshiy:1
वर्षे	varshe:3
वर्षेच	varshech:3
वर्षेपर्यंत	varsheparyant:2	varsheparyanta:1
वऱ्हाड	varhad:3
वलय	valay:3
वल्कले	valkale:3
वल्लभ	vallabh:3
वल्लभनगर	vallabhnagar:3
वल्लभभाई	vallabhbhai:3
वळण	valan:3
वळणारे	valnare:2	valanare:1
वळणावर	valnavar:2	valanavar:1
वळणावळणाचा	valanavalanacha:2	valnavalnacha:1
वळणावळणाच्या	valanavalanachya:2	valnavalnachya:1
वळणे	valane:2	valne:1
वळत	valat:3
वळतो	valato:2	valto:1
वळला	valala:3
वळली	valali:2	valalee:1
वळले	valale:3
वळलेले	valalele:3
वळलेल्या	valalelya:3
वळविण्यासाठी	valavinyasathee:3
वळवून	valavoon:2	valvoon:1
वळसा	valasa:2	valsa:1
वळसे	valase:2	valse:1
वळायला	valayala:2	valayla:1
वळावे	valave:3
वळून	valoon:3
वश	vash:3
वशिष्ठ	vashisht:1	vashishth:1	vashishtha:1
वसंत	vasant:3
वसंतगड	vasantgad:2	vasantagad:1
वसंतदादा	vasantdada:2	vasantadada:1
वसंतराव	vasantarao:1	vasantarav:1	vasantrao:1	vasantrav:1
वसंतात	vasantat:3
वसई	vasai:3
वसईचा	vasaicha:3
वसईच्या	vasaichya:3
वसतिगृह	vasatigruha:2	vastigruh:1
वसतिगृहाची	vasatigruhachee:3
वसतिगृहात	vasatigruhat:3
वसती	vasatee:3
वसला	vasla:4	vasala:3
वसले	vasale:3
वसलेला	vasalela:3
वसलेली	vasalelee:2	vasaleli:1
वसलेले	vaslele:4	vasalele:3
वसलेल्या	vasalelya:3
वसवले	vasavale:2	vasavle:1
वसविण्यात	vasavinyat:2	vasvinyat:1
वसविले	vasavile:3
वसाहत	vasahat:3
वसाहतवाद	vasahatvad:2	vasahatavad:1
वसाहती	vasahati:2	vasahatee:1
वसाहतीला	vasahatila:2	vasahateela:1
वसिम	vasim:2	wasim:1
वसिष्ठ	vasishtha:2	vasishth:1
वसुंधरा	vasundhara:3
वसुदेव	vasudev:3
वसुधा	vasudha:3
वसुबारस	vasubaras:3
वसुली	vasooli:1	vasulee:1	vasuli:1
वसूल	vasool:2	vasul:1
वसेकर	vasekar:3
वस्ताद	vastad:2	vastaad:1
वस्ती	vasti:3	vastee:2
वस्तीचे	vasteeche:2	vastiche:1
वस्तीच्या	vasteechya:2	vastichya:1
वस्तीजवळ	vasteejaval:2	vastijaval:1
वस्तीत	vasteet:2	vastit:1
वस्तीवर	vasteevar:2	vastivar:1
वस्तीसाठी	vasteesathee:2	vastisaathi:1
वस्तु	vastu:3
वस्तुतः	vastutaha:2	vastutah:1
वस्तुनिष्ठ	vastunishtha:2	vastunishth:1
वस्तुपाठ	vastupath:2	vastupatha:1
वस्तुमान	vastuman:3
वस्तुसंग्रहालय	vastusangrahalay:3
वस्तुस्थिती	vastusthitee:1	vastusthithi:1	vatusthitee:1
वस्तुस्थितीला	vastusthiteela:2	vastusthitila:1
वस्तू	vastu:4	vastoo:2
वस्तूंचा	vastooncha:3
वस्तूंची	vastoonchee:3
वस्तूंचे	vastoonche:3
वस्तूंच्या	vastunchya:2	vastoonchya:3
वस्तूंना	vastoonna:3
वस्तूंनी	vastoonnee:2	vastoonee:1
वस्तूंमध्ये	vastoonmadhye:3
वस्तूंवर	vastoonvar:3
वस्तूचा	vastucha:2	vastoocha:3
वस्तूची	vastoochee:3
वस्तूचे	vastooche:2	vastuche:1
वस्तूच्या	vastoochya:2	vastuchya:1
वस्तूत	vastoot:2	vastut:1
वस्तूपासून	vastoopasoon:2	vastupasun:1
वस्तूमध्ये	vastoomadhye:2	vastumadhye:1
वस्तूमान	vastooman:2	vastuman:1
वस्तूला	vastoola:2	wastula:1
वस्तूवर	vastuvar:2	vastoovar:1
वस्त्या	vastya:3
वस्त्र	vastra:3
वस्त्रहरण	vastraharan:3
वस्त्रे	vastre:4
वस्त्रोद्योग	vastrodyog:3
वहन	vahan:3
वहात	wahat:2	vahat:2	vahaat:1
वहाते	vahate:3
वही	vahee:2	vahi:1
वहीवर	vaheevar:2	vahivar:1
वांग	vang:4	vanga:1	wang:1	wanga:1
वांगणी	vanganee:2	vangani:1
वांगी	vangee:2	vangi:1
वांगीकर	vangeekar:2	vangikar:1
वांग्याचा	vangyacha:3
वांद्रे	vandre:3
वांद्र्याच्या	vandryachya:2	vaghranchya:1
वांशिक	vanshik:3
वाइन	wine:3	vaain:1	vain:1
वाई	vai:3	vaii:2	vaai:1	waai:1
वाईचे	vaiche:2	vaiiche:1
वाईच्या	vaichya:2	vaiichya:1
वाईजवळ	vaijaval:2	vaiijaval:1
वाईट	vait:2	vaiit:1
वाईतील	vaiiteel:1	vaiteel:1	vaitil:1
वाईला	vaiila:1	vaila:1	waila:1
वाईल्ड	wild:3	waaild:2
वाकडी	vakadee:2	wakadi:1
वाकणकर	vakanakar:2	vakankar:1
वाका	vaka:3
वाकाटक	vakatak:3
वाकोला	vakola:3
वाक्प्रचार	vakprachar:3
वाक्य	vakya:3
वाक्यात	vakyat:2	vakyaat:1
वाक्याने	vakyane:2	vakyaane:1
वाक्ये	vakye:4
वाखाणला	vakhanla:2	vakhanala:1
वागणूक	vagnook:2	vaganook:1	vagnuk:1
वागणे	vagne:2	vagane:1
वागतो	vagato:2	vagto:1
वागले	vagale:2	vagle:1
वागळे	vagale:2	vagle:1
वागावे	vagave:3
वाग्देवता	vagdevata:2	vagdevta:1
वाघ	vagh:3
वाघमारे	vaghamare:2	vaghmare:1
वाघांची	vaghanchi:2	vaghanchee:1
वाघांचे	vaghanche:3
वाघांच्या	vaghanchya:3
वाघांनी	vaghanni:2	vaghannee:1
वाघांसाठी	vaghansathi:2	vaghansathee:1
वाघाचा	vaghacha:3
वाघाची	vaghachi:2	vaghachee:1
वाघाचे	vaghache:3
वाघाच्या	vaghachya:2	vaghaachya:1
वाघेरे	vaghere:2	vagherey:1
वाघोली	vagholi:2	vagholee:1
वाघ्या	vaghya:2	vaaghya:1
वाच	vach:3	vaach:1
वाचक	vachak:2	vaachak:1
वाचकांचा	vachakancha:2	vaachkanchaa:1
वाचकांच्या	vachakanchya:2	vaachkaanchyaa:1
वाचकांना	vachakanna:2	vaachkaanna:1
वाचकांनाही	vachakannahi:2	vaachkannaahi:1
वाचकांस	vachakans:2	vaachkaans:1
वाचकाचा	vachakacha:2	vaachkachaa:1
वाचकाला	vachakala:2	vaachkaala:1
वाचण्याची	vaachnyachee:1	vachanyachee:1	vachanyachi:1
वाचण्यास	vachanyas:2	vaachtnyaas:1
वाचण्यासाठी	vaachnyaasaathi:1	vachanyasathee:1	vachanyasathi:1
वाचत	vachat:2	vaachtat:1
वाचता	vaachta:1	vachata:1	vachta:1
वाचतांना	vaachtanna:1	vachatanna:1	vachtanna:1
वाचताना	vaachtaana:1	vachatana:1	vachtana:1
वाचतो	vachato:2	vaachto:1
वाचन	vachan:2	vaachan:1
वाचनाची	vaachnaachee:1	vachanachi:1	vachnachi:1
वाचनालय	vachanalay:2	vaachnalay:1	vachanalaya:1
वाचनालयाच्या	vachanalayachya:2	vaachnalayachya:1
वाचनालये	vachanalaye:2	vaachnalaye:1
वाचला	vaachla:1	vachala:1	vachla:1
वाचली	vaachlee:1	vachali:1	vachli:1
वाचले	vaachley:1	vachale:1	vachle:1
वाचल्यानंतर	vaachlyaananter:1	vachalyanantar:1	vachlyanantar:1
वाचवण्यासाठी	vaachvanyasaathi:1	vachavanyasathi:1	vachvanuasathi:1
वाचवा	vaachva:1	vachava:1	vachva:1
वाचविणे	vaachvinay:1	vachavine:1	vachvine:1
वाचस्पती	vachaspati:2	vaachaspati:1
वाचा	vacha:2	vaacha:1
वाचायचे	vachayche:3
वाचायला	vachayla:3
वाचाल	vachal:3
वाचावयास	vachavayas:3
वाचावी	vachavi:2	vachavee:1
वाचावे	vachave:3
वाचू	vachoo:2	vachu:2
वाचून	vachoon:2	vachun:2
वाजंत्री	vajantri:2	vajantree:1
वाजणे	vajne:3
वाजण्याच्या	vajnyachya:3
वाजत	vajat:2	vajt:1
वाजतगाजत	vajatgajat:3
वाजता	vajta:3
वाजताच	vajtach:3
वाजती	vajti:2	vajtee:1
वाजतो	vajto:3
वाजपेयी	vajpayee:2	vaajpaie:1	vaajpaiee:1	vaajpaiie:1
वाजपेयींनी	vajpaieenni:1	vajpayeenni:1	vajpeyeennee:1
वाजला	vajla:2	vajala:1
वाजवून	vajavoon:1	vajavun:1	vajvoon:1	vajvun:1
वाजिद	vajid:3
वाजून	vajoon:2	vajun:2
वाजे	vaje:2	vje:1
वाट	vaat:4	vat:3
वाटचाल	vatchal:2	vatchaal:1
वाटचालीची	vatchalichi:3
वाटचालीला	vatchalila:3
वाटण	vatan:3
वाटणारी	vatanari:1	vatnaari:1	vatnari:1
वाटणाऱ्या	vatanarya:1	vatnaarya:1	vatnarya:1
वाटणी	vatani:2	vatni:1
वाटणे	vatane:2	vatne:1
वाटत	vatat:5
वाटतच	vatatach:3
वाटतात	vatatat:3
वाटताना	vatatana:3
वाटते	vatate:3
वाटतो	vatato:3
वाटप	vatap:3
वाटलं	vatala:1	vatalam:1	vataln:1
वाटला	vatala:3
वाटली	vatali:2	vatalee:1
वाटले	vatale:3
वाटल्यास	vatalyas:3
वाटवे	vatave:2	vatve:1
वाटसरू	vatasaru:2	vatsaru:1
वाटा	vata:3
वाटाघाटी	vataghati:3
वाटाड्या	vatadya:3
वाटायचा	vataycha:2	vatayacha:1
वाटायचे	vatayche:2	vatayache:1
वाटावे	vatave:3
वाटी	vati:3
वाटू	vatu:3
वाटून	vatun:3
वाटे	vate:3
वाटेचा	vatecha:3
वाटेच्या	vatechya:3
वाटेत	vatet:3
वाटेतील	vatetil:3
वाटेने	vatene:3
वाटेल	vatel:3
वाटेला	vatela:3
वाटेवर	vatevar:3
वाटेवरच	vatevarach:2	vatevaracha:1
वाट्याला	vatyala:4
वाड	vad:3
वाडकर	vadkar:2	vadakar:1
वाडा	wada:4	vada:4
वाडिया	vadiya:3
वाडी	vadi:3	vadee:2	vaadi:1	vaadii:1
वाडीतील	vaaditeel:1	vadeeteel:1	vaditil:1
वाडे	vade:3	vaade:1	vadee:1	vadey:1
वाडेकर	vadekar:2	vaadekar:1
वाड्या	vadya:2	vaadya:1
वाड्यांची	vaadyaanchi:1	vadyanchee:1	vadyanchi:1
वाड्याचे	vadyache:3	vaadyache:1	vaadyachey:1
वाड्याच्या	vadyachya:2	vaadyachya:1
वाड्यात	vadyat:2	vaadyaat:1	vaangmayaat:1	vangmayat:1
वाड्यातील	vaadyateel:1	vaangmayateel:1	vadyateel:1	vadyatil:1
वाढ	wadh:5	vadh:2	vaadh:1
वाढणार	vadhanar:2	vaadhnaar:1	vaaghnaar:1
वाढणारा	vadhanara:2	vadhnara:1
वाढणारी	wadhanari:2	vadhanaree:1	vadhanari:1	vadhnaree:1
वाढणारे	vadhanare:2	vadhnare:1
वाढणाऱ्या	vadhanarya:2	vadhnarya:1
वाढणे	vadhane:2	vadhne:1
वाढण्यास	vadhanyas:2	vadhnyas:1
वाढत	vadhat:3
वाढतच	vadhatach:2	vadhatch:1
वाढता	vadhata:2	vadhta:1
वाढतांना	vadhtanna:2	vadhatanna:1
वाढतात	vadhtat:2	vadhatat:1
वाढती	vadhati:1	vadhtee:1	vadhti:1
वाढते	vadhate:2	vadhte:1
वाढतो	vadhto:2	vadhato:1
वाढत्या	vadhtya:2	vadhatya:1
वाढदिवस	vadhdivas:2	vadhadivas:1
वाढदिवसानिमित्त	vadhadiwasanimitt:1	vadhdivsanimitta:1	wadhdiwasanimitta:1
वाढला	vadhla:2	vadhala:1	wadhla:1
वाढली	vadhali:1	vadhli:1	wadhli:1
वाढले	vadhale:1	vadhle:1	wadhle:1
वाढलेला	vadhalela:2	wadhlela:1
वाढलेली	vadhaleli:2	wadhleli:1
वाढलेले	vadhalele:2	wadhlele:1
वाढलेल्या	vadhalelya:2	wadhlelya:1
वाढल्या	vadhalya:2	wadhlya:1
वाढल्याने	vadhalyane:2	wadhlyane:1
वाढल्यामुळे	vadhalyamule:2	wadhlyamule:1
वाढल्यास	vadhalyas:2	wadhlyas:1
वाढवणारी	vadhavanari:1	vadhavnaree:1	vadhavnari:1
वाढवणे	vadhavne:2	vadhavane:1
वाढवण्यासाठी	vadhavanyasathi:2	vadhavnyasathee:2	vadhavnyasathi:2
वाढवत	vadhavat:2	vadhvat:1
वाढवता	vadhavta:2	vadhavata:1
वाढवला	vadhavla:2	vadhavala:1
वाढवली	vadhavali:1	vadhavlee:1	vadhavli:1
वाढवले	vadhavle:2	vadhavale:1
वाढवायचे	vadhavayache:1	vadhavayche:1	vadhvayche:1
वाढवावा	vadhavava:2	vadhvava:1
वाढविणारी	vadhavinari:2	vadhvinaree:1
वाढविणारे	vadhavinare:2	vadhvinare:1
वाढविणे	vadhavine:2	vadhvine:1
वाढविण्यात	vadhavinyat:2	vadhvinyat:1
वाढविण्यावर	vadhavinyavar:2	vadhvinyavar:1
वाढविण्यास	vadhavinyas:2	vadhvinyas:1
वाढविण्यासाठी	vadhavinyasathi:2	vadhvinyasathee:1
वाढविला	vadhavila:2	vadhvila:1
वाढविली	vadhavili:2	vadhvilee:1
वाढविले	vadhavile:2	vadhvile:1
वाढवी	vadhavi:2	vadhvee:1
वाढवून	vadhavun:2	vadhvoon:1
वाढावी	vadhavi:2	vadhavee:1
वाढीचा	vadhicha:2	vadheecha:1
वाढीच्या	vadhichya:2	vaadhichya:1
वाढीव	vadhiv:2	vaadheev:1	vadheev:1
वाढीवर	vadhivar:2	vadhiwar:1
वाढीस	vadhis:2	vaadhees:1	vadhees:1
वाढीसाठी	vaadhisaathi:1	vadhisaathi:1	vadhisathi:1
वाढू	vadhu:2	vaadhu:1
वाढून	vadhun:2	vaadhoon:1
वाढेल	vadhel:2	vaadhel:1
वाण	vaan:2	van:1
वाणिज्य	vanijya:2	vaanijya:1
वाणी	vaani:1	vanee:1	vani:1
वाणीत	vaaneet:1	vaneet:1	vanit:1
वाणे	vane:2	vaaney:1
वात	vat:2	vaat:1
वातनाशक	vatanashak:2	vatnashak:1
वातानुकूलित	vatanukulit:2	vatanukoolit:1
वातावरण	vatavaran:3
वातावरणच	vatavaranach:2	vatavaranch:1
वातावरणाचा	vatavaranacha:3
वातावरणाची	vatavaranachi:2	vatavaranachee:1
वातावरणाचे	vatavaranache:3
वातावरणात	vatavaranat:3
वातावरणातही	vatavaranatahi:2	vatavaranatahee:1
वातावरणातील	vatavaranateel:2	vatavaranatil:1
वातावरणामध्ये	vatavaranamadhye:3
वातावरणामुळे	vatavaranamule:3
वातावरणीय	vatavaraneey:1	vatavaraniy:1	vatavaraniya:1
वाताहत	vatahat:3
वात्रटिका	vatratika:3
वात्सल्य	vatsalya:2	vatsaly:1
वाद	vad:3
वादंग	vadang:2	vadank:1
वादक	vadak:3
वादग्रस्त	vadagrast:2	vadgrast:1
वादन	vadan:3
वादळ	vadal:3
वादळांचा	vadalancha:3
वादविवाद	vadavivaad:1	vadavivad:1	vadvivad:1
वादाचे	vadache:3
वादातून	vadatun:3	vadatoon:1
वादामुळे	vadamule:3
वादी	vadi:3
वाद्य	vadya:3
वाद्यवृंद	vadyavrunda:2	vadyavrund:1
वाद्यांचा	vadyancha:2	vadyanch:1
वाद्यांची	vadyanchi:3
वाद्यांच्या	vadyanchya:3
वाद्यांना	vadyanna:3
वाद्याचा	vadyacha:3
वाद्याची	vadyachi:3
वाद्याचे	vadyache:3
वाद्ये	vadye:3
वान	van:3
वानर	vanar:3
वानरे	vanare:3
वापर	vapar:3
वापरकर्ता	vaparkarta:2	vaparkaarta:1
वापरकर्ते	vaparkarte:3
वापरकर्त्यांना	vaparkartyanna:3
वापरणारा	vaparnara:2	vaparanara:1
वापरणे	vaparne:2	vaparane:1
वापरण्याचा	vaparnyacha:2	vaparanyacha:1
वापरण्याची	waparanyachi:2	vaparnyachi:2	vaparanyachee:1
वापरण्याच्या	vaparnyachya:2	vaparanyachya:1
वापरण्यात	vaparnyat:2	vaparanyat:1
वापरण्याबद्दल	vaparnyabaddal:2	vaparanyabaddal:1
वापरण्यास	vaparnyas:2	vaparanyas:1
वापरण्यासाठी	vaparanyasathee:1	vaparnyasathee:1	vaparnyasathi:1
वापरत	vaparat:2	vapart:1
वापरता	vaparata:2	vaparta:1
वापरतात	vaparatat:2	vapartat:1
वापरते	vaparate:2	vaparte:1
वापरतो	vaparato:2	vaparto:1
वापरला	vaparala:2	vaparla:2
वापरली	vaparli:3	vaparalee:1	vaparlee:1
वापरले	vaparale:4	vaparle:2
वापरलेला	vaparlela:2	vaparalela:1
वापरलेली	vaparalelee:1	vaparlelee:1	vaparleli:1
वापरलेले	vaparlele:2	vaparalele:1
वापरलेल्या	vaparalelya:1	vaparlela:1	vaparlelya:1
वापरल्या	vaparlya:2	vaparalya:1
वापरल्यास	vaparlyas:3
वापरही	vaparahi:2	vaparhee:1
वापराचा	vaparacha:3
वापराची	vaparachi:2	vaparachee:1
वापराचे	vaparache:3
वापराच्या	vaparachya:3
वापरात	vaparat:3
वापरातील	vaparatil:2	vaparateel:1
वापरातून	vaparatoon:2	vaparatun:2
वापरानंतर	vaparanantar:3
वापराने	vaparane:3
वापराबाबत	vaparababat:3
वापरामुळे	vaparamule:3
वापरायचे	vaparayache:2	vaparayche:1
वापरायला	vaparayla:2	vaparayala:1
वापरावयाची	vaparavayachi:2	vapaavayachi:1
वापरावयास	vaparavayas:2	vaparavayaas:1
वापरावर	vaparavar:2	vaaprawar:1
वापरावी	vaparavi:2	vaapravi:1
वापरावीत	vaparavit:2	vaapraveet:1
वापरावे	vaparave:2	vaapravey:1
वापरास	vaparas:2	vaapras:1
वापरासाठी	vaparasathi:2	vaaprasaathi:1
वापरीत	vaparit:2	vapreet:1
वापरुन	vaparun:2	vaaproon:1	vaparoon:1
वापरू	vaparoo:2	vaapru:1	vaparu:1
वापरून	vaparun:3	vaparoon:2	vaaproon:1	vaparaoonach:1
वापरूनही	vaparoonahi:2	vaaproonhi:1	vaparunahi:1
वापी	vapee:2	vapi:1
वाफ	vaf:2	vaph:2	vaaf:1
वाफे	vaafe:1	vafe:1	vafey:1	vaphe:1
वाफेचे	vafeche:2	vafechey:1	vapheche:1
वाफेच्या	vafechya:2	vaafeychya:1	vaphechya:1
वाम	vaam:1	vam:1	waam:1
वामन	vaman:2	waman:1
वामनराव	wamanrao:2	vamanrao:1
वायफाय	vayafaya:1	vayaphaya:1	vifi:1	wayaphaya:1
वायरलेस	wireless:4	vayaraleesa:1	vayarales:1	vayaralesa:1
वायव्य	vayavya:2	vayvya:1
वायव्येकडील	vayavvekadeel:1	vayavyekadil:1	vayvyekadil:1
वायव्येला	vayavyela:2	vayvyela:1
वायव्येस	vayavyes:2	vayvyes:1
वाया	vaya:4	waya:1
वायुरूप	vayuroop:3
वायुसेना	vayusena:3
वायू	vayu:2	vayoo:1
वायूंचे	vayoonche:1	vayunche:1	vayunchey:1
वायूंच्या	vayunchya:2	vayoonchya:1
वायूचे	vayooche:1	vayuche:1	vayuchey:1
वायूच्या	vayuchya:2	vayoochya:1
वायूने	vayoone:1	vayune:1	vayuney:1
वार	var:3	war:3	vaar:1
वारंवार	varanvar:2	vaaranvar:1	waranwar:1
वारंवारता	varanvarta:2	varanvaarta:1
वारकरी	varkari:2	vaarkari:1
वारकऱ्यांची	varkaryanchi:2	vaarkaryaanchi:1
वारकऱ्यांना	varkaryanna:2	vaarkaryanna:1
वारणा	varna:3	warna:2	vaarna:1	varana:1
वारली	varli:2	vaarli:1
वारले	varle:2	vaarley:1
वारस	varas:3
वारसदार	varasdar:3
वारसा	varsa:2	varasa:1
वारा	vara:3
वाराणसी	varanasi:4	vaaranasi:1	vaaranasii:1	varanaci:1
वाराणसीत	varanasit:3
वाराला	varala:3
वारी	vari:3
वारीच्या	varichya:2	vareechya:1
वारीत	varit:2	vaareet:1
वारीस	varis:2	vaaris:1	waris:1
वारुगड	varugad:2	vaarugad:1
वारुळात	varulat:2	vaarudaat:1
वारे	vare:2	vaarey:1
वार्ता	varta:2	vaarta:1
वार्तापत्र	vaartapatra:1	vartapatra:1	vartapratra:1
वार्ताहर	vartahar:2	vaartahar:1
वार्धक्य	vardhaky:1	vardhakya:1	vardhkya:1
वार्षिक	varshik:2	vaarshik:1
वार्‍याच्या	varyachya:3
वाऱ्यांच्या	varyanchya:3
वाऱ्याचा	waryacha:2	varyacha:3
वाऱ्याच्या	varyachya:3
वाऱ्याने	varyane:3
वाऱ्यामुळे	varyamule:3
वालचंद	walchand:2	valchand:1
वालचंदनगर	walchandnagar:2	valchandnagar:1
वालावलकर	walawalkar:2	valavalkar:1
वाली	wali:2	valee:1
वाल्मिकी	valmikee:1	valmiki:1	walmiki:1
वाल्मीकी	valmeekee:1	valmiki:1	walmiki:1
वाल्हेकर	valhekar:2	walhekar:1
वाळके	valake:1	valke:1	walake:1
वाळते	valate:1	valte:1	walate:1
वाळलेली	valalelee:2	walaleli:1
वाळलेल्या	valalelya:3
वाळवंट	valvanta:2	valvant:2	valavant:1
वाळवंटात	valvantat:2	valavantat:1
वाळवंटातील	valvantateel:2	valavantateel:1
वाळवंटामध्ये	valvantamadhye:2	valavantamadhye:1
वाळवंटी	valvantee:2	valavantee:1
वाळवा	valava:2	valva:1
वाळवून	valavoon:2	valvoon:1
वाळा	vala:3
वाळू	valoo:2	valu:1
वाळूचा	valoocha:2	valucha:1
वाळूचे	valooche:2	valuche:1
वाळूच्या	valoochya:2	valuchya:1
वाळूज	valooj:2	valuj:1
वाव	vav:3	wow:1
वावर	vavar:3
वावरतो	vavarato:2	vaavarto:1
वावरात	vavarat:2	vaavraat:1
वाशिम	vashim:3
वाशिष्ठी	vaashisthi:1	vashishthee:1	vashishthi:1
वाशी	vaashi:1	vashee:1	vashi:1
वाशीम	vasheem:2	vaashim:1
वास	vas:2	vaas:1
वासंती	vasantee:2	vaasanti:1
वासना	vasana:2	vaasna:1
वासाचे	vasache:3
वासाने	vasane:3
वासामुळे	vasamule:3
वासावरून	vasavaroon:2	vasavarun:1
वासुदेव	vasudev:3
वासुदेवराव	vasudevrao:2	vasudevarao:1	vasudevrav:1
वासुदेवानंद	vasudevanand:3
वासू	vasu:2	vasoo:1
वासे	vase:3	vaase:1
वास्को	vasco:4	vascoo:1	vasko:1	vaskoo:1
वास्तव	vastav:3
वास्तववादी	vastavavadi:2	vastavvadi:1
वास्तवाचा	vastavacha:3
वास्तवाचे	vastavache:3
वास्तवाच्या	vastavachya:3
वास्तवात	vastavat:2	vastavaat:1
वास्तवातील	vastavateel:2	vastavatil:1
वास्तवाला	vastavala:3
वास्तवावर	vastavavar:3
वास्तविक	vastavik:3
वास्तव्य	vastavya:3
वास्तव्यात	vastavyat:3
वास्तव्यामुळे	vastavyamule:3
वास्तव्यास	vastavyas:3
वास्तु	vastu:3
वास्तुंचे	vastunche:3
वास्तुरचनाकार	vasturachanakar:2	vasturachnakar:1
वास्तुविशारद	vastuvisharad:3
वास्तुशास्त्र	vastushastra:3
वास्तू	vastu:2	vastoo:1
वास्तूंमध्ये	vastunmadhye:2	vastoonmadhye:1
वास्तूमध्ये	vastumadhye:3
वाहक	vahak:3
वाहणारा	vahnara:2	vahanara:1
वाहणारी	vahnari:2	vahanari:1
वाहणारे	vahnare:2	vahanare:1
वाहणाऱ्या	vahnarya:2	vahanarya:1
वाहत	vahat:3
वाहता	vahta:2	vahata:1
वाहतात	vahtat:2	vahatat:1
वाहतुकीचा	vahatukicha:1	vahtukeecha:1	vahtukicha:1
वाहतुकीची	vahatukichi:1	vahtukeechee:1	vahtukichi:1
वाहतुकीचे	vahatukiche:1	vahtukeeche:1	vahtukiche:1
वाहतुकीच्या	vahatukichya:1	vahtukeechya:1	vahtukichya:1
वाहतुकीत	vahatukit:1	vahtukeet:1	vahtukit:1
वाहतुकीमुळे	vahatukimule:1	vahtukeemule:1	vahtukimule:1
वाहतुकीसाठी	vahatukisathi:2	vahtukeesathee:1
वाहतूक	vahatook:1	vahatuk:1	vahtook:1
वाहतूकीसाठी	vahatookisathi:1	vahtookeesathee:1	vahtukisathi:1
वाहते	vahate:2	vahte:1
वाहतो	vahato:2	vahto:1
वाहत्या	vahatya:2	vahtya:1
वाहन	vahan:3
वाहनचालक	vahanchalak:3
वाहनांचा	vahanancha:2	vaahanancha:1
वाहनांची	vaahananchi:1	vahananchee:1	vahananchi:1
वाहनांना	vahananna:2	vahnanna:1
वाहनातून	vaahanatoon:1	vahanatoon:1	vahnatun:1
वाहनाने	vaahanane:1	vahanane:1	vahnane:1
वाहनावर	vaahanavar:1	vahanavar:1	vahnavar:1
वाहने	vaahane:1	vahane:1	vahne:1
वाहवा	vahava:1	vahva:1	wahwa:1
वाहिद	vahid:3	wahid:1
वाहिनी	vahinee:2	vahini:1
वाहिनीवर	vahineevar:2	vahinivar:1
वाहिनीवरील	vahineevareel:2	vahinivaril:1
वाहिन्यांचा	vahinyancha:3
वाहिन्यांनी	vahinyannee:2	vahinyanni:1
वाहिन्यांवर	vahinyanvar:3
वाहिन्यांवरील	vahinyanvareel:2	vahinyanvaril:1
वाहिली	vahilee:2	vahili:1
वाहिले	vahile:3
वाहिलेले	vahilele:3
वाहिलेल्या	vahilelya:3
वाहु	vahu:3
वाहू	vahoo:2	vahu:2
वाहून	vahun:2	vahoon:2
विंग	wing:4	ving:2	veang:1	veeng:1
विंची	vinchi:2	vinci:2	winchi:2	viinchii:1
विंचू	vinchoo:2	vinchu:2
विंडोज	windows:3	vindoj:1
विंदा	vinda:3
विंध्य	vindhya:3
विंबल्डन	wimbledon:2	vimbaldan:1	wimbaldon:1
विकणे	vikne:2	vikane:1
विकण्याचा	viknyacha:2	vikanyacha:1
विकण्याची	vikanyaachi:1	viknyachee:1	viknyachi:1
विकण्याच्या	viknyachya:2	vikanyachya:1
विकण्यास	vikanyaas:1	vikanyas:1	viknyas:1
विकण्यासाठी	vikanyasaathi:1	vikanyasayhi:1	viknyasathee:1
विकत	vikat:3
विकतचे	vikatache:2	vakatache:1
विकता	vikta:2	vikata:1
विकतात	viktat:2	vikatat:1
विकते	vikate:2	vikte:1
विकतो	vikato:2	vikto:1
विकल	vikal:4
विकला	vikala:2	vikla:1
विकलांग	vikalang:2	viklang:1
विकली	vikali:2	viklee:1	weekly:1
विकले	vikale:2	vikle:1
विकल्प	vikalp:3
विकल्या	vikalya:2	viklya:1
विकल्यावर	vikalyavar:2	viklyavar:1
विकसन	vikasan:1	vikasana:1	viksan:1
विकसनशील	vikasanasheel:1	vikasansheel:1	vikasanshil:1
विकसित	vikasit:2	viksit:1
विकसीत	vikasit:2	vikseet:1
विकार	vikar:3
विकारांच्या	vikaranchya:2	vikaaranchya:1
विकारांवर	vikaranvar:2	vikaaranwar:1
विकाराचे	vikarache:2	vikaarachey:1
विकाराने	vikarane:2	vikaaraney:1
विकास	vikas:3	veakas:1	veekas:1	veeqas:1
विकासक	vikasak:2	vikaasak:1
विकासाचा	vikasacha:3
विकासाची	vikasachee:2	vikasachi:1
विकासाचे	vikasache:3
विकासाच्या	vikasachya:3
विकासात	vikasat:3
विकासातील	vikasateel:2	vikasatil:1
विकासाबरोबरच	vikasabarabarach:1	vikasabarobarach:1	vikasabarobarch:1
विकासामध्ये	vikasamadhye:3
विकासाला	vikasala:3
विकासावर	vikasavar:3
विकासाशी	vikasashi:2	vikasashee:1
विकासासाठी	vikasasathee:2	vikasasathi:1
विकिपिडिया	vikipidiya:2	wikipedia:2
विकिपीडिया	vicipediya:1	viikiipiidiiya:1	vikipedia:1	vikipeediya:1
विकिपीडियावर	vikipeediyavar:2	wikipediavar:1
विकिमिडिया	wikimedia:3	vikimidiya:1
विकिस्रोत	wikistrot:3	vikistrot:1
विकी	wiki:3	vicki:1	vicky:1	vikee:1
विकू	vikoo:3
विकून	vikoon:3
विकृत	vikrut:3
विकृती	vikruti:2	vikrutee:1
विकेंद्रित	vikendrit:3
विकेट	wicket:3	viket:1
विकेटसाठी	viketsathee:1	wicketsaathi:1	wicketsathi:1
विको	vicco:1	vico:1	viko:1
विक्रम	vikram:4	veekram:1	veeqram:1	viikram:1
विक्रमादित्य	vikramaditya:2	vikramadity:1
विक्रमी	vikramee:3
विक्री	vikri:3	vikree:3
विक्रीमुळे	vikreemule:3
विक्रीसाठी	vikreesathee:3
विक्रेते	vikrete:3
विक्रेत्यांना	vikretyanna:3
विक्रेत्याला	vikretyala:3
विक्रोळी	vikrolee:2	vikroli:1
विखुरलेला	vikhuralela:2	vikhurlela:1
विखुरलेली	vikhuraleli:2	vikhurlelee:1
विखुरलेले	vikhuralele:2	vikhurlele:1
विखे	vikhe:3
विख्यात	vikhyat:3	vikhyaat:1
विघटन	vighatan:2	vightan:1
विघटनानंतर	vighatananantar:2	vightananantar:1
विघातक	vighatak:3
विघ्न	vighna:2	vighn:1
विघ्ने	vighne:3
विघ्नेश	vighnesh:3
विचलित	vichalit:2	vichlit:1
विचार	vichar:3
विचारणा	vicharna:2	vicharana:1
विचारणे	vichaarney:1	vicharane:1	vicharne:1
विचारण्यात	vichaarnyaat:1	vicharanyat:1	vicharnyat:1
विचारताना	vichaartana:1	vicharatana:1	vichartana:1
विचारतो	vichaarto:1	vicharato:1	vicharto:1
विचारधारा	vichaardhaara:1	vicharadhara:1	vichardhara:1
विचारधारेचे	vichardhareche:2	vichaardharechey:1
विचारमंथन	vicharmanthan:2	vichaarmanthan:1
विचारल	vicharal:2	vicharl:1
विचारला	vicharla:3
विचारले	vicharle:2	vicharale:1
विचारलेले	vicharlele:3
विचारवंत	vicharvant:2	vicharavant:1
विचारवंतांची	vicharavantanni:1	vicharvantanchee:1	vicharvantanchi:1
विचारवंतांना	vicharvantanna:2	vicharavantanna:1
विचारवंतांनी	vicharavantanni:2	vicharvantannee:1
विचारसरणी	vicharasarani:1	vicharsarani:1	vicharsarnee:1
विचारसरणीचा	vicharasaranicha:1	vicharsaraneecha:1	vicharsaranicha:1
विचारसरणीची	vicharasaranichi:1	vicharsaranichi:1	vicharsarneechee:1
विचारसरणीचे	vicharasaraniche:1	vicharsaraniche:1	vicharsarneeche:1
विचारसरणीच्या	vicharasaranichya:1	vicharsaranichya:1	vicharsarneechya:1
विचारसरणीत	vicharasaranit:1	vicharsaranit:1	vicharsarneet:1
विचारही	vicharahi:1	vicharhee:1	vicharhi:1
विचारांचा	vicharancha:3
विचारांची	vicharanchi:2	vicharanchee:1
विचारांचे	vicharanche:3
विचारांच्या	vicharanchya:3
विचारांना	vicharanna:3
विचारांनी	vicharanni:2	vicharannee:1
विचारांवर	vicharanvar:3
विचारांसाठी	vicharansathi:2	vichaaransaathi:1
विचाराची	vicharachi:2	vichaarachi:1
विचाराच्या	vicharachya:2	vichaarachya:1
विचारात	vicharat:2	vichaarat:1
विचारानुसार	vicharanusar:2	vichaaranusaar:1
विचाराने	vicharane:2	vichaaraney:1
विचारावर	vicharavar:2	vichaarawer:1
विचारावे	vicharave:2	vichaarave:1
विचारून	vicharoon:3
विचारे	vichare:3
विचित्र	vichitra:2	vichitr:1
विच्छा	vichcha:2	vichha:1
विज	vij:2	veej:1
विजय	vijay:4	veejai:1	veejay:1	veezay:1
विजयकुमार	vijaykumar:3
विजयदुर्ग	vijaydurg:3
विजयनगर	vijaynagar:3
विजयवाडा	vijaywada:3	vijayavada:1	vijayawada:1	vijayvada:1
विजया	vijaya:4	vizaya:1	wijaya:1
विजयात	vijayat:3
विजयादशमी	vijayadashami:2	vijayadashmi:1
विजयादशमीच्या	vijayadashamichya:2	vijayadashmichya:1
विजयादशमीला	vijayadashamila:2	vijayadashmila:1
विजयानंतर	vijayanantar:3
विजयाने	vijayane:3
विजयामुळे	vijayamule:3
विजयालक्ष्मी	vijayalakshami:2	vijayalaxmi:1
विजयी	vijayi:3
विजा	vija:2	visa:2
विजापूर	vijapur:3	bijapur:1	vijayapur:1
विजापूरच्या	vijapurchya:2	vijapoorachya:1
विजार	vijar:2	vijaar:1
विजेंदर	vijendar:2	vijender:1
विजेच्या	vijechya:3
विजेता	vijeta:3
विजेती	vijeti:2	vijetee:1
विजेते	vijete:3
विजेतेपद	vijetepad:3
विजेत्या	vijetya:3
विजेत्यांची	vijetyanchi:2	vijetyanchee:1
विज्ञान	vidnyan:2	vignyan:1
विज्ञानकथा	vidnyankatha:2	vignyankatha:1
विज्ञानवाद	vidnyanvad:1	vidnyanwad:1	vignyanavad:1	vigyanvaad:1
विज्ञानविषयक	vidnyanvishayak:1	vignyanavishayak:1	vigyanvishyak:1
विज्ञानाचा	vidnyanacha:1	vignyanacha:1	vigyanaacha:1
विज्ञानाची	vidnyanachi:1	vignyanachi:1	vigyanachee:1
विज्ञानाचे	vidnyanache:1	vignyanache:1	vigyanachey:1
विज्ञानाच्या	vidnyanachya:1	vignyanachya:1	vigyanachya:1
विज्ञानात	vidnyanat:2	vigyanaat:1
विज्ञानातील	vidnyanatil:2	vigyanateel:1
विज्ञानाने	vidnyanane:2	vigyanaaney:1
विज्ञानामध्ये	vidnyanamadhye:1	vidnyanamule:1	vigyanamadhye:1
विज्ञानाला	vidnyanala:2	vigyanaala:1
विझून	vijhoon:1	vijhun:1	vizun:1
विट	vit:4	wit:1
विटंबना	vitambana:3
विटा	vita:4	vitaa:1	wita:1	witaa:1
विटांचा	vitancha:3
विटांची	vitanchi:3
विटांच्या	vitanchya:3
विटांनी	vitanni:3
विटे	vite:3
विटेवरी	vitevari:3
विठाई	vithai:3
विठाबाई	vithabai:3
विठू	vithu:3
विठोबा	vithoba:3
विठोबाची	vithobachi:3
विठोबाच्या	vithobachya:3
विठ्ठल	viththal:2	vitthal:1
विठ्ठलराव	vitthalrao:2	viththalrao:1
विठ्ठलाची	vitthalachi:2	viththalachi:1	vitthalachee:1
विडंबनात्मक	vidambanatmak:3
विडंबने	vidambane:3
विडा	vida:3
विडियो	video:2	videyo:1	vidiyo:1
विडी	videe:2	vidi:1
विड्या	vidya:3
विणली	vinalee:2	vinali:1
विणलेले	vinalele:2	vinlele:1
विणीचा	vineecha:2	vinicha:1
विणीच्या	vineechya:2	vinichya:1
वितरक	vitarak:3
वितरण	vitaran:3
वितरणही	vitaranahi:2	vitaranhee:1
वितरणाच्या	vitaranachya:2	vitarnachya:1
वितरित	vitarit:3
वितरीत	vitarit:2	vitareet:1
वितळू	vitaloo:2	vitalu:1
वितळून	vitaloon:1	vitalun:1	vitloon:1
वित्त	vitta:2	vitt:1
वित्तपुरवठा	vittapuravatha:1	vittapuravtha:1	vittpuravatha:1
वित्तहानी	vittahani:2	vittahanee:1
वित्तीय	vittiy:2	vitteey:1
विदर्भ	vidarbh:2	viddarbh:1
विदर्भाचा	vidarbhacha:3
विदर्भाच्या	vidarbhachya:3
विदर्भात	vidarbhat:3
विदर्भातही	vidarbhatahi:2	vidarbhathee:1
विदर्भातील	vidarbhatil:2	vidarbhateel:1
विदर्भामध्ये	vidarbhamadhye:3
विदा	vida:1	vidaa:1	wida:1	widaa:1
विदूषक	vidooshak:2	vidushak:1
विदेश	videsh:3
विदेशातही	videshatahi:2	videshatahee:1
विदेशी	videshi:2	videshee:1
विदेह	videh:3
विद्यमान	vidyaman:2	vidyamaan:1
विद्यमाने	vidyamane:2	vidyamaane:1
विद्या	vidya:5	veedya:1	viidya:1	weedya:1
विद्यांचा	vidyancha:3
विद्याधर	vidyadhar:3
विद्यानिकेतन	vidyaniketan:3
विद्यापिठाच्या	vidyapithachya:3
विद्यापिठात	vidyapithaat:2	vidyapithat:1
विद्यापीठ	vidyapith:2	vidyapeeth:1
विद्यापीठांची	vidyapithanchi:3
विद्यापीठांतील	vidyapithanteel:2	vidyapithantil:1
विद्यापीठांतून	vidyapithantun:2	vidyapithantoon:1
विद्यापीठांमध्ये	vidyapithanmadhye:3
विद्यापीठाकडून	vidyapeethakadoon:1	vidyapithakadoon:1	vidyapithakadun:1
विद्यापीठाचा	vidyapithacha:2	vidyapeethacha:1
विद्यापीठाची	vidyapithachi:2	vidyapeethachee:1
विद्यापीठाचे	vidyapithache:2	vidyapeethache:1
विद्यापीठाच्या	vidyapithachya:2	vidyapeethachya:1
विद्यापीठात	vidyapithat:3	vidyapeethat:1	vidyapithaat:1
विद्यापीठातर्फे	vidyapithatarfe:2	vidyapeethatarfe:1
विद्यापीठातील	vidyapeethateel:1	vidyapithateel:1	vidyapithatil:1
विद्यापीठातून	vidyapeethatoon:1	vidyapithatoon:1	vidyapithatun:1
विद्यापीठाने	vidyapithane:2	vidyapeethane:1
विद्यापीठामध्ये	vidyapithamadhye:2	vidyapeethamadhye:1
विद्यापीठाला	vidyapithala:2	vidyapeethala:1
विद्यापीठाशी	vidyapithashi:2	vidyapeethashee:1
विद्यापीठासाठी	vidyapeethasathee:2	vidyapithasathi:1
विद्यापीठीय	vidyapeetheey:2	vidyapithiy:1
विद्यापीठे	vidyapeethe:2	vidyapithe:1
विद्यामंदिर	vidyamandir:2	vidyamandeer:1
विद्यामंदिरात	vidyamandirat:3
विद्यार्थांना	vidyarthanna:3
विद्यार्थिनी	vidyarthinee:2	vidyarthini:1
विद्यार्थिनींना	vidyarthineenna:2	vidyarthininna:1
विद्यार्थिनीला	vidyarthinila:2	vidyarthineela:1
विद्यार्थी	vidyarthi:2	vidyarthee:1
विद्यार्थीच	vidyarthich:2	vidyartheech:1
विद्यार्थीनी	vidyarthini:2	vidyartheenee:1
विद्यार्थ्यांचा	vidyarthyancha:4
विद्यार्थ्यांची	vidyarthyanchi:3	vidyarthyanchee:1
विद्यार्थ्यांचे	vidyarthyanche:4
विद्यार्थ्यांच्या	vidyarthyanchya:3
विद्यार्थ्यांना	vidyarthyanna:3
विद्यार्थ्यांनी	vidyarthyanni:3
विद्यार्थ्यांमध्ये	vidyarthyanmadhye:3
विद्यार्थ्यांसाठी	vidyarthyansathi:2	vidyarthyansathee:1
विद्यार्थ्याना	vidyarthyana:3
विद्यार्थ्याने	vidyarthyane:3
विद्यार्थ्याला	vidyarthyala:3
विद्यार्थ्यास	vidyarthyas:3
विद्यालय	vidyalay:3
विद्यालयाची	vidyalayachi:2	vidyalayachee:1
विद्यालयाचे	vidyalayache:2	vidyalayche:1
विद्यालयात	vidyalayat:3
विद्यालयातून	vidyalayatoon:2	vidyalayatun:1
विद्यालयामध्ये	vidyalayamadhye:3
विद्यालये	vidyalaye:3
विद्याला	vidyala:3
विद्यावाचस्पती	vidyavachaspati:2	vidyavachspatee:1
विद्याविहार	vidyavihar:3
विद्याशाखेचे	vidyashakheche:3
विद्यासागर	vidyasagar:3
विद्युत	vidyut:3
विद्युतचुंबकीय	vidyutchumbakiy:2	vidyutchumbakeey:1
विद्युतनिर्मिती	vidyutnirmiti:2	vidyutnirmitee:1
विद्युतीय	vidyutiy:2	vidyuteey:1
विद्युत्	vidyut:3
विद्रोहाची	vidrohachi:2	vidrohaachi:1
विद्रोही	vidrohi:3
विद्वत्तापूर्ण	vidvattapoorn:2	vidvattapurn:1
विद्वांस	vidvans:2	vidwaans:1
विद्वान	vidvan:2	vidwaan:1
विद्वानांचा	vidvanancha:2	vidwanancha:1
विद्वानांची	vidvananchi:2	vidwananchi:1
विद्वानांचे	vidvananche:2	vidwananche:1
विद्वानांच्या	vidvananchya:2	vidwananchya:1
विद्वानांनी	vidvananni:2	vidwananni:1
विधवा	vidhava:2	vidhva:1
विधवेला	vidhavela:2	vidhvela:1
विधान	vidhaan:2	vidhan:2
विधानसभा	vidhansabha:3
विधानसभेचा	vidhansabhecha:3
विधानसभेचे	vidhansabheche:3
विधानसभेच्या	vidhansabhechya:3
विधानसभेत	vidhansabhet:3
विधानसभेतील	vidhansabheteel:2	vidhansabhetil:1
विधानसभेवर	vidhansabhevar:3
विधाने	vidhane:3
विधायक	vidhayak:3
विधिमंडळ	vidhimandal:3
विधिमंडळाच्या	vidhimandalachya:2	veedhimandadachya:1
विधियुक्त	veedhiyukt:1	vidhiyukt:1	vidhiyukta:1
विधिवत	vidhivat:2	veedhivat:1
विधी	vidhi:3	veedhi:1
विधीत	vidheet:2	veedhit:1	vidhit:1
विधीस	veedhis:1	vidhees:1	vidhis:1
विधेयक	vidheyak:3
विधेयकाचा	vidheyakacha:2	vidheykacha:1
विधेयकात	vidheyakat:2	vidheykaat:1
विधेयकाला	vidheyakala:3
विधेयकावर	vidheyakavar:3
विधेयकावरील	vidheyakavareel:2	vidheyakavaril:1
विध्वंस	vidhvans:3
विध्वंसक	vidhvansak:3
विनंती	vinanti:2	vinantee:2
विनंतीवरून	vinanteevaroon:2	vinantivaroon:1
विनंत्या	vinantya:2	vinanatya:1
विनता	vinata:3
विनम्रतेने	vinamratene:3
विनय	vinay:4	vinai:1	winay:1
विना	vina:3
विनाअडथळा	vinaadathala:2	vinaadthala:1
विनाअनुदान	vinaanudan:2	vinaanudaan:1
विनातिकीट	vinatikeet:2	vinaticket:1	vinatikit:1
विनामूल्य	vinamooly:1	vinamoolya:1	vinamulya:1
विनायक	vinayak:3
विनायकराव	vinayakrao:2	vinayakarav:1	vinayakrav:1
विनाश	vinash:3
विनाशाचे	vinashache:3
विनाशिका	vinashika:3
विनाशुल्क	vinashulk:3
विनिमय	vinimay:2	vinimai:1
विनियोग	viniyog:2	vinaiyog:1
विनीता	vineeta:2	vinita:1
विनू	vinoo:3
विनोद	vinod:4	veenod:1	veenood:1	viinod:1
विनोदी	vinodee:2	vinodi:1
विनोबा	vinoba:3
विनोबाजी	vinobajee:2	vinobaji:1
विपणन	vipanan:2	vinapan:1
विपरीत	viparit:2	veeprit:1	vipareet:1
विपर्यास	veeprayas:1	viparyaas:1	viparyas:1
विपश्यना	veepshyana:1	vipashyana:1	vipyashana:1
विपुल	vipul:3	veepul:1
विपूल	vipul:2	veepul:1	vipool:1
विफल	vifal:3	veefal:1	viphal:1
विभक्त	vibhakta:2	veebhakt:1	vibhakt:1
विभक्ती	vibhakti:3	veebhakti:1
विभाग	vibhag:2	veebhag:1
विभागणी	vibhagani:2	veebhagni:1
विभागता	vibhagata:2	veebhagta:1
विभागप्रमुख	vibhagapramukh:2	veebhagpramukh:1
विभागला	vibhagala:2	veebhagla:1
विभागली	veebhagli:1	vibhagalee:1	vibhagali:1
विभागले	vibhagale:2	veebhagle:1
विभागलेला	veebhaglela:1	vibhagalela:1	vibhaglela:1
विभागलेली	vibhagaleli:2	vibhagalelee:1
विभागलेले	vibhagalele:2	vibhaglele:1
विभागलेल्या	vibhagalelya:3
विभागल्या	vibhagalya:3
विभागही	vibhagahi:2	vibhagahee:1
विभागांचा	vibhagancha:3
विभागांचे	vibhaganche:3
विभागांच्या	vibhaganchya:3
विभागांत	vibhagant:3
विभागांना	vibhaganna:3
विभागांपैकी	vibhaganpaikee:2	vibhaganpaiki:1
विभागांमध्ये	vibhaganmadhye:3
विभागाकडे	vibhagakade:3
विभागाचा	vibhagacha:3
विभागाची	vibhagachee:2	vibhagachi:1
विभागाचे	vibhagache:3
विभागाच्या	vibhagachya:3
विभागात	vibhagat:3
विभागातर्फे	vibhagatarfe:3
विभागातील	vibhagateel:3
विभागातून	vibhagatoon:2	vibhagatun:1
विभागाद्वारे	vibhagadware:2	vibhagadvare:1
विभागाने	vibhagane:3
विभागामध्ये	vibhagamadhye:2	vibhagamadhe:1
विभागामार्फत	vibhagamarfat:3
विभागाला	vibhagala:3
विभागाशी	vibhagashi:2	vibhagashee:1
विभागासाठी	vibhagasathi:3
विभागीय	vibhagiya:2	vibhagiy:1
विभागून	vibhagun:2	vibhagoon:1
विभाजन	vibhajan:3
विभाजने	vibhajane:3
विभाजित	vibhajit:3
विभावरी	vibhavari:3
विभिन्न	vibhinna:3
विभुते	vibhute:3
विभूती	vibhuti:2	vibhootee:1
विभूषण	vibhushan:2	vibhooshan:1
विमल	vimal:3
विमला	vimala:2	vimla:1
विमा	vima:3
विमान	viman:3
विमानतळ	vimantal:3
विमानतळाचा	vimantalacha:3
विमानतळाच्या	vimantalachya:3
विमानतळाला	vimantalala:2	vimanatalala:1
विमानतळावर	vimantalavar:3
विमानतळावरून	vimantalavaroon:3
विमाननगर	vimannagar:2	vimananagar:1
विमानवाहू	vimanvahoo:2	vimanavahoo:1
विमानसेवा	vimanseva:3
विमानांचा	vimanancha:3
विमानांची	vimananchee:2	vimananchi:1
विमानांचे	vimananche:3
विमानांच्या	vimananchya:3
विमानांना	vimananna:3
विमानांनी	vimananee:1	vimanannee:1	vimananni:1
विमानाचा	vimanacha:3
विमानाची	vimanachee:2	vimanachi:1
विमानाचे	vimanache:3
विमानाच्या	vimanachya:3
विमानात	vimanat:3
विमानातील	vimanateel:2	vimanatil:1
विमानातून	vimanatoon:3
विमानाने	vimanane:3
विमानाला	vimanala:3
विमाने	vimane:3
विमुक्त	vimukt:2	veemukt:1
विमुक्तांच्या	vimuktanchya:2	veemuktanchya:1
विरंगुळा	virangula:2	veeranguda:1
विरक्त	veerakt:1	virakt:1	virakta:1
विरक्ती	virakti:2	veerakti:1
विरघळत	virghalat:2	veerghadat:1
विरघळलेल्या	veerghadlelya:1	viraghalalelya:1	virghalalelya:1
विरघळुन	veerghadun:1	viraghalun:1	virghalun:1
विरघळून	veerghadoon:1	viraghaloon:1	virghalun:1
विरजण	veerjan:1	virajan:1	virjan:1
विरळ	viral:2	veerad:1
विरळाच	viralach:2	virlach:1
विरह	virah:3
विरहाची	virahachi:1	virhachee:1	virhachi:1
विरहाने	virahane:2	virhane:1
विरहित	virahit:2	virhit:1
विरहीत	viraheet:1	virahit:1	virhit:1
विराजमान	virajman:3
विराट	virat:3
विराम	viram:3
विरार	virar:3
विरुद्ध	virudha:2	viruddha:2	viruddh:1
विरुद्धच्या	viruddhachya:3
विरुध्द	viruddha:2	viroodhda:1
विरू	viroo:2	viru:1
विरूद्ध	virooddh:1	virooddha:1	viruddha:1
विरेंद्र	virendra:3
विरेचन	virechan:3
विरोध	virodh:2	veerodh:1
विरोधक	virodhak:2	veerodhak:1
विरोधकही	virodhakahi:2	veerodhakhi:1
विरोधकांच्या	veerodhkanchya:1	virodhakanchya:1	virodhkanchya:1
विरोधकांना	veerodhkanna:1	virodhakanna:1	virodhkanna:1
विरोधकांनी	veerodhkanni:1	virodhakanni:1	virodhkanni:1
विरोधाचा	virodhacha:2	veerodhacha:1
विरोधाचे	virodhache:2	veerodhache:1
विरोधात	virodhat:2	veerodhaat:1
विरोधातही	veerodhathi:1	virodhatahee:1	virodhatahi:1
विरोधातील	veerodhateel:1	virodhateel:1	virodhatil:1
विरोधाभास	virodhabhas:2	veerodhabhaas:1
विरोधी	virodhi:2	virodhee:2
विल	vil:3	will:3	veel:1	viil:1
विलंब	vilamb:3
विलक्षण	vilakshan:3
विलय	vilay:3
विलायत	vilayat:3
विलास	vilas:4	veelas:1	viilas:1	vilasa:1
विलासराव	vilasarao:1	vilasarav:1	vilasrao:1	vilasrav:1
विलिंग्डन	willingdon:2	vilingdan:1	willingdan:1
विलिन	vilin:2	veeleen:1	veelin:1
विलियम	william:3	viliyam:1
विलिस	vealis:1	vilis:1	wealis:1	welis:1
विलीन	vileen:2	veelin:1
विलीनीकरण	veelinikaran:1	vileeneekaran:1	vilineekaran:1
विले	vile:4	vilee:2	viley:2	wile:2
विलेपार्ले	vileparle:2	villeparle:1
विल्यम	william:4	veeliam:1	veelium:1	vellium:1
विल्यम्स	williams:4	viliams:1	viliyams:1	viliyamsh:1
विल्सन	wilson:4	veelsan:1	veelshon:1	veelson:1
विल्हेवाट	vilhevat:2	vilhevaat:1
विळखा	vilakha:2	veedkha:1
विवक्षित	vivakshit:2	veevakshit:1
विवध	vivadh:2	veevadh:1
विवरण	vivaran:2	veevran:1
विवाह	vivah:3
विवाहबद्ध	vivahabaddha:1	vivahbaddha:1	vivahbadhda:1
विवाहसंबंध	vivahasambandh:1	vivahsanbandh:1	vivahsanbandha:1
विवाहाची	vivahachee:2	vivahachi:1
विवाहाचे	vivahache:3
विवाहाच्या	vivahachya:3
विवाहात	vivahat:3
विवाहानंतर	vivahanantar:3
विवाहित	vivahit:3
विविध	vividh:3
विविधता	vividhata:2	vividhta:1
विविधतेचे	vividhteche:2	vividhateche:1
विविधतेत	vividhtet:2	vividhatet:1
विविधा	vividha:3
विवेक	vivek:4	veeveek:1	veevek:1	veeveq:1
विवेकने	vivekne:3
विवेकानंद	vivekanand:4	veeveekanand:1	veevekanand:1	veeveqanand:1
विवेकानंदांचे	vivekanandanche:3
विवेकानंदांच्या	vivekanandachya:1	vivekanandanchya:1	vivekanandannchya:1
विवेकानंदांनी	vivekanandanni:2	vivekanandannee:1
विवेचन	vivechan:3
विव्हळत	vivhalat:2	vivhlat:1
विशद	vishad:3
विशाखा	vishakha:3
विशाखापट्टणम	vishakhapattanam:3	veesakhapattanam:1	veeshakhapattanam:1	veeshakhapettanam:1
विशारद	visharad:3
विशाल	vishal:3
विशाळगड	vishalgad:3
विशिष्ट	vishistha:5	vishisht:2	vishishta:1
विशिष्ठ	vishishth:2	vishishtha:1
विशी	vishee:2	vishi:1
विशुद्ध	vishuddh:2	vishuddha:1
विशेष	vishesh:3
विशेषकरून	visheshkaroon:2	visheshkarun:1
विशेषण	visheshan:3
विशेषणे	visheshane:2	vishashne:1
विशेषतः	visheshtah:2	visheshatah:1	visheshataha:1
विशेषत्वाने	visheshatvane:2	visheshtvane:1
विशेषांक	visheshank:3
विशेषाधिकार	visheshadhikar:3
विश्रांतवाडी	vishrantavadee:1	vishrantivadi:1	vishrantvadee:1
विश्रांती	vishrantee:2	vishranti:1
विश्राम	vishram:3
विश्लेषण	vishleshan:3
विश्लेषणात्मक	vishleshanatmak:2	vishleshnatmak:1
विश्व	vishv:2	vishva:1
विश्वकर्मा	vishwakarma:2	vishvakarma:2
विश्वकोश	vishvakosh:2	vishwakosh:1
विश्वचषकाचे	vishvachashakache:2	vishwachashkache:1
विश्वजित	vishvajit:2	vishvajeet:1	vishwajit:1
विश्वनाथ	vishvanath:2	vishwanath:1
विश्वविद्यालयात	vishvavidhyalayat:1	vishvavidyalayat:1	vishwavidyalayat:1
विश्वस्त	vishvast:2	vishwasta:1
विश्वाचा	vishvacha:2	vishwacha:1
विश्वाच्या	vishvachya:2	vishwachya:1
विश्वात	vishvat:2	vishwat:1
विश्वामित्र	vishvamitr:1	vishvamitra:1	vishwamitr:1	vishwamitra:1
विश्वास	vishwas:4	vishvas:2
विश्वासघात	vishvasghat:2	vishwasaghat:1	vishwasghat:1
विश्वासराव	vishvasarao:1	vishvasarav:1	vishvasrao:1	vishwasrao:1
विश्वासाने	vishvasane:2	vishwasane:1
विश्वासार्ह	vishvasarh:1	vishvasarha:1	vishwasarh:1	vishwasarha:1
विश्वासू	vishvasu:2	vishwasu:1
विष	vish:3
विषद	vishad:3
विषप्रयोग	vishaprayog:2	vishprayog:2
विषबाधा	vishabadha:2	vishbadha:2
विषम	visham:3
विषमज्वर	vishamjvar:3
विषमता	vishamata:3
विषमतावादी	vishamatavadi:2	vishamtavadi:1
विषमतेमुळे	vishamatemule:2	vishamtemule:1
विषय	vishay:3
विषयक	vishayak:3
विषयवार	vishayvar:2	vishayavar:1
विषया	vishaya:3
विषयांचा	vishayancha:3
विषयांची	vishayanchi:3
विषयांचे	vishayanche:3
विषयांच्या	vishayanchya:3
विषयांत	vishayant:3
विषयांमधील	vishayanmadhil:3
विषयांमध्ये	vishayanmadhye:3
विषयांवर	vishayanvar:2	vishayanchi:1
विषयांवरचे	vishayanvarache:3	vishayanvarche:1
विषयांवरील	vishayanvaril:3
विषयांसाठी	vishayansathi:3
विषयाचा	vishayacha:3
विषयाची	vishayachi:3
विषयाचे	vishayache:3
विषयाच्या	vishayachya:3
विषयात	vishayat:3
विषयातील	vishayatil:3
विषयाला	vishayala:3
विषयावर	vishayavar:3
विषयावरची	vishayavarachi:2	vishayavarachee:1	vishayavarchi:1
विषयावरचे	vishayavarache:3	vishayavarche:1
विषयावरील	vishayavaril:2	vishayavareel:1
विषयी	vishayee:2	vishayi:1
विषयीची	vishayeechee:2	vishayichi:1
विषाणू	vishanoo:2	vishanu:1
विषाणूंचा	vishanuncha:2	vishanooncha:1
विषाणूंची	vishanoonchee:1	vishanunchee:1	vishanunchi:1
विषाणूंच्या	vishanunchya:2	vishanoonchya:1
विषाणूचा	vishanoocha:2	vishanucha:1
विषाणूची	vishanoochee:2	vishanuchi:1
विषाणूच्या	vishanoochya:2	vishanuchya:1
विषाणूजन्य	vishanoojany:1	vishanoojanya:1	vishanujany:1
विषाणूमुळे	vishanoomule:2	vishanumule:1
विषारी	vishari:2	visharee:1
विषुववृत्तावर	vishuvavruttavar:2	vishuvavruttavaar:1
विष्ठा	vishtha:3
विष्णु	vishnu:3
विष्णुच्या	vishnuchya:3
विष्णुदास	vishnudas:3
विष्णुपंत	vishnupant:3
विष्णुबुवा	vishnubuva:3
विष्णुशास्त्री	vishnushastri:2	vishashastri:1
विष्णू	vishnu:3	vishu:1	visnu:1	visnuu:1
विष्णूचा	vishnucha:2	vishucha:1
विष्णूची	vishnuchi:3
विष्णूचे	vishnuche:3
विष्णूच्या	vishnuchya:3
विष्णूने	vishnune:3
विष्णूशी	vishnushi:3
विसंगती	visangati:3
विसरतील	visaratil:2	visartil:1
विसरले	visarale:2	visarle:1
विसरल्या	visarlya:2	visaralya:1
विसरुन	visarun:2	visaroon:1
विसरून	visarun:2	visaroon:1
विसर्ग	visarg:3
विसर्जन	visarjan:3
विसापूर	visapoor:2	visapur:1
विसावले	visavale:2	visavle:1
विसावा	visava:3
विसाव्या	visavya:3
विस्कळीत	viskaleet:2	viskalit:1
विस्कॉन्सिन	viscanseen:1	viscansin:1	visconseen:1	visconsiin:1
विस्टा	vishta:1	vista:1	wista:1
विस्तव	vistav:3
विस्तार	vistar:3
विस्तारत	vistarat:2	vistart:1
विस्तारते	vistarate:2	vistarte:1
विस्तारले	vistarale:2	vistarle:1
विस्ताराच्या	vistarachya:3
विस्तारात	vistarat:3
विस्ताराने	vistarane:3
विस्ताराला	vistarala:3
विस्तारित	vistarit:3
विस्तारीकरणासाठी	vistarikaranasathi:3
विस्तारीत	vistarit:3
विस्तीर्ण	vistirn:2	visteerna:1	vistirna:1
विस्तृत	vistrut:3
विस्थापित	visthapit:3
विस्मय	vismay:3
विस्मयकारक	vismaykarak:3
विस्मरणात	vismaranat:2	vismarnat:1
विस्मृती	vismruti:2	vismrutee:1
विहंगम	vihangam:3
विहार	vihar:4	veehar:1	vihara:1	viihar:1
विहाराच्या	viharachya:3
विहारात	viharat:3
विहारी	vihari:2	viharee:1
विहिरी	vihiree:2	vahiri:1
विहिरीची	vihireechee:2	vihirichi:1
विहिरीच्या	vihireechya:2	vihirichya:1
विहिरीत	vihireeet:1	vihireet:1	vihirit:1
विहीर	viheer:2	vihiri:1
विहीरीत	viheereet:1	vihireet:1	vihirit:1
वीक	veak:1	veek:1	veeq:1	viik:1
वीकली	weekly:2	veekalee:1	veekly:1	viikalii:1
वीज	veej:1	vij:1	weej:1
वीजनिर्मिती	vijnirmiti:2	veejnirmitee:1
वीजनिर्मितीचा	vijnirmiticha:2	veejnirmiteecha:1
वीजपुरवठा	vijpuravatha:2	veejpuravtha:1
वीजेची	vijechi:3
वीट	vit:3	veet:2
वीटा	vita:3	veeta:1
वीण	vin:3	veen:2
वीणा	vina:4	veena:2	viina:1	weena:1
वीर	veer:4	vir:5	vear:2	ver:2
वीरगती	virgati:2	veergati:1	viragati:1
वीरगळ	virgal:2	veeragal:1	viragal:1
वीरमरण	virmaran:3	veermaran:2
वीरशैव	virshaiv:3	virashaiv:1
वीरश्री	virshri:2	virashri:1
वीरांचे	viranche:3
वीर्य	veery:1	viry:1	virya:1
वीर्याने	viryane:2	veeryane:1
वीस	vis:2	vees:1
वीसेक	visek:2	veesek:1
वूड्स	woods:4	vaads:1	voods:1	vuds:1
वूल्फ	vaalf:1	vaulf:1	voolf:1	voolph:1
वृंदा	vrunda:3
वृंदावन	vrundavan:3
वृक्ष	vruksha:2	vruksh:1
वृक्षतोड	vrukshatod:2	vrukshtod:1
वृक्षराजी	vruksharajee:2	vruksharaji:1
वृक्षवल्ली	vrukshavallee:2	vrukshvalli:1
वृक्षसंवर्धन	vrukshasanvardhan:2	vrukshsanvardhan:1
वृक्षांचा	vrukshancha:3
वृक्षांची	vrukshanchee:2	vrukshanchi:1
वृक्षांचे	vrukshanche:3
वृक्षांच्या	vrukshanchya:2	vrukshachya:1
वृक्षाखाली	vrukshakhali:2	vrukshakhalee:1
वृक्षाचा	vrukshacha:3
वृक्षाची	vrukshachi:2	vrukshachee:1
वृक्षाचे	vrukshache:3
वृक्षाच्या	vrukshachya:3
वृक्षारोपण	vruksharopan:3
वृक्षाला	vrukshala:3
वृक्षावर	vrukshavar:3
वृत्त	vrutta:2	vrutt:1
वृत्तपत्र	vruttapatra:2	vruttapatr:1	vruttpatr:1
वृत्तपत्रविद्या	vruttapatravidhya:1	vruttapatravidya:1	vruttpatravidhya:1
वृत्तपत्रांच्या	vruttapatranchya:2	vruttpatranchya:1
वृत्तपत्रांत	vruttapatrant:2	vruttpatrant:1
वृत्तपत्रांतील	vruttapatranteel:1	vruttapatrantil:1	vruttpatrantil:1
वृत्तपत्रांतून	vruttapatrantoon:1	vruttapatrantun:1	vruttpatrantun:1
वृत्तपत्रांनी	vruttapatrannee:1	vruttapatranni:1	vruttpatranni:1
वृत्तपत्राचे	vruttapatrache:2	vruttpatrache:1
वृत्तपत्रात	vruttapatrat:2	vruttpatrat:1
वृत्तपत्रातील	vruttapatrateel:1	vruttapatratil:1	vruttpatratil:1
वृत्तपत्रातून	vruttapatratun:2	vruttpatratun:1
वृत्तपत्राने	vruttapatrane:2	vruttpatrane:1
वृत्तपत्रीय	vruttapatreey:1	vruttapatriy:1	vruttpatriy:1
वृत्तपत्रे	vruttapatre:2	vruttpatre:1
वृत्तवाहिन्या	vruttavahinya:2	vruttvahinya:1
वृत्तांत	vruttant:3
वृत्ताचा	vruttacha:3
वृत्ति	vrutti:3
वृत्ती	vrutti:2	vruttee:2
वृत्तीची	vrutteechee:2	vruttichi:1
वृत्तीचे	vrutteeche:2	vruttiche:1
वृत्तीने	vrutteene:2	vruttine:1
वृद्ध	vruddh:2	vruddha:1
वृद्धांसाठी	vruddhansathee:2	vruddhansathi:1
वृद्धापकाळाने	vruddhapakalane:2	vruddhapkalane:1
वृद्धिंगत	vruddhingat:3
वृद्धी	vruddhi:2	vruddhee:1
वृषण	vrushan:3
वृषभ	vrushabh:3
वॅन	van:1	vaun:1	wan:1	waun:1
वेंकट	venkat:3
वेंकटेश	venkatesh:3
वेंकटेश्वर	veenkateeshvar:1	veenkateeshwar:1	veenkateeswar:1	venkateshhvar:1
वेंगुर्ला	vengurla:3
वेंगुर्ले	vengurle:3
वेखंड	vekhand:3
वेग	veg:3
वेगळं	vegalam:3
वेगळा	vegala:3
वेगळाच	vegalach:3
वेगळी	vegali:4	vegalee:3
वेगळीच	vegaleech:3
वेगळे	vegale:2	vegde:1
वेगळेच	vegalech:2	vegadech:1
वेगळेपण	veglepan:3	vegadepan:1	vegalepan:1	vegalepana:1
वेगळ्या	vegalya:2	vegadya:1	vegadyaa:1
वेगवान	vegavan:2	vegvaan:1
वेगवेगळया	vegavegalaya:1	vegaveglya:1	vegvegadyaa:1
वेगवेगळी	vegavegalee:1	vegaveglee:1	vegvegdee:1	vegvegdi:1
वेगवेगळे	vegavegale:2	vegvegde:1
वेगवेगळ्या	vegveglya:13	vegavegalya:4	vegvegdyaa:1
वेगाचा	vegacha:3
वेगात	vegat:2	vegaat:1
वेगाने	vegane:3
वेगापेक्षा	vegapeksha:3
वेचणाऱ्या	vechanarya:2	vechnarya:1	vechnaryaa:1
वेचून	vechoon:3
वेठबिगार	vethbigar:2	vethabigar:1
वेठीस	vethees:2	vethis:1
वेड	ved:3
वेडा	veda:3
वेडिंग	wedding:3	veding:1
वेडे	vede:3
वेडेपणा	vedepana:3
वेढलेली	vedhalelee:2	vedhaleli:1
वेढलेले	vedhalele:2	vedhaleli:1
वेढा	vedha:3
वेढ्यातून	vedhyatoon:3
वेणी	venee:2	veni:1
वेणु	venu:3
वेणू	venoo:3
वेण्णा	venna:3
वेत	vet:3
वेतन	vetan:3
वेतनाचे	vetanache:3
वेताच्या	vetachya:3
वेताळ	vetal:3
वेद	ved:4	veda:1	veed:1	veeda:1
वेदना	vedana:2	vedna:1
वेदनादायक	vedanadayak:2	vednadayak:1
वेदनामय	vedanamay:2	vednamay:1
वेदांच्या	vedanchya:3
वेदांत	vedant:4	vedaant:1	vedanta:1	veedaant:1
वेदांतील	vedanteel:2	vedantil:1
वेदांमध्ये	vedanmadhye:3
वेदात	vedat:3
वेदान्त	vedant:3
वेदोक्त	vedokt:3
वेध	vedh:3
वेधक	vedhak:3
वेधले	vedhale:3
वेधशाळा	vedhashala:2	vedhshala:1
वेधशाळेने	vedhashalene:2	vedhshalene:1
वेधून	vedhoon:3
वेफर्स	wafers:3	vefars:2	vafers:1	vapaurs:1
वेब	web:4	veb:1	veba:1	veeba:1
वेबसाइट	website:3
वेबसाइटवर	websitevar:3	vebasaitavar:1
वेबसाईट	website:3	vebasait:1
वेर	ver:2	wer:1
वेरूळ	verul:3	verool:1
वेरूळच्या	veroolachya:2	verulchya:1
वेल	vel:3	wel:2	well:2	vail:1
वेलची	velachee:1	velchee:1	velchi:1
वेलणकर	velankar:2	velanakar:1
वेलफेअर	velfear:2	welfare:2	wellfare:1
वेलस्ली	velaslee:2	velasli:1	wellesley:1
वेलस्लीने	velasleene:2	velasline:1
वेलिंग्टन	wellington:4	velingtan:2	veelingtan:1	veelington:1
वेली	velee:2	veli:2	veeli:1	veelly:1
वेल्च	veelch:1	velch:1	weelch:1	welch:1
वेल्फेअर	velfeair:1	velfear:1	welfare:1	wellfare:1
वेल्लोर	vellor:2	vellore:2
वेल्श	veelsh:1	vels:1	velsh:1	velshh:1
वेल्स	vels:4	wales:3	valees:1	vales:1
वेल्हाळ	velhal:3
वेल्हे	velhe:3
वेळ	vel:3
वेळचे	velche:2	velache:1
वेळच्या	velchya:2	velachya:1
वेळवंडी	velvandi:2	velavandee:1
वेळा	vela:3
वेळात	velat:3
वेळाने	velane:3
वेळापत्रक	velapatrak:3
वेळापूर्वी	velapoorvi:1	velapurvee:1	velapurvi:1
वेळी	veli:2	velee:1
वेळीच	veleech:1	velich:1	velis:1
वेळीस	velis:2	velees:1
वेळेची	velechee:2	velechi:1
वेळेत	velet:3
वेळेनुसार	velenusar:3
वेळेपर्यंत	veleparyant:3
वेळेला	velela:3
वेळेवर	velevar:3
वेळेस	veles:2	velet:1
वेळोवेळी	velovelee:2	veloveli:1
वेशभूषा	veshbhoosha:2	veshabhoosha:1
वेश्या	veshya:3
वेश्याव्यवसाय	veshyavyavasay:2	veshyavyavsay:1
वेषांतर	veshantar:2	vashantar:1
वेषात	veshat:3
वेस	vees:2	vais:1	vase:1	vasee:1
वेस्ट	west:2	vaist:1	veest:1	veesta:1
वेस्टमिन्स्टर	westminster:4	vestaminstar:2	vestminstar:2	veestaminstar:1
वेस्टर्न	western:4	veestarn:1	veesteern:1	vestarn:1
वैचारिक	vaicharik:2	vaichareek:1
वैजनाथ	vaijanath:2	vaijnath:1
वैजयंती	vaijanti:1	vaijayantee:1	vaijayanti:1
वैजापूर	vaijapoor:2	vaijapur:1
वैज्ञानिक	vaidnyanik:3
वैज्ञानिकांनी	vaidnyanikanni:2	vaidnyanikannee:1
वैतरणा	vaitarana:2	vaitarna:1
वैदर्भीय	vaidarbhiy:3
वैदिक	vaidik:4	vaidika:1	vaidiq:1	vaidiqa:1
वैद्य	vaidya:3
वैद्यक	vaidyak:3
वैद्यकशास्त्र	vaidyakshastra:2	vaidyashastra:1
वैद्यकशास्त्रात	vaidyakshastrat:2	vaidyashastrat:1
वैद्यकीय	vaidyakiya:2	vaidyakiy:2
वैद्यांना	vaidyanna:3
वैद्यांनी	vaidyanni:2	vaidyannee:1
वैध	vaidh:3
वैनगंगा	vainganga:3
वैभव	vaibhav:3
वैभवाची	vaibhavachi:2	vaibhavachee:1
वैभवाने	vaibhavane:3
वैभवाला	vaibhavala:3
वैभवी	vaibhavi:2	vaibhavee:1
वैमनस्यातून	vaimanasyatoon:2	vaimanasyatun:1
वैमानिक	vaimanik:3
वैमानिकांनी	vaimanikanni:2	vaimanikannee:1
वैयक्तिक	vaiyaktik:3
वैर	vair:3
वैराग	vairag:3
वैराग्य	vairagya:3
वैराग्याच्या	vairagyachya:3
वैराण	vairan:3
वैवाहिक	vaivahik:3
वैविध्य	vaividhya:3
वैविध्यपूर्ण	vaividhyapoorn:1	vaividhyapoorna:1	vaividhyapurna:1
वैशंपायन	vainshapayan:1	vaishanpayan:1	vaishpayan:1
वैशाख	vaishakh:3
वैशाली	vaishali:2	vaishalee:1
वैशिष्ट्य	vaishishtya:4	vaishishtayn:1	vaishishtyam:1
वैशिष्ट्यपूर्ण	vaishishtyapoorn:1	vaishishtyapoorna:1	vaishishtyapurna:1
वैशिष्ट्यांचे	vaishishtyanche:3
वैशिष्ट्ये	vaishishtye:4	vaishishtaye:1
वैशिष्ठ्य	vaishishthya:3
वैश्य	vaishya:3
वैश्विक	vaishvik:3	vaishwik:1
वैष्णव	vaishnav:3
वॉचमन	watchman:3
वॉटर	water:4	vatar:1	vater:1	vetar:1
वॉर	war:4	var:1	vor:1	wor:1
वॉरंट	varant:1	varrant:1	varront:1	warant:1
वॉरन	warren:2	waran:1	waren:1
वॉरियर्स	warriors:4	wariors:2	variors:1	variyars:1
वॉर्नर	warner:4	varnara:1	varner:1	vaurnar:1
वॉल	val:1	vall:1	vaul:1	wal:1
वॉलपेपर	wallpaper:4	valapeepara:1	valapepara:1	vallpaper:1
वॉलिस	valis:1	vallis:1	vaulis:1	volis:1
वॉल्ट	vault:2	volt:2	walt:2	valt:1
वॉल्टन	valtan:1	valton:1	voltan:1	waltan:1
वॉल्टर	walter:4	valtar:1	valter:1	voltar:1
वॉशिंग्टन	washington:4	vashhingtan:1	vashhington:1	vashingtan:1
व्दारा	dwara:3
व्दारे	dware:3
व्यंकट	vyankat:3
व्यंकटराव	vyankatrao:3
व्यंकटेश	vyankatesh:3	venkatesh:1
व्यंगचित्र	vyangachitra:1	vyangchitr:1	vyangchitra:1
व्यंगचित्रकार	vyangchitrakar:2	vyangachitrakar:1
व्यंगचित्रे	vyangchitre:2	vyangachitre:1
व्यंग्य	vyangya:3
व्यंजन	vyanjan:3
व्यक्त	vyakt:2	vyakta:1
व्यक्तिगत	vyaktigat:3
व्यक्तिचित्र	vyaktichitra:3
व्यक्तिचित्रण	vyaktichitran:3
व्यक्तिचित्रे	vyaktichitre:3
व्यक्तिची	vyaktichi:2	vyaktichee:1
व्यक्तिच्या	vyaktichya:3
व्यक्तित्व	vyaktitva:3
व्यक्तिने	vyaktine:3
व्यक्तिमत्त्व	vyaktimattva:1	vyaktimatv:1	vyaktimatva:1
व्यक्तिमत्त्वाचा	vyaktimatvacha:2	vyaktimattvacha:1
व्यक्तिमत्त्वाचे	vyaktimatvache:2	vyaktimattvache:1
व्यक्तिमत्त्वाच्या	vyaktimattvachya:2	vyaktimatvachya:1
व्यक्तिमत्व	vyaktimatv:2	vyaktimatva:1
व्यक्तिरेखा	vyaktirekha:3
व्यक्तिरेखांच्या	vyaktirekhanchya:3
व्यक्तिवाद	vyaktivad:3
व्यक्तिस्वातंत्र्य	vyaktisvatantry:1	vyaktisvatantrya:1	vyaktiswatantrya:1
व्यक्ती	vyakti:10	vyaktee:2
व्यक्तींचा	vyakteencha:2	vyaktincha:1
व्यक्तींची	vyakteenchee:2	vyaktichi:1
व्यक्तींचे	vyakteenche:2	vyaktinche:1
व्यक्तींच्या	vyaktinchya:2	vyakteenchya:2
व्यक्तींना	vyakteenna:2	vyaktinna:1
व्यक्तींनी	vyakteennee:2	vyaktinni:1
व्यक्तींपैकी	vyaktinpaiki:2	vyakteenpaikee:1
व्यक्तींमध्ये	vyakteenmadhye:1	vyaktinmadhe:1	vyaktinmadhye:1
व्यक्तींशी	vyaktinshi:2	vyakteenshee:1
व्यक्तीचा	vyakticha:2	vyakteecha:1
व्यक्तीची	vyaktichi:3
व्यक्तीचे	vyaktiche:3
व्यक्तीच्या	vyaktichya:3
व्यक्तीत	vyaktit:3
व्यक्तीने	vyaktine:3
व्यक्तीपर्यंत	vyaktiparyant:3
व्यक्तीमध्ये	vyaktimadhye:2	vyaktimadhe:1
व्यक्तीला	vyaktila:3
व्यक्तीवर	vyaktivar:3
व्यक्तीस	vyaktis:2	vyaktees:1
व्यक्तीसाठी	vyaktisathi:2	vyakteesathee:1
व्यतिरिक्त	vyatirikt:3
व्यत्यय	vyatyay:2	vyatay:1
व्यथा	vyatha:3
व्यथित	vyathit:3
व्यभिचारी	vyabhichari:2	vyabhicharee:1
व्यर्थ	vyarth:3
व्यवसाय	vyavasay:20	vyavsay:2
व्यवसायही	vyavsayahee:2	vyavasayahi:1
व्यवसायांसाठी	vyavsayansathee:2	vyavasayansathee:1
व्यवसायाचा	vyavsayacha:2	vyavasayacha:1
व्यवसायाची	vyavsayachee:2	vyavasayachee:1
व्यवसायाचे	vyavsayache:2	vyavasayache:1
व्यवसायाच्या	vyavsayachya:2	vyavasayachya:1
व्यवसायात	vyavasayat:2	vyavsayat:1
व्यवसायातही	vyavasayatahee:1	vyavsayatahee:1	vyavsayathee:1
व्यवसायातील	vyavsayateel:2	vyavasayateel:1
व्यवसायातून	vyavsayatoon:2	vyavasayatoon:1
व्यवसायाने	vyavsayane:2	vyavasayane:1
व्यवसायासाठी	vyavasayasathee:1	vyavasayasathi:1	vyavsayasathee:1
व्यवसायी	vyavasayi:1	vyavsai:1	vyavsayee:1
व्यवस्था	vyavastha:2	vyavstha:1
व्यवस्थापक	vyavasthapak:2	vyavsthapak:1
व्यवस्थापकीय	vyavasthapakiy:1	vyavasthapakiya:1	vyvasthapakiya:1
व्यवस्थापन	vyavasthapan:2	vyvasthapan:1
व्यवस्थापनाची	vyavasthapanachi:2	vyvasthapanachi:1
व्यवस्थापनाचे	vyavasthapanache:2	vyvasthapanache:1
व्यवस्थापनाच्या	vyavastapanachya:1	vyavasthapanachya:1	vyvasthapanachya:1
व्यवस्थापनात	vyavastapanat:1	vyavasthapanat:1	vyvasthapanat:1
व्यवस्थापनातील	vyavasthapanatil:2	vyvasthapanatil:1
व्यवस्थापनाने	vyavasthapanane:2	vyvasthapanane:1
व्यवस्थापनामध्ये	vyavasthapanamadhye:1	vyavsthapanamadhye:1	vyvasthapanamadhe:1
व्यवस्थापनामुळे	vyavasthapanamule:1	vyavsthapanamule:1	vyvasthapanamule:1
व्यवस्थापनावर	vyavasthapanavar:1	vyavsthapanavar:1	vyvasthapanavar:1
व्यवस्थापनासाठी	vyavasthapanasathi:1	vyavsthapanasathee:1	vyvasthapanasaathi:1
व्यवस्थाही	vyavasthahi:1	vyavsthahee:1	vyvasthahi:1
व्यवस्थित	vyavasthit:1	vyavsthit:1	vyvasthit:1
व्यवस्थीत	vyavasthit:1	vyavstheet:1	vyvasthit:1
व्यवस्थेचा	vyavasthecha:2	vyavsthecha:1
व्यवस्थेची	vyavasthechi:2	vyavsthechee:1
व्यवस्थेचे	vyavastheche:2	vyavstheche:1
व्यवस्थेच्या	vyavasthechya:2	vyavsthechya:1
व्यवस्थेत	vyavasthet:2	vyavsthet:1
व्यवस्थेतील	vyavasthetil:2	vyavstheteel:1
व्यवस्थेनुसार	vyavasthenusar:2	vyavsthenusar:1
व्यवस्थेने	vyavasthene:2	vyavsthene:1
व्यवस्थेमध्ये	vyavasthemadhye:2	vyavsthemadhye:1
व्यवस्थेमुळे	vyavasthemule:2	vyavsthemule:1
व्यवस्थेला	vyavasthela:2	vyavsthela:1
व्यवस्थेवर	vyavasthevar:2	vyavsthevar:1
व्यवस्थेसाठी	vyavasthesathi:2	vyavsthesathee:1
व्यवहार	vyavahar:2	vyavhar:1
व्यवहारांत	vyavaharant:1	vyavaharat:1	vyavharant:1
व्यवहारांमध्ये	vyavaharanmadhye:2	vyavharanmadhye:1
व्यवहाराचा	vyavaharacha:2	havyavharac:1
व्यवहाराची	vyavaharachee:1	vyavaharachi:1	vyavharachee:1
व्यवहाराच्या	vyavaharachya:2	vyavharachya:1
व्यवहारात	vyavaharat:2	vyavharat:1
व्यवहारातील	vyavaharateel:1	vyavaharatil:1	vyavharateel:1
व्यवहारातून	vyavaharatoon:1	vyavaharatun:1	vyavharatoon:1
व्यवहारासाठी	vyavharasathee:2	vyavaharasathee:1
व्यसन	vyasan:3	vyasa:1
व्यसनमुक्ती	vyasanmuktee:3
व्यसनाधीनता	vyasanadhinata:2	vyasanadheenta:1
व्यसनापासून	vyasanapasun:2	vyasanapasoon:1
व्यसने	vyasane:3
व्यस्त	vyast:2	vyasta:1
व्याकरण	vyakaran:3
व्याकरणाचा	vyakaranacha:2	vyakarnacha:1
व्याकरणाचे	vyakaranache:2	vyakarnache:1
व्याकरणातील	vyakaranatil:2	vyakarnateel:1
व्याकुळ	vyakul:3
व्याकुळता	vyakulata:3
व्याकूळ	vyakul:2	vyakool:1
व्याख्या	vyakhya:3
व्याख्याता	vyakhyata:3
व्याख्याते	vyakhyate:3
व्याख्यान	vyakhyan:3
व्याख्यानं	vyakhyana:1	vyakhyanam:1	vyakhyann:1
व्याख्यानमाला	vyakhyanmala:3
व्याख्यानांचा	vyakhyanancha:3
व्याख्यानांचे	vyakhyananche:3
व्याख्यानाचा	vyakhyanacha:3
व्याख्यानाच्या	vyakhyanachya:3
व्याख्यानासाठी	vyakhyanasathi:2	vyakhyanasathee:1
व्याख्याने	vyakhyane:3
व्याख्येनुसार	vyakhyenusar:3
व्याघ्र	vyaghr:2	vyaghra:1
व्याघ्रप्रकल्प	vyaghraprakalp:2	vyaghraprakalpa:1
व्याज	vyaj:3
व्याजदर	vyajdar:3
व्याजदराने	vyajdarane:3
व्याजाचा	vyajacha:3
व्याजाची	vyajachee:2	vyajachi:1
व्याध	vyadh:3
व्याधी	vyadhee:2	vyadhi:1
व्याधींवर	vyadheenvar:2	vyadhinvar:1
व्यापक	vyapak:3
व्यापकता	vyapakata:2	vyapkata:1
व्यापतात	vyapatat:2	vyaptat:1
व्यापते	vyapate:3
व्यापला	vyapala:2	vyapla:1
व्यापलेला	vyapalela:2	vyaplela:1
व्यापलेले	vyapalele:2	vyaplele:1
व्यापार	vyapar:3
व्यापाराचा	vyaparacha:3
व्यापाराची	vyaparachee:2	vyaparachi:1
व्यापाराचे	vyaparache:3
व्यापाराच्या	vyaparachya:3
व्यापारात	vyaparat:3
व्यापारास	vyaparas:3
व्यापारासाठी	vyaparasathi:2	vyaparasathee:2
व्यापारी	vyapari:6	vyaparee:2
व्यापाऱ्यांचा	vyaparyancha:3
व्यापाऱ्यांचे	vyaparyanche:3
व्यापाऱ्यांना	vyaparyanna:3
व्यापाऱ्यांनी	vyaparyanni:2	vyaparyannee:1
व्यापून	vyapun:3
व्याप्ती	vyapti:3
व्यायाम	vyayam:3
व्यायामप्रकार	vyayamprakar:3
व्यायामाचे	vyayamache:3
व्यायामामुळे	vyayamamule:3
व्यावसायिक	vyavasayik:3
व्यावहारिक	vyavaharik:2	vyavharik:1
व्यास	vyas:3
व्यासंग	vyasang:3
व्यासंगी	vyasangi:2	vyasangee:1
व्यासपीठ	vyasapeeth:1	vyasapith:1	vyaspeeth:1
व्यासपीठावर	vyaspeethavar:2	vyasapeethavar:1
व्यासांनी	vyasannee:2	vyasanni:1
व्यासाचा	vyasacha:3
व्यासाचे	vyasache:3
व्यासाच्या	vyasachya:3
व्युत्पन्न	vyutpann:1	vyutpanna:1	vyutpatr:1
व्यूह	vyooh:1	vyuh:1	vyuha:1
व्रत	vrat:3
व्रतवैकल्य	vratavaikalya:1	vratvaikaly:1	vratvaikalya:1
व्रताची	vratachee:2	vratachi:1
व्रते	vrate:3
व्हर्जिनिया	verginia:1	vharjiniya:1	virginia:1
व्हाइट	white:3	vhaait:1
व्हाईसरॉय	viceroy:2	vhaaisroy:1	vicceroy:1
व्हायचा	vhaycha:2	vhayacha:1	whycha:1
व्हायची	vhaychi:2	vhayachee:1	whychi:1
व्हायचे	vhayche:2	vhayache:1	whyche:1
व्हायच्या	vhaychya:2	vhayachya:1	whychya:1
व्हायला	vhayla:2	vhayala:1	whyla:1
व्हाया	vhaya:2	via:1	whya:1
व्हायोलिन	violin:2	vhayolin:1	violyn:1
व्हावं	vhava:1	vhavam:1	whava:1
व्हावा	vhava:3
व्हावी	vhavi:3	vhavee:2
व्हावे	vhave:3
व्हावेत	vhavet:3
व्हाव्यात	vhavyat:3
व्हिएटनाम	vheitnam:1	vhiyatnam:1	vietman:1
व्हिएतनाम	vhietnam:1	vhiyatnam:1	vietnam:1
व्हिएतनामी	vhietnamee:1	vhiyatnamee:1	vietnami:1
व्हिएन्ना	vhienna:1	vhiyanna:1	vianna:1
व्हिक्टर	vhiktar:2	victor:1
व्हिक्टोरिया	vhictoriya:1	vhiktoriya:1	victoria:1
व्हिडिओ	video:3	vhidio:1	vidiao:1
व्हिडीओ	video:3	vhideeao:1	vhideeo:1
व्हिन्सेंट	vhinsent:2	visent:1
व्हियेतनाम	vhiyetnam:1	vhiyetnama:1	vietnam:1
व्हिसा	vhisa:2	visa:1
व्हीलचेअर	vheelchair:1	vhiilachear:1	vhilachear:1	vhilacheeara:1
व्हीलर	vheelar:2	wheeler:2	wheelar:1
व्हील्स	vheels:1	vhiils:1	vhils:1	wheels:1
व्हॅटिकन	vatican:2	vhatikan:1
व्हेनिस	venice:2	vhenis:1
व्हेनेझुएला	venezuela:2	vhenejhuela:1
व्हॉट्सऍप	whatsapp:2	vhatsaep:1
व्हॉलीबॉल	volleyball:3	vholeebol:1
शंकर	shankar:4	sankar:1	shanqar:1	shhankar:1
शंकरराव	shankararao:1	shankararav:1	shankarrao:1	shankarrav:1
शंकररावजी	shankararavajee:1	shankarraoji:1	shankarravji:1
शंकरशेठ	shankarsheth:3
शंकरा	shankara:3
शंकरांनी	shankaranni:2	shankarannee:1
शंकराचार्य	shankaracharya:2	shankarachary:1
शंकराचार्यांच्या	shankaracharyanchya:3
शंकराचार्यांनी	shankaracharyani:1	shankaracharyannee:1	shankarcharyanni:1
शंकराची	shankarachi:2	shankarachee:1
शंकराचे	shankarache:3
शंकराच्या	shankarachya:3
शंकराने	shankarane:3
शंकरास	shankaras:3
शंका	shanka:3
शंख	shankh:2	shankha:1
शंखनाद	shankhanad:1	shankhnaad:1	shankhnad:1
शंतनुराव	shantanurao:2	shantanurav:2
शंभर	shambhar:3
शंभराहून	shambharahoon:2	shambharahun:1
शंभु	shambhu:3
शंभू	shambhu:2	shambhoo:1
शक	shak:3
शकणार	shakanar:2	shaknar:1
शकणारा	shakanara:2	shaknara:1
शकणारे	shakanare:2	shaknare:1
शकणाऱ्या	shakanarya:2	shaknarya:1
शकत	shakat:3
शकता	shakata:2	shakta:1
शकतात	shaktat:9	shakatat:2
शकतील	shakateel:1	shakatil:1	shakteel:1
शकते	shakte:2	shakate:1
शकतो	shakto:2	shakato:1
शकला	shakala:2	shakla:2
शकली	shakli:2	shakali:1
शकले	shakale:2	shakle:2
शकल्या	shaklya:2	shakalya:1
शकल्याने	shaklyane:2	shakalyane:1
शकल्यामुळे	shaklyamule:2	shakalyamule:1
शकल्यास	shaklyas:2	shakalyas:1
शकावली	shakavalee:1	shakavali:1	shakavli:1
शकुंतला	shakuntala:2	shakuntla:1
शकू	shaku:2	shakoo:1
शके	shake:3	shakey:1
शकेन	shaken:3
शकेल	shakel:3
शक्ति	shakti:3	shaktee:1
शक्तिपीठ	shakteepith:1	shaktipeeth:1	shaktipith:1
शक्तिमान	shaktiman:2	shakteemaan:1
शक्तिवर्धक	shaktivardhak:2	shakteevardhak:1
शक्तिशाली	shakteeshali:1	shaktishalee:1	shaktishali:1
शक्ती	shakti:3	shaktee:2	saktee:1	sakti:1
शक्तींनी	shaktinni:2	shakteennee:1
शक्तीचा	shakticha:2	shakteecha:1
शक्तीचे	shaktiche:2	shakteeche:1
शक्तीच्या	shaktichya:2	shakteechya:1
शक्तीने	shaktine:2	shakteene:1
शक्तीला	shaktila:2	shakteela:1
शक्य	shakya:3
शक्यच	shakyach:3
शक्यता	shakyata:2	shakyta:1
शक्यतो	shakyato:3
शक्यही	shakyahi:3
शटल	shatal:2	shuttle:2
शतक	shatak:3
शतका	shataka:2	shatka:1
शतकांत	shatakant:2	shatkant:1
शतकांपासून	shatakanpasun:3
शतकाचे	shatakache:2	shatkache:1
शतकाच्या	shatakachya:2	shatkachya:1
शतकात	shatakat:2	shatkat:1
शतकातले	shatakatale:2	shatkatle:1
शतकातल्या	shatakatalya:2	shatkatlya:1
शतकातील	shatakatil:2	shatkatil:1
शतकानंतर	shatakanantar:2	shatkanantar:1
शतकानुशतके	shatakanushatake:2	shatkanushatke:1
शतकापर्यंत	shatakaparyant:2	shatkaparyant:1
शतकापासून	shatakapasun:2	shatkapasun:1
शतकामध्ये	shatakamadhye:2	shatkamadhye:1
शतके	shatake:2	shatke:1
शततारका	shatataraka:2	shatatarka:1
शतपत्रे	shapatre:1	shatapatre:1	shatpatre:1
शतपथ	shatapath:2	shatpath:1
शतपावली	shatapavali:1	shatpavali:1	shatpavli:1
शताब्दी	shatabdi:3
शतावरी	shatavari:3
शत्रुघ्न	shatrughna:3
शत्रुत्व	shatrutva:3
शत्रू	shatru:4	shatroo:1
शत्रूच्या	shatruchya:3
शत्रूने	shatrune:3	shatruney:1
शत्रूला	shatrula:3
शत्रूवर	shatruvar:2	shatruwar:1
शनि	shani:3	shanee:1
शनिवार	shanivar:2	shanivaar:1	shaniwaar:1
शनिवारी	shanivaari:1	shanivaree:1	shanivari:1
शनी	shani:2	shanee:1
शनीचे	shaniche:2	shaneeche:1
शपथ	shapath:3
शफीक	shafeek:1	shafik:1	shafiq:1
शबरी	shabari:2	shabri:1
शब्द	shabda:2	shabd:1
शब्दकोश	shabdakosh:3
शब्दकोशात	shabdakoshat:3
शब्दप्रयोग	shabdaprayog:3
शब्दबद्ध	shabdabaddha:1	shabdbaddh:1	shabdbaddha:1
शब्दभांडार	shabdabhandar:2	shabdbhandaar:1
शब्दरचना	shabdarachana:2	shabdrachna:1
शब्दसंग्रह	shabdasangrah:1	shabdasangraha:1	shabdsangrah:1
शब्दसंपदा	shabdasampada:2	shabdsanpada:1
शब्दांकन	shabdankan:3
शब्दांचा	shabdancha:3
शब्दांची	shabdanchi:3
शब्दांचे	shabdanche:3
शब्दांच्या	shabdanchya:3
शब्दांत	shabdant:3
शब्दांना	shabdanna:3
शब्दांनी	shabdanni:2	shabdannee:1
शब्दांमध्ये	shabdanmadhye:3
शब्दांवर	shabdanvar:2	shabdanwar:1
शब्दांसाठी	shabdansaathi:1	shabdansathee:1	shabdansathi:1
शब्दाचा	shabdacha:3
शब्दाची	shabdachi:2	shabdachee:1
शब्दाचे	shabdache:3
शब्दाच्या	shabdachya:3
शब्दात	shabdat:2	shabdaat:1
शब्दातून	shabdatoon:2	shabdatun:1
शब्दापासून	shabdapasoon:2	shabdapasun:1
शब्दाबद्दल	shabdabaddal:3
शब्दाला	shabdala:3
शब्दावरून	shabdavarun:2	shabdavaroon:1
शब्दाशी	shabdashi:2	shabdashee:1
शमन	shaman:3
शमी	shami:3
शमीच्या	shamichya:3
शयन	shayan:3
शय्येवर	shayyevar:3
शरच्चंद्र	sharachchandra:1	sharcchandra:1	sharchchandra:1
शरण	sharan:3
शरणकुमार	sharankumar:3
शरणागती	sharanagati:3
शरणागतीचा	sharanagaticha:2	sharnagaticha:1
शरणार्थी	sharanarthi:2	sharnarthi:1
शरद	sharad:3
शरयू	sharayu:2	sharyu:1
शरसंधान	sharsandhan:2	sharasandhan:1
शराबी	sharabi:3
शरिया	shariya:2	sharia:1
शरिराचा	shariracha:3
शरीफ	sharif:3	shareef:2	sareef:1	sarif:1
शरीर	sharir:2	sharira:1
शरीरभर	sharirbhar:2	sharirabhar:1
शरीरयष्टी	shariryashti:2	sharirayashti:1
शरीरसंबंध	sharirasambandh:1	sharirasambandha:1	sharirsambandh:1
शरीरसौष्ठव	sharirasaushthav:1	sharirsaushthav:1	sharirsausthava:1
शरीरांतर्गत	sharirantargat:2	sharirartgart:1
शरीराचा	shariracha:3
शरीराची	sharirachi:3
शरीराचे	sharirache:3
शरीराच्या	sharirachya:3
शरीरात	sharirat:2	shariraat:1
शरीरातील	shariratil:2	shareerateel:1	sharirateel:1
शरीरातून	shareeratoon:1	shariratoon:1	shariratun:1
शरीराने	sharirane:2	shareerane:1
शरीरापासून	sharirapasun:2	shareerapasoon:1
शरीराबाहेर	sharirabaher:2	shareerabaher:1
शरीरामधील	shariramadhil:2	shareeramadheel:1	shariramadheel:1
शरीरामध्ये	shariramadhye:2	shareeramadhye:1
शरीराला	shareerala:1	sharirala:1	shariralaa:1
शरीरावर	shariravar:2	shareeravar:1
शरीरास	shareeras:1	shariraas:1	shariras:1
शर्करा	sharkara:2	shakaraa:1
शर्ट	shart:3	shirt:2	sart:1	shhart:1
शर्थ	sharth:2	sartha:1
शर्मन	sharman:3
शर्मा	sharma:4	sarma:1	shharma:1
शर्मिला	sharmila:3
शर्यत	sharyat:3
शर्यतीचा	sharyaticha:3
शर्यतीच्या	sharyatichya:3
शल्य	shalya:3
शव	shav:3
शशांक	shashank:3
शशिकला	shashikala:3
शशिकांत	shashikant:3
शशी	shashee:2	shashi:2	sashi:1	sashii:1
शस्त्र	shastr:2	shastra:1
शस्त्रक्रिया	shastrakriya:3
शस्त्रक्रियेच्या	shastrakriyechya:3
शस्त्रक्रियेत	shastrakriyet:3
शस्त्रक्रियेनंतर	shastrakriyenantar:3
शस्त्रधारी	shastradharee:2	shastradhari:1
शस्त्रागार	shastragar:3
शस्त्रास्त्र	shastrastra:3
शस्त्रास्त्रांची	shastrastranchee:2	shastrastranchi:1
शस्त्रास्त्रांचे	shastrastranche:3
शस्त्रास्त्रांच्या	shastrastranchya:3
शस्त्रे	shastre:3
शह	shaha:2	shah:1
शहजादा	shahajada:2	shahzada:1
शहर	shahar:3
शहरभर	shaharbhar:2	shaharabhar:1
शहरयार	shaharyar:2	shaharayar:1
शहरही	shaharahee:1	shaharahi:1	shaharhi:1
शहरांची	shaharanchi:2	shaharanchee:1
शहरांच्या	shaharanchya:3
शहरांत	shaharant:2	shaharaant:1
शहरांतून	shaharantoon:2	shaharantun:1
शहरांना	shaharanna:3
शहरांपैकी	shaharanpaiki:2	shaharanpaikee:1
शहरांमधील	shaharanmadheel:2	shaharanmadhil:1
शहरांमधून	shaharanmadhun:2	shaharanmadhoon:1
शहरांमध्ये	shaharanmadhye:3
शहरांवर	shaharanvar:2	shaharanwar:1
शहरांशी	shaharanshi:2	shaharanshee:1
शहरांसाठी	shaharansaathi:1	shaharansathee:1	shaharansathi:1
शहराकडे	shaharakade:3
शहराचा	shaharacha:3
शहराची	shaharachi:2	shaharachee:1
शहराचे	shaharache:3
शहराच्या	shaharachya:3
शहराजवळ	shaharajaval:2	shaharajavad:1
शहराजवळील	shaharajavaleel:1	shaharajavalil:1	shaharajavdil:1
शहरात	shaharat:2	shaharaat:1
शहरातच	shaharatach:3
शहरातल्या	shaharatalya:2	shaharatlya:1
शहरातही	shaharaathi:1	shaharatahee:1	shaharatahi:1
शहरातील	shaharatil:2	shaharateel:1
शहरातून	shaharatun:2	shaharatoon:1
शहरापासून	shaharapasun:2	shaharapasoon:1
शहरामध्ये	shaharamadhye:3
शहराला	shaharala:3
शहरावर	shaharavar:2	shaharawar:2
शहराविषयी	shaharaveeshayi:1	shaharavishayee:1	shaharavishayi:1
शहराशी	shaharashi:2	shaharashee:1
शहरास	shaharas:2	shaharaas:1
शहरी	shahari:2	shaharee:1
शहरे	shahare:4
शहा	shaha:3
शहाच्या	shahachya:3
शहाजी	shahaji:2	shahajee:1
शहाजीराजांचे	shahajirajanche:2	shahajeerajanche:1
शहाजीराजे	shahajiraje:2	shahajeeraje:1
शहाणपणाचे	shahaanpanache:1	shahanapanache:1	shahanpanache:1
शहाणे	shahane:2	shahaane:1
शहानिशा	shahanisha:2	shahaneesha:1
शहापूर	shahapur:2	shahapoor:1
शहीद	shahid:3	shaheed:2	saheed:1	sahid:1
शांघाय	shanghay:3	sanghai:1	sanghaiye:1	sanghay:1
शांत	shant:2	shaant:2	shanta:1
शांतता	shantata:2	shaantata:1
शांततेच्या	shantatechya:3
शांतपणे	shantpane:2	shantapane:2	shaantpane:1
शांता	shanta:2	shaanta:1
शांतादुर्गा	shantadurga:3
शांताबाई	shantabai:3	shaantabai:1
शांताराम	shantaram:2	shaantaram:1
शांती	shantee:2	shanti:1
शांतीची	shanteechee:2	shantichi:1
शांतीचे	shanteeche:2	shantiche:1
शाई	shai:3
शाईच्या	shaichya:2	shaaichya:1
शाकाहार	shaakahaar:1	shakahar:1	shakhahar:1
शाकाहारी	shakahari:4	shaakahaari:1	shakaharee:1	shakhaharee:1
शाकीर	shakeer:2	shaakir:1
शाकुंतल	shakuntal:2	shaakuntal:1
शाखा	shakha:2	shaakha:1
शाखांच्या	shaakhanchya:1	shakhancha:1	shakhanchya:1
शाखांमध्ये	shakhanmadhye:2	shaakhanmadhye:1
शाखाप्रमुख	shakhapramukh:2	shakhaapramukh:1
शाखीय	shaakhiya:1	shakheey:1	shakhiy:1
शाखेचा	shakhecha:2	shaakhecha:1
शाखेची	shaakhechi:1	shakhechee:1	shakhechi:1
शाखेचे	shakheche:2	shaakheche:1
शाखेच्या	shakhechya:2	shaakhechya:1
शाखेत	shakhet:2	shaakhet:1
शाखेतर्फे	shakhetarfe:2	shaakhetarfe:1	shakhetaphe:1
शाखेतील	shakhetil:2	shakheteel:1
शाखेतून	shakhetoon:2	shaakhetun:1
शाडूची	shaaduchi:1	shadoochee:1	shadoochi:1
शाडूच्या	shadoochya:2	shaaduchya:1
शादी	shaadi:1	shadee:1	shadi:1
शान	shan:2	shaan:1
शानबाग	shaanbag:1	shanabag:1	shanbaug:1
शानभाग	shaanbhag:1	shanabhag:1	shanbhag:1
शाप	shap:3	shaap:1
शापित	shapit:2	shapeet:1
शाबास	shabas:2	shaabas:1
शाबासकी	shaabaski:1	shabasakee:1	shabaski:1
शाबूत	shaboot:3
शाब्दिक	shabdik:2	shaabdeek:1
शामराव	shaamrav:1	shamarao:1	shamarav:1	shamrao:1
शामा	shama:2	shaama:1
शायरीचा	shaayaricha:1	shairicha:1	shayareecha:1	shayricha:1
शारजा	shaaraja:1	sharaja:1	sharja:1
शारदा	sharada:2	sharda:2	sarada:1	sarda:1
शारदाबाई	shaardabai:1	sharadabaii:1	shardabai:1
शारदीय	shaaradiya:1	sharadeey:1	sharadiy:1
शारिरीक	shareerik:1	sharireek:1	sharirik:1
शारीरिक	sharirik:3	shareerik:1	sharireek:1
शारीरीक	sharirik:2	shareereek:1
शार्क	sark:1	sarka:1	shark:1	sharka:1
शाल	shal:2	shaal:1
शालिवाहन	shaaleevahan:1	shalivahan:1	shallivahan:1
शालू	shaloo:2	shaalu:1
शालेय	shaleya:4	shaaleya:1	shaley:1
शाळकरी	shaadkari:1	shalakaree:1	shalkaree:1
शाळा	shala:2	shaada:1
शाळांचे	shalanche:2	shaadanche:1
शाळांतून	shalantoon:2	shaadantoon:1
शाळांमध्ये	shalanmadhye:3
शाळेचा	shalecha:3
शाळेची	shalechee:2	shalechi:1
शाळेचे	shaleche:3
शाळेच्या	shalechya:3
शाळेत	shalet:3
शाळेतच	shaletach:3
शाळेतील	shaleteel:2	shaletil:1
शाळेतून	shaletoon:2	shaletun:1
शाळेने	shalene:3
शाळेमध्ये	shalemadhye:3
शाळेला	shalela:3
शाळेस	shales:3
शाळेसमोर	shalesamor:3
शाश्वत	shashvat:3
शासक	shasak:3
शासकांनी	shasakannee:2	shasakanni:1
शासकिय	shasakiya:2	shasakiy:1
शासकीय	shasakeey:1	shasakeeya:1	shasakiy:1
शासन	shasan:3
शासनाकडून	shasanakadoon:3
शासनाकडे	shasanakade:3
शासनाचा	shasanacha:3
शासनाची	shasanachee:2	shasanachi:1
शासनाचे	shasanache:3
शासनाच्या	shasanachya:3
शासनातर्फे	shasanatarfe:2	shasanatarfr:1	shasanatarphe:1
शासनातील	shasanateel:2	shasanatil:1
शासनाने	shasanane:3
शासनाला	shasanala:3
शासनावर	shasanavar:2	shasannavar:1
शासनास	shasanas:2	shasans:1
शास्त्र	shastra:2	shastr:1
शास्त्रज्ञ	shastradnya:5	shastradnnya:1	shastradny:1
शास्त्रज्ञांचा	shastradnyancha:3
शास्त्रज्ञांच्या	shastradnyanchya:2	shastradynanchya:1
शास्त्रज्ञांना	shastradnyanna:2	shastradynanna:1
शास्त्रज्ञांनी	shastradnyannee:3
शास्त्रज्ञाच्या	shastradnyachya:3
शास्त्रज्ञाने	shastradnyane:3
शास्त्रशुद्ध	shastrashuddh:2	shastrashuddha:1
शास्त्रांची	shastranchee:3
शास्त्राचा	shastracha:3
शास्त्राच्या	shastrachya:3
शास्त्रात	shastrat:3
शास्त्रातील	shastrateel:3
शास्त्रानुसार	shastranusar:3
शास्त्राप्रमाणे	shastrapramane:3
शास्त्री	shastree:3	sastri:1	shashtri:1	shashtrii:1
शास्त्रीय	shastriya:5	shastreey:3
शास्त्रे	shastre:3
शास्त्रोक्त	shastrokt:3
शाह	shah:4	saah:1	sah:1	saha:1
शाहरुख	shaharookh:1	shaharukh:1	shahrukh:1
शाहरूख	shahrookh:2	shaharookh:1	shahrukh:1
शाहिरांच्या	shahiranchya:3
शाहिरी	shahiree:2	shahiri:1
शाही	shahi:3	shahee:2
शाहीद	shaheed:2	shahid:1
शाहीर	shaheer:3
शाहु	shahu:3
शाहुवाडी	shahuvadee:3	shahuwadi:1
शाहू	shahu:3	shahoo:3
शाहूंचा	shahooncha:3
शाहूंचे	shahoonche:2	shahunche:1
शाहूंना	shahoonna:3
शाहूनगर	shahoonagar:2	shahunagar:1
शिंक	shink:3
शिंगणापूर	shinganapoor:2	shingnapoor:1
शिंगवे	shingave:2	shingve:1
शिंगे	shinge:3
शिंगोटे	shingote:3
शिंदी	shindee:3
शिंदीची	shindeechee:3
शिंदे	shinde:3
शिंदेंच्या	shindenchya:3
शिंदेने	shindene:3
शिंदेवाडी	shindevadee:2	shindewadi:2
शिऊर	sheeuar:1	shioor:1	shiuur:1
शिकणे	sheekane:1	shikane:1	shikne:1
शिकण्याची	sheeknyachi:1	shikanyachee:1	shiknyachi:1
शिकण्यास	shikanyas:2	sheeknyaas:1
शिकण्यासाठी	sheeknyasaathi:1	shikanyasathee:1	shikanyasathi:1
शिकत	sheekat:2	shikat:2
शिकता	shikata:2	sheekata:1
शिकतात	shikatat:2	sheekatat:1
शिकला	shikala:2	sheekala:1	shikla:1
शिकली	sheekli:1	shikalee:1	shikali:1
शिकले	shikale:2	sheekle:1
शिकलेले	shikalele:2	sheeklele:1
शिकलेल्या	shikalelya:2	sheeklelya:1
शिकलो	shikalo:2	sheekalo:1
शिकल्या	shikalya:2	sheeklya:1
शिकवण	sheekavan:2	shikavan:1	shikavn:1
शिकवणारी	sheekavnaari:1	shikavanaree:1	shikavnaree:1
शिकवणाऱ्या	sheekavnaarya:1	shikavanarya:1	shikavnarya:1
शिकवणीचा	sheekavanicha:1	shikavaneecha:1	shikavneecha:1
शिकवणीनुसार	shikavaneenusar:1	shikavaninusar:1	shikavneenusar:1
शिकवण्याची	shikavnyachee:2	shikavanyachee:1
शिकवण्याच्या	shikavanyachya:2	shikavnyachya:1
शिकवत	shikavat:3
शिकवतात	shikavatat:2	shikavtat:1
शिकवला	shikavala:2	shikavla:1
शिकवले	shikavale:2	shikavle:1
शिकवावे	shikavave:3
शिकविले	shikavile:3
शिकविलेल्या	shikavilelya:3
शिकवीत	shikavit:2	shikaveet:1
शिकाऊ	shikau:2	shikaoo:1
शिकागो	chicago:2	shikago:1
शिकायची	shikayachee:1	shikayachi:1	shikaychi:1
शिकायला	shikayala:2	shikayla:1
शिकार	shikar:3
शिकारी	shikari:2	shikaree:1
शिकारीच्या	shikarichya:2	shikareechya:1
शिकारीवर	shikarivar:2	shikareevar:1
शिकू	shikoo:2	shiku:1
शिकून	shikoon:2	shikun:1
शिक्का	shikka:3
शिक्कामोर्तब	shikkamortab:3
शिक्षक	shikshak:3
शिक्षकांकडे	shikshakankade:3
शिक्षकांची	shikshakanchee:2	shikshakanchi:1
शिक्षकांच्या	shikshakanchya:3
शिक्षकांना	shikshakanna:3
शिक्षकांनी	shikshakannee:2	shikshakanni:1
शिक्षकाचा	shikshakacha:3
शिक्षकाची	shikshakachee:2	shikshakachi:1
शिक्षकाच्या	shikshakachya:3
शिक्षकाने	shikshakane:3
शिक्षकी	shikshakee:2	shikshaki:1
शिक्षण	shikshan:3
शिक्षणच	shikshanach:3
शिक्षणतज्ज्ञ	shikshanatajdnya:1	shikshantadnya:1	shikshantajdnya:1
शिक्षणतज्ञ	shikshantadnya:2	shikshanatadny:1
शिक्षणपद्धती	shikshanapaddhatee:1	shikshanpaddhati:1	shikshanpadhati:1
शिक्षणपद्धतीचा	shikshanpaddhaticha:2	shikshanapaddhateecha:1
शिक्षणमंत्री	shikshanmantri:2	shikshanamantree:1
शिक्षणविषयक	shikshanvishayak:3
शिक्षणव्यवस्था	shikshanvyavastha:3
शिक्षणव्यवस्थेत	shikshanvyavasthet:2	shikshanavyavasthet:1
शिक्षणव्यवस्थेतील	shikshanvyavasthetil:2	sheekshanvyavasathetil:1
शिक्षणशास्त्र	shikshanshastra:2	sheekshanshastra:1
शिक्षणसंस्था	shikshansanstha:2	sheekshansanstha:1
शिक्षणही	shikshanahi:2	sheekshanhi:1
शिक्षणाकडे	shikshanakade:2	sheekshanaakade:1
शिक्षणाकरिता	shikshanakarita:2	sheekshanaakareeta:1
शिक्षणाचा	shikshanacha:2	sheekshanaacha:1
शिक्षणाची	shikshanachi:2	sheekshanaachi:1
शिक्षणाचे	shikshanache:2	sheekshanaache:1
शिक्षणाच्या	shikshanachya:2	sheekshanaachya:1
शिक्षणात	shikshanat:2	sheekshanaat:1
शिक्षणातील	shikshanatil:2	sheekshanaatil:1
शिक्षणातून	sheekshanatoon:1	shikshanatoon:1	shikshanatun:1
शिक्षणानंतर	shikshananantar:2	sheekshananantar:1
शिक्षणाने	shikshanane:2	sheekshanaane:1
शिक्षणापर्यंत	shikshanaparyant:2	sheekshanaaparyant:1
शिक्षणापासून	shikshanapasun:2	sheekshanapasoon:1
शिक्षणापेक्षा	shikshanapeksha:2	sheekshanaapeksha:1
शिक्षणाबद्दल	shikshanabaddal:2	sheekshanaabaddal:1
शिक्षणाबरोबरच	shikshanabarobarach:2	sheekshanaabarobarach:1
शिक्षणामध्ये	shikshanamadhye:2	sheekshanamadhye:1
शिक्षणामुळे	shikshanamule:2	sheekshanaamude:1
शिक्षणाला	shikshanala:2	sheeksahanaala:1
शिक्षणावर	shikshanavar:2	sheeksahanawar:1	shikshanawar:1
शिक्षणाशी	shikshanashi:2	sheekshnaashi:1
शिक्षणास	sheekshanas:1	shikshanas:1	shikshanasah:1
शिक्षणासाठी	shikshanasathi:2	sheekshanasaathi:1
शिक्षा	shiksha:2	sheeksha:1
शिक्षाही	shikshahi:2	sheekshahi:1
शिक्षिका	shikshika:2	sheekshika:1
शिक्षित	shikshit:2	sheeksheet:1
शिक्षेचा	shikshecha:2	sheekshecha:1
शिक्षेच्या	shikshechya:2	sheekshechya:1
शिक्षेला	shikshela:2	sheekshela:1
शिख	shikh:2	sheekh:1
शिखर	shikhar:2	sheekhar:1
शिखरांची	shikharanchi:2	shikharanchee:1
शिखराचा	shikharacha:3
शिखराची	shikharachi:2	shikharachee:1
शिखराच्या	shikharachya:3
शिखरावर	shikharavar:3
शिखरे	shikhare:3
शिखांच्या	shikhanchya:3
शिगेला	shigela:3
शिजला	shijla:2	shijala:1
शिजलेले	shijlele:2	shijalele:1
शिजवलेला	shijavlela:2	shijavalela:1
शिजवलेले	shijavalele:2	shijavlele:1
शिजवावे	shijavave:2	shijvave:1
शिजविला	shijavila:3
शिजवून	shijavun:2	shijvun:1
शिट्टी	shitti:3
शितल	shital:3	sheetal:1
शितू	shitu:2	shitoo:1
शिथिल	shithil:3
शिथिलता	shithilata:2	shithilta:1
शिपाई	shipai:3
शिपायांना	shipayanna:3
शिफारस	shifaras:3
शिफारसीनुसार	shifaraseenusar:1	shifarasinusar:1	shifarisianusar:1
शिबिर	shibir:3
शिबिरांना	shibiranna:3
शिबिरात	shibirat:3
शिबिरे	shibire:3
शिमगा	shimaga:2	shimga:1
शिमला	shimla:3	shimala:3	seemala:1	sheemala:1
शिमोगा	shimoga:3
शिमोन	shimon:3	semon:1	shhimon:1	shhimone:1
शिया	shiya:3
शिर	shir:3
शिरकाण	shirkan:2	shirakan:1
शिरकाव	shirkav:3
शिरच्छेद	shirachched:1	shirachhes:1	shirchched:1
शिरढोण	shirdhon:2	shiradhon:1
शिरण्यापूर्वी	shiranyapoorvi:1	shiranyapurvee:1	shirnyapurvi:1
शिरताच	shirtach:2	shiratach:1
शिरतात	shiratat:2	shirtat:1
शिरतानाच	shiratanach:2	shirtanach:1
शिरते	shirate:2	shirte:1
शिरतो	shirato:2	shirto:1
शिरपूर	shirapoor:1	shirpoor:1	shirpur:1
शिरला	shirala:2	shirla:1
शिरल्या	shiralya:2	shirlya:1
शिरल्यावर	shiralyavar:2	shirlyavar:1
शिरवळ	shiraval:2	shirval:1
शिरवळकर	shiravalakar:1	shiravalkar:1	shirvalkar:1
शिरवाडकर	shirawadkar:1	shirvadakar:1	shirwadkar:1
शिरा	shira:3
शिराळा	shirala:3
शिरावे	shirave:2	shirawe:1
शिरीष	shirish:2	shireesh:1	shirirsh:1
शिरू	shiru:3
शिरूर	shirur:3
शिरोडकर	shirodkar:3
शिरोडा	shiroda:3
शिरोमणी	shiromane:1	shiromanee:1	shiromani:1
शिरोली	shiroli:2	shirolee:1
शिरोळ	shirol:3
शिरोळे	shirole:3
शिर्के	shirke:3
शिर्डी	shirdi:3	seerdi:1	sheardi:1	sheerdi:1
शिलाँग	shillong:3	shilong:2	shhilanga:1	shhillong:1
शिलालेख	shilalekh:3
शिलालेखांत	shilalekhant:3
शिलालेखात	shilalekhat:3
शिलाहार	shilahar:3
शिलेदार	shiledar:3
शिल्प	shilp:3
शिल्पकला	shilpakala:2	shilpkala:1
शिल्पकार	shilpakar:2	shilpkar:1
शिल्पकाराने	shilpakarane:3
शिल्पा	shilpa:4	seelpa:1	sheelpa:1	shheelpa:1
शिल्पी	shilpi:3
शिल्पे	shilpe:3
शिल्लक	shillak:3
शिळा	shila:3
शिळेवर	shilevar:3
शिव	shiv:5	shhiv:2	shhiva:2	shiva:2
शिवकालीन	shivkalin:2	shivkaleen:1
शिवकाळात	shivkalat:3
शिवकुमार	shivkumar:3
शिवचरित्र	shivcharitra:2	shivcharitr:1
शिवछत्रपती	shivchatrapatee:1	shivchatrapati:1	shivchhatrapati:1
शिवछत्रपतींचा	shivchatrapateencha:1	shivchatrapatincha:1	shivchhatrapatincha:1
शिवजयंती	shivjayanti:2	shivjayantee:1
शिवजयंतीच्या	shivjayantichya:2	shivjayanteechya:1
शिवथरघळ	shivatharaghad:1	shivthargal:1	shivtharghal:1
शिवनेरी	shivneri:2	shivneree:1
शिवपुरी	shivpuri:2	shivpuree:1
शिवबा	shivba:2	shivaba:1
शिवभक्त	shivabhakta:1	shivbhakt:1	shivbhakta:1
शिवमंदिर	shivmandir:2	shivamandir:1
शिवमंदिरात	shivmandirat:2	shivamandirat:1
शिवयोगी	shivyogi:2	shivayogi:1
शिवराई	shivrai:2	shivarai:1
शिवराम	shivram:2	shivaram:1
शिवरामपंत	shivrampant:2	shivarampant:1
शिवराय	shivray:2	shivaray:1
शिवरायांचा	shivrayancha:2	shivarayancha:1
शिवरायांची	shivrayanchi:2	shivarayanchi:1
शिवरायांचे	shivrayanche:2	shivarayanche:1
शिवरायांच्या	shivrayanchya:2	shivarayanchya:1
शिवरायांना	shivrayanna:2	shivarayanna:1
शिवरायांनी	shivrayanni:2	shivarayanni:1
शिवला	shivla:2	shivala:1
शिवलाल	shivlal:2	shivalal:1
शिवलिंग	shivling:2	shivaling:1
शिवलिंगाची	shivlingachi:2	shivalingachi:1
शिवलिंगाचे	shivlingache:2	shivalingache:1
शिवलिंगे	shivlinge:2	shivalinge:1
शिवशाहीतील	shivshahitil:2	shivashahitil:1
शिवशाहीर	shivashahir:1	shivshaheer:1	shivshahir:1
शिवसृष्टी	shivsrushti:2	shivsrishti:1
शिवसेना	shivsena:3
शिवसेनाप्रमुख	shivsenapramukh:3
शिवसेनेचे	shivseneche:3
शिवसेनेच्या	shivsenechya:3
शिवसेनेने	shivsenene:2	shivasenene:1
शिवा	shiva:3
शिवाई	shivai:3
शिवाचे	shivache:3
शिवाच्या	shivachya:3
शिवाजी	shivaji:19	shivajee:3	shhivajee:1	shhivaji:1
शिवाजींना	shivajeenna:2	shivajinna:1
शिवाजीची	shivajeechee:2	shivajichi:1
शिवाजीच्या	shivajeechya:2	shivajichya:1
शिवाजीनगर	shivajeenagar:2	shivajinagar:1
शिवाजीने	shivajeene:2	shivajine:1
शिवाजीमहाराजांनी	shivajeemaharajannee:2	shivajimaharajanni:1
शिवाजीराजांचे	shivaheerajanche:1	shivajeerajanche:1	shivajirajanche:1
शिवाजीराजांच्या	shivajeerajanchya:2	shivajirajanchya:1
शिवाजीराजांना	shivajeerajanna:2	shivajirajanna:1
शिवाजीराजे	shivajiraje:2	shivajeeraje:2
शिवाजीराव	shivajeerao:1	shivajeerav:1	shivajirav:1
शिवाजीवर	shivajeevar:2	shivajivar:1
शिवानंद	shivanand:2	shivajinand:1
शिवाय	shivay:3
शिवार	shivar:3
शिवालय	shivalay:3
शिव्या	shivya:3
शिशिर	shishir:3
शिशु	shishu:3
शिश्न	shishr:2	shishn:1
शिष्ट	shisht:3
शिष्टसंमत	shishtasanmat:1	shishtsamat:1	shistasammat:1
शिष्टाचार	shishtachar:3
शिष्य	shishya:5	shishy:3
शिष्यत्व	shishyatv:3
शिष्यवृत्ती	shishyavrutti:2	shishyavrutee:1	shishyavruttee:1
शिष्या	shishya:3
शिष्यांची	shishyachi:1	shishyanchee:1	shishyanchi:1
शिष्यांना	shishyanna:3
शिष्यांनी	shishyanni:2	shishyannee:1
शिष्याचे	shishyache:3
शिष्यास	shishyas:3
शिसे	shise:3
शिस्त	shist:2	shista:1
शिस्तबद्ध	shistabaddh:1	shistabaddha:1	shistbaddha:1
शिस्तशीर	shistashir:2	shistshir:1
शी	shi:3	she:1
शीख	shikh:3
शीट	shit:3	sheet:2
शीत	shit:2	sheet:1	sheeta:1
शीतल	shital:3	sheetal:1
शीर्ष	shirsh:3
शीर्षक	shirshak:3
शीर्षकाने	shirshakane:3
शीर्षके	shirshake:3
शील	shil:2	sheel:1
शीला	shila:3	sheela:2	seela:1	seila:1
शु	shhoe:1	shhu:1	shoe:1	shu:1
शुंग	shung:3
शुक	shuk:3
शुक्र	shukra:2	shukr:1
शुक्रजंतू	shukrajantu:3
शुक्रवार	shukravar:2	shukrawar:1
शुक्रवारी	shukravari:3
शुक्राचार्य	shukracharya:2	shukrachary:1
शुक्राणू	shukranu:3
शुक्ल	shukl:2	shukla:1
शुक्ला	shukla:3
शुगर	shhugar:1	shugar:1	sugar:1	sugara:1
शुद्घ	shuddh:1	shuddha:1	shudgha:1
शुद्ध	shudha:6	shuddh:2	shuddha:1
शुद्धता	shuddhata:3
शुद्धलेखन	shuddhalekhan:3
शुद्धलेखनाचे	shuddhalekhanache:3
शुद्धिकरण	shuddhikaran:3
शुद्धीकरण	shuddhikaran:3
शुभ	shubh:3
शुभदा	shubhada:2	shubhda:1
शुभदे	shubhade:3
शुभम	shubham:3
शुभा	shubha:3
शुभांगी	shubhangee:1	shubhangi:1	subhangi:1
शुभारंभाचा	shubharambhacha:3
शुभेच्छा	shubheccha:1	shubhechchha:1	shubhechha:1
शुभ्र	shubhr:2	shubhra:1
शुल्क	shulk:3
शुष्क	shushk:3
शुष्कता	shushkta:2	shushkata:1
शूटिंग	shooting:4	shaating:1	shhooting:1	shhuting:1
शूद्र	shudra:2	shoodr:1	shudr:1
शून्य	shunya:2	shoonya:1	shuny:1
शूर	shur:2	shoor:1
शृंखला	shrunkhala:2	shrinkhala:1
शृंगार	shrungar:2	shringar:1
शृंगेरी	shrungeri:3
शेंगदाण्याचे	shengdanyache:2	shendanyache:1
शेंगा	shenga:3
शेंडी	shendi:2	shendee:1
शेंडे	shende:3
शेअर	share:3	shear:2	sair:1	sare:1
शेअर्स	shares:2	shears:1
शेकडा	shekada:3
शेकडो	shekado:3
शेकरू	shekaroo:2	shekaru:1
शेकाप	shekap:3
शेक्सपिअर	shakespeare:3	shekspiar:1
शेक्सपियर	shakespeare:2	shakepeare:1	shekspiyar:1
शेख	shaikh:2	shekh:3	saikh:1	seikh:1
शेखर	shekhar:4	sekhar:1	sheekhar:1	sheqhar:1
शेखावत	shekhavat:3
शेगाव	shegav:2	shegaon:1
शेगावच्या	shegavachya:2	shegaonchya:1
शेजवलकर	shejavalakar:1	shejavalkar:1	shejawalkar:1
शेजारच्या	shejarachya:3
शेजारी	shejari:2	shejaree:1
शेजारीच	shejarich:2	shejareech:1
शेजारील	shejaril:2	shejareel:1
शेटलंड	setaland:1	setland:1	sheetaland:1	sheetland:1
शेटे	shete:3
शेट्टी	shetty:2	shettee:1	shetti:1
शेठ	sheth:3
शेडगे	shedage:3
शेडनेट	shednet:2	shadenet:1
शेण	shen:3
शेणाच्या	shenachya:2	shenacha:1
शेत	shet:3
शेतकरी	shetkari:3	shetakaree:1	shetakari:1
शेतकर्‍यांच्या	shetakaryanchya:2	shetkaryanchya:1
शेतकर्‍यांना	shetakaryanna:2	shetkaryanna:1
शेतकऱ्यांचा	shetakaryancha:2	shetkaryancha:1
शेतकऱ्यांची	shetakaryanchee:1	shetakaryanchi:1	shetkaryanchi:1
शेतकऱ्यांचे	shetakaryanche:2	shetkaryanche:1
शेतकऱ्यांच्या	shetakaryanchya:2	shetkaryancha:1
शेतकऱ्यांना	shetakaryanna:2	shetatalayanna:1	shetatlyanna:1	shetkaryanna:1
शेतकऱ्यांनी	shetakaryannee:1	shetakaryanni:1	shetkaryanni:1
शेतकऱ्यांमध्ये	shetakaryanmadhye:2	shetkaryanmadhye:1
शेतकी	shetaki:2	shetakee:1
शेतमजुरी	shetamajuree:1	shetamajuri:1	shetmajuri:1
शेतमजूर	shetamajoor:1	shetamajur:1	shetmajoor:1
शेतमालाची	shetamalachee:1	shetamalachi:1	shetmalachi:1
शेतमालाचे	shetamalache:2	shetmalache:1
शेतमालाला	shetamalala:2	shetmalala:1
शेतसारा	shetasara:2	shetsara:1
शेताचे	shetache:3
शेताच्या	shetachya:3
शेतात	shetat:3
शेतातच	shetatach:3
शेतातील	shetatil:2	shetateel:1
शेतामध्ये	shetamadhye:3
शेती	sheti:2	shetee:1
शेतीचा	sheticha:2	sheteecha:1
शेतीची	shetichi:2	sheteechee:1
शेतीचे	shetiche:2	sheteeche:1
शेतीच्या	shetichya:2	sheteechya:1
शेतीत	shetit:2	sheteet:1
शेतीतील	shetitil:2	sheteeteel:1
शेतीमधील	shetimadhil:2	sheteemadheel:1
शेतीमध्ये	shetimadhye:2	sheteemadhye:1
शेतीला	shetila:2	sheteela:1
शेतीवर	shetivar:2	sheteevar:1
शेतीविषयक	sheteevishayak:1	shetiivshayak:1	shetivishayak:1
शेतीसाठी	sheteesathee:1	shetisaathi:1	shetisathi:1
शेते	shete:3
शेन	shen:3	shane:1
शेपटी	shepti:2	shepatee:1	shepati:1
शेपटीचा	shepateecha:1	shepaticha:1	shepticha:1
शेपटीच्या	shepateechya:1	shepatichya:1	sheptichya:1
शेपूट	shepoot:2	sheput:2
शेफील्ड	seffield:1	sephild:1	sheeffieeld:1	sheephild:1
शेर	sher:4	sair:1	sare:1	ser:1
शेरीफ	seriff:1	seriph:1	shariff:1	shariph:1
शेरॉन	sharon:2	sheran:2	sheron:2	saron:1
शेरोशायरी	sheroshayari:2	sheroshayaree:1
शेर्पा	sherpa:4	serpa:1	seyrpa:1	sharpa:1
शेल	shel:3	shell:2	sail:1	sel:1
शेला	shela:3
शेलार	shelar:3
शेली	sheli:3	seli:1	selley:1	sely:1
शेळके	shelake:3
शेळी	sheli:2	shelee:1
शेळीपालन	shelipalan:2	sheleepalan:1
शेळ्या	shelya:3
शेळ्यांना	shelyanna:3
शेव	shev:3	shave:1
शेवगाव	shevagav:1	shevgaon:1	shevgav:1
शेवग्याच्या	shevagyachya:3
शेवट	shevat:3
शेवटचा	shevatacha:2	shevatcha:1
शेवटची	shevatachee:1	shevatachi:1	shevatchi:1
शेवटचे	shevatache:2	shevatche:1
शेवटच्या	shevatchya:3	shevatachya:3
शेवटपर्यंत	shevataparyant:2	shevatparyant:1
शेवटला	shevatala:2	shevatla:1
शेवटापर्यंत	shevataparyant:3
शेवटी	shevati:2	shevatee:1
शेवटीं	shevateem:1	shevati:1	shevatin:1
शेवडे	shevade:3
शेवाळकर	shevalkar:2	shevalakar:1
शेवाळे	shevale:3
शेष	shesh:3
शेषन	sheshan:3
शेषराव	sheshrao:2	shesharav:1
शैक्षणिक	shaikshanik:2	shekshanik:1
शैक्षिक	shaikshik:3
शैलजा	shailaja:2	shailja:1
शैलपुत्री	shailputri:3
शैला	shaila:3
शैली	shaili:3
शैलीचा	shailicha:3
शैलीचे	shailiche:3
शैलीत	shailit:3
शैलीतील	shailitil:3
शैलीद्वारे	shailidvare:2	shailidware:1
शैलेंद्र	shailendra:2	shalendra:1
शैलेश	shailesh:3
शैव	shaiv:3
शॉक	sak:1	sauk:1	shack:1	shak:1
शॉट	sat:1	saut:1	shat:1	shaut:1
शॉप	shop:3
शो	show:3	shho:1	sho:1	so:1
शोएब	shoaib:3	shhoaib:1	shhoeb:1	shhoyeb:1
शोक	shok:3
शोककळा	shokakala:2	shokkala:1
शोकांतिका	shokantika:3
शोकाकुल	shokakul:3
शोज	shoj:2	shows:1
शोध	shodh:3
शोधक	shodhak:3
शोधणे	shodhane:3
शोधण्याची	shodhanyachi:3
शोधण्याचे	shodhanyache:3
शोधण्यास	shodhanyas:2	shodhmyas:1
शोधण्यासाठी	shodhanyasathi:2	shodhnyasathi:1
शोधत	shodhat:3
शोधता	shodhata:3
शोधतांना	shodhatanna:3
शोधतात	shodhatat:3
शोधते	shodhate:3
शोधन	shodhan:3
शोधनिबंध	shodhnibandh:2	shodhanibandh:1
शोधला	shodhala:2	shodhla:1
शोधले	shodhale:2	shodhle:1
शोधलेला	shodhalela:2	shodhlela:1
शोधात	shodhat:3
शोधिताना	shodhitana:2	shodheetana:1
शोधुन	shodhun:3
शोधून	shodhun:3	shodhoon:2
शोभणे	shobhane:2	shobhne:1
शोभा	shobha:3
शोभिवंत	shobhivant:2	shobheevant:1
शोभून	shobhoon:2	shobhun:1
शोभेचे	shobheche:3
शोभेच्या	shobhechya:3
शोभेसाठी	shobhesathi:2	shobhesaathi:1
शोले	shole:2	sholey:1
शोषण	shoshan:3
शोषणावर	shoshanavar:2	shoshanaavar:1
शोषली	shoshali:2	shoshlee:1
शोषित	shoshit:3
शोषितांच्या	shoshitanchya:3
शोषून	shoshun:2	shoshoon:1
शौकत	shaukat:3
शौकीन	shaukeen:2	shaukin:1
शौच	shauch:2	shouch:1
शौचास	shauchas:2	shouchas:1
शौर्य	shaurya:3
श्याम	shyam:4	sham:1	shham:1	shhyam:1
श्यामची	shyamchi:2	shyamchee:1
श्यामजी	shyamji:2	shyamjee:1
श्यामाप्रसाद	shyamaprasad:3
श्रद्धा	shraddha:4	shhraddha:1	shradha:1	sraddha:1
श्रद्धांजली	shraddhanjali:2	shraddhanjalee:1
श्रद्धास्थान	shraddhasthan:3
श्रद्धेचा	shraddhecha:3
श्रम	shram:3
श्रमदान	shramdan:3
श्रमदानातून	shramdanatoon:2	shramdanatun:1
श्रमसंस्कार	shramsanskar:2	shramasanskaar:1
श्रमाची	shramachi:3
श्रमिक	shramik:2	shrameek:1
श्रमिकांच्या	shramikanchya:2	shrameekanchya:1
श्रवण	shravan:3
श्राद्ध	shraddah:1	shraddh:1	shraddha:1
श्रावण	shravan:3
श्रावणातल्या	shravanatalya:3
श्रावणी	shravani:3
श्राव्य	shravya:3
श्री	shri:5	shhri:3	shree:3	shrii:3
श्रीकांत	shreekant:1	shrikaant:1	shrikant:1
श्रीकृष्ण	shreekrushna:1	shrikrishan:1	shrikrishna:1
श्रीकृष्णाचा	shreekrushnacha:1	shrikrishanacha:1	shrikrishnacha:1
श्रीकृष्णाची	shrikrishanachi:1	shrikrishnachi:1	shrikrushnachi:1
श्रीकृष्णाच्या	shrikrishanachya:1	shrikrishnachya:1	shrikrushnachya:1
श्रीकृष्णाने	shrikrishnane:2	shrikrishanane:1	shrikrushnane:1
श्रीक्षेत्र	shrikshetra:3
श्रीखंड	shrikhand:3
श्रीगोंदा	shrigonda:3
श्रीदत्त	shridatt:2	shridatta:1
श्रीदेवी	shridevi:3	sridevi:2	shhreedevi:1	shhridevi:1
श्रीधर	shridhar:2	sridhar:1
श्रीनगर	srinagar:3	shrinagar:2	shhreenagar:1	shhrinagar:1
श्रीनाथ	shrinath:2	shrinaath:1	srinath:1
श्रीनिवास	shrinivas:3	srinivasa:2	shhrinivash:1	shhrinivasha:1
श्रीपतराव	shripatrao:2	shripatrav:1	sripatrao:1
श्रीपाद	shripaad:2	shripad:1	sripaad:1
श्रीपाल	shripal:3	sripal:1
श्रीफळ	shrifad:1	shrifal:1	shriphad:1	srifal:1
श्रीमंत	shrimant:2	srimant:1
श्रीमती	shrimati:4
श्रीमद	shrimad:4	shhreemad:1	shhrimad:1	shreemad:1
श्रीमद्	shrimad:4
श्रीमान	shriman:2	shrimaan:1
श्रीरंग	shrirang:3
श्रीराम	shriram:3
श्रीरामपूर	shrirampur:2	shrirampoor:1
श्रीरामाची	shriramachi:3
श्रीरामाचे	shriramache:3
श्रीलंका	srilanka:3	shrilanka:2
श्रीलंकेकडून	shrilankekadoon:1	shrilankekadun:1	srilankekadun:1
श्रीलंकेचा	shrilankecha:2	srilankecha:1
श्रीलंकेचे	shrilankeche:2	srilankeche:1
श्रीलंकेच्या	shrilankechya:2	srilankechya:1
श्रीलंकेत	shrilanket:2	srilanket:1
श्रीलंकेतील	shrilanketil:2	srilanketil:1
श्रीलंकेला	shrilankela:1	shrilankele:1	srilankela:1
श्रीवर्धन	shrivardhan:2	shreevardhan:1
श्रीवल्लभ	shrivallabh:2	shreevallabh:1
श्रीवास्तव	shrivastav:2	shreevastav:1
श्रीविष्णू	shrivishnu:2	shreevishnu:1
श्रीस्वामी	shreeswami:1	shrisvami:1	shriswami:1
श्रीहरी	shrihari:2	shreehari:1
श्रुती	shruti:4	shhrooti:1	shhruti:1	shraati:1
श्रृती	shruti:3
श्रेणी	shreni:3
श्रेणीच्या	shrenichya:3
श्रेणीत	shrenit:3
श्रेणीतील	shrenitil:2	shreniteel:1
श्रेय	shrey:3
श्रेया	shreya:4	shhraiya:1	shhreya:1	shraiya:1
श्रेष्ठ	shreshth:2	shreshtha:1
श्रेष्ठी	shreshthi:2	shresthi:1
श्रॉफ	shroff:2	shraf:1	shrauf:1
श्रोत्यांची	shrotyanchi:3
श्रोत्यांना	shrotyanna:3
श्रोत्यांसमोर	shrotyansamor:3
श्रोत्री	shroti:2	shrotree:1
श्लोक	shlok:3
श्लोकाचा	shlokacha:3
श्वसन	shvasan:2	shwasan:2
श्वसनाचे	shwasanache:2	shvasanache:1
श्वान	shwan:2	shvan:1
श्वास	shwas:2	shvas:1
श्वासोच्छ्वास	shvasochchhvas:1	shwasochavas:1	shwasochhavas:1	shwasochhawas:1
श्वेत	shwet:2	shvet:1
षटकात	shatakat:2	shatkat:1
षटके	shatake:3
षष्ठी	shashthi:3
षष्ठीला	shashthila:3
षोडश	shodash:3
सँडविच	sandwich:4	sandavich:1	sandawich:1	sandvich:1
संकट	sankat:3
संकटं	sankat:1	sankatam:1	sankatan:1	sankatn:1
संकटग्रस्त	sankatgrast:3	sankatagrast:1
संकटांचा	sankatancha:3
संकटांना	sankatanna:3
संकटाचे	sankatache:3
संकटाच्या	sankatachya:3
संकटात	sankatat:3
संकटातून	sankatatun:3
संकटामुळे	sankatamule:3
संकटे	sankate:3
संकरित	sankarit:3
संकर्षण	sankarshan:3
संकलन	sankalan:3
संकलनाच्या	sankalanachya:3
संकलित	sankalit:3
संकल्प	sankalp:3
संकल्पना	sankalpana:2	sankalpna:1
संकल्पनांवर	sankalpananvar:2	sankalpananwar:1	sankalpnanvar:1
संकल्पनेचा	sankalpanecha:2	sankalpnecha:1
संकल्पनेची	sankalpanechi:2	sankalpnechi:1
संकल्पनेच्या	sankalpanechya:2	sankalpnechya:1
संकल्पनेत	sankalpanet:3
संकल्पनेतून	sankalpanetun:2	sankalpnetun:1
संकल्पनेमुळे	sankalpanemule:2	sankalpnemule:1
संकल्पित	sankalpit:3
संकष्टी	sankashti:3
संकीर्ण	sankirn:3
संकुचित	sankuchit:3
संकुल	sankul:3
संकेत	sanket:3
संकेतस्थळ	sanketsthal:10	sanketasthal:2
संकेतस्थळांचा	sanketasthalancha:2	sanketsthalancha:1
संकेतस्थळाचा	sanketsthalacha:2	sanketasthalacha:1
संकेतस्थळाचे	sanketsthalache:2	sanketasthalache:1
संकेतस्थळावरील	sanketsthalavaril:2	sanketasthalavaril:2
संकेतस्थळावरून	sanketasthalavarun:2	sanketsthalavarun:2
संकेतस्थळे	sanketasthale:2	sanketsthale:2
संक्रमण	sankraman:5
संक्रमित	sankramit:3
संक्रांतीच्या	sankrantichya:2	sankrateechya:1
संक्रांतीला	sankrantila:2	sankranteela:1
संक्षिप्त	sankshipta:3	sankshipt:2
संख्या	sankhya:3
संख्यांचा	sankhyancha:3
संख्याबळ	sankhyabal:3
संख्याशास्त्र	sankhyashastra:2	sankhyashastr:1
संख्येचा	sankhyecha:3
संख्येच्या	sankhyechya:3
संख्येत	sankhyet:3
संख्येनुसार	sankhyenusar:2	sankhyenusaar:1
संख्येने	sankhyene:3
संख्येला	sankhyela:3
संख्येवर	sankhyevar:3
संगणक	sanganak:2	sangnak:1
संगणकाचा	sangankacha:2	sangnakacha:1
संगणकाचे	sangankache:2	sangnakache:1
संगणकाच्या	sangankachya:2	sangnakachya:1
संगणकावर	sangankavar:2	sangnakavar:1
संगणकीय	sanganakiya:2	sanganakiy:1	sangankiy:1	sangankiya:1
संगत	sangat:3
संगतीत	sangatit:3
संगतीने	sangatine:3
संगतीला	sangatila:3
संगनमताने	sanganamatane:1	sanganamtane:1	sanganmatane:1
संगम	sangam:4
संगमनेर	sangamner:2	sangamaner:1
संगमनेरच्या	sangamanerchya:2	sangamnerchya:1
संगमनेरला	sangamnerla:2	sangamanerla:1
संगमरवरी	sangamaravari:1	sangamarvari:1	sangamravari:1
संगमातून	sangamatun:3
संगमावर	sangamavar:3
संगमेश्वर	sangameshwar:2	sangmeshwar:1
संगितले	sangitale:2	sangitle:1
संगीत	sangeet:21	sangit:2
संगीतकार	sangitkar:2	sangeetkar:1
संगीतक्षेत्रात	sangeetkshetrat:1	sangitakshetrat:1	sangitkshetrat:1
संगीतज्ञ	sangeetagna:1	sangitagnya:1	sangitatadnya:1
संगीतबद्ध	sangeetbaddh:1	sangitbaddh:1	sangitbaddha:1
संगीतमय	sangitmay:2	sangeetmay:1
संगीतविषयक	sangitvishayak:2	sangeetvishayak:1
संगीतही	sangitahi:2	sangeethi:1
संगीता	sangita:2	sangeeta:1
संगीताचा	sangitacha:2	sangeetacha:1
संगीताची	sangitachi:2	sangeetachi:1
संगीताचे	sangitache:2	sangeetache:1
संगीताच्या	sangitachya:2	sangeetachya:1
संगीतात	sangitat:2	sangeetat:1
संगीतातील	sangitatil:2	sangeetateel:1
संगीतामध्ये	sangeetamadhye:1	sangitamadhye:1	sangitamahdye:1
संगीतामुळे	sangitamule:2	sangeetamule:1
संगीतासाठी	sangitasathi:2	sangeetasathee:1
संगोपन	sangopan:3
संगोराम	sangoram:3
संग्रह	sangrah:3
संग्रहण	sangrahan:3
संग्रहाचा	sangrahacha:3
संग्रहाचे	sangrahache:3
संग्रहाच्या	sangrahachya:3
संग्रहात	sangrahat:3
संग्रहातील	sangrahatil:2	sangrahateel:1
संग्रहातून	sangrahatoon:2	sangrahatun:1
संग्रहालय	sangrahalay:3
संग्रहालयाची	sangrahalayachi:2	sangrahalayachee:1
संग्रहालयाचे	sangrahalayache:3
संग्रहालयाच्या	sangrahalayachya:3
संग्रहालयात	sangrahalayat:2	sangrahalyat:1
संग्रहालयाला	sangrahalayala:2	sangrahalayacha:1
संग्रहालये	sangrahalaye:3
संग्रहित	sangrahit:3
संग्राम	sangram:3
संघ	sangha:8	sangh:3
संघटक	sanghatak:3
संघटन	sanghatan:3
संघटना	sanghatana:3
संघटनांचा	sanghatanancha:3
संघटनांचे	sanghatananche:3
संघटनांच्या	sanghatananchya:3
संघटनांनी	sanghatananani:1	sanghatanannee:1	sanghatananni:1
संघटनेकडून	sanghatanekadoon:2	sanghatanekadun:1
संघटनेचा	sanghatanecha:3
संघटनेची	sanghatanechi:3
संघटनेचे	sanghataneche:3
संघटनेच्या	sanghatanechya:3
संघटनेत	sanghatanet:3
संघटनेतर्फे	sanghatanetarfe:3	sanghatanetarphe:1
संघटनेतील	sanghatanetil:3
संघटनेतून	sanghatanetoon:2	sanghatanetun:1
संघटनेने	sanghatanene:3
संघटनेला	sanghatanela:3
संघटनेशी	sanghataneshi:2	sanghataneshee:1
संघटित	sanghatit:2	sanghateet:1
संघटितपणे	sanghateetpane:1	sanghatitapane:1	sanghatitpane:1
संघराज्याची	sangharajyachee:2	sanghrajyachi:1
संघराज्यात	sanghrajyat:2	sangharajyat:1
संघर्ष	sangharsh:3
संघर्षात	sangharshat:3
संघर्षानंतर	sangharshanantar:3
संघर्षामध्ये	sangharshamadhye:2	sangharshamule:1
संघर्षाला	sangharshala:2	sngharshala:1
संघर्षासाठी	sangharshasathi:2	sangharshasathee:1
संघांचा	sanghancha:3
संघांसाठी	sanghansathi:2	sanghansathee:1
संघाकडून	sanghakadun:2	sanghakadoon:2
संघाकडे	sanghakade:3
संघाचा	sanghacha:3
संघाची	sanghachi:2	sanghachee:1
संघाचे	sanghache:3
संघाच्या	sanghachya:3
संघात	sanghat:3
संघातर्फे	sanghatarfe:3	sanghatarphe:1
संघातील	sanghatil:2	sanghateel:1
संघातून	sanghatoon:2	sanghatun:1
संघाने	sanghane:3
संघाबरोबर	sanghabarobar:3
संघामध्ये	sanghamadhye:3
संघाला	sanghala:3
संघासाठी	sanghasathi:2	sanghasathee:1
संघासोबत	sanghasobat:3
संघीय	sangheey:1	sangheeya:1	sanghiy:1
संच	sanch:3
संचयित	sanchayit:3
संचाचा	sanchacha:3
संचाची	sanchachi:2	sanchachee:1
संचार	sanchar:3
संचारी	sanchari:3
संचालक	sanchalak:3
संचालकांनी	sanchalakanni:3
संचालन	sanchalan:2	sanchalana:1
संचालनालय	sanchalanalay:2	sanchalanalaya:1
संचालनालयाच्या	sanchalanalayachya:3
संचालिका	sanchalika:2	sanchalica:1
संचालित	sanchalit:2	sanchlit:1
संचित	sanchit:3
संजय	sanjay:4	sanjai:1	sanzay:1	sunjai:1
संजीव	sanjeev:2	sanjiv:2	sanjeew:1	sanjiiv:1
संजीवकुमार	sanjeevakumar:1	sanjivakumar:1	sanjivkumar:1
संजीवन	sanjivan:2	sanjeevan:1
संजीवनी	sanjeevani:3	sanjivani:2	sanjeevanee:1
संज्ञा	sandnya:2	sangna:1
संज्ञेचा	sandnecha:1	sandnyecha:1	sangnecha:1
संज्ञेत	sandnet:1	sandnyet:1	sangnet:1
संत	sant:3
संतकवी	santakavee:2	santakavi:1
संतकृपा	santakrupa:3
संतती	santatee:2	santati:1
संतपद	santapad:2	santpad:1
संतप्त	santapt:3
संतसाहित्याचे	santsahityache:2	santasahityache:1
संतांची	santanchee:2	santanchi:1
संतांचे	santanche:3
संतांच्या	santanchya:3
संतांनी	santannee:2	santanni:1
संताची	santachi:2	santachee:1
संताजी	santaji:2	santajee:1
संताजीने	santajine:2	santajeene:1
संतान	santan:3
संतापलेल्या	santapalelya:2	santaplelya:1
संतुलन	santulan:3
संतुलित	santulit:3
संतुष्ट	santusht:3
संतोष	santosh:2	sanosh:1
संतोषगड	santoshagad:2	santoshgad:1
संतोषी	santoshee:2	santoshi:1
संत्रे	santre:3
संत्र्याचा	santryacha:3
संत्र्याची	santryachee:1	santryachi:1	santryanchee:1
संथ	santh:3
संथा	santha:3
संदर्भ	sandarbha:3	sandarbh:3
संदर्भग्रंथ	sandarbhagranth:1	sandarbhagrantha:1	sandarbhgranth:1
संदर्भच	sandarbhach:3
संदर्भा	sandarbha:3
संदर्भात	sandarbhat:2	sandarbht:1
संदर्भातही	sandarbhatahi:2	sandarbhatahee:1
संदर्भातील	sandarbhatil:2	sandarbhateel:1
संदर्भानुसार	sandarbhanusar:3
संदर्भासाठी	sandarbhasathi:2	sandarbhasathee:1
संदिप	sandip:3
संदीप	sandeep:3	sandip:2	sandiip:1
संदेश	sandesh:3
संदेशवहन	sandeshvahan:2	sandeshavahan:1
संदेशात	sandeshat:3
संधान	sandhan:3
संधि	sandhi:3
संधिसाधू	sandhisadhoo:2	sandhisadhu:1
संधी	sandhi:2	sandhee:1
संधींची	sandhinchi:2	sandheenchee:1
संधीचा	sandhicha:2	sandheecha:1
संधीची	sandhichi:2	sandheechee:1
संधीवात	sandhivat:2	sandheevat:1
संध्या	sandhya:3
संध्याकाळ	sandhyakal:3
संध्याकाळच्या	sandhyakalchya:2	sandhyakalachya:1
संध्याकाळी	sandhyakali:2	sandhyakalee:1
संन्यस्त	sannyast:2	sanyast:1
संन्यास	sannyas:3
संन्यासाचा	sannyasacha:2	sanyasacha:1
संन्यासी	sannyasee:1	sannyasi:1	sanyasi:1
संप	samp:3
संपणारे	sampanare:3
संपत	sampat:4
संपताच	sampatach:2	sampataach:1
संपती	sampati:2	sampatee:1
संपते	sampate:3
संपतो	sampato:3
संपत्ती	sampatti:3	sampati:1	sampattee:1
संपत्तीचा	sampatticha:2	sampatteecha:1
संपत्तीच्या	sampattichya:2	sampatteechya:1
संपदा	sampada:3
संपन्न	sampann:2	sampanna:1
संपर्क	sampark:3
संपर्कात	samparkat:3
संपला	sampala:3
संपली	sampalee:2	sampali:1
संपले	sampale:3
संपलेच	sampalech:2	sampavalech:1
संपलेल्या	sampalelya:3
संपल्याचे	sampalyache:3
संपल्यानंतर	sampalyanantar:3
संपल्यावर	sampalyavar:3
संपवता	sampavata:3
संपवला	sampavala:3
संपवली	sampavalee:3
संपवले	sampavale:2	samnpavale:1
संपवून	sampavoon:3
संपाची	sampachee:3
संपाचे	sampache:3
संपादक	sampadak:3
संपादकांचे	sampadakanche:3
संपादकांच्या	sampadakanchya:3
संपादकांना	sampadakanna:3
संपादकांनी	sampadakannee:2	sampadakanni:1
संपादकाचे	sampadakache:3
संपादकीय	sampadkiya:2	sampadakeey:2	sampadkiy:1
संपादन	sampadan:3
संपादनाचे	sampadanache:3
संपादने	sampadane:3
संपादिका	sampadika:3
संपादित	sampadit:3
संपामुळे	sampamule:3
संपायच्या	sampayachya:2	sampayachua:1
संपुर्ण	sampurn:3
संपुष्टात	sampushtat:3
संपून	sampoon:3
संपूर्ण	sampurna:11	sampoorn:2	sampoorna:1
संपूर्णपणे	sampoornapane:2	sampoornpane:1
संप्रदाय	sampraday:3
संप्रदायाचा	sampradayacha:3
संप्रदायाची	sampradayachee:2	sampradayachi:1
संप्रदायाचे	sampradayache:3
संप्रदायाच्या	sampradayachya:3
संप्रदायात	sampradayat:3
संप्रदायातील	sampradayateel:2	sampradayatil:1
संप्रदायाने	sampradayane:3
संप्रदायाला	sampradayala:3
संप्रेरक	samprerak:3
संप्रेरकांच्या	samprerakanchya:3
संप्रेरके	samprerake:2	samprerak:1
संप्रेषण	sampreshan:3
संबंध	sambandh:2	sambhandh:1
संबंधांचा	sambandhancha:2	sambhandhancha:1
संबंधांची	sambandhanchee:1	sambandhanchi:1	sambhandhanchee:1
संबंधांचे	sambandhanche:2	sambhandhanche:1
संबंधांना	sambadhanna:1	sambandhanna:1	sambhandhanna:1
संबंधांवर	sambandhanvar:2	sambadhanvar:1
संबंधाचा	sambadhacha:1	sambandhacha:1	sambhandhacha:1
संबंधाच्या	sambandhachya:2	sambadhachya:1
संबंधात	sambandhat:2	sambadhat:1
संबंधातील	sambadhatil:1	sambandhateel:1	sambhandhateel:1
संबंधातून	sambadhatoon:1	sambandhatoon:1	sambhandhatoon:1
संबंधाबाबत	sambadhababat:1	sambandhababat:1	sambhandhababat:1
संबंधाला	sambadhala:1	sambandhala:1	sambhandhala:1
संबंधावर	sambadhavar:1	sambandhavar:1	sambhandhavar:1
संबंधित	sambandhit:10	sambadhit:1	sambhandhit:1
संबंधितांनी	sambadhitanni:1	sambandhitannee:1	sambhandhitannee:1
संबंधी	sambandhee:1	sambandhi:1	sambhandhee:1
संबंधीची	sambandheechee:1	sambandhichi:1	sambhandheechee:1
संबंधीच्या	sambandheechya:1	sambandhichya:1	sambhandheechya:1
संबंधीत	sambandheet:1	sambandhit:1	sambhandheet:1
संबोधण्यात	sambodhanyat:3
संबोधतात	sambodhatat:3
संबोधले	sambodhale:2	sambodhalae:1
संबोधित	sambodhit:3
संबोधिले	sambodhile:3
संभव	sambhav:3
संभवत	sambhavat:3
संभाजी	sambhaji:5	sambhajee:2
संभाजीराजे	sambhajeeraje:3
संभाजीराव	sambhajeerav:2	sambhajeerao:1
संभाल	sambhal:3
संभाळून	sambhaloon:3
संभाव्य	sambhavy:2	sambhavya:1
संभाषण	sambhashan:2	sanbhashan:1
संभोग	sambhog:2	sanbhog:1
संभोगाचे	sambhogache:2	sanbhogache:1
संभ्रमाच्या	sambhramachya:2	sanbhramachya:1
संमत	sammat:2	sanmat:1
संमती	sammatee:2	sanmati:1
संमतीने	sammateene:2	sanmatine:1
संमतीशिवाय	samatishivay:1	sammateeshivay:1	sanmatishivay:1
संमिश्र	samishra:1	sammishra:1	sanmishra:1
संमेलन	sammelan:17	samelan:1	sanmelan:1
संमेलनांचे	samelananche:1	sammelananche:1	sanmelanache:1
संमेलनाचा	samelanacha:1	sammelanacha:1	sanmelanacha:1
संमेलनाची	samelanachi:1	sammelanachee:1	sanmelanachi:1
संमेलनाचे	sammelanache:4	samelanache:1	sanmelanache:1
संमेलनाच्या	samelanachya:1	sammelanachya:1	sanmelanachya:1
संमेलनात	sammelanat:1	samrlanat:1	sanmelanaat:1
संमेलनाध्यक्ष	sammelanadhyaksha:3	samelanadhyaksha:1	sammelanadhyakshy:1	sanmelanadhyaksh:1
संमेलनाध्यक्षपदी	samelanadhyakshapadi:1	sammelanadhyakshyapadee:1	sanmelanadhyakshapadi:1
संमेलनाध्यक्षा	samelanadhyaksha:1	sammelanadhyakshya:1	sanmelanadhyaksha:1
संमेलनाला	samelanala:1	sammelanala:1	sanmelanala:1
संमेलनास	samelanas:1	sammelanas:1	sanmelanaas:1
संमेलने	samelane:1	sammelane:1	sanmelane:1
संयंत्र	sanyantra:2	sayantra:1
संयम	sanyam:3
संयुक्त	sanyukta:6	sanyukt:4
संयुक्तपणे	sanyuktapane:2	sanyuktpane:1
संयुक्तरित्या	sanyuktareetya:1	sanyuktaritya:1	sanyuktritya:1
संयुक्तरीत्या	sanyuktareetya:1	sanyuktirtya:1	sanyuktritya:1
संयुग	sanyug:3
संयुगे	sanyuge:3
संयोग	sanyog:3
संयोगातून	sanyogatoon:3
संयोगाने	sanyogane:3
संयोजक	sanyojak:3
संयोजकांना	sanyojakanna:2	sanyojkanna:1
संयोजन	sanyojan:3
संरक्षक	sanrakshak:3
संरक्षण	sanrakshan:3
संरक्षणाच्या	sanrakshanachya:3
संरक्षणासाठी	sanrakshanasathi:2	sanrakshanasathee:1
संरक्षित	sanrakshit:3
संरचना	sanrachana:3
संलग्न	samlagn:2	sanlagn:2	sanlagna:1
संलग्नित	sanlagnit:3
संवत्सर	sanvatsar:3
संवत्सराचा	sanvatsaracha:3
संवर्धन	sanvardhan:3
संवर्धनाचा	sanvardhanacha:3
संवर्धनासाठी	sanvardhanasathee:2	sanvardhanasathi:1
संवर्धित	sanvardhit:3
संवाद	sanvad:3
संवादकौशल्य	sanvadkaushalya:2	sanvadkaushaly:1
संवादफेक	sanvadfek:3	sanvadphek:1
संवादलेखन	sanvadlekhan:2	sanvadalekhan:1
संवादांना	sanvadanna:3
संवादाचे	sanvadache:3
संवादात	sanvadat:3
संवादिनी	sanvadinee:2	sanvadini:1
संवादी	sanvadee:2	sanvadi:1
संविधान	sanvidhan:3
संविधानाच्या	sanvidhanachya:2	sanveedhanachya:1
संवेग	sanveg:3
संवेदन	sanvedan:3
संवेदनक्षमता	sanvedanakshamta:1	sanvedanksham:1	sanvedankshamta:1
संवेदनशील	sanvedanasheel:1	sanvedanashil:1	sanvedanshil:1
संवेदना	sanvedana:3
संवेदनांचे	sanvedananche:3
संशय	sanshay:2	sanshaya:1
संशयकल्लोळ	sanshaykallol:2	sanshayakallod:1
संशयावरून	sanshayavaroon:3	sanshayavarun:1
संशयास्पद	sanshayaspad:3
संशोधक	sanshodhak:3
संशोधकांचा	sanshodhakancha:3
संशोधकांचे	sanshodhakanche:3
संशोधकांच्या	sanshodhakanchya:3
संशोधकांना	sanshodhakanna:3
संशोधकांनी	sanshodhakannee:2	sanshodhakanni:1
संशोधकांसाठी	sanshodhakansathee:2	sanshodhakansathi:1
संशोधकाला	sanshodhakala:3
संशोधन	sanshodhan:3
संशोधनाचा	sanshodhanacha:3
संशोधनाची	sanshodhanaachi:1	sanshodhanachee:1	sanshodhanachi:1
संशोधनाचे	sanshodhanache:3
संशोधनाच्या	sanshodhanachya:3
संशोधनात	sanshodhanat:3
संशोधनातील	sanshodhanatil:2	sanshodhanateel:1
संशोधनातून	sanshodhanatoon:2	sanshodhanatooon:1	sanshodhanatun:1
संशोधनात्मक	sanshodhanatmak:2	sanshodhanaatmak:1
संशोधनानंतर	sanshodhananantar:3
संशोधनानुसार	sanshodhananusar:3
संशोधनामुळे	sanshodhanamule:2	sanshodhanamude:1
संशोधनाला	sanshodhanala:3
संशोधनास	sanshodhanas:3
संशोधनासाठी	sanshodhanasathi:2	sanshodhanasaathi:1
संशोधने	sanshodhane:3
संशोधिका	sanshodhika:2	sanshodheeka:1
संसद	sansad:3
संसदीय	sansadeey:1	sansadiy:1	sansadiya:1
संसदेचा	sansadecha:3
संसदेची	sansadechi:2	sansadechee:1
संसदेचे	sansadeche:3
संसदेच्या	sansadechya:3
संसदेत	sansadet:3
संसदेने	sansadene:3
संसदेपुढे	sansadepudhe:3
संसदेवर	sansadevar:1	sansadewar:1	sansdevar:1
संसर्ग	sansarg:3
संसर्गजन्य	sansargajanya:2	sansargjanya:1
संसर्गाची	sansargaachi:1	sansargachee:1	sansargachi:1
संसाधन	sansadhan:3
संसाधनांची	sansadhananchi:2	sansadhananchee:1
संसाधने	sansadhane:3
संसार	sansar:2	sansaar:1
संसाराचा	sansaracha:2	sansaaracha:1
संसाराची	sansaarachi:1	sansarachee:1	sansarachi:1
संसाराचे	sansarache:2	sansaarache:1
संसाराच्या	sansarachya:2	sansaarachya:1
संसारात	sansarat:2	sansaaraat:1
संसारातील	sansaaratil:1	sansarateel:1	sansaratil:1
संसारातून	sansaaratun:1	sansaratoon:1	sansaratun:1
संसाराला	sansarala:2	sansaarala:1
संसारासाठी	sansaarasathi:1	sansarasathee:1	sansarasathi:1
संसारी	sansaari:2	sansaree:1	sansari:1
संस्करण	sanskaran:3
संस्कार	sanskar:2	sanskaar:1
संस्कारक्षम	sanskarksham:2	sanskaraksham:1
संस्कारांना	sanskaaranna:1	sanskaranna:1	sanskaranni:1
संस्काराचा	sanskaracha:2	sanskaaracha:1
संस्कारात	sanskarat:2	sanskaarat:1
संस्काराने	sanskaarane:1	sanskarane:1	sanskarne:1
संस्कारित	sanskareet:2	sanskarit:1
संस्कृत	sanskrut:14	sankrut:1	sanskrat:1	sanskrit:1
संस्कृतचा	sanskrutcha:2	sankrutcha:1	sanskratcha:1	sanskrutacha:1
संस्कृतचे	sankrutache:1	sanskratche:1	sanskrutache:1
संस्कृतभाषा	sankrutbhasha:1	sanskratbhasha:1	sanskrutabhasha:1
संस्कृतमधील	sankrutmadhil:1	sanskratmadhil:1	sanskrutmadheel:1
संस्कृतमध्ये	sankrutmadhye:1	sanskratmadhye:1	sanskrutmadhye:1
संस्कृति	sankruti:1	sanskratee:1	sanskruti:1
संस्कृती	sanskruti:12	sankruti:1	sanskrati:1	sanskrutee:1
संस्कृतींमध्ये	sankrutinmadhye:1	sanskratinmadhye:1	sanskruteenmadhye:1
संस्कृतीच	sankrutuch:1	sanskratich:1	sanskruteech:1
संस्कृतीचा	sankruticha:1	sanskraticha:1	sanskruteecha:1
संस्कृतीची	sankrutichi:1	sanskratichi:1	sanskruteechee:1
संस्कृतीचे	sankrutiche:1	sanskratiche:1	sanskruteeche:1
संस्कृतीच्या	sankrutichya:1	sanskratichya:1	sanskruteechya:1
संस्कृतीत	sanskrutit:2	sankrutit:1	sanskratit:1	sanskruteet:1
संस्कृतीतील	sankrutitil:1	sanskratitil:1	sanskruteeteel:1
संस्कृतीबद्दल	sankrutibaddal:1	sanskratibaddal:1	sanskruteebaddal:1
संस्कृतीमधील	sankrutimadhil:1	sanskratimadhil:1	sanskruteemadheel:1
संस्कृतीमध्ये	sankrutimadhye:1	sanskratimadhye:1	sanskruteemadhye:1
संस्कृतीवर	sankrutivar:1	sanskratiwar:1	sanskruteevar:1
संस्था	sanstha:3
संस्थांचा	sansthancha:3
संस्थांच्या	sansthanchya:3
संस्थांना	sansthanna:3
संस्थांनी	sansthanni:3
संस्थांपैकी	sansthanpaiki:2	sansthapaiki:1
संस्थांमधील	sansthanmadhil:2	sansthamadhil:1
संस्थांमधून	sansthanmadhun:3
संस्थांमध्ये	sansthanmadhye:3
संस्थांवर	sansthanvar:2	sansthanwar:2
संस्थांशी	sansthanshi:3
संस्थात्मक	sansthatmak:2	sansthaatmak:1
संस्थान	sansthan:4	sansthaan:2
संस्थानचा	sansthancha:2	sansthanacha:1
संस्थानचे	sansthanche:3
संस्थानच्या	sansthanchya:2	sansthanachya:1
संस्थानाचा	sansthanacha:2	sansthanaacha:1
संस्थानाची	sansthanachi:3
संस्थानाचे	sansthanache:3
संस्थानाच्या	sansthanachya:3
संस्थानात	sansthanat:2	sansthanaat:1
संस्थानातील	sansthanatil:2	sansthanateel:1
संस्थानाने	sansthanane:2	sansthanaane:1
संस्थानिक	sansthanik:2	sansthaneek:1
संस्थानिकांच्या	sansthanikanchya:2	sansthaneekanchya:1
संस्थानिकांनी	sansthaneekanni:1	sansthanikannee:1	sansthanikanni:1
संस्थानी	sansthani:2	sansthanee:1
संस्थाने	sansthane:2	sansthaane:1
संस्थापक	sansthapak:3
संस्थापिका	sansthapika:2	sansthapeeka:1
संस्थाही	sansthahi:2	sansthahee:1
संस्थे	sansthe:3
संस्थेकडून	sansthekadoon:2	sansthekadun:1
संस्थेकडे	sansthekade:3
संस्थेचा	sansthecha:3
संस्थेची	sansthechi:2	sansthechee:1
संस्थेचे	sanstheche:3
संस्थेच्या	sansthechya:3
संस्थेत	sansthet:3
संस्थेतर्फे	sansthetarfe:3	sansthetarphe:1
संस्थेतील	sansthetil:2	sanstheteel:1
संस्थेतून	sansthetoon:3	sansthetun:1
संस्थेद्वारे	sansthedvare:2	sansthedwaare:1
संस्थेने	sansthene:3
संस्थेमध्ये	sansthemadhye:3
संस्थेमार्फत	sansthemarfat:3	sansthemaphat:1
संस्थेला	sansthela:3
संस्थेवर	sansthevar:2	sansthewar:2
संस्थेशी	sanstheshi:3
संस्थेस	sansthes:3
संस्थेसाठी	sansthesathi:2	sansthesaathi:1
संहार	sanhar:2	sanhaar:1
संहिता	sanhita:2	sanheeta:1
संहितेमध्ये	sanhitemadhye:2	sanheetemadhye:1
सई	sai:2	saee:1
सईद	saeed:3	sayeed:2	saeid:1	said:1
सऊदी	saudi:3
सकपाळ	sakpaal:1	sakpad:1	sakpal:1
सकल	sakal:3
सकस	sakas:3
सकारात्मक	sakaratmak:2	sakaraatmak:1
सकाळ	sakal:2	sakaad:1	sakaal:1
सकाळची	sakaadachi:1	sakaalchi:1	sakalchi:1
सकाळचे	sakadche:1	sakalache:1	sakalche:1
सकाळच्या	sakalchya:2	sakadachya:1
सकाळपासून	sakalpasun:2	sakaalpasun:1	sakalpasoon:1
सकाळी	sakali:2	sakaadi:2	sakaali:1
सक्त	sakt:3
सक्तमजुरीची	saktmajurichi:2	saktamajurichi:1
सक्ती	sakti:3
सक्तीची	saktichi:3
सक्तीचे	saktiche:3
सक्तीने	saktine:3
सक्रिय	sakriya:2	sakriy:1
सक्रियपणे	sakriyapane:2	sakriypane:1
सक्रीय	sakreeya:1	sakriy:1	sakriya:1
सक्षम	saksham:3
सक्षमीकरण	sakshamikaran:2	sakshameekaran:1
सक्षमीकरणासाठी	sakshameekaranasathee:1	sakshamikaranasathi:1	sakshmeekaranasathee:1
सखल	sakhal:3
सखा	sakha:3
सखाराम	sakharam:3
सखी	sakhee:2	sakhi:1
सखे	sakhe:3
सखोल	sakhol:2	sakholata:1
सख्खा	sakhkha:2	sakhha:1
सख्खी	sakhhee:2	sakhkhee:1
सख्खे	sakhhe:2	sakhkhe:1
सख्या	sakhya:3
सगळयांनी	sagalyannee:3
सगळा	sagala:3
सगळी	sagalee:2	sagli:1
सगळीकडे	sagaleekade:2	saglikade:1
सगळीच	sagaleech:2	saglich:1
सगळे	sagale:2	sagle:1
सगळें	sagalem:1	sagalen:1	sagle:1
सगळेच	sagalech:2	saglech:1
सगळेजण	sagalejan:2	saglejan:1
सगळ्या	saglya:3	sagalya:3
सगळ्यांची	sagalyanchee:1	sagalyanchi:1	saglyanchi:1
सगळ्यांच्या	sagalyanchya:2	saglyanchya:1
सगळ्यांत	sagalyant:2	saglyant:1
सगळ्यांना	sagalyanna:4	saglyanna:3
सगळ्यांनी	sagalyannee:2	saglyanni:2	sagalyanni:1	saglyannee:1
सगळ्याच	sagalyach:5	saglyach:3	sagalyat:1	saglyat:1
सगळ्यात	sagalyat:2	saglyat:2	sagalyaat:1
सगुण	sagun:3
सगेसोयरे	sagesoyare:2	sagesoyre:1
सगोत्र	sagotra:2	sagotr:1
सचित्र	sachitra:2	sachitr:1
सचिन	sachin:4	sacheen:1	sachiin:1
सचिनचा	sachincha:3
सचिव	sachiv:2	sachiva:1
सचोटीने	sachotine:2	sachoteene:1
सच्चिदानंद	sachchidanand:2	sacchidanand:1
सच्ची	sacchi:2	sachchi:1
सजल	sajal:3
सजलेली	sajalelee:2	sajaleli:1
सजलेल्या	sajalelya:3
सजवतात	sajavatat:2	sajavtat:1
सजवितात	sajavitat:3
सजा	saja:3
सजातीय	sajateey:3
सजावट	sajavat:3
सजावटकार	sajavatkar:3
सजावटीचे	sajavateeche:2	sajavatiche:1
सजावटीवर	sajavativar:2	sajavateevar:1
सजीव	sajeev:2	sajiv:2
सजीवांची	sajeevanchee:1	sajinvachi:1	sajivanchi:1
सजीवांच्या	sajivanchya:2	sajeevanchya:1
सज्ज	sajj:2	sajja:1
सज्जनगड	sajjangad:2	sajjanagad:1
सटन	satan:1	saton:1	setan:1	seton:1
सटाणा	satana:3
सडपातळ	sadpatal:2	sadapatal:1
सढळ	sadhal:3
सण	sun:4	san:3
सणवार	sanvar:2	sanavar:1
सणाच्या	sanachya:3
सणाला	sanala:3
सणासुदीला	sanasudila:2	sanasudeela:1
सत	sat:5
सतत	satat:3
सततच्या	satatchya:3
सतरा	satra:2	satara:1
सतरावे	satarave:2	satrave:1
सतराव्या	sataravya:2	satravya:1
सतर्कता	satarkata:2	satarkta:1
सतलज	satalaj:2	satlaj:1
सतार	satar:3
सतारीचे	satareeche:2	satariche:1
सतावत	satavat:3
सतावले	satavale:2	satavle:1
सती	satee:4	sati:1	satii:1	shatee:1
सतीचे	sateeche:3
सतीच्या	sateechya:3
सतीने	sateene:3
सतीश	sateesh:4	satees:1	satiish:1	satis:1
सत्कर्म	satkarm:3
सत्कार	satkar:3
सत्काराच्या	satkarachya:3
सत्तर	sattar:3
सत्तरीच्या	sattareechya:2	sattrichya:1
सत्ता	satta:3
सत्ताधारी	sattadhari:2	sattadharee:1
सत्ताधीशांना	sattadhishanna:2	sattadheeshanna:1
सत्तारूढ	sattaroodh:2	sattarudh:2
सत्तावीस	sattavees:2	sattavis:1
सत्तेचा	sattecha:3
सत्तेची	sattechi:3
सत्तेचे	satteche:3
सत्तेच्या	sattechya:3
सत्तेत	sattet:3
सत्तेतील	sattetil:2	satteteel:1
सत्तेपासून	sattepasun:3
सत्तेला	sattela:3
सत्तेवर	sattevar:3
सत्तेविरुद्ध	satteviruddha:2	satteviruddh:1
सत्पुरुष	satpurush:2	satpuroosh:1
सत्य	satya:3	saty:2	sety:1
सत्यकथा	satyakatha:3
सत्यजित	satyajit:3
सत्यजीत	satyajeet:3	satyajit:1
सत्यनारायण	satyanarayan:3
सत्यनारायणाच्या	satyanarayanachya:3
सत्यभामा	satyabhama:3
सत्यम	satyam:4	sattyam:1	satyama:1	settyam:1
सत्यमेव	satyamev:3
सत्यवती	satyavatee:2	satyavati:1
सत्यशोधक	satyashodhak:3
सत्याग्रह	satyagrah:3
सत्याग्रहाचा	satyagrahacha:3
सत्याग्रहात	satyagrahat:3
सत्याग्रही	satyagrahi:2	satyagrahee:1
सत्याचा	satyacha:3
सत्याची	satyachee:1	satyachi:1	satyahci:1
सत्याच्या	satyachya:3
सत्यात	satyat:3
सत्यापासून	satyapasun:2	satyapasoon:1
सत्यासाठी	satyasathi:2	satyasathee:1
सत्येंद्रनाथ	satyendranath:3
सत्र	satra:3
सत्रात	satrat:3
सत्रातील	satrateel:2	satratil:1
सत्शील	satsheel:2	satshil:1
सदगुरू	sadaguroo:1	sadaguru:1	sadguroo:1
सदन	sadan:3
सदर	sadar:3
सदरचे	sadarache:2	sadarche:1
सदराखाली	sadarakhalee:3
सदरातील	sadarateel:3
सदरे	sadare:3
सदर्न	sadarn:3	southern:1
सदस्य	sadasya:3	sadasy:1
सदस्यता	sadasyata:3
सदस्यत्व	sadasyatv:1	sadasyatva:1	sadasyatwa:1
सदस्यसंख्या	sadasyasankya:2	sadasyasankhya:1
सदस्या	sadasya:3
सदस्यांची	sadasyanchee:2	sadasyanchi:1
सदस्यांच्या	sadasyanchya:3
सदस्यांना	sadasyanna:3
सदस्यांनी	sadasyanni:2	sadasyannee:1
सदा	sada:3
सदानंद	sadanand:3
सदावर्ते	sadavarte:3
सदाशिव	sadashiv:4
सदाशिवगड	sadashivgad:2	sadashivagad:1
सदाशिवराव	sadashivrao:2	sadashivarao:1	sadashivarav:1
सदासर्वदा	sadasarvada:3
सदाहरित	sadaharit:3
सदाहरीत	sadahareet:2	sadaharit:1	sadarahit:1
सदिच्छा	sadiccha:2	sadichha:1
सदृढ	sadrudh:2	sadrudha:1
सदृश्य	sadrushya:3
सदैव	sadaiv:2	sadaiva:1
सद्गुण	sadgun:3
सद्गुरू	sadguroo:1	sadguru:1	sadugaroo:1
सद्दी	saddee:1	saddhee:1	saddi:1
सद्य	sadya:3
सद्यकालीन	sadhyakaleen:1	sadyakaleen:1	sadyakalin:1
सद्यस्थितीत	saddyasthitit:1	sadhyasthiteet:1	sadyasthiteet:1
सधन	sadhan:3
सध्या	sadhya:3
सध्याचा	sadhyacha:3
सध्याची	sadhyachi:2	sadhyachee:1
सध्याचे	sadhyache:3
सध्याच्या	sadhyachya:3
सन	san:2	sun:2	son:1
सनई	sanai:3
सनईच्या	sanaichya:3
सनद	sanad:3
सनदशीर	sanadasheer:1	sanadshir:1	sandashir:1
सनदा	sanda:2	sanada:1
सनदी	sandi:2	sanadee:1
सनसनाटी	sanasanatee:1	sanasanati:1	sansanati:1
सनाच्या	sanachya:3
सनातन	sanatan:3
सनातनी	sanatani:2	sanatanee:1
सनातन्यांनी	sanatanyanni:2	sanatanyannee:1
सनी	sani:2	sunny:2	sanee:1	sanii:1
सन्मान	sanman:2	sanmaan:1
सन्मानचिन्ह	sanmaanchinh:1	sanmanachinha:1	sanmanchinh:1
सन्माननीय	sanmaanniya:1	sanmananeeya:1	sanmananiy:1
सन्मानपत्र	sanmaanpatra:1	sanmanapatra:1	sanmanpatr:1
सन्मानाचे	sanmanache:2	sanmaanache:1
सन्मानाने	sanmaanane:1	sanmananane:1	sanmanane:1
सन्मानार्थ	sanmanarth:2	sanmaanarth:1
सन्मानित	sanmanit:3
सन्मान्य	sanmanya:3
सन्मार्ग	sanmarg:2	sanmaarg:1
सन्याल	sanyal:3
सन्स	sans:1	sons:1	suns:1
सपकाळ	sapkal:3
सपशेल	sapshel:2	special:1
सपाट	sapat:3
सपाटा	sapata:3
सपाटी	sapati:3
सप्टेंबर	september:4	sapteembar:1	sapteembara:1	saptembar:1
सप्टेंबरच्या	septemberchya:3
सप्टेंबरमध्ये	septembermadhye:2	septembermadhe:1
सप्तम	saptam:2	saptama:1
सप्तमी	saptami:3
सप्तर्षी	saptarshi:3
सप्तशृंगी	saptashrungi:2	saptshrungi:1
सप्ताह	saptah:3
सप्रे	sapre:3
सफदरजंग	safdarjung:2	safadarajang:1
सफर	safar:3	safara:1	saffar:1	safur:1
सफल	safal:3
सफाई	safai:3
सफाईचे	safaiche:3
सफाईदार	safaidar:3
सफाईदारपणे	safaidarpane:3
सफारी	safari:3	safaree:2	safarii:1	sapharee:1
सफेद	safed:4	saphed:1
सबनीस	sabnis:2	sabanees:1
सबबीखाली	sababakhali:1	sababeekhalee:1	sababikhali:1
सबलीकरण	sabalikaran:3
सबळ	sabal:3
सबवे	subway:4	sabave:1	sabavee:1	sabawe:1
सभा	sabha:3
सभागृह	sabhagrih:1	sabhagruh:1	sabhagruha:1
सभागृहाचा	sabhagruhacha:2	sabhagrihacha:1
सभागृहाच्या	sabhagruhachya:2	sabhagrihachya:1
सभागृहात	sabhagruhat:2	sabhagrihat:1
सभागृहातील	sabhagruhatil:2	sabhagrihatil:1
सभागृहाने	sabhagruhane:2	sabhagrihane:1
सभापती	sabhapati:3
सभामंडप	sabhamandap:3
सभामंडपाच्या	sabhamandapachya:2	sabhamadapachya:1
सभामंडपात	sabhamandapat:3
सभासद	sabhasad:3
सभासदत्व	sabhasadatva:2	sabhasadatv:1
सभासदांकडून	sabhasadakadun:1	sabhasadakdonn:1	sabhasadankadoon:1	sabhasadankadun:1
सभासदांचा	sabhasadancha:3
सभासदांची	sabhasadanchi:2	sabhasadanchee:1
सभासदांचे	sabhasadanche:3
सभासदांच्या	sabhasadanchya:3
सभासदांना	sabhasadanna:3
सभासदांनी	sabhasadanni:2	sabhasadannee:1
सभासदाने	sabhasadane:3
सभास्थानी	sabhasthani:2	sabhasthanee:1
सभेचे	sabheche:3
सभेच्या	sabhechya:3
सभेत	sabhet:3
सभेतील	sabhetil:2	sabheteel:1
सभेनंतर	sabhenantar:3
सभेवर	sabhevar:3
सभेसमोर	sabhesamor:3
सभोवतालचा	sabhovatalacha:2	sabhovatalcha:1
सभोवतालच्या	sabhovatalachya:2	sabhovatalchya:1
सभोवताली	sabhovatali:2	sabhovatalee:1
सभोवती	sabhovati:2	sabhovatee:1
सभोवार	sabhovar:3
सभ्य	sabhya:2	sabhy:1
सभ्यता	sabhyata:3
सम	sam:2	some:1	sum:1
समई	samai:3
समकक्ष	samakaksh:2	samkaksh:1
समकालीन	samakalin:2	samkalin:2	samakaleen:1
समग्र	samagra:2	samagr:3
समचरण	samacharan:3
समज	samaj:3
समजणे	samajane:3
समजण्यात	samajanyat:2	samajnyat:1
समजण्यास	samajanyas:3
समजण्यासाठी	samajanyasathi:2	samajanyasathee:1
समजत	samajat:3
समजता	samajata:3
समजतात	samajatat:3
समजते	samajate:3
समजला	samajla:2	samajala:3
समजली	samajali:2	samajalee:1
समजले	samajle:3	samajale:3
समजलेले	samajalele:3
समजल्या	samajalya:3
समजल्यावर	samajalyavar:3
समजा	samaja:2	samajala:1
समजायला	samajayala:2	samajayla:1
समजावले	samajavale:2	samjavle:1
समजावा	samajava:2	samjava:1
समजावून	samajavoon:1	samajavun:1	samjavun:1
समजावे	samajave:2	samjave:1
समजुती	samajutee:1	samajuti:1	samjuti:1
समजुतीने	samjutine:2	samajutine:1
समजू	samajoo:1	samaju:1	samju:1
समजूत	samajoot:1	samajut:1	samjut:1
समजून	samajoon:1	samajun:1	samjun:1
समजेल	samajel:2	samjel:1
समझोता	samjhota:2	samazota:1	samzota:1
समता	samata:2	samta:2
समतावादी	samatavadi:2	samatavadee:1
समतेची	samatechi:2	samatechee:1
समतेचे	samateche:3
समतेच्या	samatechya:3
समतोल	samatol:3
समदा	samada:3
समन्यायी	samanyayi:2	samnyayee:1
समन्वय	samanvay:3
समन्वयक	samanvayak:3
समभाग	samabhag:2	sambhag:1
समभागांच्या	sambhaganchya:2	samabhaganchya:1
समभाव	sambhav:2	samabhav:1
समभुज	sambhuj:2	samabhuj:1
समय	samay:3
समयी	samayi:3
समर	samar:4	summer:4	samer:1	sammer:1
समरसता	samarasata:2	samrasata:1
समर्थ	samarth:2	samartha:1
समर्थक	samarthak:3
समर्थकांना	samarthakanna:1	samarthkanna:1	samrthakanna:1
समर्थन	samarthan:3
समर्थपणे	samarthpane:2	samarthapane:1
समर्था	samartha:3
समर्थांचा	samarthancha:3
समर्थांची	samarthanchi:3
समर्थांचे	samarthanche:3
समर्थांच्या	samarthanchya:3
समर्थांना	samarthanna:3
समर्थांनी	samarthanni:3
समर्पक	samarpak:3
समर्पण	samarpan:3
समर्पित	samarpit:3
समलिंगी	samalingi:2	samlingi:2	samlingee:1
समलैंगिक	samlaingik:2	samlangik:1
समलैंगिकता	samlaingikata:3
समविचारी	samvichari:3
समवेत	samvet:3
समशीतोष्ण	samashitoshn:2	samshitoshna:1
समस्त	samasta:2	samast:1
समस्या	samasya:3
समस्यांकडे	samasyankade:3
समस्यांचा	samasyancha:3
समस्यांचे	samasyanche:3
समस्यांवर	samasyanvar:3
समस्येचा	samasyecha:3
समस्येची	samasyechi:2	samasyechee:1
समस्येचे	samasyeche:3
समस्येला	samasyela:3
समस्येवर	samasyevar:3
समांतर	samantar:3
समांतरपणे	samantapane:1	samantarapane:1	samantarpane:1
समाज	samaj:3
समाजकल्याण	samajkalyan:3
समाजकारण	samajkaran:2	samajakaran:1
समाजकार्य	samajakary:1	samajkary:1	samajkarya:1
समाजजीवन	samajjivan:2	samajajivan:1
समाजजीवनाचे	samajajivanache:1	samajjivanache:1	samajjivnache:1
समाजभूषण	samajabhushan:2	samajbhushan:1
समाजमनाचे	samajamanache:2	samajmanache:1
समाजमनात	samajamanat:2	samajmanat:1
समाजरचनेत	samajarachanet:2	samajrachanet:1
समाजवाद	samajavad:2	samajvad:1
समाजवादी	samajavadi:2	samajvadee:1
समाजविज्ञान	samajavidnyan:2	samajvignan:1
समाजव्यवस्थेचे	samajavyavastheche:1	samajavyavstheche:1	samajvyavastheche:1
समाजशास्त्र	samajshastra:2	samajashastr:1
समाजशास्त्रीय	samajashastriy:1	samajshastreeya:1	samajshastriy:1
समाजसुधारक	samajsudharak:2	samajasudharak:1
समाजसुधारकांची	samajasudharakanchi:1	samajsudharakanchee:1	samajsudharakanchi:1
समाजसुधारकांनी	samajsudharakanni:2	samajsudharakannee:1
समाजसुधारणा	samajsudharana:2	samajasudharana:1
समाजसेवक	samajasevak:2	samajsevak:1
समाजसेवा	samajaseva:2	samajseva:1
समाजसेविका	samajasevika:2	samajsevika:1
समाजसेवेचा	samajasevecha:2	samajsevecha:1
समाजस्वास्थ्य	samajasvasthya:1	samajaswasthya:1	samajswasthya:1
समाजांत	samajant:3
समाजांतील	samajantil:2	samajanteel:1
समाजाकडून	samajakadoon:1	samajakadun:1	samajkadun:1
समाजाचा	samajacha:3
समाजाची	samajachi:3
समाजाचे	samajache:3
समाजाच्या	samajachya:3
समाजात	samajat:3
समाजातले	samajatale:3
समाजातल्या	samajatalya:3
समाजातील	samajatil:2	samajateel:1
समाजाने	samajane:3
समाजापुढे	samajapudhe:3
समाजाभिमुख	samajabhimukh:3
समाजामध्ये	samajamadhye:3
समाजाला	samajala:3
समाजावर	samajavar:3
समाजाविरुद्ध	samajaviruddh:2	samajavirudhda:1
समाजाशी	samajashi:3
समाजास	samajas:3
समाजासमोर	samajasamor:3
समाजासाठी	samajasathi:3
समाजोपयोगी	samajopayogi:2	samajopyogee:1
समाधान	samadhan:3
समाधानी	samadhani:3
समाधी	samadhi:4	samaadhi:1	samaadhii:1	samadhee:1
समाधीचे	samadhiche:3
समाध्या	samadhya:3
समान	saman:3
समानता	samanata:2	samanta:1
समानतेचे	samanteche:2	samanateche:1
समानार्थी	samanarthi:3
समाप्त	samampta:1	samapt:1	samapta:1
समाप्ती	samampti:1	samaptee:1	samapti:1
समारंभ	samarambh:2	samarambha:1
समारंभपूर्वक	samarambhapoorvak:2	samarambhapurvak:2
समारंभांना	samarambhanna:3
समारंभाची	samarambhachi:2	samarambhachee:1
समारंभात	samarambhat:3
समारंभाला	samarambhala:3
समारंभासाठी	samarambhasathi:2	samarambhasathee:1
समारोप	samarop:3
समारोह	samaroh:3
समारोहात	samarohat:3
समालोचन	samalochan:3
समाविष्ट	samavishta:2	samavisht:2
समाविष्टीत	samavishteet:1	samavishthit:1	samavishtit:1
समावेश	samavesh:3
समावेशक	samaveshak:3
समास	samas:2	samaas:1
समाहित	samahit:3
समिकरण	samikaran:3
समिक्षा	samiksha:3
समिति	samiti:3
समिती	samiti:4	sameeti:1	sameetii:1	samiitee:1
समितीचा	samiticha:3
समितीची	samitichi:3
समितीचे	samitiche:3
समितीच्या	samitichya:3
समितीत	samitit:3
समितीतर्फे	samititarfe:3
समितीने	samitine:3
समितीमधील	samitimadhil:3
समितीला	samitila:3
समितीवर	samitivar:2	samitiar:1
समितीस	samitis:3	samitees:1
समित्या	samitya:3
समित्यांचा	samityancha:3
समित्यांचे	samityanche:3
समित्यांवर	samityanvar:2	smaityanvar:1
समीकरण	samikaran:3
समीकरणाच्या	samikaranachya:2	samikarnachya:1
समीकरणे	samikarane:2	samikarne:1
समीक्षक	samikshak:3
समीक्षकांनी	samikshakanni:3
समीक्षण	samikshan:3
समीक्षा	samiksha:2	smaiksha:1
समीर	sameer:4	samir:4	samear:2	samiir:2
समुदाय	samuday:3
समुदायाचा	samudayacha:3
समुदायाचे	samudayache:3
समुदायाच्या	samudayachya:3
समुद्र	samudra:2	samudr:1
समुद्रकिनारा	samudrakinara:3
समुद्रकिनारी	samudrakinari:3
समुद्रकिनारे	samudrakinare:3
समुद्रकिनाऱ्यावर	samudrakinaryavar:3
समुद्रमंथन	samudramanthan:3
समुद्रमार्गे	samudramarge:3
समुद्राकडून	samudrakadoon:2	samudrakadun:2
समुद्राचा	samudracha:3
समुद्राची	samudrachi:3
समुद्राचे	samudrache:2	samudrahce:1
समुद्राच्या	samudrachya:3
समुद्राजवळ	samudrajaval:3
समुद्रात	samudrat:3
समुद्रातील	samudratil:2	samudrateel:1
समुद्रातून	samudratoon:2	samudratun:2
समुद्राने	samudrane:3
समुद्रापासून	samudrapasoon:2	samudrapasun:2
समुद्रामध्ये	samudramadhye:3
समुद्राला	samudrala:3
समुद्रावर	samudravar:3
समुद्रावरील	samudravaril:2	samudravareel:1
समुद्रास	samudras:3
समुद्री	samudri:2	samudree:1
समुपदेशक	samupadeshak:3
समुपदेशन	samupadeshan:3
समुह	samuh:2	samuha:1
समुहाचा	samuhacha:3
समुहाचे	samuhache:3
समुहातील	samuhatil:2	samuhateel:1
समूह	samuh:2	samooh:1	samuha:1
समूहाचा	samuhacha:2	samoohacha:1
समूहाची	samuhachi:2	samoohachee:1
समूहाचे	samuhache:2	samoohache:1
समूहाच्या	samuhachya:2	samoohachya:1
समूहात	samuhat:2	samoohat:1
समूहातील	samuhatil:2	samoohateel:1
समूहाने	samuhane:2	samoohane:1
समृद्ध	samrudha:2	samriddh:1	samruddh:1	samruddha:1
समृद्धी	samruddhi:2	samruddhee:1
समृद्धीची	samruddhichi:2	samruddheechee:1
समोर	samor:3
समोरच	samorach:2	samorch:1
समोरच्या	samorchya:2	samorachya:1
समोरासमोर	samorasamor:3
समोरासमोरच्या	samorasamorchya:2	samorasamorachya:1
समोरील	samoril:2	samoreel:1
सम्पूर्ण	sampurn:2	sampurna:1
सम्मेलन	sammelan:3
सम्यक	samyak:3
सम्राज्ञी	samradhni:1	samradnyi:1	samragnyi:1
सम्राट	samrat:3
सम्राटाची	samratachi:3
सम्राटाला	samratala:3
सयाजी	sayaji:3
सयाजीराव	sayajirao:3
सय्यद	sayyad:3	sayyed:1
सर	sir:7	sar:5	shar:1	shara:1
सरंजाम	saranjam:3
सरकणे	sarakane:2	sarakne:1
सरकत	sarkat:2	sarakat:3
सरकते	sarakate:2	sarakte:1
सरकार	sarkar:3	sarakar:1	sarakara:1	saraqara:1
सरकारकडून	sarkarkadun:2	sarakarkadun:1
सरकारकडे	sarkarkade:2	sarakarkade:1
सरकारचा	sarakaracha:3	sarakarcha:1	sarkaracha:1	sarkarcha:1
सरकारची	sarakarchi:1	sarkarachi:1	sarkarchi:1
सरकारचे	sarkarche:2	sarakarche:1	sarkarache:1
सरकारच्या	sarkarchya:2	sarakarchya:1
सरकारतर्फे	sarkartarfe:3
सरकारद्वारे	sarkardware:2	sarkardvare:1
सरकारने	sarkarne:3
सरकारमध्ये	sarkarmadhye:3
सरकारला	sarkarla:3
सरकारवर	sarkarvar:2	sarkaravar:1
सरकारविरुद्ध	sarakaraviruddh:1	sarkarviruddh:1	sarkarviruddha:1
सरकारविरोधात	sarkarvirodhat:2	sarakarvirodhat:1
सरकारांच्या	sarakaranchya:2	sarkaranchya:1
सरकारांना	sarakaranna:2	sarkaranna:1
सरकारी	sarkari:2	sarakaree:1
सरकारे	sarkare:2	sarakare:1
सरकी	sarki:2	sarakee:1
सरकू	sarku:2	sarakoo:1
सरकून	sarkun:2	sarakoon:1
सरगम	saragam:2	sargam:1
सरचिटणीस	sarchitanis:2	sarchitnis:1
सरचिटणीसपदी	sarchitanispadi:2	sarachitanispadi:1
सरडा	sarda:2	sarada:1
सरडे	sarde:2	sarade:1
सरणावर	sarnavar:2	saranavar:1
सरतेशेवटी	sarteshevati:2	sarateshevati:1
सरदार	sardar:4	saradara:1
सरदारांचा	sardarancha:3
सरदारांचे	sardaranche:3
सरदारांच्या	sardaranchya:3
सरदारांना	sardaranna:3
सरदारांनी	sardaranni:3
सरदाराने	sardarane:3
सरदाराला	sardarala:3
सरदारास	sardaras:3
सरदारी	sardari:3
सरदेशपांडे	sardeshpande:3
सरदेसाई	sardesai:3
सरनाईक	sarnaik:3
सरन्यायाधीश	sarnyayadhish:2	sarnyayadhisha:1
सरपंच	sarpancha:2	sarpanch:1
सरपंचांच्या	sarpanchanchya:3
सरपंचाची	sarpanchachi:3
सरपटत	sarpatat:3
सरपोतदार	sarpotdar:2	sarpotadar:1
सरफराज	sarafaraj:1	sarafraj:1	sarfaraj:1
सरबत	sarbat:3
सरल	saral:3
सरलता	sarlata:2	saralata:1
सरळ	saral:3
सरळीकरण	saralikaran:2	saraleekaran:1
सरवटे	saravate:2	sarvate:1
सरवदे	saravade:2	sarvade:1
सरशी	sarshi:2	sarashee:1
सरस	saras:3
सरसकट	sarasakat:1	sarasarkat:1	sarsakat:1
सरसावली	sarasavalee:2	sarsavali:1
सरसेनापती	sarasenapatee:1	sarsenapatee:1	sarsenapati:1
सरस्वती	saraswati:6	sarasvatee:3	sarasvati:2	sarasvatii:1
सरस्वतीची	sarasvateechee:2	saraswatichi:1
सरहद्द	sarahadda:2	sarhadd:1
सरहद्दीवर	sarahaddeevar:2	sarhaddivar:1
सरांच्या	saranchya:3
सरांना	saranna:3
सरांनी	sarannee:2	saranni:1
सराफ	saraf:3
सराव	sarav:3
सरावाने	saravane:3
सरासरी	sarasari:2	sarasaree:2
सरासरीपेक्षा	sarasaripeksha:2	sarasareepeksha:1
सरिता	sarita:3
सरी	sari:2	saree:1
सरून	saroon:2	sarun:2
सरूप	saroop:2	sarup:2
सरे	sare:4	saree:1	share:1
सरोज	saroj:3
सरोजिनी	sarojini:2	sarojinee:1
सरोवर	sarovar:3
सरोवराची	sarovarachi:2	sarovarachee:1
सरोवराच्या	sarovarachya:3
सरोवरे	sarovare:3
सर्कशीत	sarkashit:2	circusheet:1	sarkasheet:1
सर्कस	circus:1	sarkas:1	sarqas:1
सर्किट	circuit:1	sarkit:1	sarkita:1	sarqit:1
सर्ग	sarg:3
सर्च	search:3	sarch:2
सर्जनशील	sarjanasheel:1	sarjansheel:1	sarjanshil:1
सर्जेराव	sarjerao:3	sarjerav:2
सर्टिफिकेट	certificate:3	sartifiket:2
सर्दी	sardee:2	sardi:1
सर्प	sarp:3
सर्बियन	sarban:1	sarbian:1	sarbiyan:1	serban:1
सर्बिया	sarbiya:3	sarbia:1	serbia:1	sharbia:1
सर्बियाच्या	sarbiyachya:2	serbiachya:1
सर्रास	sarras:3
सर्व	sarva:29	sarv:3	serve:1
सर्वगुणसंपन्न	sarvagunsampann:2	sarvagunasampanna:1
सर्वच	sarvach:4
सर्वजण	sarvajan:3
सर्वत्र	sarvatra:3
सर्वदूर	sarvadur:2	sarvdoor:1
सर्वधर्म	sarvadharma:2	sarvadharam:1	sarvadharm:1	sarvdharm:1
सर्वधर्मसमभाव	sarvadharmasambhav:1	sarvadharmsambhav:1	sarvdharmsambhav:1
सर्वधर्मीय	sarvadharmiy:1	sarvadharmiya:1	sarvdharmiya:1
सर्वनाम	sarvanaam:1	sarvanam:1	sarvnam:1
सर्वनामे	sarvanaame:1	sarvaname:1	sarvname:1
सर्वपक्षीय	sarvapakshiy:1	sarvapakshiya:1	sarvpakshiya:1
सर्वपल्ली	sarvapalli:1	sarvepalli:1	sarvpalli:1
सर्वप्रथम	sarvapratham:2	sarvpratham:1
सर्वमान्य	sarvamanya:2	sarvmanya:1
सर्वव्यापी	sarvavyapee:1	sarvavyapi:1	sarvvyapi:1
सर्वश्रेष्ठ	sarvashreshth:2	sarvshreshth:1
सर्वसमावेशक	sarvasamaveshak:2	sarvsamaveshak:1
सर्वसाक्षी	sarvasakshee:1	sarvasakshi:1	sarvsakshi:1
सर्वसाधारण	sarvasadharan:2	sarvsadharan:1
सर्वसाधारणतः	sarvasadharantaha:2	sarvasadharanat:1	sarvasadharanata:1	sarvsadharanatah:1
सर्वसाधारणपणे	sarvasadharanapane:1	sarvasadharanpane:1	sarvsadharanpane:1
सर्वसामान्य	sarvasamanya:2	sarvsamanya:1
सर्वसामान्यपणे	sarvasamanyapane:2	sarvsamanyapane:1
सर्वसामान्यांच्या	sarvsamanyanchya:2	sarvasamanyanchya:1
सर्वस्वी	sarvasvi:2	sarvswi:1
सर्वांग	sarvang:3
सर्वांगसुंदर	sarvangsundar:3
सर्वांगाने	sarvangane:2	sarvangaane:1
सर्वांगावर	sarvangavar:3
सर्वांगीण	sarvangin:2	sarvangeen:1
सर्वांचा	sarvancha:3
सर्वांची	sarvanchi:3
सर्वांचे	sarvanche:3
सर्वांच्या	sarvanchya:3
सर्वांत	sarvat:4	sarvant:2	sarvaant:1
सर्वांतून	sarvantun:3
सर्वांना	sarvanna:3
सर्वांनाच	sarvannach:2	sarvanach:1
सर्वांनी	sarvanni:2	sarvannee:1
सर्वांमध्ये	sarvanmadhye:3
सर्वांस	sarvans:3
सर्वांसाठी	sarvansathi:2	sarvansathee:1
सर्वाचे	sarvache:3
सर्वात	sarvat:3
सर्वाधिक	sarvadhik:3
सर्विस	service:3	sarvice:1
सर्वेक्षण	sarvekshan:3
सर्वेक्षणानुसार	sarvekshananusar:3
सर्वेक्षणामध्ये	sarvekshanamadhye:2	sarvekshanamadhe:1
सर्वेक्षणासाठी	sarvekshanasathi:3
सर्वोच्च	sarvoccha:2	sarvochch:2	sarvocch:1
सर्वोत्कृष्ट	sarvotkrisht:1	sarvotkrusht:1	sarvotkrusth:1
सर्वोत्तम	sarvottam:3
सर्वोदय	sarvoday:3
सर्व्हर	server:3
सर्व्हिस	service:3	sarvhis:1
सर्व्हिसेस	services:3	sarvhises:1
सर्व्हे	survey:2	sarvhe:1
सलग	salag:3
सलगपणे	salagpane:3
सलगी	salgi:2	salagee:1
सलमान	salaman:2	salman:3	salamana:1
सलाम	salam:4	salaam:1	salama:1
सलामीवीर	salameeveer:2	salamiveer:1
सलीम	saleem:4	salim:3	saliim:2	saliima:1
सलील	saleel:3	sallil:1
सलून	salaan:1	salan:1	salon:1	saloon:1
सलोखा	salokha:3
सल्फर	sulphur:3	salfar:2	salphar:2	sulfer:2
सल्ला	salla:3
सल्लागार	sallagar:3
सल्ल्यानुसार	sallyanusar:3
सल्ल्याने	sallyane:3
सवड	savad:3
सवत	savat:3
सवय	savay:3
सवयी	savayee:2	savayi:1
सवयीनुसार	savayeenusar:2	savayinusar:1
सवर्ण	savarn:2	savarna:1
सवलत	savalat:3
सवलती	savalati:2	savalatee:1
सवाई	savai:2	savaii:1
सविता	savita:3
सविनय	savinay:3
सविस्तर	savistar:3
सव्वा	savva:4
सव्वातीन	savvateen:2	savvatin:1
सव्वादोन	savvadon:3
सव्वानऊ	savvanau:3
सव्वीस	savvees:2	savvis:1
सशक्त	sashakt:2	sashakta:1
सशक्तीकरण	sashakteekaran:2	sashaktikaran:1
सशर्त	sashart:2	sasharta:1
सशस्त्र	sashastra:3
सशाच्या	sashachya:3
ससा	sasa:3
ससाणा	sasana:3
ससाणे	sasane:3
ससून	sasoon:4	sasaan:1	sassan:1	sasson:1
ससे	sase:3
सस्तन	sastan:3
सह	sah:4
सहकर्मी	sahkarmi:2	sahakarmee:1
सहकलाकार	sahakalakar:1	sahkalakaar:1	sahkalakar:1
सहकार	sahkaar:2	sahakar:1	sahkar:1
सहकाराचा	sahakaracha:1	sahkaraacha:1	sahkraracha:1
सहकारी	sahakari:3	sahakaree:1	sahkaari:1	sahkari:1
सहकार्य	sahkarya:2	sahakarya:1
सहकार्याची	sahkaryachi:2	sahkaryaachi:1
सहकार्याचे	sahkaryache:2	sahkaryaache:1
सहकार्यातून	sahkaryatoon:2	sahkaryatun:1
सहकार्याने	sahkaryane:3
सहकाऱ्यांच्या	sahkaryanchya:2	sahakaryanchya:1
सहकाऱ्यांनी	sahkaryanni:2	sahakaryannee:1
सहकाऱ्याने	sahkaryane:2	sahakaryane:1
सहकुटुंब	sahkutumb:2	sahakutumb:1
सहचारिणी	sahacharinee:1	sahcharinee:1	sahcharini:1
सहज	sahaj:3
सहजगत्या	sahajagatya:2	sahajgatya:1
सहजतेने	sahajtene:2	sahajatene:1
सहजपणे	sahajpane:3
सहजशक्य	sahajshakya:3
सहजसुंदर	sahajsundar:3
सहजासहजी	sahajasahajee:1	sahajasahaji:1	sahjasahji:1
सहजीवन	sahajeevan:1	sahajivan:1	sahjivan:1
सहदेव	sahadev:2	sahdev:1
सहन	sahan:3
सहनशीलता	sahanshilta:2	sahanshilata:1
सहप्रवासी	sahapravasi:1	sahpravaasi:1	sahpravasi:1
सहभाग	sahabhag:1	sahbhaag:1	sahbhag:1
सहभागाने	sahabhagane:1	sahbhaagane:1	sahbhagane:1
सहभागी	sahbhagi:2	sahbhaagi:1
सहमत	sahmat:3
सहमती	sahamati:1	sahmatee:1	sahmati:1
सहयाद्री	sahyadri:2	sanyaadri:1
सहयोग	sahyog:3
सहयोगी	sahyogi:2	sahyogee:1
सहल	sahal:3
सहलीचे	sahaliche:2	sahaleeche:1
सहलीला	sahaleela:1	sahalila:1	sahlila:1
सहलीवर	sahaleevar:1	sahaliwar:1	sahlivar:1
सहवास	sahvas:2	sahavaas:1
सहवासात	sahvasat:2	sahavasaat:1
सहवासातून	sahavaasatun:1	sahvasatoon:1	sahvasatun:1
सहवासाने	sahvasane:2	sahavasaane:1
सहसंपादक	sahsampadak:2	sahsampaadak:1
सहसंस्थापक	sahsansthapak:3
सहसा	sahasa:3
सहस्रबुद्धे	sahasrabuddhe:1	sahasrabudhde:1	sahastrabuddhe:1
सहा	saha:3
सहाच	sahach:2	sahaach:1
सहाध्यायी	sahadhyayi:2	sahadhyayee:1
सहानुभूती	sahanubhuti:2	sahanubhoti:1
सहापैकी	sahapaiki:3
सहायक	sahayak:3
सहायाने	sahayane:3
सहाय्य	sahayya:3
सहाय्यक	sahayyak:3
सहाय्याने	sahayyane:3
सहारा	sahara:4	shahara:1
सहाराच्या	saharachya:3
सहावा	sahava:3
सहावी	sahavi:3
सहावे	sahave:3
सहाव्या	sahavya:3
सहाशे	sahashe:3
सहित	sahit:3
सही	sahee:2	sahi:1
सह्या	sahya:3
सह्याद्री	sahyadri:3
सह्याद्रीची	sahyadrichi:3
सह्याद्रीच्या	sahyadrichya:3
सांकेतिक	sanketik:3
सांख्यिकी	saankhyiki:1	sankhyikee:1	sankhyiki:1
सांख्यिकीय	saankhyikiya:1	sankhyikeey:1	sankhyikiy:1
सांग	saang:2	sang:1
सांगड	sangad:2	saangad:1
सांगणारा	saangnaara:1	saangnara:1	sanganara:1
सांगणारी	saanganaari:1	saangnaree:1	sanganari:1
सांगणारे	saangnaare:1	saangnare:1	sanganare:1
सांगणाऱ्या	saangnarya:1	sanganaarajya:1	sanganarya:1
सांगणे	sangane:3	saangane:2
सांगण्याचा	sanganyacha:2	saangnyacha:1
सांगण्याची	sanganyachi:2	saangnyachee:1
सांगण्यात	saangnyaat:1	sanganyat:1	sangnyat:1
सांगण्यावरून	sanganyavarun:2	sangnyavarun:1
सांगण्यासाठी	sanganyasathi:2	sangnyasathi:1
सांगत	sangat:4
सांगता	sangata:4	sangta:2
सांगतात	sangtat:2	sangatat:1
सांगताना	sangatana:2	sangtana:1
सांगतील	sangatil:2	sangateel:1
सांगते	sangate:3
सांगतो	sangato:3
सांगली	sangli:3	sangali:2
सांगलीकर	sanglikar:2	sangalikar:1
सांगलीच्या	sanglichya:2	sangalichya:1
सांगलीत	sanglit:2	sangalit:1
सांगलीला	sanglila:2	sangalila:1
सांगवीकर	sangaveekar:1	sangavikar:1	sangvikar:1
सांगा	sanga:3
सांगाडे	sangade:3
सांगाती	sangati:3
सांगायची	sangayachi:2	sangaychi:1
सांगायचे	sangayache:2	sangayche:1
सांगावे	sangave:4
सांगितलं	sangeetalan:1	sangitaln:1	sangitlan:1
सांगितला	sangeetala:1	sangitala:1	sangitla:1
सांगितली	sangitli:3	sangeetali:1	sangitali:1	sangitlee:1
सांगितले	sangitle:6	sangeetale:2	sangitale:1
सांगितलेला	sangeetlela:1	sangitalela:1	sangitlela:1
सांगितलेली	sangeetaleli:1	sangitaleli:1	sangitleli:1
सांगितलेले	sangitalele:2	sangitlele:1
सांगितलेल्या	sangitlelya:2	sangitalelya:2
सांगितल्या	sangitalya:2	sangitlya:1
सांगितल्याप्रमाणे	sangitalyapramane:2	sangitlyapramane:1
सांगितल्यामुळे	sangitalyamule:2	sangitlyamule:1
सांगितिक	sangitik:3
सांगीतिक	sangitik:2	sangeetik:1
सांगू	sangu:2	sangoo:1
सांगून	sangun:2	sangoon:1
सांगे	sange:3
सांगेल	sangel:3
सांगोला	sangola:3
सांघिक	sanghik:3
सांची	sanchi:3
सांजा	sanja:3
सांड	sand:3
सांडत	sandat:3
सांडपाणी	sandpani:3
सांडपाण्याची	sandpanyachi:3
सांडपाण्याचे	sandpanyache:3
सांडवा	sandva:2	sandava:1
सांता	santa:4	shanta:1
सांध्यांना	sandhyanna:3
सांप्रतच्या	sampratachya:2	sampratchya:1
सांप्रदायिक	sampradayik:3
सांबर	sambar:4	saambur:1	sambara:1	samber:1
सांबरे	sambare:3
सांबार	sambar:3
सांभर	sambhar:3
सांभाळ	sambhal:3
सांभाळणाऱ्या	sambhalanarya:2	sambhalnarya:1
सांभाळणे	sambhalane:3
सांभाळण्याचे	sambhalanyache:3
सांभाळण्यास	sambhalanyas:2	sambhalanyaas:1
सांभाळण्यासाठी	sambhalanyasathi:3
सांभाळत	sambhalat:3
सांभाळताना	sambhalatana:3
सांभाळते	sambhalate:3
सांभाळला	sambhalala:3
सांभाळली	sambhalali:3
सांभाळले	sambhalale:3
सांभाळलेल्या	sambhalalelya:3
सांभाळावा	sambhalava:3
सांभाळीत	sambhalit:2	sambhaleet:1
सांभाळून	sambhaloon:2	sambhalun:2
सांसर्गिक	sansargik:3
सांस्कृतिक	sanskrutik:3
साइट	site:3	shetei:1	shitay:1	shite:1
साई	sai:4	saiee:1	saii:1	sayee:1
साईटवर	sitevar:3
साईट्स	sites:4	saitsa:1	setsa:1	sights:1
साईनाथ	sainath:3
साईबाबा	saibaba:3
साईबाबांच्या	saibabanchya:3
साउंड	sound:3
साऊंड	saund:1	saunda:1	sound:1
साओ	saao:1	saaoo:1	sao:1	saoo:1
साकल्याने	sakalyane:2	saklyane:1
साकव	sakav:3
साकार	sakar:3
साकारत	sakarat:3
साकारली	sakarli:2	sakaralee:1
साकारलेल्या	sakarlelya:2	sakaralelya:1
साकारल्या	sakarlya:3
साकुरी	sakuri:2	sakuree:1
साकेत	saket:4	sakeet:1	sakeeta:1	saketa:1
साक्ष	saksha:2	saksh:1
साक्षर	sakshar:3
साक्षरता	saksharta:2	saksharata:1
साक्षांकित	sakshankit:3
साक्षात	sakshat:3
साक्षात्कार	sakshatkar:2	sakshatkat:1
साक्षात्कारी	sakshatkari:3
साक्षीदार	sakshidar:2	saksheedar:1
साक्षीदारांचे	sakshidaranche:2	saksheedaranche:1
साक्षीदारांना	sakshidaranna:2	saksheedaranna:1
साखर	sakhar:3
साखरपुडा	sakharpuda:3
साखरे	sakhare:3
साखरेची	sakharechi:3
साखळी	sakhali:3
साखळीचे	sakhaliche:3
साखळीत	sakhalit:3
साखळीतील	sakhalitil:2	sakhallitil:1
साग	sag:3
सागर	sagar:4	sagara:1
सागरिका	sagarika:3
सागरी	sagari:3
सागरेश्वर	sagareshwar:2	sagareshvar:1
सागवानी	sagwani:2	sagvani:1
साचत	sachat:3
साचलेली	sachaleli:1	sachlelee:1	sachleli:1
साचा	sacha:3
साज	saj:3
साजरा	sajara:3
साजरी	sajari:3
साजरे	sajare:3
साजूक	sajuk:2	sajook:1
साजेशी	sajeshi:2	sajeshee:1
साटोरी	satori:2	satoree:1
साठत	sathat:3
साठलेले	sathalele:3
साठवण	sathavan:2	sathavana:1
साठवणुकीच्या	sathavanukichya:2	sathavnukeechya:1
साठवणूक	sathavanuk:3	sathavanook:1
साठवणे	sathavane:3
साठवतो	sathavato:3
साठवला	sathavala:3
साठवलेली	sathavaleli:2	sathavlelee:1
साठवून	sathavun:2	sathavoon:1
साठा	satha:3
साठी	sathi:3
साठून	sathun:2	sathoon:1
साठे	sathe:3
साठ्ये	sathye:3
साडी	sadi:3	saree:2
साडे	sade:3
साडेचार	sadechar:3
साडेतीन	sadeteen:3	sadetin:1
साडेसात	sadesat:3
साड्या	sadya:4
साड्यांची	sadyanchi:2	sadyanchee:1
साड्यांचे	sadyanche:3
सात	sat:4	saat:1	saet:1	sata:1
सातकर्णी	satkarni:2	satkarnee:1
सातत्याने	satatyane:2	sattyane:1
सातपाटी	satapati:1	satpatee:1	satpati:1
सातपुडा	satpuda:3
सातवळेकर	satvalekar:3
सातवा	satava:2	satva:1
सातवाहन	satvahan:3
सातवाहनांनी	satvahananni:2	satvahnanni:1
सातवी	satavee:1	satavi:1	satvi:1
सातवे	satave:2	satve:1
सातव्या	satvya:2	satavya:1
सातशे	satashe:2	satshe:1
सातही	satahee:1	satahi:1	sathi:1
सातारकर	satarkar:2	sataarkar:1
सातारा	satara:4	saataaraa:1	shaataaraa:1	shatara:1
साताऱ्यात	sataryat:2	sataryaat:1
साती	satee:2	sati:1
सातेरी	saateree:1	saateri:1	sateri:1
सातो	sato:1	satoo:1	seto:1
सात्यकी	satyaki:2	saatyakee:1
साथ	saath:3	sath:2
साथी	saathi:1	sathee:1	sathi:1
साथीत	satheet:2	sathit:1
साथीदार	saathidaar:1	satheedar:1	sathidar:1
साथीदारांनी	sathidaranni:2	saathidaranni:1
साथीने	saathine:1	satheene:1	sathine:1
साद	sad:2	saad:1
सादर	sadar:3
सादरीकरण	sadarikaran:2	sadareekaran:1
साधक	sadhak:3
साधकांनी	sadhakannee:2	sadhakanni:1
साधणारे	sadhanare:3
साधणे	sadhane:3
साधण्यास	sadhanyas:3
साधण्यासाठी	sadhanyasathee:2	sadhanyasathi:1
साधत	sadhat:3
साधता	sadhata:3
साधतात	sadhatat:2	sadhtat:1
साधन	sadhan:3
साधनसंपत्तीचा	sadhansampatticha:2	sadhansampatteecha:1
साधनसामग्रीचा	sadhanasamagreecha:1	sadhansamagricha:1	sadhansamgricha:1
साधना	sadhana:3
साधनांचा	sadhanancha:3
साधनांची	sadhananchi:3
साधनांचे	sadhananche:3
साधनांच्या	sadhananchya:2	sadhnanchya:1
साधनाचा	sadhanacha:2	sadhnacha:1
साधनाताई	sadhanatai:2	sadhnatai:1
साधने	sadhane:2	sadhne:1
साधनेची	sadhanechee:1	sadhanechi:1	sadhnechee:1
साधनेच्या	sadhanechya:2	sadhnechya:1
साधनेत	sadhanet:2	sadhnet:1
साधनेतील	sadhaneteel:1	sadhanetil:1	sadhneteel:1
साधनेने	sadhanene:3
साधर्म्य	sadhamya:1	sadharmy:1	sadharmya:1
साधला	sadhla:2	sadhala:2
साधली	sadhalee:2	sadhali:1
साधले	sadhale:3
साधा	sadha:3
साधार	sadhar:3
साधारण	sadharan:3
साधारणत	sadharanat:4
साधारणपणे	sadharanpane:3	sadharanapane:1
साधित	sadhit:3	saadhit:1
साधी	sadhee:2	sadhi:2
साधू	sadhoo:2	sadhu:2
साधूंनी	sadhunni:2	sadhoonnee:1	sadhoonni:1
साधून	sadhoon:3	sadhun:1
साधे	sadhe:3
साधेल	sadhel:3
साध्य	sadhy:2	sadhya:3
सानिध्यात	sanidhyat:3
सानिया	saniya:3
साने	sane:3
सानेगुरुजी	saneguruji:2	saneguroojee:1
साप	sap:2	saap:1
सापडणारे	sapadnare:2	sapadanare:1
सापडत	sapadat:2	sapadt:1
सापडतात	sapadtat:2	sapadatat:2
सापडते	sapadte:2	sapadate:1
सापडतो	sapadto:2	sapadato:1
सापडला	sapadala:2	sapadla:1
सापडली	sapadalee:1	sapadali:1	sapadlee:1
सापडले	sapadale:2	sapadle:1
सापडलेली	sapadalelee:1	sapadaleli:1	sapadlelee:1
सापडलेले	sapadalele:2	sapadlele:1
सापडलेल्या	sapadalelya:2	sapadlelya:1
सापडल्यावर	sapadalyavar:1	sapadlyavar:1	sapdalyavar:1
सापडेल	sapdel:2	sapadel:1
सापळा	sapla:2	sapala:1
सापांचे	sapanche:3
सापाच्या	sapachya:3
सापाने	sapane:3
सापाला	sapala:3
सापुतारा	saputara:3
सापेक्ष	sapeksh:2	sapeksha:1
सापेक्षतावाद	sapekshatavad:3
साप्ताहिक	saptahik:3
साप्ताहिकाची	saptahikachee:2	saptahikachi:1
साप्ताहिकाचे	saptahikache:3
साप्ताहिकात	saptahikat:3
साप्ताहिकातून	saptahikatoon:3	saptahikatun:1
साफ	saf:3	saph:1
साबण	saban:3
साबरमती	sabarmati:2	sabaramatee:1
साबळे	sabale:2	sable:1
साबाजी	sabaji:2	sabajee:1
साबीर	sabir:2	sabeer:1
साभार	sabhar:3
साम	sam:3
सामंजस्य	samanjasya:3
सामंत	samant:3
सामग्री	samagri:2	samagree:1
सामग्रीची	samagrichi:3
सामना	saamna:3	samna:2	samana:1
सामने	saamne:2	samne:2	samane:1
सामनेही	samnehi:2	samanehi:1
सामन्यांच्या	samnyanchya:2	samanyanchya:1
सामन्यांत	samnyant:2	samanyant:1
सामन्यांमध्ये	samnyanmadhye:3
सामन्यांसाठी	samnyansathi:2	samnyansathee:1
सामन्याचे	samnyache:2	samanyache:1
सामन्याच्या	samnyachya:2	samanyachya:1
सामन्यात	saamnyat:2	samnyat:2	samanyat:1
सामन्यातही	samanyathee:1	samnyatahi:1	samnyathee:1
सामन्यातील	samanyateel:1	samnyateel:1	samnyatil:1
सामन्यामध्ये	samnyamadhye:3
सामन्यासाठी	samanyasathi:1	samnyasathee:1	samnyasathi:1
सामर्थ्य	samarthy:1	samarthya:1	samrthya:1
सामर्थ्यवान	samarthyavan:2	samrthyavan:1
सामर्थ्याने	samarthyane:3
सामाईक	samaik:3
सामाजिक	samajik:3
सामान	saman:3
सामान्य	samanya:3
सामान्यतः	samanyatah:2	samanyataha:2
सामान्यपणे	samanyapane:3
सामान्यांच्या	samanyanchya:3
सामान्यांपर्यंत	samanyanparyant:2	samanyanparyanta:1
सामान्यांसाठी	samanyansathi:3
सामायिक	samayik:2	samanyik:1
सामावले	samavale:3
सामावून	samavoon:2	samavun:2
सामावेश	samavesh:3
सामील	samil:3
सामुदायिक	samudayik:3
सामुद्रधुनी	samudradhuni:3
सामुहिक	samuhik:3
सामूहिक	samuhik:2	samoohik:1
सामोरे	samore:2	samorre:1
साम्य	samya:3
साम्यवाद	samyavad:3
साम्यवादी	samyavadi:3
साम्राज्य	samrajya:3
साम्राज्यवादी	samrajyavadi:3
साम्राज्याचा	samrajyacha:3
साम्राज्याची	samrajyachi:2	samrajyahci:1
साम्राज्याचे	samrajyache:2	samrajyahce:1
साम्राज्याच्या	samrajyachya:3
साम्राज्यात	samrajyat:3
साम्राज्यातील	samrajyatil:3
साम्राज्याने	samrajyane:3
साम्राज्याला	samrajyala:3
साम्राज्यावर	samrajyavar:3
साय	say:3
सायंकाळपासून	sayankalapasun:1	sayankalpasoon:1	sayankalpasun:1
सायंकाळी	sayankali:3
सायंटिफिक	scientific:4	sayantifika:1	sayantiphika:1	sayantiphiqa:1
सायकल	cycle:3
सायन	sayan:3	sion:2	cian:1	cion:1
सायन्सचे	scienceche:3	saynsache:1
सायन्समध्ये	sciencemadhye:2	sayansmadhye:1
सायन्सेस	sayanseesa:1	sayansesa:1	scieencees:1	sciences:1
सायप्रस	cyprus:2	cypras:1	sayaprasa:1	saypras:1
सायबर	cyber:4	cybar:1	sayabara:1	saybar:1
सायबेरिया	cibbaria:1	cibbeeria:1	cibberia:1	ciberia:1
सायमन	sayman:1	simon:1	symon:1
साया	saya:3	saaya:1
सार	sar:3
सारंग	sarang:3
सारंगधर	sarngdhar:2	sarangdhar:1
सारंगी	sarangi:2	sarangee:1
सारख	sarakh:2	sarkh:1
सारखा	sarakha:2	sarkha:1
सारखाच	sarakhach:2	sarkhach:1
सारखी	sarakhi:2	sarkhi:2
सारखीच	sarkhich:2	sarakheech:1
सारखे	sarkhe:2	sarakhe:1	sarke:1
सारखेच	sarkhech:3
सारखेपणा	sarkhepana:2	sarakhepana:1
सारख्या	sarkhya:3
सारख्याच	sarkhyach:3
सारण	saran:3	saaran:1	sarana:1	shaaran:1
सारणी	sarni:2	sarani:1
सारथी	sarathi:2	sarthi:1
सारनाथ	sarnath:3
सारभूत	sarbhut:3
सारले	sarale:2	sarle:1
सारवून	saravun:2	sarvoon:1	sarvun:1
सारस	saras:3
सारस्वत	saraswat:2	sarasvat:1	sarsvat:1
सारा	sara:3	saara:2
सारांश	saransh:3
साराभाई	sarabhai:3
सारासार	sarasar:2	sarasaar:1
सारी	sari:4	saree:2
सारून	saroon:2	sarun:2
सारे	sare:3
सारेच	sarech:3
सारोळा	sarola:3
सार्क	sarc:2	sark:2
सार्थ	sarth:2	sartha:1
सार्थक	sarthak:3
सार्थकता	sarthakata:3
सार्वजनिक	sarvajanik:1	sarvajinik:1	sarvjanik:1
सार्वत्रिक	sarvtrik:2	sarvatrik:1
सार्वभौम	sarvabhoum:1	sarvbhaum:1	sarvbhoam:1
सार्वभौमत्व	sarvabhoumatva:1	sarvbhaumatva:1	sarvbhoamatva:1
साऱ्या	sarya:2	saarya:1
साऱ्याजणी	saaryajani:1	saryajanee:1	saryajani:1
साल	saal:3	sal:2	sala:1
सालंकृत	salankrut:2	saalankrut:1
साला	sala:3	saala:1
सालात	salat:2	saalaat:1	saalat:1
सालापासून	saalapasun:1	salapasoon:1	salapasun:1	salsapasoon:1
साली	saali:1	salee:1	sali:1
सालीपासून	saalipasoon:1	saalipasun:1	saleepasoon:1	salipasoon:1
साल्वाडोर	salvadoor:1	salvadoora:1	salvador:1	salvadora:1
साल्हेर	salher:3
साल्हेरचा	saalhercha:1	salheracha:1	salhercha:1
साळवी	saalvi:1	salvee:1	salvi:1
साळवे	salve:2	saalve:1
साळी	sali:2	saali:1
साळुंकी	salunki:2	saalunki:1
साळुंखे	salunkhe:3
सावंगा	savanga:3
सावंत	sawant:2	savant:2
सावंतवाडी	saawantvadi:1	savantwadi:1	sawantwadi:1
सावकार	savkar:2	savakar:1
सावकारांच्या	savakaranchya:2	savkaranchya:2
सावकाराकडे	savkarakade:3
सावकाराचा	savkaracha:2	savakaracha:1
सावकाश	savkash:3
सावट	savat:3
सावता	savta:2	savata:1
सावतामाळी	savtamali:2	savtamalee:1
सावत्र	savatra:2	savatr:1
सावध	savadh:3
सावधपणे	savadhpane:3
सावनेर	savner:3
सावर	savar:4	savara:1	sawar:1	sawara:1
सावरकर	savarkar:3
सावरकरांची	savarkaranchi:2	savarkaranchee:1
सावरकरांचे	savarkaranche:3
सावरकरांच्या	savarkaranchya:3
सावरकरांना	savarkaranna:3
सावरकरांनी	savarkaranni:2	savarkarannee:1
सावरगाव	savargao:2	savargav:1
सावरदरी	savardari:2	savardaree:1
सावरला	savarla:2	savrala:1
सावरले	savarale:2	savarle:1
सावर्डे	savarde:3
सावली	savali:2	savli:1
सावलीचा	savalicha:2	savlicha:1
सावलीच्या	savalichya:2	savlichya:1
सावलीत	savalit:2	savit:1
सावलीतून	savalitoon:1	savalitun:1	savlitoon:1	savlitun:1
सावलीसाठी	savalisathi:2	savlisathi:1
सावल्या	saalya:1	savalya:1	savlya:1
सावळा	savala:1	savla:1	sawla:1
सावळाराम	savalaram:1	savlaram:1	sawlaram:1
सावळे	savale:2	sawle:1
सावळ्या	savalya:1	savlya:1	sawlya:1
सावा	sava:3
सावित्री	savitri:3
सावित्रीबाई	savitribai:2	savatribai:1
सावित्रीमाई	savitrimai:2	savitreemai:1
सावे	sawe:2	save:3	savae:1	savee:1
साष्टांग	sashtang:3
साष्टी	sashti:2	sashtee:1
सासणे	sasne:2	sasane:1
सासर	sasar:3
सासरचे	sasarche:3
सासरला	sasarla:3
सासरा	sasara:2	sasra:1
सासरी	sasaree:1	sasari:1	sasri:1
सासरे	sasare:2	sasre:1
सासवड	saswad:2	sasvad:1
सासू	sasoo:2	sasu:2
सासूचा	sasucha:2	sasoocha:1
सासूची	sasoochee:1	sasoochi:1	sasuchee:1	sasuchi:1
सासूचे	sasooche:2	sasuche:2
सासूने	sasoone:2	sasune:2
साहजिकच	sahajikach:2	sahjikach:1
साहस	sahas:3
साहसकथा	sahaskatha:3
साहसिक	sahsik:3
साहसी	sahasi:1	sahsee:1	sahsi:1
साहाय्य	sahayy:2	sahayya:1
साहाय्यक	sahayyak:3
साहाय्याने	sahayyane:3
साहित्य	sahitya:3
साहित्यकार	sahityakar:3
साहित्यकृती	sahityakruti:3
साहित्यप्रेमी	sahityapremi:3
साहित्यविषयक	sahityavishayak:3
साहित्यसम्राट	sahityasamrat:3
साहित्याचा	sahityacha:3
साहित्याची	sahityachi:3
साहित्याचे	sahityache:3
साहित्याच्या	sahityachya:3
साहित्यात	sahityat:3
साहित्यातील	sahityatil:2	sahityateel:1
साहित्यातून	sahityatoon:2	sahityatun:2
साहित्यामध्ये	sahityamadhye:2	sahityamadhya:1
साहित्याला	sahityala:3
साहित्यावर	sahityavar:3
साहित्यासाठी	sahityasathi:3
साहित्यिक	sahityik:3
साहित्यिकांचे	sahityikanche:3
साहित्यिकांना	sahityikanna:2	sahityikkanna:1
साहित्यिकांनी	sahityikanni:2	sahityaikanni:1
साहिब	saheeb:1	sahib:1	sahiba:1	sahiib:1
साहिल	sahil:4	saheel:1	sahiil:1	sahila:1
साहेब	saheb:3
साहेबांचे	sahebanche:3
साहेबांच्या	sahebanchya:3
साहेबांना	sahebanna:3
साहेबांनी	sahebanni:3
साहेबाचे	sahebache:3
साहेबी	sahebi:2	sahebee:1
साह्याने	sahyane:4
सिंग	singh:4	sing:3
सिंगचे	singche:2	seengche:1
सिंगच्या	seengchya:1	singchy:1	singchya:1
सिंगर	singer:3
सिंगापुरात	singapurat:2	singapoorat:1
सिंगापूर	singapur:2	singapoor:1	singapore:1
सिंगापूरमध्ये	singapurmadhye:2	singapoormadhya:1	singaporemadhye:1
सिंघानिया	singhaniya:2	seenghaneea:1
सिंचन	sinchan:2	seenchan:1
सिंचनाचे	sinchanache:2	seenchnache:1
सिंचनासाठी	sinchanasathi:2	seenchanasaathi:1
सिंचित	sinchit:2	seenchit:1
सिंदोळा	sindola:3
सिंध	sindh:4	seendh:1	siindh:1	syndh:1
सिंधी	sindhi:4	siindhii:1
सिंधु	sindhu:3
सिंधुताई	sindhutai:3
सिंधुदुर्ग	sindhudurg:3
सिंधू	sindhu:3	sindhoo:1
सिंह	singh:1	sinh:1	sinha:1
सिंहगड	singhad:1	sinhagad:1	sinhgad:1
सिंहली	sinhali:2	singhali:1
सिंहांचे	sinhanche:2	singhanche:1
सिंहांना	sinhanna:2	singhana:1
सिंहाचा	sinhacha:2	singhacha:1
सिंहाचे	sinhache:2	singhanche:1
सिंहाच्या	sinhachya:2	singhanchya:1
सिंहासन	sinhasan:3
सिंहासनावर	sinhasanavar:3	sinhasanawar:1
सिएरा	siara:2	siera:2	ciara:1	shiera:1
सिकंदर	sikandar:3
सिकंदराबाद	sikandarabad:3	secundarabad:2	secunderabad:1	seekandarabad:1
सिकल	sikal:3	sical:1
सिक्किम	sikkim:3
सिक्कीम	sikkim:3	sikkeem:2	ciikkiim:1	cikkim:1
सिक्री	sikri:2	sikree:1
सिक्स्थ	sixth:3	siksth:1
सिख	sikh:4	seekh:1	seeqh:1	sheekh:1
सिग्नल	signal:4
सिग्मंड	sigmand:2	sigmond:1
सिग्मा	seegma:1	sheegma:1	shigma:1	sigma:1
सिटी	city:4	ciity:1	citi:1	seeti:1
सिटीच्या	citychya:2	siteechya:1
सिटीझन	citizen:3	siteejhan:1
सिडको	cidco:2	sidako:1
सिडकोची	cidcochi:2	sidakochee:1
सिडकोला	cidcola:2	sidkola:1
सिडनी	sydney:4	sidani:2	sidnei:2	sidney:2
सिताराम	sitaram:3
सितारे	sitare:3
सिद्दी	siddi:2	siddee:1
सिद्दीकी	siddikee:1	siddiki:1	siddiqui:1
सिद्ध	siddha:3
सिद्धटेक	siddhatek:3
सिद्धता	siddhata:3
सिद्धरामय्या	siddharamayya:3
सिद्धांत	sidhant:2	siddhant:3
सिद्धांताचा	siddhantacha:3
सिद्धांताची	siddhantachi:2	siddhantachee:1
सिद्धांताचे	siddhantache:3
सिद्धांतात	siddhantat:3
सिद्धांतानुसार	siddhantanusar:3
सिद्धांतावर	siddhantavar:3	siddhantawar:1
सिद्धार्थ	siddharth:4	seedharth:1	siddhartha:1	sidharth:1
सिद्धिविनायक	siddhivinayak:3
सिद्धी	siddhi:2	siddhee:1
सिध्द	siddha:2	siddh:1
सिध्दीविनायक	siddhivinayak:2	siddheevinayak:1
सिनसिनाटी	cincinnati:2	ciinciinatii:1	ciinciinnatii:1	cincinati:1
सिनिअर	senior:3	siniar:1
सिने	sine:3	cine:2	cinee:1	sinee:1
सिनेअभिनेते	cineabhinete:2	sineabhinete:1
सिनेमा	cinema:3	sinema:2	cineema:1	seeneema:1
सिनेमांमध्ये	sinemanmadhye:2	cinemanmadhye:1
सिनेमाचे	sinemache:2	cinemache:1
सिनेमात	sinemat:2	cinemat:1
सिनेमातही	sinematahee:2	cinematahi:1
सिनेमामधील	sinemamadheel:2	cinemamadhil:1
सिनेमाला	sinemala:2	cinemala:1
सिनेमे	sineme:2	cineme:1
सिन्नर	sinnar:3
सिन्हा	sinha:3
सिप्पी	sippee:2	sippi:2	ciippy:1	cippi:1
सिम	sim:4	seam:1	seem:1	sem:1
सिमला	shimla:1	simala:1	simla:1
सिमेंट	cement:3	ceeimeent:1	ceemaint:1	ceiment:1
सिरीसेना	sireesena:2	sirisena:1
सिलिकॉन	cilican:1	cilicon:1	silican:1	silicon:1
सिलेंडर	cyleendeer:1	cylendar:1	cylender:1	cylindar:1
सिलोन	ceylon:1	ceyloon:1	silon:1	silona:1
सिवा	siva:3
सिव्हिल	civil:2	sivhil:2
सिस्टिम	system:2	sisteam:1	sistem:1	sistim:1
सिस्टिम्स	sistems:1	sistins:1	systems:1	systims:1
सिस्टीम	system:3	sisteem:1
सीए	ca:3
सीख	sikh:3	seekh:2
सीझर	ceaser:1	scissor:1	seejher:1	seezer:1
सीट	seat:1	seet:1	set:1	siit:1
सीड	seed:1	sid:1	siid:1
सीडी	cd:3	sidi:1	sidy:1
सीता	sita:3	seeta:2	sheeta:1	shhita:1
सीताराम	seetaram:2	sitaram:1
सीतेची	sitechi:2	seetechee:1	seetechi:1
सीतेचे	seeteche:2	siteche:1
सीतेच्या	seetechya:2	sitechya:1
सीतेने	seetene:2	sitene:1
सीनिअर	senior:3	seeniar:1
सीमा	seema:4	sima:2	siima:1
सीमारेषा	simaresha:2	seemaresha:1
सीमारेषेवर	seemareshevar:1	seimareshevar:1	simareshevar:1
सीमित	simit:2	seemit:1
सीमेजवळ	simejaval:2	seemejaval:1
सीमेपर्यंत	simeparyant:2	seemeparyant:1
सीमेपासून	simepasun:2	seemepasoon:1
सीमेवर	seemevar:2	simevar:1
सीमेवरील	seemevareel:1	seemevaril:1	simevaril:1
सीमेवरून	seemevaroon:2	seemevarun:1	simevarun:1
सीमोल्लंघन	seemollanghan:2	simollanghan:1
सीरियन	serian:2	carian:1	cerian:1	ceriian:1
सीरिया	syria:3	seeriya:2	seariya:1	seeriiya:1
सील	seal:4	seel:3	sel:1	siil:1
सीलबंद	sealband:2	seelband:2
सु	su:3
सुंठ	sunth:2	suntha:1
सुंदर	sundar:3
सुंदरता	sundarta:3
सुंदरमठ	sundarmath:2	sundermath:1
सुंदरा	sundara:2	sundera:1
सुंदरी	sundari:2	sunderi:1
सुंदरीच्या	sundarichya:2	sunderichya:1
सुंदोपसुंदी	sundopasundi:2	sundopsundi:1
सुई	sui:3
सुएझ	suez:3	saaez:1	sooej:1	sooez:1
सुकं	sookan:1	suka:1	sukan:1	sukn:1
सुकत	sukat:3	sookat:1
सुकन्या	sukanya:3
सुकर	sukar:3
सुकलेले	suklele:2	sukalele:1
सुकामेवा	sukameva:3
सुख	sukh:3
सुखकर्ता	sukhkarta:2	sukhakarta:1
सुखटणकर	sukhtankar:3
सुखद	sukhad:3
सुखदेव	sukhdev:3
सुखरूप	sukhroop:2	sukhrup:2
सुखशांती	sukhshanti:2	sukhshantee:1
सुखसोयी	sukhsoyi:2	sukhsoyee:1
सुखाचा	sukhacha:3
सुखाची	sukhachi:2	sukhachee:1
सुखाच्या	sukhachya:3
सुखाने	sukhane:3
सुखावले	sukhavale:2	sukhavle:1
सुखी	sukhi:3
सुगंध	sugandh:3
सुगंधही	sugandahi:1	sugandhahi:1	sugandhhi:1
सुगंधित	sugandhit:3
सुगंधी	sugandhi:3
सुगम	sugam:3
सुगावा	sugava:3	soogava:1
सुचते	suchate:2	suchte:1
सुचली	suchali:2	suchlee:1
सुचलेले	suchlele:3
सुचवतात	suchavatat:2	suchavtat:1
सुचवली	suchavali:2	suchavlee:1
सुचवले	suchavale:2	suchavle:1
सुचविले	suchvile:2	suchavile:1
सुचविलेल्या	suchvilelya:2	suchavilelya:1
सुचविल्या	suchvilya:2	suchavilya:1
सुचिता	suchita:3
सुचित्रा	suchitra:3
सुचेता	sucheta:3
सुजन	sujan:3	suzan:1
सुजलाम	sujlam:3	suzlam:1
सुजाण	sujan:3
सुजाता	sujata:3
सुजित	sujit:3
सुटका	sutaka:3	sutka:2
सुटकेची	sutakechi:1	sutkechee:1	sutkechi:1
सुटणे	sutane:2	sutne:1
सुटत	sutat:5
सुटतात	sutatat:2	sutataat:1
सुटला	sutala:3
सुटले	sutale:3
सुटल्याने	sutlyane:2	sutalyane:1
सुटायला	sutayala:2	sutayla:1
सुटीचा	suticha:2	suteecha:1
सुटीच्या	sutichya:2	suteechya:1
सुटू	sutu:2	sutoo:1
सुटे	sute:3
सुट्टी	sutti:2	suttee:1
सुट्टीचा	sutticha:2	sutteecha:1
सुट्टीचे	suttiche:2	sutteeche:1
सुट्टीच्या	suttichya:2	sutteechya:1
सुट्टीत	suttit:2	sutteet:1
सुट्टीमध्ये	sutteemadhye:1	suttimadhe:1	suttimadhye:1
सुट्ट्यांमध्ये	suttyanmadhye:2	suttyanmadhe:1
सुत	sut:3
सुतक	sutak:3
सुताचा	sutacha:3
सुताचे	sutache:3
सुतार	sutar:2	sutaar:1
सुती	sutee:2	suti:2
सुत्रे	sutre:3
सुदर्शन	sudarshan:3
सुदान	sudan:4	saadan:1	soodan:1	sudaan:1
सुदामा	sudama:3
सुदूर	soodur:1	sudoor:1	sudur:1
सुदृढ	sudradh:1	sudrudh:1	sudrudha:1
सुदेश	sudesh:3
सुदैवाने	sudaivane:3	sudeivane:1
सुद्धा	suddha:3	sudha:1
सुधा	sudha:3	suda:1
सुधाकर	sudhakar:3
सुधागड	sudhagad:3
सुधाताई	sudhatai:3
सुधार	sudhar:4
सुधारक	sudharak:3
सुधारकांनी	sudharakanni:2	sudharkani:1
सुधारणा	sudharna:2	suhdarna:1
सुधारणांची	sudharnanchi:2	sudharanchi:1
सुधारणांच्या	sudharnanchya:2	sudharnyachya:1
सुधारणांना	sudharnanna:2	sudharnana:1
सुधारणांमुळे	sudharnanmule:2	sudharnyamule:1
सुधारणावादी	sudharnavadi:3
सुधारण्याचा	sudharnyacha:3
सुधारण्यास	sudharnyas:2	sudharnyaas:1
सुधारण्यासाठी	sudharnyasathi:2	sudharnyasaathi:1
सुधारते	sudharte:2	sudharate:1
सुधारले	sudharale:2	sudharle:1
सुधारावा	sudharava:3
सुधारावी	sudharavi:3	sudharavee:1
सुधारित	sudharit:3
सुधारीत	sudharit:2	sudhareet:1
सुधारू	sudharu:3	sudharoo:1
सुधारेल	sudharel:3
सुधीर	sudhir:4	sudheer:2	sudhear:1	sudhiir:1
सुध्दा	suddha:3
सुन	sun:3	soon:1
सुनंदा	sunanda:3
सुना	suna:3
सुनामी	tsunami:3
सुनावणी	sunavani:3
सुनावला	sunavala:3
सुनावली	sunavali:3
सुनावले	sunavale:3
सुनियोजित	suniyojit:3
सुनिश्चित	sunishchit:3
सुनी	suni:3
सुनीता	sunita:3	suneeta:2	shuneeta:1	shunita:1
सुनीताबाई	sunitabai:3
सुनील	sunil:4	saanil:1	shoonil:1	shuneel:1
सुन्नी	sunni:4	saanni:1	sooni:1	soonni:1
सुपर	super:4	shooper:1	shupara:1	shupper:1
सुपरफास्ट	superfast:3
सुपरस्टार	superstar:4	saaperstar:1	sooparstar:1	sooperstar:1
सुपरहिरो	suparahiro:1	suparahiroo:1	suparharo:1	suparhiro:1
सुपरिचित	suparichit:3
सुपारी	supari:3
सुपारीला	suparila:3
सुपिकता	supikata:2	supikta:1
सुपीक	supik:3	supeek:1
सुपुत्र	suputra:3
सुपुर्त	supurt:2	supurta:2
सुपूर्त	supoort:2	supurt:2	supurta:1
सुपूर्द	supurd:2	supoord:1	suppoord:1	supurda:1
सुप्त	supt:2	supta:1
सुप्तावस्थेत	suptavasthet:3
सुप्रसिद्ध	suprasiddh:2	suprasiddha:2
सुप्रिया	supriya:3
सुफी	sufi:4	sufii:1	suphi:1	suphii:1
सुबक	subak:3
सुबोध	subodh:3
सुब्बा	subba:3
सुब्रमण्यम	subramanyam:3
सुभद्रा	subhadra:3
सुभाष	subhash:4	subhas:1	subhasa:1	subhasha:1
सुभाषचंद्र	subhashchandra:3
सुभाषबाबू	subhashbabu:3
सुभाषबाबूंना	subhashbabunna:3
सुभाषबाबूंनी	subhashbabunni:3
सुभाषिते	subhashite:3
सुभेदार	subhedar:3
सुमती	sumati:3
सुमन	suman:4	saaman:1	shooman:1	shuman:1
सुमने	sumane:3
सुमात्रा	sumatra:4	saamatra:1	soomatra:1	soometra:1
सुमारास	sumaras:2	sumaraas:1
सुमारे	sumare:4
सुमित	sumit:3
सुमित्रा	sumitra:3
सुमेधा	sumedha:3
सुमेरियन	sumerian:4	saamerian:1	soomarian:1	soomeerian:1
सुयोग्य	suyogya:3
सुर	sur:3
सुरकुत्या	surkutya:3
सुरक्षा	suraksha:3
सुरक्षित	surakshit:3
सुरक्षितता	surakshitata:3
सुरक्षिततेची	surakshitatechi:3
सुरक्षिततेच्या	surakshitatechya:3
सुरक्षितरित्या	surakshitritya:2	surakshitaritya:1
सुरक्षेचा	surakshecha:3
सुरज	suraj:4	sooraj:2	saaraj:1	sooraz:1
सुरत	surat:4	soorat:1	surata:1	sureta:1
सुरतला	suratla:3
सुरती	surati:2	surti:1
सुरळीत	suralit:2	surlit:1
सुरळीतपणे	suralitpane:2	surlitpane:1
सुरवंट	suravant:1	survant:1	survanta:1
सुरवातीच्या	survatichya:2	suravatichya:1
सुरवातीपासून	survatipasun:3
सुरवातीला	survatila:2	survateela:1
सुरवातीस	survatis:2	survatees:1
सुरांची	suranchi:3
सुरांच्या	suranchya:3
सुरी	suri:3	suree:1
सुरु	suru:3
सुरुवात	suruwat:9	suruvat:2	suruvaat:1
सुरुवातीचा	suruvaticha:3	suruvateecha:1
सुरुवातीची	suruvatichi:3
सुरुवातीचे	suruvatiche:3
सुरुवातीच्या	suruvatichya:3
सुरुवातीपासून	suruvatipasun:3
सुरुवातीपासूनच	suruvatipasunach:2	suruvatipasunch:1
सुरुवातीला	suruvatila:3
सुरुवातीलाच	suruvatilach:2	suruvatilaach:1
सुरुवातीस	suruvatis:2	suruvatees:1
सुरू	suru:3	suroo:1
सुरूच	suruch:3	surooch:1
सुरूवात	suruvat:2	suruvaat:1
सुरूवातच	suruvatach:3	suruwatach:1
सुरूवातीच्या	suruvatichya:3	suruwatichya:1
सुरूवातीपासून	suruvatipasun:3	suruwatipasun:1
सुरूवातीला	suruvatila:3	suruwatila:1
सुरेंद्र	surendra:3
सुरेख	surekh:3
सुरेखा	surekha:3
सुरेल	surel:3
सुरेश	suresh:4	saaresh:1	shooreshh:1	shureshh:1
सुरेशचंद्र	sureshchandra:3
सुर्य	surya:2	sury:1
सुर्या	surya:3
सुर्याची	suryachi:2	suryachee:1
सुर्याच्या	suryachya:3
सुर्वे	surve:3
सुऱ्या	surya:3
सुलतान	sultan:3	shooltan:1	shulatan:1	sooltan:1
सुलतानपूर	sultanpur:2	sultanpoor:1
सुलताना	sultana:3
सुलतानांच्या	sultananchya:3
सुलतानांनी	sultananni:2	sultanannee:1
सुलतानाने	sultanane:3
सुलतानी	sultani:2	sultanee:1
सुलभ	sulabh:3
सुलभता	sulabhata:2	sulbhta:1
सुलभा	sulabha:2	sulbha:1
सुलभाताई	sulbhatai:2	sulabhatai:1
सुलोचना	sulochana:3
सुल्तान	sultan:3
सुळका	sulaka:2	sulka:1
सुळके	sulake:2	sulke:1
सुळे	sule:3
सुवर्ण	suvarna:2	suvarn:3
सुवर्णकमळ	suvarnkamal:2	suvarnakamal:1
सुवर्णतुला	suvarnatula:2	suvarntula:2
सुवर्णपदक	suvarnapadak:2	suvarnpadak:1
सुवर्णपदके	suvarnapadake:1	suvarnpadake:1	suvarnpadke:1
सुवर्णमय	suvarnmay:2	suvarnamai:1	suvarnamay:1
सुवर्णयुग	suvarnayog:1	suvarnayug:1	suvarnyug:1	suwarnayug:1
सुवर्णा	suvarna:3	suwarna:1
सुवास	suvas:2	suvaas:1	suwas:1
सुवासिक	suvasik:3	suwasik:1
सुवासिनी	suvaseeni:2	suvasini:2	suwasini:1
सुविधा	suvidha:4	suveedha:2
सुविधांचा	suvidhancha:3
सुविधेसाठी	suvidhesathi:2	suvidhesathee:1
सुवेळा	suvela:3
सुव्यवस्था	suvyavstha:2	suvyavastha:1
सुव्यवस्थित	suvyavsthit:2	suvyavasthit:1
सुशांत	sushant:4	saashant:1	shooshhant:1	shushhant:1
सुशासन	sushasan:3
सुशिक्षित	sushikshit:3
सुशी	sushee:2	sushi:2	shushhi:1	sushii:1
सुशील	susheel:2	sushil:2	shushhil:1	sushiil:1
सुशीलकुमार	sushilkumar:3	susheelkumar:2
सुशीला	susheela:2	sushila:1
सुशोभित	sushobhit:3
सुश्रुत	sushrut:3
सुषमा	sushma:2	sushama:1
सुष्मिता	sushmita:3
सुसंगत	susangat:3
सुसंघटित	susanghtit:2	susanghatit:1
सुसंस्कारित	susanskarit:3
सुसंस्कृत	susanskrut:2	susankrut:1
सुसज्ज	susajja:3	susajj:2
सुसूत्रता	susutrata:2	susootrata:1
सुस्थितीत	susthiteet:2	susthitit:1
सुस्पष्ट	suspasht:3
सुस्पष्टपणे	suspashtapane:2	suspashtpane:1
सुस्वभावी	susvabhavi:2	susvabhavee:1
सुहास	suhas:3	suhaas:1
सुहासिनी	suhasini:2	suhasinee:1
सूक्त	sukt:2	sookt:1
सूक्ष्म	sookshma:1	suksham:1	sukshma:1
सूक्ष्मजंतू	sukshmajantu:2	sookshmjantoo:1
सूक्ष्मजीव	sookshmjeev:1	sukshmajeev:1	sukshmajiv:1
सूचक	suchak:2	soochak:1
सूचना	suchana:2	soochna:1
सूचनांचा	suchanancha:2	soochnancha:1
सूचनांच्या	suchananchya:2	soochnanchya:1
सूचनांनुसार	suchanannusar:2	soochnannusar:1
सूचित	suchit:2	soochit:1
सूची	suchi:2	soochee:1	soochi:1
सूज	sooj:3	suj:1
सूट	soot:4	suit:2	sut:2	suuit:1
सूड	sood:3	sud:1
सूत	soot:2	sut:1
सूत्र	sutra:3	sootr:2	shootr:1	shootra:1
सूत्रधार	sutradhar:2	sootradhar:1
सूत्रबद्ध	sutrabaddha:2	sootrabaddh:1
सूत्रसंचालक	sootrasanchalak:1	sutrasachalak:1	sutrasanchalak:1
सूत्रसंचालन	sutrasanchalan:2	sootrasanchalan:1
सूत्रांनुसार	sutrannusar:2	sootrannusar:1
सूत्रांप्रमाणे	sutranpramane:2	sootranpramane:1
सूत्राच्या	sutrachya:3
सूत्रे	sutre:3
सून	sun:3	soon:2	saan:1	suun:1
सूप	soup:4	sup:3	saap:1	saup:1
सूफी	sufi:3
सूर	sur:5	soor:2	shur:1	shura:1
सूरज	suraj:3
सूरत	surat:3
सूरु	suru:3	suroo:1
सूरू	suru:3	suroo:1
सूर्य	sury:2	surya:2	saary:1	soory:1
सूर्यकांत	suryakant:2	surykant:1
सूर्यग्रहण	suryagrahan:2	surygrahan:1
सूर्यप्रकाश	sooryaprakash:1	suryaprakash:1	suryprakash:1
सूर्यप्रकाशात	sooryaprakashat:1	suryaprakashat:1	suryprakashat:1
सूर्यप्रकाशामध्ये	sooryaprakashamadhye:1	suryaprakashamadhye:1	suryprakashamadhye:1
सूर्यमालेतील	sooryamaleteel:1	suryamaletil:1	surymaletil:1
सूर्यवंशी	sooryavanshee:1	suryavanshi:1	suryvanshi:1
सूर्या	surya:2	soorya:1
सूर्याचा	suryacha:2	sooryacha:1
सूर्याची	suryachi:2	sooryachee:1
सूर्याचे	suryache:2	sooryache:1
सूर्याच्या	suryachya:2	sooryachya:1
सूर्याने	suryane:2	sooryane:1
सूर्यापासून	suryapasun:2	sooryapasoon:1	suryapasoon:1
सूर्याभोवती	sooryabhovtee:1	suryabhovati:1	suryabhovti:1
सूर्याला	suryala:2	sooryala:1
सूर्याशी	suryashi:2	sooryashee:1
सूर्यास्त	suryast:2	sooryast:1
सूर्यास्ताची	suryastachi:2	sooryastachee:1
सूर्योदय	suryoday:2	suryodaya:1
सूर्योदयाची	suryodayachi:3
सूर्योदयाच्या	suryodayachya:3
सूर्योदयानंतर	suryodayanantar:3
सूर्योदयापासून	suryodayapasun:3	suryodayapasoon:1
सृष्टी	shrushti:2	srushti:2	srusti:1
सृष्टीचे	srushtiche:2	srustiche:1
सृष्टीत	srushtit:2	srushteet:1	srushti:1
सृष्टीतील	shrustitil:1	srushtiteel:1	srushtitil:1
सृष्टीमध्ये	srushtimadhye:2	shrustimadhye:1
सॅन	sain:1	san:1	sana:1	sen:1
सॅनिटरी	sanitary:2	sanitory:1
सॅन्डविच	sandwich:2	sandvich:1
सॅम	sam:4	saam:1	shaam:1	sham:1
सॅमसंग	samsung:4	samasang:1
सॅमसंगच्या	samsungchya:3
सॅमी	sami:2	samy:2	samee:1	samii:1
सॅम्युअल	samuel:2	samual:1
सॅम्युएल	samuel:4	samual:1	sanyuel:1
से	se:3	say:1
सेंच्युरी	century:2	centuri:1	senchyuri:1
सेंट	sent:2	saint:3	seent:1	seenta:1
सेंटर	center:3	ceentree:1	centre:1	seentar:1
सेंटरतर्फे	centertarfe:3	centertarphe:1	centretarfe:1	centretarphe:1
सेंटीमीटर	centimeter:4	ceentimeeteer:1	centiimeter:1	centimetar:1
सेंट्रल	central:4	ceentral:1	seentral:1	sentral:1
सेंद्रिय	sendriya:2	sendriy:1
सेंद्रीय	sendriya:2	sendriy:1
सेकंड	saycand:1	saycond:1	saykand:1	sayqand:1
सेकंद	second:3
सेकंदात	secondat:3
सेकंदाला	secondala:3
सेक्रेटरी	secretari:1	secretary:1	secretori:1	secretory:1
सेक्सी	sexy:4	sexi:2	seeksi:1	seexy:1
सेटलमेंट	seetalameenta:1	seetalmeent:1	seettleemeent:1	setalamenta:1
सेतुमाधवराव	setumadhavrao:3
सेतू	setu:3
सेन	sen:4	sane:1	sanee:1	sanei:1
सेना	sena:3
सेनानी	senani:2	senanee:1
सेनापती	senapati:2	senapatee:1
सेनापतींनी	senapatinni:2	senapateennee:1
सेनाप्रमुख	senapramukh:3
सेनेका	sayneeka:1	sayneka:1	sayneqa:1	seeneeca:1
सेनेचा	senecha:3
सेनेचे	seneche:3
सेनेच्या	senechya:3
सेनेतर्फे	senetarfe:3	senetarphe:1
सेनेतील	seneteel:2	senetil:2
सेनेने	senene:3
सेनेला	senela:3
सेनेवर	senevar:3
सेन्ट	sent:3	cent:1	saint:1	scent:1
सेन्ट्रल	central:3	sentral:1
सेन्स	sainse:1	sainsee:1	saynse:1	saynsee:1
सेन्सर	censor:3	sensor:3	sensar:2	ceensor:1
सेरेब्रल	cerebral:3	carebral:1	ceereebral:1	celebral:1
सेल	cell:3	sell:3	sale:2	ceell:1
सेलचे	cellche:1	saleche:1	sellche:1
सेलर	sailar:1	sailor:1	seelar:1	selar:1
सेलू	selu:2	cellu:1	sello:1
सेल्टिक	ceeltic:1	celtic:1	sayltic:1	seeltic:1
सेल्फी	selfie:3
सेल्युलर	cellular:3
सेल्समन	saleesman:1	salesman:1	seelsaman:1	selsaman:1
सेल्सिअस	celcious:2	celsius:2	ceelcius:1	ceelsius:1
सेवक	sevak:3
सेवकांचा	sevakancha:2	sevkancha:1
सेवन	sevan:2	seven:1
सेवनाने	sevanane:2	sevnane:1
सेवा	seva:4	seeva:1	seewa:1	sewa:1
सेवांचा	sevancha:3
सेवांसाठी	sevansaathi:1	sevansathee:1	sevansathi:1
सेवाग्राम	sevagram:3
सेवानिवृत्त	sevanivrutta:2	sevanivrutt:1
सेवानिवृत्तीनंतर	sevanivruttinantar:2	sevanivrutteenanatar:1
सेवाभावी	sevabhavi:2	sevabhavee:1
सेवारत	sevarat:3
सेवाव्रती	sevavrati:2	sevavratee:1
सेवाही	sevahi:2	sevahee:1
सेविका	sevika:3
सेवेचा	sevecha:3	sewecha:1
सेवेच्या	sevechya:3	sewechya:1
सेवेत	sevet:3	sewet:1
सेवेतील	sevetil:3	sewetil:1
सेवेद्वारे	sevedware:3	sewedware:1
सेवेला	sevela:3	sewela:1
सेवेसाठी	sevesathi:2	sevesaathi:1	sewesaathi:1
सेशन	seeshan:1	seeshion:1	seesion:1	seession:1
सैगल	saigal:3
सैतान	saitan:4	saitana:1	saytan:1	setan:1
सैद	said:4	saied:1	sayd:1	sed:1
सैद्धांतिक	saiddhantik:2	saidhantik:1
सैद्धान्तिक	saiddhantik:2	saidhantik:1
सैनिक	sainik:3
सैनिकांचा	sainikancha:3
सैनिकांची	sainikanchi:2	sainikanchee:1
सैनिकांच्या	sainikanchya:2	seinikanchya:1
सैनिकांना	saiikanna:1	sainikanna:1	seinikanna:1
सैनिकांनी	sainikannee:1	sainikanni:1	seinikanni:1
सैनिकांसाठी	sainikansaathi:1	sainikansathee:1	seinikansathi:1
सैनिकाचे	sainikache:2	seinikache:1
सैनिकी	sainiki:2	sainikee:2	seiniki:1
सैन्य	sainya:2	seinya:1
सैन्यदल	sainyadal:1	seinyadal:1	senyadal:1
सैन्यदलाच्या	sainyadalachya:1	seinyadalachya:1	senyadalachya:1
सैन्यांत	sainyat:1	seinyant:1	senyant:1
सैन्याचा	sainyacha:1	seinyacha:1	senyacha:1
सैन्याची	sainyachi:1	seinyachi:1	senyachi:1
सैन्याचे	sainyache:1	seinyache:1	senyache:1
सैन्याच्या	sainyachya:1	seinyachya:1	senyachya:1
सैन्यात	sainyat:4	sainyaat:1	seinyat:1	senyat:1
सैन्यातील	sainyatil:1	seinyatil:1	senyatil:1
सैन्याने	sainyane:1	seinyane:1	senyane:1
सैन्यामध्ये	sainyamadhye:2	senyamadhe:1
सैन्याला	sainyala:2	sainyaala:1	senyala:1
सैन्यावर	sainyavar:1	sainyawar:1	senyavar:1
सैन्यास	sainyas:2	sainyaas:1	senyas:1
सैन्यासह	sainyasah:2	senyasaha:1
सैन्यासाठी	sainyasaathi:1	sainyasathi:1	senyasaathi:1
सैल	sail:3	cell:1
सॉक्रेटिस	socrates:3	sacratees:1	sacrates:1	sacratis:1
सॉफ्ट	saft:1	sapht:1	sauft:1	saupht:1
सॉफ्टवेअर	software:3	softwear:1
सॉलोमन	salomon:1	soloman:1	solomen:1	solomon:1
सॉल्ट	salt:4	sault:1	solt:1
सोंगटी	songati:2	songatee:1
सोंगट्या	songatya:3
सोंगे	songe:3
सोंड	sond:3
सोंडेची	sondechi:2	sondechee:1
सोची	sochi:4	sochee:1	sochii:1	soochi:1
सोडणे	sodane:3
सोडण्याचा	sodanyacha:2	sodnyacha:1
सोडण्याची	sodanyachi:2	sodnyachi:1
सोडण्यात	sodanyat:2	sodnyaat:1
सोडण्यासाठी	sodanyasathi:2	sodnyasaathi:1
सोडत	sodat:4
सोडता	sodata:3
सोडतात	sodatat:2	sodtat:1
सोडते	sodate:3
सोडतो	sodato:3
सोडला	sodla:2	sodala:3
सोडली	sodali:3	sodalee:1
सोडले	sodale:2	sodle:1
सोडलेला	sodalela:2	sodlela:1
सोडलेले	sodalele:2	sodlele:1
सोडलेल्या	sodalelya:2	sodlelya:1
सोडल्यानंतर	sodalyanantar:1	sodalyanatar:1	sodlyanantar:1
सोडल्यास	sodalyas:2	sodlyas:1
सोडवण्यासाठी	sodavanyasathi:2	sodavnyasathi:1
सोडवत	sodavat:3
सोडवली	sodavali:2	sodavli:1
सोडवून	sodavun:2	sodvun:1
सोडायचे	sodayche:2	sodayache:1
सोडावे	sodave:3
सोडिअम	sodium:3	sodiam:1
सोडियम	sodium:1	sodiyam:1	soodium:1	soodiyam:1
सोडुन	sodun:3
सोडून	sodun:2	sodoon:1
सोनं	sona:1	sonam:1	sonn:1
सोनई	sonai:3
सोनकांबळे	sonkambale:2	sonkamble:1
सोनटक्के	sontakke:3
सोनपेठ	sonpeth:3
सोनवणे	sonavane:3	sonawane:2
सोनाक्षी	sonakshi:3
सोनार	sonar:4	sonara:1	soonar:1	soonara:1
सोनारी	sonari:3
सोनाली	sonali:3
सोनिया	soniya:4	shonia:1	shoniaa:1	shoniya:1
सोनियाचा	soniyacha:3
सोनी	soni:5	sony:4	sonii:2	sooni:2
सोने	sone:3
सोनेरी	soneri:2	soneree:1
सोनोपंत	sonopant:3
सोनोवाल	sonoval:3	sonowal:1
सोन्याचं	sonyacha:1	sonyacham:1	sonyachn:1
सोन्याचा	sonyacha:3
सोन्याची	sonyachi:2	sonyachee:1
सोन्याचे	sonyache:3
सोन्याच्या	sonyachya:3
सोन्याने	sonyane:3
सोप	sop:4	soap:2	sooap:1	soop:1
सोपवण्यात	sopavanyat:2	sopavnyat:1
सोपवला	sopavala:3
सोपवली	sopavali:3
सोपवले	sopavale:2	sopavle:1
सोपविण्याची	sopavinyachi:3
सोपविण्यात	sopavinyat:3
सोपस्कार	sopaskar:3
सोपा	sopa:3
सोपानदेव	sopandev:3	sopandeo:1
सोपी	sopi:3
सोपे	sope:3
सोपेपणा	sopepana:3
सोप्या	sopya:3
सोफिया	sofiya:3	sophiya:1
सोबत	sobat:3
सोबतच	sobatach:1	sobatachi:1	sobatch:1
सोबती	sobatee:2	sobati:1
सोबतीने	sobateene:1	sobteene:1	sobtine:1
सोमण	soman:3
सोमदेव	somdev:2	somadev:1
सोमनाथ	somnath:3
सोमवंशी	somvanshee:2	somvanshi:1	somwanshi:1
सोमवार	somavar:1	somvar:1	somwar:1
सोमवारी	somavaree:1	somavari:1	somwari:1
सोमालिया	somaliya:3	somalia:2	shomalia:1	shomaliaa:1
सोमेश्वर	someshvar:2	someshwar:2
सोय	soy:3
सोया	sooya:2	soya:2
सोयाबीन	soyabeen:2	soyabin:2	shoyabean:1	shoyabeen:1
सोयाबीनच्या	soyabinchya:2	soyabeanchya:1
सोयी	soyi:3
सोयीची	soyichi:3
सोयीचे	soyiche:3
सोयीनुसार	soyinusar:2	soyinusaar:1
सोयीप्रमाणे	soyeepramane:1	soyipramanay:1	soyipramnae:1
सोयीसाठी	soyeesathee:1	soyisaathi:1	soyisathi:1
सोयीसुविधा	soyisuvidha:2	soyeesuvidha:1
सोरेन	soren:4	sooren:1	soreen:1
सोर्स	source:3	sors:1
सोल	saul:1	shaul:1	shol:1	shola:1
सोलापुरात	solapurat:2	solapuraat:1
सोलापुरातील	solapuratil:2	solapurateel:1
सोलापूर	solapur:3
सोलापूरचे	solapurche:2	solapoorche:1
सोलापूरच्या	solapurchya:2	solapoorchya:1
सोलापूरमध्ये	solapurmadhye:2	solapoormadhye:1
सोलापूरला	solapurla:2	solapoorla:1
सोळंकी	solanki:2	solankee:1
सोळा	sola:3
सोळावा	solava:3
सोळावे	solave:3
सोळाव्या	solavya:3
सोविएत	soviet:2	sooviet:1	soviat:1	soviate:1
सोवियेत	soviat:1	soviet:1	soviyet:1
सोव्हिएट	soviat:1	soviate:1	soviet:1
सोव्हिएत	soviaet:1	soviat:1	soviet:1
सोव्हियत	soviet:2	soviat:1
सोव्हियेत	soviet:2	soviat:1
सोशल	social:3
सोसत	sosat:3
सोसायटी	society:3	societi:1	sociiety:1	soociety:1
सोसायटीचा	societycha:3
सोसायटीची	societychi:3
सोसायटीचे	societyche:3
सोसायटीच्या	societychya:3
सोसायटीतर्फे	societytarfe:3	societytarphe:1	sosayatitarfe:1
सोसायटीने	societyne:2	societine:1	sosayatine:1
सोसायटीला	societyla:3	sosayatila:1
सोसून	sosun:3	sosoon:1
सोहळा	sohala:3
सोहळ्याचा	sohalyacha:3
सोहळ्याचे	sohalyache:4
सोहळ्यात	sohalyat:3	sohalyaat:1	sohlahat:1
सोहळ्यामध्ये	sohalyamadhye:2	sohalyamadhe:1
सौ	sau:3
सौंदर्य	saundary:1	saundarya:1	saundrya:1
सौंदर्यप्रसाधने	saundaryaprasadhane:2	saundryaprasadhne:1
सौंदर्यवादी	saundaryavadi:2	saundryavadi:1
सौंदर्यशास्त्र	saundaryashastra:2	saundryashastra:1
सौंदर्याचा	saundaryacha:1	saundryacha:1	soandaryacha:1
सौंदर्यीकरण	saundaryikaran:2	saudaryekaran:1
सौजन्य	saujanya:2	soajanya:1
सौजन्याची	saujanyachi:2	soajanyachi:1
सौजन्याने	saujanyane:3
सौदागर	saudagar:3
सौदामिनी	saudamini:3
सौदी	saudi:4	saudee:1	saudii:1	shaudee:1
सौभद्र	saubhadra:3
सौभाग्य	saubhagya:3
सौभाग्यवती	saubhagyavati:3
सौम्य	saumya:3
सौर	saur:3
सौरभ	saurabh:3
सौराष्ट्र	saurashtra:3
स्कंद	skand:3
स्कायवॉक	skywalk:3	skayvok:1
स्की	skee:1	ski:1	skii:1	sqee:1
स्कुबा	scuba:3	scooba:2	skuba:2	scaaba:1
स्कूलचा	schoolcha:2	skoolcha:1
स्केटिंग	sketing:3	skating:2	scatin:1	scating:1
स्कॉट	scot:4	scat:1	scatt:1	scott:1
स्कॉटलंड	scotland:4	scatland:1	skataland:1	sketaland:1
स्कॉटलंडमध्ये	scotlandmadhye:3
स्कॉटिश	scateash:1	scateesh:1	scatish:1	scoteas:1
स्कोडा	skoda:3	scoda:2	scooda:1	skooda:1
स्क्रिनिंग	screening:4	screenin:1	scriining:1	skrinin:1
स्क्रिप्ट	script:4	screept:1	scriipt:1	shcreept:1
स्क्रीन	screen:4	scriin:1	shcreen:1	shkreen:1
स्क्रीनवर	screenvar:3
स्क्रू	screw:3
स्क्वेअर	square:3
स्टँडवर	standvar:3
स्टडी	stadi:1	stadii:1	studi:1	study:1
स्टडीज	studies:3
स्टाइल	style:3
स्टाईल	style:3
स्टार	star:5	stara:2	shtaar:1	shtar:1
स्टारबक्स	starbucks:3	starabaksa:1	starabaqsa:1	starbaks:1
स्टालिन	stalin:4	staleen:2	staliin:1	stalina:1
स्टिक	stick:4	stik:2	sticq:1	stiq:1
स्टिकर्स	steakars:1	steakers:1	steaqers:1	stekers:1
स्टीफन	steafun:2	steaphun:2	stephan:2	stifan:2
स्टीफन्स	stefens:1	stephens:1	stifans:1	stiiphans:1
स्टील	steel:4	shteel:1	shtila:1	shtill:1
स्टीव्हन	steven:3
स्टुअर्ट	stuart:4	shtooart:1	shtuart:1	shtuarta:1
स्टुडिओ	studio:4	shtoodieo:1	shtudieo:1	shtudio:1
स्टुडिओत	studiot:3
स्टॅनफर्ड	stanafard:1	stanaphard:1	stanfard:1	stanford:1
स्टॅनफोर्ड	stanford:3
स्टॅलिन	stalin:2	stallin:1
स्टेट	state:3
स्टेट्स	states:3	shtatesh:1	shtetsh:1	shtetsha:1
स्टेडियम	stadium:1	stedeeyam:1	stediam:1	stediiyam:1
स्टेडियमची	stadiumchi:2	stediyamchee:1
स्टेडियमचे	stadiumche:2	stediyamache:1
स्टेनलेस	stainless:4	stenless:2	stainleess:1	steenalees:1
स्टेशन	station:2	steshan:1
स्टेशनकडे	stationkade:2	steshankade:1
स्टेशनरी	stationary:2	stationery:1	steshanaree:1
स्टेशनवर	steshanvar:2	stationvar:1
स्टॉक	staqa:1	stauck:1	stauk:1	stauq:1
स्टॉकहोम	stockholm:2	stokhom:2	stockhome:1
स्टोन	stone:3	ston:1
स्टोरी	story:4	storee:2	stooree:1	stoori:1
स्ट्रगल	struggle:3	stragal:1
स्ट्रीट	street:4	streat:2	stret:1	striit:1
स्ट्रॉस	straass:1	straoss:1	stras:1	straus:1
स्तंभ	stambh:3
स्तंभलेखक	stambhlekhak:2	stambhalekhak:1
स्तंभलेखन	stambhlekhan:2	stambhalekhan:1
स्तंभांच्या	stambhanchya:3
स्तंभाचा	stambhacha:3
स्तन	stan:3
स्तनपान	stanapan:1	stanpaan:1	stanpan:1
स्तनांची	stananchi:2	stananchee:1
स्तनांच्या	stananchya:3
स्तनांना	stananna:3
स्तनाच्या	stanachya:3
स्तर	star:3
स्तरांतून	starantun:2	starantoon:1
स्तरांवर	staranvar:3
स्तराची	starachi:2	starachee:1
स्तरातील	staratil:2	starateel:1
स्तरावर	staravar:3
स्तरावरचा	staravaracha:3
स्तरावरील	staravaril:3	staravareel:1
स्तरावरून	staravarun:2	staravaroon:1
स्तुति	stuti:3
स्तुती	stuti:2	stutee:1
स्तुत्य	stutya:3
स्तोत्र	stotra:4	stotr:1
स्तोत्राचे	stotrache:3
स्तोत्रात	stotrat:2	stotraat:1
स्तोत्रे	stotre:3
स्त्राव	strav:2	straav:1
स्त्रि	stri:3	stree:1
स्त्रिया	streeya:6	striya:4
स्त्रियांकडून	striyankadun:2	streeyankadun:1	striyankadoon:1
स्त्रियांचा	striyancha:3
स्त्रियांची	striyanchi:2	striyanchee:1
स्त्रियांचे	striyanche:3
स्त्रियांच्या	striyanchya:3
स्त्रियांना	streeyanna:2	striyanna:3
स्त्रियांनी	striyanni:3	streeyanni:1
स्त्रियांपेक्षा	striyanpeksha:3
स्त्रियांमध्ये	striyanmadhye:3
स्त्रियांवर	striyanvar:2	striyanwar:1
स्त्रियांसाठी	striyansathi:2	striyansaathi:1
स्त्री	stree:10	stri:3
स्त्रीचा	stricha:3	streecha:1
स्त्रीची	strichi:3	streechi:1
स्त्रीचे	striche:3	streeche:1
स्त्रीच्या	strichya:3	streechya:1
स्त्रीने	strine:2	streene:1
स्त्रीपुरुष	stripurush:2	streepurush:1
स्त्रीबीज	streebeej:1	stribeej:1	stribij:1
स्त्रीमुक्ती	strimukti:2	streemukti:1
स्त्रीयांच्या	striyanchya:3	streeyanchya:1
स्त्रीला	strila:3	streela:1
स्त्रीलाच	strilach:2	streelaach:1
स्त्रीवर	streevar:1	streewar:1	strivar:1
स्त्रीवाद	streevaad:1	streevad:1	streewad:1	strivad:1
स्त्रीवादी	strivadi:3	streevadee:1	streevadi:1
स्त्रीशक्ती	streeshaktee:1	streeshakti:1	strishakti:1
स्त्रीशिक्षण	streeshikshan:2	strishikshan:1
स्त्रीस	strees:2	stris:1
स्त्रोत	strot:3
स्थगित	sthagit:3	sthageet:1
स्थल	sthal:3
स्थलांतर	sthalantar:2	sthalanvar:1
स्थलांतरित	sthalantarit:3
स्थळ	sthal:4
स्थळांची	sthalanchee:2	sthalanchi:1
स्थळांचे	sthalanche:2	sthalache:1
स्थळांना	sthalanna:3
स्थळांपैकी	sthalanpaikee:2	sthalanpaiki:1
स्थळाचा	sthalacha:3
स्थळी	sthali:2	sthalee:1
स्थळे	sthale:3
स्थान	sthan:2	sthaan:1
स्थानक	sthanak:3
स्थानकांच्या	sthankanchya:2	sthanakanchya:1
स्थानकांदरम्यान	sthanakandaramyan:1	sthankandarmyaan:1	sthankandarmyan:1
स्थानकांमध्ये	sthanakanmadhye:1	sthankanmadhe:1	sthankanmadhye:1
स्थानकाच्या	sthankachya:2	sthanakachya:1
स्थानकाजवळ	sthanakajaval:1	sthanakajval:1	sthankajawal:1
स्थानकात	sthanakat:2	sthankat:1
स्थानकातून	stankatun:1	sthanakatoon:1	sthankatoon:1
स्थानकापासून	sthankapasun:2	sthanakapasun:1
स्थानकाला	sthankala:3
स्थानकावर	sthanakavar:1	sthankavar:1	sthankawar:1
स्थानकावरून	sthanakavarun:1	sthankavaroon:1	sthankavarun:1
स्थानके	sthanake:2	sthanke:1
स्थानांची	sthananchi:2	stananchi:1
स्थानांतरित	sthanantarit:2	sthanantrit:1
स्थानांतरीत	sthanantarit:3
स्थानाचा	sthanacha:3
स्थानाची	sthanachi:3
स्थानावर	sthanavar:2	sthanawar:1
स्थानिक	sthanik:3	sthaneek:1
स्थानिकांकडून	sthanikankadun:2	sthanikankadoon:1
स्थानिकांचा	sthanikancha:3
स्थानिकांची	sthanikanchi:3
स्थानिकांच्या	sthanikanchya:3
स्थानिकांना	sthanikanna:2	sthaneekanna:1
स्थानिकांनी	sthanikanni:3
स्थानी	sthani:3
स्थाने	sthane:3
स्थापण्यात	sthapanyat:2	sthapanyaat:1
स्थापत्य	sthapatya:3
स्थापत्यकला	sthapatyakala:3
स्थापन	sthapan:3
स्थापना	sthapana:3
स्थापनेची	sthapanechi:3
स्थापनेचे	sthapaneche:3
स्थापनेत	sthapanet:3
स्थापनेनंतर	sthapanenantar:3
स्थापनेपासून	sthapanepasun:3
स्थापनेपासूनच	sthapanepasunach:3
स्थापनेसाठी	sthapanesathi:2	sthapanesaathi:1
स्थापली	sthapali:3
स्थापले	sthapale:3
स्थापलेल्या	sthapalelya:2	sthaaplelya:1
स्थापित	sthapit:3	sthapeet:1
स्थापून	sthapun:2	sthapoon:1
स्थायिक	sthayik:3
स्थायी	sthayi:3
स्थायीभाव	sthayibhav:2	sthayibhaav:1
स्थावर	sthavar:2	sthawar:1
स्थित	sthit:2	stheet:1
स्थिती	sthiti:2	stheeti:1
स्थितीत	sthitit:2	stheetit:2	stitit:1
स्थितीतच	sthititach:2	stheetitach:1
स्थितीनुसार	sthitinusar:2	stheetinusaar:1
स्थितीला	sthitila:2	stheetila:1
स्थिर	sthir:3	stheer:1
स्थिरस्थावर	sthirasthavar:1	sthirsthavar:1	sthirsthawar:1
स्थिरांक	sthirank:3
स्थिरावला	sthiravala:3
स्थिरावल्या	sthiravalya:3
स्थीर	stheer:2	sthir:2
स्थूल	sthul:3	sthool:2
स्थूलता	sthulata:3
स्थूलपणा	sthulpana:3
स्थैर्य	sthairya:3	sthairy:1
स्नातक	snatak:3
स्नातकोत्तर	snatkottar:2	snatakottar:1
स्नान	snan:3
स्नानगृह	snangruh:2	snangrih:1
स्नानासाठी	snanasathi:2	snanasaathi:1
स्नायु	snayu:3
स्नायू	snayu:3
स्नायूंचा	snayuncha:3
स्नायूंमध्ये	snayunmadhye:3
स्निग्ध	snigdh:2	snigdha:1
स्निग्धांश	snigdhansh:3
स्नूकर	snaaker:1	snaakur:1	snookar:1	snooker:1
स्नेह	sneh:3
स्नेहल	snehal:3
स्नेहसंमेलन	snehsammelan:2	snehsanmelan:1
स्नेहसंमेलनात	snehsammelanat:2	snehsanmelanat:1
स्नेही	snehi:3
स्पंदने	spandane:3
स्पर्धक	spardhak:3
स्पर्धा	spardha:3
स्पर्धांचे	spardhanche:3
स्पर्धांना	spardhanna:3
स्पर्धांमधील	spardhanmadhil:3
स्पर्धांमधून	spardhanmadhun:3
स्पर्धांमध्ये	spardhanmadhye:3
स्पर्धांसाठी	spardhansathi:3
स्पर्धात्मक	spardhatmak:3
स्पर्धेचा	spardhecha:3
स्पर्धेची	spardhechi:2	spardhechee:1
स्पर्धेचे	spardheche:3
स्पर्धेच्या	spardhechya:3
स्पर्धेत	spardhet:3
स्पर्धेतही	spardhetahi:2	spardhetahee:1
स्पर्धेतील	spardhetil:2	spardheteel:1
स्पर्धेमध्ये	spardhemadhye:3
स्पर्धेसाठी	spardhesathi:2	spardhesathee:1
स्पर्श	sparsh:3
स्पर्शाने	sparshane:2	spaeshane:1
स्पर्ष	sparsh:3
स्पष्ट	spasht:2	spashta:1
स्पष्टपणे	spashtpane:2	spashtapane:1
स्पष्टीकरण	spashtikaran:3
स्पीड	spead:1	sped:1	speed:1	spid:1
स्पृश्य	sprushya:2	sprushy:1
स्पृहा	spruha:3
स्पॅनिश	spanish:4	shpanishh:1	shpannishh:1	spanis:1
स्पॅम	spam:4	spaem:1
स्पेक्ट्रम	spectrum:1	speectrum:1	speektram:1	spektram:1
स्पेन	spain:4	shpain:1	shpen:1	shpena:1
स्पेनच्या	spainchya:3
स्पेनमधील	spainmadhil:3
स्पेनमध्ये	spainmadhye:3
स्पेशल	special:3
स्पोर्ट्स	sports:4	spoorts:1
स्प्रिंग	spring:3
स्प्रे	sprai:1	spray:1	spre:1	spree:1
स्प्लिट	split:3
स्फटिक	sphatik:2	sfatik:1
स्फुट	sphut:2	sfut:1
स्फुरण	sphuran:2	sfuran:1
स्फूर्ती	sphurti:2	sfurti:1
स्फूर्तीस्थान	sphurtisthan:2	sfurtisthan:1
स्फोट	sphot:3	sfot:1
स्फोटात	sphotat:2	sfotat:1
स्फोटामुळे	sphotamule:2	sfotamule:1
स्मरण	smaran:3
स्मरणशक्ती	smaranshakti:2	smaranshaktee:1
स्मरणात	smaranat:3
स्मरणाने	smaranane:3
स्मरणार्थ	smaranarth:3
स्मरणिका	smaranika:3
स्मशान	smashan:3
स्मारक	smarak:3
स्मारकाचे	smarakache:3
स्मारकाच्या	smarakachya:3
स्मारकात	smarakat:3
स्मारकासाठी	smarakasathi:2	smarkasaathi:1
स्मारके	smarake:2	smarke:1
स्मार्ट	shmart:1	shmarta:1	smart:1	smarta:1
स्मार्टफोन	smartphone:3
स्मार्टफोनच्या	smartphonechya:3
स्मिता	smita:3
स्मिथ	smith:4	smeath:1	smeeth:1	smeth:1
स्मृति	smruti:3
स्मृतिचित्रे	smrutichitre:3
स्मृतिचिन्ह	smrutichinh:2	smrutichinha:1
स्मृतिदिनानिमित्त	smrutidinanimitt:2	smrutidinanimitta:1
स्मृतिप्रीत्यर्थ	smrutiprityartha:2	smrutiprityarth:1
स्मृतिभ्रंश	smrutibhransh:2	smrutibhransha:1
स्मृती	smruti:3
स्मृतीप्रीत्यर्थ	smrutiprityarth:2	smrutiprityartha:1
स्राव	strav:3
स्रोत	strot:2	srot:1
स्रोतांचा	strotancha:2	srotancha:1
स्लम	slum:3
स्लाइड	slide:3
स्लॅम	slam:4	slaem:1
स्लोवाकिया	sloovakia:1	sloovakiya:1	slovakia:1	slovakiya:1
स्वखर्चाने	swakharchane:2	svakharchane:1
स्वच्छ	swachcha:2	svaccha:1
स्वच्छता	swachchata:2	svacchata:1
स्वच्छतेचा	swachchatecha:3
स्वच्छतेचे	swachchateche:3
स्वच्छतेसाठी	swachchatesathi:3
स्वतंत्र	swatantra:3
स्वतंत्रपणे	swatantrapane:3
स्वतः	swatah:2	swat:1
स्वतःचा	swatahcha:2	swatachi:1
स्वतःची	swatahchi:2	swatachi:1
स्वतःचीच	swatahchich:2	swatachich:1
स्वतःचे	swatahche:2	swatache:1
स्वतःच्या	swatahchya:2	swatachya:1
स्वतःच्याच	swatahchyach:2	swatachyach:1
स्वतःजवळ	swatahjaval:2	swatajaval:1
स्वतःबद्दल	swatahbaddal:2	swatabaddal:1
स्वतःभोवती	swatabhovati:2	swatahbhovati:1
स्वतःमध्ये	swatahmadhye:1	swatamadhe:1	swatamadhye:1
स्वतःला	swatahla:3	swatala:2
स्वतःलाच	swatalach:2	swatahlach:1
स्वतःविषयी	swatavishayi:2	swatahvishayi:1
स्वतःस	swatas:2	swatahs:1
स्वतःसोबत	swatasobat:2	swatahsobat:1
स्वतःही	swatahi:2	swatahhi:1
स्वतःहून	swatahun:2	swatahhun:1
स्वतचा	svatacha:1	swatacha:1	swatahcha:1
स्वदेशी	swadeshi:3
स्वधर्म	svadharm:1	swadharam:1	swadharma:1
स्वप्न	swapna:2	svapna:1
स्वप्नांची	swapnanchi:2	svapnanchi:1
स्वप्नात	svapnat:2	swapnat:1
स्वप्नातील	svapnatil:2	swapnatil:1
स्वप्नाळू	swapnalu:2	svapnalu:1
स्वप्निल	svapnil:2	swapnil:2
स्वप्नील	swapnil:2	svapnil:1
स्वभाव	svabhav:2	swabhav:1
स्वभावाचे	svabhavache:2	swabhavache:1
स्वभावाच्या	svabhavachya:2	swabhavachya:1
स्वयंचलित	svayamchalit:1	svayanchalit:1	swayamchalit:1
स्वयंपाक	svayampak:1	svayanpak:1	swayampak:1
स्वयंपाकघर	svayampakghar:1	svayanpakaghar:1	swayampakghar:1
स्वयंपाकाची	svayampakachi:1	svayanpakachee:1	swayampakachi:1
स्वयंपाकात	svayampakat:1	svayanpakat:1	swayampakat:1
स्वयंपाकी	svayampaki:1	svayanpakee:1	swayampaki:1
स्वयंपूर्ण	svayampurn:1	svayanpoorn:1	swayampurna:1
स्वयंभू	svayambhu:1	svayanbhoo:1	swayambhu:1
स्वयंरोजगार	svayamrojgar:1	svayanrojagar:1	swayamrojgar:1
स्वयंवर	svayamvar:1	svayanvar:1	swayamvar:1
स्वयंसेवक	svayamsevak:1	svayansevak:1	swayamsevak:1
स्वयंसेवकांची	svayamsevakanchi:1	svayansevakanchee:1	swayamsevakanchi:1
स्वयंसेवकांचे	svayamsevakanche:1	svayansevakanche:1	swayamsevakanche:1
स्वयंसेवकांच्या	svayamsevakanchya:1	svayansevakanchya:1	swayamsevakanchya:1
स्वयंसेविका	svayamsevika:1	svayansevika:1	swayamsevika:1
स्वयंसेवी	svayamsevi:1	svayansevee:1	swayamsevi:1
स्वर	swar:2	svar:1
स्वरगंगेच्या	svaragangechya:1	swaragangechya:1	swargangechya:1
स्वरचित	svarachit:1	swacharit:1	swarchit:1
स्वरबद्ध	svarabaddh:1	swarabaddha:1	swarbaddh:1
स्वरभास्कर	svarabhaskar:1	swarabhaskar:1	swarbhaskar:1
स्वरांची	svaranchee:1	swaranchee:1	swaranchi:1
स्वराच्या	swarachya:2	svarachya:1
स्वराज	swaraj:4	shvaraja:1	shwaraj:1	svaraj:1
स्वराज्य	swarajya:2	svarajya:1
स्वराज्याची	swarajyachi:2	swarajyachee:1
स्वराज्याचे	swarajyache:2	svarajyache:1
स्वराज्याच्या	swarajyachya:2	svarajyachya:1
स्वराज्यात	swarajyat:2	svarajyat:1
स्वराज्यावर	svarajyavar:2	swarajyavar:1
स्वरानंद	svaranand:2	swaranand:1
स्वरुप	svarup:2	swarup:1
स्वरुपात	swarupat:3	svarupat:2
स्वरूप	swaroop:4	svarup:2	swarup:1
स्वरूपा	svarupa:2	swarupa:1
स्वरूपाचा	svarupacha:2	swarupacha:1
स्वरूपाची	svarupachee:1	svarupachi:1	swarupachi:1
स्वरूपाचे	svarupache:2	swarupache:1
स्वरूपाच्या	swarupachya:2	svarupachya:2
स्वरूपात	swarupat:4	svarupat:2
स्वरूपातले	svarupatale:2	swarupatale:1
स्वरूपातही	svarupatahee:1	svarupatahi:1	swarupatahi:1
स्वरूपातील	svarupateel:1	svarupatil:1	swarupateel:1
स्वरूपावर	svarupavar:2	swarupavar:1
स्वरूपे	svarupe:2	swarupe:1
स्वर्ग	swarg:2	svarg:1
स्वर्गाचे	svargache:1	swargache:1	swargahe:1
स्वर्गात	svargat:2	swargat:1
स्वर्गातील	svargateel:1	svargatil:1	swargatil:1
स्वर्गीय	svargeey:1	svargiy:1	swargiya:1
स्वस्त	svast:2	swast:1
स्वस्तिक	svastik:3	swastik:2	svasteak:1	svasteek:1
स्वस्थ	svasth:1	swasth:1	swastha:1
स्वाक्षरी	svaksharee:1	swaksharee:1	swakshari:1
स्वाक्षऱ्या	svaksharya:1	swaksharya:1	swakshrya:1
स्वागत	swagat:2	svagat:1
स्वागताध्यक्ष	svagatadhyaksh:1	swagatadhyaksha:1	swagatadyaksh:1
स्वागताला	swagatala:2	svagatala:1
स्वातंत्र्य	swatantrya:2	svatantrya:1
स्वातंत्र्यपूर्व	svatantryapoorva:1	swatantryapoorv:1	swatantryapurva:1
स्वातंत्र्यलढा	swatantryaladha:2	svatantryaladha:1
स्वातंत्र्यलढ्याचे	swatantryaladhyache:2	svatantryaladhyache:1
स्वातंत्र्यलढ्यात	swatantryaladhyat:3	svatantryaladhyat:2
स्वातंत्र्यलढ्यातील	svatantryaladhyateel:1	swatantryaladhyateel:1	swatantryaladhyatil:1
स्वातंत्र्यवीर	svatantryaveer:1	svatantryavir:1	swatantryaveer:1
स्वातंत्र्यसेनानी	svatantryasenanee:1	svatantryasenani:1	swatantryasenani:1
स्वातंत्र्यसैनिक	svatantryasainik:2	swatantryasainik:1
स्वातंत्र्याचा	svatantryacha:2	swatantryacha:1
स्वातंत्र्याची	svatantryachee:1	svatantryachi:1	swatantryachi:1
स्वातंत्र्याच्या	swatantryachya:2	svatantryachya:1
स्वातंत्र्यानंतर	swatantryanantar:2	svatantryanantar:1
स्वातंत्र्यानंतरही	svatantryanantarhi:1	swatantryanantarahi:1	swatantryanantarhi:1
स्वातंत्र्यासाठी	swatantryasathi:2	svatantryasathi:1	swatantrasathi:1
स्वातंत्र्योत्तर	svatantryottar:1	swatanryottar:1	swatantryottar:1
स्वाती	swati:2	svati:1
स्वाद	swad:2	svad:1
स्वादिष्ट	svadisht:1	swadisht:1	swadishta:1
स्वादुपिंडाच्या	swadupindachya:2	svadupindachya:1
स्वाधीन	swadhin:2	svadhin:1
स्वाध्याय	swadhyay:2	svadhyay:1
स्वाभाविक	swabhavik:2	svabhavik:1
स्वाभाविकच	swabhavikach:2	svabhavikach:1
स्वाभाविकपणे	swabhavikpane:2	svabhavikapane:1
स्वाभिमान	swabhiman:2	svabhiman:1
स्वाभिमानी	swabhimani:2	svabhimani:1
स्वामित्व	swamitva:2	svamitv:1
स्वामी	swami:3	svami:2	shvami:1	shwamee:1
स्वामींचे	swaminche:2	svaminche:1
स्वामींच्या	svaminchya:1	swamichya:1	swaminchya:1
स्वामींना	swaminna:2	svaminna:1
स्वामींनी	svaminni:1	swamini:1	swaminni:1
स्वामीजींच्या	swamijinchya:2	swameejeenchya:1
स्वायत्त	swayatt:2	swayatta:1
स्वायत्तता	swayattata:3
स्वार	swar:2	swaar:1
स्वारस्य	swarasya:3
स्वारी	swari:2	swaree:1
स्वारीचा	swaricha:2	swareecha:1
स्वारीच्या	swarichya:2	swareechya:1
स्वारीत	swarit:2	swareet:1
स्वारीवर	svarivar:1	swareevar:1	swarivar:1
स्वार्थ	swarth:2	svarth:1
स्वार्थासाठी	svarthasaathi:1	swarthasathee:1	swarthasathi:1
स्वार्थी	svarthi:1	swarthee:1	swarthi:1
स्वार्थीपणा	svarthipana:1	swartheepana:1	swarthipana:1
स्वाऱ्या	swarya:2	svarya:1
स्वावलंबी	svavalambi:1	swavalambee:1	swavalambi:1
स्वास्थ्य	svasthya:1	swasth:1	swasthya:1
स्वाहिली	svahiilii:1	svahilee:1	svahili:1	swahiilee:1
स्विंग	sveeng:1	svin:1	sving:1	sweeng:1
स्विकारल्यानंतर	swikaralyanantar:2	swikarlyanantar:1
स्विकारावा	swikarava:3
स्वित्झर्लंड	switzerland:4	svitjarland:1	svitzarland:1	svitzerland:1
स्वित्झर्लंडची	switzerlandchi:3
स्वित्झर्लंडच्या	switzerlandchya:3
स्वित्झर्लंडमधील	switzerlandmadhil:2	swizerlandmadhil:1
स्वित्झर्लंडमध्ये	switzerlandmadhye:3
स्वित्झर्लंडला	switzerlandla:3
स्विफ्ट	swift:4	shveeft:1	shviphta:1	shweaft:1
स्विस	swiss:3	shvish:1	shvisha:1	shvishsh:1
स्वीकार	sweekar:2	swikar:2
स्वीकारणे	swikarane:2	swikarne:1
स्वीकारण्याच्या	swikaranyachya:2	swikarnyachya:1
स्वीकारण्यात	swikaranyat:2	swikarnyat:1
स्वीकारण्यास	swikarnyas:2	swikaranyas:1
स्वीकारला	sweekarla:3	swikarala:2	swikarla:1
स्वीकारली	swikarali:2	swikarli:1
स्वीकारले	swikarale:2	swikarle:1
स्वीकारलेले	swikaralele:2	swikarlele:1
स्वीकारलेल्या	swikaralelya:2	swikarlelya:1
स्वीकारल्यावर	swikaralyavar:2	swikarlyavar:1
स्वीकारायचा	swikaraycha:2	swikaraychi:1
स्वीकारावे	swikarave:3
स्वीकारून	swikarun:3	swikaroon:1
स्वीकृती	swikruti:3
स्वीडन	sweden:4	shvidana:1	shweden:1	shweedan:1
स्वीडनच्या	swedenchya:3
स्वीडिश	swedish:4	shvidishh:1	shwaydishh:1	shwedeeshh:1
स्वीप	shveep:1	shvipa:1	shweap:1	shweep:1
स्वेच्छेने	swechchene:2	swechchhene:1
स्वैर	swair:3
हँडसेट	handset:4	handaseet:1	handaset:1	handseet:1
हंगल	hangal:3
हंगाम	hangam:3
हंगामात	hangamat:2	hungamaat:1
हंगामासाठी	hangamasathee:1	hangamasathi:1	hungamasaathi:1
हंगामी	hangamee:1	hangami:1	hungami:1
हंगेरियन	hangerian:1	hangeriyan:1	hungarian:1
हंगेरी	hungary:2	hangari:1	hangeeri:1	hangeree:1
हंटर	hantar:1	hantara:1	hanter:1	huntar:1
हंडा	handa:3
हंडीत	handeet:2	handit:1
हंपी	hampi:1	hampy:1	hanpee:1	humpee:1
हंबीरराव	hambirrao:2	hanbeerav:1
हंस	hans:4	huns:1
हंसराज	hansraj:3
हकालपट्टी	hakalpatti:2	hakaalpatti:1
हकीकत	hakeekat:1	hakikat:1	hankikat:1	haqeeqat:1
हकीकती	hakikati:2	hakeekati:1	haqeekati:1
हकीगत	hakigat:2	hakeegat:1
हक्क	hakka:5	hakk:3
हक्कांची	hakkanchi:3	hakkanchee:1
हक्कांचे	hakkanche:3
हक्कांबाबत	hakkanbabat:3
हक्कांसाठी	hakkansathi:2	hakkansathee:1
हक्काचा	hakkacha:3
हक्कावर	hakkavar:3
हज	haj:3
हजर	hajar:3
हजरत	hajarat:3
हजार	hajar:2	hazar:1
हजारांच्या	hajaranchya:2	hajaranchhya:1
हजारांपेक्षा	hajaranpeksha:3
हजारांहून	hajaranhoon:2	hajaranhun:2
हजाराच्या	hajarachya:3
हजारापर्यंत	hajaraparyant:3
हजारावर	hajaravar:3
हजाराहून	hajarahoon:2	hajarahun:2
हजारिका	hajarika:3
हजारी	hajari:2	hajaree:1
हजारे	hajare:3
हजारो	hajaro:3
हजारोंच्या	hajaronchya:3
हजेरी	hajeri:2	hajeree:1
हटकर	hatkar:2	hatakar:1
हटकून	hatakoon:1	hatakun:1	hatkun:1
हटत	hatat:3
हटविण्यात	hatavinyat:3
हट्ट	hatt:3
हट्टंगडी	hattangadi:2	hattangadee:1
हट्टी	hattee:2	hatti:1
हडप	hadap:3
हडपसर	hadapasar:2	hadapsar:1
हडप्पा	hadappa:3
हडसर	hadasar:2	hadsar:1
हणमंत	hanamant:2	hanmant:1
हत्ती	hatti:4	hattee:2
हत्तींच्या	hatteenchya:2	hattinchya:2
हत्तीच्या	hatteechya:2	hattichya:2
हत्तीरोग	hatteerog:2	hattirog:2
हत्तीवर	hatteevar:1	hatteewar:1	hattivar:1	hattiwar:1
हत्या	hatya:3
हत्याकांड	hatyakand:2	hatyakaand:1
हत्यारांचा	hatyarancha:3
हत्यारे	hatyare:3
हत्येचा	hatyecha:3
हत्येचे	hatyeche:3
हत्येनंतर	hatyenantar:2	hatyenantae:1
हद्दपार	haddapar:2	haddpar:1
हद्दीत	haddit:2	haddeet:1
हनिमून	honeymoon:3	haneymaan:1	hanimoon:1	hanimun:1
हनुमंत	hanumant:3
हनुमंताचे	hanumantache:3
हनुमान	hanuman:4	hanoomaan:1	hanumaan:1	hanumana:1
हनुमाननगर	hanumannagar:2	hanumananagar:1
हनुमानाची	hanumanachi:2	hanumanachee:1
हनुमानाला	hanumanala:2	humanala:1
हबल	habal:3
हमखास	hamkhas:2	humkhas:1
हमी	hami:2	hamee:1
हमीद	hamid:3	hameed:2	hamida:1	hamiid:1
हया	hya:2	haya:1
हयात	hyat:2	hayat:2	hayata:2	hayeta:2
हयातीत	hayatit:2	hayateet:1
हर	har:4	her:1
हरकत	harkat:2	harakat:1
हरण	haran:3
हरणांचे	harananche:2	harnanche:1
हरणांच्या	harananchya:2	harnanchya:1
हरणाच्या	haranachya:2	harnachya:1
हरणे	harane:2	harne:1
हरदास	hardas:2	haradas:1
हरभजन	harbhajan:2	harabhajan:1
हरभरा	harbhara:2	harabhara:1
हरभरे	harbhare:2	harabhare:1
हरयाणा	harayana:2	haryana:1
हरले	harale:2	harle:1
हरवले	haravale:3
हरवलेल्या	haravalelya:3
हरवून	haravun:1	harvoon:1	harvun:1
हरि	hari:3
हरिचे	hariche:3
हरिजन	harijan:3
हरित	harit:3
हरितगृह	haritgruh:3
हरितालिका	haritalika:3
हरिदास	haridas:3
हरिद्वार	haridwar:3	haridvar:2	haridvaar:1	haridvara:1
हरिनाम	harinam:3
हरिप्रसाद	hariprasad:3
हरिभाऊ	haribhau:2	harebhau:1
हरियाणा	hariyana:3	hariyaanaa:1	hariyna:1	haryana:1
हरिश्चंद्र	harishchandra:3
हरिहर	harihar:3
हरिहरेश्वर	harihareshwar:2	harihareshvar:1
हरी	hari:3	haree:1	harii:1	hary:1
हरीभाऊ	haribhau:2	hareebhau:1
हरून	harun:3	haroon:1
हरे	hare:1	haree:1	hareey:1	harei:1
हर्डीकर	hardikar:3
हर्बर्ट	herbert:3	harbart:2	harburt:1	herburt:1
हर्बल	herbal:3	harbal:2	harbel:1	hurble:1
हर्षवर्धन	harshvardhan:3
हलका	halaka:3
हलकी	halaki:2	halki:1
हलके	halake:2	halke:1
हलकेच	halakech:2	halkech:1
हलकेफुलके	halkefulke:2	halakefulake:1
हलक्या	halakya:2	halkya:1
हलते	halate:2	halte:1
हलला	halala:3
हलवण्यात	halavanyat:2	halavnyat:1
हलवाई	halwai:2	halavai:1	halawai:1	halvai:1
हलविण्याचे	halavinyache:2	halvinyache:1
हलविण्यात	halavinyat:2	halvinyat:1
हलाखीची	halakhichi:3
हलाखीत	halakhit:3
हलाहल	halahal:3
हल्ला	halla:3
हल्ली	halli:3
हल्लीच्या	hallichya:3
हल्ले	halle:4	hale:1	hallee:1
हल्लेखोर	hallekhor:2	hallekhora:1
हल्लेखोरांनी	hallekhoranni:3
हल्लेही	hallehi:3
हल्ल्याची	hallyachi:3
हल्ल्याच्या	hallyachya:3
हल्ल्यात	hallyat:3
हल्ल्यातील	hallyatil:3
हल्ल्यातून	hallyatun:2	hallyatoon:1
हल्ल्यानंतर	hallyanantar:3
हल्ल्यापासून	hallyapasun:2	hallyapasoon:1
हल्ल्यामुळे	hallyamule:3
हल्ल्याला	hallyala:3
हल्ल्यास	hallyas:3
हळदी	haldi:2	haladi:1
हळदीचा	haldicha:2	haladicha:1
हळदीच्या	haldichya:2	haladichya:1
हळदीने	haldine:2	haladine:1
हळुवार	haluvar:2	haluvaar:1
हळू	halu:3	haloo:1
हळूच	haluch:3	halooch:1
हळूहळू	haluhalu:3	haloohaloo:1
हवा	hava:3	hawa:1
हवाई	hawai:5	havai:4	havaee:1	hawaee:1
हवामान	havaman:3	hawaman:1
हवामानशास्त्र	havamanshastr:2	havamanshastra:2	hawamanshastra:1
हवामानाचा	havamanacha:3	hawamanacha:1
हवामानात	havamanat:3	hawamanat:1
हवामानातील	havamanatil:3	hawamanatil:1
हवामानामुळे	havamanamule:3
हवाली	havali:3
हवी	havi:3
हवीहवीशी	havihavishi:3
हवे	have:3
हवेच	havech:3
हवेचा	havecha:3
हवेची	havechi:3
हवेचे	haveche:3
हवेच्या	havechya:3
हवेत	havet:3
हवेतील	havetil:3
हवेली	haveli:4	haveeli:1	havelee:1	havelii:1
हव्या	havya:3
हव्यात	havyat:3
हव्यास	havyas:3
हसण्याच्या	hasanyachya:2	hasnyachya:1
हसत	hasat:3
हसतमुख	hasatmukh:3
हसतात	hasatat:2	hastat:1
हसतो	hasato:2	hasto:1
हसन	hasan:5	hasana:1	hashan:1	hashana:1
हसनने	hasanane:2	hasanne:1
हसरे	hasare:3
हसला	hasala:3
हसा	hasa:3
हस्त	hast:3
हस्तकला	hastkala:3
हस्तक्षेप	hastkshep:2	hastakshep:1
हस्तगत	hastagat:2	hastgat:1
हस्तमैथुन	hastamaithun:2	hastmaithun:1
हस्तलिखित	hastalikhit:3
हस्तलिखिते	hastalikhite:2	hastlikhite:1
हस्तांतरण	hastantaran:3
हस्तांतरित	hastantarit:3
हस्ताक्षर	hastakshar:3
हस्ताने	hastane:3
हस्ते	haste:3
हा	ha:3
हाँग	hang:1	hanga:1	haung:1	hong:1
हाँगकाँग	hongkong:3
हां	han:3
हांडे	hande:3
हाऊ	hau:2	how:1
हाऊस	house:3	haaus:1
हाऊसचा	housecha:2	hausacha:1
हाऊसचे	houseche:2	hausache:1
हाऊसच्या	housechya:2	hausachya:1
हाऊसमध्ये	housemadhye:2	hausamadhye:1
हाक	hak:2	haak:1
हाकलले	hakalale:2	haaklale:1
हाकलून	haaklun:1	hakaloon:1	hakalun:1
हाकारे	hakare:3
हाकेला	hakela:3
हाच	hach:3
हाजी	haji:3	hajee:2	hajii:1	hazee:1
हाड	had:3
हाडांचा	hadancha:3
हाडाचा	hadacha:3
हाडे	hade:3
हाणामारी	hanamari:2	hanamaree:1
हात	haat:5	hat:3
हातखंडा	hatkhanda:3
हातगाड्या	hatgadya:3
हातपाय	hatpay:3	hatapay:1
हातभार	hatbhar:3	hatabhar:1
हातमागावर	hatmagavar:2	hatamagavar:1
हातमिळवणी	hatmilavani:2	hatamilavani:1	hatmilavanee:1
हातमोजे	hatmoje:3	hatamoje:1
हातवारे	hatvare:2	haatware:1	hatavare:1
हातांचे	hatanche:2	haatanche:1
हातांनी	hatanni:2	haatanni:1
हाताखाली	hatakhali:2	haatakhaali:1
हाताचा	hatacha:2	haatacha:1
हाताची	hatachi:2	haatachee:1	haatachi:1
हाताच्या	hatachya:2	haatachya:1
हातात	hatat:2	haatat:1
हातातील	hatatil:2	haatateel:1	hatateel:1
हातातून	hatatun:2	haatatun:1	hatatoon:1
हाताने	hatane:2	haatane:1
हातानेच	hatanech:2	haatanech:1
हाताला	hatala:3
हाताळणी	hatalanee:1	hatalani:1	hatalni:1
हाताळण्याचे	hatalnyache:2	hatalanyache:1
हाताळण्यास	hatalnyaas:1	hatalnyas:1	hatlanyas:1
हाताळण्यासाठी	hatalnyasaathi:1	hatalnyasathee:1	hatalnyasathi:1
हाताळता	hatalata:2	hatalta:1
हाताळतात	hataltat:2	hatalatat:1
हाताळताना	hatalatana:1	hataltana:1	hatlatana:1
हाताळला	hatalala:3
हाताळले	hatalale:3
हाताळल्या	hatalalya:2	hatallya:1
हातावर	hatavar:3
हातास	hatas:3
हाती	hati:2	hatee:1
हातून	hatoon:2	hatun:2
हाते	hate:3
हातोटी	hatoti:2	hatotee:1
हातोडा	hatoda:3
हातोहात	hatohat:3
हादरवून	hadaravoon:2	hadaravun:1	hadarvun:1
हादरे	hadare:2	hadre:1
हाना	haana:1	hana:1	hanaa:1
हानिकारक	hanikarak:3
हानी	hanee:2	hani:2
हानीकारक	haneekarak:2	hanikarak:2
हापूस	hapoos:2	hapus:2
हाफकिन	hafkin:2	haffkine:1	haphkin:1
हाफीज	hafeej:1	hafij:1	hafijh:1	hafiz:1
हायकोर्टाने	highcourtane:2	highkortane:1
हायड्रोजन	hydrogen:3
हायस्कूल	highschool:3
हायस्कूलमध्ये	highschoolmadhye:3
हार	haar:3	har:1
हार्ट	hart:3	heart:3	harta:2	hert:1
हार्ड	haard:1	hard:1	harda:1
हार्दिक	hardik:3
हार्बर	harbar:2	harbara:2	harbaur:2	haarbar:1
हार्मोन	hormone:2	harmon:1
हार्मोनियम	harmonium:3	harmoniyam:1	harmoniyama:1	harmoonium:1
हार्मोनियमवर	harmoniumvar:2	harmoniyamvar:1
हार्वर्ड	harvard:4	harvarda:1	harward:1	harwarda:1
हाल	hal:3	haal:1
हालचाल	halchal:2	haalchaal:1
हालचाली	halchali:2	halchalee:1
हालचालींचा	halchalincha:2	halchaleencha:1
हालचालींमध्ये	halchalinmadhye:2	halchaleenmadhye:1
हालचालींवर	halchalinvar:2	halchaleenvar:1
हालहाल	halhal:3
हालाखीची	halakhichi:2	halakheechee:1
हावडा	havda:2	howrah:1
हास	has:4	hasa:1
हासन	hasan:3
हास्य	hasya:2	hasy:1
हाही	hahee:2	hahi:1
हि	hi:3
हिंगोली	hingolee:2	hingoli:1
हिंजवडी	hinjavadee:2	hinjawadi:1	hinjewadi:1
हिंद	hind:4	hynd:1
हिंदवी	hindavi:2	hindvi:1
हिंदी	hindi:4	hiindee:1	hiindii:1	hindee:1
हिंदीत	hindit:2	hindeet:1
हिंदीतील	hinditil:2	hinditeel:1
हिंदीमध्ये	hindimadhye:3
हिंदु	hindu:4
हिंदुत्व	hindutva:3	hindutv:1	hindutwa:1
हिंदुत्वनिष्ठ	hindutvanishtha:2	hindutvanishth:1
हिंदुत्ववादी	hindutvavadi:2	hindutvavadee:1
हिंदुत्वाच्या	hindutvachya:2	hiandutvachy:1
हिंदुस्तान	hindustan:3
हिंदुस्तानी	hindustani:2	hindustanee:1
हिंदुस्थान	hindusthan:4	hindustan:1	hindusthana:1
हिंदुस्थानचे	hindusthanche:2	hindusthanache:1
हिंदुस्थानच्या	hindusthanchya:2	hindusthanachya:1
हिंदुस्थानात	hindusthanat:3
हिंदुस्थानातील	hindusthanateel:2	hindusthanatil:1
हिंदुस्थानी	hindusthani:3	hiindustanii:1	hiindusthanii:1	hindustani:1
हिंदू	hindu:3	hindoo:2	hinduu:1
हिंदूंकडून	hindoonkadoon:1	hindunkadoon:1	hindunkadun:1
हिंदूंचे	hindunche:2	hindoonche:1
हिंदूंच्या	hindoonchya:1	hinduchya:1	hindunchya:1
हिंदूंना	hindunna:2	hindoonna:1
हिंदूंनी	hindoonnee:1	hindunnee:1	hindunni:1
हिंदूंसाठी	hindoonsathee:1	hindunsaathi:1	hindunsathi:1
हिंदूच्या	hinduchya:2	hindoochya:1
हिंदूना	hinduna:2	hindoona:1
हिंमतराव	himmatrao:1	himmatrav:1	hinmatarav:1
हिंसक	hinsak:3
हिंसा	hinsa:3
हिंसाचार	hinsachar:3
हिंसाचाराचा	hinsacharacha:3
हिंसाचाराची	hinsacharachi:2	hinsacharachee:1
हिंसाचाराच्या	hinsacharachya:3
हिकमतीने	hikamatine:2	hikamateene:1
हिचा	hicha:3
हिची	hichee:2	hichi:1
हिचे	hiche:3
हिच्या	hichya:3
हिच्याकडे	hichyakade:3
हिच्यात	hichyat:3
हिच्यावर	hichyavar:2	hichyavr:1
हिच्याशी	hichyashi:2	hichyashee:1
हिच्यासह	hichyasah:3
हिजडा	hijada:3
हिजडे	hijade:3
हिट	hit:4	heat:3	heet:1	het:1
हिटलर	hitler:2	heatlar:1	heatler:1	heetlar:1
हिटलरची	hitlerchi:2	hitalarachee:1
हिटलरच्या	hitlerchya:2	hitalarachya:1
हिटलरने	hitlerne:2	hitalarane:1
हिटलरला	hitlerla:2	hitalarala:1
हित	hit:4
हितचिंतक	hitchintak:3
हितसंबंध	hitasanbandh:1	hitsabandh:1	hitsambandh:1
हिताचे	hitache:3
हितासाठी	hitasathi:2	hitasathee:1
हिदू	hidoo:1	hidu:1	hindu:1
हिना	hina:4	heena:1	hiina:1
हिने	hine:3
हिन्दी	hindi:2	hindee:1
हिन्दू	hindu:2	hindoo:1
हिब्रू	hibru:3	hibroo:1
हिम	him:3
हिमतीने	himatine:2	himteene:1	himtine:1
हिमनग	himnag:2	himanag:1
हिमवर्षाव	himvarshav:2	himavarshav:1
हिमवृष्टी	himavrushti:1	himvrasti:1	himvrushti:1
हिमशिखरे	himshikhare:2	himashikhare:1
हिमाचल	himachal:3
हिमालय	himalaya:4	himalay:3	heemalay:1	hiimalaii:1
हिमालयाचा	himalayacha:3
हिमालयाची	himalayachi:3
हिमालयाचे	himalayache:3
हिमालयाच्या	himalayachya:3
हिमालयात	himalayat:2	himalayaat:1
हिमालयातल्या	himalayatalya:2	himalayatlya:1
हिमालयातील	himalayatil:2	himalayateel:1
हिमालयातून	himalayatun:2	himalayatoon:1
हिमालयाला	himalayala:3
हिमालयीन	himalayin:3
हिमोग्लोबिन	haemoglobin:2	hemoglobin:1
हिम्मत	himmat:3
हिरकणी	hirakanee:1	hirkanee:1	hirkani:1
हिरडा	hirada:3
हिरवट	hiravat:3
हिरवा	hirava:3
हिरवी	hiravee:2	hiravi:1
हिरवीगार	hiraveegar:2	hiravigar:1
हिरवे	hirave:3
हिरवेगार	hiravegar:3
हिरव्या	hiravya:3
हिरव्यागार	hiravyagar:3
हिरा	hira:3
हिराचंद	hirachand:3
हिराणी	hiranee:2	hirani:1
हिरानंदानी	hiranandanee:2	hiranandani:1
हिराबाई	hirabai:3
हिराबाग	hirabag:2	hirabagh:1
हिरामण	hiraman:3
हिरावून	hiravoon:2	hiravun:1
हिरे	hire:2	heere:1	hirey:1
हिरोशिमा	hiroshima:4	hirooshima:1	hiroshhima:1	hirosima:1
हिल	hiil:1	hil:1	hill:1
हिलरी	hiilarii:2	hiilary:2	hilari:2	hilary:2
हिला	hila:3
हिली	hili:2	heali:1	healy:1	heeli:1
हिल्टन	hilltan:1	hillton:1	hiltan:1	hilton:1
हिल्स	heals:1	healsh:1	hels:1	hills:1
हिवरा	hivara:3
हिवाळा	hivala:3
हिवाळी	hivalee:2	hivali:1
हिवाळे	hivale:3
हिवाळ्याच्या	hivalyachya:3
हिवाळ्यात	hivalyat:2	hivalyaat:1
हिवाळ्यातील	hivalyatil:2	hivalyateel:1
हिशेब	hisheb:3
हिशोब	hishob:3
हिसका	hiska:2	hisaka:1
हिसार	heesar:1	hiisar:1	hisar:1	hisara:1
हिस्टरी	history:2	hiistarii:1	hiistory:1	histari:1
हिस्ट्री	history:3	histree:1
हिस्सा	hissa:3
हिस्सार	hissar:3
ही	hi:170	hee:2	he:1
हीच	heech:2	hich:1
हीचा	heecha:2	hicha:1
हीची	heechee:1	heechi:1	hichi:1
हीटर	heatar:1	heater:1	heetar:1	heeter:1
हीत	heet:2	hit:1
हीन	heen:3	hin:1
हीने	heeinee:1	heiine:1	heine:1	hiine:1
हीरक	heerak:2	hirak:1
हीरो	hero:2	heero:1	hiro:1
हीस	his:3	hees:1
हीसुद्धा	hisuddha:2	heesuddha:1
हुंडा	hunda:3
हुंदका	hundaka:3
हुक	huk:3	hook:2	haak:1	hooq:1
हुकमी	hukami:2	hukmi:1
हुकुम	hukum:2	hukoom:1
हुकुमशहा	hukoomshah:1	hukumshah:1	hukumshaha:1
हुकुमशाही	hukumshahi:3
हुकुमावरून	hukumavarun:2	hukoomavaroon:1	hukumavaroon:1
हुकूम	hukoom:2	hukum:2
हुकूमशाही	hukoomshahi:2	hukumshahi:2
हुडकून	hudakoon:2	hudakun:1
हुतात्मा	hutatma:3
हुतात्मे	hutatme:3
हुतात्म्यांचे	hutatmyanche:3
हुतात्म्यांना	hutatmyanna:3
हुद्द्यावर	huddyavar:2	huddyavr:1
हुबळी	hubali:2	hubli:2	haabdi:1	haabli:1
हुबेहुब	hubehub:3
हुबेहूब	hubehoob:2	hubehub:1
हुशार	hushar:3
हुशारी	hushari:2	husharee:1
हुशारीने	husharine:2	hushareene:1
हुषार	hushar:3
हुसकावून	huskavun:2	husakavoon:1
हुसेन	husen:6	huseen:3	husain:2	huseena:1
हुसेनने	husenane:2	husainne:1
हुसैन	husain:1	husaun:1	hussain:1
हूक्स	hooks:1	hooqs:1	huks:1	huqs:1
हून	hun:2	hoon:1
हूर	hoor:3	hur:3	haar:1	huur:1
हूल	hool:2	hul:2
हूवर	hoovar:1	hoover:1	hoowar:1	hoower:1
हृतिक	hratik:1	hritik:1	hrutik:1
हृदय	hradya:2	hruday:2
हृदयंगम	hrudayangam:2	hradyangam:1
हृदयनाथ	hradyanaath:1	hrudayanath:1	hrudaynath:1
हृदयरोग	hradyarog:1	hrudayarog:1	hrudayrog:1
हृदयविकार	hrudayavikar:2	hradyavikaar:1
हृदयविकाराचा	hrudayavikaracha:2	hradyavikaaracha:1
हृदयाच्या	hrudayachya:2	hridayachya:1
हृदयात	hrudayat:2	hridayat:1
हृदयावर	hrudayavar:3
हृदयासाठी	hrudayasathee:2	hrudayasathi:1
हृषिकेश	hrishikesh:1	hrusheekesh:1	hrushikesh:1
हॅपी	happy:4	hapee:1	hapi:1	hapii:1
हॅमिल्टन	hamilton:4	hamiltan:2
हॅराल्ड	harald:1	haralda:1	harold:1	hyarald:1
हॅरिसन	harisan:1	harison:1	harrisan:1	harrison:1
हॅरी	harry:3	hari:2	haiiree:1	haiirii:1
हॅले	hale:2	halee:2	haileey:1	hailei:1
हे	he:4	hey:2	hay:1	hei:1
हेअर	haiar:1	haieer:1	haier:1	hair:1
हेक्टर	hector:3	hectar:2	haictar:1	haictor:1
हेगडे	hegde:2	hegade:1
हेच	hech:4
हेड	haid:1	head:1	hed:1	heead:1
हेडगेवार	headgewar:1	hedgevar:1	hedgewar:1
हेडमास्तर	headmaster:2	headmastar:1
हेतु	hetu:3	hetoo:1
हेतुने	hetune:3	hetoone:1
हेतू	hetu:3
हेतूने	hetune:3
हेदेखील	hedekhil:2	hedekheel:1
हेन्री	henry:3	haiinrii:1	hainri:1	heenree:1
हेन्स	heens:2	hens:2	hainees:1	haines:1
हेमंत	hemant:3
हेमा	hema:4	heyma:1
हेमाडपंथी	hemadpanthi:3
हेर	her:3
हेरंब	heramb:3
हेरले	herale:2	herle:1
हेरात	herat:3
हेराल्ड	harald:1	haralda:1	heerald:1	heeralda:1
हेरून	heroon:2	herun:2
हेलकावे	helkave:3
हेलन	helan:4	heelan:1	heeleen:1	heeylan:1
हेलसिंकी	helsinki:3	helsinkee:2	heelasinki:1	heelsinkee:1
हेलिकॉप्टर	helicopter:4	heelicopteer:1	heelikaptara:1	heellicopteer:1
हेलियम	heelium:1	heeliyam:1	helium:1	heliyam:1
हेलेना	heeleena:1	heeyleena:1	helena:1	heylena:1
हेल्थ	health:3	helth:1
हेवन	heaven:3	hevan:2	haven:1	heawen:1
हेस	haees:1	haes:1	haesh:1	haiees:1
हेसुद्धा	hesuddha:3
हेही	hehi:2	hehee:1
है	hai:1	haii:1	hay:1	he:1
हैती	haiitii:1	haiti:1	haytee:1	hayti:1
हैदर	haidar:2	hyder:1
हैदराबाद	hyderabad:3	haidarabada:1	haidrabaad:1	haidrabad:1
हैदराबादच्या	hyderabadchya:2	haidrabadchya:1
हैदराबादला	hyderabadla:2	haidrabadla:1
हैद्राबाद	hydrabad:2	hyderabad:1
हैद्राबादमध्ये	hydrabadmadhye:2	hyderabadmadhye:1
हैराण	hairan:3
हॉकी	hockey:2	hokey:2	hackey:1	haki:1
हॉग	hag:1	hagg:1	hog:1	hogg:1
हॉटेल	hotel:4	hautal:1	hauteel:1	hauteela:1
हॉटेलची	hotelchi:2	hotelchee:1
हॉटेलचे	hotelche:3
हॉटेलच्या	hotelchya:3
हॉटेलमध्ये	hotelmadhye:3
हॉटेलात	hotelat:3
हॉटेल्स	hotels:4	hateelsa:1	hatels:1	hatelsha:1
हॉप	hop:3
हॉर्न	harn:1	haurn:1	havrn:1	hawrn:1
हॉल	hall:4	hal:1	haul:1
हॉलंड	holland:4	haland:1	halland:1	hauland:1
हॉलिवूड	hollywood:4	halivud:1	halivuud:1	haliwud:1
हॉस्पिटल	hospital:4	haspeetal:1	haspital:1	hospeetal:1
हॉस्पिटलमधे	hospitalmadhe:3
हॉस्पिटलमध्ये	hospitalmadhye:3
हॉस्पिटॅलिटी	hospitality:4	haspiitaliitii:1	haspitaliti:1	haspitality:1
हॉस्पीटल	hospital:3
हो	ho:3	hoe:1	hoo:1	hooe:1
होई	hoi:3	hoe:1	hoee:1	hoii:1
होईन	hoin:2	hoeen:1
होईना	hoina:2	hoena:1
होईपर्यंत	hoiparyant:3
होईल	hoil:3
होईस्तोवर	hoistovar:2	hoestovar:1
होउ	hou:3
होउन	houn:3
होऊ	hou:20	houu:2
होऊन	houn:2	houun:1
होऊनही	hounahi:1	houunahee:1	houunhi:1
होकार	hokar:3
होजे	hoje:3
होटेल	hotel:3
होडी	hodi:3	hodee:1
होड्या	hodya:3
होणार	honar:3
होणारा	honara:3
होणारी	honaree:2	honari:1
होणारे	honare:3
होणार्‍या	honarya:3
होणाऱ्या	honarya:3
होणे	hone:3
होण्या	honya:3
होण्याआधी	honyaadhi:2	honyaadhee:1
होण्याकरता	honyakarta:2	honyakarita:1
होण्याचा	honyacha:3
होण्याची	honyachee:2	honyachi:1
होण्याचे	honyache:3
होण्याच्या	honyachya:3
होण्यात	honyat:3
होण्याने	honyane:3
होण्यापासून	honyapasun:2	honyapasoon:1
होण्यापूर्वी	honyapoorvi:1	honyapurvee:1	honyapurvi:1
होण्यापेक्षा	honyapeksha:3
होण्यामागील	honyamageel:2	honyamagil:1
होण्याला	honyala:3
होण्यास	honyas:3
होण्यासाठी	honyasathi:2	honyasathee:1
होत	hot:3
होतं	hota:2	hotn:3
होतकरू	hotakaroo:1	hotakaru:1	hotkaru:1
होता	hota:4
होतांना	hotanna:3
होताच	hotach:3
होतात	hotat:3
होतातच	hotatach:3
होताना	hotana:3
होतास	hotas:3
होती	hoti:95	hotee:3
होतीच	hoteech:2	hotich:1
होतील	hoteel:2	hotil:1
होतीलच	hoteelach:2	hotilach:1
होते	hote:4
होतेच	hotech:3
होतो	hoto:3
होत्या	hotya:3
होत्याच	hotyach:3
होन	hon:3
होनाजी	honaji:3
होन्शू	honshhu:1	honshu:1	honshuu:1	honsu:1
होम	home:4	haum:1	hom:1	hoom:1
होमकुंड	homkund:2	homekund:1
होमहवन	homhavan:2	homehavan:1
होमिओपॅथिक	homeopathic:2	homeopathik:1
होमिओपॅथी	homeopathy:4	homeopathee:1	homeopathi:1	homeopathii:1
होमी	homi:3
होम्स	homes:3	homs:3	hooms:2	hoam:1
होय	hoy:3
होरपळ	horpal:3
होरा	hoara:1	hooara:1	hoora:1	hora:1
होला	hola:3
होली	holee:1	holi:1	holii:1	holly:1
होले	hole:3
होळकर	holkar:3
होळकरांची	holakaranchee:1	holkaranchi:1	holkarannchi:1
होळकरांच्या	holkaranchya:2	holakaranchya:1
होळकरांना	holkaranna:2	holakaranna:1
होळकरांनी	holkaranni:2	holakarannee:1
होळी	holi:3	holee:2	holiee:1	holii:1
होळीच्या	holichya:2	holeechya:1
होवुन	hovun:3
होवू	hovu:2	hovoo:1
होवून	hovun:2	hovoon:1
होवो	hovo:3
होशील	hosheel:2	hoshil:1
हौद	haud:2	houd:1
हौदाच्या	haudachya:2	houdachya:1
हौशी	haushi:2	houshee:1
हौस	haus:2	hous:1
ह्या	hya:5
ह्यांचा	hyancha:3
ह्यांची	hyanchi:3
ह्यांचे	hyanche:3
ह्यांच्या	hyanchya:3
ह्यांच्याकडून	hyanchyakadun:3
ह्यांच्याकडे	hyanchyakade:3
ह्यांच्यात	hyanchyat:3
ह्यांच्यातील	hyanchyatil:2	hyanchyateel:1
ह्यांच्यावर	hyanchyavar:3
ह्यांच्याशी	hyanchyashi:2	hyanchyashee:1
ह्यांत	hyant:3
ह्यांना	hyanna:3
ह्यांनाही	hyannahi:2	hyannahee:1
ह्यांनी	hyanni:2	hyannee:1
ह्यांनीच	hyanneech:2	hyannich:1
ह्यांपैकी	hyanpaikee:2	hyanpaiki:1
ह्यांमुळे	hyanmule:3
ह्याच	hyach:3
ह्याचा	hyacha:3
ह्याची	hyachi:4	hyachee:2
ह्याचे	hyache:3
ह्याच्या	hyachya:3
ह्यात	hyat:3
ह्यातले	hyatale:3
ह्यातल्या	hyatalya:3
ह्यातून	hyatoon:2	hyatun:1
ह्याने	hyane:3
ह्याबाबत	hyababat:3
ह्यामध्ये	hyamadhye:2	hyamage:1
ह्यामुळे	hyamule:3
ह्याला	hyala:3
ह्यावर	hyavar:3
ह्यावरुन	hyavaroon:2	hyavarun:1
ह्यावरून	hyavaroon:2	hyavarun:1
ह्यास	hyas:3
ह्यासाठी	hyasathee:2	hyasathi:1
ह्यासारख्या	hyasarakhya:2	hyasarakha:1
ह्युस्टन	hyustan:2	houston:1
ह्यूमन	human:3	hyooman:2
ह्यूस्टन	hastan:1	hausetan:1	haustan:1	hayaustan:1
ह्रदयात	hrudayat:3
ॲलन	alan:2	ailan:1	alana:1	allan:1
