ਅਂਦਾਜਾ	andaja:2	andaaja:1
ਅਇਆ	aaia:1	aiaa:1	ayiaa:1
ਅਈਅਰ	aeyr:1	aiyar:1	aiyer:1	eyer:1
ਅਉਧ	audh:3
ਅਕਤੂਬਰ	october:4	aktoober:2	aktobar:1	aktoobar:1
ਅਕਬਰ	akbar:4	aqbar:1
ਅਕਬਰਪੁਰ	akbarpur:3	akbarpoor:1
ਅਕਬਰੀ	akbari:3	akbaree:2
ਅਕਮਲ	akmal:3	akamal:1
ਅਕਰਪੁਰੀ	akarpuree:1	akarpuri:1	akrpuree:1
ਅਕਰਮ	akaram:1	akram:1	akrm:1
ਅਕਰਮਕ	akarmak:2	akrmk:1
ਅਕਰਸ਼ਿਤ	akarshit:3
ਅਕਲ	akal:2	akl:1
ਅਕਲਮੰਦ	akalmand:2	aklmnd:1
ਅਕਲੀਆ	akaleea:1	akleea:1	aklia:1
ਅਕਸ	akas:2	aks:1
ਅਕਸਰ	aksar:3	akasar:1
ਅਕਸਰੀਅਤ	aksariat:1	aksariyat:1	aksriat:1	aksriyat:1
ਅਕਸ਼	akash:2	aksh:2
ਅਕਸ਼ਯ	akshay:3	akshya:1
ਅਕਸ਼ਰ	akshar:3
ਅਕਸ਼ੈ	akshay:3	acache:1	acashe:1	akshai:1
ਅਕਾਇਵ	achive:1	akaeev:1	akaeve:1	akive:1
ਅਕਾਊ	akaoo:3	akau:3	accou:1	akaau:1
ਅਕਾਊਂਟੈਂਟ	accountant:3	ekauntant:1
ਅਕਾਦਮਿਕ	academic:4	akademic:1	akademik:1	akaedemic:1
ਅਕਾਰ	akar:3	akaar:2	acar:1
ਅਕਾਰਾਂ	akaran:3	akaaran:1
ਅਕਾਲ	akal:3	akaal:1
ਅਕਾਲਕੀ	akalki:3	akaalki:1	akalkee:1
ਅਕਾਲੀ	akali:3
ਅਕਾਲੀਆਂ	akalian:3	akaliyan:3	akaaliyan:1
ਅਕਾਲੀਦਲ	akalidal:3	akaalidal:1
ਅਕਾਸ਼	akash:3	aakash:1
ਅਕਾਸ਼ਦੀਪ	akashdeep:3
ਅਕਾਸ਼ਬਾਣੀ	akashbani:3
ਅਕਾਸ਼ੀ	akashi:3
ਅਕੀਦਿਆਂ	akidiaan:2	akeedian:1
ਅਕੀਲ	akeel:2	akil:1
ਅਕੇਲੇ	akele:3
ਅਕੇਵੇਂ	akevein:1	akeven:1	akevien:1
ਅਕੈਡਮੀ	academy:1	akademy:1	akaidami:1	akedami:1
ਅਖਤਰ	akhtar:3
ਅਖਤਿਆਰ	akhtiar:2	akhtiaar:1
ਅਖਬਾਰ	akhbar:3	akhbaar:1
ਅਖਬਾਰਾਂ	akhbaran:2	akhbaaran:1
ਅਖਰੋਟ	akhrot:2	akhroat:1
ਅਖਵਾਂਦੇ	akhvande:2	akhwande:1
ਅਖਵਾਉਂਦਾ	akhavaunda:1	akhvaunda:1	akhwaunda:1
ਅਖਵਾਉਂਦੀ	akhvauundi:1	akhwaoundi:1	akhwaundi:1
ਅਖਵਾਉਂਦੇ	akhvauunde:1	akhwaounde:1	akhwaunde:1
ਅਖਵਾਉਣ	akhavaun:1	akhvaun:1	akhwaun:1
ਅਖਵਾਏ	akhwaye:2	akhvae:1
ਅਖ਼ਤਰ	akhtar:3
ਅਖ਼ਤਿਆਰ	akhtiar:2	akhtiaar:1
ਅਖ਼ਬਾਰ	akhabaar:1	akhbar:1	akhhbar:1
ਅਖ਼ਬਾਰਾਂ	akhabaraan:1	akhbaaran:1	akhbaran:1
ਅਖ਼ਰੋਟ	akhrot:2	akharot:1
ਅਖ਼ਲਾਕ	akhlaak:1	akhlak:1	akhlaq:1
ਅਖ਼ਲਾਕੀ	akhlaakee:1	akhlaki:1	akhlaqi:1
ਅਖ਼ੀਰ	akhir:2	akheer:1	akhhir:1
ਅਖ਼ੀਰਲਾ	akheerla:2	akhhirla:1	akhirla:1
ਅਖ਼ੀਰਲੀ	akheerli:2	akhhirli:1	akhirlee:1
ਅਖਾ	akha:3
ਅਖਾਣ	akhan:2	akhaan:1
ਅਖਾਣਾਂ	akhanan:2	akhana:1
ਅਖਾੜਾ	akhara:2	akhada:1
ਅਖਾੜਿਆਂ	akhadian:1	akhariaan:1	akhariyan:1
ਅਖਾੜੇ	akhade:2	akhare:2	akhaade:1	akhadhe:1
ਅਖਿਲ	akhil:2	akhal:1
ਅਖੀ	akhi:2	akhee:1
ਅਖੀਰ	akhir:2	akheer:1
ਅਖੀਰਲਾ	akheerla:2	akhirla:2
ਅਖੀਰਲੀ	akheerli:2	akhirli:2	akhirlee:1
ਅਖੀਰਲੇ	akheerale:1	akheerle:1	akhirle:1
ਅਖੌਤ	akhot:2	akhaut:1
ਅਖੌਤਾਂ	akhautan:2	akhotan:1
ਅਖੌਤੀ	akhauti:2	akhoti:1
ਅਖੰਡ	akhand:3
ਅਖੰਡਤ	akhandat:2	akhandit:1	akhndat:1
ਅਖੰਡਤਾ	akhandata:2	akhandta:1
ਅਗਨਿ	agni:3	aganee:1	agnee:1
ਅਗਨੀ	agni:4	agani:1	aganii:1	agnee:1
ਅਗਨੀਹੋਤਰੀ	agnihotri:3	agnihotree:1
ਅਗਰ	agar:4	agara:1
ਅਗਰਤਲਾ	agartala:3
ਅਗਰਬੱਤੀ	agarbatti:3
ਅਗਰਵਾਲ	agarwal:4	agarwaal:1	aggarwal:1	agraval:1
ਅਗਰਸਰ	agarsar:3
ਅਗਰਸੇਨ	agarsen:3
ਅਗਰਸੈਨ	agarsaen:1	agarsain:1	agarsen:1
ਅਗਰੇਜ਼ਾਂ	agrezan:1	angrezaan:1	angrezan:1
ਅਗਲਾ	agla:3
ਅਗਲੀ	agli:2	agali:1
ਅਗਲੀਆ	agaliaa:1	aglia:1	agliaa:1
ਅਗਲੀਆਂ	agaliaan:2	aglian:1
ਅਗਲੇ	agle:2	agaley:1
ਅਗਲੇਰਾ	aglera:3
ਅਗਲੇਰੀ	agleri:3
ਅਗਲੇਰੇ	aglere:3
ਅਗਵਾ	agawa:1	agva:1	agwa:1
ਅਗਵਾਈ	agwayi:4	agvaee:2	agvayi:2	agvai:1
ਅਗਵਾਕਾਰ	agvakaar:1	agvakar:1	agwakaar:1	agwakar:1
ਅਗਵਾਹ	agvah:2	agwah:2	agwaah:1
ਅਗਵਾਹੀ	agvahi:2	agwahi:2	agwahee:1
ਅਗਸਤ	agasata:1	agast:1	august:1
ਅਗਾਂਹ	agaan:1	agaanh:1	aganh:1
ਅਗਾਂਹਵਧੂ	agaanhvadu:1	agaanhvdhu:1	aganhvadhu:1
ਅਗਾਊਂ	agaun:2	agaoon:1	agauun:1
ਅਗਾਜ਼	agaaz:2	agaz:2
ਅਗਾਧ	agadh:3
ਅਗਾਮੀ	agamee:2	agami:2
ਅਗਾਹਾਂ	agahan:2	agaahan:1
ਅਗਿਆ	agya:2	aagya:1	agiaa:1
ਅਗਿਆਤ	agyat:2	agiaat:1
ਅਗਿਆਨ	agyan:3	agiaan:1	agiyan:1	aigaan:1
ਅਗਿਆਨਤਾ	agiaanta:1	agiyanta:1	agyanata:1	agyanta:1
ਅਗਿਆਨੀ	agiaanee:1	agiani:1	agiyani:1	agyanee:1
ਅਗੁਵਾਈ	aguvai:2	aguvayi:1
ਅਗੇ	agey:2	age:1
ਅਗੇਤਰ	agetar:3
ਅਗੇਤਰੀ	agetari:1	ageteri:1	agetri:1
ਅਗੇਤੇ	agete:2	agetey:1
ਅਗੇਰੇ	agere:2	agerey:1
ਅਗੋਂ	aggon:2	agon:2
ਅਗੋਚਰ	agochar:2	agochr:1
ਅਗੰਮੀ	agamee:1	agammi:1	aganmi:1
ਅਗੰਮੜਾ	agammda:1	aganmara:1	angmada:1	angmara:1
ਅਗੱਸਤ	august:2	aggasat:1
ਅਘੁਲਣਸ਼ੀਲ	aghulansheel:2	aghunshil:1
ਅਘੋਰ	aghor:2	aghaur:1
ਅਚਨਚੇਤ	achanchet:3
ਅਚਨਚੇਤੀ	achancheti:3
ਅਚਲ	achal:2	achl:1
ਅਚਾਨਕ	achaanak:1	achanak:1	achank:1
ਅਚਾਰ	achaar:2	achar:1
ਅਚਾਰੀਆ	aachaaryaa:1	aacharya:1	achareea:1	achareeaa:1
ਅਚਾਰੀਆਂ	achaareeaan:1	achareean:1	achariaan:1
ਅਚੁੱਕ	achook:1	achuk:1	achukk:1
ਅਚੇਤ	achet:3
ਅਚੇਤਨ	achetan:3
ਅਚੰਭਿਤ	achambhit:2	achambit:1
ਅਚੱਲ	achhal:2	achll:1
ਅਛੂਤ	achut:3	achoot:2
ਅਛੂਤਾਂ	achhootan:1	achhutan:1	achootan:1	achutaan:1
ਅਜ	aj:10	ajj:2	aaj:1
ਅਜਕਲ	ajkal:2	aajkal:1
ਅਜਗਰ	ajgar:3
ਅਜਨਬੀ	ajnabee:2	ajanabi:1	ajnabi:1
ਅਜਨਬੀਕਰਨ	ajnabikaran:2	ajanbikaran:1	ajnabeekaran:1
ਅਜਨਾਭਵਰਸ਼	ajnaabhvarsh:1	ajnabhvarash:1	ajnabhvarsh:1
ਅਜਨਾਲਾ	ajnala:2	ajnaalaa:1
ਅਜਨੇਰ	ajner:3
ਅਜਬ	ajab:3
ਅਜਮਲ	ajmal:3
ਅਜਮਾਇਆ	ajmaia:2	ajmaaiaa:1
ਅਜਮਾਈ	ajmai:2	ajmayee:1	ajmayi:1
ਅਜਮਾਉਣ	ajmaaonna:1	ajmaaun:1	ajmaaunna:1	ajmaun:1
ਅਜਮੇਰ	ajmer:5	aajmer:1	ajamer:1
ਅਜਮੇਰੀ	ajmeri:3	ajmeree:1
ਅਜਰ	ajar:3
ਅਜਰਬਾਈਜਾਨ	ajarbaijan:3	ajarbaeejan:1	ajarbaijaan:1
ਅਜਲ	ajal:3
ਅਜਲਾਸ	ajlas:3	ajlaas:1
ਅਜਵਾਇਨ	ajavain:1	ajvaeen:1	ajvain:1	ajvayin:1
ਅਜਹਰ	ajhar:2	ajahar:1
ਅਜ਼	az:3
ਅਜ਼ਮਤ	azmat:3
ਅਜ਼ਮਾਇਆ	azmaya:2	azmaaeaa:1	azmaeeaa:1	azmaiya:1
ਅਜ਼ਮਾਇਸ਼	azmaish:2	azmaaish:1	azmayish:1
ਅਜ਼ਮਾਉਣ	azmaaonn:1	azmaaun:1	azmaaunn:1	azmaun:1
ਅਜ਼ਰ	azar:3
ਅਜ਼ਰਬਾਈਜਾਨ	azarbaijan:3	azarbaijaan:1
ਅਜ਼ਾਦ	azad:2	azaad:1
ਅਜ਼ਾਦੀ	azadi:3	azadee:1
ਅਜ਼ੀਜ਼	aziz:4	azeez:3	ajeez:1	ajiiz:1
ਅਜ਼ੀਮ	azeem:4	azim:3	aajim:1	aazeem:1
ਅਜਾਇਬ	ajaib:3	ajaeeb:1
ਅਜਾਇਬਘਰ	ajaibghar:3	ajaeebghar:1
ਅਜਾਇਬਘਰਾਂ	ajaibgharan:3
ਅਜਾਦ	ajad:2	ajaad:1	azad:1
ਅਜਾਦੀ	ajadi:3	ajadee:1	azadee:1	azadi:1
ਅਜਿਤ	ajit:3
ਅਜਿਹਾ	ajiha:2	aihja:1	aijaha:1	aijha:1
ਅਜਿਹਿਆਂ	ajihiaan:3
ਅਜਿਹੀ	ajihee:2	ajihi:2
ਅਜਿਹੀਆਂ	ajihiaan:6	ajiheeaan:2
ਅਜਿਹੇ	ajihe:2	ajihey:1
ਅਜਿੱਤ	ajitt:2	ajeet:1	ajit:1
ਅਜੀਜ	ajeej:2	ajij:2
ਅਜੀਜ਼	ajeez:2	ajiz:2
ਅਜੀਤ	ajit:4	ajeet:2	aajeet:1	ajiit:1
ਅਜੀਤਗੜ੍ਹ	ajeetgadh:1	ajeetgarh:1	ajeetgarha:1	ajitgadh:1
ਅਜੀਬ	ajeeb:3	ajib:1
ਅਜੂਬਾ	ajooba:2	ajuba:2	ajubba:1
ਅਜੂਬਿਆਂ	ajubeya:2	ajoobeya:1	ajoobiyan:1	ajubian:1
ਅਜੂਬੇ	ajoobe:2	ajube:2	ajubae:1
ਅਜੇ	aje:2	ajay:1	ajey:1
ਅਜੇਹਾ	ajeha:3
ਅਜੇਹੀ	ajehi:3
ਅਜੇਹੇ	ajehe:3
ਅਜੈ	ajae:2	ajay:2	ajai:1	ajaya:1
ਅਜੋਕਾ	ajoka:3
ਅਜੋਕੀ	ajoki:3
ਅਜੋਕੀਆਂ	ajokiaan:1	ajokian:1	ajokiyan:1
ਅਜੋਕੇ	ajoke:3
ਅਜੋੜ	ajorh:2	ajod:1
ਅਜੌਕੇ	ajaoka:1	ajauk:1	ajauke:1	ajoke:1
ਅਜੰਤਾ	ajanta:3
ਅਟਕ	atak:2	attak:1
ਅਟਕਲ	atakal:1	atkal:1	attkal:1
ਅਟਕਲਾਂ	atakalan:1	atkalan:1	attkalaan:1
ਅਟਕੀ	ataki:1	atki:1	attki:1
ਅਟਲ	atal:3
ਅਟਲਾਂਟਾ	atlanta:3
ਅਟਲਾਂਟਿਕ	atlantic:3	atlantik:1
ਅਟਵਾਲ	atwal:2	atval:1	atwaal:1
ਅਟਾਰਨੀ	attorney:3	atarni:2	aattaarnee:1	aattornee:1
ਅਟਾਰੀ	atari:2	ataree:1	attari:1
ਅਟਾਰੀਵਾਲਾ	atariwala:2	attariwala:1
ਅਟੁੱਟ	attut:3
ਅਟੇਰਨ	ateran:3	atteran:1
ਅਟੈਕ	attack:4	atack:2	ataak:1	atac:1
ਅਟੈਚਮੈਂਟ	attachment:3	ataechmaent:1	attachmant:1
ਅਟੈਚੀ	attache:2	ataechi:1	ataichi:1	attach:1
ਅਟੱਲ	atall:1	attal:1	attall:1	attull:1
ਅਠ	ath:2	attah:1
ਅਠਖੇਲੀਆਂ	athkheliaan:2	athkheleeaan:1	athkheliyan:1
ਅਠਵਾਂ	athvan:2	athvin:1
ਅਠਵਾਰਾ	athvara:3
ਅਠਵੀਂ	athvin:2	athvi:1
ਅਠਵੇਂ	athven:2	athvein:1	athwen:1
ਅਠਾਰਵੀਂ	athaarvin:1	athaarwin:1	atharvin:1	atthaarvin:1
ਅਠਾਰਾਂ	atharan:2	athaaran:1
ਅਠਾਰ੍ਹਵੀ	athaarvee:1	athaarvi:1	atharhavi:1	atharhvi:1
ਅਠਾਰ੍ਹਵੀਂ	athaarveen:1	athaarvin:1	atharhavin:1	atharhvin:1
ਅਠਾਰ੍ਹਾਂ	atharhan:3
ਅਠ੍ਹਾਰਵੀਂ	aathaarvin:1	aatthaarveen:1	athaarvi:1	athaatwi:1
ਅਡਲਟ	adult:2	adhlatt:1	adlat:1
ਅਡਵਾਨੀ	advani:2	adwani:2	adhvani:1
ਅਡਿੱਗ	addig:2	adhig:1
ਅਡੋਬ	adob:2	adobe:2
ਅਡੋਲ	adol:2	adob:1	idol:1
ਅਡੋਲਫ	adolf:3	adolaf:1
ਅਣ	an:2	ann:2	anh:1	un:1
ਅਣਅਧਿਕਾਰਤ	anadhikarat:1	anhadhikart:1	anhadhiqart:1	annadikaarat:1
ਅਣਉਚਿਤ	anhoochit:1	anhuchit:1	annuchit:1	anuchit:1
ਅਣਖ	anakh:2	anhkh:1	annakh:1
ਅਣਖੀਲੀ	ankhili:2	anhkhili:1
ਅਣਗਿਣਤ	anginat:2	anhginhat:1
ਅਣਗੋਲਿਆ	angolia:1	angoliaa:1	anhgoliaa:1
ਅਣਗੋਲੇ	angole:2	anhgolo:1
ਅਣਗੌਲਿਆ	angoliaa:1	anhgoliya:1	anngauleya:1
ਅਣਗੌਲਿਆਂ	anagauliaam:1	anagauliaan:1	angoliaan:1	angolian:1
ਅਣਗੌਲੇ	angole:2	angaule:1	anhgaule:1
ਅਣਚਾਹੀਆਂ	anchahiaan:1	anchahian:1	anhchahiaan:1
ਅਣਚਾਹੇ	anchahe:2	anhchahe:1
ਅਣਜਾਣ	anjan:4	anhjanh:1	anjaan:1
ਅਣਜਾਣੇ	anjane:2	anhjanhe:1
ਅਣਜੰਮੇ	aanjanme:1	anhjamme:1	anjanme:1
ਅਣਡਿੱਠ	aanditth:1	anditth:1	anhdittha:1
ਅਣਡਿੱਠੇ	aanditthe:1	andithe:1	anditthe:1	anhditthe:1
ਅਣਥੱਕ	anhthak:1	anthak:1	anthakk:1
ਅਣਦੇਖੀ	andekhi:2	anhdekhi:1
ਅਣਦੇਖੇ	andekhe:3
ਅਣਪਛਾਤਾ	anpachaata:1	anpachata:1	anpchhata:1
ਅਣਪਛਾਤੀ	anapchaati:1	anpachati:1	anpachhati:1
ਅਣਪਛਾਤੀਆਂ	anapchatian:1	anapchatiyan:1	anpachatian:1	anpachhatiyaan:1
ਅਣਪਛਾਤੇ	anpachaate:1	anpachate:1	anpachhate:1
ਅਣਭਿੱਜ	anaphij:1	anhbhijj:1	annbhijj:1	annbijj:1
ਅਣਮਨੁੱਖੀ	anhmanukhi:1	anhmanukkhi:1	anmanukhi:1
ਅਣਵਿਆਹੀ	anhviyahi:1	anvihai:1	anviyahi:1
ਅਣਵਿਆਹੇ	anhviyahe:1	anviaahe:1	anvivahe:1
ਅਣਵੰਡੇ	anhvandhe:1	anvaddey:1	anvande:1
ਅਣਸੀਤੇ	anhsite:2	anseete:1	ansite:1
ਅਣਹੋਂਦ	anhhond:1	anhond:1	annhond:1
ਅਣਹੋਏ	anhoe:1	anhoyiye:1	annhoye:1
ਅਣੀ	ani:2	anee:1	anhi:1
ਅਣੂ	annu:2	anhu:1
ਅਣੂਆਂ	aanuaan:1	anhuyan:1	anua:1
ਅਤ	at:5	att:1
ਅਤਰ	atar:3
ਅਤਰੀ	atari:2	atree:1	atri:1
ਅਤਰੇ	atare:1	atarey:1	atre:1	atrey:1
ਅਤਲਾ	atala:2	atla:1
ਅਤਾ	ata:2	ataa:1
ਅਤਾਈ	atai:2	atayi:2	atayee:1
ਅਤਿ	ati:3	ait:1	et:1
ਅਤਿਅੰਤ	atiant:2	ateant:1
ਅਤਿਆਚਾਰ	ateachar:1	atiachar:1	atiyachar:1	atyachar:1
ਅਤਿਆਚਾਰਾਂ	atiyacharan:2	ateachara:1	atiachara:1
ਅਤਿਆਚਾਰੀ	ateacharee:1	ateachari:1	atiacharee:1	atiachari:1
ਅਤਿਕਥਨੀ	atikathni:2	atikathani:1	atikathnee:1
ਅਤਿਰਿਕਤ	atirikat:2	atirikt:1
ਅਤਿਵਾਦ	ativad:2	atiwad:2	atiwaad:1
ਅਤਿਵਾਦੀ	ativadi:2	atiwaadi:1	atiwadi:1
ਅਤਿਵਾਦੀਆਂ	atiwadiaan:3	ativadiaan:2	ativadiyan:2	atiwadiaann:1
ਅਤਿਸੰਵੇਦਨਸ਼ੀਲ	atisanvedansheel:2	atisamvedanshil:1	atisamwedanshil:1	atisanwedansheel:1
ਅਤੀ	ati:2	atee:1
ਅਤੀਅੰਤ	atiant:3	atiyant:1
ਅਤੀਤ	ateet:2	atit:1
ਅਤੁਲ	atul:5	atula:1	atull:1
ਅਤੇ	ate:4
ਅਤੈ	atai:1	ate:1	atey:1
ਅਤ੍ਰਿਪਤ	atripat:2	atitripat:1
ਅਥਰਬਣ	atharbanh:2	atharbann:1
ਅਥਰੂ	athru:2	atharu:1
ਅਥਲੀਟ	athlete:3	athleet:1	athlit:1
ਅਥਲੀਟਾਂ	athalitan:1	athletan:1	athletean:1
ਅਥਲੈਟਿਕਸ	athletics:3	aethletiks:1	aethletix:1	athalaitikasa:1
ਅਥਾਰਟੀ	authority:2	athartee:1	atharti:1
ਅਥਾਰਿਟੀਆਂ	atharitiaan:1	authoritian:1	authoritiyian:1
ਅਥਾਹ	athah:3	athaah:1
ਅਦਨ	adan:1	adana:1	eden:1	idin:1
ਅਦਨਾ	adna:2	adana:1
ਅਦਨਾਨ	adnan:4	adanan:1	audnan:1
ਅਦਬ	adab:3
ਅਦਬੀ	adbi:2	adabi:1
ਅਦਭੁਤ	adbhut:3	adbhoot:1
ਅਦਭੁੱਤ	adbhoot:1	adbhut:1	adbhutt:1	adbud:1
ਅਦਰਕ	adrak:2	adarak:1	adraq:1
ਅਦਰਸ਼	adarsh:2	adrash:1
ਅਦਲ	adal:3
ਅਦਵੈਤ	adwait:2	advaet:1	advait:1	advet:1
ਅਦਵੈਤਵਾਦ	advaitvad:2	advaetvad:1	advaetwad:1	advaitwad:1
ਅਦਾ	ada:3
ਅਦਾਇਗੀਆਂ	adaigiaan:1	adaigian:1	adaigiyaan:1	adaigiyan:1
ਅਦਾਕਾਰ	adakar:3	adaakar:1	adakaar:1
ਅਦਾਕਾਰਾ	adakara:2	adakaraa:1	adaqara:1
ਅਦਾਕਾਰਾਂ	adakaran:3	adaqaran:1
ਅਦਾਕਾਰਾਵਾਂ	adakaravan:2	adakarawan:1	adaqarawan:1
ਅਦਾਕਾਰੀ	adakari:3	adaqari:1
ਅਦਾਨ	adan:3	adaan:1
ਅਦਾਰਾ	adara:2	adaara:1	adaraa:1
ਅਦਾਰਿਆਂ	adariaan:4	adariyan:2	adarian:1
ਅਦਾਰੇ	adare:3
ਅਦਾਲਤ	adalat:3
ਅਦਾਲਤਾਂ	adalatan:2	adaltaan:1
ਅਦਾਲਤੀ	adalti:2	adalati:1
ਅਦਿ	adi:2	aad:1
ਅਦਿਤਿਆ	aditiya:2	aditiaa:1
ਅਦਿਤੀ	aditee:3	aditi:2	adiitee:1	adiitii:1
ਅਦਿੱਖ	adikh:2	adikkh:1
ਅਦਿੱਤਿਆ	aditiya:1	adittiaa:1	adiyia:1
ਅਦਿੱਤੀ	additi:1	aditee:1	aditi:1
ਅਦੀਤੀ	aditi:2	adetee:1
ਅਦੀਨਾ	adeena:2	adina:1
ਅਦੀਬ	adeeb:3
ਅਦੇਸ਼	adesh:3
ਅਦ੍ਰਿਸ਼	adrish:3
ਅਦ੍ਰਿਸ਼ਟ	adrishatt:1	adrisht:1	adrishtt:1
ਅਧਖੜ	adhkharh:2	adhkhadh:1
ਅਧਮ	adham:3
ਅਧਰਮ	adharam:2	adharm:2	adhram:1
ਅਧਰਮੀ	adharmi:3	adharami:1
ਅਧਰੰਗ	adhrang:2	adharng:1
ਅਧਵਾਟੇ	adhvate:2	adhavaate:1
ਅਧਾਰ	adhar:2	adhaar:1
ਅਧਾਰਤ	adharat:3
ਅਧਾਰਮਿਕ	adharmik:3
ਅਧਾਰਹੀਣ	adhaaraheen:1	adharahin:1	adharhhin:1
ਅਧਾਰਾਂ	adharan:3
ਅਧਾਰਿਤ	adharit:3
ਅਧਿਅਨ	adhian:2	adhiaan:1
ਅਧਿਆਇ	adhiaai:1	adhiaayi:1	adhiai:1
ਅਧਿਆਇਆਂ	adhiaaiaan:1	adhiaayiaan:1	adhyayiyan:1
ਅਧਿਆਏ	aadhiaaye:1	adheyaye:1	adhiaae:1
ਅਧਿਆਤਮ	adhiaatam:2	adheyatam:1	adhyatam:1
ਅਧਿਆਤਮਕ	adhiaatmak:2	adheyatmak:1	adhiaatmaq:1	adhyatmak:1
ਅਧਿਆਤਮਕਤਾ	adhatmakta:1	adhatmaqta:1	adhiaatamakta:1	adhyatamakata:1
ਅਧਿਆਤਮਵਾਦ	adheyatamvaad:1	adhiaatamvad:1	adhiatmvad:1
ਅਧਿਆਤਮਿਕ	adhatmiq:1	adheyatamik:1	adhiaatmik:1	adhiatmik:1
ਅਧਿਆਤਮਿਕਤਾ	adhiatmikta:2	adheyatamikta:1	adhiatmiqta:1
ਅਧਿਆਪਕ	adhiaapak:3	adhiapak:3	adhiaapaq:1	aidhaapak:1
ਅਧਿਆਪਕਾ	adhiaapka:2	adhiaapqa:1	adhiapka:1
ਅਧਿਆਪਕਾਂ	adhiaapkan:2	adhiapkan:2	adhiaanpqan:1	adhiapakan:1
ਅਧਿਆਪਨ	adhiapan:2	adiaapan:1
ਅਧਿਆਪਿਕ	adhiaapik:2	adhiaapiq:1	adhipapik:1
ਅਧਿਆਪਿਕਾ	adhiaapika:2	adhiaapiqa:1	adhiyapika:1
ਅਧਿਆਵਾਂ	adhiaanvan:1	adhiaawaan:1	adhiaawan:1	adhiyavan:1
ਅਧਿਏਤਾ	adhieta:2	adhiaeta:1
ਅਧਿਐਨ	adhiaen:4	adhiyean:1	adhiyen:1	aidhaen:1
ਅਧਿਕ	adhik:4	adhiq:1
ਅਧਿਕਤਮ	adhiktam:2	adhikatam:1	adhiqtam:1
ਅਧਿਕਤਰ	adhikaran:1	adhikarat:1	adhikatar:1	adhiktar:1
ਅਧਿਕਤਾ	adhikta:2	adhikata:1	adhiqta:1
ਅਧਿਕਾਰ	adhikar:7	adhiqar:1	aidhkar:1	edhkar:1
ਅਧਿਕਾਰਕ	adhikarak:3	adhikaraq:1	adhiqarak:1	adhiqaraq:1
ਅਧਿਕਾਰਤ	adhikarat:2	addhikart:1	adhiqart:1
ਅਧਿਕਾਰਾ	adhikara:2	adhiqara:1
ਅਧਿਕਾਰਾਂ	adhikaran:2	adhikaraan:1	adhiqaran:1
ਅਧਿਕਾਰਿਕ	adhikarik:2	adhiaarik:1	adhikariq:1	adhiqarik:1
ਅਧਿਕਾਰਿਤ	adhikarit:2	adhikaarit:1	adhiqarit:1
ਅਧਿਕਾਰੀ	adhikari:3	adhikaree:1	adhiqari:1
ਅਧਿਕਾਰੀਆਂ	adhikariaan:2	adhiqariaan:2	adhikaariaan:1	adhikaariyaan:1
ਅਧਿਕ੍ਰਿਤ	adhikrit:3	adhiqrit:1
ਅਧਿੱਕ	addhik:1	adhikk:1	adhiqq:1
ਅਧੀ	adhi:3
ਅਧੀਕਾਰ	adhikar:2	adhikaar:1	adhiqar:1
ਅਧੀਨ	adheen:2	adhin:1
ਅਧੀਨਗੀ	adheenagi:1	adhinagi:1	adhingi:1
ਅਧੀਨਤਾ	adheenata:1	adheenta:1	adhinata:1	adhinta:1
ਅਧੁਨਿਕ	adhunik:3	adhuniq:1
ਅਧੂਰਾ	adhura:2	addhura:1	adhoora:1
ਅਧੂਰੀ	adhuri:2	adhoori:1
ਅਧੂਰੇ	adhoore:2	adhure:2
ਅਨ	an:4
ਅਨਕੂਲ	ankul:2	unkool:1
ਅਨਜਾਣ	anjaan:1	anjan:1	anjanh:1
ਅਨਜਾਣੇ	anjanhe:2	anjaane:1
ਅਨਜੋੜ	anjod:1	anjodh:1	unjod:1
ਅਨਪੜ	anpad:2	anpadh:1
ਅਨਪੜ੍ਹ	anpadh:3	anpadhh:1	anphad:1	pnphad:1
ਅਨਪੜ੍ਹਤਾ	anpadhata:1	anpadhta:1	anphadta:1
ਅਨਮੋਲ	anmol:5
ਅਨਰਥ	anrath:2	anarth:1
ਅਨਵਰ	anvar:3	anwar:3	anavar:1	anawar:1
ਅਨਵਰੀ	anwari:3	anvari:1
ਅਨਸ਼ਨ	anshan:3
ਅਨਸਾਰ	ansar:2	ansaar:1
ਅਨਹਦ	anhad:3
ਅਨਾ	ana:2	aanaa:1	anaa:1	anna:1
ਅਨਾਇਤ	anait:2	anaiyat:1	anayat:1
ਅਨਾਜ	anaaj:2	anaj:1
ਅਨਾਜਾਂ	anajan:3
ਅਨਾਤਮ	anatam:2	anatm:1
ਅਨਾਤੋਲਿਆ	anatoliaa:3
ਅਨਾਥ	anath:5	anaath:2
ਅਨਾਦਿ	aniad:2	anadi:1	ananadey:1	anande:1
ਅਨਾਮ	anam:3	anaam:1
ਅਨਾਮਿਕਾ	anamika:3	anamica:1
ਅਨਾਰ	anar:3	annar:1
ਅਨਾਰਕਲੀ	anarkali:4	anarkalee:1	anarkalii:1	anarqalee:1
ਅਨਾਰਾਂ	anaran:3	annaran:1
ਅਨਾਵਰਣ	anavaran:3	annavran:1
ਅਨਾੜੀ	anadi:2	anaadi:1	anari:1	annaddi:1
ਅਨਿਆਂ	aniaan:2	anian:1
ਅਨਿਯਮਿਤ	aniymit:2	aniyamit:1
ਅਨਿਰੁੱਧ	aniruddh:1	anirudh:1	anirudhh:1
ਅਨਿਲ	anil:5	anila:1	anill:1
ਅਨਿਵਾਰੀ	aniwari:2	anivari:1	aniwaree:1
ਅਨਿਸ਼ਚਤਾ	anishchta:2	anishchata:1
ਅਨਿਸ਼ਚਿਤ	anishchit:3	anishcht:1
ਅਨਿੱਖੜਵਾਂ	anikhadvan:2	anikharvan:1	anikharwan:1
ਅਨੀਤਾ	aneeta:3	anita:3	aneetaa:1	aniita:1
ਅਨੀਮੀਆ	anaemia:1	anemia:1	animia:1	animiya:1
ਅਨੀਸ	anees:3
ਅਨੀਸ਼ਾ	anisha:3	aneesha:1
ਅਨੁ	anu:4
ਅਨੁਆਈ	anuaai:1	anuaayi:1	anuai:1
ਅਨੁਆਈਆਂ	anuaaiaan:1	anuaayiaan:1	anuaian:1
ਅਨੁਕਰਣ	anukaran:3
ਅਨੁਕਰਨ	anukaran:3
ਅਨੁਕੂਲ	anukool:1	anukul:1	anukuul:1
ਅਨੁਕੂਲਤਾ	anukoolata:1	anukoolta:1	anukuulta:1
ਅਨੁਗਾਮੀ	anugami:3
ਅਨੁਚਿਤ	anuchit:3
ਅਨੁਜ	anuj:3
ਅਨੁਦਾਨ	anudan:3
ਅਨੁਪਮ	anupam:3
ਅਨੁਪਮਾ	anupama:2	aupma:1
ਅਨੁਪਾਤ	anupat:4
ਅਨੁਪਾਤੀ	anupati:3
ਅਨੁਪ੍ਰਾਸ	anupras:3
ਅਨੁਭਵ	anubhav:3
ਅਨੁਭਵਾਂ	anubhavan:2	anubhavaan:1
ਅਨੁਭਵੀ	anubhavi:2	anubhavee:1
ਅਨੁਭਾਗ	anubhag:3
ਅਨੁਭਾਵ	anubhav:2	anubhaav:1
ਅਨੁਭੂਤੀ	anubhuti:2	anubhooti:1
ਅਨੁਭੂਤੀਆਂ	anubhootian:1	anubhutian:1	anubhutiyan:1
ਅਨੁਮਤੀ	anumati:3
ਅਨੁਮਾਨ	anumaan:2	anuman:1
ਅਨੁਮਾਨਤ	anumaanat:1	anumanat:1	anumant:1
ਅਨੁਮਾਨਾਂ	anumanan:2	anumana:1
ਅਨੁਮਾਨਿਤ	anumanit:3
ਅਨੁਯਾਈਆਂ	anuaaiaan:1	anuyaaiyaan:1	anuyaian:1	anuyaiyaan:1
ਅਨੁਰਾਗ	anurag:3
ਅਨੁਰਾਧਾ	anuradha:3
ਅਨੁਰੂਪ	anurup:2	anuroop:1
ਅਨੁਰੂਪਤਾ	anurupta:3	anuroopta:1
ਅਨੁਰੋਧ	anurodh:3
ਅਨੁਵਾਂਸ਼ਿਕੀ	anuvanshiki:3
ਅਨੁਵਾਦ	anuvad:2	anuwad:2	anuvaad:1
ਅਨੁਵਾਦਕ	anuvadak:2	anuwadak:1	anuwadk:1
ਅਨੁਵਾਦਕਾਂ	anuwadkan:2	anuvadakan:1	anuvadkan:1
ਅਨੁਵਾਦਾਂ	anuvadan:2	anuwadan:1	anuwanda:1
ਅਨੁਵਾਦਿਤ	anuvadit:2	anuwadit:1
ਅਨੁਸਰ	anusar:3
ਅਨੁਸਰਣ	anusaran:2	anusarann:1
ਅਨੁਸ਼ਕਾ	anushka:3	anshaka:1
ਅਨੁਸ਼ਠਾਨ	anushthan:2	anusthan:1
ਅਨੁਸ਼ਠਾਨਾਂ	anushthana:2	anushthanan:1
ਅਨੁਸ਼ਾ	anusha:3
ਅਨੁਸ਼ਾਸਨ	anushasan:7
ਅਨੁਸਾ	anusa:3
ਅਨੁਸਾਰ	anusar:3
ਅਨੁਸਾਰੀ	anusari:3
ਅਨੁਸਾਸ਼ਨ	anusashan:2	anusashat:1
ਅਨੁਸੂਚਿਤ	anusuchit:2	anusoochit:1
ਅਨੁਸੂਚੀ	anusoochi:2	anusuchi:1
ਅਨੁਸੂਚੀਤ	anusoochit:2	anusuchit:1
ਅਨੁਸੰਧਾਨ	anusandhan:3
ਅਨੂ	anu:3	anoo:2	aanu:1	aanuu:1
ਅਨੂਕੂਲ	anookool:1	anukool:1	anukul:1
ਅਨੂਠੀ	anuthi:2	anoothi:1
ਅਨੂਠੀਆਂ	anootheean:1	anuthiyaan:1	anuthiyan:1
ਅਨੂਠੇ	anuthe:2	anoothe:1
ਅਨੂਪ	anup:3	anoop:1
ਅਨੂਪਮ	anupam:3	anoopm:1
ਅਨੂਸਾਰ	anusar:2	anoosar:1
ਅਨੇਕ	anek:3
ਅਨੇਕਤਾ	anekta:3
ਅਨੇਕਾ	aneka:3
ਅਨੇਕਾਂ	anekan:3
ਅਨੈਤਿਕ	anaitik:2	aneytik:1
ਅਨੈਤਿਕਤਾ	anaitikta:2	anetikta:1	aneytikta:1
ਅਨੋਖ	anokh:3	anoukh:1
ਅਨੋਖਾ	anokha:4	anoukha:1
ਅਨੋਖੀ	anokhi:4	anaukhi:1	anokhee:1
ਅਨੋਖੀਆਂ	anokhian:2	anaukhian:1	anokhiyaan:1
ਅਨੋਖੇ	anokhe:2	anaukhe:1	anokhey:1
ਅਨ੍ਯ	anay:2	aney:1	any:1
ਅਨੰਤ	anant:3	annt:1
ਅਨੰਤਕਾਲ	anantkal:2	antakaal:1
ਅਨੰਤਤਾ	anantata:1	anantta:1	anatata:1
ਅਨੰਦ	anand:3
ਅਨੰਦਪੁਰ	anandpur:3
ਅਨੰਨਿਆ	anania:1	ananiya:1	ananya:1
ਅਪਗਰੇਡ	upgrade:2	apagrade:1
ਅਪਗ੍ਰੇਡ	upgrade:2	apgred:1
ਅਪਛਰਾ	apchara:1	apchhara:1	apshra:1
ਅਪਣਾ	apna:2	apana:1
ਅਪਣਾਇਆ	apnaiya:2	apdaiaa:1	apnaea:1
ਅਪਣਾਈ	apnai:2	apdai:1	apnayi:1
ਅਪਣਾਈਆਂ	apdaian:1	apnaian:1	apnaiyan:1	apnayian:1
ਅਪਣਾਉਂਦਾ	apnaunda:2	apanayunda:1	apnayunda:1
ਅਪਣਾਉਂਦੀ	apnaundi:2	apanayundi:1	apdaundi:1
ਅਪਣਾਉਂਦੀਆਂ	apnaundeean:1	apnaundian:1	apnaundiyan:1	apnayundian:1
ਅਪਣਾਉਂਦੇ	apnaunde:2	apdaunde:1	apnayunde:1
ਅਪਣਾਉਣਾ	apnauna:4	apanayuna:2	apnayuna:2
ਅਪਣਾਉਣੀ	apanayuni:1	apnauna:1	apnauni:1	apnayuni:1
ਅਪਣਾਏ	apnaye:2	apdae:1	apnae:1
ਅਪਣਾਏਗਾ	apnayega:2	apdaega:1	apnaega:1
ਅਪਣਿਆ	apania:1	apdiaa:1	apnaea:1	apniya:1
ਅਪਣੀਆਂ	aapnniaan:1	apanian:1	apaniyan:1	apneean:1
ਅਪਣੇ	apne:2	aapanne:1
ਅਪਣੱਤ	apannat:2	apnatt:1
ਅਪਨਾ	apna:3
ਅਪਨਾਇਆ	apanayeya:1	apnaia:1	apnayiya:1
ਅਪਨਾਉਣ	apnaaun:1	apnaun:1	apnaunh:1
ਅਪਨੀ	apni:2	apani:1
ਅਪਨੇ	apne:3	apnay:1
ਅਪਮਾਨ	apman:3	apmaan:1
ਅਪਮਾਨਜਨਕ	apmanjanak:2	apmaanjanak:1	apmanjanaq:1
ਅਪਮਾਨਿਤ	apmaanit:1	apmanit:1	apminit:1
ਅਪਰ	upper:2	apar:1	apr:1	upar:1
ਅਪਰਾਧ	apradh:3	apraadh:1
ਅਪਰਾਧਕ	apradhak:3
ਅਪਰਾਧਾਂ	apradhan:3
ਅਪਰਾਧਿਕ	apradhik:2	apraadhik:1
ਅਪਰਾਧੀ	apradhi:3	apraadhee:1
ਅਪਰਾਧੀਆਂ	apradhiaan:2	apradhiyaan:1
ਅਪਰੇਟਰਾਂ	apretran:2	operataran:1
ਅਪਰੇਸ਼ਨ	operation:2	apreshan:1
ਅਪਰੈਲ	april:2	aprael:1	aprail:1
ਅਪਲਾਈ	aplaee:1	applie:1	apply:1
ਅਪਲਾਈਡ	applied:3
ਅਪਵਾਦ	apvad:2	apvaad:1
ਅਪਵਾਦਾਂ	apvadan:2	apwadan:1
ਅਪਵਿੱਤਰ	apavitar:1	apavittar:1	apvittar:1
ਅਪਸਰਾ	apsara:3	apasara:1
ਅਪਸ਼ਗਨ	apashagan:1	apshagan:1	ashagan:1	upshagan:1
ਅਪਹੁੰਚ	apahunch:2	aphunch:2
ਅਪਾ	apa:3	apaa:1
ਅਪਾਚੇ	apaache:3	apache:3	aapaache:1	apaachee:1
ਅਪਾਰ	apar:3
ਅਪਾਰਦਰਸ਼ੀ	apardarshi:3
ਅਪਾਹਜ	apahaj:3
ਅਪਾਹਜਤਾ	apaahjata:1	apahajata:1	apahajta:1
ਅਪੀਲ	appeal:2	apeel:1	apil:1	appeel:1
ਅਪੀਲਾਂ	apeelaan:1	apeelan:1	apilaan:1	appealan:1
ਅਪੁਸ਼ਟ	apushat:1	apushatt:1	apusht:1
ਅਪੂਰਣ	apuran:2	apuranh:1
ਅਪੂਰਨ	apuran:3
ਅਪੂਰਵ	apurav:2	apoorv:1
ਅਪੋਨ	apon:3	upon:1
ਅਪੋਲੋ	apolo:3	apollo:2	apoolloo:1	appollo:1
ਅਪ੍ਰਮਾਣਿਕ	apramanik:2	aprmanhik:1
ਅਪ੍ਰਵਾਨਗੀ	apravanagi:1	apravangi:1	aprvangi:1
ਅਪ੍ਰੈਲ	april:10	aprael:1	apreyl:1	apriil:1
ਅਪੰਗ	apang:3
ਅਪੰਗਤਾ	apangata:2	apangataa:1	apangta:1
ਅਫਗਾਨ	afgan:2	afagaan:1	afgaan:1	afghan:1
ਅਫਗਾਨਿਸਤਾਨ	afghanistan:6	afagaaistaan:1	afgaanistaan:1	afganistan:1
ਅਫਗਾਨਿਸਤਾਨੀ	afaganistani:1	afgaanistaani:1	afganistani:1
ਅਫਗਾਨੀ	afghani:5	afagaani:1	afgaani:1	afgani:1
ਅਫਜਲ	afjal:3
ਅਫਜ਼ਲ	afzal:3
ਅਫਰੀਕਨ	afreekan:1	african:1	afrikan:1
ਅਫਰੀਕਾ	africa:3	afreeka:1	afrika:1
ਅਫਰੀਕੀ	afriki:2	afreeki:1
ਅਫਰੀਦੀ	afridi:3	afreedi:2	afreedee:1
ਅਫਵਾਹ	afwah:2	afvah:1	afwaah:1
ਅਫਵਾਹਾਂ	afvahan:1	afwaahaan:1	aphvahan:1
ਅਫਸਰ	afasar:1	afficer:1	affisar:1	affishar:1
ਅਫਸਰਸ਼ਾਹੀ	afsarshahi:4	apharshaahi:1	apharshahi:1
ਅਫਸਰਾ	afsara:3
ਅਫਸਰਾਂ	afsaran:3
ਅਫਸੋਸ	afsos:3	afasos:1
ਅਫ਼ਗ਼ਾਨ	afagaan:1	afgan:1	afghan:1
ਅਫ਼ਗ਼ਾਨਾਂ	afganan:2	afagaana:1
ਅਫ਼ਗ਼ਾਨਿਸਤਾਨ	afagaanistaan:1	affgganistan:1	aphghaanistaan:1
ਅਫ਼ਗਾਨ	afagaan:1	afgan:1	afghan:1
ਅਫ਼ਗਾਨਿਸਤਾਨ	afaganistan:1	affganistan:1	afginstan:1	aphgaanistaan:1
ਅਫ਼ਗਾਨੀ	afagaani:1	affgani:1	aphgaani:1
ਅਫ਼ਜ਼ਲ	afzal:2	aphzal:1
ਅਫ਼ਰੀਕਾ	africa:3	afreekaa:1	afriikaa:1	afrika:1
ਅਫ਼ਰੀਕੀ	afriki:2	aphreeki:1
ਅਫ਼ਰੀਦੀ	afridi:2	aphreedi:1
ਅਫ਼ਲਾਤੂਨ	aflatoon:2	afalatoon:1	afflatun:1
ਅਫ਼ਵਾਹ	affvah:1	affwah:1	afwaah:1	afwah:1
ਅਫ਼ਵਾਹਾਂ	afavaahan:1	afvahan:1	afwaahaan:1
ਅਫ਼ਸਰ	afsar:1	aphashar:1	aphsar:1
ਅਫ਼ਸਰਸ਼ਾਹੀ	afsarshahi:2	aphsarshahi:1
ਅਫ਼ਸਰਾਂ	afsaraan:1	afsaran:1	aphsaran:1
ਅਫ਼ਸਾਨਾ	afasana:1	afsana:1	aphsana:1
ਅਫ਼ਸੋਸ	afasos:1	aphansos:1	aphnsos:1	aphsos:1
ਅਫ਼ੀਮ	afim:2	afeem:1
ਅਫੀਮ	afim:2	afeem:1
ਅਫੇਅਰ	affair:3
ਅਫ੍ਰੀਕਾ	africa:2	apharika:1
ਅਫ੍ਰੀਕੀ	africi:2	afriki:2
ਅਬ	ab:7
ਅਬਖ਼ਾਜ਼ੀਆ	abkhaajeea:1	abkhaajeeaa:1	abkhaajiiaa:1	abkhaazia:1
ਅਬਦ	abad:4	abd:1	abde:1	abed:1
ਅਬਦਲ	abdal:2	abadal:1
ਅਬਦਾਲੀ	abdaali:2	abdali:2	abbdali:1
ਅਬਦੁਰ	abdur:4	abdar:1
ਅਬਦੁਲ	abdul:5	abadul:1	abdal:1
ਅਬਦੁਲਾ	abdula:2	abdullah:1
ਅਬਦੁਲਾਹ	abdulaah:2	abdulah:1	abdullah:1
ਅਬਦੁੱਲਾ	abdulla:2	abdullah:2
ਅਬਰਾਰ	abrar:2	abraar:1
ਅਬਰਾਹਮ	abraham:2	abhraham:1
ਅਬਰਾਹਿਮ	abrahim:2	abraahim:1
ਅਬਲਾ	abla:3
ਅਬਾਦ	abad:3	abaad:1
ਅਬਾਦਕਾਰਾਂ	abadkaran:3	abadkara:1
ਅਬਾਦੀ	abadi:2	abaadi:1
ਅਬਾਦੀਆਂ	abaadeeaan:1	abadian:1	abadiyaan:1
ਅਬਾਸ	abas:4
ਅਬਿਨਾਸ਼ੀ	abinashi:3	abinaashi:1
ਅਬਿਨਾਸੀ	abinasi:2	abinaasi:1	aibnasi:1	ebnasi:1
ਅਬੀ	abi:2	abee:1
ਅਬੂ	aboo:2	abu:2	abbu:1	abuu:1
ਅਬੂਬਕਰ	aboobkar:1	abubakar:1	abubkar:1
ਅਬੋਲ	abol:3
ਅਬੋਹਰ	abohar:3
ਅਬ੍ਰਾਹਮ	abraham:3	abrahum:2	abrahim:1	abrahm:1
ਅਭਯ	abhay:2	abay:1
ਅਭਾਵ	abhav:3
ਅਭਿਆਨ	abhiaan:4	abhiyaan:1
ਅਭਿਆਸ	abhiaas:3	aibhaas:1	ebhyas:1
ਅਭਿਆਸੀ	abhiaasi:2	abhiaasee:1
ਅਭਿਜਾਤ	abhijat:2	abhijaat:1
ਅਭਿਨਏ	abhinae:2	abhinay:1	abhine:1	abhinye:1
ਅਭਿਨਵ	abhinav:3
ਅਭਿਨੀਤ	abhinit:2	abhineet:1
ਅਭਿਨੇ	abhine:3	abhiney:1
ਅਭਿਨੇਤਰੀ	abhinetri:2	abhinetari:1
ਅਭਿਨੇਤਰੀਆਂ	abhinetriyan:2	abhinaitaria:1	abhinetrian:1
ਅਭਿਨੇਤਾ	abhineta:3
ਅਭਿਨੇਤਾਵਾਂ	abhinetavan:2	abhinetawaan:1
ਅਭਿਨੈ	abhinai:2	abhinae:1
ਅਭਿਨੰਦਨ	abhinandan:3
ਅਭਿਮਾਨ	abhiman:8	abhimaan:1
ਅਭਿਮਾਨੀ	abhimani:2	abhimaanee:1	aibhmani:1	ebhmani:1
ਅਭਿਵਿਅਕਤ	abhiviyakt:2	abhiviakat:1
ਅਭਿਵਿਅਕਤੀ	abhiviakatee:1	abhiviyaktee:1	abhiviyakti:1
ਅਭਿਸ਼ੇਕ	abhishek:5
ਅਭੀਜੀਤ	abhijit:2	abhejeet:1
ਅਭੁੱਲ	abhull:2	abhul:1
ਅਭੂਤਪੂਰਵ	abhutpurav:2	abhatpurav:1	abhatpuraw:1	abhootpurav:1
ਅਭੇਦ	abhed:3
ਅਭੈ	abhae:2	abhai:1
ਅਭੰਗ	abhang:3
ਅਮ	am:4
ਅਮਜਦ	amjad:2	amajad:1
ਅਮਨ	aman:9	aaman:1	amana:1	amann:1
ਅਮਨਦੀਪ	amandeep:3
ਅਮਰ	amar:8	amara:1
ਅਮਰਗੜ	amagarh:1	amargad:1	amargadh:1	amargarh:1
ਅਮਰਜੀਤ	amarjeet:2	amarjit:1	amrjit:1
ਅਮਰਤਾ	amarta:2	amrta:1
ਅਮਰਦਾਸ	amardas:2	amrdas:1
ਅਮਰਦੀਪ	amardeep:2	amrdip:1
ਅਮਰਨਾਥ	amarnath:3
ਅਮਰਾਪੁਰਕਰ	amaraapurkar:1	amrapurak:1	amrapurkar:1
ਅਮਰਾਵਤੀ	amaraavatee:1	amravatee:1	amravati:1	amrvati:1
ਅਮਰਿੰਦਰ	amrinder:3	amrindar:1
ਅਮਰੀ	amaree:2	amari:1	amri:1
ਅਮਰੀਕ	amareek:1	amreek:1	amrik:1
ਅਮਰੀਕਨ	amareekn:1	amarican:1	amarkin:1	american:1
ਅਮਰੀਕਾ	amareeka:1	amarica:1	amarika:1	america:1
ਅਮਰੀਕੀ	amriki:2	amareeki:1	amarikee:1	amreecee:1
ਅਮਰੀਕੀਆਂ	amreekeean:1	amreekiyan:1	amrician:1	amrikian:1
ਅਮਰੀਸ਼	amareesh:1	amarish:1	amreesh:1	amrish:1
ਅਮਰੂਦ	amrud:2	amrood:1
ਅਮਰੋਹੀ	amrohi:2	amrohee:1
ਅਮਲ	amal:2	aml:1
ਅਮਲਾ	amala:2	amla:1
ਅਮਲਾਂ	amalan:2	amlan:1
ਅਮਲੀ	amalee:1	amali:1	amli:1
ਅਮਾਂਡਾ	amaanda:2	amanda:1	amandda:1
ਅਮਾਨਤ	amaanat:1	amanat:1	amant:1
ਅਮਾਨਵੀ	amaanvi:1	amanvi:1	amanwi:1
ਅਮਾਮ	amaam:2	amam:1
ਅਮਿਤ	amit:4	aimat:1	amat:1	amita:1
ਅਮਿਤਾਬ	amitab:2	amitabh:1
ਅਮਿਤਾਭ	amitabh:4	ameetabh:1	amitab:1
ਅਮਿਤਾਵ	amitav:2	amitaw:1
ਅਮਿਤੋਜ	amitoj:3
ਅਮਿੱਟ	amitt:2	ammit:1	ammitt:1
ਅਮੀਨ	ameen:4	amin:1
ਅਮੀਨਾ	ameena:3
ਅਮੀਨੋ	amino:3	ameeno:1	amiino:1	aminoo:1
ਅਮੀਰ	ameer:2	amir:1
ਅਮੀਰਾ	ameera:2	amira:1
ਅਮੀਰਾਂ	ameeraan:1	ameeran:1	amiran:1
ਅਮੀਰਾਤ	ameerat:2	amirat:1
ਅਮੀਰੀ	amiri:2	ameeri:1
ਅਮੁੱਕ	amukk:3
ਅਮੁੱਲ	amull:3
ਅਮੂਰਤ	amoorat:1	amoort:1	amurat:1
ਅਮੇਰਿਕਾ	america:2	amerika:1
ਅਮੈਰਿਕਾ	america:4	amerika:1
ਅਮੋਨੀਅਮ	ammonium:2	amoneeam:1	amoniam:1
ਅਮੋਨੀਆ	ammonia:2	ammoniia:1	ammoniiya:1	ammoniya:1
ਅਮੋਲ	amol:3
ਅਮੋਲਕ	amolak:3
ਅਮੋੜ	amod:2	amodh:1
ਅਮ੍ਰਿਤ	amrit:3
ਅਮ੍ਰਿਤਸਰ	amritsar:8
ਅਮ੍ਰਿਤਾ	amrita:3
ਅਮ੍ਰਿੰਤਸਰ	amritsar:3	amritsur:1
ਅਯਾਤ	ayaat:2	ayat:1
ਅਯਾਮ	ayam:2	ayaam:1
ਅਯਾਮਾਂ	ayaman:2	ayaaman:1
ਅਯਾਮੀ	ayami:2	ayaami:1	ayamee:1
ਅਯਾਸ਼ੀ	ayashi:2	ayyashee:1	ayyashi:1
ਅਯੁਧਿਆ	ayudhiya:3	ayudhia:1
ਅਯੁੱਧਿਆ	ayudhiya:3	aayodhyoya:1	ayidhia:1	ayodhaya:1
ਅਯੂਬ	ayub:3
ਅਯੋਗ	ayog:3
ਅਯੋਗਤਾ	ayogta:2	ayogata:1
ਅਯੋਧਿਆ	ayodhya:2	ayodhaya:1	ayodhiaa:1	ayodhiya:1
ਅਰਕ	arak:3	ark:1
ਅਰਚਨਾ	archana:3	archanaa:1	archna:1
ਅਰਜਣ	arjan:3	arjann:1
ਅਰਜਨ	arjan:10	arjun:1
ਅਰਜਨਟੀਨਾ	argenteena:1	argentina:1	arjanteena:1
ਅਰਜਨਟੀਨੀ	argenteeni:1	argentini:1	arjanteeni:1
ਅਰਜ਼	araj:2	araz:2
ਅਰਜ਼ੀ	arzi:4	arzee:2	arazi:1
ਅਰਜ਼ੀਆਂ	arzian:2	arazian:1	arziaan:1	arziyan:1
ਅਰਜਿਤ	arjit:3	arzit:1
ਅਰਜੁਨ	arjun:5	arjoon:2	aarjun:1	aaruuna:1
ਅਰਜੁਨਾ	arjuna:3
ਅਰਜੋਈ	arjoi:2	arjoee:1
ਅਰਤਿੰਦਰ	artinder:3
ਅਰਥ	arth:2	arath:1
ਅਰਥਚਾਰਾ	arthchara:2	arathchaara:1
ਅਰਥਚਾਰਿਆਂ	arathchariaan:1	arthchariaan:1	arthcharian:1
ਅਰਥਚਾਰੇ	arthchare:2	arathchaare:1
ਅਰਥਪੂਰਨ	arathpooran:1	arathpuran:1	arthapooran:1
ਅਰਥਵਾਨ	arathvan:1	arthavan:1	arthvaan:1
ਅਰਥਵਿਵਸਥਾ	arthvivastha:2	arthvivasthaa:1	arthwiwastha:1
ਅਰਥਸ਼ਾਸਤਰ	arthshasatar:1	arthshastar:1	arthshaster:1
ਅਰਥਸ਼ਾਸਤਰੀ	arthshastaree:1	arthshastari:1	arthshasteri:1
ਅਰਥਸ਼ਾਸਤਰੀਆਂ	aarthshastariya:1	arathshasatareean:1	arthshastarian:1
ਅਰਥਸ਼ਾਸ਼ਤਰੀ	arathshashataree:1	arthashashatri:1	arthshashtari:1
ਅਰਥਹੀਣ	arthheen:2	arthheenn:1
ਅਰਥਾ	artha:3	arthaa:1
ਅਰਥਾਂ	arthan:3
ਅਰਥਾਇਆ	arthaaiaa:1	arthaiaa:1	arthayeaa:1	arthayiaa:1
ਅਰਥਾਤ	arthaat:2	arthat:2
ਅਰਦਲੀ	ardali:3
ਅਰਦਾਸ	ardaas:3	ardas:2
ਅਰਦਾਸਾ	ardasa:2	ardaasa:1
ਅਰਦਾਸਾਂ	ardaasaan:1	ardasaan:1	ardasan:1
ਅਰਦਾਸੇ	ardaase:1	ardase:1	arsaase:1
ਅਰਧ	aradh:2	ardh:1
ਅਰਨਸਟ	arnecet:1	arnesht:1	arnest:1	arnicit:1
ਅਰਨੇਸਟ	arnesat:2	arneast:1	arnest:1	earnest:1
ਅਰਪਣ	arpan:2	arpann:1
ਅਰਪਨ	arpan:3
ਅਰਪਿਤ	arpit:3
ਅਰਬ	arab:4	araba:1	arabb:1
ਅਰਬਪਤੀ	arabpati:3
ਅਰਬਪਤੀਆਂ	arabpatiaan:2	arbpatian:1
ਅਰਬਾਂ	arban:3
ਅਰਬੀ	arbi:3
ਅਰਬੀਆ	arbiaa:2	arabiaa:1
ਅਰਮ	aram:3
ਅਰਮਾਨ	arman:2	armaan:1
ਅਰਮਾਨਾਂ	armanan:2	armaana:1
ਅਰਮੀਨੀਆ	armenia:2	armania:1	armaniia:1	armeeniaa:1
ਅਰਲ	aral:3
ਅਰਵਿੰਦ	arvind:7	arwind:1
ਅਰਵਿੰਦਰ	arvinder:2	arvindar:1
ਅਰਸਤੂ	arsatu:2	arastoo:1	arastu:1	arstu:1
ਅਰਸ਼	arash:3	arsh:2
ਅਰਸ਼ਦ	arshad:3
ਅਰਸ਼ੀ	arshi:3
ਅਰਸਾ	arsa:3	arasa:1
ਅਰਸਿਆਂ	arsian:2	arasian:1	arsean:1	arsiyan:1
ਅਰਸੇ	arse:3	arsay:1
ਅਰਾਈਂ	arayin:2	araaeen:1
ਅਰਾਜਕਤਾ	arajakta:3	arajaqta:1
ਅਰਾਜਕਤਾਵਾਦ	arajaktawad:2	araajaktaavaad:1	arajaktavad:1	arajaqtawad:1
ਅਰਾਜਕਤਾਵਾਦੀ	arajaktawaadee:1	arajaktawadi:1	arajaqtavadi:1	arajaqtawadi:1
ਅਰਾਧਨਾ	aradhana:2	aradhna:2
ਅਰਾਧਿਆ	aradhiaa:2	ariadhya:2	aradea:1	aradhiya:1
ਅਰਾਮ	aram:3	aaram:1	araam:1
ਅਰਾਮਦਾਇਕ	aramdaik:3	aramdaek:1
ਅਰਾਵਲੀ	arawali:2	arawalee:1
ਅਰੀ	ari:2	aree:1
ਅਰੀਜ਼ੋਨਾ	arizona:4	areejonaa:1	arizonaa:1	azeezona:1
ਅਰੁਚੀ	aruchi:2	aruchee:1
ਅਰੁਣ	arun:4	aran:1
ਅਰੁਣਾ	aruna:3
ਅਰੁਣਾਂਚਲ	arunanchal:2	arunachal:1	arunnanchal:1
ਅਰੁਣਾਚਲ	arunachal:3
ਅਰੁਨ	arun:3
ਅਰੁੰਧਤੀ	arnudhati:1	arundati:1	arundhatee:1	arundhati:1
ਅਰੂਪ	arup:2	aroop:1
ਅਰੂਬਾ	arooba:1	aruba:1	aruuba:1
ਅਰੂੜ	arud:3	arood:1	aroor:1
ਅਰੇ	are:3	arey:1
ਅਰੇਬੀਆ	arabia:3	aarebia:1	aarebiia:1	aareebia:1
ਅਰੋੜਾ	aroda:4	arora:3	arodaa:1	arodda:1
ਅਰੰਭ	arambh:2	arnabh:1
ਅਰੰਭਕ	arambhak:2	arambhaq:1	arnabhak:1
ਅਰੰਭਿਕ	arambhik:2	arambhiq:1	arnabhik:1
ਅਰੰਭੇ	arambhe:2	arnbhe:1
ਅਲ	al:5
ਅਲਕਨੰਦਾ	alaknanda:3
ਅਲਕਲੀ	alkalee:1	alkali:1	alkalii:1	alqalee:1
ਅਲਕਾ	alka:3	alaka:2	aalaakaa:1	aalkaa:1
ਅਲਕਾਇਦਾ	alakaida:1	alakayida:1	alkayida:1
ਅਲਖ	alakh:3	alkh:1
ਅਲਗ	alag:4
ਅਲਗੋਜ਼ਿਆਂ	algoziyan:2	algoziaan:1
ਅਲਜਬਰੇ	aljabare:2	algabre:1	algebre:1
ਅਲਜੀਰੀਆ	algeria:3
ਅਲਟਰਾਵਾਇਲਟ	ultraviolet:2	altraviolet:1	altrawailat:1	ultraavailat:1
ਅਲਟਰਾਸਾਉਂਡ	ultrasound:4	ultarasound:1	ulterashound:1	ulterasound:1
ਅਲਟੀਮੇਟਮ	altimatam:1	altimetam:1	ultimatam:1	ultimatum:1
ਅਲਤਮਸ਼	altamash:2	altmsh:1
ਅਲਤੂਨੀਆ	altooneea:1	altooneeaa:1	altuniyaa:1
ਅਲਥੂਜ਼ਰ	alkhoozar:1	althoozar:1	althuzar:1
ਅਲਪ	alap:3	alp:1
ਅਲਫ਼	alaf:3	alaph:1
ਅਲਫ਼ਾ	alfa:2	alfaa:1	alpha:1
ਅਲਫੋਨਸੋ	alfansho:1	alfanso:1	alfansoo:1	alfenshoo:1
ਅਲਬਰਟ	albbert:1	albert:1	albrt:1
ਅਲਬਰਟਾ	albarta:2	alberta:2	albartaa:1	albertaa:1
ਅਲਬਾਨਿਆ	albaania:1	albania:1	albaniya:1
ਅਲਬਾਨੀਆ	albania:2	albaniya:1
ਅਲਬਾਮਾ	albama:2	alabama:1
ਅਲਮਸਤ	alamast:1	alamsat:1	almasat:1
ਅਲਮਾ	alma:3
ਅਲਮਾਰੀ	almari:2	almaari:1
ਅਲਮਾਰੀਆਂ	almaareeaan:1	almareeyan:1	almariyan:1
ਅਲਮੀਨੀਅਮ	aluminiam:2	aluminium:2	alyuminiam:2
ਅਲਮੋੜਾ	almoda:2	alsoda:1
ਅਲਰਜੀ	alarjee:2	alarji:2
ਅਲਵਰ	alvar:3	alvad:1	alwar:1
ਅਲਵਾ	alva:2	alvaa:2	alwa:2	alwaa:1
ਅਲਵਿਦਾ	alvida:2	alwida:1
ਅਲਸਰ	alsar:3	ulcer:2
ਅਲਹਿਦਗੀ	alahidagi:1	alhidagee:1	allahedgee:1	allahedgi:1
ਅਲਾ	ala:3	alaa:1	ula:1
ਅਲਾਇੰਸ	alliance:2	alains:1
ਅਲਾਈਡ	alied:1	allied:1	allyd:1	alyd:1
ਅਲਾਉਦੀਨ	alauddin:2	alaudeen:1	alaudin:1
ਅਲਾਉੱਦੀਨ	alauddin:2	allaudin:1
ਅਲਾਊਦੀਨ	alaoodeen:1	alaudin:1	allaudin:1
ਅਲਾਟ	alaat:1	allat:1	allot:1
ਅਲਾਦੀਨ	aladin:2	aladeen:1
ਅਲਾਨ	alaan:2	alan:1
ਅਲਾਮਤ	alamat:3
ਅਲਾਮਤਾਂ	alamtan:2	aalamtan:1	alamatan:1
ਅਲਾਮਾ	alama:3
ਅਲਾਰਡ	alarad:1	alard:1	allard:1
ਅਲਾਰਮ	aalaaraam:1	aalaarm:1	alaaram:1	alaarm:1
ਅਲਾਵੇ	alave:3	alawe:1
ਅਲਾਸਕਾ	alaska:4	alasqa:2	alaaska:1	alaaskaa:1
ਅਲਾਹ	alah:3	alaah:1	alaugh:1	allah:1
ਅਲਾਹਾਬਾਦ	alahabad:2	alahabaad:1
ਅਲਾਹੁਣੀ	alahuni:2	alahunee:1
ਅਲਾਹੁਣੀਆਂ	alahuneean:1	alahuniaan:1	alahuniyan:1
ਅਲਿਫ	alif:2	aliph:1
ਅਲੀ	ali:3	alee:2	alii:1
ਅਲੀਆ	aliaa:2	aleea:1
ਅਲੀਗੜ	aligad:1	aligarh:1	aligarr:1
ਅਲੀਗੜ੍ਹ	aligarh:3	aleegarh:1	aligadh:1	aligar:1
ਅਲੀਜਾ	aleeja:2	alija:2
ਅਲੀਮ	aleem:2	alim:1
ਅਲੀਸ਼ਬਾ	aleeshaba:1	alishaba:1	alishba:1
ਅਲੀਸ਼ੇਰ	alisher:3
ਅਲੇਕ	alek:3
ਅਲੈਕਸਿਸ	alexis:2	alaiksis:1
ਅਲੈਕਸੀ	alaiksi:1	alaxy:1	alexi:1
ਅਲੈਗਜ਼ੈਂਡਰ	alaigazaindar:1	alaigzaindr:1	alexander:1
ਅਲੈਗਜੈਂਡਰ	alexander:4	alaigjaindr:1	alegxander:1
ਅਲੋਕਿਕ	alokik:3
ਅਲੋਚਕ	alochak:3
ਅਲੋਚਨਾ	alochana:3
ਅਲੋਚਨਾਂ	alochanan:2	alochnan:1
ਅਲੋਚਨਾਤਮਕ	alochanatamak:2	alochnatmak:1
ਅਲੋਪ	alop:3
ਅਲੋਰਾ	alora:3
ਅਲੌਕਿਕ	alaukik:2	alokik:2
ਅਲੌਕਿਕਤਾ	alokikta:2	alaukikata:1	alaukikta:1
ਅਲੰਕਾਰ	alankar:3
ਅਲੰਕਾਰਾਂ	alankaran:3
ਅਲੰਕ੍ਰਿਤ	alankrit:3
ਅਲੱਗ	alag:1	alagg:1	aldag:1
ਅਵਗਿਆ	avagia:1	avagiaa:1	avgiaa:1
ਅਵਗੁਣਾਂ	avguna:1	avgunaan:1	avgunan:1
ਅਵਚੇਤਨ	avchetan:3	awchetan:1
ਅਵਤਰਣ	avtaran:2	avataran:1
ਅਵਤਰਿਤ	avtarit:2	avatrit:1
ਅਵਤਾਰ	avtaar:3	avtar:2
ਅਵਤਾਰਵਾਦ	avtaarvaad:1	avtaarvad:1	avtarwad:1
ਅਵਤਾਰਾ	avtara:2	avtaara:1
ਅਵਤਾਰਾਂ	avtaran:2	avtaaraan:1
ਅਵਤਾਰੀ	avtaari:2	avtari:1
ਅਵਧ	avadh:3
ਅਵਧਾਰਣਾ	avdharna:2	avdhaarna:1
ਅਵਧੀ	avadhi:2	avdhi:1
ਅਵਧੂਤ	avdhut:2	avdhoot:1
ਅਵਨੀ	avani:1	avnee:1	avni:1	awni:1
ਅਵਰ	avar:3	awar:1
ਅਵਰੋਧ	avarodh:2	avrodh:1
ਅਵਲ	aval:4
ਅਵਸਥਾ	avastha:2	awastha:2	awasthaa:1
ਅਵਸਥਾਵਾਂ	avasthawan:2	awasthavan:2	avasthavan:1	awasthawan:1
ਅਵਸਥੀ	avasthi:2	awasthi:2
ਅਵਸਰ	avsar:2	avasar:1
ਅਵਸ਼	avash:4
ਅਵਸ਼ੇਸ਼	avshesh:2	avashesh:1
ਅਵਹੇਲਨਾ	avahelana:1	avhelana:1	avhelna:1
ਅਵਾਜ	avaaj:2	awaj:1
ਅਵਾਜ਼	avaaz:2	awaaz:1
ਅਵਾਜ਼ਾਂ	avaajan:1	avaazan:1	avazaan:1	awazan:1
ਅਵਾਜਾ	avaja:2	avaaja:1	awaja:1
ਅਵਾਜਾਂ	avajaan:2	avaajan:1	awajan:1
ਅਵਾਮ	avaam:1	avam:1	awaam:1
ਅਵਾਮੀ	avami:2	avaami:1	awami:1
ਅਵਾਰ	avaar:2	awar:2	awaar:1
ਅਵਾਰਡਾਂ	avardan:1	awardaan:1	awardan:1
ਅਵਾਰਾ	avara:2	awara:2	awaara:1
ਅਵਾਸੀਆਂ	avasiaan:1	avasian:1	avasiyaan:1
ਅਵਿਕਸਤ	aviksat:3
ਅਵਿਕਸਿਤ	aviksit:2	avikasit:1
ਅਵਿਕਾਰੀ	avikari:3	avikaree:1
ਅਵਿਨਾਸ਼	avinash:2	avinaash:1	avinas:1
ਅਵਿਸ਼ਵਾਸ	avishwas:2	avishavas:1	avishvas:1
ਅਵਿਸ਼ਵਾਸ਼	avishavash:1	avishvas:1	avishwas:1	avishwash:1
ਅਵੀ	avi:3
ਅਵੀਵ	aviv:3	aveev:2	aveew:1	aviiv:1
ਅਵੇ	ave:3	avay:1	avey:1	avie:1
ਅਵੇਸਤਾ	avesta:3
ਅਵੇਸਲਾ	avesla:2	avesala:1
ਅਵੇਸਲੇ	avesle:2	avesale:1
ਅਵੰਤੀ	avanti:3	awanti:1
ਅਵੱਗਿਆ	avaggiaa:1	avagia:1	avagiaa:1
ਅਵੱਲ	avval:2	avall:1
ਅਵੱਸ਼	aawash:1	avash:1	awash:1
ਅਵੱਸ਼ਕ	avashak:1	avshaek:1	avsshak:1	avsshaq:1
ਅਸਗਰ	asgar:2	asagar:1
ਅਸਚਰਜ	ascharaj:2	asacharaj:1
ਅਸਚਰਜਤਾ	asacharjata:1	ascharajata:1	ascharjta:1
ਅਸਟਰਾਗਨ	astragan:2	astragen:1
ਅਸਟਰੀਆ	austria:2	asatareeaa:1	astria:1
ਅਸਟਰੇਲੀਆ	australia:3	astareleeaa:1
ਅਸਟੇਟ	estate:2	astate:1
ਅਸਟ੍ਰੇਲੀਆ	australia:3	astrelia:1
ਅਸਤ	asat:2	ast:2
ਅਸਤਬਲ	astabal:3
ਅਸਤਰ	astar:3	eshthar:1	eshther:1	esthar:1
ਅਸਤਿਤਵ	astitav:3
ਅਸਤਿਤਵਵਾਦ	astitavavaad:1	astitvawaad:1	atitavawad:1
ਅਸਤਿੱਤਵ	astittav:3
ਅਸਤੀਤਵ	asteetav:2	astitav:1
ਅਸਤੀਫ਼ਾ	asteefa:1	astifa:1	astifaa:1
ਅਸਤੀਫਾ	asateephaa:1	asteefa:1	astifa:1
ਅਸਤੀਫੇ	asteefe:3	astife:2
ਅਸਥਮਾ	asthma:3	aasthma:1
ਅਸਥਾਈ	asthaaee:1	asthaee:1	asthayee:1
ਅਸਥਾਨ	asthan:3
ਅਸਥਿਰ	asthir:2	asathir:1
ਅਸਥਿਰਤਾ	asthirata:2	asthirta:2
ਅਸਥੀਆਂ	asthian:2	asathiaan:1	asthiyan:1
ਅਸਦ	asad:4	ashad:1
ਅਸਧਾਰਣ	asadharan:1	asatharan:1	asdhaarann:1
ਅਸਧਾਰਨ	asadharan:2	asadhaaran:1
ਅਸਧਾਰਨਤਾ	asadharanta:2	asadhaarnataa:1
ਅਸਪਸ਼ਟ	aspasht:2	asapashatt:1
ਅਸਪਸ਼ਟਤਾ	aspashatata:1	aspashtta:1	aspshtata:1
ਅਸਪੱਸ਼ਟ	aspasht:2	asapashatt:1
ਅਸਪੱਸ਼ਟਤਾ	asapasshatta:1	aspashtata:1	aspashtta:1
ਅਸਫਲ	asafal:2	asfal:1
ਅਸਫਲਤਾ	asafalta:2	asaflta:1
ਅਸਫਲਤਾਵਾਂ	asafaltavan:2	asafaltawan:1
ਅਸਫ਼ਲ	asafal:3
ਅਸਫ਼ਲਤਾ	asafalta:3
ਅਸਬਾਬ	asbab:2	asabab:1
ਅਸਭਿਅਕ	asabhiak:2	asabheyak:1	asabhiaq:1	asabhiyak:1
ਅਸਮ	asam:2	assam:1
ਅਸਮਰਥ	asamarath:1	asamrath:1	assamarth:1
ਅਸਮਰਥਤਾ	asamarthata:2	asamarathata:1	asamrathata:1
ਅਸਮਰਥਾ	asamaratha:1	asamarth:1	asamratha:1
ਅਸਮਰੱਥ	asamarrath:1	asamartth:1	asamratth:1
ਅਸਮਰੱਥਾ	asamarratha:1	asamarttha:1	asamrathha:1	asamrattha:1
ਅਸਮਾਜਿਕ	asamajik:2	asamajiq:1	asmajik:1
ਅਸਮਾਨ	asmaan:2	asamaan:1	asman:1
ਅਸਮਾਨਤਾ	asamanata:1	asmaanta:1	asmanata:1	asmanta:1
ਅਸਮਾਨਤਾਵਾਂ	asmantavan:2	asamanatavan:1
ਅਸਮਾਨਾਂ	asamaana:1	asmaanaan:1	asmana:1	asmanan:1
ਅਸਮਾਨੀ	asamani:1	asmaani:1	asmani:1
ਅਸਮਾਨੇ	asmane:3	asmaane:1
ਅਸਮਿਤਾ	asamita:1	asmita:1	asmitaa:1
ਅਸਮੰਜਸ	asmanjas:2	asmanjs:1
ਅਸਰ	asar:2	asr:1
ਅਸਰਦਾਇਕ	asaradaik:1	asardaaik:1	asardaik:1
ਅਸਰਦਾਰ	asaradaar:1	asardaar:1	asardar:1
ਅਸਰਾਂ	asran:2	asaraan:1
ਅਸਰਾਜ	asraj:2	asraaj:1
ਅਸਰਾਨੀ	asrani:2	asaraanee:1
ਅਸਲ	asal:3
ਅਸਲਮ	aslam:3
ਅਸਲਾ	asla:2	asalaa:1
ਅਸਲੀ	asli:2	asalee:1	asali:1
ਅਸਲੀਅਤ	asleeat:1	asliat:1	asliyat:1
ਅਸਲੀਲਤਾ	asalilta:1	ashleelta:1	aslilata:1
ਅਸਲੇ	asle:2	asale:1
ਅਸਲੋਂ	asalon:1	aslon:1	asloun:1
ਅਸਵੀਕਾਰ	asweekar:2	asvikar:1
ਅਸਹਿ	asahi:3
ਅਸਹਿਮਤ	asahimat:2	ashimat:1
ਅਸਹਿਮਤੀ	asahimati:1	ashimatee:1	ashimati:1
ਅਸਹਿਮਤੀਆਂ	asahimatiaan:2	asahimateean:1
ਅਸਹਿਯੋਗ	asahiyog:3
ਅਸ਼ਕੇ	ashake:2	ashke:1	ashqe:1
ਅਸ਼ਟ	ashat:2	asth:1
ਅਸ਼ਟਾਮ	ashtaam:2	ashtam:1
ਅਸ਼ਫਾਕ	ashafak:1	ashfak:1	ashfaq:1
ਅਸ਼ਰ	ashar:2	ashr:1
ਅਸ਼ਰਫ	asharaph:2	ashraf:2	ashhraf:1	ashhraph:1
ਅਸ਼ਰਫ਼	asharaf:2	ashraf:1
ਅਸ਼ਲੀਲ	ashalil:1	ashleel:1	ashlil:1
ਅਸ਼ਲੀਲਤਾ	ashleelta:1	ashlilata:1	ashlilta:1
ਅਸ਼ਵਨੀ	ashwani:2	ashvani:1
ਅਸ਼ਵਿਨ	ashwin:3
ਅਸ਼ਵਿਨੀ	ashwini:3
ਅਸ਼ਵੇਤ	ashwet:2	ashvet:1
ਅਸ਼ਾਂਤੀ	ashanti:2	ashaantee:1
ਅਸ਼ਿਸ਼ਟ	ashisht:2	ashishat:1
ਅਸ਼ੀਮ	asheem:2	ashish:1
ਅਸ਼ੀਰਵਾਦ	asheerwad:2	ashirwad:1
ਅਸ਼ੁਧੀਆਂ	ashuddiyan:1	ashudhian:1	ashudhiyaa:1	ashudhiyan:1
ਅਸ਼ੁਭ	ashubh:3	ashubha:1
ਅਸ਼ੁੱਧ	ashudh:2	ashuddh:1
ਅਸ਼ੁੱਧਤਾ	ashudhta:2	ashuddhta:1	ashudhata:1
ਅਸ਼ੁੱਧੀਆਂ	ashudhiyan:2	ashuddhiyaan:1	ashuddhiyan:1	ashudhiyaan:1
ਅਸ਼ੁੱਭ	ashubh:2	ashubbh:1
ਅਸ਼ੋਕ	ashok:6	ashhok:1	ashoka:1	ashook:1
ਅਸ਼ੋਕਾ	ashoka:3
ਅਸਾ	asa:3
ਅਸਾਧਾਰਣ	asadharan:3
ਅਸਾਧਾਰਨ	asadharan:3
ਅਸਾਨ	asaan:3
ਅਸਾਨੀ	asaani:2	asani:1
ਅਸਾਨੂੰ	asaanu:1	asannoo:1	asanoon:1	asanun:1
ਅਸਾਮ	assam:4	aasam:1	aasham:1	asaam:1
ਅਸਾਮੀ	asaami:2	asami:1
ਅਸਾਰ	asaar:3
ਅਸਾਵੀਂ	asanvi:1	asaveen:1	asavin:1
ਅਸਿਧੇ	asidhe:3
ਅਸਿਨ	asin:3
ਅਸਿਸਟੈਂਟ	assistant:3	asisataent:1
ਅਸਿੱਖਿਅਤ	asikhiat:1	asikhkhiat:1	asikkhiat:1
ਅਸਿੱਧਾ	asiddha:1	asidha:1	asidhdha:1
ਅਸਿੱਧੀ	asiddhi:2	asidhi:1
ਅਸਿੱਧੇ	asiddhe:2	asidhe:1
ਅਸੀ	asi:4
ਅਸੀਂ	aseen:4	asin:2	aseenn:1
ਅਸੀਜਾ	aseeja:3	asija:2
ਅਸੀਨ	aseen:2	asin:2
ਅਸੀਮ	aseem:2	asis:1
ਅਸੀਸ	asees:3	asis:1
ਅਸੀਸਾਂ	aseesan:3	asisan:2
ਅਸੁਰਾਂ	asuran:2	asuraan:1
ਅਸੁਰੱਖਿਅਤ	asuarakkhiyat:1	asurakheyat:1	asurakhiat:1
ਅਸੁਰੱਖਿਅਤਾ	asurakhyeta:1	asurkhiata:1	asurrkhiyata:1
ਅਸੁਵਿਧਾਜਨਕ	asuvidhajanak:3
ਅਸੂ	asoo:3	asu:2	asuu:1
ਅਸੂਲ	asool:3	asul:2	asuul:1
ਅਸੂਲਾਂ	asoolan:3	asulan:2
ਅਸੂਲੀ	asooli:3	asulee:1	asuli:1
ਅਸੇਂਬਲੀ	aseembly:1	asembly:1	ashembly:1	ashshemblee:1
ਅਸੈਬਲੀ	assembly:2	asebly:1
ਅਸੋਕ	asok:2	ashok:1
ਅਸੰਗ	asang:2	asangh:1
ਅਸੰਗਤੀ	asangati:3	asangatee:1
ਅਸੰਤੁਲਨ	asantulan:2	asatulan:1
ਅਸੰਤੁਸ਼ਟਤਾ	asantushtata:2	asantushtdta:1
ਅਸੰਤੁਸ਼ਟੀ	asantushti:2	asantushtdee:1	asantushtee:1
ਅਸੰਤੋਸ਼	asantosh:3
ਅਸੰਬੰਧਿਤ	asambandhit:2	asambhandit:1
ਅਸੰਭਵ	asambhav:3
ਅਸੱਭਿਆ	asabbhia:1	asabbhiaa:1	asbhiya:1
ਅਹਮ	aham:3	ahem:2	ahum:1	eham:1
ਅਹਮਦ	ahmad:3	ahmed:2	ehmad:1
ਅਹਮਦਾਬਾਦ	ahmedabad:3
ਅਹਮੀਅਤ	ahmiyat:2	ehmeeat:1	ehmeeyat:1
ਅਹਾਨਾ	ahana:3
ਅਹਾਰ	ahaar:3	ahar:1
ਅਹਿ	ahi:3	ah:1	ahe:1	aih:1
ਅਹਿਜੇ	ahije:3	aheje:1
ਅਹਿਦ	ahid:2	ahed:1	eehed:1
ਅਹਿਦਨਾਮਾ	ahednaama:1	ahednama:1	ahidnama:1	eehednama:1
ਅਹਿਦਨਾਮੇ	ahednaame:2	ahidname:1
ਅਹਿਮ	aham:1	aiham:1	eham:1
ਅਹਿਮਦ	ahmed:3	ahmad:2	ahemad:1	ahimad:1
ਅਹਿਮਦਗੜ	ahemadgarh:2	ahmedgarh:1
ਅਹਿਮਦਗੜ੍ਹ	ahemadgarh:1	ahemadgarhh:1	ahmedgarh:1
ਅਹਿਮਦਨਗਰ	ahemadnagar:2	ahmednagar:1
ਅਹਿਮਦਾਬਾਦ	ahmedabad:2	ahemadabaad:1	ahemdabad:1	ahimadabad:1
ਅਹਿਮੀਅਤ	ahemiyat:1	ahimiat:1	ehmiyat:1
ਅਹਿਲ	ahil:2	ahel:1	ahill:1
ਅਹਿਲਕਾਰਾਂ	ahelkaraan:1	ahilkaaran:1	ahilkaran:1
ਅਹਿਲਿਆ	ahileya:1	ahilia:1	ahiliya:1
ਅਹਿਵਾਲ	aheval:1	ahivaal:1	ahival:1	ahiwal:1
ਅਹਿਸਾਨ	ahsan:2	ahisaan:1	ahsaan:1	ehsaan:1
ਅਹਿਸਾਸ	ahisas:2	ehsas:2	ahisaas:1	ahsaas:1
ਅਹਿਸਾਸਾਂ	ahisasan:2	ahisaansan:1	ehsasan:1
ਅਹਿੰਸਕ	ahinsak:3
ਅਹਿੰਸਾ	ahinsa:3
ਅਹੀਰ	aheer:2	ahir:2
ਅਹੁਦਾ	ahuda:3
ਅਹੁਦਿਆਂ	ahudian:3	ahudiaan:2	ahudiyan:1
ਅਹੁਦੇ	ahude:3
ਅਹੁਦੇਦਾਰ	ahudedar:2	ahudedaar:1
ਅਹੂਜਾ	ahuja:3
ਅੜ	ad:1	adh:1	ar:1
ਅੜਚਨ	adchan:2	adhchan:1
ਅੜਚਨਾਂ	adchanan:2	adhchanan:1
ਅੜਾਉਣੀ	adauni:1	adhaunhi:1	arhauni:1	arhayuni:1
ਅੜਿਆ	adhiya:1	adia:1	arheya:1
ਅੜਿੱਕਿਆਂ	addikian:1	adikian:1	arhikkeyan:1	arikian:1
ਅੜਿੱਕੇ	adikke:2	addike:1	adhike:1	adhke:1
ਅੜਿੱਲ	adhil:1	adial:1	ariall:1
ਅੜੀ	adhi:1	adi:1	ari:1
ਅੜੀਅਲ	adhiyal:1	adial:1	arial:1
ਅੜੀਏ	adhiye:1	adiye:1	ariae:1
ਅੜੀਓ	adhiyo:1	adiuo:1	ariau:1
ਅੰਕ	ank:3
ਅੰਕਗਣਿਤ	ankganit:2	ankganint:1
ਅੰਕਾਂ	ankaan:2	ankan:1
ਅੰਕਾਰਾ	ankara:2	ankaara:1
ਅੰਕਿਤ	ankit:5	aikat:1	ainkat:1
ਅੰਕੀ	anki:2	ankee:1
ਅੰਕੁਰ	ankur:3
ਅੰਕੁਸ਼	ankush:3
ਅੰਕੜਾ	aankaadaa:1	aankaaraa:1	aankadaa:1	aankdaa:1
ਅੰਕੜਿਆਂ	ankadiaan:1	ankdian:1	ankrhiaan:1
ਅੰਕੜੇ	ankade:4	ankande:1	ankarhe:1
ਅੰਗ	ang:9
ਅੰਗਦ	angad:3
ਅੰਗਰੇਜ	angrej:6
ਅੰਗਰੇਜ਼	angrez:4
ਅੰਗਰੇਜ਼ਾ	angreza:2	angrezaa:1
ਅੰਗਰੇਜ਼ਾਂ	angrezan:2	angrezaa:1
ਅੰਗਰੇਜ਼ੀ	angrezi:7	angrezee:2	angreji:1
ਅੰਗਰੇਜਾਂ	angrejaa:1	angrejan:1	angrezan:1
ਅੰਗਰੇਜੀ	angreji:4
ਅੰਗਾ	angaa:2	anga:1
ਅੰਗਾਂ	angan:3	angaan:1
ਅੰਗਾਰਾ	angaara:2	angara:1
ਅੰਗੀ	angi:3	angee:2
ਅੰਗੀਕਾਰ	angikar:3	angeekar:2
ਅੰਗੂਠੀ	anguthi:2	angoothee:1
ਅੰਗੂਠੀਆਂ	angootheeaan:1	anguthian:1	anguthiyaan:1
ਅੰਗੂਠੇ	anguthe:2	angoothe:1
ਅੰਗੂਰ	angur:2	angoor:1
ਅੰਗੂਰਾਂ	angooraan:1	angooran:1	anguraan:1	anguran:1
ਅੰਗੂਰੀ	anguri:2	angooree:1	angoori:1
ਅੰਗੋਲਾ	angola:4	angoola:1	anjola:1	anjoola:1
ਅੰਗ੍ਰਜ਼ੀ	angrezi:2	angrazi:1
ਅੰਗ੍ਰੇਜ਼	angrez:3	angraz:1
ਅੰਗ੍ਰੇਜ਼ੀ	angrezi:3	angreji:1	angrezee:1
ਅੰਗ੍ਰੇਜਾਂ	angrejan:3
ਅੰਚਲ	anchal:3
ਅੰਜਮ	anjam:3
ਅੰਜਲੀ	anjali:5	ajali:1	anjalee:1	anjalii:1
ਅੰਜ਼ਾਮ	anzaam:3	anzam:1
ਅੰਜਾਨ	anjaan:3	anjan:1
ਅੰਜਾਮ	anjaam:3	anjam:1
ਅੰਜੀਰ	anjeer:2	anjir:1
ਅੰਜੁਮ	anjum:3
ਅੰਜੁਮਨ	anjuman:3
ਅੰਜੂ	anju:3
ਅੰਟਾਰਕਟਿਕ	antarktik:2	antarctic:1	antarctica:1	antarqtiq:1
ਅੰਟਾਰਕਟਿਕਾ	antaratika:1	antaratiqa:1	antarcica:1	antarctica:1
ਅੰਟਾਰਟਿਕਾ	antarctica:1	antartica:1	antartika:1
ਅੰਡਕੋਸ਼	andkosh:2	anddkosh:1
ਅੰਡਰਕਵਰ	andarkaver:1	andercover:1	undercovar:1	undercover:1
ਅੰਡਰਗਰਾਊਂਡ	underground:3
ਅੰਡਰਲਾਈੰਗ	undarling:1	undarlyeing:1	undarlying:1	underlin:1
ਅੰਡਰਵਰਲਡ	undarworld:1	underwarld:1	underworld:1
ਅੰਡਾ	anda:3
ਅੰਡਾਕਾਰ	andakar:2	andakaar:1
ਅੰਡਾਣੂ	andannu:1	andanu:1	anndannu:1
ਅੰਡਾਸ਼ਯ	andashya:2	andashay:1
ਅੰਡਿਆਂ	andiaan:2	andeyan:1
ਅੰਡੇ	ande:5	annde:1
ਅੰਡੇਮਾਨ	andaman:2	andeman:2	andaaman:1	anndaman:1
ਅੰਡੋਰਾ	andhoorra:1	andhorra:1	andoora:1	andoorra:1
ਅੰਤ	ant:6	aant:1
ਅੰਤਮ	antam:3
ਅੰਤਰ	antar:3
ਅੰਤਰਕਿਰਿਆ	antarkiria:2	antarkiriaa:1
ਅੰਤਰਗਤ	antargat:3
ਅੰਤਰਜਾਤੀ	antarjati:2	anterjaati:1
ਅੰਤਰਮਨ	anterman:2	antarman:1
ਅੰਤਰਮੁਖਤਾ	antarmukhta:1	antermukhata:1	antermukhta:1
ਅੰਤਰਮੁਖੀ	antarmukhi:1	antermukhi:1	antrmukhi:1
ਅੰਤਰਮੁੱਖੀ	antarmukhi:1	antermukhi:1	antrmukhi:1
ਅੰਤਰਯਾਮੀ	antaryami:1	anteryami:1	antryami:1
ਅੰਤਰਰਾਸ਼ਟਰੀ	antarrashtari:1	anterrashtri:1	antrrashtri:1
ਅੰਤਰਾਂ	antran:3
ਅੰਤਰਾਲ	anatral:1	antaraal:1	antral:1
ਅੰਤਰਾਲਾਂ	antaralan:2	antralan:1
ਅੰਤਰਾਸ਼ਟਰੀ	antarashatri:1	antarashtree:1	antarashtri:1	antrashtari:1
ਅੰਤਰਿਮ	antarim:2	antrim:2	entarim:1	enterim:1
ਅੰਤਰੀਵ	antriv:2	antariv:1	antreev:1	antreew:1
ਅੰਤਰੇ	antare:2	anatre:1
ਅੰਤਰੰਗ	antrang:3	anatrang:1
ਅੰਤਲੀ	antali:3	anatali:1	antli:1
ਅੰਤਲੇ	antale:2	anatale:1	anatle:1
ਅੰਤਾਂ	antan:3
ਅੰਤਿਕਾ	antika:3
ਅੰਤਿਮ	antim:4
ਅੰਤ੍ਰੀਵੀ	antrivi:3	antreevi:1
ਅੰਤੜੀ	antadi:5	anatari:1	antari:1
ਅੰਤੜੀਆਂ	antadiaan:2	antdiyan:1
ਅੰਦਰ	andar:5	ander:1
ਅੰਦਰਖਾਤੇ	andarkhate:2	anderkhate:1
ਅੰਦਰਲਾ	andarala:2	andarla:1	anderla:1
ਅੰਦਰਲੀ	andarali:2	andarli:1	anderali:1
ਅੰਦਰਲੀਆਂ	andarliaan:1	andarliyaan:1	andarliyan:1	anderliyan:1
ਅੰਦਰਲੇ	andarle:3	andarale:1	anderale:1
ਅੰਦਰੀ	andari:2	andaree:1
ਅੰਦਰੁਨੀ	andruni:2	andarunee:1	androoni:1
ਅੰਦਰੂਨ	androon:3	andrun:2
ਅੰਦਰੂਨੀ	androoni:2	andaroonee:1	andrunee:1
ਅੰਦਰੋ	andaro:2	androu:1
ਅੰਦਰੋਂ	andron:2	andaron:1	anderon:1	androu:1
ਅੰਦਲੋਨ	andolan:3
ਅੰਦਾਜ	andaaj:2	andaj:2
ਅੰਦਾਜਨ	andajan:3
ਅੰਦਾਜ਼	andaaz:2	andaj:1	andaz:1
ਅੰਦਾਜ਼ਨ	andazan:2	andajan:1
ਅੰਦਾਜ਼ਾ	andaza:2	andaja:1
ਅੰਦਾਜ਼ੀ	andaazi:1	andaji:1	andazee:1	andazi:1
ਅੰਦਾਜ਼ੇ	andaaze:1	andaje:1	andaze:1
ਅੰਦਾਜਾ	andaja:3
ਅੰਦੇਸ਼ਾ	andesha:3
ਅੰਦੋਲਨ	andolan:3
ਅੰਦੋਲਨਕਾਰੀਆਂ	andolankariaan:2	andolankariyan:1
ਅੰਦੋਲਨਾਂ	andolnan:2	andolanan:1
ਅੰਦ੍ਰਿਯਾਸ	andiryas:1	andriyam:1	anindriyas:1
ਅੰਧ	andh:4
ਅੰਧਕਾਰ	andhkar:2	andhkaar:1
ਅੰਧਵਿਸ਼ਵਾਸ	andhvishvas:3	andhwishwas:1
ਅੰਧਵਿਸ਼ਵਾਸਾਂ	andhvishvasan:3	andhvishwasan:1	andhwishwasan:1
ਅੰਧਾ	andha:3
ਅੰਧਾਧੁੰਦ	andhadhund:1	andhadhundh:1	andhadundh:1
ਅੰਧੇਰ	andher:3
ਅੰਧੇਰਾ	andhera:3
ਅੰਧੇਰੀ	andheri:4	andheree:2	andhari:1	andharii:1
ਅੰਨਦ	anand:2	anad:1
ਅੰਨਦਾਤਾ	anndata:2	andata:1	anndaata:1
ਅੰਨਪੂਰਨਾ	aanpoorna:1	annpoorna:1	annpurna:1	annpuurna:1
ਅੰਨਾ	anna:3	aana:1	anaa:1
ਅੰਨਿਆਂ	ananiyan:1	aniyan:1	annian:1	anniyan:1
ਅੰਨੇ	anne:3
ਅੰਨ੍ਹਾ	annha:3
ਅੰਨ੍ਹਾਪਣ	annhapan:2	annhapn:1
ਅੰਨ੍ਹੀ	annhi:2	annhee:1
ਅੰਨ੍ਹੇ	annhe:3
ਅੰਨ੍ਹੇਪਣ	annhepan:2	annhepn:1
ਅੰਪਾਇਰ	umpire:2	anpair:1
ਅੰਬ	amb:2	aamb:1	anb:1
ਅੰਬਰ	ambar:3	abara:1	aembar:1	aember:1
ਅੰਬਰਦੀਪ	ambardeep:3	amberdeep:1
ਅੰਬਰਸਰੀਆ	ambarsareeaa:1	ambarsaria:1	anbrsreea:1
ਅੰਬਰਾਂ	ambraan:2	ambaraan:1
ਅੰਬਰੋਂ	ambaron:1	ambrou:1	ambrow:1	anbaron:1
ਅੰਬਾ	amba:2	ambaa:1	anba:1
ਅੰਬਾਂ	amban:2	amba:1
ਅੰਬਾਨੀ	ambaanee:1	ambaani:1	ambani:1	anbani:1
ਅੰਬਾਰ	ambaar:2	anbar:1
ਅੰਬਾਲਾ	ambala:6	ambaalaa:1	ambalaa:1
ਅੰਬਾਲਿਕਾ	ambalika:3
ਅੰਬਾਲੇ	ambale:2	ambalay:1
ਅੰਬਿਕਾ	ambika:3
ਅੰਬੀ	ambi:4
ਅੰਬੀਆਂ	ambiaan:4	ambeeaan:1	ambiyan:1
ਅੰਬੀਨਟ	ambient:1	ambiente:1	ambiient:1	ambiiente:1
ਅੰਬੇਡਕਰ	ambedkar:3	ambedqar:1
ਅੰਬੇਦਕਰ	ambedkar:2	ambedakar:1	ambedqar:1
ਅੰਮਾ	amma:5	aamaa:1	aammaa:1	ama:1
ਅੰਮਾਂ	amman:2	ammaan:1
ਅੰਮੀ	ami:1	ammee:1	ammi:1
ਅੰਮੀਏ	amiye:1	ammeee:1	ammiae:1
ਅੰਮ੍ਰਿਤ	amrit:4	aamrit:1	anmrit:1
ਅੰਮ੍ਰਿਤਧਾਰੀ	amritdhari:2	ammritdhaaree:1
ਅੰਮ੍ਰਿਤਪਾਨ	ammritpaan:1	ammritpan:1	amritpan:1
ਅੰਮ੍ਰਿਤਸਰ	amritsar:3	amamritsar:1	amriitsar:1	amristar:1
ਅੰਮ੍ਰਿਤਸਰੀ	ammritsaree:1	amrisari:1	amritsari:1
ਅੰਮ੍ਰਿਤਾ	aamritaa:1	aamrutaa:1	america:1	ammritaa:1
ਅੰਮੜੀ	amamdee:1	ammadi:1	ammri:1
ਅੰਲਕਾਰ	anlakaar:1	anlkaar:1	anlkar:1
ਅੰਸ਼	ansh:6
ਅੰਸ਼ਕ	anshak:3
ਅੰਸ਼ਾਂ	ansha:1	anshaan:1	anshan:1
ਅੰਸ਼ੁਲ	anshul:2	ashul:1
ਅੰਸਾਰੀ	ansari:3	ansaaree:1	ansaari:1	ansaarii:1
ਅੱਕ	akk:3
ਅੱਖ	akh:2	aakh:1
ਅੱਖਰ	akhar:2	akkhar:1
ਅੱਖਰਾ	akhra:2	akhhra:1
ਅੱਖਰਾਂ	akhran:3
ਅੱਖਰੀ	akhri:2	akhari:1	akhree:1
ਅੱਖਾਂ	akkhan:4	akhan:2
ਅੱਖੀ	akhi:1	akkhee:1	akkhi:1
ਅੱਖੀਂ	akkhin:2	akhee:1	akheen:1	akhhin:1
ਅੱਖੀਆਂ	akhiyan:1	akkhiaan:1	akkhian:1
ਅੱਖੋਂ	akkhon:2	akhon:1
ਅੱਗ	agg:2	aagg:1
ਅੱਗਨੀ	agni:2	aggni:1
ਅੱਗਲਾ	aggla:3
ਅੱਗਾ	agga:3
ਅੱਗਿਓਂ	ageon:1	ageyon:1	aggion:1	agiun:1
ਅੱਗੇ	agge:3	age:1	aggey:1
ਅੱਗੋ	aggo:3
ਅੱਗੋਂ	aggon:5	anggo:1
ਅੱਛਰ	aachchar:1	achchar:1	achhar:1
ਅੱਛਰਾ	achara:1	achhara:1	achhra:1	achra:1
ਅੱਛਾ	achha:2	acha:1	achcha:1
ਅੱਛੇ	achhe:2	achche:1
ਅੱਜ	ajj:3	aaj:1	aj:1
ਅੱਜਕਲ	aajkal:1	ajjkal:1	ajkal:1
ਅੱਜਕਲ੍ਹ	aajkal:1	ajjkalh:1	ajjkallh:1	ajkal:1
ਅੱਜਕੱਲ	aajkal:1	ajjkal:1	ajkal:1
ਅੱਜਕੱਲ੍ਹ	ajjkallh:2	aajkal:1	aajkalh:1
ਅੱਜਤੱਕ	ajjtakk:2	aajtak:1
ਅੱਟਲ	attal:3	atal:1
ਅੱਠ	atth:2	attaah:1	attah:1
ਅੱਠਵਾਂ	athvan:2	atthvan:1
ਅੱਠਵੀਂ	athvi:1	athvin:1	atthvin:1
ਅੱਠਵੇਂ	athven:2	athvein:1	athwen:1
ਅੱਠਾਂ	athan:2	atthan:1
ਅੱਠੇ	athe:2	atthe:1	atthey:1
ਅੱਡ	aad:1	ad:1	addh:1	adh:1
ਅੱਡਣ	aadan:1	adan:1	addann:1	adhanh:1
ਅੱਡਰੀ	adari:1	addree:1	addri:1	adhri:1
ਅੱਡਰੇ	addre:2	addrey:2	adhare:1
ਅੱਡਾ	adda:3	aadda:1	ada:1	addaa:1
ਅੱਡਿਆ	addeya:1	addiaa:1	addiya:1	addya:1
ਅੱਡਿਆਂ	addiyan:2	addian:1	adhyan:1
ਅੱਡੀ	addi:3	adee:1	adi:1
ਅੱਡੀਆਂ	addiaan:1	addian:1	addiyian:1	adian:1
ਅੱਡੇ	adde:3
ਅੱਡੋ	addo:3
ਅੱਤਰ	attar:2	atar:1
ਅੱਤਵਾਦ	atavad:1	attawaad:1	attvad:1	attwaad:1
ਅੱਤਵਾਦੀਆਂ	attwadian:2	attvaadiaan:1	attvadian:1	attvadiyan:1
ਅੱਤਾ	atta:2	ata:1
ਅੱਤਿਆਚਾਰ	atiyachar:1	atteachar:1	attiachar:1	atyachar:1
ਅੱਤਿਆਚਾਰਾਂ	atiyacharan:1	atteachara:1	attiachara:1	atyacharan:1
ਅੱਤਿਆਚਾਰੀ	atiyachari:1	atteacharee:1	atteachari:1	attiacharee:1
ਅੱਤੇ	atte:3
ਅੱਥਰੂ	athru:1	attharu:1	atthru:1
ਅੱਧ	addh:2	aadh:1
ਅੱਧਾ	addhaa:1	adha:1	adhha:1
ਅੱਧਿਆਂ	addhiaan:1	adhiaan:1	adhiyan:1
ਅੱਧੀ	adhi:2	addhi:1
ਅੱਧੀਆਂ	addhiaan:1	adhiaan:1	adhian:1	adhiyan:1
ਅੱਧੇ	addhe:2	adhe:1
ਅੱਨਾ	aana:1	ana:1	anna:1
ਅੱਪ	app:2	up:2
ਅੱਪੂ	appu:3
ਅੱਪੜਦੇ	appadade:2	apadde:1
ਅੱਪੜਿਆ	aapdiaa:1	appariaa:1	appdiyaa:1
ਅੱਬਾ	abba:4	aabaa:1	aabbaa:1	abaa:1
ਅੱਬਾਸ	abbas:3	abaas:1	abasa:1	abbaas:1
ਅੱਯਾਸ਼	ayash:2	ayyaash:1
ਅੱਲ	all:2	aall:1
ਅੱਲਗ	alag:2	alagg:1	allag:1
ਅੱਲਾ	alla:4	ala:1	alaa:1	allah:1
ਅੱਲਾਮਾ	allama:2	alama:1
ਅੱਲਾਹ	allah:3
ਅੱਲ੍ਹਾ	alaha:1	alla:1	allha:1
ਅੱਲ੍ਹੜ	allad:2	allar:1	allhad:1
ਅੱਲੜ	allad:3	allar:1
ਅੱਵਲ	avval:2	awll:1
ਅੱਸ਼ੂਰ	ashoor:1	ashur:1	asshoor:1
ਅੱਸੀ	assi:2	asee:1	asi:1	assee:1
ਅੱਸੂ	assu:2	assoo:1	assuu:1
ਆ	aa:6
ਆਂਉਦਾ	aanudaa:1	aaunda:1	aaundaa:1
ਆਂਉਦੇ	aanude:2	aunde:1
ਆਂਕਿਆ	aankiaa:3
ਆਂਕੜਾ	aankada:2	aankarhaa:1
ਆਂਕੜਿਆਂ	aankadiaan:2	aankrhiaan:1
ਆਂਕੜੇ	aankade:3	aankarhe:1
ਆਂਖੇ	aankhe:3
ਆਂਖੇਂ	aankhein:2	aankhen:1
ਆਂਗਣ	aangan:3
ਆਂਗਣਵਾੜੀ	aanganavadi:1	aanganavarhi:1	aanganvarhi:1	aanganwadi:1
ਆਂਗਨ	aangan:4
ਆਂਚ	aanch:3
ਆਂਚਲ	aanchal:3
ਆਂਚਲਿਕ	aanchalik:2	aanchlik:1
ਆਂਡਾ	aanda:3
ਆਂਡਿਆਂ	aanddeyan:1	aandeyan:1	aandiaan:1	anddeyan:1
ਆਂਡੇ	aande:2	aandde:1
ਆਂਤ	aant:3
ਆਂਤਰਿਕ	aantarik:3	aantrik:1
ਆਂਤੜੀਆਂ	aantadiaan:1	aantadian:1	aantarian:1	aantdatian:1
ਆਂਦਰ	aandar:4	andar:1
ਆਂਦਰਾਂ	aandran:2	aandaran:1	aandra:1
ਆਂਦਰੇ	aandre:2	aandare:1
ਆਂਦਾ	aanda:4	anda:1
ਆਂਦਿਆਂ	aandeyan:1	aandiaan:1	aandiyan:1	andeyan:1
ਆਂਦੀ	aandi:2	aandhi:1
ਆਂਦੇ	aande:6	aanday:1
ਆਂਧਰ	aandhar:2	andhar:1
ਆਂਧਰਾ	andhra:3	aandhara:1
ਆਂਵਦੀ	aanvadi:1	aanwadi:1	anvadi:1
ਆਂਵਲੇ	aanvale:2	aanvle:1	aanwle:1
ਆਂਸ਼ਿਕ	aanshik:3
ਆਂਸੂ	aansoo:2	aansu:2
ਆਇ	aai:3
ਆਇਆ	aaiaa:6	aaiyaa:4	ayiya:4	aiya:2
ਆਇਆਂ	aaean:1	aaiaan:1	aaian:1	aayean:1
ਆਇਓ	aaiau:1	aaio:1	aiu:1
ਆਇਕੇ	aaike:3	aaiqe:1
ਆਇਤ	aait:2	ait:1
ਆਇਤਕਾਰ	aaitkar:2	aaitqar:1	aitkar:1
ਆਇਤਨ	aaitan:2	aitan:1
ਆਇਤਾਂ	aaitan:3	aaitaan:1	aitan:1	ayitan:1
ਆਇਤਾਕਾਰ	aaitakar:2	aaitacar:1	aaitaqar:1	aitakar:1
ਆਇਦ	aaid:3
ਆਇਨ	aain:3	ein:1
ਆਇਨਾ	aaina:3
ਆਇਰਲੈਂਡ	ireland:8
ਆਇਰਸ	aairas:1	eiras:1	iris:1
ਆਇਰਿਸ	eirij:1	eiris:1	eiriz:1	eris:1
ਆਇਰਿਸ਼	irish:4	areesh:1	arish:1	erees:1
ਆਇਲ	aail:3	eil:1	oil:1	oul:1
ਆਇਸਲੈਂਡ	iceland:3	aaislaend:1	aaislaind:1
ਆਇਸ਼ਾ	aisha:3	aaisha:1	aesa:1	aesha:1
ਆਈ	aai:9	aaee:5	ayi:2	aaii:1
ਆਈਆ	aaea:1	aaiaa:1	aaian:1	aayia:1
ਆਈਆਂ	aaeeaan:2	aaian:2	aayian:2	aaeian:1
ਆਈਆਈਐਮ	iim:3
ਆਈਆਈਟੀ	iit:3
ਆਈਏ	aaiae:1	aayie:1	aayiye:1	aia:1
ਆਈਟਮਾਂ	iteman:2	ayitaman:1
ਆਈਟੀ	it:2	ayitti:1
ਆਈਡਲ	idol:2	ayidal:1	ideal:1
ਆਈਡਿਆ	idea:3	ayideya:1
ਆਈਡੀਆ	idea:3	ayidiya:1
ਆਈਨਸਟਾਈਨ	einstein:2	aienistin:1	ayinasatayin:1	einstin:1
ਆਈਨੇ	ayine:2	aaieene:1	aaiine:1	aayine:1
ਆਈਪੀਐਲ	ipl:6
ਆਈਪੈਡ	ipad:4	aaiped:1	aaipyed:1	ipaad:1
ਆਈਫਲ	aiffil:1	aifil:1	aiphil:1	aiphphil:1
ਆਈਫੋਨ	iphone:3	iiphone:1
ਆਈਬਿਊਪਰੋਫ਼ੈਨ	ebooproofen:1	eboprofen:1	eboprophen:1	ibuprofain:1
ਆਈਬੀ	aaibi:1	iyebi:1	iyeebi:1
ਆਈਲ	aaeel:1	ail:1	oil:1
ਆਈਲੈਂਡ	island:4	baailand:1
ਆਈਸਕ੍ਰੀਮ	icecream:3	ayisacrim:1
ਆਈਸਲੈਂਡ	iceland:3	ayisalaend:1
ਆਈਸੋਲੇਸ਼ਨ	isolation:3	ayisoleshan:1
ਆਉ	aau:5	au:3	aaou:1
ਆਉਂਦਾ	aaunda:5	aunda:4
ਆਉਂਦੀ	aaundi:3	aundi:3	aaondi:1	aundee:1
ਆਉਂਦੀਆਂ	aundiyan:2	aaondiya:1	aaundiya:1	aundian:1
ਆਉਂਦੇ	aaunde:3	aunde:3	aaonde:1
ਆਉਟਡੋਰ	ooutdoor:1	oouttdoor:1	outdoor:1	outdor:1
ਆਉਟਪੁੱਟ	output:3	autput:1
ਆਉਣ	aaun:7	aaunn:2	aun:2	aunh:2
ਆਉਣਗੀਆਂ	aaungiaan:2	aaungian:2	aaunngiaan:1	aungian:1
ਆਉਣਗੇ	aaunge:2	aunge:2	aaunage:1	aaunnage:1
ਆਉਣਵਾਲੇ	aaunvale:2	aaounnwale:1
ਆਉਣਾ	aauna:7	aaunna:2	aunha:2	aaounna:1
ਆਉਣੀ	aauni:3	aaounnee:1
ਆਉਣੀਆਂ	aauniaan:2	aaounnaiyan:1	auniyan:1
ਆਉਣੇ	aaune:3	aaunne:1	aoune:1	aune:1
ਆਉਦਾ	aauda:3	auda:2	aaunda:1
ਆਉਦਾਂ	aaudan:1	aaunda:1	aaundan:1	aunda:1
ਆਉਦੀ	aaudi:4	audi:2	aaudee:1	aaundi:1
ਆਉਦੀਆਂ	aaudiaan:2	aaudian:1	aaudiyan:1	audian:1
ਆਉਦੇ	aaude:5	aude:2	ayude:1
ਆਉਦੇਂ	aauden:2	aaunde:1	aaunden:1	ayuden:1
ਆਉਨ	aaun:3	ayun:1
ਆਊਟ	aat:1	aaut:1	aut:1	oat:1
ਆਊਟਡੋਰ	outdoor:2	aaootdor:1	aauutdor:1
ਆਊਟਪੁਟ	output:2	aaootput:1	aauutput:1
ਆਊਟਲੁੱਕ	outlook:2	aaootlukk:1
ਆਊਟਲੈੱਟ	outlat:1	outlate:1	outlet:1	outlete:1
ਆਏ	aae:4	aye:4	aaee:1	aaie:1
ਆਏਗੀ	aaegee:1	aaegi:1	ayegi:1
ਆਓ	aau:3	aao:1	ao:1	au:1
ਆਓਂਦੀ	aaundi:1	aoundi:1	aundi:1
ਆਓਣ	aaon:1	aaun:1	aun:1
ਆਓਦਾ	aaoda:1	aauda:1	aunda:1
ਆਕਰ	akar:3	aakar:2	aark:1	aarq:1
ਆਕਰਮਣਕਾਰੀ	aakarmankari:1	aakarmannkari:1	akramankari:1	akrmankari:1
ਆਕਰਸ਼ਕ	akarshak:2	aakarshak:1
ਆਕਰਸ਼ਣ	akarshan:2	aarakshann:1
ਆਕਰਸ਼ਤ	akarshat:2	aakarshat:1
ਆਕਰਸ਼ਨ	akarshan:2	aakarshan:1
ਆਕਰਸ਼ਿਤ	akarshit:2	aakarshit:1
ਆਕਲ	aakal:2	aakl:1	akal:1
ਆਕਲੈਂਡ	aakland:2	aklend:1
ਆਕਸਫ਼ੋਰਡ	aaksford:1	akasphorad:1	oxford:1
ਆਕਸਫੋਰਡ	oxford:3	aaksford:2	akasforad:2	aaqsford:1
ਆਕਸਾਈਡ	aaksaid:1	aksayid:1	oxide:1
ਆਕਸੀਕਰਨ	aakseekrn:1	aksikaran:1	oxykaran:1
ਆਕਾਰ	akar:2	aakari:1
ਆਕਾਰਾਂ	akaran:2	aakaran:1
ਆਕਾਰੀ	aakari:2	akari:1
ਆਕਾਸ਼	aakash:3
ਆਕਾਸ਼ਗੰਗਾਵਾਂ	aakashgangaavaan:1	aakashgangaawa:1	aakashgangawan:1
ਆਕਾਸ਼ਵਾਣੀ	aakashvaani:1	aakashvani:1	akashwanni:1
ਆਕੀ	aaki:2	aki:1
ਆਕੇ	aake:3	ake:3	aaqe:1
ਆਕ੍ਰਮਣ	aakraman:1	aakrmn:1	akraman:1
ਆਕ੍ਰਿਤੀ	aakriti:2	akriti:1
ਆਕ੍ਰਿਤੀਆਂ	aakriteean:1	aakritiaan:1	akritiyan:1
ਆਕੜ	akad:2	aakar:1	aakarh:1	aakd:1
ਆਖ	aakh:7	akh:3
ਆਖਣ	akhan:2	aakhan:1	aakhn:1	akhanh:1
ਆਖਣਾ	aakhna:2	akhana:1
ਆਖਣਾਂ	aakhannan:1	aakhnan:1	akhanan:1
ਆਖਦਾ	aakhada:2	akhda:1
ਆਖਦਿਆਂ	aakhdiaan:1	akhdian:1	akhdiyan:1
ਆਖਦੀ	aakhadi:2	akhadi:1
ਆਖਦੀਆਂ	aakhadiaan:1	akhdian:1	akhdiyan:1
ਆਖਦੇ	aakhde:2	akhade:2	akhde:2
ਆਖਰ	akhar:4	aaakhar:1	aakhar:1
ਆਖਰਕਾਰ	akharkar:2	aakharkaar:1
ਆਖਰੀ	akhari:2	akhri:2	aakhari:1	aakhri:1
ਆਖ਼ਰ	akhar:2	aakhar:1
ਆਖ਼ਰਕਾਰ	akharkar:2	aakharkaar:1
ਆਖ਼ਰੀ	aakhari:1	akhari:1	akhri:1
ਆਖ਼ਿਰ	aakhir:4	akhir:2
ਆਖ਼ਿਰਕਾਰ	aakhirkar:2	aakkhirkar:1	aakkhirqar:1
ਆਖ਼ਿਰੀ	aakhiri:2	aakkhiri:1
ਆਖਾਂ	akhan:2	aakhan:1
ਆਖਿ	akhi:2	aakhi:1
ਆਖਿਆ	aakhiaa:2	akhia:2	akhiya:2
ਆਖਿਆਂ	aakhiaan:1	akhian:1	akhiyan:1
ਆਖਿਰ	aakhir:3	akhir:2	akhiar:1
ਆਖਿਰਕਾਰ	aakhirkar:2	aakhirkaar:1	aakhirqar:1
ਆਖਿਰੀ	aakhiri:3
ਆਖੀ	aakhi:4	akhi:2
ਆਖੀਂ	aakheen:1	aakhin:1	akhin:1
ਆਖੀਰ	aakheer:1	aakhir:1	akhir:1
ਆਖੇ	aakhe:3	akhe:3
ਆਖੰਡ	aakhand:2	akhand:1
ਆਗ	aag:6	ag:1
ਆਗਮਨ	aagman:3	agman:1
ਆਗਰਾ	agra:5	agara:2	aagra:1	aagraa:1
ਆਗਰੇ	aagare:1	aagre:1	agre:1
ਆਗਸਟਸ	aagastas:1	aagsatas:1	agsattas:1
ਆਗਾ	aaga:3	aga:1
ਆਗਾਜ਼	aagaz:2	agaz:2	aagaaz:1	agaj:1
ਆਗਾਮੀ	aagami:2	agami:1
ਆਗਿਆ	aagiaa:1	aaigaa:1	agiya:1
ਆਗਿਆਕਾਰੀ	aagiaakari:2	aagiaaqari:1	aagiyaakari:1	agiyakari:1
ਆਗੂ	agu:3	aagu:2	aagoo:1
ਆਗੂਆਂ	aaguaan:5	aguyan:4	aagooan:2	aguan:1
ਆਗੰਤੁਕ	aagantuk:1	aagntuk:1	agantuk:1
ਆਚ	aach:3
ਆਚਰਣ	aacharan:1	aachran:1	aachrn:1
ਆਚਰਨ	acharan:2	aachran:1
ਆਚਾਰ	aachar:4	achar:1
ਆਚਾਰਿਆ	aachariaa:2	acharia:1
ਆਚਾਰੀਆ	aachariaa:1	acharia:1	achariya:1
ਆਚਾਰੀਆਂ	aachariaan:1	acharian:1	achariyan:1
ਆਜ	aaj:10
ਆਜ਼ਮ	aazam:3	azam:2	aajam:1	aazm:1
ਆਜ਼ਮਾਇਸ਼	aazmaish:2	azmaish:1
ਆਜ਼ਮੀ	aazmi:3	azmee:1	azmi:1
ਆਜ਼ਾਦ	aazad:9	azad:5	aazaad:2	aajaad:1
ਆਜ਼ਾਦੀ	aazadi:4	aazadee:2	azadi:1
ਆਜ਼ਾਦੀਆਂ	aazadeea:1	aazadeean:1	aazadiaan:1
ਆਜ਼ਿਜ਼	aaziz:3
ਆਜਾ	aaja:5	aja:5	aajaa:1
ਆਜਾਦ	aajad:4	ajad:3
ਆਜਾਦੀ	aajadi:3	ajadi:2	aajadee:1
ਆਜੀਵਨ	aajivan:3	aajeevan:2
ਆਜੜੀ	aajadi:1	aajdi:1	ajadi:1
ਆਟਾ	aata:3	aatta:1	aetta:1	ata:1
ਆਟੇ	aate:2	aato:1	auto:1
ਆਟੋ	auto:2	aata:1	aato:1	aatoo:1
ਆਟੋਨੋਮਸ	aatonomas:1	aatonomash:1	aatoonoomas:1	aetonomas:1
ਆਟੋਮਨ	aatoman:3	automan:1	ottoman:1
ਆਟੋਮੈਟਿਕ	aatomaetik:1	aatomatic:1	aatomatik:1	automatic:1
ਆਟੋਮੋਟਿਵ	automotive:3	aatomotiv:1	aatomotive:1	aatomotiwe:1
ਆਡੀ	aadi:4	aaddi:1	audi:1
ਆਡੀਓ	aadiio:1	aadio:1	aadioo:1	adio:1
ਆਡੀਟੋਰੀਅਮ	aaditoriam:1	aaditorium:1	audiitoriium:1	auditorium:1
ਆਣ	aan:4	aann:1	anh:1
ਆਣਕੇ	aanake:1	aanke:1	aankey:1	anke:1
ਆਣੇ	aane:3
ਆਤ	aat:3
ਆਤਮ	aatam:9	atam:2
ਆਤਮਕ	aatmak:2	aatmaq:1	atamak:1
ਆਤਮਕਥਾ	aatamakatha:1	aatamkatha:1	aatamqatha:1	atamkatha:1
ਆਤਮਗਿਆਨ	aatamagyaan:1	aatamgiaan:1	aatamgyaan:1	atamgyan:1
ਆਤਮਘਾਤ	aatamaghat:1	aatamghat:1	atamghat:1
ਆਤਮਘਾਤੀ	aatamghati:3	atamghati:2	aatamaghati:1
ਆਤਮਜੀਤ	aatamjit:2	atamjeet:2
ਆਤਮਨਿਰਭਰ	aatamnirbhar:1	atamanirabhar:1	atamnirbhar:1
ਆਤਮਨਿਰਭਰਤਾ	aatamnirbharta:1	atamanirabharata:1	atamnirbharta:1
ਆਤਮਰੱਖਿਆ	aatamrakkhiaa:2	atamarakheya:1
ਆਤਮਵਿਸ਼ਵਾਸ	aatamvishvas:2	aatamvishwas:1	aatamwishvas:1	aatamwishwas:1
ਆਤਮਸਮਰਪਣ	aatamsamarpan:1	aatmsamarpan:1	atamsamarpan:1
ਆਤਮਸਾਤ	aatamsat:2	atamsaat:1	atamsat:1
ਆਤਮਹੱਤਿਆ	aatmhattiaa:1	atamhatia:1	atamhattea:1
ਆਤਮਾ	aatma:3	aatama:2	atama:2	atma:1
ਆਤਮਾਵਾਂ	aatmavan:2	aatamavan:1	aatmawan:1
ਆਤਮਿਕ	aatmik:2	aatmiq:1	atamik:1
ਆਤਸ਼ਬਾਜ਼ੀ	aatashbazi:2	aatashbaazee:1
ਆਤਸ਼ੀ	aatashi:2	aatashee:1
ਆਤਿਸ਼	aatish:2	atish:1
ਆਤਿਸ਼ਬਾਜ਼ੀ	aatishbaazee:1	aatishbazee:1	aatishbazi:1	atishabazi:1
ਆਤੀ	aati:2	aatee:1
ਆਤੂ	aatoo:1	aatuu:1	atoo:1
ਆਤੇ	aate:2	ate:1
ਆਤੰਕ	aatank:2	atank:1
ਆਤੰਕਵਾਦ	atankvad:2	aatankvaad:1
ਆਤੰਕਵਾਦੀ	aatankwadi:1	antakvadi:1	antakwadi:1	atankvadee:1
ਆਤੰਕੀ	aatanki:1	antaki:1	atanki:1
ਆਤੰਕੀਆਂ	aantakian:1	aantankiyan:1	aatankia:1	atankiyan:1
ਆਥਣ	aathan:2	athan:2
ਆਦਤ	aadat:6	adat:2
ਆਦਤਨ	aadatan:2	adatan:1
ਆਦਤਾਂ	aadata:1	aadatan:1	adatan:1
ਆਦਮ	aadam:4	adam:1	adama:1
ਆਦਮਖੋਰ	aadamkhor:2	adamkhor:1
ਆਦਮੀ	aadmi:3	aadami:2	adami:1	admee:1
ਆਦਮੀਆਂ	admiyan:2	aadamiaan:1	aadmiyan:1	admian:1
ਆਦਰ	aadar:3	adar:1
ਆਦਰਯੋਗ	aadaryog:2	aadaryoug:1	aaderyog:1
ਆਦਰਸ਼	aadarsh:5	adarsh:2	adrash:1	adrsh:1
ਆਦਰਸ਼ਕ	aadarshak:3	aadarshaq:1
ਆਦਰਸ਼ਵਾਦ	aadarshvad:3	aadarshwad:1	aadershvad:1
ਆਦਰਸ਼ਵਾਦੀ	aadarshvadee:1	aadarshvadi:1	aadarshwadee:1	aadarshwadi:1
ਆਦਰਸ਼ਾ	aadarsha:2	aadersha:1
ਆਦਰਸ਼ਾਂ	aadarshan:2	aadarsha:1	aadershan:1
ਆਦਾਨ	aadan:2	aadaan:1
ਆਦਿ	aadi:6	adi:2
ਆਦਿਕ	aadik:5	adik:2	aadiq:1
ਆਦਿਕਾ	aadika:3	aadiqa:1
ਆਦਿਤਿਆ	aaditeya:1	aaditia:1	aaditiaa:1	aaditya:1
ਆਦਿਮ	aadim:2	adim:1
ਆਦਿਲ	aadil:3
ਆਦਿਵਾਸੀ	aadivaasee:1	aadivasi:1	aadiwasi:1	adivasi:1
ਆਦਿਵਾਸੀਆਂ	aadivasiaan:1	aadiwaseean:1	aadiwasiaan:1	adivasiyan:1
ਆਦੀ	aadee:1	aadi:1	adi:1
ਆਦੀਵਾਸੀ	aadeevaasee:1	aadivasi:1	aadiwasi:1	adivasi:1
ਆਦੇਸ	aades:2	ades:1
ਆਦੇਸ਼	aadesh:2	adesh:1
ਆਦੇਸ਼ਕਾਰੀ	aadeshakaaree:1	aadeshkaaree:1	adeshkari:1
ਆਦੇਸ਼ਾਂ	aadeshan:2	aadeshaan:1
ਆਧਾ	aadha:3
ਆਧਾਰ	aadhar:6	adhar:2
ਆਧਾਰਤ	adharat:2	aadhart:1	aaharat:1
ਆਧਾਰਭੂਤ	aadharbhut:2	aadharbhoot:1
ਆਧਾਰਾਂ	aadharan:2	adharan:1
ਆਧਾਰਿਤ	aadharit:5	adharit:2
ਆਧਾਰੀ	adhari:3	aadhari:1
ਆਧਿਆਪਕ	aadhiaapak:3	aadhiaapaq:1
ਆਧਿਕਾਰਿਕ	aadhikarik:2	aadhikariq:1	aadhiqarik:1	aadhiqariq:1
ਆਧਿਕਾਰੀ	aadhikaaree:1	aadhikari:1	aadhiqari:1	adhikari:1
ਆਧੀਨ	aadheen:1	aadhin:1	adhin:1
ਆਧੁਨਿਕ	aadhunik:4	adhunik:2
ਆਧੁਨਿਕਤਮ	aadhunikatam:1	aadhuniktam:1	aduniktam:1
ਆਧੁਨਿਕਤਾ	aadhunikata:1	aadhunikta:1	adunikta:1
ਆਧੁਨਿਕਤਾਵਾਦ	aadhunikataavaad:1	aadhuniktaavad:1	aduniktavad:1	aduniktawad:1
ਆਧੁਨਿਕਤਾਵਾਦੀ	aadhunikataavaadee:1	aadhuniktaavadi:1	adunikatavadi:1	adunikatawadi:1
ਆਧੁਨਿਕਵਾਦੀ	aadhunikavaadee:1	aadhunikvaadee:1	aadhunikvadi:1	adunikvadi:1
ਆਧੁਨਿਕੀਕਰਣ	aadhunikeekaran:2	adhunikikarann:1
ਆਧੁਨਿਕੀਕਰਨ	aadhunikeekaran:2	adunikikaran:1
ਆਧੂਨਿਕ	aadhoonik:1	aadhunik:1	adhuunik:1
ਆਨ	aan:4	on:1
ਆਨਨ	aanan:3
ਆਨਰ	aanar:3
ਆਨਲਾਈਨ	online:2	aanalaiin:1	aanlaaeen:1	aanlain:1
ਆਨਾ	aana:3
ਆਨੀ	aani:3
ਆਨੇ	aane:3	aanee:1
ਆਨੰਦ	anand:5	aanand:2	annd:1
ਆਨੰਦਪੁਰ	anandpur:5	aanandpur:1
ਆਨੰਦਮਈ	aanandmaee:2	anandmai:1
ਆਨੰਦਿਤ	aanandit:2	anandit:1
ਆਪ	aap:7	ap:1
ਆਪਕਾ	aapka:3
ਆਪਜੀ	aapaji:1	aapjee:1	aapji:1
ਆਪਟੀਕਲ	optical:3	aaptikal:1	opptical:1	opptiical:1
ਆਪਣਾ	aapna:4	aapanna:1	aapnna:1	apnha:1
ਆਪਣਾਂ	aapnan:2	aapnaan:1
ਆਪਣਿਆਂ	aapniaan:2	aapnian:2	aapniyan:1	aapnniaan:1
ਆਪਣੀ	aapni:3	aapanee:1	aapanni:1	apnee:1
ਆਪਣੀਆ	aapaneea:1	aapneeaa:1	aapneeya:1
ਆਪਣੀਆਂ	aapnian:4	aapneeaan:2	aapniyan:2	aapaneeaaan:1
ਆਪਣੇ	aapne:3	apne:2	aapane:1	aapanne:1
ਆਪਣੇਪਨ	aapanepan:1	aapnepan:1	aapnepn:1
ਆਪਣੈ	aapne:1	aapnei:1	apanai:1
ਆਪਦਾ	aapda:2	apda:1
ਆਪਦੀ	aapdee:2	aapdi:2	apdi:1
ਆਪਦੀਆਂ	aapdian:2	aapdiyan:1	apdian:1
ਆਪਦੇ	aapde:4	aapade:1	aapday:1	apde:1
ਆਪਨੀ	aapni:3	aapnee:1
ਆਪਨੇ	aapne:4	aapane:1	aapnay:1	apne:1
ਆਪਮੁਹਾਰੇ	aapmuhare:2	aapmuhaare:1
ਆਪਰਾਧਿਕ	apradhik:2	aapraadhik:1
ਆਪਸ	aapas:3	apas:2	aps:1
ਆਪਸੀ	apsi:3	aapasi:1	aapsee:1	aapsi:1
ਆਪਹੁਦਰੀ	aaphudri:2	aapahudari:1
ਆਪਾ	aapa:4	aapaa:1	apa:1	apaa:1
ਆਪਾਂ	aapan:4	aapa:1	aapaan:1	apan:1
ਆਪਿ	aapi:3	aap:1
ਆਪੂਰਤੀ	aapoortee:1	aapurti:1	apoorti:1
ਆਪੇ	aape:5	aapay:1	ape:1
ਆਪੇਰਾ	opera:2	mapera:1
ਆਪੋ	aapo:2	apo:1	opo:1
ਆਪ੍ਰੇਸ਼ਨ	operation:3
ਆਫ	aaf:4	off:2	of:1
ਆਫਟਰ	aaftar:1	aftar:1	after:1
ਆਫਤਾਂ	aaftaan:1	aaftan:1	aftan:1
ਆਫਤਾਬ	aaftaab:1	aftaav:1	aftab:1
ਆਫਰੀਨ	aafreen:1	aafrin:1	afrin:1
ਆਫ਼ਤ	afat:2	aaphat:1
ਆਫ਼ਤਾਂ	aftan:2	aphatan:1
ਆਫੀਆ	aafeeaa:1	aafiaa:1	afiya:1
ਆਬ	aab:3
ਆਬਕਾਰੀ	aabkari:2	aabkaree:1	abkari:1
ਆਬਜੈਕਟ	aabjekt:1	abajaikata:1	abject:1	abjekt:1
ਆਬਰਡੀਨ	aabardeen:1	abardeen:1	aberdeen:1	aberdiin:1
ਆਬਾਦ	abad:2	aabad:1
ਆਬਾਦਾਨ	abadan:2	aabadan:1
ਆਬਾਦੀ	abadi:4	aabadi:2
ਆਬਾਦੀਆਂ	abadiyan:2	aabadiaan:1
ਆਬਿਦ	abid:2	aabid:1
ਆਬੇ	abe:3	aabe:2	aabee:1	abee:1
ਆਭਾ	abha:2	aabha:1
ਆਭਾਸ	abhas:2	aabhas:1
ਆਮ	aam:9	ram:1
ਆਮਤੌਰ	amtor:2	aamtaur:1	aamtor:1
ਆਮਦ	amad:2	aamad:1
ਆਮਦਨ	amdan:4	aamdan:3
ਆਮਦਨੀ	amdani:2	aamdani:1
ਆਮਨਾ	amna:2	aamna:1
ਆਮਾਲ	aamaal:2	aamal:1
ਆਮਿਰ	aamir:9	amir:2	aamear:1	aameer:1
ਆਮੀਨ	aameen:2	aamin:2	aamen:1	amen:1
ਆਮੀਰ	aamir:2	aameer:1	amir:1
ਆਮੰਤਰਿਤ	aamantarit:1	amantarit:1	amantrit:1
ਆਯਾ	aaya:2	aya:1
ਆਯਾਤ	ayat:2	aayat:1
ਆਯਾਮ	ayam:2	aayaam:1
ਆਯੁਰਵੇਦ	ayurved:3
ਆਯੁਰਵੇਦਿਕ	ayurvedic:2	aayurvedic:1	aayurwedic:1
ਆਯੁਰਵੈਦ	ayurvaed:2	ayurved:2	aayurvaid:1	aayurwaid:1
ਆਯੁਰਵੈਦਿਕ	aayurvedic:1	ayurvedic:1	ayuvaediik:1
ਆਯੂ	aayu:3	ayu:1
ਆਯੂਰਵੇਦ	ayurved:2	ayurdev:1	ayurwed:1
ਆਯੋਗ	ayog:2	aayog:1
ਆਯੋਜਕਾਂ	aayojakan:1	ayojakan:1	ayojkan:1
ਆਯੋਜਤ	ayojat:2	aayojat:1
ਆਯੋਜਨ	ayojan:2	aayojan:1
ਆਯੋਜਨਾਂ	aayojnan:1	ayojana:1	ayojanan:1
ਆਯੋਜਿਤ	ayojit:2	aayojit:1
ਆਰ	aar:10	are:1
ਆਰਕ	aarak:2	rk:1
ਆਰਕਟਿਕ	aarakatik:1	architect:1	arctic:1	arctik:1
ਆਰਕਸ਼ਣ	aarakashan:1	aarakshan:1	arakshan:1
ਆਰਕਾਈਵ	aarakayiv:1	archieve:1	archive:1
ਆਰਗ	aarag:4
ਆਰਗਨ	aargan:1	argon:1	organ:1
ਆਰਗਨਾਈਜ਼ੇਸ਼ਨ	organisation:2	organization:1
ਆਰਗੇਨਾਈਜ਼ਿੰਗ	organising:2	organizing:1
ਆਰਚਬਿਸ਼ਪ	archbishop:3	archbishhop:1	archbisop:1	archishhop:1
ਆਰਜ਼ੀ	aarzi:2	arzi:1	rzee:1
ਆਰਜ਼ੂ	aarzu:2	aarzoo:1	arzoo:1
ਆਰਜੀ	arji:2	aarji:1
ਆਰਜੂ	aarju:2	aarjoo:1	arjoo:1
ਆਰਟ	aart:1	act:1	arrt:1	art:1
ਆਰਟਿਸਟ	aartisht:1	aartist:1	artiisht:1	artiist:1
ਆਰਟੀਕਲ	article:3	artikal:1
ਆਰਟੀਫਿਸ਼ਲ	artificial:3	artifishal:2	aartifishal:1
ਆਰਡਰ	ardar:1	arder:1	ordar:1	order:1
ਆਰਤਾ	aarta:2	arata:2
ਆਰਤੀ	aarti:3	arati:2
ਆਰਤੀਆਂ	aaratiyan:1	aartiaan:1	aratiyan:1
ਆਰਥਕ	aarathak:1	arathak:1	arthak:1
ਆਰਥਕਤਾ	aarathakata:1	arathakata:1	orthakata:1
ਆਰਥਰ	aarthar:1	arathar:1	arrthoor:1	arrthur:1
ਆਰਥਿਕ	aarthik:3	arthik:3	aarthiq:1	arathik:1
ਆਰਥਿਕਤਾ	aarthikta:3	arthikata:2	aarthaiqta:1	arthikta:1
ਆਰਥੋਡਾਕਸ	orthodox:4	aarthodox:1	orthodacks:1	orthodocs:1
ਆਰਨਲਡ	arnold:2	arnald:1
ਆਰਨੋਲਡ	arnold:2	aaranolad:1	aarnold:1	aranold:1
ਆਰਪਾਰ	aarapaar:1	aarpar:1	arapar:1
ਆਰਫ਼	aaraf:2	araf:1
ਆਰਬਰ	aarabar:1	aarbar:1	aarber:1	aarbor:1
ਆਰਬਿਟਰ	aarbitar:1	arbitar:1	arbiter:1	aurbitar:1
ਆਰਮਸ	aarmas:1	armas:1	arms:1
ਆਰਮੀ	army:4	aarmi:1	aarmii:1	aarmy:1
ਆਰਮੀਨੀਆ	aarminiaa:1	arminiaa:1	arminiya:1
ਆਰਮੇਚਰ	aarmechar:1	armature:1	armechar:1
ਆਰਸੈਨਿਕ	aarshenik:1	arsenic:1	arsenik:1	arshenic:1
ਆਰਾ	aara:4	ara:3	aaraa:1
ਆਰਾਮ	aaram:4	aram:2	araam:1
ਆਰਾਮੀ	aaramee:1	aarami:1	arami:1
ਆਰਿਆ	ariya:2	aariaa:1
ਆਰਿਫ	arif:2	aarif:1
ਆਰਿਫ਼	aarif:1	arif:1	ariph:1
ਆਰੀ	aari:3	ari:2
ਆਰੀਅਨ	ariyan:2	aarian:1	aaryan:1	aryaan:1
ਆਰੀਆ	ariya:2	aariaa:1	aarya:1	aaryaa:1
ਆਰੀਆਂ	ariyan:2	aariaan:1
ਆਰੀਆਭਟੀ	aariaabhati:1	ariabhati:1	ariabhatti:1
ਆਰੇ	aare:2	are:1
ਆਰੋ	auro:1	auroo:1	ooroo:1	oro:1
ਆਰੋਪ	aarop:2	arop:2
ਆਰੋਪਣ	aropan:3
ਆਰੋਪਾਂ	aropan:3	aaroupaan:1
ਆਰੋਪਿਤ	aropit:2	aaropit:1
ਆਰੋਪੀ	aaropi:2	aropi:1
ਆਰੋਹੀ	arohi:2	marohi:1
ਆਰੰਭ	arambh:3	aarambh:2	aaranbh:1
ਆਰੰਭਕ	aarambhak:1	aaranbhak:1	aarmabhaq:1	arambhak:1
ਆਰੰਭਿਕ	arambhik:2	aarambhik:1
ਆਰੰਭੀ	aarambhi:3	aaranbhi:1	arabhi:1	arambhi:1
ਆਲ	aal:3	all:1
ਆਲਟੋ	alto:3	alato:2	aalto:1	aaltoo:1
ਆਲਪਸ	alpas:3
ਆਲਮ	aalam:3	alam:3
ਆਲਮਗੀਰ	aalamgir:2	aalamgeer:1
ਆਲਮਗੀਰੀ	aalamgeeree:1	aalamgiri:1	aalmagiri:1
ਆਲਮਪੁਰ	aalampur:2	alampur:1
ਆਲਮੀ	aalami:2	alami:1
ਆਲਸ	alas:2	aalas:1
ਆਲਸੀ	aalasi:2	aalsi:2	alasi:2
ਆਲ਼ਾ	ala:2	aala:1
ਆਲ਼ੀ	aali:2	aalee:1
ਆਲਾ	ala:3	aala:2	aalaa:1
ਆਲਿਆ	alia:3	aaleya:1	aleya:1
ਆਲੀ	aali:3	aalee:1	ali:1
ਆਲੀਆ	aaleea:1	aaliaa:1	aaliya:1	alia:1
ਆਲੀਸ਼ਾਨ	aalishan:2	alishan:1
ਆਲੂ	aalu:2	aloo:1	alu:1
ਆਲੂਆਂ	aaluaan:2	aluyan:1
ਆਲੇ	aale:6	ale:1
ਆਲੇਖ	alekh:2	aalekh:1
ਆਲੇਦੁਆਲੇ	aaleduaale:1	aleduaale:1	aleduyale:1
ਆਲੋਕ	aalok:2	alok:1
ਆਲੋਚਕ	aalochak:3	alochak:1
ਆਲੋਚਕਾ	aalochaka:2	alochaka:1
ਆਲੋਚਨਾ	aalochana:5	alochana:2
ਆਲੋਚਨਾਤਮਕ	aalochanatamak:1	aalochanatmak:1	alochnatmak:1
ਆਲੋਚਨਾਤਮਿਕ	aalochanatmik:1	alochanatmik:1	alochnatmik:1
ਆਲੋਪ	alop:2	aalop:1
ਆਵ	aav:3
ਆਵਤ	aavat:3
ਆਵਦਾ	aavada:2	aavda:2	aawada:1	aawda:1
ਆਵਰ	aavar:2	aawar:1	avar:1
ਆਵਰਤ	aavarat:1	aavart:1	aawart:1	avarat:1
ਆਵਰਤੀ	avarti:2	aavarti:1	aawartee:1
ਆਵਰਾਂ	avaran:2	aawraan:1
ਆਵਸ਼ਕ	aavashak:1	aavshak:1	awashak:1
ਆਵਾ	aava:1	aawaa:1	ava:1
ਆਵਾਂ	aavan:2	aavaan:1
ਆਵਾਂਗਾ	aavaanga:1	aavanga:1	aawanga:1
ਆਵਾਂਗੇ	aavaange:1	aavange:1	aawange:1
ਆਵਾਜ	aavaj:2	aawaaj:2	aavaaj:1	aawaj:1
ਆਵਾਜ਼	aawaz:3	aavaz:2	aavaaz:1	aawaaz:1
ਆਵਾਜ਼ਾਂ	aavaajaan:1	aavaazaan:1	aavazan:1	aawaazaan:1
ਆਵਾਜਾਈ	aavaajaaee:2	aawaajaaee:2	awajai:2	aavajaee:1
ਆਵਾਰਗੀ	aavaaragi:1	aavargi:1	aawaaragee:1	awaaragi:1
ਆਵਾਰਾ	aavaara:2	aawara:2	aavaaraa:1	aavara:1
ਆਵਾਸ	aavaas:1	aavas:1	aawaas:1	avas:1
ਆਵਾਸੀ	aawaasee:1	avaasi:1	avasi:1
ਆਵਾਸੀਆਂ	aavasian:1	aawaaseeaan:1	aawaasiaan:1	avasiyan:1
ਆਵਾਹਨ	aavaahan:1	aavahan:1	aawaahan:1	avahan:1
ਆਵਿਰਤੀ	aaverti:1	aavirtee:1	aavirti:1
ਆਵੇ	aave:6	aawe:2
ਆਵੇਂ	aaven:2	aave:1	aavein:1	aawe:1
ਆਵੇਗਾ	aavega:5	aawega:2
ਆਵੇਗੀ	aavegi:3
ਆਵੇਦਨ	aavedan:3
ਆਵੇਸ਼	aavesh:3
ਆਵੈ	aavai:2	aavae:1
ਆਸ	aas:6	us:1
ਆਸਕਰ	aaskar:1	auskar:1	oscar:1	oskar:1
ਆਸਟਰੀਆ	asataria:1	austria:1	austriaa:1
ਆਸਟਰੇਲਿਆ	australia:2	aasatareleya:1
ਆਸਟਰੇਲਿਆਈ	aasatareliyayi:1	australiaai:1	australiai:1
ਆਸਟਰੇਲੀਅਨ	aasatareliyan:1	aastrelian:1	austrailian:1	australian:1
ਆਸਟਰੇਲੀਆ	australia:6	aasatareliya:2	aastrelia:2	australlia:2
ਆਸਟਰੇਲੀਆਈ	aastreliai:1	astreliai:1	austreliaaee:1
ਆਸਟਿਨ	aastin:2	austin:2	astin:1	aushtin:1
ਆਸਟ੍ਰੇਲੀਆ	australia:7
ਆਸਣ	aasan:1	aasn:1	asan:1
ਆਸਤਕ	aastak:1	aastk:1	asatak:1
ਆਸਤਿਕ	aastik:2	astik:1
ਆਸਤੇ	aaste:2	aste:1
ਆਸਥਾ	aastha:3	astha:3	aaskha:1
ਆਸਨ	aasan:2	asan:1
ਆਸਪਾਸ	aaspaas:1	aaspas:1	aspas:1
ਆਸਫ	aasaf:3
ਆਸਮਾਂ	aasama:1	aasmaan:1	aasman:1
ਆਸਮਾਨ	aasamaan:1	aasmaan:1	asmaan:1
ਆਸਮਾਨੀ	aasamani:1	aasmaanee:1	asmani:1
ਆਸਰਾ	aasra:3	asra:2	aasara:1	asara:1
ਆਸਰੇ	aasre:3	asre:2	aasare:1	asare:1
ਆਸਲ	aasal:2	asal:1
ਆਸਵੰਦ	aasavand:1	aasvand:1	asvand:1
ਆਸ਼ਕ	aashak:4	ashak:3
ਆਸ਼ਕਾ	aashaka:2	ashaka:1
ਆਸ਼ਕਾਂ	aashakan:1	aashkan:1	ashakan:1
ਆਸ਼ਕਾਨਾ	aashakana:1	aashkana:1	ashakana:1
ਆਸ਼ਕੀ	aashaki:2	aashakee:1	aashiqi:1	aashki:1
ਆਸ਼ਰਮ	aashram:2	ashram:2	aasharm:1	aashhram:1
ਆਸ਼ਾ	aasha:2	asha:2	asa:1	asaa:1
ਆਸ਼ਾਜਨਕ	aashaajanak:1	aashajanak:1	ashajanak:1
ਆਸ਼ਾਵਾਂ	ashavan:2	aashavan:1
ਆਸ਼ਾਵਾਦ	aashavad:2	ashavad:1
ਆਸ਼ਾਵਾਦੀ	aashavadi:1	aashawadi:1	ashavadi:1
ਆਸ਼ਿਕ	aashik:3	aashiki:1	aashiqui:1	ashik:1
ਆਸ਼ਿਕ਼	aashik:1	aashiq:1	ashik:1
ਆਸ਼ਿਕੀ	aashiki:4	ashiki:2	aashiqui:1
ਆਸ਼ੀ	aashi:2	ashi:1
ਆਸ਼ੀਰਵਾਦ	aasheervaad:1	aasheervad:1	aashirvad:1
ਆਸ਼ੂਤੋਸ਼	ashutosh:2	aashootosh:1
ਆਸ਼ੇ	aashe:2	ashe:1
ਆਸਾ	aasa:4	asa:3
ਆਸਾਂ	asan:2	aasan:1
ਆਸਾਨ	asan:3	aasaan:1	aasan:1	asaan:1
ਆਸਾਨੀ	aasanee:1	aasani:1	asani:1
ਆਸਾਮ	aasam:2	aasaam:1
ਆਸਾਮੀ	aasami:2	aasamee:1
ਆਸਾਰ	aasar:3	aasaar:1	adar:1	asar:1
ਆਸਾਰਾਮ	aasaram:4	aasharam:1	aashharam:1	asaram:1
ਆਸਿਫ	aasif:2	asif:1
ਆਸਿਫ਼	aasif:2	asiph:1
ਆਸੀ	aasi:3	asi:1
ਆਸੀਆਨ	aaseeaan:1	aasiaan:1	asian:1
ਆਸੇ	ase:2	aase:1
ਆਸੋ	aaso:2	aso:1
ਆਹ	aah:4	ah:2
ਆਹਟ	aahat:3
ਆਹਤ	aahat:3
ਆਹਮਣੇ	aahamane:1	aahmane:1	ahmane:1
ਆਹਲਾ	ahla:2	aahala:1
ਆਹਲੂ	ahlu:2	aahalu:1
ਆਹਲੂਵਾਲੀਆ	ahluwalia:2	aahaluvaliya:1	aahluwaalia:1	aahluwalia:1
ਆਹਾਂ	aahan:2	ahan:1
ਆਹਾਰ	aahar:2	ahar:1
ਆਹਿਸਤਾ	aahisata:1	aahista:1	ahista:1
ਆਹੁਦਾ	aahuda:2	ahuda:1
ਆਹੁਦੇ	aahude:2	ahude:1
ਆਹੂਜਾ	aahooja:1	aahuja:1	ahuja:1
ਆੜ	aad:2	aarh:2
ਆੜਾ	aarha:2	aada:1
ਆੜੂ	aarhu:2	aadu:1
ਆੜੂਆਂ	aadooaan:1	aaduaan:1	aarhuan:1
ਇਆਣਿਆਂ	iaaniaan:2	iaaniyaan:1	ianian:1	ianiyan:1
ਇਆਨ	iaan:3	eiyan:1	ian:1	iyaan:1
ਇਉਂ	eon:1	ieun:1	ion:1	iuun:1
ਇਓ	iu:5	eyo:1	io:1	iyo:1
ਇਕ	ik:10
ਇਕਜੁੱਟ	ikjutt:6	ikjut:1
ਇਕਜੁੱਟਤਾ	ikjuttata:6
ਇਕਠਾ	ikatha:2	ikathha:1
ਇਕਠੀ	ikathhi:1	ikathi:1	ikatthi:1
ਇਕਠੀਆਂ	ikathhiaan:1	ikathiaan:1	ikathiyan:1
ਇਕਠੇ	ikathe:2	ikathhe:1
ਇਕਤਦਾਰ	ikatadar:1	ikatdaar:1	ikatdar:1
ਇਕਤਰ	ikatar:2	iktar:2
ਇਕਦਮ	ikdam:4	ikadam:1
ਇਕਪਾਸੜ	ikpasad:3	ikpaasarh:1
ਇਕਬਾਲ	iqbal:4	ikabal:1	ikba:1	ikbaal:1
ਇਕਬਾਲੀਆ	ikabaliya:1	ikbaleeaa:1	iqbaliaa:1
ਇਕਮਾਤਰ	ikmatar:2	ikmatra:1
ਇਕਮਿਕ	ikmik:2	ikamik:1
ਇਕਮੁਠ	ikmuth:2	ikamuthh:1
ਇਕਰਾਰ	ikraar:2	ekraar:1	ikarar:1
ਇਕਰਾਰਨਾਮਾ	ikraarnama:2	ikararanama:1	ikraarnaama:1
ਇਕਰਾਰਨਾਮਿਆਂ	ikararanameyan:1	ikraarnaamiya:1	ikraarnaamiyaan:1	ikraarnamiaan:1
ਇਕਰਾਰਨਾਮੇ	ikararaname:1	ikraarnaame:1	ikraarname:1
ਇਕਰਾਰਾਂ	ikararan:1	ikraaraan:1	ikraaran:1
ਇਕਰੂਪਤਾ	ikroopta:2	ikarupata:1	ikroopata:1
ਇਕਲਾਪੇ	iklape:3	ikraape:1
ਇਕਲੇ	ikale:3	iqale:1
ਇਕਲੌਤਾ	ikklota:1	iklauta:1	iklota:1	iqlauta:1
ਇਕਲੌਤੀ	ikklaoti:1	iklauti:1	ikloti:1	iqlauti:1
ਇਕਲੌਤੇ	ikklaote:1	iklaute:1	iklote:1	iqlaute:1
ਇਕਵੰਜਾ	ikwanja:2	ikawanjaa:1	ikvanja:1	iqvanja:1
ਇਕਸਮਾਨ	iksmaan:2	ikasmaan:1
ਇਕਸਾਰ	iksaar:3
ਇਕਸੁਰ	iksur:6
ਇਕਸੁਰਤਾ	iksurta:2	iksurtaa:1
ਇਕਹਰਾ	ikahara:2	ikhara:1
ਇਕਹਰੀ	ikahari:1	ikahri:1	ikhari:1
ਇਕਹਿਰਾ	ikhira:2	ikahira:1
ਇਕਹਿਰੀ	ikhiri:2	ikahiri:1
ਇਕਹਿਰੇ	ikhire:2	ikahire:1
ਇਕਾਂਗੀ	ikaangee:2	ikaangi:1
ਇਕਾਂਤ	ikaant:6
ਇਕਾਈ	ikaaee:2	ikaayee:1	ikaee:1	ikai:1
ਇਕਾਈਆਂ	ikaaeean:1	ikaeeaan:1	ikaiaan:1
ਇਕਾਗਰ	ikaagar:3
ਇਕਾਗਰਤਾ	ikaagarataa:2	ikagarta:2	ikaagarta:1	ikaagrata:1
ਇਕਾਦਸ਼ੀ	ikaadashee:1	ikaadashi:1	ikadshi:1
ਇਕੋ	iko:3	echo:1	ikou:1
ਇਕੋਂ	ikon:2	ikkon:1	iqqon:1
ਇਕੱਠ	ikath:1	ikatth:1	ikkkath:1
ਇਕੱਠਾ	ikatha:1	ikattha:1	ikkathha:1
ਇਕੱਠਾਂ	ikathan:1	ikatthan:1	ikkathan:1
ਇਕੱਠਿਆਂ	ikathiyan:1	ikatthiaan:1	ikkathiaan:1
ਇਕੱਠੀ	ikathi:1	ikatthi:1	ikkathhi:1
ਇਕੱਠੀਆਂ	ikathiyan:2	ikatthian:2	ikathhiaan:1	ikathian:1
ਇਕੱਠੇ	ikatthe:3	ikathe:2	ikkathe:1
ਇਕੱਤਰ	ikatar:1	ikattar:1	ikkatar:1
ਇਕੱਤੀ	ikati:1	ikatti:1	ikkati:1
ਇਕੱਲ	ikall:2	ikal:1
ਇਕੱਲਤਾ	ikalata:2	ikallta:1
ਇਕੱਲਾ	ikala:2	ikalla:1	ikla:1
ਇਕੱਲਿਆਂ	ikalliaan:2	ikaliyan:1	ikkalian:1	iqalliaan:1
ਇਕੱਲੀ	ikalli:2	ikali:1	iqalli:1
ਇਕੱਲੀਆਂ	ikaliyan:1	ikalliaan:1	ikkalian:1	iqalliaan:1
ਇਕੱਲੇ	ikalle:4	ikkale:2	ikale:1
ਇਖ਼ਤਿਆਰ	ikhaatiaar:1	ikhtiaar:1	ikkhtiaar:1
ਇਖ਼ਲਾਕ	ikhaalaak:1	ikhlaak:1	ikkhlak:1	ikkhlaq:1
ਇਖ਼ਲਾਕੀ	ikhaalaakee:1	ikhlaaki:1	ikkhlaki:1	ikkhlaqi:1
ਇਗਲੈਂਡ	england:2	egland:1	ingland:1
ਇਗੋਰ	igor:4	egoor:1	egor:1	igoor:1
ਇਚ	ich:3
ਇਛਰਾਂ	ichharan:3
ਇਛਾ	ichha:3
ਇਛਾਵਾਂ	ichhavan:2	ichavan:1	ichawan:1
ਇਛੁਕ	ichhuk:2	ichuk:1
ਇਛੁੱਕ	ichhuk:1	ichhukk:1	ichuk:1
ਇਜਰਾਈਲ	ijarayil:1	ijrael:1	israel:1
ਇਜਲਾਸ	iglas:1	ijalaas:1	ijlaas:1	ijlas:1
ਇਜ਼	is:2	iz:1
ਇਜ਼ਤ	izat:3
ਇਜ਼ਰਾਇਲ	israel:2	izarayil:1
ਇਜ਼ਰਾਇਲੀ	israeli:2	israely:1	izarayili:1
ਇਜ਼ਰਾਈਲ	israel:2	izarayil:1	izrael:1
ਇਜ਼ਰਾਈਲੀ	isaraeli:1	israeli:1	israely:1	izarayili:1
ਇਜ਼ਹਾਰ	izhaar:2	izahaar:1
ਇਜ਼ਾਜਤ	izajat:3
ਇਜ਼ਾਜ਼ਤ	izazat:3
ਇਜ਼ਾਫ਼ਾ	izafa:3
ਇਜ਼ਾਫਾ	izaafa:2	izafa:1
ਇਜਾਜਤ	ijajat:3
ਇਜਾਜ਼ਤ	ijazat:6
ਇਜਾਦ	ijaad:3
ਇਜੱਤ	ijat:1	ijatt:1	ijjat:1
ਇਟ	it:2	itt:1
ਇਟਲੀ	italy:4	itali:2	italii:1
ਇਟਾਂ	itan:2	itaan:1
ਇਟਾਲਿਕ	etalic:1	italic:1	italik:1	italiq:1
ਇਟਾਵਾ	itava:2	itawa:2
ਇਤ	it:3
ਇਤਆਦਿ	itaadi:1	itadi:1	ityadi:1
ਇਤਨਾ	itna:2	itana:1
ਇਤਨਾਂ	itnaan:2	itana:1
ਇਤਨੀ	itni:2	itani:1	itnee:1
ਇਤਨੇ	itne:2	itane:1	itnay:1
ਇਤਫ਼ਾਕ	itfaak:3	itafak:1	itfaaq:1	itfaq:1
ਇਤਬਾਰ	itbaar:2	itabar:1
ਇਤਮੀਨਾਨ	itminaan:2	itaminan:1
ਇਤਰਾਜ	itaraj:1	itraaj:1	itraj:1
ਇਤਰਾਜ਼	itraaz:2	itaraz:1
ਇਤਰਾਜ਼ਯੋਗ	itarazayog:1	itraazyog:1	itrazyog:1
ਇਤਲਾਹ	itala:1	itlaah:1	itlah:1
ਇਤਹਾਸ	ithaas:5	itahas:1	itheaas:1
ਇਤਹਾਸਕ	ithasak:2	itahasak:1
ਇਤਹਾਸਕਾਰ	itahasakar:1	ithaaskaar:1	itihaaskaar:1
ਇਤਹਾਸਕਾਰਾਂ	itahasakaran:1	ithaskaaran:1	ithaskaraan:1
ਇਤਹਾਸਿਕ	ithasik:2	itahasik:1
ਇਤਾਲਵੀ	italavi:2	italvi:1	italwi:1
ਇਤਿਆਦ	itiaad:3	itiyaad:1
ਇਤਿਆਦਿ	itiadi:2	itiaadi:1	itiyadi:1
ਇਤਿਹਾਦ	itihaad:3
ਇਤਿਹਾਸ	itihaas:3	itihas:3
ਇਤਿਹਾਸਕ	itihasak:4	eitihaskar:1	itihaasak:1	itihaskar:1
ਇਤਿਹਾਸਕਤਾ	itihasakta:2	itihaasaktaa:1
ਇਤਿਹਾਸਕਾਰ	itihaskar:3	itihaskaar:2	etihaaskar:1	itihaaskaar:1
ਇਤਿਹਾਸਕਾਰਾਂ	itihaasakaaraan:1	itihaskaraan:1	itihaskaran:1
ਇਤਿਹਾਸਕਾਰੀ	itihaskari:2	itihaaskaaree:1
ਇਤਿਹਾਸਾਂ	itihaasaan:1	itihaasan:1	itihasaan:1
ਇਤਿਹਾਸਿਕ	itihasik:2	itihaasik:1
ਇਥੇ	ithe:6	ethe:1	ithay:1
ਇਥੋਂ	ithon:4	ethon:1	etthon:1	ithou:1
ਇਥੋਪੀਆ	ethopia:2	ethiopia:1	ithopiya:1
ਇਥੋਪੀਆਈ	ethopiai:1	ethopiyayi:1	ithopiaaee:1	ithopiyayi:1
ਇਥੌਂ	ithon:2	ithaun:1
ਇਦਰੀਸ	idris:2	edriish:1	edris:1	edrish:1
ਇਦਾ	ida:3
ਇਦਾਰੇ	idare:3
ਇਧਰ	idhar:5	edar:1	idar:1
ਇਧਰਲੇ	idharle:2	idharale:1
ਇਨ	in:3	ain:1	ein:1
ਇਨਕਲਾਬ	inakalab:1	inkalab:1	inqalab:1	inqlaab:1
ਇਨਕਲਾਬਾਂ	inakalaban:1	inkalaban:1	inqalaban:1	inqlabaan:1
ਇਨਕਲਾਬੀ	inakalabi:1	inkalabi:1	inqalabi:1	inqlabi:1
ਇਨਕਲਾਬੀਆਂ	inkalabiaan:1	inklaabeeaan:1	inqalabiaan:1	inqlabiaan:1
ਇਨਕਾਰ	inkaar:4	inkar:3	inqar:1
ਇਨਕਾਰੀ	inkari:2	inkaaree:1	inqari:1
ਇਨਚਾਰਜ	incharge:3
ਇਨਟੈਗਰੇਟਿਡ	intaegretid:1	integrated:1	integreted:1
ਇਨਡੀਅਨਜ਼	indians:2	indeeanz:1
ਇਨਡੋਰ	inadora:1	indoor:1	indur:1
ਇਨਫਰਾਰੈੱਡ	enfrared:1	enphrared:1	infrared:1	inphrared:1
ਇਨਫੈਂਟਰੀ	infantry:2	infeintree:1
ਇਨਮੇ	inme:3	iname:1
ਇਨਰ	inner:3	iner:2	ennar:1	enner:1
ਇਨਵਰਨੇਸ	invarness:1	inveerneess:1	inverneshsh:1	inverness:1
ਇਨਵੈਸਟਮੈਂਟ	investment:3
ਇਨਸਾਨ	insan:4	insaan:2	inasan:1
ਇਨਸਾਨਾ	insana:2	inasana:1
ਇਨਸਾਨਾਂ	inasana:1	insanaan:1	insanan:1
ਇਨਸਾਨੀ	inasani:1	insanee:1	insani:1
ਇਨਸਾਨੀਅਤ	insaniat:2	insaniyat:2	insaaniat:1	insaaniyat:1
ਇਨਸਾਫ	insaf:2	insaaf:1
ਇਨਸਾਫ਼	insaaf:3	insaf:2	insaff:1	insaph:1
ਇਨਸੁਲਿਨ	enshuelin:1	ensuelin:1	inshuleen:1	inshulin:1
ਇਨਸੂਲਿਨ	insulin:3	inasulin:1
ਇਨਸੂਲੇਸ਼ਨ	insulation:3	inasuleshan:1
ਇਨਹਾਂ	inhan:2	inhaan:1
ਇਨਾ	ena:1	ina:1	inaa:1	inna:1
ਇਨਾਂ	inaan:6	inan:3
ਇਨਾਇਤ	inait:2	inaait:1
ਇਨਾਮ	inaam:6	inam:2
ਇਨਾਮਾਂ	inamaan:2	inaamaan:1
ਇਨਾਮੀ	inamee:2	inaamee:1
ਇਨੀ	inee:2	ini:1
ਇਨੇ	ine:6
ਇਨ੍ਹਾ	inha:2	inahaa:1
ਇਨ੍ਹਾਂ	inhaan:3	inhan:2	inan:1
ਇਨ੍ਹੀ	inhi:2	inahee:1
ਇਨ੍ਹੀਂ	inaheen:1	inheen:1	inhin:1
ਇਨ੍ਹੇ	inhe:3
ਇਪੋਹ	epoh:1	epooh:1	ipoh:1	ipooh:1
ਇਫਤਿਖਾਰ	iftikhar:2	iphtikhaar:1
ਇਬਤਦਾ	ibatada:1	ibatda:1	ibtdaa:1
ਇਬਨ	iban:2	ibn:1
ਇਬਰਾਨੀ	ibrani:2	ibraanee:1
ਇਬਰਾਹਿਮ	ibrahim:2	ibraahim:1
ਇਬਰਾਹੀਮ	ibrahim:5	ibraahim:1	ibraheem:1
ਇਬਲੀਸ	iblees:2	iblis:1
ਇਬਾਦਤ	ibadat:2	ibaadt:1
ਇਬਾਰਤਾਂ	ibaarataan:1	ibaartaan:1	ibartaan:1
ਇਬੋਲਾ	ebola:2	ibolaa:1
ਇਬ੍ਰਾਹਿਮ	ibrahim:3
ਇਬ੍ਰਾਹੀਮ	ibraaheem:1	ibraheem:1	ibrahim:1
ਇਮ	im:3
ਇਮਤਿਆਜ਼	imtiaz:3	imatiaaz:2	imtiyaaz:2	emtiaaz:1
ਇਮਤਿਹਾਨ	imatihaan:1	imtihaan:1	imtihan:1
ਇਮਤਿਹਾਨਾਂ	imatihaanaan:1	imtihaanaan:1	imtihanaan:1
ਇਮਰਜਿੰਗ	emerging:2	emerjing:1
ਇਮਰਾਨ	imaraan:1	imraan:1	imran:1
ਇਮਰੋਜ਼	imroz:3	imaroz:1
ਇਮਲੀ	imalee:1	imlee:1	imli:1	imly:1
ਇਮਾ	ima:2	emma:1	imaa:1
ਇਮਾਦ	imaad:3
ਇਮਾਨ	imaan:3
ਇਮਾਨਦਾਰ	imaanadaar:1	imaandaar:1	imandaar:1
ਇਮਾਨਦਾਰੀ	imandari:3	imaanadaaree:1	imaandaaree:1	imaandari:1
ਇਮਾਮ	imaam:2	imam:2	emam:1
ਇਮਾਰਤ	imarat:3	imaarat:2	imaart:1
ਇਮਾਰਤਸਾਜ਼ੀ	imaaratasaazee:1	imaartsaazee:1	imaratsazi:1
ਇਮਾਰਤਾ	imaarata:1	imaartaa:1	imartaa:1
ਇਮਾਰਤਾਂ	imaarataan:1	imaartaan:1	imarataan:1
ਇਮਾਰਤੀ	imaaratee:1	imaartee:1	imarati:1
ਇਮਾਰਤੇ	imaarate:1	imaarte:1	imarate:1
ਇਮੇਜ	image:3
ਇਰ	ir:3
ਇਰਦ	irad:2	ird:1
ਇਰਫ਼ਾਨ	irfaan:1	irfan:1	irffan:1
ਇਰਫਾਨ	irfan:3	irfaan:2	iraphana:1	irphaan:1
ਇਰਵਿਨ	irwin:3	ervin:2	irvin:2	arween:1
ਇਰਵਿੰਗ	irwing:3	irving:1
ਇਰਸ਼ਾਦ	irshad:2	irshaad:1
ਇਰਾਕ	iraq:6	iraak:2	irak:2	iraaq:1
ਇਰਾਕੀ	iraqi:4	iraki:2	iiraakee:1	iiraakii:1
ਇਰਾਜ	iraaj:2	iraj:1
ਇਰਾਦਤਨ	iradatan:2	iradtn:1
ਇਰਾਦਾ	irada:5	iraadaa:1
ਇਰਾਦੇ	irade:2	iraade:1
ਇਰਾਨ	iran:7	iiraan:1	iraan:1
ਇਰਾਨੀ	irani:3	aranee:1	arani:1	eranee:1
ਇਰਾਨੀਆਂ	iraniaan:2	iraneeaan:1
ਇਲਜ਼ਾਮ	ilzam:2	ilzaam:1
ਇਲਮੋਂ	ilmon:2	ilamon:1
ਇਲਹਾਮ	ilhaam:2	ilham:1
ਇਲਾ	ila:3
ਇਲਾਇਚੀ	elaichi:1	ilaaichee:1	ilaichi:1
ਇਲਾਕ਼ੇ	ilaakke:1	ilake:1	ilakke:1	ilaqqe:1
ਇਲਾਕਾ	ilaka:4	ilaaka:2	ilaaqaa:1	ilaqa:1
ਇਲਾਕਾਈ	ilaqaee:2	ilakaee:1	ilakayi:1
ਇਲਾਕਿਆ	ilaakiaa:1	ilakia:1	ilakiaa:1	ilaqiaa:1
ਇਲਾਕਿਆਂ	ilaakiaan:2	ilakiaan:2	ilakian:2	ilaqiaan:2
ਇਲਾਕੀਆਂ	ilakiaan:2	ilaakiaan:1	ilaqiaan:1
ਇਲਾਕੇ	ilake:4	ilaake:3	ilaqe:1
ਇਲਾਜ	ilaaj:4	ilaj:4
ਇਲਾਜਯੋਗ	ilajyog:2	ilaajyog:1
ਇਲਾਜ਼	ilaz:2	ilaaz:1
ਇਲਾਜਾਂ	ilaajaan:1	ilajaan:1	ilajan:1
ਇਲਾਵਾ	ilava:5	ilaavaa:1	ilavaa:1	ilawa:1
ਇਲਾਵਾਂ	ilaavaan:1	ilavaan:1	ilavan:1	ilawan:1
ਇਲਾਹਾਬਾਦ	ilahabad:2	alaahaabaad:1	allaahabad:1	allahabad:1
ਇਲਾਹੀ	ilahi:2	ilaahee:1
ਇਲਿਆ	elya:1	iilya:1	ilya:1
ਇਲਿਆਨਾ	iliaana:1	iliaanaa:1	iliana:1
ਇਲਿਆਸ	iliaas:2	ilias:1
ਇਲੀਅਟ	eliott:1	ileeat:1	iliat:1
ਇਲੀਆਡ	iliaad:2	ileeaad:1
ਇਲੀਟ	eleet:1	eliot:1	ileet:1
ਇਲੀਨੋਇਸ	ileenois:2	ilinois:2	illinois:2	iliinois:1
ਇਲੀਸਬਤ	ilisabat:2	ileesbt:1
ਇਲੈਕਟਰਿਕ	electric:3
ਇਲੈਕਟਰੀਕਲ	electrical:3
ਇਲੈਕਟਰੋ	electro:3
ਇਲੈਕਟਰੋਨਿਕ	electronic:3	electronik:1
ਇਲੈਕਟੋਰਲ	electoral:2	electorl:1
ਇਲੈਕਟ੍ਰਾਨ	electron:1	electronn:1	ellectron:1	ilictron:1
ਇਲੈਕਟ੍ਰਾਨਿਕ	electronic:3	electranic:1	electranik:1
ਇਲੈਕਟ੍ਰੋ	electro:1	electroo:1	elektro:1	elektroo:1
ਇਲੈਕਟ੍ਰੋਨਿਕ	electronic:3
ਇਲੈਕਟ੍ਰੋਨਿਕਸ	electronics:1	electroniks:1	elektronics:1	elektronix:1
ਇਲੈਕਟ੍ਰੋਮੈਗਨੈਟਿਕ	electromagnetic:3
ਇਲੈਕਟ੍ਰੌਨਿਕ	electronic:2	electroonic:1
ਇਲੈਕਸ਼ਨ	election:3
ਇਲੈਵਨ	eleven:4	elaevan:1	elaeven:1	elewen:1
ਇਵਜ	ivaj:2	evj:1	iwaj:1
ਇਵਨ	even:1	evn:1	ivan:1	iwan:1
ਇਵਾ	iva:2	ivaa:1	iwa:1
ਇਵਾਂਕਾ	ivanka:2	ivaanka:1	ivanqa:1	iwanka:1
ਇਵਾਨ	ivaan:2	ivan:1	iwan:1
ਇਵੇਂ	iven:2	iwein:1	iwen:1
ਇਸ	is:6	iss:1
ਇਸਕਾਨ	eskan:1	iskaan:1	iskan:1	iskcon:1
ਇਸਤਮਾਲ	isatmaal:2	istamal:1	istmaal:1
ਇਸਤਰਾਂ	istran:2	isataran:1	istaraan:1
ਇਸਤਰੀ	istari:2	istaree:1	istri:1
ਇਸਤਰੀਆਂ	isatariyan:1	istareeaan:1	istrian:1
ਇਸਤਰ੍ਹਾਂ	isatahran:1	istarhaan:1	istrahan:1	istrahn:1
ਇਸਤਿਮਾਲ	isatemaal:1	istemaal:1	istimaal:1	istimal:1
ਇਸਤੀਫਾ	isteefa:2	istifa:1
ਇਸਤੇ	iste:3
ਇਸਤੋ	isto:3
ਇਸਤੋਂ	iston:2	istron:1
ਇਸਤ੍ਰੀ	istree:2	istri:2
ਇਸਦਾ	isda:5	isadaa:1
ਇਸਦੀ	isdi:4	isadee:1	isdee:1
ਇਸਦੀਆਂ	isdiaan:2	isdeeaan:1
ਇਸਦੇ	isde:5	isade:1
ਇਸਨਾਨ	isnaan:4	isnan:2
ਇਸਨੂੰ	isnun:4	isanoon:1	isnoon:1
ਇਸਨੇ	isne:3
ਇਸਪਾਤ	ispat:2	ispaat:1
ਇਸਮਤ	ismat:3
ਇਸਮਾਇਲ	ismail:2	ishmail:1	ismaail:1
ਇਸਮਾਇਲੀ	eshmaili:1	esmaiilii:1	esmaili:1	esmeli:1
ਇਸਮਾਈਲ	ismaeel:2	ismail:2	ismaaiil:1	ismaail:1
ਇਸਰਾਇਲ	israel:3	israil:2	ishraail:1	ishrael:1
ਇਸਰਾਈਲ	israel:5	israil:1
ਇਸਰਾਏਲ	israel:2	israil:1
ਇਸਰਾਰ	israar:2	israr:2
ਇਸਰੋ	isro:3	issro:1
ਇਸਲਈ	islai:1	islayee:1	islayi:1	islyi:1
ਇਸਲਾਮ	islam:4	islaam:2	ishlaam:1	ishlam:1
ਇਸਲਾਮਕ	islamak:2	islamic:2
ਇਸਲਾਮਾਬਾਦ	islamabad:4	isalamabada:1	ishlaamaabaad:1	ishlaamabad:1
ਇਸਲਾਮਿਕ	isalamic:1	islamic:1	islamik:1
ਇਸਲਾਮੀ	islami:2	islaami:1
ਇਸਲਾਮੀਆ	islamia:3
ਇਸਲਾਮੀਕਰਨ	islamikaran:3
ਇਸਵਿੱਚ	eswhich:1	isvich:1	isvichh:1
ਇਸਵੀ	isvee:2	isvi:2
ਇਸ਼ਕ	ishak:5	ishq:4	ishaq:2	ishk:2
ਇਸ਼ਕ਼	ishak:3	ishaq:1	ishq:1
ਇਸ਼ਕੀਆ	ishakiaa:1	ishakiya:1	ishaqiya:1	ishkeeaa:1
ਇਸ਼ਟ	ishat:1	isht:1	ishtt:1
ਇਸ਼ਤਿਹਾਰ	ishtehaar:1	ishtihaar:1	ishtihar:1
ਇਸ਼ਤਿਹਾਰਬਾਜ਼ੀ	ishtehaarbaazi:1	ishtihaarbaazi:1	ishtiharbaazi:1
ਇਸ਼ਤਿਹਾਰਬਾਜੀ	ishtehaarbaaji:1	ishtihaarbaaji:1	ishtiharbaji:1
ਇਸ਼ਤਿਹਾਰਾਂ	ishatehaaran:1	ishatiharaan:1	ishtehaaran:1	ishtihaaraan:1
ਇਸ਼ਨਾਨ	ishnaan:2	ishnan:1
ਇਸ਼ਰਤ	ishrat:2	isharat:1
ਇਸ਼ਾਰਾ	ishara:5	ishaara:1
ਇਸ਼ਾਰਿਆਂ	eshareya:1	ishareya:1	ishariaan:1	isharian:1
ਇਸ਼ਾਰੇ	ishare:5	ishaare:2	eshare:1
ਇਸ਼ੂ	issue:2	ishoo:1	ishshue:1	ishshuu:1
ਇਸਾਈ	isaai:2	isaaee:1	isaayee:1	isaee:1
ਇਸਾਈਅਤ	isaaiat:2	isaeeat:1	isayeeat:1	isayiat:1
ਇਸਾਈਆਂ	isaaeean:1	isaeea:1	isaeean:1	isaiaan:1
ਇਸਾਕ	isaak:2	isaac:1	isak:1
ਇਸਾਬੇਲ	isabel:3
ਇਸੀ	isi:3	isee:1	issi:1
ਇਸੇਤਰਾਂ	isetaraan:2	isetra:1
ਇਹ	ih:8	eh:4	eih:1
ਇਹਦਾ	ehdaa:1	ihada:1	ihadaa:1
ਇਹਦੀ	ihadee:2	ehdi:1
ਇਹਦੀਆਂ	ehdiaan:1	ihadeeaan:1	ihadeean:1
ਇਹਦੇ	ehade:2	ihade:2	ihde:2	eihde:1
ਇਹਨਾ	ehana:3	ehna:1	ehnaa:1	ihana:1
ਇਹਨਾਂ	ehanan:3	ehnaan:2	ihanaan:2	ihanan:2
ਇਹਨੂੰ	ehanun:1	ehnun:1	ihanoon:1
ਇਹਨੇ	ehane:1	ehne:1	ihane:1
ਇਹਨ੍ਹਾਂ	ehnhaan:2	ihanhan:1
ਇਹਸ	ihas:2	iham:1
ਇਹੀ	ehi:2	ihi:2	eihi:1
ਇਹੁ	ihu:2	ehu:1
ਇਹੇ	ihe:3
ਇਹੋ	iho:4	eho:2
ਇੰਕਾ	inka:2	inkaa:1	inqa:1
ਇੰਗਲਡ	england:2	englad:1
ਇੰਗਲਿਸਤਾਨ	englistan:2	ingalistan:1
ਇੰਗਲਿਸ਼	english:3
ਇੰਗਲੈਂਡ	england:10	ingland:1	inland:1
ਇੰਗਲੈਡ	england:3
ਇੰਚ	inch:1	incha:1	inchh:1
ਇੰਚਾਰਜ	incharge:3
ਇੰਚੀ	inchi:3
ਇੰਜ	inj:5	enj:1
ਇੰਜਣਾਂ	enginaan:1	engnan:1	injanaan:1
ਇੰਜਨ	engine:3	injan:1
ਇੰਜੀ	inji:2	engi:1	ingi:1	injee:1
ਇੰਜੀਨੀਅਰਿੰਗ	engineering:3
ਇੰਜੀਲ	injeel:3	injil:1
ਇੰਜੀਲੇ	enjile:2	injeele:1
ਇੰਝ	injh:5	enj:1	inj:1	injhh:1
ਇੰਟਰ	inter:3	enter:1	intar:1	itara:1
ਇੰਟਰਐਕਟਿਵ	interactive:3
ਇੰਟਰਨੇਟ	internet:3
ਇੰਟਰਨੇਸ਼ਨਲ	international:3
ਇੰਟਰਨੈਸ਼ਨਲ	international:6
ਇੰਟਰਨੈੱਟ	internet:3	inetrnet:1	intarnet:1
ਇੰਟਰਪੋਲ	interpol:3	intarpal:1	intarpol:1	intarpool:1
ਇੰਟਰਫੇਸ	interface:3
ਇੰਟਰਮੀਡੀਏਟ	intermediate:3
ਇੰਟਰਵਿਊ	interview:2	intervieoo:1
ਇੰਟਰਵਿਊਆਂ	interviewaan:2	intervieooaan:1
ਇੰਟਰਾ	intra:2	entra:1	intrra:1
ਇੰਟੀਗ੍ਰੇਟ	integret:2	integrate:1
ਇੰਟੀਗ੍ਰੇਸ਼ਨ	integration:2	integretion:1
ਇੰਟੈਲੀਜੈਂਸ	intelligence:3
ਇੰਡਸਟਰੀ	industry:3	industree:2	iindastry:1	iindustree:1
ਇੰਡਸਟਰੀਜ਼	industries:2	indstreez:1
ਇੰਡਿਅਨ	indian:3
ਇੰਡਿਆ	india:3
ਇੰਡਿਆਨਾ	indiana:2	indiaana:1
ਇੰਡਿਯਨ	indian:2	indiyan:2	indan:1
ਇੰਡੀ	indi:2	inde:1	indy:1
ਇੰਡੀਅਨ	indian:2	indeean:1
ਇੰਡੀਅਨਜ਼	indians:2	indeeanz:1
ਇੰਡੀਆ	india:9	indeaa:2	indeeya:1	indiaa:1
ਇੰਡੀਆਂ	india:1	indiaan:1	indian:1
ਇੰਡੀਆਨਾ	indiaana:2	indiana:2	endana:1	endiana:1
ਇੰਡੀਗੋ	endigo:1	endigoo:1	endiigo:1	iindego:1
ਇੰਡੀਜ਼	indies:2	indeez:1
ਇੰਡੋ	indo:3
ਇੰਡੋਨੇਸ਼ਿਆ	indonesia:2	indonatiya:1
ਇੰਡੋਨੇਸ਼ੀਆ	indonesia:5	indnosia:1	indonasia:1	indoneshia:1
ਇੰਤਕਾਲ	intkaal:3	intqaal:1
ਇੰਤਜ਼ਾਮ	intzaam:3
ਇੰਤਜ਼ਾਰ	intzaar:2	intezar:1
ਇੰਤਜਾਰ	intjaar:2	intajar:1
ਇੰਤਹਾਈ	inntehaai:1	intahai:1	intehaayi:1	inthaaee:1
ਇੰਤਹਾਪਸੰਦ	intahapasand:1	intehapasand:1	inthaapsand:1
ਇੰਦ	ind:3
ਇੰਦਰ	inder:5	indar:1	indra:1
ਇੰਦਰਜੀਤ	inderjeet:6	indarjeet:1	indarjit:1	inderjit:1
ਇੰਦਰਧਨੁਸ਼	inderdhanush:2	indardhanush:1	inderdhnush:1
ਇੰਦਰਪ੍ਰਸਥ	inderprasth:1	inderprsth:1	indraprasth:1
ਇੰਦਰਾ	indra:3	indara:2	indira:2	endra:1
ਇੰਦਰਾਜ਼	inderaaz:1	indraaz:1	inndraaz:1
ਇੰਦਰਾਣੀ	endraranni:1	indaraani:1	indarranni:1	inderani:1
ਇੰਦਰਿਆਵੀ	indriavi:2	indriaavee:1	indriawi:1
ਇੰਦਰੀ	indree:2	indari:1	indri:1
ਇੰਦਰੀਆਂ	indrian:2	indreeaan:1	indriyan:1
ਇੰਦਿਰਾ	indira:2	indiraa:1
ਇੰਦੂ	indoo:3	indu:2
ਇੰਦੌਰ	indaur:2	indhour:1
ਇੰਧਨ	indhan:2	indhn:1
ਇੰਨਕਲਾਬ	innkalaab:2	innqalaab:1	inqlab:1
ਇੰਨਕਾਰ	innkaar:1	innkar:1	inqaar:1
ਇੰਨਬਿੰਨ	innbinn:2	innbin:1
ਇੰਨਸਾਨ	insaan:2	innsaan:1
ਇੰਨਾ	inna:6	enna:2	ina:1
ਇੰਨਾਂ	inaan:1	innaan:1	innan:1
ਇੰਨੀ	inni:3
ਇੰਨੀਆਂ	inniaan:2	inneeaan:1
ਇੰਨੇ	inne:6	enne:2	ene:1	ine:1
ਇੰਨ੍ਹਾ	innha:2	inhaa:1
ਇੰਨ੍ਹਾਂ	innhaan:2	innhan:1
ਇੰਫਾਲ	imphal:3	imfal:1
ਇੰਫੋਸਿਸ	infosys:3	infosis:2	infasis:1	infoshysh:1
ਇੰਮੀਗ੍ਰੇਸ਼ਨ	immigration:2	immigreshan:1
ਇੰਸਟਾਗ੍ਰਾਮ	instagram:3
ਇੰਸਟਾਲ	instaall:1	instal:1	install:1
ਇੰਸਟੀਚਿਊਟ	institute:2	insteechioot:1	instichiuut:1
ਇੰਸਟ੍ਰਕਟਰ	instructor:4	instractar:1	instractor:1	instraktar:1
ਇੰਸਪੈਕਟਰ	inspector:4	inspaektar:1	inspektar:1	inspektor:1
ਇੱਕ	ikk:8	iik:1
ਇੱਕਜੁਟ	ikjutt:2	ikkjut:1
ਇੱਕਠ	ikath:1	ikkath:1	ikkathh:1
ਇੱਕਠਾ	ikkatha:2	ikatha:1
ਇੱਕਠੀ	ikkathi:2	ikathi:1
ਇੱਕਠੀਆਂ	ikathhiaan:1	ikathiyan:1	ikkathian:1
ਇੱਕਤਰ	ikatar:1	ikkatar:1	ikktar:1
ਇੱਕਮਾਤਰ	ikkmatar:1	ikmatar:1	ikmatra:1
ਇੱਕਮਿਕ	ikamik:1	ikkmik:1	ikmik:1
ਇੱਕਮਿੱਕ	ikkamikk:1	ikkmikk:1	ikmik:1
ਇੱਕਰੂਪਤਾ	ikkarupata:1	ikkroopta:1	ikroopata:1	ikrupta:1
ਇੱਕਲਤਾ	ikalata:1	ikkalata:1	ikkalta:1
ਇੱਕਲਾ	ikala:2	ikkala:1
ਇੱਕਲੀ	ikkali:2	ikali:1	iqqali:1
ਇੱਕਲੇ	ikkale:2	ikalle:1	iqqale:1
ਇੱਕਲੌਤੀ	ikklauti:1	ikkloti:1	ikloti:1	iqqlauti:1
ਇੱਕਲੌਤੇ	ikklaote:1	ikklaute:1	iklote:1	iqqlaute:1
ਇੱਕਸੁਰ	ikksur:2	iksur:1
ਇੱਕਸੁਰਤਾ	ikksurta:2	iksurta:1
ਇੱਕੀ	iki:1	ikkee:1	ikki:1
ਇੱਕੀਵੀਂ	ikeeveen:1	ikkeeveen:1	ikkiveen:1
ਇੱਕੋ	ikko:6	echo:1	eco:1	ikkou:1
ਇੱਛਕ	icchhak:1	ichchhak:1	ichhak:1	ichhaq:1
ਇੱਛਤ	icchhat:1	ichchhat:1	ichhat:1
ਇੱਛਰਾਂ	icchharan:1	ichchharan:1	ichharan:1
ਇੱਛਾ	ichha:3	icchha:1	ichcha:1	ichchha:1
ਇੱਛਾਧਾਰੀ	ichhadhari:2	ichchhadhari:1
ਇੱਛਾਵਾਂ	ichavan:1	ichawan:1	ichchhavan:1	ichhavan:1
ਇੱਛਿਆ	ichchhia:1	ichheya:1	ichia:1	ichiya:1
ਇੱਛਿਤ	ichchhit:1	ichhit:1	ichit:1
ਇੱਛੁਕ	ichchhuk:1	ichhuk:1	ichuk:1
ਇੱਜਤ	ijjat:6
ਇੱਜਤਾਂ	ijjatan:3	ijatan:1	ijjataan:1	ijjtaan:1
ਇੱਜ਼ਤ	izzat:6	izat:2
ਇੱਜ਼ਤਦਾਰ	izatadaar:1	izzatadaar:1	izzatdaar:1
ਇੱਟ	itt:3
ਇੱਟਾਂ	ittan:3
ਇੱਥੇ	ithe:3	itthe:2	etthae:1	ithay:1
ਇੱਥੋ	itho:1	ithou:1	ittho:1
ਇੱਥੋਂ	itthon:4	ithon:3	etthon:1	ithou:1
ਇੱਦਾਂ	iddan:3
ਇੱਬਟਸਨ	ebatson:1	ibbastan:1	ibbatsan:1	ibbtasan:1
ਇੱਲ	ill:3
ਇੱਸ	iss:3
ਇੱਸਾ	issa:3	issaa:3	isaa:1
ਇੱਹ	ehh:2	ihh:1
ਈਂਟੋਂ	eenton:2	etoun:1	itoun:1
ਈਂਧਣ	eendhan:2	indhan:1
ਈਅਰ	eear:2	ear:1
ਈਕੋ	echo:2	eeco:2	eco:1	eeko:1
ਈਗਲ	eegal:2	eagle:1
ਈਗੋ	ego:1	egoo:1	iggo:1	iggoo:1
ਈਜਾਦ	ijaad:2	eejaad:1	ejaad:1
ਈਟਾ	eeta:2	eetta:1	ita:1
ਈਟਾਨਗਰ	eetanagar:1	ettanagar:1	itanagar:1
ਈਦ	eid:2	eed:1	id:1	ida:1
ਈਦਗਾਹ	edgah:1	eedgah:1	eidgaah:1	idgah:1
ਈਦਾ	eeda:3
ਈਦੀ	eedi:2	edi:1	eedee:1
ਈਨ	een:3
ਈਨਾਮ	inaam:2	eenaam:1	enaam:1
ਈਨੂੰ	eenoon:1	ennu:1	innu:1	inoon:1
ਈਬੁਕ	ebook:1	ebooq:1	ebuk:1	ibook:1
ਈਮਾਨ	imaan:2	eemaan:1	emaan:1
ਈਮਾਨਦਾਰੀ	eemaandari:1	imandari:1	inamdaari:1
ਈਮੇਲ	email:6	eemail:1	eemel:1	emel:1
ਈਮੇਲਾਂ	emailan:2	eemelaan:1
ਈਯੂ	eu:2	eeyu:1
ਈਰਖਾ	eerkha:3	irkha:1
ਈਰਾਨ	eeraan:1	iiranan:1	iiranian:1	iraanan:1
ਈਰਾਨੀ	eeraanee:1	eeraani:1	iraani:1	irani:1
ਈਲਾ	eela:2	ela:1	ila:1
ਈਲੇਨ	eelen:1	elaine:1	elan:1
ਈਵਨ	evan:2	even:2	eevan:1	ewan:1
ਈਵਾ	eeva:2	eva:1
ਈਵਾਨ	eevaan:1	eevan:1	eewan:1	evan:1
ਈਵੈਂਟ	event:2	eevaint:1
ਈਸਟ	east:7	eest:1	iast:1	iist:1
ਈਸਟਰ	easter:2	eestar:2	ester:2	eashtar:1
ਈਸਟਰਨ	eastern:2	eestarn:1
ਈਸਵਰ	eesvar:1	eeswar:1	isvar:1	iswar:1
ਈਸਵੀ	eesavee:1	eesavi:1	eesvi:1	isvee:1
ਈਸ਼ਨਿੰਦਾ	eeshninda:2	ishninda:2
ਈਸ਼ਰ	eeshar:2	eshar:1	ishar:1
ਈਸ਼ਵਰ	ishwar:3	eeshwar:2	ishvar:2	eshvar:1
ਈਸ਼ਾ	iisa:1	iisha:1	iishha:1	isa:1
ਈਸ਼ਾਨ	eeshaan:1	eeshan:1	eshaan:1	ishaan:1
ਈਸਾ	eesa:2	esa:1	isa:1
ਈਸਾਈ	isaai:3	isai:2	eesaaee:1	isayi:1
ਈਸਾਈਅਤ	isaaiat:2	eesaaeeat:1
ਈਸਾਈਆਂ	eesaaeeaan:1	isaaian:1	isaiaan:1	issaiyan:1
ਈਸੜੂ	eesadu:1	eesdu:1	isdu:1	isrhu:1
ਈੜੀ	eedhi:1	eedi:1	eerhi:1
ਉਂਗਲ	ungal:5
ਉਂਗਲਾਂ	ungala:1	ungalan:1	ungla:1	unglaan:1
ਉਂਗਲਿਆਂ	unglian:2	ungliaan:1
ਉਂਗਲੀ	ungli:3	ungali:2
ਉਂਗਲੀਆਂ	ungalian:2	ungaliaan:1	ungliaan:1
ਉਂਚਾਈ	unchayi:2	uchaee:1	uchain:1	unchaii:1
ਉਂਜ	unj:2	oonj:1
ਉਂਝ	unjh:3	oonjh:1
ਉਂਠ	unth:2	oonth:1
ਉਂਤਰ	untar:2	oontar:1
ਉਂਨਾਵ	unaav:1	unaaw:1	unnav:1
ਉਂਪਰ	unpar:2	uppar:1
ਉਇ	oae:1	ooi:1	uei:1	uyi:1
ਉਏ	ouae:1	ue:1	uye:1
ਉਕਤ	ukat:7
ਉਕਤਾ	ukata:2	ukataa:1
ਉਕਤੀ	ukati:2	ukti:2	okati:1	uuktee:1
ਉਕਰੀ	ukree:3	okree:2	okri:1	ukri:1
ਉਕਰੀਆਂ	ukrian:2	okrian:1	ukriyan:1
ਉਕਸਾਇਆ	uksaaiaa:1	uksaiaa:1	uksaya:1	uqsaiaa:1
ਉਕਸਾਉਂਦਾ	uksaunda:2	uksaaunda:1
ਉਕਸਾਉਂਦੀ	uksaaundee:1	uksaundi:1	unsaaundi:1	uqsanundi:1
ਉਕਸਾਉਣ	ukasaun:1	uksaaun:1	uksaun:1
ਉਕਸਾਏ	uksaae:1	uksaaye:1	uksaye:1
ਉਕਸਾਹਟ	uksahat:2	uksaahat:1
ਉਖਾੜ	ukhad:3	ukhar:1	ukharh:1
ਉਖੜ	ukhad:2	ukharh:1	ukhd:1
ਉਗ	ugg:2	ogg:1	oog:1	ug:1
ਉਗਣ	ugan:2	oogan:1
ਉਗਦੇ	ugade:1	ugde:1	uugde:1
ਉਗਮਿਆ	ugmia:2	ugmiya:1
ਉਗਰ	ugar:2	uugar:1
ਉਗਰਵਾਦ	ugarwad:1	ugervad:1	ugerwad:1	uugarvad:1
ਉਗਰਾਹੀ	ughaari:1	ugraahi:1	ugrahi:1
ਉਗਲਾਂ	uglan:1	ungalan:1	uuglan:1
ਉਗਾ	uga:2	ugaa:1	uuga:1
ਉਗਾਇਆ	ugaaeea:1	ugaeaa:1	ugaiaa:1	ugayiaa:1
ਉਗਾਈ	ugaai:1	ugaayi:1	ugaee:1	ugai:1
ਉਗਾਈਆਂ	ugaayiya:1	ugaeaan:1	ugaiyan:1
ਉਗਾਉਣ	ugaun:2	ougaaunn:1	ugaaunn:1	uugauun:1
ਉਗਾਉਣਾ	ugauna:2	ogaounna:1	ougaaunnaa:1	ugaaunna:1
ਉਗਾਏ	ugaae:1	ugaaye:1	ugae:1
ਉਗਿਆ	ugiya:2	oogiaa:1	ugeya:1	ughgiya:1
ਉਘਾ	ugha:3
ਉਘਾੜਦੇ	udhadade:1	ughadde:1	ugharde:1	ugharhde:1
ਉਘਾੜਨ	ughadan:2	ugharhan:2	ughaadan:1
ਉਘਾੜਨਾ	ughadna:2	ugharhna:1	ugharna:1
ਉਘਾੜਿਆ	ughadia:1	ughadiya:1	ugharea:1	ugharhiaa:1
ਉਘੀ	ughi:2	ooggi:1	ugghi:1	uggi:1
ਉਘੀਆਂ	ughayin:1	ughiaan:1	ughian:1	ughiyaan:1
ਉਘੇ	ughe:3
ਉਘੜ	ughad:2	ughar:1	ughrh:1
ਉਘੜਦਾ	ugadhda:1	ugharhda:1	ughdada:1
ਉਘੜਦੇ	ughadade:2	ugharde:1
ਉਘੜਵਾਂ	ugadvan:1	ugaravan:1	ugharvan:1	ughrhvan:1
ਉਚ	uch:5	ooch:1	ucch:1	uchh:1
ਉਚਕੋਟੀ	uchkoti:2	uchkotti:1	uchqoti:1
ਉਚਤਮ	uchtam:2	uchatam:1
ਉਚਤਾ	uchta:2	uchata:1
ਉਚਾ	ucha:3
ਉਚਾਈ	uchai:3
ਉਚਾਈਆਂ	uchaian:3	uchayian:1
ਉਚਾਟ	uchaat:2	uchat:1
ਉਚਾਰ	uchar:3
ਉਚਾਰਖੰਡ	ucharkhand:2	ucharkhandh:1
ਉਚਾਰਣ	ucharan:1	ucharanh:1	uchran:1
ਉਚਾਰਦਾ	ucharda:2	ucharada:1
ਉਚਾਰਦੀ	uchardi:2	oochardi:1	uchaardi:1
ਉਚਾਰਦੀਆਂ	uchaardian:1	uchardian:1	uchardiyaan:1	uchardiyan:1
ਉਚਾਰਨ	ucharan:4
ਉਚਾਰਿਆ	ucharia:2	ucharea:1	uchariya:1
ਉਚਾਰੀਆਂ	ouchaariya:1	uchariaan:1	uchariyaan:1	uchariyan:1
ਉਚਾਰੇ	uchare:3
ਉਚਿਤ	uchit:6
ਉਚਿਤਤਾ	uchitta:2	uchitata:1
ਉਚਿੱਤ	uchit:2	oucheet:1	ouchit:1
ਉਚੀ	uchi:4
ਉਚੀਆਂ	uchian:2	uchiaan:1	uchiyan:1
ਉਚੇ	uche:3	ouchae:1	ouche:1
ਉਚੇਚ	uchech:2	oochech:1	ouchech:1
ਉਚੇਚਾ	uchecha:3
ਉਚੇਚੀ	uchechi:3
ਉਚੇਚੇ	ucheche:5	uchecha:1
ਉਚੇਰਾ	uchera:3
ਉਚੇਰੀ	ucheri:5	oucheree:1	oucheri:1
ਉਚੇਰੇ	uchere:3
ਉਛਲੀ	uchali:2	uchli:1
ਉਛਾਲ	uchaal:2	uchal:1	uchhal:1
ਉਛਾਲਦੀ	uchaladi:1	uchaldi:1	uchhaldi:1
ਉਜ	uj:8	ooaj:1	uaj:1
ਉਜਬੇਕ	ujbek:3
ਉਜਬੇਕਿਸਤਾਨ	ujbekistaan:1	ujbekistan:1	uzbekistan:1
ਉਜਰਤ	ujarat:2	ujrat:1
ਉਜਰਤੀ	ujarti:3	ujartee:1
ਉਜਲ	ujal:3
ਉਜਵਲਾ	ujwla:2	ujvala:1	ujvla:1	ujwala:1
ਉਜ਼ਬੇਕਿਸਤਾਨ	uzbekistan:4	ujabaekistan:1	ujabekishtan:1	ujabekistan:1
ਉਜਾਗਰ	ujaagar:1	ujagar:1	ujager:1
ਉਜਾਲਾ	ujala:2	ujaala:1
ਉਜਾਲੇ	ujale:3
ਉਜਾੜ	ujaad:2	ujad:2	oujarh:1	ujadd:1
ਉਜੈਨ	ujjain:2	ujaen:1	ujain:1	ujjaen:1
ਉਜੜ	ujad:6
ਉਜੜੀਆਂ	ujadian:1	ujdeean:1	ujdian:1
ਉਜੜੇ	ujde:2	ujade:1	ujre:1
ਉਝ	ujh:2	oojh:1	ujha:1
ਉਟਾਹ	utah:4	utaah:2	ootah:1	utaha:1
ਉਠ	uth:9	ooth:1
ਉਠਣ	uthan:2	outhann:1
ਉਠਦਾ	outhda:1	uthada:1	uthadaa:1	uthhada:1
ਉਠਦੀ	uthadi:1	uthdi:1	uthhadi:1	utthadi:1
ਉਠਦੀਆਂ	uthadiaan:1	uthdeean:1	uthhadiaan:1
ਉਠਦੇ	uthade:2	uthhade:1
ਉਠਾ	utha:5	uthaa:1
ਉਠਾਇਆ	othiya:1	uthaaiaa:1	uthaaiya:1	uthaia:1
ਉਠਾਈ	uthai:4	uthaee:1
ਉਠਾਉਂਦਾ	uthaunda:2	uthaounde:1
ਉਠਾਉਂਦਿਆਂ	uthaundiaan:2	uthaundian:1
ਉਠਾਉਂਦੀ	uthaundi:3
ਉਠਾਉਂਦੇ	uthaaunde:1	uthaounde:1	uthaunde:1
ਉਠਾਉਣ	uthaun:2	uthaaun:1
ਉਠਾਉਣਾ	uthauna:2	uthaounna:1
ਉਠਾਉਦੇ	uthaude:2	uthaaude:1
ਉਠਾਏ	uthaye:3	uthaae:2	uthae:1
ਉਠਾਕੇ	uthake:2	uthaake:1
ਉਠਾਲੇ	uthale:2	uthaale:1
ਉਠਿਆ	uthiaa:2	uthia:1
ਉਠੀ	uthi:7
ਉਠੇ	uthe:3
ਉਠੋ	utho:3
ਉਡ	ud:4	udh:1
ਉਡਣ	udan:2	uddan:1
ਉਡਦਾ	udada:2	udda:1
ਉਡਦੀ	udadi:2	uddi:1
ਉਡਵਾਇਰ	udwire:3	udavair:1	udwaire:1
ਉਡਾ	uda:3	ooda:1	udda:1
ਉਡਾਇਆ	udaiaa:3	udaiya:2	udaia:1	udhayiya:1
ਉਡਾਉਂਦੀ	udaundi:2	udaaundi:1
ਉਡਾਉਂਦੇ	udaunde:3	udayunde:1
ਉਡਾਣ	udan:2	ouddaann:1	uddaann:1
ਉਡਾਣਾ	udaana:1	udana:1	uddaannaa:1
ਉਡਾਣਾਂ	oodaana:1	udaanan:1	udanaan:1	udanan:1
ਉਡਾਨ	udaan:2	udan:1	uddaan:1
ਉਡਾਨਾ	udaana:2	udaan:1	uddana:1
ਉਡਾਰ	udaar:2	uddar:1
ਉਡਾਰੀ	udaari:5
ਉਡਾਰੀਆਂ	udaariaan:1	udariyan:1	uddarian:1	uddariyan:1
ਉਡੀਕ	udeek:4	udik:4	idiq:1
ਉਡੀਕਦਾ	uddekdaa:1	udeeladaa:1	udikada:1
ਉਡੁਪੀ	udupee:1	udupi:1	udupii:1
ਉਡੇ	ude:2	udde:1
ਉਣਿਆ	uniaa:1	uniya:1	unnia:1
ਉਤਕਰਸ਼	utkarash:2	utkarsh:1
ਉਤਕ੍ਰਿਸ਼ਟ	utkrishat:2	utakrishat:1	utkrisht:1
ਉਤਨੀ	utni:2	utani:1	utnee:1
ਉਤਪਤੀ	utpatee:2	utpati:2
ਉਤਪਲ	utpal:3
ਉਤਪਾਦ	utpaad:3
ਉਤਪਾਦਕ	utpadak:2	uttpadak:1	wttpadak:1
ਉਤਪਾਦਕਤਾ	utapadakta:1	utpadakata:1	utpadakta:1
ਉਤਪਾਦਕਾਂ	utpadakan:1	utpadkaan:1	utpadkan:1	wtpadkan:1
ਉਤਪਾਦਨ	utpadan:2	utapadan:1
ਉਤਪਾਦਨੀ	utapadani:1	utpaadanee:1	utpaadni:1
ਉਤਪਾਦਾਂ	utapaadaan:1	utapadan:1	utpaadaan:1	utpaadan:1
ਉਤਪੀੜਨ	utpeerhan:1	utpeerran:1	utpidan:1
ਉਤਪੋਤ	utpot:3
ਉਤਪ੍ਰੇਰਕ	utaprerak:2	utprerak:1
ਉਤਪੰਨ	utpann:3
ਉਤਪੱਤੀ	utpatti:3	utpattee:1
ਉਤਮ	utam:2	uttam:1
ਉਤਰ	utar:4	uttar:1
ਉਤਰਣ	utaran:1	utarann:1	uttaran:1
ਉਤਰਦਾ	utarda:2	utarada:1
ਉਤਰਦੀ	utardee:2	utardi:2
ਉਤਰਦੇ	utarde:3	utarday:1
ਉਤਰਨ	utaran:2	utran:1
ਉਤਰਨਾ	utarna:2	utarana:1
ਉਤਰਾਅ	utraa:2	utaraa:1
ਉਤਰਾਖੰਡ	utarakhand:2	utrakhand:2	utaraqhand:1	uttarakhand:1
ਉਤਰਾਧਿਕਾਰੀ	utaradhikari:1	utaradhiqari:1	utradhikaaree:1	utradhikari:1
ਉਤਰਿਆ	utria:2	utareya:1	utariaa:1	utariya:1
ਉਤਰੀ	utari:4	outaree:1	utaree:1	utree:1
ਉਤਰੇ	utre:4	utare:2	utray:2
ਉਤਲਾ	utala:1	utla:1	utlaa:1
ਉਤਲੀ	utli:2	utali:1	utlee:1
ਉਤਲੇ	utle:2	utale:1
ਉਤਸਵ	utsav:3	utsaw:1
ਉਤਸਵਾਂ	utsavaan:2	utsavan:1
ਉਤਸ਼ਾਹ	utshah:4	utshaah:2	outshaah:1
ਉਤਸ਼ਾਹਜਨਕ	utshahjanak:3
ਉਤਸ਼ਾਹਤ	utshahat:5	utshaahat:1
ਉਤਸ਼ਾਹਿਤ	utshahit:2	utashahit:1	utshaahit:1
ਉਤਸ਼ਾਹੀ	utshahi:3	utshaahi:1	utshahee:1
ਉਤਸਾਹ	utsaah:3	utsah:1
ਉਤਸਾਹਿਤ	utsahit:2	utsaahit:1
ਉਤਸਾਹੀ	utsaahee:1	utsaahi:1	utsahee:1	utsahi:1
ਉਤਸੁਕ	utsuk:3
ਉਤਸੁਕਤਾ	utsukta:3	utsuqta:1
ਉਤਾਂਹ	utaanh:3
ਉਤਾਰ	utaar:3
ਉਤਾਰਣ	utaran:2	utaaran:1
ਉਤਾਰਦਾ	utarda:2	utaarda:1
ਉਤਾਰਦੇ	utarde:2	utaarde:1	utarday:1
ਉਤਾਰਨ	utaran:2	utaaran:1
ਉਤਾਰਨਾ	utarna:2	utaarna:1
ਉਤਾਰਾ	utara:2	utaara:1
ਉਤਾਰਿਆ	utaria:2	utaaria:1	utaariaa:1	utarian:1
ਉਤਾਰੇ	utare:2	utaare:1	utaray:1
ਉਤਾਵਲਾ	utaavala:1	utavala:1	utavla:1	utawala:1
ਉਤੇ	ute:5	utae:1	utey:1	uttay:1
ਉਤੇਜਕ	utejak:2	uttejak:1
ਉਤੇਜਨਾ	utejana:2	utejna:1
ਉਤੇਜਿਤ	utejit:3
ਉਤੋਂ	uton:3
ਉਤੱਰਿਆ	utarriaa:1	uttaria:1	uttriaa:1
ਉਥਲ	uthal:4
ਉਥਾਨ	uthan:4
ਉਥੇ	uthe:10	othe:1
ਉਥੋਂ	uthon:4	othon:2
ਉਦ	ud:8
ਉਦਏ	udae:1	uday:1	udaye:1
ਉਦਗਮ	udgam:3	audgam:1
ਉਦਗਾਰਾਂ	udgaaran:1	udgaraan:1	udgaran:1
ਉਦਘਾਟਨ	udghatan:5	udaghatan:2	udghaatan:1
ਉਦਭਵ	udbhav:3	udhaw:1
ਉਦਮ	udam:6
ਉਦਮਾਂ	udaman:2	udman:2
ਉਦਮੀ	udami:5
ਉਦਮੀਆਂ	udamiaan:1	udamian:1	udamiyaan:1	udmian:1
ਉਦਯੋਗ	udyog:2	udayog:1
ਉਦਯੋਗਕ	udyogak:3	udyogik:1
ਉਦਯੋਗਪਤੀ	udyogpati:3
ਉਦਯੋਗਪਤੀਆਂ	udyogpatian:2	udyogpateeaan:1
ਉਦਯੋਗਾਂ	udyogan:2	udyogaan:1
ਉਦਯੋਗਿਕ	udyogik:3
ਉਦਯੋਗੀ	udyogi:3
ਉਦਯੋਗੀਕਰਣ	udyogikaran:2	udyogikarann:1
ਉਦਯੋਗੀਕਰਨ	udyogikaran:3
ਉਦਯੋਗੋਂ	udyogon:3
ਉਦਰੇਵੇਂ	udreven:2	udrevan:1	udrewen:1
ਉਦਹਾਰਣ	udharan:2	udaharan:1	udhaaran:1
ਉਦਾ	uda:3	odda:1	udaa:1
ਉਦਾਰ	udar:2	udaar:1
ਉਦਾਰਤਾ	udarta:2	udaarta:1
ਉਦਾਰਵਾਦ	udaarvad:1	udaarwad:1	udarwad:1
ਉਦਾਰਵਾਦੀ	udaarvadi:1	udaarwadi:1	udarwadi:1
ਉਦਾਰਵਾਦੀਆਂ	udarvadian:2	udaarvadiyaan:1
ਉਦਾਰਹਣ	udaarahan:1	udaharan:1	udharan:1
ਉਦਾਰੀਕਰਣ	udarikaran:2	udaarikaran:1
ਉਦਾਰੀਕਰਨ	udarikaran:2	udaarikaran:1
ਉਦਾਸ	udas:4	udaas:3	udhaas:1
ਉਦਾਸੀ	udasi:2	udaasi:1	udhaasi:1
ਉਦਾਸੀਆਂ	udasian:2	udaasian:1	udhaasian:1
ਉਦਾਸੀਨ	udaseen:1	udasin:1	udhaseen:1	udhasin:1
ਉਦਾਸੀਨਤਾ	udasinta:2	udaasinta:1	udhaseenta:1	udhasinta:1
ਉਦਾਹਰਣ	udaaharan:1	udaharan:1	udharan:1
ਉਦਾਹਰਣਾ	udaaharnaa:1	udarharana:1	udharana:1
ਉਦਾਹਰਣਾਂ	udaaharnaa:1	udaharanan:1	udahrnan:1
ਉਦਾਹਰਨ	udaaharan:1	udaharan:1	udharan:1
ਉਦਾਹਰਨਾਂ	udaaharanaan:1	udaaharnaan:1	udaharanan:1	udahranan:1
ਉਦੀ	udi:3	udee:1
ਉਦੇ	uday:2	ooday:1
ਉਦੇਸ	udes:3	udais:1
ਉਦੇਸ਼	udesh:7	oodesh:2
ਉਦੇਸ਼ਾਂ	udeshan:3
ਉਦੈ	uday:4	udai:2
ਉਦੈਪੁਰ	udaipur:3	udaypur:3	udaepur:1	udepur:1
ਉਦੋ	udo:6	odo:1	udao:1
ਉਦੋਂ	udon:6	udonn:1
ਉਦੋਕੇ	udoke:4
ਉਦੱਮ	udam:1	udamm:1	uddam:1
ਉਧਮ	udham:3	upam:1
ਉਧਮਪੁਰ	udampur:1	udhampur:1	udhampura:1
ਉਧਰ	udhar:10	udar:1
ਉਧਰੋਂ	udharon:2	udhron:1
ਉਧਲ	udhal:4
ਉਧਾਰ	udhar:10	udhaar:9
ਉਨ	un:7	oon:1	oun:1	unn:1
ਉਨਕਾ	unka:3	oonka:1
ਉਨਕੀ	unki:3	unkee:1
ਉਨਤਾਲੀ	unatali:1	untaalee:1	untaali:1
ਉਨਤੀ	unati:2	unatee:1	unti:1
ਉਨਾ	una:10	unaa:1
ਉਨਾਂ	unaan:3	ounaan:2	unan:1	unna:1
ਉਨੀ	uni:3	ounee:1	unee:1
ਉਨੀਵੀਂ	ouneeween:1	uneeveen:1	univin:1
ਉਨੇ	une:4	oune:1	unee:1
ਉਨ੍ਹਾ	unha:3	ounhaa:1	unhaa:1	unna:1
ਉਨ੍ਹਾਂ	unhan:2	ohna:1	ounhaan:1	unaa:1
ਉਨ੍ਹਾਂਨੂੰ	ounhaanoon:1	unhannun:1	unhanun:1
ਉਨ੍ਹਾਂਨੇ	ounhaanne:1	unhane:1	unhanne:1
ਉਨ੍ਹੀ	ounhee:1	unhee:1	unhi:1
ਉਨ੍ਹੀਂ	unhin:2	ounheen:1	unheen:1
ਉਨ੍ਹੀਵੀਂ	unhivin:2	ounheeween:1	unheevin:1	unhiwin:1
ਉਨੱਤੀ	unati:1	unnatee:1	unnati:1
ਉਪ	up:7	oup:1
ਉਪਕਰਣ	oupkarann:1	upkaran:1	uppkaran:1	upqaran:1
ਉਪਕਰਣਾਂ	oupkarannaan:1	upkarnan:1	upkrnnaan:1
ਉਪਕਰਨ	oupkaran:1	upakaran:1	upkrn:1
ਉਪਕਰਨਾਂ	oupkarnaan:1	upkarnan:1	upkrnaan:1
ਉਪਕਾਰ	oupkaar:1	upakaar:1	upkaar:1
ਉਪਕੁਲਪਤੀ	upkulpati:2	oupkulaptee:1	upqulpati:1
ਉਪਗੋਤ	upgot:2	oupgot:1
ਉਪਗ੍ਰਹਿ	upgrahi:2	oupgrahi:1
ਉਪਗ੍ਰਹਿਆਂ	oupgrahiaan:1	upgrahiaan:1	upgrahian:1
ਉਪਚਾਰ	upchar:2	oupchaar:1
ਉਪਚੋਣ	upachon:1	upchaun:1	upchon:1
ਉਪਜ	upaj:3
ਉਪਜਦਾ	upajada:2	upajda:1
ਉਪਜਦੀ	upajadi:2	upajdi:1
ਉਪਜਦੇ	upajade:2	upajde:1
ਉਪਜਾਂ	upajan:1	upjaan:1	upjan:1
ਉਪਜਾਇਕਤਾ	upajaikta:1	upjaaiktaa:1	upjayikta:1
ਉਪਜਾਊ	upajau:1	upjaaoo:1	upjaayu:1
ਉਪਜਾਤੀ	upjaati:2	upajati:1	upjaatee:1
ਉਪਜਿਆ	upajeya:1	upajia:1	upjeya:1	upjiaa:1
ਉਪਜੀ	upji:2	upaji:1	upjee:1
ਉਪਜੀਆਂ	upajiaan:1	upjeeaan:1	upjiyan:1
ਉਪਜੀਵਕਾ	upjeevaka:1	upjeevka:1	upjivaka:1	upjivaqa:1
ਉਪਜੇ	upje:2	upaje:1
ਉਪਟਨ	upatan:2	uptan:1
ਉਪਦੇਸ	updes:6	upades:1
ਉਪਦੇਸ਼	updesh:7	upadesh:1
ਉਪਦੇਸ਼ਕ	updeshak:4
ਉਪਦੇਸ਼ਾਤਮਕ	updeshaatamak:1	updeshaatmak:1	updeshatmak:1
ਉਪਨਗਰ	upnagar:2	upanagar:1
ਉਪਨਗਰੀ	upanagari:1	upnagari:1	upnagri:1
ਉਪਨਾਮ	upnaam:2	upanam:1
ਉਪਨਿਵੇਸ਼	upnivesh:2	oupniwesh:1
ਉਪਨਿਵੇਸ਼ਾਂ	oupniweshaan:1	upniveshaan:1	upniveshan:1
ਉਪਨਿਸ਼ਦ	upnishad:2	oupnishad:1
ਉਪਬੰਧ	upbandh:2	oupbandh:1
ਉਪਬੰਧਾਂ	upbandhan:2	oupbandhaan:1
ਉਪਭਾਗ	upabhaag:1	upbhaag:1	upbhag:1
ਉਪਭਾਸ਼ਾ	upbhasha:2	oupbhaashaa:1
ਉਪਭੋਗਤਾ	upabhogata:1	upbhogta:1	upbhogtaa:1
ਉਪਭੋਗਤਾਵਾਂ	upabhogatavan:1	upbhogtaawaan:1	upbhogtavan:1
ਉਪਭੋਗਤਾਵਾਦ	upabhogatavaad:1	upbhaotawad:1	upbhogtaawaad:1
ਉਪਭੋਗੀ	upabhogi:1	upbhogee:1	upbhogi:1
ਉਪਭੋਗੀਆਂ	upabhogiyan:1	upbhogeeaan:1	upbhogiaan:1
ਉਪਮਹਾਦੀਪ	upamahadip:1	upmahadeep:1	upmhaadeep:1
ਉਪਮਾ	upama:1	upma:1	upmaa:1
ਉਪਮਾਨ	upmaan:2	upaman:1
ਉਪਯੁਕਤ	upyukat:2	upayukat:1
ਉਪਯੋਗ	upyog:2	upayog:1
ਉਪਯੋਗਕਰਤਾ	upayogakarata:1	upyogkarta:1	upyogkartaa:1
ਉਪਯੋਗਕਰਤਾਵਾਂ	upyogakartavaan:1	upyogkartaawaan:1	upyogkartavan:1	upyogkartawan:1
ਉਪਯੋਗਤਾ	upayogata:1	upyogataa:1	upyogtaa:1
ਉਪਯੋਗਿਤਾ	upyogitaa:2	upayogita:1
ਉਪਯੋਗੀ	upyogee:2	upayogi:1
ਉਪਰ	upar:8	uper:1	upper:1
ਉਪਰਲਾ	uparala:1	uparalaa:1	uparlaa:1
ਉਪਰਲੀ	uparlee:2	uparli:1
ਉਪਰਲੀਆਂ	uparliaan:2	uparlian:2	uparleeaan:1	uparliyan:1
ਉਪਰਲੇ	uparle:3
ਉਪਰਾਮਤਾ	uparamata:1	upraamtaa:1	upramtaa:1
ਉਪਰਾਲਾ	upraala:3	uparala:1	upraalaa:1	uprala:1
ਉਪਰਾਲੇ	upraale:5	uprale:1
ਉਪਰੀ	upari:2	upri:2
ਉਪਰੋ	uparo:2	upro:2
ਉਪਰੋਂ	uparon:2	upron:1
ਉਪਰੋਕਤ	uprokat:4
ਉਪਰੰਤ	uprant:4	uparant:1	upraant:1
ਉਪਲਬਦ	upalabad:1	uplabad:1	uplabadh:1
ਉਪਲਬਧ	uplabadh:4	uplalabadh:1
ਉਪਲਬਧਤਾ	uplabadhata:3	upalabadhataa:1
ਉਪਲਬਧੀ	upalbadhi:2	uplabdhi:2	upalbdhi:1	uplabadi:1
ਉਪਲਭਧ	upalbadh:1	uplabhad:1	uplbhdh:1
ਉਪਵਰਗ	upvarg:1	upvrg:1	upwarg:1
ਉਪਵਾਕ	upvaak:3
ਉਪਵਾਸ	upwas:2	upvaas:1	upvas:1
ਉਪਸਥਿਤੀ	oupsthitee:1	upasathiti:1	upsathiti:1
ਉਪਹਾਰ	ouphaar:1	uphar:1	upphar:1
ਉਪਹਾਸ	ouphaas:1	uphas:1	upphas:1
ਉਪਾਅ	upaa:3	upae:1	upaya:1
ਉਪਾਇ	upaai:2	upai:1
ਉਪਾਇਆ	upaia:1	upaiaa:1	upaiyaa:1
ਉਪਾਧਿਆ	upadhia:2	upadhiya:2
ਉਪਾਧਿਆਇ	upadhiayi:2	upadhiaai:1
ਉਪਾਧੀ	upadhi:3
ਉਪਾਵਾਂ	upavan:2	upaavaan:1
ਉਪਾਸਨਾ	upasana:2	upasna:1
ਉਪਾਸ਼ਕ	upaashak:2	upashak:2	upasak:1
ਉਪਿੰਦਰ	upinder:3
ਉਫ਼	uff:3
ਉਫਾਨ	ufaan:1	ufan:1	uphaan:1
ਉਬਲਣ	ublan:3
ਉਬਲਦੇ	ubalde:3
ਉਬਲੀ	ubali:3
ਉਬਲੇ	ubale:2	uble:1
ਉਬਾਰਾ	ubara:3
ਉਬਾਲ	ubal:3	ubaal:1
ਉਬਾਲਕੇ	ubalake:2	ubalke:1
ਉਬਾਲਣ	ubalan:3
ਉਬਾਲਿਆ	ubalia:1	ubaliaa:1	ubaliya:1
ਉਬਾਲੇ	ubale:3
ਉਬੁੰਟੂ	ubuntu:3
ਉਭਰ	ubhar:7	ubar:1
ਉਭਰਕੇ	ubharke:2	ubarke:1
ਉਭਰਦਾ	ubharda:2	ubarda:1	ubharada:1
ਉਭਰਦੀ	ubharadi:3	ubhardi:2
ਉਭਰਦੀਆਂ	ubhardiaan:2	ubhardiyaan:2	ubhardian:1
ਉਭਰਦੇ	ubharde:7
ਉਭਰਨ	ubharan:5
ਉਭਰੀ	ubhari:7
ਉਭਰੇ	ubhare:4
ਉਭਾਰ	ubhar:3	ubhaar:1
ਉਭਾਰਣ	ubharan:2	ubhaaran:1
ਉਭਾਰਦਾ	ubhaarda:1	ubharada:1	ubharda:1
ਉਭਾਰਦੀ	ubharadi:2	ubhardi:1
ਉਭਾਰਦੇ	ubharde:2	ubharade:1
ਉਭਾਰਨ	ubharan:3
ਉਭਾਰਨਾ	ubharna:2	ubharana:1
ਉਭਾਰਿਆ	ubhariaa:3	ubharia:1	ubhariya:1	ubhariyaa:1
ਉਭਾਵਾਲ	ubhaval:3	ubhawal:1
ਉਮ	um:3
ਉਮਦਾ	umda:3
ਉਮਰ	umar:10	amar:1	omar:1	umur:1
ਉਮਰਕੈਦ	umarkaid:2	umarkaed:1	umarqaid:1
ਉਮਰਾਉ	umaraau:1	umraao:1	umrao:1
ਉਮਾ	uma:4	umaa:1
ਉਮਾਨ	umaan:3
ਉਮੀਦ	umeed:8
ਉਮੀਦਵਾਰ	umeedwar:10	umidavar:1
ਉਮੀਦਵਾਰਾਂ	umeedwaran:3	umidavaran:1
ਉਮੀਦਾਂ	umeedan:4	umeedaan:1	umidaan:1	umidan:1
ਉਮੇ	ume:3
ਉਮੇਦ	umed:3
ਉਮੇਸ਼	umesh:7	umees:1	umeesh:1	umes:1
ਉਮੈਦ	umaid:3	umeid:1
ਉਰਜਾ	urja:2	uraja:1	urjaa:1
ਉਰਦੂ	urdu:3	uradoo:2	uradu:1	urdoo:1
ਉਰਫ	uraf:2	uraph:1
ਉਰਫ਼	uraf:4	urf:2	uraff:1	urfa:1
ਉਰਮਿਲਾ	uramila:2	urmilaa:1
ਉਰਵਸ਼ੀ	uravashee:2	uravashi:2	urwashi:2
ਉਰਸ	uras:3
ਉਰੀ	uri:3	uree:1
ਉਰੂਗਵੇ	uroogave:1	urugave:1	urugaway:1	uruguay:1
ਉਰੂਜ	urooj:3
ਉਲ	ul:3
ਉਲਕਾ	ulaka:1	ulka:1	ulkaa:1
ਉਲਕਾਵਾਂ	ulakavan:1	ulkaavaan:1	ulkawaan:1
ਉਲਝ	ulajh:3
ਉਲਝਣ	ulajhan:1	ulajhann:1	uljhan:1
ਉਲਝਣਾਂ	ulajhanan:2	ulajhnnaan:1
ਉਲਝਾਈ	uljhaaee:1	uljhaai:1	uljhayi:1
ਉਲਝਾਉਣ	ulajhaaunn:1	ulajhaun:1	uljhaun:1
ਉਲਝਾਓ	uljhaao:1	uljhao:1	uljhaoo:1
ਉਲਝਿਆ	ulajhia:1	uljhia:1	uljhiaa:1
ਉਲਝੀ	ulajhi:1	uljhee:1	uljhi:1
ਉਲਝੀਆਂ	ulajheeaan:1	uljheeaan:1	uljhian:1
ਉਲਝੇ	ulajhe:2	uljhe:1
ਉਲਟ	ulat:9	ulatt:2
ਉਲਟਾ	ulta:6	ulatta:1
ਉਲਟਾਉਣ	ulataun:1	ultaaun:1	ultaun:1
ਉਲਟਾਉਣਾ	ultauna:2	ulatauna:1
ਉਲਟੀ	ulti:4	ulatee:1
ਉਲਟੀਆਂ	ultian:2	ultiaan:1
ਉਲਟੇ	ulte:2	sulte:1
ਉਲਥਾ	ulatha:2	ultha:1
ਉਲਥਾਇਆ	ulathaiaa:1	ulathayiya:1	ulthaiaa:1	ulthaiya:1
ਉਲਥਾਉਣ	ulathaun:1	ulthaon:1	ulthaun:1
ਉਲਫ਼ਤ	ulfat:2	ulphat:1
ਉਲਾ	ula:4
ਉਲਾਂਭੇ	ulambhe:2	ulaambhe:1
ਉਲਾਰ	ular:2	ulaar:1
ਉਲਾਰਾਂ	ulaaran:2	ularan:2
ਉਲਾਸ	ulaas:3	ulas:3
ਉਲੀਕਣ	ulikan:3
ਉਲੀਕਣਾ	ulikana:2	ulikna:1
ਉਲੀਕਦਾ	uleekada:1	ulikada:1	ulikda:1
ਉਲੀਕਦੀ	ulikadi:2	uleekadi:1
ਉਲੀਕਿਆ	uleekiaa:1	ulikiaa:1	ulikiyaa:1
ਉਲੀਕੀ	uleeki:2	uliki:1
ਉਲੀਕੇ	uleekay:1	uleeke:1	ulike:1
ਉਲੂਮ	ulum:2	uluum:1
ਉਲੇਖ	ulekh:3
ਉਲੇਖਣੀ	ulekhani:3
ਉਲੰਘ	ulangh:3
ਉਲੰਘਣ	ulanghan:2	ulanghann:1
ਉਲੰਘਣਾ	ulanghana:3	ulanghna:1	ulanghnnaa:1
ਉਲੰਘਣਾਂ	ulanghana:1	ulanghannaan:1	ulanghnan:1
ਉਲੰਘਣਾਵਾਂ	ulanghnaavaan:1	ulanghnavan:1	ulanghnnawaan:1
ਉਲੰਪਿਕ	olympic:2	ulampik:1
ਉਲੰਪਿਕਸ	olampics:1	olumpics:1	olympics:1	ulanpikas:1
ਉਲੱਥਾ	ulatha:2	ulattha:1
ਉਵੇਂ	uven:2	uvein:1
ਉਸ	us:10	oos:2	ous:1	uus:1
ਉਸਕੀ	uski:2	ouskee:1	ouski:1	usqi:1
ਉਸਤਤ	ustat:2	usstat:1
ਉਸਤਤਿ	usatati:1	ustate:1	ustati:1
ਉਸਤਤੀ	oustutee:1	usatati:1	ustati:1
ਉਸਤਰਾ	ustara:2	ustra:1	ustraa:1
ਉਸਤਾਦ	oustaad:1	uashtad:1	uashtadd:1	uastad:1
ਉਸਤਾਦਾਂ	usatadan:1	ustaadan:1	ustadaan:1	ustadan:1
ਉਸਤਿਤ	ustit:2	usatit:1
ਉਸਤੇ	uste:2	usate:1
ਉਸਤੋਂ	uston:5	uuston:1
ਉਸਦ	oosad:1	ousad:1	usad:1	usd:1
ਉਸਦਾ	usda:4	ousdaa:1	usdaa:1	uusda:1
ਉਸਦੀ	usdi:7	usadi:2	ussdi:1
ਉਸਦੀਆਂ	usdeeaan:2	usdiaan:2	usadiyan:1	usdeean:1
ਉਸਦੇ	usde:5	oosde:1	usade:1
ਉਸਨੁ	usnu:3
ਉਸਨੂੰ	usnun:3	udnun:1	usnoon:1
ਉਸਨੇ	usne:7	usnae:1
ਉਸਮਾਨ	usmaan:2	usman:1
ਉਸਮਾਨੀ	usmaani:2	usmani:1
ਉਸਮਾਨੀਆ	usmaaneeaa:1	usmaaniaa:1	usmaniaa:1	usmaniyaa:1
ਉਸਮੇ	usme:2	usame:1
ਉਸਰ	usar:3
ਉਸਰਦਾ	usarda:3
ਉਸਰਦੇ	usarde:3
ਉਸਰਿਆ	usareya:1	usariaa:1	usria:1
ਉਸ਼ਾ	usha:3
ਉਸਾਮਾ	usama:3
ਉਸਾਰ	usaar:4	usar:4
ਉਸਾਰਨ	usaran:3
ਉਸਾਰਿਆ	usariaa:2	usaaira:1	usareya:1	usaria:1
ਉਸਾਰੀ	usari:5	usaari:1	ussari:1
ਉਸਾਰੀਆਂ	usarian:2	oosarian:1	usariaan:1	usariyaan:1
ਉਸਾਰੂ	usaru:3	usaroo:2	oosaru:1	usaaroo:1
ਉਸਾਰੇ	usare:3	oosare:1
ਉਸੀ	usi:3	oosi:1	osee:1
ਉਸੇ	use:4
ਉਸੇਦੇ	usede:3
ਉਹ	uh:10	oh:1	ohh:1
ਉਹਦਾ	ohda:1	uhadaa:1	uhda:1
ਉਹਦੀ	uhadi:2	ohdi:1	uhdi:1
ਉਹਦੀਆਂ	uhadian:1	uhdian:1	uhdiyaan:1
ਉਹਦੇ	uhade:3	uhde:3
ਉਹਨਾ	uhana:3	uhna:3
ਉਹਨਾਂ	uhnaan:3	uhnan:3	uhanan:2	ohanan:1
ਉਹਨੀ	uhani:2	uhni:2	ohani:1
ਉਹਨੀਂ	uhneen:1	uhni:1	uhnin:1
ਉਹਨੂੰ	uhnoon:2	uhanoon:1	uhanun:1	uhnun:1
ਉਹਨੇ	uhne:2	uhane:1
ਉਹਨ੍ਹਾਂ	uhana:1	uhanah:1	uhnan:1
ਉਹਲੇ	uhale:2	uhle:1
ਉਹਾਂ	uhan:3
ਉਹੀ	uhi:5	uhee:3	oohi:1
ਉਹੋ	uho:3
ਉੜ	ud:2	urh:1
ਉੜਦੂ	udadu:3	udadoo:1
ਉੜਦੇ	udade:3
ਉੜਮੁੜ	udmud:3
ਉੜਾ	uda:2	udaa:2
ਉੜਾਇਆ	udaaiaa:1	udaaiya:1	udaia:1
ਉੜਾਨ	udaan:2	uarhan:1	udan:1
ਉੜੀਸਾ	orissa:2	udeesa:2	udisa:2	adeesa:1
ਉੜੀਸੀ	udeesi:1	udisi:1	urhisi:1
ਉੰਨਾਂ	unnaan:1	unnan:1	unnana:1
ਉੰਨੇ	unne:2	unane:1
ਉੱਕਰਿਆ	okareya:1	ukareya:1	ukkareya:1	ukkreya:1
ਉੱਕਰੀ	ukkri:3	okri:1	ukkree:1	ukree:1
ਉੱਖਲੀ	okhali:1	ukhhli:1	ukhkhlee:1
ਉੱਗ	ugg:3	oogg:1
ਉੱਗਣ	uggan:2	ooggan:1
ਉੱਗਦਾ	ugda:1	uggda:1	uuggda:1
ਉੱਗਦੀ	uggadee:1	uggadi:1	uggdi:1	uuggdi:1
ਉੱਗਦੇ	ugade:1	uggde:1	uuggde:1
ਉੱਗਿਆ	ugeya:1	uggia:1	uggiaa:1	ugheya:1
ਉੱਘਾ	uggha:3
ਉੱਘੀ	ugghi:2	uaghi:1	uggi:1	ughee:1
ਉੱਘੀਆਂ	ugghiaan:1	ugghian:1	ughian:1
ਉੱਘੇ	ugghe:5	ughe:1
ਉੱਘੜ	ugadh:1	uggad:1	uggar:1	ugghad:1
ਉੱਘੜਦੇ	ughadade:1	ugharade:1	ugharhde:1
ਉੱਚ	ucch:3	uchh:2	uchch:1
ਉੱਚਕੋਟੀ	uchhkoti:1	uchkotee:1	utchkotee:1
ਉੱਚਤਮ	uchtam:2	ucchatam:1
ਉੱਚਤਾ	uchta:2	uachta:1
ਉੱਚਾ	uccha:1	ucha:1	uchha:1
ਉੱਚਾਈ	uchai:1	uchchayi:1	uchhaaee:1
ਉੱਚਾਈਆਂ	uchaiyaan:1	uchchian:1	uchhaiaan:1
ਉੱਚਾਰ	uchar:2	uchchar:1
ਉੱਚਾਰਣ	ucharanh:1	ucharn:1	uchcharan:1
ਉੱਚਾਰੀ	ucchari:2	uchari:1
ਉੱਚਿਤ	uchit:2	ucchitt:1
ਉੱਚੀ	ucchi:2	uchchi:1	uchi:1	ucthi:1
ਉੱਚੀਆਂ	oucheeaan:1	ouchiaan:1	ucchiaan:1	uchiyan:1
ਉੱਚੇ	uche:4	oocche:1	oucche:1	uchche:1
ਉੱਜਲ	ujjal:3
ਉੱਜਵਲ	ujjwal:2	ujjval:1
ਉੱਜੈਨ	ujjain:7	ujain:1
ਉੱਜੜ	ujjad:2	ujad:1	ujjar:1
ਉੱਠ	uth:5	ooth:1	utth:1	uuth:1
ਉੱਠਕੇ	utthake:2	utthke:2	utthqe:1
ਉੱਠਣ	uthann:1	uthhan:1	uththan:1
ਉੱਠਦਾ	uthada:1	uthda:1	uthhada:1	utthada:1
ਉੱਠਦੀ	uthadi:2	uthdi:2	utthadi:2	uthhadi:1
ਉੱਠਦੀਆਂ	uthhadiaan:1	uthhdiaan:1	utthadiaan:1
ਉੱਠਦੇ	utthade:2	uthade:1	uthhade:1	utthde:1
ਉੱਠਿਆ	uthia:1	uthiya:1	utthiaa:1
ਉੱਠੀ	uthi:1	utthi:1	utthii:1
ਉੱਠੇ	uthe:1	uththe:1	utthe:1
ਉੱਠੇਗਾ	uthega:2	utthega:1
ਉੱਡ	udd:3	ud:1
ਉੱਡਕੇ	uddake:1	uddke:1	uddqe:1
ਉੱਡਣ	uddan:3
ਉੱਡਦਾ	uddada:2	uddda:1
ਉੱਡਦਿਆਂ	udddiaan:1	uddian:1	uddiyan:1
ਉੱਡਦੀ	udddi:2	udadi:1
ਉੱਡਦੇ	udade:3
ਉੱਡਾ	udda:2	uda:1
ਉੱਡਾਣ	udan:2	ouddaann:1	uddann:1
ਉੱਤਮ	uttam:3
ਉੱਤਮਤਾ	utamata:2	uttamta:1
ਉੱਤਰ	uttar:5	utar:1
ਉੱਤਰਕਾਸ਼ੀ	uttarkashi:2	utarkashi:1	uttarqashi:1
ਉੱਤਰਦਾ	uttarda:2	utarada:1
ਉੱਤਰਦਾਈ	uttardayi:2	uttardaaee:1	uttardai:1
ਉੱਤਰਨ	uttaran:2	utaran:1
ਉੱਤਰਪ੍ਰਦੇਸ਼	uttarpradesh:2	utarapradesh:1
ਉੱਤਰਬਸਤੀਵਾਦੀ	uttarbastiwadi:2	utarabasativadi:1	uttarbastivadi:1
ਉੱਤਰਾਂਚਲ	uttaranchal:1	uttranchal:1	uttranchl:1
ਉੱਤਰਾਖੰਡ	uttrakhand:2	uttarakhand:1
ਉੱਤਰਾਧਿਕਾਰੀ	uttaradhikari:2	uttaradhiqari:1	uttradhikaaree:1
ਉੱਤਰਾਧਿਕਾਰੀਆਂ	uttaradhikariaan:1	uttaradhiqariaan:1	uttradhikareeaan:1	uttradhikarian:1
ਉੱਤਰੀ	uttari:3	utari:1	uttaree:1	uttree:1
ਉੱਤਰੇ	uttre:2	utre:1	uttray:1
ਉੱਤੇ	utte:6	ute:1
ਉੱਤੇਜਿਤ	uttejit:3
ਉੱਤੋਂ	utton:5	utto:1
ਉੱਥੇ	utthe:4	uthe:2	othe:1
ਉੱਥੋ	uttho:3	otho:1
ਉੱਥੋਂ	uthon:3	utthon:2	othon:1	uuthoon:1
ਉੱਦ	udd:2	aud:1	uud:1
ਉੱਦਮ	uddam:4	udam:3
ਉੱਦਮੀ	uddami:2	udami:1
ਉੱਦਮੀਆਂ	uddamian:2	udamiaan:1	udamian:1	udamiyaan:1
ਉੱਧਾਰ	oodhaar:1	udhaar:1	udhar:1
ਉੱਨ	unn:2	uun:1
ਉੱਨਤ	unnat:3
ਉੱਨਤੀ	unnatee:1	unnati:1	unnti:1
ਉੱਨਾ	unna:2	unnaa:1
ਉੱਨੀ	unni:2	ounnee:1	unnee:1
ਉੱਪ	upp:2	oupp:1
ਉੱਪਗ੍ਰਹਿ	uppgrahi:2	ouppgrahi:1
ਉੱਪਰ	uppar:5	upper:1
ਉੱਪਰਲਾ	upparala:1	upparla:1	upparlaa:1
ਉੱਪਰਲੀ	upparli:2	upparlee:1
ਉੱਪਰਲੀਆਂ	upparliaan:2	upparleeaan:1	upparlian:1
ਉੱਪਰਲੇ	upparle:3
ਉੱਪਰਾਲਾ	upparaalaa:1	upparala:1	upprala:1	uppralaa:1
ਉੱਪਰੀ	uppri:2	uppari:1
ਉੱਪਰੋਂ	upparon:1	uppron:1	uuparon:1
ਉੱਪਰੰਤ	upparant:1	upprant:1	upprantt:1
ਉੱਭਰ	ubhar:2	ubbhar:1
ਉੱਭਾ	ubbha:3
ਉੱਲ	ull:3
ਉੱਲਟ	ulat:1	ulatt:1	ullat:1
ਉੱਲੀ	ulli:3
ਉੱਲੂ	ullu:2	ulloo:1	uluu:1
ਉੱਲੇਖ	ulekh:2	ullekh:1
ਉੱਸ	uss:2	ouss:1
ਉੱਸਰ	ussar:2	usar:1
ਉੱਸਰੇ	ussare:2	ussre:1
ਊਂ	oon:2	un:2
ਊਚ	uch:6	ooch:3	ucch:1
ਊਚੇ	ooche:1	uchay:1	uche:1
ਊਟੀ	ooti:1	ootii:1	ooty:1	uti:1
ਊਠ	uth:6	ooth:1
ਊਠਕ	uthak:3	oothak:1
ਊਠਣੀ	uthani:2	oothani:1
ਊਣੇ	une:2	oone:1
ਊਦਾ	uda:2	ooda:1
ਊਦੇ	oode:1	uday:1	ude:1
ਊਦੈ	oodai:1	udai:1	uday:1
ਊਧਮ	udham:6	oodham:1	udam:1
ਊਧਮਪੁਰ	udhampur:6
ਊਨ	un:3	oon:1
ਊਨਾ	una:3	oonaa:2	unaa:2
ਊਨੀ	uni:2	oonee:1	unee:1
ਊਪਰੀ	upari:2	oopree:1
ਊਰ	ur:3	oor:1
ਊਰਜਾ	urja:4	oorja:2	urjaa:2	uraja:1
ਊਰਜਾਵਾਨ	oorjavan:1	urjavan:1	urjawan:1
ਊਰਦੂ	urdu:2	oordoo:1
ਊਰੀ	uri:2	ooree:1
ਊਸ	us:2	oos:1	uus:1
ਊਸ਼ਾ	usha:4	oosaa:1	ooshaa:1	ooshhaa:1
ਊਹਨਾਂ	ohna:1	ohnan:1	uhanan:1	uhhnaa:1
ਊੜਾ	ooda:2	urha:1
ਏ	e:2	a:1	ae:1	ea:1
ਏਂ	en:3	ein:1	in:1
ਏਂਗਲਜ	angels:1	anglej:1	engalaj:1	engalj:1
ਏਂਜਲਸ	angaels:1	angels:1	enjalas:1
ਏਅਰ	air:1	ear:1	eara:1	eir:1
ਏਅਰਟੈਲ	airtel:2	eartail:1
ਏਅਰਟੈੱਲ	airtel:2	eartaill:1
ਏਅਰਫੋਰਸ	airforce:3
ਏਅਰਬੱਸ	airbus:3	airbas:1	earbass:1	erbus:1
ਏਅਰਲਾਈਨਸ	airlines:2	earlaaeenas:1
ਏਅਰਲਾਈਨਾਂ	airlinaan:2	earlaaeenaan:1
ਏਅਰਵੇਜ	airways:1	airwej:1	earvej:1
ਏਅਰਵੇਜ਼	airways:2	earvez:1
ਏਕ	ek:6
ਏਕਤਾ	ekta:6
ਏਕਮ	ekam:3
ਏਕਲ	ekal:3
ਏਕਲਵਿਆ	ekalaviaa:1	eklavia:1	eklavya:1
ਏਕਾਦਸ਼ੀ	ekadashi:2	ekaadashi:1
ਏਕਾਧਿਕਾਰ	ekadhikar:2	ekaadhikar:1
ਏਕੀਕਰਣ	ekikaran:2	ekeekaran:1
ਏਕੀਕਰਨ	ekikaran:2	ekeekaran:1
ਏਕੈ	ekai:2	ekei:1
ਏਕੋ	eko:4
ਏਕੜ	ekad:3	ekarh:1
ਏਕੰਕਾਰ	ekonkar:2	ekankar:1
ਏਜਾਜ	ejaj:3
ਏਜੁਕੇਸ਼ਨ	education:2	ejukeshan:1
ਏਜੰਟਾਂ	agenta:1	agentaan:1	ejantaan:1
ਏਜੰਡਾ	agenda:2	ejanda:1
ਏਜੰਡੇ	agende:2	ejande:1
ਏਜੰਸੀ	agency:3
ਏਜੰਸੀਆਂ	agencian:2	agenciyan:1	ejanseeaan:1
ਏਟ	et:2	ait:1	at:1
ਏਡਮਿਰਲ	admiral:2	edmiral:1
ਏਡਮੰਡ	admond:1	edmand:1	edmund:1
ਏਡਵਰਡ	edward:2	advord:1	adword:1
ਏਡਾ	aida:2	eda:2	ada:1	ede:1
ਏਡਿਨਬਰਾ	edinbra:2	edinbara:1
ਏਡੀ	aidi:1	eddie:1	edi:1
ਏਤਲ	etal:3	aital:2
ਏਥਨ	ethan:3
ਏਥਨਜ	ethanj:2	athenj:1	ethanaj:1
ਏਥਨਜ਼	athens:1	ethanaz:1	ethans:1	ethanz:1
ਏਥੇ	ethe:5	aithe:1
ਏਥੇਂਸ	ethens:5	athens:2	athan:1	atheen:1
ਏਥੋਂ	ethon:2	ethoun:1
ਏਦਾਂ	edaan:5	edan:1
ਏਦੀ	edi:3	aidi:1	edee:1
ਏਦੇ	ede:3
ਏਧਰ	edhar:3
ਏਨ	en:2	an:1	ein:1
ਏਨਰਜੀ	energy:3	enarji:1
ਏਨਾ	ena:6
ਏਨਾਂ	enaan:4	enan:2
ਏਨੀ	eni:5	aini:1	any:1	enee:1
ਏਨੀਆਂ	eneeaan:1	eniaan:1	enian:1
ਏਨੇ	ene:6	enne:1
ਏਨ੍ਹਾਂ	enhaan:2	enhan:1
ਏਪ	ape:1	app:1	ep:1
ਏਪੀਜੇ	apj:3	aepeejay:1
ਏਬੀਪੀ	abp:3	ebipi:1
ਏਬੀਸੀ	abc:3	ebici:1
ਏਮਾ	ema:2	emma:1
ਏਮਿਲੀ	emily:3	emili:2	amili:1	emiile:1
ਏਮੀ	ami:1	ammy:1	amy:1	emy:1
ਏਰਨਾਕੁਲਮ	arnackulamm:1	arnakulam:1	earnaculam:1	earnacullam:1
ਏਰਰ੍ਸ	aires:1	airesh:1	arese:1	areshe:1
ਏਰਿਕ	eric:3	erik:3	areeck:1	areek:1
ਏਰਿਕਸਨ	arickson:1	aricssion:1	aricsson:1	erickshon:1
ਏਰੀਅਲ	arial:4	aarial:1	aerial:1	aeriial:1
ਏਰੀਆ	are:1	area:1	aree:1	areea:1
ਏਲ	ael:2	el:1
ਏਲਚੀ	elchi:2	aelchi:1	elchee:1
ਏਲਨ	elan:2	alan:1	allen:1	ellan:1
ਏਲਾਨ	elaan:2	aelan:1	alaan:1
ਏਲਿਸ	aelis:1	alice:1	alis:1	elis:1
ਏਲੀਅਨ	aelian:1	alian:1	alien:1	eleean:1
ਏਲੇਨ	elen:2	allen:1	elain:1
ਏਲੇਨਾ	elena:2	aelena:1	alena:1	eeleena:1
ਏਲੋਰਾ	aelora:1	alog:1	elora:1	eloraa:1
ਏਵੇਂ	even:2	evein:1	ewein:1
ਏਸ	es:2	ais:1	as:1
ਏਸਰ	esar:3	acer:2	acar:1	ecer:1
ਏਸ਼ਿਆ	asia:3	eshiaa:1
ਏਸ਼ਿਆਈ	asiayi:3	eshiaaee:2	aciai:1	aciayi:1
ਏਸ਼ੀਆ	asia:6	aisa:2	aishiyaa:2	aishiaa:1
ਏਸ਼ੀਆਈ	ashiaee:1	ashian:1	asiai:1	esheeaaee:1
ਏਸ਼ੀਆਡ	aeshiadd:1	ashiadd:1	asiaad:1	esheeaad:1
ਏਸਾ	esa:3	aisa:1
ਏਸਿਡ	acid:3	esid:1
ਏਸੀਆ	asia:1	eciaa:1	eseeaa:1	esia:1
ਏਸੇ	aise:2	ese:1
ਏਹ	eh:5	aih:2
ਏਹਨਾਂ	ehnaan:2	ehna:1
ਏਹੀ	ehee:2	ehi:2
ਏਹੁ	ehu:3
ਏਹੋ	eho:5	ehou:1
ਐ	aa:2	ae:2	ai:1
ਐਂ	aen:1	ein:1	en:1
ਐਂਕਰਿੰਗ	anchoring:3	aenkaring:1
ਐਂਗਲਾਂ	aainglan:1	anglaan:1	anglan:1
ਐਂਗੁਲਰ	angular:3
ਐਂਜ	aainj:1	anj:1	enj:1
ਐਂਜਲਾ	angela:2	aenjala:1	anjela:1
ਐਂਜਲੋ	aeinjlo:1	angelo:1	anjelo:1
ਐਂਜੇਲਾ	angela:2	anjela:1
ਐਂਟਰਟੇਨਮੈਂਟ	entertainment:3	antertainment:1
ਐਂਟਰੀ	entri:1	entrii:1	entry:1	iintry:1
ਐਂਟੀਬਾਇਓਟਿਕ	antibiotic:2	antibiotics:1
ਐਂਟੀਬਾਈਟਕ	aentibaeetak:1	antibiotic:1	antibiyitic:1	awntibaeetaq:1
ਐਂਟੋਨੀ	antony:3	aentoni:1	antoni:1
ਐਂਡ	and:4	aend:2	aaind:1	aind:1
ਐਂਡਰਸਨ	anderson:3	andersun:1
ਐਂਡਰਾਇਡ	android:6	aendraid:1	aindraid:1	andaraid:1
ਐਂਡਰਿਊ	andrew:3
ਐਂਡਰੀਆ	aandriya:1	andrea:1	andrew:1	andriya:1
ਐਂਡਰੀਊਜ਼	andrewz:1	andriauz:1	andriuz:1	andryouz:1
ਐਂਡੀ	aendi:1	andi:1	andy:1
ਐਂਥਨੀ	anthony:2	aenthani:1	aibnee:1
ਐਂਪਾਇਰ	aapire:1	apire:1	empire:1	umpire:1
ਐਕਟ	act:4	aekat:1	akt:1
ਐਕਟਰ	actor:3	aektar:1
ਐਕਟਰਾਂ	actaran:1	actoraan:1	actoran:1	akataran:1
ਐਕਸ	ex:2	aeks:1	axe:1
ਐਕਸਟੈਨਸ਼ਨ	extension:8	extenshan:1	extention:1
ਐਕਸਟ੍ਰਾ	extra:2	aekstra:1	excetra:1
ਐਕਸਨ	action:1	aeksan:1	exen:1
ਐਕਸਪੀਰੀਐਂਸ	experience:2	aikaspeereeains:1
ਐਕਸਪ੍ਰੈਸ	ekshpresh:1	ekspres:1	ekspress:1	eqspres:1
ਐਕਸ਼ਨ	action:6	aekshan:2	aeqshan:1	aikashan:1
ਐਕਸੀਲੇਟਰ	accelator:2	acsilator:1	aeksiletar:1
ਐਕਸੈੱਸ	excess:2	aeksaess:1	axes:1	axus:1
ਐਗਰੀਕਲਚਰ	agriculture:3	aaegricalchar:1	aaegrikalchar:1	aegrikalchar:1
ਐਗਰੀਮੈਂਟ	agreement:3	aegrimaent:1
ਐਜੂਕੇਸ਼ਨ	education:2	aejukeshan:1	aejuqeshan:1	aijookeshan:1
ਐਟਮ	aetam:1	aetom:1	atom:1	etom:1
ਐਟਮੀ	atomi:3	aetami:1
ਐਟਲਸ	atlas:4	atlash:1	atlashh:1	atlese:1
ਐਟਲੀ	aattli:1	aitali:1	atlee:1
ਐਟੋਮਿਕ	automic:2	automatic:1	automik:1
ਐਡ	add:10
ਐਡਗਰ	adgar:2	addgar:1
ਐਡਮ	adam:4	adum:1
ਐਡਮਜ਼	adams:1	admass:1	admaz:1
ਐਡਮਸ	adams:1	admas:1	admes:1
ਐਡਮਿਰਲ	admiral:4	aidamirala:1	edmiral:1
ਐਡਮੰਟਨ	edmonton:2	addmanttan:1	admantan:1	aidamatana:1
ਐਡਮੰਡ	edmand:3	addmandd:1	edmond:1	edmund:1
ਐਡਰੈੱਸ	address:3	addres:1	aidaraisa:1
ਐਡਵਰਡ	edward:3	addwardd:1	aidvard:1	edvard:1
ਐਡਵਿਨ	adwin:2	edwin:2	advin:1	adwyn:1
ਐਡਵੋਕੇਟ	advocate:3
ਐਡਾ	aeddaa:1	aida:1	edda:1
ਐਡਿਟਿੰਗ	editing:3	aiditing:1
ਐਡਿਨਬਰਗ	edinburg:2	aidinabarag:1
ਐਡੀ	eddie:2	aaddi:1	addi:1	aedi:1
ਐਡੀਟਰ	ediitar:1	ediitor:1	editar:1	editor:1
ਐਡੀਲੇਡ	adelaide:2	adilade:1	aidiled:1	ediled:1
ਐਡੀਸਨ	edison:2	adison:1	aidisan:1
ਐਡੀਸ਼ਨ	addition:2	addisan:1	aidishan:1
ਐਡੀਸ਼ਨਲ	additional:2	adeeshnal:1	aideeshanal:1
ਐਡੋ	aido:1	aidoo:1	eddo:1	eddoo:1
ਐਤਕੀਂ	aitakeen:2	aitkeen:2	aatakin:1	aeitkin:1
ਐਤਵਾਰ	aetwaar:2	aitvar:2	aitwar:2	aetvar:1
ਐਥਲੈਟਿਕ	athletic:2	athletices:1
ਐਥਲੈਟਿਕਸ	athletics:3
ਐਥੇ	aithe:2	aekhe:1
ਐਦਾਂ	aidaan:2	aidan:1
ਐਨ	ain:3	aen:2	ann:2	an:1
ਐਨਕਾਂ	aankan:1	ainakaan:1	ainkaan:1
ਐਨਥਨੀ	anthony:3
ਐਨਬੀਏ	nba:3	ainabeee:1
ਐਨਰਜੀ	energy:3	anargy:1
ਐਨਸਾਈਕਲੋਪੀਡੀਆ	encyclopedia:3	encyclopaedia:2	ainasaeekalopeedeea:1	encyclopeediaa:1
ਐਨਾ	aina:4	aena:1	ainaa:1	ena:1
ਐਨਾਂ	ainaan:2	aanan:1
ਐਨੀ	aini:3	ainee:2	annee:2	annie:2
ਐਨੀਆਂ	aineeaan:2	aaniaan:1	aaniyaan:1	eniaan:1
ਐਨੀਮੇਟਡ	aeenymateed:1	aenymated:1	aenymeted:1	aniimated:1
ਐਨੇ	aaine:3	aine:2
ਐਪਰ	aipar:2	aiper:1
ਐਪਲੀਕੇਸ਼ਨ	application:3	aipalikeshan:1	applikation:1
ਐਪਿਕ	epic:2	aepic:1
ਐਫਆਈਆਰ	fir:3
ਐਬ	aib:6	aeb:2
ਐਬਕ	aibak:3	aabac:1	aabak:1	abac:1
ਐਬੀ	aabi:1	abbi:1	aibi:1
ਐਬੇ	aibe:2	abbey:1
ਐਮਨਾਬਾਦ	aminabad:1	amnabaad:1	emanabad:1
ਐਮਨੈਸਟੀ	amnesti:2	aimnaimati:1	amnasty:1	amneshte:1
ਐਮਰਜੈਂਸੀ	emergency:3
ਐਮਰਜੰਸੀ	emergency:4	amergency:1	emergncy:1
ਐਮਰਸਨ	aimarsan:1	amerason:1	emarshon:1	emarson:1
ਐਮਾ	aima:1	aimaa:1	ema:1
ਐਮਾਜ਼ਾਨ	amazon:4	aemazon:1	aemezan:1	amajon:1
ਐਮਾਜ਼ੋਨ	amazon:3
ਐਮਿਲ	emil:2	aimil:1
ਐਮਿਲੀ	amili:1	emilee:1	emly:1
ਐਮੀ	aimy:1	ammy:1	armee:1	armi:1
ਐਮੀਰੇਟਸ	emirates:2	amirates:1	amiretas:1
ਐਮੀਲੀਆ	emilia:2	ameliya:1	amiliya:1
ਐਰਿਕ	eric:2	airik:1
ਐਰਿਕਾ	airika:1	erica:1	ericaa:1
ਐਰੀਜ਼ੋਨਾ	arizona:4	aerizona:1	erizona:1
ਐਰੋਨ	aeron:2	aaron:1	aron:1
ਐਰੋਸਪੇਸ	aerospace:1	arospace:1	earospace:1
ਐਲ	ael:1	al:1	eil:1
ਐਲਗੀ	algae:1	algai:1	algaii:1	alge:1
ਐਲਟਨ	ailatana:1	eltan:1	elton:1	eltun:1
ਐਲਡਰ	aaldar:1	aalder:1	aldar:1	alder:1
ਐਲਨ	aelan:2	alan:2	aailam:1	aelen:1
ਐਲਪਸ	aalps:1	alps:1	alpsh:1
ਐਲਬਮ	album:2	aelbum:1
ਐਲਬਰਟ	albert:4	aelbart:1	aelbert:1	aelburt:1
ਐਲਬਾ	alba:1	elaba:1	elba:1
ਐਲਬੇ	eelbee:1	elbe:1	ilbi:1
ਐਲਾਨ	ailaan:10	ailan:2	aelan:1	alan:1
ਐਲਾਨਨਾਮੇ	aelanname:1	ailananme:1	ailanname:1	alanname:1
ਐਲਾਨਿਆ	ailania:2	ailaniaa:1	ailaniya:1	alaniya:1
ਐਲਿਸ	aimis:1	alice:1	allis:1
ਐਲੀ	allie:1	ally:1	elie:1	ellie:1
ਐਲੀਮੈਂਟਰੀ	elementary:4
ਐਲੀਸਨ	alison:2	ellison:2	aelisan:1	aillison:1
ਐਲੂਮਨੀ	allumni:1	allumnii:1	alluumni:1	alumni:1
ਐਲੇਨ	ellen:2	ailen:1
ਐਵਰ	ever:4
ਐਵਰੈਸਟ	everest:4	aivaraisata:1	evaresht:1	evarest:1
ਐਵਲਿਨ	aivlin:2	evlin:1
ਐਵਾਰਡ	award:3	aivarad:1	auard:1	avaard:1
ਐਵੇ	aive:3	aavie:1	aeve:1	aewe:1
ਐਵੇਂ	aiven:3	aaiven:1	aavein:1	aeven:1
ਐਸ	aas:1	aes:1	ais:1
ਐਸਏਐਸ	sas:3
ਐਸਕੋਰਟ	escort:2	eskort:1
ਐਸਟੀਐਫ	stf:2	estief:1
ਐਸਟੋਨੀਆ	aestoniaa:1	estonia:1	estoniaa:1	istonia:1
ਐਸ਼	aash:2	aish:2	aesh:1	aissh:1
ਐਸ਼ਟਨ	aishtan:1	aishton:1	ashton:1
ਐਸ਼ਲੇ	aashle:1	aishale:1	ashley:1
ਐਸ਼ਵਰਿਆ	aishwarya:3	aashwariaa:1	aieshhwarya:1	aieshhwerya:1
ਐਸਾ	aisa:4	aasa:1	aasaa:1	aesaa:1
ਐਸਿਡ	acid:3	aaecid:1	asid:1	ecid:1
ਐਸੀ	aisi:2	aasee:1	aasi:1	aesi:1
ਐਸੀਆਂ	aaseeaan:1	aasiaan:1	aiseean:1	aisiaan:1
ਐਸੇ	aise:4	aase:1	aese:1	essay:1
ਐਸੋਚੈਮ	aisochaim:2	esochem:1
ਐਸੋਸ਼ੀਏਸ਼ਨ	association:2	aesoshiyeshan:1
ਐਸੋਸੀਏਟ	associate:2	associant:1
ਐਸੋਸੀਏਸ਼ਨ	association:3	aesosiashan:1	aesosiation:1
ਐੱਲ	ail:2	all:1	ell:1
ਐੱਸਸੀ	sc:2	essy:1
ਓਏ	oye:4	uei:3
ਓਕ	auk:1	auq:1	ok:1	uk:1
ਓਕਲਾਹੋਮਾ	oklahoma:3
ਓਜ	oj:2	uj:1
ਓਜ਼ੋਨ	ozone:3	auzon:1
ਓਝਲ	aujhal:1	ojhal:1	ujhal:1
ਓਝਾ	aujha:1	ojha:1	ujhha:1
ਓਟ	aut:1	oat:1	ut:1
ਓਟਵਾ	ootva:1	otva:1	utava:1
ਓਟਾ	ota:1	otaan:1	uta:1
ਓਟਾਵਾ	otawa:1	ottawa:1	utava:1
ਓਡ	od:1	ud:1	udd:1
ਓਡਿਸ਼ਾ	odisha:3	odshaa:1	udisha:1
ਓਡੀਸ਼ਾ	odeesha:1	odisha:1	udisha:1
ਓਡੀਸੀ	odeesie:1	odiisie:1	odissi:1	odyssey:1
ਓਡੇਸਾ	odesa:2	udesa:2	odeesha:1	odeessa:1
ਓਤਪੋਤ	utpot:2	oatpot:1
ਓਥੇ	uthe:2	authe:1	othe:1
ਓਥੋ	otho:1	uthe:1	utho:1
ਓਥੋਂ	uthon:2	othon:1
ਓਦੋਂ	odon:4	udon:1
ਓਧਰ	odhar:2	udhar:2
ਓਨ	un:2	on:1
ਓਨਟਾਰੀਓ	ontario:2	untaariu:1
ਓਨਰ	honour:2	unar:1
ਓਨਹਾਂ	onahan:1	onhaan:1	unhan:1
ਓਨਾ	ona:2	una:2
ਓਨੀਆਂ	oneeaan:1	oniaan:1	uniaan:1
ਓਨੂੰ	onoon:1	onu:1	unun:1
ਓਨੇ	onay:1	one:1	une:1
ਓਨ੍ਹਾਂ	onna:1	unahan:1	unhaan:1
ਓਪਨ	open:1	openn:1	owpen:1
ਓਪਨਰ	opanar:1	opaner:1	openar:1	opener:1
ਓਪਰਾ	opara:1	upara:1	upra:1
ਓਪਰੇ	aupare:1	opare:1	oprey:1
ਓਪਰੇਟਰਾਂ	oparetaran:1	operataraan:1	operatoran:1
ਓਪਰੇਟਿੰਗ	operating:4	oparating:1	opareting:1	opeerating:1
ਓਪਰੇਸ਼ਨ	operation:2	opareshan:1
ਓਪਰੋਕਤ	auprokt:1	auproqt:1	oparokat:1	oprokat:1
ਓਪੇਰਾ	opera:5	aupera:1	opara:1	oparaa:1
ਓਬਰਾਏ	oberoi:2	oberai:1
ਓਬਾਮਾ	obama:6	obaama:1	obaamaa:1
ਓਮ	om:2	um:1
ਓਮਨੀ	omani:2	omni:2	omnee:1	omnei:1
ਓਮਪ੍ਰਕਾਸ਼	omprakash:2	omprakaash:1
ਓਮਰ	omar:3
ਓਮਾਨ	omaan:2	omaans:1
ਓਰ	or:2	ur:1
ਓਰਛਾ	orachha:1	orcha:1	urchha:1
ਓਰਲ	oral:3
ਓਰੇਂਜ	orange:2	urenj:1
ਓਰੇਗਨ	oragan:1	oregan:1	organ:1	uregan:1
ਓਰੇਗਾਨ	auregan:1	orgaan:1	uregan:1
ਓਲ	ul:4	aul:2	all:1	ol:1
ਓਲਾ	ola:3	olaa:2	ula:1
ਓਲਿੰਪਿਕ	olympeec:1	olympic:1	olympick:1	olympicq:1
ਓਲੀਵਰ	oliver:3	aalivar:1	auliivar:1	aulivar:1
ਓਲੰਪਿਕ	olympic:10	olampik:1
ਓਵਨ	oven:3	ovan:2	owan:1	owen:1
ਓਵਰ	over:7	uver:1
ਓਵਰਕੋਟ	overcoat:2	overkot:1
ਓਵਰਟੇਕ	overtake:3
ਓਵਲ	oval:1	ovala:1	owal:1
ਓਵੇਂ	ovein:2	uven:1
ਓਸ	us:3	os:2
ਓਸ਼ੇਨੀਆ	oshenia:2	oceania:1	oceaniia:1	oceeania:1
ਓਸ਼ੋ	usho:2	osho:1
ਓਸਾਕਾ	osaka:3	osaqa:1	osca:1	oscka:1
ਓਸਾਮਾ	osama:4	osaama:1	osaamaa:1	oshaama:1
ਓਸੀ	osi:2	osee:1	usi:1
ਓਸੇ	ose:1	osey:1	use:1
ਓਹ	uh:4	oh:1
ਓਹਦਾ	auhda:1	ohda:1	uhda:1
ਓਹਨਾ	uhna:2	auhana:1
ਓਹਨਾਂ	uhnan:2	auhanan:1
ਓਹਨੀ	uhni:3	auhni:1	uhnee:1
ਓਹਲਾ	ohla:2	uhala:1
ਓਹਲੇ	ohle:2	uhale:1
ਓਹਾਇਓ	ohaio:1	ohaiyeo:1	uhayiu:1
ਓਹੀ	uhi:3	ohee:1
ਓਹੀਓ	uhiu:2	ohaio:1	ohaiyo:1	oheeo:1
ਓੜਕ	udak:2	odak:1	orhak:1
ਓੱਥੇ	utthe:2	autthe:1
ਔਕਸਫੋਰਡ	oxford:3
ਔਕਾਤ	aukaat:2	aukat:2	okaat:2	aokaat:1
ਔਕੜ	aukad:3	aukarh:1	aunkad:1	onkad:1
ਔਖਾ	okha:7	aukha:6	aokhaa:1	aukhaa:1
ਔਖੀ	aukhi:5	aukhee:1	okhi:1
ਔਖੀਆਂ	aukhiaan:3	aukheean:1	aukhian:1	aukhiyan:1
ਔਖੇ	aukhe:4	aukha:1	aukhey:1	okhe:1
ਔਗੁਣ	augun:1	augunn:1	ogun:1
ਔਗੁਣਾਂ	augunaan:2	ogunan:1
ਔਜਲਾ	aujala:3	aujla:3
ਔਜ਼ਾਰ	aozar:1	auzaar:1	auzar:1	ozar:1
ਔਜ਼ਾਰਾਂ	auzaran:4	aozaran:1	auzara:1	auzaraan:1
ਔਜਾਰ	aujaar:3
ਔਟਵਾ	aotva:1	autawa:1	otava:1
ਔਣਾ	auna:2	aunaa:1
ਔਤਰ	autar:4
ਔਨ	aun:1	on:1	onn:1
ਔਫ	off:2	auf:1	auph:1	of:1
ਔਬਰੀ	aubree:1	aubri:1	aubrii:1	aubry:1
ਔਰ	aur:8	or:6
ਔਰਗੈਨਿਕ	organic:3
ਔਰਤ	aurat:9
ਔਰਤਾਂ	aurataan:2	aurtan:2	auratan:1
ਔਰਬਿਟ	orbit:2	orbti:1
ਔਰੰਗਜ਼ੇਬ	aurangzeb:10	aurangajeb:1	aurangzev:1
ਔਰੰਗਾਬਾਦ	aurangaabaad:2	aurangabaad:2	aurangabad:2	auragabad:1
ਔਲਖ	aulakh:6
ਔਲਾ	aula:3
ਔਲਾਂਦੇ	aulaande:2	aulande:1
ਔਲਾਦ	aulaad:8	aulad:1
ਔਲੀਆ	aulia:1	auliaa:1	auliya:1	auliyaa:1
ਔਲੇ	aule:2	olay:1
ਔਸਕਰ	oscar:3
ਔਸਟਿਨ	aushten:1	aushtin:1	aushtyn:1	austen:1
ਔਸਤ	ausat:3	osat:2	aosat:1	onsat:1
ਔਸਤਨ	osatan:2	onstan:1
ਔਸ਼ਧੀ	aushadhee:1	aushadi:1	aushdhee:1
ਔਹ	auh:3
ਔੜ	aud:2	aond:1	aund:1	aurh:1
ਕਇਨ	cain:1	cen:1	ckain:1	cken:1
ਕਈ	kai:4	kayi:2	kaii:1	rai:1
ਕਈਆਂ	kaian:3	kaiiaan:3	kaiaan:2	kaiyaan:1
ਕਕਸ਼	kakash:3
ਕਕਾਰ	kakaar:2	kakar:1
ਕਚ	kach:3
ਕਚਨਾਰ	kachanaar:1	kachnaar:1	kachnar:1
ਕਚਰਾ	kachra:2	kachara:1
ਕਚਹਿਰੀ	kachahiri:2	kachhiri:1
ਕਚਹਿਰੀਆਂ	kachahirian:1	kachahiriyan:1	kachhiriaan:1
ਕਚਿਆਣ	kacheyan:1	kachiaan:1	kachian:1
ਕਚਿਨ	kachin:3
ਕਚਿਹਰੀ	kachihari:2	kachihri:1
ਕਚਿਹਰੀਆਂ	kachihariaan:1	kachihariyan:1	kachihrian:1
ਕਚੀ	kachi:4
ਕਚੂਰ	kachur:2	kachoor:1
ਕਛ	kachh:4
ਕਜ	kaj:3
ਕਜਰਾ	kajra:2	kajaraa:1
ਕਜ਼ਨ	cousin:8	kazan:2	cousion:1
ਕਜ਼ਾ	kaza:2	kazaa:1
ਕਜ਼ਾਕਿਸਤਾਨ	kazakhstan:4	kazaakistan:1	kazakistaan:1
ਕਜ਼ਾਖ਼	cajakh:1	cazakh:1	cazaqh:1	kajakh:1
ਕਟ	cut:10	kat:1	katt:1
ਕਟਕ	cuttack:10	katak:2	cattack:1	cutack:1
ਕਟਰ	cutter:3	katar:1
ਕਟਰਾ	katra:2	katara:1
ਕਟਵਾ	katwa:2	katava:1	katva:1
ਕਟਹਿਰੇ	katahire:1	kathire:1	katthiray:1
ਕਟਾ	kata:7
ਕਟਾਈ	kataai:3	kataaee:1	katai:1
ਕਟਾਉਣ	kataun:2	kataaun:1
ਕਟਾਖਸ਼	katakhash:2	kataakhash:1
ਕਟਾਣੀ	katani:2	kataanee:1
ਕਟਾਰ	katar:2	kataar:1
ਕਟਾਰਾਂ	kataaraan:1	kataraan:1	kataran:1
ਕਟਾਰੀ	katari:3
ਕਟਿ	kati:3	kaet:1
ਕਟਿਆ	katia:2	katea:1	katiaa:1
ਕਟੀ	kati:4	katee:1	katty:1
ਕਟੋਰਾ	katora:3
ਕਟੋਰੇ	katore:3
ਕਟੌਤੀ	katauti:3
ਕਟੌਤੀਆਂ	katautiaan:2	katautian:1
ਕਟੜਾ	katda:2	katada:1	kattdda:1
ਕਠ	kath:3
ਕਠਪੁਤਲੀ	kathputli:3
ਕਠਿਨ	kathin:3
ਕਠਿਨਾਈ	kathinayi:2	kathinaai:1
ਕਠਿਨਾਈਆਂ	kathinaiaan:2	kathinayiaan:1
ਕਠੁਆ	kathua:2	kathuaa:1
ਕਠੂਆ	kathooaa:1	kathua:1	kathuaa:1
ਕਠੋਰ	kathor:3
ਕਠੋਰਤਾ	kathorta:2	kathorata:1
ਕਢ	kad:1	kaddh:1	kadh:1
ਕਢਣ	kadhan:2	kadan:1
ਕਢਦੇ	kadhade:2	kaddade:1
ਕਢਵਾ	kadava:1	kadhawa:1	kadhwa:1
ਕਢਵਾਉਣ	kadavayun:1	kadhvaun:1	kadhwaun:1
ਕਢਵਾਉਣਾ	kadavayuna:1	kadhvauna:1	kadhwauna:1
ਕਢਾਈ	kadhai:2	kaddayi:1
ਕਢਾਉਂਦਾ	kadhaunda:2	kaddayunda:1
ਕਢਾਉਣ	kadhaun:2	kaddayun:1
ਕਢਿਆ	kadhia:2	kaddeya:1
ਕਢੀ	kadhee:1	kadhi:1	kadi:1
ਕਣ	kan:3
ਕਣਕ	kanak:3
ਕਣਕਾਂ	kanakan:2	kannkan:1
ਕਣਾ	kana:2	kanna:1	kna:1
ਕਣਾਂ	kanan:2	kannan:1	knaa:1
ਕਣੀ	kani:2	kanee:1	kanni:1
ਕਣੀਆਂ	kaniaan:1	kanian:1	kannian:1
ਕਤਰ	katar:1	katara:1	ketar:1	qatar:1
ਕਤਰਾ	katara:2	katra:2
ਕਤਰੇ	katare:2	katra:1	qatare:1
ਕਤਲ	katal:3	qatal:1
ਕਤਲਾਂ	katalan:2	katlaan:1	qatalan:1
ਕਤਲਾਮ	katalaam:1	katalam:1	katlam:1	qatlam:1
ਕਤਲੇਆਮ	kataleaam:4	katleaam:2	qataleaam:2
ਕਤਾ	kata:4
ਕਤਾਰ	katar:2	kataar:1	qatar:1
ਕਤਾਰਾਂ	kataran:2	ktaraan:1	qataran:1
ਕਤੂਰਾ	katoora:2	katura:1
ਕਤੂਰਿਆਂ	katooriaan:1	katurian:1	kauriaan:1
ਕਥਕ	kathak:3
ਕਥਨ	kathan:3
ਕਥਨਾਂ	kathnaan:2	kathana:1
ਕਥਨੀ	kathani:1	kathnee:1	kathni:1
ਕਥਾ	katha:4	qatha:2	kathaa:1	qathaa:1
ਕਥਾਕਾਰ	kathakar:2	kathakaar:1	kathaqar:1	qathakar:1
ਕਥਾਕਾਰਾਂ	kathakaran:2	kathakaaran:1	kathaqaran:1	qathakaran:1
ਕਥਾਤਮਕ	kathatmak:2	kathatamak:1	kathatmaq:1	qathatmak:1
ਕਥਾਨਕ	kathanak:3	kathanaq:1	qathanak:1	qathanaq:1
ਕਥਾਵਾਂ	kathavan:3	kathawan:1	qathavan:1	qathawan:1
ਕਥਾਵਾਚਕ	kathavachak:3	kathavachaq:1	kathawachak:1	kathawachaq:1
ਕਥਿਤ	kathit:3	qathit:1
ਕਥਿੱਤ	kathit:2	kathitt:1	qathitt:1
ਕਦ	kad:3
ਕਦਮ	kadam:3
ਕਦਮਾਂ	kadmaan:2	kadaman:1
ਕਦਮੀ	kadamee:1	kadami:1	kadmi:1
ਕਦਮੀਂ	kadameen:1	kadamin:1	kadmeen:1
ਕਦਰ	kadar:3
ਕਦਰਦਾਨ	kadaradan:1	kadardaan:1	kadardan:1
ਕਦਰਾਂ	kadraan:2	kadaran:1
ਕਦਾਈਂ	kadaaeen:1	kadayin:1	kdain:1
ਕਦੀ	kadi:2	kadee:1
ਕਦੀਮ	kadeem:3
ਕਦੀਮੀ	kadimi:3
ਕਦੇ	kade:3
ਕਦੋ	kado:3
ਕਦੋਂ	kadon:5	kado:1
ਕਨਈਆ	kanaiya:1	kaniaa:1	kanyiaa:1
ਕਨਕ	kanak:3
ਕਨਫਰਮ	confirm:3	kanafaram:1
ਕਨਫੈਡਰੇਸ਼ਨ	confederation:2	kanafaedareshan:1
ਕਨਵਰ	kanavar:1	kanvar:1	kanwar:1
ਕਨਵੀਨਰ	convenar:1	convenor:1	covener:1
ਕਨਹੀਆ	kanahiaa:1	kanahiya:1	kanhaiya:1
ਕਨਾਡਾ	canada:2	kanada:1
ਕਨਾਨ	canan:1	kanaan:1	kanan:1	knaan:1
ਕਨਿਸ਼ਕ	kanishak:3	canishak:1
ਕਨਿੰਘਮ	kanigham:1	kaningham:1	kaninngham:1
ਕਨੂੰਨ	kannun:1	kanoon:1	kanun:1
ਕਨੂੰਨਾਂ	kannunan:1	kanuna:1	kanunaan:1
ਕਨੂੰਨੀ	kanuni:2	kannuni:1
ਕਨੇਡਾ	canada:2	kaneda:1
ਕਨੇਡੀ	kanedi:2	canadi:1	kennedy:1
ਕਨੇਡੀਅਨ	canadian:3	kanediyan:1
ਕਨੇਰ	kaner:3
ਕਨੈਕਟੀਕਟ	connectivity:1	kanaekatikat:1	kanekattikatt:1
ਕਨੈਕਸ਼ਨ	connection:3	kanaekashan:1
ਕਨੈਡਾ	canada:2	kanaeda:1
ਕਨੌਜ	kanauj:3
ਕਪ	cup:5	kap:2	cap:1	kapa:1
ਕਪਟੀ	kapti:2	kaptee:1	kaptti:1
ਕਪਤਾਨ	kaptaan:3	captaan:1	captain:1	captan:1
ਕਪਤਾਨੀ	kaptaani:1	kaptanee:1	kaptani:1
ਕਪਾਟ	kapaat:2	kapat:1
ਕਪਾਡੀਆ	kapadia:1	kapadiaa:1	kapadiya:1
ਕਪਾਲ	kapaal:2	kapal:1
ਕਪਾਲੀ	kapali:2	kapaali:1
ਕਪਾਸ	kapas:2	kapaas:1
ਕਪਾਹ	kapaah:2	kapah:1
ਕਪਾੜੀਆ	kapadia:8	kapadiaa:1	kaparhiya:1
ਕਪਿਲ	kapil:4
ਕਪੂਰ	kapoor:10	kapur:3	kappor:1	kapuur:1
ਕਪੂਰਥਲਾ	kapurthala:8	kapurathala:2
ਕਪੂਰਾ	kapura:2	kapoora:1
ਕਪੜਾ	kapda:3	kaprha:1
ਕਪੜਿਆਂ	kapadiaan:1	kapdiaan:1	kaprihaan:1
ਕਪੜੇ	kapde:5	kapadde:1	kaprhe:1
ਕਫ਼ਨ	kafan:2	kaphan:1
ਕਫ਼ੀਰ	kafeer:1	kafir:1	kapheer:1
ਕਬ	kab:5	cub:1
ਕਬਜ	kabaj:3
ਕਬਜ਼	kabaz:3
ਕਬਜ਼ਾ	kabza:3
ਕਬਜ਼ਿਆਂ	kabziaan:3
ਕਬਜਾ	kabja:3	kabjaa:1
ਕਬਰ	kabar:7
ਕਬਰਸਤਾਨ	kabarastan:2	kabarsatan:1	kabarstaan:1
ਕਬਰਸਤਾਨਾਂ	kabarastanan:1	kabarstanaan:1	kabarstanan:1
ਕਬਰਿਸਤਾਨ	kabaristan:1	kabristaan:1	kabristan:1
ਕਬਰਿਸਤਾਨਾਂ	kabaristanan:1	kabristanaan:1	kabristanan:1
ਕਬਾਇਲੀ	kabaili:1	kabaility:1	kbaili:1	quality:1
ਕਬਾਇਲੀਆਂ	kabailiaan:1	kabailiyan:1	kabalian:1	kbailiaan:1
ਕਬਾਬ	kabab:3	kabaab:1
ਕਬੀਰ	kabir:5	kabeer:2	kabear:1	kabiir:1
ਕਬੀਰਾ	kabira:3
ਕਬੀਲਾ	kabila:3
ਕਬੀਲਾਈ	kabilai:2	kabilaai:1
ਕਬੀਲਿਆਂ	kabiliaan:2	kabilian:1
ਕਬੀਲੇ	kabile:2	kabilay:1
ਕਬੂਤਰ	kabutar:3	kabootar:2
ਕਬੂਲ	kabool:6
ਕਬੂਲਣ	kaboolan:1	kaboolann:1	kabulan:1
ਕਬੂਲਦਾ	kabulada:2	kaboolda:1
ਕਬੂਲਦੇ	kaboolade:2	kabulde:1
ਕਬੂਲਿਆ	kabooliaa:2	kabuliaa:1
ਕਬੂਲੀ	kaboolee:1	kabooli:1	kabuli:1
ਕਬੱਡੀ	kabaddi:10	kabaddee:1
ਕਭੀ	kabhi:6	kabhee:1	kabhii:1	qabhi:1
ਕਮ	kam:10
ਕਮਜ਼ੋਰ	kamzor:2	kamjor:1
ਕਮਜ਼ੋਰੀ	kamjori:1	kamzoree:1	kamzori:1
ਕਮਜ਼ੋਰੀਆਂ	kamjoriaan:1	kamzoreeaan:1	kamzoriaan:1
ਕਮਜੋਰ	kamjor:3
ਕਮਜੋਰੀ	kamjori:3	kamjoree:1
ਕਮਰ	kamar:10
ਕਮਰਾ	kamra:3
ਕਮਲ	kamal:10	qamal:1
ਕਮਲਜੀਤ	kamaljeet:3
ਕਮਲਾ	kamla:5	kamala:1	kamalaa:1	qamala:1
ਕਮਲੀ	kamli:5	kamlee:1
ਕਮਾ	kama:9	kma:1
ਕਮਾਂਡੋ	commando:2	comando:1
ਕਮਾਇਆ	kamaia:3	kamaaiaa:2	kmaiaa:1
ਕਮਾਈ	kamaai:5	kamai:1	kamayi:1	kmaai:1
ਕਮਾਈਆਂ	kamaaiaan:1	kamaian:1	kmaiaan:1
ਕਮਾਉਣ	kamaaun:3	kamaun:2	kmaunn:2
ਕਮਾਊ	kamaau:2	kamau:1	kmau:1
ਕਮਾਏ	kamaae:1	kamaye:1	kmaye:1
ਕਮਾਦ	kamaad:2	kamad:1	kmaad:1
ਕਮਾਨ	kamaan:4	kaman:1	kmaan:1
ਕਮਾਨੀ	kamaani:1	kamanee:1	kamani:1	kmani:1
ਕਮਾਰ	kamaar:2	kamar:1	kmar:1
ਕਮਾਲ	kamaal:3	kamal:1	kmaal:1
ਕਮਾਵਣ	kamavan:3	kmawann:1
ਕਮਿ	kami:3
ਕਮਿਉਨਿਸਟ	communist:2	kamiunist:1
ਕਮਿਊਨ	commune:2	kamioon:1
ਕਮਿਊਨਿਸਟ	cammunist:1	communisht:1	communist:1	comunist:1
ਕਮਿਸਨ	kamisan:3
ਕਮਿਸ਼ਨ	cammissian:1	commission:1	kamishan:1	kommission:1
ਕਮਿਸ਼ਨਰ	camisnar:1	cammissianer:1	comishnar:1	commissioner:1
ਕਮੀ	kami:2	kamee:1	qami:1
ਕਮੀਂ	kamin:2	kameen:1	qamin:1
ਕਮੀਆਂ	kamiaan:2	kameeaan:1	qamiaan:1
ਕਮੀਜ਼	kamiz:2	kameez:1	qamiz:1
ਕਮੀਨੇ	kamine:2	kameene:1	qamine:1
ਕਮੇਟੀ	committee:3	kameti:2	comiti:1	comittee:1
ਕਮੇਟੀਆਂ	kameteeaan:1	kametiaan:1	kamittiaan:1	qametiaan:1
ਕਮੇਡੀਅਨ	comedian:3	kameddian:1
ਕਮੈਂਟਰੀ	commentary:3
ਕਮੰਡਲ	kamandal:2	kamanddal:1
ਕਮੰਡਲੁ	kamandalu:2	kamanddlu:1
ਕਯਾ	kya:7	kaya:1
ਕਯਾਮਤ	kayamat:2	kyamat:1	qayamat:1	qyamat:1
ਕਰ	kar:10
ਕਰਕਟ	karkat:3
ਕਰਕੇ	karke:3
ਕਰਜ	karaj:3	karj:1
ਕਰਜ਼	karaj:2	karaz:1	karz:1
ਕਰਜ਼ਨ	karzan:2	corrosion:1	curison:1	curjon:1
ਕਰਜ਼ਾ	karaza:1	karja:1	karzan:1
ਕਰਜ਼ਾਈ	karzai:2	karazai:1	karjaai:1
ਕਰਜ਼ਿਆਂ	karajean:1	karajiaan:1	karazean:1	karaziaan:1
ਕਰਜ਼ੇ	karaze:1	karje:1	karze:1
ਕਰਜਾ	karja:3
ਕਰਜਾਈ	karjai:2	karjaai:1
ਕਰਣ	karan:7	karna:2	kerna:2	qerna:2
ਕਰਣਗੇ	karange:3	karanage:1
ਕਰਣਾ	karana:2	karna:2
ਕਰਣੀ	karani:2	karni:1
ਕਰਤ	karat:5
ਕਰਤਬ	kartab:4	qartab:1
ਕਰਤਾ	karta:3	qarta:1
ਕਰਤਾਰ	kartar:7	qartar:1
ਕਰਤਾਰਪੁਰ	kartarpur:4	qartarpur:1
ਕਰਤਾਰਾ	kartara:3	qartara:1
ਕਰਤਾਰੋ	kartaro:2	qartaro:1
ਕਰਤਾਵਾਂ	kartavan:2	kartaavaan:1	kartawan:1	qartavan:1
ਕਰਤੀ	karti:2	kartee:1	qarti:1
ਕਰਤੂਤ	kartut:2	kartoot:1	qartut:1
ਕਰਤੂਤਾਂ	kartutan:2	kartootaan:1	qartutan:1
ਕਰਤੇ	karte:3	qarte:1
ਕਰਤੱਬ	kartabb:2	qartabb:1
ਕਰਤੱਵ	kartavv:2	kartaww:1	qartavv:1	qartaww:1
ਕਰਤੱਵਾਂ	karatavvaan:1	kartavvan:1	kartawwan:1	qartavvan:1
ਕਰਦ	karad:9	qarad:1
ਕਰਦਾ	karda:4
ਕਰਦਾਰ	kardar:3	kardaar:1
ਕਰਦਿਆਂ	kardiaan:2	kardian:2	kardiyaan:2
ਕਰਦੀ	kardi:6	karadi:1
ਕਰਦੀਆਂ	kardian:2	kardiyaan:2	karadiaan:1	kardiaan:1
ਕਰਦੇ	karde:5
ਕਰਨ	karan:10	qaran:1
ਕਰਨਗੇ	karange:2	karanage:1
ਕਰਨਜੀਤ	karanjeet:3
ਕਰਨਯੋਗ	karanyog:3
ਕਰਨਲ	karnal:4	karnel:1	karnle:1	kernal:1
ਕਰਨਾ	karna:3	karnaa:1
ਕਰਨਾਟਕ	karnaatak:2	karnataka:2	karanataka:1	karnaataka:1
ਕਰਨਾਟਕਾ	karnataka:2	kartaankaa:1
ਕਰਨਾਡ	karnaad:2	karnad:1
ਕਰਨਾਲ	karnal:2	karnaal:1
ਕਰਨੀ	karni:4	karanee:2
ਕਰਨੀਆਂ	karneeaan:1	karnian:1	karniyaan:1
ਕਰਨੇ	karne:2	karane:1
ਕਰਨੈਲ	karnail:3
ਕਰਨੋ	karno:2	karano:1
ਕਰਬਲਾ	karbala:2	karabala:1	karabalaa:1	karbalaa:1
ਕਰਮ	karam:4	karama:1
ਕਰਮਕਾਂਡ	karamkand:3	karamkaand:1
ਕਰਮਕਾਂਡਾਂ	karamkandan:2	karamkandaan:1
ਕਰਮਕਾਂਡੀ	karamkandi:2	karamkaandee:1
ਕਰਮਚਾਰੀ	karamchari:2	karamchaaree:1
ਕਰਮਚਾਰੀਆ	karamcharia:2	karamchaareeaa:1
ਕਰਮਚਾਰੀਆਂ	karamcharian:4	karamchaareean:2
ਕਰਮਚੰਦ	karamchand:3
ਕਰਮਜੀਤ	karamjeet:3
ਕਰਮਵਾਰ	karamvaar:1	karamvar:1	karamwar:1
ਕਰਮਵੀਰ	karamveer:3
ਕਰਮਸ਼ੀਲ	karamsheel:3	karamshil:1
ਕਰਮਸ਼ੀਲਤਾ	karamsheelata:1	karamsheelataa:1	karamshilta:1
ਕਰਮਾਂ	karmaan:2	karman:1	qarman:1
ਕਰਮਾਪਾ	karmapa:3	qarmapa:1
ਕਰਮੀ	karmee:2	karmi:1	qarmi:1
ਕਰਲੋ	karlo:3	qarlo:1
ਕਰਵਾ	karva:5	karwa:2	karwaa:1
ਕਰਵਾਇਆ	karvaaiaa:3	karvaia:2	karvaiaa:2	karvaiya:1
ਕਰਵਾਈ	karwaai:4	karvaaee:2	karvaai:1	karvai:1
ਕਰਵਾਈਆਂ	karvaaeeaan:2	karvaian:1	karvayian:1
ਕਰਵਾਉਂਣ	karvauun:1	karwaaunan:1	karwaun:1
ਕਰਵਾਉਂਦਾ	karvaunda:1	karwaaundaa:1	karwaunda:1
ਕਰਵਾਉਂਦਿਆਂ	karvaundian:1	karwaaundiaan:1	karwaundiaan:1
ਕਰਵਾਉਂਦੀ	karvaundi:1	karwaaundee:1	karwaundi:1
ਕਰਵਾਉਂਦੀਆਂ	karvaaundeeaan:1	karvaundiaan:1	karvaundian:1
ਕਰਵਾਉਂਦੇ	karvaaunde:2	karvaunde:1
ਕਰਵਾਉਣ	karvaun:2	karwaun:2	karwaauna:1	karwaaunn:1
ਕਰਵਾਉਣਾ	karvauna:3	karwaaunaa:2	karwauna:1
ਕਰਵਾਉਣੀ	karvauni:1	karwaaunee:1	karwauni:1
ਕਰਵਾਉਣੀਆਂ	karvaunian:1	karwaauneean:1	karwauniaan:1
ਕਰਵਾਉਣੇ	karvaune:1	karwaaune:1	karwaune:1
ਕਰਵਾਉਦਾ	karvauda:1	karwaaudaa:1	karwauda:1
ਕਰਵਾਉਦੀਆਂ	karvaudian:1	karwaaudeean:1	karwaudian:1
ਕਰਵਾਉਦੇ	karvaude:1	karwaaude:1	karwaude:1
ਕਰਵਾਏ	karvaae:3	karvaye:2	karwaae:1
ਕਰਵਾਏਗਾ	karvaaega:1	karvayega:1	karwaega:1
ਕਰਵਾਓ	karvaao:1	karvaau:1	karvao:1
ਕਰਵਾਕੇ	karvaake:2	karvake:1
ਕਰਾ	kara:9
ਕਰਾਂ	karaan:3	karan:1
ਕਰਾਂਗਾ	karanga:3	kaaranga:1
ਕਰਾਂਗੀ	karangi:3	krangi:1
ਕਰਾਂਗੇ	karange:5	karangey:2	krange:1
ਕਰਾਂਤੀ	karanti:3	kranti:1
ਕਰਾਂਤੀਆਂ	karantian:2	karantiya:1	karantiyan:1	krantiya:1
ਕਰਾਂਤੀਕਾਰੀ	karantikaree:2	karantikari:1	karantkari:1	krantikari:1
ਕਰਾਂਤੀਕਾਰੀਆਂ	karantikaria:1	karantikarian:1	karantikariyan:1	karantkarian:1
ਕਰਾਂਦਾ	karanda:3	karaanda:1
ਕਰਾਂਦੇ	karande:2	karaande:1	karandey:1
ਕਰਾਇਆ	karaia:2	karaiaa:2	kraiaa:2
ਕਰਾਈ	karaai:5	karaaee:1	karai:1	kraee:1
ਕਰਾਈਆਂ	karaaeeaan:1	karaiaan:1	kraiaan:1
ਕਰਾਉਂਦਾ	karaunda:2	kraunda:1
ਕਰਾਉਂਦਿਆਂ	karaundiaan:1	karaundian:1	kraundiaan:1
ਕਰਾਉਂਦੀ	karaundi:2	kraundi:1
ਕਰਾਉਂਦੀਆਂ	karaundiaan:1	karaundian:1	kraundiaan:1
ਕਰਾਉਂਦੇ	karaunde:2	kraunde:1
ਕਰਾਉਣ	karaun:5	karaaun:2
ਕਰਾਉਣਾ	karauna:4	karaauna:1
ਕਰਾਉਣੀ	karaauni:4	karauni:4
ਕਰਾਉਦਾ	karauda:2	karaude:1
ਕਰਾਉਨ	karaun:2	crown:1	kraun:1
ਕਰਾਏ	karaae:4	kraye:2	karaye:1
ਕਰਾਕੇ	karake:2	karaake:1
ਕਰਾਚੀ	karachi:4	kaaraachee:1	kaaraachi:1	karaachee:1
ਕਰਾਟੇ	karate:3	karaate:2	karaete:1	karete:1
ਕਰਾਣਾ	karana:2	karaana:1
ਕਰਾਦੇ	karade:2	karaade:1
ਕਰਾਨ	karaan:3
ਕਰਾਫਟ	craaft:2	craft:2	crapht:2	kraaft:2
ਕਰਾਫ਼ਟ	craft:2	karaaphat:1	kraft:1
ਕਰਾਮਤ	karamat:2	karaamat:1
ਕਰਾਮਾਤ	karamat:2	karaamat:1	karamaat:1
ਕਰਾਮਾਤਾਂ	karamatan:2	karamataan:1
ਕਰਾਮਾਤੀ	karamati:3
ਕਰਾਰ	karar:5
ਕਰਾਰਾ	karara:3	carara:1	carrara:1	karrara:1
ਕਰਾਰੀ	karari:3
ਕਰਾਵਣ	karavan:5
ਕਰਾਸਓਵਰ	crashshover:1	crassovar:1	crassover:1	crassower:1
ਕਰਿ	kari:2	kaar:1	kaer:1	kar:1
ਕਰਿਆ	karia:3	kariya:3	karea:2	kareya:2
ਕਰਿਆਂ	kareya:1	kariaan:1	karian:1	kariya:1
ਕਰਿਆਨਾ	kariana:2	kariyana:2	kriyana:1
ਕਰਿਆਨੇ	kariane:2	kariyane:1	kriyane:1
ਕਰਿਸਟੀ	cristi:1	cristy:1	karesati:1	karisati:1
ਕਰਿਸਪ	crishp:1	crisp:1	karisap:1	karishap:1
ਕਰਿਸ਼ਮਾ	karishma:2	karishama:1	krishma:1
ਕਰੀ	curry:2	karee:2	kari:2	carry:1
ਕਰੀਂ	karin:4	kareen:3
ਕਰੀਏ	kareee:2	kariae:2	kariye:2	qariae:2
ਕਰੀਨਾ	kareena:3	karina:1
ਕਰੀਬ	kareeb:3	karib:1
ਕਰੀਬੀ	karibi:2	kareebi:1
ਕਰੀਮ	kareem:5	karim:2	caream:1	cream:1
ਕਰੀਮਾ	careama:1	careema:1	kareema:1	karima:1
ਕਰੀਮਾਂ	careama:1	careema:1	kareeman:1	kariman:1
ਕਰੀਮੀਆ	creamia:1	karimia:1	karimiaa:1	karimiya:1
ਕਰੀਰ	kareer:2	karir:1
ਕਰੀਰਾਂ	kareeran:2	kariran:2
ਕਰੁ	karu:3	kru:1
ਕਰੁਣਾ	karuna:3
ਕਰੁਣਾਨਿਧੀ	karunanidhi:3
ਕਰੁਣਾਮਈ	karunamai:2	karunamayi:1
ਕਰੂਗੀ	karoogi:2	karugi:1	qarugi:1
ਕਰੂਜ਼	cruise:2	cruze:1	karuz:1
ਕਰੂਪ	karoop:2	karup:1	qarup:1
ਕਰੂੰ	karun:4	karoon:2	qarun:2
ਕਰੇ	kare:2	karey:1	qare:1
ਕਰੇਂ	karen:3	qaren:1
ਕਰੇਂਗੇ	karenge:3	qarenge:1
ਕਰੇਕ	karek:3	crack:1	qarek:1
ਕਰੇਗਾ	karega:3	qarega:1
ਕਰੇਗੀ	karegi:3	qaregi:1
ਕਰੇਲਾ	karela:3	qarela:1
ਕਰੇਲੇ	karele:2	krele:1	qarele:1
ਕਰੇਵਾ	kareva:2	karewa:2	qareva:1	qarewa:1
ਕਰੈ	karai:2	karei:1	kari:1	qarai:1
ਕਰੈਗ	craig:2	karaiga:1	kraig:1	qaraiga:1
ਕਰੈਡਿਟ	credit:4	craedit:1	kraedit:1	kredit:1
ਕਰੈਸ਼	cras:1	crash:1	crashh:1	cres:1
ਕਰੋ	karo:2	crow:1	qaro:1
ਕਰੋਏਸ਼ੀਆ	croatia:2	karoashia:1	karoashiya:1	karoeshia:1
ਕਰੋਗੇ	karoge:3	qaroge:1
ਕਰੋਚੇ	karoche:3	qaroche:1
ਕਰੋਧ	krodh:2	karodh:1
ਕਰੋਨਾ	karona:2	karonaa:1
ਕਰੋਮੀਅਮ	chromium:2	koromias:1
ਕਰੋਲ	cooral:1	coorral:1	coral:1	corral:1
ਕਰੋਸ਼ੀਆ	croatia:1	crotia:1	karoshia:1	karoshiaa:1
ਕਰੋੜ	karod:5	crore:3
ਕਰੋੜਪਤੀ	crorepati:2	crorepatee:1
ਕਰੋੜਾਂ	karodaan:4	karodan:1	krorhan:1
ਕਰੜਾ	karada:4	karda:1
ਕਰੜੀ	karadi:4	kardi:1
ਕਰੜੀਆਂ	karadian:2	kardiaan:1
ਕਰੜੇ	karade:4	karde:1
ਕਰੰਟ	curent:1	current:1	currnt:1
ਕਰੰਸੀ	currency:1	karansi:1	karansii:1
ਕਰੱਤਵ	karattav:1	karttav:1	karttaw:1	qarttav:1
ਕਲ	kal:6	qal:2
ਕਲਕਤਾ	kalkata:2	calcutta:1	kalkataa:1	kalqata:1
ਕਲਕੱਤਾ	calcutta:4	kalkatta:2	calcatta:1	kalkattaa:1
ਕਲਕੱਤੇ	kalkatte:2	calcutte:1	kalakatte:1	kalaqatte:1
ਕਲਗ਼ੀ	kalagaee:1	kalaggi:1	kalgee:1	qalaggi:1
ਕਲਗੀ	kalagi:2	kalagee:1	qalagi:1
ਕਲਗੀਧਰ	kalgeedhar:2	kalgidhar:1	qalgidhar:1
ਕਲਜੁਗ	kaljug:2	kalyug:1	qaljug:1
ਕਲਨ	kalan:3	qalan:1
ਕਲਪ	kalap:3	qalap:1
ਕਲਪਣਾ	kalpana:2	kalpanaa:1	qalpana:1
ਕਲਪਨਾ	kalpana:3	qalpana:2	kalapanaa:1	kalpna:1
ਕਲਪਨਾਵਾਂ	kalapanavaan:1	kalpanavan:1	kalpavan:1	kalpawan:1
ਕਲਪਨਾਸ਼ੀਲ	kalapanaasheel:1	kalpanasheel:1	kalpanashil:1	qalpanashil:1
ਕਲਪਿਤ	kalpit:2	kalapit:1	qalpit:1
ਕਲਬ	club:2	kalab:2	qalab:1
ਕਲਬੀ	kalabee:1	kalabi:1	kalbi:1	qalbi:1
ਕਲਮ	kalam:4
ਕਲਮਕਾਰ	kalamkaar:2	kalamkar:1
ਕਲਮਬੰਦ	kalamband:2	kalamand:1
ਕਲਮਬੱਧ	kalambaddh:1	kalambadh:1	kalambandh:1
ਕਲਮਾਂ	kalman:2	kalamaan:1
ਕਲਮੀ	kalmi:3
ਕਲਯੁਗ	kalyug:4
ਕਲਰ	colour:2	kalar:2	color:1	kolor:1
ਕਲਰਕ	clerk:2	kalarak:1	kalark:1	kalrak:1
ਕਲਰਕੀ	clerki:1	colourki:1	kalaraki:1	kalarki:1
ਕਲਰਸ	calor:1	colors:1	colorsh:1	colours:1
ਕਲਸ਼	kalash:3
ਕਲਸੀ	kalsi:2	kalasee:1	qalsi:1
ਕਲਾ	kala:3	cala:1	ckala:1	cqala:1
ਕਲਾਂ	kalan:2	kalaan:1	qalan:1
ਕਲਾਂਇਟ	client:4	klaaint:1
ਕਲਾਇੰਟ	client:3
ਕਲਾਈ	kalai:3
ਕਲਾਈਮੈਕਸ	climax:3
ਕਲਾਉਡ	cloud:3
ਕਲਾਊਡ	cloud:3
ਕਲਾਕਾਰ	kalakar:3
ਕਲਾਕਾਰਾ	kalakara:3	qalaqara:1
ਕਲਾਕਾਰਾਂ	kalakaran:3	qalaqaran:1
ਕਲਾਕਾਰੀ	kalakari:3	qalaqari:1
ਕਲਾਕਿਰਤ	kalakirat:3	qalaqirat:1
ਕਲਾਕ੍ਰਿਤ	kalakrit:3	kalakirat:1	qalaqrit:1
ਕਲਾਕ੍ਰਿਤੀ	kalakriti:3	qalaqriti:1
ਕਲਾਕ੍ਰਿਤੀਆਂ	kalakritiyan:2	kalakritiaan:1	kalakritian:1	qalaqritiaan:1
ਕਲਾਜ	kalaj:2	kalaaj:1	qalaj:1
ਕਲਾਤਮਕ	kalatmak:2	kalaatamak:1	qalatmaq:1
ਕਲਾਤਮਕਤਾ	kalatmakta:2	kalatamakata:1	qalatmaqta:1
ਕਲਾਤਮਿਕ	kalatamik:2	kalatmik:1	qalatamiq:1
ਕਲਾਤਮਿਕਤਾ	kalatamikata:1	kalatmikata:1	kalatmikta:1	qalatmiqta:1
ਕਲਾਧਾਰੀ	kaladhari:3	qaladhari:1
ਕਲਾਮ	kalaam:2	kalam:2
ਕਲਾਮਈ	kalamayi:2	kalamaee:1	kalamai:1	qalamaee:1
ਕਲਾਰਕ	clark:3	clerk:2	clarq:1	clerq:1
ਕਲਾਰਾ	kalara:2	clara:1
ਕਲਾਲ	kalal:3	kalaal:1	qalal:1
ਕਲਾਵਾਂ	kalavan:3	kalawan:2	qalavan:1	qalawan:1
ਕਲਾਵੇ	kalave:3	kalawe:1	qalave:1	qalawe:1
ਕਲਾਵੰਤ	kalavant:3	kalawant:1	qalavant:1	qalawant:1
ਕਲਾਸ	class:4	claas:1	claass:1	clas:1
ਕਲਾਸਕੀ	clasaki:1	claski:1	classaci:1
ਕਲਾਸਰੂਮ	clashroom:1	clashshroom:1	clashshrum:1	clasroom:1
ਕਲਾਸਾਂ	classan:2	kalasan:1
ਕਲਾਸਿਕ	claasik:1	claasiks:1	claasiqs:1	claasix:1
ਕਲਾਸਿਕੀ	clasiki:2	kalasiki:1
ਕਲਾਸੀਕਲ	classical:4	classikal:1	classiqal:1	kalasikal:1
ਕਲਿਆਣ	kaliaan:2	kalian:1	kaliana:1	kaliyan:1
ਕਲਿਆਣਕਾਰੀ	kaliaakari:1	kaliankari:1	kaliyankari:1	qaliaaqari:1
ਕਲਿਆਨ	kaliaan:1	kalian:1	kaliyan:1	qaliaan:1
ਕਲਿਕ	click:1	clicq:1	clik:1	cliq:1
ਕਲਿੰਗ	kaling:3	qaling:1
ਕਲਿੰਗਾ	kalinga:3	qalinga:1
ਕਲਿੰਟ	cleent:1	cliint:1	clint:1	klint:1
ਕਲਿੰਟਨ	clinton:4	klintan:1	klinton:1
ਕਲਿੱਕ	click:2	kalikk:1
ਕਲੀ	kali:4	kalee:2	qali:2	kalii:1
ਕਲੀਅਰ	clear:3
ਕਲੀਅਰਿੰਗ	clearing:3
ਕਲੀਆਂ	kaliyan:2	kaliaan:1	kalian:1	qaliaan:1
ਕਲੀਨ	clean:1	cleen:1	clen:1	clene:1
ਕਲੀਨਰ	cleanar:1	cleaner:1	cleenar:1	cleener:1
ਕਲੀਨਿਕ	clinic:4	clinik:3	cliniq:2	klinik:2
ਕਲੀਨੀਕਲ	clinical:4	clinikal:1	cliniqal:1	klinikal:1
ਕਲੀਪੁਰ	kalipur:3
ਕਲੀਰ	kalir:2	kaleer:1
ਕਲੀਰੇ	kalire:3
ਕਲੀਵਲੈਂਡ	cleveland:2	cleevland:1
ਕਲੀਸਾ	kalisa:2	kaleesa:1	qalisa:1
ਕਲੀਸੀਆ	kalisia:2	kalisiya:1
ਕਲੀਸੀਆਂ	kalisian:2	kalisiyan:2
ਕਲੇ	kale:3	clay:1
ਕਲੇਅਰ	clear:2	kalear:1
ਕਲੇਮ	claim:2	clame:1
ਕਲੇਰ	kaler:2	clair:1
ਕਲੇਵਰ	clever:2	calver:1
ਕਲੇਸ਼	kalesh:4
ਕਲੈਂਡਰ	calendar:1	calender:1	kalendar:1
ਕਲੈਪਰ	clappar:1	clapper:1	klappar:1	klapper:1
ਕਲੋਜ਼	close:2	clouz:1
ਕਲੋਨੀ	colony:2	clouni:1
ਕਲੋਨੀਆਂ	clounian:1	colonian:1	kaloniyan:1
ਕਲੋਰਾਈਡ	chloride:1	cloride:1	clouride:1
ਕਲੋਰੀਨ	chlorine:2	clorine:1
ਕਲੋਰੀਨੇਸ਼ਨ	chlorination:2	clourination:1
ਕਲੋਰੋਫਿਲ	chlorophyll:2	chlorofil:1
ਕਲੌਡੀਅਸ	calodius:1	claudius:1	cloudias:1
ਕਲੌੜ	clound:1	kalaud:1	kalod:1
ਕਲ੍ਹ	kalh:2	kalah:1
ਕਲੰਕ	kalank:3
ਕਲੰਡਰ	calendar:1	calender:1	kalandar:1	klandar:1
ਕਲੰਡਰਾਂ	calendaran:1	kalndran:1	klandran:1
ਕਲੰਦਰ	kalandar:2	kalander:1
ਕਲੱਬ	club:3	clab:1	clubb:1	klab:1
ਕਵਚ	kavach:2	kawach:1
ਕਵਰ	cavar:1	caver:1	covar:1	cover:1
ਕਵਰੇਜ	coverage:3
ਕਵਲ	kaval:2	kawal:2	qaval:1	qawal:1
ਕਵਾਇਦਾਂ	kavaidan:3	kawaidan:1	qavaidan:1	qawaidan:1
ਕਵਾਈ	kavaee:1	kavai:1	kawaee:1	kawai:1
ਕਵਾਤਰਾ	kavatra:2	kavarta:1	kawarta:1	qavarta:1
ਕਵਾਲੀ	kavali:2	kawali:2	qavali:1	qawali:1
ਕਵਿ	kavi:3	kawi:1
ਕਵਿਆਂ	kaviaan:1	kavian:1	kaviyan:1	kawiaan:1
ਕਵਿਕ	kavik:2	quick:2
ਕਵਿਤਰੀ	kavitari:3	kawitari:1	qavitari:1	qawitari:1
ਕਵਿਤਰੀਆਂ	kavitariyan:2	kavitariaan:1	kavitarian:1	kawitariaan:1
ਕਵਿਤਾ	kavita:4	kawita:2	qavita:2	kaavitaa:1
ਕਵਿਤਾਂ	kavitan:3	kawitan:1	qavitan:1	qawitan:1
ਕਵਿਤਾਵਾਂ	kavitavan:3	kawitawan:1	qavitavan:1	qawitawan:1
ਕਵਿੱਤਰੀ	kavittari:2	kavitari:1	kavvitari:1	kawittari:1
ਕਵੀ	kavi:4	kawi:1	qavi:1	qawi:1
ਕਵੀਆ	kaviya:2	kavia:1	kaviaa:1	kawiaa:1
ਕਵੀਆਂ	kaviyan:2	kaviaan:1	kavian:1	kawiaan:1
ਕਵੀਨ	queen:2	kavin:1
ਕਵੀਸ਼ਰ	kavishar:3	kawishar:1	qawishar:1	qvishar:1
ਕਵੀਸ਼ਰੀ	kavishari:3	kavisharee:1	kawishari:1	qavishari:1
ਕਵੇਰੀ	kaveri:3	kaweri:1	qaveri:1	qaweri:1
ਕਸ	kas:5
ਕਸਟਮ	castam:1	castom:1	cushtam:1	cushtom:1
ਕਸਤੂਰਬਾ	kastoorba:2	kasturba:1
ਕਸਤੂਰੀ	kastoori:3	kasturi:1
ਕਸਬਾ	kasba:2	kasaba:1
ਕਸਬਿਆਂ	kasbeyan:2	kasbiaan:2	kasbian:2
ਕਸਬੀ	kasbi:2	kasabi:1	kasbee:1
ਕਸਬੇ	kasbe:2	kasabe:1
ਕਸਮ	kasam:3
ਕਸਮਾਂ	kasman:3	kasamaan:1
ਕਸਰ	kasar:3
ਕਸਰਤ	kasrat:2	kasarat:1
ਕਸ਼ਟ	kasht:4	kashat:1
ਕਸ਼ਟਦਾਇਕ	kashatadiyik:1	kashtdaaik:1	kashtdaik:1
ਕਸ਼ਟਾਂ	kashtan:2	kashatan:1
ਕਸ਼ਤਰੀ	kashtari:2	kashatari:1	kashatri:1
ਕਸ਼ਤਰੀਆਂ	kashataryian:1	kashtariyaan:1	kshatrian:1
ਕਸ਼ਤੀ	kashti:3	kashati:1	kashtee:1
ਕਸ਼ਪ	kashap:3
ਕਸ਼ਮਕਸ਼	kashmakash:2	kashmkash:1
ਕਸ਼ਮੀਰ	kashmir:6	kashmeer:2	kashmear:1	kashmiir:1
ਕਸ਼ਮੀਰਾ	kashmeera:1	kashmeeran:1	kashmira:1
ਕਸ਼ਮੀਰੀ	kashmiri:3	kashmeeree:1
ਕਸ਼ਯਪ	kashyap:3
ਕਸ਼ਿਅਪ	kashyap:2	cashhyup:1	cashyap:1	cashyup:1
ਕਸ਼ਿਸ਼	kashish:3
ਕਸ਼ੀਦ	kashid:2	kasheed:1
ਕਸ਼ੈ	kashai:2	kashae:1
ਕਸਾਈ	kasai:3	kasaaee:1
ਕਸਾਬ	kasab:3	kasaab:2
ਕਸਾਰਾ	kasara:2	kasaaraa:1
ਕਸਿਆ	kasia:1	kasiaa:1	kasiyaa:1
ਕਸੀ	kasi:5
ਕਸੀਦਾ	kasida:2	kaseeda:1
ਕਸੀਦਾਕਾਰੀ	kasdakari:1	kasidakaari:1	kasidakari:1
ਕਸੀਰ	kasir:2	kaseer:1
ਕਸੁੰਭੜਾ	kasumbharha:1	kasumbhda:1	sasumbhada:1
ਕਸੂਰ	kasoor:2	kasur:2
ਕਸੂਰਵਾਰ	kasoorwar:1	kasuravar:1	kasurvar:1
ਕਸੂਰੀ	kasuri:2	kasoori:1
ਕਸੇਲ	kasel:3
ਕਸੈਲਾ	kasaila:2	kasaela:1
ਕਸੌਟੀ	kasauti:4	kasouti:1
ਕਸੌਟੀਆਂ	kasauriyaan:1	kasountian:1	kasoutiyan:1
ਕਹ	kah:8	keh:4
ਕਹਣੀ	kahani:2	kahni:1
ਕਹਨੇ	kahane:2	kahne:1
ਕਹਾ	kaha:10	kha:1
ਕਹਾਂ	kahan:3
ਕਹਾਂਗੇ	kahange:3
ਕਹਾਂਦਾ	kahanda:3
ਕਹਾਂਦੇ	kahande:3
ਕਹਾਉਂਦਾ	kahaunda:3	kahayunda:1
ਕਹਾਉਂਦੀ	kahaundi:2	kahayundi:1
ਕਹਾਉਂਦੀਆਂ	kahaundian:1	kahaundiyaan:1	kahayundiyan:1
ਕਹਾਉਂਦੇ	kahaunde:2	kahayunde:1
ਕਹਾਉਣ	kahaun:1	kahauna:1	kahayun:1
ਕਹਾਣੀ	kahani:4	kahaani:1
ਕਹਾਣੀਆਂ	kahanian:1	kahaniyaan:1	kahaniyan:1
ਕਹਾਣੀਕਾਰ	kahanikaar:3	kahanikar:1
ਕਹਾਣੀਕਾਰਾਂ	kahanikaran:3
ਕਹਾਨੀ	kahani:2	kahaani:1
ਕਹਾਨੀਆਂ	kahaniyaan:1	kahaniyan:1	khaanian:1
ਕਹਾਰ	kahar:3	kahaar:1
ਕਹਾਵਤ	kahavat:2	kahawat:1
ਕਹਾਵਤਾਂ	kahavatan:3
ਕਹਿ	kahi:4	kahe:2
ਕਹਿਆ	kaheya:2	kahia:1	kahiya:1
ਕਹਿਕਸ਼ਾਂ	kahikashan:2	kahekashan:1
ਕਹਿਕੇ	kaheke:2	kahike:2
ਕਹਿਣ	kahen:2	kahin:1
ਕਹਿਣਗੇ	kahenage:1	kahenge:1	kahinage:1
ਕਹਿਣਾ	kahena:2	kahina:1
ਕਹਿਣੇ	kahine:2	kahene:1
ਕਹਿਤ	kahit:2	kahet:1
ਕਹਿਦੇ	kahede:2	kahide:1
ਕਹਿਨਾ	kahina:3	kahena:1
ਕਹਿਰ	kahir:3	kehar:1
ਕਹਿਰਾ	kahira:2	kehira:1	kehra:1
ਕਹਿਰਾਂ	keharan:1	kehiran:1	kehraan:1
ਕਹਿਲਾਉਂਦੀ	kahilaundi:2	kehlaundi:1
ਕਹਿਲਾਤਾ	kahilata:2	kehilata:1
ਕਹਿਲੂਰ	kahiloor:1	kahilur:1	kehiloor:1	kehilur:1
ਕਹਿੰਦਾ	kahinda:4	kehinda:2	kehnda:1
ਕਹਿੰਦਿਆਂ	kahindiaan:2	kahindian:2	kehindian:2	kehandian:1
ਕਹਿੰਦੀ	kahindi:3	kehindi:2	kehandi:1	kehndi:1
ਕਹਿੰਦੀਆਂ	kahindiaan:1	kahindian:1	kehandian:1	kehindian:1
ਕਹਿੰਦੇ	kahinde:3	kehnde:2	kehinde:1
ਕਹੀ	kahi:9	kahee:2
ਕਹੀਂ	kaheen:3	kahin:2	kahri:1
ਕਹੀਆਂ	kahiaan:1	kahian:1	kahiyan:1
ਕਹੀਏ	kahie:4	kaheeye:1	kahiye:1
ਕਹੂੰ	kahun:2	kahoon:1
ਕਹੇ	kahe:4
ਕਹੈ	kahae:1	kahai:1	kahei:1
ਕਹੋ	kaho:3
ਕ਼ਤਲ	katal:2	kkatal:1	qqatal:1
ਕ਼ਰਾਰ	karar:3
ਕ਼ਰੀਬ	kareeb:2	karib:1
ਕ਼ੈਦ	kaid:2	qaid:2	quaid:1
ਕਾ	ka:5	kaa:2	ckaa:1	cqaa:1
ਕਾਂ	kan:2	kaan:1	qan:1
ਕਾਂਗ	cong:1	kaang:1	kang:1
ਕਾਂਗਰਸ	congress:3	congres:1	congreshsh:1	kongreshsh:1
ਕਾਂਗਰਸੀ	congrasi:1	congresi:1	congressi:1
ਕਾਂਗੋ	kango:2	cango:1
ਕਾਂਗ੍ਰੇਸ	congress:6	kangrea:1	kangres:1
ਕਾਂਗੜ	kangad:3
ਕਾਂਗੜਾ	kangada:2	kangda:1	kangra:1
ਕਾਂਗੜੇ	kangade:2	kaangde:1	kangre:1
ਕਾਂਚੀਪੁਰਮ	kanchipuram:3
ਕਾਂਜੀ	kanji:2	kaanji:1
ਕਾਂਟ	kant:2	kaant:1
ਕਾਂਟੇ	kaante:2	kante:1
ਕਾਂਟੋ	kanto:3	ckato:1	ckatoo:1	ckatu:1
ਕਾਂਡ	kaand:4	kand:1	kandd:1
ਕਾਂਡਾ	kaanda:1	kanda:1	kandda:1
ਕਾਂਡਾਂ	kaandan:1	kandan:1	kanddan:1
ਕਾਂਢ	kaand:1	kandd:1	kandh:1
ਕਾਂਢਾਂ	kanda:2	kandhan:1
ਕਾਂਤ	kant:3	cantt:1	ckant:1	cqant:1
ਕਾਂਤਾ	kanta:6
ਕਾਂਤੀ	kaanti:1	kantee:1	kanti:1
ਕਾਂਸਟੇਬਲਾਂ	constablan:3
ਕਾਂਸ਼ੀ	kanshi:3
ਕਾਂਸਾ	kansa:3
ਕਾਂਸੀ	kansi:3
ਕਾਂਸੇ	kanse:3
ਕਾਅਬੇ	kaabe:2	kaaabe:1
ਕਾਇਆ	kaaiaa:1	kaiaa:1	kaiya:1
ਕਾਇਦਾ	kaida:3	kaaida:2	kaaidaa:2	kaaeda:1
ਕਾਇਦੇ	kaaide:1	kaide:1	kaiede:1
ਕਾਇਨਾਤ	kaainaat:1	kaeenat:1	kainaat:1	kayinat:1
ਕਾਇਨਾਤੀ	kaainaatee:1	kaeenati:1	kaenati:1	kainati:1
ਕਾਇਮ	kaim:3	kaaim:2	kaeem:1	kaem:1
ਕਾਇਮੀ	kaaimee:1	kaemi:1	kaimi:1
ਕਾਇਰਤਾ	kaairataa:1	kaeerata:1	kairta:1
ਕਾਇਰਾ	kaairaa:1	kaera:1	kayira:1	kayra:1
ਕਾਇਰੋ	kaairo:2	caairo:1	caira:1	cairo:1
ਕਾਇਲ	kaail:2	kael:2	kail:2	coal:1
ਕਾਈ	kai:2	kaaee:1	kaayi:1	kaii:1
ਕਾਈਟ	kite:3	kaayit:1
ਕਾਈਲ	kaaeel:1	kael:1	kayil:1
ਕਾਉਂਕੇ	kaaunke:1	kaunke:1	kionke:1
ਕਾਉਂਟੀ	county:4	counti:1	countii:1	kounti:1
ਕਾਉਂਸਿਲ	cauncil:1	concil:1	council:1
ਕਾਉਣੀ	kauni:1	kaunnee:1	kaunni:1
ਕਾਊਂਟ	count:3
ਕਾਊਂਸਲ	council:2	counsel:1
ਕਾਕ	kaak:3	coke:1	kak:1
ਕਾਕਟੇਲ	cocktail:3	cocktel:1	cocqtail:1	coktail:1
ਕਾਕਸ	caucus:1	caukas:1	kaukas:1
ਕਾਕਾ	kaka:4	kaakaa:2	kakaa:1	qaqa:1
ਕਾਕੀ	kaaki:2	kaakee:1	kaki:1
ਕਾਕੂ	kaakoo:1	kaaku:1	kaku:1
ਕਾਕੇ	kaake:2	kake:1
ਕਾਕੇਸ਼ਸ	caucasas:1	caucashash:1	caucashush:1	caucasus:1
ਕਾਕੋਦਕਰ	kaakodakar:1	kakodakar:1	kakodkar:1
ਕਾਕੋਰੀ	kaakoree:2	kakori:1
ਕਾਕੜਾ	kaakada:1	kaakadaa:1	kaakda:1
ਕਾਗ	kaag:3
ਕਾਗਜ	kaagaj:3
ਕਾਗਜ਼	kaagaz:3
ਕਾਗਜ਼ਾਂ	kaagazaan:2	kaagazan:1
ਕਾਗਜ਼ਾਤ	kaagzaat:2	kaagzat:1
ਕਾਗਜ਼ੀ	kaagazee:2	kaagazi:1
ਕਾਗਜੀ	kaagajee:2	kaagaji:1
ਕਾਗਤਾਂ	kaagatan:2	kaagataan:1
ਕਾਗਰਸ	kaagras:2	kaagaras:1
ਕਾਗ਼ਜ਼	kaagaz:3
ਕਾਗ਼ਜ਼ਾਂ	kaagazaan:2	kaagazan:1
ਕਾਜ	kaaj:2	kaj:1
ਕਾਜਰ	kaajar:2	kajar:1
ਕਾਜਲ	kaajal:3	kajal:2	qaajal:1	qajal:1
ਕਾਜ਼ਮੀ	kaazamee:2	kajmi:1	qazami:1
ਕਾਜ਼ੀਆਂ	kaazeeaan:1	kaazeean:1	kajiyan:1	qaazeean:1
ਕਾਜੀ	kaajee:2	kaji:1	qazee:1
ਕਾਜੂ	kaajoo:2	kaju:1
ਕਾਜੋਲ	kaajol:3	kajol:3	kaazol:1	kazol:1
ਕਾਟ	kaat:2	kat:1
ਕਾਟਨੇ	kaatane:2	katne:1
ਕਾਟਾ	kaata:2	kata:2	cata:1	ceta:1
ਕਾਟੀ	kaatee:2	kati:1
ਕਾਟੇ	kaate:2	kate:1
ਕਾਟੋ	kaato:2	kato:1
ਕਾਠ	kath:2	kaath:1	qath:1
ਕਾਠਮੰਡੂ	kathmandu:3	cathmandu:1	cathmanduu:1	kaathmndoo:1
ਕਾਠੀਆਂ	kaatheean:1	kathiaan:1	kathiyan:1	qathiaan:1
ਕਾਠੀਆਵਾੜ	kaatheeaavaad:1	kaatheeaavar:1	kathiaavar:1	kathiaawar:1
ਕਾਡ	kaad:1	kad:1	kand:1	qand:1
ਕਾਢ	kad:2	kaadh:1	kadh:1	qadh:1
ਕਾਢਾਂ	kaadhan:1	kadan:1	kadhan:1	qadhan:1
ਕਾਣਾ	kana:2	kaanaa:1	qana:1
ਕਾਣੀ	kani:2	kaanee:1	qani:1
ਕਾਣੇ	kane:2	kaanae:1	qane:1
ਕਾਤਲ	katal:2	kaatal:1	qatal:1
ਕਾਤਲਾਂ	kaatlan:2	katlan:1
ਕਾਤਲਾਨਾ	kaatalaanaa:1	kaatlana:1	katlana:1
ਕਾਤਾਲਾਨ	catalan:1	catalun:1	catlan:1	catlun:1
ਕਾਤਿਲ	katil:2	kaatil:1
ਕਾਦਰ	kadar:2	kaadar:1
ਕਾਦਰਯਾਰ	kaadaryaar:1	kadaryar:1	kadryar:1
ਕਾਦਰੀ	kaadaree:1	kaadri:1	kadari:1	qadaree:1
ਕਾਦਿਰ	kadir:2	kaadir:1	qadir:1
ਕਾਦੀਆਂ	kaadeeaan:1	kadian:1	kadiyan:1
ਕਾਨ	kaan:3	kan:1
ਕਾਨਨ	kanan:2	kaanan:1
ਕਾਨਪੁਰ	kaanpur:3	kanpur:2	kanapura:1
ਕਾਨਫਰੰਸ	conference:2	conferenc:1
ਕਾਨਫਰੰਸਾਂ	conferenca:1	conferencan:1	kanfransan:1
ਕਾਨਫਰੰਸਿੰਗ	conferencing:3
ਕਾਨਫ਼ਰੰਸਾਂ	conferensan:2	conferencaan:1
ਕਾਨਵੇਂਟ	convent:2	covent:1
ਕਾਨਿਆਂ	kaaniaan:1	kanian:1	kaniyan:1
ਕਾਨੀ	kaanee:1	kaani:1	kani:1
ਕਾਨੂਨ	kanoon:2	kanun:1
ਕਾਨੂਨੀ	kanoonee:1	kanooni:1	kanuni:1
ਕਾਨੂੰਗੋ	kaanoongo:1	kannoogo:1	kanungo:1
ਕਾਨੂੰਨ	kannoon:1	kanoon:1	kanun:1
ਕਾਨੂੰਨਨ	kaanoonn:1	kaanunan:1	kanoonan:1
ਕਾਨੂੰਨਾਂ	kanoona:1	kanoonnan:1	kanunan:1
ਕਾਨੂੰਨੀ	kaanuni:1	kanoonee:1	kanooni:1
ਕਾਨੇ	kaane:2	kane:1
ਕਾਨੋ	kaano:2	kanou:1
ਕਾਨ੍ਹ	kaanah:1	kaanh:1	kanh:1
ਕਾਪਰਨੀਕਸ	kaparnikas:2	copperniks:1
ਕਾਪੀ	copy:2	kaapi:2	kapi:2	caapi:1
ਕਾਪੀਆਂ	copian:1	kapian:1	kapiya:1
ਕਾਪੀਰਾਈਟ	copyright:2	kapirait:1
ਕਾਪੜੀ	kaapdi:1	kapadi:1	kapdi:1
ਕਾਫਲੇ	kaafale:1	kafle:1	kaphle:1
ਕਾਫ਼ਰ	kafar:2	kaafar:1
ਕਾਫ਼ਰਾਂ	kafran:2	kaafaran:1
ਕਾਫ਼ਲਾ	kafla:2	kaafala:1
ਕਾਫ਼ਲਿਆਂ	kaflian:2	kaafaleyan:1
ਕਾਫ਼ਲੇ	kaafale:1	kaafle:1	kafle:1
ਕਾਫ਼ੀ	kafi:4	kaafi:2
ਕਾਫ਼ੀਆਂ	kafian:2	kafiaan:1
ਕਾਫੀ	kaafi:2	kafi:2	kaphi:2	caffee:1
ਕਾਫੀਆ	kafia:1	kafiaa:1	kaphia:1
ਕਾਫੀਆਂ	kafiaan:1	kafian:1	kaphian:1
ਕਾਬਜ	kabaj:3
ਕਾਬਜ਼	kabaz:3
ਕਾਬਲ	kabal:3
ਕਾਬਲੀ	kaabalee:1	kaabli:1	kabali:1
ਕਾਬਲੀਅਤ	kaabaleeat:1	kabaliat:1	kabliat:1
ਕਾਬਲੇ	kaabale:1	kaable:1	kabale:1
ਕਾਬਾ	kaba:3	kaabaa:2	kaaba:1	qaaba:1
ਕਾਬਿਲ	kabil:3	kaabil:1
ਕਾਬੁਲ	kabul:4	kaabal:1	kaabul:1	kabal:1
ਕਾਬੁਲੀ	kabuli:2	kaabulee:1
ਕਾਬੂ	kabu:2	kaaboo:1	kaboo:1
ਕਾਮ	kam:10	kaam:4	kama:1
ਕਾਮਗਾਰ	kaamgaar:1	kaamgar:1	kamgar:1
ਕਾਮਥ	kamath:2	kaamath:1
ਕਾਮਦੇਵ	kamdev:2	kaamdev:1
ਕਾਮਨ	coman:1	comman:1	common:1	commun:1
ਕਾਮਨਜ਼	commons:2	kaamanaz:1	kamanaz:1
ਕਾਮਨਵੈਲਥ	commonwealth:3
ਕਾਮਨਸ	commons:3	kaamanas:1
ਕਾਮਨਾ	kaamna:1	kaamnaa:1	kamana:1
ਕਾਮਨਾਵਾਂ	kaamnaavan:1	kamanavan:1	kamnawan:1
ਕਾਮਯਾਬ	kaamyaab:1	kaamyab:1	kamayab:1
ਕਾਮਯਾਬੀ	kaamyabee:1	kamayabi:1	kamyabi:1
ਕਾਮਰਸ	commerce:1	kamaras:1	kamras:1
ਕਾਮਰਾਨ	camran:1	kaamran:1	kamaran:1	kamraan:1
ਕਾਮਰੂਪ	kaamroop:2	kamrup:1
ਕਾਮਲ	kaamal:1	kaaml:1	kamal:1
ਕਾਮਸੂਤਰ	kaamsootar:1	kamasutra:1	kamsutar:1
ਕਾਮਾ	kama:2	coma:1	comma:1	couma:1
ਕਾਮਾਂ	kaaman:1	kamaan:1	kaman:1
ਕਾਮਾਗਾਟਾ	kamagata:3
ਕਾਮਾਗਾਟਾਮਾਰੂ	kamagatamaroo:1	kamagatamaru:1	komagatamaru:1
ਕਾਮਿਆਂ	kaamiaan:2	kamiaan:2	kamian:2
ਕਾਮਿਕ	comic:1	comik:1	comiq:1	kamik:1
ਕਾਮਿਕਸ	comics:1	comicsh:1	komics:1	komicsh:1
ਕਾਮਿਨੀ	kamini:4	kiamani:2	kaminee:1	qiamani:1
ਕਾਮੀ	kaamee:1	kaami:1	kami:1
ਕਾਮੀਆਂ	kaameeaan:1	kamiaan:1	kamian:1
ਕਾਮੁਕ	kaamuk:1	kamuak:1	kamuk:1
ਕਾਮੁਕਤਾ	kaamuktaa:1	kamukata:1	kamukta:1
ਕਾਮੂ	kaamoo:1	kamoo:1	kamuu:1
ਕਾਮੇ	kaame:2	kame:1
ਕਾਮੇਡੀ	comedy:3	kaamedi:1	kamedee:1	kamedi:1
ਕਾਰ	car:7	kaar:3	kar:3	qar:2
ਕਾਰਕ	karak:2	kaarak:1
ਕਾਰਕਾਂ	karkan:2	kaarkan:1
ਕਾਰਕੁਨ	kaarkun:1	karkoon:1	karkun:1
ਕਾਰਖ਼ਾਨਾ	karkhana:2	kaarkhana:1
ਕਾਰਖ਼ਾਨੇ	karkhane:2	kaarkhane:1
ਕਾਰਖਾਨਾ	karkhana:2	carkhana:1
ਕਾਰਖਾਨਿਆਂ	karkhanian:2	kaarkhaniyan:1
ਕਾਰਖਾਨੇ	kaarkhane:2	karkhane:1
ਕਾਰਗਰ	kargar:2	kaarger:1
ਕਾਰਗਾਰ	kargaar:2	karagar:1
ਕਾਰਗਿਲ	kargil:5	kaargil:3	qaargil:2	qargil:2
ਕਾਰਗੁਜ਼ਾਰੀ	carguzari:1	karaguzari:1	karguzari:1
ਕਾਰਗੋ	cargo:2	kargo:2
ਕਾਰਜ	kaaraj:1	kagaj:1	karaj:1
ਕਾਰਜਕਰਤਾ	karajkarta:3
ਕਾਰਜਕਾਰਨੀ	karajkarani:1	karajkarini:1	karajkarni:1
ਕਾਰਜਕਾਰੀ	karajkari:3
ਕਾਰਜਕਾਲ	karajkal:3
ਕਾਰਜਪਾਲਿਕਾ	karajpalika:2	karjapalika:1
ਕਾਰਜਪ੍ਰਣਾਲੀ	karajpranali:1	karjapuknali:1	karjpranali:1
ਕਾਰਜਭਾਰ	karajbhar:2	karjabhar:1
ਕਾਰਜਵਾਹਕ	karajvahak:1	karajwahak:1	karjavahak:1
ਕਾਰਜਵਿਧੀ	karajvidhi:1	karajwidhi:1	karjavidhi:1
ਕਾਰਜਸ਼ੀਲ	karajsheel:2	karajshil:1
ਕਾਰਜਸ਼ੀਲਤਾ	karajsheelata:1	karajsheelta:1	karajshilta:1
ਕਾਰਜਸ਼ੈਲੀ	karajshaili:2	karajshaeli:1
ਕਾਰਜਾ	kaarja:1	karaja:1	karja:1
ਕਾਰਜਾਂ	kaarjan:1	karajaan:1	karjan:1
ਕਾਰਜੀ	carji:1	karaji:1	karji:1
ਕਾਰਟਰ	carter:3	kartar:2	caarter:1	cartar:1
ਕਾਰਟਾ	carta:1	kaarta:1	qaarta:1
ਕਾਰਟੂਨ	cartoon:4	carton:1	cartun:1	kartoon:1
ਕਾਰਟੂਨਾਂ	cartoonan:2	kartunan:1
ਕਾਰਟੂਨਿਸਟ	cartoonisht:1	cartoonist:1	cartunist:1	kaartoonisht:1
ਕਾਰਡ	card:4	carad:1	karan:1	kard:1
ਕਾਰਡਜ਼	cards:2	kardaj:1
ਕਾਰਡਾਂ	cardaan:1	kaardan:1	kardan:1
ਕਾਰਡਿਫ	kardif:3	cardif:1	cardiff:1	cardiph:1
ਕਾਰਣ	karan:3	kaaran:1
ਕਾਰਣਾਂ	kaarna:1	karanan:1	karnan:1
ਕਾਰਤਿਕ	kartik:4	kaartik:1	karthik:1	qaartiq:1
ਕਾਰਤੂਸ	kartoos:2	kartus:1
ਕਾਰਨ	karan:2	kaaran:1
ਕਾਰਨਵਾਲਿਸ	cornvalis:1	cornvallis:1	cornvallish:1	cornwalis:1
ਕਾਰਨਾ	kaarana:1	kaarna:1	karna:1
ਕਾਰਨਾਂ	karna:1	karnaan:1	karnan:1
ਕਾਰਨਾਮਾ	karnama:2	kaarnama:1
ਕਾਰਨਾਮਿਆਂ	karnamian:2	karnamiyan:1
ਕਾਰਨਾਮੇ	karname:2	karnaame:1
ਕਾਰਨੇਗੀ	carneegiee:1	carnegie:1	carnegiie:1	carnigie:1
ਕਾਰਪ	caarp:1	carp:1	kaarap:1	kaarp:1
ਕਾਰਪਸ	corpas:1	corpash:1	corpus:1	corpush:1
ਕਾਰਪੋਰੇਸ਼ਨਾਂ	corporationan:2	karporeshnan:1
ਕਾਰਬਨ	caarbon:1	carban:1	carbon:1	kaarbon:1
ਕਾਰਲ	kaaral:2	kaarl:1	karal:1	karl:1
ਕਾਰਲਸਨ	carlson:1	karlasan:1	karlson:1
ਕਾਰਲਾ	carla:3	kaarla:3	karla:3	kaarlaa:2
ਕਾਰਲੋ	carlo:1	karlo:1	karlou:1
ਕਾਰਲੋਸ	carlos:3	kaarlos:2	caarlos:1	carloos:1
ਕਾਰਵਾਂ	karvan:2	karavan:1	karwan:1
ਕਾਰਵਾਈ	karvai:2	karvayi:2	karwai:2
ਕਾਰਵਾਈਆਂ	kaarwaian:1	karvaian:1	karvaiyan:1
ਕਾਰਸਨ	carson:2	carshon:1	carshun:1	carsun:1
ਕਾਰਸੀਨੋਮਾ	karsinoma:2	carsinoma:1
ਕਾਰਸੇਵਾ	karseva:2	carsewa:1
ਕਾਰਾ	kaaraa:2	kara:2	qaaraa:2	qara:2
ਕਾਰਾਂ	karan:3	karaan:1	qaran:1
ਕਾਰਿਆਂ	kariaan:1	karian:1	kariyan:1	qariaan:1
ਕਾਰੀ	kari:4	qari:1
ਕਾਰੀਗਰ	karigar:3	qarigar:1
ਕਾਰੀਗਰਾਂ	karigaran:3	qarigaran:1
ਕਾਰੀਗਰੀ	karigari:2	kareegari:1	qarigari:1
ਕਾਰੂ	karu:2	karun:1	qarun:1
ਕਾਰੋਬਾਰ	karobar:3	qarobar:1
ਕਾਰੋਬਾਰਾਂ	karobaran:3	qarobaran:1
ਕਾਰੋਬਾਰੀ	karobari:3	qarobari:1
ਕਾਲ	kaal:4	kal:4	caall:1	cal:1
ਕਾਲਕਾ	kalka:3
ਕਾਲਕੀ	kalki:3
ਕਾਲਖ	kalakh:2	kalkh:1	qalakh:1
ਕਾਲਖ਼	kalakh:1	kalakkh:1	kalkh:1	qalaqqh:1
ਕਾਲਜ	college:2	kalaj:1	qalaj:1
ਕਾਲਜਾ	kalja:2	kalaja:1	qalja:1
ਕਾਲਜਾਂ	collegan:1	kalajan:1	kaljan:1	qalajan:1
ਕਾਲਜੇ	kalje:2	kalaje:1	qalje:1
ਕਾਲਪਨਿਕ	kalpanik:3	qalpaniq:1
ਕਾਲਮ	kalam:2	column:1
ਕਾਲਰ	caller:2	collar:2	kalar:2	caler:1
ਕਾਲਵੰਡ	kalvand:2	kalwand:2	qalvand:1	qalwand:1
ਕਾਲਸ	kalas:3	qalas:1
ਕਾਲ਼	kaal:1	kall:1	qall:1
ਕਾਲ਼ਾ	kala:1	kalaa:1	kalla:1	qalla:1
ਕਾਲ਼ੀ	kaali:2	kalli:1	qalli:1
ਕਾਲ਼ੀਆਂ	kalian:1	kaliyan:1	kalliaan:1	qalliaan:1
ਕਾਲ਼ੇ	kale:2	kaley:1	kalle:1	qalle:1
ਕਾਲਾ	kala:3	qala:1
ਕਾਲਾਂ	kaalan:1	kalaan:1	kalan:1	qalan:1
ਕਾਲਾਂਤਰ	kalantar:2	kalanter:1	qalantar:1
ਕਾਲਿਆਂ	kaliaan:1	kalian:1	kaliyan:1	qaliaan:1
ਕਾਲਿਕ	kalik:3	qaliq:1
ਕਾਲਿਕਾ	kalika:2	kaalika:1	qaliqa:1
ਕਾਲੀ	kali:5	qali:3	cali:1	cauli:1
ਕਾਲੀਆ	kalia:2	kaliaa:2	kaliya:2	qaliaa:2
ਕਾਲੀਆਂ	kaliaan:2	kalian:2	qaliaan:2	kalia:1
ਕਾਲੀਕਟ	calicut:2	kalikat:2
ਕਾਲੀਦਾਸ	kalidas:2	kalidaas:1	qalidas:1
ਕਾਲੀਨ	kaleen:2	kalin:1	qalin:1
ਕਾਲੂ	kalu:2	kaalu:1	qalu:1
ਕਾਲੇ	kale:3	kaley:1	qale:1
ਕਾਲੇਜ	kalej:2	college:1	qalej:1
ਕਾਲੇਪਾਣੀ	kalepani:3	qalepani:1
ਕਾਲੇਬ	kaleb:3	caleb:1
ਕਾਲੈ	kalae:1	kalai:1	kalei:1	qalai:1
ਕਾਲੋਕੇ	kaloke:3	qaloqe:1
ਕਾਲੋਨੀ	coaloni:1	coalony:1	coloani:1	coloany:1
ਕਾਵ	kav:2	kaav:1	kaw:1	qav:1
ਕਾਵਯ	kavay:2	kavya:1	kaway:1	qavay:1
ਕਾਵਾਂ	kavan:2	kavaan:1	kawan:1	qavan:1
ਕਾਵਿ	kavi:4	kawi:1	qavi:1	qawi:1
ਕਾਵਿਕ	kavik:3	kawik:1	qaviq:1	qawiq:1
ਕਾਵਿਧਾਰਾ	kavidhara:3	kawidhara:1	qavidhara:1	qawidhara:1
ਕਾਵਿਮਈ	kavimayi:2	kavimaee:1	kawimaee:1	qavimaee:1
ਕਾਵੂਰ	kavur:2	kavoor:1	kawur:1	qavur:1
ਕਾਵੇਰੀ	kaveri:3	kaweri:1	qaveri:1	qaweri:1
ਕਾਸਗੰਜ	congress:1	kaasaganj:1	kasganj:1
ਕਾਸਤਰੋ	cashtaro:1	cashtero:1	cashtro:1	cashturo:1
ਕਾਸਮੈਟਿਕ	cosmaaetik:1	cosmaetic:1	cosmaetik:1	cosmaetiq:1
ਕਾਸਲ	kaasal:2	kasal:1
ਕਾਸ਼	kaash:2	kash:1
ਕਾਸ਼ਤਕਾਰ	kaashatkaar:1	kashatakaar:1	kashtkar:1
ਕਾਸ਼ਤਕਾਰਾਂ	kaashatakaran:1	kaashatkaraan:1	kashtkaran:1
ਕਾਸ਼ਨੀ	kaashanee:1	kaashani:1	kashni:1
ਕਾਸ਼ੀ	kashi:2	cashhi:1	cashhy:1	cashi:1
ਕਾਸ਼ੀਪੁਰ	kashipur:2	kaasheepur:1
ਕਾਸਾ	kaasa:1	kaasaa:1	kasa:1
ਕਾਸਿਦ	kaasid:2	kasid:1
ਕਾਸਿਮ	kaasim:2	kasim:1
ਕਾਸੀ	kasi:2	kaasee:1
ਕਾਸੇ	kaase:2	kase:1
ਕਾਹਤੋਂ	kaahaton:2	kahtoun:1
ਕਾਹਦਾ	kaahada:1	kaahadaa:1	kahda:1
ਕਾਹਦੇ	kaahade:2	kahde:1
ਕਾਹਨ	kaahan:2	kahan:1
ਕਾਹਨਗੜ੍ਹ	kaahanagarh:1	kaahangadah:1	kahangarh:1
ਕਾਹਨਾ	kaahana:1	kaahanaa:1	kahana:1
ਕਾਹਨੂੰਵਾਨ	kaahanoonwaan:1	kaahanuvan:1	kaahnuvaan:1
ਕਾਹਰੀ	kaahari:2	kaaharee:1
ਕਾਹਲਾ	kaahala:1	kaahalaa:1	kahala:1
ਕਾਹਲੀ	kaahalee:1	kaahali:1	kahali:1
ਕਾਹਿਰਾ	kaahira:1	kaahiraa:1	kahira:1
ਕਾਹੇ	kaahe:2	kahe:1
ਕਾੱਰਵਾਈ	karrvayi:1	karvahi:1	karwai:1
ਕਿ	ki:4	ke:1
ਕਿਆ	kia:5	kiya:3
ਕਿਆਮਤ	keyamat:1	kiaamat:1	kiamat:1	kiyamat:1
ਕਿਆਸ	kiaas:1	kias:1	kyas:1
ਕਿਉ	kiu:8	kiyu:2	kyu:1
ਕਿਉਂ	kioun:1	kiun:1	kyun:1
ਕਿਉਂਕਿ	kiunki:2	kiounki:1	kyunki:1
ਕਿਉਂਕੀ	kiunki:3	kyunki:2	kiounki:1
ਕਿਉਂਕੇ	kiounke:1	kiunke:1	kyunke:1
ਕਿਉਕਿ	kiuki:4	kiyuki:2	kyuki:2
ਕਿਉਕੀ	kiuki:2	kiyuki:1
ਕਿਊ	kiu:2	kyu:2	kiou:1	kyuu:1
ਕਿਊਂ	kioon:1	kioun:1	kyun:1
ਕਿਊਂਕਿ	kiunki:2	kiouunki:1	kyunki:1
ਕਿਊਕਿ	kyuki:2	kiouki:1	kiuki:1
ਕਿਊਬਾ	cuba:3	kiouba:1	kiuba:1	kuba:1
ਕਿਊਬਿਕ	cubic:2	kioubik:1	kyoobik:1	kyubik:1
ਕਿਊਬੈਕ	kiuback:2	cubec:1	kioubaik:1
ਕਿਊਰੀ	curie:1	kiiuree:1	kiouri:1	kiuree:1
ਕਿਊੰ	kiun:1	kiyu:1	kyun:1
ਕਿਓ	kiu:4	keo:1	kio:1	kyo:1
ਕਿਓਂਕਿ	kionki:1	kiounki:1	kyonki:1
ਕਿਓਕਿ	keoki:1	kioko:1	kiuki:1	kyoki:1
ਕਿਚਨਰ	kichanar:2	kitchener:1
ਕਿਚਲੂ	kichalu:2	kichloo:1
ਕਿਛ	kichh:2	kich:1
ਕਿਛੁ	kichhu:2	kichu:1
ਕਿਟੀ	kittee:1	kittii:1	kitty:1	kity:1
ਕਿਣਕਿਆਂ	kindiyan:1	kinkeaan:1	kinkiaan:1	qinqiaan:1
ਕਿਤਨਾ	kitna:3	qitna:1
ਕਿਤਨੀ	kitani:1	kitnee:1	kitni:1	qitani:1
ਕਿਤਨੇ	kitne:2	kitane:1	qitane:1
ਕਿਤਾ	kita:5	qita:1
ਕਿਤਾਬ	kitab:4	qitab:2	kitaab:1
ਕਿਤਾਬਚਾ	kitaabcha:1	kitabacha:1	kitabcha:1	qitabacha:1
ਕਿਤਾਬਾ	kitaba:2	kitaaba:1	qitaba:1
ਕਿਤਾਬਾਂ	kitaban:2	kitaabaan:1	qitaban:1
ਕਿਤਾਬੀ	kitabi:2	kitaabee:1	qitabi:1
ਕਿਤਾਬੇ	kitabe:2	kitaabe:1	qitabe:1
ਕਿਤੀ	kiti:2	kitee:1	qiti:1
ਕਿਤੇ	kite:2	kitey:1
ਕਿਤੋਂ	kiton:3
ਕਿਥੇ	kithe:4
ਕਿਥੋਂ	kithon:3
ਕਿਧਰੇ	kidhre:3	kidhare:2
ਕਿਧਰੋਂ	kidhron:2	kidharon:1
ਕਿਨ	kin:6	qin:2	ckeen:1	ckiin:1
ਕਿਨਾਰਾ	kinara:3
ਕਿਨਾਰਿਆਂ	kinariaan:1	kinarian:1	kinariyan:1
ਕਿਨਾਰੀ	kinari:3
ਕਿਨਾਰੀਆਂ	kinariaan:1	kinarian:1	kinariyan:1
ਕਿਨਾਰੇ	kinare:5
ਕਿਨੌਰ	kinaur:1	kinnaur:1	kinnor:1	kinor:1
ਕਿਨ੍ਹਾਂ	kinhan:3
ਕਿਪਲਿੰਗ	kipling:3	cipling:2
ਕਿਫ਼ਾਇਤੀ	kifaaeetee:1	kifaiti:1	kifayati:1
ਕਿਫਾਇਤੀ	kifaiti:2	kiphaaeetee:1
ਕਿਮ	kim:4	kima:1	qim:1
ਕਿਮੀ	kimi:2	kimee:1
ਕਿਮੋਨੋ	kimono:1	kimoonoo:1	qimono:1
ਕਿਯਾ	kiya:2	kiyaa:1
ਕਿਰਕ	kirak:3	kark:1	kirk:1
ਕਿਰਕੁਕ	kirakuk:1	kirkuk:1	kirkur:1
ਕਿਰਗਿਸਤਾਨ	kiragisatan:1	kirgistaan:1	kirgistan:1
ਕਿਰਣਾਂ	kirana:1	kiranaan:1	kiranan:1
ਕਿਰਤ	kirat:3
ਕਿਰਤਾਂ	kiratan:2	kirtaan:1
ਕਿਰਤੀ	kirati:2	kirtee:1
ਕਿਰਤੀਆਂ	kiratiaan:1	kiratiyan:1	kirteeaan:1
ਕਿਰਦਾਰ	kiradaar:1	kirdaar:1	kirdar:1
ਕਿਰਦਾਰਾਂ	kiradaran:1	kirdaaraan:1	kirdaran:1
ਕਿਰਦੀ	kiradi:2	kirdee:1
ਕਿਰਨ	kiran:5	keeran:1	qiran:1
ਕਿਰਨਮਈ	kiranmaee:1	kiranmai:1	kiranmayi:1
ਕਿਰਨਾ	kirana:1	kiranaa:1	kirna:1
ਕਿਰਨਾਂ	kirana:1	kiranan:1	kirnaan:1
ਕਿਰਪਾ	kirpa:2	kirapa:1
ਕਿਰਪਾਨ	kirpan:2	kirapaan:1
ਕਿਰਪਾਨਾਂ	kirpaanaan:1	kirpaanan:1	kirpanan:1
ਕਿਰਪਾਲ	kirpaal:2	kirpal:1
ਕਿਰਮ	kiram:3
ਕਿਰਮਚੀ	kirmachi:2	kiramchee:1
ਕਿਰਲਿਆਂ	kiraliaan:2	kirleya:1
ਕਿਰਲੀ	kirali:2	kiralee:1
ਕਿਰਲੀਆਂ	kiraleeaan:1	kiraliaan:1	kirliyan:1
ਕਿਰਲੇ	kirale:3
ਕਿਰਸਾਣੀ	kirsani:2	kirasaannee:1
ਕਿਰਸਾਨੀ	kirasaanee:1	kirsaani:1	kirsani:1
ਕਿਰਾਇਆ	kiraaiaa:1	kiraiaa:1	kiraya:1
ਕਿਰਾਏ	kiraae:1	kirae:1	kiraye:1
ਕਿਰਾਏਦਾਰ	kiraaedaar:1	kiraedaar:1	kirayedar:1
ਕਿਰਾਏਦਾਰਾਂ	kiraaedaraan:1	kiraedaaran:1	kirayedaran:1
ਕਿਰਿਆ	kiriaa:2	kiriya:1	kirya:1	kiryaa:1
ਕਿਰਿਆਤਮਕ	kiriaatamak:1	kiriaatmak:1	kiriyaatmak:1
ਕਿਰਿਆਵਾਂ	kiravan:1	kiriaavan:1	kiriaawan:1
ਕਿਰਿਆਸ਼ੀਲ	kiriaasheel:2	kiryashil:1
ਕਿਰੇਜੀ	crazy:2	kirejee:1	kireji:1
ਕਿਰੋੜੀ	kirodi:2	kirodee:1
ਕਿਲ	keel:1	kiil:1	kil:1	kill:1
ਕਿਲਰ	ciler:1	cillar:1	ciller:1	ckilar:1
ਕਿਲਾ	kila:2	kilaa:1
ਕਿਲਿਆਂ	kiliaan:2	kileyan:1
ਕਿਲੇ	kile:3	kiley:1
ਕਿਲੇਦਾਰ	kiledaar:3	qiledaar:1
ਕਿਲੋ	kilo:3
ਕਿਲੋਗ੍ਰਾਮ	kilogram:4	kilograam:1	kiloograam:1	kiloogram:1
ਕਿਲੋਮੀਟਰ	kilometer:6	kiilomeetar:1	kiilomeeter:1	kiilometer:1
ਕਿਲ੍ਹਾ	kilha:3	kilah:1
ਕਿਲ੍ਹਾਨੁਮਾ	kilanuma:2	kilhanuma:2	kilahnuma:1
ਕਿਲ੍ਹਿਆਂ	kileyan:1	kilhiyan:1	killhiyan:1	killian:1
ਕਿਲ੍ਹੇ	kilhe:2	kile:1	kileh:1
ਕਿਲ੍ਹੇਦਾਰ	kihledaar:1	kilehdaar:1	kulehdaar:1	qilehdaar:1
ਕਿਵ	kiv:3	kiw:2	kev:1
ਕਿਵਾੜ	kivaadh:1	kivaar:1	kivaarh:1	kivar:1
ਕਿਵੇ	kive:3	kiwe:1
ਕਿਵੇਂ	kiven:6	kive:1	kiwe:1	kiwein:1
ਕਿਸ	kis:10	kiss:2
ਕਿਸਕੀ	kiski:2	kisaki:1
ਕਿਸਕੋ	kisko:2	kisako:1
ਕਿਸਦਾ	kisda:3
ਕਿਸਦੀ	kisdi:2	kisadi:1
ਕਿਸਮ	kisam:5
ਕਿਸਮਤ	kismat:4	kisamat:1
ਕਿਸ਼ਤ	kishat:4	kisht:1
ਕਿਸ਼ਤਵਾੜ	kishatwad:2	kishatavarh:1
ਕਿਸ਼ਤਾਂ	kishtan:2	kishatan:1
ਕਿਸ਼ਤੀ	kishti:2	kishati:1
ਕਿਸ਼ਤੀਆਂ	kishatiyan:1	kishtiaan:1	kishtian:1
ਕਿਸ਼ਨ	kishan:7
ਕਿਸ਼ਨਗੜ	kishangarh:2	kishanagarh:1	kishangad:1
ਕਿਸ਼ਮਿਸ਼	kishmish:2	kishamish:1
ਕਿਸ਼ਵਰ	kishwar:2	kishavar:1
ਕਿਸ਼ੋਰ	kishor:2	kishore:1
ਕਿਸ਼ੋਰੀ	kishori:3
ਕਿਸਾ	kisa:2	kissa:1
ਕਿਸਾਨ	kisaan:7	kisan:2
ਕਿਸਾਨਾ	kisana:3
ਕਿਸੀ	kisi:3
ਕਿਸੇ	kise:5
ਕਿਹ	kih:10	kis:2	keh:1
ਕਿਹਰ	kihar:2	kehar:1
ਕਿਹਾ	kiha:5	keha:1
ਕਿਹੇ	kihe:2	kehe:1
ਕਿਹੋ	kiho:2	keho:1
ਕਿਹੜਾ	kehada:2	kihda:2	keharha:1	kihada:1
ਕਿਹੜੀ	kehadi:2	kihdi:2	keharhi:1	kihadee:1
ਕਿਹੜੀਆਂ	kehadiyan:1	keharhiyan:1	kehdian:1	kihadeeaan:1
ਕਿਹੜੇ	kihde:2	kehade:1	keharhe:1	kihade:1
ਕਿੰਗਕਾਂਗ	kingkong:3
ਕਿੰਗਜ਼	kings:2	kingaj:1	kingaz:1
ਕਿੰਗਡਮ	kindom:1	kingdam:1	kingdom:1	kingdum:1
ਕਿੰਗਫਿਸ਼ਰ	kingfisher:4	kingfeser:1	kingfeshar:1	kingfesher:1
ਕਿੰਗਸ	kings:4	kinggs:1	kingsh:1	qings:1
ਕਿੰਗਸਟਨ	kingston:3
ਕਿੰਝ	kinjh:3
ਕਿੰਡਰਗਾਰਟਨ	cindargarten:1	cindergarten:1	cindurgarten:1	kindargarten:1
ਕਿੰਤੂ	kintu:3	kintoo:2
ਕਿੰਨਰ	kinnar:2	kinner:1	kinnr:1
ਕਿੰਨਰਾਂ	kinnaran:1	kinnra:1	kinnran:1	kinra:1
ਕਿੰਨਾ	kinna:8
ਕਿੰਨਾਂ	kinna:2	kinnan:1
ਕਿੰਨੀ	kinni:3	kinny:1
ਕਿੰਨੀਆਂ	kinniyan:4	kinneeyan:2	kinneean:1	kinneeya:1
ਕਿੰਨੂ	kinnu:3	kinnoo:1	kinu:1
ਕਿੰਨੇ	kinne:3	kine:1	kinney:1
ਕਿੰਨ੍ਹਾਂ	kinnah:2	kinnanh:1
ਕਿੱਕਰ	kikkar:3
ਕਿੱਕਰਾਂ	kikkaran:2	kikkaraan:1
ਕਿੱਕਲੀ	kikkali:2	kikklee:1
ਕਿੱਟ	kitt:3	kit:1	qit:1
ਕਿੱਟੂ	kittu:2	kittoo:1
ਕਿੱਤਾ	kitta:2	kita:1	qitta:1
ਕਿੱਤਾਕਾਰੀ	kittakari:2	kitakari:1	qittaqari:1
ਕਿੱਤਾਮੁਖੀ	kittamukhee:1	kittamukhi:1	qittamukhi:1
ਕਿੱਤਿਆਂ	kittiaan:2	kitiyan:1	qittiaan:1
ਕਿੱਤੀ	kiti:1	kittee:1	kitti:1	qitti:1
ਕਿੱਤੇ	kitte:2	kite:1
ਕਿੱਥੇ	kitthe:2	kithe:1
ਕਿੱਥੋ	kitho:2	kittho:2
ਕਿੱਥੋਂ	kitthon:4	kithon:1
ਕਿੱਧਰ	kiddhar:2	kidhar:1
ਕਿੱਧਰੇ	kiddhare:1	kiddhre:1	kidhre:1
ਕਿੱਲ	kill:3
ਕਿੱਲਾ	killa:2	killaa:1
ਕਿੱਲਿਆਂ	killeyan:1	killiaan:1	killian:1
ਕਿੱਲਿਆਂਵਾਲੀ	killeyanvali:1	killiaanwali:1	killianwali:1
ਕਿੱਲੀ	killi:3
ਕਿੱਲੇ	kille:3
ਕਿੱਲੋ	killo:3	kilo:1
ਕਿੱਸਾ	kissa:3
ਕਿੱਸਾਕਾਰਾਂ	kissakaran:3
ਕਿੱਸਾਕਾਰੀ	kissakari:3
ਕਿੱਸਿਆ	kisseya:1	kissia:1	kissiaa:1
ਕਿੱਸਿਆਂ	kisseyan:1	kissiaan:1	kissian:1
ਕਿੱਸੇ	kisse:3
ਕੀ	ki:4	kee:2	key:2	kii:2
ਕੀਆ	kiya:3	keeya:2	kia:2	kiaa:2
ਕੀਆਂ	keean:1	keeya:1	kian:1	kiyan:1
ਕੀਏ	keeye:3	kie:1	kiye:1
ਕੀਜੀਏ	keejeeye:1	keejiye:1	kijeeye:1	kijie:1
ਕੀਟ	keet:3	kit:1
ਕੀਟਨਾਸ਼ਕ	keetnashak:3	kitnashak:2	keetnaashak:1
ਕੀਟਨਾਸ਼ਕਾਂ	keetnashkan:2	kitnashakan:1	kitnashkan:1
ਕੀਟਸ	keats:1	keatsh:1	keatts:1	keattsh:1
ਕੀਟਾਣੂ	keetanu:2	kitanu:2
ਕੀਟਾਣੂਆਂ	keetanua:1	keetanuan:1	kitanuan:1	kitanuyan:1
ਕੀਤ	keet:3	ckeeta:1	ckiita:1	ckiitt:1
ਕੀਤਾ	keeta:3	kita:1
ਕੀਤੀ	keeti:2	keetti:1	kiti:1	kitti:1
ਕੀਤੀਆ	keeteya:1	keetiya:1	keettiaa:1	kitiya:1
ਕੀਤੀਆਂ	keeteyan:2	keetiyann:2	keetiaan:1	keettiaan:1
ਕੀਤੇ	keete:3	kite:2
ਕੀਤੋ	keeto:2	keetoh:1	kito:1	kitoh:1
ਕੀਥ	keith:2	keeb:1	keeth:1	keiith:1
ਕੀਨ	keen:3	kin:2
ਕੀਨੀਆ	keeneya:1	keenniaa:1	keniya:1	kenya:1
ਕੀਪਰ	keepar:1	keeper:1	kiipar:1	kiiper:1
ਕੀਬੋਰਡ	keeboard:3	keyboard:3	kibord:2	kiiboard:1
ਕੀਮ	keem:3	cheem:1
ਕੀਮਤ	keemat:3	keemt:1
ਕੀਮਤਾ	keemta:3
ਕੀਮਤਾਂ	keemtan:3
ਕੀਮਤੀ	keemtee:2	keemti:2	keemati:1
ਕੀਮਾ	keema:3	keemaa:1
ਕੀਮੋਥੈਰੇਪੀ	chemotherapy:2	keemotherepy:1
ਕੀਯਾ	keeya:3	kiya:1
ਕੀਰਤ	keerat:3	kirat:2	keert:1
ਕੀਰਤਨ	keertan:3	kirtan:1
ਕੀਰਤਨੀ	keeratni:1	keertanee:1	keertnee:1	keertni:1
ਕੀਰਤਨੀਆਂ	keeratneeyan:1	keeratniyan:1	keertanian:1	keertniyaa:1
ਕੀਰਤਨੀਏ	keeratneeye:2	keertaniye:2	keertniye:2
ਕੀਰਤਪੁਰ	keeratpur:3	kiratpur:3
ਕੀਰਤੀ	keertee:2	kirti:2	keeratee:1	keerati:1
ਕੀਰਤੀਮਾਨ	keertimaan:3	kirtimaan:2
ਕੀਰਨਾ	keerna:3
ਕੀਰਨਿਆਂ	keerneyaa:1	keerneyan:1	keernian:1	keerniyan:1
ਕੀਰਨੇ	keerne:3
ਕੀਲ	keel:4	kiil:1	kiill:1	kil:1
ਕੀਵ	keev:3	keew:1	kiv:1
ਕੀਵਰਡ	keyvord:1	keyword:1	kyvord:1	kyword:1
ਕੀਵੀ	kiwi:4	keewee:3	keevi:2	keewi:2
ਕੀਹ	keeh:2	keh:1	key:1	kih:1
ਕੀਹਨੇ	kihne:2	keehne:1
ਕੀੜਾ	keeda:2	keera:2	keerha:2
ਕੀੜਿਆਂ	keedeyan:1	keedhiyan:1	keereyan:1	keerheyaa:1
ਕੀੜੀ	keeri:3	keedee:2	keerhee:2	kidi:2
ਕੀੜੀਆਂ	keedeyan:1	keereeyan:1	keereyan:1	keerheeyaa:1
ਕੀੜੇ	keede:3	keere:3	keerhe:2	kide:2
ਕੀੜੇਮਾਰ	keeremaar:2	keerhemaar:2	keedemaar:1
ਕੁਆਰ	kuaar:2	kuar:2
ਕੁਆਰਕ	kuaarak:1	kuarak:1	kuark:1
ਕੁਆਰਟਰ	kuartar:2	quarter:2
ਕੁਆਰਟਰਾਂ	kuartraa:1	kuartran:1	quartran:1
ਕੁਆਰੀ	kuari:2	kuaaree:1	kuaari:1	kuaree:1
ਕੁਆਰੀਆਂ	kuaareeyan:2	kuarian:2	kuariyaa:2	kuariyan:2
ਕੁਆਰੇ	kuare:2	kuaare:1
ਕੁਆਲਟੀ	quality:3	kuality:2	kualiity:1	kualitee:1
ਕੁਆਲਾਲੰਪੁਰ	kualalampur:2	kualalumpur:1
ਕੁਆਲਿਟੀ	quality:2	kuality:1	kualtee:1
ਕੁਆਲੀਫਾਇੰਗ	kualifying:3	qualifying:3	kualifaing:1	kvalifaing:1
ਕੁਆਲੀਫਾਈ	qualify:2	kualify:1	kualifyee:1
ਕੁਇਜ਼	kuiz:1	kvij:1	kviz:1	kwij:1
ਕੁਈ	kuee:3	kui:3	quee:1
ਕੁਈਨ	queen:3	kueen:1	kuin:1	kuyeen:1
ਕੁਈਨਜ਼	queens:3	queenz:2	kueens:1
ਕੁਈਨਜ਼ਲੈਂਡ	queensland:3	queenzland:2
ਕੁਐਸਟ	cueshte:1	cueste:1	kueasht:1	kueast:1
ਕੁਕਨੂਸ	kuknoos:2	cooknoos:1	kuknus:1	kuknuus:1
ਕੁਕਰਮ	kukaram:3	kukram:1
ਕੁਕਰਮਾਂ	kukarman:2	kukaraman:1
ਕੁਕੂ	kukku:1	kukoo:1	kuku:1
ਕੁਕੜੀ	kukadi:1	kukarhee:1	kukari:1	kukdi:1
ਕੁਖੋ	kukho:3
ਕੁਖੋਂ	kukhon:3
ਕੁਚ	kuch:3
ਕੁਚਲ	kuchal:3
ਕੁਚਲਣ	kuchlan:2	kuchlanh:1
ਕੁਚਲੀ	kuchli:3	kuchali:1	kuchlee:1
ਕੁਚਲੇ	kuchle:3
ਕੁਛ	kuch:3
ਕੁਜ	kuj:3
ਕੁਝ	kujh:2	kugh:1
ਕੁਟ	kut:1	kutd:1	kutt:1
ਕੁਟਾਈ	kutayi:2	kudtaaee:1	kutayee:1
ਕੁਟਿਆ	kutiya:2	kudtiya:1	kutteya:1
ਕੁਟਿਲਨੀਤੀ	kutilneeti:2	kudtilneeti:1	kudtilniti:1	kutilniti:1
ਕੁਟੀਆ	kutiya:2	kudteeyaa:1	kudtia:1
ਕੁਟੰਬ	kutamb:3
ਕੁਤਬ	kutab:2	qutab:1
ਕੁਤਰ	kutar:3
ਕੁਤਰਨ	kutaran:2	kutran:2
ਕੁਤਰਾ	kutra:2	kutraa:1
ਕੁਤਰੇ	kutre:2	kutare:1
ਕੁਤੁਬ	kutub:3	qutub:1
ਕੁਦਰਤ	kudrat:2	kudarat:1
ਕੁਦਰਤੀ	kudarati:1	kudarti:1	kudratee:1
ਕੁਨੰਦ	kunand:3
ਕੁਪ	kup:2	coup:1
ਕੁਪੋਸ਼ਣ	kuposhan:2	kuposhanh:1
ਕੁਫ਼ਰ	kufar:2	kufhar:1
ਕੁਬੇ	kube:3	kubay:1
ਕੁਬੇਰ	kuber:3
ਕੁਮ	kum:3
ਕੁਮਲਾ	kumla:3	kumlaa:1
ਕੁਮਲਾਏ	kumlaye:3
ਕੁਮਾਰ	kumar:4	kumaar:2	kumara:1	qumaar:1
ਕੁਮਾਰੀ	kumari:4	kumaaree:1	kumaari:1	kumaarii:1
ਕੁਰ	kur:3
ਕੁਰਆਨ	kuraan:2	quran:2	kurean:1	kuryan:1
ਕੁਰਕਸ਼ੇਤਰ	kurakshetra:1	kurkshetar:1	kurukshetar:1
ਕੁਰਕੁਰੇ	kurkure:3	kurkurey:1
ਕੁਰਟ	kart:1	kurt:1	qart:1	qurt:1
ਕੁਰਤਾ	kurta:3
ਕੁਰਦ	kurad:3	kurd:1
ਕੁਰਦਿਸਤਾਨ	kurdistan:3
ਕੁਰਪਸ਼ਨ	kurpashan:2	corruption:1
ਕੁਰਬਾਨ	kurbaan:3	qurbaan:1
ਕੁਰਬਾਨੀ	kurbani:2	kurbaanee:1	qurbani:1
ਕੁਰਬਾਨੀਆਂ	kurbaneeyan:2	kurbaanian:1	kurbanian:1	qurbanian:1
ਕੁਰਲਾ	kurla:3	kurlaa:1
ਕੁਰਸੀ	kursee:3	kursi:2
ਕੁਰਸੀਆਂ	kursiyan:3	kurseeyan:1	kursiyaa:1
ਕੁਰਾਨ	quran:3	kuraan:2	kuran:2	koraan:1
ਕੁਰਾਨਾ	kurana:2	kuraana:1	kuraanaa:1
ਕੁਰਾਲੀ	kurali:2	kuraali:1
ਕੁਰੁ	kuru:3	kooru:1
ਕੁਰੂਕਸ਼ੇਤਰ	kurukshetar:2	kurukshetra:2	curuckchheetra:1	curuckchhetra:1
ਕੁਰੇ	kure:2	kurey:2	qure:1
ਕੁਰੈਸ਼ੀ	kuraishi:2	kureshi:2	qureshi:1
ਕੁਲ	kul:3	qul:1
ਕੁਲਕਰਣੀ	kulkarni:3
ਕੁਲਕਰਨੀ	kulkarni:3
ਕੁਲਗਾਮ	kulgaam:3
ਕੁਲਚਾ	kulcha:3
ਕੁਲਤਾਰ	kultaar:3
ਕੁਲਦੀਪ	kuldeep:3	kuldip:1
ਕੁਲਪਤੀ	kulpati:3
ਕੁਲਫ਼ੀ	kulfi:3	kulfee:1	kulphee:1	kulphi:1
ਕੁਲਬੀਰ	kulbeer:2	kulbir:2
ਕੁਲਭੂਸ਼ਨ	kulbhushan:3	kulbhooshan:1
ਕੁਲਰ	cooler:2	kular:2
ਕੁਲਰਾਜ	kulraj:3	kulraaj:2
ਕੁਲਵਿੰਦਰ	kulwinder:3	kulvinder:1
ਕੁਲਵੰਤ	kulwant:3
ਕੁਲਹਾੜੀ	kulhadi:3	kulhari:2	kulhaadi:1
ਕੁਲਾਰ	kulaar:3
ਕੁਲੀ	kulee:3	kuli:1
ਕੁਲੀਨ	kuleen:3
ਕੁਲੀਸ਼ਨ	kuleeshan:2	coalition:1	kulishan:1
ਕੁਲੈਕਟਰ	collector:3	colector:1	colektar:1	kalectar:1
ਕੁਵਾਰੀ	kuvaari:1	kuvaree:1	kuvari:1	kuwaari:1
ਕੁਵੇਲਾ	kuwela:2	kuvela:1	kuvelaa:1
ਕੁਵੇਲੇ	kuvele:3	kuwele:1
ਕੁਵੈਤ	kuvait:2	kuwait:2	quwait:2	kawaet:1
ਕੁਵੈਤੀ	kuvaiti:2	kuwaitee:1	kuwaiti:1
ਕੁਸਤੀ	kustee:3	kusti:2	kusatee:1	kusati:1
ਕੁਸਲ	kusal:3	kusl:1
ਕੁਸ਼	kush:4	kash:1	kus:1	kusha:1
ਕੁਸ਼ਤਾ	kushta:1	kushtaa:1	kushtan:1
ਕੁਸ਼ਤੀ	kushti:3	kushtee:2
ਕੁਸ਼ਤੀਆਂ	kushteeyan:1	kushtian:1	kushtiyaa:1	kushtiyaan:1
ਕੁਸ਼ਲ	kushal:3
ਕੁਸ਼ਲਤਾ	kushalta:3	kushalata:1
ਕੁਸ਼ਾਨ	kushaan:3	kushan:2
ਕੁਸ਼ਾਲ	kushaal:3	kushal:1
ਕੁਹਾੜਾ	kuhada:2	kuhadha:1	kuhara:1	kuharha:1
ਕੁਹਾੜੀ	kuhadi:2	kuharhee:1	kuharhi:1	kuhari:1
ਕੁੜਤਾ	kudta:2	kurhta:1	kurta:1
ਕੁੜਤੀ	kudtee:1	kurhtee:1	kurti:1
ਕੁੜਤੇ	kudte:1	kudtey:1	kurhte:1	kurte:1
ਕੁੜਮ	kudam:1	kuram:1	kurham:1
ਕੁੜਮਾ	kudma:2	kurhma:2	kurhama:1
ਕੁੜਮਾਂ	kudmaan:1	kurhmaan:1	kurhman:1
ਕੁੜਮਾਈ	kudmayi:3	kudhmaayi:1	kudmaai:1	kudmaayi:1
ਕੁੜਿਆਂ	kudiaan:1	kurhiyan:1	kuriyan:1
ਕੁੜੀ	kudi:3	kudee:2	kudhee:1	kurhee:1
ਕੁੜੀਆ	kudiya:2	kurheea:2	kurheeya:2	kuddiya:1
ਕੁੜੀਆਂ	kurheeyan:2	kuddiyan:1	kudeeyan:1	kudheeyan:1
ਕੁੜੀਏ	kudiye:4	kurheeye:2	kuddiye:1	kudeeye:1
ਕੁੜੇ	kurhe:2	kudae:1
ਕੁੜ੍ਹਤੀ	kudhti:2	kurhtee:1	kurti:1
ਕੁੜੱਤਣ	kudattan:3	kurattan:2	kudattanh:1	kudhattanh:1
ਕੁੰਗੀ	kungi:2	kungee:1
ਕੁੰਜ	kunj:3	koonj:1
ਕੁੰਜੀ	kunjee:3	kunji:3
ਕੁੰਜੀਆਂ	kunjeean:1	kunjeeyan:1	kunjia:1	kunjiaa:1
ਕੁੰਜੀਵਤ	kunjeevat:3	kunjivat:1
ਕੁੰਡ	kund:3
ਕੁੰਡਲ	kundal:3
ਕੁੰਡਲਨੀ	kundalini:2	kundalni:2	cundaliinii:1	cundalini:1
ਕੁੰਡਲਾਂ	kundlaan:2	kundlan:2	kundlaa:1
ਕੁੰਡਲੀ	kundli:2	kundali:1	kundlee:1
ਕੁੰਡਲੀਆਂ	kundaliyaan:1	kundleean:1	kundleeyan:1	kundliyan:1
ਕੁੰਡੀ	kundi:3	kundee:1
ਕੁੰਡੀਆਂ	kundeean:1	kundeeyan:1	kundiyaa:1	kundiyaan:1
ਕੁੰਡੇ	kunde:3	kundey:1
ਕੁੰਢਾ	kundha:2	kunda:1
ਕੁੰਤਕ	kuntak:3
ਕੁੰਤੀ	kunti:2	kuntee:1
ਕੁੰਦਨ	kundan:3
ਕੁੰਦਰਾ	kundra:3
ਕੁੰਬਲੇ	kumble:3
ਕੁੰਭ	kumbh:3
ਕੁੰਭਕਰਣ	kumbhkaran:2	kumbhkaranh:1
ਕੁੰਭਕਰਨ	kumbhkaran:3
ਕੁੰਵਰ	kunwar:3
ਕੁੱਕ	cook:3	kuk:2	kukk:2	cuk:1
ਕੁੱਕਰੀ	cookery:3	cookary:1	cooqery:1	cukery:1
ਕੁੱਕੂ	kukku:3	kukkoo:1
ਕੁੱਕੜ	kukkad:2	kukarh:1	kukkar:1	kukkarh:1
ਕੁੱਕੜੀ	kukkadi:1	kukkarhee:1	kukkarhi:1	kukkdi:1
ਕੁੱਖ	kukh:2	kukkh:1
ਕੁੱਖੋ	kukho:2	kukkho:1
ਕੁੱਖੋਂ	kukhon:2	kukkhon:1
ਕੁੱਛ	kucch:1	kuch:1	kuchch:1
ਕੁੱਜਾ	kujja:3
ਕੁੱਜੇ	kujje:3
ਕੁੱਝ	kuggh:1	kujh:1	kujjh:1
ਕੁੱਟ	kutt:3
ਕੁੱਟਣਾ	kuttna:2	kuttnha:1
ਕੁੱਟਦਾ	kutda:2	kuttda:1	kuttdaa:1
ਕੁੱਟਮਾਰ	kuttmaar:2	kuttdmaar:1	kuttmar:1
ਕੁੱਟਿਆ	kuttiya:2	kudtiya:1	kutteya:1
ਕੁੱਟੀ	kutti:2	kudtee:1	kuttee:1
ਕੁੱਤਾ	kutta:3
ਕੁੱਤਿਆ	kuttiya:2	kuttia:1
ਕੁੱਤਿਆਂ	kuttiyan:4	kuttian:2
ਕੁੱਤੀ	kutti:2	kutte:1	kuttee:1
ਕੁੱਤੇ	kutte:3
ਕੁੱਦ	kudd:2	kud:1
ਕੁੱਦੋਵਾਲ	kuddovaal:2	kuddowaal:1	kudowaal:1
ਕੁੱਪ	kupp:3
ਕੁੱਬ	kubb:3
ਕੁੱਲ	kul:2	kull:2
ਕੁੱਲਵਕਤੀ	kulvakti:2	kulwakti:2
ਕੁੱਲੀ	kulli:3	coolie:1	kullee:1
ਕੁੱਲੂ	kullu:3	kuloo:2	kulloo:1
ਕੁੱਸਾ	kussa:3
ਕੂ	koo:2	ku:2
ਕੂਕਾ	kooka:3
ਕੂਕਾਂ	kookan:2	kookaan:1
ਕੂਕਿਆਂ	kookiyan:2	kookiaan:1	kookian:1
ਕੂਕੇ	kooke:3
ਕੂਚਾ	koocha:3
ਕੂਟਨੀਤਕ	kootneetak:2	koodtneetak:1	kootnitak:1
ਕੂਟਨੀਤੀ	kootniti:2	koodtneetee:1
ਕੂਪਨ	coupan:1	coupon:1	couupan:1	couupon:1
ਕੂਪਰ	koopar:3	cooper:2	coopar:1	couper:1
ਕੂਲ	cool:3	kool:2
ਕੂਲਰ	coolar:1	cooler:1	koolar:1	kooler:1
ਕੂਲਾਂ	koolan:3	coolaan:1	koolaa:1
ਕੂਲਿੰਗ	cooling:3	kooling:3	coolin:1	culing:1
ਕੂਲੀ	coolie:2	kooli:1	kooly:1
ਕੂੜ	koodd:2	koodh:2	koorh:2
ਕੂੜਾ	koodha:2	koorha:2	kooda:1	koodda:1
ਕੂੜੇ	koorhe:2	koode:1	koodhe:1	kudhe:1
ਕੂੰ	koon:2	kooh:1
ਕੂੰਜਾਂ	koonjaa:1	koonjaan:1	koonjan:1	kunjaa:1
ਕੇ	ke:2	kay:1
ਕੇਂਦਰ	kendar:6	keendra:1	kendra:1	kendraa:1
ਕੇਂਦਰਤ	kendrat:3
ਕੇਂਦਰਾ	kendra:3
ਕੇਂਦਰਾਂ	kendran:3
ਕੇਂਦਰਿਤ	kendrit:3
ਕੇਂਦਰੀ	kendri:3
ਕੇਂਦਰੀਕ੍ਰਿਤ	kendrikrit:3
ਕੇਂਦ੍ਰਿਤ	kendrit:3
ਕੇਅਰ	care:2	kare:1	kear:1	keyar:1
ਕੇਈ	keyi:2	keyee:1
ਕੇਕੜੇ	kekde:2	kekrhe:2
ਕੇਜਰੀਵਾਲ	kejriwal:3
ਕੇਟ	kate:2	cat:1	cate:1
ਕੇਟਰਿੰਗ	catering:4	katering:2	cataring:1	cateering:1
ਕੇਟੀ	katee:2	ketee:2	catee:1	katie:1
ਕੇਡਰ	kedar:2	cadre:1
ਕੇਤਨ	ketan:3
ਕੇਤੀ	keti:2	ketee:1
ਕੇਤੂ	ketoo:1	kettu:1	ketu:1
ਕੇਦਰ	kedar:3
ਕੇਦਰੀ	kedari:2	kedree:1	kedri:1
ਕੇਦਾਰ	kedar:2	kedaar:1
ਕੇਦਾਰਨਾਥ	kedarnath:4	kedaarnaath:1	kedaarnaeth:1	kedaranath:1
ਕੇਦਾਰਾ	kedara:3
ਕੇਨ	cane:1	canee:1	kane:1	kanee:1
ਕੇਨਜ਼	canez:1	cans:1	kenaz:1	kenz:1
ਕੇਨਲ	kenal:2	canal:1
ਕੇਨੀ	keni:3	ceenny:1	cenni:1	cenny:1
ਕੇਨੇਡਾ	canada:3
ਕੇਬਲ	cable:3	kebal:1
ਕੇਬਲਾਂ	kebalaan:2	cablan:1
ਕੇਮਰੇ	camere:2	kemare:1
ਕੇਰ	kar:1	karr:1	keer:1	keerr:1
ਕੇਰਲ	keral:3	kerala:2	karela:1	kerela:1
ਕੇਰਲਾ	kerla:2	kerala:1	kerela:1
ਕੇਰੀ	keri:3	keree:2	cari:1	ceeri:1
ਕੇਰੇ	kere:3
ਕੇਲਿਆਂ	kaelian:1	keleyan:1	keliaan:1
ਕੇਲੇ	kele:3
ਕੇਵਲ	kewal:2	keval:1
ਕੇਵਿਨ	kevin:4	kewin:2	qevin:1
ਕੇਸ	kes:3	kays:1
ਕੇਸਕੀ	kesaki:1	keskee:1	keski:1
ਕੇਸਗੜ੍ਹ	kesgadh:1	kesgarh:1	kesgarhh:1
ਕੇਸਰ	kesar:3
ਕੇਸਰਾ	kesra:2	kesara:1
ਕੇਸਰੀ	kasari:1	kesaree:1	kesari:1	kesri:1
ਕੇਸ਼	kesh:3
ਕੇਸ਼ਵ	keshav:3
ਕੇਸ਼ਾਂ	keshan:2	keshaa:1	keshaan:1
ਕੇਸਾ	kesa:3	kesaa:1
ਕੇਸਾਂ	kesan:2	kesaa:1	kesaan:1
ਕੇਸੀ	kesee:3	kesi:3	casey:1	casi:1
ਕੇਸੋ	keso:3
ਕੇਹਾ	keha:3	kayha:1
ਕੇਹੀ	kehi:2	kayhee:1	kehee:1
ਕੈ	cai:1	kae:1	kai:1	ke:1
ਕੈਂਠਾ	kaintha:2	kainthaa:1	kentha:1
ਕੈਂਠੇ	kainthe:1	kanthey:1	kenthe:1
ਕੈਂਪ	camp:6
ਕੈਂਪਸ	campus:3
ਕੈਂਪਾਂ	campan:3	campa:1
ਕੈਂਬਰਿਜ	cambridge:3
ਕੈਂਬਰਿਜ਼	cambridge:3
ਕੈਂਬ੍ਰਿਜ	cambridge:3
ਕੈਂਸਰ	cancer:3
ਕੈਕਟਸ	cactus:3
ਕੈਕਸਟਨ	cacstan:2	kacstan:1	kakstan:1	kekstan:1
ਕੈਚ	catch:3	katch:1
ਕੈਟ	cat:4	catt:1	cet:1	cett:1
ਕੈਟਰਪਿਲਰ	caterpillar:2	catterpillar:1
ਕੈਟਰੀਨਾ	katrina:4	katreena:1	katriinaa:1	ketreena:1
ਕੈਟਾਗਰੀ	category:2	catagery:1	categori:1	categorii:1
ਕੈਟਾਲਾਗ	catalog:1	cataloge:1	cetalog:1	cetaloge:1
ਕੈਟੀ	ketty:2	catty:1	katie:1	katty:1
ਕੈਟੇਗਰੀਆਂ	categarian:1	categariyaan:1	categariyan:1	katagrian:1
ਕੈਡਮੀਅਮ	cadmium:3	kadmium:1
ਕੈਡੇਟ	cadet:4	kadet:1	kaedet:1
ਕੈਥਰੀਨ	catherine:1	cathreen:1	cathrin:1	kaithrin:1
ਕੈਥਲ	kaithal:3	cathal:1
ਕੈਥੀ	cathy:1	kaithi:1	kaithy:1	kethy:1
ਕੈਥੋਲਿਕ	catholic:4	catholics:1	catholiks:1	catholiqs:1
ਕੈਦ	kaid:2	qaid:2
ਕੈਦੀ	kaedi:1	kaidi:1	qaidi:1	quaidi:1
ਕੈਦੀਆਂ	qaidian:3	kaediyan:2	kaidiaan:2	kaideean:1
ਕੈਦੋਂ	qaidon:2	kadon:1	kaedon:1	kaiddon:1
ਕੈਨ	caen:1	cain:1	kaen:1	kain:1
ਕੈਨਨ	canon:3	kaenan:1	kainan:1
ਕੈਨਬਰਾ	canberra:2	canebra:1	kaenbra:1
ਕੈਨਰੀ	cannari:1	cannary:1	canneri:1	cannerii:1
ਕੈਨਵਸ	canvas:1	canvash:1	canwas:1	cenvass:1
ਕੈਨਾਬਿਸ	caannaabis:1	caannaaebis:1	cannabis:1	cannabish:1
ਕੈਨਾਲ	canal:2	kanal:1	kenaal:1
ਕੈਨਿੰਗ	canning:3	caning:1	kaening:1
ਕੈਨੇਡਾ	canada:3	kaeneda:2	canadaa:1	caneda:1
ਕੈਨੇਡੀ	kennedy:2	canady:1	caneda:1	kaeneda:1
ਕੈਨੇਡੀਅਨ	canadian:3	kaenedian:2	canadan:1	canadiian:1
ਕੈਨ੍ਸ	canes:1	cannes:1	cannesh:1	kannes:1
ਕੈਪਲਰ	keplar:1	kepler:1	qepler:1
ਕੈਪਸ	caps:1	capsh:1	ceps:1	cepsh:1
ਕੈਪਸੂਲ	capsool:2	capsule:2	kaepsool:1	kapsool:1
ਕੈਪਾਂ	caipaan:1	capa:1	capaan:1	cappan:1
ਕੈਪੀਟਲ	capeetal:3	capital:2	kapital:2	capiital:1
ਕੈਫ	kaif:1	kef:1	qaif:1
ਕੈਫ਼ੀ	cafee:1	caffee:1	kaefy:1	kafee:1
ਕੈਫ਼ੀਅਤ	caffeeat:1	caifeeat:1	kaefiyat:1	kaifeeat:1
ਕੈਫ਼ੀਨ	cafeen:1	caffeen:1	caffeine:1	kaefeen:1
ਕੈਫੀ	kaifee:2	cafee:1	caffee:1	kaefy:1
ਕੈਫੇ	cafe:2	caphe:2	kaefe:2	kaife:2
ਕੈਬ	cab:4	kab:2	kaeb:2	caib:1
ਕੈਬਜ਼	cabaz:1	cabs:1	cabz:1	cebaz:1
ਕੈਬਨਿਟ	cabnit:3	kaebnit:1	kaibnit:1	kebnit:1
ਕੈਬਿਨ	cabin:4	kabin:2	kaebin:2	kebin:2
ਕੈਬਿਨੇਟ	cabinet:4	kabinet:2	kaebinet:2	cabineet:1
ਕੈਮਬ੍ਰਿਜ	cambridge:2	cambrij:1	kaembrij:1	kaimbrij:1
ਕੈਮਰਨ	cameran:1	camran:1	camron:1	kaemran:1
ਕੈਮਰਾ	camera:3	caameraa:1	camara:1	camaraa:1
ਕੈਮਰੂਨ	caimroon:1	cameroon:1	camroon:1	kaemroon:1
ਕੈਮਰੇ	camere:2	caimre:1	kaemre:1	kaimre:1
ਕੈਮਲੂਪਸ	cameloops:1	camloopas:1	kaemlupas:1	kaimloops:1
ਕੈਮਿਓ	cameo:1	cameoo:1	camio:1	kaemeo:1
ਕੈਮਿਸਟ	chemist:2	camist:1	kaemist:1	kaimist:1
ਕੈਮੀਕਲ	camical:1	chemeecal:1	chemical:1	kaermikal:1
ਕੈਰ	kair:2	kaer:1	ker:1
ਕੈਰਨ	cairan:1	carron:1	ceran:1	kaaran:1
ਕੈਰੀ	kerry:3	carry:2	caries:1	carrie:1
ਕੈਰੀਅਰ	career:1	carrier:1	carriier:1	kaeriar:1
ਕੈਰੀਬਿਆਈ	carabbiyayi:1	carribeai:1	kaeribiyayi:1
ਕੈਰੀਬੀਅਨ	carabbean:1	carribean:1	carribian:1	kaeribiyan:1
ਕੈਰੇਬੀਅਨ	caribbean:1	caribbeean:1	caribben:1	cariibbean:1
ਕੈਰੋ	kaero:2	cairo:1	caro:1	kero:1
ਕੈਰੋਂ	cairon:1	kaeron:1	kairon:1	keron:1
ਕੈਰੋਲ	carol:2	kaerol:1	karol:1
ਕੈਰੋਲਿਨਾ	carolina:2	kaerolina:1	karolina:1
ਕੈਰੋਲੀਨ	caroleen:1	caroline:1	kaeroleen:1	karoline:1
ਕੈਰੋਲੀਨਾ	carolina:3	kaeroleenaa:1	kaeroliinaa:1	kaerolinaa:1
ਕੈਲ	kael:2	kell:2	cail:1	cal:1
ਕੈਲਗਰੀ	calgary:3	kaelgaree:1	kaelgarii:1	kaelgary:1
ਕੈਲਫੋਰਨੀਆ	calfornia:2	california:1	kelfornia:1
ਕੈਲਰ	kailer:1	kaillar:1	kailler:1	kalar:1
ਕੈਲਵਿਨ	kelvin:4	calven:1	calvin:1	calwen:1
ਕੈਲਸ਼ੀਅਮ	calciam:1	calcium:1	calsiam:1	calsium:1
ਕੈਲਸੀਅਮ	calcium:3
ਕੈਲਾਸ਼	kailash:4	kaelas:1	kaelash:1	kaelashh:1
ਕੈਲਿਫੋਰਨਿਆ	california:3
ਕੈਲੀ	kelly:3	keley:1	keli:1	kelie:1
ਕੈਲੀਫ਼ੋਰਨੀਆ	california:3
ਕੈਲੀਫੋਰਨੀਆ	california:4	kalifornia:1	kaliforniaa:1
ਕੈਲੀਫੋਰਨੀਆਂ	california:3
ਕੈਲੇਫ਼ੋਰਨੀਆ	calefornia:2	california:1
ਕੈਲੇਫੋਰਨੀਆ	calefornia:2	california:1
ਕੈਲੋਰੀ	calooree:1	caloori:1	caloorie:1	caloree:1
ਕੈਲੰਡਰ	calendar:3	calender:2	kaelendar:1	kalender:1
ਕੈਸਟ	casate:1	casset:1	cassette:1	kaesat:1
ਕੈਸਟਾਂ	cassetan:2	castan:1	kaestan:1
ਕੈਸਪੀਅਨ	caspian:2	champion:1	kaespiyan:1
ਕੈਸਰ	kaesar:3	kesar:2	caesar:1	kaeshar:1
ਕੈਸ਼	cash:3
ਕੈਸਾ	kaisa:3
ਕੈਸਿਟਾ	caseta:1	casita:1	cassita:1	kaeseta:1
ਕੈਸਿਟਾਂ	cassetan:1	kaesitan:1	kaisitan:1
ਕੈਸੀਨੋ	cashino:1	casiino:1	casino:1	casinoo:1
ਕੈਸੇ	kaise:2	kese:1
ਕੋ	ko:2	koo:1
ਕੋਂਕਣ	konkan:3
ਕੋਂਕਣਾ	konkana:4	konkna:2
ਕੋਂਕਣੀ	konkani:2	konknee:1	konkni:1
ਕੋਂਡਮ	condom:3	kondam:1
ਕੋਂਸਲ	council:2	konsal:2	counsel:1
ਕੋਆਪਰੇਟਿਵ	cooperative:3
ਕੋਆਰਡੀਨੇਸ਼ਨ	coordination:3
ਕੋਇ	koi:2	kai:1	koe:1	koii:1
ਕੋਇਟੇ	koete:1	koite:1	koyite:1
ਕੋਇਰ	choir:1	koyar:1	koyir:1
ਕੋਇਲ	koeil:1	koyal:1	koyil:1
ਕੋਇਲਾ	koila:1	koyila:1	koyla:1
ਕੋਇਲੇ	koile:1	koyile:1	koyley:1
ਕੋਇੰਬਟੂਰ	coimbatoor:2	coimbtoor:1	koyinmbtur:1
ਕੋਈ	koi:3	koyi:3	koee:2
ਕੋਊ	kou:2	koouu:1
ਕੋਕ	coke:3	kok:2
ਕੋਕਾ	koka:3	coca:2	cocaa:1	coka:1
ਕੋਕਿਲਾ	kokila:3
ਕੋਕੋ	coco:4	koko:4	coocoo:2	kookoo:2
ਕੋਕੋਨਟ	coconut:2	coconat:1	kokonat:1
ਕੋਕੋਸ	cocos:1	cocosh:1	coocoos:1	kokos:1
ਕੋਚ	coach:4	cooach:1	koakh:1	koch:1
ਕੋਚਰ	kochar:3	cochar:1
ਕੋਚਲਿਨ	kochlin:3	coachlin:1
ਕੋਚਾਂ	kochan:2	coachan:1	kochaan:1
ਕੋਚਿੰਗ	coaching:3	koaching:2	koching:2	caochin:1
ਕੋਚੀ	kochi:3
ਕੋਚੀਨ	cochin:2	kocheen:1	kochin:1
ਕੋਛੜ	kochharh:2	kochhad:1	kochhar:1
ਕੋਝੀਆਂ	kojhiaan:1	kojhian:1	kojhiyan:1
ਕੋਟ	coat:3	kot:2	koat:1	koot:1
ਕੋਟਕ	kotak:3
ਕੋਟਕਪੂਰਾ	koatakpoora:1	kotakpura:1	kotkapura:1
ਕੋਟਲਾ	kotla:3
ਕੋਟਲੀ	kotli:3	kotlee:1
ਕੋਟਲੇ	kotle:3	kotale:1
ਕੋਟਾ	kota:5	kotaa:2	qaota:2	qota:2
ਕੋਟਿ	koti:3
ਕੋਟੀ	koti:3
ਕੋਟੀਆਂ	kotiaan:1	kotiyan:1	kottiyan:1
ਕੋਟੇ	kote:3	cate:1	coote:1	cote:1
ਕੋਟੜਾ	kotrha:3	kotda:1
ਕੋਠਰੀ	kothri:2	kothari:1
ਕੋਠਾ	kotha:3
ਕੋਠਾਰੀ	kothari:3
ਕੋਠਿਆਂ	kothiaan:1	kothian:1	kothiyan:1
ਕੋਠੀ	kothi:3
ਕੋਠੀਆਂ	kothiaan:1	kothian:1	kothiyan:1
ਕੋਠੇ	kothe:3
ਕੋਠੜੀ	kothrhi:2	kothaddi:1	kotharhi:1	kothdhi:1
ਕੋਡ	code:3	cod:1	cood:1	coode:1
ਕੋਡਾ	koda:2	kauda:1	kodda:1
ਕੋਡੈਕਸ	codeks:1	codeqs:1	codex:1	coodex:1
ਕੋਣ	kaun:2	kon:2
ਕੋਣਾਂ	konaan:2	kona:1
ਕੋਣੀ	koni:3	konee:2
ਕੋਤਵਾਲ	kotwal:2	kotvaal:1	kotwaal:1
ਕੋਤਵਾਲੀ	kotwali:2	kotvaali:1	kotvali:1
ਕੋਨਨ	konan:3	conan:1
ਕੋਨਰਾਡ	conard:1	conrad:1	konraad:1	konrad:1
ਕੋਨਾ	kona:4	koona:1	qona:1
ਕੋਨਾਰਡ	conard:1	konaard:1	konard:1
ਕੋਨਿਆਂ	koniaan:1	konian:1	koniyan:1
ਕੋਨੇ	kone:3	coney:1
ਕੋਪੇਨਹੇਗਨ	copenhagen:2	kopenhagen:2	copanhegan:1	copenhegan:1
ਕੋਫ਼ੀ	coffee:3	koffi:1	kofi:1
ਕੋਫੀ	kofi:3	cofee:1	coffee:1	cofi:1
ਕੋਬ	cob:2	kob:2	cobe:1
ਕੋਬਾਲਟ	cobalt:3	kobalt:1
ਕੋਮ	kom:4	coam:1	com:1	coom:1
ਕੋਮਲ	komal:3
ਕੋਮਲਤਾ	komalta:3
ਕੋਮਾ	coma:3	koma:2	comaa:1	komaa:1
ਕੋਮੇਡੀ	comedy:3	komedy:1
ਕੋਰ	kor:2	core:1	kaur:1
ਕੋਰਟ	court:3	korat:2	caurt:1	coart:1
ਕੋਰਟਨੀ	courtney:1	koratni:1	kortani:1
ਕੋਰਟਾਂ	courtan:1	kortaan:1	kortan:1
ਕੋਰਨ	kooran:1	kooren:1	koran:1	koren:1
ਕੋਰਨੀਆ	kornia:2	conia:1	cornea:1	cornia:1
ਕੋਰਬਾ	korba:3
ਕੋਰਸ	chores:1	course:1	koras:1	kors:1
ਕੋਰਸਾਂ	coursan:2	korasan:1	korsaan:1
ਕੋਰਾ	kora:5	koraa:2	qora:2	qoraa:2
ਕੋਰਿਆ	korea:3
ਕੋਰਿਆਈ	korai:1	koriaaee:1	koriayi:1	koriyayi:1
ਕੋਰੀ	kori:3	choree:1	ckoorrie:1	ckorrie:1
ਕੋਰੀਅਨ	korean:1	korian:1	korigan:1
ਕੋਰੀਆ	korea:5	koria:2	koriya:2	koorea:1
ਕੋਰੀਆਂ	korean:1	koriaan:1	koriyaan:1	koriyan:1
ਕੋਰੀਆਈ	koorean:1	kooriyai:1	korean:1	koreayi:1
ਕੋਰੀਉਗ੍ਰਾਫੀ	choreography:2	coriografi:1
ਕੋਰੇ	kore:4	corey:1	koore:1	koree:1
ਕੋਰੋਨਰੀ	coronary:3	coronari:2	cononaari:1	cononaary:1
ਕੋਲ	kol:3	coal:1	kool:1	qol:1
ਕੋਲਕਤਾ	kolkata:2	kolkta:1
ਕੋਲਕਾਤਾ	kolkata:5
ਕੋਲਡ	cold:3	kold:1
ਕੋਲਮ	colam:1	collam:1	collum:1	colum:1
ਕੋਲਮੈਨ	callman:1	coleman:1	colman:1	kolmaen:1
ਕੋਲਹਾਪੁਰ	kolhapur:3	kohlapur:1	kolhaapur:1
ਕੋਲ਼	coal:1	kohl:1	koll:1
ਕੋਲ਼ੇ	cole:1	kohle:1	koley:1	kolle:1
ਕੋਲਾ	cola:4	kola:4	colaa:2	coola:2
ਕੋਲਾਜ	collage:2	collaj:1	kolaaj:1
ਕੋਲਾਬਾ	colaba:3	kolaba:1
ਕੋਲਿਨ	colin:5	collin:2	coolin:2	coollin:2
ਕੋਲੀ	koli:2	kolli:1
ਕੋਲੇ	kole:3
ਕੋਲੈਸਟਰੋਲ	cholestrol:2	kolaestrol:1
ਕੋਲੈਸਟ੍ਰੋਲ	cholestrol:2	kolaestrol:1
ਕੋਲੋ	kolo:4	colo:2	coloo:1	colu:1
ਕੋਲੋਂ	kolon:4	kollo:1	kollon:1
ਕੋਲੋਰਾਡੋ	colorado:2	koloraddo:1
ਕੋਲੰਬਸ	columbas:1	columbs:1	columbus:1	kolambas:1
ਕੋਲੰਬਿਆ	columbia:2	colambiya:1
ਕੋਲੰਬੀਆ	columbia:4	colambia:2	colamban:1	colambiaa:1
ਕੋਲੰਬੀਆਂ	columbia:1	columbian:1	columbiyan:1	kolambiyan:1
ਕੋਲੰਬੋ	colombo:2	columbo:2	kolambo:2	calamba:1
ਕੋਸ	kos:4	cos:1	koos:1	kosh:1
ਕੋਸਟ	coast:2	cooast:1	cost:1	kosat:1
ਕੋਸਟਾ	kosta:2	costa:1
ਕੋਸਦੀ	kosdi:3
ਕੋਸ਼	kosh:3
ਕੋਸ਼ਕਾਰੀ	koshkaari:2	koshkari:2
ਕੋਸ਼ਕਾਵਾਂ	koshkavan:2	koshkavaan:1
ਕੋਸ਼ਸ਼	koshash:3
ਕੋਸ਼ਸ਼ਾਂ	koshashan:3
ਕੋਸ਼ਾਣੂ	koshanu:2	koshanhu:1
ਕੋਸ਼ਿਕਾ	koshika:3
ਕੋਸ਼ਿਕਾਵਾਂ	koshikavan:3
ਕੋਸ਼ਿਸ	koshis:3
ਕੋਸ਼ਿਸ਼	koshish:3	kosish:2	kohsish:1
ਕੋਸ਼ਿਸ਼ਾਂ	koshishan:3
ਕੋਸਾ	kosa:3
ਕੋਸਿਸ	kosis:3
ਕੋਸਿਸ਼	kosish:3
ਕੋਸੀ	kosi:3
ਕੋਸੋਵੋ	kosovo:4	cosovo:1	kosowo:1	qosovo:1
ਕੋਹ	koh:4	qoh:1
ਕੋਹਰਾ	kohra:3
ਕੋਹਲੀ	kohli:5	kholi:1	kohlee:1	kohlii:1
ਕੋਹਲੂ	kohlu:3
ਕੋਹਾ	koha:3
ਕੋਹਾਂ	kohan:2	kohaan:1
ਕੋਹਾਟ	kohaat:3
ਕੋਹਿਨੂਰ	kohinoor:3
ਕੋਹੇਨ	cohan:1	coheen:1	cohen:1	coohan:1
ਕੋਹੜ	koharh:3
ਕੋੜਮਾ	kodma:1	korhma:1	korma:1
ਕੋੜੇ	kaure:1	kode:1	kore:1
ਕੋੜ੍ਹ	korh:2	koddh:1	kodh:1	kohr:1
ਕੋੜ੍ਹੀ	korhi:3	korhee:2	kodhee:1	kodhi:1
ਕੌਂਸਲ	council:4	consal:1	kaunsal:1
ਕੌਂਸਲਰ	counceelor:1	counciilor:1	councilor:1	councilour:1
ਕੌਂਸਲਾਂ	caunslaan:1	councellan:1	councillan:1	counsellan:1
ਕੌਂਸਿਲ	council:2	kaunsil:1
ਕੌਕਲੀਆ	kaukleeya:1	kauklia:1	kokalia:1	kokleya:1
ਕੌਟਲਿਆ	kautalia:1	kautaliya:1	kautleya:1	kotleya:1
ਕੌਡੀ	kodi:2	kaudi:1	kodee:1
ਕੌਡੀਆਂ	kodian:3
ਕੌਡੇ	kode:2	kodde:1	kodey:1
ਕੌਣ	kon:2	kaun:1
ਕੌਤਕ	kotak:2	kautak:1
ਕੌਨ	kaun:3	kon:2	con:1	conn:1
ਕੌਫ਼ੀ	coffee:3
ਕੌਫੀ	coffee:2	cofee:1
ਕੌਮ	kaum:2	com:1	kom:1
ਕੌਮਪ੍ਰਸਤੀ	kaumprasti:2	kaumparstee:1	komparsti:1
ਕੌਮਾਂ	kauman:3	comman:1
ਕੌਮਾਂਤਰੀ	komantri:2	kaumantri:1	komantree:1
ਕੌਮਿਕ	comic:2	kaumik:1
ਕੌਮੀ	kaumi:2	kaumee:1	komi:1
ਕੌਮੀਅਤ	kaumiat:1	kaumiyat:1	komiat:1
ਕੌਮੀਕਰਨ	kaumikaran:2	komikaran:1
ਕੌਰ	kaur:5	kaar:1	kor:1	qaur:1
ਕੌਲ	kaul:3	kol:1
ਕੌਲਾਂ	kaulaan:1	kaulan:1	kolan:1
ਕੌਲਿਨ	colin:1	collin:1	kaulin:1
ਕੌਸਟਾ	costa:3	kosta:1
ਕੌਸਰ	kausar:2	cosar:1	kosar:1
ਕੌਸਲ	kausal:3	kosal:1
ਕੌਸ਼ਲ	kaushal:6	koushal:1
ਕੌਸ਼ਲਤਾ	kaushalta:1	kaushlata:1	koshalta:1	koushalta:1
ਕੌਸ਼ਲਿਆ	kaushalya:1	kaushliya:1	koshaleya:1	koshalia:1
ਕੌਸ਼ਿਕ	kaushik:5	koshik:2	kausik:1
ਕੌੜਾ	kauda:3	kaura:3	koda:1	kodda:1
ਕੌੜੀ	kauri:2	kodi:2	kaudi:1
ਕੌੜੀਆਂ	caudian:1	kaudian:1	kaurhian:1	kodian:1
ਕੌੜੇ	caude:1	kaude:1	kaure:1	kode:1
ਕ੍ਯੂੰ	kyun:3	kanyu:1	keun:1	kun:1
ਕ੍ਰਮ	kram:3	karm:1
ਕ੍ਰਮਬੱਧ	krambadh:2	krambaddh:1
ਕ੍ਰਮਾਂਕ	kramank:5	cramank:2	krmank:1
ਕ੍ਰਾਂਤੀ	kranti:3	cranti:1
ਕ੍ਰਾਂਤੀਆਂ	krantiaan:2	krantiyan:1
ਕ੍ਰਾਂਤੀਕਾਰੀ	krantikari:2	kranteekaree:1	kratikari:1
ਕ੍ਰਾਂਤੀਕਾਰੀਆਂ	kranteekareeaan:1	krantikariaan:1	krantikariyan:1
ਕ੍ਰਾਂਤੀਵਾਦੀ	krantivadi:2	kranteevaadee:1
ਕ੍ਰਾਈ	cri:1	crii:1	cry:1	kri:1
ਕ੍ਰਾਸ	craas:2	cross:2	kraas:2	cros:1
ਕ੍ਰਿਆ	kriaa:2	criaa:1	kriya:1
ਕ੍ਰਿਆਵਾਂ	kriaavaan:1	kriaavan:1	kriyavan:1
ਕ੍ਰਿਆਸ਼ੀਲ	kriaasheel:2	kriaashil:1	kriyasheel:1
ਕ੍ਰਿਕਟ	cricket:4	crickat:1	krikat:1	kriket:1
ਕ੍ਰਿਕਟਰ	cricketer:4	cricketar:1	criketar:1	criketer:1
ਕ੍ਰਿਕੇਟ	cricket:3
ਕ੍ਰਿਟਿਕ	critic:3	kritik:2	creetik:1	creetiq:1
ਕ੍ਰਿਤ	krit:3	kritt:1
ਕ੍ਰਿਤਾਂ	kritan:3
ਕ੍ਰਿਤੀ	kriti:2	kritee:1
ਕ੍ਰਿਤੀਆਂ	kriteeyan:1	kritiaan:1	kritian:1	kritiyan:1
ਕ੍ਰਿਪਲਾਨੀ	kripalani:1	kriplaani:1	kriplanee:1	kriplani:1
ਕ੍ਰਿਪਸ	kripas:2	crips:1	krips:1
ਕ੍ਰਿਪਾ	kripa:10	kreepa:1
ਕ੍ਰਿਪਾਲ	kirpal:1	kreepal:1	kripaal:1	kripal:1
ਕ੍ਰਿਮਿਨਲ	creaminal:1	creminal:1	criminal:1	kriminal:1
ਕ੍ਰਿਸ	kris:4	cris:3	crish:2	krish:2
ਕ੍ਰਿਸਟ	creesht:1	creest:1	cresht:1	crest:1
ਕ੍ਰਿਸਟਨ	kristan:2	christan:1	krishtin:1	kristin:1
ਕ੍ਰਿਸਟਲ	crystal:2	cristal:1	kristal:1
ਕ੍ਰਿਸਟੀ	kristi:2	christy:1	kristy:1
ਕ੍ਰਿਸਟੀਅਨ	christian:1	cristian:1	kristian:1
ਕ੍ਰਿਸਟੀਨਾ	kristina:3	christina:2	chriistiina:1	chrishtina:1
ਕ੍ਰਿਸਟੋਫਰ	christopher:2	cristopher:1
ਕ੍ਰਿਸਤੇਵਾ	krisanteva:1	kristeva:1	kristewa:1
ਕ੍ਰਿਸਨ	krisan:3
ਕ੍ਰਿਸਮਸ	christmas:3
ਕ੍ਰਿਸ਼ਚਨ	christan:1	christian:1	crischan:1	krischan:1
ਕ੍ਰਿਸ਼ਚੀਅਨ	christian:2	krishachiian:1	krishchiyan:1
ਕ੍ਰਿਸ਼ਣ	krishan:2	krishann:1
ਕ੍ਰਿਸ਼ਣਨ	krishanan:1	krishnan:1	krishnnan:1
ਕ੍ਰਿਸ਼ਣਮੂਰਤੀ	krishanmurti:2	krishannmurti:1
ਕ੍ਰਿਸ਼ਣਾ	krishna:2	krishnna:1
ਕ੍ਰਿਸ਼ਨ	krishan:3	kishan:1
ਕ੍ਰਿਸ਼ਨਨ	krishnan:3
ਕ੍ਰਿਸ਼ਨਾ	krishna:4	krishana:1	krishnaa:1	krisna:1
ਕ੍ਰਿਸ਼ਮਈ	chrishmayi:1	krishmaee:1	krishmai:1	krishmyi:1
ਕ੍ਰਿਸ਼ਮਾ	krishma:3	karishma:1
ਕ੍ਰਿਸ਼ਮੇ	krishme:2	chrishme:1	kirasme:1
ਕ੍ਰਿਸ਼ੀ	krishi:3
ਕ੍ਰੀਏਟਿਵ	creative:3	kreative:1
ਕ੍ਰੀਮੀਆ	creamia:3	creemia:1	krimiya:1
ਕ੍ਰੇਗ	crag:2	craig:2	creg:2	crage:1
ਕ੍ਰੈਡਿਟ	credit:3	kraidit:1
ਕ੍ਰੋਧ	krodh:3	crodh:1
ਕ੍ਰੋਧਿਤ	krodhit:2	khrodhit:1	krodit:1
ਕੜਕ	kadak:2	karak:2	karhak:1
ਕੜਕਣ	kadkan:2	karkan:2	karhakan:1
ਕੜਛੀ	kadachi:1	karachi:1	karchhi:1	karhachhi:1
ਕੜਵਾਹਟ	kadvahat:1	kadwahat:1	karhwahat:1	karvahat:1
ਕੜਵੱਲ	karwal:2	kadvall:1	kadwal:1	kadwall:1
ਕੜਾ	kada:2	kara:2	karha:1
ਕੜਾਈ	kadai:2	kadayi:1	karai:1	karhai:1
ਕੜਾਕੇ	kadaake:1	karhake:1	kraake:1
ਕੜਾਹ	kadah:2	karah:2	karhah:1
ਕੜਾਹੀ	kadahi:1	kraahee:1	krhahi:1
ਕੜੀ	kadi:2	kaddi:1	kadee:1	karhi:1
ਕੜੀਆਂ	kadiaan:1	karhiaan:1	kreeaan:1
ਕੜੇ	kade:1	karhe:1	kre:1
ਕੜ੍ਹੀ	kadi:1	karhi:1	karri:1	krhee:1
ਕੰਕਰ	kankar:3
ਕੰਗ	kang:4	kung:1	qang:1	qung:1
ਕੰਗਣ	kangan:3
ਕੰਗਣਾ	kangna:3
ਕੰਗਨਾ	kangna:2	kangana:1
ਕੰਗਾਂ	kangaan:2	kanga:1
ਕੰਗਾਰੂ	kangaroo:4	kangaaroo:1	kangaaru:1	kangaaruu:1
ਕੰਗਾਲ	kangaal:2	kangal:2
ਕੰਗਾਲੀ	kangali:3
ਕੰਘੀ	kanghi:3
ਕੰਘੇ	kanghe:3
ਕੰਚ	kanch:3
ਕੰਚਨ	kanchan:3
ਕੰਜਕਾਂ	kanjkan:2	kanjakaan:1	kanjakan:1
ਕੰਜਰਾਂ	kanjaraa:1	kanjaran:1	kanjraan:1	kanjran:1
ਕੰਜਰੀ	kanjri:2	kanjari:1	kanjree:1
ਕੰਜ਼ਰਵੇਟਿਵ	conservative:2	kanzervative:1
ਕੰਜ਼ਰਵੇਸ਼ਨ	conservation:3
ਕੰਜੂਸ	kanjoos:2	kanjus:1
ਕੰਟਰੀ	contari:1	contary:1	contri:1	contry:1
ਕੰਟਰੈਕਟ	contract:2	kantract:1
ਕੰਟਰੈਕਟਰ	contractor:2	kantractor:1
ਕੰਟਰੋਲ	cantral:1	control:1	coontrool:1	kantral:1
ਕੰਟਰੋਲਰ	controlar:1	controle:1	controllar:1	controller:1
ਕੰਟੀਨ	canteen:2	kanteen:1
ਕੰਟੀਨਿਊਟੀ	continuity:2	kantiniyuti:1
ਕੰਟੇਨਰ	containar:1	container:1	contenar:1	contener:1
ਕੰਟ੍ਰੋਲ	control:2	kantrol:1
ਕੰਟ੍ਰੋਲਰ	controller:2	kantrolar:1
ਕੰਠ	kanth:3
ਕੰਡ	kand:3
ਕੰਡਕਟ	conduct:2	kandaktar:1
ਕੰਡਕਟਰ	conductar:1	conductor:1	kandaktar:1
ਕੰਡਾ	kanda:3
ਕੰਡਿਆਂ	kandiaan:1	kandian:1	kandiyaa:1	kandiyan:1
ਕੰਡਿਆਲੀਆਂ	kandiaaliaan:1	kandialian:1	kandiyaliyaa:1	kandiyaliyan:1
ਕੰਡੀ	kandi:3	kandee:1
ਕੰਡੀਸ਼ਨਿੰਗ	conditioning:2	kandishaning:1
ਕੰਡੇ	kande:3	kandey:1
ਕੰਡੇਦਾਰ	kandedar:3
ਕੰਡੋਮ	condom:2	kandom:2	candom:1	kondom:1
ਕੰਢਾ	kandha:3	kanda:1
ਕੰਢਿਆਂ	kandhiaan:1	kandhian:1	kandhyaan:1	kandhyan:1
ਕੰਢੀ	kandhi:3	kandi:1
ਕੰਢੇ	kandhe:3
ਕੰਤ	kant:3
ਕੰਦ	kand:3
ਕੰਧ	kandh:3
ਕੰਧਾ	kandha:3
ਕੰਧਾਂ	kandhan:3	kandhaan:1
ਕੰਧਾਰ	kandhar:3	kanadahar:1	kandahaar:1	kandahar:1
ਕੰਨ	kann:2	kan:1
ਕੰਨਾ	kanna:3
ਕੰਨਾਂ	kannan:2	kanna:1
ਕੰਨਿਆ	kanneya:1	kanniaa:1	kanya:1
ਕੰਨਿਆਂ	kanneyan:1	kanniaan:1	kannian:1
ਕੰਨਿਆਕੁਮਾਰੀ	kanyakumari:2	kaniyakumari:1
ਕੰਨਿਆਵਾਂ	kaneyavan:1	kanniaavan:1	kannyavan:1
ਕੰਨੀ	kanni:2	kannin:1
ਕੰਨੀਆਂ	kaniyan:1	kanniaan:1	kannian:1
ਕੰਨੌਜ	kannauj:1	kannoj:1	kannouj:1
ਕੰਨੜ	cannada:1	connada:1	kanar:1	kanarh:1
ਕੰਪਨ	kanpan:2	compan:1	kampan:1
ਕੰਪਨੀ	companee:1	compani:1	company:1
ਕੰਪਨੀਆਂ	compania:2	companiaan:2	companiyan:1	kanpaniyan:1
ਕੰਪਰੈਸ਼ਨ	compreshion:1	compreshshion:1	compresion:1	compression:1
ਕੰਪਲੈਕਸ	complex:4	camplaex:1	kamplaeks:1
ਕੰਪਾਈਲਰ	compilar:1	compiler:1	compilor:1	compylar:1
ਕੰਪਾਸ	compaas:1	compaass:1	compass:1	kampaas:1
ਕੰਪਿਉਟਿੰਗ	computing:3	kampiyuting:1
ਕੰਪਿਊਟਰ	computer:1	kampiutar:1	kampyutar:1
ਕੰਪਿਊਟਰਾਂ	computeran:2	kanpiyutran:1
ਕੰਪਿਊਟਿੰਗ	computin:1	computing:1	kumputin:1	kumputing:1
ਕੰਪੈਕਟ	compact:3	kanpaekat:1
ਕੰਪੋਜ਼ਿਟ	composite:2	kanpozit:1
ਕੰਬ	kamb:2	kanb:1
ਕੰਬਣੀ	kambni:2	kambnee:1	kanbani:1	kanbni:1
ਕੰਬਦਾ	kambda:2	kanbda:1
ਕੰਬਦੀਆਂ	kambdiaan:1	kambdian:1	kanbdiyan:1
ਕੰਬਲ	kambal:2	kanbal:1
ਕੰਬਾ	kamba:3	camba:1	kanba:1
ਕੰਬਾਰ	kambar:2	combar:1	kambaar:1	kanbaar:1
ਕੰਬੋ	combo:2	kambo:2	cambo:1	camboo:1
ਕੰਬੋਜ	kamboj:3	kanboj:1
ਕੰਬੋਡੀਆ	combodia:3	kambodiya:1
ਕੰਮ	kamm:3	kanm:1
ਕੰਮਕਾਜ	kammkaaj:2	kammkaj:1
ਕੰਮਕਾਜੀ	kammkaji:2	kammkaaji:1
ਕੰਮਕਾਰ	kammkaar:2	kammkar:1
ਕੰਮਪਿਊਟਰ	computer:3	kampiyuter:1
ਕੰਮਾਂ	kamman:2	kaman:1
ਕੰਮੀ	kammi:2	kami:1	kanmi:1
ਕੰਮੀਆਂ	kamiyan:1	kammiaan:1	kammian:1
ਕੰਵਰ	kanwar:2	kanvar:1
ਕੰਵਰਜੀਤ	kanwarjeet:2	kanvarjit:1
ਕੰਵਲ	kanwal:2	kanval:1
ਕੰਵਲਜੀਤ	kanwaljeet:2	kanvaljit:1
ਕੰਸਰਟ	concert:2	cnsrt:1
ਕੰਸਾਸ	ckansas:1	ckanshash:1	cqansas:1	kansace:1
ਕੱਕਰ	kakkar:3
ਕੱਕਾ	kakka:3
ਕੱਕੇ	kakke:3
ਕੱਖ	kakkh:2	kakh:1
ਕੱਖਾਂ	kakhan:1	kakkhan:1	katthan:1
ਕੱਚ	kacch:1	kach:1	kachch:1
ਕੱਚਾ	kaccha:1	kacha:1	kachcha:1
ਕੱਚਿਆਂ	kacchiaan:1	kachchian:1	kachiyan:1
ਕੱਚੀ	kacchi:1	kachchi:1	kachi:1
ਕੱਚੀਆਂ	kacchiaan:1	kachchian:1	kachiyan:1
ਕੱਚੇ	kacche:2	kachche:1
ਕੱਛ	kaachh:1	kachchh:1	kachh:1
ਕੱਛਾ	kachcha:1	kachha:1	kachhaa:1
ਕੱਛੂ	kachhu:2	kachchhu:1	kachhoo:1
ਕੱਜ	kajj:3
ਕੱਜਲ	kajjal:3
ਕੱਜਿਆ	kajjiaa:3
ਕੱਟ	katt:2	cat:1	cut:1	kat:1
ਕੱਟਣ	katan:1	katana:1	kattan:1	kattann:1
ਕੱਟਣਾ	kattana:1	kattanna:1	kattna:1
ਕੱਟਣੀ	kattani:1	kattnee:1	kattnni:1
ਕੱਟਣੇ	kattane:1	kattanne:1	kattne:1
ਕੱਟਦਾ	kattda:2	kattada:1
ਕੱਟਰਪੰਥੀ	kattarpanthi:2	katarapanthi:1
ਕੱਟਾ	katta:3
ਕੱਟਿਆ	kattia:4	kattea:1	katteya:1	kattiaa:1
ਕੱਟੀ	katti:3	cutti:1
ਕੱਟੀਆਂ	kattian:2	cuttian:1	kattiaan:1
ਕੱਟੀਏ	kattiye:2	cuttiye:1	kattie:1
ਕੱਟੂ	kattu:3
ਕੱਟੇ	katte:3
ਕੱਟੜ	kattad:4	kattadd:1	kattarh:1
ਕੱਟੜਤਾ	kattadata:2	katarhata:1
ਕੱਟੜਪੰਥੀ	kattadpanthi:2	katarhapanthi:1
ਕੱਟੜਪੰਥੀਆਂ	kattaddpanthiaan:2	kattadpantheeaan:2	katarhapanthiyan:1	kattadpanthiaan:1
ਕੱਟੜਵਾਦ	kattadwad:2	katarhavaad:1
ਕੱਟੜਵਾਦੀ	kattadwadi:2	katarhavadi:1
ਕੱਠ	katth:2	kath:1
ਕੱਠਾ	kattha:2	katha:1
ਕੱਠੀਆਂ	kathiaan:1	katthiaan:1	katthian:1
ਕੱਠੇ	kathe:1	kaththe:1	katthe:1
ਕੱਡ	kadd:3
ਕੱਡਣ	kaddan:2	kaddann:1
ਕੱਡਦੇ	kaddade:3
ਕੱਡਿਆ	kaddiaa:2	kaddia:1
ਕੱਢ	kadd:1	kaddh:1	kadhdh:1
ਕੱਢਕੇ	kaddake:1	kaddke:1	kadhke:1
ਕੱਢਣ	kaddhan:2	kaddan:1
ਕੱਢਣਾ	kaddana:1	kaddhana:1	kaddhna:1
ਕੱਢਣੀ	kaddani:1	kaddhani:1	kaddhni:1
ਕੱਢਣੇ	kadane:1	kaddhane:1	kaddhne:1
ਕੱਢਦਾ	kadhada:2	kaddada:1
ਕੱਢਦੀ	kaddhadi:2	kaddadi:1
ਕੱਢਦੀਆਂ	kaddadiyan:1	kaddhadiaan:1	kaddhdian:1
ਕੱਢਦੇ	kaddade:1	kaddhade:1	kadhade:1
ਕੱਢਾਂ	kaddhan:2	kaddan:1
ਕੱਢਿਆ	kaddhia:5	kaddeya:2	kadhia:1
ਕੱਢੀ	kaddhi:2	kaddi:1
ਕੱਢੇ	kaddhe:2	kadde:1
ਕੱਤ	katt:3	cutt:1	kat:1
ਕੱਤਕ	katak:2	kattak:2
ਕੱਤਣ	kattan:2	katan:1	kattann:1
ਕੱਤਣਾ	kattana:2	katana:1	kattnnaa:1
ਕੱਤਣੀ	kattani:2	katani:1	kattnni:1
ਕੱਤਦੀਆਂ	katdian:1	kattadiaan:1	kattdiaan:1
ਕੱਤਿਆ	kattiaa:2	kateya:1	qattiaa:1
ਕੱਥਕ	kathak:1	kaththak:1	katthak:1
ਕੱਥਾ	katha:2	kattha:1	qattha:1
ਕੱਦ	kadd:3
ਕੱਦਕਾਠ	kaddakath:1	kaddkaath:1	kaddkath:1
ਕੱਦੂ	kaddu:2	kaduu:1
ਕੱਦੂਕਸ	kaddukas:2	kaduukas:1
ਕੱਪੜਾ	kappda:2	kappdda:1	kapprhaa:1
ਕੱਪੜਿਆਂ	kappdiaan:3	kapprhiaan:1
ਕੱਪੜੇ	kapde:1	kapparhe:1	kappdde:1	kappde:1
ਕੱਰੀ	karri:2	curry:1	karree:1	qarri:1
ਕੱਲ	kall:3	qall:1
ਕੱਲਕੱਤੇ	kallkatte:3	calcutte:1	kallqatte:1	qalkatte:1
ਕੱਲਮ	kalam:2	kallam:1
ਕੱਲਰੀ	kallri:2	kallari:1
ਕੱਲਾ	kalla:3
ਕੱਲੀ	kalli:2	qalli:1
ਕੱਵਾਲੀ	kawwali:2	kavali:1	kavvali:1	qavvali:1
ਕੱਸ	kass:3
ਕੱਸਿਆ	kassiaa:2	kassia:1	kassiyaa:1
ਕੱਸੀ	kassi:3
ਕੱਸੇ	kasse:3
ਖਗੋਲ	khagol:3	khagoal:1
ਖਗੋਲੀ	khagoli:3	khagolee:2
ਖਜ਼ਾਨਚੀ	khajanchee:1	khajanchi:1	khajjanchi:1	khazanchi:1
ਖਜ਼ਾਨਾ	khazana:2	khzana:1
ਖਜ਼ਾਨਿਆਂ	khazaneyan:1	khazaniaan:1	khazanian:1	khazaniyan:1
ਖਜ਼ਾਨੇ	khazane:3
ਖਜਾਨਾ	khajana:2	khjana:1
ਖਜਾਨੇ	khajane:3
ਖਜੁਰਾਹੋ	khajuraho:2	khooraho:1	khuraho:1
ਖਜੂਰ	khajoor:2	khajur:2
ਖਜੂਰਾਂ	khajooran:2	khajuran:2
ਖਟਕੜ	khatkar:2	khatkad:1	khatkarh:1
ਖਣ	khan:1	khann:1	khn:1
ਖਣਿਜ	khanij:2	khnij:1
ਖਣਿਜਾਂ	khanija:1	khanijan:1	khanjian:1	khnijan:1
ਖਤ	khat:3	khaat:1	khaet:1	khaut:1
ਖਤਮ	khatam:2	khtm:1
ਖਤਰਨਾਕ	khatarnak:2	khtrnak:1
ਖਤਰਾ	khatra:2	khtra:1
ਖਤਰਿਆਂ	khatriyan:2	khatreyan:1	khtrian:1
ਖਤਰੇ	khatre:2	khatrey:2	khtre:1
ਖਤਰੋਂ	khatron:2	khtron:1
ਖਤਾਂ	khataan:2	khtan:1
ਖਤ੍ਰੀ	khatree:1	khatri:1	khtri:1
ਖਦੇੜ	khaded:2	khaderh:1	khded:1
ਖਨਨ	khanan:2	khnn:1
ਖਪਤ	khapat:2	khpt:1
ਖਪਤਕਾਰ	khapatkar:2	khptkar:1
ਖਪਤਕਾਰਾਂ	khapatkaaran:1	khatapkaraan:1	khptkaran:1
ਖਪਤਕਾਰੀ	khapatkari:2	khptkaree:1
ਖਫ਼ਾ	khafa:2	khfa:1
ਖਬਰ	khabar:2	khbr:1
ਖਬਰਦਾਰ	khabardaar:1	khabardar:1	khbrdar:1
ਖਬਰਾਂ	khabraan:1	khabran:1	khbran:1
ਖਮੀਰ	khameer:2	khamir:1	khmeer:1
ਖਮੇਰ	ckmar:1	ckmeer:1	ckmer:1	cqmer:1
ਖਯਾਲ	khyal:2	khayaal:1
ਖਰਗੋਸ਼	khargosh:2	khrgosh:1
ਖਰਚ	kharach:2	khrch:1
ਖਰਚਾ	kharcha:2	khrcha:1
ਖਰਚਿਆ	kharcheya:1	kharchia:1	khrchia:1
ਖਰਚਿਆਂ	kharchiaan:1	kharchian:1	khrchian:1
ਖਰਚੇ	kharche:1	kharchey:1	khrche:1
ਖਰਬ	kharab:2	khrb:1
ਖਰਲਾਂ	kharlaan:1	kharlan:1	khrlan:1
ਖਰਵੀ	kharvee:1	kharwi:1	khrwi:1
ਖਰਾ	khara:3
ਖਰਾਬ	kharab:2	kharad:1
ਖਰਾਬੀ	kharabi:3
ਖਰਾਬੇ	kharabe:3
ਖਰੀ	khari:3	kharee:2
ਖਰੀਆਂ	khariaan:2	kharian:2	khariyan:2
ਖਰੀਦ	kharid:3	khareed:2
ਖਰੀਦਕੇ	khareedke:2	kharidke:2
ਖਰੀਦਣ	kharidan:2	khareedan:1
ਖਰੀਦਣਾ	kharidna:2	khareedna:1
ਖਰੀਦਦਾ	kharidda:2	khareedada:1
ਖਰੀਦਦਾਰ	khariddar:2	khareedadar:1
ਖਰੀਦਦਾਰਾਂ	khareedadaran:1	khareeddara:1	khareeddaran:1	khariddara:1
ਖਰੀਦਦਾਰੀ	khareeddari:2	khariddari:2	khareedadari:1	khareeddaree:1
ਖਰੀਦਾਰੀ	khareedaari:1	khareeddari:1	kharidaari:1	kharidari:1
ਖਰੀਦਿਆ	kharidiya:2	khareedeya:1	khareedia:1	khareediaa:1
ਖਰੀਦੀ	khareedi:3	kharidi:3	khareedee:2	kharidee:1
ਖਰੀਦੀਆਂ	khareedia:1	khareedian:1	khareediyan:1	kharidia:1
ਖਰੀਦੇ	khareede:3	kharide:2	kharidey:1
ਖਰੀਦੇਗਾ	khareedega:3	kharidega:2
ਖਰੀਦੋ	khareedo:3	kharido:2
ਖਰੀਫ	kharif:3	khareef:2
ਖਰੇ	khare:2	kharey:1
ਖਰੌੜ	kharaur:1	khraud:1	khraur:1	khrod:1
ਖਰੜ	kharad:1	kharar:1	khrd:1
ਖਰੜੇ	kharare:2	khrde:2	kharade:1	kharadey:1
ਖਲਕ	khalak:3
ਖਲਦੀ	khaldee:3	khaldi:3
ਖਲਨਾਇਕ	khalnayak:3	khalnaik:1
ਖਲਨਾਇਕਾਂ	khalnaikan:1	khalnayakan:1	khalnayikan:1	khalnaykan:1
ਖਲਾਰ	khalar:2	khalaar:1	khlar:1
ਖਲੀਆਂ	khaliaan:1	khalian:1	khaliyan:1
ਖਲੀਫ਼ਾ	khalifa:3	khaleefa:2	khaliffa:1
ਖਲੀਫਾ	khalifa:4	khaleefa:2	khaleefaa:1	khaleepha:1
ਖਲੀਫੇ	khalife:3	khaleefe:2	khalifey:1
ਖਲੀਲ	khalil:3	khaleel:2	khaliil:1	qhalil:1
ਖਲੇਰ	khaler:3
ਖਲੋ	khalo:3
ਖਲੋਕੇ	khaloke:3
ਖਲੋਤਾ	khalota:3
ਖਲੋਤੀ	khaloti:2	khalauti:1	khalotee:1
ਖਲੋਤੇ	khalote:3
ਖਵਾ	khwa:3	khawa:1	khva:1
ਖਵਾਉਣਾ	khwauna:2	khvayuna:1	khwayuna:1
ਖਵਾਜ਼ਾ	khwaza:2	khawaza:1	khvaza:1
ਖਵਾਜਾ	khwaja:3	khvaja:2
ਖਵਾਨੀ	khwani:2	khvanee:1	khvani:1	khwanee:1
ਖਵਾਬ	khwab:3	khvaab:1
ਖਸਤਾ	khasta:3
ਖਸਮ	khasam:3	khasm:1
ਖਸਰਾ	khasra:3
ਖਹਿ	khahi:1	khai:1	khe:1	kheh:1
ਖਹਿਰਾ	khahira:1	khaida:1	khaira:1	khehra:1
ਖਹਿਰੇ	khahirey:1	khaire:1	khehre:1	khere:1
ਖਹਿੜਾ	khehra:3	khaida:2	khadda:1	khahida:1
ਖਹਿੰਦੇ	kahinde:1	khahinde:1	khainde:1	khehnde:1
ਖ਼ਜ਼ਾਨਾ	khazana:2	khajana:1
ਖ਼ਜ਼ਾਨੇ	khazane:2	khajane:1
ਖ਼ਜਾਨਾ	khajana:2	khjana:1
ਖ਼ਟਕ	khatak:3
ਖ਼ਤ	khat:2	kht:1
ਖ਼ਤਮ	khatam:2	khtm:1
ਖ਼ਤਰਨਾਕ	khatarnak:2	khtrnak:1
ਖ਼ਤਰਾ	khatra:2	khtra:1
ਖ਼ਤਰਿਆਂ	khatreyan:1	khatrian:1	khatriyan:1	khtrian:1
ਖ਼ਤਰੇ	khatre:3	khatrey:1
ਖ਼ਪਤ	khaapat:1	khapat:1	khpt:1
ਖ਼ਪਤਕਾਰਾਂ	khaaptkaraan:1	khapatkaaran:1	khptkaran:1
ਖ਼ਫ਼ਾ	khaafa:1	khafa:1	khfa:1
ਖ਼ਬਰ	khaabar:1	khabar:1	khbr:1
ਖ਼ਬਰਦਾਰ	khaabrdaar:1	khabardar:1	khbrdar:1
ਖ਼ਬਰਸਾਰ	khaabrsaar:1	khabarsar:1	khbrsar:1
ਖ਼ਬਰਾਂ	khabran:2	khbran:1
ਖ਼ਬਰੀ	khaabree:1	khabree:1	khabri:1	khbri:1
ਖ਼ਮੀਰ	khaameer:1	khameer:1	khamir:1	khmeer:1
ਖ਼ਯਾਮ	khyam:2	khaayam:1
ਖ਼ਰਗੋਸ਼	khaargosh:1	khargosh:1	khrgosh:1
ਖ਼ਰਚ	khaarch:1	kharach:1	khrch:1
ਖ਼ਰਚੇ	khaarchey:1	kharche:1	khrche:1
ਖ਼ਰਾਬ	kharab:3	khrab:1
ਖ਼ਰਾਬੀ	kharabi:3
ਖ਼ਰੀਦ	kharid:3	khareed:1
ਖ਼ਰੀਦਣ	kharidan:3
ਖ਼ਰੀਦਦਾਰੀ	khareeddari:2	khariddari:2	khareedadari:1	khariddaree:1
ਖ਼ਰੀਦੀ	khareedi:3	kharidi:3	khareedee:1	kharidee:1
ਖ਼ਰੀਦੀਆਂ	khareedia:1	khareedian:1	kharideea:1	kharidia:1
ਖ਼ਰੇ	khare:2	kharey:2
ਖ਼ਲਨਾਇਕ	khalnayak:2	khalnaeek:1	khalnaik:1
ਖ਼ਲਾਅ	khala:1	khalaa:1	khlaa:1
ਖ਼ਲਾਸੀ	khalasi:3
ਖ਼ਲੀਫ਼ਾ	khalifa:2	khaleefa:1	khalifha:1
ਖ਼ਲੀਲ	khaleel:3	khalil:2	khalleel:1
ਖ਼ਵਾਜ਼ਾ	khwaza:3	khavaza:1
ਖ਼ਵਾਜਾ	khwaja:2	khavaja:1
ਖ਼ਵਾਹਿਸ਼	khwahish:3	khavahish:1
ਖ਼ਸਤਾ	khasta:3
ਖ਼ਾਂ	khan:2	khhan:1
ਖ਼ਾਕ	khaak:2	khak:2
ਖ਼ਾਕਾ	khaka:3	khaaka:1
ਖ਼ਾਕੇ	khake:3	khakey:1
ਖ਼ਾਣ	khan:2	khaan:1	khann:1
ਖ਼ਾਤਮਾ	khatma:2	khaatma:1
ਖ਼ਾਤਮੇ	khatme:2	khaatmay:1	khaatmey:1
ਖ਼ਾਤਰ	khatar:2	khaatar:1
ਖ਼ਾਨ	khaan:1	khan:1	khhan:1
ਖ਼ਾਨਦਾਨ	khandan:2	khaandan:1
ਖ਼ਾਨਦਾਨੀ	khandani:2	khaandani:1
ਖ਼ਾਨਪੁਰ	khanpur:2	khaanpur:1
ਖ਼ਾਨਾ	khana:2	khaana:1
ਖ਼ਾਨਾਜੰਗੀ	khaanajangi:1	khanajangi:1	khanajngi:1
ਖ਼ਾਨਾਬਦੋਸ਼	khaanabadosh:1	khanabadosh:1	khanabdosh:1
ਖ਼ਾਬ	khaab:2	khab:1
ਖ਼ਾਮੀਆਂ	khaamiaan:1	khamiaan:1	khamian:1
ਖ਼ਾਮੋਸ਼	khaamosh:1	khamosh:1	khhamosh:1
ਖ਼ਾਰਜ	khaarj:1	kharaj:1	khharaj:1
ਖ਼ਾਲਸ	khaals:1	khalas:1	khhalas:1
ਖ਼ਾਲਸਾ	khaalsa:1	khalsa:1	khhalsa:1
ਖ਼ਾਲਸਾਈ	khaalsai:1	khalsayi:1	khhalsaee:1
ਖ਼ਾਲਸੇ	khaalse:1	khalse:1	khhalse:1
ਖ਼ਾਲਿਦ	khalid:2	khhalid:1
ਖ਼ਾਲਿਸਤਾਨ	khaalistan:1	khalistan:1	khhalistan:1
ਖ਼ਾਲੀ	khaali:1	khalee:1	khali:1	khhali:1
ਖ਼ਾਸ	khas:2	khaas:1	khhas:1
ਖ਼ਾਸਕਰ	khaskar:2	khaskr:1
ਖ਼ਾਸਾ	khasa:3	khhasa:1
ਖ਼ਾਸੀਅਤ	khasiyat:2	khaasiyat:1	khasiat:1
ਖ਼ਾਸੀਅਤਾਂ	khasiatan:2	khasiyatan:1
ਖ਼ਾਹਿਸ਼	khahish:3
ਖ਼ਿਆਲ	khiyaal:2	khiyal:2	khyaal:2	kheyaal:1
ਖ਼ਿਆਲਾਂ	khialan:2	khhiaalan:1	khiyalan:1	khyaalan:1
ਖ਼ਿਆਲੀ	khhiaali:1	khiyaali:1	khiyali:1	khyaali:1
ਖ਼ਿਜ਼ਰ	khizar:3
ਖ਼ਿਜ਼ਾਂ	khizan:2	khizaan:1
ਖ਼ਿਤਾਬ	khitab:4	kheetab:1	khitaab:1
ਖ਼ਿਦਮਤ	kheedmat:1	khidmat:1	khidmt:1
ਖ਼ਿਦਮਾਤ	khidmaat:2	kheedmaat:1
ਖ਼ਿਲਅਤ	kheelat:1	khhilat:1	khilaat:1
ਖ਼ਿਲਾਫ	khilaf:6	khiaf:1	khilaaf:1
ਖ਼ਿਲਾਫ਼	khilaf:4	kheelaf:1	khilaaf:1
ਖ਼ਿਲਾਫ਼ਤ	khilafat:6
ਖ਼ੁਆਜਾ	khuaja:2	khooaja:1	khwaja:1
ਖ਼ੁਦ	khud:6
ਖ਼ੁਦਕਸ਼ੀ	khudkashi:2	khudkshi:1
ਖ਼ੁਦਕੁਸ਼ੀ	khudkushi:3
ਖ਼ੁਦਗਰਜ਼	khudgaraz:2	khudgarz:1
ਖ਼ੁਦਗ਼ਰਜ਼ੀ	khudgarzi:2	khudgarazi:1
ਖ਼ੁਦਮੁਖਤਿਆਰ	khudmukhtiar:2	khudmukhtiaar:1
ਖ਼ੁਦਮੁਖਤਿਆਰੀ	khudmukhtiari:2	khudmukhtiyari:1
ਖ਼ੁਦਮੁਖ਼ਤਿਆਰ	khudmukhtiar:3
ਖ਼ੁਦਮੁਖ਼ਤਿਆਰੀ	khudmukhtiari:2	khudmukhtiyari:1
ਖ਼ੁਦਾ	khuda:3
ਖ਼ੁਦਾਵੰਦ	khudawand:2	khoodavand:1
ਖ਼ੁਫ਼ੀਆ	khufia:1	khufiya:1	kufeea:1
ਖ਼ੁਰਸ਼ੀਦ	khursheed:3	khurshid:1
ਖ਼ੁਰਾਕ	khurak:2	khuraak:1
ਖ਼ੁਰਾਕੀ	khuraki:3
ਖ਼ੁਸ਼	khush:2	khaush:1	khhush:1
ਖ਼ੁਸ਼ਕ	khaushak:1	khhushak:1	khushk:1
ਖ਼ੁਸ਼ਕੀ	khaushki:1	khhushhki:1	khushkee:1	khushki:1
ਖ਼ੁਸ਼ਖ਼ਬਰੀ	khhushkhhabri:1	khusakhabari:1	khushkhabri:1
ਖ਼ੁਸ਼ਬੂ	khushbu:2	khhushbu:1	khooshbu:1	khushboo:1
ਖ਼ੁਸ਼ਵੰਤ	khushwant:3
ਖ਼ੁਸ਼ਹਾਲ	khhushhaal:1	khushahaal:1	khushhaal:1
ਖ਼ੁਸ਼ਹਾਲੀ	khhushhali:1	khushahaali:1	khushali:1
ਖ਼ੁਸ਼ੀ	khushi:3
ਖ਼ੁਸ਼ੀਆਂ	khushian:2	khushiaan:1
ਖ਼ੂਨ	khoon:2	khhun:1	khun:1
ਖ਼ੂਨੀ	khooni:2	khhuni:1	khuni:1
ਖ਼ੂਬ	khoob:2	khhub:1	khub:1
ਖ਼ੂਬਸੂਰਤ	khoobsurat:2	khhubsurat:1	khubsurat:1
ਖ਼ੂਬਸੂਰਤੀ	khoobsurati:2	khhubsurti:1	khubsurati:1
ਖ਼ੂਬੀ	khhubi:1	khoobi:1	khubi:1
ਖ਼ੂਬੀਆਂ	khhubiaan:1	khoobian:1	khubian:1	khubyain:1
ਖ਼ੇਤਰ	khetar:2	khhetar:1
ਖ਼ੈਬਰ	khaiber:1	khaybr:1	khhaebar:1	khyber:1
ਖ਼ੈਰ	khair:1	khayr:1	khhaer:1
ਖ਼ੋਜ	khauj:1	khhoj:1	khoj:1
ਖ਼ੌਫ਼	khauf:2	khhaufh:1
ਖ਼ੌਫ਼ਨਾਕ	khaufanaak:1	khaufnak:1	khhaufhnak:1
ਖ਼੍ਵਾਬ	khavab:1	khawab:1	khhvab:1	khwab:1
ਖਾ	kha:3	khaa:1
ਖਾਂ	khan:3
ਖਾਂਦਾ	khanda:3	khaanda:1
ਖਾਂਦੀ	khandi:3	khaandi:1
ਖਾਂਦੀਆਂ	khaandiyan:1	khandiaan:1	khandian:1	khandiyan:1
ਖਾਂਦੇ	khande:3	khaande:1
ਖਾਂਸੀ	khansi:3
ਖਾਇ	khaae:1	khaee:1	khaye:1
ਖਾਇਆ	khaaiya:1	khaeaa:1	khayia:1
ਖਾਈ	khaai:2	khaee:1	khayee:1
ਖਾਈਆਂ	khaeeaan:1	khaian:1	khaiyaan:1
ਖਾਉਣ	khaaun:1	khaoon:1	khaun:1
ਖਾਊਂ	khaaun:1	khaoon:1	khaun:1
ਖਾਏ	khaaye:1	khae:1	khaye:1
ਖਾਓ	khao:2	khaao:1
ਖਾਕ	khak:2	khaak:1
ਖਾਕਾ	khaka:3
ਖਾਕੇ	khake:3
ਖਾਣ	khan:2	khaan:1	khawn:1
ਖਾਣਪੀਣ	khanpeen:2	khaanpeen:1	khanpin:1
ਖਾਣਯੋਗ	khanyog:2	khaanyog:1
ਖਾਣਾ	khana:2	khaana:1
ਖਾਣਾਂ	khanan:2	khaanaan:1	khanna:1
ਖਾਣਿਆਂ	khaaniyan:1	khanian:1	khaniyan:1
ਖਾਣੀ	khani:2	khaanee:1	khanee:1
ਖਾਣੇ	khane:2	khaaney:1
ਖਾਤਮਾ	khatma:2	khaatmaa:1
ਖਾਤਮੇ	khaatmay:1	khaatmey:1	khatme:1	khatmey:1
ਖਾਤਰ	khatar:2	khaatar:1
ਖਾਤਾ	khata:2	khaata:1
ਖਾਤਿਆਂ	khaatiyan:1	khateyan:1	khatian:1
ਖਾਤਿਰ	khatir:3	khaatir:1
ਖਾਤੇ	khaate:2	khate:1
ਖਾਦ	khaad:2	khad:1
ਖਾਦਾ	khada:3	khaada:1
ਖਾਦਾਂ	khadan:2	khaadan:1	khadaan:1
ਖਾਦੀ	khadi:2	khaadi:1
ਖਾਦੇ	khaade:2	khade:2
ਖਾਧ	khadh:3	khaadh:1
ਖਾਧਾ	khadha:3	khaadha:1
ਖਾਧੀ	khadhi:2	khaadhi:1	khadi:1
ਖਾਧੀਆਂ	khaadhiyan:1	khadhian:1	khadhiyan:1	khadiaan:1
ਖਾਧੇ	khaadhe:1	khade:1	khadhe:1
ਖਾਨ	khan:8	khaan:2	khana:1	qhaan:1
ਖਾਨਖੋਜੇ	khankhoje:2	khaankhojo:1	khankhojo:1
ਖਾਨਗਾਹ	khangah:2	khaangaah:1	khangaah:1
ਖਾਨਜ਼ਾਦਾ	khanzada:3
ਖਾਨਦਾਨ	khandan:3
ਖਾਨਦਾਨੀ	khandani:3
ਖਾਨਪੁਰ	khanpur:3
ਖਾਨਮ	khaanm:1	khanam:1	khanm:1
ਖਾਨਾ	khana:3
ਖਾਨਾਂ	khanan:2	khanaan:1
ਖਾਨਾਜੰਗੀ	khanajangi:2	khanajngi:1
ਖਾਨਾਬਦੋਸ਼	khanabadosh:2	khanabdosh:1
ਖਾਨਿਆਂ	khanian:2	khaaniaan:1	khatiyaan:1
ਖਾਨੇ	khaney:2	khane:1
ਖਾਮੋਸ਼	khamosh:3
ਖਾਮੋਸ਼ੀ	khamoshi:3
ਖਾਰ	khar:4	khaar:2	khara:1	qhaar:1
ਖਾਰਜ	kharaj:2	khaarj:1
ਖਾਰਾ	khara:3
ਖਾਰਾਪਣ	kharapan:3
ਖਾਰਿਜ	kharij:3
ਖਾਰੀ	khaari:1	kharee:1	khari:1
ਖਾਰੀਆਂ	khaariaan:1	khariaan:1	kharian:1
ਖਾਰੇ	khaare:1	khare:1	kharey:1
ਖਾਲ	khaal:3	khal:1
ਖਾਲਸ	khalas:2	khals:1
ਖਾਲਸਾ	khalsa:6	khaalsa:1	khaalsaa:1
ਖਾਲਸਾਈ	khalsaee:1	khalsayi:1	khansai:1
ਖਾਲਸੇ	khalse:3
ਖਾਲ਼ੀ	khalee:2	khalhi:1	khali:1
ਖਾਲਿਦ	khalid:4	khaalid:1	qhaalid:1	qhalid:1
ਖਾਲਿਸਤਾਨ	khalistan:4	khialastan:1	khiyalastan:1
ਖਾਲਿਸਤਾਨੀ	khalistani:3
ਖਾਲੀ	khali:3	khalee:1
ਖਾਲੀਪਣ	khalipan:2	khalipann:1
ਖਾਵੇ	khavey:2	khave:1
ਖਾਸ	khas:2	khaas:1
ਖਾਸਕਰ	khaskar:2	khaskr:1
ਖਾਸਤੌਰ	khastaur:3	khastor:1
ਖਾਸਾ	khasa:3
ਖਾਸੀ	khasi:3	khasee:2
ਖਾਸੀਅਤ	khasiyat:2	khasiat:1
ਖਾਸੀਅਤਾਂ	khasiatan:2	khasiyat:1
ਖਾਸੇ	khase:2	khasey:1
ਖਾਹਮਖਾਹ	khahamkhah:1	khahmkhah:1	khamkhah:1
ਖਾਹਿਸ਼	khahish:3
ਖਾਹਿਸ਼ਾਂ	khahishan:3
ਖਾੜਕੂ	khadku:3	kharku:2	khaarhku:1	khadakoo:1
ਖਾੜੀ	khadi:3	khari:2	khaadi:1	khaarhi:1
ਖਿਆਤੀ	khiyati:2	khyati:2	khiaati:1
ਖਿਆਲ	khiaal:2	khiyaal:2	khyaal:2	khyal:2
ਖਿਆਲਾਂ	kheyalan:1	khiaalan:1	khialaan:1	khyalan:1
ਖਿਆਲੀ	khiaali:1	khiali:1	khiyaali:1	khyaali:1
ਖਿਚ	khich:3
ਖਿਚਕੇ	khichke:3	khichake:1
ਖਿਚਣ	khichan:3
ਖਿਚਦਾ	khichda:3
ਖਿਚਦੇ	khichde:3	khichade:1
ਖਿਚਵਾ	khichva:2	khichwa:1
ਖਿਚਾਅ	khichaa:3
ਖਿਚਿਆ	khichiya:2	khichiaa:1
ਖਿਚੀ	khichi:3	khichee:1
ਖਿਚੜੀ	khichdi:2	khicharhi:1	khichri:1
ਖਿਝ	khijh:3
ਖਿਝਿਆ	khijhiya:2	khijhiaa:1
ਖਿਡਾਇਆ	khidaeaa:1	khidaiaa:1	khidaya:1	khiddayeya:1
ਖਿਡਾਉਂਦੀ	khidaundi:1	khidauundi:1	khiddaundi:1
ਖਿਡਾਉਣ	khidaun:1	khidauun:1	khiddaun:1
ਖਿਡਾਉਣਾ	khidauna:2	khiddauna:1
ਖਿਡਾਉਣੇ	khidaune:1	khidauune:1	khiddaune:1
ਖਿਡਾਰਨ	khidaran:2	khiddaran:1
ਖਿਡਾਰਨਾਂ	khidarnan:2	khiddarna:1
ਖਿਡਾਰੀ	khidari:2	khiddari:1
ਖਿਡਾਰੀਆ	khidaria:1	khidariaa:1	khiddariya:1
ਖਿਡਾਰੀਆਂ	khidariaan:2	khidarian:2	khiddariyan:2
ਖਿਡੌਣਾ	khidauna:3	khidona:1
ਖਿਡੌਣਿਆਂ	khidaunian:3
ਖਿਡੌਣੇ	khidaune:2	khidauney:1
ਖਿਣ	khin:3
ਖਿਤਾਬ	khitab:3
ਖਿਤਾਬਾਂ	khitaban:3
ਖਿਤਾਬੀ	khitabi:3
ਖਿਤੇ	khitey:2	khite:1
ਖਿਦਮਤ	khidmat:2	khidmt:1
ਖਿਦਰਾਣਾ	khidrana:3
ਖਿਨ	khin:3
ਖਿਲ	khil:3
ਖਿਲਜੀ	khilji:3
ਖਿਲਦੀ	khildi:3
ਖਿਲਰਿਆ	khilria:1	khilriaa:1	khilriya:1
ਖਿਲਰੀਆਂ	khilriaan:2	khilrian:1
ਖਿਲਵਾੜ	khilwaad:2	khilwarh:2	khilvahd:1	khilvar:1
ਖਿਲਾਉਣ	khilaun:2	khilauun:1
ਖਿਲਾਏ	khilaye:2	khilae:1
ਖਿਲਾਫ	khilaf:4	khilaaf:2
ਖਿਲਾਫਤ	khilafat:3
ਖਿਲਾਫ਼	khilaf:2	khilafh:1
ਖਿਲਾਫ਼ਤ	khilafat:3
ਖਿਲਾਰ	khilar:2	khilaar:1
ਖਿਲਾਰਦੇ	khilaarde:1	khilarde:1	khilardey:1
ਖਿਲਾੜੀ	khiladi:3
ਖਿਲੇ	khile:2	khiley:1
ਖਿਸਕ	khisak:3
ਖਿਸਕਾ	khiska:3	khesaka:1	kheska:1
ਖਿੜ	khid:4	khirh:2	khidd:1	khir:1
ਖਿੜਕੀ	khidki:3	khidaki:1	khiddki:1	khirki:1
ਖਿੜਕੀਆਂ	khidkiaan:2	khirkiaan:2	khidkian:1	khirhkian:1
ਖਿੜਦਾ	khidada:1	khirda:1	khirhda:1
ਖਿੜਿਆ	khidia:1	khirhia:1	khiriaa:1
ਖਿੜੀ	khidi:2	khirhi:1	khiri:1
ਖਿੰਡ	khind:6
ਖਿੰਡਾ	khinda:3
ਖਿੰਡਾਅ	khindaa:2	khinda:1
ਖਿੰਡਾਉਣ	khindaun:3
ਖਿੰਡਿਆ	khindia:3
ਖਿੰਡੇ	khinde:2	khindey:1
ਖਿੱਚ	khicch:1	khich:1	khichh:1
ਖਿੱਚਕੇ	khicchake:1	khichake:1	khichhke:1	khichke:1
ਖਿੱਚਣ	khicchan:1	khichan:1	khichhan:1
ਖਿੱਚਣਾ	khicchna:1	khichhna:1	khichna:1
ਖਿੱਚਦਾ	khichda:2	khicchda:1	khichada:1
ਖਿੱਚਦੀਆਂ	khicchdiaan:1	khichadiyan:1	khichdian:1	khichdiyan:1
ਖਿੱਚਦੇ	khicchde:1	khichde:1	kichhde:1
ਖਿੱਚਵੇਂ	khichchaven:1	khichvein:1	khichwein:1
ਖਿੱਚਿਆ	khicheya:2	khicchiaa:1
ਖਿੱਚੀ	khicchi:1	khichhi:1	khichi:1
ਖਿੱਚੀਆਂ	khicchiaan:1	khichhian:1	khichiyan:1
ਖਿੱਚੂ	khicchu:1	khichhu:1	khichu:1
ਖਿੱਚੇ	khicche:1	khiche:1	khichhe:1
ਖਿੱਚੇਗਾ	khichega:2	khicchega:1
ਖਿੱਝ	khijh:2	khijjh:1
ਖਿੱਤਾ	khitta:3
ਖਿੱਤਿਆਂ	kheetian:1	khittian:1	khittiyan:1
ਖਿੱਤੇ	khitte:2	khittey:1
ਖਿੱਲਰ	khillar:3
ਖਿੱਲਾਂ	khillan:2	khilan:1
ਖੀਰ	kheer:3
ਖੀਰਾ	kheera:2	khira:1
ਖੀਰੇ	khire:2	kheere:1
ਖੀਵੀ	khivi:2	kheevee:1	kheewi:1
ਖੁਆਇਆ	khuaaiaa:1	khuaia:1	khuaya:1
ਖੁਆਰ	khuar:2	khooar:1	khuaar:1
ਖੁਜਲੀ	khujli:3	khujlee:1
ਖੁਦ	khud:3
ਖੁਦਕਸ਼ੀ	khudkashi:1	khudkshee:1	khudkshi:1
ਖੁਦਕੁਸ਼ੀ	khudkushi:3
ਖੁਦਕੁਸ਼ੀਆਂ	khudkushian:6
ਖੁਦਗਰਜ਼	khudgaraz:2	khudgarz:1
ਖੁਦਮੁਖਤਾਰ	khudmukhtar:3
ਖੁਦਮੁਖਤਾਰੀ	khudmukhtari:3
ਖੁਦਮੁਖਤਿਆਰੀ	khudmukhtiari:2	khudmukhtiyari:1
ਖੁਦਾ	khuda:4	khudaa:1
ਖੁਦਾਈ	khudai:3	khudayee:1
ਖੁਦਾਈਆਂ	khudaian:2	khudaiyaan:1
ਖੁਦੀ	khudi:3
ਖੁਨ	khun:3
ਖੁਫ਼ੀਆ	khufeea:1	khufia:1	khufiya:1
ਖੁਫਿਆ	khudhiya:1	khufia:1	khuphia:1
ਖੁਫੀਆ	khufia:1	khufiya:1	khupeea:1
ਖੁਬਸੂਰਤ	khubsoorat:2	khubsoort:1	khubsurat:1
ਖੁਬਸੂਰਤੀ	khubsoorti:2	khubasooratee:1	khubsurati:1	khubsurti:1
ਖੁਭਿਆ	khubhia:3
ਖੁਭੇ	khubhe:3
ਖੁਮਾਰ	khumar:3
ਖੁਮਾਰੀ	khumari:3
ਖੁਰ	khur:2	khurr:1
ਖੁਰਕ	khurak:2	khurk:1
ਖੁਰਚ	khurach:2	khurch:1
ਖੁਰਚਦਾ	khurachda:1	khurchada:1	khurchda:1
ਖੁਰਦ	khurd:2	khurad:1
ਖੁਰਦਬੀਨ	khuradabeen:1	khurdbeen:1	khurdbin:1
ਖੁਰਦਰੀ	khurdari:2	khurdree:1
ਖੁਰਦਰੇ	khurdare:2	khurdre:1
ਖੁਰਪੇ	khurape:2	khurpe:2
ਖੁਰਲੀ	khurali:1	khurlee:1	khurli:1
ਖੁਰਸ਼ੀਦ	khursheed:3	khurshid:1
ਖੁਰਾਕ	khurak:2	khuraak:1
ਖੁਰਾਕਾਂ	khurakaan:2	khurakan:1
ਖੁਰਾਕੀ	khuraki:2	khurakee:1
ਖੁਰਾਣਾ	khurana:3	khuranna:1
ਖੁਰਾਨਾ	khurana:3
ਖੁਰਾਸਾਨ	khuraasaan:1	khurasaan:1	khurasan:1
ਖੁਲ	khul:3
ਖੁਲਦੀ	khuldi:3
ਖੁਲਵਾਉਣ	khulvauun:1	khulwaun:1	khulwaunn:1
ਖੁਲਾਸਾ	khulasa:3
ਖੁਲੀ	khuli:3
ਖੁਲੇ	khule:2	khuley:1
ਖੁਲ੍ਹ	khulh:2	khoolh:1
ਖੁਲ੍ਹਣ	khulhan:3
ਖੁਲ੍ਹਦਾ	khulhada:1	khulhda:1	khullhda:1
ਖੁਲ੍ਹੀ	khulhi:2	khuli:1	kuli:1
ਖੁਲ੍ਹੀਆਂ	khulhiaan:1	khulhian:1	kulian:1	kulyain:1
ਖੁਲ੍ਹੇ	khulhe:2	khule:1	kule:1
ਖੁਸ	khus:3
ਖੁਸਰੇ	khusre:3
ਖੁਸਰੋ	khusro:3
ਖੁਸ਼	khush:3
ਖੁਸ਼ਕ	khushak:3
ਖੁਸ਼ਕਿਸਮਤ	khushkismat:2	khushakismat:1
ਖੁਸ਼ਕਿਸਮਤੀ	khushakismati:1	khushhkismati:1	khushkismatee:1
ਖੁਸ਼ਗਵਾਰ	khushgawar:2	khushhgavar:1
ਖੁਸ਼ਨਸੀਬੀ	khushnasibi:3
ਖੁਸ਼ਬੀਰ	khushbir:2	khushbeer:1
ਖੁਸ਼ਬੂ	khushboo:2	khushbu:2
ਖੁਸ਼ਬੂਦਾਰ	khushbudaar:2	khooshboodar:1	khooshbudar:1	khushboodar:1
ਖੁਸ਼ਵੰਤ	khushwant:3	khooshwant:1
ਖੁਸ਼ਹਾਲ	khushhaal:2	khushahaal:1	khushahal:1	khushal:1
ਖੁਸ਼ਹਾਲੀ	khushahaali:1	khushhaali:1	khushhali:1
ਖੁਸ਼ੀ	khushi:3
ਖੁਸ਼ੀਆ	khushia:3	khooshia:1
ਖੁਸ਼ੀਆਂ	khushian:4	khushiaan:1	khushiyaan:1
ਖੁਸੀ	khusi:3	khusee:1
ਖੁੰਢਾਂ	khundan:1	khundhaan:1	khundhan:1
ਖੁੰਭ	khumbh:2	khumb:1	kumb:1
ਖੁੱਡ	khudd:3
ਖੁੱਡਾਂ	khuddan:2	khunddan:1
ਖੁੱਡੀ	khuddi:3
ਖੁੱਡੀਆਂ	khuddiaan:1	khuddiyaan:1	khudian:1
ਖੁੱਤੀ	khutti:3	khuttee:1
ਖੁੱਲ	khull:3	khul:1
ਖੁੱਲਣ	khullan:2	khulann:1
ਖੁੱਲਦੀ	khulldi:2	khuldi:1	khulldee:1
ਖੁੱਲਦੇ	khulde:1	khullde:1	khulldey:1
ਖੁੱਲਾ	khulla:3
ਖੁੱਲਾਂ	khullan:2	khulaan:1
ਖੁੱਲਿਆ	khulliaa:2	khullia:1
ਖੁੱਲੀ	khulli:3
ਖੁੱਲੀਆਂ	khullian:2	khulliaan:1
ਖੁੱਲੇ	khulle:2	khulley:1
ਖੁੱਲ੍ਹ	khullh:2	khulh:1
ਖੁੱਲ੍ਹਦਾ	khullhda:2	khulhada:1
ਖੁੱਲ੍ਹਾ	khula:1	khulha:1	khullha:1
ਖੁੱਲ੍ਹਿਆ	khulheya:1	khuliyan:1	khullhiaa:1	khulyaan:1
ਖੁੱਲ੍ਹਿਆਂ	khulhian:1	khullhiaan:1	khulyan:1
ਖੁੱਲ੍ਹੀ	khullhi:2	khuli:1
ਖੁੱਲ੍ਹੀਆਂ	khulhian:1	khulian:1	khullhiaan:1	khulyan:1
ਖੁੱਲ੍ਹੇ	khullhe:2	khule:1
ਖੁੱਲ੍ਹੇਆਮ	khuleaam:1	khulheaam:1	khullheaam:1
ਖੁੱਲ੍ਹੇਗਾ	khullhega:2	khulega:1
ਖੁੱਸ	khuss:3
ਖੁੱਸਣ	khussan:2	khusan:1
ਖੂਨ	khoon:2	khun:2
ਖੂਨਦਾਨੀਆਂ	khoondanian:1	khoondanyen:1	khundaniaan:1	kundanyen:1
ਖੂਨੀ	khuni:2	khoon:1	khooni:1
ਖੂਬ	khoob:1	khub:1	koohb:1	kuhb:1
ਖੂਬਸੂਰਤ	khubsurat:2	khoobsurat:1
ਖੂਬਸੂਰਤੀ	khoobsurati:2	khubsurati:1	khubsurti:1
ਖੂਬੀ	khubi:2	khoobi:1	kuhbi:1
ਖੂਬੀਆਂ	khoobian:1	khubiaan:1	khubian:1	khubyan:1
ਖੂਹ	khuh:2	khooh:1	khu:1
ਖੂਹਾਂ	khuhan:2	khoohan:1	khuhain:1
ਖੂਹੀ	khuhi:2	khoohi:1
ਖੂਹੀਆਂ	khuhian:2	khoohian:1	khuhiaan:1	khuyian:1
ਖੂਹੰਦ	khuhand:2	khoohand:1	kuhand:1
ਖੂੰਜਿਆਂ	khunjiaan:2	khoonjian:1	khunjeeaan:1
ਖੂੰਟੀ	khoonti:2	khunti:2
ਖੂੰਡੀ	khundi:3	khundee:1
ਖੇਡ	khed:3
ਖੇਡਕੇ	khedke:3
ਖੇਡਣ	khedan:3
ਖੇਡਣਾ	khedna:3	khedana:1
ਖੇਡਣੀ	khedni:3	khednee:1
ਖੇਡਣੇ	khedne:3	khednaye:1
ਖੇਡਦਾ	khedada:2	khedda:1
ਖੇਡਦਿਆਂ	khedadiyan:1	kheddiaan:1	khedeyan:1
ਖੇਡਦੀ	kheddi:2	khedadi:1
ਖੇਡਦੀਆਂ	khedadiyan:1	kheddiaan:1	khediyan:1
ਖੇਡਦੇ	khedade:2	khedde:1
ਖੇਡਾ	kheda:3
ਖੇਡਾਂ	khedan:2	khedaan:1
ਖੇਡਿਆ	khedya:4	khedia:2	khediaa:2
ਖੇਡਿਆਂ	khedia:1	khediaan:1	khedian:1	khediya:1
ਖੇਡੀ	khedi:3
ਖੇਡੀਆਂ	khediaan:1	khedien:1	khedyan:1
ਖੇਡੇ	khede:3
ਖੇਤ	khet:3
ਖੇਤਰ	khetar:3
ਖੇਤਰਪਾਲ	khetarpal:3
ਖੇਤਰਫਲ	khetarfal:3
ਖੇਤਰਫ਼ਲ	khetarfal:1	khetarfhal:1	khetarphal:1
ਖੇਤਰਾਂ	khetaran:1	khetraan:1	khetran:1
ਖੇਤਰੀ	khetri:3
ਖੇਤਾ	kheta:3
ਖੇਤਾਂ	khetan:2	khetaan:1
ਖੇਤੀ	kheti:3
ਖੇਤੀਬਾੜੀ	khetibadi:3	khetibadhi:2	khetibari:1
ਖੇਮਕਰਨ	khemkaran:3
ਖੇਮੇ	kheme:3
ਖੇਰ	kher:3
ਖੇਰੂ	kheru:3
ਖੇਲ	khel:4	kheel:1	qhel:1
ਖੇਲਨ	khelan:3
ਖੇਲਾ	khela:3
ਖੇਵਾ	kheva:2	khewa:1
ਖੇਸ	khes:3
ਖੇਹ	kheh:3
ਖੇਹਨੂੰ	khehnun:3	khehnoon:1
ਖੇੜਾ	khera:3	khedha:2	kheda:1	kheden:1
ਖੇੜਿਆ	khedeya:1	khedhiya:1	kheriaa:1	kheriya:1
ਖੇੜਿਆਂ	khedian:1	khediyan:1	kheriaan:1
ਖੇੜੀ	kheri:2	khedhi:1	kherhi:1
ਖੇੜੇ	khere:2	khede:1	khedhe:1
ਖੈ	khae:1	khe:1	khei:1
ਖੈਬਰ	khaiber:2	khyber:2	khaebar:1	khaibar:1
ਖੈਰ	khaer:1	khair:1	khayr:1
ਖੈਰਪੁਰ	khaerpur:1	khairpur:1	khayrpur:1
ਖੈਰਾ	khera:2	khaera:1	khaira:1	khayra:1
ਖੋ	kho:3
ਖੋਆ	khoa:2	khoaa:1	khoya:1
ਖੋਇਆ	khoeaa:1	khoya:1	khoyiya:1
ਖੋਏ	khoye:2	khoe:1
ਖੋਖਰ	khokhar:2	khookhar:1
ਖੋਖਰਾ	khokhra:3
ਖੋਖਲਾ	khokhla:2	khokhlaa:1
ਖੋਖਲਾਪਣ	khokhlapan:2	khokhlapann:1
ਖੋਖਲੀ	khokhli:2	khokhali:1
ਖੋਖਲੇ	khokhle:2	khokhley:1
ਖੋਖਲੇਪਨ	khokhlepan:3
ਖੋਜ	khoj:3
ਖੋਜਕਰਤਾ	khojkarta:2	khojakarta:1
ਖੋਜਕਰਤਾਵਾਂ	khojkartavan:2	khojkartawan:1
ਖੋਜਕਾਰ	khojkar:2	khojkaar:1
ਖੋਜਕਾਰਾਂ	khojkaran:2	khojkaaran:1
ਖੋਜਣ	khojan:3
ਖੋਜਣਾ	khojna:3
ਖੋਜਦਾ	khojda:3
ਖੋਜਦੇ	khojde:3
ਖੋਜ਼	khoz:3	khoj:1
ਖੋਜਾ	khoja:3
ਖੋਜਾਂ	khojan:2	khojaan:1
ਖੋਜਾਰਥੀ	khojarthi:2	khojarathi:1
ਖੋਜਿਆ	khojia:1	khojiaa:1	khojya:1
ਖੋਜੀ	khoji:3
ਖੋਜੀਆਂ	khojiaan:1	khojian:1	khojiyan:1
ਖੋਜੇ	khoje:3
ਖੋਟ	khot:3
ਖੋਟਾ	khota:3
ਖੋਟੀ	khoti:3	khotee:1
ਖੋਟੇ	khote:3
ਖੋਤ	khot:3
ਖੋਤਾ	khota:3
ਖੋਤੀ	khoti:3
ਖੋਤੀਆਂ	khotiaan:1	khotian:1	khotiyan:1
ਖੋਤੇ	khote:3	khotey:1
ਖੋਦ	khod:3
ਖੋਦਣ	khodan:2	khodanh:1
ਖੋਦਿਆ	khodia:2	khodiaa:1
ਖੋਪੇ	khope:2	khopey:1
ਖੋਪੜੀ	khopadi:1	khopri:1	thopdi:1
ਖੋਪੜੀਆਂ	khopdiaan:1	khopriaan:1	thoprian:1
ਖੋਭ	khobh:3
ਖੋਰ	khor:3
ਖੋਰਦਾ	khorda:3
ਖੋਰਨ	khoran:3
ਖੋਰਾ	khora:5
ਖੋਰਾਂ	khoraan:2	khoran:1
ਖੋਲ	khol:3
ਖੋਲਕੇ	kholke:2	kholkey:1
ਖੋਲਣ	kholan:3
ਖੋਲਦਾ	kholda:3
ਖੋਲਦੀਆਂ	kholdiaan:2	kholdian:1
ਖੋਲਾਂ	kholaan:2	kholan:1
ਖੋਲਿਆ	kholiaa:3	kholia:2	kholeya:1
ਖੋਲੀ	kholi:3
ਖੋਲੀਆਂ	kholeeaan:1	kholiaan:1	kholian:1	kholiyaan:1
ਖੋਲੇ	kholey:2	khole:1
ਖੋਲੋ	kholo:3
ਖੋਲ੍ਹ	kholh:3
ਖੋਲ੍ਹਣ	kholhan:3	khaulann:1
ਖੋਲ੍ਹਣਾ	kholhna:2	kholhana:1	kholna:1
ਖੋਲ੍ਹਦੀ	kholhdi:2	kholdi:1	kholhadi:1
ਖੋਲ੍ਹਿਆ	kholhia:1	kholhiaa:1	kholhiya:1
ਖੋਲ੍ਹੀ	kholhi:2	kholhee:1
ਖੋਲ੍ਹੀਆਂ	kholhiaan:2	kholhian:1	kholiaan:1
ਖੋਲ੍ਹੇ	kholhe:2	kholeh:1
ਖੋਸਲਾ	khosla:3
ਖੋਹ	khoh:3
ਖੋਹਣ	khohan:3
ਖੋਹਲ	khohal:3
ਖੋਹਿਆ	khohiaa:2	khohia:1
ਖੋਹੀਆਂ	khohiaan:2	khohian:1	khoieean:1
ਖੋਹੇ	khohe:2	khohey:1
ਖੋੜ	khod:2	khaur:1	khor:1
ਖੌਜ	khoj:3
ਖੌਫ	khauf:2	khoph:1
ਖੌਫਨਾਕ	khaufnak:2	khaufnaak:1
ਖੌਫ਼	khauf:1	khaufh:1	khuaf:1
ਖੌਰੇ	khore:2	khaure:1
ਖੌਹ	khauh:2	khoh:2
ਖੜ	khad:3	kharh:1
ਖੜਕ	khadak:3	kharak:2	khdk:1
ਖੜਕਣ	khadkan:3
ਖੜਕਦਾ	khadakda:2	khadkada:1
ਖੜਕਾ	khadka:3	kharka:1
ਖੜਕੇ	khadke:2	khadkey:1	kharke:1
ਖੜਗ	khadag:2	kharag:1
ਖੜਗਪੁਰ	kharagpur:3	khudagpur:1	qharagpur:1
ਖੜਦਾ	kharda:4	khadada:1	khadda:1	khardaa:1
ਖੜਦੀ	khardi:3	khardee:1
ਖੜਨ	khadan:2	kharan:1
ਖੜਾ	khada:3	khara:2	khadaa:1	khadda:1
ਖੜਾਇਆ	khadaaia:1	khadaaiya:1	khadaea:1	khadaia:1
ਖੜਿਆ	khadia:1	kharhiaa:1	kharia:1
ਖੜੀ	khadi:3	khari:2	khaddi:1	kharhi:1
ਖੜੀਆ	kahriaa:1	khadia:1	kharhiaa:1
ਖੜੀਆਂ	karhiaan:1	khaddiyan:1	khadiaan:1	khadian:1
ਖੜੇ	khadey:3	khadde:1	khare:1	kharey:1
ਖੜੋ	khado:2	kharo:1
ਖੜੋਤ	khadot:2	kharaut:1	kharot:1
ਖੜੋਤਾ	khadota:2	kharota:1
ਖੜ੍ਹ	khadah:1	khadh:1	kharh:1
ਖੜ੍ਹਨ	kharhan:2	khadhan:1
ਖੜ੍ਹਾ	khadha:2	kharha:2	khada:1	khadah:1
ਖੜ੍ਹੀ	kharhi:3	kadihi:1	khadeeh:1	khadih:1
ਖੜ੍ਹੀਆਂ	khadihiaan:1	kharhiaan:1	kharhian:1
ਖੜ੍ਹੇ	kharhe:3	khadeh:2	khaddeh:1	khadhe:1
ਖੰਗ	khang:2	khaang:1
ਖੰਘ	khangh:3
ਖੰਡ	khand:4
ਖੰਡਣ	khandan:3
ਖੰਡਨ	khandan:3
ਖੰਡਰ	khandar:3
ਖੰਡਰਾਂ	khandaran:1	khandraan:1	khandran:1
ਖੰਡਵਾ	khandava:1	khandawa:1	khandva:1	khandwa:1
ਖੰਡਹਰ	khandhar:3
ਖੰਡਾ	khanda:3
ਖੰਡਾਂ	khandan:3	khanda:1
ਖੰਡਾਲਾ	khandala:3
ਖੰਡਿਤ	khandit:3
ਖੰਡੀ	khandi:3	khandee:2
ਖੰਡੇ	khande:3
ਖੰਨਾ	khanna:5	khana:2	khannaa:1
ਖੰਨੇ	khanne:2	khane:1
ਖੰਬ	khamb:3	khambh:1
ਖੰਬਿਆਂ	khambiaan:1	khambian:1	khambiya:1	khambiyan:1
ਖੰਭ	khambh:3	khamb:1
ਖੰਭਾ	khambha:3	khamba:1
ਖੰਭਾਂ	khambhan:3	khamba:1	khamban:1
ਖੰਭਿਆਂ	khambhiaan:1	khambhian:1	khambhiya:1	khambhiyan:1
ਖੰਭੇ	khambhe:3	khambe:1
ਖੰਮਣੀ	khamni:3	khamnee:1
ਖੱਖੇ	khakhe:3
ਖੱਚਰ	khachar:2	khacher:1	khachhar:1
ਖੱਚਰਾਂ	khachran:2	khacharan:1	khachhran:1	khachraan:1
ਖੱਜਲ	khajjal:3	khajal:1
ਖੱਟ	khat:2	khatt:2
ਖੱਟਣ	khattan:2	khatan:1
ਖੱਟਾ	khatta:3	khata:1
ਖੱਟਿਆ	khattia:2	khateya:1	khttia:1
ਖੱਟੀ	khatti:2	khatee:1	khatyi:1	khttee:1
ਖੱਟੀਆਂ	khateeyan:1	khatiyan:1	khattiyan:1	khttian:1
ਖੱਟੇ	khatte:2	khate:1	khtte:1
ਖੱਡ	khadd:2	khad:1	khdd:1
ਖੱਡਾ	khadda:3	khada:1
ਖੱਡਾਂ	khaddan:2	khadan:1	khadda:1
ਖੱਡੀ	khaddi:2	khadee:1	khddi:1
ਖੱਡੇ	khadde:2	khade:1	khdde:1
ਖੱਤਰੀ	khatree:1	khatri:1	khattri:1	khttree:1
ਖੱਦਰ	khaddar:2	khddr:1
ਖੱਪਰ	khapar:1	khappar:1	khppr:1
ਖੱਪਿਆਂ	khapiaan:1	khappian:1	khppian:1
ਖੱਬਲ	khabbal:2	khbbl:1
ਖੱਬਾ	khabba:2	khbba:1
ਖੱਬਿਓਂ	khabbio:1	khabiooan:1	khbbion:1
ਖੱਬੀ	khabbi:2	khbbi:1
ਖੱਬੀਆਂ	khabbiaan:1	khabian:1	khbbian:1
ਖੱਬੂ	khabbu:2	khbboo:1
ਖੱਬੇ	khabbe:1	khabbey:1	khbbe:1
ਖੱਬੇਪੱਖੀ	khabbepakhhi:1	khabbeypakhi:1	khbbepkhkhi:1
ਖੱਲ	khall:3	khal:1
ਗਇਆ	gaeaa:1	gaya:1	gayia:1	geya:1
ਗਈ	gayi:4	gaee:2	gai:1	gayee:1
ਗਈਂ	gaeen:1	gai:1	gayeen:1	gayi:1
ਗਈਆ	gayia:2	gaeeaa:1
ਗਈਆਂ	gayian:8	gaeeaan:4	gayia:1
ਗਉੜੀ	gaudee:1	gaudi:1	gaudii:1	gauree:1
ਗਊ	gau:4	gauu:3
ਗਊਸ਼ਾਲਾ	gaushala:2	gauushala:1
ਗਏ	gaye:4	gae:2	gye:1
ਗਗਨ	gagan:3
ਗਗਨਜੀਤ	gaganjeet:3	gaganjit:1
ਗਗਨਦੀਪ	gagandeep:3	gagandip:1
ਗਜ	gaj:3
ਗਜਨਵੀ	gajnavi:3
ਗਜਨੀ	gajni:3
ਗਜਪੱਤ	gajpatt:3
ਗਜਬ	gajab:3
ਗਜਰੇ	gajre:3
ਗਜਲ	gajal:3
ਗਜ਼	gaz:3
ਗਜ਼ਟ	gazat:2	gazzette:1	guzet:1
ਗਜ਼ਟਿਡ	gazzeted:2	gaezetid:1	gajetted:1	gajitid:1
ਗਜ਼ਨਵੀ	gaznavi:3
ਗਜ਼ਨੀ	gazni:3
ਗਜ਼ਰ	gazar:3
ਗਜ਼ਲ	gazal:2	gajal:1	gazhal:1	ghazal:1
ਗਜ਼ਲਾਂ	gajlan:1	gazhlan:1	gazlaan:1	gazlan:1
ਗਜਾ	gaja:3	gaza:1
ਗਜੇਂਦਰ	gajendar:1	gajender:1	gajendra:1
ਗਟਾਰ	gataar:3	guitar:1
ਗਠ	gath:2	gad:1
ਗਠਜੋੜ	gathjod:3	gathjorh:2	gathjaud:1	gathjodh:1
ਗਠਨ	gathan:3
ਗਠਬੰਧਨ	gathbandhan:3
ਗਠਿਤ	gathit:2	gathet:1
ਗਠੀਆ	gathia:2	gatheea:1
ਗਣ	gan:3
ਗਣਤੰਤਰ	gantantar:3
ਗਣਨਾ	ganana:2	gannaa:1
ਗਣਨਾਵਾਂ	gananaavan:1	gananawan:1	gananvan:1	gannaavan:1
ਗਣਪਤੀ	ganpati:3	ganpatee:1
ਗਣਰਾਜ	ganraj:3	ganraaj:1
ਗਣਿਤ	ganit:3
ਗਣਿਤਕ	ganitak:2	ganitkar:1
ਗਣਿਤਿਕ	ganitik:2	ganetek:1
ਗਣਿਤੀ	ganitee:2	ganeit:1	ganiti:1
ਗਣੇਸ਼	ganesh:4	gajehs:1	ganeesh:1	ganes:1
ਗਣੇਸ਼ਨ	ganeshan:3
ਗਤਕਾ	gatka:2	gataka:1
ਗਤਿ	gati:2	gate:1
ਗਤਿਵਿਧਿਆਂ	gatevedheeaan:1	gatividhiaan:1	gatividhian:1
ਗਤੀ	gati:2	gatee:1
ਗਤੀਆਂ	gatian:3	gatiyan:1
ਗਤੀਮਾਨ	gatimaan:2	gatiman:2
ਗਤੀਵਿਧਿਆਂ	gatividhiyan:2	gatividhiaan:1
ਗਤੀਵਿਧੀ	gatividhi:3	gatividhee:1
ਗਤੀਵਿਧੀਆ	gatividhiya:2	gatividhiaa:1
ਗਤੀਵਿਧੀਆਂ	gatividhiyan:3	gatividhiaan:2	gativdhiyan:1	gatividheeyan:1
ਗਤੀਸ਼ੀਲ	gatisheel:2	gatishil:1
ਗਤੀਸ਼ੀਲਤਾ	gatisheelta:2	gatishilta:1
ਗਦ	gad:3	gadd:1
ਗਦਰ	gadar:3
ਗਦਰੀ	gadri:2	gadaree:1	gadari:1	gadree:1
ਗਦਰੀਆਂ	gadareeyan:1	gadariyan:1	gadriaan:1	gadrian:1
ਗਦਾ	gada:3	gadda:1
ਗਦਾਫ਼ੀ	gadafi:2	gadafee:1	gadaffee:1	gadafhi:1
ਗਦਾਰੀ	gadaari:1	gadaree:1	gadari:1	gdari:1
ਗਧਾ	gadha:2	gdha:1
ਗਧਿਆਂ	gadheyan:1	gadhian:1	gdhian:1
ਗਧੇ	gadhe:2	gdhe:1
ਗਨ	gan:2	gun:2	gunn:2	gana:1
ਗਮ	gam:3	gum:1
ਗਮਨ	gaman:3
ਗਮਲਿਆਂ	gamlian:2	gamliyan:1
ਗਮਲੇ	gamle:3	gamley:1
ਗਮੀਆਂ	gamian:2	gameeyan:1	gamiyan:1
ਗਯਾ	gaya:4	gayaa:1	gya:1
ਗਯੰਦ	gayand:3
ਗਰਕ	garak:3
ਗਰਗ	garag:2	garg:1
ਗਰਜ	garaj:3
ਗਰਜਾ	garja:3	garza:1
ਗਰਦ	garad:3	gard:1
ਗਰਦਣ	gardan:3	gardun:1
ਗਰਦਨ	gardan:3
ਗਰਦਾਨਿਆ	gardania:2	gardaneya:1
ਗਰਬ	garab:3	garbh:1	grabb:1	grub:1
ਗਰਬਾ	garba:3	garaba:1	garabaa:1	garbaa:1
ਗਰਭ	garabh:3
ਗਰਭਧਾਰਨ	garabdharan:1	garabhadhaaran:1	garabhdharan:1
ਗਰਭਪਤੀ	garabhpati:3
ਗਰਭਪਾਤ	garabhpaat:1	garabhpat:1	garbhpaat:1
ਗਰਭਵਤੀ	garabhvatee:1	garabhvati:1	garabhwati:1
ਗਰਭਿਤ	garbhit:2	gharbit:1
ਗਰਮ	garam:3	garm:1
ਗਰਮਜੋਸ਼ੀ	garamjoshi:3	garmjoshi:1
ਗਰਮਾ	garma:3
ਗਰਮਾਉਣ	garmaounn:1	garmaun:1	garmauun:1
ਗਰਮੀ	garmi:3	garmee:1
ਗਰਮੀਆਂ	garmiaan:1	garmian:1	garmiyan:1
ਗਰਲ	girl:2	garal:1	garl:1
ਗਰਲਜ	garlaj:2	girlaj:1	girls:1
ਗਰਵ	garv:3	garav:1
ਗਰਵਨਰ	garvanar:1	garvnar:1	governer:1
ਗਰਹੋਂ	garahon:2	garaho:1	garhon:1
ਗਰਾਂ	garan:1	graan:1	gran:1
ਗਰਾਂਟਸ	grants:2	garants:1
ਗਰਾਈ	garayi:2	grai:1
ਗਰਾਉਂਡ	ground:2	graundh:1
ਗਰਾਊਂਡ	ground:2	graundh:1
ਗਰਾਨਾਦਾ	granada:3
ਗਰਾਫਿਕਸ	graphics:3	grafics:1	grafiks:1	graifics:1
ਗਰਾਫੀਕਲ	grafical:1	grafikal:1	grafikul:1	graphical:1
ਗਰਾਸ	garaas:1	garas:1	graas:1	grass:1
ਗਰਾਹਮ	graham:2	garaham:1
ਗਰਾਹੀਆਂ	garahian:1	grahian:1	grahiyan:1
ਗਰਿਫ਼ਤਾਰ	gariftar:1	giraftar:1	griphtaar:1
ਗਰਿਮਾ	garima:2	garma:1
ਗਰਿੱਡ	grid:3	garidh:1	grida:1
ਗਰਿੱਲ	grill:3	garrl:1	gril:1
ਗਰੀਕ	gareek:2	garik:1
ਗਰੀਕਾਂ	gareekan:1	garikaan:1	greekan:1
ਗਰੀਨ	green:2	gareen:1	garin:1
ਗਰੀਨਲੈਂਡ	greenland:2	gareenlayndh:1
ਗਰੀਬ	gareeb:2	garib:1
ਗਰੀਬਾਂ	gariban:2	gareeban:1	garibaan:1
ਗਰੀਬੀ	garibi:3	gareebi:1
ਗਰੀਸ	garees:2	greece:1
ਗਰੁਪਾਂ	groupan:2	garupan:1
ਗਰੁੜ	garur:2	garudh:1
ਗਰੁੱਪ	garup:2	group:2	garap:1	garupa:1
ਗਰੁੱਪਾਂ	garupan:1	groupaan:1	groupan:1
ਗਰੂਤਾ	garuta:2	garoota:1	grouta:1
ਗਰੇ	grai:1	gray:1	gre:1	gree:1
ਗਰੇਵਾਲ	grewal:4	gareval:2
ਗਰੈਮਰ	grammer:2	greymer:1
ਗਰੋਵਰ	grover:3	garovar:1	gravar:1	graver:1
ਗਰੰਥ	garanth:2	granth:2
ਗਰੰਥਾਂ	granthan:2	garanthan:1
ਗਰੰਥੀ	granthi:2	garanthi:1
ਗਰੰਥੀਆਂ	garanthiyan:1	granthiaan:1	granthian:1
ਗਲ	gal:3
ਗਲਗਲ	galgal:3
ਗਲਤ	galat:3
ਗਲਤਫਹਮੀ	galatfehmi:2	galatfahmi:1
ਗਲਤੀ	galti:3
ਗਲਤੀਆਂ	galtian:4	galtiyan:2
ਗਲਪਕਾਰ	galpakar:2	galapkar:1
ਗਲਪਕਾਰਾਂ	galpakaran:2	galapkaaran:1
ਗਲਪੀ	galpi:3
ਗਲਫ	galaf:1	galf:1	gluff:1
ਗਲਫ਼	galaf:1	galf:1	gluff:1
ਗਲਬਾ	galba:3
ਗਲਬਾਤ	galbaat:2	galbat:1
ਗਲਬੇ	galbe:3
ਗਲ਼	gal:3
ਗਲ਼ੀ	galee:1	gali:1	galli:1	gully:1
ਗਲ਼ੇ	gale:3	gley:1
ਗਲਾ	gala:3
ਗਲਾਂ	galan:2	galaan:1
ਗਲਾਸ	glass:3
ਗਲਾਸਗੋ	galasago:1	glasgow:1	glassgow:1
ਗਲਾਸਾਂ	galasaan:1	galasan:1	glassan:1
ਗਲਾਸੀ	glassi:2	glassy:2	glashshy:1
ਗਲਿਆਰੇ	galiaare:1	galiaarey:1	galiare:1
ਗਲੀ	gali:4	gully:2	galee:1	galii:1
ਗਲੀਆਂ	galiaan:2	galian:1
ਗਲੀਚੇ	galeeche:1	galiche:1	galichey:1
ਗਲੇ	gale:1	galey:1	gley:1
ਗਲੇਨ	glen:3	galen:1	glain:1	gleen:1
ਗਲੇਸ਼ੀਅਰ	glaciar:1	glacier:1	glecier:1	gleshiar:1
ਗਲੇਸ਼ੀਅਰਾਂ	glacieran:1	glacieron:1	gleshiaran:1
ਗਲੈਕਸੀ	galaeksee:1	galaeksi:1	galaexy:1	galaxy:1
ਗਲੈਨ	glen:2	galain:1
ਗਲੈਮਰ	glaimar:1	glamar:1	glamer:1	glamor:1
ਗਲੋਂ	galon:2	gallon:1
ਗਲੋਚ	galoch:2	galauch:1	gloch:1
ਗਲੋਟੇ	galote:2	galautey:1	galotey:1
ਗਲੋਬਲੀਕਰਨ	globalikaran:3
ਗਲੋਸੀ	gloossee:1	gloossi:1	gloossy:1	gloowssy:1
ਗਵਰਨਰ	governor:3	governer:2	gavernar:1	gaverner:1
ਗਵਾ	gawa:2	gava:1
ਗਵਾਂਢੀ	gavandhi:1	gavandi:1	gawandhi:1	gwandee:1
ਗਵਾਇਆ	gavaeeaa:1	gawaeeaa:1	gawaya:1
ਗਵਾਈ	gavaee:1	gawaai:1	gawayi:1
ਗਵਾਉਣਾ	gavauna:1	gavauun:1	gawaauna:1
ਗਵਾਏ	gavae:1	gawaye:1	gvaye:1	gwaye:1
ਗਵਾਚਾ	gawacha:2	gavaacha:1	gavacha:1	gwacha:1
ਗਵਾਚੀ	gavachee:1	gavachi:1	gawachi:1	gwachi:1
ਗਵਾਰ	gavar:2	gawaar:1	gwaar:1	gwar:1
ਗਵਾਲੀਅਰ	gwalior:4	gvaaliar:1	gvaalier:1	gvaalior:1
ਗਵਾਹ	gavah:2	gawah:2	gvah:1	gwah:1
ਗਵਾਹਾਂ	gavahan:2	gawahan:1	gvahan:1	gwahan:1
ਗਵਾਹੀ	gavahi:2	gawahi:1	gwahee:1	gwahi:1
ਗਵਾਹੀਆਂ	gavahiaan:1	gavahiyan:1	gawahian:1	gwaheeyan:1
ਗਸ਼	gash:3
ਗਸ਼ਤ	gashat:2	gasht:1
ਗਹਿਗੱਚ	gahigach:2	gahagach:1
ਗਹਿਣਾ	gahina:1	gehna:1	gehnha:1
ਗਹਿਣਿਆਂ	gahiniaan:1	gehnhiyan:1	gehnian:1
ਗਹਿਣੇ	gahine:1	gehne:1	gehnhe:1
ਗਹਿਨ	gahin:2	gehen:1
ਗਹਿਰ	gahir:2	geher:1
ਗਹਿਰਾ	gahira:1	gehera:1	gehra:1
ਗਹਿਰਾਈ	gehrayi:2	gahiraee:1	gehrai:1
ਗਹਿਰਾਈਆਂ	gahiraeeaan:1	gahiraiyian:1	gehraiyan:1
ਗਹਿਰੀਆਂ	gahereean:1	gahiriyan:1	gehrian:1
ਗਹਿਰੇ	gahere:1	gahire:1	gehre:1
ਗਹਿਲੋਤ	gahelot:1	gahilaut:1	gahilot:1	gehlaut:1
ਗਹੀ	gahee:3	gahi:2
ਗ਼ਜ਼ਲ	gazal:2	gajal:1	ghazal:1	ghazhal:1
ਗ਼ਜ਼ਲਕਾਰ	gajalkar:1	gazalkar:1	ghazalkar:1	ghazhalkar:1
ਗ਼ਜ਼ਲਕਾਰੀ	gajalkari:1	gazalkari:1	ghazalkari:1	ghazhalkari:1
ਗ਼ਜ਼ਲਗੋ	gajalgo:1	gazalgo:1	ghazalgo:1	ghazhalgo:1
ਗ਼ਜ਼ਲਾਂ	gajlan:1	gazlaan:1	gazlan:1	ghazhlan:1
ਗ਼ਜ਼ਾ	gaza:2	gaja:1	gajja:1	gazza:1
ਗ਼ਦਰ	gadar:2	gaddar:1
ਗ਼ਦਰੀ	gadaree:2	gadari:2	gadri:1
ਗ਼ਦਰੀਆਂ	gadareeyan:2	gadariyan:2	gadrian:2	ghadriaan:2
ਗ਼ਦਾਰਾਂ	gadaaran:2	gadaran:1	gdaran:1
ਗ਼ਨੀ	ganee:2	gani:2	gane:1
ਗ਼ਮਾਂ	gaman:2	gama:1	gamaan:1
ਗ਼ਰਜ਼	garaz:3	garaj:1
ਗ਼ਰੀਬ	gareeb:2	garib:1
ਗ਼ਰੀਬਾਂ	gariban:3	gareeban:1
ਗ਼ਰੀਬੀ	garibi:3	gareebi:1
ਗ਼ਲਤ	galat:3
ਗ਼ਲਤੀ	galti:2	galati:1
ਗ਼ਲਬੇ	galbe:3
ਗ਼ਲੀ	gali:2	galee:1	gully:1
ਗ਼ਾਜ਼ੀ	gaazi:2	gazee:1	gazi:1	gazzi:1
ਗ਼ਾਫ਼ਿਲ	gafil:2	ghafil:1
ਗ਼ਾਲਿਬ	galib:2	ghalib:1
ਗ਼ੀਤ	geet:3
ਗ਼ੁਲਾਮ	gulam:2	ghulam:1	gulaam:1
ਗ਼ੁਲਾਮਾਂ	gulaman:2	ghulaman:1	gulama:1
ਗ਼ੁਲਾਮੀ	gulami:3	gulamee:1
ਗ਼ੁੱਸੇ	gusse:2	gunsse:1
ਗ਼ੈਰ	gair:2	ger:2
ਗ਼ੈਰਕਾਨੂੰਨੀ	gairkanooni:1	gairkanuni:1	gerkanuni:1
ਗ਼ੈਰਤ	gairat:3	gerat:1
ਗ਼ੈਰਤਮੰਦ	gairatmand:1	gairtamand:1	geratmand:1
ਗ਼ੈਰਹਾਜ਼ਰੀ	gerhazari:2	gairhazri:1
ਗ਼ੌਰ	gaur:3	gor:1
ਗ਼ੌਰਤਲਬ	gauratalab:1	gaurtalab:1	goartalab:1	goratalab:1
ਗ਼ੱਦਾਰਾਂ	gaddaran:2	gadaraan:1	gddaran:1
ਗ਼ੱਦਾਰੀ	gaddari:2	gadaree:1	gadari:1	gddari:1
ਗਾ	ga:2	gaa:2
ਗਾਂ	gaan:3	gan:2	gaa:1
ਗਾਂਗੁਲੀ	ganguli:2	ganguly:1
ਗਾਂਜਾ	ganja:2	gaanja:1
ਗਾਂਧੀ	gandhi:8	gandhee:1	gandhii:1
ਗਾਂਧੀਗਿਰੀ	gandhigiri:6
ਗਾਂਧੀਜੀ	gandhiji:3
ਗਾਂਧੀਵਾਦ	gandhivad:2	gandhiwad:2
ਗਾਂਧੀਵਾਦੀ	gandhivadi:4	gandhiwadi:4
ਗਾਂਵ	ganv:4	gaanv:2	ganw:2
ਗਾਂਵਾਂ	ganvan:1	ganwan:1	gavan:1	gawan:1
ਗਾਇਆ	gaeea:3	gaeya:1	gaiya:1	gaiyaa:1
ਗਾਇਕ	gayak:3	gaeek:2	gaik:1	gayaki:1
ਗਾਇਕਵਾੜ	gaekwad:2	gaekvaad:1
ਗਾਇਕਾ	gaeka:1	gaika:1	gayeka:1
ਗਾਇਕਾਂ	gaeekaan:2	gayakaan:2	gaaeekan:1	gaaikaan:1
ਗਾਇਕਾਵਾਂ	gaeekaava:1	gaikavan:1	gayekawan:1
ਗਾਇਕੀ	gaeeki:3	gayaki:3	gaaeki:1	gaiki:1
ਗਾਇਣ	gaainn:1	gaeen:1	gayan:1	guieen:1
ਗਾਇਤਰੀ	gayatri:2	gayatari:1
ਗਾਇਨ	gaeen:1	gayan:1	gyn:1
ਗਾਇਬ	gayab:3	gaeeb:1
ਗਾਈਆ	gaaeea:1	gaeela:1	gaiya:1	gaya:1
ਗਾਈਆਂ	gaeeaan:2	gaaiyan:1	gaiaan:1	gayian:1
ਗਾਈਕੀ	gaeeki:2	gayaki:1
ਗਾਈਡ	guide:3
ਗਾਉ	gao:1	gauu:1	gayu:1
ਗਾਉਂਦਾ	gaunda:2	gauunda:1
ਗਾਉਂਦੀ	gaundi:2	gauundi:1
ਗਾਉਂਦੀਆਂ	gaundiaan:1	gaundian:1	gauundeean:1
ਗਾਉਂਦੇ	gaaundey:1	gaunde:1	gauunde:1
ਗਾਉਣ	gaon:2	gaun:2	gauun:2	gayun:2
ਗਾਉਣਾ	gauna:2	gauuna:1
ਗਾਉਣਾਂ	gaaunna:1	gaunan:1	gauuna:1
ਗਾਉਣੇ	gaune:1	gauney:1	gauune:1
ਗਾਉਦੀਆਂ	gaudian:1	gaundiaan:1	gauudeean:1
ਗਾਉੜੀ	gaaudi:1	gaori:1	gauuree:1
ਗਾਊਨ	gaun:1	gauun:1	gown:1
ਗਾਏ	gaae:2	gaaye:1	gaye:1
ਗਾਓ	gao:2	gau:1
ਗਾਗ	gaag:2	gag:1	gagg:1
ਗਾਗਰ	gagar:2	gaagar:1	gaggar:1
ਗਾਗਾ	gaga:4	gaaga:1	gaagaa:1
ਗਾਜਰ	gajar:2	gaajar:1
ਗਾਜਰਾਂ	gaajraan:1	gajaraan:1	gajaran:1
ਗਾਜ਼ਾ	gaza:3	gaaja:1	gaajaa:1	gaaza:1
ਗਾਜ਼ਿਆਬਾਦ	gazhiabad:1	gaziabad:1	gaziyabad:1	ghaziabad:1
ਗਾਜ਼ੀ	gaazi:2	gazee:1	gazi:1
ਗਾਜ਼ੀਆਬਾਦ	gazhiabad:1	gaziabad:1	gaziyabad:1	ghaziabad:1
ਗਾਜਾ	gaja:2	gaaja:1
ਗਾਜੀਪੁਰ	gajipur:3
ਗਾਡੀ	gaadi:2	gaddi:1	gadee:1	gadi:1
ਗਾਣ	gaan:3	gan:1
ਗਾਣਾ	gana:3	gaana:1	ganna:1
ਗਾਣਿਆਂ	gaanian:2	ganeyan:1	ganniyan:1
ਗਾਣੇ	gaane:2	gane:1	ganne:1
ਗਾਥਾ	gatha:2	gaatha:1
ਗਾਥਾਵਾਂ	gathavan:2	gaathavan:1
ਗਾਦ	gaad:4	gad:1	gada:1
ਗਾਧੀ	gadhi:2	gaadhi:1
ਗਾਨ	gaan:3	gan:1	gun:1
ਗਾਨਾ	gana:2	gaana:1
ਗਾਨੀ	gaani:2	gani:1
ਗਾਨੇ	gaane:2	gane:1
ਗਾਮ	gaam:3	gum:1
ਗਾਮਾ	gama:4	gaama:2	gaamaa:1	gamma:1
ਗਾਮੇ	gaame:1	gaamey:1	game:1
ਗਾਯਨ	gayan:3
ਗਾਰ	gaar:2	gar:1
ਗਾਰਗੀ	gargi:2	garari:1	gargee:1
ਗਾਰਡ	guard:4	gaarad:1	gaard:1
ਗਾਰਡਨ	gaardan:1	gaarden:1	garden:1
ਗਾਰਡਨਜ਼	gardeners:1	gardens:1	gardenz:1
ਗਾਰਡਨਰ	gaardenaar:1	gaardenar:1	gaardener:1	gardenar:1
ਗਾਰਡੀਅਨ	gaardan:1	gaardian:1	gaardiian:1	guardan:1
ਗਾਰਫੀਲਡ	garfield:1	garfiield:1	garphield:1	garphiield:1
ਗਾਰਸੀਆ	garcia:1	garciia:1	garsia:1	gershia:1
ਗਾਰਾ	gaara:2	gara:2
ਗਾਰੇ	gare:2	gaarey:1	garey:1
ਗਾਰੰਟੀ	guarantee:2	gaarantee:1	garanty:1	guaaraantee:1
ਗਾਲ	gaal:4	gal:2	gaall:1	gall:1
ਗਾਲਣ	gaalan:2	galan:2
ਗਾਲਾਂ	galan:2	galaan:1
ਗਾਲਿਬ	gaalib:2	galib:2
ਗਾਲੀ	galee:2	gali:2
ਗਾਲ੍ਹਾਂ	galhan:2	gallanh:1
ਗਾਵਣੀ	gaavnee:1	gavni:1	gawani:1
ਗਾਵਾਂ	gavan:2	gaavan:1	gawan:1
ਗਾਵਿਆ	gaveya:2	gaweya:2	gaivya:1	gavia:1
ਗਾਵੇ	gave:2	gaave:1	gawe:1	gawey:1
ਗਾਵੈ	gavae:1	gave:1	gawe:1	gawei:1
ਗਾਸੋ	gaaso:1	gaso:1	gasso:1
ਗਾਹ	gaah:3
ਗਾਹਕ	gaahak:2	gaak:1	gahak:1
ਗਾਹਕਾਂ	gaahkan:1	gahakan:1	gahkaan:1	gakaan:1
ਗਾਹਕੀ	gaahki:1	gahaki:1	gahki:1
ਗਾਹਿਆ	gaheya:1	gahiaa:1	gahiya:1
ਗਾਹੇ	gaahe:2	gahe:1	gahey:1
ਗਾੜਾ	gada:2	gaada:1	gara:1	garha:1
ਗਾੜੀ	gadi:2	gaadi:1	garhi:1
ਗਾੜ੍ਹਾ	garha:2	gadah:1	gadha:1
ਗਾੜ੍ਹੀ	gadhee:1	gadhi:1	gadih:1	garhee:1
ਗਾੜ੍ਹੇ	garhe:2	gadeh:1	gadhe:1	gadhey:1
ਗਿਆ	gia:3	gaya:2	geya:2	gea:1
ਗਿਆਂ	gian:4	giyan:3	giaan:2
ਗਿਆਤ	giat:1	giyat:1	gyat:1
ਗਿਆਤਾ	giyata:3	giaata:1	giata:1	gyata:1
ਗਿਆਨ	gian:3	gyan:3	giaan:2	gyaan:1
ਗਿਆਨਕੋਸ਼	giankosh:2	gyankosh:2
ਗਿਆਨਪੀਠ	gyanpeeth:2	giaanpeeth:1
ਗਿਆਨਵਾਨ	gyanwan:2	giaanvan:1	gianwan:1
ਗਿਆਨੀ	giani:5	gyani:2	geaani:1	giyani:1
ਗਿਆਨੇ	giaane:1	giaaney:1	giane:1
ਗਿਆਨੇਸ਼ਵਰ	gyaneshwar:2	giaaneshvr:1	gianeshwar:1
ਗਿਆਰਵਾਂ	giarvan:2	gyarvan:1	gyarwan:1
ਗਿਆਰਵੀ	giaravi:1	giarvi:1	gyaravi:1	gyarwi:1
ਗਿਆਰਵੀਂ	giaraveen:1	giarvin:1	giarwin:1	gyaraveen:1
ਗਿਆਰਵੇਂ	giaraven:1	giarven:1	giarwein:1	gyaraven:1
ਗਿਆਰਾ	giara:3	gyara:1
ਗਿਆਰਾਂ	giaran:4	gyaran:2	giyaran:1	gyaraan:1
ਗਿਆਰ੍ਹਵਾਂ	giaarhvan:1	giaravhan:1	giarhvan:1	gyarahvan:1
ਗਿਆਰ੍ਹਵੀਂ	giaarhvin:1	giarhavin:1	gyaharveen:1	gyaravin:1
ਗਿਆਰ੍ਹਾਂ	gyarahan:2	giaarhan:1	giarahan:1
ਗਿਉਂ	gion:1	giun:1	giyon:1
ਗਿਟਕ	gitak:2	gitk:1
ਗਿਟਾਰ	gitaar:1	gitar:1	guitar:1
ਗਿਣ	gin:4	ginn:1
ਗਿਣਤੀ	gintee:2	ginti:2
ਗਿਣਤੀਆਂ	ginteean:2	gintian:2	gintiyan:2
ਗਿਣਤੀਕਾਰ	ginteekar:2	gintikaar:1	gintikar:1
ਗਿਣਦਾ	ginda:3
ਗਿਣਦੀ	gindi:3	gindee:1	ginndi:1
ਗਿਣਦੇ	ginde:3	ginnde:1
ਗਿਣਨ	ginan:2	ginn:1	ginnan:1
ਗਿਣਨਾ	ginna:2	ginana:1
ਗਿਣਵਾਏ	ginvaye:2	ginvaae:1	ginwaye:1
ਗਿਣਵੇਂ	ginven:2	ginvein:1	ginwen:1
ਗਿਣਾਏ	ginaye:2	ginaae:1
ਗਿਣਿਆ	ginia:2	gineya:1	giniya:1
ਗਿਣੀ	ginee:2	gini:2	ginni:1
ਗਿਣੇ	gine:1	giney:1	ginney:1
ਗਿਨੀ	gini:3	ginee:1	guine:1
ਗਿਨੀਜ਼	guinness:2	ginies:1
ਗਿਪੀ	gipee:2	gipi:2	gippy:1
ਗਿਬਸਨ	gibson:3	gibsan:2	gebshun:1	gebsun:1
ਗਿਰ	gir:4
ਗਿਰਜ਼ਾਘਰ	girzaghar:2	girjaghar:1
ਗਿਰਜਾ	girja:3
ਗਿਰਜਾਘਰ	girjaghar:3
ਗਿਰਜਾਘਰਾਂ	girjagharan:3
ਗਿਰਜੇ	girje:2	girajey:1
ਗਿਰਝ	girajh:2	girjh:1
ਗਿਰਝਾਂ	girjhan:3
ਗਿਰਦ	girad:2	gird:1
ਗਿਰਦੇ	girde:2	giradey:1
ਗਿਰਨ	giran:3
ਗਿਰਨਾ	girna:3
ਗਿਰਨਾਰ	girnaar:2	girnar:2
ਗਿਰਫਤਾਰ	giraftar:2	giraftaar:1
ਗਿਰਫਤਾਰੀ	giraftari:3
ਗਿਰਫ਼ਤਾਰ	giraftar:2	giraphtaar:1
ਗਿਰਫ਼ਤਾਰੀ	giraftari:2	giraphtari:1
ਗਿਰਵੀ	girvi:3
ਗਿਰਾ	gira:2	giraa:1
ਗਿਰਾਵਟ	giravat:2	giravatt:1	girawat:1
ਗਿਰਿਆ	giria:2	giriaa:1	giriya:1
ਗਿਰਿਜਾ	girija:3	girja:1
ਗਿਰੀ	giri:3
ਗਿਰੀਆਂ	girian:2	giriyan:1
ਗਿਰੀਸ਼	girish:3
ਗਿਰੇ	gire:3	girey:1
ਗਿਲ	gil:4	gill:2
ਗਿਲਟ	gilt:3	gelt:1	gilatt:1	guilt:1
ਗਿਲਡ	gaild:1	gild:1	guild:1
ਗਿਲਬਰਟ	gilbert:2	gilbarat:1	gilbart:1	gilbrt:1
ਗਿਲਾ	gila:4	geela:1	geelaa:1	giila:1
ਗਿਲਾਨੀ	gilani:3
ਗਿਲਾਫ਼	gilaf:2	gilaph:1
ਗਿਲਾਸ	gilas:3	glass:2	glaas:1	glaash:1
ਗਿਲ੍ਹਟੀਆਂ	gilhteean:1	gilhtian:1	gilhtiyan:1
ਗਿਲ੍ਹਾ	gilha:2	gilah:1
ਗਿਹਣੇ	gehne:2	gihne:2
ਗਿੰਨੀ	ginnee:1	ginni:1	ginny:1
ਗਿੰਨੀਜ਼	ginneez:1	ginniz:1	guinness:1
ਗਿੱਟਿਆਂ	gittian:2	gitiyan:1
ਗਿੱਟੇ	gitte:3	gitey:1
ਗਿੱਠ	gith:1	githth:1	gitth:1
ਗਿੱਦੜ	giddad:4	gidad:2	giddarh:2
ਗਿੱਦੜਬਾਹਾ	gadadbaha:1	gidadabaha:1	giddadbaha:1
ਗਿੱਧਾ	giddha:2	gidha:1
ਗਿੱਧਾਂ	giddhan:1	gidhaan:1	gidhan:1
ਗਿੱਧਿਆਂ	gidhian:2	giddhiaan:1	giddhian:1
ਗਿੱਧੇ	giddhe:1	giddhey:1	gidhe:1
ਗਿੱਪੀ	gippy:3	gipi:1	gippi:1
ਗਿੱਲ	gill:5	gil:1
ਗਿੱਲਾ	gilla:3
ਗਿੱਲਾਂ	gillan:3
ਗਿੱਲੀ	gilli:3
ਗਿੱਲੀਆਂ	gillian:2	gilliyan:1
ਗਿੱਲੇ	gille:3
ਗੀਅਰ	gear:2	geear:2	geeyar:1
ਗੀਜ਼ਾ	geeza:2	giza:1
ਗੀਟੇ	geete:3
ਗੀਤ	geet:6	giit:1
ਗੀਤਕਾਰ	geetkar:3
ਗੀਤਕਾਰਾਂ	geetkaran:2	geetkaaran:1
ਗੀਤਕਾਰੀ	geetkari:3
ਗੀਤਾ	geeta:4	geetaa:1	giita:1	giitaa:1
ਗੀਤਾਂ	geetan:5	geeta:1
ਗੀਤਾਂਜਲੀ	geetanjali:2	geetanjli:1
ਗੀਤਿਕਾ	geetika:3
ਗੀਦੜ	geedad:2	geedar:1	geedd:1
ਗੀਰ	geer:3
ਗੀਲਾਨੀ	geelani:3
ਗੁਆ	guaa:2	gua:1
ਗੁਆਂਡੀ	guandi:2	guandee:1
ਗੁਆਂਢਣ	guaandhan:1	guandhan:1	guandhnan:1
ਗੁਆਂਢੀ	guandhi:3	guaandhi:2	guandi:2
ਗੁਆਂਢੀਆਂ	guandhian:2	guaandhiaan:1	guandhyian:1
ਗੁਆਉਂਦੀ	guaaundi:1	guaundee:1	guaundi:1
ਗੁਆਉਣ	guaaun:2	guaun:1
ਗੁਆਚ	guach:2	guaach:1
ਗੁਆਚਦੀ	guachadi:2	guaachdi:1
ਗੁਆਚਿਆ	guachia:2	guaachiaa:1
ਗੁਆਚੀ	guachi:2	guaachi:1	guachee:1
ਗੁਆਚੇ	guaache:1	guache:1	guachey:1
ਗੁਆਟੇਮਾਲਾ	guatemala:3	gauteemala:1	gautemala:1	guaatemala:1
ਗੁਆਤੇਮਾਲਾ	guaatemala:1	guatemala:1	guateymala:1
ਗੁਆਨ	guaan:2	guan:1
ਗੁਆਰਾ	guara:2	guaara:1
ਗੁਆਲੀਅਰ	gualior:2	gwalior:2	gualiar:1	gwaaliar:1
ਗੁਇਨੀਆ	guinea:1	guinia:1	guiniaa:1
ਗੁਜਰ	gujar:3
ਗੁਜਰਦਾ	gujarda:3
ਗੁਜਰਦੀ	gujardi:3
ਗੁਜਰਦੇ	gujarde:3
ਗੁਜਰਾਂਵਾਲਾ	gujranwala:2	gujaranvala:1
ਗੁਜਰਾਂਵਾਲੇ	gujranwale:2	gujaranvale:1
ਗੁਜਰਾਤ	gujarat:3	gujaraat:1	gujraat:1	gujrat:1
ਗੁਜਰਾਤੀ	gujarati:3	gujaraatee:1	gujaraati:1	gujaraatii:1
ਗੁਜਰਾਲ	gujral:3
ਗੁਜਰਿਆ	gujaria:1	gujarya:1	gujrea:1
ਗੁਜਰੀ	gujri:3	goojri:1
ਗੁਜ਼ਰ	guzar:3
ਗੁਜ਼ਰਦਿਆਂ	guzardian:2	guzardiyan:1
ਗੁਜ਼ਰਦੀ	guzardi:3
ਗੁਜ਼ਰਦੀਆਂ	guzardian:1	guzardiyan:1	guzrian:1
ਗੁਜ਼ਰਦੇ	guzarde:3
ਗੁਜ਼ਰਨ	guzran:2	guzaran:1
ਗੁਜ਼ਰਨਾ	guzarna:3
ਗੁਜ਼ਰਿਆ	guzaria:1	guzarya:1	guzrea:1
ਗੁਜ਼ਰੀ	guzri:2	guzari:1
ਗੁਜ਼ਾਰ	guzar:3
ਗੁਜ਼ਾਰਦਾ	guzarda:3
ਗੁਜ਼ਾਰਦੇ	guzarde:3
ਗੁਜ਼ਾਰਨ	guzaran:3
ਗੁਜ਼ਾਰਨਾ	guzarna:3
ਗੁਜ਼ਾਰਨੇ	guzarne:2	guzare:1
ਗੁਜ਼ਾਰਾ	guzara:3
ਗੁਜ਼ਾਰਿਆ	guzaarea:1	guzaria:1	guzariya:1
ਗੁਜ਼ਾਰੀ	guzari:3
ਗੁਜ਼ਾਰੇ	guzare:3
ਗੁਜਾਰਨ	gujaran:3
ਗੁਜਾਰਾ	gujara:3
ਗੁਜਾਰਿਆ	gujarea:1	gujaria:1	gujarya:1
ਗੁਜਾਰੇ	gujare:3
ਗੁਟ	gut:3
ਗੁਟਕਾ	gutka:3
ਗੁਟਨਬਰਗ	gutenberg:3	gotenbarg:1	gotenberg:1	gutanbarg:1
ਗੁਠਲੀ	guthli:2	guthali:1
ਗੁਡ	good:1	gud:1	guod:1
ਗੁਡਵਿਲ	goodwill:3
ਗੁਡੀਆਂ	gudeean:1	gudiaan:1	gudian:1
ਗੁਣ	gun:3
ਗੁਣਤਾ	gunta:2	gunata:1
ਗੁਣਨਫਲ	gunanfal:2	gunanafal:1
ਗੁਣਵਾਚਕ	gunvachak:2	gunwachak:1
ਗੁਣਵੱਤਾ	gunvatta:3
ਗੁਣਾ	guna:3
ਗੁਣਾਂ	gunan:2	gunaan:1
ਗੁਣਾਤਮਕ	gunatmak:3
ਗੁਣਾਤਮਿਕ	gunatmik:3
ਗੁਣੀ	gunee:2	guni:2
ਗੁਥਲੀ	guthli:2	guthali:1
ਗੁਦਾ	guda:3
ਗੁਦਾਮ	gudam:2	gudaam:1
ਗੁਦਾਵਰੀ	gudavari:1	gudavree:1	gudawari:1
ਗੁਨਾ	guna:4	gunaa:1
ਗੁਨਾਰ	gunar:2	gunaar:1
ਗੁਨਾਹ	gunah:2	gunaah:1
ਗੁਨਾਹਗਾਰ	gunahgaar:2	gunahgar:1
ਗੁਨਾਹਗਾਰਾਂ	gunahgaran:2	gunahgaaran:1
ਗੁਨਾਹੋਂ	gunahon:3
ਗੁਪਤ	gupat:2	gupt:1
ਗੁਪਤਤਾ	guptata:2	gupatata:1	guptta:1
ਗੁਪਤਾ	gupta:4	gupata:1	guptaa:1
ਗੁਪਾਲ	gupal:3
ਗੁਫ਼ਾ	gufa:3	gupha:1
ਗੁਫ਼ਾਵਾਂ	gufavan:2	gufawan:2
ਗੁਫਾ	gufa:2	gupha:2
ਗੁਫਾਵਾਂ	gufavan:2	gufawan:1	guphavan:1
ਗੁਬਾਰ	gubar:2	gubaar:1
ਗੁਬਾਰੇ	gubare:2	gubaare:1
ਗੁਮਨਾਮ	gumnam:3
ਗੁਮਾਨ	gumaan:3
ਗੁਰ	gur:3
ਗੁਰਗੱਦੀ	gurgaddi:2	guragaddi:1
ਗੁਰਚਰਨ	gurcharan:3
ਗੁਰਚੇਤ	gurchet:3
ਗੁਰਜੀਤ	gurjeet:3
ਗੁਰਜੰਟ	gurjant:2	gurjnt:1
ਗੁਰਦਰਸ਼ਨ	gurdarshan:2	gurdrshn:1
ਗੁਰਦਵਾਰਾ	gurdwara:3	gurdvara:2	goordvara:1	goordwara:1
ਗੁਰਦਵਾਰਿਆਂ	gurdawariaan:1	gurdvarian:1	gurdwarian:1
ਗੁਰਦਵਾਰੇ	gurdware:2	gurdvare:1
ਗੁਰਦਾਸ	gurdas:6	gurdass:1
ਗੁਰਦਾਸਪੁਰ	gurdaspur:5
ਗੁਰਦਾਸਪੁਰੀ	gurdaspuri:3
ਗੁਰਦਿਆਂ	gurdian:2	gurdiaan:1
ਗੁਰਦਿਆਲ	gurdayal:1	gurdiaal:1	gurdial:1
ਗੁਰਦਿਤ	gurdit:3
ਗੁਰਦਿਤਾ	gurdita:3
ਗੁਰਦਿੱਤ	gurditt:3
ਗੁਰਦਿੱਤਾ	gurditta:3
ਗੁਰਦੀਪ	gurdeep:3
ਗੁਰਦੁਆਰ	gurduar:2	gurduaar:1
ਗੁਰਦੁਆਰਾ	gurduara:4	gurduaara:2
ਗੁਰਦੁਆਰਿਆਂ	gurduarian:5	gurduariaan:1
ਗੁਰਦੁਆਰੇ	gurduare:4	gurduaare:1	gurduarey:1
ਗੁਰਦੁਵਾਰਾ	gurduwara:2	gurduvara:1
ਗੁਰਦੇ	gurde:2	gurdey:1
ਗੁਰਦੇਵ	gurdev:3
ਗੁਰਧਾਮਾਂ	gurdhaman:3
ਗੁਰਨਾਮ	gurnaam:2	gurnam:1
ਗੁਰਪਾਲ	gurpal:2	gurpaal:1
ਗੁਰਪੁਰੀ	gurpuri:2	gurpuree:1
ਗੁਰਪ੍ਰੀਤ	gurpreet:5
ਗੁਰਬਕਸ਼	gurbakash:1	gurbaksh:1	gurbksh:1
ਗੁਰਬਖਸ	gurbakhas:2	gurbakhs:1	gurbkhs:1
ਗੁਰਬਖਸ਼	gurbakhash:2	gurbakhsh:1	gurbkhsh:1
ਗੁਰਬਖ਼ਸ਼	gurbakhash:1	gurbakhsh:1	gurbkhsh:1
ਗੁਰਬਚਨ	gurbachan:2	gurbchn:1
ਗੁਰਬਤ	gurbat:2	gurbt:1
ਗੁਰਬਾਣੀ	gurbani:2	gurbaanee:1	gurbaani:1
ਗੁਰਬਾਣੀਆਂ	gurbaaniaan:2	gurbanian:1	gurbaniyan:1
ਗੁਰਬਾਨੀ	gurbaani:2	gurbaanee:1	gurbani:1
ਗੁਰਬਿੰਦਰ	gurbinder:3	gurbindar:2
ਗੁਰਬੰਤਾ	gurbanta:2	gurbantaa:1
ਗੁਰਭਗਤ	gurbhagat:3
ਗੁਰਭਜਨ	gurbhajan:3
ਗੁਰਭਾਈ	gurbhai:2	gurbhaai:1	gurbhaee:1	gurbhayi:1
ਗੁਰਮਤ	gurmat:3
ਗੁਰਮਤਿ	gurmati:2	gurmat:1
ਗੁਰਮਤੇ	gurmatey:2	gurmate:1
ਗੁਰਮਿਤ	gurmit:3
ਗੁਰਮੀਤ	gurmeet:3
ਗੁਰਮੁਖ	gurmukh:3
ਗੁਰਮੁਖੀ	gurmukhee:2	gurmukhi:1
ਗੁਰਮੁੱਖ	gurmukh:2	gurmukhh:1
ਗੁਰਮੁੱਖੀ	gurmukhi:3	gurmukhee:1
ਗੁਰਮੇਜ	gurmej:3
ਗੁਰਮੇਲ	gurmel:3	gurmail:1	gurmale:1
ਗੁਰਲੇਜ਼	gurlez:3
ਗੁਰਵਿੰਦਰ	gurvindar:1	gurvinder:1	gurvindr:1
ਗੁਰਸ਼ਬਦ	gurshabad:2	gurshbd:1
ਗੁਰਸ਼ਰਨ	gursharan:2	gurshrn:1
ਗੁਰਸਿੱਖ	gursikh:2	gursikhh:1
ਗੁਰਸਿੱਖਾਂ	gursikhan:2	gursikkhan:1
ਗੁਰਸਿੱਖੀ	gursikhi:2	gursikkhi:1
ਗੁਰਸੇਵਕ	gursewak:2	gursevak:1
ਗੁਰਾਂ	guran:2	guraan:1
ਗੁਰਾਇਆ	guraaiaa:1	guraia:1	guraiya:1
ਗੁਰਾਇਆਂ	guraaiaan:1	guraiaan:1	guraian:1	guraiyaan:1
ਗੁਰਿਆਈ	guriaai:2	guriaaee:1
ਗੁਰਿੰਦਰ	gurindar:1	gurinder:1	gurindr:1
ਗੁਰੀਲਾ	gorilla:2	guerilla:2	gurilla:2	goarila:1
ਗੁਰੀਲੇ	gooriley:1	gureele:1	gurile:1	guriley:1
ਗੁਰੁ	guru:3
ਗੁਰੁਤਾਕਰਸ਼ਣ	gurutaakarshan:1	gurutakarshan:1	gurutakrshn:1
ਗੁਰੁਦੇਵ	gurudev:3
ਗੁਰੂ	guru:6	guroo:1	guruu:1	guuroo:1
ਗੁਰੂਆਂ	guruan:2	guruaan:1	guruyan:1
ਗੁਰੂਕੁਲ	gurukul:3
ਗੁਰੂਘਰ	gurughar:3
ਗੁਰੂਤਾ	guruta:3
ਗੁਰੂਦਵਾਰਾ	gurudwara:3
ਗੁਰੂਦੁਆਰਾ	guruduara:5	gurudwara:2	guruduaara:1
ਗੁਰੂਦੁਆਰੇ	guruduare:2	guruduaarey:1	gurudware:1
ਗੁਰੂਦੱਤ	gurudatt:3	gurudutt:1
ਗੁਰੂਸਰ	gurusar:3
ਗੁਰੇਜ	gurej:3	guraij:1	guraiz:1	gurez:1
ਗੁਰੇਜ਼	gurez:3	guraij:1	guraiz:1	gurej:1
ਗੁਲ	gul:5	gula:2	gal:1	gull:1
ਗੁਲਗਲੇ	gulgale:2	gulgule:1
ਗੁਲਜ਼ਾਰ	gulzar:2	guljaar:1	gulzaar:1
ਗੁਲਜ਼ਾਰੀ	gulzaari:2	guljaaree:1	guljaari:1	gulzaaree:1
ਗੁਲਦਸਤਾ	guldasta:3
ਗੁਲਦਾਉਦੀ	guldaoodi:1	guldaudee:1	guldaudi:1
ਗੁਲਦਾਊਦੀ	guldaaudi:1	guldaoodi:1	guldaudi:1
ਗੁਲਫਾਮ	gulfaam:1	gulfam:1	gulphaam:1
ਗੁਲਬਰਗ	gulbarag:2	gulberg:1
ਗੁਲਬਰਗਾ	gulbarga:3
ਗੁਲਵੰਤ	gulwant:2	gulvant:1
ਗੁਲਸਤਾਨ	gulastaan:1	gulstaan:1	gulstan:1
ਗੁਲਸ਼ਨ	gulshan:4	goolsan:1	goolshan:1	goolshhan:1
ਗੁਲਾਟੀ	gulati:3	gulatee:1
ਗੁਲਾਬ	gulab:3
ਗੁਲਾਬੀ	gulabi:3	gulabee:1
ਗੁਲਾਮ	gulam:3	ghulam:1
ਗੁਲਾਮਾਂ	gulaman:3	ghulaman:1	gulama:1
ਗੁਲਾਮੀ	gulami:3	gulamee:1
ਗੁਲਾਲ	gulal:3
ਗੁਲਿਸਤਾਨ	gulistan:2	gulisatan:1
ਗੁਲੂਕੋਜ	glucoj:1	glucose:1	gulucouz:1	gulucoz:1
ਗੁਲੂਕੋਜ਼	gulucoz:2	glucose:1	gulucose:1	gulucouse:1
ਗੁਲੇਰੀਆ	guleria:2	guleriya:2
ਗੁਵਾਂਢੀ	guwandi:2	guandi:1	guvandhi:1	guwandee:1
ਗੁਸਾਈਂ	gusai:1	gusaien:1	gusain:1
ਗੁਸੇ	guse:2	gusey:1	gusse:1
ਗੁਹਾ	guha:3
ਗੁਹਾਟੀ	guhati:3	guwahati:1
ਗੁਹਾਰੇ	guhare:3
ਗੁੜ	gud:3	gurh:2	gur:1
ਗੁੜਗਾਂਵ	gurgaon:2	gurganv:1	gurganw:1
ਗੁੜ੍ਹਤੀ	gudhti:3	gudahtee:1	gudahti:1	guddti:1
ਗੁੰਜਾਇਸ਼	gunjaish:3	gunjayish:1
ਗੁੰਝਲ	gunchal:1	gunjal:1	gunjhal:1
ਗੁੰਝਲਤਾ	gunchalta:1	gunjalta:1	gunjhalta:1
ਗੁੰਝਲਦਾਰ	gunchaldaar:1	gunjaldar:1	gunjhaldar:1
ਗੁੰਝਲਦਾਰਤਾ	gunchaldaarta:1	gunjaldarata:1	gunjhaldarta:1
ਗੁੰਝਲਾਂ	gunchalan:1	gunjalan:1	gunjhalan:1
ਗੁੰਡਿਆਂ	gundian:2	gunddeyan:1	gundiyan:1
ਗੁੰਡੇ	gunde:2	gundde:1
ਗੁੰਦਣ	gundan:3
ਗੁੰਦਵਾਂ	gundvan:2	gundwan:2
ਗੁੰਦੀ	gundi:3	gundee:1
ਗੁੰਨ	gunn:3
ਗੁੰਨੇ	gunne:2	gunae:1
ਗੁੰਬਜ਼	goonbaz:1	gumbaj:1	gumbaz:1	gunbaz:1
ਗੁੰਬਦਾਂ	gumbdan:1	gunbdaan:1	gunbdan:1
ਗੁੰਮ	gum:1	gumm:1	gunm:1
ਗੁੰਮਨਾਮ	gumnaam:2	gummnaam:1
ਗੁੰਮਸ਼ੁਦਾ	gumshuda:2	gumshudaa:1
ਗੁੱਗਲ	guggal:2	gugal:1
ਗੁੱਗਾ	gugga:3
ਗੁੱਗੂ	guggu:3
ਗੁੱਛਾ	guchha:2	guccha:1
ਗੁੱਛਿਆਂ	guchheean:1	guchhian:1	guchiyan:1
ਗੁੱਛੇ	guchhe:2	gujhe:1
ਗੁੱਜਰ	gujjar:2	gujar:1
ਗੁੱਜਰਾਂ	gujjran:2	gujran:1
ਗੁੱਜਰਾਂਵਾਲਾ	gujaranvala:1	gujjranwala:1	gujranwala:1
ਗੁੱਝੀ	gujhi:1	gujjhi:1	gujji:1
ਗੁੱਟ	gutt:3
ਗੁੱਟਾ	gutta:4	guta:1	gutaa:1
ਗੁੱਠੇ	guthey:1	guthhe:1	gutthe:1
ਗੁੱਡਾ	gudda:3
ਗੁੱਡੀ	guddi:3
ਗੁੱਡੀਆਂ	guddiaan:1	guddian:1	gudeean:1
ਗੁੱਡੇ	gudde:2	guddey:1
ਗੁੱਡੋ	guddo:3
ਗੁੱਤ	gutt:3
ਗੁੱਤਾਂ	guttan:3
ਗੁੱਤੀ	gutti:3
ਗੁੱਦਾ	gudda:3
ਗੁੱਦੇ	gudde:2	guddey:1
ਗੁੱਦੇਦਾਰ	guddedar:2	guddedaar:1
ਗੁੱਲ	gul:2	gull:2
ਗੁੱਲੀ	gulli:3	gullee:1	gully:1
ਗੁੱਲੀਆਂ	gulliaan:1	gullian:1	gulliyan:1
ਗੁੱਸਾ	gussa:2	gusa:1
ਗੁੱਸੇ	gusse:3
ਗੁੱਸੇਖੋਰ	gussekhor:3
ਗੂਗਲ	google:4	googal:2
ਗੂਹੜੀ	gooharhi:1	goohrhee:1	goohrhi:1	guhdi:1
ਗੂੜ	gur:2	goorh:1	gud:1
ਗੂੜਾ	gooda:1	goorha:1	guda:1	gura:1
ਗੂੜੀ	goorhi:1	gudee:1	gudi:1	gurhi:1
ਗੂੜ੍ਹ	gurh:2	goorh:1	gud:1
ਗੂੜ੍ਹਾ	gudha:2	gurha:2	gooddah:1	goodhaa:1
ਗੂੜ੍ਹੀ	gurhi:2	goorhi:1	gudhi:1
ਗੂੜ੍ਹੀਆਂ	goorhiyan:1	gudhian:1	gurhiaan:1
ਗੂੜ੍ਹੇ	gurhe:2	goorhe:1	gude:1
ਗੂੰਗੇ	gunge:3	goonge:2
ਗੂੰਜ	goonj:4	gunj:3
ਗੂੰਜਦਾ	goojda:1	goonjda:1	gunjda:1
ਗੂੰਜਾ	gunja:3	goonja:1
ਗੂੰਜਾਂ	gunjaan:2	gunjan:2	gonjan:1	goonjan:1
ਗੂੰਦ	goond:3	gund:2
ਗੇ	gai:1	gay:1	ge:1
ਗੇਂਦ	gend:5	gaind:4
ਗੇਂਦਬਾਜ	gaindbaaj:1	gaindbaaz:1	gendbaaj:1	gendbaj:1
ਗੇਂਦਬਾਜ਼	gaindbaaz:1	gendbaaz:1	gendbaz:1
ਗੇਂਦਬਾਜ਼ੀ	gaindbaazi:2	gendbaazi:1	gendbazi:1
ਗੇਂਦਬਾਜੀ	gaindbaaji:1	gaindbaazi:1	gendbaaji:1	gendbaji:1
ਗੇਂਦਾ	genda:3
ਗੇਂਦਾਂ	gendan:2	gaindaan:1	gendaan:1
ਗੇਜਾ	geja:3	gaija:1
ਗੇਟਵੇ	gateway:1	gatewey:1	geteway:1	getewey:1
ਗੇਟਸ	gates:1	getes:1	gets:1	getssh:1
ਗੇਟਾਂ	gatean:1	getaan:1	getan:1
ਗੇਟੇ	gete:3	gatey:1	getey:1
ਗੇਮ	game:3
ਗੇਮਸ	games:2	gesam:1
ਗੇਮਾਂ	gemaan:2	gamaan:1	gamean:1	geman:1
ਗੇਮਿੰਗ	gaming:3	gamming:1
ਗੇਰ	gair:2	ger:2
ਗੇਰਾਰਡ	gerard:2	gegard:1	geguard:1
ਗੇਰੂ	geru:3	geroo:2
ਗੇਲ	gail:4	gayle:2	gel:2	gale:1
ਗੇਲੀ	geli:3	gaili:1	gely:1
ਗੇਸ	gas:2	gais:1	ges:1	guess:1
ਗੇੜ	ged:3	gerh:3
ਗੇੜਾ	geda:3	gerha:1
ਗੇੜਾਂ	gedaan:2	gedan:1	gerhan:1
ਗੇੜੀਆਂ	gedian:2	gediaan:1	gediyan:1	gerhian:1
ਗੇੜੇ	gede:3	gerhe:1
ਗੈਂਗਰੀਨ	gangreen:3	gangrin:1
ਗੈਂਡਾ	gainda:2	genda:1
ਗੈਂਡੇ	gainde:2	gende:1
ਗੈਂਬੀਆ	gainbia:1	gambeeya:1	gambia:1	gambiya:1
ਗੈਰ	gair:3	ger:1
ਗੈਰਕਾਨੂਨੀ	gairkanuni:2	gerkanooni:1
ਗੈਰਕਾਨੂੰਨੀ	gairkanuni:1	gerkanooni:1	gerkanuni:1
ਗੈਰਤ	gairat:3	gerat:1
ਗੈਰਰਸਮੀ	gairrasmi:1	gerarasmi:1	gerarmasi:1
ਗੈਰਸਰਕਾਰੀ	gairsarkari:2	gersarkari:1
ਗੈਰਹਾਜਰੀ	gairhajari:1	gairhajri:1	gerhajari:1
ਗੈਰਹਾਜ਼ਰੀ	gairhazari:1	gairhazri:1	gerhazari:1
ਗੈਰੀ	garry:3	gairi:2	gaary:1	garri:1
ਗੈਲਨ	gallon:1	gallun:1	galon:1	galun:1
ਗੈਲਰੀ	gaelari:1	gaelery:1	galleree:1	gallery:1
ਗੈਲੀਪੋਲੀ	galipoli:1	galliipolii:1	gallipoli:1	gallipooli:1
ਗੈਲੀਲਿਓ	galileo:2	gailileo:1
ਗੈਲੀਲੀਓ	galileo:2	gailileo:1
ਗੈਸਟ	gesht:1	gest:1	guesht:1	guest:1
ਗੈਸਾਂ	gaisaan:2	gasaan:1	gesaan:1
ਗੈਸੀ	gesi:3	gaisi:1	gasi:1	gassy:1
ਗੋਂਡ	gond:2	gondd:1
ਗੋਂਦ	gond:3
ਗੋਆ	goa:6	goaa:1	gova:1	gowa:1
ਗੋਇਆ	goia:2	goeya:1	goiya:1	goya:1
ਗੋਇਟੇ	goite:2	goete:1	goietey:1
ਗੋਇਲ	goyal:4	goil:2	goel:1	gooel:1
ਗੋਇੰਦਵਾਲ	goindwal:3	goyindwal:1
ਗੋਕੁਲ	gokul:3
ਗੋਖਲੇ	gokhle:2	gokhale:1
ਗੋਗਾ	goga:2	gauga:1	gogaa:1
ਗੋਗਾਂ	gaugaan:1	gogaan:1	gogan:1
ਗੋਗਾਜੀ	gogajee:2	gaugaji:1	gogaji:1
ਗੋਗੀ	gogee:2	gogi:2	gaugi:1
ਗੋਗੋ	gogo:2	gaugo:1
ਗੋਗੋਈ	gaugauee:1	gogoee:1	gogoyee:1	gogoyi:1
ਗੋਗੋਲ	gaugaul:1	gogoal:1	gogol:1
ਗੋਚਰੇ	gochre:2	gauchre:1
ਗੋਟੇ	gotte:2	gaute:1	gote:1	gotey:1
ਗੋਡਸੇ	godse:2	gaudse:1	goddse:1
ਗੋਡਾ	godda:2	gauda:1	goda:1	goddaa:1
ਗੋਡਾਰਡ	goddard:2	gaudard:1	godarad:1	godard:1
ਗੋਡਿਆਂ	gaudian:1	gaudiyan:1	goddiaan:1	godeyan:1
ਗੋਡੇ	gaude:1	godday:1	godde:1	gode:1
ਗੋਤ	gaut:2	got:2	gota:1
ਗੋਤਰ	gotar:2	gautar:1
ਗੋਤਾ	gauta:1	gota:1	gotaa:1
ਗੋਤਾਂ	gotaan:2	gotan:1	goutaan:1
ਗੋਦ	god:3
ਗੋਦਰੇਜ	godrej:3
ਗੋਦਾਮ	godaam:2	godam:1
ਗੋਦਾਮਾਂ	godaman:2	godaamaan:1	godaaman:1	godamaan:1
ਗੋਦਾਵਰੀ	godaavari:2	godavari:2	godawari:2	godaavarii:1
ਗੋਦੀ	godi:2	godee:1
ਗੋਦੋ	godo:3
ਗੋਦੜੀ	godadi:1	godarhi:1	godrhee:1	godrhi:1
ਗੋਪ	gop:3
ਗੋਪਨੀਯਤਾ	gopneeyataa:1	gopniata:1	gopniyata:1	gopniyta:1
ਗੋਪਾਲ	gopal:3	gopaal:2	gapaal:1	gopala:1
ਗੋਪਾਲਗੰਜ	goalganj:1	gopaalganj:1	gopalganj:1
ਗੋਪੀ	gopi:4	gopee:2	goopi:1	gopii:1
ਗੋਪੀਚੰਦ	gopichand:3	gopeechand:1
ਗੋਪੀਨਾਥ	gopinath:2	gopeenaath:1	gopinaath:1
ਗੋਬਰ	gobar:3
ਗੋਬਿੰਦ	gobind:7	giobind:1	giobnd:1	giyoband:1
ਗੋਬਿੰਦਪੁਰੀ	gobindpuri:3	gobindpuree:1
ਗੋਭੀ	gobhi:3	gobhee:1
ਗੋਮੇਜ਼	gomez:3
ਗੋਰ	gor:4	goor:1	gore:1
ਗੋਰਕੀ	gorki:2	goraki:1	gorkee:1
ਗੋਰਖ	gorakh:3
ਗੋਰਖਨਾਥ	gorakhnaath:2	gorakhnath:1
ਗੋਰਖਪੁਰ	gorakhpur:4	gorakhpar:1	gorakhpor:1	goraqhpur:1
ਗੋਰਖਬਾਣੀ	gorakhbani:2	gorakhbaannee:1	gorakhbanni:1
ਗੋਰਖਾ	gorkha:2	gorkhaa:1
ਗੋਰਖੀ	gorkhi:3	gorkhee:1
ਗੋਰਡਨ	gordan:2	golden:1	gorddan:1	gorden:1
ਗੋਰਮਿੰਟ	gormint:1	gormintt:1	government:1
ਗੋਰਵ	gorav:2	gaurav:1
ਗੋਰਵਮਈ	goravmai:3	gauravmayi:2	goravmayee:2	gauravmai:1
ਗੋਰਾ	gora:2	goraa:1
ਗੋਰਿਆਂ	goreyan:1	goriaan:1	gorian:1	goriyan:1
ਗੋਰੀ	gori:3	goree:2
ਗੋਰੀਏ	goreeaa:1	goria:1	goriae:1	goriya:1
ਗੋਰੀਲਾ	gorila:2	goreela:1	goreelaa:1	gorilaa:1
ਗੋਰੇ	gore:3	gora:1
ਗੋਲ	gol:3	goal:2	gool:1
ਗੋਲਕ	golak:3
ਗੋਲਕੀਪਰ	goalkeeper:4	golkeepar:2	golkeeper:1
ਗੋਲਡਨ	golden:3	goldan:2	goladana:1	goldenn:1
ਗੋਲਡਮੈਨ	goldman:3	goldanmaan:1	goldenman:1	goldmen:1
ਗੋਲਫ	golf:4	golph:1
ਗੋਲਫਰ	golfar:1	golfer:1	golphar:1	golpher:1
ਗੋਲਮਾਲ	golmal:3	goalmaal:1	goalmal:1	golmaal:1
ਗੋਲਮੇਜ਼	golmez:2	goalmej:1	goalmez:1
ਗੋਲ਼ੀ	goli:3
ਗੋਲ਼ੇ	gole:3
ਗੋਲਾ	gola:3
ਗੋਲਾਂ	golan:2	golaan:1
ਗੋਲਾਈ	golai:3	golayi:1
ਗੋਲਾਕਾਰ	golakar:3	golakaar:1
ਗੋਲਾਬਾਰੀ	golabari:3	golabree:1
ਗੋਲਾਰਧ	golaradh:2	golarth:1
ਗੋਲਿਆਂ	golian:2	goleyan:1
ਗੋਲੀ	goli:2	golee:1
ਗੋਲੀਆਂ	golian:4	goliyan:2
ਗੋਲੀਬਾਰੀ	golibari:2	golibaari:1
ਗੋਲੂ	goloo:2	golu:2
ਗੋਲੇ	gole:3
ਗੋਲੇਵਾਲਾ	golevala:1	golewaala:1	golewala:1
ਗੋਵਰਧਨ	govardhan:2	govrdhn:1
ਗੋਵਿੰਦ	govind:4	giovand:1	giyovand:1	govida:1
ਗੋਵਿੰਦਾ	govinda:4	govindaa:1	gowinda:1	gowindaa:1
ਗੋਸਟਿ	goest:1	gosati:1	goshtti:1	gost:1
ਗੋਸਲ	gosal:3
ਗੋਸਵਾਮੀ	goswami:3	goswamee:1
ਗੋਸ਼ਟ	gosht:2	goshat:1
ਗੋਸ਼ਟਾਂ	goshtan:2	goshttaan:1
ਗੋਸ਼ਟਿ	goisht:1	gosht:1	goshti:1	goshtti:1
ਗੋਸ਼ਟੀ	goshti:2	goshtee:1	goshttee:1
ਗੋਸ਼ਟੀਆਂ	goshtian:1	goshtiyan:1	goshtteeaan:1
ਗੋਸ਼ਠੀਆਂ	goshtheeaan:1	goshthiaan:1	goshthiyan:1
ਗੋਸ਼ਤ	goshat:2	gosht:2
ਗੋਹਾ	goha:2	gohaa:1
ਗੋਹੇ	gohe:3
ਗੌਣਾਂ	gauna:1	gaunan:1	gaunnaan:1	gona:1
ਗੌਤਮ	gautam:3	gotam:1
ਗੌਤਮੀ	gautami:3	gautamee:1	gotamee:1
ਗੌਰ	gaur:3	gor:2
ਗੌਰਤਲਬ	gaurtalab:2	gauratlab:1	goratlab:1	gortalab:1
ਗੌਰਵ	gaurav:3	gorav:1
ਗੌਰਵਮਈ	gauravmai:2	gauravmaee:1	goravmaee:1
ਗੌਰਵਸ਼ਾਲੀ	gauravshali:2	gauravshalee:1	goravshalee:1	goravshali:1
ਗੌਰੀ	gauri:3	gori:2	goree:1
ਗੌਲ	gaiul:1	gaiull:1	gaul:1	geull:1
ਗੌਲਣਯੋਗ	gaulanyog:2	gaulannyog:1	golannyog:1	golanyog:1
ਗੌਲਫ਼	golf:2	gaulaf:1	gaulf:1
ਗੌਸ	gaus:3	gos:2
ਗੌਹਰ	gauhar:3	gohar:2
ਗੌੜ	gaud:2	gaurh:1	gorh:1
ਗੌੜਾ	gauda:2	godda:2	gaudda:1	gaunda:1
ਗੌੜੀ	gaudi:2	gaurhi:1	gorhi:1
ਗ੍ਰਸਤ	grasat:1	grast:1	grst:1
ਗ੍ਰਹ	grah:2	grh:1
ਗ੍ਰਹਿ	grah:1	greh:1	grhi:1
ਗ੍ਰਹਿਆਂ	grahiaan:1	grehiyan:1	grhian:1
ਗ੍ਰਹਿਣ	grahinn:1	grehan:1	grhin:1
ਗ੍ਰਹਿਣੀ	grahinnee:1	grahinni:1	grehini:1	grehnee:1
ਗ੍ਰਹਿਸਤ	grahisat:1	grehsat:1	grhist:1
ਗ੍ਰਹਿਸਤੀ	grahistee:1	grahisti:1	grehsatee:1	grehsati:1
ਗ੍ਰਹਿਸਥੀ	grahisthee:1	grahisthi:1	grehsathee:1	grehsathi:1
ਗ੍ਰਾਂਟ	grant:4	grante:1	grent:1
ਗ੍ਰਾਂਟਸ	grants:3
ਗ੍ਰਾਂਟਾਂ	grantan:3
ਗ੍ਰਾਂਡ	grand:2	graand:1
ਗ੍ਰਾਫਿਕ	graphic:3	grafic:2	grafik:2	graphik:1
ਗ੍ਰਾਮਰ	gramar:1	gramer:1	grammar:1	grammer:1
ਗ੍ਰਾਮਸ਼ੀ	gramshi:3	gramshee:1
ਗ੍ਰਾਮੀਣ	grameen:3	gramin:1
ਗ੍ਰਾਹਮ	graaham:2	grahm:2	graahaam:1	graahum:1
ਗ੍ਰਿਡ	grid:3	gridd:1
ਗ੍ਰਿਫਤਾਰ	giraftar:1	griftaar:1	griftar:1
ਗ੍ਰਿਫਤਾਰੀ	giraftari:1	griftaari:1	griftaree:1	griftari:1
ਗ੍ਰਿਫਤਾਰੀਆਂ	griftarian:2	giraftarian:1	griftareeyan:1
ਗ੍ਰਿਫ਼ਤਾਰ	giraftar:1	griftaar:1	griftar:1
ਗ੍ਰਿਫ਼ਤਾਰੀ	giraftari:1	griftaari:1	griftaree:1	griftari:1
ਗ੍ਰਿਫ਼ਤਾਰੀਆਂ	giraftarian:1	griftareean:1	griftareeyan:1	griftarian:1
ਗ੍ਰਿਹ	grih:3
ਗ੍ਰਿਹਾਂ	grihan:2	grenhaan:1
ਗ੍ਰੀਕ	greeck:1	greecq:1	greek:1	greeq:1
ਗ੍ਰੀਨ	green:1	greenn:1	griin:1	griinn:1
ਗ੍ਰੀਸ	greece:1	grees:1	greese:1	grese:1
ਗ੍ਰੇਗਰੀ	gregory:2	greegoree:1	greegorri:1	greegory:1
ਗ੍ਰੇਟ	great:3	gret:2	grate:1	greeat:1
ਗ੍ਰੇਟਰ	greatar:1	greater:1	greeatar:1	greeateer:1
ਗ੍ਰੇਸ	grace:2	grase:1	gres:1
ਗ੍ਰੈਂਡ	grand:3
ਗ੍ਰੈਗਰੀ	gragari:1	gragree:1	gregory:1
ਗ੍ਰੈਜੂਏਸ਼ਨ	graduation:2	grajuaeshn:1
ਗ੍ਰੈਮੀ	graiimmy:1	graimmi:1	graimmy:1	graimy:1
ਗ੍ਰੈਵਿਟੀ	gravity:3
ਗ੍ਰੰਥ	granth:2	grnth:1
ਗ੍ਰੰਥਾ	grantha:2	grnthaa:1
ਗ੍ਰੰਥਾਂ	granthan:2	grnthan:1
ਗ੍ਰੰਥੀ	granthi:2	granthee:1	grnthee:1
ਗ੍ਰੰਥੀਆਂ	granthian:2	granthiyan:2	grntheean:2
ਗੜ	garh:2	gad:1	gar:1
ਗੜਗਜ	garhgaj:2	gadgaj:1	gargaj:1
ਗੜਗੱਜ	gadgajj:1	gargajj:1	garhgaj:1	garhgajj:1
ਗੜਬੜ	gadbad:3	gadabad:1	gadhbadh:1	garbar:1
ਗੜਬੜੀ	gadbadi:4	gadbadee:1	gadhbadhi:1	garbari:1
ਗੜਵਾ	garhwa:2	gadhwa:1	garhva:1	garva:1
ਗੜਵਾਲ	garhwal:2	gadhwal:1	garval:1
ਗੜ੍ਹ	garh:3	gadh:1
ਗੜ੍ਹਵਾਲ	garhwal:3	gadhwal:1
ਗੜ੍ਹੀ	garhi:3	gadhi:1	garhee:1
ਗੰਗ	gang:3
ਗੰਗਸਰ	gangsar:3
ਗੰਗਾ	ganga:4	gaangaa:1	gangaa:1
ਗੰਗਾਜਲ	gangajal:2	gangaajal:1
ਗੰਗਾਧਰ	gangadhar:2	gangaadhar:1
ਗੰਗਾਨਗਰ	ganganagar:2	gangaanagar:1
ਗੰਗਾਰਾਮ	gangaram:3	gangaraam:1
ਗੰਗਾਵਾਂ	gangavaan:2	gangaawaan:1	gangavan:1	gangawan:1
ਗੰਗੂ	gangu:2	gangoo:1
ਗੰਗੋਤਰੀ	gangotri:3	gangotree:1
ਗੰਗੋਹੀ	gangohi:2	gangohee:1
ਗੰਜ	ganj:3
ਗੰਜੇ	ganje:3
ਗੰਜੇਪਨ	ganjepan:3
ਗੰਡਕ	gandak:3
ਗੰਡਾ	ganda:3
ਗੰਡਾਸੇ	gandase:2	gandasey:1
ਗੰਢ	gandh:3
ਗੰਢਾ	gandha:3
ਗੰਢਾਂ	gandhan:3
ਗੰਢਿਆ	gandhiaa:2	gandhia:1
ਗੰਢੀ	gandhi:2	gandhee:1
ਗੰਢੇ	gandhe:2	gandhey:1
ਗੰਦ	gand:3
ਗੰਦਲ	gandal:3
ਗੰਦਲੇ	gandle:2	gandley:1
ਗੰਦਾ	ganda:3
ਗੰਦੀ	gandi:3
ਗੰਦੇ	gande:2	gandey:1
ਗੰਧ	gandh:3
ਗੰਧਕ	gandhak:3
ਗੰਧਰਵ	gandharv:1	gandhrav:1	gndhrv:1
ਗੰਧਾਰ	gandhar:2	gndhaar:1
ਗੰਨਾ	ganna:2	gnna:1
ਗੰਨੇ	ganne:2	gnne:1
ਗੰਭੀਰ	gambhir:2	gambheer:1	gnbheer:1
ਗੰਭੀਰਤਾ	gambheerta:1	gambhirta:1	ganbhirta:1
ਗੰਵਾਰ	ganwar:3
ਗੱਚਕ	gachhak:2	gachak:1
ਗੱਜ	gajj:3
ਗੱਜਣ	gajanh:1	gajjan:1	gajjna:1
ਗੱਟੇ	gatte:2	gattey:1
ਗੱਠ	gadh:1	gathh:1	gatth:1
ਗੱਠਜੋੜ	gathjod:3	gathjorh:3	gathhjod:2	gathjaudh:1
ਗੱਠਜੋੜਾਂ	gathjodan:3
ਗੱਠਾ	gathaa:1	gathha:1	gattha:1
ਗੱਠੀਆਂ	gathian:2	gatheean:1
ਗੱਠੇ	gaddey:1	gathhe:1	gatthe:1
ਗੱਡ	gadd:2	gad:1
ਗੱਡਾ	gadda:2	gaddaa:1
ਗੱਡਿਆ	gaddea:1	gaddeya:1	gaddiya:1
ਗੱਡਿਆਂ	gaddeaan:1	gaddian:1	gaddiyan:1
ਗੱਡੀ	gaddi:3	gaddee:1
ਗੱਡੀਆਂ	gaddiyan:3	gaddeean:1	gaddeeyan:1	gaddian:1
ਗੱਡੇ	gadde:2	gadhhe:1
ਗੱਤੇ	gatte:3	gattey:1
ਗੱਦ	gadd:3	gad:1
ਗੱਦਾਰ	gaddar:2	gadar:1	gddar:1
ਗੱਦੀ	gaddi:2	gadi:1	gddi:1
ਗੱਦੀਆਂ	gaddian:1	gadiyan:1	gddeean:1
ਗੱਦੀਨਸ਼ੀਨ	gaddinasheen:1	gadeensheen:1	gadinsheen:1	gddinsheen:1
ਗੱਦੇ	gadde:2	gdde:1
ਗੱਪ	gapp:2	gap:1	gupp:1
ਗੱਬਰ	gabbar:3	gabar:1	gabbbar:1
ਗੱਭਰੂ	gabhru:2	gabru:1
ਗੱਭਰੂਆਂ	gabhruan:2	gabrooan:1
ਗੱਭੇ	gabhe:2	gabbhe:1
ਗੱਲ	gall:2	gal:1
ਗੱਲਬਾਤ	galbaat:1	galbat:1	gallbaat:1
ਗੱਲਬਾਤੀ	galbati:2	gallbaati:1
ਗੱਲ਼	gall:2	gal:1
ਗੱਲਾ	galla:3
ਗੱਲਾਂ	gallan:5	galaan:1
ਗੱਲੀ	galli:3
ਗੱਲੋਂ	gallon:3
ਗੱਲ੍ਹ	gallh:2	gallah:1
ਗੱਲ੍ਹਾਂ	gallhan:2	gallanh:1
ਘ	gh:2	gha:1
ਘਈ	ghai:3	ghayee:1	ghayi:1
ਘਟ	ghat:3
ਘਟਕ	ghatak:3
ਘਟਕਾਂ	ghatkan:3
ਘਟਣ	ghatan:3
ਘਟਣਾ	ghatna:3
ਘਟਦਾ	ghatda:3
ਘਟਦੀ	ghatdi:2	ghatadi:1
ਘਟਦੀਆਂ	ghatdian:2	ghatdiaan:1	ghatdiyan:1
ਘਟਦੇ	ghatde:2	ghatade:1
ਘਟਨ	ghatan:3
ਘਟਨਾ	ghatna:3
ਘਟਨਾਂ	ghatnan:2	ghatnaa:1
ਘਟਨਾਕਰਮ	ghatnakaram:2	ghatnakram:1
ਘਟਨਾਕ੍ਰਮ	ghatnakram:3
ਘਟਨਾਵਾ	ghatnava:3
ਘਟਨਾਵਾਂ	ghatnavan:4	ghatnavaan:2
ਘਟਨਾਵੀ	ghatnavi:3
ਘਟਾ	ghata:3
ਘਟਾਅ	ghataa:2	ghatah:1
ਘਟਾਇਆ	ghataeaa:1	ghataia:1	ghataya:1
ਘਟਾਈ	ghatai:2	ghataee:1	ghatayi:1
ਘਟਾਉਂਦਾ	ghataunda:2	ghatauunda:1
ਘਟਾਉਂਦੀ	ghataundi:2	ghatauundi:1
ਘਟਾਉਂਦੇ	ghataunde:2	ghatuunde:1
ਘਟਾਉਣ	ghataun:2	ghataoun:1	ghatauun:1
ਘਟਾਉਣਾ	ghatauna:2	ghataouna:1	ghatuuna:1
ਘਟਾਏ	ghataye:2	ghatae:1
ਘਟਾਕੇ	ghatake:3	ghatakey:1
ਘਟਿਆ	ghatea:1	ghateya:1	ghatia:1	ghatiaa:1
ਘਟਿਤ	ghatit:2	atit:1
ਘਟੀ	ghati:3	ghatee:2
ਘਟੀਆ	ghatia:2	ghatiaa:2	ghatiya:2
ਘਟੇਗਾ	ghatega:3
ਘਣ	ghan:3
ਘਣਤਾ	ghanta:2	ghanata:1
ਘਣਾ	ghana:3	ghanna:1
ਘਣੀ	ghani:3	ghanee:2
ਘਣੀਆਂ	ghaniaan:1	ghanian:1	ghaniyan:1
ਘਣੀਏ	ghaniye:2	ghanie:1
ਘਨ	ghan:3
ਘਨਈਆ	ghanaia:1	ghaneeaa:1	ghaniya:1
ਘਨਸ਼ਿਆਮ	ghanshyam:2	ghanshiaam:1	ghanshiam:1
ਘਨੀ	ghani:3	ghanee:1
ਘਨੌਰ	ghanaore:1	ghanaoure:1	ghanaur:1	ghanor:1
ਘਨ੍ਹਈਆ	anheeaa:1	anhiaa:1	ghanhaia:1	kanaiya:1
ਘਬਰਾ	ghabra:3	ghabraa:1
ਘਬਰਾਉਂਦਾ	ghabraunda:3	ghabraounda:1
ਘਬਰਾਹਟ	ghabrahat:3	ghabrahatt:1
ਘਮਸਾਨ	ghamsan:3	ghamsaan:2
ਘਮਾਸਾਨ	ghamasaan:2	ghamasan:2
ਘਮੰਡ	ghamand:3
ਘਰ	ghar:7	ghara:1	gharr:1
ਘਰਦਿਆਂ	ghardiaan:1	ghardian:1	ghardiyan:1
ਘਰਦੀਆਂ	ghardiaan:1	ghardian:1	ghardiyan:1
ਘਰਵਾਲ਼ੇ	gharwale:2	gharvale:1
ਘਰਵਾਲੀ	gharwali:2	gharvali:1	gharwalee:1
ਘਰਵਾਲੇ	gharwale:2	gharvale:1
ਘਰਾ	ghara:3
ਘਰਾਂ	gharan:4	gharaan:2
ਘਰਾਣਾ	gharana:3
ਘਰਾਣਿਆ	gharania:1	gharaniaa:1	gharaniya:1
ਘਰਾਣਿਆਂ	gharaniaan:1	gharanian:1	gharaniyan:1
ਘਰਾਣੇ	gharane:3
ਘਰਾਨਾ	gharana:3
ਘਰਾਨੇ	gharane:3
ਘਰੀ	ghari:3	gharee:1
ਘਰੀਂ	gharin:3	ghareen:1
ਘਰੇ	ghare:3	gharey:1
ਘਰੇਲੂ	gharelu:2	ghreloo:1	ghrelu:1
ਘਰੋ	gharo:3
ਘਰੋਂ	gharon:3
ਘਰੋਗੀ	gharogi:3	gharogee:1
ਘਸਮੈਲਾ	ghasmaila:2	ghasmaela:1	ghasmela:1
ਘਸਿਆ	ghasea:1	ghasia:1	ghasiaa:1
ਘਸੀਟ	ghaseet:2	ghasit:2
ਘਸੀਟਿਆ	ghaseetia:1	ghasiteya:1	ghasitiaa:1
ਘਾ	gha:3
ਘਾਇਲ	ghail:2	ghael:1	ghayil:1
ਘਾਉ	gao:1	ghao:1	ghau:1	ghauu:1
ਘਾਘਰਾ	ghaghra:2	gaagra:1	gagra:1	ghagra:1
ਘਾਟ	ghat:4	ghaat:2	ghaet:1	ghata:1
ਘਾਟਾ	ghata:2	gata:1	ghaata:1
ਘਾਟਾਂ	ghatan:3	ghaatan:1
ਘਾਟੀ	ghati:3	ghaati:1	ghatee:1
ਘਾਟੀਆਂ	ghatian:2	ghaatian:1	ghatiaan:1	ghatiyan:1
ਘਾਟੇ	ghaate:1	ghaatey:1	ghate:1	khate:1
ਘਾਣ	ghaan:2	ghan:2
ਘਾਣੀ	ghaani:2	ghani:2
ਘਾਤ	ghaat:2	ghat:2
ਘਾਤਕ	ghatak:3	ghaatak:1
ਘਾਤੀ	ghati:2	ghaatee:1	ghaati:1
ਘਾਨਾ	ghana:4	ghaana:1	ghanna:1	ghna:1
ਘਾਲਣਾ	ghalna:2	ghaalna:1	ghalana:1
ਘਾਲਣਾਵਾਂ	ghalnavan:3	ghaalnavan:1
ਘਾਸ	ghas:3	kass:1
ਘਾਹ	ghah:2	kha:1
ਘਾੜਤ	ghaadat:1	ghaarhat:1	ghaarht:1	gharat:1
ਘਾੜੇ	ghare:2	ghaarhe:1	ghadey:1
ਘਿਉ	ghiu:3	ghio:2	ghee:1	ghii:1
ਘਿਓ	ghio:3	ghioa:1	ghyo:1
ਘਿਣਾਉਣੀ	ghinaooni:1	ghinauuni:1	ghinnaaunnee:1	ghinnauni:1
ਘਿਣਾਉਣੇ	ghinauney:1	ghinauune:1	ghinnaune:1	ghinnaunne:1
ਘਿਨਾਉਣੀ	ghinaaunnee:1	ghinaaunni:1	ghinauni:1	ghinauuni:1
ਘਿਨਾਉਣੇ	ghinaaunne:1	ghinaounne:1	ghinaune:1	ghinauney:1
ਘਿਨੌਣੀ	ghinauni:1	ghinaunni:1	ghinoni:1	ghinonnee:1
ਘਿਰ	ghir:3
ਘਿਰਣਾ	ghirna:2	ghirnnaa:1
ਘਿਰਨਾ	ghirna:3
ਘਿਰਿਆ	ghiriaa:2	ghiria:1
ਘਿਰੀ	ghiree:2	ghiri:1
ਘਿਰੇ	ghire:4	ghirey:1
ਘੀ	ghee:3	ghi:1
ਘੀਆ	ghia:2	ghiaa:2	ghea:1	gheeaa:1
ਘੁਗਿਆਣਵੀ	ghugiaannvee:1	ghugiaannvi:1	ghugianvi:1	ghugiavanee:1
ਘੁਟ	ghut:2	ghutt:1
ਘੁਟਣ	ghutan:2	ghuttann:1
ਘੁਟਨ	ghutan:2	ghuttan:1
ਘੁਟਾਲਾ	ghutala:2	ghuttaalaa:1
ਘੁਟਾਲੇ	ghutaale:1	ghutale:1	ghuttaale:1
ਘੁਟਿਆ	ghutia:1	ghutiaa:1	ghuttiaa:1
ਘੁਣ	ghunn:2	ghun:1
ਘੁਮਣ	ghuman:3
ਘੁਮਾ	ghuma:3
ਘੁਮਾਇਆ	ghumaeeaa:1	ghumaia:1	ghumaiaa:1	ghumayeya:1
ਘੁਮਾਈ	ghumaee:2	ghumaayi:1	ghumai:1
ਘੁਮਾਉਂਦਾ	ghumaunda:3	ghumauunda:1
ਘੁਮਾਉਂਦੀ	ghumaundi:3	ghumauundi:1
ਘੁਮਾਉਣ	ghumaun:3	ghumauun:1
ਘੁਮਾਉਣਾ	ghumauna:3	ghumauuna:1
ਘੁਮਾਏ	ghumaye:2	ghumae:1
ਘੁਮਾਓ	ghumao:2	ghumaao:1	ghumayo:1
ਘੁਮਾਣ	ghumaan:2	ghuman:2
ਘੁਮਿਆਰ	ghumiaar:2	ghumeyaar:1
ਘੁਮਿਆਰਾਂ	ghumeyaran:1	ghumiaaran:1	ghumiaran:1
ਘੁਮੰਣ	ghumann:2	ghuman:1
ਘੁਮੱਕੜ	ghumakkar:1	ghumakkarh:1	ghumkar:1	ghummkad:1
ਘੁਰਨੇ	ghurne:2	ghurney:1
ਘੁਲ	ghul:3
ਘੁਲਣ	ghulan:3
ਘੁਲਣਸ਼ੀਲ	ghulansheel:2	ghulanshil:1
ਘੁਲਦੀ	ghuldi:2	ghuladi:1
ਘੁਲਮਿਲ	ghulmil:3
ਘੁਲਾਟੀਆ	ghulateea:1	ghulatiaa:1	ghulatiya:1
ਘੁਲਾਟੀਆਂ	ghulatiaan:2	ghulatiyan:1
ਘੁਲਾਟੀਏ	ghulatiye:2	ghulatie:1
ਘੁਲੀ	ghuli:3	ghuly:1
ਘੁਲੇ	ghule:2	ghuley:1
ਘੁਸ	ghus:3
ਘੁਸਪੈਠ	ghuspaeth:2	ghuspaith:1	ghuspeth:1
ਘੁਸਪੈਠੀਆ	ghuspaetheeaa:1	ghuspaethia:1	ghuspaethiaa:1	ghuspaithia:1
ਘੁਸਪੈਠੀਏ	ghuspaethie:1	ghuspaethiya:1	ghuspetheeye:1	ghuspethiye:1
ਘੁੰਗਰਾਲੇ	ghungraale:1	ghungrale:1	ghungraley:1
ਘੁੰਗਰੂ	ghundroo:1	ghungaroo:1	ghungru:1	ghungruu:1
ਘੁੰਘਰੂ	ghungaroo:1	ghunghroo:1	ghunghru:1
ਘੁੰਡ	ghund:2	ghundd:1
ਘੁੰਮ	ghumm:2	ghum:1
ਘੁੰਮਣ	ghumann:2	ghumman:1
ਘੁੰਮਣਘੇਰੀਆਂ	ghummangheriaan:2	ghumangheriaan:1	ghummanghereean:1
ਘੁੰਮਣਾ	ghummna:1	ghumna:1	ghumnnaa:1
ਘੁੰਮਦਾ	ghumda:1	ghumdaa:1	ghummda:1
ਘੁੰਮਦਿਆਂ	ghumdiaan:2	ghummdiaan:1
ਘੁੰਮਦੀ	ghummdi:2	ghoomadee:1	ghumadi:1	ghumdee:1
ਘੁੰਮਦੀਆਂ	ghumadiaan:1	ghumdeeaan:1	ghumdiaan:1	ghummdiaan:1
ਘੁੰਮਦੇ	ghumade:1	ghumdey:1	ghummde:1
ਘੁੰਮਾਂ	ghuman:2	ghumman:1	ghunman:1
ਘੁੰਮਿਆ	ghumeya:1	ghumiaa:1	ghummiaa:1
ਘੁੱਕਰ	ghukkar:2	ghookar:1
ਘੁੱਗ	ghugg:3
ਘੁੱਗੀ	ghuggi:4	ghuggee:1
ਘੁੱਟ	ghutt:3
ਘੁੱਟੀ	ghutti:3	ghuttee:1
ਘੁੱਮਣ	ghumman:2	ghummann:1
ਘੂਮਰ	ghumar:2	ghoomar:1
ਘੂਰਦਾ	ghoorda:2	ghurda:1
ਘੇਬਾ	gheba:2	ghebaa:1
ਘੇਰ	gher:3
ਘੇਰਦਾ	gherda:2	gherdaa:1
ਘੇਰਦੇ	gherde:2	gherdey:1
ਘੇਰਾ	ghera:3
ਘੇਰਾਓ	gherao:2	gheraao:1
ਘੇਰਾਬੰਦੀ	gherabandi:2	gheraabandee:1	gheraabandi:1
ਘੇਰਿਆ	gheriaa:3
ਘੇਰੇ	ghere:3
ਘੋਖ	ghokh:3
ਘੋਖਣ	ghokhan:3
ਘੋਗੇ	ghoge:3
ਘੋਟ	ghot:3
ਘੋਟਾਲਾ	ghotala:3
ਘੋਟਾਲੇ	ghotale:2	ghotaale:1
ਘੋਰ	ghor:3
ਘੋਲ	ghol:3
ਘੋਲਦੇ	gholde:2	gholday:1	gholdey:1
ਘੋਲਾਂ	gholan:3
ਘੋਲਿਆ	ghola:1	gholeya:1	gholiya:1
ਘੋਲੂ	gholu:2	gholoo:1	gholuu:1
ਘੋਲੋ	gholo:3
ਘੋਸ਼	ghosh:3
ਘੋਸ਼ਣਾ	ghoshna:2	ghoshnna:1
ਘੋਸ਼ਣਾਪਤਰ	ghoshnapatar:2	ghoshnnaapatr:1
ਘੋਸ਼ਣਾਵਾਂ	ghoshnavan:2	ghoshnnaavaan:1	ghosnnaawaan:1
ਘੋਸ਼ਿਤ	ghoshit:3	ghosit:3	ghausit:1
ਘੋੜ	ghod:3	ghor:1
ਘੋੜਸਵਾਰਾਂ	ghodswaran:2	ghodaswaran:1	ghorsavaran:1	ghorsvaran:1
ਘੋੜਸਵਾਰੀ	ghodswari:2	ghodaswari:1	ghorsavaree:1	ghorsvari:1
ਘੋੜਾ	ghoda:6	ghodda:1
ਘੋੜਿਆਂ	ghodeyan:2	ghodiyan:2
ਘੋੜੀ	ghodi:5	ghodee:2	ghoddi:1
ਘੋੜੀਆਂ	ghodiyan:2	ghoriyan:2	ghodiyaan:1	ghoriyaan:1
ਘੋੜੇ	ghode:6	ghodde:1	ghore:1
ਘੜ	ghad:2	ghar:2
ਘੜਣ	ghadan:2	gharan:2
ਘੜਦਾ	gharda:2	ghadada:1	ghadda:1
ਘੜਨ	ghadan:2	gharan:2
ਘੜਨਾ	ghadana:1	ghadna:1	gharana:1	gharna:1
ਘੜਨੀ	ghadni:2	gharni:2	gharnee:1
ਘੜਾ	ghada:2	ghara:2
ਘੜਾਈ	ghadai:2	ghadayi:1	gharaee:1	gharai:1
ਘੜਿਆ	ghadia:1	ghadiya:1	ghariaa:1
ਘੜੀ	ghadi:4	ghadee:2	ghari:1	khadi:1
ਘੜੀਆਂ	ghadian:1	ghadiyan:1	ghariaan:1
ਘੜੇ	ghade:4	ghare:2	ghared:1
ਘੜੋਲੀ	ghadoli:1	gharoli:1	kharoli:1
ਘੜ੍ਹਨ	ghadan:1	gharan:1	gharhan:1
ਘੰਟਾ	ghanta:3	ghantta:1
ਘੰਟਿਆ	ghanteya:1	ghantia:1	ghantiya:1	ghantteya:1
ਘੰਟਿਆਂ	ghanteyan:2	ghantian:2	ghantiyan:2	ghantteyan:1
ਘੰਟੀ	ghanti:3	ghantee:1	ghantti:1
ਘੰਟੀਆਂ	ghantiyan:3	ghanteeyan:1	ghantiaan:1
ਘੰਟੇ	ghante:3
ਘੰਡੀ	ghandi:3	ghanddi:1	ghandee:1
ਘੱਗਰ	ghaggar:3	ghagar:1
ਘੱਗਰਾ	ghaggra:2	aggra:1	ghagra:1
ਘੱਗਰੀ	ghaggri:3	ghaggree:1	ghagree:1
ਘੱਗਰੇ	ghaggre:2	ghagre:1	ghagrey:1
ਘੱਟ	ghatt:3	ghat:1
ਘੱਟਗਿਣਤੀ	ghatginati:1	ghatgintee:1	ghatginti:1	ghattginti:1
ਘੱਟਗਿਣਤੀਆਂ	attgintiaan:1	ghatgintian:1	ghatgintiyan:1
ਘੱਟਦਾ	ghatada:1	ghatda:1	ghattda:1
ਘੱਟਦੀ	ghattdi:2	ghatadi:1
ਘੱਟੀਆ	ghatiya:1	ghattia:1	ghattiaa:1
ਘੱਟੇ	ghatte:3	ghatey:1
ਘੱਟੋ	ghatto:2	ghato:1
ਘੱਟੋਘੱਟ	ghatghat:1	ghattoghat:1	ghattoghatt:1
ਘੱਲ	ghall:3
ਘੱਲਣ	ghallan:3
ਘੱਲੂਘਾਰਾ	ghallughara:3
ਘੱਲੂਘਾਰੇ	ghallughare:3
ਚਉਪਦੇ	chaupde:2	chaupade:1
ਚਕ	chak:3
ਚਕਰ	chakar:3
ਚਕਰਵਰਤੀ	chakarvarti:3
ਚਕਰਵਾਤੀ	chakarvati:3	chakarvaati:1
ਚਕਰਾਂ	chakra:1	chakraan:1	chakran:1
ਚਕਲਾ	chakla:2	chakala:1
ਚਕਵਾਲ	chakwal:2	chakval:1
ਚਕਾਰ	chakar:2	chakaar:1
ਚਕਿਤਸਾ	chakitsa:3
ਚਕੀ	chaki:2	chakee:1
ਚਕੋਰ	chakor:3
ਚਖ	chakh:3
ਚਖਿਆ	chakhiaa:2	chakheya:1	chakhiya:1	chakhiyaa:1
ਚਚੇਰਾ	chachera:3
ਚਚੇਰੀ	chacheri:3	chcheri:1
ਚਚੇਰੇ	chachere:3
ਚਟਣੀ	chatni:3	chatani:1
ਚਟਨੀ	chatni:3	chatani:1
ਚਟਪਟਾ	chatpata:3
ਚਟਾਈ	chatai:2	chatayi:1	chtaee:1	chtai:1
ਚਟਾਈਆਂ	chataian:1	chatayian:1	chtaeeian:1
ਚਟਾਕ	chatak:2	chtak:1	chtaq:1
ਚਟਾਨ	chataan:1	chatan:1	chattan:1	chtan:1
ਚਟਾਨਾਂ	chatanan:3	chattana:1
ਚਣਾ	chana:3	chna:1
ਚਤਰ	chatar:3
ਚਤੁਰ	chatur:3
ਚਤੁਰਤਾ	chaturta:3
ਚਤੁਰਭੁਜ	chaturbhuj:3	chaturbuj:1
ਚਤੁਰਵੇਦੀ	chaturvedi:3
ਚਤੁਰਾਈ	chaturayi:2	chaturaee:1	chaturai:1
ਚਤੁਰਾਈਆਂ	chaturaeeaan:1	chaturaiaan:1	chaturayian:1	chaturayiyan:1
ਚਨਾ	chana:2	channa:1
ਚਨਾਬ	chanab:2	chenab:2
ਚਨੇ	chane:3
ਚਨੌਤੀਆਂ	chanautiyan:2	chanotee:1	chanoti:1	chanotiaan:1
ਚਪਟੀ	chapti:2	chapati:1
ਚਪਟੇ	chapte:3
ਚਪਲ	chapal:3	chappal:2
ਚਬਾਉਂਦੇ	chabaunde:3
ਚਬੂਤਰਾ	chabutra:2	chabbutra:1	chabootra:1
ਚਬੂਤਰੇ	chabutre:3	chabutare:2	chabootre:1	chabutarey:1
ਚਮਕ	chamak:3
ਚਮਕਣ	chamkan:3
ਚਮਕਦਾ	chamakda:2	chamkada:2
ਚਮਕਦਾਰ	chamakdaar:2	chamakdar:2
ਚਮਕਦੀ	chamakdi:2	chamkadi:2
ਚਮਕਦੀਆਂ	chamakdiaan:1	chamakdian:1	chamakdiyan:1	chamkadiaan:1
ਚਮਕਦੇ	chamakde:2	chamkade:2
ਚਮਕਾ	chamka:3
ਚਮਕਾਂ	chamkan:2	chamkaan:1
ਚਮਕਾਉਣ	chamkaun:3
ਚਮਕੀਲਾ	chamkeela:2	chamkila:2
ਚਮਕੀਲੇ	chamkile:2	chamkeele:1	chamkele:1
ਚਮਕੇ	chamke:2	chamkey:1
ਚਮਕੋਰ	chamkor:3	chamkore:1
ਚਮਕੌਰ	chamkaur:3	chamkor:1
ਚਮਗਿੱਦੜਾਂ	chamgidran:2	chamgidaan:1	chamgiddaran:1
ਚਮਚ	chamach:2	chamacch:1
ਚਮਚਾ	chamcha:3	chamccha:1
ਚਮਤਕਾਰ	chamatkar:2	chamatkaar:1
ਚਮਤਕਾਰਾਂ	chamatkaraan:2	chamatkaran:2
ਚਮਤਕਾਰੀ	chamatkari:2	chamatkaari:1
ਚਮਨ	chaman:3
ਚਮਾਰ	chamaar:2	chamar:2
ਚਮੇਲੀ	chameli:3
ਚਮੋਲੀ	chamoli:3
ਚਮੜਾ	chamda:2	chamra:2
ਚਮੜੀ	chamdi:3	chamri:2	chamadi:1	chamdee:1
ਚਮੜੇ	chamre:2	chamde:1	chamdey:1	chamrey:1
ਚਰ	char:4
ਚਰਕ	charak:3
ਚਰਖ਼ੇ	charkhe:1	charkhen:1	charkhey:1
ਚਰਖਾ	charkha:4
ਚਰਖੀ	charkhi:2	charakhi:1
ਚਰਖੇ	charkhe:2	charkhey:1
ਚਰਚਾ	charcha:3
ਚਰਚਾਂ	charchan:3
ਚਰਚਾਵਾਂ	charchavan:3
ਚਰਚਿਤ	charchit:3
ਚਰਚਿਲ	charchil:3
ਚਰਚਿੱਤ	charchitt:3
ਚਰਚੇ	charche:2	charchey:1
ਚਰਣ	charan:3
ਚਰਣਾਂ	charna:2	charnan:1
ਚਰਦੇ	charde:3
ਚਰਨ	charan:4	charana:1	charann:1
ਚਰਨਛੋਹ	charanchhoh:2	charancho:1	charansho:1
ਚਰਨਜੀਤ	charanjeet:3	charanjit:2
ਚਰਨਾ	charna:3	charana:1
ਚਰਨਾਂ	charana:1	charna:1	charnan:1
ਚਰਪਟ	charpat:3
ਚਰਬੀ	charbi:2	charabi:1
ਚਰਮ	charam:2	charm:1
ਚਰਮਪੰਥੀ	charampanthee:1	charampanthi:1	charmpanthi:1
ਚਰਵਾਹੇ	charvahe:2	charwahey:1
ਚਰਸ	charas:3
ਚਰਾ	chara:2	charaa:1
ਚਰਾਂਦਾਂ	charandan:2	charaanda:1
ਚਰਾਉਣ	charaun:2	charaunhn:1
ਚਰਾਗਾਹ	charagaah:2	charagah:1
ਚਰਿਤਰ	charitar:3
ਚਰਿਤਰਾਂ	charitran:2	charitaran:1
ਚਰਿਤਰੋਪਾਖਿਆਨ	charitropaakhyaan:1	charitropakhiaan:1	charitropakhiyaan:1
ਚਰਿਤ੍ਰ	charitr:2	charitar:1	charitra:1
ਚਰਿਤ੍ਰਾਂ	charitran:3
ਚਰਿੱਤਰ	charitar:2	charittar:1
ਚਰਿੱਤਰਵਾਨ	charitarvan:1	charitarwaan:1	charittarvan:1	charritarvaan:1
ਚਰਿੱਤਰਹੀਣ	charitarheen:1	charittarhin:1	charritarheen:1
ਚਰਿੱਤ੍ਰ	charitr:2	charitar:1	charittra:1
ਚਰੇ	chare:3	charey:1
ਚਲ	chal:4
ਚਲਇਆ	chaleya:2	chalaiaa:1
ਚਲਕੇ	chalke:3	chalake:1
ਚਲਣ	chalan:3
ਚਲਣਾ	chalna:3
ਚਲਣੀ	chalni:3	chalnee:1
ਚਲਤੇ	chalte:3
ਚਲਦਾ	chalda:3
ਚਲਦਿਆਂ	chaldeyian:1	chaldiaan:1	chaldiyan:1
ਚਲਦੀ	chaldi:3
ਚਲਦੀਆਂ	chaldiyan:4	chaldiaan:2	chaldian:2
ਚਲਦੇ	chalde:3
ਚਲਨ	chalan:3
ਚਲਨੀ	chalni:3
ਚਲਾ	chala:3
ਚਲਾਂਉਦੇ	chalaunde:2	chalanude:1
ਚਲਾਂਦੇ	chalande:3
ਚਲਾਇਆ	chalaiaa:2	chaleya:1
ਚਲਾਈ	chalaee:3	chalai:2	chalayi:2	chalaaee:1
ਚਲਾਈਆਂ	chalaiaan:2	chalaeeaan:1	chalayian:1
ਚਲਾਉਂਦਾ	chalaunda:3
ਚਲਾਉਂਦੀ	chalaundi:3
ਚਲਾਉਂਦੀਆਂ	chalaundian:2	chalaundiaan:1	chalaundiyian:1
ਚਲਾਉਂਦੇ	chalaunde:1	chalaundey:1	chalunde:1
ਚਲਾਉਣ	chalaun:4	chalaaun:1	chalauun:1
ਚਲਾਉਣਾ	chalauna:6
ਚਲਾਉਣੀਆਂ	chalauniaan:2	chalaunian:1
ਚਲਾਊ	chalaaoo:1	chalau:1	chalauu:1
ਚਲਾਏ	chalae:2	chalaye:2
ਚਲਾਓ	chalao:3
ਚਲਾਕ	chalaak:2	chalak:1
ਚਲਾਕੀ	chalaaki:1	chalakee:1	chalaki:1
ਚਲਾਕੇ	chalake:2	chalakey:1
ਚਲਾਣ	chalaan:2	chalan:1
ਚਲਾਣਾ	chalana:2	chalanaa:1
ਚਲਾਣੇ	chalane:2	chalaney:1
ਚਲਿਆ	chalea:1	chaliaa:1	chaliya:1
ਚਲਿਤ੍ਰ	chalitar:2	chalitr:2	chelitar:1
ਚਲੀ	chali:3	chalee:1
ਚਲੀਆ	chaliya:2	chaliaa:1
ਚਲੀਆਂ	chaliaan:1	chalian:1	chaliyan:1	chaliyian:1
ਚਲੇ	chale:3
ਚਲੇਂ	chalen:3
ਚਲੋ	chalo:3
ਚਲੰਤ	chalant:3
ਚਸਕਾ	chaska:2	chamka:1
ਚਸ਼ਮ	chasham:3
ਚਸ਼ਮਾ	chashma:3
ਚਸ਼ਮੇ	chashme:2	chashmey:1
ਚਹਿਕ	chahik:2	chehak:1
ਚਹਿਰੇ	chahire:2	chahera:1	chehre:1
ਚਹਿਲ	chahil:2	chehal:1
ਚਹਿਲਾਂ	chahilan:3
ਚਹੁੰ	chahun:5	chou:1	choun:1
ਚਹੇਤਾ	chaheta:2	chahetaa:1
ਚਹੇੜੂ	chahedu:2	chaheru:2	chaheddoo:1	chaheddu:1
ਚਾਂ	chan:2	chaan:1
ਚਾਂਦ	chaand:2	chand:2
ਚਾਂਦਨੀ	chandani:3	chaandani:1	chaandni:1	chandni:1
ਚਾਂਦਪੁਰ	chaandpur:2	chandpur:2
ਚਾਂਦੀ	chaandi:4	chandi:4
ਚਾਂਸ	chaans:1	chance:1	chans:1
ਚਾਅ	chaa:2	cha:1
ਚਾਇਨਾ	china:2	chaeena:1	chaina:1	chayinya:1
ਚਾਈ	chaee:1	chai:1	chaie:1	chayi:1
ਚਾਈਨਾ	china:5	chaina:3	chaeena:2	chayina:1
ਚਾਈਨੀਜ਼	chaineez:1	chayineze:1	cheenise:1	chinese:1
ਚਾਈਲਡ	child:4	chaeelad:2	chailad:2	chaild:2
ਚਾਏ	chae:1	chaie:1	chaye:1
ਚਾਓ	chau:2	chao:1
ਚਾਕੂ	chaku:3	chakoo:1
ਚਾਕੂਆਂ	chaakuan:1	chakuaan:1	chakuyan:1
ਚਾਕੋ	chako:2	chaakou:1
ਚਾਚਾ	chacha:2	chaacha:1
ਚਾਚੀ	chachi:3	chaachee:1	chaachi:1
ਚਾਚੀਆਂ	chachiyan:2	chachian:1	chahiyan:1
ਚਾਚੇ	chache:2	chaache:1
ਚਾਟ	chaat:2	chat:2	chata:1
ਚਾਡ	chaad:1	chad:1	chadh:1
ਚਾਣਕਿਆ	chanhkya:1	chankia:1	chankiya:1
ਚਾਦਰ	chadar:4	chaadar:1
ਚਾਦਰਾਂ	chadran:2	chaadran:1
ਚਾਦਰਿਆਂ	chaadrian:1	chaadriyan:1	chadriyaan:1	chadriyan:1
ਚਾਨਣੀਆਂ	chaananian:1	chaananiyan:1	chananhiyan:1
ਚਾਨੇ	chane:2	chaane:1
ਚਾਪ	chaap:2	chap:2
ਚਾਪਲੂਸੀ	chaaploosi:1	chaaplusi:1	chaploosi:1	chaplusi:1
ਚਾਬੀ	chaabi:2	chabi:2	chabee:1
ਚਾਬੀਆਂ	chabian:2	chabiyan:2	chabiyian:1
ਚਾਮੁੰਡਾ	chamunda:3
ਚਾਰ	char:4	chaar:3
ਚਾਰਜਰਜ਼	charajraz:1	charges:1	charjaraz:1	charjarj:1
ਚਾਰਜਾਂ	chaarjaan:1	chaarjan:1	charjaan:1	charjan:1
ਚਾਰਟ	chaart:2	charat:2	chart:2	chaarat:1
ਚਾਰਟਰਡ	chaartaard:1	chaartard:1	chaartared:1	chaartered:1
ਚਾਰਣ	chaaran:1	charan:1	charanh:1
ਚਾਰਦੀਵਾਰੀ	chaardevari:1	chaardewari:1	chaardivari:1	chaardiwari:1
ਚਾਰਨ	charan:2	chaaran:1	chaarun:1
ਚਾਰਲਸ	charles:3	charlas:2	chaaralas:1	chaaralash:1
ਚਾਰਲੀ	charlie:4	charli:3	chaarlee:1	chaarlie:1
ਚਾਰਵਾਕ	charvaak:2	chaarvak:1	chaarwak:1	charwak:1
ਚਾਰਾ	chara:3	chaara:2
ਚਾਰਾਂ	chaaran:2	charaan:1	charan:1
ਚਾਰਿ	chaar:1	char:1	charee:1	chari:1
ਚਾਰਿਆਂ	chariyan:2	chaarian:1	charian:1
ਚਾਰੇ	chaare:2	chare:2
ਚਾਰੋ	charo:2	chaarou:1
ਚਾਰੋਂ	chaaron:1	chaaroun:1	charon:1
ਚਾਲ	chaal:4	chal:3
ਚਾਲਕ	chaalak:2	chalak:1
ਚਾਲਕਾਂ	chaalkan:2	chalkan:1
ਚਾਲਤ	chaalat:2	chalat:1
ਚਾਲ਼ੀਹ	chalih:2	chaaleeh:1	chaalih:1	chaleeh:1
ਚਾਲਾ	chaala:2	chala:1
ਚਾਲਾਂ	chaalan:1	chalaan:1	chalan:1
ਚਾਲਾਕ	chalaak:2	chalak:1
ਚਾਲਾਕੀ	chalaki:3	chalaaki:1
ਚਾਲੀ	chaali:2	chali:2
ਚਾਲੀਸ	chalees:2	chalis:2	chaalis:1
ਚਾਲੀਸਾ	chalisa:3	chaleesa:1
ਚਾਲੁ	chaalu:1	chal:1	chalu:1
ਚਾਲੂ	chaalu:1	chaloo:1	chalu:1
ਚਾਲ੍ਹੀ	chaaleeh:1	chaalhi:1	chaalih:1	chalhi:1
ਚਾਵ	chaav:2	chaaw:1	chav:1
ਚਾਵਲ	chaawal:2	chaval:1	chawal:1
ਚਾਵਲਾ	chaavla:3	chawla:3	chaawla:2	chaavalaa:1
ਚਾਵਲਾਂ	chaavlaan:1	chaawlan:1	chavalan:1	chawlaan:1
ਚਾਵਾਂ	chaavaan:1	chaavan:1	chaawan:1	chavan:1
ਚਾਸ਼ਨੀ	chashani:1	chashni:1	chasni:1	chassni:1
ਚਾਹ	chah:6
ਚਾਹਣ	chahan:2	chahnh:1
ਚਾਹਤ	chahat:3
ਚਾਹਤਾਂ	chahtan:2	chahetan:1	chahtaan:1
ਚਾਹਤੇ	chahte:3	chahete:1
ਚਾਹਦੀ	chahdi:3	chahdee:1	chahedi:1
ਚਾਹਲ	chahal:3
ਚਾਹਵਾਨ	chahvan:3	chahvaan:1
ਚਾਹਵਾਨਾਂ	chahvana:1	chahvanaan:1	chahvanan:1
ਚਾਹਵੇ	chahve:3
ਚਾਹਾਂ	chahan:3
ਚਾਹਾਂਗੇ	chahange:3
ਚਾਹਿਆ	chahiaa:2	chahiya:2	chahya:2	chiah:1
ਚਾਹਿਏ	chahiye:2	chahiae:1
ਚਾਹਿਦਾ	chahida:3
ਚਾਹੀ	chahi:3
ਚਾਹੀਂਦਾ	chahinda:2	chaheenda:1
ਚਾਹੀਏ	chahiye:2	chahiae:1
ਚਾਹੀਦਾ	chahida:3
ਚਾਹੀਦੀ	chahidi:4
ਚਾਹੀਦੀਆਂ	chahidiyan:2	chahidiaan:1
ਚਾਹੀਦੇ	chahide:3
ਚਾਹੁਣ	chahunh:2	chahun:1
ਚਾਹੁਣਗੇ	chahunge:2	chahunhge:1
ਚਾਹੁੰਦਾ	chahunda:6	chaunda:1
ਚਾਹੁੰਦੀ	chahundi:2	chahundee:1
ਚਾਹੁੰਦੀਆਂ	chahundian:2	chahundiyan:2
ਚਾਹੁੰਦੇ	chahunde:6
ਚਾਹੇ	chahe:3	chahey:1
ਚਾਹੇਂ	chahen:2	chaahen:1	chahein:1
ਚਾਹੇਗਾ	chahega:3
ਚਾਹੜਿਆ	chahdeeaa:1	chahdiaa:1	chahdiya:1	chahrhiaa:1
ਚਾੜ	chaadh:1	chaar:1	chadh:1
ਚਾੜ੍ਹ	chaadh:1	chadh:1	chahd:1
ਚਾੜ੍ਹਨ	chaadhan:1	chadhan:1	chahdan:1
ਚਾੜ੍ਹਨਾ	chadhna:2	chahdana:1
ਚਾੜ੍ਹਿਆ	chaadhia:1	chaadiya:1	chadhiya:1	chahdya:1
ਚਿਕਨ	chikan:3	chicken:2	chickan:1
ਚਿਕਨਾਈ	chiknayi:3	chicknayi:1	chicnai:1	chiknai:1
ਚਿਕਨੇ	chikne:3	chickne:1
ਚਿਕਿਤਸਕ	chikitsak:2	chikitasak:1
ਚਿਕਿਤਸਕਾਂ	chikitsakan:3	chikitsaka:1
ਚਿਕਿਤਸਾ	chikatsa:1	chikitasa:1	chikitsa:1
ਚਿਖਾ	chikha:3
ਚਿਟ	chit:3
ਚਿਟਾ	chita:3
ਚਿਟਾਗਾਂਗ	chitagaang:2	chitagang:2
ਚਿਠੀ	chithi:3	chithee:1
ਚਿਣ	chin:1	chinh:1	chinn:1
ਚਿਣਕੇ	chinake:1	chinhke:1	chinke:1	chinnke:1
ਚਿਣਵਾ	chinhva:1	chinnwa:1	chinva:1
ਚਿਣਿਆ	chinhiya:1	chinia:1	chiniaa:1	chiniya:1
ਚਿਤ	chit:7
ਚਿਤਰ	chitar:3
ਚਿਤਰਕਲਾ	chitarkala:3
ਚਿਤਰਕਾਰ	chitarkaar:2	chitarkar:1	chitrkaar:1
ਚਿਤਰਕਾਰੀ	chitarkaari:2	chitarkari:2
ਚਿਤਰਣ	chitaranh:1	chitran:1	chitrann:1
ਚਿਤਰਨ	chitran:2	chitaran:1	chitrun:1
ਚਿਤਰਪਟ	chitarpat:2	chitarpatt:1
ਚਿਤਰਾ	chitra:3
ਚਿਤਰਾਂ	chitran:2	chitaran:1
ਚਿਤਰਿਆ	chitriya:2	chitarya:1	chitria:1
ਚਿਤਰੇ	chitre:2	chitare:1	chitrey:1
ਚਿਤਾ	chita:2	chitaa:1
ਚਿਤਾਵਨੀ	chitavani:3	chitawani:1
ਚਿਤੁ	chit:1	chitu:1	chituu:1
ਚਿਤੌੜਗੜ੍ਹ	chitaudgarh:1	chitaurhgarh:1	chitodhgadh:1	chittorgarh:1
ਚਿਤ੍ਰਕਲਾ	chitrakala:3
ਚਿਤ੍ਰਣ	chitran:2	chitaran:1	chitranh:1
ਚਿਤ੍ਰਿਤ	chitirat:1	chitrat:1	chitrit:1
ਚਿਦੰਬਰਮ	chidambaram:2	chhidambaram:1	chidabarama:1	chidambram:1
ਚਿਨ	chin:3
ਚਿਨਾਰ	chinaar:2	chinar:2
ਚਿਨ੍ਹ	chinh:2	chinn:1
ਚਿਨ੍ਹਾਂ	chinhan:3
ਚਿਪਕ	chipak:3
ਚਿਪਕਣ	chipakan:1	chipkan:1	chipkanh:1	chipkann:1
ਚਿਪਕਾ	chipka:3	chipaka:1
ਚਿਪਕਿਆ	chipkiya:2	chipakiya:1	chipakiyaa:1	chipkia:1
ਚਿਪਕੀ	chipki:2	chipapki:1	chipkee:1
ਚਿਪਕੂ	chipakuu:1	chipkoo:1	chipku:1
ਚਿਪਕੋ	chipako:1	chipko:1	chipkou:1
ਚਿਪਚਿਪਾ	chipchipa:3
ਚਿਪਚਿਪੀ	chipchipi:3	chipchipee:1
ਚਿਪਸ	chips:3	cheeps:1	cheepsh:1	chiips:1
ਚਿਮਟਾ	chimta:2	chimata:1
ਚਿਮਟੇ	chimte:3	chimtay:1	chimtey:1
ਚਿਮਨੀ	chimni:3	chimnee:1	chimney:1
ਚਿਰ	chir:5
ਚਿਰਕਾਲ	chirkaal:3	chirkal:1
ਚਿਰਸਥਾਈ	chirasthayi:2	chirasthaai:1	chirasthai:1	chirsthayi:1
ਚਿਰਾਂ	chiran:2	chiraan:1
ਚਿਰਾਗ	chiraag:3	chirag:1
ਚਿਰਾਗਦੀਨ	chiragdeen:3	chiragdin:2
ਚਿਰਾਗਾਂ	chiraagaan:1	chiraagan:1	chiragaan:1	chiragan:1
ਚਿਰੀ	chiri:3	chiree:1
ਚਿਰੰਜੀਵੀ	chiranjivi:4	chiranjeevi:2	chiiranjiivii:1	chiiranziiwii:1
ਚਿਲਡਰਨਜ਼	childharanaz:1	childranaz:1	childrens:1	childrenz:1
ਚਿਲਮਨ	chilman:3
ਚਿਲੀ	chili:3	chily:1
ਚਿਲੇ	chile:4	chilee:1	chiley:1
ਚਿਸ਼ਤੀ	chishti:2	chissti:1	chissty:1
ਚਿਹਨ	chihan:3
ਚਿਹਨਕ	chihnak:2	chihanak:1
ਚਿਹਨਕੀ	chihanaki:1	chihanki:1	chihnaki:1
ਚਿਹਨਾਂ	chihnan:2	chihna:1
ਚਿਹਰਾ	chihra:3	chehra:1
ਚਿਹਰਿਆਂ	chihrian:2	chihriyan:2	chihariyan:1
ਚਿਹਰੇ	chihre:3
ਚਿੜਾ	chidha:2	chida:1	chira:1
ਚਿੜੀ	chidhi:2	chidi:1	chirhi:1	chiri:1
ਚਿੜੀਆ	chidhia:1	chidhiya:1	chidiya:1	chirhiya:1
ਚਿੜੀਆਂ	chidhiyan:3	chidiyan:3	chidhian:1	chidian:1
ਚਿੜੀਆਘਰ	chidhiaghar:1	chidhiyaghar:1	chidiyagar:1	chidiyaghar:1
ਚਿੜੀਆਘਰਾਂ	chidhiagharan:1	chidhiyagharan:1	chidiyagaran:1	chirhiagharan:1
ਚਿੰਗ	cheeng:1	chiing:1	chin:1	ching:1
ਚਿੰਤਕ	chintak:3	chintaq:1
ਚਿੰਤਕਾ	chintaka:3	chintaqa:1
ਚਿੰਤਕਾਂ	chintakan:3	chintaka:1	chintaqan:1
ਚਿੰਤਤ	chintat:2	chitat:1
ਚਿੰਤਨ	chintan:6
ਚਿੰਤਨਸ਼ੀਲ	chintansheel:2	chintanshil:1	chintansil:1
ਚਿੰਤਾ	chinta:8
ਚਿੰਤਾਗ੍ਰਸਤ	chintagarat:1	chintagrasat:1	chintagrast:1	chintagrst:1
ਚਿੰਤਾਜਨਕ	chintajanak:3	chintajank:1
ਚਿੰਤਾਵਾਂ	chintavan:3	chintavaan:1
ਚਿੰਤਿਤ	chintit:3
ਚਿੰਨ	chin:3
ਚਿੰਨਾਂ	chinan:1	chinna:1	chinta:1
ਚਿੰਨ੍ਹ	chinh:2	chinnh:1
ਚਿੰਨ੍ਹਾਂ	chinhan:1	chinnah:1	chinnhin:1
ਚਿੰਨ੍ਹਾਤਮਕ	chinahtmak:1	chinhatamak:1	chinhatamaq:1	chinhatmak:1
ਚਿੰਬੜ	chimbad:1	chimbarh:1	chimbbad:1	chimbbar:1
ਚਿੰਬੜੇ	chibadhe:1	chimbbre:1	chimbrhe:1	chimmede:1
ਚਿੱਕੜ	chikadh:2	chickad:1	chikad:1	chikadd:1
ਚਿੱਚੜ	chichar:2	chichad:1	chichadh:1
ਚਿੱਟਾ	chitta:2	chita:1
ਚਿੱਟੀ	chitti:2	chiti:1	chittee:1
ਚਿੱਟੀਆਂ	chittiyan:2	chitiyaan:1	chitiyan:1	chittian:1
ਚਿੱਟੇ	chitte:2	chite:1
ਚਿੱਠੀ	chithi:4
ਚਿੱਠੀਆਂ	chithiyan:3	chitthian:2	chithiyaan:1	chitthiyan:1
ਚਿੱਠੀਏ	chithiye:3	chithiae:1	chithie:1
ਚਿੱਠੇ	chithe:2	chithey:1
ਚਿੱਤ	chitt:2	chit:1
ਚਿੱਤਰ	chitar:2	chittar:1
ਚਿੱਤਰਕਲਾ	chittarkala:2	chitarkala:1
ਚਿੱਤਰਕਾਰ	chitarkaar:1	chittarkaar:1	chittarkar:1
ਚਿੱਤਰਕਾਰਾਂ	chitarkaran:1	chittarkaaran:1	chittarkaraan:1	chittarkaran:1
ਚਿੱਤਰਕਾਰੀ	chitarkari:1	chittarkaari:1	chittarkari:1	chittkaari:1
ਚਿੱਤਰਣ	chitaranh:1	chittran:1	chittrann:1
ਚਿੱਤਰਦਾ	chittarda:2	chitarda:1
ਚਿੱਤਰਪਟ	chittarpat:2	chitarpatt:1
ਚਿੱਤਰਾ	chittra:2	chitra:1
ਚਿੱਤਰਾਂ	chittran:2	chitran:1
ਚਿੱਪ	cheep:1	chiip:1	chip:1
ਚਿੱਪਾਂ	chipaan:1	chipan:1	chippan:1
ਚਿੱਲੀ	chilli:2	chili:1	chillee:1
ਚਿੱੜੀ	chidhi:2	chiddi:1	chirhi:1	chirri:1
ਚੀ	chi:3
ਚੀਕ	cheek:3	chik:2	chiq:1
ਚੀਕਣਾ	cheeknaa:1	chikanha:1	chiknaa:1	chiknha:1
ਚੀਕਣੀ	cheekanhi:1	cheekani:1	chikani:1	chiknhi:1
ਚੀਕਾ	cheeka:3	chika:2	chiqa:1
ਚੀਕਾਂ	cheekaan:1	cheekan:1	chikaan:1	chikan:1
ਚੀਕੂ	cheeku:2	chiku:2	chikoo:1	chiqoo:1
ਚੀਖ	cheekh:2	chikh:2
ਚੀਖਾਂ	cheekhan:2	chikhan:2
ਚੀਚਕ	chichak:3	chechak:1	chichaq:1
ਚੀਚਾ	cheecha:2	chicha:2
ਚੀਚੀ	chichi:3	cheechi:1
ਚੀਜ	cheej:2	chij:1
ਚੀਜ਼	cheez:2	chijh:1	chiz:1
ਚੀਜ਼ਾਂ	cheezaan:1	cheezan:1	chijhan:1	chizan:1
ਚੀਜਾ	cheeja:2	chija:1
ਚੀਜਾਂ	cheejan:2	chijan:1
ਚੀਣਾ	cheenha:1	cheenna:1	chinha:1	chinna:1
ਚੀਤਾ	cheeta:2	chita:1
ਚੀਤੇ	cheete:2	chite:1
ਚੀਨ	cheen:3	chin:2	chiin:1	chiina:1
ਚੀਨਾ	cheena:2	china:2
ਚੀਨਿਆਂ	cheeneyian:1	cheeniyan:1	chiniaan:1
ਚੀਨੀ	cheeni:2	chini:1
ਚੀਨੀਆਂ	cheenian:1	cheeniyaan:1	chiniaan:1	chiniyan:1
ਚੀਨੇ	chine:2	cheene:1	chiney:1
ਚੀਮਾ	cheema:2	chima:1
ਚੀਮਾਂ	cheeman:2	cheema:1	chiman:1
ਚੀਮੇ	cheeme:2	chime:1
ਚੀਰ	chir:2	cheer:1
ਚੀਰਦੇ	chirde:2	cheerde:1
ਚੀਰਾ	chira:3	cheera:1
ਚੀਰਿਆ	cheereya:1	chiriaa:1	chiriya:1
ਚੀਰੇ	chire:2	cheere:1
ਚੀਲ	cheel:2	chil:2
ਚੀਸ	chees:2	chim:1	chis:1
ਚੀੜ	cheer:2	cheedh:1	chir:1	chirh:1
ਚੀੜ੍ਹ	cheedah:1	cheerah:1	cheerh:1	chir:1
ਚੁਆ	chua:2	chuaa:1	chuya:1
ਚੁਕ	chuk:3	chuq:1
ਚੁਕਣ	chukan:1	chukanh:1	chukann:1	chuqanh:1
ਚੁਕਦੇ	chukde:3	chuqde:1
ਚੁਕਵਾਈ	chukvaee:1	chukvai:1	chukvayi:1	chuqvaee:1
ਚੁਕਾ	chuka:3	chuqa:1
ਚੁਕਾਈ	chukayi:4	chukaee:3	chuqaee:2	chukai:1
ਚੁਕਾਉਣ	chakaun:1	chakayun:1	chukaun:1	chukaunh:1
ਚੁਕਾਉਣਾ	chukauna:1	chukaunha:1	chukaunna:1	chukayuna:1
ਚੁਕਾਉਣੀ	chukaunhi:1	chukauni:1	chukaunni:1	chukayuni:1
ਚੁਕਿਆ	chikya:1	chiukaa:1	chiukaya:1	chukiaa:1
ਚੁਕੀ	chuki:3	chuky:1	chuqi:1
ਚੁਕੀਆਂ	chukiaan:1	chukian:1	chukiyan:1	chukyian:1
ਚੁਕੇ	chuke:3	chuqe:1
ਚੁਗ	chug:3
ਚੁਗਣ	chugan:1	chuganh:1	chugnh:1
ਚੁਗਤਾਈ	chugtayi:3	chugtai:2	chugtaee:1
ਚੁਗਦੀ	chugdi:2	chugadi:1
ਚੁਗਲੀ	chugali:4	chugli:1
ਚੁਗਲੀਆਂ	chuglian:2	chugliyaan:2	chugaliaan:1	chugaliyan:1
ਚੁਗਾਠ	chugath:3
ਚੁਗਾਠਾਂ	chugathan:3
ਚੁਗਿਰਦੇ	chugirde:3
ਚੁਟਕਲਾ	chutkala:2	chutkla:2	chutqla:1
ਚੁਟਕਲਿਆਂ	chutkaliaan:1	chutkaliyaan:1	chutklean:1	chutkliaan:1
ਚੁਟਕਲੇ	chutkale:2	chutkle:1	chutqle:1
ਚੁਟਕੀ	chutki:3	chutaki:1	chutkee:1	chutqi:1
ਚੁਟਕੀਆਂ	chutakian:1	chutkiaan:1	chutkian:1	chutkiyaan:1
ਚੁਣ	chun:2	chunh:1
ਚੁਣਦਾ	chunda:2	chunhda:1
ਚੁਣਦੀ	chunadi:1	chundi:1	chunhdi:1
ਚੁਣਦੇ	chunde:2	chunhde:1
ਚੁਣਨ	chunan:2	chunhn:1
ਚੁਣਨਾ	chunana:2	chunhna:1
ਚੁਣਿ	chunhi:1	chuni:1	chunni:1
ਚੁਣਿਆ	chuniya:3	chuneya:2	chunhiaa:2	chunniya:1
ਚੁਣੀ	chuni:2	chunhi:1
ਚੁਣੀਆਂ	chunian:2	chuniyan:2	chunhiaan:1	chuniyaan:1
ਚੁਣੇ	chune:2	chunhe:1
ਚੁਣੋ	chunho:1	chunno:1	chuno:1
ਚੁਣੋਤੀ	chunauti:1	chunhoti:1	chunnoti:1	chunoti:1
ਚੁਣੋਤੀਆਂ	chunotian:2	chunhotiaan:1	chunitiyaan:1	chunotiyan:1
ਚੁਣੌਤੀ	chunauti:3	chunoti:1
ਚੁਣੌਤੀਆਂ	chunhautiaan:2	chunotiyan:2	chunauntian:1	chunautian:1
ਚੁਥਾਈ	chuthayi:2	chuthaee:1
ਚੁਨ	chun:3
ਚੁਨਾਵਾਂ	chunavan:2	chunavaan:1	chunawan:1
ਚੁਨਾਵੀ	chunavi:3
ਚੁਨਿੰਦਾ	chuninda:3
ਚੁਨੌਤੀ	chunauti:1	chunnauti:1	chunoti:1
ਚੁਨੌਤੀਆਂ	chunautiaan:1	chunnautian:1	chunnautiyaan:1	chunotiyan:1
ਚੁਪ	chup:3
ਚੁਪਕੇ	chupke:3	chupqe:1
ਚੁਪਚਾਪ	chupchap:2	chuppchap:1
ਚੁਪੀਤੇ	chupite:2	chupeete:1	chupetae:1
ਚੁਫ਼ੇਰੇ	chufere:2	chuferey:1	chuphere:1
ਚੁਫੇਰੇ	chufere:3	chufarey:1
ਚੁਬਾਰਾ	chubara:3	chubaara:1
ਚੁਬਾਰੇ	chubare:3
ਚੁਭਣ	chubhanh:2	chuban:1
ਚੁਭਦੇ	chubhde:4
ਚੁਭਵਾਂ	chubhvan:3
ਚੁਭਵੀਂ	chubhvin:3
ਚੁਭੇ	chubhe:4
ਚੁਰਸਤਾ	churasta:2	chursata:1
ਚੁਰਾ	chura:3
ਚੁਰਾਇਆ	churaiya:2	chuareaa:1	churaeya:1	churaia:1
ਚੁਰਾਈ	churai:3	churaee:1	churayi:1
ਚੁਰਾਉਣ	churaun:3	churayun:1
ਚੁਰਾਏ	churae:3	churaye:2
ਚੁਰਾਕੇ	churake:2	churae:1	churaye:1
ਚੁਰਾਸੀ	churasi:3
ਚੁਰੰਜਾ	churanja:3
ਚੁਸਤ	chust:2	chusat:1
ਚੁਸਤੀ	chusati:1	chusaty:1	chustee:1	chusti:1
ਚੁੜੇਲ	chudel:1	chudhel:1	churel:1
ਚੁੜੇਲਾਂ	chudelan:1	chudhelan:1	churelan:1
ਚੁੰਗ	chung:3
ਚੁੰਗਲ	chungal:3
ਚੁੰਘਾ	chungha:2	chunga:1	chunghaa:1
ਚੁੰਘਾਇਆ	chungaya:1	chungeya:1	chunghaeeaa:1	chunghaiaa:1
ਚੁੰਘਾਉਣ	chungaunn:1	chunghaun:1	chunghaunh:1
ਚੁੰਘਾਉਣਾ	chughaunha:1	chungauna:1	chungaunna:1	chunghauna:1
ਚੁੰਜ	chunj:5	chuj:1	chunnj:1
ਚੁੰਝ	chunjh:2	chungh:1
ਚੁੰਨੀ	chuni:2	chunni:1
ਚੁੰਨੀਆਂ	chuniyan:2	chunniaan:1	chunniyan:1
ਚੁੰਬਕ	chumbak:2	chunbak:1
ਚੁੰਬਕਾਂ	chumbakan:2	chumbkan:1
ਚੁੰਬਕੀ	chumbki:2	chumbaki:1
ਚੁੰਭੀ	chumbhi:3
ਚੁੰਮ	chumm:2	chum:1
ਚੁੰਮਣ	chumman:2	chuman:1
ਚੁੰਮਣਾ	chumana:1	chummana:1	chumna:1
ਚੁੰਮੀ	chumi:2	chummi:2
ਚੁੱਕ	chukk:2	chhuk:1	chuqq:1
ਚੁੱਕਕੇ	chhukke:1	chukkakey:1	chukke:1	chuqqe:1
ਚੁੱਕਣ	chhukann:1	chukkan:1	chukkanh:1	chuqqanh:1
ਚੁੱਕਣਾ	chhuknna:1	chukkna:1	chukknha:1	chuqqnha:1
ਚੁੱਕਣੇ	chhukne:1	chukkney:1	chukknhe:1	chuqqnhe:1
ਚੁੱਕਦਾ	chhukda:1	chukda:1	chukkda:1
ਚੁੱਕਦਿਆਂ	chukkadiaan:1	chukkdiaan:1	chukkdiyaan:1
ਚੁੱਕਦੇ	chukkde:2	chukde:1	chuqqde:1
ਚੁੱਕਾ	chhuka:1	chuka:1	chukka:1	chuqqa:1
ਚੁੱਕਾਂ	chukkan:2	chukaan:1	chukan:1	chuqqan:1
ਚੁੱਕਿਆ	chukkiaa:2	chukya:2	chuqqiaa:2	chukkeya:1
ਚੁੱਕੀ	chukki:3	chuqqi:1
ਚੁੱਕੀਆ	chukiya:1	chukkiaa:1	chukkiya:1	chuqqiaa:1
ਚੁੱਕੀਆਂ	chukiyan:1	chukkiaan:1	chukkian:1	chuqqiaan:1
ਚੁੱਕੇ	chukke:3	chukkey:1	chuqqe:1
ਚੁੱਣਿਆ	chhuniya:1	chunea:1	chuneya:1	chunhiaa:1
ਚੁੱਪ	chupp:2	chup:1
ਚੁੱਪਚਾਪ	chupchap:2	chuppchap:1
ਚੁੱਪੀ	chuppi:2	chupi:1
ਚੁੱਭੀ	chhubhi:1	chubbhi:1	chubhi:1
ਚੁੱਲਿਆਂ	chhulian:1	chhuliyaan:1	chuliyan:1	chulliaan:1
ਚੁੱਲੇ	chhule:1	chule:1	chulle:1
ਚੁੱਲ੍ਹਾ	chulha:2	chhulla:1
ਚੁੱਲ੍ਹੇ	chulhe:2	chhulle:1
ਚੂ	chu:4	choo:2	cha:1	chuu:1
ਚੂਕਿਆ	chookeya:1	chukiaa:1	chukiya:1
ਚੂਚਕ	chuchak:2	choochak:1
ਚੂਚੀ	choochi:2	chuchi:2
ਚੂਚੇ	chuche:2	chooche:1
ਚੂਨਾ	chuna:2	choona:1
ਚੂਨੀਆਂ	chuniaan:2	chooniyan:1
ਚੂਨੇ	chune:2	choone:1
ਚੂਰ	choor:2	chur:2
ਚੂਰਣ	churan:3	chooran:2
ਚੂਰਨ	churan:3	chooran:2
ਚੂਰਮਾ	choorma:2	churma:2
ਚੂਰਾ	choora:2	chura:1
ਚੂਰੀ	choori:2	chooree:1	churi:1
ਚੂਰੀਆਂ	chooreeyan:1	choorian:1	chooriyan:1	churiaan:1
ਚੂਲਾ	chula:3	choola:2
ਚੂਸ	chus:3
ਚੂਸਣ	chusan:3	choosan:1
ਚੂਸਦਾ	chusda:3	choosda:1
ਚੂਹਾ	chuha:2	chooha:1
ਚੂਹਿਆਂ	choohiyan:1	chuhiaan:1	chuhian:1	chuhiyaan:1
ਚੂਹੇ	chuhe:2	choohe:1
ਚੂਹੜ	chuhar:2	chhuhad:1	chuhad:1
ਚੂਹੜਕਾਣਾ	chuharkana:2	chugadkana:1	chuhadkana:1
ਚੂੜਾ	chuda:4	chooda:2	choorha:1	churha:1
ਚੂੜੀ	chudi:3	choodi:2	choorhi:1
ਚੂੜੀਆਂ	choodeeyan:1	choodian:1	choodiyan:1	choorian:1
ਚੂੜੇ	choode:2	choodey:1	choorhe:1
ਚੂੰਡੀ	choondi:2	chundi:1
ਚੂੰਡੀਆਂ	choondiyan:2	chundian:2	chundiyan:2	choondian:1
ਚੂੰਨੀ	chuni:2	chooni:1	chunni:1
ਚੇਅਰਪਰਸਨ	chairparsan:1	chairparshan:1	chairparson:1	chairpeersan:1
ਚੇਅਰਮੈਨ	chairman:4	chairmeen:2	chairmen:2	chermen:2
ਚੇਅਰਮੈਨਾਂ	chairmana:1	chairmanan:1	chairmenaan:1
ਚੇਚਕ	chechak:3
ਚੇਤ	chet:7	chait:1	cheet:1	cheeth:1
ਚੇਤਕ	chetak:3
ਚੇਤਨਤਾ	chetanta:3
ਚੇਤਨਾ	chetna:5
ਚੇਤਾਵਨੀ	chetavni:2	chetavani:1	chetawani:1
ਚੇਤਾਵਨੀਆਂ	chetavniyan:2	chetavaniaan:1	chetavnian:1
ਚੇਤੇ	chete:3
ਚੇਤੰਨਤਾ	chetanta:3
ਚੇਨ	chen:4	chain:3	cheen:2	chaiin:1
ਚੇਨਈ	chenai:2	chenayi:2	cheennai:1	cheennaii:1
ਚੇਨਾਂ	chenan:2	chenaan:1
ਚੇਰਾ	chera:3
ਚੇਲਾ	chela:4
ਚੇਲਿਆਂ	cheliaan:2	cheliyan:1
ਚੇਲੇ	chele:3
ਚੇਸ਼ਟਾ	cheshta:2	chesta:1
ਚੈਂਪੀਅਨਸ਼ਿਪ	championship:2	chaempianship:1
ਚੈਂਪੀਅਨਸ਼ਿਪਾਂ	championshipan:3	championship:1	championshipa:1
ਚੈਟ	chait:1	chat:1	chatt:1	chet:1
ਚੈਟਰਜੀ	chatterjee:1	chatterji:1	cheytarji:1
ਚੈਨ	chain:3	cheyn:1
ਚੈਨਲ	channel:2	chaenal:1	chaenel:1
ਚੈਪਟਰ	chapter:3
ਚੈਪਟਰਾਂ	chaeptaran:1	chapteran:1	chaptran:1
ਚੈਪਲ	chapel:3	chaepal:1	chaepel:1	chapal:1
ਚੈਪਲਿਨ	chaplin:3	chaeplin:1
ਚੈਰੀਟੇਬਲ	charitable:3	chaeritebal:1
ਚੈਲ	chael:2	chail:2
ਚੈਲੇਂਜ	challenge:6	chaelenj:2
ਚੈਸਟ	chaisat:1	chest:1	cheysat:1
ਚੈੱਕ	check:3	chaek:1	chek:1	cheyk:1
ਚੋ	cho:3
ਚੋਂ	chon:4	chaun:3
ਚੋਂਕੀ	chonki:2	chaunki:1	chonqi:1
ਚੋਕਾ	choka:3
ਚੋਖਾ	chokha:4
ਚੋਖੀ	chokhi:3
ਚੋਗ	chog:2	chogh:1
ਚੋਗਾ	choga:3
ਚੋਗਿਰਦੇ	chogirde:3
ਚੋਟ	chot:3
ਚੋਟਾਂ	chotan:2	chotaan:1
ਚੋਟੀ	choti:4	choty:1
ਚੋਟੀਆਂ	chotiaan:1	chotian:1	chotiyaan:1	chotiyan:1
ਚੋਣ	chon:4	chaun:1	chonh:1
ਚੋਣਵੀਂ	chonhvin:2	chonhwin:1
ਚੋਣਵੀਆਂ	chonhviaan:1	chonhviyan:1	chonhwiaan:1	chonvian:1
ਚੋਣਵੇਂ	chonhven:2	chonhwen:1	chonven:1
ਚੋਣਾ	chona:2	chonha:2
ਚੋਥਾ	chotha:4
ਚੋਥੀ	chothi:3
ਚੋਪੜ	chopad:1	chopadh:1	choprh:1
ਚੋਪੜਾ	chopra:3	chopda:2	choopda:1	choopra:1
ਚੋਰ	chor:7
ਚੋਰਾਂ	choran:3
ਚੋਰੀ	chori:5
ਚੋਲ	chol:4	chaul:1
ਚੋਲਾ	chola:5	chaula:1
ਚੋਲੀ	choli:3	cholee:1
ਚੋਲੇ	chole:3	choley:1
ਚੋੜਾਈ	chaudaai:1	chaudaayi:1	chaudayi:1	chodaayi:1
ਚੌਂ	chaun:2	cho:1	chon:1
ਚੌਂਕ	chaunk:2	chauank:1	chauanq:1	chauk:1
ਚੌਂਕਾ	chaunka:2	chaunki:1	chonka:1
ਚੌਂਕੀ	chaunkee:1	chaunki:1	chaunqi:1	chonki:1
ਚੌਂਕੀਦਾਰ	chaukidar:1	chaundidar:1	chaunkidaar:1	chauqidar:1
ਚੌਕ	chauk:5	chauq:2	chowk:2	chaak:1
ਚੌਕਲੇਟ	chocolate:2	chauklate:1	chauklet:1	choclate:1
ਚੌਕਸ	chaukas:3	chauks:1	chauqas:1
ਚੌਕਸੀ	chaukasi:2	chauksi:1	chauqasi:1
ਚੌਕੀ	chauki:6	chauqi:1
ਚੌਕੀਆਂ	chaukiaan:2	chaqiaan:1	chaukian:1	chaukiyaan:1
ਚੌਕੀਦਾਰ	chaukidar:4
ਚੌਕੋਰ	chaukor:2	chaukar:1
ਚੌਕੜੀ	chaukadi:1	chaukari:1	chaukdi:1	chaukri:1
ਚੌਖਟੇ	chaukhate:2	chaukhte:2
ਚੌਖਾ	chaukha:3	chokha:1
ਚੌਖੇ	chaukhe:3
ਚੌਖੰਡੀ	chaukhandi:3
ਚੌਗਿਰਦਾ	chaugirda:3
ਚੌਗਿਰਦੇ	chaugirde:3
ਚੌਟਾਲਾ	chautala:3
ਚੌਣ	chaun:2	chaunh:1	chaunn:1
ਚੌਣਾ	chauna:1	chaunha:1	chaunna:1
ਚੌਥ	chauth:3
ਚੌਥਾ	chautha:3
ਚੌਥਾਈ	chauthaee:1	chauthai:1	chauthayi:1
ਚੌਥੀ	chauthi:3
ਚੌਥੇ	chauthe:3
ਚੌਦਵਾਂ	chaudvan:3	chaudvaan:1	chaudwan:1
ਚੌਦਵੀਂ	chaudvin:3	chaudwin:1
ਚੌਦਵੇਂ	chaudven:3	chaudwen:2
ਚੌਦਸ	chaudas:3
ਚੌਦਾ	chauda:3
ਚੌਦਾਂ	chaudaan:1	chaudan:1	chaudi:1
ਚੌਦੇ	chaude:3
ਚੌਧਰੀ	chaudhari:2	chaudary:1	chaudhary:1	chaudri:1
ਚੌਧਰੀਆਂ	chaudarian:1	chaudhariaan:1	chodhriaan:1
ਚੌਧਵੀਂ	chaudhvin:2	chaundhwin:1	chodhvin:1
ਚੌਧਵੇਂ	chaudhven:2	chaudhwen:1	chodhven:1
ਚੌਪਾਏ	chaupaae:1	chaupae:1	chopane:1
ਚੌਬਾਰਾ	chaubara:2	chobara:2
ਚੌਬੀਸ	chaubis:2	chaubees:1	chobis:1
ਚੌਬੇ	chaube:2	chobe:1
ਚੌਮਸਕੀ	chaumaski:1	chaumski:1	chomaski:1
ਚੌਰਸ	chauras:2	choras:1
ਚੌਰਸਤੇ	chauraste:2	choraste:1
ਚੌਰਸੀਆ	chaurasiaa:1	chaursia:1	chorasiaa:1
ਚੌਰਾਸੀ	chaurasi:2	chorasi:1
ਚੌਰੰਗੀ	chaurangi:3	chorangi:1
ਚੌਲ	chaul:3	chol:2
ਚੌਲਾਂ	chaulan:3	cholan:1
ਚੌਵੀ	chauvi:2	chauwi:1	chovi:1
ਚੌਹਾਂ	chauhan:3	chauhaan:1	chohan:1
ਚੌਹਾਨ	chauhan:4	cauhan:1	chauhaan:1
ਚੌੜਾ	chauda:3	choda:2	chaudda:1	chaura:1
ਚੌੜਾਈ	chaudai:3	chaidaee:1	chaudayi:1	chaurai:1
ਚੌੜੀ	chodi:2	chaurhi:1	chauri:1
ਚੌੜੀਆਂ	chaurhiaan:1	chaurian:1	chodiaan:1
ਚੌੜੇ	chaude:1	chaure:1	chaurhe:1
ਚੜ	chad:4	chadd:2	charh:2	chadh:1
ਚੜਕੇ	chadke:2	charke:2	charkey:1
ਚੜਤ	charat:3	chadat:2
ਚੜਦਾ	charda:3	chada:1	chadda:1
ਚੜਦੀ	chaddi:2	chardi:2	chadadi:1	chadhadi:1
ਚੜਦੇ	charde:2	chade:1	charhde:1
ਚੜਨ	chadan:2	charan:1	charhan:1
ਚੜਾਇਆ	chadaaia:1	chadaya:1	charhaiaa:1
ਚੜਾਈ	chadaai:1	chadayi:1	charayi:1	charhaee:1
ਚੜਾਉਂਦੇ	chadaundey:1	charaunde:1	charhaonde:1	chaunde:1
ਚੜਾਉਣ	chadaun:2	chadayun:1	chadhaunn:1	chadoonh:1
ਚੜਾਏ	chadaae:1	chadave:1	charaye:1	charhae:1
ਚੜਾਓ	chadaau:1	chadao:1	charao:1	charhao:1
ਚੜਾਕੇ	chadaake:1	chadake:1	charake:1	charhake:1
ਚੜਾਵਾ	chadaava:1	chadava:1	charavaya:1	charhava:1
ਚੜਾਵੇ	chadave:1	chadavey:1	charavey:1	charhave:1
ਚੜਿਆ	chadya:2	charhiaa:2	charya:2	chadia:1
ਚੜੀ	chadi:2	chari:2	charhi:1
ਚੜ੍ਹ	chadh:2	charh:2	chadah:1	chaddh:1
ਚੜ੍ਹਦਾ	chadahda:1	chadahdaa:1	charahda:1	charhda:1
ਚੜ੍ਹਦੀ	chadhadi:2	chadahdi:1	chaddi:1	chadhdi:1
ਚੜ੍ਹਦੀਆਂ	chadhadeeaan:1	chadiyian:1	chardiyian:1	charhdiaan:1
ਚੜ੍ਹਦੇ	chadhade:2	chadhde:2	charhde:2	chadadey:1
ਚੜ੍ਹਨ	chadhan:5	charhan:3
ਚੜ੍ਹਨਾ	chadhana:2	charhana:1	charhna:1
ਚੜ੍ਹਾ	chadha:2	chadah:1	chaddah:1	chaddha:1
ਚੜ੍ਹਾਅ	chadaha:1	chadahaa:1	charahaa:1	charha:1
ਚੜ੍ਹਾਇਆ	chadahaya:1	chadahayia:1	charahaya:1	charhaeeaa:1
ਚੜ੍ਹਾਈ	chadahi:1	chadhai:1	charahi:1	charhaee:1
ਚੜ੍ਹਾਉਂਦਾ	chadahaunda:1	chadhaunda:1	charahaunda:1	charhaoonda:1
ਚੜ੍ਹਾਉਣ	chadahaun:1	chadhaaun:1	charahaun:1	charhauhn:1
ਚੜ੍ਹਾਉਣਾ	chadahauna:1	chadhauna:1	charahauna:1	charhaoohna:1
ਚੜ੍ਹਾਏ	chadahe:1	chadahye:1	charahe:1	charhaea:1
ਚੜ੍ਹਾਵਾ	chadahva:1	chadhawa:1	charahva:1	charhava:1
ਚੜ੍ਹਾਵੇ	chadahve:1	chadhave:1	charahve:1	charhave:1
ਚੜ੍ਹਿਆ	chadahaa:1	chadehya:1	chadheaa:1	chadhiaa:1
ਚੜ੍ਹਿਆਂ	chadahiyan:1	chadhiyan:1	charahiyan:1	charhiaan:1
ਚੜ੍ਹੀ	chadhi:2	charhi:2	chaddhi:1	chadeeh:1
ਚੜ੍ਹੇ	chadeh:2	chareh:2	chaddhe:1	chadhe:1
ਚੰਗਾ	changa:9
ਚੰਗਿਆਂ	changiaan:1	changian:1	changiyan:1
ਚੰਗਿਆਈ	changiaai:2	chanhiaaee:1
ਚੰਗਿਆਈਆਂ	changiaaeeaan:1	changiaaiaan:1	changiaatiyaan:1
ਚੰਗਿਆੜੀ	changiaadi:2	changiaarhi:1
ਚੰਗੀ	changi:4	chagi:1
ਚੰਗੀਆ	changiaa:2	changia:1	changiyaa:1
ਚੰਗੀਆਂ	changiaan:2	changian:1	changiyaan:1
ਚੰਗੇ	change:7
ਚੰਗੇਜ	changej:4
ਚੰਗੇਜ਼	changez:2	changejh:1
ਚੰਗੇਰਾ	changera:3
ਚੰਗੇਰੇ	changere:3
ਚੰਚਲ	chanchal:5
ਚੰਡੀ	chandi:4
ਚੰਡੀਗੜ੍ਹ	chandigarh:10	chandigadh:2	chadigarh:1	chandeegarh:1
ਚੰਡੀਦਾਸ	chandidas:3
ਚੰਡੇਲ	chandel:3
ਚੰਦ	chand:10	kand:1
ਚੰਦਨ	chandan:6
ਚੰਦਰ	chandar:10	chadara:1	chandra:1
ਚੰਦਰਕਾਂਤਾ	chandarkanta:2	chandaekanta:1	chandrakanta:1
ਚੰਦਰਗੁਪਤ	chandargupt:2	chandragupt:2	chandargupat:1
ਚੰਦਰਨ	chandran:2	chandaran:1	chandarn:1
ਚੰਦਰਮਾ	chandarma:2	chandrama:2	chandarmaa:1
ਚੰਦਰਮੁਖੀ	chandarmukhi:3	chandramukhi:2
ਚੰਦਰਸ਼ੇਖਰ	chandarshekhar:3	chandrashekhar:1
ਚੰਦਰੀ	chandri:2	chandari:1
ਚੰਦਲ	chandal:3
ਚੰਦਾ	chanda:6
ਚੰਦੀ	chandi:3	chandee:1
ਚੰਦੂ	chandu:3	chandoo:1
ਚੰਦੇ	chande:2	dande:1
ਚੰਦ੍ਰ	chandar:1	chander:1	chandra:1	chandru:1
ਚੰਦ੍ਰਮਾ	chandrama:3	chandarama:1	chandrma:1
ਚੰਦ੍ਰਹੜਾ	chandarhada:1	chandarhara:1	chandrahda:1	chandrharha:1
ਚੰਦੜ	chandad:1	chandar:1	chandarh:1	chander:1
ਚੰਨ	chann:3	chan:2
ਚੰਨਣ	chanan:1	channan:1	channh:1
ਚੰਨਾ	chana:2	channa:1
ਚੰਨਿਆਂ	chaneyan:1	chaniyaan:1	chaniyan:1	channiaan:1
ਚੰਨੀ	channi:2	chani:1
ਚੰਨੋ	chano:2	chhanno:1
ਚੰਪਾ	champa:3
ਚੰਪਾਰਨ	champaran:6
ਚੰਬਲ	chambal:3
ਚੰਬੇ	chambe:3
ਚੰਮ	cham:2	chamm:1
ਚੱਕ	chakk:3	chak:1	chaq:1	chuck:1
ਚੱਕਣ	chakkan:2	chakkann:1
ਚੱਕਰ	chakar:2	chakkar:2
ਚੱਕਰਵਤੀ	chakarvati:2	chakkarvati:1
ਚੱਕਰਵਰਤੀ	chakarvarti:2	chakkarvarti:1
ਚੱਕਰਵਾਤੀ	chakarvati:2	chakkarvati:1
ਚੱਕਰਵਿਊ	chakarview:1	chakarviuu:1	chakkarviuu:1	chakravyu:1
ਚੱਕਰਾਂ	chakkran:2	chakaran:1	chakkaran:1
ਚੱਕਰਾਕਾਰ	chakarakaar:1	chakkarkar:1	chakkrakar:1	chakrakar:1
ਚੱਕਰੀ	chakkri:3
ਚੱਕੀ	chaki:1	chakki:1	chhaki:1
ਚੱਕੀਆਂ	chakkiaan:1	chakkiyaan:1	chakkiyan:1
ਚੱਕੀਰਾਹਾ	chakkiraha:2	chakkiraaha:1	chhakiraha:1
ਚੱਕੇ	chakke:2	chhake:1
ਚੱਖ	chakh:1	chakkh:1	chhakh:1
ਚੱਖਣਾ	chakkhna:2	chakhna:1
ਚੱਖਦਾ	chakhda:1	chakkhada:1	chakkhda:1
ਚੱਜ	chajj:3
ਚੱਟ	chatt:3
ਚੱਟਾਨ	chattan:2	chttan:1
ਚੱਟਾਨਾਂ	chattanan:2	chatanan:1	chattana:1
ਚੱਟਾਨੀ	chattani:2	chatanee:1	chatani:1	chattakee:1
ਚੱਠਾ	chatha:2	chattha:1
ਚੱਠੇ	chathe:1	chatthe:1	chtthae:1
ਚੱਡਾ	chadda:3
ਚੱਢਾ	chaddha:2	chadda:1
ਚੱਦਰ	chaddar:2	chadar:1
ਚੱਪ	chapp:3	chap:1
ਚੱਪਣੀਆਂ	chapniyan:2	chapneeyan:1	chapniyian:1	chappniaan:1
ਚੱਪਾ	chappa:3
ਚੱਪੂ	chappu:3
ਚੱਬ	chabb:3
ਚੱਬਣ	chabban:2	chabann:1	chabbann:1
ਚੱਬਣਾ	chabana:1	chabbna:1	chabbnaa:1	chabna:1
ਚੱਬੇ	chabbe:3
ਚੱਮਚ	chamach:1	chammacch:1	chammach:1	chhamch:1
ਚੱਲ	chall:2	chhal:1
ਚੱਲਕੇ	chalke:2	challake:1	challke:1
ਚੱਲਣ	challan:2	chaalan:1
ਚੱਲਣਯੋਗ	chalanjog:1	chalanyog:1	challanyog:1	chhalanyog:1
ਚੱਲਣਾ	challna:2	chalna:2	chhalna:1
ਚੱਲਦਾ	chalda:2	challda:2	chhalda:1
ਚੱਲਦੀ	chaldi:2	challdi:1
ਚੱਲਦੀਆਂ	chaldian:1	chaldiyan:1	chaldiyian:1	challdiaan:1
ਚੱਲਦੇ	chalde:2	chaldey:1	challde:1
ਚੱਲਿਆ	challeya:2	challiaa:2	chalea:1	chaleya:1
ਚੱਲੀ	challi:3
ਚੱਲੀਆਂ	challiaan:1	challian:1	challiyan:1	challiyian:1
ਚੱਲੀਏ	challiye:2	challie:1
ਚੱਲੇ	challe:2	chaalle:1
ਚੱਲੇਗਾ	challega:3
ਚੱਲੇਗੀ	challegi:3
ਚੱਲੋ	challo:2	chhalo:1
ਛਕ	chhak:3	chak:1	chhaq:1
ਛਕਣ	chakan:1	chakanh:1	chaqanh:1	chhakan:1
ਛਕਦੇ	chhakde:2	chakade:1	chhaqde:1
ਛਕਾ	chaka:1	chhaka:1	chhka:1
ਛਕਾਇਆ	chakaea:1	chakaiya:1	chhakaiyaa:1	chhkaeeaa:1
ਛਕਾਉਂਦੇ	chhakaunde:2	chakaunde:1	chhakaoonde:1	chhaqaoonde:1
ਛਕਿਆ	chhakiaa:2	chakea:1	chakia:1	chhakiyaa:1
ਛਕੋ	chhako:2	chako:1
ਛਟੀ	chhati:2	chatee:1	chati:1
ਛਟੀਆਂ	chatiyan:2	chatian:1
ਛਡ	vad:4	chhad:3	chad:2	chadd:1
ਛਡਾਉਣ	chadaun:2	chadaoon:1	shadaunn:1	vadaun:1
ਛਡਿਆ	chadea:1	chadia:1	chadiya:1	shadeya:1
ਛਣਕਣ	chanhkanh:1	chankan:1	shankan:1	shannkann:1
ਛਣਕਦੇ	chanhakde:1	chankade:1	channkade:1	shannakde:1
ਛਣਕਾਟੇ	chankate:2	chanhkate:1	shankate:1
ਛਣਕਾਰ	chanhkar:1	chankaar:1	channkar:1	shannkar:1
ਛਣਕੀ	chanhki:1	chankee:1	chanki:1	shannki:1
ਛਤਰ	chatar:3	shatar:1
ਛਤਰਪਤੀ	chatarpati:2	chattarpati:1	shastarpati:1
ਛਤਰਪੁਰ	chatarpur:3	chatarpoor:1	shatarpur:1
ਛਤਰੀ	chatri:3	chatree:1	shatri:1
ਛਤਰੀਆਂ	chatarian:1	chatrian:1	chatriayan:1	chatriyan:1
ਛਪ	chap:3
ਛਪਣ	chapann:2	chapan:1
ਛਪਣਾ	chapnaa:1	chapnna:1	chhapna:1
ਛਪਣੀਆਂ	chapnian:2	chapniyan:1	chhapaniaan:1
ਛਪਦਾ	chapda:2	chhapadaa:1
ਛਪਦੀ	chapdi:2	chhapadee:1
ਛਪਦੀਆਂ	chapdian:2	chapdiyan:1	chaprian:1	chhapdiaan:1
ਛਪਦੇ	chapde:2	chhapdey:1
ਛਪਵਾ	chapwa:3	chapva:2
ਛਪਵਾਇਆ	chapvaya:1	chapvayia:1	chapwaia:1	chapwaiya:1
ਛਪਵਾਈ	chapvayi:2	chapvai:1	chapwai:1	chapwayi:1
ਛਪਵਾਈਆਂ	chapvayiaan:1	chapvayian:1	chapwaian:1	chapwayian:1
ਛਪਵਾਉਣ	chapvaunn:1	chapwaon:1	chapwaun:1	chhapwaun:1
ਛਪਾਈ	chapaee:1	chapayi:1	chhapaai:1	shapayi:1
ਛਪਾਉਣ	chapaun:1	chhapaaun:1	chhapaunh:1	shapaun:1
ਛਪਾਕੀ	chapaaki:1	chapaki:1	chhapakee:1	chhapaki:1
ਛਪਾਰ	chapaar:1	chapar:1	chhapaar:1	chhapar:1
ਛਪਿਆ	chapeya:1	chhapia:1	chhapiaa:1	shapeya:1
ਛਪੀ	chapi:1	chhapee:1	chhapi:1	shapi:1
ਛਪੀਆਂ	chhapiaan:2	chapian:1	shapiyian:1
ਛਪੇ	chape:1	chhape:1	chhapey:1	shape:1
ਛਪੜ	chapad:2	chapar:1	chaparh:1	chhapad:1
ਛਮ	chham:2	cham:1	sham:1
ਛਮਾ	chhama:2	chama:1
ਛਲਾਂਗ	chalang:2	chhalang:1
ਛਲੀਆ	chalia:1	chaliya:1	chhaliaa:1	shaliya:1
ਛਲੇਡਾ	chaleda:2	chhaleda:1	shaleda:1
ਛਵੀ	chavi:2	chavee:1	chavvi:1	chhavi:1
ਛਵੀਆਂ	chaviaan:1	chavian:1	chhaviaan:1	chhawiaan:1
ਛਵ੍ਹੀਆਂ	chaaviyaan:1	chavhian:1	chaviaan:1	chhavhiaan:1
ਛਾ	chha:3
ਛਾਂ	chan:2	chhan:2
ਛਾਂਟ	chhant:2	chant:1
ਛਾਂਦਾਰ	chhandar:2	chandaar:1
ਛਾਂਵਾਂ	chanvan:1	chhanvan:1	chhaven:1
ਛਾਇਆ	chaya:1	chayiya:1	chhaiaa:1	shaya:1
ਛਾਇਆਵਾਦੀ	chayavadi:1	chayawadi:1	chayiyavadi:1	chhaiaavadi:1
ਛਾਈ	chayi:2	chhaee:1	shayi:1	shy:1
ਛਾਉਣੀ	chaunhi:2	chaunni:2	chhaoonhi:2	chhaunhi:2
ਛਾਉਨੀ	chauni:2	chhaooni:1	chhauni:1	shauni:1
ਛਾਏ	chaye:2	chhaae:1
ਛਾਣ	chaan:1	chanh:1	chhanh:1	shaan:1
ਛਾਣਨੀ	chanhni:1	chhanani:1	chhanhni:1
ਛਾਣਬੀਣ	chaanbeen:1	chanhbeen:1	chhanhbinh:1
ਛਾਣਬੀਨ	chanhbin:1	chhanbeen:1	chhanhbin:1
ਛਾਣੀ	chanhi:1	chhanhi:1	chhani:1
ਛਾਤੀ	chhati:2	chati:1
ਛਾਤੀਆਂ	chhatiaan:2	chatiyan:1	chhatiyaan:1
ਛਾਨਣੀ	chananhi:1	chhananhi:1	chhanani:1
ਛਾਪ	chhap:5	chap:1
ਛਾਪਣ	chapanh:1	chhapan:1	chhapanh:1
ਛਾਪਣਾ	chapnha:1	chhapanha:1	chhapna:1
ਛਾਪਾ	chhapa:3	chapa:1
ਛਾਪਾਮਾਰ	chhapamar:2	chapamar:1
ਛਾਪਿਆ	chaapiaa:1	chapiya:1	chhapiaa:1	chhapiyaa:1
ਛਾਪਿਆਂ	chhapiaan:2	chapiyan:1	chhapiyaan:1
ਛਾਪੀ	chhapi:2	chapi:1
ਛਾਪੀਆਂ	chhapiaan:2	chapiyan:1	chhapiyaan:1
ਛਾਪੇ	chhape:3	chape:1
ਛਾਪੇਖਾਨੇ	chhapekhane:2	chapekhane:1
ਛਾਪੇਮਾਰੀ	chhapemari:2	chapemari:1
ਛਾਬੜਾ	chabbra:1	chhabada:1	chhabarha:1	chhabra:1
ਛਾਯਾ	chhaya:2	chaya:1
ਛਾਲ	chhal:2	chal:1
ਛਾਲਾਂ	chhalan:2	chalan:1
ਛਾਲਿਆਂ	chhaliaan:2	chalian:1	chhaliyaan:1
ਛਾਲੇ	chhale:2	chale:1
ਛਾਵੇਂ	chaaven:1	chaven:1	chhaven:1	chhawen:1
ਛਾਹ	chah:2	chhah:1	shah:1
ਛਾੜ	chad:1	char:1	chhad:1	chharh:1
ਛਿਅ	chha:1	chhae:1	chhi:1	chhia:1
ਛਿਆਲੀ	chhiaali:1	chhiali:1	chiyali:1
ਛਿਣ	chhin:2	chinh:1	chinn:1
ਛਿਨ	chin:2	chhin:1
ਛਿਪ	chip:2	chhip:1
ਛਿਪਕਲੀਆਂ	chipkaliyan:2	chhipkaliaan:1	chhipkaliyaan:1	chiplalian:1
ਛਿਪਣ	chhipan:1	chipan:1	chipanh:1
ਛਿਪਦੇ	chipde:2	chhipde:1
ਛਿਪਾਉਣ	chhipaun:1	chipaon:1	chipaun:1	chipaunh:1
ਛਿਲਕਾ	chhilka:1	chilaka:1	chilka:1
ਛਿਲਕੇ	chilke:2	chhilke:1
ਛਿਲਾ	chhila:1	chila:1	chilla:1
ਛਿੜ	chhid:1	chid:1	chidh:1	chir:1
ਛਿੜਕ	chhidak:1	chidhak:1	chirak:1	chirk:1
ਛਿੜਕਣ	chhidkan:1	chidhkanh:1	chirkan:1
ਛਿੜਕਾ	chhidka:3	chidhka:1	chirka:1
ਛਿੜਦੀ	chhidadi:1	chidhdi:1	chirdee:1
ਛਿੜਦੇ	chhidade:1	chidhde:1	chirde:1
ਛਿੜੀਆਂ	chhidiaan:1	chhidiyaan:1	chidhiyan:1	chiriyaan:1
ਛਿੰਦਾ	chinda:2	chhinda:1
ਛਿੰਦੀ	chindi:2	chhindi:1
ਛਿੰਨ	chin:2	chinn:1
ਛਿੱਕ	chhik:1	chhikk:1	chhiqq:1	chikk:1
ਛਿੱਕਾ	chhika:1	chhikka:1	chhiqqa:1	chikka:1
ਛਿੱਟਾ	chhita:1	chhittan:1	chitta:1
ਛਿੱਤਰ	chhitar:2	chittar:2
ਛਿੱਬਰ	chibbar:2	chhibar:1
ਛਿੱਲ	chhil:1	chil:1	chill:1
ਛਿੱਲੜ	chhilad:1	chilad:1	chiladh:1	chillar:1
ਛੀਟ	chheet:1	chhit:1	chit:1
ਛੁਆਰਾ	chuara:3
ਛੁਟ	chut:2	chhut:1	choot:1	chutt:1
ਛੁਟਕਾਰਾ	chutkara:3
ਛੁਟੀ	chuti:2	chhutee:1	chutee:1
ਛੁਟੀਆਂ	chhutiaan:6	chhutiyaan:5	chhutian:1	chutian:1
ਛੁਡਵਾ	chhudawa:1	chudava:1	chudwa:1	churhwa:1
ਛੁਡਾ	chuda:2	chhuda:1	shuda:1
ਛੁਡਾਈ	chhudaayi:1	chudae:1	chudayi:1	shudayi:1
ਛੁਡਾਉਣ	chhudaun:1	chudaun:1	chudaunn:1	shudaunn:1
ਛੁਡਾਉਣਾ	chhudauna:1	chudauna:1	chudaunna:1	shudaunna:1
ਛੁਡਾਉਣੀ	chhudaunee:1	chudaunee:1	chudaunni:1	shudaunni:1
ਛੁਡਾਏ	chhudaaye:1	chudaey:1	chudaye:1	shudaye:1
ਛੁਪ	chup:2	chhup:1	shup:1
ਛੁਪਦੇ	chhupdey:1	chupday:1	chupde:1	shupde:1
ਛੁਪਾ	chhupa:2	chupa:1	shupa:1
ਛੁਪਾਉਣ	chhupaunh:1	chupaun:1	chupaunn:1	shupaun:1
ਛੁਪਾਉਣਾ	chhupauna:1	chhupaunha:1	chupaunna:1	shupaunna:1
ਛੁਪਿਆ	chhupia:1	chhupiaa:1	chupeya:1	shupeya:1
ਛੁਪੀ	chhupee:1	chhupi:1	chupi:1	shupi:1
ਛੁਪੀਆਂ	chhupeean:1	chhupiaan:1	chupian:1	shupian:1
ਛੁਪੇ	chhupe:1	chhupey:1	chupe:1	shupe:1
ਛੁਰਾ	chhura:1	chhuraa:1	chura:1	shura:1
ਛੁਰੀ	chhuree:1	chhuri:1	churi:1	shuri:1
ਛੁਰੀਆਂ	chhuriaan:2	churian:1	shurian:1
ਛੁਹਾ	chuha:3
ਛੁਹਾਰੇ	chuhare:2	chuhage:1
ਛੁੜਵਾ	chhudwa:1	chhurhva:1	chhurhwa:1	chudva:1
ਛੁੜਾ	chhuda:1	chhurha:1	chuda:1	shuda:1
ਛੁੱਟ	chhut:1	chunt:1	chutt:1
ਛੁੱਟਣ	chhuttan:1	chutan:1	chuttan:1	chuttann:1
ਛੁੱਟਦਾ	chhuttadaa:1	choottda:1	chutada:1	chuttda:1
ਛੁੱਟੀ	chutti:2	chuti:1
ਛੁੱਟੀਆਂ	chuttian:3	chutiaan:2	chuttiyan:2	chhuttiaan:1
ਛੁੱਟੜ	chhutad:2	chhutar:1	chuttad:1	chuttarh:1
ਛੂ	chhoo:1	chhu:1	chu:1	shu:1
ਛੂਆਛੂਤ	chhuachhoot:1	chuachutt:1	chuhhachhut:1	shuachutt:1
ਛੂਟ	chhut:2	chhoot:1	choott:1
ਛੂਤ	chhoot:1	chhut:1	choot:1
ਛੂਤਛਾਤ	chhootchhaat:1	chhutchhat:1	chootchaat:1	chutchaat:1
ਛੂਹ	chhuh:2	chhoh:1	chuh:1	shuh:1
ਛੂਹਣ	chhuhanh:1	chhuhann:1	chuhann:1
ਛੂਹਣਾ	chhuhana:1	chhuhanha:1	chuhanna:1
ਛੂਹਦੀ	chhoohadee:1	chhuhdi:1	choohdi:1	chuhadi:1
ਛੂਹਿਆ	chhoohiaa:1	chhuhiaa:1	chuhiaa:1
ਛੂਹੀਆਂ	chhuhiaan:1	choohiaan:1	choohian:1	chuhiaan:1
ਛੂਹੇ	chhoohey:1	chhuhe:1	choohe:1	chuhe:1
ਛੂੰਹਦਾ	chhoonhada:1	chhunhda:1	chuunhada:1	chuunhda:1
ਛੂੰਹਦੇ	chhoonhade:1	chhunhde:1	chuunhade:1	chuunhde:1
ਛੇ	che:1	chhe:1	chhey:1
ਛੇਕ	chhek:2	chek:1	chheq:1
ਛੇਕਾਂ	chekan:1	chhekaan:1	chhekan:1	chheqan:1
ਛੇਤਰੀ	chetari:1	chhetaree:1	chhetari:1
ਛੇਤੀ	cheti:1	chhetee:1	chheti:1
ਛੇਦ	chhed:2	ched:1
ਛੇਵਾਂ	chhevan:2	chevan:1	chhewan:1
ਛੇਵੀਂ	chevin:1	chhevien:1	chhevin:1	chhewin:1
ਛੇਵੇ	cheve:1	chheve:1	chhevey:1	chhewe:1
ਛੇਵੇਂ	cheven:2	chewen:1	chheven:1
ਛੇੜ	ched:2	cher:1	chhed:1
ਛੇੜਖਾਨੀ	chedkhani:2	cherkhani:1	chhedkhaani:1
ਛੇੜਛਾੜ	chedchad:2	cherchaar:1	chhedchhad:1
ਛੇੜਨ	chedan:2	cheran:1	chhedan:1
ਛੇੜਿਆ	chediya:2	chedia:1	chediaa:1	chhediaa:1
ਛੇੜੀ	chedi:2	chedee:1	chhedee:1
ਛੇੜੇ	chede:2	cherhe:1	chhede:1
ਛੈਣਿਆਂ	chainian:1	chainiyan:1	chenian:1	cheniyan:1
ਛੈਣੀ	chaini:1	cheni:1	chhenni:1
ਛੈਣੇ	chainay:1	chaine:1	cheynhey:1	chhaine:1
ਛੈਲ	chail:1	cheyl:1	chhail:1
ਛੋਂਹਦੀਆਂ	chonhdiaan:1	chonhdiyan:1	chounhdian:1	chounhdiyan:1
ਛੋਕਰੀ	chhokree:1	chhokri:1	chokri:1	choukree:1
ਛੋਟਾ	chauta:1	chhota:1	chota:1	chouta:1
ਛੋਟਿਆਂ	chhotian:1	chotiyan:1	choutian:1	choutiyan:1
ਛੋਟੀ	chhotee:1	chhoti:1	choti:1	choutee:1
ਛੋਟੀਆਂ	chhotian:1	chotiyan:1	choutian:1	choutiyan:1
ਛੋਟੂ	chhotoo:1	chhotu:1	chotu:1	choutoo:1
ਛੋਟੇ	chhote:1	chote:1	choutay:1	choute:1
ਛੋਲਿਆਂ	choliaan:1	choliyan:1	choulian:1	chouliyan:1
ਛੋਲੇ	chole:2	choulay:1	choule:1
ਛੋਹ	chhoh:1	choh:1	chouh:1
ਛੋਹਣਾ	chhohna:1	chohnha:1	chouhna:1
ਛੋਹਾਂ	chhohaan:1	chohan:1	chouhan:1
ਛੋਹਿਆ	chhohia:1	chouhia:1	chouhiya:1	choyiya:1
ਛੋਹੀ	chhohee:1	chhohi:1	chohi:1	chouhee:1
ਛੋੜ	chodh:2	choud:2	chourh:2	chhod:1
ਛੋੜਾ	chodha:1	chorhaa:1	chouda:1	chourha:1
ਛੜ	chad:2	char:1	chharh:1
ਛੜਨਾ	chadana:1	chadna:1	charna:1	chhrhana:1
ਛੜਾ	chada:3	chara:1	chhrha:1
ਛੜਾਂ	chadan:1	charan:1	chhrhan:1
ਛੜਿਆ	chadia:1	chadya:1	chhrhiaa:1	shadya:1
ਛੜਿਆਂ	chadean:1	chadeyian:1	charian:1	chharhiaan:1
ਛੜੀ	chadi:3	chaddi:1	chadhi:1	chharhi:1
ਛੜੇ	chade:1	chadhe:1	chharhe:1
ਛੰਦ	chand:2	chhand:1	chund:1
ਛੰਦਾਬੰਦੀ	chandabandi:2	chhandabandi:1	chundabandi:1
ਛੰਨਾ	channa:2	chhanna:1	chunna:1
ਛੱਕ	chhak:2	chakk:1	chhaq:1
ਛੱਕਣ	chakkan:1	chhakan:1	chhakkanh:1	chhaqqanh:1
ਛੱਕੇ	chakke:2	chaqqe:1	chhake:1
ਛੱਜ	chaj:1	chhaj:1	chhajj:1
ਛੱਜਾ	chajja:2	chhaja:1
ਛੱਜਾਵਾਲ	chajjwal:1	chajwal:1	chhajjaval:1	chhajjawal:1
ਛੱਜੂ	chajju:1	chaju:1	chhajju:1	chhaju:1
ਛੱਟੇ	chatte:2	chate:1	chhate:1
ਛੱਡ	chhad:2	chad:1	chadd:1	vadd:1
ਛੱਡਕੇ	chaddke:1	chadke:1	chhadke:1
ਛੱਡਣ	chadan:1	chaddan:1	vaddan:1
ਛੱਡਣਾ	chaddna:1	chadna:1	chhadna:1
ਛੱਡਣੀ	chaddni:1	chadni:1	shadni:1
ਛੱਡਦਾ	chadda:1	chaddda:1	shadada:1	shadda:1
ਛੱਡਦਿਆਂ	chaddian:2	chaddiyan:1
ਛੱਡਦੀ	chadddi:1	chaddi:1	shadadi:1
ਛੱਡਦੀਆਂ	chaddian:2	chaddiyan:1	shaddiyan:1
ਛੱਡਦੇ	chaddde:1	chadde:1	chhadade:1
ਛੱਡਿਆ	chaddia:2	chaddiya:2	chadea:2	chaddeya:1
ਛੱਡਿਆਂ	chaddian:1	chaddiyan:1	chadea:1	shaddeyaan:1
ਛੱਡੀ	chaddi:1	chadi:1	shaddi:1
ਛੱਡੀਆਂ	chaddian:1	chaddiyan:1	chadian:1	shaddian:1
ਛੱਡੇ	chadde:1	chadhe:1	shadde:1
ਛੱਡੋ	chaddou:1	chadho:1	shaddo:1
ਛੱਤ	chatt:3	shatt:1
ਛੱਤਰ	chattar:3	shattar:1
ਛੱਤਰੀ	chattri:2	chatri:1	chattree:1	shattri:1
ਛੱਤਰੀਆਂ	chatriyan:2	chatrian:1	chattrian:1	shattreyian:1
ਛੱਤਾ	chatta:2	chata:1	shatta:1
ਛੱਤਾਂ	chattan:2	chatan:1	chattaan:1	shattaan:1
ਛੱਤੀ	chatti:3	chati:1	chattee:1	shatti:1
ਛੱਤੀਸਗੜ	chattisgad:2	chattisgarh:2
ਛੱਤੀਸਗੜ੍ਹ	chattisgarh:2	chattisgad:1	chattisgarg:1	chhattiisgarh:1
ਛੱਤੇ	chatte:2	chate:1	shatte:1
ਛੱਪ	chapp:2	chappan:1
ਛੱਪਦੇ	chappde:2	chhappdey:1	shappde:1
ਛੱਪੜ	chappad:2	chappar:1	chapparh:1	chhappad:1
ਛੱਪੜਾਂ	chapdraan:1	chappdaan:1	chappdan:1	chapprhan:1
ਛੱਪੜੀ	chappdi:1	chapprhi:1	chappri:1	chhapadee:1
ਛੱਬੀ	chabbi:1	chhabbee:1	chhabbi:1	chhabi:1
ਛੱਲ	chal:2	chhaal:1
ਛੱਲਾ	chala:2	chhalla:1
ਛੱਲਾਂ	chalan:1	chhallan:1	chlan:1
ਛੱਲੇ	chale:2	chhalle:1
ਜ	j:6	ja:1
ਜਈ	jaee:2	jayi:2	jai:1	jayee:1
ਜਏ	jaye:3	jae:1
ਜਕਾਰਤਾ	jakarta:4	jaqarta:2	jakaarta:1	jakaartaa:1
ਜਕੀ	jaki:3
ਜਕੜ	jakad:1	jakadh:1	jakarh:1	jaqarh:1
ਜਕੜਨ	jakadan:2	jakadhan:1	jakarhan:1
ਜਖਮ	jakham:5
ਜਖਮਾਂ	jakhman:2	jakhmaan:1
ਜਖਮੀ	jakhmi:7
ਜਖ਼ਮ	jakham:3
ਜਖੇਪਲ	jakhepal:3
ਜਗ	jag:8
ਜਗਜੀਤ	jagjeet:4	jagjit:1
ਜਗਜੀਵਨ	jagjeevan:3
ਜਗਣ	jagan:1	jaganh:1	jagann:1
ਜਗਤ	jagat:5
ਜਗਤਾਰ	jagtar:3	jagtaar:1
ਜਗਦਲਪੁਰ	jagdalpur:2	jagadalpur:1
ਜਗਦਾ	jagda:3
ਜਗਦੀਪ	jagdeep:3
ਜਗਦੀਸ਼	jagdeesh:2	jasdeesh:1
ਜਗਦੇ	jagde:2	jagday:1	jagdey:1
ਜਗਦੇਵ	jagdev:3
ਜਗਨ	jagan:3	jagaen:1	jagon:1	jgn:1
ਜਗਨਨਾਥ	jagannath:2	jagananath:1	jagananatha:1	jaganath:1
ਜਗਬੀਰ	jagbir:2	jagbeer:1	jgbeer:1
ਜਗਮੋਹਨ	jagmohan:2	jgmohan:1
ਜਗਰਾਉਂ	jagraon:1	jagraun:1	jgraun:1
ਜਗਰਾਜ	jagraj:2	jgraj:1
ਜਗਰਾਤਾ	jagrata:2	jagraata:1	jgrata:1
ਜਗਰਾਤਿਆਂ	jaggrateyaan:1	jagratiyan:1	jgratian:1
ਜਗਰਾਵਾਂ	jagravan:2	jgravan:1
ਜਗਵਿੰਦਰ	jagvinder:3	jagwindar:1
ਜਗਵੇਦੀ	jagvedi:2	jagbedee:1	jagwedi:1
ਜਗਸੀਰ	jagseer:3	jagsir:1
ਜਗਹ	jagah:5	jagha:1
ਜਗਾ	jaga:2	jagaa:1
ਜਗਾਂ	jagan:2	jgan:1
ਜਗਾਇਆ	jagaiaa:1	jagaiya:1	jagaya:1	jagayiya:1
ਜਗਾਈ	jagayi:2	jagaee:1
ਜਗਾਉਣ	jagaun:2	jagaunh:1	jagaunn:1
ਜਗਾਧਰੀ	jagaadari:1	jagadari:1	jagadhree:1	jagadhri:1
ਜਗਾਹ	jagah:3	jagaah:1
ਜਗਿ	jagi:2	jag:1	jgi:1
ਜਗਿਆਸਾ	jagiyasa:2	jagiaasa:1	jgiasa:1
ਜਗਿਆਸੂਆਂ	jagiyasuyaan:1	jagiyasuyan:1	jgiasooan:1
ਜਗੀਰ	jagir:2	jgeer:1
ਜਗੀਰਦਾਰ	jagirdaar:1	jagirdar:1	jgeerdar:1
ਜਗੀਰਦਾਰਾਂ	jagirdaran:2	jageerdaran:1	jgeerdaran:1
ਜਗੀਰਦਾਰੀ	jagirdari:2	jgeerdari:1
ਜਗੀਰੂ	jagiru:2	jageru:1	jgeeroo:1
ਜਗੁ	jag:1	jagu:1	jgu:1
ਜਗੇ	jage:2	jge:1
ਜਗ੍ਹਾ	jagah:1	jagra:1	jgha:1
ਜਗ੍ਹਾਵਾਂ	jagavan:1	jagravan:1	jghavan:1
ਜਗੰਨਾਥ	jagannath:2	jgnnath:1
ਜਜਬਾ	jajba:3	jajaba:1
ਜਜਬਾਤੀ	jajbati:6
ਜਜਬਿਆਂ	jajbiyan:2	jajbiaan:1	jajbiyaan:1
ਜਜਮਾਨਾਂ	jajmanan:2	jajmana:1
ਜਜ਼ਬਾਤਾਂ	jajbatan:2	jazbatan:1
ਜਜ਼ਬਿਆਂ	jajbiya:1	jajbiyaan:1	jazbiyan:1
ਜਜ਼ੀਰਾ	jazeera:2	jajira:1	jazeeraa:1	jjeera:1
ਜਟਾ	jata:1	jatta:1	jta:1
ਜਟਿਲ	jatil:2	jtill:1
ਜਟਿਲਤਾ	jatilta:1	jattilta:1	jtillta:1
ਜਟਿਲਤਾਵਾਂ	jatiltavan:1	jattiltavan:1	jtilltaanwan:1
ਜਠਾਣੀ	jathanhi:1	jathani:1	jthani:1
ਜਠੇਰਿਆਂ	jatheriyaan:1	jatheriyan:1	jtheriyan:1
ਜਠੇਰੇ	jathere:2	jtayray:1
ਜਡੇਜਾ	jadeja:2	jadheja:1	jdeja:1
ਜਣਨੀ	janani:1	janhni:1	jannuni:1
ਜਣਾ	jana:2	janha:1	jna:1
ਜਣਿਆਂ	janhiyan:2	janiyaan:2	janiaan:1	jniyan:1
ਜਣੀਆਂ	janhiyan:1	janiaan:1	janiyaan:1	jniyan:1
ਜਣੇ	jane:2	janhe:1	jnne:1
ਜਣੇਪਾ	janepa:1	janhepa:1	jnepa:1
ਜਣੇਪੇ	janehpe:1	janepe:1	jnepay:1
ਜਤਨ	jatan:4	jtn:1
ਜਤਨਾਂ	jatanan:1	jatnan:1	jtna:1
ਜਤਾ	jata:2	jta:2
ਜਤਾਇਆ	jataia:2	jatayiya:2	jataiaa:1	jataiyaa:1
ਜਤਾਈ	jatai:2	jatayi:2	jatae:1	jataee:1
ਜਤਾਉਂਦੇ	jataunde:3
ਜਤਾਉਣ	jataunh:1	jataunn:1	jtaun:1
ਜਤਾਉਣਾ	jataunha:1	jataunna:1	jtauna:1
ਜਤਿਨ	jatin:3
ਜਤਿੰਦਰ	jatinder:3	jatindar:1
ਜਥਾ	jatha:3
ਜਥਿਆਂ	jatheyian:1	jathian:1	jathiyan:1
ਜਥੇ	jathe:2	jaday:1	jadey:1
ਜਥੇਦਾਰ	jathedar:3
ਜਥੇਬੰਦ	jatheband:3
ਜਥੇਬੰਦਕ	jathebandak:2	jthebndk:1
ਜਥੇਬੰਦੀ	jathebandi:2	jthebndi:1
ਜਥੇਬੰਦੀਆਂ	jathebandian:2	jathebandiyan:2	jthebndiyan:2
ਜਦ	jad:3	jd:1
ਜਦਕਿ	jadki:2	jdki:1
ਜਦੀਦ	jadid:2	jdid:1
ਜਦੇ	jade:5
ਜਦੋ	jado:4	jade:1
ਜਦੋਂ	jadon:5	jado:1
ਜਦੋਂਕਿ	jadonki:3	jadoki:1	jadonqi:1
ਜਦੋਜਹਿਦ	jadojahid:2	jadojehad:1
ਜਨ	jan:10	jun:1
ਜਨਕ	janak:3
ਜਨਗਣਨਾ	janaganhana:1	janganhna:1	janganna:1
ਜਨਜਾਤੀ	janjati:3
ਜਨਜਾਤੀਆਂ	janjatiyan:2	janjatiaan:1
ਜਨਜੀਵਨ	janjivan:2	jajivan:1	janjiwan:1
ਜਨਤਕ	jantak:3	jantaq:1
ਜਨਤਾ	janta:4	janata:1	janataa:1	jantaa:1
ਜਨਨੀ	janni:2	janani:1
ਜਨਮ	janam:4
ਜਨਮਜਾਤ	janamjat:2	janamjaat:1
ਜਨਮਤ	janmat:2	janamat:1
ਜਨਮਦਾਤਾ	janamdata:3
ਜਨਮਦਾਤੀ	janamdati:3
ਜਨਮਦਿਨ	janamdin:3
ਜਨਮਭੂਮੀ	janambhumi:3	janambhoomi:1
ਜਨਮਸਾਖੀ	janamsakhi:1	janamsathi:1	janmasathi:1
ਜਨਮਸਾਖੀਆਂ	janamsakhiaan:1	janamsakhiyan:1	janmsankhiyan:1
ਜਨਮਾ	janma:3	janama:1
ਜਨਮਾਂ	janman:2	janaman:1
ਜਨਮਾਨਸ	janmanas:3
ਜਨਮਿਆ	janmeya:1	janmiaa:1	janmiya:1
ਜਨਮਿਆਂ	janmeyan:1	janmiaan:1	janmiyan:1
ਜਨਮੀ	janmi:3
ਜਨਮੀਆਂ	janmiyan:2	janmiaan:1
ਜਨਮੁ	janam:1	janamu:1	janmu:1
ਜਨਮੇ	janme:3
ਜਨਮੇਜਾ	janmeja:2	janameja:1
ਜਨਰੇਟਰਾਂ	generator:1	janaretaraan:1	janretaran:1	janretraan:1
ਜਨਵਰੀ	january:2	janvari:2	janwari:2	jaunary:1
ਜਨਵਾਦੀ	janvadi:2	janwadi:2	janwaadi:1
ਜਨਵਾੜਾ	janvada:1	janvara:1	janvarha:1	janwadaa:1
ਜਨਸਮੂਹ	jansamuh:3
ਜਨਸੰਖਆ	janasankhya:1	jansankhea:1	jansankhya:1
ਜਨਸੰਖਿਆ	jansankhea:1	jansankheya:1	jansankhiaa:1	jansankhiya:1
ਜਨਸੰਘੀ	jansanghi:3	jansanghee:1
ਜਨਸੰਚਾਰ	jansanchar:3
ਜਨਹਿਤ	janhit:3
ਜਨਾ	jana:3	janaa:2	jaana:1	jnaa:1
ਜਨਾਨਾ	janana:3
ਜਨਾਨੀ	janani:3
ਜਨਾਨੀਆਂ	jananiaan:2	jananian:1
ਜਨਾਬ	janab:2	janaab:1
ਜਨਾਰਦਨ	janardan:2	janaaradan:1	janaardan:1
ਜਨਾਹ	janah:2	janaah:1
ਜਨੂਨ	janoon:2	janun:2
ਜਨੂਬ	janub:2	janoob:1	janum:1
ਜਨੂਬੀ	janubi:3	janooby:1
ਜਨੇਉ	janeu:2	janeo:1
ਜਨੇਰੀਓ	janeriau:1	janerio:1	janeriyo:1
ਜਨੇਵਾ	janeva:2	geneva:1	janewa:1
ਜਨੌਰ	janaur:2	janour:1
ਜਨੌਰਾਂ	janauran:1	janaurin:1	janouran:1
ਜਪ	jap:4	jaap:1	jaep:1	zup:1
ਜਪਣ	japan:2	japanh:1
ਜਪਦਾ	japda:3
ਜਪਾਨ	japan:4	jaapaan:1	japaan:1
ਜਪਾਨੀ	japani:3	japanee:1
ਜਪਾਨੀਆਂ	japaniaan:1	japanian:1	japaniyaan:1	japaniyan:1
ਜਪੁ	japu:3
ਜਫਰ	jafar:3
ਜਫ਼ਰ	jafar:2	jaffar:1	jafhar:1
ਜਫ਼ਰਨਾਮਾ	jafarnama:2	jaffarnama:1	jafharnama:1
ਜਬ	jab:4	jaab:1	jabb:1	zabb:1
ਜਬਤ	jabat:3
ਜਬਰ	jabar:3
ਜਬਰਦਸਤ	jabardast:3
ਜਬਰਦਸਤੀ	jabardasti:3
ਜਬਰਾਈਲ	gabriel:1	jabaraeel:1	jabarail:1	jabriel:1
ਜਬਰੀ	jabari:2	jabri:1
ਜਬਲ	jabal:3
ਜਬਲਪੁਰ	jabalpur:4	jabalapoor:1	jabalapur:1	jabalpoor:1
ਜਬਾਨੀ	jabani:3	jabaani:1
ਜਬਾੜੇ	jabade:2	jabaade:1	jabare:1	zabaare:1
ਜਬਾੜ੍ਹੇ	jabaahde:1	jabadeh:1	jabahde:1	jabareh:1
ਜਬੜੇ	jabde:2	jabre:2	jabare:1	jabrhe:1
ਜਮ	jam:7	jamm:2	jum:1
ਜਮਨਾ	jamna:3	jamana:1
ਜਮਰੌਦ	jamadaud:1	jammraud:1	jamraud:1	jamrod:1
ਜਮਲਾ	jamla:3	jamala:1
ਜਮਸ਼ੇਦ	jamshed:3
ਜਮਸ਼ੇਦਪੁਰ	jamshedpur:7	jamsaidpur:1	jamsedpur:1	jamshaidpur:1
ਜਮਹੂਰੀ	jamhuri:2	jamhuree:1	jammhoori:1	jammhuri:1
ਜਮਾ	jama:3	jma:1	jmaa:1
ਜਮਾਂ	jaman:2	jama:1	jamaan:1
ਜਮਾਂਦਰੂ	jamandru:2	jamandaroo:1	jamandaru:1
ਜਮਾਇਆ	jamaiaa:1	jamaiea:1	jamaya:1
ਜਮਾਇਕਾ	jamaica:3	jamaika:3	jamaikaa:1	jamaiqa:1
ਜਮਾਈ	jamaee:1	jamai:1	jamayi:1
ਜਮਾਉਣ	jamaun:2	jamaunh:1	jamayun:1
ਜਮਾਏ	jamaye:2	jamaae:1	jamae:1
ਜਮਾਤ	jamat:3
ਜਮਾਤਾਂ	jamatan:3	jamata:1
ਜਮਾਤੀ	jamati:3
ਜਮਾਤੀਆਂ	jamatiaan:1	jamatian:1	jamatiyaan:1
ਜਮਾਦਾਰ	jamadar:3
ਜਮਾਨਤ	jamanat:3
ਜਮਾਨਾ	jamana:3
ਜਮਾਨੇ	jamane:2	jmane:1
ਜਮਾਲ	jamal:4	jamaal:2
ਜਮਾਲਪੁਰ	jamalpur:3
ਜਮਾਵੜੇ	jamavade:1	jamavare:1	jamavarhe:1	jamavde:1
ਜਮੀਂਦਾਰ	jameendar:2	jamindar:2
ਜਮੀਨ	jameen:2	jamin:2
ਜਮੀਨਾਂ	jameenan:2	jaminan:2	jameena:1
ਜਮੀਨੀ	jamini:2	jameeni:1
ਜਮੀਰਾ	jameera:2	jamira:2
ਜਮੀਲ	jameel:3	jamil:3	jamiil:1	zameel:1
ਜਮੀਲਾ	jameela:2	jamila:2
ਜਮੁਨਾ	jamuna:3
ਜਮੂਦ	jamud:3	jamood:1
ਜਮੇ	jame:3
ਜਮੈਕਾ	jamaeka:1	jamaeqa:1	jamaica:1	jamaika:1
ਜਮੈਟਰੀ	geometry:1	jamaetri:1	jametry:1
ਜਮ੍ਹਾ	jamha:2	jamah:1
ਜਮ੍ਹਾਂ	jamah:2	jamhan:1	jamnah:1
ਜਯ	jay:5	jai:2
ਜਯਾ	jaya:4	jaayaa:1	jaiya:1	jayaa:1
ਜਯੋਤਸਨਾ	jayotsna:1	jyotasna:1	jyotsana:1
ਜਯੋਤੀ	jyoti:4	jayoti:1	jottee:1	jyootee:1
ਜਯੰਤ	jayant:3
ਜਯੰਤੀ	jayanti:3
ਜਰ	jar:4
ਜਰਗ	jarag:3
ਜਰਜਰ	jarjar:3
ਜਰਨਲਿਜ਼ਮ	journalism:2	jaranlijham:1	jaranlizam:1
ਜਰਨਲਿਸਟ	journalist:2	jaranlist:1
ਜਰਨੈਲ	jarnail:2	general:1	jarnael:1
ਜਰਨੈਲਾਂ	general:1	gernailan:1	jarnaelin:1	jarnailaan:1
ਜਰਨੈਲੀ	gernaili:1	jarnaeli:1	jarnaili:1	jarnali:1
ਜਰਮਨ	german:3	jarman:1
ਜਰਮਨਾਂ	germana:1	germanaan:1	germanan:1	jarmanan:1
ਜਰਮਨੀ	germany:3	jrmani:1
ਜਰਸੀ	jarsi:3	jersey:3	jarasi:1	jarsee:1
ਜਰਾ	jara:3	jaraa:1	jari:1	zara:1
ਜਰਾਸੀਮ	gerasim:1	gerasium:1	jaraseem:1	jarasim:1
ਜਰਾਸੀਮਾਂ	gerseeman:1	jaraseeman:1	jarasisan:1	jersima:1
ਜਰਿਏ	jarie:1	jariye:1	jriae:1
ਜਰੀ	jari:2	jaree:1
ਜਰੀਏ	jariae:1	jarie:1	jariye:1	zariay:1
ਜਰੀਨਾ	jarina:2	zareena:1
ਜਰੁਰਤ	jarurat:3
ਜਰੁਰੀ	jaruri:2	jaruree:1
ਜਰੂਰ	jarur:3	jaroor:1
ਜਰੂਰਤ	jarurat:2	jaroorat:1
ਜਰੂਰਤਮੰਦ	jaruratmand:2	jarurtmand:1
ਜਰੂਰਤਾਂ	jaruratan:2	jarooratan:1	jaroortaan:1
ਜਰੂਰੀ	jaruri:3	jaroori:2
ਜਰੇਗਾ	jarega:2	jagega:1
ਜਲ	jal:8
ਜਲਗਾਹ	jalgah:2	algah:1
ਜਲਗਾਹਾਂ	jalgahan:2	jlgahan:1
ਜਲਡਮਰੂਮਧਿਅ	jaladamaroodhia:1	jaladamarudhia:1	jaldamrumshia:1
ਜਲਣ	jalan:2	jalnh:1
ਜਲਣਸ਼ੀਲ	jalansheel:1	jalanshil:1	jalnhshil:1
ਜਲਤਾ	jalta:3	jalata:1
ਜਲਦ	jalad:3
ਜਲਦਬਾਜ਼ੀ	jaladbazi:1	jaldbajhi:1	jaldbaji:1	jaldbazi:1
ਜਲਦੀ	jaldi:2	jaladi:1	jaldee:1
ਜਲਨ	jalan:3
ਜਲਪਰੀ	jalpari:3
ਜਲਵਾਯੂ	jalvayu:3	jalwayu:1
ਜਲਸਾ	jalsa:3
ਜਲਸਿਆਂ	jalsiaan:1	jalsian:1	jalsiyaan:1
ਜਲਸੇ	jalse:3
ਜਲਾ	jla:2	jala:1
ਜਲਾਇਆ	jalaia:1	jalaiaa:1	jalaiya:1
ਜਲਾਈ	jalai:2	jalaee:1	jaly:1
ਜਲਾਉਣ	jalaun:2	jalaunh:1	jalayun:1
ਜਲਾਉਣਾ	jalauna:1	jalaunha:1	jlaunna:1
ਜਲਾਏ	jalae:2	jlaae:1
ਜਲਾਕੇ	jalake:3	jalaqe:1
ਜਲਾਲ	jalal:4	jalaal:1
ਜਲਾਲਪੁਰ	jalalpur:3
ਜਲਾਲਾਬਾਦ	jalalabad:2	jalalabaad:1
ਜਲਾਲੀ	jalali:3	jalalee:1
ਜਲਾਲੁੱਦੀਨ	jalaloodeen:1	jalaluddin:1	jlaluddin:1
ਜਲਾਵਤਨ	jalavatan:2	jalavtan:1	jalawatan:1
ਜਲਾਵਤਨੀ	jalavatani:1	jalavtani:1	jalvanti:1	jalwanti:1
ਜਲਿਆਂਵਾਲਾ	jallianwala:4	jaliaanvala:1	jalianvala:1	jalianwala:1
ਜਲੀ	jali:2	jalee:1
ਜਲੂਸ	jaloos:2	jalus:1
ਜਲੂਸਾਂ	jalusan:2	jaloosaan:1
ਜਲੇਬੀ	jalebi:5
ਜਲੇਬੀਆਂ	jalebiaan:1	jalebiyaan:1	jalebiyan:1
ਜਲੋਅ	jaloa:2	jloa:1
ਜਲੌਰ	jalaur:2	jalor:1
ਜਲ੍ਹਿਆਂ	jalhiaan:1	jalhyan:1	jalliaan:1
ਜਲ੍ਹਿਆਂਵਾਲਾ	jalhiyanvala:1	jalihaanvala:1	jalihaanwala:1	jallhiaanwala:1
ਜਲੰਧਰ	jalandhar:6	jaalandhar:1	jalandhara:1	jalandkhar:1
ਜਲੰਧਰੀ	jalandhari:2	jalandhri:1
ਜਵਾਈ	javaee:2	javai:2	jawaee:2	jwaai:2
ਜਵਾਕ	jwak:2	javaak:1	jvak:1	jvaq:1
ਜਵਾਕਾਂ	javakan:1	jvakan:1	jvaqan:1	jwakan:1
ਜਵਾਨ	jwan:2	javan:1	jvan:1
ਜਵਾਨਾ	jwana:2	javana:1	jvana:1
ਜਵਾਨਾਂ	jwanan:2	javanan:1	jvanan:1
ਜਵਾਨੀ	jwani:2	javani:1	jvani:1
ਜਵਾਬ	javab:2	jawab:1	jwab:1
ਜਵਾਬਦੇਹ	jwabdeh:2	javabdeh:1	jvabdeh:1
ਜਵਾਬਦੇਹੀ	jwabdehi:2	javabdehi:1	jvabdehi:1
ਜਵਾਬਾਂ	javaban:1	jvaban:1	jwabaan:1	jwaban:1
ਜਵਾਬੀ	jwabi:2	javabi:1	jvabi:1
ਜਵਾਰ	javar:2	jawar:1	jwar:1
ਜਵਾਲਾ	javala:2	jawala:1	jwala:1
ਜਵਾਲਾਮੁਖੀ	jwalamukhi:2	javalamukhi:1	jvalamukhi:1
ਜਵਾਲਾਮੁਖੀਆਂ	javalamukhiaan:1	javalamukhiyan:1	jawalamukhiaan:1	jwalamukhiaan:1
ਜਵਾਹਰ	javahar:2	jawahar:1	jwahar:1
ਜਵਾਹਰਲਾਲ	javaharlal:2	jawaharlal:1	jwaharlaal:1
ਜਵੀ	javi:2	jawi:2
ਜਵੈਣ	javaenh:1	javeynh:1	jawaenh:1	jawainn:1
ਜਵੰਦਾ	javanda:2	jawanda:1	jwanda:1
ਜਸ	jas:4	jus:2	jass:1	juss:1
ਜਸਕਰਨ	jaskaran:3
ਜਸਜੀਤ	jasjeet:2	jasjit:1
ਜਸਟਿਨ	jastin:3	justin:3
ਜਸਟਿਸ	jastis:2	justice:2
ਜਸਦੇਵ	jasdev:3	jasdew:1
ਜਸਪਾਲ	jaspal:2	jaspaal:1
ਜਸਬੀਰ	jasbir:2	jasbeer:1
ਜਸਮੀਤ	jasmeet:2	jasmit:1
ਜਸਮੇਰ	jasmer:3
ਜਸਲੀਨ	jasleen:2	jaslin:1
ਜਸਵਾਲ	jasval:3	jaswal:1
ਜਸਵਿੰਦਰ	jasvinder:4	jasvindar:1	jaswindar:1
ਜਸਵੀਰ	jasveer:3	jasvir:1	jaswir:1
ਜਸਵੰਤ	jaswant:2	jassvant:1
ਜਸ਼ਨ	jashan:6
ਜਸਿ	jasi:2	jas:1
ਜਸੀ	jasi:3
ਜਸੂਜਾ	jasuja:2	jasooja:1
ਜਸੂਸ	jasus:2	jasoos:1
ਜਸੂਸੀ	jasusi:2	jasoosi:1
ਜਹਾ	jaha:3
ਜਹਾਂ	jahan:2	jaha:1
ਜਹਾਂਗੀਰ	jahangir:3	jahangeer:1
ਜਹਾਜ	jahaj:3
ਜਹਾਜ਼	jahaz:2	jahaj:1	jahajh:1
ਜਹਾਜ਼ਾ	jahaza:2	jahajan:1
ਜਹਾਜ਼ਾਂ	jahajan:1	jahaza:1	jahazan:1
ਜਹਾਜ਼ੀ	jahazi:2	jahaji:1	jahazee:1
ਜਹਾਜਾਂ	jahajan:2	jahaja:1
ਜਹਾਜੀ	jahaji:3	jahajee:1
ਜਹਾਦ	jahad:3	jihaad:1	jihad:1	zihaad:1
ਜਹਾਨ	jahan:3
ਜਹਾਨੋਂ	jahajon:1	jahano:1	jahanon:1
ਜਹਾਲਤ	jahalat:3
ਜਹਿਦ	jahid:3	jahed:1
ਜਹਿਰ	jahir:3
ਜਹੀ	jahi:3
ਜਹੀਨ	jaheen:2	jahin:2
ਜਹੇ	jahe:3
ਜ਼	za:2	z:1
ਜ਼ਕਰੀਆ	zakariaa:1	zakariya:1	zakriaa:1
ਜ਼ਕਰੀਆਂ	jhakariaan:1	zakariaan:1	zakariyan:1
ਜ਼ਕਾਤ	zakat:2	jhakat:1	jhaqat:1	zakaat:1
ਜ਼ਕਾਰੀਆ	zakariaa:2	jhakariaa:1	jhaqariaa:1	zakariya:1
ਜ਼ਖਮ	zakham:3
ਜ਼ਖਮਾਂ	zakhman:3
ਜ਼ਖਮੀ	zakhmi:3	zakhmee:1
ਜ਼ਖ਼ਮਾਂ	zakhman:3
ਜ਼ਜਬੇ	jajbe:2	zajbe:1
ਜ਼ਦ	jad:1	zad:1	zd:1
ਜ਼ਨਾਨਾ	janana:1	jhanana:1	zanaana:1	zanana:1
ਜ਼ਨਾਨੀ	zanani:2	janani:1	jhanani:1	zanaanee:1
ਜ਼ਨਾਨੀਆਂ	zananiaan:2	jhananiaan:1	zananian:1
ਜ਼ਫਰ	zafar:3	jafar:2	jhafar:1	zaphar:1
ਜ਼ਫ਼ਰ	zafar:2	jhafhar:1	zafhar:1
ਜ਼ਫ਼ਰਨਾਮਾ	zafarnama:3	jhafarnama:1	zaffarnama:1
ਜ਼ਫ਼ਰਨਾਮੇ	zafarname:3	jhafarname:1	zafarnaame:1
ਜ਼ਬਤ	zabat:3	jhabat:1
ਜ਼ਬਰਦਸਤ	zabardast:3	jhabardast:1
ਜ਼ਬਰਦਸਤੀ	zabardasti:2	jabardasti:1	jhabardasti:1
ਜ਼ਬਰਨ	zabaran:2	jhabaran:1	zabran:1
ਜ਼ਬਾਨ	zaban:2	jhaban:1	zabaan:1
ਜ਼ਬਾਨਾਂ	zabanan:2	jhabanan:1	zabana:1	zabanaa:1
ਜ਼ਬਾਨੀ	zabani:3	jabani:1	zabaani:1
ਜ਼ਮਜ਼ਮਾ	zamzama:2	jhamjhama:1	jhamzama:1	zamjhama:1
ਜ਼ਮਹੂਰੀਅਤ	jamhuriyat:2	zamahuriat:1	zamhuriat:1	zamhuriyat:1
ਜ਼ਮਾਂ	zaman:2	jaman:1	jhaman:1
ਜ਼ਮਾਨ	jaman:1	zamaan:1	zaman:1
ਜ਼ਮਾਨਤ	zamanat:2	jamanat:1	jhamanat:1
ਜ਼ਮਾਨਾ	zamana:2	jamana:1	jhamana:1
ਜ਼ਮਾਨੇ	zamane:3	jhamane:1
ਜ਼ਮੀਂ	zamin:4	zameen:3	jhamin:2	zamee:2
ਜ਼ਮੀਂਦਾਰ	zameendar:2	jhamindar:1	zamindar:1	zamnidar:1
ਜ਼ਮੀਨ	zameen:2	zamin:2	jhamin:1
ਜ਼ਮੀਨਾਂ	zameenan:4	zaminan:4	jhaminan:2
ਜ਼ਮੀਨੀ	zamini:2	jhamini:1	zameeni:1
ਜ਼ਮੀਰ	zameer:2	jhamir:1	zamir:1
ਜ਼ਰਖੇਜ	zarkhej:3	jharkhej:1
ਜ਼ਰਦੀ	zardi:3	jhardi:1	zardee:1
ਜ਼ਰਬ	jarab:1	jharb:1	zarab:1	zarb:1
ਜ਼ਰਾ	zara:2	jhra:1
ਜ਼ਰੀਆ	zariaa:2	jharia:1	zaria:1
ਜ਼ਰੀਏ	zariae:2	zariay:2	zarie:2	jhaariae:1
ਜ਼ਰੀਨ	zarin:2	jharin:1	zareen:1
ਜ਼ਰੂਰ	zaroor:2	jharur:1	zarur:1
ਜ਼ਰੂਰਤ	zaroorat:2	jharurat:1	zarurat:1
ਜ਼ਰੂਰਤਾਂ	zarooratan:2	zaruratan:2	jharuratan:1
ਜ਼ਰੂਰੀ	zaroori:2	zaruri:2	jharuri:1
ਜ਼ਰੇ	zare:2	jare:1	jhare:1
ਜ਼ਹਰ	zahar:2	jahar:1	jhahar:1
ਜ਼ਹਾਜ	zahaj:2	jahaj:1
ਜ਼ਹਾਜ਼	zahaz:2	jahaj:1
ਜ਼ਹਾਜ਼ਾਂ	jahajan:1	zahaza:1	zahazan:1
ਜ਼ਹਿਰ	zahir:3	jhahir:1
ਜ਼ਹਿਰੀ	zahiri:3	jhahiri:1	zahireee:1
ਜ਼ਹਿਰੀਲਾ	zahirila:3	jhahirila:1	zahireela:1
ਜ਼ਹਿਰੀਲੀ	zahirili:2	jhahirili:1	zahireeli:1	zahrili:1
ਜ਼ਹਿਰੀਲੇ	jhahirile:1	zahirila:1	zahirile:1	zahrile:1
ਜ਼ਹੀਨ	jahin:1	jhahin:1	zaheen:1	zahin:1
ਜ਼ਹੀਰ	zaheer:2	zahir:2	jhahir:1
ਜ਼ਹੂਰ	jharor:1	zahoor:1	zahur:1	zaroor:1
ਜ਼ਾ	za:2	jha:1	zaa:1
ਜ਼ਾਂਬੀਆ	jhanbiaa:1	zambiaa:1	zanbiaa:1	zanbiya:1
ਜ਼ਾਇਜ	jaij:1	jhaij:1	zaij:1	zayij:1
ਜ਼ਾਇਜ਼	jaij:1	jhaijh:1	jhaiz:1	zaijh:1
ਜ਼ਾਇਰਾਂ	jhairan:1	zairan:1	zayiran:1
ਜ਼ਾਕਿਰ	zakir:2	jhakir:1	zaqir:1
ਜ਼ਾਤ	zat:2	zaat:1
ਜ਼ਾਤਾਂ	zatan:3
ਜ਼ਾਤੀ	zati:2	zaati:1
ਜ਼ਾਦਾ	zada:2	janda:1	jhada:1	zanda:1
ਜ਼ਾਦੀ	zadi:2	jhadi:1	zaandi:1
ਜ਼ਾਫ਼ਰ	jhaffar:1	zaafar:1	zaffar:1
ਜ਼ਾਬਤੇ	jambte:1	jhabte:1	zaabate:1	zaabte:1
ਜ਼ਾਰਾ	zara:2	jhara:1	zaara:1
ਜ਼ਾਰੀ	zaari:2	jhari:1	zari:1
ਜ਼ਾਲਮ	zalam:2	jhalam:1	zaalam:1
ਜ਼ਾਲਮਾ	jahalma:1	zaalama:1	zalama:1	zalma:1
ਜ਼ਾਲਮਾਂ	jhalman:1	zaalamaan:1	zaalaman:1	zalman:1
ਜ਼ਾਲਮਾਨਾ	zalmana:2	jhalmana:1	zaalmaana:1
ਜ਼ਾਲਿਮਾਨਾ	zalimana:3	jhalimana:1
ਜ਼ਾਹਰ	zahar:3	jhahar:1
ਜ਼ਾਹਰਾ	zahra:3	jaahra:1	jaahraa:1	jahra:1
ਜ਼ਾਹਿਦ	zahid:3	jhahid:1
ਜ਼ਾਹਿਰ	zahir:3	jhahir:1
ਜ਼ਿਆ	ziaa:3	zia:2	jia:1	jiaa:1
ਜ਼ਿਆਦਤੀ	jiaadati:1	ziadati:1	ziadti:1
ਜ਼ਿਆਦਾ	ziada:5	ziaada:4	jiaada:1
ਜ਼ਿਆਦਾਤਰ	ziaadatar:2	ziadatar:2	jiaadatar:1	jiadaatar:1
ਜ਼ਿਆਦਾਤਾਰ	ziaadatar:1	ziadaataar:1	ziadataar:1
ਜ਼ਿਆਰਤ	ziaarat:2	ziarat:2	jiaarat:1	jiarat:1
ਜ਼ਿਊਸ	zeus:2	jhiuus:1	zius:1	ziuus:1
ਜ਼ਿਕਰ	zikar:4	jikar:1	zeekar:1
ਜ਼ਿਕਰਯੋਗ	zikaryog:4	jikaryog:2
ਜ਼ਿਗਰ	zigar:3
ਜ਼ਿਮੀਂਦਾਰ	zimeendar:2	zimindar:2	jhimindar:1	jimindar:1
ਜ਼ਿਮੀਂਦਾਰਾਂ	jhimindaran:1	zimeendaran:1	zimiendaran:1	zimindara:1
ਜ਼ਿਮੀਦਾਰ	jhimindar:1	jimidar:1	zimeedar:1	zimeedara:1
ਜ਼ਿਲਾ	zila:3	jila:2	jhila:1	jilaa:1
ਜ਼ਿਲਿਆਂ	ziliaan:2	jhiliaan:1	ziliyan:1
ਜ਼ਿਲੇ	jile:3	zile:3	jhile:1
ਜ਼ਿਲ੍ਹਾ	zilha:4	jilha:3	jihla:1	zihla:1
ਜ਼ਿਲ੍ਹਿਆ	zihlia:1	zilhia:1	zilhiya:1
ਜ਼ਿਲ੍ਹਿਆਂ	zihlian:2	jilhian:1	jilhiyan:1	zilhian:1
ਜ਼ਿਲ੍ਹੇ	jilhe:2	zihle:2	zilhe:2
ਜ਼ਿਹਨ	zihan:4	jihan:2
ਜ਼ਿੰਕ	zink:3	zinc:2	jinc:1	jink:1
ਜ਼ਿੰਟਾ	zinta:3
ਜ਼ਿੰਦਗੀ	zindagi:7
ਜ਼ਿੰਦਗੀਆਂ	zindagian:1	zindagiyaan:1	zindgian:1
ਜ਼ਿੰਦਾ	zinda:4	zindaa:1
ਜ਼ਿੰਦਾਦਿਲ	zindadil:2	zindadili:1
ਜ਼ਿੰਦਾਬਾਦ	zindabaad:3	zindabad:2	jindabaad:1
ਜ਼ਿੰਬਾਬਵੇ	zimbabwe:2	jhimbabve:1	jhimbabwe:1	jimbaabwe:1
ਜ਼ਿੰਮਾ	zimma:2	jhimma:1	zinma:1
ਜ਼ਿੰਮੀਦਾਰ	zimmidar:2	jhimmidar:1	zimmindae:1	zinmidar:1
ਜ਼ਿੰਮੀਦਾਰਾਂ	jhimmidaran:1	zimmidaran:1	zimmindaran:1	zinmidaran:1
ਜ਼ਿੰਮੇਦਾਰ	jhimedar:1	zimedar:1	zimmedar:1	zinmedar:1
ਜ਼ਿੰਮੇਦਾਰੀ	zimmedari:2	jhimmedari:1	zinmedari:1
ਜ਼ਿੰਮੇਵਾਰ	jhimevar:1	jhimewar:1	jimevar:1	jimewar:1
ਜ਼ਿੰਮੇਵਾਰੀ	zimmevari:4	jhimmevari:1	jhimmewari:1	jimmevari:1
ਜ਼ਿੰਮੇਵਾਰੀਆਂ	zimenvariaan:2	jhimmevariaan:1	jhimmewariaan:1	jimmevariaan:1
ਜ਼ਿੱਦ	zidd:2	zid:1
ਜ਼ੀ	zee:4	jee:1	jhi:1	ji:1
ਜ਼ੀਰਕਪੁਰ	zirakpur:3	jhirakhpur:1
ਜ਼ੀਰਾ	zeera:2	jhira:1	jira:1	zira:1
ਜ਼ੀਰੇ	zire:2	jhire:1	jire:1	zeere:1
ਜ਼ੀਰੋ	zero:4	jeero:1	jhero:1	jiiro:1
ਜ਼ੁਕਰਬਰਗ	zukarbarg:2	zukarbarag:1
ਜ਼ੁਕਾਮ	zukam:3	zuqam:1
ਜ਼ੁਬਾਨ	zuban:3
ਜ਼ੁਬਾਨਾਂ	zubanan:2	zubana:1
ਜ਼ੁਬਾਨੀ	zubani:3
ਜ਼ੁਬੈਦਾ	zubaeda:1	zubaida:1	zubeida:1
ਜ਼ੁਰਮ	zuram:3
ਜ਼ੁਰਮਾਨਾ	zurmana:3
ਜ਼ੁਲਫ਼	zulaf:2	zulf:1
ਜ਼ੁਲਫਿਕਾਰ	zulfikar:3	zulfeecar:1	zulfeekar:1	zulficar:1
ਜ਼ੁਲਫੀਕਾਰ	zulfikar:3	zulfeecar:1	zulfeekar:1	zulficar:1
ਜ਼ੁਲਮ	julam:3	zulam:3	julm:1
ਜ਼ੁਲਮਾਂ	zulmaan:2	zulman:1
ਜ਼ੁਲਮੀ	zulmi:3
ਜ਼ੁਲੂ	zuloo:3	zulu:3	joolu:1	juloo:1
ਜ਼ੁਹਦ	zuhad:2	zhad:1
ਜ਼ੁੰਮੇਵਾਰ	zumevar:1	zummewar:1	zunmevar:1
ਜ਼ੁੰਮੇਵਾਰੀ	zunmevari:2	zummewari:1	zunmevaree:1
ਜ਼ੂਮ	zoom:3	zum:2	joom:1	jum:1
ਜ਼ੇ	ze:3
ਜ਼ੇਰ	zer:3
ਜ਼ੇਲ	zel:3
ਜ਼ੈਕ	jack:1	jacq:1	jak:1	jaq:1
ਜ਼ੈਦੀ	jaindi:1	zaedi:1	zaidi:1	zeydi:1
ਜ਼ੈਨ	jain:2	zain:2	zaen:1	zeyn:1
ਜ਼ੈਬਰਾ	zebra:3	jebara:1	jebera:1	jebra:1
ਜ਼ੈਲ	zail:2	zeyl:1
ਜ਼ੈਲਦਾਰ	zaildar:2	zeyldar:1
ਜ਼ੋ	zo:3
ਜ਼ੋਖਿਮ	zokhim:3
ਜ਼ੋਰ	zor:6
ਜ਼ੋਰਦਾਰ	zordar:3	jordaar:1	zordaar:1
ਜ਼ੋਰਾ	zora:4	jora:1	joraa:1	zoraa:1
ਜ਼ੋਰਾਂ	zoran:3
ਜ਼ੋਰਾਵਰ	zoravar:2	zorawar:1
ਜ਼ੋਲਾ	jola:1	joola:1	zola:1	zoola:1
ਜ਼ੌਕ਼	jock:1	jocke:1	jocq:1	jocqe:1
ਜ਼ੰਗ	zang:3
ਜ਼ੰਗੀ	zangi:3	zangee:1
ਜ਼ੰਜ਼ੀਰ	zanzeer:3
ਜ਼ੰਜੀਰ	zanjeer:3	zanjir:1
ਜ਼ੰਜੀਰਾਂ	zanjeeran:2	zanjeera:1
ਜਾ	ja:3	jaa:2	za:1	zaa:1
ਜਾਂ	jan:2	jaan:1
ਜਾਂਗਲੀ	jaangali:1	jangali:1	jangli:1
ਜਾਂਚ	janch:4	jaanch:2
ਜਾਂਚਣ	jaanchan:1	janchan:1	janchanh:1
ਜਾਂਚਾਂ	janchan:2	jaanchan:1
ਜਾਂਚਿਆ	jaanchia:1	janchiya:1	jandiaa:1
ਜਾਂਚੇ	janche:2	jaanchey:1
ਜਾਂਞੀ	janvi:2	jaannee:1	jaanneevi:1
ਜਾਂਦ	jand:2	jaand:1
ਜਾਂਦਾ	janda:5	janada:1
ਜਾਂਦਾਂ	jandan:3
ਜਾਂਦਿਆ	jaandia:1	jandia:1	jandiaa:1	jandiya:1
ਜਾਂਦਿਆਂ	jandiaan:2	jandian:1	jandiyan:1
ਜਾਂਦੀ	jandi:6
ਜਾਂਦੀਆ	jandiya:2	jandiaa:1
ਜਾਂਦੀਆਂ	jandiyan:4	jandiaan:2
ਜਾਂਦੀਏ	jandiye:2	jandiae:1
ਜਾਂਦੇ	jande:5	jaande:1
ਜਾਂਨਸ਼ੀਨ	jaansheen:1	jannshil:1	jansheen:1
ਜਾਂਬਾਜ	janbaj:2	jaanbaaj:1
ਜਾਅਲੀ	jaali:1	jaiali:1	jali:1	jawli:1
ਜਾਇ	jaai:2	jaye:2	jai:1	jaiyee:1
ਜਾਇਆ	jaiaa:2	jayiya:1
ਜਾਇਓ	jaiau:1	jaio:1	jayio:1
ਜਾਇਜ	jaaij:1	jaij:1	jayij:1
ਜਾਇਜ਼	jaaijh:1	jaaiz:1	jaiz:1	jayiz:1
ਜਾਇਜ਼ਾ	jaiza:3	jaijha:2	jaija:1	jayiza:1
ਜਾਇਦਾਦ	jaidad:3	jayidad:2	jaidaad:1
ਜਾਇਦਾਦਾਂ	jaaidadan:1	jaidadan:1	jayidadan:1
ਜਾਇਨ	jaain:1	jain:1	jayin:1
ਜਾਇਫਲ	jaifal:2	jayfal:1
ਜਾਈ	jai:4	jaee:2	jaae:1	jaai:1
ਜਾਈਏ	jaaiye:1	jaeeae:1	jaeya:1	jaeye:1
ਜਾਉ	jau:3
ਜਾਊਂ	jaun:2	jauun:1
ਜਾਏ	jaye:3	jaae:1	jaaye:1	jae:1
ਜਾਏਂ	jaaen:2	jayen:1
ਜਾਏਗਾ	jaega:3	jayega:3
ਜਾਏਗੀ	jayegi:3	jaaegi:2	jaengee:1
ਜਾਓ	jao:2	jau:1
ਜਾਓਗੇ	jaauge:1	jaoge:1	jaugay:1	jauge:1
ਜਾਕ	jak:2	jaak:1	jaq:1
ਜਾਕਰ	jakar:2	jaakar:1	jaqar:1
ਜਾਕਿਰ	jakir:3	jaqir:1
ਜਾਕੇ	jake:2	jaake:1	jaqe:1
ਜਾਖੜ	jakhad:2	jakhadh:2	jakharh:2
ਜਾਗ	jag:2	jaag:1
ਜਾਗਣ	jaganh:2	jagan:1
ਜਾਗਣਾ	jagnha:2	jagna:1
ਜਾਗਦਾ	jagda:3
ਜਾਗਦਿਆਂ	jagdiaan:1	jagdian:1	jagdiyan:1
ਜਾਗਦੀ	jagdi:2	jagdee:1
ਜਾਗਰਣ	jagranh:2	jagran:1
ਜਾਗਰਤ	jagrat:2	jagarat:1
ਜਾਗਰਤੀ	jagrati:2	jagarti:1
ਜਾਗਰੁਕਤਾ	jagrukta:3	jagruqta:1
ਜਾਗਰੂਕ	jagruk:2	jagrook:1	jagruq:1
ਜਾਗਰੂਕਤਾ	jagrukta:2	jagrookta:1	jagruqta:1
ਜਾਗਿਆ	jagia:2	jagiya:1
ਜਾਗੀ	jaagi:1	jagee:1	jagi:1
ਜਾਗੀਰ	jageer:2	jagir:1
ਜਾਗੀਰਦਾਰ	jageerdar:2	jagirdar:1
ਜਾਗੀਰਦਾਰਾਂ	jageerdaran:2	jagirdaran:1
ਜਾਗੀਰਦਾਰੀ	jageerdari:1	jagerdaree:1	jagirdari:1
ਜਾਗੀਰਾਂ	jageeran:2	jagiran:1
ਜਾਗੋ	jago:3
ਜਾਗ੍ਰਤੀ	jaagriti:1	jagrati:1	jagriti:1
ਜਾਗ੍ਰਿਤ	jagrit:2	jaagrit:1
ਜਾਗ੍ਰਿਤੀ	jagriti:2	jagritee:1
ਜਾਚ	jach:2	jaach:1
ਜਾਚੇ	jache:2	jachay:1
ਜਾਜਕ	jajak:3
ਜਾਟ	jaat:2	jat:1	jatt:1
ਜਾਟਾਂ	jattan:2	jaatan:1	jatan:1
ਜਾਡਾ	jaadda:1	jada:1	jadda:1
ਜਾਣ	jaan:3
ਜਾਣਕਾਰ	jaankaar:1	jaankar:1	jankar:1
ਜਾਣਕਾਰਾਂ	jaankaaran:1	jaankaraan:1	jankaran:1
ਜਾਣਕਾਰੀ	jaankaari:1	jaankari:1	jankaree:1	jannkari:1
ਜਾਣਕਾਰੀਆਂ	jaankaariyan:1	jankareean:1	jankarian:1
ਜਾਣਗੀਆਂ	jaangiyan:2	jangeean:2	janagian:1	jangian:1
ਜਾਣਗੇ	jaange:1	janage:1	jangay:1
ਜਾਣਤੇ	jaante:1	janate:1	jantay:1
ਜਾਣਦਾ	jaanda:1	janada:1	janda:1
ਜਾਣਦੀ	jaandi:1	janadi:1	jandee:1
ਜਾਣਦੇ	jaande:1	janade:1	janday:1
ਜਾਣਨ	janan:2	jaanan:1
ਜਾਣਨਾ	janana:2	jaanana:1
ਜਾਣਨੇ	janana:1	janane:1	janhne:1
ਜਾਣਬੁੱਝ	janboj:1	janhbujh:1	jannbujjh:1
ਜਾਣਵਾਲੀ	janhvali:1	jannwali:1	janvalee:1
ਜਾਣਾ	jaana:1	jana:1	janha:1
ਜਾਣਾਂ	janan:1	janhan:1	jannan:1
ਜਾਣਿਆ	jania:2	janhiya:1	jianaa:1	jianya:1
ਜਾਣਿਆਂ	janhiyan:1	janiaan:1	janian:1
ਜਾਣੀ	jaani:1	janee:1	janhi:1
ਜਾਣੀਆ	janea:1	janhiya:1	janniaa:1
ਜਾਣੀਆਂ	jaanian:1	janeean:1	janhiyan:1
ਜਾਣੀਏ	janeea:1	janhiye:1	janiye:1
ਜਾਣੀਏਂ	jaaniein:1	janeean:1	janhiyen:1
ਜਾਣੂ	janu:2	janhu:1	jannu:1
ਜਾਣੂੰ	janhun:1	janoon:1	janu:1
ਜਾਣੇ	jaane:1	jane:1	janhe:1
ਜਾਣੋ	jano:2	janho:1	janno:1
ਜਾਤ	jat:3
ਜਾਤਕ	jatak:3
ਜਾਤਪਾਤ	jatpat:2	jaatpaat:1
ਜਾਤਾ	jata:3
ਜਾਤਾਂ	jatan:3
ਜਾਤਿ	jati:2	zat:1
ਜਾਤੀ	jati:3
ਜਾਤੀਆ	jatia:1	jatiaa:1	jatiya:1
ਜਾਤੀਆਂ	jatiaan:1	jatian:1	jatiyan:1
ਜਾਤੀਗਤ	jatigat:3
ਜਾਤੀਵਾਦ	jatiwad:2	jativad:1	jatiwaad:1
ਜਾਤੀਵਾਦੀ	jatiwadi:3	jativadi:2
ਜਾਤੇ	jate:3
ਜਾਦਾ	jada:3	jaada:1
ਜਾਦਾਂ	jaadan:1	jadaan:1	jadan:1	yaadan:1
ਜਾਦੀ	jadi:2	jaadi:1
ਜਾਦੀਂ	jadin:3	yaadin:1
ਜਾਦੀਆਂ	jadiaan:2	jaadian:1	jaadiyan:1
ਜਾਦੁਈ	jaduee:2	yaaduee:1
ਜਾਦੂ	jaddu:1	jadoo:1	jadu:1
ਜਾਦੂਈ	jaduee:2	jaddui:1	yaadui:1
ਜਾਦੂਗਰ	jadugar:2	jaddugar:1
ਜਾਦੂਗਰਨੀਆਂ	jadoogarniaan:1	jadugarniaan:1	jadugarnian:1	jadugarniyan:1
ਜਾਦੂਗਰਾਂ	jadugaran:2	jadugarin:1
ਜਾਦੂਗਰੀ	jadugari:3	jadugaree:1
ਜਾਦੂਮਈ	jadumai:2	jadumaee:1
ਜਾਦੇ	jade:3
ਜਾਦੇਂ	jaden:2	jadein:1
ਜਾਧਵ	jadhav:2	jaadhav:1	jadhaw:1
ਜਾਨ	jaan:4	jan:3
ਜਾਨਕੀ	janki:2	jaanki:1	janqi:1
ਜਾਨਣ	janan:1	jananh:1	janann:1
ਜਾਨਣਾ	janana:1	jananha:1	jannha:1
ਜਾਨਤਾ	janta:2	jaanta:1
ਜਾਨਦਾਰ	jandar:2	jaandaar:1
ਜਾਨਲੇਵਾ	janleva:2	jaanleva:1	janlewa:1
ਜਾਨਵਰ	janwar:2	jaanvar:1	janvar:1
ਜਾਨਵਰਾਂ	janvaran:3	janwaran:1
ਜਾਨਸਨ	jansan:3
ਜਾਨਸ਼ੀਨ	jansheen:2	janshin:1
ਜਾਨਾ	jana:2	jaana:1
ਜਾਨਾਂ	janan:2	jannan:1
ਜਾਨੀ	jani:2	janee:1
ਜਾਨੇ	jane:3	jaane:2	jaanee:1	janee:1
ਜਾਨੋ	jano:4
ਜਾਪ	jaap:2	jap:1
ਜਾਪਣ	jaapan:1	japan:1	japanh:1
ਜਾਪਦਾ	japda:2	jaapada:1	jaapda:1
ਜਾਪਦੀ	jaapadi:2	jaapdi:2	japdi:1
ਜਾਪਦੀਆਂ	japdiaan:2	jaapadiyan:1	jaapdiyan:1
ਜਾਪਦੇ	japde:2	jaapde:1
ਜਾਪਾਨ	japan:3	jaapaan:1
ਜਾਪਾਨੀ	japani:2	jaapaani:1
ਜਾਪਾਨੀਆਂ	jaapaaniyan:1	japaniaan:1	japaniyaan:1
ਜਾਪਿਆ	japiaa:2	jaapeya:1
ਜਾਪੀ	japi:4	jaapi:1
ਜਾਪੁ	japu:2	jaapu:1
ਜਾਫਰ	jaafar:1	jafar:1	jafr:1
ਜਾਫਰੀ	jafri:2	jaafari:1	jaafri:1
ਜਾਫ਼ਰ	jaafar:1	jafar:1	jaffr:1
ਜਾਫ਼ਰੀ	jaafari:1	jaafri:1	jaffri:1	jafri:1
ਜਾਫੀ	jafi:2	jaafi:1
ਜਾਬਤਾ	jabta:2	jaabta:1
ਜਾਬਰ	jabar:3
ਜਾਬਸ	jabas:2	jaabas:1
ਜਾਮ	jam:6
ਜਾਮਣ	haman:1	jaman:1	jamanh:1
ਜਾਮਣੀ	jamani:1	jamnhi:1	jamni:1
ਜਾਮਨ	jaman:2	jaaman:1
ਜਾਮਨੀ	jamni:2	jaamani:1	jamnee:1
ਜਾਮਾ	jaama:3	jama:3
ਜਾਮਿਆ	jamiaa:2	jaameya:1	jameeaa:1
ਜਾਮੀਆ	jaamia:1	jaamiia:1	jamia:1	jamiia:1
ਜਾਯੇ	jaye:2	jaaye:1
ਜਾਰ	jar:2	haj:1	jaar:1
ਜਾਰਜ	jarj:2	george:1	jaraj:1
ਜਾਰਜੀਆ	georgia:1	jaarjia:1	jaarjiya:1	jarjiaa:1
ਜਾਰਡਨ	jardan:3	jordan:2	jordann:1
ਜਾਰੀ	jari:2	jaaree:1
ਜਾਲ	jal:2	jaal:1
ਜਾਲਮ	jaalam:2	jalam:1
ਜਾਲਮਾ	jalma:2	jalama:1
ਜਾਲਸਾਜ਼ੀ	jaalsaazi:1	jalasaji:1	jalsajhi:1	jalsazi:1
ਜਾਲ਼	jaal:1	jal:1	jall:1
ਜਾਲ਼ੀ	jali:2	jaali:1
ਜਾਲਾਂ	jalan:3
ਜਾਲਿਮ	jaalim:2	jalim:1
ਜਾਲੀ	jali:2	jaalee:1
ਜਾਲੀਆਂ	jaaliaan:2	jaaliyaan:2	jaliaan:2	jaleeaan:1
ਜਾਲੀਦਾਰ	jalidar:3	jaleedar:1
ਜਾਲੰਧਰੀ	jalandhari:3	jalandharee:1
ਜਾਵਣ	javan:2	javanh:1	jawanh:1
ਜਾਵਣਾ	javana:1	javanha:1	javna:1	jawanha:1
ਜਾਵਨ	javan:2	javn:1	jawn:1
ਜਾਵਾ	java:4	jawa:2	jaavaa:1	jaawaa:1
ਜਾਵਾਂ	javan:2	javaan:1	jawan:1
ਜਾਵਾਂਗਾ	javanga:2	jaavanga:1	jawanga:1
ਜਾਵਾਂਗੀ	javangi:2	jaavangi:1	jawangi:1
ਜਾਵਾਂਗੇ	javange:2	jaavange:1	jawange:1
ਜਾਵੀ	javi:2	jaavi:1	jawi:1
ਜਾਵੇ	jave:2	jaave:1	jawe:1
ਜਾਵੇਗਾ	javega:2	jaavega:1	jawega:1
ਜਾਵੇਗੀ	javegi:2	jaavegi:1	jawegi:1
ਜਾਵੇਦ	javed:2	jaaved:1	jawed:1
ਜਾਵੋ	javo:2	jaavo:1	jawo:1
ਜਾਵੋਗੇ	javoge:2	jaavoge:1	jawoge:1
ਜਾਸੂਸ	jasoos:3
ਜਾਸੂਸੀ	jasoosi:2	jasoosee:1
ਜਾਹ	jah:3	jaah:2
ਜਾਹਨ	jahan:3
ਜਾਹਨਵੀ	jahanwi:1	jahnavi:1	jahnvi:1	jahnwi:1
ਜਾਹਰ	jahar:3	jaahar:1
ਜਾਹਰਾ	jahara:1	jahra:1	jahraa:1
ਜਾਹਲ	jahal:3
ਜਾਹਿਰ	jahir:3
ਜਾੜ	jaarh:1	jad:1	jarh:1
ਜਿਆ	jiaa:2	jia:1
ਜਿਆਂ	jiaan:2	jian:1
ਜਿਆਦਾ	jiaada:2	jiada:2	jiyada:2	jeyada:1
ਜਿਆਦਾਤਰ	jiaaddatar:1	jiadaatar:1	jiadatar:1
ਜਿਉ	jiu:3
ਜਿਉਂ	jiun:3	jiyun:1
ਜਿਉਂਣ	jiunan:1	jiunh:1	jiunnha:1
ਜਿਉਂਦਾ	jiunda:3	jiyunda:1
ਜਿਉਂਦਿਆਂ	jiundiyan:2	jiundiaan:1
ਜਿਉਂਦੀ	jiundi:3
ਜਿਉਂਦੇ	jiunde:3
ਜਿਉਣ	jiunh:4	jiunn:2
ਜਿਉਣਾ	jiunha:4	jaunna:1	jiunna:1
ਜਿਉਦੇ	jiude:2	jiuade:1
ਜਿਊਂ	jiuun:2	jiyun:1
ਜਿਊਂਣ	jiuunan:1	jiuunnh:1	jiyun:1
ਜਿਊਂਦਾ	jiuunda:2	jiyunda:1
ਜਿਊਂਦੀ	jiuundi:2	jiyundi:1
ਜਿਊਂਦੇ	jiuunde:2	jiyunde:1
ਜਿਊਣ	jiuunh:2	jiunh:1	jiunn:1	jiuun:1
ਜਿਊਣਾ	jiuunha:2	jiunha:1	jiunna:1	jiuuana:1
ਜਿਊਣੀ	jiuuani:1	jiuunhi:1	jiyuni:1
ਜਿਊਰੀ	jury:1	jyooree:1	jyoori:1
ਜਿਓਂ	jiaun:1	jioun:1	jiyon:1
ਜਿਓਣ	jiaunh:1	jion:1	jiyon:1
ਜਿਓਨੀ	gionee:1	jiauni:1	jioni:1	jiyoni:1
ਜਿਕਰ	jikar:3
ਜਿਕਰਯੋਗ	jikaryog:3
ਜਿਗਨੇਸ਼	jignesh:2	jiganesh:1
ਜਿਗਰ	jigar:3
ਜਿਗਰੀ	jigri:2	jigari:1	jigree:1
ਜਿਗਰੇ	jigre:2	jiagare:1	jigray:1
ਜਿਗਿਆਸੂ	jigiaasuu:2	jigiasu:1
ਜਿਡਾ	jida:2	jidaa:1
ਜਿਣਸੀ	jinnasi:1	jinnsi:1	jinsi:1
ਜਿਤ	jit:3	jitt:1
ਜਿਤਨਾ	jitna:3	jitana:1
ਜਿਤਾਇਆ	jitaia:1	jitaiaa:1	jitayea:1
ਜਿਤਿਆ	jitia:2	jiteya:1
ਜਿਤੀ	jiti:3
ਜਿਤੇ	jite:3	jitey:1
ਜਿਥੇ	jithe:2	jithey:1
ਜਿਥੋਂ	jithon:3
ਜਿਦ	jid:3
ਜਿਧਰ	jidhar:2	jidhr:1
ਜਿਨ	jin:4	jina:1	jinn:1
ਜਿਨਸੀ	jinsi:3	jinasi:1
ਜਿਨਹਾਂ	jinhan:2	jinahan:1	jinhaan:1
ਜਿਨਾ	jina:3
ਜਿਨਾਂ	jinaan:3	jina:2	jinan:1	jinann:1
ਜਿਨਾਹ	jinaah:2	jinah:2	jinnaah:1	jinnah:1
ਜਿਨਿ	jini:2	jhin:1	jinn:1
ਜਿਨੀ	jini:2	jiny:1
ਜਿਨੂੰ	jinnu:2	jinuu:1
ਜਿਨੇ	jine:3
ਜਿਨ੍ਹਾ	jinha:2	jina:1
ਜਿਨ੍ਹਾਂ	jinha:1	jinhan:1	jinna:1
ਜਿਨ੍ਹੇ	jinhae:1	jinhe:1	jinnhe:1
ਜਿਪਸੀ	jipsi:2	gypsi:1	jipasi:1
ਜਿਬਰਾਈਲ	jibarayil:1	jibraeel:1	jibrayil:1	zebrayil:1
ਜਿਬਰਾਨ	jibran:2	jibaran:1	zebran:1
ਜਿਮ	jim:5	gym:1	zim:1
ਜਿਮਨਾਸਟਿਕ	gymnastic:2	jimanastik:1	jimnastik:1	jimnastiq:1
ਜਿਮੀਂਦਾਰ	jimeendar:1	jimindaar:1	jimindar:1
ਜਿਮੀਦਾਰ	jimeedar:1	jimidaar:1	jimidar:1
ਜਿਮੇਂ	jimen:2	jimein:1
ਜਿਮੇਂਵਾਰ	jimeinwar:1	jimenvaar:1	jimenwar:1	jimevar:1
ਜਿਮੇਵਾਰ	jimevar:2	jimewar:2
ਜਿਲਦ	jilad:2	jild:1
ਜਿਲਦਾਂ	jiladan:1	jildaan:1	jildan:1
ਜਿਲ਼੍ਹਾ	jilha:3
ਜਿਲਾ	jila:4	jilla:1
ਜਿਲਾਨੀ	jilani:3
ਜਿਲੇ	jile:3
ਜਿਲ੍ਹਾ	jilha:3
ਜਿਲ੍ਹਾਂ	jilhan:2	zihlan:1
ਜਿਲ੍ਹਿਆਂ	jihlian:1	jilhian:1	jilhiyan:1
ਜਿਲ੍ਹੇ	jilhe:2	jihle:1
ਜਿਵੇ	jive:3
ਜਿਵੇਂ	jiven:4	jivein:2
ਜਿਸ	jis:3
ਜਿਸਤ	jisat:2	jist:1
ਜਿਸਤੇ	jisate:1	jiste:1	jistey:1
ਜਿਸਤੋਂ	jiston:3
ਜਿਸਦਾ	jisda:3
ਜਿਸਦੀ	jisdi:2	jisadi:1
ਜਿਸਦੀਆਂ	jisadiyan:1	jisdiaan:1	jisdian:1
ਜਿਸਦੇ	jisde:2	jisdey:1
ਜਿਸਨੂੰ	jisnoo:2	jesanu:1	jisanuu:1	jisnuun:1
ਜਿਸਨੇ	jisne:2	jisney:1
ਜਿਸਮ	jisam:3	jishm:1	jism:1	zism:1
ਜਿਸਮਾਨੀ	jisamani:1	jismaani:1	jismani:1
ਜਿਸੁ	jisu:3
ਜਿਸੇ	jise:2	jisey:1
ਜਿਹਦਾ	jihada:3	jihda:1
ਜਿਹਦੀ	jihadee:1	jihadi:1	jihdi:1
ਜਿਹਦੀਆਂ	jihadiaan:1	jihadiyan:1	jihdian:1
ਜਿਹਦੇ	jihade:2	jihde:1
ਜਿਹਨ	jihan:3	jehan:1
ਜਿਹਨਾ	jihna:2	jihana:1
ਜਿਹਨਾਂ	jehana:1	jihana:1	jihnaan:1	jihnan:1
ਜਿਹਨੇ	jihane:1	jihne:1	jihney:1
ਜਿਹਲਮ	jihalam:1	jihlam:1	zihalam:1
ਜਿਹਾ	jiha:2	jihaa:1
ਜਿਹਾਦ	jihad:2	jihaad:1
ਜਿਹਾਦੀ	jihadi:3
ਜਿਹੀ	jihi:2	jihee:1
ਜਿਹੀਆ	jihiaa:2	jihia:1
ਜਿਹੀਆਂ	jihiaan:2	jihian:1
ਜਿਹੇ	jihe:2	jihey:1
ਜਿਹੋ	jiho:3
ਜਿਹੜਾ	jihada:4	jihda:1	jihhda:1
ਜਿਹੜੀ	jihadi:3	jihdi:2	jihadee:1
ਜਿਹੜੀਆ	jihadeea:1	jihadiaa:1	jihdia:1
ਜਿਹੜੀਆਂ	jihadiaan:2	jediyan:1	jeharhiyan:1	jihadian:1
ਜਿਹੜੇ	jihade:4	jihde:2
ਜਿੰਟਾ	jinta:3
ਜਿੰਦ	jind:5
ਜਿੰਦਗੀ	jindagi:10	zindagi:1
ਜਿੰਦਗੀਆਂ	jindagian:1	jindagiyaan:1	jindgian:1
ਜਿੰਦਰ	jinder:2	jindar:1
ਜਿੰਦਲ	jindal:3
ਜਿੰਦਾ	jinda:8
ਜਿੰਦਾਂ	jinda:1	jindaan:1	jindan:1
ਜਿੰਦੀ	jindi:3	jindee:1
ਜਿੰਦੜੀ	jindadi:3	jinadaarhi:1	jindari:1	jinddi:1
ਜਿੰਨ	jinn:5	jin:1	jinan:1	zinn:1
ਜਿੰਨਾ	jinna:2	jinanaa:1
ਜਿੰਨਾਂ	jinnan:3
ਜਿੰਨਾਹ	jinnah:2	jinnaah:1
ਜਿੰਨੀ	jinni:3
ਜਿੰਨੀਆਂ	jinniaan:1	jinniyaan:1	jinniyan:1
ਜਿੰਨੇ	jinne:2	jine:1
ਜਿੰਨ੍ਹਾ	jinha:2	jinnan:1
ਜਿੰਮੀ	jimmi:3	jimmy:2	jimee:1	jimi:1
ਜਿੰਮੇਦਾਰੀਆਂ	jimmedariaan:1	jimmedariyaan:1	jinmedariyan:1
ਜਿੰਮੇਵਾਰ	jimmevar:3	jimmewar:1	jinmevar:1
ਜਿੰਮੇਵਾਰੀ	jimmevari:4	jimenvari:1	jimenwari:1	jinmevari:1
ਜਿੰਮੇਵਾਰੀਆਂ	jimmevariyaan:2	jimenwarian:1	jimmevariaan:1	jimmewariaan:1
ਜਿੱਡੀ	jiddi:2	jidi:1
ਜਿੱਤ	jitt:2	jeitt:1	jit:1
ਜਿੱਤਕੇ	jeittke:1	jitke:1	jittake:1
ਜਿੱਤਣ	jeittnn:1	jitan:1	jittann:1
ਜਿੱਤਣਾ	jeittnna:1	jitna:1	jittanna:1
ਜਿੱਤਦਾ	jitda:2	jeittda:1
ਜਿੱਤਦੇ	jitade:2	jitaday:1	jitde:1
ਜਿੱਤਾ	jitta:2	jita:1
ਜਿੱਤਾਂ	jittan:2	jitan:1
ਜਿੱਤਿਆ	jiteya:1	jitia:1	jittia:1
ਜਿੱਤੀ	jiti:1	jittee:1	jitti:1
ਜਿੱਤੀਆ	jitia:1	jittiaa:1	jittiya:1
ਜਿੱਤੀਆਂ	jitian:1	jittiaan:1	jittiyan:1
ਜਿੱਤੇ	jitte:2	jite:1
ਜਿੱਥੇ	jitthe:2	jithe:1	jitthey:1
ਜਿੱਥੋਂ	jithon:2	jitthon:1
ਜਿੱਦ	jid:1	jidd:1	zidd:1
ਜਿੱਦਾਂ	jidan:1	jiddaan:1	jiddan:1
ਜੀ	ji:7	jee:2	jii:1	zee:1
ਜੀਂਦ	jind:2	jeend:1
ਜੀਂਦਾ	jinda:2	jeenda:1
ਜੀਅ	jee:1	jeea:1	jia:1
ਜੀਅੜਾ	jeeada:1	jiadaa:1	jiarha:1
ਜੀਆਂ	jiaan:4	jeeaan:2	jiyaa:1	jiyaan:1
ਜੀਉ	jeeu:2	jiu:2	jioo:1
ਜੀਉਂਦਾ	jeeunda:2	jiunda:2
ਜੀਉਂਦੇ	jiunde:2	jeeunde:1
ਜੀਉਣ	jeeun:2	jaunh:1	jiun:1
ਜੀਉਣਾ	jeeuna:2	jiuna:1	jiunha:1
ਜੀਊਂਦਾ	jeeunda:2	jiunda:1	jiuunda:1
ਜੀਓ	jeeo:1	jeeu:1	jiau:1	jiu:1
ਜੀਕਣ	jeekan:2	jikan:1	jikanh:1	jiqanh:1
ਜੀਜਾ	jija:4
ਜੀਜੇ	jije:2	jeeje:1
ਜੀਣਾ	jeenha:1	jina:1	jinha:1
ਜੀਤ	jeet:6	jit:3	jiit:1	zeet:1
ਜੀਤਾ	jeeta:2	jita:2
ਜੀਤਾਂ	jitan:2	jeetan:1
ਜੀਤੇਂਦਰ	jitendar:6
ਜੀਦਾ	jeeda:2	jida:2
ਜੀਦੇ	jide:2	jeede:1
ਜੀਨ	jeen:3	jean:2	jin:2	gean:1
ਜੀਨਤ	jeenat:2	jinat:2
ਜੀਨਸ	genes:1	jeans:1	jeansh:1	jeens:1
ਜੀਨਾ	jina:2	jeena:1
ਜੀਨੂੰ	jinun:2	jeenun:1
ਜੀਨੇ	jine:2	jeeney:1
ਜੀਪ	jeep:5	jiip:1	jip:1
ਜੀਪਾਂ	jipan:2	jeepan:1
ਜੀਭ	jeebh:2	jib:1	jibh:1
ਜੀਭਾਂ	jibhan:2	jeebhaan:1	jeebhan:1
ਜੀਰਵੀ	jeeravee:1	jeervi:1	jirvi:1	jirwi:1
ਜੀਰਾ	jeera:3	jira:3
ਜੀਲਾਨੀ	jilani:2	jeelanee:1	jeelani:1
ਜੀਵ	jeev:8	jiv:3	jiw:1
ਜੀਵਣ	jeevan:4	jivan:3	jiwanh:1
ਜੀਵਤ	jeevat:2	jivat:2	jiwat:1
ਜੀਵਨ	jeevan:7	jivan:7	jiwan:2	jeewan:1
ਜੀਵਨਕਾਲ	jivankal:2	jeevankaal:1	jeevankal:1	jivanqal:1
ਜੀਵਨਦਾਨ	jeevandan:2	jivandan:2	jiwandan:1
ਜੀਵਨਭਰ	jeevanbhar:2	jivanbhar:2	jiwanbhar:1
ਜੀਵਨਸ਼ੈਲੀ	jeevanshaili:1	jeevanshaily:1	jivanshaeli:1	jivanshaili:1
ਜੀਵਨੀ	jivni:2	jeevanee:1	jeevni:1	jiwni:1
ਜੀਵਨੀਆਂ	jeevaneean:1	jeevniaan:1	jivaniaan:1	jivniyaan:1
ਜੀਵਨੀਕਾਰ	jeevaneekar:1	jivanikar:1	jivaniqar:1	jivnikaar:1
ਜੀਵਨੀਪਰਕ	jeevaniparak:1	jeevniparak:1	jivanipark:1	jivaniparq:1
ਜੀਵਾ	jeeva:9	jiva:4
ਜੀਵਾਂ	jeevan:2	jeeva:1	jiva:1	jivan:1
ਜੀਵਾਣੂ	jivaanu:2	jeevanhu:1	jeevanuu:1
ਜੀਵਾਣੂਆਂ	jeevanhyan:1	jeevanuua:1	jivanuua:1	jivanuyaan:1
ਜੀਵਾਤਮਾ	jeevatma:1	jeevatmaa:1	jivaatma:1	jivatmaa:1
ਜੀਵਿਆ	jeevia:2	jeevea:1	jeeviya:1	jeeviyaa:1
ਜੀਵਿਕਾ	jeevika:2	jeevikaa:1	jivika:1
ਜੀਵਿਤ	jeevit:2	jivit:1
ਜੀਵੀ	jeevi:5	jivi:3
ਜੀਵੇ	jeeve:3	jive:2
ਜੀਵੰਤ	jeevant:2	jivant:2
ਜੀਸਸ	jesus:2	jeesas:1	jeesus:1	jeiisus:1
ਜੀਸ਼ਾਨ	jeeshan:1	jishaan:1	jishan:1
ਜੀਹਦਾ	jihda:2	jeehada:1
ਜੀਹਦੀ	jeehadi:1	jihadi:1	jihdi:1
ਜੀਹਦੇ	jihde:2	jeehadey:1
ਜੀਹਨੂੰ	jihnun:2	jeehanoo:1
ਜੀਹਨੇ	jihne:2	jeehane:1	jeehaney:1
ਜੁਆਇੰਟ	joint:2	juaaint:1
ਜੁਆਈ	juai:2	juaaee:1	jwai:1
ਜੁਆਨ	juan:3	juaan:2	juana:1	zuaan:1
ਜੁਆਨੀ	juani:2	juaani:1	juanee:1
ਜੁਆਬ	juab:2	juaab:1
ਜੁਆਲਾਮੁਖੀ	juaalamukhi:2	jualamukhi:1
ਜੁਕਰਬਰਗ	jakarbarg:1	jukarbarag:1	jukarbarg:1
ਜੁਗ	jug:3
ਜੁਗਤ	jugat:3
ਜੁਗਤਾ	jugta:3
ਜੁਗਤਾਂ	jugtan:3
ਜੁਗਨੀ	jugni:2	jugani:1
ਜੁਗਨੂ	jugnu:2	jugnuu:1
ਜੁਗਨੂੰ	jugnun:2	juganu:1
ਜੁਗਰਾਜ	jugaraj:1	jugraj:1	juhraj:1
ਜੁਗਲਬੰਦੀ	jugalbandi:3
ਜੁਗਾਂ	jugan:2	jugaan:1
ਜੁਗਾੜ	jugad:1	jugadh:1	jugarh:1
ਜੁਗਿੰਦਰ	juginder:2	jugindar:1
ਜੁਝਾਰ	jujhar:3
ਜੁਝਾਰਵਾਦੀ	jujharwadi:3	jujharvadi:1
ਜੁਝਾਰੂ	jujharu:3
ਜੁਟ	jut:3
ਜੁਟਾਉਣ	jutaun:2	jutaunh:2	juttaunn:2
ਜੁਟੀ	juti:2	jutti:2
ਜੁਟੇ	jute:2	jutte:1
ਜੁਦਾ	juda:3
ਜੁਦਾਈ	judaee:1	judai:1	juddai:1	juddayi:1
ਜੁਦੀ	judi:3
ਜੁਧ	judh:3
ਜੁਨੇਜਾ	juneja:3
ਜੁਨੈਦ	junaid:2	junaed:1
ਜੁਪੀਟਰ	jupiiter:1	jupitar:1	jupiter:1	zupiter:1
ਜੁਬਲੀ	jubali:1	jubalii:1	jubiilee:1	jubilee:1
ਜੁਬਾਨ	juban:2	jubaan:1
ਜੁਮਲਾ	jumla:3
ਜੁਮਾ	juma:3
ਜੁਮੇਵਾਰੀ	jumewari:3	jumevari:2
ਜੁਰਮ	juram:3
ਜੁਰਮਾਂ	jurman:2	jurmaan:1
ਜੁਰਮਾਨਾ	jurmana:3
ਜੁਰਮਾਨੇ	jurmane:3
ਜੁਰਾਬ	jurab:2	joorab:1	juraab:1
ਜੁਰਾਬਾਂ	juraban:2	joorabaan:1	jurabaan:1
ਜੁਰਾਸਿਕ	juarasik:1	juarassic:1	juerashik:1	juerashshic:1
ਜੁਲ	jul:3
ਜੁਲਦਾ	julda:3
ਜੁਲਦੀਆਂ	juldiaan:2	juldeeaan:1	juldian:1
ਜੁਲਦੇ	julde:3
ਜੁਲਫ਼	julaf:1	zulaf:1	zulf:1
ਜੁਲਮ	julam:3	julm:1
ਜੁਲਮਾਂ	julmaan:2	julman:1
ਜੁਲਾਈ	july:7	julai:3	julaii:1
ਜੁਲਾਹਿਆਂ	julahian:2	julahean:1
ਜੁਲਾਹੇ	julahe:3
ਜੁਲਿਆ	julia:2	julea:1
ਜੁਲੀ	julie:2	julee:1	juli:1
ਜੁਲੀਅਨ	julian:3
ਜੁਲੇ	jule:2	juley:1
ਜੁੜ	jud:5	judd:2	jur:1
ਜੁੜਣ	judan:4	judanh:1	juddann:1
ਜੁੜਦਾ	judda:2	judada:1	jurda:1
ਜੁੜਦੀ	juddi:2	judadi:1	jurdi:1
ਜੁੜਦੀਆਂ	juddian:2	judadian:1	jurdian:1
ਜੁੜਦੇ	judde:2	judade:1	jurde:1
ਜੁੜਨ	judan:5	juddan:1
ਜੁੜਨਾ	judna:3
ਜੁੜਵਾ	judwa:2	jurhva:1	jurhwa:1
ਜੁੜਵਾਂ	judvan:1	judwaan:1	jurhvan:1	jurhwan:1
ਜੁੜਵੀਂ	judveen:1	judvien:1	jurhvin:1	jurhwin:1
ਜੁੜਵੇ	judve:2	jurhve:1	jurwe:1
ਜੁੜਵੇਂ	judvein:1	judven:1	jurhven:1	jurhwen:1
ਜੁੜਿਆ	judia:3	juddiaa:1	judea:1	judiaa:1
ਜੁੜਿਆਂ	judiaan:1	judian:1	jurhiaan:1
ਜੁੜੀ	judee:2	judi:2	juddi:1	jurhi:1
ਜੁੜੀਆ	judia:2	juthiaa:1
ਜੁੜੀਆਂ	judian:3	judiaan:2	jurhiaan:2	juddiaan:1
ਜੁੜੇ	jude:3	jurhe:2	judde:1
ਜੁੰਡਲੀ	jundalee:1	jundali:1	jundli:1
ਜੁੰਮੇਵਾਰੀਆਂ	jumevareeaan:1	jumevariaan:1	jumevarian:1	jummewarian:1
ਜੁੱਗ	jug:2	jugg:1
ਜੁੱਟਿਆ	jutea:1	juteya:1	jutiaa:1	juttia:1
ਜੁੱਟੇ	jutte:3
ਜੁੱਤੀ	jutti:3	juti:1
ਜੁੱਤੀਆਂ	jutiyan:1	juttiaan:1	juttian:1
ਜੁੱਤੇ	jutte:3
ਜੁੱਧ	juddh:3
ਜੁੱਸਾ	jussa:2	jusa:1
ਜੂ	joo:3
ਜੂਆ	jua:2	jooaa:1	juaa:1
ਜੂਆਂ	jooaan:1	jooan:1	juaan:1	juan:1
ਜੂਏ	jooae:1	jooye:1	juae:1	jue:1
ਜੂਝ	joojh:2	jujh:2
ਜੂਝਕੇ	jujhke:2	joojhake:1	joojhke:1
ਜੂਝਣ	joojhan:2	jujhan:2
ਜੂਝਦਾ	joojhada:1	joojhda:1	juchda:1	jujhda:1
ਜੂਝਦੇ	joojhde:2	juchde:1	jujhde:1
ਜੂਟ	joot:2	jut:1	jute:1
ਜੂਠ	jooth:2	juth:2
ਜੂਠਾ	jootha:2	jutha:2
ਜੂਡੀ	joodee:2	joodi:2	judi:2	joody:1
ਜੂਡੋ	judo:3	joodo:2	juddo:1
ਜੂਨ	june:5	joon:3	jun:2	zoon:2
ਜੂਨਾਂ	junan:3	joonan:1
ਜੂਨਾਗੜ੍ਹ	junagarh:2	joonagadh:1	junagadh:1
ਜੂਨੀਅਰ	junior:4	juniorr:1	juniyar:1	juuniyar:1
ਜੂਨੋ	juneau:1	juneu:1	juuneauu:1	zuneau:1
ਜੂਪੀਟਰ	jupiter:3
ਜੂਲੀ	joolee:2	joolie:2	julee:2	juli:2
ਜੂਲੀਅਟ	juliat:3	juliet:3	juliiat:1	juliiet:1
ਜੂਲੀਅਨ	julian:3	jooleean:1	joolian:1	juleean:1
ਜੂਲੀਅਸ	julias:3	jooleeas:1	joolias:1	juleeas:1
ਜੂਲੀਆ	julia:2	juliaa:2	jooleeaa:1	joolia:1
ਜੂਲੇ	jule:3	joole:1
ਜੂਸ	joos:3	juice:1	jus:1
ਜੂਹ	jooh:3	juh:1
ਜੂਹਾਂ	joohan:2	juhan:2
ਜੂਹੀ	juhi:3	joohi:2	joohee:1	juhee:1
ਜੂੜਾ	jurha:2	jooda:1	joorha:1
ਜੂੰ	joon:2	jun:2
ਜੇਕਰ	jekar:3
ਜੇਟ	jet:3
ਜੇਟਲੀ	jetaly:2	jetali:1
ਜੇਟਸ	jetas:3
ਜੇਠ	jeth:4
ਜੇਠਮਲਾਨੀ	jethmalani:3
ਜੇਠਾ	jetha:3
ਜੇਠੀ	jethi:2	jethee:1
ਜੇਡਾ	jeda:3
ਜੇਤੂ	jetu:2	jetoo:1
ਜੇਨ	jen:4	jain:2	zen:2	jeen:1
ਜੇਨਕਿੰਸ	jenkins:4	jeenkins:1	jenkinsh:1	jenqins:1
ਜੇਨਰ	jenar:3	genar:1
ਜੇਨਸਨ	jeenson:1	jenshon:1	jenson:1	zenson:1
ਜੇਨੀ	jeni:2	genie:1
ਜੇਫਰਸਨ	jeeffarson:1	jeeffeerson:1	jeffarshon:1	jeffarson:1
ਜੇਫ਼	geeff:1	geff:1	gephph:1	jeeff:1
ਜੇਬ	jeb:3
ਜੇਬਾਂ	jebaan:2	jeban:1
ਜੇਮਸ	james:2	jems:1
ਜੇਮਸਨ	jamson:1	jemsan:1	jemson:1
ਜੇਮਾ	jema:3
ਜੇਰਾ	jera:3
ਜੇਰੇਮੀ	jeremee:1	jeremi:1	jeremy:1
ਜੇਲ	jail:5	jael:1	jel:1	zail:1
ਜੇਲਾਂ	jelan:2	jelaan:1
ਜੇਲ੍ਹਾਂ	jailhan:1	jehlan:1	jelhaan:1
ਜੇਵਰ	jevar:3
ਜੇਵੀਅਰ	jeviar:1	jeviour:1	jeweear:1	zavier:1
ਜੇਸਨ	jason:3	jesan:2	jeson:2	jasan:1
ਜੇਹਲਮ	jehlam:3
ਜੇਹਾ	jeha:3
ਜੇਹੜਾ	jehda:2	jehrhaa:1
ਜੇੜੇ	jede:3
ਜੈ	jai:4	jae:1	jaey:1	jay:1
ਜੈਂਡਰ	gender:2	jendhar:1
ਜੈਅੰਤ	jaiant:3	jayant:1
ਜੈਅੰਤੀ	jaianti:3	jayanti:2	jayantee:1	jayantii:1
ਜੈਕ	jack:5	jacq:1	jaeq:1	jaik:1
ਜੈਕਬ	jacob:3
ਜੈਕਰ	jaikar:3
ਜੈਕਸਨ	jackson:4	jacksan:1	jacqson:1	jaeksan:1
ਜੈਕਾਰਾ	jaikara:3
ਜੈਕਾਰਿਆਂ	jaikarian:1	jaikariyaan:1	jaikariyan:1
ਜੈਕੀ	jacky:3	jacke:1	jackee:1	jacki:1
ਜੈਕੋਬ	jakob:2	jacob:1
ਜੈਜ਼	jaiz:3	jaez:1	jaij:1	jazz:1
ਜੈਜਾਵੰਤੀ	jaijavanti:2	jaijawanti:1
ਜੈਜੀ	jaija:1	jaiji:1	jaji:1
ਜੈਟ	jet:3	jaet:1	jait:1	jat:1
ਜੈਤਾ	jaeti:1	jaita:1	jaiti:1	jeyta:1
ਜੈਤੂਨ	jaitun:2	jaetun:1	jeytun:1
ਜੈਤੇਗ	jaiteg:2	jaeteg:1	jeyteg:1
ਜੈਤੋ	jaeto:1	jaito:1	jato:1	jeyto:1
ਜੈਤੋਈ	jaetoee:1	jaitoee:1	jatoi:1	jetoyi:1
ਜੈਦੀ	jaidi:2	jaedi:1	jeydi:1
ਜੈਦੀਪ	jaedip:1	jaideep:1	jaidip:1	jeydeep:1
ਜੈਦੇਵ	jaidev:2	jaedev:1	jeydev:1
ਜੈਨ	jain:3	jaen:2	jaain:1	jeyn:1
ਜੈਨਪੁਰ	jainpur:2	jaenpur:1	jeynpur:1
ਜੈਨਾਂ	jainan:2	jaenan:1	jerynan:1
ਜੈਨੀ	aini:1	jaeni:1	jaenni:1	jaini:1
ਜੈਨੀਫਰ	jaetifar:1	jainifer:1	jennifer:1	jeynifer:1
ਜੈਨੀਫ਼ਰ	jennifer:2	genifer:1	jainiphira:1	jenifar:1
ਜੈਨੇਲੀਆ	genelia:1	jenelia:1	jeyneliya:1
ਜੈਪੁਰ	jaipur:5	jaepur:1	jaipar:1	jeypur:1
ਜੈਪੁਰੀ	jaipuri:2	jeypuri:1
ਜੈਪ੍ਰਕਾਸ਼	jaiparkash:1	jaiprakash:1	jeyprakash:1
ਜੈਫ	jaif:2	jeyf:1
ਜੈਫਰੀ	jaifari:1	jeffri:1	jeyfri:1
ਜੈਫ਼ਰੀ	jaifari:1	jaifri:1	jeyphri:1
ਜੈਮ	jam:2	gem:1	jaem:1	jamm:1
ਜੈਮਲ	jaimal:2	jeymal:1
ਜੈਰਾਮ	jairam:2	jeyram:1
ਜੈਰੀ	jerry:2	jaeri:1	jairi:1	jarry:1
ਜੈਲ	gel:1	jail:1	jeyl:1
ਜੈਲਦਾਰ	jaildar:2	jeyldar:1
ਜੈਲਾ	jaila:1	jella:1	jeyla:1
ਜੈਲੀ	jelly:3	jaelee:1	jaeli:1	jaelii:1
ਜੈਵਰਧਨੇ	jaivardhane:1	jevardhane:1	jeverdhane:1
ਜੈਵਿਕ	jaivik:2	jivak:1
ਜੈਸ	jais:3	jaish:1	jaiss:1	jess:1
ਜੈਸਨ	jaison:2	jaisan:1
ਜੈਸਮਿਨ	jasmeen:2	jaismin:1	jasmine:1
ਜੈਸਮੀਨ	jaismeen:1	jasmeen:1	jasmine:1
ਜੈਸਲਮੇਰ	jaisalmer:3	jaesalmar:1	jaesalmer:1	jaisalmar:1
ਜੈਸਿਕਾ	jaisika:2	jessica:2	jessicaa:1	jessika:1
ਜੈਸਿੰਘ	jaisingh:3
ਜੈਸੀ	jaisi:5	jaessi:1	jaisee:1	jaisii:1
ਜੈਸੇ	jaise:3
ਜੈੱਲ	gell:1	jail:1	jeyl:1
ਜੋ	jo:3
ਜੋਂ	jon:3
ਜੋਂਸ	jones:1	jons:1	jos:1
ਜੋਅ	joe:2	jo:1	jooe:1	zoe:1
ਜੋਆਨ	joaan:1	joan:1	joyaan:1	joyan:1
ਜੋਆਨਾ	joaana:1	joana:1	joyaana:1	joyana:1
ਜੋਇਸ	joice:1	jois:1	joyis:1
ਜੋਈ	joe:1	joee:1	joyi:1
ਜੋਏ	joey:1	joye:1	zoe:1	zoey:1
ਜੋਏਲ	joel:2	zoel:2	jooel:1
ਜੋਐਨ	joann:1	jooann:1	zoann:1
ਜੋਕਰ	jokar:1	joker:1	jookar:1	jooker:1
ਜੋਕੀ	joki:2	jockey:1
ਜੋਖਮ	jokham:3
ਜੋਖਾ	jokha:3
ਜੋਗ	jog:9	joog:1	joug:1
ਜੋਗਨ	jogan:4
ਜੋਗਾ	joga:3
ਜੋਗਿੰਦਰ	jogindar:2	joginder:1
ਜੋਗੀ	jogi:5
ਜੋਗੀਆ	jogia:1	jogiya:1	jogiyaa:1
ਜੋਗੀਆਂ	jogiaan:1	jogian:1	jogiyaan:1	jogiyan:1
ਜੋਜ਼ਫ	joseph:2	jozaf:1	jozef:1
ਜੋਟਾ	jota:2	jotta:1
ਜੋਟੀ	joti:2	jotti:1
ਜੋਡੀ	jodi:3	joadee:1	joadi:1	jodee:1
ਜੋਤ	jot:5	joat:1	joet:1	jooat:1
ਜੋਤਸ਼	jotash:3
ਜੋਤਸ਼ੀ	jotashi:2	jotshi:2
ਜੋਤਸ਼ੀਆਂ	jotashiyan:1	jotshian:1	jotshiyaan:1
ਜੋਤਸੀਆਂ	jotasiyan:1	jotsiaan:1	jotsian:1	jotsiyaan:1
ਜੋਤਿ	joti:3	jit:1	jot:1
ਜੋਤਿਸ਼	jotish:3	jitash:1	jotash:1	jyotish:1
ਜੋਤਿਸ਼ੀ	jotishi:3
ਜੋਤੀ	joti:3	jyoti:1
ਜੋਤੀਬਾ	jotiba:3
ਜੋਤੀਸ਼	jotish:3
ਜੋਧਪੁਰ	jodhpur:4	jodhpoor:1	joodhpoor:1	joodhpur:1
ਜੋਧਾ	jodha:3
ਜੋਧਾਂ	jodhan:3
ਜੋਧਿਆਂ	jodhiaan:1	jodhian:1	jodhiyaan:1	jodhiyan:1
ਜੋਨ	joan:1	jone:1	zoan:1	zone:1
ਜੋਨਸ	joanes:1	joans:1	jones:1
ਜੋਨਾਥਨ	jonathan:3
ਜੋਨੀ	joni:3
ਜੋਬਨ	joban:3
ਜੋਯਾ	joya:3
ਜੋਰ	jor:3
ਜੋਰਜ	joraj:3
ਜੋਰਡਨ	jordan:2	jordhan:1
ਜੋਰਦਾਰ	jordar:3	jordaar:1
ਜੋਰਾਵਰ	joravar:2	jorawar:1
ਜੋਲ	jol:3
ਜੋਵਨ	jovan:3
ਜੋਸ	jos:3
ਜੋਸਨ	josan:3
ਜੋਸਫ	josaf:2	joseph:1
ਜੋਸਫ਼	josaff:1	josaph:1	joseph:1
ਜੋਸ਼	josh:6	joash:1	joosh:1
ਜੋਸ਼ੀ	joshi:7	jooshee:1	jooshi:1	jooshii:1
ਜੋਸ਼ੀਲਾ	joshila:3
ਜੋਸ਼ੀਲੀਆਂ	joshiliaan:1	joshiliyaan:1	joshiliyan:1
ਜੋਸ਼ੁਆ	joshua:2	joshuaa:1
ਜੋਸੇ	jos:1	jose:1	joss:1	josse:1
ਜੋਸੇਫ	josef:1	joseph:1	josof:1
ਜੋਸੇਫ਼	joseph:2	joseff:1
ਜੋਹ	joh:5
ਜੋਹਨ	johan:4
ਜੋਹਨਸਨ	johansan:1	johnsan:1	johnson:1
ਜੋਹਨੀ	johni:2	johani:1
ਜੋਹਰ	johar:3
ਜੋਹਰਾ	johra:3
ਜੋਹਾਨ	johan:5	johen:1	joohan:1	joohen:1
ਜੋੜ	jod:3	jodh:2
ਜੋੜਕੇ	jodake:1	jodhke:1	jodke:1
ਜੋੜਦਾ	jodda:2	jodada:1	jodhada:1	jodhda:1
ਜੋੜਦਿਆਂ	joddiaan:1	joddian:1	jodhdiyan:1
ਜੋੜਦੀ	jodadi:1	joddi:1	jodhri:1
ਜੋੜਦੀਆਂ	jodadiaan:1	joddian:1	jodhdiyan:1
ਜੋੜਦੇ	jodade:1	jodde:1	jodhde:1
ਜੋੜਨ	jodan:3	jodhan:2
ਜੋੜਨਾ	jodana:1	jodhna:1	jodna:1
ਜੋੜਮੇਲ	jodhmel:1	jodmail:1	jodmel:1
ਜੋੜਾ	joda:3	jodha:2
ਜੋੜਾਂ	jodaan:1	jodan:1	jodhan:1
ਜੋੜਿਆ	jodia:3	jodhiya:2
ਜੋੜਿਆਂ	jodian:2	jodhiyan:1
ਜੋੜੀ	jodi:3	jodhi:2
ਜੋੜੀਆਂ	jodian:2	jodhiyan:1
ਜੋੜੀਏ	jodhiye:1	jodia:1	jodiye:1
ਜੋੜੀਦਾਰ	jodidar:2	jodhidaar:1
ਜੋੜੇ	jode:3	jodhe:2
ਜੌ	jo:2	jau:1
ਜੌਂ	jon:3
ਜੌਨ	jaun:1	john:1	jon:1
ਜੌਨਸਨ	jonson:2	jaunson:1	jonasan:1
ਜੌਨੀ	jauni:1	johny:1	joni:1	jonni:1
ਜੌਬ	job:3	jaub:1
ਜੌਰਜ	joraj:2	george:1
ਜੌਰਜੀਆ	georgia:2	jorjiaa:1	jorjiya:1
ਜੌਰਡਨ	jordan:1	jorden:1	jordhan:1
ਜੌਲੀ	joli:2	jolly:2	jawli:1	joly:1
ਜੌਹਨ	johan:2	jauhan:1	john:1	jon:1
ਜੌਹਨਸਨ	jauhanson:1	johanasan:1	johnson:1
ਜੌਹਰ	johar:3	jauhar:2	joahar:1	jouhar:1
ਜੌਹਰੀ	johri:2	jauhri:1
ਜੌਹਲ	johal:2	jauhal:1
ਜੌਹੜ	jauhad:1	johad:1	johadh:1
ਜੌੜਾ	joda:3	jodha:2	jauda:1
ਜੌੜੀਆਂ	jodhiyan:1	jodian:1	jorhiaan:1
ਜੌੜੇ	jode:1	jodhe:1	jorhe:1
ਜੜ	jadh:2	jarh:2	jad:1	jd:1
ਜੜਾਂ	jadhan:1	jarhi:1	jrhaan:1
ਜੜਿਆ	jadhiya:2	jarhiaa:2	jdyaa:1
ਜੜੀ	jarhi:2	jadhi:1
ਜੜੇ	jarhe:2	jadhe:1
ਜੜੋਂ	jarhon:2	jadhon:1
ਜੜ੍ਹ	jadhh:2	jarhh:2	jdu:1
ਜੜ੍ਹਤਾ	jadhata:1	jarhhta:1	jarhta:1
ਜੜ੍ਹਾ	jadha:1	jarhha:1	jrhaa:1
ਜੜ੍ਹਾਂ	jadhan:1	jarhhaan:1	jarhhan:1
ਜੜ੍ਹੀ	jadhi:1	jarhhi:1	jarhih:1
ਜੜ੍ਹੀਆਂ	jarhhiaan:2	jadhiyan:1
ਜੜ੍ਹੋਂ	jadhon:1	jarhhon:1	jarhon:1
ਜੰਕ	jank:1	junk:1	junq:1
ਜੰਗ	jang:3
ਜੰਗਨਾਮਾ	jangnama:3
ਜੰਗਨਾਮਿਆਂ	jangnamiaan:1	jangnamian:1	jangnamiyan:1
ਜੰਗਨਾਮੇ	jangname:3	jungname:1
ਜੰਗਬੰਦੀ	jangbandi:3
ਜੰਗਮ	jangam:3
ਜੰਗਲ	jangal:2	jungle:1
ਜੰਗਲ਼	jangal:2	jungle:1
ਜੰਗਲਾਂ	janglan:2	janglaan:1
ਜੰਗਲਾਤ	janglat:2	janglaat:1
ਜੰਗਲੀ	jangli:2	jangali:1
ਜੰਗਾਂ	jangaa:1	jangaan:1	jangan:1
ਜੰਗਾਲ	jangaal:2	jangal:1
ਜੰਗੀ	jangi:4	jangee:1
ਜੰਗੀਰ	jangeer:2	jangir:2
ਜੰਗੀਰਾਣਾ	jangirana:2	jangiranha:1
ਜੰਗੇ	jange:3
ਜੰਜ਼ੀਰਾਂ	janzeeran:2	janzeera:1
ਜੰਜਾਲ	janjal:2	janjaal:1
ਜੰਜੀਰਾਂ	janjeeran:2	janjeera:1
ਜੰਜੀਰੀ	janjeeri:2	janjeeree:1	janjiri:1
ਜੰਜੂਆ	janjua:4	janjuuaa:2
ਜੰਝ	janjh:3
ਜੰਞ	jana:1	janjh:1	janna:1
ਜੰਡ	jand:2	jandh:1
ਜੰਡਿਆਲਾ	jandiala:2	jandiyala:1
ਜੰਡਿਆਲੇ	jandiale:2	jandiyale:1
ਜੰਤਰ	jantar:3
ਜੰਤਰਾਂ	jantaran:2	jantraan:1
ਜੰਤਰੀ	jantri:2	jantari:1
ਜੰਤੁ	jantu:2	jant:1
ਜੰਤੂ	jantu:3
ਜੰਤੂਆਂ	jantuan:2	jantuyan:1
ਜੰਦਰੇ	jandre:2	jandare:1
ਜੰਨ	jan:1	jann:1	jnan:1
ਜੰਨਤ	jannat:2	jnanat:1
ਜੰਪਰ	jampar:1	jamper:1	jumpar:1	jumper:1
ਜੰਬੋ	jambo:1	jamboo:1	jumbo:1	jumboo:1
ਜੰਮ	jamm:2	janm:2	jam:1
ਜੰਮਣ	jaman:1	janmanh:1	jnaman:1
ਜੰਮਣਾ	jamana:1	janmanha:1	jnamna:1
ਜੰਮਣੇ	jamane:1	janmane:1	janmanhe:1
ਜੰਮਦਾ	janmda:2	jamada:1
ਜੰਮਦਿਆਂ	jamdia:1	janmdiaan:1	janmdiyan:1
ਜੰਮਦੀ	jamdee:1	jamdi:1	janmadi:1	janmdi:1
ਜੰਮਦੀਆਂ	jamdeean:1	jamdian:1	janmdiaan:1	janmdiyan:1
ਜੰਮਦੇ	janmde:2	jamade:1
ਜੰਮਪਲ	jampal:1	janmpal:1	jnampal:1
ਜੰਮਿਆ	jamia:1	janmiya:1	jnamiaa:1
ਜੰਮੀ	jamee:1	jami:1	jammi:1	janmi:1
ਜੰਮੂ	jammu:2	jammoo:1	jammuu:1	jamuu:1
ਜੰਮੇ	jamme:3	janme:1
ਜੱਗ	jagg:2	jug:2	jag:1
ਜੱਗਦੇਉ	jagdeo:1	jagdeu:1	jagdew:1	jagdeyu:1
ਜੱਗਦੇਵ	jagdev:2	jaggdev:1
ਜੱਗਾ	jagaa:1	jagga:1	janga:1
ਜੱਗੀ	jaggi:2	jggi:1
ਜੱਗੇ	jagge:2	jgge:1
ਜੱਚਾ	jaccha:1	jacha:1	jchcha:1
ਜੱਜ	jajj:2	judge:1
ਜੱਜਾ	jajan:1	jajja:1	jja:1
ਜੱਜਾਂ	jaja:1	jajan:1	jajjan:1
ਜੱਟ	jatt:5	jtt:1
ਜੱਟਾ	jatta:3	jta:1
ਜੱਟਾਂ	jattan:2	jtan:1
ਜੱਟੀ	jatti:4	jti:1
ਜੱਥਾ	jatha:2	jattha:1
ਜੱਥੇ	jathe:2	jatthe:1
ਜੱਥੇਦਾਰ	jathedar:2	jatthedar:1
ਜੱਥੇਬੰਦੀ	jathbandi:1	jatthebandi:1	jthebndi:1
ਜੱਥੇਬੰਦੀਆਂ	jathebandiyan:2	jathebndiyan:2	jatthebandian:2
ਜੱਦਾ	jada:2	jnda:1
ਜੱਦੀ	jadi:2	jdi:1
ਜੱਦੋ	jado:2	jaddo:1
ਜੱਦੋਜਹਿਦ	jadojahid:2	jaddojahid:1
ਜੱਨਤ	janat:1	janatt:1	jannat:1
ਜੱਫੀ	jaffi:2	jafi:2
ਜੱਫੀਆਂ	jaffiaan:1	jaffian:1	jafian:1	jafiyan:1
ਜੱਬਰ	jabbar:1	jabber:1	zabbar:1	zabber:1
ਜੱਬਲਪੁਰ	jabbalpur:2	jabalpur:1
ਜੱਬਾਰ	jabaar:2	jabar:2	jabbar:1	jaubar:1
ਜੱਲਾ	jalla:3	jala:1	jalaa:1
ਜੱਸ	jas:2	jass:1	jus:1
ਜੱਸੀ	jassi:2	jasi:1	jassee:1
ਜੱਸੋਵਾਲ	jasoval:2	jamoval:1	jasowal:1
ਝਗੜਦੇ	chaghade:1	jhagadade:1	jhagarde:1
ਝਗੜਾ	jhagda:3	jhagdha:2	jhagra:1
ਝਗੜਿਆਂ	jhagadhiyan:1	jhagadiyaan:1	jhagdiyan:1
ਝਗੜੇ	jhagde:3	jhagdhe:1	jhagdhey:1	jhagre:1
ਝਟਕਾ	jhatka:4
ਝਟਕਾਈਆਂ	jhatkaian:1	jhatkaiyaan:1	jhatkayiyan:1
ਝਟਕਿਆਂ	jhatkian:1	jhatkiyaan:1	jhatkiyan:1
ਝਟਕੇ	jhatke:4
ਝਨਕਾਰ	jhankar:3	jhankaar:1
ਝਨਾ	jhana:4
ਝਨਾਂ	jhanan:3
ਝਪਕਣ	jhapkan:3	jhapkanh:1
ਝਪਟੀ	jhapti:3
ਝਬਾਲ	jhabal:2	jhabaal:1
ਝਰ	jhar:3
ਝਰਨਾ	jharna:3
ਝਰਨੇ	jharne:3
ਝਰੀਟਾਂ	jhareetan:2	jharitaan:1
ਝਰੋਖੇ	jharokhe:3
ਝਲਕ	jhalak:4
ਝਲਕਣ	jhalakanh:1	jhalkan:1	khalkan:1
ਝਲਕਦਾ	jhalakda:2	jhalkda:1
ਝਲਕਦੀ	jhalkadi:2	jahalakdi:1	jhalakdi:1
ਝਲਕਦੀਆਂ	jhalakdiyan:2	jhalakdiyaan:1
ਝਲਕਦੇ	jhalakde:2	jhalkade:1
ਝਲਕਾ	jhalka:3
ਝਲਕਾਂ	jhalkan:2	jhalkaan:1
ਝਲਕਾਰਾ	jhalkara:3
ਝਲਕਾਰੇ	jhalkare:3
ਝਲਖਣ	jhalkhanh:2	jhalkhan:1
ਝਾ	jha:2	chaa:1
ਝਾਂਗੀ	jhangi:2	chaangi:1	changi:1
ਝਾਂਜਰ	jhanjar:2	chaanjar:1
ਝਾਂਜਰਾ	chaanjran:1	chanjrain:1	jhanjara:1	jhanjra:1
ਝਾਂਜਰਾਂ	chaanjran:1	chanjran:1	jhanjaran:1	jhanjran:1
ਝਾਂਸਾ	jhansa:2	chaansa:1
ਝਾਂਸੀ	jhansi:6	chaansi:2
ਝਾਅ	jhaa:2	chaah:1
ਝਾਕ	jhak:2	chawk:1	jhaq:1
ਝਾਕਣ	chaakan:1	jhakanh:1	jhakann:1	jhaqanh:1
ਝਾਕਦਾ	jhakda:2	chaakda:1	jhaqda:1
ਝਾਕਦੇ	chaakde:1	jhakde:1	jhaqde:1	jharkde:1
ਝਾਕੀ	jhaki:2	chaaki:1	jhaqi:1
ਝਾਕੀਆਂ	jhakiaan:2	chaakian:1	chaakiyan:1
ਝਾਤ	chaat:1	jhaat:1	jhat:1
ਝਾਤੀ	chaati:1	jhaati:1	jhati:1
ਝਾਤੀਆਂ	jhatian:2	chaatian:1	chaatiyan:1
ਝਾਰਖੰਡ	jharkhand:3	chaarkhand:1	jhaarkhaand:1	jhaarkhand:1
ਝਾੜ	jhad:3	chaad:1	jhaad:1	jhand:1
ਝਾੜਾ	jhada:2	chaada:1
ਝਾੜੀ	jhadi:2	chaadi:1	chaari:1
ਝਾੜੀਆਂ	jhadian:2	chaadian:1	chaadiyan:1
ਝਾੜੋਂ	jhadon:2	chaadon:1
ਝਿਉਰ	jhiur:2	chaeour:1	chaour:1
ਝਿਜਕ	jhijak:2	chijak:1	chijjak:1
ਝਿਜਕਦਾ	jhijakda:2	chijjkada:1	chijkada:1
ਝਿਲਮਿਲ	jhilmil:2	chillmil:1	chillmill:1
ਝਿੜਕਾਂ	chiddkan:1	chidkan:1	jhidkaan:1	jhidkan:1
ਝਿੜੀ	chiddi:1	chidi:1	jhidee:1	jhirhi:1
ਝਿੰਗੜ	chinghar:1	jhingad:1	jhingarh:1
ਝਿੱਲੀ	chhili:1	chhilli:1	jhhili:1	jhilli:1
ਝੀਤਾਂ	cheetan:1	chittan:1	jheetan:1	jhitan:1
ਝੀਲ	jheel:2	cheel:1	jhil:1
ਝੀਲਾਂ	jheelan:2	cheelan:1	jhilin:1
ਝੁਕ	jhuk:2	chuk:1	jhuq:1
ਝੁਕਣ	chukan:1	jhukanh:1	jhukann:1	jhuqanh:1
ਝੁਕਣਾ	chukkna:1	chukna:1	jhukanna:1	jhuknha:1
ਝੁਕਦੀ	jhukdi:2	chukdi:1
ਝੁਕਦੇ	chukde:1	jhukadde:1	jhukde:1
ਝੁਕਾ	jhuka:2	chuka:1	chukka:1
ਝੁਕਾਅ	chhukaa:1	chukaa:1	jhuka:1	jhukaa:1
ਝੁਕਾਉ	chukao:1	chukkao:1	jhukao:1	jhukau:1
ਝੁਕਾਉਣਾ	jhukauna:2	chukaouna:1	chukkaouna:1
ਝੁਕਾਓ	chukao:1	chukaoo:1	jhukao:1	jhukau:1
ਝੁਕਿਆ	chukeya:1	jhukia:1	jhukiaa:1
ਝੁਕੀ	jhuki:2	chuki:1
ਝੁਕੇ	jhuke:2	chuke:1
ਝੁਠਲਾਉਣਾ	jhuthlauna:2	jhutlauna:1
ਝੁਨੀਰ	jhuneer:3
ਝੁਮਕੇ	jhumke:3
ਝੁਰਮਟ	jhurmat:2	jhurmut:1
ਝੁਲਾਉਣ	jhulaun:2	jhulaunh:1
ਝੁੰਡ	jhund:2	jhnud:1
ਝੁੰਡਾਂ	jhundan:2	jhnudan:1
ਝੁੰਮਰ	jhunmar:2	jhoommar:1
ਝੁੱਕ	jhukk:2	chuk:1	chukk:1	jhuqq:1
ਝੁੱਗੀ	chuggi:1	jhuggi:1	jhugi:1
ਝੁੱਗੀਆਂ	chuggian:1	chuggiyan:1	jhuggian:1	jhugian:1
ਝੁੱਲ	jhull:2	jhul:1
ਝੁੱਲੀ	jhulli:2	jhuli:1
ਝੂਟਣ	jhootan:2	jhutan:1
ਝੂਟਦੀਆਂ	jhootadian:2	jhutdian:1
ਝੂਟਦੀਏ	jhootadiye:1	jhootdie:1	jhutdiae:1
ਝੂਟੇ	jhoote:1	jhootey:1	jhute:1
ਝੂਠ	jhooth:2	jhuth:1
ਝੂਠਾ	jhootha:2	jhutha:1
ਝੂਠੀ	jhoothi:2	jhuthi:1
ਝੂਠੀਆਂ	jhoothian:2	jhuthian:1
ਝੂਠੇ	jhoothe:2	jhuthe:1
ਝੂਮਣ	jhooman:1	jhoosan:1	jhuman:1
ਝੂਮਦੇ	jhoomde:2	jhumde:2	jhoomade:1
ਝੂਮਰ	jhumar:2	jhoomar:1
ਝੂਲ	jhool:2	jhulla:1
ਝੂਲਾ	jhoola:2	jhula:1
ਝੂਲਿਆ	jhuliaa:2	jhoolia:1
ਝੂੰਮਰ	jhummar:2	jhoonmar:1
ਝੇਲ	jhel:4
ਝੇੜੇ	jhede:2	chaedde:1	chedde:1
ਝੋ	jho:3	cho:1
ਝੋਂਪੜੀ	jhonpadi:2	chounpaddi:1	chounpadi:1
ਝੋਕ	jhok:4	chhok:1	chok:1
ਝੋਟੀ	chotti:1	chotty:1	jhotee:1	jhoti:1
ਝੋਟੇ	jhote:2	chotte:1	chottey:1
ਝੋਨਾ	jhona:2	chonna:1
ਝੋਨੇ	jhone:2	choney:1	choone:1
ਝੋਪੜੀ	choupaddi:1	jhopadi:1	jhopdi:1
ਝੋਰੇ	jhore:2	chore:1	chorey:1
ਝੋਲਾ	jhola:4	chola:1	choola:1
ਝੋਲੀ	jholi:5	chholi:1	chouli:1
ਝੋਲੇ	jhole:3	chole:1
ਝੜ	jharh:2	jhadh:1
ਝੜਪ	jharhap:2	chadap:1	jhadap:1	jhadhap:1
ਝੜਪਾਂ	jharhpan:2	chadappan:1	jhadhapan:1	jhadpan:1
ਝੜੀ	jharhi:2	chaadi:1
ਝੜੇ	jharhe:2	chaade:1
ਝੰਜੋੜ	chanjodd:1	jhanjod:1	jhanjorh:1
ਝੰਜੋੜਿਆ	chanjoddeya:1	chanjodeya:1	jhajodiyaa:1	jhanjodiaa:1
ਝੰਡ	jhand:2	chandd:1	chhand:1
ਝੰਡਾ	jhanda:2	chanda:1	chandda:1
ਝੰਡਾਬਰਦਾਰ	jhandabardar:2	chandabardaar:1	chanddabardaar:1
ਝੰਡਿਆਂ	chandeyan:1	channdean:1	jhandiaan:1	jhandiyaan:1
ਝੰਡੀ	jhandi:2	chandi:1	channdi:1
ਝੰਡੀਆਂ	chandiyan:2	jhandiaan:2	jhandiyaan:2	chandian:1
ਝੰਡੂਕੇ	jhanduke:2	chanduke:1	channduke:1	jhanduqe:1
ਝੰਡੇ	jhande:2	chande:1	channde:1
ਝੱਖੜ	chakhar:1	jhakhadh:1	jhhakhad:1
ਝੱਗ	jhag:2	jhhag:1
ਝੱਜਰ	jhajar:2	jhajjar:2
ਝੱਟ	jhat:1	jhatt:1	jhhat:1
ਝੱਲਣ	jhalanh:1	jhallan:1	jhallanh:1
ਝੱਲਣਾ	jhalnha:2	jhallna:1
ਝੱਲਣੀ	jhalnhi:2	jhallni:1
ਝੱਲਣੇ	jhallne:1	jhallnhe:1	jhalnhe:1
ਝੱਲਦੇ	jhallde:2	jhalde:1
ਝੱਲਾ	jhalla:2	jhala:1
ਝੱਲਿਆ	jhaliya:1	jhallia:1	jhalliaa:1
ਝੱਲੀ	jhalli:2	jhali:1
ਝੱਲੀਆਂ	jhaliyan:1	jhalliaan:1	jhallian:1
ਝੱਸ	jhas:1	jhass:1	jhhas:1
ਟਕਰਾ	takra:5
ਟਕਰਾਉ	takraau:1	takrao:1	takrau:1	takrayo:1
ਟਕਰਾਉਂਦੀਆਂ	takraaundiyaan:1	takraoondiaan:1	takraoundeeaan:1	takraundian:1
ਟਕਰਾਉਂਦੇ	takraunde:2	takraaunde:1	takraoonde:1
ਟਕਰਾਉਣ	takraaun:1	takraoun:1	takraun:1
ਟਕਰਾਓ	takraau:1	takrao:1	takrau:1
ਟਕਰਾਰ	takrar:2	takrah:1
ਟਕਰਾਵਾਂ	takravan:3
ਟਕਸਾਲ	taksal:3	taksaal:1
ਟਕਸਾਲੀ	taksali:3	taksaali:1
ਟਕਾ	taka:4	takaa:1	taqa:1	taqaa:1
ਟਕੇ	tack:1	tacq:1	taik:1	taiq:1
ਟਕੋਰ	takor:3
ਟਨ	tan:4	ton:1	tun:1
ਟਪਕ	tapak:3
ਟਮਾਟਰ	tamatar:2	tamaatar:1
ਟਰਕੀ	tarki:2	taraki:1	tarkee:1	tarkey:1
ਟਰਨ	taran:1	tarn:1	trn:1	turn:1
ਟਰਨਰ	tarnar:1	tarner:1	turnar:1	turner:1
ਟਰਫ	taraf:2	trf:1
ਟਰਬਾਈਨ	turbine:2	trbaeen:1
ਟਰਮ	taram:2	trm:1
ਟਰਮਿਨਲ	terminal:2	tarminal:1	trminal:1	turminal:1
ਟਰਮੀਨਲ	terminal:3	trminal:1
ਟਰਮੀਨੇਟਰ	terminator:3	termeenator:1	terminetar:1	terminetor:1
ਟਰਾਂਸਜੈਂਡਰ	transgender:3
ਟਰਾਂਸਪੋਰਟ	transport:2	transporat:1
ਟਰਾਂਸਫਰ	transfer:4
ਟਰਾਂਸਮਿਸ਼ਨ	transmission:3
ਟਰਾਟਸਕੀ	trotshkei:1	trotshki:1	trotshky:1	trotskei:1
ਟਰਾਫ਼ੀ	tarafee:1	tarafi:1	trafi:1	trophey:1
ਟਰਾਫੀ	trophy:3	trafi:1	traphee:1	traphy:1
ਟਰਾਮਾ	tarama:1	trama:1	trauma:1
ਟਰਾਲੀ	tarali:2	trali:2	tralee:1	trolee:1
ਟਰਾਲੀਆਂ	tralian:2	taraliyaan:1	traleean:1	troleyan:1
ਟਰੀ	tari:3	taree:1
ਟਰੁੱਪ	troop:2	trupp:1
ਟਰੂਡੋ	trudo:3	troodo:1
ਟਰੂਮੈਨ	trueman:2	truman:1
ਟਰੇਨਾਂ	trainan:3
ਟਰੇਲ	trail:1	traill:1	tral:1	trel:1
ਟਰੇਸਾ	taresa:1	teresa:1	traysa:1
ਟਰੇਸੀ	taresee:1	taresi:1	trayc:1
ਟਰੈਕ	taraika:1	track:1	tracq:1	traeck:1
ਟਰੈਕਟਰ	tractor:3	tractar:1	traektar:1	traektor:1
ਟਰੈਕਟਰਾਂ	tracktran:1	tractoraan:1	tractoran:1
ਟਰੈਕਾਂ	trackaan:1	traikan:1	trekaan:1
ਟਰੈਕਿੰਗ	trackin:1	tracking:1	tracqing:1	traickin:1
ਟਰੈਫਿਕ	traffic:2	tarifik:1
ਟਰੋਜਨ	trojan:1	trojen:1	trojn:1	trozen:1
ਟਰੱਕ	track:1	truck:1	trukk:1
ਟਰੱਸਟ	trust:3
ਟਰੱਸਟੀ	trastee:1	trasti:1	trustee:1	trusti:1
ਟਰੱਸਟੀਆਂ	taraastiaan:1	tarastian:1	trustiaan:1
ਟਲ	tal:2	tl:1
ਟਲਣਾ	talnna:2	tlna:1
ਟਵਿਟਰ	twiter:2	twitter:1
ਟਵਿੰਕਲ	twinkle:2	twinkl:1
ਟਵਿੱਟਰ	twiter:2	twitter:2	tewitter:1	twitar:1
ਟਹਿਣਾ	tahina:2	tehana:1	tehna:1
ਟਹਿਲ	tahil:3	tehal:1
ਟਾਂਕਾ	tanka:2	taanka:1
ਟਾਂਕੇ	taankay:1	taanke:1	taankey:1	tanke:1
ਟਾਂਗ	taang:2	tang:1
ਟਾਂਗਾ	tanga:2	taanga:1
ਟਾਂਗੇ	taange:1	tangay:1	tange:1	tangey:1
ਟਾਂਡਾ	taanda:2	tanda:1
ਟਾਂਵਾਂ	taanva:1	taanwa:1	tanvan:1	tanwan:1
ਟਾਇਗਰ	tiger:2	taiger:1
ਟਾਇਟਨ	taitan:1	taitana:1	titaan:1	titan:1
ਟਾਇਮਸ	taaims:1	taaimsh:1	taems:1	taimes:1
ਟਾਇਲਟ	toilet:2	taailet:1	taelet:1	taelt:1
ਟਾਇਲਾਂ	tailan:1	tileaan:1	tylan:1
ਟਾਈ	taai:1	tai:1	tie:1
ਟਾਈਗਰ	taiger:1	tigar:1	tiger:1
ਟਾਈਟਨ	taitan:2	titan:1
ਟਾਈਟੇਨੀਅਮ	titanium:2	taitanium:1
ਟਾਈਟੈਨਿਕ	titanic:2	taitanic:1
ਟਾਈਪਰਾਈਟਰ	typewriter:2	typraitr:1
ਟਾਈਪਿੰਗ	typing:3
ਟਾਈਮਜ਼	times:2	taiimj:1
ਟਾਈਮਸ	times:2	taimus:1
ਟਾਈਮਿੰਗ	timing:1	timming:1	tyming:1
ਟਾਈਮੋਰ	taaimor:1	taaimore:1	taemore:1	taimor:1
ਟਾਈਲਰ	taieelar:1	taiilar:1	tailer:1	tyler:1
ਟਾਈਲਾਂ	taieelan:1	taiilan:1	taila:1	tailaan:1
ਟਾਊਨ	town:3
ਟਾਊਨਸ਼ਿਪ	taaunshhip:1	taaunship:1	taaunsip:1	taunashipa:1
ਟਾਕ	taak:3	tak:2	talk:2	taalk:1
ਟਾਕਰੇ	taakray:1	taakre:1	takare:1	takre:1
ਟਾਕੀਆ	takia:2	takiya:2	takiaa:1
ਟਾਕੀਜ਼	takeez:2	talkies:2	taakiz:1	takiz:1
ਟਾਟ	taat:2	tat:2
ਟਾਟਾ	tata:4	taata:1	taataa:1	tataa:1
ਟਾਡ	taad:2	tadd:1	toad:1	tod:1
ਟਾਪ	top:3	taap:2	tap:2	taup:1
ਟਾਪੂ	tapu:2	tapoo:1	tapuu:1
ਟਾਪੂਆਂ	taapuan:1	taapuyan:1	tapuaan:1	tapuan:1
ਟਾਮ	tam:3	tom:3	taam:1	tomm:1
ਟਾਰਕ	taarak:1	tarak:1	tark:1
ਟਾਰਗੇਟ	target:3
ਟਾਰਜ਼ਨ	tarzan:2	taarzan:1	tarjan:1	tarzen:1
ਟਾਲ	taal:3	tall:1
ਟਾਲਣ	taalan:2	talann:1
ਟਾਲਸਟਾਏ	tolstoy:2	taalstaye:1	talstaye:1	tolstoye:1
ਟਾਵਰ	taavar:1	taawaar:1	taawar:1	taawer:1
ਟਾਵਰਾਂ	taavran:1	taawran:1	tavaran:1	tawran:1
ਟਾਵਾਂ	taava:1	taawa:1	tanwan:1	tavan:1
ਟਾਹਣ	tahan:1	tahann:1	tahn:1
ਟਾਹਣੀ	taahni:1	taahnni:1	tahnee:1	tahni:1
ਟਾਹਣੀਆਂ	tahnian:2	tahniyan:2	taahnniaan:1
ਟਾਹਲੀ	tahli:2	taahli:1
ਟਾਹਲੀਆਂ	tahlian:2	tahliaan:1	tahliyan:1
ਟਿਊਨੀਸ਼ੀਆ	tunishia:2	tueneshia:1	tuenesia:1	tuenesiia:1
ਟਿਕਟ	ticket:4	tiket:2	tikat:1	tikket:1
ਟਿਕਟਾਂ	tiktan:2	ticketan:1	tiktaan:1
ਟਿਕਟਿਕੀ	tiktiki:2	tikatikee:1
ਟਿਕਣ	tikan:2	tikann:2
ਟਿਕਣਾ	tikana:2	tikna:1	tiknna:1
ਟਿਕਦੀ	tikadi:2	tikdi:1
ਟਿਕਾ	tika:3
ਟਿਕਾਇਆ	tikaia:1	tikaiaa:1	tikaiiaa:1	tikayia:1
ਟਿਕਾਈ	tikai:2	tikaee:1	tikaieee:1	tikaii:1
ਟਿਕਾਊ	tikaoo:2	tikao:1	tikau:1
ਟਿਕਾਣਾ	tikana:2	tikaana:1	tikanna:1
ਟਿਕਾਣਿਆਂ	tikaniaan:2	tikanian:2	tikaniyan:2	tikanniaan:2
ਟਿਕਾਣੇ	tikane:2	tikanay:1	tikanne:1
ਟਿਕਿਆ	tikiaa:2	tikia:1	tikiya:1
ਟਿਕੀ	tiki:4	tikee:2	tiikee:1	tiikii:1
ਟਿਕੇ	tike:2	tikey:1
ਟਿਪ	tip:1	tipa:1	tipp:1
ਟਿਪਣੀ	tipanee:1	tipani:1	tipni:1
ਟਿਪਣੀਆਂ	tipniaan:1	tipnian:1	tipnniaan:1
ਟਿਮ	tim:3	team:1	timm:1
ਟਿਮੋਥੀ	timothi:2	timokhi:1
ਟਿਲ	til:3
ਟਿਵਾਣਾ	tiwanna:2	tivana:1
ਟਿਸ਼ੂ	tishoo:1	tishu:1	tissue:1
ਟਿਸ਼ੂਆਂ	tishuan:1	tishuyan:1	tissuean:1	tisuaan:1
ਟਿਹਰੀ	tiharee:1	tihari:1	tihree:1	tihri:1
ਟਿੱਕ	tikk:3	tik:2	tick:1
ਟਿੱਕਾ	tikka:4	tika:1	tikaa:1	tikkaa:1
ਟਿੱਕੀ	tiki:2	tikkee:1	tikki:1
ਟਿੱਚਰ	teacher:2	tichar:2	tichher:1
ਟਿੱਡਾ	tida:2	tidda:1
ਟਿੱਪਣੀ	tipani:1	tipni:1	tippanee:1
ਟਿੱਪਣੀਆਂ	tipnian:2	tippniaan:2	tappnniaan:1	tippnniaan:1
ਟਿੱਪਣੀਕਾਰ	tipnikar:1	tippanikar:1	tippnnikar:1
ਟਿੱਪਣੀਕਾਰਾਂ	tipnikaran:1	tippanikaran:1	tippnnikaran:1
ਟਿੱਪੀ	tippi:2	tipi:1
ਟਿੱਬਾ	tibba:2	tiba:1
ਟਿੱਬੀ	tibbee:1	tibbi:1	tibi:1
ਟਿੱਲ	till:2	til:1
ਟਿੱਲਾ	tilla:2	tila:1
ਟਿੱਲੇ	tille:2	tile:1
ਟੀਕਾ	teeka:2	tika:1
ਟੀਕਾਕਰਣ	tikakaran:2	teekakarann:1
ਟੀਕਾਕਾਰ	tikakar:2	teekakar:1
ਟੀਕਾਕਾਰਾਂ	teekakaran:2	tikakaran:2
ਟੀਕਿਆਂ	tikiaan:2	teekiaan:1	teekian:1
ਟੀਕੇ	teeke:2	tike:2
ਟੀਚਰ	teacher:3
ਟੀਚਰਜ਼	teachers:3	teacherz:1
ਟੀਚਰਾਂ	teacheran:3
ਟੀਚਾ	ticha:2	teecha:1
ਟੀਚਿਆਂ	tichiaan:2	teachiaan:1	teechiaan:1	teechian:1
ਟੀਚੇ	tiche:2	teache:1	teeche:1
ਟੀਟੂ	titu:2	teetu:1	titoo:1
ਟੀਨ	tin:4	teen:3	tiin:2	tean:1
ਟੀਨਾ	teena:3	tina:3	teenaa:1	tiina:1
ਟੀਪੂ	teepu:2	tipu:2	tipoo:1
ਟੀਮਾਂ	teeman:2	timan:2
ਟੀਲਾ	teela:2	tila:2
ਟੀਸੀਆਂ	tisian:2	teeseeaan:1	teesian:1
ਟੀਹਰੀ	teehri:1	tiharee:1	tihri:1
ਟੁਕ	tuk:2	took:1
ਟੁਕੜਾ	tukada:1	tukda:1	tukra:1
ਟੁਕੜਿਆਂ	tukadian:2	tukriaan:2	tukadiaan:1	tukdiaan:1
ਟੁਕੜੀ	tukadi:2	tukri:1
ਟੁਕੜੀਆਂ	tukadian:1	tukdiaan:1	tukriaan:1
ਟੁਕੜੇ	tukade:3	tukre:2	tukadey:1	tukde:1
ਟੁਟ	tut:2	toot:1
ਟੁਟਣ	tutan:2	tootan:1
ਟੁਟਦੇ	tutde:2	tutade:1
ਟੁਟਿਆ	tutia:1	tutiaa:1	tutiyaa:1
ਟੁਟੇ	tute:3
ਟੁਨਾ	tuana:1	tuna:1	tunaa:1	tune:1
ਟੁਰ	tur:2	toor:1
ਟੁਰਦਾ	turda:3
ਟੁਰਨ	turan:3
ਟੁਰਿਆ	turiaa:2	turiyaa:1
ਟੁਰੀ	turi:2	turee:1
ਟੁੰਡ	tund:3
ਟੁੰਡਾ	tunda:3
ਟੁੰਡੇ	tunde:3
ਟੁੰਬ	tumb:2	tunab:1
ਟੁੰਬਦਾ	tumbada:1	tumbda:1	tunbada:1
ਟੁੰਬਵਾਂ	bumavan:1	tumbvan:1	tunbavan:1
ਟੁੱਕ	tukk:2	took:1
ਟੁੱਕਣ	tukkan:3
ਟੁੱਕੜਾ	tukkada:2	tukkra:2
ਟੁੱਕੜੀ	tukkadi:2	tukkri:1
ਟੁੱਟ	tutt:3
ਟੁੱਟਣ	tuttan:2	toottan:1
ਟੁੱਟਣਾ	tuttana:2	tuttna:1
ਟੁੱਟਣੀ	tuttani:2	tuttni:1
ਟੁੱਟਦਾ	tuttda:2	tutadaa:1
ਟੁੱਟਦੀ	tuttadee:1	tuttadi:1	tuttdi:1
ਟੁੱਟਦੀਆਂ	tuttdiaan:2	tuttdiyaan:1
ਟੁੱਟਦੇ	tuttde:2	tutade:1
ਟੁੱਟਵੇਂ	tutaven:1	tuttven:1	tutven:1
ਟੁੱਟਿਆ	tuttiaa:2	tuttiyaa:1
ਟੁੱਟੀ	tutti:3
ਟੁੱਟੇ	tutte:2	tuttey:1
ਟੂਕ	tuk:2	took:1
ਟੂਕਾਂ	tookan:2	tukan:2
ਟੂਟੂ	tutu:3	tootoo:2	tootu:1	tootuu:1
ਟੂਡੇ	today:2	tude:1
ਟੂਣਾ	tuna:2	toona:1
ਟੂਣਿਆਂ	tooniaan:1	tuniaan:1	tuniyaan:1
ਟੂਣੇ	tune:2	toone:1
ਟੂਣੇਹਾਰੀ	tunehari:2	toonehari:1
ਟੂਮਾਂ	tooman:2	tuman:2
ਟੂਰ	taur:1	toar:1	toor:1	tour:1
ਟੂਰਨਾਮੈਂਟ	toornament:6	tournament:2
ਟੂਲਿਪ	tulip:2	toolip:1
ਟੂਸੇ	tuse:2	toosey:1
ਟੇਕ	take:2	tek:2	teq:1
ਟੇਕਣ	tekan:2	taken:1	tekann:1	tekken:1
ਟੇਕਦੇ	tekde:3
ਟੇਕਨ	taken:2	tekan:2
ਟੇਕਿਆ	tekia:1	tekiaa:1	tekiyaa:1
ਟੇਡ	ted:4	taed:1	taeed:1	teed:1
ਟੇਡੇ	tede:3
ਟੇਢਾ	tedha:3
ਟੇਢਾਪਣ	tedhapan:2	tedhapann:1
ਟੇਢੀ	tedhi:3
ਟੇਬਲ	table:3
ਟੇਬਲੈੱਟ	tablet:3	tabalait:1
ਟੇਰੇਲ	tarrell:1	teerreell:1	terrel:1	terrell:1
ਟੇਰੇਸਾ	teresa:3	tareca:1	taresa:1	taresaa:1
ਟੇਲਰ	tailor:1	taylor:1	telar:1	telor:1
ਟੇਲਰਿੰਗ	tailoring:3
ਟੇਸਲਾ	tesla:2	tesala:1
ਟੈਂਕ	tank:3
ਟੈਂਕਰਾਂ	tankaran:2	tankran:1
ਟੈਂਕਾਂ	tankan:2	tenkan:1
ਟੈਂਕੀ	tanki:2	tanky:1	tenkee:1
ਟੈਂਸ਼ਨ	tension:3
ਟੈਕਨੀਸ਼ੀਅਨ	technician:3	taiknishiana:1
ਟੈਕਨੋਲਾਜੀ	technology:2	taiknolaji:1	technolagy:1
ਟੈਕਨੋਲੋਜੀ	technology:3	taiknoloji:1
ਟੈਕਸ	taks:2	teks:2	taeksh:1	taeqs:1
ਟੈਕਸਟ	text:2	taiksat:1	tecsat:1	teksat:1
ਟੈਕਸਸ	taiksas:1	taxes:1	texas:1
ਟੈਕਸਾਨੋਮੀ	taksonomy:1	taxonomi:1	taxonomy:1	taxoonoomy:1
ਟੈਕਸਾਸ	teksaas:2	texas:2	taiksas:1	techsas:1
ਟੈਕਸੀਆਂ	taxiaan:2	taikseea:1
ਟੈਗ	taeg:1	tag:1	taig:1
ਟੈਗੋਰ	tagore:2	taigor:1
ਟੈਟ	tait:3	tet:2	taet:1	tat:1
ਟੈਟੂ	tattoo:4	taitu:1	taituu:1	tattaa:1
ਟੈਡੀ	teddy:2	taidee:1	taidi:1	tedi:1
ਟੈਨਿਸ	tennis:4	tainis:1	tenis:1	tennish:1
ਟੈਨਿਸੀ	taiinnessee:1	tainneshshee:1	tainnessee:1	tainnessii:1
ਟੈਬਲੇਟ	tablet:3	taibalet:1
ਟੈਰ	tyre:2	tair:1	tar:1
ਟੈਰਿਫ	tariff:2	tarrif:2	taarif:1	taerif:1
ਟੈਰੀ	tarry:2	teri:2	terry:2	taeree:1
ਟੈਰੇਸ	terrace:2	tarrace:1
ਟੈਲੀ	tele:3	taiil:1	taiillee:1	taiilley:1
ਟੈਲੀਕਾਮ	telecom:1	teleekom:1	telekom:1	telicom:1
ਟੈਲੀਕਾਸਟ	telecast:2	telicast:1
ਟੈਲੀਗ੍ਰਾਫ	telegraaf:1	telegraaph:1	telegraph:1
ਟੈਲੀਵਿਜ਼ਨ	television:2	televison:1
ਟੈਲੀਵੀਜ਼ਨ	television:3
ਟੈਸਟ	test:4	taesht:1	taest:1	taisat:1
ਟੈਸਟਰ	tashtor:1	tastor:1	teshter:1	teshtor:1
ਟੈਸਟਾਂ	taista:1	testa:1	testaan:1	testan:1
ਟੈਸਟਾਮੈਂਟ	testament:3	taistamaint:1
ਟੈਸਟਿੰਗ	testing:4	taisting:1	teshting:1	testin:1
ਟੈੱਕ	taik:2	taek:1	takk:1	tech:1
ਟੋਆ	toaa:2	toya:1
ਟੋਇਟਾ	toyota:3	toita:2	toeta:1	toitaa:1
ਟੋਏ	toe:2	toye:1
ਟੋਕ	tok:3	talk:1
ਟੋਕਨ	takan:1	taken:1	tokan:1	tokana:1
ਟੋਕਰਾ	tokra:3
ਟੋਕਰੀ	tokri:2	tokari:1
ਟੋਕਰੀਆਂ	tokriaan:2	tokariyan:1
ਟੋਕੀਉ	tokio:1	tokiu:1	tokiyo:1	tokyo:1
ਟੋਕੀਓ	tokio:2	tokyo:1
ਟੋਗੋ	tago:1	tagoo:1	togo:1	toogoo:1
ਟੋਟਕਾ	totka:3
ਟੋਟਕੇ	totke:2	totkay:1
ਟੋਟਲ	total:4	tootal:1	tootale:1	tootul:1
ਟੋਟਾ	tota:3
ਟੋਟਿਆਂ	totiaan:2	toteyan:1
ਟੋਟੇ	tote:3
ਟੋਡਰ	todar:1	toddar:1	toder:1
ਟੋਡਰਪੁਰ	todarpur:1	toddarpur:1	toderpur:1
ਟੋਡਰਮਲ	todarmal:2	todermal:1
ਟੋਡਾ	toda:2	todda:1
ਟੋਨੀ	toni:3	tony:2	tonii:1	toonii:1
ਟੋਪ	toop:1	toope:1	tooppe:1	top:1
ਟੋਪੀ	topi:3
ਟੋਪੀਆਂ	topiaan:2	topiyan:1
ਟੋਪੇ	tope:3
ਟੋਫ਼ੂ	tofu:3
ਟੋਬੈਗੋ	tobago:2	tobaeho:1	tobego:1
ਟੋਭਾ	tobha:3
ਟੋਭਿਆਂ	tobhiaan:2	tobheyan:1
ਟੋਭੇ	tobhe:3
ਟੋਮ	tom:3
ਟੋਮਬਏ	tambuoi:1	tambuooy:1	tambuoy:1	tomboi:1
ਟੋਰ	tor:2	torh:1
ਟੋਰਟ	tart:1	toart:1	tooart:1	toort:1
ਟੋਰਾਂਟੋ	toranto:2	toronto:1
ਟੋਰੀ	tori:3	tooree:1	toorii:1	toory:1
ਟੋਰੰਟੋ	toronto:4	toranto:1	torunto:1
ਟੋਲ	toll:3	tol:2	tal:1	tall:1
ਟੋਲਦਾ	tolda:2	tolada:1
ਟੋਲਾ	tola:3
ਟੋਲਿਆਂ	toleyan:1	toliaan:1	tolian:1
ਟੋਲੀ	toli:3
ਟੋਲੀਆਂ	toliaan:1	tolian:1	toliyan:1
ਟੋਲੇ	tole:3
ਟੌਮ	tom:3	taum:1
ਟੌਸ	toss:3	taus:1
ਟੌਹਰ	tohar:2	tauhar:1
ਟੌਹੜਾ	tauhada:1	tauhda:1	tauhra:1	tohra:1
ਟ੍ਰਾਂਸਪੋਰਟ	transport:4	trancepoort:1	tranceport:1	transhport:1
ਟ੍ਰਾਂਸਫਾਰਮਰ	transformer:2	transformar:1
ਟ੍ਰਾਈ	try:2	traee:1	trai:1
ਟ੍ਰਿਪਲ	triple:3
ਟ੍ਰਿਬਿਉਨ	tribune:3
ਟ੍ਰਿਬਿਊਨ	tribune:6
ਟ੍ਰਿਬਿਊਨਲ	tribiunal:1	tribunal:1	tribyunal:1
ਟ੍ਰੀ	tree:1	tri:1	trii:1
ਟ੍ਰੇਡ	trade:2	tread:1
ਟ੍ਰੇਡਮਾਰਕ	tradeemarc:1	tradeemark:1	tradeemarkee:1	trademarc:1
ਟ੍ਰੇਨ	train:4	trane:1	tranee:1	treen:1
ਟ੍ਰੇਨਰ	trainar:1	traineer:1	trainer:1	trainnar:1
ਟ੍ਰੇਨਿੰਗ	training:3
ਟ੍ਰੇਸੀ	tracy:2	traceei:1	traceey:1	tracei:1
ਟ੍ਰੈਕ	track:3
ਟ੍ਰੈਕਟ	tract:3	trackt:2	tracktt:1	tracqt:1
ਟ੍ਰੈਫਿਕ	traffic:4	traeffik:1	traeffiq:1	traefik:1
ਟੰਗ	tang:1	tongue:1	tung:1
ਟੰਗਾਂ	tangan:3
ਟੰਗਿਆ	tangiaa:2	tangeya:1
ਟੰਗੀ	tangi:3
ਟੰਗੇ	tange:3
ਟੰਡਨ	tandan:1	tanddan:1	tandon:1
ਟੱਕ	tak:1	takk:1	ttak:1	tuck:1
ਟੱਕਰ	takkar:7	ttakar:2	tacker:1	takar:1
ਟੱਕਰਾਂ	takkran:2	takran:1
ਟੱਟੀ	tatti:2	tati:1	tattee:1
ਟੱਟੀਆਂ	tattiaan:2	tatian:1	tatteeaan:1
ਟੱਪ	tapp:2	tap:1
ਟੱਪਣ	tapan:1	tappan:1	tappann:1
ਟੱਪਣਾ	tapna:1	tappna:1	tappnna:1
ਟੱਪਦੀਆਂ	tappdiaan:2	tapdian:1	tappdeeaan:1
ਟੱਪਦੇ	tappde:2	tapde:1
ਟੱਪਰ	tapar:1	tappar:1	tupper:1
ਟੱਪਰੀਵਾਸ	tapprivas:1	tappriwas:1	taprivas:1
ਟੱਪਾ	tappa:2	tapa:1
ਟੱਪਿਆ	tapia:1	tappia:1	tappiaa:1
ਟੱਪਿਆਂ	tappiaan:2	tapian:1
ਟੱਪੀ	tappi:2	tapi:1	tappee:1
ਟੱਪੇ	tappe:2	tape:1
ਟੱਬ	tab:2	tabb:2	tub:2	taba:1
ਟੱਬਰ	tabbar:2	tabar:1
ਟੱਲ	tall:2	tll:1
ਟੱਲੀਆਂ	talliaan:1	tallian:1	tlliyan:1
ਠਕਰਾਲ	thakral:2	thhakraal:1	thhakral:1
ਠਗ	thag:2	thhag:1
ਠਠਿਆਰ	thathiar:2	thathiaar:1
ਠਰ	thar:7
ਠਰੀ	thai:1	tharee:1	thari:1
ਠਹਰਿਆ	thahria:2	thereya:1
ਠਹਿਰ	thahir:2	ther:1
ਠਹਿਰਣ	thahiran:2	theran:1
ਠਹਿਰਨ	thahiran:2	theran:1
ਠਹਿਰਨਾ	thahirana:1	thahirna:1	therna:1
ਠਹਿਰਾ	thahira:2	thera:1
ਠਹਿਰਾਇਆ	thahiraia:2	thahiraiaa:2	therayeya:2
ਠਹਿਰਾਉ	thahirau:2	therau:1
ਠਹਿਰਾਉਂਦਾ	thahiraunda:2	theraunda:1
ਠਹਿਰਾਉਂਦੇ	thahiraunde:2	theraunde:1
ਠਹਿਰਾਉਣਾ	thahirauna:2	theraun:1
ਠਹਿਰਿਆ	thahiria:2	thhehiriya:1	thhehreya:1
ਠਹਿਰੀ	thahiri:2	thhehiree:1	thhehiri:1
ਠਾਕ	thaak:3	thak:2
ਠਾਕਰ	thakar:4
ਠਾਕੁਰ	thakur:6	thaakur:1	thakuur:1
ਠਾਠ	thaath:2	thath:2
ਠਾਠਾਂ	thathan:3
ਠਾਣ	thaan:2	thad:1	than:1
ਠਾਣੇ	thaane:3	thane:3	thaney:1
ਠਾਣੇਦਾਰ	thanedar:2	thaanedar:1	thadedar:1
ਠਿਕਾਣਾ	thikana:3
ਠਿਕਾਣੇ	thikaane:1	thikade:1	thikane:1
ਠਿਕਾਨੇ	thikane:3	thikaane:1
ਠਿੱਠ	thith:1	thithh:1	thitth:1
ਠੀਕ	thik:3	theek:2
ਠੀਕਰੀਵਾਲਾ	thikariwala:1	thikrivala:1	thikriwala:1
ਠੁਕਰਾ	thukra:4
ਠੁਕਰਾਲ	thukral:3
ਠੁੱਡਿਆਂ	thhuddiyan:1	thuddian:1	thudian:1
ਠੂਠੀ	thuthi:2	thuthee:1
ਠੇਕਾ	theka:3
ਠੇਕੇ	theke:3
ਠੇਕੇਦਾਰ	thekedar:2	thekdar:1
ਠੇਕੇਦਾਰਾਂ	thekedaran:3
ਠੇਕੇਦਾਰੀ	thekedari:3
ਠੇਠ	theth:3
ਠੇਸ	thes:3
ਠੋਕ	thok:3
ਠੋਕਣ	thokan:3
ਠੋਕਰ	thokar:3
ਠੋਕਿਆ	thokia:3
ਠੋਡੀ	thodi:2	thodee:1
ਠੋਸ	thos:3
ਠੋਸਣ	thosan:2	thosd:1
ਠੰਡ	thand:3
ਠੰਡਕ	thandak:3
ਠੰਡਾ	thanda:3
ਠੰਡੀ	thandee:2	thandi:1
ਠੰਡੀਆਂ	thandeean:2	thandian:1
ਠੰਡੇ	thande:2	thandey:1
ਠੰਢਕ	thandak:2	thandhak:1
ਠੰਢਾ	thanda:2	thandha:1
ਠੰਢੀ	thandi:2	thandhi:1
ਠੰਢੇ	thande:1	thandhe:1	thndhe:1
ਠੰਢੜੀ	thandadi:2	thandari:1	thanddi:1
ਠੱਕ	thak:1	thakk:1	thhak:1
ਠੱਕਰ	thakar:1	thakkar:1	thhakkar:1
ਠੱਗੀ	thaggi:1	thagi:1	thhaggee:1	thhaggi:1
ਠੱਠਾ	thatha:2	thatthaa:1
ਠੱਠੀਆਂ	thathian:2	thatthian:1
ਠੱਠੇ	thathe:2	thatthe:1
ਠੱਪਾ	thappa:2	thapa:1
ਠੱਲ	thaal:1	thal:1	thhal:1
ਡਕਵਰਥ	duckworth:2	dkvrth:1
ਡਕਾਰ	dakar:3	dakaar:2	daakaar:1	daqaar:1
ਡਕੈਤ	dakait:2	dkaet:1
ਡਕੈਤੀ	dakaeti:1	dakaiti:1	dkaeti:1
ਡਕੋਟਾ	dakota:2	dkota:1
ਡਕੋਤਾ	dakota:2	dkota:1
ਡਗਲਸ	daglas:2	dauglas:1	dgls:1	doaglas:1
ਡਗੇ	dage:1	dagey:1	dge:1
ਡਚ	dach:1	dch:1	dutch:1
ਡਟ	dat:1	dt:1	dut:1
ਡਟਕੇ	datake:1	datke:1	dtke:1
ਡਟਿਆ	datia:2	dtia:1
ਡਟੇ	datey:2	dte:1
ਡਨ	done:3	dan:1	dn:1	doon:1
ਡਨਡੀ	dunde:1	dundee:1	dundii:1	dundy:1
ਡਫਲੀ	dafli:1	daphalee:1	dfli:1
ਡਬ	dub:2	db:1
ਡਬਲਰੋਟੀ	dabalroti:1	dblroti:1	doubleroti:1
ਡਬਲਿਨ	dublin:2	dblin:1
ਡਬੋ	dabo:1	dbo:1	dhabo:1
ਡਬ੍ਲਿਨ	dooblin:1	dublin:1	dueblin:1
ਡਮ	dam:1	dham:1	dm:1
ਡਮਰੂ	damru:1	dhamru:1	dmroo:1
ਡਰ	daar:4	dhar:1	dr:1
ਡਰਕੇ	darke:1	dharke:1	drke:1
ਡਰਟੀ	dhartti:1	dirty:1	drty:1
ਡਰਦਾ	darda:1	dharda:1	drda:1
ਡਰਦਿਆਂ	dardiyaan:1	dhardiyan:1	drdian:1
ਡਰਦੀ	dardi:1	dhardi:1	drdi:1
ਡਰਦੇ	darde:1	dharde:1	drde:1
ਡਰਨ	daran:1	dharan:1	drn:1
ਡਰਨਾ	darna:1	dharna:1	drna:1
ਡਰਬਨ	darban:2	dharban:1	drbn:1	durban:1
ਡਰਮ	drum:2	dharam:1	drm:1
ਡਰਾ	dra:3	dhara:1
ਡਰਾਇਆ	araiya:1	dharayiya:1	draia:1
ਡਰਾਇਵਰ	dharayivar:1	draivr:1	driver:1
ਡਰਾਇਵਰੀ	dharayivari:1	draivari:1	draivri:1
ਡਰਾਇੰਗ	dharaying:1	draing:1	drawing:1
ਡਰਾਈਵ	dharayiv:1	draiv:1	drive:1
ਡਰਾਈਵਰ	driver:3	dharayivar:2	draivr:2	daraivar:1
ਡਰਾਈਵਰਾਂ	draivran:3	dharayivaran:2	draivraan:1
ਡਰਾਈਵਰੀ	dharayivari:2	draivri:2	draivari:1
ਡਰਾਉਣ	draun:2	dharaunh:1
ਡਰਾਉਣਾ	darauna:1	dharaunha:1	drauna:1
ਡਰਾਉਣੀਆਂ	darauniyaan:1	dharaunhiyan:1	draunian:1
ਡਰਾਉਣੇ	daraune:1	dharaunhe:1	draune:1
ਡਰਾਫਟਸਮੈਨ	dharaftasman:1	draftsmaen:1	draftsman:1
ਡਰਾਫਟਿੰਗ	drafting:2	dhrafting:1
ਡਰਾਮਾ	drama:4	darama:1	dharama:1	draama:1
ਡਰਾਮੇ	drame:2	dharame:1
ਡਰਿਪ	dreep:1	driip:1	drip:1
ਡਰਿੰਕਸ	darinkas:1	dharinkas:1	drinks:1
ਡਰੀਏ	dariae:1	dariye:1	dhariye:1
ਡਰੇ	dare:2	dhare:1
ਡਰੈਕਟਰ	daractor:1	dhareykatar:1	director:1
ਡਰੋਨ	dahon:1	dharon:1	drone:1
ਡਰੋਲੀ	daholi:1	dalori:1	dharoli:1
ਡਰੱਗਜ਼	dargaj:1	dhargaz:1	drggz:1
ਡਲ	dal:2	dhal:1
ਡਲਹੌਜ਼ੀ	dalhauzi:2	dhalhozi:2	dalhousie:1
ਡਲੀਆਂ	dalia:1	daliyaan:1	dhaliyan:1
ਡਵੀਜ਼ਨ	davijan:1	davizon:1	dhavizan:1
ਡਵੀਜ਼ਨਲ	davijnal:1	daviznal:1	dhavizanal:1
ਡਸਕਾ	daska:2	dasca:1	dska:1
ਡਸਟਰ	duster:2	dstr:1
ਡਸਟਿਨ	dashtin:1	dastin:1	deshtin:1	destin:1
ਡਹਿ	dhi:2	dah:1	dahi:1	deh:1
ਡਾਂਗ	daang:3
ਡਾਂਗਾਂ	daangaan:1	daangan:1	dangan:1
ਡਾਂਸ	dance:3
ਡਾਂਸਰ	dancar:1	dancer:1	dansar:1	danser:1
ਡਾਂਸਰਾਂ	danceran:1	dancran:1	dansaran:1
ਡਾਂਸਿੰਗ	dancing:3
ਡਾਅਨ	daan:2	dhayan:1
ਡਾਇਗਨੋਸਟਿਕ	dhayignostik:1	diagnostic:1	dignostic:1
ਡਾਇਨਾ	daina:2	dhayina:1
ਡਾਇਨਾਸੋਰਾਂ	dainasoran:1	dhayinasoran:1	dinasoran:1
ਡਾਇਨਾਸੌਰ	dhayinasor:1	dinasaur:1	dinosaur:1
ਡਾਇਬਟੀਜ਼	dhayibtiz:1	diabatez:1	diabetes:1
ਡਾਇਬਿਟੀਜ	dhayibitij:1	diabetej:1	diabetes:1
ਡਾਇਬੀਟੀਜ਼	diabetes:2	dhayibitiz:1
ਡਾਇਰ	dair:2	daaiaar:1	daiar:1	daira:1
ਡਾਇਰੀ	daairy:1	daayari:1	daery:1	diari:1
ਡਾਇਰੈਕਟ	direct:3	dairect:1	dairekt:1	derect:1
ਡਾਇਰੈਕਟਰ	daairektaar:1	dairaikatara:1	dairektar:1	daireqtar:1
ਡਾਇਰੈਕਟਰਜ਼	dhayireykatarz:1	directors:1	directorz:1
ਡਾਇਰੈਕਟਰਾਂ	dhayirekatran:1	directoran:1	directran:1
ਡਾਇਰੈਕਟਰੀ	directory:3	daiirektary:1	dairektari:1	dairektary:1
ਡਾਇਰੈਕਟੋਰੇਟ	directorate:2	dhayirektorate:1
ਡਾਇਰੈਕਸ਼ਨ	direction:2	dhayirekshan:1
ਡਾਇਲਾਗ	dailag:1	dhayilag:1	dialog:1	dialogue:1
ਡਾਇਵਰਸਿਟੀ	diversity:2	dhayivarsiti:1
ਡਾਇਸ	dice:2	dhayis:1
ਡਾਇਸਪੋਰਾ	daispora:2	dhayispora:1
ਡਾਈ	deai:1	deaii:1	dee:1	dei:1
ਡਾਊਨਲੋਡ	download:3	dhaunlodh:1	doounlooad:1	doownlooad:1
ਡਾਕ	daak:1	dak:1	dhak:1
ਡਾਕਖਾਨਾ	dakakhana:1	dakhana:1	dhakkhana:1
ਡਾਕਘਰ	dakaghar:1	dakghar:1	dhakghar:1
ਡਾਕਟਰ	doctor:2	daktar:1	daktr:1	dhaktar:1
ਡਾਕਟਰਾਂ	dactaraan:1	daktran:1	dhakttaran:1
ਡਾਕਟਰੀ	daktri:1	dhakttari:1	doctari:1
ਡਾਕਟਰੇਟ	daktret:1	dhaktrett:1	doctorate:1
ਡਾਕਟੋਰਲ	docktrol:1	docqtrol:1	doctoral:1	doctrel:1
ਡਾਕੂ	daaku:1	dakoo:1	daku:1	dhaku:1
ਡਾਕੂਆਂ	dakooan:1	dakuan:1	dhakuyan:1
ਡਾਕੂਮੈਂਟ	dakoomaint:1	dhakumeyntt:1	document:1
ਡਾਕੂਮੈਂਟਰੀ	documantri:1	documantry:1	documentari:1	documentary:1
ਡਾਕੇ	daake:1	dake:1	dhake:1
ਡਾਗ	daag:1	dag:1	dhag:1	doag:1
ਡਾਚੀ	dachi:2	dhachi:1
ਡਾਟ	dat:3	daat:2	dhatt:1
ਡਾਟਾ	data:3	daataa:1	deta:1	dhatta:1
ਡਾਟੇ	daate:1	date:1	dhattey:1
ਡਾਡਾ	dada:2	dhadha:1
ਡਾਢਾ	dadha:2	dhadha:1
ਡਾਨ	dan:2	dhan:1	don:1
ਡਾਨਾ	dana:2	dhana:1
ਡਾਰ	daar:5	dar:5	darr:1	dhar:1
ਡਾਰਕ	dark:1	darke:1	darq:1	darqe:1
ਡਾਰਵਿਨ	daarvin:1	darvin:1	dharvin:1
ਡਾਰੀ	daari:3	daree:1	dhari:1
ਡਾਲਟਨ	daaltan:2	daalton:1	daltan:1	dalton:1
ਡਾਲਫਿਨ	dolfin:1	dolfine:1	dolphin:1	dolphine:1
ਡਾਲਰ	dollar:4	daalar:2	dalar:2	dallar:1
ਡਾਲਾ	daala:1	dala:1	dhala:1
ਡਾਲੀਆਂ	daalian:1	daaliyaan:1	daaliyan:1	dhaliyan:1
ਡਾਲੇ	daale:2	dhale:1
ਡਾਹ	dhah:2	daah:1
ਡਿਆਨਾ	diana:2	diyaana:1	diyana:1
ਡਿਊਕ	duke:3
ਡਿਊਟੀ	duty:2	dyutee:1	dyuti:1
ਡਿਏਗੋ	diego:2	dhiyego:1	diago:1	diega:1
ਡਿਕ	dick:2	dik:2	dhik:1	dikk:1
ਡਿਕਸਨ	dhikasan:1	dickson:1	dikson:1
ਡਿਗ	dig:2	dhigg:1
ਡਿਗਣ	digan:2	dhiganh:1
ਡਿਗਣਾ	digana:2	dhaganha:1	digna:1
ਡਿਗਦਾ	dhigada:1	digada:1	digda:1
ਡਿਗਦੀਆਂ	dhigariyan:1	digadiyaan:1	digdian:1	digdiyaan:1
ਡਿਗਦੇ	dhigde:1	digade:1	digde:1
ਡਿਗਰੀ	degree:1	degrii:1	digari:1	digree:1
ਡਿਗਰੀਆਂ	dhigariyan:1	digariyaan:1	digrian:1
ਡਿਗਿਆ	dhigya:1	digia:1	digiyaa:1
ਡਿਗੇ	dige:2	dhige:1
ਡਿਜ਼ਨੀ	disney:2	dhizani:1
ਡਿਜ਼ਾਇਨ	design:2	dhizayin:1
ਡਿਜ਼ਾਇਨਿੰਗ	designing:3	dhizayining:1
ਡਿਜ਼ਾਈਨਰ	designer:2	dezayinar:1	dhizayinar:1
ਡਿਜ਼ਾਈਨਰਾਂ	designaran:2	dezayinaran:1	dhizayinaran:1
ਡਿਜ਼ਾਈਨਾਂ	designan:2	dezayina:1	dhizayinan:1
ਡਿਜ਼ੀਟਲ	dizital:2	dezital:1	dhizital:1
ਡਿਜਾਇਨ	design:2	dhijayin:1
ਡਿਜਾਇਰ	degire:1	desire:1	dhijayir:1
ਡਿਜਿਟਲ	digital:2	degetal:1	dhijital:1
ਡਿਜੀਟਲ	digital:2	degital:1	dhijital:1
ਡਿਟੈਕਟਰ	detectar:1	detector:1	detektar:1
ਡਿਨਰ	dinar:1	diner:1	dinnar:1	dinner:1
ਡਿਪਰੈਸ਼ਨ	depression:2	deparaeshan:1	depraeshan:1	depressian:1
ਡਿਪਲੋਮਾ	diploma:3	dhiploma:1	dipaloma:1	diplomaa:1
ਡਿਪਲੋਮੇ	dhiplome:1	dipalome:1	diplome:1
ਡਿਪਲੋਮੈਟ	diplomait:2	diplomat:2	dhiplomayt:1	dipalomaet:1
ਡਿਪਾਰਟਮੇਂਟ	deparatameint:1	department:1	dhipartment:1	dipartment:1
ਡਿਫੈਂਸ	defence:1	dhifens:1	difains:1
ਡਿਲਿਵਰੀ	delivary:1	delivery:1	deliwery:1	dilivarii:1
ਡਿਲੀਵਰ	deliver:1	dhilivar:1	dilivr:1
ਡਿਲੀਵਰੀ	delivery:1	dhilivari:1	dilivri:1
ਡਿਵਾਈਨ	divine:2	divain:1
ਡਿਵਾਈਸ	device:1	dhivayis:1	divaiis:1
ਡਿਵਾਈਸਿਸ	devices:2	divaisis:1
ਡਿਵੀਜ਼ਨ	division:2	divizn:1
ਡਿਵੀਜ਼ਨਾਂ	divijanan:1	divisiona:1	divisionan:1	diviznan:1
ਡਿਵੈਲਪਮੈਂਟ	development:3	davelopment:1	dawelopment:1	devalopment:1
ਡਿਵੈਲਪਰ	develapar:1	developar:1	developer:1	devlapar:1
ਡਿਸਕ	disk:4	disq:2	desc:1	deshc:1
ਡਿਸਕਵਰੀ	discovery:2	dhiskavari:1
ਡਿਸਕਸ	discas:1	discass:1	discus:1	discuss:1
ਡਿਸਕਾਂ	diskan:2	dhiskan:1
ਡਿਸਕੋ	disco:1	discoo:1	disko:1	disqo:1
ਡਿਸਟਰਿਕਟ	dhistarikatt:1	distarikat:1	district:1
ਡਿਸਟੈਂਸ	distance:2	dhisttens:1
ਡਿਸਟ੍ਰਿਕਟ	district:2	dhistrikatt:1
ਡਿਸਪਲੇਅ	diisplay:1	diisple:1	diispleii:1	disapalea:1
ਡਿਸਪੈਂਸਰੀ	dispensary:3	dispensari:1
ਡਿਸ਼	dish:2	dhish:1
ਡਿਸੂਜ਼ਾ	disuza:2	dhusuza:1
ਡਿਸੂਜਾ	disuja:2	dhisuja:1
ਡਿੰਪਲ	dimple:1	dinpal:1	dinpl:1
ਡਿੱਗਣ	dhiganh:1	digan:1	diggan:1
ਡਿੱਗਣਾ	dhiganha:1	diggana:1	digna:1
ਡਿੱਗਦਾ	dhigada:1	digda:1	diggada:1
ਡਿੱਗਦੀ	dhigadi:1	digdi:1	diggadi:1
ਡਿੱਗਦੇ	dhigade:1	digde:1	diggade:1
ਡਿੱਗਾ	dhigaa:1	diga:1	digga:1
ਡਿੱਗਿਆ	ddiggiaa:1	dhigiya:1	digeya:1	diggiyaa:1
ਡਿੱਗਿਆਂ	dhigiyan:1	diggiyaan:1	digian:1
ਡਿੱਗੀ	dhiggi:1	diggi:1	digi:1
ਡਿੱਗੇ	dhige:1	dige:1	digge:1
ਡਿੱਠਾ	ddithha:1	dhitha:1	ditha:1
ਡਿੱਫਰੈਂਸ਼ੀਅਲ	dhifrenshiyal:1	differensial:1	diffrainshial:1
ਡਿੱਬੇ	dhibbe:1	dibbe:1	dibe:1
ਡੀਐਮਕੇ	diaimace:1	diaimake:1	diemke:1
ਡੀਐਸਪੀ	dsp:3	dispi:1
ਡੀਕੈਪਰੀਓ	dikaepreeo:1	dikaipario:1	dikaipariu:1
ਡੀਜਲ	diesel:2	dijal:1	dijl:1
ਡੀਜ਼ਲ	diesel:2	dizl:1
ਡੀਜਾਇਨ	design:1	desine:1	dijain:1
ਡੀਜੀਪੀ	dgp:2	dijipi:1
ਡੀਟੀ	diti:2	dt:2
ਡੀਡੀ	didi:2	deedee:1	didee:1
ਡੀਨ	dean:1	deen:1	den:1	diin:1
ਡੀਪ	deep:1	dip:1	dp:1
ਡੀਪਾਰਟਮੈਂਟ	dipartment:2	department:1
ਡੀਪੂ	dipu:3	deepu:1
ਡੀਮਡ	deemed:1	demud:1	dimad:1	dimd:1
ਡੀਲ	deal:4	deel:1	del:1	dele:1
ਡੀਵੀਡੀ	dvd:2	diwidi:1
ਡੀਸੀ	dc:2	dici:1	disi:1
ਡੁਗਡੁਗੀ	dugdugi:3
ਡੁਬ	dub:3	dubb:1
ਡੁਬਕੀ	dubki:2	dubaki:1
ਡੁਬਿਆ	dubia:2	dubea:1	dubiya:1
ਡੁਬੇ	dube:3
ਡੁਬੋ	dubo:3
ਡੁਬੋਇਆ	duboea:1	duboia:1	duboyea:1	duboyeya:1
ਡੁਲ੍ਹਦੇ	dulhde:2	dulahade:1	dulhade:1
ਡੁੰਘਾ	dungha:3
ਡੁੱਬ	dub:3	dubb:1
ਡੁੱਬਣ	duban:3	dubban:1
ਡੁੱਬਦਾ	dubda:3	dubbda:1
ਡੁੱਬਦੀ	dubdi:2	dubadi:1	dubbdi:1
ਡੁੱਬਦੇ	dubde:2	dubade:1	dubbde:1
ਡੁੱਬਾ	duba:2	dubba:2
ਡੁੱਬੀ	dubbi:2	dubi:2
ਡੁੱਬੇ	dubbe:2	dube:2
ਡੁੱਲੇ	dule:2	dulle:2
ਡੁੱਲ੍ਹੇ	dullhe:2	duleh:1	dulhe:1
ਡੂਬਾ	duba:3	dooba:1
ਡੂਬੀ	dubi:3	doobi:1
ਡੂਮਣੀਆਂ	dumnian:2	doomnian:1	dumaniyan:1
ਡੂੰਗਰ	dungar:2	dunger:1
ਡੂੰਘਾ	dungha:3
ਡੂੰਘਾਈ	dunghai:2	dunghaai:1
ਡੂੰਘੀ	dunghi:3
ਡੂੰਘੀਆ	dunghia:2	dunghiyaa:1
ਡੂੰਘੀਆਂ	dunghian:2	dunghiyaan:1
ਡੂੰਘੇ	dunghe:3
ਡੇ	day:1	de:1	dee:1	deey:1
ਡੇਂਗੂ	denge:1	dengoo:1	dengue:1
ਡੇਅ	day:2	dea:1
ਡੇਅਰੀ	dairee:1	dairii:1	dairy:1	deree:1
ਡੇਕ	dek:2	deck:1	deq:1
ਡੇਗ	deg:4
ਡੇਗਣ	degan:3
ਡੇਗਣਾ	degna:2	degana:1
ਡੇਜ਼ੀ	dezi:2	daizi:1	dezy:1
ਡੇਟ	det:2	daet:1	date:1
ਡੇਟਾ	deta:3	daeta:1	data:1
ਡੇਟਾਬੇਸ	database:3	detabes:2	daetabaes:1
ਡੇਢ	dedh:2	dedhh:1
ਡੇਨ	den:2	dan:1
ਡੇਨਮਾਰਕ	denmark:3	denmaark:1	denmarq:1
ਡੇਨਵਰ	denvar:3	denwar:3	denver:1	denwer:1
ਡੇਨਿਯਲ	dainial:1	daniel:1	denial:1	deniyal:1
ਡੇਨਿਸ	denis:4	danis:1	dennis:1
ਡੇਨੀਅਲ	denial:2	daenial:1	daniel:1	deniyal:1
ਡੇਮੀ	demi:3	daemee:1	daemi:1	demee:1
ਡੇਰ	der:2	dare:1
ਡੇਰਾ	dera:4	dara:1	daraa:1	deraa:1
ਡੇਰਿਆ	deria:2	dairya:1	deriyaa:1
ਡੇਰਿਆਂ	derian:2	dairyan:1	deriyaan:1
ਡੇਰੇ	dere:3
ਡੇਲ	dell:4	dale:1	del:1
ਡੇਲਾ	dela:3
ਡੇਲਿਆਂ	delian:2	deliyaan:1
ਡੇਲੀ	daily:3	deli:1
ਡੇਵ	dave:2	dav:1	dev:1
ਡੇਵਿਡ	david:4	dawid:1	deevid:1	devid:1
ਡੇਵਿਡਸਨ	davidson:4	dabidshon:1	dabidshun:1	dabidson:1
ਡੇਵਿਸ	devis:5	davis:2	dawis:2	dewis:2
ਡੇਵੀ	devi:2	davy:1
ਡੇਸ	des:2	days:1
ਡੇਸਾਈ	desai:3
ਡੇਹਰਾ	dehra:3
ਡੇੜ	ded:4	der:1
ਡੈਕਨ	daekan:1	daeqan:1	daikin:1	daikn:1
ਡੈਟਾਵਿੰਡ	daitavind:2	datawind:2
ਡੈਡੀ	daddy:3	daidi:2	daddi:1	daddii:1
ਡੈਣ	dain:2	den:1
ਡੈਨ	dain:1	dan:1	den:1
ਡੈਨਮਾਰਕ	denmark:4	daenmaark:1	dainmark:1	denmaark:1
ਡੈਨਿਸ	denis:2	dennis:2	daenis:1	daenish:1
ਡੈਨੀ	daini:2	daeny:1	dannee:1	danny:1
ਡੈਨੀਅਲ	daniel:2	dainial:1
ਡੈਬਰਾ	daibra:2	dabera:1	daibera:1
ਡੈਮ	daem:1	daim:1	dam:1	dem:1
ਡੈਮਨ	daeman:1	daemon:1	daman:1	damon:1
ਡੈਮਾਂ	daman:2	daiman:1	dama:1
ਡੈਮੋਕਰੇਟ	daimokareta:1	deemocrat:1	deemokraeet:1	demacrat:1
ਡੈਮੋਕਰੇਸੀ	democracy:5	daimokresi:1
ਡੈਮੋਕ੍ਰੇਟ	daimokret:1	democrat:1	democrate:1
ਡੈਮੋਕ੍ਰੇਟਿਕ	democratic:3	daimokretik:1
ਡੈਰੇਨ	dairen:2	darren:2	daeren:1	daerren:1
ਡੈਲ	dell:3	dail:2	dale:1
ਡੈਲਾ	daela:1	daila:1	dala:1	dela:1
ਡੈਲੀ	daelee:1	daeli:1	daiily:1	daili:1
ਡੈਵਿਡ	david:3
ਡੈਸਕ	daisaka:1	deshk:1	desk:1	desq:1
ਡੈਸਕਟਾਪ	desktap:1	desktop:1	desqtop:1
ਡੈੱਲ	dell:2	dael:1	daill:1	del:1
ਡੋ	dav:1	daw:1	doou:1	doow:1
ਡੋਈ	doi:3
ਡੋਗਰ	dogar:2	doger:1	dogger:1
ਡੋਗਰਾ	dogra:3
ਡੋਗਰਿਆਂ	dogrian:2	dogariyaan:1
ਡੋਗਰੀ	dogri:2	dogari:1
ਡੋਗਰੇ	dogre:3
ਡੋਡੀਆਂ	dodian:2	dodiyaan:1
ਡੋਨ	don:3
ਡੋਨਲਡ	donald:3
ਡੋਨਾ	dona:3	donna:2	doonna:1
ਡੋਨਾਲਡ	donald:4	danald:1	donaald:1
ਡੋਪਿੰਗ	dooping:1	dopin:1	doping:1
ਡੋਬ	dob:3
ਡੋਬਣ	doban:3
ਡੋਮੇਨ	domain:1	domen:1	doomain:1
ਡੋਰ	dor:3	door:2	dora:1
ਡੋਰਾਂ	doran:3	dooran:1	dora:1
ਡੋਰਿਸ	doris:3	dorris:1
ਡੋਰੀ	dori:3	dory:1	dowry:1
ਡੋਲ	dol:3	doll:1
ਡੋਲਣ	dolan:3
ਡੋਲਦਾ	dolda:2	dolada:1
ਡੋਲਦੇ	dolde:2	dolade:1
ਡੋਲਾ	dola:3
ਡੋਲਿਆ	dolia:2	doleya:1
ਡੋਲੀ	doli:2	dolee:1	dolly:1
ਡੋਲੂ	dolu:3	doloo:1
ਡੋਸਾ	dosa:3
ਡੋਸੇ	dose:3
ਡੌਕ	dauk:1	doc:1	dock:1
ਡੌਗ	dog:2	daug:1	doug:1
ਡੌਟ	daught:1	daut:1	doubt:1	dout:1
ਡੌਨ	don:3	daun:1	dauna:1	doun:1
ਡੌਨਲਡ	donald:2	daunlad:1	dounalad:1
ਡੌਰਿਸ	dorees:1	doreesh:1	doriis:1	doris:1
ਡੌਲ	daul:1	dol:1	doll:1
ਡੌਲੀ	dauli:3	doli:2	dolly:2	dolee:1
ਡ੍ਰਾ	dra:2	draw:2
ਡ੍ਰਾਇਰ	draier:1	drayer:1	driver:1	dryer:1
ਡ੍ਰਾਈਵਿੰਗ	driving:3	drayiving:1
ਡ੍ਰਿਪ	drip:3
ਡ੍ਰਿੰਕ੍ਸ	dreenks:1	dreenksh:1	dreenqs:1	driinks:1
ਡ੍ਰੀਮ	dream:1	dreem:1	drem:1	driim:1
ਡ੍ਰੀਮਜ਼	dreams:2	dreamz:2
ਡ੍ਰੈਗ	drag:3	draig:1
ਡੰਕਨ	dankan:3	dancan:2	danqan:2	duncan:2
ਡੰਗ	dang:3
ਡੰਗਰ	dangar:3
ਡੰਗਿਆ	dangea:1	dangeya:1	dangia:1	dangiaa:1
ਡੰਗੇ	dange:3
ਡੰਡ	dand:2	dandd:1
ਡੰਡਾ	danda:2	dandda:1
ਡੰਡਿਆਂ	dandean:1	dandeyan:1	dandia:1	dandiaan:1
ਡੰਡੀ	dandi:3
ਡੰਡੀਆਂ	dandiyan:2	dandiaan:1	dandian:1
ਡੰਡੇ	dande:2	dandai:1
ਡੰਨ	done:2	dann:1	ddan:1
ਡੰਪ	damp:1	dampp:1	dump:1
ਡੱਕ	dakk:1	dkk:1	duck:1
ਡੱਕਿਆਂ	dakia:1	dakiyaan:1	dakkia:1	dkkian:1
ਡੱਟ	dat:1	dtt:1	dutt:1
ਡੱਡ	dadd:2	ddd:1
ਡੱਡੀ	daddi:2	dddi:1
ਡੱਡੂ	daddoo:1	daddu:1	dddu:1
ਡੱਡੂਆਂ	dadduan:2	ddduan:1
ਡੱਫ	daff:2	daph:1	dapha:1	daphph:1
ਡੱਬਾ	daba:1	dbba:1	dhaba:1
ਡੱਬਾਬੰਦ	dababand:1	dbbabnd:1	dhababand:1
ਡੱਬੀ	dabi:1	dbbi:1	dhabbi:1
ਡੱਬੀਆਂ	dabiyaan:1	dbbeean:1	dhabiyan:1
ਡੱਬੇ	dabo:1	dbbe:1	dhabe:1
ਡੱਲਾਸ	dalas:2	dalash:1	dallas:1	dallash:1
ਡੱਲੇ	dale:2	dhale:1
ਢਕ	dak:1	dhak:1	dhk:1	duck:1
ਢਕਣ	dhakan:2	dakan:1	deccan:1
ਢਕਣਾ	dakna:1	dhakna:1	dhkda:1
ਢਕਦੇ	dhakade:1	dhakde:1	dhkde:1
ਢਕਿਆ	dhakia:1	dhakiya:1	dhkiaa:1
ਢਕੀ	dhakee:1	dhaki:1	dhki:1
ਢਕੀਆਂ	dhakian:1	dhakiyan:1	dhkian:1
ਢਕੇ	dhake:2	dhke:1
ਢਢੋਗਲ	dhadhogal:2	dhdhogl:1
ਢਲ	dhal:2	dhl:1
ਢਲਣ	dhalan:2	dhld:1
ਢਲਣਾ	dhalana:1	dhalna:1	dhlda:1
ਢਲਦੀ	dhaladee:1	dhaldi:1	dhldi:1
ਢਲ਼	dhal:2	dhl:1
ਢਲਾਈ	dhalaee:1	dhalai:1	dhlai:1
ਢਲਾਣ	dhalaan:1	dhalan:1	dhlad:1
ਢਲਾਨ	dhalaan:1	dhalan:1	dhlan:1
ਢਲਾਨਾਂ	dhalanaan:1	dhalanan:1	dhlana:1
ਢਲਿਆ	dhalia:1	dhaliya:1	dhlia:1
ਢਹਿਢੇਰੀ	dhehdheri:2	dehderi:1	dhaidari:1
ਢਹਿਣ	dhahin:2	dehan:1
ਢਹਿੰਦੀ	dhahindi:2	dehandi:1	dehindi:1	dhahindee:1
ਢਹਿੰਦੀਆਂ	dahindeeaa:1	dehandian:1	dehidian:1	dhahindiaa:1
ਢਾਂਚਾ	dhancha:2	dhaancha:1
ਢਾਂਚਾਗਤ	dhaanchagat:1	dhachagt:1	dhanchagat:1
ਢਾਂਚਿਆਂ	dhanchian:2	dhanchea:1	dhanchia:1	dhanchiaan:1
ਢਾਂਚੇ	dhanche:6
ਢਾਅ	dhaa:2	dha:1
ਢਾਈ	dhai:4	dhaaee:2
ਢਾਕਾ	dhaka:3	daka:1	dhakaa:1	dhakka:1
ਢਾਕੇ	dhake:3
ਢਾਡੀ	dhadi:3
ਢਾਡੀਆਂ	dhadian:2	dadiyan:1
ਢਾਢੀ	dadi:1	dhadhi:1	dhadi:1
ਢਾਣੀ	dani:1	dhadi:1	dhanee:1	dhani:1
ਢਾਣੀਆਂ	daniyan:1	dhadian:1	dhanian:1
ਢਾਬ	dhab:2	dab:1
ਢਾਬਾ	dhaba:3	daba:1
ਢਾਰਸ	daras:1	dharas:1	dhars:1
ਢਾਲ	dhal:2	dal:1	dhaal:1	dhall:1
ਢਾਲਣ	dalan:1	dhalan:1	dhald:1
ਢਾਲਣਾ	dalana:1	dhalda:1	dhalna:1
ਢਾਲਦੀ	dhaldi:2	daladi:1
ਢਾਲਿਆ	dhaliaa:2	dhalea:1	dhalia:1
ਢਾਲੀ	dhali:3	dhalee:1
ਢਾਲੇ	dhale:3	dhaley:1
ਢਾਹ	dhah:3	dhaah:1
ਢਾਹਾਂ	dhahan:3
ਢਾਹੁਣ	dhahun:2	dhahud:1
ਢਾਹੁਣਾ	dhahuna:2	dhahuda:1
ਢਿਲਵਾਂ	dhilvan:2	dhilavan:1	dhilva:1	dhilwan:1
ਢਿਲੋ	dhilo:2	dhillo:1
ਢਿਲੋਂ	dhilon:2	dhillon:1
ਢਿੱਡ	dhidd:2	dhid:1
ਢਿੱਲ	dhill:3	dill:1
ਢਿੱਲਾ	dhilla:2	dhella:1	dhila:1
ਢਿੱਲੀ	dheeli:1	dhelli:1	dhili:1	dhilli:1
ਢਿੱਲੇ	dhille:3	dhile:1
ਢਿੱਲੋਂ	dhillon:6	dhillion:1
ਢੀਂਡਸਾ	dheendasa:1	dheendsa:1	dhindasa:1
ਢੀਠ	dheeth:2	dhith:1
ਢੀਮਾਂ	dheeman:2	dhiman:1
ਢੀਲਾ	dheela:2	dhila:1
ਢੁਆਈ	dhhuyayi:1	dhuaaee:1	dhuai:1
ਢੁਕਦੀ	dhukadee:1	dhukadi:1	dhukdee:1
ਢੁਕਵਾਂ	dhukvan:2	dhukavan:1	dukvan:1
ਢੁਕਵੀ	dhukavi:3	dhukavee:1	dhukvi:1
ਢੁਕਵੀਆਂ	dhukviyaan:2	dhukaveean:1	dhukveean:1
ਢੁਕਵੇਂ	dhukaven:2	dhukven:2
ਢੁਕਾ	dhuka:4
ਢੁੱਕ	chukk:1	dhhukk:1	dhukk:1
ਢੁੱਕਦਾ	dhukkada:2	dhukkda:1
ਢੁੱਕਦੀ	dhukkadee:1	dhukkadi:1	dhukkdee:1
ਢੁੱਠ	dhuth:1	dhuthth:1	dhutth:1
ਢੁੱਡੀਕੇ	dhuddeeke:1	dhudeekey:1	dhudike:1
ਢੂੰਡਣ	dhoondn:1	dhundan:1	dhundhan:1
ਢੇਰ	dher:2	der:1
ਢੇਰਾਂ	dheran:2	deran:1
ਢੇਰੀ	dheri:2	deri:1
ਢੇਰੀਆਂ	deriyan:2	dhereean:2	dheriyaan:2
ਢੈਪਈ	depyi:1	dhaipii:1	dhapai:1
ਢੋ	dho:2	do:1
ਢੋਆ	deya:1	dhoa:1	dhoaa:1
ਢੋਏ	dhoe:3
ਢੋਣ	dhon:3
ਢੋਲ	dhol:5
ਢੋਲਕ	dholak:2	dholk:1
ਢੋਲਕੀ	dholaki:2	dholki:1
ਢੋਲਕੀਆ	dholakia:1	dholakiya:1	dholkeea:1	dholkiyaa:1
ਢੋਲਾਂ	dholan:3	dhola:1
ਢੋਲੀ	dholi:4	dholee:1
ਢੋਲੇ	dhole:3	dholey:1
ਢੋਹ	dhoh:3
ਢੋਹਣ	dhohan:2	dhohn:1
ਢੰਗ	dang:1	dhang:1	dhng:1
ਢੰਗਾ	danga:1	dhanga:1	dhnga:1
ਢੰਗਾਂ	dangan:1	dhangan:1	dhngan:1
ਢੰਘ	dangh:1	dhagh:1	dhngh:1
ਢੰਡੀ	dandhi:1	dhandi:1	dhndee:1
ਢੱਕਣ	dakan:1	dakkan:1	dhakan:1	dhkd:1
ਢੱਕਿਆ	dhakiya:1	dhakkiaa:1	dhkiaa:1
ਢੱਕੀ	dhaki:1	dhakki:1	dhki:1
ਢੱਠਾ	dhadda:1	dhatha:1	dhtha:1
ਢੱਡ	dhad:2	dhd:1
ਢੱਡਰੀਆਂ	dhdrian:2	dhadariaaan:1	dhadariyan:1	dhaddrian:1
ਢੱਡੇ	dhaddey:1	dhade:1	dhde:1
ਢੱਲ	dhall:2	dhal:1	dhl:1
ਤਕ	tak:9
ਤਕਦੀਰ	takdeer:9	takdir:1
ਤਕਨਾਲੋਜੀਆਂ	taknalojeean:1	taknologian:1	technologian:1
ਤਕਨਾਲੌਜੀ	taknolougy:1	technology:1	technolology:1
ਤਕਨੀਕ	takneek:3	taknik:2	technique:2
ਤਕਨੀਕਾਂ	taknikan:2	takneekan:1	techniquan:1
ਤਕਨੀਕੀ	takniki:2	takneekee:1	takneeki:1
ਤਕਨੋਲੋਜੀ	technology:2	taknology:1
ਤਕਬੀਰ	takbeer:3	takbir:2
ਤਕਰਾਰ	takrar:3	takraar:1
ਤਕਰਾਰਾਂ	takraran:3	takraaran:1
ਤਕਰੀਬਨ	takreeban:2	takriban:2
ਤਕਰੀਰ	takreer:2	takrir:2
ਤਕਰੀਰਾਂ	takreeran:2	takriran:1	tariran:1
ਤਕਲੀਫ	taklif:3	takleef:2	takleeph:1	taqlif:1
ਤਕਲੀਫਦੇਹ	takleefdeh:2	taklifdeh:2	taqlifeh:1
ਤਕਲੀਫ਼	takleef:2	taklif:2	taqlif:1
ਤਕਲੀਫ਼ਾਂ	takleefan:1	taklifan:1	taqlifan:1
ਤਕਲੀਫਾਂ	takleefan:4	taklifaan:4	takleephan:1	taklifan:1
ਤਕਸੀਮ	takseem:2	taksim:2
ਤਕਸੀਮਾਂ	takseeman:2	taksiman:2
ਤਕਾਜ਼ਾ	takaza:2	takazaa:1	taqaza:1
ਤਕਾਲਾਂ	takalan:2	takalaan:1	taqalaan:1
ਤਕੀ	taki:3	takee:1	taqi:1
ਤਕੀਏ	takie:2	takiae:1	takiye:1	taqiae:1
ਤਕੜਾ	takada:3	takri:1	taqri:1
ਤਕੜੀ	takadi:3	takri:1	taqri:1
ਤਕੜੇ	takde:3	takade:1	takadhe:1	takare:1
ਤਖਤ	takhat:4	takath:1
ਤਖਤਾ	takhata:3
ਤਖਤੀ	takhti:2	takhati:1	takhtee:1
ਤਖਤੇ	takhte:2	takhate:1
ਤਖਲਸ	takhlas:4
ਤਖ਼ਤ	takhat:3
ਤਖ਼ਤਾ	takhata:2	takhta:1
ਤਖ਼ਤੇ	takhte:3
ਤਖ਼ੱਲਸ	takhlas:3
ਤਗਮਾ	tagma:3
ਤਗਮਿਆਂ	tagmiaan:2	tagmiyan:1
ਤਗਮੇ	tagame:2	tagme:1
ਤਗ਼ਮਾ	tagama:1	taggma:1	tagma:1
ਤਗੜੀ	agri:1	tagadee:1	tagadi:1	tagari:1
ਤਜ	taj:6
ਤਜਰਬਾ	tajaraba:2	tajraba:2	tajarba:1
ਤਜਰਬਿਆਂ	tajarbiaan:2	tajrbiyan:1
ਤਜਰਬੇ	tajarbe:3
ਤਜਰਬੇਕਾਰ	tajarbekar:2	tajarabekaar:1
ਤਜਵੀਜ਼	tajveez:1	tajvij:1	tajviz:1
ਤਜਵੀਜ਼ਤ	tajveezat:1	tajvijat:1	tajvizat:1
ਤਜ਼ਰਬਾ	tazarba:2	tajraba:1
ਤਜ਼ਰਬਿਆਂ	tazarbiaan:2	tajrbiyan:1
ਤਜ਼ਰਬੇ	tazarbe:2	tajarbe:1
ਤਜ਼ਾਕਿਸਤਾਨ	tajikistan:2	tajeekishtan:1	tajeekistan:1	tajeeqistan:1
ਤਜ਼ੁਰਬਾ	bazurba:1	tazuraba:1	tazurba:1
ਤਜ਼ੁਰਬੇ	tazurbe:2	bazurbe:1
ਤਜੁਰਬਾ	tajurba:3
ਤਟ	tat:4
ਤਟਰੇਖਾ	tatrekha:3
ਤਟਵਰਤੀ	tatvarti:2	tatvaratee:1	tatwarti:1
ਤਟਸਥ	tatsath:2	tatsakh:1
ਤਟੀ	tati:2	tatee:1
ਤਣ	tan:2	tann:1
ਤਣਦੀ	tanadi:1	tandi:1	tannadee:1
ਤਣਾ	tana:3	tanaa:1
ਤਣਾਅਪੂਰਨ	tanaapuran:1	tanapooran:1	tnaapuran:1
ਤਣਾਉ	tanaau:1	tanau:1	tnau:1
ਤਣਾਓ	tanaau:1	tanao:1	tnaau:1
ਤਣਿਆਂ	taniaan:3	taniyaan:1
ਤਣੀਆਂ	taneean:1	taniaan:1	taniyaan:1
ਤਣੇ	tane:2	tanney:1
ਤਤਕਾਲ	tatkal:5	tatkaal:1
ਤਤਕਾਲੀ	tatkali:2	tatkaalee:1
ਤਤਕਾਲੀਨ	tatkalin:2	tatkaleen:1
ਤਤਕਾਲੀਨਤਾ	tatkalinta:2	tatkaleenta:1
ਤਤਪਰ	tatpar:3
ਤਤਪਰਤਾ	tatparta:3
ਤਥ	tath:3	takh:1
ਤਥਾ	tatha:2	takha:1
ਤਥਾਂ	tathan:3
ਤਥਾਕਥਿਤ	tathaakathit:1	tathakathit:1	tathakthit:1
ਤਦ	tad:3
ਤਦਭਵ	tadbhav:3
ਤਦਾਦ	tadad:3
ਤਦੇ	tade:3
ਤਦੋਂ	tadon:3	tado:1
ਤਨ	tan:6	tann:1
ਤਨਖ਼ਾਹ	tankhah:3
ਤਨਖਾ	tankha:3
ਤਨਖਾਹ	tankhah:3
ਤਨਖਾਹਾਂ	tankhahan:3	tankhana:1
ਤਨਜ਼	tanaz:3
ਤਨਜ਼ਾਨੀਆ	tanzania:2	tanzaniya:2	tanjania:1	tanjaniia:1
ਤਨਜ਼ੀਮ	tanzeem:2	tanzim:1
ਤਨਜਾਨੀਆ	tanjaaniyaa:1	tanjania:1	tanjaniaa:1	tanjaniya:1
ਤਨਮਨਜੀਤ	tanamanjeet:1	tanmanjeet:1	tanmanjit:1
ਤਨਵੀਰ	tanveer:2	tanvir:1	tanwir:1
ਤਨਹਾ	tanha:3
ਤਨਹਾਈ	tanhai:2	tanhaai:1	tanhayi:1
ਤਨਾ	tana:3	tna:1
ਤਨਾਂ	tana:1	tanan:1	tnan:1
ਤਨਾਅ	tanaa:3	tanaaa:1
ਤਨਾਓ	tanaau:2	tanao:1
ਤਨਾਵ	tanaav:2	tanav:1	tnav:1	tnaw:1
ਤਨੇ	tane:4
ਤਨੇਜਾ	taneja:3
ਤਪ	tap:3
ਤਪਤ	tapat:3	patat:1
ਤਪਤਖੰਡੀ	tapatkhandi:3
ਤਪਦਿਕ	tapdik:3
ਤਪਦੀ	tapdi:2	tapadee:1	tapadi:1
ਤਪਸ਼	tapash:3
ਤਪਸਿਆ	tapasea:1	tapasia:1	tapasiaa:1	tapasiyaa:1
ਤਪਾ	tapa:4	tapaa:2	tappa:1
ਤਪੀਆ	tapeeaa:1	tapia:1	tapiaa:1
ਤਪੇ	tape:3
ਤਪੋਵਨ	tapovan:3	tapowan:1
ਤਪੱਸਵੀ	tapasavi:1	tapassvi:1	tapasvi:1	tapaswi:1
ਤਪੱਸਿਆ	tapasea:1	tapasia:1	tapasiyaa:1	tapassiaa:1
ਤਫਤੀਸ਼	taftish:2	taphateesh:1
ਤਫਸੀਲ	tafsil:2	taphaseel:1
ਤਫ਼ਤੀਸ਼	tafateesh:1	tafftish:1	taftish:1
ਤਫ਼ਸੀਰ	tafaseer:1	tafasir:1	taffsir:1
ਤਬ	tab:3	tub:1
ਤਬਕਾ	tabka:2	tabakaa:1
ਤਬਕੇ	tabke:2	tabake:1
ਤਬਦੀਲ	tabdil:2	tabdeel:1
ਤਬਦੀਲੀ	tabdili:2	tabdeelee:1
ਤਬਦੀਲੀਆਂ	tabdiliaan:2	tabdiliyan:2	tabdeeleean:1	tabdeeliaan:1
ਤਬਰੇਜ਼	tabrez:2	tabrej:1
ਤਬਲਾ	tabla:4	tabala:1	tabalaa:1
ਤਬਲੇ	table:2	tabae:1
ਤਬਾ	taba:3
ਤਬਾਦਲਾ	tabadla:2	tabadala:1
ਤਬਾਦਲੇ	tabaadale:1	tabaadle:1	tabadle:1
ਤਬਾਹ	tabah:3
ਤਬਾਹੀ	tabahee:2	tabahi:2
ਤਬੀਅਤ	tabiyat:2	tabiat:1
ਤਬੇਲਿਆਂ	tabelean:1	tabelian:1	tabeliyan:1	tabelliyan:1
ਤਬੱਸੁਮ	tabassum:1	tabbsus:1	tabsum:1
ਤਮਗਾ	tamga:2	tamgaa:1
ਤਮਗੇ	tamge:2	tamage:1	tamgey:1
ਤਮਸ	tamas:3
ਤਮਾਕੂ	tamaku:3	tamaco:1	tamacu:1
ਤਮਾਮ	tamam:3	tammam:1
ਤਮਾਸ਼ਾ	tamasha:2	tamaasha:1
ਤਮਾਸ਼ੇ	tamashe:3
ਤਮਿਲ	tamil:3
ਤਮਿਲਨਾਡੂ	tamilnadu:3
ਤਮੀਮ	tamim:2	tamam:1	tameem:1
ਤਮੋ	tamo:2	tamao:1
ਤਮੰਨਾ	tamanna:3
ਤਰ	tar:5
ਤਰਕ	tarak:4
ਤਰਕਪੂਰਨ	tarakpuran:2	tarakpooran:1	taraqpuran:1
ਤਰਕਮਈ	tarakmaee:2	tarakmai:1
ਤਰਕਵਾਦ	tarakwad:2	tarakvaad:1	taraqwad:1
ਤਰਕਸ਼	tarkash:3
ਤਰਕਸ਼ੀਲ	tarakshil:3	taraksheel:1
ਤਰਕਸ਼ੀਲਤਾ	tarakshilta:2	taraksheelta:1
ਤਰਕਸੰਗਤ	taraksangat:3	taraqsangat:1
ਤਰਕਹੀਣ	tarakheen:2	tarakhin:1	tarkhin:1	tarqhin:1
ਤਰਕਾਂ	tarakaan:1	tarakan:1	taraqan:1	tarkan:1
ਤਰਕਾਲਾਂ	tarkalan:3	tarqalan:1
ਤਰਕੀ	tarki:2	tarakee:1	tarqi:1
ਤਰਕੀਬ	tarkib:2	tarkeeb:1	tarqib:1
ਤਰਖਾਣ	tarkhan:2	tarkhaan:1
ਤਰਖਾਣਾ	tarkhana:4
ਤਰਜ	taraj:3
ਤਰਜਮਾ	tarjama:2	tarjma:1
ਤਰਜਮਾਨੀ	tarajmaani:1	tarajmanee:1	tarajmani:1
ਤਰਜਮੇ	tarjame:2	tarjme:1
ਤਰਜ਼	taraz:3
ਤਰਜ਼ਮਾ	tarzama:3
ਤਰਜ਼ਮਾਨੀ	tarazmanee:1	tarazmani:1	tarzmaani:1
ਤਰਜ਼ੀਹ	tarzeeh:2	tarzir:1
ਤਰਜਾਂ	tarjan:2	tarjaan:1
ਤਰਜੀਹ	tarjih:2	tarjeeh:1
ਤਰਜੀਹੀ	tarjihi:2	tarjeehee:1
ਤਰਜੁਮਾ	tarjuma:3
ਤਰਣਤਾਲ	tarantal:2	tarantaal:1
ਤਰਤੀਬ	tartib:2	tarteeb:1
ਤਰਤੀਬੀ	tartibi:2	tarteebee:1
ਤਰਨ	taran:3
ਤਰਨਤਾਰਨ	tarantaaran:1	tarantaran:1	tarntaran:1
ਤਰਫ	taraf:3	taraph:1
ਤਰਫ਼	taraf:3
ਤਰਫ਼ਦਾਰੀ	tarafdari:2	tarafdaari:1
ਤਰਫ਼ੋਂ	tarfon:2	tarafon:1
ਤਰਫੋਂ	tarfon:2	taraphon:1
ਤਰਬੀਅਤ	tarbeeat:1	tarbiat:1	tarbiyat:1
ਤਰਬੂਜ	tarbooj:2	tarbuj:1
ਤਰਲ	taral:3
ਤਰਲਤਾ	taralata:1	taralta:1	tarlata:1
ਤਰਲਾ	tarla:2	tarala:1
ਤਰਲੇ	tarle:2	taraley:1
ਤਰਲੋਕ	tarlok:3
ਤਰਲੋਚਨ	tarlochan:3
ਤਰਸ	taras:3
ਤਰਸਦਾ	tarasda:2	tarsada:1
ਤਰਸਦੇ	tarasde:2	tarasade:1
ਤਰਸੇਮ	tarsem:3
ਤਰਹ	tarah:3
ਤਰਹਾਂ	tarhaan:2	tarhan:1
ਤਰਾ	tara:5	taraa:1
ਤਰਾਂ	taran:3	taraan:2
ਤਰਾਈ	tarai:2	taraee:1
ਤਰਾਜੂ	taraju:3
ਤਰਾਨਾ	tarana:2	taraanaa:1
ਤਰਾਰ	tarar:2	taraar:1
ਤਰਾਸਦੀ	taraasadee:1	tarasadi:1	trasdi:1
ਤਰਾਸ਼ਣ	tarashan:2	traashan:1
ਤਰਾਸ਼ੇ	tarashe:3
ਤਰਾਹ	tarah:3	taraah:1
ਤਰੀ	tari:4	taree:2
ਤਰੀਂ	tareen:2	tarin:1
ਤਰੀਕ	tareek:2	tarik:1
ਤਰੀਕਾ	tarika:2	tareeka:1
ਤਰੀਕਾਂ	tareekaan:1	tareekan:1	tarikaan:1	tarikan:1
ਤਰੀਕਿਆ	tareekia:1	tarikiya:1	tarikiyaa:1
ਤਰੀਕਿਆਂ	tareekiaan:1	tarikeeyan:1	tarikiyaan:1
ਤਰੀਕੇ	tareeke:2	tarike:2
ਤਰੀਖ਼	tarikh:2	tareekh:1
ਤਰੀਨ	tarin:2	tareen:1
ਤਰੀਫ਼	tareef:2	tareeph:1	tarif:1
ਤਰੁਟੀਆਂ	taruteeyaan:1	tarutiaan:1	tarutiyaan:1	taruttiyan:1
ਤਰੁਣ	tarun:2	tarunh:1
ਤਰੁਨਾ	taruna:3
ਤਰੇਲ	tarel:3
ਤਰੇੜ	tared:2	taredh:2	taredd:1	tarerh:1
ਤਰੇੜਾਂ	taredan:1	taredhan:1	tarerhan:1
ਤਰੋੜ	tarod:1	tarodh:1	tarorh:1
ਤਰ੍ਰਾਂ	tran:2	tararan:1
ਤਰ੍ਹਾ	tarha:2	taraha:1
ਤਰ੍ਹਾਂ	tarhan:2	tarahan:1	taran:1
ਤਰੰਗ	tarang:3
ਤਰੰਗਾ	taranga:3
ਤਰੰਗਾਂ	tarangan:2	taranga:1
ਤਰੱਕੀ	tarkki:1	tarqqi:1	tarrakee:1	tarraki:1
ਤਰੱਕੀਆਂ	tarrakeean:1	tarrakiyan:1	tarrkiaan:1
ਤਲ	tal:3
ਤਲਕੇ	talake:2	talke:1	talqe:1
ਤਲਖ਼	talakh:3
ਤਲਖੀ	talakhi:2	talkhi:1
ਤਲਖੀਆਂ	talakhiyan:1	talkhiaan:1	talkhiyan:1
ਤਲਛਟ	talachhat:1	talchatt:1	talshat:1
ਤਲਣ	talan:2	talanh:1
ਤਲਤ	talat:3
ਤਲਬ	talab:3
ਤਲਬਗਾਰ	talabgaar:2	talabagaar:1	talabgar:1
ਤਲਬਾ	talba:2	talaba:1
ਤਲਬੀ	talbi:2	talabi:1
ਤਲਵਾਰ	talvar:2	talavar:1	talwar:1
ਤਲਵਾਰਬਾਜ਼ੀ	talvarbazi:2	talvarbaji:1	talwarbai:1
ਤਲਵਾਰਾਂ	talvaran:3	talwaran:1
ਤਲਵਾੜਾ	talvadha:2	talvada:1	talvara:1	talwada:1
ਤਲਵਿੰਦਰ	talvinder:2	talvindar:1
ਤਲਵੰਡੀ	talvandi:2	talvandhi:1
ਤਲਹਟੀ	talahati:1	talhati:1	talhatti:1
ਤਲ਼	tal:2	tall:1
ਤਲ਼ੀ	tali:3
ਤਲਾ	tala:3
ਤਲਾਂ	talan:3
ਤਲਾਅ	tala:2	talaa:1
ਤਲਾਕ	talak:3
ਤਲਾਕਸ਼ੁਦਾ	talakshuda:3
ਤਲਾਕਾਂ	talakan:3
ਤਲਾਬ	talab:2	talaab:1
ਤਲਾਬਾਂ	talaban:2	talaaban:1
ਤਲਾਸ਼	talash:5
ਤਲਾਸ਼ਣ	talashan:2	talashanh:1
ਤਲਾਸ਼ਦੀ	talashdi:2	talashadi:1
ਤਲਾਸ਼ੀ	talashi:3
ਤਲਿਆ	taliya:2	taliaa:1
ਤਲੀ	tali:4
ਤਲੀਆਂ	taleeyan:1	taliaan:1	taliyan:1
ਤਲੀਮ	talim:2	taleem:1
ਤਲੀਮੀ	talimi:3
ਤਲੇ	tale:4
ਤਲੋ	talo:3
ਤਵਚਾ	tavcha:3
ਤਵਲੀਨ	tavleen:3
ਤਵਾ	tava:2	tawa:1
ਤਵਾਇਫ਼	tavaif:2	tavaiph:1
ਤਵਾਰੀਖ	tavarikh:3
ਤਵਾਰੀਖ਼	tavarikh:3
ਤਵੀ	tavi:3
ਤਵੀਤ	tavit:2	taveet:1
ਤਵੀਲ	tavil:2	taveel:1
ਤਵੇ	tave:3
ਤਵੱਜੋ	tavajo:2	tavjo:1
ਤਸਕਰਾਂ	taskaran:3	tskran:1
ਤਸਕਰੀ	taskari:3	tskri:1
ਤਸਕੀਨ	taskeen:1	taskin:1	tskeen:1
ਤਸਦੀਕ	tasdik:2	tasdeek:1	tsdeek:1
ਤਸਨੀਮ	tasaneem:1	tasneem:1	tasnim:1
ਤਸਮਾਨੀਆ	tasamaaniya:1	tasmaniaa:1	tasmaniya:1
ਤਸਲੀਮ	tasaleem:1	tasleem:1	taslim:1
ਤਸਵੀਰ	tasveer:6	tasvir:1	taswir:1
ਤਸਵੀਰਾਂ	tasveeran:2	tasswiran:1	tasviran:1
ਤਸ਼ਖ਼ੀਸ	tashkhees:1	tashkhis:1	tshkhees:1
ਤਸ਼ਖੀਸ	tashkhees:1	tashkhis:1	tshkhees:1
ਤਸ਼ਖੀਸ਼	tashkheesh:1	tashkhish:1	tshkheesh:1
ਤਸ਼ਤਰੀ	tashatari:1	tashtari:1	tshtri:1
ਤਸ਼ਬੀਬ	tashbib:2	tashabib:1
ਤਸ਼ੱਦਦ	tashadad:2	tshddd:1
ਤਸੀਹਾ	taseeha:2	tasiha:2
ਤਸੀਹਿਆਂ	taseehyan:1	tasihian:1	tasihiyaan:1	tasihiyan:1
ਤਸੀਹੇ	tasihe:2	taseehe:1	tasihay:1
ਤਸੱਲੀ	tasalli:2	tasli:1
ਤਸੱਵੁਫ਼	tassavud:1	tassawud:1	tasvuf:1
ਤਹ	tah:5	teh:1
ਤਹਕੀਕੀ	tahkiki:3	tehkiki:1
ਤਹਸੀਲ	tahseel:2	tehseel:2	tehsil:1
ਤਹਿ	tahi:3	tah:1
ਤਹਿਆਂ	tahiyan:2	tahian:1	tahiyaan:1
ਤਹਿਕੀਕਾਤ	tahikikat:1	tahkeekat:1	tahkikat:1	tehkikaat:1
ਤਹਿਖਾਨੇ	tahikhane:1	tahkhane:1	tehkhaane:1	tehkhane:1
ਤਹਿਜ਼ੀਬ	tahizib:1	tahzeeb:1	tehjeeb:1	tehzeeb:1
ਤਹਿਜੀਬ	tahijib:1	tahjeeb:1	tehjeeb:1	tehzeeb:1
ਤਹਿਰਾਨ	tahiraan:1	tahiran:1	tahran:1
ਤਹਿਰੀਕਾਂ	tahirikan:1	tahreekan:1	tehrikan:1
ਤਹਿਰੀਰ	tahirir:1	tahreer:1	tahrir:1	tehreer:1
ਤਹਿਲਕਾ	tahilka:2	tahlaka:1	tehlka:1
ਤਹਿਸ	tahis:2	tehas:1	tehis:1
ਤਹਿਸੀਲ	tehsil:2	tahisil:1	tahsheel:1	tahsil:1
ਤਹਿਸੀਲਦਾਰ	tahisildar:2	tahseeldar:2
ਤਹਿਸੀਲਾਂ	tahisilan:1	tahseelan:1	tehseelan:1	tehsilan:1
ਤਾਂ	tan:4	taan:1
ਤਾਂਕਿ	taanki:1	tank:1	tanki:1
ਤਾਂਗੇ	tange:3
ਤਾਂਘ	tangh:2	taangh:1
ਤਾਂਜੋ	tanjo:2	taanjo:1
ਤਾਂਤਰਿਕ	tantrik:4
ਤਾਂਤਾ	tanta:3
ਤਾਂਤ੍ਰਿਕ	tantrik:6	tantreec:1	tantreeck:1	tantreecq:1
ਤਾਂਬਾ	taamba:1	tamba:1	tanba:1
ਤਾਂਬੇ	taambe:1	tambe:1	tanbe:1
ਤਾਂਹੀ	taanhi:3	tanhi:2
ਤਾਅਨੇ	taane:2	tawne:1
ਤਾਅਲੁੱਕ	taaluk:1	taalukk:1	talook:1	taluk:1
ਤਾਇਆ	taiya:1	taya:1	tayiya:1
ਤਾਇਓ	tayio:2	taio:1	tayeeu:1	tayiou:1
ਤਾਇਨਾਤ	tainaat:2	tayinat:2	taayinaat:1	tayenaat:1
ਤਾਇਵਾਨ	tayivan:2	taayivaan:1	taiwaan:1	taiwan:1
ਤਾਈ	tayi:4	tai:2	taai:1	taaii:1
ਤਾਈਂ	taain:1	taayeen:1	tayin:1
ਤਾਈਆਂ	taayiyaan:1	taiaan:1	tayiyaan:1	tayiyan:1
ਤਾਈਪੇ	taayepe:1	taipe:1	tayipe:1
ਤਾਈਵਾਨ	taiwan:2	taayivaan:1	taayivan:1	taeivan:1
ਤਾਈਵਾਨੀ	taaevaani:1	taaiwani:1	taayivaani:1	tayivani:1
ਤਾਊ	tau:2	tauu:1
ਤਾਏ	taae:1	taaye:1	taye:1
ਤਾਓ	tao:3	taao:1	taaoo:1	taau:1
ਤਾਕ	taak:3	tak:3	taq:1
ਤਾਕਤ	takat:4	taakat:1
ਤਾਕਤਵਰ	takatvar:3	takatwar:1	taqatvar:1	taqatwar:1
ਤਾਕਤਾਂ	taktan:2	taaktan:1	taqtan:1
ਤਾਕ਼ਤ	takat:2	taqat:1
ਤਾਕਿ	taaki:1	tak:1	taki:1	taqi:1
ਤਾਕੀ	taki:3	taqi:1
ਤਾਕੀਦ	takid:3
ਤਾਜ	taaj:3	taj:3	taaz:1	taz:1
ਤਾਜਪੋਸ਼ੀ	tajposhi:3
ਤਾਜਮਹਲ	tajmahal:4
ਤਾਜਮਹਿਲ	tajmahil:2	tahmahil:1
ਤਾਜ਼ਗੀ	tazgi:2	tazagi:1
ਤਾਜ਼ਾ	taza:3
ਤਾਜ਼ੇ	taze:3
ਤਾਜਾ	taja:3
ਤਾਜਿਕ	tajic:1	tajik:1	tajiq:1	tazic:1
ਤਾਜਿਕਿਸਤਾਨ	tajikistan:6
ਤਾਜੀ	taji:3	taaji:1
ਤਾਜੇ	taje:2	taaje:1
ਤਾਣ	taan:2	tan:1	tanh:1
ਤਾਣਾ	tana:2	tanha:1
ਤਾਣਿਆ	taaniyaa:1	tanhiya:1	tania:1	tiana:1
ਤਾਣੀਆਂ	taaniyaan:1	tanhiyan:1	tanian:1
ਤਾਣੇ	tane:2	taane:1	tanhe:1
ਤਾਤਾਰ	tatar:4	taatar:2	taetar:1	tetar:1
ਤਾਦਾਦ	tadad:3
ਤਾਨ	tan:4	taan:3
ਤਾਨਪੁਰਾ	tanpura:3
ਤਾਨਸੇਨ	tansen:3
ਤਾਨਾਸ਼ਾਹ	tanashah:3
ਤਾਨਾਸ਼ਾਹਾਂ	tanashahan:2	tanshahan:1
ਤਾਨਾਸ਼ਾਹੀ	tanashahi:3
ਤਾਨਾਸ਼ਾਹੀਆਂ	tanashahian:1	tanashahiyaan:1	tanashahiyan:1
ਤਾਨੀਆ	tania:1	taniaa:1	taniya:1	taniyaa:1
ਤਾਪ	tap:2	taap:1
ਤਾਪਮਾਨ	tapman:3
ਤਾਪਸੀ	taapsi:1	tapasi:1	tapsi:1
ਤਾਬਾਂ	taban:3
ਤਾਬਿਆ	taabiyaa:1	tabiaa:1	tabiya:1
ਤਾਬੂਤ	taboot:2	tabut:2	taabut:1
ਤਾਬੇ	tabe:2	taabe:1
ਤਾਬੇਦਾਰੀ	tabedari:2	tabdari:1
ਤਾਮਿਲ	tamil:4	taamil:2	tamila:1
ਤਾਮਿਲਨਾਡੂ	tamilnadu:2	tamilnadhu:1
ਤਾਮਿਲਾਂ	tamilan:3
ਤਾਮੀਰ	taamir:1	tameer:1	tamir:1
ਤਾਰ	taar:7	tar:6
ਤਾਰਕ	tarak:3
ਤਾਰਨ	taran:5	taaran:1	tarann:1
ਤਾਰਨਾ	taarna:1	tarana:1	tarna:1
ਤਾਰਪੀਡੋ	tarpedo:1	tarpeedho:1	tarpido:1
ਤਾਰਾ	tara:4	taara:1
ਤਾਰਾਂ	taran:3
ਤਾਰਾਗੜ੍ਹ	taragarh:2	taragadh:1
ਤਾਰਾਪੁਰ	tarapur:3
ਤਾਰਾਮੰਡਲ	taramandal:3	taramandhal:1
ਤਾਰਿਆ	taariaa:1	taria:1	tariya:1	tariyaa:1
ਤਾਰਿਆਂ	taariaan:1	taariyaan:1	tarian:1	tariyan:1
ਤਾਰਿਕ	tarik:3	taarik:2	taariq:1	tariq:1
ਤਾਰਿਕਾ	tarika:2	taarika:1
ਤਾਰੀ	taari:5	tari:3
ਤਾਰੀਆਂ	taariyaan:1	tarian:1	tariyan:1
ਤਾਰੀਕ	taarik:1	tareek:1	tarik:1
ਤਾਰੀਖ	tarikh:2	taarikh:1
ਤਾਰੀਖ਼	taarikh:2	tarikh:2
ਤਾਰੀਖਾਂ	taarikhan:1	tareekhan:1	tarikhan:1
ਤਾਰੀਫ	taarif:1	tareef:1	tarif:1
ਤਾਰੀਫ਼	taarif:1	tareeph:1	tarif:1
ਤਾਰੇ	taare:3	tare:1
ਤਾਲ	taal:4	tal:2
ਤਾਲਮੇਲ	taalmel:2	talmel:2
ਤਾਲਸਤਾਏ	tolstoy:2	taalstaae:1	talshtay:1	talshtoy:1
ਤਾਲਾ	tala:2	taala:1
ਤਾਲਾਬ	talab:2	taalab:1
ਤਾਲਿਬ	talib:3	taalib:2	taliba:1
ਤਾਲਿਬਾਨ	taliban:3
ਤਾਲੀ	taali:2	tali:2
ਤਾਲੀਮ	taalim:2	taleem:2
ਤਾਲੁਕ	taluk:3	taaluk:2	taalook:1	taaluq:1
ਤਾਲੁਕਾ	taluka:2	taaluka:1
ਤਾਲੂ	taalu:2	talu:1
ਤਾਲੇ	taale:2	tale:1
ਤਾਲੇਬਾਨ	taleban:2	taalebaan:1	talebaan:1
ਤਾਵਾਨ	tavan:2	taavaan:1	tavaan:1
ਤਾਸ	taas:2	tas:1
ਤਾਸ਼	tash:2	taash:1
ਤਾਸ਼ਕੰਦ	tashkand:2	taashkand:1	taashkund:1
ਤਾਸੀਰ	taasir:1	taseer:1	tasir:1
ਤਾਹਿਰ	tahir:2	tahar:1
ਤਾਹਿਰਾ	tahira:2	taahira:1
ਤਾੜ	taad:2	tadh:1
ਤਾੜਕਾ	taadka:2	tadhka:1
ਤਾੜੀ	taadi:1	tadhi:1	tadi:1
ਤਾੜੀਆਂ	taadiaan:1	taadiyaan:1	tadhiyan:1	tadhyan:1
ਤਿਆਗ	tiaag:7	tiyag:2	riaag:1	teyag:1
ਤਿਆਗਣ	tiaagan:1	tiagan:1	tiyaganh:1
ਤਿਆਗੀ	tiaagi:3	tiagi:1	tiyagi:1
ਤਿਆਨ	teean:1	teen:1	tien:1	tiian:1
ਤਿਆਰ	tiaar:5	tiyar:3	tiyaar:2	tiar:1
ਤਿਆਰੀ	tiaari:4	tiyari:3	tiyaari:2	tiari:1
ਤਿਆਰੀਆਂ	tiyariyan:2	riaariyaan:1	tiaariaan:1	tiaariyaan:1
ਤਿਉਂ	tiun:3	tion:1
ਤਿਉਣਾ	tiuna:2	tiona:1	tiyunha:1
ਤਿਉਹਾਰ	tiuhaar:3	tiuhar:2	tauhaar:1	teyuhaar:1
ਤਿਉਹਾਰਾਂ	tiuharan:2	tioharan:1
ਤਿਓਹਾਰ	tiohar:1	tiuhaar:1	tiyohar:1
ਤਿਓਹਾਰਾਂ	tioharan:1	tiuharan:1	tiyoharan:1
ਤਿਕੋਣ	tikon:2	tikonn:1
ਤਿਕੋਣੀ	tikoni:2	tikonni:1
ਤਿਕੋਨ	tikon:3
ਤਿਕੜੀ	tikadi:1	tikahrhi:1	tikari:1	tikdi:1
ਤਿਖੀ	tikhi:3
ਤਿਜ਼ਾਬੀ	tizabi:2	tijhabee:1
ਤਿਜਾਰਤ	tijarat:2	tijaarat:1
ਤਿਤਲੀ	titli:2	titali:1
ਤਿਤਲੀਆਂ	titliaan:3
ਤਿਥ	tith:5
ਤਿਥੈ	tithae:3	tidhey:1	tithey:1
ਤਿਨ	tin:3	teen:1
ਤਿਬਤੀ	tibati:2	tibtee:1	tibti:1
ਤਿਮਾਹੀ	timaahi:2	timahi:1
ਤਿਮਾਹੀਆਂ	timahiyan:2	temaahiyan:1	timaahiyan:1
ਤਿਰਛਾ	tircha:2	tirashaa:1
ਤਿਰਛੀ	tirchi:2	tirchhi:1
ਤਿਰਛੇ	tirache:1	tirche:1	tirchhe:1
ਤਿਰਾ	tira:3
ਤਿਰੂਵਨੰਤਪੁਰਮ	tiruvananthapuram:1	tiruvanantpuram:1	tiruvantpuram:1
ਤਿਰੇ	tire:3
ਤਿਰੰਗਾ	tiranga:4
ਤਿਲ	til:3
ਤਿਲਕ	tilak:6	teelack:1	teelacq:1	teelak:1
ਤਿਲਕਣ	tilakan:1	tilkan:1	tilkanh:1
ਤਿਲਾ	tila:2	tilaa:1
ਤਿਲਾਂ	tilan:2	tilaan:1
ਤਿਲਾਂਜਲੀ	tilanjali:2	telanjali:1	tilaanjali:1	tilanajali:1
ਤਿਵਾਰੀ	tivari:2	tiwari:2	tiwaari:1
ਤਿਵਾੜੀ	tivarhi:1	tivari:1	tiwaadi:1	tiwari:1
ਤਿਵੇ	tive:2	tiwe:2
ਤਿਵੇਂ	tiven:2	tiwen:2
ਤਿਸ	tis:3
ਤਿਹਾਈ	tihai:2	tihaayi:1	tihaei:1	tihayi:1
ਤਿਹਾੜ	tihad:3	tihaad:2	tehadd:1	teharh:1
ਤਿੰਨ	tin:2	tinn:2	teen:1
ਤਿੰਨਾ	tinna:2	tina:1
ਤਿੰਨਾਂ	tinnan:2	tinan:1
ਤਿੰਨੇ	tine:2	tinne:1
ਤਿੰਨੋ	tino:2	tinno:1
ਤਿੰਨੋਂ	tinon:2	tinnon:1
ਤਿੱਕੜੀ	tikdi:2	tikadi:1	tikari:1	tikkarhi:1
ਤਿੱਖਾ	tikkha:2	tikhaa:1
ਤਿੱਖੀ	tikkhi:2	tikhi:1
ਤਿੱਖੀਆਂ	tikkhiaan:2	tikkheeaan:1
ਤਿੱਖੇ	tikkhe:2	tikhe:1
ਤਿੱਤਰ	tittar:3
ਤਿੱਤਲੀ	tittli:2	tittali:1
ਤਿੱਤਲੀਆਂ	tittliaan:2	tittaliaan:1
ਤਿੱਥ	tith:2	titth:1
ਤਿੱਥਾਂ	tithan:2	tikhaan:1
ਤਿੱਬਤ	tibat:2	tabbat:1	tibbat:1	tibet:1
ਤਿੱਬਤੀ	tibati:2	tibatee:1	tibbati:1
ਤਿੱਲ	till:3
ਤਿੱਲੇ	tille:3
ਤੀਆਂ	tiyan:2	tian:1
ਤੀਕ	teek:2	tik:2
ਤੀਕਰ	teekar:2	tikar:2
ਤੀਖਣਤਾ	teekhanta:2	tikhanta:2
ਤੀਜ	teej:3
ਤੀਜਾ	teeja:2	tija:2
ਤੀਜੀ	teeji:2	teejee:1	tiji:1
ਤੀਜੇ	teeje:2	tije:2
ਤੀਨ	teen:4
ਤੀਬਰ	teebar:2	tibar:2
ਤੀਬਰਤਾ	teebarta:1	teebartaa:1	tibarta:1	tibartaa:1
ਤੀਰ	teer:2	tir:1
ਤੀਰਅੰਦਾਜ਼	teerandaajh:1	teerandaaz:1	tirandaj:1
ਤੀਰਅੰਦਾਜ਼ੀ	teerandaajhi:1	teerandaazi:1	tirandaazi:1	tirandaji:1
ਤੀਰਥ	teerath:2	tirath:1	tirth:1
ਤੀਰਥਯਾਤਰੀਆਂ	teerathyaatriaan:1	teerathyatrian:1	tirathyatriyan:1
ਤੀਰਥਾਂ	tirthan:2	teerthaan:1
ਤੀਰਥੰਕਰ	tirthankar:2	teerathankar:1	tirathankar:1
ਤੀਰਸਕਾਰ	tiraskar:2	teeraskaar:1	teeraskar:1
ਤੀਰਾਂ	tiran:3	teeran:1
ਤੀਰਾਨੇ	tirane:3	teerane:1
ਤੀਲੀ	tili:3	teeli:1
ਤੀਵਰਤਾ	tivarta:2	tivarata:1	tiwarata:1
ਤੀਵੀਂ	tivin:2	teeween:1	tiveen:1	tiween:1
ਤੀਵੀਂਆਂ	tivian:1	tivinaan:1	tivinan:1	tiweean:1
ਤੀਵ੍ਰ	tivr:1	treev:1	triv:1
ਤੀਸ	tis:3	tees:2	tiis:1
ਤੀਸਰਾ	tisara:2	tisra:1
ਤੀਸਰੀ	teesari:1	tisari:1	tisri:1
ਤੀਸਰੇ	teesare:1	tisare:1	tisre:1
ਤੀਹ	tih:2	teeh:1
ਤੀਹਰਾ	teehara:1	tihara:1	tihra:1
ਤੀਹਰੀ	teehari:1	tihahi:1	tihri:1
ਤੀਹਰੇ	teehre:1	tihare:1	tihre:1
ਤੁ	tu:5
ਤੁਅੱਲਕ	tualak:3
ਤੁਆਰਫ਼	tuaaraf:1	tuaaraff:1	tuharaf:1
ਤੁਕ	tuk:3	took:1
ਤੁਕਬੰਦੀ	tukbandi:2	tukabandi:1
ਤੁਕਾ	tuka:3
ਤੁਕਾਂ	tukaan:2	tookan:1	tukan:1
ਤੁਕਾਂਤ	tukaant:2	tukant:1
ਤੁਕੀ	tukee:2	tuki:2
ਤੁਕੇ	tuke:3	tooke:1
ਤੁਗਲਕ	tugalak:2	tuglak:1
ਤੁਗ਼ਲਕ	tugalak:1	tuganlak:1	tughlak:1
ਤੁਝ	tujh:3
ਤੁਧ	tudh:3
ਤੁਪਕਾ	tupka:2	tupaka:1	tupqa:1
ਤੁਪਕੇ	tupke:2	tupake:1	tupqe:1
ਤੁਫ਼ਾਨ	tufaan:1	tuffan:1	tuphaan:1
ਤੁਫਾਨ	tufaan:2	tufan:1
ਤੁਮ	tum:10	tam:1
ਤੁਮਕੋ	tumko:3
ਤੁਮਨੇ	tumne:3
ਤੁਮਸੇ	tumse:2	tumase:1
ਤੁਮਹਾਰੀ	tumahaari:1	tumhaari:1	tumhari:1
ਤੁਮਹਾਰੇ	tumahaare:1	tumhaare:1	tumhare:1
ਤੁਮਹੇਂ	tumhen:3
ਤੁਮਾਰੀ	tumari:2	tumaari:1
ਤੁਮ੍ਹਾਰੀ	tumhari:2	tumharee:1
ਤੁਰ	tur:9
ਤੁਰਕ	turak:3	tark:1	turaka:1	turk:1
ਤੁਰਕਮਾਨ	turakmaan:1	turakman:1	turkman:1
ਤੁਰਕਾਂ	turkan:2	turkaa:1	turkaan:1
ਤੁਰਕਿਸਤਾਨ	turkistan:2	turkestan:1
ਤੁਰਕੀ	turki:3	turkee:1
ਤੁਰਗਨੇਵ	turagnev:2	turagnew:1	turgnev:1
ਤੁਰਦਾ	turda:3
ਤੁਰਦਿਆਂ	turdiaan:2	turdian:1	turdiyan:1
ਤੁਰਦੀ	turdee:2	turdi:2	turadi:1
ਤੁਰਦੀਆਂ	turdiaan:1	turdian:1	turdiyaan:1	turdiyan:1
ਤੁਰਦੇ	turde:3	turday:1
ਤੁਰਨ	turan:3
ਤੁਰਨਾ	turna:3
ਤੁਰਾ	tura:3	toora:1
ਤੁਰਿਆ	turiaa:2	turia:1	turiya:1	turiyaa:1
ਤੁਰੀ	turee:2	turi:2
ਤੁਰੀਂ	tureen:2	turi:1	turin:1
ਤੁਰੀਆਂ	tureeaan:1	turiaan:1	turian:1	turiyaan:1
ਤੁਰੇ	ture:3	turay:1
ਤੁਰੰਤ	turant:6
ਤੁਲ	tul:4
ਤੁਲਣਾ	tulna:3
ਤੁਲਨਾ	tulna:4
ਤੁਲਨਾਇਆ	tulaaniyaa:1	tulnaaiaa:1	tulnaia:1	tulnaiya:1
ਤੁਲਨਾਤਮਕ	tuknatmak:1	tulnatamak:1	tulnatmak:1
ਤੁਲਨਾਤਮਿਕ	tulnatmik:3
ਤੁਲਸੀ	tulsi:4	tulasi:1	tulsee:1
ਤੁਲਸੀਦਾਸ	tulsidas:3	tulseedas:1
ਤੁਲਾਈ	tulaai:1	tulai:1	tulaiee:1	tulaii:1
ਤੁਲਿਆ	tuliaa:2	tulia:1	tuliya:1	tuliyaa:1
ਤੁਸ਼ਾਰ	tushar:3
ਤੁਸਾਂ	tusan:3
ਤੁਸਾਦ	tusad:3
ਤੁਸੀ	tusi:5	tusee:1
ਤੁਸੀਂ	tusin:5	tuseen:2
ਤੁਹਾਡਾ	tuhada:3
ਤੁਹਾਡੀ	tuhadi:3	tuhadee:1
ਤੁਹਾਡੀਆਂ	tuhadiaan:2	tuhadeeaan:1	tuhadiyan:1
ਤੁਹਾਡੇ	tuhade:3
ਤੁਹਾਨੂੰ	tuhanun:2	tuhanoon:1	tuhanu:1
ਤੁੰਗ	tung:3
ਤੁੱਕ	tukk:3	took:1
ਤੁੱਲ	tull:4
ਤੂ	too:2	tu:2
ਤੂਤ	toot:3	tut:2
ਤੂਤਾਂ	tootan:2	tutaan:2
ਤੂਤੀ	tooti:3	tuti:2
ਤੂਨੇ	toone:2	tune:2
ਤੂਫ਼ਾਨ	toofan:1	toophaan:1	tufan:1
ਤੂਫ਼ਾਨੀ	toofani:2	toophani:1	tuffani:1
ਤੂਫਾਨ	toofan:4	tufaan:1	tufan:1
ਤੂਰ	toor:2	tur:2
ਤੂਰਾ	toora:2	tura:2
ਤੂਰਾਂ	toora:1	tooraan:1	tura:1	turan:1
ਤੂੜੀ	toodi:4	tudi:4
ਤੂੰ	tun:5	toon:2
ਤੂੰਬੀ	toombi:1	tumbi:1	tunbi:1
ਤੇ	te:3
ਤੇਂਦੁਏ	tendue:4	tenduyae:1	tenduye:1	tenduyee:1
ਤੇਂਦੁਲਕਰ	tendulkar:7
ਤੇਗ	teg:5
ਤੇਜ	tej:4
ਤੇਜਵੰਤ	tejvant:2	tejwant:1
ਤੇਜਸ	teejab:1	teejabh:1	teezab:1	tejab:1
ਤੇਜਸਵੀ	tejasvi:2	tejasavi:1	tejsavi:1	tejsawi:1
ਤੇਜ਼	tez:3
ਤੇਜ਼ਧਾਰ	tezdhar:2	tezdhaar:1
ਤੇਜ਼ਾਬ	tezaab:2	tezab:1
ਤੇਜ਼ਾਬੀ	tezaabi:2	tezabi:1
ਤੇਜ਼ੀ	tezi:2	tezee:1
ਤੇਜਾ	teja:3	tejaa:2
ਤੇਜਾਬ	tejaab:2	tejab:1
ਤੇਜਿੰਦਰ	tejinder:3
ਤੇਜੀ	teji:3
ਤੇਤੀ	teti:3
ਤੇਰਵੀਂ	teravin:1	tervin:1	terween:1	terwin:1
ਤੇਰਵੇਂ	terven:3	terwen:2	terve:1
ਤੇਰਸ	teras:3
ਤੇਰਾ	tera:3
ਤੇਰਾਂ	teran:3
ਤੇਰਿਆਂ	teriaan:2	terian:1	teriyaan:1	teriyan:1
ਤੇਰੀ	teri:6
ਤੇਰੀਆਂ	teriaan:1	terian:1	teriyan:1
ਤੇਰੇ	tere:7	tare:1	taree:1	teeree:1
ਤੇਰ੍ਹਵਾਂ	teharvan:1	terahvan:1	terahwan:1	terhvan:1
ਤੇਰ੍ਹਵੀਂ	terahanvi:1	teravin:1	terhavin:1	terhvi:1
ਤੇਰ੍ਹਵੇਂ	terhven:2	terahven:1	terahwen:1	terhwen:1
ਤੇਰ੍ਹਾਂ	terhan:2	terahan:1	teranh:1
ਤੇਲ	tel:4	tail:2	teel:1
ਤੇਲਗੂ	telgu:2	telugu:2	telagu:1	telugoo:1
ਤੇਲਾ	tela:3
ਤੇਲਾਂ	telan:3	tailan:1	tela:1
ਤੇਲੀ	teli:3	telee:1	tely:1
ਤੇਲੀਆਂ	teliaan:2	telian:1	teliyaan:1	teliyan:1
ਤੇਲੁਗੁ	telugu:5
ਤੇਲੁਗੂ	telugu:4
ਤੇਲੇ	tele:3
ਤੇਲੰਗਾਨਾ	telangana:6	teelangana:1	teelangna:1	teeleengana:1
ਤੇਵਰ	tevar:3	tewar:2
ਤੇਹ	teh:4
ਤੇਹਰਾਨ	tehran:3	tahran:1	tairan:1	teehran:1
ਤੇਹਾਂ	tehan:2	tehaan:1
ਤੇੜ	ted:3	taid:1	ter:1
ਤੇੜੇ	tede:3	taide:1
ਤੈਅ	taea:1	tai:1	taiye:1
ਤੈਨਾਤ	taenaat:1	tainaat:1	tainat:1
ਤੈਨਾਤੀ	taenaati:1	tainaati:1	tainati:1
ਤੈਨੂੰ	tainun:4	taenoon:1	tainoon:1
ਤੈਮੂਰ	taimur:2	taemoor:1	taimoor:1
ਤੈਰ	tair:2	taer:1	ter:1
ਤੈਰਦਾ	tairda:2	taerda:1	terda:1
ਤੈਰਦੇ	taerde:1	tairde:1	tarde:1	terde:1
ਤੈਰਨ	tairan:2	taeran:1	taran:1	teran:1
ਤੈਰਨਾ	taerna:2	tairna:2
ਤੈਰਾਕ	tairak:2	taerak:1	taeraq:1
ਤੈਰਾਕੀ	taeraki:1	taeraqi:1	tairaki:1	taoraki:1
ਤੈਸੀ	taisi:2	taesee:1	taici:1	taise:1
ਤੋ	to:5
ਤੋਂ	ton:3
ਤੋਤਾ	tota:3
ਤੋਤਿਆ	totia:2	totea:1	totiaa:1	totiya:1
ਤੋਤਿਆਂ	totian:2	totean:1	totiaan:1
ਤੋਤੇ	tote:3
ਤੋਦੋਰੋਵ	todorov:2	todorow:1
ਤੋਪ	top:3
ਤੋਪਖ਼ਾਨਾ	topkhana:2	topkhane:1
ਤੋਪਖ਼ਾਨੇ	topkhane:3
ਤੋਪਖਾਨਾ	topkhana:3
ਤੋਪਖਾਨੇ	topkhane:3
ਤੋਪਚੀ	topachi:2	topchi:2
ਤੋਪਚੀਆਂ	topchian:2	topachiyan:1	topchiyan:1
ਤੋਪਾ	topa:3
ਤੋਪਾਂ	topan:3	topa:1
ਤੋਪੇ	tope:3
ਤੋਮਰ	tomar:3
ਤੋਰ	tor:4	taur:1	toor:1
ਤੋਰਤਾ	torata:2	torta:2
ਤੋਰਦਾ	torda:3	tarada:1	torada:1
ਤੋਰਦੀ	toradi:2	tordi:2
ਤੋਰਦੇ	torde:2	torade:1	tordey:1
ਤੋਰਨ	toran:3
ਤੋਰਨਾ	torana:2	torna:2
ਤੋਰਾ	tora:3
ਤੋਰਾਤ	torat:2	toraat:1
ਤੋਰਿਆ	torea:1	toreya:1	toria:1	toriaa:1
ਤੋਰੀ	tori:3	toorrai:1	toorre:1	toorrei:1
ਤੋਰੇ	tore:3
ਤੋਲ	tol:3	taul:1
ਤੋਲੇ	tole:3
ਤੋਸ਼ੇਖਾਨੇ	toshekhane:3
ਤੋਹਫ਼ਾ	tohfa:2	tohafa:1	tohffa:1
ਤੋਹਫ਼ਿਆਂ	tohfean:1	tohffiaan:1	tohfiaan:1	tohfian:1
ਤੋਹਫ਼ੇ	tohfe:2	tohafe:1	tohffe:1
ਤੋਹਫੇ	tohfe:2	tohafe:1	tohde:1
ਤੋੜ	tod:5	todd:1	torh:1
ਤੋੜਕੇ	todake:1	todke:1	torhake:1
ਤੋੜਦਾ	todada:1	todadaa:1	torhda:1
ਤੋੜਦਿਆਂ	todadiaan:1	tordiaan:1	torhdiaan:1
ਤੋੜਦੀ	todadee:1	todadi:1	torhdi:1
ਤੋੜਦੇ	todade:4	toddade:1	todde:1	torade:1
ਤੋੜਨ	todan:5	torhan:1
ਤੋੜਨਾ	todna:2	todanaa:1
ਤੋੜਫੋੜ	todfod:5	todphod:1
ਤੋੜਵੀਂ	todvin:2	todaveen:1
ਤੋੜਾ	toda:3
ਤੋੜਿਆ	todia:2	todiaa:2	toddiaa:1	todea:1
ਤੋੜਿਆਂ	todiaan:2	todiyan:1
ਤੋੜੀ	todi:4	toddi:1	todee:1	todhi:1
ਤੋੜੇ	tode:3
ਤੌ	tau:3	to:2	tou:1
ਤੌਕ	tauk:1	taukh:1	tok:1	tokh:1
ਤੌਖਲਾ	taukhla:1	tokhala:1	tokhla:1
ਤੌਬਾ	tauba:2	toba:2
ਤੌਰ	taur:2	tor:2
ਤੌਰਤੇ	torate:2	taurate:1	taurte:1	torte:1
ਤੌਲੀਆ	taulia:1	tauliaa:1	tolia:1	toliya:1
ਤੌਹੀਨ	tauheen:1	tauhin:1	toheen:1	tohin:1
ਤੌੜੀ	taudi:2	todi:2	tauri:1
ਤੌੜੀਆਂ	taudiaan:1	taudian:1	taurian:1	todian:1
ਤ੍ਰਾਸ	tras:3	traas:1
ਤ੍ਰਾਸਦਕ	trasdak:2	trasdar:1
ਤ੍ਰਿਏਕ	triek:2	triaek:1
ਤ੍ਰਿਣਮੂਲ	trinmul:2	trinmool:1
ਤ੍ਰਿਨੀਦਾਦ	trinidad:3	trinidaad:2	trineedaad:1	triniidaad:1
ਤ੍ਰਿਪਤ	tripat:3	tript:2
ਤ੍ਰਿਪਤਾ	tripta:5
ਤ੍ਰਿਪਤੀ	tripati:2	tripti:1
ਤ੍ਰਿਪੁਰਾ	tripura:4	tripuraa:1
ਤ੍ਰਿਮੂਰਤੀ	trimurti:2	trimoorti:1
ਤ੍ਰਿਲੋਚਨ	trilochan:3
ਤ੍ਰਿਵੇਣੀ	triveni:3
ਤ੍ਰਿਵੇਦੀ	trivedi:3
ਤ੍ਰਿਵੈਣੀ	trivaeni:1	trivaini:1	trivanee:1	trivani:1
ਤ੍ਰਿਵੈਣੀਆਂ	trivainiyaa:1	trivaniaan:1	triveniaan:1
ਤ੍ਰਿਸ਼ਨਾ	trishna:4
ਤ੍ਰਿਸ਼ੂਲ	trishul:3	trishool:1
ਤ੍ਰਿਸ਼ੰਕੂ	trishanku:2	trishankoo:1
ਤ੍ਰਿੰਝਣ	trinjhan:3
ਤ੍ਰਿੰਝਣਾਂ	trinjhanan:2	trinjhnan:1
ਤ੍ਰੇਤਾ	treta:3
ਤ੍ਰੇਲ	trel:3	trail:1
ਤ੍ਰੇਹਨ	trehan:3
ਤ੍ਰੈਮਾਸਿਕ	tramasik:1	tremasik:1	trimasik:1
ਤ੍ਰੈਲੋਚਨ	trailochan:1	tralochan:1	trelochan:1
ਤੜਕਸਾਰ	tadhaksaar:1	tadkasar:1	taraksar:1
ਤੜਕਾ	tadhka:1	tadka:1	tarka:1
ਤੜਕੇ	tadke:3	tadake:1	tadhake:1	tadqe:1
ਤੜਪ	tadap:1	tadhap:1	tarap:1
ਤੜਪਣ	tadhpanh:1	tadpan:1	tarpan:1
ਤੜਪਦੀ	tadhpadi:1	tadpadi:1	tarapdi:1
ਤੜਫ	tadaf:2	tadaph:1	tadhaf:1	taraf:1
ਤੜਫਦੀ	tadfadi:1	tadhfadi:1	tarafdi:1
ਤੜੇ	tade:1	tadhe:1	tre:1
ਤੰਗ	tang:3
ਤੰਗਦਸਤੀ	tangdasti:3
ਤੰਗਲੀ	tangli:3	tanglee:1
ਤੰਗਾਂ	tanga:2	tangaan:1	tangan:1
ਤੰਗੀ	tangi:3	tangee:2
ਤੰਗੀਆਂ	tangiaan:1	tangian:1	tangiya:1	tangiyan:1
ਤੰਤਰ	tantar:3	tanter:1
ਤੰਤਰੀ	tantari:2	tantree:1	tantri:1
ਤੰਦ	tand:3
ਤੰਦਰੁਸਤ	tandrusat:2	tandrust:1
ਤੰਦਰੁਸਤੀ	tandrusti:2	tandrusati:1
ਤੰਦਰੂਸਤ	tandrusat:2	tandroost:1
ਤੰਦਾਂ	tanda:1	tandaan:1	tandan:1
ਤੰਦੁਰੁਸਤ	tandurust:2	tandusrat:1
ਤੰਦੂਆ	tandooaa:1	tandua:1	tanduaa:1
ਤੰਦੂਰ	tandoor:3	tandur:1
ਤੰਦੂਰੀ	tandoori:2	tandooree:1	tanduri:1
ਤੰਬਾ	tamba:1	tambaa:1	tanba:1	tanbaa:1
ਤੰਬਾਕੂ	tambakoo:1	tambaku:1	tanbaaku:1
ਤੰਬਾਕੂਨੋਸ਼ੀ	tambaakoonoshi:1	tambakunoshi:1	tanbakunoshi:1
ਤੰਬੂ	tamboo:2	tanboo:1	tanbu:1
ਤੰਬੂਰਾ	tamboora:1	tambooraa:1	tanbura:1
ਤੰਬੋਲ	tanbol:2	tambol:1
ਤੰਮਾਕੂ	tamaku:1	tambakoo:1	tanmaaku:1
ਤੰਵਰ	tanvar:2	tanwar:1
ਤੱਕ	takk:4
ਤੱਕਦਾ	takkada:2	takda:1	takkda:1
ਤੱਕਲੇ	takale:1	takkle:1	taqqle:1
ਤੱਕਿਆ	takkiaa:2	takkiyaa:1	taqqiaa:1
ਤੱਕੀ	takki:3	taqqi:1
ਤੱਕੇ	take:2	takke:2
ਤੱਕੜੀ	takadhi:1	takkadee:1	takkdi:1	takkrhi:1
ਤੱਟ	tatt:2	tat:1
ਤੱਟਵਰਤੀ	tattavarati:1	tattvarti:1	tattwarti:1	tatvarti:1
ਤੱਟੀ	tatti:2	tattee:1
ਤੱਤ	tatt:4	tat:1	tats:1	tatsh:1
ਤੱਤਕਾਲੀ	tattkali:2	tatkalee:1
ਤੱਤਕਾਲੀਨ	tatkaaleen:1	tatkaalin:1	tattkalin:1
ਤੱਤਭਵ	tattbhav:3
ਤੱਤਵ	tattav:3
ਤੱਤਾ	tatta:3
ਤੱਤਾਂ	tattan:3
ਤੱਤੇ	tatte:3
ਤੱਥਾਂ	tatthan:2	tathan:1
ਤੱਦ	tadd:3	tad:1
ਤੱਪ	tapp:3	tap:1
ਤੱਪਸਿਆ	tapasea:1	tapasia:1	tappasiaa:1
ਤੱਬੂ	tabbu:2	taba:1	tabu:1	tabuu:1
ਤੱਰਕੀ	tarraki:3	tarrakee:1	tarrki:1	tarrqi:1
ਤੱਲ	tall:2	tal:1
ਤੱਲਵੰਡੀ	tallvandi:1	talvandhi:1	talwandi:1
ਥਈ	thai:2	thiee:1	thii:1
ਥਕਾਨ	thakan:2	thakaan:1	thkan:1
ਥਕਾਵਟ	thakavat:2	thakawat:1	thkawat:1	thqawat:1
ਥਣਾਂ	thana:1	thanan:1	thanna:1	thannan:1
ਥਪੇੜੇ	thapede:3
ਥਮ	tham:4
ਥਮਲਿਆਂ	thamliaan:2	thamliyaan:1
ਥਰਥਰਾਹਟ	thartharahat:2	thartharaahat:1
ਥਰਮਲ	tharmal:1	tharmul:1	thermal:1	thermul:1
ਥਰਿੱਡ	thread:1	thred:1	thrid:1
ਥਰੀ	thari:2	tharee:1
ਥਰੀਕਿਆਂ	tharikiaan:2	thareekiaan:1
ਥਰੀਕੇ	tharike:2	thareeke:1
ਥਰੂ	tharu:2	tharoo:1
ਥਰੂਰ	tharoor:2	tharur:1
ਥਰੋਅਰ	thrauver:1	thrauwar:1	thrauwer:1	thraver:1
ਥਲ	thal:3
ਥਲਾਂ	thalan:2	thalaan:1
ਥਲੇ	thale:3
ਥਾ	tha:2	thaa:2
ਥਾਂ	thaan:2	than:2
ਥਾਂਵਾ	thaanva:2	thanva:1	thanwa:1
ਥਾਇਰਾਇਡ	thyroid:2	thairaidd:1	thairoid:1
ਥਾਇਲੈਂਡ	thailand:3
ਥਾਈ	thai:3	thaaee:2	thaai:1	thaaii:1
ਥਾਈਂ	thaaeen:2	thain:2	thaain:1	thai:1
ਥਾਈਲੈਂਡ	thailand:8	thaeeland:2	thaailand:1
ਥਾਏਂ	thaaen:2	thae:1
ਥਾਣਾ	thaana:1	thana:1	thanaa:1
ਥਾਣੇ	thane:5	thaane:3
ਥਾਣੇਦਾਰ	thanedaar:2	thaanedar:1
ਥਾਨੇ	thaane:2	thane:2
ਥਾਨੇਸਰ	thanesar:3
ਥਾਪ	thaap:3	thap:1
ਥਾਪਕ	thapak:2	thaapak:1
ਥਾਪਦੇ	thaapde:2	thapde:1
ਥਾਪਰ	thapar:2	thaapar:1
ਥਾਪਾ	thapa:3	thaapa:2	thappa:1
ਥਾਪਿਆ	thaapeaa:1	thaapiaa:1	thapiya:1
ਥਾਪੀਆਂ	thaapiaan:1	thaapiyaan:1	thapeeyaan:1	thappeyan:1
ਥਾਪੇ	thaape:2	thape:2
ਥਾਮ	thaam:2	thaas:1
ਥਾਮਸ	thaamas:2	thamas:2	thomas:2	thaamash:1
ਥਾਮਸਨ	thaamsan:1	thamsan:1	thomson:1
ਥਾਰ	thaar:1	thar:1	tharr:1
ਥਾਲ	thaal:3
ਥਾਲੀ	thaali:3	thalee:1
ਥਾਲੀਆਂ	thaaliaan:1	thaaliyan:1	thaliyan:1
ਥਾਲੁ	thaalu:2	thalu:1
ਥਾਵਾਂ	thaavan:2	thaavaan:1	thavan:1
ਥਾਵੇਂ	thaaven:2	thaven:1	thawen:1
ਥਾਹ	thaah:2	thah:1
ਥਿਆਈ	thiaaee:1	thiaai:1	thiaee:1	thiyaai:1
ਥਿਊਰੀਆਂ	thiooreeaan:1	thiuriyaan:1	thuurian:1
ਥਿਰ	thir:4
ਥਿੜਕਣ	thidkan:3	thirakan:1	thirkan:1
ਥੀ	thi:3	thee:2
ਥੀਆਂ	thian:2	theean:1	thiaan:1	thiyaan:1
ਥੀਏਟਰ	theater:5	theatre:2	theatar:1	theeter:1
ਥੀਮਾਂ	theeman:1	themean:1	thiman:1
ਥੀਮਿਕ	thimik:2	themeic:1	themic:1
ਥੀਸਸ	theeshish:1	theesiis:1	theesis:1	theshish:1
ਥੀਸਿਸ	thisis:4	thesis:2
ਥੁੜ੍ਹ	thudh:2	thud:1
ਥੁੜ੍ਹਾਂ	thudan:1	thudhaan:1	thudhan:1
ਥੁੱਕ	thhuk:1	thuk:1	thukk:1
ਥੇ	the:3	thay:1
ਥੇਮਜ਼	themaz:2	thames:1
ਥੇਹ	theh:3
ਥੇਹਾਂ	thehan:2	thehaan:1
ਥੈਚਰ	thachar:1	thaichar:1	thatcher:1	thatchure:1
ਥੈਰਪੀ	therapy:2	thaipki:1
ਥੈਲਾ	thaila:2	thaela:1	thela:1
ਥੈਲੀ	thaili:2	thaeli:1	thaily:1	theli:1
ਥੋਕ	thok:3
ਥੋਪ	thop:3
ਥੋਪਣ	thopan:3
ਥੋਪਦੇ	thopde:3
ਥੋਮਸ	thomas:3
ਥੋਰ	thor:4
ਥੋਰੀਅਮ	thoriam:3
ਥੋਰੋ	thoro:3
ਥੋਹਰ	thohar:3
ਥੋੜਾ	thoda:7
ਥੋੜੀ	thodi:5	thodee:1	thori:1
ਥੋੜੀਆਂ	thodiaan:1	thodian:1	thodiyaan:1
ਥੋੜੇ	thode:6
ਥੋੜ੍ਹਾ	thodha:4	thodah:1	thodhaa:1	thohda:1
ਥੋੜ੍ਹੀ	thodhi:4	thodi:1	thodih:1	thohdi:1
ਥੋੜ੍ਹੀਆਂ	thodheea:1	thodheeaan:1	thodhia:1
ਥੋੜ੍ਹੇ	thodhe:2	thodeh:1
ਥੜ੍ਹਾ	thadha:2	tharha:1
ਥੜ੍ਹੇ	tharhe:2	thadhe:1
ਥੰਡਰ	thandar:1	thundar:1	thunder:1
ਥੰਮ	thamm:2	tham:1
ਥੰਮਾਂ	thammaa:1	thammaan:1	thanman:1
ਥੰਮ੍ਹ	thammh:2	thammah:1	thanmuh:1
ਥੱਕ	thakk:2	thhak:1
ਥੱਕਾ	thaka:2	thakka:1	thaqa:1	thhaka:1
ਥੱਕਿਆ	thakean:1	thakiaa:1	thakkian:1	thaqiaa:1
ਥੱਕੇ	thake:2	thaqe:1
ਥੱਪ	thapp:2	thhap:1
ਥੱਪੜ	thappad:5	thhapad:2	thappadh:1
ਥੱਲਾ	thalla:3
ਥੱਲੇ	thalle:3
ਥੱਲ੍ਹੇ	thallhe:2	thalhe:1
ਥੱਲੜੇ	thalde:1	thallade:1	thallarhe:1
ਦਇਆਨੰਦ	daiaanand:1	daianand:1	diyanand:1
ਦਇਆਵਾਨ	daiavan:2	daiaavan:1
ਦਏ	dae:2	daye:1
ਦਕਸ਼	daksh:2	dakash:1	duksh:1
ਦਖਣ	dakhan:3	dukhan:1
ਦਖਣੀ	dakhni:3	dakhnee:1
ਦਖਲ	dakhal:4
ਦਖਲਅੰਦਾਜ਼ੀ	dakhalandaazi:3	dakhalandazi:1
ਦਖਲਅੰਦਾਜੀ	dakhalandaaji:3	dakhalandaji:1
ਦਖ਼ਲਅੰਦਾਜ਼ੀ	dakhalandaazi:3	dakhalandazi:1
ਦਖਾਇਆ	dakhaaeaa:1	dakhaia:1	dakhaiaa:1	dakhaiya:1
ਦਨ	dan:2	dn:1
ਦਫਤਰ	daftar:8
ਦਫਤਰਾਂ	daftaran:2	daftaraan:1
ਦਫਤਰੀ	daftari:1	daftree:1	daftri:1
ਦਫਨ	dafan:3
ਦਫਨਾ	dafna:3
ਦਫਨਾਇਆ	dafnaiyaa:4	dafnaaeaa:1	dafnaeaa:1	dafnaiaa:1
ਦਫਨਾਉਣ	dafnaun:3	dafnaoon:1
ਦਫ਼ਤਰ	daftar:2	dafftar:1	daphtar:1
ਦਫ਼ਤਰੀ	dafftree:1	dafftri:1	daphtaree:1	daphtari:1
ਦਫ਼ਨ	dafan:1	daffan:1	daphan:1
ਦਫ਼ਨਾਇਆ	dafnaia:1	dafnayia:1	daphnaeaa:1
ਦਫ਼ਨਾਉਣ	dafnaun:2	dafnaoon:1	daphnaaun:1	daphnaun:1
ਦਫ਼ਾ	dafa:1	daffa:1	daphaa:1
ਦਫਾ	dafa:2	dafaa:1
ਦਬਦਬਾ	dabdaba:3
ਦਬਦਬੇ	dabdabe:3	dabdabay:1
ਦਬਾ	daba:3	dabaa:1	dba:1
ਦਬਾਅ	dabaa:1	dabaay:1	dbaa:1
ਦਬਾਇਆ	dabaia:2	dabaea:1	dabaiya:1	dabayiaa:1
ਦਬਾਉ	dabau:3	dabaoo:1
ਦਬਾਉਂਦੇ	dabaunde:3	dabaoonday:1
ਦਬਾਉਣ	dabaun:6	dabaoon:2
ਦਬਾਓ	dabaao:1	dabaau:1	dabaou:1	dabau:1
ਦਬਾਕੇ	dabake:2	dabaake:1
ਦਬਾਵਾਂ	dabavan:2	dabaavan:1
ਦਬੀ	dabi:2	dabee:1
ਦਬੋਚ	daboch:3
ਦਬੰਗ	dabang:2	dabnag:1
ਦਮ	dam:4	dum:1
ਦਮਕ	damak:3
ਦਮਦਮਾ	damdama:3
ਦਮਦਮੀ	damdami:2	damdamee:1
ਦਮਦਾਰ	damdar:2	damdaar:1
ਦਮਨ	daman:4	damana:1
ਦਮਨਕਾਰੀ	damankari:2	damankaree:1
ਦਮਾ	dama:3
ਦਮਿਤ	damit:3	damet:1
ਦਮਿਤਰੀ	damitari:2	dametari:1	damitri:1
ਦਮਿਤ੍ਰੀ	diimiitree:1	diimiitrii:1	dimitree:1	dimitri:1
ਦਮਿਸ਼ਕ	damishak:2	dmishak:1
ਦਮਿੱਤਰੀ	damettari:1	damittaree:1	damittri:1	diimiitree:1
ਦਮੇ	dame:3
ਦਮੋਦਰ	damodar:2	damoder:1
ਦਯਾ	daya:5	dayaa:1	dayya:1
ਦਯਾਨੰਦ	dayanand:3
ਦਰ	dar:5
ਦਰਅਸਲ	darasal:3
ਦਰਕਿਨਾਰ	darkinaar:1	darkinar:1	darnikar:1
ਦਰਖਤ	darkhat:6
ਦਰਖਤਾਂ	darkhatan:5	darkhtaan:1
ਦਰਖ਼ਤਾਂ	darkhatan:2	darkhtaan:1
ਦਰਗਾਹ	dargaah:6	dargah:2
ਦਰਗਾਹੀ	dargahi:3	dargaahi:2
ਦਰਜ	daraj:4	darj:1
ਦਰਜਨ	darjan:3
ਦਰਜਨਾਂ	darjanan:3	darjana:1
ਦਰਜ਼ਾ	darza:3
ਦਰਜ਼ੀ	darzi:3	darzee:1
ਦਰਜਾ	darja:3
ਦਰਜਾਬੰਦੀ	darjabandi:3
ਦਰਜੀ	darji:3	darjee:1
ਦਰਜੇ	darje:3
ਦਰਜੇਬੰਦੀ	darjebandi:3
ਦਰਦ	dard:2	darad:1
ਦਰਦਨਾਕ	dardnak:2	daradnaak:1	dardnaak:1
ਦਰਦਾਂ	dardan:3
ਦਰਦੀ	dardi:4
ਦਰਪਣ	darpan:3
ਦਰਪਨ	darpan:3
ਦਰਪੇਸ਼	darpesh:3
ਦਰਬਾਨ	darban:3	darbaan:1
ਦਰਬਾਰ	darbar:6
ਦਰਬਾਰਾ	darbara:2	darbar:1
ਦਰਬਾਰਾਂ	darbaran:3
ਦਰਬਾਰੀ	darbari:3
ਦਰਬਾਰੀਆਂ	darbarian:2	darbariyaan:1
ਦਰਭੰਗਾ	darbhanga:4
ਦਰਮਿਆਨ	darmian:4	darmiyaan:2	darmiyan:2
ਦਰਮਿਆਨੀ	darmiani:2	darmiyaani:1	darmiyani:1
ਦਰਮਿਆਨੇ	darmiane:2	darmiaane:1	darmiyane:1
ਦਰਵਾਜ਼ਾ	darwaza:2	darvaza:1
ਦਰਵਾਜ਼ਿਆਂ	darvazian:3	darvajian:1	darwajian:1	darwazian:1
ਦਰਵਾਜ਼ੇ	darvaze:2	darwaze:2
ਦਰਵਾਜਾ	darwaja:3	darvaja:2
ਦਰਵਾਜਿਆਂ	darvajian:2	darwaajiyaan:1	darwajian:1	darwajiyaan:1
ਦਰਵਾਜੇ	darvaje:2	darwaaje:1	darwaje:1
ਦਰਵੇਸ਼	darvesh:3	darvis:1	darvish:1	darvishh:1
ਦਰਵੇਸ਼ਾਂ	darveshan:2	darvesha:1	darweshan:1
ਦਰਸ	daras:4	dars:1
ਦਰਸ਼ਕ	darshak:3
ਦਰਸ਼ਕਾ	darshaka:3
ਦਰਸ਼ਕਾਂ	darshakan:3
ਦਰਸ਼ਨ	darshan:4	darsan:1	darshhan:1
ਦਰਸ਼ਨਾ	darshana:2	darshnaa:1
ਦਰਸ਼ਨਾਂ	darshanan:2	darshana:1	darshanaa:1
ਦਰਸ਼ਨੀ	darshani:3
ਦਰਸ਼ਾਂਦਾ	darshanda:2	darshaanda:1	darshanta:1
ਦਰਸ਼ਾਇਆ	darshaeaa:1	darshaiiaa:1	darshaiyaa:1
ਦਰਸ਼ਾਉਂਦਾ	darshaaunda:1	darshaounda:1	darshaunda:1
ਦਰਸ਼ਾਉਂਦੀ	darshaundi:2	darshaaundi:1	darshaoundee:1	darshaoundi:1
ਦਰਸ਼ਾਉਂਦੀਆਂ	darshaoundiaan:1	darshaundia:1	darshaundiyaan:1
ਦਰਸ਼ਾਉਣ	darshaaun:1	darshaoun:1	darshaun:1
ਦਰਸ਼ਾਏ	darshaae:1	darshae:1	darshaye:1
ਦਰਸ਼ਾਤੇ	darshate:2	darshaate:1
ਦਰਸਾ	darsa:3	darsaa:1
ਦਰਸਾਂਦੀਆਂ	darsandiaan:2	darsaandiaan:1	darsandiyaan:1
ਦਰਸਾਇਆ	darsaea:1	darsaiiaa:1	darsaiyaa:1
ਦਰਸਾਇਆਂ	darsaaiyaan:1	darsaea:1	darsaiiaan:1
ਦਰਸਾਈ	darsaai:1	darsai:1	darsaiee:1	darsaii:1
ਦਰਸਾਈਆਂ	darsaaiyaan:1	darsaia:1	darsaiiaan:1
ਦਰਸਾਉਂਦਾ	darsaaunda:1	darsaounda:1	darsaunda:1
ਦਰਸਾਉਂਦੀ	darsaaundi:1	darsaoundee:1	darsaoundi:1	darsaundi:1
ਦਰਸਾਉਂਦੀਆਂ	darsaaundiyaan:1	darsaoundiaan:1	darsaundia:1
ਦਰਸਾਉਂਦੇ	darasaunde:1	darsaaunde:1	darsaounde:1
ਦਰਸਾਉਣ	darsaaun:1	darsaoun:1	darsaun:1
ਦਰਸਾਉਣਾ	darsaauna:1	darsaouna:1	darsauna:1
ਦਰਸਾਉਦਾ	darsaauda:1	darsaouda:1	darsauda:1
ਦਰਸਾਉਦੇ	darsaude:2	darsaounde:1
ਦਰਸਾਏ	darsaae:1	darsae:1	darsaye:1
ਦਰਸਾਓ	darsaao:1	darsaau:1	darsao:1
ਦਰਸਾਰੇ	darsare:2	darsaare:1
ਦਰਾ	dara:4
ਦਰਾਂ	daran:2	daraan:1
ਦਰਾਜ	daraj:2	daraaj:1	draaj:1
ਦਰਾਜ਼	daraaz:1	daraj:1	daraz:1
ਦਰਾਡੇ	darade:2	drade:1	drahde:1
ਦਰਾਣੀ	darani:2	daranee:1	daranni:1
ਦਰਾਵਿੜ	dravid:2	daravirr:1
ਦਰਾਵੜ	daravad:1	daravarr:1	dravad:1	dravid:1
ਦਰਾਵੜਾਂ	daravadan:1	daravarra:1	dravadan:1	dravidan:1
ਦਰਾਸ	daras:3	daraas:1
ਦਰਿਆ	dariaa:4	daria:1	dariya:1
ਦਰਿਆਈ	dariaaee:1	dariaavi:1	dariai:1
ਦਰਿਆਵਾਂ	dariaavan:2	dariavan:1
ਦਰਿਯਾ	dariya:3
ਦਰਿੰਦਿਆਂ	darindiaan:2	darindigi:1
ਦਰੀ	dari:2	daree:1
ਦਰੀਆਂ	dareean:1	darian:1	dariyaan:1
ਦਰੀਆਏ	dareeaaee:1	dariae:1	dariaye:1
ਦਰੁ	daru:3
ਦਰੁਸਤ	darust:3	darusat:1
ਦਰੋਪਤੀ	daropati:2	daropatee:1
ਦਰੜ	darad:2	darar:1	dararr:1
ਦਰੜੇ	darade:2	darare:1	dararre:1
ਦਲ	dal:5	dall:1
ਦਲਜੀਤ	daljeet:2	daljit:1
ਦਲਦਲ	daldal:3
ਦਲਦਲੀ	daldali:3
ਦਲਾਂ	dalan:2	dalaan:1
ਦਲਾਈ	dalaai:1	dalaee:1	dlaai:1	dlai:1
ਦਲਾਈਲਾਮਾ	dalaaeelama:1	dalaeelama:1	dalailama:1	dlaaeelama:1
ਦਲਾਨ	dalan:2	dlaan:1
ਦਲਾਲ	dalal:2	dlaal:1
ਦਲਾਲਾਂ	dalalan:2	dalaalaan:1
ਦਲਾਲੀ	dalali:2	dalaali:1
ਦਲਿਤ	dalit:5	dalita:1	dalitt:1
ਦਲਿਤਾਂ	daleta:1	daletan:1	dalita:1	dalitaan:1
ਦਲੀਆ	daleea:1	dalia:1	daliya:1	dlia:1
ਦਲੀਪ	dalip:2	dleep:1
ਦਲੀਲ	dalil:2	dleel:1
ਦਲੀਲਬਾਜ਼ੀ	dalilbaji:1	dalilbazi:1	dleelbazi:1
ਦਲੀਲ਼	dalil:2	dleel:1
ਦਲੀਲਾਂ	dalilan:2	dalila:1	dleelan:1
ਦਲੇਰ	daler:2	dler:1
ਦਲੇਰਾਨਾ	dalerana:2	dlerana:1
ਦਲੇਰੀ	daleri:2	dleri:1
ਦਵਾ	dava:2	dva:1	dwa:1
ਦਵਾਇਆ	davaia:1	davaiaa:1	davayiaa:1
ਦਵਾਈ	davai:2	davayi:2	dawaaee:1	dawaee:1
ਦਵਾਈਆ	davaia:2	davayiaa:1	davayiaan:1	dawaeea:1
ਦਵਾਈਆਂ	davaian:2	davayiaan:2	dawaeean:2	dawaiyaan:1
ਦਵਾਉਂਦਾ	davaunda:2	dawaunda:1	dvaunda:1
ਦਵਾਉਣ	davaun:1	dawaun:1	dvaun:1
ਦਵਾਉਣਾ	davauna:2	dawauna:1	dvaunaa:1
ਦਵਾਪਰ	davapar:2	dawapar:1
ਦਵਾਰ	davaar:1	davar:1	dawar:1
ਦਵਾਰਕਾ	dwarka:3	davaraka:1	dvaarkaa:1	dvaarqaa:1
ਦਵਾਰਾ	davaaraa:1	davara:1	dawara:1	dwara:1
ਦਵਾਵਾਂ	davavan:3
ਦਵਿੰਦਰ	davinder:4	dawinder:2
ਦਵਿੰਦਰਪਾਲ	davinderpal:2	dawinderpal:1
ਦਵੇਦੀ	davedi:2	davedee:1
ਦਵੈਤ	davait:1	dvaet:1	dvait:1	dwaet:1
ਦਵੈਸ਼	davaish:2	dvaesh:1	dwaesh:1
ਦਵੋ	davo:3	dawo:1	dvo:1	dwo:1
ਦਵੰਦ	davand:3	dawand:2
ਦਵੰਦਵਾਦ	davandvad:1	davandwad:1	dawandwad:1	dvandvad:1
ਦਵੰਦਵਾਦੀ	davandvadi:1	dawandwadi:1	dvandwadi:1	dwandwadi:1
ਦਸ	das:6
ਦਸਖਤਾਂ	daskhatan:2	daskhtan:1
ਦਸਣ	dasan:3
ਦਸਤ	dasat:2	dast:1
ਦਸਤਕ	dastak:3
ਦਸਤਕਾਰਾਂ	dasatkaran:1	dastakaran:1	dastkaran:1
ਦਸਤਕਾਰੀ	dasatkari:1	dastakaaree:1	dastkari:1
ਦਸਤਖਤ	dastakhat:2	dastkhat:1
ਦਸਤਖ਼ਤ	dastkhat:2	dastakhat:1
ਦਸਤਾ	dasta:3
ਦਸਤਾਨੇ	dastane:2	dastaane:1
ਦਸਤਾਰ	dastar:2	dastaar:1
ਦਸਤਾਰਾਂ	dastaran:3
ਦਸਤਾਰੇ	dasataare:1	dastare:1	tastare:1
ਦਸਤਾਵੇਜ	dartavej:1	dastavej:1	sastavej:1
ਦਸਤਾਵੇਜ਼	dastavez:3	dastavej:1
ਦਸਤਾਵੇਜ਼ੀ	dastavezi:2	dastaveji:1	dastawezi:1
ਦਸਤਾਵੇਜਾਂ	dastavejan:3	dastawejan:1
ਦਸਤਾਵੇਜੀ	dastaveji:3
ਦਸਤਿਆਂ	dastian:4	dastean:2	dastiyaan:2
ਦਸਤੀ	dasti:3	dasati:1
ਦਸਤੂਰ	dastur:3	dastoor:1
ਦਸਤੇ	daste:3
ਦਸਦਾ	dasda:4
ਦਸਦੀ	dasdi:4
ਦਸਦੇ	dasde:4
ਦਸਮ	dasam:4
ਦਸਮੇਸ਼	dasmesh:3
ਦਸਰਥ	dasrath:3
ਦਸਵਾਂ	dasvan:3	dasvaan:1
ਦਸਵੀ	dasvi:3
ਦਸਵੀਂ	dasveen:1	dasvin:1	daswin:1
ਦਸਵੇ	dasve:2	dasway:1
ਦਸਵੇਂ	dasven:2	daswin:1
ਦਸਵੰਧ	dasvandh:2	daswandh:1
ਦਸ਼ਕ	dashak:3
ਦਸ਼ਕਾਂ	dashkaan:1	dashkan:1	daskan:1
ਦਸ਼ਤ	dashat:2	dast:1
ਦਸ਼ਮਲਵ	dashamlav:2	dashamlove:1	dashamluv:1	dashmalaw:1
ਦਸ਼ਮੇਸ਼	dashmesh:3
ਦਸ਼ਰਥ	dashrath:2	dasrath:1
ਦਸ਼ਾ	dasha:2	dashaa:1
ਦਸ਼ਾਵਾਂ	dashaavan:1	dashavan:1	dashawan:1
ਦਸਾਂ	dasaan:2	dasan:1
ਦਸਿਆ	dasiaa:2	dasia:1
ਦਸੀ	dasi:3
ਦਸੀਆਂ	dasiaan:2	dassiyan:1
ਦਸੂਹਾ	dasuha:3
ਦਸੂਹੀ	dasuhi:3
ਦਸੇ	dase:3
ਦਸੇਰਾ	dasera:3
ਦਹਾਕਾ	dahaka:2	dahaaka:1
ਦਹਾਕਿਆ	dahaakeaa:1	dahakia:1	dahakiyaa:1
ਦਹਾਕਿਆਂ	dahakian:2	dahakiyaan:2	dahaakeaan:1	dahakean:1
ਦਹਾਕੇ	dahake:3
ਦਹਾਜੂ	dahaju:2	dahaaju:1	dhaju:1
ਦਹਿ	dahi:2	dahe:1
ਦਹਿਲਾ	dahila:2	dahela:1
ਦਹਿਲੀਜ਼	daheliz:1	dahileez:1	dahiliz:1
ਦਹਿਲੀਜਾਂ	dahilijan:2	daheleejan:1	dahilijaan:1
ਦਹਿਸ਼ਤ	dahishat:4	daheshat:1
ਦਹਿਸ਼ਤਗਰਦਾਂ	dahishatgardan:2	daheshatgardan:1
ਦਹਿਸ਼ਤਗਰਦੀ	dahishatgardi:2	daheshatgardi:1
ਦਹਿਸ਼ਤਵਾਦ	daheshatwad:1	dahishatvaad:1	dahishatvad:1
ਦਹੀ	dahi:3	dahee:1
ਦਹੀਂ	dahin:2	dahee:1
ਦਾ	da:3	daa:2
ਦਾਂ	dan:2	daan:1
ਦਾਂਤ	dant:2	daant:1
ਦਾਅ	daa:2	da:1
ਦਾਅਵਤ	daawat:2	daavat:1
ਦਾਅਵਤਾਂ	daawatan:2	daavatan:1
ਦਾਅਵਾ	daava:3	daawa:2	dava:1
ਦਾਅਵਿਆਂ	daavean:1	daaviaan:1	daawean:1	daawiaan:1
ਦਾਅਵੇ	daave:2	daawe:1	dave:1
ਦਾਅਵੇਦਾਰ	daavedar:1	daawedar:1	davedar:1	dawedar:1
ਦਾਅਵੇਦਾਰਾਂ	daavedaran:1	daawedaran:1	davedaran:1	dawedaran:1
ਦਾਅਵੇਦਾਰੀ	daavedari:1	daawedari:1	davedari:1	dawedari:1
ਦਾਇਰ	daair:2	dair:1
ਦਾਇਰਾ	daaira:1	daairaa:1	daira:1
ਦਾਇਰਿਆਂ	daairiaan:1	dairian:1	dairiyaan:1
ਦਾਇਰੇ	daaire:2	daire:2	daairey:1
ਦਾਈ	dai:3	daai:2	daaee:1
ਦਾਈਆਂ	daaeeaan:1	daiaan:1	daian:1	daiyaan:1
ਦਾਉਦ	daud:3
ਦਾਊਦ	daud:4	dauud:2	dauda:1
ਦਾਓ	dau:2	daau:1
ਦਾਖਲ	dakhal:3	daakhal:1
ਦਾਖਲਾ	dakhla:2	daakhla:1	dakhala:1
ਦਾਖਲੇ	daakhle:2	dakhaley:1	dakhlay:1	dakhle:1
ਦਾਖ਼ਲ	daakhal:2	dakhal:2
ਦਾਖ਼ਲਾ	dakhla:2	daakhla:1	dakhala:1
ਦਾਖਾ	dakha:3	daakha:1
ਦਾਖਿਲ	daakhil:3	dakhil:3
ਦਾਖਿਲਾ	daakhila:2	dakhila:1
ਦਾਖੇ	daakhay:1	daakhe:1	daakhey:1	dakhe:1
ਦਾਗ	daag:5
ਦਾਗਣ	daagan:3	dagan:1
ਦਾਗ਼ਿਆ	dagia:1	dagiaa:1	dagiya:1
ਦਾਜ	daaj:2	daj:2
ਦਾਣਾ	dana:3	daana:2
ਦਾਣਿਆਂ	daaniyaan:1	danean:1	daniaan:1	danian:1
ਦਾਣੇ	dane:2	daane:1
ਦਾਤ	daat:3	dat:3
ਦਾਤਣ	daatan:1	datan:1	satan:1
ਦਾਤਰੀ	datri:2	daatri:1	datari:1	datree:1
ਦਾਤਾ	daata:2	data:2
ਦਾਤਾਂ	daatan:1	dataan:1	datan:1
ਦਾਤਾਰ	datar:2	daatar:1
ਦਾਤੀ	daati:2	dati:1
ਦਾਦ	dad:2	daad:1
ਦਾਦਕਿਆਂ	dadakiaan:1	dadkeaan:1	dadkiaan:1	dadqiaan:1
ਦਾਦਕੇ	dadke:3	dadqe:1
ਦਾਦਾ	dada:4	daada:1
ਦਾਦੀ	dadi:2	daadi:1
ਦਾਦੇ	dade:3
ਦਾਨ	dan:3	daan:1	den:1	then:1
ਦਾਨਵ	danav:3	danaw:1
ਦਾਨਸ਼ਵਰ	danshvar:2	daanshvar:1	danshwar:1
ਦਾਨਸ਼ਵਰਾਂ	daanshvaraan:1	danshvaran:1	danshvran:1	danshwran:1
ਦਾਨਾਂ	danan:3	dana:1
ਦਾਨਾਬਾਦ	danabad:3
ਦਾਨਿਸ਼ਵਰ	danishvar:3	danishwar:1
ਦਾਨੀ	dani:3	danee:1
ਦਾਨੀਆਂ	daniaan:2	danian:1	daniyan:1
ਦਾਨੀਏਲ	daniel:3	danial:1	danieel:1	daniial:1
ਦਾਨੇਵਾਲਾ	danevala:2	danewala:1
ਦਾਬ	dab:3	daab:1
ਦਾਬੀ	dabi:3
ਦਾਬੇ	dabe:3
ਦਾਮ	dam:4
ਦਾਮਨ	daman:3	daaman:1
ਦਾਮਾਦ	damad:3
ਦਾਮੋਦਰ	damodar:3	daamodar:1
ਦਾਰ	daar:2	dar:1
ਦਾਰਜੀਲਿੰਗ	darjeeling:4	daarjeeliing:1	daarjeeling:1	daarjiiling:1
ਦਾਰਸ਼ਨਿਕ	darshnik:2	daarshnik:1
ਦਾਰਸ਼ਨਿਕਤਾ	daarashnikata:1	darshanikta:1	darshnikta:1
ਦਾਰਾ	dara:4	daaraa:2	daraa:1
ਦਾਰੀ	daaree:1	daree:1	dari:1
ਦਾਰੁਲ	daarul:1	darool:1	darul:1
ਦਾਰੂ	daru:2	daaru:1	daroo:1
ਦਾਰੇ	daare:1	daray:1	dare:1
ਦਾਲ	daal:2	dal:1
ਦਾਲਚੀਨੀ	daalcheenee:1	dalcheenee:1	dalchini:1
ਦਾਲਾਂ	dalan:3
ਦਾਵਾ	dava:3
ਦਾਵੇ	dave:3	daave:1	davey:1	dawe:1
ਦਾਵੇਦਾਰ	davedar:3	davedaar:1	dawedar:1
ਦਾਸ	daas:7	das:6
ਦਾਸਗੁਪਤਾ	dasgupta:3
ਦਾਸਤਾ	daasta:1	daastaa:1	dasta:1
ਦਾਸਤਾਨ	dastan:2	daastaan:1
ਦਾਸਾਂ	dasan:2	dasaan:1
ਦਾਸੀ	dasi:3	daasee:1
ਦਾਸੀਆਂ	daasiaan:1	daasiyaan:1	dasiaan:1	dasian:1
ਦਾਹ	daah:2	dah:2
ਦਾੜੀ	daadee:1	dadi:1	dari:1
ਦਾੜ੍ਹ	daad:1	daadh:1	dadh:1	darh:1
ਦਿ	di:3
ਦਿਆ	diya:3	dea:2	diaa:2	daya:1
ਦਿਆਂ	dian:2	diaan:1	diyan:1
ਦਿਆਂਗੀ	diangi:2	diaangi:1	dyangee:1
ਦਿਆਨਤਦਾਰੀ	dianatdari:2	diaantdari:1
ਦਿਆਨੰਦ	dayanand:1	deanand:1	diaand:1
ਦਿਆਰ	diar:2	dear:1	diaar:1	diyar:1
ਦਿਆਲ	diyal:3	dial:2	diaal:1
ਦਿਆਲਗੜ੍ਹ	diaalgarh:1	dialghadh:1	diyalgadh:1
ਦਿਆਲਤਾ	diaalta:1	dialta:1	diyalta:1
ਦਿਆਲਾ	diaala:1	diala:1	diyala:1
ਦਿਆਲੂ	dialu:2	diaalu:1	dialoo:1	diyalu:1
ਦਿਆਲੇ	diale:2	dealey:1	diaale:1
ਦਿਉ	diu:3
ਦਿਉਤੇ	diute:2	diutey:1
ਦਿਉਰ	diur:3
ਦਿਉਲ	diul:3	deol:1
ਦਿਓ	dio:3	deo:1	deoo:1	diau:1
ਦਿਓਦਾਰ	diaudar:1	diodaar:1	diudar:1
ਦਿਓਰ	diaur:1	dior:1	diur:1
ਦਿਓਲ	diol:2	deol:1	diaul:1	diul:1
ਦਿਖ	dikh:4	deekh:1
ਦਿਖਣ	dikhan:2	deekhan:1	dikhann:1
ਦਿਖਣਾ	dikhana:1	dikhna:1	dikhnna:1
ਦਿਖਦਾ	dikhda:2	dikhadaa:1
ਦਿਖਦੇ	dikhade:2	dikhde:2
ਦਿਖਾ	dikha:10	deekha:1
ਦਿਖਾਂਦੇ	dikhande:3	dikhaande:1
ਦਿਖਾਇਆ	dikhaaeaa:1	dikhaaiyaa:1	dikhaea:1	dikhaia:1
ਦਿਖਾਈ	dikhai:8	dikhaai:4	dikhaaee:1	dikhaee:1
ਦਿਖਾਉ	dikhau:3	deekhau:1
ਦਿਖਾਉਂਦਾ	dikhaunda:3	dikhaaunda:1
ਦਿਖਾਉਂਦੀ	dikhaundi:2	dikhaaundi:1
ਦਿਖਾਉਂਦੀਆਂ	dikhaaundeeaan:1	dikhaundeya:1	dikhaundeyan:1	dikhaundiyaan:1
ਦਿਖਾਉਂਦੇ	dikhaunde:3	dikhaaunde:1
ਦਿਖਾਉਣ	dikhaun:4	dikhaunn:2	dikhaaun:1
ਦਿਖਾਉਣਾ	dikhaauna:1	dikhauna:1	dikhaunna:1
ਦਿਖਾਉਣੇ	dikhaaune:1	dikhaune:1	dikhaunne:1
ਦਿਖਾਏ	dikhae:3
ਦਿਖਾਏਗਾ	dikhaega:3
ਦਿਖਾਣ	dikhan:2	dikhaan:1
ਦਿਖਾਵਾ	dikhava:3	dikhawa:1
ਦਿਖਾਵੇ	dikhave:2	dikhawe:1
ਦਿਖੀ	dikhi:2	dikhee:1
ਦਿਗਰ	digar:3
ਦਿਗੰਬਰ	digamber:1	dignbar:1	dingbar:1	dingbr:1
ਦਿਤਾ	dita:4	deeta:1
ਦਿਤੀ	diti:3
ਦਿਤੀਆ	ditia:2	ditiya:1
ਦਿਤੀਆਂ	ditian:1	ditiyaan:1	ditiyan:1
ਦਿਤੇ	dite:5
ਦਿਨ	din:10
ਦਿਨਕਰ	dinkar:2	dinkr:1
ਦਿਨਾ	dina:3
ਦਿਨੇ	dine:3
ਦਿਨੇਸ਼	dinesh:5	dineesh:1	dines:1	dineshh:1
ਦਿਨੋ	dino:3
ਦਿਬਾਕਰ	dibaakar:1	dibakar:1	dibakr:1
ਦਿਮਾਗ	dimag:4	dimaag:3
ਦਿਮਾਗ਼	dimaagh:1	dimag:1	dimagh:1
ਦਿਮਾਗ਼ੀ	dimaaghi:1	dimaghi:1	dimagi:1
ਦਿਮਾਗਾਂ	dimagan:2	dimaagaan:1	dimagaan:1
ਦਿਮਾਗੀ	dimagi:3	dimaagi:1
ਦਿਮਿਤਰੀ	dimitaree:1	dimitari:1	dimitri:1
ਦਿਯਾ	diya:3
ਦਿਲ	dil:10
ਦਿਲਕਸ਼	dilkash:3
ਦਿਲਕਸ਼ੀ	dilkashi:2	dilkshi:1
ਦਿਲਗੀਰ	dilgir:3	dilgeer:1
ਦਿਲਗੀਰੀ	dilgiri:3
ਦਿਲਚਸਪੀ	dilchaspi:3	dilachasapi:1	dilchspi:1
ਦਿਲਜੀਤ	diljit:3
ਦਿਲਦਾਰ	dildar:3
ਦਿਲਬਾਗ	dilbag:3
ਦਿਲਵਾਈ	dilavai:1	dilvaai:1	dilwaai:1
ਦਿਲਵਾਲੇ	dilwale:2	dilvaale:1
ਦਿਲਸ਼ਾਦ	dilshad:3
ਦਿਲਸ਼ਾਨ	dilshan:3
ਦਿਲਾਂ	dilan:3	dillan:2
ਦਿਲਾਏ	dilaae:2	dilaye:1
ਦਿਲਾਵਰ	dilavar:1	dilawar:1	dilawr:1
ਦਿਲਾਸਾ	dilasa:2	dilaasa:1
ਦਿਲਾਸੇ	dilase:2	dilaase:1
ਦਿਲੀ	dili:5	dilee:1
ਦਿਲੀਪ	dilip:2	daleep:1	dalip:1	dileep:1
ਦਿਲੇ	dile:3
ਦਿਲੋ	dilo:3
ਦਿਲੋਂ	dilon:3
ਦਿਵਸ	divas:7	diwas:2	devas:1	diws:1
ਦਿਵਾ	diva:4	diwa:2	divaa:1	diwaa:1
ਦਿਵਾਇਆ	dilaaiyaa:1	diwaaeeaa:1	diwaia:1
ਦਿਵਾਈ	divaai:1	diwaaee:1	diwai:1
ਦਿਵਾਉਂਦਾ	divaaunda:1	divaunda:1	diwaunda:1
ਦਿਵਾਉਂਦੀਆਂ	divaundiaan:1	divaundiyaan:1	diwaundian:1
ਦਿਵਾਉਂਦੇ	divaaunde:1	divaunde:1	diwaunde:1
ਦਿਵਾਉਣ	divaun:3	diwaun:1
ਦਿਵਾਉਣਾ	divauna:2	diwauna:1
ਦਿਵਾਉਣੀ	divaaunee:1	divauni:1	diwaudi:1
ਦਿਵਾਨ	diwaan:3	devan:1	divaan:1	diwan:1
ਦਿਵਾਨਾ	diwana:3	deewana:1	devana:1	diwaanaa:1
ਦਿਵਾਰ	deewar:1	divar:1	diwaar:1	diwar:1
ਦਿਵਾਲੀ	diwali:3	diwalee:1
ਦਿਵਿਆ	divya:3	diviya:1	diviyaa:1	divyaa:1
ਦਿਵੇਦੀ	divedi:1	diwedee:1	diwedi:1
ਦਿਸ	dis:4	des:1
ਦਿਸਣ	disan:3
ਦਿਸਣਯੋਗ	disanyog:3
ਦਿਸਣਾ	disna:3
ਦਿਸਦਾ	disda:5
ਦਿਸਦੀ	disdi:3	disadi:1
ਦਿਸਦੀਆਂ	disdeeaan:1	disdiaan:1	disdiyan:1
ਦਿਸਦੇ	disde:3
ਦਿਸ਼ਾ	disha:3
ਦਿਸ਼ਾਵਾ	dishava:2	dishaava:1	dishawa:1
ਦਿਸ਼ਾਵਾਂ	dishavan:2	dishaavaan:1	dishawan:1
ਦਿਸ਼ਾਵੀ	dishavi:2	dishavee:1	dishawi:1
ਦਿਸਿਆ	disiaa:2	disia:1	disiya:1
ਦਿਸੇ	dise:4
ਦਿਸੇਗੀ	disegi:3
ਦਿਸੰਬਰ	december:3
ਦਿਹ	dih:2	din:1
ਦਿਹਾਂਤ	dihaant:2	dihant:1	divarant:1
ਦਿਹਾਤ	dihat:2	dihaat:1
ਦਿਹਾਤੀ	dihati:2	dihaatee:1
ਦਿਹਾੜਾ	dihada:2	dahada:1	dihaada:1
ਦਿਹਾੜੀ	dihadi:4	dehadi:1	dihaadee:1	dihadee:1
ਦਿਹਾੜੀਦਾਰ	dihadidar:2	dihadedaar:1	dihadeedaar:1
ਦਿਹਾੜੀਦਾਰਾਂ	dihaadidaaran:1	dihadeedaran:1	dihadidaaran:1	dihadidaran:1
ਦਿਹਾੜੇ	dihade:3	dihaade:2	dihadde:1
ਦਿੰਦਾ	dinda:4
ਦਿੰਦਿਆ	dindia:1	dindiaa:1	dindiyaa:1
ਦਿੰਦਿਆਂ	dindiaan:2	dindian:2	dindiyaan:2
ਦਿੰਦੀ	dindi:3	dindee:1
ਦਿੰਦੀਆ	dindia:1	dindiaa:1	dindiyaa:1
ਦਿੰਦੀਆਂ	dindian:2	dindiyaan:2	dindeeaan:1	dindiaan:1
ਦਿੰਦੇ	dinde:9	dindey:1
ਦਿੱਕਤ	dikat:2	deekat:1	dikkat:1
ਦਿੱਖ	dikh:2	deekh:1	dikhh:1
ਦਿੱਗਜ	digaj:2	diggaj:1
ਦਿੱਗਜ਼	deegaj:1	digaj:1	digaz:1	diggaz:1
ਦਿੱਤਾ	ditta:2	dita:1
ਦਿੱਤੀ	ditti:2	diti:1	dittee:1
ਦਿੱਤੀਆ	ditiyan:1	dittia:1	dittiaa:1	dittiya:1
ਦਿੱਤੀਆਂ	dittiyaan:3	dittian:2	dittiyan:2
ਦਿੱਤੇ	ditte:4
ਦਿੱਲੀ	delhi:10	dilli:9	dilly:2	delli:1
ਦਿੱਸਣ	dissan:2	disan:1
ਦਿੱਸਦੇ	dissde:2	disade:1
ਦੀ	di:4	dee:1
ਦੀਅ	deea:1	dia:1	diy:1
ਦੀਆ	diya:4	deeya:3	deeaa:2	dia:2
ਦੀਆਂ	deeaan:2	deeyan:2	diyaan:2	diyan:1
ਦੀਏ	diye:2	deeae:1	deeye:1	die:1
ਦੀਕਸ਼ਿਤ	deekshit:3	dikshit:3	deekshhit:1	deekshiit:1
ਦੀਦ	deed:4
ਦੀਦਾਰ	deedaar:1	deedar:1	didar:1
ਦੀਦੀ	deedee:2	didi:2	deedi:1	didee:1
ਦੀਨ	deen:10	din:1
ਦੀਨਾ	deena:3	deenaa:2	diina:1	diinaa:1
ਦੀਨਾਨਗਰ	deenanagar:1	deenangar:1	dinanagar:1
ਦੀਨਾਨਾਥ	deenanaath:1	deenanath:1	dinanath:1
ਦੀਨਾਰ	deenaar:1	deenar:1	dinar:1
ਦੀਨੀ	deeni:2	dini:2	deenee:1
ਦੀਪ	deep:4	deap:1	deepak:1	dep:1
ਦੀਪਕ	deepak:8	deepaq:1	dipak:1
ਦੀਪਤੀ	deepatee:1	deepti:1	diptee:1	dipti:1
ਦੀਪਮਾਲਾ	dipmala:2	deepmaala:1	deepmalaa:1
ਦੀਪਾ	deepa:3	dipa:3	deepaa:1	dipaa:1
ਦੀਪਾਂ	deepan:2	dipan:2
ਦੀਪਿਕਾ	deepika:4	deepikaa:1	diipika:1	dipika:1
ਦੀਮਕ	deemak:1	demak:1	dimak:1
ਦੀਯਾ	deeya:2	diya:2	ddia:1	ddiia:1
ਦੀਰਘ	deeragh:2	diragh:1
ਦੀਵ	deev:2	div:1
ਦੀਵਾ	deeva:1	deewa:1	diva:1
ਦੀਵਾਨ	deewan:3	diwan:2	deevan:1	diivan:1
ਦੀਵਾਨਾ	deewana:2	diwana:1
ਦੀਵਾਨਾਂ	deewanan:2	divanan:1
ਦੀਵਾਨੇ	deewane:2	divane:1
ਦੀਵਾਰ	deewaar:1	deewar:1	diwar:1
ਦੀਵਾਰਾਂ	deevara:1	deewara:1	deewaran:1	divaran:1
ਦੀਵਾਰੀ	deewaaree:1	deewari:1	divari:1
ਦੀਵਾਲੀ	diwali:2	deewalee:1	deewali:1	diwaali:1
ਦੀਵਿਆਂ	deeviaan:1	divian:1	diwian:1
ਦੀਵੇ	deeve:1	dive:1	diwe:1
ਦੁਆ	dua:5	duaa:3
ਦੁਆਇਆ	duaaiaa:1	duaia:1	duaiya:1
ਦੁਆਉਣ	duaun:2	duaaunn:1
ਦੁਆਪਰ	duaapar:1	duapar:1	duapr:1
ਦੁਆਬ	duab:2	duaab:1
ਦੁਆਬਾ	duaba:2	duaabaa:1
ਦੁਆਬੀ	duabi:2	duaabee:1
ਦੁਆਬੇ	duabe:4	duaabe:1	duaabey:1
ਦੁਆਰ	duar:2	duaar:1
ਦੁਆਰਾ	duara:5	duaara:1
ਦੁਆਰੇ	duare:2	duaare:1
ਦੁਆਲ਼ੇ	duaale:2	duale:1
ਦੁਆਲੇ	duaale:3	duale:3
ਦੁਆਵਾਂ	duaavan:1	duavan:1	duawan:1
ਦੁਕਾਨ	dukaan:3	dukan:2
ਦੁਕਾਨਦਾਰ	dukandar:2	dikandar:1
ਦੁਕਾਨਦਾਰੀ	dukandari:2	dukandaari:1
ਦੁਕਾਨਾਂ	dukana:1	dukanaan:1	dukanan:1
ਦੁਖ	dukh:4
ਦੁਖਣ	dukhan:1	dukhann:1	dukhn:1
ਦੁਖਦਾਈ	dukhdaee:1	dukhdai:1	dukhdayi:1
ਦੁਖਦੀਆਂ	dukhdeeaan:1	dukhdiaan:1	dukhdian:1
ਦੁਖਾਂਤ	dukhant:3
ਦੁਖਾਂਤਕ	dukhantak:2	dukhantk:1
ਦੁਖਾਂਤਾਂ	dukhantan:2	dukhanta:1
ਦੁਖਾਇਆ	dukhaia:1	dukhaiaa:1	dukhayiaa:1
ਦੁਖੀ	dukhi:6
ਦੁਗਣਾ	dugna:3	dugnaa:1
ਦੁਗਣੀ	dugani:1	dugnee:1	dugni:1
ਦੁਚਿੱਤੀ	duchiti:1	duchittee:1	duchitti:1
ਦੁਜਾ	duja:2	dooja:1
ਦੁਜੀਆਂ	dujeeaan:1	dujiaan:1	dujian:1
ਦੁਜੇ	duje:2	dujay:1
ਦੁਜੈਲਾ	dujaila:1	dujayla:1	dujela:1
ਦੁਤੀ	duti:2	dutee:1
ਦੁਧ	dudh:3
ਦੁਧਾਰੂ	dudharu:3	dudharoo:1
ਦੁਨਿਆ	duniaa:2	dunia:1
ਦੁਨਿਆਂ	duniaan:2	dunian:1
ਦੁਨਿਆਵੀ	duniaavi:2	duniavi:1
ਦੁਨੀਆ	duneeaa:2	dunia:2	duniaa:2
ਦੁਨੀਆਂ	duniaan:3	duneeaan:2	dunian:2
ਦੁਨੀਆਵੀ	duneeaavee:1	duniaavi:1	duniavi:1
ਦੁਨੀਚੰਦ	duneechand:1	dunichand:1	dunichndr:1
ਦੁਪਹਿਰ	dupheer:1	dupher:1	duphir:1	duphire:1
ਦੁਪਹਿਰਾਂ	duphiran:3	duphirayan:1
ਦੁਪਾਸੜ	dupasadh:1	dupasard:1	dupasarh:1	dupastd:1
ਦੁਪਿਹਰ	dupaher:1	dupihar:1	dupihr:1
ਦੁਪਿਹਰਾ	duphra:1	dupihara:1	dupihra:1
ਦੁਪੱਟਾ	dupatta:1	duptaa:1	duptta:1
ਦੁਪੱਟੇ	dupate:1	dupatte:1	dupte:1
ਦੁਬਈ	dubai:6	dubaee:1	dubaie:1	dubaii:1
ਦੁਬਾਰਾ	dubara:2	dubaara:1
ਦੁਬਿਧਾ	dubidha:3
ਦੁਬੇ	dube:3	doobe:1
ਦੁਭਾਸ਼ੀਆ	dubhasheeaa:1	dubhashiaa:1	dubhashiya:1	dubhishia:1
ਦੁਮ	dum:3	doom:1
ਦੁਰ	dur:3	door:1
ਦੁਰਉਪਯੋਗ	durupyog:2	doorupyog:1	durupiyog:1
ਦੁਰਕਾਰਦੇ	durkarde:2	durkaarde:1
ਦੁਰਗ	durg:2	durag:1	duraj:1
ਦੁਰਗਮ	durgam:3
ਦੁਰਗਾ	durga:4	duraga:1	durgaa:1
ਦੁਰਗਾਪੁਰ	durgapur:4	durgaapur:1
ਦੁਰਗੰਧ	durgandh:3
ਦੁਰਘਟਨਾ	durghatna:2	durghatana:1
ਦੁਰਘਟਨਾਵਾਂ	durghatnavan:2	durghatnawan:1
ਦੁਰਜਨ	durjan:3
ਦੁਰਦਸ਼ਾ	durdasha:3
ਦੁਰਬਲ	durbal:3
ਦੁਰਭਾਗ	durbhag:2	durbhaag:1
ਦੁਰਯੋਧਨ	duryodhan:3
ਦੁਰਲਭ	durlabh:3
ਦੁਰਲੱਭ	durlabh:2	duralabh:1
ਦੁਰਵਰਤੋਂ	durvaraton:1	durvarton:1	durwarton:1
ਦੁਰਵਾਸਾ	durvasa:1	durwaasaa:1	durwasa:1
ਦੁਰਵਿਅਵਹਾਰ	durviavhaar:1	durviavhar:1	durwiawhar:1
ਦੁਰਵਿਵਹਾਰ	durvivhaar:1	durvivhar:1	durwiwhar:1
ਦੁਰਵਿਹਾਰ	durvihaar:1	durvihar:1	durwihar:1
ਦੁਰਾਚਾਰੀ	durachari:3
ਦੁਰਾਡਾ	duraada:1	durada:1	duradha:1
ਦੁਰਾਡੀਆਂ	duraadeeaan:1	duradhiaan:1	duradian:1
ਦੁਰਾਨੀ	durani:2	duraani:1	duranee:1
ਦੁਰੀ	duree:2	duri:2
ਦੁਰੇਡੀ	duredi:2	dureddi:1	duredee:1
ਦੁਰੇਡੇ	durede:2	duredde:1
ਦੁਲਚੀਪੁਰ	dulchipur:2	dulcheepur:1	dulchipoor:1
ਦੁਲਹਨ	dulhan:3
ਦੁਲਹਨੀਆ	dulhaneeaa:1	dulhaniaa:1	dulhaniya:1
ਦੁਲਹੇ	dulhe:3
ਦੁਲਾਰੀ	dulari:2	dulaari:1	dularee:1
ਦੁਵਾਰਾ	duvaara:1	duvara:1	duwara:1
ਦੁਵਿਧਾ	duvidha:2	duwidha:2
ਦੁਵੱਲਾ	duvalla:1	duvla:1	duwalla:1
ਦੁਵੱਲੇ	duvalle:1	duvle:1	duwalle:1
ਦੁਸਰੀ	dusri:2	dusari:1
ਦੁਸਰੇ	dusre:3	doosre:1
ਦੁਸਹਿਰੇ	dushire:2	dushirey:1
ਦੁਸ਼ਟ	dushat:2	dusht:1
ਦੁਸ਼ਟਤਾ	dushatataa:1	dushtata:1	dushtta:1
ਦੁਸ਼ਮਣ	dushman:1	dushmann:1	dushmn:1
ਦੁਸ਼ਮਣਾਂ	dushmana:1	dushmanaan:1	dusmna:1
ਦੁਸ਼ਮਣੀ	dushmani:2	dushmni:1
ਦੁਸ਼ਮਨ	dushman:3	dushmn:1
ਦੁਸ਼ਮਨੀ	dushmani:2	dushmni:1
ਦੁਸ਼ਵਾਰੀਆਂ	dushvaariaan:1	dushvaariyaan:1	dushwarian:1
ਦੁਸ਼ਹਿਰਾ	dushhira:2	dushehira:1
ਦੁਸ਼ਹਿਰੇ	dushire:2	dushhire:1
ਦੁਸ਼ਿਅੰਤ	dusheant:1	dushiant:1	dushiyant:1
ਦੁਸ਼ਿਤ	dushit:3
ਦੁਸਾਂਝ	dusanjh:3
ਦੁਹਰਾ	duhra:10
ਦੁਹਰਾਇਆ	duhraaeaa:1	duhraia:1	duhraiyaa:1
ਦੁਹਰਾਈ	duhraai:1	duhraee:1	duhrai:1
ਦੁਹਰਾਈਆਂ	duhraaiyaan:1	duhraeeaan:1	duhraian:1
ਦੁਹਰਾਉ	duhraao:1	duhraau:1	duhrau:1
ਦੁਹਰਾਉਂਦੀ	duhraaundi:2	duhraundi:1
ਦੁਹਰਾਉਂਦੇ	duhraaunde:2	duhraunde:1
ਦੁਹਰਾਉਣ	duhraaun:3	duhraun:1
ਦੁਹਰਾਉਣਾ	duhraauna:2	duhrauna:1
ਦੁਹਾਈ	duhaai:1	duhaee:1	duhai:1
ਦੁਹਾਈਆਂ	duhaeeaan:1	duhaian:1	duhaiyaan:1
ਦੁੱਖ	dukkh:2	dukh:1
ਦੁੱਖਦਾਈ	dukhdai:1	dukhdaii:1	dukkhdaee:1
ਦੁੱਖ਼	dukkh:2	dukh:1
ਦੁੱਖਾ	dukha:2	dukhha:1
ਦੁੱਖਾਂ	dukhan:2	dukhhan:1
ਦੁੱਖੀ	dukhi:2	dukkhi:1
ਦੁੱਗਣੀ	duggani:1	duggni:1	dugni:1
ਦੁੱਗਲ	duggal:2	dugl:1
ਦੁੱਜਾ	dujja:2	duja:1
ਦੁੱਜੇ	dujay:1	duje:1	dujje:1
ਦੁੱਤ	dutt:2	dut:1
ਦੁੱਧ	duddh:2	dudh:1
ਦੁੱਨਾ	duna:2	dunna:1
ਦੁੱਭਰ	dubbar:1	dubhar:1	dubhbhar:1
ਦੁੱਰਾਨੀ	durrani:2	duraani:1
ਦੁੱਲਾ	dulla:3
ਦੁੱਲੇ	dulle:3	dullye:1
ਦੂਆਰਾ	dooaara:1	dooara:1	duara:1
ਦੂਜਾ	duja:2	dooja:1	duuja:1
ਦੂਜਿਆ	doojeaa:1	duhia:1	dujiya:1
ਦੂਜਿਆਂ	dujiyan:2	doojeaan:1	doojiyan:1
ਦੂਜੀ	dooji:2	diji:1	dujee:1	duji:1
ਦੂਜੀਆਂ	dujiyan:2	doojeeaan:1	dujeeyian:1
ਦੂਜੇ	duje:2	dooje:1
ਦੂਜੈ	dujai:2	doojai:1
ਦੂਣੀ	dooni:1	doonni:1	duni:1	dunni:1
ਦੂਤ	doot:2	dut:2
ਦੂਤਾਵਾਸ	dootavas:2	dutavas:2
ਦੂਧੀਆ	doodhiya:1	dudeeya:1	dudhiya:1	dudiya:1
ਦੂਨ	doon:4	dun:1	duun:1
ਦੂਨੀਆਂ	doonian:1	dooniyan:1	duniyan:1
ਦੂਬੇ	doobe:2	dube:1
ਦੂਮਾ	dooma:1	doomma:1	duma:1	dumma:1
ਦੂਰ	door:3	dur:1
ਦੂਰਅੰਦੇਸ਼ੀ	doorandeshi:2	durandeshi:1
ਦੂਰਗਾਮੀ	doorgami:2	durgami:1
ਦੂਰਦਰਸ਼ਨ	doordarshan:1	doordrshn:1	durdarshan:1
ਦੂਰਦਰਸ਼ੀ	doordarshi:1	doordrshi:1	durdarshi:1
ਦੂਰਬੀਨ	doorbeen:1	durbeen:1	durbin:1
ਦੂਰਬੀਨਾਂ	doorbeenan:1	doorbinan:1	durbinan:1
ਦੂਰਸੰਚਾਰ	doorsanchar:1	doorsnchar:1	dursanchar:1
ਦੂਰੀ	dooree:1	doori:1	duri:1
ਦੂਰੀਆਂ	dooreean:1	dooriyan:1	duriyan:1
ਦੂਰੋਂ	dooron:2	duron:1
ਦੂਸਰਾ	doosra:2	dusara:1
ਦੂਸਰਿਆਂ	doosariaan:1	doosrian:1	dusariyan:1
ਦੂਸਰੀ	doosaree:1	doosri:1	dusari:1
ਦੂਸਰੀਆਂ	doosariaan:1	doosreean:1	dusriyan:1
ਦੂਸਰੇ	doosare:1	doosre:1	dusare:1
ਦੂਸ਼ਣ	dooshan:2	dooshn:1
ਦੂਸ਼ਿਤ	dooshit:2	dushit:2	doosit:1	doosita:1
ਦੂਹਰਾ	doohara:1	doohra:1	duhara:1
ਦੂਹਰੀ	doohari:1	doohri:1	duhri:1
ਦੂਹਰੀਆਂ	doohariaan:1	doohreean:1	duhariyan:1
ਦੂਹਰੇ	doohare:1	doohre:1	duhde:1
ਦੂੱਜੇ	duje:2	dooje:1	doojje:1
ਦੇ	de:6	dey:1
ਦੇਂਦਾ	denda:3
ਦੇਂਦੀ	dendi:2	dendee:1
ਦੇਂਦੀਆਂ	dendeeaan:1	dendiaan:1	dendian:1
ਦੇਂਦੇ	dende:3
ਦੇਇ	dei:1	dey:1	deyi:1
ਦੇਈ	dei:2	deyi:2	deei:1	deeii:1
ਦੇਈਂ	deyin:2	dein:1
ਦੇਈਏ	deyiye:4	deiye:2
ਦੇਓ	deyo:2	deu:1	deyu:1
ਦੇਕਰ	dekar:2	dekr:1
ਦੇਕੇ	deke:3
ਦੇਖ	dekh:4
ਦੇਖਕੇ	dekhke:2	dekhake:1
ਦੇਖਣ	dekhan:1	dekhann:1	dekhn:1
ਦੇਖਣਯੋਗ	dekhannyog:1	dekhanyog:1	dekhnyog:1
ਦੇਖਣਾ	dekhna:2	dekhanna:1
ਦੇਖਣਾਂ	dekhannan:1	dekhnaan:1	dekhnan:1
ਦੇਖਣੀ	dekhni:2	dekhani:1
ਦੇਖਣੇ	dekhne:2	dekhanne:1
ਦੇਖਤੇ	dekhte:2	dekhate:1
ਦੇਖਦਾ	dekhda:3
ਦੇਖਦਿਆਂ	dekhdian:2	dekhadiaan:1	dekhdeaan:1	dekhdiaan:1
ਦੇਖਦੀ	dekhdi:2	dekhadi:1
ਦੇਖਦੇ	dekhde:2	dekhade:1
ਦੇਖਭਾਲ	dekhbhal:2	dekhbal:1
ਦੇਖਰੇਖ	dekhrekh:3
ਦੇਖਾ	dekha:3
ਦੇਖਿਆ	dekhia:2	dekhiaa:2	dekhya:2	diekhaaa:1
ਦੇਖੀ	dekhi:3
ਦੇਖੀਆਂ	dekhiaan:1	dekhian:1	dekhiyan:1
ਦੇਖੀਏ	dekhiye:2	dekhie:1
ਦੇਖੇ	dekhe:3
ਦੇਖੋ	dekho:3
ਦੇਗ	deg:3
ਦੇਣ	den:6	denh:1
ਦੇਣਗੀਆਂ	dengiaan:1	dengian:1	denhgiyan:1
ਦੇਣਗੇ	denge:2	denage:1	denhge:1
ਦੇਣਦਾਰੀ	dendari:2	denhdari:1
ਦੇਣਾ	dena:3	denha:1
ਦੇਣੀ	deni:2	denhi:1
ਦੇਣੀਆਂ	denhiyan:1	deniaan:1	denian:1
ਦੇਣੇ	dene:2	denhe:1
ਦੇਤ	det:4
ਦੇਦਾ	deda:3
ਦੇਦੇ	dede:5
ਦੇਨਾਲ	denal:3
ਦੇਬ	deb:3
ਦੇਰ	der:5
ਦੇਰੀ	deri:2	deree:1
ਦੇਲ	del:5
ਦੇਵ	dev:10	deva:1	dew:1	dewa:1
ਦੇਵਕੀ	devki:3
ਦੇਵਗਨ	devgan:3
ਦੇਵਣ	devan:3	devanh:1
ਦੇਵਤਰਪਣ	devatarpan:1	devatarpanh:1	devatrapan:1
ਦੇਵਤਾ	devta:3
ਦੇਵਤਾਵਾਂ	devtavan:3
ਦੇਵਤਿਆਂ	devtiaan:1	devtian:1	devtiyan:1
ਦੇਵਤੇ	devte:3
ਦੇਵਦਾਰ	devdar:3
ਦੇਵਦਾਸ	devdas:3
ਦੇਵਦਾਸੀ	devdasi:3
ਦੇਵਦਾਸੀਆਂ	devdasiaan:1	devdasian:1	devdasiyan:1
ਦੇਵਦੂਤ	devdoot:3	devdut:1
ਦੇਵਨਾਗਰੀ	devnagri:2	devnaagari:1
ਦੇਵਨੀਤ	devneet:3	devnit:1
ਦੇਵਯਾਨੀ	devyani:2	devyaani:1
ਦੇਵਰ	devar:3
ਦੇਵਰਾ	devra:2	devara:1
ਦੇਵਰਾਜ	devraj:3
ਦੇਵਲ	deval:3
ਦੇਵਾ	deva:5	devaa:1	dewa:1	dewaa:1
ਦੇਵਾਂ	devan:3
ਦੇਵਾਂਗਾ	devanga:3
ਦੇਵਾਂਗੀ	devangi:3
ਦੇਵਾਂਗੇ	devange:3
ਦੇਵਾਸ	devas:3
ਦੇਵਿਕਾ	devika:3
ਦੇਵਿੰਦਰ	devindar:1	devinder:1	dewinder:1
ਦੇਵੀ	devi:7	devii:1	dewi:1	dewii:1
ਦੇਵੀਂ	devin:4	deeveen:1	deevin:1	deveen:1
ਦੇਵੀਗੜ੍ਹ	devigarh:5	devigadh:1
ਦੇਵੇ	deve:3
ਦੇਵੇਂਦਰ	devender:2	devendar:1
ਦੇਵੇਗਾ	devega:3
ਦੇਵੇਗੀ	devegi:3
ਦੇਵੋ	devo:3
ਦੇਸ	des:4	days:1	dees:1	deesa:1
ਦੇਸ਼	desh:5
ਦੇਸ਼ਪਾਂਡੇ	deshpande:3
ਦੇਸ਼ਭਗਤ	deshbhagat:2	deshbhagt:1
ਦੇਸ਼ਭਗਤੀ	deshbhagti:2	deshbhagtti:1
ਦੇਸ਼ਮੁਖ	deshmukh:3
ਦੇਸ਼ਰਾਜ	deshraj:2	deshraaj:1
ਦੇਸ਼ਵਾਸੀਆਂ	deshvasiaan:1	deshwasiaan:1	deshwsiyan:1	desvasian:1
ਦੇਸ਼ਾ	desha:3
ਦੇਸ਼ਾਂ	deshan:3
ਦੇਸ਼ਾਂਤਰ	deshantar:3
ਦੇਸ਼ੀ	deshi:3
ਦੇਸਾਂ	desan:2	desaan:1
ਦੇਸਾਈ	desai:3	desaai:2	desaaii:1
ਦੇਸੀ	desi:4	desii:1
ਦੇਹ	deh:3
ਦੇਹਰਾ	dehra:3
ਦੇਹਰਾਦੂਨ	dehradun:6	dehraadoon:1	dehradoon:1
ਦੇਹਲਵੀ	dehalvi:2	dehlawi:1
ਦੇਹਾਂ	dehan:2	dehaan:1
ਦੇਹਾਂਤ	dehant:2	dehaant:1
ਦੇਹਾਤੀ	dehati:3
ਦੇਹਿ	dehi:2	deh:1
ਦੇਹੁਰਾ	dehura:3
ਦੈ	dae:1	dai:1	de:1
ਦੈਂਤ	daint:2	deynt:1
ਦੈਤਾਂ	daitan:2	detan:1
ਦੈਨਿਕ	dainik:2	deynik:1
ਦੈਰਿਦਾ	dairida:2	deyrida:1
ਦੈਵਿਕ	daivik:2	devik:1
ਦੈਵੀ	daivi:2	devi:1
ਦੋ	do:7
ਦੋਆਂ	doan:2	doaan:1
ਦੋਆਬ	doab:3
ਦੋਆਬਾ	doaba:3
ਦੋਊ	dou:4	doou:1	douu:1
ਦੋਏਂ	doaen:1	doen:1	doyen:1
ਦੋਖੀਆਂ	dokhiaan:1	dokhian:1	dokhiyan:1
ਦੋਗਾਣਾ	dogana:2	doganha:1
ਦੋਗਾਣਿਆਂ	dogaaniyaan:1	doganhiyan:1	doganiaan:1	doganian:1
ਦੋਗਾਣੇ	dogane:2	doganhe:1
ਦੋਦੜਾ	dodada:3
ਦੋਨ	don:4
ਦੋਨਾ	dona:4
ਦੋਨਾਂ	donan:2	donaan:1
ਦੋਨੋ	dono:4
ਦੋਪਹਿਰ	dopahir:2	dopehar:1
ਦੋਫਾੜ	dofad:2	dofaad:1
ਦੋਬਾਰਾ	dobara:2	dobaara:1
ਦੋਰ	dor:3
ਦੋਰਾ	dora:3
ਦੋਰਾਨ	doran:2	doraan:1
ਦੋਰਾਹਾ	doraha:2	doraaha:1
ਦੋਰਾਹੇ	dorahe:2	doraahe:1
ਦੋਲਤ	dolat:2	doulat:1
ਦੋਵਾ	dova:2	dauva:1	dauwa:1
ਦੋਵਾਂ	dovan:2	dauvaan:1	dauwaan:1
ਦੋਵੇ	dove:2	dauve:1	dauwe:1
ਦੋਵੇਂ	doven:2	dauvay:1	dauve:1
ਦੋਸਤ	dosat:2	dost:1
ਦੋਸਤਾ	dosta:3
ਦੋਸਤਾਂ	dostan:3
ਦੋਸਤਾਨਾ	dostana:4
ਦੋਸਤੀ	dosti:4
ਦੋਸਤੀਆਂ	dostiaan:1	dostian:1	dostiyan:1
ਦੋਸਤੋ	dosto:4
ਦੋਸ਼	dosh:3
ਦੋਸ਼ਪੂਰਨ	doshpuran:3
ਦੋਸ਼ਾਂ	doshan:3
ਦੋਸ਼ੀ	doshi:3
ਦੋਸ਼ੀਆਂ	doshiaan:2	doshian:2	doshiyan:2
ਦੋਸੀ	dosi:3
ਦੋਹਤਰਾ	dohatra:2	dohtara:1
ਦੋਹਤਾ	dohta:3
ਦੋਹਰਾ	dohra:5
ਦੋਹਰਾਇਆ	doharayiya:1	dohraaiaa:1	dohraia:1
ਦੋਹਰੀ	dohri:2	dohari:1
ਦੋਹਰੇ	dohre:3
ਦੋਹਵੇਂ	dohven:2	dohaven:1
ਦੋਹਾ	doha:4	dohaa:1	dooha:1	doohaa:1
ਦੋਹਾਂ	dohan:3
ਦੋਹਿਆਂ	dohiaan:1	dohian:1	dohyan:1
ਦੋਹੇ	dohe:3
ਦੋਹੇਂ	dohen:3
ਦੋੜ	dod:1	dodh:1	doud:1	dourh:1
ਦੌਰ	doar:1	dor:1	dounr:1
ਦੌਰਾ	dora:2	daunra:1
ਦੌਰਾਂ	doran:2	daunra:1	daura:1
ਦੌਰਾਣ	dauraan:1	doraan:1	doranh:1
ਦੌਰਾਨ	daunraan:1	dauran:1	doraann:1	doran:1
ਦੌਰਿਆਂ	dairian:1	dauriyan:1	doriaan:1	doriyan:1
ਦੌਰੇ	dore:2	dauray:1	daure:1
ਦੌਲਤ	dolat:3	daulat:1
ਦੌਲਤਮੰਦ	dolatmand:2	daulatmand:1
ਦੌਲਾ	dola:2	daula:1
ਦੌੜ	daud:1	daund:1	daunrh:1	dodh:1
ਦੌੜਦਾ	daurhda:1	dodhada:1	dorhda:1
ਦੌੜਦੀ	daurhdi:1	dodhdi:1	dorhadi:1
ਦੌੜਦੇ	daurhde:1	dodhde:1	dorhade:1
ਦੌੜਨ	daudan:1	daurhan:1	dodhan:1	dorhan:1
ਦੌੜਨਾ	daudhna:1	daurhna:1	dodhna:1	dodna:1
ਦੌੜਾ	dauda:1	daurha:1	doda:1	dodha:1
ਦੌੜਾਂ	dauda:1	daurha:1	dodaan:1	dodan:1
ਦੌੜਾਕਾਂ	daudakan:1	daurhakan:1	dodakan:1	dodhakan:1
ਦੌੜੀ	daudi:1	daurhi:1	dodhi:1	dodi:1
ਦੌੜੇ	daude:1	daurhe:1	dode:1	dodhe:1
ਦ੍ਰਵਿਤ	dravid:1	dravit:1	drawit:1	drvit:1
ਦ੍ਰਵਿੜ	dravid:2	dravirh:1	drvidh:1
ਦ੍ਰਸ਼ਟਿਕੋਣ	drashatikon:1	drashtikon:1	drashtikonh:1	drashtikoun:1
ਦ੍ਰਾਵਿੜ	dravid:2	dravidh:1	dravirh:1
ਦ੍ਰਿਸਟੀ	dristi:2	dristee:1
ਦ੍ਰਿਸ਼	drish:3
ਦ੍ਰਿਸ਼ਟ	drishat:2	drisht:1
ਦ੍ਰਿਸ਼ਟਮਾਨ	drishtaman:2	drishatman:1
ਦ੍ਰਿਸ਼ਟੀ	drishti:3
ਦ੍ਰਿਸ਼ਟੀਆਂ	drishteeaan:1	drishtiaan:1	drishtiyan:1
ਦ੍ਰਿਸ਼ਟੀਕੋਣ	drishtikon:2	drishteekon:1
ਦ੍ਰਿਸ਼ਟੀਕੋਣਾਂ	drishtikonan:2	drishteekonaan:1
ਦ੍ਰਿਸ਼ਟੀਕੋਨ	drishtikon:3
ਦ੍ਰਿਸ਼ਟੀਗੋਚਰ	drishtigochar:2	drishteegochar:1
ਦ੍ਰਿਸ਼ਟੀਮਾਨ	drishatiman:1	drishteemaan:1	drishtiman:1
ਦ੍ਰਿਸ਼ਟੀਹੀਣ	drishtihin:2	drishteeheen:1
ਦ੍ਰਿਸ਼ਮਾਨ	drishman:2	drishmaan:1
ਦ੍ਰਿਸ਼ਾਂ	drishan:2	drishaan:1
ਦ੍ਰਿੜ	drid:6	dird:1
ਦ੍ਰਿੜਤਾ	dridta:4	diradta:1	dirdata:1
ਦ੍ਰਿੜ੍ਹਤਾ	dirdhata:1	dridahata:1	dridta:1
ਦ੍ਰੋਣਾਚਾਰੀਆ	dronachaarea:1	dronachariaa:1	dronachariye:1
ਦ੍ਰੜ	drad:1	dradh:1	drud:1	drurh:1
ਦ੍ਵਾਰਾ	davara:1	dawaara:1	dvara:1
ਦ੍ਵੀਪ	davip:1	daweep:1	dvip:1
ਦੰਗਲ	dangal:3	dungal:1
ਦੰਗਾ	danga:3	dunga:1
ਦੰਗਿਆਂ	dangiyan:5	dangian:3
ਦੰਗੇ	dange:3	dunge:1
ਦੰਡ	dand:2	dandh:1	dund:1
ਦੰਡਿਤ	dandit:2	dandhit:1	dundit:1
ਦੰਡੀ	dandi:2	dandhi:1	dundi:1
ਦੰਤ	dant:3	dunt:1
ਦੰਤਕਥਾ	dantkatha:2	dantaktha:1	duntkatha:1
ਦੰਤੀ	danti:3	dantee:1
ਦੰਦ	dand:3	dund:1
ਦੰਦਕਥਾ	dandakatha:1	dandaktha:1	dandkatha:1	dundkatha:1
ਦੰਦਾਂ	dandan:2	danda:1	dunda:1
ਦੰਦਾਸਾ	dandasa:3	dandaasa:1
ਦੰਦੀ	dandi:3	dundi:1
ਦੰਦੇ	dande:3	danday:1
ਦੰਪਤੀ	dampati:2	danpati:1	dumpati:1
ਦੰਭ	danbh:2	damb:1	dumb:1
ਦੰਮ	dam:1	damm:1	danm:1	dumm:1
ਦੰਮਾਂ	daman:1	damma:1	danman:1	dumma:1
ਦੱਖਣ	dakkhan:3	dukkhan:1
ਦੱਖਣੀ	dakkhani:2	dukhnee:1	dukhni:1
ਦੱਤ	dutt:5	datt:2
ਦੱਤਾ	datta:3	dutta:3	data:1	duttaa:1
ਦੱਤੂ	dattu:3	dattoo:2
ਦੱਬ	dubb:2	dabb:1
ਦੱਬਕੇ	dabbake:1	dabbke:1	dabkay:1
ਦੱਬਿਆ	dabbiaa:2	dabiaa:1
ਦੱਬੀ	dabbee:1	dabbi:1	dabi:1
ਦੱਬੀਆਂ	dabbiaan:1	dabbian:1	dabiaan:1
ਦੱਬੂ	dabboo:1	dabbu:1	dabu:1
ਦੱਬੇ	dabbe:1	dabbey:1	dabe:1
ਦੱਰਾ	dara:1	darra:1	darraa:1
ਦੱਸਕੇ	daske:2	dasske:1
ਦੱਸਣ	dasan:2	dassan:1
ਦੱਸਣਗੇ	dasange:1	dasnge:1	dassanage:1
ਦੱਸਣਾ	dasna:2	dassana:1
ਦੱਸਦਾ	dasda:2	dassda:1
ਦੱਸਦਿਆਂ	dasdian:4	dasdean:1	dassdian:1
ਦੱਸਦੀਆਂ	dasdian:2	dassdian:1
ਦੱਸਦੇ	dasde:2	dassde:1
ਦੱਸਾਂ	dasan:1	dassaan:1	dassan:1
ਦੱਸਿਆ	dassiaa:4	dassea:2	dassiya:2
ਦੱਸਿਆਂ	dassiaan:2	dassiyan:1
ਦੱਸੀ	dassi:3
ਦੱਸੀਆਂ	dassiaan:2	dasian:1	dassian:1
ਦੱਸੀਦਾ	dassida:3
ਦੱਸੇ	dasse:3
ਧਕੇਲ	dhakel:3
ਧਤੂਰੇ	dhature:3	dhture:1
ਧਨ	dhan:4	than:1
ਧਨਵਾਨ	dhanwan:3	dhanvaan:1
ਧਨਵੰਤ	dhanvant:2	dhanwant:2	danvnt:1
ਧਨਾਡ	dhanaad:1	dhanad:1	dhanadd:1	dhnaad:1
ਧਨਾਢ	dhanad:2	dhanadh:2	dhanaad:1
ਧਨਾਸ	dhanas:3	dhanaas:1	dhnas:1
ਧਨਾਸਰੀ	dhanasari:2	dhanasaree:1	dhnasri:1
ਧਨੀ	dhanee:2	dhani:2	dhnee:1
ਧਨੀਆ	dhaniya:2	dhania:1	dhaniaa:1
ਧਨੀਆਂ	dhaniyan:2	dhaniaan:1	dhanian:1	dhniyan:1
ਧਨੀਏ	dhaniye:3	dhaneeye:1	dhanie:1
ਧਨੀਰਾਮ	dhaniram:3	dhaneeram:1	dhniraam:1
ਧਨੁਖ	dhanukh:3	thanukh:1
ਧਨੁਸ਼	dhanush:4
ਧਨੌਲਾ	dhanola:3
ਧਮਕ	dhamak:4
ਧਮਕਾਇਆ	dhamkaiaa:2	dhamkayiya:1
ਧਮਕਾਉਂਦਾ	dhamkaunda:2	dhamkaaunda:1
ਧਮਕਾਉਣ	dhamkaaun:2	dhamkaun:2	dhamkaunh:2
ਧਮਕੀ	dhamki:3
ਧਮਕੀਆਂ	dhamkiyan:3	dhamkeeyan:2	dhamkiaan:2
ਧਮਣੀਆਂ	dhamneeyan:1	dhamniaan:1	dhamnian:1
ਧਮਨੀ	dhamni:3	dhamani:1	dhmni:1
ਧਮਨੀਆਂ	dhamania:1	dhamanian:1	dhamniaan:1	dhamniyan:1
ਧਮਾਕਾ	dhamaka:6	dhmaka:1
ਧਮਾਕਿਆਂ	dhamakiaan:2	dhamakian:2	dhmakiyan:2	dhamakean:1
ਧਮਾਕੇ	dhamake:2	dhmake:1
ਧਮਾਰ	dhamar:3	dhamaar:1	dhmar:1
ਧਮਾਲ	dhamal:2	dhamaal:1	dhmaal:1
ਧਰ	dhar:10	dhr:1
ਧਰਤ	dharat:4	dhart:1
ਧਰਤਾ	dharta:3	dharata:1
ਧਰਤੀ	dharti:5
ਧਰਤੀਆਂ	dhartian:2	dhartiaan:1
ਧਰਦਾ	dharda:3	dharada:1
ਧਰਦੇ	dharde:2	dhade:1
ਧਰਨ	dharan:3
ਧਰਨਾ	dharna:3	dharana:1
ਧਰਮ	dharam:9	dharm:2	dharma:1	dharmm:1
ਧਰਮਪਤਨੀ	dharampatni:2	dharmpatni:1
ਧਰਮਪਾਲ	dharampaal:1	dharampal:1	dharmpaal:1
ਧਰਮਪੁਰ	dharampur:2	dharmpur:1
ਧਰਮਪੁਰਾ	dharampura:2	dharmpura:1
ਧਰਮਯੁੱਧ	dharamyuddh:1	dharamyudh:1	dharmyudh:1
ਧਰਮਵੀਰ	dharamveer:3
ਧਰਮਸ਼ਾਲਾ	dharamshala:3	dharamshalla:1	dharmshaala:1	dharmshala:1
ਧਰਮਸ਼ਾਲਾਵਾਂ	dharamshalawan:1	dharmashalavan:1	dharmsalawan:1	dharmshalavan:1
ਧਰਮਾ	dharma:4
ਧਰਮਾਂ	dhaman:2	dharman:2
ਧਰਮਾਰਥ	dharmarath:3
ਧਰਮਿਕ	dharmik:3
ਧਰਮਿੰਦਰ	dharminder:3
ਧਰਮੀ	dharmi:5
ਧਰਮੂ	dharmu:3
ਧਰਵਾਸ	dharvas:3
ਧਰਾਈ	dharai:2	dharayi:1
ਧਰਾਤਲ	dharatal:3
ਧਰਾਤਲਾਂ	dharatalan:1	dharatlan:1	dhartalan:1
ਧਰਾਤਲੀ	dharatali:1	dharatli:1	dhartali:1
ਧਰਾਵਾਂ	dharavan:2	dhravan:1
ਧਰਿਆ	dharia:1	dharya:1	dhria:1
ਧਰੀ	dhari:2	dhri:1
ਧਰੀਜੈ	dharijai:1	dharijey:1	dhrijai:1
ਧਰੁਵ	dhruv:2	dharuv:1
ਧਰੁਵੀ	dharuvi:2	dhruvi:1
ਧਰੁਵੀਕਰਨ	dharuvikaran:1	dharvikaran:1	dhruvikrn:1
ਧਰੇ	dhare:3	dhre:1
ਧਰੋਹਰਾਂ	dharoharan:2	dhrohran:1
ਧਵਨ	dhavan:3	dhawan:1
ਧਵਨੀਆਂ	dhavniyan:2	dhavaniyan:1	dhavniaan:1
ਧਵਸਤ	dhavsat:2	dhavast:1
ਧਸ	dhas:2	dham:1
ਧਸੀ	dhasi:2	thasee:1
ਧਾ	dha:3
ਧਾਂਕ	dhank:2	dhaank:1
ਧਾਂਧਲੀ	dhandhali:3
ਧਾਈਆਂ	dhaadiaan:1	dhaian:1	dhaiyan:1	dhayiyan:1
ਧਾਕ	dhaak:2	dhak:1
ਧਾਗਾ	dhaga:3	dhaaga:1
ਧਾਗਿਆਂ	dhageaan:1	dhagiaan:1	dhagian:1	dhagiyan:1
ਧਾਗੇ	dhaage:3	dhagay:1	dhage:1
ਧਾਤਾਂ	dhatan:2	dhaataan:1	dhaatan:1
ਧਾਤੁ	dhaatu:2	dhaatoo:1	dhatu:1
ਧਾਤੂ	dhaatoo:2	dhaatu:2	dhatu:1
ਧਾਤੂਆਂ	dhaatooaan:1	dhaatuaan:1	dhatooan:1	dhatua:1
ਧਾਨ	dhaan:2	dhan:2
ਧਾਬੀ	dhaabi:1	dhaabii:1	dhabi:1	dhabii:1
ਧਾਮ	dhaam:2	dham:2
ਧਾਮੀ	dhaami:2	dhamee:1	dhami:1
ਧਾਮੀਆਂ	dhamiyan:2	dhaamiaan:1	dhamian:1
ਧਾਰ	dhar:7	dhaar:5
ਧਾਰਕਾਂ	dharkan:3	dhaarkaan:1	dhaarkan:1
ਧਾਰਣ	dharan:3	dhaaran:1
ਧਾਰਣਾ	dhaarna:2	dharna:1	dharnna:1
ਧਾਰਣਾਵਾਂ	dhaarnavaan:1	dhaarnawan:1	dharnavan:1	dharnawan:1
ਧਾਰਣੀ	dhaarni:2	dhaarnni:1	dharni:1
ਧਾਰਦਾ	dhaarda:2	dharda:2
ਧਾਰਦੀ	dhaardi:2	dhardi:2
ਧਾਰਨ	dhaaran:2	dharn:1
ਧਾਰਨਾ	dhaarna:2	dharna:2
ਧਾਰਨਾਂ	dhaarna:1	dharna:1	dharnaan:1	dharnan:1
ਧਾਰਨਾਵਾਂ	dhaarnavaan:1	dharnava:1	dharnavan:1	dharnawa:1
ਧਾਰਨੀ	dhaarni:2	dharni:2
ਧਾਰਮਕ	dharmak:3	dharmuk:1
ਧਾਰਮਿਕ	dharmik:4
ਧਾਰਮਿਕਤਾ	dharmikta:2	dhaarmikta:1	dhiarmikta:1
ਧਾਰਵਾਂ	dharvan:2	dharvaan:1	dharwan:1
ਧਾਰਾ	dhara:3	dhaara:1
ਧਾਰਾਵਾਂ	dharavan:2	dhaaravaan:1	dharawan:1
ਧਾਰਾਵਾਹਿਕ	dhaaravaahik:1	dharavahik:1	dharawahik:1
ਧਾਰਿਮਕ	dharimak:3	dharmik:1
ਧਾਰੀ	dhari:5	dhaari:2	dhaaree:1
ਧਾਰੀਆਂ	dharian:2	dhariaan:1	dhariyan:1
ਧਾਰੀਦਾਰ	dharidar:2	dharidaar:1
ਧਾਰੇ	dhare:3	dhaare:1
ਧਾਲੀਵਾਲ	dhaliwal:4	dhalival:1
ਧਾਲੀਵਾਲਾਂ	dhaliwalan:2	dhalivalan:1
ਧਾਵਾ	dhava:3	dhawa:2
ਧਾਵੀ	dhaavi:2	dhavi:2	dhawi:2
ਧਾੜਵੀ	dhaadavi:1	dhaadvi:1	dhaadwi:1	dhadhvee:1
ਧਾੜਵੀਆਂ	dhadaviaan:1	dhadhvian:1	dhadvain:1	dhadvian:1
ਧਿਆਣੀ	dhiani:3	dhiyani:1
ਧਿਆਣੀਆਂ	dhiaaneean:1	dhianian:1	dhianiyan:1
ਧਿਆਨ	dhian:4	dhiaan:3	dhyan:1
ਧਿਆਨਪੂਰਵਕ	dhianpurvak:2	dhiaanpoorvak:1
ਧਿਆਨਯੋਗ	dhianyog:2	dhiaanyog:1
ਧਿਆਨੀ	dhiani:2	dheyani:1	dhiaanee:1	dhiaani:1
ਧਿਰ	dhir:8
ਧਿਰਾ	dhira:3
ਧਿਰਾਂ	dhiran:2	dhiraan:1
ਧਿੰਗੜ	dhingad:2	dhingadh:1	dhingarh:1
ਧੀ	dhee:2	dhi:1
ਧੀਆ	dheea:1	dheeaa:1	dheeya:1	dhiaa:1
ਧੀਆਂ	dheeaan:2	dheeyan:2	dhiaan:2	dheean:1
ਧੀਏ	dheeae:1	dheeye:1	dhie:1
ਧੀਮਾ	dheema:1	dhima:1	theema:1
ਧੀਮਾਨ	dhiman:2	dheemaan:1	dheeman:1
ਧੀਮੀ	dhimi:2	dheemee:1	dheemi:1
ਧੀਮੇ	dheeme:1	dheemey:1	dhime:1
ਧੀਰ	dheer:3	dhir:1
ਧੀਰਜ	dheeraj:3
ਧੀਰਜਵਾਨ	dheerajvan:2	dheejawaan:1	dheerjvan:1
ਧੀਰੂਭਾਈ	dheerubhaaee:1	dheerubhayi:1	dhirubhai:1
ਧੁਖਦਾ	dhukhda:3	dukhda:1
ਧੁਨ	dhun:5
ਧੁਨਾਂ	dhunan:2	dhunaan:1
ਧੁਨਾਤਮਕ	dhunatmak:2	dhunatamak:1
ਧੁਨੀ	dhuni:3	dhunee:1
ਧੁਨੀਆਂ	dhuniaan:3	dhuneeaan:1
ਧੁਨੀਆਤਮਕ	dhuniaatmak:2	dhuneeaatamak:1
ਧੁਰ	dhur:3
ਧੁਰਾ	dhura:3
ਧੁਰੀ	dhuri:3	dhuree:1
ਧੁਰੇ	dhure:3
ਧੁਰੋਂ	dhuron:3
ਧੁਲ	dhul:3
ਧੁੰਦ	dhund:3
ਧੁੰਦਲਾ	dhundla:2	dhundala:1
ਧੁੰਦਲੀ	dhundli:3
ਧੁੰਦਲੇ	dhundle:2	dhundale:1
ਧੁੰਧ	dhundh:3
ਧੁੰਧਲੇ	dhundhle:2	dhundhale:1
ਧੁੰਮਾਂ	dhuman:1	dhunma:1	dhunmaan:1
ਧੁੱਪ	dhupp:2	dhup:1
ਧੁੱਪਾਂ	dhuppan:2	dhupan:1
ਧੁੱਪੇ	dhupe:2	dhuppe:1
ਧੁੱਸੀ	dhusi:2	dhussi:1
ਧੂਆਂ	dhooaan:1	dhuan:1	dhuyan:1
ਧੂਣੀ	dhoonee:1	dhuni:1	dhunni:1
ਧੂਣੀਆਂ	dhooneean:1	dhunian:1	dhunniaan:1
ਧੂਣੇ	dhooney:1	dhune:1	dhunne:1
ਧੂਪ	dhoop:2	dhup:1
ਧੂਪੀਆ	dhoopia:2	dhoopeea:1	dhupia:1
ਧੂਫ	dhoof:1	dhooph:1	dhuf:1
ਧੂਫ਼	dhoof:1	dhooph:1	dhuf:1
ਧੂਮ	dhoom:2	dhum:1
ਧੂਮਕੇਤੂ	dhoomketoo:1	dhoomketu:1	dhumketu:1
ਧੂਮਧਾਮ	dhoomdhaam:1	dhoomdham:1	dhumdham:1
ਧੂਰੀ	dhuri:2	dhooree:1
ਧੂਲ	dhool:2	dhul:1
ਧੂਹ	dhuh:2	dhooh:1
ਧੂੜ	dhood:2	dhud:2	dhoodd:1	dhoorh:1
ਧੂੜਕੋਟ	dhoodkot:1	dhoorhkot:1	dhudkot:1
ਧੂੜਾ	dhooda:1	dhoorha:1	dhuda:1
ਧੂੰਆ	dhuna:2	dhoonaa:1
ਧੂੰਆਂ	dhunan:2	dhoonaan:1
ਧੂੰਏ	dhoone:2	dhunae:2	dhune:1	dhuye:1
ਧੂੰਏਂ	dhoonen:1	dhunen:1	dhunyen:1
ਧੋ	dho:3
ਧੋਂਦੇ	dhonde:3	dhaundae:1	dhondey:1
ਧੋਂਸ	dhons:3
ਧੋਈ	dhoi:2	dhoee:1
ਧੋਏ	dhoe:2	dhoye:1
ਧੋਕੇ	dhoke:3
ਧੋਖਾ	dhokha:3
ਧੋਖਾਧੜੀ	dhokhadhadi:3
ਧੋਖੇ	dhokhe:3
ਧੋਖੇਬਾਜ਼	dhokhebaz:2	dhokhebaj:1
ਧੋਣ	dhon:3
ਧੋਣਾ	dhona:3
ਧੋਤਾ	dhota:3
ਧੋਤੀ	dhoti:3	dhotee:1
ਧੋਤੇ	dhote:3
ਧੋਨੀ	dhoni:5	dhani:1	dhonee:1	dhonii:1
ਧੋਬੀ	dhobi:3	dhobee:1
ਧੋਵੋ	dhovo:3
ਧੌਂਸਬਾਜ਼ੀ	dhaunsbazi:2	dhaunsbaazi:1	dhosbaji:1
ਧੌਂਸਾ	dhaunsa:2	dhosa:1
ਧੌਣ	dhaun:2	dhon:2
ਧੌਲਪਾਲ	dhaulpal:2	dhaulpaal:1	dholpal:1
ਧੌਲਾ	dhaula:2	dhola:1
ਧ੍ਵਨੀ	dhwani:2	dhvani:1	dhwanee:1
ਧੜ	dhad:4	dhadh:3	dhadd:1
ਧੜਕਣ	dhadkan:3	dhaddkann:1	dhadhkanh:1	dharkann:1
ਧੜਕਣਾਂ	dhadhkanhan:1	dhadknan:1	dhadknnan:1	dharknnan:1
ਧੜਕਦੀ	dhadhkadi:1	dhadkadi:1	dharkdee:1	dharkdi:1
ਧੜਕਨ	dhadhkan:1	dhadkan:1	dharkan:1
ਧੜਕਨਾਂ	dhadhkanan:1	dhadkana:1	dhadkanan:1	dharhkana:1
ਧੜਾ	dhada:3	dhadda:2	dhadha:2	dharha:1
ਧੜਾਧੜ	dhadadhad:3	dharhadharh:1
ਧੜਿਆਂ	dhadian:2	dhaddiaan:1	dhadean:1	dhadhiyan:1
ਧੜੇ	dhade:4	dhadde:1	dhadhe:1	dharhe:1
ਧੜੇਬੰਦੀ	dhadebandi:5	dhaddebandi:1	dharhebandi:1
ਧੜੱਲੇ	dhadallay:1	dhadalle:1	dhadhale:1	dhadle:1
ਧੰਜਲ	dhanjal:2	dhajal:1
ਧੰਦਾ	dhanda:3
ਧੰਦਿਆਂ	dhandiyan:2	dhandeyan:1	dhandian:1
ਧੰਦੇ	dhande:2	dhandhe:1
ਧੰਧਾ	dhandha:3
ਧੰਨ	dhann:2	dhan:1
ਧੰਨਵਾਦ	dhannvad:1	dhanvad:1	dhanwad:1
ਧੰਨਵਾਦੀ	dhannvadi:1	dhanvadi:1	dhanwadi:1
ਧੰਨਾ	dhanna:2	dhana:1
ਧੱਕਣ	dhakkan:2	dhakan:1	dhakann:1
ਧੱਕਦਾ	dhakda:2	dhakada:1	dhakkda:1
ਧੱਕਦੇ	dhakade:2	dhakde:1	dhakkde:1
ਧੱਕਾ	dhakka:3	dhaka:1
ਧੱਕਿਆ	dhakkia:2	dhakea:1	dhakia:1	dhakkiaa:1
ਧੱਕੇ	dhakke:2	dhake:1	dhakey:1
ਧੱਕੇਸ਼ਾਹੀ	dhakkeshahi:2	dhakeshahi:1
ਧੱਜੀਆਂ	dhajiaan:1	dhajian:1	dhajjiaan:1	dhajjian:1
ਧੱਫ਼ੜ	dhaffad:1	dhaffarh:1	dhaphadh:1
ਧੱਫੜ	dhafadh:1	dhaffad:1	dhaffarh:1
ਧੱਬਾ	dhabba:3
ਧੱਬਿਆਂ	dhabbiaan:1	dhabiaan:1	dhabiyan:1
ਧੱਬੇ	dhabbe:3
ਨਈ	naee:5	nai:3
ਨਈਂ	naeen:5	nain:2	naeein:1	nayin:1
ਨਈਅਰ	naeear:2	naeeyar:1	naiyar:1	nayiyar:1
ਨਕਈ	nakai:2	nakayi:1
ਨਕਦ	nakad:3
ਨਕਦੀ	nakdi:2	nakadi:1
ਨਕਲ	nakal:3
ਨਕਲਚੀ	nakalchi:2	nakalchee:1	naklachi:1
ਨਕਲਾਂ	naklan:3	naklaan:1
ਨਕਲੀ	nakli:4	naklee:1
ਨਕਲੀਏ	nakleeyae:1	nakleeye:1	naklie:1	nakliye:1
ਨਕਸਲ	naksal:3
ਨਕਸਲਬਾੜੀ	naksalbadi:2	nakasalbadi:1	naksalbadhi:1
ਨਕਸਲਵਾਦ	naksalvad:1	naksalwaad:1	naksalwad:1
ਨਕਸਲਵਾਦੀ	naksalvadi:2	naksalwadi:1
ਨਕਸਲਵਾਦੀਆਂ	nakasalvadiaan:1	naksalwadiaan:1	naksalwadian:1
ਨਕਸਲੀ	naksali:2	nakasli:1	naksalee:1
ਨਕਸਲੀਆਂ	nakasliaan:1	naksaliaan:1	naksalian:1
ਨਕਸ਼	nakash:3
ਨਕਸ਼ਬੰਦ	nakashband:2	nakshband:1
ਨਕਸ਼ਬੰਦੀ	nakashbandi:3
ਨਕਸ਼ਾ	naksha:2	nakshaa:1
ਨਕਸ਼ਾਂ	nakshan:3
ਨਕਸ਼ਿਆਂ	nakshiaan:2	nakshaia:1	nakshiya:1
ਨਕਸ਼ੇ	nakshe:3	nakshey:1
ਨਕਾਬਪੋਸ਼	nakabposh:3	nakaabposh:1
ਨਕਾਰ	nakar:2	nakaar:1	nkar:1	nqar:1
ਨਕਾਰਦਾ	nakaarda:1	nakaardaa:1	nakarda:1	nkarda:1
ਨਕਾਰਦੀ	nakaardee:1	nakaardi:1	nakardi:1	nkardi:1
ਨਕਾਰਦੇ	nakaardae:1	nakaarday:1	nakaarde:1	nakarde:1
ਨਕਾਰਨ	nakaaran:1	nakaran:1	nkaran:1	nqaran:1
ਨਕਾਰਾ	nakara:2	nakaara:1	nakaaraa:1	nakaraa:1
ਨਕਾਰਾਤਮਕ	kanaratmak:1	nakaaraatmak:1	nakaratmak:1	nkaratmak:1
ਨਕਾਰਾਤਮਿਕ	nakaratmik:2	nkaratmik:1	nkaratmiq:1	nqaratmik:1
ਨਕਾਰਿਆ	nakaariya:1	nakariaa:1	nkaareya:1	nkariaa:1
ਨਕਾਰੇ	nakare:2	nakaarae:1	nakaaray:1	nakaare:1
ਨਕਾਸ਼ੀ	nakashi:2	nakashee:1	nkashi:1	nqashi:1
ਨਕੁਲ	nakul:3	naqul:1
ਨਕੋਦਰ	nakodar:2	nakoder:1
ਨਕੋਰ	nkor:2	nakaur:1	nakor:1	nqor:1
ਨਖਰੇ	nakhare:2	nakhre:2
ਨਖਲਿਸਤਾਨ	nakhlistan:2	nakhalistan:1
ਨਖੇੜੇ	nakhede:3	nakhere:1
ਨਖੱਤਰ	nakhattar:2	nakhatar:1	nakhatter:1
ਨਗ	nag:4
ਨਗਦੀ	nagadi:1	nagdee:1	nagdi:1
ਨਗਨ	nagan:3
ਨਗਮਾ	nagama:2	nagma:2
ਨਗਰ	nagar:8	nagara:1	nagarr:1
ਨਗਰਾਂ	nagran:3
ਨਗਰੀ	nagri:2	nagari:1
ਨਗਾਰਚੀ	nagarchi:2	nagarachi:1
ਨਗਾਰਾ	nagaara:2	nagara:2
ਨਗਾਰਿਆਂ	nagariaan:1	nagarian:1	nagariyan:1
ਨਗਾਰੇ	nagare:2	nagaare:1
ਨਗਾੜਾ	nagaada:1	nagada:1	nagara:1	nagarada:1
ਨਚਦੇ	nachde:2	nachade:1	nachdae:1
ਨਚਾ	nacha:5
ਨਚਾਰ	nachar:2	nachaar:1
ਨਚਾਰਾਂ	nacharan:2	nacharaan:1
ਨਛਤਰ	nachatar:1	nachhatar:1	nachhtar:1
ਨਛਤਰਾਂ	anchatran:1	nachhatran:1	nachhtaraan:1
ਨਛੱਤਰ	nachhattar:2	nachater:1
ਨਛੱਤਰਾਂ	anchatran:1	nachattraan:1	nachhattran:1
ਨਜਦੀਕ	najdeek:2	najdik:1
ਨਜਦੀਕੀ	najdeeki:2	najdiki:1
ਨਜਮ	najam:2	njm:1
ਨਜਰ	najar:2	njr:1
ਨਜਰਾਂ	najaraan:1	najaran:1	najran:1
ਨਜਰੀ	najaree:1	najari:1	najri:1
ਨਜਰੀਆ	najareeaa:1	najaria:1	najariya:1
ਨਜ਼ਦੀਕ	nazdeek:2	nazdik:1
ਨਜ਼ਦੀਕੀ	nazdeeki:2	nazdiki:1
ਨਜ਼ਦੀਕੀਆਂ	nazdeekiaan:1	nazdikiaan:1	nazdikiyan:1
ਨਜ਼ਮ	nazam:2	nzm:1
ਨਜ਼ਮਾਂ	nazamaan:1	nazman:1	nzma:1
ਨਜ਼ਰ	nazar:2	nzr:1
ਨਜ਼ਰਅੰਦਾਜ਼	nazarandaz:2	nazarandaaz:1
ਨਜ਼ਰਬੰਦ	najarband:2	nazarband:1
ਨਜ਼ਰਬੰਦੀ	nazarbandee:1	nazarbandi:1	nazrabandi:1
ਨਜ਼ਰਾਂ	nazaraan:1	nazaran:1	nazran:1
ਨਜ਼ਰਾਨਾ	nazarana:1	nazaranaa:1	nazrana:1
ਨਜ਼ਰਾਨੇ	nazaraane:1	nazarane:1	nazrane:1
ਨਜ਼ਰੀ	nazaree:1	nazari:1	nazri:1
ਨਜ਼ਰੀਂ	najrin:1	nazareen:1	nazarin:1
ਨਜ਼ਰੀਆ	najariya:1	nazareeaa:1	nazaria:1
ਨਜ਼ਰੀਆਂ	najariyan:1	nazariaan:1	nazarian:1
ਨਜ਼ਰੀਏ	najariye:2	nazareeae:1	nazareee:1	nazarie:1
ਨਜ਼ਰੇ	najre:1	nazare:1	nazarey:1
ਨਜ਼ਰੋਂ	nazaron:2	najron:1
ਨਜ਼ਲੇ	nazale:2	najle:1
ਨਜ਼ਾਇਜ	najais:1	nazaeej:1	nazaij:1
ਨਜ਼ਾਬਤ	najabat:1	nazaabat:1	nazabat:1
ਨਜ਼ਾਮ	nazaam:2	najam:1
ਨਜ਼ਾਰਾ	nazara:2	najara:1
ਨਜ਼ਾਰੇ	najare:1	nazaare:1	nazare:1
ਨਜ਼ੀਮ	nazeem:2	najeem:1	nazim:1
ਨਜ਼ੀਰ	nazeer:3	najeer:2	nazir:2	naazeer:1
ਨਜ਼ੂਲ	najul:1	nazool:1	nazul:1
ਨਜਾਇਜ਼	najaeez:1	najaish:1	najaiz:1
ਨਜਾਤ	najaat:2	najat:1
ਨਜਾਬਤ	najabat:2	najaabat:1
ਨਜਾਰਾ	najara:2	najaraa:1
ਨਜਾਰਿਆਂ	najariyan:1	nazariaan:1	njarian:1
ਨਜਾਰੇ	najare:2	najaare:1
ਨਜਿੱਠਣ	najithan:1	najithann:1	najithhan:1
ਨਜਿੱਠਦਾ	najithda:2	najeethhada:1
ਨਜਿੱਠਦੇ	najithade:2	najithde:1
ਨਜਿੱਠਿਆ	najithiya:2	najithhia:1
ਨਜੀਬ	najeeb:3
ਨਟਖਟ	natkhat:3
ਨਟਰਾਜ	natraj:3	natraaj:1
ਨਟਰਾਜਨ	natrajan:3	natraajan:1
ਨਣਦ	nanad:3
ਨਣਦੇ	nande:3	nandae:1	nanday:1
ਨਣਾਨ	nanan:2	nanaan:1
ਨਤਮਸਤਕ	natmastak:3
ਨਤਾਲੀਆ	nataliya:2	natalia:1	nataliaa:1
ਨਤਾਸ਼ਾ	natasha:2	nataasha:1
ਨਤੀਜਤਨ	nateejatan:1	natijatan:1	natistan:1
ਨਤੀਜਨ	natijan:2	nateejan:1
ਨਤੀਜਾ	natija:3	nateeja:1
ਨਤੀਜਿਆਂ	natijiaan:2	natijiyan:2	natijan:1	natijian:1
ਨਤੀਜੀਆਂ	natijiaan:1	natijian:1	natijiyan:1
ਨਤੀਜੇ	natije:3	nateejay:1
ਨਥਨੇ	nathne:3	nathnay:1
ਨਦਰ	nadar:3
ਨਦਿਰ	nadir:3
ਨਦੀ	nadi:3
ਨਦੀਆ	nadiaa:3
ਨਦੀਆਂ	nadiaan:2	andian:1
ਨਦੀਏ	nadie:1	nadiy:1	nadiye:1
ਨਦੀਨ	nadin:2	nadeen:1
ਨਦੀਮ	nadeem:2	nadim:1
ਨਦੌਣ	nadaun:1	nadon:1	nadonn:1
ਨਨ	nan:3	nun:3	none:1	nunn:1
ਨਨਕਾਣਾ	nankaanna:1	nankana:1	nankanna:1
ਨਨਦ	nanad:3
ਨਨਾਣ	nanaan:1	nanaann:1	nanan:1
ਨਪੁੰਸਕਤਾ	napunsakta:6
ਨਪੋਲੀਅਨ	napolian:2	napoleon:1
ਨਫਰਤ	nafrat:3
ਨਫਰਤਾਂ	nafratan:2	nafrataan:1
ਨਫ਼ਰਤ	nafrat:2	naffrat:1
ਨਫ਼ਰੀ	nafri:2	naphari:1
ਨਫ਼ਸ	nafas:2	naffas:1
ਨਫ਼ਾ	nafa:2	nafaa:1
ਨਫ਼ੇ	nafe:3
ਨਫੀਸਾ	nafisa:2	napheesa:1
ਨਬਜ਼	nabaz:2	nabaj:1
ਨਬੀ	nabi:3	nabee:1
ਨਬੀਆਂ	nabian:2	nabeeaan:1
ਨਮ	nam:3
ਨਮਕ	namak:3	namaq:1
ਨਮਕੀਨ	namkin:2	namkeen:1	namqin:1
ਨਮਕੀਨਪਣ	namkinpan:2	namkeenpan:1	namqinpani:1
ਨਮਨ	naman:3
ਨਮਸਕਾਰ	namaskar:2	namaskaar:1
ਨਮਸਤੇ	namaste:2	namsate:1
ਨਮਾਜ਼	namaaz:2	namaj:2	namaz:2	naamaaj:1
ਨਮਾਜ਼ੀ	namaazee:1	namaji:1	namazi:1
ਨਮਾਜ਼ੀਆਂ	namazeean:1	namaziaan:1	nmajian:1
ਨਮਿਤ	namit:5
ਨਮਿਤਾ	namita:3
ਨਮੀ	nami:2	namee:1
ਨਮੂ	namu:2	namoo:1
ਨਮੂਨਾ	namoona:1	namuna:1	nauna:1
ਨਮੂਨਿਆਂ	namooniaan:1	namuniaan:1	namunian:1
ਨਮੂਨੇ	namune:2	namoone:1
ਨਯਾ	naya:3	nayaa:1	neya:1
ਨਯੂ	nayu:2	nayoo:1
ਨਰ	nar:3
ਨਰਕ	narak:3
ਨਰਗਸ	nargas:3
ਨਰਗਿਸ	nargis:4	narges:1	nargish:1
ਨਰਤਕੀ	nartaki:2	naratki:1	nartakee:1
ਨਰਮ	naram:3
ਨਰਮਦਾ	narmada:4	naarmaadaa:1	naramada:1	narmadaa:1
ਨਰਮਪੰਥੀ	narampanthi:2	narampanthee:1	narmpanthi:1
ਨਰਮਾ	narma:3
ਨਰਮਾਈ	narmai:3	narmayi:1
ਨਰਮੇ	narme:3
ਨਰਵਸ	narvous:1	narvouse:1	narvoushe:1	narwouse:1
ਨਰਵੋਸਾ	narvosa:1	nervoosa:1	nervosa:1	nervosha:1
ਨਰਸ	naras:2	nurse:1
ਨਰਸਰੀ	narsaree:1	narsari:1	narsarii:1	narsary:1
ਨਰਸਾਂ	narsan:2	narsaan:1
ਨਰਸਿਮਹਾ	narsimaha:1	narsimha:1	narsimhaa:1
ਨਰਸਿਮਾ	narsima:3
ਨਰਸਿੰਗ	nurshing:1	nursin:1	nursing:1
ਨਰਾਂ	naran:2	naraan:1
ਨਰਾਇਣ	narain:2	narainn:2	naraaeen:1	naraain:1
ਨਰਾਜ	naraj:2	naraaz:1
ਨਰਾਜਗੀ	narajagee:1	narajgi:1	nrajagi:1
ਨਰਾਜ਼	naraz:2	naraaz:1
ਨਰਾਤਿਆਂ	naraatiaan:1	naratiaan:1	naratiyan:1
ਨਰਾਤੇ	naraate:2	narate:1
ਨਰਿੰਜਨ	narinjan:3
ਨਰਿੰਦਰ	narinder:6	narindar:2	narendar:1	narendra:1
ਨਰਿੰਦਰਜੀਤ	narinderjeet:2	narindarjit:1
ਨਰਿੰਦਰਪਾਲ	narinderpal:2	narindarpal:1
ਨਰੀਖਣ	nareekhan:1	narikhan:1	narikhann:1
ਨਰੀਮਨ	nariman:2	nareeman:1
ਨਰੂਲਾ	narula:2	naroola:1
ਨਰੇਂਦਰ	narender:2	narendar:1	narendra:1
ਨਰੇਸ਼	naresh:4	nareesh:1	nares:1	nareshh:1
ਨਰੈਣ	naraen:2	narain:2	narainn:1	naren:1
ਨਰੈਣਾ	naraena:1	naraina:1	narainna:1
ਨਰੋਈ	naroyi:2	naroee:1
ਨਰੋਈਆਂ	naroeeaan:1	naroeyan:1	naroyiaan:1	naroyiyan:1
ਨਰੋਏ	naroye:2	naroee:1
ਨਲ	nal:3
ਨਲਕਿਆਂ	nalkiaan:3	nalqiaan:1
ਨਲਕੀ	nalki:2	nalakee:1	nalqi:1
ਨਲਵਾ	nalwa:2	nalavaa:1	nalva:1
ਨਲਵੀ	nalwi:2	nalavee:1	nalvi:1
ਨਲਾਇਕ	nalaik:2	nalaaik:1	nalaiq:1
ਨਲਿਨੀ	nalini:2	nalinee:1
ਨਲੀ	nali:3	nalee:1
ਨਲੀਆਂ	naliaan:2	naleeaan:1
ਨਵ	nav:4	naw:4	neu:1	neuu:1
ਨਵਜਨਮੀ	navjanami:2	navjanmi:2
ਨਵਜਾਤ	navjaat:2	navjat:1
ਨਵਜੀਵਨ	navjeevan:2	navjivan:2	nawjeevan:1
ਨਵਜੋਤ	navjot:3	nawjot:1
ਨਵਜੰਮੀ	navjanmi:2	navjami:1
ਨਵਜੰਮੀਆਂ	navjanmiaan:1	navjanmian:1	navjanmiyan:1	navjmiaan:1
ਨਵਜੰਮੇ	navjanme:2	navjame:1
ਨਵਤੇਜ	navtej:3
ਨਵਨਿਰਮਾਣ	navnirman:2	navnirmaann:1
ਨਵਨਿੰਦਰਾ	navnindra:2	navnindara:1	navnindera:1
ਨਵਨੀਤ	navneet:3
ਨਵਭਾਰਤ	navbharat:3
ਨਵਯੁਗ	navyug:3
ਨਵਰਾਜ	navraj:2	nwraj:1
ਨਵਰਾਤਰੇ	navraatare:1	navrataray:1	navratre:1	nwratre:1
ਨਵਰਾਤਿਆਂ	navratiaan:1	navratian:1	navratiyan:1	nawratian:1
ਨਵਲ	naval:2	nawal:1	nwl:1
ਨਵਾ	nwa:2	nava:1	nawa:1
ਨਵਾਂ	navan:2	navaan:1
ਨਵਾਂਸ਼ਹਿਰ	navanshahir:2	navaanshahir:1
ਨਵਾਚਾਰ	nwachar:2	navachar:1
ਨਵਾਜ	navaaj:1	nawaj:1	nwaj:1
ਨਵਾਜ਼	navaaz:1	nawaz:1	nwaz:1
ਨਵਾਜ਼ਾ	nwaza:2	navaazaa:1
ਨਵਾਜ਼ਿਆ	navaazeea:1	nawazia:1	nvaziaa:1
ਨਵਾਜਿਆ	navajeea:1	nwajia:1	nwajiaa:1
ਨਵਾਬ	navab:3	navaab:1	nawaab:1	nawab:1
ਨਵਾਬਾਂ	navaban:2	navaabaan:1	nawaban:1
ਨਵਾਬੀ	navabi:2	navaabee:1
ਨਵਿਆਉਣਯੋਗ	naviaaunyog:2	naviaunyog:1
ਨਵਿਰਤ	navirat:3
ਨਵਿਰਤੀ	naviratee:1	navirati:1	navirti:1
ਨਵੀ	navi:3	navee:1
ਨਵੀਂ	navin:3	naveen:2	nawin:1
ਨਵੀਂਆਂ	naveenaan:2	navinaan:2	navenaan:1	nawinaan:1
ਨਵੀਆਂ	naviaan:4	naveeaan:2	naviyaan:1
ਨਵੀਨ	navin:3	naveen:2	naviin:1	naween:1
ਨਵੀਨਤਾ	naveenata:1	navinata:1	navinta:1
ਨਵੀਨਤਾਕਾਰੀ	naveenatakaaree:1	navinatakari:1	navintakari:1
ਨਵੀਸ	navis:2	navees:1
ਨਵੇ	nave:6	nawe:1
ਨਵੇਂ	naven:4	nawen:2
ਨਵੇਕਲੀ	navekali:2	navekalee:1	nawekali:1
ਨਵੇਲੀ	naveli:2	navelee:1	naweli:1
ਨਵੰਬਰ	november:3	navambar:2	navamber:1	novembar:1
ਨਸ	nas:3
ਨਸਬ	nasab:3
ਨਸਬੰਦੀ	nasbandi:3
ਨਸਰ	nasar:3
ਨਸਲ	nasal:2	nasl:1
ਨਸਲਕੁਸ਼ੀ	nasalkushi:2	naslkushi:1	naslqushi:1
ਨਸਲਵਾਦ	nasalvad:2	nasalwaad:1	nasalwad:1	nasanwad:1
ਨਸਲਵਾਦੀ	nasalvadi:2	nasalwadi:2
ਨਸਲਾਂ	naslan:2	nasalan:1
ਨਸਲੀ	nasli:2	nasali:1
ਨਸਵਾਰ	nasavaar:1	nasawaar:1	nasvaar:1	nasvar:1
ਨਸ਼ਟ	nasht:2	nashatt:1
ਨਸ਼ਤਰ	nashtar:3
ਨਸ਼ਾ	nasha:3
ਨਸ਼ਿਆਂ	nashiaan:7	nasihaan:1	sashiaan:1
ਨਸ਼ੀਨ	nashin:2	nasheen:1
ਨਸ਼ੀਲਾ	nashila:3	nasheela:2	nasheelaa:1	nashilaa:1
ਨਸ਼ੀਲੀ	nashili:4	nasheelee:1	nasheeli:1	nashilee:1
ਨਸ਼ੀਲੀਆਂ	nasheeleean:1	nasheeleeyan:1	nasheeliyan:1	nashiliaan:1
ਨਸ਼ੀਲੇ	nashile:2	nasheelae:1	nasheelay:1	nasheele:1
ਨਸ਼ੇ	nashe:5	nashae:2	nase:1	nashay:1
ਨਸਾਂ	nasan:2	nasaan:1
ਨਸੀ	nasi:4	nasee:1
ਨਸੀਬ	naseeb:5	nasib:1
ਨਸੀਬਾ	naseeba:2	nasiba:2
ਨਸੀਬਾਂ	naseeban:2	naseebaan:1	nasiban:1
ਨਸੀਬੋ	nasibo:2	naseebo:1	nasibau:1
ਨਸੀਮ	naseem:2	namim:1	nasim:1
ਨਸੀਰ	naseer:2	nasir:2
ਨਸੀਰਾਂ	nasiran:2	naseeraan:1	naseeran:1
ਨਸੀਰੂਦੀਨ	naseeroodeen:1	naseeruddin:1	naseerudeen:1	naseerudin:1
ਨਸੀਹਤ	nasihat:2	naseehat:1
ਨਹਾ	naha:2	nahaa:1
ਨਹਾਈ	nahai:2	nahaaee:1
ਨਹਾਉਂਦੇ	nahaunde:2	nahaaunde:1
ਨਹਾਉਣ	nahaun:4
ਨਹਾਉਣਾ	nahauna:3	nahaunaa:1
ਨਹਾਤਾ	nahata:2	nahaata:1
ਨਹਿਰ	nahir:3
ਨਹਿਰਾਂ	nahiran:2	nhiraan:1
ਨਹਿਰੀ	nahiri:2	nahiree:1
ਨਹਿਰੂ	nahiru:2	nahiroo:1	nehroo:1	nehru:1
ਨਹਿਰੋਂ	nahiron:2	nhiron:1
ਨਹਿਸ	nahis:3
ਨਹੀ	nahi:10	nahee:1
ਨਹੀਂ	nahin:6	naheen:1	nahi:1
ਨਹੋਰੇ	nahore:3	nahorey:1
ਨਾ	na:9	naa:2
ਨਾਂ	naan:3	nah:1
ਨਾਂਅ	naan:3	naaan:1	naanya:1	nanh:1
ਨਾਂਦੇੜ	nanded:2	naanderh:1	nander:1
ਨਾਂਮ	naam:1	naanm:1	nam:1
ਨਾਂਮਾਤਰ	naanmaatar:1	naanmatar:1	namantar:1
ਨਾਂਵ	naanv:2	nanv:1
ਨਾਂਵਾਂ	naanva:1	naanvaan:1	nanvan:1
ਨਾਂਹ	naanh:2	naah:1
ਨਾਂਹਪੱਖੀ	naahpakhi:1	naanhpakhee:1	naanhpakhi:1
ਨਾਅ	naa:2	naaa:1
ਨਾਇ	naai:1	naayi:1	nai:1	nayi:1
ਨਾਇਕ	nike:8	naaik:3	naik:2	nayik:1
ਨਾਇਜੀਰਿਆ	nigeria:2	naaigeria:1	nayijiriya:1
ਨਾਇਜੀਰੀਆ	nigeria:2	nayijiriya:1
ਨਾਇਟ	night:3
ਨਾਇਟਸ	nights:2	nayites:1
ਨਾਇਡੂ	naidu:2	naaidoo:1	naaidu:1	nayidu:1
ਨਾਇਬ	naaib:2	nayib:1
ਨਾਇਰ	naair:2	naer:1	nair:1	nayir:1
ਨਾਈ	naai:1	nai:1	naie:1	ne:1
ਨਾਈਆਂ	naaeeaan:1	naaiyaan:1	nayiyan:1
ਨਾਈਜੀਰੀਆ	nigeria:9	naaeejeereea:1	naaijeeriaa:1
ਨਾਈਟਰੇਟ	nitrate:10	naitrate:1
ਨਾਈਲੋਨ	neilon:1	neiloon:1	neylon:1	neyloon:1
ਨਾਉ	nau:3	naau:1
ਨਾਉਰੂ	naiuroo:1	naiuru:1	naiuuroo:1	nauru:1
ਨਾਕ	naak:3	nak:3
ਨਾਕਾਬੰਦੀ	nakabandi:2	naakabandee:1
ਨਾਕਾਮ	nakam:2	naakaam:1
ਨਾਕਾਮਯਾਬੀ	nakamyabi:2	nakamayaabee:1
ਨਾਕਾਮੀ	nakami:2	nakaamee:1
ਨਾਕਾਰ	nakar:2	naakaar:1
ਨਾਕਾਰਾ	nakara:2	nakaaraa:1
ਨਾਕਾਰਾਤਮਕ	nakaratmak:2	nakaraatmak:1
ਨਾਖ਼ੁਸ਼	nakhush:2	naakhush:1
ਨਾਖੁਸ਼	nakhush:2	naakhush:1
ਨਾਗ	naag:4	nag:4	naga:1
ਨਾਗਣੀ	nagani:2	naagani:1	nagni:1
ਨਾਗਨੀ	nagni:2	nagani:1	nagnee:1
ਨਾਗਪਾਲ	nagpal:3	naagpal:1
ਨਾਗਪੁਰ	nagpur:4	naagpur:2
ਨਾਗਰ	naagar:2	nagar:1	nager:1
ਨਾਗਰਾ	nagra:2	naagra:1
ਨਾਗਰਿਕ	nagrik:3	naagrik:1	nagrek:1
ਨਾਗਰਿਕਤਾ	nagrikta:3
ਨਾਗਰਿਕਾਂ	nagrikan:2	naagrikan:1
ਨਾਗਰੀ	nagri:2	naagri:1	nagree:1
ਨਾਗਾ	naga:4	naaga:1	naagaa:1
ਨਾਗਾਂ	nagan:2	naga:1	nagaan:1
ਨਾਗਾਰਜੁਨ	nagarjun:3	naagarjuna:1	naagarzuna:1	nagaarjun:1
ਨਾਗਾਲੈਂਡ	nagaland:6	nagalend:1
ਨਾਗਾਸਾਕੀ	nagasaki:3	nagasakee:1
ਨਾਗਿਨ	nagin:3
ਨਾਗੋਕੇ	nagoke:2	naagoke:1
ਨਾਚ	nach:2	naach:1
ਨਾਚਾਂ	nachan:3
ਨਾਚੀ	nachi:3	nachee:1
ਨਾਚੇ	nache:3
ਨਾਜ	naaj:3	naj:2
ਨਾਜਰ	najar:3	najr:1
ਨਾਜ਼	naz:2	naaj:1	naaz:1
ਨਾਜ਼ਨੀਨ	nazneen:2	nazanin:1	naznin:1
ਨਾਜ਼ਰ	nazar:2	najar:1	najr:1
ਨਾਜ਼ਿਮ	nazim:3
ਨਾਜ਼ੀ	nazi:4	nazee:2	naajee:1	naazee:1
ਨਾਜ਼ੁਕ	nazuk:3
ਨਾਜਾਇਜ	najayij:2	najaej:1	najaiej:1
ਨਾਜਾਇਜ਼	najayiz:2	najaez:1	najaiez:1
ਨਾਜੀ	naji:3	najee:1
ਨਾਜੀਆਂ	najiyan:2	najiaan:1	najian:1
ਨਾਜੁਕ	najuk:3
ਨਾਟ	naat:2	nat:1
ਨਾਟਕ	natak:3
ਨਾਟਕਕਾਰ	natakkar:3	natakkaar:1
ਨਾਟਕਕਾਰਾਂ	natakkaran:3
ਨਾਟਕਾ	natka:2	nataka:1
ਨਾਟਕਾਂ	natakan:2	naatkan:1	natkan:1
ਨਾਟਕਾਰ	naatkar:1	natakar:1	natkaar:1	natkar:1
ਨਾਟਕੀ	nataki:3	natakee:1	natki:1
ਨਾਟਯ	natay:2	natey:1	natiya:1
ਨਾਟਸ਼ਾਲਾ	naatshala:1	natashala:1	natshala:1
ਨਾਟਿਅਮ	natiam:2	naatiyam:1	natium:1
ਨਾਟੋ	nato:3	naato:1	natoo:1	natto:1
ਨਾਤ	naat:3	nat:1
ਨਾਤਾ	nata:3
ਨਾਤਿਆਂ	natiaan:2	natean:1	natiyan:1
ਨਾਤੇ	nate:3
ਨਾਥ	nath:3	naath:2	naeth:1	neth:1
ਨਾਥਨ	nathan:3	naathan:2	naethan:1	nathaan:1
ਨਾਥਾ	natha:3
ਨਾਦ	naad:3
ਨਾਦਰ	nadar:4	nader:2	nathar:1	nather:1
ਨਾਦਰਸ਼ਾਹ	nadarshah:3
ਨਾਦਰਸ਼ਾਹੀ	nadarshahi:3
ਨਾਦਿਰ	nadir:4	nadear:1	nadeer:1	nader:1
ਨਾਦਿਰਾ	nadira:3	nadera:1
ਨਾਦੀਆ	nadia:3	nadiya:1
ਨਾਦੌਣ	nadaun:2	nadon:1
ਨਾਨ	nan:3	naan:2	nana:1
ਨਾਨਕ	nanak:4	naanak:1	naanaq:1	nanaq:1
ਨਾਨਕਦੇਵ	nanakdev:3
ਨਾਨਕਸਰ	nanaksar:3
ਨਾਨਕਸ਼ਾਹੀ	nanakshahi:3
ਨਾਨਕਾ	nanka:3
ਨਾਨਕਿਆਂ	nankian:2	nankean:1	nankiyan:1
ਨਾਨਕੀ	nanki:2	nanaki:1	nankee:1
ਨਾਨਕੀਆਂ	nankiyan:2	nankian:1
ਨਾਨਕੇ	nanke:3
ਨਾਨਾ	nana:4
ਨਾਨਾਵਤੀ	nanavati:2	nanawati:1
ਨਾਨੀ	nani:3
ਨਾਨੀਆਂ	nanian:2	naniyan:1
ਨਾਨੇ	nane:4
ਨਾਪ	nap:2	naap:1
ਨਾਪਣ	napan:3
ਨਾਪਣਾ	napna:2	napana:1
ਨਾਪਦਾ	napda:3
ਨਾਪਸੰਦ	napasand:3
ਨਾਪਾਂ	napan:3
ਨਾਪਾਕ	napak:4
ਨਾਪਿਆ	napea:1	napia:1	napiaa:1	napiya:1
ਨਾਪੀ	napi:3	napee:1
ਨਾਬਰ	nabar:3
ਨਾਬਰਾਬਰੀ	nabarabari:1	nabrabri:1	namrabari:1
ਨਾਬਾਲਗ	nabalag:3	nabalg:1
ਨਾਬਾਲਗਾਂ	nabalagan:2	labalgan:1	nabalgan:1
ਨਾਬਾਲਿਗ	nabalig:3
ਨਾਭ	nabh:3	naab:1	naabh:1
ਨਾਭਾ	nabha:3	naba:1
ਨਾਭੀ	nabhi:3
ਨਾਭੇ	nabhe:3
ਨਾਮ	nam:10	naam:2	name:1
ਨਾਮਕ	namak:4	naamak:1
ਨਾਮਕਰਣ	namkaran:3
ਨਾਮਕਰਨ	namkaran:3
ਨਾਮਚੀਨ	namchin:3
ਨਾਮਜਦ	namjad:3
ਨਾਮਜ਼ਦ	namazad:1	namjad:1	namzad:1
ਨਾਮਜ਼ਦਗੀ	namajdagi:1	namazadgi:1	namzadgi:1
ਨਾਮਜ਼ਦਗੀਆਂ	namjadagian:1	namzadgiaan:1	namzadgiyan:1
ਨਾਮਦੇਵ	namdev:3	naamdev:1	namdew:1
ਨਾਮਧਾਰੀ	namdhari:2	namshari:1
ਨਾਮਧਾਰੀਆਂ	namdhariaan:1	namdharian:1	namdhariyan:1
ਨਾਮਨਜ਼ੂਰ	namanjur:1	namanzoor:1	namanzur:1
ਨਾਮਰਦੀ	namardi:2	namradi:1
ਨਾਮਵਰ	namvar:2	namwar:2	naamvar:1
ਨਾਮਵਾਰ	namwar:2	namavar:1	namvaar:1	namvar:1
ਨਾਮਾ	nama:3
ਨਾਮਾਂ	naman:3	nama:1
ਨਾਮਾਂਕਣ	namankan:3	namanqan:1
ਨਾਮਾਂਕਨ	namankan:3	namanqan:1
ਨਾਮਾਂਕਿਤ	namankit:3	namanket:1	namanqit:1
ਨਾਮਾਂਤਰ	namantar:3	namanter:1
ਨਾਮਿ	nami:3	naem:1
ਨਾਮੀ	nami:2	naamee:1
ਨਾਮੀਂ	namin:2	nameen:1
ਨਾਮੀਬੀਆ	namibia:2	amibia:1	namebiiya:1	namebiya:1
ਨਾਮੁ	namu:4	naammu:1	naamuu:1
ਨਾਮੁਮਕਿਨ	namumkin:3	namumqin:1
ਨਾਮੁਰਾਦ	namurad:2	naamuraad:1
ਨਾਮੇ	name:2	naame:1
ਨਾਯਰ	nayar:3	naayar:1
ਨਾਰ	nar:3	naar:1	narr:1
ਨਾਰਥ	narath:2	naarath:1
ਨਾਰਦ	narad:2	naarad:1
ਨਾਰਵੇ	norway:3	narave:1	narve:1	narwey:1
ਨਾਰਾ	nara:3
ਨਾਰਾਂ	naran:3	nara:1
ਨਾਰਾਇਣ	narain:3	naaraayaan:1	naaraayan:1	naarayan:1
ਨਾਰਾਇਣਨ	narainan:1	narainhn:1	narayinan:1
ਨਾਰਾਇਣੀ	narainani:1	naraini:1	narayini:1
ਨਾਰਾਜ਼	naraz:3
ਨਾਰਾਜ਼ਗੀ	narazagi:2	narazgi:2
ਨਾਰੀ	nari:4	naaree:1	naari:1	naarii:1
ਨਾਰੀਅਲ	narial:3	nariyal:1
ਨਾਰੀਆਂ	nariaan:2	narian:1	nariyan:1
ਨਾਰੀਵਾਦ	narivad:3	nariwad:2
ਨਾਰੀਵਾਦੀ	narivadi:3	nariwadi:2
ਨਾਰੀਵਾਦੀਆਂ	narivadiaan:2	narivadiyan:1	nariwadiaan:1	nariwadiyan:1
ਨਾਰੇ	nare:4	aare:1	naare:1
ਨਾਰੋਵਾਲ	naroval:3	naaroval:1	narowal:1
ਨਾਰੰਗ	narang:2	naarang:1	narnag:1
ਨਾਰੰਗੀ	narangi:2	naarangi:1	narnagi:1
ਨਾਲ	nal:2	naal:1
ਨਾਲਦੇ	naalde:2	nalde:1
ਨਾਲ਼	naal:2	nall:1
ਨਾਲ਼ਾ	nala:1	nalaa:1	nalla:1
ਨਾਲ਼ੀ	naali:2	nalli:1
ਨਾਲ਼ੋ	naalo:1	nallo:1	nalo:1
ਨਾਲ਼ੋਂ	naalon:1	nallon:1	nalon:1
ਨਾਲਾ	nala:3	naala:2	naalaa:1
ਨਾਲਾਗੜ੍ਹ	nalagarh:2	naalagarh:1
ਨਾਲੀ	naali:2	nali:2
ਨਾਲੀਆਂ	naaleeaan:1	naliaan:1	naliyan:1
ਨਾਲੇ	naale:2	nale:1
ਨਾਲੋ	nalo:3	naalo:1
ਨਾਲੋਂ	nalon:4	naalon:2
ਨਾਲੰਦਾ	nalanda:2	naalanda:1
ਨਾਵ	naav:2	naaw:1	nav:1
ਨਾਵਲ	naval:3	naaval:2	nawal:2	noval:1
ਨਾਵਲਕਾਰ	naavalkaar:1	naavalkar:1	navalkaar:1	nawalkaar:1
ਨਾਵਲਕਾਰਾ	naavalkaaraa:1	naavalkara:1	navalkaaraa:1	nawalkara:1
ਨਾਵਲਕਾਰਾਂ	naavalkaaran:1	naavalkaran:1	nawalkaran:1
ਨਾਵਲਕਾਰੀ	naavalkaari:1	naavalkari:1	nawalkari:1
ਨਾਵਲੀ	naavli:1	navali:1	navli:1	nawali:1
ਨਾਵਲੈੱਟ	naavlaitt:1	navlait:1	nawlett:1
ਨਾਵਾ	naavaa:1	nava:1	nawa:1
ਨਾਵਾਂ	navan:2	naavaan:1	nawan:1
ਨਾਸ	nas:3	naas:1
ਨਾਸਤਕ	naastak:1	nastak:1	nastk:1
ਨਾਸਤਿਕ	nastik:2	naastik:1
ਨਾਸਤਿਕਤਾ	nastikta:2	naastikata:1
ਨਾਸਤਿਕਾਂ	nastikan:2	naastikaan:1
ਨਾਸਰ	naasar:1	nasar:1	nasr:1
ਨਾਸਰਤ	naasrat:1	nasrat:1	nasrt:1
ਨਾਸ਼	nash:4	naash:1
ਨਾਸ਼ਕ	naashak:1	nashak:1	nashk:1
ਨਾਸ਼ਕਾਂ	nashkan:2	naashakan:1
ਨਾਸ਼ਤਾ	nashta:2	naashata:1
ਨਾਸ਼ਤੇ	nashte:2	naashate:1
ਨਾਸ਼ਪਾਤੀ	nashpati:2	naashpaatee:1
ਨਾਸ਼ਮਾਨਤਾ	nashmanta:3
ਨਾਸ਼ਵਾਨ	nashvan:2	nashwaan:1
ਨਾਸਾ	nasa:3
ਨਾਸਾਂ	nasan:2	nasaan:1
ਨਾਸਿਕ	nasik:2	naasik:1
ਨਾਸਿਰ	nasir:4	naasir:2	nashir:1
ਨਾਹ	nah:3	naah:2
ਨਾਹਨ	nahan:2	naahan:1
ਨਾਹਰ	nahar:2	naahar:1
ਨਾਹਰਾ	nahra:2	naaharaa:1
ਨਾਹਰਿਆਂ	naahrian:1	nahrian:1	nahriyaan:1
ਨਾਹਰੇ	nahre:2	naahare:1
ਨਾਹੀ	nahi:4	naahee:1
ਨਾੜ	naad:2	naarh:1
ਨਾੜਾਂ	naadaan:1	nadaan:1	narhaan:1
ਨਾੜੀ	naadi:2	narhi:1
ਨਾੜੀਆਂ	nadiaan:2	naadiaan:1	narhiaan:1
ਨਿ	ni:5	nee:1
ਨਿਅਤ	niat:2	niar:1
ਨਿਅੰਤਰਣ	niantran:2	niantrn:1
ਨਿਅੰਤਰਿਤ	niantrit:2	niantarit:1
ਨਿਆ	niaa:2	nia:1
ਨਿਆਂ	niaan:3
ਨਿਆਂਪਾਲਿਕਾ	nianpalika:2	niaanpaalikaa:1
ਨਿਆਇ	niaai:4	neyaye:1	niai:1
ਨਿਆਈ	niai:2	niaaee:1
ਨਿਆਏ	niaae:1	niae:1	niaye:1
ਨਿਆਗਰਾ	niagara:2	niaagaaraa:1	niaagara:1	niaagra:1
ਨਿਆਜ਼ੀ	niaazi:1	niaji:1	niazi:1
ਨਿਆਣੀ	niani:2	niaanee:1
ਨਿਆਣੇ	niane:2	niaane:1
ਨਿਆਮਤਾਂ	niaamataan:1	niamtan:1	niramtan:1
ਨਿਆਰਾ	niara:4	niaara:1	niaaraa:1
ਨਿਆਰੇਪਨ	niaarepan:2	niyarepan:1
ਨਿਆਸ	niaas:1	niam:1	nias:1
ਨਿਆਸਰਿਆਂ	niasrian:2	niaasriaan:1
ਨਿਆਸਾ	niasa:2	niaasa:1
ਨਿਉਂਦਾ	niunda:2	niyunda:1
ਨਿਉਂਦੇ	neeunde:1	newunde:1	niunde:1	niyunde:1
ਨਿਉਜੀਲੈਂਡ	newzealand:5	niujiland:1	niyujilaind:1
ਨਿਉਯਾਰਕ	newyork:2	niyuyarak:1
ਨਿਉਲਾ	niula:2	neula:1	newla:1
ਨਿਊ	nieu:1	nieuu:1	niu:1	niue:1
ਨਿਊਕਲਰ	nuclear:2	newcolour:1
ਨਿਊਕਲਿਕ	niuklick:1	nucleic:1	nyuklik:1
ਨਿਊਕਲੀ	neookalee:1	neucali:1	nuclea:1
ਨਿਊਕਲੀਅਸ	nucleus:3
ਨਿਊਜਰਸੀ	newjersey:2	newjercy:1
ਨਿਊਜ਼	news:3	newz:1
ਨਿਊਜ਼ਵੀਕ	newjveer:1	newsweak:1	newsweek:1	newzavik:1
ਨਿਊਜ਼ੀਲੈਂਡ	newzealand:8	newzeland:1
ਨਿਊਜੀਲੈਂਡ	newzealand:2	newjiland:1
ਨਿਊਟਨ	newtan:1	newton:1	nuton:1
ਨਿਊਨਤਮ	niuntam:2	neuntam:1	nioonatam:1
ਨਿਊਪੋਰਟ	neuporat:1	newyort:1	niooport:1
ਨਿਊਯਾਰਕ	newyork:2	niooyark:1
ਨਿਊਯੌਰਕ	newyork:2	niooyaurk:1
ਨਿਓ	neo:1	neoo:1	neu:1	nev:1
ਨਿਕ	nik:10	nick:2	nikk:1	niq:1
ਨਿਕਟ	nikat:6	niqat:1
ਨਿਕਟਤਾ	nikatata:3	niqatata:1
ਨਿਕਟਵਰਤੀ	nikatvarti:2	nikatwarti:1	niqatvarti:1	niqatwarti:1
ਨਿਕਟਵਰਤੀਆਂ	naqatwartiaan:1	nikatvariyaan:1	nikatvarteeaan:1	nikatvartiaan:1
ਨਿਕਲ	nikal:10	niqal:2	nickel:1	nicqel:1
ਨਿਕਲਕੇ	nikalke:3	niqalqe:1
ਨਿਕਲਣ	niklan:2	nikalan:1	nikaln:1	niqaln:1
ਨਿਕਲਣਾ	nikalna:5	nikalana:1	niqalna:1
ਨਿਕਲਦਾ	nikalda:4	nekalada:1	nikalada:1	nikaldaa:1
ਨਿਕਲਦੀ	nikaldi:4	nikaldee:1
ਨਿਕਲਦੀਆਂ	nikaldeean:1	nikaldiyaan:1	nikldian:1
ਨਿਕਲਦੇ	nikalde:3	niklde:1
ਨਿਕਲਾ	nikla:2	nikalaa:1
ਨਿਕਲਿਆ	nikaliyaa:3	nikaliaa:1	niklia:1
ਨਿਕਲਿਆਂ	nikaliaan:1	nikaliyaan:1	niklian:1
ਨਿਕਲੀ	nikali:4	nikalee:1	nikli:1
ਨਿਕਲੀਆਂ	nikaliyaan:2	nikleeaan:1	nikleean:1
ਨਿਕਲੇ	nikale:2	nikle:2
ਨਿਕਸਨ	niksan:4	nikson:2	niqsan:2	nickson:1
ਨਿਕਾਰਾਗੁਆ	nicaraaguva:1	nicaraaguwa:1	nicaragua:1	nikaragua:1
ਨਿਕਾਲ	nikal:2	nikaal:1	niqal:1
ਨਿਕਾਲਾ	nikala:3	nikalaa:1
ਨਿਕਾਲੇ	nikale:3	niqale:1
ਨਿਕਾਸ	nikas:2	nikaas:1
ਨਿਕਾਸੀ	nikasi:2	nikasee:1
ਨਿਕਾਹ	nikah:2	nikaah:1	niqah:1
ਨਿਕਿਤਾ	nikita:3	niqita:2	neekita:1	neeqita:1
ਨਿਕੀ	niki:2	nikee:1	niqi:1
ਨਿਕੀਤਾ	nikita:3	niqita:1
ਨਿਕੇ	nike:3	niqe:1
ਨਿਕੇਤਨ	niketan:3	nikaten:1	niqetan:1
ਨਿਕੋਟਿਨ	nikotin:3	nicotine:1	nikoten:1	noqotin:1
ਨਿਕੋਬਾਰ	nikobar:4	nicobar:2	nikobaar:2	niqobar:2
ਨਿਕੋਲ	nikol:3	nicol:1	nicool:1	niqol:1
ਨਿਕੋਲਸ	nikolas:2	nicholas:1	nicolas:1	nicolash:1
ਨਿਕੋਲਸਨ	nikolsan:2	nikolasan:1
ਨਿਕੋਲਾ	nikola:4	nicola:1	nicolaa:1	nicoola:1
ਨਿਕੋਲਾਈ	nikolayi:3	nikolai:2	nikolaai:1	nikolaaii:1
ਨਿਕੰਮਾ	nikama:2	niknama:1
ਨਿਕੰਮੀ	nikami:2	nehkami:1	niknami:1
ਨਿਕੰਮੇ	nikame:2	nehkme:1	nikname:1
ਨਿਖਰ	nikhar:3	nekhar:1
ਨਿਖਰਦੀ	nekhrdi:1	nikharadi:1	nikhardi:1	nikhrdi:1
ਨਿਖਾਰ	nikhar:2	nikhaar:1
ਨਿਖਾਰਣ	nikharann:2	nikharan:1
ਨਿਖਾਰਨ	nikharan:3
ਨਿਖਾਰਿਆ	nikharea:1	nikhariaa:1	nikhariya:1	nikheriya:1
ਨਿਖਿਲ	nikhil:3
ਨਿਖੇਧ	nikhed:1	nikhedh:1	nikheth:1
ਨਿਖੇਧੀ	nikhedi:2	nikhedhi:1
ਨਿਖੇੜ	nikhed:2	nikher:1	nikherh:1
ਨਿਖੇੜਦਾ	nikhedda:2	nikhedada:1	nikherda:1	nikherhada:1
ਨਿਖੇੜਨ	nikhedan:2	nikheran:1	nikherhan:1
ਨਿਖੇੜਨਾ	nikhedna:2	nikherhana:1	nikherna:1
ਨਿਖੇੜਾ	nikheda:2	nikhera:1	nikherha:1
ਨਿਖੇੜਿਆ	nikhedea:1	nikhedia:1	nikhediya:1	nikherhiaa:1
ਨਿਖੇੜਿਆਂ	nikhediyan:2	nikherhiaan:1	nikheriyan:1
ਨਿਖੇੜੇ	nikhede:2	nikherhe:1
ਨਿਖੜ	nikhad:3	nehkhad:1	nikhar:1
ਨਿਖੜਵੇਂ	nikhadven:3	nikhadwe:1
ਨਿਖੜਿਆ	nikhadiaa:1	nikhdia:1	nikhidiya:1	nikhria:1
ਨਿਖੜੀ	nikhadi:2	nikhari:1	nikhdi:1
ਨਿਗਮ	nigam:3
ਨਿਗਮਾਂ	nigaman:2	nigama:1	nigmaan:1
ਨਿਗਰ	nigar:3
ਨਿਗਰਾਨ	nigraan:2	nigran:1
ਨਿਗਰਾਨੀ	nigarani:2	nigrani:2	nigraani:1	nigranee:1
ਨਿਗਲ	nigal:3
ਨਿਗਲਣ	nigalan:1	niglan:1	niglann:1
ਨਿਗਾਰ	nigaar:3
ਨਿਗਾਹ	nigaah:3
ਨਿਗਾਹਾਂ	nigahan:2	nigahaan:1
ਨਿਗਾਹੇਂ	nigaahen:1	nigahein:1	nigahen:1
ਨਿਗੁਣੀ	niguni:2	nigunee:1
ਨਿਗੂਣਾ	niguna:2	nigoona:1
ਨਿਗ੍ਹਾ	nigha:2	nigaah:1
ਨਿਘ	nigh:3
ਨਿਘਰਦੀ	nighardi:3	nighardee:1
ਨਿਚੋੜ	nichod:3
ਨਿਛਾਵਰ	nichavar:2	nichhawar:1
ਨਿਜ	nij:3
ਨਿਜਤਾ	nijata:2	nijta:1
ਨਿਜ਼ਾਤ	nizaat:2	nijat:1
ਨਿਜ਼ਾਮ	nizaam:2	nizam:1
ਨਿਜ਼ਾਮੂਦੀਨ	nizamuddin:2	nizamudin:1
ਨਿਜਾਤ	nijat:2	nijaat:1
ਨਿਜਾਮ	nijam:2	nijaam:1
ਨਿਜਾਮੁਦੀਨ	nijaamudeen:1	nijamuddin:1	nizamuddin:1
ਨਿਜੀ	niji:6	nijee:1
ਨਿਜੀਕਰਨ	nijikaran:3
ਨਿਝੱਕ	nijhak:3	nijhakk:1
ਨਿਡਰ	nidar:7
ਨਿਡਰਤਾ	nidarta:4
ਨਿਢਾਲ	nidal:2	nidhal:1
ਨਿਤ	nit:3	teet:1
ਨਿਤਰਣ	nitaran:2	netran:1	nitran:1
ਨਿਤਰੇ	nitre:2	nitare:1
ਨਿਤਾਣੇ	nitane:3
ਨਿਤਾਰਨ	nitaran:3
ਨਿਤਾਰਨਾ	nitarna:3
ਨਿਦਾ	nida:3
ਨਿਦਾਨ	nidan:3
ਨਿਦਿਆ	nidia:2	nidea:1	nidiaa:1	nidiya:1
ਨਿਦੇਸ਼ਕ	nideshak:3	nideshaq:1
ਨਿਧਨ	nidhan:3
ਨਿਧਾਨ	nidhan:8
ਨਿਪਟਣ	niptan:2	nipatan:1
ਨਿਪਟਾ	nipta:3
ਨਿਪਟਾਰਾ	niptara:3
ਨਿਪਟਿਆ	niptiaa:2	nipatiya:1	tiptiyaa:1
ਨਿਪੁੰਨਤਾ	nipunnta:2	nipunnata:1
ਨਿਪੁੰਸਕ	nipunsak:2	nipumak:1	nipumaq:1
ਨਿਬੜਦਾ	nibadada:3	nibdda:1
ਨਿਬੜਦੀ	nibadadi:3	nibddee:1
ਨਿਬੰਧ	nibandh:4	nimbandh:1
ਨਿਬੰਧਕਾਰ	nibandhkar:2	nibandhkaar:1	nimbandhkar:1
ਨਿਬੰਧਾਂ	nibandhan:2	nibanddhan:1
ਨਿਭ	nibh:4
ਨਿਭਾ	nibha:7	niba:1	nibhaa:1
ਨਿਭਾਂਦੇ	nibhande:3
ਨਿਭਾਅ	nibhaa:1	nibhaaa:1	nibhaya:1
ਨਿਭਾਇਆ	nibhaea:1	nibhaiaa:1	nibhaiyaa:1	nibhaya:1
ਨਿਭਾਈ	nibhai:8	nibhaai:1	nibhaee:1	nibhayi:1
ਨਿਭਾਈਆਂ	nibhaaiyan:1	nibhaean:1	nibhaeyan:1	nibhaiaan:1
ਨਿਭਾਉ	nibhau:3	nibhaoo:1
ਨਿਭਾਉਂਦਾ	nibhaunda:3
ਨਿਭਾਉਂਦਿਆਂ	nibhaundiaan:1	nibhaundian:1	nibhaundiyaan:1
ਨਿਭਾਉਂਦੀ	nibhaundi:3
ਨਿਭਾਉਂਦੀਆਂ	nibhaundiaan:1	nibhaundian:1	nibhaundiyaan:1
ਨਿਭਾਉਂਦੇ	nibhaunde:4
ਨਿਭਾਉਣ	nibhaun:4
ਨਿਭਾਉਣਗੇ	nibhaunge:2	nibhaunage:1
ਨਿਭਾਉਣਾ	nibhauna:3
ਨਿਭਾਉਣੀ	nibhauni:3	nibhaunee:1
ਨਿਭਾਏ	nibhae:3	nibhaye:1
ਨਿਭਾਓ	nibhau:3	nibhao:1
ਨਿਭਾਨਾ	nibhana:3
ਨਿਮ	nim:3
ਨਿਮਖ	nimakh:6	nimkh:1
ਨਿਮਨ	niman:3
ਨਿਮਨਤਮ	nimantam:2	nimanatam:1
ਨਿਮਨਲਿਖਤ	nimanlikhat:2	nimanlikhit:1
ਨਿਮਰ	nimar:3
ਨਿਮਰਤ	nimrat:2	nimarat:1
ਨਿਮਰਤਾ	nimarta:3
ਨਿਮਾਣਾ	nimana:2	nimaana:1
ਨਿਮਾਣੀ	nimani:2	nimaanee:1
ਨਿਮਾਣੀਆਂ	nimaaneeaan:1	nimaniaan:1	nimanian:1
ਨਿਮਾਣੇ	nimane:2	nimaane:1
ਨਿਮਿਤ	nimit:3
ਨਿਮੋਨੀਆ	nimoneeaa:1	nimonia:1	pneumonia:1
ਨਿਯਤ	niyat:3
ਨਿਯਮ	niyam:3
ਨਿਯਮਕ	niyamak:3
ਨਿਯਮਤ	niyamat:2	niymat:1
ਨਿਯਮਬੱਧ	niyambadh:2	niyambaddh:1
ਨਿਯਮਬੱਧਤਾ	niyambaddhata:2	niyambadhta:1
ਨਿਯਮਾਂ	niyaman:4	niyama:1	niyamaan:1
ਨਿਯਮਿਤ	niyamit:2	niymit:1
ਨਿਯੁਕਤ	niyukat:2	niyukt:1
ਨਿਯੁਕਤੀ	niyukati:3	niyukti:1
ਨਿਯੁਕਤੀਆਂ	niyukatian:2	niyuktian:2	niyukatiaan:1	niyuktiaan:1
ਨਿਯੂ	niyu:2	niu:1	niyoo:1
ਨਿਯੋਜਨ	niyojan:3
ਨਿਯੋਜਿਤ	niyojit:3
ਨਿਯੰਤਰਣ	niyantaran:2	niyantran:1
ਨਿਯੰਤਰਨ	niyantaran:2	niyantran:1
ਨਿਯੰਤਰਿਤ	niyanatarit:1	niyantarit:1	niyantrit:1
ਨਿਯੰਤ੍ਰਣ	niyantaran:2	niyantran:1
ਨਿਯੰਤ੍ਰਿਤ	niyantrit:2	niyantarit:1
ਨਿਰਗੁਣ	nirgun:2	niragun:1
ਨਿਰਜਨ	nirjan:2	nirajan:1
ਨਿਰਜਲ	nirjal:3
ਨਿਰਜਲਾ	nirjala:3
ਨਿਰਜਿੰਦ	nirjind:3
ਨਿਰਜੀਵ	nirjeev:2	nirjiv:2
ਨਿਰਣਾ	nirna:2	nirnaa:1
ਨਿਰਣਾਇਕ	niranaaik:1	nirnaaik:1	nirnaik:1
ਨਿਰਣੇ	nirane:2	nirne:1
ਨਿਰਤ	nirat:3
ਨਿਰਦਈ	nirdai:2	nirdaee:1
ਨਿਰਦੇਸਕ	nirdesak:1	nirdeshak:1	nirdesk:1
ਨਿਰਦੇਸ਼	nirdesh:5	niradesh:1
ਨਿਰਦੇਸ਼ਕ	nirdeshak:2	nirdeshk:1
ਨਿਰਦੇਸ਼ਕਾਂ	nirdeshkan:3
ਨਿਰਦੇਸ਼ਤ	niedeshat:1	nirdeshat:1	nirdesht:1
ਨਿਰਦੇਸ਼ਨ	nirdeshan:2	nirdeshn:1
ਨਿਰਦੇਸ਼ਨਾਂ	nirdeshnan:2	nirdeshanan:1
ਨਿਰਦੇਸ਼ਾਂ	nirdeshan:3
ਨਿਰਦੇਸ਼ਿਕਾ	nirdeshika:3
ਨਿਰਦੇਸ਼ਿਤ	nirdeshit:3
ਨਿਰਦੋਸ਼	nirdosh:3
ਨਿਰਧਾਰਕ	nirdharak:3
ਨਿਰਧਾਰਣ	nirdharan:3
ਨਿਰਧਾਰਤ	nirdharat:3
ਨਿਰਧਾਰਨ	nirdharan:3
ਨਿਰਧਾਰਿਤ	nirdharit:3
ਨਿਰਨਾ	nirna:3
ਨਿਰਪਖ	nirpakh:3
ਨਿਰਪੇਖ	nirpekh:3
ਨਿਰਪੱਖ	nirpakkh:2	nirpakh:1
ਨਿਰਪੱਖਤਾ	nirpakhta:1	nirpakkhata:1	nirpakkhta:1
ਨਿਰਬਲ	nirbal:3
ਨਿਰਬਾਣ	nirbaan:2	nirban:1
ਨਿਰਬਾਹ	nirbah:2	nirbaah:1
ਨਿਰਭਉ	nirbhau:3
ਨਿਰਭਯਾ	nirbhaya:3
ਨਿਰਭਰ	nirbhar:3
ਨਿਰਭਰਤਾ	nirbharta:3
ਨਿਰਭੈ	nirbhai:2	nirabhae:1	nirbaay:1	nirbai:1
ਨਿਰਮਤ	nirmat:2	niramat:1
ਨਿਰਮਲ	nirmal:4	niramala:1	nirmall:1
ਨਿਰਮਲਜੀਤ	nirmaljeet:3
ਨਿਰਮਲਾ	nirmala:3
ਨਿਰਮਾਣ	nirman:2	nirmaan:1
ਨਿਰਮਾਣਕਾਰੀ	nirmankari:2	nirmaankaare:1
ਨਿਰਮਾਣਾਂ	nirmanan:2	nirmanaan:1
ਨਿਰਮਾਣਾਧੀਨ	nirmanadheen:2	nirmanadhin:1
ਨਿਰਮਾਤਾ	nirmata:3
ਨਿਰਮਾਤਾਵਾਂ	nirmatavan:2	nirmatawan:1
ਨਿਰਮਿਤ	nirmit:3
ਨਿਰਮੂਲ	nirmool:2	nirmul:1
ਨਿਰਯਾਤ	niryat:2	niryaat:1
ਨਿਰਲੇਪ	nirlep:3
ਨਿਰਵਸਤਰ	nirvasatar:1	nirvaster:1	nirwstr:1
ਨਿਰਵਾਚਨ	nirvaachan:1	nirvachan:1	nirvachn:1
ਨਿਰਵਾਣ	nirvan:1	nirwaan:1	nirwan:1
ਨਿਰਵਾਸਨ	nirvasan:2	nirwasn:1
ਨਿਰਵਾਹ	nirvaah:1	nirvah:1	nirwah:1
ਨਿਰਵਿਘਨ	nirvighan:2	nirwighn:1
ਨਿਰਵਿਵਾਦ	nirvivad:2	nirvivaad:1
ਨਿਰਸੁਆਰਥ	nirsuarth:2	nirsuaarath:1
ਨਿਰਸੰਕੋਚ	nirsankoch:3
ਨਿਰਸੰਦੇਹ	nirsandeh:3
ਨਿਰਾ	nira:2	niraa:1
ਨਿਰਾਕਾਰ	nirakar:2	nirakaar:1
ਨਿਰਾਦਰੀ	niradari:2	niradri:1
ਨਿਰਾਰਥਕ	nirarthak:2	nirarathak:1
ਨਿਰਾਰਥਕਤਾ	nirarathakta:1	nirarthakta:1	nirarthkta:1
ਨਿਰਾਲਾ	nirala:3
ਨਿਰਾਲੀ	nirali:3
ਨਿਰਾਲੇ	nirale:3
ਨਿਰਾਸ਼	nirash:2	niraash:1
ਨਿਰਾਸ਼ਤਾ	nirashata:2	nirashta:1
ਨਿਰਾਸ਼ਾ	nirasha:3
ਨਿਰਾਸ਼ਾਜਨਕ	nirashajanak:2	nirashajnk:1
ਨਿਰਾਸ਼ਾਵਾਦ	niraashwad:1	nirashavad:1	nirashawad:1
ਨਿਰਾਸ਼ਾਵਾਦੀ	nirashavadi:1	nirashawadee:1	nirashawadi:1
ਨਿਰਿਆਤ	niriaat:2	niriat:1
ਨਿਰੀ	niri:5	niree:2
ਨਿਰੀਖਕ	nirikhak:2	nireekhak:1	nireekhk:1
ਨਿਰੀਖਣ	nirikhan:2	nireekhan:1
ਨਿਰੀਖਣਾਂ	nireekhnan:1	nirikhanan:1	nirikhnan:1	nirithanan:1
ਨਿਰੁਕਤ	nirukat:2	nirukt:1
ਨਿਰੁਕਤੀ	nirukati:2	nirukti:1
ਨਿਰੁਪਮਾ	nirupama:2	nirupma:1
ਨਿਰੂਪਣ	niroopan:2	nirupan:2
ਨਿਰੂਪਮਾ	nirupama:2	niroopma:1
ਨਿਰੇਸ਼	niresh:3
ਨਿਰੋਗ	nirog:3
ਨਿਰੋਧ	nirodh:2	nirop:1
ਨਿਰੋਧਕ	nirodhak:2	niropak:1
ਨਿਰ੍ਹਾ	niraha:2	nirah:1
ਨਿਰੰਕਾਰ	nirankaar:1	nirankar:1	nirnakar:1
ਨਿਰੰਕਾਰੀ	nirankari:10	nirakaari:1	nirankaaree:1	nirnakari:1
ਨਿਰੰਕਾਰੀਆਂ	nirankaariaan:1	nirankareean:1	nirnkariaan:1
ਨਿਰੰਕੁਸ਼	nirankush:2	nirnakush:1
ਨਿਰੰਜਣ	niranjan:2	niranjn:1
ਨਿਰੰਜਨ	niranjan:2	niranjn:1
ਨਿਰੰਜਨਾ	niranjana:2	niranjna:1
ਨਿਰੰਜਨੀ	niranjanee:2	nirnjni:1
ਨਿਰੰਤਰ	nirantar:3
ਨਿਰੰਤਰਤਾ	nirantarta:3	nirantarata:2	nirantrta:1	niruntarta:1
ਨਿਲਾਮ	nilaam:2	nilam:1
ਨਿਲਾਮੀ	nilami:2	nilaamee:1	nilamee:1
ਨਿਲੰਬਤ	nilambat:1	nilanbat:1	nilanbt:1
ਨਿਵਰਤਮਾਨ	nivaratmaan:2	nivrtmaan:1
ਨਿਵਾਇਆ	nivaia:1	nivaiaa:1	niwaea:1
ਨਿਵਾਜ	nivaaj:1	nivaj:1	niwaj:1
ਨਿਵਾਜ਼	nivaaz:1	nivaz:1	niwaz:1
ਨਿਵਾਜ਼ੀ	nivazee:1	nivazi:1	niwazi:1
ਨਿਵਾਜਿਆ	nivajia:2	niwajia:2
ਨਿਵਾਜੀ	niwaji:2	nivajee:1	nivaji:1
ਨਿਵਾਣ	niwan:2	nivaan:1	nivan:1
ਨਿਵਾਣਾਂ	nivana:2	nivanaan:1	nivanam:1
ਨਿਵਾਰਕ	nivarak:3
ਨਿਵਾਰਣ	nivaran:4
ਨਿਵਾਰਨ	nivaran:3
ਨਿਵਾਸ	niwas:2	nivaas:1
ਨਿਵਾਸਾਂ	nivasan:1	niwasaan:1	niwasan:1
ਨਿਵਾਸਿਆਂ	nivasiaan:1	niwasia:1	niwasian:1
ਨਿਵਾਸੀ	nivasee:2	niwasi:2	niawasi:1	nivaasi:1
ਨਿਵਾਸੀਆਂ	nivaseean:1	nivasian:1	niwaseean:1
ਨਿਵੇਕਲਾ	nivekala:2	nivekla:1
ਨਿਵੇਕਲੇ	nivekale:2	nivekle:1
ਨਿਵੇਦਨ	nivedan:3
ਨਿਵੇਦਿਤਾ	nivedita:3
ਨਿਵੇਸ਼	nivesh:3
ਨਿਵੇਸ਼ਕ	niveshak:3	niweshak:1
ਨਿਵੇਸ਼ਕਾਂ	niveshkan:3	niveshka:1
ਨਿਵੇਸ਼ਾਂ	niveshan:3	niweshan:1
ਨਿਸ	nis:6
ਨਿਸਚਤ	nischat:2	nisachat:1
ਨਿਸਚਾ	nisacha:1	nischa:1	nischaa:1
ਨਿਸਚਿਤ	nischit:2	nisachit:1
ਨਿਸਚੇ	nische:2	nisache:1
ਨਿਸਚੈ	nischae:2	nisachai:1
ਨਿਸਫਲ	nisfal:2	nisaphal:1
ਨਿਸਫਲਤਾ	nisafalta:1	nisaflta:1	nisaphalta:1
ਨਿਸਬਤ	nisbat:3
ਨਿਸ਼ਕਪਟ	nishakapat:1	nishakpat:1	nishkapatt:1
ਨਿਸ਼ਕਾਮ	nishkaam:2	nishkam:2	neshakam:1	nishakaam:1
ਨਿਸ਼ਕਾਸਨ	nishkasan:3
ਨਿਸ਼ਕਾਸਿਤ	nishkaasit:2	nishkasit:1
ਨਿਸ਼ਕ੍ਰਿਯ	nishakriy:2	nishkriya:1
ਨਿਸ਼ਚਤ	nishachat:2	nishchat:1
ਨਿਸ਼ਚਾ	nishacha:1	nishachaa:1	nishcha:1
ਨਿਸ਼ਚਿਤ	nishchit:2	nishachit:1
ਨਿਸ਼ਚੇ	nishache:2	nishche:1
ਨਿਸ਼ਠਾ	nishatha:2	nishtha:1
ਨਿਸ਼ਠਾਵਾਨ	nishathavaan:1	nishathavan:1	nishthavan:1	nishthawan:1
ਨਿਸ਼ਾ	nisha:4	neesa:1	neesha:1	neeshha:1
ਨਿਸ਼ਾਂਤ	nishant:5	nishaant:1
ਨਿਸ਼ਾਤ	nishat:2	nishaat:1
ਨਿਸ਼ਾਦ	nishaad:1	nishad:1	nishade:1
ਨਿਸ਼ਾਨ	nishan:2	nishaan:1
ਨਿਸ਼ਾਨਚੀ	nishanchi:2	nishaanchi:1
ਨਿਸ਼ਾਨਦੇਹੀ	nishandehi:2	nishaandehi:1
ਨਿਸ਼ਾਨਾ	nishana:4	nishaana:2
ਨਿਸ਼ਾਨਾਂ	nishaanaan:1	nishanaan:1	nishanan:1
ਨਿਸ਼ਾਨਿਆਂ	nishaniaan:2	nishaaniaan:1
ਨਿਸ਼ਾਨੀ	nishani:3	neshani:1	nishaani:1	nishanee:1
ਨਿਸ਼ਾਨੀਆ	nishaniaa:2	nishaaneeaan:1
ਨਿਸ਼ਾਨੀਆਂ	nishaniaan:2	nishaaneeaan:1
ਨਿਸ਼ਾਨੇ	nishane:2	nishaane:1
ਨਿਸ਼ਾਨੇਬਾਜ਼ੀ	nishanebazi:2	nishaanebaazi:1
ਨਿਸ਼ਾਨੇਬਾਜੀ	nishanebaji:2	nishaanebaaji:1
ਨਿਸਾ	nisa:3	nisaa:1
ਨਿਸਾਨੀ	nisani:2	nisaani:1
ਨਿਸਾਰ	nisaar:2	nisar:1
ਨਿਸੰਗ	nisang:2	nesang:1	nesung:1
ਨਿਹਚਾ	nehacha:1	nihacha:1	nihcha:1
ਨਿਹਮਤਾਂ	nehmat:1	nihamatan:1	nihmatan:1
ਨਿਹਲਾਨੀ	nehlani:1	nihlaanee:1	nihlani:1
ਨਿਹਾਇਤ	nehayit:1	nihaait:1	nihait:1
ਨਿਹਾਦ	nihaad:2	nihad:1
ਨਿਹਾਲ	nihal:3	nihaal:2
ਨਿਹਾਲਾ	nihala:2	nihaala:1
ਨਿਹਿਤ	nihit:3
ਨਿਹੋਰੇ	nihore:3
ਨਿਹੰਗ	nihang:3
ਨਿਹੰਗੀ	nihangi:3	nihangee:1
ਨਿਹੱਥੀ	nehhathi:1	nihathee:1	nihhathi:1
ਨਿਹੱਥੇ	nihatthe:7	nehathhe:1	nihathey:1	nihhthe:1
ਨਿੰਜਾ	ninja:3
ਨਿੰਦਦਾ	nindada:2	nidada:1	nindda:1
ਨਿੰਦਦੀ	nindadi:2	ninddi:1
ਨਿੰਦਰ	ninder:3	nindar:1
ਨਿੰਦਾ	ninda:3
ਨਿੰਦਿਆ	nindiya:4	nindiyaa:3	nindea:2	nindia:2
ਨਿੰਬੂ	nimbu:2	nimboo:1
ਨਿੰਮ	nimm:2	nim:1	ninm:1
ਨਿੰਮੋ	nimmo:2	ninmo:1
ਨਿੱਕ	neek:1	neeq:1	nick:1	niik:1
ਨਿੱਕਲਣ	nikkalan:1	nikkaln:1	niqqaln:1
ਨਿੱਕਲਣਾ	nikkalana:1	nikkalna:1	niqqalna:1
ਨਿੱਕਾ	nikka:3	nika:1
ਨਿੱਕਿਆ	nikkiaa:1	nikkiaan:1	nikkiyaa:1
ਨਿੱਕਿਆਂ	nikkiaan:2	nikkiyaan:1	niqqiaan:1
ਨਿੱਕੀ	nikki:5	nikkee:3	nikkii:2	niqqi:2
ਨਿੱਕੀਆਂ	nikeean:1	nikkiaan:1	nikkiyaan:1	niqqiaan:1
ਨਿੱਕੂਵਾਲ	nikkulvan:1	nikkulwan:1	nikkuwal:1	niqqulvan:1
ਨਿੱਕੇ	nikke:2	nike:1	niqqe:1
ਨਿੱਗਰ	niggar:2	nigger:1
ਨਿੱਘੇ	nigghe:2	nighe:1
ਨਿੱਚੇ	nicche:1	niche:1	nichey:1
ਨਿੱਜ	nijj:2	nij:1
ਨਿੱਜਤਾ	nijjata:2	nijta:1
ਨਿੱਜੀਕਰਨ	nijikaran:3	nijjikaran:1
ਨਿੱਠ	nitth:2	nith:1
ਨਿੱਡਰ	niddar:2	nidder:1
ਨਿੱਤ	nitt:4	nit:1
ਨਿੱਤਰ	nittar:2	nitar:1
ਨੀ	ni:3	ne:1	nee:1	nii:1
ਨੀਂ	neen:4	nin:3	nee:1
ਨੀਂਦ	nind:2	neend:1
ਨੀਂਹ	neenh:2	ninh:2	neeh:1
ਨੀਂਹਾਂ	ninhan:2	neenhan:1	ninha:1	ninham:1
ਨੀਅਤ	neeat:1	neeyat:1	niat:1
ਨੀਆਂ	niaan:2	neeaan:1	niyaa:1
ਨੀਕੀ	niki:2	neekee:1	niqi:1
ਨੀਚ	neech:2	nich:2
ਨੀਚਾ	neecha:4	nicha:4
ਨੀਚੁ	nichu:3
ਨੀਚੇ	neeche:2	niche:1
ਨੀਜੀ	niji:2	neeji:1
ਨੀਝ	neejh:2	nijh:1
ਨੀਤ	neet:3
ਨੀਤਾ	neeta:4	neetaa:1	nita:1
ਨੀਤੀ	niti:3
ਨੀਤੀਆਂ	nitian:3	nitiyan:2	neeteean:1	nitiaan:1
ਨੀਤੀਗਤ	nitigat:2	neetigt:1
ਨੀਤੂ	neetu:2	neetoo:1	nitu:1
ਨੀਦ	need:3
ਨੀਦਰਲੈਂਡ	nederland:2	needrlaind:2	netherland:2
ਨੀਨਾ	neena:4	neenaa:1	niina:1	niinaa:1
ਨੀਨੋ	neeno:2	nino:1
ਨੀਪੋਲੀਨ	nipolin:2	napoleon:1	neepoleen:1
ਨੀਮ	neem:3
ਨੀਮਾ	neema:3
ਨੀਯਤ	neeyat:1	neeyt:1	niyat:1
ਨੀਯਮ	neeyam:1	neeym:1	niyam:1
ਨੀਰ	neer:3
ਨੀਰਜ	neeraj:2	niraj:1
ਨੀਰਜਾ	nirja:2	neerja:1
ਨੀਰਸ	neeras:1	neers:1	niras:1
ਨੀਰੂ	niru:2	neeroo:1
ਨੀਰੋ	nearo:1	neero:1	neeroo:1	nero:1
ਨੀਲ	neel:2	nil:2	neiil:1	neil:1
ਨੀਲਗਿਰੀ	neegiree:1	nilagiri:1	nilgiri:1
ਨੀਲਮ	nilam:2	neelam:1
ਨੀਲਮਣੀ	neelmanee:1	nilamani:1	nilmani:1
ਨੀਲਸਨ	neelasan:1	neelshan:1	neilsen:1	neilshen:1
ਨੀਲਾ	nila:2	neela:1
ਨੀਲਾਮੀ	nilami:2	neelamee:1
ਨੀਲੀ	nili:2	neelee:1	neeli:1	neelii:1
ਨੀਲੀਆਂ	niliaan:2	neeleean:1
ਨੀਲੇ	nile:2	neele:1
ਨੀਲੇਸ਼	nilesh:2	neelesh:1
ਨੀਵ	niv:2	neev:1	niw:1
ਨੀਵਾਂ	nivan:2	neeva:1	neevam:1	niva:1
ਨੀਵਿਆਂ	niviaan:2	nivian:1	niviyan:1	niwiaan:1
ਨੀਵੀ	nivi:3	niwi:1
ਨੀਵੀਂ	nivin:2	neeveen:1	nivi:1	niwin:1
ਨੀਵੀਆਂ	neevian:1	niviaan:1	nivian:1	niviyan:1
ਨੀਵੇਂ	niven:2	neevein:1	nive:1	niwen:1
ਨੀਹ	neeh:3	nih:1
ਨੀਹਾਂ	nihan:2	neehaan:1
ਨੁ	nu:3	no:1
ਨੁਕਤਾ	nukta:2	nukata:1	nuqta:1
ਨੁਕਤਾਚੀਨੀ	nuktachini:2	nukatacheenee:1	nuqtachini:1
ਨੁਕਤਿਆਂ	nuktiyan:2	nukriaan:1	nuktiaan:1	nuqtiaan:1
ਨੁਕਤੇ	nukte:3	nukate:1	nuqte:1
ਨੁਕਸ	nukas:2	nuks:1	nuqs:1
ਨੁਕਸ਼ਾਨ	nukshan:2	nukshaan:1	nuqshan:1
ਨੁਕਸਾਂ	nuksan:3	nuqsan:1
ਨੁਕਸਾਨ	nuksan:3	nuksaan:1	nuqsan:1
ਨੁਕਸਾਨਦਾਇਕ	nuksandaik:2	nuksandaaik:1	nuksandaiq:1	nuqsandaik:1
ਨੁਕਸਾਨਦੇਹ	nuksandeh:2	nukasandeh:1	nuqsandeh:1
ਨੁਕਸਾਨਾਂ	nuksanan:3
ਨੁਕਸਾਨਿਆ	nuksaaniaa:1	nuksaniaa:1	nuksaniya:1	nuqsaniaa:1
ਨੁਕਸਾਨੇ	nuksane:3	nuqsane:1
ਨੁਕੀਲੇ	nukeele:2	nukile:1	nuqile:1
ਨੁਕੜ	nukad:2	nukar:1	nuqar:1
ਨੁਮਾਇਸ਼	numaish:3
ਨੁਮਾਇਸ਼ਾਂ	numaishan:2	numaishaan:1
ਨੁਮਾਇੰਦਗੀ	numaindagi:2	numaeindagi:1
ਨੁਮਾਇੰਦਾ	numainda:2	numaeinda:1	numaenda:1
ਨੁਮਾਇੰਦਿਆਂ	numaindian:5	numaindiaan:4	numaendian:2
ਨੁਮਾਇੰਦੇ	numainde:3	numaende:1
ਨੁਸਖ਼ਾ	nuskha:1	nuskhaa:1	nuskkha:1
ਨੁਸਖ਼ੇ	nuskhe:2	nuskhey:1
ਨੁਸਖਾ	nuskha:3
ਨੁਸਰਤ	nusrat:3
ਨੁਸ਼ਹਿਰੇ	nushahire:2	nushhire:1
ਨੁਹਾ	nuha:3
ਨੁੰ	nun:3	noo:1	nu:1
ਨੁੱਕਰੇ	nukkare:2	nukkre:1	nuqqre:1
ਨੁੱਕੜ	nukkad:2	nukkar:1	nuqqar:1
ਨੂ	nu:2	noo:1
ਨੂਈ	nui:3	naui:1	nauii:1	nauui:1
ਨੂਡਲਜ਼	noodles:1	nudalz:1	nudlaj:1
ਨੂਤਨ	nutan:3	nootan:1
ਨੂਨ	noon:3	nun:2	nunn:1	nuun:1
ਨੂਰ	nur:5	noor:3	noorr:1	nurr:1
ਨੂਰਜਹਾਂ	noorjahan:1	nurjahan:1	nurjhan:1
ਨੂਰਦੀਨ	nurdin:3	noordeen:1	noordin:1
ਨੂਰਪੁਰ	nurpur:2	noorpur:1
ਨੂਰਪੁਰੀ	nurpuri:2	noorpuri:1
ਨੂਰਮਹਿਲ	nurmahil:2	noormahal:1	noormehal:1
ਨੂਰਾ	nura:2	noora:1
ਨੂਰਾਂ	nuran:2	noora:1	nooran:1
ਨੂਰਾਨੀ	nurani:2	noorani:1
ਨੂਰਾਲਦੀਨ	nuraldin:2	nooraldeen:1
ਨੂਰੀ	nuri:3	noori:1	noorie:1	nuree:1
ਨੂਹ	nuh:3	naah:1	noah:1	nooh:1
ਨੂੰ	nun:4	noo:2	noon:2
ਨੂੰਹ	nuh:2	nooh:1	nunh:1
ਨੂੰਹਾਂ	nuhan:2	noohan:1	nunhan:1
ਨੇ	ne:5
ਨੇਂ	nen:4	nein:2
ਨੇਕ	nek:3	neq:1
ਨੇਕਨਾਮੀ	neknami:2	neknaamee:1	neqnami:1
ਨੇਕਾ	neka:3	neqa:1
ਨੇਕੀ	neki:2	nekee:1	neqi:1
ਨੇਗੀ	negi:3	neegi:1	negee:1	negii:1
ਨੇਜ਼ਾ	neza:2	neja:1
ਨੇਟਿਵ	native:2	nativ:1	netiv:1
ਨੇਤਰ	netar:3
ਨੇਤਰਹੀਣ	netarhin:2	netarheen:1
ਨੇਤਰਹੀਨ	netarhin:2	netarheen:1
ਨੇਤਾ	neta:3
ਨੇਤਾਜੀ	netaji:2	netajee:1
ਨੇਤਾਵਾਂ	netavan:3	netawan:1
ਨੇਪਰੇ	nepare:2	nepre:1
ਨੇਪਾਲ	nepal:4	nepaal:1
ਨੇਪਾਲੀ	nepali:4	nepaalee:1	nepaali:1
ਨੇਪੀਅਰ	napeeiir:1	napeeir:1	napiar:1	napieer:1
ਨੇਪੋਲੀਅਨ	nepolian:2	napoleon:1
ਨੇਮ	nem:2	name:1
ਨੇਮਾ	nema:3
ਨੇਮਾਵਲੀ	nemavali:2	nemavalee:1	nemawali:1
ਨੇਮੀ	nemi:2	nemee:1
ਨੇਰੂਦਾ	neruda:2	nerooda:1
ਨੇਲਸਨ	nelson:3	nelsan:1
ਨੇਵਲ	neval:3	naval:2	navel:2	nawal:1
ਨੇਵਾਰਕ	newark:2	nevarak:1	nevark:1
ਨੇਵਿਸ	neevees:1	neevis:1	neevish:1	nevees:1
ਨੇਵੀ	navee:1	navii:1	navy:1	nawee:1
ਨੇਵੀਗੇਸ਼ਨ	navigation:3	nevigeshan:1	newigeshan:1
ਨੇਸਲੇ	nesle:2	nesale:1
ਨੇਸ਼ਨਲ	national:2	neshnal:1
ਨੇਹਰੂ	nehru:3
ਨੇਹਵਾਲ	nehval:3	nehwal:1
ਨੇਹਾ	neha:7
ਨੇੜ	ned:2	nerr:1
ਨੇੜਤਾ	nedata:3	nedta:2	nerrta:1
ਨੇੜਲਾ	nedala:2	nedla:2	nerrla:1
ਨੇੜਲੀ	nedali:1	nedlee:1	nerrli:1
ਨੇੜਲੇ	nedale:2	nerrle:1
ਨੇੜਿਓਂ	nedion:3	nediaun:1	nediun:1	nerriaun:1
ਨੇੜੇ	nede:5	nerre:1
ਨੈਗੇਟਿਵ	negative:3	naegetiv:1	naegetiw:1
ਨੈਚੁਰਲ	natural:3	naechural:1
ਨੈਟ	net:2	naet:1	nait:1
ਨੈਟਵਰਕਾਂ	naetvarkan:1	naetvarqan:1	naetwarkan:1	naetwarqan:1
ਨੈਣਾ	naina:4	naena:2	naenaa:1	nainaa:1
ਨੈਣਾਂ	nainan:2	naenan:1	nainaan:1
ਨੈਤਿਕ	naitik:3	naetik:1	naetiq:1	naitiq:1
ਨੈਤਿਕਤਾ	naitikata:2	naetikta:1	naetiqta:1	naitikta:1
ਨੈਨ	nain:3	naen:1
ਨੈਨਲ	nainal:3	naenal:1
ਨੈਨਸੀ	nancy:4	naincy:2	naensi:1	naiincy:1
ਨੈਨਾ	naina:3	naena:1
ਨੈਨੀਤਾਲ	nainital:4	naenital:1	naiineetaal:1	naiiniitaal:1
ਨੈਨੋ	nano:4	naeno:2	naenoo:1	naino:1
ਨੈਪੋਲੀਅਨ	naepolian:1	naipolian:1	napolean:1	napolian:1
ਨੈਰੂਦਾ	naeruda:1	nairooda:1	nairuda:1
ਨੈਰੋਬੀ	nairobi:4	naerobi:2	naerobee:1	naerobii:1
ਨੈਲਸਨ	nelson:3	naelsan:2	naelshan:1	naelshon:1
ਨੈਲੀ	nalie:1	nallie:1	nalliie:1	neli:1
ਨੈਵਰ	never:2	naevar:1	naewar:1	naivar:1
ਨੈਸਲੇ	nestle:3	naesle:1
ਨੈਸ਼	naesh:1	naish:1	nesh:1
ਨੈਸ਼ਨਲ	national:3	naeshnal:1
ਨੈੱਟ	nett:2	naett:1
ਨੈੱਟਵਰਕ	network:3	naettvark:1	naettwark:1	naettwarq:1
ਨੈੱਟਵਰਕਿੰਗ	nettvorking:1	nettworkin:1	nettworking:1	nettworqing:1
ਨੋ	no:3
ਨੋਂ	non:2	naun:1
ਨੋਅ	noa:3
ਨੋਇਡਾ	noida:4	noidaa:1
ਨੋਕ	nok:3	noq:1
ਨੋਕਦਾਰ	nokdar:2	nokdaar:1	noqdar:1
ਨੋਕਰਾਂ	naukaraan:1	nokaran:1	nokran:1	noqran:1
ਨੋਕਰਾਨੀ	nokrani:2	naukrani:1	noqrani:1
ਨੋਕਰੀ	naukari:1	nokari:1	nokri:1	noqri:1
ਨੋਕਾਂ	naukan:1	nekan:1	nokan:1	noqan:1
ਨੋਕੀਆ	nokiaa:3	nokia:2	noqiaa:2	nokeeya:1
ਨੋਚੇ	noche:3
ਨੋਜਵਾਨ	nojwan:2	nojavan:1	nojvan:1
ਨੋਟ	note:3	not:1
ਨੋਟਬੁੱਕ	nootebook:1	nooteboouk:1	nootebuk:1	notebook:1
ਨੋਟਰੀ	notary:3	nootary:1	notari:1	notri:1
ਨੋਟਸ	notes:2	notas:1
ਨੋਟਾਂ	notan:2	nota:1	notaan:1
ਨੋਟਿਸਾਂ	noticaan:1	noticea:1	noticean:1	notisan:1
ਨੋਟੀਫਿਕੇਸ਼ਨ	notification:3	notifikeshan:1
ਨੋਬਲ	nabel:1	nobala:1	nobel:1
ਨੋਬੇਲ	nobel:3
ਨੋਰਾ	nora:3	naura:1	noora:1
ਨੋਰ੍ਹਾ	norha:2	noraha:1
ਨੋਵਲ	noovall:1	noovell:1	noowall:1	noval:1
ਨੋਵਾ	nova:1	novaa:1	nowa:1	nowaa:1
ਨੋਵੇ	nove:2	novey:1	noway:1	nowe:1
ਨੋਵੇਂ	noven:2	novein:1	nowen:1
ਨੋਸ਼ੀ	noshi:2	noshee:1
ਨੋਹ	noh:3
ਨੌ	nau:3	naun:1
ਨੌਂ	naun:2	non:1
ਨੌਂਗੇ	naunge:2	nonge:1
ਨੌਂਜਵਾਨ	naunjawaan:1	naunjvan:1	nonjavan:1
ਨੌਂਵੇਂ	naunven:2	nonvain:1
ਨੌਕਰ	naukar:1	naukr:1	nokar:1
ਨੌਕਰਸ਼ਾਹ	naukarshah:1	naukrshah:1	nokarshah:1
ਨੌਕਰਸ਼ਾਹੀ	naukarshahee:1	naukrshahi:1	nokarshahi:1
ਨੌਕਰਾਂ	naukaraan:1	naukran:1	nokran:1
ਨੌਕਰਾਣੀ	naukranee:1	naukrani:1	nokaranni:1
ਨੌਕਰਾਣੀਆਂ	naukraneean:1	naukraniaan:1	nokarannian:1
ਨੌਕਰਾਨੀ	naukrani:1	nauraanee:1	nokrani:1
ਨੌਕਰੀ	naukaree:1	naukri:1	nokari:1
ਨੌਕਰੀਆਂ	naukareean:2	naukreean:2	nokariaan:1	nokriaan:1
ਨੌਕਾ	nauka:2	noka:1
ਨੌਜਵਾਨ	naujvan:2	nojawan:1
ਨੌਜਵਾਨਾਂ	naujvanan:1	naujwana:1	naujwanam:1	nojwanaan:1
ਨੌਜਵਾਨੀ	nojwani:2	naujvani:1	naujwani:1
ਨੌਜੁਆਨ	naujuaan:1	naujuan:1	nojuaan:1	nojwan:1
ਨੌਜੁਆਨਾ	naujuana:2	naojuaana:1
ਨੌਜੁਆਨਾਂ	naujuaanan:1	naujuanan:1	nojuana:1	nojuanan:1
ਨੌਟੰਕੀ	nautanki:1	nautnki:1	notanki:1
ਨੌਨਿਹਾਲ	naunihal:2	nonihal:2
ਨੌਮ	nom:2	naaum:1	naum:1
ਨੌਮੀ	naumi:2	nomi:1
ਨੌਰ	naaur:1	naur:1	nor:1
ਨੌਰਥ	naurth:1	norath:1	north:1
ਨੌਰਦਰਨ	naurdrn:1	nordaran:1	nordran:1	northern:1
ਨੌਰਮਲ	normal:2	naurml:1
ਨੌਰਾ	naura:2	nora:2
ਨੌਰਾਤਿਆਂ	nauratian:1	naurtian:1	noratian:1	nortian:1
ਨੌਰਾਤੇ	naurate:2	norate:1
ਨੌਵਾਂ	novan:2	nauvan:1	nova:1
ਨੌਵੀ	novi:3	nauvi:2
ਨੌਵੀਂ	nauveen:2	nauvin:2	novin:1
ਨੌਵੇਂ	nauven:4	novain:1
ਨੌਸ਼ਹਿਰਾ	naushahira:2	naushhira:1
ਨੌਸ਼ਹਿਰੇ	naushahire:2	naushhire:1
ਨੌਸ਼ਾਦ	naoshad:1	naushaad:1	naushad:1
ਨੌਸੇਨਾ	nausena:2	naosena:1
ਨ੍ਹੀ	nhi:2	nhee:1
ਨ੍ਹੇਰਾ	nhera:2	nehra:1
ਨ੍ਹੇਰਿਆਂ	nehrian:1	nheriaan:1	nherian:1
ਨੰਗ	nang:3
ਨੰਗਲ	nangal:3
ਨੰਗਾ	nanga:3
ਨੰਗੀ	nangee:2	nangi:2
ਨੰਗੇ	nange:3
ਨੰਗੇਜ	nangej:3
ਨੰਦ	nand:3
ਨੰਦਗੜ	nandgadh:2	nandgad:1
ਨੰਦਨ	nandan:3
ਨੰਦਾ	nanda:4	nandaa:1
ਨੰਦਿਤਾ	nandita:3
ਨੰਦਿਨੀ	nandini:2	nandinee:1
ਨੰਦੀ	nandee:3	nandi:3	nandii:1	nundee:1
ਨੰਦੀਗ੍ਰਾਮ	nandigram:3	nandeegram:1
ਨੰਦੇੜ	nanded:3
ਨੰਨੂ	nannoo:1	nanu:1	nnnu:1
ਨੰਬਰ	number:3	nambar:1	nnbr:1	numbar:1
ਨੰਬਰਦਾਰ	nambardaar:1	nambardar:1	nnbrdar:1
ਨੰਬਰਦਾਰੀ	nambardari:1	nnbrdari:1	numberdaaree:1
ਨੰਬਰਾਂ	nambran:1	nnbran:1	numbaran:1
ਨੱਕ	nak:2	nakk:2
ਨੱਕਾਸ਼ੀ	nakkashi:3	nakkashee:1	naqqashi:1
ਨੱਕੋ	nakko:4	naqqo:1
ਨੱਚ	nacch:2	nach:1
ਨੱਚਣ	nacchan:2	nachan:1
ਨੱਚਣਾ	nacchana:3	nachna:1
ਨੱਚਦਾ	nacchda:2	nachda:1
ਨੱਚਦੀ	nacchadi:1	nacchdi:1	nachdee:1	nachdi:1
ਨੱਚਦੀਆਂ	nacchdiaan:2	nachdeeyan:1	nachdiyan:1
ਨੱਚਦੇ	nacchade:1	nacchde:1	nachdae:1	nachde:1
ਨੱਚਾਂ	nacchan:2	nachchaan:1
ਨੱਚਿਆ	nacchiaa:2	nachchiaa:1
ਨੱਚੀ	nacchi:2	nachchee:1
ਨੱਚੀਏ	nacchie:2	nachcheee:1
ਨੱਚੇ	nacche:2	nachche:1
ਨੱਚੇਗੀ	chachhegi:1	nacchegi:1	nachchegi:1
ਨੱਟ	nat:1	natt:1	nut:1
ਨੱਢਾ	naddha:2	nada:1	naddhaa:1
ਨੱਢੀ	naddhi:2	naddhee:1	nadhi:1
ਨੱਤੀਆਂ	natiaan:1	natiyan:1	nattiaan:1
ਨੱਥ	nath:2	natth:1
ਨੱਥਾ	natha:2	nattha:1
ਨੱਥੀ	nathi:2	nathee:1	natthi:1
ਨੱਥੂਰਾਮ	nathuram:2	natthuram:1
ਨੱਥੋਹੇੜੀ	nathohadi:1	nathohedi:1	nathoheri:1	natthohedi:1
ਨੱਲ	nall:3
ਨੱਸ	nass:3
ਨੱਸੇ	nasse:3	nassae:1	nassay:1
ਪਂਜਾਬੀ	punjabi:2	panjaabi:1
ਪਈ	pai:6	paee:1	pi:1
ਪਈਆਂ	paiyaan:3	pian:3	paeeaan:2	paeean:1
ਪਉ	pu:2	pau:1
ਪਉੜੀ	paudee:1	paudi:1	pudi:1
ਪਉੜੀਆਂ	paudeean:1	paudiyaan:1	pudeean:1
ਪਊਆ	paooaa:1	pauaa:1	pooa:1
ਪਏ	pae:6	pie:1
ਪਕ	pak:4	puk:1
ਪਕਣ	pakan:4	pakann:1
ਪਕਵਾਨ	pakwaan:2	pakwan:1	parvaan:1
ਪਕਵਾਨਾ	pakvana:3	pakwana:2
ਪਕਵਾਨਾਂ	pakvana:1	pakwana:1	pakwanan:1
ਪਕਾ	paka:5
ਪਕਾਇਆ	pakaiaa:1	pakaiiaa:1	pakaiya:1	pakaiyaa:1
ਪਕਾਈ	pakai:2	pakaiee:1	pakaii:1	pakayee:1
ਪਕਾਈਆਂ	pakaiyan:2	pakaian:1	pakaieeaan:1	pakaiiaan:1
ਪਕਾਉਣ	pakaun:2	pakaon:1	pakaoun:1
ਪਕਾਉਣਾ	pakauna:2	pakaona:1	pakaouna:1
ਪਕਾਏ	pakaye:3	pakae:1
ਪਕਾਓ	pakao:2	pakau:2
ਪਕਾਵੇ	pakave:2	pakawe:1	pkave:1
ਪਕੇ	pake:4	pakay:1
ਪਕੇਰੀ	pakeri:3	pakeree:2
ਪਕੋੜੇ	pakode:1	pakorhe:1	pakoude:1	pakourhe:1
ਪਕੌੜਾ	pakauda:1	pakorha:1	pakouda:1	pakourha:1
ਪਕੌੜੇ	pakaude:1	pakonrhe:1	pakoude:1	pakourhe:1
ਪਕੜ	pakad:6	pakarh:2
ਪਕੜਨ	pakdan:2	pakarhan:1	pakrhan:1
ਪਕੜਿਆ	pakadiyaa:1	pakarhiaa:1	pakdia:1	pakdiya:1
ਪਕੜੀ	pakadi:2	pakarhee:1	pakarhi:1	pakdi:1
ਪਖ	pakh:2	pakkh:1	pukh:1
ਪਖਤੂਨ	pakhtoon:2	pakhtun:2
ਪਖਾਨਿਆਂ	pakhanian:1	pakhaniyaan:1	pakhaniyan:1	pakkhaniaan:1
ਪਖਾਨੇ	pakhane:2	pakhanay:1	pakkhane:1
ਪਖਾਵਜ	pakhavaj:2	pakhaavaj:1	pakhawaj:1
ਪਖੋਂ	pakhon:3
ਪਖੰਡ	pakhand:3
ਪਖੰਡਵਾਦ	pakhandvad:2	pakhandwad:1
ਪਗ	pag:4
ਪਗਲਾ	pagla:3
ਪਗੜੀ	pagadi:6	pagdi:1
ਪਚਦਾ	pachda:2	pachada:1
ਪਚਾ	pacha:1	pachaa:1	pcha:1
ਪਚਾਉਣ	pachaun:2	pachaauna:1
ਪਚੌਰੀ	pachauri:2	pachori:1
ਪਛਤਾਉਂਦੇ	pachhtaaunde:1	pashtaunde:1	yachtaunde:1
ਪਛਤਾਵਾ	pachhtaava:1	pashtava:1	pashtawa:1	yachtava:1
ਪਛਤਾਵਾਂ	pachhtaavaan:1	pashtavan:1	pashtawan:1	yachtavan:1
ਪਛਮ	pachham:1	pasham:1	yacham:1
ਪਛਮੀ	pachhmee:1	pachhmi:1	pashami:1	yachmi:1
ਪਛਾਣ	pachhaan:1	pachhan:1	yachan:1
ਪਛਾਣਦਾ	pachhaanda:1	pachhanada:1	yachanda:1
ਪਛਾਣਦੇ	pachhanade:1	pachhande:1	yachande:1
ਪਛਾਣਨ	pachhanan:2	yachanan:1
ਪਛਾਣਨਾ	pachhanana:1	pachhanna:1	yachanana:1
ਪਛਾਣਾਂ	pachhanaan:1	pachhanan:1	yachanan:1
ਪਛਾਣਿਆ	pachhaaniaa:1	pachhaniaa:1	pachhiaanaa:1	pachiana:1
ਪਛਾਣਿਆਂ	pachhaaniaan:1	pachhaniaan:1	yachaniyan:1
ਪਛਾਣੀ	pachhaanee:1	pachhaani:1	pachhani:1	yachani:1
ਪਛਾਣੀਆਂ	pachhaaneeaan:1	pachhaniaan:1	yachaniyan:1
ਪਛਾਣੇ	pachhaane:1	pachhane:1	yachane:1
ਪਛਾਨ	pachhaan:1	pachhan:1	yachan:1
ਪਛਾਨਣ	pachanan:1	pachhanan:1	yachann:1
ਪਛਾਨਣਾ	pachanana:1	pachhaanna:1	yachanna:1
ਪਛਾੜ	pachad:1	pachhaad:1	yachad:1
ਪਛਾੜਿਆ	pachadia:1	pachhaadiaa:1	yachadia:1
ਪਛੜ	pachhad:1	pashar:1	yachad:1
ਪਛੜੀ	pachhadi:1	pachhdi:1	yachadi:1
ਪਛੜੀਆਂ	pachhadiaan:1	pachhdeeaan:1	yachdian:1
ਪਛੜੇ	pachhade:2	pachhde:2	pachade:1	yachade:1
ਪਛੜੇਵਾਂ	pachhadevan:1	pachhdevaan:1	yachdevan:1
ਪਜ਼ਾਮਾ	pazaama:1	pazama:1	yajama:1
ਪਜਾਮਾ	pajama:2	pajamaa:1
ਪਟਕਥਾ	patkatha:3	patktha:1
ਪਟਕਾ	patka:2	pataka:1	patca:1	patkaa:1
ਪਟਣ	patan:2	patnn:1	pattnn:1	ptnn:1
ਪਟਨ	patan:3
ਪਟਨਾ	patna:4	patanaa:1	patnaa:1
ਪਟਨਾਇਕ	patnayik:2	patnaaik:1
ਪਟਨੇ	patne:2	patane:1
ਪਟਰਾਣੀ	patrani:2	patraani:1
ਪਟਰੀ	patri:3
ਪਟਰੋਲ	patrol:2	petrol:1
ਪਟਵਾਰ	patvaar:2	patvar:1
ਪਟਵਾਰੀ	patavari:1	patvaari:1	patvari:1
ਪਟਾ	pata:2	pataa:1
ਪਟਾਕਾ	pataka:2	pataaka:1
ਪਟਾਕੇ	patake:2	pataake:1
ਪਟਾਰੀ	patari:2	pataaree:1	pataari:1	pataree:1
ਪਟਿਆਲਵੀ	patiaalvi:2	patiaalvee:1	patiaalwi:1	patialavi:1
ਪਟਿਆਲ਼ਾ	patiala:2	patiaalla:1	patiyala:1
ਪਟਿਆਲਾ	patiala:7	patiaala:3	patiyala:2	patiaalaa:1
ਪਟਿਆਲੇ	patiaale:2	patiaalay:1	patiale:1
ਪਟੀਸ਼ਨ	petition:2	pateeshan:1	patishan:1
ਪਟੇ	pate:2	patay:1	patey:1
ਪਟੇਲ	patel:4	patail:1	petel:1
ਪਟੋਲਾ	patola:3	patoula:1
ਪਟੋਲੇ	patole:2	patoulay:1	patoule:1
ਪਟੜੀ	patadi:2	patdi:1
ਪਟੜੀਆਂ	patadiaan:1	patadian:1	patdeeaan:1
ਪਠਾਣ	pathan:2	pathaan:1	pathaann:1
ਪਠਾਣਾਂ	pathanan:2	pathannaan:1	pathannan:1
ਪਠਾਨ	pathaan:2	pathan:2
ਪਠਾਨਕੋਟ	pathankot:3	pathankout:1
ਪਠਾਨਾਂ	pathanan:2	pathaana:1	pathana:1
ਪਣ	pann:2	pan:1
ਪਣਡੁੱਬੀ	pandubbi:2	panadubee:1	pandoobi:1
ਪਣਡੁੱਬੀਆਂ	panadubeeaan:1	pandubbian:1	pandubbiyaan:1	pandubbiyan:1
ਪਣਬਿਜਲੀ	panbijalee:1	panbijali:1	panbijlee:1	panbijli:1
ਪਤਝੜ	patjhad:4	patjharh:1
ਪਤਨ	patan:4
ਪਤਨੀ	patni:4
ਪਤਨੀਆਂ	patneeaan:1	patniaan:1	patniyaan:1
ਪਤਰਕਾਰ	patarkar:3	patarkaar:1	patarqar:1
ਪਤਰਕਾਰੀ	patarkari:2	patarkaari:1	patarqari:1
ਪਤਰਸ	patras:3
ਪਤਰਾਂ	patran:2	patraan:1
ਪਤਰਿਕਾ	patrika:4	patriqa:1
ਪਤਰੇ	patre:3
ਪਤਲਾ	patla:4
ਪਤਲੀ	patli:2	patali:1	patlee:1
ਪਤਲੀਆਂ	patleeaan:1	patliaan:1	patliyaan:1
ਪਤਲੂਨ	patlun:2	patloon:1
ਪਤਲੇ	patle:3
ਪਤਾ	pata:5	pta:1
ਪਤਾਲ	pataal:1	patal:1	ptal:1
ਪਤਾਸਿਆਂ	pataasiaan:1	patasiyaan:1	ptasiaan:1
ਪਤਿ	pati:4
ਪਤਿਆਂ	patiaan:2	patiyaan:1	patiyan:1
ਪਤੀ	pati:6
ਪਤੀਆਂ	patiaan:1	patian:1	patiyaan:1
ਪਤੇ	pate:3
ਪਤ੍ਰਿਕਾ	patrika:2	pratika:1
ਪਤੰਗ	patang:3
ਪਤੰਗਾ	patanga:3
ਪਤੰਗਾਂ	patangan:2	patangaan:1
ਪਤੰਗਿਆਂ	patangiaan:1	patangian:1	patangiyaan:1
ਪਤੰਗੇ	patange:3
ਪਤੰਜਲੀ	patanjali:4
ਪਤੱਰ	pattar:3
ਪਥ	path:3
ਪਥਰ	pathar:3
ਪਥਰੀਲੀ	pathrili:2	pathreelee:1
ਪਥਰੀਲੇ	pathrile:2	pathreele:1
ਪਦ	pad:4
ਪਦਕ	padak:3	padaq:1
ਪਦਮ	padam:3	padama:1	padma:1	yadam:1
ਪਦਮਨੀ	padmani:3
ਪਦਮਪੁਰਾਣ	padampuraan:2	padampuraaann:1	padmapuran:1
ਪਦਮਸ਼੍ਰੀ	padamshree:2	padamshri:1	yasmashiki:1
ਪਦਮਾ	padma:2	padamaa:1
ਪਦਮਾਸਨ	padmaasan:2	yadmasan:1
ਪਦਮਿਨੀ	padamini:1	padminee:1	yadmini:1
ਪਦਵੀਂ	padavi:1	padveen:1	padvin:1
ਪਦਾਂ	pada:1	padaan:1	padan:1
ਪਦਾਰਥ	padaarath:1	padarath:1	padrath:1
ਪਦਾਰਥਕ	padaarathak:1	padarshak:1	padarthak:1
ਪਦਾਰਥਵਾਦ	padaarathvaad:1	padarathvad:1	padarathwad:1	padarshvad:1
ਪਦਾਰਥਵਾਦੀ	padaarathvaadi:1	padarathvadee:1	padarathvadi:1	padarthavadi:1
ਪਦਾਰਥਾਂ	padaarthaan:1	padartha:1	padarthan:1
ਪਦਾਰਥੀ	padaarthi:1	padarathee:1	padarthi:1
ਪਦੁ	padu:3
ਪਦੇ	pade:3
ਪਧਰ	padhar:3
ਪਧਰਾ	padhra:2	padharaa:1
ਪਧਰੀ	padhari:1	padhree:1	yadhri:1
ਪਧਾਰ	padhaar:2	padhar:1
ਪਧੱਰ	paddhar:1	padharr:1	padhr:1
ਪਨ	pan:3
ਪਨਪ	panap:3
ਪਨਪਦੀ	panpadi:2	panapadi:1
ਪਨਪਦੇ	panpade:3
ਪਨਾਮਾ	panama:3	panaama:2	panaamaa:1
ਪਨਾਹ	panaah:2	panah:1
ਪਨਾਹਗਾਹ	panaahgaah:2	panhagah:1
ਪਨਾਹੀ	panaahee:1	panaahi:1	panahi:1
ਪਨੀਰ	paneer:2	panir:1
ਪਨੂੰ	panoon:1	panu:1	panun:1
ਪਨੈਲਟੀ	panailatee:1	penality:1	penelt:1
ਪਪੀਤੇ	papite:2	papeete:1
ਪਪੀਹੇ	papihe:2	papeehe:1
ਪਪੜੀ	papdi:2	papdee:1	papri:1
ਪਬਲਿਕ	public:3	pablik:2	pabalika:1	pablic:1
ਪਬਲੀਕੇਸ਼ਨਜ਼	pableekeshanaz:1	pablikeshanaj:1	publikeshnaz:1
ਪਬੰਦੀ	pabandi:2	pabandhi:1
ਪਰ	par:5
ਪਰਉਪਕਾਰ	parupkar:3	parupkaar:2	parupqar:2	parupakar:1
ਪਰਉਪਕਾਰੀ	parupakari:1	parupkaaree:1	parupkari:1	parupqari:1
ਪਰਕਰਮਾਂ	parkarman:2	parakarmaan:1
ਪਰਕਸ਼ਨ	parcusion:1	parcussion:1	percushion:1	percushshion:1
ਪਰਕਾਰ	parkaar:2	parakaar:1
ਪਰਕਾਸ਼	parkash:4	parakaash:2
ਪਰਕਾਸ਼ਨ	parkashan:2	parakaashan:1
ਪਰਖ	parakh:4	parkh:1
ਪਰਖਣ	parkhan:2	parkhann:1
ਪਰਖਣਾ	parkhana:2	parkhna:1
ਪਰਖਦਾ	parkhda:2	parakhada:1
ਪਰਖਾਂ	parkhan:3
ਪਰਖਿਆ	parkhia:2	parkhiyaa:2	parkheya:1	parkhya:1
ਪਰਖੇ	parkhe:3	parkhey:1	prkhe:1
ਪਰਗਟ	pargat:2	pargt:1	pragat:1
ਪਰਗਣੇ	pargane:2	pargne:1
ਪਰਗਨਾ	pargana:2	prgana:1
ਪਰਗਨੇ	pargane:2	pargne:1
ਪਰਚਮ	parcham:3
ਪਰਚਲਿਤ	parchalit:4
ਪਰਚਾ	parcha:6
ਪਰਚਾਰ	parchar:2	parachaar:1
ਪਰਚਾਵੇ	parchave:2	parachaave:1
ਪਰਚਿਆਂ	parachiaan:1	parchiaan:1	parchiyaan:1
ਪਰਚੀ	parchi:2	parachee:1
ਪਰਚੀਆਂ	paracheeaan:1	parchiaan:1	parchiyaan:1
ਪਰਚੂਨ	parchun:2	parachoon:1
ਪਰਚੇ	parche:2	parache:1
ਪਰਛਾਈਆਂ	parchhaaeeaan:1	parchhaiyaan:1	parshaeeaan:1
ਪਰਛਾਵਾਂ	parchhaavaan:1	parchhavan:1	parshavan:1	parshawan:1
ਪਰਛਾਵਿਆਂ	parchhaviaan:1	parchhaviyaan:1	parshaviaan:1	parshawiaan:1
ਪਰਛਾਵੇ	parchhave:2	parshave:1	parshawe:1
ਪਰਛਾਵੇਂ	parchhaven:2	parchhaaven:1	parshaven:1	parshawen:1
ਪਰਜਾ	parja:3	parajaa:1
ਪਰਜਾਤੰਤਰ	parjatantar:2	parajaatantar:1
ਪਰਜਾਪਤੀ	parjapati:2	parjaapatee:1
ਪਰਜੀਵੀ	parjivi:3	parjiwi:1
ਪਰਤ	parat:3	part:1
ਪਰਤਣ	partan:3
ਪਰਤਣਾ	partana:2	partna:1
ਪਰਤਦਾ	partada:2	partda:1
ਪਰਤਦੇ	partade:2	partde:1
ਪਰਤਾ	parta:3
ਪਰਤਾਂ	partan:2	partaan:1
ਪਰਤਾਪ	partap:3
ਪਰਤਾਪੀ	partapi:2	partaapi:1	partapee:1
ਪਰਤਿਆ	partia:1	partiaa:1	partiyaa:1
ਪਰਤੀ	parti:3	parati:1	partee:1
ਪਰਤੀਕ	parteek:2	parateek:1
ਪਰਤੀਤ	parateet:1	parteet:1	partit:1
ਪਰਤੇ	parte:2	parate:1
ਪਰਤੋ	parto:3
ਪਰਥ	parath:2	parth:1
ਪਰਦਾ	parda:2	paradaa:1
ਪਰਦਾਫਾਸ਼	pardafash:2	paradaafash:1
ਪਰਦਿਆਂ	paradiaan:1	pardiaan:1	pardiyaan:1
ਪਰਦੁੱਮਣ	paradumman:1	pardumman:1	pardupan:1
ਪਰਦੇ	parde:2	parade:1
ਪਰਦੇਦਾਰੀ	pardedari:3	pardedaree:1
ਪਰਦੇਸ	pardes:3	parades:1
ਪਰਦੇਸਾਂ	pardesan:2	paradesaan:1
ਪਰਦੇਸੀ	pardesi:3	paradesee:1
ਪਰਦੇਸੀਆਂ	paradeseeaan:1	pardesiaan:1	pardesiyaan:1
ਪਰਧਾਨ	pardhan:3
ਪਰਨਾ	parna:4
ਪਰਨੇ	parne:3
ਪਰਪਾਟੀ	parpati:2	parpaati:1	parpatee:1
ਪਰਪੱਕ	parpakk:3
ਪਰਪੱਕਤਾ	parpakkata:2	parpakkta:1
ਪਰਬ	parab:3
ਪਰਬਤ	parbat:2	parabat:1
ਪਰਬਤਾਂ	parbatan:2	parabataan:1
ਪਰਬਤੀ	parabatee:1	parbatee:1	parbati:1
ਪਰਬੰਧ	parbandh:2	parabandh:1
ਪਰਬੰਧਕ	parbandhak:2	parabandhak:1	parbandhaq:1
ਪਰਬੰਧਨ	parbandhan:2	parabandhan:1
ਪਰਭਾਵ	parbhav:2	parabhaav:1	parbhaw:1
ਪਰਭਾਵਤ	parbhavat:2	parabhaavat:1	parbhawat:1
ਪਰਭਾਵੀ	parabhaavee:1	parbhavee:1	parbhavi:1	parbhawi:1
ਪਰਮ	param:4	paramm:1
ਪਰਮਜੀਤ	paramjeet:2	paramjit:1	parmjeet:1	parmjit:1
ਪਰਮਲ	parmal:3	parml:1
ਪਰਮਵੀਰ	paramveer:2	parmveer:1	parmvir:1
ਪਰਮਹੰਸ	paramhans:2	parmhans:1
ਪਰਮਾਣ	parman:2	parmaan:1
ਪਰਮਾਣਿਕਤਾ	parmanikata:1	parmanikta:1	parmannikta:1
ਪਰਮਾਣੁ	parmanu:2	parmaanu:1	parmannu:1
ਪਰਮਾਣੂ	parmanu:3
ਪਰਮਾਣੂਆਂ	parmanuan:2	parmannuuan:1	parmanuuan:1
ਪਰਮਾਣੂੰ	parmanun:2	parmannuan:1	parmanuun:1
ਪਰਮਾਤਮਾ	parmatma:3	parmatama:1
ਪਰਮਾਰ	parmar:3
ਪਰਮਾਰਥ	parmarth:2	parmarkh:1
ਪਰਮਿਟ	permit:3	parmit:2
ਪਰਮਿੰਦਰ	parminder:2	parmindr:2	parmindar:1
ਪਰਮੀਤ	parmit:2	parmeet:1
ਪਰਮੁੱਖ	parmukh:3
ਪਰਮੇਸ਼ਰ	parmeshar:2	parmeshr:1
ਪਰਮੇਸ਼ਵਰ	pameshvar:1	parmeshavr:1	parmeshawar:1	parmeshwr:1
ਪਰਮੇਸ਼ੁਰ	parmeshur:3
ਪਰਮੇਸ਼੍ਵਰ	parmeshvar:2	parmeshwr:1
ਪਰਮੋਟ	parmot:2	promote:1
ਪਰਯਟਕ	paryatak:2	parytak:1
ਪਰਯਟਨ	paryatan:2	parytan:1
ਪਰਯੋਗ	paryog:3
ਪਰਯੋਜਨਾ	paryojna:2	paryojana:1
ਪਰਲ	parl:1	pearl:1	perl:1	purl:1
ਪਰਲੇ	parle:2	parale:1
ਪਰਲੋ	parlo:3
ਪਰਲੋਕ	parlok:3
ਪਰਵ	parav:1	parv:1	yarav:1
ਪਰਵਤ	parvat:3
ਪਰਵਤਸ਼ਰੇਣੀਆਂ	parvatshareniaan:1	parvtashreniyan:1	parvtshreniaan:1
ਪਰਵਰਤੀ	parvarati:2	parvartee:1	parvarti:1
ਪਰਵਰਿਸ਼	parvarish:1	parvrish:1	yarvish:1
ਪਰਵਾਜ	parvaj:2	parvaaj:1
ਪਰਵਾਜ਼	parvaz:2	parwaz:1
ਪਰਵਾਨ	parvaan:1	parvan:1	parwan:1
ਪਰਵਾਨਗੀ	parvanagi:2	parvangee:1	parvangi:1
ਪਰਵਾਨਾ	parvana:2	parwana:1
ਪਰਵਾਨਾਂ	parvanan:3
ਪਰਵਾਰ	parvaar:1	parvar:1	parwar:1
ਪਰਵਾਰਾਂ	parvaran:2	parvaaran:1
ਪਰਵਾਰਿਕ	parvarik:3
ਪਰਵਾਸੀ	parvasi:3
ਪਰਵਾਸੀਆਂ	parvasian:4	parvaseeaan:2	parvasiaan:2
ਪਰਵਾਹ	parvah:3
ਪਰਵਿਰਤੀ	parvirtee:2	parvirati:1	parvirti:1
ਪਰਵਿੰਦਰ	parvinder:2	parwinder:1
ਪਰਵੀਨ	parveen:3	parvin:1
ਪਰਵੇਜ	parvej:3	parwej:1
ਪਰਵੇਜ਼	parvez:3	parwez:1
ਪਰਵੇਸ਼	parvesh:3	parwesh:1
ਪਰਸ	paras:1	pars:1	pras:1
ਪਰਸਤੀ	parasatee:1	parsati:1	prsati:1
ਪਰਸਥਿਤੀ	parasathitee:1	parsathiti:1	prasthiti:1
ਪਰਸਥਿਤੀਆਂ	parasathiteeaan:1	parasthitiaan:1	parsthithiyan:1
ਪਰਸਨ	parshon:1	parson:1	pershon:1	person:1
ਪਰਸਪਰ	parasapar:1	paraspar:1	parsapar:1
ਪਰਸ਼ਾਦੇ	parshade:2	parashaade:1
ਪਰਸ਼ੀਅਨ	parsheean:1	parshian:1	pershian:1
ਪਰਸ਼ੀਆ	parsheeaa:1	parshia:1	pershia:1
ਪਰਸ਼ੁਰਾਮ	parshuram:3
ਪਰਸ਼ੂਰਾਮ	parshuram:2	parshooram:1
ਪਰਸਾ	parsa:2	parsaa:1
ਪਰਸਾਦੀ	parasaadee:1	parsadee:1	parsadi:1
ਪਰਸਿੱਧ	parasidhdh:1	parsidh:1	persiddh:1
ਪਰਸੀਅਨ	parseean:1	parsian:1	persian:1
ਪਰਸੂਤ	parasoot:1	parsoot:1	parsut:1
ਪਰਸੈਂਟ	percent:2	parsaint:1
ਪਰਸੰਗਕ	parsangak:2	parasangak:1
ਪਰਸੰਗਾਂ	parsangan:2	parasangaan:1
ਪਰਹੇਜ	parhej:2	parahej:1
ਪਰਹੇਜ਼	parhez:2	parahez:1
ਪਰਾ	para:2	paraa:1	pra:1
ਪਰਾਂ	paraan:3	para:1
ਪਰਾਂਤ	paraant:1	parant:1	praant:1	prant:1
ਪਰਾਂਦਾ	paraanda:1	paranda:1	praanda:1	pranda:1
ਪਰਾਂਦੀ	paraandee:1	parandi:1	praandee:1	praandi:1
ਪਰਾਇਐ	praayie:1	praie:1	praiiay:1	prayiaae:1
ਪਰਾਇਦੀਪ	praideep:1	praiideep:1	prayideep:1	prayidip:1
ਪਰਾਈ	praai:1	praayi:1	praiee:1	praii:1
ਪਰਾਈਆਂ	praiaan:1	praian:1	praieeaan:1	praiiaan:1
ਪਰਾਏ	praye:2	prae:1	praie:1
ਪਰਾਕਰਮ	prakram:2	prakaram:1	prakarm:1
ਪਰਾਗ	parag:2	praag:1	prag:1
ਪਰਾਗਾ	praaga:2	praga:2
ਪਰਾਗੇ	praage:2	pragay:1	prage:1
ਪਰਾਜਿਤ	prajit:3	praajit:1
ਪਰਾਣਾ	praana:1	prana:1	pranana:1	pranna:1
ਪਰਾਤ	paraat:1	parat:1	praat:1	prat:1
ਪਰਾਧੀਨ	pradheen:3	pradhin:2
ਪਰਾਪਤ	parapat:2	paraapat:1	praapat:1	prapat:1
ਪਰਾਪਤੀ	parapti:1	praapti:1	prapati:1	prapti:1
ਪਰਾਬੈਂਗਨੀ	parabaingani:1	prabaingani:1	prabengni:1
ਪਰਾਭੌਤਿਕ	parabhautik:1	parabhotik:1	prabhotik:1	prabhoutik:1
ਪਰਾਮਰਸ਼	paramarsh:2	praamarsh:1	pramarsh:1
ਪਰਾਲੀ	paraalee:1	parali:1	praali:1	prali:1
ਪਰਾਲੌਕਿਕ	pralaukik:2	paraalaukik:1	praloukik:1
ਪਰਾਹੁਣਚਾਰੀ	prahunchari:3	prahuncharee:2
ਪਰਿਆਇਵਾਚੀ	pariaaivaachi:1	pariaivachi:1	pariavachi:1	pariawachi:1
ਪਰਿਆਗ	pariaag:2	pariag:1	priyag:1
ਪਰਿਆਵਰਣ	pariaavaran:1	pariavaran:1	pariawaran:1	pariyawaran:1
ਪਰਿਆਵਰਨ	apriaavaran:1	pariavaran:1	priavaran:1	priawaran:1
ਪਰਿਕਰਮਾ	parikarma:2	parikarama:1
ਪਰਿਕਿਰਿਆ	parikiria:2	parikiriaa:1	parikiriya:1
ਪਰਿਕ੍ਰੀਆ	parikria:2	parikreeaa:1	parikriya:1
ਪਰਿਚਯ	parichay:2	paichaya:1	parichaya:1
ਪਰਿਚਿਤ	parichit:3
ਪਰਿਚੈ	parichai:1	parichay:1	pariche:1	parichei:1
ਪਰਿਣਾਮ	parinam:2	parinaam:1	parinham:1
ਪਰਿਣੀਤਾ	parineeta:2	parinhita:1	prineeta:1
ਪਰਿਦ੍ਰਿਸ਼	paridrish:3
ਪਰਿਧੀ	paridhi:3	paredhi:1	paridhee:1
ਪਰਿਪਾਟੀ	paripaatee:1	paripaati:1	paripati:1	paripatti:1
ਪਰਿਪੂਰਣ	paripuran:2	paripooran:1	paripooranh:1
ਪਰਿਪੂਰਨ	paripuran:3	paripooran:1
ਪਰਿਪੇਖ	paripekh:2	parikhep:1	paripaikh:1
ਪਰਿਪੇਖਾਂ	paripekhan:3	paripekhaa:1
ਪਰਿਪੱਕ	paripakk:2	paripak:1	paripukk:1
ਪਰਿਪੱਕਤਾ	paripakta:2	paripakkata:1	paripakkta:1
ਪਰਿਭਾਸ਼ਕ	paribhashak:3	paribhashk:1
ਪਰਿਭਾਸ਼ਤ	paribhashat:3	paribhasht:1
ਪਰਿਭਾਸ਼ਾ	paribhasha:3	paribhaasha:2
ਪਰਿਭਾਸ਼ਾਵਾਂ	paribhashavan:3	paribhaashavan:1	paribhashawan:1
ਪਰਿਭਾਸ਼ਿਤ	paribhashit:3	paribhaashit:1
ਪਰਿਮਾਣ	parimaan:2	pariman:1	parimanh:1
ਪਰਿਯੋਜਨਾ	pariyojana:2	pariyojna:1	pariyoujna:1
ਪਰਿਯੋਜਨਾਵਾਂ	pariyojanavan:2	pariyojnaavan:1	pariyojnaawan:1	pariyojnavan:1
ਪਰਿਵਰ	parivar:3	parivr:1	pariwar:1
ਪਰਿਵਰਤਕ	parivartak:3	parivaratak:1	pariwartak:1
ਪਰਿਵਰਤਨ	parivartan:3	parivaratan:1	pariwartan:1
ਪਰਿਵਰਤਨਸ਼ੀਲ	parivartansheel:2	parivaratanshil:1	parivartanshil:1	pariwartansheel:1
ਪਰਿਵਰਤਨਾਂ	parivartana:2	parivartanan:1	pariwartana:1
ਪਰਿਵਰਤਿਤ	parivartit:3	parivaratit:1	pariwartit:1
ਪਰਿਵਹਨ	parivahan:1	parivehan:1	pariwehan:1	pativahan:1
ਪਰਿਵਾਰ	parivaar:2	parivar:2	pariwar:2
ਪਰਿਵਾਰਕ	parivarak:3	parivaarak:1	pariwarak:1
ਪਰਿਵਾਰਾਂ	parivaran:2	parivaaran:1
ਪਰਿਵਾਰਿਕ	parivarik:3
ਪਰਿਵੇਸ਼	parivesh:3
ਪਰਿਸਥਿਤੀ	paristhitee:2	paristhiti:2
ਪਰਿਸਥਿਤੀਆਂ	paristhitian:2	parisathiteeaan:1	paristhitiyan:1
ਪਰਿਸਰ	parisar:2	parisaar:1	pariser:1
ਪਰਿਸ਼ਦ	parishad:3	parished:1
ਪਰਿਹਾਰ	parihaar:2	parihar:2
ਪਰਿੰਟਰ	printer:2	parintter:1
ਪਰਿੰਦਾ	parinda:4
ਪਰਿੰਦਿਆਂ	parindiaan:1	parindian:1	parindiyan:1
ਪਰਿੰਦੇ	parinde:3
ਪਰੀ	pari:5	pre:1	pree:1	prii:1
ਪਰੀਆਂ	pariaan:1	parian:1	pariyan:1
ਪਰੀਖਣ	parikhan:1	parikhanh:1	prikhan:1
ਪਰੀਖਿਆ	parikhia:1	parikhiaa:1	parikhiya:1
ਪਰੀਖਿਆਵਾਂ	parikhiaavan:1	parikhiavan:1	parikhiyavan:1
ਪਰੀਬੰਦ	pareeband:2	pariband:1
ਪਰੀਵਾਰ	pareevar:1	pareewar:1	parivar:1
ਪਰੀਸਥਤੀਆਂ	parisathitian:1	parisathtiyan:1	paristhatiaan:1
ਪਰੀਸ਼ਦ	parishad:3
ਪਰੂਫ਼	proof:2	paruph:1
ਪਰੂਸ਼ੀਆ	parooshia:1	parshia:1	parushiya:1	pershhia:1
ਪਰੇ	pare:1	parey:1	pre:1
ਪਰੇਡ	parade:2	pared:1	paredh:1
ਪਰੇਰਦਾ	parerada:2	prerda:1
ਪਰੇਰਨਾ	prerna:2	prerana:1
ਪਰੇਰਾ	parera:2	paareraa:1	parara:1	pararaa:1
ਪਰੇਸ਼	paresh:2	presh:1
ਪਰੇਸ਼ਾਨ	pareshan:2	preshan:1
ਪਰੇਸ਼ਾਨੀ	pareshani:3
ਪਰੇਸ਼ਾਨੀਆਂ	pareshaneean:1	pareshanian:1	pareshaniya:1
ਪਰੈ	parei:1	parey:1	prae:1	prai:1
ਪਰੋ	paro:3
ਪਰੋਇਆ	paroia:1	paroiaa:1	paroya:1
ਪਰੋਈ	paroee:1	paroi:1	paroyi:1	proi:1
ਪਰੋਏ	paroye:2	paroae:1
ਪਰੋਖੇ	prokhe:3	parokhe:1
ਪਰੋਗਰਾਮ	program:3	progaram:1	prograam:1
ਪਰੋਗਰਾਮਾਂ	programan:3	progaraman:1
ਪਰੋਜੈਕਟ	project:3	projaekat:1
ਪਰੋਣ	pron:2	prone:1	pronn:1
ਪਰੋਣਾ	prona:2	paronna:1	pronna:1
ਪਰੋਪਕਾਰੀ	propkari:2	propakaari:1	propkaari:1
ਪਰੋਫਾਈਲ	profile:3	profayil:1
ਪਰੋਲਤਾਰੀਆ	paroltariya:1	prolatariya:1	proltaria:1
ਪਰੋਸ	paros:3	pros:1
ਪਰੋਸਣ	parosan:2	prosnn:1
ਪਰੋਸਿਆ	parosia:1	parosiaa:1	proseya:1
ਪਰੋਸੀ	parosi:2	prosi:1	prosy:1
ਪਰੋਸੇ	parose:1	prose:1	proso:1
ਪਰੌਂਠਾ	parontha:2	parauntha:1	prauntha:1
ਪਰ੍ਦੇਸ਼	pardesh:3
ਪਰ੍ਹਾਂ	parhan:2	parhaan:1
ਪਰ੍ਹੇ	parhe:3
ਪਰੰਤੂ	parantu:3	parantoo:1	prantu:1
ਪਰੰਪਰਕ	paramparak:1	paranparak:1	pramprak:1	prampraq:1
ਪਰੰਪਰਾ	parampara:1	paranpara:1	prampra:1
ਪਰੰਪਰਾਂ	paramparan:2	paranparan:1
ਪਰੰਪਰਾਗਤ	paramparagat:1	parampragas:1	paranpragat:1
ਪਰੰਪਰਾਵਾਂ	paramparavan:2	paramparawan:1	paranparavan:1
ਪਰੰਪਰਾਵਾਦੀ	paramparawadi:1	parampravadi:1	paramprawadi:1	paranpravadi:1
ਪਰੰਪਰਿਕ	paramparik:1	paramprik:1	parampriq:1	paranparik:1
ਪਲ	pal:3
ਪਲਕਾਂ	palkan:2	palakan:1
ਪਲਟ	palat:2	palatt:1
ਪਲਟਣ	palatan:1	paltan:1	palttanh:1
ਪਲਟਨ	paltan:2	palattan:1
ਪਲਟਾ	palata:1	palta:1	paltta:1
ਪਲਟਾਉਣ	palataun:1	paltaun:1	palttaunh:1
ਪਲਟੀ	palti:2	paltee:1
ਪਲਟੂ	palattu:1	paltoo:1	paltu:1
ਪਲਟੇ	platte:1	plattee:1	plette:1
ਪਲਦਾ	palda:3
ਪਲਦੇ	palde:2	palade:1
ਪਲਵਲ	palval:2	palwal:1
ਪਲਸ	palas:3	plus:1
ਪਲਸਤਰ	palsatar:2	palasatar:1	palastar:1
ਪਲਸਰ	palsar:3	palasar:1
ਪਲਾਂ	palan:2	palaan:1
ਪਲਾਂਟ	plant:2	palanat:1	palant:1	palantt:1
ਪਲਾਟ	plat:3	plot:2	palatt:1
ਪਲਾਤਾ	palata:3
ਪਲਾਨ	plan:2	palan:1
ਪਲਾਸ	palaas:1	palas:1	plaas:1
ਪਲਾਸਟਿਕ	plastic:4	plaastic:2	plaastik:2	plaastiq:2
ਪਲਾਹ	palah:2	plah:1
ਪਲਿਆ	paleya:1	paliya:1	plia:1
ਪਲੀ	pali:2	pli:1
ਪਲੀਜ਼	paleez:1	paliz:1	pleez:1
ਪਲੀਤ	paleet:1	palit:1	pleej:1
ਪਲੀਨੀ	pleeni:1	pleeny:1	pliiny:1	plini:1
ਪਲੂਟੋ	pluto:3	paluto:1	palutto:1	paluttoo:1
ਪਲੂਟੋਨੀਅਮ	platoniam:1	plootoniam:1	plootoniiam:1	plutoniam:1
ਪਲੇ	play:2	ple:2	pale:1	plae:1
ਪਲੇਅਬੈਕ	playback:1	pleyback:1	pleybaek:1
ਪਲੇਅਰ	playar:1	player:1	pleyar:1	pleyer:1
ਪਲੇਟਫਾਰਮ	platform:1	platphorm:1	pletfarm:1	pletform:1
ਪਲੇਟਾਂ	paletan:2	platean:1
ਪਲੇਠਾ	paletha:3	pletha:1
ਪਲੇਠੀ	palethi:3	plethi:1
ਪਲੈਟੀਨਮ	platinum:3	palaetinam:1
ਪਲੈਟੋ	palaeto:2	plato:2	palaetoo:1	plaeto:1
ਪਲੈਨ	palaen:1	plain:1	plan:1
ਪਲੋ	palo:3	plo:1
ਪਲੋਸ	plos:2	palos:1	ploce:1
ਪਲੰਗ	palang:3
ਪਲੰਘ	palagh:1	palang:1	palangh:1
ਪਲੱਸਤਰ	pallasatar:1	palsatar:1	plaster:1
ਪਵਨ	pavan:2	pawan:1
ਪਵਾਇੰਟ	pavayint:1	pavayintt:1	point:1	pwaaint:1
ਪਵਾਈ	pavayi:2	pwai:1
ਪਵਾਰ	pavaar:1	pavar:1	pwar:1
ਪਵਿਤਰ	pavitar:2	pavetar:1
ਪਵਿਤੱਰ	pavitar:2	pavitarr:1
ਪਵਿੱਤਰ	pavitar:3
ਪਵਿੱਤਰਤਾ	pavitarta:2	pavitarata:1
ਪਵੇ	pave:3
ਪਵੇਗਾ	pavega:3
ਪਵੇਗੀ	pavegi:3
ਪਸਰ	pasar:5	psr:1
ਪਸਰਿਆ	pasariyaa:1	pasriaa:1	pasriyaa:1	psria:1
ਪਸਰੇ	pasre:3	psre:1
ਪਸਲੀਆਂ	pasliyaan:2	pasleean:1	psleean:1
ਪਸ਼ਚਾਤ	pashchaat:1	pashchat:1	pshchat:1
ਪਸ਼ਤੂਨ	pashtoon:1	pashtun:1	pshtun:1
ਪਸ਼ਤੋ	pashto:2	pshto:1
ਪਸ਼ਮੀਨਾ	pashmeena:2	pashmina:1
ਪਸ਼ੁ	pashu:3
ਪਸ਼ੁਆਂ	pashuan:2	pashuaan:1	pashuyan:1
ਪਸ਼ੂ	pashu:4
ਪਸ਼ੂਆ	pashua:2	pashuaan:1
ਪਸ਼ੂਆਂ	pashuaan:2	pashuam:1	pashuan:1	pashuyan:1
ਪਸ਼ੂਪਤੀ	pashupati:3
ਪਸਾਰ	pasar:4	psar:1
ਪਸਾਰਾ	pasara:2	psara:1
ਪਸਾਰਾਂ	pasaran:2	pasara:1	psaran:1
ਪਸਾਰਿ	pasari:3	pasaer:1
ਪਸਾਰੀ	pasari:3	pasaree:1
ਪਸਾਰੇ	pasare:3
ਪਸੀਨਾ	pasina:4
ਪਸੀਨੇ	pasine:3	pasiney:1
ਪਸੂ	pasu:3
ਪਸੰਦ	pasand:5
ਪਸੰਦਾਂ	pasanda:1	pasandaan:1	pasandam:1	pasandan:1
ਪਸੰਦੀ	pasandi:3
ਪਸੰਦੀਦਾ	pasandida:2	pasandeeda:1
ਪਹਰੇ	pahre:2	pahare:1	pehre:1
ਪਹਰੈ	pahrai:1	pahre:1	pehrai:1
ਪਹਲੀ	pahli:2	pahali:1	pehli:1
ਪਹਲੂ	pahloo:1	pahlu:1	pehloo:1	pehlu:1
ਪਹਲੇ	pahle:4	pehle:1
ਪਹਾੜ	pahad:3	phad:2	pahaad:1	pahar:1
ਪਹਾੜਗੰਜ	pahadganj:2	phadgnj:1
ਪਹਾੜਾ	pahada:3	pahara:1
ਪਹਾੜਾਂ	pahadan:5	pahadam:2	pahada:1
ਪਹਾੜੀ	pahadi:4	pahaddi:1	pahadee:1	pahari:1
ਪਹਾੜੀਆਂ	pahadiaan:1	pahadian:1	pahadiyan:1	pahariyan:1
ਪਹਾੜੀਏ	pahadiye:2	pahadie:1	paharie:1
ਪਹਾੜੋਂ	pahadon:3	paharon:1
ਪਹਿਚਾਣ	pehchan:2	pahichan:1
ਪਹਿਚਾਣਦੇ	pehchande:2	pahichanade:1
ਪਹਿਚਾਣਿਆ	pehchania:2	pahichaniaa:1
ਪਹਿਚਾਣੀ	pahichani:2	pehchani:1
ਪਹਿਚਾਨਣ	pehchanan:2	pahichanan:1
ਪਹਿਚਾਨਣਾ	pehchanana:2	pahichanana:1	pehchanna:1
ਪਹਿਣ	pahin:3
ਪਹਿਣਦੇ	pahiande:1	pahinade:1	pahinde:1
ਪਹਿਨ	pahin:2	pehan:1
ਪਹਿਨਣ	pahinan:2	pehanan:1
ਪਹਿਨਣਾ	pahinana:1	pahinanaa:1	pehanana:1
ਪਹਿਨਣੀ	pahinanee:1	pahinani:1	pehanani:1
ਪਹਿਨਦਾ	pahinada:1	pahinda:1	pehanda:1
ਪਹਿਨਦੀ	pahinadee:1	pahinadi:1	pehandi:1
ਪਹਿਨਦੀਆਂ	pahinadiaan:1	pahindeean:1	pehandian:1
ਪਹਿਨਦੇ	pahinde:1	pahindey:1	pehande:1
ਪਹਿਨਾ	pahina:2	pehana:1
ਪਹਿਨਾਇਆ	pahichania:1	pahinaniyaa:1	pehanayia:1
ਪਹਿਨਾਉਣ	pahinaaun:1	pahinaun:1	pehnaun:1
ਪਹਿਨਿਆ	pahinia:1	pahiniaa:1	pehania:1
ਪਹਿਨਿਆਂ	pahiniaan:2	pehanian:1
ਪਹਿਨੀ	pahinee:1	pahini:1	pehani:1
ਪਹਿਨੀਆਂ	pahineean:1	pahiniaan:1	pehanian:1
ਪਹਿਨੇ	pahine:2	pehane:1
ਪਹਿਰ	pahir:2	pehar:1
ਪਹਿਰਾ	pahira:2	pehara:1
ਪਹਿਰਾਵਾ	pahirava:2	peharava:1
ਪਹਿਰਾਵੇ	pahirave:2	peharave:1
ਪਹਿਰੇ	pahire:2	pehre:1
ਪਹਿਲ	pahil:2	pehal:1
ਪਹਿਲਕਦਮੀ	pahilakadmee:1	pahilkadami:1	pehalkadmi:1
ਪਹਿਲਕਦਮੀਆਂ	pahilkadmeean:1	pahilkadmiaan:1	pehalkadmian:1
ਪਹਿਲਗਾਮ	pahilagaam:1	pahilagam:1	pehalgam:1
ਪਹਿਲਵਾਨ	pahilvan:1	pahilwan:1	pehalvan:1
ਪਹਿਲਵਾਨਾਂ	pahilvana:1	pahilwanan:1	pehalvanan:1
ਪਹਿਲਵਾਨੀ	pahilvani:1	pahilwanee:1	pehalvani:1
ਪਹਿਲਵੀ	pahilavee:1	pahilavi:1	pehalavi:1
ਪਹਿਲ਼ਾਂ	pahilan:2	pehalan:1
ਪਹਿਲਾ	pahila:4	pehala:1
ਪਹਿਲਾਂ	pahilan:2	pehalan:1
ਪਹਿਲਿਆਂ	pahiliaan:2	pehalian:1
ਪਹਿਲੀ	pahili:1	pehilee:1	pehli:1
ਪਹਿਲੀਂ	pahileen:1	pahilin:1	pehalin:1
ਪਹਿਲੀਆਂ	pahiliaan:2	pehalian:1
ਪਹਿਲੀਵਾਰ	pahileewar:1	pahilivar:1	pehalivar:1
ਪਹਿਲੂ	pahiloo:1	pahilu:1	pehalu:1
ਪਹਿਲੂਆਂ	pahilooaan:1	pahiluaan:1	pehaluan:1
ਪਹਿਲੇ	pahile:2	pahle:1
ਪਹਿਲੋਂ	pahilon:2	pehlon:1
ਪਹੀਆ	pahia:2	paheea:1
ਪਹੀਆਂ	pahian:2	pahiaan:1
ਪਹੀਏ	pahiye:2	paheeae:1
ਪਹੁਚੀ	pahuchee:2	pahuchi:1
ਪਹੁੰਚ	pahunch:10
ਪਹੁੰਚਕੇ	pahunchake:3
ਪਹੁੰਚਣ	pahunchan:3
ਪਹੁੰਚਣਾ	pahunchana:3	pahunchna:1
ਪਹੁੰਚਣੀ	pahunchani:2	pahunchanee:1
ਪਹੁੰਚਦਾ	pahunchada:4
ਪਹੁੰਚਦਿਆਂ	pahunchadiaan:1	pahunchadian:1	pahunchadiyaan:1
ਪਹੁੰਚਦੀ	pahunchadi:2	pahunchadee:1
ਪਹੁੰਚਦੀਆਂ	pahunchadiaan:1	pahunchadian:1	pahunchadiyaan:1
ਪਹੁੰਚਦੇ	pahunchade:2	pachunchade:1
ਪਹੁੰਚਨਾ	pahunchana:3
ਪਹੁੰਚਾ	pahuncha:5
ਪਹੁੰਚਾਂ	pahunchan:3	pahuncha:1
ਪਹੁੰਚਾਇਆ	pahunchaiaa:3	pahunchayia:3	pahunchaiyaa:2	pahunchaia:1
ਪਹੁੰਚਾਈ	pahunchaaee:2	pahunchaai:2	pahunchayi:2	pahunchai:1
ਪਹੁੰਚਾਉਂਦਾ	pahuchaunda:1	pahunchaunda:1	pahunchaundan:1
ਪਹੁੰਚਾਉਣ	pahunchaun:6
ਪਹੁੰਚਾਉਣਾ	pahunchauna:2	pahunchana:1
ਪਹੁੰਚਾਏ	pahunchaye:3	pahunchaae:2	pahunchae:1
ਪਹੁੰਚਾਏਗਾ	pahunchaega:2	pahunchayega:1
ਪਹੁੰਚਾਣ	pahunchaan:2	pahunchan:2
ਪਹੁੰਚਿਆ	pahunchiyaa:2	pahunchia:1	pahunchiaa:1	pahunchiya:1
ਪਹੁੰਚੀ	pahunchi:3	pahunchee:2
ਪਹੁੰਚੀਆਂ	pahuncheean:1	pahunchian:1	pahunchiyaan:1	pahunchiyan:1
ਪਹੁੰਚੇ	pahunche:5	pahunchou:1
ਪਹੇਲੀ	pahelee:2	paheli:2
ਪਾਂਉਂਦਾ	paunda:2	panunda:1
ਪਾਂਚਵੀਂ	panchvee:1	panchveen:1	panchvi:1	panchvin:1
ਪਾਂਚਾਲ	panchal:2	panchaal:1
ਪਾਂਡਵ	pandav:2	pandv:1
ਪਾਂਡਵਾ	pandava:2	pandva:1	pandwa:1
ਪਾਂਡਵਾਂ	paandwan:1	pandavan:1	pandwan:1
ਪਾਂਡਿਆਂ	pandian:2	paandiaan:1
ਪਾਂਡੀਚਰੀ	pandichary:1	pandichri:1	pondicherry:1
ਪਾਂਡੂ	pandu:2	paandu:1
ਪਾਂਡੇ	pande:2	paanday:1	pandey:1
ਪਾਂਡੋਕੇ	pandoke:2	paandoke:1
ਪਾਂਦੀ	pandi:2	paandi:1
ਪਾਂਦੀਆਂ	pandian:2	paandian:1
ਪਾਂਦੇ	pande:2	paande:1
ਪਾਂਧੀ	pandhi:2	paandhi:1
ਪਾਂਧੇ	pandhe:2	paandhe:1
ਪਾਂਵ	panv:2	paanw:1
ਪਾਂਵਟਾ	paanwatta:1	panvata:1	panvta:1	panwta:1
ਪਾਇ	pai:2	payi:1
ਪਾਇਆ	paiaa:4	payiya:2
ਪਾਇਆਂ	paiaan:1	payiaan:1	payiyan:1
ਪਾਇਥਨ	paithan:1	pethan:1	pythan:1	python:1
ਪਾਇਨਵੁਡ	pinevood:1	pinevud:1	pinewood:1	pinewud:1
ਪਾਇਨੀਅਰ	painiar:1	payiniyar:1	pioineer:1	poineer:1
ਪਾਇਪਰ	paaipar:1	paipar:1	paiper:1	peper:1
ਪਾਇਪਾਂ	paipan:1	payipan:1	pipaan:1
ਪਾਇਲਟ	paailat:1	paailet:1	pailat:1	pailet:1
ਪਾਇਲਟਾਂ	pailtan:1	payilattan:1	pilotaan:1
ਪਾਈ	pai:3	payi:3	paai:1	paaii:1
ਪਾਈਆਂ	paeeaan:2	payiyan:2	paiaan:1	payiaan:1
ਪਾਈਏ	paeeae:1	paiye:1	payiye:1
ਪਾਈਥਾਗੋਰਸ	pythagoras:2	paeethagoras:1	payithagoras:1
ਪਾਈਨ	paeen:1	payin:1	pine:1
ਪਾਈਪਾਂ	paeepan:1	payiyan:1	pipaan:1
ਪਾਉ	pau:3
ਪਾਉਂਟਾ	paunta:2	paounta:1
ਪਾਉਂਟੇ	paounte:1	paunde:1	paunte:1
ਪਾਉਂਡ	pound:4	paund:2	povnd:1	pownd:1
ਪਾਉਂਣ	paunn:2	pauoan:1
ਪਾਉਂਦਾ	paunda:2	paundaa:1
ਪਾਉਂਦਿਆਂ	paundiaan:2	paundeya:1
ਪਾਉਂਦੀ	paundi:2	paoundi:1
ਪਾਉਂਦੀਆਂ	paundiaan:2	paoundian:1	paoundiyan:1
ਪਾਉਂਦੇ	paunde:2	paundae:1	paunday:1
ਪਾਉਡਰ	powder:2	paudhar:1
ਪਾਉਣ	paun:2	paunh:2	paunn:2
ਪਾਉਣਗੇ	paunage:1	paunhge:1	paunnge:1
ਪਾਉਣਾ	pauna:2	paunha:2	paunna:2
ਪਾਉਣੀ	paunhi:1	pauni:1	paunni:1
ਪਾਉਣੇ	paaoune:1	paune:1	paunne:1
ਪਾਉਦਾ	pauda:3
ਪਾਉਦੀਆਂ	paoundian:1	paoundiyan:1	paudiaan:1	paundian:1
ਪਾਊ	pauu:2	paau:1	pau:1
ਪਾਊਡਰ	powder:4	paadar:1	paaudaar:1	paauder:1
ਪਾਏ	paae:4	paye:4
ਪਾਏਗੀ	payegi:2	paaegi:1
ਪਾਏਦਾਰ	paaedar:2	payedar:1
ਪਾਓ	paau:1	pao:1	paoo:1
ਪਾਓਂਦੇ	paunde:2	paaunde:1
ਪਾਓਣਾ	paauna:1	paauonna:1	paonna:1
ਪਾਓਲੋ	paaolo:2	paaulo:1	paolo:1	paooloo:1
ਪਾਕ	pak:5	paak:3	paq:2	paack:1
ਪਾਕਪਟਨ	pakpatan:2	pakapttan:1	paqpatan:1
ਪਾਕਿ	pak:1	paki:1	paqi:1
ਪਾਕਿਸਤਾਨ	pakistan:10	paqistan:2	paakistaan:1	paaqistaan:1
ਪਾਕਿਸਤਾਨੀ	pakistani:6	paakistaanee:1	paakistaani:1	paqistani:1
ਪਾਕੀਜ਼ਗੀ	pakizagi:2	pakizgi:1	paqizgi:1
ਪਾਕੇ	pake:3	paake:1	paqe:1
ਪਾਖੀ	pakhi:3
ਪਾਗਲ	pagal:6
ਪਾਗਲਪਣ	pagalpan:2	paagalpan:1	pagalpanh:1
ਪਾਚਕ	pachak:3	paachak:1
ਪਾਚਣ	pachan:2	paachan:1	pachanh:1	pachhan:1
ਪਾਚਨ	pachan:3	paachan:1
ਪਾਜ਼	paz:3	paaz:2	paaj:1	paj:1
ਪਾਜ਼ਿਟਿਵ	positive:2	pajitiv:1	pazitiv:1	pazitive:1
ਪਾਟ	paat:3	pat:2	patt:1
ਪਾਟਣ	paatan:1	patan:1	patann:1	pattanh:1
ਪਾਟਾ	pata:2	patta:1
ਪਾਟਿਆ	paatiyaa:1	patiaa:1	pattiya:1
ਪਾਟਿਲ	paatil:1	patil:1	pattil:1
ਪਾਟੇਕਰ	paatekar:1	patekar:1	pateqar:1	pattekar:1
ਪਾਠ	paath:2	path:2
ਪਾਠਕ	pathak:6	pathaq:1
ਪਾਠਕਾਂ	pathakan:1	pathaqan:1	pathkan:1
ਪਾਠਕ੍ਰਮ	pathkram:3	pathqram:1
ਪਾਠਗਤ	pathgat:2	paathgat:1
ਪਾਠਸ਼ਾਲਾ	pathshaala:2	pathshala:2
ਪਾਠਸ਼ਾਲਾਵਾਂ	pathshalavan:2	pathshalawan:1
ਪਾਠਾਂ	pathan:3
ਪਾਣ	paan:3	pan:1	panh:1
ਪਾਣਾ	pana:3	panha:1
ਪਾਣੀ	pani:8	paani:6	panhi:1
ਪਾਣੀਆਂ	panhiyan:2	paniaan:2	paaniyaan:1
ਪਾਣੀਪਤ	panipat:2	paneepth:1	panhipat:1	paniipat:1
ਪਾਣੇ	paane:1	pane:1	panhe:1
ਪਾਤ	paat:2	pat:2
ਪਾਤਰ	patar:2	paatar:1
ਪਾਤਰਾਂ	patran:2	paatraan:1
ਪਾਤਰੀ	patri:2	paatri:1
ਪਾਤਸ਼ਾਹ	patshah:2	paatshah:1
ਪਾਤਸ਼ਾਹੀ	patshahi:2	paatshahi:1
ਪਾਤਸਾਹ	patsah:2	paatsah:1
ਪਾਤਾ	pata:3
ਪਾਤਿਸ਼ਾਹੀ	patishahi:2	patihshahi:1
ਪਾਥ	path:2	paath:1
ਪਾਥੀ	paathi:2	pathi:2
ਪਾਥੀਆਂ	pathiaan:4	pathian:2	pathiyan:2
ਪਾਦ	paad:2	pad:1
ਪਾਦਰੀ	paadri:2	padri:2
ਪਾਦਰੀਆਂ	paadriaan:1	padriaan:1	padriyan:1
ਪਾਦੁਕੋਣ	padukon:2	padhukon:1	padukone:1
ਪਾਦੂਕੋਣ	paadukon:1	paduconn:1	padukon:1	padukone:1
ਪਾਨ	pan:4	paan:1	paanje:1
ਪਾਨੀ	pani:3	paani:2
ਪਾਨੀਪਤ	panipat:4	paneepat:1
ਪਾਪ	pap:4	paap:2
ਪਾਪਾ	papa:4	paapa:3	paapaa:1
ਪਾਪਾਂ	papan:3	paapan:1	papa:1
ਪਾਪੀ	papi:3	paapi:1
ਪਾਪੀਆਂ	papeeya:1	papian:1	papiya:1	papiyan:1
ਪਾਪੁਆ	papua:3	papuya:2	papuaa:1
ਪਾਪੂਆ	papua:2	papuya:2
ਪਾਪੂਲਰ	popular:2	papular:1	populaar:1
ਪਾਪੜ	papad:3	papar:1
ਪਾਪੜੀ	papdi:2	paardi:1	paprdi:1	papri:1
ਪਾਬਲਾ	pabla:3	pablaa:1
ਪਾਬਲੋ	pabalo:2	pablo:1	pabloo:1
ਪਾਬੰਦ	paband:3
ਪਾਬੰਦੀ	pabandi:3
ਪਾਬੰਦੀਆਂ	pabandiaan:2	pabandian:2	pabandiyan:2
ਪਾਬੰਦੀਸ਼ੁਦਾ	pabandishuda:3
ਪਾਬੰਧੀ	pabandhi:2	pabhandhi:1
ਪਾਮੇਲਾ	pamela:3
ਪਾਰ	par:6	paar:2	para:1
ਪਾਰਕ	park:3	parak:2	parq:2	paark:1
ਪਾਰਕਰ	parkar:3	parker:2	paarkaar:1	paarkar:1
ਪਾਰਕਸ	parkas:2	parks:2	parqas:1
ਪਾਰਕਾਂ	parkan:3	parqan:1
ਪਾਰਕਿੰਗ	paarkin:1	paarking:1	paarqing:1	parkin:1
ਪਾਰਕਿੰਸਨ	parkinsan:2	parkinson:1	parkison:1	parqinsan:1
ਪਾਰਗਾਮੀ	pargami:2	pargrami:1
ਪਾਰਟਨਰ	paartnar:1	paartner:1	partnar:1	partner:1
ਪਾਰਟੀ	parti:2	paartee:1	paarty:1	partee:1
ਪਾਰਟੀਆਂ	partiaan:1	partian:1	parttiyan:1
ਪਾਰਟੀਕਲ	partical:1	particle:1	partikal:1	partoqal:1
ਪਾਰਟੀਸ਼ਨਾਂ	partishnan:1	partishtan:1	partitiona:1	parttishanan:1
ਪਾਰਥ	parakh:1	parath:1	parth:1
ਪਾਰਦਰਸ਼ਤਾ	pardarshta:2	pardarshata:1
ਪਾਰਦਰਸ਼ਿਤਾ	pardarshita:3
ਪਾਰਦਰਸ਼ੀ	pardarshi:3
ਪਾਰਬਤੀ	parbati:3
ਪਾਰਲਰ	parlar:3	parlour:3	paarlar:2	parlor:2
ਪਾਰਲੀਮਾਨੀ	parlimani:3
ਪਾਰਲੀਮੈਂਟ	parliament:1	parliiament:1	parliiyament:1	parliyament:1
ਪਾਰਲੀਮੈਂਟਰੀ	parliamentary:2	parlimaentari:1	parlimentari:1
ਪਾਰਲੇ	parle:3
ਪਾਰਲੌਕਿਕ	parlokik:2	parlaukik:1	parlaukiq:1	parlauqik:1
ਪਾਰਵਤੀ	parvati:4	paarvatee:1	paarvati:1	paravati:1
ਪਾਰਸ	paras:3	paaras:1	pars:1
ਪਾਰਸਾ	parsa:2	parasa:1
ਪਾਰਸਾਈ	parasai:1	parsaee:1	parsayi:1
ਪਾਰਸੀ	parsi:4	paarsee:1	paarsi:1	parasi:1
ਪਾਰਾ	para:3
ਪਾਰਿਖ	parikh:3
ਪਾਰਿਸ	paris:3
ਪਾਰੀ	pari:3
ਪਾਰੀਆਂ	pariaan:1	parian:1	pariyan:1
ਪਾਰੇ	pare:3
ਪਾਰੇਖ	parekh:3
ਪਾਰੋ	paro:4	paaro:1	paaroo:1	paroo:1
ਪਾਰੋਂ	paron:3
ਪਾਰੰਪਰਕ	paramparak:1	paramparaq:1	paramprak:1	paranparak:1
ਪਾਲ	pal:4	paal:2	pall:1
ਪਾਲਕ	palak:2	paalak:1	palaq:1
ਪਾਲਣ	paalann:1	palan:1	palanh:1
ਪਾਲਣਹਾਰ	paalannhar:1	palanhar:1	palanhhar:1
ਪਾਲਣਾ	paalanna:1	palna:1	palnha:1
ਪਾਲਣੀ	paalni:1	palanhi:1	palni:1
ਪਾਲਣੇ	paalanne:1	palne:1	palnhe:1
ਪਾਲਤੂ	paaltu:1	palatu:1	paltu:1
ਪਾਲਦਾ	palda:2	paalda:1
ਪਾਲਦੀ	paaldi:1	paldi:1	patdi:1
ਪਾਲਦੇ	palde:2	paalde:1
ਪਾਲਨ	palan:2	paalan:1
ਪਾਲਨਾ	paalna:1	palana:1	palna:1
ਪਾਲਮ	palam:2	palm:1
ਪਾਲਮਪੁਰ	palampur:3
ਪਾਲਸੀਆਂ	palsiaan:1	palsian:1	palsiyan:1
ਪਾਲ਼	pal:2	pall:1
ਪਾਲ਼ਾ	paalaa:1	pala:1	palla:1
ਪਾਲਾ	pala:2	paala:1
ਪਾਲਿਆ	paliaa:2	paliya:1
ਪਾਲਿਸੀ	polici:1	policy:1	poliicii:1	poliicy:1
ਪਾਲੀ	pali:3	paali:2	paalii:1	palii:1
ਪਾਲੀਮਰ	palimar:3	poleemar:1	poleemer:1	poliimer:1
ਪਾਲੇ	pale:3	paale:1	paalee:1	paaleey:1
ਪਾਲੇਕਰ	palekar:3	paleqar:1
ਪਾਲੋ	palo:4	paalo:1
ਪਾਵਨ	pawan:2	paavan:1	pavan:1
ਪਾਵਰਜ਼	paavarz:1	pavarz:1	pawarz:1	powerz:1
ਪਾਵਲ	pawal:2	paaval:1	paval:1
ਪਾਵਹੁ	paavahu:1	pawahu:1	pawhu:1
ਪਾਵਾ	pawa:2	paava:1	pava:1
ਪਾਵਾਂ	pawan:2	paavaan:1	pavan:1
ਪਾਵੇ	paave:1	paawe:1	pave:1	pawe:1
ਪਾਵੇਗਾ	pawega:2	paavega:1	pavega:1
ਪਾਵੇਲ	pawel:2	paavel:1	pavel:1	pouvell:1
ਪਾਸ	paas:5	paash:1	paass:1	pasa:1
ਪਾਸਕਲ	paskal:3	pascal:2	paascal:1	paaskal:1
ਪਾਸਪੋਰਟ	passport:3	paasport:1	paassport:1	pasporat:1
ਪਾਸਵਰਡ	password:3	pasvard:2	pasward:2	pashhword:1
ਪਾਸ਼	pash:3
ਪਾਸ਼ਾ	pasha:3
ਪਾਸਾ	pasa:3
ਪਾਸਾਰ	pasar:3
ਪਾਸਾਰਾਂ	pasaran:3
ਪਾਸਾਰੀ	pasari:3
ਪਾਸਿ	pias:2	pasi:1
ਪਾਸਿਆਂ	pasiaan:1	pasiyaan:1	pasiyan:1
ਪਾਸਿਓ	pasiau:1	pasio:1	pasiu:1
ਪਾਸੀ	pasi:4	paasi:1
ਪਾਸੇ	pase:3	paase:1
ਪਾਸੋ	paso:4	paaso:1	paasoo:1	pasoo:1
ਪਾਸੋਂ	pason:3
ਪਾਹੁਲ	pahul:3
ਪਾੜ	paad:2	par:2	paar:1	paarh:1
ਪਾੜਦਾ	paarhada:1	padada:1	parada:1	parda:1
ਪਾੜਦੇ	paarhde:1	padade:1	padde:1	parde:1
ਪਾੜਨ	paadan:2	padan:1	paran:1	parhan:1
ਪਾੜਾ	paada:1	pada:1	para:1	patda:1
ਪਾੜੋ	paado:1	pado:1	paro:1	patdo:1
ਪਾੜ੍ਹੇ	padhe:2	pahde:1	parhe:1	patde:1
ਪਿਆ	piya:3	pea:2	peya:2	piaa:2
ਪਿਆਉਣ	piaaun:1	piaaunn:1	piaun:1	pyaun:1
ਪਿਆਜ	piaaj:1	piaj:1	piyaaj:1	pyaj:1
ਪਿਆਜ਼	piaaz:3	piaz:2	pyaz:2	piyaaz:1
ਪਿਆਦੇ	piade:2	piaade:1	pyade:1
ਪਿਆਨ	piaan:2	pian:1	pyan:1
ਪਿਆਰ	pyar:4	piaar:3	piar:3	piyaar:2
ਪਿਆਰਦਾ	piarda:2	piyarda:1	pyarda:1
ਪਿਆਰਾ	piara:3	piyara:2	pyara:2	piaara:1
ਪਿਆਰਿਆ	piaria:2	piyariaa:1	pyaria:1
ਪਿਆਰਿਆਂ	piarian:5	pyarian:3	piaariaan:2	piyariaan:2
ਪਿਆਰੀ	piari:3	piaari:2	pyari:2	piyari:1
ਪਿਆਰੀਆਂ	piarian:1	piyariaan:1	piyariyan:1
ਪਿਆਰੀਏ	piaariye:1	piarie:1	piyariye:1
ਪਿਆਰੇ	piyare:3	piare:2	piaare:1	pyare:1
ਪਿਆਲਾ	piyala:3	piala:1
ਪਿਆਲੇ	piyale:2	piaale:1	piyaale:1
ਪਿਆਸ	piaas:2	pias:1	pyas:1
ਪਿਆਸਾ	piaasa:1	piasa:1	piyasa:1	pyasa:1
ਪਿਆਸੇ	piaase:1	piase:1	piyase:1	pyase:1
ਪਿਉ	piu:5	peo:2	pio:2	peu:1
ਪਿਉਰਿਟਨ	peoritan:1	pioritan:1	puritan:1
ਪਿਊਰ	piur:1	piuur:1	piyoor:1	pure:1
ਪਿਏਰੇ	piarre:1	pieerree:1	pierre:1
ਪਿਓ	pio:2	peo:1	piau:1	piu:1
ਪਿਕਅੱਪ	pickupp:2	pikyapp:1
ਪਿਕਚਰਜ਼	pictures:2	pikcharz:1	pikchurz:1
ਪਿਕਚਰਾਂ	picturaan:2	pickcharan:1	pikcharaan:1	pikcharan:1
ਪਿਕਨਿਕ	picnic:1	picnics:1	picnicsh:1	picnik:1
ਪਿਕਾਰਡ	picaard:1	picard:1	pikaard:1
ਪਿਕਾਸੋ	peecasho:1	peecaso:1	peecasoo:1	peekasho:1
ਪਿਘਲਣ	pighlan:2	pighalan:1	pighalann:1
ਪਿਘਲਣਾ	pighalna:1	pighlanna:1	pighlna:1
ਪਿਘਲਾਉਣ	pighalaunn:1	pighlaun:1	pighloun:1	piglaounn:1
ਪਿਘਲਿਆ	pighleya:1	pighlia:1	pighliaa:1	pighliya:1
ਪਿਘਲੀ	pighali:1	pighlee:1	pighli:1	piglee:1
ਪਿਛਲਾ	pichla:2	pichala:1	pichlaa:1
ਪਿਛਲੀ	pichli:3	pichali:1	pichhali:1	pichhli:1
ਪਿਛਲੀਆਂ	pichliyan:3	pichaliaan:2	pichlian:2	pichhleeaan:1
ਪਿਛਲੇ	pichale:2	pichhle:2	picchle:1	pichlay:1
ਪਿਛਲੇਰੇ	pichalere:1	pichhlere:1	pichleray:1	pichlere:1
ਪਿਛਾਖੜੀ	pichakarhi:1	pichakhadi:1	pichakharhi:1	pichhaakhadi:1
ਪਿਛੇ	piche:2	pichay:1	pichhe:1
ਪਿਛੇਤਰ	pichetar:2	pichaytar:1	pichhetar:1
ਪਿਛੋ	pichho:2	picho:2	piccho:1	pichau:1
ਪਿਛੋਂ	pichon:2	pichaun:1	pichoun:1
ਪਿਛੋਕੜ	pichokadh:2	pichaukad:1	pichokadd:1	pichokarh:1
ਪਿਛੜੇ	pichde:1	picherhe:1	pichhde:1	pichhre:1
ਪਿਟ	pit:2	pitt:1
ਪਿਟਕ	pitak:2	pitaq:1	pittak:1
ਪਿਟਬੁਲ	pitbul:2	pittbul:1
ਪਿਟਸਬਰਗ	pitsbarg:1	pitsberg:1	pittsbarg:1	pittsburg:1
ਪਿਠ	pith:3
ਪਿਠਭੂਮੀ	pithabhoomi:1	pithbhumi:1	pithnbhumi:1
ਪਿਠਵਰਤੀ	pithvarti:2	pithawarti:1	pithwarti:1
ਪਿਡ	pid:1	pidd:1	pind:1
ਪਿਡਾਂ	pidan:1	piddan:1	pidhan:1
ਪਿਤਰ	pitar:3
ਪਿਤਰਾਂ	pitaran:2	pitran:1
ਪਿਤਰੀ	pitari:4	pitree:1	pitri:1
ਪਿਤਲ	pital:3
ਪਿਤਾ	pita:5
ਪਿਤਾਜੀ	pitaji:3
ਪਿਤਾਮਹ	pitamah:3
ਪਿਤਾਮਾ	pitama:3
ਪਿਤਾਵਾਂ	pitavan:2	pitawaan:1	pitawan:1
ਪਿਨਯਿਨ	pinnyinn:1	pinyin:1	pinyinn:1
ਪਿਪਲੀ	pipali:3
ਪਿਯਾ	piya:3
ਪਿਰਤ	pirat:3
ਪਿਰਤਾਂ	piratan:1	pirtaan:1	pirtan:1
ਪਿਰਾਮਿਡ	pyramid:2	piramid:1	piramidh:1
ਪਿਰਾਮਿਡਾਂ	piramidan:1	piramidhan:1	pyramidaan:1
ਪਿਰੋਇਆ	piroiaa:2	piroyiya:1
ਪਿਰੋਏ	piroye:2	piroae:1
ਪਿਰੋਣਾ	pirona:1	pironha:1	pironna:1
ਪਿਲਾ	pila:3
ਪਿਲਾਉਂਦਾ	pilaunda:2	pilaaunda:1
ਪਿਲਾਉਣ	pilaun:3	pilaunn:2	pilaunh:1
ਪਿਲਾਤੁਸ	pilatus:3
ਪਿਲੱਤਣ	pilattan:1	pilattann:1	piltanh:1
ਪਿਸਟਨ	peeshton:1	peeston:1	piiston:1	pishton:1
ਪਿਸਟਲ	pistal:2	pistol:2
ਪਿਸਟੋਰੀਅਸ	pisattoriyas:1	pistorius:1	pistourias:1	pistourius:1
ਪਿਸਤਾ	pista:3	pistaa:1
ਪਿਸਤੇ	piste:3	pistay:1
ਪਿਸਤੌਲ	pistaul:2	pistoul:2	pisataula:1	pishtaul:1
ਪਿਸ਼ਾਚ	pishach:3	pishaach:1
ਪਿਸ਼ਾਬ	pishab:2	peshaab:1	pishaab:1
ਪਿਸ਼ਾਵਰ	pishavar:2	pishawar:2
ਪਿਸ਼ੌਰ	pishor:1	pishore:1	pishounr:1	pishour:1
ਪਿਸੇ	pisay:2	pise:2
ਪਿਹਲਾ	pihla:3	pehla:1
ਪਿਹਲਾਂ	pihlan:2	pehlan:1	pihalaan:1
ਪਿਹਲੀ	pihli:2	pehlee:1	pehli:1	pihali:1
ਪਿੜ	pid:1	pir:1	pirh:1
ਪਿੜਾਂ	pidaan:2	pirhaan:2
ਪਿੰਕ	pink:4	pinq:1
ਪਿੰਕੀ	pinki:7	pinkee:3	pinkie:1	pinkii:1
ਪਿੰਗਲ	pingal:3	pingle:1
ਪਿੰਗਲਵਾੜਾ	pingalvaada:1	pingalvada:1	pingalwada:1	pingalwarha:1
ਪਿੰਗਲਵਾੜੇ	pingalvaade:2	pingalwaade:1	pingalwarhe:1
ਪਿੰਗਲਾ	pingla:2	pingalaa:1	pinglaa:1
ਪਿੰਜਰਾ	pinjra:4	pinjara:2	pinjraa:1
ਪਿੰਜਰਾਂ	pinjaraan:1	pinjaran:1	pinjraan:1	pinjran:1
ਪਿੰਜਰੇ	pinjare:2	pinjray:1	pinjre:1
ਪਿੰਜੀ	pinji:3	pinjee:1
ਪਿੰਜੋਰ	pinjore:2	pinjor:1	pinjour:1
ਪਿੰਟਰ	pinter:2	pintar:1	pinttar:1
ਪਿੰਟੋ	pinto:1	pintou:1	pintto:1	pintu:1
ਪਿੰਡ	pind:4	pindd:2	pindh:1
ਪਿੰਡਰ	pindar:2	pinder:1	pindhar:1
ਪਿੰਡਾ	pinda:4	pindda:1	pindha:1
ਪਿੰਡਾਂ	pindaan:2	pinda:1	pindhan:1
ਪਿੰਡੇ	pinde:2	pinday:1	pindhe:1
ਪਿੰਡੋਂ	pindhon:1	pindo:1	pindon:1	pindou:1
ਪਿੰਨ	pinn:4	pin:1	pina:1
ਪਿੰਨੀਆਂ	pinniyan:2	pinniaan:1	pinnian:1
ਪਿੰਨੇ	pinne:2	pinay:1	pine:1
ਪਿੱਚ	pitch:3	pich:2
ਪਿੱਛਲਾ	picchla:1	pichala:1	pichla:1	pichlaa:1
ਪਿੱਛਲੀ	pichli:2	pichali:1	pichlee:1
ਪਿੱਛਲੇ	picchale:1	pichchhle:1	pichlay:1	pichle:1
ਪਿੱਛਾ	picha:1	pichaa:1	pichchha:1
ਪਿੱਛੇ	picche:1	pichay:1	pichchhe:1	piche:1
ਪਿੱਛੋ	picho:2	pichau:1	pichou:1
ਪਿੱਛੋਂ	picchon:1	pichhon:1	pichon:1
ਪਿੱਜਾ	pijja:2	pija:1
ਪਿੱਟ	pitt:4	pit:1	pita:1
ਪਿੱਠ	pith:3	pitth:2	pithh:1
ਪਿੱਠਵਰਤੀ	pithawarti:1	pithvarti:1	pitthvarti:1	pitthwarti:1
ਪਿੱਠਾਂ	pithan:1	pitthaan:1	pitthan:1
ਪਿੱਤ	pitt:2	pit:1
ਪਿੱਤਰ	pittar:2	pitar:1
ਪਿੱਤਰਸੱਤਾ	pitarasta:1	pittarasatta:1	pittarsatta:1
ਪਿੱਤਰਾਂ	pittran:2	pittaran:1
ਪਿੱਤਰੀ	pittari:3
ਪਿੱਤਲ	pittal:3
ਪਿੱਤੇ	pitte:3
ਪਿੱਥੋ	pittho:2	pitho:1
ਪਿੱਦੀ	piddi:3
ਪਿੱਪਲੀ	pippali:2	pipali:1
ਪਿੱਲੇ	pille:4	pilai:1	pile:1	pillae:1
ਪਿੱਲੈ	pillai:2	pillae:1	pille:1
ਪੀ	pi:2	p:1
ਪੀਂਘ	pingh:2	peengh:1
ਪੀਂਘਾਂ	pinghan:2	peenghan:1
ਪੀਂਦਾ	pinda:2	peenda:1
ਪੀਂਦਿਆਂ	peendiyan:1	pindiaan:1	pindian:1
ਪੀਂਦੇ	pinde:2	peende:1
ਪੀਅਰ	pear:1	peer:1	piar:1	pier:1
ਪੀਅਰਸਨ	pearson:3	paiirson:1	pairshon:1	pairson:1
ਪੀਅਰੀ	piari:2	piyari:2	piaree:1
ਪੀਆ	piya:2	pia:1	piaa:1
ਪੀਏਯੂ	pau:2	piyeyu:1
ਪੀਓ	pio:2	piyo:2
ਪੀਕ	peak:1	peaq:1	peek:1	peeq:1
ਪੀਕੇ	peekay:1	peeke:1	pike:1
ਪੀਘਾਂ	pighan:2	pidhan:1	pighaan:1
ਪੀਚੋ	picho:2	peechou:1	pichou:1
ਪੀਜ਼ਾ	pijja:1	pijjaa:1	pizza:1	pizzaa:1
ਪੀਟ	peet:2	pit:2	piet:1	piiet:1
ਪੀਟਰ	peter:3	peeter:2	peatar:1	peater:1
ਪੀਟਰਜ਼ਬਰਗ	petersburg:2	peetersbarg:1	petersberg:1
ਪੀਟਰਸ	peters:3	peetrs:1
ਪੀਟਰਸਨ	peterson:5	petersan:2	peatarson:1	peatershon:1
ਪੀਟਰਸਬਰਗ	petersburg:2	petersbarg:1	petersberg:1
ਪੀਟਾ	pita:4	peeta:2	peetaa:1	peta:1
ਪੀਠ	pith:2	peeth:1
ਪੀਡੀ	pidi:3	pd:1
ਪੀਡੀਆ	pidiaa:2	pidia:1
ਪੀਡੀਆਂ	pidiaan:2	pidian:1
ਪੀਣ	pin:2	peen:1	peenn:1
ਪੀਣਯੋਗ	pinyog:2	peennyog:1	peenyog:1
ਪੀਣਾ	pina:2	peena:1	peenna:1
ਪੀਣੀ	pini:2	pinni:1
ਪੀਤਾ	peeta:2	pita:2
ਪੀਤੀ	piti:3	peeti:1
ਪੀਨਾ	pina:4	peena:2	peenaa:1	pinaa:1
ਪੀਪਲ	pipal:2	peepal:1
ਪੀਪਾ	pipa:3	peepa:1
ਪੀਪਿਆਂ	pipian:2	peepian:1	pipiaan:1
ਪੀਪੀ	pp:3	pipi:1
ਪੀਪੇ	pipe:3
ਪੀਰ	pir:2	peer:1
ਪੀਰੇ	pire:3
ਪੀਰੋ	piro:3
ਪੀਲਾ	pila:2	peela:1
ਪੀਲੀ	pili:3
ਪੀਲੀਆਂ	piliaan:1	pilian:1	piliyan:1
ਪੀਲੂ	pilu:3
ਪੀਲੇ	pile:3
ਪੀਵੇ	pive:3	piwe:1
ਪੀਸਾ	pisa:3	peesa:1
ਪੀਸੀ	pisi:2	pc:1
ਪੀਸੀਏ	pca:2	pisie:1	pisiye:1
ਪੀਸੋ	piso:2	peesou:1	pisou:1
ਪੀਹ	peeh:2	pih:2
ਪੀਹਕੇ	peehkay:1	peehke:1	pihake:1	pihke:1
ਪੀੜ	pid:3	peed:1	pidd:1	pidh:1
ਪੀੜਤ	pidat:3	piddat:1	pidhat:1	pirat:1
ਪੀੜਤਾ	pidhata:1	pidta:1	pirta:1
ਪੀੜਤਾਂ	pidtan:2	peedtan:1	pidatan:1	pidhatan:1
ਪੀੜਾ	pida:2	peeda:1	pidda:1	pidha:1
ਪੀੜਿਆ	peedhiya:1	pidia:1	piriaa:1
ਪੀੜਿਤ	pidit:2	peedhit:1	pidat:1	piddat:1
ਪੀੜਿਤਾਂ	peedhtan:1	piditan:1	piritan:1
ਪੀੜੀ	pidi:4	peedhi:1	peedi:1	piddi:1
ਪੀੜੀਆਂ	peedhiyan:1	pidian:1	piriaan:1
ਪੀੜ੍ਹੀ	pidhi:3	pidih:2	peedhi:1	pirhi:1
ਪੀੜ੍ਹੀਆਂ	peedhiyan:1	pidhian:1	pirhiaan:1
ਪੁਆ	pua:2	puaa:2	puya:2
ਪੁਆਇੰਟ	point:2	poent:1	poinnt:1	pointed:1
ਪੁਆਈ	puai:2	puaaee:1	puyai:1
ਪੁਆਧੀਏ	puaadhiae:1	puadhie:1	puadhiye:1
ਪੁਕਾਰ	pukar:10	pukaar:7	puqar:1
ਪੁਕਾਰਦੇ	pukarde:3	pukarade:1	puqarde:1
ਪੁਕਾਰਿਆ	pukariyaa:2	pukarea:1	pukaria:1	pukariaa:1
ਪੁਖਤਾ	pukhta:4
ਪੁਖਤਾਂ	pukhtan:3	pukhta:1
ਪੁਚਾ	pucha:5
ਪੁਛਣ	puchhan:5	puchan:1
ਪੁਛਦਾ	puchhada:3	puchada:1	puchda:1	puchhda:1
ਪੁਛਦੀ	puchdi:1	puchhadi:1	puchhdi:1
ਪੁਛਿਆ	puchia:3	puchhiaa:2	puchhiyaa:2	pichaa:1
ਪੁਛੇ	puche:2	puchhe:1
ਪੁਜਣ	pujan:4
ਪੁਜਦੇ	pujade:3	pujde:2
ਪੁਜਾਰੀ	pujari:3
ਪੁਜਾਰੀਆਂ	pujarian:2	pujariaan:1
ਪੁਜਿਆ	poojia:1	pujea:1	pujia:1	pujiaa:1
ਪੁਜੀਸ਼ਨ	position:3	pujishan:1
ਪੁਜੀਸ਼ਨਾਂ	positionan:2	position:1	positionaan:1	pujishanaan:1
ਪੁਟੀ	puti:3	putee:1	putti:1	putty:1
ਪੁਟੀਆਂ	putian:2	putiaan:1
ਪੁਠੇ	puthe:3
ਪੁਡੁਚੇਰੀ	puducherry:2	puducheri:1
ਪੁਣਛਾਣ	punchan:2	punnachann:1
ਪੁਣੇ	pune:4	punee:1	punne:1
ਪੁਤ	put:4	putt:1
ਪੁਤਰ	putar:4	puttar:1
ਪੁਤਰੀ	putri:2	putari:1	puttari:1
ਪੁਤਲਾ	putla:2	putala:1
ਪੁਤਲੀ	putali:2	putlee:1	putli:1
ਪੁਤਲੀਆਂ	putalian:1	putliaan:1	putlian:1
ਪੁਤਲੀਘਰ	pultighar:1	putalighar:1	putlighar:1
ਪੁਤੱਰ	puttar:3	putar:1
ਪੁਥਲ	puthal:3
ਪੁਦੀਨਾ	pudina:3
ਪੁਦੀਨੇ	pudine:2	pudane:1
ਪੁਨਰ	punar:3
ਪੁਨਰਗਠਨ	punargathan:3
ਪੁਨਰਗਠਿਤ	punargathit:3
ਪੁਨਰਜਨਮ	punarjanam:3
ਪੁਨਰਜਾਗਰਣ	punarjagaran:1	punarjagran:1	punarjagrann:1
ਪੁਨਰਨਿਰਮਾਣ	punaraniramaan:1	punarnirmaan:1	punarnirman:1
ਪੁਨਰਵਾਸ	punarvas:2	punarvaas:1	punarwas:1
ਪੁਨਰਸਥਾਪਨਾ	punarsathapana:2	punarsthapana:1
ਪੁਨਿਆ	punia:2	puniaa:1
ਪੁਨੀਤ	puneet:4	punit:1
ਪੁਰਖ	purakh:2	purkh:1
ਪੁਰਖਾਂ	purkhan:2	purkhaan:1
ਪੁਰਖਿਆਂ	purkhiaan:2	purkhean:1	purkhian:1
ਪੁਰਖੀ	purkhi:3
ਪੁਰਖੁ	purkhu:2	purukhu:1
ਪੁਰਖੇ	purkhe:2	purkhae:1
ਪੁਰਜ਼ਿਆਂ	pujariaan:1	purziaan:1	purzian:1
ਪੁਰਜ਼ੋਰ	purzor:3	pujor:1
ਪੁਰਜਾ	purja:3	purjaa:1
ਪੁਰਜਿਆਂ	purjiaan:2	purjeyan:1
ਪੁਰਜੇ	purje:3
ਪੁਰਤਗਾਲ	portugal:2	portagaal:1	portagal:1	puratgaal:1
ਪੁਰਤਗਾਲੀ	puratgali:1	purtagali:1	purtgali:1
ਪੁਰਤਗਾਲੀਆਂ	puratgaliaan:1	puratgalian:1	purtgaliyan:1
ਪੁਰਤਗੇਜ਼ੀ	puratgezi:2	purtgezi:1
ਪੁਰਤਨ	purtan:2	puratan:1
ਪੁਰਬ	purab:3	purb:1
ਪੁਰਬਾਂ	puraban:2	purbaan:1
ਪੁਰਵ	purak:1	purav:1	puraw:1	purv:1
ਪੁਰਸ	puras:3
ਪੁਰਸਕਾਰ	puraskar:2	puraskaar:1	purasqar:1
ਪੁਰਸਕਾਰਾਂ	puraskaran:3	purasqaran:1
ਪੁਰਸਕ੍ਰਿਤ	puraskrit:3	purasqrit:1
ਪੁਰਸ਼	purash:3
ਪੁਰਸ਼ਕਾਰ	purashkar:3	purashqar:1
ਪੁਰਸ਼ਾ	pursha:3
ਪੁਰਸ਼ਾਂ	purshan:3
ਪੁਰਸ਼ੋਤਮ	purshotam:5	purshottam:2
ਪੁਰਾ	pura:4	puraa:2
ਪੁਰਾਣ	puraan:2	puraana:1	puraann:1	purana:1
ਪੁਰਾਣਾ	puraana:1	purana:1	puranna:1
ਪੁਰਾਣਾਂ	puraanaan:1	puranan:1	purannan:1
ਪੁਰਾਣਿਕ	puraanik:1	puranink:1	purannik:1
ਪੁਰਾਣੀ	puraani:1	purani:1	puranni:1
ਪੁਰਾਣੀਆਂ	puraaneeaan:1	puranian:1	puranniaan:1
ਪੁਰਾਣੇ	puraane:1	puranen:1	puranne:1
ਪੁਰਾਤਣ	puraatan:1	puraatann:1	puratan:1
ਪੁਰਾਤਤਵ	puraatatav:1	puratataw:1	purattav:1	purattaw:1
ਪੁਰਾਤਨ	puratan:2	puraatan:1
ਪੁਰਾਤਨਤਾ	puratanta:2	puraatanata:1
ਪੁਰਾਤੱਤਵ	puraatattav:1	puratatatav:1	puratataw:1	puratattaw:1
ਪੁਰਾਨ	puraan:2	puran:1
ਪੁਰਾਨਾ	purana:2	puraana:1
ਪੁਰਾਨੀ	purani:2	puraanee:1
ਪੁਰਾਨੇ	purane:2	puraane:1
ਪੁਰੀ	puri:3	puree:2	purii:1
ਪੁਰੋਹਿਤ	purohit:3
ਪੁਰੰਦਰ	purandar:2	purander:1	purandr:1
ਪੁਲਵਾਮਾ	pulwama:2	pulvama:1	pulwaama:1
ਪੁਲਸ	pulas:3	pulce:1
ਪੁਲਾਂ	pulan:2	poola:1	pula:1
ਪੁਲਾਂਘ	pulangh:2	poolangh:1	pulaangh:1
ਪੁਲਾਂਘਾਂ	pulanghan:2	poolangha:1
ਪੁਲਿਸ	police:4	puilus:1	pulice:1	pulis:1
ਪੁਲਿਸਤੰਤਰ	policetantar:1	policetanter:1	pulicetantar:1	pulistantar:1
ਪੁਲਿੰਗ	puling:4	poolin:1	pooling:1	pulling:1
ਪੁਲੀਸ	police:2	pulice:1	pulis:1
ਪੁਲੰਦਾ	pulanda:3	pulunda:1
ਪੁਸਤਕ	pustak:3	pustaq:1
ਪੁਸਤਕਾ	pustaka:2	pustaqa:1	pustka:1
ਪੁਸਤਕਾਂ	pustakan:3	pustaqan:1
ਪੁਸ਼ਕਰ	pushkar:3	pushqar:1
ਪੁਸ਼ਕਿਨ	pushkin:3	pushqin:1
ਪੁਸ਼ਟ	pushat:1	pushatt:1	pusht:1
ਪੁਸ਼ਟੀ	pushti:3
ਪੁਸ਼ਤ	pushat:3
ਪੁਸ਼ਤੀ	pushptee:1	pushtaan:1	pushti:1	pusti:1
ਪੁਸ਼ਤੈਨੀ	pushtaeni:2	pushtaini:2	pushtani:1
ਪੁਸ਼ਪ	pushp:2	pushap:1
ਪੁਸ਼ਪਾ	pushpa:3
ਪੁਸ਼ਾਕ	pushak:3	pushaq:1
ਪੁਸ਼ਾਕਾਂ	pushakan:3	pushaqan:1
ਪੁੜ	pud:3	purh:1
ਪੁੜੀ	pudi:3	purhi:1
ਪੁੰਗਰ	pungar:3	punger:1
ਪੁੰਗਰਣ	pungran:2	pungrann:1
ਪੁੰਗਰਦੇ	pungarde:3	pungarday:1
ਪੁੰਗਰਿਆ	pungariya:1	pungreya:1	pungria:1	pungriya:1
ਪੁੰਗਰੇ	pungre:2	poongre:1	pungare:1
ਪੁੰਛ	punch:3	poonch:1
ਪੁੰਨ	pun:2	punn:2
ਪੁੰਨਿਆਂ	puneyan:1	puniyan:1	punnian:1	punniyan:1
ਪੁੰਨੀ	puni:2	punnee:1	punni:1
ਪੁੰਨੂ	punnoo:1	punnu:1	punu:1	punuu:1
ਪੁੰਨੂੰ	punnoo:1	punnu:1	punnuu:1	punu:1
ਪੁੱਗਣ	pugan:2	poogan:1	puggan:1
ਪੁੱਗਿਆ	pugia:2	pugea:1
ਪੁੱਗੇ	pugge:2	pooge:1	puge:1
ਪੁੱਛ	puch:2	puchh:1
ਪੁੱਛਣਾ	puchhana:2	pucchhna:1	puchna:1
ਪੁੱਛਦੀ	pucchhdi:1	puchdi:1	puchhadi:1
ਪੁੱਛਿਆ	puchia:3	puchchhiaa:2	puchhiyaa:2	puchiaa:1
ਪੁੱਛੇ	puche:2	puchhe:2
ਪੁੱਛੋ	pucchho:1	puccho:1	puchho:1
ਪੁੱਜ	pujj:3
ਪੁੱਜਣ	pujjan:2	pujjann:1
ਪੁੱਜਣੀ	pujjani:1	pujjni:1	pujjnni:1
ਪੁੱਜਦਾ	pujjda:2	pujjada:1	pujjdaa:1
ਪੁੱਜਦਿਆਂ	pujjadiyaan:1	pujjdeyan:1	pujjdiaan:1
ਪੁੱਜਦੀ	pujjdi:2	pujjadi:1	pujjddi:1
ਪੁੱਜਦੇ	pujjde:2	pujde:1
ਪੁੱਜਾ	pujja:2	puja:1
ਪੁੱਜਿਆ	pujia:4	pujea:2	pujjiaa:2	poojia:1
ਪੁੱਜੀ	pujji:2	pujee:1	puji:1
ਪੁੱਜੀਆਂ	pujian:2	pujiaan:1	pujjian:1
ਪੁੱਜੇ	puje:2	pujje:2
ਪੁੱਟ	pput:1	put:1	putt:1
ਪੁੱਟਣ	putan:2	puttan:1	puttann:1
ਪੁੱਟਣਾ	putana:1	putna:1	puttanna:1	puttna:1
ਪੁੱਟਿਆ	putia:2	putea:1	puttia:1	puttiaa:1
ਪੁੱਟੇ	pute:2	putte:2
ਪੁੱਠ	puth:2	putth:1
ਪੁੱਠਾ	pootha:1	putha:1	puththa:1	puttha:1
ਪੁੱਠੀਆਂ	puthian:2	putthiaan:1
ਪੁੱਠੇ	puthe:2	putthe:1
ਪੁੱਤ	put:2	putt:2
ਪੁੱਤਰ	putar:2	puttar:2
ਪੁੱਤਰਾਂ	putran:2	puttraan:1	puttran:1
ਪੁੱਤਰੀ	puttari:2	putaree:1	putari:1
ਪੁੱਤਰੋ	putaro:1	putro:1	puttaro:1
ਪੁੱਤਾਂ	pootan:1	puta:1	putan:1	puttaan:1
ਪੁੱਥਲ	puthal:2	putthal:1
ਪੁੱਲ	pull:3	pul:1
ਪੂਛ	puch:3	pooch:2
ਪੂਛਤਾ	puchta:2	poochta:1	puchata:1
ਪੂਛਲ	puchal:3	poochal:1
ਪੂਛੋ	pucho:2	poochou:1	puchou:1
ਪੂਜ	puj:3	pooj:2
ਪੂਜਕਾਂ	pujkan:2	poojkaan:1	poojkan:1	pujkaan:1
ਪੂਜਣ	pujan:3	poojan:2
ਪੂਜਦੇ	pujade:2	poojday:1	poojde:1	pujday:1
ਪੂਜਨ	pujan:3	poojan:1
ਪੂਜਯ	pujay:2	poojya:1	pujey:1	pujya:1
ਪੂਜਾ	pooja:7	puja:4	puuja:2
ਪੂਜਿਆ	pujiya:3	pujia:2	poojia:1	poojiya:1
ਪੂਜੀ	puji:3	pooji:2	poojee:1	pujee:1
ਪੂਜੀਆਂ	pujiyan:3	pujian:2	poojian:1	poojiyan:1
ਪੂਜੇ	puje:3	pooje:1
ਪੂਜੋ	pujo:3	poojo:1
ਪੂਣੀ	puni:3	pooni:1
ਪੂਣੀਆਂ	puniyan:2	puniaan:1	punian:1
ਪੂਤ	put:2	poot:1
ਪੂਨਮ	poonam:2	punam:2	paanam:1	puanm:1
ਪੂਨਾ	poona:2	puna:2	poonaa:1	puuna:1
ਪੂਨਾਵਾਲਾ	punawala:3	punavala:1
ਪੂਨੀ	pooni:1	puni:1	puuni:1
ਪੂਨੀਆ	poonia:1	pooniya:1	puniaa:1	puuneya:1
ਪੂਨੇ	pune:3	poone:1
ਪੂਰ	pur:3	poor:1	puur:1
ਪੂਰਕ	purak:3	puraq:1
ਪੂਰਣ	puran:3	pooran:1
ਪੂਰਣਤਾ	puranta:2	pooranta:1	purnnta:1
ਪੂਰਣਿਮਾ	puranima:1	purnima:1	purnnima:1
ਪੂਰਤ	purat:2	purt:1
ਪੂਰਤੀ	poorti:1	purati:1	purti:1
ਪੂਰਨ	puran:2	pooran:1
ਪੂਰਨਤਾ	pooranta:1	puranata:1	puranta:1
ਪੂਰਨਮਾਸ਼ੀ	puranmashi:2	pooranmashi:1	purnmashi:1
ਪੂਰਨਮਾਸੀ	puranmasi:2	pooranmasi:1	puranmassi:1
ਪੂਰਨਿਆਂ	poorniyan:1	puranian:1	purneyan:1	purnian:1
ਪੂਰਨਿਮਾ	purnima:2	poornima:1	puranima:1
ਪੂਰਨੀਆ	poornia:1	purania:1	purneeya:1	purnia:1
ਪੂਰਬ	purab:3
ਪੂਰਬਲੀ	purabali:2	poorbali:1	purbali:1
ਪੂਰਬਲੇ	purbale:2	purabale:1	purble:1
ਪੂਰਬੀ	purbi:2	poorbi:1	purabi:1
ਪੂਰਵ	purav:3	poorav:1
ਪੂਰਵਕ	purvak:2	poorvak:1	purwak:1
ਪੂਰਵਜ	purvaj:2	poorvaj:1	puravaj:1
ਪੂਰਵਜਾਂ	puravajan:2	purvajan:1	purwajan:1
ਪੂਰਵਲੇ	puravale:2	purvale:1	purwale:1
ਪੂਰਵਵਰਤੀ	poorwawarati:1	puravarati:1	puravvarti:1	puravwarti:1
ਪੂਰਵੀ	puravi:3	pooravi:1
ਪੂਰਾ	poora:2	pura:2
ਪੂਰਾਂ	puran:2	pooran:1	pura:1	puraan:1
ਪੂਰਿਆਂ	puriaan:2	poorian:1	purian:1	puriyan:1
ਪੂਰੀ	puri:3	poori:1
ਪੂਰੀਆਂ	puriaan:2	poorian:1	pooriyan:1
ਪੂਰੇ	pure:3	poore:1
ਪੂਲ	paal:1	pool:1	pul:1	puul:1
ਪੂੜੀ	puri:2	poodi:1	pudi:1	purhi:1
ਪੂੰਛ	punch:3	poonch:1
ਪੂੰਜੀ	punji:6	poonji:2
ਪੂੰਜੀਗਤ	punjigat:3	poonjigat:1
ਪੂੰਜੀਪਤੀ	punjipati:3	poonjipati:1
ਪੂੰਜੀਵਾਦ	punjivaad:3	punjivad:2	punjiwaad:2	punjiwad:1
ਪੂੰਜੀਵਾਦੀ	punjivadi:2	punjiwadi:2
ਪੂੰਝਣ	punjhan:2	poonjhan:1	punjhann:1
ਪੂੰਝੇ	punjhe:3
ਪੇ	pe:2	pey:2	pay:1
ਪੇਂਟ	paint:2	pent:1
ਪੇਂਟਰ	paintar:1	painteer:1	painter:1	paintor:1
ਪੇਂਟਿੰਗ	painting:2	penting:1
ਪੇਂਟਿੰਗਸ	paintings:2	pentingas:1	pentings:1
ਪੇਂਟਿੰਗਾਂ	paintingan:2	pentingaan:1
ਪੇਂਡੂ	pendu:3	pendoo:2	penddu:1
ਪੇਂਡੂਆਂ	pendooaan:1	penduaan:1	penduan:1
ਪੇਂਦਾ	penda:5	painda:1
ਪੇਂਦੀ	pendi:3
ਪੇਂਦੇ	pende:3
ਪੇਂਸਿਲ	pencil:2	pensil:1
ਪੇਕਿਆਂ	pekian:2	pekiaan:1	pekiyan:1
ਪੇਕੇ	peke:3
ਪੇਚ	pech:3
ਪੇਚਕਸ	pechkas:2	pechakas:1
ਪੇਚਾਂ	pechan:3	pecha:1
ਪੇਚੀਦਗੀਆਂ	pecheedageeaan:1	pechidagiaan:1	pechidagian:1
ਪੇਚੀਦਾ	pechida:2	pecheeda:1
ਪੇਟ	pet:3
ਪੇਟਿੰਗ	painting:1	penting:1	peting:1
ਪੇਟੇ	pete:3
ਪੇਠਾ	petha:2	pethaa:1
ਪੇਡ	ped:4	paid:1	peeid:1	peid:1
ਪੇਡੂ	pedu:2	peddu:1	pedoo:1
ਪੇਨ	pann:1	peen:1	peenn:1	pen:1
ਪੇਪਰ	paper:3	pepar:3	papar:1	pepara:1
ਪੇਪਰਾਂ	paperan:2	peparaan:1	peparan:1
ਪੇਮੀ	pemi:2	pemee:1
ਪੇਰੀ	peri:2	parri:1	parry:1	peree:1
ਪੇਰੂ	peru:3	peroo:2
ਪੇਰੂਮਲ	perumal:2	peroomal:1
ਪੇਲੇ	pele:4	pale:1	palee:1	peelee:1
ਪੇਲੋਡ	paiload:1	pailooad:1	payload:1	paylooad:1
ਪੇਸਟ	paste:3	pest:1
ਪੇਸ਼	pesh:4
ਪੇਸ਼ਕਸ਼	peshkash:3	peshqash:1
ਪੇਸ਼ਕਸ਼ਾਂ	peshkashan:3	peshkasha:1	peshqashan:1
ਪੇਸ਼ਕਾਰ	peshkaar:2	peshkar:2	peshqar:1
ਪੇਸ਼ਕਾਰੀ	peshkari:3	peshqari:1
ਪੇਸ਼ਕਾਰੀਆਂ	peshkariaan:2	peshkarian:1	peshkariyan:1	peshqariaan:1
ਪੇਸ਼ਗੀ	peshagi:2	peshagee:1	peshgi:1
ਪੇਸ਼ਵਾ	peshwa:3	peshva:2
ਪੇਸ਼ਾ	pesha:3
ਪੇਸ਼ਾਬ	peshab:3
ਪੇਸ਼ਾਵਰ	peshawar:3	peshavar:2
ਪੇਸ਼ਾਵਰਾਂ	peshawaran:3	peshavaran:2
ਪੇਸ਼ਿਆਂ	peshiaan:2	peshian:1	peshiyan:1
ਪੇਸ਼ੀ	peshi:3
ਪੇਸ਼ੀਆਂ	peshiaan:2	peshian:1	peshiyan:1
ਪੇਸ਼ੀਨਗੋਈ	peshingoi:2	pesheengoyi:1	peshiangoi:1	peshingoee:1
ਪੇਸ਼ੇ	peshe:3
ਪੇਸ਼ੇਵਰ	peshewar:3	peshevar:2
ਪੇਸ਼ੇਵਰਾਂ	peshevaran:2	peshewaran:2	peshevran:1
ਪੇੜ	ped:1	per:1	perh:1
ਪੇੜਾਂ	pedaan:1	peran:1	perhaan:1
ਪੇੜੇ	pede:2	perhe:1
ਪੈ	pai:2	pae:1
ਪੈਂਗੋਲਿਨ	paingolin:2	pengolin:2
ਪੈਂਜੀ	painji:2	paenji:1	painjee:1
ਪੈਂਟ	paint:2	pant:1	pent:1
ਪੈਂਟਾਗਨ	pentagon:2	paintaagan:1	paintagan:1
ਪੈਂਟਾਲੂਨ	pantaloon:2	paintaaloon:1	pentalun:1
ਪੈਂਡਾ	painda:2	paendda:1
ਪੈਂਡੂ	paindoo:2	paindu:2	pendu:1
ਪੈਂਡੇ	painde:2	paendde:1	painday:1
ਪੈਂਤੀ	paintee:2	paenti:1	painti:1
ਪੈਂਤੜਾ	paentrha:1	paintada:1	paintda:1	paintrha:1
ਪੈਂਤੜਿਆਂ	paentrhiaan:1	paintadiaan:1	paintdian:1	paintdiyan:1
ਪੈਂਤੜੇ	paentarhee:1	paintde:1	paintrhe:1	paitade:1
ਪੈਂਦਾ	painda:4	paenda:2	penda:1
ਪੈਂਦੀ	paindee:4	paendi:2	paindi:2
ਪੈਂਦੀਆਂ	paendiaan:1	paindeeaan:1	paindian:1	paindiyan:1
ਪੈਂਦੇ	painde:4	paende:2	painday:1	penden:1
ਪੈਂਰੀ	painree:2	paenri:1	painri:1
ਪੈਂਸਿਲ	painsil:2	pencil:2
ਪੈਕ	pack:1	paeck:1	paek:1	pakk:1
ਪੈਕਟ	packet:2	paikat:2	paekat:1	paeqat:1
ਪੈਕਟਾਂ	packetan:2	paekatan:1	paeqatan:1	paikataan:1
ਪੈਕਸ	packs:1	pacqs:1	paeks:1	pax:1
ਪੈਕਿੰਗ	packin:1	packine:1	packing:1	packinge:1
ਪੈਕੇਜ	package:2	paikej:2	paekej:1	paeqej:1
ਪੈਗ਼ਾਮ	paegaam:1	paegam:1	paigam:1	paighaam:1
ਪੈਗ਼ੰਬਰ	paegambar:2	paigambar:1	paighambar:1
ਪੈਗਾਮ	paegaam:1	paegam:1	paigaam:1	paigam:1
ਪੈਗੀ	paigi:2	paegi:1	paggy:1	paigee:1
ਪੈਗੰਬਰ	paigambar:2	paegambar:1	pargambar:1
ਪੈਗੰਬਰਾਂ	paegambaran:1	pagambraan:1	paigambaraan:1	paigambaran:1
ਪੈਟ	pait:3	pat:2	paet:1	pet:1
ਪੈਟਨ	paten:1	paton:1	patten:1	patton:1
ਪੈਟਰਨ	pattern:3	paetarn:2	paitaran:2	paturn:1
ਪੈਟਰਨਾਂ	paetarnan:1	paitarnaan:1	paitarnan:1	patteranaan:1
ਪੈਟਰਸਨ	patterson:3	paitarsan:2	paetarsan:1	paetterson:1
ਪੈਟਰਿਕ	paitrik:2	paetrik:1	paetriq:1	paitriq:1
ਪੈਟਰੋ	paitaro:2	paetro:1	patro:1
ਪੈਟਰੋਲ	petrol:2	paetrol:1	paitarol:1	paitrol:1
ਪੈਟਰੋਲੀਅਮ	petroleum:2	petrolium:2	paitaroleeam:1	petroleam:1
ਪੈਟੀ	paetti:1	paitee:1	paiti:1	pette:1
ਪੈਟ੍ਰਿਕ	paitric:1	paitrik:1	pattrik:1
ਪੈਡ	pad:2	paid:2	paed:1
ਪੈਣਗੇ	painge:2	paennage:1
ਪੈਣਾ	paina:2	paenna:1
ਪੈਣੀ	paenni:1	painee:1	painin:1
ਪੈਣੇ	paenne:1	paine:1	painen:1
ਪੈਣੈ	painai:2	paenne:1
ਪੈਦਲ	paidal:3
ਪੈਦਾ	paida:3	paeda:1	paidaa:1
ਪੈਦਾਇਸ਼	paedaish:1	paidaaish:1	paidayish:1
ਪੈਦਾਵਰ	paedawar:1	paidaavar:1	paidavar:1
ਪੈਦਾਵਾਰ	padawar:1	paidaavaar:1	paidavar:1
ਪੈਦਾਵਾਰੀ	paedawari:1	paidaavaari:1	paidavari:1
ਪੈਦੀਆ	paediaa:1	paideeaa:1	paidia:1
ਪੈਨ	pain:1	pan:1	pen:1
ਪੈਨਤੁਸ	painatus:1	paintus:1	pentus:1
ਪੈਨਲ	paenel:1	painel:1	panel:1	penel:1
ਪੈਨਲਾਂ	painlaan:1	painlan:1	panalaan:1
ਪੈਨਸਲਵੇਨੀਆ	painsalveneeaa:1	pencalvania:1	pennsylvania:1
ਪੈਨਸਲੀਨ	penicilin:1	penicillin:1	peniiciilliin:1	pennicillin:1
ਪੈਨਸ਼ਨ	pension:2	painashana:1	painshan:1	pansion:1
ਪੈਨਸਿਲ	paenshil:1	paensil:1	pencil:1	penshil:1
ਪੈਨਸਿਲਵੇਨੀਆ	painsilveneeaa:1	peennsylania:1	peensilaneea:1	peensilania:1
ਪੈਨਾ	paina:2	penaa:1
ਪੈਨਿਕ	painic:1	panic:1	panik:1	paniq:1
ਪੈਪਸੂ	pepsu:2	paipasu:1
ਪੈਮਾਇਸ਼	paimaaish:1	paimaesh:1	pemaish:1
ਪੈਮਾਣੇ	paimaane:1	paimanen:1	paimanne:1
ਪੈਮਾਨਾ	paemana:1	paimaana:1	paimana:1
ਪੈਮਾਨਿਆਂ	paemaniaan:1	paimaaniaan:1	paimanian:1
ਪੈਮਾਨੇ	paemane:1	paimaane:1	paimane:1
ਪੈਰ	pair:2	paer:1
ਪੈਰਵਾਈ	pairavaaee:1	parwaai:1	pervaae:1
ਪੈਰਵੀ	pairavi:2	pairavee:1	pairvi:1	parawi:1
ਪੈਰਸ	pairas:2	paris:1
ਪੈਰਾ	paira:2	para:2	paraa:1	pera:1
ਪੈਰਾਂ	paeraan:1	pairaan:1	pairan:1	peraan:1
ਪੈਰਾਗੁਏ	paraguay:2	pairaague:1	pairaguye:1	paraaguay:1
ਪੈਰਾਸ਼ੂਟ	pairaashoot:1	parachute:1	perashut:1
ਪੈਰਿਸ	paris:3	pairis:2	peris:1
ਪੈਰੀ	pairee:2	pairi:2	paeri:1	pairri:1
ਪੈਰੀਂ	paerin:1	pairee:1	paireen:1	pairi:1
ਪੈਰੋ	pairo:3	perou:1
ਪੈਰੋਲ	pairol:2	parol:1	payroll:1	peroul:1
ਪੈਲ	pail:2	pael:1
ਪੈਲੀ	pailee:2	paelli:1	paili:1
ਪੈਲੀਆਂ	paeliaan:1	paileeaan:1	pailian:1	pailiyan:1
ਪੈਲੇਸ	palace:2	pailes:1
ਪੈਲੇਸਾਂ	pailaesaan:1	pailesaan:1	palacaan:1	palaceaan:1
ਪੈਸਾ	paisa:3
ਪੈਸਿਆਂ	paisiaan:2	paisian:1
ਪੈਸਿਫ਼ਿਕ	pacific:1	pacifik:1	pacifiq:1	pacipfic:1
ਪੈਸਿਫਿਕ	pacific:1	paisifik:1	pecific:1
ਪੈਸੀਫਿਕ	pacific:2	paiseefik:1
ਪੈਸੇ	paise:4	paisa:2	paese:1	paisha:1
ਪੈਸੇਫਿਕ	pacific:2	paisefik:2	paesefic:1	paesefik:1
ਪੈੜ	paid:2	paerh:1
ਪੈੜਾ	paida:2	paerha:1	pairha:1
ਪੈੜਾਂ	paidaan:2	paidan:2	paerhaan:1	pairhaan:1
ਪੈੜੇ	paide:2	paiday:1	parhe:1
ਪੈੱਕ	paikk:2	pack:1	paekk:1	paeqq:1
ਪੈੱਨ	pain:1	painn:1	penn:1
ਪੋ	po:3	pou:1
ਪੋਂਟੀ	ponti:2	pontee:1
ਪੋਇਟ	poit:2	poet:1
ਪੋਇਟਰੀ	poetry:2	poitari:1
ਪੋਇਟਸ	poitas:2	poets:1
ਪੋਖਰਨ	pokharan:2	pokhran:1	poukhran:1
ਪੋਗਰਾਮ	pogram:2	pougram:1	programe:1
ਪੋਚ	poch:3	pouch:1
ਪੋਚੇ	poche:3	pouche:1
ਪੋਟਰ	poter:1	potter:1	poutar:1	pouter:1
ਪੋਟਲੀ	potali:1	potli:1	poutlee:1	poutli:1
ਪੋਟਾਸ਼ੀਅਮ	potassium:3	potaassium:1	potashiam:1	potasiam:1
ਪੋਠੋਹਾਰ	pothohaar:2	pouthauhar:1	pouthouhar:1
ਪੋਠੋਹਾਰੀ	pothohaari:1	pothohari:1	pouthouhaari:1	pouthuhari:1
ਪੋਡਕਾਸਟ	podcast:2	podkast:1
ਪੋਣਾ	ponna:2	pouna:1
ਪੋਤ	pot:2	paut:1	pout:1
ਪੋਤਰਾ	potra:2	poutra:1	poutraa:1
ਪੋਤਰਿਆਂ	potreyan:1	potriaan:1	poutrian:1	poutriyan:1
ਪੋਤਰੀ	potri:1	poutree:1	poutri:1	ptori:1
ਪੋਤਰੇ	potre:2	potrde:1	poutray:1	poutre:1
ਪੋਤਾ	pota:2	pauta:1	pouta:1
ਪੋਤਿਆਂ	potiaan:2	poutian:1	poutiyan:1
ਪੋਤੀ	potee:1	poti:1	poutee:1	pouti:1
ਪੋਤੇ	pote:2	poutay:1	poute:1
ਪੋਤੜੇ	potarhe:1	potde:1	poutde:1	poutrhe:1
ਪੋਥੀ	pothee:1	pothi:1	pouthee:1	pouthi:1
ਪੋਥੀਆਂ	potheeaan:1	pothiaan:1	pouthian:1	pouthiyan:1
ਪੋਪ	pop:3
ਪੋਰਟ	port:2	porat:1	poret:1
ਪੋਰਟਰੇਟ	poortaret:1	poortrait:1	poortret:1	portareet:1
ਪੋਰਟਲ	partal:1	poortal:1	portal:1
ਪੋਰਟਲੈਂਡ	portland:2	poratland:1
ਪੋਰਨ	porn:3	poorn:1	poran:1
ਪੋਰਨੋਗ੍ਰਾਫੀ	pornography:3	poornoografi:1	poornoografy:1	poornoography:1
ਪੋਰਸਿਲੇਨ	porcelain:1	porcelen:1	porselain:1	porselen:1
ਪੋਰੀਆਂ	poreeaan:1	poriaan:1	porian:1
ਪੋਲ	pol:1	poll:1	pool:1	pooll:1
ਪੋਲਟਰੀ	poaltry:1	poultri:1	poultry:1	poutree:1
ਪੋਲਰ	polar:4	palar:1	poolar:1
ਪੋਲਾ	pola:3
ਪੋਲਿਸ਼	polis:1	polish:1	polishh:1	poolish:1
ਪੋਲੀ	poli:2	polee:1
ਪੋਲੇ	pole:3
ਪੋਲੈਂਡ	poland:4	polaind:2
ਪੋਲੋ	polo:4	pooloo:1
ਪੋਸਟ	poasht:1	poast:1	pooast:1	poosst:1
ਪੋਸਟਮੈਨ	postman:3	poustman:1
ਪੋਸਟਰ	poster:3	postar:2	pooster:1	pouster:1
ਪੋਸਟਰਾਂ	postaraan:1	posteraan:1	postraan:1	poustran:1
ਪੋਸਟਲ	postal:3	poustal:1
ਪੋਸਟਾਂ	postaan:2	postan:1	poustan:1
ਪੋਸਣ	posann:1	poshan:1	pousan:1
ਪੋਸਤੀ	postee:2	posti:2
ਪੋਸ਼	posh:3	poush:1
ਪੋਸ਼ਕ	poshak:2	poushak:1
ਪੋਸ਼ਟਿਕ	poshtik:2	poushtic:1	poushtik:1
ਪੋਸ਼ਣ	poshan:2	poshann:1	poushan:1
ਪੋਸ਼ਾਕ	poshaak:2	poshak:1	poushak:1
ਪੋਸਿਆ	posiaa:2	pousia:1	pousiya:1
ਪੋਹਲੀ	pohli:2	pouhlee:1	pouhli:1
ਪੋਹਾ	poha:3	pouha:1
ਪੋੜੀ	podee:1	podi:1	porhi:1
ਪੌਂਡ	pond:2	paond:1	paund:1	pound:1
ਪੌਣ	ponn:2	paun:1
ਪੌਣਪਾਣੀ	ponnpanni:2	paunpaani:1
ਪੌਣਾਂ	ponnan:2	paunaan:1
ਪੌਣੀ	ponni:2	paunee:1
ਪੌਣੇ	paune:2	ponne:1
ਪੌਦਾ	pauda:2	poda:1
ਪੌਦਿਆ	paudiaa:2	podiaa:1
ਪੌਦਿਆਂ	paudiaan:2	podiaan:1
ਪੌਦੇ	paude:2	poday:1
ਪੌਨ	paun:2	pon:1
ਪੌਪ	pap:1	paupa:1	pop:1
ਪੌਰਨ	pauran:2	poran:1	porn:1
ਪੌਰਾਣਿਕ	pauraanik:1	pauranik:1	pauraniq:1	porannik:1
ਪੌਲ	paul:2	pole:1
ਪੌਲਾ	paula:1	pauola:1	pauoola:1	polo:1
ਪੌਲੀ	poli:2	paulee:1	pauli:1	polee:1
ਪੌਸ਼ਟਿਕ	paushtik:1	poshtic:1	poshtik:1
ਪੌੜਾਂ	paudaan:1	pauran:1	porhan:1
ਪੌੜੀ	paudee:1	pauri:1	porhi:1
ਪੌੜੀਆਂ	paudeeaan:2	pauriaan:1	poddiaan:1	podian:1
ਪ੍ਤੀ	pati:1	pratee:1	prati:1
ਪ੍ਭਾਵ	pbhaav:1	pbhav:1	pbhaw:1
ਪ੍ਭਾਵਿਤ	pbhaavit:1	pbhavit:1	pbhawit:1
ਪ੍ਰਕਟ	parkat:2	prakat:1
ਪ੍ਰਕਰਣ	parkaran:2	prakran:1
ਪ੍ਰਕਾਰ	prakar:2	parkaar:1	prakaar:1
ਪ੍ਰਕਾਸ	parkaas:1	parkas:1	prakas:1
ਪ੍ਰਕਾਸ਼	prakash:4	parkash:3	parkas:1	parkashh:1
ਪ੍ਰਕਾਸ਼ਕ	parashak:1	parkashak:1	prakashak:1
ਪ੍ਰਕਾਸ਼ਕਾਂ	parkashakan:1	parkashkan:1	prakashkan:1
ਪ੍ਰਕਾਸ਼ਤ	parkashat:2	prakashat:1
ਪ੍ਰਕਾਸ਼ਨ	parkashan:2	prakashan:1
ਪ੍ਰਕਾਸ਼ਨਾ	parkashana:2	prakashna:1
ਪ੍ਰਕਾਸ਼ਨਾਂ	parkashanan:1	prakashnan:1	prkashnan:1
ਪ੍ਰਕਾਸ਼ਨਾਵਾਂ	parkashanavan:1	parkashnavan:1	prakashnavan:1
ਪ੍ਰਕਾਸ਼ਮ	parkasham:2	prakasham:1
ਪ੍ਰਕਾਸ਼ਮਾਨ	parkashaman:1	parkasmaan:1	prakashman:1
ਪ੍ਰਕਾਸ਼ਿਤ	parkashit:2	prakaashit:2	parkasit:1
ਪ੍ਰਕਾਸ਼ੀ	parkashi:2	prakaashi:1
ਪ੍ਰਕਿਰਤਿਕ	prakirtik:3
ਪ੍ਰਕਿਰਤੀ	prakirti:2	prakirtee:1
ਪ੍ਰਕਿਰਤੀਵਾਦੀ	prakirteevaadi:1	prakirtivadi:1	prakirtiwaadi:1
ਪ੍ਰਕਿਰਿਆ	prakiriaa:2	prakiria:1	prakiriyaa:1	prakria:1
ਪ੍ਰਕਿਰਿਆਵਾਂ	prakiriaavaan:1	prakiriaavan:1	prakriavan:1
ਪ੍ਰਕ੍ਰਿਆ	prakira:1	prakreeaa:1	prikiya:1
ਪ੍ਰਕ੍ਰਿਆਵਾਂ	prakiravan:1	prakreeaavaan:1	prakriaavan:1
ਪ੍ਰਕ੍ਰਿਤਕ	prakritak:2	prakirtak:1
ਪ੍ਰਕ੍ਰਿਤੀ	prakirti:1	prakritee:1	prakriti:1
ਪ੍ਰਗਟ	pragat:10
ਪ੍ਰਗਟਾਇਆ	pragtaiiaa:2	pragatayia:1	pragatiyia:1
ਪ੍ਰਗਟਾਈ	pragatayi:2	pragtaiee:2	pragtaii:2
ਪ੍ਰਗਟਾਈਆਂ	pragataaiyaan:1	pragatayian:1	pragtaiiaan:1
ਪ੍ਰਗਟਾਉ	pragataau:2	pragtaau:1
ਪ੍ਰਗਟਾਉਂਦੀ	pragataaundi:1	pragataundi:1	pragatoundee:1	pragatoundi:1
ਪ੍ਰਗਟਾਉਂਦੇ	pragataaunde:1	pragataunde:1	pragtaounde:1
ਪ੍ਰਗਟਾਉਣ	pragataaun:3	pragataun:1	pragataunn:1
ਪ੍ਰਗਟਾਵਾਂ	pragatavan:1	pragtaavan:1	pragtavan:1
ਪ੍ਰਗਤੀ	pragati:4	pragatee:2
ਪ੍ਰਗਤੀਵਾਦ	pragateevad:1	pragatiwad:1	pragteevad:1	pragtivad:1
ਪ੍ਰਗਤੀਵਾਦੀ	pragteevadee:2	pragateevadi:1	pragatiwadi:1	pragtivadi:1
ਪ੍ਰਗਤੀਸ਼ੀਲ	pragateesheel:2	pragatisheel:1	pragatishil:1
ਪ੍ਰਗਤੀਸ਼ੀਲਤਾ	pragatishilta:2	pragteesheelata:1
ਪ੍ਰਗਿਆ	pragiyaa:2	prageya:1	pragiaa:1
ਪ੍ਰਗੀਤ	prageet:2	pragit:1
ਪ੍ਰਗੀਤਕ	pragitak:2	prageetak:1
ਪ੍ਰਗੀਤਕਤਾ	prageektkkta:1	prageetakta:1	pragitkata:1
ਪ੍ਰਚਲਣ	prachalan:3
ਪ੍ਰਚਲਨ	prachalan:3
ਪ੍ਰਚਲਿਤ	prachalit:4	prachlit:1
ਪ੍ਰਚਾਉਣ	prachaun:2	prachaounn:1
ਪ੍ਰਚਾਰ	prachar:3
ਪ੍ਰਚਾਰਕ	pracharak:7
ਪ੍ਰਚਾਰਨ	pracharan:5
ਪ੍ਰਚਾਰਿਆ	prachareya:1	pracharia:1	prachariyaa:1
ਪ੍ਰਚਾਰਿਤ	pracharit:2	prachaarit:1
ਪ੍ਰਚਾਰੇ	prachare:2	prachaare:1
ਪ੍ਰਚਾਵੇ	prachave:2	prachaave:1	prachawe:1
ਪ੍ਰਚਿਲਤ	prachilat:3
ਪ੍ਰਚੁਰ	prachur:3
ਪ੍ਰਛਾਵਾਂ	prachhavan:2	prachhaavaan:1	prachhawan:1
ਪ੍ਰਜਣਨ	prajnan:2	prajanan:1
ਪ੍ਰਜਨਣ	prajanan:2	prajnan:1
ਪ੍ਰਜਨਨ	prajnan:2	prajanan:1
ਪ੍ਰਜਾ	praja:3
ਪ੍ਰਜਾਤੀ	prajati:2	prajaatee:1
ਪ੍ਰਜਾਤੀਆਂ	prajaateeaan:1	prajatiaan:1	prajatiyaan:1
ਪ੍ਰਜਾਪਤੀ	prajapati:2	prajapatee:1	prjapati:1
ਪ੍ਰਣ	pran:5
ਪ੍ਰਣਬ	pranab:3
ਪ੍ਰਣਾਇਆ	pranaiaa:1	pranaiiaa:1	praniyaa:1
ਪ੍ਰਣਾਮ	pranam:3	pranaam:1
ਪ੍ਰਣਾਲੀ	pranali:3	pranalee:1
ਪ੍ਰਣਾਲੀਆਂ	pranaliaan:1	pranalian:1	pranaliyaan:1
ਪ੍ਰਤਾਪ	pratap:4
ਪ੍ਰਤਾਪੀ	pratapi:3	pratapee:1
ਪ੍ਰਤਿ	prati:4
ਪ੍ਰਤਿਕਰਮ	pratikaram:3
ਪ੍ਰਤਿਕਿਰਿਆ	pratikiria:1	pratikiriaa:1	pratikiriyaa:1
ਪ੍ਰਤਿਕੂਲ	pratikul:2	pratikool:1
ਪ੍ਰਤਿਕ੍ਰਿਆ	pratikria:1	pratikriaa:1	pratikriyaa:1
ਪ੍ਰਤਿਗਿਆ	pratigiaa:2	pratigya:1
ਪ੍ਰਤਿਨਿਧ	pratinidh:3
ਪ੍ਰਤਿਨਿਧਤਾ	pratinidhta:2	pratindhta:1
ਪ੍ਰਤਿਨਿਧੀ	pratinidhi:2	pratinidhee:1
ਪ੍ਰਤਿਨਿੱਧੀ	pratiniddhee:1	pratinidhdhee:1	pratinidhi:1
ਪ੍ਰਤਿਪਾਦਨ	pratipadan:2	pratipaadan:1
ਪ੍ਰਤਿਬਧਤਾ	pratibadhta:2	pratibadhtaa:1	pratibdhta:1
ਪ੍ਰਤਿਬਿੰਬ	pratibimb:3
ਪ੍ਰਤਿਬਿੰਬਤ	pratibimbat:2	pratibinbat:1
ਪ੍ਰਤਿਬੰਧ	pratibandh:3
ਪ੍ਰਤਿਬੰਧਾਂ	pratibandha:1	pratibandhaan:1	pratibandhan:1
ਪ੍ਰਤਿਬੰਧਿਤ	pratibandhit:3
ਪ੍ਰਤਿਭਾ	pratibha:2	pratibhaa:1
ਪ੍ਰਤਿਭਾਵਾਨ	pratibhavan:2	pratibhaavaan:1
ਪ੍ਰਤਿਭਾਸ਼ਾਲੀ	pratibhaashaalee:1	pratibhaashaali:1	pratibhashalee:1	pratibhashali:1
ਪ੍ਰਤਿਭਾਸ਼ੀਲ	pratibhaasheel:1	pratibhasheel:1	pratibhashil:1
ਪ੍ਰਤਿਮਾ	pratima:2	pratimaa:1
ਪ੍ਰਤਿਮਾਨ	pratiman:2	pratimaan:1
ਪ੍ਰਤਿਮਾਵਾਂ	pratimavan:2	pratimaavaan:1
ਪ੍ਰਤਿਯੋਗਿਤਾ	pratiyogita:2	pratiyogitaa:1
ਪ੍ਰਤਿਯੋਗੀ	pratiyogi:3
ਪ੍ਰਤਿਰੋਧ	pratirodh:3
ਪ੍ਰਤਿਸ਼ਠਤ	pratishathat:2	pratishthat:1
ਪ੍ਰਤਿਸ਼ਠਾ	pratishatha:1	pratishathaa:1	pratishtha:1
ਪ੍ਰਤਿਸ਼ਠਾਨ	pratishthan:2	pratishathaan:1
ਪ੍ਰਤਿਸ਼ਠਿਤ	pratishathit:2	pratishthit:1
ਪ੍ਰਤੀ	prati:3	pratee:1
ਪ੍ਰਤੀਕ	prateek:2	partik:1
ਪ੍ਰਤੀਕਮਈ	partikmai:1	prateekamaee:1	pratikmayi:1
ਪ੍ਰਤੀਕਰਮ	partikaram:1	prateekaram:1	pratikaram:1
ਪ੍ਰਤੀਕਰਮਾਂ	partikarman:1	prateekarmaan:1	pratikarman:1
ਪ੍ਰਤੀਕਾਂ	partikan:1	prateekaan:1	pratikan:1
ਪ੍ਰਤੀਕਾਤਮਕ	partikarmak:1	prateekaatamak:1	pratikatamak:1
ਪ੍ਰਤੀਕਾਤਮਕਤਾ	partikatmakta:1	prateekaatamaktaa:1	pratikatmakta:1
ਪ੍ਰਤੀਕਾਤਮਿਕ	partikatmik:1	prateekaatamik:1	pratikatamik:1
ਪ੍ਰਤੀਕਿਰਆ	partikira:1	pratikiraaa:1	pratikiria:1
ਪ੍ਰਤੀਕਿਰਿਆ	pratikiria:2	prateekiriaa:1
ਪ੍ਰਤੀਕਿਰਿਆਵਾਂ	pratikiriavan:3
ਪ੍ਰਤੀਕਿਰਿਆਵਾਦੀ	pratikiriavadi:2	pratikiriaavaadi:1
ਪ੍ਰਤੀਕੂਲ	partikul:1	pratikool:1	pratikul:1
ਪ੍ਰਤੀਕ੍ਰਿਆ	partikria:1	pratikria:1	pratikriaa:1
ਪ੍ਰਤੀਤ	prateet:2	pratit:2
ਪ੍ਰਤੀਤੀ	pratiti:2	prateetee:1	prateeti:1
ਪ੍ਰਤੀਨਿਧ	pratinidh:3	prateenidh:1
ਪ੍ਰਤੀਨਿਧਤਾ	pratinidhata:2	partinidhta:1	pratinidhta:1
ਪ੍ਰਤੀਨਿਧਾਂ	partinidhan:2	pratinidhan:2	prateenidhan:1
ਪ੍ਰਤੀਨਿਧੀ	pratinidhi:2	partinidhi:1
ਪ੍ਰਤੀਨਿਧੀਆਂ	pratinidhiaan:2	parthinidhiyan:1	prateenidheeaan:1
ਪ੍ਰਤੀਨਿੱਧ	pratinidh:2	pratiniddh:1
ਪ੍ਰਤੀਪਾਦਨ	pratipadan:2	partipadan:1
ਪ੍ਰਤੀਬਿੰਬ	partibimb:1	pratibimb:1	pratibinb:1
ਪ੍ਰਤੀਬਿੰਬਤ	partibimbat:1	pratibimbat:1	pratibinbat:1
ਪ੍ਰਤੀਬਿੰਬਿਤ	partibimbit:1	pratibimbit:1	pratibinbit:1
ਪ੍ਰਤੀਬੰਧ	pratibandh:2	partibandh:1
ਪ੍ਰਤੀਬੰਧਿਤ	pratibandhit:2	partibandhit:1
ਪ੍ਰਤੀਬੱਧਤਾ	pratibaddhta:2	partibhdhta:1
ਪ੍ਰਤੀਭਾ	pratibha:3
ਪ੍ਰਤੀਭਾਗੀ	pratibhagi:2	partibhagi:1	pratibhagee:1
ਪ੍ਰਤੀਮਾ	pratima:2	partiman:1
ਪ੍ਰਤੀਮਾਨ	pratiman:2	partiman:1
ਪ੍ਰਤੀਮਾਨਾਂ	pratimanan:2	partimanan:1
ਪ੍ਰਤੀਯੋਗਤਾ	pratiyogta:2	artiyogta:1
ਪ੍ਰਤੀਯੋਗਤਾਵਾਂ	pratiyogtavan:2	partiyogtavan:1	pratiyogtawan:1
ਪ੍ਰਤੀਯੋਗਿਤਾ	pratiyogita:2	partiyogita:1
ਪ੍ਰਤੀਯੋਗਿਤਾਵਾਂ	pratiyogitavan:2	partiyogitavan:1	pratiyogitawan:1
ਪ੍ਰਤੀਯੋਗੀ	pratiyogi:2	pariyogi:1
ਪ੍ਰਤੀਯੋਗੀਆਂ	partiyogiyan:1	pratiyogiaan:1	pratiyogiyan:1
ਪ੍ਰਤੀਰੂਪ	partirup:1	pratiroop:1	pratirup:1
ਪ੍ਰਤੀਰੋਧ	partirodh:1	pratirodh:1	pratirop:1
ਪ੍ਰਤੀਰੋਧਕ	partirodhak:1	pratirodhak:1	pratorodhak:1	pratorodhaq:1
ਪ੍ਰਤੀਰੋਧੀ	pratirodhi:2	parthirodhi:1
ਪ੍ਰਤੀਸ਼ਤ	pratishat:2	prateeshat:1
ਪ੍ਰਤੀਸ਼ਤਤਾ	partishtta:1	prateeshatataa:1	pratishatata:1
ਪ੍ਰਤੂੰ	prantu:2	pratun:1
ਪ੍ਰਥਮ	pratham:2	partham:1
ਪ੍ਰਥਾ	pratha:4
ਪ੍ਰਥਾਵਾਂ	prathavan:2	prathawan:1
ਪ੍ਰਦਰਸਨ	pradarsan:2	pradrashan:1
ਪ੍ਰਦਰਸ਼ਤ	pradarshat:2	pradarshart:1
ਪ੍ਰਦਰਸ਼ਨ	pradarshan:3	prardashan:1
ਪ੍ਰਦਰਸ਼ਨਕਾਰੀਆਂ	pradarshankariyan:2	pradarshankariaa:1	pradarshankariaan:1	pradarshankarian:1
ਪ੍ਰਦਰਸ਼ਨਾਂ	pradarshanan:2	pradarshanaan:1
ਪ੍ਰਦਰਸ਼ਨੀ	pradarshani:3
ਪ੍ਰਦਰਸ਼ਨੀਆਂ	pradarshaniaan:1	pradarshanian:1	pradarshniyan:1
ਪ੍ਰਦਰਸ਼ਿਤ	pradarshit:3
ਪ੍ਰਦਰ੍ਸ਼ਨ	pradarshan:3
ਪ੍ਰਦਸ਼ਨ	pradarshan:1	pradashan:1	pradershan:1
ਪ੍ਰਦਾਤਾ	pradata:3
ਪ੍ਰਦਾਨ	pradan:2	pradaan:1
ਪ੍ਰਦੀਪ	pradeep:3	pradip:1
ਪ੍ਰਦੂਸ਼ਣ	pradushan:2	pradushann:1	praduushan:1
ਪ੍ਰਦੂਸ਼ਤ	pradushat:1	pradushit:1	praduushat:1
ਪ੍ਰਦੂਸ਼ਨ	pradushan:1	pradushn:1	praduushan:1
ਪ੍ਰਦੂਸ਼ਿਤ	pradushit:2	praduushit:1
ਪ੍ਰਦੇਸ	prades:2	pradesh:1
ਪ੍ਰਦੇਸ਼	pradesh:10	pradeesh:1
ਪ੍ਰਦੇਸ਼ਾਂ	pradeshan:2	pradesha:1
ਪ੍ਰਦੇਸਾਂ	pradesan:2	pardesan:1	pradesaa:1
ਪ੍ਰਦੇਸੀ	pradesi:5	pardesi:1	pradesee:1
ਪ੍ਰਧਾਨ	pradhan:6	pardhan:1
ਪ੍ਰਧਾਨਗੀ	pradhangi:3	pardhangi:1	pradhangee:1
ਪ੍ਰਧਾਨਤਾ	pradhanta:3	pardhanta:1
ਪ੍ਰਧਾਨਮੰਤਰੀ	pradhanmantri:2	pardhanmantri:1
ਪ੍ਰਨਾਲੀ	pranali:3	parnali:1	prnali:1
ਪ੍ਰਪਤੀ	prapati:2	prapatee:1
ਪ੍ਰਪਾਤ	prapat:2	prapaat:1
ਪ੍ਰਫੁਲਤ	prafulat:5
ਪ੍ਰਫੁਲਿਤ	prafulit:6
ਪ੍ਰਬਲ	prabal:4
ਪ੍ਰਬਲਤਾ	prabalta:3
ਪ੍ਰਬੀਨ	prabeen:2	prabin:1
ਪ੍ਰਬੋਧ	prabodh:3
ਪ੍ਰਬੰਦ	praband:3
ਪ੍ਰਬੰਧ	prabandh:7
ਪ੍ਰਬੰਧਕ	prabandhak:5	prabandhaq:1
ਪ੍ਰਬੰਧਕਾਂ	prabandhakan:3	prabandhaqan:1	prabandhkan:1
ਪ੍ਰਬੰਧਕੀ	prabandhaki:3	prabandhaqi:1
ਪ੍ਰਬੰਧਨ	prabandhan:3
ਪ੍ਰਬੰਧਾ	prabandha:3
ਪ੍ਰਬੰਧਾਂ	brabandhan:1	prabandha:1	prabandhan:1
ਪ੍ਰਭ	prabh:7
ਪ੍ਰਭਜੋਤ	prabhjot:2	prabhajot:1
ਪ੍ਰਭਾ	prabha:6
ਪ੍ਰਭਾਕਰ	prabhakar:3
ਪ੍ਰਭਾਤ	prabhat:4	parbhat:1	prabhaat:1
ਪ੍ਰਭਾਰੀ	prabhari:3	prabharee:1
ਪ੍ਰਭਾਵ	prabhav:6
ਪ੍ਰਭਾਵਕਾਰੀ	prabhavkari:3	prabhavkaree:1
ਪ੍ਰਭਾਵਤ	prabhavat:3
ਪ੍ਰਭਾਵਸ਼ਾਲੀ	prabhavshali:4	prabhavshalee:1
ਪ੍ਰਭਾਵਹੀਣ	prabhavheen:2	prabhavahin:1
ਪ੍ਰਭਾਵਿਤ	prabhavit:6	prabhiavat:2	prabhiawat:1
ਪ੍ਰਭਾਵੀ	prabhavi:3	prabhavee:1
ਪ੍ਰਭਾਸ਼ਿਤ	prabhashit:3
ਪ੍ਰਭੁਤਾ	prabhuta:4
ਪ੍ਰਭੂ	prabhu:10	prabhoo:1	prabhuu:1
ਪ੍ਰਭੂਤਾ	prabhuta:2	prabhoota:1
ਪ੍ਰਭੂਸੱਤਾ	prabhusatta:2	prabhoostta:1
ਪ੍ਰਮਾਣ	praman:3
ਪ੍ਰਮਾਣਕਤਾ	pramanakta:2	pramanaqta:1	pramankata:1
ਪ੍ਰਮਾਣਕਿਤਾ	pramankita:2	pramanakita:1	pramanqita:1
ਪ੍ਰਮਾਣਿਕਤਾ	pramanikta:3	pramaniqta:1
ਪ੍ਰਮਾਣਿਤ	pramanit:3
ਪ੍ਰਮਾਣੀਕ	pramanik:3	pramaniq:1
ਪ੍ਰਮਾਣੀਕਰਣ	pramanikaran:2	pramaaneekaran:1	pramaniqaran:1
ਪ੍ਰਮਾਣੂ	pramanu:2	pramaanoo:1	pramaanu:1
ਪ੍ਰਮਾਤਮਾ	pamatma:1	pramaatamaa:1	pramatma:1
ਪ੍ਰਮਿੰਦਰਜੀਤ	parminderjeet:2	praminderjeet:1
ਪ੍ਰਮੁਖ	pramukh:4
ਪ੍ਰਮੁਖਤਾ	pramukhta:2	pramukhata:1
ਪ੍ਰਮੁੱਖ	pramukh:2	pramukkh:1
ਪ੍ਰਮੁੱਖਤਾ	pramukhata:2	pramukkhta:1
ਪ੍ਰਮੇਸ਼ਵਰ	prameshvar:1	prameshwar:1	prameshwer:1
ਪ੍ਰਮੋਟਰ	pramotar:1	promotar:1	promoter:1
ਪ੍ਰਮੋਦ	pramod:2	promod:1
ਪ੍ਰਮੋਸ਼ਨ	promotion:2	pramoshan:1
ਪ੍ਰਮੰਨਿਆ	pramannia:2	pramanea:1	pramaniaa:1
ਪ੍ਰਮੰਨੀ	pramanni:3	pramani:1
ਪ੍ਰਯਤਨ	prayatan:3
ਪ੍ਰਯਾਗ	prayag:4	prayaag:1
ਪ੍ਰਯੁਕਤ	prayukt:2	prayukat:1
ਪ੍ਰਯੋਗ	prayog:2	paryog:1
ਪ੍ਰਯੋਗਵਾਦ	prayogwad:2	prayogvaad:1	prayogvad:1
ਪ੍ਰਯੋਗਵਾਦੀ	prayogwadi:2	prayogvaadi:1	prayogvadi:1
ਪ੍ਰਯੋਗਸ਼ਾਲਾ	prayogshala:3
ਪ੍ਰਯੋਗਸ਼ਾਲਾਵਾਂ	prayogshalavan:2	prayogshalawan:2
ਪ੍ਰਯੋਗਸ਼ੀਲ	prayogsheel:3
ਪ੍ਰਯੋਗਸ਼ੀਲਤਾ	prayogsheelta:2	prayogshilta:1
ਪ੍ਰਯੋਗਾਂ	prayogan:2	prayogaan:1
ਪ੍ਰਯੋਗਾਤਮਕ	prayogatmak:2	prayogatamak:1
ਪ੍ਰਯੋਗਿਕ	prayogik:3
ਪ੍ਰਯੋਗੀ	prayogi:3
ਪ੍ਰਯੋਜਨ	prayojan:3
ਪ੍ਰਯੋਜਨਾਂ	prayojanan:2	prayohnaan:1	prayojana:1
ਪ੍ਰਲਾਦ	pralaad:2	prahlad:1	pralad:1
ਪ੍ਰਲੋਕ	pralok:3
ਪ੍ਰਵਕਤਾ	pravakta:3	prawakta:2
ਪ੍ਰਵਚਨ	pravachan:2	prawachan:1
ਪ੍ਰਵਚਨਾਂ	pravachnan:2	prawachnan:1
ਪ੍ਰਵਰਗ	pravarg:2	prawarag:1
ਪ੍ਰਵਰਤਕ	pravartak:1	pravartk:1	prawartak:1
ਪ੍ਰਵਰਤਿਤ	pravartit:1	pravritit:1	prawartit:1
ਪ੍ਰਵਾਣ	prawann:2	prvaan:1
ਪ੍ਰਵਾਣਿਤ	pravannit:1	prawannit:1	prvaanit:1
ਪ੍ਰਵਾਨ	pravaan:1	prawaan:1	prvaan:1
ਪ੍ਰਵਾਨਗੀ	pravanagi:1	prawanagi:1	prawangi:1
ਪ੍ਰਵਾਨਤ	pravaanat:1	pravaant:1	prawanat:1
ਪ੍ਰਵਾਨਿਤ	pravanit:2	prawanit:1
ਪ੍ਰਵਾਰ	pravaar:1	pravar:1	prawar:1
ਪ੍ਰਵਾਸ	pravaas:1	prawaas:1	prawas:1
ਪ੍ਰਵਾਸੀ	prawasi:2	pravaasi:1
ਪ੍ਰਵਾਸੀਆਂ	pravasiaan:1	prawasiaan:1	prawasiyan:1
ਪ੍ਰਵਾਹ	prawah:2	prvaah:1
ਪ੍ਰਵਾਹਮਾਨ	prawahaman:1	prawahman:1	prvaahmaan:1
ਪ੍ਰਵਾਹਿਤ	prawahit:2	prvaahit:1
ਪ੍ਰਵਿਰਤੀਆਂ	pravirtiaan:2	praviratiaan:1
ਪ੍ਰਵੇਸ਼	pravesh:7
ਪ੍ਰਸਤਾਵ	parstav:1	prasataav:1	prastaav:1
ਪ੍ਰਸਤਾਵਤ	parstavat:1	prasataavat:1	prasatavat:1
ਪ੍ਰਸਤਾਵਨਾ	parstavna:1	prasataavanaa:1	prastaavana:1
ਪ੍ਰਸਤਾਵਾਂ	parstavan:1	prasataavaan:1	prastavan:1
ਪ੍ਰਸਤਾਵਿਤ	parstavik:1	prasataavit:1	prastaavit:1
ਪ੍ਰਸਤੀ	parsati:1	prasatee:1	prasti:1
ਪ੍ਰਸਤੁਤ	parstut:1	prasatut:1	prastut:1
ਪ੍ਰਸਤੁਤੀ	parstuti:1	prasatutee:1	prastuti:1
ਪ੍ਰਸਥਾਨ	prasathaan:2	parsthan:1
ਪ੍ਰਸਥਿਤੀ	parsathiti:1	prasathitee:1	prasathiti:1
ਪ੍ਰਸਥਿਤੀਆਂ	parsthitiyan:1	prasathiteeaan:1	prasathitiaan:1
ਪ੍ਰਸਨ	parsan:2	prasan:2
ਪ੍ਰਸਪਰ	parspan:1	prasapar:1	praspar:1
ਪ੍ਰਸਵ	prasav:2	parsav:1
ਪ੍ਰਸ਼ਨ	prashan:10	parshan:2
ਪ੍ਰਸ਼ਨਾਂ	parshanan:1	prashanaan:1	prashnan:1
ਪ੍ਰਸ਼ਾਂਤ	prashaant:2	parshant:1
ਪ੍ਰਸ਼ਾਦ	parshad:1	prashaad:1	prashad:1
ਪ੍ਰਸ਼ਾਦਿ	parshadi:1	prashaadi:1	prashadi:1
ਪ੍ਰਸ਼ਾਸਕ	prashasak:2	parshasak:1
ਪ੍ਰਸ਼ਾਸਕਾਂ	prashasakan:2	parshaskan:1	prashasakaan:1	prshasakan:1
ਪ੍ਰਸ਼ਾਸਕੀ	prashasaki:2	parshaski:1
ਪ੍ਰਸ਼ਾਸਨ	prashasan:3	parshasan:1
ਪ੍ਰਸ਼ਾਸਨਿਕ	prashasanik:4	parshashnik:1	parshasnik:1
ਪ੍ਰਸ਼ਾਸ਼ਕ	prashashak:2	parshashak:1
ਪ੍ਰਸ਼ਾਸ਼ਕੀ	parshashki:1	prashasaki:1	prashashaki:1
ਪ੍ਰਸ਼ਾਸ਼ਨ	parshashan:1	prashasan:1	prashashan:1
ਪ੍ਰਸ਼ੰਸਕ	parshanshak:1	prashansak:1	prshansak:1
ਪ੍ਰਸ਼ੰਸਕਾਂ	parshanshkan:1	prashansakaan:1	prshansakan:1
ਪ੍ਰਸ਼ੰਸ਼ਕਾਂ	parshanshkan:1	prashanshakaan:1	prshanshakan:1
ਪ੍ਰਸ਼ੰਸ਼ਾ	prashansha:2	parshansha:1
ਪ੍ਰਸ਼ੰਸਾ	prashansa:3	parshansa:1
ਪ੍ਰਸਾਦ	prasad:3	prasaad:2	parsad:1
ਪ੍ਰਸਾਰ	prasar:2	parsar:1	prasaar:1
ਪ੍ਰਸਾਰਕ	parsarak:1	prasaarak:1	prasarak:1
ਪ੍ਰਸਾਰਣ	parsaran:1	prasaaran:1	prasaran:1
ਪ੍ਰਸਾਰਨ	parsaran:1	prasaaran:1	prasaran:1
ਪ੍ਰਸਾਰਿਤ	parsarit:1	prasaarit:1	prasarit:1
ਪ੍ਰਸਿਧ	parsidh:2	prasidh:2
ਪ੍ਰਸਿਧੀ	prasidhi:2	parsidhi:1
ਪ੍ਰਸਿੱਧ	prasiddh:8	prasidhdh:1
ਪ੍ਰਸਿੱਧੀ	parsidhi:1	prasiddhi:1	prasidhdhi:1
ਪ੍ਰਸੂਤੀ	prasooti:2	parsuti:1	prasuti:1
ਪ੍ਰਸੰਗ	prasang:2	parsang:1
ਪ੍ਰਸੰਗਾਂ	parsangan:2	prasangaan:1
ਪ੍ਰਸੰਗਿਕ	parsangik:2	prasangik:1
ਪ੍ਰਸੰਗਿਕਤਾ	parsangikta:2	prasangikta:1
ਪ੍ਰਸੰਨਤਾ	parsanta:2	prasannta:1	prsannata:1
ਪ੍ਰਸੰਨਾ	parsana:1	prasanna:1	prsanna:1
ਪ੍ਰਸੰਸਕ	parsansak:1	prasansak:1	prsansak:1
ਪ੍ਰਸੰਸਕਾਂ	parshanshkan:1	prasansakaan:1	prsansakan:1
ਪ੍ਰਸੰਸਾ	prasansa:2	parsansa:1
ਪ੍ਰਸੰਸਾਯੋਗ	parsansayog:1	prasansaayog:1	prasansayog:1
ਪ੍ਰਹਲਾਦ	parhalad:1	prahlad:1	prehlad:1
ਪ੍ਰਹਿਲਾਦ	parhilaad:1	parhilad:1	prahilad:1
ਪ੍ਰਹੇਜ	parhej:2	prahej:1
ਪ੍ਰਹੇਜ਼	parhej:1	parhez:1	prahez:1
ਪ੍ਰਾਂਤ	prant:3
ਪ੍ਰਾਂਤਕ	prantak:3
ਪ੍ਰਾਇਦੀਪ	praideep:2	praiideep:1
ਪ੍ਰਾਇਦੀਪੀ	praaidipi:1	praidipi:1	priideepee:1	priidipi:1
ਪ੍ਰਾਇਮ	prime:3
ਪ੍ਰਾਇਮਰੀ	primary:4	praimari:1	praimary:1
ਪ੍ਰਾਈਜ਼	prize:2	price:1
ਪ੍ਰਾਈਵੇਟ	private:3
ਪ੍ਰਾਕਸਿਸ	praksis:1	praxis:1	praxish:1
ਪ੍ਰਾਕਿਰਤਕ	prakirtak:3
ਪ੍ਰਾਕ੍ਰਿਤ	prakrit:3
ਪ੍ਰਾਕ੍ਰਿਤਕ	prakritak:3	prakritaq:1
ਪ੍ਰਾਕ੍ਰਿਤੀ	prakriti:3
ਪ੍ਰਾਚੀ	prachi:3
ਪ੍ਰਾਚੀਨ	prachin:3	pracheen:2
ਪ੍ਰਾਚੀਨਕਾਲ	prachinkal:2	pracheenkal:1	prachinkaal:1	prachinqal:1
ਪ੍ਰਾਚੀਨਤਮ	prachintam:2	pracheentam:1
ਪ੍ਰਾਚੀਨਤਾ	prachinta:3
ਪ੍ਰਾਜੈਕਟ	project:2	prajacket:1	prajaekt:1	prajaeqt:1
ਪ੍ਰਾਣ	praan:2	pran:2	prann:1
ਪ੍ਰਾਣਧਾਰੀ	prandhari:2	pranndhari:1
ਪ੍ਰਾਣਾਂ	pranan:2	prannan:1
ਪ੍ਰਾਣਾਯਾਮ	pranayam:2	prannayam:1
ਪ੍ਰਾਣੀ	prani:2	pranee:1	pranni:1
ਪ੍ਰਾਣੀਆਂ	praniaan:1	pranian:1	pranniaan:1
ਪ੍ਰਾਤ	prat:3	praat:1
ਪ੍ਰਾਤਾਂ	pratan:3	prantan:1
ਪ੍ਰਾਥਨਾ	prathana:4	prathna:1
ਪ੍ਰਾਥਨਾਵਾਂ	prathnawan:2	praathanaavaan:1	prathnavan:1
ਪ੍ਰਾਥਮਿਕ	prathmik:2	praathamik:1	prathmiq:1
ਪ੍ਰਾਥਮਿਕਤਾ	prathmikta:2	praathamiktaa:1	prathmiqta:1
ਪ੍ਰਾਧਿਆਪਕ	pradhiaapak:2	praadhiaapak:1	pradhiaapaq:1
ਪ੍ਰਾਧਿਕਰਣ	praadhikaran:1	pradhikaran:1	pradhikarann:1	pradhiqaran:1
ਪ੍ਰਾਪਤ	prapat:2	praapat:1
ਪ੍ਰਾਪਤਕਰਤਾ	prapatkarta:2	praapatakartaa:1
ਪ੍ਰਾਪਤੀ	praapatee:1	prapati:1	property:1
ਪ੍ਰਾਪਤੀਆਂ	praapateeaan:1	prapatiaan:1	propertian:1
ਪ੍ਰਾਪਰਟੀ	property:3	praapartee:1	proparti:1	proparty:1
ਪ੍ਰਾਯਦੀਪ	praayadeep:1	prayadeep:1	praydeep:1
ਪ੍ਰਾਯੋਜਿਤ	prayojit:2	praayojit:1
ਪ੍ਰਾਰਥਨਾ	praarathanaa:1	prarthana:1	prathana:1
ਪ੍ਰਾਰੂਪ	praroop:2	praaroop:1
ਪ੍ਰਾਰੰਭਿਕ	prarambhik:2	praarambhik:1
ਪ੍ਰਾਵਧਾਨਾਂ	pravadhana:1	prawadhanan:1	prawdhanaan:1
ਪ੍ਰਾਸ਼ਰ	prashar:3
ਪ੍ਰਾਸੈਸਿੰਗ	processing:3
ਪ੍ਰਾਸੰਗਿਕ	prasangik:3
ਪ੍ਰਾਹੁਣਾ	prahuna:2	prahunna:1
ਪ੍ਰਾਹੁਣਾਚਾਰੀ	prahunachaari:1	prahunachari:1	prahunnachari:1
ਪ੍ਰਾਹੁਣੇ	prahune:2	prahunne:1
ਪ੍ਰਿਅ	pria:2	priya:1
ਪ੍ਰਿਅੰਕਾ	priyanka:3
ਪ੍ਰਿਆ	priya:4	priyaa:1
ਪ੍ਰਿਉਕਤ	prauukt:1	priuka:1	priukat:1
ਪ੍ਰਿਟਿੰਗ	printing:3
ਪ੍ਰਿਟੋਰੀਆ	pritoria:2	priytoriya:1
ਪ੍ਰਿਤਪਾਲ	pritpal:2	preetpal:1
ਪ੍ਰਿਥਵੀ	prathwi:1	prithavi:1	prithvi:1
ਪ੍ਰਿਥਵੀਰਾਜ	parithviraj:1	prithaviraaj:1	prithaviraj:1
ਪ੍ਰਿਥੀ	prithi:3
ਪ੍ਰਿਥੀਪਾਲ	prithipal:3
ਪ੍ਰਿਯ	priya:3
ਪ੍ਰਿਯਾ	priya:4
ਪ੍ਰਿਯੰਕਾ	priyanka:4	priyaankaa:1	priyankaa:1	priyanqa:1
ਪ੍ਰਿਵੀ	privi:2	priivy:1	privee:1	privy:1
ਪ੍ਰਿੰਟ	print:4	printt:1
ਪ੍ਰਿੰਟਰ	printer:4	printar:1
ਪ੍ਰਿੰਟਸ	printes:1	printesh:1	prints:1	printse:1
ਪ੍ਰਿੰਟਿੰਗ	printing:3
ਪ੍ਰਿੰਸ	prince:2	prins:1
ਪ੍ਰਿੰਸਟਨ	princetan:2	princeton:1	princton:1	prinsatan:1
ਪ੍ਰਿੰਸੀਪਲ	principal:4	priinciipaal:1	priinciipal:1	principaal:1
ਪ੍ਰਿੰਸੇਸ	preenseess:1	prensess:1	prensheshsh:1	princeess:1
ਪ੍ਰੀ	pree:2	pri:1
ਪ੍ਰੀਆ	preeaa:1	pria:1	priya:1
ਪ੍ਰੀਕਿਰਿਆ	preekiriaa:1	prikiria:1	prikiriaa:1
ਪ੍ਰੀਕ੍ਰਿਆ	preekriaa:1	prikaria:1	prikriaa:1
ਪ੍ਰੀਖਣ	preekhan:1	prikhan:1	prikhann:1
ਪ੍ਰੀਖਣਾਂ	preekhanaan:1	prikhanan:1	prikhannaan:1
ਪ੍ਰੀਖਿਆ	preekhiaa:2	prikhiaa:2	preekhia:1	prikhia:1
ਪ੍ਰੀਖਿਆਵਾਂ	preekhiaavaan:1	preekhiavan:1	prikhiawan:1
ਪ੍ਰੀਟੀ	preetee:1	preeti:1	pretty:1
ਪ੍ਰੀਤ	preet:5
ਪ੍ਰੀਤਨਗਰ	preetanagar:1	preetangar:1	preetnagar:1
ਪ੍ਰੀਤਮ	preetam:2	pritam:1
ਪ੍ਰੀਤਲੜੀ	preetladi:2	pritalarhi:1
ਪ੍ਰੀਤਾਂ	preetan:2	pritaan:1
ਪ੍ਰੀਤੀ	preeti:2	priti:1
ਪ੍ਰੀਤੋ	prito:2	preeto:1
ਪ੍ਰੀਭਾਸ਼ਤ	pribhashat:3
ਪ੍ਰੀਭਾਸ਼ਾ	pribhasha:2	prishasha:1
ਪ੍ਰੀਮਿਅਰ	premier:2	primiere:1
ਪ੍ਰੀਮੀਅਮ	preemeeyum:1	preemium:1	premiam:1	premium:1
ਪ੍ਰੀਮੀਅਰ	premiar:1	premier:1	premiier:1
ਪ੍ਰੀਸ਼ਦ	prishad:2	preeshad:1
ਪ੍ਰੇਤ	pret:2	preat:1
ਪ੍ਰੇਤਾਂ	pretan:3
ਪ੍ਰੇਮ	prem:4	parem:1	preem:1
ਪ੍ਰੇਮਚੰਦ	premchand:3
ਪ੍ਰੇਮਿਕਾ	premika:3
ਪ੍ਰੇਮੀ	premi:3	premee:1
ਪ੍ਰੇਮੀਆਂ	premiaan:4	premiya:1	premiyan:1
ਪ੍ਰੇਰ	prer:2	prayer:1	prear:1
ਪ੍ਰੇਰਕਾਂ	prerakan:2	pararka:1
ਪ੍ਰੇਰਣਾ	prenna:1	prerana:1	prernna:1
ਪ੍ਰੇਰਣਾਦਾਇਕ	prennadayk:1	preranadaik:1	prerannadaik:1
ਪ੍ਰੇਰਣਾਵਾਂ	prairnavan:1	prernavan:1	prernnawan:1
ਪ੍ਰੇਰਤ	prera:1	prerat:1	preyrat:1
ਪ੍ਰੇਰਦੇ	prerade:2	prairde:1
ਪ੍ਰੇਰਨਾ	prerana:2	prerna:1
ਪ੍ਰੇਰਨਾਦਾਇਕ	preranadaik:2	prernadaik:1
ਪ੍ਰੇਰਿਤ	prerit:3
ਪ੍ਰੇਸ	prais:1	pres:1	press:1
ਪ੍ਰੇਸ਼ਾਨ	preshaan:2	preshan:1
ਪ੍ਰੇਸੀਡੇਂਟ	president:3	precident:1
ਪ੍ਰੈਜ਼ੀਡੈਂਟ	president:2	praizeedaint:1
ਪ੍ਰੈਸ	press:3	praes:1	praesh:1	prais:1
ਪ੍ਰੈੱਸ	press:2	praiss:1
ਪ੍ਰੋ	pro:4	pra:1	proo:1
ਪ੍ਰੋਖ	prokh:2	proth:1
ਪ੍ਰੋਗਰਾਮ	program:3	prograam:1	prograamme:1	programe:1
ਪ੍ਰੋਗਰਾਮਰ	programar:1	programer:1	programmar:1	programmer:1
ਪ੍ਰੋਗਰਾਮਿੰਗ	prograamin:1	prograaming:1	programin:1	programing:1
ਪ੍ਰੋਗ੍ਰਾਮ	program:4	programme:1
ਪ੍ਰੋਗ੍ਰਾਮਾਂ	programan:1	programman:1	programmean:1
ਪ੍ਰੋਜੈਕਟ	project:10	projacket:1	projaekt:1	projaeqt:1
ਪ੍ਰੋਜੈਕਟਰ	projectar:1	projecter:1	projector:1	projectur:1
ਪ੍ਰੋਟੀਨ	protein:8	protien:2	prooteen:1	proteen:1
ਪ੍ਰੋਟੋਕਾਲ	protocol:5
ਪ੍ਰੋਟੋਕੋਲ	protocol:1	protokol:1	protoqol:1
ਪ੍ਰੋਟੋਨ	pratan:1	prootoon:1	proton:1
ਪ੍ਰੋਡਿਊਸਰ	producer:7
ਪ੍ਰੋਢ	prodh:2	prof:1	pror:1
ਪ੍ਰੋਤਸਾਹਨ	protsahan:3
ਪ੍ਰੋਤਸਾਹਿਤ	protsahit:2	protsaahit:1
ਪ੍ਰੋਫੈਸਰ	professor:10	profaesar:1	profesar:1	prophessor:1
ਪ੍ਰੋਫੈਸ਼ਨਲ	profeshional:1	profeshnal:1	profeshshional:1	profesional:1
ਪ੍ਰੋਸੇਸਰ	proccesor:1	processor:1	prosesar:1
ਪ੍ਰੋਸੈਸਰ	processor:1	proocessoor:1	proosesar:1	proosessar:1
ਪ੍ਰੋਹਿਤ	prohit:3
ਪ੍ਰੋੜ੍ਹ	prod:1	prodah:1	prodh:1
ਪ੍ਰੌਢ	praudh:2	prodh:1
ਪ੍ਰੌਬਲਮ	problem:2	praubalam:1
ਪ੍ਰੰਤੂ	parantu:1	prantoo:1	prantu:1
ਪ੍ਰੰਪਰਾ	prampara:2	pranpara:1	pranparaa:1
ਪ੍ਰੰਪਰਾਗਤ	prampragat:1	pranparaagat:1	pranparagat:1
ਪ੍ਰੰਪਰਾਵਾਂ	pramparavan:1	pranparaavaan:1	pranpravan:1
ਪੜ	pad:6	padh:1	parh:1	pud:1
ਪੜਚੋਲ	padchol:4	padachol:1	padchoul:1	parhachol:1
ਪੜਣ	paran:1	parhan:1	parhann:1
ਪੜਣਾ	padna:1	parhnna:1	parna:1
ਪੜਤਾਲ	padataal:1	padatal:1	padtaal:1	padtal:1
ਪੜਤਾਲਾਂ	parataalaan:1	parhtalan:1	partalan:1
ਪੜਤਾਲਿਆ	parataaliaa:1	parhtaliaa:1	partaliaa:1
ਪੜਤਾਲੀਆ	parataaleeaa:1	parhtaliaa:1	partaliaa:1
ਪੜਤਾਲੇ	padtaale:1	parhtale:1	partale:1
ਪੜਦਾਦਾ	padadaada:1	paradaada:1	pardada:1	parhdada:1
ਪੜਦਿਆ	padadiaan:1	paradiaan:1	pardiaa:1	parhdiaa:1
ਪੜਦਿਆਂ	padadiaan:1	pardiaan:1	parhdiaan:1
ਪੜਦੇ	padade:1	parde:1	parhde:1
ਪੜਨ	padan:2	padhan:2	parhan:2	paran:1
ਪੜਨਾ	padhna:1	parhana:1	parna:1
ਪੜਪੋਤਾ	padhpota:1	padpota:1	padpote:1
ਪੜਪੋਤੇ	padpote:2	padhpote:1
ਪੜਵਾ	padava:1	padhva:1	padva:1
ਪੜਾ	pada:3	padha:1
ਪੜਾਅ	padaa:3	pada:1	padav:1	padaya:1
ਪੜਾਇਆ	padaiiaa:1	padayia:1	padhayiya:1
ਪੜਾਈ	padaai:4	padayi:4	padhayi:3	padaee:1
ਪੜਾਈਆਂ	padayiaan:1	padayian:1	padhayiyan:1
ਪੜਾਉਂਦੀ	padaundi:2	padhaundi:1
ਪੜਾਉਣ	padaun:2	padhaunh:1
ਪੜਾਉਣਾ	padauna:2	padhaunha:1
ਪੜਾਓ	padau:1	padauo:1	padhao:1
ਪੜਾਵਾਂ	padavan:2	padhavan:1
ਪੜਿਆ	padhiya:1	padiaa:1	padiyaa:1	pariaa:1
ਪੜੀ	padi:3	padhi:1	pari:1
ਪੜੇ	pade:2	padhe:1	pare:1
ਪੜੋ	padho:1	pado:1	paro:1
ਪੜ੍ਹ	padh:4	parh:2	pad:1
ਪੜ੍ਹਕੇ	padhke:3	parhake:2	padahake:1	padake:1
ਪੜ੍ਹਣ	padahan:1	padan:1	padhan:1	parhan:1
ਪੜ੍ਹਤ	parhat:2	padaht:1	padhat:1
ਪੜ੍ਹਦਾ	parhda:3	apdhda:1	padahda:1	padhada:1
ਪੜ੍ਹਦਿਆਂ	padahdian:1	padhdian:1	parhdiaan:1	parhdian:1
ਪੜ੍ਹਦੀ	parhdi:2	padahadi:1	padhdi:1	parhdee:1
ਪੜ੍ਹਦੀਆਂ	padahdian:1	padhdian:1	parhdiaan:1	parhdian:1
ਪੜ੍ਹਦੇ	padhde:2	parhde:2	padahde:1	padhade:1
ਪੜ੍ਹਨ	padhan:3	parhan:3	padahan:1	padan:1
ਪੜ੍ਹਨਗੀਆਂ	padahnagian:1	padangian:1	padhangian:1	parhangiaan:1
ਪੜ੍ਹਨਯੋਗ	parhanyog:2	padahanyog:1	padanyog:1	padhanyog:1
ਪੜ੍ਹਨਾ	parhna:3	padahana:1	padana:1	padhana:1
ਪੜ੍ਹਨੇ	padahne:1	padhane:1	parhne:1
ਪੜ੍ਹਾ	padha:3	parha:2	padah:1
ਪੜ੍ਹਾਂਦੇ	padhande:2	parhande:1
ਪੜ੍ਹਾਅ	padha:1	padhaa:1	parhaa:1
ਪੜ੍ਹਾਇਆ	padhaia:1	padhayiya:1	parhaiaa:1
ਪੜ੍ਹਾਈ	padhai:4	padhayi:4	padahaee:2	parhaee:2
ਪੜ੍ਹਾਉਂਦਾ	padhaunda:2	parhaunda:1
ਪੜ੍ਹਾਉਂਦੀ	padhaundi:2	paehaundi:1
ਪੜ੍ਹਾਉਂਦੇ	padhaunde:2	parhaunde:1
ਪੜ੍ਹਾਉਣ	padhaun:2	padahun:1	padhaoon:1	padhaunh:1
ਪੜ੍ਹਾਉਣਾ	padhauna:1	padhaunha:1	parhauna:1
ਪੜ੍ਹਾਏ	padhaye:2	parhaae:1
ਪੜ੍ਹਾਕੂ	padhaku:2	parhaku:1	parhaqu:1
ਪੜ੍ਹਾਕੂਆਂ	padhakuan:1	padhakuyan:1	parhakuaan:1	parhaquaan:1
ਪੜ੍ਹਿਆ	padhia:2	padhiya:2	padhiaa:1	parhiaa:1
ਪੜ੍ਹੀ	padhee:2	padhi:2	parhi:2
ਪੜ੍ਹੀਆਂ	padhian:1	padhiyan:1	parhiaan:1
ਪੜ੍ਹੀਏ	padhiye:2	parhiae:1
ਪੜ੍ਹੇ	parhe:2	padahe:1	padhe:1	padheh:1
ਪੜ੍ਹੋ	padaho:1	padhoh:1	parho:1
ਪੰਕਜ	pankaj:4	panqaj:2	pankaaj:1	punkaj:1
ਪੰਕਤੀ	pankatee:1	pankati:1	pankti:1	panqti:1
ਪੰਕਤੀਆਂ	pankateeaan:1	pankatiaan:1	panktiaan:1	panqtiaan:1
ਪੰਖ	pankh:3
ਪੰਖਾਂ	pankhaan:2	pankhan:1
ਪੰਖੜੀ	pankhadee:1	pankharhi:1	pankhri:1
ਪੰਖੜੀਆਂ	pankhadeeaan:1	pankharhiaan:1	pankhriaan:1
ਪੰਗਤ	pangat:3	pungat:1
ਪੰਗਤੀਆਂ	pangtiaan:2	pangtiyan:1
ਪੰਘੂੜਾ	panghoorha:1	panghura:1	pangudha:1
ਪੰਚ	panch:3	punch:1
ਪੰਚਕੁਲਾ	panchkula:3	panchqula:1
ਪੰਚਕੂਲਾ	panchkula:3	panchkuula:2	panchkoola:1	panchkoolaa:1
ਪੰਚਤੰਤਰ	panchtantar:3
ਪੰਚਮ	pancham:3
ਪੰਚਮੀ	panchmi:2	panchami:1	punchmi:1
ਪੰਚਾਂ	panchan:3
ਪੰਚਾਇਤ	panchait:2	panchayit:2	panchyat:2	panchaayat:1
ਪੰਚਾਇਤਾਂ	panchaitan:2	panchyatan:1
ਪੰਚਾਇਤੀ	panchaiti:4	panchayati:1	panchyati:1
ਪੰਚਾਲ	panchal:3
ਪੰਚਾਲੀ	panchali:3
ਪੰਛੀ	panchhee:1	panchhi:1	panchi:1
ਪੰਛੀਆਂ	panchheeaan:2	panchhiaan:2	panchiaan:2
ਪੰਜ	panj:7	punj:5
ਪੰਜਗਰਾਈਂ	panjgraeen:3	panjgraaeen:2	panjgaraain:1
ਪੰਜਗਰਾਈਆਂ	panjgraaeeaan:1	panjgraeeaan:1	panjgraiaan:1
ਪੰਜਵ	panjav:5	punjav:2
ਪੰਜਵਾ	panjvaa:2	panjva:1
ਪੰਜਵੀ	panjavi:3	punjavi:2	panjavee:1	panjvee:1
ਪੰਜਵੇ	panjve:2	panjave:1
ਪੰਜਵੜ	panjavad:1	panjvad:1	panjvarr:1
ਪੰਜਾ	panja:6	punja:2	panjaa:1
ਪੰਜਾਬ	punjab:10	panjaab:2	panjab:1	punjaab:1
ਪੰਜਾਬਣ	punjaban:3	panjaaban:1	panjaban:1
ਪੰਜਾਬਾਂ	panjaabaan:1	panjabaa:1	punjabaa:1
ਪੰਜਾਬੀ	punjabi:10	panjabi:4	panjaabee:1	panjaabi:1
ਪੰਜਾਬੀਆ	panjaabeeaa:1	punjabeea:1	punjabia:1
ਪੰਜਾਬੀਆਂ	panjaabeeaan:2	panjabia:2	punjabiyaan:1
ਪੰਜਾਬੀਓ	panjaabeeo:1	panjabio:1	punjabio:1
ਪੰਜਾਲੀ	panjaali:2	panjali:2	panjalee:1	punjali:1
ਪੰਜਿਆਂ	panjia:1	panjiaan:1	panjiyaan:1	punjiaan:1
ਪੰਜੀਕਰਨ	panjikaran:3
ਪੰਜੀਰੀ	panjiri:3	panjeeree:1
ਪੰਜੇ	panje:3
ਪੰਜੇਬ	panjeb:3
ਪੰਜੇਬਾਂ	panjeban:3
ਪੰਝੀ	panjhi:3	panjhee:1
ਪੰਡ	pand:4
ਪੰਡਤ	pandat:6	pandit:1	pundit:1
ਪੰਡਤਾਂ	pandtan:2	pandatan:1
ਪੰਡਿਆ	pandia:1	pandiaa:1	pandiyaa:1
ਪੰਡਿਤ	pandit:10	pandiit:1	panditt:1
ਪੰਤ	pant:4	panat:1	panth:1	pantt:1
ਪੰਥ	panth:5
ਪੰਥਕ	panthak:3	panthaq:1
ਪੰਥੀ	panthi:2	panthee:1
ਪੰਥੀਆਂ	pantheeaan:1	panthiaan:1	panthiyaan:1
ਪੰਦਰਵਾਂ	pandarvaan:1	pandarvan:1	pandravin:1	pandrawin:1
ਪੰਦਰਵੀਂ	pandarveen:1	pandravin:1	pandrawin:1
ਪੰਦਰਵੇਂ	pandarven:1	pandraven:1	pandrawen:1
ਪੰਦਰਾਂ	pandran:2	pandraan:1
ਪੰਧ	pandh:2	pundh:1
ਪੰਨਾ	panna:3
ਪੰਨੀ	panni:2	pannee:1
ਪੰਨੂ	pannu:4	panu:1	panuu:1
ਪੰਨੂੰ	pannoon:1	pannu:1	punnu:1
ਪੰਨੇ	panne:5
ਪੰਪਾਂ	pampaa:1	pampan:1	panpaan:1
ਪੰਪਿੰਗ	pamping:2	pumping:2
ਪੰਮ	pamm:2	pumm:1
ਪੰਮੀ	pammi:3
ਪੰਮੇ	pamme:3
ਪੰਵਾਰ	panvar:2	panvaar:1
ਪੱਕ	pakk:3	pukk:1
ਪੱਕਣ	pakkan:2	pukkan:1
ਪੱਕਦਾ	pakkada:2	pakkda:1	pukkda:1
ਪੱਕਦੇ	pakkade:2	pakkday:1	pakkde:1
ਪੱਕਾ	pakka:2	pukka:1
ਪੱਕਿਆ	pakia:1	pakkia:1	pakkiaa:1	pakkiya:1
ਪੱਕੀ	pakkee:2	pakki:2	paki:1
ਪੱਕੀਆਂ	pakiyan:1	pakkeeaan:1	pakkiaan:1	pakkian:1
ਪੱਕੇ	pakke:2	pakkay:1
ਪੱਖ	pakh:1	pakkh:1	pakkkh:1	pukh:1
ਪੱਖਪਾਤ	pakhpaat:1	pakhpat:1	pakkhpat:1	pakkkhpat:1
ਪੱਖਪਾਤੀ	pakhpaati:1	pakhpati:1	pakkhpati:1	pakkkhpati:1
ਪੱਖਾ	pakha:1	pakkha:1	pakkkha:1	pukha:1
ਪੱਖਾਂ	pakhaan:1	pakkhaan:1	pakkhan:1
ਪੱਖੀ	pakkhi:2	pakhee:1	pakhi:1	pakkhee:1
ਪੱਖੀਆਂ	pakhian:1	pakkheeaan:1	pakkhiyaan:1
ਪੱਖੇ	pakkhe:2	pakhe:1
ਪੱਖੋ	pakho:2	pakkho:2
ਪੱਖੋਵਾਲ	pakhoval:1	pakkhoval:1	pakkhowal:1
ਪੱਗ	pagg:2	pag:1
ਪੱਗਾਂ	paggan:3
ਪੱਗੜ੍ਹੀ	pagdih:1	paggadhi:1	paggrhi:1
ਪੱਚੀ	pachchee:1	pachchi:1	pachi:1
ਪੱਛਮ	pachchham:1	passham:1	yacham:1
ਪੱਛਮੀ	pachchhmee:1	pachchhmi:1	passhami:1	yachmi:1
ਪੱਛਮੀਂ	pachchhmeen:1	passhmin:1	yachmin:1
ਪੱਛਮੀਕਰਨ	pachchhmeekaran:1	passhmikarn:1	passhmiqaran:1	yachmikaran:1
ਪੱਛਾਣ	pachchhaan:1	pachhan:1	yachan:1
ਪੱਛੜੀਆਂ	pachchhdeeaan:1	pachhadiaan:1	yachdiyaan:1
ਪੱਛੜੇ	pachchhde:1	pachhade:1	yachade:1
ਪੱਜ	paej:1	paj:1	pajj:1
ਪੱਟ	patt:3	pat:1	ppat:1	putt:1
ਪੱਟਦਾ	pattda:2	pattada:1	puttda:1
ਪੱਟਾਂ	pattan:2	patta:1	pattaan:1
ਪੱਟੀ	patti:4	pattee:2	patee:1	pati:1
ਪੱਟੀਆਂ	pattian:2	pattiaan:1	pattiyan:1
ਪੱਟੇ	patte:3	pattay:1
ਪੱਠਾ	pattha:3	putha:1
ਪੱਠਿਆਂ	pathia:1	pathiaan:1	pathiya:1	patthian:1
ਪੱਠੇ	patthe:2	pathay:1	pathe:1
ਪੱਤ	patt:3	putt:1
ਪੱਤਝੜ	pattjhad:2	pattjharh:1
ਪੱਤਣ	pattan:3
ਪੱਤਣਾ	pattna:3	pattnna:1
ਪੱਤਰ	pattar:3
ਪੱਤਰਕਾਰ	pattarkar:3	pattarkaar:1	pattarqar:1
ਪੱਤਰਕਾਰਤਾ	pattarkarta:2	pattarkaarta:1	pattarqarta:1
ਪੱਤਰਕਾਰਾਂ	pattarkaran:2	pattarkaaraan:1	pattarqaran:1
ਪੱਤਰਕਾਰੀ	pattarkari:2	pattarkaari:1	pattarqari:1
ਪੱਤਰਕਾਵਾਂ	pattarkaavaan:1	pattarkavan:1	pattarkawan:1	pattarqawan:1
ਪੱਤਰਾ	pattra:3
ਪੱਤਰਾਂ	pattraan:1	pattran:1	pattrin:1
ਪੱਤਰਿਕਾ	pattrika:2	pattriqa:1
ਪੱਤਰੇ	pattre:2	pattare:1
ਪੱਤਲ	pattal:2	pattar:1
ਪੱਤਾ	patta:2	pata:1
ਪੱਤਿਆਂ	pateyan:1	pattiaan:1	pattiyaan:1
ਪੱਤੀ	patti:3
ਪੱਤੀਆਂ	pattiaan:1	pattian:1	pattiayan:1	pattiyaan:1
ਪੱਤੇ	patte:2	putte:1
ਪੱਤੇਦਾਰ	pattedar:2	pattedaar:1
ਪੱਤ੍ਰਿਕਾ	patrika:1	pattrika:1	pratika:1
ਪੱਥ	patth:2	path:1
ਪੱਥਰ	patthar:2	pathar:1
ਪੱਥਰਾਂ	pathran:1	pattharaan:1	patthran:1
ਪੱਥਰੀ	pathari:1	patthari:1	patthree:1
ਪੱਥਰੀਲੀ	pathrili:1	patthreelee:1	patthrili:1
ਪੱਦ	padd:2	pad:1
ਪੱਧਤੀ	paddhati:1	padhdhtee:1	padhti:1
ਪੱਧਤੀਆਂ	paddhteea:1	padhdhateeaan:1	padhtiyan:1
ਪੱਧਰ	padhar:2	padhdhar:1
ਪੱਧਰਾ	paddhraa:1	padhdhraa:1	padhra:1
ਪੱਧਰਾਂ	paddhara:1	padhdhraan:1	yadhran:1
ਪੱਧਰੀ	padhari:1	padhdhree:1	padhri:1
ਪੱਧਰੇ	padhdhre:1	padhhare:1	yadhre:1
ਪੱਬ	pab:2	pabb:1
ਪੱਬਾਂ	paban:2	pabbaan:1
ਪੱਬੀ	pabi:2	pabbee:1
ਪੱਲਵ	palav:2	pallav:1
ਪੱਲਵੀ	palvi:2	pallavi:1
ਪੱਲਾ	pala:1	palaa:1	palla:1
ਪੱਲਿਆਂ	paliyan:1	palleyan:1	pallian:1	palliyan:1
ਪੱਲੀਕਲ	paleekal:1	palikal:1	pallikal:1
ਪੱਲੇ	palle:2	play:1	plle:1
ਪੱਵਾਰਾਂ	pavaran:2	pavvaran:1	pwwaran:1
ਫਕਰ	fakar:4	fucker:1
ਫਕੀਰ	fakeer:2	fakir:2
ਫਕੀਰਾਂ	fakeeran:1	fakiran:1	farkiran:1	fkeeran:1
ਫਖਰ	fakhar:3
ਫਗਵਾੜਾ	fagvaada:2	phagwara:2	fagwada:1	fagwarda:1
ਫਜਲ	fajal:2	fajaal:1
ਫਜ਼ਲ	fazal:2	fajal:1
ਫਜ਼ਲਦੀਨ	fajaldeen:1	fazaldeen:1	fazldin:1	fzldin:1
ਫਟ	fat:3
ਫਟਕੜੀ	fatkadi:2	fatkdi:1
ਫਟਣ	fatan:2	fatnn:1
ਫਟਣਾ	fatna:2	fatana:1
ਫਟਦਾ	fatda:3	fatada:1
ਫਟੇ	fate:3	fte:1
ਫਤ	fat:2	fut:1
ਫਤਵਾ	fatva:2	fatwa:2	phatva:2	fatava:1
ਫਤਵੇ	fatve:2	fatave:1	fatwe:1
ਫਤਹਿ	fatahi:2	fateh:1
ਫਤਹਿਗੜ੍ਹ	fatehgarh:2	fatahegadh:1
ਫਤਹਿਪੁਰ	fatehpur:3
ਫਤਿਆਬਾਦ	fateabad:2	fateaabad:1	fatiaabad:1
ਫਤਿਹ	fateh:3	fatih:1	feteh:1	phateh:1
ਫਤਿਹਗੜ	fatehgarh:4	fatehgad:1	fatehgar:1
ਫਤਿਹਗੜ੍ਹ	fatehgarh:6
ਫਤੇ	fate:2	fatay:1
ਫਤੇਹ	fateh:3
ਫਤੇਹਪੁਰ	fatehpur:2	fatepura:1
ਫਰ	far:1	fir:1	fur:1	phir:1
ਫਰਕ	farak:4	fark:1
ਫਰਕਾਂ	farkan:2	farakan:1
ਫਰਕੇ	farake:2	farke:2	pharke:1
ਫਰਜ	faraj:2	farj:1	fraj:1
ਫਰਜ਼	faraz:2	farz:1
ਫਰਜ਼ਾਂ	farzan:3
ਫਰਜ਼ਾਨਾ	farzana:3
ਫਰਜ਼ੀ	farzi:2	farazi:1
ਫਰਜਾਂ	farjan:3
ਫਰਜੀ	farji:2	faraji:1	frji:1
ਫਰਦ	farad:1	fard:1	pharath:1
ਫਰਨਾਂਡੋ	farnando:4	fanando:1	fernando:1
ਫਰਨੀਚਰ	furniture:2	fanichar:1
ਫਰਮ	faram:1	farm:1	ferm:1	firm:1
ਫਰਮਾਂ	farman:2	faraman:1
ਫਰਮਾਇਸ਼	farmaaish:4	farmaiish:1	pharmaaish:1
ਫਰਮਾਉਂਦੇ	farmaaunde:1	farmaounde:1	pharmaaunde:1
ਫਰਮਾਨ	farmaan:3	farman:1	pharmaan:1
ਫਰਵਰੀ	february:3	farvari:2	feburary:1
ਫਰਵਾਹੀ	farvaahi:1	farvahee:1	farvahi:1	farwahi:1
ਫਰਸ਼	farash:3
ਫਰਸ਼ਾਂ	farshan:3
ਫਰਹਾਨ	farhaan:3	farhan:1
ਫਰਾ	fara:3	fra:1
ਫਰਾਂਜ਼	faraanz:1	faranz:1	france:1	franz:1
ਫਰਾਂਸ	france:5
ਫਰਾਂਸਿਸ	faransis:1	francis:1	fransis:1
ਫਰਾਂਸਿਸੀ	faransisi:4	francisi:2	francici:1
ਫਰਾਂਸੀ	faransi:2	france:1	franci:1
ਫਰਾਂਸੀਸੀ	faransisi:2	francis:1	francisi:1	francsis:1
ਫਰਾਂਸੀਸੀਆਂ	fransisiaan:3	francician:1	francisiaan:1	fransisian:1
ਫਰਾਈ	farai:1	fraai:1	frae:1	frai:1
ਫਰਾਟਾ	farata:2	furata:1
ਫਰਾਤ	farat:3	faraat:2	fraut:1	pharat:1
ਫਰਾਰ	faraar:2	farar:2	pharaar:1
ਫਰਾਸ	faras:2	france:1
ਫਰਿਆਦੀ	ariaadi:1	fariaadi:1	fariyaadi:1
ਫਰਿਜ਼	fariz:3
ਫਰਿਸ਼ਤਾ	farishata:1	farishta:1	farista:1
ਫਰਿੱਜਾਂ	farijan:2	frijjan:1
ਫਰੀਜ਼ਰ	freezer:3	farizar:1	farizr:1	freejer:1
ਫਰੀਡਮ	freedom:2	faridam:1
ਫਰੀਦ	fareed:3	farid:2	fareid:1	fariid:1
ਫਰੀਦਕੋਟ	faridkot:3	fareedkot:1
ਫਰੀਦਾ	farida:3
ਫਰੀਦਾਬਾਦ	faridabad:4	fareedaabaad:1	fareedabad:1	fariidaabaad:1
ਫਰੀਦੀ	faridi:3
ਫਰੀਦੁਦੀਨ	fariduddin:1	faridudeen:1	faridudin:1
ਫਰੂਟ	fruit:3
ਫਰੇਜ਼ਰ	frezar:2	frazer:1	freezer:1
ਫਰੇਬ	fareb:3	phareb:1
ਫਰੇਮ	frame:3
ਫਰੈਂਕਫਰਟ	frankfurt:5	frankfert:1	frankfort:1
ਫਰੈਡਰਿਕ	fredrick:8	frederick:2	fredarick:1	fredarike:1
ਫਰੈੱਡ	fred:2	fraidd:1	fraud:1	phred:1
ਫਰੋਖਤ	farokhat:3
ਫਰੋਲ	farol:2	frol:1	froll:1
ਫਰੋਲੀਆਂ	faroliaan:2	frolian:1
ਫਰੰਗੀ	farangi:3
ਫਰੰਟ	front:3
ਫਰੰਟੀਅਰ	farantiar:1	frantiar:1	frantier:1	frontiar:1
ਫਲ	fal:7	phal:1
ਫਲਕ	falak:3	phalak:1
ਫਲਦਾਰ	faldar:3	faldaar:2
ਫਲਸਤੀਨ	falasteen:1	falastin:1	philistine:1
ਫਲਸਤੀਨੀ	falastini:2	falasteeni:1	philistini:1
ਫਲਸਫ਼ੇ	falsafe:4	phalsafe:1
ਫਲਸਫੇ	falsafe:3	phalsafe:1	phalsaphe:1
ਫਲਸਰੂਪ	falsaroop:2	falsarup:1
ਫਲ਼	fal:2	fall:1	phal:1	phall:1
ਫਲਾਂ	falan:4	fallan:1
ਫਲਾਇੰਗ	flying:3
ਫਲਾਈ	fly:6	falai:1
ਫਲਾਣੀ	falani:2	falaani:1	falanee:1
ਫਲਾਪ	flap:1	flop:1	phlop:1
ਫਲਾਪੀ	floppy:3	falapi:1	flappy:1	floppee:1
ਫਲਿਪਕਾਰਟ	flipkart:5
ਫਲਿੱਪਕਾਰਟ	flipkart:3	flipqart:1	phlipkart:1
ਫਲੀ	fali:2	falee:1	falli:1	faly:1
ਫਲੀਆਂ	faliaan:2	falian:1	phalian:1
ਫਲੀਟ	fleet:1	fliit:1	phleet:1
ਫਲੂ	flu:2	falu:1	floo:1
ਫਲੇ	fale:2	flay:1	fle:1	fule:1
ਫਲੇਵਰ	flavour:2	flavor:1
ਫਲੈਗ	falag:1	flag:1	phalag:1	phlag:1
ਫਲੈਟ	flat:4	flaet:1	fle:1	phalait:1
ਫਲੈਸ਼	flash:2	flaesh:1	flaish:1	flesh:1
ਫਲੋ	falo:2	flow:1
ਫਲੋਟ	float:1	floet:1	flooat:1	phalota:1
ਫਲੋਟਿੰਗ	floating:1	floeting:1	floting:1	phloating:1
ਫਲੋਰ	floor:2	flour:2
ਫਲੋਰੀਡਾ	florida:10	floorida:1	floreeda:1	floreedaa:1
ਫਲੋਰੇਂਸ	floorance:1	florance:1	florence:1
ਫਲੋਰੈਂਸ	floorance:1	florance:1	florence:1
ਫਵਾਦ	favad:1	fawad:1	phawaad:1
ਫਸ	fas:4	fashsh:1	fass:1	fus:1
ਫਸਟ	fasat:2	fast:1	first:1
ਫਸਣ	fasan:3	fasann:1	fasnn:1
ਫਸਲ	fasal:4	fasl:1
ਫਸਲਾਂ	faslan:3	fasalaan:1	fslaan:1
ਫਸਲੀ	fasli:2	fasali:1
ਫਸਾ	fasa:3
ਫਸਾਉਣ	fasaun:3	fasunn:1
ਫਸਾਦ	fasad:2	fasaad:1
ਫਸਾਦਾਂ	fasadan:3
ਫਸਾਦੀਆਂ	fasadiaan:1	fasadiyaan:1	fasadiyan:1
ਫਸਿਆ	fasiaa:3	fasya:1
ਫਸੀ	fasi:3	fsi:1
ਫਸੇ	fase:4
ਫ਼ਕੀਰ	fakeer:2	fakir:1
ਫ਼ਕੀਰਾਂ	fakeeran:2	fakitan:1
ਫ਼ਕੀਰਾਨਾ	fakeerana:2	fakirana:1
ਫ਼ਕੀਰੀ	fakiri:2	fakeeri:1
ਫ਼ਖ਼ਰ	fakhar:2	fkhar:1
ਫ਼ਜ਼ਰ	fazar:2	fajar:1
ਫ਼ਜ਼ਲ	fajal:1	fazal:1	ffzal:1
ਫ਼ਤਵਾ	fatava:1	fatha:1	fatva:1	fatwa:1
ਫ਼ਤਵੇ	fatve:2	fatave:1	fatwe:1
ਫ਼ਤਹ	fatah:2	fateh:1
ਫ਼ਤਹਿ	fatahi:2	fateh:1
ਫ਼ਤਹਿਗੜ੍ਹ	fatehgarh:3
ਫ਼ਤਿਹ	fateh:2	fatih:1
ਫ਼ਤਿਹਪੁਰ	fatehpur:3
ਫ਼ਤੇਹ	fateh:3
ਫ਼ਨ	fun:3
ਫ਼ਨਕਾਰਾਂ	fankaran:2	funkaran:1
ਫ਼ਨਾਹ	fanah:2	fannah:1
ਫ਼ਰਕ	farak:3	fark:1
ਫ਼ਰਜ਼	faraz:2	farz:1
ਫ਼ਰਜ਼ੀ	farzi:2	farazi:1
ਫ਼ਰਦ	farad:3	fard:1
ਫ਼ਰਮਾ	farma:2	farmaa:1
ਫ਼ਰਮਾਇਸ਼	farmaaish:2	furmaiish:1
ਫ਼ਰਮਾਨ	farmaan:2	farman:1
ਫ਼ਰਸ਼	farash:2	farsh:1
ਫ਼ਰਸ਼ਾਂ	farshan:3
ਫ਼ਰਹਾ	farha:4	faraha:1
ਫ਼ਰਹਾਦ	farhaad:2	farhad:2	pharhad:1
ਫ਼ਰਾਂਸੀਸੀ	francisi:2	francici:1	fransisi:1
ਫ਼ਰਾਂਸੀਸੀਆਂ	francisiaan:1	francisian:1	fransisian:1
ਫ਼ਰਾਹ	farah:1	fearah:1	feerah:1	fiirah:1
ਫ਼ਰਿਸ਼ਤਾ	farishta:2	farishata:1
ਫ਼ਰੀਦ	fareed:2	farid:1
ਫ਼ਰੀਦਕੋਟ	faridkot:3
ਫ਼ਰੀਦਾ	farida:3
ਫ਼ਰੰਟ	frant:1	fronnt:1	front:1	phrant:1
ਫ਼ਲ	fal:2	fall:1
ਫ਼ਲਸਤੀਨ	falastin:2	falasteen:1	phalasteen:1	philistine:1
ਫ਼ਲਸਤੀਨੀ	falastini:2	philistini:1
ਫ਼ਲਸਫ਼ਾ	falsafa:3
ਫ਼ਲਸਫ਼ੇ	falsafe:2	phalsafe:1
ਫ਼ਲਸਫੇ	falsafe:3	phalsafe:1
ਫ਼ਲਸਰੂਪ	falsaroop:2	falsarup:1
ਫ਼ਲਾਈਟ	flight:3	flite:1
ਫ਼ਲੈਟ	flat:3
ਫ਼ਸਲੀ	fasali:1	fasli:1	ffasli:1
ਫ਼ਸਾ	fasa:2	fasaa:1	fssa:1
ਫ਼ਸਾਦ	fasad:2	fasaad:1
ਫ਼ਸੀਲ	fasil:2	ffseel:1
ਫ਼ਾਂਸੀ	fansi:2	faansi:1	phansi:1
ਫ਼ਾਇਦਾ	faida:2	faaida:1	fayda:1
ਫ਼ਾਇਦਿਆਂ	faaidiyaan:1	faidiaan:1	faidian:1	faidiyan:1
ਫ਼ਾਇਦੇ	faide:2	fayde:1
ਫ਼ਾਕਾ	faka:2	faaka:1	fakka:1	phaka:1
ਫ਼ਾਜ਼ਿਲ	fazil:2	faazil:1
ਫ਼ਾਜ਼ਿਲਕਾ	fazilka:2	faazilka:1
ਫ਼ਾਤਮਾ	faatama:1	faatma:1	fatma:1
ਫ਼ਾਤਿਮਾ	fatima:3
ਫ਼ਾਤਿਹ	faatih:3
ਫ਼ਾਰ	faar:1	far:1	farr:1	phaar:1
ਫ਼ਾਰਮ	farm:3
ਫ਼ਾਰਮੂਲਾ	formula:3	farmoola:1
ਫ਼ਾਰਮੂਲੇ	faarmoolay:1	faarmoole:1	formulae:1	formule:1
ਫ਼ਾਰਸ	faaras:2	faarus:1	faras:1
ਫ਼ਾਰਸੀ	faarsi:2	faarasee:1
ਫ਼ਾਰੂਕ	farook:2	faruk:2
ਫ਼ਾਸਲੇ	faasle:2	faaslay:1	fasale:1	fasle:1
ਫ਼ਿਕਰ	fikar:4
ਫ਼ਿਕਰਮੰਦ	fikarmand:4	fikramand:1	phikarmand:1
ਫ਼ਿਕਰਾ	fikara:5
ਫ਼ਿਕਰੇ	fikare:3
ਫ਼ਿਕਾ	fika:3
ਫ਼ਿਤਰਤ	ditrat:1	fitarat:1	fitrat:1
ਫ਼ਿਦਾ	fida:3
ਫ਼ਿਨਲੈਂਡ	finland:6
ਫ਼ਿਰ	fir:5
ਫ਼ਿਰਕੇ	firake:3	firke:2
ਫ਼ਿਰਾਕ	firaak:2	firaaq:1	firak:1
ਫ਼ਿਰੋਜ਼	firoz:3	feroz:1
ਫ਼ਿਰੋਜ਼ਦੀਨ	ferozdeen:1	firozdeen:1	firozdin:1
ਫ਼ਿਰੋਜ਼ਪੁਰ	firozpur:2	ferozpur:1
ਫ਼ਿਰੋਜ਼ਸ਼ਾਹ	firozshah:2	ferozshah:1
ਫ਼ਿਲਮ	film:4	philam:1
ਫ਼ਿਲਮਕਾਰ	filmkar:2	filmaker:1	filmkaar:1	filmmakar:1
ਫ਼ਿਲਮਕਾਰੀ	filmkari:3	filmkaari:1	filmkaree:1
ਫ਼ਿਲਮਸਾਜ਼	filmsaaz:2	filmsaaj:1
ਫ਼ਿਲਮਸਾਜ਼ੀ	filmsazi:2	filmsamazi:1	filmsazee:1
ਫ਼ਿਲਮਾਂ	filman:3	filma:2	filmaan:2
ਫ਼ਿਲਮਾਇਆ	filmaia:2	filmaiya:2	filmaaiaa:1
ਫ਼ਿਲਮਾਉਣ	filmaaun:1	filmaoon:1	filmaun:1
ਫ਼ਿਲਮੀ	filmy:2	filmi:1
ਫ਼ਿਲਹਾਲ	filhaal:3	filhal:2
ਫ਼ਿਲਾਸਫ਼ੀ	filasafi:1	philasafi:1	philosophy:1
ਫ਼ਿਲਿਪ	philip:2	flip:1	phillip:1
ਫ਼ਿੱਕੇ	fikke:2	fike:1
ਫ਼ੀਲਡ	field:1	fild:1	phield:1	phild:1
ਫ਼ੀਸ	fees:3
ਫ਼ੀਸਦ	fisad:2	feesad:1	fisud:1
ਫ਼ੀਸਦੀ	feesdi:2	fisdi:2	feesadi:1
ਫ਼ੁੱਲ	fooll:1	ful:1	full:1
ਫ਼ੂਕ	fook:3	fuk:1
ਫ਼ੂਡ	food:4	fud:1	fut:1	fuud:1
ਫ਼ੇਮ	fame:2	fem:2
ਫ਼ੇਰ	fer:3
ਫ਼ੇਰੀ	feri:2	fferi:1
ਫ਼ੇਰੂਮਾਨ	feruman:2	feroomaan:1	ferumaan:1	fferuman:1
ਫ਼ੇਸਬੁੱਕ	facebook:3
ਫ਼ੈਕਟਰ	factor:3	fektar:1
ਫ਼ੈਜ਼	faiz:2	faij:1
ਫ਼ੈਲ	fail:2	ffail:1
ਫ਼ੈਸਲਾ	faisla:3
ਫ਼ੈਸਲਾਬਾਦ	faislabaad:2	faisalabad:1
ਫ਼ੈਸਲਿਆਂ	faisliyan:6	faislian:2
ਫ਼ੈਸਲੇ	faisle:5	faislay:1	faislee:1	ffesle:1
ਫ਼ੋਜ	foj:2	fauj:1	fouj:1
ਫ਼ੋਜੀ	fouji:2	fauji:1	foji:1
ਫ਼ੋਟੋਗ੍ਰਾਫ਼ੀ	fotogarafi:1	fotografee:1	photographic:1	photography:1
ਫ਼ੋਨ	phone:3	fon:2	ffon:1	fone:1
ਫ਼ੋਨਸੇਕਾ	fiinseeka:1	fiinseka:1	fiinseqa:1	fiinsheka:1
ਫ਼ੋਰਡ	ford:2	phorad:1
ਫ਼ੌਜ	fauj:4	phauj:2
ਫ਼ੌਜਦਾਰ	faujdar:2	phaujdaar:1
ਫ਼ੌਜਸ਼ਾਹੀ	faujshahi:1	faushahi:1	phaujshaahi:1
ਫ਼ੌਜ਼	fauz:2	phauz:1
ਫ਼ੌਜਾਂ	faujan:3
ਫ਼ੌਜੀ	fauji:2	faujee:1
ਫ਼ੌਜੀਆਂ	faujeean:2	faujian:2	faujeeaaan:1	faujeeaan:1
ਫ਼ੌਲਾਦ	faulad:2	faulaad:1
ਫ਼੍ਰਾਂਸ	ffrance:1	ffrans:1	france:1	phraans:1
ਫ਼੍ਰਾਂਸੀਸੀ	ffransisi:1	francici:1	phraanseesi:1
ਫ਼੍ਰੈਂਕਲਿਨ	franklin:3	faranklin:1	fraenklin:1	fraenqlin:1
ਫਾਂਊਡੇਸ਼ਨ	foundation:3
ਫਾਂਸੀ	fansi:5	faansi:2	fansee:1
ਫਾਂਸੀਆਂ	fansiaan:2	fansian:1	fansiyan:1
ਫਾਇਦਾ	faaida:2	faida:2	fayda:2	phaaida:1
ਫਾਇਦਿਆਂ	faaidiayaan:1	faidian:1	faidiyan:1	faydian:1
ਫਾਇਦੇ	faaide:2	faide:1	fayde:1	phaide:1
ਫਾਇਦੇਮੰਦ	faedemand:1	faidemand:1	faydemand:1	phaidemand:1
ਫਾਇਰਫਾਕਸ	faiarfoks:1	faierfoks:1	firefaks:1	firefoks:1
ਫਾਇਰਵਾਲ	firewall:4	faaierwaal:1	faiarwaal:1	faiervaal:1
ਫਾਇਰਿੰਗ	firing:2	fireing:1
ਫਾਈ	fai:3	phai:2	fayi:1	phaaii:1
ਫਾਈਂਡ	find:3
ਫਾਈਨਲ	final:7	fainal:1	fenal:1	phainal:1
ਫਾਈਬਰ	fiber:5	fibre:2	faaibaar:1	faaiber:1
ਫਾਈਲ	file:10
ਫਾਈਲਾਂ	filaan:2	faailan:1	filan:1	phaaeelaan:1
ਫਾਉਂਡੇਸ਼ਨ	foundation:3
ਫਾਊਂਟੇਨ	fountain:2	flountain:1
ਫਾਊਂਡੇਸ਼ਨ	foundation:3
ਫਾਕਨਰ	faulkner:2	faakner:1	phaulkner:1
ਫਾਖਤਾ	faakhta:1	fakhata:1	fakhta:1	phakhta:1
ਫਾਜ਼ਿਲ	fazil:2	faazil:1
ਫਾਜ਼ਿਲਕਾ	fazilka:3
ਫਾਜਿਲਕਾ	fazilka:2	fajilka:1
ਫਾਟਕ	fatak:2	faatak:1	phatak:1
ਫਾਤਿਮਾ	fatima:4	phatima:2	faatima:1	faatimaa:1
ਫਾਰ	faar:3	far:3	for:1	phar:1
ਫਾਰਮ	farm:5	faram:3	pharam:2	faaraam:1
ਫਾਰਮਾਂ	pharma:2	farmaan:1	farman:1
ਫਾਰਮਾਸਿਸਟ	pharmacist:2	pharmasist:1
ਫਾਰਮਾਸਿਸਟਾਂ	phaaramaasisataan:1	pharmacistaan:1	pharmasistan:1
ਫਾਰਮਿੰਗ	farming:3
ਫਾਰਮੂਲਾ	formula:4	faarmulaa:1	farmoola:1	farmula:1
ਫਾਰਮੂਲਿਆਂ	faarmulian:1	faarmuliyan:1	farmoolian:1	farmooliyan:1
ਫਾਰਮੂਲੇ	formulae:2	faarmulay:1	faarmule:1	farmoolay:1
ਫਾਰਮੇਸੀ	pharmacy:3	farmacy:1
ਫਾਰਮੈਟ	format:3	farmaet:1	farmait:1	farmat:1
ਫਾਰਸੀ	faarsi:2	faarsee:1	phaarasee:1
ਫਾਰੂਕ	farook:2	faruk:2
ਫਾਰੂਕੀ	farooki:2	faruki:2
ਫਾਲਕੇ	falke:2	falake:1	phalke:1
ਫਾਲਤੂ	faltu:2	falatu:1
ਫਾਲੋ	falo:2	follow:1	phalo:1
ਫਾਸਟ	fast:4	fasat:1	fasht:1	phast:1
ਫਾਸਫੋਰਸ	phosphorus:2	fasforas:1
ਫਾਸਲਾ	fasla:2	faasla:1	phasla:1
ਫਾਸਲੇ	faasle:2	fasle:2	faaslay:1	phasle:1
ਫਾਸ਼ੀ	fashi:2	faashi:1	fashee:1	phashi:1
ਫਾਸ਼ੀਵਾਦ	fashiwad:3	faashivad:1	faashiwad:1	fashivad:1
ਫਾਸ਼ੀਵਾਦੀ	faashivadi:1	faashiwaadi:1	fashivadi:1	fashiwadi:1
ਫਾਸਿਲ	fasil:3	fossil:1	phasil:1
ਫਾਸਿਸਟਾਂ	fasistan:2	fasistaan:1	phasistan:1
ਫਾਹੀ	fahi:2	faahi:1	fahee:1	phahi:1
ਫਾਹੇ	fahe:3	phahe:2	faahe:1	fahay:1
ਫਾੜ	faad:1	faar:1	fad:1	fadh:1
ਫਾੜੀਆਂ	fadian:2	fadiyan:1	farhiaan:1	farian:1
ਫਿਊਚਰ	future:3
ਫਿਕਰ	fikar:3
ਫਿਕਸਰ	fikser:1	fixar:1	fixer:1	phixer:1
ਫਿਕਸਿੰਗ	fixing:3	fikming:1	fiksin:1	fiksing:1
ਫਿਜ਼ੀਕਲ	physical:3
ਫਿਜੀ	fiji:4	fijee:2	fiijee:1	fiijii:1
ਫਿਜੀਕਲ	physical:3
ਫਿਟ	feat:1	feet:1	fet:1	fiit:1
ਫਿਟਿੰਗ	fiting:3	fitting:2	feetin:1	feeting:1
ਫਿਟੇ	fite:3
ਫਿਣਸੀਆਂ	finsiaan:2	finseeaan:1	finsiyal:1
ਫਿਤਰਤ	fitarat:2	fitrat:1
ਫਿਦੇਲ	fidel:3
ਫਿਨਲੈਂਡ	finland:3
ਫਿਰ	fir:4
ਫਿਰਕਾ	firka:2	firaka:1
ਫਿਰਕਿਆਂ	firkiaan:2	firkiyan:1
ਫਿਰਕੂ	firaku:2	firkoo:1	firku:1
ਫਿਰਕੂਪੁਣੇ	firakupune:2	firkoopune:1
ਫਿਰਕੇ	firake:3	firke:1
ਫਿਰਤੂ	firatu:1	firtoo:1	firtu:1
ਫਿਰਦਾ	firda:3	firdaa:2	firada:1
ਫਿਰਦੀ	firdi:2	firadi:1	firdee:1
ਫਿਰਦੇ	firde:2	firade:1
ਫਿਰਦੌਸ	firdos:3	firdaus:1
ਫਿਰਦੌਸੀ	firdosi:3	firdausi:1	firdosee:1
ਫਿਰਨ	firan:3
ਫਿਰਨਾ	firana:1	firna:1	firnaa:1
ਫਿਰਾਂ	firan:2	firaan:1
ਫਿਰਾਕ	firak:2	firaak:1	firaaq:1
ਫਿਰੇ	fire:3	firay:1
ਫਿਰੋਜਪੁਰ	firojpur:2	firozpur:1
ਫਿਰੋਜ਼	firoz:3
ਫਿਰੋਜ਼ਪੁਰ	firozpur:3	ferozpur:1
ਫਿਰੋਜ਼ਸ਼ਾਹ	firozshah:2	ferozshah:1
ਫਿਲ	fil:1	fill:1	phil:1	phill:1
ਫਿਲਟਰ	filter:7	filtar:1	philtar:1	philter:1
ਫਿਲਮ	film:7	philm:1
ਫਿਲਮਕਾਰ	filmkar:2	filmkaar:1
ਫਿਲਮਕਾਰਾਂ	filmkaran:2	filmkaaran:1
ਫਿਲਮਫੇਅਰ	filmfare:3
ਫਿਲਮਾਂ	filman:2	filma:1	filmaan:1
ਫਿਲਮਾਂਕਨ	filmankan:3
ਫਿਲਮਾਈ	filmai:2	filmayi:2	filmaai:1
ਫਿਲਮੀ	filmy:5	filmi:1
ਫਿਲਸਤੀਨ	filasteen:2	filastin:1	philasteen:1
ਫਿਲਸਤੀਨੀ	filastini:3	filasteenee:1	philastini:1
ਫਿਲਹਾਲ	filhal:3	filhaal:1
ਫਿਲਾਡੈਲਫੀਆ	filadailfia:1	philadailaphiya:1	philadelaphiya:1
ਫਿਲਾਸਫਰ	filasafar:1	philosopher:1	philospher:1
ਫਿਲਾਸਫ਼ਰ	filasafar:1	philosopher:1	philospher:1
ਫਿਲਾਸਫ਼ੀ	filasafee:1	filasafi:1	philosophy:1
ਫਿਲਿਪ	philip:3	phillip:2	filip:1	fillip:1
ਫਿਲੌਰ	filaur:1	fillaur:1	phillaur:1	phillour:1
ਫਿਸਲਣ	fislan:2	fisalan:1	phislan:1
ਫਿੰਗਰ	finar:1	finer:1	fingar:1	finger:1
ਫਿੰਗਰਪ੍ਰਿੰਟ	fingerprint:10
ਫਿੱਕਾ	fikka:2	fika:1
ਫਿੱਕੀ	fikki:2	fiki:1	fikkee:1
ਫਿੱਕੇ	fikke:2	fike:1
ਫਿੱਟੇ	fitte:2	fite:1
ਫੀਅਰ	fear:3
ਫੀਕਾ	feeka:3	fika:3
ਫੀਟ	feet:4
ਫੀਡ	feed:1	fiid:1	pheed:1
ਫੀਡਬੈਕ	feedback:1	feedbacq:1	feedbaek:1	feedbaeq:1
ਫੀਡਿੰਗ	feeding:2	fibhing:1
ਫੀਫਾ	fifa:3
ਫੀਰੋਜ਼ਦੀਨ	ferozdeen:1	firozdeen:1	firozdin:1
ਫੀਲਡਿੰਗ	feeldiing:1	feeldin:1	feelding:1	fieldin:1
ਫੀਸ	fees:4	feem:1	feesh:1	phees:1
ਫੀਸਦ	feesad:2	fisad:2	fisud:1
ਫੀਸਦੀ	fisdi:2	feesadi:1	feesdi:1	fisdee:1
ਫੁਕਰੇ	fukre:2	fukrey:1
ਫੁਟ	foot:3	fut:2	phoot:1
ਫੁਟਬਾਲ	football:2	futbal:1	phutball:1
ਫੁਫੜ	fufad:3
ਫੁਰ	fur:2	phur:1
ਫੁਰਤੀ	furti:3	phurati:1
ਫੁਰਤੀਲਾ	furtila:3	phurteela:1
ਫੁਰਨੇ	furne:2	phurney:1
ਫੁਰਮਾਉਂਦੇ	furmaaunde:1	furmaunde:1	phurmaunde:1
ਫੁਰਮਾਨ	furman:3	phurmaan:1
ਫੁਲ	full:3	ful:2	phul:2	phull:1
ਫੁਲਕਾਰੀ	fulkari:2	phukaree:1
ਫੁਲਕਾਰੀਆਂ	fulkariaan:1	fulkarian:1	phulkareean:1
ਫੁਲਕੇ	fulke:2	phulke:1
ਫੁਲਵਾੜੀ	fulvadi:1	fulvarhee:1	fulvarhi:1	fulwadi:1
ਫੁਲਵਾੜੀਆਂ	fulvadian:1	fulvarheeaan:1	fulvarhiaan:1	fulwadiaan:1
ਫੁਲਾਂ	fulan:3
ਫੁਲੀ	fulee:2	fuli:2
ਫੁਲੇ	fule:3
ਫੁਹਾਰਾ	fuhara:3	fuhaara:1
ਫੁਹਾਰਾਂ	fuharan:3
ਫੁਹਾਰੇ	fuhare:2	fuhaaray:1	fuhaare:1
ਫੁੰਮਣ	funman:3
ਫੁੱਟਬਾਲ	football:2	footbaal:1	footbaall:1	footbal:1
ਫੁੱਟਬਾਲਰ	footballer:2	futtbalar:1	phutballer:1
ਫੁੱਟੀ	futti:2	phuttee:1
ਫੁੱਫੜ	fuffad:1	fuffd:1	phuphad:1
ਫੁੱਲਕਾਰੀ	fulkari:1	fullkari:1	phullkaree:1
ਫੁੱਲਣ	fulan:1	fullan:1	phullan:1
ਫੁੱਲਦਾਰ	fuldar:1	fulldar:1	phulldaar:1
ਫੁੱਲਾ	fulla:2	fula:1
ਫੁੱਲਾਂ	fullan:4
ਫੁੱਲਿਆ	fulliaa:2	fullia:1
ਫੁੱਲੀਆਂ	fulliaan:2	fulleean:1
ਫੂ	foo:2	fuu:1
ਫੂਕ	fook:3	fuk:1	phook:1
ਫੂਕਣ	fookan:2	fukal:1	fukan:1
ਫੂਕਣੀ	fooknee:2	fookni:2	fookani:1	fukani:1
ਫੂਕੋ	fooko:1	fookou:1	fuko:1	phooko:1
ਫੂਟ	foot:2	fut:1
ਫੂਡ	food:3
ਫੂਲ	fool:2	ful:1	pholl:1
ਫੂਲਕਾ	fulka:3	foolka:2
ਫੂਲਕੀਆ	foolkeeaa:1	foolkia:1	foolkiaa:1	foolkiya:1
ਫੂਲਕੀਆਂ	foolkeeaan:1	foolkiaan:1	foolkian:1	foolkiyan:1
ਫੂਲਾ	foola:2	fula:2	phoola:1
ਫੂਲੇ	foole:2	foolay:1
ਫੂਲੇਵਾਲਾ	foolevala:2	foolewala:1	fulewala:1
ਫੂਲੋਂ	foolon:1	fooloun:1	fulon:1	fuloun:1
ਫੂਸ	foos:3	phoos:1
ਫੇਅਰਫੈਕਸ	fairfaks:1	fairfaksh:1	fairfaqs:1	fairfax:1
ਫੇਜ਼	fage:1	faze:1	fez:1
ਫੇਫੜਾ	fefrha:3	fefda:1
ਫੇਫੜਿਆਂ	fefarhiaan:1	fefdian:1	fefdiyan:1	fefrhiaan:1
ਫੇਫੜੇ	fedrhe:1	fefarhe:1	fefde:1	fefrhe:1
ਫੇਮਿਨਾ	femina:3
ਫੇਰ	fer:3
ਫੇਰਨ	feran:3	ferun:1
ਫੇਰਨਾ	ferna:3
ਫੇਰਬਦਲ	ferbadal:2	ferbdal:1
ਫੇਰਾ	fera:3
ਫੇਰਾਰੀ	ferari:3
ਫੇਰਿਕ	fareec:1	farreec:1	farric:1	farrik:1
ਫੇਰੀ	feri:3
ਫੇਰੀਆਂ	feriyan:2	feriaan:1	ferian:1
ਫੇਰੇ	fere:3
ਫੇਲ	fail:4	fel:3	fale:1	falee:1
ਫੇਸ	face:2	fes:1
ਫੇਸਬੁਕ	facebook:3
ਫੇਸਬੁੱਕ	facebook:4	facebooq:1	facebuk:1	facebuq:1
ਫੈਂਟਮ	phantom:2	fantam:1	fantom:1
ਫੈਂਸਲਾ	fainsla:3	faisla:1
ਫੈਕਟਰ	factor:1	faektar:1	faektor:1	faktor:1
ਫੈਕਟਰੀ	factory:3	factari:1	factor:1	faktari:1
ਫੈਕਲਟੀ	faculty:1	faeculty:1	faekalti:1	faekaltii:1
ਫੈਜ	faij:1	faiz:1	fez:1	phase:1
ਫੈਜ਼	faiz:2	phase:1
ਫੈਜਾਬਾਦ	faijabaad:1	faizabad:1	fejabad:1
ਫੈਟ	fait:2	fat:1	fet:1
ਫੈਟੀ	faiti:3	faitee:1
ਫੈਡਰਿਕ	fedrick:2	faidrik:1	fedrik:1
ਫੈਡਰੇਸ਼ਨ	federation:1	fedrashan:1	fedration:1
ਫੈਨਿਲ	fannel:1	fennel:1	funnel:1	phannel:1
ਫੈਨੀ	faini:3	fainee:1	faney:1	fannei:1
ਫੈਬਰਿਕ	fabrick:1	fabricks:1	fabricksh:1	fabricqs:1
ਫੈਮਲੀ	faisli:1	family:1	femli:1
ਫੈਮਲੀਆਂ	faimliyaa:1	faisliyan:1	famlian:1	famliyan:1
ਫੈਮਿਨਾ	famina:2	femina:2	faimena:1	femeena:1
ਫੈਰੀ	farree:1	farry:1	ferree:1	ferri:1
ਫੈਲ	fail:4	fael:1	fale:1	fel:1
ਫੈਲਣ	failan:2	failann:1
ਫੈਲਣਾ	failna:3
ਫੈਲਦਾ	failada:1	failda:1	fellda:1
ਫੈਲਦੀ	faildi:3	faildee:1
ਫੈਲਦੀਆਂ	faildiyan:3	faildian:1
ਫੈਲਦੇ	failde:3	failday:1
ਫੈਲਾ	faila:3
ਫੈਲਾਅ	failaa:2	faila:1	failaav:1
ਫੈਲਾਇਆ	failaia:1	failaiya:1	failaya:1	failayia:1
ਫੈਲਾਈ	failai:3	failayi:1
ਫੈਲਾਈਆਂ	failaian:1	failaiyan:1	failayian:1	failiyan:1
ਫੈਲਾਉ	failau:2	failao:1	felau:1
ਫੈਲਾਉਂਦਾ	failaunda:2	failaonda:1	failounda:1
ਫੈਲਾਉਂਦੀ	failaundi:2	failaondee:1	failaoundi:1
ਫੈਲਾਉਂਦੇ	failaunde:2	failaounde:1	failaunday:1
ਫੈਲਾਉਣ	failaun:4	failaon:2	failaoun:1	felaunn:1
ਫੈਲਾਉਣਾ	failauna:2	failaoona:1	failaouna:1
ਫੈਲਾਓ	failaao:1	failao:1	failau:1	failaw:1
ਫੈਲਾਣ	failan:2	failaan:1	failann:1
ਫੈਲਾਵ	failav:2	failaw:2
ਫੈਲਿਆ	failiya:2	faileya:1	failia:1
ਫੈਲੀ	faili:3	failee:1
ਫੈਲੀਆਂ	failiyan:2	failian:1	fialiyan:1
ਫੈਲੇ	faile:3	failay:1
ਫੈਲੋਸ਼ਿਪ	fellowship:3	felloship:1
ਫੈਸਟੀਵਲ	festival:1	festiwal:1	phaestival:1	phestival:1
ਫੈਸਲਾ	faisla:2	fesla:1	feslaa:1
ਫੈਸਲਾਬਾਦ	faisalabad:2	feslaabad:2	faaisaalaabaad:1	faaislaabaad:1
ਫੈਸਲੇ	faisle:4	faislay:1
ਫੈਸ਼ਨ	faeshan:1	faeshon:1	fashian:1	fashion:1
ਫੋਕਟ	faukat:1	focket:1	fokat:1	fokt:1
ਫੋਕਲ	fokal:3	focal:2	faukal:1	foocal:1
ਫੋਕਸ	focus:2	focas:1	fokas:1	fokus:1
ਫੋਕਾ	fauka:1	ffoka:1	foka:1	fouka:1
ਫੋਜ	foj:2	fauj:1	fouj:1
ਫੋਜਾਂ	fajan:1	faujaan:1	fojan:1	foujaan:1
ਫੋਟੋ	foto:3	photo:3	phootoo:1
ਫੋਟੋਆਂ	fotoan:2	photoan:1
ਫੋਟੋਗਰਾਫੀ	photography:2	footoograafee:1	footoograafy:1	footoografy:1
ਫੋਟੋਗ੍ਰਾਫੀ	fotogarafi:1	fotografi:1	photographic:1	photography:1
ਫੋਟੋਸ਼ਾਪ	fotoshap:2	photoshop:2
ਫੋਨ	fon:3	phone:2	phon:1
ਫੋਨਾਂ	fonan:2	phonaan:1	phonan:1
ਫੋਮ	fom:2	foam:1	fome:1
ਫੋਰਡ	ford:4	phord:1
ਫੋਰਨ	foran:2	forn:1
ਫੋਰਬਜ਼	forabaz:1	forbaz:1	forbes:1
ਫੋਰਸਟਰ	fooratur:1	foorstar:1	foorster:1	foratur:1
ਫੋਰਸਾਂ	forcan:1	forsaan:1	forsan:1
ਫੋਰਸਿਜ਼	forsiz:2	forces:1
ਫੋਰੇਂਸਿਕ	forensik:2	forensic:1
ਫੋਲ	fol:3
ਫੋਲਦਾ	faulda:1	folada:1	folda:1
ਫੋਲਾ	fola:3
ਫੋਲਿਕ	folik:3	folic:2	foleec:1	foliic:1
ਫੋੜ	fod:3
ਫੋੜਾ	foda:3	foora:1	fora:1	fura:1
ਫੋੜੇ	fode:3
ਫੌਜ	fauj:3
ਫੌਜਦਾਰ	faujdar:2	phaujdaar:1
ਫੌਜਦਾਰੀ	faujdari:2	faujdaaree:1
ਫੌਜ਼	fauz:3
ਫੌਜ਼ੀਆ	fauzeea:1	fauzia:1	phauzeea:1
ਫੌਜਾ	fauja:2	phauja:1
ਫੌਜਾਂ	faujan:2	phaujan:1
ਫੌਜੀ	fauji:2	phaujee:1
ਫੌਜੀਆਂ	faujeean:1	faujian:1	phaujeean:1
ਫੌਰਨ	fauran:1	faurn:1	phauran:1
ਫੌਰਮ	forum:2	fauram:1	faurm:1
ਫੌਰੀ	fauri:2	phauree:1
ਫੌਲਾਦ	faulad:2	phaulaad:1
ਫੌਲਾਦੀ	fauladi:2	phauladee:1
ਫ੍ਰਾਂਸ	france:2	fraans:1	frans:1
ਫ੍ਰਾਂਸਿਸ	francis:4	fransis:3	fraansis:2	franceshish:1
ਫ੍ਰਾਂਸਿਸਕੋ	francisco:2	fraansisko:1
ਫ੍ਰਾਂਸੀਸੀ	fraanseesi:1	francici:1	fransisi:1
ਫ੍ਰੀ	free:4	frii:1	phree:1	phrii:1
ਫ੍ਰੀਡਮ	freedom:3	freedam:2	fridam:1	fridom:1
ਫ੍ਰੀਵੇ	freevay:1	freewai:1	freeway:1	friiway:1
ਫ੍ਰੇਂਚ	french:2	franch:1
ਫ੍ਰੇਮ	frame:2	frem:2
ਫ੍ਰੈਂਚ	french:5
ਫ੍ਰੈਂਚਾਇਜ਼ੀ	fraenchaizi:1	frainchaizi:1	franchaizi:1	franchise:1
ਫ੍ਰੈਂਚਾਈਜ਼ੀ	frainchaeezi:1	franchaeezi:1	franchaizi:1	franchise:1
ਫ੍ਰੈਕਚਰ	frackhar:1	fracture:1	fraenchar:1	frainchar:1
ਫੜ	fad:5	fud:1	phadan:1
ਫੜਕੇ	fadake:1	fadke:1	phadke:1
ਫੜਦਾ	fadada:2	phadada:1
ਫੜਦੇ	fadade:3	fadde:1	farade:1	farde:1
ਫੜਨ	fadan:6	faran:1
ਫੜਨਵੀਸ	fadanvees:2	fadnavis:1	faranwees:1
ਫੜਨਾ	fadana:2	fadna:2	farana:1	phadna:1
ਫੜਵਾ	fadawa:1	fadva:1	fadvaa:1	fadwa:1
ਫੜਾ	fada:6	fadda:1	fdaa:1
ਫੜਿਆ	fadiaa:8	fadiya:4	fadia:2	faria:1
ਫੜੀ	fadi:8	fadee:1	fari:1
ਫੜੇ	fade:6	fare:1
ਫੜ੍ਹ	fadh:2	fad:1	fadah:1
ਫੜ੍ਹਕੇ	fadhake:2	fadake:1	fadhke:1	farhke:1
ਫੜ੍ਹਣ	fadhan:2	fadan:1	farhan:1
ਫੜ੍ਹਨ	fadhan:2	fadan:1	farhan:1
ਫੜ੍ਹਨਾ	fadhana:2	fadana:1	fadhna:1	farhna:1
ਫੜ੍ਹੀ	fadhi:1	fadi:1	phadhee:1
ਫੜ੍ਹੇ	fade:1	fadeh:1	phadhe:1
ਫੰਕਸ਼ਨ	fankshan:1	fnkshn:1	function:1
ਫੰਗਲ	fangal:2	fngl:1
ਫੰਘਾਂ	fanghaan:1	fanghan:1	fnghan:1
ਫੰਡ	fand:2	fund:2	fnd:1
ਫੰਡਾਂ	fandaan:1	fndan:1	fundan:1
ਫੰਦੇ	fande:3
ਫੰਸ	fans:2	funs:2	fns:1	phans:1
ਫੱਕਰਾਂ	fakaran:1	fakkran:1	fakran:1
ਫੱਕੀ	fakee:1	faki:1	fakki:1
ਫੱਕੜ	fakad:2	fakkad:1
ਫੱਗਣ	fagan:2	faggnn:1	fagnn:1
ਫੱਟ	fat:1	fatt:1	phat:1
ਫੱਟਣ	fatan:2	fattnn:1
ਫੱਟਣਾ	fatana:1	fatna:1	fattna:1
ਫੱਟੀ	fati:1	fattee:1	fatti:1
ਫੱਟੀਆਂ	fatian:1	fatiyan:1	fatteeaan:1	fattiaan:1
ਫੱਟੜ	fatad:2	fattd:1
ਫੱਸ	fas:1	fass:1	fus:1
ਬਈ	baee:2	bai:2	bayee:2	byi:1
ਬਕਰ	bakar:3	baqar:1
ਬਕਰਾ	bakra:4	baqra:1
ਬਕਰੀਆਂ	bakriaan:2	bakariyan:1	baqriaan:1
ਬਕਵਾਸ	bakvas:2	bakwas:2	baksh:1	baqvas:1
ਬਕਸ	bucks:1	buckse:1	bucksh:1	buckshe:1
ਬਕਸਰ	baksar:3	baqsar:1
ਬਕਸ਼ੀ	bakshi:2	bakshee:1	baqshi:1
ਬਕਸਾ	baksa:3	baqsa:1
ਬਕਸਿਆਂ	baksiaan:3	baqsiaan:1
ਬਕਸੇ	bakse:3
ਬਕਾਇਆ	bakaiaa:2	bakaya:1	baqaiaa:1
ਬਕਾਇਦਾ	bakaida:2	baikaida:1	baqaida:1
ਬਕਾਲਾ	bakala:3	baqala:1
ਬਖਤਾਵਰ	bakhtavar:3	bakhtawar:1
ਬਖਸ	bakhas:2	bakas:1
ਬਖਸ਼	bakhash:2	bakash:1
ਬਖਸ਼ਦਾ	bakhshada:2	bakhshadaa:1
ਬਖਸ਼ਦੀ	bakhshadi:2	bakhshadee:1
ਬਖਸ਼ਾ	bakhsha:3
ਬਖਸ਼ਿਆ	bakhshiaa:7	bakhsiaa:2
ਬਖਸ਼ਿਸ਼	bakhshish:3	bakhsish:2
ਬਖਸ਼ਿਸ਼ਾਂ	bakhshishan:3
ਬਖਸ਼ੀ	bakhshi:3	bakhshee:1
ਬਖਸ਼ੀਵਾਲਾ	bakhshiwala:2	bakhsheevaala:1
ਬਖਸ਼ੀਸ	bakhshis:2	bakhshees:1
ਬਖਸ਼ੀਸ਼	bakhshish:2	bakhsheesh:1
ਬਖਸ਼ੇ	bakhshe:2	bakshe:1
ਬਖਸਿਆ	bakhsiaa:3	baksia:1
ਬਖ਼ਤਾਵਰ	bakhatavar:1	bakhtaavar:1	bakkhtavar:1	bakkhtawar:1
ਬਖ਼ਸ਼ਿਸ਼	bakhshish:2	bakkhshish:1
ਬਖ਼ਸ਼ਿੰਦਰ	bakhshindar:1	bakhshinder:1	bakkhshindar:1
ਬਖ਼ਸ਼ੀ	bakhshee:1	bakhshi:1	bakkhshi:1
ਬਖਾਨ	bakhan:6
ਬਖੇੜਾ	bakheda:1	bakhera:1	bakherda:1
ਬਖੇੜੇ	bakhede:1	bakherde:1	bakhere:1
ਬਗਦਾਦ	baghdad:2	bagdaad:1	bagdad:1
ਬਗਦਾਦੀ	bagdaadee:1	bagdadi:1	baghdadi:1
ਬਗਲ	bagal:6
ਬਗਲਾ	bagla:3
ਬਗਲੇ	bagle:3
ਬਗ਼ਦਾਦ	baghdad:2	bagdaad:1	baggdad:1
ਬਗ਼ਦਾਦੀ	badhdadi:1	baggdadi:1	baghdaadee:1
ਬਗ਼ਾਵਤ	bagavat:1	baggavat:1	baggawat:1	baghaavat:1
ਬਗ਼ਾਵਤਾਂ	bagavatan:1	baggavatan:1	baggawatan:1	baghaavataan:1
ਬਗ਼ੀਚੇ	baggiche:1	bagheeche:1	bagiche:1
ਬਗ਼ੈਰ	bagair:1	baggaer:1	baggair:1	baghair:1
ਬਗਾਨੇ	bagane:2	bagaane:1
ਬਗਾਵਤ	bagavat:2	bagaavat:1	bagawat:1
ਬਗਾਵਤਾਂ	bagavatan:2	bagaavataan:1	bagawatan:1
ਬਗੀਚਾ	bagicha:3	bageecha:1
ਬਗੀਚੇ	bagiche:2	bageeche:1
ਬਗੇਰ	bager:3
ਬਗੈਰ	bagair:3	bagaer:1
ਬਗੈਰਾ	bagaira:3	bagaera:1
ਬਘਿਆੜ	baghiaad:1	baghiaar:1	baghiad:1
ਬਘਿਆੜਾਂ	baghiaadaan:1	baghiaaran:1	baghianan:1
ਬਘਿਆੜੀ	bachiaadi:1	baghiaari:1	baghiadi:1
ਬਘੀਰਾ	baghira:2	bagheera:1
ਬਘੇਲ	baghel:3
ਬਚ	bach:3
ਬਚਕੇ	bachke:3	bachqe:1
ਬਚਣ	bachan:4
ਬਚਤ	bachat:3
ਬਚਦਾ	bachda:3
ਬਚਦੀ	bachdi:4
ਬਚਦੀਆਂ	bachdiyan:2	bachdiaan:1
ਬਚਦੇ	bachde:3
ਬਚਨ	bachan:3
ਬਚਨਾ	bachna:3
ਬਚਨਾਂ	bachanan:2	bachnan:1
ਬਚਨੀ	bachni:2	bachani:1
ਬਚਨੋ	bachno:2	bachano:1
ਬਚਪਣ	bachpan:2	bachapan:1
ਬਚਪਨ	bachpan:2	bachapan:1
ਬਚਾ	bacha:4
ਬਚਾਂਦਾ	bachanda:3
ਬਚਾਅ	bacha:2	bachaa:1
ਬਚਾਇਆ	bachaaiaa:1	bachaia:1	bachaiaa:1
ਬਚਾਈ	bachaaee:1	bachaee:1	bachai:1
ਬਚਾਉ	bachau:3
ਬਚਾਉਂਦਾ	bachaunda:2	bachaaunda:1
ਬਚਾਉਂਦੀ	bachaundi:2	bachaaundee:1
ਬਚਾਉਂਦੇ	bachaaunde:1	bachaude:1	bachaunde:1
ਬਚਾਉਣ	bachaun:4	bachaounn:1	bachaunn:1
ਬਚਾਉਣਾ	bachauna:3	bachaounna:2	bachaun:1
ਬਚਾਏ	bachaye:2	bachaae:1	bachae:1
ਬਚਾਓ	bachau:2	bachaao:1
ਬਚਾਓਣ	bachaun:2	bachaaon:1
ਬਚਾਣ	bachan:2	bachaan:1
ਬਚਾਣਾ	bachana:2	bachaana:1
ਬਚਾਨਾ	bachana:2	bachaana:1
ਬਚਾਵ	bachav:2	bachaav:1	bachaw:1
ਬਚਿਆ	bachia:3	bachiaa:3
ਬਚਿਆਂ	bachiaan:2	bachian:1
ਬਚਿਤਰ	bachitar:3
ਬਚਿਤ੍ਰ	bachitar:1	bachitr:1	bachitra:1
ਬਚਿੱਤਰ	bachittar:2	bachhitar:1
ਬਚੀ	bachi:2	bachee:1
ਬਚੀਆਂ	bachiaan:2	bacheeaan:1
ਬਚੇ	bache:3
ਬਚੋ	bacho:3
ਬਜਟ	bajat:2	budget:2
ਬਜਬਜ	bajbaj:2	bejbej:1
ਬਜਰ	bajar:3
ਬਜਰੰਗ	bajrang:3
ਬਜਰੰਗੀ	bajrangi:3
ਬਜਵਾੜਾ	bajvara:1	bajwada:1	bajwara:1	bajwarha:1
ਬਜ਼ਟ	budget:2	bajat:1	bazat:1
ਬਜ਼ਾਰ	bajar:1	bazaar:1	bazar:1
ਬਜ਼ਾਰਾਂ	bajaran:1	bazaaran:1	bazaran:1
ਬਜ਼ੁਰਗ	bajurg:3	bajurag:1	bazoorag:1	bazurg:1
ਬਜ਼ੁਰਗਾਂ	bajurgan:1	bazoorgan:1	bazurgan:1
ਬਜਾ	baja:3
ਬਜਾਇ	bajai:2	bajaee:1
ਬਜਾਇਆ	bajaiya:2	bajaiaa:1
ਬਜਾਈ	bajai:2	bajaee:1
ਬਜਾਏ	bajae:3	bajaye:2	bajaje:1
ਬਜਾਜ	bajaj:3
ਬਜਾਜ਼	bajaj:2	bajaz:1
ਬਜਾਰ	bajar:2	bajaar:1
ਬਜੁਰਗਾਂ	bajurgan:3
ਬਜੇ	baje:4
ਬਟਨ	button:3	batan:2	bottom:1	butom:1
ਬਟਨਾਂ	batnan:2	batnaan:1
ਬਟਵਾਰੇ	batvare:2	batvaare:1	batware:1
ਬਟਾ	bata:2	bataa:1	bta:1
ਬਟਾਲਵੀ	batalvi:2	batalavi:1	batalwi:1
ਬਟਾਲਾ	batala:3
ਬਟਾਲੀਅਨ	bataalian:1	battaalion:1	battalion:1	bettaalion:1
ਬਟਾਲੀਅਨਾਂ	bataliana:1	batalianan:1	bataliyanan:1
ਬਟਾਲੇ	batale:3
ਬਟੁਕੇਸ਼ਵਰ	batukeshwar:2	batukeshvar:1	batukeshwer:1
ਬਟੂਆ	batua:1	batuaa:1	batuya:1
ਬਟੂਏ	bathuue:1	batuae:1	batuye:1
ਬਟੇਰ	bater:2	bateir:1
ਬਟੇਰਾ	batera:3
ਬਟੇਰਿਆਂ	bareriyan:1	bateriaan:1	bateriyan:1
ਬਠਾ	batha:3
ਬਠਿੰਡਾ	bathinda:5
ਬਠਿੰਡੇ	bathinde:3
ਬਡ	bad:1	bud:1	budd:1
ਬਡਰੁੱਖਾਂ	badarukkhan:1	badhukhan:1	badrukhkhaan:1
ਬਡਾ	bada:1	badaa:1	badha:1
ਬਡੇ	bade:4	bde:1
ਬਣ	ban:2	bann:1	bn:1
ਬਣਇਆ	baniaa:1	baniya:1	bniaa:1
ਬਣਕੇ	banke:1	bannake:1	bnke:1
ਬਣਜਾਰਾ	banjara:2	bnjara:1
ਬਣਤਰ	banatar:1	bannatar:1	bntr:1
ਬਣਤਰਾਂ	banataraan:1	bannataran:1	bntran:1
ਬਣਦਾ	banada:1	bannada:1	bnda:1
ਬਣਦੀ	banadee:1	banndi:1	bndi:1
ਬਣਦੀਆਂ	banadeeaan:1	banndiaan:1	bndeean:1
ਬਣਦੇ	banade:1	bannde:1	bnde:1
ਬਣਨ	banan:1	bannan:1	bnn:1
ਬਣਨਾ	banana:1	bannana:1	bnna:1
ਬਣਨੀ	bananee:1	bannani:1	bnni:1
ਬਣਨੇ	banane:1	bannane:1	bnne:1
ਬਣਨੋਂ	bananon:1	bannaon:1	bnnon:1
ਬਣਵਾ	banavaa:1	bannawa:1	bnva:1
ਬਣਵਾਇਆ	bannwaiaa:1	banwaaia:1	bnvaia:1
ਬਣਵਾਈ	bannwai:1	banwaaee:1	bnvai:1
ਬਣਵਾਈਆਂ	bannwaiaan:1	banwaaeean:1	bnvaian:1
ਬਣਵਾਉਣ	banavaauna:1	bannwaunn:1	bnvaun:1
ਬਣਵਾਏ	bannwaye:1	banwaae:1	bnvae:1
ਬਣਵਾਸ	bannwas:1	banwaas:1	bnvas:1
ਬਣਾ	banaa:1	banna:1	bna:1
ਬਣਾਂਦਾ	bananda:3
ਬਣਾਂਦੀ	banandi:3
ਬਣਾਂਦੇ	banande:3	banandey:1
ਬਣਾਇਆ	bannaiaa:4	banaaiaa:3	banaiaa:3	banaaeeaa:1
ਬਣਾਇਆਂ	banaaiaan:1	banaiaan:1	bannaiaan:1
ਬਣਾਈ	banaaee:2	bannai:2	banaai:1	banai:1
ਬਣਾਈਂ	banaaeen:1	banain:1	bannain:1
ਬਣਾਈਆ	banaaeeaa:1	banaiaa:1	bannaiya:1
ਬਣਾਈਆਂ	banaaeeaan:3	banaiaan:3	bannaiaan:3
ਬਣਾਉ	banaau:1	banao:1	bannau:1	bnaau:1
ਬਣਾਉਂਣ	banaon:1	banaun:1	bannaunn:1	bnaunan:1
ਬਣਾਉਂਦਾ	banaaunda:1	banaonda:1	banaunda:1	bannaunda:1
ਬਣਾਉਂਦੀ	banaaundee:1	banaondi:1	banaundi:1	bannaundi:1
ਬਣਾਉਂਦੀਆਂ	banaaundeeaan:1	banaondiya:1	banaundiya:1	bannaundiaan:1
ਬਣਾਉਂਦੇ	banaaunde:1	banaonde:1	banaunde:1	bannaunde:1
ਬਣਾਉਟੀ	balaoti:1	balauti:1	bannauti:1	bnautee:1
ਬਣਾਉਣ	banaon:2	banaun:2	bnaaun:2	bannaunn:1
ਬਣਾਉਣਾ	banauna:3	banaona:2	bannaunna:2	bnauna:1
ਬਣਾਉਣੀ	banaoni:1	banauni:1	bannaunni:1	bnaaunee:1
ਬਣਾਉਣੇ	banaone:1	banaune:1	bannaunne:1	bnaaune:1
ਬਣਾਉਦਾ	banaoda:1	banauda:1	bannauda:1	bnaauda:1
ਬਣਾਉਦੀ	banaodi:1	banaudi:1	bannaudi:1	bnaaudee:1
ਬਣਾਉਦੀਆਂ	banaondiya:1	banaudeean:1	banaundiya:1	bannaudiaan:1
ਬਣਾਉਦੇ	banaaude:1	banaonde:1	banaunde:1	bannaude:1
ਬਣਾਏ	banaae:2	banae:2	bannaye:2
ਬਣਾਏਗਾ	banaaega:1	banaega:1	bannayega:1
ਬਣਾਓ	banao:2	banaao:1	banau:1
ਬਣਾਕੇ	banaake:1	banake:1	bannake:1
ਬਣਾਵਟ	banavat:2	banawat:1	bannawat:1
ਬਣਾਵਟੀ	banavati:2	banawati:1	bannawati:1
ਬਣਾਵਾਂਗੇ	banavaange:1	banavange:1	banawange:1	bannawange:1
ਬਣਾਵੇ	banave:2	banawe:1	bannawe:1
ਬਣਾਵੇਗਾ	banavega:2	banawega:1	bannawega:1
ਬਣਿਆ	baniaa:5	baneya:2
ਬਣਿਆਂ	baniaan:2	baneyan:1
ਬਣੀ	bani:6
ਬਣੀਆ	baniaa:3	baniya:1
ਬਣੀਆਂ	baniaan:4	baninan:1	baniyan:1
ਬਣੇ	bane:5
ਬਣੇਗਾ	banega:4
ਬਣੇਗੀ	banegi:4
ਬਤਰਾ	batra:3
ਬਤਾ	bata:8
ਬਤਾਤਾ	batata:3
ਬਤਾਲੀ	batali:3	bataly:1	btali:1
ਬਤਿਸਤਾ	batista:2	batisata:1
ਬਤੀਤ	bateet:2	batit:2
ਬਤੂਤਾ	batoota:3	batuta:2
ਬਤੋਰ	bator:3	bataur:1
ਬਤੋਲੀ	batoli:3	batauli:1
ਬਤੌਰ	bataur:3	bator:1
ਬਥੇਰਾ	bathera:3
ਬਥੇਰੀ	batheri:3
ਬਥੇਰੀਆਂ	batheriaan:2	batherian:1
ਬਥੇਰੇ	bathere:3
ਬਦ	bad:7	badd:1
ਬਦਕਿਸਮਤ	badkismat:3
ਬਦਕਿਸਮਤੀ	badkismati:3
ਬਦਚਲਣ	badchalan:2	badchalann:1
ਬਦਚਲਨ	badchalan:3
ਬਦਤਰ	badtar:4
ਬਦਨ	badan:4
ਬਦਨਾਮ	badnaam:2	badnam:2
ਬਦਨਾਮੀ	badnami:2	badnaami:1
ਬਦਮਾਸ਼	badmash:2	badmaash:1
ਬਦਰ	badar:3
ਬਦਰੀਨਾਥ	badrinath:2	badarinaath:1	badarinath:1	badriinaath:1
ਬਦਰੁਦੀਨ	badarudeen:2	badrudeen:1	badrudin:1
ਬਦਰੂਹਾਂ	badroohan:2	badruhan:2
ਬਦਲ	badal:10
ਬਦਲਣ	badlan:3	badalan:2
ਬਦਲਣਯੋਗ	badalanyog:2	badlanyog:1
ਬਦਲਣਾ	badalna:2	badalana:1	badalanaa:1
ਬਦਲਦਾ	badalada:1	badaladaa:1	badalda:1
ਬਦਲਦੀ	badaladee:2	badaldi:1
ਬਦਲਦੀਆਂ	badaladeeaan:1	badaldeean:1	badaldiaan:1
ਬਦਲਦੇ	badalade:2	badalde:1
ਬਦਲਨ	badlan:2	badalan:1
ਬਦਲਨਾ	badalna:2	badalana:1
ਬਦਲਵੀਆਂ	badalaveeaan:1	badalviaan:1	badalvian:1
ਬਦਲਾ	badla:6	badalaa:1
ਬਦਲਾਂ	badlan:2	badalaan:1
ਬਦਲਾਇਆ	badlaaiaa:2	badlaia:1
ਬਦਲਾਉ	badalaau:1	badlaau:1	badlau:1
ਬਦਲਾਖੋਰੀ	badalkhori:1	badlaakhoree:1	badlakhori:1
ਬਦਲਾਪੁਰ	badlapur:2	badalaapur:1
ਬਦਲਾਵ	badlav:2	badalaav:1	badlaav:1
ਬਦਲਾਵਾਂ	badlavan:2	badalaavaan:1
ਬਦਲਿਆ	badaliaa:1	badlia:1	badliaa:1
ਬਦਲੀ	badli:5	badalee:1
ਬਦਲੀਆਂ	badaleeaan:1	badliaan:1	badlian:1
ਬਦਲੇ	badle:4	badale:1
ਬਦਲੇਗਾ	badlega:2	badalega:1
ਬਦਲੇਗੀ	badlegi:2	badalegee:1
ਬਦਸਲੂਕੀ	badsaluki:3	badsalooki:1
ਬਦਸ਼ਗਨੀ	badshagani:2	badashgani:1	badshaguni:1
ਬਦਸੂਰਤ	badsurat:3	badsoorat:1
ਬਦਸੂਰਤੀ	badsurti:2	badsoorti:1	badsurati:1
ਬਦਹਜ਼ਮੀ	badahazmi:1	badahzami:1	badhazami:1
ਬਦਾਮ	badam:2	badaam:1
ਬਦਾਮੀ	badami:2	badaamee:1
ਬਦੀ	badi:2	baddi:1	badee:1
ਬਦੇਸ਼ਾ	badesha:3
ਬਦੇਸ਼ਾਂ	badeshan:2	badeshaan:1
ਬਦੇਸ਼ੀ	badeshi:3
ਬਦੇਸੀ	badesi:2	badesee:1
ਬਦੌਲਤ	badaulat:2	badauval:1
ਬਧੂ	badhu:2	badhdhu:1	badhoo:1
ਬਨ	ban:6	bana:1	bann:1	bun:1
ਬਨਣ	banan:3
ਬਨਣਾ	banana:3	banna:1
ਬਨਵਾਈ	banvaai:1	banvai:1	banvayi:1	banwaai:1
ਬਨਵਾਏ	banwae:2	banvaae:1	banvae:1	banvaye:1
ਬਨਵਾਲਾ	banwala:2	banvala:1
ਬਨਵਾਸ	banvas:2	banwaas:1	banwas:1
ਬਨਵਾਸੀ	banvasi:2	banwasi:2
ਬਨਸਪਤ	bansapat:2	banaspat:1	panaspat:1
ਬਨਸਪਤੀ	banaspati:3	banasapti:1
ਬਨਾ	bana:5	banna:1	bna:1
ਬਨਾਉਂਦਾ	banaunda:2	banaaunda:1
ਬਨਾਉਟੀ	banauti:2	banaooty:1	banavati:1	banayuti:1
ਬਨਾਉਣ	banaun:7	banayun:2
ਬਨਾਉਣਾ	banauna:2	banaauna:1
ਬਨਾਏ	banae:2	banaae:1
ਬਨਾਣ	banaan:2	banan:1
ਬਨਾਮ	banaam:3
ਬਨਾਰਸ	banaras:2	banaaras:1
ਬਨਾਰਸੀ	banarasi:2	banaarasee:1
ਬਨਾਵਟ	banaavat:1	banavat:1	banawat:1
ਬਨਾਵਟੀ	banaavatee:1	banavati:1	banawatti:1
ਬਨੀ	bani:2	banee:1	bunny:1
ਬਨੀਆ	baniaa:2	baneeaa:1
ਬਨੇ	bane:6	banee:2	bain:1	ban:1
ਬਨੇਗਾ	banega:3
ਬਨੇਗੀ	banegi:3	banegee:1
ਬਨੇਰਿਆਂ	baneriaan:2	baneriyan:1
ਬਨੇਰੇ	banere:3
ਬਨੈਣ	banain:3	banaian:1
ਬਨ੍ਹ	banh:3	banah:1
ਬਫਰ	buffer:3	bafar:2	baffer:1	buffar:1
ਬਬਲੀ	babli:2	bable:1	bablee:1	bubly:1
ਬਬੀਤਾ	babeeta:2	babita:2
ਬਬੂਲ	babool:2	babul:2
ਬਯਾਂ	bayaan:1	bayan:1	byaan:1
ਬਯਾਨ	bayan:2	bayaan:1	byaan:1
ਬਰ	bar:4	barr:1	ber:1	burr:1
ਬਰਕਤ	barkat:3
ਬਰਕਤਾਂ	barkatan:2	barakataan:1
ਬਰਕਰਾਰ	barkaraar:2	barkarar:2
ਬਰਕਲੇ	berkeley:2	barclay:1	barkale:1	barkeley:1
ਬਰਖ਼ੁਰਦਾਰ	barkhurdaar:2	barkhurdar:1
ਬਰਖਾ	barkha:2	barkhaa:1
ਬਰਖਾਸਤ	barkhasat:2	barkhaasat:1	barkhast:1
ਬਰਖੁਰਦਾਰ	barkhudaar:1	barkhurdaar:1	barkhurdar:1
ਬਰਗ	barag:3	baarag:1	barg:1
ਬਰਗਰ	bargar:1	barger:1	burgar:1	burger:1
ਬਰਗਾੜੀ	bargadi:2	bargaadee:1	bargari:1
ਬਰਛਿਆਂ	barchiyan:2	barchhiaan:1	barchhiyan:1
ਬਰਛੇ	barche:2	barchhe:2
ਬਰਜਿੰਦਰ	barjinder:3	barjindre:1
ਬਰਜਿੰਦਰਾ	barjindera:1	barjindra:1	barjindraa:1	barzindra:1
ਬਰਟਨ	bartan:1	barton:1	bertan:1	burtan:1
ਬਰਡ	baard:1	bard:1	bird:1	byard:1
ਬਰਤਨ	bartan:3	baartan:1
ਬਰਤਨਾਂ	bartanaan:2	baartana:1	bartana:1
ਬਰਤਰਫ਼	bartaraf:2	baartaraf:1	bartaraph:1
ਬਰਤਾਨਵੀ	bartanavee:1	bartanawi:1	bartanvi:1	bartanwi:1
ਬਰਤਾਨਵੀਂ	bartanaven:1	bartanawin:1	bartanvi:1	bartanwi:1
ਬਰਤਾਨਵੀਆਂ	bartanaveyan:1	bartanviya:1	bartanwiaan:1	bartanwiya:1
ਬਰਤਾਨੀਆ	bartaniya:3	bartania:2	bartaniaa:2	bartaniyan:1
ਬਰਤਾਨੀਆਂ	bartania:2	bartaniya:2	bartaniyan:2	barataniaan:1
ਬਰਥਾ	bartha:3	bhartha:1
ਬਰਦਰਜ਼	bardaraz:1	bardarj:1	bardarz:1	bradraz:1
ਬਰਦਾਰ	bardar:2	bardaar:1
ਬਰਦਾਸਤ	bardasat:2	bardast:1
ਬਰਦਾਸ਼ਤ	bardasht:2	bardashat:1
ਬਰਦੀ	bardi:2	bardee:1
ਬਰਨ	barn:1	bern:1	burn:1
ਬਰਨਬੀ	barnabi:2	baranbi:1	buarnabi:1	buarnaby:1
ਬਰਨਸ	barnas:3	barns:1	barnsh:1	barnus:1
ਬਰਨਾਰਡ	bernard:2	barnaard:1	barnarad:1	barnard:1
ਬਰਨਾਲਾ	barnala:4
ਬਰਨਾਲੇ	barnale:3
ਬਰਨੀ	barni:2	barnee:1
ਬਰਫ	baraf:3
ਬਰਫਬਾਰੀ	barafbaaree:1	barafbaji:1	barafbari:1
ਬਰਫ਼	baraf:1	baraff:1	baraph:1
ਬਰਫ਼ਬਾਰੀ	baraphbaaree:1	barfbari:1	barffbari:1
ਬਰਫ਼ਾਨੀ	barfani:1	barffani:1	barphaanee:1
ਬਰਫ਼ੀਲੇ	barffile:1	barfile:1	barpheele:1
ਬਰਫੀ	barfi:2	barfee:1
ਬਰਫੀਲੀ	barfili:2	barfeelee:1
ਬਰਫੀਲੇ	barfile:2	barfeele:1
ਬਰਬਰ	barbar:3
ਬਰਬਾਦ	barbaad:2	barbad:1
ਬਰਬਾਦੀ	barbadi:2	barbaadee:1
ਬਰਮਨ	barman:3
ਬਰਮਾ	barma:3	barmaa:2	burma:2	burmaa:1
ਬਰਮਾਂ	barmaan:1	barman:1	burma:1
ਬਰਮਿੰਘਮ	barmingham:3	birmingham:2	bermingham:1	berminham:1
ਬਰਮੀ	barmee:1	barmi:1	burmi:1
ਬਰਲਿਨ	barlin:2	berlin:2
ਬਰਸ	baras:3
ਬਰਸਾ	barsaa:2	barsa:1
ਬਰਸਾਏ	barsaae:2	barsaye:1
ਬਰਸਾਤ	barsat:2	barsaat:1
ਬਰਸਾਤਾਂ	barsatan:2	barsaataan:1
ਬਰਸਾਤੀ	barsati:2	barsaatee:1
ਬਰਸੀ	barasee:1	barasi:1	barsi:1
ਬਰਸੀਂ	barsin:2	baraseen:1
ਬਰਸੀਨ	baraseen:1	barseen:1	barsin:1
ਬਰਹਮਦੇਵ	barahamdev:1	barhamdeh:1	barhamdev:1
ਬਰਹਮਾ	barahamaa:1	barhama:1	barhma:1
ਬਰਾਂਡਿਆਂ	baraandiaan:1	barandiaan:1	barandiyan:1
ਬਰਾਂਡੀ	barandi:2	baraandee:1
ਬਰਾਂਡੇ	barande:3
ਬਰਾਇਨ	baraain:1	braain:1	brayin:1
ਬਰਾਉਜਰ	browser:2	baraaujar:1
ਬਰਾਏ	braye:2	baraae:1
ਬਰਾਕ	barak:3	baraak:2	barack:2	baraack:1
ਬਰਾਜ਼ੀਲ	brazil:2	baraazeel:1
ਬਰਾਡ	baraad:2	barad:2
ਬਰਾਤ	baraat:2	barat:1
ਬਰਾਤੀਆਂ	baraateeaan:1	baratiaan:1	baratiyan:1
ਬਰਾਦਰੀ	baraadaree:1	baradari:1	baradri:1
ਬਰਾਦਰੀਆਂ	baraadareeaan:1	baradriyan:1	braadariaan:1
ਬਰਾਬਰ	barabar:2	baraabar:1
ਬਰਾਬਰਤਾ	baraabarta:1	barabarta:1	barabharta:1
ਬਰਾਬਰੀ	barabari:2	baraabaree:1
ਬਰਾਮਦ	baramad:2	baraamad:1
ਬਰਾਰ	barar:2	baraar:1
ਬਰਾਵੋ	bravo:2	baraavo:1
ਬਰਾੜ	baraad:3	barad:1	barar:1	brad:1
ਬਰਾੜਾਂ	baradan:2	baraadaan:1
ਬਰੀ	bari:2	bree:1	bri:1
ਬਰੀਕ	barik:3	breek:1
ਬਰੀਕੀ	bariki:2	bareeki:1	briki:1
ਬਰੀਟੇਨ	britain:2	baritek:1
ਬਰੁਕਲਿਨ	brooklin:2	brooklyn:2	bruklin:2	brooqlyn:1
ਬਰੁਕਸ	brooks:1	brooksh:1	brooqs:1	bruks:1
ਬਰੂਆ	barua:1	baruaa:1	bruaa:1	bruya:1
ਬਰੂਕਸ	brooks:2	barukas:1
ਬਰੂਦ	barud:2	barood:1	brood:1
ਬਰੂਨੀ	bruni:3	baruni:1	brooni:1	brunee:1
ਬਰੂਨੋ	broono:1	broonoo:1	brunno:1	brunnoo:1
ਬਰੂਹਾਂ	baruhan:2	broohan:1	bruhan:1
ਬਰੂੰਡੀ	barundi:2	broondee:1	broondi:1
ਬਰੇਕ	break:3	brake:1
ਬਰੇਟਾ	bareta:2	breta:1
ਬਰੇਡ	bread:2	bared:1
ਬਰੇਲ	barel:3
ਬਰੇਲੀ	bareli:2	baraily:1	bareeileey:1	bareeilly:1
ਬਰੈਂਡਨ	brandon:2	baraitan:1
ਬਰੈਂਪਟਨ	brampton:2	baraipatan:1
ਬਰੈਖ਼ਤ	barekhat:1	braikhat:1	brakhat:1
ਬਰੈਡ	baraid:1	brad:1	braed:1
ਬਰੈਡਫੋਰਡ	bradford:3
ਬਰੈਨ	barain:2	bran:2	brain:1	brann:1
ਬਰੈਸਟ	breast:2	baraisat:1
ਬਰੋਂਕਾਈਟਸ	barokaitas:1	bronchitis:1	bronquitis:1
ਬਰੋਕਨ	broken:2	brocken:1
ਬਰੋਕਰ	broker:4	barokar:1	brokar:1	broqar:1
ਬਰੋਟਾ	barota:3
ਬਰੋਟੇ	barote:2	brote:1
ਬਰੌਕ	brack:1	bracq:1	brock:1	brocq:1
ਬਰ੍ਹਮਾ	barahma:1	barhama:1	barhma:1
ਬਰੰਗੀਆਂ	barangiyan:2	barangiaan:1	barangian:1
ਬਰੰਗੇ	barange:2	barnge:1
ਬਲ	bal:3
ਬਲਕ	balak:3	balaq:2	bulk:2	balaka:1
ਬਲਕਰਨ	balkaran:3	balqaran:1
ਬਲਕਿ	balki:3	balek:1	balqi:1
ਬਲਖ	balkh:2	balakh:1
ਬਲਗਮ	balgam:3
ਬਲਗ਼ਮ	balgam:2	baggam:1	balgum:1
ਬਲਜਿੰਦਰ	baljinder:2	baljindar:1
ਬਲਜੀਤ	baljeet:2	baljit:2
ਬਲਣ	balan:2	balann:1
ਬਲਣਸ਼ੀਲ	balannsheel:1	balansheel:1	balanshil:1
ਬਲਦ	balad:3
ਬਲਦਾ	balda:2	balada:1
ਬਲਦਾਂ	baldan:2	baladan:1
ਬਲਦੀ	baldi:3	baladee:1	baladi:1
ਬਲਦੀਆਂ	baldiaan:2	baladian:1
ਬਲਦੇਵ	baldev:3	baldew:1
ਬਲਨ	balan:3
ਬਲਬੀਰ	balbir:2	balabir:1	balbeer:1
ਬਲਬੀਰੋ	balbiro:3	balabiro:1	balbeero:1
ਬਲਬੂਤੇ	balbute:2	balabute:1	balboote:1
ਬਲਮਗੜ੍ਹ	balamagarh:1	balamgadh:1	balamgarh:1	balmagarh:1
ਬਲਰਾਜ	balraj:2	balaraj:1
ਬਲਰਾਮ	balram:3	balaram:1
ਬਲਵਾਨ	balvan:2	balwan:2	balavaan:1	balvaan:1
ਬਲਵਿੰਦਰ	balvindar:2	balvinder:1	balwindar:1
ਬਲਵੀਰ	balvir:3	balveer:1	balwir:1
ਬਲਵੰਡ	balwand:2	balavand:1	balvand:1
ਬਲਵੰਤ	balvant:3	balwant:2	balavant:1
ਬਲਸ਼ਾਲੀ	balshali:3
ਬਲਾ	bala:3
ਬਲਾਂ	balan:3	blan:1
ਬਲਾਊਜ	blouse:3	balauuj:1
ਬਲਾਕ	block:5	blok:2	bloc:1	blocq:1
ਬਲਾਕਾਂ	blakan:2	balakan:1	balaqan:1
ਬਲਾਗ	blog:4	balag:1	blaag:1	blag:1
ਬਲਾਗਰ	blogger:3	blagar:1
ਬਲਾਚੌਰ	balachaur:1	balachor:1	blachor:1
ਬਲਾਤਕਾਰ	balatkar:2	balatqar:1	blatkar:1
ਬਲਾਵਾਂ	balavan:2	balawan:1	blavan:1
ਬਲਾਸਟ	blast:3	balast:1
ਬਲਿ	bali:3
ਬਲਿਊ	blue:2	baliu:1	baliuu:1
ਬਲੀ	bali:4
ਬਲੀਆ	baliya:3	balia:1	baliaa:1
ਬਲੀਆਂ	baliyan:2	baliaan:1	balian:1	ballian:1
ਬਲੀਦਾਨ	balidan:3	balidaan:1
ਬਲੀਦਾਨਾਂ	balidanan:3
ਬਲੂ	blue:3	balu:2	bluee:1	bluii:1
ਬਲੂਆਣਾ	balooana:1	baluaana:1	baluana:1	bluana:1
ਬਲੂਮ	balum:1	balus:1	bloom:1
ਬਲੂਮਬਰਗ	bloomberg:2	balumbarg:1	balusberg:1
ਬਲੇ	bale:3	balle:1
ਬਲੇਅਰ	balear:2	blair:2	blaer:1	blare:1
ਬਲੇਕ	black:2	balek:1	baleq:1	blake:1
ਬਲੇਡ	baled:2	blade:1
ਬਲੈਕਬਰਨ	blackborn:1	blackburn:1	blacqborn:1	blacqburn:1
ਬਲੈਕਮੇਲ	blackmail:1	blackmale:1	blackmel:1	blaekmel:1
ਬਲੈਕਲਿਸਟ	balaeklist:1	blacklist:1	blacqlist:1	blaeklist:1
ਬਲੈਡ	blad:2	balaed:1	balaid:1	blade:1
ਬਲੈਡਰ	bladder:2	blader:2	balaedar:1	balaidar:1
ਬਲੋਕ	block:3	balok:1	baloq:1
ਬਲੋਚ	baloch:4	balooch:1	baluch:1
ਬਲੋਚਾਂ	balochan:2	blochan:1
ਬਲੋਚਿਸਤਾਨ	balochistan:3	balochishtan:1	baloochishtan:1	baloochistan:1
ਬਲੌਂਗੀ	balaungi:2	balongi:2
ਬਲੌਕ	block:2	balauk:1
ਬਲੌਰ	balaur:1	blor:1	blower:1
ਬਲ੍ਹਦ	balhd:2	balhad:1
ਬਲੱਗਣ	balaggann:1	balgan:1	balggan:1	ballgan:1
ਬਲੱਡ	blood:4	ballad:1	bladd:1	blud:1
ਬਵਾਸੀਰ	bawasir:3	bawaseer:2	bavaseer:1	bavasir:1
ਬਵੇਜਾ	baweja:3	baveja:1
ਬਸ	bas:2	bus:2
ਬਸਟਰ	bastar:2	buster:1
ਬਸਤਰ	bastar:3
ਬਸਤਰਾਂ	bastaran:2	bastran:1
ਬਸਤੀ	basti:2	bastee:1
ਬਸਤੀਆਂ	basstiaan:1	basteeaan:1	bastiaan:1
ਬਸਤੀਕਰਨ	bastikaran:2	basteekaran:1	bastiqaran:1
ਬਸਤੀਵਾਦ	basteevaad:1	bastivad:1	bastiwaad:1	bastiwad:1
ਬਸਤੀਵਾਦੀ	bastiwadi:2	basteevaadi:1	bastivadi:1
ਬਸਤੀਵਾਦੀਆਂ	bastiwadiaan:2	basteevaadeeaan:1	bastivadiaan:1
ਬਸਤੇ	baste:3
ਬਸਤ੍ਰ	bastr:2	basatra:1
ਬਸਨੇ	basne:3
ਬਸਪਾ	baspa:3
ਬਸਰ	basar:3
ਬਸਰਾ	basra:3
ਬਸਰੀ	basri:2	basree:1
ਬਸਰੇ	basre:3
ਬਸ਼ਰ	bashar:3
ਬਸ਼ਰਤੇ	basharte:2	basharate:1
ਬਸ਼ਾਰਤ	basharat:2	bashaarat:1
ਬਸ਼ੀਰ	basheer:2	bashir:1
ਬਸਾਂ	basaan:2	basan:1
ਬਸਿਆ	basiaa:3
ਬਸੀ	basi:2	basee:1
ਬਸੁ	basu:3
ਬਸੂ	basu:2	basoo:1
ਬਸੇ	base:3
ਬਸੇਰਾ	basera:2	baseraa:1
ਬਸੇਰੇ	basere:3
ਬਸੌਲੀ	basaulee:1	basauli:1	basoli:1
ਬਸੰਤ	basant:3
ਬਸੰਤੀ	basanti:2	basantee:1
ਬਹ	bah:3
ਬਹਾ	baha:3
ਬਹਾਅ	bahaa:1	bahaaa:1	bhaa:1
ਬਹਾਈ	bahai:2	bahaaee:1	bahayi:1
ਬਹਾਉਦੀਨ	bahaudeen:2	bahaudin:1	bhaaudeen:1
ਬਹਾਏ	bahaye:2	bahaae:1	bahae:1
ਬਹਾਦਰ	bahadar:2	bahadoor:1	bahadur:1	bhadar:1
ਬਹਾਦਰਗੜ੍ਹ	bahadargadh:1	bahadargarh:1	bhadargarh:1
ਬਹਾਦਰਪੁਰ	bahadarpur:3
ਬਹਾਦਰਸ਼ਾਹ	bahadarshah:2	bhadarshah:1
ਬਹਾਦਰਾਂ	bahadraan:1	bhaadran:1	bhadaraan:1
ਬਹਾਦਰੀ	bahaadari:1	bahadree:1	bahadri:1	bahdari:1
ਬਹਾਦੁਰ	bahaadur:1	bahadoor:1	bahadur:1	bhadur:1
ਬਹਾਦੁਰਪੁਰ	bahaadurpur:1	bahadurpur:1	bhadarpur:1
ਬਹਾਨਾ	bahaana:1	bahana:1	bhana:1
ਬਹਾਨੇ	bahaane:2	bahaanay:1	bahane:1
ਬਹਾਮਾਸ	bahaamaas:1	bahamass:1	bhamas:1
ਬਹਾਰ	bahaar:3
ਬਹਾਰਾਂ	baharan:2	bahaaraan:1	bahaaran:1
ਬਹਾਰੀ	bahari:2	bahaaree:1	baharee:1
ਬਹਾਲ	bahaal:2	bahal:1
ਬਹਾਲੀ	bahaalee:1	bahaali:1	bahalee:1	bahali:1
ਬਹਾਵਲਪੁਰ	bahavalpur:3	bahaavalpur:2	bahawalpur:2	bahaawalpur:1
ਬਹਿ	bahi:4
ਬਹਿਕੇ	bahike:3	bahikay:1
ਬਹਿਜਾ	bahija:3
ਬਹਿਣ	bahin:3	behan:1
ਬਹਿਣਾ	bahina:2	bahinaa:1	behna:1
ਬਹਿਣੀ	bahinee:2	bahini:2
ਬਹਿਤਰ	bahitar:2	behtar:2
ਬਹਿਤਰੀਨ	bahitreen:1	bahitrin:1	behatrin:1	behtreen:1
ਬਹਿਰ	bahir:2	beheer:1	behir:1
ਬਹਿਰਾ	bahira:2	behra:1
ਬਹਿਰਾਂ	bahiraan:1	bahiran:1	behran:1
ਬਹਿਰਾਮ	bahiram:2	behram:1
ਬਹਿਰਾਮਪੁਰ	bahirampur:2	behrampur:1
ਬਹਿਰੀ	bahiri:3	bahiree:1	behari:1
ਬਹਿਰੀਨ	bahirin:2	baahrain:1	bahirain:1	bahireen:1
ਬਹਿਲ	bahil:2	behl:1
ਬਹਿਲੀਮਾ	bahilima:2	bahileema:1	behlima:1
ਬਹਿਲੋਲ	bahilaul:1	bahilol:1	bahiloul:1	behlol:1
ਬਹਿਸ	bahis:3
ਬਹਿਸਾਂ	bahisan:2	bahimaan:1
ਬਹਿੰਦਾ	bahinda:2	behnda:1
ਬਹਿੰਦੇ	bahinde:2	behande:1
ਬਹੀ	bahi:6	bahee:1	behi:1
ਬਹੀਏ	baheee:1	bahie:1	bahiye:1
ਬਹੁ	bahu:4
ਬਹੁਅਰਥੀ	bahuarthi:2	bahuarathee:1	bahuarthee:1
ਬਹੁਕੌਮੀ	bahukaumee:1	bahukaumi:1	bahukoumi:1	bahumaumi:1
ਬਹੁਗਿਣਤੀ	bahuginatee:1	bahuginati:1	bahugintee:1	bahuginti:1
ਬਹੁਗੁਣਾ	bahuguna:3
ਬਹੁਚਰਚਿਤ	bahucharchit:3
ਬਹੁਜਨ	bahujan:3
ਬਹੁਤ	bahut:8
ਬਹੁਤਾ	bahuta:3
ਬਹੁਤਾਂ	bahutan:2	bahutaan:1
ਬਹੁਤਾਇਤ	bahutaait:2	bahutait:1
ਬਹੁਤਾਤ	bahutat:2	bahutaat:1
ਬਹੁਤਿਆਂ	bahutiaan:6
ਬਹੁਤੀ	bahuti:3	bahutee:1
ਬਹੁਤੀਆਂ	bahutiaan:3	bahuteeaan:1
ਬਹੁਤੇ	bahute:3
ਬਹੁਤੇਰੇ	bahutere:3
ਬਹੁਪਰਤੀ	bahuparti:2	bahuparatee:1
ਬਹੁਪਾਸਾਰੀ	bahupasari:2	bahupaasaaree:1
ਬਹੁਭਾਂਤੀ	bahubhanti:2	bahubhaantee:1
ਬਹੁਭਾਸ਼ਾਈ	bahubhaashaaee:1	bahubhashaai:1	bahubhashaee:1
ਬਹੁਭਾਸ਼ੀ	bahubhashi:2	bahubhaashee:1
ਬਹੁਮਤ	bahumat:3
ਬਹੁਮੁਖੀ	bahumukhi:2	bahumukhee:1
ਬਹੁਰਾਸ਼ਟਰੀ	bahurashtari:2	bahurashtaree:1
ਬਹੁਲ	bahul:3
ਬਹੁਲਤਾ	bahulta:2	bahulata:1
ਬਹੁਵਚਨ	bahuvachan:3	bahuwachan:1
ਬਹੂ	bahu:3	bahoo:1
ਬਾਂਕ	baank:2	bank:1	bannk:1
ਬਾਂਕਾ	banka:3	baanka:1
ਬਾਂਕੇ	baanke:2	banke:2
ਬਾਂਗ	bang:3	baang:2
ਬਾਂਗਰੂ	bangaru:2	baangaroo:1	bangru:1
ਬਾਂਗਲਾ	bangla:4	bangala:2	baangla:1
ਬਾਂਗਲਾਦੇਸ਼	bangaladesh:2	bangladesh:2
ਬਾਂਗਾ	banga:3	baanga:1
ਬਾਂਛਲ	banchhal:2	bancchal:1	banchal:1
ਬਾਂਝ	banjh:3	baanjh:1
ਬਾਂਝਪਨ	banjhpan:2	baanjhpan:1	banjhapan:1
ਬਾਂਡ	bond:2	baandh:1	band:1	bandh:1
ਬਾਂਦਰ	bandar:3	baandar:2
ਬਾਂਦਰਾ	bandra:2	baandara:1	baandra:1
ਬਾਂਦਰਾਂ	baandra:1	bandaran:1	bandra:1
ਬਾਂਦਾ	banda:3	bandha:1
ਬਾਂਧ	baandh:6	bandh:3
ਬਾਂਬੇ	bombay:3	baande:1	banbe:1	banbey:1
ਬਾਂਸ	baans:2	bans:2
ਬਾਂਸਲ	bansal:3	baansal:1
ਬਾਂਹ	baanh:2	banh:2
ਬਾਂਹਾਂ	baanha:1	baanhan:1	banha:1	banhan:1
ਬਾਇ	baai:2	bye:1
ਬਾਇਓ	baaitu:1	baio:1	baiyo:1
ਬਾਇਓਪਸੀ	biopsy:2	baaiupasi:1
ਬਾਇਰਨ	baairan:1	byron:1	byrun:1
ਬਾਈ	baai:5	baii:2	bayi:1
ਬਾਈਕਾਟ	boycott:3	baikot:2	baaikaat:1	baikat:1
ਬਾਈਟ	bite:2	byte:1
ਬਾਈਡਿੰਗ	biding:2	binding:1
ਬਾਈਧਾਰ	baaidhar:1	bidhar:1	bydhar:1
ਬਾਈਨਰੀ	bainaree:1	binaree:1	binary:1
ਬਾਈਬਲ	bible:5	bibal:1
ਬਾਉਲ	baaul:1	baoul:1	bowl:1
ਬਾਉਲੀ	baauli:1	baoulee:1	baouli:1	bowli:1
ਬਾਏ	bye:3	baye:2	baae:1	byee:1
ਬਾਕਸ	baks:2	baakas:1	baqs:1	boks:1
ਬਾਕਸਰ	boxer:2	baaksar:1	baksar:1	boxar:1
ਬਾਕਸਿੰਗ	boxing:2	baaksing:1	baksing:1	baqsing:1
ਬਾਕਾਇਦਾ	bakaida:2	bakaaidaa:1	baqaida:1
ਬਾਕੀ	baaki:2	baakee:1	baki:1	baqi:1
ਬਾਕੀਆਂ	baakiaan:2	bakiaan:2	baqiaan:2	baakeean:1
ਬਾਕੂ	baku:3	baaku:2	baqu:2	baakoo:1
ਬਾਖ਼ੂਬੀ	baakhoobi:1	bakhoobi:1	bakhubi:1	bakkhubi:1
ਬਾਖੂਬੀ	bakhubi:2	baakhoobi:1	bakhoobi:1
ਬਾਗ	baag:2	bag:2
ਬਾਗਬਾਨੀ	baagbani:2	bagbano:1	bangani:1
ਬਾਗਮਤੀ	bagmati:2	baagmati:1	bagmai:1
ਬਾਗਵਾਨੀ	baagvani:2	baagwani:2	bagvani:1	bagwani:1
ਬਾਗ਼	baag:2	bag:1	bagg:1
ਬਾਗ਼ਬਾਨੀ	bagbani:3	baagbani:1
ਬਾਗ਼ਾਂ	bagan:2	baghan:2	baggan:1
ਬਾਗ਼ੀ	baagi:2	baaghi:1	bagee:1	baghi:1
ਬਾਗ਼ੀਆਂ	baagian:2	baagiyan:1	bagian:1
ਬਾਗਾਂ	bagan:2	baghan:2
ਬਾਗੀ	baagi:2	baaghi:1	bagee:1	baggi:1
ਬਾਗੀਂ	baageen:1	baagi:1	bagee:1
ਬਾਗੜ	baagad:2	baagar:1	baagdh:1	baagrh:1
ਬਾਗੜੀ	baagadi:2	baagdi:1	baaghrhi:1	bagadi:1
ਬਾਗੜੀਆਂ	bagadiaan:1	bagarian:1	bagdan:1	bagdian:1
ਬਾਘ	baagh:3
ਬਾਘਾ	bagha:2	baagha:1
ਬਾਘੀ	baaghi:2	baghee:2
ਬਾਜ	baaj:7
ਬਾਜਪਾਈ	baajapaee:1	baajpai:1	bajpaai:1	bajpai:1
ਬਾਜਪੇਈ	bajpei:2	baajapeee:1	bajpeyi:1
ਬਾਜਰਾ	baajra:1	bajaraa:1	bajra:1
ਬਾਜਰੇ	baajre:2	bajare:1	bajre:1
ਬਾਜਵਾ	baajva:1	baajwa:1	bajawa:1	bajva:1
ਬਾਜਵੇ	bajve:2	bajwe:2
ਬਾਜ਼	baaz:3
ਬਾਜ਼ਾਰ	bazar:3	baazaar:2	baazar:2	bazaar:2
ਬਾਜ਼ਾਰਾਂ	bazaran:3	bazaaran:2	baazaran:1
ਬਾਜ਼ਾਰੀਕਰਨ	bazarikaran:2	baazarikaran:1
ਬਾਜ਼ਾਰੂ	bazaru:2	baazaru:1
ਬਾਜ਼ੀ	baazi:3	bazi:1
ਬਾਜ਼ੀਗਰ	baazigar:3	bazigar:1
ਬਾਜ਼ੀਗਰੀ	baazigari:2	bazigari:2
ਬਾਜਾਂ	baajan:2	bajan:1
ਬਾਜਾਰ	bajar:3	baajaar:1	baajar:1	bajaar:1
ਬਾਜਿਆ	baajiaa:1	bajean:1	bajia:1	bajian:1
ਬਾਜੀ	baaji:5	bajee:1	baji:1
ਬਾਜੀਗਰ	baajigar:3	bajigar:1
ਬਾਜੀਗਰਾਂ	baajigaran:2	bajigaran:2
ਬਾਜੀਰਾਓ	bajirao:2	bajirau:1	bajiraw:1
ਬਾਜੂ	baaju:2	bajoo:2	baju:1
ਬਾਜੇ	baje:2	baaje:1	bajay:1
ਬਾਝ	baajh:2	bajh:1
ਬਾਝੋਂ	bajhon:2	bajhou:1
ਬਾਟਨੀ	botany:2	baatnee:1	baatni:1	batani:1
ਬਾਟੇ	baate:2	baatay:1	bate:1
ਬਾਠ	baath:3	bath:1
ਬਾਠਾਂ	bathan:3	bathaan:1
ਬਾਡਰ	border:2	baadar:1	badar:1
ਬਾਡੀ	body:3
ਬਾਡੀਗਾਰਡ	baadeegaard:1	baadiigaard:1	badeegard:1	badiigard:1
ਬਾਡੀਜ਼	bodies:2	baadiz:1
ਬਾਣ	baan:5	ban:1
ਬਾਣਾ	baana:2	bana:2
ਬਾਣੀ	baani:5	bani:4	baanee:2	baanii:1
ਬਾਣੀਆ	baania:2	baaniaa:1	baaniya:1	bania:1
ਬਾਣੀਆਂ	baanian:1	baaniyan:1	baniaan:1	banian:1
ਬਾਣੀਏ	baanie:1	baaniye:1	banie:1	baniye:1
ਬਾਣੀਕਾਰ	banikar:2	baanikar:1	banikaar:1
ਬਾਣੇ	baane:3	baana:1	bana:1	banaa:1
ਬਾਤ	baat:5	bat:1
ਬਾਤਾ	bata:2	baata:1
ਬਾਤਾਂ	batan:3	baatan:1	bataan:1
ਬਾਥ	baath:1	baeth:1	bath:1	beth:1
ਬਾਥੂ	bathu:2	baathoo:1
ਬਾਦ	baad:4	bad:1
ਬਾਦਲ	baadal:4	badal:2	baadaal:1
ਬਾਦਸ਼ਾਹ	badshah:5	baadshah:2
ਬਾਦਸ਼ਾਹਤ	badshahat:2	baadshahat:1
ਬਾਦਸ਼ਾਹਾਂ	badshahan:2	baadshahan:1
ਬਾਦਸ਼ਾਹੀ	badshahi:2	baadshahee:1
ਬਾਦਸ਼ਾਹੀਆਂ	baadshaheean:1	badshahian:1	badshahiyaan:1
ਬਾਦਸਾਹਾਂ	badsahan:2	baadsahan:1
ਬਾਦੀ	baadee:1	baadi:1	badi:1
ਬਾਧਕ	badhak:2	baadhak:1
ਬਾਨ	baan:2	ban:1
ਬਾਨੀ	baani:2	bani:2
ਬਾਨੀਆਂ	banian:2	baaniyan:1	baniyan:1
ਬਾਨੋ	bano:2	baano:1
ਬਾਪ	baap:3
ਬਾਪੂ	baapu:2	bapu:2
ਬਾਬ	baab:2	bab:1	bob:1
ਬਾਬਤ	babat:2	baabat:1
ਬਾਬਰ	babar:3	baabar:2	babbar:1	babur:1
ਬਾਬਰੀ	babari:3	baabari:1
ਬਾਬਲ	baabal:2	babal:2
ਬਾਬਲਾ	baabala:2	babala:2
ਬਾਬਾ	baba:5	baaba:1	baabaa:1	babaa:1
ਬਾਬਿਆਂ	babian:4	baabeyan:2	babean:2	babiyan:2
ਬਾਬੀ	babi:2	baabi:1	babee:1	bobby:1
ਬਾਬੁਲ	baabul:2	babul:2
ਬਾਬੂ	babu:3	baabu:2	baabuu:1	babuu:1
ਬਾਬੂਲਾਲ	babulal:3	baabulal:1
ਬਾਬੇ	babe:4	baabe:2	baabee:1	babee:1
ਬਾਮ	bam:4	baam:1	bomb:1
ਬਾਮਕਸਦ	bamaksad:2	baamakasad:1
ਬਾਮਨ	baman:2	baaman:1
ਬਾਮਾ	bama:2	baama:1
ਬਾਯਜ਼ੀਦ	bayzid:2	baayazid:1	bayzeed:1	beyzid:1
ਬਾਯਲ	bayal:2	baayal:1
ਬਾਰ	bar:3	baar:1
ਬਾਰਕਲੇ	barclay:3	baarakale:1	barclai:1	barclaii:1
ਬਾਰਕਿੰਗ	barking:3	baaraking:1
ਬਾਰਠ	barath:2	baarath:1
ਬਾਰਡਰ	baardaar:1	baradara:1	bardar:1	barder:1
ਬਾਰਤਾ	baarata:1	barata:1	bartaa:1
ਬਾਰਨੀ	baarney:1	baarni:1	barney:1
ਬਾਰਬਰ	baarbar:2	barbar:2	barber:2	baarbaar:1
ਬਾਰਬਰਾ	barbara:3	baarbara:2	baarbaraa:1
ਬਾਰਬਾਡੋਸ	barbados:2	baarabados:1	barabadoos:1	barabados:1
ਬਾਰਬਿਕਯੂ	barbeque:3	barbekayu:1
ਬਾਰਬੀ	barbie:2	baarbi:1	barbi:1
ਬਾਰਲੀ	baarali:1	baarlee:1	barli:1
ਬਾਰਵੀਂ	baaravin:1	baarveen:1	barvin:1
ਬਾਰਸ਼	barash:2	baarash:1	barsh:1
ਬਾਰਸਿਲੋਨਾ	barcelona:2	baaraselona:1
ਬਾਰਸੀਲੋਨਾ	barcelona:3	baarasilona:1	baarcelona:1	baarcelonaa:1
ਬਾਰਹ	barah:2	baarah:1
ਬਾਰਹਮਾਹ	barahmah:2	barahaah:1
ਬਾਰਹਮਾਹਾ	barahmaha:2	baarahamaha:1
ਬਾਰਹਵੀਂ	baarahavin:1	barahveen:1	barahvin:1	barahwee:1
ਬਾਰਾ	baara:2	bara:2
ਬਾਰਾਂ	baran:2	baaran:1
ਬਾਰਾਂਮਾਹ	baranmah:2	baranmaah:1
ਬਾਰਾਤ	barat:2	baarat:1
ਬਾਰਾਬੰਕੀ	barabanki:2	barabankee:1
ਬਾਰਿ	bari:2	baair:1	baar:1	baari:1
ਬਾਰਿਕ	barik:3	bareek:1	brick:1
ਬਾਰਿਸ਼	barish:5	baarish:1
ਬਾਰੀ	bari:2	baari:1	bar:1	baree:1
ਬਾਰੀਆਂ	barian:2	bariyan:2
ਬਾਰੀਕ	barik:3	bareek:1	brick:1
ਬਾਰੀਕਬੀਨੀ	bareekbini:2	barikbini:2
ਬਾਰੀਕੀਆਂ	barikian:2	barikiyan:1
ਬਾਰੂਦ	barood:2	barud:2
ਬਾਰੂਦੀ	barudi:3
ਬਾਰੇ	bare:3
ਬਾਰੋਂ	baron:3
ਬਾਰ੍ਹਵਾਂ	barhvan:2	barahvan:1	barahwan:1
ਬਾਰ੍ਹਵੀਂ	barahvin:2	baharvee:1	barahwin:1	barhvin:1
ਬਾਰ੍ਹਾਂ	barhan:3	barahan:1
ਬਾਰ੍ਹੀਂ	barhin:3	barahi:1	barheen:1
ਬਾਰੰਬਾਰਤਾ	baranbarta:2	barambarta:1	barnbarta:1
ਬਾਲ	bal:7	baal:3	baall:1	bala:1
ਬਾਲਕ	balak:3
ਬਾਲਕਨ	balkan:4	baalkaan:1	baalkan:1	baalqan:1
ਬਾਲਕਾਂ	balkan:2	balakan:1
ਬਾਲਕੋਨੀ	balcony:3	baalcony:1	baalkaanee:1	baalkaani:1
ਬਾਲਗ	balag:4
ਬਾਲਗ਼	balag:2	blog:1
ਬਾਲਗਾਂ	balgan:2	balagan:1
ਬਾਲਟਿਕ	baltik:4	baltic:2	baaltic:1	baaltik:1
ਬਾਲਟੀ	balati:2	balti:2	balty:1
ਬਾਲਟੀਆਂ	baltian:2	baltiyan:1
ਬਾਲਣ	balan:3
ਬਾਲਣਾ	balana:2	balna:1
ਬਾਲਦੇ	balde:4	balade:1
ਬਾਲਨ	balan:4	baalan:1
ਬਾਲਪਣ	balpan:3
ਬਾਲਪਨ	balpan:3
ਬਾਲਮੀਕ	balmik:3
ਬਾਲਮੀਕੀ	balmiki:3
ਬਾਲਰੂਮ	ballroom:1	ballrum:1	ballruum:1	balroom:1
ਬਾਲ਼	bal:2	baal:1
ਬਾਲਾ	bala:4	baalaa:1	balaa:1
ਬਾਲਾਂ	balan:3
ਬਾਲਾਕੋਟ	balakot:3
ਬਾਲਾਜੀ	balaji:3	baalaajee:1	baalaaji:1	baalaajii:1
ਬਾਲਿਆ	balia:2	baliya:2	baaila:1	baaliaa:1
ਬਾਲਿਆਂ	baliaan:2	balian:1
ਬਾਲਿਕਾ	balika:2	baalika:1
ਬਾਲੀ	bali:4	baalee:1	baali:1	baalii:1
ਬਾਲੀਆ	baaleea:1	baleea:1	balia:1
ਬਾਲੀਆਂ	baaleaan:1	baleean:1	balian:1
ਬਾਲੀਵੁੱਡ	bollywood:3	balivudd:1	bollyvood:1	bollyvud:1
ਬਾਲੀਵੂਡ	balivood:1	ballywood:1	bollywood:1
ਬਾਲੂ	baloo:2	balu:1
ਬਾਲੇ	bale:3	baale:1	bail:1	balee:1
ਬਾਲੋ	balo:3
ਬਾਲੜੀ	baladi:2	balari:1	baldi:1
ਬਾਲੜੀਆਂ	baladian:1	baldian:1	baldiyan:1	balrian:1
ਬਾਵਜ਼ੂਦ	baavzood:1	bavjoot:1	bavzood:1
ਬਾਵਜੂਦ	baawjood:1	bavjood:1	bavjoot:1
ਬਾਵਨੀ	bavni:2	baavanee:1
ਬਾਵਰਚੀ	baawarchi:1	bavrchi:1	bawarchi:1
ਬਾਵਰਾ	bavra:2	bawara:1
ਬਾਵਰੀ	bavri:2	bawaree:1
ਬਾਵਾ	bava:2	bawa:2
ਬਾਵਿਆ	baawiaa:1	baviaa:1	baviya:1
ਬਾਵੇ	bave:2	baawe:1
ਬਾਵੇਜਾ	baweja:2	baveja:1
ਬਾਸ	baas:3	bass:2	boss:2	baass:1
ਬਾਸਕ	baasak:2	basak:1
ਬਾਸਕਟਬਾਲ	baasketbaal:1	basketbaal:1	basketbal:1	basketball:1
ਬਾਸਮਤੀ	basmati:3	baashmati:1	baasmaati:1	baasmatee:1
ਬਾਸ਼ਾ	basha:3
ਬਾਸ਼ਿੰਦਾ	bashinda:2	baashinda:1
ਬਾਸ਼ਿੰਦੇ	baashinde:1	baasinday:1	baasinde:1	bashinde:1
ਬਾਸ਼ੋ	basho:2	baashou:1	bashow:1
ਬਾਸੀ	baasi:2	baasee:1
ਬਾਸੂ	basu:2	baasoo:1	basoo:1
ਬਾਹਗਾ	bahga:2	baahga:1
ਬਾਹਮਣ	baahman:2	bahman:2
ਬਾਹਰ	bahar:2	baahar:1
ਬਾਹਰਮੁਖੀ	baharmukhee:1	baharmukhi:1	bahrmukhee:1	bahrmukhi:1
ਬਾਹਰਲਾ	baharala:1	baharla:1	baharlaa:1	bahrla:1
ਬਾਹਰਲੀ	baharli:2	baharalee:1	baharlee:1
ਬਾਹਰਲੀਆਂ	baharliaan:2	baaharleean:1	baharleean:1	bahraliaan:1
ਬਾਹਰਲੇ	baahrale:1	baharle:1	bahrale:1
ਬਾਹਰਵਾਰ	baaharwaar:1	baharvar:1	baharwar:1
ਬਾਹਰਾ	baaharaa:1	baahra:1	bahra:1
ਬਾਹਰਿ	baahari:2	bahri:1
ਬਾਹਰੀ	baahri:1	baharee:1	bahri:1
ਬਾਹਰੇ	baahare:2	bahre:1
ਬਾਹਰੋ	baaharo:2	bahro:1
ਬਾਹਰੋਂ	baaharon:2	bahron:1
ਬਾਹਲੀਆਂ	baahaliaan:1	bahaleean:1	bahliaan:1
ਬਾਹਵਾਂ	baahvan:1	bahawan:1	bahvan:1	bahwan:1
ਬਾਹਾ	baha:3
ਬਾਹਾਂ	bahan:2	bahaan:1
ਬਾਹੀ	baahee:1	baahi:1	bahi:1
ਬਾਹੀਆ	baahia:1	baahiaa:1	baahiia:1	bahia:1
ਬਾਹੀਆਂ	baaheean:1	baahiaan:1	bahiaan:1
ਬਾਹੂ	baahu:1	bahoo:1	bahu:1
ਬਾਹੂਬਲੀ	bahubali:2	bahoobalee:1
ਬਾਹੋ	baaho:2	baho:1
ਬਾਹੋਂ	baahon:2	bahon:1
ਬਾੜੀ	badee:1	badi:1	bari:1	barri:1
ਬਿਆਈ	biaai:1	biaaiee:1	biaaii:1	biai:1
ਬਿਆਨ	biaan:4	bian:2	biyaan:1	biyan:1
ਬਿਆਨਦੀ	beyanadi:1	biaanadee:1	biaandee:1	biaandi:1
ਬਿਆਨਬਾਜੀ	beyanabaji:1	biaanabaajee:1	byanbajee:1	byanbaji:1
ਬਿਆਨਾਂ	biaanan:2	beanan:1	beyana:1	biaanaan:1
ਬਿਆਨਿਆ	biaaniaa:2	beyaniya:1
ਬਿਆਸ	beas:3	beaas:2	biaas:2
ਬਿਉਰੋ	biuro:2	bureau:1
ਬਿਊਨਸ	beyonce:2	biunas:1
ਬਿਊਰੋ	bureau:10	biuro:1	biuroo:1	biyooroo:1
ਬਿਓਰਾ	beora:1	biora:1	biura:1
ਬਿਕਰਮ	bikram:3	bikaram:1
ਬਿਕਰਮਜੀਤ	bikramjeet:2	bikaramjeet:1
ਬਿਕਰਮੀ	bikrami:2	bikramee:1
ਬਿਕ੍ਰਮੀ	bikaramee:1	bikarmi:1	bikrami:1
ਬਿਖਰ	bikhar:4
ਬਿਖਰਨ	bikhran:2	bikharan:1
ਬਿਖਰਾ	bikhra:2	bikhara:1
ਬਿਖੇਰ	bikher:3
ਬਿਖੇਰਦਾ	bikherada:1	bikherda:1	bikherdaa:1
ਬਿਖੇਰਦੇ	bikherade:2	bikherde:1
ਬਿਖੇਰਿਆ	bikhereya:1	bikheria:1	bikheriaa:1
ਬਿਖੜੇ	bikhade:2	bikhde:1
ਬਿਗ	bigg:2	big:1	biga:1	bygg:1
ਬਿਗਾਨੇ	bigane:2	bigaane:1
ਬਿਗੜ	bigad:1	bigarh:1	bigd:1
ਬਿਗੜਦੀ	bigadadee:1	bigaddi:1	bigarhadi:1
ਬਿਗੜੇ	bigade:2	bigarhe:1
ਬਿਛੂ	bichoo:2	bichhoo:1
ਬਿਜਨੈਸ	business:2	bijnaes:1
ਬਿਜਨੌਰ	bijnaur:2	bijnor:1
ਬਿਜਲਈ	bijlai:2	bijlaee:1
ਬਿਜਲੀ	bijli:2	bijalee:1
ਬਿਜਲੀਕਰਨ	bijaleekaran:1	bijalikaran:1	bijlikaran:1
ਬਿਜ਼ਨਸ	business:3
ਬਿਜ਼ੰਤੀਨੀ	biijantiine:1	bijantine:1	bizantine:1	byjantiine:1
ਬਿਜਾਈ	bijai:4	bijaaee:2
ਬਿਜੈ	bijae:2	bijai:1
ਬਿਠਾ	bitha:3
ਬਿਠਾਇਆ	bithaia:1	bithaiaa:1	bithaiya:1
ਬਿਠਾਉਣ	bithaun:3
ਬਿਤਾ	bita:2	bitaa:1
ਬਿਤਾਇਆ	bitaia:1	bitaiaa:1	bitaiya:1
ਬਿਤਾਈ	bitai:2	bitaaee:1
ਬਿਤਾਉਂਦੇ	bitaunde:3
ਬਿਤਾਉਣ	bitaun:3
ਬਿਤਾਉਣਾ	bitauna:2	bitaunaa:1
ਬਿਤਾਏ	bitaae:1	bitae:1	bitaye:1
ਬਿਦਰ	bidar:2	bidr:1
ਬਿਦੇਸ	bides:3
ਬਿਧਾਨ	bidhan:2	bidhaan:1
ਬਿਧੀ	bidhi:3	bidhee:1
ਬਿਨ	bin:6	bine:1	binn:1
ਬਿਨਤੀ	binatee:1	binati:1	binti:1
ਬਿਨਯਾਮੀਨ	binyamin:2	binayaameen:1
ਬਿਨਾ	bina:6
ਬਿਨਾਂ	binan:3	bena:1	bina:1	binaan:1
ਬਿਨੈਕਾਰ	binaekaar:1	binaekar:1	binaikar:1
ਬਿਨੈਕਾਰਾਂ	binaekaran:2	binaikaran:1
ਬਿਨੋਦ	binod:3
ਬਿਨ੍ਹਾ	binha:3
ਬਿਨ੍ਹਾਂ	binhan:2	binhaan:1
ਬਿਪਤਾ	bipata:2	bipta:1
ਬਿਪਾਸ਼ਾ	bipasha:3	bipaasha:2	bipaasa:1	bipaasaa:1
ਬਿਬੇਕ	bibek:3
ਬਿਬੇਕਸਰ	bibekasar:1	bibeksar:1	bibeksr:1
ਬਿਮਲ	bimal:5	biml:1
ਬਿਮਲਾ	bimla:2	bimala:1
ਬਿਮਾਨ	biman:2	bimaan:1
ਬਿਮਾਰ	bimaar:3	bimar:3
ਬਿਮਾਰਾਂ	bimaran:2	bimaaraan:1
ਬਿਮਾਰੀ	bimari:4	bimaaree:1	bimaari:1
ਬਿਮਾਰੀਆ	bimaria:2	bimaareeaan:1
ਬਿਮਾਰੀਆਂ	bimaareeaan:2	bimarian:2	bimariyan:2
ਬਿਰਖ	birakh:4
ਬਿਰਜੂ	birajoo:1	birjoo:1	birju:1
ਬਿਰਤਾਂਤਕ	birtantak:2	birtantk:1
ਬਿਰਤਾਂਤਕਾਰ	birtantkar:2	birtantakaar:1
ਬਿਰਤਾਂਤਕੀ	birtantki:2	birtantakee:1
ਬਿਰਤੀ	birti:2	biratee:1
ਬਿਰਦੀ	biradee:1	biradi:1	birdi:1
ਬਿਰਧ	birdh:2	biradh:1
ਬਿਰਯਾਨੀ	birayani:1	biryaanee:1	biryani:1
ਬਿਰਲਾ	birala:2	birla:1
ਬਿਰਸਾ	birsa:3
ਬਿਰਹਾ	birha:3	biraha:2	birhaa:1
ਬਿਰਾਜਮਾਨ	biraajmaan:1	birajaman:1	birajman:1
ਬਿਰਾਜੇ	biraje:5	biraaje:1
ਬਿਰਾਦਰੀ	biradari:2	biraadaree:1
ਬਿਰੰਗੀਆਂ	birangeeaan:1	birangiaan:1	birangiyan:1
ਬਿਰੰਗੇ	birange:3
ਬਿਲ	bil:2	bill:1
ਬਿਲਕ	bilak:5	bilaka:1
ਬਿਲਕਿਸ	bilakis:2	bilkis:1
ਬਿਲਕੁਲ	bilkul:3
ਬਿਲਕੁੱਲ	bilkull:3
ਬਿਲਗਾ	bilaga:2	bilagaa:1
ਬਿਲਡਰ	builder:3	biladar:1	bildar:1	buildar:1
ਬਿਲਬੋਰਡ	bileeboard:1	bileebooard:1	bileeboord:1	bileebord:1
ਬਿਲਾ	bila:2	bilaa:1
ਬਿਲਾਂ	bilan:2	billan:1
ਬਿਲਾਲ	bilaal:3	bilal:2
ਬਿਲਾਵਲ	bilaval:4	bilaaval:1	bilawal:1
ਬਿਲਾਸ	bilaas:3
ਬਿਲਾਸਪੁਰ	bilaspur:4	bilaaspur:1
ਬਿਲਿਅਨ	billion:2	bilian:1	biliyan:1
ਬਿਲਿੰਗ	biling:2	billing:2
ਬਿਲੀ	bili:2	bily:2	beali:1	bealy:1
ਬਿਲੀਅਨ	biiliion:1	biilliion:1	biilliione:1	bilion:1
ਬਿਵਸਥਾ	bivasatha:3	bivasthaa:1	biwastha:1	biwstha:1
ਬਿਸ	bis:3
ਬਿਸਕੁਟ	biscuit:1	bishcuit:1	bishkit:1	bishkoot:1
ਬਿਸਤਰ	bistar:2	bistr:1
ਬਿਸਤਰਾ	bistara:2	bistra:1
ਬਿਸਤਰਿਆਂ	bistariaan:1	bistariyan:1	bistrian:1
ਬਿਸਤਰੇ	bistare:2	bistre:1
ਬਿਸਨ	bisan:2	bisn:1
ਬਿਸਮਾਰਕ	bismark:2	bismarak:1
ਬਿਸਮਿੱਲਾਹ	bismillah:2	bismilah:1
ਬਿਸਰਾਮ	bisram:3	bisraam:2	bisaram:1
ਬਿਸਵਾਸ	bisvas:2	bisawaas:1
ਬਿਸ਼ਟ	bishat:2	bisht:1
ਬਿਸ਼ਨ	bishan:2	bishn:1
ਬਿਸ਼ਨੀ	bishanee:1	bishani:1	bishni:1
ਬਿਸ਼ਨੋਈ	bishnoi:2	bishanoee:1
ਬਿਸ਼ਪ	bishap:1	bishhop:1	bishop:1
ਬਿਹਤਰ	bihatar:3
ਬਿਹਤਰੀ	bihataree:1	bihatri:1	bihtari:1
ਬਿਹਤਰੀਨ	bihatreen:2	bihatrin:1
ਬਿਹਬਲ	bihbal:2	bihabal:1
ਬਿਹਾਗੜਾ	bihagada:2	bihagadaa:1
ਬਿਹਾਰ	bihar:3	bihaar:2
ਬਿਹਾਰੀ	bihari:2	biharee:1
ਬਿੰਗ	bing:3
ਬਿੰਦ	bind:3
ਬਿੰਦੀ	bindi:2	bindee:1
ਬਿੰਦੀਆਂ	bindeeaan:1	bindiaan:1	bindiyan:1
ਬਿੰਦੁ	bindu:6
ਬਿੰਦੂ	bindu:4	bindoo:2
ਬਿੰਦੂਆਂ	bindooaan:1	binduaan:1	binduyan:1
ਬਿੰਦੂਸਾਰ	bindoosaar:1	bindusaar:1	bindusar:1
ਬਿੰਨ	bin:2	binn:1
ਬਿੰਨੀ	binni:2	binnee:1	binny:1
ਬਿੰਨੂ	binnu:2	binnoo:1
ਬਿੰਬਾਂ	biban:1	bimbaan:1	bimban:1
ਬਿੰਬਾਵਲੀ	bimbavali:2	bimbaavalee:1
ਬਿੱਛੂ	bichchoo:1	bichhoo:1	bichoo:1
ਬਿੱਟ	bit:2	bitt:2	beat:1
ਬਿੱਟਾ	bita:2	bitta:1
ਬਿੱਲਾ	billa:3
ਬਿੱਲੀ	billi:5	billee:1
ਬਿੱਲੀਆਂ	billeeaan:1	billiaan:1	billiyan:1
ਬਿੱਲੋ	billo:2	bilo:1
ਬੀ	bee:2	bi:2	bea:1
ਬੀਅ	bia:3
ਬੀਅਰ	bear:1	beer:1	beerh:1	beyarh:1
ਬੀਏਨ	beeen:1	bien:1	biyen:1
ਬੀਕਾ	bika:2	beeka:1
ਬੀਕਾਨੇਰ	bikaner:3	beekaaner:1	beekanar:1	beekaneer:1
ਬੀਗਲ	bigal:2	beegal:1
ਬੀਚ	beech:3	beach:2	bich:2	bech:1
ਬੀਜ	beej:3	bij:1
ਬੀਜਣ	bijan:2	beejan:1
ਬੀਜਦੇ	beejade:1	beejde:1	bijade:1
ਬੀਜਾਂ	beejaan:1	beejan:1	bijan:1
ਬੀਜਾਂਗੇ	beejaange:1	beejange:1	bijange:1
ਬੀਜਾਪੁਰ	beejaapur:1	beejapur:1	bijapur:1
ਬੀਜਿਆ	beejiaa:1	bijeya:1	bijia:1
ਬੀਜਿੰਗ	beejing:2	beijing:2	bijing:2	beejiing:1
ਬੀਜੀ	beejee:2	biji:1	busy:1
ਬੀਜੀਆਂ	beejeeaan:1	beejeean:1	bijiyan:1
ਬੀਜੀਏ	beejeeae:1	beejeee:1	bijiye:1
ਬੀਜੂ	beejoo:1	bijoo:1	biju:1
ਬੀਜੇ	beeje:2	bije:1
ਬੀਜੇਪੀ	beejepee:1	beejepi:1	bijepi:1	bjp:1
ਬੀਟ	beet:3	beat:1	bit:1
ਬੀਟਲ	beetal:2	beatal:1	bital:1
ਬੀਟਾ	beetaa:1	beta:1	betaa:1	biitaa:1
ਬੀਡ	beed:2	bead:1	bed:1	bid:1
ਬੀਣਾ	beena:2	bina:2
ਬੀਤ	beet:3	bit:1
ਬੀਤਣ	beetan:2	bitan:1
ਬੀਤਦਾ	bitada:2	beetada:1
ਬੀਤਿਆ	beetiaa:1	biteya:1	bitia:1
ਬੀਤੀ	biti:2	beetee:1
ਬੀਤੀਆਂ	beeteeaan:1	bitian:1	bitiyan:1
ਬੀਤੇ	beete:2	bite:1
ਬੀਨ	been:3	bean:2	bene:1	biin:1
ਬੀਨਾ	bina:3	beena:1	beenaa:1	biina:1
ਬੀਨੀ	bini:2	beenee:1
ਬੀਨੂ	binu:2	beenoo:1
ਬੀਨੂੰ	beenoon:1	binnu:1	binoon:1	binun:1
ਬੀਫ	beef:1	beeph:1	bif:1	biif:1
ਬੀਫ਼	beef:2	beeph:1
ਬੀਬਾ	biba:2	beeba:1
ਬੀਬੀ	bibi:2	beebee:1	bibii:1	biibi:1
ਬੀਬੀਆਂ	beebeeaan:2	bibiaan:2	bibian:2
ਬੀਬੀਵਾਲਾ	beebeevaala:1	beebeewala:1	bibiwala:1
ਬੀਮ	beam:2	beem:2	bem:1	biim:1
ਬੀਮਾ	beema:2	bima:1
ਬੀਮਾਂ	beemaan:1	beeman:1	bimaan:1
ਬੀਮਾਰ	beemaar:1	beemar:1	bimaar:1
ਬੀਮਾਰਾਂ	beemaaraan:1	beemaran:1	bimaran:1
ਬੀਮਾਰੀ	bimari:2	beemaaree:1
ਬੀਮਾਰੀਆਂ	beemaareeaan:1	bimariaan:1	bimarian:1
ਬੀਮੇ	beeme:2	bime:1
ਬੀਰ	beer:3
ਬੀਰਤਾ	beerta:2	beerata:1
ਬੀਰੋ	beero:2	biro:1
ਬੀਰੋਕੇ	beeroke:2	biroke:1
ਬੀਵਰ	beavar:1	beaver:1	beawer:1	bever:1
ਬੀਵੀ	beewee:1	beewi:1	biwi:1
ਬੀਸ	bees:4	beesh:1	biis:1	biish:1
ਬੀਸਟ	bisat:2	beast:1	beesat:1
ਬੀਹ	beeh:2	bih:2
ਬੀਹਲਾ	bihala:2	beehala:1
ਬੀਹਵੀਂ	bihavin:2	beehaveen:1
ਬੀੜ	beed:2	beerh:1
ਬੀੜਾ	beeda:1	bida:1	birha:1
ਬੀੜਾਂ	beedan:1	bidan:1	birhaan:1
ਬੁਕ	boke:1	book:1	booq:1	boqe:1
ਬੁਕਰ	bukar:4	bookar:1	booker:1	booqer:1
ਬੁਕਸ	books:3
ਬੁਕਿੰਗ	booking:4	bokin:1	boking:1	bookin:1
ਬੁਖ਼ਾਰ	bukhar:2	bukhaar:1
ਬੁਖ਼ਾਰੀ	bukhari:2	bukhaaree:1
ਬੁਖਾਰ	bukhar:3
ਬੁਖਾਰੀ	bukharee:1	bukhari:1	bukharii:1	buqharee:1
ਬੁਖਾਰੇ	bukhare:3
ਬੁਗਤੀ	bugati:2	bugatee:1
ਬੁਛਾੜ	buchad:1	bucharh:1	buchhad:1
ਬੁਜ਼ਦਿਲ	buzdil:2	buzadil:1
ਬੁਝ	bujh:5
ਬੁਝਣ	bujan:1	bujhn:1	bujjhan:1
ਬੁਝਾ	bujha:4
ਬੁਝਾਉਣ	bujhaaun:2	bujhaun:2
ਬੁਝਾਊ	bujhau:2	bujhaau:1
ਬੁਝਾਰਤ	bujharat:3
ਬੁਝਾਰਤਾ	bujharta:2	bujharata:1
ਬੁਝਾਰਤਾਂ	bujhartan:2	bujharatan:1
ਬੁਢਲਾਡਾ	budhlada:2	budhalada:1
ਬੁਢਾ	budha:3
ਬੁਢਾਪਾ	budhapa:2	budhaapa:1
ਬੁਢਾਪੇ	buddhape:1	budhaape:1	budhape:1
ਬੁਢੀ	budhi:2	budhee:1
ਬੁਢੇ	budhe:3
ਬੁਢੇਪਾ	budhepa:3
ਬੁਢੜਾ	budhada:1	budhda:1	dudhada:1
ਬੁਢੜੇ	budhade:2	budhde:1
ਬੁਣਤੀ	bunati:3
ਬੁਣਨ	bunan:3
ਬੁਣਨਾ	bunana:3
ਬੁਣਾਈ	bunai:2	bunaaee:1
ਬੁਣਿਆ	buniaa:2	buniya:1
ਬੁਣੀ	buni:3
ਬੁਣੇ	bune:3
ਬੁਤ	but:3
ਬੁਧ	budh:3
ਬੁਧੀ	budhi:3
ਬੁਧੀਜੀਵੀ	budhijivi:2	budhijiwi:1
ਬੁਧੀਜੀਵੀਆਂ	budhijiviaan:1	budhijiviyan:1	budhijiwiaan:1
ਬੁਧੂ	budhu:3
ਬੁਨਣਾ	bunana:2	bunanna:1
ਬੁਨਿਆਦ	buniaad:3	buniad:1	buniyad:1
ਬੁਨਿਆਦਾਂ	buniaadan:1	buniadan:1	buniyadan:1
ਬੁਨਿਆਦੀ	buniadi:3	buniaadi:2	buniyadi:2	binuaadi:1
ਬੁਮਰਾਹ	bumrah:2	bumraah:1
ਬੁਰਕਾ	burka:3
ਬੁਰਕੀ	burki:2	buraki:1
ਬੁਰਕੀਆਂ	burkeeaan:1	burkiaan:1	burkian:1
ਬੁਰਕੀਨਾ	burkina:3	borkiina:1	borkina:1	borqina:1
ਬੁਰਜ	buraj:3
ਬੁਰਜ਼ਵਾ	burazava:1	burazva:1	burzava:1
ਬੁਰਜੀਆਂ	burjeeaan:1	burjiaan:1	burjian:1
ਬੁਰਜੂਆ	burjooaa:1	burjua:1	burjuaa:1
ਬੁਰਸ਼	burash:3	bras:1	brash:1	brashh:1
ਬੁਰਹਾਨਪੁਰ	burhanpur:2	burhaanpur:1
ਬੁਰਾ	bura:3
ਬੁਰਾਈ	buraaee:1	buraai:1	burai:1
ਬੁਰਾਈਆ	buraaeeaa:1	buraaiaa:1	buraia:1
ਬੁਰਾਈਆਂ	buraaeeaan:1	buraaiaan:1	buraian:1
ਬੁਰੀ	buri:3
ਬੁਰੀਆਂ	bureeaan:1	buriaan:1	burian:1
ਬੁਰੂੰਡੀ	barundi:1	barundii:1	baruundi:1	burunde:1
ਬੁਰੇ	bure:3
ਬੁਲਗਾਰੀਆ	bulgaariaa:2	bulgaria:2	bulagaria:1	bulgariaa:1
ਬੁਲਟ	bulat:3	bullet:3	bulatt:1
ਬੁਲਬੁਲ	bulbul:4
ਬੁਲਬੁਲਾ	bulbula:4
ਬੁਲਬੁਲਿਆਂ	bulbuliaan:1	bulbulian:1	bulbuliyan:1
ਬੁਲਵਾ	bulva:3
ਬੁਲਾ	bula:6
ਬੁਲਾਇਆ	bulaaiaa:2	bulaia:2	bulayiya:2
ਬੁਲਾਈ	bulaai:3	bulai:1	bulayi:1
ਬੁਲਾਉਂਦਾ	bulaunda:2	bulaaunda:1
ਬੁਲਾਉਂਦੀ	bulaundi:2	bulaaundi:1
ਬੁਲਾਉਂਦੇ	bulaunde:3
ਬੁਲਾਉਣ	bulaun:2	bulaaun:1
ਬੁਲਾਉਣੇ	bulaaune:2	bulaune:2
ਬੁਲਾਉਦਾ	bulauda:2	bulaauda:1
ਬੁਲਾਏ	bulaae:2	bulae:1	bulaye:1
ਬੁਲਾਣ	bulan:2	bulaan:1
ਬੁਲਾਰਾ	bulara:3
ਬੁਲਾਰਿਆਂ	bulariaan:1	bularian:1	bulariyan:1
ਬੁਲਾਰੀ	bulari:2	bulaari:1
ਬੁਲਾਰੇ	bulare:3
ਬੁਲਾਵੇ	bulaave:2	bulave:1
ਬੁਲੇਟ	bulet:3	bullet:2	boolet:1	boolleet:1
ਬੁਲ੍ਹ	bulh:2	bull:1
ਬੁਲ੍ਹਾਂ	bulhan:3
ਬੁਲ੍ਹਿਆ	bulhia:1	bulhiaa:1	bulhiya:1
ਬੁਲ੍ਹੇ	bulhe:3
ਬੁਲੰਦ	bulamd:1	buland:1	bulnd:1
ਬੁਲੰਦੀ	bulamdi:1	bulandi:1	bulndi:1
ਬੁਲੰਦੀਆਂ	bulamdiyan:1	bulandiaan:1	bulndeean:1
ਬੁਸ਼	bush:4	bash:1	bus:1	bushh:1
ਬੁਸਾਨ	boosan:1	booshan:1	booshhan:1	busan:1
ਬੁਹਤ	buhat:3
ਬੁੜਕ	budak:2	burhak:1
ਬੁੜੀ	budi:2	burhi:1
ਬੁੰਗੇ	bunge:3
ਬੁੰਦੇਲਖੰਡ	bundelkhand:2	bundelakhand:1
ਬੁੱਕਣ	bukan:1	bukkan:1	bukkann:1
ਬੁੱਕਲ	bukkal:2	bukal:1
ਬੁੱਕਸ	books:3
ਬੁੱਚੜ	buchad:2	bucharh:1
ਬੁੱਚੜਖ਼ਾਨੇ	buchadkhaane:1	buchadkhane:1	bucharhkhane:1
ਬੁੱਚੜਖਾਨੇ	buchadkhaane:1	buchadkhane:1	bucharhkhane:1
ਬੁੱਝ	bujh:2	bujhh:1
ਬੁੱਝਣ	bujjhan:2	bujhjhn:1
ਬੁੱਝੇ	bujhe:2	bujhhe:1
ਬੁੱਟਰ	buttar:3
ਬੁੱਟਰਾਂ	buttaran:2	buttran:1
ਬੁੱਢਾ	buddha:3
ਬੁੱਢਿਆਂ	buddhiaan:3
ਬੁੱਢੀ	buddhi:3
ਬੁੱਢੇ	buddhe:3
ਬੁੱਤ	but:2	butt:2
ਬੁੱਧ	budh:2	bhooddha:1	bhuddha:1	buddh:1
ਬੁੱਧਮਤ	budhmat:2	budhamat:1
ਬੁੱਧਵਾਰ	budhwar:2	budhvar:1
ਬੁੱਧਾ	budha:3
ਬੁੱਧੀ	budhi:3
ਬੁੱਧੀਜੀਵੀ	budhijivi:2	budhijiwi:1
ਬੁੱਧੀਜੀਵੀਆਂ	budhijiviaan:2	budhijiviyan:2	budhijiwiaan:2
ਬੁੱਧੀਮਾਨ	budhiman:2	budhimaan:1
ਬੁੱਧੀਮਾਨੀ	budhimani:3
ਬੁੱਧੂ	budhu:3
ਬੁੱਲਾ	bulla:2	bula:1
ਬੁੱਲਾਂ	bullan:2	bullaan:1
ਬੁੱਲੇ	bulle:3
ਬੁੱਲ੍ਹ	bulh:2	bull:1
ਬੁੱਲ੍ਹਾ	bulha:2	bullha:1
ਬੁੱਲ੍ਹੇ	bulhe:2	bullhe:1
ਬੁੱਸ਼	bush:2	bushh:1
ਬੂ	boo:3	bu:1
ਬੂਆ	bua:2	booaa:1	buya:1
ਬੂਜ਼	buz:2	booz:1
ਬੂਝ	bujh:2	boojh:1
ਬੂਟਾ	buta:2	butta:1
ਬੂਟਾਂ	butan:2	buttan:1
ਬੂਟਿਆਂ	buteyan:1	butian:1	buttiyan:1
ਬੂਟੀ	booty:1	buti:1	butti:1
ਬੂਟੀਆਂ	bootian:1	butiyan:1	buttiyan:1
ਬੂਟੇ	bute:2	butte:1
ਬੂਢ਼ੇ	budhe:2	budde:1
ਬੂਤੇ	bute:2	boote:1
ਬੂਥ	boath:1	boeth:1	booth:1	buth:1
ਬੂਥੇ	buthe:3
ਬੂਬਰ	bubar:2	boober:1
ਬੂਰ	bur:3
ਬੂਰਾ	bura:3
ਬੂਲੇ	bule:3
ਬੂਹਾ	buha:2	booha:1
ਬੂਹਿਆਂ	boohiaan:1	buheyan:1	buhian:1
ਬੂਹੇ	buhe:2	boohe:1
ਬੂੰਦ	bund:2	boond:1
ਬੂੰਦਾਂ	bundan:2	boondan:1
ਬੂੰਦੀ	bundi:2	boondi:1
ਬੇ	bay:1	be:1	bey:1
ਬੇਂਜਾਮਿਨ	benjamin:2	bejamin:1
ਬੇਂਦਰੇ	bendare:2	bendre:1
ਬੇਅਦਬੀ	beadabi:2	beadbi:1
ਬੇਅਰ	beyar:3	bayar:1	bayeer:1	bayer:1
ਬੇਅਰਡ	beard:2	bearad:1	bearadh:1
ਬੇਅੰਤ	beant:3
ਬੇਇਜਤੀ	beijati:2	beyijati:1
ਬੇਇਨਸਾਫ਼ੀ	beinsafi:1	beinsaphi:1	beyinasafi:1
ਬੇਇਨਸਾਫੀਆਂ	beinsaafeeaan:1	beinsafian:1	beyinsafiyan:1
ਬੇਇਮਾਨੀ	beimaani:1	beimani:1	beyimani:1
ਬੇਇੰਤਹਾ	beintaha:2	beyintaha:1
ਬੇਇੱਜਤ	beijat:1	beijjat:1	beyijat:1
ਬੇਇੱਜ਼ਤ	beizat:1	beizzat:1	beyizzat:1
ਬੇਇੱਜ਼ਤੀ	beizati:1	beizzati:1	beyizati:1
ਬੇਈਮਾਨ	beeemaan:2	beiman:2	beyimaan:1	beyiman:1
ਬੇਈਮਾਨੀ	beeemaani:1	beiman:1	beyimani:1
ਬੇਔਲਾਦ	beaulad:2	beaulaad:1
ਬੇਕਨ	bekan:4	bacon:1	bakon:1	baqon:1
ਬੇਕਰ	bekar:2	bakar:1	bakeer:1	baker:1
ਬੇਕਰੀ	bekari:3	bakery:2	bakary:1	baqery:1
ਬੇਕਸੂਰ	bekasur:2	bekasoor:1
ਬੇਕਾਇਦਾ	bekaaida:1	bekaida:1	bekayida:1
ਬੇਕਾਬੂ	bekabu:2	bekaaboo:1	bekaabu:1
ਬੇਕਾਰ	bekaar:2	bekar:1
ਬੇਕਾਰੀ	bekari:2	bekaari:1
ਬੇਕਿਰਕ	bekirak:3
ਬੇਕਿੰਗ	backin:1	backing:1	bacqing:1	bakin:1
ਬੇਖਮ	beckham:1	beckhum:1	becqham:1	becqhum:1
ਬੇਖ਼ਬਰ	bekhabar:3
ਬੇਖੌਫ	bekhauf:2	bekhouf:1
ਬੇਗ	beg:4	beeg:1
ਬੇਗਮ	begam:4	begama:1	begum:1
ਬੇਗ਼ਮ	begam:2	begham:1
ਬੇਗਾਨਗੀ	begaanagi:1	begaangi:1	beganagi:1
ਬੇਗਾਨੀ	begaani:2	begani:1
ਬੇਗਾਨੇ	begaane:2	begane:1
ਬੇਗੁਨਾਹ	begunah:2	begunaah:1
ਬੇਗੁਨਾਹਾਂ	begunahan:3
ਬੇਗੁਨਾਹੀ	begunahi:2	begunaahee:1
ਬੇਗੋ	bego:3
ਬੇਗੋਵਾਲ	begovaal:1	begowaal:1	begowal:1
ਬੇਘਰ	beghar:3
ਬੇਘਰਿਆਂ	beghareyan:1	beghariaan:1	begharian:1
ਬੇਚ	bech:3
ਬੇਚਣ	bechan:3
ਬੇਚੈਨ	bechain:2	bechaen:1
ਬੇਚੈਨੀ	bechaenee:1	bechaeni:1	bechaini:1
ਬੇਜ਼ਮੀਨੇ	bezamine:1	bezmeene:1	bezmine:1
ਬੇਜਾਨ	bejan:2	bejaan:1
ਬੇਜੋੜ	bejod:5	bejorh:1
ਬੇਟ	bet:2	bett:1
ਬੇਟਾ	beta:2	betta:1
ਬੇਟਿਆਂ	beteyan:1	betian:1	bettiyan:1
ਬੇਟੀ	beti:2	betti:1
ਬੇਟੀਆਂ	betian:1	betiyan:1	bettiyan:1
ਬੇਟੇ	bete:2	bette:1
ਬੇਡ	bed:3
ਬੇਢੰਗੇ	bedange:1	bedhange:1	bedhnge:1
ਬੇਤਰਤੀਬ	betaratib:1	betartib:1	betrteeb:1
ਬੇਤਰਤੀਬੇ	betaratibe:1	betarteebe:1	betrteebe:1
ਬੇਤਵਾ	betva:2	betava:1
ਬੇਤਹਾਸ਼ਾ	betahasha:2	bethasha:1
ਬੇਤਾਬ	betaab:2	betab:1
ਬੇਤੁਕੀ	betuki:3
ਬੇਤੁਕੀਆਂ	betukeeaan:1	betukeean:1	betukiyan:1
ਬੇਦਖਲੀ	bedakhali:1	bedakhli:1	bedkhli:1
ਬੇਦਖ਼ਲ	bedakhal:2	bedkhl:1
ਬੇਦਾਂ	bedan:3
ਬੇਦਾਗ਼	bedag:2	bedaagh:1
ਬੇਦਾਵਾ	bedava:2	bedaava:1
ਬੇਦਾਵੀਏ	bedaviye:2	bedavie:1
ਬੇਦਾਵੇ	bedave:3
ਬੇਦਿਲ	bedil:3
ਬੇਦੀ	bedi:4	bedii:1
ਬੇਧਿਆਨੀ	bedheyani:1	bedhiani:1	bedhiyani:1
ਬੇਨਜ਼ੀਰ	benazir:3	benajear:1	benajeer:1	benajir:1
ਬੇਨਜੀਰ	benajir:2	benjir:1
ਬੇਨਤੀ	benati:3
ਬੇਨਤੀਆਂ	benatiyan:2	benatian:1
ਬੇਨਾਮ	benam:3	benaam:1
ਬੇਨਿਨ	benin:4	beeneen:1	beenin:1	beeninee:1
ਬੇਨੇਗਲ	benegal:3
ਬੇਨੇਡਿਕਟ	benedekat:1	benedikat:1	benedikatt:1
ਬੇਪਨਾਹ	bepanah:3
ਬੇਪਰਵਾਹ	beparvah:2	beparavah:1
ਬੇਪਰਵਾਹੀ	beparvahi:2	beparavahi:1
ਬੇਫ਼ਿਕਰ	befikar:5	bephikar:1
ਬੇਬਾਕ	bebak:2	bebaak:1
ਬੇਬਾਕੀ	bebaki:3
ਬੇਬੀ	bebi:4	baby:2	bebee:1	bebii:1
ਬੇਬੁਨਿਆਦ	bebuneyad:1	bebuniaad:1	bebuniyad:1
ਬੇਬੇ	bebe:4	bebee:1	beebe:1	beebee:1
ਬੇਬੱਸ	bebas:3
ਬੇਮਿਸਾਲ	bemisal:2	bemisaal:1
ਬੇਮੁਖ	bemukh:3
ਬੇਮੇਲ	bemel:3
ਬੇਮੌਸਮੀ	bemausami:1	bemosami:1	bemousami:1
ਬੇਰ	ber:3
ਬੇਰਹਿਮ	berahim:2	berahem:1
ਬੇਰਹਿਮੀ	berahimi:2	berahemi:1
ਬੇਰੀ	beri:3	berree:2	berri:2	berrii:2
ਬੇਰੀਆਂ	beriaan:1	berian:1	beriyan:1
ਬੇਰੁਜ਼ਗਾਰ	beruzgar:2	beruzgaar:1
ਬੇਰੁਜ਼ਗਾਰਾਂ	beruzgaran:3
ਬੇਰੁਜ਼ਗਾਰੀ	beruzgari:3
ਬੇਰੂਤ	beroot:2	berut:2	beeirrut:1	beirrut:1
ਬੇਰੋਜਗਾਰੀ	berojgari:2	berozgari:1
ਬੇਰੋਜ਼ਗਾਰੀ	berozgari:3
ਬੇਲ	bail:4	bell:2	bale:1	balee:1
ਬੇਲਗਾਮ	belagam:2	belagaam:1	belgaum:1
ਬੇਲਾ	bela:4	belaa:1
ਬੇਲਾਂ	belan:2	belaan:1
ਬੇਲਾਰੂਸ	belaroos:4	baalaarus:1	balarus:1	beelaaroos:1
ਬੇਲੀ	beli:4	baiiley:1	baileey:1	bailey:1
ਬੇਲੇ	bele:3	belle:1
ਬੇਲੋੜਾ	beloda:2	belora:1	belorha:1
ਬੇਲੋੜੀ	belodi:5	belodhi:1	belorhi:1	belori:1
ਬੇਲੋੜੀਆਂ	belodeean:1	belodian:1	belorhiaan:1	belorian:1
ਬੇਲੋੜੇ	belode:2	belore:1	belorhe:1
ਬੇਵਕੂਫ	bevakoof:1	bevkoof:1	bewakoof:1
ਬੇਵਕੂਫ਼ੀ	bevakuphi:1	bevkoofi:1	bewakoofi:1
ਬੇਵਜ੍ਹਾ	bevajha:2	bewajha:1
ਬੇਵਫ਼ਾ	bewafa:2	bevapha:1
ਬੇਵਫ਼ਾਈ	bewafai:2	bevaphayi:1
ਬੇਵਫਾ	bewafa:2	bevafa:1
ਬੇਵਫਾਈ	bewafai:4	bevafayi:2
ਬੇਵੱਸ	bevas:1	bevss:1	bewass:1
ਬੇਸਣ	besan:3
ਬੇਸਨ	besan:3
ਬੇਸਬਰੀ	besabari:2	besbri:1
ਬੇਸਬਾਲ	basebaal:1	basebal:1	baseball:1	baseebaal:1
ਬੇਸਮੈਂਟ	basement:1	besmaent:1	besmaint:1	besmentt:1
ਬੇਸਹਾਰਾ	besahara:3
ਬੇਸ਼ਕ	beshak:3
ਬੇਸ਼ਕੀਮਤੀ	beshakimati:2	beshkimati:1
ਬੇਸ਼ਰਮ	besharam:2	beshrm:1
ਬੇਸ਼ੁਮਾਰ	beshumar:2	beshumaar:1
ਬੇਸ਼ੱਕ	beshak:3
ਬੇਸੈਂਟ	besaint:2	besaent:1
ਬੇਹਤਰ	behatar:2	behtar:1
ਬੇਹਤਰੀਨ	behatareen:1	behatarin:1	behtarin:1
ਬੇਹਾਲ	behaal:2	behal:1
ਬੇਹਿਸਾਬ	behisaab:2	behisab:1
ਬੇਹੁਰਮਤੀ	behurmati:2	behuramati:1
ਬੇਹੋਸ਼	behosh:3
ਬੇਹੋਸ਼ੀ	behoshi:3
ਬੇਹੱਦ	behad:2	behadd:1
ਬੇੜਾ	beda:2	berha:1
ਬੇੜਿਆਂ	bedian:1	bediyan:1	berhiaan:1
ਬੇੜੀ	bedi:5	berhi:1
ਬੇੜੀਆਂ	bedian:1	bediyan:1	berhiaan:1
ਬੇੜੇ	bede:2	berhe:1
ਬੈਂਕ	baink:2	bank:2	benk:2
ਬੈਂਕਾਂ	bainkan:2	bankaan:2	benkan:2
ਬੈਂਕਾਕ	bainkak:2	bangkok:2	benkak:2
ਬੈਂਕਿੰਗ	bainking:2	banking:2	benking:2
ਬੈਂਕੋ	bainko:1	banko:1	benko:1
ਬੈਂਗ	baing:1	bang:1	beng:1
ਬੈਂਗਣ	baigann:1	baingn:1	bengan:1
ਬੈਂਗਣੀ	bainganni:1	baingni:1	bengani:1
ਬੈਂਗਨੀ	baegani:1	baingni:1	bengani:1
ਬੈਂਗਲੁਰੂ	bengaluru:2	baingluroo:1
ਬੈਂਗਲੋਰ	bainglor:2	banglore:2	bengalor:1	benglor:1
ਬੈਂਗਲੌਰ	banglore:2	baiglaur:1	bainglaur:1	bengalor:1
ਬੈਂਚ	bench:2	bainch:1
ਬੈਂਜ਼	benz:2	bainz:1
ਬੈਂਜਾਮਿਨ	benjamin:2	bainjamin:1
ਬੈਂਡਮਿੰਟਨ	badminton:1	baindmintn:1	bedmintan:1
ਬੈਂਤ	baent:1	baint:1	bent:1
ਬੈਂਸ	bens:3	bains:2	bainsh:1	bans:1
ਬੈਕਗ੍ਰਾਉਂਡ	background:2	baikgraund:1
ਬੈਕਟੀਰੀਅਲ	bacterial:1	baiktireeal:1	baktirial:1
ਬੈਕਟੀਰੀਆ	bacteria:2	backtiriaa:1	bacteriaa:1	baekteeriaa:1
ਬੈਕਿੰਗ	baenkin:1	baenking:1	baenqing:1	bankin:1
ਬੈਗ	bag:2	baeg:1	baig:1	beyg:1
ਬੈਚਲਰ	bachelar:2	bachelor:1	baechlaar:1	baechlar:1
ਬੈਚੁਲਰ	bachelar:1	baichulr:1	bechular:1
ਬੈਚੂਲਰ	bachelar:1	baichoolr:1	bechular:1
ਬੈਜ	badge:1	baij:1	beyj:1
ਬੈਜਨਾਥ	baijnath:2	bejnath:1
ਬੈਟ	baet:1	bait:1	baitt:1	bat:1
ਬੈਟਨ	baetan:2	baeton:1	baitana:1	baitn:1
ਬੈਟਮੈਨ	baitmain:1	batman:1	bettmeyn:1
ਬੈਟਰੀ	battery:2	baetary:1	baitri:1	battary:1
ਬੈਟਰੀਆਂ	baitreean:1	batteryaan:1	bettariyan:1
ਬੈਟੀ	beti:1	bettee:1	betti:1	bettii:1
ਬੈਠ	baith:1	bath:1	beth:1
ਬੈਠਕ	baethak:1	baithk:1	bethak:1
ਬੈਠਕਾਂ	baithkan:2	bethakan:1
ਬੈਠਕੇ	baithake:1	baithke:1	bethake:1
ਬੈਠਣ	baethann:1	baithn:1	bethan:1
ਬੈਠਣਾ	baethanna:1	baithna:1	bethana:1
ਬੈਠਦਾ	baethada:1	baithda:1	bethada:1
ਬੈਠਦੀ	baethadi:1	baithdi:1	bethadi:1
ਬੈਠਦੇ	baethade:1	baithde:1	bethde:1
ਬੈਠਾ	baetha:1	baitha:1	betha:1
ਬੈਠਾਂ	baethan:1	baithan:1	bethan:1
ਬੈਠਾਇਆ	baethaiaa:1	baithaia:1	bethayiya:1
ਬੈਠਿਆ	baethiaa:1	baithia:1	bethiya:1
ਬੈਠਿਆਂ	baethiaan:2	bethiyan:2	baithiaan:1	baithian:1
ਬੈਠੀ	baethi:1	baithi:1	bethi:1
ਬੈਠੀਆਂ	baethiaan:2	baithian:2	bethiyan:2
ਬੈਠੀਏ	baethiye:1	baithie:1	bethiye:1
ਬੈਠੇ	baethe:1	baithe:1	bethe:1
ਬੈਠੋ	baitho:1	bawtho:1	betho:1
ਬੈਡ	bad:1	baid:1	bed:1	bedh:1
ਬੈਡਮਿੰਟਨ	badminton:2	badmintan:1	baedmintan:1	baedminton:1
ਬੈਡਰੂਮ	bedroom:3
ਬੈਤ	baeth:1	bath:1	beth:1
ਬੈਦਵਾਣ	baedwann:1	baidvan:1	bedvan:1
ਬੈਨ	ban:2	ben:1
ਬੈਨਰਜੀ	bannergy:1	benarji:1	benerjee:1
ਬੈਨੀ	baeni:1	baini:1	beni:1
ਬੈਨੀਪਾਲ	baenipal:1	bainipal:1	benipal:1
ਬੈਨੇਟ	bainet:2	baenet:1	bonnet:1
ਬੈਨੇਡਿਕਟ	benedict:1	benedikt:1	benediqt:1
ਬੈਰਕਾਂ	barrackan:2	bairakan:1
ਬੈਰਨ	barren:2	bairan:1
ਬੈਰਮ	bairam:2	barrem:1
ਬੈਰਲ	baaral:1	baeral:1	bairala:1	barral:1
ਬੈਰਾਗੀ	bairagi:2	baeragi:1
ਬੈਰਿਸਟਰ	barishtor:1	baristor:1	barrishter:1	barrishtor:1
ਬੈਰੀ	baeri:2	bairi:2	baaree:1	baari:1
ਬੈਰੀਅਰ	barrier:3	bairiar:1	bariar:1	barier:1
ਬੈਰੂਤ	bairoot:2	baerut:1	bairut:1
ਬੈਲ	bail:3	bell:1
ਬੈਲਗੱਡੀਆਂ	baelgaddiaan:1	bailgddeean:1	balgadian:1	balgarian:1
ਬੈਲਜੀਅਨ	bailjeean:1	belgian:1	beljian:1	beljiun:1
ਬੈਲਜੀਅਮ	belgium:2	bailjeeam:1
ਬੈਲਟ	belt:3	baelat:1	baelata:1	baelot:1
ਬੈਲਾ	bela:2	baila:1
ਬੈਲਿਸਟਿਕ	balistic:1	balistik:1	balistiq:1	ballistic:1
ਬੈਲੇ	baile:1	bele:1	belle:1
ਬੈਸਣਾ	baisana:2	baesanna:1
ਬੈਸ਼	bash:3
ਬੈੱਡਰੂਮ	baedroom:1	baedruum:1	bedroom:1	bedruum:1
ਬੈੱਲ	bell:2	bael:1	baill:1	bel:1
ਬੋ	bo:3
ਬੋਇਰ	bauyar:1	bauyer:1	booyer:1	boyar:1
ਬੋਇੰਗ	boeing:2	boing:2	boein:1	boeng:1
ਬੋਈ	boee:1	boi:1	boyi:1
ਬੋਕ	bok:3
ਬੋਕੋ	boko:3
ਬੋਚ	boch:3
ਬੋਝ	bojh:3
ਬੋਟ	boat:3	bot:2	baitt:1	bett:1
ਬੋਟਿੰਗ	boating:2	boting:1
ਬੋਟੀਆਂ	boteean:1	botiaan:1	botian:1
ਬੋਤਲ	botal:2	bottle:1
ਬੋਤਲਾਂ	botalaan:1	botlaan:1	botlan:1
ਬੋਤਸਵਾਨਾ	boatshwana:1	boatsvana:1	boatswana:1	boetswana:1
ਬੋਤਾ	bota:2	botaa:1
ਬੋਤੀ	boti:2	botee:1
ਬੋਤੇ	bote:3
ਬੋਦੀ	bodee:2	bodi:1
ਬੋਧ	bodh:3
ਬੋਧਿਕ	bodhik:3
ਬੋਧੀ	bodhi:3
ਬੋਧੀਆਂ	bodhiaan:1	bodhian:1	bodhiyan:1
ਬੋਨਸ	bonas:3	bonus:2
ਬੋਨਾਪਾਰਟ	bonapart:2	bonaparatt:1
ਬੋਨੀ	boni:4	bauni:1	bauny:1	bonni:1
ਬੋਪਾਰਾਏ	boparaye:2	boparai:1
ਬੋਬੀ	bobi:2	bobee:1
ਬੋਮਨ	boman:3	bomn:1	bovman:1	bowman:1
ਬੋਰ	bor:2	bore:1
ਬੋਰਗ	borag:3	boorg:1	boorge:1	borg:1
ਬੋਰਡ	baard:1	barad:1	bard:1	board:1
ਬੋਰਡਸ	boards:1	bordas:1	bords:1
ਬੋਰਡਾਂ	boardaan:1	boradan:1	bordan:1
ਬੋਰਡਿੰਗ	boardeeng:1	boardiing:1	boardin:1	boarding:1
ਬੋਰਨ	boran:2	born:1
ਬੋਰਾ	bora:4	boraa:1
ਬੋਰਿਸ	boris:4	baris:1	booris:1	borish:1
ਬੋਰੀ	bori:3
ਬੋਰੀਆਂ	boriaan:1	borian:1	boriyan:1
ਬੋਲ	bol:3
ਬੋਲਕੇ	bolake:2	bolke:1
ਬੋਲਚਾਲ	bolchal:3
ਬੋਲਟ	balt:1	bolt:1	boolt:1
ਬੋਲਣ	bolan:2	bolann:1
ਬੋਲਣਾ	bolana:1	bolanna:1	bolna:1
ਬੋਲਦਾ	bolda:2	bolada:1
ਬੋਲਦਿਆਂ	boldiaan:1	boldian:1	boldiyan:1
ਬੋਲਦੀ	boladi:2	boldi:1
ਬੋਲਦੀਆਂ	boladiyan:1	boldiaan:1	boldian:1
ਬੋਲਦੇ	bolade:2	bolde:1
ਬੋਲਬਾਣੀ	bolbaani:1	bolbani:1	bolbanni:1
ਬੋਲਬਾਲਾ	bolbala:2	bolbaala:1
ਬੋਲਬਾਲੇ	bolbale:2	bolbaale:1
ਬੋਲ਼ੇ	bole:3
ਬੋਲਾ	bola:4	bolaa:1
ਬੋਲਾਂ	bolaan:2	bolan:1
ਬੋਲਿਆ	bolia:2	boliaa:1
ਬੋਲੀ	boli:3
ਬੋਲੀਂ	bolin:3
ਬੋਲੀਆ	boleeaa:1	bolia:1	boliaa:1
ਬੋਲੀਆਂ	boleeaan:2	bolian:2	boliaan:1	boliyan:1
ਬੋਲੀਏ	boleee:1	boleeye:1	boliye:1
ਬੋਲੀਕਾਰ	boleekar:1	bolikaar:1	bolikar:1
ਬੋਲੀਵੀਆ	boliwiaa:2	boleeveeya:1	boleeveeyaa:1	boleeweeya:1
ਬੋਲੁ	bolu:3
ਬੋਲੇ	bole:4	boole:1
ਬੋਲੇਗਾ	bolega:3
ਬੋਸਟਨ	bostan:2	boston:2	bostn:1
ਬੋਸਨੀਆ	bosnia:2	bosneea:1	bosneeaa:1	bosneeya:1
ਬੋਹਰ	bohar:2	bohr:1
ਬੋਹੇਮੀਆ	bohemeea:2	bohemia:1
ਬੋਹੜ	bohad:3	bohd:2	boharh:1
ਬੌਂਡ	bond:2	baund:1
ਬੌਣਾ	bauna:1	bona:1	bonna:1
ਬੌਣੀਆਂ	baunian:1	boniyan:1	bonniaan:1
ਬੌਣੇ	baune:1	bone:1	bonne:1
ਬੌਧ	bodh:2	baudh:1
ਬੌਧਿਕ	baudhik:1	bodhik:1	bodhit:1
ਬੌਧਿਕਤਾ	baudhikta:1	bodhikata:1	bodhikta:1
ਬੌਨੇ	bone:2	baune:1
ਬੌਬ	bob:3	baub:1	bobb:1
ਬੌਬੀ	baubi:2	bobby:2	bobi:2	babby:1
ਬੌਰੀਆ	baoriaa:1	baureea:1	boriya:1
ਬੌਲਦ	baolad:1	bauld:1	bolad:1
ਬੌਲਿੰਗ	baaling:1	bauling:1	bawling:1	boaling:1
ਬੌਲੇ	bole:2	baule:1
ਬੌਸ	bos:2	boss:2	baus:1
ਬ੍ਰਤਾਨਵੀ	bratanavi:1	bratanawi:1	bratanvi:1
ਬ੍ਰਦਰਜ਼	bradarz:1	bradraz:1	brothers:1
ਬ੍ਰਦਰਸ	bradaras:1	bradras:1	brothers:1
ਬ੍ਰਸਲਜ਼	brasalaz:1	braslaz:1	brslz:1
ਬ੍ਰਹਮ	braham:1	brahm:1	brhm:1
ਬ੍ਰਹਮਚਾਰੀ	brahmchari:2	brhmchari:1
ਬ੍ਰਹਮਦਾਸ	brahamdas:3
ਬ੍ਰਹਮਪੁੱਤਰ	brahamputar:2	brahmpatra:1	brahmputra:1	brahmputtar:1
ਬ੍ਰਹਮਾ	brahama:3	brahma:2	brahmaa:1
ਬ੍ਰਹਮਾਂ	brahaman:1	brahmaan:1	brahman:1
ਬ੍ਰਹਮੀ	brahami:3
ਬ੍ਰਹਮੇ	brahame:3
ਬ੍ਰਹਮੋ	brahamo:2	brahmo:1
ਬ੍ਰਹਮੋਸ	brahmos:2	brahamos:1
ਬ੍ਰਹਸਪਤੀ	bhraspati:1	brahaspati:1	brhspti:1
ਬ੍ਰਹਾਮਣ	brahaman:1	brahamann:1	brahman:1
ਬ੍ਰਹਾਮਣਾ	brahamana:2	brahmanna:1
ਬ੍ਰਹਿਮ	brahim:3
ਬ੍ਰਹਿਮੰਡ	brahimad:1	brahimand:1	brahmand:1
ਬ੍ਰਹਿਮੰਡਾਂ	brahimandan:2	bramandaan:1
ਬ੍ਰਹਿਮੰਡੀ	brahimandi:2	brahmadi:1
ਬ੍ਰਹਿਸਪਤੀ	brahispati:2	brahspati:1
ਬ੍ਰਾ	bra:4	braa:1	brra:1
ਬ੍ਰਾਂਚ	branch:3
ਬ੍ਰਾਂਚਾਂ	branchan:3
ਬ੍ਰਾਂਡ	brand:3
ਬ੍ਰਾਂਡਾਂ	brandan:2	brandaan:1
ਬ੍ਰਾਇਟਨ	braitan:1	brayittan:1	brighton:1
ਬ੍ਰਾਇਨ	bran:1	briaan:1	brian:1	brion:1
ਬ੍ਰਾਈਨ	braeen:1	braiin:1	brayin:1
ਬ੍ਰਾਜ਼ੀਲ	brazil:4	braazil:1	brazeel:1
ਬ੍ਰਾਜ਼ੀਲੀਅਨ	brazilian:2	braziliyan:1
ਬ੍ਰਾਡ	brad:3	broad:1	brod:1	brood:1
ਬ੍ਰਾਹਮਣ	brahaman:2	biraahmin:1	biraamin:1	braahmin:1
ਬ੍ਰਾਹਮਣਵਾਦ	brahamanvad:2	brahmanvad:1
ਬ੍ਰਾਹਮਣਾਂ	brahmanan:2	brahamana:1
ਬ੍ਰਾਹਮਣੀ	brahamani:2	brahmani:1
ਬ੍ਰਾਹਮੀ	brahami:3
ਬ੍ਰਿਖ	brikh:3
ਬ੍ਰਿਗੇਡ	brigade:2	briged:1
ਬ੍ਰਿਗੇਡੀਅਰ	brigadier:3	brigadiar:1	brigadieer:1	brigediar:1
ਬ੍ਰਿਜ	brij:2	bridge:1
ਬ੍ਰਿਟਨ	britain:3	breton:1	britan:1	briten:1
ਬ੍ਰਿਟਨੀ	britani:3	briittany:1	brittanee:1	brittani:1
ਬ੍ਰਿਟਿਸ਼	british:4	britishh:1
ਬ੍ਰਿਟੇਨ	britain:3	briten:2	breeteen:1	breetyeen:1
ਬ੍ਰਿਤਾਂਤ	britant:2	britaant:1
ਬ੍ਰਿਸਬੇਨ	brisbane:2	brisben:1
ਬ੍ਰਿਸਲ	brisal:3
ਬ੍ਰੇਕ	break:3	brek:2	breaq:1	breck:1
ਬ੍ਰੇਨ	brain:3	bren:2	bran:1	breen:1
ਬ੍ਰੈਂਡਨ	brandon:3	brandan:1	brandin:1	brondan:1
ਬ੍ਰੈਡ	bread:2	bred:1
ਬ੍ਰੈਡਲੇ	breadlay:1	bredale:1	bredley:1
ਬ੍ਲਾਕ	block:2	balak:1
ਬੜ	bad:5	barh:2	badh:1	bar:1
ਬੜਬੋਲਾ	badbola:3	badboula:1	barbola:1
ਬੜਾ	bada:4	bara:2	badaa:1	baddan:1
ਬੜਾਵਾ	badava:2	badawa:1	badhava:1	badhawa:1
ਬੜੀ	badi:6	badee:2	barhi:2	badhi:1
ਬੜੀਆਂ	badhian:2	badhiyan:2	badiaan:2	barheeaan:2
ਬੜੂ	badhoo:1	badu:1	barhoo:1	barhu:1
ਬੜੇ	bade:3	badhay:1	badhe:1	barhe:1
ਬੜੋ	badhou:1	bado:1	barho:1
ਬੜੌਦਾ	baroda:2	badoda:1	badouda:1	barhoda:1
ਬੜ੍ਹਾਵਾ	badava:1	badhava:1	badhawa:1	barhhava:1
ਬੜ੍ਹੇ	bade:1	badhe:1	barhe:1
ਬੰਕਰ	bankar:1	bnkr:1	bunkar:1
ਬੰਕਿਮ	bankim:2	bnkim:1
ਬੰਗਲਾ	bangla:2	banglaa:2	bangala:1	bangalaa:1
ਬੰਗਲਾਦੇਸ਼	bangladesh:3	baanglaadesh:1	baangladesh:1	bngladesh:1
ਬੰਗਲਾਦੇਸ਼ੀ	bangladeshee:1	bangladeshi:1	bngladeshi:1
ਬੰਗਲੁਰੂ	bangaluru:1	bangluroo:1	bngluroo:1
ਬੰਗਲੇ	bangale:2	bngle:1
ਬੰਗਲੋਰ	bangalore:1	banglore:1	bnglor:1
ਬੰਗਲੌਰ	bangalore:1	banglaur:1	bnglaur:1
ਬੰਗਾ	banga:1	bangaa:1	bnga:1
ਬੰਗਾਰੂ	bangaroo:1	bangaru:1	bngaroo:1
ਬੰਗਾਲ	bangaal:2	bengal:2	baangaal:1	bengaal:1
ਬੰਗਾਲੀ	bengali:2	bagali:1	bangali:1	bengaalee:1
ਬੰਗੇ	bange:2	bnge:1
ਬੰਚ	banch:2	bnch:1
ਬੰਜਰ	banjar:2	bnjr:1
ਬੰਟ	bant:2	bnt:1
ਬੰਟੀ	banti:2	bnti:1
ਬੰਟੇ	bante:2	bnte:1
ਬੰਤ	bant:2	bnt:1
ਬੰਤਾ	banta:2	bnta:1
ਬੰਤੇ	bante:2	bnte:1
ਬੰਤੋ	banto:2	bnto:1
ਬੰਦ	band:2	bnd:1
ਬੰਦਗੀ	bandagi:2	bndgi:1
ਬੰਦਨ	bandan:2	bndn:1
ਬੰਦਰ	bandar:2	bndr:1
ਬੰਦਰਗਾਹ	bandargaah:1	bandargah:1	bndrgah:1
ਬੰਦਰਗਾਹਾਂ	bandargaahaan:1	bandargahaan:1	bndrgahan:1
ਬੰਦਸ਼	bandash:2	bndsh:1
ਬੰਦਸ਼ਾਂ	bandashaan:2	bndshan:1
ਬੰਦਾ	banda:4	bandaa:1	bnda:1
ਬੰਦਾਂ	bandan:2	bndan:1
ਬੰਦਿਆ	bandiaa:2	bandiya:2	bndia:2
ਬੰਦਿਆਂ	bandiaan:2	bandiyan:2	bndian:2
ਬੰਦਿਸ਼	bandish:2	bndish:1
ਬੰਦਿਸ਼ਾਂ	bandhishaan:1	bandishan:1	bndishan:1
ਬੰਦੀ	bandi:3	bndi:1
ਬੰਦੀਆਂ	bandiaan:2	bandiyan:2	bndeean:2
ਬੰਦੂਕ	bandook:1	banduk:1	bndook:1
ਬੰਦੂਕਧਾਰੀ	bandookdhari:1	bandukdhari:1	bndookdhari:1
ਬੰਦੂਕਧਾਰੀਆਂ	bandookdhariaan:1	bandukdhariyan:1	bnookdhareean:1
ਬੰਦੂਕਾਂ	bandookaan:1	bandukan:1	bndookan:1
ਬੰਦੇ	bande:2	bnde:1
ਬੰਦੋਬਸਤ	bandibast:1	bandobasat:1	bndobst:1
ਬੰਧ	bandh:2	bndh:1
ਬੰਧਕ	bandhak:2	bndhk:1
ਬੰਧਕਾਂ	bandhakan:2	bndhkan:1
ਬੰਧਨ	bandhan:2	bndhn:1
ਬੰਧਨਾ	bandhana:2	bndhna:1
ਬੰਧਨਾਂ	bandhanaan:1	bandhanan:1	bndhnan:1
ਬੰਧੀ	bandhi:2	bndhi:1
ਬੰਧੂਆ	bandhuaa:1	bandhuya:1	bndhooa:1
ਬੰਧੇਜ	bandhej:1	bnadhez:1	bndhej:1
ਬੰਧੋਪਾਧਿਆਏ	badhopadhiae:1	bandhopadhiyaye:1	bndhopaadhiaae:1
ਬੰਨ	ban:1	bnan:1	bnn:1	bun:1
ਬੰਨਣ	banan:1	bnanan:1	bnnn:1
ਬੰਨਣਾ	banana:1	bnanana:1	bnnna:1
ਬੰਨਦਾ	banda:1	bnanada:1	bnnda:1
ਬੰਨਦੀਆਂ	bandiyan:1	bnandiaan:1	bnndeean:1
ਬੰਨਦੇ	bande:1	bnande:1	bnnde:1
ਬੰਨਾ	banna:1	bnana:1	bnna:1
ਬੰਨਿਆ	banniya:1	bnaniaa:1	bnnia:1
ਬੰਨੀ	banni:2	banee:1	bani:1	banii:1
ਬੰਨੀਆਂ	banniyan:1	bnaniaan:1	bnnian:1
ਬੰਨੇ	banne:1	bnane:1	bnne:1
ਬੰਨ੍ਹ	banh:1	bannh:1	bnnh:1
ਬੰਨ੍ਹਕੇ	banhake:2	bnnhke:1
ਬੰਨ੍ਹਣ	banhan:1	banhann:1	bnnhn:1
ਬੰਨ੍ਹਣਾ	banhana:1	banhanna:1	bnnhna:1
ਬੰਨ੍ਹਦੀਆਂ	banhdiaan:1	banhdiyan:1	bnnhdeean:1
ਬੰਨ੍ਹਾ	banhaa:1	bannha:1	bnnha:1
ਬੰਨ੍ਹਾਂ	bamnhan:1	banhaan:1	bnnhan:1
ਬੰਨ੍ਹਿਆ	bamnhiya:1	banhiaa:1	bnnhia:1
ਬੰਨ੍ਹਿਆਂ	bamnhiyan:1	banhiaan:1	bnnhian:1
ਬੰਨ੍ਹੀ	bamnhi:1	banhi:1	bnnhi:1
ਬੰਨ੍ਹੀਆਂ	bamanhiyan:1	banhiaan:1	bnnhian:1
ਬੰਨ੍ਹੇ	bamnhe:1	banhe:1	bnnhe:1
ਬੰਪਰ	bampar:2	bumper:2	bamper:1	bnpr:1
ਬੰਬ	bamb:3	bnb:1	bomb:1	bum:1
ਬੰਬਈ	babai:1	bambai:1	bambayi:1	banbai:1
ਬੰਬਾਰ	bambaar:1	bambar:1	bnbar:1
ਬੰਬਾਰੀ	bambaari:1	bambari:1	bnbari:1
ਬੰਬੇ	bambe:2	bnbe:1
ਬੰਸ	bans:2	bns:1	buns:1	bunsh:1
ਬੰਸਰੀ	bansaree:1	bansari:1	bnsri:1
ਬੰਸਾਵਲੀ	bansawalee:1	bansiwali:1	bnsvali:1
ਬੰਸੀ	bansi:2	bnsi:1
ਬੱਕਰਾ	bakkra:2	baqqra:1
ਬੱਕਰੀ	bakkri:2	baqqri:1
ਬੱਕਰੀਆਂ	bakkariaan:1	bakkriaan:1	bakriyan:1	baqqariaan:1
ਬੱਕਰੇ	bakkre:2	baqqre:1
ਬੱਕਾ	bakka:3	baqqa:1
ਬੱਕੀ	bakki:3	baqqi:1
ਬੱਗ	bag:1	bug:1	bugg:1
ਬੱਗਾ	bagga:3
ਬੱਘੀ	bagghi:1	baghghee:1	baghi:1
ਬੱਘੀਆਂ	bagghiaan:1	baghgheeaan:1	baghiran:1
ਬੱਚ	bacch:1	bach:1	bachch:1
ਬੱਚਤ	bacchat:1	bachat:1	bachchat:1
ਬੱਚਨ	bachan:2	bachchan:2	bacchan:1	bakkan:1
ਬੱਚਿਆ	bacchia:1	bacchiaa:1	bachiaa:1
ਬੱਚਿਆਂ	bachiaan:3	bacchiaan:1	bacchitaan:1	bachian:1
ਬੱਚੀ	bacchi:1	bachchee:1	bachi:1
ਬੱਚੀਆਂ	bachiaan:2	bachcheeaan:1
ਬੱਚੇ	bacche:1	bachche:1	bache:1
ਬੱਚੇਦਾਨੀ	bacchedani:1	bachchedaanee:1	bachedani:1
ਬੱਚੋ	baccho:1	bachche:1	bacho:1
ਬੱਚੋਂ	bacchon:1	bachchon:1	bachon:1
ਬੱਚੜੇ	bachde:2	bachade:1
ਬੱਜ	bajj:2	bejj:1
ਬੱਜਰੀ	bajjri:2	bajjari:1
ਬੱਝਦਾ	bachda:1	bajhjhda:1	bajjhda:1
ਬੱਝਦੀ	bachdi:1	bajhjhdee:1	bajjhdi:1
ਬੱਝਦੇ	bachde:1	bajhjhde:1	bajjhde:1
ਬੱਝਵਾਂ	bajhjhvaan:1	bajjhvan:1	bajjhwan:1
ਬੱਝਵੀਂ	bachvin:1	bajhjhveen:1	bajjhvin:1	bajjhwin:1
ਬੱਝਾ	bacha:1	bajhjhaa:1	bajjha:1
ਬੱਝਿਆ	bachiya:1	bajhjhiaa:1	bajjhiaa:1
ਬੱਝੇ	bache:1	bajhjhe:1	bajjhe:1
ਬੱਟ	batt:3	bat:2	but:1	butt:1
ਬੱਤਖ	battakh:2	batakh:1
ਬੱਤਖਾਂ	battakhan:2	batkhan:1
ਬੱਤਰਾ	battra:2	battara:1
ਬੱਤਾ	batta:3
ਬੱਤੀ	batti:3	bati:1
ਬੱਤੀਆਂ	battiaan:2	battian:1
ਬੱਦਲ	baddal:2	badal:1
ਬੱਦਲਾਂ	baddalaan:1	baddlan:1	badlan:1
ਬੱਧ	badh:2	baddh:1	badhdh:1
ਬੱਧੀ	baddhi:1	badhdhi:1	badhee:1	badhi:1
ਬੱਪਾ	bapa:2	bappa:2
ਬੱਬਰ	babar:2	babbar:2
ਬੱਬਲ	babal:2	babbal:2	bubble:1
ਬੱਬੀ	babi:2	babbee:1	babbi:1
ਬੱਬੂ	babbu:2	babboo:1	babu:1
ਬੱਲ	bal:2	ball:2
ਬੱਲਬ	balaba:1	balb:1	bulb:1
ਬੱਲਾ	balla:3
ਬੱਲੀ	bali:2	balli:2
ਬੱਲੀਏ	balie:1	baliye:1	balliae:1	ballie:1
ਬੱਲੇ	balle:2	bale:1
ਬੱਲੇਬਾਜ	ballebaj:2	balebaj:1
ਬੱਲੇਬਾਜ਼	balebaj:1	ballebaaz:1	ballebaz:1
ਬੱਲੇਬਾਜ਼ਾਂ	ballebazan:2	balebajan:1
ਬੱਲੇਬਾਜ਼ੀ	ballebazi:2	balebaji:1
ਬੱਲੇਬਾਜੀ	ballebaji:2	balebaji:1
ਬੱਲੋਕੇ	balloke:2	balloqe:1
ਬੱਸ	bus:3	bas:2	basa:1	bash:1
ਬੱਸਾਂ	bassaan:1	bassan:1	bussan:1
ਬੱਸੀ	bassi:2	bassee:1
ਬੱਸੀਆਂ	basseeaan:1	bassiaan:1	bussiaan:1
ਭਈ	bhai:1	bhayi:1	bhi:1
ਭਉ	bhau:3
ਭਏ	bhaye:2	bhae:1
ਭਕਨਾ	bhakana:2	bhakna:1
ਭਖਦੇ	bhakhde:2	bhakhade:1
ਭਗ	bhag:3
ਭਗਉਤੀ	bhaguti:2	bhagauti:1
ਭਗਤ	bhagat:4	bhaget:1
ਭਗਤਾ	bhagta:3
ਭਗਤਾਂ	bhagtan:2	bhagatan:1
ਭਗਤੀ	bhagti:2	bhagati:1
ਭਗਤੂ	bhagatu:2	bhagtu:1
ਭਗਦੜ	bhagdad:6
ਭਗਵਤ	bhagvat:3
ਭਗਵਤੀ	bhagvati:3
ਭਗਵਾਨ	bhagvan:3	bhagwaan:2	bhaagvaan:1	bhaagwaan:1
ਭਗਵਾਨਪੁਰ	bhagvanpur:2	bhagwaanpur:1
ਭਗਵੰਤ	bhagvant:2	bhagwant:1
ਭਗੀਰਥ	bhagirath:3
ਭਗੌੜਾ	bhagoda:2	bhagauda:1	bhagodda:1	bhagorha:1
ਭਗੌੜੇ	bhagaude:2	bhagode:2	bhagodde:1	bhagorhe:1
ਭਜਣ	bhajan:2	bhajann:1
ਭਜਨ	bhajan:7
ਭਜਨਾਂ	bhajnan:2	bhajanaan:1
ਭਜਾ	bhaja:3
ਭਜਾਉਣਾ	bhajauna:2	bhajaunna:1
ਭਟ	bhat:2	bhatt:1
ਭਟਕ	bhatak:2	bhattak:1
ਭਟਕਣ	bhatkan:2	bhattakan:1
ਭਟਕਣਾ	bhatakna:2	bhattkana:1
ਭਟਕਦਾ	bhatakada:1	bhatakda:1	bhattakda:1
ਭਟਕਦੀ	bhatakadi:2	bhattakadi:1
ਭਟਕਦੇ	bhatakade:1	bhatakde:1	bhattkade:1
ਭਟਨਾਗਰ	bhatnagar:2	bhattnagar:1
ਭਟੂਰੇ	bhatoore:1	bhatture:1	bhature:1
ਭਣੋਈਆ	bhanoeeaa:2	bhannoiya:1
ਭਤੀਜਾ	bhatija:2	bhateeja:1
ਭਤੀਜਿਆਂ	bhatijiaan:2	bhateejiaan:1
ਭਤੀਜੀ	bhatiji:2	bhateeji:1
ਭਤੀਜੇ	bhatije:2	bhateeje:1
ਭਦਰ	bhadar:3
ਭਨੁਪਲੀ	bhanupali:3
ਭਰ	bhar:9
ਭਰਕੇ	bharke:2	bharake:1	bharqe:1
ਭਰਜਾਈ	bharjaaee:2	bharjaee:2	bharjai:2
ਭਰਜਾਈਆਂ	bharjaaeeaan:1	bharjaeeaan:1	bharjaiaan:1
ਭਰਤ	bharat:3
ਭਰਤਨਾਟਯਮ	bharatnatyam:2	bharatnaatyam:1
ਭਰਤਪੁਰ	bharatpur:3
ਭਰਤੀ	bharti:3
ਭਰਥਰੀ	bharthari:2	bharatharee:1
ਭਰਦਾ	bharda:3
ਭਰਦੀ	bhardi:2	bharadi:1
ਭਰਦੀਆਂ	bhardeeaan:1	bhardiaan:1	bhardian:1
ਭਰਦੇ	bharde:3
ਭਰਨ	bharan:3
ਭਰਨਾ	bharna:2	bharana:1
ਭਰਨੇ	bharne:2	bharane:1
ਭਰਪਾਈ	bharpaaee:1	bharpai:1	bharpayi:1
ਭਰਪੂਰ	bharpur:2	bharpoor:1
ਭਰਪੂਰਤਾ	bharpurata:2	bharpoorta:1
ਭਰਭੂਰ	bharbhur:3
ਭਰਮ	bharam:7
ਭਰਮਣ	bharman:3
ਭਰਮਾਂ	bharman:2	bharmaan:1
ਭਰਮਾਉਣ	bharmaun:2	bharmaoun:1
ਭਰਮਾਊ	bharmau:3
ਭਰਮਾਰ	bharmar:3
ਭਰਵਾਂ	bharvan:2	bharvaan:1
ਭਰਾ	bhara:3
ਭਰਾਂ	bharan:3
ਭਰਾਈ	bharaai:2	bharai:1	bharayi:1
ਭਰਾਈਆਂ	bharaiaan:1	bharayiyan:1	bharieeaan:1
ਭਰਾਉਣ	bharaun:3
ਭਰਾਵਾ	bharava:4	bharawa:1
ਭਰਾਵਾਂ	bharavan:5	bharawan:2
ਭਰਾਵੋ	bharavo:4	bharawo:1
ਭਰਿਆ	bhariaa:5	bhariya:2
ਭਰਿਸ਼ਟ	bharishat:1	bharisht:1	bhrishatt:1
ਭਰਿਸ਼ਟਾਚਾਰ	bharishattachar:1	bharishtachar:1	bhatishtachar:1
ਭਰਿੰਡ	bharind:3
ਭਰੀ	bhari:8
ਭਰੀਆਂ	bhariaan:4	bhariyan:2
ਭਰੁਣ	bharun:3
ਭਰੂਣ	bharun:4
ਭਰੇ	bhare:4
ਭਰੇਗਾ	bharega:3
ਭਰੋਵਾਲ	bharoval:2	bharovaal:1	bharowal:1
ਭਰੋਸਾ	bharosa:4
ਭਰੋਸਿਆਂ	bharosiaan:2	bharosiyan:1
ਭਰੋਸੇ	bharose:5
ਭਰੋਸੇਮੰਦ	bharosemand:3
ਭਰੋਸੇਯੋਗ	bharoseyog:3
ਭਰੱਪਣ	bharpan:2	bharappan:1
ਭਲਵਾਨ	bhalvan:2	bhalvaan:1	bhalwan:1
ਭਲਵਾਨਾਂ	bhalvanan:3	bhalwanan:1
ਭਲਵਾਨੀ	bhalvani:2	bhalvaani:1	bhalwani:1
ਭਲਾ	bhala:6
ਭਲਾਈ	bhalaee:2	bhalai:2	bhalayi:2	bhalaai:1
ਭਲੀ	bhali:5
ਭਲੀਭਾਂਤ	bhalibhant:3
ਭਲੇ	bhale:3
ਭਵ	bhav:4	bhaw:1
ਭਵਨ	bhavan:6	bhawan:1
ਭਵਨਾਂ	bhavanan:1	bhavnan:1	bhawnan:1
ਭਵਾਨੀ	bhavani:2	bhwani:1
ਭਵਾਨੀਗੜ੍ਹ	bhavanigadh:1	bhavanigarh:1	bhawanigarh:1
ਭਵਿਖ	bhavikh:2	bhawikh:1
ਭਵਿਸ਼ਯ	bhavishay:2	bhawishya:1
ਭਵਿੱਖ	bhavikh:2	bhawikh:1
ਭਵਿੱਖਤ	bhavikhat:2	bhawikhat:1
ਭਵਿੱਖਬਾਣੀ	bhavikhbaani:1	bhavikhbani:1	bhawikhbanni:1
ਭਵਿੱਖਬਾਣੀਆਂ	bhavikhbaniyan:1	bhavikhvanian:1	bhawikhbanniaan:1
ਭਵਿੱਖਮੁਖੀ	bhavikhmukhi:2	bhawikhmukhi:1
ਭਵਿੱਖਵਾਣੀ	bhavikhavani:1	bhavikhvani:1	bhawikhawanni:1
ਭਵਿੱਖੀ	bhavikhi:2	bhawikhi:1
ਭਸਮ	bhasam:3
ਭਸਮਾਸੁਰ	bhasmasur:2	bhasamasur:1
ਭਾ	bha:5
ਭਾਂਜਵਾਦ	bhaanjwad:1	bhanjvad:1	bhanjwad:1
ਭਾਂਜਵਾਦੀ	bhaanvwadi:1	bhanjvadi:1	bhanjwadi:1
ਭਾਂਡਾ	bhanda:5	bhaanda:1
ਭਾਂਡਿਆਂ	bhaandiaan:1	bhandian:1	bhandiyan:1
ਭਾਂਡੇ	bhaande:2	bhande:2
ਭਾਂਤ	bhaant:3	bhant:1
ਭਾਂਤੀ	bhaantee:1	bhaanti:1	bhanti:1
ਭਾਂਪ	bhaamp:2	bhaanp:1	bhanp:1
ਭਾਂਬੜ	bhaanbad:2	bhanbad:1
ਭਾਂਵੇ	bhaanve:4	bhanve:1
ਭਾਇਆ	bhaaiaa:1	bhaiaa:1	bhayiya:1
ਭਾਈ	bhai:10	bhaai:2	bhaaii:1	bhae:1
ਭਾਈਕਾ	bhaika:2	bhaeeka:1	bhaeeqa:1	bhayika:1
ਭਾਈਚਾਰਕ	bhaicharak:3	bhayicharak:2	bhaaichark:1	bhaeecharak:1
ਭਾਈਚਾਰਕਤਾ	bhaeecharkata:1	bhaeecharqata:1	bhaicharkata:1	bhayicharakata:1
ਭਾਈਚਾਰਾ	bhaichara:2	bhaeechara:1	bhayichara:1
ਭਾਈਚਾਰਿਆਂ	bhaichariaan:2	bhayichariyan:2	bhaaicharian:1	bhaeechariaan:1
ਭਾਈਚਾਰੇ	bhaichare:4	bhayichare:2	bhaaichare:1	bhaeechare:1
ਭਾਈਵਾਲ	bhaaival:2	bhayival:2	bhaeeval:1	bhaeewal:1
ਭਾਈਵਾਲ਼	bhaeevall:1	bhaeewall:1	bhaiwall:1	bhayival:1
ਭਾਈਵਾਲਾਂ	bhaivalan:2	bhayivalan:2	bhaaivalan:1	bhaeevalam:1
ਭਾਈਵਾਲੀ	bhayivali:2	bhaaivali:1	bhaeevali:1	bhaeewali:1
ਭਾਉ	bhaau:2	bhau:1
ਭਾਉਂਦਾ	bhaunda:2	bhaaunda:1
ਭਾਊ	bhau:3	bhaoo:2	bhaau:1
ਭਾਕਪਾ	bhakpa:2	bhakapa:1
ਭਾਖਾ	bhakha:3
ਭਾਗ	bhag:7	bhaag:1
ਭਾਗਭਰੀ	bhagabhari:1	bhagbhari:1	bhagbhri:1
ਭਾਗਲਪੁਰ	bhagalpur:2	bhaglpur:1
ਭਾਗਸ਼ਾਲੀ	bhagshali:3
ਭਾਗਾਂ	bhagan:3
ਭਾਗਿਆ	bhagiaa:2	bhagiya:1
ਭਾਗੀ	bhagi:4
ਭਾਗੀਦਾਰ	bhagidar:2	bhagidaar:1
ਭਾਗੀਦਾਰੀ	bhagidari:3
ਭਾਗੀਰਥ	bhagirath:3
ਭਾਗੋ	bhago:5
ਭਾਜ	bhaj:3	bhaaj:2
ਭਾਜਪਾ	bhajpa:7
ਭਾਜੀ	bhaji:4
ਭਾਟੀ	bhati:3	bhaati:1	bhatti:1
ਭਾਣਜਾ	bhaanja:1	bhanaja:1	bhanja:1
ਭਾਣਾ	bhana:4
ਭਾਣੀ	bhani:2	bhaani:1
ਭਾਦੁੜੀ	bhadudi:2	bhadurhi:1
ਭਾਦੋ	bhado:3
ਭਾਦੋਂ	bhadon:3
ਭਾਨ	bhaan:2	bhan:2
ਭਾਨੂੰ	bhanun:2	bhanoon:1
ਭਾਫ	bhaf:2	bhaaf:1
ਭਾਫ਼	bhaaf:1	bhaff:1	bhaph:1
ਭਾਬਾ	bhaba:3
ਭਾਬੀ	bhabi:3
ਭਾਬੀਏ	bhabiye:2	bhabiae:1
ਭਾਬੋ	bhabo:3
ਭਾਭਾ	bhabha:3
ਭਾਮਹ	bhamah:3
ਭਾਰ	bhar:3	bhaar:1
ਭਾਰਤ	bharat:3
ਭਾਰਤਾ	bharta:2	bharata:1
ਭਾਰਤੀ	bharati:2	bharti:1
ਭਾਰਤੀਆਂ	bhartiaan:4	bharatiyan:1	bhartiyan:1
ਭਾਰਤੀਯ	bharatiya:1	bhartiy:1	bhartiya:1
ਭਾਰਦਵਾਜ	bhardwaj:2	bharadvaj:1	bhardvaj:1
ਭਾਰਾ	bhara:3
ਭਾਰੀ	bhari:3
ਭਾਰੀਆਂ	bhariaan:2	bhariyan:1
ਭਾਰੀਪਣ	bharipan:2	bharipann:1
ਭਾਰੂ	bharu:3
ਭਾਰੇ	bhare:3
ਭਾਰੋਪੀ	bharopi:3
ਭਾਲ	bhal:2	bhaal:1
ਭਾਲਣ	bhalan:2	bhalann:1
ਭਾਲਦਾ	bhalda:3
ਭਾਲਦੇ	bhalde:2	bhalade:1
ਭਾਲ਼	bhaal:1	bhal:1	bhall:1
ਭਾਲਾ	bhala:3
ਭਾਲੂ	bhalu:4
ਭਾਲੇ	bhale:3
ਭਾਵ	bhav:2	bhaaw:1	bhaw:1
ਭਾਵਕ	bhavak:2	bhawak:2	bhavaq:1	bhawaq:1
ਭਾਵਨਾ	bhavana:1	bhavna:1	bhawana:1	bhawna:1
ਭਾਵਨਾਤਮਕ	bhawnatmak:2	bhaenatmaq:1	bhavnatmak:1
ਭਾਵਨਾਤਮਿਕ	bhawnatmik:2	bhavnatmik:1	bhavnatmiq:1
ਭਾਵਨਾਵਾਂ	bhawnawan:4	bhavnavan:3	bhavanavan:1	bhavnawan:1
ਭਾਵਾਰਥ	bhawarth:2	bhavarath:1	bhavarth:1
ਭਾਵੀ	bhavi:2	bhawi:2
ਭਾਵੁਕ	bhavuk:2	bhawuk:1
ਭਾਵੁਕਤਾ	bhavukata:1	bhavukta:1	bhawukta:1
ਭਾਵੇ	bhave:2	bhawe:1
ਭਾਵੇਂ	bhaven:3	bhave:1	bhawein:1	bhawen:1
ਭਾਸ	bhas:4	bhaas:1
ਭਾਸਕਰ	bhaashkar:1	bhaaskar:1	bhaasqar:1	bhashkar:1
ਭਾਸਦਾ	bhasda:3
ਭਾਸਦੀ	bhasdi:2	bhasadi:1
ਭਾਸ਼	bhash:3
ਭਾਸ਼ਣ	bhashan:3
ਭਾਸ਼ਨ	bhashan:3
ਭਾਸ਼ਾ	bhasha:5
ਭਾਸ਼ਾਈ	bhashaee:1	bhashai:1	bhashayi:1
ਭਾਸ਼ਾਵਾਂ	bhashavan:3
ਭਾਸਾ	bhasa:3
ਭਾੜੇ	bhade:2	bhaade:1
ਭਿਆਨਕ	bhiaanak:4	bhianak:1
ਭਿਆਨਕਤਾ	bhiaanakta:2	bhianakta:1
ਭਿਆਲ	bhiaal:2	bhial:1
ਭਿਉਂ	bhiun:3
ਭਿਕਸ਼ੂਆਂ	bhikhshuaan:1	bhikshuan:1	bhikshuyan:1
ਭਿਖਸ਼ੂ	bhikhshu:3
ਭਿਖਸ਼ੂਆਂ	bhikhshuaan:1	bhikhshuan:1	bhikhshuyan:1
ਭਿਖਾਰਨ	bhikharan:3
ਭਿਖਾਰੀ	bhikhari:4
ਭਿਖਾਰੀਆਂ	bhikhareean:1	bhikhariaan:1	bhikhariyan:1
ਭਿਣਕ	bhinak:3
ਭਿਵਾਨੀ	bhivani:2	bhiwani:2
ਭਿੜ	bhid:3	bhir:1
ਭਿੜਦੇ	bhidade:2	bharde:1
ਭਿੜਨ	bhidan:2	bharan:1
ਭਿੰਡਰਾਂ	bhindran:2	bhindaran:1
ਭਿੰਡਰਾਂਵਾਲਾ	bhindaranvala:1	bhindranvala:1	bhindranwala:1	bhindravala:1
ਭਿੰਡਰਾਵਾਲੇ	bhindaravale:2	bhindarvale:1	bhindrawale:1
ਭਿੰਡੀ	bhindi:3
ਭਿੰਨ	bhinn:2	bhin:1
ਭਿੰਨਤਾ	bhinnta:3
ਭਿੰਨਤਾਵਾਂ	bhinntavan:2	bhinatavan:1
ਭਿੰਨਲਿੰਗੀ	bhinnlingi:2	bhinlingi:1
ਭਿੱਛਿਆ	bhicchiya:1	bhichchia:1	bhichhiaa:1
ਭਿੱਜ	bhij:2	bhijj:1
ਭਿੱਜੇ	bhijje:2	bhije:1
ਭਿੱਟ	bhitt:2	bhit:1
ਭੀ	bhi:3	bhee:1
ਭੀਖ	bheekh:4	bhikh:1
ਭੀਖਨ	bhikhan:2	bheekhn:1
ਭੀਗੀ	bhigi:2	bheegi:1
ਭੀਤਰੀ	bheetari:1	bheetri:1	bhitari:1
ਭੀਮ	bheem:3	bhim:2	bheema:1	bheemaa:1
ਭੀਮਚੰਦ	bheemchand:2	bhimchand:1
ਭੀਮਰਾਓ	bheemrao:1	bhimraau:1	bhimrau:1
ਭੀਮਾ	bheema:3	bhima:2
ਭੀਸ਼ਮ	bhisham:2	bheeshm:1
ਭੀੜ	bheed:8	bhir:1
ਭੀੜਾਂ	bheedaan:1	bhidan:1	bhiran:1
ਭੀੜੀ	bheedee:1	bhidi:1	bhiri:1
ਭੀੜੇ	bheede:1	bhide:1	bhire:1
ਭੁਖਮਰੀ	bhukhmari:2	bhookhmari:1	bhukhmri:1
ਭੁਗਤ	bhugat:6	bhugt:1
ਭੁਗਤਣ	bhugatan:1	bhugtan:1	bhugtn:1
ਭੁਗਤਾਨ	bhugtaan:3	bhugtan:1
ਭੁਗਤੀ	bhugti:2	bhugatee:1
ਭੁਗੋਲਿਕ	bhugolik:2	bhugolic:1	bhugoliq:1
ਭੁਚਾਲ	bhuchal:5
ਭੁਜ	bhuj:5
ਭੁਜਾ	bhuja:3
ਭੁਜਾਵਾਂ	bhujavan:2	bhujawan:1
ਭੁਜਾਵੀ	bhujavi:3	bhujavee:1	bhujawi:1
ਭੁਟਾਨ	bhutan:3
ਭੁਪਾਲ	bhupal:3	bhopal:1
ਭੁਪਿੰਦਰ	bhupinder:2	bhupindr:1
ਭੁਮਿਕਾ	bhumika:3
ਭੁਮੀ	bhumi:3
ਭੁਰ	bhur:3
ਭੁਲ	bhul:3
ਭੁਲਾ	bhula:3
ਭੁਲਾਇਆ	bhulaiaa:2	bhulaiiaa:1
ਭੁਲਾਉਣਾ	bhulaouna:1	bhulauna:1	bhulaunaa:1
ਭੁਲਾਏ	bhulae:1	bhulaie:1	bhulaye:1
ਭੁਲੇਖਾ	bhulekha:3
ਭੁਲੇਖਿਆਂ	bhulekhia:1	bhulekhiaan:1	bhulekhian:1
ਭੁਲੇਖੇ	bhulekhe:3
ਭੁਵਨ	bhuvan:3
ਭੁਵਨੇਸ਼ਵਰ	bhuvneshvar:3
ਭੁੰਜੇ	bhunje:3
ਭੁੰਨ	bhun:1	bhunan:1	bhunn:1
ਭੁੰਨਕੇ	bhunanke:1	bhunke:1	bhunnke:1
ਭੁੰਨਣ	bhunan:1	bhunanan:1	bhunann:1	bhunn:1
ਭੁੰਨੋ	bhunano:1	bhunno:1	bhuno:1
ਭੁੱਖ	bhookh:1	bhukh:1	bhukhkh:1	bhukkh:1
ਭੁੱਖਮਰੀ	bhukhmari:2	bhookhmari:1	bhukhkhmari:1
ਭੁੱਖਾ	bhookha:1	bhukha:1	bhukhkha:1	bukhha:1
ਭੁੱਖਾਂ	bhukhan:1	bhukhhan:1	bhukhkhan:1
ਭੁੱਖਿਆਂ	bhookhian:1	bhukhean:1	bhukhia:1	bhukhkhiaan:1
ਭੁੱਖੀ	bhookhi:1	bhukhi:1	bhukhkhi:1	bukhhi:1
ਭੁੱਖੇ	bhookhe:1	bhukhe:1	bhukhhe:1	bhukhkhe:1
ਭੁੱਖੜ	bhookhar:1	bhukhad:1	bhukhar:1	bhukhkhd:1
ਭੁੱਚਰ	bhucchar:2	bhuchar:1
ਭੁੱਚੋ	bhochho:1	bhuccho:1	bhuchon:1
ਭੁੱਜ	bhujj:3	bhuj:1
ਭੁੱਜੀ	bhujji:3
ਭੁੱਜੇ	bhujje:3	bhuje:1
ਭੁੱਟਾ	bhutta:3
ਭੁੱਟੋ	bhutto:4	bhuto:2	bhatto:1	bhuttoo:1
ਭੁੱਬਲ	bhubbal:2	bhubal:1	bhubbl:1
ਭੁੱਲ	bhul:2	bhull:2
ਭੁੱਲਕੇ	bhulke:2	bhullke:2	bhullqe:1
ਭੁੱਲਣਾ	bhulana:1	bhullana:1	bhullna:1
ਭੁੱਲਰ	bhullar:2	bhular:1
ਭੁੱਲੀ	bhuli:1	bhullee:1	bhulli:1
ਭੂ	bhu:4	bhoo:1
ਭੂਆ	bhuaa:4	bhua:2
ਭੂਖ	bhukh:3	bhookh:1
ਭੂਖੰਡ	bhukhand:2	bhookhand:1
ਭੂਗਰਭ	bhugarabh:2	bhoogarbh:1
ਭੂਗੋਲ	bhugol:2	bhoogol:1
ਭੂਗੋਲਕ	bhugolak:2	bhoogolak:1	bhugolaq:1
ਭੂਗੋਲਿਕ	bhugolik:2	bhoogolik:1	bhugoliq:1
ਭੂਚਾਲ	bhuchal:2	bhoochal:1
ਭੂਟਾਨ	bhutan:3	bhootan:2	bhutaan:1	bhuutaan:1
ਭੂਤ	bhoot:3	bhut:2
ਭੂਤਕਾਲ	bhutkal:2	bhootkaal:1	bhutqal:1
ਭੂਤਪੂਰਵ	bhutpurav:2	bhootpoorav:1	bhutpuraw:1
ਭੂਪ	bhup:4	bhoop:2
ਭੂਪਤੀ	bhupati:2	bhoopatee:1
ਭੂਪਾਲ	bhupal:2	bhoopal:1
ਭੂਭਾਗ	bhubhag:3	bhoobhag:1
ਭੂਮਧ	bhumadh:3	bhoomadh:1
ਭੂਮਿਕਾ	bhumika:6	bhoomika:1	bhumiqa:1	bhumka:1
ਭੂਮਿਕਾਵਾਂ	bhoomikavan:1	bhumikavan:1	bhuumikava:1
ਭੂਮੀ	bhoomi:5	bhumi:5	bhoomee:1	bhuumee:1
ਭੂਮੀਆ	bhoomeeaa:1	bhoomiaa:1	bhuumeea:1
ਭੂਮੀਕਾ	bhumika:2	bhoomeeka:1	bhuumeeka:1
ਭੂਮੀਗਤ	bhoomigat:2	bhuumeegat:1
ਭੂਮੀਪਤੀਆਂ	bhoomipatiaan:1	bhumipatiaan:1	bhuumeepateea:1
ਭੂਮੀਹੀਣ	bhoomeeheen:1	bhoomihin:1	bhumiheen:1	bhuumeeheen:1
ਭੂਰਾ	bhura:2	bhoora:1	bhuura:1
ਭੂਰੀ	bhooree:1	bhoori:1	bhuri:1	bhuuree:1
ਭੂਰੀਆਂ	bhooreeaan:1	bhooriaan:1	bhuriaan:1	bhuureea:1
ਭੂਰੇ	bhure:2	bhoore:1	bhuure:1
ਭੂਲੇ	bhule:3
ਭੂਲੋ	bhulo:3
ਭੂਸ਼ਣ	bhushan:3	bhooshan:1
ਭੂਸ਼ਨ	bhushan:3	bhooshan:1
ਭੂੰਡ	bhund:2	bhundd:1
ਭੂੰਦੜ	bhundad:1	bhundar:1	bhundarh:1
ਭੇਂਟ	bhent:3	bheint:1
ਭੇਖੀ	bhekhi:3
ਭੇਜ	bhej:9
ਭੇਜਕੇ	bhejke:2	bhejake:1	bhejqe:1
ਭੇਜਣ	bhejan:3
ਭੇਜਣਾ	bhejana:2	bhejna:1
ਭੇਜਣੀ	bhejani:3
ਭੇਜਦਾ	bhejda:2	bhejada:1
ਭੇਜਦੀਆਂ	bhejadiaan:1	bhejadiyan:1	bhejdiaan:1
ਭੇਜਦੇ	bhejde:2	bhejade:1
ਭੇਜਿਆ	bhejiaa:4	bhejeya:2	bhiejaa:1	bhiyejya:1
ਭੇਜੀ	bheji:6
ਭੇਜੀਆਂ	bhejiaan:2	bhejian:1	bhejiyan:1
ਭੇਜੇ	bheje:4
ਭੇਜੇਗਾ	bhejega:3
ਭੇਜੋ	bhejo:3
ਭੇਜੋਗੇ	bhejoge:3
ਭੇਟ	bhet:8
ਭੇਟਾ	bheta:3
ਭੇਟਾਂ	bhetan:3
ਭੇਡ	bhed:3
ਭੇਡਾਂ	bhedan:3
ਭੇਣਾ	bhena:4
ਭੇਤ	bhet:3
ਭੇਤਾਂ	bhetan:3	bheta:1
ਭੇਦ	bhed:7
ਭੇਦਭਾਵ	bhedbhav:4	bhedbhaw:2
ਭੇਸ	bhes:3
ਭੇੜ	bhed:3	bher:1	bherh:1
ਭੇੜਾਂ	bhedan:1	bheran:1	bherhan:1
ਭੈ	bhae:2	bhai:2
ਭੈਅ	bhaea:2	bhaia:2
ਭੈਣ	bhaen:2	bhain:2
ਭੈਣਾ	bhaena:2	bhaina:2	bhona:1
ਭੈਣਾਂ	bhainan:2	bhaena:1	bhaenan:1
ਭੈਣੀ	bhaini:3	bhaeni:2
ਭੈਣੇ	bhaene:2	bhaine:2
ਭੈਭੀਤ	bhaebhit:2	bhaibhit:1
ਭੈਰਵ	bhaerav:2	bhairav:2	bhaeraw:1	bhairaw:1
ਭੈਰਵੀ	bhairvi:2	bhaeravi:1	bhaervi:1	bhaerwi:1
ਭੈਰੋ	bhaero:2	bhairo:2
ਭੈਰੋਂ	bhaeron:2	bhairon:2
ਭੈੜਾ	bhaerha:1	bhaida:1	bhairraa:1
ਭੈੜੀ	bhaerhi:1	bhaidi:1	bhairree:1
ਭੈੜੇ	bhaerhe:1	bhaide:1	bhairre:1
ਭੋਂ	bhon:3
ਭੋਂਇ	bhoni:2	bhone:1	bhonie:1
ਭੋਂਸਲੇ	bhonsle:3
ਭੋਇ	bhoi:2	bhoyi:1
ਭੋਗ	bhog:3
ਭੋਗਣ	bhogan:3
ਭੋਗਦਾ	bhogada:2	bhogda:1
ਭੋਗਦੇ	bhogade:3
ਭੋਗਪੁਰ	bhogpur:3
ਭੋਗਲ	bhogal:3
ਭੋਗਿਆ	bhogiaa:2	bhogiya:1
ਭੋਗੀ	bhogi:2	bhogee:1
ਭੋਜ	bhoj:3
ਭੋਜਨ	bhojan:4
ਭੋਜਨਾਲਾ	bhojnala:3
ਭੋਜਪੁਰ	bhojpur:3
ਭੋਜਪੁਰੀ	bhojpuri:2	bhojpuree:1
ਭੋਤਿਕ	bhotik:3	bhautik:1	bhotiq:1
ਭੋਪਾਲ	bhopal:5	bhoopal:1	bhopaal:1
ਭੋਰੇ	bhore:3
ਭੋਲਾ	bhola:4
ਭੋਲੀ	bholi:4
ਭੋਲੇ	bhole:4
ਭੋਲੇਪਣ	bholepan:3
ਭੋਲੇਪਨ	bholepan:3
ਭੋਸਲੇ	bhosale:2	bhosle:2
ਭੌਂਕਣ	bhaunkan:4	bhonkan:1
ਭੌਂਸਲੇ	bhaunsale:1	bhaunsle:1	bhonsle:1
ਭੌਤਿਕ	bhautik:3	bhautiq:1	bhotik:1
ਭੌਤਿਕਤਾ	bhautikta:2	bhautiqta:1	bhotikata:1	bhutikta:1
ਭੌਤਿਕਵਾਦ	bhautikvad:2	bhautikwad:2	bhotikvad:2	bhautiqvad:1
ਭੌਤਿਕੀ	bhautiki:2	bhotiki:2	bhautiqi:1
ਭੌਰਾ	bhaura:2	bhora:2	bhoraa:1
ਭੌਰੇ	bhaure:2	bhore:2
ਭ੍ਰਮਣ	bhraman:3
ਭ੍ਰਸ਼ਟ	bhrashat:2	bhrasht:1
ਭ੍ਰਿਗੂ	bhrigu:2	bhrigoo:1	bhriguu:1
ਭ੍ਰਿਸ਼ਟ	bhrisht:4	bhrishat:2
ਭ੍ਰਿਸ਼ਟਾਚਾਰ	bhrishtachar:3	bhrishatachar:1
ਭੜਕ	bhadak:2	bharhak:1
ਭੜਕਦਾ	bhadakada:1	bhadkada:1	bharhakda:1
ਭੜਕਦੇ	bhadakade:1	bhadkade:1	bharhakde:1
ਭੜਕਾ	bhadka:3	bhadaka:2	bharhka:1
ਭੜਕਾਇਆ	bhadkayia:1	bhadkayiya:1	bharhkaiaa:1
ਭੜਕਾਉਣ	bhadkaun:4	bhadkaunn:1	bharhkaunn:1
ਭੜਕਾਊ	bhadakau:1	bhadkau:1	bharhkau:1
ਭੜਕੀਲਾ	bhadakila:1	bhadkila:1	bharhkila:1
ਭੜੋਲਾ	bhadola:1	bharhola:1	bhdola:1
ਭੜੋਲੀਆਂ	bhadoliyan:1	bharholiaan:1	bhdoleean:1
ਭੰਗ	bhang:3
ਭੰਗਾਣੀ	bhangani:2	bhangaanee:1
ਭੰਗੀਆਂ	bhangiaan:2	bhangeean:1
ਭੰਗੂ	bhangu:2	bhangoo:1
ਭੰਗੜਾ	bhangda:3	bhangada:2	bhangara:1	bhangra:1
ਭੰਗੜੇ	bhangade:1	bhangde:1	bhangre:1
ਭੰਡ	bhand:4
ਭੰਡਾਂ	bhanadan:1	bhanda:1	bhandaan:1	bhandan:1
ਭੰਡਾਰ	bhandar:6
ਭੰਡਾਰਕਰ	bhandarkar:3	bhandarqar:1
ਭੰਡਾਰਨ	bhandaran:3
ਭੰਡਾਰਾ	bhandara:4
ਭੰਡਾਰੀ	bhandari:4
ਭੰਡਾਰੇ	bhandare:3
ਭੰਡਿਆ	bhanadiaa:1	bhandea:1	bhandia:1	bhandiaa:1
ਭੰਡੀ	bhandi:2	bhanadi:1
ਭੰਨ	bhan:2	bhann:2
ਭੰਨਦੀ	bhanadi:1	bhannadee:1	bhannadi:1
ਭੰਨੀ	bhananee:1	bhani:1	bhanni:1
ਭੰਬਲਭੂਸੇ	bhambalbhuse:1	bhambalbhuuse:1	bhambalboose:1
ਭੰਬੀਰੀ	bhambeeree:2	bhambiri:1
ਭੰਬੋਰ	bhambor:3
ਭੰਮੇ	bhame:1	bhanme:1	bhemme:1
ਭੰਸਾਲੀ	bhansali:2	bhansalee:1
ਭੱਖ	bhakh:3	bhukkh:1
ਭੱਗਤ	bhagat:3
ਭੱਜ	bhaj:2	bhajj:1
ਭੱਜਣ	bhajan:2	bhajann:1
ਭੱਜਣਾ	bhajna:2	bhajjanna:1
ਭੱਜਦਾ	bhajada:1	bhajda:1	bhajjda:1
ਭੱਜਦੀ	bhajdi:2	bhajjadi:1
ਭੱਜਦੇ	bhajade:1	bhajde:1	bhajjade:1
ਭੱਜਿਆ	bhajia:1	bhajiaa:1	bhajiya:1
ਭੱਟ	bhat:4	bhatt:2	bhet:1	bhut:1
ਭੱਟਾਂ	bhattan:2	bhatan:1
ਭੱਟਾਚਾਰਿਆ	bhatacharia:1	bhatachariaa:1	bhattachariya:1
ਭੱਟਾਚਾਰੀਆ	bhatacharia:1	bhatachariaa:1	bhattachariya:1
ਭੱਟੀ	bhatti:2	bhati:1
ਭੱਟੀਆਂ	bhatiaan:1	bhatian:1	bhattiyan:1
ਭੱਟੀਵਾਲ	bhatiwal:2	bhattival:1
ਭੱਠ	bhath:3
ਭੱਠਲ	bhathal:2	bhatthal:1
ਭੱਠਾ	bhatha:3
ਭੱਠਿਆਂ	bhathian:1	bhathiyan:1	bhattiaan:1
ਭੱਠੀਆਂ	bhathiaan:1	bhathian:1	bhathiyan:1
ਭੱਠੇ	bhathe:3
ਭੱਤਾ	bhatta:3
ਭੱਦਣ	bhaddan:2	bhadan:1
ਭੱਦੇ	bhadde:2	bhade:1
ਭੱਲਾ	bhalla:2	bhala:1
ਭੱਲੇ	bhalle:2	bhale:1
ਭੱਵਿਖ	bhavikh:2	bhawikh:1
ਮਈ	mai:6	may:4	maee:2	mayi:1
ਮਈਆ	maeeaa:1	maiaa:1	mayia:1	meia:1
ਮਊ	mau:2	mauu:1
ਮਕਤਬਾ	maktaba:2	makatba:1	maqtaba:1
ਮਕਤੂਮ	maktoum:1	maktouum:1	maqtoum:1
ਮਕਤੂਲ	maktool:2	maktul:2
ਮਕਦੂਨਿਆ	makdoonia:1	makdooniaa:1	makdunia:1	makduniaa:1
ਮਕਬਰਾ	makbara:2	makabra:1	mukbara:1
ਮਕਬਰਿਆਂ	makabriaan:1	makbariaan:1	makbarian:1	makbariyan:1
ਮਕਬਰੇ	makbare:2	makabre:1	makbaray:1
ਮਕਬੂਲ	makbool:2	makbul:2
ਮਕਬੂਲੀਅਤ	makbooliat:2	makabuliat:1	makbuliat:1
ਮਕਰ	makar:3
ਮਕਸਦ	maksad:3	maqsad:1
ਮਕਸਦਾਂ	maksadan:3
ਮਕਸੂਦ	maksud:2	maksood:1	maqsud:1
ਮਕਸੱਦ	maksad:2	maksadd:2	maqsadd:1
ਮਕ਼ਸੂਦ	maksud:2	maksood:1	maqsud:1
ਮਕਾਉ	makau:3	makaoo:2
ਮਕਾਓ	makau:2	makao:1	makaoo:1	makauo:1
ਮਕਾਨ	makan:5	makaan:2
ਮਕਾਨਾਂ	makana:2	makanan:2	makaana:1
ਮਕਾਬਲੇ	makabale:2	makable:1	mukable:1
ਮਕਾਮੀ	makami:3	makaami:2	makamee:1
ਮਕਾਰ	makar:2	makaar:1
ਮਕੇ	make:2	macai:1	mace:1	mackai:1
ਮਕੈਨਕੀ	makainaki:2	makenaki:1	mechanici:1	mechaniki:1
ਮਕੈਨਿਕ	mechanic:2	makainik:1	mechanik:1
ਮਕੌੜਿਆਂ	makoudian:2	makaudiyan:1	makauriyan:1	makodiyan:1
ਮਕੌੜੇ	makaude:1	makode:1	makoude:1	makourhe:1
ਮਖਦੂਮ	makhdum:3	makhdoom:2
ਮਖਮਲੀ	makhmali:3	makhmalee:2
ਮਖਮੂਰ	makhmur:3	makhmoor:2
ਮਖ਼ਦੂਮ	makhadoom:1	makhdoom:1	makhdum:1
ਮਖ਼ੌਲ	makhaual:1	makhoul:1	makhowl:1
ਮਖਿਆਲ	makhial:2	makhiaal:1	makhiyal:1
ਮਖੌਟਾ	makhauta:1	makhona:1	makhouta:1	makhowta:1
ਮਖੌਟੇ	makhaute:1	makhote:1	makhoutay:1	makhoute:1
ਮਖੌਲ	makhaul:2	makhol:1	makhoul:1
ਮਖੌਲੀਆ	makhauleeaa:1	makholiya:1	makhoulia:1	makhouliya:1
ਮਗਜ਼	magaj:2	magaz:2
ਮਗਦਲੀਨੀ	magdalini:2	magadleenee:1	magdaleeni:1	magdalene:1
ਮਗਧ	magadh:3
ਮਗਨ	magan:3
ਮਗਰ	magar:4
ਮਗਰਮੱਛ	magarmach:1	magarmachh:1	magarmuch:1
ਮਗਰਲਾ	magarala:1	magarla:1	magrala:1
ਮਗਰਲੀ	magarli:2	magaralee:1	magarlee:1
ਮਗਰਲੇ	magarale:1	magarle:1	magralay:1	magrale:1
ਮਗਰੋ	magro:2	magaro:1	magrou:1
ਮਗਰੋਂ	magron:2	magaron:1	magro:1	magrou:1
ਮਗ਼ਜ਼	magaz:2	magaj:1
ਮਘੋਰਿਆਂ	maghoriaan:2	maghoriyan:1
ਮਘੋਰੇ	maghore:3
ਮਚ	mach:3	much:1
ਮਚਲਦੀ	machaldi:3	machaldee:1
ਮਚਲਾ	machala:2	machla:1
ਮਚਾ	macha:3
ਮਚਾਈ	machaee:2	machai:2	machaiee:2	machaii:1
ਮਚਾਉਣ	machaun:2	machaoun:1
ਮਚਾਕੀ	machaki:3	machakee:1	machaqi:1
ਮਚਾਣ	machan:3
ਮਚਿਆ	machiaa:3
ਮਛਲੀ	machhalee:1	machhali:1	machli:1
ਮਛਲੀਆਂ	machhaliaan:1	machhleean:1	machliaan:1
ਮਛਿੰਦ੍ਰ	machhinder:1	machhindr:1	machindr:1
ਮਛੀ	machhee:1	machhi:1	machi:1
ਮਛੰਦਰ	machander:1	machhandar:1	machhardar:1
ਮਜਦੂਰ	majdur:2	majdoor:1
ਮਜਦੂਰਾਂ	majduran:2	majdooran:1
ਮਜਦੂਰੀ	majduri:2	majdooree:1
ਮਜਨੂੰ	majanoon:1	majnun:1	majnuu:1
ਮਜਬੂਤ	majbut:2	majboot:1
ਮਜਬੂਤੀ	majbootee:1	majbooti:1	majbuti:1
ਮਜਬੂਰ	majboor:2	majbur:1
ਮਜਬੂਰਨ	majburan:2	majbooran:1
ਮਜਬੂਰੀ	majbooree:1	majboori:1	majburi:1
ਮਜਬੂਰੀਆਂ	majboorian:1	majburiaan:1	majburiyan:1
ਮਜਮਾ	majma:2	majamaa:1
ਮਜਮੂਨ	majmun:2	majamoon:1
ਮਜਲਸ	majlas:3
ਮਜਲਿਸ	maajilis:1	maajles:1	maajlis:1	majles:1
ਮਜਹਬ	majhab:2	majahab:1
ਮਜਹਬੀ	majhabi:2	majhabee:1
ਮਜ਼ਦ	mazad:2	mazd:1
ਮਜ਼ਦੂਰ	mazdur:2	mazdoor:1
ਮਜ਼ਦੂਰਾਂ	mazduran:2	mazdooran:1
ਮਜ਼ਦੂਰੀ	mazduri:2	mazdooree:1
ਮਜ਼ਬੀ	azabi:1	majbi:1	mazabee:1
ਮਜ਼ਬੁਤ	mazbut:2	majbut:1
ਮਜ਼ਬੂਤ	majbut:1	mazboot:1	mazbut:1
ਮਜ਼ਬੂਤੀ	majbuti:1	mazbootee:1	mazbuti:1
ਮਜ਼ਬੂਨਾਂ	majbunan:1	mazaboonan:1	mazbunan:1
ਮਜ਼ਬੂਰ	majboor:1	mazaboor:1	mazbur:1
ਮਜ਼ਬੂਰੀ	majboori:1	mazadooree:1	mazburi:1
ਮਜ਼ਬੂਰੀਆਂ	majburiyan:1	mazbooriaan:1	mazburiaan:1
ਮਜ਼ਮੂਨ	majmun:1	mazamoon:1	mazmun:1
ਮਜ਼ਮੂਨਾਂ	majmunan:1	mazmoonan:1	mazmunan:1
ਮਜ਼ਹਬ	mazhab:2	mazahab:1
ਮਜ਼ਹਰ	mazhar:2	mazahar:1
ਮਜ਼ਾ	maja:1	maza:1	mazaa:1
ਮਜ਼ਾਕ	majak:1	mazaak:1	mazak:1	mazaq:1
ਮਜ਼ਾਜੀ	majaji:1	mazaajee:1	mazaji:1
ਮਜ਼ਾਰ	majar:1	mazaar:1	mazar:1
ਮਜ਼ਾਰਾਂ	majaran:1	mazaaran:1	mazaran:1
ਮਜ਼ਾਹੀਆ	majahiya:1	mazaaheea:1	mazahiaa:1
ਮਜ਼ੀਦ	majid:1	mazeed:1	mazid:1
ਮਜ਼ੇਦਾਰ	majedar:1	mazedaar:1	mazedar:1
ਮਜਾਕ	majak:3	majaak:1	majaq:1
ਮਜਾਕੀਆ	majakeea:1	majakiaa:1	majakiya:1	majaqiaa:1
ਮਜਾਜ	majaj:2	majaaj:1
ਮਜਾਜਣ	majajan:2	majaajan:1
ਮਜਾਜ਼	majaaz:1	majaj:1	majaz:1
ਮਜਾਜ਼ੀ	majaji:1	majazee:1	majazi:1
ਮਜਾਜੀ	majaji:2	majaajee:1
ਮਜਾਹੀਆ	majaheeaa:1	majahiaa:1	majahiya:1
ਮਜਿਸਟਰੇਟ	magistrate:2	majistaret:1	mejistarate:1
ਮਜੀਠੀਆ	majeetheea:1	majithiaa:1	majithiya:1
ਮਜੀਦ	majeed:2	majid:2
ਮਜੁਮਦਾਰ	majumdar:2	majumdaar:1
ਮਜੂਮਦਾਰ	majumdar:2	majoomdar:1
ਮਜ੍ਹਬ	majhab:2	majahab:1
ਮਜ੍ਹਬਾਂ	majahaban:1	majhaban:1	majhban:1
ਮਜ੍ਹਬੀ	majahabee:1	majhabi:1	majhbi:1
ਮਝੈਲ	majhail:3	majhael:1
ਮਟਕ	matak:3	mataq:1
ਮਟਕਾ	matka:3	mataka:1	matqa:1
ਮਟਕੇ	matke:2	matake:1	matqe:1
ਮਟਨ	matan:2	mutton:1
ਮਟਰ	matar:3
ਮਟਰਾਂ	mataran:2	matran:1
ਮਟੀਆਂ	matiaan:2	mateean:1	matiyan:1
ਮਟੀਲਾ	matila:2	mateela:1
ਮਠ	math:4
ਮਠਿਆਈ	mathiaaee:2	mathiai:1
ਮਠਿਆਈਆਂ	mathiaaeean:1	mathiyaniyan:1	matthiaaeeaan:1
ਮਡਾਹੜ	madahad:2	madahar:1
ਮਣ	man:2	mann:1
ਮਣਕਿਆਂ	mankiaan:2	manakiaan:1	manqiaan:1
ਮਣਕੇ	manke:2	manake:1	manqe:1
ਮਣਿਪੁਰੀ	manipuri:2	manipuree:1
ਮਣੀ	mani:5	manee:1
ਮਣੀਪੁਰ	manipur:3	maneepur:2	maneepar:1	maniipar:1
ਮਣੀਪੁਰੀ	manipuri:3	maneepuree:1
ਮਤ	mat:3
ਮਤਦਾਨ	matdaan:2	matdan:1
ਮਤਭੇਦ	matbhed:3
ਮਤਭੇਦਾਂ	matbhedan:2	mattbhedan:1
ਮਤਰੇਈ	matreaee:1	matreiee:1	matreyi:1
ਮਤਰੇਏ	matreae:2	matreye:1
ਮਤਲਬ	matlab:3	mtlab:1
ਮਤਲਬੀ	matlabi:2	matlabee:1	matlbi:1
ਮਤਲਵ	matlav:3	matlaw:1	matlv:1
ਮਤਲੇ	matale:2	matle:1
ਮਤਲੱਬ	matllab:2	matlabb:1
ਮਤਵਾਲਾ	matwala:2	matavaala:1	matvaala:1
ਮਤਾ	mata:2	mataa:1
ਮਤੀ	matee:2	mati:1
ਮਤੀਦਾਸ	mateedaas:1	mateedas:1	matidas:1
ਮਤੀਰਾ	mateedaas:1	mateera:1	matira:1
ਮਤੇ	mate:3
ਮਤ੍ਰੇਈ	matareee:1	matreii:1	matreyi:1
ਮਥਰਾ	mathara:3
ਮਥੁਰਾ	mathura:4	mathoora:1	mathuraa:1
ਮਦ	mad:3
ਮਦਦ	madad:4
ਮਦਦਗਾਰ	madadgaar:1	madadgar:1	maddagar:1
ਮਦਨ	madan:4	madann:1
ਮਦਨਜੀਤ	madanjeet:2	madanjit:1
ਮਦਰਸਿਆਂ	madarasian:1	madarsiaan:1	madrasiyan:1
ਮਦਰਾਸ	madras:3	maadaaraas:1	maadraas:1	madaraas:1
ਮਦਰਾਸੀ	madrasi:2	madarasi:1	madraasi:1
ਮਦਰੱਸਾ	madarassa:1	madarsa:1	madarssa:1	madrasa:1
ਮਦਰੱਸੇ	madrase:3	madarase:1	madrasse:1
ਮਦਹੋਸ਼	madhosh:3
ਮਦਾਨ	madaan:2	madan:2
ਮਦਾਰੀ	madari:2	madaree:1
ਮਦੀਨਾ	madeena:2	madina:2	madiina:1	meddiina:1
ਮਦੀਨੇ	madine:3
ਮਦੁਰਾਈ	madurai:2	maduraee:1	madurayi:1
ਮਦੁਰੈ	madarai:1	madurai:1	madure:1
ਮਧ	madh:4	madhya:1
ਮਧਕਾਲ	madhkal:3	madakaal:1	madkaal:1
ਮਧਕਾਲੀ	madhkali:3	madakaali:1	madhkaali:1
ਮਧਕਾਲੀਨ	madhkalin:3	madhakalin:1	madhkaleen:1
ਮਧਮ	madham:5
ਮਧਰੀ	madhari:2	madhri:2
ਮਧਾਣੀ	madhani:3
ਮਧਾਣੀਆਂ	madhanian:5	madhaniyan:3
ਮਧਿਅਮ	madhiam:4	madhyam:1
ਮਧੁਰ	madhur:3
ਮਧੁਰਤਾ	madhurata:2	madhurta:1
ਮਧੂ	madhu:4	madhoo:2	madha:1	madhuu:1
ਮਧੂਬਾਲਾ	madhubala:2	madhubaala:1
ਮਧੂਮਤੀ	madhumati:3
ਮਧੂਮੇਹ	madhumeh:3
ਮਧੇਸੀ	madhesi:2	madhyesi:1
ਮਨ	man:10	mann:1
ਮਨਘੜਤ	manghadat:3
ਮਨਚਾਹਿਆ	manchaahiaa:1	manchahia:1	manchahiaa:1
ਮਨਚਾਹੀ	manchahi:2	manchaahi:1
ਮਨਚਾਹੇ	manchahe:2	manchaahe:1
ਮਨਜ਼ੂਰ	manzur:2	manzoor:1
ਮਨਜ਼ੂਰਸ਼ੁਦਾ	manzurshuda:2	manzoorshuda:1
ਮਨਜ਼ੂਰੀ	manzuri:2	manzoori:1
ਮਨਜਿੰਦਰ	manjinder:3
ਮਨਜੀਤ	manjeet:2	manjit:1
ਮਨਜੂਰ	manjoor:2	manjur:1
ਮਨਜੂਰੀ	manjuri:2	manjoori:1
ਮਨਦੀਪ	mandeep:3	mandip:1
ਮਨਧੀਰ	manadheer:1	mandheer:1	mandhir:1
ਮਨਨ	manan:3
ਮਨਪਰਚਾਵੇ	manaparachaave:1	manparchaave:1	manparchave:1
ਮਨਪਸੰਦ	manpasand:2	manapasand:1
ਮਨਪ੍ਰੀਤ	manpreet:6	manapreet:1	manprit:1
ਮਨਫੀ	manafee:1	manafi:1	manaphee:1	manfi:1
ਮਨਬਚਨੀ	manbachni:2	manabachanee:1
ਮਨਭਾਉਂਦਾ	manabhaunda:1	manbhaaunda:1	manbhaunda:1
ਮਨਭਾਉਂਦੀ	manabhaundee:1	manbhaaundi:1	manbhaundi:1
ਮਨਮਰਜ਼ੀ	manmarzi:3
ਮਨਮਰਜੀ	manmarji:3
ਮਨਮੀਤ	manmeet:2	manmit:1
ਮਨਮੋਹਕ	manmohak:3
ਮਨਮੋਹਣਾ	manmohana:3
ਮਨਮੋਹਣੀ	manmohani:3
ਮਨਮੋਹਣੇ	manmohane:3
ਮਨਮੋਹਨ	manmohan:4	manmahan:1
ਮਨਮੱਤ	manmatt:2	manamat:1
ਮਨਵਾਇਆ	manvaaiaa:2	manvayia:1	manvayiaa:1
ਮਨਵਾਉਣ	manvaaun:3	manvaun:1
ਮਨਸ਼ਾ	mansha:3
ਮਨਸਾ	mansa:3
ਮਨਸੂਈ	mansooee:1	mansui:1	mansuyi:1
ਮਨਸੂਬਾ	mansuba:2	mansooba:1
ਮਨਸੂਬਿਆਂ	mansoobiaan:1	mansubian:1	mansubiyan:1
ਮਨਸੂਬੇ	mansube:2	mansoobe:1
ਮਨਸੂਰ	mansur:3	mansoor:2	mansuur:1
ਮਨਾ	manaa:2	mana:1
ਮਨਾਂ	manaan:2	manan:1
ਮਨਾਂਦੇ	manande:2	manaande:1
ਮਨਾਇਆ	manaia:2	manaaiaa:1	manaiaa:1
ਮਨਾਈ	manaaee:3	manayee:2	manaai:1	manaee:1
ਮਨਾਉਂਦਾ	manaunda:2	manaaunda:1
ਮਨਾਉਂਦੀਆਂ	manaaundeeaan:1	manaaundeean:1	manaundiaan:1
ਮਨਾਉਂਦੇ	manaunde:4	manaaunde:1
ਮਨਾਉਣ	manaun:5	manaaun:2
ਮਨਾਉਣਾ	manauna:2	manaauna:1
ਮਨਾਉਦੇ	manaude:2	manaaude:1	manaunde:1
ਮਨਾਏ	manaae:1	manae:1	manaye:1
ਮਨਾਓ	manaao:1	manao:1	manaou:1
ਮਨਾਲੀ	manali:6	maanaalee:1	maanaali:1	manaalee:1
ਮਨਾਵੇ	manave:2	manaave:1
ਮਨਾਹੀ	manaahee:1	manaahi:1	manahi:1
ਮਨਾਹੀਆਂ	manaaheeaan:2	manahian:1
ਮਨਿਆ	mania:1	maniaa:1	maniya:1
ਮਨਿਸਟਰ	mineeshtar:1	mineestar:1	miniistar:1	minishter:1
ਮਨਿੰਦਰ	maninder:3
ਮਨੀ	mani:3	manee:2	manii:2	maney:1
ਮਨੀਕਰਣ	manikaran:2	maneekaran:1
ਮਨੀਕਰਨ	mainkaran:1	maneekaran:1	manikaran:1
ਮਨੀਪਾਲ	manipal:2	maeepal:1
ਮਨੀਪੁਰ	manipur:2	maneepur:1
ਮਨੀਮਾਜਰਾ	maneemaajra:1	manimajra:1	manimarja:1
ਮਨੀਲਾ	manila:2	maaneelaa:1	maaniilaa:1	maanilaa:1
ਮਨੀਸ਼	manish:4	maneesh:2	maniish:1
ਮਨੀਸ਼ਾ	manisha:2	maneesha:1
ਮਨੁ	manu:3
ਮਨੁਖ	manukh:4
ਮਨੁਖਤਾ	manukhta:3	manukhata:1
ਮਨੁਖੀ	manukhi:4
ਮਨੁੱਖ	manukh:3	manukhkh:1
ਮਨੁੱਖਜਾਤੀ	manukhjaati:1	manukhjati:1	manukhkhjaati:1
ਮਨੁੱਖਤਾ	manukhata:1	manukhkhta:1	manukhta:1
ਮਨੁੱਖਤਾਵਾਦੀ	manukhkhtavadi:1	manukhtavadi:1	manukhutavadi:1
ਮਨੁੱਖਾ	manukha:2	manukhkha:1
ਮਨੁੱਖੀ	manukhee:1	manukhi:1	manukhkhi:1
ਮਨੂ	manu:4	mannuu:1	manoo:1	manuu:1
ਮਨੂੰ	manun:2	manoon:1
ਮਨੂੱਖੀ	manukhi:2	manookhkhi:1
ਮਨੋ	mano:4
ਮਨੋਕਾਮਨਾ	manokaamna:1	manokamana:1	manokamna:1
ਮਨੋਜ	manoj:5	maanoj:1
ਮਨੋਤਾਂ	manotan:2	manotaan:1
ਮਨੋਦਸ਼ਾ	manodasha:2	mandasha:1
ਮਨੋਨੀਤ	manonit:2	manoneet:1
ਮਨੋਬਲ	manobal:3
ਮਨੋਭਾਵ	manobhav:3
ਮਨੋਭਾਵਨਾ	manobhaavna:1	manobhavana:1	manobhavna:1
ਮਨੋਭਾਵਾਂ	manobhaavaan:1	manobhaavan:1	maonbhavan:1
ਮਨੋਰਥ	manorath:3
ਮਨੋਰਥਾਂ	manorathan:2	manorathaan:1
ਮਨੋਰੋਗ	manorog:2	mnorog:1
ਮਨੋਰੋਗਾਂ	manorogaan:1	manorogan:1	mnorogan:1
ਮਨੋਰੋਗੀ	manorogi:2	mnorogi:1
ਮਨੋਰੋਗੀਆਂ	manorogeeaan:1	manorogiyan:1	mnorogeean:1
ਮਨੋਰੰਜਕ	manoranjak:2	mnornjk:1
ਮਨੋਰੰਜਨ	manoranjan:5	mnornjn:1
ਮਨੋਵਿਕਾਰਾਂ	manovikaaraan:1	manovikaran:1	mnovikaran:1
ਮਨੋਵਿਗਿਆਨ	manovigiaan:1	manovigiyan:1	mnovigiaan:1
ਮਨੋਵਿਗਿਆਨਕ	manovigiaanak:1	maonvigiyanak:1	mnovigiank:1
ਮਨੋਵਿਗਿਆਨਕਾਂ	manovigiaanakaan:1	manovigiyanakan:1	mnovigianikan:1
ਮਨੋਵਿਗਿਆਨਿਕ	manovigiaanik:1	mnovigiaanik:1	monovigiyanik:1
ਮਨੋਵਿਗਿਆਨੀ	manovigiaani:1	manovigiyani:1	mnovigiaani:1
ਮਨੋਵਿਗਿਆਨੀਆਂ	manovigiaaneeaan:1	maonvigiyaniyan:1	mnovigianeea:1
ਮਨੋਸਥਿਤੀ	manosathiti:2	maonsathiti:1
ਮਨੋਸਥਿਤੀਆਂ	manosathitiaan:1	manosathitiyan:1	manosthitian:1
ਮਨੋਹਰ	manohar:2	maonhar:1
ਮਨੌਤ	manaut:1	manot:1	mnaut:1
ਮਨੌਤਾਂ	manautaan:1	manotan:1	mnautan:1
ਮਨੌਲੀ	manauli:1	manoli:1	mnauli:1
ਮਮਤਾ	mamta:3	mmta:1
ਮਮੂਲੀ	mamuli:2	mamooli:1
ਮਮੇਰੇ	mamere:3
ਮਯੂਰ	mayur:2	mayoor:1
ਮਰ	mar:4
ਮਰਕਰੀ	markari:2	mercury:2	marqari:1
ਮਰਕਸ	markas:2	markus:1
ਮਰਗ	marg:2	marag:1
ਮਰਜ਼	maraz:2	maraj:1
ਮਰਜ਼ੀ	marzi:2	marji:1
ਮਰਜੀ	marji:3	marjee:1
ਮਰਣ	maran:4
ਮਰਤਬਾਨ	maratbaan:2	martaban:1
ਮਰਦ	marad:2	mard:1
ਮਰਦਮ	mardam:3
ਮਰਦਾ	marda:3
ਮਰਦਾਂ	mardaan:2	mardan:1
ਮਰਦਾਨ	mardaan:2	mardan:1
ਮਰਦਾਨਗੀ	mardanagi:2	mardaangi:1
ਮਰਦਾਨਾ	mardana:2	mardaana:1
ਮਰਦਾਨੇ	mardane:2	mardaane:1
ਮਰਦਾਵੇਂ	maradavein:1	mardaaven:1	mardaven:1	mardawen:1
ਮਰਦੀ	mardi:2	mardee:1
ਮਰਦੇ	marde:3
ਮਰਦੰਗ	mardang:3
ਮਰਨ	maran:3
ਮਰਨਾ	marna:3
ਮਰਨੀ	marnee:2	marni:1
ਮਰਨੇ	marne:3
ਮਰਫੀ	marfi:3	murphy:1
ਮਰਯਮ	maryam:3
ਮਰਯਾਦਾ	maryaada:2	maryada:1
ਮਰਲਿਨ	marlin:3
ਮਰਵਾ	marva:3
ਮਰਸਰ	marcer:1	marsar:1	mercer:1
ਮਰਸੀ	marsi:2	mercy:1
ਮਰਸੀਆ	marseeaa:1	marsia:1	marsiya:1
ਮਰਸੀਡੀਜ਼	marcedez:1	marseedeez:1	marsifij:1
ਮਰਹੂਮ	marhum:2	marhoom:1
ਮਰਹੱਟਿਆਂ	manhatian:1	marhatiyan:1	marhattiaan:1
ਮਰਾਂਗਾ	maraanga:1	maraga:1	maranga:1
ਮਰਾਕਸ਼	marakash:2	maraakash:1	maraqash:1
ਮਰਾਠਵਾੜਾ	maraathvaada:1	marathvada:1	marathvara:1	marathwara:1
ਮਰਾਠਾ	maratha:4	marathaa:1	marathe:1	maretha:1
ਮਰਾਠਿਆਂ	marathiaan:3
ਮਰਾਠੀ	marathi:4	maaraathee:1	maaraathi:1	maraathee:1
ਮਰਾਠੇ	marathe:3
ਮਰਾਤਬ	maraatab:1	maratab:1	martab:1
ਮਰਾਸਣ	marasan:2	maraasan:1
ਮਰਾਸੀ	marasi:2	maraasi:1
ਮਰਾਸੀਆਂ	maraaseeaan:1	marasiaan:1	marasian:1
ਮਰਾੜ	maraad:1	marad:1	marar:1
ਮਰਿਅਮ	mariam:3
ਮਰਿਆ	mariaa:5	maria:1
ਮਰਿਆਦਾ	mariaada:6
ਮਰਿਆਦਾਵਾਂ	mariaadavan:2	mariaadaavaan:1	mariaadawan:1
ਮਰਿਯਮ	mariyam:2	mreeym:1
ਮਰਿਯਾਦਾ	mariyaada:1	mariyada:1	mriyada:1
ਮਰੀ	mari:2	mree:1
ਮਰੀਅਮ	mareeam:1	mariam:1	mreeam:1
ਮਰੀਜ਼	mareez:2	mreez:1
ਮਰੀਜ਼ਾਂ	mareezaan:1	mareezan:1	mreezan:1
ਮਰੀਜਾਂ	mareejaan:1	mareejan:1	mreejan:1
ਮਰੀਦ	mareed:2	mreed:1
ਮਰੂ	maroo:2	mroo:1
ਮਰੇ	mare:2	mre:1
ਮਰੈ	marae:2	marai:1	marei:1
ਮਰੋ	maro:3
ਮਰੋੜ	marod:2	maror:1
ਮਰੋੜਨਾ	marodana:2	marorna:1
ਮਰੋੜੀ	marodee:1	marodi:1	marori:1
ਮਲ	mal:6
ਮਲਕ	malak:3
ਮਲਕਾ	malka:3
ਮਲਕੀਅਤ	malkiat:2	malkeeat:1	malkeeyat:1
ਮਲਕੀਆਂ	malkian:2	malkeeaan:1
ਮਲਕੀਤ	malkeet:3
ਮਲਟੀਮੀਡੀਆ	maltimedia:1	multimedia:1	multimeedia:1	multimeediaa:1
ਮਲਣ	malan:3
ਮਲਣਾ	malna:2	malana:1
ਮਲਨ	malan:2	mln:1
ਮਲਬਾ	malba:2	mlba:1
ਮਲਬੇ	malabe:1	malbe:1	mlbe:1
ਮਲਯਾਲਮ	malayalam:1	malyaalam:1	mlyalm:1
ਮਲਵਈ	malvaee:1	malwai:1	mlvi:1
ਮਲਹੋਤਰਾ	malhotra:3
ਮਲਾ	mala:1	malaa:1	mla:1
ਮਲਾਇਆ	malaaiaa:1	malaaiyaa:1	malaayaa:1	malaeyaa:1
ਮਲਾਇਕਾ	malaaika:1	malaika:1	mlaika:1
ਮਲਾਈ	malaee:1	malayi:1	mlai:1
ਮਲਾਨੀ	malani:2	malaanee:1	malaani:1
ਮਲਾਮਤ	malaamat:2	malamat:1
ਮਲਾਲ	malaal:2	malal:1
ਮਲਾਲਾ	malaala:2	malala:1
ਮਲਾਵੀ	malaavee:1	malaavi:1	malawi:1
ਮਲਾਹ	malaah:2	malah:1	mlaah:1
ਮਲਿਆਲਮ	maliaalam:2	malayalam:1	malialam:1	malialama:1
ਮਲਿਕ	malik:4	maliq:1
ਮਲਿਕਾ	malika:4	malikaa:1	mallika:1	mallikaa:1
ਮਲਿੰਗਾ	malinga:3	maliga:1
ਮਲੀਆਮੇਟ	maleeaamet:1	maleeyamet:1	maliaamet:1
ਮਲੀਦਾ	maleeda:2	malida:1
ਮਲੀਨ	maleen:2	malin:1
ਮਲੂਕ	malook:2	maluk:1	maluq:1
ਮਲੂਕਾ	malooka:2	maluka:1
ਮਲੇਰਕੋਟਲਾ	malerkotla:3	malerkotala:1
ਮਲੇਰਕੋਟਲੇ	malerkotle:3	malerkotale:1	malerqotle:1
ਮਲੇਰੀਆ	malaria:2	maleria:2	malariaa:1	maleriaa:1
ਮਲੇਸ਼ਿਆ	malaysia:3
ਮਲੇਸ਼ੀਆ	malaysia:3	malaycan:1	malaycian:1	malayciian:1
ਮਲੈਕਾ	malacca:1	malaika:1	malaikka:1	malakka:1
ਮਲੋਟ	malot:2	mlot:1
ਮਲੌਦ	malaud:2	malod:1	mlaud:1
ਮਲ੍ਹਮ	malham:2	mlhm:1
ਮਲ੍ਹਾਰ	malhar:2	malhaar:1	mlhar:1
ਮਲ੍ਹਾਰਾਂ	malharan:2	mlharan:1
ਮਲੰਗ	malang:2	mlng:1
ਮਲੰਗਾਂ	malangan:2	mlngan:1
ਮਲੱਕਾ	malakka:2	malka:1
ਮਲੱਠੀ	malaththi:1	malatthi:1	malthi:1
ਮਵਾਦ	mawad:2	mavad:1	mvad:1
ਮਵੇਸ਼ੀਆਂ	mavesheeaan:1	maveshian:1	mvesheean:1
ਮਸਊਦ	masud:3	masaud:1	masood:1	masuud:1
ਮਸਕ	masak:3	masaq:1
ਮਸਕਟ	maskat:2	muscat:2	masqat:1
ਮਸਕੀਨ	maskeen:2	maskin:2	masqin:1
ਮਸਕੈਟ	masakaita:1	mascat:1	mascot:1	mashcot:1
ਮਸਖਰੇ	maskhare:3
ਮਸਜਦ	masjad:3
ਮਸਜ਼ਿਦ	maszid:3
ਮਸਜਿਦ	masjid:4	mashjid:1	masjeed:1	maszid:1
ਮਸਜਿਦਾਂ	masjidan:3
ਮਸਤ	masat:2	mast:1
ਮਸਤਕ	mastak:3	mastaq:1
ਮਸਤੀ	masti:3	mastee:2	masati:1	mashtee:1
ਮਸਤੂਆਣਾ	mastooana:1	mastuaana:1	mastuana:1	mastuyana:1
ਮਸਨਵੀਆਂ	masanaviyan:1	masanvian:1	masnaviaan:1	masnawiaan:1
ਮਸਰ	masar:3
ਮਸਰਾਂ	masaran:2	masran:1
ਮਸਰੀ	masari:2	masri:1	mausari:1
ਮਸਰੂਫ	masruf:2	masaruf:1	masroof:1
ਮਸਰੂਫ਼	masaruf:1	masroof:1	masruf:1	masruff:1
ਮਸਲ	masal:2	muscle:1
ਮਸਲਣ	maslan:2	masalan:1
ਮਸਲਤ	maslat:2	masalat:1
ਮਸਲਨ	maslan:2	masalan:1
ਮਸਲਾ	masla:2	masala:1
ਮਸਲਿਆ	masaleya:1	maslea:1	maslia:1	masliaa:1
ਮਸਲਿਆਂ	masaleyan:1	maslean:1	masliaan:1	maslian:1
ਮਸਲੇ	masale:2	masle:1	msle:1
ਮਸਹੂਰ	mashur:3	mashoor:1
ਮਸ਼ਕਰੀ	mashkari:3	mashqari:1
ਮਸ਼ਰਿਕ	mashrik:2	masharik:1	mashriq:1
ਮਸ਼ਵਰਾ	mashavara:1	mashvari:1	mashvra:1	mashwari:1
ਮਸ਼ਵਰੇ	mashvare:2	mashavare:1	mashware:1
ਮਸ਼ਹੁਰ	mashhur:3	mashoor:1	mashur:1
ਮਸ਼ਹੂਰ	mashhur:2	mashahur:1	mashoor:1	mashur:1
ਮਸ਼ਹੂਰੀ	mashahoori:1	mashahuri:1	mashhorri:1	mashhuri:1
ਮਸ਼ਹੂਰੀਆਂ	mashahuriaan:1	mashahurian:1	mashhuriaan:1	mashhurian:1
ਮਸ਼ਾਲ	mashal:2	mashaal:1
ਮਸ਼ੀਨ	machine:1	masheen:1	mashin:1
ਮਸ਼ੀਨਗੰਨਾਂ	machinegannan:1	masheenganna:1	mashinaganna:1
ਮਸ਼ੀਨਾਂ	masheena:3	mashina:2	masheenan:1	mashinan:1
ਮਸ਼ੀਨੀ	mashini:2	macheenee:1	masheenee:1
ਮਸ਼ੀਨੀਕਰਨ	mashinikaran:2	masheeneekaran:1	masheenikaran:1
ਮਸਾਂ	masan:2	mashan:1
ਮਸਾਬਾ	masaba:3
ਮਸਾਲਾ	masala:4	masaala:1
ਮਸਾਲਾਂ	masalan:3
ਮਸਾਲਿਆਂ	masaliaan:2	masaleyan:1
ਮਸਾਲੇ	masale:3
ਮਸਾਲੇਦਾਰ	masaledar:2	masaledaar:1
ਮਸੀ	masi:3	masee:1
ਮਸੀਤ	masit:3	maseet:1
ਮਸੀਤੇ	maseete:2	masite:2
ਮਸੀਹ	masih:3	maseeh:1
ਮਸੀਹਾ	masiha:3	maseeha:1
ਮਸੀਹੀ	masihi:3	maseehee:1
ਮਸੀਹੀਆਂ	masihiaan:2	masihiyan:1
ਮਸੀਹੇ	masihe:3	maseehe:1
ਮਸੂਦ	masud:2	masood:1	masuud:1
ਮਸੂਰੀ	mussoorie:9	masuri:1	masuuree:1
ਮਸੂੜਿਆਂ	masoorhiaan:1	masurheyan:1	masurhiaan:1	masuurria:1
ਮਸੂੜੇ	masurhe:2	masoorhe:1	masuude:1	masuurre:1
ਮਸੇਰ	maser:3
ਮਸੰਦ	masand:3
ਮਹਕ	mahak:3	mahaq:1
ਮਹਤਤਾ	mahatata:2	mehtta:1
ਮਹਤਵ	mahatav:2	mahataw:1	mehtav:1
ਮਹਤਵਪੂਰਣ	mahatavapuran:1	mahatavpuran:1	mahatawpuran:1	mehtapooran:1
ਮਹਤਵਪੂਰਨ	mahatavapuran:1	mahatavpuran:1	mahatawpuran:1	mehtavpooran:1
ਮਹਤੱਤਾ	mahatatta:1	mahattata:1	mehttta:1
ਮਹਤੱਵ	mahatav:1	mahataww:1	mehtavv:1
ਮਹਬੂਬ	mahabub:1	mahboob:1	mahbub:1	mehboob:1
ਮਹਲ	mahal:4	mahall:1
ਮਹਲਾ	mahala:2	mahla:1
ਮਹਸੂਦ	mahsood:2	mahsud:2	mahasud:1
ਮਹਾ	maha:4	mahaa:1
ਮਹਾਂ	mahan:2	maha:1	mhan:1
ਮਹਾਂਕਵੀ	mahakavee:1	mahankavi:1	mahankawi:1	mhakavi:1
ਮਹਾਂਕਾਲ	mahakal:2	mahakaal:1
ਮਹਾਂਕਾਵਾਂ	mahankavan:2	mahakava:1	mahankawan:1	mhankavan:1
ਮਹਾਂਕਾਵਿ	mahankavi:2	mahakavi:1	mhankaiv:1
ਮਹਾਂਕਾਵਿਕ	mahakavik:2	mahakawik:1	mahankavik:1
ਮਹਾਂਦੀਪ	mahadeep:2	mahandip:1	mhandeep:1
ਮਹਾਂਦੀਪਾਂ	mahadeepaa:1	mahadeepan:1	mahandeepan:1	mahandipan:1
ਮਹਾਂਦੀਪੀ	mahandipi:2	mahadeepee:1	mahandeepi:1	mhandeepi:1
ਮਹਾਂਦੇਵ	mahandev:2	mahadev:1
ਮਹਾਂਦੇਵੀ	mahandevi:3	mahadevi:1
ਮਹਾਂਦੋਸ਼	mahandosh:2	mahadosh:1
ਮਹਾਂਨਗਰਾਂ	mahanagara:1	mahannagaran:1	mahannagran:1
ਮਹਾਂਨਗਰੀ	mahanagari:1	mahannagaree:1	mahannagri:1
ਮਹਾਂਪੁਰਸ਼	mahanpurash:1	mahanpursh:1	mahapurash:1
ਮਹਾਂਭਾਰਤ	mahanbharat:2	mahabharat:1
ਮਹਾਂਮਾਨਵ	mahanmanav:2	mahamanav:1
ਮਹਾਂਮਾਰੀ	mahamaree:1	mahamari:1	mahanmaaree:1	mahanmari:1
ਮਹਾਂਰਾਣਾ	maharana:3
ਮਹਾਂਰਾਸ਼ਟਰ	mahanrashatar:1	mahanrashtar:1	maharashtar:1
ਮਹਾਂਵਾਰੀ	mahavari:2	mahanvari:1	mahawari:1
ਮਹਾਂਵਿਦਿਆਲਾ	mahanvidiala:1	mahavidiala:1	mahavidyala:1
ਮਹਾਂਵੀਰ	mahaveer:2	mahanveer:1
ਮਹਾਂਸਭਾ	mahasabha:2	mahansbha:1
ਮਹਾਂਸਾਗਰ	mahasagar:2	mahansagar:1
ਮਹਾਂਸਾਗਰਾਂ	mahansagran:1	mahasagara:1	mahasagaran:1
ਮਹਾਂਸੰਘ	mahasangh:2	mahansangh:1
ਮਹਾਉਤਸਵ	mahautsav:4	mahautsaw:2	mhaoutsav:2
ਮਹਾਕਵੀ	mahakavi:3	mahakavee:1	mahakawi:1	mahaqavi:1
ਮਹਾਕਾਵਿ	mahakaave:1	mahakavi:1	mahakawi:1	mahaqawi:1
ਮਹਾਕੁੰਭ	mahakumbh:2	mahakumb:1	mahaqumbh:1
ਮਹਾਜਨ	mahajan:4	mahaajan:1
ਮਹਾਤਮ	mahatam:3
ਮਹਾਤਮਾ	mahatma:3	mahatama:2	mahaatama:1	mahaatma:1
ਮਹਾਤਮਾਵਾਂ	mahatmavan:2	mahatamavan:1	mahatmawan:1
ਮਹਾਦੀਪ	mahaadeep:1	mahadeep:1	mahadip:1
ਮਹਾਦੀਪਾਂ	mahadeepan:2	mahadipan:1
ਮਹਾਦੇਵ	mahadev:2	mahaadev:1	mahadew:1
ਮਹਾਦੇਵੀ	mahadevi:2	mahadevee:1	mahadewi:1
ਮਹਾਨ	mahaan:2	mahan:2
ਮਹਾਨਕੋਸ਼	mahanakosh:2	mahankosh:1	mahanqosh:1
ਮਹਾਨਗਰ	mahanagar:4
ਮਹਾਨਗਰਾਂ	mahanagaran:1	mahanagran:1	mhangaran:1
ਮਹਾਨਗਰੀ	mahanagaree:2	mahanagari:1
ਮਹਾਨਤਮ	mahanatam:3
ਮਹਾਨਤਾ	mahanata:3	mahanta:1
ਮਹਾਨਾਇਕ	mahanaik:2	mahanayik:1
ਮਹਾਪਾਤਰਾ	mahapatara:2	mahapatra:1
ਮਹਾਪੁਰਸ਼	mahapurash:3
ਮਹਾਪ੍ਰਬੰਧਕ	mahaprabandhak:1	mahaprabhandhan:1	mahaprbnadhak:1
ਮਹਾਭਾਰਤ	mahabharat:5	mahaabhaarat:1	mahaabharat:1	mahabharata:1
ਮਹਾਮਾਇਆ	mahamaia:1	mahamaiaa:1	mahamayiaa:1
ਮਹਾਮਾਰੀ	mahamaaree:1	mahamaree:1	mahamari:1
ਮਹਾਯਾਨ	mahayan:2	mahayaan:1
ਮਹਾਰਤ	maharat:2	mahaarat:1
ਮਹਾਰਥੀ	maharathee:2	maharathi:1
ਮਹਾਰਥੀਆਂ	maharatheea:1	maharatheean:1	maharathiaan:1
ਮਹਾਰਾਜ	maharaj:4	maahaaraaj:1	mahaaraaj:1	mahaaraaz:1
ਮਹਾਰਾਜਗੰਜ	maharajganj:3
ਮਹਾਰਾਜਾ	maharaja:4	mahaaraajaa:1
ਮਹਾਰਾਜੇ	maharaje:3
ਮਹਾਰਾਣਾ	maharana:2	maharanaa:1
ਮਹਾਰਾਣੀ	maharani:3	maharaanee:1	maharanee:1
ਮਹਾਰਾਸ਼ਟਰ	maharashtar:3	mahaaraashtra:1	mahaarashtra:1	maharashtra:1
ਮਹਾਰਾਸ਼ਟਰਾ	maharashatra:1	maharashtara:1	maharashtra:1
ਮਹਾਰਿਸ਼ੀ	maharishi:3	maharishee:1
ਮਹਾਲਕਸ਼ਮੀ	mahalakshami:2	mahalakashamee:1	mahalakshmi:1
ਮਹਾਵਾਰੀ	mahavaaree:1	mahavaree:1	mahavari:1
ਮਹਾਵੀਰ	mahaveer:3
ਮਹਾਸਚਿਵ	mahasachiv:3	mahasachiw:1	mahashchiv:1
ਮਹਾਸਭਾ	mahasabha:3
ਮਹਾਸਾਗਰ	mahasagar:3
ਮਹਾਸੰਘ	mahasangh:3
ਮਹਿਕ	mahik:2	mehak:1
ਮਹਿਕਦੀ	mahikadi:2	mehakadi:1
ਮਹਿਕਦੇ	mahikade:2	mehakade:1	mehakde:1
ਮਹਿਕਮਾ	mahikama:2	mehkama:1	mehkma:1
ਮਹਿਕਮਿਆਂ	mahikamia:1	mahikamiyan:1	mehakamia:1	mehkamian:1
ਮਹਿਕਮੇ	mahikame:2	mehkame:1	mehkme:1
ਮਹਿਖਾਸੁਰ	mahikhasur:2	mehikhasur:1
ਮਹਿਜ	mahij:3
ਮਹਿਜ਼	mahiz:2	mahij:1
ਮਹਿਤਾ	mahita:1	mehita:1	mehta:1
ਮਹਿਤਾਬ	mahitaab:1	mahitab:1	mehitaab:1	mehitab:1
ਮਹਿਦੀ	mahidi:1	mahiti:1	mehidee:1	mehidi:1
ਮਹਿਦੂਦ	mahidood:1	mahidud:1	mehidood:1
ਮਹਿਨੇ	mahine:3
ਮਹਿਫ਼ੂਜ਼	mahifooz:2	mehfooz:1
ਮਹਿਬੂਬ	mahibub:1	mehboob:1	mehiboob:1
ਮਹਿਮ	mahim:2	meham:1
ਮਹਿਮਨ	mahiman:2	mehmaan:1
ਮਹਿਮਾ	mahima:2	mehima:1	mehma:1
ਮਹਿਮਾਨ	mehmaan:2	mahimaan:1	mahiman:1	mehman:1
ਮਹਿਮਾਨਾ	mahimana:2	mehimana:2	mehmana:1
ਮਹਿਮਾਨਾਂ	mahimana:1	mahimanan:1	mehimana:1	mehimanan:1
ਮਹਿਮੀ	mahimi:2	mehimi:2	mahimee:1
ਮਹਿਮੂਆਣਾ	amhimuana:1	mahimuana:1	mahimuyana:1	mahmuaana:1
ਮਹਿਮੂਦ	mehmood:3	mehmud:2	mahimood:1	mahimud:1
ਮਹਿਰ	mahir:3	mehar:1
ਮਹਿਰਮ	mahiram:1	mehiram:1	mehram:1
ਮਹਿਰਮਾ	mahirama:2	mahirma:1	mehiramaa:1
ਮਹਿਰਾ	mahira:2	mehiraa:1	mehra:1
ਮਹਿਰਾਜ	mahiraj:2	mahiraaj:1	mehraj:1
ਮਹਿਰਾਬ	mahirab:2	mahiraab:1	mehraab:1	mehrab:1
ਮਹਿਰੂਮ	mahiroom:1	mahirum:1	mehiroom:1	mehroom:1
ਮਹਿਲ	mahil:3	mehil:1
ਮਹਿਲਾ	mahila:3
ਮਹਿਲਾਂ	mahilan:2	mahilaan:1
ਮਹਿਲਾਵਾਂ	mahilavan:2	mahilaavaan:1	mahilawan:1
ਮਹਿਲੋਂ	mahilon:3	mahalon:1
ਮਹਿਵਾਲ	mahivaal:1	mahival:1	mahiwal:1
ਮਹਿਸੂਸ	mahisus:1	mahisuus:1	mehsus:1
ਮਹਿੰਗਾ	mahinga:4
ਮਹਿੰਗਾਈ	mahingai:2	mahingaiee:2	mahingaaee:1	mahingaee:1
ਮਹਿੰਗੀ	mahingee:1	mahingi:1	mehingee:1	mehingi:1
ਮਹਿੰਗੀਆਂ	mahingeeaan:1	mahingian:1	mehingeeaan:1	mehingiaan:1
ਮਹਿੰਗੇ	mahinge:2	mehinge:1
ਮਹਿੰਦਰ	mahindar:3	mahendra:1	mahinder:1	mahindra:1
ਮਹਿੰਦਰਪਾਲ	mahindarapaal:1	mahindarpal:1	mahinderpal:1
ਮਹਿੰਦਰਾ	mahindara:1	mahindera:1	mahindra:1
ਮਹਿੰਦਾ	mahinda:3	mahindaa:1	mehinda:1
ਮਹਿੰਦੀ	mahindee:1	mahindi:1	mehindee:1	mehindi:1
ਮਹੀਂਵਾਲ	mahinval:2	maheenwaal:1	mahinwal:1
ਮਹੀਨ	maheen:2	mahin:1
ਮਹੀਨਾ	mahina:3	maheena:2
ਮਹੀਨਾਵਾਰ	maheenaavaar:1	maheenavar:1	mahinavar:1
ਮਹੀਨਿਆ	mahiniaa:2	maheenia:1	maheeniaa:1
ਮਹੀਨਿਆਂ	mahiniaan:4	maheeniaan:3	maheeinaan:2	maheeniaaan:1
ਮਹੀਨੀਆਂ	maheeneeaan:1	maheeneean:1	mahiniaan:1
ਮਹੀਨੇ	maheene:2	mahine:1
ਮਹੀਵਾਲ	maheevaal:1	maheeval:1	mahival:1
ਮਹੁਰਾ	mahura:3
ਮਹੁੰਮਦ	mahummad:2	mahnumad:1
ਮਹੂਰਤ	mahurat:2	mahoorat:1
ਮਹੇਂਦਰ	mahender:2	mahendar:1
ਮਹੇਰ	mahar:1	maheer:1	maher:1	muhar:1
ਮਹੇਲਾ	mahela:3
ਮਹੇਸ਼	mahesh:5	maheesh:1	mahes:1	maheshh:1
ਮਹੇਸ਼ਵਰ	maheshawar:1	maheshvar:1	maheshwar:1	maheshwer:1
ਮਹੇਸ਼ਵਰੀ	maheshavaree:1	maheshvari:1	maheshwari:1	maheshweri:1
ਮਹੌਲ	mahaul:2	mahoul:1	mhol:1
ਮਹੰਤ	mahant:3
ਮਹੰਤਾਂ	mahantan:3
ਮਹੱਤਤਾ	mahattata:1	mahhatata:1	mehhtta:1
ਮਹੱਤਵ	mahatav:1	mahattav:1	mahattaw:1	mehhtav:1
ਮਹੱਤਵਤਾ	mahatavata:1	mahattvati:1	mahattwati:1	mehhtvta:1
ਮਹੱਤਵਪੁਰਨ	mahattavpuran:1	mahattawpuran:1	mahhatavapuran:1	mehhtavpuran:1
ਮਹੱਤਵਪੂਰਣ	mahatavapuran:1	mahattavpuran:1	mahattawpuran:1	mehattavpooran:1
ਮਹੱਤਵਪੂਰਨ	mahatavapuran:1	mahattavpuran:1	mahattawpuran:1	mehttavpooran:1
ਮਹੱਤਾ	mahatta:1	mahhata:1	mehhta:1
ਮਹੱਲ	mahal:1	mahall:1	mahhal:1
ਮਹੱਲਾ	mahala:1	mahalla:1	mahhala:1
ਮਹੱਲਾਂ	mahalan:1	mahallan:1	mahhalan:1
ਮਹੱਲੇ	mahale:1	mahalle:1	mahhale:1
ਮਾ	maa:2	ma:1
ਮਾਂ	maa:2	maan:2	man:2
ਮਾਂਗ	mang:3
ਮਾਂਜ	manj:2	maanj:1
ਮਾਂਜਾ	maanja:1	manja:1	manjha:1
ਮਾਂਜੀ	manji:2	maanji:1
ਮਾਂਝਾ	manjha:2	manjhi:1
ਮਾਂਝੀ	manjhi:3
ਮਾਂਡਲਾ	mandala:2	mandla:2
ਮਾਂਵਾਂ	maanvan:1	maanwan:1	maava:1	maawa:1
ਮਾਂਸ	mans:3
ਮਾਂਸਪੇਸ਼ੀਆਂ	manspeshiaan:2	manspreshiyan:1
ਮਾਂਹ	manh:2	manah:1
ਮਾਅਨਿਆਂ	maaniaan:1	maanian:1	manian:1
ਮਾਅਨੇ	maane:3
ਮਾਇਆ	maya:3	maia:2	maaiyaa:1	maayaa:1
ਮਾਇਆਵਤੀ	mayawati:4	maaiaaavatee:1	maiaavatee:1	maiawati:1
ਮਾਇਕਲ	michael:2	mickel:1
ਮਾਇਨਾ	maina:1	mayina:1	mayna:1
ਮਾਇਨੇ	maine:1	mainee:1	mayine:1	mayne:1
ਮਾਇਰ	mair:1	mayer:1	mayir:1
ਮਾਈ	my:2	maee:1	maii:1
ਮਾਈਆਂ	maaeean:1	maeeaan:1	mayiaan:1
ਮਾਈਕ	mic:2	maaik:1	mayik:1	micc:1
ਮਾਈਕਰੋ	micro:3	maaikro:1	maekro:1	maicro:1
ਮਾਈਕਰੋਸਾਫ਼ਟ	microsoft:2	maeekarosaafat:1	microosaafat:1
ਮਾਈਕਲ	michael:5	mickel:1
ਮਾਈਕ੍ਰੋਨੇਸ਼ੀਆ	micronecia:1	microneecia:1	microneesia:1	microneshia:1
ਮਾਈਕ੍ਰੋਮੀਟਰ	micrometar:1	micrometer:1	microometer:1	miicrometer:1
ਮਾਈਕ੍ਰੋਵੇਵ	microwave:2	maaikrovev:1
ਮਾਈਗ੍ਰੇਨ	maigren:1	migraine:1	migrane:1
ਮਾਉ	maau:1	maou:1	mau:1
ਮਾਉਂਟ	mount:3
ਮਾਊਂਟਬੈਟਨ	mountbatten:3
ਮਾਊਂਟਵਿਊ	mountview:2	mountvieo:1
ਮਾਏ	maae:2	mae:2	maaye:1	maye:1
ਮਾਏਂ	maaeen:1	maaen:1	mayen:1
ਮਾਓ	mao:3	maao:1	maaoo:1	maoo:1
ਮਾਓਰੀ	maori:2	maoree:1	mauri:1	mouri:1
ਮਾਓਵਾਦੀ	maovadee:1	maovadi:1	maowadi:1	mouvadi:1
ਮਾਕਸ	maakas:2	maks:1
ਮਾਖੇ	makhe:2	maakhe:1
ਮਾਘ	maagh:2	magh:1
ਮਾਘੀ	maghi:2	maghee:1
ਮਾਚਸ	machas:3
ਮਾਛੀਵਾੜਾ	machivada:1	machiwada:1	machiwara:1
ਮਾਜਰਾ	majra:3	majara:1
ਮਾਜਰੀ	majari:2	majri:2
ਮਾਜਿਦ	maajid:1	majid:1	majidd:1
ਮਾਝ	majh:3
ਮਾਝਾ	majha:3
ਮਾਝੀ	majhi:3
ਮਾਝੇ	majhe:3
ਮਾਟੋ	mato:3	maato:1	maito:1	maitoo:1
ਮਾਡਰਨ	maudarn:1	maudern:1	modarn:1	moden:1
ਮਾਡਲ	model:4	modal:3	maadl:1	madal:1
ਮਾਡਲਾਂ	maadlan:1	madalan:1	madlan:1	modalan:1
ਮਾਡਲਿੰਗ	madelin:1	madeling:1	madlin:1	madling:1
ਮਾਣ	maan:6	man:2	mann:1
ਮਾਣਕ	manak:2	maank:1
ਮਾਣਕੀ	manki:2	maanki:1	manaki:1
ਮਾਣਦਾ	maanda:2	manda:2	manada:1	mannda:1
ਮਾਣਦੇ	maande:2	mande:2	manade:1
ਮਾਣਨ	maanan:2	manan:1	mannan:1
ਮਾਣਮੱਤੇ	manmate:2	maanmatte:1	manmatte:1
ਮਾਣਯੋਗ	maanyog:2	manyog:2
ਮਾਣਸਾ	mansa:3	manasa:1
ਮਾਣਿਆ	maniya:2	maaniaa:1	maneya:1	mania:1
ਮਾਣਿਆਂ	maaniaan:1	manean:1	mania:1	manian:1
ਮਾਣਿਕ	manik:2	maanik:1
ਮਾਣੀ	maani:6	mani:2	maini:1
ਮਾਣੂਕੇ	maanuke:2	maanooke:1	manke:1
ਮਾਣੇ	maane:4	mane:1
ਮਾਣੋ	maano:3	mano:1
ਮਾਤ	maat:3	mat:2
ਮਾਤਭਾਸ਼ਾ	maatbhasha:2	matbhashan:1
ਮਾਤਭੂਮੀ	maatabhoomi:1	maatbhumi:1	matbhumi:1
ਮਾਤਰ	maatar:2	matar:2	mater:1	metar:1
ਮਾਤਰਮ	matram:2	maataram:1
ਮਾਤਰਾ	maatra:1	matra:1	matraa:1
ਮਾਤਰਾਂ	matran:2	maatraan:1
ਮਾਤਰਾਵਾਂ	maatraavaan:1	maatravan:1	matravan:1
ਮਾਤਰਿਕ	matrik:2	maatrik:1
ਮਾਤਾ	maata:3	mata:2	maataa:1	mataa:1
ਮਾਤਾਵਾਂ	maatavaan:1	maatavan:1	matavan:1
ਮਾਤ੍ਰਾਵਾਂ	maatraavaan:1	maatravan:1	matkavan:1
ਮਾਥ	maath:2	math:1
ਮਾਥੁਰ	mathur:4	maathur:1	mathoor:1
ਮਾਦਪੁਰੀ	madpuri:3
ਮਾਦਰੀ	madari:2	maadri:1
ਮਾਦਾ	mada:2	maada:1
ਮਾਦਾਵਾਂ	madavan:2	maadavan:1
ਮਾਦੀ	madi:2	maadi:1
ਮਾਦੇ	made:3
ਮਾਧਮਿਕ	madhmik:2	madhamik:1
ਮਾਧਵ	madhav:3
ਮਾਧਵਨ	madhvan:3
ਮਾਧਿਅਮ	madhiam:2	madhiyam:1	madhyam:1
ਮਾਧੀਅਮ	madhiam:2	madhiyam:1	madhyam:1
ਮਾਧੁਰੀ	madhuri:4
ਮਾਧੋਪੁਰ	madhopur:3
ਮਾਨ	maan:10	mann:3	maann:1
ਮਾਨਕ	maanak:2	manak:1
ਮਾਨਚੈਸਟਰ	maanchestar:1	manchester:1	manchestor:1
ਮਾਨਣਾ	manana:2	maanna:1
ਮਾਨਤਾ	maanta:2	manata:1	manta:1	mantaa:1
ਮਾਨਤਾਵਾਂ	maantaavaan:1	maantavan:1	mantavan:1
ਮਾਨਤੇ	maante:2	manate:1
ਮਾਨਵ	manav:2	maanav:1
ਮਾਨਵਜਾਤੀ	manavjati:2	manavjaati:1
ਮਾਨਵਤਾ	maanavata:1	manavata:1	manvata:1
ਮਾਨਵਤਾਵਾਦੀ	manavatavaadhi:1	manavatawadi:1	manavtavadi:1
ਮਾਨਵਵਾਦ	manavvad:1	manavwad:1	manwawad:1
ਮਾਨਵਵਾਦੀ	manavvadi:2	manavwadi:1	manawwadi:1
ਮਾਨਵੀ	manvi:2	manavi:1	manwi:1
ਮਾਨਵੀਕਰਨ	manavikaran:2	manaviqaran:1	manawikaran:1	manawiqaran:1
ਮਾਨਸ	manas:4	maanas:1	maanash:1	manash:1
ਮਾਨਸਰੋਵਰ	mansarovar:2	mansarowar:1
ਮਾਨਸਾ	mansa:5
ਮਾਨਸਿਕ	mansik:3	maansik:1
ਮਾਨਸਿਕਤਾ	maansikta:1	mansikata:1	mansikta:1
ਮਾਨਸਿੰਘ	maansingh:2	mansingh:1
ਮਾਨਸੂਨ	maansoon:1	mansoon:1	monsoon:1
ਮਾਨਹਾਨੀ	maanhaani:1	manhaani:1	manhani:1
ਮਾਨਾ	mana:3
ਮਾਨਿਆ	mania:2	maania:1	manea:1	maniaa:1
ਮਾਨਿਓ	manio:2	maneo:1	maniau:1	mianau:1
ਮਾਨਿਕ	manik:2	mianak:2	maanik:1	maniq:1
ਮਾਨਿਸਕਤਾ	maaniskata:1	manisakata:1	maniskta:1	manisqta:1
ਮਾਨੀ	maani:5	maanee:1	mani:1
ਮਾਨੀਟਰ	monitor:3	maneetar:1	manitar:1	moneetar:1
ਮਾਨੇਸਰ	manesar:3
ਮਾਨੋਚਾਹਲ	maanochahal:1	manochaahal:1	manochahal:1
ਮਾਪ	maap:3
ਮਾਪਣ	maapan:2	mapan:1
ਮਾਪਣਾ	aapna:1	maapna:1	mapana:1
ਮਾਪਦੇ	maapde:2	mapade:1
ਮਾਪਦੰਡ	maapdand:3
ਮਾਪਾਂ	maapaan:2	mapan:1
ਮਾਪਿਆ	maapiaa:2	maapia:1
ਮਾਪਿਆਂ	maapiaan:4	maapian:2	miapaan:1	mipaan:1
ਮਾਪੀ	maapi:3	maapee:1
ਮਾਪੇ	maape:3
ਮਾਫ	maaf:3
ਮਾਫ਼	maaf:3	maaph:1
ਮਾਫ਼ੀ	maafi:3	maaphee:1
ਮਾਫੀ	maafi:3	maafee:1
ਮਾਫੀਆ	maafiaa:2	mafia:2	maafeeaa:1	mafiaa:1
ਮਾਮਲਾ	maamla:1	mamala:1	mamla:1
ਮਾਮਲਿਆ	maamlia:1	mamlia:1	mamliaa:1
ਮਾਮਲਿਆਂ	maamliaan:2	mamlian:2	mamaliaan:1	mamliaan:1
ਮਾਮਲੀਆਂ	maamleeaan:1	mamliaan:1	mamlian:1
ਮਾਮਲੇ	maamle:2	mamale:1
ਮਾਮਾ	mama:5
ਮਾਮਿਆਂ	maamiaan:2	mamian:1
ਮਾਮੀ	mami:4	maami:1	mamee:1
ਮਾਮੂਲੀ	mamooli:2	mamuli:1
ਮਾਮੇ	maame:2	mame:1
ਮਾਯੂਸ	maayoos:1	maayus:1	mayus:1
ਮਾਯੂਸੀ	mayusi:2	maayoosi:1	maayusi:1
ਮਾਰ	maar:6	mar:2
ਮਾਰਕ	mark:6	maarak:2	marc:2	maaraak:1
ਮਾਰਕਅਪ	markup:1	markupp:1	marqup:1	marqupp:1
ਮਾਰਕਫੈਡ	marakfaed:1	markfaid:1	markfed:1
ਮਾਰਕਸ	marcus:2	marks:2	maarkas:1	maarks:1
ਮਾਰਕਸਵਾਦ	maarkasvad:1	marcuswad:1	markaswad:1
ਮਾਰਕਸਵਾਦੀ	maarkasvaadi:1	marcuswadi:1	markaswadi:1
ਮਾਰਕਸਵਾਦੀਆਂ	maarkasvaadeeaan:1	marcuswadian:1	markaswadiaan:1
ਮਾਰਕਸਿਜ਼ਮ	maarkasizam:1	maraksizam:1	markasizam:1
ਮਾਰਕਸੀ	maaraksi:1	marakasi:1	markasi:1
ਮਾਰਕਾ	marka:3
ਮਾਰਕਿਟ	maarkit:1	market:1	markit:1
ਮਾਰਕੀਟ	market:3	maarkeet:1	maarket:1	maarkiit:1
ਮਾਰਕੀਟਿੰਗ	marketing:2	maarkeeting:1	maarketiing:1	maarketin:1
ਮਾਰਕੇ	maarke:1	marake:1	marke:1
ਮਾਰਕੇਟਿੰਗ	marketing:2	maarketing:1
ਮਾਰਕੋ	maarko:2	marko:2	maarco:1	maarqo:1
ਮਾਰਕੋਸ	markos:2	maarkos:1	macroos:1	macros:1
ਮਾਰਕੰਡਾ	markanda:2	maarkanda:1
ਮਾਰਕੰਡੇ	markande:2	maarkande:1	maraknde:1
ਮਾਰਗ	marg:7	marag:2	maarag:1	maargg:1
ਮਾਰਗਦਰਸ਼ਕ	maaragdarshak:1	maragdarshak:1	margdarshak:1
ਮਾਰਗਦਰਸ਼ਨ	margdarshan:2	maaragdarshan:1
ਮਾਰਗਨ	maargan:1	maragan:1	margan:1	morgan:1
ਮਾਰਗਰੇਟ	maargaret:2	maargret:1	maragaret:1	margrate:1
ਮਾਰਗ੍ਰੇਟ	maargret:1	margreat:1	margret:1
ਮਾਰਚ	march:3	maarach:1	maarch:1	marach:1
ਮਾਰਟਮ	mortem:2	maartam:1	martam:1	martem:1
ਮਾਰਟਿਨ	maartin:2	maratina:1	martin:1	martyn:1
ਮਾਰਟੀਨ	maarteen:1	marteen:1	martein:1	martin:1
ਮਾਰਟੀਨਾ	martina:3	maarteena:2	maartiina:1	maartina:1
ਮਾਰਤੀ	maartee:1	maarti:1	maratee:1
ਮਾਰਦਾ	maarda:2	marada:1
ਮਾਰਦਿਆ	maardiaa:1	mardia:1	mardiaa:1
ਮਾਰਦਿਆਂ	maardiaan:3	mardiaan:3	mardian:2
ਮਾਰਦੀ	maardi:2	mardee:1
ਮਾਰਦੇ	maarde:2	marade:1
ਮਾਰਨ	maran:2	maaran:1
ਮਾਰਨਾ	maarna:3	marana:1
ਮਾਰਨੀ	maarni:1	maranee:1	marni:1
ਮਾਰਨੀਆਂ	maarneeaan:1	maranian:1	marneean:1
ਮਾਰਨੇ	maarne:1	marane:1	marne:1
ਮਾਰਲੋ	marlo:2	maarlo:1
ਮਾਰਵਾੜ	maarvad:1	marvad:1	marwad:1
ਮਾਰਵਾੜੀ	maarvadi:1	marawadi:1	marvadi:1
ਮਾਰਵੀ	maarvi:1	marawi:1	marvi:1
ਮਾਰਸ	mars:2	maaras:1	maras:1
ਮਾਰਸ਼	marsh:3	maarash:1	maras:1	marash:1
ਮਾਰਸ਼ਲ	marsal:2	marsel:2	marshal:2	marshel:2
ਮਾਰਾ	maara:3	mara:2	maaraa:1	maraa:1
ਮਾਰਾਂ	maaraan:1	maaran:1	maraan:1
ਮਾਰਾਂਗੇ	maarange:2	marange:1
ਮਾਰਿਆ	maria:4	mariaa:2	miaraa:2	mipara:1
ਮਾਰਿਆਂ	marian:2	mariaan:1
ਮਾਰੀ	mari:3	maree:2	maaree:1	maari:1
ਮਾਰੀਆ	maria:3	maariaa:1	maariiaa:1	maariyaa:1
ਮਾਰੀਆਂ	mariaan:2	marian:2	maarian:1	mareeaan:1
ਮਾਰੀਆਨਾ	maranne:1	marianne:1	mariianne:1
ਮਾਰੀਏ	mariye:2	mariie:1
ਮਾਰੀਓ	mario:3	maariio:1	maariioo:1	maario:1
ਮਾਰੀਸ਼ਸ	marishan:1	marshis:1	mauritious:1
ਮਾਰੂ	maroo:3	maaru:2	maaruu:1	maru:1
ਮਾਰੂਥਲ	maruthal:2	maroothal:1
ਮਾਰੂਥਲਾਂ	maruthalan:2	maroothalan:1	maruthlan:1
ਮਾਰੂਫ	maruf:3	maroof:1
ਮਾਰੇ	mare:2	maare:1
ਮਾਰੋ	maro:2	maaro:1
ਮਾਲ	maal:3	mal:2	mall:2
ਮਾਲਕ	malak:2	maalak:1
ਮਾਲਕਣ	malkan:2	maalkan:1	malakan:1
ਮਾਲਕਾ	malka:2	maalka:1	malaka:1
ਮਾਲਕਾਂ	malkan:2	maalakan:1	malakan:1
ਮਾਲਕਿਨ	malkin:3	malakin:1
ਮਾਲਕੀ	malki:2	maalki:1	malaki:1
ਮਾਲਕੀਅਤ	malkiat:2	malkiyat:1
ਮਾਲਟਾ	malta:3	maalta:2	maaltaa:1	malata:1
ਮਾਲਤੀ	maalti:2	malti:1
ਮਾਲਥਸ	maalthas:2	malthas:1
ਮਾਲਦਾ	maalda:2	malda:1
ਮਾਲਦਾਰ	maaldaar:1	maaldar:1	maldar:1
ਮਾਲਦੀਪ	maldeep:2	maaldeep:1
ਮਾਲਦੀਵ	maaldeev:1	maaldev:1	maldive:1
ਮਾਲਦੇਵ	maaldev:2	maldev:1
ਮਾਲਵ	maalav:2	malav:1
ਮਾਲਵਾ	maalva:1	malva:1	malwa:1
ਮਾਲਵਾਹਕ	maalvaahak:1	maalvahak:1	malvahak:1
ਮਾਲਵੀਆ	maalviaa:1	malvia:1	malviya:1
ਮਾਲਵੇ	maalve:2	malve:1
ਮਾਲਵੇਅਰ	malvear:2	maalvear:1
ਮਾਲਸ	malas:3
ਮਾਲਸ਼	malash:3	malsh:1
ਮਾਲਾ	mala:4	maala:3	maalaa:1	malaa:1
ਮਾਲਾਂ	malan:2	maalaan:1
ਮਾਲਾਬਾਰ	maalabar:3	malabar:2	malbar:1
ਮਾਲਾਮਾਲ	maalamal:1	malamaal:1	malamal:1
ਮਾਲਾਵੀ	maalaawee:1	maalaawi:1	maalaawii:1	maalavi:1
ਮਾਲਿਕ	malik:2	maalik:1
ਮਾਲਿਕਾਨਾ	maalikaana:1	maalikana:1	malikana:1
ਮਾਲਿਨੀ	malini:5	maalini:1
ਮਾਲਿਸ਼	malish:2	maalish:1
ਮਾਲੀ	mali:3	maali:2	maalee:1	maalii:1
ਮਾਲੀਆ	maliya:4	maalia:2
ਮਾਲੂਮ	malum:3	maloom:1
ਮਾਲੇ	male:3
ਮਾਲੇਈ	malai:1	malay:1	mali:1	maly:1
ਮਾਲੇਰਕੋਟਲਾ	malerkotla:2	malerkotala:1	malerqotla:1
ਮਾਲੇਰਕੋਟਲੇ	malerkotle:2	malerkotale:1	malerqotle:1
ਮਾਲੋ	malo:3
ਮਾਵਾ	mava:3	mawa:1
ਮਾਵਾਂ	mavan:3	mawan:1
ਮਾਸ	maas:3	mas:2	mass:2
ਮਾਸਕ	mask:3	maasak:1	masc:1	masck:1
ਮਾਸਕੋ	masko:2	masco:1	moscow:1
ਮਾਸਟਰ	maastaar:1	maastar:1	maaster:1	mastar:1
ਮਾਸਪੇਸ਼ੀ	maspeshi:2	maaspeshee:1
ਮਾਸਪੇਸ਼ੀਆਂ	maaspesheean:1	maspesheean:1	maspeshian:1
ਮਾਸ਼ਾ	masha:3
ਮਾਸ਼ੂਕ	mashook:2	mashuk:1
ਮਾਸਾਓਕਾ	masaoka:3
ਮਾਸਾਹਾਰੀ	masaharee:2	masahari:2
ਮਾਸਿਕ	masik:3
ਮਾਸੀ	masi:2	maasee:1	masee:1
ਮਾਸੂਮ	masoom:3
ਮਾਸੂਮੀਅਤ	masumiat:2	masoomeeat:1	masoomiat:1
ਮਾਸੜ	masad:1	masarh:1	masd:1
ਮਾਹ	maah:3
ਮਾਹਰ	mahar:3
ਮਾਹਰਾਂ	maharan:1	mahran:1	mehran:1
ਮਾਹਰੀਨ	mahreen:3
ਮਾਹਲ	mahal:3
ਮਾਹਲਾ	mahala:2	mahla:2
ਮਾਹਲਾਂ	maahalan:1	mahalan:1	mahlan:1
ਮਾਹਵਾਰੀ	mahwari:2	maahvari:1	mahvari:1
ਮਾਹਾਰਾਜਾ	maharaja:2	maaharaja:1
ਮਾਹਿ	mahi:2	maahi:1	maeh:1
ਮਾਹਿਰ	mahir:2	maahir:1
ਮਾਹਿਰਾ	mahira:3	maheran:1
ਮਾਹਿਰਾਂ	mahiran:2	maahiran:1
ਮਾਹਿਲ	mahil:2	maahil:1
ਮਾਹਿਲਪੁਰ	mahilpur:3	mahalpur:1
ਮਾਹੀ	mahee:2	mahi:2	maahee:1	maahi:1
ਮਾਹੀਆ	maahia:2	mahia:1	mahiya:1
ਮਾਹੀਆਂ	maahian:1	mahiaan:1	mahian:1	mahiyan:1
ਮਾਹੀਏ	mahie:2	maheeye:1	mahiye:1
ਮਾਹੀਗੀਰ	maahigeer:1	maahigir:1	mahigeer:1
ਮਾਹੀਨੰਗਲ	mahinangal:2	maahinngl:1
ਮਾਹੀਵਾਲ	maahival:1	maahiwaal:1	mahiwaal:1	mahiwal:1
ਮਾਹੋਲ	maahol:2	mahol:1
ਮਾਹੌਲ	mahaul:2	maahaul:1
ਮਾੜਾ	mada:4	mara:2	maada:1
ਮਾੜੀ	madi:3	maadi:1	madhi:1	mari:1
ਮਾੜੀਆ	madia:1	madiya:1	mariaa:1
ਮਾੜੀਆਂ	madiyan:2	mariaan:1
ਮਾੜੇ	made:2	mare:1
ਮਾੜੋ	mado:2	maro:1
ਮਾੱਲ	maal:1	mal:1	mall:1
ਮਿਆਂ	miaan:2	miyan:1
ਮਿਆਂਮਾਰ	miyanmar:2	meyanmaar:1	miaanmar:1
ਮਿਆਣੀ	meyaani:1	miaani:1	miyani:1
ਮਿਆਦ	meyaad:2	miyad:2	miaad:1	miyaad:1
ਮਿਆਦੀ	meyadi:1	miaadi:1	miyadi:1
ਮਿਆਨ	miaan:3	meyaan:1	miyan:1
ਮਿਆਮੀ	miaami:1	miami:1	miyami:1
ਮਿਆਰ	miaar:3	miyar:2	miyaar:1
ਮਿਆਰਾਂ	miaaran:2	miyaran:1
ਮਿਆਰੀ	miaari:2	miyari:1
ਮਿਆਰੀਕਰਨ	miaarikaran:2	miyarikaran:1
ਮਿਉਂਸਪਲ	meyunsapal:1	muncipal:1	municipal:1
ਮਿਊਜ਼ਕ	meyuzak:1	music:1	muzak:1
ਮਿਊਜ਼ਿਕ	meyuzik:1	miyuzik:1	music:1
ਮਿਊਜ਼ੀਅਮ	meyuziam:1	miyuziyam:1	museum:1	musium:1
ਮਿਊਜਿਕ	music:2	meyujik:1
ਮਿਊਨਿਖ	meyunikh:1	miyunikh:1	munikh:1
ਮਿਕ	mik:4
ਮਿਕਦਾਰ	mikadaar:1	mikdaar:1	mikdar:1
ਮਿਕਸ	mikas:3
ਮਿਕਸਡ	mikasada:1	miksad:1	miksd:1	miksed:1
ਮਿਕਸਿੰਗ	meksing:1	mexin:1	mexing:1	miksing:1
ਮਿਕੇਲ	mikeel:1	mikel:1	miqel:1
ਮਿਖਾਇਲ	mikhail:5	mikhaail:1	mikhael:1	mikhel:1
ਮਿਖਾਈਲ	mikhail:2	mikhaaeel:1	mikhaeel:1
ਮਿਚ	mich:3
ਮਿਚੇਲ	michel:3
ਮਿਜ਼ਾਇਲਾਂ	mijailan:1	mizaailaan:1	mizaailan:1
ਮਿਜ਼ਾਜ	mijaj:1	mizaaj:1	mizaj:1
ਮਿਜ਼ੋਰਮ	mizoram:5	mijoram:1	mizooram:1
ਮਿਟ	mit:9	mitt:1
ਮਿਟਣ	mitan:3
ਮਿਟਦੀ	mitadi:1	mitdi:1	mittadi:1
ਮਿਟਾ	mita:4	mitta:1
ਮਿਟਾਇਆ	mitaiaa:2	mitaiya:1	mitayeya:1	mittaiaa:1
ਮਿਟਾਉਣ	mitaun:3	mittaun:1
ਮਿਟਾਉਣਾ	mitauna:2	mittauna:1
ਮਿਟੀ	mitti:4	miti:3
ਮਿਠਆਈ	mithaayi:1	mithayi:1	mithyayi:1
ਮਿਠਾ	mitha:3
ਮਿਠਾਈ	mithayi:2	mithai:1
ਮਿਠਾਈਆਂ	mithaiyan:1	mithayian:1	mithayiyan:1
ਮਿਠਾਸ	mithas:3
ਮਿਠੀ	mithi:3
ਮਿਡ	mid:2	med:1	meed:1	midd:1
ਮਿਡਫੀਲਡਰ	meedfieldar:1	meedfielder:1	meedfiielder:1	meedphielder:1
ਮਿਡਲ	middle:1	midel:1	mithal:1
ਮਿਡਿਲ	midil:2	midel:1
ਮਿਣਕੇ	minake:2	minke:1
ਮਿਣਤੀ	minti:3
ਮਿਣਤੀਆਂ	mintiyan:2	minteean:1
ਮਿਣਨ	minan:2	minn:1
ਮਿਣੀ	mini:3
ਮਿਤ	mit:4
ਮਿਤਰਾ	mitra:2	mitara:1
ਮਿਤਵਾ	mitva:2	mitava:1
ਮਿਤੀ	miti:3
ਮਿਥ	mith:3
ਮਿਥਹਾਸ	mithhas:2	mithahas:1
ਮਿਥਹਾਸਕ	mithhasak:2	mithhask:1
ਮਿਥਿਆ	mithiya:2	mithia:1
ਮਿਥਿਕ	mithik:3
ਮਿਥਿਹਾਸ	mithihas:2	mithihaas:1
ਮਿਥਿਹਾਸਕ	mithihasak:2	mithihaasak:1
ਮਿਥਿਹਾਸਿਕ	mithihasik:2	mithihaasik:1
ਮਿਥੀ	mithi:2	mithee:1
ਮਿਥੁਨ	mithun:3
ਮਿਥੇ	mithe:3
ਮਿਦਨਾਪੁਰ	midanaapur:1	midanapur:1	midnapur:1
ਮਿਨਤਾਂ	minatan:2	mintan:2
ਮਿਨਹਾਸ	minhas:3
ਮਿਨਾਰ	minar:3
ਮਿਨਾਰਾਂ	minaran:3
ਮਿਨੀ	mini:3
ਮਿਨੀਮਮ	minimum:2	minimam:1
ਮਿਨੀਸੋਟਾ	minnesota:2	minimota:1	minisota:1	minisotaa:1
ਮਿਨੇਸੋਟਾ	minemota:1	minesotta:1	minnesota:1
ਮਿਰਗ	mirag:2	mirg:1
ਮਿਰਗਾਂ	mirgan:2	mirgaan:1
ਮਿਰਗੀ	mirgi:3
ਮਿਰਚ	mirch:4	mirach:2
ਮਿਰਚਾਂ	mirchan:3
ਮਿਰਚੀ	mirchi:3
ਮਿਰਜ਼ਾ	mirza:5	mirja:2	mirzaa:2	miraja:1
ਮਿਰਜ਼ਾਪੁਰ	mirzapur:3
ਮਿਰਜ਼ੇ	mirze:2	miraze:1
ਮਿਰਜਾ	mirja:4
ਮਿਰਜੇ	miraje:3
ਮਿਰਤਕ	mirtak:2	miratak:1
ਮਿਰਤਕਾਂ	miratakan:2	mirtakan:1
ਮਿਰਤੂ	mirtu:2	miratu:1
ਮਿਰਾਂਡਾ	miranda:3
ਮਿਰਾਸੀ	mirasi:2	miraasi:1
ਮਿਰੀ	miri:3
ਮਿਰੇ	mire:3
ਮਿਲ	mil:10
ਮਿਲਕ	milk:5	meelk:1	meelq:1	miilk:1
ਮਿਲਕੀ	milaki:1	milki:1	milky:1
ਮਿਲਕੇ	milke:3	milake:1
ਮਿਲਖਾ	milkha:4	milakha:1
ਮਿਲਖੀ	milkhi:2	milakhi:1	milkhee:1
ਮਿਲਗੋਭਾ	milgobha:2	milagobha:1
ਮਿਲਜੁਲ	miljul:2	milajul:1
ਮਿਲਟਨ	milton:3	milatan:1
ਮਿਲਣ	milan:7	milana:1	milann:1
ਮਿਲਣਗੇ	milange:2	milanage:1
ਮਿਲਣਸਾਰ	milansar:2	milanasar:1
ਮਿਲਣਾ	milna:4	milana:2
ਮਿਲਣੀ	milani:2	milni:1
ਮਿਲਣੀਆਂ	milaniyan:2	milniaan:1
ਮਿਲਦਾ	milada:2	milda:2
ਮਿਲਦੀ	mildi:4	miladi:3	mildee:1
ਮਿਲਦੀਆਂ	mildiaan:2	miladiyan:1	mildiyan:1
ਮਿਲਦੇ	milde:4	milade:2
ਮਿਲਨ	milan:4
ਮਿਲਨਗੇ	milange:3
ਮਿਲਨੀ	milani:2	milni:1
ਮਿਲਰ	miller:5	milar:3
ਮਿਲਵਰਤਣ	milvartan:2	milavartan:1
ਮਿਲਵਰਤਨ	milvartan:2	milavartan:1
ਮਿਲਸ	milas:3
ਮਿਲ਼	mil:3
ਮਿਲਾ	mila:10
ਮਿਲਾਂ	milan:2	millan:1
ਮਿਲਾਂਦੀ	milandi:3
ਮਿਲਾਂਦੇ	milande:2	milaande:1
ਮਿਲਾਈ	milaai:3	milai:1	milayi:1
ਮਿਲਾਉ	milau:3	milaau:2	milayu:1
ਮਿਲਾਉਂਦੀ	milaundi:2	milaaundi:1
ਮਿਲਾਉਂਦੇ	milaunde:3
ਮਿਲਾਉਣ	milaun:2	milaaun:1
ਮਿਲਾਉਣਾ	milauna:2	milaauna:1
ਮਿਲਾਏ	milaye:2	milaae:1
ਮਿਲਾਓ	milaau:1	milao:1	milau:1
ਮਿਲਾਕੇ	milake:2	milak:1
ਮਿਲਾਨ	milaan:2	milan:2
ਮਿਲਾਪ	milaap:4	milap:4
ਮਿਲਾਪੜੇ	milapade:3	milapare:1	milapde:1
ਮਿਲਾਵਟੀ	milavati:3	milawati:1
ਮਿਲਿ	mili:4	milli:1
ਮਿਲਿਆ	miliaa:4	miliya:3
ਮਿਲਿਆਂ	milaan:1	miliaan:1	miliyan:1
ਮਿਲੀ	mili:10	miilliie:1	milee:1	milie:1
ਮਿਲੀਂ	milin:2	mileen:1
ਮਿਲੀਅਨ	miiliioon:1	miilliion:1	miilliionn:1	milion:1
ਮਿਲੀਆ	milia:2	miliaa:2
ਮਿਲੀਆਂ	miliaan:2	miliyan:1
ਮਿਲੀਭੁਗਤ	milibhugat:3
ਮਿਲੀਮੀਟਰ	millimeter:4	miilliimeter:1	milimeter:1	millimetar:1
ਮਿਲੇ	mile:9
ਮਿਲੇਗਾ	milega:5
ਮਿਲੇਗੀ	milegi:3	milegee:1
ਮਿਸ	mis:4	miss:1
ਮਿਸਜ਼	misaz:3
ਮਿਸਟਰ	mistar:3	mister:2	mishtar:1	mishter:1
ਮਿਸਤਰੀ	mistari:3
ਮਿਸਤਰੀਆਂ	mistariaan:2	misatariyan:1
ਮਿਸਰ	misar:3
ਮਿਸਰਾ	misra:2	misara:1
ਮਿਸਰੀ	misari:3
ਮਿਸਰੇ	misare:2	misre:1
ਮਿਸਲ	misal:3	mishshal:1	missal:1
ਮਿਸ਼ਨ	mishan:3	mission:3	mishion:1
ਮਿਸ਼ਨਰੀ	mishanaree:1	mishanari:1	missionaree:1	missionary:1
ਮਿਸ਼ਰਣ	misharan:2	mishran:1
ਮਿਸ਼ਰਤ	misharat:2	mishrat:1
ਮਿਸ਼ਰਨ	misharan:2	mishran:1
ਮਿਸ਼ਰਾ	mishra:2	mishara:1	mishhra:1	mishhraa:1
ਮਿਸ਼ਰਿਤ	misharit:2	mishrit:1
ਮਿਸ਼ਰੀ	mishari:3
ਮਿਸ਼ਾਲ	mishal:4
ਮਿਸ਼ਿਗਨ	michigan:3	mishigan:1
ਮਿਸ਼ੇਲ	mitchell:2	michelle:1	mishel:1
ਮਿਸਾਇਲ	misail:2	misayil:1	missile:1
ਮਿਸਾਈਲ	misail:2	misayil:1
ਮਿਸਾਲ	misal:4	misaal:2
ਮਿਸਾਲਾਂ	misalan:3
ਮਿਸਿਜ਼	misiz:2	misij:1
ਮਿਸੀਸਾਗਾ	miiseessauga:1	miisiisaagaa:1	miissiissauga:1	miseessauga:1
ਮਿਸੀਸਿਪੀ	mississippi:3	misisipi:2	miisiisiipii:1	miissiissiippii:1
ਮਿਹਣੇ	mihne:2	mihane:1
ਮਿਹਦੇ	mihde:2	mihade:1
ਮਿਹਨਤ	mihnat:4	mihanat:1
ਮਿਹਨਤੀ	mihnati:2	mihanati:1
ਮਿਹਰ	mihar:5	mehar:1	meher:1
ਮਿਹਰਬਾਨ	miharban:3
ਮਿਹਰਬਾਨੀ	miharbani:5	meharabani:1	miharbanee:1
ਮਿੰਟ	mint:2	mintt:1
ਮਿੰਟਗੁਮਰੀ	mintgumari:2	mantgamery:1	minttgumari:1	montgomaree:1
ਮਿੰਟਾਂ	mintan:2	minttan:1
ਮਿੰਨਤ	minnat:3
ਮਿੰਨੀ	minee:1	mini:1	minii:1
ਮਿੱਕ	mikk:3	mic:1	mick:1	micq:1
ਮਿੱਗ	migg:2	mig:1
ਮਿੱਟੀ	mitti:2	miti:1
ਮਿੱਠਾ	mitha:3
ਮਿੱਠੀ	mithi:3
ਮਿੱਠੀਆਂ	mithiyan:2	mithian:1
ਮਿੱਠੀਏ	mithiye:3
ਮਿੱਠੇ	mithe:3
ਮਿੱਤ	mit:2	mitt:1
ਮਿੱਤਰ	mittar:3	mitar:2	mittr:1
ਮਿੱਤਰਤਾ	mitarta:2	mittrta:1
ਮਿੱਤਰਾ	mitara:2	mitra:2	mitraa:1	mittra:1
ਮਿੱਤਰਾਂ	mitaran:2	mittran:1
ਮਿੱਤਲ	mital:2	mittl:1
ਮਿੱਥ	mith:1	mithe:1	myth:1
ਮਿੱਥਕ	mithak:3	mythak:1
ਮਿੱਥਣ	mithan:3
ਮਿੱਥਿਆ	mithiya:2	mithia:1
ਮਿੱਥੀ	mithi:2	mithee:1
ਮਿੱਥੇ	mithe:3
ਮਿੱਲ	mil:3	mill:2	mila:1
ਮਿੱਲਰ	milar:3	milara:1	miler:1	millar:1
ਮਿੱਲਾਂ	milan:2	millan:2
ਮਿੱਸਾ	missa:2	misa:1
ਮਿੱਸੀ	missi:2	misi:1	missee:1
ਮੀਂਹ	meenh:2	minh:1
ਮੀਂਹਾਂ	meehan:1	meenhaan:1	mihan:1	minhan:1
ਮੀਆ	miya:2	miaa:1
ਮੀਆਂ	miyan:4	miaan:3	miyaan:1
ਮੀਆਂਦਾਦ	miyandad:2	miaandad:1
ਮੀਕਾ	mika:5	meeka:2	meekaa:2	mica:2
ਮੀਟ	meat:1	meet:1	met:1	miit:1
ਮੀਟਰ	meter:3	metre:2	metar:1	mitar:1
ਮੀਟਰਾਂ	mitran:2	meteran:1	metrea:1
ਮੀਟਿੰਗ	meeting:2	meetiing:1	meetin:1	miitiing:1
ਮੀਟਿੰਗਾਂ	mitingan:2	meetinga:1
ਮੀਠਾ	mitha:3
ਮੀਠੇ	mithe:3
ਮੀਡ	mead:1	med:1	meed:1
ਮੀਡਿਆ	media:1	mediaa:1	mediia:1	mediiya:1
ਮੀਡੀਆ	media:2	midiaa:1	midiya:1
ਮੀਡੀਏ	media:1	midiae:1	midie:1	midiye:1
ਮੀਢੀ	midi:2	medi:1	midhi:1
ਮੀਢੀਆਂ	median:1	midhiaan:1	midian:1	midiyan:1
ਮੀਣਾ	mina:2	meena:1
ਮੀਤ	meet:2	mit:2
ਮੀਤਾ	mita:4	meeta:3	meetaa:1	miita:1
ਮੀਥੇਨ	methane:3	mithen:2
ਮੀਨਜ਼	minaz:2	meenz:1
ਮੀਨਾ	meena:4	mina:4	minaa:2	meenaa:1
ਮੀਨਾਕਸ਼ੀ	meenakshi:2	minakshi:2	minaqshi:2	meenakchi:1
ਮੀਨਾਕਾਰੀ	minakari:3	meenakari:1	minaqari:1
ਮੀਨਾਰ	minar:2	minaar:1
ਮੀਨਾਰਾਂ	minaran:3
ਮੀਨੂ	meenoo:2	meenu:1	minu:1
ਮੀਮਾਂਸਾ	meemaansa:1	meemansa:1	mimansa:1
ਮੀਰ	meer:2	mir:2	miir:1
ਮੀਰਪੁਰ	meerapur:1	meerpur:1	mirapur:1
ਮੀਰਾ	meera:4	mira:3	miira:2	meara:1
ਮੀਰਾਂ	meeraan:1	meeran:1	miran:1
ਮੀਰਾਂਕੋਟ	meeraankot:1	meerankot:1	mirankot:1
ਮੀਰੀ	miri:3	meeree:2	meari:1	meeri:1
ਮੀਲ	meal:1	meel:1	mil:1
ਮੀਲਪੱਥਰ	meelapathar:1	meelpatthar:1	milpathar:1	milpatthar:1
ਮੀਲਾਂ	meelaan:1	meelan:1	milan:1
ਮੀਸ਼ਾ	misha:2	meesha:1
ਮੀਸਾ	meesa:2	misa:2
ਮੀਹ	meeh:2	mih:2
ਮੁਅੱਜ਼ਮ	muaazam:2	muazam:2
ਮੁਅੱਤਲ	muatal:2	muaatal:1	muattal:1
ਮੁਆਇਨਾ	muaina:2	muaena:1	muaiena:1	muayina:1
ਮੁਆਇਨੇ	muaine:3	muaene:1	muainay:1
ਮੁਆਫ	muaaf:2	muaf:1	muaff:1
ਮੁਆਫ਼	muaf:4	maff:1	mauff:1	muaaaf:1
ਮੁਆਫ਼ਕ	muafak:3
ਮੁਆਫ਼ੀ	muafi:5	muaaafee:1	muafee:1	muaffi:1
ਮੁਆਫੀ	muafi:5	muaaaphee:1	muafee:1	muaffi:1
ਮੁਆਮਲਾਤ	muamlaat:2	muamalat:1	muamlat:1
ਮੁਆਵਜ਼ਾ	muavaza:2	muavza:2	muawaza:2	muawza:2
ਮੁਆਵਜ਼ੇ	muavaze:2	muavze:2	muawaze:2
ਮੁਆਵਜਾ	muavaja:2	muavja:1	muawaja:1	muawja:1
ਮੁਆਸ਼ਰੇ	muashre:2	muaashare:1	muashare:1	muashray:1
ਮੁਆਹਿਦਾ	muahida:2	muaahida:1	muaheda:1
ਮੁਏ	muye:2	muae:1	mue:1
ਮੁਕਟ	mukat:3	mukan:1
ਮੁਕਣ	mukan:4
ਮੁਕਤ	mukat:7	mukt:1
ਮੁਕਤਸਰ	mukatsar:3	muktsar:2	mukatasar:1
ਮੁਕਤਾ	mukta:2	mukataa:1
ਮੁਕਤਿਆਂ	muktiaan:2	mukatiyan:1
ਮੁਕਤੀ	mukti:3	mukatee:1
ਮੁਕਤੀਬੋਧ	muktibodh:2	mukateebodh:1
ਮੁਕਦਮਾ	mukadma:6	mukadamaa:1
ਮੁਕਦਮੇ	mukadme:4	mukdame:2	mukadame:1
ਮੁਕਦਾ	mukada:2	mukda:2	mukadaa:1
ਮੁਕਬਲ	mukbal:2	mukabal:1
ਮੁਕਬਲੇ	mukabale:1	mukable:1	mukbale:1
ਮੁਕਮਲ	mukamal:4	mukmal:4
ਮੁਕਰ	mukar:5
ਮੁਕਰਰ	mukarar:2	mukrar:1
ਮੁਕਲਾਵਾ	muklava:3	mukalava:2	muklawa:1
ਮੁਕਾ	muka:4	mucca:1	mukka:1
ਮੁਕਾਇਆ	mukaaiaa:1	mukaeaa:1	mukaiya:1	mukayea:1
ਮੁਕਾਉਂਦੀਆਂ	mukaundiaan:1	mukaundian:1	mukayundiyan:1
ਮੁਕਾਉਂਦੇ	mukaunde:2	mukayunde:1
ਮੁਕਾਉਣ	mukayun:2	mukaaun:1	mukaun:1
ਮੁਕਾਣ	mukaan:3	mukan:1
ਮੁਕਾਬਲਤਨ	mukabaltan:2	mukabalatan:1
ਮੁਕਾਬਲਾ	mukabala:3
ਮੁਕਾਬਲਿਆ	mukabalea:1	mukabaleya:1	mukabalia:1	mukabaliaa:1
ਮੁਕਾਬਲਿਆਂ	mukabalean:1	mukabaleyan:1	mukabaliaan:1	mukabalian:1
ਮੁਕਾਬਲੇ	mukabale:2	mukable:2
ਮੁਕਾਬਲੇਬਾਜ਼	mukabalebaz:2	mukablebaaz:1
ਮੁਕਾਬਲੇਬਾਜ਼ੀ	mukabalebazi:2	mukablebazi:1
ਮੁਕਾਮ	mukaam:4	mukam:1
ਮੁਕਾਮੀ	mukami:3
ਮੁਕੀਮ	mukim:3	mukeem:1
ਮੁਕੁਲ	mukul:2	mukulu:1
ਮੁਕੇਸ਼	mukesh:8	mukeesh:1	mukes:1	mukeshh:1
ਮੁਕੰਮਲ	mukanmal:2	mukkamal:1	muknmal:1
ਮੁਕੱਰਰ	mukkarar:3
ਮੁਖ	mukh:6
ਮੁਖਤਾਰ	mukhtar:4	mukhtiar:1
ਮੁਖਤਿਆਰ	mukhtiaar:2	mukhtiar:2
ਮੁਖਤਿਆਰੀ	mukhtiari:2	mukhtiaari:1
ਮੁਖਬੰਧ	mukhbandh:3
ਮੁਖਰਜੀ	mukherjee:2	mukharji:1
ਮੁਖ਼ਤਸਰ	mukhatsar:2	muktasar:1
ਮੁਖ਼ਤਾਰ	mukhtar:2	mukhtaar:1	mukhtiar:1
ਮੁਖ਼ਲਿਸ	mukhlis:2	mukhalis:1
ਮੁਖ਼ਾਤਬ	mukhatab:2	mukhatav:1
ਮੁਖ਼ਾਤਿਬ	mukhatib:3
ਮੁਖ਼ਾਲਿਫ਼	mukhalif:2	mukkhalif:1
ਮੁਖਾਤਿਬ	mukhatib:3
ਮੁਖੀ	mukhi:3
ਮੁਖੀਆ	mukhiaa:4	mukhia:2	mukhiya:2
ਮੁਖੀਆਂ	mukhiaan:2	mukhian:1	mukhiyan:1
ਮੁਖੌਟਾ	mukhauta:2	mukhota:2
ਮੁਖੜੇ	mukhade:3	mukhare:1	mukhde:1
ਮੁਗਲ	mugal:4	mogal:1	mogul:1	mugel:1
ਮੁਗਲਾ	mugla:2	mugala:1
ਮੁਗਲਾਂ	mugalan:2	muglan:1
ਮੁਗਲੀਆ	mugalia:1	mugaliaa:1	mugaliya:1	mugliaa:1
ਮੁਗ਼ਲ	mugal:2	muggal:1	mughal:1
ਮੁਗ਼ਲਾਂ	mugalan:2	mugglan:1
ਮੁਗ਼ਲੀਆ	mugalia:1	mugaliaa:1	mugaliya:1	mugliaa:1
ਮੁਚ	much:3
ਮੁਜਰਮ	mujaram:2	mujram:1
ਮੁਜਰਾ	mujara:2	mujra:2
ਮੁਜ਼ਫਰ	muzafar:1	muzaffar:1	muzaphar:1
ਮੁਜ਼ਰਿਮ	muzarim:3	muzrim:1
ਮੁਜ਼ਾਰਿਆਂ	muzariaan:2	muzarian:1	muzariyan:1
ਮੁਜ਼ਾਹਮਤ	muzahamat:2	muzahmat:2
ਮੁਜ਼ਾਹਰਾ	muzahara:2	muzahra:2
ਮੁਜ਼ਾਹਰੇ	muzahare:3	muzahre:1
ਮੁਜ਼ੱਫਰਪੁਰ	muzafarpur:1	muzaffarpur:1	muzapharapur:1
ਮੁਜਾਰਿਆਂ	mujariaan:2	mujarian:1	mujariyan:1
ਮੁਜਾਹਰੇ	mujahare:2	mujahre:1
ਮੁਜਾਹਿਦੀਨ	mujahidin:3	mujahideen:2	mujaahideen:1	mujaahidiin:1
ਮੁਜੀਬੁਰ	mujibur:3
ਮੁਜੱਫਰਨਗਰ	mujafarnagar:1	mujapharanagar:1	muzaffarnagar:1
ਮੁਜੱਫਰਪੁਰ	mujafarpur:1	mujapharapur:1	muzaffarpur:1
ਮੁਜੱਫਰਾਬਾਦ	mujafarabad:1	mujaffarabad:1	mujapharaabaad:1
ਮੁਜੱਸਮਾ	mujasama:3	mujassma:1
ਮੁਝ	mujh:3
ਮੁਝਕੋ	mujhko:2	mujhako:1	mujhqo:1
ਮੁਝਸੇ	mujhse:2	mujhase:1
ਮੁਝੇ	mujhe:3
ਮੁਟਿਆਰ	mutiaar:2	muteyaar:1	muteyar:1	mutiyaar:1
ਮੁਟਿਆਰਾਂ	muteyaran:1	mutiaaraa:1	mutiaaraan:1	mutiaaran:1
ਮੁਟਿਆਰੇ	mutiaare:2	muteyare:1
ਮੁਢਲਾ	mudala:1	mudhala:1	mudhla:1
ਮੁਢਲੀ	mudhali:2	mudali:1
ਮੁਢਲੀਆਂ	mudaliyan:1	mudhaliaan:1	mudhaliyan:1
ਮੁਢੀ	mudhi:2	mudi:1
ਮੁਢੱਲੇ	mudhalle:2	muddale:1
ਮੁਣਸ਼ੀ	munashi:2	munshi:1
ਮੁਤਹਿਦਾ	mutahida:3
ਮੁਤਹੱਰਿਕ	mutaharrik:3	mutaharriq:1
ਮੁਤਾਬਕ	mutabak:3
ਮੁਤਾਬਿਕ	mutabik:3
ਮੁਤਾਸਰ	mutasar:2	mutaasar:1
ਮੁਤਾਸਿਰ	mutasir:3
ਮੁਤੱਲਕ	mutallak:1	mutllak:1	mutllaq:1	muttalak:1
ਮੁਥਾਜ	muthaj:3
ਮੁਦਕੀ	mudaki:2	mudki:1
ਮੁਦਗਲ	mudagal:1	mudgal:1	mudkal:1
ਮੁਦਰਾ	mudra:2	mudara:1
ਮੁਦਰਾਵਾਂ	mudravan:2	mudraravan:1
ਮੁਦਾ	muda:3
ਮੁਦਿਆਂ	mudeyaan:1	mudiaan:1	mudian:1
ਮੁਦ੍ਰਾ	mudra:3
ਮੁਨਕਰ	munakar:2	munkar:2
ਮੁਨਰੋ	munaro:3	munro:1
ਮੁਨਸਫ਼	munsaf:2	munasaf:1
ਮੁਨਸ਼ਾ	munasha:2	munsha:1
ਮੁਨਸ਼ੀ	munashee:1	munashi:1	munshee:1	munshi:1
ਮੁਨਸਿਫ਼	munasif:2	munsif:1
ਮੁਨਾ	muna:3	munna:1
ਮੁਨਾਦੀ	munadi:3
ਮੁਨਾਫ਼ਾ	munafa:3	munaafa:1
ਮੁਨਾਫ਼ੇ	munafe:3
ਮੁਨਾਫਾ	munafa:3
ਮੁਨਾਫੇ	munafe:3	munaafe:1
ਮੁਨਾਸਬ	munasab:3
ਮੁਨਾਸਿਬ	munasib:3
ਮੁਨੀ	muni:4	manee:1	mani:1	manii:1
ਮੁਨੀਰ	muneer:2	munir:1
ਮੁਨੀਸ਼	munish:3
ਮੁਨੋਜ਼	munoj:1	munooj:1	munooz:1	munoz:1
ਮੁਨੱਕਾ	munnaka:2	munaka:1
ਮੁਫਤ	mufat:2	muphat:1
ਮੁਫਤੀ	mufti:2	maphtii:1	mufati:1	muftii:1
ਮੁਫ਼ਤ	mufat:2	muft:1
ਮੁਫ਼ਤੀ	mufti:2	mufati:1	muftee:1
ਮੁਫ਼ਾਦ	mufaad:2	mufad:1
ਮੁਬਾਰਕ	mubarak:3	mubaarak:2	mubaraq:1
ਮੁਬਾਰਕਬਾਦ	mubaarakbaad:1	mubarakabad:1	mubarakbad:1
ਮੁਬੰਈ	mumbai:2	mubanyi:1	mumbaee:1
ਮੁਮਕਿਨ	mumkin:2	mumakin:1
ਮੁਮਤਾਜ	mumataj:1	mumtaaj:1	mumtaj:1
ਮੁਮਤਾਜ਼	mumtaaz:2	mumtaz:2	mumataz:1	mumtaaj:1
ਮੁਰਗ਼ੀਆਂ	muragiyan:1	murgeeaan:1	murgiaan:1
ਮੁਰਗਾਬੀ	mugabi:1	muragabi:1	murgabee:1	murgabi:1
ਮੁਰਗਿਆਂ	murgiaan:2	murageyan:1
ਮੁਰਗੀ	murgi:3
ਮੁਰਗੀਆਂ	murgiaan:2	muragiyan:1
ਮੁਰਗੇ	murge:2	murage:1
ਮੁਰਦਾ	murda:2	murada:1
ਮੁਰਦਿਆਂ	muradeyan:1	murdean:1	murdiaan:1	murdian:1
ਮੁਰਦੇ	murade:2	murde:2
ਮੁਰਮੰਤ	murmant:2	muramant:1	muramat:1
ਮੁਰਲੀ	murali:3	moorli:1	muralee:1	murli:1
ਮੁਰਲੀਧਰਨ	muralidharan:2	murlidharan:1
ਮੁਰਸ਼ਦ	murshad:2	murashad:1
ਮੁਰਸ਼ਿਦ	murshid:2	murashid:1
ਮੁਰਸ਼ੀਦਾਬਾਦ	murshidabad:2	murashidabad:1
ਮੁਰਸੀ	mursi:2	murasi:1	mursee:1
ਮੁਰਾਦ	murad:4	muraad:2
ਮੁਰਾਦਾਬਾਦੀ	muradabadi:2	moradabadi:1	muradabaadi:1
ਮੁਰਾਰੀ	murari:3
ਮੁਰੀਦ	mureed:3	murid:1
ਮੁਰੀਦਾਂ	muridan:2	mureedan:1	muridaan:1
ਮੁਰੂਗਨ	murugan:3	moregan:1
ਮੁਰੱਬਾ	muraba:1	murabba:1	murraba:1
ਮੁਰੱਬਿਆਂ	murabiaan:1	murrabean:1	murrabian:1	murrabiyan:1
ਮੁਲ	mul:4
ਮੁਲਕ	mulak:3
ਮੁਲਕਾ	mulka:3
ਮੁਲਕਾਂ	mulkan:2	mulkaan:1
ਮੁਲਕਾਤ	mulakat:1	mulkaat:1	mulkat:1
ਮੁਲਕੀ	mulki:3
ਮੁਲਜਮਾਂ	mulajman:1	muljamaan:1	muljaman:1
ਮੁਲਜ਼ਮਾਂ	mulzaman:2	mulazaman:1
ਮੁਲਤਾਨ	multan:4	mooltan:1	multaan:1
ਮੁਲਤਾਨੀ	multani:3
ਮੁਲਾ	mula:6
ਮੁਲਾਂਕਣ	mulankan:3
ਮੁਲਾਇਮ	mulaim:4	mulayim:2
ਮੁਲਾਕਤ	mulakat:3
ਮੁਲਾਕਾਤ	mulakat:4	mulakaat:1
ਮੁਲਾਕਾਤਾਂ	mulakatan:3
ਮੁਲਾਜਮ	mulajam:4
ਮੁਲਾਜ਼ਮ	mulazam:3
ਮੁਲਾਜ਼ਮਤ	mulazamat:2	mulazmat:1
ਮੁਲਾਜ਼ਮਾਂ	mulazaman:2	mulazamaan:1
ਮੁਲਾਜਿਮ	mulajim:3
ਮੁਲਾਣਿਆਂ	mulaniaan:1	mulaniyan:1	mulanniaan:1
ਮੁਲਾਹਜ਼ਾ	mulahaza:1	mulahza:1	mulajazan:1
ਮੁਲੰਕਣ	mulankan:3
ਮੁਸ	mus:2	muss:1
ਮੁਸਕਰਾਉਣਾ	musakarayuna:1	musakraauna:1	muskrauna:1
ਮੁਸਕਰਾਹਟ	musakarahat:1	musakraahat:1	muskrahat:1
ਮੁਸਕਾਇਆ	musakayeya:1	musakraaiaa:1	muskaia:1	muskaiya:1
ਮੁਸਕਾਨ	muskaan:2	musakaan:1	muskan:1
ਮੁਸਕਿਲ	muskil:2	musakil:1
ਮੁਸਤਫ਼ਾ	mustafa:2	mustafaa:1
ਮੁਸਤਫਾ	mustafa:3	musatapha:1	mustafaa:1	mustapha:1
ਮੁਸਲਮ	muslam:2	musalam:1	muslim:1
ਮੁਸਲਮਾਨ	musalman:3	musalmaan:1	musliman:1
ਮੁਸਲਮਾਨਾ	musalmana:3	musalmaana:1	muslimana:1
ਮੁਸਲਮਾਨਾਂ	musalmanan:2	musalmaana:1	musalmana:1	muslimana:1
ਮੁਸਲਮਾਨੀ	musalmani:3	musalmaani:1	muslimani:1
ਮੁਸਲਿਮ	muslim:4	masalim:1	maslim:1	moshlim:1
ਮੁਸਲੀ	musli:4	muslee:1
ਮੁਸ਼ਕਤ	mushakat:2	mushkat:1
ਮੁਸ਼ਕਲ	mushakal:2	mushkal:1
ਮੁਸ਼ਕਲਾਂ	mushakalan:2	mushkala:1	mushkalan:1
ਮੁਸ਼ਕਿਲ	mushkil:4	mushakil:2
ਮੁਸ਼ਕਿਲਾਂ	mushkilan:2	mushakilan:1	mushkilaan:1
ਮੁਸ਼ਟੰਡਿਆਂ	mushatandeyan:1	mushtandiaan:1	mushtandian:1	mushtandiyan:1
ਮੁਸ਼ਤਾਕ	mushtak:2	mushtaak:1
ਮੁਸ਼ਲਮਾਨ	mushalman:2	mushalmaan:1	mushilman:1
ਮੁਸ਼ਾਇਰਾ	mushaira:3	mushaeera:1	musheara:1
ਮੁਸ਼ਾਇਰਿਆਂ	mushairian:2	mushairiyan:2
ਮੁਸ਼ਾਇਰੇ	mushaire:2	mushaere:1	mushairay:1	mushiare:1
ਮੁਸ਼ੱਕਤ	mushakat:3
ਮੁਸ਼ੱਰਫ	musharaf:2	masharraf:1	musaraf:1	musharraf:1
ਮੁਸਾਫਰ	musafar:3
ਮੁਸਾਫਰਾਂ	musafaran:2	musafraan:1	musafran:1
ਮੁਸਾਫ਼ਰ	musafar:3
ਮੁਸਾਫ਼ਰਾਂ	musafran:2	musafaran:1	musafraan:1
ਮੁਸਾਫ਼ਿਰ	musafir:2	musaffir:1
ਮੁਸਾਮਾਂ	musaman:3
ਮੁਸੀਬਤ	musibat:3
ਮੁਸੀਬਤਾਂ	musibatan:2	musibtan:1
ਮੁਸੋਲਿਨੀ	musholini:1	mushsholini:1	mushshulini:1	musoliinii:1
ਮੁਸੱਲੀ	musali:1	musli:1	mussalee:1	mussali:1
ਮੁਹਈਆ	muhiya:2	muhaiaa:1	muhea:1
ਮੁਹਬੱਤ	muhabat:2	mohabat:1	mohabbat:1	muhabbat:1
ਮੁਹਰ	muhar:3
ਮੁਹਰਾਂ	muharan:2	muhran:1
ਮੁਹਰੇ	muhare:3
ਮੁਹਾਂਦਰਾ	muhandra:2	muhandara:1
ਮੁਹਾਜ਼	muhaaz:2	muhaj:1
ਮੁਹਾਜਿਰ	muhajir:2	muhaajir:1
ਮੁਹਾਨੇ	muhane:3
ਮੁਹਾਰ	muhar:2	muhaar:1
ਮੁਹਾਰਾ	muhara:3
ਮੁਹਾਰੀ	muhari:3
ਮੁਹਾਰੀਆਂ	muhariyan:2	muhariaan:1
ਮੁਹਾਲੀ	muhali:2	muhaali:1
ਮੁਹਾਵਰਾ	muhavara:2	muhavra:1
ਮੁਹਾਵਰਿਆਂ	muhavareyan:1	muhavariaan:1	muhavriyan:1
ਮੁਹਾਵਰੇ	muhavare:2	muhavre:1
ਮੁਹਾਵਰੇਦਾਰ	muhavaredar:2	muhavaredaar:1
ਮੁਹਿਮ	muhim:4
ਮੁਹਿੰਮ	muhim:2	muhinm:1
ਮੁਹਿੰਮਾਂ	muhinman:2	muhimman:1
ਮੁਹੰਮਦ	muhammad:4	muhamad:3	mahamad:2	mahammad:2
ਮੁਹੰਮਦੀ	muhammadi:1	muhanmadi:1	muhmadi:1
ਮੁਹੱਬਤ	mohabbat:2	muhabbat:2	muhabat:1	muhbat:1
ਮੁਹੱਬਤਾਂ	mohabbatan:1	muhabatan:1	muhabbatan:1	muhabtan:1
ਮੁਹੱਮਦ	mohammad:1	muhamad:1	muhammad:1	muhmad:1
ਮੁਹੱਰਮ	muharram:2	muharam:1
ਮੁਹੱਲਾ	muhalla:1	muhhala:1	muhla:1
ਮੁਹੱਲੇ	muhalle:2	muhale:1
ਮੁੜ	mud:4	mood:1	mudd:1	mudh:1
ਮੁੜਕੇ	mudke:2	murhke:1
ਮੁੜਦਾ	mudada:1	mudda:1	murhda:1
ਮੁੜਦੀ	mudadi:1	muddi:1	murhdee:1
ਮੁੜਨ	mudan:2	murhan:1
ਮੁੜਨਾ	mudna:3	murhna:1
ਮੁੜੀ	mudi:3	murhee:1	murhi:1
ਮੁੜ੍ਹਕਾ	mudhka:1	mudka:1	murhhka:1
ਮੁੰਗੀ	mungi:2	mungee:1
ਮੁੰਜ	munj:3
ਮੁੰਡ	mund:4
ਮੁੰਡਾ	munda:8	mundaa:1
ਮੁੰਡਿਆ	mundia:2	mundiaa:2	mundiya:2
ਮੁੰਡਿਆਂ	mundiaan:2	mudiyan:1
ਮੁੰਡੀ	mundi:4	moodi:1	moodii:1	moody:1
ਮੁੰਡੂ	mundu:2	mundoo:1
ਮੁੰਡੇ	munde:5	munday:1
ਮੁੰਦਰਾਂ	mundran:2	mundaran:1
ਮੁੰਦਰਾਵਾਂ	mundaravan:1	mundarvan:1	mundravan:1
ਮੁੰਦਰੀ	mundari:4
ਮੁੰਦਰੀਆਂ	mundariyan:2	mundariaan:1
ਮੁੰਦਾਵਣੀ	mundavani:3
ਮੁੰਨ	munn:3	moon:1
ਮੁੰਨਾ	munna:4
ਮੁੰਬਈ	mumbai:10	munbai:2	mambai:1	mumbaee:1
ਮੁੰਸ਼ੀ	munshi:2	munshee:1
ਮੁੰਹ	munh:4	munah:1
ਮੁੱਕਣ	mukan:2	mukkan:1
ਮੁੱਕਾ	mukka:3	mucca:1
ਮੁੱਕਿਆ	mukkea:1	mukkeya:1	mukkia:1	mukkiaa:1
ਮੁੱਕੀ	mukki:3
ਮੁੱਕੇਬਾਜ਼	mukkebaaz:5	mukkebaz:1
ਮੁੱਕੇਬਾਜ਼ੀ	mukkebazi:6	mukebazi:1
ਮੁੱਖਮੰਤਰੀ	mukhmantri:2	mukhamantri:1
ਮੁੱਖੀ	mukhi:2	mukkhi:1
ਮੁੱਛ	much:2	muchh:1
ਮੁੱਛਾਂ	muchan:2	muchhaan:1
ਮੁੱਠ	muth:2	muthh:1
ਮੁੱਠਭੇੜ	muthabherh:1	muthbhed:1	muthhbhed:1
ਮੁੱਠਾ	mutha:2	muthha:1
ਮੁੱਠਾਂ	muthan:2	muthhan:1
ਮੁੱਠੀ	muthi:2	muthhee:1	muthhi:1
ਮੁੱਠੀਆਂ	muthiyan:2	muthhiaan:1	muthhiyaan:1
ਮੁੱਢ	mudh:2	mudd:1	muddh:1
ਮੁੱਢਲੀ	mudali:1	muddhali:1	mudhali:1
ਮੁੱਢਲੇ	mudale:1	muddhale:1	mudhale:1
ਮੁੱਢੀ	muddhi:1	muddi:1	mudhi:1
ਮੁੱਢੋਂ	muddhon:1	muddon:1	mudhon:1
ਮੁੱਦਤ	muddat:2	mudat:1
ਮੁੱਦਰਾ	muddra:2	mudra:1
ਮੁੱਦਾ	mudda:2	muda:1
ਮੁੱਦਿਆਂ	mudiaan:2	muddeyaan:1	muddiaan:1	muddiyaan:1
ਮੁੱਦੇ	mudde:3
ਮੁੱਫਤ	mufat:1	muffat:1	muphhat:1
ਮੁੱਲ	mull:2	mul:1	mule:1
ਮੁੱਲਵਾਨ	mullvan:1	mullwan:1	mulvan:1
ਮੁੱਲਾ	mulla:3	milla:1
ਮੁੱਲਾਂਕਣ	mulankan:2	mullankan:1
ਮੁੱਹਈਆ	muhaiaa:1	muhaiya:1	muheea:1	muhiea:1
ਮੂਕ	muk:3	mook:1
ਮੂਜਬ	moojab:2	mujab:2
ਮੂਠਾ	mutha:3	mootha:1
ਮੂਡ	mood:4	mud:2
ਮੂਡੀ	mudi:3	moodee:1	moodi:1	moody:1
ਮੂਤਰ	mutar:2	mootar:1	muttar:1
ਮੂਨ	moon:3	mun:2
ਮੂਰ	mur:4	moor:1
ਮੂਰਖ	murakh:5	moorakh:1
ਮੂਰਖਤਾ	murakhta:3	moorakhta:1
ਮੂਰਖਾ	murkha:3	moorkha:1
ਮੂਰਤ	murat:4	moorat:1
ਮੂਰਤਾਂ	murtan:2	moortan:1
ਮੂਰਤਿ	moorti:1	murati:1	muti:1
ਮੂਰਤੀ	murati:2	murti:2
ਮੂਰਤੀਆਂ	muratiyan:1	murtiaan:1	murtiyan:1
ਮੂਰਤੀਕਲਾ	murtikala:2	muratikala:1
ਮੂਰਤੀਕਾਰ	murtikar:2	murtikaar:1
ਮੂਰਤੀਮਾਨ	muratiman:2	murtimaan:1
ਮੂਰੇ	mure:3
ਮੂਲ	mul:5
ਮੂਲਕ	mulak:2	mulk:1
ਮੂਲਰ	mular:2	mullar:1
ਮੂਲਵਾਦੀ	mulvadi:2	mulwaadi:1
ਮੂਲਵਾਸੀ	mulvasi:3
ਮੂਲ਼ੀ	muli:3
ਮੂਲਾ	mula:3
ਮੂਲੀ	muli:3
ਮੂਲੋਵਾਲ	muloval:2	mulowal:1
ਮੂਵੀਜ਼	movies:2	muviz:1
ਮੂਸਲ	musal:3
ਮੂਸਾ	musa:3
ਮੂਹਰਲੇ	muharle:3
ਮੂਹਰੇ	muhare:2	muhre:1
ਮੂੜ	mood:2	mud:2
ਮੂੰਗ	mung:3
ਮੂੰਗਫਲੀ	mungfali:2	mungafali:1
ਮੂੰਗਫ਼ਲੀ	mundfali:1	munfali:1	mungaphali:1
ਮੂੰਗਾ	munga:3
ਮੂੰਗੀ	mungi:3
ਮੂੰਹ	munh:6
ਮੂੰਹਾਂ	munhan:3
ਮੇ	me:3	may:1
ਮੇਂ	men:3
ਮੇਅਰ	mayor:3	meyer:2	meyar:1
ਮੇਕ	mek:2	make:1
ਮੇਕਅਪ	maceeup:1	maceup:1	makeeup:1	makeeupp:1
ਮੇਕਰ	makar:1	makeer:1	maker:1	maqer:1
ਮੇਕਸਿਕੋ	mexico:3	meksiko:1
ਮੇਕਿੰਗ	making:2	meking:1
ਮੇਖ਼	mekh:2	megh:1
ਮੇਗਨ	meegan:1	meegeen:1	meegun:1	megan:1
ਮੇਘ	megh:3
ਮੇਘਦੂਤ	meghdoot:1	meghdud:1	meghdut:1
ਮੇਘਨਾ	meghana:3
ਮੇਘਨਾਥ	meghanath:2	meghnath:1
ਮੇਘਲਾ	meghala:1	meghla:1	meghlaa:1
ਮੇਘਾਲਿਆ	meghalaya:2	meghaalaya:1	meghaalayaa:1	meghaliyaa:1
ਮੇਚ	mech:3
ਮੇਜ	mej:3
ਮੇਜਬਾਨੀ	majbani:1	mejbaanee:1	mejbaani:1	mejbani:1
ਮੇਜਰ	major:4	maejar:1	maejor:1	mazor:1
ਮੇਜ਼	mez:2	mej:1
ਮੇਜ਼ਬਾਨ	mezbaan:2	maizbaan:1	mejban:1
ਮੇਜ਼ਬਾਨੀ	maizbani:1	mejbani:1	mezbaanee:1	mezbaani:1
ਮੇਟ	met:3	maeet:1	maet:1	mat:1
ਮੇਦਾਨ	medan:2	maidan:1	medaan:1
ਮੇਧਾ	medha:3
ਮੇਨ	main:4	men:2	mane:1	manee:1
ਮੇਨਕਾ	menka:3
ਮੇਨਨ	menan:4	meenan:1	meenon:1	menana:1
ਮੇਨੂ	menu:5	menoo:3
ਮੇਨੂੰ	mainnu:1	mennu:1	menoon:1
ਮੇਮੋਰੀਅਲ	memorial:3
ਮੇਯਰ	mayaar:1	mayar:1	mayeer:1	mayer:1
ਮੇਰ	mer:5	mair:1	mare:1	maree:1
ਮੇਰਠ	merath:3	merut:1
ਮੇਰਾ	mera:5	mara:1	meera:1
ਮੇਰਿਆ	meriaa:4	meria:3	meriya:2	meirya:1
ਮੇਰਿਲ	meril:4	maril:1	marril:1	marrill:1
ਮੇਰੀ	meri:3	mary:1
ਮੇਰੀਆ	meriaa:3	meriya:3	meria:2
ਮੇਰੀਆਂ	meriyan:4	meriaan:2	merian:2
ਮੇਰੀਏ	meriye:6	merie:2
ਮੇਰੀਲੈਂਡ	meriland:4	maryland:2
ਮੇਰੇ	mere:4
ਮੇਲ	mel:4	mail:2	male:2	malee:1
ਮੇਲਜੋਲ	meljol:3	meljoul:1
ਮੇਲਣ	melan:3
ਮੇਲਣਾ	melana:2	melnaa:1
ਮੇਲਦੀ	meladi:2	meldee:1	meldi:1
ਮੇਲਦੇ	melde:2	melade:1	melday:1
ਮੇਲਬੋਰਨ	melboran:1	melbourn:1	melbourne:1
ਮੇਲਾ	mela:5	maela:1	melaa:1
ਮੇਲਾਂ	melan:2	melaan:1
ਮੇਲਿਆ	meilya:1	melia:1	meliaa:1	meliya:1
ਮੇਲਿਆਂ	meliyan:2	meliaan:1	melian:1
ਮੇਲਿਸਾ	melisa:3
ਮੇਲੀ	meli:3	malee:1
ਮੇਲੀਆਂ	meliyan:2	meliaan:1	melian:1
ਮੇਲੂ	melu:2	meloo:1
ਮੇਲੇ	mele:3	melay:1
ਮੇਵਾ	mewa:2	meva:1
ਮੇਵਾੜ	mewarh:2	mevad:1	mewad:1
ਮੇਵਿਆਂ	mevian:1	meviyan:1	mewiaan:1	mewian:1
ਮੇਵੇ	meve:2	mewe:2
ਮੇਸਨ	masan:1	mason:1	masun:1	mesan:1
ਮੇਸ਼	mesh:3
ਮੇਹਣਾ	mehna:2	mehana:1
ਮੇਹਤਾ	mehata:2	mehta:1
ਮੇਹਨਤ	mehnat:2	mehanat:1
ਮੇਹਨਤੀ	mehanati:1	mehanti:1	mehnati:1
ਮੇਹਮਾਨ	mehman:2	mehmaan:1
ਮੇਹਰ	mehar:4	meehar:1	meehr:1	mehara:1
ਮੈਂ	main:3	men:2	mai:1
ਮੈਂਟਲ	mental:3
ਮੈਂਡਾ	mainda:1	maindaa:1	menda:1
ਮੈਂਨੂੰ	mainuu:2	mainnun:1	mennu:1	mennun:1
ਮੈਂਨੇ	maine:2	menne:1
ਮੈਂਬਰ	maimbar:1	member:1	menber:1
ਮੈਂਬਰਸ਼ਿਪ	membership:2	membarship:1
ਮੈਂਬਰਾਂ	maimbaraa:1	maimbaran:1	menbaran:1
ਮੈਂਬਰੀ	maimbaree:1	mainbari:1	menbari:1
ਮੈਕ	mac:1	mack:1	mak:1	makk:1
ਮੈਕਕਾਰਟਨੀ	mccartnei:1	mccartneii:1	mccartney:1	mkkartney:1
ਮੈਕਗ੍ਰੇਗਰ	mackgreegar:1	mackgreegor:1	mackgregar:1	mackgregor:1
ਮੈਕਡੋਨਲਡ	mcdonald:2	mekadonalad:1
ਮੈਕਮਿਲਨ	macmilan:1	macmillan:1	maekmilan:1	maeqmilan:1
ਮੈਕਰੋ	macro:1	macroo:1	macroow:1	macrov:1
ਮੈਕਲੋਡ	maekload:1	maeklod:1	maeqload:1	maikload:1
ਮੈਕਸ	maeks:1	maks:1	mekas:1
ਮੈਕਸਵੈਲ	maxwell:2	mekasvel:1
ਮੈਕਸਵੈੱਲ	maxwell:3	maekswel:1	maekswell:1	maxvell:1
ਮੈਕਸਿਕੋ	mexico:2	meksiko:1
ਮੈਕਸਿਮ	maeksim:1	maksim:1	maqsim:1	maxim:1
ਮੈਕਸੀਕਨ	maksican:1	maxican:1	maxiican:1	mecshikan:1
ਮੈਕਸੀਕੋ	mexico:3	mekasiko:1	meksiiko:1	meksiko:1
ਮੈਕਾਲਿਫ	maekalif:2	maeqalif:1	maikalif:1	maiqalif:1
ਮੈਕੇ	maeke:2	macai:1	macay:1	mackai:1
ਮੈਗਜ਼ੀਨ	magazine:2	megazin:1
ਮੈਗਜੀਨ	maegjin:1	magazine:1	magzine:1	megajin:1
ਮੈਗਜੀਨਾਂ	maegajina:1	magajinan:1	megajinan:1
ਮੈਗਾ	maega:1	mega:1	megaa:1
ਮੈਗਾਵਾਟ	megavatt:1	megawatt:1	megawett:1
ਮੈਗੀ	maggi:2	maggie:2	maegi:1	maggiie:1
ਮੈਚ	maech:1	match:1	mech:1
ਮੈਚਾਂ	maechan:1	maichan:1	mechan:1
ਮੈਜਿਕ	magic:2	mejik:1
ਮੈਜਿਸਟਰੇਟ	maejistaret:1	magistrate:1	mejistarett:1
ਮੈਜਿਸਟਰੇਟਾਂ	magistratan:2	mejistaretan:1
ਮੈਜਿਸਟ੍ਰੇਟ	magistrate:2	mejistret:1
ਮੈਟ	mat:3	mait:1	matt:1	matte:1
ਮੈਟਰਨਲ	maternal:2	mettarnal:1
ਮੈਟਰਿਕ	metric:2	metarik:1
ਮੈਟਰਿਕਸ	maetriks:1	maetrix:1	matricks:1	matricksh:1
ਮੈਟਰੋ	metro:4	metroo:1
ਮੈਟਰੋਪੋਲੀਟਨ	maetropolitan:1	martropolitan:1	mertropolitan:1	metropaalitan:1
ਮੈਟਲ	metal:4	maetal:1
ਮੈਟਾ	maeta:1	meta:1	metaa:1
ਮੈਟਾਫਿਜ਼ਿਕਸ	metaphysics:2	metafizikas:1
ਮੈਟ੍ਰਿਕਸ	matrix:2	metrics:1	metrikas:1
ਮੈਡ	mad:1	maed:1	maid:1	med:1
ਮੈਡਗਾਸਕਰ	madagascar:2	maadaagaascaar:1	maaedaagaascaar:1	maaedaagaaskaar:1
ਮੈਡਮ	madam:3	medam:2
ਮੈਡਰਿਡ	madrid:2	medarid:1
ਮੈਡਲ	maedal:1	maidal:1	medal:1
ਮੈਡਿਸਨ	madicine:1	madishon:1	madison:1	maidyshon:1
ਮੈਡੀਕਲ	medical:3	medikal:2
ਮੈਡੀਟੇਰੀਅਨ	meditarian:2	mediitarnean:1	mediiteriian:1	mediiterniian:1
ਮੈਡੋਨਾ	madona:2	madonna:2	madonaa:1	madoona:1
ਮੈਡ੍ਰਿਡ	madrid:3	maedrid:1	maidrida:1	medrid:1
ਮੈਥਿਲੀ	maithili:2	methili:1
ਮੈਥੇਮੈਟਿਕਸ	mathematics:2	methometikas:1
ਮੈਥੋ	maitho:2	metho:1
ਮੈਥੋਂ	maithon:2	methon:1
ਮੈਦਾ	maida:2	meda:1
ਮੈਦਾਨ	maidan:3	medan:1
ਮੈਦਾਨਾਂ	maidanan:2	medanan:1
ਮੈਦਾਨੀ	maidani:2	medani:1
ਮੈਦਾਨੋਂ	maidanon:2	medanon:1
ਮੈਨਚੇਸਟਰ	mainachesatar:1	manchester:1	menchesatar:1
ਮੈਨਚੇਸ੍ਟਰ	manchester:2	mainachestar:1	mancheesteer:1	mancheestteer:1
ਮੈਨਨ	mainan:2	menan:1
ਮੈਨਪੁਰੀ	mainapuree:1	mainpuree:1	mainpuri:1	menpuri:1
ਮੈਨਹਟਨ	mainhattan:1	manhattan:1	menahattan:1
ਮੈਨਾ	maina:2	mena:1
ਮੈਨਿੰਗ	mainig:1	maneeng:1	maniing:1	mannin:1
ਮੈਨੀਫ਼ੈਸਟੋ	maineefaisato:1	manifesto:1	menifesato:1
ਮੈਨੀਫੋਲਡਾਂ	maineepholadaan:1	mainifoldan:1	menifoladan:1
ਮੈਨੁਅਲ	manual:2	mainual:1	menuyal:1
ਮੈਨੂੰ	menun:2	mainoo:1	mainoon:1	mainu:1
ਮੈਨੇ	maine:3	mene:2	maeenee:1	maene:1
ਮੈਨੇਜਿੰਗ	mainejig:1	managing:1	menejing:1
ਮੈਪ	map:2	maip:1	mep:1
ਮੈਪਰ	mapar:1	maper:1	mappar:1	mapper:1
ਮੈਪਲ	maipal:2	mapal:1	mepal:1
ਮੈਪਿੰਗ	mapping:2	maipig:1	maping:1
ਮੈਬਰਾਂ	maibaraan:1	maibran:1	memberan:1
ਮੈਮੋਰੀ	maemoree:1	memoree:1	memory:1
ਮੈਮੋਰੈਂਡਮ	memorandum:2	maimoraindam:1
ਮੈਰਾਥਨ	marathan:1	marathon:1	marethan:1	marethon:1
ਮੈਰਿਜ	marriage:3	mairij:1
ਮੈਰਿਟ	maerit:2	marit:2	merit:2	maarit:1
ਮੈਰੀ	marry:2	maeree:1	maerii:1	mairi:1
ਮੈਰੀਅਟ	mairiat:1	mariot:1	merit:1
ਮੈਰੀਲੈਂਡ	maryland:2	marryland:1
ਮੈਲ	mail:3	mel:1
ਮੈਲਕਮ	maelcomm:1	maelkam:1	mailcam:1	mailcom:1
ਮੈਲਬਰਨ	mailbarn:1	mailburn:1	melbourne:1
ਮੈਲਬੋਰਨ	mailborn:1	melborne:1	melbourne:1
ਮੈਲਬੌਰਨ	melbourne:2	mailborn:1
ਮੈਲਾ	maila:3
ਮੈਲੀ	maili:2	maily:1
ਮੈਸਨ	mesan:2	maison:1
ਮੈਸੂਰ	mysore:2	maisoor:1	mesoor:1	mesur:1
ਮੈਸੇਚਿਉਸੇਟਸ	mashshachushetsh:1	mashshachushettsh:1	mashshchushettsh:1	massachuseets:1
ਮੈਸੇਜ	message:2	maisej:1	mesej:1
ਮੈਸੇਡੋਨੀਆ	macedonia:2	macedoniia:1	macedoonia:1	maceedonia:1
ਮੈਸੋਪੋਟਾਮੀਆ	mesopotamia:2	mesopotamiya:1
ਮੈਹਰ	mehar:3	maihar:2
ਮੋਆਬ	moab:3	mooab:1	moyab:1
ਮੋਇਆ	moeaa:1	moiya:1	moyiya:1
ਮੋਇਆਂ	moea:1	moiyan:1	moyiyan:1
ਮੋਇਨ	moen:1	moin:1	moyin:1
ਮੋਈਆਂ	moeea:1	moeean:1	moiyan:1
ਮੋਏ	moe:2	moye:1
ਮੋਕਸ਼	mokash:3	moqash:1
ਮੋਕਾ	moka:3
ਮੋਕੇ	moke:3
ਮੋਖਾ	mokha:3
ਮੋਖਿਕ	mokhik:3
ਮੋਗਾ	moga:4
ਮੋਗੇ	moge:3
ਮੋਘੇ	moghe:3
ਮੋਚਨ	mochan:4
ਮੋਚੀ	mochi:3
ਮੋਜ	moj:3
ਮੋਜ਼ਰ	mozar:3
ਮੋਜ਼ੀਲਾ	mozila:3	mojeela:1	mojiila:1	mozeelaa:1
ਮੋਜੂਦ	mojud:2	mojood:1
ਮੋਜੂਦਗੀ	mojudagi:2	mojoodagee:1
ਮੋਜੂਦਾ	mojuda:2	mojooda:1
ਮੋਜੋ	mojo:3
ਮੋਟਰ	motar:4	moter:1	motor:1
ਮੋਟਰਗੱਡੀ	motaragaddi:1	motaragadee:1	motergaddi:1
ਮੋਟਰਜ਼	motaraz:2	moters:1
ਮੋਟਰਸਾਇਕਲ	motarasaikal:2	motarasayekal:1
ਮੋਟਰਸਾਇਕਲਾਂ	motarasaikalaan:1	motarasaikalan:1	motarasayekalan:1
ਮੋਟਰਸਾਈਕਲ	motarasaeekal:1	motarasaikal:1	motarasayikal:1	motercycle:1
ਮੋਟਰਾਂ	motaraan:1	motaran:1	moteraan:1
ਮੋਟਾ	mota:2	motha:1
ਮੋਟਾਈ	motaee:1	motai:1	motayi:1
ਮੋਟਾਪਾ	motapa:2	motaapa:1
ਮੋਟਾਪੇ	motaape:2	motape:1
ਮੋਟਿਫ	motif:2	motiph:1
ਮੋਟੀ	moti:2	motee:1
ਮੋਟੀਆਂ	moteeaan:1	motiaa:1	motiaan:1	motiyan:1
ਮੋਟੇ	mote:3
ਮੋਟੋ	moto:4	mata:1	mootoo:1	mote:1
ਮੋਠ	moth:3
ਮੋਠੂ	mothu:3
ਮੋਡ	mod:2	mode:1
ਮੋਢਾ	modha:2	moda:1
ਮੋਢਿਆਂ	modhiaan:2	modiyan:1
ਮੋਢੀ	modhi:2	modi:1
ਮੋਢੀਆਂ	modhiaan:2	modiyan:1
ਮੋਢੇ	modhe:2	mode:1
ਮੋਤ	mot:2	moat:1
ਮੋਤਾ	mota:3
ਮੋਤੀ	moti:3
ਮੋਤੀਆ	motiaa:2	motiya:1
ਮੋਤੀਆਂ	motiaan:2	motiyan:1
ਮੋਤੀਆਬਿੰਦ	motiaabind:2	motiyabind:1
ਮੋਤੀਏ	motiye:2	motiae:1
ਮੋਤੀਲਾਲ	motilal:2	motilaal:1
ਮੋਦੀ	modi:8	modee:1	modii:1	moodee:1
ਮੋਨ	moan:2	mon:2	maon:1	maoon:1
ਮੋਨਟੇਕ	montek:2	montake:1
ਮੋਨਾ	mona:5	monaa:1	moona:1	moonaa:1
ਮੋਨਾਕੋ	monako:2	monaco:1
ਮੋਨਿਕਾ	monika:5	moniqa:2	moonika:2	monica:1
ਮੋਨੀਕਾ	monika:3
ਮੋਨੈਕੋ	monaaco:1	monacko:1	monaco:1	monacqo:1
ਮੋਨੋ	mono:1	monoo:1	monu:1	moonoo:1
ਮੋਨੋਆਕਸਾਈਡ	monoxide:2	monoakasayid:1	monoaksayid:1
ਮੋਨੋਗ੍ਰਾਫ	monograf:2	monograph:2
ਮੋਬਾਇਲ	mobayil:2	mobile:1
ਮੋਬਾਈਲ	mobile:5	mobayil:4	mobil:1	mobyle:1
ਮੋਬਾਈਲਾਂ	mobayilan:2	mobilan:1
ਮੋਮ	mom:3
ਮੋਮਨ	moman:3
ਮੋਮਬੱਤੀ	momabati:2	mombati:1
ਮੋਮਬੱਤੀਆਂ	momabattiyan:1	mombatian:1	mombatiyan:1
ਮੋਮਿਨ	momin:3
ਮੋਮੈਂਟਮ	momentam:2	momaentam:1	momentum:1
ਮੋਰ	mor:4	moor:1	more:1
ਮੋਰਗਨ	morgan:3	moorgan:1	moragan:1
ਮੋਰਚਾ	morcha:3	moracha:1
ਮੋਰਚਾਬੰਦੀ	morchabandi:3
ਮੋਰਚਿਆਂ	moracheyan:1	morachiyan:1	morchian:1
ਮੋਰਚੇ	morache:2	morche:1
ਮੋਰਨਿੰਗ	morning:2	moraning:1
ਮੋਰਨੀ	morni:2	morani:1
ਮੋਰਨੀਆਂ	moraniyan:1	morniaan:1	mornian:1
ਮੋਰਸ	moras:2	maras:1
ਮੋਰਾ	mora:3
ਮੋਰਾਂ	moran:3
ਮੋਰਾਂਵਾਲੀ	moranvaali:1	moranvali:1	moranwali:1
ਮੋਰਾਕੋ	morako:3
ਮੋਰਾਰਜੀ	moraraji:2	morarji:1
ਮੋਰਿਆ	moria:1	moriaa:1	moriya:1
ਮੋਰਿੰਡਾ	morinda:3
ਮੋਰੀ	mori:4	mooree:1	moori:1	moorii:1
ਮੋਰੀਆ	moria:1	moriaa:1	moriya:1
ਮੋਰੀਆਂ	moriaan:1	morian:1	moriyan:1
ਮੋਰੀਸਨ	moorrisoon:1	morriison:1	morrishon:1	morrison:1
ਮੋਰੇ	more:3
ਮੋਰੇਨੋ	maareeno:1	maareno:1	maarenoo:1	mareeno:1
ਮੋਰੋਕੋ	morocco:1	morokko:1	moroko:1	moroqo:1
ਮੋਲਦੋਵਾ	moladova:1	moldova:1	moldowa:1
ਮੋਲਵੀ	maulvi:1	molavi:1	molwi:1
ਮੋਲਾਨਾ	molana:3
ਮੋਲਿਕ	molik:3
ਮੋਲੁ	molu:3
ਮੋਸਮ	mosam:3	mausam:1
ਮੋਸਮੀ	mosami:2	mosamee:1
ਮੋਸੁਲ	mosul:2	momul:1
ਮੋਹ	moh:7
ਮੋਹਕਮ	mohakam:2	mohokam:1
ਮੋਹਣ	mohan:3
ਮੋਹਣੀ	mohani:3	mohanee:1
ਮੋਹਣੋ	mohano:2	mohane:1
ਮੋਹਨ	mohan:5	mahan:1	mohana:1
ਮੋਹਨਦਾਸ	mohandas:3
ਮੋਹਨਲਾਲ	mohanlal:3	mohanlaal:2	moohanlaal:1	moohanlal:1
ਮੋਹਨੀ	mohani:2	mohanee:1
ਮੋਹਭੰਗ	mohbhang:2	mohabhang:1
ਮੋਹਰ	mohar:3
ਮੋਹਰਾ	mohra:2	mohara:1
ਮੋਹਰਾਂ	mohran:2	moharan:1
ਮੋਹਰੀ	mohari:2	mohree:1
ਮੋਹਰੀਆਂ	mohareean:1	mohariaan:1	mohriaan:1
ਮੋਹਰੇ	mohare:2	mohre:1
ਮੋਹਸਿਨ	mohsin:2	mohmin:1
ਮੋਹਾਲੀ	mohali:6	mohalee:1
ਮੋਹਿ	mohi:3	mioh:1	moh:1
ਮੋਹਿਆ	mohiaa:3	miohaya:1	mohaya:1
ਮੋਹਿਤ	mohit:4	mohat:1	mohita:1	myohat:1
ਮੋਹਿਨੀ	mohini:3
ਮੋਹਿੰਦਰ	mohinder:2	mohindar:1
ਮੋਹੀ	mohi:2	mohee:1
ਮੋਹੜੀ	mohadee:1	mohadi:1	mohari:1
ਮੋਹੰਮਦ	mohamad:1	mohanmad:1	mohmmad:1
ਮੋਹੱਬਤ	mohabat:2	mohhabat:1
ਮੋੜ	mod:8	modd:1	mode:1	morh:1
ਮੋੜਦਾ	modada:2	morhada:1
ਮੋੜਨ	modan:4	moddan:1	morhan:1
ਮੋੜਿਆ	modiaa:1	modiya:1	modya:1	morheya:1
ਮੋੜੀ	modi:4	morhi:1
ਮੋੜੀਆਂ	modhiyan:1	modiaan:1	morhiyan:1
ਮੋੜੋ	modo:2	morho:1
ਮੌ	mau:2	mauu:1	mmau:1	mo:1
ਮੌਕ	mok:2	mauk:1	moak:1	moc:1
ਮੌਕਾ	moka:2	mauka:1
ਮੌਕਿਆਂ	mokiaan:2	mokiyan:2	maukiaan:1
ਮੌਕੇ	mauke:4	moke:3
ਮੌਖਿਕ	mokhik:2	maukhik:1
ਮੌਜ	mauj:3	moaj:1	moj:1
ਮੌਜ਼	moz:2	mauz:1
ਮੌਜ਼ਾ	mauza:1	moza:1	mozaa:1
ਮੌਜ਼ੂਦ	mauzood:1	mozood:1	mozud:1
ਮੌਜ਼ੂਦਗੀ	mozudagi:2	mauzudagi:1
ਮੌਜ਼ੂਦਾ	mozuda:2	mauzuda:1
ਮੌਜੀ	moji:2	mauji:1
ਮੌਜੂਦ	maujood:2	mojood:1	mojud:1
ਮੌਜੂਦਗੀ	mojudagi:2	maujudagi:1
ਮੌਜੂਦਾ	maujooda:2	mojuda:2
ਮੌਟੇ	mote:2	maute:1
ਮੌਡਰਨ	modern:2	modaran:1
ਮੌਢੀ	maudhi:1	modhi:1	modi:1
ਮੌਣ	maun:1	mon:1	monn:1
ਮੌਤ	maut:5	mot:2
ਮੌਨ	maun:2	mon:1	moun:1
ਮੌਨਸੂਨ	monsoon:4	mansoon:1	maunson:1	mounsoon:1
ਮੌਨੀ	mauni:1	moni:1	mouni:1
ਮੌਰ	more:2	maur:1	mor:1	mour:1
ਮੌਰਗਨ	morgan:3	mouragan:1
ਮੌਰਯਾ	maurya:1	morya:1	mourya:1
ਮੌਰਿਸ	morris:5	mauris:1	maurris:1	moris:1
ਮੌਲ	mall:3	mol:1	moul:1
ਮੌਲਕ	maulak:1	molak:1	moulak:1
ਮੌਲਵੀ	maulvi:1	molvi:1	moulavi:1
ਮੌਲਵੀਆਂ	maulviaan:1	molviyan:1	moulaviyan:1
ਮੌਲਾ	maula:1	mola:1	moula:1
ਮੌਲਾਨਾ	maulana:2	moulana:2	maulanaa:1	maullana:1
ਮੌਲਿਕ	molik:2	maulik:1
ਮੌਲਿਕਤਾ	molikata:2	maulikta:1
ਮੌਲੀ	moli:2	mauli:1
ਮੌਸਮ	mausam:2	mosam:1	mousam:1
ਮੌਸਮੀ	mausami:2	mosami:1	mousami:1
ਮੌੜ	mod:2	maud:1
ਮ੍ਰਿਣਾਲਨੀ	mrinalani:2	marinalani:1	mrinalanee:1
ਮ੍ਰਿਤ	mrit:4	marit:2
ਮ੍ਰਿਤਕ	mritak:3	maritak:1
ਮ੍ਰਿਤਕਾਂ	mritakan:2	mritkan:1
ਮ੍ਰਿਤੂ	mritoo:1	mritu:1	mrituu:1
ਮੜੀ	madee:1	madi:1	marhee:1	marhi:1
ਮੜ੍ਹਿਆ	madiaha:1	marhhia:1	marhhiaa:1
ਮੜ੍ਹੀ	marhee:1	marhhee:1	marhi:1
ਮੰਗ	mang:5
ਮੰਗਣ	mangan:5
ਮੰਗਣਾ	mangana:3	manganaa:1
ਮੰਗਣੀ	manganee:1	mangani:1	mangni:1
ਮੰਗਤ	mangat:3
ਮੰਗਦਾ	mangda:3	mangada:1
ਮੰਗਦੀ	mangdi:2	mangadee:1
ਮੰਗਦੀਆਂ	mandiaan:3	mangdeean:1	mangdiyan:1
ਮੰਗਦੇ	mangde:2	mangade:1
ਮੰਗਲ	mangal:4	mangala:1	mangall:1
ਮੰਗਲਯਾਨ	mangalyan:2	mangalyaan:1
ਮੰਗਲਵਾਰ	mangalvar:2	mangalwaar:1	manglavar:1
ਮੰਗਲਾ	mangla:3	mangala:2	mangal:1	manggal:1
ਮੰਗਲਾਚਰਣ	mangalacharan:2	manglacharan:1
ਮੰਗਲਾਚਰਨ	manglacharan:2	mangalacharan:1
ਮੰਗਲੀ	mangalee:1	mangali:1	mangli:1
ਮੰਗਲੌਰ	manglaur:2	manglor:1
ਮੰਗਵਾ	mangva:2	mangawaa:1
ਮੰਗਵਾਈਆਂ	mangawaiaan:1	mangvaiyan:1	mangwaaeean:1
ਮੰਗਵਾਏ	mangvaye:1	mangwaae:1	mangwae:1
ਮੰਗਾ	manga:3	maanga:1	maangaa:1	maga:1
ਮੰਗਾਂ	mangan:2	mangaan:1
ਮੰਗਿਆ	mangiaa:5	mangia:1
ਮੰਗਿਆਂ	mangiaan:3
ਮੰਗੀ	mangi:2	mangee:1
ਮੰਗੂ	mangu:3
ਮੰਗੇ	mange:3
ਮੰਗੇਤਰ	mangetar:3
ਮੰਗੇਸ਼ਕਰ	mangeshakar:2	mangeshkar:1
ਮੰਗੋਲ	mangol:2	mongol:1
ਮੰਗੋਲੀਆ	mangolia:3	mangoliya:1
ਮੰਚ	manch:3	munch:2
ਮੰਚਣ	manchan:2	manchann:1
ਮੰਚਨ	manchan:3
ਮੰਜਲ	manjal:3
ਮੰਜਲਾ	manjala:2	manajala:1	manjla:1
ਮੰਜਲੀ	manjali:3	manajali:1
ਮੰਜ਼ਰ	manzar:3
ਮੰਜ਼ਲ	manzal:3	manazal:1
ਮੰਜ਼ਲਾ	manzala:2	manazala:1	manzla:1
ਮੰਜ਼ਲਾਂ	manzalan:1	manzlan:1	mazalan:1
ਮੰਜ਼ਲੀ	manzali:3	manazali:1
ਮੰਜ਼ਿਲ	manjil:3	manzil:3
ਮੰਜ਼ਿਲਾਂ	manjilan:3	manzilan:3	manzelan:1
ਮੰਜ਼ਿਲੀ	manzili:3	manzeli:1
ਮੰਜ਼ੂਰ	manzur:2	manzoor:1
ਮੰਜਾ	manja:3
ਮੰਜਿਆਂ	manjeyan:1	manjiaan:1	manjiyan:1
ਮੰਜਿਲ	manjil:3
ਮੰਜਿਲਾ	manjila:3	manjela:1
ਮੰਜਿਲਾਂ	manjilan:2	manjelan:1
ਮੰਜੀ	manji:3
ਮੰਜੁਲਾ	manjula:3
ਮੰਜੂਰ	manjur:2	manjoor:1
ਮੰਜੇ	manje:3
ਮੰਝ	manjh:4
ਮੰਟੋ	manto:3
ਮੰਡ	mand:6	mandd:1
ਮੰਡਪ	mandap:3
ਮੰਡਰਾਉਣ	mandarayun:2	mandaraaun:1	manddarayun:1
ਮੰਡਲ	mandal:5
ਮੰਡਲੀ	mandali:4	manadali:1
ਮੰਡਲੀਆਂ	mandaliyan:2	mandaliaan:1
ਮੰਡਾ	manda:3	mandda:1
ਮੰਡਿਆਂ	mandiaan:2	manddeyan:1	mandeyan:1
ਮੰਡੀ	mandi:5	manddi:1	mandee:1	mandii:1
ਮੰਡੀਆਂ	mandiaan:3	mandiyan:2	manddiyan:1
ਮੰਡੀਕਰਨ	mandikaran:3
ਮੰਡੇਲਾ	mandela:4	madeelaa:1	madelaa:1	mandala:1
ਮੰਢਾਲੀ	mandhali:2	mandhaali:1
ਮੰਣਦੇ	mannade:2	manade:1
ਮੰਤਕ	mantak:3
ਮੰਤਰ	mantar:3
ਮੰਤਰਾਂ	mantaran:1	mantraan:1	mantran:1
ਮੰਤਰਾਲਾ	mantrala:2	mantarala:1
ਮੰਤਰਾਲੇ	mantrale:2	mantaraale:1
ਮੰਤਰੀ	mantri:2	mantari:1
ਮੰਤਰੀਆਂ	mantriaan:4	mantariyan:2
ਮੰਤਰੀਮੰਡਲ	mantarimandal:2	mantrimandal:1
ਮੰਤਵ	mantav:3
ਮੰਤ੍ਰ	mantr:3
ਮੰਥਨ	manthan:3
ਮੰਦ	mand:3
ਮੰਦਰ	mandar:4
ਮੰਦਰਾ	mandara:2	mandra:1
ਮੰਦਰਾਂ	mandaran:3
ਮੰਦਵਾੜੇ	mandavarhe:2	mandwade:1
ਮੰਦਹਾਲੀ	mandahaali:1	mandahali:1	mandhaali:1
ਮੰਦਾ	manda:3
ਮੰਦਾਕਿਨੀ	mandakini:3
ਮੰਦਾਰਿਨ	mandarin:4	madarean:1	madaren:1	mandarian:1
ਮੰਦਿਰ	mandir:10
ਮੰਦਿਰਾਂ	mandiran:2	mandiraan:1
ਮੰਦੀ	mandi:3
ਮੰਦੇ	mande:3
ਮੰਨ	mann:3	man:1	mana:1	manan:1
ਮੰਨਣ	mannan:2	mananan:1	manann:1
ਮੰਨਤ	mannat:3	manat:1
ਮੰਨਤਾਂ	mananataan:1	mannatan:1	mantaan:1
ਮੰਨਦਾ	mananda:1	mandaa:1	mannada:1
ਮੰਨਦਿਆਂ	manandiaan:2	mandiaan:2	manndiaan:2
ਮੰਨਦੀ	manandee:1	mandee:1	mannadi:1
ਮੰਨਦੇ	manade:1	manande:1	mannde:1
ਮੰਨਾ	manaa:1	manna:1	mannana:1
ਮੰਨਿਆ	maniaa:2	manniaa:2
ਮੰਨਿਆਂ	manniaan:2	mananiaan:1
ਮੰਨੀ	manni:3	mani:1	mannee:1
ਮੰਨੀਆ	maneeaa:1	manneeaa:1	manniaa:1
ਮੰਨੀਏ	maneea:1	maniye:1	manneeae:1	mannie:1
ਮੰਨੂ	mannoo:1	mannu:1	mannuu:1	manoo:1
ਮੰਨੂੰ	mannoon:1	mannun:1	manuun:1
ਮੰਮੀ	mamee:1	mammi:1	manmee:1	mummy:1
ਮੱਕਾ	maka:3	makka:3	maakkaa:1	makkaa:1
ਮੱਕੀ	makki:2	maki:1	makkee:1
ਮੱਕੜੀ	makkadi:2	makadi:1	makkadee:1	makkari:1
ਮੱਕੜੀਆਂ	makadiaan:1	makkadian:1	makkadiyan:1	makkdian:1
ਮੱਖ	makh:2	makhh:1
ਮੱਖਣ	makkhan:2	makhan:1
ਮੱਖੀ	makhee:1	makhhee:1	makhi:1
ਮੱਖੀਆਂ	makhian:1	makhiyan:1	makkheean:1
ਮੱਗੋ	maggo:1	maggou:1	maggow:1
ਮੱਘਰ	magghar:2	maghar:1
ਮੱਛਰ	macchhar:1	machar:1	machhar:1
ਮੱਛਰਾਂ	machharan:2	machran:1
ਮੱਛਲੀ	macchalee:1	macchhali:1	machali:1
ਮੱਛੀ	macchhi:1	machhee:1	machi:1
ਮੱਛੀਆਂ	macchhliaan:1	machhian:1	machiaan:1
ਮੱਠੀਆਂ	matheeaan:1	mathiyan:1	matthiaan:1
ਮੱਤ	matt:2	mat:1
ਮੱਤਭੇਦ	mattbhed:3
ਮੱਤਭੇਦਾਂ	mattbhedan:2	matbhedan:1
ਮੱਤਾ	matta:2	mata:1
ਮੱਤਾਂ	mataan:1	matan:1	mattan:1
ਮੱਤੀ	mattee:2	mati:1
ਮੱਤੇ	matte:2	mate:1
ਮੱਥਾ	matha:1	mathaa:1	mathha:1
ਮੱਥਿਆਂ	mathiaan:2	mathian:1
ਮੱਥੇ	mathe:2	matthe:1
ਮੱਦਦਗਾਰ	maddadgaar:1	maddadgar:1	maddgar:1
ਮੱਦੇਨਜ਼ਰ	maddenazar:1	madenazar:1	madenjar:1
ਮੱਧ	madh:3	madhya:1
ਮੱਧਕਾਲ	madakal:1	madhkaal:1	madhkal:1
ਮੱਧਕਾਲੀ	madakaali:1	madhkaali:1	madhkali:1
ਮੱਧਕਾਲੀਨ	madhakaleen:1	madhkaleen:1	madhkalin:1
ਮੱਧਪ੍ਰਦੇਸ਼	madhyapradesh:2	madhapradesh:1
ਮੱਧਯੁਗੀ	madhayugi:1	madhyayugi:1	madhyugi:1
ਮੱਧਯੁੱਗ	madhayug:1	madhyayug:1	madhyug:1
ਮੱਧਵਰਗ	madhavarg:1	madhvarag:1	madhvarg:1	madhyavarg:1
ਮੱਧਵਰਗੀ	madhvargi:2	madhavargi:1	madhyavargi:1
ਮੱਲ	mall:4	mal:1	mala:1
ਮੱਲਣ	mallan:2	malan:1
ਮੱਲਾ	malla:2	mlla:1
ਮੱਲਾਂ	malaan:1	mallaan:1	mallan:1
ਮੱਲੀ	malli:3
ਮੱਲੀਏ	malleee:1	malliae:1	malliye:1
ਮੱਲੋਮੱਲੀ	mallomalli:2	malomali:1	mllomlli:1
ਮੱਲ੍ਹੇ	mallhe:2	mllhe:1
ਮੱਸਾ	massa:4	maassaa:1	masa:1	mashsha:1
ਮੱਸਿਆ	massiaa:4	masseya:2
ਮੱਸੇ	masse:3
ਮੱਹਤਤਾ	mahhatata:2	mehhtta:1
ਮੱਹਤਵ	mahatav:1	mahhatav:1	mahhataw:1	mahhtav:1
ਯਕਸ਼	yakash:2	yaksh:2
ਯਕੀਨ	yakeen:2	yakin:1
ਯਕੀਨਨ	yakeenan:2	yakinan:2	yaqinan:1
ਯਕੀਨੀ	yakini:2	yakeenee:1	yakeeni:1	yaqini:1
ਯਗ	yag:3
ਯਜ਼ੀਦ	yazeed:2	yazid:2
ਯਤਨ	yatan:2	yatann:1
ਯਤਨਸ਼ੀਲ	yatansheel:2	yatanshil:1
ਯਤਨਾਂ	yatanan:1	yatanna:1	yatnan:1
ਯਤੀਮ	yateem:2	yatim:2
ਯਤੀਮਖ਼ਾਨਾ	yatimkhana:2	yateemkhana:1	yatimkkhana:1
ਯਤੀਮਖਾਨਾ	yatimkhana:2	yateemkhana:1	yatimakhana:1
ਯਤੀਮਖਾਨੇ	yatimkhane:3
ਯਥਾ	yatha:3
ਯਥਾਰਥ	yathaarath:1	yatharath:1	yatharth:1
ਯਥਾਰਥਕ	yathaarthak:1	yatharathak:1	yatharthak:1	yatharthaq:1
ਯਥਾਰਥਵਾਦ	yathaarathavaad:1	yathaarthvaad:1	yatharathvad:1
ਯਥਾਰਥਵਾਦੀ	yathaarathavaadee:1	yathaarthvadi:1	yatharathvadi:1
ਯਮ	yam:4	yama:1
ਯਮਕ	yamak:3
ਯਮਨ	yaman:3	yeman:1	yemen:1
ਯਮਨਾ	yamana:3
ਯਮਰਾਜ	yamaraaj:1	yamraj:1	yumraj:1
ਯਮਲਾ	yamala:2	yamla:1
ਯਮੁਨਾ	yamuna:4	yamana:1	yamunaa:1
ਯਰੋਸ਼ਲਮ	yaroshalam:3
ਯਵਸਫ਼ਜ਼ਈ	yavasfazayi:1	yavsafzai:1	yavsaphzayi:1	yawsafzaee:1
ਯਸ਼	yash:6
ਯਸ਼ਪਾਲ	yashpal:2	yashpaal:1
ਯਸ਼ਵੰਤ	yashvant:2	yashwant:2
ਯਸੂ	yasoo:2	yasuu:1
ਯਹ	yah:2	yeh:1
ਯਹਾਂ	yahan:2	yaha:1
ਯਹੀ	yahee:2	yahi:1
ਯਹੂਦਾ	yahooda:2	yahuda:1	yahuuda:1
ਯਹੂਦੀ	yahoodee:1	yahoodi:1	yahudi:1	yahuudee:1
ਯਾਂ	yaan:2	yan:1
ਯਾਂਗ	yaang:2	yang:2
ਯਾਂਤਰਿਕ	yantrik:2	yantarik:1
ਯਾਓ	yaao:1	yaaoo:1	yao:1	yaoo:1
ਯਾਕੂਬ	yaakoob:2	yaakub:2	yakub:1
ਯਾਗਨਿਕ	yaaganik:1	yaagnik:1	yagnik:1
ਯਾਤ	yaat:2	yat:1
ਯਾਤਨਾਵਾਂ	yaatnaawaan:1	yaatnavan:1	yatanava:1
ਯਾਤਰਾ	yatra:2	yaataraa:1	yaatraa:1	yatara:1
ਯਾਤਰਾਂ	yaatraan:1	yatara:1	yataran:1
ਯਾਤਰਾਵਾਂ	yaatraawaan:1	yaatravan:1	yatarava:1
ਯਾਤਰੀ	yaatree:2	yaatri:1	yataree:1
ਯਾਤਰੀਆਂ	yaatreeaan:1	yaatreean:1	yataria:1
ਯਾਤਾਯਾਤ	yaataayaat:1	yatayaat:1	yatayat:1
ਯਾਤ੍ਰਾ	yaatraa:1	yataraa:1	yatraa:1
ਯਾਦ	yaad:2	yad:1
ਯਾਦਗਰ	yaadgaar:1	yaadgar:1	yadgar:1
ਯਾਦਗਾਰ	yaadgaar:3	yadgar:1
ਯਾਦਗਾਰਾਂ	yaadgara:1	yaadgaran:1	yaagaaraan:1
ਯਾਦਗਾਰੀ	yaadgaaree:2	yaadgaari:1	yaadgaree:1
ਯਾਦਵ	yaadav:3	yadav:2	yaadaav:1	yaadaaw:1
ਯਾਦਵਿੰਦਰ	yaadvindar:1	yaadvinder:1	yaadwindar:1
ਯਾਦਵਿੰਦਰਾ	yaadvidraa:1	yaadvindaraa:1	yaadvindera:1
ਯਾਦਾ	yaadaa:3
ਯਾਦਾਂ	yaadaan:2	yada:1
ਯਾਦਾਸ਼ਤ	yaadaashat:1	yaadaasht:1	yaadashat:1	yadashat:1
ਯਾਨ	yaan:3
ਯਾਨਿ	yaani:3
ਯਾਨੀ	yaanee:2	yaani:2
ਯਾਫਤਾ	yaaftaa:1	yaaphataa:1	yafata:1
ਯਾਫ਼ਤਾ	yaafata:2	yaaftaa:1
ਯਾਮਿਨੀ	yaaminee:1	yaamini:1	yamini:1
ਯਾਮੀ	yaamee:2	yaami:1
ਯਾਰ	yaar:7	yar:2	yara:1
ਯਾਰਕ	yaark:1	yarak:1	yark:1
ਯਾਰਕਰ	yaarkar:1	yarkar:1	yarker:1	yorker:1
ਯਾਰਡ	yaaraad:1	yaarad:1	yaard:1	yarada:1
ਯਾਰਾ	yaara:1	yaaraa:1	yara:1
ਯਾਰਾਂ	yaaraan:1	yaraan:1	yaran:1
ਯਾਰੀ	yaari:2	yaaree:1	yari:1
ਯਾਰੋ	yaaro:2	yaro:1
ਯਾਰ੍ਕ	yark:2	yaark:1	yarak:1	yarc:1
ਯਾਰੜੇ	yaarade:1	yaararhe:1	yaarde:1	yaarrhe:1
ਯਾਸਮੀਨ	yasmin:2	yaasmeen:1	yashmin:1	yasmeen:1
ਯਾਸਿਰ	yasir:2	yaasir:1
ਯਾਹੀਆ	yaaheeaa:2	yaahiaa:1	yahia:1
ਯਾਹੂ	yahoo:3	yaahoo:2	yaahuu:1	yahu:1
ਯਿਨ	yin:4	yinn:1
ਯਿਸ਼ੂ	yishu:2	yeshu:1	yishoo:1
ਯਿਸੂ	yisu:2	yesu:1	yisoo:1
ਯੀਅਰ	yiar:3	year:1	yeear:1
ਯੀਟਸ	yitas:2	yeets:1	yetas:1
ਯੀਸ਼ੁ	yishu:2	yeeshoo:1	yeshu:1
ਯੀਸ਼ੂ	yishu:2	yeeshoo:1	yeshu:1
ਯੀਸੂ	yisu:2	yesu:1	yisoo:1
ਯੁਕਤ	yukat:3
ਯੁਕਤਾ	yukata:1	yukta:1	yuktaa:1
ਯੁਕਤੀਆਂ	yuktiaan:2	yukatiyan:1	yukteeaan:1
ਯੁਕਰੇਨ	ukraine:2	yukren:1
ਯੁਕਾਵਾ	yukawa:2	yukaawaa:1	yukava:1
ਯੁਕਿਲਡਨ	ukiladan:1	ukildan:1	yukiladdan:1
ਯੁਗ	yug:3
ਯੁਗਤਾਂ	yugtaan:2	yugtan:1
ਯੁਗਾਂ	yugaan:2	yugan:1
ਯੁਗਾਂਡਾ	yuganda:2	ugaanda:1	uganda:1
ਯੁਧ	yudh:3
ਯੁਧਿਸ਼ਠਰ	yudhishathar:1	yudhishthir:1	yudhithar:1
ਯੁਨਾਨੀ	yunani:2	unani:1	yunaani:1
ਯੁਨੇਸਕੋ	unesco:3	yunesko:1
ਯੁਨੈਸਕੋ	unesco:3	yunesko:1
ਯੁਰੇਨੀਅਮ	uranium:2	european:1	yureneeam:1
ਯੁਰੋਪ	europe:3	yurop:1
ਯੁਵਕ	yuvak:3
ਯੁਵਤੀ	yuvatee:1	yuvati:1	yuvtee:1	yuvti:1
ਯੁਵਰਾਜ	yuvraj:4	yuvraaj:3	yuvaraaj:1	yuwaraaj:1
ਯੁਵਾ	yuva:2	yuvaa:2
ਯੁਹੰਨਾ	yuhanna:2	yuhanaa:1
ਯੁੰਗ	yung:3
ਯੁੱਗ	yug:2	yugg:2	yuga:1
ਯੁੱਗਾਂ	yugaan:2	yugan:1	yuggaan:1
ਯੁੱਧ	yudh:3
ਯੁੱਧਵੀਰ	yudhveer:2	yuddhveer:1
ਯੁੱਧਾਂ	yudhan:2	yudhaan:1
ਯੂ	u:3	you:3	yu:1
ਯੂਅਰ	yor:1	your:1	youur:1
ਯੂਏਈ	uae:2	uaiee:1	yueii:1
ਯੂਐਸ	us:5	uaas:2	yuaas:2	yues:1
ਯੂਐਸਏ	usa:3	yuaase:1
ਯੂਕਰੇਨ	ukraine:2	ukrain:1	yoocrane:1	yukren:1
ਯੂਕਰੇਨੀ	ukraine:1	ukraini:1	yucranee:1	yucreni:1
ਯੂਕੋਨ	euckon:1	euckoon:1	eucqon:1	eukon:1
ਯੂਕ੍ਰੇਨ	ukraine:3	youkren:1
ਯੂਗਾਂਡਾ	uganda:3	ugaanddaa:1	yougaandaa:1
ਯੂਗੋਸਲਾਵੀਆ	yugoslavia:4	ugoslavia:1	yagoslaavia:1	yagoslavia:1
ਯੂਜਰ	user:3	yoojar:1
ਯੂਜੀਨ	yoojeen:2	ujean:1	yujeen:1	yujin:1
ਯੂਜੀਸੀ	yoojeesi:1	yoojici:1	yujeesee:1
ਯੂਟਾ	uttaa:1	yoota:1	yootta:1	yuta:1
ਯੂਟਿਊਬ	yootioob:2	youtube:2
ਯੂਟੀਊਬ	youtube:2	utioob:1	yooteeoob:1	yuteeoob:1
ਯੂਟੂਬ	yootoob:2	youtube:1
ਯੂਟੋਪੀਆ	uthopia:1	utopia:1	yoothopeeaa:1	yootopeeaa:1
ਯੂਥ	yooth:2	youth:2
ਯੂਨਸ	yoonas:3	yunas:2	yanas:1	yoonus:1
ਯੂਨਾਇਟਡ	yoonaaitad:2	unitad:1	united:1
ਯੂਨਾਇਟੇਡ	united:2	yoonaaited:1	yoonaaittedd:1
ਯੂਨਾਈਟਡ	united:1	yoonaaeetad:1	yoonaaeettadd:1
ਯੂਨਾਈਟੇਡ	yoonaaeeted:2	united:1
ਯੂਨਾਨ	yoonaan:2	unaan:1	yunan:1
ਯੂਨਾਨੀ	unaani:1	yoonaanee:1	yoonaani:1	yunani:1
ਯੂਨਾਨੀਆਂ	yoonaaneeaan:1	yunaaneeaan:1	yunaaniaan:1	yunaniaan:1
ਯੂਨਿਟਾਂ	yoonitaan:2	unitan:1	younitaan:1	yunitaan:1
ਯੂਨਿਵਰਸਿਟੀ	university:2	yoonivarcitee:1	yoonivarsiti:1
ਯੂਨੀਕੋਡ	unicode:2	yooneecodd:1	yooneekod:1
ਯੂਨੀਵਰਸਿਟੀਆਂ	yooneevarsiteeaan:4	universitiaan:3	universtiaan:1
ਯੂਨੀਸਟਾਰ	unistar:2	yooneestaar:1	yooneestar:1
ਯੂਨੇਸਕੋ	unesako:1	unesco:1	yoonesako:1	yoonesko:1
ਯੂਨੈਸਕੋ	unisoku:1	yoonaesko:1	yoonaisako:1
ਯੂਪੀ	up:2	yoopee:2
ਯੂਰਪ	yoorap:2	europe:1	yurp:1
ਯੂਰਪੀ	yoorapi:2	yoorapee:1	yurapee:1	yurapi:1
ਯੂਰੇਨੀਅਮ	uranium:2	yooreneeam:1	yoorenium:1	yureneeaam:1
ਯੂਰੇਸ਼ੀਆ	eeurasia:1	eeurusia:1	eurashia:1	eurasia:1
ਯੂਰੋ	yooro:2	yuro:2	euro:1	euroo:1
ਯੂਰੋਪ	yoorop:2	europ:1	europe:1	yurop:1
ਯੂਰੋਪੀ	yooropee:2	europi:1	yuropi:1
ਯੂਵੀ	yoovee:2	uv:1	yoovi:1	yuvi:1
ਯੂਸਫ	yusaf:3	yoosaf:2	yoosuf:2	yusuf:2
ਯੂਸਫਜ਼ਈ	yoosafzaee:1	yousafzai:1	yusafzai:1	yusphazaee:1
ਯੂਸਫ਼	yusaf:3	yoosaf:1
ਯੂਸੁਫ਼	yusuf:3	yoosuf:1
ਯੂਹਨਾ	yoohana:1	yoohnaa:1	yuhana:1	yuhanaa:1
ਯੂੰ	yoon:2	yun:2
ਯੇ	ye:3	yeh:1
ਯੇਨ	yen:4	yain:1	yan:1	yeen:1
ਯੇਰੂਸ਼ਲਮ	yerushalam:2	yerooshalam:1	yerooshalm:1
ਯੇਸੂ	yesoo:2	yesu:2
ਯੈੱਸ	yes:2	yaiss:1	yess:1
ਯੋਗ	yog:7
ਯੋਗਤਾ	yogata:2	yogta:1
ਯੋਗਤਾਵਾਂ	yogataavan:1	yogtaavaan:1	yogtavan:1
ਯੋਗਦਾਨ	yogdaan:3	yogdan:1
ਯੋਗਦਾਨਾਂ	yogadaanan:1	yogdaana:1	yogdaanaan:1
ਯੋਗਰਾਜ	yograaj:3
ਯੋਗਾ	yoga:4	yogaa:1	yooga:1
ਯੋਗਾਂ	yogan:2	yogaan:1
ਯੋਗਿਕ	yogik:3
ਯੋਗਿਤਾ	yogita:2	yogeta:1
ਯੋਗੀ	yogi:4	yogee:1	yogii:1
ਯੋਗੀਆਂ	yogeeaan:1	yogian:1	yogiyan:1
ਯੋਗੇਸ਼	yogesh:3
ਯੋਜਕ	yojak:4
ਯੋਜਨ	yojan:3
ਯੋਜਨਾ	yojna:5
ਯੋਜਨਾਂ	yojanna:1	yojnaan:1	yojnna:1
ਯੋਜਨਾਕਾਰ	yojnakar:2	yojnaakaar:1	yojnakaar:1
ਯੋਜਨਾਬੰਦੀ	yojnabandi:3	yojnaaandee:1	yojnaabandi:1
ਯੋਜਨਾਬੱਧ	yojnaabadhdh:1	yojnabaddh:1	yojnabadh:1
ਯੋਜਨਾਵਾਂ	yojnavan:3	yojnaavaan:1
ਯੋਧਾ	yodha:3
ਯੋਧਿਆਂ	yodhiaan:4	yodheyan:2
ਯੋਧੇ	yodhe:3
ਯੋਨ	yon:3
ਯੋਨੀ	yoni:3	yonee:1	yonni:1
ਯੋਰਪੀਅਨ	yorpeean:1	yorpeeyan:1	yorpiyan:1
ਯੋਸ਼ੀ	ioashi:1	ioshi:1	jooshi:1	joshhi:1
ਯੌਨ	yaun:2	youn:1
ਯੰਗ	yang:2	young:2
ਯੰਤਰ	yantar:3	yanter:1
ਯੰਤਰਾਂ	yantran:2	yantraan:1
ਯੱਕਾ	yakka:3	aakaa:1	aka:1	aqa:1
ਯੱਗ	yagg:2	yug:1
ਰਈ	rai:2	raee:1	rayyi:1
ਰਈਸ	raees:1	raim:1	rayees:1
ਰਕਤ	rakat:2	rakt:1
ਰਕਤਾਣੂਆਂ	rakataanooan:1	rakatanuan:1	raktanuyan:1
ਰਕਬਾ	rakaba:1	rakabaa:1	rakba:1	raqabaa:1
ਰਕਬੇ	rakbe:3	raqabe:1
ਰਕਮ	rakam:3	raqam:1
ਰਕਸ਼ਾ	raksha:2	rakashaa:1
ਰਕਾਬ	rakaab:2	raqaab:1	rkaab:1
ਰਕੀਬ	rakeeb:3	rakib:1	raqeeb:1
ਰਖ	rakh:6	reach:1	rech:1	rich:1
ਰਖਕੇ	rakhake:2	rakhke:1
ਰਖਣ	rakhan:2	rakhann:1
ਰਖਦਾ	rakhada:1	rakhda:1	rakhdaa:1
ਰਖਦਿਆਂ	rakhdiaan:2	rakhadian:1
ਰਖਦੀ	rakhadi:1	rakhdee:1	rakhdi:1
ਰਖਦੇ	rakhde:2	rakhade:1
ਰਖਵਾ	rakhava:1	rakhva:1	rakhwaa:1
ਰਖਵਾਇਆ	rakhvayia:2	rakhwaaiaa:2	rakhawaaiaa:1	rakhwaaeaa:1
ਰਖਵਾਈ	rakhwaaee:2	rakhvayi:1
ਰਖਵਾਲਾ	rakhavala:1	rakhawaalaa:1	rakhwaalaa:1
ਰਖਵਾਲੀ	rakhwaalee:2	rakhvali:1	rakhwaali:1
ਰਖਾਓ	rakhaao:1	rakhau:1	rthaao:1
ਰਖਾਵ	rakhaav:2	rakhaaw:1
ਰਖਿਅਕ	rakhiak:3
ਰਖਿਆ	rakhiaa:7
ਰਖੀ	rakhi:8	rakhee:2
ਰਖੀਆਂ	rakheeaan:2	rakhiaan:1
ਰਖੇ	rakhe:5
ਰਖੇਲ	rakhel:3
ਰਖੇਲਾਂ	rakhelan:2	rakhelaan:1
ਰਗ	rag:3
ਰਗਬੀ	rgbi:1	rgby:1	rugbee:1	rugbi:1
ਰਗਾਂ	ragan:2	ragaa:1	ragaan:1
ਰਗੜ	ragad:4	ragar:1	ragarh:1
ਰਗੜਨ	ragdan:2	ragran:1	ragrhan:1
ਰਗੜਾਂ	ragadan:1	ragaran:1	ragrhaan:1
ਰਘਬੀਰ	raghbeer:3	raghbir:1
ਰਘੁਨਾਥ	raghunath:2	raghunaath:1
ਰਘੁਬੀਰ	raghubir:3	raghubeer:1
ਰਘੁਵੀਰ	raghuveer:2	raghuvir:1
ਰਘੂਨਾਥ	raghunath:3
ਰਘੂਰਾਮ	raghuram:2	raghuraam:1
ਰਚ	rach:6
ਰਚਣ	rachan:2	rachn:1
ਰਚਣਹਾਰ	rachanahaar:1	rachanhaar:1	rachanhar:1
ਰਚਣਹਾਰੇ	rachanahaare:1	rachanhaare:1	rachanhare:1
ਰਚਦਾ	rachda:2	rachada:1
ਰਚਦੀ	rachdi:2	rachadi:1
ਰਚਦੇ	rachde:2	rachade:1
ਰਚਨਹਾਰ	rachanhaar:2	rachanahaar:1
ਰਚਨਹਾਰੇ	rachanhaare:2	rachanahaare:1
ਰਚਨਾ	rachna:5	rachana:1
ਰਚਨਾਂਵਾਂ	rachnaanvaan:1	rachnanvan:1	rachnavan:1
ਰਚਨਾਕਾਰ	rachnakar:2	rachnaakaar:1
ਰਚਨਾਕਾਰਾਂ	rachnakaran:2	rachnaakaaraan:1
ਰਚਨਾਤਮਕ	rachnatmak:2	rachnaatamak:1
ਰਚਨਾਤਮਿਕ	rachnaatamik:1	rachnaatmik:1	rachnatmik:1
ਰਚਨਾਤਮਿਕਤਾ	rachnatmikta:2	rachnaatamikta:1
ਰਚਨਾਵਲੀ	rachnavali:2	rachnaavali:1
ਰਚਨਾਵਾ	rachnava:2	rachnaava:1
ਰਚਨਾਵਾਂ	rachnavan:2	rachnaavaan:1
ਰਚਮਿਚ	rachmich:3
ਰਚਾ	racha:5	rachaa:1
ਰਚਾਇਆ	rachaaiaa:1	rachaiaa:1	rachayea:1
ਰਚਾਉਂਦਾ	rachaunda:2	rachaaunda:1
ਰਚਾਉਂਦੀ	rachaundi:2	rachaaundi:1
ਰਚਾਉਂਦੇ	rachaunde:2	rachaaunde:1
ਰਚਾਉਣ	rachaun:2	rachaaun:1
ਰਚਿਆ	rachiaa:2	racheya:1
ਰਚਿਤ	rachit:3
ਰਚੀ	rachi:3	rachee:1
ਰਚੀਆ	rachiaa:1	rachian:1	rachiya:1
ਰਚੀਆਂ	rachiaan:1	rachian:1	rachiyan:1
ਰਚੇ	rache:3
ਰਚੈਤਾ	rachaita:2	rachaeta:1	racheta:1
ਰਜ	raj:5	rajj:1
ਰਜਤ	rajat:5
ਰਜਨੀ	rajni:6
ਰਜਨੀਕਾਂਤ	rajnikant:4	rajinikanth:2
ਰਜਨੀਸ਼	rajneesh:4	rajnish:1
ਰਜਬ	rajab:3
ਰਜਵਾੜਾ	rajavarha:1	rajwada:1	rajwarha:1
ਰਜਵਾੜਾਸ਼ਾਹੀ	rajavarhashahi:1	rajwadashahi:1	rajwarhashahi:1
ਰਜਵਾੜਿਆਂ	rajavarheyan:1	rajwadiaan:1	rajwarheyan:1
ਰਜ਼ਾ	raza:3	raeza:1	raezaa:1	rajaa:1
ਰਜ਼ਾਕ	razaak:2	razak:1
ਰਜ਼ੀਆ	razia:1	raziaa:1	raziya:1
ਰਜਾ	raja:4	rajaa:2
ਰਜਾਈ	rajaayi:3	rajaai:2	rajai:2	rajayi:2
ਰਜਾਈਆਂ	rajaiaan:1	rajayian:1	rajayiyan:1
ਰਜਿ	raj:1	raje:1	rje:1	rjj:1
ਰਜਿਆ	rajeya:1	rajia:1	rajiaa:1	rajiya:1
ਰਜਿਸਟਰਾਰ	rajisatarar:1	rajistarar:1	rajistrar:1
ਰਜਿਸਟ੍ਰੇਸ਼ਨ	registration:8	rajisatrashan:1	rajistreshan:1
ਰਜਿੰਦਰ	rajinder:2	rajendar:1
ਰਜਿੰਦਰਪਾਲ	rajinderpal:2	rajindarapal:1
ਰਜਿੰਦਰਾ	rajindra:2	rajindara:1
ਰਜੀਆ	rajia:2	rajiya:1	rajjiaa:1
ਰਜੇਸ਼	rajesh:3
ਰਜੋ	rajo:2	rjo:1
ਰਣ	rann:5	ran:4	run:2
ਰਣਜੀ	ranji:3	ranjee:1
ਰਣਜੀਤ	ranjeet:4	ranjit:3
ਰਣਜੋਧ	ranjodh:3
ਰਣਦੀਪ	randeep:3
ਰਣਧੀਰ	randhir:3	randheer:1	randir:1
ਰਣਨੀਤਕ	rannitak:2	rananitak:1
ਰਣਨੀਤੀ	ranneeti:3	rananiti:1	ranniti:1
ਰਣਨੀਤੀਆਂ	rananitiyan:1	rannitiaan:1	rannitian:1	rannitiyaan:1
ਰਣਬੀਰ	ranbir:4	ranabir:1	ranbeer:1
ਰਣਭੂਮੀ	ranbhumi:2	ranabhumi:1	ranbumi:1
ਰਣਵੀਰ	ranveer:5	ranvir:2	ranvear:1	ranviir:1
ਰਣਾਵਤ	ranavat:3	ranawat:1
ਰਤਨ	ratan:6	retan:2	ratna:1	rattan:1
ਰਤਨਮ	ratnam:2	ratanam:1
ਰਤਨਾ	ratna:3	ratana:1
ਰਤਨਾਕਰ	ratnakar:2	ratanakar:1
ਰਤਨਾਗਿਰੀ	ratnagiri:2	ratanagiri:1
ਰਤਨਾਵਲੀ	ratnaavali:1	ratnaavli:1	ratnawali:1
ਰਤਾ	rata:2	rataa:1
ਰਤੀ	ratee:2	rati:1
ਰਥ	rath:2	rakh:1
ਰਦ	rad:3
ਰਦੀਫ਼	radeef:3	radif:1
ਰਨ	run:9	ran:7	rana:1
ਰਨਰ	ranar:1	raner:1	runar:1	runer:1
ਰਪਟ	rapat:3
ਰਫਤਾਰ	rafatar:1	raftaat:1	raftar:1	raphtaar:1
ਰਫ਼ਤਾਰ	raftaar:3	raftar:1
ਰਫ਼ੀ	rafee:2	raffi:1
ਰਫ਼ੀਕ	rafeek:2	rafiq:1
ਰਫਿਊਜੀ	rafeeoojee:1	rafeeujee:1	rafiujee:1	rafiuji:1
ਰਫਿਊਜੀਆਂ	rafeeujeean:1	rafiujian:1	refeugian:1
ਰਫੀ	rafi:3	raphee:1	raphi:1
ਰਫੀਕ	rafeek:2	rafiq:1	rapheek:1
ਰਬ	rab:6	raba:1	rabb:1
ਰਬਾਨੀ	rabaanee:1	rabani:1	rbaani:1
ਰਬਾਬ	rabaab:3
ਰਬਾਬੀ	rabaabee:1	rabaabi:1	rababi:1
ਰਬਾਬੀਆਂ	rabaabeean:1	rabaabian:1	rababian:1
ਰਬਿੰਦਰ	rabinder:2	rbinder:1
ਰਬਿੰਦਰਨਾਥ	rabindernath:2	rabindarnaath:1
ਰਬੀ	rabi:3	rabee:2
ਰਬੜ	rabad:2	rabar:1	rabarh:1	rubar:1
ਰਮ	ram:4	rum:4
ਰਮਜ਼	ramaz:3
ਰਮਜ਼ਾਨ	ramazaan:1	ramzaan:1	ramzan:1
ਰਮਜਾਂ	ramajan:1	ramjaan:1	ramjan:1
ਰਮਜਾਨ	ramjaan:2	ramajaan:1
ਰਮਣੀਕ	ramnik:2	ramanik:1	ramneek:1
ਰਮਤਾ	ramta:3	ramata:1
ਰਮਨ	raman:5	ramann:2	ramana:1
ਰਮਨਦੀਪ	ramandeep:3	ramandip:1
ਰਮਨਾ	ramana:2	ramna:1
ਰਮਲ	ramal:3
ਰਮਾ	rama:4	ram:1
ਰਮਾਇਣ	ramayan:1	ramayen:1	ramayin:1
ਰਮਿਆ	rameya:1	ramia:1	ramiaa:1
ਰਮੇਸ਼	ramesh:8	rameesh:1	rames:1	rameshh:1
ਰਲ	ral:3
ਰਲਕੇ	ralke:2	ralake:1
ਰਲਗਡ	ralagadd:1	ralgad:1	ralgadd:1
ਰਲਗੱਡ	ralgadd:2	ralagadd:1
ਰਲਣ	ralan:2	ralann:1
ਰਲਦਾ	ralada:2	ralda:1
ਰਲਦੇ	ralde:2	ralade:1
ਰਲਵਾਂ	ralvan:2	ralavan:1	ralwaan:1
ਰਲਵੇਂ	ralven:2	ralavein:1	ralwen:1
ਰਲ਼	ral:3
ਰਲ਼ਕੇ	ralke:2	ralake:1
ਰਲ਼ੇ	rale:2	rle:1
ਰਲਾ	rala:3
ਰਲਾਅ	ralaa:3	ralay:1
ਰਲਾਈਆਂ	ralaayian:1	ralaiaan:1	ralayiyan:1
ਰਲਾਵਟ	ralavat:2	ralaavat:1	ralaawat:1
ਰਲਿਆ	raliaa:2	ralya:1
ਰਲੀ	rali:2	ralee:1
ਰਲੀਆਂ	raliaan:2	raleean:1
ਰਲੇ	rale:3
ਰਵਈਆ	raveeaa:1	rvaiaa:1	rwaiaa:1
ਰਵਈਏ	raveeae:1	rawaiae:1	rvie:1
ਰਵਾ	ravaa:1	rva:1	rwa:1
ਰਵਾਂ	ravaan:1	ravan:1	rwaan:1
ਰਵਾਂਡਾ	ravaanda:1	ravandaa:1	rwaandde:1
ਰਵਾਂਹ	ravaanh:1	ravanh:1	rwaanh:1
ਰਵਾਇਤਾਂ	ravaaitan:1	ravaitaan:1	rvaitan:1
ਰਵਾਇਤੀ	ravaaitee:1	rvaiti:1	rwaaitee:1
ਰਵਾਜ	ravaaz:1	rawaaj:1	rvaj:1	rwaaj:1
ਰਵਾਜ਼	rawaaz:2	rvaz:1
ਰਵਾਨਗੀ	ravaanagee:1	ravaangi:1	rwaangi:1
ਰਵਾਨਾ	ravaana:1	ravaanaa:1	ravana:1	rvaana:1
ਰਵਾਨੀ	ravaanee:1	ravaani:1	ravani:1	rvaani:1
ਰਵਾਲਸਰ	ravaalsar:2	rvaalsar:1
ਰਵਿਦਾਸ	ravidaas:2	ravidas:1
ਰਵਿੰਦਰ	ravinder:4
ਰਵੀ	ravi:6	ravee:2	ravii:1	rawee:1
ਰਵੀਦਾਸ	ravidas:5	ravidaas:1	ravidass:1
ਰਵੀਸ਼ੰਕਰ	ravishankar:2	ravishanker:1
ਰਵੇ	rave:3
ਰਵੇਲ	ravel:3	rawel:1
ਰਸ	ras:8	rasa:1	rash:1	rasha:1
ਰਸਕਿਨ	raskin:3	reshkin:1	reskin:1	resqin:1
ਰਸਤਾ	rasta:5	rashta:1
ਰਸਤਿਆਂ	rastiaan:2	rasteyan:1
ਰਸਤੇ	raste:4
ਰਸਦਾਰ	rasdaar:3	rasdar:1
ਰਸਦੇ	rasde:3
ਰਸਮ	rasam:4
ਰਸਮਈ	rasamayi:1	rasmai:1	rasmayi:1
ਰਸਮਾਂ	rasman:3	rasaman:1
ਰਸਮੀ	rasmi:3	rasami:1
ਰਸਲ	russell:3	rasal:2	rusel:1	russel:1
ਰਸ਼ਦੀ	rashdi:2	rashadi:1	rusdee:1	rusdie:1
ਰਸ਼ਮੀ	rashmi:2	rashami:1
ਰਸ਼ੀਅਨ	russian:3	rashian:2	rashiyan:1
ਰਸ਼ੀਆ	russia:5	rashiya:2
ਰਸ਼ੀਦ	rasheed:3	rashid:2	raseed:1	rashheed:1
ਰਸਾਇਣ	rasayen:2	rasain:1
ਰਸਾਇਣਕ	rasayenak:3	rasaainak:1	rasainak:1	rasayinak:1
ਰਸਾਇਣਿਕ	rasayenik:2	rasaainik:1
ਰਸਾਲਦਾਰ	rasaldaar:2	rasaladaar:1	rasaldar:1
ਰਸਾਲਾ	rasala:3
ਰਸਾਲਿਆਂ	rasaleyan:2	rasaliaan:1
ਰਸਾਲੂ	rasalu:3	rasaloo:1
ਰਸਾਲੇ	rasale:3
ਰਸਾਵ	rasaav:2	rasav:2
ਰਸੀ	rasi:4	rasy:1
ਰਸੀਆ	rasiya:2	rasia:1
ਰਸੀਦ	raseed:3	rasid:1
ਰਸੀਦਾਂ	rasidan:3	raseedan:1
ਰਸੀਦੀ	rasidi:3	raseedi:1
ਰਸੀਲੇ	rasile:2	raseele:1
ਰਸੂਖ	rasookh:2	rasukh:1
ਰਸੂਲ	rasool:3	rasul:2	rashool:1
ਰਸੂਲਪੁਰ	rasoolpur:1	rasulapur:1	rasulpur:1
ਰਸੂਲਾਂ	rasulan:2	rasoolan:1
ਰਸੇਲ	rasel:2	rasale:1	rushshel:1	russeel:1
ਰਸੋਈ	rasoi:6	rasoyi:2
ਰਸੋਈਆਂ	rasoyian:2	rasoliaan:1	rasoyiyan:1
ਰਸੌਲੀਆਂ	rasauleeaan:1	rasauliaan:1	rasoulian:1	rasouliyan:1
ਰਹ	rah:4
ਰਹਤ	rahat:3
ਰਹਬਰ	rahbar:2	rahabar:1
ਰਹਮਾਨ	rahmaan:2	rahamaan:1	rahaman:1
ਰਹਸਵਾਦੀ	rahasvaadi:2	rahaswadi:1
ਰਹਾ	raha:9	rahaa:1
ਰਹਾਂ	rahan:3
ਰਹਾਂਗਾ	rahanga:3
ਰਹਾਂਗੇ	rahange:2	rahaange:1
ਰਹਾਇਸ਼	rahaayish:1	rahaish:1	rahayish:1
ਰਹਿ	rahi:5	reh:1
ਰਹਿਆ	rahiaa:2	raheya:1
ਰਹਿਕੇ	rahike:2	rehke:1
ਰਹਿਣ	rahin:6	rehan:1
ਰਹਿਣਗੀਆਂ	rahingeeaan:1	rahingiaan:1	rehngian:1
ਰਹਿਣਗੇ	rahinge:3	rehnge:1
ਰਹਿਣਾ	rahina:6	rehna:1
ਰਹਿਣੀ	rahini:4	rahinee:1	rehni:1
ਰਹਿਤ	rahit:3	rahet:1
ਰਹਿਤਨਾਮਾ	rahetanama:1	rahitnama:1	rehatnaama:1
ਰਹਿਤਨਾਮੇ	rahetaname:1	rahitnaame:1	rhitnaame:1
ਰਹਿਤਲ	rahetal:1	rahital:1	rhital:1
ਰਹਿਤਲਾਂ	rahetalan:1	rahitalan:1	rhitlaan:1
ਰਹਿਦਾ	raheda:1	rahida:1	rhidaa:1
ਰਹਿਦੇ	rahede:1	rahide:1	rhinde:1
ਰਹਿਨਾ	rahina:3	rahena:1	rahinaa:1
ਰਹਿਨੁਮਾ	rahenuma:1	rahinuma:1	rhinumaa:1
ਰਹਿਬਰ	rahibar:2	rahebar:1
ਰਹਿਮ	rahim:2	rahem:1	rhim:1
ਰਹਿਮਤ	rahimat:3	rahemat:1	rhimat:1
ਰਹਿਮਦਿਲ	rahemadil:1	rahimdil:1	rhimdil:1
ਰਹਿਮਾਨ	rahimaan:2	rahman:2	rahemaan:1	rahmaan:1
ਰਹਿਮੋ	rahimo:2	rhimo:1
ਰਹਿਰਾਸ	rahiraas:2	rahiras:2
ਰਹਿੰਦ	rahind:3	rhind:1
ਰਹਿੰਦਾ	rahinda:7	rahindaa:1	rhindaa:1
ਰਹਿੰਦਿਆਂ	rahindiaan:3
ਰਹਿੰਦੀ	rahindi:7	rahindee:2
ਰਹਿੰਦੀਆਂ	rahindeeaan:4	rahindiaan:3
ਰਹਿੰਦੇ	rahinde:6	rahinda:1	rhinde:1
ਰਹੀ	rahi:10	rahee:2
ਰਹੀਂ	raheen:3	rahin:1	rheen:1
ਰਹੀਆ	raheeaa:2	rahiaa:1
ਰਹੀਆਂ	raheeaan:3	rahiaan:3	rheeaan:1
ਰਹੀਮ	raheem:7	rahiim:1	rahim:1
ਰਹੁਰੀਤ	rahureet:1	rahurit:1	rhureet:1
ਰਹੇ	rahe:3
ਰਹੇਂ	rahen:2	rahein:1
ਰਹੇਗਾ	rahega:3	rahegaa:1
ਰਹੇਗੀ	rahegi:2	rahegee:1
ਰਹੋ	raho:3
ਰਹੋਗੇ	rahoge:3
ਰਹੱਸਵਾਦ	rahassvaad:1	rahassvad:1	rahasswaad:1	rahasswad:1
ਰਹੱਸਵਾਦੀ	rahassvaadi:2	rahasswadi:1
ਰਹੱਸਾਂ	rahassan:2	rahassaan:1
ਰਾ	raa:3	ra:2
ਰਾਂਗ	rang:2	raang:1	wrong:1
ਰਾਂਗੇ	range:3
ਰਾਂਚੀ	ranchi:6
ਰਾਂਝਾ	ranjha:4
ਰਾਂਝਾਂ	ranjhan:3	ranjha:1
ਰਾਂਝੇ	ranjhe:2	raanjhe:1
ਰਾਂਹੀ	raanhi:2	rahee:1	ranhee:1	ranhi:1
ਰਾਅ	raa:3	raay:1
ਰਾਇ	raai:3	rai:3	rae:2	rayi:1
ਰਾਇਕੋਟ	raikot:2	raekot:1	raiikot:1
ਰਾਇਟ	right:3	rite:1	ryt:1
ਰਾਇਟਰ	writer:3	raaiter:1	righter:1
ਰਾਇਟਸ	rights:2	rites:1	writes:1
ਰਾਇਡਰ	rider:3
ਰਾਇਤਾ	raaita:1	raita:1	rayita:1
ਰਾਇਤੇ	raaite:1	raite:1	rayite:1
ਰਾਇਲ	rayal:1	royaal:1	royal:1
ਰਾਇਲਟੀ	royaltee:1	royaltii:1	royalty:1
ਰਾਇਸਾ	raaisa:1	raeisa:1	raesa:1	raisa:1
ਰਾਈ	raai:5	raaee:1	rayi:1	rye:1
ਰਾਈਆਂ	raaiaan:1	raeeaan:1	rayin:1
ਰਾਈਡਰ	raaidaar:1	raaider:1	raidar:1	raidara:1
ਰਾਈਫ਼ਲ	raifal:1	rayifal:1	rifle:1
ਰਾਉ	raau:1	raou:1	rau:1
ਰਾਉਂਡ	raund:1	rond:1	round:1
ਰਾਉਤ	raaut:1	raout:1	raut:1
ਰਾਉਲ	raaul:1	raoul:1	raul:1
ਰਾਊ	raau:1	raooo:1	rauo:1
ਰਾਊਂਡ	round:3	raund:1
ਰਾਊਕੇ	raauke:1	raoooke:1	raouke:1	rauoke:1
ਰਾਏ	rai:6	raae:2	raai:1	raay:1
ਰਾਏਕੋਟ	raikot:4	raekot:1
ਰਾਏਗੜ੍ਹ	raigarh:2	raigadah:1	raigadh:1
ਰਾਏਪੁਰ	raipur:3	raepur:2	raaipur:1	raipoor:1
ਰਾਓ	rao:3	raao:1	raaoo:1	raau:1
ਰਾਕ	raak:5	rak:1	rock:1	rocq:1
ਰਾਕਟ	raket:1	rocket:1	roket:1
ਰਾਕਸ਼ਸ਼	rakshash:3
ਰਾਕਾ	raka:3	raaka:1
ਰਾਕੀ	raaki:3	raakee:1	raaky:1	racki:1
ਰਾਕੇਸ਼	rakesh:3
ਰਾਖ	raakh:10	rakh:1
ਰਾਖਵੀ	raakhavi:1	rakhavi:1	rakhvi:1
ਰਾਖਵੀਆਂ	raakhaveeaan:1	raakhviaan:1	rakhviyan:1
ਰਾਖਸ਼ਸ	rakhshas:2	raakhshas:1
ਰਾਖੀ	rakhi:4	raakhi:3	raakhee:2	rakhee:1
ਰਾਖੇ	rakhe:2	raakhe:1
ਰਾਖੇਲ	rakhel:2	raakhel:1
ਰਾਗ	raag:8	raagg:1	rag:1	raga:1
ਰਾਗਨੀ	raagni:2	raagani:1
ਰਾਗਨੀਆਂ	raaganeeaan:1	raaganiaan:1	raagniyan:1
ਰਾਗਾਂ	ragan:2	raagaan:1
ਰਾਗਿਨੀ	raagini:3	ragini:2	raagiinii:1	rageeni:1
ਰਾਗੀ	raagee:1	raagi:1	ragi:1
ਰਾਘਵ	raghav:2	raaghav:1
ਰਾਜ	raaj:10	raj:10	raaz:1	raz:1
ਰਾਜਕਾਜ	raajkaaj:1	rajkaj:1	rajkat:1
ਰਾਜਕਾਲ	raajkaal:2	rajkal:1
ਰਾਜਕੁਮਾਰ	raajkumaar:2	raajkumar:2	rajkumar:2
ਰਾਜਕੁਮਾਰੀ	raajkumaaree:1	raajkumaree:1	raajkumari:1	rajkumari:1
ਰਾਜਕੁਮਾਰੀਆਂ	raajkumaareean:1	raajkumaariaan:1	raajkumareeaan:1	rajkumariaan:1
ਰਾਜਕੋਟ	rajkot:4	raajkot:2	raajcoat:1
ਰਾਜਖੇਤਰ	raajkhetar:2	rakhetar:1
ਰਾਜਗੀਰੀ	raajgeeree:1	raajgiree:1	raajgiri:1	rajgiri:1
ਰਾਜਗੁਰੂ	raajguroo:2	raajguru:1	rajguru:1
ਰਾਜਗੜ੍ਹ	rajgarh:2	raajgadah:1	raajgadaha:1	raajgaddh:1
ਰਾਜਗੱਦੀ	raajgaddee:1	raajgaddi:1	rajgaddi:1
ਰਾਜਘਰ	raajghar:2	rajghar:1
ਰਾਜਘਾਟ	raajghaat:2	rajghat:1
ਰਾਜਤੰਤਰ	raajtantar:2	rajtantar:1
ਰਾਜਦ	raajad:2	rajad:1
ਰਾਜਦੂਤ	raajdoot:1	raajdut:1	rajdoot:1	rajdut:1
ਰਾਜਧਾਨੀ	raajdhaanee:2	raajdhaani:1	raajdhani:1	rajdhani:1
ਰਾਜਧਾਨੀਆਂ	raajdhaaneeaan:1	raajdhaaniaan:1	raajdhaneean:1	rajdhaniaan:1
ਰਾਜਧ੍ਰੋਹ	raajadhroh:1	raajdroh:1	rajproh:1
ਰਾਜਨ	raajan:2	rajan:1
ਰਾਜਨੀਤਿਕ	raajneetik:1	raajnitak:1	rajnitik:1
ਰਾਜਨੀਤੀ	raajneeti:10	raajneetee:1	raajniti:1	rajneeti:1
ਰਾਜਨੀਤੀਕ	raajneeteek:1	raajneetik:1	raajnitik:1	rajneetik:1
ਰਾਜਨੀਤੀਵਾਨ	raajneeteewaan:1	raajnitivaan:1	rajneetiwan:1	rajnitivan:1
ਰਾਜਨੇਤਾ	rajneta:2	raajnetaa:1
ਰਾਜਨੇਤਾਵਾਂ	rajnetavan:2	raajnetaavaan:1	raajnetaawaan:1	rajnetawan:1
ਰਾਜਨੈਤਿਕ	rajnaitik:2	raajnaitik:1	raajnetik:1
ਰਾਜਪਥ	rajpath:2	raajpath:1
ਰਾਜਪਾਲ	rajpal:3	raajpaal:1
ਰਾਜਪੁਰਾ	rajpura:3	raajpuraa:1
ਰਾਜਪੂਤ	raajpoot:2	rajput:2	rajpoot:1	ratput:1
ਰਾਜਪੂਤਾਂ	rajputan:2	raajpootaan:1	raajputaan:1
ਰਾਜਪੂਤਾਨੇ	raajpootaane:1	raajputaane:1	rajputaane:1	rajputane:1
ਰਾਜਬੀਰ	rajbeer:2	raajbeer:1	rajbir:1
ਰਾਜਭਾਗ	raajbhaag:1	raajbhav:1	rajbhag:1
ਰਾਜਭਾਸ਼ਾ	rajbhasha:2	raajbhaashaa:1
ਰਾਜਮਹਲ	raajmahal:3	rajmahal:1
ਰਾਜਮਾਰਗ	raajmaarg:1	rajmaarag:1	rajmarg:1
ਰਾਜਵਰਧਨ	rajvardhan:2	raajwardhan:1
ਰਾਜਵਿੰਦਰ	rajvinder:2	raajwindar:1
ਰਾਜਵੀਰ	rajveer:2	raajveer:1
ਰਾਜਵੰਤ	rajvant:2	raajwant:1
ਰਾਜਵੰਸ਼	raajvansh:1	raajwansh:1	rajvansh:1	ranvansh:1
ਰਾਜਵੰਸ਼ੀ	rajvanshi:2	raajvanshi:1	raajwanshee:1
ਰਾਜਸਥਾਨ	rajasthan:3	raajaasthaan:1	raajaasthaanaa:1	raajasthaan:1
ਰਾਜਸਥਾਨੀ	rajasthani:2	raajasthaanee:1
ਰਾਜਸਮੰਦ	rajasmand:2	raajasmand:1
ਰਾਜਸ਼ਾਹੀ	raajshaahee:1	raajshahi:1	rajshahi:1
ਰਾਜਸ਼੍ਰੀ	raajshree:1	raajshri:1	rajshree:1
ਰਾਜਸੀ	raajasee:1	raajsi:1	rajasi:1
ਰਾਜਸੱਤਾ	rajsatta:2	raajsatta:1
ਰਾਜ਼	raaz:3
ਰਾਜ਼ਦਾਨ	raazdaan:2	razdan:1
ਰਾਜ਼ਸੀ	raazasee:1	raazasi:1	raazsi:1
ਰਾਜ਼ੀ	raazi:3	raazee:1	razi:1
ਰਾਜਾ	raja:4	raajaa:2	raaja:1	rajaa:1
ਰਾਜਾਂ	rajan:2	raajaan:1	raja:1
ਰਾਜਾਤਾਲ	raajaataal:1	rajataal:1	rajatal:1
ਰਾਜਾਵਾਂ	raajaavaan:1	raajaawaan:1	rajava:1	rajavan:1
ਰਾਜਿਆਂ	raajiaan:1	raajian:1	rajean:1	rajiaan:1
ਰਾਜਿਸਥਾਨ	raajisthaan:1	rajasthan:1	rajisthan:1
ਰਾਜਿੰਦਰ	rajinder:2	raaijadar:1	raajindar:1	rajendar:1
ਰਾਜਿੰਦਰਾ	rajindera:2	raajindraa:1	rajindra:1
ਰਾਜੀ	raaji:3	raajee:1	raji:1
ਰਾਜੀਵ	rajiv:5	rajeev:3	raajeev:2	raajiv:1
ਰਾਜੂ	raju:10	raajoo:2	raaju:2	raajuu:1
ਰਾਜੇ	raje:2	raaje:1
ਰਾਜੇਂਦਰ	raajendar:1	rajendar:1	rajender:1
ਰਾਜੇਆਣਾ	rajeana:2	raajeaannaa:1
ਰਾਜੇਸ਼	rajesh:3	raajesh:2	raajeesh:1	raajes:1
ਰਾਜੇਸ਼ਵਰੀ	rajeshwari:2	raajeshwaree:1	raajeshwari:1
ਰਾਜੋਆਣਾ	raajoaannaa:1	rajoaana:1	rajoana:1
ਰਾਠੌਰ	rathaur:2	raatthor:1	rathor:1
ਰਾਡ	raad:2	raadd:1
ਰਾਡਾਰ	radar:2	raadar:1	raaddaar:1	radaar:1
ਰਾਡੀਆ	radia:2	raaddeeaa:1	raaddiaa:1	raadeea:1
ਰਾਣਾ	rana:4	raana:1	raanaa:1	raannaa:1
ਰਾਣਾਵਤ	raanaavat:1	raannaawat:1	ranavat:1
ਰਾਣਿਆਂ	raaniaan:1	raanniaan:1	rania:1
ਰਾਣੀ	rani:3	raani:1	raanii:1	raannee:1
ਰਾਣੀਆ	raaneea:1	raanneeaa:1	raanniaan:1	raneea:1
ਰਾਣੀਆਂ	raanneeaan:1	rania:1	ranian:1	raniyan:1
ਰਾਣੀਏ	ranie:2	raanneeaa:1	raanniae:1	raniye:1
ਰਾਣੀਪੁਰ	ranipur:3
ਰਾਣੇ	rane:2	raane:1
ਰਾਣੈ	ranai:2	ranae:1	rane:1
ਰਾਣੋ	rano:3
ਰਾਤ	raat:6	rat:2
ਰਾਤਰੀ	ratri:2	raatree:1	raatri:1	ratree:1
ਰਾਤਾਂ	ratan:2	raata:1	raatan:1
ਰਾਤੀ	rati:3	raati:1
ਰਾਤੀਂ	ratin:2	rantin:1	ratee:1
ਰਾਧਾ	radha:5	raadha:1	radhaa:1
ਰਾਧਾਕ੍ਰਿਸ਼ਣਨ	radhakrishnan:2	radhakrishanan:1	radhakrishnn:1
ਰਾਧਿਕਾ	radhika:3	raaidhaka:1	riyadhka:1
ਰਾਨੀ	rani:4	ranee:1
ਰਾਫਟਿੰਗ	raafting:2	rafting:2
ਰਾਫੇਲ	rafel:2	raafel:1	rafael:1	rafail:1
ਰਾਬਰਟ	rabart:2	rabarat:1	rabert:1	robaart:1
ਰਾਬਰਟਸ	rabarts:2	rabaratas:1	raberts:1	robarts:1
ਰਾਬਿਨਸਨ	rabinson:2	rabinasan:1	rabinsan:1	robinson:1
ਰਾਬਿੰਦਰ	rabindar:2	rabinder:2
ਰਾਬਿੰਦਰਨਾਥ	rabindarnath:2	rabindernath:2
ਰਾਮ	ram:10	raam:3	raama:1	rama:1
ਰਾਮਕਲੀ	ramkali:2	raamkali:1	ramakalee:1	ramkalee:1
ਰਾਮਕਿਸ਼ਨ	ramkishan:2	raamkishan:1	ramakishan:1
ਰਾਮਕ੍ਰਿਸ਼ਨ	ramkrishan:3
ਰਾਮਗੜੀਆ	ramgarhia:1	ramgarhiya:1	ramgarria:1
ਰਾਮਗੜ੍ਹ	ramgarh:2	ramgarrh:1
ਰਾਮਗੜ੍ਹੀਆ	ramgarhia:1	ramgarhiya:1	ramgarrhiaa:1
ਰਾਮਚੰਦਰ	ramchandar:1	ramchander:1	ramchandra:1
ਰਾਮਜੀ	ramji:3
ਰਾਮਤੀਰਥ	ramtirath:3	ramteerath:1
ਰਾਮਦਾਸ	ramdas:2	ramdaas:1
ਰਾਮਦਾਸੀਆਂ	ramdasiyan:2	ramdasiaan:1	ramdasian:1
ਰਾਮਦੇਵ	ramdev:4	ramdew:2	raamdeev:1	raamdev:1
ਰਾਮਧਾਰੀ	ramdhari:3
ਰਾਮਨਗਰ	ramnagar:3
ਰਾਮਨਾਥ	ramnath:2	ramanath:1
ਰਾਮਪਾਲ	rampal:3	rampaal:1
ਰਾਮਪੁਰ	rampur:4	raampoor:1	raampur:1	rampoor:1
ਰਾਮਪੁਰਾ	rampura:4
ਰਾਮਪੁਰੀ	rampuri:3
ਰਾਮਪ੍ਰਸਾਦ	ramprasad:3	ramparsad:1
ਰਾਮਮੋਹਨ	rammohan:2	ramamohan:1
ਰਾਮਲਾਲ	ramlal:3
ਰਾਮਲੀਲਾ	ramlila:2	ramleela:1
ਰਾਮਸਰ	ramsar:3	raamsar:1
ਰਾਮਸੇ	ramse:3	raamse:1	ramsae:1	ramsay:1
ਰਾਮਾ	rama:3
ਰਾਮਾਇਣ	ramayan:2	ramaayan:1	ramain:1	ramayana:1
ਰਾਮਾਨੰਦ	ramanand:3
ਰਾਮਾਨੰਦੀ	ramanandi:3
ਰਾਮੂ	ramu:2	raamu:1
ਰਾਮੂਵਾਲੀਆ	raamuvaliya:2	ramuwaliaa:2	ramoowaleea:1	ramoowaliaa:1
ਰਾਮੇਸ਼ਵਰ	rameshvar:2	raameshwar:1
ਰਾਲਫ	ralf:2	raalaph:1	raalf:1	ralph:1
ਰਾਵ	raav:6	rav:1	raw:1
ਰਾਵਣ	raavan:4	raavana:1	raawan:1	raawana:1
ਰਾਵਤ	raavat:2	rawat:2	raawat:1
ਰਾਵਲ	raaval:2	raawal:2	raval:2	rawal:1
ਰਾਵਲਪਿੰਡੀ	rawalpindi:3	raavalpindi:1	raawalpindee:1	raawalpindi:1
ਰਾਵਿੰਦਰ	ravinder:3
ਰਾਵੀ	ravi:10	raavi:3	raavee:1
ਰਾਸ	raas:4	ras:2
ਰਾਸਟਰਪਤੀ	rasatarpatee:1	rashtarpati:1	rastarpati:1
ਰਾਸਟਰੀ	raastaree:1	raastari:1	rastari:1
ਰਾਸਤਾ	rasta:2	raasta:1
ਰਾਸਤੇ	raste:2	raaste:1
ਰਾਸਧਾਰੀ	rasdhari:2	raasdhari:1	rasdharee:1
ਰਾਸਲੀਲਾ	rasleela:3
ਰਾਸ਼ਟਰ	rashtar:2	raashatar:1
ਰਾਸ਼ਟਰਗਾਨ	raashtargaan:1	rashtargaan:1	rashtargan:1
ਰਾਸ਼ਟਰਪਤੀ	rashatarpatee:1	rashtarpati:1	rastarpati:1
ਰਾਸ਼ਟਰਪਿਤਾ	rashatarpita:1	rashtarpita:1	rastarpita:1
ਰਾਸ਼ਟਰਮੰਡਲ	rashatarmandal:1	rashtarmandal:1	rastarmandal:1
ਰਾਸ਼ਟਰਵਾਦ	raashatarwaad:1	rashtarvad:1	rashtarwad:1
ਰਾਸ਼ਟਰਵਾਦੀ	rashtarwadi:2	rashatarvaadee:1	rastarvadi:1
ਰਾਸ਼ਟਰਾਂ	raashtaraan:1	rashtaran:1	rasstaraan:1
ਰਾਸ਼ਟਰੀ	raashataree:1	raastri:1	rastari:1
ਰਾਸ਼ਟਰੀਕਰਨ	rashtrikaran:2	rashtarikaran:1
ਰਾਸ਼ਨ	rashan:2	raashan:1
ਰਾਸ਼ਿਦ	rashid:2	raashid:1
ਰਾਸ਼ੀ	rashi:6	raashi:2	rashee:2
ਰਾਸ਼ੀਆਂ	rasheeaan:1	rashiaan:1	rashiya:1
ਰਾਸ਼ੀਫਲ	raashifal:2	rasheefal:2	rashifal:2
ਰਾਸਾਂ	rasan:3
ਰਾਸਾਇਣ	rasaiin:1	rasain:1	rasayen:1
ਰਾਸਾਇਣਕ	rasaiinik:1	rasainak:1	rasayenak:1
ਰਾਸਾਇਨਿਕ	rasaayenik:1	rasaiinik:1	rasainik:1
ਰਾਸੀ	rasi:3	raasi:1
ਰਾਸੋ	raso:2	raaso:1
ਰਾਹ	raah:6	rah:1
ਰਾਹਤ	rahat:3	raahat:1
ਰਾਹਦਾਰੀ	rahdari:2	raahdari:1	rahdaree:1
ਰਾਹਬ	rahab:2	raahab:1
ਰਾਹਾ	raha:2	raaha:1	rahaa:1
ਰਾਹਾਂ	rahan:2	raahan:1
ਰਾਹੀ	raahi:4	rahi:2	rahee:1
ਰਾਹੀਆਂ	raahiaan:1	raheeaan:1	rahian:1
ਰਾਹੁਲ	rahul:8	raahul:1
ਰਾਹੂ	raahu:2	rahoo:1
ਰਾਹੇ	raahe:3
ਰਾਹੋਂ	rahon:2	raahon:1
ਰਾੜਾ	raarha:1	rada:1	radaa:1
ਰਾੜੇਵਾਲਾ	raadewala:1	raarhewaala:1	radewala:1
ਰਾੜ੍ਹ	raad:1	raadah:1	raarh:1
ਰਿਅਲਿਟੀ	reality:3
ਰਿਆਇਤ	riaaet:1	riaait:1	riyat:1	riyayit:1
ਰਿਆਇਤਾਂ	riaaetan:1	riaaitan:1	riaitian:1	riyaetan:1
ਰਿਆਜ਼	riaaz:2	riaz:2	riaaj:1	riaj:1
ਰਿਆਤ	riaat:1	riat:1	riyaat:1
ਰਿਆਧ	riaadh:2	riyadh:2	riadh:1	riyaadh:1
ਰਿਆਨ	riaan:2	riyaan:1	riyan:1	ryan:1
ਰਿਆਸਤਾਂ	riasatan:1	riyasatan:1	riyastan:1
ਰਿਆਸਤੀ	riaasati:1	riyasti:1	riyati:1
ਰਿਉੜੀਆਂ	riaurian:1	riodian:1	riorian:1	riudiaan:1
ਰਿਐਕਟਰ	reactor:4	reaktar:1	reaktor:1	reaqtar:1
ਰਿਓ	reo:1	rio:1	riu:1	riyo:1
ਰਿਕ	rik:4	ric:2	ricc:1	rick:1
ਰਿਕਟਰ	rictar:2	ricktar:1	rictur:1	riktar:1
ਰਿਕਰਵ	recorve:1	recurve:1	rikarav:1	rikarv:1
ਰਿਕਵਰੀ	recovery:4	rekavary:1	ricavree:1	ricavri:1
ਰਿਕਸ਼ਾ	riksha:2	rickshaw:1	ricsha:1	rikshaw:1
ਰਿਕਸ਼ੇ	rickshae:2	rickshaw:1	rickshay:1	rikshae:1
ਰਿਕਾਰਡ	record:5	rikard:2	rekord:1	ricard:1
ਰਿਕਾਰਡਜ਼	records:2	recordz:1	ricardz:1	rikardz:1
ਰਿਕਾਰਡਰ	recordar:1	recorder:1	rikardar:1	riqardar:1
ਰਿਕਾਰਡਸ	records:3	rekords:1	ricards:1	rikards:1
ਰਿਕਾਰਡਾਂ	recordaan:2	recordan:2	ricardan:1	rikardan:1
ਰਿਕਾਰਡਿੰਗ	recordin:1	recording:1	rekardin:1	rekarding:1
ਰਿਕਾਰਡਿੰਗਾਂ	recordingaan:2	recordingan:2	ricardingan:1	rikardingan:1
ਰਿਗ	rig:4	rigg:1
ਰਿਗਵੇਦ	rigved:4	rigwed:1
ਰਿਚਰਡ	richard:6	richaarad:1	richaard:1
ਰਿਚਰਡਸਨ	richardson:3	rechardshon:1	rechardson:1	richardsan:1
ਰਿਚਾ	richa:3
ਰਿਚੀ	richi:3	richy:1
ਰਿਛ	rijh:2	rich:1	richh:1
ਰਿਜ	rij:4
ਰਿਜਵੀ	rijvi:4
ਰਿਜ਼ਰਵੇਸ਼ਨ	reservation:3	rizarveshan:1
ਰਿਟਾ	rita:3
ਰਿਟਾਇਰ	retire:3	ritayir:1
ਰਿਟਾਇਰਡ	retaired:1	retered:1	retired:1	ritaired:1
ਰਿਟਾਇਰਮੈਂਟ	retirement:3	retiremant:1	ritayirmaent:1
ਰਿਟੇਲਰ	reetaileer:1	reeteeleer:1	reeteelleer:1	retailar:1
ਰਿਣ	rin:3
ਰਿਣਾਤਮਕ	rinatmak:2	rinaatamak:1
ਰਿਤੁ	ritu:3
ਰਿਤੂ	ritoo:2	ritu:1
ਰਿਤੇਸ਼	ritesh:4	riteesh:1	rites:1	riteshh:1
ਰਿਦਮ	rhythm:1	ridam:1	rythum:1
ਰਿਧੀ	ridhee:2	ridhi:2
ਰਿਨ	rin:3
ਰਿਪਬਲਿਕ	repablic:1	republic:1	republik:1	ripablic:1
ਰਿਪਬਲਿਕਨ	repablican:1	repiblican:1	republican:1	republikan:1
ਰਿਪਬਲੀਕਨ	republican:4
ਰਿਪਰ	ripar:1	ripara:1	rippar:1	ripper:1
ਰਿਪਲੇ	ripleey:1	riplei:1	ripley:1
ਰਿਪੁਦਮਨ	ripudaman:2	ripudman:1
ਰਿਪੋਰਟ	report:4	reporter:1	riporat:1
ਰਿਪੋਰਟਰ	reporter:2	repoorter:1	reportar:1	riportar:1
ਰਿਪੋਰਟਿੰਗ	reparting:1	repoorting:1	reportin:1	reporting:1
ਰਿਬਨ	riban:3	ribbon:3	ribban:1	ribun:1
ਰਿਬੇਰੋ	ribero:3	reebeeiro:1	reebeiro:1	reebeiroo:1
ਰਿਮ	reem:1	riim:1	rim:1
ਰਿਮੋਟ	rimot:3	remote:2
ਰਿਯਾ	riya:3
ਰਿਲਾਇੰਸ	reliance:2	rilaains:1
ਰਿਲੀਜ਼	rileez:3	riliz:1
ਰਿਲੀਫ਼	relief:1	relieph:1	relif:1	reliief:1
ਰਿਲੇ	rile:3	relay:1
ਰਿਲੇਅ	relay:2	rilea:1	riley:1
ਰਿਲੇਟੀਵਿਟੀ	relativity:2	rileteeviti:1	riletiviti:1	riletivity:1
ਰਿਲੇਸ਼ਨ	rileshan:3	relation:2
ਰਿਵਾਇਤ	rivaait:1	rivaayit:1	rivait:1
ਰਿਵਾਇਤਾਂ	rivaaitaan:1	rivaita:1	rivayetan:1
ਰਿਵਾਇਤੀ	rivaaiti:1	rivaayiti:1	rivaitee:1	rivayiti:1
ਰਿਵਾਜ	rivaaj:2	rivaj:1
ਰਿਵਾਜ਼	rivaaz:2	rivaz:1
ਰਿਵਾਜ਼ਾਂ	rivaazaan:1	rivaazan:1	rivaza:1
ਰਿਵਾਜਾਂ	rivaajaan:1	rivaajan:1	rivaja:1
ਰਿਵਾਲਵਰ	revalvar:1	revolvaar:1	revolvar:1	revolver:1
ਰਿਵੇਰਾ	rivera:3	rivaera:1
ਰਿਸ	ris:6	rees:1	riss:1
ਰਿਸਣ	risan:2	risn:1
ਰਿਸਣਾ	risna:3
ਰਿਸਰਚ	research:4	risarch:1	risearch:1
ਰਿਸਰਚਰ	researcher:2	risarchar:1
ਰਿਸ਼	rish:4
ਰਿਸ਼ਤਾ	rishta:3
ਰਿਸ਼ਤਿਆ	rishtea:1	rishteya:1	rishtia:1	rishtiaa:1
ਰਿਸ਼ਤਿਆਂ	rishtean:2	rishteyan:2	rishtiaan:2	rishtian:2
ਰਿਸ਼ਤੇ	rishte:5	rishtey:4	rishtae:1
ਰਿਸ਼ਤੇਦਾਰ	rishtedar:7	rishtedaar:3
ਰਿਸ਼ਤੇਦਾਰਾ	rishtedara:3	reshtedaara:1	rishtedaara:1
ਰਿਸ਼ਤੇਦਾਰੀ	rishtedari:4	rishtedaari:1	rishtedaree:1
ਰਿਸ਼ਤੇਦਾਰੀਆਂ	rishtedariyan:4	rishtedariaan:2	rishtedareeyan:1
ਰਿਸ਼ਭ	rishabh:4
ਰਿਸ਼ਵਤ	rishwat:7	rishvat:1
ਰਿਸ਼ੀ	rishi:7	rishee:2	riishee:1	riishii:1
ਰਿਸ਼ੀਆਂ	rishiyan:2	risheean:1	risheeyan:1	rishiaan:1
ਰਿਸ਼ੀਕੇਸ਼	rishikesh:5	reshikesh:1	risheekesh:1
ਰਿਸਾਲਾ	risala:3	risaala:1
ਰਿਸਾਵ	risaav:2	risav:1
ਰਿਸੋਰਟ	resort:3
ਰਿਹਰਸਲ	riharsal:4	rehearsal:3	reharsal:1	rehearshal:1
ਰਿਹਾ	riha:5	reha:1
ਰਿਹਾਇਸ	rihais:2	rehais:1
ਰਿਹਾਇਸ਼	rihaish:3	rehaish:2	rihayish:2	rihaaish:1
ਰਿਹਾਇਸ਼ੀ	rihaishi:3	rehaishi:2	rihaaishi:2	rihaishee:2
ਰਿਹਾਈ	rihaai:3	rihayi:3	rehayi:2	rihaee:2
ਰਿਹਾਨਾ	rihana:2	rehana:1
ਰਿਹੈ	rehae:1	rihaey:1	rihai:1	rihe:1
ਰਿਹੰਦੀ	rihandi:3	rihandee:1
ਰਿਹੰਦੇ	rihande:3	rihandae:1	rihandey:1
ਰਿੜਕਣ	ridkan:2	rirhakan:1	rirrkan:1
ਰਿੜਕਣਾ	ridakna:2	ridakanaa:1	rirhakana:1
ਰਿੜਕੇ	ridkae:1	ridkay:1	ridke:1	rirhake:1
ਰਿੰਕੀ	rinki:3	rinkee:2
ਰਿੰਕੂ	rinku:2	rinkoo:1	rinkuu:1
ਰਿੰਗ	ring:4	rin:1
ਰਿੱਕੀ	ricky:3	rikki:3	ricki:1	riki:1
ਰਿੱਚੀ	richi:2	richchi:1	richee:1
ਰੀਂਗ	reeng:3	ring:3
ਰੀਅਲ	real:1	reeal:1	reel:1	rel:1
ਰੀਆ	riya:2	reea:1	reeaa:1	reeya:1
ਰੀਐਕਟਰ	reactor:2	reeactar:1	reeaektar:1	riactar:1
ਰੀਐਕਸ਼ਨ	reaction:3	reacshan:1	reeaekshan:1	riaaekshan:1
ਰੀਓ	rio:3	riyo:2	reeo:1	rioo:1
ਰੀਕਾ	reeka:2	reekaa:1	rika:1
ਰੀਗਨ	reegan:3	rigan:2	reagan:1	reaghion:1
ਰੀਗਲ	regal:3	rigal:2	ragal:1	reegal:1
ਰੀਜ	reej:3	rij:1
ਰੀਝ	reejh:3	rijh:1
ਰੀਝਾਂ	reejhan:2	rijhan:2	reejha:1
ਰੀਟਾ	rita:3	reeta:1
ਰੀਡ	read:3	reed:2	red:1	reedd:1
ਰੀਡਰ	reader:3	reedar:2	readar:1	reder:1
ਰੀਤ	reet:3
ਰੀਤਾ	reeta:3	reetaa:2	rita:2
ਰੀਤਾਂ	reetan:2	reeta:1	ritan:1
ਰੀਤਿ	reeti:4	riti:3	reet:2	riet:1
ਰੀਤਿਕਾ	reetika:1	reetikaa:1	ritika:1
ਰੀਤੀ	riti:3	reeti:2	reetee:1	ritee:1
ਰੀਤੀਆਂ	ritiyan:2	reeteea:1	reetian:1	reetiyan:1
ਰੀਤੂ	reetu:2	ritu:2	reetuu:1	rituu:1
ਰੀਥ	reeth:3	rith:1
ਰੀਫ	reef:3	rif:1
ਰੀਮਾ	reema:3	rima:1
ਰੀਲ	reel:4	real:1	riil:1	ril:1
ਰੀਲੀਜ਼	release:2	gaileej:1	gailij:1	rileez:1
ਰੀਲੇਅ	relaay:1	relay:1	reley:1	releya:1
ਰੀਲੇਟੀਵਿਟੀ	reelaeetivity:1	reelativity:1	reelatyvity:1	relaetiiviity:1
ਰੀਵੀਊ	reewao:1	review:1	rivayo:1	riviau:1
ਰੀਸ	rees:3	ris:1
ਰੀੜ	reed:2	reer:2	reerh:1	rir:1
ਰੀੜ੍ਹ	reedh:4	reerh:2	reed:1	reeddh:1
ਰੁ	ru:3	roo:2
ਰੁਕ	ruk:6
ਰੁਕਣ	rukan:3
ਰੁਕਣਾ	rukna:3	rukana:1	ruknaa:1
ਰੁਕਦੇ	rukde:3	rukdae:1	rukday:1	rukdey:1
ਰੁਕਮਣੀ	rukmani:3	rukmanee:1
ਰੁਕਵਾਉਣ	rukwaun:2	rukvaun:1	rukvayun:1	rukwaon:1
ਰੁਕਾ	ruka:3
ਰੁਕਾਵਟ	rukavat:2	rukawat:2	rukaawat:1
ਰੁਕਾਵਟਾਂ	rukaavatan:1	rukavatan:1	rukavtan:1	rukawatan:1
ਰੁਕਿਆ	rukia:4	rukiya:3	rukea:2	rukeya:2
ਰੁਕੀ	ruki:4	rukee:2	rookee:1	rooki:1
ਰੁਕੀਆਂ	rukian:2	rukiyan:2
ਰੁਕੇ	ruke:3	rukay:1
ਰੁਕੋ	ruko:3	rukou:1
ਰੁਖ	rukh:3
ਰੁਖ਼	rukh:4
ਰੁਖ਼ਸਤ	rukhsat:3	rukhasat:1
ਰੁਖਾਂ	rukhan:3	rukhaan:1
ਰੁਖਾਲਾ	rukhala:2	rukhaala:1
ਰੁਖੇ	rukhe:3	rukhay:1
ਰੁਚਿਤ	ruchit:3
ਰੁਚੀ	ruchi:3
ਰੁਚੀਆਂ	ruchian:2	ruchiyan:2
ਰੁਜਗਾਰ	rujgaar:3	rujgar:1
ਰੁਜ਼ਗਾਰ	ruzgaar:3	rozgaar:1	ruzgar:1
ਰੁਝ	rujh:3
ਰੁਝਾਨ	rujhaan:2	rujhan:1
ਰੁਝਾਨਾਂ	rujhaana:1	rujhaanan:1	rujhana:1	rujhanan:1
ਰੁਝੀ	rujhi:3	rujhee:1
ਰੁਝੇਵਿਆਂ	rujhevian:2	rujhewian:2	rujheveyan:1
ਰੁਝੇਵੇਂ	rujheve:1	rujhevein:1	rujheven:1	rujhewe:1
ਰੁਟੀਨ	routine:3	ruteen:1	rutin:1
ਰੁਤ	rut:6
ਰੁਤਬਾ	rutaba:2	rutba:2	butba:1
ਰੁਤਬੇ	rutbe:3	rutabe:1
ਰੁਦਰ	rudar:3	rudr:1
ਰੁਦਰਪੁਰ	rudarpur:2	rudarpun:1	rudrpur:1
ਰੁਪ	rup:6
ਰੁਪਈਆ	rupaeiya:1	rupaiaa:1	rupeaa:1
ਰੁਪਈਆਂ	rupaiaan:2	rupaian:1	rupayian:1	rupeiyan:1
ਰੁਪਏ	rupaye:4	rupae:3
ਰੁਪਾਂਤਰਣ	rupantaran:3	rupantarun:1
ਰੁਪਾਂਤਰਨ	rupantaran:3	rupantarun:1
ਰੁਪਾਂਤਰਿਤ	rupantrit:2	rupantarit:1
ਰੁਪਾਣਾ	rupana:3	rupaana:1
ਰੁਪਾਲ	rupal:3	rupaal:1
ਰੁਪਿਆ	rupea:2	rupia:2	rupaya:1	rupee:1
ਰੁਪਿਆਂ	rupayan:1	rupean:1	rupia:1	rupian:1
ਰੁਪਿੰਦਰ	rupinder:3	rupindar:2
ਰੁਪਿੰਦਰਜੀਤ	rupinderjeet:3	rupindarjeet:1	rupinderjit:1
ਰੁਪਿੰਦਰਪਾਲ	rupindarpal:2	rupinderpal:1	rupinderpala:1
ਰੁਪੇ	rupe:3	rupey:1
ਰੁਪੈ	rupai:2	rupaa:1
ਰੁਬਾਈ	rubai:2	rubaee:1	rubayi:1
ਰੁਬਾਈਆਂ	rubaeeaan:1	rubaeean:1	rubaiea:1	rubayian:1
ਰੁਬੀਨਾ	rubina:3	rubeena:2
ਰੁਮ	rum:3
ਰੁਮਾਂਚ	rumaanch:2	rumach:1	rumanch:1
ਰੁਮਾਂਚਕ	rumaanchak:1	rumachak:1	rumanchac:1	rumanchak:1
ਰੁਮਾਂਚਿਕ	rumanchik:2	rumachik:1	rumanchic:1
ਰੁਮਾਂਟਿਕ	rumantik:2	romantic:1	rumantic:1	rumatik:1
ਰੁਮਾਂਸ	romance:1	rumaans:1	rumans:1	rumas:1
ਰੁਮਾਂਸਵਾਦ	rumaanswad:1	rumansvaad:1	rumanswaad:1	rumasvad:1
ਰੁਮਾਂਸਵਾਦੀ	rumaansvadi:1	rumaanswaadi:1	rumansvadee:1	rumansvadi:1
ਰੁਮਾਨੀਆ	rumaaniaa:1	rumaneea:1	rumaneeaa:1	rumania:1
ਰੁਮਾਲ	rumaal:3	rumal:1
ਰੁਮਾਲੀ	rumali:2	rumaalee:1	rumaali:1	rumalee:1
ਰੁਲ	rul:3
ਰੁਲਦੂ	ruldoo:2	ruladuu:1
ਰੁਲਦੇ	rulde:2	ruldey:2	rulade:1	ruldae:1
ਰੁਸ	rushsh:1	rushshsh:1	russs:1
ਰੁਸਤਮ	rustam:3	roostam:1
ਰੁੜ	rud:3	rur:2
ਰੁੜਕੀ	rudki:2	roorkee:1	roorki:1
ਰੁੜੀਆਂ	rudian:2	rurian:2	rudiaan:1	rudiyian:1
ਰੁੜ੍ਹ	rudh:2	rud:1	rudah:1	rurh:1
ਰੁੜ੍ਹਨ	rudan:1	rudhan:1	rurhan:1	rurhhan:1
ਰੁੜ੍ਹੀਆਂ	rudhian:1	rudiaan:1	rurhheeaan:1	rurhhiaan:1
ਰੁੱਕ	rukk:3	ruk:1
ਰੁੱਖ	rukh:3
ਰੁੱਖਾ	rukha:3
ਰੁੱਖਾਂ	rukhan:3
ਰੁੱਖੀ	rukhi:3	rukhee:1
ਰੁੱਖੇ	rukhe:3	rukhay:1
ਰੁੱਗ	rugg:3	rug:1
ਰੁੱਚੀ	ruchi:3
ਰੁੱਝਿਆ	rujhia:2	rujhea:1	rujheya:1	rujhiya:1
ਰੁੱਝੇ	rujhe:3	rujhay:1
ਰੁੱਤ	rutt:2	rut:1
ਰੁੱਤਾਂ	rutan:3	ruttan:2
ਰੁੱਤੇ	rutte:3	rute:1
ਰੁੱਸੀ	russi:3	rusi:1	russee:1
ਰੁੱਸੇ	russe:3	russay:1
ਰੂ	roo:2	ru:2
ਰੂਕੀ	ruki:2	rooki:1	rukki:1
ਰੂਚੀ	ruchi:3
ਰੂਜ਼ਵੈਲਟ	roosevelt:1	ruzvalat:1	ruzwalat:1
ਰੂਟ	root:1	rout:1	rouut:1	ruit:1
ਰੂਟਾਂ	rootan:2	rutan:2	routean:1
ਰੂਥ	ruth:3	rooth:1
ਰੂਪ	roop:10	rup:5
ਰੂਪਏ	roopae:1	roopaye:1	ruppaye:1
ਰੂਪਕ	rupak:3	roopak:1
ਰੂਪਕੀ	roopakee:1	roopki:1	rupaki:1
ਰੂਪਗਤ	roopgat:2	rupgat:1
ਰੂਪਨਗਰ	roopnagar:3
ਰੂਪਮਾਨ	roopmaan:2	rupmaan:1	rupman:1
ਰੂਪਰੇਖਾ	rooprekha:1	rooprekhaa:1	ruprekha:1	ruprekhaa:1
ਰੂਪਵਾਦੀ	roopwaadee:1	roopwadi:1	rupwadi:1
ਰੂਪਾ	rupa:2	roopa:1	rupaa:1
ਰੂਪਾਂਤਰ	roopantar:1	rupaantar:1	rupantar:1
ਰੂਪਾਂਤਰਣ	rupantaran:2	roopaantrann:1
ਰੂਪਾਂਤਰਤ	rupaantrat:1	rupantar:1	rupantarat:1
ਰੂਪਾਂਤਰਨ	roopantaran:1	rupaantran:1	rupantaran:1
ਰੂਪਾਂਤਰਾਂ	rupaantran:1	rupantaran:1	rupantran:1
ਰੂਪਾਂਤਰਿਤ	roopantarit:1	roopantrit:1	rupantarit:1
ਰੂਪਾਂਤਰੀ	roopantaree:1	rupaantri:1	rupantari:1
ਰੂਪਾਕਾਰ	roopakar:1	rupakaar:1	rupakar:1
ਰੂਪਾਕਾਰਾਂ	roopakaraan:1	rupakaraan:1	rupakaran:1
ਰੂਪੀ	roopee:1	roopi:1	rupi:1
ਰੂਬਰੂ	roobaroo:1	rubroo:1	rubru:1
ਰੂਬਲ	rubal:2	roobal:1
ਰੂਬੀ	roobee:1	roobi:1	roobii:1	rooby:1
ਰੂਮਾਂ	roomaan:1	rooman:1	ruma:1	rumaan:1
ਰੂਮੀ	rumi:4	roomi:3	rumii:2	ruumi:2
ਰੂਰ	roor:3
ਰੂਸ	roos:2	rus:2
ਰੂਸੀ	rusi:3	roosi:1
ਰੂਹ	rooh:2	ruh:2
ਰੂਹਾਂ	roohan:1	ruhaan:1	ruhan:1
ਰੂਹਾਨੀ	roohani:1	ruhaani:1	ruhani:1
ਰੂਹਾਨੀਅਤ	roohaniat:1	roohaniyat:1	ruhaaniat:1	ruhaniyat:1
ਰੂਹੀ	ruhi:3	roohi:1
ਰੂਹੇ	ruhe:2	roohe:1	ruhhe:1
ਰੂੜੀ	roodi:2	roorhi:1	rurhee:1
ਰੂੜੀਆਂ	roodeeaan:1	roodian:1	roorhiaan:1	roorhian:1
ਰੂੜੀਵਾਦੀ	roodeevaadi:1	roodiwadi:1	roorhiwaadi:1	rudiwadi:1
ਰੂੜੀਵਾਦੀਆਂ	roodeevaadeeaan:1	roorhiwadiaan:1	rudiwadian:1	rudiwadiyan:1
ਰੂੜ੍ਹ	roodh:2	roorh:1	rurh:1
ਰੂੜ੍ਹੀਆਂ	roodheeaan:1	roodhian:1	roorhhiaan:1	rudhian:1
ਰੂੜ੍ਹੀਵਾਦੀ	roodhivaadi:1	roodiwaadi:1	roorhhiwaadi:1	rudiwaadi:1
ਰੂੰ	roon:2	ruanh:1	runh:1
ਰੂੰਮੀ	roommee:1	rumi:1	rummi:1	runmi:1
ਰੇ	ray:1	re:1	ree:1	reei:1
ਰੇਂਗ	reng:2	raing:1	renge:1
ਰੇਂਜ	range:2	renj:1
ਰੇਅ	ray:3	rey:1
ਰੇਖ	rekh:3
ਰੇਖਕੀ	rekhki:2	rekhakee:1
ਰੇਖਾ	rekha:4	reckha:1	recqha:1	reeckha:1
ਰੇਖਾਗਣਿਤਿਕ	rekhaganitik:2	rekhagnitik:1
ਰੇਖਾਵਾਂ	rekhavan:2	rekhaawan:1	rekhawan:1
ਰੇਖੀ	rekhee:2	rekhi:2
ਰੇਗਿਸਤਾਨ	registaan:3
ਰੇਗਿਸਤਾਨਾਂ	registaanaan:1	registaanan:1	registanan:1
ਰੇਚਲ	rechal:2	rachel:1
ਰੇਜ਼	raze:2	rez:1
ਰੇਜ਼ਰ	rajor:1	razer:1	razor:1	rezar:1
ਰੇਜ਼ਿੰਗ	raicing:1	razing:1	rezing:1
ਰੇਟ	rate:5
ਰੇਟਿਨਾ	retina:3
ਰੇਡ	red:3	raid:1	redd:1	reed:1
ਰੇਡੀ	ready:2	redee:2	redi:2	readee:1
ਰੇਡੀਉ	radio:1	reddeeo:1	redio:1
ਰੇਡੀਏਸ਼ਨ	radiation:3	reddiashan:1
ਰੇਡੀਓ	radio:4	radioo:1	redio:1
ਰੇਣੁ	renu:2	rennu:1
ਰੇਣੂਕਾ	renooka:2	rannuka:1
ਰੇਤ	ret:3	rait:2
ਰੇਤਲਾ	retalaa:1	retla:1	retlaa:1
ਰੇਤਲੀ	retlee:2	retli:2	retalee:1
ਰੇਤਲੇ	retle:2	retale:1	retlay:1
ਰੇਤਾ	reta:3	retaa:1
ਰੇਤੀਲੇ	reteele:2	retile:2	retilay:1
ਰੇਤੇ	rete:3
ਰੇਨਰ	rainar:1	raineer:1	rainer:1	rener:1
ਰੇਨੂ	renoo:2	renu:2
ਰੇਪ	rape:3
ਰੇਮਨ	reman:3	rammon:1	ramon:1	rayman:1
ਰੇਮੰਡ	raymond:4	raymand:1	reeymond:1	reymand:1
ਰੇਲਗੱਡੀ	railgaddi:2	railgadde:1
ਰੇਲਵੇ	railway:4	relvey:1	relway:1
ਰੇਲਾਂ	railaan:1	railan:1	relan:1
ਰੇਵ	rev:3	rew:1
ਰੇਵਾ	reva:2	rewa:2
ਰੇਸਟੋਰੇਂਟ	restaurant:3	restorante:2	rastorent:1	restorant:1
ਰੇਸਤਰਾਂ	racetaran:1	restaran:1	restraan:1	restran:1
ਰੇਸਰ	racar:1	raceer:1	racer:1	rasar:1
ਰੇਸ਼ਮ	resham:3
ਰੇਸ਼ਮਾ	reshma:2	reshamaa:1	resma:1
ਰੇਸ਼ਮਾਂ	reshma:2	reshman:2	reshaman:1
ਰੇਸ਼ਮਿਆ	reshamia:1	reshamiaa:1	reshamiya:1	reshmeya:1
ਰੇਸ਼ਮੀ	reshmi:2	reshamee:1	reshami:1
ਰੇਸ਼ਾ	resha:3	resa:1
ਰੇਸ਼ਿਆਂ	reshaian:1	reshiaan:1	reshian:1	reshiyan:1
ਰੇਸ਼ੇ	reshay:2	reshe:2	reshey:1
ਰੇਸ਼ੇਦਾਰ	reshedaar:2	reshaydar:1	reshedar:1	resheydar:1
ਰੇਸ਼ੋ	resho:2	ratio:1	reshou:1	reshow:1
ਰੇਸਿੰਗ	racin:1	racing:1	rashing:1	rasin:1
ਰੇਹੜੀ	rehadee:1	rehadi:1	rehari:1	rehdi:1
ਰੇਹੜੇ	rehade:2	rehare:1	rehde:1	rehrhe:1
ਰੇੜਕਾ	redakaa:1	redka:1	rerhka:1	rerhkaa:1
ਰੇੜਕੇ	redke:2	rerhke:2
ਰੈਂਕ	rank:2	raik:1	ranak:1
ਰੈਂਕਿੰਗ	ranking:3
ਰੈਂਪ	ramp:3
ਰੈਕਟ	rackat:1	racut:1	raikat:1	rakat:1
ਰੈਕਿੰਗ	ranking:2	raiking:1	raking:1
ਰੈਗੂਲਰ	regular:3	raiguular:1	reguular:1
ਰੈਗੂਲੇਟਰ	regalator:1	regaletar:1	regulator:1	reguletar:1
ਰੈਗੂਲੇਟਰੀ	raeguletaree:1	regulataree:1	regulatory:1
ਰੈਗੂਲੇਸ਼ਨ	regulation:2	raiguleshan:1	regulasan:1	regulasun:1
ਰੈਜੀਮੈਂਟ	regiment:1	rejimaint:1	rejimant:1	rejiment:1
ਰੈਜੀਮੈਂਟਾਂ	raijimainta:1	regimentan:1	rejimanta:1	rejimenta:1
ਰੈਟਿਨਾ	retina:1	retinaa:1	retinna:1
ਰੈਟੀਨਾ	retina:3	raitina:1	ratina:1
ਰੈਡ	raid:2	red:2	rad:1	raed:1
ਰੈਡਕਲਿਫ	radcliff:1	radkliff:1	raidkalif:1	redcliff:1
ਰੈਡੀਕਲ	radical:3	radikal:1	radiqal:1	raedikal:1
ਰੈਣ	rain:1	rainn:1	ran:1
ਰੈਦਾਸ	raedaas:2	raidaas:1	redaas:1
ਰੈਨ	raen:1	rain:1	ran:1
ਰੈਨਾ	raina:3	raena:1	raenaa:1	rainaa:1
ਰੈਫਰੀ	raeferee:1	raeferii:1	raefree:1	raefrii:1
ਰੈਲੀ	rally:2	raeli:1	railee:1	raili:1
ਰੈਲੀਆਂ	raileea:2	rallian:2	rellyian:2	raliyian:1
ਰੈਸਟ	rest:3
ਰੈਸਟੋਰੈਂਟ	rastorant:1	restaurant:1	restorante:1	restorent:1
ਰੈਸਤਰਾਂ	restraan:2	restaran:1	restran:1
ਰੈੱਡ	raidd:1	read:1	red:1
ਰੈੱਡਕਲਿਫ	redcliff:2	raiddkalif:1	redkliff:1
ਰੈੱਡੀ	ready:2	raeddi:1	raiddee:1	reddi:1
ਰੋ	ro:5	row:1
ਰੋਂਦਾ	ronda:5	rondaa:1	roonda:1	roondaa:1
ਰੋਂਦੀ	rondi:3	rondee:1
ਰੋਂਦੀਆਂ	rondiaan:3	rondiyaan:1
ਰੋਂਦੇ	ronde:3
ਰੋਅਬ	roab:3	raub:1	royab:1
ਰੋਇਆ	roia:2	royia:2	roea:1
ਰੋਇੰਗ	roing:3	roeeng:1	rowing:1	roying:1
ਰੋਈ	roee:2	roi:2	royi:2	roii:1
ਰੋਕ	rok:3
ਰੋਕਣ	rokan:3
ਰੋਕਣਾ	rokana:1	rokanaa:1	rokna:1
ਰੋਕਥਾਮ	roktham:2	rokthaam:1
ਰੋਕਦਾ	rokda:2	rokadaa:1
ਰੋਕਦੀ	rokadi:2	rokadee:1	rokdi:1
ਰੋਕਦੀਆਂ	rokadiaan:1	rokdeean:1	rokdiaan:1	rokdiyaan:1
ਰੋਕਦੇ	rokade:2	rokde:1
ਰੋਕਾ	roka:5	roca:1	rokaa:1	rooca:1
ਰੋਕਿਆ	rokiaa:5	rokia:1	rokiya:1	rokiyaa:1
ਰੋਕੀ	roki:9	rokee:1
ਰੋਕੇ	roke:4
ਰੋਗ	rog:10
ਰੋਗਾਂ	rogaan:2	rogan:1
ਰੋਗੀ	rogi:3	rogee:1
ਰੋਗੀਆਂ	rogiaan:2	rogeean:1	rogiyaan:1
ਰੋਚਕ	rochak:3
ਰੋਚਿਕ	rochik:3
ਰੋਜ	roj:10
ਰੋਜਗਾਰ	rojgar:5	rojgaar:1
ਰੋਜਰ	rojar:3
ਰੋਜ਼ਗਾਰ	rozgar:2	rozagaar:1
ਰੋਜ਼ਰ	rozar:2	rojar:1
ਰੋਜ਼ਾਨਾ	rozana:3	rozaana:1
ਰੋਜ਼ਿਆਂ	roziaan:2	rojiaan:1	rojiyaan:1
ਰੋਜ਼ੀ	roji:1	rozee:1	rozi:1
ਰੋਜ਼ੇ	roze:2	roje:1
ਰੋਜਾ	roja:4
ਰੋਜਾਨਾ	rojana:7
ਰੋਜੀ	roji:3	rojee:1
ਰੋਟਰੀ	rotaree:2	rotari:2	ratary:1	rootaree:1
ਰੋਟੀ	roti:8	rotee:2	rootee:1	rooti:1
ਰੋਟੀਆਂ	rotiaan:3	rotiyaan:2	roteean:1
ਰੋਡ	road:10	rod:10	rooad:1
ਰੋਡੇ	rode:2	rood:1	roode:1	rowd:1
ਰੋਣ	ron:5
ਰੋਣਾ	rona:5	ronaa:1
ਰੋਣੇ	rone:3
ਰੋਦਰ	rodar:3
ਰੋਦਾ	roda:2	rodaa:1
ਰੋਧਕ	rodhak:3
ਰੋਨਿਤ	ronit:3
ਰੋਨੀ	roni:3	ronee:2	ronii:1	ronnie:1
ਰੋਪੜ	ropad:3	ropar:3
ਰੋਬ	rob:5	robb:1	roobb:1
ਰੋਬਰਟ	robert:3
ਰੋਬਿਨ	robin:3	robbin:1	roobin:1
ਰੋਬੋਟ	robot:2	robat:1	roboot:1
ਰੋਮ	rome:5	rom:3
ਰੋਮਨ	roman:5	romana:1
ਰੋਮਾ	roma:7	rema:1	romma:1	rooma:1
ਰੋਮਾਂਚਕ	romanchak:6
ਰੋਮਾਂਟਿਕ	romantic:7
ਰੋਮਾਂਸ	romance:6
ਰੋਮਾਣਾ	romana:3
ਰੋਮਾਨੀ	romani:3	romanee:1
ਰੋਮਿਲਾ	romila:3
ਰੋਮੀ	romie:6	romi:5	romee:1	romy:1
ਰੋਲ	rol:4	role:3	roll:3
ਰੋਲਾਂ	rolaan:1	rolan:1	rollaan:1
ਰੋਲਿੰਗ	roling:3	rolling:3	raling:1	rallin:1
ਰੋਲੈਂਡ	roland:4
ਰੋਵਰ	rovar:2	rovara:1	rover:1	rowar:1
ਰੋਵਾਂ	rovan:2	rovaan:1
ਰੋਵੇ	rove:3
ਰੋਵੇਂਗਾ	rovenga:2	rovengaa:1
ਰੋਸ	ros:5	rose:1
ਰੋਸਟਰ	rooster:1	roshter:1	rostar:1	roster:1
ਰੋਸਨੀ	rosani:3
ਰੋਸ਼ਨ	roshan:4	rashan:1	rooshan:1	rosan:1
ਰੋਸ਼ਨੀ	roshani:3	roshnee:1
ਰੋਸ਼ਾ	rosha:3
ਰੋਸ਼ੇਲ	roshel:3	roshail:1
ਰੋਸਾ	rosa:4	rosaa:1
ਰੋਸੇ	rose:3
ਰੋਹ	roh:5
ਰੋਹਤਕ	rohtak:4	rohtaq:1
ਰੋਹਨ	rohan:4	rahan:1	rohana:1	roohan:1
ਰੋਹਾ	roha:3
ਰੋਹਿਤ	rohit:5	rohita:1	rohith:1	rohitt:1
ਰੋਹੀ	rohi:5	rohee:1
ਰੋੜਾ	roda:2	rorha:1
ਰੋੜੀ	rodee:1	rodi:1	rorhee:1
ਰੋੜੀਆਂ	rodeeaan:1	rodiaan:1	rodiyaan:1	rorhiaan:1
ਰੌ	rau:4
ਰੌਂਦੇ	ronde:2	raunde:1	raundey:1
ਰੌਕ	rok:2	rauk:1
ਰੌਚਿਕ	rochik:2	rauchik:1
ਰੌਣਕ	raunak:4	ronak:3
ਰੌਣਕਾਂ	raunkan:2	raunakan:1	ronakan:1	ronkan:1
ਰੌਣੀ	roni:2	rauni:1	ronee:1
ਰੌਬ	raub:3	rob:2
ਰੌਬਰਟਸਨ	robartson:1	robertshon:1	robertson:1
ਰੌਬੀ	raobbi:1	raobby:1	raubee:1	raubi:1
ਰੌਲ	raul:2	roll:2	role:1
ਰੌਲਾ	raula:2	rola:2
ਰੌਲੇ	raule:2	role:1	rolee:1
ਰੌਸ	ros:2	raus:1	rosh:1	roshh:1
ਰੌਸ਼ਨ	roshan:3	raushan:1
ਰੌਸ਼ਨੀ	roshani:4	roshni:2	roshnee:1
ਰੌਸ਼ਨੀਆਂ	roshniaan:2	roshaniaan:1
ਰੜਕਦਾ	radakada:1	radakda:1	rarakda:1	rarhkda:1
ਰੜਕੇ	radake:1	radke:1	rarhake:1	rarke:1
ਰੜੀ	radi:2	rarhee:1	rarhi:1
ਰੜੇ	rade:1	radey:1	rarhe:1
ਰੜ੍ਹ	rad:1	radah:1	radh:1	rarhh:1
ਰੰਕ	rank:4
ਰੰਗ	rang:10	ranga:1	rangg:1
ਰੰਗਕਰਮੀ	rangkarmi:2	rangkaramee:1
ਰੰਗਣ	rangan:3
ਰੰਗਤ	rangat:5
ਰੰਗਦਾਰ	rangdar:2	rangaadar:1
ਰੰਗਭੇਦ	rangbhed:2	rangabhed:1
ਰੰਗਮੰਚ	rangmanch:3
ਰੰਗਮੰਚੀ	rangmanchi:2	rangmanchee:1
ਰੰਗਰੇਟਾ	rangreta:2	rangretaa:1
ਰੰਗਲਾ	rangala:2	rangla:1
ਰੰਗਾ	ranga:4	rangaa:1
ਰੰਗਾਂ	rangan:2	rangaan:1
ਰੰਗਾਈ	rangaaee:1	rangaai:1	rangai:1
ਰੰਗਾਏ	rangaae:2	rangae:1
ਰੰਗੀ	rangi:8	rangee:1
ਰੰਗੀਆਂ	rangiaan:3	rangiyaan:1
ਰੰਗੀਨ	rangeen:2	rangin:1
ਰੰਗੀਲਾ	rangeela:2	rangila:2
ਰੰਗੀਲੀ	rangili:3	rangeeli:2
ਰੰਗੀਲੇ	rangile:3	rangeele:2
ਰੰਗੂਨ	rangoon:4	rangun:1	ranguun:1	regoon:1
ਰੰਗੇ	range:3
ਰੰਗੋਲੀ	rangoli:3
ਰੰਜ	ranj:6	rang:1
ਰੰਜਨ	ranjan:4	ranjaan:1	ranjhan:1	ranzhan:1
ਰੰਡੀ	randee:2	randi:2	radee:1
ਰੰਡੇ	rande:3	rade:1	randey:1
ਰੰਧਾਵਾ	randhawa:6	radhaava:1
ਰੰਧਾਵੇ	radhaave:1	randhaave:1	randhave:1
ਰੱਕੜ	rakad:1	rakkad:1	rakkarh:1
ਰੱਖ	rakhh:3	rakh:1	rakkh:1
ਰੱਖਕੇ	rakkhake:2	rakhake:1
ਰੱਖਣ	rakhan:2	rakhann:1	rakkhan:1
ਰੱਖਣਗੇ	rakhange:1	rakhannge:1	rakhhange:1
ਰੱਖਣਾ	rakhana:1	rakhnnaa:1	rakkhanaa:1
ਰੱਖਣੀ	rakhanee:1	rakhani:1	rakhnnee:1
ਰੱਖਣੀਆਂ	rakhanian:1	rakhhneean:1	rakhnneeaan:1	rakhnniaan:1
ਰੱਖਣੇ	rakhane:1	rakhkhne:1	rakkhnne:1
ਰੱਖਦਾ	rakhada:1	rakhkhda:1	rakkhdaa:1
ਰੱਖਦਿਆਂ	rakhdiaan:2	rakhkhdiaan:2	rakhadian:1	rakhdian:1
ਰੱਖਦੀ	rakhadi:1	rakhkhdi:1	rakkhdee:1
ਰੱਖਦੀਆ	rakhadia:1	rakhdeeaa:1	rakhkhdeeaa:1
ਰੱਖਦੀਆਂ	rakhadian:1	rakhdeeaan:1	rakhdiaan:1	rakhkhdeeaan:1
ਰੱਖਦੇ	rakhade:1	rakhkhde:1	rakkhde:1
ਰੱਖਨ	rakhan:2	rakhkhan:1
ਰੱਖਨਾ	rakhana:1	rakhkhna:1	rakhnaa:1
ਰੱਖਨੀ	rakhani:1	rakhkhni:1	rakkhnee:1
ਰੱਖਾ	rakha:1	rakhhaa:1	rakkhaa:1
ਰੱਖਾਂ	rakhhan:1	rakhkhaan:1	rakkhaan:1
ਰੱਖਿਅਕ	rakhiaak:1	rakhkhiak:1	rakkhiaak:1
ਰੱਖਿਆ	rakhkhiaa:2	rakhhiaa:1	rakhiaa:1	rakkhiaa:1
ਰੱਖਿਆਂ	rakhhiaan:1	rakhkhiaan:1	rakkhiaan:1
ਰੱਖਿਆਤਮਕ	rakhhiaatmak:1	rakhkhiaatamak:1	rakkhiaatamak:1
ਰੱਖੀ	rakhhi:3	rakhkhee:1	rakkhee:1
ਰੱਖੀਆਂ	rakhhiaan:2	rakhkheeaan:2	rakheeaan:1	rakkheeaan:1
ਰੱਖੀਏ	rakhhie:1	rakhkheee:1	rakkheeaa:1	rakkhiae:1
ਰੱਖੇ	rakhhe:1	rakhkhe:1	rakkhe:1
ਰੱਖੋ	rakhho:1	rakho:1	rakkho:1
ਰੱਖੜੀ	rakhadi:2	rakhadee:1	rakkhadee:1	rakkharhee:1
ਰੱਖੜੀਆਂ	rakhadian:1	rakhhdeean:1	rakkhrheeaan:1	rakkhrhiaan:1
ਰੱਜ	rajj:3	raj:1
ਰੱਜ਼ਾਕ	razzak:2	razzaak:1
ਰੱਜਿਆ	rajjeya:2	rajjiaa:1
ਰੱਜੀ	rajji:3
ਰੱਜੇ	rajje:3
ਰੱਤ	ratt:3
ਰੱਤਾ	rata:1	ratta:1	rattaa:1
ਰੱਤੀ	rati:2	rattee:1
ਰੱਤੀਆਂ	ratiaan:1	ratian:1	ratiyaan:1	ratteeaan:1
ਰੱਦ	rad:2	radd:1
ਰੱਦੀ	raddee:1	raddi:1	radi:1
ਰੱਪੇ	rappe:2	rape:1
ਰੱਫੜ	raafad:1	raafar:1	rafad:1	raphad:1
ਰੱਬ	rabb:5	rab:1	raba:1	rub:1
ਰੱਬਾ	rabba:3
ਰੱਬਾਂ	rabban:3
ਰੱਬੀ	rabbi:3	rabbee:1	rabbii:1	rabi:1
ਰੱਲ	rall:3
ਰੱਲਾ	ralla:2	rala:1
ਰੱਲੀ	rali:1	rallee:1	ralli:1
ਰੱਸਾ	rassa:3
ਰੱਸਾਕਸ਼ੀ	rassakashi:2	rasakashi:1
ਰੱਸੀ	rassi:3
ਰੱਸੇ	rasse:3
ਲ	l:5
ਲਈ	lai:10	laee:4
ਲਈਆਂ	laeeaan:3	laiaan:2	laiyaan:2	laeean:1
ਲਈਏ	laeeae:2	laeee:1	layiye:1
ਲਉ	lau:8	laoo:1
ਲਏ	lae:6	laye:1
ਲਏਗਾ	laega:3	laegaa:2	layega:1
ਲਓ	lao:2	lau:1
ਲਕ	lack:1	lacq:1	luc:1	luck:1
ਲਕਬਾਂ	lakabaan:1	lakaban:1	lakbaan:1	lakban:1
ਲਕਵਾ	lakva:2	lakavaa:1
ਲਕਵੇ	lakave:2	lakve:1
ਲਕਸਮਬਰਗ	luksemburg:2	lacsambarag:1	laksamabarag:1	laksambarag:1
ਲਕਸ਼	lakash:2	laksh:1	laksha:1
ਲਕਸ਼ਣਾ	lakashna:1	lakshana:1	lakshna:1	lashkana:1
ਲਕਸ਼ਦੀਪ	lakashdeep:1	lakhsdeep:1	lakhsdip:1	lakhsdweep:1
ਲਕਸ਼ਮਣ	lakshaman:4	lakhsman:2	lakhsmann:2
ਲਕਸ਼ਮੀ	lakshami:3	lakhsmi:2	lakshamee:2	lakshmee:1
ਲਕਸ਼ਮੀਬਾਈ	lakhsamibayi:1	lakhsamibhai:1	lakshameebaaee:1	lakshamibaai:1
ਲਕੀ	lucky:3	lakee:1	laki:1	lucki:1
ਲਕੀਰ	lakeer:2	lakir:1	lakira:1
ਲਕੀਰਾਂ	lakiran:2	lakeeran:1	lakiraan:1
ਲਕੀਰੀ	lakiri:2	lakeeree:1	lakeeri:1
ਲਕੋਤਾ	lakoota:1	lakota:1	laqota:1
ਲਕੜ	lakad:3	lakar:1
ਲਕੜੀ	lakadee:1	lakadi:1	lakdi:1	lakri:1
ਲਕੜੀਆਂ	lakadian:2	lakdeean:1	lakrian:1
ਲਖ	lakh:3
ਲਖਣ	lakhan:3
ਲਖਤੇ	lakhate:2	lakhte:1
ਲਖਨਊ	lucknow:5	lakhnau:2	lakhnauu:2
ਲਖਨਪੁਰ	lakhanpur:3
ਲਖਨੌਰ	lakhnaur:2	lakhnor:1
ਲਖਪਤ	lakhpat:3
ਲਖਬੀਰ	lakbeer:1	lakhbeer:1	lakhbir:1
ਲਖਮੀ	lakhamee:2	lakhmi:1
ਲਖਵਿੰਦਰ	lakhwinder:3	lakhvindar:1	lakhvinder:1
ਲਖਵੀਰ	lakhveer:3	lakhvir:1
ਲਖਸ਼	lakhash:3	lakhs:1
ਲਖਾਇਕ	lakhaaik:1	lakhaik:1	lakhayik:1
ਲਖਿ	lakhi:3
ਲਖੀ	lakhi:2	lakhee:1
ਲਗ	lag:10
ਲਗਣ	lagan:3	lagann:1	lgan:1
ਲਗਤਾ	lagta:2	lagataa:1	lagtaa:1
ਲਗਦਾ	lagda:4	lagada:3	lagadaa:1
ਲਗਦੀ	lagdi:6	lagadee:1	lagadi:1
ਲਗਦੀਆਂ	lagdiaan:2	lagadeean:1	lagdiyaan:1
ਲਗਦੇ	lagade:5	lagde:2
ਲਗਨ	lagan:6
ਲਗਪਗ	lagpag:5
ਲਗਭਗ	lagbhag:10
ਲਗਰ	lagar:3
ਲਗਵਾਈਆਂ	lagvaaiaan:1	lagvaiyaan:1	lagwaaeean:1	lagwaiyaan:1
ਲਗਵਾਉਣ	lagawaaun:1	lagvaaun:1	lagvaun:1
ਲਗਵਾਏ	lagvaae:2	lagwae:1
ਲਗਾ	laga:10
ਲਗਾਂਦੇ	lagande:2	lagaande:1
ਲਗਾਇਆ	lagaiaa:3	lagaiyaa:2	lagaaiaa:1
ਲਗਾਈ	lagai:5	lagaaee:2	lagaai:2	lagayi:1
ਲਗਾਉ	lagau:5	lagaau:3	lagaaun:1	lgaau:1
ਲਗਾਉਂਦਾ	lagaaunda:1	lagaaundaa:1	lagaunda:1
ਲਗਾਉਂਦੀ	lagaaundee:1	lagaaundi:1	lagaundi:1
ਲਗਾਉਂਦੀਆਂ	lagaaundeean:1	lagaaundiaan:1	lagaundian:1	lagaundiyan:1
ਲਗਾਉਂਦੇ	lagaaunde:2	lagaunde:2
ਲਗਾਉਣ	lagaaun:5	lagaun:2
ਲਗਾਉਣਾ	lagaauna:2	lagauna:2	lagaaunaa:1
ਲਗਾਉਣੀ	lagaaunee:1	lagaauni:1	lagauni:1
ਲਗਾਉਣੇ	lagaaune:1	lagaune:1	lgaaune:1
ਲਗਾਏ	lagaae:4	lagaye:2
ਲਗਾਓ	lagaao:1	lagaau:1	lagao:1
ਲਗਾਓਣ	lagaaon:1	lagaaun:1	lagaun:1
ਲਗਾਕੇ	lagaake:1	lagake:1	lagakey:1
ਲਗਾਣ	lagaan:3	lagan:1
ਲਗਾਤਾਰ	lagatar:2	lagaataar:1	lagataar:1
ਲਗਾਤਾਰਤਾ	lagatarta:2	lagaataarataa:1	lagataarta:1
ਲਗਾਨ	lagaan:3
ਲਗਾਮ	lagaam:3
ਲਗਾਵ	lagaav:3	lagav:1
ਲਗਾਵੇਗਾ	lagavega:2	lagaavega:1
ਲਗਿਆ	lagiaa:4	lagiyaa:2	lagiya:1
ਲਗੀ	lagi:10	lagee:1
ਲਗੀਆਂ	lagiaan:4	lagiyaan:2	lageean:1
ਲਗੇ	lage:6	lagae:1	lagee:1
ਲਗੇਗਾ	lagega:4	lagegaa:1
ਲਘੁ	laghu:3
ਲਘੂ	laghu:2	laghoo:1
ਲਚਕ	lachak:3	lachk:1
ਲਚਕਤਾ	lachakata:1	lachakataa:1	lachakta:1	lachkta:1
ਲਚਕਦਾਰ	lachakadaar:1	lachakdaar:1	lachakdar:1	lachkdaar:1
ਲਚਕੀਲਾ	lachakila:1	lachkeela:1	lachkeelaa:1	lachkila:1
ਲਚਕੀਲਾਪਣ	lachakeelaapan:1	lachakilapan:1	lachkeelapann:1	lachkilapann:1
ਲਚਕੀਲੀ	lachakili:1	lachkeelee:1	lachkeeli:1	lachkili:1
ਲਚਕੀਲੇ	lachakeele:1	lachakile:1	lachkeele:1	lachkile:1
ਲਛਣ	lachan:1	lachann:1	lachhan:1
ਲਛਣਾਂ	lachanan:1	lachhanan:1	lachnan:1
ਲਛਮਣ	lachman:2	lachaman:1	laxman:1
ਲਟ	lat:2	lt:1
ਲਟਕ	latak:2	ltk:1
ਲਟਕਣ	latakan:1	latkan:1	ltkann:1
ਲਟਕਦਾ	latakada:1	latkada:1	ltkdaa:1
ਲਟਕਦੀਆਂ	latakadian:1	latkadiaan:1	ltkdeeaan:1
ਲਟਕਾ	lataka:1	latka:1	ltkaa:1
ਲਟਕੇ	latake:2	ltkay:1
ਲਤ	lat:5	latt:1
ਲਤਾ	lataa:3	lata:2
ਲਤਾੜਿਆ	lataadiaa:1	latadeya:1	latadia:1	latareya:1
ਲਤਿਕਾ	latika:2	latikaa:1
ਲਤੀਨੀ	latini:2	lateenee:1	lateeni:1
ਲਤੀਫ	lateef:1	lateeph:1	lateif:1	latif:1
ਲਤੀਫ਼	lateef:3	lateefa:1	latif:1
ਲਦੀ	ladi:5
ਲਪਕ	lapak:3
ਲਪੇਟ	lapet:6
ਲਪੇਟਣ	lapetan:3
ਲਪੇਟੀ	lapeti:4
ਲਪੇਟੇ	lapete:3
ਲਫਜ	lafaj:4
ਲਫ਼ਜ	lafaj:3
ਲਫ਼ਜਾਂ	lafajaan:1	lafajan:1	lafjan:1
ਲਫ਼ਾਫ਼ੇ	lafaafe:2	lafafe:1
ਲਬ	lab:4
ਲਬਾਣਾ	labaana:1	labaanaa:1	labana:1
ਲਬਾਣੇ	labane:2	labaane:1
ਲਭ	labh:4
ਲਭਣ	labhan:4
ਲਭਣਾ	labhana:2	labhanaa:1	labhna:1
ਲਭਤ	labhat:4
ਲਭਦੇ	labhade:2	labhde:1
ਲਭਿਆ	labhiaa:3	labhiyaa:2	labhia:1
ਲਭੇ	labhe:3
ਲਮਕਦੀਆਂ	lamakdeean:1	lamkadiaan:1	lamkadian:1	lamkadiyaan:1
ਲਮਕਾ	lamka:3	lamakaa:1
ਲਮਕਾਇਆ	lamkaaiaa:1	lamkaiaa:1	lamkaiyaa:1	lamkayia:1
ਲਮਹੇ	lamhe:2	lamahe:1
ਲਲਕਾਰ	lalkar:9	lalkaar:7
ਲਲਕਾਰਾ	lalkara:4	lalkaara:1
ਲਲਕਾਰੇ	lalkare:3	lalkaare:2
ਲਲਿਆਣੀ	laliaani:2	laliyaani:1	laliyani:1
ਲਲਿਤ	lalit:5	lalita:1
ਲਵ	love:10	lav:3	laava:1	laavaa:1
ਲਵਲੀ	lovely:3
ਲਵਾ	lava:8	lva:4
ਲਵਾਇਆ	lavaiaa:1	lavaiya:1	lavaiyaa:1
ਲਵਾਉਣ	lavaaun:2	lavaun:1
ਲਵਾਏ	lavaae:2	lavaye:1
ਲਵੀ	lavi:7
ਲਵੇ	lave:4
ਲਵੇਂਗੀ	lavengi:3
ਲਵੇਗਾ	lavega:3
ਲਵੇਰੀ	laveri:3
ਲਵੋ	lavo:3
ਲਸਣ	lasan:3	lasann:1
ਲਸ਼ਕਰ	lashakar:2	lashkar:1
ਲਸ਼ਕਰਾਂ	lashakaraan:1	lashakaran:1	lashkaran:1
ਲਸ਼ਕਰੀ	lashkari:2	lashakaree:1
ਲਸ਼ਕਰੀਆਂ	lashakareean:1	lashkariaan:1	lashkarian:1	lashkariyaan:1
ਲਸਾੜਾ	lasaada:1	lasaadaa:1	lasada:1
ਲਸੂੜਾ	lasuda:2	lasooda:1
ਲਸੰਸ	lasans:2	license:1
ਲਹਰ	lahar:2	lehar:1
ਲਹਾ	laha:3	lahaa:1
ਲਹਾਸਾ	lahasa:2	lahasaa:1
ਲਹਿ	lahi:4	leh:1
ਲਹਿਜਾ	lahija:3	lahijaa:1
ਲਹਿਜੇ	lahije:3	lehije:1
ਲਹਿਣ	lahin:1	lahinn:1	lehin:1
ਲਹਿਣਾ	lahina:1	lahinaa:1	lehana:1
ਲਹਿਰ	lahir:7
ਲਹਿਰਾ	lahira:2	lahiraa:1	lehira:1
ਲਹਿਰਾਂ	lahiran:2	leharan:1
ਲਹਿਰੀ	lahiree:1	lahiri:1	lehari:1
ਲਹਿਰੀਆ	lahireea:1	lahiria:1	lahiriaa:1	lahiriya:1
ਲਹਿੰਗੇ	lahinge:3
ਲਹਿੰਦੀ	lahindee:1	lahindi:1	lehindi:1
ਲਹਿੰਦੇ	lahinde:3
ਲਹੀ	lahi:2	lahee:1
ਲਹੂ	lahoo:1	lahu:1	lahuu:1
ਲਹੋਰ	lahor:2	lahaur:1	lahore:1
ਲਹੌਰ	lahor:2	lahaur:1	lahore:1
ਲਾਂਗ	lang:4	laang:2	long:2
ਲਾਂਘੇ	langhe:2	laange:1	laanghe:1	lange:1
ਲਾਂਡਰਾਂ	laandran:1	landaran:1	landraan:1	landran:1
ਲਾਂਬਾ	lamba:3	laamba:1	lanba:1
ਲਾਂਬੜਾ	laambda:1	laambra:1	lambada:1	lambarha:1
ਲਾਂਭੇ	laanbhe:1	lambay:1	lambe:1	lanbhe:1
ਲਾਂਵਾਂ	laanvan:1	laanwaan:1	laanwan:1	lanvan:1
ਲਾਂਸ	laans:2	lans:1
ਲਾਅ	laa:3
ਲਾਇ	laai:2	lai:2	lae:1	lay:1
ਲਾਇਆ	laaiaa:3	layiya:3	laia:1	laiaa:1
ਲਾਇਆਂ	laiaan:2	layiyan:1
ਲਾਇਕ	like:2	laaik:1
ਲਾਇਬ੍ਰੇਰੀ	library:10	laibrary:1	laibreri:1	laigheri:1
ਲਾਇਯਨ	laian:1	laiyan:1	lion:1	lyon:1
ਲਾਇਲਪੁਰ	laailpur:1	lailpur:1	lyallpur:1
ਲਾਇਲਪੁਰੀ	laailpuri:1	lailpuri:1	layallpuri:1
ਲਾਇਲਾਜ	laailaj:1	lailaaj:1	lailaj:1
ਲਾਈ	laai:10	lie:10	lai:2	layi:1
ਲਾਈਆਂ	lion:3	laaiaan:2	layiyan:2	lian:1
ਲਾਈਕ	laaik:1	layik:1	like:1
ਲਾਈਟ	light:6
ਲਾਈਟਾਂ	laaitan:1	laitan:1	lightan:1
ਲਾਈਨ	line:4	laain:1	lanin:1	layin:1
ਲਾਈਨਜ	laainaj:1	laninaj:1	linas:1
ਲਾਈਨਾਂ	lainan:2	laainan:1
ਲਾਈਫਟਾਈਮ	lifetime:2	lifelime:1
ਲਾਉਂਦਾ	launda:3	laaunda:1
ਲਾਉਂਦੀ	laundi:2	laaundi:1
ਲਾਉਂਦੀਆਂ	laaundiaan:1	laundian:1	laundiyaan:1	laundiyan:1
ਲਾਉਂਦੇ	laaunde:3	launde:3
ਲਾਉਡ	loud:3	laud:1
ਲਾਉਣ	laun:6	laaun:1	launn:1
ਲਾਉਣਾ	launa:6	laauna:1	launna:1
ਲਾਉਣੀ	launi:2	laauni:1	launni:1
ਲਾਉਣੀਆਂ	launian:1	launiyan:1	launniyaan:1
ਲਾਉਣੇ	laune:3	laaune:1
ਲਾਉਦਾ	laauda:2	lauda:2
ਲਾਉਦੀਆਂ	laaudiaan:1	laudiyan:1	laundian:1	laundiyaan:1
ਲਾਉਦੇ	laude:5	laaude:2
ਲਾਉਸ	laus:2	lause:1	lous:1
ਲਾਏ	laae:4	laye:3	lane:1
ਲਾਓ	lao:3	laao:2	laau:2	laoo:2
ਲਾਓਸ	laaos:1	laaosh:1	laos:1	laosh:1
ਲਾਕ	laak:4	lock:2	lak:1	loc:1
ਲਾਕੇ	laake:1	laaqe:1	lake:1	laqe:1
ਲਾਖ	lakh:6	laakh:5
ਲਾਖੀ	laakhi:2	lakhi:2
ਲਾਗ	laag:10	lag:1
ਲਾਗਤ	laagat:4	lagat:3
ਲਾਗਨ	laagan:2	lagan:2
ਲਾਗਲੇ	laagle:2	lagale:1	lagle:1
ਲਾਗਾਂ	lagan:2	laagan:1
ਲਾਗੀ	laagi:4	lagi:1
ਲਾਗੁ	laagu:2	lagu:2
ਲਾਗੂ	laagu:3	lagu:2
ਲਾਗੇ	laage:4	lage:2
ਲਾਚਾ	lacha:3	laacha:1
ਲਾਚਾਰ	laachar:2	lachar:2
ਲਾਜ	laaj:5	laj:1
ਲਾਜਪਤ	lajpat:3	laajpat:2
ਲਾਜਮੀ	laajami:1	laajmi:1	lajami:1
ਲਾਜਵੰਤੀ	laajvanti:1	laajwanti:1	lajvanti:1
ਲਾਜ਼ਮੀ	laazmi:3	laajmi:2	laazami:1	lazami:1
ਲਾਜਿਕ	laajik:2	lajik:1
ਲਾਟਰੀ	laatari:1	laatri:1	lotery:1	lottary:1
ਲਾਟੀ	laaati:1	laati:1	lati:1	latti:1
ਲਾਟੂ	laatu:2	lattu:1
ਲਾਠੀਚਾਰਜ	laathicharge:2	lathicharaj:1
ਲਾਡ	laad:9	lad:5
ਲਾਡਲਾ	laadla:2	ladala:1	ladla:1
ਲਾਡਲਿਆਂ	laadaliaan:2	laadaliyaan:1	ladaliyan:1
ਲਾਡਲੀ	laadli:4	ladali:1	ladli:1
ਲਾਡਲੇ	laadle:3	ladale:1	ladle:1
ਲਾਡੀ	laadi:4	ladi:4
ਲਾਡੋ	lado:3	laado:1
ਲਾਣ	laan:2	lan:2
ਲਾਣਾ	lana:4
ਲਾਣੇ	laane:2	lane:1
ਲਾਤਵੀਆ	latevia:1	latvia:1	latviaa:1	latviia:1
ਲਾਦੇ	lade:2	laade:1
ਲਾਦੇਨ	laden:4	laadeen:1	laaden:1	ladain:1
ਲਾਪਤਾ	lapata:2	laapata:1
ਲਾਪਰਵਾਹੀ	laparvahi:2	laaparwahi:1
ਲਾਬਰਾਡੋਰ	laabraador:1	labaradora:1	labradar:1	labradoor:1
ਲਾਬਿੰਗ	labbin:1	labbing:1	lobbin:1	lobbing:1
ਲਾਬੀ	labi:3	laabi:2	labee:1	labii:1
ਲਾਭ	labh:6	laabh:4
ਲਾਭਕਾਰੀ	labhkari:3
ਲਾਭਦਾਇਕ	labhdaik:2	labhdayik:1
ਲਾਭਪਾਤਰੀਆਂ	labhpatariaan:1	labhpatariyan:1	labhyatariaan:1
ਲਾਮ	laam:2	lam:2
ਲਾਮਬੰਦ	laamband:1	lambad:1	lamband:1
ਲਾਮਬੰਦੀ	laambandi:1	lambandi:1	lambodi:1
ਲਾਮਾ	laama:1	laamaa:1	lama:1
ਲਾਮਾਂ	laman:3
ਲਾਮਿਸਾਲ	lamisal:2	laamisal:1
ਲਾਮੀ	lami:2	laami:1
ਲਾਰ	laar:3	lar:3
ਲਾਰਡ	loard:1	lord:1	lurd:1
ਲਾਰਵਾ	laarava:1	larava:1	larva:1
ਲਾਰਸਨ	larson:2	laarasan:1	larman:1	larshion:1
ਲਾਰਾ	lara:4	laara:1	laaraa:1
ਲਾਰੀਸਾ	lariissa:1	larishsha:1	larissa:1
ਲਾਰੇਂਸ	laarens:1	larenas:1	larens:1	lawrance:1
ਲਾਰੇਟੋ	laooretoo:1	laoreeto:1	laoreto:1	laureeto:1
ਲਾਰੇਨ	laren:1	lawrane:1	loren:1
ਲਾਰੈਂਸ	laraens:1	lawrance:1	lorains:1
ਲਾਲ	lal:10	laal:3
ਲਾਲਚ	laalach:2	lalach:2
ਲਾਲਚੀ	laalachi:2	lalachi:1	lalchi:1
ਲਾਲਟੈਣ	laalataen:1	laaltain:1	laltaen:1	laltain:1
ਲਾਲਨ	laalan:2	lalan:1
ਲਾਲਸਾ	laalasa:1	laalsa:1	lalsa:1
ਲਾਲਸਾਵਾਂ	laalasavan:1	laalsavan:1	lalsavan:1
ਲਾਲਾ	lala:3	laala:2	laalaa:1	lalaa:1
ਲਾਲੀ	lali:6	laalee:1	laali:1
ਲਾਲੂ	lalu:2	laalu:1
ਲਾਲੋ	lalo:2	laalo:1
ਲਾਵਾਂ	lavan:2	lavaan:1	lawan:1
ਲਾਵੇਗਾ	laavega:2	lavaga:1	lavega:1	lawega:1
ਲਾਸ	las:4	laas:3	lass:1	loss:1
ਲਾਸ਼	laash:4	las:1	lash:1
ਲਾਸ਼ਾਂ	lashan:2	lasan:1
ਲਾਸਾ	lasa:2	laasa:1
ਲਾਸਾਂ	lasan:3
ਲਾਸਾਨੀ	lasani:3
ਲਾਹ	laah:4	lah:3
ਲਾਹਣ	lahan:2	laahan:1
ਲਾਹਨਤ	laahnat:3	lahanat:1	lahnat:1
ਲਾਹਾ	laha:3	laaha:1
ਲਾਹਿਆ	laahiaa:2	lahiya:1	lahiyaa:1
ਲਾਹੁਣ	laahun:2	lahun:2
ਲਾਹੁੰਦਾ	lahunda:3
ਲਾਹੁੰਦੀ	lahundi:2	laahundi:1
ਲਾਹੇਬੰਦ	laheband:3
ਲਾਹੇਵੰਦ	lahevand:2	laahewand:1
ਲਾਹੋਰ	lahore:3
ਲਾਹੌਰ	lahore:10
ਲਾੜਾ	laada:1	laara:1	laarha:1	lada:1
ਲਾੜੀ	ladi:3	laarhi:1	ladee:1	lari:1
ਲਾੜੀਆਂ	laarhiyan:1	ladiaan:1	ladian:1	ladiyan:1
ਲਾੜੇ	laade:1	laare:1	laarhe:1	lade:1
ਲਿਆ	liya:4	liaa:3	lia:2
ਲਿਆਂ	liyan:2	liaan:1	lian:1
ਲਿਆਂਦਾ	liyanda:6	liaanda:3	liana:2
ਲਿਆਂਦੀ	liyandi:4	liaandi:2	liandi:2
ਲਿਆਂਦੀਆਂ	liaandiaan:1	liandian:1	liandiyan:1	liyandiyan:1
ਲਿਆਂਦੇ	liyande:4	liaande:2	liande:2
ਲਿਆਇਆ	liaia:2	liyaia:2	liyayiya:2	leyayea:1
ਲਿਆਈ	leyayi:1	liaaee:1	liai:1	liayee:1
ਲਿਆਈਆਂ	leyayiyan:1	liaian:1	liayiaan:1	liyaian:1
ਲਿਆਉ	leyau:1	liaau:1	liaoo:1	liau:1
ਲਿਆਉਂਦਾ	liaunda:2	leyayunda:1	liaoonda:1
ਲਿਆਉਂਦੀ	liaundi:2	leyayundi:1	liaondi:1	liaundee:1
ਲਿਆਉਂਦੀਆਂ	leyayundiyan:1	liaundiaan:1	liaundian:1	liaundiyan:1
ਲਿਆਉਂਦੇ	liaunde:2	leyayunde:1	liaonde:1
ਲਿਆਉਣ	liaaunn:4	leyaun:3	liaun:3	liaoon:2
ਲਿਆਉਣਾ	liauna:2	leyayuna:1	liaoona:1
ਲਿਆਉਣੀ	liauni:2	leyayuni:1	liaunee:1	liyauni:1
ਲਿਆਏ	liaye:2	leyaye:1	liaae:1
ਲਿਆਏਗਾ	leyayega:1	liaega:1	liayega:1	liyega:1
ਲਿਆਓ	liao:2	leyao:1	leyayu:1	liyao:1
ਲਿਆਕਤ	liakat:2	leyakat:1	liyakat:1
ਲਿਆਕੇ	liake:2	liyake:2
ਲਿਆਣ	liaan:2	leyaan:1	liyaan:1
ਲਿਆਵਾ	liawa:1	likhawa:1	liyava:1	liyawa:1
ਲਿਆਵੇ	liave:1	liawe:1	likhawe:1	liyave:1
ਲਿਆਵੋ	liaawo:1	liavo:1	liawo:1	liyavo:1
ਲਿਉ	liu:3	liou:2	leo:1	lio:1
ਲਿਊਕੀਮੀਆ	leukemia:1	leukimia:1	lioukeemia:1	liukimiaa:1
ਲਿਊਕੋਸਾਈਟਸ	leukocytes:1	leukocytesh:1	leukoocytes:1	leuqocytes:1
ਲਿਏ	liye:2	liae:1	lie:1
ਲਿਏਂਡਰ	leander:2	liaendar:1
ਲਿਓ	leo:1	lio:1	liyo:1
ਲਿਓਨ	leon:1	lion:1	liyon:1
ਲਿਓਨਾਰਦੋ	leonardo:2	lionardo:1
ਲਿਖ	likh:6
ਲਿਖਕੇ	likhke:2	likhake:1	likhqe:1
ਲਿਖਣ	likhan:5	likhann:1
ਲਿਖਣਾ	likhana:2	likhna:1
ਲਿਖਣੀ	likhani:3
ਲਿਖਣੀਆਂ	likhaniyan:2	likhaniaan:1	likhanian:1
ਲਿਖਤ	likhat:3
ਲਿਖਤਾ	likhata:1	likhta:1	likhtaa:1
ਲਿਖਤਾਂ	likhatan:1	likhtaan:1	likhtan:1
ਲਿਖਤੀ	likhati:2	likhti:1
ਲਿਖਤੇ	likhte:2	likhate:1
ਲਿਖਦਾ	likhda:2	likhada:1
ਲਿਖਦਿਆਂ	likhadeyan:1	likhdia:1	likhdiaan:1
ਲਿਖਦੀ	likhdi:2	likhadi:1
ਲਿਖਦੇ	likhde:2	likhade:1
ਲਿਖਵਾਇਆ	likhavaia:1	likhavayea:1	likhvaaia:1	likhwaia:1
ਲਿਖਵਾਈਆਂ	likhavayiyan:1	likhvaeea:1	likhwaiaan:1
ਲਿਖਵਾਉਣ	likhavayun:1	likhvaun:1	likhwaunn:1
ਲਿਖਵਾਏ	likhavaye:1	likhvae:1	likhwae:1	likhwaye:1
ਲਿਖ਼ਤਾਂ	likhatan:1	likhtaan:1	likkhtan:1
ਲਿਖਾਇ	likhayi:2	likhai:1
ਲਿਖਾਈ	likhayi:2	likhaee:1
ਲਿਖਾਈਆਂ	likhaeeaan:1	likhayian:1	likhayiyan:1
ਲਿਖਾਰੀ	likhari:5	likhaari:1
ਲਿਖਾਰੀਆਂ	likhareyan:1	likhariaan:1	likhariyan:1
ਲਿਖਾਵਟ	likhavat:3	likhawat:2
ਲਿਖਿਆ	likheya:2	likhiaa:2	likhiya:2
ਲਿਖਿਆਂ	likhiaan:1	likhian:1	likhiyan:1
ਲਿਖਿਤ	likhit:3
ਲਿਖੀ	likhi:3	lekhi:1
ਲਿਖੀਂ	likhin:2	likhee:1
ਲਿਖੀਆ	likhiya:2	likhia:1	likhiaa:1
ਲਿਖੀਆਂ	likhiyan:2	likhiaan:1	likhian:1
ਲਿਖੂੰ	likhuun:2	likhun:1
ਲਿਖੇ	likhe:3
ਲਿਖੇਗਾ	likhega:3
ਲਿਖੋ	likho:3	likhau:1
ਲਿਜਾ	lija:3	leja:1	liza:1
ਲਿਜਾਂਦਾ	lijaanda:1	lijada:1	lijanda:1
ਲਿਜਾਂਦੀ	lijaandi:1	lijadee:1	lijandi:1
ਲਿਜਾਂਦੀਆਂ	lijaandian:1	lijandiaan:1	lijandiyan:1
ਲਿਜਾਂਦੇ	lijande:2	lijaande:1
ਲਿਜਾਇਆ	lijaia:3	lijaiya:2	lejayeya:1	lejayia:1
ਲਿਜਾਉਂਦੇ	lijaunde:2	lejayunde:1	lijaounde:1
ਲਿਜਾਉਣ	lijaun:2	lejayun:1	lijaoun:1
ਲਿਜਾਏ	lejaye:1	lijae:1	lijaye:1
ਲਿਜਾਣ	lijan:2	lejaan:1	lejan:1
ਲਿਜਾਣਾ	lejaana:1	lijana:1	lijanna:1
ਲਿਟ	litt:2	lit:1
ਲਿਟਰ	litar:2	liter:2	litre:1	litter:1
ਲਿਟਰਾ	litera:1	litra:1	littra:1
ਲਿਟਰੇਰੀ	literary:3	littreri:1
ਲਿਟਰੇਸੀ	literacy:3
ਲਿਟਲ	little:2	lital:1
ਲਿਤਾੜੇ	litade:1	litare:1	litarhe:1
ਲਿਥੂਆਨੀਆ	lithuania:2	lithuaania:1
ਲਿਨ	lin:4	linn:1
ਲਿਪਟੇ	lipte:2	lipate:1	liptey:1
ਲਿਪਤ	lipat:3
ਲਿਪਸਟਿਕ	lipstick:3	lipstic:1	lipstik:1
ਲਿਪੀ	lipi:3
ਲਿਪੀਅੰਤਰ	lipiantar:2	lipianter:1
ਲਿਪੀਅੰਤਰਨ	lipiantaran:2	lipiantran:2
ਲਿਪੀਆਂ	lipian:2	lipiyan:1	lipyan:1
ਲਿਪੀਆਂਤਰ	lipiantar:1	lipianter:1	lipiyantar:1
ਲਿਪੀਆਤਮਕ	lipiatmak:3	lipiaatmak:1
ਲਿਫਟ	lift:4	lifat:1	lipht:1
ਲਿਫਟਿੰਗ	lifting:3	lifating:1
ਲਿਫਾਫੇ	lifafe:2	lefafe:1	lifaafe:1
ਲਿਬਨਾਨ	libanan:1	libhnan:1	libnaan:1	libnan:1
ਲਿਬਰਟੀ	leebarty:1	leeberti:1	leeberty:1	libartey:1
ਲਿਬਰਲ	libaral:1	libarall:1	liberal:1	liberall:1
ਲਿਬਰਲਜ਼	libaralaz:1	libaralz:1	libarlaj:1	libarlajh:1
ਲਿਬਾਸ	libaas:2	libas:2
ਲਿਬਾਸਾਂ	libasan:2	lebasan:1	libasaan:1
ਲਿਮ	lim:1	lima:1	limm:1
ਲਿਮਕਾ	limca:2	limka:2	limaka:1
ਲਿਮਟਿਡ	limited:3	limted:1
ਲਿਮਿਟਡ	limited:2	limitd:1	limted:1
ਲਿਮਿਟਿਡ	leemeeted:1	liimiited:1	limited:1
ਲਿਲੀ	lilee:2	liilliie:1	lili:1	lilie:1
ਲਿਵ	live:4	liw:2	liv:1	liva:1
ਲਿਵਰਪੂਲ	livarpool:1	livarpul:1	liverpool:1	liverpul:1
ਲਿਸਟ	list:7	lisata:1	lisht:1
ਲਿਸਬਨ	lisban:2	lisbon:1
ਲਿਸ਼ਕਦਾ	lishkada:2	lishakada:1	liskada:1
ਲਿਸ਼ਕਦੀ	lishkadi:2	lishakdee:1	lishakdi:1	liskadi:1
ਲਿਸ਼ਕਾਰਾ	lishkara:3	liskara:1
ਲਿਸ਼ਕੋਰ	lishkor:3	liskor:1
ਲਿਸੋਥੋ	lisotho:3
ਲਿਹਰ	lihar:2	liher:1
ਲਿਹਾਜ	lihaj:3
ਲਿਹਾਜ਼	lihaz:3	lihaaz:1
ਲਿਹਾਜ਼ਾ	lihaja:1	lihaza:1	lihazaa:1
ਲਿੰਕ	link:4	lika:1	linq:1
ਲਿੰਕਨ	lincoln:1	lincon:1	linkan:1	linken:1
ਲਿੰਗ	ling:6
ਲਿੰਗਕਤਾ	lingakataa:1	lingakta:1	lingaktaa:1	lingaqta:1
ਲਿੰਗੀ	lingi:2	lingee:1
ਲਿੰਡਸੇ	lindsay:3	lindse:2	lindsey:1
ਲਿੰਡਾ	linda:4	lida:1	lindaa:1	lindda:1
ਲਿੰਫ	linf:3
ਲਿੱਖ	likh:2	likkh:1
ਲਿੱਖਣ	likhan:2	likkhan:1
ਲਿੱਖਦਾ	likhada:1	likkda:1	likkhdaa:1
ਲਿੱਖਿਆ	likhiya:1	likkheya:1	likkhiaa:1
ਲਿੱਖੀ	likhi:2	likkhi:1
ਲਿੱਖੇ	likhe:2	likkhe:1
ਲਿੱਟ	litt:3
ਲਿੱਤਾ	litta:2	lita:1
ਲਿੱਤੀ	litti:2	liti:1
ਲਿੱਦ	lidd:3	liddh:1
ਲਿੱਪੀ	lippi:2	lipi:1
ਲਿੱਪੀਆਂ	lipiyan:1	lippian:1	lippiyan:1
ਲੀ	lee:2	li:2	liee:1	lii:1
ਲੀਆ	leeya:1	lia:1	liaa:1	liha:1
ਲੀਆਂ	liaan:1	lian:1	liyan:1
ਲੀਏ	liye:3	lee:1	lie:1	lii:1
ਲੀਓ	leo:2	liau:1
ਲੀਕ	leek:3	leeq:2	liik:2	leak:1
ਲੀਕਾਂ	leekaan:1	leekan:1	likan:1
ਲੀਗ	league:3	leeg:1
ਲੀਗਲ	legal:1	legel:1	ligal:1	liigal:1
ਲੀਗਾ	leaga:1	leega:1	liga:1
ਲੀਜ਼	leez:3
ਲੀਜਾ	leeja:2	lija:2
ਲੀਡ	lead:1	led:1	leed:1	leid:1
ਲੀਡਰ	leadar:1	leader:1	leder:1	leedar:1
ਲੀਡਰਸ਼ਿਪ	leadership:4	leadarship:1	ledarship:1	ledership:1
ਲੀਡਰਾਂ	leadaran:1	leaderaan:1	leadran:1
ਲੀਡਸ	leads:2	leades:1
ਲੀਤਾ	leeta:3	lita:1
ਲੀਥੀਅਮ	lithium:3
ਲੀਨ	leen:3
ਲੀਨਾ	leena:4	leenaa:1	liina:1	lina:1
ਲੀਪ	leap:1	leep:1	liip:1
ਲੀਬੀਆ	libiya:3	libia:2	leebiaa:1	libiaa:1
ਲੀਮਾ	lima:4	leema:2	leemaa:2	liima:1
ਲੀਯੋ	liyo:2	leeyo:1	leo:1	leyo:1
ਲੀਰਾ	lira:3	leera:1	leeraa:1
ਲੀਰਾਂ	liran:3	leeraan:1	leeran:1
ਲੀਲ	leel:3	lil:1
ਲੀਲਾ	leela:5	liila:2	lila:2	leelaa:1
ਲੀਲਾਵਾਂ	leelavan:1	leelawaan:1	leelawan:1	lilawan:1
ਲੀਲ੍ਹਾ	leela:1	leelha:1	leelhaa:1	lila:1
ਲੀਵਰ	leevar:1	levar:1	lever:1	liivar:1
ਲੀਸਾ	leesa:2	lisa:2	lesaa:1	leshaa:1
ਲੀੜਾ	leeda:2	leerha:2
ਲੀੜੇ	lide:2	leede:1	leerhe:1
ਲੁਇਸ	luis:3	louis:1
ਲੁਈ	lui:3	luee:1	luyi:1
ਲੁਈਸ	luis:4	louis:1	luish:1
ਲੁਈਸਿਆਨਾ	louecana:1	loueciana:1	louesana:1	loueshiana:1
ਲੁਕ	luk:2	look:1
ਲੁਕਣ	lukan:2	lukann:1
ਲੁਕਦੇ	lukde:2	lukade:1	lukday:1
ਲੁਕਮਾਨ	lukmaan:2	lukman:2
ਲੁਕਵੇਂ	lukaven:1	lukawein:1	lukwe:1
ਲੁਕਾ	luka:3	looca:1	luca:1
ਲੁਕਾਇਆ	lukaia:1	lukaiaa:1	lukayiya:1	lukiaya:1
ਲੁਕਾਉਣ	lukaun:2	lukaaunn:1	lukaon:1
ਲੁਕਿਆ	lukiya:4	lukia:2	lukiaa:2
ਲੁਕੀ	lukee:2	luki:2
ਲੁਕੀਆਂ	lukiyan:2	lukeeaan:1	lukiaan:1	lukian:1
ਲੁਕੇ	luke:3	lukay:1
ਲੁਕੋ	luko:3	lukou:1
ਲੁਟੇਰਾ	lutera:2	luteraa:1
ਲੁਟੇਰਿਆਂ	luteriaan:2	luterian:1
ਲੁਟੇਰੇ	lutere:3
ਲੁਧਿਆਣਵੀ	ludhiaanavee:1	ludhianavee:1	ludhianavi:1
ਲੁਧਿਆਣਾ	ludhiana:8	ludhiaana:2	ludhana:1	ludhiaanaa:1
ਲੁਧਿਆਣੇ	ludhiane:2	ludhiaane:1
ਲੁਪਤ	lupat:2	lupt:1
ਲੁਬਾਣਾ	lubana:2	lubaanna:1
ਲੁਬਾਣਿਆਂ	lubaannian:1	lubaniaan:1	lubaniyan:1
ਲੁਭਾਉਣ	lubhaun:2	lubhaunn:1
ਲੁਭਾਣ	lubhan:2	lubhann:1
ਲੁਭਾਵਣਾ	lubhaawnna:1	lubhavana:1	lubhawana:1
ਲੁਹਾਨ	luhaan:2	luhan:2
ਲੁਹਾਰ	luhaar:2	luhar:2
ਲੁਹਾਰਾ	luhara:3	luhaara:1
ਲੁੜੀਂਦਾ	ludinda:2	lurheenda:1	lurhinda:1
ਲੁੱਕਾ	lukka:2	luka:1
ਲੁੱਕਿਆ	lukiya:1	lukkiaa:1	lukkian:1	lukkiyan:1
ਲੁੱਟ	lutt:3	loot:1	lut:1	luut:1
ਲੁੱਟਣ	lutan:1	luttan:1	luttann:1
ਲੁੱਟਣਾ	lutana:1	luttanna:1	luttna:1
ਲੁੱਟਦਾ	luttda:2	lutada:1
ਲੁੱਟਮਾਰ	luttmaar:2	lutmar:1
ਲੁੱਟਿਆ	luttiaa:3	loottiya:1	lutiya:1	luttia:1
ਲੁੱਟੀ	luttee:2	lutti:1
ਲੁੱਟੀਆਂ	lutteaan:1	luttiaan:1	luttian:1
ਲੁੱਟੇ	lutte:3
ਲੂ	lu:2	loo:1	luu:1
ਲੂਆਂ	luaan:1	luuaan:1	luuyan:1	luyan:1
ਲੂਇਸ	louis:1	luis:1	luuyis:1
ਲੂਈ	lui:2	looi:1	louie:1	louuie:1
ਲੂਈਸ	louis:2	luis:1	luuis:1
ਲੂਕਾ	luka:4	luuka:3	luqa:2	loka:1
ਲੂਣ	loon:2	lun:1
ਲੂਣਾ	luna:2	loona:1	loonaa:1
ਲੂਣਾਂ	loonaan:1	loonan:1	lunan:1
ਲੂਥਰ	loothar:2	loother:2	luthar:2	luther:2
ਲੂਪ	loop:4	lup:1	luup:1
ਲੂਸ	loos:2	luus:1
ਲੂਸੀ	lucy:2	luusi:2	loci:1	locy:1
ਲੂਸੀਆ	loosia:1	lusiya:1	luusia:1	luusiya:1
ਲੂਸੀਆਨਾ	louisiana:1	lusiana:1	luusiaana:1	luusiyana:1
ਲੂਹਰੀਆਂ	luharian:1	luhariyan:1	luuharian:1	luuhariyan:1
ਲੂੰ	loon:1	lun:1	lunn:1	luun:1
ਲੂੰਗੀ	loongee:2	loongi:2	lungi:2
ਲੂੰਬਾ	loomba:2	lunba:1
ਲੂੰਬੜੀ	loombadee:1	loombdi:1	lumbadi:1
ਲੇਂਗੇ	lenge:3
ਲੇਂਦਾ	lenda:4	lendaa:2
ਲੇਂਦੇ	lende:3
ਲੇਂਸ	lans:1	lansh:1	leencee:1	leens:1
ਲੇਅਰ	lair:1	layer:1	leyar:1	leyer:1
ਲੇਈ	leei:1	lei:1	leii:1
ਲੇਕ	lake:3
ਲੇਕਿਨ	lekin:5
ਲੇਕੇ	leke:3
ਲੇਖ	lekh:3
ਲੇਖਕ	lekhak:4	lekhaq:1
ਲੇਖਕਾ	lekhaka:1	lekhakaa:1	lekhka:1	lekhqa:1
ਲੇਖਕਾਂ	lekhakaan:1	lekhakan:1	lekhkan:1	lekhqan:1
ਲੇਖਕੀ	lekhaki:2	lekhakee:1	lekhaqi:1
ਲੇਖਣ	lekhan:3
ਲੇਖਣੀ	lekhanee:1	lekhani:1	lekhni:1
ਲੇਖਨ	lekhan:3
ਲੇਖ਼ਕ	lekhak:2	lekkhak:1	lekkhaq:1
ਲੇਖਾ	lekha:3
ਲੇਖਾਂ	lekhan:2	lekhaan:1
ਲੇਖਾਕਾਰ	lekhakaar:2	lekhakar:1	lekhaqar:1
ਲੇਖਿਕਾ	lekhika:3	lekhiqa:1
ਲੇਖਿਕਾਵਾਂ	lekhikavaan:1	lekhikavan:1	lekhikawan:1	lekhiqawan:1
ਲੇਖੇ	lekhe:3
ਲੇਜ਼ਰ	lezar:2	lasor:1
ਲੇਟ	late:2	let:1
ਲੇਟਨ	letan:2	layton:1	laytun:1	leeiton:1
ਲੇਡ	led:2	laid:1	ledd:1
ਲੇਡੀ	ladee:1	ladii:1	lady:1	ledee:1
ਲੇਡੀਜ਼	ladies:3
ਲੇਣ	lain:2	len:1	lenn:1
ਲੇਣਾ	lena:2	lenaa:1	lenna:1
ਲੇਨ	lain:2	lane:1
ਲੇਨਾ	lena:2	lenaa:1
ਲੇਪ	laip:1	lap:1	lep:1
ਲੇਪਨ	lepan:2	lapen:1
ਲੇਫਟ	left:3
ਲੇਬਨਾਨ	lebnaan:3	lebaanon:1	lebanaan:1	lebanon:1
ਲੇਬਰ	labour:5	laboar:2	labor:2	lebar:2
ਲੇਬਲ	label:4	labeel:1	lebel:1	leebeel:1
ਲੇਰਾਂ	leraan:2	leran:1
ਲੇਲੇ	lele:4
ਲੇਵਾ	leva:3	lewa:1
ਲੇਵਾਂਤ	levaant:2	levant:1	lewant:1
ਲੇਵਿਸ	leewis:1	leviis:1	levis:1	lewiis:1
ਲੇਵੀ	levi:4	levee:3	lewi:3	levii:2
ਲੇਸ	lace:2	lays:1
ਲੇਸਟੇ	leestee:1	leshte:1	leste:1
ਲੇਸਬੀਅਨ	lesbian:4	laeesbeean:1	laesbeean:1	laesbeen:1
ਲੇਸਲੀ	lesali:2	lesalee:1	leslie:1
ਲੇਹ	leh:4	leeh:1	leha:1
ਲੈਂ	lain:2	laen:1	lein:1
ਲੈਂਗਿਕ	laingik:2	laengik:1	laengiq:1	laingiq:1
ਲੈਂਗੁਏਜ	language:3
ਲੈਂਡ	land:4	laend:1	laind:1
ਲੈਂਥ	length:3	lainth:2	laenth:1	lenth:1
ਲੈਂਦਾ	lainda:6	lenda:2	laenda:1
ਲੈਂਦਿਆਂ	laindiaan:4	laindiyan:2	lendiyan:2	laendiaan:1
ਲੈਂਦੀ	laindi:2	laindee:1	lendi:1
ਲੈਂਦੀਆਂ	laindeeaan:1	laindiaan:1	laindian:1	laindiyan:1
ਲੈਂਦੇ	lainde:6	lende:1
ਲੈਂਪ	lamp:3
ਲੈਅ	laea:1	lai:1	laia:1	lay:1
ਲੈਕ	lack:1	lake:1	lek:1
ਲੈਕਚਰ	lecture:3
ਲੈਕਚਰਾਂ	lecturaan:1	lecturan:1	lokecharan:1
ਲੈਕਮੇ	lakme:2	laikme:1
ਲੈਕੇ	laike:2	leke:1	lekey:1
ਲੈਜਾਣਾ	laijana:2	lejana:1
ਲੈਣ	lain:1	lainn:1	len:1
ਲੈਣਗੇ	lainage:1	lainge:1	lengey:1
ਲੈਣਾ	laina:1	lainaa:1	lena:1
ਲੈਣੀ	lainee:1	laini:1	lenee:1	leni:1
ਲੈਣੇ	laine:2	lene:1
ਲੈਦਾ	laida:1	laidaa:1	leda:1
ਲੈਦਾਂ	laidaan:1	laidan:1	ledaan:1
ਲੈਦੀ	laidee:1	laidi:1	ledi:1
ਲੈਦੀਆਂ	laideean:1	laidian:1	lediaan:1
ਲੈਦੇ	laide:2	ledey:1
ਲੈਨ	lain:1	lane:1	late:1	len:1
ਲੈਨਿਨ	lainin:2	lenin:2	laenin:1	lainina:1
ਲੈਨੀ	lainee:1	laini:1	leni:1
ਲੈਪਟਾਪ	laptop:3	laeptop:1	laptap:1
ਲੈਪਰਡ	leopard:3	lepard:1
ਲੈਫ	laef:1	laif:1	laiph:1	lef:1
ਲੈਫਟੀਨੈਂਟ	leftenant:2	leftinent:1	leutinent:1
ਲੈਫ਼ਟੀਨੈਂਟ	leftenant:2	leftinent:1	leutinent:1
ਲੈਬਨਾਨ	lebanon:1	lebnon:1	lebonan:1
ਲੈਰੀ	laeree:1	laeri:1	laerri:1	larry:1
ਲੈਲਾ	laila:3	laela:2	laelaa:1	lailaa:1
ਲੈਵਲ	lebel:1	level:1	lewel:1
ਲੈਵੀ	levi:2	laewi:1	laivee:1	laivi:1
ਲੈਸ	less:3	laes:2	laesh:1	lais:1
ਲੈਸਟਰ	laestar:2	lester:2	laeshtar:1	laeshter:1
ਲੈਸਬੀਅਨ	lesbian:3
ਲੈਸਲੀ	laesli:1	laisli:1	leslaee:1	leslie:1
ਲੈੱਗ	leg:2	lagg:1	laig:1
ਲੈੱਨਜ਼	lainaz:1	lainazz:1	lennz:1
ਲੋਂਗ	long:3
ਲੋਅ	loa:2	low:1
ਲੋਇਡ	lloyd:1	loid:1	loyd:1
ਲੋਈ	loyi:2	loee:1	loi:1	loii:1
ਲੋਕ	lok:4	lock:1	look:1	loq:1
ਲੋਕਗੀਤ	lokgeet:3
ਲੋਕਗੀਤਾਂ	lokgeetaan:1	lokgeetan:1	lokgitan:1
ਲੋਕਤੰਤਰ	loktantar:3
ਲੋਕਤੰਤਰਿਕ	loktantarik:2	loktantrik:1
ਲੋਕਤੰਤਰੀ	loktantari:1	loktantree:1	loktantri:1
ਲੋਕਦਲ	lokdal:3
ਲੋਕਧਾਰਾਈ	lokdharayi:2	lokdharaii:1
ਲੋਕਨਾਇਕ	loknaaik:1	loknaiik:1	loknayak:1
ਲੋਕਨਾਚ	loknach:3
ਲੋਕਪਾਲ	lokpal:4	lokepal:1	lokpaal:1	lookepal:1
ਲੋਕਪ੍ਰਿਅ	lokpria:1	lokpriy:1	lokpriya:1
ਲੋਕਪ੍ਰਿਅਤਾ	lokpriyata:2	lokpriata:1
ਲੋਕਪ੍ਰਿਆ	lokpriya:2	lokpriaa:1
ਲੋਕਪ੍ਰਿਯ	lokpriy:2	lokpriya:1
ਲੋਕਪ੍ਰਿਯਤਾ	lokpriyata:2	lokpriyta:1
ਲੋਕਪੱਖੀ	lokpakkhi:3	lokpakkhee:1
ਲੋਕਮਨ	lokman:3
ਲੋਕਯਾਨ	lokyaan:2	lokyan:1
ਲੋਕਯਾਨਿਕ	lokyanik:2	lokyaanik:1
ਲੋਕਰਾਜ	lokraj:3
ਲੋਕਰਾਜੀ	lokraji:3	lokrajee:1
ਲੋਕਲ	local:5	lacal:1	lokal:1	lokala:1
ਲੋਕਵਾਦੀ	lokwadi:2	lokvadee:1	lokvadi:1
ਲੋਕਸਭਾ	loksabha:3
ਲੋਕਾ	loka:3	lauka:1
ਲੋਕਾਂ	lokan:4	lokaan:2
ਲੋਕਾਈ	lokai:2	lokaii:2	lokayi:2	lokaai:1
ਲੋਕਾਚਾਰ	lokachar:2	lokachaar:1
ਲੋਕਾਚਾਰੀ	lokachari:3	lokacharee:1
ਲੋਕੀ	loki:3	lokee:1
ਲੋਕੀਂ	lokeen:2	lokin:1
ਲੋਕੇਸ਼ਨ	location:3
ਲੋਕੋ	loko:4	loco:1	locoo:1	locu:1
ਲੋਗ	log:3
ਲੋਗਨ	logan:3
ਲੋਗੋ	logo:4	loogoo:1
ਲੋਗੋਂ	logon:3
ਲੋਗੋਵਾਲ	logowal:2	logoval:1
ਲੋਚਣ	lochan:3	lauchan:1
ਲੋਚਦਾ	lochada:2	lauchada:1	lochda:1
ਲੋਚਦੀ	lauchadi:1	lochadee:1	lochadi:1	lochdee:1
ਲੋਚਾ	locha:3	laucha:1
ਲੋਟ	lot:4	laut:1	loat:1	loet:1
ਲੋਟਪੋਟ	lotpot:3
ਲੋਟਸ	lotus:4	lootas:1	lootus:1	lotas:1
ਲੋਟੋ	loto:4	lauto:1	lootoo:1	loottoo:1
ਲੋਡ	load:1	lod:1	lode:1	looad:1
ਲੋਢਾ	lodha:3	laudha:1
ਲੋਥਾ	lotha:2	lothaa:1
ਲੋਦੀ	lodi:2	lodee:1
ਲੋਧੀ	lodhi:2	lodhee:1
ਲੋਨ	loan:1	loen:1	lon:1	looan:1
ਲੋਪ	lop:2	lodh:1
ਲੋਪੇਜ਼	lopez:3
ਲੋਬ	lob:3
ਲੋਭ	lobh:8
ਲੋਭੀ	lobhi:4
ਲੋਰਕਾ	lorka:3
ਲੋਰੀ	lori:5	loori:1	loorii:1	loorri:1
ਲੋਰੀਆ	loreeaa:1	loria:1	loriaa:1
ਲੋਰੀਆਂ	loriaan:3
ਲੋਲਾ	lola:5	lolla:1	loola:1	loolla:1
ਲੋਲਿਤਾ	loleeta:1	loliita:1	lolita:1	looleeta:1
ਲੋਲੋ	lolo:3
ਲੋਹ	loh:3	lauh:1
ਲੋਹਗੜ੍ਹ	lohagadh:1	lohgadah:1	lohgarh:1
ਲੋਹਾ	loha:2	lohaa:1
ਲੋਹਾਰ	lohar:3
ਲੋਹਾਰਾ	lohara:3
ਲੋਹੇ	lohe:3
ਲੋਹੜੀ	lohadi:3	lohri:2	lohari:1	lohdaee:1
ਲੋਹੜੇ	lohade:3
ਲੋੜ	lod:5	lorh:3	load:1	loda:1
ਲੋੜਵੰਦ	lodvand:3	laudwand:1	lodavand:1	lodwand:1
ਲੋੜਵੰਦਾ	lodvanda:2	lodwandaa:1	lorhwanda:1
ਲੋੜਾ	loda:2	lodaa:1	lorha:1
ਲੋੜਾਂ	lodaan:3	lodadann:1	lodan:1	lorhaan:1
ਲੋੜੀਂਦਾ	lodinda:2	lodaeendaa:1	lodeenda:1	lodeendaa:1
ਲੋੜੀਂਦੀ	lodeendee:1	lodindi:1	lorhindi:1
ਲੋੜੀਂਦੀਆਂ	lodeendiaan:2	lodeendian:1	lodidiaan:1	lorhindiaa:1
ਲੋੜੀਏ	lodie:2	lodiye:2	lodaeeae:1	lodeeae:1
ਲੋੜੀਦਾ	lodida:2	lodeeda:1	lorhidaa:1
ਲੋੜੀਦੀ	lodidi:2	loreedee:1	lorhidi:1
ਲੋੜੀਦੇ	lodide:2	lodeede:1	lorhide:1
ਲੌ	lau:4	lao:1	lo:1
ਲੌਂਗ	laung:4
ਲੌਂਗੋਵਾਲ	laungewal:1	laungowaal:1	laungowal:1	longowal:1
ਲੌਕਿਕ	laukik:2	laokik:1
ਲੌਗ	laug:1	laung:1	log:1
ਲੌਟਾ	lauta:2	lautaa:1
ਲੌਰਾ	laura:4	lauraa:1
ਲੌਰੇਨ	lauren:3	laaren:1	laurane:1
ਲੌਰੈਂਸ	laurence:2	laurance:1	lawrence:1
ਲੌਸਟ	lost:3	laust:2
ਲੌਹ	lauh:2	loh:1
ਲੜ	lad:10	lada:1	ladh:1
ਲੜਕਪਣ	ladakpan:3
ਲੜਕਪਨ	ladkapan:2	ladakpan:1
ਲੜਕਾ	ladka:4	ladaka:1	ladakaa:1
ਲੜਕਿਆਂ	ladakiaan:2	ladkiaan:2	ladkian:1	ladkiyaan:1
ਲੜਕੀ	ladki:8	ladakee:1	ladaki:1
ਲੜਕੀਆਂ	ladkiaan:3	ladakeean:1	ladkian:1	ladkiyaan:1
ਲੜਕੇ	ladke:6	ladake:1
ਲੜਖੜਾਉਣ	ladkhadaun:2	ladkhadaaun:1
ਲੜਣ	ladan:3
ਲੜਦਾ	ladada:3
ਲੜਦਿਆਂ	ladadiaan:2	laddiyan:2	ladadiyaan:1	laddiyaan:1
ਲੜਦੇ	ladade:6	ladaade:1
ਲੜਨ	ladan:4	ladaan:1
ਲੜਨਾ	ladna:4	ladana:1
ਲੜਨੇ	ladne:2	ladane:1
ਲੜਾਈ	ladai:5	ladayi:4	ladaai:3	ladaaee:2
ਲੜਾਈਆਂ	ladaiaan:2	ladaaiyaan:1	ladayiyan:1
ਲੜਾਕਾ	ladaka:3
ਲੜਾਕਿਆਂ	ladakiaan:2	ladakiyaan:1	ladakiyan:1
ਲੜਾਕੂ	ladaku:4	ladaakoo:1	ladaaku:1
ਲੜਾਕੂਆਂ	ladakuaan:2	ladakiyan:1	ladakuyaan:1
ਲੜਾਕੇ	ladake:4	ladaake:2
ਲੜਿਆ	ladiya:2	ladiaa:1	lariya:1
ਲੜੀ	ladi:6	ladaee:1	ladee:1
ਲੜੀਆਂ	ladian:3	ladiyaan:3	ladiaan:2	ladaeean:1
ਲੜੀਬੱਧ	ladibadh:2	ladibaddh:1	laribadh:1
ਲੜੀਵਾਰ	ladivar:3	ladivaar:2	ladaewaar:1	ladinvar:1
ਲੜੀਵਾਰਾਂ	ladivaran:3	larivaran:1
ਲੜੇ	lade:5	ladae:1	lare:1
ਲੜੇਗਾ	ladega:3	larega:1
ਲੜੇਗੀ	ladegi:5	ladaegee:1	laregi:1
ਲੜ੍ਹਦੇ	ladahade:1	ladhade:1	ladhde:1	larhde:1
ਲੜ੍ਹਾਈ	ladahayi:1	ladahi:1	ladhayi:1	larahi:1
ਲੰਕਾ	lanka:3	lankaa:2	lannka:1	lannqa:1
ਲੰਗਰ	langar:5
ਲੰਗਾਹ	langaah:2	langah:2
ਲੰਗੂਰ	langoor:3	langur:3
ਲੰਗੋਟੀ	langoti:4
ਲੰਘ	langh:10
ਲੰਘਣ	langhan:3
ਲੰਘਣਾ	langhana:2	langhna:2
ਲੰਘਦਾ	langhda:2	langhada:1
ਲੰਘਦੀ	langhdi:2	langhadi:1	langhdee:1
ਲੰਘਦੀਆਂ	langhdiaan:3	langhdiyaan:1
ਲੰਘਦੇ	langhde:3	langhade:1
ਲੰਘਾਇਆ	langhaaiaa:2	langhaiiaa:1	langhaiyaa:1
ਲੰਘਾਏ	langhaae:1	langhae:1	langhaie:1
ਲੰਘਿਆ	langhiaa:3	langhiyaa:1
ਲੰਘੀਆਂ	langhiaan:3	langhiyaan:1
ਲੰਘੇ	langhe:3
ਲੰਚ	lanch:1	lunch:1	lunnch:1
ਲੰਡ	land:6	lund:5
ਲੰਡਨ	london:7	landan:1
ਲੰਡੂਆਂ	landooaan:1	landuaan:1	landuyaan:1
ਲੰਡੇ	lande:3
ਲੰਬਕਾਰੀ	lambkari:2	lanbkaree:1	lunbkari:1
ਲੰਬਾ	lamba:4
ਲੰਬਾਈ	lambaai:1	lambai:1	lambaii:1
ਲੰਬੀ	lambi:2	lambee:1
ਲੰਬੇ	lambe:3
ਲੰਬੋਦਰ	lambodar:2	lamboder:1
ਲੰਬੜਦਾਰਨੀ	lambaddarni:1	lambarhdaarni:1	lambarhdarnee:1	lambarhdarni:1
ਲੰਮਾ	lamma:3
ਲੰਮਾਂ	lamman:2	lammaan:1
ਲੰਮਾਈ	lammai:1	lammaii:1	lammayi:1
ਲੰਮੀ	lammi:4	lammee:1
ਲੰਮੀਆਂ	lammiaan:2	lanmeeaan:1
ਲੰਮੇ	lamme:3
ਲੰਮੇਰੀ	lammeri:4
ਲੱਕੀ	lakki:2	lucky:2	lakkee:1
ਲੱਕੜ	lakkad:5	lakkada:1	lakkand:1	lakkar:1
ਲੱਕੜਾਂ	lakkadan:2	lakkadaan:1	lakkaran:1
ਲੱਕੜੀ	lakkadi:2	lakkadee:1	lakkari:1
ਲੱਕੜੀਆਂ	lakkadian:2	lakkadeean:1	lakkarian:1
ਲੱਖ	lakh:3	lakha:1	lakkha:1	laqh:1
ਲੱਖਾ	lakkhaa:2	lakkha:1
ਲੱਖਾਂ	laakhaan:1	lakhan:1	lakkhan:1
ਲੱਖੀ	lakkhi:2	lakkhee:1
ਲੱਗ	lagg:6
ਲੱਗਣ	laggan:2	lagan:1	laggann:1
ਲੱਗਣਗੇ	laggange:2	lagange:1	lagnge:1
ਲੱਗਣਾ	laggana:1	lagganaa:1	lagna:1
ਲੱਗਦੀ	laggadi:2	laggadee:1
ਲੱਗਾ	lagga:2	laggaa:1
ਲੱਗਿਆ	laggiaa:2	lagiaa:1
ਲੱਗਿਆਂ	laggiaan:2	lagiyaan:1
ਲੱਗੀ	laggi:5	laggee:1
ਲੱਗੀਆਂ	laggiaan:2	laggeeaan:1	laggeean:1	laggiyaan:1
ਲੱਗੇ	lagge:3
ਲੱਚਰਤਾ	laccharataa:1	laccharta:1	lachharta:1
ਲੱਛਣ	lacchann:1	lachan:1	lachhann:1
ਲੱਛਣਾਂ	lachhanan:2	lachnan:1
ਲੱਛਮੀ	lachami:2	lachhami:2
ਲੱਛੀ	lachhi:2	lachi:2	lachhee:1
ਲੱਜ	laj:2	lajj:2
ਲੱਜੇ	lajje:2	lanje:1
ਲੱਠ	lath:2	latth:1
ਲੱਡੂ	laddoo:2	laddu:1
ਲੱਡੂਆਂ	laddooan:1	ladduan:1	ladduyan:1
ਲੱਤ	latt:3
ਲੱਤਾਂ	lattaan:2	lattan:2
ਲੱਥ	lath:2	latth:1
ਲੱਥੇ	latthe:2	lathe:1
ਲੱਦਾਖ	ladakh:2	ladaakh:1	ladaaqh:1	ladaqh:1
ਲੱਦਿਆ	ladeya:1	ladia:1	ladiyaa:1
ਲੱਦੀ	laddi:2	ladi:1
ਲੱਦੀਆਂ	laddiaan:1	laddiyaan:1	laddiyan:1	ladian:1
ਲੱਧਾ	laddha:2	ladha:1
ਲੱਧੀ	ladhi:2	laddhi:1
ਲੱਪ	lapp:2	lap:1
ਲੱਭ	labbh:2	labh:2
ਲੱਭਣਾ	labbhna:2	labbhana:1	labbhanaa:1
ਲੱਭਣੀ	labbhanee:1	labbhani:1	labhni:1
ਲੱਭਣੇ	labbhne:2	labbhane:1	labbhanne:1
ਲੱਭਤ	labbhat:3
ਲੱਭਤਾਂ	labbhata:1	labbhataan:1	labbhtan:1
ਲੱਭਦੇ	labbhade:2	labhde:1
ਲੱਭਾ	labbha:2	labbhaa:1
ਲੱਭਿਆ	labbhia:2	labbhiaa:2	labbhiya:1
ਲੱਭੇ	labbhe:2	labhe:1
ਲੱਲਾ	lalla:2	llalla:1
ਲੱਲੂ	lallu:4
ਲੱਸੀ	lassi:7	lassee:1
ਵ	v:3
ਵਕਤ	vakat:4	waqt:2
ਵਕਤਾ	vakta:1	wakataa:1	waqta:1	waqtaa:1
ਵਕਤਾਂ	vaktaan:1	waqtaan:1	waqtan:1
ਵਕਤੀ	vakti:3	wakatee:1	waqti:1
ਵਕਫੇ	vakfe:2	vakaphe:1
ਵਕ਼ਤ	waqt:2	wakaat:1
ਵਕਾਰ	vakaar:2	wakar:2
ਵਕਾਲਤ	vakaalat:1	vakalat:1	wakalat:1
ਵਕੀਲ	vakeel:4	vakil:4
ਵਕੀਲਾਂ	vakeelan:2	vakila:1	wakeelan:1
ਵਖ	vakh:5
ਵਖਰਾ	vakhra:3	vakharaa:1	wakhra:1
ਵਖਰਿਆਉਂਦਾ	vakhariaaunda:1	wakhriaonda:1	wakhriaunda:1
ਵਖਰੀ	vakhri:2	vakahree:1	wakhri:1
ਵਖਰੇ	vakhre:8	vakhare:1	vakhray:1	wakhray:1
ਵਖਰੇਵਾਂ	vakhrevan:2	vakhreva:1	vakhrevaan:1	wakhrewa:1
ਵਖਰੇਵਿਆਂ	vakhreviaan:2	vakhrevian:1	vakhreviyaan:1	vakhreviyan:1
ਵਖਰੇਵੇ	vakhreve:2	wakhrewe:1
ਵਖਾਇਆ	vakhaiaa:3	vakhaiyaa:1	wakhaiaa:1
ਵਖਾਈ	vakhai:2	vakhaaee:1	vakhaee:1	wakhaee:1
ਵਖਾਏ	vakhae:2	vakhaae:1	wakhae:1
ਵਖਿਆਨ	vakhian:2	vakhiaan:1	vakhiyan:1	wakhian:1
ਵਖੋ	vakho:3	wakho:1
ਵਗ	vag:4	wag:2
ਵਗਣ	vagan:2	wagan:2
ਵਗਣਾ	vagnaa:2	wagana:2	vagana:1	wagna:1
ਵਗਦਾ	vagda:3	wagada:2	vagada:1
ਵਗਦੀ	vagadi:2	vagdi:1	wagadi:1	wagdi:1
ਵਗਦੀਆਂ	vagdian:2	vagdiaan:1	vagdiyaan:1	vagdiyan:1
ਵਗਦੇ	vagde:2	vagade:1	wagde:1
ਵਗ਼ੈਰਾ	vaggaera:1	vaggaira:1	vgera:1	waggaera:1
ਵਗਾ	vagaa:2	waga:2	vaga:1	vagga:1
ਵਗਾਰ	vagar:2	vagaar:1	wagar:1
ਵਗਾਹੇ	vagaahe:1	vagahe:1	wagaahe:1
ਵਗੇ	vage:3	wage:1
ਵਗੈਰਾ	vagaira:1	vagera:1	wagaera:1	wagaira:1
ਵਚਨ	vachan:10	wachan:1
ਵਚਨਬੱਧ	vachanbaddh:1	vachanbadh:1	wachanbaddh:1
ਵਚਨਬੱਧਤਾ	vachanbaddhta:1	vachanbadhata:1	wachanbaddhta:1
ਵਚਨਬੱਧਤਾਵਾਂ	vachanbaddhtavan:1	vachanbaddhtawan:1	vachanbadhatavan:1	wachanbaddhtavan:1
ਵਚਿਤਰ	vachitar:3	vachiter:1	wachitar:1
ਵਚਿੱਤਰ	vachittar:2	vacchitar:1	vachitter:1	wachittar:1
ਵਜਦਾ	vajda:2	vajada:1	vajadaa:1
ਵਜਦੀ	vajadi:2	vajdi:1
ਵਜਨ	vajan:4
ਵਜ਼ਨ	vazan:2	wazan:1
ਵਜ਼ਾਰਤਾਂ	wazartan:2	vazaratan:1
ਵਜ਼ੀਦ	vazid:2	vazeed:1	wazeed:1
ਵਜ਼ੀਫ਼ਾ	vazeefa:1	vazifa:1	vazipha:1
ਵਜ਼ੀਫ਼ੇ	vazife:1	vaziphe:1	wazife:1
ਵਜ਼ੀਰ	wazir:3	vazeer:1	vazir:1
ਵਜ਼ੀਰਾਂ	vazeera:1	vaziran:1	waziran:1
ਵਜਾ	vaja:5	vja:2	waja:1
ਵਜਾਇਆ	vajaiyaa:1	vajayiya:1	wajayia:1
ਵਜਾਈ	vajai:1	vajayi:1	wajaayi:1
ਵਜਾਉਂਦਾ	vajaunda:2	wajaunda:1
ਵਜਾਉਂਦੀਆਂ	vajaundiyaan:1	vajaundiyan:1	wajaundian:1
ਵਜਾਉਂਦੇ	vajaunde:2	wajaunde:1
ਵਜਾਉਣ	vajaun:2	vajaaun:1	wajaun:1
ਵਜਾਉਣਾ	vajaauna:1	vajauna:1	wajauna:1
ਵਜਾਉਣੀ	vajaauni:1	vajauni:1	wajauni:1
ਵਜਾਉਣੇ	vajaune:2	wajaune:1
ਵਜਾਏ	vajae:1	vajaye:1	wajaye:1
ਵਜਾਕੇ	vajake:2	wajake:2
ਵਜਾਰਤ	vajarat:2	vajaart:1
ਵਜਾਵੇ	vajave:2	wajaave:1
ਵਜਾਹ	vajah:2	wajah:1
ਵਜਿਹ	vajih:3
ਵਜੀਦ	vajid:3	vajeed:1	wajeed:1	wajid:1
ਵਜੀਦਾ	vajida:2	vajeedaa:1
ਵਜੀਫਾ	vajifa:2	vajeefa:1
ਵਜੀਫਿਆਂ	vajeefia:1	vajifiyan:1	vajigiyaan:1
ਵਜੀਫੇ	vajife:2	vajeefe:1
ਵਜੀਰ	vajir:3	vajeer:1	wazir:1
ਵਜੀਰਾਬਾਦ	vajeerabad:1	vajirabad:1	vazirabad:1
ਵਜੂਦ	vajood:1	vajud:1	vajuud:1
ਵਜੇ	vaje:2	waje:1
ਵਜੋ	vajo:2	wajo:2
ਵਜੋਂ	vajon:2	wajon:1
ਵਜ੍ਹਾ	vajha:2	wajah:2
ਵਟ	what:2	vat:1
ਵਟਣਾ	vatna:3	vatana:1	watna:1
ਵਟਸਐਪ	whatsapp:4	watsaap:1	whatapp:1
ਵਟਾ	vata:2	vatta:1	wata:1	watta:1
ਵਟਾਂਦਰਿਆਂ	vatandariyan:1	vatandreyan:1	vatandrian:1	watandreyan:1
ਵਟਾਈ	vatayi:3	watayi:2	vatai:1	watai:1
ਵਟਾਉਂਦਾ	vataunda:3	wataunda:2
ਵਟਾਉਣ	vataun:3	wataun:2	vatayun:1
ਵਟਾਉਣਾ	vatauna:3	vatayuna:1	watauna:1
ਵਟਾਏ	vataye:2	vatae:1	watae:1	wataye:1
ਵਟੇ	vate:3	wate:2
ਵਡ	vad:4	wad:2
ਵਡਮੁੱਲਾ	vadmulla:2	wadmulla:2	vadmula:1
ਵਡਹੰਸ	vadhans:3	wadhans:2
ਵਡਾ	vada:4	wada:2
ਵਡਾਰੂ	vadaroo:1	vadaru:1	wadaroo:1	wdaaruu:1
ਵਡਾਰੂਆਂ	vadarooan:1	vadaruaan:1	vadaruyaan:1	wadarooan:1
ਵਡਾਲਾ	vadaala:2	wadaala:2	wadala:2	vadaalaa:1
ਵਡਾਲੀ	vadali:2	wadali:1	wdalee:1
ਵਡਿਆਂ	vadiaan:2	vadiyaan:2	vadian:1	wadian:1
ਵਡਿਆਈ	vadiaai:1	vadiayi:1	wadiaaee:1	wadiayi:1
ਵਡਿਆਉਂਦਾ	vadhiaaunda:1	vadiaunda:1	wadiaunda:1	wadiyauunda:1
ਵਡਿਆਉਣ	vadiaaun:1	vadiaun:1	wadiaun:1	wadiunn:1
ਵਡੀ	vadi:2	wadi:1	wdee:1
ਵਡੀਆਂ	vadiaan:1	vadian:1	vadiyaan:1	wadian:1
ਵਡੇ	vade:2	vday:1	wade:1
ਵਡੇਰਾ	vadera:2	vdera:1	wadera:1
ਵਡੇਰਿਆਂ	vaderiaan:1	vaderian:1	vaderiyaan:1	vderiaan:1
ਵਡੇਰੀ	vaderi:2	vderee:1	waderi:1
ਵਡੇਰੀਆਂ	vaderiaan:2	vaderian:1	vaderiyaan:1	waderian:1
ਵਡੇਰੇ	vadere:2	wadere:1	wdere:1
ਵਡੋਦਰਾ	vadodara:3	vadodaraa:1	vadodra:1	wadodara:1
ਵਡੱਪਣ	vadappann:1	vaddpan:1	vadpan:1	wadappann:1
ਵਢਣ	vadhan:3	vadan:1	wadan:1	wadhan:1
ਵਢਿਆ	vadhia:1	vadhiaa:1	vadhiya:1	vadhiyaa:1
ਵਣ	van:2	vann:2	wan:1	wann:1
ਵਣਜ	vanaj:5
ਵਣਜਾਰਾ	vanjara:2	vanjaara:1	vanjaraa:1
ਵਣਜਾਰਿਆ	vanjariaa:1	vanjariya:1	vanjariyaa:1	vanjiaraa:1
ਵਣਜਾਰੇ	vanjare:3	vanjaare:1	wanjare:1
ਵਣਾਂ	vanan:3	wanan:1
ਵਤਨ	vatan:5	watan:1
ਵਤਨਾਂ	vatanan:2	vatnan:1	watanan:1
ਵਤਨੀ	vatani:2	watani:1
ਵਤਨੋਂ	vatanon:3	watanon:1
ਵਤੀਰਾ	vatira:3
ਵਥੇਰਾ	vathera:3
ਵਦੀ	vadi:3
ਵਧ	vadh:2	vad:1
ਵਧਕੇ	vadhake:1	vadhke:1	wadhake:1
ਵਧਣ	vadhan:3	wadhan:1
ਵਧਣਾ	vadhana:2	vadhna:1
ਵਧਦਾ	vadhada:3
ਵਧਦਿਆਂ	vadhadiaan:1	vadhdiaan:1	vadhdiyaan:1	vadhdiyan:1
ਵਧਦੀ	vadhadi:3
ਵਧਦੀਆਂ	vadhadiaan:1	vadhdiaan:1	vadhdiyaan:1	vadhdiyan:1
ਵਧਦੇ	vadhade:4	vadade:1
ਵਧਾ	vadha:4
ਵਧਾਅ	vadaa:1	vadha:1	vadhaa:1	wadaa:1
ਵਧਾਇਆ	vadaya:2	vadhaia:2	vadhaiya:2	vadeya:1
ਵਧਾਈ	vadhai:4	vadhaai:3	vadayi:2	wadayi:2
ਵਧਾਈਆਂ	vadayian:3	vadhaian:3	vadhaiyan:3	wadayian:3
ਵਧਾਉਂਦਾ	vadhaunda:2	vadaudna:1	wadaudna:1	wadhaunda:1
ਵਧਾਉਂਦੀ	vadhaundi:2	vadaundi:1	wadaundi:1	wadhaundi:1
ਵਧਾਉਂਦੀਆਂ	vadaudian:1	vadhaudian:1	vadhaundiaan:1	vadhaundian:1
ਵਧਾਉਂਦੇ	vadhaunde:3	wadhaunde:2	vadaunde:1	wadaunde:1
ਵਧਾਉਣ	vadhaun:4	vadaunn:2	wadaunn:2	wadhaun:2
ਵਧਾਉਣਾ	vadhauna:3	wadhauna:2	vadhaauna:1	vadunna:1
ਵਧਾਉਣੀ	vadhauni:2	vadaunni:1	wadaunni:1	wadhauni:1
ਵਧਾਏ	vadaye:1	vadhaae:1	vadhae:1	vadhaye:1
ਵਧਾਓ	vadao:1	vadhaau:1	vadhao:1	vadhau:1
ਵਧਾਵਾ	vadhava:2	wadhawa:1
ਵਧਾਵੇ	vadhave:2	vadhaave:1
ਵਧਿਆ	vadhiya:3	vadheya:2	vadhiaa:2
ਵਧੀ	vadhi:3
ਵਧੀਆ	vadhiya:4	vadhiaa:2
ਵਧੀਆਂ	vadhiyan:4	vadhiaan:3
ਵਧੀਕ	vadhik:2	vadheek:1
ਵਧੀਕੀਆਂ	vadhikiyan:2	vadhikiaan:1
ਵਧੂ	vadhu:2	wadhoo:1
ਵਧੇ	vadhe:3	wadhe:1
ਵਧੇਗਾ	vadhega:3	wadgegaa:1
ਵਧੇਗੀ	vadhegi:3	wadhegi:1
ਵਧੇਤਰ	vadhetar:2	wadhetar:1
ਵਧੇਰਾ	vadhera:2	wadheraa:1
ਵਧੇਰੀ	vadheri:2	wadheri:1
ਵਧੇਰੇ	vadhere:4	wadhere:1
ਵਨ	van:10	wan:1
ਵਨਗੀਆਂ	vangiaan:1	vangiyan:1	wangiaan:1
ਵਨਸਪਤੀ	vanaspati:2	vansapati:1
ਵਨੀਤਾ	vaneeta:1	vanita:1	wanita:1
ਵਪਾਰ	vapar:2	vpar:1	wpar:1
ਵਪਾਰਕ	vaparak:2	vpaarak:1
ਵਪਾਰਿਕ	vaparik:2	vparik:1
ਵਪਾਰੀ	vapari:3	vpaari:1
ਵਪਾਰੀਆਂ	vapariaan:2	vapariyan:2	vpariaan:1	wpariaan:1
ਵਪਾਰੀਕਰਨ	vaparikaran:2	wapaarikaran:1
ਵਫ਼ਾ	wafa:2	vapha:1
ਵਫ਼ਾਦਾਰ	wafadaar:2	vaphadar:1
ਵਫ਼ਾਦਾਰੀ	vaphadari:1	wafadari:1	waffadari:1
ਵਫ਼ਾਦਾਰੀਆਂ	vaphadariyan:1	wafadariaan:1	wfadariaan:1
ਵਫਾ	vafa:1	wafa:1	wafaa:1
ਵਫਾਦਾਰ	wafadaar:3	vafadar:1
ਵਫਾਦਾਰੀ	vafaadari:1	vafadari:1	wafadari:1
ਵਭਿੰਨ	vabhinn:2	vabhin:1
ਵਰ	var:10	were:1
ਵਰਕ	work:6	voark:1	vork:1	vorq:1
ਵਰਕਰ	worker:4	warkar:2	vorker:1	workar:1
ਵਰਕਰਾਂ	varkaran:1	varkraan:1	workeran:1
ਵਰਕਸਟੇਸ਼ਨ	workstation:3
ਵਰਕਸ਼ਾਪ	varakashapa:1	vorkshap:1	vorkshop:1	warkshap:1
ਵਰਕਸ਼ਾਪਾਂ	workshopaan:1	workshopan:1	workshops:1
ਵਰਕਿਆਂ	varkiaan:2	varakian:1	varakiyan:1
ਵਰਕਿੰਗ	working:3
ਵਰਕੇ	varke:3	warke:1
ਵਰਖਾ	varkha:2	varakha:1	warakha:1
ਵਰਗ	varag:4	warag:1
ਵਰਗਾ	varga:2	varaga:1	vargaa:1	warga:1
ਵਰਗਾਕਾਰ	vargakar:2	wargakar:1
ਵਰਗਿਆਂ	vargiaan:4	varagian:2	varagiyan:1	vargiyaa:1
ਵਰਗੀ	vargi:4	varagi:1
ਵਰਗੀਆਂ	vargiaan:4	varagiyan:2	vargiyaan:2	waragiyan:2
ਵਰਗੀਕਰਣ	vargikaran:2	varagikaran:1
ਵਰਗੀਕਰਨ	vargikaran:3	varagikaran:1
ਵਰਗੀਕ੍ਰਿਤ	vargikrit:3	vargikret:1	wargikrit:1
ਵਰਗੇ	varge:3	warge:1
ਵਰਜ	varaj:6
ਵਰਜਨ	version:3	varjan:1	virgin:1
ਵਰਜਿਤ	varjit:3	verjit:1
ਵਰਜਿਸ਼	varjish:4	verjish:1
ਵਰਜੀਨੀਆ	virginia:4
ਵਰਟੀਕਲ	vertical:6
ਵਰਟੈਕਸ	varteks:1	vartex:1	verteks:1	verteksh:1
ਵਰਡ	varad:3
ਵਰਣ	varan:5
ਵਰਣਨ	varnan:3
ਵਰਣਨਯੋਗ	varnanyog:2	varananyog:1
ਵਰਣਮਾਲਾ	varanmala:3
ਵਰਣਾ	varna:4	varana:2
ਵਰਣਿਤ	varnit:2	varanit:1
ਵਰਤ	varat:10
ਵਰਤਕੇ	vartake:2	varatake:1
ਵਰਤਣ	vartan:5	varatan:1
ਵਰਤਣਯੋਗ	vartanyog:2	varatanyog:1
ਵਰਤਣਾ	vartana:2	varatana:1	vartna:1
ਵਰਤਣੀ	vartani:2	varatani:1	varatni:1
ਵਰਤਦਾ	varatada:2	vartada:2
ਵਰਤਦਿਆਂ	varatadian:1	varatdiyaan:1	vartadiaan:1	vartdiaan:1
ਵਰਤਦੀ	varatadi:2	vartadi:1
ਵਰਤਦੀਆਂ	varatadiyan:1	varatdiaan:1	varatdian:1	varatdiyaan:1
ਵਰਤਦੇ	varatade:1	varatde:1	vartade:1
ਵਰਤਮਾਨ	vartmaan:3	vartman:2	varatmaan:1
ਵਰਤਾ	varta:8	vartaa:2	vrtaa:1
ਵਰਤਾਇਆ	vartaaiaa:2	vartaiaa:1	vartaiyaa:1	wartaiaa:1
ਵਰਤਾਈ	vartaai:2	vartai:1	wrtaaee:1
ਵਰਤਾਉ	vartaau:2	wrtaau:1
ਵਰਤਾਉਣ	vartaaun:2	vartaun:2	wrtaaunn:1
ਵਰਤਾਏ	vartaae:2	vrtaaye:1
ਵਰਤਾਓ	vartaau:2	wrtaao:1
ਵਰਤਾਰਾ	vartara:2	wrtara:1
ਵਰਤਾਰੇ	vartaare:2	varatare:1	vartare:1
ਵਰਤਿਆ	vartiaa:3	varatia:2	varatiya:2	vartiyaa:1
ਵਰਤਿਆਂ	vartiaan:2	varatean:1	varatian:1	varatiyan:1
ਵਰਤੀ	varti:9	varati:1
ਵਰਤੀਆਂ	vartiaan:2	varatian:1	varatiyan:1	vartiyaan:1
ਵਰਤੀਦਾ	vartida:2	varateeda:1	varatida:1
ਵਰਤੇ	varte:6	varate:1
ਵਰਤੋ	varto:4	varato:1
ਵਰਤੋਂਯੋਗ	vartonyog:2	varatonyog:1
ਵਰਤੋਕਾਰਾਂ	vartokaran:2	varatokaran:1
ਵਰਦਾਨ	vardaan:2	vardan:2
ਵਰਦੀ	vardi:4	varadi:3
ਵਰਦੀਆਂ	vardiaan:2	varadian:1	varadiyan:1	vardiyaan:1
ਵਰਧਕ	vardhak:3
ਵਰਧਨ	vardhan:2	varadhan:1
ਵਰਧਮਾਨ	varadhman:1	vardhaman:1	vardhmaan:1	vardhman:1
ਵਰਨ	varan:8	varn:1	vern:1	warn:1
ਵਰਨਣ	varnan:2	varanan:1
ਵਰਨਣਯੋਗ	varananyog:2	varnanyog:1
ਵਰਨਮਾਲਾ	varanmala:3
ਵਰਨਰ	varnar:2	verner:2	werner:2	varaner:1
ਵਰਮਨ	varman:3	verman:1
ਵਰਮਾ	verma:6	varma:1	vurma:1	warma:1
ਵਰਲਡ	world:2	varlad:1	vorld:1	warld:1
ਵਰਸ਼ਾ	varsha:3
ਵਰਸਾਏ	varsae:2	varsaae:1	varsaye:1
ਵਰਸਿਟੀ	vaarcity:1	vaarsitee:1	vaarsitii:1	vaarsity:1
ਵਰਾਂਡਾ	waranda:2	varanda:1	vraandaa:1
ਵਰਿਆਂ	vareyan:1	vriaan:1	wareyan:1	warian:1
ਵਰਿਤਆ	varitya:1	varityaa:1	waritya:1	wartiya:1
ਵਰਿੰਦਰ	varinder:3	varindar:1	warindar:1	warinder:1
ਵਰਿੰਦਾਵਨ	vrindavan:2	varindavan:1	warindavan:1
ਵਰੀ	vari:1	vree:1	wari:1	worry:1
ਵਰੁਣ	varun:2	varunn:1	warunn:1
ਵਰੇ	vare:3	vre:1	ware:1
ਵਰੇਸ	varace:1	vares:1	varesh:1	vres:1
ਵਰੋਨਾ	virona:2	wirona:2	bearona:1	beerona:1
ਵਰ੍ਹਾ	varha:2	varah:1	vareha:1	warha:1
ਵਰ੍ਹਾਂ	varhan:2	varah:1	varaha:1	warah:1
ਵਰ੍ਹਿਆ	varehya:1	varheya:1	varhiaa:1	variha:1
ਵਰ੍ਹਿਆਂ	varheyan:1	varhiaan:1	varihan:1	variyan:1
ਵਰ੍ਹੇ	vareh:2	wareh:1	warhe:1
ਵਰ੍ਹੇਗੰਢ	varehgandh:2	varehgand:1	varhegandh:1	warehgand:1
ਵਲ	val:3	wal:3	vall:1	vul:1
ਵਲਵਲਿਆਂ	valvalian:2	valvalia:1	valvaliyan:1
ਵਲਵਲੇ	valvale:2	valvaley:1	walwale:1
ਵਲ਼	vall:2	val:1	valn:1	wal:1
ਵਲਾਇਤੀ	valaiti:3	valaitee:1	valayati:1
ਵਲਾਦੀਮੀਰ	valadimeer:2	valadeemeer:1	vlaadeemeer:1	vladiimiir:1
ਵਲਿਆ	valia:3	walea:1	walia:1
ਵਲੀ	valee:3	vali:2	wali:2	walee:1
ਵਲੂੰਧਰੀ	valoondhari:1	valundharee:1	wluundree:1
ਵਲੇ	vale:1	valey:1	wley:1
ਵਲੇਵੇਂ	valevein:1	valeven:1	vleven:1
ਵਲੈਤ	valait:1	valeit:1	waliyat:1
ਵਲੈਤੀਆਂ	valaitiaan:1	valatiaan:1	valeitian:1
ਵਲੋ	valo:2	wlo:1
ਵਲੋਂ	valon:2	wlon:1
ਵਲੌਂ	valaun:1	valon:1	wloon:1
ਵਲੰਟੀਅਰ	volantear:1	volanteer:1	volantiar:1	voluntear:1
ਵਸ	vas:8
ਵਸਣ	vasan:1	vasann:1	wasann:1
ਵਸਣਾ	vasanaa:1	vasna:1	wasnna:1
ਵਸਤ	vasat:4	wasat:1
ਵਸਤਰ	vastar:3
ਵਸਤੀ	vasti:2	vasati:1
ਵਸਤੁ	vastu:2	vasatu:1
ਵਸਤੂ	vastoo:2	vastu:2
ਵਸਤੂਆਂ	vastuaan:2	vasatuyan:1
ਵਸਤੂਕਰਨ	vastukaran:2	vasatukaran:1
ਵਸਤੂਗਤ	vastugat:2	vasatugat:1
ਵਸਦਾ	vasda:3	vasada:1
ਵਸਦੀ	vasadi:2	vasdee:1	vasdi:1
ਵਸਦੀਆਂ	vasadiyan:1	vasdiaan:1	vasdian:1
ਵਸਦੇ	vasde:2	vasade:1
ਵਸਨ	vasan:3
ਵਸਨੀਕ	vasneek:2	vasnik:2
ਵਸਨੀਕਾ	vasanika:1	vasneeka:1	vasnika:1
ਵਸਲ	vasal:3
ਵਸ਼ਕਾਰ	vashkaar:1	vashkar:1	washkaar:1
ਵਸ਼ਿਸ਼ਟ	vashisht:2	vashishat:1
ਵਸ਼ਿਸ਼ਠ	vashishth:2	vashishath:1
ਵਸਾ	vasa:3	vasaa:1
ਵਸਾਇਆ	vasaiaa:1	vasaya:1	vasayiya:1
ਵਸਾਉਣ	vasaun:2	vasayun:1
ਵਸਾਏ	vasaae:2	vasaaye:1	vasaye:1
ਵਸਾਖ	vasakh:3
ਵਸਾਖਾ	vasakha:3
ਵਸਿਆ	saviaa:1	vaseya:1	vasia:1
ਵਸਿਸ਼ਟ	vasishat:2	vasisht:1
ਵਸੀ	vasee:2	vasi:1	wasi:1
ਵਸੀਅਤ	vaseeat:2	wasiat:2	vasiat:1
ਵਸੀਆਂ	vaseean:2	vasian:1	wasian:1
ਵਸੀਮ	vaseem:2	wasim:2	vasim:1	waseem:1
ਵਸੀਲਾ	vaseela:2	vaseelaa:1	waseela:1
ਵਸੀਲਿਆਂ	vaseeliaan:1	vaseelian:1	vasilian:1	wasilian:1
ਵਸੀਲੇ	vaseele:2	vasile:1	wasile:1
ਵਸੀਹ	vaseeh:2	vasih:1	wasih:1
ਵਸੀਹਤ	vasihat:2	vaseehat:1	wasihat:1
ਵਸੁਦੇਵ	vasudev:3	wasudev:1
ਵਸੂਲ	vasool:3	wasool:1
ਵਸੂਲਿਆ	vasoolia:1	vasooliaa:1	vasuleya:1	wasoolia:1
ਵਸੇ	vase:2	vasey:1	wase:1
ਵਸੇਬਾ	vaseba:2	vasebaa:1	waseba:1
ਵਸੇਬੇ	vasebe:3	wasebe:1
ਵਸੇਰਾ	vasera:2	vaseraa:1	wasera:1
ਵਸੋ	vaso:2	vasou:1	wasou:1
ਵਸੰਤ	vasant:3	wasant:1
ਵਹਾ	vaha:2	vahaa:1	waha:1
ਵਹਾਂ	vahan:2	wahan:2	vahaan:1
ਵਹਾਅ	vahaa:2	vahaaa:1	wahaa:1
ਵਹਾਈ	vahaaee:1	vahai:1	vahayee:1	wahai:1
ਵਹਾਉ	vahau:2	vahaau:1	wahau:1
ਵਹਾਉਣ	vahaun:2	vahaaun:1	wahaun:1
ਵਹਾਬ	vahaab:2	vahab:1	wahaab:1	wahab:1
ਵਹਾਰਟਨ	vahartan:1	vaharten:1	vaherten:1	vahrton:1
ਵਹਿ	vahi:3	wahi:1
ਵਹਿਆ	vahiaa:2	vahia:1	vahiya:1	wahia:1
ਵਹਿਣ	vahin:3	wahin:1
ਵਹਿਣਾ	vahina:1	vahinaa:1	vahinna:1	wahinna:1
ਵਹਿਮ	vahim:3	wahim:1
ਵਹਿਮਾਂ	vahimaan:2	vahiman:1	wahiman:1
ਵਹਿਸ਼ੀ	vahishi:2	vahishee:1	wahishi:1
ਵਹਿੰਦਾ	vahinda:2	vahindaa:1	wahinda:1
ਵਹਿੰਦੀ	vahindi:2	vahindee:1	wahindi:1
ਵਹਿੰਦੇ	vahinde:3	wahinde:1
ਵਹੀ	vahi:2	vahee:1	wahi:1
ਵਹੀਂ	vahin:2	vaheen:1	wahin:1
ਵਹੀਆਂ	vaheean:1	vahiaan:1	vahian:1	vahiyaan:1
ਵਹੀਦਾ	vahida:2	waheeda:1	waheedaa:1	wahida:1
ਵਹੀਰ	vaheer:2	vahir:2	waheer:1	wahir:1
ਵਹੁਟੀ	vahuti:4	vahutee:1
ਵਹੁਟੀਆਂ	vahuteean:1	vahutian:1	vahutiyaan:1
ਵਾਂ	vaan:3
ਵਾਂਗ	vaang:8
ਵਾਂਗੂ	vaangu:2	vaangoo:1	vangu:1	wangoo:1
ਵਾਂਝਾ	vaanjha:5	vanjha:1
ਵਾਂਝਿਆਂ	vaanjhiaan:2	vanjhiaan:1
ਵਾਂਝੇ	vaanjhe:2	vanjhe:1
ਵਾਅ	vaa:3
ਵਾਅਦਿਆ	vaadiaa:2	vaadia:1
ਵਾਅਦਿਆਂ	vaadiaan:2	vaadian:1
ਵਾਅਦੇ	vaade:3
ਵਾਇਟ	white:2	vaait:1
ਵਾਇਦਾ	vaaeeda:1	vaaida:1	vaida:1
ਵਾਇਰਡ	waired:1	waiyared:1	waiyered:1	wired:1
ਵਾਇਰਲ	viral:2	vaairal:1
ਵਾਇਰਲੈਸ	wireless:2	vaairlais:1
ਵਾਇਰਲੈੱਸ	waiarles:1	wirelaes:1	wireles:1	wireless:1
ਵਾਇਰਸ	virus:3	vaairaas:1	vaairas:1	vairas:1
ਵਾਇਰਸਾਂ	vaairasaan:1	virasan:1	virusaan:1
ਵਾਇਲਡ	vild:1	villd:1	wild:1	willd:1
ਵਾਇਲਨ	violin:2	vaailan:1	vaaiyolin:1	vaeyolin:1
ਵਾਇਲੀ	voiily:1	voily:1	vylie:1	woiily:1
ਵਾਇਸਰਾਏ	vaaiseraai:1	vaiiseraii:1	vaisarae:1	vaisarai:1
ਵਾਈ	vhy:1	vii:1	why:1	wii:1
ਵਾਈਜ	vaaeej:1	vaaij:1	vaiiz:1
ਵਾਈਡ	vaaeed:1	vaiif:1	waaid:1
ਵਾਈਬਰ	viber:2	vaaeebar:1	vaiibar:1
ਵਾਈਸ	vaaees:2	voice:2	vaais:1
ਵਾਕ	vaak:2	waak:1
ਵਾਕਈ	vaakaee:1	vakaee:1	wakayi:1
ਵਾਕਫ਼	vaakaph:1	vakaf:1	wakaf:1
ਵਾਕਫੀ	vaakafi:1	vakafi:1	vakfee:1	vaqafi:1
ਵਾਕਫੀਅਤ	vaakafeeat:1	vakafiat:1	vakfeeat:1	vaqafiat:1
ਵਾਕਾਂ	vaakaan:1	vakaan:1	vakan:1	wakan:1
ਵਾਕਿਅ	vakia:2	vaakia:1	vaqia:1	wakia:1
ਵਾਕਿਆ	vakiaa:3	vaakiaa:2	vaqiaa:2	wakiaa:2
ਵਾਕਿਆਤ	vakiaat:2	vaakiaat:1	vaqiaat:1	wakiaat:1
ਵਾਕਿਫ	vakif:2	vaakif:1	vaqif:1	wakif:1
ਵਾਕੇ	vaake:1	vake:1	vaqe:1	waake:1
ਵਾਗ	vag:2	wag:2	vaag:1	waag:1
ਵਾਗਡੋਰ	wagdor:2	vaagdor:1	vagdor:1
ਵਾਗਲੇ	vaagale:1	vaagle:1	vagale:1	wagale:1
ਵਾਗੀਆਂ	vagiaan:2	vaageeaan:1	wagiaan:1
ਵਾਗੂੰ	vaagoon:1	vagoon:1	vagun:1	wagun:1
ਵਾਘਾ	wagha:2	vaagha:1	vagha:1
ਵਾਙ	vaajh:1	vanh:1	waagh:1	wanh:1
ਵਾਚਕ	wachak:2	vaachak:1	vachak:1	vachaq:1
ਵਾਚਦੇ	vachade:2	vaachde:1	wachade:1
ਵਾਚਾ	vacha:2	vaacha:1	wacha:1
ਵਾਚੀ	vaachi:1	vachee:1	wachee:1
ਵਾਚੀਏ	vaacheee:1	vacheeye:1	vachie:1
ਵਾਚੇ	vaache:2	vache:1
ਵਾਜ	vaaj:2	vaj:1
ਵਾਜਪਾਈ	vajpaaee:3	vaajpayi:2	vaajpaee:1	vaajpayee:1
ਵਾਜਬ	vaajab:1	vajab:1	wajab:1
ਵਾਜਾ	vaaja:1	vaja:1	waaja:1
ਵਾਜਾਂ	vaajaan:1	vaja:1	vajaan:1
ਵਾਜਿਆਂ	vaajiaan:1	vajia:1	wajiaan:1
ਵਾਜਿਦ	vaajid:1	vajid:1	wajid:1
ਵਾਜਿਬ	vaajib:2	vajib:1
ਵਾਜੇ	vaaje:2	vaje:1
ਵਾਜੋਂ	vaajon:1	vajo:1	vajon:1
ਵਾਟ	watt:2	vaat:1	vat:1	waat:1
ਵਾਟਰ	vator:1	watar:1	water:1	wator:1
ਵਾਟਰਲੂ	waatarloo:1	waaterloo:1	waterloo:1
ਵਾਟਸ	watts:2	vaatas:1	vaats:1	vats:1
ਵਾਟਸਨ	watson:3	vaatsan:1	vatson:1	waatsan:1
ਵਾਟਾਂ	vaataan:1	vata:1	vataan:1	vatan:1
ਵਾਟਿਕਾ	vatika:2	vaatika:1	watika:1
ਵਾਡਰਾ	vaadra:1	vaddra:1	vadra:1
ਵਾਡਾ	vaada:1	vaadaa:1	vadda:1	waadaa:1
ਵਾਡੀਆ	vaadeea:1	vaadeeaa:1	vadiya:1	wadiya:1
ਵਾਢੀ	vaadhi:1	vaddhee:1	vaddi:1	waddi:1
ਵਾਣ	vaan:2	vaann:1	waann:1
ਵਾਣੀ	vaanee:1	vaani:1	vanni:1	wanni:1
ਵਾਤਾਵਰਣ	vaatavaran:1	vatavaran:1	vatavarann:1	watavarann:1
ਵਾਤਾਵਰਣਕ	vatavarnak:2	vaatavarnak:1	watavarnak:1
ਵਾਤਾਵਰਨ	vaataavaran:1	vatavaran:1	vatawaran:1	watawaran:1
ਵਾਦ	vaad:3
ਵਾਦਕ	vaadak:2	vadak:1
ਵਾਦਨ	vaadan:3
ਵਾਦਾ	wada:7	vaada:3	vada:1
ਵਾਦੀ	vaadee:1	vaadi:1	waadi:1
ਵਾਦੀਆਂ	vaadeeaan:1	vaadiyan:1	wadian:1
ਵਾਦੇ	vaade:2	waade:1
ਵਾਧਾ	vaadha:2	wadha:1
ਵਾਧਿਆਂ	vaadheyan:1	vaadhiaan:1	vadian:1
ਵਾਧੂ	vaadhoo:1	vaadhu:1	vaadu:1	wadhu:1
ਵਾਧੇ	vaadhe:2	wadhe:1
ਵਾਨ	vaan:4	van:2	waan:2	wan:2
ਵਾਨਰ	vaanar:2	waner:1
ਵਾਨੀ	vaani:2	waani:1
ਵਾਪਰ	vaapar:2	wapar:1
ਵਾਪਰਣ	vaaparan:2	waparan:1
ਵਾਪਰਦਾ	vaaparda:2	vaaparada:1	waparda:1
ਵਾਪਰਦੀ	vaapardi:2	vaapardee:1	wapardi:1
ਵਾਪਰਦੀਆਂ	vaapardeeaan:1	vaapardiyan:1	wapardian:1
ਵਾਪਰਦੇ	vaaparde:2	waparde:1
ਵਾਪਰਨ	vaaparan:2	waparan:1
ਵਾਪਰਨੀਆਂ	vaaparneeaan:1	vaaparniyan:1	waparnian:1
ਵਾਪਰਿਆ	vaapariaa:2	vaapreya:2	waparia:1	wapria:1
ਵਾਪਰੀ	vaapari:2	vaapri:1	wapri:1
ਵਾਪਰੀਆਂ	vaapareeaan:1	vaapariyan:1	vaapriyan:1	waparian:1
ਵਾਪਰੇ	vaapare:1	vaapre:1	wapare:1
ਵਾਪਸ	vaapas:3	wapas:1
ਵਾਪਸੀ	vaapsi:2	vaapasi:1	wapasi:1
ਵਾਪਿਸ	vaapis:2	wapis:2	viaapas:1
ਵਾਬਸਤਾ	vaabasta:1	vaabsata:1	vaabsta:1	wabsata:1
ਵਾਬੀ	vaabi:2	vaabee:1	waabi:1
ਵਾਮਨ	vaaman:2	waman:1
ਵਾਯੂ	vaayoo:1	vaayu:1	vayu:1	wayu:1
ਵਾਯੂਮੰਡਲ	vayumandal:2	vaayoomandal:1	wayumandal:1
ਵਾਰ	vaar:3	var:1	war:1
ਵਾਰਡ	ward:3	vaarad:2	vaard:1	vard:1
ਵਾਰਡਾਂ	vaardaan:1	vardan:1	wardan:1
ਵਾਰਤਕ	vaartak:2	vaaratak:1	vaartk:1	vartak:1
ਵਾਰਤਕਕਾਰ	vaartakakaar:2	vaartakkaar:1	vartakkar:1	wartakkar:1
ਵਾਰਤਾ	vaarta:2	varta:1	warta:1
ਵਾਰਤਾਲਾਪ	vaartaalaap:1	vaartalaap:1	vartalap:1	wartalap:1
ਵਾਰਤਾਲਾਪਾਂ	vaartaalaapaan:1	vartalaapan:1	vartalapan:1	wartalapan:1
ਵਾਰਤਿਕ	vaartik:2	vaaratik:1	vartik:1	vartiq:1
ਵਾਰਦਾ	vaarda:3	varda:1
ਵਾਰਦਾਤ	vaardaat:3	vardat:1
ਵਾਰਨ	vaaran:2	waren:2	vaaren:1	vaarin:1
ਵਾਰਨਰ	vaarnar:3	warner:2	varnar:1	varner:1
ਵਾਰਨਾ	vaarna:2	varna:1	warna:1
ਵਾਰਸ	vaaras:3	varas:1	waras:1
ਵਾਰਸ਼ਿਕ	vaarshik:2	vaarashik:1	varshik:1	varshiq:1
ਵਾਰਸਾ	vaarsa:2	vaarasa:1	varsa:1	warsa:1
ਵਾਰਸਾਂ	vaarsaan:1	vaarsan:1	varshan:1	warshan:1
ਵਾਰਾ	vaara:3	vara:1
ਵਾਰਾਂ	vaaraan:1	vaaran:1	varaa:1	varaan:1
ਵਾਰਾਣਸੀ	varanasi:3	varadasi:1	varadsi:1	varanashhi:1
ਵਾਰਾਨਸੀ	varanasi:3	varansi:1
ਵਾਰਿ	vaar:2	vaari:2	var:1
ਵਾਰਿਆ	vaareya:1	vaariaa:1	vareaa:1	vareia:1
ਵਾਰਿਸ	vaaris:2	waris:2	varis:1	viaaras:1
ਵਾਰਿਸਾਂ	vaarisaan:1	vaarisan:1	warisa:1	warisan:1
ਵਾਰੀ	vaari:3	vari:1	waari:1
ਵਾਰੀਅਰਜ਼	vaareearaz:1	vaariarz:1	variaraj:1	variarjh:1
ਵਾਰੇ	vaare:3	vaarey:1
ਵਾਰੋ	vaaro:3	varo:1
ਵਾਰੰਗਲ	vaarangal:2	warangal:2	warngal:2	varangal:1
ਵਾਰੰਟ	varrant:1	varrent:1	warrant:1	warrent:1
ਵਾਲ	vaal:8	val:3	wall:2	vall:1
ਵਾਲਟ	vaalt:2	waalt:2	vaault:1	valt:1
ਵਾਲਟਨ	valtan:1	valton:1	valtun:1	waltan:1
ਵਾਲਟਰ	valtar:2	waltar:2	vaaltar:1	valtur:1
ਵਾਲਪੇਪਰ	wallpaper:3	walpaper:2	vallpaper:1	valpaper:1
ਵਾਲਮਾਰਟ	valmart:2	walmart:2	vaalmaarat:1	vallmaart:1
ਵਾਲਮੀਕ	valmeek:2	vaalmeek:1
ਵਾਲਮੀਕਿ	valmiki:2	valmeeki:1	walmiki:1
ਵਾਲਮੀਕੀ	vaalmeeki:1	vaalmiki:1	valmeekee:1
ਵਾਲਰ	valer:1	vallar:1	valler:1	walar:1
ਵਾਲਸ਼	vaalash:1	valash:1	valsh:1	walash:1
ਵਾਲ਼	vaal:1	vaall:1	valln:1	walln:1
ਵਾਲ਼ਾ	vaalla:1	vala:1	valla:1
ਵਾਲ਼ਾਂ	vala:1	valaan:1	vallaan:1	walaan:1
ਵਾਲ਼ਿਆਂ	vaaleyan:1	vaalia:1	vaaliaan:1	vaaliyan:1
ਵਾਲ਼ੀ	vaali:1	vaalli:1	valee:1
ਵਾਲ਼ੀਆਂ	vaalleeaan:1	valeea:1	valiaan:1
ਵਾਲਾ	vala:3	wala:3	vaala:2	valla:1
ਵਾਲਾਂ	vaalan:1	vala:1	valaan:1
ਵਾਲਿਆ	vaaliaa:3	vaaleya:2	valiaa:1	viaalaa:1
ਵਾਲਿਆਂ	vaaleyan:2	vaaliaan:2	vaalia:1	valia:1
ਵਾਲਿਉ	vaaleyu:1	vaaliu:1	valiu:1
ਵਾਲਿਓ	vaaleyo:1	vaalio:1	valio:1
ਵਾਲੀ	vaali:4	valee:1	waali:1
ਵਾਲੀਆ	vaaleeaa:1	valeeaa:1	walia:1
ਵਾਲੀਆਂ	vaaleeaan:2	valeea:2	valian:1	waliaan:1
ਵਾਲੀਏ	vaaleee:2	valiye:2
ਵਾਲੀਬਾਲ	vaalibaal:1	voleybaal:1	voleybal:1	volleybaal:1
ਵਾਲੀਵਾਲ	valival:1	valiwaal:1	volleyvaal:1
ਵਾਲੇ	vaale:4	vale:1	valee:1	waale:1
ਵਾਵਜੂਦ	vaavjood:2	vavjud:1
ਵਾਵਰੋਲਾ	vaavrola:2	vavrola:1
ਵਾਵਰੋਲਿਆਂ	vaavroliaan:2	vavroliaan:1
ਵਾਵਾ	vaava:2	vava:2
ਵਾਸ	vaas:3	vas:2
ਵਾਸਕੋ	vasco:3	vasko:3	bascoo:1	bashco:1
ਵਾਸਤਵ	vaastav:2	vasatav:1	vastv:1
ਵਾਸਤਵਿਕ	vastavik:2	vaastvik:1	vastvik:1	wastavik:1
ਵਾਸਤਵਿਕਤਾ	vaastvikta:1	vasatavikata:1	vastavikta:1	vastvikata:1
ਵਾਸਤਾ	vasta:2	vaasta:1	vasata:1	wasta:1
ਵਾਸਤੁਕਲਾ	vastukala:2	vaastukala:1
ਵਾਸਤੂ	vastu:2	vaastoo:1	vaastu:1	vastuu:1
ਵਾਸਤੂਕਲਾ	vastukala:2	vaastookala:1
ਵਾਸਤੇ	vaste:2	vaaste:1
ਵਾਸ਼ਨਾ	vaashna:1	vashana:1	vashna:1
ਵਾਸ਼ਨਾਵਾਂ	vaashnaavaan:1	vashanavan:1	vashnavan:1
ਵਾਸ਼ਰ	washer:2	vaashar:1
ਵਾਸ਼ਿੰਗਟਨ	washington:4	vaashingtan:1	vaashington:1	vasengton:1
ਵਾਸੀ	vaasi:2	vasi:1	wasee:1
ਵਾਸੀਆਂ	vaaseeaan:2	vaasian:1	vaseean:1	vasiaan:1
ਵਾਸੁਦੇਵ	vasudev:3	vasdev:1	vasodev:1
ਵਾਸੂਦੇਵ	vasoodev:2	vasudev:2
ਵਾਸੇ	base:1	basee:1	bashe:1	bashee:1
ਵਾਹ	wah:2	vaah:1	vah:1
ਵਾਹਕ	vahak:2	vaahak:1	vahk:1
ਵਾਹਗਾ	vaahga:1	vahga:1	vahgah:1	wahgaa:1
ਵਾਹਦ	vaahad:1	vahad:1	vahd:1	wahad:1
ਵਾਹਨ	vaahan:2	vahan:1	wahan:1
ਵਾਹਨਾ	vahna:2	vaahna:1	wahna:1
ਵਾਹਨਾਂ	vaahnaan:1	vahnaa:1	wahnaa:1	wahnaan:1
ਵਾਹਵਾ	wahwa:2	vaahva:1	vahva:1
ਵਾਹਿਆ	wahia:2	vaahiaa:1
ਵਾਹਿਗੁਰੂ	waheguru:2	vaahiguroo:1	vaahiguru:1
ਵਾਹਿਦ	wahid:2	vaahid:1
ਵਾਹੀ	vaahi:2	wahi:1
ਵਾਹੀਕਾਰ	vaaheekaar:1	vahicar:1	waahikar:1	wahikaar:1
ਵਾਹੁਣ	vaahun:1	vahun:1	wahun:1
ਵਾਹੁੰਦਾ	vaahunda:1	vahunda:1	wahunda:1
ਵਾਹੁੰਦੇ	vaahunde:1	vahunde:1	wahunde:1
ਵਾਹੇ	wahe:2	vaahe:1
ਵਾੜ	vaad:3
ਵਾੜਾ	vaada:2	vara:1	wada:1	wara:1
ਵਾੜੀ	vaadi:1	vadee:1	waadi:1
ਵਿ	vi:3
ਵਿਅਕਤ	viakt:3	viakat:1
ਵਿਅਕਤਿਤਵ	viakatitav:1	viaktitav:1	viaktitv:1
ਵਿਅਕਤੀ	viakti:6	viyakti:2
ਵਿਅਕਤੀਆਂ	viaktiaan:5	viakteeaan:2
ਵਿਅਕਤੀਗਤ	viakteegat:1	viaktigat:1	viyaktigat:1
ਵਿਅਕਤੀਪਰਕ	viaktiparak:2	viakteeparak:1
ਵਿਅਕਤੀਵਾਦ	viakteevaad:1	viakteewad:1	viaktiwad:1
ਵਿਅਕਤੀਵਾਦੀ	viakteevaadi:1	viaktivaadi:1	viyaktiwadi:1
ਵਿਅਤਨਾਮ	vietnam:2	viatnam:1
ਵਿਅਰਥ	viarth:3
ਵਿਅਸਤ	viast:2	viasat:1
ਵਿਅਹ	viah:3
ਵਿਅੰਗ	viang:3
ਵਿਅੰਗਕਾਰ	viangkaar:2	viangkar:2
ਵਿਅੰਗਮਈ	viangamaee:1	viangmaee:1	viangmai:1
ਵਿਅੰਗਾਤਮਕ	viangaatamak:1	viangaatmak:1	viangatmak:1
ਵਿਅੰਜਕ	vianjak:3	viyanjak:1
ਵਿਅੰਜਨ	vianjan:4	viyanjan:2	viaanjan:1
ਵਿਅੰਜਨਾ	vianjana:4
ਵਿਆ	viaa:5	via:1
ਵਿਆਂਹਦੜ	viaanhdad:2	vianhdad:1
ਵਿਆਕਤੀਆਂ	viaakatiaan:1	viaakteeaan:1	viaaktian:1
ਵਿਆਕਰਣ	viaakaran:2	viakaran:1
ਵਿਆਕਰਨ	viaakaran:4	viakaran:1
ਵਿਆਕੁਲ	viaakul:2	viakul:1
ਵਿਆਖਿਆ	viaakhiaa:2	veyakheya:1
ਵਿਆਖਿਆਂ	viaakhiaan:2	viakhiaan:1
ਵਿਆਖਿਆਕਾਰ	veyakheyakaar:1	viaakhaiaakar:1	viaakhiaakar:1
ਵਿਆਖਿਆਤਮਕ	viaakhiaatamak:1	viaakhiaatmak:1	viakhiatmak:1
ਵਿਆਖਿਆਵਾਂ	viaakhiaavaan:1	viaakhiaavan:1	viakhiavaan:1
ਵਿਆਜ	viaaj:5	viaj:1
ਵਿਆਨਾ	viaana:2	viena:1	vienaa:1	vienna:1
ਵਿਆਪਕ	viaapak:5	viapak:2	viyapak:2
ਵਿਆਪਕਤਾ	viaapakta:2	viapakta:1
ਵਿਆਪਤ	viaapat:2	veyapat:1
ਵਿਆਪਮ	viaapam:2	viapam:1
ਵਿਆਪਾਰ	viaapaar:1	viaapar:1	viapar:1
ਵਿਆਪੀ	viaapi:2	viapi:1
ਵਿਆਸ	viaas:3	vias:1
ਵਿਆਹ	viaah:4	viah:2
ਵਿਆਹਾਂ	iaahan:1	viaahaan:1	viahaan:1
ਵਿਆਹਿਆ	viaahiaa:3	viahia:1
ਵਿਆਹੀ	viaahi:5	viaahee:2	viahee:1	viahi:1
ਵਿਆਹੀਆਂ	iaahiaan:1	viaaheeaan:1	viahiaan:1
ਵਿਆਹੁਣ	viaahun:2	viahun:1
ਵਿਆਹੁਤਾ	viaahuta:4	viahuta:2
ਵਿਆਹੁਲੀ	viaahuli:2	viahuli:1
ਵਿਆਹੁਲੇ	viaahule:2	viahule:1
ਵਿਆਹੇ	viaahe:4	viahe:2
ਵਿਉਪਾਰ	viopaar:1	viupaar:1	viupar:1
ਵਿਊ	viu:2	view:1	vioo:1	viyu:1
ਵਿਏਨਾ	viena:2	vienna:1
ਵਿਕ	vik:4	vick:1	vike:1	wick:1
ਵਿਕਅਤੀ	vikati:2	vikatee:1
ਵਿਕਟ	vikat:3	wicket:2	vicket:1	viket:1
ਵਿਕਟਰ	victor:5	victar:2	viktar:2	viktor:2
ਵਿਕਟਰੀ	victory:3
ਵਿਕਟਾਂ	vikta:1	viktaan:1	wicketan:1
ਵਿਕਟੋਰਿਆ	victoria:3
ਵਿਕਟੋਰੀਅਨ	victorian:2	viktirian:1
ਵਿਕਟੋਰੀਆ	victoria:4	victoriaa:1	viktoriaa:1	wictoria:1
ਵਿਕਣ	vikan:3
ਵਿਕਦਾ	vikada:1	vikadaa:1	vikda:1
ਵਿਕਦੀ	vikadee:1	vikadi:1	vikdee:1
ਵਿਕਦੇ	vikade:2	vikde:1
ਵਿਕਰਮ	vikram:3	vikaram:1	wikram:1
ਵਿਕਰਮਾਦਿਤ	vikramadit:2	vikaramaadit:1
ਵਿਕਰਮਾਦਿੱਤ	vikramaditt:2	vikaramaaditt:1
ਵਿਕਰਾਂਤ	vikrant:2	vikaraant:1
ਵਿਕਰੀ	vikaree:1	vikari:1	vikree:1
ਵਿਕਰੇਤਾ	vikareta:1	vikaretaa:1	vikreta:1
ਵਿਕਰੇਤਾਵਾਂ	vikretavaan:1	vikretavan:1	vikretawaan:1
ਵਿਕਲਪ	vikalap:3	vikalp:3
ਵਿਕਲਪਕ	vikalapak:2	vikalpak:1
ਵਿਕਲਪਾਂ	vikalapanaan:1	vikalpaan:1	vikalpan:1
ਵਿਕਲਪਿਕ	vikalpik:2	vikalapaki:1
ਵਿਕਲਾਂਗ	viklang:2	viklaand:1	viklaang:1	wiklang:1
ਵਿਕਲਾਂਗਤਾ	viklangata:2	vikalangata:1	vikalangta:1
ਵਿਕਸਤ	viksat:2	vikasat:1
ਵਿਕਸਿਤ	viksit:2	vikasit:1
ਵਿਕਾਊ	vikau:3	wikau:1
ਵਿਕਾਰ	vikar:4	vikaar:3
ਵਿਕਾਰਾਂ	vikaran:2	vikaraan:1
ਵਿਕਾਰੀ	vikari:2	vikaari:1
ਵਿਕਾਸ	vikas:6	veekas:1	veekash:1	veekashh:1
ਵਿਕਾਸਵਾਦ	vikasvad:1	vikaswaad:1	vikaswad:1
ਵਿਕਾਸਵਾਦੀ	vikaswadi:2	vikasvadi:1
ਵਿਕਾਸਸ਼ੀਲ	vikasasheel:1	vikasheel:1	vikassheel:1
ਵਿਕਿਆ	vikia:4	vikea:2	vikiaa:2	vikiya:1
ਵਿਕੀਆਂ	vikiaan:2	vickian:1	vickyian:1	vikian:1
ਵਿਕੀਪੀਡੀਆ	wikipedia:4	vikipedia:1	vikipediya:1	vikipidia:1
ਵਿਕੀਮੀਡੀਆ	wikimedia:3
ਵਿਕੀਲੀਕਸ	viikiileaks:1	vikileaks:1	vikileaksh:1	vikileks:1
ਵਿਕੇ	vike:2	vikey:2	vk:1
ਵਿਕੇਂਦਰੀਕਰਨ	vikendarikaran:1	vikenderikaran:1	vikendrikaran:1
ਵਿਕੋਲਿਤਰੀ	vikolitri:2	vekauletri:1	vekoletri:1	vikolitree:1
ਵਿਕੋਲਿਤਰੇ	vekauletre:1	vekoletre:1	vikolitrey:1	vikollitre:1
ਵਿਕ੍ਰੇਤਾ	vikreta:3	vikretah:1
ਵਿਖ	vikh:3	vekh:1
ਵਿਖਣ	vikhan:2	vekhan:1	vekhhan:1
ਵਿਖਾ	vikha:3	vekhaa:1
ਵਿਖਾਂਦੀ	vikhandi:2	vikhadee:1	vikhandee:1
ਵਿਖਾਇਆ	vikhaeea:1	vikhaeya:1	vikhaia:1	vikhayia:1
ਵਿਖਾਈ	vikhai:4	vikhayi:2	wikhai:2	wikhayi:1
ਵਿਖਾਉਂਦਾ	vekhaunda:1	vekhauunda:1	vikhaounda:1	vikhaunda:1
ਵਿਖਾਉਂਦੀ	vikhaundi:2	vekhaundi:1	vekhauundi:1
ਵਿਖਾਉਂਦੇ	vikhaunde:2	vekhaunde:1	vekhaundey:1
ਵਿਖਾਉਣ	vikhaun:2	vekhaun:1	vikhaoun:1
ਵਿਖਾਉਣਾ	vikhauna:2	vekhauna:1	vikhaouna:1
ਵਿਖਾਉਣੀ	vekhauni:1	vekhuni:1	vikhaounee:1	vikhaouni:1
ਵਿਖਾਏ	vikhaye:3	vikhae:1	wikhae:1
ਵਿਖਾਣ	vikhan:3	wikhan:1
ਵਿਖਾਦੇ	vikhade:2	vikahde:1	wikhade:1
ਵਿਖਾਲੇ	vikhale:6	wikhale:1
ਵਿਖਾਵਾ	vikhava:3	vikhawa:1
ਵਿਖਿਆ	vikhiaa:2	vikhia:1	vikhiya:1	vikhya:1
ਵਿਖਿਆਨ	vikhiaan:1	vikhian:1	vikhiyan:1	vikhyan:1
ਵਿਖੇ	vikhe:3	vikhae:1	vikhey:1
ਵਿਗਠਨ	vigathan:2	vigthan:1
ਵਿਗਨ	vigan:3
ਵਿਗਸਿਆ	vigsiaa:2	vigseaa:1	vigseya:1	vigsia:1
ਵਿਗਸੇ	vigse:2	vigase:1	vigsae:1	vigsey:1
ਵਿਗਾੜ	vigad:2	vigarh:1
ਵਿਗਾੜਣ	vigadan:2	vigarhan:1
ਵਿਗਾੜਦੀ	vigadadi:2	vigarhadi:1
ਵਿਗਾੜਨ	vigadan:5	vigarhan:1
ਵਿਗਾੜਾਂ	vigadaan:2	vigadan:1
ਵਿਗਾੜੇ	vigade:2	vigare:1	vigarhe:1
ਵਿਗਿਆਨ	vigiaan:4	vigyan:4	vigian:1
ਵਿਗਿਆਨਕ	vigianak:3	vigyanak:3	vigiaanak:2
ਵਿਗਿਆਨਾਂ	vigianaan:1	vigianan:1	vigiyana:1	vigyanan:1
ਵਿਗਿਆਨਿਕ	vigiaanak:1	vigianik:1	vigiyanik:1	vigyanak:1
ਵਿਗਿਆਨਿਕਾਂ	vigiaanikan:1	vigianikaan:1	vigiyanika:1	vigyanikan:1
ਵਿਗਿਆਨੀ	vigiani:2	vigiyani:1	vigyani:1	wigiyani:1
ਵਿਗਿਆਨੀਆਂ	vigianiaan:1	vigianian:1	vigiyanian:1	vigyanian:1
ਵਿਗਿਆਪਨ	vigiaapan:1	vigiapan:1	vigiyapn:1	vigyapan:1
ਵਿਗੋਚਾ	vigocha:2	vigoucha:1	wigoucha:1
ਵਿਗੜ	vigad:4	vigarr:2
ਵਿਗੜਨ	vigdan:3	vigadan:1	vigarhan:1	vigrran:1
ਵਿਗੜਿਆ	vigadiaa:1	vigarhia:1	vigdia:1
ਵਿਗੜਿਆਂ	vigadiaan:1	vigarhian:1	vigdiaan:1
ਵਿਗੜੀ	vigadi:2	vigdee:1	vigdi:1
ਵਿਗੜੇ	vigade:2	vigde:1
ਵਿਘਨ	vighan:3	wighan:1
ਵਿਘਨਕਾਰੀ	vighankari:2	vighankaari:1	wighankaari:1
ਵਿਚ	vich:4	witch:2	which:1	wich:1
ਵਿਚਕਾਰ	vichkaar:3	vichkar:3	wichkaar:1
ਵਿਚਕਾਰਲਾ	vichkarla:2	vichkaarla:1	wichkaarla:1
ਵਿਚਕਾਰਲੀ	vichkarli:3	vichkarlee:1	wichkarli:1
ਵਿਚਕਾਰਲੀਆਂ	vichkarleeaan:1	vichkarliaan:1	vichkarliyan:1	wichkarlian:1
ਵਿਚਕਾਰਲੇ	vichkarle:2	vichkaarle:1	wichkaarle:1
ਵਿਚਕਾਰੋਂ	vichkaaron:2	vichkaro:1	wichkaro:1
ਵਿਚਦੀ	vichdi:3	vichdee:1	wichdi:1
ਵਿਚਰ	vichar:3	wichar:1
ਵਿਚਰਦਾ	vicharda:3	wicharda:1
ਵਿਚਰਦੀ	vichardi:3	vichardee:1	wichardi:1
ਵਿਚਰਦੀਆਂ	vichardeeaan:1	vichardiaan:1	vichardian:1	wichardian:1
ਵਿਚਰਦੇ	vicharde:3	wicharde:1
ਵਿਚਰਨਾ	vicharna:3	wicharna:1
ਵਿਚਲਾ	vichla:3	wichla:1
ਵਿਚਲਿਤ	vichlit:3	wichlit:1
ਵਿਚਲੀ	vichli:3	vichlee:1	wichli:1
ਵਿਚਲੀਆਂ	vichleeaan:1	vichliaan:1	vichlian:1	wichlian:1
ਵਿਚਲੇ	vichle:4	vichale:2	wichle:1
ਵਿਚਾਰ	vichar:4	wichar:1
ਵਿਚਾਰਕ	vicharak:3	vichaarak:1	wicharak:1
ਵਿਚਾਰਕਾਂ	vichaarkaan:1	vichaarkan:1	vicharkaan:1	vicharkan:1
ਵਿਚਾਰਗੀ	vichargee:3	vichargi:2	vichaargee:1	vichaargi:1
ਵਿਚਾਰਦੇ	vicharde:3	vichaardae:1	vichaarde:1	vichaardey:1
ਵਿਚਾਰਧਾਰਕ	vichardharak:3	vichaardhaarak:1	vichaardharak:1	vichardhaarak:1
ਵਿਚਾਰਧਾਰਾ	vichardhara:5	vichaardhaara:1	vichardhaara:1	wichardhara:1
ਵਿਚਾਰਧਾਰਾਂ	vichardharan:2	vichaardhaaran:1	vichaardharan:1	vichardharaan:1
ਵਿਚਾਰਧਾਰਾਈ	vichardharayi:3	vichaardhaarayi:1	vichaardharaee:1	vichaardharayi:1
ਵਿਚਾਰਧਾਰਾਵਾਂ	vichardharavan:3	vichaardharanvan:1	wichardharawan:1
ਵਿਚਾਰਧੀਨ	vichardheen:3	vichaardheen:1	wichardheen:1
ਵਿਚਾਰਨ	vicharan:3	vichaaran:1	wicharan:1
ਵਿਚਾਰਨਯੋਗ	vicharanyog:3	vichaaranyog:1	wicharanyog:1
ਵਿਚਾਰਨਾ	vicharna:3	vichaarna:1	wicharna:1
ਵਿਚਾਰਯੋਗ	vicharyog:2	vichaaryog:1	vicharyoug:1	wicharyoug:1
ਵਿਚਾਰਵਾਦ	vicharvad:2	vicharwad:2	vichaarvaad:1	vichaarvad:1
ਵਿਚਾਰਵਾਦੀ	vicharvadi:2	vichaarvadee:1	vicharwadi:1	wicharwadi:1
ਵਿਚਾਰਵਾਨ	vicharvaan:2	vicharwan:2	vichaarvaan:1	vichaarwaan:1
ਵਿਚਾਰਵਾਨਾਂ	vicharvanan:2	vichaarvanan:1	vichaarwanan:1	vicharvanaan:1
ਵਿਚਾਰਾ	vichara:6	vichaara:1	wichara:1
ਵਿਚਾਰਾਂ	vicharan:2	vichaaran:1	vicharaan:1	wicharan:1
ਵਿਚਾਰਾਧੀਨ	vicharadheen:3	vichaaradheen:1	wicharadheen:1
ਵਿਚਾਰਿਆ	vichaaraa:2	vicharia:2	vichaareya:1	vichaariaa:1
ਵਿਚਾਰੀ	vichari:3	wichari:1
ਵਿਚਾਰੀਆਂ	vicharian:2	vichareeaan:1	wicharian:1
ਵਿਚਾਰੇ	vichare:3	wichare:1
ਵਿਚਾਲ਼ੇ	vichaale:1	vichale:1	vichalle:1	wichale:1
ਵਿਚਾਲੇ	vichale:3	wichale:1
ਵਿਚੀਂ	vicheen:2	vichi:1	wichi:1
ਵਿਚੋ	vicho:4	vichou:1	wichou:1
ਵਿਚੋਂ	vichon:5	vichou:2	wichou:2
ਵਿਚੋਲਗਿਰੀ	vicholgiri:3	wicholgiri:1
ਵਿਚੋਲਗੀ	vicholagi:2	vicholgi:1	wicholgi:1
ਵਿਚੋਲਾ	vichola:2	vichoula:1	wichoula:1
ਵਿਚੋਲੇ	vichole:2	vichoule:1	wichoule:1
ਵਿਚੌਂ	vichaun:2	vichoun:1	wichoun:1
ਵਿਛ	vichh:2	vich:1	wich:1
ਵਿਛਾ	vichha:3	vechha:1
ਵਿਛਾਈ	vichhaee:2	vechayi:1	vechhayi:1	vicchayi:1
ਵਿਛੋੜ	vichhod:1	vichhorr:1	vichorh:1
ਵਿਛੋੜਾ	vichhoda:1	vichhorraa:1	vichorha:1
ਵਿਛੋੜੇ	vichhode:1	vichode:1	vichorhe:1
ਵਿਛੜ	vichhad:2	vichad:1	vichar:1
ਵਿਜ	vij:3
ਵਿਜਯ	vijay:2	vijaya:1
ਵਿਜਯਾ	vijaya:2	bijaya:1	veejaya:1	viijaya:1
ਵਿਜ਼	vij:1	viz:1	wij:1	wiz:1
ਵਿਜ਼ੂਅਲ	visual:2	vizooal:1	vizual:1
ਵਿਜੀ	viji:2	vijee:1	vusy:1
ਵਿਜੇ	vijay:2	vije:1	vijey:1
ਵਿਜੇਤਾ	vijeta:3
ਵਿਜੇਤਾਵਾਂ	vijatawan:1	vijaytavan:1	vijetaavaan:1
ਵਿਜੇਵਾੜਾ	vijayvarha:1	vijaywada:1	vijeyvaada:1
ਵਿਜੈ	vijai:3	vijay:3	bijay:1	vijae:1
ਵਿਜੈਨਗਰ	vijainagar:2	vijaynagar:1
ਵਿਜੋਗੀ	vijogee:2	vijogi:1
ਵਿਟਮੈਨ	vitmain:1	vitman:1	wittman:1
ਵਿਟਾਮਿਨ	vitamin:3
ਵਿਠਲ	vithal:3
ਵਿਡੋ	viddo:1	vido:1	widow:1
ਵਿਡੰਬਣਾ	vidambana:1	vidambanaa:1	viddamnna:1
ਵਿਤ	vit:3
ਵਿਤਕਰਾ	vitkraa:2	vitakara:1
ਵਿਤਕਰੇ	vitakare:1	vitkare:1	vitkre:1
ਵਿਤਰਕ	vitarak:1	vitark:1	vitrk:1
ਵਿਤਰਕਾਂ	vitarkaan:1	vitarkan:1	vitrkaan:1
ਵਿਤਰਣ	vitaran:1	vitrann:1	vitrnn:1
ਵਿਥ	vith:3
ਵਿਦਮਾਨ	vidmaan:2	vidman:1
ਵਿਦਰਭ	vidarbh:1	vidharb:1	vidrbh:1
ਵਿਦਰੋਹ	vidroh:3
ਵਿਦਰੋਹਾਂ	vidrohaan:2	vidrohan:1
ਵਿਦਰੋਹੀ	vidrohi:2	vidrohee:1
ਵਿਦਰੋਹੀਆਂ	vidrohiaan:2	vidroheeaan:1
ਵਿਦਵਤਾ	vidawta:2	vidvtaa:1
ਵਿਦਵਾਨ	vidvaan:3	vidwaan:1	vidwan:1	widwaan:1
ਵਿਦਵਾਨਾ	vidwana:2	vidvanaa:1
ਵਿਦਵਾਨਾਂ	vidvanaan:1	vidwanaan:1	vidwanan:1
ਵਿਦਾ	vida:2	vidaa:1
ਵਿਦਾਇਗੀ	vidaaegee:1	vidaaigi:1	vidaigi:1
ਵਿਦਾਈ	vidaai:2	vidaaee:1
ਵਿਦਿਅਕ	vidiak:3
ਵਿਦਿਆ	vidiaa:5	vidiya:2	vidya:1	vidyaa:1
ਵਿਦਿਆਪੀਠ	vidiapeeth:1	vidiyapeeth:1	vidyapeeth:1
ਵਿਦਿਆਰਥਣ	vidiaarthan:1	vidiaarthann:1	vidiaarthnn:1
ਵਿਦਿਆਰਥਣਾਂ	vidiaarthanan:1	vidiaarthnnaan:1	vidiaarthnnan:1
ਵਿਦਿਆਰਥੀ	vidiaarthee:2	vidiyarthi:2	vidiaarathi:1	vidiaarthi:1
ਵਿਦਿਆਰਥੀਆ	vidiaartheeaa:1	vidiaarthia:1	vidiaarthiaa:1	vidyarthia:1
ਵਿਦਿਆਰਥੀਆਂ	vidiaarthiaan:3	vidiaartheeaan:2	vidiyarthiaan:2	vidiyaartheeaan:1
ਵਿਦਿਆਲਿਆ	vidiaaliaa:1	vidiyaliaa:1	vidyalia:1
ਵਿਦਿਆਲਿਆਂ	vidiaaliaan:1	vidiyaliaan:1	vidyalian:1
ਵਿਦਿਆਲੇ	vidiaale:1	vidiyale:1	vidyale:1
ਵਿਦਿਆਵਾਂ	vidiaavaan:1	vidiyawaan:1	vidyaavan:1
ਵਿਦਿਵਾਨ	vidivaan:2	vidivan:1
ਵਿਦੇਸ਼	videsh:3
ਵਿਦੇਸ਼ਾ	videsha:2	videshaa:1
ਵਿਦੇਸ਼ਾਂ	videshaan:3	videshan:3
ਵਿਦੇਸ਼ੀ	videshi:6	videshee:1
ਵਿਦੇਸ਼ੀਆਂ	videshian:2	videsheeaan:1
ਵਿਦ੍ਰੋਹ	vidroh:3
ਵਿਦ੍ਰੋਹੀ	vidrohi:2	vidrohee:1
ਵਿਧਵਾ	vidhava:1	vidhawaa:1	vidhva:1
ਵਿਧਵਾਵਾਂ	vidhavaavaan:1	vidhawaan:1	vidhvavan:1
ਵਿਧਾ	vidha:3	vidhaa:2	widha:1
ਵਿਧਾਇਕ	vidhaaik:3	vidhaik:3
ਵਿਧਾਇਕਾ	vidhaaikaa:1	vidhaika:1	vidhaikaa:1
ਵਿਧਾਇਕਾਂ	vidhaikaan:3	vidhaaikaan:2	vidhaaikan:1
ਵਿਧਾਈ	vidhaaee:1	vidhaee:1	vidhaei:1
ਵਿਧਾਗਤ	vidhaagat:2	vidhagat:1
ਵਿਧਾਤਾ	vidhaata:2	vidhaataa:1
ਵਿਧਾਨ	vidhaan:2	vidhan:1
ਵਿਧਾਨਕ	vidhaanak:2	vidhanak:1
ਵਿਧਾਨਕਾਰ	vidhaanakaar:2	vidhaankar:1
ਵਿਧਾਨਪਾਲਿਕਾ	vidhaanapaalika:1	vidhaanpaalika:1	vidhaanpalika:1
ਵਿਧਾਨਸਭਾ	vidhaanasabha:1	vidhaansabha:1	vidhaansabhaa:1
ਵਿਧਾਨਾਂ	vidhaanaan:1	vidhaanan:1	vidhanaan:1
ਵਿਧਾਨਿਕ	vidhaanik:2	vidhanik:1
ਵਿਧੀ	vidhi:3	vidhee:2	widhi:1
ਵਿਧੀਆ	vidheea:1	vidheeaa:1	vidhiaa:1
ਵਿਧੀਆਂ	vidheeaan:1	vidheean:1	vidhiaan:1
ਵਿਧੀਗਤ	vidheegat:2	vidhigat:1
ਵਿਧੀਪੂਰਵਕ	vidheepooravak:2	vidhipoorwak:1
ਵਿਧੀਵਤ	vidheevat:1	vidhivat:1	vidhiwat:1
ਵਿਧੂ	vidhu:2	vidhoo:1
ਵਿਧੇਯਕ	vidheyak:3
ਵਿਨ	vin:2	win:2	veen:1	vinn:1
ਵਿਨਸੈਂਟ	vinment:1	vinsaint:1	winsent:1
ਵਿਨਾਇਕ	vinaaik:2	vinayik:1
ਵਿਨਾਸ	vinaas:3
ਵਿਨਾਸ਼	vinaash:2	vinash:1
ਵਿਨਾਸ਼ਕ	vinashak:2	vinaashak:1
ਵਿਨਾਸ਼ਕਾਰ	vinaashkar:1	vinashakar:1	vinashkaar:1
ਵਿਨਾਸ਼ਕਾਰੀ	vinaashkaaree:1	vinaashkaari:1	vinashakari:1	vinashkari:1
ਵਿਨੀਤ	vineet:3
ਵਿਨੀਤਾ	vineeta:2	vineetaa:1	vinita:1
ਵਿਨੇਸ਼	vinesh:3
ਵਿਨੈ	vinay:2	viney:2	vinae:1	vinai:1
ਵਿਨੋਦ	vinod:4	winod:1
ਵਿਨੋਦੀ	vinodi:2	vinodee:1
ਵਿਨੋਬਾ	vinoba:2	vinobaa:1
ਵਿਪਰੀਤ	vipreet:3
ਵਿਪੁਲ	vipul:3
ਵਿਭਾਗ	vibhag:2	vibhaag:1
ਵਿਭਾਗਾਂ	vibhagaan:2	vibhagan:1
ਵਿਭਾਗੀ	vibhagi:2	vibhaagee:1
ਵਿਭਾਜਨ	vibhajan:2	vibhaajan:1
ਵਿਭਾਜਿਤ	vibhajit:2	vibhaajit:1
ਵਿਭਾਵ	vibhaav:1	vibhaaw:1	vibhav:1
ਵਿਭਿੰਨ	vibhinn:2	vibhinan:1
ਵਿਭਿੰਨਤਾ	vibhinanataa:1	vibhinnata:1	vibhintaa:1
ਵਿਭੂਤੀ	vibhuti:2	vibhootee:1
ਵਿਭੂਸ਼ਨ	vibhushan:2	vibhooshan:1
ਵਿਭੰਨ	vibhann:3
ਵਿਮ	veem:1	vem:1	vim:1	vym:1
ਵਿਮਾਨ	vimaan:2	viman:1
ਵਿਯਕਤੀ	viyakatee:1	viyakati:1	viyakti:1
ਵਿਯੋਗ	viyog:3
ਵਿਯੋਗਣ	viyogann:2	viyogan:1
ਵਿਯੋਗੀ	viyogi:2	viyogee:1
ਵਿਰਕ	virk:4	virak:2	wirak:1
ਵਿਰਦੀ	viradi:1	virdee:1	virdi:1
ਵਿਰਲ	viral:2	virl:1
ਵਿਰਲਾ	virala:1	virla:1	virlaa:1
ਵਿਰਲਾਂ	virlaan:2	viralan:1
ਵਿਰਲਾਪ	vilaap:1	viralaap:1	virlaap:1
ਵਿਰਲੀ	virali:1	virlee:1	virli:1
ਵਿਰਲੇ	virle:2	virale:1
ਵਿਰਵੀ	viravi:1	virvee:1	virvi:1
ਵਿਰਸਾ	virasa:1	virasaa:1	virsa:1
ਵਿਰਸੇ	virase:2	virse:1
ਵਿਰਾਜਮਾਨ	virajmaan:2	viraajmaan:1
ਵਿਰਾਟ	virat:4	viraat:1
ਵਿਰਾਨ	viraan:3	veeran:1
ਵਿਰਾਮ	viraam:2	veeram:1	viram:1
ਵਿਰਾਸਤ	virasat:2	viraast:1
ਵਿਰਾਸਤਾਂ	viraastaan:1	virasataan:1	virastan:1
ਵਿਰਾਸਤੀ	virasati:2	virastee:1
ਵਿਰੁਧ	virudh:4
ਵਿਰੁੱਧ	viruddh:2	virrudh:1
ਵਿਰੇਚਨ	virechan:2	virechn:1
ਵਿਰੋਧ	virodh:8
ਵਿਰੋਧਤਾ	virodhata:2	virodhtaa:1
ਵਿਰੋਧਤਾਈਆਂ	virodhataiaan:1	virodhtaeeaan:1	virodhtayian:1
ਵਿਰੋਧਵਿਕਾਸ	virodhvikas:2	virodhvikaas:1
ਵਿਰੋਧੀ	virodhi:3	virodhee:1
ਵਿਰੋਧੀਆਂ	virodhiaan:1	virodhian:1	virosheeaan:1
ਵਿਲ	vil:10	will:10	wil:2	veal:1
ਵਿਲਖਣ	vilkhan:2	vilakhan:1	vilkhnn:1
ਵਿਲਖਣਤਾ	vilakhanta:1	vilkhanta:1	vilkhnntaa:1
ਵਿਲਫਰੇਡ	vilfred:1	wilfred:1	wilphred:1
ਵਿਲਸਨ	wilson:3	vilsn:1	willson:1	wilsan:1
ਵਿਲਾ	vila:2	wila:2	bila:1	billa:1
ਵਿਲਾਸ	vilas:2	vilaas:1
ਵਿਲਾਸਤਾ	vilaastaa:1	vilasata:1	vilasta:1
ਵਿਲਾਸੀ	vilaasee:1	vilaasi:1	vilasi:1
ਵਿਲੀ	willee:3	willii:2	willy:2	veellee:1
ਵਿਲੀਅਮ	villiam:8	william:3	viliam:1	viliiam:1
ਵਿਲੀਅਮਜ਼	williams:2	williamz:1
ਵਿਲੀਨ	vileen:2	vilin:1
ਵਿਲੁਪਤ	vilupat:2	vilupt:1
ਵਿਲੇ	vile:2	viley:2	bileey:1	bilei:1
ਵਿਲੇਜ	village:3
ਵਿਲੇਨ	vilain:1	vilen:1	villain:1
ਵਿਲੱਖਣ	vilakkhan:1	villakhan:1	villkhnn:1
ਵਿਵਰਣ	vivran:2	vivarann:1
ਵਿਵਰਨ	vivran:2	vivaran:1
ਵਿਵਸਥਤ	vivasthat:2	vivasathat:1
ਵਿਵਸਥਾ	vivastha:4	vivsatha:2	wiwasthaa:1
ਵਿਵਸਥਾਵਾਂ	vivasthaawan:1	vivasthavaan:1	vivasthavan:1
ਵਿਵਸਥਿਤ	vivasthit:1	vivsathit:1	vivsthit:1
ਵਿਵਸਾਇਕ	vivsaaik:2	vivsaik:1
ਵਿਵਹਾਰ	vivhaar:2	vivhar:1
ਵਿਵਹਾਰਾਂ	vivahaaran:1	vivhaaran:1	vivharaan:1
ਵਿਵਹਾਰਿਕ	vivhaarik:2	vivahaarik:1
ਵਿਵਾਦ	vivaad:2	vivad:1
ਵਿਵਾਦਗ੍ਰਸਤ	vivaadgrst:1	vivadagrast:1	vivadgrast:1
ਵਿਵਾਦਪੂਰਨ	vivaadpoorn:1	vivaadpuran:1	vivadpuran:1
ਵਿਵਾਦਾਂ	vivaadaan:1	vivadaan:1	vivadan:1
ਵਿਵਾਦਿਤ	vivaadit:2	vivadit:1	wiwadit:1
ਵਿਵਾਦੀ	vivadi:2	vivaadee:1	vivadee:1
ਵਿਵਾਹ	vivah:3
ਵਿਵਾਹਿਕ	vivaahik:2	vivahik:1
ਵਿਵਾਹਿਤ	vivaahit:2	vivahit:1
ਵਿਵਿਧਤਾ	vividhata:1	vividhataa:1	vividhtaa:1
ਵਿਵੇਕ	vivek:8	veevek:1	viveq:1	wiwek:1
ਵਿਵੇਕਸ਼ੀਲ	viveksheel:3
ਵਿਵੇਕਾਨੰਦ	vivekanand:3
ਵਿਵੇਚਨ	vivechan:1	vivechn:1	wiwechan:1
ਵਿਸ	vis:6
ਵਿਸਕਾਨਸਿਨ	vesconcin:1	visconsin:1	vishconsin:1	viskaanasin:1
ਵਿਸਤਰਿਤ	vistarit:2	visatarit:1
ਵਿਸਤਾਰ	vistaar:4
ਵਿਸਤ੍ਰਿਤ	vistrit:3	visatrit:1
ਵਿਸਥਾਪਤ	visthaapat:2	visthapat:1
ਵਿਸਥਾਪਨ	visthaapan:2	visthapan:1
ਵਿਸਥਾਰ	visthaar:2	visthar:2
ਵਿਸਥਾਰਪੂਰਵਕ	vistharpurvak:2	visthaarapoorvak:1
ਵਿਸਫੋਟ	visfot:5
ਵਿਸਫੋਟਕ	visfotak:4
ਵਿਸਮਾਦ	vismaad:4
ਵਿਸਮਿਕ	vismik:3
ਵਿਸਰ	visar:10
ਵਿਸਰਜਨ	visarjan:3
ਵਿਸਰਾਮ	visraam:2	visram:1
ਵਿਸਰਿਆ	visariaa:2	visria:1
ਵਿਸਲੇਸ਼ਣ	vishleshan:2	vishlaishan:1	visleshan:1
ਵਿਸ਼ਣੁ	vishnu:6	vishanu:1
ਵਿਸ਼ਣੂ	vishnu:2	vishanu:1	vishnoo:1
ਵਿਸ਼ਨੂ	vishnu:2	vishnoo:1
ਵਿਸ਼ਰਾਮ	vishram:2	vishraam:1
ਵਿਸ਼ਲੇਸ਼ਕ	vishleshak:5
ਵਿਸ਼ਲੇਸ਼ਣ	vishleshan:3	vishaleshana:1
ਵਿਸ਼ਲੇਸ਼ਣੀ	vishaleshanee:1	vishleshani:1	vishleshni:1
ਵਿਸ਼ਲੇਸ਼ਨ	vishleshan:2	vishaleshan:1
ਵਿਸ਼ਵ	vishav:4
ਵਿਸ਼ਵਕੋਸ਼	vishavkosh:2	vishvakosh:1
ਵਿਸ਼ਵਵਿਆਪੀ	vishavviyaapi:1	vishvaviaapi:1	vishwaviapi:1
ਵਿਸ਼ਵਵਿਦਿਆਲਿਆਂ	vishwavidialiaan:2	vishavvidialiya:1
ਵਿਸ਼ਵਾਨਾਥ	vishwanath:2	vishvanath:1
ਵਿਸ਼ਵਾਸ	vishvaas:2	vishwas:2	vishvas:1
ਵਿਸ਼ਵਾਸਘਾਤ	vishvaasghat:1	vishvashghaat:1	vishwasghat:1	vishwashghaat:1
ਵਿਸ਼ਵਾਸ਼	vishvash:2	vishwash:1
ਵਿਸ਼ਵਾਸਾਂ	vishvasan:1	vishwasaan:1	vishwasan:1
ਵਿਸ਼ਵਾਸੀ	vishvaasi:1	vishvasi:1	vishwasi:1
ਵਿਸ਼ਵੀ	vishavi:1	vishvee:1	vishvi:1
ਵਿਸ਼ਵੀਕਰਨ	vishveekaran:2	vishvikaran:1
ਵਿਸ਼ਾ	visha:3
ਵਿਸ਼ਾਖਾ	vishakha:3
ਵਿਸ਼ਾਖਾਪਟਨਮ	visakhapatnam:3	vishakhapatnam:3	veesakhapatnam:1	veesakhapetnam:1
ਵਿਸ਼ਾਣੁ	vishanu:3
ਵਿਸ਼ਾਦ	vishad:2	vishaad:1
ਵਿਸ਼ਾਲ	vishal:9	wishal:2
ਵਿਸ਼ਿਆ	vishia:2	vishiaa:1
ਵਿਸ਼ਿਆਂ	vishian:2	visian:2	visean:1	vishean:1
ਵਿਸ਼ਿਸ਼ਟ	vishisht:2	vishishat:1
ਵਿਸ਼ੇਆਂ	vishean:2	vishea:1	visheyan:1	vishian:1
ਵਿਸ਼ੇਸ	vishes:3
ਵਿਸ਼ੇਸਤਾ	vishesta:2	visheshata:1	visheshta:1
ਵਿਸ਼ੇਸ਼	visesh:3	vishesh:2
ਵਿਸ਼ੇਸ਼ਕ	visheshak:3
ਵਿਸ਼ੇਸ਼ਕਰ	visheshkar:3
ਵਿਸ਼ੇਸ਼ਗ	visheshag:3
ਵਿਸ਼ੇਸ਼ਗਤ	visheshgat:3	visheshagat:1
ਵਿਸ਼ੇਸ਼ਣ	visheshan:3
ਵਿਸ਼ੇਸ਼ਤਾ	visheshta:4	iwsheshta:1	visheshata:1	visheshtaa:1
ਵਿਸ਼ੇਸ਼ਤਾਈ	visheshtai:2	visheshtayi:2
ਵਿਸ਼ੇਸ਼ਤਾਈਆਂ	viseshtatian:1	viseshtatiyaan:1	visheshtaeean:1	visheshtaia:1
ਵਿਸ਼ੇਸ਼ਤਾਵਾਂ	viseshtavan:1	visheshtaavaan:1	visheshtawa:1	wiseshtavan:1
ਵਿਸ਼ੇਸ਼ੱਗ	visheshagg:3	visheshag:1
ਵਿਸ਼ੈਲਾ	vishaila:1	vishailaa:1	vishalla:1	wishalla:1
ਵਿਸਾਖ	visakh:3
ਵਿਸਾਖਾ	visakha:3
ਵਿਸਾਖੀ	visakhi:3
ਵਿਸਾਰ	visar:3	visaar:1	wisar:1
ਵਿਸਾਰਿਆਂ	visareyan:1	visariaan:1	visarian:1	wisareyan:1
ਵਿਸਾਰੀ	visari:2	visaree:1	wisari:1
ਵਿਸੇਸ਼	visesh:3
ਵਿਸੰਗਤੀਆਂ	visangatian:1	visangteeaan:1	visangtian:1	wisangatian:1
ਵਿਹਲ	vihal:3	wihal:1
ਵਿਹਲਾ	vihla:2	vihala:1	wihla:1
ਵਿਹਲੇ	vihale:2	vihle:2	wihle:1
ਵਿਹਾਰ	vihar:4	wihar:2	vihaar:1
ਵਿਹਾਰਕ	viharak:2	vihaarak:1
ਵਿਹਾਰਾਂ	vihara:1	viharaan:1	viharan:1
ਵਿਹਾਰੀ	viharee:2	vihaari:1	vihari:1
ਵਿਹੂਣੀ	vihoni:1	vihoonee:1	vihunni:1	vihuunee:1
ਵਿਹੂਣੇ	vihoone:1	vihunne:1	vihuune:1
ਵਿਹੜਾ	vihda:2	vihada:1	vihra:1
ਵਿਹੜਿਆਂ	vehdian:1	vihdeyan:1	vihdiaan:1	vihreyan:1
ਵਿਹੜੇ	viharhe:2	vihde:2	vehdde:1	vihade:1
ਵਿੰਗ	wing:10	ving:1	wingg:1
ਵਿੰਚ	vinch:3
ਵਿੰਚੀ	vinchi:2	viincii:1	vinchee:1	vinci:1
ਵਿੰਡਸਰ	windsor:3	vindsor:1	vindsore:1	vindsur:1
ਵਿੰਡੋ	vindo:1	vindov:1	winda:1	windaw:1
ਵਿੰਡੋਜ	windoj:2	indos:1
ਵਿੰਡੋਜ਼	windoz:2	indos:1	windows:1
ਵਿੰਨਿਆ	viniaa:1	vinnia:1	vinniaa:1
ਵਿੰਨੀ	vinni:2	winny:2	vennie:1	venniie:1
ਵਿੰਨ੍ਹਣਾ	vinhnna:1	vinnana:1	vinnhna:1
ਵਿੰਬਲਡਨ	wimbledon:2	wimbaldan:1	wimbaldon:1	wimbledom:1
ਵਿੰਸਟਨ	winstan:2	vinshton:1	vinstan:1	vinstn:1
ਵਿੱਕ	vikk:3
ਵਿੱਕਰੀ	vikkaree:1	vikkari:1	vikkri:1
ਵਿੱਕੀ	vicky:4	vikki:2	vikky:2	vicqy:1
ਵਿੱਖ	vikkh:2	veekh:1	vikh:1
ਵਿੱਖਣ	vikkhan:2	vekhan:1	vikhan:1
ਵਿੱਖੇ	vikkhe:3	vikkhae:1	vikkhey:1
ਵਿੱਘਾ	vigha:2	viggha:1	wigha:1
ਵਿੱਚ	vicch:2	vichch:2	vich:1	wicch:1
ਵਿੱਚਕਾਰ	vichchkar:2	vicchkaar:1	wicchkaar:1
ਵਿੱਚਦੀ	vichchdi:2	vicchdi:1	vichchdee:1	wicchdi:1
ਵਿੱਚਲਾ	vichchla:2	vicchla:1	wicchla:1
ਵਿੱਚਲੀ	vichchli:2	vicchli:1	vichchlee:1	wicchli:1
ਵਿੱਚਲੇ	vichchle:2	vicchle:1	wicchle:1
ਵਿੱਚਾਰ	vichchar:2	vicchar:1
ਵਿੱਚਾਲੇ	vichchale:2	vicchale:1	wicchale:1
ਵਿੱਚੀਂ	vicchi:1	vichcheen:1	vichchin:1	wicchi:1
ਵਿੱਚੇ	vichche:2	vicche:1	wicche:1
ਵਿੱਚੋ	vichcho:2	vicchou:1	wicchou:1
ਵਿੱਚੋਂ	vicchon:1	vicchoun:1	vichchon:1	wicchoun:1
ਵਿੱਚੌਂ	vichchaun:2	vicchoun:1	wicchoun:1
ਵਿੱਛ	vichchh:2	vich:1	vichh:1
ਵਿੱਛੜੇ	vechade:1	vichade:1	vichchhade:1	vichchhde:1
ਵਿੱਢ	viddh:2	vidhdh:1
ਵਿੱਢੀ	viddhi:2	viidhe:1
ਵਿੱਤ	vitt:2	viit:1
ਵਿੱਤੀ	vitti:2	viitee:1
ਵਿੱਥ	viith:1	vithh:1	vitth:1
ਵਿੱਥਾਂ	viithaan:1	vikhaan:1	vitthan:1
ਵਿੱਦਿਅਕ	viddiaak:1	viddiak:1	viidiak:1
ਵਿੱਦਿਆ	viddia:1	viddiaa:1	viidiaa:1
ਵਿੱਲਖਣ	villakhan:2	viilkhnn:1
ਵਿੱਲਖਣਤਾ	viilkhnnta:1	vilakkhanta:1	villakhanta:1
ਵੀ	vee:2	we:1
ਵੀਅਤਨਾਮ	vietnam:2	veatnam:1	veeatnaam:1	veetnam:1
ਵੀਅਰ	veear:1	wear:1	weir:1
ਵੀਆ	viaa:2	viya:2	veea:1	via:1
ਵੀਆਂ	veeaan:1	viaan:1	viyan:1
ਵੀਕ	veak:1	veek:1	vick:1	vyck:1
ਵੀਕਲੀ	veekli:1	veekly:1	veeqly:1	vickli:1
ਵੀਗਾ	veega:2	viga:1
ਵੀਟੋ	veeto:1	veto:1	viito:1	vito:1
ਵੀਡਿਓਜ਼	videos:2	videoz:1
ਵੀਡੀਓ	video:4	videoo:1	vidio:1	viidiio:1
ਵੀਣਾ	veena:2	vina:1
ਵੀਣੀ	vini:2	veeni:1
ਵੀਨਸ	venus:3	veenas:1	veenash:1	veins:1
ਵੀਨਾ	veena:7	viina:1	vina:1	weena:1
ਵੀਰ	veer:10	vear:2	viir:2	vir:2
ਵੀਰਗਤੀ	veergati:3
ਵੀਰਭੱਦਰ	veerbhaddar:2	veerbhadar:1
ਵੀਰਵਾਰ	veervaar:1	veervar:1	veerwar:1
ਵੀਰਾ	veera:4	veara:1	veeraa:1	viira:1
ਵੀਰਾਂਵਾਲੀ	veeranwali:2	veeranvali:1
ਵੀਰਾਨ	veeran:2	viran:1
ਵੀਰਾਨੇ	veerane:2	virane:1
ਵੀਰੇਂਦਰ	veerender:1	virendar:1	virender:1
ਵੀਰੇਨ	viren:2	veeren:1
ਵੀਲ	veal:1	veel:1	vel:1	vheel:1
ਵੀਲਾ	veela:2	wheela:1
ਵੀਹ	veeh:2	vih:1
ਵੀਹਵੀ	vihavi:2	veehvi:1
ਵੀਹਾਂ	vihan:2	veehan:1
ਵੁਡ	wood:3	vood:1	vud:1	wud:1
ਵੁਡਸ	woods:3
ਵੁਡੀ	voodee:1	voody:1	voodye:1	voudy:1
ਵੁਹ	vuh:3
ਵੂਮਨ	omen:1	uomen:1	uuomen:1	voman:1
ਵੇ	way:6
ਵੇਈ	vei:3	vai:1	vaii:1	veei:1
ਵੇਖ	vekh:4
ਵੇਖਣ	vekhan:6
ਵੇਖਣਯੋਗ	vekhanyog:3
ਵੇਖਣਾ	vekhana:4
ਵੇਖਦਾ	vekhada:3	vekhda:1
ਵੇਖਦਿਆਂ	vekhadiaan:1	vekhdian:1	vekhdiyan:1
ਵੇਖਦੀ	vekhadi:2	vekhdi:1
ਵੇਖਦੇ	vekhade:2	vekhde:2
ਵੇਖਾ	vekha:3	vekho:1
ਵੇਖਿਆ	vekhia:4	vekhiya:3
ਵੇਖਿਆਂ	vekhiaan:2	vekhiyan:1
ਵੇਖੀ	vekhi:3
ਵੇਖੀਆ	vekhia:1	vekhiaa:1	vekhiya:1
ਵੇਖੀਆਂ	vekhiaan:2	vekhiyan:1
ਵੇਖੀਏ	vekhiye:2	vekhie:1
ਵੇਖੇ	vekhe:3
ਵੇਖੋ	vekho:3
ਵੇਗ	veg:3
ਵੇਗਸ	vegas:2	vegs:1
ਵੇਗਾ	vega:4	veega:1	weega:1	wega:1
ਵੇਗਾਸ	vegas:4	veegaas:1	veegas:1	vegaas:1
ਵੇਚ	vech:3
ਵੇਚਕੇ	vechake:2	vechke:1
ਵੇਚਣ	vechan:2	vechann:1
ਵੇਚਣਾ	vechana:2	vechanna:1
ਵੇਚਣੇ	vechane:2	vechnne:1
ਵੇਚਦਾ	vechada:2	vechdaa:1
ਵੇਚਦੀ	vechadi:2	vechdi:1
ਵੇਚਦੇ	vechade:2	vechde:1
ਵੇਚਿਆ	vechiaa:2	vechiya:1
ਵੇਚੀ	vechi:3
ਵੇਚੀਆਂ	vechiaan:2	vechiyan:1
ਵੇਚੇ	veche:3
ਵੇਟ	wait:3	weight:1
ਵੇਟਰ	waiter:3	vaitar:1	vaiter:1	vaitur:1
ਵੇਤਨ	vetan:3
ਵੇਦ	ved:4	veda:1	weda:1
ਵੇਦਨਾ	vedana:2	vedna:1
ਵੇਦਾ	veda:3
ਵੇਦਾਂ	vedan:2	vedaan:1
ਵੇਦਾਂਤ	vedant:5	vedaant:1
ਵੇਦਾਂਤੀ	vedanti:3
ਵੇਦੀ	vedi:3
ਵੇਧਸ਼ਾਲਾ	vedhshala:3
ਵੇਨ	ven:2	vain:1	vhen:1	wane:1
ਵੇਬਰ	vaber:1	waber:1	webber:1	weber:1
ਵੇਬਸਾਈਟ	website:3
ਵੇਰ	ver:3	vair:1
ਵੇਰਵਾ	verva:3	vairva:1
ਵੇਰਵੇ	verve:3	vairve:1
ਵੇਰਾ	vera:4	vaira:1	vara:1	veera:1
ਵੇਰਾਂ	veran:2	vera:1	veraan:1
ਵੇਰੀ	very:2	vairy:1	veri:1
ਵੇਰੋਨਿਕਾ	veronika:4	veronica:2	varaunikaa:1	varonica:1
ਵੇਲ	well:2	vail:1	vel:1
ਵੇਲਜ਼	velaz:1	walez:1	wellz:1	whales:1
ਵੇਲਣੇ	velane:1	velde:1	velden:1	velne:1
ਵੇਲਦਾ	vailda:1	velada:1	velda:1	weldaa:1
ਵੇਲਸ	wales:2	valees:1	vales:1	valesh:1
ਵੇਲ਼ਾ	vela:3	vaila:1
ਵੇਲ਼ੇ	vele:3	vailey:1
ਵੇਲਾ	vela:4	vaila:1	veela:1	veelaa:1
ਵੇਲਿਆਂ	veleyan:2	vaileyan:1	velian:1
ਵੇਲੇ	vele:3	vailey:1
ਵੇਸ	ves:8	vees:1	vesh:1	wees:1
ਵੇਸਟ	west:3	vest:1	waste:1
ਵੇਸਣ	vesan:2	vesann:1
ਵੇਸਵਾ	vesva:2	vesava:1
ਵੇਸਵਾਗਮਨੀ	vesvagamani:1	vesvagmani:1	veswagmani:1
ਵੇਸਵਾਗਿਰੀ	vesvagiri:2	veswagiri:1
ਵੇਸ਼	vesh:3	wesh:1
ਵੇਸ਼ਭੂਸ਼ਾ	veshbhusha:2	veshbhoosha:1
ਵੇਸ਼ਵਾ	veshava:1	veshva:1	veshwa:1
ਵੇਸ਼ਵਾਗਮਨੀ	veshvagamani:1	veshvagmani:1	veshwagmani:1
ਵੇਸੇ	vese:3
ਵੇਹੜੇ	vehde:2	vehade:1
ਵੈਂਕਟ	venkat:3	venkatt:1
ਵੈਕਟਰ	vaikatara:1	vectar:1	vector:1	vektar:1
ਵੈਗਨ	wagon:2	vaigan:1
ਵੈਗਨਰ	vaiganar:1	wagnor:1	wagoner:1
ਵੈਟ	vaet:1	vaita:1	vat:1	vet:1
ਵੈਟਰਨਰੀ	veterinary:2	vaetarinaree:1	vaeteriinaree:1	vaeterinaree:1
ਵੈਟੀਕਨ	vatican:3	vaetican:1	vaetikan:1	vaiteekan:1
ਵੈਣ	vain:1	van:1	vann:1	waenn:1
ਵੈਦ	vaedd:1	vaid:1	ved:1	waedd:1
ਵੈਦਯ	vaiday:1	vaidya:1	veday:1
ਵੈਦਿਆ	vaidiaa:1	vedia:1	vediya:1
ਵੈਦਿਕ	vedik:3	vaedic:1	vaedik:1	vaediq:1
ਵੈਧਤਾ	vaidhata:1	vaidhta:1	vedhata:1
ਵੈਨ	van:3	vaan:1	ven:1	waan:1
ਵੈਨਕੂਵਰ	vancouver:4	vancouuver:1	vancouvar:1	vankoovar:1
ਵੈਨਿਸ	vanis:3	venice:1	venis:1
ਵੈਨੇਜ਼ੁਏਲਾ	venezuela:2	veneezuela:1	veneezuelaa:1	venezuaela:1
ਵੈਬਸਾਈਟ	website:9
ਵੈਭਵ	vaibhav:2	vebhav:1
ਵੈਰ	vair:3	ver:2
ਵੈਰਾਇਟੀ	variety:9	veriety:1
ਵੈਰਾਗ	vairag:2	vairaag:1	verag:1
ਵੈਰਾਗਮਈ	vairagmai:1	vairagmayi:1	veragmayi:1
ਵੈਰਾਗੀ	vairagi:2	veragi:1
ਵੈਰੀ	vairy:1	veri:1	verry:1	very:1
ਵੈਰੀਆਂ	vairiaan:1	veriaan:1	veriyan:1
ਵੈਲ	well:3	vael:1	vail:1	vel:1
ਵੈਲਡਿੰਗ	welding:3
ਵੈਲਥ	wealth:3
ਵੈਲਫੇਅਰ	welfare:4
ਵੈਲਸ	wells:2	vailas:1
ਵੈਲਸ਼	velsh:1	wels:1	welsh:1	welshh:1
ਵੈਲਿੰਗਟਨ	wellington:2	vailington:1
ਵੈਲੀ	vaili:2	valey:1	vali:1	vallei:1
ਵੈਲੰਸੀ	velancy:2	valency:1
ਵੈਸਟਇੰਡੀਜ਼	westindies:3	vaesatindiz:1	westindize:1
ਵੈਸਟਨ	vaesatan:1	veston:1	waestan:1	westan:1
ਵੈਸਟਮਿੰਸਟਰ	vestminster:1	westminstar:1	westminster:1
ਵੈਸਟਰਨ	western:3	vaesataran:1	veshtarn:1	vestarn:1
ਵੈਸ਼	vaesh:1	vaish:1	vesh:1	waesh:1
ਵੈਸ਼ਣਵ	vaeshanav:1	vaeshnnav:1	vaishdav:1	vaishnav:1
ਵੈਸ਼ਨਵ	vaishnav:2	vaeshanav:1	vaishanav:1
ਵੈਸ਼ਨੂੰ	vaeshanu:1	vaishnoo:1	vaishnoon:1	vaishnu:1
ਵੈਸ਼ਾਲੀ	vaishali:2	veshali:2
ਵੈਸਾਖ	vaesaakh:1	vaisak:1	vesak:1	vesakh:1
ਵੈਸਾਖੀ	vaisakhi:2	vesakhi:2
ਵੈਸੀ	vesi:2	vaesi:1	vaisi:1	wassy:1
ਵੈਸੇ	vaise:1	vese:1	wasay:1	wassae:1
ਵੈੱਬ	web:3	veb:1	webb:1
ਵੋ	vo:3	wo:1
ਵੋਇਸ	voice:3
ਵੋਕ	vok:3	wok:1
ਵੋਕਲ	vocal:1	vokal:1	voqal:1	wocal:1
ਵੋਕੇਸ਼ਨਲ	vocational:2	vacational:1
ਵੋਗ	vog:2	vogue:1	wog:1
ਵੋਟਰ	voter:4	votar:2	wota:1	woter:1
ਵੋਟਾਂ	votan:2	votaan:1
ਵੋਟਿੰਗ	voting:4	vating:1	vooting:1	woting:1
ਵੋਡਾਫੋਨ	vodafone:6
ਵੋਮੈਨ	woman:3	voman:1
ਵੋਲ	vol:2	vool:1	wol:1	wool:1
ਵੋਲਗਾ	volga:2	volgaa:1
ਵੋਲਟ	volt:1	volts:1	voltsh:1	voolt:1
ਵੋਲਵੋ	volvo:4	bholbo:1	bhoolboo:1	volvoo:1
ਵੋਹ	voh:3	woh:1
ਵੋਹਰਾ	vohra:2	vohraa:1
ਵੋਹੀ	vohi:3
ਵੌਇਸ	voice:3
ਵੌਨ	vaun:2	von:1
ਵ੍ਰਿਤੀ	vriti:3
ਵ੍ਰਿਧੀ	vridhi:3
ਵ੍ਹਿਸਕੀ	whisky:2	vhisky:1	whisaki:1
ਵ੍ਹੀਲ	wheel:2	veel:1
ਵ੍ਹੀਲਚੇਅਰ	vheelchair:1	vheelcheir:1	vhilchair:1	vhilcheir:1
ਵ੍ਹੇਲ	veil:1	vhale:1	whel:1
ਵੜ	vad:5	vand:1	wad:1	wand:1
ਵੜਣ	vadan:3
ਵੜਦਾ	vadada:3
ਵੜਦਿਆਂ	vadadiaan:2	vadadian:1
ਵੜਦੇ	vadade:3
ਵੜਨ	vadan:5	vadhan:1	wadan:1	wadhan:1
ਵੜਾ	vada:3
ਵੜਿਆ	vadia:2	vadiaa:2	vadiyaa:1	vdhiaa:1
ਵੜੀ	vadee:2	vadi:2
ਵੜੀਆਂ	vadiaan:2	vadeeaan:1
ਵੜੇ	vade:3	varhe:1
ਵੜੈਚ	vadaich:2	vadech:1
ਵੰਗ	vang:3
ਵੰਗਾ	vanga:3	vangaa:1
ਵੰਗਾਰ	vangar:4	vangaar:1
ਵੰਚਿਤ	vanchit:3
ਵੰਝਲੀ	vanjhali:2	vanjhli:1
ਵੰਡ	vand:3	van:1
ਵੰਡਣ	vandan:3
ਵੰਡਣਾ	vandana:4
ਵੰਡਦਾ	vandada:3
ਵੰਡਦੀ	vandadi:3
ਵੰਡਦੀਆਂ	vandadiaan:1	vandadian:1	vandadiyan:1
ਵੰਡਦੇ	vandade:3
ਵੰਡਨਾ	vandana:2	vandna:1
ਵੰਡਰਲੈਂਡ	wonderland:3	vandaralaend:1
ਵੰਡਵਾਂ	vandavan:1	vandvan:1	vandwan:1
ਵੰਡਾ	vanda:6	vandaa:1
ਵੰਡਾਉਣ	vandaaun:1	vandaun:1	vandayun:1
ਵੰਡਿਆ	vandiaa:2	vanddiaa:1	vandeya:1
ਵੰਡੀ	vandi:4	wanddi:1
ਵੰਡੀਆਂ	vandiaan:1	vandiyan:1	wanddiaan:1
ਵੰਡੇ	vande:2	wandde:1
ਵੰਤਾ	vanta:2	wantaa:1
ਵੰਦਨਾ	vandana:2	vandnaa:1
ਵੰਦੇ	vande:2	wande:1
ਵੰਨ	van:1	vann:1	wann:1
ਵੰਨਗੀਆਂ	vanngiaan:2	vangiyan:1
ਵੰਸ	vans:3
ਵੰਸ਼	vansh:3
ਵੰਸ਼ਜ	vanshaj:3	vashaj:1
ਵੰਸ਼ਾਂ	vanshan:2	vanshaan:1
ਵੰਸ਼ੀ	vanshi:3
ਵੰਸਾਵਲੀ	vansavali:2	vansawali:1
ਵੱਖਰਤਾ	vakharta:1	vakkharta:1	vakkhartaa:1	wakkharta:1
ਵੱਖਰਾ	vakkharaa:1	vakkhra:1	wakkhra:1
ਵੱਖਰੀਆਂ	vakkhareean:1	wakhrian:1	wakhriyan:1
ਵੱਖਰੇ	vakkhare:1	vakkhre:1	wakkhre:1
ਵੱਖਰੇਵਾਂ	vakkharevan:1	vakkhrenva:1	wakkhrenwa:1
ਵੱਖਰੇਵਿਆਂ	vakhrevian:1	vakhreviyan:1	vakkhareviaan:1	wakhrevian:1
ਵੱਖਰੇਵੇਂ	vakhreven:1	vakkhrenve:1	wakkhrenwe:1
ਵੱਖਵਾਦ	vakhvaad:1	vakkhavaad:1	wakhwaad:1
ਵੱਖਵਾਦੀ	vakhvaadee:1	vakhvadi:1	vakhwadi:1	wakhvadi:1
ਵੱਖਵਾਦੀਆਂ	vakkhadeean:1	vakkhvadiaan:1	vakkhwadiaan:1	wakkhvadiaan:1
ਵੱਖੋ	vakkho:3	vakho:1
ਵੱਗ	wagg:2	vagg:1
ਵੱਚ	vacch:2	vach:1	wacch:1
ਵੱਛਾ	vachha:2	vachhaa:1
ਵੱਛੀਆਂ	vachheea:1	vachhiaan:1	vachhiyaan:1	vachhiyan:1
ਵੱਛੇ	vachhe:3	vache:1
ਵੱਜ	vajj:3	wajj:1
ਵੱਜਣ	vajjan:3
ਵੱਜਣਾ	vajjana:2	vajjna:2
ਵੱਜਦਾ	vajada:1	vajjada:1	vajjadaa:1	vajjda:1
ਵੱਜਦੀ	vajadi:1	vajjadi:1	vajjdi:1
ਵੱਜਾ	vaja:1	vajja:1	wajja:1
ਵੱਜਿਆ	vajiya:1	vajjia:1	vajjiyaa:1
ਵੱਜੀ	vaji:1	vajjee:1	vajji:1
ਵੱਜੀਆਂ	vajiyan:1	vajjeea:1	vajjiaan:1	vajjiyaan:1
ਵੱਜੇ	vaje:1	vajje:1	wajje:1
ਵੱਜੋ	wajjo:2	vajjo:1	vajo:1
ਵੱਜੋਂ	vajjon:3	vajo:1	vajon:1	wajjon:1
ਵੱਟ	what:2	vatt:1
ਵੱਟਣਾ	vattna:2	vatana:1	vattana:1	wattana:1
ਵੱਟਦੇ	vattde:2	vattade:1	watade:1	wattde:1
ਵੱਟਿਆ	vatiya:1	vatteya:1	vattia:1	watteya:1
ਵੱਟੇ	vatte:2	watte:2	vate:1
ਵੱਡ	vadd:4	wadd:2
ਵੱਡਮੁੱਲਾ	waddmulla:2	vaddmulla:1	vadmula:1	waddmula:1
ਵੱਡਮੁੱਲੇ	vaddmulle:2	waddmulle:2	vadmule:1
ਵੱਡਾ	vadda:3	wadda:2
ਵੱਡਿਆਂ	vaddian:2	waddian:2	wadiaan:2	vaddiaan:1
ਵੱਡੀ	vaddi:2	waddi:1	wadee:1
ਵੱਡੀਆ	vaddia:2	vaddiyaa:1	waddia:1	wadeeaa:1
ਵੱਡੀਆਂ	vaddiaan:2	vaddiyaan:2	wadeeaan:2	vaddia:1
ਵੱਡੇ	vadde:3	waday:1	wadde:1
ਵੱਢ	vadd:2	vaddh:2	vadh:1	wadd:1
ਵੱਢਣ	vaddhan:3	vaddan:1	waddhan:1
ਵੱਢਦੇ	vaddade:2	vaddhade:2	waddhade:1
ਵੱਢਿਆ	vaddhia:1	vaddhiya:1	vaddhiyaa:1	vaddia:1
ਵੱਢੀ	vaddhi:2	vaddee:1	vadhi:1
ਵੱਢੇ	vaddhe:2	vadde:1	vadhe:1
ਵੱਧ	vaddh:2	vad:1
ਵੱਧਣਾ	vaddhana:1	vadhana:1	vadhna:1
ਵੱਧਦੀ	vadhadi:3	vaddhadi:1
ਵੱਧਾ	vadda:1	vaddha:1	vadha:1	wadda:1
ਵੱਲ	vall:2	val:1	wal:1	wall:1
ਵੱਲਭ	vallabh:2	vallbh:1
ਵੱਲੇ	valle:2	waley:1
ਵੱਲੋ	vallo:3	walo:1
ਵੱਲੋਂ	vallon:4	walon:2
ਵੱਸ	vass:3
ਵੱਸਣ	vassan:2	wassann:1
ਵੱਸਣਾ	vassana:1	vassanaa:1	wassnna:1
ਵੱਸਦੇ	vassade:2	vassde:1
ਵੱਸਿਆ	vaseya:1	vassia:1	vassiaa:1
ਵੱਸੀ	vassi:2	vassee:1	wassi:1
ਵੱਸੇ	vasse:3	wasse:1
ਵੱਸੋਂ	vasson:2	vassou:1	wassou:1
ਸ	s:10	sa:1
ਸਆਦਤ	saadat:3
ਸਈ	saee:3	sai:1
ਸਈਅਦ	saeead:5	saiad:1
ਸਈਓ	saeeau:1	saeeo:1	saio:1
ਸਈਦ	saeed:7	saeid:1
ਸਉਦੀ	saudi:3
ਸਊਦੀ	saoodi:1	saudi:1	sauudi:1
ਸਕਣ	sakan:3
ਸਕਣਗੀਆਂ	sakangiaan:2	sakangian:1	sakangiyaan:1
ਸਕਣਗੇ	sakange:3
ਸਕਣਾ	sakna:5	sakana:1
ਸਕਤਾ	sakta:2	sakata:1
ਸਕਤੀ	sakti:4	sakati:1
ਸਕਦਾ	sakda:3	sakada:1
ਸਕਦੀ	sakdi:5	sakadi:1
ਸਕਦੀਆਂ	sakdiaan:6	sakdiyaan:3	sakadian:1	sakdian:1
ਸਕਦੇ	sakde:4	sakade:1
ਸਕਦੈਂ	sakdain:2	sakadain:1
ਸਕਨ	sakan:5	suckan:1
ਸਕਰਟ	scurt:3	sakrat:1	skart:1	skirt:1
ਸਕਰੀਨ	screen:1	skreen:1	skriin:1	sqreen:1
ਸਕਲ	sakal:4
ਸਕਸੇਨਾ	saksena:2	saxena:1	sexsena:1
ਸਕਾ	saka:4	shhka:1	shka:1	shkaa:1
ਸਕਾਂਗੇ	sakange:3
ਸਕਾਈ	sky:3	sakai:2	sakaai:1	shkai:1
ਸਕਾਈਪ	skype:4
ਸਕਾਊਟ	scout:1	shcout:1	shkaauut:1	shkaut:1
ਸਕਾਟ	scot:2	skat:2	sakat:1	scat:1
ਸਕਾਟਲੈਂਡ	scotland:6
ਸਕਾਰਲੈਟ	scaarlett:1	scarlett:1	scart:1	shcaarlett:1
ਸਕਾਲਰ	sakalar:1	scalar:1	scholar:1	skalar:1
ਸਕਾਲਰਸ਼ਿਪ	scholarship:6	sakalarship:1	scolarship:1
ਸਕਿਆ	sakiaa:3	sakeya:2	sakiyaa:2
ਸਕਿਨਰ	skinar:1	skinnar:1	skinner:1	sqinar:1
ਸਕਿੰਟ	sakint:3	second:1
ਸਕੀ	saki:4	skee:1	ski:1	skii:1
ਸਕੀਆਂ	sakian:2	sakiaan:1	sakiyaan:1
ਸਕੀਇੰਗ	skiing:3	sakiying:1	shkiing:1	shkying:1
ਸਕੀਏ	sakie:4	sakiye:2	skie:1
ਸਕੀਮ	skeem:2	sakeem:1	scheme:1
ਸਕੀਮਾਂ	sakimaan:1	sakiman:1	scheman:1
ਸਕੂਟਰ	scooter:7	sakutar:1	scootar:1	skootar:1
ਸਕੂਨ	sakoon:3	sakun:2
ਸਕੂਪ	sakupa:1	scoop:1	skoop:1	skup:1
ਸਕੂਬੀ	scooby:2	sakubi:1	saqubi:1	scobby:1
ਸਕੂਲ	school:10	sakul:1
ਸਕੂਲਾਂ	schoolan:2	sakulan:1	saqulan:1
ਸਕੂਲੀ	sakuli:1	saquli:1	schooli:1	schooly:1
ਸਕੂਲੋਂ	sakulon:1	saqulon:1	schoolon:1
ਸਕੇ	sake:5	saqe:1
ਸਕੇਅਰ	scare:2	square:1
ਸਕੇਗਾ	sakega:4	saqega:1
ਸਕੇਗੀ	sakegi:3	saqegi:1
ਸਕੈਨ	scan:4	scann:1	shcan:1	shcann:1
ਸਕੈਨਰ	scanner:4	scanar:1	scaner:1	scannar:1
ਸਕੋਰਿੰਗ	scoring:3
ਸਕੌਟਲੈਂਡ	scotland:6	scottland:1
ਸਕ੍ਰਿਅ	scria:2	sakriya:1	skriy:1
ਸਕ੍ਰਿਪਟ	script:3
ਸਕ੍ਰੀਨ	screen:3
ਸਕ੍ਰੀਨਪਲੇ	sckreenplai:1	sckreenplay:1	sckriinplay:1	scqreenplay:1
ਸਕੰਦ	sakand:3
ਸਕੰਦਗੁਪਤ	sakandgupt:2	sakandergupat:1
ਸਖਤ	sakhat:3	sakht:1
ਸਖਤੀ	sakhti:2	sakhati:1	sathti:1
ਸਖਸ਼ੀਅਤ	sakhashiat:1	sakhsheeat:1	shakhsiatt:1
ਸਖਸ਼ੀਅਤਾਂ	sakhashiatan:1	sakhsheeataan:1	shakhshiyaatan:1
ਸਖਸੀਅਤ	sakhasiat:1	sakhseeat:1	shakhsiatt:1
ਸਖਸੀਅਤਾਂ	sakhasiatan:1	sakhseeataan:1	shakhshiyaatan:1
ਸਖ਼ਤ	sakhat:3
ਸਖ਼ਤੀ	sakhti:2	sakhati:1
ਸਖ਼ਸੀਅਤ	sakhasiat:1	sakhseeat:1	shakhsiatt:1
ਸਖੀ	sakhi:2	sthi:1
ਸਖੀਆਂ	sakhian:1	sakhiyan:1	sathiaan:1
ਸਗਰ	sagar:3
ਸਗੋ	sago:7
ਸਗੋਂ	sagon:4
ਸਗੰਠਨ	saganthan:1	sangathan:1	sangthan:1
ਸਚ	sach:5	such:1
ਸਚਦੇਵ	sachdev:2	sachadev:1
ਸਚਦੇਵਾ	sachdeva:2	sachadeva:1
ਸਚਮੁਚ	sachmuch:3	sachamuch:1
ਸਚਾ	sacha:2	saccha:1
ਸਚਾਈ	sachaaee:2	sachai:2	sachayi:2
ਸਚਾਈਆਂ	sachaaeeaan:1	sachaiyan:1	sachayian:1
ਸਚਿਦਾਨੰਦ	sachidanand:2	sachidnand:1
ਸਚਿਨ	sachin:6	sachina:1	shachin:1
ਸਚਿਵ	sachiv:3
ਸਚਿੱਤਰ	sachitar:2	sachittar:1
ਸਚੀ	sachi:3
ਸਚੇਤ	sachet:3
ਸਜ	saj:3	saaj:1
ਸਜਣਾ	sajana:2	sajnaa:1
ਸਜਦਾ	sajda:2	sajada:1
ਸਜ਼ਾ	saza:2	sajaa:1
ਸਜ਼ਾਏ	sajane:1	sajaye:1	sazaaee:1
ਸਜ਼ਾਯੋਗ	sajayog:2	sazaayog:1
ਸਜ਼ਾਵਾਂ	sajaawann:1	sajavan:1	sazaavaan:1
ਸਜਾ	saja:4
ਸਜਾਇਆ	sajaaiaa:1	sajaia:1	sajaiaa:1	sajaya:1
ਸਜਾਈ	sajai:2	sajaaee:1	sajaayi:1
ਸਜਾਉਂਦੇ	sajaunde:2	sajaounde:1
ਸਜਾਉਣ	sajaun:6
ਸਜਾਉਣਾ	sajauna:3
ਸਜਾਉਣੀ	sajauni:3
ਸਜਾਏ	sajaayee:1	sajane:1	sajaye:1
ਸਜਾਓ	sajau:2	sajao:1
ਸਜਾਕੇ	sajake:2	sajaake:1
ਸਜਾਤੀ	sajaatee:1	sajaati:1	sajati:1
ਸਜਾਵਟ	sajaavat:1	sajavat:1	sajawat:1
ਸਜਾਵਟਾਂ	sajaavataan:1	sajavatan:1	sajawatan:1
ਸਜਾਵਟੀ	sajaavatee:1	sajaavati:1	sajavti:1	sajawati:1
ਸਜਾਵਾਂ	sajaavaan:1	sajavan:1	sajawan:1
ਸਜਿਆ	sajia:2	sajeya:1	sajiaa:1
ਸਜੀਆਂ	sajiaan:1	sajian:1	sajiyan:1
ਸਜੀਵ	sajiv:2	sajeev:1
ਸਜੀਵਤਾ	sajivata:2	sajivta:1
ਸਜੇ	saje:3
ਸਟਡੀ	study:2	satadi:1
ਸਟਰਲਿੰਗ	starling:2	sterling:2	satarling:1	sturling:1
ਸਟਰਿੰਗ	string:3
ਸਟਰੀਮ	stream:3	shtream:1	starim:1	streem:1
ਸਟਰੋਕ	starok:1	strock:1	stroke:1
ਸਟਾਕ	stock:1	stocq:1	stok:1	stoq:1
ਸਟਾਕਹੋਮ	satakahom:1	stockholm:1	stokehome:1
ਸਟਾਪ	stop:2	satap:1
ਸਟਾਫ	staff:3	staf:2	satapha:1	shtaaf:1
ਸਟਾਫ਼	staff:3
ਸਟਾਰ	star:2	shtaar:1	shtar:1	shtarr:1
ਸਟਾਰਟ	shtaart:1	shtart:1	shtat:1	staart:1
ਸਟਾਰਡਸਟ	staardast:1	staardust:1	stardast:1	stardust:1
ਸਟਾਲਾਂ	stalan:2	stalaan:1
ਸਟਾਲਿਨ	stalin:3	staalin:1	staelin:1	stawlin:1
ਸਟਿਕਸ	satix:1	setix:1	sticks:1	stix:1
ਸਟਿਲ	steel:2	stil:1
ਸਟਿੰਗ	sting:3	shhting:1	shtin:1	shting:1
ਸਟਿੱਲ	still:2	steel:1
ਸਟੀ	sati:3
ਸਟੀਕ	sateek:2	satik:1
ਸਟੀਫਨ	stephen:2	sateephan:1	satifan:1	satiphana:1
ਸਟੀਫ਼ਨ	stephen:2	sateephan:1	stephan:1
ਸਟੀਫੇਨ	sateephen:1	satifen:1	satiphen:1	stephan:1
ਸਟੀਲ	steel:3	steal:2	stil:1
ਸਟੀਵ	steve:2	steev:1
ਸਟੀਵਨ	stevan:2	steven:2	shtevan:1	shteven:1
ਸਟੀਵਰਟ	stewart:2	satiwert:1	shteewart:1	shtewart:1
ਸਟੂਅਰਟ	stuart:3	satuarat:1	stooarat:1	stuaart:1
ਸਟੂਡਿਓ	studio:3
ਸਟੂਡੀਓਜ਼	studios:3	satoodeeoz:1
ਸਟੂਡੇਂਟ	student:3	satoodet:1
ਸਟੂਡੈਂਟ	student:4	shtudent:1	stuudent:1
ਸਟੂਡੈਂਟਸ	students:3
ਸਟੇ	sate:2	satee:1	stay:1
ਸਟੇਜਾਂ	satejaa:1	stagejan:1	stajan:1	stejaan:1
ਸਟੇਜੀ	steji:2	satejee:1	staji:1
ਸਟੇਟ	state:3
ਸਟੇਟਲੈੱਸ	shtatelesh:1	shtateleshsh:1	stateelees:1	stateeleess:1
ਸਟੇਟਸ	shtatash:1	shtatesh:1	shtatush:1	shtetsh:1
ਸਟੇਡੀਅਮ	satediyam:1	stadiam:1	stadiium:1	stadium:1
ਸਟੇਨ	stain:1	stan:1	stane:1	stein:1
ਸਟੇਨਜ਼	satenaz:1	stainj:1	stans:1	stanz:1
ਸਟੇਨੋਸਿਸ	shtenoshish:1	steenosis:1	stenoosis:1	stenosis:1
ਸਟੇਸ਼ਨ	station:4
ਸਟੇਸ਼ਨਰੀ	stationery:3	stationary:2
ਸਟੇਸ਼ਨਾਂ	stationaa:2	stationa:1	stationan:1	steshnaa:1
ਸਟੇਸੀ	stacy:3	shtacie:1	shtacy:1	staci:1
ਸਟੈਂਡਰਡ	standard:3
ਸਟੈਂਡਿੰਗ	standing:3
ਸਟੈਂਪ	stamp:2	stemp:2
ਸਟੈਨਫੋਰਡ	stanford:3	shtanffod:1	shtanford:1	shtanforrd:1
ਸਟੈਨਲੀ	stanley:2	stanli:1	stenali:1
ਸਟੈਨਲੇ	stanley:2	stanale:1	stanle:1
ਸਟੈਫਨੀ	stephanie:4	shtafannie:1	shtefanei:1	shtefanie:1
ਸਟੈਮ	shtaem:1	shtem:1	staem:1	stem:1
ਸਟੋਕਸ	shtokesh:1	stakes:1	stokes:1	stookes:1
ਸਟੋਨ	stone:3
ਸਟੋਰ	store:3
ਸਟੋਰਾਂ	storan:3	storaan:1
ਸਟੋਰੀ	story:4	shtoree:1	shtori:1	shtory:1
ਸਟੋਰੇਜ	storage:3
ਸਟ੍ਰਾਸ	satraas:1	setraas:1	straas:1	straass:1
ਸਟ੍ਰਾਸਬਰਗ	strasbarg:1	strasberg:1	strassbarag:1	strausberg:1
ਸਟ੍ਰਿਪ	strip:2	strap:1
ਸਟ੍ਰੀਟ	shtreat:1	shtreet:1	shtrit:1	streat:1
ਸਟ੍ਰੈੱਸ	stress:3	strass:1
ਸਟ੍ਰੋਕ	stroke:2	stroc:1	strock:1
ਸਟੰਟ	stunt:2	stant:1
ਸਟੱਡੀ	shtady:1	shtudee:1	shtudy:1	stady:1
ਸਢੌਰਾ	sadhaura:2	sadora:1
ਸਢੌਰੇ	sachaure:1	sadhaure:1	sadore:1
ਸਣੇ	sane:2	saney:1
ਸਤ	sat:10	satt:1	set:1	sett:1
ਸਤਜੁਗ	satjug:4
ਸਤਜੁਗੀ	satjugi:2	satjugee:1
ਸਤਨਾਜਾ	satnaja:2	satanaja:1
ਸਤਨਾਮ	satnam:3	satnaam:2
ਸਤਨੌਰ	satnaur:2	satnour:1
ਸਤਪਾਲ	satpal:5
ਸਤਬੀਰ	satbeer:2	satbir:1
ਸਤਰ	satar:10
ਸਤਰਾਂ	satran:3
ਸਤਰਾਸ	satras:2	satraas:1
ਸਤਰੀਆਂ	satriyan:2	satrian:1
ਸਤਰੰਗੀ	satrangi:4
ਸਤਰੰਜ	satranj:3
ਸਤਲੁਜ	satluj:4
ਸਤਲੁੱਜ	satluj:2	satlujj:1
ਸਤਵਾਂ	satvan:2	satvaan:1	satwan:1
ਸਤਵਾਰਾ	satvara:2	satwara:2
ਸਤਵੀਂ	satveen:1	satvi:1	satvin:1	satwi:1
ਸਤਵੇਂ	satven:2	satvein:1	satwen:1
ਸਤਵੰਤ	satvant:2	satwant:2
ਸਤਹ	satah:3
ਸਤਹਿ	satahi:3
ਸਤਹੀ	satahi:3	satahee:1
ਸਤਾ	sata:6
ਸਤਾਈ	matai:1	matayi:1	sataai:1	satayi:1
ਸਤਾਉਂਦਾ	sataunda:2	mataonda:1	mataunda:1
ਸਤਾਏ	sataye:2	sataae:1	satae:1
ਸਤਾਨ	satan:2	staan:2
ਸਤਾਰਵੀਂ	satarveen:1	staravin:1	starvin:1
ਸਤਾਰਾ	satara:3	sataara:1	stara:1
ਸਤਾਰਾਂ	sataran:2	staran:1
ਸਤਾਲਿਨ	stalin:2	satalin:1
ਸਤਾਵਨ	satavan:2	satavam:1
ਸਤਿ	sati:4
ਸਤਿਆ	satia:2	satiaa:2	saatiaa:1	saatyaa:1
ਸਤਿਆਗ੍ਰਹਿ	satiyaagrahi:1	satyagrahi:1	satyagreh:1
ਸਤਿਆਪਾਲ	satyapal:3	satiaapal:2
ਸਤਿਆਰਥੀ	satiaarthi:2	satiarthi:1	satiyaarthi:1
ਸਤਿਆਵਤੀ	satiaavti:1	satiaawati:1	satyawati:1
ਸਤਿਕਾਰ	satikar:5	satikaar:2
ਸਤਿਕਾਰਤ	satikarat:2	satikaarat:1
ਸਤਿਕਾਰਯੋਗ	satikaryog:3
ਸਤਿਕਾਰਿਆ	satikariya:2	satikaariaa:1
ਸਤਿਕਾਰਿਤ	satikarit:2	satikarat:1
ਸਤਿਗੁਰ	satigur:3
ਸਤਿਗੁਰਾਂ	satiguran:2	satigurua:1
ਸਤਿਗੁਰੂ	satiguru:4	satguru:1
ਸਤਿਯੁਗ	satiyug:4	satyug:1
ਸਤਿਸੰਗ	satisang:3	satsang:1
ਸਤਿਹ	satih:2	sateh:1
ਸਤਿੰਦਰ	satinder:3
ਸਤੀ	sati:8	satee:1	satii:1
ਸਤੀਸ਼	satish:7	sateesh:2	satees:1	satiis:1
ਸਤੂਪ	satup:2	satoop:1	sattup:1	shtupa:1
ਸਤੇਂਦਰ	satender:2	satendra:1
ਸਤੋ	sato:6	satoo:1	seto:1	shato:1
ਸਤ੍ਹਾ	sata:1	satah:1	stah:1
ਸਤੰਤਰ	satantar:3	stantar:1
ਸਤੰਬ	satamb:3	satumb:1
ਸਤੰਬਰ	satambar:2	satamber:1	september:1
ਸਤੰਭ	satamb:1	satambh:1	satanbh:1
ਸਤੰਭਨ	satambhan:1	satibhan:1	staban:1	stabhan:1
ਸਤੰਭਾਂ	satamban:1	satambhan:1	stamba:1	stamban:1
ਸਥਰ	sathar:5
ਸਥਲ	sathal:6
ਸਥਾਈ	sathaai:2	sathai:2	sathayi:2
ਸਥਾਨ	sthan:3	sathan:2
ਸਥਾਨਕ	sathanak:2	sthanak:1
ਸਥਾਨਕਤਾ	sathanakta:1	sathankata:1	sthanakta:1
ਸਥਾਨਾ	sathana:3
ਸਥਾਨਿਕ	sathanik:2	sthanik:1
ਸਥਾਨਿਕਤਾ	sathanikata:2	sathaanikata:1	sathanikita:1
ਸਥਾਨੀ	sathani:3
ਸਥਾਨੀਕਰਨ	sathanikaran:3	sathaaneekaran:1	sathaanikaran:1	sathaneekaran:1
ਸਥਾਪਕ	sathapak:3	sathaapak:1
ਸਥਾਪਤ	sathapat:3	sthapat:1
ਸਥਾਪਤੀ	sathapati:2	sthapati:1
ਸਥਾਪਨ	sathapan:2	sthapan:2
ਸਥਾਪਨਾ	sathapana:2	sthapna:1
ਸਥਾਪਨਾਵਾਂ	sathapnavan:2	sthapnavan:1
ਸਥਾਪਿਤ	sathapit:2	sathapiit:1	sathiyat:1	sthapit:1
ਸਥਾਪਿਤੀ	sathapati:1	sathapiti:1	sthapiti:1
ਸਥਿਤ	sathit:3	saith:1
ਸਥਿਤੀ	sathiti:3	saithiti:1
ਸਥਿਤੀਆਂ	sathitiaan:2	saithiyan:1
ਸਥਿਰ	sathir:4	saithir:1
ਸਥਿਰਤਾ	sathirta:3	saithirta:1	sathirakta:1
ਸਦਕਾ	sadka:4
ਸਦਕੇ	sadke:2	sadak:1	sadake:1	sakde:1
ਸਦਗੁਰੂ	sadguru:3
ਸਦਨ	sadan:4
ਸਦਭਾਵ	sadbhav:2	sadabhaav:1	sadabhav:1
ਸਦਭਾਵਨਾ	sadbhavna:3	sadhbhavna:1
ਸਦਮਾ	sadma:5
ਸਦਮਿਆਂ	sadmiaan:3
ਸਦਮੇ	sadme:3	sadame:1
ਸਦਰ	sadar:9	sadr:1	shadar:1	shadr:1
ਸਦਾ	sada:9	sadaa:1	sda:1	shadaa:1
ਸਦਾਏ	sadaye:2	sadaae:1
ਸਦਾਚਾਰ	sadachar:3
ਸਦਾਚਾਰਕ	sadacharak:2	sadachaar:1
ਸਦਾਨੰਦ	sadanand:3
ਸਦਾਬਹਾਰ	sadabahar:2	sadabhar:2
ਸਦਾਸ਼ਿਵ	sadashiv:3
ਸਦੀ	sadi:7	sadee:1
ਸਦੀਆ	sadiaa:2	sadia:1
ਸਦੀਆਂ	sadiaan:2	sadian:1
ਸਦੀਕ	sadeek:2	sadik:1
ਸਦੀਕੀ	sadiki:3	siddiqui:1
ਸਦੀਵਤਾ	sadivata:2	sadeevata:1
ਸਦੀਵੀ	sadivi:4	sadeevi:1
ਸਧਨਾ	sadhna:2	sadhana:1	sadna:1
ਸਧਾਰਣ	sadharan:2	sadarann:1	sadharann:1
ਸਧਾਰਨ	sadaran:1	sadhaaran:1	sadharan:1
ਸਧਾਰਨਤਾ	sadhaaranta:1	sadharanata:1	sadharanta:1
ਸਧਾਰਨੀਕਰਨ	sadarnikaran:1	sadarnikran:1	sadhaaraneekaran:1	sadharnikaran:1
ਸਨ	sun:10	son:9	san:7	sana:1
ਸਨਅਤਾਂ	sanaataan:1	sanaatan:1	sanatan:1
ਸਨਅਤੀਕਰਨ	sanaateekaran:1	sanaatikaran:1	sunaatikaran:1
ਸਨਤ	sanat:4
ਸਨਦ	sanad:4
ਸਨਮ	sanam:6	sanm:1	shanm:1
ਸਨਮਾਨ	sanmaan:10	sanman:7
ਸਨਮਾਨਤ	sanmaanat:2	sanmanat:2
ਸਨਮਾਨਯੋਗ	sanamaanayog:1	sanamanayog:1	sanmaanyog:1	sanmanyog:1
ਸਨਮਾਨਿਤ	sanmanit:3	sanmaanit:2
ਸਨਮੁਖ	sanmukh:3
ਸਨਮੁੱਖ	sanmukh:2	sannmukh:1	sunmukh:1
ਸਨਸਕ੍ਰੀਨ	sunscreen:4	sanscreen:2	sansakreen:1	sanscriin:1
ਸਨਾ	sana:7	saanaa:1	sanaa:1	shana:1
ਸਨਾਤਨ	sanatan:3
ਸਨਾਤਨਵਾਦ	sanatanvad:1	sanatanwaad:1	sanatanwad:1
ਸਨਾਤਨੀ	sanatani:2	sanatki:1
ਸਨਾਤਮ	sanaatam:2	sanatam:2
ਸਨਿਆਸੀ	saniaasi:3	saniyaasi:3	saniasi:1
ਸਨੀ	sunny:3	sani:2	sanee:1	sanii:1
ਸਨੂਕਰ	snooker:4	shnoker:1	shnoocar:1	shnooker:1
ਸਨੇਹ	sneh:4	saneh:2
ਸਨੇਹਾ	saneha:2	sneha:1	suneha:1
ਸਨੇਹੀ	sanehi:2	snehi:2
ਸਨੈਕ	shnack:1	shnak:1	snack:1	snacq:1
ਸਨੈਕਸ	shnacksh:1	shnacsh:1	shnaksh:1	snacks:1
ਸਨੋਡਨ	sanodan:3
ਸਪਣੀ	sapani:2	sapni:2
ਸਪਤ	sapat:5
ਸਪਤਾਹਿਕ	saptahik:2	sapataahik:1	sapatahik:1
ਸਪਨਾ	sapna:3	sapana:1	shapna:1
ਸਪਨੇ	sapne:4	sapnay:1
ਸਪਰਸ਼	sparsh:3	saparsh:1
ਸਪਰੂ	saproo:2	sapru:2
ਸਪਰੇ	sapre:5	sapray:1	spray:1
ਸਪਲਾਈ	supply:6
ਸਪਸ਼ਟ	sapshat:3	sapashat:1
ਸਪਸ਼ਟੀਕਰਣ	sapashtikaran:2	sapashteekaran:1
ਸਪਸ਼ਟੀਕਰਨ	sapashateekaran:1	sapashatikaran:1	sapashteekaran:1	sapashtikaran:1
ਸਪਾਂਸਰ	sponser:2	sapaansar:1	sapansar:1	sponsor:1
ਸਪਾਟ	spot:3	sapat:2	spaat:1	spat:1
ਸਪਾਟਾ	sapata:2	spata:1
ਸਪਾਟੇ	sapate:2	spaatay:1	spaate:1
ਸਪਾਰਟਾ	sparta:2	saparta:1
ਸਪਿਨ	spin:2	sapina:1	shpin:1
ਸਪਿਰਿਟ	spirit:3	sapirit:1
ਸਪਿੱਨ	spin:2	spinn:1
ਸਪੀਅਰ	spear:2	spiar:1
ਸਪੀਅਰਸ	spears:3	speears:1	spiaras:1	spiiyars:1
ਸਪੀਕਰ	speaker:4	sapeekar:1	sapikar:1	speakar:1
ਸਪੀਕਰਾਂ	speakeran:2	speakran:1
ਸਪੀਚ	speech:2	sapeech:1	sapich:1	speach:1
ਸਪੀਡ	speed:4	shpeed:1	shpid:1	spid:1
ਸਪੀਤੀ	sapiti:3	sapeeti:1
ਸਪੀਲਬਰਗ	spielberg:3	sapeelabarag:1	sapilabarag:1	shpailberg:1
ਸਪੁਰਦ	sapurad:2	sapurd:1
ਸਪੁੱਤਰ	saputtar:3	saputar:1
ਸਪੁੱਤਰੀ	sapputari:1	saputari:1	saputri:1	saputtri:1
ਸਪੂਤ	sapoot:3	saput:2
ਸਪੇਖਕ	spekhak:2	spakhak:1
ਸਪੇਨ	spain:3	sapen:2	spane:2	spen:1
ਸਪੇਨੀ	spainy:2	sapeni:1	spaini:1
ਸਪੇਰਾ	sapera:3
ਸਪੇਸ	space:3	sapes:1
ਸਪੇਸਕਰਾਫਟ	spacecraft:3	sapesakaraafat:1	sapesakaraphat:1
ਸਪੇਸਟਾਈਮ	spacetime:3
ਸਪੇਸਾਂ	sapesan:1	spacan:1	spacean:1
ਸਪੈਂਸਰ	spencer:2	spenser:1
ਸਪੈਕਟਰਲ	spectral:3
ਸਪੈਕਟ੍ਰਮ	spectrum:3	shpectrum:1	shpektram:1	shpektrum:1
ਸਪੈਨਿਸ਼	spanish:3
ਸਪੈਲਿੰਗ	shpalling:1	shpeling:1	shpelling:1	spaling:1
ਸਪੈਸ਼ਲ	special:4
ਸਪੈਸੀਫਿਕੇਸ਼ਨ	specification:3
ਸਪੋਕਨ	sapokana:1	shpoken:1	spoken:1	spoqen:1
ਸਪੋਟ	spot:2	sapot:1
ਸਪੋਰਟ	sport:3	support:2	sappoort:1	sapport:1
ਸਪੋਰਟਸ	sports:3	saporatasa:1	shportsh:1	sparts:1
ਸਪੋਲੀਆ	sapolia:1	sapoliya:1	spolia:1	spoliya:1
ਸਪ੍ਰੇ	spray:3
ਸਪੱਸ਼ਟ	spasht:4	sapashshat:2	sapasht:2
ਸਪੱਸ਼ਟਤਾ	sapashshtata:1	sapashtata:1	spashtata:1
ਸਫਰ	safar:6	saphar:2
ਸਫਰਨਾਮਾ	safarnama:2	safaranaama:1	safaranama:1	sapharanaama:1
ਸਫਲ	safal:7	saphal:1
ਸਫਲਤਾ	safalta:5
ਸਫਲਤਾਪੂਰਵਕ	safalatapurvak:1	safaltapoorvak:1	safaltapoorwak:1	safaltapurvak:1
ਸਫਲਤਾਵਾਂ	safaltavan:3	safatlawan:1
ਸਫ਼ਰ	safar:2	saffar:1	saphar:1
ਸਫ਼ਰਨਾਮਾ	safaranaama:1	safaranama:1	safarnaama:1	safarnama:1
ਸਫ਼ਰਨਾਮਿਆਂ	safarnamian:2	safarnamiyaan:1	safarnamiyan:1
ਸਫ਼ਰਨਾਮੇ	safarnaame:3	safarname:1
ਸਫ਼ਰਾਂ	safran:2	safaran:1
ਸਫ਼ਰੀ	safri:2	saffari:1
ਸਫ਼ਲ	safal:4	saphal:1
ਸਫ਼ਲਤਾਪੂਰਵਕ	safalatapurvak:1	safaltapurvak:1	safltapoorwak:1	saftlapoorvak:1
ਸਫ਼ਲਤਾਵਾਂ	safaltavan:2	safaltawan:1
ਸਫ਼ਾ	safa:3
ਸਫ਼ਾਇਆ	safaaiyaa:1	safaia:1	safaiya:1	safaya:1
ਸਫ਼ਾਈ	safai:6	safayi:1
ਸਫ਼ਾਰਤਖ਼ਾਨੇ	safaratkhane:2	safarkhane:1
ਸਫ਼ਾਰਤੀ	safarati:2	safaarati:1	safarti:1	saphaarati:1
ਸਫ਼ਾਰੀ	safari:3
ਸਫ਼ਿਆ	safia:2	safiaa:1	saphia:1	saphiaa:1
ਸਫ਼ੀਰ	safeer:3	safir:1
ਸਫ਼ੇ	safe:2	safey:1	saphe:1
ਸਫ਼ੈਦ	safaid:3
ਸਫਾ	safa:3	sfa:1
ਸਫਾਂ	safan:2	safaan:1
ਸਫਾਇਆ	safaia:1	safaiya:1	safaya:1
ਸਫਾਈ	safai:7	safayi:2
ਸਫਿਆਂ	safian:2	safiaan:1	safiyaan:1
ਸਫੇ	safe:2	safey:1
ਸਫੇਦ	safed:3	saphed:1
ਸਫੈਦ	safaid:3
ਸਬ	sab:10	sub:1
ਸਬਕ	sabak:4
ਸਬਜ਼	sabaz:4
ਸਬਜ਼ੀ	sabazi:3	sabzi:3
ਸਬਜੀ	sabji:4	sabaji:1
ਸਬਜੀਆਂ	sabjiaan:4	sabjiyaan:4	sabjeeaan:2	sabijian:1
ਸਬਜੈਕਟ	subject:3	sabjaikat:1
ਸਬਤੋਂ	sabton:2	sabston:1
ਸਬਦ	sabad:8
ਸਬਦਾਵਲੀ	sabdawali:2	sabadavali:1
ਸਬਰ	sabar:3
ਸਬਵੇਅ	subway:3	sabwea:1	shubway:1	subvay:1
ਸਬਸਿਡੀ	sabsidee:1	sabsidy:1	subsidee:1	subsidii:1
ਸਬਾ	saba:1	sabaa:1	sabha:1	sbaa:1
ਸਬੂਤ	saboot:3	sabut:1
ਸਬੂਤਾ	sabuta:2	saboota:1	sabootaa:1
ਸਬੂਤਾਂ	sabutan:2	sabootaan:1	sabootan:1
ਸਬੈ	sabae:2	sabai:1
ਸਬੰਦ	saband:3
ਸਬੰਧ	sabandh:2	samband:1
ਸਬੰਧਕ	sabandhak:2	sambandak:1
ਸਬੰਧਤ	sabandhat:2	sambandat:1
ਸਬੰਧਾ	sabandha:2	sambandha:1
ਸਬੰਧਾਂ	sabandhaan:1	sabandhan:1	sambandan:1
ਸਬੰਧਿਤ	sabandhit:2	sambandit:1
ਸਬੰਧੀ	sabandhi:3	sabhandi:1
ਸਭ	sabh:6
ਸਭਤੋਂ	sabhton:2	sabton:1
ਸਭਨਾ	sabhana:1	sabhna:1	sabna:1
ਸਭਨਾਂ	sabhna:2	sabhanan:1
ਸਭਨੀ	sabhni:3
ਸਭਰਾਵਾਂ	sabhravan:2	sabhranwa:1
ਸਭਾ	sabha:3
ਸਭਾਪਤੀ	sabhapati:3
ਸਭਾਵਾਂ	sabhawan:2	sabhaavan:1
ਸਭਿ	sabhi:2	sabh:1	sabhe:1
ਸਭਿਅਕ	sabhiak:2	sabhiyak:1
ਸਭਿਅਤਾ	sabheyat:1	sabhiata:1	sabhiyata:1
ਸਭਿਅਤਾਵਾਂ	sabhatavan:1	sabheyatavan:1	sabhiatanva:1
ਸਭਿਆ	sabheya:1	sabhia:1	sabhya:1
ਸਭਿਆਚਰ	sabhacharak:1	sabheyaachar:1	sabhiachar:1
ਸਭਿਆਚਰਕ	sabhachark:1	sabheyacharak:1	sabhiacharak:1
ਸਭਿਆਚਾਰ	sabhachar:1	sabheyachaar:1	sabhiachar:1
ਸਭਿਆਚਾਰਕ	sabhacharak:1	sabheyacharak:1	sabhiacharak:1	sabhiyacharak:1
ਸਭਿਆਚਾਰਾਂ	sabhacharan:1	sabheyacharan:1	sabhiacharan:1	sabhiyacharan:1
ਸਭਿਆਚਾਰਿਕ	sabhacharik:1	sabheyacharik:1	sabhiacharik:1
ਸਭਿਆਚਾਰੀਕਰਨ	sabhacharikaran:1	sabheyacharikaran:1	sabhicharkaran:1
ਸਭਿਆਤਾਵਾਂ	sabhatavan:1	sabheyatavan:1	sabhitaavan:1
ਸਭੀਏ	sabhiye:3	sabhie:1
ਸਭੇ	sabhe:3	sabhay:1
ਸਭੰਵ	sabhanv:2	sabhav:1
ਸਮਕਾਲ	samkaal:3
ਸਮਕਾਲਿਕ	samkaalik:1	samkaalin:1	samkalik:1
ਸਮਕਾਲੀ	samkaalee:1	samkaali:1	samkali:1
ਸਮਕਾਲੀਆਂ	samkaaleean:1	samkaaliyan:1	samkalian:1
ਸਮਕਾਲੀਨ	samkaaleen:2	samkalin:1
ਸਮਕੋਣ	samkon:3
ਸਮਗਰੀ	samagaree:1	samagri:1	samgari:1
ਸਮਗਲਿੰਗ	samagling:1	smuggling:1	smugling:1
ਸਮਜ	samaj:2	samajh:1
ਸਮਜਿਕ	samjik:3
ਸਮਝ	samajh:10
ਸਮਝਕੇ	samajhake:2	samajhke:1
ਸਮਝਣ	samajhan:1	samajhn:1	samjhan:1
ਸਮਝਣਗੇ	samjhange:3
ਸਮਝਣਯੋਗ	samjhanyog:3
ਸਮਝਣਾ	samajhna:2	samajhana:1
ਸਮਝਤੇ	samajhate:1	samajhte:1	samjhte:1
ਸਮਝਦਾ	samajhada:1	samajhda:1	samjhda:1
ਸਮਝਦਾਰ	samajhadaar:1	samajhdaar:1	samajhdar:1
ਸਮਝਦਾਰੀ	samajhadari:1	samajhdaari:1	samajhdari:1
ਸਮਝਦਿਆਂ	samajhadian:2	samajhdeyan:1
ਸਮਝਦੀ	samajhadi:2	samajhdi:1
ਸਮਝਦੇ	samajhade:1	samajhde:1	samjhde:1
ਸਮਝਾ	samajha:2	samjha:1
ਸਮਝਾਇਆ	samajhayia:1	samjhaaiaa:1	samjhayeya:1
ਸਮਝਾਈ	samajhayi:1	samjhaaee:1	samjhayi:1
ਸਮਝਾਉਂਦਾ	samajhaunda:1	samjhaaunda:1	samjhaunda:1
ਸਮਝਾਉਂਦੀ	samajhaundi:1	samjhaaundi:1	samjhaundi:1
ਸਮਝਾਉਂਦੀਆਂ	samajhaundian:1	samjhaaundeeaan:1	samjhaundiyan:1
ਸਮਝਾਉਂਦੇ	samajhaunde:1	samjhaaunde:1	samjhaunde:1
ਸਮਝਾਉਣ	samajhaun:1	samjhaaun:1	samjhaun:1
ਸਮਝਾਉਣਾ	samajhauna:1	samjhaauna:1	samjhauna:1
ਸਮਝਾਏ	samajhaye:1	samjhaae:1	samjhaye:1
ਸਮਝਿਆ	samjhiaa:3	samajhiaa:2	samjhia:2
ਸਮਝੀ	samjhi:4	samjhee:2
ਸਮਝੀਆਂ	samajhiaan:1	samjheeaan:1	samjhiaan:1	samjhian:1
ਸਮਝੇ	samjhe:4	samajhe:1
ਸਮਝੋ	samjho:4
ਸਮਝੋਤਾ	samjhota:2	samjhotaa:1
ਸਮਝੋਤੇ	samjhote:3
ਸਮਝੌਤਾ	samjhauta:2	samjhotaa:1
ਸਮਝੌਤਾਵਾਦੀ	samjhautawadi:2	samjhotaawaadee:1	samjhotaawaadi:1
ਸਮਝੌਤਿਆਂ	samjhautiaan:2	samjhautian:2	samjhotiaan:2
ਸਮਝੌਤੇ	samjhaute:2	samjhote:1
ਸਮਤਲ	samtal:3
ਸਮਤਾ	samata:1	samta:1	samtaa:1
ਸਮਦ	samad:3
ਸਮਯ	samay:3	smay:1
ਸਮਰ	summer:8	samar:7	shumer:1	shummar:1
ਸਮਰਕੰਦ	samarkand:3
ਸਮਰਣ	samran:2	samrann:1
ਸਮਰਥ	samarth:6	samarath:1
ਸਮਰਥਕ	samarthak:7
ਸਮਰਥਕਾ	samarthaka:2	samarathaka:1	samarthkaa:1
ਸਮਰਥਕਾਂ	samarthakan:2	samathkaan:1	samrathakan:1
ਸਮਰਥਨ	samarthan:4	samrathan:1
ਸਮਰਥਾ	samartha:2	samarthaa:1	samratha:1
ਸਮਰਥਿਤ	samarthit:3
ਸਮਰਪਣ	samarpan:3	samarpann:1
ਸਮਰਪਤ	samarpat:5
ਸਮਰਪਿਤ	samarpit:5
ਸਮਰਾਜ	samraaj:2	samraj:1
ਸਮਰਾਟ	samrat:2	samraat:1	samraatt:1
ਸਮਰਾਲਾ	samrala:2	samraalaa:1
ਸਮਰਿਧੀ	samridhi:2	samridhee:1
ਸਮਰੂਪ	samroop:3	samrup:1
ਸਮਰੂਪਤਾ	samroopata:1	samroopta:1	samrooptaa:1	samrupta:1
ਸਮਰੱਥ	samarath:1	samaratth:1	samrath:1
ਸਮਲਿੰਗਤਾ	samlingata:2	samlingtaa:1
ਸਮਲਿੰਗੀ	samlingi:2	samlingee:1
ਸਮਲੈਂਗਿਕ	samlaingik:6	samlaegik:1	samlengik:1
ਸਮਵਿੱਥ	samvitth:2	samwitth:1
ਸਮਸਤ	samast:2	samsat:1
ਸਮਸ਼ੇਰ	samsher:3
ਸਮਸਿਆ	samaseya:1	samasia:1	samasiya:1	smasia:1
ਸਮਸਿਆਂ	samsian:1	smasian:1	smseyan:1
ਸਮਸਿਆਵਾਂ	samseyavan:1	samsianwa:1	smasiawan:1
ਸਮਾ	sama:10	smaa:1
ਸਮਾਂ	samaan:1	saman:1	smaan:1
ਸਮਾਂਤਰ	samantar:2	smaantar:1
ਸਮਾਇਆ	samaia:1	samaiaa:1	smaaiaa:1
ਸਮਾਈ	samaaee:2	samaai:2
ਸਮਾਈਆਂ	samaaeeaan:1	samaiaan:1	smaaeeaan:1
ਸਮਾਉਂਦਾ	samaunda:2	smaaoundaa:1
ਸਮਾਉਣ	samaaun:1	samaun:1	smaaounn:1
ਸਮਾਏ	samaae:2	smaae:1
ਸਮਾਗਮ	samagam:3	samaagam:1	samaham:1	smaagam:1
ਸਮਾਚਾਰ	samachar:5	smaachaar:1
ਸਮਾਜ	samaaj:2	samaj:1	smaaj:1
ਸਮਾਜਕ	samajak:2	smaajak:1
ਸਮਾਜਵਾਦ	samajwaad:1	samajwad:1	smaajwaad:1
ਸਮਾਜਵਾਦੀ	samajwadi:2	smaajwaadee:1	smaajwaadi:1
ਸਮਾਜਵਾਦੀਆਂ	samajwadiaan:1	samajwadian:1	smaajwaadiaan:1	smaajwadeeaan:1
ਸਮਾਜਸ਼ਾਸਤਰੀ	samaajashaastari:1	samaajshastari:1	smaajshastree:1	smaajshastri:1
ਸਮਾਜਸੇਵੀ	samaajsevi:2	smaajsewi:1
ਸਮਾਜਾ	samaja:3	smaajaa:1
ਸਮਾਜਿਕ	samajik:2	smaajik:1
ਸਮਾਜਿਕਤਾ	samajikta:2	smaajiktaa:1
ਸਮਾਜੀ	samaji:2	smaajee:1	smaaji:1
ਸਮਾਜੀਕਰਨ	samajikaran:2	smaajeekaran:1	smaajikaran:1
ਸਮਾਣਾ	samana:3	smaannaa:1
ਸਮਾਣੇ	samaane:1	samane:1	smaanne:1
ਸਮਾਧ	samadh:2	samaadh:1	smaadh:1
ਸਮਾਧਾਂ	samadhan:2	smaadhaan:1
ਸਮਾਧਾਨ	samadhan:2	smaadhaan:1
ਸਮਾਧੀ	samadhi:3	samaadhee:1	samaadhi:1	samadhee:1
ਸਮਾਨ	samaan:8	saman:1	smaan:1
ਸਮਾਨਤਾ	samanata:2	smaantaa:1
ਸਮਾਨਤਾਵਾਂ	samanatavan:1	samantavan:1	smaantaawaan:1
ਸਮਾਨਰਥੀ	samanarthi:2	smaanrathee:1	smaanrathi:1
ਸਮਾਨਾ	samana:2	smaanaa:1
ਸਮਾਨਾਂਤਰ	samanantar:2	smaanaantar:1
ਸਮਾਨਾਰਥਕ	samanarthak:2	smaanaarthak:1
ਸਮਾਨਾਰਥੀ	samanarthi:2	smaanaarthee:1	smaanaarthi:1
ਸਮਾਨੀ	samani:2	smaanee:1
ਸਮਾਨੰਤਰ	samanantar:1	samantar:1	smaanantar:1
ਸਮਾਪਤ	samapat:3	smaapat:1
ਸਮਾਪਤੀ	samapati:2	smaapatee:1
ਸਮਾਰਕ	samark:2	samarak:1	smaarak:1
ਸਮਾਰਟ	smart:2	samarata:1	shmaart:1	shmart:1
ਸਮਾਰਟਫੋਨ	smartphone:2	smaartfon:1	smartfon:1
ਸਮਾਰੋਹ	samaroh:2	smaaroh:1
ਸਮਾਰੋਹਾਂ	samarohan:2	smaarohaan:1
ਸਮਾਲ	samaal:3	small:2	eshmall:1	esmal:1
ਸਮਾਲਸਰ	samalsar:1	smaalsar:1	smalsar:1
ਸਮਾਲੋਚਨਾ	samalochana:2	smaalochnaa:1
ਸਮਾਵੇਸ਼	samavesh:2	smaawesh:1
ਸਮਾਸ	samaas:1	samas:1	smaas:1
ਸਮਾਸਾਂ	samaasaan:1	samasan:1	smaasaan:1
ਸਮਾਸੀ	samaasi:1	samani:1	smaasee:1
ਸਮਾਹਿਤ	samaahit:1	samahit:1	smaahit:1
ਸਮਿਆਂ	samiaan:2	smiaan:1
ਸਮਿਖਿਅਕ	samikhiak:2	smikhiaak:1
ਸਮਿਟ	samit:2	smitt:1
ਸਮਿਤਾ	samita:2	smitaa:1
ਸਮਿਤੀ	samiti:3	samitee:1
ਸਮਿਥ	smith:5	shmith:1
ਸਮਿੱਲਤ	samilat:1	samillat:1	sammilat:1	sammital:1
ਸਮੀਕਰਣ	samikaran:3	smeekarann:1
ਸਮੀਕਰਨ	samikaran:2	smeekaran:1
ਸਮੀਕਰਨਾਂ	samikaran:1	samikaranan:1	smeekaranaan:1
ਸਮੀਖਿਅਕ	samikhiak:2	sameekhiak:1
ਸਮੀਖਿਆ	samikhia:3	samikhea:2	smeekhiaa:2	samikhiaa:1
ਸਮੀਖਿਆਕਾਰ	samikhiaakar:1	samikiaakar:1	smeekhyakaar:1
ਸਮੀਖਿਆਵਾਂ	samikhiaavan:1	samikhiavan:1	smeekhiaawaan:1
ਸਮੀਨਾ	sameena:2	samina:2	smeenaa:1
ਸਮੀਰ	sameer:5	samear:2	samiir:1	samir:1
ਸਮੀਰਾ	sameera:2	samira:1	smeeraa:1
ਸਮੁਚਾ	samucha:2	samuchaa:1
ਸਮੁਚੀ	samuchi:2	samuchee:1
ਸਮੁਚੇ	samuche:4
ਸਮੁਦਰੀ	samudari:2	samudree:1
ਸਮੁਦਾਇਆਂ	samudaaiaan:1	samudaiaan:1	samudaian:1
ਸਮੁਦਾਏ	samudaae:1	samudaye:1	samundaae:1
ਸਮੁਦ੍ਰ	samudra:4
ਸਮੁਰਾਈ	samurai:4	samorai:1	samoraii:1	samoray:1
ਸਮੁਹ	samuh:3	smuh:1
ਸਮੁੰਦਰ	samundar:5	smundar:1
ਸਮੁੰਦਰੀ	samundari:3	samundaree:1
ਸਮੁੱਚ	samucch:1	samuchch:1	smucch:1
ਸਮੁੱਚਤਾ	samucchata:1	samucchtaa:1	samuchchata:1
ਸਮੁੱਚਾ	samuccha:1	samuchcha:1	smuchaa:1
ਸਮੁੱਚੀ	samucchee:1	samucchi:1	samuchchi:1
ਸਮੁੱਚੀਆਂ	samucchiaan:2	samuccheeaan:1	samuchchian:1
ਸਮੂਏਲ	samuel:3	saemael:1	saemuel:1	saemuuel:1
ਸਮੂਚਾ	samoocha:1	samucha:1	smoochaa:1
ਸਮੂਰਤ	samoorat:2	samurat:1
ਸਮੂਹ	samuh:3	samooh:2
ਸਮੂਹਕ	samoohak:2	samuhak:1
ਸਮੂਹਾਂ	samuhan:2	samoohaan:1
ਸਮੂਹਿਕ	samoohik:2	samuhik:1
ਸਮੂਹਿਕਤਾ	samoohikata:1	samoohiktaa:1	samuhikta:1
ਸਮੇ	same:2	samey:2
ਸਮੇਂ	samein:4	samen:2
ਸਮੇਟ	samet:2	samett:1
ਸਮੇਟਣ	sametan:2	samettann:1
ਸਮੇਟੀ	sameti:2	samettee:1
ਸਮੇਟੇ	samete:3
ਸਮੇਤ	samet:3
ਸਮੇਲਨ	samelan:3
ਸਮੈਸਟਰ	semester:3	samaestar:1	samaesttar:1	semestar:1
ਸਮੈਸ਼	samaes:1	samaesh:1	samaisha:1	shamaeshh:1
ਸਮੋ	samo:3
ਸਮੋਆ	samoaa:3
ਸਮੋਇਆ	samoeeaa:1	samoia:1	samoiaa:1
ਸਮੋਈ	samoee:1	samoyee:1	smoee:1
ਸਮੋਏ	samoae:1	samoye:1	smoe:1
ਸਮੋਕ	samok:2	smoke:2
ਸਮੋਣ	samon:2	samonn:1
ਸਮ੍ਰਾਟ	samrat:2	samraat:1
ਸਮ੍ਰਿਤੀ	samriti:2	samritee:1
ਸਮੱਗਰੀ	samagaree:1	samagri:1	sammagaree:1	smaggri:1
ਸਮੱਗਰੀਆਂ	samaggarian:1	samugareean:1	smagariyan:1
ਸਮੱਸਿਆ	smasia:2	samasia:1	samasiya:1	sammaseya:1
ਸਮੱਸਿਆਂ	samasiyan:1	sammasiaan:1	samusiaan:1	smaseyan:1
ਸਮੱਸਿਆਵਾਂ	samasianwan:1	sammaseyavan:1	smasiawan:1
ਸਯਦ	sayad:2	syad:1
ਸਯੁੰਕਤ	sayunkat:2	sanyukat:1
ਸਯੱਦ	sayadd:2	sayyad:1	sayyid:1
ਸਰ	sir:3	sar:2	sarr:1	shar:1
ਸਰਕਟਾਂ	sarkatan:2	sarkattaan:1
ਸਰਕਲ	circle:2	sarkal:1
ਸਰਕਲਾਂ	sarkalan:2	sarkalaan:1	sarqalan:1
ਸਰਕਸ	circus:3	sarkas:2	circas:1	cirkas:1
ਸਰਕਾਰ	sarkar:5	sarqar:2	sarkaar:1	sharkar:1
ਸਰਕਾਰਾਂ	sarkaran:2	sarkaaraan:1	sarqaran:1
ਸਰਕਾਰੀ	sarkari:6	sarkaaree:1	sarkaari:1	sarqari:1
ਸਰਕਾਰੀਆ	sarkaariaa:1	sarkaria:1	sarkariaa:1	sarqariaa:1
ਸਰਕੂਲਰ	circular:3	circuular:1	cirkular:1	cirkuular:1
ਸਰਕੜੇ	sarakade:1	sarkare:1	sarkarhe:1	sarqare:1
ਸਰਕੰਡੇ	sarkande:2	sarkandde:1	sarqande:1
ਸਰਗਰਮ	sargaram:3
ਸਰਗਰਮੀ	sargarmi:3	sargarmee:1
ਸਰਗਰਮੀਆਂ	sargarmeeaan:2	sargarmiaan:2
ਸਰਗੁਣ	sargun:2	sargunn:1
ਸਰਗੁਨ	sargun:3
ਸਰਗੇਈ	sargei:3	sargeii:2	sergei:2	sargai:1
ਸਰਗੋਧਾ	sargodha:2	sargodhaa:1
ਸਰਜਨ	sarjan:3	surgeon:1
ਸਰਜਨਾਂ	sarjanaan:1	sarjanan:1	sarjnaan:1
ਸਰਜਰੀ	sargari:1	sarjaree:1	sarjari:1	surgery:1
ਸਰਜ਼ਮੀਨ	sarzameen:2	sazmeen:1
ਸਰਜਾ	sarja:2	sarjaa:1
ਸਰਜੂ	sarjoo:3	sarju:2
ਸਰਟੀਫ਼ਿਕੇਟ	certificate:2	sarteephiket:1	sartteefikett:1
ਸਰਟੀਫਿਕੇਟ	certificate:3	sarteefiket:1	sartteefikett:1
ਸਰਤਾਜ	sartaj:2	sartaaj:1
ਸਰਦ	sarad:3
ਸਰਦਾਰ	sardar:4	sardaar:3
ਸਰਦਾਰਨੀ	sardaarani:1	sardaarnee:1	sardarni:1
ਸਰਦਾਰਾ	sardara:2	sardaaraa:1
ਸਰਦਾਰਾਂ	sardaran:2	sardaaraan:1
ਸਰਦਾਰੀ	sardari:3	sardaaree:1
ਸਰਦਾਰੀਆਂ	sardaareeaan:1	sardarian:1	sardariyan:1
ਸਰਦੀ	saradi:1	sardee:1	sardi:1
ਸਰਦੀਆਂ	sardeeaan:1	sardiaan:1	sardian:1
ਸਰਦੂਲ	sardool:3	sardul:1
ਸਰਦੂਲਗੜ੍ਹ	sardoolgadh:1	sardoolgarh:1	sardulgadh:1
ਸਰਧਾ	sardha:2	sardhaa:1
ਸਰਧਾਂਜਲੀ	sardhaanjlee:1	sardhanjali:1	sardhnjali:1
ਸਰਧਾਲੂ	sardhalu:2	sardhaaloo:1
ਸਰਨ	saran:3	sarana:1	srn:1
ਸਰਨਾ	sarna:1	sarnaa:1	srnaa:1
ਸਰਪਰਸਤ	sarparsat:2	srprst:1
ਸਰਪਰਸਤੀ	sarparasati:1	sarparastee:1	srprstee:1
ਸਰਪ੍ਰਸਤ	sarprast:2	sarprasat:1
ਸਰਪੰਚ	sarpanch:3
ਸਰਫ਼	saraf:2	saraff:1
ਸਰਫ਼ਰਾਜ਼	sarafraaz:1	sarfaraz:1	sarffaraz:1
ਸਰਬ	sarab:3
ਸਰਬਉਚ	sarabuch:2	sarabouch:1
ਸਰਬਕਾਲੀ	sarabkali:1	sarabqali:1	sarbakaali:1	sarqbkali:1
ਸਰਬਜੀਤ	sarabjeet:2	sarabjit:2
ਸਰਬਤ	sarbat:2	sarabat:1
ਸਰਬਪੱਖੀ	sarabapakhi:1	sarabpakkhee:1	sarabpakkhi:1
ਸਰਬਰਾਹ	sarabraah:2	sarabarah:1
ਸਰਬਵਿਆਪਕ	sarabviapak:1	sarabviyapak:1	sarabwiaapak:1	sarbviapak:1
ਸਰਬਵਿਆਪੀ	sarabviapee:1	sarabviapi:1	sarabwiaapee:1	sarabwiaapi:1
ਸਰਬਸੰਮਤੀ	sarabsamantee:1	sarabsamanti:1	sarabsammati:1	sarbasanmatee:1
ਸਰਬਾਲਾ	sarabala:1	sarbaala:1	sarbaalaa:1
ਸਰਬੀ	sarabee:2	sarabi:1
ਸਰਬੀਆ	sarbia:3	saarbiaa:1	sarabeeaa:1	sarbeea:1
ਸਰਬੀਆਈ	sarbeeaaee:2	sarbiaai:1	sarbiayi:1
ਸਰਬੋਤਮ	sarbotam:3
ਸਰਬੰਸ	sarbans:3
ਸਰਬੱਤ	sarbatt:2	sarabat:1	sarabatt:1
ਸਰਮਾਏ	sarmaae:3
ਸਰਮਾਏਦਾਰ	sarmaaedar:1	sharmaardaar:1	srmaaaidar:1
ਸਰਮਾਏਦਾਰਾਨਾ	sarmaaedaaraanaa:1	sharmaaedarana:1	srmaaidarana:1
ਸਰਮਾਏਦਾਰੀ	sarmaaedaaree:1	sarmaaedari:1	srmaaaidaaree:1
ਸਰਮੁਖ	saramukh:1	sarmukh:1	srmukh:1
ਸਰਯੂ	saryoo:1	saryu:1	sryoo:1
ਸਰਲ	saral:2	srl:1
ਸਰਲਤਾ	saralta:1	saraltaa:1	srltaa:1
ਸਰਲਾ	sarla:1	sarlaa:1	srlaa:1
ਸਰਵ	sarav:1	saraw:1	serv:1
ਸਰਵਉੱਚ	saravauch:1	sharwoucch:1	srvucch:1
ਸਰਵਜਨਿਕ	sarwajanik:2	saravajanik:1	sarvajanik:1	sarvajaniq:1
ਸਰਵਣ	sarwan:2	sarvan:1	sarwann:1
ਸਰਵਨ	sarwan:3	sarvan:1
ਸਰਵਨਾਸ਼	saravnash:1	sarawnaash:1	sarvanash:1	sarwanash:1
ਸਰਵਪ੍ਰਥਮ	saravpratham:1	sarvpratham:1	sarwpratham:1	sawapratham:1
ਸਰਵਪੱਖੀ	sarawpakkhi:2	saravpakkhi:1
ਸਰਵਰ	sarvar:1	sarver:1	sarwar:1	sarwer:1
ਸਰਵਰਾਂ	sarvaraan:1	sarvaran:1	sarwaraan:1	sarwaran:1
ਸਰਵਰੀ	sarwari:2	sarvari:1	sarwaree:1
ਸਰਵਵਿਆਪਕ	sarwawiaapak:2	saravaviapak:1	sarvaviaapak:1	sarvaviaapaq:1
ਸਰਵਵਿਆਪਕਤਾ	saravaviapakata:1	sarvaviaapakata:1	sarvaviaapaqata:1	sarwawiaapakata:1
ਸਰਵਵਿਆਪੀ	saravaviaapi:1	saravaviapi:1	saravawiaapi:1	sarawaviaapi:1
ਸਰਵਸ਼੍ਰੇਸ਼ਠ	saravshreshth:1	sarvashreshth:1	sarwashreshth:1	sarwashreshtth:1
ਸਰਵਸ੍ਰੇਸ਼ਟ	saravashresht:1	saravsresht:1	sarwasreshatt:1
ਸਰਵਸ੍ਰੇਸ਼ਠ	sarvasreshth:2	sarwasreshatth:1	sarwasreshth:1
ਸਰਵਾਇਕਲ	cervical:3	carvical:1	carvikal:1	cervikal:1
ਸਰਵਾਈਕਲ	cervical:2	sarvaical:1	sarwaaeekal:1
ਸਰਵਿਸ	service:2	sarwis:1
ਸਰਵਿਸਜ	services:2	servisaj:2	sarvisaj:1
ਸਰਵਿਸਜ਼	servicez:2	sarvisaz:1	services:1
ਸਰਵਿਸਿਜ਼	services:2	sarvisiz:1
ਸਰਵੇ	shhurvey:1	shurveey:1	shurvei:1	shurvey:1
ਸਰਵੇਅਰ	shurveyor:1	surveeyor:1	surveyor:1	surweyor:1
ਸਰਵੇਖਣ	sarvekhan:3
ਸਰਵੋਤਮ	sarvotam:3
ਸਰਵੋੱਚ	sarvoch:2	sarvocch:1
ਸਰਸ	saras:3
ਸਰਸਵਤੀ	saraswati:3	saraswatee:2	sarasavati:1	saraswatii:1
ਸਰਸ਼ਾਰ	sarshar:2	sarshaar:1
ਸਰਸਾ	sarasa:1	sarsa:1	sarsaa:1
ਸਰਸੇ	sarse:3
ਸਰਸੋਂ	sarson:2	sarason:1
ਸਰਹਦ	sarhad:2	sarahad:1
ਸਰਹਦਾਂ	sarahadan:1	sarhadaan:1	sarhadan:1
ਸਰਹਾਲੀ	sarhaali:2	sarahali:1	sarhaalee:1
ਸਰਹਿੰਦ	sarhind:2	sarahind:1
ਸਰਹੰਦ	sarhand:3	sirhand:1
ਸਰਹੰਦੀ	sarhandi:2	sarhandee:1	sarhindi:1
ਸਰਹੱਦ	sarhadd:2	sarahhad:1
ਸਰਹੱਦਾ	sarahhada:1	sarhadda:1	sarhaddaa:1
ਸਰਹੱਦਾਂ	sarahadan:1	sarhaddaan:1	sarhaddan:1
ਸਰਹੱਦੀ	sarhaddi:2	sarahadi:1	sarhaddee:1
ਸਰਾਂ	saran:1	sraan:1	sran:1
ਸਰਾਇ	saraai:1	sarayi:1	sraye:1
ਸਰਾਏ	saraae:2	saraai:1	sarae:1	sarai:1
ਸਰਾਧ	saradh:2	saraadh:1
ਸਰਾਪ	saraap:1	sarap:1	sraap:1
ਸਰਾਪਿਆ	saraapiaa:1	sarapiaa:1	srapeya:1
ਸਰਾਪੇ	saraape:1	sarape:1	srape:1
ਸਰਾਫ	saraaf:2	saraf:1	sraaf:1
ਸਰਾਬ	sraab:2	sarab:1
ਸਰਾਭਾ	srabha:2	srabhaa:1
ਸਰਾਭੇ	sraabhe:2	sarabhe:1
ਸਰਾਵਾਂ	saravan:2	sravaan:1	sravan:1
ਸਰਾਸਰ	saraasar:1	sarasar:1	srasar:1
ਸਰਾਹਨਾ	saraahana:1	sarahana:1	srahna:1
ਸਰਾਹਿਆ	saraahiaa:1	sarahia:1	sraheya:1
ਸਰਿਆਂ	sariaan:2	sariyan:1
ਸਰਿਤਾ	sarita:3
ਸਰੀ	sari:1	sarii:1	sarrey:1	surrey:1
ਸਰੀਆ	sareeaa:1	sariaa:1	sariya:1
ਸਰੀਨ	sareen:2	sarin:1
ਸਰੀਨਾ	sareena:1	sareenaa:1	sarina:1
ਸਰੀਰ	sareer:2	sarir:1
ਸਰੀਰਕ	sareerak:2	sarirak:1
ਸਰੀਰਾਂ	sareeran:2	sariran:1
ਸਰੀਰਿਕ	saririk:2	sareerik:1
ਸਰੂਪ	saroop:2	sarup:1	sroop:1
ਸਰੂਪਾ	saroopa:1	saroopan:1	sarupa:1
ਸਰੂਪਾਂ	saroopan:2	sarupan:1
ਸਰੂਰ	saroor:3	sarur:1
ਸਰੇਆਮ	sareaam:3
ਸਰੇਸ਼ਟਤਾ	sareshatata:2	sareshttataa:1
ਸਰੋਂ	saron:3
ਸਰੋਕਾਰਾਂ	sarokaaraan:1	sarokaraan:1	sarokaran:1
ਸਰੋਗੇਸੀ	surrogaci:1	surrogacy:1	surrogaiisy:1	surrogaisi:1
ਸਰੋਜ	saroj:3
ਸਰੋਜਨੀ	sarojani:2	sarojanee:1	sarojnee:1
ਸਰੋਤ	sarot:3
ਸਰੋਤਾ	sarota:2	sarotaa:1
ਸਰੋਤਾਂ	sarotan:2	sarotaan:1
ਸਰੋਤਿਆਂ	sarotiaan:2	sarotean:1	sarotian:1	sarotiyan:1
ਸਰੋਤੇ	sarote:3
ਸਰੋਦ	sarod:3
ਸਰੋਵਰ	sarovar:2	sarowar:1
ਸਰੋਵਰਾਂ	sarovaran:2	sarowaraan:1
ਸਰ੍ਹਾਣੇ	sarahane:1	sarhaanne:1	sarhane:1
ਸਰ੍ਹੀ	sarhee:1	sarih:1	srhee:1	surrey:1
ਸਰ੍ਹੋਂ	sarhon:3
ਸਰੰਗੀ	sarangi:2	sarangee:1
ਸਰੰਚਨਾ	sanrachna:1	saranchana:1	saranchnaa:1
ਸਲਤਨਤ	saltanat:2	salatanat:1
ਸਲਤਨਤਾਂ	salatanataa:1	salatanatan:1	saltantaan:1
ਸਲਫ਼ਰ	salfar:2	salafar:1	sulfer:1	sulpher:1
ਸਲਮਾ	salma:2	salama:1	salmaa:1	shalma:1
ਸਲਮਾਨ	salman:3	salmaan:2	aalman:1	saalmaan:1
ਸਲਵਾਨ	salavan:1	salwaan:1	salwan:1
ਸਲਵਾਰ	salavar:1	salwaar:1	salwar:1
ਸਲਵਾਹਨ	salavahan:1	salwaahan:1	salwahan:1
ਸਲਾਈ	salaee:1	salai:1	salayi:1
ਸਲਾਘਾ	salagha:3
ਸਲਾਤ	salaat:2	salat:1
ਸਲਾਦ	salad:3	salaad:2	saalaad:1	shalad:1
ਸਲਾਨਾ	salana:2	salaanaa:1
ਸਲਾਮ	salaam:5	salamm:1	slaam:1	slam:1
ਸਲਾਮਤ	salamat:3	salaamat:1
ਸਲਾਮੀ	salaami:2	salaamee:1	salami:1
ਸਲਾਹ	salaah:9	salah:2	slaah:1
ਸਲਾਹਕਾਰ	salahakar:1	salahkar:1	slaahkaar:1
ਸਲਾਹਕਾਰਾਂ	salahakaran:1	slaahkaaraan:1	slahkaran:1
ਸਲਾਹਾਂ	salahan:4
ਸਲਾਹੀ	salahi:3	salahee:1
ਸਲਿਮ	slim:3
ਸਲਿਲ	salil:3
ਸਲਿੱਪ	slip:3	salip:1	slipa:1	slipp:1
ਸਲੀਕਾ	salika:2	saleeka:1
ਸਲੀਕੇ	salike:2	saleeke:1
ਸਲੀਪ	sleep:4	saleep:1	saliip:1	salip:1
ਸਲੀਪਰ	sleepar:1	sleeper:1	sliipar:1
ਸਲੀਬ	saleeb:2	salib:1
ਸਲੀਬਾਂ	saliban:2	saleebaan:1
ਸਲੀਬੀ	salibi:2	saleebi:1
ਸਲੀਮ	saleem:4	salim:2	saliim:1	shaleem:1
ਸਲੂਕ	saluk:3	salook:1
ਸਲੂਟ	salute:2	salut:1
ਸਲੂਣਾ	saluna:3	saloona:1
ਸਲੇਟ	salet:2	slate:1
ਸਲੇਟੀ	saleti:2	salety:1	slatty:1
ਸਲੈਮ	slam:2	salaem:1	salaim:1	salam:1
ਸਲੈਵਿਕ	salaevik:1	salaivik:1	slevik:1
ਸਲੋ	salo:2	slow:2
ਸਲੋਕ	salok:3	sloke:1
ਸਲੋਕਾਂ	salokan:2	slokaan:1
ਸਲੋਪ	salop:2	slope:2
ਸਲੋਵਾਕ	shloovak:1	shlovak:1	shluvak:1	sloovak:1
ਸਲੋਵਾਕੀਆ	slovakia:2	salovakiaa:1	salovakiya:1	slovaakia:1
ਸਲੋਵੇਨਿਆ	saloveniaa:1	saloveniya:1	slovenia:1
ਸਲੋਵੇਨੀਆ	shhlovenia:1	shloovenia:1	shloveenia:1	shlovenia:1
ਸਲੱਮਡੌਗ	slumdog:3	sallamdoug:1	slammdog:1
ਸਵ	sav:9
ਸਵਤੰਤਰ	savtantar:3
ਸਵਤੰਤਰਤਾ	savtantarataa:1	savtantarta:1	swatantarta:1
ਸਵਦੇਸ਼	savdesh:2	sawdesh:1	swadesh:1
ਸਵਦੇਸ਼ੀ	savdeshee:1	savdeshi:1	swadeshi:1
ਸਵਪਨ	savdhan:1	savpan:1	swapan:1
ਸਵਰ	savar:2	swar:2	sawar:1	svar:1
ਸਵਰਗ	swarag:2	swarg:2	savarg:1
ਸਵਰਗਵਾਸ	swaragwas:1	swargvas:1	swargwaas:1
ਸਵਰਗੀ	savargi:1	sawargee:1	swargi:1
ਸਵਰਨ	savran:1	sawaran:1	swaran:1
ਸਵਰਨਜੀਤ	savranjeet:1	sawarnjeet:1	swaranjeet:1
ਸਵਰਾਂ	savran:1	sawaraan:1	swaran:1
ਸਵਰਾਘਾਤ	savraghat:1	sawraaghaat:1	swaraghat:1
ਸਵਰਾਜ	swaraj:3	swaraaj:2	savraj:1	svaraaj:1
ਸਵਰਾਜਬੀਰ	savrajbeer:1	swaraajbeer:1	swarajbeer:1
ਸਵਰੁਪ	swaroop:2	savrup:1	swroop:1
ਸਵਰੂਪ	savrup:1	swaaroop:1	swaroop:1	swroop:1
ਸਵਸਥ	savsath:2	savasath:1	swasth:1
ਸਵਾ	sava:3	swa:1	swaa:1
ਸਵਾਂ	savan:2	swaan:1
ਸਵਾਂਗ	savang:2	swaang:1
ਸਵਾਇਆ	savaiaa:2	savaeea:1	savaiya:1	swaaeeaa:1
ਸਵਾਗਤ	swagat:2	savagat:1	swaagat:1
ਸਵਾਣੀ	swani:2	swaannee:1
ਸਵਾਣੀਆਂ	swaanneeaan:1	swaniaan:1	swanian:1
ਸਵਾਤ	swaat:2	savat:1	swat:1
ਸਵਾਤੀ	swati:3
ਸਵਾਦ	savaad:3	savad:2	sawaad:1	sawad:1
ਸਵਾਦਿਸ਼ਟ	swadisht:2	savadisht:1	sawadisht:1
ਸਵਾਦੀ	savadi:2	sawadi:1	swaadi:1	swadi:1
ਸਵਾਧੀਨ	swadheen:2	savadheen:1	savadhin:1
ਸਵਾਧੀਨਤਾ	savadhinata:1	swadheenta:1	swadhinta:1
ਸਵਾਨ	savan:1	sawan:1	swaan:1	swan:1
ਸਵਾਭਿਮਾਨ	savabhiman:1	swabhimaan:1	swabhiman:1
ਸਵਾਮੀ	swami:3	savami:1	svaamee:1	svaami:1
ਸਵਾਮੀਨਾਥਨ	swaminathan:3
ਸਵਾਰ	savar:8	swaar:2	savaar:1	sawaar:1
ਸਵਾਰਥ	savarath:2	sawarath:1	swarath:1
ਸਵਾਰਥੀ	savarthi:1	sawarthi:1	svarathi:1	swarathi:1
ਸਵਾਰਨ	savaran:1	sawaran:1	swaran:1
ਸਵਾਰੀ	savari:6	savaari:1	swaaree:1
ਸਵਾਰੀਆਂ	savariaan:1	savariyan:1	swaareeaan:1
ਸਵਾਲ	savaal:1	saval:1	swaal:1
ਸਵਾਲਬਾਰਡ	shvalbard:1	shvalburd:1	svalbard:1	svalburd:1
ਸਵਾਲੀਆ	savaliaa:1	savaliya:1	swaaleeaa:1
ਸਵਾਸ	savas:2	swaas:2
ਸਵਾਸਾਂ	savasan:1	sawaasaan:1	swasan:1
ਸਵਾਹਿਲੀ	swahili:2	cvahilli:1	cwahiillii:1	cwahili:1
ਸਵਿਕਾਰ	savikaar:1	savikar:1	sawikaar:1
ਸਵਿਟਜ਼ਰਲੈਂਡ	savitazaralaend:1	savitazarlaend:1	sawittzarland:1	switezerland:1
ਸਵਿਤਰੀ	savitari:3	sawitaree:1
ਸਵਿਧਾਨ	savidhan:2	sawidhaan:1
ਸਵਿਫਟ	swift:3	sawifatt:1	shwift:1	svift:1
ਸਵਿਫ਼ਟ	swift:3	swifatt:1
ਸਵਿਮਿੰਗ	swimming:2	sawiming:1
ਸਵਿਸ	savisa:1	shwish:1	svis:1	sviss:1
ਸਵਿੰਗ	shwing:1	sving:1	swing:1
ਸਵਿੰਦਰ	sawinder:2	sawindar:1
ਸਵਿੰਧਾਨ	saveendhaan:1	savindhan:1	sawindhaan:1
ਸਵਿੱਚ	switch:2	savich:1	swich:1
ਸਵਿੱਚਾਂ	savicchan:1	savichan:1	switchaan:1
ਸਵੀ	savee:1	savi:1	sawee:1
ਸਵੀਕਾਰ	savikar:2	saweekaar:2
ਸਵੀਕਾਰਦਾ	savikaarda:1	saweekaaradaa:1	sweekaardaa:1
ਸਵੀਕਾਰਨ	saveekaaran:1	savikaran:1	saweekaaran:1
ਸਵੀਕਾਰਨਾ	saveekaranaa:1	savikaarna:1	saweekaarnaa:1
ਸਵੀਕਾਰਿਆ	saveekaariaa:1	savikaariaa:1	saweekaariaa:1
ਸਵੀਕਾਰੀ	saveekaaree:1	savikari:1	saweekaaree:1
ਸਵੀਕਾਰੇ	saveekaare:1	savikare:1	saweekaare:1
ਸਵੀਕ੍ਰਿਤ	savikrit:1	saweekrit:1	sweekrit:1
ਸਵੀਕ੍ਰਿਤੀ	savikriti:1	saweekritee:1	sweekaritee:1
ਸਵੀਟ	sweet:3	steve:1
ਸਵੀਟੀ	sweety:3	shuety:1	shweety:1	shwuety:1
ਸਵੀਡਨ	sweden:3	savidan:1	sveden:1	sweeddan:1
ਸਵੀਮਿੰਗ	swimming:10	saweeming:1	swiming:1
ਸਵੇਰ	saver:2	sawer:1
ਸਵੇਰਾ	savera:3	sweraa:1
ਸਵੇਰੇ	savere:2	swere:1
ਸਵੈ	savai:3	savae:1	swae:1
ਸਵੈਚ	savaech:1	savaich:1	swaech:1
ਸਵੈਮ	savaem:1	savaim:1	swaem:1	swam:1
ਸਵੈਮਾਣ	savaemaan:1	savaimaan:1	swaemaann:1
ਸਵੰਨਤਾ	savannata:1	savanta:1	sawantaa:1
ਸਵੰਬਰ	savambar:2	swanbar:1
ਸਵੱਛ	swachh:4	savachh:1
ਸਵੱਛਤਾ	savachhata:1	savchhataa:1	swachhta:1
ਸਸਕਾਰ	sasakar:1	saskaar:1	saskar:1
ਸਸਤਾ	sasta:3
ਸਸਤੀ	sasti:3	sastee:1
ਸਸਤੀਆਂ	sastian:2	sasteeaan:1
ਸਸਤੇ	saste:3
ਸਸ਼ਕਤੀਕਰਨ	sashakatikaran:1	sashakteekaran:1	sashaktikaran:1
ਸਸ਼ਤਰ	sashtar:2	sashatar:1
ਸਸੀ	sasi:2	sasee:1	sassi:1
ਸਸੁਰਾਲ	sasural:3	sasuraal:1
ਸਹਾ	saha:3	sahaa:1	sha:1
ਸਹਾਇਕ	sahaik:4	sahayik:3	sahaiq:2	sahaeek:1
ਸਹਾਇਕਾਂ	sahaaikaan:1	sahaikaan:1	sahaikan:1	sahaiqan:1
ਸਹਾਇਤਾ	sahaita:4	sahaaita:1	sahaeeta:1	sahaitaa:1
ਸਹਾਈ	sahaee:2	sahaaee:1	shai:1
ਸਹਾਏ	sahae:3	sahaae:2	sahai:1	shae:1
ਸਹਾਰ	sahaar:4	sahar:1
ਸਹਾਰਦੇ	saharde:2	sahaarde:1	shardae:1
ਸਹਾਰਨ	saharan:2	sahaaran:1	sharan:1
ਸਹਾਰਨਪੁਰ	saharanpur:3
ਸਹਾਰਾ	sahara:3	sahaara:2	sahaaraa:1	saharaa:1
ਸਹਾਰੇ	sahare:3	saharay:1
ਸਹਿ	sahi:3	seh:1	shi:1
ਸਹਿਕ	sahik:3	sehak:1
ਸਹਿਕਦਾ	sahikada:2	sahikda:1	sehakada:1
ਸਹਿਕਦੀ	sahikadi:2	sahikdi:1	sehakadi:1	sehakdi:1
ਸਹਿਕਰਮੀ	sahikarmi:2	sahikarami:1	sahikarmee:1	sehkarami:1
ਸਹਿਕਰਮੀਆਂ	sahikarmiaan:2	sahikaramian:1	sahikarmiyan:1	sehkaramian:1
ਸਹਿਕਾਰਤਾ	sahikaarta:2	sahikarata:1	sehikarta:1	sehkarta:1
ਸਹਿਕਾਰੀ	sahikari:3	sahikaree:1	sehakari:1
ਸਹਿਗਲ	sehgal:2	sahigal:1
ਸਹਿਚਾਰ	sahichar:3	sehchar:1
ਸਹਿਜ	sahij:4	sehaj:2	sehij:1
ਸਹਿਜਤਾ	sahijata:2	sahijataa:1	sahijta:1	sehajata:1
ਸਹਿਜ਼ਾਦੀ	sahizaadi:1	sahizadi:1	sehijzadi:1	sehjzadi:1
ਸਹਿਜਾਦੀ	sahijaadi:1	sahijadi:1	sehjadi:1
ਸਹਿਜੇ	sahije:2	sehje:1
ਸਹਿਣ	sahin:2	sehann:1
ਸਹਿਣਸ਼ੀਲ	sahinsheel:2	sehannsheel:1
ਸਹਿਣਸ਼ੀਲਤਾ	sahinsheelta:2	sehannsheelta:1	sehannshilta:1
ਸਹਿਣੀ	sahini:2	sehanni:1
ਸਹਿਣੇ	sahine:2	sehnne:1
ਸਹਿਤ	sahit:3	sehit:1
ਸਹਿਤਕ	sahitak:2	sahtak:1	sehtak:1
ਸਹਿਨ	sahin:3	sehin:1
ਸਹਿਨਸ਼ੀਲ	sahinsheel:2	sehansheel:1	sehanshil:1
ਸਹਿਨਸ਼ੀਲਤਾ	sahinsheelata:1	sahinsheelta:1	sehansheelta:1	sehanshilta:1
ਸਹਿਪਾਠੀ	sahipathi:2	sehpaathi:1
ਸਹਿਬ	sahib:2	sehab:1
ਸਹਿਬਾਨ	sahibaan:2	sahiban:2	sehiban:1
ਸਹਿਬਾਨਾਂ	sahibanan:2	sahibana:1	sehibana:1
ਸਹਿਭਾਗੀ	sahibhagi:2	sehbaagi:1
ਸਹਿਮਤ	sahimat:4	sehmat:1
ਸਹਿਮਤੀ	sahimatee:1	sahimati:1	sahmati:1	sehmati:1
ਸਹਿਯੋਗ	sahiyog:3	sehyog:1
ਸਹਿਯੋਗੀ	sahiyogi:2	sehyogi:1
ਸਹਿਯੋਗੀਆਂ	sahiyogiaan:2	sahiyogian:1	sahiyogiyaan:1
ਸਹਿਰ	sahir:7
ਸਹਿਰੀ	sahiri:2	sahiree:1
ਸਹਿਵਾਗ	sahivaag:1	sahivag:1	sahiwag:1	sehwag:1
ਸਹਿੰਦਾ	sahinda:3
ਸਹਿੰਦੀ	sahindi:3	sehndi:1
ਸਹੀ	sahi:8	sahee:1
ਸਹੀਬੰਦ	sahiband:3
ਸਹੁਰਿਆਂ	sahuriaan:2	sahurean:1	sahurian:1	sahuriyaan:1
ਸਹੁਰੇ	sahure:3	sohre:1
ਸਹੂਲਤ	sahulat:5	sahoolat:1
ਸਹੂਲਤਾ	sahulata:2	sahoolata:1
ਸਹੂਲਤਾਂ	sahoolatan:1	sahulatan:1	sahultan:1
ਸਹੂਲੀਅਤ	sahuliat:3	sahooliat:1	sahuliyat:1
ਸਹੇ	sahe:3	sahey:1
ਸਹੇਲੀ	saheli:10
ਸਹੇਲੀਆਂ	saheliaan:2	sahelian:1	saheliyaan:1	saheliyan:1
ਸਹੋਤਾ	sahota:3
ਸ਼ਇਦ	shaid:3
ਸ਼ਕ	shak:8
ਸ਼ਕਤੀ	shakti:6
ਸ਼ਕਤੀਆਂ	shaktiaan:2	shaktian:1	shaktiyaan:1	shaktiyan:1
ਸ਼ਕਤੀਕਰਣ	shaktikaran:3
ਸ਼ਕਤੀਕਰਨ	shaktikaran:3
ਸ਼ਕਤੀਮਾਨ	shaktimaan:3	shaktiman:1
ਸ਼ਕਤੀਵਰ	shaktivar:3	shaktiwar:1
ਸ਼ਕਤੀਸ਼ਾਲੀ	shaktishaali:10	shaktishali:3
ਸ਼ਕਰ	shakar:3
ਸ਼ਕਰਕੰਦੀ	shakarkandi:3
ਸ਼ਕਰਗੰਜ	shakarganj:3
ਸ਼ਕਲ	shakal:6
ਸ਼ਕਲਾਂ	shakalan:3
ਸ਼ਕੁੰਤਲਾ	shakuntala:3	shakuntla:2
ਸ਼ਖਸ	shakhas:2	shakhash:1
ਸ਼ਖਸ਼ੀਅਤ	shakhashiat:1	shakhsheeat:1	shakhsiatt:1
ਸ਼ਖਸ਼ੀਅਤਾਂ	shakhashiatan:1	shakhsheeataan:1	shakhshiyaatan:1
ਸ਼ਖਸੀਅਤ	shakhasiat:1	shakhseeat:1	shakhsiatt:1
ਸ਼ਖ਼ਸ	shakhas:2	shakhash:1
ਸ਼ਖ਼ਸ਼ੀਅਤ	shakhashiat:1	shakhsheeat:1	shakhsiatt:1
ਸ਼ਖ਼ਸੀਅਤ	shakhasiat:1	shakhseeat:1	shakhsiatt:1
ਸ਼ਖ਼ਸੀਅਤਾਂ	shakhasiatan:1	shakhseeataan:1	shakhsiaatan:1
ਸ਼ਗਿਰਦ	shagirad:2	sagird:1
ਸ਼ਗਿਰਦਾਂ	sagirdan:1	shagirdaan:1	shagirdan:1
ਸ਼ਟ	shat:2	shut:1
ਸ਼ਟਲ	satal:1	shatal:1	shuttle:1
ਸ਼ਤ	shat:3
ਸ਼ਤਕ	shatak:3
ਸ਼ਤਰੂਘਣ	satrughann:1	sharughan:1	shatrooghan:1
ਸ਼ਤਰੰਜ	shatranj:3	satranj:1
ਸ਼ਤਾਬਦੀ	shatabadi:2	shatabdi:1
ਸ਼ਤਾਬਦੀਆਂ	shatabdian:2	shatabadiaan:1	shatabadiyaan:1	shatabdiyan:1
ਸ਼ਤੀ	shati:2	sathi:1
ਸ਼ਤੀਰ	shatir:3
ਸ਼ਦੀਦ	shadid:2	shadeed:1
ਸ਼ਨਾਖਤ	shanakhat:2	shanakht:1
ਸ਼ਨਾਖ਼ਤ	shanakhat:3
ਸ਼ਨਾਖ਼ਤੀ	shanakhati:2	shanakhti:1
ਸ਼ਨਿਚਰਵਾਰ	shanicharwar:2	shanicharvar:1	shanichervar:1
ਸ਼ਨਿੱਚਰਵਾਰ	shanicharvaar:2	shanicharvar:1	shanicharwar:1
ਸ਼ਨੀ	shani:3
ਸ਼ਨੀਵਾਰ	shanivaar:3	shanivar:1	shaniwar:1
ਸ਼ਫਕਤ	shafakt:1	shafkat:1	shafqat:1	shaphakat:1
ਸ਼ਫੀ	shafi:2	shafee:1
ਸ਼ਫੀਕ	shafeek:2	shafik:1
ਸ਼ਬ	shab:5
ਸ਼ਬਦ	shabad:6
ਸ਼ਬਦਕੋਸ਼	shabadkosh:4	shabdakosh:2
ਸ਼ਬਦਾ	shabada:2	shabda:1
ਸ਼ਬਦਾਂ	shabadan:2	shabdan:1
ਸ਼ਬਦਾਬਲੀ	shabdabali:2	shabadavali:1
ਸ਼ਬਦਾਰਥ	shabdarth:2	shabadarath:1
ਸ਼ਬਦਾਵਲੀ	shabdawali:2	shabadavali:1
ਸ਼ਬਦੀ	shabadi:2	shabdi:1
ਸ਼ਬਦੀਸ਼	shabadeesh:2	shabadish:2
ਸ਼ਬਨਮ	shabanam:2	shabnam:1
ਸ਼ਬਾਨਾ	shabaan:1	shabana:1	shbaanaa:1
ਸ਼ਮਸਦੀਨ	shamasdeen:2	shamasdin:1
ਸ਼ਮਸ਼ਾਦ	shamshaad:2	shamshad:1
ਸ਼ਮਸ਼ਾਨਘਾਟ	shamshanghat:3
ਸ਼ਮਸ਼ੀਰ	shamsheer:3
ਸ਼ਮਸ਼ੇਰ	shamsher:5	shemsher:1
ਸ਼ਮਾ	shama:3	shmaa:1
ਸ਼ਮੀ	shami:2	shammi:1	shmee:1
ਸ਼ਮੀਮ	shameem:2	shamim:2	shmeem:1
ਸ਼ਮੀਰ	shameer:2	shamir:1
ਸ਼ਮੂਲੀਅਤ	shamooleeat:1	shamuliat:1	shmooleeat:1
ਸ਼ਰਈ	sharayi:2	sharaee:1
ਸ਼ਰਣ	sharan:2	sharann:1
ਸ਼ਰਣਾਰਥੀ	sharnarathi:1	sharnarthi:1	sharnnaarthee:1
ਸ਼ਰਣਾਰਥੀਆਂ	sharnarthiaan:1	sharnarthian:1	sharnnaartheeaan:1	sharnnaarthiaan:1
ਸ਼ਰਤ	sharat:3
ਸ਼ਰਤਾਂ	shartaan:2	shartan:1
ਸ਼ਰਤੀ	shartee:2	sharati:1	sharti:1
ਸ਼ਰਦ	sharad:3
ਸ਼ਰਧਾ	shardha:2	shardhaa:1
ਸ਼ਰਧਾਂਜਲੀ	shardhaanjalee:1	shardhajali:1	shardhanjali:1
ਸ਼ਰਧਾਜਲੀ	shardhajali:3	sardhaajlee:1	shardhaajlee:1	shardhanjali:1
ਸ਼ਰਧਾਲੂ	shardhalu:2	shardhaaloo:1
ਸ਼ਰਧਾਲੂਆਂ	shardhaalooaan:1	shardhaluaan:1	shardhaluan:1
ਸ਼ਰਨ	sharan:2	shrn:1
ਸ਼ਰਨਜੀਤ	sharanjeet:1	sharanjit:1	shrnjeet:1
ਸ਼ਰਨਾਰਥੀ	sharnaarthee:1	sharnaathi:1	sharnathi:1	shrnaarthee:1
ਸ਼ਰਨਾਰਥੀਆਂ	shrnaartheeaan:2	sharnaarhtiaan:1	sharnaartheeaan:1	sharnaatheeaan:1
ਸ਼ਰਫ	sharaf:3
ਸ਼ਰਫ਼	sharaf:2	sharaff:1
ਸ਼ਰਬਤ	sharbat:2	sharabat:1
ਸ਼ਰਬਤੀ	sharabatee:1	sharabati:1	sharabtee:1	sharbati:1
ਸ਼ਰਮ	sharam:3
ਸ਼ਰਮਨ	sharman:3
ਸ਼ਰਮਨਾਕ	sharamnaak:2	sharmanak:1	sharmanaq:1
ਸ਼ਰਮਸਾਰ	sharamsaar:2	sharamsar:1
ਸ਼ਰਮਾ	sharma:4	sharmaa:2	shaarmaa:1	shharma:1
ਸ਼ਰਮਿੰਦਗੀ	sharmindagee:2	sharmindagi:2	shrmindgee:2
ਸ਼ਰਮਿੰਦਾ	sharminda:1	sharmindaa:1	shrmindaa:1
ਸ਼ਰਮੀਲਾ	sharmeelaa:1	sharmila:1	shrmeelaa:1
ਸ਼ਰਲਿਨ	sharlin:2	shrlin:1
ਸ਼ਰਵਣ	sharwan:2	sharawann:1	sharvan:1
ਸ਼ਰਸ਼ਾਰ	sharashar:1	sharshaar:1	sharshar:1
ਸ਼ਰਾ	shara:1	sharaa:1	shra:1
ਸ਼ਰਾਧ	sharadh:2	sharaadh:1
ਸ਼ਰਾਧਾਂ	sharadhan:2	sharaadhaan:1	shradhan:1
ਸ਼ਰਾਪ	sharaap:1	sharap:1	shrap:1
ਸ਼ਰਾਬ	sharab:2	shraab:2
ਸ਼ਰਾਬੀ	sharabi:1	shraabee:1	shraabi:1
ਸ਼ਰਾਰਤ	shararat:2	shraarat:1	shraart:1
ਸ਼ਰਾਰਤੀ	shararati:1	shraartee:1	shrarti:1
ਸ਼ਰੀ	shari:2	shri:1
ਸ਼ਰੀਅਤ	shareeat:1	shariat:1	shriyat:1
ਸ਼ਰੀਆ	shareeaa:1	shariaa:1	shariya:1
ਸ਼ਰੀਕ	shareek:1	sharik:1	shariq:1	shreek:1
ਸ਼ਰੀਕਾ	shareeka:2	sharika:1	shariqa:1
ਸ਼ਰੀਕੇ	shareeke:2	sharike:1	shariqe:1
ਸ਼ਰੀਫ	shareef:2	shareeph:2	sharif:2	sareef:1
ਸ਼ਰੀਫ਼	shareef:1	shareeff:1	shariff:1
ਸ਼ਰੀਰ	shareer:3	sharir:1
ਸ਼ਰੀਰਕ	shareerak:2	sharirak:1
ਸ਼ਰੀਰਾਂ	shareeran:2	shariran:1
ਸ਼ਰੁਤੀ	sharutee:1	sharuti:1	shruti:1
ਸ਼ਰੂ	sharoo:2	sharu:1
ਸ਼ਰੂਤੀ	shruti:3	sharootee:1	sharuti:1	shhrutee:1
ਸ਼ਰੇਆਮ	shareaam:6
ਸ਼ਰੇਣੀ	shareni:2	sharenne:1
ਸ਼ਰੇਣੀਆਂ	shareneyan:1	shareniaan:1	sharenneaan:1
ਸ਼ਰੋਤਿਆਂ	sharotiaan:2	sharotean:1	sharotian:1
ਸ਼ਰ੍ਹੇਆਮ	shareaam:1	sharehaam:1	shrehaam:1
ਸ਼ਲਗਮ	shalgam:2	salagam:1
ਸ਼ਲਾਘਾ	shalagha:3
ਸ਼ਲਾਘਾਯੋਗ	shalaghayog:2	shalaaghayog:1
ਸ਼ਲੋਕ	shalok:3	shlok:1
ਸ਼ਲੋਕਾਂ	shalokan:2	shalokaan:1
ਸ਼ਵਸਨ	shavasan:2	savasan:1	shavsan:1
ਸ਼ਵਾਲ	shavaal:1	shaval:1	shwaal:1
ਸ਼ਵਿੰਦਰ	shavinder:1	shawindar:1	shawinder:1
ਸ਼ਸਤਰ	shastar:3
ਸ਼ਸਤਰਧਾਰੀ	shastardhari:2	shahstardhari:1
ਸ਼ਸਤਰਬੰਦ	shastarband:2	shastarbandh:1
ਸ਼ਸਤਰਾਂ	shastaraan:1	shastraan:1	shastran:1
ਸ਼ਸਤ੍ਰ	shastra:2	shastr:1
ਸ਼ਸ਼ਤਰ	shashtar:2	shashatar:1
ਸ਼ਸ਼ੀ	shashi:4	sashi:1	sashii:1	sasi:1
ਸ਼ਸ਼ੋਭਤ	shashobhat:3
ਸ਼ਹਰ	shahar:3	shehar:2
ਸ਼ਹਰਯਾਰ	shaharyar:2	sheharyar:1
ਸ਼ਹਾਦਤ	shahaadat:2	shahadat:2
ਸ਼ਹਾਦਤਾਂ	shahaadataan:1	shahadatan:1	shahadtaan:1	shahadtan:1
ਸ਼ਹਾਬ	shahaab:2	shahab:1
ਸ਼ਹਾਬੁਦੀਨ	shahabudeen:2	shahabudin:2
ਸ਼ਹਿ	shahi:3	sheh:1
ਸ਼ਹਿਜ਼ਾਦ	sahzad:1	sehzad:1	shahizaad:1	shehzad:1
ਸ਼ਹਿਜ਼ਾਦਾ	sahzada:1	sehzada:1	shahizada:1	shehzada:1
ਸ਼ਹਿਜ਼ਾਦੀ	sehzadi:1	shahizaadi:1	shahizadi:1
ਸ਼ਹਿਜ਼ਾਦੇ	shahizaade:2	sehzade:1
ਸ਼ਹਿਜਾਦ	sahjaad:1	sehjaad:1	shahijaad:1	shehzad:1
ਸ਼ਹਿਣਾ	shahina:2	sehenna:1	sehina:1
ਸ਼ਹਿਤੂਤ	sehtoot:1	sehtut:1	shahitoot:1	shahitut:1
ਸ਼ਹਿਦੀ	shahidi:3	sehdi:1
ਸ਼ਹਿਨਸ਼ਾਹ	shahinshah:3	sahinshaah:1	sahinshah:1	sehinshah:1
ਸ਼ਹਿਨਾਈ	sehnayi:1	shahinaai:1	shahinai:1	shehnai:1
ਸ਼ਹਿਨਾਈਆਂ	sahinaatiaan:1	sehnayian:1	shahinaian:1
ਸ਼ਹਿਬਾਜ਼	shahibaz:2	sahbaz:1	sehbaz:1
ਸ਼ਹਿਰ	shahir:10
ਸ਼ਹਿਰਯਾਰ	shahiryaar:3	shahiryar:1
ਸ਼ਹਿਰੀ	shahiri:3	shahiree:1
ਸ਼ਹਿਰੀਆਂ	shahiriaan:2	shahirian:1	shahiriyaan:1
ਸ਼ਹਿਰੀਕਰਣ	shahirikaran:3
ਸ਼ਹਿਰੀਕਰਨ	shahirikaran:2	shahireekaran:1
ਸ਼ਹੀਦ	shaheed:7	shahid:2
ਸ਼ਹੀਦਾਂ	shahidan:2	shaheedan:1
ਸ਼ਹੀਦੀ	shahidi:4	shaheedi:1
ਸ਼ਹੀਦੀਆਂ	shahidiaan:5	shaheedian:2	shahidiyaan:2
ਸ਼ਹੁ	shahu:4	shoh:1
ਸ਼ਾ	sha:2	shaa:1
ਸ਼ਾਂਤ	shant:4	sant:1	shaant:1
ਸ਼ਾਂਤਨੁ	shantanu:3
ਸ਼ਾਂਤਮਈ	shaantmaee:2	shantamay:2	shantimai:1	shantmai:1
ਸ਼ਾਂਤਾ	shanta:2	shaanta:1
ਸ਼ਾਂਤੀ	shanti:3	shantee:1
ਸ਼ਾਂਤੀਨਿਕੇਤਨ	shantiniketan:2	shanteeniketan:1
ਸ਼ਾਂਤੀਪੂਰਣ	shantipuran:2	shanteepooran:1
ਸ਼ਾਂਤੀਪੂਰਨ	shantipuran:2	shanteepooran:1
ਸ਼ਾਂਤੀਪੂਰਵਕ	shantipurvak:2	shanteepoorvak:1
ਸ਼ਾਇਆ	sayia:1	shaaiaa:1	shayia:1
ਸ਼ਾਇਦ	shayid:3	shaaid:2	shayed:2	said:1
ਸ਼ਾਇਰ	shayir:3	shaair:2	shair:1	shayer:1
ਸ਼ਾਇਰਾ	shaairaa:1	shaira:1	shayera:1
ਸ਼ਾਇਰਾਂ	shaairaan:1	shairan:1	shayeran:1
ਸ਼ਾਇਰਾਨਾ	shaairaanaa:1	shairana:1	shayerana:1
ਸ਼ਾਇਰੀ	shayiri:3	shaairee:2	shairi:1
ਸ਼ਾਈ	shaee:2	shayi:1
ਸ਼ਾਕਾਹਾਰੀ	shakahari:2	shaakaahaaree:1
ਸ਼ਾਕਿਰ	shaakir:2	shakir:1
ਸ਼ਾਖ	shakh:2	shaakh:1
ਸ਼ਾਖ਼	shakh:2	shaakh:1
ਸ਼ਾਖ਼ਾ	shakha:2	sakha:1	shaakhaa:1	shakhaa:1
ਸ਼ਾਖ਼ਾਂ	sakhan:1	shaakhaan:1	shakhan:1
ਸ਼ਾਖ਼ਾਵਾਂ	sakhavan:1	shaakhaawaan:1	shakhavan:1
ਸ਼ਾਖਾ	shakha:3	shaakhaa:1
ਸ਼ਾਖਾਵਾਂ	sakhavan:1	shaakhaawaan:1	shakhavaan:1	shakhavan:1
ਸ਼ਾਗਿਰਦ	shagirad:2	shaagird:1
ਸ਼ਾਗਿਰਦੀ	shaagirdee:1	shagiradi:1	shagirdi:1
ਸ਼ਾਜ਼ੀਆ	saajiya:1	shazia:1	shaziaa:1
ਸ਼ਾਟ	shaat:7	shat:3	shot:3	saat:1
ਸ਼ਾਟਪੁੱਟ	shatputt:2	shotput:2
ਸ਼ਾਤ	shaat:2	sant:1
ਸ਼ਾਤਰ	shaatar:2	saatar:1
ਸ਼ਾਦ	shaad:3	sad:1
ਸ਼ਾਦੀ	sadi:1	shadee:1	shadi:1
ਸ਼ਾਦੀਆਂ	sadian:1	sadiyan:1	shadeeaan:1	shadiaan:1
ਸ਼ਾਦੀਸ਼ੁਦਾ	sadishuda:1	shadeeshudaa:1	shadishuda:1
ਸ਼ਾਨ	shaan:10	saun:1	shaun:1	shhaun:1
ਸ਼ਾਨਦਾਰ	shaandaar:4	shaandar:2	shandar:1
ਸ਼ਾਨੋ	shano:5
ਸ਼ਾਪ	shaap:3	shop:1
ਸ਼ਾਬਦਿਕ	shabdik:3
ਸ਼ਾਮ	sham:5	shaam:3	shyam:1
ਸ਼ਾਮਚੁਰਾਸੀ	shamchurasi:3	shyamchurasi:1
ਸ਼ਾਮਲ	shamal:5	shaaml:1
ਸ਼ਾਮਿਆਨੇ	shamiaane:3	shamiyaane:1
ਸ਼ਾਮਿਲ	shamil:5	shiamal:1	shimal:1
ਸ਼ਾਮੀ	shami:3	shaami:1
ਸ਼ਾਮੂ	shamu:3
ਸ਼ਾਰਕ	shark:2	sharak:1
ਸ਼ਾਰਜਾਹ	sharjah:3	sarjah:1	sarzah:1	sharzah:1
ਸ਼ਾਰਟ	short:6	shart:5
ਸ਼ਾਰਦਾ	sharda:5	sarda:2	shharda:2
ਸ਼ਾਰਲਟ	sharlat:3	shirt:1	shorlet:1
ਸ਼ਾਰਾਬ	sharab:2	sharaab:1
ਸ਼ਾਲ	shaal:3
ਸ਼ਾਲਾਮਾਰ	shalamar:3
ਸ਼ਾਲਿਨੀ	shalini:3
ਸ਼ਾਲੀ	shaali:2	shali:2
ਸ਼ਾਲੀਮਾਰ	shalimar:4	saleemar:1	saliimar:1	salimar:1
ਸ਼ਾਸਕ	shasak:2	shaask:1
ਸ਼ਾਸਕਾਂ	shaaskaan:1	shasakan:1	shaska:1
ਸ਼ਾਸਕੀ	shaaskee:1	shasaki:1	shaski:1
ਸ਼ਾਸਤ	shasat:2	shaasat:1
ਸ਼ਾਸਤਰ	shasatar:2	shaastar:1	shastar:1
ਸ਼ਾਸਤਰਾਂ	shaastraan:1	shastaran:1	shastran:1
ਸ਼ਾਸਤਰਾਰਥ	shaastaraaarath:1	shasatararth:1	shasatrarath:1
ਸ਼ਾਸਤਰੀ	shastri:3	saastree:1	saastri:1	sastri:1
ਸ਼ਾਸਤਰੀਆਂ	shaastreeaan:1	shastariaan:1	shastriaan:1	shastrian:1
ਸ਼ਾਸਤ੍ਰ	shaastra:1	shastar:1	shastr:1	shsatr:1
ਸ਼ਾਸਨ	shasan:2	shaasan:1
ਸ਼ਾਸਨਕਾਲ	shasankal:2	shaasankaal:1	shasanqal:1
ਸ਼ਾਸ਼ਕ	shashak:2	shaashak:1
ਸ਼ਾਸ਼ਕਾਂ	shashakan:2	shaashkaan:1
ਸ਼ਾਸ਼ਤ	shashat:2	shaashat:1
ਸ਼ਾਸ਼ਤਰ	shashatar:2	shaashtar:1	shashtar:1
ਸ਼ਾਸ਼ਤਰਾਂ	shashataran:2	shaashtraan:1	shashtaran:1
ਸ਼ਾਸ਼ਤਰੀ	shaashtaree:1	shashtari:1	shashtri:1
ਸ਼ਾਸ਼ਤਰੀਆਂ	shaashtreeaan:1	shashtariaan:1	shashtarian:1
ਸ਼ਾਸ਼ਤ੍ਰ	shashatr:1	shashtar:1	shashtr:1	shashtra:1
ਸ਼ਾਸ਼ਨ	shashan:3
ਸ਼ਾਸਿਤ	shasit:2	shaasit:1
ਸ਼ਾਹ	shaah:3	shah:2	shahid:1
ਸ਼ਾਹਕਾਰ	shaahkaar:2	shahakar:1
ਸ਼ਾਹਜਹਾਂ	shaahjahaan:1	shaahjhaan:1	shahajahan:1
ਸ਼ਾਹਜਹਾਨ	shaahjhaan:1	shahajahan:1	shahajhaan:1
ਸ਼ਾਹਦਰਾ	shaahdraa:1	shahadara:1	shahdaraa:1
ਸ਼ਾਹਪੁਰ	shahpur:2	shaahpur:1
ਸ਼ਾਹਬਾਜ਼	shahbaz:3	sahbaj:1	sahbaz:1	shaahbaaz:1
ਸ਼ਾਹਬਾਦ	shahbad:2	shaahbaad:1
ਸ਼ਾਹਰਾਹ	shahrah:2	shaahraah:1
ਸ਼ਾਹਰੁਖ	shahrukh:3	shaahruk:1	shakrukh:1
ਸ਼ਾਹਰੁੱਖ਼	shahrukkh:2	shaahrukkh:1	shahrukhh:1
ਸ਼ਾਹਸਵਾਰ	shaahanwar:1	shaahaswaar:1	shahasvar:1	shahaswar:1
ਸ਼ਾਹਾਂ	shaaha:1	shaahaan:1	shahaan:1
ਸ਼ਾਹਿਦ	shahid:4	shaahid:2	saahid:1	sahid:1
ਸ਼ਾਹੀ	shahi:2	shaahee:1	shahhi:1
ਸ਼ਾਹੀਨ	shaaheen:1	shahhen:1	shahhin:1	shahin:1
ਸ਼ਾਹੂ	shaahoo:1	shaahu:1	shahhu:1	shahu:1
ਸ਼ਾਹੂਕਾਰ	shahukar:2	shaahookaar:1	shahukaar:1
ਸ਼ਾਹੂਕਾਰਾਂ	shahukaran:2	shaahookaaraan:1
ਸ਼ਿਆਓਮੀ	seyeomi:1	shiaaumi:1	shiaomi:1
ਸ਼ਿਆਮ	shiaam:2	shhyaam:1	shhyam:1	shiam:1
ਸ਼ਿਕਨ	shikan:3
ਸ਼ਿਕਰਾ	shikra:3	shikara:1
ਸ਼ਿਕਰੇ	shikre:3	shikare:1
ਸ਼ਿਕਲੀਗਰ	shikaligar:1	shikaligarh:1	shikligar:1
ਸ਼ਿਕਵਾ	shikva:2	shikava:1	shikawa:1	sikava:1
ਸ਼ਿਕਸਤ	shiksat:4
ਸ਼ਿਕਸ਼ਤ	shikshat:3
ਸ਼ਿਕਾਇਤ	shikait:5	shikayat:3	shikaait:1	shikaet:1
ਸ਼ਿਕਾਇਤਾਂ	shikaaitan:2	shikaitan:2	shikaaitaan:1	shiqaitan:1
ਸ਼ਿਕਾਗੋ	chicago:4
ਸ਼ਿਕਾਰ	shikar:4	shikaar:2	shiqar:1	sikar:1
ਸ਼ਿਕਾਰਗਾਹ	shikaargaah:1	shikargah:1	shikarshah:1	shiqargarh:1
ਸ਼ਿਕਾਰਪੁਰ	shikarpur:2	shikaarpur:1
ਸ਼ਿਕਾਰੀ	shikari:3	shikaaree:2	shiqari:1	sikari:1
ਸ਼ਿਕਾਰੀਆਂ	shikariaan:2	shikaareean:1	shikariyaan:1	shiqariaan:1
ਸ਼ਿਕੋਹ	shikoh:2	hsikoh:1	shoqoh:1
ਸ਼ਿਕੰਜਵੀ	shikanjvi:2	shikanjavi:1	shikanjawi:1	shiqanjavi:1
ਸ਼ਿਖਰ	shikhar:3
ਸ਼ਿਖ਼ਰ	shikhar:3
ਸ਼ਿਖਾ	shikha:2	sikha:1
ਸ਼ਿਨਜਿਆਂਗ	shinjiang:3	shinjiyaang:2	shinajiang:1
ਸ਼ਿਫਟ	shhift:1	shift:1	shiphata:1	shipht:1
ਸ਼ਿਬਲੀ	shibali:3
ਸ਼ਿਮਲਾ	shimla:6	shhimla:1	shhimlaa:1	shimlaa:1
ਸ਼ਿਮੋਗਾ	shimoga:3
ਸ਼ਿਰਕਤ	sirkat:2	shirakat:1	shirkat:1	sirakat:1
ਸ਼ਿਰੀ	shiri:2	shiree:1	shri:1
ਸ਼ਿਰੀਲੰਕਾ	srilanka:3
ਸ਼ਿਰੀਸ਼	shireesh:1	shirish:1	sirish:1
ਸ਼ਿਰੋਮਣੀ	shiromani:4
ਸ਼ਿਲਪ	shilap:3
ਸ਼ਿਲਪਕਲਾ	shilapkala:3
ਸ਼ਿਲਪਕਾਰ	shilapkar:3
ਸ਼ਿਲਪਕਾਰੀ	shilapkari:3
ਸ਼ਿਲਪਾ	shilpa:5	shhilpaa:1	shilpaa:1	silpa:1
ਸ਼ਿਲਪੀ	shilpi:2	shilapi:1
ਸ਼ਿਲਾ	shila:3	sheela:1
ਸ਼ਿਲਾਲੇਖ	shilalekh:3
ਸ਼ਿਵ	shiv:6	shiva:3	shhiv:2	shiw:2
ਸ਼ਿਵਗੰਗਾ	shivgangaa:2	shivganga:1
ਸ਼ਿਵਜੀ	shivji:3
ਸ਼ਿਵਪੁਰੀ	shivpuri:3
ਸ਼ਿਵਰਾਜ	shivraj:5
ਸ਼ਿਵਰਾਤਰੀ	shivratari:3
ਸ਼ਿਵਲਿੰਗ	shivling:3
ਸ਼ਿਵਾ	shiva:4
ਸ਼ਿਵਾਜੀ	shivaji:4	shhivajee:1	shhivaji:1	shhiwaji:1
ਸ਼ਿਵਾਨੀ	shivani:3
ਸ਼ਿਵਾਨੰਦ	shivanand:3
ਸ਼ਿਵਾਲਕ	shivalak:3
ਸ਼ਿਵਾਲਿਕ	shivalik:3
ਸ਼ਿਵਿਰ	shivir:3
ਸ਼ਿਸ਼	shish:3
ਸ਼ਿਸ਼ਟਾਚਾਰ	shishtachar:3
ਸ਼ਿਸ਼ੂ	shishu:3	shishoo:1
ਸ਼ਿੰਗਾਰ	shingar:8	shingaar:1
ਸ਼ਿੰਗਾਰਨ	shingaran:3
ਸ਼ਿੰਗਾਰੀ	shingari:2	shingaaree:1
ਸ਼ਿੰਦਾ	shinda:3
ਸ਼ਿੰਦੇ	shinde:3
ਸ਼ਿੱਪ	shipp:2	ship:1
ਸ਼ੀ	shi:2	she:1	shee:1
ਸ਼ੀਆ	shiaa:2	shiya:1
ਸ਼ੀਕੀ	shiki:2	sheeki:1
ਸ਼ੀਟ	sheet:1	shheet:1	shiit:1
ਸ਼ੀਤ	sheet:2	shit:1
ਸ਼ੀਤਲ	shital:2	sheetal:1
ਸ਼ੀਤਲਾ	sheetala:1	shitala:1	shitla:1
ਸ਼ੀਨ	shin:2	sheen:1
ਸ਼ੀਰਨੀ	shirani:2	sheerni:1
ਸ਼ੀਲ	sheel:3	shil:1
ਸ਼ੀਲਡ	shield:2	shilad:1	shild:1
ਸ਼ੀਲਾ	sheela:3	shila:2	sheelaa:1	sheila:1
ਸ਼ੀਸ਼	sheesh:2	shish:1
ਸ਼ੀਸ਼ਮ	shisham:2	sheesham:1
ਸ਼ੀਸ਼ਾ	shisha:3	sheesha:2
ਸ਼ੀਸ਼ੀ	shishi:2	sheeshi:1
ਸ਼ੀਸ਼ੀਆਂ	sheeshiyaan:1	shishiaan:1	shishiyan:1
ਸ਼ੀਸ਼ੇ	sheeshe:3	shishe:3
ਸ਼ੁਕਦੇਵ	shukdev:3
ਸ਼ੁਕਰ	shukar:8
ਸ਼ੁਕਰਵਾਰ	shukarvar:2	shukarwar:2
ਸ਼ੁਕਲ	shukal:3
ਸ਼ੁਕਲਾ	shukla:3
ਸ਼ੁਕੀਨ	shukeen:2	shukin:1
ਸ਼ੁਕੀਨਣ	shukinan:3	shukeenann:1
ਸ਼ੁਕੀਨੀ	shukini:3
ਸ਼ੁਗਲ	shugal:3
ਸ਼ੁਜਾਹ	shujaah:2	shujah:1
ਸ਼ੁਤਰਾਣਾ	shutaraana:1	shutarana:1	shutranna:1
ਸ਼ੁਦ	shud:3
ਸ਼ੁਦਾ	shuda:2	shudaa:1
ਸ਼ੁਦਾਈ	shudaaee:2	shudai:1
ਸ਼ੁਬਾ	shuba:3
ਸ਼ੁਭ	shubh:3
ਸ਼ੁਭਕਾਮਨਾ	shubhkamna:2	subhakamana:1
ਸ਼ੁਭਚਿੰਤਕਾਂ	shubhachintakan:1	shubhchintakaan:1	shubhchintakan:1
ਸ਼ੁਭਾ	shubha:3
ਸ਼ੁਮਾਰ	shumar:3
ਸ਼ੁਰੁ	shuru:3
ਸ਼ੁਰੁਆਤ	shuruaat:1	shuruat:1	shuruyat:1
ਸ਼ੁਰੁਆਤੀ	shuruaati:1	shuruati:1	shuruyati:1
ਸ਼ੁਰੂ	shuru:9	shuroo:2
ਸ਼ੁਰੂਆਤ	shuruaat:3	shuruat:2	shuruyat:2	shuruwat:1
ਸ਼ੁਰੂਆਤੀ	shuruaati:1	shuruati:1	shuruyati:1
ਸ਼ੁਰੂਵਾਤ	shuruvaat:3
ਸ਼ੁਲਕ	shulak:3
ਸ਼ੁਹਰਤ	shuharat:2	shuhrat:1
ਸ਼ੁੱਕਰ	shukkar:4
ਸ਼ੁੱਕਰਵਾਰ	shukkarwar:2	sukkarvar:2	shukkarvar:1	sukarwar:1
ਸ਼ੁੱਧਤਾ	shudhata:2	shuddhata:1
ਸ਼ੁੱਧੀ	shuddhi:1	shudhdhee:1	shudhee:1	shudhi:1
ਸ਼ੁੱਧੀਕਰਣ	shudhdheekaran:1	shudhikaran:1	shudhikarann:1
ਸ਼ੁੱਭ	shubbh:3
ਸ਼ੂ	shoe:2	shu:2
ਸ਼ੂਕਦੇ	shukade:2	shookde:1	shukde:1
ਸ਼ੂਗਰ	sugar:3	shoogar:1	shugar:1
ਸ਼ੂਟ	shoot:5	shut:2	shhoot:1	soot:1
ਸ਼ੂਟਰ	shooter:3
ਸ਼ੂਟਿੰਗ	shooting:4	shuting:1	shuuting:1
ਸ਼ੂਦਰ	shoodar:1	shudar:1	shudur:1
ਸ਼ੂਰੁ	shuru:3
ਸ਼ੇ	she:2	shay:1	shey:1
ਸ਼ੇਅਰ	share:2	shear:1
ਸ਼ੇਕ	shake:2	shek:1
ਸ਼ੇਕਸਪੀਅਰ	shakespeare:3	shekaspeear:1
ਸ਼ੇਖ	shekh:6	seikh:1	sheikh:1
ਸ਼ੇਖਰ	shekhar:5	sekhar:1	sheekhar:1	sheqhar:1
ਸ਼ੇਖਾਵਤ	shekhawat:2	shekhavat:1
ਸ਼ੇਖੀ	shekhi:3
ਸ਼ੇਖੂ	shekhu:3
ਸ਼ੇਖੂਪੁਰ	shekhupur:3
ਸ਼ੇਖੂਪੁਰਾ	shekhupura:3
ਸ਼ੇਨ	shane:2	shen:2	sen:1	senn:1
ਸ਼ੇਫਾਲੀ	shefali:3
ਸ਼ੇਰ	sher:10	car:1	ceer:1	cer:1
ਸ਼ੇਰਗਿੱਲ	shergill:4	shergil:1
ਸ਼ੇਰਗੜ੍ਹ	shergarh:3	shergadh:1
ਸ਼ੇਰਨੀ	sherni:4
ਸ਼ੇਰਪਾ	sherpa:3
ਸ਼ੇਰਵਾਨੀ	shervani:2	shervanee:1	sherwani:1
ਸ਼ੇਰਸ਼ਾਹ	shershah:3
ਸ਼ੇਰਾਵਤ	sherawat:3	sheravat:2
ਸ਼ੇਰੀ	sheri:3	sheree:1
ਸ਼ੇਰੇ	shere:3
ਸ਼ੇਰੋਂ	sheron:6	sheraun:2
ਸ਼ੇਲੀ	sheli:3	shelee:1
ਸ਼ੇਵ	shev:3
ਸ਼ੈ	shaa:1	shaay:1	shai:1	shei:1
ਸ਼ੈਆਂ	saayan:1	shaayan:1	shaiaan:1	sheaan:1
ਸ਼ੈਕਸਪੀਅਰ	shakespear:3
ਸ਼ੈਟੀ	senti:1	shaiti:1	sheti:1	shetti:1
ਸ਼ੈਡੋ	shadow:3	saddo:1	sadoow:1	sadou:1
ਸ਼ੈਤਾਨ	shetan:4	shaitan:2
ਸ਼ੈਨਨ	schenan:1	shaenan:1	shainan:1	shenan:1
ਸ਼ੈਰਨ	shairan:2	saran:1	sharan:1	sharon:1
ਸ਼ੈਰੀ	shairi:2	sherry:2	serri:1	serry:1
ਸ਼ੈਲ	shell:2	shel:1
ਸ਼ੈਲਜਾ	shailaja:2	shailja:1
ਸ਼ੈਲੀ	shaili:1	shaly:1	sheli:1
ਸ਼ੈਲੀਕਾਰ	shailikar:1	shelikar:1	shelykar:1
ਸ਼ੈਲੀਗਤ	sheligat:2	shailigat:1
ਸ਼ੈਲੇ	shaile:2	shele:1
ਸ਼ੈਲੇਂਦਰ	sailander:1	shailendar:1	shelender:1
ਸ਼ੈਲੇਸ਼	shailesh:2	shellesh:1
ਸ਼ੈੱਟੀ	senti:1	shaitti:1	sheti:1
ਸ਼ੈੱਲ	shell:4	shael:1	shal:1	shall:1
ਸ਼ੋ	sho:3	show:1
ਸ਼ੋਂਕ	shonk:4	shaunk:2	shounk:2
ਸ਼ੋਇਬ	shoib:3	shhoaeb:1	shhoaib:1	shhoib:1
ਸ਼ੋਏਬ	shoaib:2	shoyeb:1
ਸ਼ੋਕ	shok:4
ਸ਼ੋਧ	shodh:3
ਸ਼ੋਭ	shobh:3
ਸ਼ੋਭਨਾ	shobana:1	shobhna:1	shobna:1
ਸ਼ੋਭਾ	shobha:3
ਸ਼ੋਮਣੀ	shomani:3
ਸ਼ੋਮਾ	shoma:3
ਸ਼ੋਰ	shor:2	shore:1
ਸ਼ੋਰੀ	shori:2	shoree:1
ਸ਼ੋਲਾਪੁਰ	sholapur:3
ਸ਼ੋਲੇ	sholay:4	shole:1	shoule:1
ਸ਼ੋਸਣ	shosan:3
ਸ਼ੋਸ਼ਕ	shoshak:3
ਸ਼ੋਸ਼ਣ	shoshan:3
ਸ਼ੋਸ਼ਨ	shoshan:3
ਸ਼ੋਸ਼ਲ	social:2	shoshal:1
ਸ਼ੋਸ਼ਿਤ	shoshit:3
ਸ਼ੋਹਰਤ	shohrat:2	shoharat:1
ਸ਼ੌਂਕ	shaunk:4	shounk:2
ਸ਼ੌਕ	shauk:2	shaunk:2	shounk:2	sauk:1
ਸ਼ੌਕਤ	shaukat:2	shaunkat:1	shounkat:1
ਸ਼ੌਕਾਂ	saukan:1	shaukan:1	shaunka:1	shounka:1
ਸ਼ੌਕੀਆ	shaukia:1	shaukiya:1	shaunkia:1	shounkia:1
ਸ਼ੌਕੀਆਂ	shaukian:1	shaukiyaan:1	shaunkian:1	shounkian:1
ਸ਼ੌਕੀਨ	shaukeen:2	shaunkeen:1	shounkeen:1
ਸ਼ੌਕੀਨਾਂ	shaukeenan:1	shaukinan:1	shaunkina:1	shounkina:1
ਸ਼ੌਰਿਆ	shauria:1	shauriaa:1	shauriya:1	shouria:1
ਸ਼ੌਹਰਤ	shauhrat:2	shoharat:1	shohrat:1	shouhrat:1
ਸ਼੍ਰਵਣ	shravan:3	sharavan:1
ਸ਼੍ਰਿਸਟੀ	shristi:2	shrisati:1
ਸ਼੍ਰਿਸ਼ਟੀ	shrishti:2	shrishati:1
ਸ਼੍ਰੀ	shri:3	shree:1
ਸ਼੍ਰੀਕਾਂਤ	shrikant:4	shreekant:2
ਸ਼੍ਰੀਚੰਦ	shrichand:2	shreechand:1
ਸ਼੍ਰੀਦੇਵੀ	shridevi:3	shreedevee:2	shreedevi:1	shridewi:1
ਸ਼੍ਰੀਧਰਨ	shridharan:2	shreedharan:1
ਸ਼੍ਰੀਮਤੀ	shrimati:4	shreematee:2
ਸ਼੍ਰੀਮਦ	shrimad:3	shreemad:2	shhreemad:1	shhrimad:1
ਸ਼੍ਰੀਰਾਮ	shriram:2	shreeraam:1
ਸ਼੍ਰੀਲੰਕਾ	shrilanka:2	shreelankaa:1	srilanka:1
ਸ਼੍ਰੇਣਿਆਂ	shreniaan:3	shreniyaan:1
ਸ਼੍ਰੇਣੀ	shreni:8
ਸ਼੍ਰੇਣੀਆਂ	shraniyaa:1	shreneeaan:1	shreniaan:1
ਸ਼੍ਰੇਣੀਬੱਧ	shreneebadhdh:1	shrenibaddh:1	shrnibaddh:1
ਸ਼੍ਰੇਸ਼ਟ	shreshat:2	shresht:1
ਸ਼੍ਰੇਸ਼ਠ	shreshath:2	shreshth:1
ਸ਼੍ਰੋਮਣੀ	shromani:2	shramani:1
ਸ਼ੰਕ	shank:3
ਸ਼ੰਕਰ	shankar:3	sankar:1	shakara:1	shanker:1
ਸ਼ੰਕਰਾਚਾਰੀਆ	shankaracharia:1	shankarachariya:1	shankercharia:1	shankrachariaa:1
ਸ਼ੰਕਰਾਨੰਦ	shankaranand:2	shankranand:2
ਸ਼ੰਕਾ	shanka:3
ਸ਼ੰਕਿਆਂ	shankian:3	shankean:1	shankiyan:1
ਸ਼ੰਖ	shankh:3
ਸ਼ੰਘਾਈ	shanghai:4	shanghaaee:1	shanghaai:1	shanghaaii:1
ਸ਼ੰਭੂ	shambhu:2	sambhu:1	shanbhu:1
ਸ਼ੱਕ	shak:2	shakk:2
ਸ਼ੱਕਰ	shakkar:3	shakar:1
ਸ਼ੱਕੀ	shakki:3	shaki:1
ਸ਼ੱਕੀਆਂ	shakkian:2	shakian:1
ਸ਼ੱਤਾਰੀ	shatari:1	shattari:1	shhatari:1
ਸਾ	saa:7	sa:1
ਸਾਂ	saan:2	san:2	saa:1
ਸਾਂਈ	sain:3	sani:3	saanyi:2
ਸਾਂਖ	sankh:2	saankh:1
ਸਾਂਗ	saang:2	sang:2	mang:1
ਸਾਂਗਾ	saanga:2	sanga:2
ਸਾਂਗੀ	saangi:2	sangi:1
ਸਾਂਚਾ	sancha:2	shancha:1
ਸਾਂਚੀ	sanchi:3
ਸਾਂਚੇ	sanche:3
ਸਾਂਝ	sanjh:4	sanjjh:1
ਸਾਂਝਾ	sanjha:3	sanjhan:1
ਸਾਂਝੀ	sanjhi:3
ਸਾਂਝੀਆਂ	sanjhiaan:1	sanjhian:1	sanjhiyan:1
ਸਾਂਝੀਵਾਲਤਾ	sanjhivalta:2	sanjhivalata:1	sanjhiwalta:1
ਸਾਂਝੇ	sanjhe:3
ਸਾਂਝੇਦਾਰ	sanjhedar:3
ਸਾਂਡਰਸ	sandras:2	sandars:1
ਸਾਂਤ	saant:1	sant:1	shant:1
ਸਾਂਤਾ	shanta:2	saanta:1
ਸਾਂਤਾਕਰੂਜ਼	saantakarooz:1	santacruz:1	shantakaruz:1
ਸਾਂਤੀ	saantee:1	saanti:1	santi:1
ਸਾਂਦਲ	saandal:2	sandal:1
ਸਾਂਦਲਬਾਰ	saandalbar:1	sandalabaar:1	sandlabar:1
ਸਾਂਬਰ	sambar:2	samber:1
ਸਾਂਬਾ	samba:5	saanba:1	shamba:1	shhamba:1
ਸਾਂਭ	saambh:10	sambh:4
ਸਾਂਭਣ	sambhan:3
ਸਾਂਭਦੇ	bhambhade:1	sambhade:1	sambhde:1
ਸਾਂਭਰ	sambhar:2	sambar:1
ਸਾਂਭਿਆ	sambhia:1	sambhiaa:1	sambhiya:1
ਸਾਂਭੀ	sambhi:4
ਸਾਂਵਲੀ	saamvali:1	sanvali:1	sanvli:1
ਸਾਂਸ	sans:3	saans:2
ਸਾਂਸਕ੍ਰਿਤਕ	sanskaritak:1	sanskrit:1	sanskritak:1
ਸਾਂਸਕ੍ਰਿਤਿਕ	sanskritik:2	sanskaritik:1
ਸਾਂਸਕ੍ਰਿਤੀਕ	sanskritik:3	sanskaritik:1
ਸਾਂਸਦ	sansad:2	sanasd:1
ਸਾਂਸਦਾਂ	sansdan:2	sansadan:1
ਸਾਂਸੀ	sansi:3
ਸਾਂਹ	sanh:3
ਸਾਅਦੀ	saadee:1	saadi:1	sayadi:1
ਸਾਇਆ	saiaa:1	sayia:1	sayina:1
ਸਾਇਕਲ	cycle:3	saaikal:1	sayikal:1
ਸਾਇਟ	site:3	saait:1	sayit:1
ਸਾਇਦ	saaid:1	sayid:1	shayid:1
ਸਾਇਪ੍ਰਸ	cyprus:2	saipras:1	sayipras:1
ਸਾਇਬਰ	cyber:3	saibar:1	sayibar:1
ਸਾਇਬੇਰੀਆ	siberia:3	saaibereeaa:1	sayiberiya:1	shhiberiya:1
ਸਾਇਮਨ	simon:2	saaiman:1	saiman:1	sayiman:1
ਸਾਇਮਾ	saaimaa:1	saima:1	sayima:1
ਸਾਇਰ	saair:1	sair:1	sayir:1
ਸਾਇਰਸ	cyrus:2	ciaras:1	ciarus:1	cieras:1
ਸਾਇਰਾ	saairaa:1	saira:1	sayera:1
ਸਾਇਸਤਗੀ	saisatagee:1	sayisatagi:1	shaistagi:1
ਸਾਇੰਟਿਫਿਕ	scientific:3	saaintific:1	sayintifik:1
ਸਾਇੰਸ	science:3	sayins:1
ਸਾਇੰਸਜ਼	saainsaz:1	sainsaz:1	sayinsaz:1
ਸਾਇੰਸਦਾਨ	saaisdaan:1	sainsdan:1	sayinsadan:1	sciencedaan:1
ਸਾਇੰਸਦਾਨਾਂ	saaincedaanaa:1	sainsdanan:1	sayinsadana:1	sciencedaanaa:1
ਸਾਈ	sai:3	saaee:1	saai:1	saaii:1
ਸਾਈਂ	sayin:2	saaee:1	saaeen:1	saayin:1
ਸਾਈਆਂ	saaeeaan:1	saeeaan:1	sayiyan:1
ਸਾਈਕਲ	saaeekal:1	saeekal:1	saeeqal:1	sayikal:1
ਸਾਈਕਲਾਂ	cycalan:1	cylcleaan:1	saaiklaan:1	saeekalan:1
ਸਾਈਕਲਿੰਗ	cycling:2	saaeekling:1	saeekling:1	saeeqling:1
ਸਾਈਕਾਲੋਜੀ	psychology:2	sayikaloji:1
ਸਾਈਟ	site:3	sayit:1
ਸਾਈਟਾਂ	saaeettaan:1	sayitan:1	sitan:1
ਸਾਈਪ੍ਰਸ	cyprus:2	ciprus:1	ciprush:1	cypras:1
ਸਾਈਬਰ	cyber:4	cybar:1	saibar:1	saiber:1
ਸਾਈਬੇਰੀਆ	siberia:3	sayiberiya:1
ਸਾਈਮਨ	sayiman:2	saaeeman:1	simon:1
ਸਾਉ	saau:1	sau:1	sayu:1
ਸਾਉਣ	saaunn:1	saun:1	sayun:1
ਸਾਉਣੀ	saaunnee:1	sauni:1	sayuni:1
ਸਾਉਦੀ	saudee:1	saudi:1	sayudi:1
ਸਾਉੰਡ	shound:1	shounde:1	shund:1	sound:1
ਸਾਊ	sau:3	sayu:2	saau:1
ਸਾਊਂਡ	sound:3	saaoundd:1	sayund:1
ਸਾਊਥਾਲ	southal:2	saauthhaal:1	sayuthal:1	shhouthal:1
ਸਾਊਦ	saod:1	saud:1	shaod:1	shaud:1
ਸਾਊਦੀ	saudee:2	saudi:2	sayudi:2	soudi:2
ਸਾਏ	saaye:2	sae:1
ਸਾਓ	saao:1	saaoo:1	saau:1	sao:1
ਸਾਕ	saak:7	sock:1	socq:1
ਸਾਕਸ਼ਾਤ	saakshaat:1	sakashat:1	sakshat:1
ਸਾਕਸ਼ੀ	saakshee:1	sakashi:1	sakhshee:1	sakhshi:1
ਸਾਕਾ	saka:2	saakaa:1
ਸਾਕਾਰ	saakaar:1	saakar:1	sakar:1
ਸਾਕਿਆਂ	saakiaan:2	sakeyan:1
ਸਾਕਿਬ	saakib:2	sakib:2
ਸਾਕੀ	saki:2	saakee:1	saaki:1
ਸਾਕੇ	saake:2	sake:1
ਸਾਖ	saakh:4	sakh:1
ਸਾਖਰਤਾ	saakhartaa:1	sakharata:1	sakharta:1
ਸਾਖਸ਼ਾਤ	saakhshaat:1	sakhashat:1	sakhshat:1
ਸਾਖ਼	saakh:2	sakh:1
ਸਾਖਾ	sakha:2	saakhaa:1
ਸਾਖਾਵਾਂ	sakhavan:3	saakhaawaan:1
ਸਾਖਿਆਤ	saakhiaat:2	sakheyat:1
ਸਾਖੀ	saakhi:2	saakhee:1	sakhi:1
ਸਾਖੀਆਂ	saakheeaan:1	sakhiaan:1	sakhiyan:1
ਸਾਖੀਕਾਰ	sakhikar:2	saakheekaar:1	shaakhikaar:1
ਸਾਗ	saag:5
ਸਾਗਰ	sagar:6	saagar:1	shagar:1
ਸਾਗਰਿਕਾ	saagrikaa:1	sagarika:1	sagrika:1
ਸਾਚੀ	saachi:1	sacha:1	sachee:1	sachi:1
ਸਾਜ	saaj:7	saj:1
ਸਾਜਣ	saajan:2	sajan:1	sajann:1
ਸਾਜਨ	saajan:6	sajan:1
ਸਾਜਨਾ	saajnaa:1	sajana:1	sajna:1
ਸਾਜ਼	saaz:3	saz:1
ਸਾਜ਼ਸ਼	saazash:1	sajash:1	sazash:1
ਸਾਜ਼ਸ਼ਾਂ	saajshan:1	saazshaan:1	sajashan:1	sazashan:1
ਸਾਜ਼ਾਂ	sazan:2	saazaan:1
ਸਾਜ਼ਿਸ	saazis:2	sazis:2
ਸਾਜ਼ਿਸ਼	saazish:3	saajish:2	sazish:2	sajish:1
ਸਾਜ਼ਿਸ਼ਾਂ	sazishan:2	sajishaan:1
ਸਾਜ਼ਿੰਦਿਆਂ	sazindian:2	sazindiaan:1
ਸਾਜ਼ਿੰਦੇ	saajinde:1	saazinde:1	sajinde:1	sazinde:1
ਸਾਜ਼ੀਆ	sazia:1	saziaa:1	saziya:1
ਸਾਜ਼ੋ	saajo:1	saazo:1	sajo:1	sazo:1
ਸਾਜਿਦ	sajid:2	saajid:1
ਸਾਜਿਸ਼	saajish:3	sajish:3
ਸਾਜੀ	saaji:3	sajee:1	saji:1
ਸਾਝਾਂ	saajhan:1	sanjan:1	sanjhan:1
ਸਾਡਾ	saada:2	saadaa:1
ਸਾਡੀ	saadi:4	saadee:1
ਸਾਡੀਆਂ	saadeean:2	saadiaan:2	saadian:2	saadiyaan:1
ਸਾਡੇ	saade:3
ਸਾਢੇ	saadhe:2	saadde:1	sadde:1
ਸਾਤ	saat:4
ਸਾਤਵਿਕ	saatvik:2	saatwik:1	satwik:1
ਸਾਥ	saath:8	sath:1
ਸਾਥਿ	saathi:2	sathi:1
ਸਾਥੀ	sathi:10	saathi:6	saathee:1
ਸਾਥੀਆ	saatheeaa:1	sathia:1	sathiya:1
ਸਾਥੀਆਂ	saathiaan:1	satheaan:1	sathian:1
ਸਾਥੋਂ	sathon:3	saathon:1
ਸਾਦ	saad:5
ਸਾਦਗੀ	saadagi:1	saadgee:1	sadagi:1
ਸਾਦਾ	sada:2	saada:1
ਸਾਦਿਕ	sadik:3	saadik:2	saadiq:1	sadika:1
ਸਾਦੀ	saadi:1	sadee:1	sadi:1
ਸਾਦੀਆ	saadiaa:1	sadeeaa:1	sadiya:1
ਸਾਦੇ	saade:2	sade:1
ਸਾਧ	saadh:10	sadh:3	saah:1	shaadh:1
ਸਾਧਕ	sadhak:3	saadhak:1
ਸਾਧਨ	sadhan:3	saadhan:2
ਸਾਧਨਾ	sadhana:3	saadhna:1	sadhna:1
ਸਾਧਨਾਂ	sadhanan:1	sadhna:1	sadhnan:1
ਸਾਧਨਾਵਾਂ	sadhnavan:3	sadhnawan:1
ਸਾਧਾਰਣ	sadharan:3
ਸਾਧਾਰਣਤਾ	sadharanta:3
ਸਾਧਾਰਨ	sadharan:6
ਸਾਧਾਰਨਤਾ	sadharanata:2	sadharanta:2
ਸਾਧਿਆ	sadhiaa:2	sadhea:1	sadhia:1	sadhiyaa:1
ਸਾਧੀ	sadhi:5
ਸਾਧੁ	sadhu:2	saadhu:1
ਸਾਧੂ	sadhu:3	saadhu:2	saadha:1	saadhaa:1
ਸਾਧੂਆਂ	sadhuaan:2	sadhuan:1	sadhuyaan:1
ਸਾਧੇ	sadhe:2	saadhe:1
ਸਾਨ	saan:3	san:3
ਸਾਨਿਆ	saania:1	sania:1	saniya:1
ਸਾਨਿਆਲ	saniaal:2	sanial:1	saniyaal:1
ਸਾਨੀ	saani:3	sani:1
ਸਾਨੀਆ	sania:2	saniya:2
ਸਾਨੂ	saanu:3	sanu:3	sanoo:1	sanuu:1
ਸਾਨੂੰ	sanun:2	saanun:1
ਸਾਪੇਖ	sapekh:2	saapekh:1
ਸਾਪੇਖਕ	sapekhak:3
ਸਾਪੇਖਤਾ	sapekhata:3
ਸਾਫ	saaf:8
ਸਾਫਟਵੇਅਰ	software:3
ਸਾਫ਼	saaf:3
ਸਾਬ	saab:8	sab:5
ਸਾਬਕਾ	saabda:1	saabka:1	sabaka:1
ਸਾਬਣ	saban:3	saaban:1
ਸਾਬਤ	sabat:4	saabat:1
ਸਾਬਰ	sabar:2	saabar:1
ਸਾਬਰਮਤੀ	sabarmati:3
ਸਾਬਰੀ	saabri:2	sabari:1	sabree:1
ਸਾਬਾ	saba:4	saaba:1
ਸਾਬਿਤ	saabit:2	sabit:1
ਸਾਬੂ	sabu:3	saboo:1
ਸਾਬੋ	saabo:2	sabo:2
ਸਾਭ	saabh:2	sabh:2
ਸਾਭਾ	sabha:3
ਸਾਮ	saam:8	sam:7	syam:1
ਸਾਮਗਰੀ	samagari:2	samagri:2	saamagari:1
ਸਾਮਗ੍ਰੀ	samagari:1	samagri:1	samgri:1
ਸਾਮਣਾ	saamna:2	samana:2
ਸਾਮਣੇ	samane:2	saamne:1
ਸਾਮਨੇ	saamne:1	samane:1	samne:1
ਸਾਮਰਥ	samarth:2	samrth:1
ਸਾਮਰਾਜ	saamraaj:1	samraaj:1	samraj:1
ਸਾਮਰਾਜਵਾਦੀ	samrajwadi:2	samrajvaadee:1
ਸਾਮਰਾਜਾਂ	samrajan:2	samrajaan:1
ਸਾਮਰਾਜੀ	saamraji:1	samrajee:1	samraji:1
ਸਾਮਵਾਦ	samvad:2	saamvaad:1
ਸਾਮਵਾਦੀ	samvaadee:1	samvadi:1	samwadi:1
ਸਾਮਾਜਕ	samajak:2	samajk:1
ਸਾਮਾਜਿਕ	samajik:3
ਸਾਮਾਨ	saaman:2	samaan:1	saman:1
ਸਾਮਿਲ	samil:3
ਸਾਮੀ	sami:4	saami:3	samee:1	samii:1
ਸਾਮੂਹਕ	samuhak:3
ਸਾਮੂਹਿਕ	samuhik:3
ਸਾਮੰਤ	samant:3
ਸਾਮੰਤਵਾਦ	samantwad:3
ਸਾਮੰਤਵਾਦੀ	samantwadi:3
ਸਾਮੰਤਾ	saamanta:1	samanta:1	samantaa:1
ਸਾਮੱਗਰੀ	samaggari:2	samagari:1
ਸਾਰ	saar:10	sar:10
ਸਾਰਜੈਂਟ	sarjent:3	sargent:1
ਸਾਰਜੰਟ	sarjant:3
ਸਾਰਣੀ	sarani:2	saarni:1	sarni:1
ਸਾਰਤਰ	sartar:3
ਸਾਰਥਕ	sarthak:4
ਸਾਰਥਿਕ	sarthik:3
ਸਾਰਥਿਕਤਾ	sarthikta:2	sarthikata:1
ਸਾਰਥੀ	sarathi:2	sarthi:1
ਸਾਰਦਾ	sarda:3
ਸਾਰਨ	saran:3	saaran:1
ਸਾਰਨਾਥ	sarnath:3	saarnath:1
ਸਾਰਨੀ	sarani:1	sarnee:1	sarni:1
ਸਾਰਵਜਨਿਕ	saravjanik:1	sarvajanik:1	sarvjanik:1
ਸਾਰਸ	saras:3
ਸਾਰਾ	sara:6	saara:2	saaraa:1	saaraah:1
ਸਾਰਾਂਸ਼	saransh:3
ਸਾਰਾਗੜ੍ਹੀ	saragadhi:4	saragarhi:2
ਸਾਰਾਭਾਈ	sarabhai:3
ਸਾਰਾਹ	sarah:4	carah:1	sharah:1	shharah:1
ਸਾਰਿਆ	saria:1	sariaa:1	sariya:1
ਸਾਰਿਆਂ	saariaan:2	saariyaan:2	sariaan:2	sarian:2
ਸਾਰਿਕਾ	sarika:3	saarika:1
ਸਾਰੀ	sari:9	saari:6	saree:1
ਸਾਰੀਆ	saria:1	sariaa:1	sariya:1
ਸਾਰੀਆਂ	sariaan:3	saariaan:2	saariyaan:2	sarian:2
ਸਾਰੇ	sare:6	saare:5
ਸਾਰੰਗ	sarang:2	saarang:1
ਸਾਰੰਗੀ	sarangi:2	saarangi:1
ਸਾਲ	saal:10	sal:3	saul:1	shaal:1
ਸਾਲਵਾਡੋਰ	salvadoor:1	salvador:1	salvadur:1	salwadoor:1
ਸਾਲਾ	sala:6
ਸਾਲਾਂ	salan:2	salaan:1
ਸਾਲਾਨਾ	salana:3
ਸਾਲਾਹ	salah:2	saalah:1	salh:1	shalah:1
ਸਾਲੀ	saali:5	sali:3
ਸਾਲੀਆਂ	saalian:1	saliaan:1	salian:1	saliyaan:1
ਸਾਲੂ	saalu:3
ਸਾਲੇ	sale:2	saale:1
ਸਾਲੇਹ	saaleeh:1	saaleh:1	saleeh:1	saleh:1
ਸਾਵਣ	saavan:2	savan:1	sawan:1
ਸਾਵਧਾਨ	savdhan:3	saavdhan:2	savadhan:1
ਸਾਵਧਾਨੀ	savdhani:3	saavdhani:2	savadhani:1
ਸਾਵਧਾਨੀਆਂ	saavdhanian:1	saavdhaniyaan:1	savdhanian:1
ਸਾਵਨ	saavan:2	savan:1	sawan:1
ਸਾਵਰਕਰ	savarkar:3
ਸਾਵਾ	sava:2	saava:1	saavaa:1	saawaa:1
ਸਾਵਿਤਰੀ	savitari:2	saavitaree:1	savitri:1
ਸਾਵਿਤਰੀਬਾਈ	saavitareebaaee:1	savitaribayi:1	savitribai:1	savitribhai:1
ਸਾਵੀ	saavi:2	saavee:1	savi:1
ਸਾਵੀਆਂ	saavian:2	saaviyaan:1	saaviyan:1	saaweeaan:1
ਸਾਸ	saas:4	sas:1
ਸਾਸਤ੍ਰ	saasatra:1	sastar:1	sastr:1
ਸਾਸ਼ਕ	sashak:2	shaashak:1
ਸਾਸ਼ਤਰ	sashatar:2	saashtar:1
ਸਾਸ਼ਤਰੀ	sashatri:1	sashtari:1	sashtri:1
ਸਾਸ਼ਤਰੀਆਂ	saashtareeaan:1	sashtariaan:1	sashtrian:1
ਸਾਸ਼ਨ	sashan:2	saashan:1
ਸਾਸ਼ਾ	sasha:2	saashaa:1
ਸਾਹ	saah:2	sah:1
ਸਾਹਤਿਕ	saahtik:1	sahatika:1	shaahtik:1
ਸਾਹਨੀ	sahani:2	saahnee:1
ਸਾਹਨੇਵਾਲ	saahaneval:1	saahnewaal:1	sahnewal:1
ਸਾਹਨੇਵਾਲੀ	saahnewaalee:1	sahanevali:1	sahnewali:1
ਸਾਹਬ	sahab:2	saahab:1
ਸਾਹਮਣਾ	sahmana:2	saahmannaa:1
ਸਾਹਮਣੇ	sahmane:2	saahmanne:1
ਸਾਹਸ	saahas:2	sahas:1
ਸਾਹਸਿਕ	saahsik:2	sahsik:1	sahsiq:1
ਸਾਹਸੀ	saahasee:2	saahasi:2
ਸਾਹਾ	saaha:1	saahaa:1	saha:1
ਸਾਹਾਂ	sahaan:2	sahan:1
ਸਾਹਿਤ	sahit:3	saahit:1	seahat:1	seaht:1
ਸਾਹਿਤਕ	saahitak:1	sahitak:1	sahitk:1
ਸਾਹਿਤਕਤਾ	sahitakata:2	saahitaktaa:1
ਸਾਹਿਤਕਾਰ	sahitkar:3	saahitkaar:1	sahitkaar:1	saihatkar:1
ਸਾਹਿਤਕਾਰਾ	saahitkaaraa:1	sahitakara:1	sahitkara:1
ਸਾਹਿਤਕਾਰਾਂ	saahitkaaraan:1	sahitakaran:1	sahitkaran:1
ਸਾਹਿਤਯ	saahitya:1	sahetay:1	sahhetay:1	sahitaya:1
ਸਾਹਿਤਿਅਕ	saahitiaak:1	saheteyak:1	sahettaiyak:1	sahitiak:1
ਸਾਹਿਤਿਕ	saahitik:1	sahetaik:1	sahhetaik:1	sahitik:1
ਸਾਹਿਬ	sahib:4	saahib:2	saheb:1
ਸਾਹਿਬਜ਼ਾਦਾ	sahibzada:2	saahibzaadaa:1	sahibjada:1
ਸਾਹਿਬਜ਼ਾਦਿਆਂ	saahibzaadiaan:1	sahebzadeya:1	sahibzadeya:1	sahibzadian:1
ਸਾਹਿਬਜ਼ਾਦੇ	sahibzade:2	saahibzaade:1	sahebzade:1
ਸਾਹਿਬਜਾਦਾ	sahibjada:2	saahibjaadaa:1	sahebjada:1
ਸਾਹਿਬਾ	sahiba:2	saahibaa:1	saheba:1
ਸਾਹਿਬਾਂ	saahibaan:1	sahebaa:1	saheban:1	sahiban:1
ਸਾਹਿਬਾਂਨ	saahibaan:1	sahebaan:1	saheban:1	sahibaan:1
ਸਾਹਿਬਾਨ	saahibaan:1	sahebaan:1	saheban:1	sahiban:1
ਸਾਹਿਬਾਨਾਂ	saahibaanaan:1	sahebana:1	sahibana:1	sahibanaan:1
ਸਾਹਿਰ	saahir:1	sahair:1	saher:1	sahir:1
ਸਾਹਿਲ	sahil:5	saahil:1	sahel:1	sahila:1
ਸਾਹਿੱਤ	saahitt:1	sahiit:1	sahitt:1
ਸਾਹਿੱਤਕਾਰ	saahittkaar:1	sahittakar:1	sahittkar:1
ਸਾਹੀ	saahee:1	sahee:1	sahhi:1	sahi:1
ਸਾਹੀਵਾਲ	saahiwaal:2	sahivaal:2	sahival:2	saahiiwaal:1
ਸਾਹੂ	sahu:2	saahoo:1	saahu:1
ਸਾਹੂਕਾਰ	sahukar:2	saahookaar:1	saahukar:1	shahukar:1
ਸਾਹੇ	saahe:2	sahe:1
ਸਾੜ	saad:2	saar:2	saada:1	saadh:1
ਸਾੜਣ	saadan:1	saadann:1	saarann:1	saarhan:1
ਸਾੜਦੇ	saadade:1	saarade:1	sadde:1	sadhde:1
ਸਾੜਨ	saadan:3	saaran:2	sadan:1	sadhan:1
ਸਾੜਨਾ	saadanaa:1	saadna:1	saaranaa:1	saarhna:1
ਸਾੜਿਆ	saadeya:1	saadiaa:1	sadeya:1	sareya:1
ਸਾੜਿਆਂ	saadiaan:1	saariaan:1	sadeyaa:1	sadeyian:1
ਸਾੜੀ	saadee:2	saree:2	saadii:1	saaree:1
ਸਾੜੀਆਂ	saadeean:1	saadian:1	saarian:1	saariyan:1
ਸਾੜੇ	saade:4	saadae:1	saare:1	saarhe:1
ਸਾੜ੍ਹੀ	saadeeh:1	saadih:1	saari:1	saarih:1
ਸਾੜ੍ਹੀਆਂ	saadheean:1	saadian:1	saarian:1	sadihaan:1
ਸਿ	c:8
ਸਿਆ	sia:7	seya:1	siaa:1	siya:1
ਸਿਆਚਿਨ	siachen:3	siachin:1
ਸਿਆਣਪ	siaanap:1	sianap:1	siyaanap:1	siyanap:1
ਸਿਆਣਾ	siaana:3	siyana:2	siana:1
ਸਿਆਣਿਆ	siania:1	sianiya:1	siyania:1
ਸਿਆਣਿਆਂ	siaaniaan:1	siaaniyaan:1	sianian:1	sianiyan:1
ਸਿਆਣੀ	siaani:5	siyaani:2	siani:1	siyani:1
ਸਿਆਣੀਆਂ	siaaniaan:1	siaaniyaan:1	sianian:1	sianiyan:1
ਸਿਆਣੇ	siaane:4	siane:2	siyaane:2	seyanne:1
ਸਿਆਪਾ	siaapa:2	siapa:1	siyaapa:1	siyapa:1
ਸਿਆਪਾਕਾਰ	siaapakar:2	siapakar:1	siyaapakar:1
ਸਿਆਮ	siaam:2	siam:1	siyam:1
ਸਿਆਮਾ	siama:2	siaama:1	siyama:1
ਸਿਆਲ	siaal:3	sial:2	siyal:2	siyaal:1
ਸਿਆਲਕੋਟ	sialkot:10	siaalcoat:1	siaalcoet:1	siaalkot:1
ਸਿਆਲਾ	siala:2	siyala:2	siaala:1
ਸਿਆਸਤ	siaasat:5	siasat:3	siasatt:1	siyasat:1
ਸਿਆਸਤਦਾਨ	siasatdaan:3	siaasatdan:1	siasatdan:1	siasattdaan:1
ਸਿਆਸੀ	seyasi:1	siaasi:1	siasi:1
ਸਿਆਹ	siaah:2	siah:1	siyaah:1	siyah:1
ਸਿਆਹੀ	siaahi:3	siahi:2	seyahi:1	siahee:1
ਸਿਆੜ	siaad:3	siaar:1	siar:1	siyaad:1
ਸਿਏਰਾ	siera:2	siyera:2
ਸਿਓਲ	seul:1	seyol:1	siol:1
ਸਿਕਰੀ	sikari:2	sikri:2	sikaree:1
ਸਿਕਲ	sikal:3
ਸਿਕਾਰ	sikar:2	sikaar:1	siqar:1
ਸਿਕਿਆਂ	sikiaan:2	siqiaan:1
ਸਿਕੇ	sike:3	siqe:1
ਸਿਕੰਦਰ	sikandar:5	sikander:1
ਸਿਕੰਦਰਾਬਾਦ	secundarabad:2	secunderabad:2	secanderabad:1	sekandaraabaad:1
ਸਿਖ	sikh:10
ਸਿਖਣ	sikhan:2	shikhan:1
ਸਿਖਦੇ	sikhade:2	sikhde:1
ਸਿਖਰ	sikhar:8
ਸਿਖਰਲੀ	sikharli:3
ਸਿਖਰਾਂ	sikhran:2	sikharan:1
ਸਿਖਲਾਈ	sikhlaai:3	sikhlai:3	sikhlayi:2
ਸਿਖ਼ਰ	sikhar:3
ਸਿਖਾ	sikha:10
ਸਿਖਾਂ	sikhan:3	sikkhan:1
ਸਿਖਾਂਦੀ	sikhandi:3
ਸਿਖਾਇਆ	sikhaiaa:2	sikhaaiaa:1	sikhaaiyaa:1	sikhaia:1
ਸਿਖਾਈ	sikhai:3	sikhaai:2
ਸਿਖਾਉਂਦਾ	sukhaunda:6	sikhaunda:2
ਸਿਖਾਉਂਦੀ	sikhaundi:3
ਸਿਖਾਉਂਦੇ	sikhaunde:3
ਸਿਖਾਉਣ	sikhaun:3	sikhaaun:1
ਸਿਖਾਉਣਾ	sikhauna:2	sikhaauna:1
ਸਿਖਾਏ	sikhae:2	sikhaye:1
ਸਿਖਾਣ	sikhan:2	sikhaan:1
ਸਿਖਿਅਤ	sikhiat:3	sikhiyat:1
ਸਿਖਿਆ	sikhaiaa:1	sikhia:1	sikhiaa:1	sikhiyaa:1
ਸਿਖਿਆਰਥੀ	sikhiaarthi:2	sikhiarthi:1
ਸਿਖਿਆਵਾਂ	sikhiaavan:4	sikhiyaavan:3	sikhiavan:1
ਸਿਖੀ	sikhi:7
ਸਿਖੇ	sikhe:3
ਸਿਗਨਲ	signal:5	siganal:1	siggnal:1	signala:1
ਸਿਗਨੇਚਰ	signature:10
ਸਿਗਮਾ	shigma:1	shigmaa:1	sigama:1	sigma:1
ਸਿਗਮੰਡ	sigmand:3	sigmund:1
ਸਿਗਾਰ	sigar:3	cigar:2	sigaar:2	cigaar:1
ਸਿਘ	sigh:5
ਸਿਜੇਰੀਅਨ	cesarean:10	sijerian:1
ਸਿਟੀ	ciitii:1	ciity:1	citi:1	city:1
ਸਿਡਨੀ	sydney:3	sidni:2
ਸਿਤਮ	sitam:5
ਸਿਤਾਰ	sitar:4	sitaar:2
ਸਿਤਾਰਾ	sitara:4	shitara:1	shitaraa:1	sitaraa:1
ਸਿਤਾਰਿਆਂ	sitariaan:2	sitarian:1	sitariyaan:1
ਸਿਤਾਰੇ	sitare:2	sitaare:1
ਸਿਤੰਬਰ	september:1	sitambar:1	sitamber:1
ਸਿਥਲ	sithal:3
ਸਿਦਕ	sidak:4	sidaq:1
ਸਿਦੀਕੀ	ciddeki:1	ciddeky:1	ciddeqy:1	ciddikue:1
ਸਿਧ	sidh:4
ਸਿਧਾ	sidha:3
ਸਿਧਾਂਤ	sidhant:7
ਸਿਧਾਂਤਕਾਰ	sidhantkar:3
ਸਿਧਾਂਤਕਾਰਾਂ	sidhantkaran:2	sidhantakaran:1
ਸਿਧਾਂਤਾ	sidhanta:2	sidhantan:1
ਸਿਧਾਂਤਾਂ	sidhantan:4
ਸਿਧਾਂਤਿਕ	sidhantik:3
ਸਿਧਾਣਾ	sidhana:3
ਸਿਧਾਤਾਂ	sidhatan:3
ਸਿਧਾਰ	sidhar:3
ਸਿਧਾਰਥ	sidharth:3	sidharath:2	shiddharth:1	shidharath:1
ਸਿਧੀ	sidhi:5
ਸਿਧੂ	sidhu:3
ਸਿਧੇ	sidhe:3
ਸਿਨ	sin:6
ਸਿਨਸਿਨਾਟੀ	sinsinati:3	cincinati:1
ਸਿਨਹਾ	sinha:3
ਸਿਨਾਈ	sinaai:1	sinai:1	sinayi:1
ਸਿਨੇ	ceene:1	ceenee:1	ciine:1	cin:1
ਸਿਨੇਮਾ	cinema:8	cinama:1	cinemaa:1	sinemaa:1
ਸਿਪਾਹੀ	sipahi:2	sipahee:1
ਸਿਪਾਹੀਆਂ	shipahian:1	sipaheeaan:1	sipahian:1
ਸਿਪੀ	shipi:1	sipee:1	sipi:1	sipy:1
ਸਿਫਤ	sifat:2	shifat:1
ਸਿਫਤਾਂ	sifatan:1	siftaan:1	siftan:1
ਸਿਫਰ	sifar:5	sifer:1
ਸਿਫ਼ਤਾਂ	shifatan:1	sifftan:1	siphtaan:1
ਸਿਫ਼ਰ	sifar:1	siffar:1	siphar:1
ਸਿਫ਼ਾਰਸ਼	shifarash:1	sifarash:1	sipharash:1
ਸਿਫ਼ਾਰਿਸ਼	shifarish:1	siffarish:1	sipharish:1
ਸਿਫਾਰਸ਼	sifarash:4	shifarash:1
ਸਿਫਾਰਿਸ਼	sifarish:3
ਸਿਫਾਰਿਸ਼ਾਂ	sifarishaan:2	sifarishan:1
ਸਿਫਿਲਿਸ	seeflisis:1	seephlisis:1	seeplisis:1	sheephlishish:1
ਸਿਮ	sim:4	shim:1
ਸਿਮਟ	simat:2	cement:1
ਸਿਮਰ	simar:6
ਸਿਮਰਜੀਤ	simarjeet:2	simranjeet:1
ਸਿਮਰਣ	simran:5
ਸਿਮਰਤੀ	simarati:2	simarti:1
ਸਿਮਰਤੀਆਂ	simarateeaan:1	simartiaan:1	simartiyan:1
ਸਿਮਰਨ	simran:5
ਸਿਮੀ	simi:4	simee:1	simii:1	simmy:1
ਸਿਮੋਨ	simon:3
ਸਿਰ	sir:10	sik:1
ਸਿਰਕਾ	sirka:2	siraka:1
ਸਿਰਕੇ	sirke:2	sirake:1
ਸਿਰਖੰਡੀ	sirkhandi:2	sirakhandi:1
ਸਿਰਜ	siraj:9
ਸਿਰਜਕ	sirjak:2	sirajak:1
ਸਿਰਜਕਾਂ	sirajakan:2	sirjakaan:1
ਸਿਰਜਣ	sirjan:5	sirjann:1
ਸਿਰਜਣਹਾਰ	sirjanhar:4	sirjanhaar:1
ਸਿਰਜਣਾ	sirajana:1	sirjana:1	sirjanna:1
ਸਿਰਜਤ	sirjat:3
ਸਿਰਜਦਾ	sirajada:1	sirjada:1	sirjajda:1
ਸਿਰਜਦੀ	sirjadi:2	sirajdi:1
ਸਿਰਜਦੀਆਂ	sijadiaan:1	sirajdian:1	sirjadian:1
ਸਿਰਜਨ	sirjan:3
ਸਿਰਜਨਹਾਰ	sirjanhar:2	sirjanhaar:1
ਸਿਰਜਨਾ	sirjana:4
ਸਿਰਜਿਆ	sirjia:1	sirjiaa:1	sirjiyaa:1
ਸਿਰਜੀ	sirji:3
ਸਿਰਜੀਆਂ	sirjiaan:2	sirjian:1	sirjiyaan:1
ਸਿਰਜੇ	sirje:3
ਸਿਰਨਾਮਾ	sirnama:3
ਸਿਰਫ	siraf:6
ਸਿਰਫ਼	siraf:3
ਸਿਰਮੌਰ	sirmaur:3
ਸਿਰਲੇਖ	sirlekh:3
ਸਿਰਸਾ	sirsa:3
ਸਿਰਹਾਣੇ	sirhane:2	sirahane:1
ਸਿਰਹਾਲੀ	sirahaali:1	sirhali:1	sirvali:1
ਸਿਰਾ	sira:7
ਸਿਰਾਂ	siran:3
ਸਿਰਾਜ	siraj:3	siraaj:1
ਸਿਰਿਆਂ	siriaan:2	sirian:1	siriyaan:1
ਸਿਰੀ	siri:7	shiree:1	shiri:1	shirii:1
ਸਿਰੀਰਾਗ	siriraag:2	sirirag:1
ਸਿਰੇ	sire:2	sirey:2
ਸਿਰੋਸਿਸ	sirosis:3
ਸਿਰੋਹੀ	sirohi:3
ਸਿਰੜ	sirad:3
ਸਿਰੜੀ	siradi:3
ਸਿਲਕ	silk:3	shhilk:1	shilk:1	shillk:1
ਸਿਲਕਾ	silka:3
ਸਿਲਵਰ	silvar:1	silver:1	silwar:1	silwer:1
ਸਿਲਵਾ	silva:4	silvaa:1	silwaa:1
ਸਿਲਵੀਆ	sylvia:2	ciilviia:1	cilvia:1	cilwia:1
ਸਿਲਸਲਾ	silsala:3
ਸਿਲਸਲੇ	silsale:3
ਸਿਲਸਿਲਾ	silsila:3
ਸਿਲਸਿਲੇ	silsile:3
ਸਿਲਾ	sila:5	mila:1
ਸਿਲਾਈ	silaai:2	silayi:1
ਸਿਲਿਕਾ	silica:2	silika:2	seelca:1	seelica:1
ਸਿਲਿਕਾਨ	silikon:7	silicon:2
ਸਿਲੀਕਾਨ	silicon:1	silikan:1	silikon:1	siliqon:1
ਸਿਲੀਗੁੜੀ	siliguri:2	shhiliguri:1	shiiliigurii:1	shiligoori:1
ਸਿਲੇ	sile:2	siley:1
ਸਿਲੇਨੀਅਮ	seeleenium:1	seleniium:1	selenium:1	shelenium:1
ਸਿਲੇਬਸ	sylabus:1	syllabus:1	syllebas:1
ਸਿਲੰਡਰ	cylinder:2	silandar:2	cylindar:1	silindar:1
ਸਿਵਲ	civil:3	sival:2	sivil:1	siwal:1
ਸਿਵਾ	siva:7
ਸਿਵਾਏ	sivaae:2	sivaye:1
ਸਿਵਿਲ	civil:4	sevil:1	seville:1	sivil:1
ਸਿਵੇ	sive:4	sivey:1
ਸਿਸਟਮ	system:4	shishtam:1	shyshtam:1	shyshtem:1
ਸਿਸਟਮਜ਼	systemz:2	systems:1
ਸਿਸਟਰ	sister:3
ਸਿਸਲੀ	sisali:2	shicilee:1	shicily:1	shishilee:1
ਸਿਸੋਦੀਆ	sisodia:3	sisaudia:1	sisaudiya:1
ਸਿਹਜ	sihaj:3	sehaj:1
ਸਿਹਤ	sihat:4	sehat:1
ਸਿਹਤਮੰਦ	sihatmand:4	sehatmand:1	shatamand:1
ਸਿਹਰਾ	sihra:2	sehara:1	sihara:1
ਸਿਹਰੇ	sihre:2	sahere:1	sehare:1
ਸਿੰਕ	sink:3	shink:1	sinq:1
ਸਿੰਗ	sing:4
ਸਿੰਗਰ	singer:4
ਸਿੰਗਲ	single:4
ਸਿੰਗਲਾ	singla:3
ਸਿੰਗਾਂ	singaan:2	singan:1
ਸਿੰਗਾਪੁਰ	singapore:10
ਸਿੰਗਾਰ	singaar:4	singar:4	shingar:1
ਸਿੰਘ	singh:10	shingh:1
ਸਿੰਘਲ	singhal:3
ਸਿੰਘਸ	singhas:2	singham:1
ਸਿੰਘਾਸਨ	singhasan:4
ਸਿੰਚਾਈ	sinchaai:4	sinchaaee:2
ਸਿੰਜਾਈ	sinjaai:2	sinjaaee:1
ਸਿੰਜਿਆ	sinjiaa:3	sinjiyaa:1
ਸਿੰਜੀ	sinji:4	sinjee:1
ਸਿੰਡੀਕੇਟ	syndicate:10	sindeeket:1
ਸਿੰਥੀਆ	sinthiaa:2	sintheeaa:1	sinthiyaa:1
ਸਿੰਧ	sindh:4	shindh:1	sidha:1
ਸਿੰਧਿਆ	sindhiaa:2	sindhia:1	sindhiyaa:1
ਸਿੰਧੀ	sindhi:4	seendhi:1	seendhii:1	sheendhi:1
ਸਿੰਧੀਆ	sindhiaa:3	sindhiyaa:2	sindhia:1
ਸਿੰਧੁ	sindhu:3
ਸਿੰਧੂ	sindhu:4	shindhu:1
ਸਿੰਪਲ	simple:6
ਸਿੰਪਸਨ	simpson:3	shimpshon:1	shympshon:1	sinpsan:1
ਸਿੰਫਨੀ	symphony:2	simfani:1	sindani:1
ਸਿੰਬਲ	cymble:1	cymbole:1	shymble:1	shymbol:1
ਸਿੰਹ	sinh:3
ਸਿੰਹਾ	sinha:3
ਸਿੰਹਾਂ	sinhan:2	sinhaan:1
ਸਿੰਹਾਸਨ	sinhasan:3
ਸਿੱਕਮ	sikkim:2	sikim:1	sikkam:1
ਸਿੱਕਰੀ	sikkari:2	sikkare:1
ਸਿੱਕਾ	sikka:4
ਸਿੱਕਿਆ	sikkiaa:2	sikkiya:1	siqqiaa:1
ਸਿੱਕਿਆਂ	sikkiaan:2	siqqiaan:1
ਸਿੱਕਿਮ	sikkim:7
ਸਿੱਕੇ	sikke:5	siqqe:1
ਸਿੱਖ	sikh:10	sikhh:3	sikkh:2	shikh:1
ਸਿੱਖਣ	sikhan:1	sikhhan:1	sikkhan:1
ਸਿੱਖਣਾ	sikhhana:1	sikhna:1	sikkhana:1
ਸਿੱਖਦੇ	sikhde:1	sikhhade:1	sikkhade:1
ਸਿੱਖਰਾਂ	sikhharan:1	sikhran:1	sikkharan:1
ਸਿੱਖਸ	shikhas:1	sikhhas:1	sikkhs:1
ਸਿੱਖਾਂ	sikkhan:4	sikhhan:1
ਸਿੱਖਿਅਕ	sikkhiak:1	sikkhiat:1	sikkhiyat:1
ਸਿੱਖਿਅਤ	sikhhiat:1	sikkhiat:1	sikkhiyat:1
ਸਿੱਖਿਆ	sikkhia:3	sikhhiaa:2	sikhiya:1	sikkhiaa:1
ਸਿੱਖਿਆਂ	sikhhiaan:1	sikkhiaan:1	sikkhian:1	sikkhiyan:1
ਸਿੱਖਿਆਵਾਂ	sikkhiyaavan:2	sikhhiaavan:1	sikkhiaavan:1	sikkhiavan:1
ਸਿੱਖੀ	sikkhi:6	sikhhi:2	sikhi:1
ਸਿੱਖੀਆ	sikkhia:1	sikkhiaa:1	sikkhiyaa:1
ਸਿੱਖੇ	sikkhe:2	sikhhe:1
ਸਿੱਘ	siggh:3
ਸਿੱਟਾ	sitta:3
ਸਿੱਟਿਆਂ	sittian:2	sittiaan:1	sittiyan:1
ਸਿੱਟੇ	sitte:3
ਸਿੱਠ	sitth:3
ਸਿੱਠਣੀ	sitthani:3
ਸਿੱਦਕੀ	siddaki:2	siddaqi:1
ਸਿੱਦਤ	siddat:3
ਸਿੱਦੀਕੀ	siddiqui:10	siddiki:2
ਸਿੱਧ	siddh:6
ਸਿੱਧਾ	siddha:3
ਸਿੱਧਾਂ	siddhan:3
ਸਿੱਧਾਰਥ	siddharath:1	siddharth:1	sidharth:1
ਸਿੱਧੀ	siddhi:3
ਸਿੱਧੀਆਂ	siddhiaan:2	siddhian:1	siddhiyaan:1
ਸਿੱਧੂ	siddhu:3	sidhu:2	shidhu:1	sidha:1
ਸਿੱਧੇ	siddhe:4	sidhe:1
ਸਿੱਧੜ	siddhad:2	sidhad:1
ਸਿੱਪੀਆਂ	shippian:1	sippeeaan:1	sippian:1
ਸਿੱਲ	sill:6
ਸਿੱਲੀ	silli:3
ਸੀ	see:3	were:1
ਸੀਅਰਾ	seeara:1	seera:1	shiera:1	shieraa:1
ਸੀਈਓ	ceo:4	ceoo:1	cio:1	sieo:1
ਸੀਓਓ	coo:1	coou:1	cou:1	cu:1
ਸੀਕਰ	sikar:2	seekar:1
ਸੀਕਰੀ	seekari:1	sikari:1	sikri:1
ਸੀਕਵਲ	seekaval:1	sequel:1	sikaval:1	sikwal:1
ਸੀਖ	sikh:2	seekh:1
ਸੀਖਾਂ	sikhan:2	seekhaan:1
ਸੀਗੇ	sige:2	seege:1
ਸੀਜਨ	season:1	seejan:1	sizan:1
ਸੀਜ਼ਨਾਂ	seasanan:1	seasonan:1	sijanan:1
ਸੀਟ	seat:1	seet:1	siit:1
ਸੀਟਾਂ	sitan:2	seetan:1
ਸੀਟੀ	city:1	seeti:1	siti:1
ਸੀਟੀਆਂ	seetian:1	sitiaan:1	sitihyaan:1
ਸੀਟੂ	seetu:1	situ:1	sutu:1
ਸੀਡਰ	seeder:3	cedar:1	seedar:1	sitdar:1
ਸੀਡੀਆਂ	seedian:1	sidiaan:1	sidiyaan:1
ਸੀਣ	seen:2	sin:1
ਸੀਤ	sit:2	seet:1
ਸੀਤਲ	sital:2	seetal:1
ਸੀਤਲਾ	seetala:1	sitala:1	sitla:1
ਸੀਤਾ	seeta:3	sita:3	seetaa:1	sitaa:1
ਸੀਤਾਪੁਰ	sitapur:3
ਸੀਤਾਫਲ	sitafal:3
ਸੀਤਾਰਾਮ	sitaram:2	seetaram:1
ਸੀਨ	seen:4	scene:2	sceen:1	sciin:1
ਸੀਨਾ	sina:2	cena:1	ciin:1	ciina:1
ਸੀਨਿਆਂ	seeniaan:1	siniaan:1	siniyaan:1
ਸੀਨੇ	sine:2	seene:1
ਸੀਪੀਆਈ	cpi:2	cpie:1
ਸੀਪੀਐਮ	cpm:2	cpam:1
ਸੀਪੀਯੂ	cpu:2	cbu:1
ਸੀਬੀਆਈ	cbi:7	cbie:2
ਸੀਬੀਐਸਈ	cbse:2	cbme:1
ਸੀਬੀਸੀ	cbc:3
ਸੀਬੋ	sibo:2	seebo:1
ਸੀਮ	sim:2	seem:1
ਸੀਮਤ	simat:2	seemat:1
ਸੀਮਾ	seema:4	sheema:1	siima:1	sima:1
ਸੀਮਾਂ	seeman:1	shiman:1	siman:1
ਸੀਮਾਂਤ	seemant:1	shimant:1	simant:1
ਸੀਮਾਵਾਂ	simavan:2	seemavan:1
ਸੀਮਿਤ	seemit:1	shimit:1	simit:1
ਸੀਮਿੰਟ	cement:1	cemint:1	seemint:1
ਸੀਮੇਂਟ	cement:3
ਸੀਮੋਨ	simon:3
ਸੀਰ	seer:2	sir:1
ਸੀਰਤ	seerat:2	shirat:1
ਸੀਰਿਆ	syria:3	siria:1
ਸੀਰੀ	siri:2	seeri:1
ਸੀਰੀਅਲ	serial:2	sirial:2	careal:1	carial:1
ਸੀਰੀਅਲਾਂ	serialan:2	sirialan:1
ਸੀਰੀਅਸ	serious:3	sirias:1
ਸੀਰੀਆ	syria:5	siriya:2	seeria:1	seeriya:1
ਸੀਰੀਆਂ	seerian:1	siriaan:1	siriyan:1
ਸੀਰੀਆਈ	seeriai:1	siriaai:1	siriayi:1
ਸੀਰੀਜ	sirij:2	searies:1	series:1	sireej:1
ਸੀਰੇ	sire:2	seere:1
ਸੀਲ	seal:2	seel:1	sheal:1	sheel:1
ਸੀਲਾਂ	silan:2	seelan:1
ਸੀਲੋਨ	ceiiulon:1	ceiulon:1	ceiuloon:1	ceulon:1
ਸੀਵਰ	seevar:2	sivar:2	seever:1	seewer:1
ਸੀਸ	sees:3	sis:2	shhish:1	shhishh:1
ਸੀਸਾ	sisa:3	seesa:1
ਸੀਸੀ	sisi:2	sheeshi:1
ਸੀਸੇ	sise:2	sheeshe:1
ਸੀਹਰਫ਼ੀਆਂ	siharafiyan:1	siharfiaan:1	sihrafiyaan:1
ਸੀਹਰਫੀ	siharafi:2	sihrafi:1
ਸੁਆ	sua:2	suaa:1
ਸੁਆਉਣ	suaun:2	suaaun:1
ਸੁਆਗਤ	suagat:2	suaagat:1
ਸੁਆਗਤੀ	suaagati:1	suagati:1	suagti:1
ਸੁਆਣੀ	suani:3
ਸੁਆਣੀਆਂ	suanian:2	suaaniaan:1
ਸੁਆਦ	suad:3	suaad:1
ਸੁਆਦਾਂ	suaadan:1	suadaan:1	suadan:1
ਸੁਆਦੀ	suaadee:1	suaadi:1	suadi:1
ਸੁਆਮੀ	suaamee:1	suaami:1	suami:1
ਸੁਆਰ	suaar:2	suar:1
ਸੁਆਰਥ	suaarath:2	suarth:1
ਸੁਆਲ	suaal:4	sual:2
ਸੁਆਸ	suas:2	suaas:1
ਸੁਆਹ	suah:4	suaah:2
ਸੁਕ	suk:4
ਸੁਕਦੀ	sukdi:3
ਸੁਕਰਾਤ	sukraat:2	sukrat:1
ਸੁਕਾ	suka:3
ਸੁਕਾਇਆ	sukaia:2	sukaiaa:1
ਸੁਕਾਉਣ	sukaun:2	sukaaun:1
ਸੁਕੀਰਤ	sukirat:2	sukeerat:1	sukirad:1
ਸੁਕ੍ਰਿਤ	sukrit:3
ਸੁਖ	sukh:10
ਸੁਖਚੈਨ	sukhachaen:1	sukhchaen:1	sukhchain:1
ਸੁਖਜੀਤ	sukhjeet:2	sukhajit:1
ਸੁਖਦਰਸ਼ਨ	sukhdarshan:3
ਸੁਖਦਾਈ	sukhdaaee:1	sukhdaee:1	sukhdayi:1
ਸੁਖਦੇਵ	sukhdev:3	sukhdew:1
ਸੁਖਨ	sukhan:3
ਸੁਖਨਾ	sukhna:2	sukhnaa:1
ਸੁਖਪਾਲ	sukhpal:2	sukhpaal:1
ਸੁਖਪਾਲਵੀਰ	sukhpaalveer:1	sukhpalveer:1	sukhpalvir:1	sukhpalwir:1
ਸੁਖਬੀਰ	sukhbeer:2	sukhbir:1
ਸੁਖਮਨਾ	sukhmana:2	sukhmanaa:1
ਸੁਖਮਨੀ	sukhmani:2	sukhamnee:1
ਸੁਖਵਿੰਦਰ	sukhwinder:3	sukhvinder:1
ਸੁਖਵੀਰ	sukhveer:3
ਸੁਖਵੰਤ	sukhvant:2	sukhwant:1
ਸੁਖਸ਼ਿੰਦਰ	sukhashindar:1	sukhshindar:1	sukhshinder:1
ਸੁਖ਼ਨਾ	sukhanaa:1	sukhna:1	sukkhna:1
ਸੁਖਾ	sukha:5	sukhaa:1
ਸੁਖਾਂਤ	sukhant:3
ਸੁਖਾਂਤਕ	sukhantak:3
ਸੁਖਾਲ਼ਾ	sukhala:2	sukhaalaa:1
ਸੁਖਾਵਾਂ	sukhavan:3	sukhaavaan:1
ਸੁਖਿੰਦਰ	sukhinder:2	sukhindar:1
ਸੁਖੀ	sukhi:5
ਸੁਖੀਆ	sukhiaa:2	sukhia:1	sukhiya:1
ਸੁਖੁ	sukhu:3
ਸੁਗਮ	sugam:3
ਸੁਗਾਤਾਂ	sugaataan:1	sugataan:1	sugatan:1
ਸੁਗੰਧ	sugandh:5
ਸੁਗੰਧਿਤ	sugandhit:3
ਸੁਗੰਧੀ	sugandhi:2	sugandhee:1
ਸੁਗੰਧੀਆਂ	sugandheeaan:1	sugandhiaan:1	sugandhian:1
ਸੁਘੜ	sughad:4
ਸੁਚਾਰੂ	suchaaroo:1	suchaaru:1	sucharoo:1	sucharu:1
ਸੁਚਾਲਕ	suchalak:2	suchaalak:1
ਸੁਚਿੱਤਰਾ	suchittra:2	suchchitra:1
ਸੁਚੀ	suchi:2	suchee:1
ਸੁਚੇਤ	suchet:3
ਸੁਚੇਤਾ	sucheta:4
ਸੁਚੱਜਤਾ	suchajjata:1	suchajjta:1	suchhajata:1
ਸੁਚੱਜਾ	suchajja:2	suchhaja:1
ਸੁਜ਼ੈਨ	suzain:2	suzaine:1
ਸੁਜਾਤਾ	sujata:3
ਸੁਜਾਨ	sujan:3
ਸੁਜਾਨਪੁਰ	sujanpur:3
ਸੁਜਾਨਾ	sujana:2	sujaana:1
ਸੁਝਾਅ	sujhaa:2	sujah:1	sujhah:1
ਸੁਝਾਇਆ	sujhaya:2	sujhaeya:1	sujhayeya:1
ਸੁਝਾਈ	sujhayi:2	sujhai:1	sujhhai:1
ਸੁਝਾਉਂਦੇ	sujhaunde:2	sujhayunde:1
ਸੁਝਾਉਣ	sujhaun:2	sujhayun:1
ਸੁਟ	sut:3	suit:1	sutt:1
ਸੁਟਿਆ	suteya:1	sutia:1	sutiaa:1
ਸੁਟੀ	suti:5
ਸੁਡਾਨ	sudan:4	shhoodan:1	shhudan:1	shoodan:1
ਸੁਣ	sun:5
ਸੁਣਕੇ	sunke:2	sunake:1
ਸੁਣਦਾ	sunda:3	sunada:2
ਸੁਣਦਿਆਂ	sunadeyan:1	sundiaan:1	sundian:1
ਸੁਣਦੀ	sunadi:2	sunadee:1
ਸੁਣਦੇ	sunade:3	sunde:1
ਸੁਣਨ	sunan:3
ਸੁਣਨਯੋਗ	sunanyog:3
ਸੁਣਨਾ	sunana:3
ਸੁਣਵਾਈ	sunavaaee:2	sunvaee:2	sunwaee:2	sunwai:2
ਸੁਣਾ	suna:3
ਸੁਣਾਇਆ	sunaia:1	sunaiaa:1	sunayiya:1
ਸੁਣਾਈ	sunaee:2	sunayi:2	sunaaee:1	sunayee:1
ਸੁਣਾਈਆਂ	sunaeeaan:1	sunaiaan:1	sunayiyan:1
ਸੁਣਾਉਂਦਾ	sunaunda:2	sunaaunda:1
ਸੁਣਾਉਂਦੀ	sunaundi:2	sunaaundee:1
ਸੁਣਾਉਂਦੇ	sunaunde:2	sunaaunde:1
ਸੁਣਾਉਣ	sunaun:5	sunaaun:1
ਸੁਣਾਉਣਾ	sunauna:3
ਸੁਣਾਉਦਾ	sunauda:3
ਸੁਣਾਏ	sunaye:2	sunaae:1
ਸੁਣਾਵਾਂ	sunaavaan:1	sunavaan:1	sunavan:1
ਸੁਣਿਆ	sunia:5	suneya:2	suneeaa:1	suniya:1
ਸੁਣੀ	sunee:2	suni:2
ਸੁਣੀਂਦਾ	suneenda:2	suninda:1
ਸੁਣੀਂਦੀ	suneendee:1	suneendi:1	sunnindi:1
ਸੁਣੀਆਂ	suniaan:2	suniyan:2	suneeaaan:1	suneeaan:1
ਸੁਣੀਦੀਆਂ	suneedeeaan:1	suneedian:1	sunidiyan:1
ਸੁਣੀਦੇ	suneede:2	sunide:1
ਸੁਣੇ	sune:2	suney:1
ਸੁਣੇਗਾ	sunega:3
ਸੁਣੋ	suno:3
ਸੁਤੰਤਰ	sutantar:3	sutatar:1
ਸੁਤੰਤਰਤਾ	sutantarata:1	sutantarta:1	sutatarata:1
ਸੁਤੰਰਤਾ	sutanrata:1	sutantarta:1	sutarata:1
ਸੁਥਰਾ	suthara:2	suthra:1
ਸੁਥਰੇ	suthare:1	sutharee:1	suthre:1
ਸੁਦਰਸ਼ਨ	sudarshan:3
ਸੁਦੀ	sudee:3
ਸੁਦੇਸ਼	sudesh:3
ਸੁਧਰ	sudhar:3
ਸੁਧਰਦੀ	sudhardi:2	sudharadi:1
ਸੁਧਰਨ	sudharan:2	sudhran:1
ਸੁਧਰਿਆ	sudharia:1	sudhariya:1	sudhria:1
ਸੁਧਰੀ	sudhari:2	sudhree:1	sudhri:1
ਸੁਧਰੀਆਂ	sudharian:1	sudhariyan:1	sudhrian:1
ਸੁਧਰੇ	sudhare:2	sudhre:1
ਸੁਧਰੇਗਾ	sudharega:2	sudhrega:1
ਸੁਧਾ	sudha:3
ਸੁਧਾਏ	sudhaye:3
ਸੁਧਾਰ	sudhar:3
ਸੁਧਾਰਕ	sudharak:3
ਸੁਧਾਰਕਾਂ	sudharakan:2	sudharkaan:1
ਸੁਧਾਰਣ	sudharan:3
ਸੁਧਾਰਨ	sudharan:3
ਸੁਧਾਰਨਾ	sudharna:2	sudharan:1
ਸੁਧਾਰਵਾਦੀ	sudhaarvadi:1	sudhaarwadi:1	sudharavadi:1	sudharvadi:1
ਸੁਧਾਰਾਂ	sudharaan:2	sudharan:1
ਸੁਧਾਰਿਆ	sudhaariaa:1	sudharia:1	sudhariaa:1
ਸੁਧਾਰੀ	sudhari:2	sudhaaree:1
ਸੁਧਾਰੇ	sudhare:3
ਸੁਧਾਸਰ	sudhasar:3
ਸੁਧੀਰ	sudheer:4	sudhir:2	shudheer:1	shudhiir:1
ਸੁਨ	sun:4	san:1	shun:1	suna:1
ਸੁਨਣਾ	sunana:2	sunanna:1	sunna:1
ਸੁਨਹਰੀ	sunhari:2	sunheri:2	sunaharee:1
ਸੁਨਹਿਰੀ	sunhiri:2	sunahiree:1	sunhari:1
ਸੁਨਹਿਰੇ	sunhire:2	sunahire:1	sunhare:1
ਸੁਨਾਈ	sunayi:2	sunaee:1	sunai:1
ਸੁਨਾਉਣ	sunaun:2	sunaunn:1
ਸੁਨਾਮ	sunam:3	sunaam:2
ਸੁਨਾਮੀ	sunami:2	tsunami:1
ਸੁਨਿਆਰ	suniaar:1	suniar:1	suniyar:1
ਸੁਨਿਆਰੇ	suniaare:1	suniare:1	suniyare:1
ਸੁਨਿਧੀ	sunidhi:3
ਸੁਨਿਸਚਿਤ	sunischit:2	sunisachat:1
ਸੁਨਿਸ਼ਚਿਤ	sunishchit:2	sunishachit:1
ਸੁਨਿਹਰੀ	sunihari:3
ਸੁਨੀ	suni:3
ਸੁਨੀਤ	suneet:2	sunit:1
ਸੁਨੀਤਾ	sunita:4	suneeta:1	suneetaa:1
ਸੁਨੀਤੀ	suniti:3
ਸੁਨੀਲ	sunil:6	suneel:1	suniil:1
ਸੁਨੇਹ	suneh:3
ਸੁਨੇਹਾ	suneha:2	sunehaa:1
ਸੁਨੇਹਿਆਂ	sunehiaan:2	sunehian:1
ਸੁਨੇਹੇ	sunehe:3
ਸੁਨੋ	suno:3
ਸੁਨੰਦਾ	sunanda:3
ਸੁਨੱਖਾ	sunakha:1	sunakhkha:1	sunakkha:1	sunankha:1
ਸੁਨੱਖੀ	munakkhi:1	sunakhi:1	sunakhkhee:1
ਸੁਪਤਨੀ	supatani:1	supatnee:1	supatni:1
ਸੁਪਨ	supan:3
ਸੁਪਨਕਾਰ	supanakar:1	supankaar:1	supankar:1
ਸੁਪਨਦੋਸ਼	supanadosh:2	supandosh:1
ਸੁਪਨਾ	supna:2	supana:1
ਸੁਪਨਿਆਂ	supniaan:2	supanian:1
ਸੁਪਨੇ	supne:2	supane:1	supnay:1
ਸੁਪਰ	shoopar:1	shooper:1	shuper:1	shuupar:1
ਸੁਪਰਈਗੋ	superego:2	superigo:1
ਸੁਪਰਡੈਂਟ	superdent:2	supardent:1	superddentt:1	supredent:1
ਸੁਪਰਡੰਟ	superddantt:1	superdent:1	superdunt:1
ਸੁਪਰਮੈਨ	superman:3
ਸੁਪਰਵਾਈਜ਼ਰ	supervisor:3
ਸੁਪਰਸਟਾਰ	superstar:4	suparstaar:1	superstaar:1
ਸੁਪਰਸੋਨਿਕ	shoopershonic:1	shupershonic:1	shupershonik:1	sooparsonic:1
ਸੁਪਰਹੀਰੋ	superhero:3	superhiro:1
ਸੁਪਾਰੀ	supari:3	supaari:1
ਸੁਪੀਰੀਅਰ	superior:3
ਸੁਪ੍ਰਸਿੱਧ	suprasidh:3
ਸੁਪ੍ਰਿਆ	supriya:2	supria:1	supriaa:1
ਸੁਫ਼ਨਾ	sufana:1	sufnaa:1	suphana:1
ਸੁਫ਼ਨਿਆਂ	sufanian:1	sufniaan:1	suphaniyan:1
ਸੁਫ਼ਨੇ	sufane:1	sufnay:1	suphane:1
ਸੁਬਰਾਮਨੀਅਮ	subramaniam:2	subramaniyam:1
ਸੁਬਹ	subah:3
ਸੁਬਾ	suba:3	saba:1	sabba:1	shaba:1
ਸੁਬੇਗ	subeg:3
ਸੁਬੋਧ	subodh:3
ਸੁਭਾ	subha:3
ਸੁਭਾਅ	subhaa:2	subaay:1
ਸੁਭਾਉ	subhau:3
ਸੁਭਾਓ	subhao:2	subhaoo:1
ਸੁਭਾਗ	subhaag:2	subhag:2
ਸੁਭਾਵ	subhav:2	subhaw:1
ਸੁਭਾਵਕ	subhavak:2	subhawak:1
ਸੁਭਾਵਿਕ	subhavik:3	subhiaavak:1	subhiavak:1	subhiawak:1
ਸੁਭਾਵਿਕਤਾ	subhavikta:3
ਸੁਭਾਸ਼	subhash:4	shubhaashh:1	shubhashh:1	subhaas:1
ਸੁਭੱਦਰਾ	subhaddra:2	subhaddara:1
ਸੁਮਨ	suman:5	saman:1
ਸੁਮਰ	sumar:3
ਸੁਮਾਤਰਾ	sumatra:3
ਸੁਮਾਰਗ	sumarag:2	sumarg:1
ਸੁਮਿਤ	sumit:3
ਸੁਮਿਤਾ	sumita:3
ਸੁਮਿੱਤਰਾ	sumitra:1	sumittara:1	sumittra:1
ਸੁਮੀਤ	sumit:2	sumeet:1
ਸੁਮੇਰ	sumer:4	samer:1	sumar:1	sumeer:1
ਸੁਮੇਲ	sumel:3
ਸੁਮੇਲਤਾ	sumelta:2	sumelata:1
ਸੁਯੋਗ	suyog:3
ਸੁਰ	sur:6	sar:1	sura:1
ਸੁਰਖ	surakh:3
ਸੁਰਖ਼ਾਬ	surkhab:2	surakhab:1
ਸੁਰਖਿਅਤ	surakhiat:2	surkhiyat:1
ਸੁਰਖਿਆ	surakhia:1	surkhia:1	surkhiya:1
ਸੁਰਖੀਆਂ	surakhian:1	surakhiyan:1	surkhiaan:1
ਸੁਰਗ	surag:3
ਸੁਰਗਵਾਸ	suragvas:2	suragavas:1
ਸੁਰਗਵਾਸੀ	suragvasi:2	suragavasi:1
ਸੁਰਗਾਂ	surgaan:2	suragan:1
ਸੁਰਜਣ	surjan:3
ਸੁਰਜਨ	surjan:3
ਸੁਰਜੀਤ	surjeet:3	surjit:1
ਸੁਰਜੀਤੀ	surjeeti:2	surjeetee:1
ਸੁਰਤ	surat:3
ਸੁਰਤਾ	surta:3
ਸੁਰਤਾਲ	surtaal:3
ਸੁਰਤਿ	surat:1	surati:1	surti:1
ਸੁਰਮਈ	surmayi:2	surmai:1
ਸੁਰਮਾ	surma:3
ਸੁਰਾਗ	surag:2	suraag:1
ਸੁਰਾਹੀ	surahi:3
ਸੁਰਿੰਦਰ	surinder:3
ਸੁਰਿੰਦਰਪਾਲ	surinderpal:3
ਸੁਰੀਲੀ	surili:2	sureeli:1
ਸੁਰੀਲੀਆਂ	sureelian:1	surilian:1	suriliyan:1
ਸੁਰੀਲੇ	surile:2	sureele:1
ਸੁਰੂ	suroo:2	suru:1
ਸੁਰੂਆਤ	suruaat:2	suruat:2	shuruyat:1	suruyat:1
ਸੁਰੂਆਤੀ	surooati:1	suruaati:1	suruyati:1
ਸੁਰੇਂਦਰ	surender:2	surendar:1
ਸੁਰੇਖਾ	surekha:3
ਸੁਰੇਸ਼	suresh:4	saresh:1	shureshh:1	sureesh:1
ਸੁਰੈਣ	surain:3
ਸੁਰੰਗ	surang:3
ਸੁਰੰਗਾਂ	surangaan:2	surangan:1
ਸੁਰੱਖਿਅਣ	surakkhian:2	surkhiyan:1
ਸੁਰੱਖਿਅਤ	surakkhiat:1	surikkhiat:1	surkhiyat:1
ਸੁਰੱਖਿਅਤਾ	surakkhiata:2	surkhiyata:1
ਸੁਰੱਖਿਆ	surakkhia:2	surkhiya:2	surkkhia:1	surrakhia:1
ਸੁਰੱਖਿਆਤਮਕ	surakkhiatamak:1	surakkhiatmak:1	surkhiyatmak:1
ਸੁਲਗਦੀ	sulagadee:1	sulagadi:1	sulagdi:1
ਸੁਲਗਦੇ	sulagade:1	sulagde:1	sulgade:1
ਸੁਲਘਦੇ	sulaghde:1	sulaghne:1	sulghade:1
ਸੁਲਝਣ	suljhan:2	sulajhan:1
ਸੁਲਝਾ	suljha:2	sulajha:1
ਸੁਲਝਾਉਣ	suljhaoun:2	suljhaun:2	sulajhaun:1	sulajhauna:1
ਸੁਲਝਿਆ	suljhia:2	suljhiaa:1
ਸੁਲਤਾਨ	sultan:4	sultaan:1
ਸੁਲਤਾਨਪੁਰ	sultanpur:3
ਸੁਲਤਾਨਪੁਰੀ	sultanpuri:2	sultanpuree:1	sutanpuri:1
ਸੁਲਤਾਨਾ	sultana:2	sultaana:1
ਸੁਲਤਾਨਾਂ	sultaanaan:1	sultanaan:1	sultanan:1
ਸੁਲਹ	sulah:3
ਸੁਲਾ	sula:3
ਸੁਲਾਹ	sulah:3	sulaah:1
ਸੁਲੇਖ	sulekh:3
ਸੁਲੇਮਾਨ	sulemaan:2	suleman:2	salemaan:1	soleeman:1
ਸੁਲ੍ਹਾ	sulha:2	sula:1	sulla:1
ਸੁਲੱਖਣ	sulakhkhan:1	sulakkhan:1	sulkkhan:1
ਸੁਵਖਤੇ	suvakhte:2	suvkhte:1
ਸੁਵਿਧਾ	suvidha:3
ਸੁਵਿਧਾਜਨਕ	suvidhajanak:2	sucidhajanak:1
ਸੁਵਿਧਾਵਾਂ	suvidhavan:2	suvidhavaan:1
ਸੁਵੰਨੇ	sunvanne:1	suvane:1	suvanne:1
ਸੁਸਤ	susat:2	sust:1
ਸੁਸ਼ਮਾ	sushma:3	shushhma:1	shushhmaa:1	sushama:1
ਸੁਸ਼ਮਿਤਾ	sushmita:3
ਸੁਸ਼ਰੁਤ	sushrut:2	susharut:1
ਸੁਸ਼ਾਂਤ	sushant:3
ਸੁਸ਼ੀ	sushi:3
ਸੁਸ਼ੀਲ	sushil:3	susheel:2	shushheel:1	shushhiil:1
ਸੁਸ਼ੀਲਾ	sushila:2	susheela:1
ਸੁਸ਼ੋਭਿਤ	sushobhit:3
ਸੁਸਾਇਟੀ	society:2	suciety:1	susayiti:1
ਸੁਸੱਜਿਤ	sussajit:2	susajjit:1
ਸੁਹਜ	suhaj:3
ਸੁਹਜਮਈ	suhajamayi:1	suhajmaee:1	suhajmayi:1
ਸੁਹਜਵਾਦੀ	suhajwadi:2	suhajavadi:1	suhajvadi:1
ਸੁਹਜਾਤਮਕ	suhajatmak:2	suhajatamak:1	suhajatmaq:1
ਸੁਹਣਾ	suhana:2	suhna:1
ਸੁਹਣੀ	suhani:2	suhni:1
ਸੁਹਣੀਆਂ	suhaniaan:1	suhanian:1	suhaniyan:1
ਸੁਹਣੇ	suhane:3
ਸੁਹਬਤ	suhbat:2	suhabat:1
ਸੁਹਰਾਵਰਦੀ	suharavaradi:1	suhravardi:1	suhrawadi:1	suhrawardi:1
ਸੁਹਾਂ	suhaan:2	suhan:1
ਸੁਹਾਗ	suhaag:4	suhag:1
ਸੁਹਾਗਣ	suhagan:3	suhaagan:1	suhagann:1
ਸੁਹਾਗਾ	suhaga:2	suhaagaa:1
ਸੁਹਾਗੇ	suhage:2	suhaage:1
ਸੁਹਾਨਾ	suhana:2	suhaanaa:1
ਸੁਹਾਨੀ	suhani:2	suhaanee:1
ਸੁਹਾਵਣਾ	suhavana:2	suhavna:1
ਸੁਹਾਵਨੀ	suhavani:3
ਸੁਹਾਵੀ	suhavi:3	suhaavi:1
ਸੁਹਿਰਦ	suhirad:2	suhird:1
ਸੁਹਿਰਦਤਾ	suhirdata:2	suhiradata:1
ਸੁਹੱਪਣ	suhappan:1	suhhapan:1	suhppan:1
ਸੁੰਗੇੜ	sunged:2	sungerh:1
ਸੁੰਗੜ	sungad:2	sungarh:1
ਸੁੰਗੜਦਾ	sungadada:2	sungarhada:1
ਸੁੰਗੜੇ	sungade:1	sungarhe:1	sungde:1
ਸੁੰਞਾ	sunjha:1	sunjya:1	sunva:1
ਸੁੰਡੀ	sundi:3	sundee:1
ਸੁੰਡੀਆਂ	sundian:2	sundiyan:1
ਸੁੰਢ	sund:2	sundh:1
ਸੁੰਦਰ	sunder:6
ਸੁੰਦਰਤਾ	sundarta:2	sunderata:1
ਸੁੰਦਰਮ	sundaram:5
ਸੁੰਦਰਵਨ	sundervan:2	sundarvan:1
ਸੁੰਦਰਾਂ	sundaran:2	sunderaan:1
ਸੁੰਦਰੀ	sundari:2	sundri:1
ਸੁੰਦਿਆਂ	sundiaan:1	sundian:1	sundiyan:1
ਸੁੰਨ	sunn:2	sun:1
ਸੁੰਨਤ	sunnat:2	sunant:1
ਸੁੰਨਾ	sunna:2	suna:1
ਸੁੰਨੀ	sanni:1	sunni:1	sunnii:1
ਸੁੰਨੀਆਂ	sunnian:2	sunian:1
ਸੁੱਕ	sukk:4
ਸੁੱਕਣ	sukkan:3
ਸੁੱਕਾ	sukka:3
ਸੁੱਕੀ	sukki:3
ਸੁੱਕੀਆਂ	sukkiaan:2	sukkiyan:1
ਸੁੱਕੇ	sukke:3
ਸੁੱਖ	sukh:1	sukhh:1	sukkh:1
ਸੁੱਖਾ	sukhha:1	sukkha:1	sukkhaa:1
ਸੁੱਖਾਂ	sukhan:1	sukhhan:1	sukkhan:1
ਸੁੱਚਾ	succha:4	suchcha:2
ਸੁੱਚੀ	succhi:1	suchchee:1	suchchi:1
ਸੁੱਚੇ	suchche:2	sucche:1
ਸੁੱਜ	sujj:3
ਸੁੱਜੀਆਂ	sujjeeaan:1	sujjiaan:1	sujjian:1
ਸੁੱਟਕੇ	sutake:1	sutkey:1	suttake:1	suttke:1
ਸੁੱਟਣ	suttan:3	sutan:1
ਸੁੱਟਣਾ	suttna:2	sutana:1	sutna:1
ਸੁੱਟਦਾ	suitda:1	sutada:1	sutda:1	suttda:1
ਸੁੱਟਦੇ	suttade:2	suitde:1	suttde:1
ਸੁੱਟਿਆ	suttia:3	sutteya:2	suttiaa:2	sutiya:1
ਸੁੱਟੀ	sutti:3
ਸੁੱਟੇ	sutte:3
ਸੁੱਤ	sutt:2	sut:1
ਸੁੱਤਾ	suta:2	sutta:2
ਸੁੱਤਿਆਂ	suteyan:1	sutiaan:1	suttian:1
ਸੁੱਤੀ	sutti:2	sutee:1
ਸੁੱਤੇ	sutte:2	sute:1
ਸੁੱਥਣ	suthan:1	suththan:1	sutthan:1
ਸੁੱਧ	sudh:2	suddh:1
ਸੁੱਧਤਾ	sudhata:2	suddhata:1
ਸੁੱਬਾ	subba:3
ਸੁੱਰਖਿਅਤ	surrakhiat:2	surkhiyat:1
ਸੁੱਰਖਿਆ	surrakhia:2	surkhiya:1
ਸੂ	su:10	soo:7	sho:1	shoo:1
ਸੂਅਰ	suar:3	sooar:1
ਸੂਆ	sooaa:1	sua:1	suaa:1
ਸੂਈ	sooyi:2	sui:1
ਸੂਈਆਂ	sooian:1	sooyian:1	suiaan:1
ਸੂਏ	sooye:2	sue:1
ਸੂਖਮ	sukham:2	sookham:1
ਸੂਖਮਤਾ	sookhamata:2	sukhamata:1
ਸੂਖਮਦਰਸ਼ੀ	sukhamdarshi:2	sookhamdarshi:1
ਸੂਖ਼ਮਤਾ	sookhamta:1	sukhamata:1	sukhmata:1
ਸੂਚਕ	soochak:2	suchak:2
ਸੂਚਕਾਂ	soochkaan:1	soochkan:1	suchkan:1
ਸੂਚਕਾਂਕ	soochkaank:1	soochkank:1	suchkank:1
ਸੂਚਤ	soochat:2	suchat:2
ਸੂਚਨਾ	suchna:4	soochna:1	suchana:1
ਸੂਚਨਾਵਾਂ	soochnavan:1	suchanavan:1	suchnavan:1	suuchnavan:1
ਸੂਚਿਤ	suchit:4	soochit:3	shuchit:1
ਸੂਚੀ	suchi:2	soochee:1	soochi:1
ਸੂਚੀਆਂ	suchiaan:3	soocheeaan:2	suchian:2	suchiyaan:2
ਸੂਚੀਬੱਧ	suchibaddh:3	soochibaddh:1
ਸੂਜ਼ਨ	suzan:2	soozan:1	sujan:1
ਸੂਜ਼ੀ	suzi:2	soozee:1	suzee:1
ਸੂਜੀ	suji:4	soojee:1	sooji:1	soozee:1
ਸੂਝ	sujh:2	soojh:1
ਸੂਝਬੂਝ	soojhboojh:1	sujhabujh:1	sujhbujh:1
ਸੂਝਵਾਨ	soojhvan:1	sujhavaan:1	sujhvan:1
ਸੂਟ	sut:2	soot:1	suit:1
ਸੂਡਾਨ	sudan:3	soodan:1
ਸੂਣ	soon:1	sun:1	sunn:1
ਸੂਤ	sut:2	soot:1
ਸੂਤਕ	sutak:2	sootak:1
ਸੂਤਰ	sutar:3	sootar:1	surat:1
ਸੂਤਰਧਾਰ	sutardhar:2	sootardhar:1
ਸੂਤਰਪਾਤ	sutarpat:2	sootarpat:1
ਸੂਤਰਾਂ	sutran:2	sootran:1
ਸੂਤੀ	suti:2	sooti:1
ਸੂਤ੍ਰ	sutra:3	shhutra:1	shutara:1	shutra:1
ਸੂਦ	sud:3	sad:1	shad:1	shud:1
ਸੂਦਖੋਰ	sudkhor:2	soodkhor:1
ਸੂਪ	soop:2	soup:2	soap:1	sup:1
ਸੂਫ਼ੀ	sufi:3	soofi:1
ਸੂਫ਼ੀਆ	soofia:1	sudiyaa:1	sufiaa:1
ਸੂਫ਼ੀਆਂ	sufiaan:2	soofian:1	sufiyaan:1
ਸੂਫ਼ੀਆਨਾ	sufiaana:2	soofiana:1	sufiyana:1
ਸੂਫ਼ੀਮਤ	sufimat:2	soofimat:1
ਸੂਫ਼ੀਵਾਦ	sufiwad:2	soofivad:1
ਸੂਫੀ	sufi:3	soofi:2	soofii:1
ਸੂਫੀਆਂ	sufiaan:2	soofian:1	sufiyaan:1
ਸੂਫੀਆਨਾ	soofiana:1	sufiaana:1	sufiana:1	sufiyana:1
ਸੂਬਾ	suba:2	sooba:1
ਸੂਬਾਈ	soobayi:1	subaai:1	subai:1
ਸੂਬਿਆ	subiaa:2	soobia:1	subiyaa:1
ਸੂਬਿਆਂ	subiaan:3	soobian:2	subiyaan:2
ਸੂਬੇ	sube:2	soobe:1
ਸੂਬੇਦਾਰ	subedar:3
ਸੂਬੇਦਾਰਾਂ	subedaran:3
ਸੂਮ	sum:3
ਸੂਰ	sur:7	soor:1
ਸੂਰਜ	suraj:10	sooraaj:1	sooraj:1	suuraj:1
ਸੂਰਜਕੁੰਡ	surajkund:3
ਸੂਰਜਪੁਰ	surajpur:3
ਸੂਰਜਮੁਖੀ	surajmukhi:3
ਸੂਰਜਵੰਸ਼ੀ	surajvanshi:3
ਸੂਰਤ	surat:10	soorat:1	sooret:1	suret:1
ਸੂਰਦਾਸ	surdas:3
ਸੂਰਬੀਰ	surbeer:2	surbir:2
ਸੂਰਬੀਰਤਾ	surbeerta:1	surbirata:1	surbirta:1
ਸੂਰਬੀਰਾਂ	surbiran:2	surbeeran:1
ਸੂਰਮਤਾ	surmata:3
ਸੂਰਮਾ	surma:4
ਸੂਰਮਿਆਂ	surmiaan:4	surmiyaan:2	surmiyan:2
ਸੂਰਮੇ	surme:4
ਸੂਰਾਂ	suran:3
ਸੂਰਿਆ	suriya:2	surya:2	suriyaa:1	suryaa:1
ਸੂਰਿਆਂ	suriaan:1	suriyaan:1	suriyan:1
ਸੂਰੀ	suri:3	soori:2	shooree:1	shoori:1
ਸੂਰੀਆ	suriaa:4	suriya:2	suriyaa:2	surya:2
ਸੂਰੇਵਾਲੀਆ	surevaliaa:1	surevaliya:1	surevaliyaa:1
ਸੂਲ	sul:2	sool:1
ਸੂਲਾਂ	sulan:3
ਸੂਲੀ	suli:3
ਸੂਸਨ	soosan:1	susaan:1	susan:1	suuzaan:1
ਸੂਹ	sooh:2	suh:2
ਸੂਹਾ	suha:2	sooha:1
ਸੂਹੀ	suhi:2	soohi:1
ਸੂਹੇ	suhe:2	soohe:1
ਸੂੰ	soon:2	suun:1
ਸੂੰਡ	soond:3	sund:1
ਸੇ	se:9	say:8
ਸੇਂਜੀ	senji:3
ਸੇਂਜੂ	senju:3
ਸੇਂਟ	cent:2	saint:1	scent:1	sent:1
ਸੇਂਟਰ	center:6	centre:3	senter:1
ਸੇਈ	see:1	seei:1	sei:1	shee:1
ਸੇਕ	sek:6	sake:5	seek:1	seeq:1
ਸੇਕਦੇ	sekade:2	sekde:1
ਸੇਕਰਡ	secred:2	sekard:1
ਸੇਖ	sekh:5
ਸੇਖਵਾਂ	sekhavan:2	sekhvan:1
ਸੇਖਾ	sekha:3
ਸੇਖੂ	sekhu:3
ਸੇਖੋ	sekho:3
ਸੇਖੋਂ	sekhon:4
ਸੇਜ	sej:4
ਸੇਜਲ	sejal:3
ਸੇਜ਼	sez:3	sej:1
ਸੇਜਾਂ	sejan:3
ਸੇਟੀ	seti:2	setee:1
ਸੇਠ	seth:6	saith:1	seeth:1	shaith:1
ਸੇਠੀ	sethi:3	sethee:2	seethee:1	seethi:1
ਸੇਤ	set:10
ਸੇਧ	sedh:3
ਸੇਧਤ	sedhat:3
ਸੇਧਾਂ	sedhan:2	sedhaan:1
ਸੇਧਿਤ	sedhit:3
ਸੇਨ	sen:9	saeen:1	saen:1	sain:1
ਸੇਨਗੁਪਤਾ	sengupta:3
ਸੇਨਾ	sena:5
ਸੇਨਾਪਤੀ	senapati:3
ਸੇਨੇਗਲ	senegal:2	sangal:1	seengal:1	sengal:1
ਸੇਫਟੀ	safety:2	safty:1
ਸੇਬ	seb:4
ਸੇਰ	ser:5
ਸੇਰਾ	sera:3
ਸੇਰੇਨਾ	serena:3	sarena:1	seena:1	serenaa:1
ਸੇਲਜਮੈਨ	salesman:3
ਸੇਲਜ਼ਮੈਨ	salesman:3	selajmain:1
ਸੇਲਿਨਾ	selina:2	sailina:1	selin:1
ਸੇਲਿੰਗ	seling:2	sailing:1	selling:1
ਸੇਲੀ	seli:3	selee:1
ਸੇਵਕ	sevak:3	sewak:1
ਸੇਵਕੀ	sevaki:3	sevki:1
ਸੇਵਨ	sevan:3
ਸੇਵਾ	seva:4	sewa:2	seeva:1	sheva:1
ਸੇਵਾਕਾਲ	sevakal:3
ਸੇਵਾਦਾਰ	sevadar:2	sewadar:1
ਸੇਵਾਦਾਰਾਂ	sevadaran:2	sewadaran:1
ਸੇਵਾਮੁਕਤ	sevamukat:3	sevamukt:1	sewamukt:1
ਸੇਵਾਮੁਕਤੀ	sevamukati:2	sevamukti:1	sewamukti:1
ਸੇਵਾਵ	sevav:3
ਸੇਵਾਵਾ	sevava:3
ਸੇਵਾਵਾਂ	sevavan:2	sevavaan:1
ਸੇਵਿਕਾ	sevika:2	sewika:1
ਸੇਵੀ	sevi:2	sevvi:1
ਸੇਵੀਆਂ	sevian:1	seviyan:1	seviyian:1	sewian:1
ਸੇਹ	seh:3
ਸੇਹਤ	sehat:3
ਸੇਹਰਾ	sehra:2	sehara:1
ਸੇਹਰੇ	sehre:2	sehare:1
ਸੈ	saay:1	sai:1	sei:1
ਸੈਂਕੜੇ	sainkade:2	sainkde:2	saenakarhe:1	saenkarhe:1
ਸੈਂਚੀਆਂ	saenchiyan:1	sainchian:1	shainchiyan:1
ਸੈਂਟ	saint:3	saent:1	scent:1
ਸੈਂਟਰ	center:6	centar:1	centre:1	saentar:1
ਸੈਂਟਰਲ	central:2	saentaral:1
ਸੈਂਡਬਰਗ	saendabarag:1	saindbrag:1	sandberg:1
ਸੈਂਡੀ	saendi:1	saindi:1	sandy:1
ਸੈਂਤੀ	sainti:2	saenti:1
ਸੈਂਪਲ	sample:5	saenpal:1
ਸੈਂਸੈਕਸ	sensex:2	sansekas:1
ਸੈਆਂ	saayaan:1	saiaan:1	saiyaan:1	seiaan:1
ਸੈਕ	sac:1	saik:1	shac:1
ਸੈਕਟਰ	sector:3	saiktar:1	sectar:1	sektar:1
ਸੈਕਟਰਾਂ	sectaraan:1	sectoraan:1	sectoran:1
ਸੈਕਟਰੀ	sectari:1	sectary:1	sectory:1
ਸੈਕਰਾਮੈਂਟੋ	sacramento:2	saekramentto:1
ਸੈਕਸ	ceks:1	sacse:1	seks:1	sex:1
ਸੈਕਸਨ	section:2	saction:1	sekson:1
ਸੈਕਸ਼ਨ	section:3	saction:1
ਸੈਕਸੁਅਲ	sexual:3	saiksual:1
ਸੈਕਿੰਡ	second:3	saikind:1
ਸੈਕੂਲਰਵਾਦ	secularvaad:2	saikoolarvad:1
ਸੈਕੜੇ	saikade:2	saekadday:1	saekrhe:1	saikde:1
ਸੈਕੰਡ	second:6	sekond:1	seqond:1	shecond:1
ਸੈਕੰਡਰੀ	secondary:2	saikandari:1	sekandary:1
ਸੈਟਲਮੈਂਟ	settlement:3	saitalmaint:1
ਸੈਟਿੰਗ	setting:4	saitiga:1	saiting:1	setin:1
ਸੈਟੀ	seti:2	saiti:1
ਸੈਡ	said:2	sed:2
ਸੈਣ	sain:2	sen:2
ਸੈਣਾ	saina:2	sena:2
ਸੈਣੀ	saini:3	seni:3	saiinee:1	saiinii:1
ਸੈਣੀਆਂ	seniyan:2	sainian:1	senian:1
ਸੈਦ	sed:2	said:1
ਸੈਦਾ	seda:2	saida:1
ਸੈਦਾਂ	sedan:2	saidan:1
ਸੈਦੇ	saede:1	saide:1	sede:1
ਸੈਨਤ	sainat:1	sanat:1	senat:1
ਸੈਨਾ	sena:2	saina:1	sainaa:1	senaa:1
ਸੈਨਾਨੀ	sainaani:1	sainanee:1	sainani:1	senani:1
ਸੈਨਾਪਤੀ	sainapati:3
ਸੈਨਾਪਤੀਆਂ	sainapatiaan:1	sainapatiyaan:1	senapatiaan:1
ਸੈਨਾਵਾਂ	sainavaan:1	sainavan:1	senawaan:1
ਸੈਨਿਕ	sainik:2	senik:1
ਸੈਨਿਕਾਂ	sainikaan:1	sanikan:1	senikaan:1
ਸੈਨੀ	saini:2	sanee:1	sani:1
ਸੈਨੀਟੇਸ਼ਨ	sainitation:1	sanitation:1	senitation:1
ਸੈਨੇਟਰ	sainetara:1	seenator:1	senatar:1	senator:1
ਸੈਫ	saif:3
ਸੈਫ਼	saif:3
ਸੈਫ਼ੀ	saifi:3
ਸੈਫੂਦੀਨ	saifudin:2	saifudeen:1
ਸੈਮ	saim:2	sam:2	sem:1	sham:1
ਸੈਮੀ	saimi:2	saemmee:1	saemmii:1	sammee:1
ਸੈਮੀਨਲ	semiinal:1	seminal:1	sheminal:1
ਸੈਮੀਨਾਰ	seminar:5	saimintan:1	seminaar:1
ਸੈਮੀਫਾਈਨਲ	semifinal:1	semiifiinal:1	semiphinal:1	shemifinal:1
ਸੈਮੁਅਲ	samuel:2	samual:1
ਸੈਮੂਅਲ	samuel:2	samual:1
ਸੈਯਦ	saayzad:1	saazad:1	saiyad:1	sayyad:1
ਸੈਰ	sair:3	sar:1	sarr:1
ਸੈਰਗਾਹ	sairgah:2	sairagah:1	sairgaah:1
ਸੈਰੀ	sairi:2	serie:1
ਸੈਲ	cell:2	call:1	sail:1	sall:1
ਸੈਲਫਿਸ਼	selfis:1	selfish:1	sellfish:1
ਸੈਲਸੀਅਸ	celcias:1	celciius:1	celcius:1	celciush:1
ਸੈਲਾਂ	sailan:3	selan:1
ਸੈਲਾਨੀ	sailani:3	selani:1
ਸੈਲਾਨੀਆਂ	sailanian:1	sailaniyaan:1	selaniyan:1
ਸੈਲਾਬ	sailaab:2	sailab:1	selab:1
ਸੈਲੀ	saili:3	saiilii:1	sailii:1	sailli:1
ਸੈਲੂਨ	saloan:1	salon:1	selon:1	shaloan:1
ਸੈਲੂਲਰ	celalar:1	cellalar:1	cellular:1	celluular:1
ਸੈਵਨ	saivan:2	seven:1
ਸੈਸ਼ਨ	session:4	seshion:1	sesion:1	shasan:1
ਸੈੱਟ	saet:1	saita:1	sat:1	set:1
ਸੈੱਲ	cell:4	sell:2	cel:1
ਸੈੱਲਜ਼	sailaz:1	sellaz:1	sellz:1
ਸੈੱਸ	cashsh:1	cass:1	ceshsh:1	cess:1
ਸੋ	so:5
ਸੋਂ	son:3	soon:1
ਸੋਂਧੀ	sondhi:2	saundhi:1	soundhi:1
ਸੋਇ	soi:3	shoi:1
ਸੋਇਆ	soiaa:2	soiya:1	soy:1	soya:1
ਸੋਇਆਬੀਨ	soybean:2	soibean:1	soyabean:1	soybeen:1
ਸੋਈ	soi:8	soee:2	shoi:1	shoii:1
ਸੋਕ	sok:4
ਸੋਕੇ	soke:3
ਸੋਖ	sokh:6
ਸੋਖਣ	sokhan:3
ਸੋਖਾ	sokha:3
ਸੋਖੀ	sokhi:2	sokhee:1
ਸੋਖੀਆਂ	sokhiaan:2	sokheeaan:1	sokhiyaan:1
ਸੋਗ	sog:3
ਸੋਚ	soch:10
ਸੋਚਕੇ	sochke:2	sochake:1
ਸੋਚਣ	sochan:5
ਸੋਚਣਾ	sochna:4	sochana:1
ਸੋਚਣੀ	sochani:3
ਸੋਚਦਾ	sochda:3	sochada:2
ਸੋਚਦੀ	sochadi:3
ਸੋਚਦੇ	sochade:2	sochde:1
ਸੋਚਵਾਨ	sochvan:2	sochwan:1
ਸੋਚਾਂ	sochan:2	sochaan:1
ਸੋਚਿਆ	siochaa:2	siochea:2	sochia:2	sochiaa:2
ਸੋਚੀ	sochi:7
ਸੋਚੋ	socho:4
ਸੋਜ	soj:3
ਸੋਜਸ਼	sojash:3
ਸੋਜ਼	soz:3	soj:1
ਸੋਜ਼ਸ਼	sozash:2	sojash:1
ਸੋਝੀ	sojhi:3
ਸੋਟ	shot:1	soot:1	sot:1
ਸੋਟੀ	soti:3
ਸੋਟੀਆਂ	sotiaan:2	sotiyaan:1	sotiyan:1
ਸੋਡਾ	soda:4	sada:1	sadaa:1	shoda:1
ਸੋਡੀ	sodi:3
ਸੋਡੀਅਮ	sodium:4	sodiam:2	sodeeyam:1	sodiiam:1
ਸੋਢੀ	sodhi:6	soddi:1
ਸੋਣ	son:3
ਸੋਦਾਗਰ	sodagar:2	saudagar:1
ਸੋਧ	sodh:4
ਸੋਧਣਾ	sodhana:2	sodhna:1
ਸੋਧਦੀ	sodhadi:3
ਸੋਧਵਾਦੀ	sodhwadi:3
ਸੋਧਾਂ	sodhan:2	sodhaan:1
ਸੋਧਿਆ	sodhiaa:3	sodhiyaa:1
ਸੋਧੀ	sodhi:2	sodhee:1
ਸੋਧੇ	sodhe:3
ਸੋਧੋ	sodho:2	sodhe:1
ਸੋਨ	son:3
ਸੋਨਮ	sonam:5	sanam:1	soonam:1
ਸੋਨਲ	sonal:3
ਸੋਨਾ	sona:4	shona:1	soona:1
ਸੋਨਾਕਸ਼ੀ	sonakshi:3	sanakshi:1
ਸੋਨਾਲੀ	sonali:3
ਸੋਨਿਆ	sonia:4	soniya:2
ਸੋਨੀ	soni:5	sony:4	sonii:2	shoni:1
ਸੋਨੀਆ	sonia:10	soniya:3	soniaa:1	soniyaa:1
ਸੋਨੀਪਤ	sonipat:3	soneepat:1
ਸੋਨੂ	sonu:6	shhonu:1	shonu:1	shonuu:1
ਸੋਨੇ	sone:4
ਸੋਫਟ	soft:2	sofat:1
ਸੋਫ਼ੀ	sofi:1	sofie:1	sophee:1
ਸੋਫ਼ੀਆ	sofia:2	sophia:1
ਸੋਫ਼ੇ	sofe:2	sophe:1
ਸੋਫੀ	sofie:3	sofee:1	sofi:1
ਸੋਫੀਆ	sofia:4	sofiaa:1	sofiiaa:1	sophia:1
ਸੋਭਾ	sobha:3
ਸੋਮ	som:5
ਸੋਮਦੇਵ	somdev:2	somadev:1
ਸੋਮਨ	soman:3
ਸੋਮਨਾਥ	somnath:2	somanath:1
ਸੋਮਪਾਲ	sompal:2	somapaal:1
ਸੋਮਵਾਰ	somvaar:2	somvar:2	somavaar:1
ਸੋਮਾ	soma:6	somaa:1	sooma:1	soomaa:1
ਸੋਮਾਲੀ	somali:5	shhomali:1	shomaalee:1	shomaali:1
ਸੋਮਾਲੀਆ	somaliaa:2	somaaliaa:1	somalia:1	somaliiaa:1
ਸੋਮਿਆ	somiaa:2	somia:1	somiyaa:1
ਸੋਮਿਆਂ	somiaan:2	somian:1	somiyaan:1
ਸੋਮੇ	some:3	somey:1
ਸੋਰਠਾ	sortha:2	soratha:1
ਸੋਰਾ	sora:3
ਸੋਰੇਨ	soren:4	shoren:1	sooren:1
ਸੋਲ	sole:2	soul:2	saul:1	seoul:1
ਸੋਲਜਰ	soldier:3
ਸੋਲਡ	sold:2	solad:1	solid:1
ਸੋਲਨ	solan:3
ਸੋਲਰ	solar:3
ਸੋਲਾਂ	solan:3
ਸੋਲਾਨਾ	solana:3
ਸੋਲੋਮਨ	solomon:2	soloman:1	solomen:1
ਸੋਲੋਮੋਨ	solomon:3
ਸੋਲ੍ਹਵਾਂ	solhavan:1	solhwan:1	solvan:1	soulvan:1
ਸੋਲ੍ਹਵੀਂ	solahvi:1	solahvin:1	solahween:1	solhvin:1
ਸੋਲ੍ਹਵੇਂ	solhaven:1	solhawen:1	solven:1	soulhve:1
ਸੋਲ੍ਹਾ	sola:1	solha:1	soulha:1
ਸੋਲ੍ਹਾਂ	solahan:1	solan:1	solhan:1	soulan:1
ਸੋਵਿਅਤ	soviat:3	soviyat:3	souviat:1	soviet:1
ਸੋਵੀਅਤ	soviet:2	saviat:1	saviet:1	sawiat:1
ਸੋਸ਼ਣ	soshan:3
ਸੋਸ਼ਲ	social:8	soshal:1
ਸੋਸ਼ਲਿਸਟ	socialist:1	soshalisat:1	soshaliset:1	soshalist:1
ਸੋਸਾਇਟੀ	society:3	shociety:1	shoshaitee:1	shoshaitii:1
ਸੋਹਜ	sohaj:3
ਸੋਹਣ	sohan:6
ਸੋਹਣਾ	sohna:4	sohnna:1
ਸੋਹਣਿਆ	sohaneya:2	sohneya:2
ਸੋਹਣਿਆਂ	sohaneyan:1	sohaniaan:1	sohneyaan:1
ਸੋਹਣੀ	sohani:3	sohni:3	sohnni:1
ਸੋਹਣੀਆਂ	sohaniyan:1	sohniaan:1	sohniyian:1
ਸੋਹਣੀਏ	sohaniye:1	sohniye:1	sohnniye:1
ਸੋਹਣੇ	sohne:4	sohane:1	sohnne:1
ਸੋਹਨ	sohan:8
ਸੋਹਮ	soham:3
ਸੋਹਰੇ	sohre:2	sohare:1
ਸੋਹਲ	sohal:4
ਸੋਹਲਾ	sohala:2	sohla:2
ਸੋਹਿਲਾ	sohila:3	siohala:1	siohla:1	sohla:1
ਸੋਹਿਲੇ	sohile:3
ਸੋਹਿੰਦਰ	sohindar:2	sohinder:1
ਸੋਹੀ	sohi:6
ਸੋਹੇਲ	sohail:2	sohel:2
ਸੌ	sau:1	saun:1	soun:1
ਸੌਂ	saun:2	soun:1
ਸੌਂਕਣ	saunkan:2	sounkan:1
ਸੌਂਦਰਯ	saundaray:2	saundarya:1	saundrya:1	sondarye:1
ਸੌਂਦਰਿਆ	saundariaa:1	saundria:1	soundria:1
ਸੌਂਦੀ	saundee:1	saundi:1	sondi:1	soundi:1
ਸੌਂਧਾ	saundha:1	saundhaa:1	sondha:1	soundha:1
ਸੌਂਪ	saunp:4	sounp:2	sonp:1
ਸੌਂਪਣ	saunpan:2	sonpan:1	sounpan:1
ਸੌਂਪਾ	saunpaa:2	sounpa:2	saunpa:1	sonpa:1
ਸੌਂਪਿਆ	saunpiaa:1	sonpiya:1	sounpia:1	sounpiya:1
ਸੌਂਪੀ	saunpee:1	saunpi:1	sonpi:1	sounpi:1
ਸੌਂਪੀਆਂ	saunpeeaan:1	sounpian:1	sounpiyan:1
ਸੌਂਪੇ	saunpe:3	sounpe:2	sonpe:1	sounpay:1
ਸੌਂਫ	saunf:2	saunph:2	sonf:2	sounf:2
ਸੌਕ	sauk:2	saunk:1	sounk:1
ਸੌਕਤ	saukat:2	saunkat:1	sounkat:1
ਸੌਕੀਨ	saukeen:1	saukin:1	saunkeen:1	sounkeen:1
ਸੌਖ	saukh:3	soukh:1
ਸੌਖਾ	saukha:3	soukha:1
ਸੌਖਿਆਂ	saukhian:1	saukhiyaan:1	saunkhian:1	sounkhian:1
ਸੌਖੀ	saukhi:2	saunkhi:1	sounkhi:1
ਸੌਖੇ	saukhe:2	saunkhe:1	sounkhe:1
ਸੌਗਾਤ	saugat:2	saungat:1	soungat:1
ਸੌਗੀ	saugi:2	saungi:1	soungi:1
ਸੌਣ	saun:2	sauna:1	soun:1
ਸੌਣਾ	sauna:3	souna:1
ਸੌਤੇਲੇ	sautele:3	soutele:1
ਸੌਦਾ	sauda:2	saunda:1	sounda:1
ਸੌਦਾਗਰ	saudagar:2	saundagar:1	sodagar:1	soundagar:1
ਸੌਦੇ	saude:2	saundi:1	soundi:1
ਸੌਦੇਬਾਜ਼ੀ	saudebaji:1	saudebazi:1	saundebaazi:1	soundebaazi:1
ਸੌਪਿਆ	saunpia:1	saupia:1	sophiya:1	sounpia:1
ਸੌਪੀ	saupi:2	saunpi:1	sounpi:1
ਸੌਰ	saunr:1	saur:1	sounr:1	sour:1
ਸੌਰਭ	saurabh:2	sourabh:2
ਸੌਰਮੰਡਲ	saurmandal:2	saunrmandal:1	sounrmandal:1
ਸੌਰਵ	saurav:5	sauraw:1	souraw:1
ਸੌਰਾਸ਼ਟਰ	sauraashatar:1	saurashter:1	sourashter:1
ਸੌਰੀ	saunri:1	sauree:1	sauri:1	sounri:1
ਸੌਵੇਂ	saunwe:1	sauven:1	sonven:1	sounwe:1
ਸੌੜੀਆਂ	saudeeaan:1	saundian:1	sodiyaan:1	soundian:1
ਸੌੜੇ	saude:1	saunde:1	sone:1	sounde:1
ਸ੍ਕਿਨ	scin:1	shcin:1	shkin:1	shkinn:1
ਸ੍ਰ	sra:4	ser:1	sr:1
ਸ੍ਰਵਣ	sravan:5	sarvan:1
ਸ੍ਰਿਸਟੀ	srisatee:1	srisati:1	sristi:1
ਸ੍ਰਿਸ਼ਟੀ	srishti:3	srishati:1
ਸ੍ਰੀ	sri:3	sree:1
ਸ੍ਰੀਗੁਰੂ	sriguru:2	sreeguru:1
ਸ੍ਰੀਦੇਵੀ	sridevi:2	sreedevee:1
ਸ੍ਰੀਨਗਰ	srinagar:3	sreenagar:2	shrinagar:1
ਸ੍ਰੀਮਤੀ	srimati:2	sreematee:1
ਸ੍ਰੀਮਾਨ	sriman:2	sreemaan:1
ਸ੍ਰੀਰ	srir:2	sareer:1
ਸ੍ਰੀਰਾਮ	sriram:2	sreeraam:1
ਸ੍ਰੀਲੰਕਾ	srilanka:3	sreelankaa:1
ਸ੍ਰੇਣੀ	sreni:3
ਸ੍ਰੇਣੀਆਂ	shreniaan:1	sreneeaan:1	sreniaan:1	sreniyaa:1
ਸ੍ਰੇਸ਼ਟ	sreshat:2	shresht:1
ਸ੍ਰੇਸ਼ਟਤਾ	sreshtata:2	sreshatata:1
ਸ੍ਰੇਸ਼ਠ	srashath:1	sreshath:1	sreshth:1
ਸ੍ਰੋਤ	srot:3
ਸ੍ਰੋਤਾ	srota:3
ਸ੍ਰੋਤਾਂ	sratan:1	srotaan:1	srotan:1
ਸ੍ਰੋਤੇ	srote:3
ਸ੍ਰੋਮਣੀ	sromani:3
ਸੜ	sad:5	sarh:2
ਸੜਕ	sadak:9	sarhak:2
ਸੜਕਨਾਮਾ	sadaknama:1	sarhakanama:1	sarhaknaamaa:1
ਸੜਕਾਂ	sadakan:3	sadkan:2	sarhakan:1	sarhkaan:1
ਸੜਕੋਂ	sadkon:1	sarhakon:1	sarhkon:1
ਸੜਦਾ	sadada:1	sarhada:1	sarhdaa:1
ਸੜਨ	sadan:3	sarhan:2
ਸੜੀ	sadi:1	sarhee:1	sarhi:1
ਸੜੇ	sarhe:2	sade:1
ਸੰਕਟ	sankat:2	sankatt:1
ਸੰਕਟਕਾਲੀਨ	sankatakalin:2	sankatkaleen:1	sankattkalin:1
ਸੰਕਟਾਂ	sankatan:2	sankattaan:1
ਸੰਕਰ	sankar:2	sanker:1
ਸੰਕਰਮਣ	sankarman:2	sankramann:1
ਸੰਕਰਮਣਾਂ	sankarmanan:2	sankramannan:1
ਸੰਕਰਾ	sankra:2	sankara:1	shankara:1
ਸੰਕਲਨ	sankalan:3
ਸੰਕਲਪ	sankalap:2	sankalp:1
ਸੰਕਲਪਾਂ	sankalpan:2	sankalpa:1
ਸੰਕਲਪਿਤ	sankalpit:3
ਸੰਕਲਪੀ	sankalpi:3
ਸੰਕਲਿਤ	sankalit:2	sanklit:1
ਸੰਕੀਰਣ	sankiran:2	sankikaran:1
ਸੰਕੀਰਣਤਾ	sankiranta:2	sankeeranta:1	sankiranata:1
ਸੰਕੁਚਿਤ	sankuchit:3
ਸੰਕੇਤ	sanket:3
ਸੰਕੇਤਕ	sanketak:3
ਸੰਕੇਤਾਂ	sanketan:3
ਸੰਕੇਤਿਕ	sanketik:2	sanketic:1
ਸੰਕੋਚ	sankoch:5	sancoach:1
ਸੰਕੋਚੀ	sankochi:3	sancochi:1
ਸੰਕ੍ਰਾਂਤੀ	sankranti:3	sankrantee:1
ਸੰਖ	sankh:4
ਸੰਖਾਸੁਰ	sankhasur:3
ਸੰਖਿਅਕ	sankhiak:3
ਸੰਖਿਆ	sankhia:2	sankhea:1	sankhiaa:1
ਸੰਖਿਆਵਾਂ	sankheawan:1	sankhevan:1	sankhiava:1	sankhiavan:1
ਸੰਖਿਪਤ	sankhipat:2	sankhipt:1
ਸੰਖੀਆ	sankhia:2	sankhiaa:1
ਸੰਖੇਪ	sankhep:3
ਸੰਗ	sang:10
ਸੰਗਠਤ	sangathat:2	sangathit:1	sangthat:1
ਸੰਗਠਨ	sangathan:2	sanghathan:1
ਸੰਗਠਨਾਂ	sangathanan:2	sangathnaan:1
ਸੰਗਠਨਾਤਮਕ	sangathanatamak:1	sangathanatmak:1	sangathnatamak:1	sangathnatmak:1
ਸੰਗਠਿਤ	sangathit:3
ਸੰਗਤ	sangat:4
ਸੰਗਤਪੁਰਾ	sangatpura:3
ਸੰਗਤਾਂ	sangatan:2	sangtaan:1	sangtan:1
ਸੰਗਤਿ	sangati:2	sangti:1
ਸੰਗਮ	sangam:3
ਸੰਗਮਰਮਰ	sangmarmar:2	sangemarmar:1
ਸੰਗਯਾ	sangya:2	sangaya:1
ਸੰਗਰਾਮ	sangram:5	sangraam:1
ਸੰਗਰਾਮੀ	sangrami:2	samgrami:1
ਸੰਗਰੂਰ	sangrur:9	sangroor:2
ਸੰਗਲ	sangal:3
ਸੰਗਾ	sanga:4
ਸੰਗਾਊ	sangaau:2	sangaaoo:1	sangau:1
ਸੰਗਾਕਾਰਾ	sangakara:2	sangakkara:2
ਸੰਗਿਆ	sangiaa:2	sangeya:1
ਸੰਗੀ	sangi:3	sangee:1
ਸੰਗੀਆਂ	sangeeaan:1	sangiaan:1	sangian:1	sangiyian:1
ਸੰਗੀਤ	sangeet:4	sangit:1
ਸੰਗੀਤਕ	sangeetak:3
ਸੰਗੀਤਕਾਰ	sangeetkar:4
ਸੰਗੀਤਬੱਧ	sangeetbaddh:1	sangeetbadh:1	sangeetbadhdh:1
ਸੰਗੀਤਮਈ	sangeetmai:2	sangeetmaee:1	sangeetmayi:1
ਸੰਗੀਤਾ	sangeeta:3	sangita:2	sangeetika:1
ਸੰਗੀਤਾਤਮਕ	sangeetatmak:3
ਸੰਗੀਤਿਕ	sangeetik:2	sangitik:1
ਸੰਗੀਨ	sangeen:4	sangin:1
ਸੰਗੋ	sango:3
ਸੰਗ੍ਰਹਿ	sangrahi:3
ਸੰਗ੍ਰਹਿਆਂ	sangrahiaan:2	sangahiaan:1
ਸੰਗ੍ਰਹਿਤ	sangrahit:2	sangarahit:1
ਸੰਗ੍ਰਾਮ	sangram:3	sangraam:1
ਸੰਘ	sangh:8
ਸੰਘਣੀ	sanghani:2	sanghanee:1	sanghnni:1
ਸੰਘਣੇ	sanghane:2	sanghnne:1
ਸੰਘਰ	sanghar:5
ਸੰਘਰਸ਼	sangharsh:9	sangharash:1
ਸੰਘਾ	sangha:3	sanghaa:1
ਸੰਘੀ	sanghi:5
ਸੰਘੇ	sanghe:3
ਸੰਘੇੜਾ	sangheda:2	sanghera:1	sangherha:1
ਸੰਚਤ	sanchat:3
ਸੰਚਾਈ	sanchai:2	sanchaai:1
ਸੰਚਾਰ	sanchar:3
ਸੰਚਾਰਤ	sancharat:3
ਸੰਚਾਰਿਤ	sancharit:3
ਸੰਚਾਲਕ	sanchalak:4
ਸੰਚਾਲਤ	sanchalat:3
ਸੰਚਾਲਿਤ	sanchalit:3
ਸੰਚਿਤ	sanchit:3
ਸੰਜਨਾ	sanjana:2	sanjna:1
ਸੰਜਮ	sanjam:5
ਸੰਜਮਤਾ	sanjamata:2	sanjamta:2
ਸੰਜ਼ਮ	sanzam:2	sanjam:1
ਸੰਜੀਦਗੀ	sanjidagi:5
ਸੰਜੀਵ	sanjeev:3	sanjiv:2	saanjeev:1	saanjiv:1
ਸੰਜੀਵਨੀ	sanjivani:2	sanjeevni:1
ਸੰਜੇ	sanjay:4	sanjae:1	sanjai:1	sanje:1
ਸੰਜੋਇਆ	sanjoiaa:1	sanjoiyaa:1	sanjoyeya:1
ਸੰਜੋਗ	sanjog:10
ਸੰਝ	sanjh:2	sanjhh:1
ਸੰਡੇ	sunday:4	sande:1	shundaay:1	shunday:1
ਸੰਢਾ	sandha:2	sandda:1
ਸੰਤ	sant:10
ਸੰਤਰੀ	santari:2	santri:2
ਸੰਤਰੇ	santre:2	santare:1
ਸੰਤਾ	santa:10	santaa:1	shanta:1	shantaa:1
ਸੰਤਾਨ	santaan:7	santan:5
ਸੰਤਾਪ	santap:5	santaap:1
ਸੰਤਾਲੀ	santali:3
ਸੰਤੁਲਤ	santulat:3
ਸੰਤੁਲਨ	santulan:3
ਸੰਤੁਲਿਤ	santulit:8
ਸੰਤੁਸ਼ਟ	santusht:5	santushat:1
ਸੰਤੁਸ਼ਟੀ	santushti:3	santushati:1
ਸੰਤੂਰ	santoor:3	santur:1
ਸੰਤੋਖ	santokh:9
ਸੰਤੋਖਜਨਕ	santokhjanak:3
ਸੰਤੋਖਸਰ	santokhsar:3
ਸੰਤੋਸ਼	santosh:4	santoosh:1	santos:1	shantoshh:1
ਸੰਤੋਸ਼ੀ	santoshi:3
ਸੰਥਾਲ	santhal:3
ਸੰਦ	sand:5
ਸੰਦਰਭਾਂ	sandarbhan:2	sandarabhan:1
ਸੰਦਲੀ	sandali:3
ਸੰਦੀਪ	sandeep:8	sandip:2	sandiip:1	shandeep:1
ਸੰਦੂਕ	sandook:4	sanduk:1
ਸੰਦੂਕਾਂ	sadukan:1	sandookan:1	sandukan:1
ਸੰਦੇਸ	sandes:5
ਸੰਦੇਸ਼	sandesh:7	sadesh:1
ਸੰਦੇਸ਼ਵਾਹਕ	sandeshvahak:2	sandeshwahak:1
ਸੰਦੇਹ	sandeh:3
ਸੰਧਾਵਾਲੀਆ	sandhavaliya:1	sandhavaliyaa:1	sandhawaliaa:1
ਸੰਧਿਆ	sandheya:1	sandhiaa:1	sandhya:1
ਸੰਧੀ	sandhi:3
ਸੰਧੀਆਂ	sandhiaan:2	sandhiyaan:1	sandhiyan:1
ਸੰਧੂ	sandhu:4	sadhu:1	sandhoo:1
ਸੰਧੂਆਂ	sandhuaan:2	sandhuyan:1
ਸੰਨ	son:4	sun:4	sann:3
ਸੰਨਿਆਸ	saneyaas:1	saniaas:1	saniyaas:1	sanniaas:1
ਸੰਨੀ	sanni:3	sunny:3	sanii:1	sannee:1
ਸੰਪਤ	sampat:5
ਸੰਪਤੀਆਂ	sanpatiyan:2	sampatiaan:1	sanpatian:1
ਸੰਪਦਾ	sampada:2	sanpada:1
ਸੰਪਨ	sampan:3	sanpan:1
ਸੰਪਰਕ	sampark:2	samparak:1	sanpark:1
ਸੰਪਰਦਾ	samparda:3	sanparda:1
ਸੰਪਰਦਾਇ	sampardaai:1	sanpardaii:1	sanpardayi:1
ਸੰਪਰਦਾਇਕ	sampardaaik:2	sanpardaiik:1	sanpardayik:1
ਸੰਪਰਦਾਇਕਤਾ	sampardaaikta:1	sampardayikata:1	sanpardaiikta:1	sanpardayikta:1
ਸੰਪਰਦਾਵਾਂ	sampardaavaan:1	sampardavan:1	sanpardavan:1
ਸੰਪਾ	sampa:2	sanpa:1
ਸੰਪਾਦਕ	sampadak:2	sanpadak:1
ਸੰਪਾਦਕਾਂ	sampaadakaan:1	sampadakan:1	sanpadakan:1
ਸੰਪਾਦਕੀ	sampaadakee:1	sampadaki:1	sanpadaki:1
ਸੰਪਾਦਤ	sampaadat:1	sampadat:1	sanpadat:1
ਸੰਪਾਦਨ	sampaadan:1	sampadan:1	sanpadan:1
ਸੰਪਾਦਨਾ	sampaadana:1	sampadana:1	sanpadna:1
ਸੰਪਾਦਿਤ	sampaadit:1	sampadit:1	sanpadit:1
ਸੰਪੂਰਣ	sampuran:2	sampooran:1	sanpuran:1	sanpuuran:1
ਸੰਪੂਰਣਤਾ	sampooranta:1	sampuranata:1	sanpurnta:1	sanpuurnta:1
ਸੰਪੂਰਨ	sampooran:1	sampuran:1	sanpuran:1	sanpuuran:1
ਸੰਪੂਰਨਤਾ	sampuranata:2	sampooranta:1	sampuranta:1
ਸੰਪ੍ਰਦਾ	samparda:2	samprada:1	samprda:1
ਸੰਪ੍ਰਦਾਇ	sampardayi:1	sampradai:1	sampradayi:1
ਸੰਪ੍ਰਦਾਇਕ	sampradayik:2	sampardayik:1	sampradaik:1
ਸੰਪ੍ਰਦਾਏ	sampradaye:2	sampardaye:1	sampradae:1
ਸੰਪ੍ਰਦਾਯ	sampraday:2	sampardaa:1	sampardaay:1
ਸੰਪ੍ਰਦਾਵਾਂ	sampradavan:2	sampardavan:1	sampradawan:1
ਸੰਪ੍ਰਭੁਤਾ	samprabhuta:2	samparabuta:1
ਸੰਪੰਨ	sampan:2	sampann:2
ਸੰਪੱਤੀ	samppati:5	sampatti:1	sanpatti:1
ਸੰਬਧ	sambadh:3	sanbadh:1
ਸੰਬਧਾਂ	sambadhan:2	sabandhan:1
ਸੰਬਧਿਤ	sambadhit:2	sambdit:1
ਸੰਬਧੀ	sambadhi:2	sambandi:1
ਸੰਬੋਧਤ	sambodhat:2	sabhodhat:1
ਸੰਬੋਧਨ	sambodhan:6
ਸੰਬੋਧਿਤ	sambodhit:3
ਸੰਬੰਧ	sambandh:4	sambhandh:2
ਸੰਬੰਧਕ	sambandhak:4
ਸੰਬੰਧਤ	sambandhat:3
ਸੰਬੰਧਿਤ	sambandhit:2	sambandht:1
ਸੰਬੰਧੀ	sambandhi:4
ਸੰਬੰਧੀਆਂ	sambandhiaan:2	sambandheeaan:1
ਸੰਭ	sambh:3	sanbh:1
ਸੰਭਲਣ	sambhalan:2	sambhalann:1
ਸੰਭਵ	sambhav:5	sambhaw:1
ਸੰਭਾ	sambha:5
ਸੰਭਾਲ	sambhal:4	sambhaal:1
ਸੰਭਾਲਣ	sambhalan:2	sambhaalan:1	sambhalann:1
ਸੰਭਾਲਣਾ	sambhalna:2	sambhaalna:1	sambhalnna:1
ਸੰਭਾਲਦਾ	sambhalda:2	sambhaalda:1
ਸੰਭਾਲਦੀ	sambhaldi:2	sambhaaladi:1
ਸੰਭਾਲਦੇ	sabhalde:1	sambhaalde:1	sambhalde:1
ਸੰਭਾਲਨ	sambhalan:2	sambhaalan:1
ਸੰਭਾਲਿਆ	sambhaliaa:2	sambhaaliaa:1
ਸੰਭਾਲੀ	sambhali:3	sabhali:1	sambhaali:1
ਸੰਭਾਵਤ	sambhavat:3	sambavat:1	sambawat:1
ਸੰਭਾਵਨਾ	sambhavna:9	sambhawna:1
ਸੰਭਾਵਨਾਵਾਂ	sambhavnavan:3	sambhavnawan:1
ਸੰਭਾਵਿਕ	sambhavik:3	sanbhavik:1
ਸੰਭਾਵਿਤ	sambhavit:2	sambavit:1	sambawit:1
ਸੰਭਾਵੀ	sambhavi:3	sambavi:1	sambawi:1	sanbhavi:1
ਸੰਭੋਗ	sambhog:3	sambog:1
ਸੰਮਤ	sammat:2	sanmat:2	samat:1	summit:1
ਸੰਮਤੀ	sammati:2	samati:1	samiti:1	samnati:1
ਸੰਮਤੀਆਂ	samatian:1	sammatiaan:1	sammitian:1	samtiyan:1
ਸੰਮਲਿਤ	samalit:1	samlit:1	sammalit:1	samnlit:1
ਸੰਮਾਨ	samman:3	samaan:1	samaman:1	sanmaan:1
ਸੰਮਿਲਤ	samilat:2	sammilat:1	sanmilat:1
ਸੰਮਿਲਿਤ	samilit:2	sammilit:1	sanmilit:1
ਸੰਮੀ	sammi:2	sami:1	samin:1	sammy:1
ਸੰਮੇਲਨ	sammelan:3	sanmelan:1
ਸੰਮੋਹਕ	sanmohak:2	sammohak:1
ਸੰਮੋਹਨ	sanmohan:2	sammohan:1
ਸੰਮੋਹਿਤ	sanmohit:2	sammohit:1
ਸੰਯੁਕਤ	sanyukat:2	sanyukt:1
ਸੰਯੋਗ	sanyog:3
ਸੰਯੋਜਿਤ	sanyojit:3
ਸੰਰਚਨਾ	sanrachna:2	sanrachanaa:1
ਸੰਰਚਨਾਗਤ	sanrachnatmak:4	sanrachanaagat:1	sanrachnagat:1
ਸੰਰਚਨਾਤਮਕ	sanrachanaatamak:1	sanrachnatamak:1	sanrachnatmak:1
ਸੰਰਚਨਾਤਮਿਕ	sanrachnaatamik:1	sanrachnatmik:1	sarchnatmik:1
ਸੰਵਤ	sanwat:2	samvat:1
ਸੰਵਰ	sanwar:2	samvar:1
ਸੰਵਾਦ	samwad:2	samvaad:1	samvad:1	sanwaad:1
ਸੰਵਾਦਾਂ	samvadan:1	sanvadan:1	sanwadan:1	savadan:1
ਸੰਵਾਦੀ	sanvadi:2	samwadi:1	sanwadi:1
ਸੰਵਾਰ	sanvar:2	samvaar:1	samvar:1	sanvaar:1
ਸੰਵਾਰਦਾ	samvarda:2	sanvarda:1	sanwarda:1	swarada:1
ਸੰਵਾਰਨ	sanvaran:2	samvaran:1	sanwaran:1
ਸੰਵਾਰਿਆ	samvariyaa:1	sanvariaa:1	sanwariya:1
ਸੰਵਾਰੀ	samvaari:2	sanwari:1	savari:1	swari:1
ਸੰਵਿਧਾਨ	samvidhan:5	sanvidhan:1	savidhan:1	sawidhan:1
ਸੰਵਿਧਾਨਕ	samvidhanak:2	savidhanak:1	sawidhanak:1
ਸੰਵਿਧਾਨਿਕ	sanvidhanik:2	sanwidhanik:1
ਸੰਵੇਗ	sanveg:2	samveg:1	samweg:1	sanvague:1
ਸੰਵੇਦਕ	sanvedak:2	samvedak:1	sanwedak:1
ਸੰਵੇਦਨਸ਼ੀਲ	samvedansheel:2	sanvedansheel:2	sanwedansheel:1
ਸੰਵੇਦਨਸ਼ੀਲਤਾ	sanvedansheelta:2	samvedansheelta:1
ਸੰਵੇਦਨਾਵਾਂ	samvednavan:2	samvednawan:1	sanvednavan:1
ਸੰਵੇਦੀ	samvedi:2	sanvedi:1	sanwedi:1	savedi:1
ਸੰਸ	sans:2	sons:1
ਸੰਸਕਰਣ	sanskaran:3
ਸੰਸਕਰਣਾਂ	sanskaranan:2	sanskarna:1
ਸੰਸਕਰਨ	sanskaran:3
ਸੰਸਕਰਨਾਂ	sanskaranan:1	sanskarna:1	sanskarnan:1
ਸੰਸਕਾਰ	sanskar:2	sanskaar:1
ਸੰਸਕਾਰਾਂ	sanskaran:2	sanskaaran:1
ਸੰਸਕ੍ਰਿਤ	sanskrit:4	sansqrit:1	sasakrita:1	shanshkrit:1
ਸੰਸਕ੍ਰਿਤਕ	sanskritak:3
ਸੰਸਕ੍ਰਿਤਿਕ	sanskritik:3
ਸੰਸਕ੍ਰਿਤੀ	sanskriti:3
ਸੰਸਕ੍ਰਿਤੀਆਂ	sanskritian:2	sanskritiyan:2
ਸੰਸਥਾ	sanstha:3
ਸੰਸਥਾਂਵਾਂ	sansthanvan:2	sansthawan:2	sansthavan:1
ਸੰਸਥਾਈ	sansthai:2	sansthayi:2
ਸੰਸਥਾਗਤ	sansthagat:2	snasthagat:1
ਸੰਸਥਾਨ	sansthan:3
ਸੰਸਥਾਨਾਂ	sansthanan:2	sansthana:1
ਸੰਸਥਾਪਕ	sansthapak:2	santhapak:1
ਸੰਸਥਾਪਕਾਂ	sansthapkan:2	sansthapakan:1
ਸੰਸਥਾਵਾ	sansthava:3	sansthawa:1
ਸੰਸਥਾਵਾਂ	sansthavan:2	sansthawan:2	sansathavan:1
ਸੰਸਦ	sansad:3
ਸੰਸਦੀ	sansadi:2	sansdi:2	sansady:1
ਸੰਸਲੇਸ਼ਣ	sansleshan:2	sanlashan:1	senslation:1
ਸੰਸ਼ਲੇਸ਼ਣ	sanshaleshan:1	sanshleshan:1	sashaleshan:1	senslation:1
ਸੰਸ਼ੋਧਨ	sanshodhan:3
ਸੰਸ਼ੋਧਿਤ	sanshodhit:1	sanshoudhit:1	sashodhit:1
ਸੰਸਾਧਨ	sansadhan:3
ਸੰਸਾਧਨਾਂ	sansadhanan:1	sansadhna:1	sansadhnan:1
ਸੰਸਾਰ	sansar:2	sansaar:1
ਸੰਸਾਰਕ	sansarak:2	sanskar:1
ਸੰਸਾਰਿਕ	sansarik:3
ਸੰਸਾਰੀ	sansari:3
ਸੰਸਾਰੀਕਰਨ	sansarikaran:3
ਸੰਹਾਰ	sanhaar:2	sanhar:2
ਸੰਹਿਤਾ	sahinta:1	sanheta:1	sanhita:1	sanhitaa:1
ਸੱਕ	suck:2	sak:1
ਸੱਕਤਰ	sakkatar:2	sakatar:1
ਸੱਕਰ	sakkar:2	soccer:1
ਸੱਖਣੀ	sakhani:1	sakhkhni:1	shakhnni:1
ਸੱਖਣੀਆਂ	sakhanian:1	sakhkhneeaan:1	shakhnnian:1
ਸੱਗੀ	saggi:2	sagi:1
ਸੱਚ	sach:1	sachch:1	soch:1
ਸੱਚਦੇਵ	sachdev:2	sachchdev:1
ਸੱਚਮੁਚ	sachamuch:1	sachchmuch:1	sachmuch:1
ਸੱਚਾ	sacha:2	sachaa:1	sachcha:1	shacha:1
ਸੱਚਾਈ	sachayi:2	sachchaaee:2	sachai:1	sachani:1
ਸੱਚਾਈਆਂ	sachaiyan:1	sachayian:1	sachchaaeeaan:1
ਸੱਚੀ	sachi:2	sachhi:1
ਸੱਚੇ	sache:2	sacchhe:1	sachhe:1
ਸੱਜ	sajj:2	saj:1
ਸੱਜਣ	sajjan:2	sajan:1	sajjann:1
ਸੱਜਣਾ	sajana:1	sajjana:1	sajjnaa:1	sajna:1
ਸੱਜਨ	sajan:3	sajjan:1
ਸੱਜਰਾ	sajara:2	sajjara:1	sajjra:1
ਸੱਜਰੀ	sajari:2	sajjari:1	sajjri:1
ਸੱਜਰੇ	sajare:1	sajjare:1	sajjre:1	sajre:1
ਸੱਜਾ	sajja:3	saja:1
ਸੱਟਾਂ	sattan:3
ਸੱਟੇ	satte:2	sate:1
ਸੱਠ	satth:3
ਸੱਤ	satt:4
ਸੱਤਰ	sattar:3
ਸੱਤਵਾਂ	sattvan:3	sattwan:1
ਸੱਤਵੀ	sattvee:1	sattvi:1	sattwi:1
ਸੱਤਵੀਂ	sattvin:2	sattveen:1	sattwin:1
ਸੱਤਵੇਂ	sattven:2	sattvein:1	sattwen:1
ਸੱਤਾ	satta:3
ਸੱਤਾਂ	sattan:3
ਸੱਤਾਧਾਰੀ	sattadhari:6
ਸੱਤਾਰ	sattar:3
ਸੱਤਿਆ	sattia:2	sateeya:1	sathya:1	satie:1
ਸੱਤਿਆਜੀਤ	satyajeet:2	satiyajeet:1
ਸੱਤੇ	satte:3
ਸੱਦਾ	sadda:3
ਸੱਦਿਆ	saddia:1	saddiaa:1	sadiaa:1
ਸੱਦੀ	saddi:3
ਸੱਦੇ	sadde:3	sade:2
ਸੱਦੋ	saddo:1	saddon:1	sado:1
ਸੱਧਰਾਂ	sadharan:1	sadhraan:1	sadraan:1
ਸੱਪ	sapp:3
ਸੱਪਸ਼ਟ	sappashat:1	sappshat:1	spasht:1
ਸੱਪਾ	sappa:3
ਸੱਪਾਂ	sappan:3
ਸੱਬ	sabb:3
ਸੱਭ	sabb:1	sabbh:1	sabh:1
ਸੱਭਿਅਕ	sabbhiak:1	sabhak:1	sabheyak:1
ਸੱਭਿਅਚਾਰ	sabhachar:1	sabheyachaar:1	sabhiachar:1
ਸੱਭਿਅਤਾ	sabheyata:2	sabhiata:1
ਸੱਭਿਅਤਾਵਾਂ	sabhatavan:1	sabheyatavan:1	sabhiataanva:1
ਸੱਭਿਆ	sabheya:1	sabhia:1	sabhiya:1
ਸੱਭਿਆਚਾਰ	sabhachar:2	sabheyachaar:2	sabhiachar:2
ਸੱਭਿਆਚਾਰਕ	sabhacharak:1	sabheyacharak:1	sabhiacharak:1
ਸੱਭਿਆਚਾਰਾਂ	sabhachara:1	sabheyacharan:1	sabhiaacharan:1	sabhiyacharan:1
ਸੱਭਿਆਚਾਰਿਕ	sabhacharik:1	sabheyacharik:1	sabhiacharik:1
ਸੱਭਿਆਚਾਰੀਕਰਨ	sabhacharikarn:1	sabheyacharikaran:1	sabhiacharikaran:1
ਸੱਭੇ	sabhe:2	saabhe:1
ਸੱਮਝਦੇ	samajhade:1	samajhde:1	sammajhde:1
ਸੱਮਸਿਆਵਾਂ	samasiyanwan:1	sammseyavan:1	smasiawan:1
ਸੱਯਦ	sayyad:3	sayyid:2	sayada:1	sayid:1
ਸੱਸ	sass:3
ਸੱਸਾਂ	sassan:3
ਸੱਸੀ	sassi:3	sasi:1	sassee:1
ਸੱਸੀਏ	sassiae:1	sassie:1	sassiye:1
ਸੱਸੂ	sassu:3	sassoo:1
ਸੱਸੇ	sasse:3
ਹ	h:3
ਹਇਆ	haia:1	haiaa:1	hayia:1
ਹਉਕੇ	hauke:3
ਹਊਮੈ	haoomai:1	haumai:1	haumei:1
ਹਕ	hak:8
ਹਕਾਂ	hakan:2	hakaan:1
ਹਕੀਕਤ	hakikat:2	haqeeqat:1
ਹਕੀਕਤਾਂ	hakikatan:2	hakeekataan:1	haqeeqataan:1
ਹਕੀਮ	hakim:3	hakeem:2	hakiim:1	haqeem:1
ਹਕੀਮਾਂ	hakiman:2	hakeemaan:1
ਹਕੂਕ	hakook:3	hakuk:1
ਹਕੂਮਤ	hakumat:2	hakoomat:1
ਹਕੂਮਤਾਂ	hakumatan:2	hakoomataan:1
ਹਗ	hag:3	hug:2
ਹਜਮ	hajam:3
ਹਜਰਤ	hajrat:2	hajarat:1
ਹਜ਼ਮ	hazam:3
ਹਜ਼ਰਤ	hazrat:2	hazarat:1
ਹਜ਼ਾਰ	hazaar:4	hazar:2
ਹਜ਼ਾਰਾ	hazara:2	hazaara:1
ਹਜ਼ਾਰਾਂ	hazaaraan:1	hazaran:1	hzaraan:1
ਹਜ਼ਾਰੀ	hazari:2	hazaari:1
ਹਜ਼ਾਰੇ	hazare:2	hazaare:1
ਹਜ਼ੂਰ	hazoor:2	hazur:1
ਹਜ਼ੂਰੀ	hazooree:1	hazoori:1	hazuri:1
ਹਜਾਰ	hajaar:2	hajar:1
ਹਜਾਰਾ	hajara:2	hajaara:1
ਹਜਾਰਾਂ	hajaran:2	hajaaraan:1
ਹਜਾਰੇ	hajare:2	hajaare:1
ਹਜਾਰੋਂ	hajaron:2	hajaaron:1	hjaron:1
ਹਜੂਮ	hajoom:2	hajum:1
ਹਜੂਰ	hajoor:3	hajur:2
ਹਜੂਰਾ	hajoora:2	hajura:1
ਹਜੂਰੀ	hajooree:1	hajoori:1	hajuri:1
ਹਜੇ	haje:3
ਹਟ	hat:3	hatt:2	hett:1	hut:1
ਹਟਕੇ	hatake:1	hatke:1	hattke:1
ਹਟਣ	hatan:2	hattann:1
ਹਟਣਾ	hatana:1	hatna:1	hattanna:1
ਹਟਵਾਣੀਏ	hatavanie:1	hatavaniye:1	hatvaniye:1	hatwaaneeae:1
ਹਟਾ	hataa:2	hata:1
ਹਟਾਇਆ	hataiaa:2	hataya:2	hataaeeaa:1	hataaiaa:1
ਹਟਾਈ	hataaee:1	hatai:1	hatayee:1
ਹਟਾਉਂਦਾ	hataunda:2	hataaundaa:1
ਹਟਾਉਣ	hataun:4	hataaun:2
ਹਟਾਉਣਾ	hatauna:2	hataaunaa:1
ਹਟਾਏ	hataae:1	hatae:1	hataye:1
ਹਟਾਓ	hataao:1	hatao:1	hatau:1
ਹਟਾਕੇ	hatake:2	hataake:1
ਹਟਾਣ	hatan:2	hataan:1
ਹਟੇ	hate:3	hatey:1
ਹਠ	hath:2	hathh:1
ਹਠੀ	hathee:2	hathhi:1	hathi:1
ਹਡਸਨ	hadson:2	hudson:2	hadsan:1	hudshion:1
ਹਤਾਸ਼ਾ	hatasha:2	hataasha:1
ਹਤਿਆ	hatia:1	hatiaa:1	hatiya:1
ਹਤਿਆਕਾਂਡ	hatiaakand:1	hatiakaand:1	hatiyaakand:1	hatiyakand:1
ਹਤਿਆਰਾ	hatiaara:2	hatiara:1	hatiyaaran:1
ਹਤਿਆਰੇ	hatiaare:2	hatiyaare:2	hatiare:1
ਹਥ	hath:4
ਹਥਕੜੀ	hathkadi:2	hadhkadi:1	hathakarhi:1
ਹਥਲਿਖਤ	hathlikhat:2	hathalikhat:1
ਹਥਾਂ	hathan:2	hathaan:1
ਹਥਿਆ	hathiaa:2	hathia:1	hathiyaa:1
ਹਥਿਆਉਣ	hathiaaun:3
ਹਥਿਆਉਣਾ	hathiaauna:2	hathiauna:1
ਹਥਿਆਰ	hathiaar:10	hathiyaar:7
ਹਥਿਆਰਬੰਦ	hathiaarband:5	hathiyaarband:2
ਹਥਿਆਰਾਂ	hathiaaran:4	hathiaaraan:2	hathiyaaran:2
ਹਥੀਂ	hathin:2	hatheen:1
ਹਥੇਲੀ	hatheli:3
ਹਥੋਂ	hathon:3
ਹਥੌੜਾ	hathauda:2	hathoda:1
ਹਥੌੜੀ	hathaudi:2	hathodi:1
ਹਥੌੜੇ	hathaude:2	hathode:1
ਹਦਵਾਣਾ	hadvaana:1	hadvana:1	hadwana:1
ਹਦਾਇਤ	hadait:4	hadaait:3
ਹਦਾਇਤਕਾਰ	hadaitkar:2	hadaaitkar:1
ਹਦਾਇਤਾਂ	hadaaitaan:3	hadaitan:3
ਹਦੀਸ	hadees:2	hadis:1
ਹਨ	han:4
ਹਨਅਤੇ	hanate:3
ਹਨਨ	hanan:3
ਹਨੀ	honey:3	hani:2	hanee:1	hanii:1
ਹਨੀਮੂਨ	haneemoon:1	haniimoon:1	hanimoon:1	honeymoon:1
ਹਨੁਮਾਨ	hanuman:2	hanumaan:1
ਹਨੂਮਾਨ	hanumaan:2	hanuman:2
ਹਨੂੰਮਾਨ	hannuman:1	hanumaan:1	hanuman:1	hanunman:1
ਹਨੇਰ	haner:3
ਹਨੇਰਾ	hanera:3
ਹਨੇਰੀ	haneri:3
ਹਨੇਰੇ	hanere:3
ਹਨ੍ਹੇਰੀ	hanehri:2	haneri:1	hanheri:1
ਹਫਤਾ	hafta:3
ਹਫਤਾਵਾਰ	haftawar:2	haftaavar:1	haftavar:1
ਹਫਤਾਵਾਰੀ	haftaavari:1	haftavari:1	haftawari:1
ਹਫਤਿਆਂ	haftiaan:2	hafteyian:1
ਹਫਤੇ	hafte:3
ਹਫ਼ਤਾ	hafta:2	haphta:1
ਹਫ਼ਤਾਵਾਰ	haftawar:2	haftavar:1	haphtaavar:1
ਹਫ਼ਤਾਵਾਰੀ	haftawari:2	haftavari:1	haphtavari:1
ਹਫ਼ਤਿਆਂ	haftiaan:2	haphtiaan:2	haftateyian:1	hafteyian:1
ਹਫ਼ਤੇ	hafte:2	haphte:1
ਹਫ਼ੀਜ਼	hafeez:2	hafiz:1	hapheez:1
ਹਫੀਜ਼	hafeez:3	hafiz:1
ਹਬਸ਼ੀਆਂ	habashiaan:1	habsheeaan:1	habshian:1
ਹਬੀਬ	habeeb:3	habib:2	habiib:1
ਹਮ	hum:4	ham:2	hama:1
ਹਮਕੋ	hamko:2	humko:1
ਹਮਖਿਆਲ	hamathial:1	hamkhiyal:1	humkhial:1
ਹਮਜ਼ਾ	haamjaa:1	haamzaa:1	hamaja:1	hamja:1
ਹਮਜਾ	hamja:2	hamaja:1
ਹਮਦ	hamad:3
ਹਮਦਮ	hamadam:1	hamdam:1	humdum:1
ਹਮਦਰਦ	hamdard:2	hamadard:1
ਹਮਦਰਦੀ	hamdardi:3
ਹਮਨਾਮ	hamanam:1	hamnaam:1	hamnam:1
ਹਮਨੇ	hamane:1	hamne:1	humne:1
ਹਮਬਰਗ	hamabarg:1	hambarag:1	humberg:1
ਹਮਰਾਹ	hamarah:2	humrah:1
ਹਮਰਾਹੀ	hamarahi:1	hamhari:1	humrahi:1
ਹਮਰੁਤਬਾ	hamarutava:1	hamrutba:1	humrutba:1
ਹਮਲ	hamal:3
ਹਮਲਾ	hamla:2	hamala:1
ਹਮਲਾਵਰ	hamalavar:1	hamlavar:1	humlawar:1
ਹਮਲਾਵਰਾਂ	hamalavaran:1	hamlavaran:1	hamlawaran:1
ਹਮਲਾਵਾਰਾਂ	hamlavaran:2	hamalavaran:1
ਹਮਲਿਆ	hamilia:1	hamlia:1	hamliya:1
ਹਮਲਿਆਂ	hamalian:2	hamlian:2	hamaliyaan:1	hamliyaan:1
ਹਮਲੇ	hamle:2	hamale:1
ਹਮਵਤਨ	hamavatan:1	hamvatan:1	humwatan:1
ਹਮਸਫਰ	humsafar:2	hamsafar:1
ਹਮਸਫ਼ਰ	humsafar:2	hamsafar:1
ਹਮਸ਼ਕਲ	humshakal:2	hamshakal:1
ਹਮਸੇ	hamse:3
ਹਮਾਇਤ	hamayit:2	hasait:2	hamait:1	hamaiti:1
ਹਮਾਇਤੀ	hamaiti:1	hamayiti:1	hasaiti:1
ਹਮਾਇਤੀਆਂ	hamaitian:2	hamayitian:2	hamaitiyaan:1	hasaitiyaan:1
ਹਮਾਕਤ	hamakat:3
ਹਮਾਮ	hamam:2	hamaam:1
ਹਮਾਰਾ	hamara:3
ਹਮਾਰੀ	hamari:3
ਹਮਾਰੇ	hamare:3
ਹਮੀਦ	hameed:2	hamid:1
ਹਮੀਦਾ	hamida:2	hameeda:1
ਹਮੀਰ	hameer:3
ਹਮੀਰਪੁਰ	hameerpur:2	hamirpur:1
ਹਮੇਸ਼	hamesh:4
ਹਮੇਸ਼ਾ	hamesha:4
ਹਯਾਤ	hayat:3	hayaat:1	hayaata:1	hayata:1
ਹਰ	har:10
ਹਰਕਤ	harkat:4
ਹਰਕਤਾਂ	harkatan:3
ਹਰਕਾਰਾ	harkara:3
ਹਰਕਾਰੇ	harkare:2	harkaare:1
ਹਰਕੀਰਤ	harkeerat:2	harkirat:1
ਹਰਕ੍ਰਿਸ਼ਨ	harkrishan:3
ਹਰਗੋਬਿੰਦ	hargobind:6
ਹਰਗੋਬਿੰਦਪੁਰ	hargobindpur:3
ਹਰਚਰਨ	harcharan:3
ਹਰਚੰਦ	harchand:3
ਹਰਜਸ	harjas:3
ਹਰਜ਼	haraz:3
ਹਰਜ਼ਾਨਾ	harzana:2	harzaana:1
ਹਰਜ਼ੇਗੋਵਿਨਾ	harzegovina:1	heerzeegovina:1	herjegovina:1	herzegoovina:1
ਹਰਜਾਨੇ	harjane:2	harjaane:1
ਹਰਜਿੰਦਰ	harjinder:3
ਹਰਜੀਤ	harjeet:4
ਹਰਜੋਤ	harjot:3
ਹਰਟ	harat:2	heart:2	harrt:1	heartt:1
ਹਰਣ	haran:7
ਹਰਦਿਆਲ	hardiaal:1	hardial:1	hardiyaal:1
ਹਰਦਿਲਜੀਤ	hardiljeet:3
ਹਰਦੀਪ	hardeep:3
ਹਰਦੁਆਰ	harduaar:1	harduar:1	hardwar:1
ਹਰਦੇਵ	hardev:3
ਹਰਨ	haran:6
ਹਰਨਾਮ	harnaam:2	harnam:1
ਹਰਨਾਮੀ	harnami:3
ਹਰਨੀ	harni:3	harnee:1
ਹਰਪਾਲ	harpal:4
ਹਰਪਿੰਦਰ	harpinder:3
ਹਰਪ੍ਰੀਤ	harpreet:4
ਹਰਫ	haraf:4
ਹਰਫ਼	haraf:3	haraff:1
ਹਰਬਖਸ਼	harbakhash:2	harbakhsh:1
ਹਰਬਖ਼ਸ਼	harbakhash:3
ਹਰਬਰਟ	harbart:1	harburt:1	herbert:1	herburt:1
ਹਰਬੰਸ	harbans:3
ਹਰਭਜ	harbhaj:3
ਹਰਭਜਨ	harbhajan:5
ਹਰਮ	haram:5	harama:1	haramm:1	harm:1
ਹਰਮਨ	harman:7	herman:3	harmann:2	haramana:1
ਹਰਮਨਪਿਆਰਾ	harmanpiara:2	harmanpiaara:1	harmanpyara:1
ਹਰਮਨਪਿਆਰੀ	harmanpiari:1	harmanpiyaari:1	harmanpyaari:1	harmanpyari:1
ਹਰਮਨਪਿਆਰੇ	harmanpyare:2	harmanpiaare:1	harmanpiare:1	harmanpiyare:1
ਹਰਮਹਿੰਦਰ	harmahinder:3
ਹਰਮਿੰਦਰ	harminder:3	harmindar:1
ਹਰਮੀਤ	harmeet:3	harmit:1
ਹਰਮੇਸ	harmes:3	harmesh:1
ਹਰਮੰਦਰ	harmandar:1	harmander:1	harmandir:1
ਹਰਵਿੰਦਰ	harwinder:3	harvinder:2	harvindar:1	harwindar:1
ਹਰਵੰਤ	harwant:3
ਹਰਸ਼	harsh:3	harash:1
ਹਰਸ਼ਦੀਪ	harshdeep:2	harashdeep:1	harshdip:1
ਹਰਸ਼ਰਨ	harsharan:2	harshran:1
ਹਰਸ਼ਲ	harshal:3
ਹਰਸ਼ਿੰਦਰ	harshinder:3	harshindar:1
ਹਰਾ	hara:3	haraa:2	hraa:2
ਹਰਾਇਆ	haraeya:2	haraiaa:2	haraya:2	haraeea:1
ਹਰਾਉਣ	haraun:4	haraaun:2
ਹਰਾਉਣਾ	harauna:3	haraunna:1
ਹਰਾਕੇ	harake:3
ਹਰਾਮ	haram:3	haraam:1
ਹਰਾਮੀ	harami:3	haramee:1
ਹਰਾਰਤ	hararat:3
ਹਰਾਰੇ	harare:3
ਹਰਿ	hari:10
ਹਰਿਆ	haria:2	hariaa:1
ਹਰਿਆਣਵੀ	harianvi:2	hariaanavi:1
ਹਰਿਆਣਾ	hariana:5	hariyana:2	haryana:2	hariyaanaa:1
ਹਰਿਆਣੇ	hariane:4
ਹਰਿਆਲੀ	hariaali:3	hariali:3	harialee:1
ਹਰਿਆਵਲ	hariaaval:2	hariawal:1
ਹਰਿਕ੍ਰਿਸਨ	harikrisan:3
ਹਰਿਕ੍ਰਿਸ਼ਨ	harikrishan:6
ਹਰਿਗੋਬਿੰਦ	harigobind:3
ਹਰਿਗੋਬਿੰਦਪੁਰ	harigobindpur:2	hargobindpur:1
ਹਰਿਜਨ	harijan:3
ਹਰਿਜੀ	harijee:2	hariji:1
ਹਰਿਦਵਾਰ	haridwar:3	haaridwaar:1	haridawar:1	haridvaar:1
ਹਰਿਦੁਆਰ	hariduaar:1	hariduar:1	haridwar:1
ਹਰਿਭਜਨ	haribhajan:3
ਹਰਿਮੰਦਰ	harimandar:3
ਹਰਿਮੰਦਿਰ	harimandir:3
ਹਰਿਰਾਇ	harirai:3
ਹਰਿੰਦਰ	harinder:4
ਹਰੀ	hari:10	haree:2	harii:1
ਹਰੀਆ	haria:3	hareea:1
ਹਰੀਆਂ	hariaan:2	harian:1
ਹਰੀਕਿਸ਼ਨ	harikishan:3
ਹਰੀਪੁਰ	haripur:3
ਹਰੀਵੰਸ਼	harivansh:3
ਹਰੀਸ਼	harish:4	hareesh:2	harees:1	hareeshh:1
ਹਰੀਹਰ	harihar:3
ਹਰੇ	hare:2	harey:1
ਹਰੇਕ	harek:3
ਹਰੋ	haro:3
ਹਲ	hal:9
ਹਲਕ	halak:3
ਹਲਕਾ	halka:5
ਹਲਕਿਆ	haldiyaa:1	halkia:1	halkiaa:1
ਹਲਕਿਆਂ	halkian:2	halkiyaan:2	halakiaan:1	halkiaan:1
ਹਲਕੀ	halki:3	halaki:1
ਹਲਕੀਆਂ	halkiaan:1	halkian:1	halkiyaan:1
ਹਲਕੇ	halke:3	halake:1
ਹਲਚਲ	halchal:4	hulchul:3	hulchal:1
ਹਲਟ	halat:3
ਹਲਦਰ	haldar:3
ਹਲਦਵਾਨੀ	haldwani:3
ਹਲਦੀ	haldi:2	haladi:1
ਹਲਧਰ	haldhar:3
ਹਲਫਨਾਮਾ	halafnama:4
ਹਲਫ਼ਨਾਮਾ	halafnama:3
ਹਲਫੀਆ	halfia:1	halfiaa:1	halfiyaa:1
ਹਲਵਾ	halawa:1	halva:1	halwa:1
ਹਲਵਾਈਆਂ	halvaiyaan:1	halwaiaan:1	halwaian:1
ਹਲਵਾਰਵੀ	halvaarki:1	halwaravi:1	halwarvi:1
ਹਲਵੇ	halve:2	halawe:1
ਹਲਾਕ	halaak:1	halak:1	hlaak:1	hlaq:1
ਹਲਾਕੂ	halaakoo:1	halaku:1	hlaaku:1
ਹਲਾਤ	halaat:2	hlat:1
ਹਲਾਤਾਂ	halaataan:1	halatan:1	hlataan:1
ਹਲਾਯੁਧ	halaayudh:1	halayudh:1	hlayudh:1
ਹਲਾਲ	halaal:3	halal:1	hlaal:1
ਹਲੀਮ	haleem:2	halim:1
ਹਲੇ	hale:3
ਹਵਨ	havan:3	hawan:1
ਹਵਲਦਾਰ	havaldaar:2	havaladar:1	havaldar:1	hawaldaar:1
ਹਵਸ	havas:5	hawas:1
ਹਵਾ	hava:4	hawa:2	hwaa:1
ਹਵਾਈ	havaai:3	havai:3	hawai:2	hawayi:2
ਹਵਾਈਅੱਡਾ	avaaiadda:1	hawaiadda:1	hawayiadda:1
ਹਵਾਈਅੱਡੇ	havaaiadde:1	havaiaddhe:1	hawaiadde:1	hawayiadde:1
ਹਵਾਦਾਰੀ	havadari:2	hawadari:2
ਹਵਾਨਾ	havana:3	hawana:2	havanaa:1	hawanaa:1
ਹਵਾਬਾਜ਼ੀ	hawabazi:2	havabaji:1	havabazi:1
ਹਵਾਲਗੀ	hawalagi:2	havalgi:1
ਹਵਾਲਾ	havala:2	hawala:2
ਹਵਾਲਾਤ	hawalat:2	havalaat:1	havalat:1
ਹਵਾਲਿਆਂ	havalian:1	havaliyaan:1	hawalian:1
ਹਵਾਲੇ	havaale:1	havale:1	hawale:1
ਹਵਾਵਾਂ	havavan:1	hawavan:1	hawawan:1
ਹਵਾਸ	hawas:2	havaas:1	havas:1
ਹਵੇਲੀ	haveli:4	haweli:2	haveeli:1	havelii:1
ਹਵੇਲੀਆਂ	haveliaan:1	havelian:1	haveliyaan:1
ਹਸ	has:4
ਹਸਤ	hasat:2	hast:1
ਹਸਤਾਖ਼ਰ	hastakhar:2	hasatakhar:1
ਹਸਤੀ	hasati:2	hasti:1
ਹਸਤੀਆਂ	hastiyaan:3	hasatiyan:2	hastiaan:1	hastiyan:1
ਹਸਦੇ	hasde:3	hasade:2
ਹਸਨ	hasan:5	hasann:1	hashan:1	hassan:1
ਹਸਨਪੁਰੀ	hasanpuri:3
ਹਸਨਾ	hasna:2	hasana:1
ਹਸਨੇ	hasane:2	hasne:1
ਹਸਪਤਾਲ	hasptal:4	haspataal:2	hasapatal:1	hasapatala:1
ਹਸਪਤਾਲਾਂ	hasptalan:2	hasapatalan:1	haspatalan:1
ਹਸਰਤ	hasrat:2	hasarat:1
ਹਸਰਲ	hushsherl:1	hussarl:1	husserl:1
ਹਸ਼ਰ	hashar:3
ਹਸਾ	hasa:4
ਹਸਾਉਣ	hasaun:2	hasayun:1
ਹਸਾਉਣਾ	hasauna:2	hasayuna:1
ਹਸੀਨ	haseen:2	hasin:1
ਹਸੂਲ	hasul:2	hasool:1
ਹਾ	ha:4	haa:3
ਹਾਂ	haan:3	han:2
ਹਾਂਕਿ	haanki:2	hanki:1	hanqi:1
ਹਾਂਗਕਾਂਗ	hongkong:6
ਹਾਂਡੂਰਸ	honduras:2	haanduras:1
ਹਾਂਸ	haans:2	hans:1
ਹਾਂਸੀ	haansi:2	hansi:1
ਹਾਅ	haa:3
ਹਾਇਕੂ	haaiku:2	haiku:2	haiqu:2	haaikuu:1
ਹਾਇਕੂਕਾਰ	haikukar:2	haaikukar:1	haikookar:1	haikuqar:1
ਹਾਇਰ	hire:2	haair:1	hier:1
ਹਾਇਲ	hail:2	haiil:1
ਹਾਈ	high:2	haai:1	haee:1	haii:1
ਹਾਈਕੋਰਟ	highcourt:3
ਹਾਈਟਸ	heights:2	hightas:1	hights:1
ਹਾਈਡਰੋਕਾਰਬਨ	hydrocarbon:3	highdrocarbon:1
ਹਾਈਡ੍ਰੋਜਨ	hydrogen:2	highdrozen:1	hydrojan:1
ਹਾਈਡ੍ਰੌਲਿਕ	hydraulic:3	haidravlik:1	haidrawlik:1	haidrawliq:1
ਹਾਈਬ੍ਰਿਡ	haaibrid:1	haibrid:1	hybrid:1
ਹਾਉਕੇ	hauke:2	haouke:1	hauqe:1
ਹਾਉਸ	house:5
ਹਾਊਸਾਂ	haooosan:1	haousan:1	housan:1
ਹਾਊਸਿੰਗ	housing:7	haushing:1	hausin:1	hausing:1
ਹਾਏ	haye:6	haae:2	hai:1	hye:1
ਹਾਕ	haak:1	hak:1	hawk:1
ਹਾਕਮ	hakam:2	haakam:1	haaqam:1
ਹਾਕਮਾਂ	haakamaan:1	hakaman:1	hakman:1
ਹਾਕਰ	hakar:2	haakar:1	hawkar:1
ਹਾਕਿੰਗ	hawking:2	haaking:1	haking:1
ਹਾਕਿੰਸ	hawkins:2	haakins:1
ਹਾਕੀ	haki:3	haakee:2	haakii:1	hakey:1
ਹਾਗ	haag:2	hag:1
ਹਾਜਰ	hajar:3
ਹਾਜਰੀ	hajari:2	hajri:1
ਹਾਜ਼ਮਾ	haazamaa:1	hajma:1	hazama:1
ਹਾਜ਼ਮੇ	haazame:1	hajme:1	hazame:1
ਹਾਜ਼ਰਾ	hazara:2	hazra:1
ਹਾਜ਼ਰੀ	hazari:2	hazri:1
ਹਾਜ਼ਰੀਨ	haazreen:2	hazreen:1	hazrin:1
ਹਾਜ਼ਿਰ	haazir:3	haajir:1	hajir:1	hazir:1
ਹਾਜੀ	haajee:2	haji:2	haaji:1	haajii:1
ਹਾਜੀਰਤਨ	hajiratan:2	haajeeratan:1
ਹਾਣ	haan:2	haann:2
ਹਾਣੀ	hani:3	haanee:1	haani:1
ਹਾਣੀਆਂ	haaneean:1	hanian:1	hannian:1	hanniann:1
ਹਾਥ	haath:3	hath:1
ਹਾਥੀ	haathee:1	haathi:1	hathi:1
ਹਾਥੀਆਂ	haatheean:1	haathiyaan:1	hathian:1	hathiyan:1
ਹਾਦਸਾ	haadasaa:1	haadsa:1	hadasa:1	hadsa:1
ਹਾਦਸਿਆਂ	haadsiaan:2	haadsiyaan:2	hadasean:2	hadasian:1
ਹਾਦਸੇ	haadase:1	haadse:1	hadase:1
ਹਾਨ	haan:6	han:1
ਹਾਨੀ	haanee:1	haani:1	hanee:1	hani:1
ਹਾਨੀਕਾਰਕ	haanikarak:2	haaneekarak:1	hanikarak:1
ਹਾਪਕਿਨਸਨ	haapkinsan:1	hopkinson:1	hopkinsons:1
ਹਾਫਮੈਨ	hoffman:1	hoffmann:1	hofman:1
ਹਾਫ਼ਜ਼	haafaz:2	hafaz:1
ਹਾਫ਼ਿਜ	haafij:2	hafij:1
ਹਾਫ਼ਿਜ਼	haafiz:2	haafij:1	hafiz:1
ਹਾਫਿਜ਼	haafij:1	haaphiz:1	hafiz:1
ਹਾਮਦ	haamad:2	hamad:1
ਹਾਮਲਾ	haamla:1	haamlaa:1	hamla:1
ਹਾਮਿਦ	haamid:3	hamid:2
ਹਾਮੀ	haamee:1	haami:1	hamee:1	hami:1
ਹਾਰ	haar:7	har:1
ਹਾਰਟ	heart:3	hart:2	haart:1	harata:1
ਹਾਰਡ	hard:4	haaraad:1	haarad:1	haard:1
ਹਾਰਡਿਨ	haardin:1	hardeen:1	harden:1	hardiin:1
ਹਾਰਡੀ	hardy:4	haardi:1	haardii:1	haardy:1
ਹਾਰਦਾ	harda:3
ਹਾਰਦਿਕ	hardik:2	hardhik:1
ਹਾਰਨ	haran:2	haaran:1	horn:1
ਹਾਰਨੀ	haarni:1	harani:1	harnee:1	harni:1
ਹਾਰਪਰ	harper:4	harpar:3	haarpaar:1	haarpar:1
ਹਾਰਮੋਨ	harmon:1	harmone:1	hormone:1
ਹਾਰਮੋਨਲ	haarmonaal:1	haarmonal:1	harmonal:1	hormonaal:1
ਹਾਰਮੋਨੀ	harmony:3
ਹਾਰਮੋਨੀਅਮ	harmonium:4	harmoniiom:1	harmoniium:1	harmoniom:1
ਹਾਰਲੇ	harley:3	harle:2	harleey:1	harlie:1
ਹਾਰਵਰਡ	harward:3	haarvaard:1	haarvard:1	haarward:1
ਹਾਰਵੇ	harve:3	harvey:2	harwe:2	harvaeei:1
ਹਾਰਵੈਸਟਰ	haarveshtar:1	haarvestar:1	haarwestar:1	harveshter:1
ਹਾਰਾਂ	haran:3	hara:1	haraan:1
ਹਾਰਿਆ	haria:2	harea:1	hariaa:1
ਹਾਰਿਆਂ	haarian:1	harean:1	hariaan:1	harian:1
ਹਾਰੀ	haari:3	hari:1
ਹਾਰੀਆਂ	haarian:1	hariaan:1	harian:1	hariyan:1
ਹਾਰੂਨ	haarun:1	haranu:1	haroon:1
ਹਾਰੇ	haare:3	harey:1
ਹਾਲ	haal:5	hal:3	hall:2
ਹਾਲਤ	haalat:3	halat:1
ਹਾਲਾਂ	haalan:2	halaan:1
ਹਾਲਾਂਕਿ	halanki:5
ਹਾਲਾਤ	haalat:1	halaat:1	halat:1
ਹਾਲਾਤਾਂ	halatan:2	haalatan:1
ਹਾਲੀ	haali:4	halee:1
ਹਾਲੀਆਂ	halian:2	haaliyaan:1
ਹਾਲੀਵੁਡ	hollywood:3	holliwood:1
ਹਾਲੇ	haale:1	hale:1	haley:1
ਹਾਲੈਂਡ	holland:5	haland:2
ਹਾਵ	haav:3
ਹਾਵਰਡ	howard:3	havvard:1	haward:1	hawward:1
ਹਾਵੀ	haavee:1	haavi:1	havi:1	hawi:1
ਹਾਵੜਾ	haavada:1	haavda:1	howrah:1
ਹਾਸ	haas:4	has:2	haash:1
ਹਾਸਰਸ	hasras:2	hasaras:1	hasrass:1
ਹਾਸਰਸੀ	hasrasi:2	hasarsi:1
ਹਾਸਲ	hasal:2	haasal:1
ਹਾਸ਼ਮ	hasham:3
ਹਾਸ਼ਮੀ	hashami:2	hashmi:1
ਹਾਸ਼ਿਮ	hashim:3
ਹਾਸ਼ੀਆ	hashia:2	hashiya:1
ਹਾਸ਼ੀਆਗਤ	haasheeaagat:1	hashiagat:1	hasiyagat:1
ਹਾਸਾ	hasa:2	haasa:1
ਹਾਸਿਆਂ	hasian:4	haaseyian:2
ਹਾਸਿਲ	hasil:3
ਹਾਸੀ	hasi:2	haasi:1
ਹਾਸੇ	haase:2	hase:1
ਹਾਸੋਹੀਣੀ	hasohini:2	haasoheenee:1
ਹਾਸੋਹੀਣੇ	haasoheene:1	hasohine:1	hasohino:1
ਹਾੜ	haad:2	har:1
ਹਾੜੀ	haadee:1	haadi:1	hari:1
ਹਾੜ੍ਹ	haad:1	haadh:1	harh:1
ਹਾੜ੍ਹੀ	haadhee:1	haadhi:1	haadi:1	haddi:1
ਹਿ	hi:3
ਹਿਊਮਨ	human:4	hiuman:1	hyuman:1
ਹਿਊਸਟਨ	houston:2	huston:2	haustan:1	hausten:1
ਹਿਕਮਤ	hikmat:2	hikamat:1	hiqamat:1
ਹਿਗਜ਼	higaz:2	higgs:1
ਹਿਚਕੀ	chikani:1	chiqani:1	hichaki:1	hichki:1
ਹਿਜਰ	hijar:3
ਹਿਜਰਤ	hijrat:2	hijarat:1
ਹਿਜਰੀ	hijari:2	hijri:1
ਹਿਜ਼	hiz:2	hij:1	his:1
ਹਿਜ਼ਬੁੱਲਾ	hizbulla:2	hizabulla:1
ਹਿਜ਼ਰ	hizar:3
ਹਿਜ਼ਰਤ	hizrat:2	hizarat:1
ਹਿਜਾਬ	hijaab:3	hijab:2	hijaba:1	hizaab:1
ਹਿਜੜਾ	hijada:1	hijarha:1	hijda:1	hijra:1
ਹਿਜੜਿਆਂ	hijadiaan:1	hijarhian:1	hijdeyian:1	hijreyian:1
ਹਿਜੜੇ	hijade:1	hijarhe:1	hijde:1	hijre:1
ਹਿਟ	hit:3
ਹਿਟਲਰ	hitler:3	hitlar:2
ਹਿਤ	hit:3
ਹਿਤਕਾਰੀ	hitkari:2	hitakari:1
ਹਿਤਾਂ	hitan:2	hitaan:1
ਹਿਤੈਸ਼ੀ	hitaishi:2	hitaeshi:1	hiteishi:1
ਹਿਦਾਇਤ	hidait:3	hidayat:1	hidayit:1
ਹਿਦਾਇਤਾਂ	hidaitan:2	hidaitaan:1
ਹਿਦੁਸਤਾਨ	hidustan:3
ਹਿਨਾ	hina:4	heena:1	henna:1	hinaa:1
ਹਿਪ	hip:4	heep:1	hiip:1	hipe:1
ਹਿਫ਼ਾਜ਼ਤ	hifazat:2	hiffazat:1
ਹਿਫਾਜ਼ਤ	hifazat:3
ਹਿਮ	him:3
ਹਿਮਾਂਸ਼ੀ	himanshi:2	himaanshi:1
ਹਿਮਾਇਤ	himait:3
ਹਿਮਾਇਤੀ	himaiti:3
ਹਿਮਾਇਤੀਆਂ	himaitian:2	himaitiaan:1
ਹਿਮਾਕਤ	himakat:3	himaqat:1
ਹਿਮਾਚਲ	himachal:4
ਹਿਮਾਲਾ	himala:3	heemalya:1	hiimalya:1	himalaya:1
ਹਿਮਾਲਿਆ	himalia:2	himalaya:1	himaliaa:1
ਹਿਮਾਲਿਆਈ	himaliai:2	himaliaaee:1
ਹਿਮਾਲੀਆ	himaaleeaan:1	himalia:1	himaliaa:1
ਹਿਮੇਸ਼	himesh:3
ਹਿਰਣ	hiran:3
ਹਿਰਦੇ	hirde:3
ਹਿਰਦੈ	hirdai:2	hirdae:1	hirdei:1
ਹਿਰਨ	hiran:3
ਹਿਰਨਾਂ	hirnaan:2	hiranan:1
ਹਿਰਨੀ	hirnee:2	hirani:1	hirni:1
ਹਿਰਨੀਆਂ	hiraniaan:1	hirneeaan:1	hirnian:1
ਹਿਰਾਨੀ	hirani:3
ਹਿਰਾਸਤ	hirasat:2	hiraasat:1
ਹਿਲਜੁਲ	hiljul:3
ਹਿਲਟਨ	hilton:2	hiltan:1
ਹਿਲਣ	hilan:3
ਹਿਲਦੀ	hiladi:2	hildee:1	hildi:1
ਹਿਲਰੀ	hilari:2	hilary:1	hillary:1
ਹਿਲਾ	hila:3
ਹਿਲਾਇਆ	hilaia:2	hilaeia:1	hilaeya:1	hilaiaa:1
ਹਿਲਾਉਣ	hilaun:3
ਹਿਲਾਉਣਾ	hilauna:3
ਹਿਲਾਓ	hilao:2	hilau:1
ਹਿਲੇ	hile:4
ਹਿਲੇਰੀ	hillary:4	hileri:3	hilery:2	hiilery:1
ਹਿਸਾ	hisa:2	hisaa:1
ਹਿਸਾਬ	hisaab:2	hisab:2
ਹਿਸਾਬਾਂ	hisaban:2	hisaaban:1
ਹਿਸਾਰ	hisar:4	hisaar:2	hishaar:1	hishar:1
ਹਿਸਿਆਂ	hisiaan:3	hisiyaan:1
ਹਿਸੇ	hise:3
ਹਿਸੇਦਾਰ	hisedar:2	hisedaar:1
ਹਿਸੇਦਾਰੀ	hisedari:2	hisedaaree:1	hisedaree:1
ਹਿੰਗ	hing:3
ਹਿੰਗਲਾਜ	hinglaaj:2	hinglaj:1
ਹਿੰਡਨ	hindan:2	hidden:1
ਹਿੰਦ	hind:10	hhind:1	hinda:1	hindd:1
ਹਿੰਦਸਾ	hindsa:3
ਹਿੰਦੀ	hindi:5	hidi:1	hiindee:1	hiindii:1
ਹਿੰਦੁਆਂ	hinduaan:4	hinduan:1
ਹਿੰਦੁਸਤਾਨ	hindustan:5	hindustaan:2	hindoostaan:1	hindostan:1
ਹਿੰਦੁਸਤਾਨੀ	hindustani:10	hindustaanee:2	hiindustaanee:1	hiindustaanii:1
ਹਿੰਦੂ	hindu:10	hindoo:4	hinduu:1
ਹਿੰਦੂਆ	hinduaa:2	hindooa:1	hinduyaa:1
ਹਿੰਦੂਆਂ	hinduaan:4	hindooaan:1	hindooan:1	hinduyaan:1
ਹਿੰਦੂਕੁਸ਼	hidukush:1	hindookush:1	hindukush:1
ਹਿੰਦੂਤਵ	hindutva:3	hidutava:1	hindootav:1	hindutav:1
ਹਿੰਦੂਤਵੀ	hindutavi:2	hindootavee:1
ਹਿੰਦੂਵਾਦ	hindoowaad:1	hinduvad:1	hinduwad:1
ਹਿੰਦੂਸ਼ਾਹੀ	hindushahi:2	hindooshaahee:1
ਹਿੰਦੋਸਤਾਂ	hindosataan:1	hindostan:1	hindustaan:1
ਹਿੰਦੋਸਤਾਨ	hindosataan:1	hindostan:1	hindustan:1
ਹਿੰਦੋਸਤਾਨੀ	hindosataanee:1	hindostan:1	hindustani:1
ਹਿੰਸਕ	hinsak:3
ਹਿੰਸਾ	hinsa:4	hinsaa:1
ਹਿੱਕ	hikk:3	hiqq:1
ਹਿੱਜਿਆਂ	hijjeyian:1	hijjiaan:1	hijjian:1
ਹਿੱਤ	hitt:4	hit:1
ਹਿੱਤਾਂ	hittan:2	hittaan:1
ਹਿੱਪ	hipp:3
ਹਿੱਲ	hill:5	hil:2
ਹਿੱਲਣ	hillan:3
ਹਿੱਲਦਾ	hillada:2	hillda:1
ਹਿੱਲਦੀ	hilladi:2	hilldi:1
ਹਿੱਲਦੇ	hillade:2	hilade:1	hillde:1
ਹਿੱਲਿਆ	hillia:3	hilia:1
ਹਿੱਲੀ	hilly:3	hilli:2	haiiley:1	hailey:1
ਹਿੱਸਾ	hissa:3
ਹਿੱਸਿਆ	hissiaa:3	hissiyaa:1
ਹਿੱਸਿਆਂ	hissiaan:4	hisiyan:1	hissiyaan:1
ਹਿੱਸੀਆਂ	hisseaan:1	hissiaan:1	hissiyaan:1
ਹਿੱਸੇ	hisse:3
ਹਿੱਸੇਦਾਰ	hissedar:2	hissedaar:1
ਹਿੱਸੇਦਾਰਾਂ	hissedaran:3
ਹਿੱਸੇਦਾਰੀ	hissedari:3	hissedaaree:1
ਹੀ	he:2	hi:2
ਹੀਆ	heeaa:1	hia:1	hiaa:1
ਹੀਗਲ	heegal:1	heegul:1	hegal:1	hegel:1
ਹੀਜੜਾ	heejadaa:1	hijada:1	hijda:1
ਹੀਜੜੇ	heejade:1	hijade:1	hijde:1
ਹੀਟਰ	heater:5	heatar:1	heeter:1	heter:1
ਹੀਟਿੰਗ	heating:3	heatiing:1	heatin:1	heeting:1
ਹੀਣ	hin:2	heenn:1
ਹੀਣਤਾ	heenata:1	hinata:1	hinta:1
ਹੀਣਾ	heena:2	hina:1
ਹੀਣੀ	hini:2	heeni:1
ਹੀਥਰੋ	heethro:2	heathrow:1
ਹੀਨ	heen:3	hin:2
ਹੀਨਤਾ	heenata:1	heenta:1	hinata:1	hinta:1
ਹੀਨਾ	heena:2	hina:2
ਹੀਰ	heer:6	hir:2	hear:1	hiir:1
ਹੀਰਾ	heera:3	hira:2
ਹੀਰਾਂ	heeran:2	hiran:1
ਹੀਰਿਆਂ	hiriaan:2	heerian:1	hiriyaan:1
ਹੀਰੇ	heere:2	hire:1
ਹੀਰੋਇਨ	heroin:3	heroine:2	hiroin:1
ਹੀਲ	heel:2	heal:1
ਹੀਲਿਅਮ	helium:2	healium:1
ਹੀਲੀਅਮ	heliam:1	heliiam:1	heliium:1	helium:1
ਹੁਆ	hua:3
ਹੁਆਂਗ	huaan:1	huaang:1	huang:1
ਹੁਆਨ	huaan:2	huan:1
ਹੁਏ	huye:2	haye:1
ਹੁਕਮ	hukam:7	huqam:1
ਹੁਕਮਨਾਮਾ	hukamnama:4	huqamnama:1
ਹੁਕਮਨਾਮੇ	hukamnaame:2	hukamname:2	huqamname:1
ਹੁਕਮਰਾਨ	hukamran:2	hukmaran:1	huqamran:1
ਹੁਕਮਰਾਨਾਂ	hukamranan:2	hukamranaan:1	huqamranan:1
ਹੁਕਮਰਾਨੀ	hikamrani:1	hiqamrani:1	hukamrani:1	hukmarani:1
ਹੁਕਮਾਂ	hukaman:1	hukmaan:1	hukman:1
ਹੁਕੂਮਤ	hukumat:3
ਹੁਗਲੀ	hugli:2	hugali:1
ਹੁਜਰਾ	hujra:2	hujara:1
ਹੁਜੂਰ	hujoor:2	huhur:1
ਹੁਣ	hun:7
ਹੁਣੇ	hune:3
ਹੁਨਰ	hunar:7
ਹੁਨਰਮੰਦ	hunarmand:4
ਹੁਬਲੀ	hubalee:1	hubali:1	hubalii:1	hubli:1
ਹੁਮਾ	huma:6
ਹੁਰਾਂ	huran:3
ਹੁਲ	hul:3
ਹੁਲਾਰਾ	hulara:3
ਹੁਲਾਰੇ	hulaare:2	hulare:1
ਹੁਸਨ	husan:3
ਹੁਸ਼ਿਆਰ	hushiaar:3	hushiyaar:2	husiar:2	hoshiaar:1
ਹੁਸ਼ਿਆਰਪੁਰ	hoshiarpur:10	hoshiaarpur:1	hushiaarpur:1
ਹੁਸੀਨ	husin:2	huseen:1
ਹੁਸੀਨਾ	husina:2	huseena:1
ਹੁਸੈਨ	husain:5	husaen:2	husen:2	hushain:2
ਹੁਸੈਨੀ	husaeni:1	husainee:1	husaini:1
ਹੁੰਗਾਰੇ	hungare:2	hungaare:1
ਹੁੰਦਲ	hundal:3
ਹੁੰਦਾ	hunda:10
ਹੁੰਦਿਆ	hundiaa:2	hundiya:1
ਹੁੰਦਿਆਂ	hundiaan:4	hudiyaan:1	hundiyaan:1
ਹੁੰਦੀ	hundi:10	hundee:2
ਹੁੰਦੀਆ	hundiaa:3	hundeeaa:1	hundiya:1
ਹੁੰਦੀਆਂ	hundeeaan:3	hundiaan:3	hundiyaan:2
ਹੁੰਦੇ	hunde:8
ਹੁੱਕ	hukk:3	hook:2	hooq:1	huk:1
ਹੁੱਕਾ	hukka:2	huka:1
ਹੁੱਡਾ	hudda:2	hooda:1	hoodaa:1	huda:1
ਹੁੱਣ	hunn:2	hun:1
ਹੁੱਬ	hubb:3
ਹੂ	hoo:3	hu:1
ਹੂਆ	hua:2	hooa:1
ਹੂਈ	hui:2	hooyi:1
ਹੂਏ	hue:3	huye:2	hooye:1	hua:1
ਹੂਕ	hook:3
ਹੂਣ	hun:3	hoon:1
ਹੂਨ	hun:3	hoon:2	hoan:1	huun:1
ਹੂਬਹੂ	hoobahu:2	hubahu:1
ਹੂਰ	hoor:5	hur:2	hurr:1	huur:1
ਹੂਲਾ	hoola:1	hula:1	huula:1
ਹੂਸੈਨ	husain:6
ਹੂੰ	hun:3	hoon:2
ਹੂੰਦੀ	hundi:2	hoondee:1	hoondi:1
ਹੂੰਦੇ	hunde:2	hoonde:1
ਹੇ	hey:8	hay:1
ਹੇਂ	hein:2	hen:2
ਹੇਂਠ	henth:2	heinth:1
ਹੇਕ	hek:2	heck:1
ਹੇਕਾਂ	hekaan:2	hekan:1
ਹੇਗ	heg:3	hague:1
ਹੇਗਲ	hegal:2	hagel:1
ਹੇਜ	hej:3
ਹੇਜ਼ਲ	hazel:4
ਹੇਠ	heth:5
ਹੇਠਲਾ	hethala:2	hethla:1
ਹੇਠਲੀ	hethali:2	hethli:1
ਹੇਠਲੇ	hethle:2	hethale:1
ਹੇਠਾ	hetha:3
ਹੇਠਾਂ	hethan:2	hethaan:1
ਹੇਠੀ	hethi:2	hethee:1
ਹੇਠੋਂ	hethon:3
ਹੇਡਨ	hayden:2	hedan:1
ਹੇਡੀ	heady:1	hedi:1	hedie:1	hedy:1
ਹੇਤ	het:4
ਹੇਤੁ	hetu:3
ਹੇਤੂ	hetu:3
ਹੇਨਰੀ	henry:2	henari:1
ਹੇਮ	hem:4	ham:1	heem:1	heemm:1
ਹੇਮਕੁੰਟ	hemkunt:3
ਹੇਮਲਤਾ	hemalata:1	hemalta:1	hemlata:1
ਹੇਮਾ	hema:7	hemaa:1
ਹੇਮੂ	hemu:3
ਹੇਮੰਤ	hemant:3
ਹੇਰਾਫੇਰੀ	heraferi:2	herapheri:1
ਹੇਲ	hel:2	hail:1	hal:1	heel:1
ਹੇਲਨ	helan:3
ਹੇਲਮੰਦ	helmand:4	heellmand:1	heelmand:1	heelmund:1
ਹੇਲੀ	heli:5	heeli:2	helii:2	halai:1
ਹੇਲੇਨਾ	heelana:1	heelanna:1	heeleena:1	helana:1
ਹੇਵੇ	heve:3
ਹੈਂ	hain:3	haen:2	hein:2
ਹੈਂਡਰਸਨ	henderson:2	haendarasan:1	handerson:1
ਹੈਂਡਲ	handle:3	haendal:1
ਹੈਂਪਸ਼ਾਇਰ	hampshire:2	haenpashayir:1
ਹੈਕ	hack:4	hacq:1	hak:1	haq:1
ਹੈਕਰ	hackar:1	hacker:1	hacqer:1	hakar:1
ਹੈਜਮਨੀ	haejamani:1	haijmani:1	hejmani:1
ਹੈਜਾ	haija:2	haeja:1
ਹੈਜਿਸ	haejis:1	haijis:1	hajis:1
ਹੈਜੋ	hajo:2	heijo:1
ਹੈਟ	hat:3
ਹੈਡ	head:4	hed:1	heed:1	hiid:1
ਹੈਡਮਾਸਟਰ	headmashter:1	headmastar:1	headmaster:1	heatmashtor:1
ਹੈਡਿੰਗ	heading:3
ਹੈਡੇਗਰ	heeideeggeer:1	heideggar:1	heidegger:1
ਹੈਤੀ	haiti:2	haetee:1	haeti:1	hatee:1
ਹੈਦਰ	haider:2	hyder:1
ਹੈਦਰਾਬਾਦ	hyderabad:10	haidarabad:1	hyderaabaad:1	hyderaabad:1
ਹੈਦਰਾਬਾਦੀ	hyderabadi:3	haidarabadi:1
ਹੈਦਰੀ	hadree:1	hadri:1	haidery:1	haidri:1
ਹੈਨ	hain:3	han:1	hen:1
ਹੈਨਰੀ	henry:4	haenree:1	haenri:1	haenrii:1
ਹੈਨਾ	haina:1	hana:1	heina:1
ਹੈਨਾਨ	hainan:1	hanan:1	heinan:1
ਹੈਪੀ	happy:5	haipee:1
ਹੈਪੇਟਾਇਟਿਸ	haipetaaitis:1	hepatitis:1	hepetitis:1
ਹੈਮਬਰਗ	haimbarag:1	hamberg:1	hamburg:1
ਹੈਮਬਰਗਰ	hambargar:1	hambugar:1	hambugur:1	hamburgar:1
ਹੈਮਿਲਟਨ	hamilton:10
ਹੈਮਿੰਗਵੇ	haimingave:1	hamingway:1	hemingway:1
ਹੈਰਤ	hairat:3
ਹੈਰਲਡ	harold:2	herald:2	haaralad:1	haarald:1
ਹੈਰਾਨ	hairan:2	hairaan:1
ਹੈਰਾਨਕੁਨ	hairankun:2	hairaanakun:1
ਹੈਰਾਨੀ	hairani:2	haerani:1	hearani:1
ਹੈਰਾਨੀਜਨਕ	hairanijanak:2	haeranijanak:1
ਹੈਰਿਸ	haeris:2	harris:2	haaris:1	haerish:1
ਹੈਰੀ	harry:3	haari:1	haeri:1	haerii:1
ਹੈਰੀਟੇਜ	haeritej:1	haritage:1	heritage:1
ਹੈਰੀਸਨ	haerisan:1	harisan:1	harison:1	harryson:1
ਹੈਰੋ	haaroow:1	haarov:1	haarow:1	haero:1
ਹੈਰੋਲਡ	herold:2	haerolad:1
ਹੈਲਨ	haelan:2	helan:2	helen:2	hailana:1
ਹੈਲਮਟ	haelamat:1	haelmatt:1	helmat:1
ਹੈਲਮੇਟ	helmet:3	haelamet:1
ਹੈਲੀ	haeli:1	haley:1	hallei:1	halley:1
ਹੈਲੀਕਾਪਟਰ	helicoptar:1	helicopter:1	helikaptar:1	helikapter:1
ਹੈਲੇ	haele:1	hallai:1	hele:1
ਹੈਲੇਨ	haelen:1	hailen:1	helen:1
ਹੈਲੋ	hello:3	haelo:1	helloo:1	hellu:1
ਹੈਵਾਨੀਅਤ	haevaniyat:1	haewaniat:1	haiwaniat:1
ਹੈਵੀ	heavy:4	haevi:1	heavi:1	heavii:1
ਹੈਵੀਵੇਟ	heavyweight:2	haevivet:1
ਹੈਸ	haes:1	hais:1	has:1
ਹੈਸੀਅਤ	haisiat:2	haesiyat:1	haisiyat:1
ਹੈੱਡਸੈੱਟ	headset:1	headshet:1	hedset:1
ਹੈੱਸ	haess:1	hais:1	haiss:1	hess:1
ਹੋ	ho:4
ਹੋਂਗੇ	hongay:1	honge:1	hounge:1
ਹੋਂਦ	hond:3	hound:2	haund:1
ਹੋਂਦਵਾਦੀ	hondvadi:1	hondwaadee:1	houndwadi:1
ਹੋਂਦਾ	honda:1	hondaa:1	hounda:1
ਹੋਂਦੇ	haunde:1	honde:1	hounde:1
ਹੋਂਸਲਾ	honsala:1	honsla:1	hounsla:1
ਹੋਆ	hoaa:3	hoya:1
ਹੋਇ	hoi:4	hoyi:2
ਹੋਇਆ	hoiaa:5	hoyeya:3	hoia:2	hoyia:2
ਹੋਇਆਂ	hoiaan:2	hoyeyan:1
ਹੋਈ	hoyi:4	hoi:2
ਹੋਈਆ	hoiaa:2	hoyiya:2	hoeeaa:1	hoia:1
ਹੋਈਆਂ	hoiaan:7	hoyiyan:4	hoeeaan:1
ਹੋਈਏ	hoyiye:4	hoiae:1	hoiei:1	hoiye:1
ਹੋਈਓ	hoio:1	hoiu:1	hoyio:1
ਹੋਉ	hou:2	hoyu:1
ਹੋਏ	hoye:6
ਹੋਏਗਾ	hoyega:5	hoega:1
ਹੋਏਗੀ	hoyegi:5	hoegi:1
ਹੋਕਰ	hokar:3
ਹੋਕਾ	hoka:3
ਹੋਕੂ	hoku:3	hokoo:1
ਹੋਕੇ	hoke:3
ਹੋਗ	hog:4
ਹੋਗਨ	hogan:3
ਹੋਗਾ	hoga:3
ਹੋਗੀ	hogi:2	hogee:1
ਹੋਜ਼ੇ	hoze:2	hauze:1	hoje:1
ਹੋਜਾ	hoja:6
ਹੋਟ	hot:3
ਹੋਟਲ	hotel:3	hotal:2	hootel:1
ਹੋਟਲਸ	hotels:2	hotalas:1	hotals:1
ਹੋਟਲਾ	hotala:2	hotela:1	hotla:1
ਹੋਟਲਾਂ	hotalan:2	hotelan:1	hotlan:1
ਹੋਠ	hoth:2	hothh:1
ਹੋਠਾਂ	hothan:2	hothhan:1
ਹੋਠੀ	hothi:2	hothhi:1
ਹੋਡਲ	hodal:3	hodle:1
ਹੋਣ	hon:6
ਹੋਣਗੀਆਂ	honagiyan:3	hongiyaan:2	honagiaan:1	hongiaan:1
ਹੋਣਗੇ	honage:2	honge:1
ਹੋਣਯੋਗ	honyog:3	honayog:1
ਹੋਣਹਾਰ	honhar:2	honahaar:1	honhaar:1
ਹੋਣਾ	hona:3
ਹੋਣੀ	honi:4
ਹੋਣੀਆਂ	honiaan:1	honiyaan:1	honiyan:1
ਹੋਣੇ	hone:4
ਹੋਤੀ	hoti:3	hotee:2	hotii:1
ਹੋਤੇ	hote:3
ਹੋਦ	hod:3
ਹੋਨ	hon:4
ਹੋਮ	home:8
ਹੋਮਰ	homar:1	homer:1	hoomar:1	hoomer:1
ਹੋਮੋ	homo:3
ਹੋਯਾ	hoya:3
ਹੋਰ	hor:8
ਹੋਰਨਾਂ	horana:1	horanan:1	hornan:1
ਹੋਰਸ	hoorus:1	horus:1	horush:1
ਹੋਰਾਂ	horan:3
ਹੋਰੀ	hori:4
ਹੋਰੁ	horu:3
ਹੋਰੇ	hore:3
ਹੋਲ	hol:5	hole:4
ਹੋਲਕਰ	holkar:2	holakar:1	holqar:1
ਹੋਲਾ	hola:3
ਹੋਲਾਂ	holan:3
ਹੋਲਿਕਾ	holika:3	holiqa:1
ਹੋਲੀ	holi:6	holee:1	holii:1	hooli:1
ਹੋਲੀਕਾ	holika:3	holiqa:1
ਹੋਲੇ	hole:3
ਹੋਲੋਕਾਸਟ	holocaust:3	holocashte:1	holocaste:1	holocausht:1
ਹੋਵਗੀ	hovgi:2	hovgee:1	howagi:1
ਹੋਵਣਗੇ	hovange:2	howanage:1
ਹੋਵਾ	hova:4
ਹੋਵਾਂ	hovan:3
ਹੋਵਾਂਗੇ	hovange:2	howange:1
ਹੋਵੇ	hove:3
ਹੋਵੇਂ	hounwe:1	hoven:1	howein:1
ਹੋਵੇਂਗੀ	houwengi:1	hoveingi:1	hovengi:1
ਹੋਵੇਗਾ	hovega:3
ਹੋਵੇਗੀ	hovegi:2	houvegi:1
ਹੋਵੈ	houwai:1	hovae:1	howay:1
ਹੋਵੋ	houwou:1	hovo:1	howo:1
ਹੋਵੋਂ	hovon:2	houwou:1
ਹੋਵੋਗੇ	houwoge:1	hovoga:1	hovoge:1
ਹੋਸਟਸ	hosts:2	hosatas:1
ਹੋਸਟਿੰਗ	hosting:4	hoosting:1	hosating:1	hoshting:1
ਹੋਸਨੀ	hosani:2	hosnee:1
ਹੋਸਲਾ	hosla:2	hosala:1
ਹੋਸ਼	hosh:3
ਹੋਸ਼ਿਆਰਪੁਰ	hoshiarpur:4	hoshiaarpur:1
ਹੋਸ਼ੰਗਾਬਾਦ	hoshangabad:3
ਹੋਸੀ	hosi:3	hosee:1
ਹੌਂਦ	haund:2	hond:1
ਹੌਂਸਲਾ	haunsala:2	haunsalaa:2	honsla:1
ਹੌਕਾ	haukaa:1	houka:1	hounka:1
ਹੌਕੇ	hauke:1	houke:1	hounke:1
ਹੌਟ	hot:2	haut:1	hount:1	hout:1
ਹੌਣ	houn:2	haun:1	hon:1
ਹੌਲਦਾਰ	haudaar:1	houldaar:1	houldar:1
ਹੌਲ਼ੀ	haulaee:1	haulli:1	holi:1
ਹੌਲ਼ੇ	haulae:1	haulle:1	hole:1
ਹੌਲਾ	haula:2	haulaa:1
ਹੌਲੀ	haulee:1	hauli:1	holi:1
ਹੌਲੀਵੁੱਡ	hollywood:3
ਹੌਲੇ	haule:2	hole:1
ਹੌਸਲਾ	hausalaa:1	hounsla:1	housla:1
ਹੌਸਲੇ	haunsale:1	hounsle:1	housle:1
ਹੜ	had:2	har:1	harh:1
ਹੜਤਾਲ	hadtaal:3	hadtal:3	hartal:1
ਹੜਾਂ	hadaan:1	hadan:1	haran:1
ਹੜ੍ਹ	had:1	hadh:1	harh:1	harhh:1
ਹੜ੍ਹਾਂ	hadaan:1	hadahn:1	hadan:1	hadhaan:1
ਹੜੱਪਾ	hadappa:4	haddapa:1	harappa:1
ਹੰਕਾਰ	hankar:2	hankaar:1	hanqar:1
ਹੰਕਾਰੀ	hankari:2	hankaaree:1	hanqari:1
ਹੰਗਰੀ	hungary:3	hangaree:1	hungree:1	hunguree:1
ਹੰਗਰੀਆਈ	hangareeaaee:1	hangariaaee:1	hangriai:1
ਹੰਗਾਮਾ	hangama:2	humgama:1
ਹੰਗਾਮੀ	hangami:2	hangaamee:1
ਹੰਗਾਮੇ	hangame:2	hangaame:1
ਹੰਗਾਰਾ	hangara:2	hangaara:1
ਹੰਗੇਰੀਅਨ	hungarian:2	hangereean:1
ਹੰਝੂ	hanjhu:2	hanjhoo:1
ਹੰਝੂਆਂ	hanjhooaan:1	hanjhuaan:1	hanjhuan:1
ਹੰਟ	hunt:4	hant:2
ਹੰਟਰ	hantar:1	hanter:1	huntar:1	hunter:1
ਹੰਢਣਸਾਰ	handansar:1	handhansar:1	handnsar:1
ਹੰਢਾਇਆ	handaiya:1	handdayia:1	handhaiaa:1
ਹੰਢਾਏ	handaye:1	handdaye:1	handhaae:1	handye:1
ਹੰਨ	hann:2	hant:1
ਹੰਨਾਹ	hannah:3	haanah:1	hanah:1	hanahh:1
ਹੰਪਟੀ	hanpati:2	hampti:1	hampty:1
ਹੰਸ	hans:3
ਹੰਸਰਾਜ	hansraj:2	hansraaj:1
ਹੰਸਲੀ	hamsalee:1	hansali:1	hansli:1
ਹੰਸਾ	hansa:3	hamsaa:1	hansaa:1
ਹੰਸੀ	hansi:2	hansee:1
ਹੰਸੋ	hanso:3
ਹੱਕਦਾਰ	hakadaar:1	hakdar:1	hakkadar:1	haqqdaar:1
ਹੱਕਾਂ	hakkan:2	hakan:1
ਹੱਕੀ	hakkee:1	hakki:1	hockey:1
ਹੱਕੇ	hakke:3
ਹੱਜ	hajj:4	haaj:1	haj:1	haja:1
ਹੱਟ	hatt:3
ਹੱਟਕੇ	hattke:2	hattake:1
ਹੱਟਣ	hattan:2	hattann:1
ਹੱਟਣਾ	hattana:1	hattanna:1	hattna:1
ਹੱਟੀ	hatti:2	hattee:1
ਹੱਠ	hathth:1	hatth:1	hatthh:1
ਹੱਡ	hadd:3
ਹੱਡਬੀਤੀ	haddbeeti:2	haddbiti:2
ਹੱਡੀ	haddi:2	haddee:1
ਹੱਡੀਂ	haddin:2	haddeen:1	haddi:1
ਹੱਡੀਆ	haddeeaa:1	haddia:1	haddiya:1
ਹੱਡੀਆਂ	haddian:2	haddeeaan:1	haddiyian:1
ਹੱਤਿਆ	hatteya:2	hattia:2	hattiaa:2
ਹੱਥ	hatth:2	hathth:1
ਹੱਥਲੀ	hatthali:2	haththlee:1
ਹੱਥਾ	hattha:2	haththa:1
ਹੱਥਾਂ	hatthan:2	haththaan:1
ਹੱਥੀ	hatthi:2	haththee:1
ਹੱਥੀਂ	hatthin:2	haththeen:1
ਹੱਥੋ	hattho:2	haththo:1
ਹੱਥੋਂ	hatthon:2	haththon:1
ਹੱਦ	hadd:3
ਹੱਦਬੰਦੀ	haddbandi:3
ਹੱਦਬੰਦੀਆਂ	haddabandiaan:1	haddbandeeaan:1	haddbandiyaan:1
ਹੱਦਾ	hadda:3
ਹੱਦਾਂ	haddan:2	haddaan:1
ਹੱਦੋਂ	haddon:3
ਹੱਬ	habb:3	hub:3	hab:1	hubb:1
ਹੱਲਾ	halla:3
ਹੱਲਾਂ	hallaan:2	hallan:1
ਹੱਲੇ	halle:4	hale:1
ਹੱਵਾ	hawwa:2	hawa:1
ਹੱਸ	hass:3
ਹੱਸਣ	hassan:3
ਹੱਸੇ	hasse:2	hanse:1
