අ	a:3
අං	an:3
අංක	anka:5	amka:3
අංකනය	ankanaya:2	amkanaya:1
අංකය	ankaya:2	amkaya:1
අංකයක	amkayaka:2	ankayaka:2
අංකයක්	ankayak:3	amkayak:1
අංකිත	amkita:2	angkitha:1
අංකුර	ankura:2	angkura:1
අංග	anga:2	amga:1
අංගං	amgam:2	angan:1
අංගණය	amganaya:1	anganaya:1	aoganaya:1
අංගන	amgana:2	angana:2
අංගනයේ	anganaye:2	amganaye:1
අංගම්	angam:2	amgam:1
අංගම්පොර	angampora:3	amgampora:1
අංගය	amgaya:2	anggaya:1
අංගයක්	angayak:4	amgayak:3
අංගයකි	angayaki:2	amgayaki:1
අංගයන්	angayan:3	amgayan:1
අංගයන්ගෙන්	angayangen:3
අංගයයි	angayayi:2	angayai:1
අංගලක්ෂණ	angalakshana:2	angalaksana:1
අංගවල	angavala:3
අංගුත්තර	anguttara:2	amguttara:1
අංගුලිමාල	angulimala:3
අංජන	anjana:3
අංජලී	anjali:2	angjali:1
අංශ	ansha:10	amsa:2	angsha:1
අංශක	anshaka:5	amsaka:1	angshaka:1
අංශය	anshaya:5	amsaya:2
අංශයක්	anshayak:2	angshayak:1	ansayak:1
අංශයකි	amsayaki:1	angshayaki:1	anshayaki:1
අංශයට	amsayata:2	ansayata:1	anshayata:1
අංශයද	amsayada:1	ansayada:1	anshayada:1
අංශයන්	amsayan:2	amshayan:1
අංශයන්ගෙන්	amsayangen:2	anshayangen:1
අංශයෙන්	amsayen:2	amshayen:1	ansayen:1
අංශයේ	anshaye:2	amsaye:2	ansaye:2
අංශවල	amsavala:2	ansavala:2
අංශවලින්	amsavalin:3	ansavalin:1
අංශාධිපති	amsadhipathi:2	anshadhipathi:1
අංශු	anshu:8	amsu:2	amshu:1
අංශුන්	amsun:2	amshun:1
අංශුමය	amsumaya:2	amshumaya:1
අංශුමාත්‍ර	amsumathra:1	anshumaatra:1	anshumatra:1
අංශුව	amshuva:1	amsuva:1	anshuva:1	anshuwa:1
අංශුවක්	anshuwak:3	amsuvak:3
අංශුවකි	amsuvaki:3
අංශුවල	amsuvala:3
අංශුවලින්	amsuvalin:3
අංශුවේ	amsuve:2	anshuve:1
අංශූ	amsu:2	anshu:1
අංශූන්	anshun:3	amsun:2
අකටයුතු	akatayuthu:1	akatayutu:1	akathayuthu:1
අකම්පිතව	akampithava:3
අකල	akala:3
අකල්	akal:3
අක්කර	akkara:3
අක්කරයකින්	akkarayakin:3
අක්කා	akka:3
අක්බර්	akbar:3
අක්බාර්	akbar:3
අක්මා	akma:3
අක්මාව	akmava:3
අක්මාවේ	akmave:2	akmawe:1
අක්ෂ	aksa:2	aksha:2
අක්ෂය	aksaya:2	akshaya:2
අක්ෂයක්	aksayak:2	akshayak:2
අක්ෂයට	aksayata:2	akshayata:2
අක්ෂර	akshara:2	aksara:1
අක්ෂරය	aksharaya:2	aksaraya:1
අක්ෂරයන්ගෙන්	aksharayangen:2	aksarayangen:1
අක්ෂරයෙන්	aksharayen:2	aksarayen:1
අක්ෂරවල	aksharavala:2	aksaravala:1
අක්ෂරවලට	aksharavalata:2	aksaravalata:1
අක්ෂරවලින්	aksharavalin:2	aksaravalin:1
අක්ෂාංශ	aksamsa:2	akshansha:1
අක්ෂි	akshi:2	aksi:3
අක්ෂීය	aksiya:2	akshiya:1
අක්ෂේ	akshe:2	akshay:1
අක්සායි	aksaai:1	aksai:1	aksayi:1
අක්‍රමවත්	akramavath:2	akramavat:1
අක්‍රමිකතා	akramikatha:3
අක්‍රිය	akriya:3
අක්‍රීය	akriya:3
අක්‍රීයව	akreeyawa:2	akriyava:1
අකාබනික	akabanika:3
අකාර	akara:3
අකාරයට	akarayata:3
අකාරයෙන්	akarayen:3
අකාලික	akalika:3
අකිල	akila:3
අකුණක්	akunak:3
අකුණු	akunu:3
අකුර	akura:3
අකුරක්	akurak:3
අකුරින්	akurin:3
අකුරු	akuru:3
අකුරෙන්	akuren:3
අකුලා	akula:3
අකුසල	akusala:3
අකුසලය	akusalaya:3
අකුසල්	akusal:3
අකෘතියක්	akrtiyak:2	akrthiyak:1
අඛණ්ඩ	akhanda:2	akanda:1
අඛණ්ඩව	akhandava:2	akandawa:1	akhandawa:1
අග	aga:3
අගට	agata:3
අගති	agati:2	agathi:1
අගතියට	agathiyata:2	agatiyata:2
අගනගර	aganagara:3
අගනගරය	aganagaraya:3
අගනගරයට	aganagarayata:3
අගනගරයද	aganagarayada:3
අගනා	agana:3
අගනාම	aganama:3	aganaama:1
අගනුවර	aganuwara:5	aganuvara:2
අගනුවරට	aganuvarata:3
අගනුවරයි	aganuvarayi:3
අගබිසව	agabisawa:6	agabisava:3
අගබිසවගේ	agabisavage:3
අගභාගය	agabhagaya:3
අගභාගයේ	agabhagaye:2	agabagaye:1
අගභාගයේදී	agabhagayedi:2	agabagayedi:1
අගමැතිවරිය	agamaetivariya:1	agamathiwariya:1	agamethiwariya:1
අගමෙහෙසිය	agamehesiya:3
අගය	agaya:3
අගයක	agayaka:3
අගයක්	agayak:3
අගයකි	agayaki:3
අගයකින්	agayakin:3
අගයට	agayata:3
අගයත්	agayat:2	agayath:1
අගයන්	agayan:3
අගයයක්	agayayak:3
අගයයන්	agayayan:2	agayan:1
අගයෙන්	agayen:3
අගයේ	agaye:3
අගරදගුරු	agaradaguru:3
අගල	agala:3
අගලක්	agalak:3
අගල්	agal:3
අගවිනිසුරු	agavinisuru:3	agawinisuru:1
අගවිනිසුරුවරයා	agavinisuruvaraya:2	agavinisuruwaraya:1	agawinisuruwaraya:1
අගසව්	agasav:3
අගහරු	agaharu:3
අගහරුගේ	agaharuge:3
අගහරුවාදා	agaharuvada:2	agaharuwada:1
අගහිඟකම්	agahingakam:3
අග්ගමහා	aggamaha:3
අග්න්‍යාශය	agnyasaya:2	agnyashaya:1
අග්නි	agni:3
අග්නිදිග	agnidiga:3
අග්නිය	agniya:3
අග්බෝ	agbo:3	agbho:1
අග්‍ර	agra:3
අග්‍රගණ්‍ය	agraganya:3
අග්‍රය	agraya:3	aggraya:1
අග්‍රශ්‍රාවක	agrashravaka:2	agrashrawaka:1	agrasravaka:1
අග්‍රාණ්ඩුකාර	agrandukara:3
අග්‍රාණ්ඩුකාරවරයා	agrandukaravaraya:2	aggrandukarawaraya:1
අග්‍රාමාත්‍ය	agramathya:2	aggrahmathya:1	aggramathgya:1	aggramathya:1
අග්‍රාමාත්‍යය	aggrahmathya:1	aggramathya:1	agramathyaya:1	agramatyaya:1
අග්‍රාමාත්‍යවරයා	aggarhmathyawaraya:1	aggramathyawaraya:1	agramathyavaraya:1	agramatyavaraya:1
අග්‍රාමාත්‍යවරිය	aggrahmathyawariya:1	aggramathyawariya:1	agramathyavariya:1	agramatyavariya:1
අගාධ	agadha:2	agaada:1	agada:1
අගින්	agin:3
අගුරු	aguru:3
අගුළු	agulu:3
අගේ	age:3	agae:1
අගොස්තු	agosthu:1	agostu:1	august:1
අගෝස්තු	august:2	agostu:1	augusthu:1
අගෝස්තුවේ	agosthuve:1	agosthuwae:1	agusthuwe:1
අගෝස්තුවේදී	agosthuvedi:1	agosthuvedii:1	agosthuwedii:1	agostuvedi:1
අඟ	anga:3
අඟල	angala:3	agala:1
අඟලක්	angalak:3	agalak:1
අඟල්	angal:3	agal:1
අඟවමින්	angavamin:2	angawamin:1
අඟවයි	angavayi:2	angawai:1
අඟහරු	angaharu:3
අඟහරුගේ	angaharuge:3
අඟහරුවාදා	angaharuvada:3
අඟුරු	anguru:3
අඟුලාන	angulana:3
අචල	achala:2	acala:1
අච්චාරු	accaru:2	achcharu:1
අච්චු	achchu:2	accu:1
අච්චුව	achchuwa:2	achchuva:2
අච්චුවක්	achchuvak:2	achchuwak:1
අච්චුවේ	achchuve:2	accuve:1
අචාර්ය	acarya:2	acharya:1
අචේතනික	achethanika:2	acetanika:1
අජටාකාශ	ajatakasha:2	ajatakaasha:1	ajatakasa:1
අජටාකාශගාමියා	ajatakasagamiya:3
අජන්ත	ajanta:2	ajantha:1
අජන්තා	ajantha:2	ajanta:2
අජන්තාවේ	ajantave:2	ajanthave:1
අජාන්	ajan:3
අජාසත්	ajasat:2	ajasath:1
අජාසත්ත	ajasaththa:2	ajasatta:1
අජිත්	ajith:2	ajit:1
අජීවී	ajivi:3
අඥාත	agnata:2	agnatha:1
අඥාන	agnaana:1	agnana:1	angyaana:1
අට	ata:3
අටක	ataka:3
අටකට	atakata:3
අටක්	atak:3
අටකින්	atakin:3
අටට	atata:3
අටදාගේ	atadage:3
අටදෙනකු	atadenaku:2	atadeneku:1
අටපට්ටම්	atapattam:3
අටපිරිකර	atapirikara:3
අටමස්ථානාධිපති	atamasthaanaadhipathi:1	atamasthanadhipati:1	atamasthanadipathi:1
අටවක	atavaka:3
අටවන	atawana:2	atavana:2
අටවනු	atavanu:3
අටවා	atava:3
අටසිල්	atasil:3
අටළොස්	atalos:3
අට්ටාල	attala:3
අට්ටි	atti:3
අට්ඨ	attha:3
අට්ඨකථා	atthakatha:3
අටියෙන්	atiyen:3
අටු	atu:3
අටුව	atuva:3	atuwa:1
අටුවා	atuva:2	atuvaa:1	atuwaa:1
අටෙන්	aten:3
අටේ	ate:3
අඩ	ada:3
අඩංගු	adangu:2	adanggu:1
අඩංගුය	adanguya:2	adangguya:1
අඩංගුව	adanguva:2	adangguva:1	adangguwa:1
අඩංගුවට	adanguwata:2	adanguvata:2	adangguvata:1	adangguwata:1
අඩංගුවේ	adanguve:2	adangguve:1	adangguwe:1
අඩක	adaka:3
අඩකට	adakata:3
අඩක්	adak:3
අඩපණ	adapana:3
අඩපන	adapana:3
අඩවන්	adavan:1	adawan:1	adhavan:1
අඩවි	adavi:2	adawi:1
අඩවිත්	adavit:1	adavith:1	adawith:1
අඩවිය	adawiya:4	adaviya:3
අඩවියක	adaviyaka:2	adawiyaka:1
අඩවියක්	adaviyak:3
අඩවියකි	adaviyaki:3
අඩවියට	adaviyata:2	adawiyata:1
අඩවියත්	adaviyat:1	adaviyath:1	adawiyath:1
අඩවියද	adaviyada:1	adaviyadha:1	adawiyada:1
අඩවියෙහි	adaviyehi:3
අඩවියේ	adaviye:3
අඩවිවල	adavivala:2	adawilwala:1
අඩාල	adala:2	adaala:1
අඩි	adi:3
අඩිතාලම	adithalama:2	aditalama:1
අඩිතාලමක්	aditalamak:1	adithaalamak:1	adithalamak:1
අඩිපාරේ	adipare:3
අඩිය	adiya:3
අඩියක්	adiyak:3
අඩු	adu:3
අඩුකම	adukama:3
අඩුකර	adukara:3
අඩුකිරීම	adukirima:2	adukireema:1
අඩුකිරීමට	adukirimata:2	adukireemata:1
අඩුපාඩු	adupadu:3
අඩුපාඩුව	adupaduva:3
අඩුපාඩුවක්	adupaduvak:3
අඩුම	aduma:3
අඩුමිලට	adumilata:3
අඩුය	aduya:3
අඩුයි	aduyi:3
අඩුව	aduva:3
අඩුවක්	aduvak:2	aduwak:1
අඩුවන	aduwana:3	aduvana:2
අඩුවනු	aduvanu:2	aduwanu:1
අඩුවිය	aduviya:2	aduwiya:1
අඩුවී	aduvi:2	aduwee:1
අඩුවීම	aduvima:2	aduweema:1
අඩුවීමක්	aduvimak:2	aduweemak:1
අඩුවීමට	aduvimata:3
අඩුවීමයි	aduvimayi:3
අඩුවූ	aduvu:2	aduwoo:1
අඩුවෙන්	aduwen:2	aduven:2
අඩුවෙන්ම	aduvenma:3
අඩුවෙනි	aduveni:3
අඩුවේ	aduwe:4	aduve:2
අණ	ana:3
අණකර	anakara:3
අණදීම	anadima:2	anadeema:1
අණදෙන	anadena:3
අණපනත්	anapanat:2	anapanath:1
අණසක	anasaka:3
අණසකට	anasakata:3
අණ්ඩ	anda:3
අණ්ඩජ	andaja:3
අණ්ඩාකාර	andakara:3
අණු	anu:3
අණුක	anuka:3
අණුව	anuva:2	anuwa:1
අණුවක	anuvaka:3
අණුවක්	anuvak:3
අණුවකි	anuvaki:3
අණුවල	anuvala:3
අණුවලට	anuvalata:3
අණුවේ	anuve:3
අඬු	andu:2	adu:1
අත	atha:2	ata:1
අතක	ataka:2	athaka:1
අතකට	atakata:2	athakata:1
අතක්	athak:2	atak:1
අතකින්	athakin:2	atakin:1
අතගා	athaga:2	ataga:1
අතට	athata:3
අතත්‍ය	athathya:3
අතථ්‍ය	athathya:3
අතපත්තු	athapaththu:3
අතපසු	athapasu:3
අතපසුවීම	athapasuvima:2	atapasuvima:1
අතපොත්	athapoth:2	athapot:1
අතම	athama:3
අතර	athara:3
අතරක්	atharak:3
අතරට	atharata:3
අතරත්	atharath:3
අතරතුර	atharathura:3
අතරතුරදී	atharathuradi:3
අතරතුරය	atharathuraya:3
අතරතුරේ	atharathure:3
අතරද	atharada:3
අතරදී	atharadi:3
අතරම	atharama:3
අතරමං	atharamam:3
අතරමග	atharamaga:3
අතරමඟ	atharamanga:3
අතරමඟදී	atharamangadi:3
අතරය	atharaya:3
අතරයි	atharayi:2	atharai:1
අතරවාරයේ	atharavaraye:2	atharawaraye:1
අතරින්	atharin:3
අතරින්ම	atharinma:3
අතරෙන්	atharen:2	ataren:1
අතරෙහි	atharehi:2	atarehi:1
අතරේ	athare:2	atare:1
අතලොස්සකි	athalossaki:3
අතවර	athavara:2	athawara:1
අත්	ath:3
අත්අඩංගුවට	athadanguwata:2	athadamguvata:2	atadamguvata:1
අත්අඩංගුවෙන්	athadamguven:2	atadamguven:1
අත්අඩංගුවේ	athadamguve:2	atadamguve:1
අත්කම්	athkam:3
අත්කර	athkara:3
අත්කරගත්	athkaragath:2	atkaragat:1
අත්කරගන්නා	athkaraganna:2	atkaraganna:1
අත්ත	aththa:3
අත්තටු	aththatu:3
අත්තනගල්ල	aththanagalla:2	attanagalla:1
අත්තනායක	aththanayaka:3
අත්තනෝමතික	aththanomathika:3
අත්තම්මා	aththamma:3
අත්තා	aththa:3
අත්තානං	aththanan:2	aththanam:1
අත්තික්කා	aththikka:3
අත්තිවාරම	aththivarama:2	aththiwarama:1	atthiwarama:1
අත්තිවාරමක්	aththivaramak:1	aththiwaramak:1	atthiwaramak:1
අත්තිවාරම්	aththivaram:2	aththiwaram:1	atthiwaram:1
අත්තේ	aththe:2	atthe:1
අත්ථි	aththi:2	atthi:1
අත්දුටු	athdutu:3
අත්දෙක	athdeka:3
අත්පත්	athpath:3
අත්පත්‍රිකා	athpathrika:2	atpatrika:1
අත්පිට	athpita:3
අත්පිටපත්	athpitapath:3
අත්පුඩි	athpudi:3
අත්පොත්	athpoth:3
අත්පොළසන්	athpolasan:2	atpolasan:1
අත්භූත	atbhuta:1	atboota:1	athbhutha:1
අත්ල	athla:2	atla:1
අත්ලන්තික්	atlantic:2	athlanthik:1
අත්ලාන්තික්	atlantic:2	atlantik:1
අත්ලේ	athle:2	atle:1
අත්වන	athvana:2	atwana:1
අත්වල	athvala:2	atvala:1
අත්වලට	athvalata:2	atvalata:1
අත්විඳි	athvindi:2	atvindi:1
අත්විඳිය	athvindiya:2	atvindiya:1
අත්විය	athviya:3
අත්සන	athsana:3
අත්සන්	athsan:3
අත්හදා	athhada:2	athhadha:1
අත්හරින	athharina:2	atharina:1
අත්හල	athhala:2	athala:1
අත්හළ	athhala:2	athala:1
අත්හිටුවන	athhituvana:1	athhituwana:1	athituvana:1
අත්හිටුවා	ahthituwa:1	athhituva:1	athituva:1
අත්හිටුවීම	athituvima:2	athhituweema:1
අත්හිටුවීමට	athituvimata:2	athhituweemata:1
අත්‍යන්ත	athyantha:3
අත්‍යන්තයෙහිදී	athyanthayehidee:2	athyanthayehidi:1
අත්‍යන්තයේදී	athyanthayedee:2	athyanthayedi:1
අත්‍යවශය	athyavasaya:1	athyawashaya:1	athyawashya:1
අත්‍යවශ්‍ය	athyawashya:2	athyavasya:1
අත්‍යවශ්‍යය	athyawashyaya:2	athyavasyaya:1
අත්‍යවශ්‍යයෙන්ම	athyawashyayenma:2	athyavasyayenma:1
අත්‍යාවශ්‍ය	athyaawashya:1	athyavasya:1	athyawashya:1
අත්‍යාවශ්‍යම	athyaawashyama:1	athyavasyama:1	athyawashyama:1
අත්‍යාවශ්‍යය	athyaawashyaya:1	athyavasyaya:1	athyawashyaya:1
අත්‍යාවශ්‍යයි	athyaawashyayi:1	athyavasyayi:1	athyawashyayai:1
අත්‍යුත්තර	athayuththara:1	athyaththara:1	athyuththara:1
අතාත්වික	athaathwika:1	athathvika:1	athathwika:1
අතාර්කික	atharkika:2	atarkika:1
අති	athi:3
අතිඋතුම්	athiuthum:3
අතිඋද්ධමනය	athiuddhamanaya:3
අතික්‍රමණය	athikramanaya:2	atikramanaya:1
අතිගරු	athigaru:3
අතිතයේ	athithaye:3
අතිනත	athinatha:3
අතින්	athin:3
අතින්ද	athinda:3
අතින්ම	athinma:3
අතිනි	athini:3
අතිපිහිත	athipihitha:3
අතිපූජ්‍ය	athipujya:2	atipujya:1
අතිමහත්	athimahath:3
අතිමහත්ය	athimahathya:3
අතිරික්ත	athiriktha:2	atirikta:1
අතිරික්තය	athirikthaya:2	atiriktaya:1
අතිරික්තයක්	athirikthayak:2	atiriktayak:1
අතිරේක	athireka:2	atireka:2
අතිරේකය	atirekaya:2	athirekaya:1
අතිරේකයක්	atirekayak:2	athirekayak:1
අතිරේකව	atirekava:2	athirekava:1
අතිවිශාල	athivisala:1	ativisala:1	ativishaala:1
අතිවිශිෂ්ට	athivishishta:1	ativishishta:1	ativisista:1
අතිශය	athishaya:1	atisaya:1	atishaya:1
අතිශයින්	athishayin:5	ateeshayin:1	atisayin:1
අතිශයින්ම	athishayinma:1	atisayinma:1	atishainma:1
අතිශයෝක්තියක්	atisayoktiyak:2	atishayoktiyak:1
අතිසාර්ථක	athisarthaka:1	atisaartaka:1	atisarthaka:1
අතීත	atheetha:2	ateeta:1	athitha:1	atita:1
අතීතය	atitaya:2	ateetaya:1
අතීතයකට	atitayakata:3
අතීතයට	atitayata:3
අතීතයෙහි	atitayehi:3
අතීතයේ	atheethaye:9	atitaye:3
අතීතයේදී	atitayedi:3
අතීතෙ	atite:3
අතීසාර	atisara:3
අතීසාරය	atisaraya:3
අතු	atu:2	athu:1
අතුකෝරල	atukorala:3
අතුරා	atura:2	athura:1
අතුරින්	athurin:9	aturin:2
අතුරු	athuru:2	aturu:1
අතුරුදන්	aturudan:2	athurudan:1
අතුරුදහන්	aturudahan:2	athurudahan:1
අතුරුපස	aturupasa:2	athurupasa:1
අතුරුඵල	athuruphala:1	aturupala:1	aturuphala:1
අතුරුඵලයක්	aturuphalayak:2	aturupalayak:1
අතුරුමුහුණත්	aturumuhunat:2	athurumuhunath:1
අතුරෙන්	aturen:2	athuren:1
අතුරෙහි	aturehi:2	athurehi:1
අතුල	atula:2	athula:1
අතුවල	athuvala:1	athuwala:1	atuvala:1
අතෘප්තිය	atrptiya:2	atrupthiya:1
අතෘප්තියට	athrupthiyata:1	atrptiyata:1	atrupthiyata:1
අතෙහි	athehi:2	atehi:1
අතේ	athe:2	ate:1
අද	ada:3
අදක්ෂ	adaksha:2	adaksa:1
අදට	adata:3
අදටත්	adatath:2	adatat:1
අදටද	adatada:3
අදත්	adath:2	adat:1
අදද	adada:3
අදරින්	adarin:3
අදවන	adavana:3
අදහන	adahana:3
අදහන්නේ	adahanne:3
අදහමින්	adahamin:3
අදහයි	adahayi:3
අදහස	adahasa:3
අදහසක්	adahasak:3
අදහසකි	adahasaki:3
අදහසට	adahasata:3
අදහසය	adahasaya:3
අදහසයි	adahasayi:3
අදහස්	adahas:3
අදහස්ය	adahasya:3
අදහස්වල	adahasvala:3
අදහස්වලට	adahasvalata:3
අදහස්වලින්	adahasvalin:3
අදහසින්	adahasin:3
අදහසේ	adahase:3
අදහා	adaha:3
අද්දරට	addarata:3
අද්දරාරච්චි	addararachchi:2	addararacci:1
අද්භූත	adbhutha:2	adbhuta:1
අද්භූතජනක	adbhuthajanaka:2	adbhutajanaka:1
අද්මිරාල්	admiral:3
අද්විතීය	advithiya:2	advitiya:1
අද්වීතිය	advithiya:2	advitiya:1
අදායම	adayama:3
අදායමක්	adayamak:3
අදායම්	adayam:3
අදාල	adala:3
අදාලය	adalaya:3
අදාලව	adalava:3
අදාළ	adala:3
අදාළව	adalava:3
අදිකාරම්	adikaram:2	adikaaram:1
අදිටන්	aditan:3
අදිටනින්	aditanin:3
අදින	adina:3
අදින්	adin:3
අදිනු	adinu:3
අදිමදි	adimadi:3
අදියර	adiyara:3
අදියරක්	adiyarak:3
අදියරයි	adiyarayi:2	adiyaraai:1
අදියරේ	adiyare:3
අදියරේදී	adiyaredi:2	adiyaredee:1
අදිරය	adiraya:3
අදිශ	adisha:2	adisa:1
අදීන	adina:2	adeena:1
අදෘශ්‍යමාන	adrshyamana:1	adrsyamana:1	adrushyamaana:1
අදෘෂ්‍යමාන	adrshyamana:1	adrsyamana:1	adrushyamaana:1
අධයනය	adhayanaya:2	adayanaya:1
අධර	adhara:2	adara:1
අධර්මිෂ්ට	adharmista:2	adarmishta:1
අධර්මිෂ්ඨ	adharmistha:2	adarmishta:1
අධ්‍යක්ෂ	adhyaksa:1	adhyaksha:1	adiyaksha:1
අධ්‍යක්ෂක	adhyaksaka:1	adhyakshaka:1	adyakshaka:1
අධ්‍යක්ෂකගේ	adhyaksakage:1	adhyakshakage:1	adyakshakage:1
අධ්‍යක්ෂකවරයා	adhyaksakavaraya:1	adhyakshakavaraya:1	adyakshakavarayaa:1
අධ්‍යක්ෂකවරයෙකු	adhyaksakavarayeku:1	adhyakshakavarayeku:1	adyakshakavarayeku:1
අධ්‍යක්ෂකවරුන්	adhyaksakavarun:1	adhyakshakavarun:1	adyakshakavarun:1
අධ්‍යක්ෂණ	adhyaksana:1	adhyakshana:1	adyakshana:1
අධ්‍යක්ෂණය	adhyakshanaya:2	adhyaksanaya:1	adyakshanaya:1
අධ්‍යක්ෂණයට	adhyaksanayata:1	adhyakshanayata:1	adyakshanayata:1
අධ්‍යක්ෂවරයාය	adhyaksavarayaya:2	adhyakshavarayaya:2
අධ්‍යක්ෂවරයෙකු	adhyaksavarayeku:1	adhyakshavarayeku:1	adyakshavarayeku:1
අධ්‍යක්ෂවරුන්	adhyaksavarun:1	adhyakshavarun:1	adyakshavarun:1
අධ්‍යන	adhyana:3
අධ්‍යනය	adyanaya:2	adhyanaya:3
අධ්‍යනයක්	adhyanayak:3
අධ්‍යනයට	adhyanayata:3
අධ්‍යනයන්	adhyanayan:2	adyanayan:1
අධ්‍යනයේ	adhyanaye:2	adyanaye:1
අධ්‍යනාංශය	adhyanamshaya:1	adhyanansaya:1	adyanaanshaya:1
අධ්‍යපන	adhyapana:2	adyapana:1
අධ්‍යපනය	adhyapanaya:2	adyapanaya:1
අධ්‍යයන	adyana:2	adhyayana:2	adyayana:1
අධ්‍යයනය	adyanaya:8	adhyayanaya:3
අධ්‍යයනයක	adhyayanayaka:3
අධ්‍යයනයකට	adhyayanayakata:2	adyayanayakata:1
අධ්‍යයනයකදී	adhyayanayakadi:2	adyayanayakadee:1
අධ්‍යයනයක්	adhyayanayak:2	adyayanayak:1
අධ්‍යයනයකින්	adhyayanayakin:3
අධ්‍යයනයට	adyanayata:2	adhyayanayata:3
අධ්‍යයනයන්	adhyayanayan:3
අධ්‍යයනයන්ට	adhyayanayanta:3
අධ්‍යයනයයි	adhyayanayayi:3
අධ්‍යයනයෙන්	adhyayanayen:3
අධ්‍යයනයෙහි	adhyayanayehi:3
අධ්‍යයනයේ	adhyayanaye:3
අධ්‍යයනාංශ	adhyayanamsa:3	adhyayanansa:1
අධ්‍යයනාංශය	adhyayanamsaya:3	adhyayanansaya:1
අධ්‍යයනාංශයේ	adhyayanamsaye:3	adhyayanansaye:1
අධ්‍යයනායතනය	adhyayanayatanaya:3
අධ්‍යාත්ම	adhyatma:2	adhyathma:1
අධ්‍යාත්මික	adhyatmika:2	adhyathmika:1
අධ්‍යාපන	adyapana:17	adhyapana:3
අධ්‍යාපනය	adyapanaya:10	adhyapanaya:2
අධ්‍යාපනයක්	adhyapanayak:3
අධ්‍යාපනයට	adyapanayata:3	adhyapanayata:3
අධ්‍යාපනයයි	adhyapanayayi:3
අධ්‍යාපනයෙන්	adhyapanayen:3
අධ්‍යාපනයෙහි	adhyapanayehi:3
අධ්‍යාපනයේ	adhyapanaye:3
අධ්‍යාපනික	adyapanika:3	adhyapanika:2
අධාරයෙන්	adharayen:3
අධි	adhi:3
අධික	adhika:3
අධිකතම	adhikathama:2	adhikatama:1
අධිකතර	adhikathara:2	adhikatara:1
අධිකය	adhikaya:3
අධිකයි	adhikayi:2	adhikai:1
අධිකරණ	adhikarana:3
අධිකරණමය	adhikaranamaya:3
අධිකරණය	adikaranaya:2	adhikaranaya:3
අධිකරණයක්	adhikaranayak:3
අධිකරණයට	adhikaranayata:3
අධිකරණයන්	adhikaranayan:3
අධිකරණයෙහි	adhikaranayehi:3
අධිකරණයේ	adhikaranaye:3
අධිකව	adhikava:2	adhikawa:1
අධිකවීම	adhikavima:2	adhikaweema:1
අධික්ෂණය	adhikshanaya:2	adhiksanaya:1
අධිකාරම්	adhikaram:3
අධිකාරය	adhikaraya:3
අධිකාරයක්	adhikarayak:3
අධිකාරි	adhikari:3	adikari:1
අධිකාරිය	adhikariya:2	adikariya:1
අධිකාරියට	adhikariyata:2	adikariyata:1
අධිකාරියේ	adhikariye:3
අධිකාරී	adhikari:3
අධිකාරීන්	adhikarin:3
අධිනීතීඥ	adhinithigna:2	adhinitigna:1
අධිපති	adhipathi:2	adhipati:1
අධිපතියන්	adhipathiyan:2	adhipatiyan:1
අධිපතියා	adhipathiya:2	adhipatiya:1
අධිපතීත්වය	adhipatitvaya:2	adhipathithvaya:1
අධිපතීන්	adhipathin:2	adhipatin:1
අධිබල	adhibala:3
අධිභෞතික	adhibhauthika:2	adhibhautika:1
අධිරාජයා	adhirajaya:3
අධිරාජයාගේ	adhirajayage:3
අධිරාජයාට	adhirajayata:3
අධිරාජ්‍ය	adhirajya:3
අධිරාජ්‍යය	adhirajya:3	adhirajyaya:3
අධිරාජ්‍යයක්	adhirajyayak:3
අධිරාජ්‍යයට	adhirajyayata:3
අධිරාජ්‍යයන්	adhirajyayan:3
අධිරාජ්‍යයන්ට	adhirajyayanta:3
අධිරාජ්‍යයා	adhirajya:2	adhirajyaya:3
අධිරාජ්‍යයාගේ	adhirajyayage:3
අධිරාජ්‍යයෙන්	adhirajyayen:3
අධිරාජ්‍යයෙහි	adhirajyayehi:3
අධිරාජ්‍යයේ	adhirajyaye:3
අධිරාජ්‍යවාදය	adhirajyavadaya:3
අධිරාජ්‍යවාදයට	adhirajyavadayata:3
අධිරාජ්‍යවාදයෙන්	adhirajyavadayen:3
අධිරාජ්‍යවාදී	adhirajyavadi:3
අධිරාජ්‍යවාදීන්ගේ	adhirajyavadinge:3
අධිරාජ්‍යා	adhirajya:2	adhirajyage:1
අධිරාජ්‍යාගේ	adhirajyage:3
අධිවේගි	adhivegi:3
අධිවේගී	adhivegi:3
අධිෂ්ඨාන	adhisthana:3	adhishthana:1
අධිෂ්ඨානය	adhisthanaya:3	adhishthanaya:1
අධිෂ්ඨානයක්	adhisthanayak:3	adhishthanayak:1
අධිෂ්ඨානයකින්	adhishthanayakin:2	adhisthanayakin:2
අධිෂ්ඨානයෙන්	adhisthanayen:3	adhishthanayen:1
අධිෂ්ඨානශීලී	adhisthanasili:3	adhishthanasili:1
අධිස්පන්දනය	adhispandanaya:3
අධීක්ෂණ	adhiksana:2	adhikshana:2
අධීක්ෂණය	adeekshanaya:1	adhiksanaya:1	adhikshanaya:1
අධෛර්යමත්	adhairyamath:2	adharyamath:1
අධෝරක්ත	adhoraktha:2	adhorakta:1
අනගාරික	anagarika:3
අනගි	anagi:3
අනත්ත	anaththa:2	anatta:1
අනතුර	anathura:2	anatura:1
අනතුරක	anathuraka:2	anaturaka:1
අනතුරකට	anathurakata:2	anaturakata:1
අනතුරකදී	anathurakadi:2	anaturakadee:1
අනතුරක්	anathurak:2	anaturak:1
අනතුරකින්	anathurakin:2	anaturakin:1
අනතුරට	anathurata:2	anaturata:1
අනතුරින්	anathurin:2	anaturin:1
අනතුරු	anathuru:2	anaturu:1
අනතුරුදායක	anathurudayaka:1	anaturudaayaka:1	anaturudayaka:1
අනතුරුව	anathuruwa:15	anathuruva:2	anaturuva:1
අනතුරුවය	anathuruvaya:2	anaturuvaya:1
අනතුරුවයි	anathuruvayi:2	anaturuvaai:1
අනතුරෙන්	anathuren:2	anaturen:1
අනන්ත	anantha:2	ananta:1
අනන්තය	ananthaya:2	anantaya:1
අනන්තයේ	ananthaye:2	anantaye:1
අනන්‍ය	ananya:3
අනන්‍යතාව	ananyathava:2	ananyataava:1
අනන්‍යතාවන්	ananyathavan:2	ananyatavan:1
අනන්‍යතාවය	ananyathawaya:3	ananyathavaya:2	ananyatavaya:1
අනන්‍යතාවයක්	ananyathavayak:2	ananyatavayak:1
අනඳ	ananda:3
අනපේක්ෂිත	anapeksita:2	anapekshita:1	anapeksitha:1
අනපේක්ෂිතව	anapeksitava:2	anapekshitava:1	anapeksithava:1
අනභිභවනීය	anabhibhavaniya:3
අනම්‍ය	anamya:3
අනර්ඝ	anargha:2	anarga:1
අනර්ඝතම	anarghathama:2	anarghatama:1
අනර්ථ	anartha:3
අනර්ථකාරි	anarthakari:3
අනර්ථකාරී	anarthakari:3
අනවබෝධය	anavabodhaya:3
අනවරත	anavaratha:2	anavarata:1
අනවශ්‍ය	anavasya:2	anavashya:1
අනවසර	anavasara:3
අනවසරයෙන්	anavasarayen:3
අන්	an:2	un:1
අන්ත	anta:2	antha:2
අන්තඃප්ලාස්මීය	anthahplasmiya:2	antahplasmiya:1
අන්තඃපුරයේ	anthahpuraye:2	antahpuraye:1
අන්තය	anthaya:2	antaya:1
අන්තයකම	anthayakama:2	antayakama:1
අන්තයක්	anthayak:2	antayak:1
අන්තයෙහි	anthayehi:2	antayehi:1
අන්තයේ	anthaye:2	antaye:1
අන්තර	anthara:2	antara:1
අන්තරංග	anteranga:1	antharamga:1	antharangga:1
අන්තරය	antharaya:2	antaraya:1
අන්තර්	anthar:2	anter:1
අන්තර්ක්‍රියා	antarkriya:1	antarkriyaa:1	antharkriya:1
අන්තර්ගත	anthargatha:2	antargata:1
අන්තර්ගතය	anthargathaya:2	antargataya:1
අන්තර්ගතයට	antargatayata:1	anthargathayata:1	anthargathyata:1
අන්තර්ගතයන්	anthargathayan:2	antargatayan:1
අන්තර්ගතයේ	antargataye:1	anthargathaye:1	anthargathye:1
අන්තර්ගතව	anthargathava:2	antargatava:1
අන්තර්ග්‍රහණය	antargrahanaya:1	anthargrahanaya:1	anthrgrahanaya:1
අන්තර්ජාතික	antharjathika:2	antarjatika:1
අන්තර්ජාතිකව	antharjathikava:2	antarjatikava:1
අන්තර්ජාල	antharjala:2	antarjala:1
අන්තර්ජාලය	antharjalaya:2	antarjalaya:1
අන්තර්ජාලයට	antharjalayata:2	antarjalayata:1
අන්තර්ජාලයෙන්	antharjalayen:2	antarjalayen:1
අන්තර්ජාලයේ	antharjalaye:2	antarjalaye:1
අන්තර්ජාලයේදී	antharjalayedi:2	antarjalayedi:1
අන්තර්පුද්ගල	antharpudgala:2	antarpudgala:1
අන්තර්වාර	antharvara:2	antarvaara:1
අන්තරාදායක	antharadayaka:2	antaraadaayaka:1
අන්තරායට	antharayata:2	antaraayata:1
අන්තරාසර්ග	antharasarga:2	antaraasarga:1
අන්තවාදී	anthavadi:2	antavaadee:1
අන්තවාදීන්ගේ	anthavadinge:2	antavaadeenge:1
අන්ත්‍ර	anthra:3
අන්ත්‍රය	anthraya:3
අන්ත්‍රයේ	anthraye:3
අන්තිම	anthima:3
අන්තිමට	anthimata:3
අන්තෝනි	anthoni:1	anthony:1	antony:1
අන්දම	andama:3
අන්දමක	andamaka:3
අන්දමකට	andamakata:3
අන්දමට	andamata:3
අන්දමන්	andaman:3
අන්දමන්ද	andamanda:3
අන්දමින්	andamin:3
අන්දමේ	andame:2	anadame:1
අන්දිරිස්	andiris:3
අන්දීස්	andis:3
අන්ධ	andha:3
අන්ධකාරය	andhakaraya:3
අන්ධභාවය	andhabhavaya:3
අන්ධයන්	andhayan:3
අන්ධව	andhava:3
අන්නාපූර්ණ	annapurna:3
අන්නාසි	annasi:3
අන්වර්	anwar:2	anvar:1
අන්වර්ත	anvartha:3
අන්වර්ථ	anvartha:2	anvarthha:1
අන්වායාම	anvayama:2	anvaayaama:1
අන්වීක්ෂ	anveeksha:1	anviksa:1	anvikshaya:1
අන්වීක්ෂය	anveekshaya:1	anviksaya:1	anvikshaya:1
අන්වීක්ෂයෙන්	anveekshayen:1	anviksayen:1	anvikshayen:1
අන්වීක්ෂීය	anveeksheeya:1	anvikshiya:1	anviksiya:1
අන්සතු	ansathu:3
අන්‍ය	anya:3
අන්‍යන්	anyan:3
අන්‍යයන්	anyayan:3
අන්‍යයන්ගේ	anyayange:3
අන්‍යයන්ට	anyayanta:3
අන්‍යොන්‍ය	anyonya:2	aneyanya:1
අන්‍යෝන්‍ය	anyonya:3
අනා	ana:3
අනාකූල	anakula:3
අනාගත	anagata:2	anagatha:1
අනාගතය	anagataya:2	anagathaya:1
අනාගතයක්	anagatayak:2	anagathayak:1
අනාගතයට	anagatayata:2	anagathayata:1
අනාගතයෙන්	anagatayen:2	anagathayen:1
අනාගතයෙහි	anagatayehi:2	anagathayehi:1
අනාගතයේ	anagataye:2	anagathaye:1
අනාගතයේදී	anagatayedi:2	anagathayedi:1
අනාගමික	anagamika:3
අනාගාමි	anagami:3
අනාගාමී	anagami:3
අනාචාරය	anacaraya:2	anacharaya:1
අනාත්ම	anathma:2	anatma:1
අනාථ	anatha:3
අනාරක්ෂිත	anarakshitha:2	anaraksita:1
අනාවරණ	anavarana:2	anawarana:1
අනාවරණය	anawaranaya:4	anavaranaya:2
අනාවරණයන්	anavaranayan:2	anawaranayan:1
අනිකට	anikata:3
අනික්	anik:3
අනිකාගේ	anikage:2	anikaage:1
අනිකුත්	anikuth:3	anikut:2
අනිටු	anitu:3
අනිත්	anit:2	anith:1
අනිත්‍ය	anithya:1	anitya:1	anityata:1
අනිත්‍යය	anithyaya:1	anitya:1	anityaya:1
අනියම්	aniyam:3
අනිල්	anil:3
අනිවාර්ය	aniwarya:3	anivarya:3
අනිවාර්යය	anivaryaya:3
අනිවාර්යයෙන්	anivaryayen:2	anivaryen:1
අනිවාර්යයෙන්ම	anivaryayenma:2	anivaryenma:1
අනිවාර්යෙන්ම	aniwaryayenma:2	anivaryenma:2
අනිවාර්‍ය	anivarya:2	aniwarya:1
අනිවාර්‍යයෙන්ම	anivaryayenma:1	anivaryenma:1	aniwaryayenma:1
අනිසි	anisi:2	aniisi:1
අනීතික	aneethaka:1	anithika:1	anitika:1
අනු	anu:3
අනුකම්පා	anukampa:3
අනුකම්පාව	anukampaawa:1	anukampava:1	anukampawa:1
අනුකම්පාවක්	anukampaawak:1	anukampavak:1	anukampawak:1
අනුකරණය	anukaranaya:3
අනුකරණයක්	anukaranayak:3
අනුකරණයට	anukaranayata:3
අනුකල	anukala:3
අනුකලනය	anukalanaya:3
අනුකලය	anukalaya:3
අනුකලිත	anukalitha:2	anukalita:1
අනුක්‍රම	anukrama:3
අනුක්‍රමණය	anukramanaya:3
අනුක්‍රමය	anukramaya:3
අනුක්‍රමයෙන්	anukramayen:3
අනුක්‍රමයේ	anukramaye:3
අනුක්‍රමික	anukramika:3
අනුකූල	anukula:4	anukoola:2
අනුකූලතාව	anukulathava:2	anukulatava:1
අනුකූලතාවක්	anukulathavak:2	anukulatavak:1
අනුකූලව	anukulawa:2	anukulava:3
අනුගත	anugatha:2	anugata:1
අනුගතවීම	anugathavima:2	anugatavima:1
අනුගමනය	anugamanaya:3
අනුග්‍රහ	anugraha:3
අනුග්‍රහය	anugrahaya:3
අනුග්‍රහයක්	anugrahayak:3
අනුග්‍රහයන්	anugrahayan:3
අනුග්‍රහයෙන්	anugrahayen:3
අනුග්‍රාහක	anugrahaka:3
අනුග්‍රාහකත්වය	anugrahakathvaya:2	anugrahakatvaya:1
අනුග්‍රාහකයා	anugrahakaya:3
අනුගාමික	anugamika:3
අනුගාමිකයකු	anugamikayaku:3
අනුගාමිකයන්	anugamikayan:3
අනුගාමිකයා	anugamikaya:3
අනුගාමිකයින්	anugamikayin:3
අනුගාමිකයෝ	anugamikayo:3
අනුගාමී	anugami:3
අනුචිත	anuchitha:2	anucitha:1
අනුන	anuna:3
අනුනට	anunata:3
අනුන්	anun:3
අනුන්ගෙන්	anungen:3
අනුන්ගේ	anunge:3
අනුන්ට	anunta:3
අනුන්ව	anunva:3
අනුනාද	anunada:3
අනුප්‍රාප්තික	anuprapthika:3
අනුප්‍රාප්තිකයන්	anuprapthikayan:3
අනුප්‍රාප්තිකයා	anuprapthikaya:3
අනුප්‍රාප්තිකයෝ	anuprapthikayo:3
අනුපාත	anupatha:3
අනුපාතය	anupathaya:3
අනුපාතයක්	anupathayak:3
අනුපාතයට	anupathayata:3
අනුපාතයන්	anupathayan:3
අනුපාතයෙන්	anupathayen:3
අනුපාතික	anupathika:3
අනුපාතිකය	anupathikaya:3
අනුපාතිකයන්	anupathikayan:3
අනුපාතිකව	anupathikava:3
අනුපිලිවෙල	anupilivela:3
අනුපිළිවෙල	anupilivela:3
අනුපිළිවෙලට	anupilivelata:2	anupiliwelata:1
අනුපිළිවෙලවල්	anupilivelaval:2	anupiliwelawal:1
අනුපිළිවෙලින්	anupilivelin:2	anupiliwelin:1
අනුපිළිවෙළ	anupilivela:2	anupiliwela:1
අනුපිළිවෙළට	anupilivelata:2	anupiliwelata:1
අනුපූරක	anupuraka:3
අනුපූරකය	anupurakaya:3
අනුබද්ධ	anubaddha:3
අනුබද්ධිත	anubaddhitha:2	anubaddhita:1
අනුබල	anubala:3
අනුබලය	anubalaya:3
අනුභව	anubhawa:2	anubhava:2	anubava:1
අනුභවය	anubhavaya:2	anubavaya:1
අනුභූතිය	anubhuthiya:3
අනුමත	anumatha:2	anumata:1
අනුමාන	anumana:3
අනුමානය	anumanaya:3
අනුමාපන	anumapana:3
අනුයාත	anuyatha:3
අනුයුක්ත	anuyuktha:3
අනුයුක්තව	anuyukthava:2	anuyukthawa:1
අනුර	anura:3
අනුරපුර	anurapura:3
අනුරාගය	anuragaya:3
අනුරාධ	anuradha:3
අනුරාධපුර	anuradhapura:3
අනුරාධපුරය	anuradhapura:2	anuradhapuraya:3
අනුරාධපුරයට	anuradhapurayata:2	anuraadapurayata:1
අනුරාධපුරයෙන්	anuradhapurayen:2	anuraadapurayen:1
අනුරාධපුරයෙහි	anuradhapurayehi:2	anuraadapurayehi:1
අනුරාධපුරයේ	anuradhapuraye:2	anuraadapuraye:1
අනුරාධපුරයේදී	anuradhapurayedi:2	anuraadapurayedee:1
අනුරාධා	anuradha:2	anuraadaa:1
අනුරුද්ධ	anuruddha:3
අනුරුවක්	anuruvak:3
අනුරූ	anuru:2	anuroo:1
අනුරූප	anuroopa:2	anurupa:2
අනුරූපණ	anurupana:2	anuroopana:1
අනුරූපණය	anurupanaya:2	anuroopanaya:1
අනුරූපව	anurupava:2	anuroopawa:1
අනුරූපී	anurupi:2	anuroopee:1
අනුලා	anula:3
අනුලාගේ	anulage:2	anulaage:1
අනුලෝම	anuloma:3
අනුලෝමව	anulomava:3
අනුව	anuwa:93	anuva:3
අනුවත්	anuvath:2	anuvat:1
අනුවද	anuvada:3
අනුවන	anuvana:3
අනුවම	anuvama:3
අනුවය	anuvaya:3
අනුවයි	anuvayi:2	anuvaai:1
අනුවර්ත	anuvartha:2	anuvarta:1
අනුවර්තන	anuwarthana:3	anuvarthana:2	anuvartana:1
අනුවර්තනය	anuvarthanaya:2	anuvartanaya:1
අනුවර්තනයක්	anuvarthanayak:2	anuvartanayak:1
අනුවාද	anuvada:3
අනුවාදය	anuvadaya:3
අනුවාදයක්	anuvadayak:3
අනුවාදයෙහි	anuvadayehi:3
අනුවේගී	anuvegi:3
අනුශාසක	anusasaka:2	anushasaka:1
අනුශාසනා	anushasana:2	anusasana:2
අනුශාසනාව	anusasanava:2	anushasanava:1
අනුෂ්කා	anushka:2	anuska:1
අනුසස්	anusas:3
අනුස්මරණ	anusmarana:3
අනුස්මරණය	anusmaranaya:3
අනුස්මරණීය	anusmaraniya:2	anusmaraneeya:1
අනුසාරයෙන්	anusarayen:3
අනුසාරයෙනි	anusarayeni:3
අනුහස්	anuhas:3
අනුහසින්	anuhasin:3
අනූ	anu:3
අනූන	anuna:3
අනූපම්	anupam:3
අනූව	anuva:2	anuwa:1
අනූවක්	anuvak:2	anuwak:1
අනෙක	aneka:3
අනෙකකු	anekaku:3
අනෙකට	anekata:3
අනෙක්	anek:3
අනෙක්වා	anekwa:2	anekva:3
අනෙකා	aneka:3
අනෙකාගේ	anekage:3
අනෙකුත්	anekuth:2	anekut:1
අනෙකුන්	anekun:3
අනෙකුන්ට	anekunta:3
අනෙකෙකු	anekeku:3
අනෙත්	aneth:2	anet:1
අනේ	ane:3
අනේක	aneka:3
අනොන්‍ය	anonya:3
අනෝතත්ත	anothaththa:2	anotatta:1
අඳ	anda:3
අඳින	andina:3
අඳිනු	andinu:3
අඳුන්	andun:3
අඳුර	andura:3
අඳුරු	anduru:3
අඳුරේ	andure:3
අප	apa:3
අපක්ෂපාති	apakshapathi:2	apaksapati:1
අපක්ෂපාතී	apakshapathi:2	apaksapati:1
අපක්ෂපාතීව	apakshapathiva:2	apaksapativa:1
අපකීර්තිමත්	apakirthimath:2	apakirtimat:1
අපකීර්තිය	apakirthiya:2	apakirtiya:1
අපකීර්තියක්	apakirthiyak:2	apakirtiyak:1
අපකීර්තියට	apakirthiyata:2	apakirtiyata:1
අපගමන	apagamana:3
අපගමනය	apagamanaya:3
අපගෙන්	apagen:3
අපගේ	apage:3
අපගේම	apagema:3
අපචාර	apachara:2	apacara:1
අපචාරයට	apacarayata:1	apacharayata:1	pacharayata:1
අපට	apata:3
අපටත්	apatath:2	apatat:1
අපතේ	apathe:2	apate:1
අපද්‍රව්‍ය	apadrawya:2	apadravya:2	apadravaya:1
අපද්‍රව්‍යය	apadravyaya:2	apadravayaya:1
අපද්‍රව්‍යයක්	apadravyayak:2	apadravayayak:1
අපද්‍රව්‍යවලින්	apadravyavalin:2	apadravayavalin:1
අපදානය	apadanaya:3
අපනයන	apanayana:3
අපනයනකරුවා	apanayanakaruva:3
අපනයනය	apanayanaya:3
අපනයනයන්	apanayanayan:3
අපනයනයෙන්	apanayanayen:3
අපමණ	apamana:3
අපයෝජන	apayojana:3
අපයෝජනය	apayojanaya:3
අපයෝජනයට	apayojanayata:3
අපයෝජනයන්	apayojanayan:3
අපර	apara:3
අපරදිග	aparadiga:3
අපර්ණා	aparna:3
අපරාදෙ	aparade:3
අපරාධ	aparadha:3
අපරාධකරු	aparadhakaru:3
අපරාධකරුවන්	aparadhakaruvan:3
අපරාධය	aparadhaya:3
අපරාධයක්	aparadhayak:3
අපරාධයකි	aparadhayaki:3
අපරාධවල	aparadhavala:3
අපරානුමත	aparanumata:2	aparanumatha:1
අපරිණත	aparinata:2	aparinatha:1
අපරිමිත	aparimitha:2	aparimita:2
අපරිමේය	aparimeya:3
අපව	apava:3
අපවත්	apavath:2	apavat:1
අපවර්ති	apavarthi:2	apavarti:1
අපවර්තී	apavarthi:2	apavarti:1
අපවාද	apavada:3
අපවිත්‍ර	apavitra:2	apavithra:1
අපසරණය	apasaranaya:3
අපසාරී	apasari:3
අපසාරීතාව	apasaritava:2	apasarithava:1
අපහට	apahata:3
අපහසු	apahasu:3
අපහසුතා	apahasutha:2	apahasuta:1	apahasuthaa:1
අපහසුතාව	apahasutava:2	apahasuthaawa:1
අපහසුතාවන්	apahasutavan:2	apahasuthaawan:1
අපහසුතාවය	apahasutavaya:2	apahasuthaawaya:1
අපහසුතාවයකට	apahasutavayakata:2	apahasuthaawayakata:1
අපහසුතාවයන්	apahasutavayan:2	apahasuthaawayan:1
අපහසුතාවයන්ට	apahasutavayanta:2	apahasuthaawayanta:1
අපහසුය	apahasuya:3
අපහසුව	apahasuva:2	apahasuwa:1
අපහසුවක්	apahasuvak:3
අපහසුවකින්	apahasuvakin:3
අපහසුවෙන්	apahasuven:3
අපහාස	apahasa:3
අපහාසය	apahasaya:3
අප්	up:2	ap:1
අප්පු	appu:3
අප්පුහාමි	appuhami:3
අප්සරා	apsara:3
අප්සරාවන්	apsaravan:3
අප්සරාවෝ	apsaravo:3
අප්‍රකට	aprakata:3
අප්‍රකටය	aprakataya:3
අප්‍රතිහත	aprathihatha:2	apratihata:1
අප්‍රධාන	apradhana:3
අප්‍රමාණ	apramana:3
අප්‍රමාදව	apramadava:3	apramadawa:2
අප්‍රසන්න	aprasanna:3
අප්‍රසාදය	aprasadaya:3	apprasaadaya:1
අප්‍රසාදයට	aprasadayata:3	aprasaadayata:1
අප්‍රාණික	apranika:3	apraanika:1
අප්‍රාණිකත්වය	apranikatvaya:3	apraanikathvaya:1	apranikatwaya:1
අප්‍රිකා	aprika:3
අප්‍රිකානු	afrikanu:3	aprikanu:3
අප්‍රිකාව	aprikawa:3	aprikava:2
අප්‍රිකාවට	aprikavata:2	aprikawata:2
අප්‍රිකාවෙන්	aprikaven:3	aprikawen:2
අප්‍රිකාවේ	aprikawe:2	aprikave:2
අප්‍රිය	apriya:3
අප්‍රියල්	apriyal:3
අප්‍රියෙල්	april:2	apriyel:3
අප්‍රේල්	april:3
අපා	apa:2	apaa:2
අපාය	apaya:2	apaaya:1
අපායක්	apayak:2	apaayak:1
අපායේ	apaye:4
අපැහැදිලි	apaehaedili:1	apahadhili:1	apahedili:1
අපැහැදිළි	apaehaedili:1	apahadhili:1	apahadili:1
අපි	api:3
අපිච්ඡද	apichchada:2	apicchada:1	apichchadha:1
අපිට	apita:3
අපිත්	apit:2	apith:2
අපිරිමිත	apirimita:3
අපිරිසිදු	apirisidu:3
අපිව	apiva:2	apiwa:2
අපිළිවෙල	apilivela:2	apiliwela:2
අපුර්ව	apurva:3	apurwa:2
අපුරු	apuru:3
අපූර්ව	apurva:3	apurwa:2
අපූර්වතම	apurvatama:3	apurwatama:1
අපූර්වත්වයෙන්	apurvatvayen:3	apurwatvayen:1
අපූරු	apuru:3
අපෘෂ්ඨ	aprstha:1	aprushta:1	aprusta:1
අපෘෂ්ඨවංශීන්	aprsthavamsin:1	aprustavunsen:1	apushtawansheen:1
අපෙන්	apen:3
අපේ	ape:3
අපේක්ෂක	apeksaka:2	apekshaka:1
අපේක්ෂකත්වය	apeksakatvaya:2	apekshakathwaya:1
අපේක්ෂකයන්	apeksakayan:3
අපේක්ෂකයා	apeksakaya:2	apekshakaya:1
අපේක්ෂකයින්	apeksakayin:3
අපේක්ෂකයෙක්	apeksakayek:3
අපේක්ෂකයෙකු	apeksakayeku:3
අපේක්ෂකයෙකුට	apeksakayekuta:3
අපේක්ෂා	apeksha:2	apeksa:2
අපේක්ෂාව	apeksava:2	apekshawa:1
අපේක්ෂාවන්	apeksavan:2	apekshawan:1
අපේක්ෂාවෙන්	apeksaven:2	apekshawen:1
අපේක්ෂිත	apekshitha:3	apekshita:1	apeksita:1
අපේම	apema:3
අපොන්සු	aponsu:3
අපොහොසත්	apohosat:2	apohosath:1
අපෝ	apo:3
අපෝන්සු	aponsu:3
අපෝස්තලික	apostalika:2	aposthalika:1
අපෝස්තුළුවරුන්	aposthuluvarun:1	aposthuluwarun:1	apostuluvarun:1
අබ	aba:3
අබරණ	abarana:2	abasarana:1
අබ්දුල්	abdul:3
අබ්දුල්ලා	abdulla:2	abdhulla:1
අබ්දුල්ලාහ්	abdullah:2	abdhullah:1
අබාධිත	abadhitha:2	abadhita:1
අබියස	abiyasa:3
අබියසට	abiyasata:3
අබියසදී	abiyasadi:3	abiyasadhi:1
අබිරහස්	abirahas:3
අබු	abu:3
අබුද්දස්ස	abuddassa:3
අබෙල්	abel:3
අබේරත්න	aberatna:2	abeyratne:1
අබේවර්ධන	abevardhana:2	abeywardhana:1
අබේවික්‍රම	abevikrama:2	abeywickrama:1
අබේසිංහ	abeysinghe:3	abesimha:1
අබේසේකර	abesekara:2	abeysekara:1
අබෞද්ධ	abauddha:3
අභය	abhaya:2	abaya:1
අභයගිරි	abhayagiri:3
අභයගිරිය	abhayagiriya:3
අභයගිරියට	abhayagiriyata:2	abayagiriyata:1
අභවකාශ	abhavakasa:3	abhavakaasa:1
අභව්‍ය	abhavya:3
අභ්‍යන්තර	abhyantara:3
අභ්‍යන්තරය	abhyantaraya:3
අභ්‍යන්තරයට	abhyantarayata:3
අභ්‍යන්තරයෙහි	abhyantarayehi:3
අභ්‍යන්තරයේ	abhyantaraye:3
අභ්‍යන්තරව	abhyantarava:3
අභ්‍යන්තරික	abhyantarika:3
අභ්‍යවකාශ	abhyawakasha:4	abhyavakasa:3
අභ්‍යවකාශගත	abhyavakasagata:3
අභ්‍යවකාශය	abhyavakasaya:3
අභ්‍යවකාශයට	abhyavakasayata:3
අභ්‍යවකාශයේ	abhyavakasaye:3
අභ්‍යාවකාශ	abhyavakasa:3
අභ්‍යාවකාශයට	abhyavakasayata:3
අභ්‍යාවකාශයේ	abhyavakasaye:3
අභ්‍යාස	abhyasa:3
අභ්‍යාසය	abhyasaya:3
අභ්‍යාසයන්	abhyasayan:3
අභ්‍යාසවල	abhyasavala:3	abhyasawala:1
අභා	abha:3
අභාග්‍ය	abhagya:3	abhaghya:1
අභාවප්‍රාප්ත	abhavaprapta:2	abhavapraptah:1	abhavapraptha:1	abhawapraptha:1
අභාවය	abhavaya:3	abhawaya:1
අභාවයට	abhavayata:3	abhawayata:1
අභාවයත්	abhavayat:3	abhawayat:1
අභාවයෙන්	abhavayen:3	abhawayen:1
අභි	abhi:3
අභිචාර	abhicara:3
අභිජනන	abhijanana:3
අභිජනනය	abhijananaya:3
අභිත	abhita:2	abhitha:1
අභිධර්ම	abhidharma:3
අභිධර්මය	abhidharmaya:3
අභිධර්මයට	abhidharmayata:3
අභිධානය	abhidhanaya:3
අභිනය	abhinaya:3
අභිනව	abhinava:3	abhinawa:1
අභිනවයෙන්	abhinavayen:3	abhinawayen:1
අභිප්‍රාය	abhipraya:3
අභිප්‍රායෙන්	abhiprayen:3
අභිප්‍රේරණය	abhipreranaya:3
අභිබවා	abhibava:3
අභිමත	abhimatha:2	abhimata:3
අභිමතය	abhimataya:3
අභිමතයට	abhimatayata:3
අභිමතාර්ථය	abhimatarthaya:2	abhimatharthaya:1
අභිමන්	abhiman:3
අභිමාන	abhimana:3	abhimaana:1
අභිමානය	abhimanaya:3	abhimaanaya:1
අභිමානවත්	abhimanavat:2	abhimanavath:1
අභිමුවෙහි	abhimuvehi:3
අභියස	abhiyasa:3
අභියාචන	abhiyacana:2	abhiyachana:1
අභියාචනය	abhiyacanaya:3
අභියාචනයක්	abhiyacanayak:2	abhiyachanayak:1
අභියාචනා	abhiyacana:2	abhiyachana:1
අභියාචනාධිකරණ	abhiyacanadhikarana:2	abhiyachanadhikarana:1
අභියෝග	abhiyoga:3
අභියෝගය	abhiyogaya:3
අභියෝගයක්	abhiyogayak:3
අභියෝගයට	abhiyogayata:3
අභියෝගයන්	abhiyogayan:3
අභියෝගයන්ට	abhiyogayanta:3
අභියෝගවලට	abhiyogavalata:3
අභියෝගාත්මක	abhiyogatmaka:3
අභිරහස	abhirahasa:3
අභිරහසක්	abhirahasak:3
අභිරහස්	abhirahas:3
අභිලාශය	abhilasaya:3
අභිලාෂය	abhilasaya:2	abhilashaya:1
අභිලාෂයක්	abhilasayak:2	abhilashayak:1
අභිලාෂයන්	abhilasayan:2	abhilashayan:1
අභිලාෂයෙන්	abhilasayen:3	abhilashayen:1
අභිලේඛන	abhilekhana:3
අභිවර්ධනය	abhivardhanaya:3
අභිවෘද්ධි	abhivrddhi:1	abhivurddhi:1	abivruddi:1
අභිවෘද්ධිය	abhivrddhiya:1	abhivurddhiya:1	abivruddiya:1
අභිවෘද්ධියට	abhivrddhiyata:1	abhivurddhiyata:1	abivruddiyata:1
අභිෂේක	abhiseka:2	abhishaeka:1	abhisheka:1
අභිෂේකය	abhisekaya:2	abhishaekaya:1	abhishekaya:1
අභිෂේක්	abhishek:2	abhisek:1	abhishaek:1
අභිසරණය	abhisaranaya:3
අභිසාරී	abhisari:3	abhisaari:1
අභිසාරීතාව	abhisaritava:3
අභීත	abhita:2	abheetha:1
අභෞතික	abhautika:3
අමතක	amathaka:3	amataka:2
අමතන	amatana:2	amathana:1
අමතනු	amathanu:2	amatanu:1
අමතමින්	amathamin:2	amatamin:1
අමතයි	amatayi:1	amathai:1	amathayi:1
අමතර	amathara:2	amatara:1
අමතරව	amatharawa:18	amatarava:1	amatharava:1
අමතා	amata:2	amatha:1
අමනාපයට	amanapayata:3
අමනාපයෙන්	amanapayen:3
අමනුෂ්‍ය	amunushya:2	amanushya:2	amanusya:2
අමනුෂ්‍යයෝ	amanushyayo:2	amanusyayo:2
අමනුස්සයන්	amanussayan:3
අමනෝඥ	amanogna:3
අමර	amara:3
අමරණිය	amaraniya:3
අමරණීය	amaraniya:3
අමරදේව	amaradeva:2	amaradewa:1
අමරපුර	amarapura:3
අමරසිංහ	amarasinghe:2	amarasimha:1	amarasingha:1
අමරසේකර	amarasekara:3
අමරසේන	amarasena:3
අමරාවතී	amaravati:2	amaravathi:1
අමරිකාවේ	amarikave:3
අමල්	amal:3
අමල්ගේ	amalge:3
අම්පාර	ampara:3
අම්බලන්ගොඩ	ambalangoda:4
අම්බලන්තොට	ambalantota:2	ambalanthota:1
අම්බලම	ambalama:3
අම්බලම්	ambalam:3
අම්බෙඞ්කාර්	ambenkar:3	ambedkar:1
අම්මා	amma:3
අම්මාගෙන්	ammagen:3
අම්මාගේ	ammage:3
අම්මාට	ammata:3
අම්මාන්	amman:3
අම්මාවරු	ammavaru:2	ammawaru:1
අම්මාවරුන්	ammavarun:2	ammawarun:1
අම්මාවරුන්ට	ammavarunta:2	ammawarunta:1
අම්මි	ammi:3
අම්මේ	amme:3
අම්ල	amla:3
අම්ලය	amlaya:3
අම්ලයක්	amlayak:3
අම්ලයට	amlayata:3
අම්ලයේ	amlaye:3
අමා	ama:3
අමාත්‍ය	amathya:7	amatya:2
අමාත්‍යංශ	amathyamsha:1	amatyamsa:1	amatyansa:1
අමාත්‍යංශය	amatyansaya:2	amathyamshaya:1
අමාත්‍යධූර	amatyadhura:2	amathyadhura:1
අමාත්‍යවරයකු	amatyavarayaku:2	amathyavarayaku:1
අමාත්‍යවරයා	amatyavaraya:2	amathyavaraya:1
අමාත්‍යවරයාගේ	amathyavarayage:1	amathyawarayaage:1	amatyavarayage:1
අමාත්‍යවරයාද	amathyavarayada:1	amathyawarayaada:1	amatyavarayada:1
අමාත්‍යවරිය	amathyavariya:1	amathyawariya:1	amatyavariya:1
අමාත්‍යවරු	amathyavaru:1	amathyawaru:1	amatyavaru:1
අමාත්‍යවරුන්	amathyavarun:1	amathyawarun:1	amatyavarun:1
අමාත්‍යාංශ	amathyansha:2	amatyansa:1
අමාත්‍යාංශය	amathyamshaya:1	amathyanshaya:1	amatyansaya:1
අමාත්‍යාංශයට	amathyamshayata:1	amathyanshayata:1	amatyansayata:1
අමාත්‍යාංශයෙන්	amathyamshayen:1	amatyansayen:1	amthyanshayen:1
අමාත්‍යාංශයේ	amathyamshaye:1	amathyanshaye:1	amatyansaye:1
අමානුෂික	amanushika:2	amanusika:2
අමාරිස්	amaris:4
අමාරු	amaru:3
අමාරුම	amaruma:3
අමාවක	amavaka:2	amawaka:1
අමාවතුර	amavatura:2	amawathura:1
අමිත	amita:2	amitha:2
අමිත්	amit:2	amith:2
අමිතාබ්	amitab:2	amithab:2
අමිශ්‍ර	amishra:2	amishshra:1	amisra:1
අමිහිරි	amihiri:3
අමීර්	amir:2	ameer:1
අමු	amu:3
අමුණ	amuna:3
අමුණා	amuna:3
අමුණු	amunu:3
අමුත්තන්	amuttan:2	amuththan:1
අමුත්තා	amutta:2	amuththa:1
අමුත්තෙකු	amutteku:2	amuththeku:1
අමුත්තෝ	amuththo:2	amutto:1
අමුතු	amuthu:2	amutu:1
අමුතුම	amuthuma:2	amutuma:1
අමුතුවෙන්	amuthuwen:2	amutuven:1
අමුද්‍රව්‍ය	amudravya:3
අමුවේ	amuve:3
අමෙරිකන්	american:3
අමෙරිකානු	amerikanu:3	americanu:1
අමෙරිකානුවන්	amerikanuvan:3	americanuvan:1
අමෙරිකාව	amerikava:3	america:1
අමේෂ්	amesh:2	ameesh:1	ames:1
අමෝරා	amora:3
අඹ	amba:3	aba:1
අඹගමුව	ambagamuva:2	ambagamuwa:1
අඹතලේ	ambatale:2	ambathale:1
අඹන	ambana:2	abana:1
අඹන්	amban:2	aban:1
අඹන්ගඟ	ambanganga:2	abangaga:1
අඹරා	ambara:3	abara:1
අඹරාගත්	ambaragath:2	abaragath:1	ambaragat:1
අඹා	amba:3
අඹු	ambu:3
අඹුදරුවන්	ambudaruvan:1	ambudaruwan:1	ambudharuwan:1
අඹුව	ambuwa:2	abuwa:1	ambuva:1
අඹුසැමි	ambusami:2	ambusaemi:1	ambusemi:1
අඹුසැමියන්	abusamiyan:1	ambusaemiyan:1	ambusamiyan:1
අඹේපිටිය	ambepitiya:3	abepitiya:1
අය	aya:3
අයකර	ayakara:3
අයකළ	ayakala:3
අයකිරීම	ayakirima:3	ayakireema:1
අයකිරීමක්	ayakirimak:3	ayakireemak:1
අයකිරීම්	ayakirim:3	ayakireem:1
අයකු	ayeku:2	ayaku:3
අයකුගේ	ayakuge:3
අයකුට	ayakuta:3
අයකුටම	ayakutama:3
අයගම	ayagama:3
අයගෙන්	ayagen:3
අයගේ	ayage:3
අයට	ayata:3
අයටත්	ayatath:2	ayatat:1
අයටය	ayataya:3
අයඩින්	ayadin:2	iodine:1
අයත්	ayath:54	ayat:2
අයත්ය	ayatya:2	ayathya:1
අයත්ව	ayatva:2	ayathwa:1
අයත්වන	ayatvana:2	ayathvana:1	ayathwana:1
අයත්විය	ayatviya:2	ayathviya:1	ayathwiya:1
අයත්වූ	ayatvu:2	ayathvu:1	ayathwu:1
අයත්වෙයි	ayatveyi:2	ayathveyi:1	ayathweyi:1
අයත්වේ	ayatve:2	ayathve:1	ayathwe:1
අයථා	ayatha:3
අයද	ayada:3
අයදුම්	ayadum:3
අයදුම්කරු	ayadumkaru:3
අයදුම්පත්	ayadumpat:2	ayadumpath:1
අයන	ayana:3
අයන්	ayan:2	iron:2
අයනික	ayanika:3
අයනීකරණ	ayanikarana:2	ayaneekarana:1
අයනීකරණය	ayanikaranaya:2	ayaneekaranaya:1
අයබදු	ayabadu:3
අයයි	ayayi:3
අයර්ලන්ත	ayarlanta:2	ayarlantha:1
අයර්ලන්තය	ayarlantaya:2	ayarlanthaya:1
අයර්ලන්තයේ	ayarlantaye:2	ayarlanthaye:1
අයව	ayava:3
අයවලුන්	ayavalun:3
අයවළුන්	ayavalun:3
අයහපත්	ayahapat:2	ayahapath:1
අයාලේ	ayale:3
අයිකන	aikana:1	ayikana:1	icon:1
අයිතම	aithama:1	ayitama:1	ayithama:1
අයිති	ayithi:2	aiythi:1	ayiti:1
අයිතිකර	ayitikara:2	ayithikara:1
අයිතිකරු	ayitikaru:2	ayithikaru:1
අයිතිකරුගේ	ayitikaruge:2	ayithikaruge:1
අයිතිකරුවන්	ayitikaruvan:3
අයිතින්	ayitin:2	ayithin:1
අයිතිය	ayithiya:10	ayitiya:2
අයිතියක්	ayitiyak:2	ayithiyak:1
අයිතියට	ayitiyata:2	ayithiyata:1
අයිතිවාසිකම	aithiwasikama:1	ayithivasikama:1	ayitivasikama:1	aythiwasikama:1
අයිතිවාසිකමක්	aithiwasikamak:1	ayithivasikamak:1	ayitivasikamak:1	aythiwasikamak:1
අයිතිවාසිකමකි	aithiwasikamaki:1	ayithivasikamaki:1	ayitivasikamaki:1	aythiwasikamaki:1
අයිතිවාසිකම්	ayithiwasikam:2	aithiwasikam:1	ayithivasikam:1	ayitivasikam:1
අයිතීන්	ayithin:1	ayitin:1	ayteen:1	aytheen:1
අයිතීන්ගේ	aithinge:1	ayithinge:1	ayitinge:1	aytheenge:1
අයින්ස්ටයින්	einstein:3
අයින්ස්ටයින්ගේ	ayinstayinge:2	einsteinge:1
අයියා	ayiya:3	aiya:1
අයිරා	ayira:3
අයිරිෂ්	aiyresh:1	ayirish:1	ayrish:1	irish:1
අයිලන්ඩ්	island:2	ayiland:1
අයිවන්	ivan:2	aiyvan:1	ayivan:1
අයිවරි	ayivari:2	ayiwari:1	ivory:1	iwari:1
අයිවෝ	ayivo:3	ivo:1
අයිස්	ice:2	ayis:1
අයිස්ක්‍රීම්	ayiskrim:2	icecream:1
අයිසෙක්	ayisek:2	isaak:1
අයිෆා	iifa:2	aifa:1
අයිෆෝන	ayifona:1	iphona:1	iphone:1
අයිෆෝනය	ayifonaya:2	iphonaya:1
අයිෆෝනයේ	ayifonaye:2	iphonaye:1
අයිෆෝන්	iphone:2	ayifon:1
අයුතු	ayuthu:2	ayutu:1
අයුධ	ayudha:3	ayuda:1
අයුර	ayura:3
අයුරක	ayuraka:3
අයුරක්	ayurak:3
අයුරකින්	ayurakin:3
අයුරින්	ayurin:3
අයුරින්ම	ayurinma:3
අයුරිනි	ayurini:3
අයුරු	ayuru:3
අයුරුත්	ayuruth:5	ayaruth:1	ayurut:1
අයුරුයි	ayuruyi:2	ayurui:1
අයුරෙන්	ayuren:3
අයුරේ	ayure:3
අයෙක්	ayek:3
අයෙකි	ayeki:3
අයෙකු	ayeku:3
අයෙකුගේ	ayekuge:3
අයෙකුට	ayekuta:3
අයෙකුම	ayekuma:3
අයෝ	ayo:3
අයෝග්‍ය	ayogya:3
අයෝමය	ayomaya:3
අර	ara:3
අරක්කු	arakku:3
අරගල	aragala:3
අරගලය	aragalaya:3
අරගලයක	aragalayaka:3
අරගලයක්	aragalayak:3
අරගලයට	aragalayata:3
අරගලයේ	aragalaye:3
අරගෙන	aragena:3
අරටුව	aratuva:2	aratuwa:1
අරණ	arana:3
අරන්	aran:3
අරබයා	arabaya:3
අරභයා	arabhaya:3
අරම්පොල	arampola:3
අරම්භ	arambha:3
අරමුණ	aramuna:3
අරමුණක	aramunaka:3
අරමුණකට	aramunakata:3
අරමුණක්	aramunak:3
අරමුණකි	aramunaki:2	aramuaki:1
අරමුණකින්	aramunakin:3
අරමුණයි	aramunayi:2	aramunai:1
අරමුණින්	aramunin:3
අරමුණිනි	aramunini:3
අරමුණු	aramunu:3
අරමුණෙන්	aramunen:3
අරමුණෙනි	aramuneni:3
අරමුදල	aramudala:3
අරමුදලක්	aramudalak:3
අරමුදල්	aramudal:3
අරමුදලේ	aramudale:3
අරමුන	aramuna:3
අරඹන	arambana:3
අරඹන්න	arambanna:3
අරඹන්නට	arambannata:3
අරඹනු	arambanu:3
අරඹමින්	arambamin:3	arabamin:1
අරඹයා	arambaya:3	arabaya:1
අරඹයි	arambayi:2	arabai:1	arambai:1
අරඹා	aramba:3	araba:1
අරය	araya:3
අරවින්ද	aravinda:2	arawinda:1
අරහත්	arahat:2	arahath:1
අර්ජුන	arjuna:3
අර්ජුනට	arjunata:3
අර්ජුන්	arjun:3
අර්තාපල්	artapal:2	arthapal:1
අර්ථ	artha:3
අර්ථකතනය	arthakatanaya:2	arthakathanaya:1
අර්ථකථන	arthakathana:3
අර්ථකථනය	arthakathanaya:3
අර්ථකථනයක්	arthakathanayak:3
අර්ථක්‍රමය	arthakramaya:3
අර්ථදක්වා	arthadakva:2	arthadakwaa:1
අර්ථනිරූපණය	arthanirupanaya:2	arthaniruupanaya:1
අර්ථය	arthaya:3
අර්ථයක්	arthayak:3
අර්ථයට	arthayata:3
අර්ථයන්	arthayan:3
අර්ථයයි	arthayayi:3	arthayaai:1
අර්ථයෙන්	arthayen:3
අර්ථයෙනි	arthayeni:3
අර්ථලාභීන්ට	arthalabhinta:2	arthalaabeenta:1
අර්ථවත්	arthavat:2	arthawath:1
අර්ථසිද්ධි	arthasiddhi:2	arthasiddi:1
අර්ධ	ardha:3
අර්ධගෝල	ardhagola:3
අර්ධගෝලයේ	ardhagolaye:2	ardhagolayae:1
අර්ධද්වීපය	ardhadvipaya:2	ardhadvipa:1
අර්ධද්වීපයට	ardhadvipayata:3
අර්ධද්වීපයෙහි	ardhadvipayehi:3
අර්ධද්වීපයේ	ardhadvipaye:3
අර්ධය	ardhaya:3
අර්ධයක	ardhayaka:3
අර්ධයකට	ardhayakata:2	ardhakayata:1
අර්ධයක්	ardhayak:3
අර්නස්ට්	arnast:2	ernest:1
අර්බුද	arbuda:3
අර්බුදකාරි	arbudakari:2	arbudakaari:1
අර්බුදකාරී	arbudakari:2	arbudakaaree:1
අර්බුදය	arbudaya:3
අර්බුදයකට	arbudayakata:3
අර්බුදයක්	arbudayak:3
අර්බුදයකි	arbudayaki:3
අර්බුදයට	arbudayata:3
අර්බුදයෙන්	arbudayen:3
අර්බුදයේ	arbudaye:3	arbudayay:1
අර්බුදවලට	arbudawalata:2	arbudavalata:1
අර්ල්	arl:3
අර්වින්	arvin:2	arwin:1
අර්ශස්	arshas:2	arsas:1
අර්හත්	arhat:2	arhath:1
අර්හත්වයට	arhatvayata:2	arhathwayata:1
අරා	ara:2	araa:1
අරාබි	arabi:3
අරාබිය	arabiya:3
අරාබියට	arabiyata:3
අරාබියානු	arabiyanu:3
අරාබියාව	arabiyava:2	arabiyawa:1
අරාබියේ	arabiye:2	arabye:1
අරි	ari:3
අරිප්පු	arippu:3
අරියානා	ariana:1	arianna:1	ariyana:1
අරිසෙන්	arisen:3
අරීය	ariya:3
අරුචිය	aruciya:2	arichiya:1
අරුණ	aruna:3
අරුණලු	arunalu:3
අරුත	arutha:2	aruta:2
අරුතක්	arutak:2	aruthak:1
අරුතකින්	aruthakin:2	arutakin:1
අරුතට	aruthata:2	arutata:1
අරුතයි	arutayi:1	aruthai:1	aruthayi:1
අරුත්	aruth:2	arut:1
අරුතින්	aruthin:2	arutin:2
අරුතෙන්	aruten:2	aruthen:2
අරුන්	arun:3
අරුන්දතී	arundathi:1	arundati:1	arundhati:1
අරුම	aruma:3
අරුමය	arumaya:3
අල	ala:3
අලංකරණ	alankarana:2	alangkarana:1
අලංකරණය	alankaranaya:2	alangkaranaya:1
අලංකරණයට	alankaranayata:2	alangkaranayata:1
අලංකාර	alankara:3
අලංකාරත්වය	alankaratvaya:2	alankarathvaya:1
අලංකාරය	alankaraya:3
අලංකාරව	alankarava:3
අලංකාරවත්	alamkaravat:1	alankaravat:1	alankaravath:1
අලංකෘත	alamkrtha:1	alangkrutha:1	alankrta:1	alankruta:1
අලකේශ්වර	alakeshvara:1	alakeshwara:1	alakesvara:1
අලගක්කෝනාර	alagakkonara:4
අලගල්ල	alagalla:3
අලලා	alala:3	alalaa:1
අලවා	alava:3
අලවි	alavi:2	alawi:1
අලස	alasa:3
අලස්	alas:3
අල්කයිඩා	alqaeda:6
අල්කුර්ආනය	alkuranaya:6
අල්ඛයිඩා	alqaeda:3
අල්ප	alpa:3
අල්පය	alpaya:3
අල්මේදා	almeda:2	almeida:1
අල්ලන්න	allanna:3
අල්ලනු	allanu:3
අල්ලස	allasa:3
අල්ලස්	allas:3
අල්ලා	alla:2	allaa:1
අල්ලාගත	allagata:2	allaagatha:1
අල්ලාගත්	allagat:2	allaagath:1
අල්ලාගෙන	allagena:2	allaagena:1
අල්ලාහ්	allah:3
අල්ලාහ්ගේ	allahge:3
අල්ලාහ්ව	allahva:2	allahwa:1
අල්ලේ	alle:3	allee:1
අල්වා	alva:3	alwa:1
අල්වාගෙන	alvagena:3	alwagena:1
අල්විස්	alwis:3	alvis:2
අල්ස්ටර්	alster:2	alstar:1
අලාබ	alaba:3	alabha:1
අලාභ	alabha:3	alaba:1
අලාභහානි	alabhahani:3	alabahaani:1
අලි	ali:3
අලිංගික	alingika:3	alinggika:1
අලින්	alin:3
අලින්ගේ	alinge:3
අලිමංකඩ	alimankada:3
අලියන්	aliyan:3
අලියා	aliya:3
අලී	ali:3
අලු	alu:3
අලුත	alutha:2	aluta:1
අලුත්	aluth:2	alut:1
අලුත්ගම	aluthgama:3
අලුත්නුවර	aluthnuwara:3	aluthnuvara:1
අලුත්වැඩියාව	aluthwediyawa:1	alutvaediyava:1	alutvaediyawa:1
අලුත්වැඩියාවක්	aluthwediyawak:1	alutvaediyavak:1	alutvaediyawak:1
අලුතින්	aluthin:2	alutin:1
අලුතෙන්	aluthen:2	aluten:1
අලුයම	aluyama:3
අලූත්	alut:2	aluth:1
අලූතින්	alutin:2	aluthin:1
අලෙවි	alevi:2	alewi:1
අලෙවිකරණ	alevikarana:2	alewikarana:1
අලෙවිකරණය	alevikaranaya:3
අලෙවිකරණයේ	alevikaranaye:3
අලෙවිය	aleviya:3
අලෙවියක්	aleviyak:3
අලෙවියට	aleviyata:3
අලෝකය	alokaya:3
අලෝහ	aloha:3	alooha:1
අව	ava:3	awa:1
අවංක	avanka:2	avangka:1	awangka:1	awnka:1
අවංකවම	avankavama:2	awangkawama:1	awnkavama:1
අවකලන	avakalana:1	avakalanaya:1	awakalana:1
අවකලනය	avakalanaya:2	awakalanaya:1
අවකාශ	avakasha:2	avakasa:1	awakaasha:1
අවකාශමය	avakashamaya:2	avakasamaya:1	awakaashamaya:1
අවකාශය	awakashaya:2	avakashaya:2	avakasaya:1
අවකාශයක්	avakashayak:2	avakaashayak:1	avakasayak:1	awakashayak:1
අවකාශයට	avakashayata:2	avakaashayata:1	avakasayata:1	awakashayata:1
අවකාශයන්	avakashayan:2	avakaashayn:1	avakasayan:1	awakashayan:1
අවකාශයෙන්	avakashayen:2	avakaashayen:1	avakasayen:1	awakashayen:1
අවකාශයෙහි	avakaashayehi:1	avakasayehi:1	avakashayehhi:1	avakashayehi:1
අවකාශයේ	avakashaye:2	avakaashaye:1	avakasaye:1	awakashaye:1
අවකාශීය	avakaashiya:1	avakasiya:1	awakaasheeya:1	awakashiya:1
අවඥාවට	avagnavata:1	avajnavata:1	awagyawata:1	awangyawata:1
අවට	awata:10	avata:2
අවටින්	avatin:2	awatin:1
අවතල	avatala:2	awatala:1	awathala:1
අවතාර	avatara:1	avathara:1	awathaara:1	awathara:1
අවතාරය	avatharaya:2	avataraya:1	awatharaya:1
අවතාරයක්	avatharayak:2	avatarayak:1	awatharayak:1
අවතාරයේ	avataraye:2	avatharaye:1
අවතීර්ණ	avatirna:2	avathirna:1
අවදානම	awadanama:2	avadanama:3
අවදානමකට	avadanamakata:3
අවදානමක්	avadanamak:3
අවදානමට	avadanamata:3
අවදානමද	avadanamada:2	awadaanamada:1	awadanamada:1
අවදානම්	avadanam:2	awadaanam:1
අවදානය	avadaanaya:1	avadanaya:1	awadaanaya:1	awadanaya:1
අවදානයක්	avadanayak:3
අවදි	avadi:3
අවදිය	avadiya:3
අවදියට	avadiyata:3
අවදියේ	avadiye:2	awadhiye:1
අවදියේදී	avadiyedi:2	awadhiyedhi:1
අවදිව	avadiva:2	awadhiwa:1
අවදීන්	avadin:3
අවධානම	avadhanama:3
අවධානමක්	avadhanamak:3
අවධානමක්ද	avadhanamakda:3
අවධානම්	avadhanam:3	awadhanam:1
අවධානය	awadhanaya:9	avadhanaya:2	awadanaya:1
අවධානයක්	avadhanayak:2	awadanayak:1	awadhanayak:1
අවධානයකි	avadhanayaki:2	awadanayaki:1	awadhanayaki:1
අවධානයකින්	avadhanayakin:2	awadanayakin:1	awadhanayakin:1
අවධානයට	avadhanayata:2	awadanayata:1	awadhanayata:1
අවධානයෙන්	avadhanayen:2	awadanayen:1	awadhanayen:1
අවධාරණය	awadharanaya:4	avadharanaya:2	awadaranaya:1	awdharanaya:1
අවධාරනය	avadharanaya:2	awadaranaya:1	awadharanaya:1
අවධි	avadhi:2	awadhi:1	awadi:1
අවධිය	awadiya:4	avadhiya:2	awadhiya:1
අවධියක	avadhiyaka:2	awadiyaka:1
අවධියකට	avadhiyakata:2	awadhiyakata:1	awadiyakata:1
අවධියකදී	avadhiyakadi:2	awadhiyakadhi:1	awadiyakadhi:1
අවධියක්	avadhiyak:2	awadhiyak:1	awadiyak:1
අවධියට	avadhiyata:2	awadhiyata:1	awadiyata:1
අවධියයි	awadiyai:2	avadhiyayi:2	awadhiyai:1
අවධියෙන්	awadiyen:2	avadhiyen:2	awadhiyen:1
අවධියෙහි	avadhiyehi:2	awadhiyehi:1	awadiyehi:1
අවධියේ	avaadhiye:1	avadhiye:1	awadhiye:1	awadiye:1
අවධියේදී	avadhiyedi:3
අවධියේදීම	avadhiyedima:3
අවධියේය	avadhiyeya:3
අවධිවලදී	avadhivaladi:2	avadhivala:1
අවධීන්	avadhin:3
අවනත	avanata:2	avanatha:1
අවන්ත	avanta:1	avantha:1	awantha:1
අවන්ති	avanthi:1	avanti:1	awanthi:1
අවන්හල්	avanhal:2	awanhal:1
අවප්‍රමාණය	avapramanaya:3
අවපාත	avapata:2	avapatha:1
අවපාතය	avapataya:2	avapathaya:1
අවපාතයක්	avapatayak:2	avapathayak:1
අවපීඩන	avapidana:3
අවපීඩනය	avapidanaya:3
අවබෝධ	awabodha:8	avabodha:3
අවබෝධතා	avabodhata:2	avabodhatha:1
අවබෝධය	awabodaya:2	avabodhaya:2	awabodhaya:1
අවබෝධයකට	avabodhayakata:2	awabodayakata:1	awabodhayakata:1
අවබෝධයක්	avabodhayak:2	awabhodayak:1	awabodayak:1
අවබෝධයකින්	avabodhayakin:2	awabhodayakin:1	awabodayakin:1
අවබෝධයට	avabodhayata:2	awabhodayata:1	awabodayata:1
අවබෝධයන්	avabodhayan:2	awabhodhayan:1	awabodayan:1
අවබෝධයයි	avabodhayayi:2	awabhodayai:1
අවබෝධයෙන්	avabodhayen:2	awabhodayen:1	awabodayen:1
අවබෝධයේ	avabodhaye:3
අවබෝධාත්මක	avabodhatmaka:2	avabodhathmaka:1
අවම	awama:10	avama:3
අවමංගල	awamangala:2	avamangala:3
අවමංගල්‍ය	avamangalya:3
අවමකර	avamakara:3
අවමඟුල්	avamangul:3
අවමන්	avaman:3
අවමය	avamaya:3
අවමානයකි	avamanayaki:3
අවමානයට	avamanayata:3
අවයව	awayawa:3	avayava:3
අවයවය	avayavaya:3
අවයවයක්	awayawayak:2	avayavayak:3
අවයවයකි	avayavayaki:3
අවයවයන්ට	avayavayanta:3
අවයවයේ	avayavaye:3
අවයවවල	avayavavala:3
අවයවවලට	avayavavalata:3
අවර	avara:2	awara:1
අවර්ණ	avarna:2	awarna:1
අවරිය	avariya:2	awariya:1
අවරුදු	avarudu:2	awarudu:1
අවරෝහණ	avarohana:2	awarohana:1
අවලංගු	awalangu:3	avalamgu:2	avalangu:1
අවලම්භනය	avalambhanaya:3
අවලාද	avalada:3
අවලෝකිතේශ්වර	avalokitesvara:2	avalokitheshvara:1
අවවාද	awawada:2	avavada:3
අවවාදයක්	avavadayak:3
අවශ්‍ය	awashya:42	avasya:2	avashya:1
අවශ්‍යකරන	avasyakarana:2	avashyakarana:1
අවශ්‍යතා	awashyatha:5	avasyata:2	avashyatha:1
අවශ්‍යතාව	avasyatava:2	avashyathava:1
අවශ්‍යතාවක්	avashyathavak:1	avasyatavak:1	awashyathawak:1
අවශ්‍යතාවන්	avashyathavan:1	avasyatavan:1	awashyathawayan:1
අවශ්‍යතාවය	awashyathawaya:3	avashyathavaya:1	avasyatavaya:1
අවශ්‍යතාවයක්	avashyathavayak:1	avasyatavayak:1	awashayathawayak:1
අවශ්‍යතාවයකි	avashyathavayaki:1	avasyatavayaki:1	awashayathawayaki:1
අවශ්‍යතාවයට	avashyathavayata:1	avasyatavayata:1	awashyathawayata:1
අවශ්‍යතාවයන්	avashyathavayan:1	avasyatavayan:1	awashyathawayan:1
අවශ්‍යතාවයයි	avashyathavayayi:1	avasyatavayayi:1	awashyathawayai:1
අවශ්‍යනම්	avasyanam:2	avashyanam:1
අවශ්‍යම	avasyama:2	avashyama:1
අවශ්‍යය	awashya:3	avasyaya:2	avashyaya:1
අවශ්‍යයය	avasyayaya:2	avashyayaya:1
අවශ්‍යයි	avasyayi:2	avashyayi:1
අවශ්‍යව	avasyava:2	avashyava:1
අවශ්‍යවන	avasyavana:2	avashyavana:1
අවශිෂ්ට	avasista:2	avashishta:1
අවශේෂ	avasesa:2	avashesha:1
අවශේෂයන්	avasesayan:2	avasheshayan:1
අවශෝෂක	avasosaka:2	avashoshaka:1
අවශෝෂණ	avasosana:2	avashoshana:1
අවශෝෂණය	awashoshanaya:3	avasosanaya:2	avashoshanaya:1
අවශෝෂනය	avashoshanaya:1	avasosanaya:1	awashoshanaya:1
අවසන	avasana:2	awasana:1
අවසන්	awasan:18	avasan:2
අවසන්වී	awasanwi:2	avasanvi:1	awasanwee:1
අවසන්වීමට	awasanwimata:2	avasanvimata:1	awasanweemata:1
අවසන්වීමෙන්	awasanwimen:2	avasanvimen:1	awasanweemen:1
අවසර	awasara:2	avasara:1
අවසරය	avasaraya:2	awasaraya:1
අවසරයක්	avasarayak:2	awasarayak:1
අවස්තා	avasta:1	avastha:1	awastha:1
අවස්තාව	avastava:1	avasthava:1	awasthawa:1
අවස්තාවක්	avastavak:1	avasthavak:1	awasthawak:1
අවස්තාවන්	avastavan:1	avasthavan:1	awasthawan:1
අවස්ථා	awastha:10	avastha:2
අවස්ථාද	avasthada:3
අවස්ථානුකූලව	avasthanukulava:3
අවස්ථාව	awasthawa:8	avasthava:3
අවස්ථාවක	awasthawaka:4	avasthavaka:3
අවස්ථාවකට	avasthavakata:3
අවස්ථාවකදි	avasthavakadi:3
අවස්ථාවකදී	avasthavakadi:2	awasthawakadee:1
අවස්ථාවකදීම	avasthavakadima:2	awasthaawakadeema:1
අවස්ථාවකම	avasthavakama:2	awasthaawakama:1
අවස්ථාවකය	avasthavakaya:2	awasthaawakaya:1
අවස්ථාවක්	awasthawak:2	avasthavak:2	awasthaawak:1
අවස්ථාවකි	awasthawaki:2	avasthavaki:2	awasthaawaki:1
අවස්ථාවට	avasthavata:3
අවස්ථාවද	avasthavada:3
අවස්ථාවන්	avasthavan:3
අවස්ථාවන්වල	avasthavanvala:3
අවස්ථාවන්හි	avasthavanhi:3
අවස්ථාවන්හිදි	avasthavanhidi:3
අවස්ථාවන්හිදී	avasthavanhidi:3
අවස්ථාවන්හීදී	avasthavanhidi:3
අවස්ථාවයි	avasthavayi:3
අවස්ථාවල	awasthawala:3	avasthavala:3
අවස්ථාවලදි	avasthavaladi:3
අවස්ථාවලදී	awasthawaladi:3	avasthavaladi:3
අවස්ථාවලදීත්	avasthavaladit:2	avasthavaladith:1
අවස්ථාවාදීන්	avasthavadin:3
අවස්ථාවෙදී	avasthavedi:3
අවස්ථාවෙන්	avasthaven:3
අවස්ථාවෙහි	avasthavehi:3
අවස්ථාවෙහිදී	avasthavehidi:3
අවස්ථාවේ	awasthawe:5	avasthave:3
අවස්ථාවේදි	avasthavedi:3
අවස්ථාවේදී	awasthawedi:2	avasthavedi:3
අවස්ථාවේදීම	avasthavedima:3
අවස්ථාවේදීය	avasthavediya:3
අවස්ථාවේම	avasthavema:2	awasthaawema:1
අවස්ථිතික	avasthitika:2	awasthithika:1
අවස්ථිතිය	avasthitiya:2	awasthithiya:1
අවසාදිත	avasadita:2	awasaaditha:1
අවසාන	awasana:7	avasana:2	awasaana:1
අවසානය	avasanaya:2	awasaanaya:1
අවසානයක්	avasanayak:2	awasaanayak:1
අවසානයට	avasanayata:2	awasaanayata:1
අවසානයෙන්	avasanayen:2	awasaanayen:1
අවසානයෙහි	avasanayehi:2	awasaanayehi:1
අවසානයේ	awasanaye:8	avasanaye:2	awasaanaye:1
අවසානයේදි	avasanayedi:2	awasaanayedi:1
අවසානයේදී	avasanayedi:2	awasaanayedee:1
අවහිර	awahira:3	avahira:2
අවහිරතා	avahirata:2	awahirathaa:1
අවහිරයක්	avahirayak:3
අව්වයි	avvayi:2	awwai:1
අව්වේ	avve:2	awwe:1
අව්‍යාජ	avyaja:2	awyaja:1	awyajjaya:1
අව්‍යාජත්වය	avyajathvaya:1	avyajatvaya:1	awyajjathwaya:1
අව්‍යාපාද	avyapada:2	awyaapada:1
අවාචික	avachika:1	avacika:1	awachika:1
අවාසනාවකට	avasanavakata:2	awaasanawakata:1	awasanawakata:1
අවාසනාවට	avasanavata:2	awaasanawata:1	awasanawata:1
අවාසනාවන්ත	avasanavanta:2	avasanavantha:1
අවාසි	avasi:3
අවාසිද	avasida:3
අවාසිදායක	avasidayaka:3
අවි	awi:2	avi:3
අවිගත්	avigat:2	avigath:1
අවිජ්ජා	avijja:3
අවිඥානය	avignanaya:3
අවිඥානික	avignanika:3
අවිත්තාව	avittava:2	aviththava:1
අවිද්‍යාව	avidyava:2	avidyawa:1
අවිද්‍යාවේ	avidyave:2	avidyawe:1
අවිධිමත්	avidhimat:1	avidhimath:1	avidimath:1
අවිනාශ්	avinash:2	avinas:1
අවිනිශ්චිත	aviniscita:1	avinishchitha:1	awinishchitha:1
අවිනිශ්චිතතාවය	aviniscitatavaya:1	avinishchithathavaya:1	awinishchithathaawaya:1
අවිනිශ්චිතය	aviniscitaya:1	avinishchithaya:1	awinishchithaya:1
අවිය	aviya:3
අවියක්	aviyak:3
අවියෝජනීය	aviyojaniya:3
අවිව්	aviv:3
අවිවාදයෙන්	avivadayen:3
අවිවාදිත	avivadita:1	aviwadhita:1	awiwaaditha:1	awiwadhita:1
අවිවාදිතව	avivaditava:1	awivadithawa:1	awiwaadithawa:1	awiwadhithawa:1
අවිවාහක	avivahaka:1	aviwahaka:1	awiwaahaka:1	awiwahaka:1
අවිශ්වාස	avishwasa:1	avisvasa:1	awishwaasa:1	awishwasa:1
අවිස්සාවේල්ල	avissavella:2	avissawella:1
අවිහිංසා	avihinsa:3	awihinsa:1
අවිහිංසාව	avihinsava:2	avihinsawa:1	awihinsawa:1
අවිහිංසාවාදය	avihinsavadaya:1	avihinsavaedaya:1	avihinsawadaya:1	awihinsawadaya:1
අවීචි	avichi:2	avici:1	awichi:1
අවු	avu:3	awu:1
අවුකන	avukana:3
අවුත්	awuth:2	avut:1	avuth:1
අවුන්ස	avunsa:2	awunsa:2
අවුරුද්ද	avurudda:2	awurudda:1	awurudhdha:1
අවුරුද්දකට	avuruddakata:2	awuruddakata:2
අවුරුද්දක්	avuruddak:3	awuruddak:1
අවුරුද්දකි	avuruddaki:3	awuruddaki:1
අවුරුද්දයි	avuruddayi:2	avuruddai:1	awuruddayi:1
අවුරුද්දෙන්	avurudden:3	awurudden:1
අවුරුද්දේ	avurudde:3	awurudde:1
අවුරුදු	awurudu:13	avurudu:3
අවුරුදුවල	avuruduvala:2	avuruduwala:1	awuruduwala:1
අවුරෝරා	avurora:2	aurora:1	awurora:1
අවුලක්	avulak:3	awulak:1
අවුල්	awul:2	avul:3
අවුල්සහගත	avulsahagatha:2	avulsahagata:1	awulsahagatha:1
අවුෂ්විට්ස්	auschwitz:3
අවුස්සා	avussa:3	awussa:1
අවේලාවේ	avelave:3	awelawe:1
අශ්ලීල	aslila:2	ashlila:1
අශ්ව	ashwa:2	asva:2	ashva:1
අශ්වයන්	asvayan:2	ashvayan:1
අශ්වයන්ගේ	asvayange:2	ashvayange:1
අශ්වයා	asvaya:2	ashvaya:1
අශ්වයාගේ	asvayage:2	ashvayage:1
අශ්වයාට	asvayata:2	ashvayata:1
අශ්වයින්	asvayin:2	ashwain:1
අශ්වයෙක්	asvayek:2	ashwayek:1
අශ්වයෙකු	asvayeku:2	ashwayeku:1
අශ්වාරෝහක	asvarohaka:2	ashwarohaka:1
අශ්වින්	asvin:2	ashwin:1
අශාන්ති	ashanthi:2	asanti:1
අශුද්ධ	asuddha:2	ashuddha:1
අශුභ	asubha:2	ashubha:1
අශෝක	ashoka:2	asoka:1
අශෝක්	ashok:2	asok:1
අශෝභන	ashobhana:2	asobhana:1
අෂ්ට	ashta:2	asta:1
අෂ්ටක	ashtaka:2	ashthaka:1	astaka:1
අෂ්ටාංගික	ashtangika:2	astangika:1
අෂ්ඨ	astha:2	ashta:1
අෂ්ඨඵල	asthaphala:2	ashtaphala:1
අෂ්ඨාංගික	ashtangika:1	asthamgika:1	asthangika:1
අසංක	asanka:3
අසංකා	asanka:2	asamka:1
අසංග	asanga:3
අසංතෘප්ත	asanthruptha:1	asantrhuptha:1	asantrupta:1	asantruptha:1
අසංවර	asanvara:2	asanwara:1
අසත්‍ය	asatya:2	asathya:1
අසත්‍යයක්	asathyayak:2	asatyayak:1
අසත්‍යයෙන්	asathyayen:2	asatyayen:1
අසතුට	asathuta:2	asatuta:1
අසතුටු	asathutu:2	asatutu:1
අසතුටුදායක	asathutudayaka:2	asatutudayaka:1
අසන	asana:3
අසන්න	asanna:3
අසන්නට	asannata:3
අසන්නා	asanna:3
අසනීප	asanipa:3	asaneepa:1
අසනු	asanu:3
අසපු	asapu:3
අසබඩ	asabada:3
අසබඩය	asabadaya:3
අසභ්‍ය	asabhya:3	asabya:1
අසමගිය	asamagiya:3
අසමත්	asamath:3	asamat:2
අසමත්ව	asamatva:2	asamathwa:1
අසමත්වීම	asamatvima:2	asamathwima:1
අසමතුලිත	asamatulita:2	asamathulitha:1
අසමතුලිතතාව	asamathulithatawa:1	asamathulithathava:1	asamatulitatava:1
අසමතුලිතතාවය	asamathulithathavaya:1	asamathulithathawaya:1	asamatulitatavaya:1	asamatulitathawaya:1
අසමමිතික	asamamithika:2	asamamitika:1
අසමසම	asamasama:3
අසම්පීඩ්‍ය	asampidya:3	asampidhya:1
අසම්පුර්ණ	asampurna:3
අසම්පූර්ණ	asampurna:3
අසම්මත	asammatha:2	asammata:1
අසමාන	asamana:3
අසමානතා	asamanatha:2	asamanata:1
අසමෝදගම්	asamodagam:3
අසරණ	asarana:3
අසරුවා	asaruva:1	asaruwa:1	asatuva:1
අසල	asala:3
අසලට	asalata:3
අසලදී	asaladi:3	asaladhee:1
අසලම	asalama:3
අසල්	asal:3
අසල්වාසී	asalvasi:3
අසල්වාසීන්	asalvasin:3
අසලින්	asalin:3
අසව්	asav:3
අසහන	asahana:3
අසහනය	asahanaya:3
අසහාය	asahaya:3
අසළ	asala:3
අසළින්	asalin:2	aslin:1
අස්	as:3
අස්ගිරි	asgiri:3
අස්ගිරිය	asgiriya:3
අස්ථානගත	asthanagatha:2	asthanagata:1
අස්ථායි	asthayi:3	asthai:1
අස්ථායී	asthayi:3
අස්ථාවර	asthavara:2	asthawara:1
අස්ථි	asthi:3
අස්ථිය	asthiya:3
අස්ථියක්	asthiyak:3
අස්ථිර	asthira:3
අස්ථිවල	asthivala:3
අස්ථිවලට	asthivalata:3
අස්ථීන්	asthin:3
අස්න	asna:3
අස්ඵටික	asphatika:2	asthatika:1
අස්මි	asmi:3
අස්වද්දා	asvadda:1	aswadda:1	aswaddaa:1	aswaddha:1
අස්වනු	aswanu:2	asvanu:1
අස්වාභාවික	asswabawika:1	asswabhawika:1	asvabhavika:1	aswaabhaawika:1
අස්වී	asvi:3
අස්වීමත්	asvimat:2	asvimath:1
අස්සක	assaka:3
අසා	asa:2	aza:1
අසාත්මික	asatmika:2	asathmika:1
අසාත්මිකතාව	asatmikatava:2	asathmikathava:1
අසාදන	asadana:3
අසාද්	asad:3
අසාදිත	asadita:2	asaditha:1
අසාධාරණ	asadharana:3
අසාධාරණයකි	asadharanayaki:3
අසාධාරණයට	asadharanayata:3
අසාධාරන	asadharana:3
අසාන්ජ්	asanj:2	assange:1
අසාන්ජ්ගේ	asanjge:2	assangege:1
අසාමාන්ය	asamanya:3
අසාමාන්‍ය	asamanya:3
අසාමාන්‍යතා	asamanyata:2	asamanyatha:1
අසාමාන්‍යය	asamanyaya:3
අසාර්ථක	asarthaka:3
අසාර්ථකත්වය	asarthakatvaya:2	asarthakathvaya:1
අසිත	asita:2	asitha:1
අසිපත	asipatha:2	asipata:2
අසිපතක්	asipatak:2	asipathak:1
අසිපත්	asipat:2	asipath:1
අසිරිමත්	asirimat:2	asirimath:1
අසීමිත	asimita:2	aseemitha:1
අසීමිතය	asimitaya:2	aseemithaya:1
අසීරු	asiru:2	aseeru:1
අසීරුතාවට	asirutavata:2	aseeruthaawata:1
අසු	asu:3
අසුන	asuna:3
අසුනට	asunata:3
අසුන්	asun:3
අසුන්ගෙන	asungena:3
අසුනෙන්	asunen:2	asuneth:1
අසුබ	asuba:2	asubala:1
අසුභ	asubha:3	asuba:1
අසුර	asura:3
අසුරන	asurana:3
අසුරයන්	asurayan:3
අසුරයා	asuraya:3
අසුරා	asura:3
අසූ	asu:2	asoo:1	asuu:1
අසූචි	asuchi:1	asuci:1	asuuchi:1
අසූමහා	asumaha:3
අසූව	asuva:3
අසේල	asela:3
අසෝ	aso:3
අසෝක	asoka:3
අහංකාර	ahankara:3
අහංකාරය	ahankaraya:3
අහංගම	ahangama:3
අහංභාවය	ahanbhavaya:2	ahangabawaya:1	ahangabhawaya:1
අහමඩ්	ahamad:2	ahmed:1
අහමද්	ahamad:2	ahmed:1
අහම්බෙන්	ahamben:3
අහඹු	ahambu:3
අහර	ahara:3
අහරක්	aharak:3
අහල	ahala:3
අහල්ලා	ahalla:3
අහවර	ahavara:3
අහස	ahasa:3
අහසක	ahasaka:3
අහසට	ahasata:3
අහසත්	ahasat:2	ahasath:1
අහස්	ahas:3
අහසින්	ahasin:3
අහසෙන්	ahasen:3
අහසෙහි	ahasehi:3
අහසේ	ahase:3
අහ්මද්	ahamad:1	ahmad:1	ahmed:1
අහාරයට	aharayata:3
අහිංසක	ahinsaka:3
අහිගුණ්ඨික	ahigunthika:3
අහිතකර	ahitakara:3
අහිතකරය	ahitakaraya:3
අහිමි	ahimi:3
අහිමිකර	ahimikara:3
අහිමිව	ahimiva:3
අහිමිවී	ahimivi:3
අහිමිවීම	ahimivima:3
අහිමිවේ	ahimive:3
අහු	ahu:3
අහුබුදු	ahubudu:3
අහුරක්	ahurak:3
අහේතුක	ahethuka:2	ahetuka:1
අහෝසි	ahosi:3
අළලා	alala:3
අළු	alu:3
අළුත	aluta:2	alutha:1
අළුත්	alut:3
අළුතින්	alutin:2	aluthin:1
අළුතෙන්	aluten:2	aluthen:1
අළුතෙන්ම	alutenma:2	aluthenma:1
අළුයම	aluyama:3
අළෙවි	alevi:3
අාදි	aadi:3
අාධාර	aadhara:3
අායතන	aayatana:2	aayathana:1
අාරක්ෂා	aaraksa:2	aaraksha:1
අාසන්න	aasanna:3
ආ	a:2	aa:1
ආංශික	aanshika:1	amsika:1	ansika:1
ආකර	akara:2	aakara:1
ආකරය	akaraya:2	aakaraya:1
ආකරයක්	akarayak:2	aakarayak:1
ආකර්ශණීය	akarsaniya:2	aakarshaniya:1
ආකර්ශන	akarsana:2	aakarshana:1
ආකර්ශනය	akarsanaya:2	aakarshanaya:1
ආකර්ශනයක්	akarsanayak:2	aakarshanayak:1
ආකර්ශනයට	akarsanayata:2	aakarshanayata:1
ආකර්ශනීය	akarsaniya:2	aakarshaniya:1
ආකර්ෂණ	akarsana:2	aakarshana:1
ආකර්ෂණය	akarshanaya:2	akarsanaya:1
ආකර්ෂණයක්	akarshanayak:2	akarsanayak:1
ආකර්ෂණයට	akarshanayata:2	akarsanayata:1
ආකර්ෂණිය	akarshaniya:2	akarsaniya:1
ආකර්ෂණීය	akarsaniya:1	akarshaneeya:1	akarshaniya:1
ආකර්ෂා	akarsha:3	aakarashaa:1
ආකලණය	akalanaya:3
ආකලන	akalana:3
ආකලනය	akalanaya:3
ආකල්ප	akalpa:3
ආකල්පමය	akalpamaya:3
ආකල්පය	akalpaya:3
ආකල්පයක්	akalpayak:3
ආකල්පයකි	akalpayaki:3
ආකල්පයන්	akalpayan:3
ආකල්පයේ	akalpaye:3
ආකල්පවලට	akalpavalata:2	akalpawalata:1
ආක්ටික්	aactic:2	arctic:2	aktik:1
ආක්ෂක	akshaka:2	aksaka:1
ආක්‍රමණ	akramana:2	aakramana:1
ආක්‍රමණකාරී	akramanakari:2	aakkramanakaaree:1	aakramanakaaree:1
ආක්‍රමණය	akramanaya:2	aakramanaya:1
ආක්‍රමණයක්	akramanayak:2	aakkramanayak:1	aakramanayak:1
ආක්‍රමණයට	akramanayata:2	aakramanayata:1
ආක්‍රමණයත්	aakramanayath:1	akramanayat:1	akramanayath:1
ආක්‍රමණයන්	akramanayan:2	aakramanayan:1
ආක්‍රමණයන්ට	akramanayanta:2	aakramanayanta:1
ආක්‍රමණයයි	aakramanayayi:1	akramanayai:1	akramanayayi:1
ආක්‍රමණයෙන්	akramanayen:2	aakramanayen:1
ආක්‍රමණයේ	akramanaye:2	aakramanaye:1
ආක්‍රමණවලට	akramanavalata:2	aakkramanavalata:1	aakkramanawalata:1	aakramanavalata:1
ආක්‍රමණවලින්	akramanavalin:2	aakkramanavalin:1	aakkramanawalin:1	aakramanavalin:1
ආක්‍රමණශීලි	aakramanashiilii:1	akramanashili:1	akramanasili:1
ආක්‍රමණශීලී	aakramanashiilii:1	akramanashili:1	akramanasili:1
ආක්‍රමණික	akramanika:2	aakramanika:1
ආක්‍රමණිකයකු	akramanikayaku:2	aakramanikayaku:1
ආක්‍රමණිකයන්	akramanikayan:2	aakkramanikayan:1	aakramanikayan:1
ආක්‍රමණිකයන්ට	akramanikayanta:2	aakkramanikayanta:1	aakramanikayanta:1
ආක්‍රමණිකයා	akramanikaya:2	aakramanikaya:1
ආක්‍රමණිකයින්	akramanikayin:2	aakramanikayan:1
ආකාර	akara:2	aakaara:1
ආකාරද	akarada:2	aakaarada:1
ආකාරය	akaraya:2	aakaaraya:1
ආකාරයක	akarayaka:2	aakaarayaka:1
ආකාරයකට	akarayakata:2	aakarayakata:2
ආකාරයකම	akarayakama:2	aakarayakama:1
ආකාරයක්	akarayak:2	aakarayak:1
ආකාරයකි	akarayaki:2	aakarayaki:1
ආකාරයකින්	akarayakin:2	aakarayakin:1
ආකාරයට	akarayata:2	aakarayata:1
ආකාරයටත්	aakarayatath:1	akarayatat:1	akarayatath:1
ආකාරයටම	akarayatama:2	aakarayatama:1
ආකාරයටය	akarayataya:2	aakarayataya:1
ආකාරයටයි	aakarayatayi:1	akarayatai:1	akarayatayi:1
ආකාරයත්	aakarayath:1	akarayat:1	akarayath:1
ආකාරයද	akarayada:2	aakarayada:1
ආකාරයන්	akarayan:2	aakarayan:1
ආකාරයයි	akarayayi:2	akarayai:1
ආකාරයෙන්	akarayen:3	akarayaen:1
ආකාරයෙන්ද	akarayenda:3	akarayaenda:1
ආකාරයෙන්ම	akarayenma:3	akarayaenma:1
ආකාරයෙනි	akarayeni:3	akarayaeni:1
ආකාරයෙහි	akarayehi:3
ආකාරයේ	akaraye:3	akarayae:1
ආකාරව	akarava:2	akarawa:1
ආකාරවල	akaravala:2	akarawala:1
ආකාරවලින්	akaravalin:2	akarawalin:1
ආකාශ	akasha:2	aakasha:1	akasa:1
ආකාශයේ	akashaye:2	akasaye:1
ආකාශ්	akash:2	akas:1
ආකාස	akasa:3
ආකාසේ	akase:3
ආකිමිඩීස්	archimedes:2	akimidis:1
ආකූල	akula:3
ආකෘති	akruthi:2	akruti:1
ආකෘතික	akruthika:2	akrutika:1
ආකෘතිකරණය	akruthikaranaya:2	akrutikaranaya:1
ආකෘතින්	akrutin:2	akrutheen:1	akruthin:1
ආකෘතිමය	akruthimaya:2	akrutimaya:1
ආකෘතිය	akruthiya:2	akrutiya:1
ආකෘතියක	akruthiyaka:2	akrutiyaka:1
ආකෘතියකට	akruthiyakata:2	akrutiyakata:1
ආකෘතියක්	akrithiyak:1	akruthiyak:1	akrutiyak:1
ආකෘතියකි	akruthiyaki:2	akrutiyaki:1
ආකෘතියට	akruthiyata:2	akrutiyata:1
ආකෘතියෙන්	akruthiyen:2	akrutiyen:1
ආකෘතියෙහි	akruthiyehi:2	akrutiyehi:1
ආකෘතියේ	akruthiye:2	akrutiye:1
ආකෘතීන්	akrutheen:1	akruthin:1	akrutin:1
ආකේඩ්	arcade:2	aked:1
ආඛ්‍යාන	akhyana:3	akgyana:1
ආඛ්‍යානය	akhyanaya:3	akhgyanaya:1
ආගණනය	agananaya:3
ආගන්	agan:3
ආගන්තුක	aganthuka:2	agantuka:1
ආගන්තුකයන්	aganthukayan:2	agantukayan:1
ආගම	agama:3
ආගමකට	agamakata:3
ආගමක්	agamak:2	agamaka:1
ආගමකි	agamaki:3
ආගමට	agamata:3
ආගමත්	agamath:2	agamat:1
ආගමන	agamana:3
ආගමනය	agamanaya:3
ආගමනයත්	agamanayath:2	agamanayat:1
ආගමයි	agamayi:2	agamai:1
ආගම්	agam:3
ආගම්වල	agamvala:2	agamwala:1
ආගම්වාදී	agamvadi:2	agamwadee:1
ආගමික	agamika:3
ආගමිකයන්	agamikayan:3
ආගමිකයන්ගේ	agamikayange:3
ආගමිකයින්	agamikayin:3	agamikain:1
ආගමෙන්	agamen:3
ආගමෙහි	agamehi:3
ආගමේ	agame:3
ආඝ්‍රාණ	aghrana:1	agrahna:1	agrana:1
ආඝ්‍රාණය	aghranaya:1	agrahnaya:1	agranaya:1
ආචරණ	awarana:5	acharana:2	acarana:1
ආචරණය	awaranaya:2	acharanaya:2	acaranaya:1
ආචරණයක්	acharanayak:2	acaranayak:1
ආචරධර්ම	acaradharma:2	acharadharma:1
ආචාර	achara:3	acara:2
ආචාරධර්ම	acaradharma:2	acharadharma:1
ආචාරය	acaraya:2	acharaya:1
ආචාරශීලී	acarasili:2	acharashili:1
ආචාර්ය	acharya:5	acarya:2	aachaarya:1
ආචාර්යය	acaryaya:2	aachaaryaya:1
ආචාර්යවරුන්	acaryavarun:2	aachaaryawarun:1
ආචාර්‍ය	acarya:2	acharya:1
ආජන්ටිනාව	ajantinava:2	argentinava:1
ආජන්ටිනාවේ	ajantinave:2	argentinave:1
ආජීව	ajiva:3
ආඥා	agna:3
ආඥාදායක	agnadayaka:3
ආඥාපතිත්වය	agnapatitvaya:2	agnapathithvaya:1
ආඥාපනත	agnapanata:2	agnapanatha:1
ආඥාව	agnava:3
ආට්	at:2	art:1
ආටානාටිය	atanatiya:3
ආටිමිස්	atimis:3
ආඩම්බරය	adambaraya:2	aadambaraya:1
ආඩම්බරයෙන්	adambarayen:2	aadambarayen:1
ආඩියාගල	adiyagala:2	aadiyagala:1
ආණමඩුව	anamaduwa:2	anamaduva:1
ආණ්ඩු	andu:2	aandu:1
ආණ්ඩුක්‍රම	andukrama:3
ආණ්ඩුක්‍රමය	andukramaya:3
ආණ්ඩුක්‍රමයේ	andukramaye:3
ආණ්ඩුකාර	andukara:3
ආණ්ඩුකාරයා	andukaraya:3
ආණ්ඩුකාරයාගේ	andukarayage:3
ආණ්ඩුකාරවරයා	andukarawaraya:7	andukaravaraya:3
ආණ්ඩුකාරවරයාගේ	andukaravarayage:3
ආණ්ඩුකාරවරයාට	andukaravarayata:3
ආණ්ඩුව	anduwa:2	anduva:3
ආණ්ඩුවක්	anduvak:3
ආණ්ඩුවට	anduvata:3
ආණ්ඩුවල	anduvala:3
ආණ්ඩුවලට	anduvalata:3
ආණ්ඩුවෙන්	anduven:3
ආණ්ඩුවේ	anduve:3
ආතති	atati:2	athathi:1
ආතතිය	athathiya:6	atatiya:2
ආතතියක්	aathathiyak:1	atatiyak:1	athathiyak:1
ආතතියේ	aathathiye:1	atatiye:1	athathiye:1
ආතරයිටීස්	arthritis:1	atarayitis:1	atharayitis:1
ආතර්	arthur:1	atar:1	athar:1
ආතර්ගේ	arthurge:1	atarge:1	athrge:1
ආත්තා	aththa:2	atta:1
ආත්ම	athma:2	atma:1
ආත්මය	aathmaya:1	aatmaya:1	athmaya:1	atmaya:1
ආත්මයක	aathmayaka:1	aatmayaka:1	athmayaka:1	atmayaka:1
ආත්මයක්	aathmayak:1	aatmayak:1	athmayak:1	atmayak:1
ආත්මයන්	aathmayan:1	aatmayan:1	athmayan:1	atmayan:1
ආත්මයෙහි	atmayehi:2	athmayehi:1
ආත්මාරක්ෂාව	atmaraksava:2	aathmarakshava:1
ආත්මික	atmika:2	aathmika:1
ආත්මීය	atmiya:2	aathmeeya:1
ආතුර	atura:3
ආතුරයා	athuraya:3	aturaya:2	aathuraya:1	aaturaya:1
ආදම්	adam:3	adham:1
ආදම්ගේ	adamge:3
ආදර	adara:2	aadara:1	aadhara:1
ආදරණීය	adaraniya:2	aadaraniiya:1	aadharaniiya:1
ආදරය	adaraya:2	aadaraya:1	aadharaya:1
ආදරයක්	adarayak:3
ආදරයට	adarayata:3
ආදරයත්	adarayat:2	adarayath:1
ආදරයෙන්	adarayen:3
ආදරයේ	adaraye:3
ආදරවන්තයන්	adaravantayan:2	adarawanthayan:1
ආදර්ශ	aadarsha:1	aadharsha:1	adarsa:1	adarsha:1
ආදර්ශක	aadarshaka:1	aadharshaka:1	adarsaka:1	adarshaka:1
ආදර්ශනය	aadarshana:1	adarsanaya:1	adarshanaya:1
ආදර්ශයක්	aadarshayak:1	aadharshayak:1	adarsayak:1	adarshayak:1
ආදර්ශයට	aadarshayata:1	adarsayata:1	adarshayata:1
ආදර්ශයන්	aadarshayan:1	adarsayan:1	adarshayan:1
ආදර්ශවත්	aadarshavath:1	aadarshawath:1	adarsavat:1	adarshavath:1
ආදරේ	adare:3
ආදාන	adana:3
ආදානය	adanaya:3
ආදායම	adayama:3
ආදායමක්	adayamak:3
ආදායමට	adayamata:3
ආදායම්	adayam:3
ආදායමින්	adayamin:3
ආදායමෙන්	adayamen:3
ආදායමේ	adayame:3
ආදාරයෙන්	adarayen:3
ආදාහනය	adahanaya:3
ආදාහනාගාර	adahanagara:3
ආදාහනාගාරය	adahanagaraya:3
ආදි	adi:3
ආදිකල්පිත	adikalpita:2	adikalpitha:1
ආදිකාලීන	adikalina:3
ආදිතම	aditama:3
ආදිත්‍ය	aditya:3
ආදිති	aditi:2	adithi:1
ආදින්	adin:3
ආදිපාද	adipada:2	aadipaada:1
ආදිපාදවරයා	aadipaadavarayaa:1	adipadavaraya:1	adipadawaraya:1
ආදිපාදවරිය	aadipaadavariya:1	adipadavariya:1	adipadawariya:1
ආදිය	adiya:2	aadiya:1
ආදියට	adiyata:2	aadiyata:1
ආදියත්	adiyat:2	adiyath:1
ආදියද	adiyada:2	aadiyada:1
ආදියයි	adiyayi:2	adiyai:1
ආදියෙන්	adiyen:3
ආදියෙන්ද	adiyenda:3
ආදියෙහි	adiyehi:3
ආදියේ	adiye:3
ආදිවාසි	adivasi:3
ආදිවාසී	adivasi:3
ආදිවාසීන්	adivasin:3
ආදී	adi:3
ආදීනව	adinava:3
ආදීන්	adin:2	aadiin:1
ආදීන්ගෙන්	adingen:2	aadiingen:1
ආදීන්ගේ	adinge:2	aadiinge:1
ආදීම	adima:2	aadiima:1
ආදීවාසී	adivasi:2	aadiiwasii:1	aadivasii:1
ආදීහු	adihu:2	aadiihu:1
ආදේශ	aadesha:1	adesa:1	adesha:1
ආදේශක	aadeshaka:1	adesaka:1	adeshaka:1
ආදේශකයක්	aadeshakayak:1	adesakayak:1	adeshakayak:1
ආදේශන	aadeshana:1	adesana:1	adeshana:1
ආධ්‍යාත්මය	aadhyathmaya:1	aadyathmaya:1	adhyathmaya:1	adhyatmaya:1
ආධ්‍යාත්මික	aadhyathmika:1	adhyathmika:1	adhyatmika:1
ආධාර	adhara:3
ආධාරක	adharaka:3
ආධාරකයක්	adharakayak:2	adharayak:1
ආධාරකරුවන්	adharakaruvan:2	adharakaruwan:1
ආධාරය	adharaya:2	adharya:1
ආධාරයක්	adharayak:2	adarayak:1
ආධාරයෙන්	adharayen:3
ආධාරයෙනි	adharayeni:3
ආධිපත්‍ය	adhipathya:2	adhipatya:1
ආධිපත්‍යය	adhipathyaya:2	adhipatyaya:1
ආධිපත්‍යයක්	adhipathyayak:2	adhipatyayak:1
ආධිපත්‍යයට	adhipathyayata:2	adhipatyayata:1
ආධිපත්‍යයෙන්	adhipatyayen:2	adhipathyayen:1
ආධුනික	adhunika:3
ආධුනිකයන්	adhunikayan:3
ආධුනිකයන්ට	adhunikayanta:3
ආන	ana:2	aana:1
ආනත	aanetha:1	anata:1	anatha:1
ආනතිය	anathiya:3	aanathiye:1	anatiya:1
ආනතියක්	aanathiyak:1	anathiyak:1	anatiyak:1
ආනතියකින්	aanathiyakin:1	anathiyakin:1	anatiyakin:1
ආනන්තරික	anantarika:2	anantharika:1
ආනන්තරිය	anantariya:2	ananthariya:1
ආනන්තරීය	ananthariya:2	anantariya:1
ආනන්ද	ananda:3
ආනන්දජනක	anandajanaka:3
ආනන්දන්	anandan:3
ආනන්ද්	anand:3	anandh:1
ආනන්දීය	anandiya:3
ආනම	anama:3
ආනමාලු	anamalu:3
ආනය	anaya:3
ආනයන	anayana:3
ආනයනය	anayanaya:3
ආනයනික	anayanika:2	aanayanika:1
ආනයේ	anaye:2	aanaye:1
ආන්	an:2	aan:1
ආන්ජලෝ	anjalo:2	angelo:1
ආන්තරික	antharika:2	antarika:1
ආන්ත්‍රික	aanthrika:1	anthrika:1	antrika:1
ආන්තික	aanthika:1	anthika:1	antika:1
ආන්දෝලනයට	andolanayata:2	aandolanayata:1
ආන්දෝලනාත්මක	andolanatmaka:2	aandolathmaka:1
ආනා	ana:2	aanaa:1
ආනාපාන	anapana:2	aanaapaana:1
ආනිසංස	anisansa:2	aanisangsa:1	anisamsa:1
ආනුභවික	anubhavika:2	aanubavika:1	aanubawika:1
ආපදා	apada:3
ආපදාව	apadava:3
ආපදාවකට	apadavakata:3
ආපන	apana:3
ආපස්සට	apassata:2	aapassata:1
ආපසු	apasu:3
ආප්තෝපදේශ	apthopadesha:2	aapthopadesha:1	aptopadesa:1
ආප්ප	appa:3	aappa:1
ආපු	apu:3	aapu:1
ආපෝ	apo:3	aapoo:1
ආබාධ	abadha:2	abhada:1
ආබාධය	abadhaya:2	abadaya:1	abhadhaya:1
ආබාධයක්	abadhayak:2	abhadayak:1
ආබාධිත	abadhita:1	abadhitha:1	abhadhita:1
ආබාධිතයන්	abadhitayan:1	abadhithayan:1	abhadhithayan:1
ආබෲ	aabrhu:1	aabru:1	abhru:1	abr:1
ආභරණ	abharana:2	aabharana:1
ආභරණයක්	abharanayak:3
ආභාෂය	abhashaya:2	abhasaya:1
ආභාෂයක්	abhashayak:2	abhasayak:1
ආභාෂයෙන්	abhashayen:2	abhasayen:1
ආභාස	abhasa:3
ආභාසය	abhasaya:3
ආභාසයට	abhasayata:3
ආමන්ත්‍රණය	amanthranaya:2	amantranaya:1
ආම්	arm:2	aam:1	am:1
ආම්ලික	amlika:3	aamlika:1
ආම්ලිකතාවය	aamlikathavaya:1	aamlikathawaya:1	amlikatavaya:1	amlikathavaya:1
ආම්ලීකරණය	amlikaranaya:2	aamliikaranaya:1
ආමාන	amana:2	aamaana:1
ආමාශය	aamaashaya:2	amasaya:1
ආමාශයට	aamaashayata:2	amasayata:1
ආමාශයික	amasayika:2	amashaika:1
ආමිස	amisa:2	armys:1
ආයත	ayata:3
ආයතන	ayathana:11	ayatana:2
ආයතනය	ayathanaya:5	ayatanaya:3
ආයතනයක	ayatanayaka:3
ආයතනයකට	ayatanayakata:3
ආයතනයක්	ayatanayak:2	aayathanayak:1
ආයතනයකි	ayatanayaki:2	ayathanayaki:1
ආයතනයට	ayathanayata:2	ayatanayata:1
ආයතනයන්	ayathanayan:2	ayatanayan:1
ආයතනයන්ට	ayathanayanta:2	ayatanayanta:1
ආයතනයන්හි	ayathanayanhi:2	ayatanayanhi:1
ආයතනයයි	ayatanayayi:1	ayathanayai:1	ayathanayayi:1
ආයතනයෙන්	ayathanayen:2	ayatanayen:1
ආයතනයෙහි	ayathanayehi:2	ayatanayehi:1
ආයතනයේ	ayathanaye:2	ayatanaye:1
ආයතනවල	ayathanawala:2	ayatanavala:1	ayathanavala:1
ආයතනවලට	ayatanavalata:1	ayathanavalata:1	ayathanawalata:1
ආයතනික	ayathanika:2	ayatanika:1
ආයා	aya:4	aaya:1
ආයාචනය	ayachanaya:2	ayacanaya:1
ආයාචනා	ayachana:2	ayacana:1
ආයාත	ayatha:2	ayata:1
ආයාම	ayama:3
ආයාමය	ayamaya:3
ආයාමයට	ayamayata:3
ආයාමයේ	ayamaye:3
ආයාසය	ayasaya:3
ආයාසයකින්	ayasayakin:3
ආයිත්තම්	ayiththam:2	aiththam:1	ayittam:1
ආයු	ayu:3
ආයුකාලය	ayukalaya:3
ආයුධ	ayudha:3
ආයුධය	ayudhaya:3
ආයුධයක්	ayudayak:2	ayudhayak:3
ආයුධයකි	ayudhayaki:3
ආයුධයෙන්	ayudhayen:3
ආයුර්වේද	ayurveda:2	aayurveda:1	aayurweda:1
ආයුර්වේදය	ayurvedaya:2	aayurvedaya:1	aayurwedaya:1
ආයුර්වේදයට	ayurvedayata:2	aayurvedayata:1	aayurwedayata:1
ආයුර්වේදයේ	ayurvedaye:2	aayurvedhaye:1	aayurwedhaye:1
ආයුෂ	aayusha:1	ayusa:1	ayusha:1
ආයුෂත්	aayushath:1	ayusat:1	ayushath:1
ආයුෂ්මත්	aayushmath:1	ayushmath:1	ayusmat:1
ආයෙමත්	aayemath:1	ayemat:1	ayemath:1
ආයේ	aye:2	aaye:1
ආයෝජකයන්	ayojakayan:2	aayojakayan:1
ආයෝජකයන්ට	ayojakayanta:2	aayojakayanta:1
ආයෝජකයාට	ayojakayata:2	aayojakayata:1
ආයෝජකයින්	ayojakayin:2	aayojakayin:1
ආයෝජකයින්ගේ	ayojakayinge:2	aayojakayinge:1
ආයෝජකයින්ට	ayojakayinta:3
ආයෝජකයෙක්	ayojakayek:2	aayojakayek:1
ආයෝජන	ayojana:2	aayojana:1
ආයෝජනය	ayojanaya:3
ආයෝජනයක්	ayojanayak:2	aayojanayak:1
ආයෝජනයේ	ayojanaye:2	aayojanaye:1
ආර	ara:2	aara:1
ආරංචි	aarangchi:1	aramci:1	aranchi:1
ආරංචියක්	aramciyak:1	aranchiyak:1	arangchiyak:1
ආරක්	arak:3	aarak:1
ආරක්ශාව	araksava:2	arakshawa:1
ආරක්ෂක	arakshaka:10	araksaka:2
ආරක්ෂකයන්	araksakayan:2	arakshakayan:1
ආරක්ෂකයා	arakshakaya:2	araksakaya:1
ආරක්ෂකයෙකු	arakshakayeku:2	araksakayeku:1
ආරක්ෂණ	arakshana:2	araksana:1
ආරක්ෂණය	araksanaya:1	arakshanaya:1	warakshanaya:1
ආරක්ෂණයක්	araksanayak:2	arakshanayak:1
ආරක්ෂා	araksha:2	araksa:1
ආරක්ෂාකාරී	araksakari:2	arakshakari:1
ආරක්ෂාව	arakshawa:8	araksava:2
ආරක්ෂාවක්	araksavak:2	arakshawak:1
ආරක්ෂාවට	araksavata:2	arakshawata:1
ආරක්ෂාවටත්	araksavatat:2	arakshawatath:1
ආරක්ෂාවත්	araksavat:2	arakshawath:1
ආරක්ෂාවයි	araksavayi:2	arakshawai:1
ආරක්ෂාවී	araksavi:2	arakshavi:1
ආරක්ෂාවේ	araksave:2	arakshave:1
ආරක්ෂිත	arakshitha:6	araksita:2
ආරක්ෂිතව	araksitava:2	arakshithava:1
ආරච්චි	arachchi:2	aracci:1
ආරච්චිගේ	aarachchige:1	araccige:1	arachchige:1
ආරච්චිලාගේ	arachchilage:2	araccilage:1
ආරණ්‍ය	aranya:3
ආරම්භ	arambha:3
ආරම්භක	arambhaka:3
ආරම්භකයා	arambhakaya:3
ආරම්භකර	arambhakara:3
ආරම්භය	arambhaya:3	aarambaya:1
ආරම්භයක්	arambhayak:3	aarambayak:1
ආරම්භයට	arambhayata:3	aarambayata:1
ආරම්භයත්	arambhayath:2	aarambayath:1	arambhayat:1
ආරම්භයද	arambhayada:3	aarambayada:1
ආරම්භයන්	arambhayan:3	aarambayan:1
ආරම්භයයි	arambhayayi:2	aarambayai:1	arambhayai:1
ආරම්භයෙහි	arambhayehi:3	aarambayehi:1
ආරම්භයේ	arambhaye:3	aarambaye:1
ආරම්භයේදි	arambhayedi:3	aarambayedi:1
ආරම්භයේදී	arambayedi:2	arambhayedi:2	aarambayedi:1	arambhayedee:1
ආරම්භයේදීම	arambhayedima:3	aarambayedeema:1
ආරම්භවන	arambhavana:2	aarambawana:1	arambhawana:1
ආරම්භවන්නේ	arambhavanne:2	aarambawanne:1	arambhawanne:1
ආරම්භවී	arambhavi:2	aarambawee:1	arambhawi:1
ආරම්භවීම	arambhavima:2	aarambaweema:1	arambhawima:1
ආරම්භවේ	arambhave:2	aarambawe:1	arambhawe:1
ආරම්හ	aramha:2	aaramha:1	arambha:1
ආරමිභය	aramibhaya:2	aarambayehi:1	arambhayehi:1	aramibhiya:1
ආරවුල	aravula:3
ආරවුලකට	aravulakata:3
ආරවුලක්	aravulak:3
ආරවුල්	aravul:3
ආර්ජන්ටිනාව	arjantinava:2	argentinava:1
ආර්ථික	arthika:3
ආර්ථිකමය	arthikamaya:3
ආර්ථිකය	arthikaya:3
ආර්ථිකයක	arthikayaka:3
ආර්ථිකයක්	arthikayak:3
ආර්ථිකයට	arthikayata:3
ආර්ථිකයන්	arthikayan:3
ආර්ථිකයෙන්	arthikayen:3
ආර්ථිකයේ	arthikaye:3
ආර්ථිකව	arthikava:3
ආර්ථීක	arthika:3
ආර්ථීකය	arthikaya:3
ආර්ථීකයක්	arthikayak:3
ආර්ථීකයට	arthikayata:3
ආර්ථීකයේ	arthikaye:3
ආර්ද්‍රතාව	ardratava:2	ardrathava:1
ආර්ද්‍රතාවය	ardratavaya:2	ardrathavaya:1
ආර්නෝල්ඩ්	arnold:3
ආර්ය	aarya:3	arya:3
ආර්යන්	aryan:3
ආර්යයන්	aryayan:3
ආර්යයන්ගේ	aryayange:3
ආර්යා	arya:3
ආර්යාව	aryava:3
ආර්යාවගේ	aryavage:3
ආරාධනය	aradhanaya:3
ආරාධනයෙන්	aradhanayen:3
ආරාධනා	aradhana:3
ආරාධනාව	aradhanava:3
ආරාධනාවක්	aradhanavak:3
ආරාධිත	aradhita:2	aradhitha:1
ආරාබි	arabi:3
ආරාම	arama:3
ආරාමය	aramaya:3
ආරාමයක	aramayaka:3
ආරාමයක්	aramayak:3
ආරාමයන්	aramayan:3
ආරාමයේ	aramaye:2	aramaya:1
ආරාමවල	aramavala:2	aramawala:1
ආරාමික	aramika:3
ආරියදාස	ariyadasa:3
ආරියපාල	ariyapala:3
ආරියරත්න	ariyarathna:2	ariyarathne:1
ආරියවංශ	ariyawansha:2	ariyavansha:1
ආරියසේන	ariyasena:3
ආරුක්කු	arukku:3
ආරුක්කුව	arukkuva:2	arukkuwa:1
ආරුඪ	arudha:2	aruda:1
ආරූඪ	arudha:3
ආරොන්	aron:3
ආරෝග්‍යශාලා	arogyashala:2	arogyasala:1
ආරෝපණ	aropana:3
ආරෝපණය	aropanaya:3
ආරෝපණයක්	aropanayak:3
ආරෝපණයේ	aropanaye:3
ආරෝපනය	aropanaya:3
ආරෝපිත	aropitha:2	aropita:1
ආලය	alaya:3
ආලයෙන්	alayen:3	aalayen:1
ආලියා	aliya:3
ආලේ	ale:3	alae:1
ආලේප	alepa:3
ආලේපන	alepana:3
ආලේපනය	alepanaya:3
ආලේපනයක්	alepanayak:3
ආලේපය	alepaya:3
ආලේපයෙන්	alepayen:3
ආලේපිත	alepitha:2	alepita:1
ආලෝක	aloka:3
ආලෝකකරණ	alokakarana:3
ආලෝකකරණය	alokakaranaya:3
ආලෝකමත්	alokamath:2	alokamat:1
ආලෝකය	alokaya:3
ආලෝකයක්	alokayak:3
ආලෝකයට	alokayata:3
ආලෝකයෙන්	alokayen:2	aaloekayen:1
ආලෝකයෙහි	alokayehi:2	aaloekayehi:1
ආලෝකයේ	alokaye:2	aloekaye:1
ආලෝකවත්	aloekawath:1	alokavat:1	alokavath:1
ආව	ava:2	aawa:1
ආවකි	avaki:2	aawaki:1
ආවද	avada:2	aawadha:1
ආවරණ	avarana:2	aawarana:1
ආවරණය	awaranaya:12	avaranaya:2	aawaranaya:1
ආවරණයක්	avaranayak:2	aawaranayak:1
ආවරණයන්	avaranayan:2	aawaranayan:1
ආවරණයේ	avaranaye:2	aawaranayay:1	aawaranayei:1
ආවරනය	avaranaya:2	aawaranaya:1
ආවර්ජනය	avarjanaya:3
ආවර්ජනා	avarjana:2	aawarjanaa:1
ආවර්තිත	avartita:2	aawarthitha:1
ආවර්තිතා	awarthitha:2	avartita:2	aawarthithaa:1
ආවා	aawaa:2	ava:1
ආවාට	aawaata:2	avata:1
ආවාටය	aawaataya:2	avataya:1
ආවාටයක්	aawaatayak:2	avatayak:1
ආවාස	aawaasa:2	avasa:1
ආවාහ	aawaaha:2	avaha:1
ආවිට	aawita:2	avita:1
ආවෘත	aawrutha:1	aawurtha:1	avrta:1
ආවේ	awe:4	ave:2	aawei:1
ආවේග	awega:2	avega:2	aawega:1
ආවේගය	avegaya:2	aawegaya:1
ආවේගයන්	avegayan:2	aawegayan:1
ආවේගශීලී	aawegasheelee:1	avegashili:1	avegasili:1
ආවේණික	awenika:6	avenika:2	aaweinika:1
ආවේණිකය	avenikaya:2	aaweinikaya:1
ආවේණිකව	avenikava:2	aaweinikawa:1
ආවේනික	awenika:3	avenika:2	aawenika:1
ආවේය	aveya:2	aaweiya:1
ආවේශය	aaweishaya:1	avesaya:1	aveshaya:1
ආශ	aasha:1	asa:1	asha:1
ආශය	aashaya:1	asaya:1	ashaya:1
ආශයන්	aashayan:1	asayan:1	ashayan:1
ආශයිකා	aashaikaa:1	asayika:1	ashayika:1
ආශ්චර්යමත්	aashcharyamath:1	ascaryamat:1	ashcharyamath:1
ආශ්චර්යය	aashcharyaya:1	ascaryaya:1	ashcharyaya:1
ආශ්චර්යයක්	aashcharyayak:1	ascaryayak:1	ashcharyayak:1
ආශ්චර්යවත්	ascaryavat:1	ascharyavath:1	ashcharyavath:1
ආශ්වාදජනක	asvadajanaka:2	ashvadajanaka:1
ආශ්වාස	ashwasa:2	asvasa:2	ashvasa:1
ආශ්‍රම	ashrama:2	asrama:1
ආශ්‍රමය	ashramaya:2	asramaya:1
ආශ්‍රමයේ	ashramaye:2	asramaye:1
ආශ්‍රය	ashraya:2	asraya:1
ආශ්‍රයන්	ashrayan:2	asrayan:1
ආශ්‍රයෙන්	ashrayen:3	aashrayen:1	asrayen:1
ආශ්‍රයෙනි	aashrayeni:1	ashrayeni:1	asrayeni:1
ආශ්‍රවය	asravaya:2	ashravaya:1
ආශ්‍රිත	ashritha:3	asrita:2
ආශ්‍රිතව	ashrithawa:4	asritava:2	ashrithava:1
ආශ්‍රිතවත්	asritavat:2	ashrithavath:1
ආශ්‍රිතවද	asritavada:2	ashrithavada:1
ආශ්‍රීත	asrita:2	ashritha:1
ආශ්‍රීතව	asritava:2	ashrithava:1
ආශා	asa:2	asha:1
ආශාව	ashawa:3	asava:2	ashava:1
ආශාවක්	asavak:2	ashavak:1
ආශාවකින්	asavakin:2	ashavakin:1
ආශාවන්	asavan:2	ashavan:1
ආශාවෙන්	asaven:2	ashaven:1
ආශිර්වාද	asirvada:2	ashirvada:1
ආශිර්වාදය	asirvadaya:2	ashirvadaya:1
ආශිර්වාදයක්	asirvadayak:2	ashirvadayak:1
ආසන	asana:3
ආසනය	asanaya:3
ආසනයක	asanayaka:3
ආසනයෙන්	asanayen:3
ආසනයෙහි	asanayehi:3
ආසනයේ	asanaye:3
ආසන්න	asanna:3
ආසන්නතම	asannathama:3	asannatama:2
ආසන්නම	asannama:3
ආසන්නයට	asannayata:3
ආසන්නයෙන්	asannayen:3
ආසන්නයෙන්ම	asannayenma:3
ආසන්නයේ	asannaye:3
ආසන්නයේද	asannayeda:3
ආසන්නයේම	asannayema:3
ආසන්නව	asannawa:3	asannava:2
ආසනික්	arsenic:2	asanic:1
ආසවන	asavana:2	asawana:1
ආසවනය	asawanaya:2	asavanaya:2
ආසවනයේ	asavanaye:2	asawanaye:1
ආසවනයේදී	asavanayedi:2	asawanayedee:1
ආස්වාදය	asvadaya:2	aswadaya:1
ආස්වාදයක්	asvadayak:2	aswadayak:1
ආසාදන	asadana:3
ආසාදනය	asadanaya:3
ආසාදනයක්	asadanayak:3
ආසාදනයට	asadanayata:3
ආසාදිත	asaditha:2	asadita:2
ආසාධනය	asadhanaya:3
ආසාධිත	asadhita:2	asadhitha:1
ආසාව	asava:3
ආසාවෙන්	asaven:3
ආසියා	asiya:3
ආසියාතික	asiyathika:4	asiyatika:2
ආසියානු	asiyanu:2	asiyaanu:1
ආසියානුවන්	asiyanuvan:2	asiyanuwan:1
ආසියාව	asiyawa:2	asiyava:2
ආසියාවට	asiyavata:2	asiyawata:1
ආසියාවෙන්	asiyaven:2	asiyawen:1
ආසියාවෙහි	asiyavehi:2	asiyawehi:1
ආසියාවේ	asiyawe:3	asiyave:2
ආසියාවේම	asiyavema:2	asiyawema:1
ආසිරි	asiri:3
ආහ	aha:3
ආහර	ahara:3
ආහාර	ahara:3
ආහාරද	aharada:3
ආහාරපාන	aharapana:2	ahaarapaana:1
ආහාරමය	aharamaya:2	ahaaramaya:1
ආහාරය	aharaya:2	ahaaraya:1
ආහාරයක්	aharayak:2	ahaarayak:1
ආහාරයකි	aharayaki:2	ahaarayaki:1
ආහාරයට	aharayata:2	ahaarayata:1
ආහාරයේ	aharaye:3
ආහාරවල	aharavala:2	aharawala:1
ඇක්ටින්	acting:2	aektin:1
ඇකි	aeki:2	acci:1
ඇඩම්ස්	adams:2	aedams:1
ඇඩෙල්	adele:2	aedel:1
ඇතා	aetha:2	atha:1
ඇන	aena:2	ena:1
ඇන්ග්ලිකන්	anglican:2	aenglikan:1
ඇන්ග්ලෝ	anglo:2	aenglo:1
ඇන්ඞ්	and:2	aenn:1
ඇන්ජලින්	aenjalin:1	angeline:1	anjelin:1
ඇන්ජලීස්	aenjlis:1	angeles:1	angelis:1
ඇන්ටනොව්	antonov:2	aentanov:1
ඇන්ඩර්ස්	anders:2	aenders:1
ඇන්ඩ්රොයිඩ්	android:3
ඇන්ඩ්‍රොයිඩ්	android:3
ඇන්ඩෘ	andrew:3
ඇන්ඩෲ	andrew:3
ඇන්තනි	anthony:3
ඇන්තනී	anthony:2	anthonee:1
ඇනා	anna:2	aena:1
ඇපලෝ	apollo:3
ඇමයිනෝ	amino:2	aemayino:1
ඇමරිකන්	american:2	aemarikan:1
ඇමරිකා	america:2	aemarika:1
ඇමසෝන්	amazon:2	amazone:1
ඇම්පියර්	aempiyar:1	ampere:1	ampier:1
ඇම්බැක්කේ	ambekke:2	aembaekke:1	ambakke:1	embekke:1
ඇමීබාවන්	aemibavan:1	ameebawan:1	amoebawan:1
ඇමෙරිකන්	american:3
ඇමෙරිකා	america:3
ඇමෙරිකානු	americanu:2	amerikanu:1
ඇමෝනියම්	ammonium:2	aemoniyam:1
ඇමෝනියා	ammonia:2	aemoniya:1
ඇරිස්ටෝටල්	aristotle:3
ඇලන්	alan:3
ඇලස්කාව	aelaskava:1	alascava:1	alaskava:1
ඇල්කේන	aelkena:1	alkanes:1	alken:1
ඇල්ගොරිතම	algoritama:2	aelgorithama:1
ඇල්ගොරිතමය	aelgorithamaya:1	algoritamaya:1	algorithmaya:1
ඇල්බමයක්	albumayak:2	aelbamayak:1
ඇල්බමයට	albumayata:2	aelbamayata:1
ඇල්බමයේ	albumye:2	aelbamaye:1
ඇල්බර්ට්	albert:2	aelbart:1
ඇල්ෆ්‍රඩ්	alfred:3
ඇල්ෆා	alfa:3	alpha:2
ඇලෙක්ස්	alex:3
ඇලෙක්සැන්ඩර්	alexander:3
ඇවිදින	aevidina:2	avidina:1
ඇසල	esala:3	asala:1
ඇසළ	esala:3	asala:1
ඇස්ට්‍රිඩ්	astrid:3
ඇසිටික්	acetic:2	aesitik:1
ඇසිඩ්	acid:2	aesid:1
ඇසිරියානු	aesiriyanu:2	assyrianu:1
ඈම්ස්ටර්ඩෑම්	amsterdam:3
ඉ	i:3
ඉංග්ලිෂ්	english:3
ඉංග්‍රිසි	engliesi:1	english:1	imgrisi:1
ඉංග්‍රීසි	ingrisi:7	imgrisi:2	english:1
ඉංග්‍රීසිද	englishda:1	englishida:1	imgrisida:1
ඉංග්‍රීසින්	imgrisin:3
ඉංග්‍රීසින්ට	imgrisinta:2	englishinta:1
ඉංග්‍රීසියට	imgrisiyata:2	englishyata:1
ඉංග්‍රීසියෙන්	imgrisiyen:2	engrisiyen:1
ඉංග්‍රීසියේ	imgrisiye:2	englishaye:1
ඉංග්‍රීසී	imgrisi:2	english:1
ඉංග්‍රීසීන්	imgrisin:2	englishin:1
ඉංග්‍රීසීන්ට	imgrisinta:2	englishinta:1
ඉංගිරිය	imgiriya:2	ingiriya:2
ඉංගිසි	imgisi:3	ingisi:1
ඉංජිනේරු	injineru:4	imjineru:2	engineeru:1
ඉංජිනේරුමය	imjinerumaya:2	engineerumaya:1	injinerumaya:1
ඉංජිනේරුවකුට	imjineruvakuta:2	engineeruvakuta:1	injineruvakuta:1
ඉංජිනේරුවන්	imjineruvan:2	engineeruwan:1	injineruvan:1
ඉංජිනේරුවන්ගේ	imjineruvange:2	engineeruvange:1	injineruvange:1
ඉංජිනේරුවරයකු	imjineruvarayaku:2	engineeruvarayaku:1	injineruvarayaku:1
ඉංජිනේරුවරයා	imjineruvaraya:2	engineeruvaraya:1	injineruvaraya:1
ඉංජිනේරුවරයෙකු	imjineruvarayeku:2	injineruvarayeku:2
ඉංජිනේරුවරුන්	imjineruvarun:2	injineruvarun:2
ඉංදු	imdu:3	indu:1
ඉක්බිති	ikbithi:2	ikbiti:1
ඉක්බිතිව	ikbitiva:2	ikbithiva:1
ඉක්ම	ikma:3
ඉක්මණින්	ikmanin:3
ඉක්මණින්ම	ikmaninma:3
ඉක්මනට	ikmanata:3
ඉක්මන්	ikman:3
ඉක්මනින්	ikmanin:3
ඉක්මනින්ම	ikmaninma:3
ඉක්මවන	ikmavana:2	ikmawana:1
ඉක්මවා	ikmawa:3	ikmava:3
ඉක්මවීම	ikmavima:3
ඉක්මවූ	ikmavu:3
ඉක්වදෝරය	ikvadoraya:3
ඉකි	iki:3
ඉකිලි	ikili:3
ඉකුත්	ikuth:3
ඉගෙන	igena:3
ඉගෙනගත්	igenagath:3
ඉගෙනගන්නවා	igenagannava:3
ඉගෙනගන්නා	igenaganna:3
ඉගෙනීම	igenima:3
ඉගෙනීමට	igenimata:3
ඉගෙනීමේ	igenime:3
ඉගෙනුම	igenuma:3
ඉගෙනුම්	igenum:3
ඉඟ	inga:3
ඉඟටිය	ingatiya:3
ඉඟි	ingi:3
ඉඟිනියාගල	inginiyagala:3
ඉඟිය	ingiya:3
ඉඟියක්	ingiyak:3
ඉඟුරු	inguru:3
ඉච්ඡා	iccha:2	ichcha:1
ඉටි	iti:3
ඉටු	itu:3
ඉටුකර	itukara:3
ඉටුකරන	itukarana:3
ඉටුකරමින්	itukaramin:3
ඉටුකළ	itukala:3
ඉටුකළා	itukala:2	itukalaa:1
ඉටුකළේ	itukale:3
ඉටුකිරීමට	itukirimata:2	itukireemata:1
ඉටුකිරීමෙහිලා	itukirimehila:2	itukireemehilaa:1
ඉටුකිරීමේ	itukirime:2	itukireeme:1
ඉඩ	ida:3
ඉඩකඩ	idakada:3
ඉඩකඩක්	idakadak:3
ඉඩකඩම්	idakadam:3
ඉඩක්	idak:3
ඉඩදීම	idadima:2	idadeema:1
ඉඩදෙන	idadena:3
ඉඩදෙන්න	idadenna:3
ඉඩප්‍රස්ථා	idaprastha:2	idaprastaa:1
ඉඩම	idama:3
ඉඩමක්	idamak:3
ඉඩම්	idam:3
ඉඩම්වල	idamvala:2	idamwala:1
ඉඩම්වලට	idamvalata:3	idamwalata:1
ඉඩමේ	idame:3
ඉඩ්	id:2	eid:1
ඉණ	ina:3
ඉත්තකු	iththaku:2	ittaku:1
ඉත්තන්	iththan:2	ittan:1
ඉතා	itha:2	itaa:1
ඉතාම	ithama:2	itaama:1
ඉතාමත්	ithamath:2	itaamat:1
ඉතාමත්ම	ithamathma:2	itaamatma:1
ඉතාලි	itaaly:1	italy:1	ithali:1
ඉතාලිය	italiya:2	itaaliya:1
ඉතාලියට	italiyata:2	itaaliyata:1
ඉතාලියානු	italiyanu:2	itaaliyanu:1
ඉතාලියේ	italiye:2	itaaliye:1
ඉති	ithi:2	iti:1
ඉතින්	itin:2	ithin:1
ඉතියෝපියානු	ithiyopiyanu:1	itiyopiyaanu:1	itiyopiyanu:1
ඉතියෝපියාව	ithiyopiyava:1	itiyopiyaava:1	itiyopiyaawa:1	itiyopiyava:1
ඉතිරවීම	ithiravima:1	itiravima:1	itiriveema:1	itiriweema:1
ඉතිරි	ithiri:2	itiri:1
ඉතිරිය	ithiriya:2	itiriya:1
ඉතිරිව	ithiriwa:6	ithiriva:2	itiriva:1	itiriwa:1
ඉතිරිවන	ithirivana:2	itirivana:1	itiriwana:1
ඉතිරිවන්නේ	ithirivanne:3
ඉතිරිවී	ithirivi:3
ඉතිරිවූ	ithirivu:3
ඉතිහාස	ithihasa:3
ඉතිහාසකරුවන්	ithihasakaruvan:3
ඉතිහාසගත	ithihasagata:2	ithihasagatha:1
ඉතිහාසඥ	ithihasagna:3
ඉතිහාසඥයකු	ithihasagnayaku:3
ඉතිහාසඥයන්	ithihasagnayan:3
ඉතිහාසඥයන්ට	ithihasagnayanta:3
ඉතිහාසඥයා	ithihasagnaya:3
ඉතිහාසඥයින්	ithihasagnayin:3
ඉතිහාසඥයින්ට	ithihasagnayinta:3
ඉතිහාසඥයෝ	ithihasagnayo:3
ඉතිහාසය	ithihasaya:3
ඉතිහාසයකට	ithihasayakata:3
ඉතිහාසයක්	ithihasayak:3
ඉතිහාසයකි	ithihasayaki:3
ඉතිහාසයට	ithihasayata:3
ඉතිහාසයයි	ithihasayayi:3
ඉතිහාසයෙන්	ithihasayen:3
ඉතිහාසයෙහි	ithihasayehi:3
ඉතිහාසයේ	ithihasaye:2	itihasaye:1
ඉතිහාසයේදී	ithihasayedi:3
ඉතුරු	ithuru:3
ඉදලම	idalama:3
ඉදහිට	idahita:3
ඉදි	idi:3
ඉදිකර	idikara:3
ඉදිකරන	idikarana:3
ඉදිකරනු	idikaranu:3
ඉදිකරවන	idikaravana:3
ඉදිකරවා	idikarava:3
ඉදිකල	idikala:3
ඉදිකළ	idikala:3
ඉදිකළා	idikala:3
ඉදිකළේ	idikale:3
ඉදිකිරිම	idikirima:3
ඉදිකිරිම්	idikirim:3
ඉදිකිරිමේ	idikirime:3
ඉදිකිරීම	idikirima:3
ඉදිකිරීමක්	idikirimak:3
ඉදිකිරීමට	idikirimata:3
ඉදිකිරීම්	idikirim:3
ඉදිකිරීමෙන්	idikirimen:3
ඉදිකිරීමේදී	idikirimedi:3
ඉදිකොට	idikota:3
ඉදින්	idin:3
ඉදිමීම	idimima:3
ඉදිමුමට	idimumata:3
ඉදිමුම්	idimum:3
ඉදිරි	idiri:3
ඉදිරිපත්	idiripath:3
ඉදිරිපත්කල	idiripathkala:2	idiripatkala:1
ඉදිරිපත්කිරීම	idiripathkirima:2	idiripatkireema:1
ඉදිරිපත්කොට	idiripathkota:2	idiripatkota:1
ඉදිරිපත්ව	idiripatva:2	idiripathva:1	idiripatwa:1
ඉදිරිපත්වීම	idiripathvima:2	idiripatweema:1
ඉදිරිපත්වූ	idiripathvu:2	idirpatvu:1
ඉදිරිපස	idiripasa:3
ඉදිරිපසට	idiripasata:3
ඉදිරිපසින්	idiripasin:3
ඉදිරිපිට	idiripita:3
ඉදිරිපිටදීම	idiripitadima:2	idiripitadeema:1
ඉදිරිය	idiriya:3
ඉදිරියට	idiriyata:3
ඉදිරියටත්	idiriyatath:2	idiriyatat:1
ඉදිරියෙන්	idiriyen:3
ඉදිරියෙන්ම	idiriyenma:3
ඉදිරියෙහි	idiriyehi:3
ඉදිරියේ	idiriye:3
ඉදිරියේදි	idiriyedi:3
ඉදිරියේදී	idiriyedi:2	idiriyedee:1
ඉදිරියේම	idiriyema:3
ඉදිව	idiva:3	idiwa:1
ඉදිවන	idivana:3	idiwana:1
ඉදිවන්නේ	idivanne:3	idiwanne:1
ඉදිවිය	idiviya:3
ඉදිවී	idivi:3
ඉදිවීම	idivima:3
ඉදිවූ	idivu:3
ඉදිවෙමින්	idivemin:3
ඉදීම	idima:3
ඉදුණු	idunu:3
ඉදුම්	idum:3
ඉන	ina:3
ඉනට	inata:3
ඉන්	in:3
ඉන්කා	inka:3
ඉන්ජිනේරු	injineru:3
ඉන්ට	inta:3
ඉන්ටර්	intar:3
ඉන්ටර්නැෂනල්	international:3
ඉන්ටර්නෙට්	internet:3
ඉන්ඩියා	india:3
ඉන්දන	indana:3
ඉන්දරතන	indarathana:3
ඉන්ද්‍ර	indra:3
ඉන්ද්‍රජාලික	indrajalika:3
ඉන්ද්‍රජිත්	indrajith:2	indrajit:1
ඉන්ද්‍රනීල	indranila:3
ඉන්ද්‍රිය	indriya:3
ඉන්ද්‍රියන්	indriyan:3
ඉන්ද්‍රියන්ට	indriyanta:3
ඉන්ද්‍රියය	indriyaya:3
ඉන්ද්‍රියයන්	indriyayan:3
ඉන්දික	indika:3
ඉන්දිකා	indika:3
ඉන්දිය	indiya:3
ඉන්දියන්	indian:2	indiyan:3
ඉන්දියා	indiya:2	india:1
ඉන්දියානු	indiyanu:3
ඉන්දියානුවන්	indiyanuvan:3
ඉන්දියානුවන්ට	indiyanuvanta:3
ඉන්දියාව	indiyawa:6	indiyava:3
ඉන්දියාවට	indiyawata:2	indiyavata:3
ඉන්දියාවටත්	indiyavatath:3
ඉන්දියාවෙ	indiyave:3
ඉන්දියාවෙන්	indiyawen:3	indiyaven:3
ඉන්දියාවෙනි	indiyaveni:3
ඉන්දියාවෙහි	indiyawehi:2	indiyavehi:3
ඉන්දියාවේ	indiyawe:19	indiyave:3
ඉන්දියාවේදී	indiyavedi:3
ඉන්දිරා	indira:3
ඉන්දීය	indeeya:2	indiya:3
ඉන්දු	indu:3
ඉන්දුනීසියානු	indunisiyanu:3
ඉන්දුනීසියාව	indunisiyava:3
ඉන්දුනීසියාවට	indunisiyavata:3
ඉන්දුනීසියාවෙන්	indunisiyaven:3
ඉන්දුනීසියාවේ	indunisiyave:3
ඉන්දුමතී	indumathi:2	inthumathy:1
ඉන්ධන	indana:3	indhana:3
ඉන්ධනයක්	indhanayak:3
ඉන්න	inna:3
ඉන්නව	innava:3
ඉන්නවා	innava:3
ඉන්නා	inna:3
ඉන්නේ	inne:3
ඉන්පසු	inpasu:3
ඉන්පසුව	inpasuwa:4	inpasuva:2
ඉන්සියුලින්	insulin:2	insiyulin:1
ඉන්ෆ්ලුවෙන්සා	influenza:3
ඉන්ෆ්ලූවෙන්සා	influenza:3	influwensa:1
ඉනික්බිති	inikbithi:2	inikbiti:1
ඉනිම	inima:3
ඉනිමක	inimaka:3
ඉනිමක්	inimak:3
ඉනිම්	inim:2	innim:1
ඉනිමේ	inime:3
ඉනෝකා	inoka:3
ඉඳන්	indan:3
ඉඳලම	indalama:2	idalama:1
ඉඳලා	indala:2	idalaa:1
ඉඳි	indi:2	idi:1
ඉඳුරන්	induran:2	iduran:1
ඉඳුරුව	induruva:2	induruwa:1
ඉඳුල්	indul:2	idul:1
ඉපදවීම	ipadavima:2	ipadaveema:1	ipadaweema:1
ඉපදී	ipadi:2	ipadee:1
ඉපදීම	ipadima:2	ipadeema:1
ඉපදීමට	ipadimata:2	ipadeemata:1
ඉපදීමේ	ipadime:2	ipadeeme:1
ඉපදුණු	ipadunu:3
ඉපදුණේ	ipadune:3
ඉපදුන	ipaduna:3
ඉපදුනු	ipadunu:3
ඉපදුනේ	ipadune:3
ඉපයිම	ipayima:3
ඉපයීම	ipayima:2	ipayeema:1
ඉපයීම්	ipayim:2	ipayeem:1
ඉපයීමේ	ipayime:2	ipayeeme:1
ඉපිද	ipida:3
ඉබන්	iban:3
ඉබ්නු	ibnu:3
ඉබ්බන්	ibban:3
ඉබ්බාගමුව	ibbagamuwa:2	ibbagamuva:1
ඉබ්බාගල	ibbagala:3
ඉබේ	ibe:3
ඉබේම	ibema:3
ඉමහත්	imahath:3
ඉමා	ima:3
ඉමාම්	imam:3
ඉඹුල්	imbul:3
ඉයන්	iyan:3
ඉයර්	iyar:2	year:2
ඉයුජීන්	eugene:1	iyujeen:1	iyujin:1
ඉයුලර්	iyular:2	euler:1
ඉර	ira:3
ඉරට්ටේ	iratte:3
ඉරණම	iranama:3
ඉරණමක්	iranamak:3
ඉරහඳ	irahanda:3
ඉරා	ira:3
ඉරාක	iraka:3	iraqa:1
ඉරාකය	irakaya:3	iraqaya:1
ඉරාකයට	irakayata:3	iraqayata:1
ඉරාකයෙන්	irakayen:3	iraqayen:1
ඉරාකයේ	irakaye:3	iraqaye:1
ඉරාන	irana:3
ඉරානය	iranaya:3
ඉරානයට	iranayata:3
ඉරානයේ	iranaye:3
ඉරි	iri:3
ඉරිඟු	iringu:3
ඉරිඩියම්	iridiyam:3
ඉරිදා	irida:3
ඉරියව්	iriyav:2	iriyaw:1
ඉරියව්ව	iriyavva:2	iriyawwa:1
ඉරියව්වක්	iriyavvak:2	iriyawwak:1
ඉරියව්වකින්	iriyavvakin:2	iriyawwakin:1
ඉරියව්වෙන්	iriyavven:2	iriyawwen:1
ඉරියවු	iriyavu:3
ඉරී	iri:2	iree:1
ඉරීම	irima:2	ireema:1
ඉරු	iru:3
ඉරුදින	irudina:3
ඉරුවාරදය	iruvaradaya:2	iruwaradaya:1
ඉරෙක්ටස්	irektas:3	erectus:1
ඉලංගම	ilangama:2	ilamgama:1
ඉලංගම්	ilangam:2	ilamgam:1
ඉලක්ක	ilakka:3
ඉලක්කගත	ilakkagatha:2	ilakkagata:1
ඉලක්කම	ilakkama:3
ඉලක්කම්	ilakkam:3
ඉලක්කය	ilakkaya:3
ඉලක්කයක්	ilakkayak:3
ඉලක්කයට	ilakkayata:3
ඉලක්කයන්	ilakkayan:3
ඉලක්කයෙන්	ilakkayen:3
ඉලක්කවලට	ilakkavalata:2	ilakkawalata:1
ඉල්	il:3
ඉල්ලන	illana:3
ඉල්ලන්න	illanna:3
ඉල්ලන්නට	illannata:3
ඉල්ලම්	illam:3
ඉල්ලමි	illami:3
ඉල්ලමින්	illamin:3
ඉල්ලයි	illayi:3
ඉල්ලා	illa:3
ඉල්ලාගත්	illagath:3
ඉල්ලිම්	illim:3
ඉල්ලීම	illima:3
ඉල්ලීමකට	illimakata:3
ඉල්ලීමක්	illimak:3
ඉල්ලීමට	illimata:3
ඉල්ලීම්	illim:3
ඉල්ලීම්වලට	illimvalata:3
ඉල්ලීමේ	illime:3
ඉල්ලීය	illiya:3
ඉල්ලු	illu:3
ඉල්ලුම	illuma:3
ඉල්ලුමක්	illumak:3
ඉල්ලුමට	illumata:3
ඉල්ලුම්	illum:3
ඉල්ලුවේය	illuveya:2	illveya:1
ඉල්ලූ	illu:3
ඉල්ලූම	illuma:3
ඉල්ලූමක්	illumak:3
ඉලාස්ටික්	elastic:2	ilastik:1
ඉලිප්සයක්	ilipsayak:3
ඉලිප්සාකාර	ilipsakara:3
ඉලිප්සීය	ilipsiya:3
ඉලියඩ්	iliad:2	iliyad:1
ඉලෙක්ට්රොනික	ilektronika:2	elektronika:1
ඉලෙක්ට්‍රොන	ilektrona:3
ඉලෙක්ට්‍රොනික	ilektronika:3
ඉලෙක්ට්‍රොනික්	electronic:3
ඉලෙක්ට්‍රෝඩ	ilektroda:3
ඉලෙක්ට්‍රෝඩය	ilektrodaya:3
ඉලෙක්ට්‍රෝඩයක්	ilektrodayak:3
ඉලෙක්ට්‍රෝන	electrona:2	ilektrona:3
ඉලෙක්ට්‍රෝනය	ilektronaya:3
ඉලෙක්ට්‍රෝනයක	ilektronayaka:3
ඉලෙක්ට්‍රෝනයක්	ilektronayak:3
ඉලෙක්ට්‍රෝනවල	ilektronavala:3
ඉලෙක්ට්‍රෝනික	ilektronika:3
ඉව	iva:3
ඉවක්	ivak:3
ඉවත	ivatha:3
ඉවතට	iwathata:4	ivathata:3
ඉවතලන	ivathalana:3
ඉවත්	iwath:19	ivath:3
ඉවත්කර	ivathkara:3
ඉවත්කළ	ivathkala:3
ඉවත්කිරීම	ivathkirima:3
ඉවත්කිරීමේ	ivathkirime:3
ඉවත්ව	ivathva:3
ඉවත්වන	ivathvana:3
ඉවත්වී	ivathvi:3
ඉවත්වීම	ivathvima:3
ඉවත්වීමට	ivathvimata:3
ඉවර	ivara:3
ඉවසා	ivasa:3
ඉවසිය	ivasiya:3
ඉවසීම	ivasima:3
ඉවසීමෙන්	ivasimen:3
ඉවහල්	ivahal:3
ඉවහල්වන	ivahalvana:3
ඉවාන්	ivan:3
ඉවුම්	ivum:3
ඉවුර	iwura:2	ivura:3
ඉවුරු	ivuru:3
ඉවුරෙහි	ivurehi:3
ඉවුරේ	ivure:3
ඉෂ්ට	ishta:2	ista:1
ඉෂාක්	ishak:3
ඉෂානි	ishani:3
ඉෂිතා	ishitha:2	isitha:1
ඉස	isa:3
ඉසබෙල්	isabel:3
ඉසබෙලා	isabela:3
ඉසව්	isav:2	isaw:1
ඉසව්ව	isavva:2	isawwa:1
ඉසව්වකි	isavvaki:2	isawwaki:1
ඉසව්වේ	isavve:2	isawwe:1
ඉස්කුරුප්පු	iskuruppu:3
ඉස්කෝලේ	iskole:3
ඉස්මතු	ismathu:2	ismatu:1
ඉස්මායිල්	ismayil:2	ismail:1
ඉස්ලාමය	islamaya:3
ඉස්ලාමයට	islamayata:3
ඉස්ලාමයේ	islamaye:3
ඉස්ලාම්	islam:3
ඉස්ලාම්හි	islamhi:3
ඉස්ලාමාබාද්	islamabad:3
ඉස්ලාමික	islamika:3
ඉස්ලාමික්	islamic:3
ඉස්ලාමීය	islamiya:2	islameeya:1
ඉස්සන්	issan:3
ඉස්සර	issara:3
ඉස්සරහ	issaraha:3
ඉස්සරහට	issarahata:3
ඉස්සා	issa:3
ඉස්සෝ	isso:3
ඉසිනු	isinu:3
ඉසිපතන	isipathana:2	isipatana:1
ඉසිපතනය	isipathanaya:2	isipatanaya:1
ඉසිපතනාරාමය	isipathanaramaya:2	isipatanaramaya:1
ඉසිලීම	isilima:2	isileema:1
ඉසිලීය	isiliya:2	isileeya:1
ඉසිලූ	isilu:3
ඉසිවරයා	isivaraya:2	isiwaraya:1
ඉසීම	isima:2	iseema:1
ඉසීමෙන්	isimen:2	iseemen:1
ඉසුරින්	isurin:3
ඉසුරු	isuru:3
ඉසුරුමත්	isurumath:3
ඉසුරුමුණි	isurumuni:3
ඉසුරුමුණිය	isurumuniya:3
ඉසුරුමුණියේ	isurumuniye:3
ඉහත	ihatha:3
ඉහතදී	ihathadi:2	ihathadee:1
ඉහතින්	ihathin:3
ඉහල	ihala:3
ඉහලට	ihalata:3
ඉහලම	ihalama:3
ඉහලින්	ihalin:3
ඉහලින්ම	ihalinma:3
ඉහළ	ihala:3
ඉහළට	ihalata:3
ඉහළම	ihalama:3
ඉහළය	ihalaya:3
ඉහළයයි	ihalayayi:2	ihalayai:1
ඉහළයාම	ihalayama:3
ඉහළයි	ihalayi:2	ihalai:1
ඉහළින්	ihalin:3
ඉහළින්ම	ihalinma:3
ඉහ්රාම්	ihram:3
ඉළ	ila:3
ඊ	i:2	e:1
ඊගල්	eagle:2	egal:1
ඊගෝ	ego:2	igo:1
ඊජිප්තියානු	egypthiyanu:1	ijipthiyanu:1	ijiptiyanu:1
ඊජිප්තියානුවෝ	ijipthiyanuvo:2	egypthiyanuwo:1
ඊජිප්තු	egyptu:3	ijipthu:2	egypthu:1
ඊජිප්තුව	ijipthuva:2	egypthuwa:1
ඊජිප්තුවට	ijipthuvata:2	egypthuwata:1
ඊජිප්තුවෙන්	ijipthuven:2	egypthuwen:1
ඊජිප්තුවෙහි	ijipthuvehi:2	egypthuwehi:1
ඊජිප්තුවේ	ijipthuve:2	egypthuwe:1
ඊජීප්තුවේ	ijipthuve:2	egypthuwe:1
ඊට	ita:2	eta:1
ඊටත්	etath:1	itat:1	itath:1
ඊටද	itada:2	etada:1
ඊටම	itama:2	etama:1
ඊඩ්න්	idn:2	eden:1
ඊඩිපස්	eedpas:2	idipas:2	edipas:1
ඊතල	ethala:1	itala:1	ithala:1
ඊතලය	ethalaya:1	italaya:1	ithalaya:1
ඊනියා	iniya:2	eniya:1
ඊම්	im:2	eam:1	em:1
ඊමාන්	iman:3	eman:1
ඊයම්	iyam:2	eyam:1
ඊයේ	iye:3	eye:1
ඊර්ෂ්‍යා	irshaya:1	irshya:1	irsya:1
ඊර්ෂ්‍යාව	irshayawa:1	irshyava:1	irsyava:1
ඊර්ෂ්‍යාවට	irshiyawata:1	irshyavata:1	irsyavata:1
ඊලඟ	ilanga:2	ilaga:1
ඊලඟට	ilangata:2	ilagata:1
ඊලාම්	ilam:3	elaam:1
ඊවා	iva:3	eva:1
ඊශ්වර	ishvara:1	ishwar:1	ishwara:1
ඊශ්‍රායල	ishrayala:1	israela:1	israyala:1
ඊශ්‍රායලය	ishrayalaya:1	israelayata:1	israyalaya:1
ඊශ්‍රායලයට	ishrayalayata:1	israelayata:1	israyalayata:1
ඊශ්‍රායලයේ	ishrayalaye:1	israelaye:1	israyalaye:1
ඊශ්‍රායල්	israel:2	ishrayal:1
ඊශ්‍රායෙල	ishrayela:1	israela:1	israyela:1
ඊශ්‍රායෙලය	israyelaya:2	ishrayelaya:1
ඊශ්‍රායෙලයේ	ishrayelaye:1	israelaye:1	israyelaye:1
ඊශ්‍රායෙල්	israel:2	ishayel:1
ඊශානදිග	isanadiga:2	ishanadiga:1
ඊෂා	isha:3
ඊස්ටන්	eastern:2	istan:1
ඊස්ට්‍රජන්	istrajan:2	estrogen:1
ඊසා	isa:3
ඊසාන	isana:3
ඊසානදිග	isanadiga:3
ඊළග	ilaga:3
ඊළඟ	ilanga:3
ඊළඟට	ilangata:3
ඊළාම්	eelam:8	ilam:2
උකස්	ukas:3
උකහා	ukaha:3
උකහාගත්	ukahagath:3
උක්	uk:3
උක්ත	uktha:3
උකුල	ukula:3
උකුලේ	ukule:3
උකුවෙල	ukuvela:2	ukuwela:1
උකුස්සන්	ukussan:3
උකුස්සා	ukussa:3
උකුසු	ukusu:3
උකුළ	ukula:3
උකුළු	ukulu:3
උගත්	ugath:3
උගත්තේ	ugaththe:3
උගත්තේය	ugaththeya:3
උගතුන්	ugathun:3
උගතුන්ගේ	ugathunge:3
උගන්ඩා	uganda:3
උගන්නා	uganna:3
උගන්වන	uganvana:3
උගන්වන්නට	uganvannata:3
උගන්වනු	uganvanu:3
උගන්වයි	uganvayi:3
උගනී	ugani:3
උගහට	ugahata:2	uagahata:1
උගහටය	ugahataya:3
උග්‍ර	ugra:3
උගුඩුවා	uguduva:2	uguduwa:1
උගුර	ugura:3
උගුරු	uguru:3
උගුරේ	ugure:3
උගුල	ugula:3
උගුලකට	ugulakata:2	ugilakata:1
උගුලක්	ugulak:3
උගුල්	ugul:3
උගුල්ලා	ugulla:3
උගෙන	ugena:3
උගෙන්	ugen:3
උගේ	uge:3
උච්ච	uchcha:3
උච්චතම	uchchatama:1	uchchathama:1	uchchthama:1
උච්චස්ථානයට	uchchastanayata:1	uchchasthanayata:1	uchchsthanayata:1
උච්චාරණ	uchcharana:3
උච්චාරණය	uchcharanaya:3
උච්චාරණයට	uchcharanayata:3
උච්ඡ	uchcha:3
උච්ඡස්ථානයට	uchchasthanayata:2	uchchastanayata:1
උච්ඡාරණය	uchcharanaya:3
උචිත	uchitha:3
උචිතය	uchithaya:3
උට්ඨාන	utthana:2	uttahna:1
උඩ	uda:3
උඩගම	udagama:3
උඩට	udata:3
උඩරට	udarata:3
උඩවලව	udavalava:2	udawalawa:2
උඩහ	udaha:3
උඩින්	udin:3
උඩින්ම	udinma:3
උඩු	udu:3
උඩුකය	udukaya:3
උඩුගං	udugang:2	udugan:1	udugung:1
උඩුගත	udugatha:3
උඩුගම	udugama:3
උඩුගම්පල	udugampala:3
උඩුගම්පොල	udugampola:3
උඩුනුවර	udunuvara:2	udunuwara:2
උඩුපිල	udupila:3
උඩුයටිකුරු	uduyatikuru:2	uduyathikuru:1
උඩුවිල්	uduvil:2	uduwil:1
උණ	una:3
උණවටුන	unawatuna:2	unavatuna:1
උණසන්නිපාතය	unasannipathaya:2	unasannipataya:1
උණ්ඩ	unda:3
උණ්ඩුකපුච්ඡ	undukapuchcha:2	undukapuccha:1
උණ්ඩුකපුච්ඡය	undukapuchchaya:2	undukapucchaya:1
උණු	unu:3
උණුදිය	unudiya:3
උණුසුම	unusuma:3
උණුසුමක්	unusumak:3
උණුසුම්	unusum:3
උණුසුමෙන්	unusumen:3
උණෙන්	unen:3
උණේ	une:3
උතන්ක	uthanka:3
උත්කර්ෂවත්	uthkarshavath:2	uthkarsavath:1
උත්කෘෂ්ට	uthkrshta:1	uthkrsta:1	utkrsta:1
උත්තම	uththama:3
උත්තමයන්	uththamayan:3
උත්තමයා	uththamaya:2	uttamaya:1
උත්තර	uththara:3
උත්තරා	uththara:3
උත්තරාකන්ඩ්	uththarakand:1	uttarakand:1	uttarakhand:1
උත්තරාර්ධ	uththarardha:2	uttarardha:1
උත්තරීතර	uththarithara:2	uttaritara:1
උත්තරීතරභාවය	uththaritarabhavaya:1	uththaritharabhavaya:1	uttaritarabhavaya:1
උත්තරීතරම	uththaritharama:2	uttaritarama:1
උත්තල	uththala:3
උත්තිය	uththiya:3
උත්තුංග	uththumga:2	uththunga:1
උත්තේජ	uththeja:2	utteja:1
උත්තේජක	uththejaka:2	uttejaka:1
උත්තේජකයක්	uththejakayak:2	uttejakayak:1
උත්තේජන	uththejana:2	uttejana:1
උත්තේජනය	utthejanaya:3	uththejanaya:2	uttejanaya:1
උත්තේජනයක්	uththejanayak:2	uttejanayak:1
උත්තේජිත	uththejitha:2	uttejita:1
උත්පත්ති	uthpaththi:3
උත්පත්තිය	uthpaththiya:3
උත්පත්තියට	uthpaththiyata:3
උත්පලවන්නා	uthpalavanna:2	utpalavanna:1
උත්ප්ලාවකතාව	uthplavakathava:2	utplavakatava:1
උත්ප්‍රේරක	uthpreraka:2	utpreraka:1
උත්ප්‍රේරකයක්	uthprerakayak:2	utprerakayak:1
උත්පාද	uthpada:2	utpada:1
උත්පාදක	uthpadaka:2	utpadaka:1
උත්පාදන	uthpadana:2	utpadana:1
උත්පාදනය	uthpadanaya:2	utpadanaya:1
උත්සන්න	uthsanna:2	utsanna:1
උත්සව	uthsawa:6	uthsava:2	utsava:1
උත්සවය	uthsawaya:2	uthsavaya:3
උත්සවයකදී	uthsavayakadi:2	utsavayakadi:1
උත්සවයක්	uthsavayak:3
උත්සවයකි	uthsavayaki:2	utsavayaki:1
උත්සවයකින්	uthsavayakin:2	utsavayakin:1
උත්සවයට	uthsavayata:2	utsavayata:1
උත්සවයෙන්	uthsavayen:2	utsavayen:1
උත්සවයේ	uthsavaye:2	utsavaye:1
උත්සවවල	uthsavavala:2	utsavavala:1
උත්සවාකාරයෙන්	uthsavakarayen:2	utsavakarayen:1
උත්සහ	uthsaha:3
උත්සහය	uthsahaya:3
උත්ස්වේදනය	uthsvedanaya:3
උත්සාහ	uthsaha:3
උත්සාහය	uthsahaya:3
උත්සාහයක	uthsahayaka:3
උත්සාහයක්	uthsahayak:3
උත්සාහයන්	uthsahayan:3
උත්සාහයෙන්	uthsahayen:3
උත්සාහයේ	uthsahaye:3
උත්සුක	uthsuka:3
උතු	uthu:3
උතුමන්ගේ	uthumange:3
උතුම්	uthum:3
උතුමා	uthuma:3
උතුමාණන්	uthumanan:3
උතුමාණෙනි	uthumaneni:3
උතුමාණෝ	uthumano:3
උතුමෝ	uthumo:3
උතුර	uthura:3
උතුරට	uthurata:3
උතුරත්	uthurath:3
උතුරා	uthura:3
උතුරින්	uthurin:3
උතුරු	uthuru:3
උතුරුදිග	uthurudiga:3
උතුරෙන්	uthuren:3
උතුරෙහි	uthurehi:3
උතුරේ	uthure:2	uture:1
උද	uda:3
උදක්	udak:3
උදපාදි	udapadi:3
උදම්	udam:3
උදය	udaya:3
උදයංග	udayanga:2	udayamga:1
උදයකුමාර	udayakumara:3
උදයේ	udaye:3
උදර	udara:3
උදරය	udaraya:3
උදරයේ	udaraye:3
උදව්	udau:2	udav:2	udawu:1
උදව්කරු	udavkaru:2	udawukaru:1
උදව්වක්	udavvak:2	udawuwak:1
උදව්වෙන්	udavven:2	udawuwen:1
උදවියට	udaviyata:2	udawiyata:1
උදවු	udaw:2	udavu:3
උදහස්	udahas:3
උද්ගත	udgatha:3
උද්ගතවන	udgathavana:2	udgathawana:1
උද්ඝෝෂණ	udghosana:2	udgoshana:1
උද්ඝෝෂණයක්	udghosanayak:2	udgoshanayak:1
උද්දීපන	uddipana:2	uddheepana:1
උද්දීපනය	uddipanaya:2	uddheepanaya:1
උද්ධමන	uddhamana:3
උද්ධමනය	uddhamanaya:3
උද්ධමනයක්	uddhamanayak:3
උද්භිත	udbhitha:2	udbitha:1
උද්භිද	udbhida:2	udbida:1
උද්යෝගය	udyogaya:3
උද්යෝගිමත්	udyogimath:3
උද්වේගකර	udvegakara:2	udwegakara:1
උද්වේගය	udvegaya:2	udwegaya:1
උද්‍යාන	udyana:3
උද්‍යානකරණය	udyanakaranaya:3
උද්‍යානය	udyanaya:3
උද්‍යානයක්	udyanayak:3
උද්‍යානයකි	udyanayaki:3
උද්‍යානයට	udyanayata:3
උද්‍යානයෙන්	udyanayen:3
උද්‍යානයෙහි	udyanayehi:3
උද්‍යානයේ	udyanaye:3
උද්‍යානවල	udyanavala:2	udyanawala:1
උද්‍යෝගය	udyogaya:3
උද්‍යෝගිමත්	udyogimath:3
උදා	uda:3
උදාකර	udakara:3
උදාන	udana:2	udaana:1
උදානය	udanaya:2	udaanaya:1
උදාර	udara:2	udaara:1
උදාරතර	udarathara:2	udaaratara:1
උදාරත්වය	udarathvaya:2	udaaratvaya:1
උදාරි	udari:2	udaari:1
උදාව	udava:2	udaava:1
උදාවක්	udavak:2	udaavak:1
උදාවත්	udavath:2	udaavat:1
උදාවන	udavana:2	udaavana:1
උදාවන්නේ	udavanne:2	udaavanne:1
උදාවිය	udaviya:2	udaaviya:1
උදාවීම	udavima:2	udaaveema:1
උදාවෙයි	udaveyi:2	udaavei:1
උදාවේ	udave:2	udaave:1
උදාසීන	udaseena:2	udasina:2	udaaseena:1
උදාසීනව	udasinava:2	udaaseenawa:1
උදාහරණ	udaharana:2	udaaharana:1
උදාහරණය	udaharanaya:2	udaaharanaya:1
උදාහරණයකට	udaharanayakata:2	udaaharanayakata:1
උදාහරණයක්	udaharanayak:2	udaaharanayak:1
උදාහරණයකි	udaharanayaki:2	udaaharanayaki:1
උදාහරණයකින්	udaharanayakin:2	udaaharanayakin:1
උදාහරණයන්ය	udaharanayanya:2	udaaharanayanya:1
උදාහරණයෙන්	udaharanayen:2	udaaharanayen:1
උදාහරන	udaharana:2	udaaharana:1
උදාහරනයක්	udaharanayak:2	udaaharanayak:1
උදු	udu:3
උදුනේ	udune:3
උදුරා	udura:2	uduraa:1
උදෘත	udrtha:1	udruta:1	udrutha:1
උදෙසා	udesa:2	udesaa:1
උදෙසාද	udesada:2	udesaada:1
උදෙසාම	udesama:2	udesaama:1
උදෙසාය	udesaya:2	udesaaya:1
උදේ	ude:3
උදේනි	udeni:3
උන	una:3
උනත්	unath:2	unat:1
උනන්දු	unandu:3
උනන්දුව	unanduwa:2	unanduva:2
උනන්දුවක්	unanduvak:3
උනන්දුවෙන්	unanduven:3
උන්	un:3
උන්ගේ	unge:3
උන්නත	unnatha:2	unnata:1
උන්නත්	unnath:2	unnat:1
උන්නතාංශ	unnataansha:1	unnatamsa:1	unnathamsa:1
උන්නතාංශය	unnataanshaya:1	unnatamsaya:1	unnathamsaya:1
උන්නතිය	unnathiya:2	unnatiya:1
උන්මත්තකයෙකු	unmaththakayeku:2	unmattakayeku:1
උන්මාද	unmada:2	unmaada:1
උන්ව	unva:3
උන්වහන්සේ	unwahanse:8	unvahanse:2
උන්වහන්සේගේ	unvahansege:2	unwahansege:1
උන්වහන්සේට	unvahanseta:2	unwahanseta:1
උන්වහන්සේලා	unvahansela:2	unwahanselaa:1
උන්වහන්සේලාගේ	unvahanselage:2	unwahanselaage:1
උනා	una:2	unaa:1
උනේ	une:3
උනොත්	unoth:2	unot:1
උඳු	undu:3
උඳුන	unduna:2	uduna:1
උඳුපියලිය	undupiyaliya:3
උප	upa:3
උපකරණ	upakarana:3
උපකරණය	upakaranaya:3
උපකරණයක්	upakaranayak:3
උපකරණයකි	upakaranayaki:3
උපකරණයකින්	upakaranayakin:3
උපකරණයට	upakaranayata:3
උපකරණයයි	upakaranayayi:3	upakaranayaai:1
උපකරණයේ	upakaranaye:3
උපකරණවල	upakaranavala:2	upakaranawala:1
උපකරන	upakarana:3
උපකල්පන	upakalpana:3
උපකල්පනය	upakalpanaya:3
උපකල්පනයට	upakalpanayata:3
උපකල්පනයන්	upakalpanayan:3
උපකල්පිත	upakalpitha:2	upakalpita:1
උපක්‍රම	upakrama:3
උපක්‍රමය	upakramaya:3
උපක්‍රමයක්	upakramayak:3
උපක්‍රමයකි	upakramayaki:2	upakraamayaki:1
උපක්‍රමයකින්	upakramayakin:3
උපක්‍රමශීලී	upakramasili:2	upakramasheelee:1
උපක්‍රමශීලීව	upakramasiliva:2	upakramasheeleewa:1
උපක්‍රමික	upakramika:3
උපකාර	upakara:2	upakaara:1
උපකාරක	upakaraka:2	upakaaraka:1
උපකාරය	upakaraya:2	upakaaraya:1
උපකාරයක්	upakarayak:2	upakaarayak:1
උපකාරයෙන්	upakarayen:2	upakaarayen:1
උපකාරවන	upakaravana:2	upakaaravana:1
උපකාරි	upakari:2	upakaari:1
උපකාරී	upakari:2	upakaaree:1
උපකාරීවේ	upakarive:2	upakaareeve:1
උපකුලපති	upakulapathi:2	upakulapati:1
උපග්‍රහයා	upagrahaya:2	upagrahyaa:1
උපත	upatha:2	upata:1
උපතක්	upathak:2	upatak:1
උපත්	upath:2	upat:1
උපතින්	upathin:2	upatin:1
උපතින්ම	upathinma:2	upatinma:1
උපතිස්ස	upathissa:2	upatissa:1
උපතෙහි	upathehi:2	upatehi:1
උපතේ	upathe:2	upate:2
උපතේදී	upatedee:1	upatedi:1	upathedi:1
උපදංශය	upadanshaya:2	upadamsaya:1
උපදනා	upadana:2	upadanaa:1
උපදවන	upadavana:3
උපදවන්නේ	upadavanne:2	upadawanne:1
උපදවා	upadava:2	upadawaa:1
උපද්දවා	upaddava:2	upaddavaa:1
උපද්‍රව	upadrava:3
උපද්‍රවයක්	upadravayak:2	upadrawayak:1
උපදින	upadina:3
උපදින්නේ	upadinne:3
උපදින්නේය	upadinneya:3
උපදිනු	upadinu:3
උපදී	upadi:2	upadee:1
උපදෙස	upadesa:3
උපදෙසක්	upadesak:3
උපදෙස්	upades:3
උපදේශ	upadesa:2	upadesha:1
උපදේශක	upadeshaka:2	upadesaka:1
උපදේශකයකු	upadesakayaku:2	upadeshakayaku:1
උපදේශකයන්	upadesakayan:2	upadeshakayan:1
උපදේශකයා	upadesakaya:2	upadeshakayaa:1
උපදේශකයෙකු	upadesakayeku:2	upadeshakayeku:1
උපදේශකවරයා	upadesakavaraya:3
උපදේශන	upadesana:2	upadeshana:1
උපදේශනය	upadesanaya:2	upadeshanaya:1
උපදේශනයේ	upadesanaye:3
උපදේශයකින්	upadesayakin:3
උපදේශාත්මක	upadesathmaka:2	upadesatmaka:1
උපනගරය	upanagaraya:3
උපනත්	upanath:3
උපනන්ද	upananda:3
උපන්	upan:3
උපන්දින	upandina:3
උපන්දිනය	upandinaya:3
උපන්නා	upanna:3
උපන්නෙකි	upanneki:3
උපන්නේ	upanne:3
උපන්නේය	upanneya:3
උපන්නොත්	upannoth:3
උපන්නෝ	upanno:3
උපන්‍යාස	upanyasa:3
උපනිවර්තන	upanivarthana:3
උපනුපන්	upanupan:3
උපභාෂා	upabhasa:2	upabhasha:1
උපමා	upama:3
උපමාන	upamana:3
උපමානය	upamanaya:3
උපමාව	upamava:3
උපමාවක්	upamavak:3
උපයන	upayana:3
උපයනවා	upayanava:3
උපයන්නා	upayanna:3
උපයනු	upayanu:3
උපයා	upaya:3
උපයාගෙන	upayagena:3
උපයෝගි	upayogi:3
උපයෝගිතා	upayogitha:2	upayogita:1
උපයෝගී	upayogi:3
උපයෝගීතාව	upayogithava:2	upayogitava:1
උපයෝගීතාවය	upayogithavaya:2	upayogitavaya:1
උපයෝජනය	upayojanaya:3
උපරි	upari:3
උපරිම	uparima:3
උපරිමයක්	uparimayak:3
උපරිමයට	uparimayata:3
උපරිමයෙන්	uparimayen:3
උපවත්තන	upavaththana:3
උපවාස	upavasa:3
උපවාසය	upavasaya:3
උපවිශේෂය	upavisesaya:2	upaviseshaya:1
උපසභාපති	upasabhapathi:2	upasabhapati:1
උපසම්පදා	upasampada:3
උපසම්පදාව	upasampadava:3
උපසර්ග	upasarga:3
උපසර්ගය	upasargaya:3
උපස්ථ	upastha:3
උපස්ථාන	upasthana:3
උපස්ථායක	upasthayaka:3
උපසේන	upasena:3
උපහාර	upahara:3
උපහාසයට	upahasayata:3
උපහාසාත්මක	upahasathmaka:2	upahasatmaka:1
උප්පත්ති	uppaththi:3
උප්පත්තිය	uppaththiya:3
උප්පලවන්නා	uppalavanna:3
උපාංග	upanga:2	upamga:3
උපාංගය	upangaya:2	upamgaya:3
උපාංගයක	upamgayaka:3
උපාංගයකට	upamgayakata:3
උපාංගයක්	upamgayak:3
උපාංගයකි	upamgayaki:3
උපාංගවල	upamgavala:3
උපාංගවලට	upamgavalata:3
උපාදානය	upadanaya:3
උපාදාය	upadaya:3
උපාධි	upadhi:3
උපාධිධාරියෙකු	upadhidhariyeku:3
උපාධිධාරීන්	upadhidharin:2	upaadhidhaareen:1
උපාධිධාරීන්ගේ	upadhidharinge:2	upaadhidhaareenge:1
උපාධිය	upadiya:2	upadhiya:2	upaadhiya:1
උපාධියක්	upadhiyak:2	upaadhiyak:1
උපාධියත්	upadhiyath:2	upaadhiyath:1
උපාධියෙන්	upadhiyen:2	upaadhiyen:1
උපාධීන්	upadhin:2	upaadheen:1
උපාය	upaya:2	upaaya:1
උපායක්	upayak:2	upaayak:1
උපායකින්	upayakin:2	upaayakin:1
උපායන්	upayan:2	upaayan:1
උපායමාර්ග	upayamarga:2	upaayamaarga:1
උපායයන්	upayayan:2	upaayayan:1
උපායශීලි	upayasili:2	upaayasheeli:1
උපායශීලී	upayasili:2	upaayasheelee:1
උපායාස	upayasa:2	upaayaasa:1
උපායික	upayika:2	upaayika:1
උපාලි	upali:3
උපාසක	upasaka:2	upaasaka:1
උපාසකයා	upasakaya:2	upaasakayaa:1
උපුටා	uputa:2	uputaa:1
උපුටාගත්	uputagath:2	uputaagath:1
උපුටාගන්නා	uputaganna:2	uputaagannaa:1
උපුල්	upul:3
උපුල්වන්	upulwan:2	upulvan:1
උපේක්ෂා	upeksha:3
උපේක්ෂාව	upeksava:1	upekshava:1	upekshawa:1
උබුන්ටු	ubuntu:3
උභතෝකෝටික	ubhathokotika:3
උභය	ubhaya:3
උභයජීවී	ubhayajivi:2	ubhayajeewee:1
උභයජීවීන්	ubhayajivin:2	ubhayajeeween:1
උභයාර්ථ	ubhayartha:2	ubhayaartah:1
උමං	umam:2	uman:1
උමග	umaga:3
උමගක්	umagak:3
උමතු	umathu:3
උමර්	umar:3
උම්බලකඩ	umbalakada:3
උම්රා	umra:3
උමා	uma:3
උඹ	umba:3
උයන	uyana:3
උයනක්	uyanak:3
උයනකි	uyanaki:3
උයනට	uyanata:3
උයන්	uyan:3
උයනේ	uyane:3
උර	ura:3
උරග	uraga:3
උරගයන්	uragayan:3
උරගයින්	uragayin:3
උරච්චි	urachchi:3
උරදුන්	uradun:2	uradhun:1
උරන	urana:3
උරස්	uras:3
උරහිස	urahisa:3
උරහිසට	urahisata:3
උරහිස්	urahis:3
උර්දු	urdu:2	urdhu:1
උරා	ura:3
උරාගන්නා	uraganna:3
උරුම	uruma:3
උරුමකම්	urumakam:3
උරුමකරු	urumakaru:3
උරුමය	urumaya:3
උරුමයක්	urumayak:3
උරුමයකි	urumayaki:3
උරුමයන්	urumayan:3
උරුමයේ	urumaye:3
උරුමව	urumava:2	urumawa:1
උරේෂා	uresha:3
උල්	ul:3
උල්කා	ulka:3
උල්කාපාත	ulkapata:2	ulkapatha:1
උල්කාව	ulkava:3
උල්පත	ulpatha:2	ulpata:1
උල්පතක්	ulpathak:2	ulpatak:1
උල්පත්	ulpath:2	ulpat:1
උල්ලංගනය	ullamganaya:3
උල්ලංඝණය	ullamghanaya:3
උල්ලංඝන	ullamghana:3
උල්ලංඝනය	ullamghanaya:3
උල්ලංඝනයන්	ullamghanayan:3
උල්ලූදුපිටියේ	ulludupitiye:3
උලෙල	ulela:3
උවත්	uwath:2	uvath:2
උවද	uwada:2	uvada:2
උවදුර	uvadura:2	uwadura:1
උවදුරු	uwaduru:3	uvaduru:2
උවදුරුවලින්	uvaduruvalin:2	uwaduruwalin:1
උවමනා	uvamana:2	uwamana:1
උවමනාව	uvamanava:1	uwamanaawa:1	uwamanawa:1
උවමනාවන්	uvamanavan:1	uwamanaawan:1	uwamanawan:1
උවම්	uwam:2	uvam:1
උෂ්ණ	ushna:2	usna:1
උෂ්ණත්ව	ushnathwa:2	usnathva:1
උෂ්ණත්වය	ushnathwaya:2	usnathvaya:1
උෂ්ණත්වයක	ushnathwayaka:2	usnathvayaka:1
උෂ්ණත්වයකදී	ushnathwayakadee:2	usnathvayakadi:1
උෂ්ණත්වයක්	ushnathwayak:2	usnathvayak:1
උෂ්ණත්වයකින්	ushnathwayakin:2	usnathvayakin:1
උෂ්ණත්වයට	ushnathwayata:2	usnathvayata:1
උෂ්ණත්වයන්	ushnathwayan:2	usnathvayan:1
උෂ්ණත්වයයි	ushnathwayai:1	ushnathwayayi:1	usnathvayayi:1
උෂ්ණත්වයෙන්	ushnathwayen:2	usnathvayen:1
උෂ්ණත්වයේ	ushnathwaye:2	usnathvaye:1
උෂ්ණත්වයේදී	ushnathwayedee:2	usnathvayedi:1
උෂ්ණාධික	ushnaadhika:1	ushnadhika:1	usnadhika:1
උෂ්නත්වය	ushnathwaya:2	usnathvaya:1
උෂාන්	ushan:2	usan:1
උස	usa:3
උසක්	usak:3
උසකින්	usakin:3
උසට	usata:3
උසම	usama:3
උසය	usaya:3
උසස්	usas:3
උසස්තම	usasthama:3
උසස්පෙළ	usaspela:3
උසස්ම	usasma:3
උසස්වීම්	usasvim:3
උස්	us:3
උස්තාද්	ustad:2	usthad:1
උස්පහත්	uspahath:3
උස්බිම්	usbim:3
උස්ම	usma:3
උස්මාන්	usman:3
උස්ව	usva:3
උස්වූ	usvu:3
උස්සන්ගොඩ	ussangoda:3
උසාවි	usavi:3
උසාවිය	usaviya:3
උසින්	usin:3
උසුලන	usulana:3
උසුලන්නේ	usulanne:3
උසුලයි	usulayi:3
උසුලා	usula:3
උසෙහි	usehi:3
උහන	uhana:3
උළු	ulu:3
උළුවස්ස	uluvassa:3
උළුවස්සක්	uluvassak:3
උළුවස්සේ	uluvasse:3
උළුවහු	uluwahu:2	uluvahu:3
උළුහාල්	uluhal:3
උළෙල	ulela:3
උළෙලක	ulelaka:3
උළෙලක්	ulelak:3
උළෙලට	ulelata:3
උළෙලදී	uleladi:2	uleladee:1
උළෙලයි	ulelayi:2	ulelai:1
උළෙලවල්	ulelaval:2	ulelawal:1
උළෙලේ	ulele:3
උළෙලේදී	uleledi:2	uleledee:1
ඌ	u:3
ඌණ	una:3
ඌණතාවය	unatavaya:1	unathavaya:1	unathawaya:1
ඌණනය	unanaya:3
ඌන	una:3
ඌනතා	unatha:2	unata:1
ඌනතාවය	unatavaya:1	unathavaya:1	unathawaya:1
ඌනෝ	uno:3
ඌරන්	uran:3
ඌර්ණ	urna:3
ඌරා	ura:3
ඌරු	uru:3
ඌරුව	uruva:2	uruwa:1
ඌව	uva:2	uwa:1
ඌවපරණගම	uvaparanagama:4	uwaparanagama:2
ඍජු	riju:2	irju:1	rju:1	ruju:1
ඍජුකෝණී	irjukonee:1	rjukoni:1	rujukonee:1	srujukonee:1
ඍජුව	irjuwa:1	rjuva:1	srujuwa:1
ඍජුවම	rijuwama:2	irjuwama:1	rjuvama:1	srujuwama:1
ඍණ	rina:2	irna:1	rna:1
ඍණාත්මක	rinathmaka:2	irnaathmaka:1	rnathmaka:1
ඍතු	irthu:2	rthu:1
ඍතුමය	irthumaya:1	rithumaya:1	rtumaya:1
ඍතුව	irthuwa:1	rithuwa:1	rthuva:1
ඍතුවේ	irthuwe:1	rithuwe:1	rthuve:1
එ	a:1	e:1	ea:1
එංගලන්ත	engalantha:2	emgalanta:1
එංගලන්තය	engalanthaya:2	emgalanthaya:1
එංගලන්තයට	engalanthayata:2	emgalantayata:1
එංගලන්තයෙහි	engalanthayehi:2	emgalanthayehi:1
එංගලන්තයේ	engalanthaye:2	emgalanthaye:1
එංගලන්තයේදී	engalanthayedee:2	emgalanthayedi:1
එක	eka:3
එකක	ekaka:3
එකකට	ekakata:3
එකකටම	ekakatama:3
එකකය	ekakaya:3
එකකවත්	ekakawath:2	ekakavath:1
එකක්	ekak:3
එකක්ම	ekakma:3
එකක්වත්	ekakwath:2	ekakvath:1
එකකි	ekaki:3
එකකින්	ekakin:3
එකකුත්	ekakuth:3
එකග	ekaga:3
එකගතාවයක්	ekagathaawayak:1	ekagathavayak:1	ekagathawayak:1
එකගෙයි	ekageyi:2	ekagei:1
එකඟ	ekanga:2	ekagha:1
එකඟත්වයකට	ekangathvayakata:2	ekaghathwayakata:1
එකඟත්වයට	ekangathvayata:2	ekaghathwayata:1
එකඟතාව	ekangathava:2	ekaghathaawa:1
එකඟතාවක්	ekangathavak:2	ekaghathaawak:1
එකඟතාවය	ekangathawaya:2	ekangathavaya:2	ekaghathaawaya:1
එකඟතාවයකට	ekangathavayakata:2	ekaghathaawayakata:1
එකඟතාවයකි	ekangathavayaki:2	ekaghathaawayaki:1
එකඟතාවයන්	ekangathavayan:2	ekaghathaawayan:1
එකඟවන	ekangavana:2	ekaghawana:1
එකඟවූ	ekangavu:2	ekaghawoo:1
එකට	ekata:3
එකත්	ekath:3
එකතු	ekathu:2	ekatu:1
එකතුකර	ekathukara:2	ekatukara:1
එකතුකොට	ekathukota:2	ekatukota:1
එකතුව	ekathuwa:3	ekathuva:2	ekatuva:1
එකතුවක්	ekathuvak:3
එකතුවකි	ekathuwaki:2	ekathuvaki:2	ekatuvaki:1
එකතුවකින්	ekathuvakin:3
එකතුවට	ekathuvata:3
එකතුවන	ekathuvana:3
එකතුවයි	ekathuvayi:2	ekatuvayi:1
එකතුවී	ekathuvi:2	ekatuvi:1
එකතුවීම	ekathuvima:2	ekatuvima:1
එකතුවීමට	ekathuvimata:2	ekatuvimata:1
එකතුවෙන්	ekathuven:2	ekatuven:1
එකතුවේ	ekathuve:2	ekatuve:1
එකතූන්	ekathun:2	ekatun:1
එකද	ekada:3
එකදු	ekadu:3
එකම	ekama:3
එකමුතු	ekamuthu:3
එකමුතුකම	ekamuthukama:3
එකමුතුව	ekamuthuva:3
එකමුතුවෙන්	ekamuthuven:3
එකයි	ekayi:3
එකල	ekala:3
එකලස්	ekalas:3
එකල්හි	ekalhi:3
එකලා	ekala:3
එකලු	ekalu:3
එකලෙස	ekalesa:3
එකවර	ekawara:2	ekavara:3
එකවරම	ekavarama:3
එකවිට	ekavita:3
එකසිය	ekasiya:3
එකසේ	ekase:3
එකහමාරකට	ekahamarakata:3
එකහා	ekaha:3
එකහෙලා	ekahela:3
එකළ	ekala:3
එක්	ek:3
එක්ක	ekka:3
එක්කම	ekkama:3
එක්කර	ekkara:3
එක්කරන	ekkarana:3
එක්කළ	ekkala:3
එක්කිරීමෙන්	ekkirimen:3
එක්කොට	ekkota:3
එක්කෝ	ekko:3
එක්තරා	ekthara:2	ektara:1
එක්දින	ekdina:3
එක්රොක්	ekrok:3
එක්ව	ekwa:2	ekva:3
එක්වන	ekvana:3
එක්වන්නට	ekvannata:3
එක්වර	ekvara:2	ekwara:1
එක්වරක්	ekvarak:2	ekwarak:1
එක්වරම	ekvarama:2	ekwarama:1
එක්වී	ekvi:2	ekwee:1
එක්වීම	ekvima:2	ekweema:1
එක්වීමත්	ekvimath:2	ekweemath:1
එක්වීම්	ekvim:2	ekweem:1
එක්වීමෙන්	ekvimen:2	ekweemen:1
එක්වුණු	ekvunu:2	ekwunu:1
එක්වූ	ekvu:2	ekwoo:1
එක්වේ	ekve:2	ekwe:1
එක්සත්	eksath:3
එක්සත්ව	eksathva:3
එක්සේසත්	eksesath:2	eksesat:1
එකා	eka:3
එකි	eki:3
එකින්	ekin:3
එකිනෙක	ekineka:3
එකිනෙකට	ekinekata:3
එකිනෙකා	ekineka:3
එකිනෙකාගේ	ekinekage:3
එකිනෙකාට	ekinekata:3
එකිනෙකින්	ekinekin:3
එකී	ekee:2	eki:3
එකෙකු	ekeku:3
එකෙණෙහි	ekenehi:3
එකෙහි	ekehi:3
එකේ	eke:3
එකොලොස්	ekolos:3
එකොළහ	ekolaha:3
එකොළහකට	ekolahakata:3
එකොළහක්	ekolahak:3
එකොළොස්	ekolos:3
එකොළොස්වන	ekolosvana:2	ekoloswana:1
එගොඩ	egoda:3
එච්චර	echchara:2	eccara:1
එච්ටීඑම්එල්	html:2	ectiemel:1
එජ	eja:3
එජනිස	ejanisa:3
එජාප	ejapa:2	ejaapa:1
එඩ්මන්	edman:1	edmon:1	edmund:1
එඩ්මන්ඩ්	edmand:1	edmond:1	edmund:1
එඩ්වඩ්	edward:2	edwad:1
එඩ්වර්ඩ්	edward:3
එඩ්වින්	edwin:3
එඩි	edi:2	eddie:1
එඩිසන්	edison:3
එඩී	edi:2	eddie:1
එතකොට	ethakota:2	athakota:1
එතරම්	etharam:3
එතරම්ම	etharamma:3
එති	ethi:3
එතිල්	ethil:3
එතී	ethee:2	ethi:1
එතුමගේ	ethumage:3
එතුමන්	ethuman:3
එතුමන්ගේ	ethumange:3
එතුමා	ethuma:2	ethumaa:1
එතුමාගේ	ethumage:2	ethumaage:1
එතුමාට	ethumata:2	ethumaata:1
එතුමාණන්	ethumanan:2	ethumaanan:1
එතුමාව	ethumaawa:1	ethumava:1	ethumawa:1
එතුමිය	ethumiya:3
එතුමියගේ	ethumiyage:3
එතුමෝ	ethumo:3
එතුළින්	ethulin:3
එතෙක්	ethek:3
එතෙන	ethena:3
එතෙර	ethera:3
එදත්	edath:3
එදවස	edavasa:2	edawasa:1
එද්දී	eddi:2	eddhee:1
එදා	eda:3
එදාට	edata:3
එදිජා	edija:3
එදින	edina:3
එදිනට	edinata:3
එදිනදී	edinadi:2	edinadee:1
එදිනම	edinama:3
එදිනෙදා	edineda:3
එදිරිව	ediriwa:2	ediriva:1
එදිරිවාදිකම්	edirivadikam:1	ediriwaadikam:1	ediriwadikam:1
එදිරිවාදී	edirivadi:1	ediriwaadee:1	ediriwadee:1
එදිරිවීර	ediriweera:3
එදිරිසිංහ	edirisimha:1	edirisingha:1	edirisinghe:1	edirisinha:1
එන	ena:3
එනම්	enam:3
එනමින්	enamin:3
එනමුත්	enamuth:3
එනමුදු	enamudu:3
එනයින්	enayin:3
එනවා	enava:2	enawa:1
එන්	n:3	en:1
එන්එච්කේ	nhk:3
එන්ජින්	engine:3
එන්ජිම	engima:2	enjima:1
එන්ජිමක්	engimak:2	enjimak:1
එන්ජිමකි	engimaki:2	enjimaki:1
එන්ජිමකින්	engimakin:2	enjimakin:1
එන්ජිම්	engim:2	engime:1	engym:1
එන්ටර්ටේන්මන්ට්	entertainment:3
එන්ටර්ප්‍රයිසස්	enterprises:3
එන්ට්‍රොපිය	entrophiya:2	entropiya:3
එන්තරවාසියක්	entaravaasiyak:1	entharawaasiyak:1	entharawasiyak:1
එන්තැල්පි	enthalpy:2	entaelpi:1
එන්තැල්පිය	entaelpiya:1	enthaelpiya:1	enthalphiya:1	enthalpiya:1
එන්න	enna:3
එන්නට	ennata:3
එන්නත	ennatha:2	ennata:1
එන්නතක්	ennathak:2	ennatak:1
එන්නත්	ennath:2	ennat:1
එන්නත්කරණය	ennathkaranaya:2	ennatkaranaya:1
එන්නම	ennama:3
එන්නාවූ	ennaavu:1	ennaawoo:1	ennavu:1
එන්නේ	enne:3
එන්නේය	enneya:3
එන්සයිම	ensaaima:1	ensayima:1	ensima:1
එන්සයිමය	ensayimaya:2	ensaaimaya:1
එනා	ena:2	enaa:1
එනිසා	enisa:2	enisaa:1
එනිසාම	enisama:2	enisaama:1
එනු	enu:3
එපමණ	epamana:3
එපමණක්	epamanak:3
එපමණකි	epamanaki:3
එපමණකින්	epamanakin:3
එපරිදි	eparidi:3
එපරිදිම	eparidima:3
එප්පාවල	eppavala:3	eppawala:1
එපා	epa:2	epaa:1
එපිට	epita:3
එපිටින්	epitin:3
එබදු	ebadu:3
එබඳු	ebandu:2	ebadhu:1
එබිකම්	ebikam:3
එම	ema:3
එමගින්	emagin:3
එමඟින්	emagin:3	emangin:2
එමනිසා	emanisa:2	emanisaa:1
එමානුවෙල්	emanuvel:3	emanual:1
එමි	emi:3
එමින්	emin:3
එමිර්	emir:3
එමිල්	emil:3
එමී	emee:1	emi:1	emmy:1
එමීර්	emir:3	emeer:1
එමු	emu:3
එමෙන්	emen:3
එමෙන්ම	emenma:3
එය	eya:3
එයට	eyata:3
එයටද	eyatada:3
එයටම	eyatama:3
එයද	eyada:3
එයම	eyama:3
එයමය	eyamaya:3
එයයි	eyayi:3	eyaai:1
එයා	eya:2	eyaa:1
එයාගේ	eyage:2	eyaage:1
එයාට	eyata:2	eyaata:1
එයාර්	air:2	eyar:1
එයාව	eyava:2	eyaava:1
එයි	eyi:2	ei:1
එයිට්කන්	aitken:1	eitken:1	eyitkan:1
එයින්	eyin:3
එයින්ම	eyinma:3
එරට	erata:3
එරටට	eratata:3
එරටින්	eratin:3
එරටෙහි	eratehi:3
එරටේ	erate:3
එරන්	eran:3
එරබදු	erabadu:3
එරමිණිය	eraminiya:3
එරික්	erik:2	eric:1
එරික්සන්	ericcson:1	eriksan:1	erikson:1
එරිස්	eris:3
එරෙහි	erehi:3
එරෙහිව	erehiwa:19	erehiva:3
එරෙහිවය	erehivaya:3
එලවන	elawana:2	elavana:3
එලවා	elava:2	elavaa:1
එලවුම්	elavum:3
එල්ටීටීඊ	ltte:3	eltitii:1
එල්බ	elba:3
එල්ල	ella:3
එල්ලන	ellana:3
එල්ලවන	ellavana:3
එල්ලවී	ellavi:2	ellavee:1
එල්ලවූ	ellavu:3
එල්ලවේ	ellave:3
එල්ලා	ella:2	ellaa:1
එල්ලී	elli:2	ellee:1
එල්ලීමට	ellimata:2	elleemata:1
එල්ලුම්	ellum:3
එල්ලුම්ගහ	ellumgaha:3
එල්ලුම්ගහට	ellumgahata:3
එල්ලෙන	ellena:3
එල්ලේ	elle:3
එල්ලේම	ellema:3
එල්විස්	elvis:3
එලා	ela:2	elaa:1
එලි	eli:3
එලිය	eliya:3
එලියට	eliyata:3
එලියට්	eliyat:2	eliot:1
එලියා	eliya:3	eliyaa:1
එලිසබෙත්	elisabeth:2	elizabeth:1
එලිස්	elis:3
එලිෆන්ට්	elephant:3
එලෙස	elesa:3
එලෙසම	elesama:3
එලෙසින්	elesin:3
එලෙසින්ම	elesinma:3
එවක	ewaka:5	evaka:3
එවකට	ewakata:7	evakata:3
එවකටත්	evakatat:2	evakatath:1
එවක්	evak:3
එවන	ewana:3	evana:3
එවන්	ewan:3	evan:3
එවන්නේ	evanne:3
එවන්ස්	evans:3
එවනු	evanu:3
එවර	evara:3
එවරස්ට්	everest:3
එවලේම	evalema:3
එවා	eva:2	evaa:1
එවාට	evata:2	evaata:1
එවායින්	evayin:2	evaain:1
එවිට	ewita:14	evita:3
එවිටත්	evitat:2	evitath:1
එවිටම	evitama:3
එවිටය	evitaya:3
එවීමට	evimata:2	eveemata:1
එවීමෙන්	evimen:2	eveemen:1
එවුන්	evun:3
එවූ	evu:3
එසවිය	esaviya:3
එසවීම	esavima:2	esaveema:1
එසවීමට	esavimata:2	esaveemata:1
එසවීමේ	esavime:2	esaveeme:1
එසවේ	esave:3
එස්අයි	si:3	esayi:1
එස්පෙරාන්තො	esperanto:3
එසේ	ese:3
එසේත්	eset:2	eseth:1
එසේද	eseda:3
එසේනම්	esenam:3
එසේම	esema:3
එසේමය	esemaya:3
එසේය	eseya:3
එසේවුවද	esevuvada:3
එහා	eha:3
එහාට	ehata:3
එහි	ehi:3
එහිද	ehida:3
එහිදි	ehidi:3
එහිදී	ehidi:3
එහිම	ehima:3
එහිලා	ehila:3
එහු	ehu:3
එහෙත්	eheth:20	ehet:2
එහෙන්	ehen:3
එහෙම	ehema:3
එහෙමත්	ehemat:2	ehemath:1
එහෙයින්	eheyin:3
එහෙයින්ම	eheyinma:3
එහෙයිනි	eheyini:3
එළ	ela:3
එළකිරි	elakiri:3
එළදෙන	eladena:3
එළදෙනක්	eladenak:3
එළදෙනුන්	eladenun:3
එළඹ	elamba:3
එළඹි	elambi:3
එළඹිය	elambiya:3
එළඹියේය	elambiyeya:3
එළඹී	elambi:3
එළඹීම	elambima:3
එළඹීමට	elambimata:3
එළඹීමත්	elambimat:3
එළඹීමේ	elambime:3
එළඹුණ	elambuna:3
එළඹුණු	elambunu:3
එළඹෙත්ම	elambetma:3
එළඹෙති	elambeti:2	elambethi:1
එළඹෙන	elambena:3
එළඹෙන්නේ	elambenne:3
එළඹේ	elambe:3
එළවන	elavana:3
එළවලු	elavalu:3
එළවළු	elavalu:3
එළවා	elava:3
එළාර	elara:3
එළාරගේ	elarage:3
එළාරට	elarata:3
එළි	eli:3
එළිදක්වන	elidakvana:3
එළිදරව්	elidarav:3
එළිමහන්	elimahan:3
එළිමහනේ	elimahane:3
එළිය	eliya:3
එළියක්	eliyak:3
එළියට	eliyata:3
එළියෙන්	eliyen:3
එළියේ	eliye:3
එළිවෙන	elivena:3
එළිසබෙත්	elizabeth:2	elisabeth:1
එළු	elu:3
එළුවන්	eluwan:2	eluvan:3
එෆ්	f:2	ef:1
එ්	e:2	a:1
එ්වා	eva:3
එ්වායේ	evaye:3
එෙතිහාසික	eetihasika:2	aitihasika:1	etihasika:1
ඒ	e:3
ඒඅනුව	eanuva:3
ඒක	eka:3
ඒකක	ekaka:3
ඒකකය	ekakaya:3
ඒකකයක	ekakayaka:3
ඒකකයකට	ekakayakata:3
ඒකකයක්	ekakayak:3
ඒකකයකි	ekakayaki:3
ඒකකයකින්	ekakayakin:3
ඒකකයට	ekakayata:3
ඒකකයන්	ekakayan:3
ඒකකයන්හි	ekakayanhi:3
ඒකකයයි	ekakayayi:3
ඒකකයෙහි	ekakayehi:3
ඒකකයේ	ekakaye:3
ඒකකවලට	ekakavalata:3
ඒකකවලින්	ekakavalin:3
ඒකක්	ekak:3
ඒකජ	ekaja:3
ඒකට	ekata:3
ඒකත්	ekat:3
ඒකත්වය	ekatvaya:3
ඒකදේශික	ekadesika:3
ඒකනායක	ekanayaka:3
ඒකපුද්ගල	ekapudgala:3
ඒකරාශි	ekarasi:3
ඒකරාශී	ekarasi:3
ඒකල	ekala:3
ඒකලිත	ekalita:3
ඒකශාටක	ekasataka:2	ekashataka:1
ඒකාංශ	ekamsa:2	ekansa:2
ඒකාකාර	ekakara:3
ඒකාකාරව	ekakarava:3
ඒකාකාරී	ekakari:3
ඒකාකාරීව	ekakariva:3
ඒකාධිකාරය	ekadhikaraya:3
ඒකාධිකාරයක්	ekadhikarayak:3
ඒකාධිකාරි	ekadhikari:3
ඒකාධිකාරී	ekadhikari:3
ඒකාධිපති	ekadhipati:3
ඒකාන්තයෙන්	ekantayen:3
ඒකාන්තර	ekantara:3
ඒකාබද්ධ	ekabaddha:3
ඒකාබද්ධව	ekabaddawa:2	ekabaddhava:3
ඒකායන	ekayana:3
ඒකීය	ekiya:3
ඒකීයත්වය	ekiyatvaya:2	ekiyathvaya:1
ඒජන්ත	ejanta:3
ඒජන්තවරයෙකු	ejantavarayeku:3
ඒජන්තවරුන්	ejantavarun:3
ඒජන්සි	agency:3
ඒජන්සිය	ejansiya:2	agencyya:1
ඒඩ්ස්	aids:3
ඒඩ්‍රියන්	adrian:1	adriyan:1	edriyan:1
ඒතං	etam:2	etan:2
ඒත්	et:2	eth:1
ඒත්තු	ettu:2	eththu:1
ඒතාක්	etak:2	etaak:1
ඒන්ජල්	angel:3
ඒනිසා	enisa:2	enisaa:1
ඒබ්‍රහම්	abraham:2	ebraham:1
ඒම	ema:3
ඒමක්	emak:3
ඒමට	emata:3
ඒමත	emata:2	ematha:1
ඒමනිසා	emanisa:2	emanisaa:1
ඒමය	emaya:3
ඒමයි	emayi:2	emaai:1
ඒමෙන්	emen:3
ඒමේ	eme:3
ඒය	eya:3
ඒව	eva:3
ඒවයින්	evayin:2	evaain:1
ඒවා	ewa:49	eva:2	evaa:1
ඒවාගේම	evagema:2	evaagema:1
ඒවාට	ewata:5	evata:2	evaata:1
ඒවාටම	evatama:2	evaatama:1
ඒවාත්	evaat:1	evat:1	evath:1
ඒවාද	evada:2	evaada:1
ඒවානම්	evanam:2	evaanam:1
ඒවාය	evaya:2	evaaya:1
ඒවායි	evayi:2	evaai:1
ඒවායින්	ewayin:2	evayin:2	evaain:1
ඒවායෙන්	evayen:2	evaayen:1
ඒවායෙහි	evayehi:2	evaayehi:1
ඒවායේ	ewaye:13	evaye:2	evaaye:1
ඒවායේදී	evayedi:2	evaayedee:1
ඒවාහි	evahi:2	evaahi:1
ඒෂියන්	asian:2	esiyan:1
ඒෂියා	asia:2	esiya:1
ඒහා	eha:3
ඒහි	ehi:3
ඓක්‍යය	aikyaya:2	ikiyaya:1
ඓතිහාසික	aithihasika:5	aitihasika:2	itihaasika:1
ඓතිහාසිකමය	aitihasikamaya:2	itihaasikamaya:1
ඓතිහාසිකව	aitihasikava:2	itihaasikava:1
ඓශ්වර්යා	aishvarya:1	aisvarya:1	aiyswarya:1
ඔංචිල්ලා	omcilla:1	onchillaa:1	oncilla:1
ඔංචිලි	onchili:2	oncili:1
ඔක්කාරය	okkaraya:2	occaaraya:1
ඔක්කොම	okkoma:2	occoma:1
ඔක්තොම්බර්	october:2	okthombar:1	oktombar:1	oktomber:1
ඔක්තෝබර්	october:3	oktobar:1
ඔක්තෝම්බර්	october:2	oktomber:1
ඔක්සයිඩ	oksayida:2	oxcide:1
ඔක්සයිඩ්	oxide:2	oxcide:1
ඔක්ස්ෆර්ඩ්	oxford:3
ඔක්සිකරණ	oksikarana:3
ඔක්සිකරණය	oksikaranaya:3
ඔක්සිජන්	oxygen:3
ඔක්සිහාරක	oksiharaka:2	oksihaaraka:1
ඔකිනාවා	okinaawaa:1	okinava:1	okinawa:1
ඔගස්ටස්	augustus:1	ogastas:1	ogustus:1
ඔගස්ට්	august:2	ogast:1
ඔගස්ටින්	ogastin:2	augustin:1
ඔට්ටු	ottu:3
ඔට්ටුවක්	ottuvak:3
ඔටු	otu:3
ඔටුණු	otunu:3
ඔටුන්න	otunna:3
ඔටුන්නක්	otunnak:3
ඔටෝ	auto:3
ඔටෝමන්	attoman:1	automan:1	ottoman:1
ඔත්තු	ottu:2	oththu:1
ඔත්තුකරුවන්	ottukaruvan:2	oththukaruvan:1
ඔත්තුකාරයා	ottukaraya:2	ottukaarayaa:1
ඔත්තේ	otte:3
ඔතෙලෝ	otelo:1	othello:1	othelo:1
ඔද	oda:3
ඔන්චිලි	onchili:2	oncili:1
ඔන්න	onna:3
ඔන්ලයින්	online:3
ඔප	opa:3
ඔපමට්ටම්	opamattam:3
ඔපය	opaya:3
ඔපවත්	opavat:2	opavath:1
ඔප්	op:3
ඔප්පු	oppu:3
ඔප්පුව	oppuva:3
ඔප්පුවක්	oppuvak:2	oppuwak:1
ඔපෙක්	opec:3
ඔපෙරා	opera:3
ඔපෙරාව	operava:2	operaawa:1
ඔබ	oba:3
ඔබගේ	obage:3
ඔබට	obata:3
ඔබටම	obatama:3
ඔබතුමා	obatuma:2	obatumaa:1
ඔබමොබ	obamoba:3
ඔබය	obaya:3
ඔබව	obava:2	obawa:1
ඔබ්බට	obbata:3
ඔබ්බවා	obbava:2	obbawaa:1
ඔබ්බෙන්	obben:3
ඔබ්බෙහි	obbehi:3
ඔබාමා	obama:3
ඔබාමාගේ	obamage:3
ඔබෙ	obe:3
ඔබේ	obe:2	obeth:1
ඔබේසේකර	obesekara:2	obeysekara:1
ඔමේගා	omega:2	omek:1
ඔය	oya:6
ඔයක්	oyak:3
ඔයාගේ	oyage:3
ඔයෙන්	oyen:3
ඔයෙහි	oyehi:3
ඔයේ	oye:3
ඔරලෝසු	oralosu:3
ඔරලෝසුව	oralosuva:2	oralosuwa:1
ඔරලෝසුවක්	oralosuvak:2	oralosuwak:1
ඔරිජිනල්	original:3
ඔරියන්ටල්	oriental:2	oriyantal:1
ඔරිස්සා	orissa:3
ඔරු	oru:3
ඔරුව	oruva:2	oruwa:1
ඔරොත්තු	orottu:2	oroththu:1
ඔල්ගා	olga:3
ඔලිම්පික්	olympic:3
ඔලිවර්	olivar:2	oliver:1
ඔලිව්	olive:3
ඔලුවිල්	oluvil:3
ඔවන්	ovan:3
ඔව්	ov:2	ow:1
ඔව්න්	ovn:2	own:1
ඔව්හු	ovhu:2	owhu:1
ඔවා	ova:2	owa:1
ඔවුනගෙන්	ovunagen:3
ඔවුනගේ	ovunage:3
ඔවුනට	owunata:5	ovunata:3
ඔවුනතර	ovunathara:2	ovunatara:1
ඔවුන්	owun:39	ovun:3
ඔවුන්ගෙ	owunge:3	ovunge:3
ඔවුන්ගෙන්	ovungen:3
ඔවුන්ගේ	owunge:21	ovunge:3
ඔවුන්ගේම	ovungema:3
ඔවුන්ට	owunta:8	ovunta:3
ඔවුන්ටද	ovuntada:3
ඔවුන්ටම	ovuntama:3
ඔවුන්ද	ovunda:3
ඔවුන්ය	ovunya:3
ඔවුන්ව	ovunva:2	ovunwa:1
ඔවුන්හට	ovunhata:3
ඔවුනොවුන්	ovunovun:3
ඔවුනොවුන්ගේ	ovunovunge:3
ඔවුනොවුන්ට	ovunovunta:3
ඔවුහු	ovhu:4	ovuhu:3
ඔවුහූ	ovuhu:2	owuhu:1
ඔසප්	osap:3
ඔසප්වීම	osapvima:2	opasweema:1
ඔසරිය	osariya:3
ඔසවන	osavana:2	osawana:1
ඔසවන්නේ	osavanne:2	osawanne:1
ඔසවනු	osavanu:2	osawanu:1
ඔසවයි	osavayi:2	osawai:1
ඔසවා	osava:2	osawa:1
ඔසවාගෙන	osavagena:2	osawagena:1
ඔස්කා	oska:3	oscar:1
ඔස්ට්‍රියන්	austrian:1	ostriyan:1	oustrian:1
ඔස්ට්‍රියානු	ostriyanu:3
ඔස්ට්‍රියාව	ostriyava:3
ඔස්ට්‍රියාවේ	ostriyave:3
ඔස්ට්‍රේලියානු	ostreliyanu:3
ඔස්ට්‍රේලියාව	ostreliyava:3
ඔස්ට්‍රේලියාවේ	ostreliyave:3
ඔස්ලෝ	oslo:3
ඔස්වල්ඩ්	oswald:2	osvald:1
ඔස්සේ	osse:3
ඔස්සේත්	osset:3
ඔස්සේද	osseda:3
ඔසාමා	osama:3
ඔසු	osu:3
ඔසුපත්	osupath:2	osupat:1
ඔසුවක්	osuvak:3
ඔසුවකි	osuvaki:3
ඔහිය	ohiya:3
ඔහියෝ	ohiyo:2	ohio:1
ඔහු	ohu:3
ඔහුගෙ	ohuge:3
ඔහුගෙන්	ohugen:3
ඔහුගේ	ohuge:3
ඔහුගේම	ohugema:3
ඔහුට	ohuta:3
ඔහුටත්	ohutath:2	ohutat:1
ඔහුටම	ohutama:3
ඔහුත්	ohuth:2	ohut:1
ඔහුද	ohuda:3
ඔහුන්	ohun:3
ඔහුමය	ohumaya:3
ඔහුය	ohuya:3
ඔහුව	ohuwa:10	ohuva:3
ඔළිඳ	olinda:3
ඔළු	olu:3
ඔෆ්	of:3
ඔෆිස්	office:3
ඕ	o:3
ඕඑස්	os:2	oes:1
ඕක	oka:3
ඕක්	oak:3	ok:1
ඕකිඩ්	orchid:2	okid:1
ඕකීඩ්	orchid:2	okid:1
ඕතඩොක්ස්	othadoks:3	orthodox:2	otadoks:1
ඕන	ona:3
ඕනා	ona:3
ඕනෙ	one:3
ඕපන්	open:3
ඕපනායක	opanayaka:2	opanayake:1
ඕබිටර්	orbiter:3
ඕර්තඩොක්ස්	orthodox:2	ortodox:1
ඕලන්ද	olanda:3
ඕල්	all:3	ol:1
ඕල්කට්	olcott:2	olkat:1
ඕල්කොට්	olcott:2	olkot:1
ඕල්ඩ්‍රින්	oldrin:2	aldrin:1
ඕලාරික	olarika:3
ඕලු	olu:2	oulu:1
ඕවර	ovara:3
ඕවරය	ovaraya:3
ඕවල්	oval:3
ඕවලාකාර	ovalakara:3
ඕවාද	ovada:3
ඕවිට	ovita:3
ඕවිටි	oviti:3
ඕෂදී	osadi:1	oshadee:1	oshadi:1
ඕෂධී	osadhi:2	oshadhee:1
ඕස්	os:2	oz:1
ඕස්ට්‍රේලියා	ostreliya:2	australia:1
ඕස්ට්‍රේලියානු	ostreliyanu:3
ඕස්ට්‍රේලියාව	ostreliyava:3
ඕස්ට්‍රේලියාවට	ostreliyavata:3
ඕස්ට්‍රේලියාවේ	ostreliyave:3
ඕසොන්	ozone:2	oson:1
ඕසෝන්	ozone:2	oson:1
ඖෂධ	aushada:3	aushadha:2	ausadha:1
ඖෂධමය	aushadhamaya:2	ausadhamaya:1
ඖෂධය	aushadhaya:2	ausadhaya:1
ඖෂධයක්	aushadhayak:2	ausadhayak:1
ඖෂධයකි	aushadhayaki:2	ausadhayaki:1
ඖෂධවේදය	ausadhavedaya:2	aushadhavedaya:1
ඖෂධවේදී	ausadhavedi:2	aushadhavedi:1
ඖෂධීය	ausadhiya:2	aushadhiya:1
ක	ka:3
කංකාරිය	kankariya:2	kamkariya:1
කංකාරියෙන්	kankariyen:2	kamkariyen:1
කංකාල	kankala:2	kamkala:1
කක්ෂ	kaksha:2	kaksa:1
කක්ෂගත	kakshagatha:2	kaksagata:1
කක්ෂගතව	kakshagathava:2	kaksagatava:1
කක්ෂය	kakshaya:2	kaksaya:1
කක්ෂයක	kakshayaka:2	kaksayaka:1
කක්ෂයක්	kakshayak:2	kaksayak:1
කක්ෂයට	kakshayata:2	kaksayata:1
කක්ෂයේ	kaksaye:2	kakshaye:1
කක්ෂීය	kakshiya:2	kaksiya:1
කකියන	kakiyana:3
කකුල	kakula:3
කකුලත්	kakulath:2	kakulat:1
කකුල්	kakul:3
කකුලේ	kakule:3
කකුසඳ	kakusanda:3
කකුළුවන්	kakuluwan:2	kakuluvan:3
කකුළුවා	kakuluva:3
කච්චතිව්	kaccativ:1	kachchathiv:1	kachchativ:1
කජු	kaju:3
කට	kata:3
කටක	kataka:3
කටකතා	katakata:2	katakatha:1
කටකතාව	katakatava:3
කටකතාවක්	katakatavak:2	katakathavak:1
කටත්	katath:2	katat:1
කටයතු	katayathu:2	katayatu:1
කටයුත්ත	katayuththa:2	katayutta:1
කටයුත්තක්	katayuththak:2	katayuttak:1
කටයුත්තකි	katayuththaki:2	katayuttaki:1
කටයුතු	katayuthu:2	katayutu:1
කටයුතුද	katayutuda:2	katayuthuda:1
කටයුතුවල	katayuthuwala:4	katayuthuvala:1	katayuthuwela:1	katayutuvala:1
කටයුතුවලදී	katayutuvaladi:2	katayuthuvaladi:1
කටයුතුවලින්	katayutuvalin:2	katayuthuvalin:1
කටවහ	katavaha:3
කටහඬ	katahanda:3
කට්ටක්	kattak:3
කට්ටල	kattala:3
කට්ටලය	kattalaya:3
කට්ටලයක්	kattalayak:3
කට්ටලයකි	kattalayaki:3
කට්ටලයේ	kattalaye:3
කටාරමක	kataramaka:3
කටාරම්	kataram:3
කටාර්	qatar:2	katar:1
කටින්	katin:3
කටු	katu:3
කටුක	katuka:3
කටුගස්තොට	katugastota:2	katugasthota:1
කටුනායක	katunayaka:3
කටුනේරිය	katuneriya:3
කටුව	katuwa:3	katuva:3
කටුවකින්	katuvakin:3
කටුවාවල	katuvavala:3
කටුවෙන්	katuven:3
කටුසටහන්	katusatahan:3
කටුස්සන්	katussan:3
කටුස්සාගේ	katussage:3
කටුසු	katusu:3
කටේ	kate:3
කඩ	kada:3
කඩඉම	kadaima:3
කඩකළ	kadakala:3
කඩක්	kadak:3
කඩකිරීම	kadakirima:3
කඩකිරීමක්	kadakirimak:3
කඩතොලු	kadatholu:2	kadatolu:1
කඩතොළු	kadatolu:2	kadatholu:1
කඩදාසි	kadadasi:3
කඩදාසිය	kadadasiya:3
කඩදාසියක	kadadasiyaka:3
කඩදාසියක්	kadadasiyak:3
කඩදාසිවල	kadadasivala:3
කඩදොර	kadadora:3
කඩමණ්ඩිය	kadamandiya:3
කඩම්	kadam:3
කඩවර	kadavara:3
කඩවසම්	kadavasam:3
කඩවීම	kadavima:3
කඩවුණු	kadavunu:3
කඩා	kada:3
කඩාකප්පල්	kadakappal:3
කඩිනම්	kadinam:3
කඩිනමින්	kadinamin:3
කඩින්	kadin:3
කඩු	kadu:3
කඩුගන්නාව	kadugannava:2	kadugannawa:1
කඩුපුල්	kadupul:3
කඩුල්ල	kadulla:3
කඩුලු	kadulu:3
කඩුව	kaduva:3
කඩුවෙන්	kaduven:3
කඩුවෙල	kaduvela:2	kaduwela:1
කඩුළු	kadulu:3
කඩොල්	kadol:3
කඩොලාන	kadolana:3
කණ	kana:3
කණගාටු	kanagatu:3
කණගාටුදායක	kanagatudayaka:3
කණගාටුවට	kanagatuvata:3
කණඩායම්	kanadayam:3
කණපිට	kanapita:3
කණස්සල්ලට	kanassallata:3
කණ්ඨක	kanthaka:3
කණ්ඩයක්	kandayak:3
කණ්ඩලම	kandalama:3
කණ්ඩායම	kandayama:3
කණ්ඩායමක	kandayamaka:3
කණ්ඩායමකට	kandayamakata:3
කණ්ඩායමක්	kandayamak:3
කණ්ඩායමක්ද	kandayamakda:3
කණ්ඩායමකි	kandayamaki:3
කණ්ඩායමකින්	kandayamakin:3
කණ්ඩායමට	kandayamata:3
කණ්ඩායමද	kandayamada:3
කණ්ඩායමයි	kandayamayi:3
කණ්ඩායම්	kandayam:3
කණ්ඩායම්වල	kandayamvala:3
කණ්ඩායම්වලට	kandayamvalata:3
කණ්ඩායම්වලින්	kandayamvalin:3
කණ්ඩායමෙන්	kandayamen:3
කණ්ඩායමෙහි	kandayamehi:3
කණ්ඩායමේ	kandayame:3
කණ්ණාඩි	kannadi:3
කණිකා	kanika:3
කණිෂ්ක	kanishka:2	kaniska:1
කණිෂ්ඨ	kanishtha:2	kanistha:1
කණු	kanu:3
කණුව	kanuva:3
කණුවක්	kanuvak:3
කණුවට	kanuvata:3
කණුවල	kanuvala:3
කණුවලින්	kanuvalin:3
කණුවෙහි	kanuvehi:3
කණුවේ	kanuve:3
කත	katha:2	kata:1
කතන්දර	kathandara:2	katandara:1
කතන්දරයක්	kathandarayak:2	katandarayak:1
කතරගම	katharagama:4	kataragama:2
කත්මණ්ඩු	kathmandu:2	katmandu:1
කතා	katha:2	kata:1
කතාංග	kathamga:2	katanga:1
කතාකරන්න	kathakaranna:2	katakaranna:1
කතාකරන්නේ	kathakaranne:2	katakaranne:1
කතාන්තර	kathanthara:2	katantara:1
කතාන්තරය	kathantharaya:2	katantaraya:1
කතාන්දර	kathandara:2	katandara:1
කතානායකවරයා	kathanayakavaraya:2	katanayakavaraya:1
කතාබහ	kathabaha:2	katabaha:1
කතාබහට	kathabahata:2	katabahata:1
කතාමාලා	kathamala:2	katamala:1
කතාමාලාව	kathamalawa:3	kathamalava:2	katamalava:1
කතාමාලාවක්	kathamalawak:3	kathamalavak:2	katamalavak:1
කතාව	kathawa:4	kathava:2	katava:1
කතාවක	kathavaka:2	katavaka:1
කතාවක්	kathavak:2	katavak:1
කතාවක්ම	kathavakma:2	katavakma:1
කතාවකි	kathavaki:2	katavaki:1
කතාවට	kathavata:2	katavata:1
කතාවද	kathavada:2	katavada:1
කතාවන්	kathavan:2	katavan:1
කතාවල	kathavala:2	katavala:1
කතාවෙන්	kathaven:2	kataven:1
කතාවේ	kathave:2	katave:1
කති	kathi:2	kati:1
කතික	kathika:2	katika:1
කතිකාවක්	kathikavak:2	katikavak:1
කතිකාවතකට	kathikavatakata:1	kathikavathakata:1	katikavatakata:1
කතිකාවතක්	kathikavathak:2	katikavatak:1
කතු	katu:2	kathu:1
කතුන්	katun:2	kathun:1
කතුවර	katuvara:2	kathuvara:1
කතුවරයකු	katuvarayaku:2	kathuvarayaku:1
කතුවරයා	kathuvaraya:1	katuvaraya:1	katuvarayaa:1
කතුවරයාණන්	kathuvarayanan:1	katuvarayaanan:1	katuvarayanan:1
කතුවරයෙක්	katuvarayek:2	kathuvarayek:1
කතුවරයෙකු	katuvarayeku:2	kathuvarayeku:1
කතුවරිය	katuvariya:2	kathuvariya:1
කතුවරු	katuvaru:2	kathuvaru:1
කතුවරුන්	katuvarun:2	kathuvarun:1
කතුවරුන්ට	katuvarunta:2	kathuvarunta:1
කතෘ	kathr:1	katr:1	katru:1
කතෘවරයා	kathrvaraya:1	katruvarayaa:1	katrvaraya:1
කතෝලික	katholika:9	katolika:2
කතෝලිකයන්	katholikayan:2	katolikayan:3
කතෝලිකයින්	katolikayin:2	katolikaain:1
කතෝලිකයෙකු	katolikayeku:2	katholikayeku:1
කතෝලිකයෝ	katolikayo:2	katholikayo:1
කථක්	kathahk:2	kathak:2	katak:1
කථන	kathana:2	katana:1
කථනය	kathanaya:2	katanaya:1
කථනයක්	kathanayak:2	katanayak:1
කථනයන්	kathanayan:2	katanayan:1
කථා	katha:2	kataa:1
කථාංග	kataanga:1	kathamga:1	kathanga:1
කථාංගය	kataangaya:1	kathamgaya:1	kathangaya:1
කථාකරන	kathakarana:2	kataakarana:1
කථාන්දරය	kathandaraya:2	kataandaraya:1
කථානායක	kathanayaka:2	kataanaayaka:1
කථාව	kathawa:2	kathava:2	kataava:1
කථාවක	kathavaka:2	kataavaka:1
කථාවක්	kathavak:2	kataavak:1
කථාවට	kathavata:2	kataavata:1
කථාවන්	kathavan:2	kataavan:1
කථාවන්හි	kathavanhi:2	kataavanhi:1
කථාවයි	kathavayi:2	kataavaai:1
කථාවල	kathavala:2	kataavala:1
කථාවලට	kathavalata:2	kataavalata:1
කථාවේ	kathawe:2	kathave:2	kataave:1
කථාවේදී	kathavedi:2	kataavedi:1
කථික	kathika:2	katika:1
කථිකත්වය	kathikathvaya:1	kathikatvaya:1	katikatvaya:1
කථිකයන්	kathikayan:2	katikayan:1
කථිකයා	kathikaya:2	katikayaa:1
කථිකයෙක්	kathikayek:2	katikayaek:1
කථිකයෙකු	kathikayeku:2	katikayeku:1
කථිකාචාර්ය	kathikacarya:1	kathikacharya:1	katikaachaarya:1
කථිකාචාර්යවරයෙකු	kathikacaryavarayeku:1	kathikacharyavarayeku:1	katikaachaaryavarayeku:1
කද	kada:3
කදම්බයක්	kadambayak:3
කදම්භ	kadambha:2	kadamba:1
කදම්භයේ	kadambhaye:2	kadambaye:1
කදවුර	kadavura:3
කදවුරක්	kadavurak:3
කදවුරු	kadavuru:3
කදා	kada:2	kadaa:1
කදින්	kadin:3
කදිම	kadima:3
කදිමට	kadimata:3
කදිරා	kadira:2	kadiraa:1
කදී	kadi:2	kadee:1
කදුකර	kadukara:3
කදුකරය	kadukaraya:3
කදුරුගොඩ	kadurugoda:3
කදෙහි	kadehi:3
කදේ	kade:3
කන	kana:3
කනක	kanaka:3
කනගාටුවට	kanagatuvata:2	kanagaatuvata:1
කනට	kanata:3
කනදරා	kanadara:2	kanadaraa:1
කනබොන	kanabona:3
කනස්සල්ලක්	kanassallak:3
කනස්සල්ලෙන්	kanassallen:3
කන්	kan:3
කන්කසන්තුරේ	kankasanthure:1	kankasanturai:1	kankasanture:1
කන්ඩලම	kandalama:3
කන්ඩායමක්	kandayamak:2	kandaayamak:1
කන්ඩායම්	kandayam:2	kandaayam:1
කන්තලේ	kantale:2	kanthale:1
කන්ථක	kanthaka:2	kantaka:1
කන්ද	kanda:3
කන්දක	kandaka:3
කන්දක්	kandak:3
කන්දට	kandata:3
කන්දරාව	kandarava:2	kandaraava:1
කන්දෙන්	kanden:3
කන්දෙහි	kandehi:3
කන්දේ	kande:3
කන්න	kanna:3
කන්නංගර	kannangara:3
කන්නඩ	kannada:3
කන්නන්	kannan:3
කන්නන්ගර	kannangara:3
කන්නයේ	kannaye:3
කන්නලව්ව	kannalavva:3
කන්නා	kanna:2	kannaa:1
කන්නාඩිය	kannadiya:2	kannaadiya:1
කන්නෙත්	kannet:2	kanneth:1
කන්‍යා	kanya:2	kanyaa:1
කන්‍යාභාවය	kanyabhavaya:2	kanyaabaavaya:1
කන්‍යාරාමය	kanyaramaya:2	kanyaaraamaya:1
කන්‍යාරාමයේ	kanyaramaye:2	kanyaaraamaye:1
කනිටු	kanitu:2	kanithu:1
කනිෂ්ඨ	kanishta:1	kanishtha:1	kanistha:1
කනු	kanu:3
කනෙක්ටිකට්	kanektikat:2	connecticut:1
කනේ	kane:3
කඳ	kanda:3
කඳක්	kandak:3
කඳන්	kandan:3
කඳපොල	kandapola:3
කඳවුර	kandawura:3	kandavura:3
කඳවුරක්	kandavurak:3
කඳවුරට	kandavurata:3
කඳවුරු	kandavuru:3
කඳවුරෙන්	kandavuren:2	kanduvuren:1
කඳවුරේ	kandavure:3
කඳාන	kandana:3
කඳු	kandu:3
කඳුකර	kandukara:3
කඳුකරය	kandukaraya:3
කඳුකරයට	kandukarayata:3
කඳුකරයේ	kandukaraye:3
කඳුරට	kandurata:3
කඳුරු	kanduru:3
කඳුලු	kandulu:3
කඳුවලින්	kanduvalin:3
කඳුළු	kandulu:3
කඳේ	kande:3
කප	kapa:3
කපටි	kapati:3
කපන	kapana:3
කපනයන්	kapanayan:3
කපන්නේ	kapanne:3
කපමින්	kapamin:3
කප්	cup:3
කප්පම්	kappam:3
කප්පරවල්ලිය	kapparavalliya:3
කප්පවා	kappava:2	kappavaa:1
කප්පාදු	kappadu:2	kappaadu:1
කප්පිය	kappiya:3
කපා	kapa:2	kapaa:1
කපාට	kapata:2	kapaata:1
කපාටය	kapataya:2	kapaataya:1
කපාල	kapala:2	kapaala:1
කපිතාන්	kapitaan:1	kapitan:1	kapithan:1
කපිරිඤ්ඤා	kapirinna:2	kapirinyaa:1
කපිල	kapila:3
කපිලවස්තු	kapilavastu:2	kapilavasthu:1
කපු	kapu:3
කපුරාල	kapurala:3
කපුරු	kapuru:3
කපුවා	kapuva:2	kapuwa:1
කපූර්	kapoor:2	kapur:1
කපේ	kape:3
කපොල්ල	kapolla:3
කපොල්ලක්	kapollak:3
කඵ	kapha:2	kalu:1
කබඩි	kabadi:3
කබර	kabara:3
කබරගොයා	kabaragoya:3
කබල	kabala:3
කබලක්	kabalak:3
කබ්රාල්	kabral:2	cabral:1
කබා	kaba:2	kabaa:1
කබාය	kabaya:2	kabaaya:1
කබොක්	kabok:3
කබොල	kabola:3
කබොල්ල	kabolla:3
කබොල්ලක්	kabollak:3
කම	kama:3
කමට	kamata:3
කමටහන	kamatahana:3
කමටහන්	kamatahan:3
කමත	kamata:3
කමද	kamada:3
කමලනාත්	kamalanath:2	kamalanat:1
කමල්	kamal:3
කමලා	kamala:3
කම්	kam:3	come:1
කම්කටොලු	kamkatolu:3
කම්කරු	kamkaru:3
කම්කරුවන්	kamkaruvan:2	kamkaruwan:1
කම්කරුවන්ගේ	kamkaruvange:2	kamkaruwange:1
කම්කරුවන්ට	kamkaruvanta:2	kamkaruwanta:1
කම්කරුවා	kamkaruva:2	kamkaruwa:1
කම්කරුවාට	kamkaruvata:2	kamkaruwata:1
කම්පන	kampana:3
කම්පනය	kampanaya:3
කම්පනයක්	kampanayak:3
කම්පනයට	kampanayata:3
කම්පනයෙන්	kampanayen:3
කම්පනයේ	kampanaye:3
කම්පා	kampa:2	kampaa:1
කම්පාව	kampava:2	kampaava:1
කම්පාවට	kampavata:2	kampaavata:1
කම්පැනි	company:3
කම්බි	kambi:3
කම්බියක්	kambiyak:3
කම්බිලිය	kambiliya:3
කම්මල්	kammal:3
කම්මල්කරුවා	kammalkaruva:2	kammalkaruvaa:1
කම්මුල්	kammul:3
කම්හලක	kamhalaka:3
කම්හල්	kamhal:3
කමාන්ඩර්	commander:2	kamandar:1
කමාන්ඩෝ	commando:3
කමිටු	kamitu:3
කමිටුව	kamituwa:3	kamituva:2
කමිටුවක්	kamituwak:3	kamituvak:2
කමිටුවට	kamituvata:2	kamituwata:1
කමිටුවෙහි	kamituvehi:2	kamituwehi:1
කමිටුවේ	kamituwe:3	kamituve:2
කමින්	kamin:2	comming:1
කඹ	kamba:3
කඹය	kambaya:3
කඹුරුපිටිය	kamburupitiya:3
කය	kaya:3
කයට	kayata:3
කයත්	kayath:2	kayat:1
කයි	kayi:2	kai:1
කයිට්ස්	kayits:2	kaites:1
කයිඩා	kayida:2	kaida:1
කයින්	kayin:2	kain:1
කයිරෝ	cairo:2	kayiro:1
කයිරෝහි	kayirohi:2	cairohi:1
කයෙන්	kayen:3
කයෙහි	kayehi:3
කර	kara:3
කරගත	karagatha:5	karagata:2
කරගත්	karagath:12	karagat:2
කරගත්ත	karagatta:2	karagaththa:1
කරගත්තා	karagaththa:1	karagatta:1	karagattaa:1
කරගත්තේ	karagatte:2	karagaththe:1
කරගත්තේය	karagatteya:2	karagaththeya:1
කරගත්හ	karagatha:3
කරගන්න	karaganna:3
කරගන්නවා	karagannava:2	karagannavaa:1
කරගන්නා	karaganna:3
කරගන්නේ	karaganne:3
කරගනිති	karaganiti:2	karaganithi:1
කරගනිමින්	karaganimin:3
කරගනිමිනි	karaganimini:3
කරගනී	karagani:2	karaganee:1
කරගනු	karaganu:3
කරගෙන	karagena:3
කරගෙනය	karagenaya:3
කරගෙනයි	karagenayi:2	karagenaai:1
කරට	karata:3
කරටගත්	karatagat:2	karatagath:1
කරණ	karana:3
කරණකොට	karanakota:3
කරණය	karanaya:3
කරණයට	karanayata:3
කරණයේ	karanaye:3
කරණයේදී	karanayedi:2	karanayedee:1
කරණීය	karaniya:2	karaneeya:1
කරණු	karanu:3
කරඬුව	karanduva:3
කරඬුවක්	karanduvak:3
කරතත්	karatat:2	karathath:1
කරත්	karat:2	karath:1
කරත්ත	karatta:2	karaththa:1
කරත්ම	karatma:2	karathma:1
කරත්වා	karathva:1	karatva:1	karatvaa:1
කරති	karathi:15	karati:2
කරතොත්	karatot:2	karatoth:1
කරදමුංගු	karadamungu:2	karadamumgu:1
කරදර	karadara:3
කරදරකාරී	karadarakari:2	karadarakaaree:1
කරදරය	karadaraya:3
කරද්දී	karaddi:2	karaddee:1
කරදා	karada:2	karadaa:1
කරදිය	karadiya:3
කරදියෙන්	karadiyen:3
කරදී	karadi:3
කරදීමට	karadimata:3
කරදුන්	karadun:3
කරදෙන	karadena:3
කරදෙනු	karadenu:3
කරදෙයි	karadeyi:3
කරන	karana:3
කරනය	karanaya:3
කරනලද	karanalada:3
කරනවා	karanawa:3	karanava:3
කරනවිට	karanavita:3
කරන්	karan:3
කරන්න	karanna:3
කරන්නක්	karannak:3
කරන්නකි	karannaki:3
කරන්නකු	karannaku:3
කරන්නකුට	karannakuta:3
කරන්නට	karannata:3
කරන්නන්	karannan:3
කරන්නන්ගෙන්	karannangen:3
කරන්නන්ගේ	karannange:3
කරන්නන්ට	karannanta:3
කරන්නවුන්	karannavun:3
කරන්නා	karanna:3
කරන්නාගේ	karannage:3
කරන්නාට	karannata:3
කරන්නාවු	karannavu:3
කරන්නාවූ	karannavu:3
කරන්නාහු	karannahu:3
කරන්නිය	karanniya:3
කරන්නීය	karanniya:3
කරන්නෙ	karanne:3
කරන්නෙක්	karannek:3
කරන්නෙකි	karanneki:3
කරන්නෙකු	karanneku:3
කරන්නෙමු	karannemu:3
කරන්නේ	karanne:6
කරන්නේද	karanneda:3
කරන්නේය	karanneya:3
කරන්නෝ	karanno:3
කරනා	karana:2	karanaa:1
කරනු	karanu:3
කරනුයේ	karanuye:2	karamuye:1
කරනුවස්	karanuvas:2	karunuvas:1
කරඳමුංගු	karandamumgu:2	karandamungu:1
කරපිංචා	karapimca:1	karapimcha:1	karapinchaa:1
කරපු	karapu:2	karupu:1
කරමල්	karamal:3
කරම්හ	karamha:3
කරමි	karami:3
කරමින්	karamin:3
කරමින්ම	karaminma:3
කරමින්ය	karaminya:3
කරමිනි	karamini:3
කරමියි	karamiyi:2	karamiy:1
කරමු	karamu:3
කරයි	karai:73	karayi:2	karaai:1
කරයිද	karayida:2	karaaida:1
කරයුතු	karayuthu:2	karayutu:1
කරල	karala:3
කරලමින්	karalamin:3
කරල්	karal:3
කරලා	karala:2	karalaa:1
කරලිය	karaliya:3
කරලියට	karaliyata:3
කරලියේ	karaliye:3
කරලීම	karalima:2	karaleema:1
කරලීමට	karaleemata:2	karalimata:2
කරලීමෙන්	karalimen:2	karaleemen:1
කරලීය	karaliya:2	karaleeya:1
කරව	karava:3
කරවන	karawana:3	karavana:3
කරවන්නක්	karavannak:3
කරවන්නට	karavannata:3
කරවනු	karavanu:3
කරවමින්	karavamin:3
කරවමිනි	karavamini:3
කරවයි	karawai:3	karavayi:3
කරවලා	karavala:3
කරවා	karawa:5	karava:3
කරවාගෙන	karavagena:3
කරවීම	karavima:3
කරවීමට	karavimata:3
කරවීමත්	karavimat:2	karavimath:1
කරවීමෙන්	karavimen:3
කරවීමේ	karavime:3
කරවීය	karaviya:3
කරවු	karavu:3
කරවූ	karavu:3
කරවූයේ	karavuye:3
කරවූහ	karavuha:3
කරළියට	karaliyata:3
කරළියෙන්	karaliyen:3
කර්කටක	karkataka:3
කර්කශ	karkasha:2	karkasa:1
කර්කෂ	karkasha:2	karkasa:1
කර්ට්	kart:1	kert:1	kurt:1
කර්ණාටක	karnataka:2	karnaataka:1
කර්ණිකා	karnika:2	karnikaa:1
කර්තව්‍යය	kartavyaya:2	kartaviyaya:1
කර්තව්‍යයක්	kartavayayak:1	kartavyayak:1	karthavyayak:1
කර්තව්‍යයට	kartavyata:1	kartavyayata:1	karthavyayata:1
කර්තව්‍යයන්	kartavyayan:2	karthavyayan:1
කර්තෘ	karthr:1	kartr:1	katru:1
කර්තෘත්වය	karthrthvaya:1	kartrtvaya:1	katrutvaya:1
කර්නලය	karnalaya:3
කර්නලයේ	karnalaye:2	kanalaye:1
කර්නල්	karnal:2	colonel:1
කර්නල්වරයා	karnalvaraya:2	karnalvarayaa:1
කර්ම	karma:3
කර්මය	karmaya:3
කර්මයකට	karmayakata:3
කර්මයක්	karmayak:3
කර්මයට	karmayata:3
කර්මයන්	karmayan:3
කර්මයන්ගෙන්	karmayangen:3
කර්මයන්හි	karmayanhi:3
කර්මාන්ත	karmanta:2	karmantha:1
කර්මාන්තමය	karmantamaya:2	karmanthamaya:1
කර්මාන්තය	karmanthaya:3	karmantaya:2
කර්මාන්තයක්	karmantayak:2	karmanthayak:1
කර්මාන්තයකි	karmantayaki:2	karmanthayaki:1
කර්මාන්තයට	karmantayata:2	karmanthayata:1
කර්මාන්තයද	karmantayada:2	karmanthayada:1
කර්මාන්තයන්	karmantayan:2	karmanthayan:1
කර්මාන්තයෙන්	karmantayen:2	karmanthayen:1
කර්මාන්තයෙහි	karmantayehi:2	karmanthayehi:1
කර්මාන්තයේ	karmanthaye:2	karmantaye:2
කර්මාන්තයේදී	karmantayedi:2	karmanthayedi:1
කර්මාන්තවල	karmantavala:2	karmanthavala:1
කර්මාන්තවලට	karmantavalata:3
කර්මාන්තශාලා	karmantasala:2	karmanthashala:1
කරා	kara:3
කරාද	karada:3
කරාපිටියේ	karapitiye:3
කරාබු	karabu:3
කරාමයක්	karamayak:3
කරාවි	karavi:2	karaavi:1
කරිෂ්මා	charisma:1	karishma:1	karisma:1
කරු	karu:3
කරුණ	karuna:3
කරුණක්	karunak:3
කරුණක්ම	karunakma:3
කරුණකි	karunaki:3
කරුණකින්	karunakin:3
කරුණට	karunata:3
කරුණා	karuna:2	karunaa:1
කරුණාතිලක	karunatilaka:2	karunathilaka:1
කරුණාතිලකගේ	karunaatilakage:1	karunathilakage:1	karunatilakage:1
කරුණාදාස	karunadasa:3
කරුණාපාල	karunapala:3
කරුණාරත්න	karunaratna:2	karunarathna:1
කරුණාරත්නගේ	karunaaratnage:1	karunarathnage:1	karunaratnage:1
කරුණාව	karunava:2	karunaava:1
කරුණාවන්ත	karunaavanta:1	karunavanta:1	karunavantha:1
කරුණාවෙන්	karunaven:2	karunaaven:1
කරුණින්	karunin:3
කරුණු	karunu:3
කරුණුද	karunuda:3
කරුණුය	karunuya:3
කරුණුවලින්	karunuvalin:3
කරුණෙකින්	karunekin:3
කරුන	karuna:3
කරුනු	karunu:3
කරුවකු	karuvaku:3
කරුවන්	karuwan:2	karuvan:3
කරුවන්ගෙන්	karuvangen:3
කරුවන්ගේ	karuvange:3
කරුවන්ට	karuvanta:3
කරුවා	karuva:2	karuvaa:1
කරුවාට	karuvata:2	karuvaata:1
කරුවෙකු	karuveku:3
කරුවෝ	karuvo:3
කරෙහි	karehi:3
කරේ	kare:3
කරේය	kareya:3
කරොත්	karot:2	karoth:1
කරෝලිස්	carolis:2	karolis:1
කල	kala:3
කලඑළි	kalaeli:6
කලක	kalaka:3
කලකට	kalakata:3
කලකදී	kalakadi:2	kalakadee:1
කලක්	kalak:3
කලකින්	kalakin:3
කලකින්ම	kalakinma:3
කලකිරී	kalakiri:2	kalakiree:1
කලකිරීම	kalakirima:2	kalakireema:1
කලකිරීමට	kalakirimata:3
කලකිරෙන	kalakirena:3
කලට	kalata:3
කලණ	kalana:3
කලත්	kalat:2	kalath:1
කලද	kalada:3
කලදී	kaladi:3
කලනය	kalanaya:3
කලපු	kalapu:3
කලපුව	kalapuva:3
කලපුවේ	kalapuve:3
කලබල	kalabala:3
කලබලකාරී	kalabalakari:3
කලබලයෙන්	kalabalayen:3
කලමණාකරන	kalamanakarana:3
කලමනාකරණය	kalamanakaranaya:3
කලම්ප	kalampa:3
කලඹ	kalamba:3
කලය	kalaya:3
කලයුතු	kalayuthu:2	kalayutu:1
කලයුතුය	kalayuthuya:2	kalayutuya:1
කලල	kalala:3
කලවම්	kalavam:2	kalawam:1
කලවා	kalava:2	kalawa:1
කලවිට	kalavita:3
කලස	kalasa:3
කලස්	kalas:3	colours:1
කලහ	kalaha:3
කලහකාරි	kalahakari:3
කලහකාරී	kalahakari:2	kalahakaree:1
කලහොත්	kalahoth:3
කල්	kal:3
කල්කටා	calcutta:1	kalkata:1	kolkata:1
කල්ක්‍රියාව	kalkriyava:3
කල්කුඩා	kalkuda:2	kalkudah:1
කල්ගත	kalgatha:2	kalgata:1
කල්ගතවන	kalgathavana:2	kalgatavana:1
කල්දේරා	kaldera:4
කල්ප	kalpa:3
කල්පගේ	kalpage:3
කල්පනා	kalpana:4
කල්පනාකාරී	kalpanakari:3
කල්පනාව	kalpanava:3
කල්පය	kalpaya:3
කල්පයක්	kalpayak:3
කල්පයෙහි	kalpayehi:3
කල්පයේ	kalpaye:3
කල්පවත්නා	kalpavatna:3
කල්පිත	kalpita:2	kalpitha:1
කල්පිතය	kalpitaya:2	kalpithaya:1
කල්පිතයක්	kalpitayak:2	kalpithayak:1
කල්පිතයන්	kalpitayan:2	kalpithayan:1
කල්මුනෙයි	kalmuneyi:3
කල්යත්ම	kalyatma:2	kalyathma:1
කල්ලි	kalli:3
කල්ලිය	kalliya:3
කල්වේලා	kalvela:3
කල්හාරි	kalhari:3
කල්හි	kalhi:3
කල්හී	kalhi:3
කල්‍යාණ	kalyana:3
කල්‍යාණී	kalyani:2	kalyanee:1
කලා	kala:3
කලාංගයන්	kalangayan:2	kalamgayan:1
කලාකරු	kalakaru:3
කලාකරුවන්	kalakaruvan:2	kalakaruwan:1
කලාකරුවන්ගෙන්	kalakaruvangen:2	kalakaruwangen:1
කලාකරුවන්ට	kalakaruvanta:2	kalakaruwanta:1
කලාකරුවා	kalakaruva:2	kalakaruwa:1
කලාකරුවාගේ	kalakaruvage:2	kalakaruwage:1
කලාකරුවෝ	kalakaruvo:2	kalakaruwo:1
කලාකෘති	kalakrti:2	kalakruthi:1
කලාකෘතියක්	kalakrtiyak:2	kalakruthiyak:1
කලාකෘතීන්	kalakrtin:2	kalakrthin:1	kalakruthin:1
කලාගාරය	kalagaraya:3
කලාට	kalata:3
කලාත්මක	kalathmaka:3	kalatmaka:2
කලාතුරකින්	kalathurakin:2	kalaturakin:2
කලාතුරකිනි	kalaturakini:2	kalathurakini:1
කලාප	kalapa:3
කලාපය	kalapaya:3
කලාපයක	kalapayaka:3
කලාපයක්	kalapayak:3
කලාපයකි	kalapayaki:3
කලාපයට	kalapayata:3
කලාපයන්	kalapayan:3
කලාපයන්හි	kalapayanhi:3
කලාපයෙන්	kalapayen:3
කලාපයෙහි	kalapayehi:3
කලාපයේ	kalapaye:3
කලාපයේත්	kalapayet:2	kalapayeth:1
කලාපයේදී	kalapayedi:3
කලාපයේය	kalapayeya:3
කලාපවල	kalapavala:3
කලාපවලට	kalapavalata:3
කලාපිය	kalapiya:3
කලාපීය	kalapiya:3
කලාය	kalaya:3
කලාව	kalawa:18	kalava:3
කලාවක්	kalavak:3
කලාවකි	kalavaki:3
කලාවට	kalavata:3
කලාවතී	kalavati:2	kalavathi:1
කලාවන්	kalavan:3
කලාවන්ගේ	kalavange:3
කලාවන්ට	kalavanta:3
කලාවයි	kalavayi:3
කලාවෙන්	kalaven:3
කලාවෙහි	kalavehi:2	kalawehi:1
කලාවේ	kalawe:2	kalave:2
කලාශූරී	kalashooree:1	kalashuree:1	kalashuri:1	kalasuri:1
කලි	kali:3
කලිඟු	kalingu:3
කලින්	kalin:3
කලින්ම	kalinma:3
කලිසම්	kalisam:3
කලී	kali:2	kalee:1
කලු	kalu:3
කලුතර	kaluthara:2	kalutara:1
කලුපාට	kalupata:3
කලූ	kalu:3
කලෙක	kaleka:3
කලෙකට	kalekata:3
කලෙකත්	kalekath:2	kalekat:1
කලෙකින්	kalekin:3
කලේ	kale:3
කලේද	kaleda:3
කලේය	kaleya:3
කලොත්	kaloth:2	kalot:1
කලෝය	kaloya:3
කව	kava:2	kawa:1
කවච	kavaca:1	kavacha:1	kawacha:1
කවචය	kavacaya:1	kavachaya:1	kawachaya:1
කවටකම්	kavatakam:2	kawatakam:1
කවටයා	kavataya:2	kawataya:1
කවදත්	kavadat:1	kavadath:1	kawadath:1
කවදා	kawada:2	kavada:2
කවදාවත්	kavadavat:1	kavadavath:1	kawadawath:1
කවපෙත්ත	kavapeththa:1	kavapetta:1	kawapettha:1
කවමින්	kavamin:2	kawamin:1
කවය	kavaya:2	kawaya:1
කවර	kawara:3	kavara:2
කවරක්	kavarak:2	kawarak:1
කවරයට	kavarayata:2	kawarayata:1
කවරහුද	kavarahuda:2	kawarahuda:1
කවරෙකු	kavareku:2	kawareku:1
කවරේද	kavareda:2	kawareda:1
කවාකාර	kavakara:2	kawakara:1
කවි	kavi:3
කවිකාර	kavikara:3
කවින්	kavin:3
කවිය	kaviya:3
කවියක	kaviyaka:3
කවියක්	kaviyak:3
කවියකු	kaviyaku:3
කවියද	kaviyada:3
කවියන්	kaviyan:3
කවියන්ගේ	kaviyange:3
කවියා	kaviya:3
කවියාගේ	kaviyage:3
කවියෙක්	kaviyek:3
කවියෙකි	kaviyeki:3
කවියෙකු	kaviyeku:3
කවියෙකුගේ	kaviyekuge:3
කවියෙන්	kaviyen:3
කවියේ	kaviye:3
කවියෝ	kaviyo:3
කවිලාශපාලි	kavilasapali:3
කවීත්වය	kavithvaya:2	kavitvaya:1
කවීන්	kavin:3	kaveen:1
කවීන්ට	kavinta:3
කවීෂා	kaveesha:2	kavisa:1
කවීහු	kavihu:3
කවුඩා	kavuda:3
කවුද	kavuda:3
කවුන්සිල	kavunsila:2	council:1
කවුන්සිලය	kavunsilaya:2	councilaya:1
කවුන්සිලයට	kavunsilayata:3
කවුන්සිලයේ	kavunsilaye:3
කවුරු	kavuru:3
කවුරුත්	kavuruth:2	kavurut:1
කවුරුන්	kavurun:3
කවුරුවත්	kavuruvath:2	kavuruvat:1
කවුලුව	kavuluva:3
කවුළු	kavulu:3
කවුළුවෙන්	kavuluven:3
කශේරුක	kaseruka:2	kasheruka:1
කශේරුකා	kaseruka:2	kasheruka:1
කශේරුකාව	kaserukava:2	kasherukava:1
කශේරුව	kaseruva:2	kasheruva:1
කෂාය	kasaya:2	kashaya:2
කස	kasa:3
කසල	kasala:3
කසළ	kasala:3
කස්තුරි	kasthuri:2	kasturi:1
කස්සප	kassapa:3
කසාගල	kasagala:3
කසී	kasi:3
කසුන්	kasun:3
කසුප්	kasup:3
කහ	kaha:3
කහට	kahata:3
කහටගස්දිගිලිය	kahatagasdigiliya:3
කහඳ	kahanda:3
කහපාට	kahapata:3
කහින	kahina:3
කළ	kala:3
කළකිරී	kalakiri:3
කළකිරීම	kalakirima:3
කළකිරීමක්	kalakirimak:3
කළකිරුණු	kalakirunu:3
කළත්	kalat:2	kalath:1
කළද	kalada:3
කළමණාකර	kalamanakara:3
කළමණාකරණ	kalamanakarana:3
කළමණාකරණය	kalamanakaranaya:3
කළමණාකරණයට	kalamanakaranayata:3
කළමණාකරන	kalamanakarana:3
කළමණාකරනය	kalamanakaranaya:3
කළමනාකරණ	kalamanakarana:3
කළමනාකරණය	kalamanakaranaya:3
කළමනාකරණයක්	kalamanakaranayak:3
කළමනාකරණයට	kalamanakaranayata:3
කළමනාකරණයේ	kalamanakaranaye:3
කළමනාකරණයේදී	kalamanakaranayedi:3
කළමනාකරු	kalamanakaru:3
කළමනාකරුවන්	kalamanakaruvan:3
කළමනාකරුවන්ට	kalamanakaruvanta:3
කළමනාකාර	kalamanakara:3
කළමනාකාරීත්වය	kalamanakaritvaya:2	kalamanakarithvaya:1
කළම්බු	colombo:2	kalambu:1
කළඹ	kalamba:3
කළය	kalaya:3
කළයක්	kalayak:3
කළයුතු	kalayutu:2	kalayuthu:1
කළයුතුය	kalayutuya:2	kalayuthuya:1
කළල	kalala:3
කළලයක්	kalalayak:3
කළවිට	kalavita:3
කළවුන්	kalavun:3
කළසේක	kalaseka:3
කළහ	kalaha:3
කළහොත්	kalahot:2	kalahoth:1
කළා	kala:3
කළාද	kalada:3
කළාප	kalapa:3
කළාම	kalama:3
කළාය	kalaya:3
කළාවේ	kalave:2	kalawe:1
කළින්	kalin:3
කළු	kalu:3
කළුගල	kalugala:3
කළුගල්	kalugal:3
කළුතර	kaluthara:3	kalutara:2
කළුබෝවිල	kalubovila:2	kalubowila:1
කළුවන්	kaluvan:2	kaluwan:1
කළුවර	kaluvara:2	kaluwara:1
කළෙක	kaleka:3
කළේ	kale:3
කළේය	kaleya:3
කළොත්	kaloth:2	kalot:1
කළෝ	kalo:3
කළෝය	kaloya:3
කෆිර්	kafir:3
කෆීර්	kafeer:2	kafir:1
ක්	k:3
ක්ද	kda:3
ක්ම	kma:2	ekma:1	kama:1
ක්රිප්ටන්	krypton:2	kriptan:1
ක්රියා	kriya:3
ක්රියාවලිය	kriyavaliya:3
ක්රීඩා	krida:3
ක්ලබ්	club:3
ක්ලවුසියස්	klavusiyas:2	clausius:1
ක්ලාක්	klak:2	clark:1
ක්ලාක්ගේ	klakge:3
ක්ලාන්ත	klantha:2	klanta:1
ක්ලාර්ක්	clark:2	klark:1
ක්ලාරා	clara:2	klara:1
ක්ලාශ්ට	klashta:2	klasta:1
ක්ලික්	click:3
ක්ලින්ටන්	clinton:2	klintan:1
ක්ලියෝපැට්රා	cleopatra:3
ක්ලී	kli:2	klee:1
ක්ලීටස්	cletus:2	cleatus:1	klitas:1
ක්ලෙමන්ට්	klemant:2	clement:1
ක්ලෙයාර්	clair:1	claire:1	kleyar:1
ක්ලේ	clay:3	kle:1
ක්ලේශ	klesha:2	klesa:1
ක්ලෝරයිඩ්	chloride:2	cloride:1
ක්ලෝරීන්	chlorine:2	clorine:1
ක්වින්	kvin:1	queen:1	quinn:1
ක්වින්සි	kvinsi:1	quincy:1	quinsy:1
ක්විබෙක්	quebec:2	kvibek:1
ක්වීන්ස්	queens:3
ක්වූ	kvu:3
ක්වොන්ටම්	quantum:2	quontum:1
ක්ෂණ	kshana:2	ksana:1
ක්ෂණික	kshanika:2	ksanika:1
ක්ෂණිකව	kshanikava:2	ksanikava:1
ක්ෂනික	kshanika:2	ksanika:1
ක්ෂමතාව	kshamathava:2	ksamatava:1
ක්ෂමතාවය	kshamathavaya:2	ksamatavaya:1
ක්ෂමා	kshama:2	ksama:1
ක්ෂය	kshaya:2	ksaya:1
ක්ෂිතිජ	kshithija:2	ksitija:1
ක්ෂිතිජය	kshithijaya:2	ksitijaya:1
ක්ෂිතිජයෙන්	kshithijayen:2	ksitijayen:1
ක්ෂිර	kshira:2	ksira:1
ක්ෂීරපායි	ksheerapai:2	kshirapayi:2	ksirapayi:1
ක්ෂීරපායින්	kshirapayin:2	ksirapayin:1
ක්ෂීරපායී	kshirapayi:2	ksirapayi:1
ක්ෂීරපායීන්	kshirapayin:2	ksirapayin:1
ක්ෂුද්‍ර	kshudra:2	ksudra:1
ක්ෂේත්‍ර	kshethra:2	ksetra:1
ක්ෂේත්‍රඵලය	kshethraphalaya:2	ksetraphalaya:1
ක්ෂේත්‍රය	kshethraya:2	ksetraya:1
ක්ෂේත්‍රයක	kshethrayaka:2	ksetrayaka:1
ක්ෂේත්‍රයක්	kshethrayak:2	ksetrayak:1
ක්ෂේත්‍රයකි	kshethrayaki:2	ksetrayaki:1
ක්ෂේත්‍රයට	kshethrayata:2	ksetrayata:1
ක්ෂේත්‍රයන්	kshethrayan:2	ksetrayan:1
ක්ෂේත්‍රයන්හි	kshethrayanhi:2	ksetrayanhi:1
ක්ෂේත්‍රයයි	kshethrayayi:2	ksetrayayi:1
ක්ෂේත්‍රයෙහි	kshethrayehi:2	ksetrayehi:1
ක්ෂේත්‍රයේ	kshethraye:2	ksetraye:1
ක්ෂේත්‍රයේද	kshethrayeda:2	ksetrayeda:1
ක්ෂේත්‍රවල	kshethravala:2	ksetravala:1
ක්ෂේත්‍රවලට	kshethravalata:2	ksetravalata:1
ක්‍රම	krama:3
ක්‍රමක්‍රමයෙන්	kramakramayen:3
ක්‍රමද	kramada:3
ක්‍රමය	kramaya:3
ක්‍රමයක	kramayaka:3
ක්‍රමයකට	kramayakata:3
ක්‍රමයකදී	kramayakadi:3
ක්‍රමයක්	kramayak:3
ක්‍රමයකි	kramayaki:3
ක්‍රමයකින්	kramayakin:3
ක්‍රමයකුත්	kramayakuth:2	kramayakut:1
ක්‍රමයට	kramayata:3
ක්‍රමයද	kramayada:3
ක්‍රමයන්	kramayan:3
ක්‍රමයන්හි	kramayanhi:3
ක්‍රමයයි	kramayayi:3
ක්‍රමයෙන්	kramayen:3
ක්‍රමයෙහි	kramayehi:3
ක්‍රමයේ	kramaye:3
ක්‍රමයේදි	kramayedi:3
ක්‍රමයේදී	kramayedi:3
ක්‍රමලේඛ	kramalekha:3
ක්‍රමලේඛන	kramalekhana:3
ක්‍රමලේඛනය	kramalekhanaya:3
ක්‍රමලේඛය	kramalekhaya:3
ක්‍රමවත්	kramavath:2	kramavat:1
ක්‍රමවත්ව	kramavathva:2	kramavatva:1
ක්‍රමවල	kramavala:3
ක්‍රමවලට	kramawalata:3	kramavalata:3
ක්‍රමවලදී	kramavaladi:3
ක්‍රමවලින්	kramavalin:3
ක්‍රමවේද	kramaveda:3
ක්‍රමවේදය	kramawedaya:4	kramavedaya:3
ක්‍රමවේදයකට	kramavedayakata:3
ක්‍රමවේදයක්	kramavedayak:3
ක්‍රමවේදයකි	kramavedayaki:3
ක්‍රමවේදයන්	kramawedayan:3	kramavedayan:3
ක්‍රමවේදයේ	kramavedaye:3
ක්‍රමශිල්ප	kramashilpa:2	kramasilpa:1
ක්‍රමාංකනය	kramamkanaya:2	kramankanaya:1
ක්‍රමාංකය	kramamkaya:2	kramankaya:1
ක්‍රමාණුකූලව	kramanukulava:3
ක්‍රමානුකූල	kramanukula:3
ක්‍රමානුකූලව	kramanukulava:3
ක්‍රමානුරූප	kramanurupa:3
ක්‍රමික	kramika:3
ක්‍රමිකව	kramikava:3
ක්‍රමෝපාය	kramopaya:3
ක්‍රමෝපායක්	kramopayak:3
ක්‍රමෝපායන්	kramopayan:3
ක්‍රිකට්	cricket:3
ක්‍රිඩා	krida:3
ක්‍රිඩාව	kridava:3
ක්‍රිඩාවේ	kridave:3
ක්‍රිපූ	kripu:3
ක්‍රියා	kriya:3
ක්‍රියාකර	kriyakara:3
ක්‍රියාකරන	kriyakarana:3
ක්‍රියාකරනු	kriyakaranu:3
ක්‍රියාකරනුයේ	kriyakaranuye:3
ක්‍රියාකරවන	kriyakaravana:3
ක්‍රියාකරු	kriyakaru:3
ක්‍රියාකල	kriyakala:3
ක්‍රියාකලාපය	kriyakalapaya:3
ක්‍රියාකළ	kriyakala:3
ක්‍රියාක්මක	kriyakmaka:3
ක්‍රියාකාර	kriyakara:3
ක්‍රියාකාරකම්	kriyakarakam:3
ක්‍රියාකාරකම්ය	kriyakarakamya:3
ක්‍රියාකාරකම්වල	kriyakarakamvala:3
ක්‍රියාකාරකම්වලට	kriyakarakamwalata:2	kriyakarakamvalata:3
ක්‍රියාකාරි	kriyakari:3
ක්‍රියාකාරිත්ව	kriyakarithva:2	kriyakaritva:1
ක්‍රියාකාරිත්වය	kriyakarithvaya:2	kriyakaritvaya:1
ක්‍රියාකාරිත්වයක්	kriyakarithvayak:2	kriyakaritvayak:1
ක්‍රියාකාරිත්වයට	kriyakarithvayata:2	kriyakaritvayata:1
ක්‍රියාකාරිත්වයන්	kriyakarithvayan:2	kriyakaritvayan:1
ක්‍රියාකාරී	kriyakari:3
ක්‍රියාකාරීත්ව	kriyakarithva:2	kriyakaritva:1
ක්‍රියාකාරීත්වය	kriyakarithwaya:2	kriyakarithvaya:2	kriyakaritvaya:1
ක්‍රියාකාරීත්වයක්	kriyakarithvayak:2	kriyakaritvayak:1
ක්‍රියාකාරීත්වයට	kriyakarithvayata:2	kriyakaritvayata:1
ක්‍රියාකාරීත්වයන්	kriyakarithvayan:2	kriyakaritvayan:1
ක්‍රියාකාරීත්වයෙන්	kriyakarithvayen:2	kriyakaritvayen:1
ක්‍රියාකාරීත්වයේ	kriyakarithvaye:2	kriyakaritvaye:1
ක්‍රියාකාරීව	kriyakariva:3
ක්‍රියාකිරීම	kriyakirima:3
ක්‍රියාකිරීමට	kriyakirimata:3
ක්‍රියාත්මක	kriyathmaka:2	kriyatmaka:1
ක්‍රියාත්මකව	kriyathmakava:2	kriyatmakava:1
ක්‍රියාත්මකවන	kriyathmakavana:2	kriyatmakavana:1
ක්‍රියාත්මකවූ	kriyathmakavu:2	kriyatmakavu:1
ක්‍රියාත්මකවේ	kriyathmakave:2	kriyatmakave:1
ක්‍රියාද	kriyada:3
ක්‍රියාදාම	kriyadama:3
ක්‍රියාදාමය	kriyadamaya:3
ක්‍රියාදාමයකට	kriyadamayakata:3
ක්‍රියාදාමයක්	kriyadamayak:3
ක්‍රියාදාමයන්	kriyadamayan:3
ක්‍රියාන්විත	kriyanvitha:2	kriyanvita:1
ක්‍රියාන්විතයක්	kriyanvithayak:2	kriyanvitayak:1
ක්‍රියාපටිපාටිය	kriyapatipatiya:3
ක්‍රියාපටිපාටීන්	kriyapatipatin:2	kriyapatipathin:1
ක්‍රියාමාර්ග	kriyamarga:3
ක්‍රියාමාර්ගය	kriyamargaya:3
ක්‍රියාමාර්ගයන්	kriyamargayan:3
ක්‍රියාමාර්ගයන්ට	kriyamargayanta:3
ක්‍රියාව	kriyava:3
ක්‍රියාවක	kriyavaka:3
ක්‍රියාවක්	kriyawak:4	kriyavak:3
ක්‍රියාවකි	kriyavaki:3
ක්‍රියාවට	kriyawata:5	kriyavata:3
ක්‍රියාවන්	kriyawan:2	kriyavan:3
ක්‍රියාවන්ගේ	kriyavange:3
ක්‍රියාවන්ට	kriyavanta:3
ක්‍රියාවන්ද	kriyavanda:3
ක්‍රියාවන්හි	kriyavanhi:3
ක්‍රියාවල	kriyavala:3
ක්‍රියාවලට	kriyavalata:3
ක්‍රියාවලදී	kriyavaladi:3
ක්‍රියාවලි	kriyawali:2	kriyavali:3
ක්‍රියාවලින්	kriyavalin:3
ක්‍රියාවලිය	kriyawaliya:9	kriyavaliya:3
ක්‍රියාවලියක	kriyavaliyaka:3
ක්‍රියාවලියකට	kriyavaliyakata:3
ක්‍රියාවලියක්	kriyavaliyak:3
ක්‍රියාවලියකි	kriyavaliyaki:3
ක්‍රියාවලියට	kriyavaliyata:3
ක්‍රියාවලියද	kriyavaliyada:3
ක්‍රියාවලියන්	kriyavaliyan:3
ක්‍රියාවලියයි	kriyavaliyayi:3
ක්‍රියාවලියෙන්	kriyavaliyen:3
ක්‍රියාවලියේ	kriyawaliye:3	kriyavaliye:3
ක්‍රියාවලියේදී	kriyavaliyedi:3
ක්‍රියාවලීන්	kriyavalin:3
ක්‍රියාවිරහිත	kriyavirahitha:2	kriyavirahita:1
ක්‍රියාවෙන්	kriyaven:3
ක්‍රියාවෙහි	kriyavehi:3
ක්‍රියාවේ	kriyave:3
ක්‍රියාශීලී	kriyashili:2	kriyasili:1
ක්‍රියාශීලීව	kriyashiliva:2	kriyasiliva:1
ක්‍රියු	kriyu:3
ක්‍රිව	kriva:3
ක්‍රිශාන්ත	chrishantha:1	khrishantha:1	krisanta:1	krishantha:1
ක්‍රිෂ්ණ	krishna:2	krisna:1
ක්‍රිෂ්ණන්	krishnan:2	krisnan:1
ක්‍රිෂ්ණා	krishna:2	krisna:1
ක්‍රිස්	chris:2	kris:1
ක්‍රිස්ටි	christy:2	kristi:1
ක්‍රිස්ටියන්	christian:3
ක්‍රිස්ටෝපර්	christopher:1	kristopar:1	kristoper:1
ක්‍රිස්තියානි	kristhiyani:2	kristiyani:1
ක්‍රිස්තියානින්	kristhiyanin:2	kristiyanin:1
ක්‍රිස්තියානිය	kristhiyaniya:2	kristiyaniya:1
ක්‍රිස්තියානී	kristhiyani:2	kristiyani:1
ක්‍රිස්තියානු	kristhiyanu:2	kristiyanu:1
ක්‍රිස්තියානුවන්	kristhiyanuvan:2	kristiyanuvan:1
ක්‍රිස්තු	kristhu:2	kristu:1
ක්‍රිස්තුන්	kristhun:2	kristun:1
ක්‍රිස්තුපූර්ව	kristhupurva:2	kristupurva:1
ක්‍රිස්තුස්	kristhus:2	kristus:1
ක්‍රිස්තුස්වහන්සේගේ	kristhusvahansege:2	kristusvahansege:1
ක්‍රීඩක	kreedaka:3	kridaka:3
ක්‍රීඩකයන්	kreedakayan:2	kridakayan:3
ක්‍රීඩකයන්ගෙන්	kridakayangen:3
ක්‍රීඩකයන්ගේ	kridakayange:3
ක්‍රීඩකයන්ට	kridakayanta:3
ක්‍රීඩකයා	kridakaya:3
ක්‍රීඩකයාගේ	kridakayage:3
ක්‍රීඩකයාට	kridakayata:3
ක්‍රීඩකයින්	kridakayin:3
ක්‍රීඩකයින්ගේ	kridakayinge:3
ක්‍රීඩකයෙක්	kridakayek:3
ක්‍රීඩකයෙකි	kridakayeki:3
ක්‍රීඩකයෙකු	kreedakayeku:2	kridakayeku:3
ක්‍රීඩා	kreeda:12	krida:3
ක්‍රීඩාංගණය	kridamganaya:2	kridanganaya:1
ක්‍රීඩාංගණයේ	kridamganaye:2	kridanganaye:1
ක්‍රීඩාංගන	kridamgana:2	kridangana:1
ක්‍රීඩාංගනය	kridamganaya:2	kridanganaya:1
ක්‍රීඩාංගනයේ	kridamganaye:2	kridanganaye:1
ක්‍රීඩාංගනයේදී	kridamganayedi:2	kridanganayedi:1
ක්‍රීඩාගාරය	kridagaraya:3
ක්‍රීඩාව	kridawa:4	kridava:2
ක්‍රීඩාවක්	kreedawak:2	kridavak:2	kridawak:1
ක්‍රීඩාවකි	kridavaki:2	kridawaki:1
ක්‍රීඩාවට	kridavata:2	kreedawata:1
ක්‍රීඩාවන්	kridavan:2	kridawan:1
ක්‍රීඩාවන්ට	kridavanta:2	kridawanta:1
ක්‍රීඩාවලට	kridavalata:2	kridawalata:1
ක්‍රීඩාවෙන්	kridaven:2	kridawen:1
ක්‍රීඩාවෙහි	kridavehi:2	kridawehi:1
ක්‍රීඩාවේ	kreedawe:3	kridave:2	kridawe:1
ක්‍රීඩාවේදී	kridavedi:2	kridawedee:1
ක්‍රීඩිකාවන්	kridikavan:2	kridikawan:1
ක්‍රීම්	cream:3
ක්‍රෙඩිට්	credit:3
ක්‍රොස්	cross:2	cruise:1
ක්‍රෝධය	krodhaya:3
ක්‍රෝම්	chrome:2	crome:1
කා	ka:6
කාංචනා	kanchana:2	kancana:1
කාංසා	kansa:2	kamsa:1
කාංසාව	kamsava:1	kansava:1	kansawa:1
කාංසාවට	kamsavata:1	kansavata:1	kansawata:1
කාඕ	kao:3
කාක	kaka:3
කාක්ෂික	kakshika:2	kaksika:1
කාගීල්ස්	cargills:1	cargils:1	kagils:1
කාගෙත්	kageth:2	kaget:1
කාගේත්	kageth:2	kaget:1
කාච	kacha:2	kaca:1
කාචය	kachaya:2	kacaya:1
කාචයක	kachayaka:2	kacayaka:1
කාචයක්	kachayak:2	kacayak:1
කාචයේ	kachaye:2	kacaye:1
කාජල්	kajal:2	kajel:1	kajol:1
කාටත්	katath:2	katat:1
කාටර්	katar:2	carter:1
කාටවත්	katavat:2	katavath:1
කාටිලේජය	katilejaya:2	cartilageya:1
කාටුන	katuna:2	cartoon:1
කාටුන්	cartoon:3
කාටූනය	katunaya:2	cartoonaya:1
කාටූන්	cartoon:3
කාඩ	kada:2	carder:1
කාඩ්	card:3
කාඩ්පතක්	cardpatak:1	kadpatak:1	kadpathak:1
කාඩ්පත්	kadpat:2	kadpath:1
කාඩ්බෝඩ්	cardboard:3
කාඩි	kadi:2	cardi:1
කාඩිෆ්	kadif:2	cardiff:1
කාණ්ඩ	kanda:3
කාණ්ඩය	kandaya:3
කාණ්ඩයකට	kandayakata:3
කාණ්ඩයක්	kandayak:3
කාණ්ඩයකි	kandayaki:3
කාණ්ඩයට	kandayata:3
කාණ්ඩයේ	kandaye:3
කාණ්ඩවල	kandavala:3
කාණ්ඩවලින්	kandavalin:3
කාණු	kanu:3
කාණුව	kanuva:3
කාණුවක්	kanuvak:3
කාත්තන්කුඩි	kaththankudi:2	kattankudi:1
කාන්	kan:2	khan:1
කාන්තා	kantha:2	kanta:1
කාන්තාර	kanthara:2	kantara:1
කාන්තාරකරණය	kantharakaranaya:2	kantarakaranaya:1
කාන්තාරය	kantharaya:2	kantaraya:1
කාන්තාරයේ	kantharaye:2	kantaraye:1
කාන්තාරවල	kantharavala:2	kantaravala:1
කාන්තාව	kanthava:2	kantava:1
කාන්තාවක	kanthavaka:2	kantavaka:1
කාන්තාවකගේ	kanthavakage:2	kantavakage:1
කාන්තාවකට	kanthavakata:2	kantavakata:1
කාන්තාවක්	kanthawak:2	kanthavak:2	kantavak:1
කාන්තාවකි	kanthavaki:2	kantavaki:1
කාන්තාවගේ	kanthavage:2	kantavage:1
කාන්තාවනට	kanthavanata:2	kantavanata:1
කාන්තාවන්	kanthawan:4	kanthavan:2	kantavan:1
කාන්තාවන්ගේ	kanthavange:2	kantavange:1
කාන්තාවන්ට	kanthavanta:2	kantavanta:1
කාන්තාවන්ව	kanthavanva:2	kantavanva:1
කාන්තාවෝ	kanthavo:2	kantavo:1
කාන්තිමත්	kanthimath:2	kantimat:1
කාන්තිය	kanthiya:2	kantiya:1
කාන්දම්	kandam:3
කාන්දු	kandu:3
කාන්දුවීම	kanduvima:3
කානු	kanu:3
කානෝ	kano:3
කාපිය	kapiya:3
කාබන්	carbon:2	kaban:1
කාබන්ඩයොක්සයිඩ්	carbondioksid:1	carbondioxide:1	kabandayoksayid:1
කාබනික	carbonica:2	kabanika:2	cabanika:1
කාබනේට	carbonata:2	kabaneta:1
කාබනේට්	carbonate:3
කාබයිට්	carbide:2	carbite:1
කාබුල්	kabul:2	carbul:1
කාබෝහයිඩ්‍රේට	carbohydrata:1	carbohydrate:1	kabohayidreta:1
කාම	kama:3
කාමය	kamaya:3
කාමයන්හි	kamayanhi:3
කාමයෙන්	kamayen:3
කාමයෙහි	kamayehi:3
කාමර	kamara:3
කාමරය	kamaraya:3
කාමරයක	kamarayaka:3
කාමරයකට	kamarayakata:3
කාමරයක්	kamarayak:3
කාමරයට	kamarayata:3
කාමරයෙන්	kamarayen:3
කාමරයේ	kamaraye:3
කාමරවල	kamaravala:3
කාමරේ	kamare:3
කාම්බෝජය	kambojaya:3
කාම්බෝජයේ	kambojaye:3
කාමාශාවන්	kamasavan:2	kamashavan:1
කාමුක	kamuka:3
කාය	kaya:3
කායවර්ධන	kayavardhana:3
කායානුපස්සනා	kayanupassana:3
කායික	kayika:3
කාරක	karaka:3
කාරකය	karakaya:3
කාරකයක්	karakayak:3
කාරකයන්	karakayan:3
කාරණය	karanaya:3
කාරණයක්	karanayak:3
කාරණයකි	karanayaki:3
කාරණයේදී	karanayedi:3
කාරණා	karana:3
කාරණාවක්	karanavak:3
කාරණාවන්	karanavan:3
කාරනය	karanaya:3
කාරනා	karana:3
කාරනාව	karanava:3
කාරය	karaya:3
කාරයක	karayaka:3
කාරයක්	karayak:3
කාරයින්	karayin:3
කාරයෙක්	karayek:3
කාර්	car:3
කාර්ගීල්ස්	cargills:3
කාර්තික්	karthik:3
කාර්තුව	karthuva:2	kartuva:1
කාර්තුවේදී	karthuvedi:2	kartuvedi:1
කාර්තේජය	karthejaya:2	kartejaya:1
කාර්තේජ්	carthage:1	kartej:1	karthej:1
කාර්දිනල්	kardinal:3	cardinal:2
කාර්මික	karmika:3
කාර්මිකයන්	karmikayan:3
කාර්මිකයෙකු	karmikayeku:3
කාර්මිකරණය	karmikaranaya:3
කාර්මිකව	karmikawa:2	karmikava:3
කාර්මීකරණය	karmikaranaya:3
කාර්මීකරණයත්	karmikaranayath:2	karmikaranayat:1
කාර්මුඞී	karmuni:2	carmudi:1
කාර්මෙල්	karmel:2	carmel:1	carmell:1
කාර්ය	karya:3
කාර්යංශ	karyamsa:2	karyamsha:1	karyansa:1
කාර්යක්	karyak:3
කාර්යක්ෂම	karyakshama:2	karyaksama:2
කාර්යක්ෂමතා	karyaksamata:1	karyaksamatha:1	karyakshamata:1	karyakshamatha:1
කාර්යක්ෂමතාව	karyaksamatava:1	karyaksamathava:1	karyakshamatava:1	karyakshamathava:1
කාර්යක්ෂමතාවය	karyakshamathawaya:2	karyakshamatavaya:2	karyaksamatavaya:1	karyaksamathavaya:1
කාර්යක්ෂමව	karyaksamava:2	karyakshamava:2
කාර්යන්	karyan:3
කාර්යබහුල	karyabahula:3
කාර්යභාරය	kaaryabhaaraya:2	karyabharaya:3
කාර්යභාරයක්	karyabharayak:3
කාර්යභාර්ය	karyabharya:3
කාර්යමණ්ඩලය	karyamandalaya:3
කාර්යමණ්ඩලයේ	karyamandalaye:3
කාර්යය	karyaya:3
කාර්යයක	karyayaka:3
කාර්යයක්	karyayak:3
කාර්යයකි	karyayaki:3
කාර්යයට	karyayata:3
කාර්යයන්	karyayan:3
කාර්යයන්ගෙන්	karyayangen:3
කාර්යයන්ට	karyayanta:3
කාර්යයන්වල	karyayanvala:3
කාර්යයාල	karyayala:3
කාර්යයෙහි	karyayehi:3
කාර්යයේ	karyaye:3
කාර්යයේදී	karyayedi:3
කාර්යශූර	karyasura:3
කාර්යාංශ	karyamsa:2	karyamsha:1	karyansa:1
කාර්යාංශය	karyanshaya:2	karyamsaya:2	karyamshaya:2
කාර්යාංශයට	karyamsayata:2	karyamshayata:1	karyansayata:1
කාර්යාල	karyala:3
කාර්යාලය	karyalaya:3
කාර්යාලයක	karyalayaka:3
කාර්යාලයක්	karyalayak:3
කාර්යාලයක්ද	karyalayakda:3
කාර්යාලයට	karyalayata:3
කාර්යාලයෙන්	karyalayen:3
කාර්යාලයෙහි	karyalayehi:3
කාර්යාලයේ	karyalaye:3
කාර්යාලවල	karyalawala:2	karyalavala:2
කාර්යාලීය	karyaliya:2	karyaleeya:1
කාර්යේ	karye:3
කාර්‍යබහුල	karyabahula:3
කාර්‍යය	karyaya:3
කාරි	kari:3
කාරිය	kariya:3
කාරියක්	kariyak:3
කාරියවසම්	kariyavasam:2	kariyawasam:1
කාරී	kari:2	karee:1
කාරුණික	karunika:3
කාල	kala:3
කාලගුණ	kalaguna:3
කාලගුණය	kalagunaya:3
කාලගුණයක්	kalagunayak:3
කාලගුණයේ	kalagunaye:3
කාලගුණික	kalagunika:3
කාලතරණය	kalatharanaya:2	kalataranaya:1
කාලතුවක්කු	kalathuvakku:1	kalathuwakku:1	kalatuvakku:1
කාලනිර්ණය	kalanirnaya:3
කාලපරිච්ඡේදය	kalaparichchedaya:3
කාලය	kalaya:2	kalayada:1
කාලයක	kalayaka:3
කාලයකට	kalayakata:3
කාලයකදි	kalayakadi:3
කාලයකදී	kalayakadi:2	kalayakadee:1
කාලයකදීම	kalayakadima:2	kalayakadeema:1
කාලයක්	kalayak:3
කාලයකි	kalayaki:3
කාලයකින්	kalayakin:2	kalayaki:1
කාලයට	kalayata:3
කාලයත්	kalayath:3
කාලයද	kalayada:3
කාලයන්	kalayan:3
කාලයන්හි	kalayanhi:3
කාලයම	kalayama:3
කාලයයි	kalayayi:2	kalayai:1
කාලයා	kalaya:3
කාලයාගේ	kalayage:3
කාලයෙක	kalayeka:3
කාලයෙන්	kalayen:3
කාලයෙහි	kalayehi:3
කාලයෙහිදී	kalayehidi:2	kalayehidee:1
කාලයේ	kalaye:3
කාලයේද	kalayeda:3
කාලයේදි	kalayedi:3
කාලයේදී	kalayedi:2	kalayedee:1
කාලයේදීම	kalayedima:2	kalayedeema:1
කාලයේදීය	kalayediya:2	kalayedeeya:1
කාලයේම	kalayema:3
කාලවකවානු	kalavakavanu:2	kalawakawanu:1
කාලවර්ණ	kalavarna:2	kalawarna:1
කාලවල	kalavala:2	kalawala:1
කාලවලදී	kalavaladi:2	kalawaladee:1
කාලසීමා	kalasima:2	kalaseema:1
කාලසීමාව	kalasimava:2	kalaseemawa:1
කාලසීමාවක	kalasimavaka:2	kalaseemawaka:1
කාලසීමාවක්	kalasimavak:2	kalasimawak:1
කාලසීමාවන්	kalasimavan:2	kalaseemawan:1
කාලසීමාවෙහිදී	kalasimavehidi:2	kalaseemawehidee:1
කාල්	kal:2	karl:1
කාල්පනික	kalpanika:3
කාල්මාක්ස්	kalmaks:1	karlmarks:1	karlmarx:1
කාලාන්තරයක්	kalantharayak:3
කාලානුරූප	kalanurupa:3
කාලානුරූපව	kalanurupava:2	kalanurupawa:1
කාලානුරූපීව	kalanurupiva:2	kalanurupeewa:1
කාලි	kali:3
කාලිංග	kalinga:4
කාලිංඝ	kalinga:2	kalimgha:1
කාලිදාස	kalidasa:3
කාලිදාසයන්	kalidasayan:3
කාලින	kalina:3
කාලිනව	kalinava:2	kalinawa:1
කාලීන	kaleena:4	kalina:2
කාලීනව	kaleenawa:7	kalinava:2
කාලෙ	kale:3
කාලේ	kale:3
කාලෝචිත	kalochitha:2	kalocitha:1
කාවන්තිස්ස	kavanthissa:2	kawanthissa:1
කාව්‍ය	kavya:2	kawya:1
කාව්‍යකරුවන්	kavyakaruvan:2	kawyakaruwan:1
කාව්‍යමය	kavyamaya:2	kawyamaya:1
කාව්‍යය	kavyaya:3	kawyaya:1
කාව්‍යයක්	kavyayak:3	kawyayak:1
කාව්‍යයන්	kavyayan:3	kawyayan:1
කාව්‍යයෙන්	kavyayen:3	kawyayen:1
කාව්‍යයේ	kavyaye:3	kawyaye:1
කාව්‍යාලංකාර	kavyalamkara:2	kawyalangkara:1
කාවා	kava:3	kawa:1
කාවේරි	kaveri:3	kaweri:1
කාශ්මීර	kashmeera:1	kashmira:1	kasmira:1
කාශ්මීරය	kashmiraya:2	kashmeeraya:1
කාශ්‍යප	kashyapa:2	kasyapa:1
කාෂ්‍යප	kaashyapa:1	kashyapa:1	kassyapa:1
කාසි	kasi:2	kaasi:1
කාසිම්	casim:1	cassim:1	kasim:1
කාසිය	kasiya:2	kaasiya:1
කාසියක	kasiyaka:2	kaasiyaka:1
කාසියක්	kasiyak:2	kaasiyak:1
කාසියේ	kasiye:2	kaasiye:1
කාසිවල	kasivala:2	kaasivala:1
කාළ	kala:2	kaala:1
කාළගුණ	kalaguna:2	kaalaguna:1
කාළගුණය	kalagunaya:2	kaalagunaya:1
කාළගුණයක්	kalagunayak:2	kaalagunayak:1
කාළගුණික	kalagunika:2	kaalagunika:1
කාළය	kalaya:2	kaalaya:1
කාළයේ	kalaye:2	kaalaye:1
කැකිරාව	kakirawa:2	kekirawa:1
කැට්	cat:3
කැතරින්	catarin:1	catherine:1	katherin:1
කැනඩා	canada:3
කැන්වස්	canvas:3
කැප්ටන්	captain:3
කැපිටල්	capital:3
කැබිනට්	cabinet:1	cabineth:1	kabinet:1
කැමරන්	cameron:1	cammaron:1	kamaran:1
කැම්	cam:3
කැරට්	carrot:3	caret:1
කැරිබියන්	caribbean:2	caribean:1
කැරිබියානු	caribbeannu:1	caribbeanu:1	kaeribiyaanu:1
කැරීබියන්	caribbean:2	caribean:1
කැරොලයින්	caroline:2	caraline:1
කැරොල්	carol:3
කැරොලින්	caroline:2	carolin:1
කැරොලිනා	carolina:3
කැලණි	kelani:3
කැලණිය	kelaniya:3
කැලරි	calorie:1	calory:1	kaelari:1
කැල්වින්	calvin:2	kalvin:1
කැල්සියම්	calcium:2	kaelsiyam:1
කැලිප්සෝ	calypso:2	kaelipso:1
කැලිෆෝනියා	california:2	kaelifoniya:1
කැලිෆෝනියාවේ	californiave:2	kaelifoniyave:1
කැස්ත්‍රෝ	castro:2	kaesthro:1
කෑරගල	keragala:2	kaeragala:1
කිංග්ස්	kings:3
කිංස්ලි	kimsli:1	kingsley:1	kinsli:1
කික්	kick:2	kik:1
කිඤ්චි	kinchi:1	kinci:1	kinkchi:1
කිට්ටු	kittu:3
කිට්ටුවට	kittuvata:3
කිට්ටුවෙන්	kittuven:3
කිට්ස්	kits:3
කිඩාරන්	kidaran:3
කිණිස්ස	kinissa:3
කිණිහිරි	kinihiri:3
කිත්ති	kiththi:2	kitti:1
කිත්සිරි	kithsiri:2	kitsiri:1
කිතු	kithu:2	kitu:1
කිතුණු	kithunu:2	kitunu:1
කිතුණුවන්	kithunuvan:2	kitunuvan:1
කිතුදහම	kithudahama:2	kitudahama:1
කිතුනු	kithunu:2	kitunu:1
කිතුනුවන්	kithunuvan:2	kitunuvan:1
කිතුනුවෝ	kithunuvo:2	kitunuvo:1
කිතුල්	kithul:2	kitul:1
කිතුල්ගල	kitulgala:2	kithulgala:1
කිනම්	kinam:3
කින්	kin:3
කින්ද	kinda:3
කින්නර	kinnara:3
කින්නියා	kinniya:3
කිනි	kini:3
කිනිති	kinithi:2	kiniti:1
කිඳා	kinda:3
කිපයක්	kipayak:3
කිපීමෙන්	kipimen:3
කිපුණු	kipunu:3
කිම	kima:3
කිම්	kim:3
කිම්ට	kimta:3
කිමිදී	kimidi:3
කිමිදුම්	kimidum:3
කිමී	kimi:3
කිඹිස්ස	kimbissa:3
කිඹුල්වත්	kimbulvath:2	kimbulvat:1
කිඹුලා	kimbula:3
කිය	kiya:3
කියත	kiyatha:2	kiyata:1
කියත්	kiyath:2	kiyat:1
කියති	kiyathi:2	kiyati:1
කියතොත්	kiyathoth:1	kiyatot:1	kiyatoth:1
කියන	kiyana:3
කියනලද	kiyanalada:3
කියනවා	kiyanava:3
කියන්න	kiyanna:3
කියන්නට	kiyannata:3
කියන්නන්	kiyannan:3
කියන්නම්	kiyannam:3
කියන්නෙ	kiyanne:3
කියන්නෙක්	kiyannek:3
කියන්නේ	kiyanne:3
කියනා	kiyana:3
කියනු	kiyanu:3
කියමන	kiyamana:3
කියමන්	kiyaman:3
කියම්	kiyam:3
කියමි	kiyami:3
කියමින්	kiyamin:3
කියයි	kiyayi:3
කියල	kiyala:3
කියලා	kiyala:3
කියවන	kiyavana:3
කියවනය	kiyavanaya:3
කියවන්න	kiyavanna:3
කියවන්නට	kiyavannata:3
කියවන්නන්	kiyavannan:3
කියවන්නා	kiyavanna:3
කියවන්නාට	kiyavannata:3
කියවන්නේ	kiyawanne:2	kiyavanne:3
කියවනු	kiyavanu:3
කියවයි	kiyavayi:3
කියව්	kiyav:2	kiyavu:1
කියවා	kiyava:3
කියවිය	kiyaviya:3
කියවීම	kiyavima:3
කියවීමක්	kiyavimak:3
කියවීමට	kiyavimata:3
කියවීම්	kiyavim:3
කියවීමෙන්	kiyavimen:3
කියවීමේ	kiyavime:3
කියවීමේදී	kiyavimedi:3
කියවූ	kiyavu:3
කියවෙන	kiyavena:3
කියවෙන්නේ	kiyavenne:3
කියවෙනුයේ	kiyavenuye:3
කියවේ	kiyawe:4	kiyave:3
කියා	kiya:3
කියාත්	kiyath:2	kiyat:1
කියාදීම	kiyadima:3
කියාපාන	kiyapana:3
කියාපාන්නේ	kiyapanne:3
කියාපායි	kiyapayi:2	kiyapai:1
කියාපිය	kiyapiya:3
කියාය	kiyaya:2	kiyaye:1
කියාසිටියේ	kiyasitiye:3
කියු	kiyu:3
කියුබාව	kiyubava:2	cubava:1
කියුබාවේ	kiyubave:2	cubave:1
කියුබික්	kiyubik:2	cubic:1
කියුම්	kiyum:3
කියුරි	kiyuri:2	curiey:1
කියුරියාව	kiyuriyava:2	curieyava:1
කියුරියෝසිටි	curiosity:2	kiyuriyositi:1
කියූ	kiyu:3
කියෝතෝ	kiyoto:1	kyotho:1	kyoto:1
කිර	kira:3
කිරණ	kirana:3
කිරණය	kiranaya:2	kiranai:1
කිරණවලට	kiranavalata:3
කිරා	kira:3
කිරාන්	kiran:3
කිරි	kiri:3
කිරිඅල	kiriala:3
කිරිගරුඬ	kirigarunda:3
කිරිත්	kirith:2	kirit:1
කිරින්ද	kirinda:3
කිරිඳි	kirindi:3
කිරිපිටි	kiripiti:3
කිරිපිඬු	kiripindu:3
කිරිබත්	kiribath:2	kiribat:1
කිරිබත්ගොඩ	kiribathgoda:3
කිරිම	kireema:10	kirima:3
කිරිමකට	kirimakata:3
කිරිමක්	kirimak:3
කිරිමට	kirimata:3
කිරිමටත්	kirimatath:2	kirimatat:1
කිරිමත්	kirimath:2	kirimat:1
කිරිමයි	kirimayi:2	kirimaai:1
කිරිම්	kirim:3
කිරිමෙන්	kirimen:3
කිරිමේ	kirime:3
කිරිමේදි	kirimedi:3
කිරිමේදී	kirimedi:2	kirimedee:1
කිරිය	kiriya:3
කිරිල්ලිය	kirilliya:3
කිරිවල	kirivala:3
කිරිවලට	kirivalata:3
කිරිවලින්	kirivalin:3
කිරිවෙහෙරට	kiriveherata:3
කිරීට	kirita:2	kireeta:1
කිරීටක	kiritaka:2	kireetaka:1
කිරීටයට	kiritayata:2	kireetayata:1
කිරීම	kireema:81	kirima:2
කිරීමකට	kirimakata:2	kireemakata:1
කිරීමකදී	kirimakadi:2	kireemakadee:1
කිරීමක්	kireemak:2	kirimak:2
කිරීමකි	kireemaki:3	kirimaki:2
කිරීමකින්	kirimakin:2	kireemakin:1
කිරීමට	kireemata:50	kirimata:2
කිරීමටත්	kireematath:3	kirieematat:1	kirimatat:1	kirimatath:1
කිරීමටද	kirimatada:2	kireematada:1
කිරීමටය	kirimataya:2	kireemataya:1
කිරීමටයි	kirimatayi:2	kireemataai:1
කිරීමත්	kireemath:2	kireemat:1	kirimat:1	kirimath:1
කිරීමත්ය	kireematya:1	kirimathya:1	kirimatya:1
කිරීමද	kirimada:2	kireemada:1
කිරීමය	kirimaya:2	kireemaya:1
කිරීමයි	kireemai:6	kirimayi:2	kireemaai:1
කිරීම්	kireem:11	kirim:2
කිරීම්වල	kirimvala:2	kireemvala:1
කිරීම්වලට	kirimvalata:2	kireemvalata:1
කිරීම්වලදී	kirimvaladi:2	kireemvaladee:1
කිරීම්වලින්	kirimvalin:2	kireemvalin:1
කිරීමෙ	kirime:2	kireeme:1
කිරීමෙන්	kireemen:9	kirimen:2
කිරීමෙනි	kirimeni:2	kireemeni:1
කිරීමෙහි	kirimehi:2	kireemehi:1
කිරීමෙහිලා	kirimehila:2	kireemehilaa:1
කිරීමේ	kirime:2	kireeme:1
කිරීමේදි	kirimedi:3
කිරීමේදී	kirimedi:3
කිරීමේදීද	kirimedida:3
කිරීමේදීය	kirimediya:3
කිරුල	kirula:3
කිරුළ	kirula:3
කිරුළක්	kirulak:3
කිරුළට	kirulata:3
කිරුළපන	kirulapana:3
කිරුළු	kirulu:3
කිල්ලට	killata:3
කිලිටි	kiliti:3
කිලිනොච්චි	kilinochchi:3
කිලිනොච්චිය	kilinochchiya:3
කිලෝ	kilo:3
කිලෝමීටර	kilometer:1	kilometera:1	kilomitar:1
කිලෝමීටර්	kilomitar:2	kilometer:1
කිව	kiwa:3	kiva:3
කිවහොත්	kiwahoth:4	kivahoth:2	kivahot:1
කිව්ව	kivva:3
කිව්වා	kivva:3
කිව්වේ	kivve:3
කිව්වොත්	kivvoth:2	kivvot:1
කිවි	kiwi:2	kivi:1
කිවිඳු	kivindu:3
කිවුල්	kivul:2	kivvul:1
කිසි	kisi:3
කිසිත්	kisith:2	kisit:1
කිසිදා	kisida:3
කිසිදාක	kisidaka:3
කිසිදින	kisidina:3
කිසිදිනක	kisidinaka:3
කිසිදිනෙක	kisidineka:3
කිසිදු	kisidu:3
කිසිඳු	kisindu:3
කිසිම	kisima:3
කිසියම්	kisiyam:3
කිසිවක්	kisiwak:3	kisivak:3
කිසිවකු	kisivaku:3
කිසිවකුගේ	kisivakuge:3
කිසිවකුට	kisivakuta:3
කිසිවකුටත්	kisivakutath:2	kisivakutat:1
කිසිවකුත්	kisivakuth:2	kisivakut:1
කිසිවිට	kisivita:3
කිසිවිටක	kisivitaka:3
කිසිවිටෙක	kisiviteka:3
කිසිවෙක්	kisivek:3
කිසිවෙකු	kisiveku:3
කිසිවෙකුගේ	kisivekuge:3
කිසිවෙකුට	kisivekuta:3
කිසිවෙකුටත්	kisivekutath:2	kisivekutat:1
කිසිවෙකුත්	kisivekuth:2	kisivekut:1
කිසිසේත්	kisiseth:2	kisiset:1
කිසිසේත්ම	kisisethma:2	kisisetma:1
කිහිප	kihipa:3
කිහිපදෙනකු	kihipadenaku:3
කිහිපදෙනා	kihipadena:3
කිහිපදෙනෙක්	kihipadenek:3
කිහිපදෙනෙකු	kihipadeneku:3
කිහිපය	kihipaya:3
කිහිපයක	kihipayaka:3
කිහිපයකට	kihipayakata:3
කිහිපයකදී	kihipayakadi:3
කිහිපයකදීම	kihipayakadima:3
කිහිපයකම	kihipayakama:3
කිහිපයක්	kihipayak:3
කිහිපයක්ද	kihipayakda:3
කිහිපයක්ම	kihipayakma:3
කිහිපයකි	kihipayaki:3
කිහිපයකින්	kihipayakin:3
කිහිපයකින්ම	kihipayakinma:3
කී	ki:2	key:1
කීකරු	kikaru:3
කීකිරිඳිය	kikirindiya:2	keekeridiya:1
කීට්ස්	kits:2	keets:1
කීටෝන	kitona:2	ketone:1
කීප	kipa:3
කීපදෙනෙක්	kipadenek:3
කීපදෙනෙකු	kipadeneku:3
කීපය	kipaya:3
කීපයක	kipayaka:3
කීපයකට	kipayakata:3
කීපයක්	keepayak:3	kipayak:3
කීපයක්ද	kipayakda:3
කීපයක්ම	kipayakma:3
කීපයකි	kipayaki:3
කීපයකින්	kipayakin:3
කීපයේදී	kipayedi:3
කීපවරක්	kipavarak:3
කීබෝඩ්	kibod:2	keyboard:1
කීම	kima:3
කීමට	kimata:3
කීම්	kim:3
කීමෙන්	kimen:3
කීමේ	kime:3
කීමේදී	kimedi:3
කීය	kiya:3
කීර	kira:3
කීර්ති	keerthi:2	kirthi:1
කීර්තිමත්	keerthimath:2	kirthimath:2	keertimat:1
කීර්තිය	kirthiya:2	keertiya:1
කීර්තියක්	kirthiyak:2	keertiyak:1
කීර්තියට	kirthiyata:2	keertiyata:1
කීර්තිසේන	keerthisena:1	keertisena:1	kirthisena:1
කීරීම	kirima:2	keereema:1
කීවාය	kivaya:2	keevaaya:1
කීවෙකි	kiveki:2	keeveki:1
කීවේ	kive:2	keeve:1
කීවේය	kiveya:2	keeveya:1
කීහ	kiha:2	keeha:1
කුක්	cook:2	kuk:1
කුක්කුට	kukkuta:3
කුකුල්	kukul:3
කුකුසක්	kukusak:3
කුකුළා	kukula:2	kukulaa:1
කුකුළාගේ	kukulage:2	kukulaage:1
කුකුළු	kukulu:2	kukula:1
කුච්චවේලි	kuchchaveli:1	kuchchuweli:1	kuchivalli:1
කුට්ටන්	kuttan:3
කුට්ටමක	kuttamaka:3
කුට්ටම්	kuttam:3
කුට්ටමේ	kuttame:3
කුට්ටි	kutti:3
කුට්ටියක්	kuttiyak:3
කුටි	kuti:3
කුටිය	kutiya:3
කුටියක	kutiyaka:3
කුටියක්	kutiyak:3
කුටියට	kutiyata:3
කුටියාට්ටම්	kutiyattam:2	kutiyaattam:1
කුටියෙහි	kutiyehi:3
කුටියේ	kutiye:3
කුටීර	kutira:2	kuteera:1
කුටීරය	kutiraya:2	kuteeraya:1
කුටීරයක්	kutirayak:2	kuteerayak:1
කුටීරයේ	kutiraye:2	kuteeraye:1
කුඩ	kuda:3
කුඩක්	kudak:3
කුඩය	kudaya:3
කුඩා	kuda:2	kudaa:1
කුඩාපොල	kudapola:3
කුඩාම	kudama:2	kudaama:1
කුඩාය	kudaya:2	kudaaya:1
කුඩාවට	kudavata:2	kudaavata:1
කුඩු	kudu:3
කුඩුකර	kudukara:3
කුඩුම්බිගල	kudumbigala:3
කුඩුවලට	kuduvalata:2	kudvalata:1
කුණකටුවා	kunakatuva:2	kunakatuvaa:1
කුණප	kunapa:3
කුණාටු	kunatu:2	kunaatu:1
කුණාටුව	kunatuwa:3	kunatuva:2	kunaatuva:1
කුණාටුවක්	kunatuvak:2	kunaatuvak:1
කුණාටුවෙන්	kunatuven:2	kunaatuven:1
කුණාටුවේ	kunatuve:2	kunaatuve:1
කුණු	kunu:3
කුණුවීම	kunuvima:2	kunuveema:1
කුතුහලය	kuthuhalaya:2	kutuhalaya:1
කුතුහලයෙන්	kuthuhalayen:2	kutuhalayen:1
කුදය	kudaya:3
කුන්තය	kunthaya:2	kuntaya:1
කුනු	kunu:3
කුප්පි	kuppi:3
කුපිත	kupitha:2	kupita:1
කුම	kuma:3
කුමකට	kumakata:3
කුමකටද	kumakatada:3
කුමක්	kumak:2	kimak:1
කුමක්ද	kumakda:3
කුමකින්	kumakin:3
කුමටද	kumatada:3
කුමන	kumana:3
කුමන්ත්‍රණ	kumanthrana:2	kumantrana:1
කුමන්ත්‍රණය	kumanthranaya:2	kumantranaya:1
කුමන්ත්‍රණයක්	kumanthranayak:2	kumantranayak:1
කුමන්ත්‍රණයකි	kumanthranayaki:2	kumantranayaki:1
කුමන්ත්‍රණයේ	kumanthranaye:2	kumantranaye:1
කුමර	kumara:3
කුමරකු	kumaraku:3
කුමරතුඟු	kumarathungu:2	kumarathunga:1
කුමරා	kumara:3
කුමරාට	kumarata:3
කුමරි	kumari:2	kumbha:1
කුමරිය	kumariya:3
කුමරියක	kumariyaka:3
කුමරියක්	kumariyak:3
කුමරියකි	kumariyaki:3
කුමරියගේ	kumariyage:3
කුමරියන්	kumariyan:3
කුමරියයි	kumariyayi:3
කුමරු	kumaru:3
කුමරුගෙන්	kumarugen:3
කුමරුගේ	kumaruge:2	kumararuge:1
කුමරුට	kumaruta:3
කුමරුන්	kumarun:3
කුමරුන්ගේ	kumarunge:3
කුමරුවන්	kumaruvan:3
කුමරෙක්	kumarek:3
කුමරෙකු	kumareku:3
කුම්භ	kumbha:3
කුම්භාණ්ඩ	kumbhanda:3
කුමාර	kumara:3
කුමාරගම	kumaragama:3
කුමාරගේ	kumarage:3
කුමාරණතුංග	kumaranathumga:2	kumaranathunga:1
කුමාරතුංග	kumaratunga:2	kumarathunga:1
කුමාරතුංගගේ	kumarathungage:2	kumaratungage:1
කුමාරදාස	kumaradasa:3
කුමාරයා	kumaraya:3
කුමාරයාගේ	kumarayage:3
කුමාරයාට	kumarayata:3
කුමාරයෙකු	kumarayeku:3
කුමාරවරු	kumaravaru:3
කුමාරවරුන්	kumaravarun:3
කුමාරවරුන්ගේ	kumaravarunge:3
කුමාරස්වාමිගේ	kumarasvamige:3
කුමාරසිංහ	kumarasinghe:2	kumarasinha:1
කුමාර්	kumar:3
කුමාරි	kumari:2	kumaari:1
කුමාරිකාවක්	kumarikavak:2	kumaarikaavak:1
කුමාරිකාවන්	kumarikavan:2	kumaarikaavan:1
කුමාරිය	kumariya:2	kumaariya:1
කුමාරෝත්පත්තිය	kumarothpaththiya:2	kumaarotpattiya:1
කුඹල්	kumbal:3
කුඹුක	kumbuka:2	kumbaka:1
කුඹුර	kumbura:3
කුඹුරු	kumburu:3
කුඹුරුවල	kumburuvala:3
කුඹුරුවලට	kumburuvalata:3
කුයින්	kuyin:2	quinn:1
කුයිපර්	kuiper:2	kuyipar:1
කුර	kura:3
කුරක්කන්	kurakkan:3
කුරහං	kurahan:2	kuraham:1
කුරහන්	kurahan:3
කුර්	kur:3
කුර්ආනය	kuranaya:3
කුර්ආනයේ	kuranaye:3
කුර්ආන්	quran:2	kuran:1
කුර්තා	kurtha:3
කුරාණය	kuranaya:3
කුරාණයේ	kuranaye:3
කුරානය	kuranaya:3
කුරානයට	kuranayata:3
කුරානයේ	kuranaye:3
කුරිරු	kuriru:3
කුරු	kuru:3
කුරුටු	kurutu:3
කුරුණෑගල	kurunegala:2	kurunaegala:1
කුරුඳු	kurundu:3
කුරුප්පු	kuruppu:3
කුරුමානම	kurumanama:3
කුරුමිණි	kurumini:3
කුරුල්ලන්	kurullan:3
කුරුල්ලන්ගේ	kurullange:3
කුරුල්ලා	kurulla:3
කුරුල්ලෙක්	kurullek:3
කුරුල්ලෙකි	kurulleki:3
කුරුල්ලෙකුගේ	kurullekuge:3
කුරුලු	kurulu:3
කුරුවිට	kuruvita:2	kuruwita:1
කුරුස	kurusa:3
කුරුසයේ	kurusaye:3
කුරුසිය	kurusiya:3
කුරුළු	kurulu:3
කුරේ	cooray:2	kure:2
කුල	kula:3
කුලක	kulaka:3
කුලකය	kulakaya:3
කුලකයක්	kulakayak:3
කුලකයේ	kulakaye:3
කුලකවාදය	kulakavadaya:2	kulakavaadaya:1
කුලතිලක	kulathilaka:2	kulatilaka:1
කුලතුංග	kulathunga:2	kulatunga:1
කුලපති	kulapathi:2	kulapati:1
කුලභේදය	kulabhedaya:2	kulabedaya:1
කුලය	kulaya:3
කුලයක්	kulayak:3
කුලයට	kulayata:3
කුලයන්	kulayan:3
කුලයන්ට	kulayanta:3
කුලයෙන්	kulayen:3
කුලයෙහි	kulayehi:3
කුලයේ	kulaye:3
කුලරත්න	kularathna:1	kularathne:1	kularatna:1
කුලවල	kulavala:3
කුලවාදය	kulavadaya:2	kulavaadaya:1
කුලසිංහ	kulasinha:2	kulasinghe:1
කුලසිරි	kulasiri:3
කුලසේකර	kulasekara:3
කුල්මත්	kulmath:2	kulmat:1
කුල්ල	kulla:3
කුලියට	kuliyata:3
කුලියාපිටිය	kuliyapitiya:2	kuliyapitiyata:1
කුලී	kuli:2	kulee:1
කුලීකරුවන්	kulikaruvan:2	kuleekaruvan:1
කුලීනයන්	kulinayan:2	kuleenayan:1
කුලුණු	kulunu:3
කුවින්	kuvin:2	queen:1
කුවේටය	kuvetaya:3
කුවේට්	kuwait:2	kuvet:1
කුවේණි	kuweni:4	kuveni:2
කුවේණිය	kuveniya:3
කුවේණියගේ	kuveniyage:3
කුවේර	kuvera:3
කුවේරයා	kuveraya:3
කුෂාන්	kushan:3
කුස	kusa:3
කුසකට	kusakata:3
කුසගින්න	kusaginna:3
කුසගින්නෙන්	kusaginnen:3
කුසගිනි	kusagini:3
කුසයේ	kusaye:3
කුසල	kusala:3
කුසලතා	kusalatha:2	kusalata:1
කුසලතාව	kusalathava:3
කුසලතාවන්	kusalathavan:3
කුසලතාවය	kusalathavaya:2	kusalatavaya:1
කුසලයක්	kusalayak:3
කුසලයෙන්	kusalayen:3
කුසල්	kusal:3
කුසලාන	kusalana:3
කුසලානය	kusalanaya:3
කුස්සිය	kussiya:3
කුසින්	kusin:3
කුසිනාරා	kusinara:3
කුසිනාරාවට	kusinaravata:3
කුසුම	kusuma:3
කුසුම්	kusum:3
කුසුමා	kusuma:3
කුසුමාසන	kusumasana:3
කුසෙහි	kusehi:3
කුහර	kuhara:3
කුහරමය	kuharamaya:3
කුහරය	kuharaya:3
කුහරයක	kuharayaka:3
කුහරයක්	kuharayak:3
කුහරයේ	kuharaye:3
කුළ	kula:3
කුළියට	kuliyata:3
කුළී	kuli:3
කුළු	kulu:3
කුළුණ	kuluna:3
කුළුණක්	kulunak:3
කුළුණට	kulunata:3
කුළුණු	kulunu:3
කුළුණේ	kulune:3
කුළුන	kuluna:3
කුළුබඩු	kulubadu:3
කූට	kuta:3
කූටය	kutaya:3
කූඩයක්	kudayak:3
කූඩයට	kudayata:3
කූඩාරම	kudarama:3
කූඩු	kudu:3
කූඩුව	kuduva:3
කූඩුවල	kuduvala:3
කූප	kupa:3
කූපර්	cooper:2	kupar:1
කූරගම	kuragama:3
කූරු	kuru:3
කූලෝම්	kulom:2	coulomb:1
කෘත	krtha:2	krutha:1
කෘතගුණ	krthaguna:2	kruthaguna:1
කෘතඥතාව	krthagnathava:2	kruthagnathava:1
කෘත්‍ය	krthya:2	kruthya:1
කෘත්‍යමය	krthyamaya:2	kruthyamaya:1
කෘත්‍යය	krthyaya:2	kruthyaya:1
කෘත්‍යයන්	kruthyayan:2	krthyayan:2
කෘත්‍යාත්මක	kruthyathmaka:2	krthyathmaka:2
කෘත්‍යාධිකාරී	krthyadhikari:2	kruthyadhikari:1
කෘත්‍රිම	krthrima:2	krutrima:1
කෘත්‍රිමව	krthrimava:2	krutrimava:1
කෘත්‍රීම	krthrima:2	kruthrima:1
කෘති	kruthi:4	krthi:2
කෘතින්	krthin:2	kruthin:1
කෘතිම	krthima:2	kruthima:1
කෘතිමව	krthimava:2	kruthimava:1
කෘතිය	kruthiya:4	krthiya:2
කෘතියකට	krthiyakata:2	kruthiyakata:1
කෘතියක්	krthiyak:2	kruthiyak:1
කෘතියකි	krthiyaki:2	kruthiyaki:1
කෘතියට	krthiyata:2	kruthiyata:1
කෘතියයි	krthiyayi:2	kruthiyayi:1
කෘතියෙන්	krthiyen:2	kruthiyen:1
කෘතියෙහි	krthiyehi:2	kruthiyehi:1
කෘතියේ	krthiye:2	kruthiye:1
කෘතිවල	krthivala:2	kruthivala:1
කෘතිවලට	krthivalata:1	krtivalata:1	kruthivalata:1
කෘතීන්	krthin:2	kruthin:1
කෘතීන්ගෙන්	krthingen:2	kruthingen:1
කෘතීන්හි	krthinhi:2	kruthinhi:1
කෘතීම	krthima:2	kruthima:1
කෘමි	krmi:2	krumi:1
කෘමින්	krmin:2	krumin:1
කෘමිනාශක	krminasaka:2	kruminashaka:1
කෘමීන්	krmin:2	krumin:1
කෘමීන්ගෙන්	krmingen:2	krumingen:1
කෘශ	krsa:2	krusha:1
කෘෂි	krushi:2	krshi:1	krsi:1
කෘෂිකර්ම	krushikarma:4	krshikarma:1	krsikarma:1
කෘෂිකර්මය	krshikarmaya:1	krsikarmaya:1	krushikarmaya:1
කෘෂිකර්මයේ	krshikarmaye:1	krsikarmaye:1	krushikarmaye:1
කෘෂිකර්මාන්ත	krshikarmantha:1	krsikarmantha:1	krushikarmantha:1
කෘෂිකර්මාන්තය	krshikarmantaya:1	krsikarmanthaya:1	krushikarmanthaya:1
කෘෂිකර්මාන්තයට	krshikarmantayata:1	krsikarmanthayata:1	krushikarmanthayata:1
කෘෂිකර්මාන්තයේ	krshikarmanthaye:1	krsikarmanthaye:1	krushikarmanthaye:1
කෘෂිකාර්මික	krshikarmika:1	krsikarmika:1	krushikarmika:1
කෘසර්	krsar:2	krusar:1
කෘෘර	krrra:2	krura:1
කෙකටිය	kekatiya:3
කෙගෝ	kego:3
කෙටි	keti:3
කෙටිකතා	ketikatha:3
කෙටිකතාව	ketikathava:3
කෙටිකලකින්	ketikalakin:3
කෙටිකාලීන	ketikalina:3
කෙටිදුර	ketidura:3
කෙටිය	ketiya:3
කෙටියෙන්	ketiyen:3
කෙටීම	ketima:3
කෙටීමට	ketimata:3
කෙටීම්	ketim:3
කෙටුම්	ketum:3
කෙටුම්පත	ketumpatha:3
කෙටුම්පත්	ketumpath:3
කෙණ්ඩිය	kendiya:3
කෙතරම්	ketharam:3
කෙත්	keth:3
කෙත්වතු	kethvathu:3
කෙතේ	kethe:3
කෙනකු	kenaku:3
කෙනකුගේ	kenakuge:3
කෙනකුට	kenakuta:3
කෙනඩි	kenadi:3
කෙනඩිගේ	kenadige:3
කෙන්	ken:3
කෙන්දක්	kendak:3
කෙන්යා	kenya:3
කෙන්යාව	kenyava:3
කෙනා	kena:3
කෙනෙක්	kenek:3
කෙනෙකි	keneki:3
කෙනෙකු	keneku:3
කෙනෙකුගෙන්	kenekugen:3
කෙනෙකුගේ	kenekuge:3
කෙනෙකුට	kenekuta:3
කෙනෙකුන්	kenekun:3
කෙනෙකුව	kenekuva:3
කෙඳි	kendi:3
කෙප්ලර්	kepler:2	keplar:1
කෙප්ලර්ගේ	keplarge:2	keplerge:1
කෙබඳු	kebandu:3
කෙමෙන්	kemen:3
කෙරහි	kerahi:3
කෙරි	keri:2	kerry:1
කෙරිණ	kerina:3
කෙරිණි	kerini:3
කෙරින	kerina:3
කෙරිනි	kerini:3
කෙරී	kerry:2	keri:1
කෙරුණ	keruna:3
කෙරුණත්	kerunath:3
කෙරුණි	keruni:3
කෙරුණු	kerunu:3
කෙරුණේ	kerune:3
කෙරුනද	kerunada:3
කෙරුනි	keruni:2	kruni:1
කෙරුනු	kerunu:3
කෙරුනේ	kerune:3
කෙරුනේය	keruneya:3
කෙරුම	keruma:2	keruneya:1
කෙරුමට	kerumata:3
කෙරුවොත්	keruvoth:3
කෙරූ	keru:3
කෙරෙණුයේ	kerenuye:3
කෙරෙත්	kereth:3
කෙරෙති	kerethi:3
කෙරෙන	kerena:3
කෙරෙනවා	kerenava:3
කෙරෙන්	keren:3
කෙරෙන්නාවූ	kerennavu:3
කෙරෙන්නේ	kerenne:3
කෙරෙනු	kerenu:3
කෙරෙනුයේ	kerenuye:3
කෙරෙමින්	keremin:3
කෙරෙයි	kerei:4	kereyi:3
කෙරෙහි	kerehi:3
කෙරෙහිත්	kerehith:3
කෙරෙහිද	kerehida:3
කෙරෙහිය	kerehiya:3
කෙරේ	kere:3
කෙල	kela:3
කෙලවර	kelavara:2	kelavanna:1
කෙලවරට	kelavarata:3
කෙල්ටික	keltika:3
කෙල්ටික්	keltik:2	celtic:1
කෙල්වින්	kelvin:2	calvin:1
කෙලින්	kelin:3
කෙලින්ම	kelinma:3
කෙලිය	keliya:3
කෙලියට	keliyata:3
කෙලී	keli:2	kelly:1
කෙලෙසද	kelesada:3
කෙලෙස්	keles:3
කෙලෙසුන්ගෙන්	kelesungen:3
කෙවෙනි	keveni:3
කෙස්	kes:1	kese:1	kess:1
කෙස්වල	kesvala:3
කෙසෙල්	kesel:3
කෙසේ	kese:3
කෙසේද	keseda:3
කෙසේදයත්	kesedayath:2	kesedayat:1
කෙසේනමුත්	kesenamuth:2	kesenamut:1
කෙසේවත්	kesevath:2	kesevat:1
කෙසේවතුදු	kesevathudu:2	kesevatudu:1
කෙසේවුව	kesevuva:3
කෙසේවුවත්	kesevuvath:2	kesevuvat:1
කෙසේවුවද	kesevuvada:3
කෙසේවෙතත්	kesevethath:2	kesewetat:1
කෙහෙල්	kehel:3
කෙළ	kela:3
කෙළවර	kelawara:3	kelavara:3
කෙළවරක්	kelavarak:3
කෙළවරට	kelavarata:3
කෙළවරවල්	kelavaraval:3
කෙළවරෙහි	kelavarehi:3
කෙළවරේ	kelavare:2	kalavare:1
කෙළි	keli:3
කෙළින	kelina:3
කෙළින්	kelin:3
කෙළින්ම	kelinma:3
කෙළිනා	kelina:1	kelinaa:1	kilina:1
කෙළිය	keliya:3
කෙළියට	keliyata:3
කෙළෙස්	keles:3
කෙළෙසුන්	kelesun:3
කෙළෙහිගුණ	kelehiguna:3
කෙළේය	keleya:3
කේ	k:4	ke:2
කේක්	cake:2	kek:1
කේජු	keju:2	cadju:1
කේට්	ket:2	kate:1
කේත	ketha:2	keta:1
කේතනය	kethanaya:2	ketanaya:1
කේතය	kethaya:2	ketaya:1
කේතාංකනය	ketaankanaya:1	kethamkanaya:1	kethankanaya:1
කේතු	kethu:2	ketu:1
කේතුධර	kethudhara:2	ketudara:1
කේතුමතිය	kethumathiya:2	ketumatiya:1
කේතුව	kethuva:2	ketuva:1
කේතුවක්	kethuvak:2	ketuvak:1
කේන්තිය	kenthiya:2	kentiya:1
කේන්තියෙන්	kenthiyen:2	kentiyen:1
කේන්ද්‍ර	kendra:3
කේන්ද්‍රකරගත්	kendrakaragath:3
කේන්ද්‍රකොට	kendrakota:3
කේන්ද්‍රගත	kendragatha:2	kendragata:1
කේන්ද්‍රගතව	kendragathava:2	kendragatava:1
කේන්ද්‍රගතවී	kendragathavi:2	kendragatavee:1
කේන්ද්‍රය	kendraya:3
කේන්ද්‍රයේ	kendraye:3
කේන්ද්‍රවාදය	kendravadaya:2	kendravaadaya:1
කේන්ද්‍රස්ථානය	kendrasthanaya:2	kendrastaanaya:1
කේන්ද්‍රස්ථානයක්	kendrasthanayak:2	kendrastaanayak:1
කේන්ද්‍රික	kendrika:3
කේන්ද්‍රිය	kendriya:3
කේන්ද්‍රීය	kendriya:2	kendreeya:1
කේප්	cape:2	kep:1
කේබල	kebala:3
කේබලයක්	kebalayak:3
කේබල්	cable:2	kebal:1
කේමදාස	kemadasa:3
කේම්බ්‍රිජ්	cambridge:2	kembrij:1
කේම්බ්‍රිජ්හී	cambridgehi:1	kembrighi:1	kembrijhi:1
කේරල	kerala:3
කේරලයේ	keralaye:3
කේරළ	kerala:3
කේරි	keri:2	carey:1
කේලාම්	kelam:3
කේවල	kevala:2	kewala:1
කේවල්	keval:2	kewal:1
කේශ	kesha:2	kesa:1
කේශධාතු	keshadhathu:2	kesadhathu:1
කේශනාලිකා	keshanalika:2	kesanalika:1
කේශර	keshara:2	kesara:1
කේෂධාතු	keshadhathu:2	kesadhathu:1
කේසි	kesi:2	casey:1
කේසී	casey:1	kesee:1	kesi:1
කේළාම්	kelam:3
කොංග්‍රසය	kongrasaya:2	konggrasaya:1
කොංග්‍රසයේ	congresse:1	konggrasaye:1	kongrasaye:1
කොංග්‍රස්	congress:1	konggras:1	kongras:1
කොංගෝ	komgo:1	konggo:1	kongo:1
කොක්	kok:3
කොක්ක	kokka:3
කොක්කක්	kokkak:3
කොක්කු	kokku:3
කොකා	koka:2	coca:1
කොකු	koku:3
කොකෝවා	cocoa:1	cocowa:1	kokova:1
කොග්ගල	koggala:3
කොච්චර	kochchara:3
කොට	kota:3
කොටගත්	kotagath:3
කොටගම	kotagama:3
කොටගෙන	kotagena:3
කොටගෙනය	kotagenaya:3
කොටන	kotana:3
කොටන්	kotan:3
කොටවන	kotavana:2	kotawana:1
කොටවෙහෙර	kotavehera:2	kotawehera:1
කොටස	kotasa:3
කොටසක	kotasaka:3
කොටසකට	kotasakata:3
කොටසක්	kotasak:3
කොටසක්ද	kotasakda:3
කොටසක්ම	kotasakma:3
කොටසකි	kotasaki:3
කොටසකින්	kotasakin:3
කොටසට	kotasata:3
කොටසයි	kotasayi:2	kotasai:1
කොටස්	kotas:3
කොටස්කරුවන්	kotaskaruvan:2	kotaskaruwan:1
කොටස්කරුවන්ට	kotaskaruvanta:2	kotaskaruwanta:1
කොටස්කාරයන්	kotaskarayan:3
කොටස්ද	kotasda:3
කොටස්ය	kotasya:3
කොටස්වල	kotaswala:2	kotasvala:2
කොටස්වලට	kotasvalata:2	kotaswalata:1
කොටස්වලින්	kotasvalin:2	kotaswalin:1
කොටස්හි	kotashi:3
කොටසින්	kotasin:3
කොටසෙහි	kotasehi:3
කොටසේ	kotase:3
කොට්	kot:3	cot:1
කොට්ට	kotta:3
කොට්ටයක්	kottayak:3
කොට්ටාව	kottava:2	kottawa:1
කොට්ටාශයේ	kottashaye:2	kottasaye:1
කොට්ටේ	kotte:3
කොට්ටෝරුවා	kottoruva:2	kottoruwa:1
කොට්ඨාශ	kottasha:2	kottahsha:1	kotthasa:1
කොට්ඨාශය	kottahshaya:1	kottashaya:1	kotthasaya:1
කොට්ඨාශයක්	kottahshayak:1	kottashayak:1	kotthasayak:1
කොට්ඨාශයකි	kottahshayaki:1	kottashayaki:1	kotthasayaki:1
කොට්ඨාශයට	kottahshayata:1	kottashayata:1	kotthasayata:1
කොට්ඨාශයෙන්	kotthasayen:2	kottashayen:1
කොට්ඨාශයෙහි	kottashayehi:7	kotthasayehi:2	kotthashayehi:1
කොට්ඨාශයේ	kotthasaye:2	kotthashaye:1
කොට්ඨාස	kottasha:2	kotthasa:3
කොට්ඨාසය	kottasaya:5	kotthasaya:3
කොට්ඨාසයක්	kotthasayak:3
කොට්ඨාසයකි	kotthasayaki:2	kotthasayakin:1
කොට්ඨාසයට	kotthasayata:3
කොට්ඨාසයේ	kotthasaye:3
කොටා	kota:3
කොටි	koti:3
කොටින්	kotin:3
කොටින්ගේ	kotinge:3
කොටින්ට	kotinta:3
කොටියා	kotiya:3
කොටියෙකු	kotiyeku:3
කොටියෝ	kotiyo:3
කොටු	kotu:3
කොටුව	kotuwa:6	kotuva:3
කොටුවක්	kotuwak:2	kotuvak:3
කොටුවකි	kotuvaki:3
කොටුවට	kotuvata:3
කොටුවයි	kotuvayi:3
කොටුවේ	kotuve:3
කොටේජ්	kotej:3
කොඩි	kodi:3
කොඩිකාර	kodikara:3
කොඩිතුවක්කු	kodithuvakku:1	kodituvakku:1	kodituwakku:1
කොඩිප්පිලි	kodippili:3
කොඩිය	kodiya:3
කොඩියක්	kodiyak:3
කොඩියේ	kodiye:3
කොඩිවිණ	kodivina:3
කොණ්ඩ	konda:3
කොණ්ඩය	kondaya:3
කොණ්ඩා	konda:3
කොත	kota:2	kotha:1
කොතරම්	kotharam:3	kotaram:2
කොතල	kotala:2	kothala:1
කොතලය	kotalaya:2	kothalaya:1
කොතලාවල	kotalavala:1	kothalavala:1	kothalawala:1
කොත්	kot:2	koth:1
කොත්තමල්ලි	kottamalli:2	koththamalli:1
කොත්මලය	kotmalaya:2	kothmalaya:1
කොත්මලේ	kotmale:2	kothmale:1
කොතෙක්	kotek:2	kothek:1
කොදෙව්	kodev:3
කොදෙව්ව	kodevva:3
කොන	kona:3
කොනක	konaka:3
කොනට	konata:3
කොනන්	konan:2	conan:1
කොන්	kon:3
කොන්කර	konkara:3
කොන්ක්‍රීට්	konkrit:2	concrete:1
කොන්කෝර්ඩ්	concord:1	koncord:1	konkord:1
කොන්ග්‍රසය	kongrasaya:3
කොන්ටම්	kontam:3
කොන්ටිකි	kontiki:3
කොන්ඩඤ්ඤ	kondanna:2	kondankkna:1
කොන්ඩම්	kondam:2	condom:1
කොන්ත්‍රාත්කරුවන්	kontratkaruvan:2	konthrathkaruvan:1
කොන්ත්‍රාත්තු	kontrattu:2	konthraththu:1
කොන්ත්‍රාත්තුවක	kontrattuvaka:2	konthraththuvaka:1
කොන්දේ	konde:3
කොන්දේසි	kondesi:3
කොන්දේසියක්	kondesiyak:3
කොන්සර්ට්	konsart:3
කොන්සල්	konsal:2	consul:1
කොන්ස්තන්තිනෝපලය	konstantinopalaya:2	konsthanthinopalaya:1
කොන්ස්තන්තිනෝපලයේ	konstantinopalaye:2	konsthanthinopalaye:1
කොනින්	konin:3
කොනේ	kone:3
කොඳු	kondu:3
කොපමණ	kopamana:3
කොපමණද	kopamanada:3
කොපර්	kopar:2	copper:1
කොප්ටික	koptika:3
කොප්පර	koppara:3
කොප්පරා	koppara:3
කොපි	kopi:3
කොපු	kopu:3
කොබෙයියා	kobeyiya:3
කොබෝල්ට්	kobolt:2	cobalt:1
කොමරොස්	komaros:2	comarose:1
කොමලී	komali:2	komalee:1
කොමසාරිස්	komasaris:2	comasaris:1
කොමසාරිස්වරයා	komasarisvaraya:2	comasariswaraya:1
කොමසාරිස්වරයාගේ	komasarisvarayage:2	comasariswarayage:1
කොමසාරිස්වරිය	komasarisvariya:2	comasariswariya:1
කොම්පෝස්ට්	kompost:2	compost:1
කොමාන්ඩෝ	komando:2	cormando:1
කොමියුනිස්ට්	komiyunist:2	communist:1
කොමියුනිස්ට්වාදී	communistwadee:1	koliyunistvadi:1	komiyunistvadi:1
කොමිෂන්	commision:1	komisan:1	komishan:1
කොමිෂම	commishama:1	komisama:1	komishama:1
කොමිෂමක්	commishamak:1	komisamak:1	komishamak:1
කොමිෂමට	commishamata:1	komisamata:1	komishamata:1
කොමිසම	komisama:2	comisama:1
කොමිසමක්	komisamak:2	comisamak:1
කොමිසමට	komisamata:2	commisamata:1
කොමිසමෙහි	komisamehi:2	commisamehi:1
කොමිසමේ	komisame:2	commisame:1
කොමිස්	komis:2	commis:1
කොයි	koyi:2	koi:1
කොයිතරම්	koitharam:1	koyitaram:1	koyitharam:1
කොයින්දෝ	koyindo:2	koindo:1
කොරතොට	korathota:2	koratota:1
කොරපොතු	korapothu:2	korapotu:1
කොරල්	koral:2	coral:1
කොරල්පර	koralpara:2	coralpara:1
කොරල්පරය	koralparaya:2	coralparaya:1
කොරවක්	koravak:2	korawak:1
කොරහ	koraha:3
කොරාපු	korapu:3
කොරියන්	koriyan:2	korean:1
කොරියා	koriya:2	korea:1
කොරියානු	koriyanu:2	koreanu:1
කොරියානුවන්	koriyanuvan:2	koreanuwan:1
කොරියානුවෝ	koriyanuvo:2	koreanuwo:1
කොරියාව	koriyawa:6	koriyava:2	koreawa:1
කොරියාවට	koriyavata:2	koreawata:1
කොරියාවෙන්	koriyaven:2	koreawen:1
කොරියාවේ	koriyawe:12	koriyave:2	koreawe:1
කොල	kola:3
කොලඹ	kolamba:2	colombo:1
කොලයක්	kolayak:3
කොලරාඩෝ	kolarado:2	colorado:1
කොල්කටා	kolkata:3
කොල්ල	kolla:3
කොල්ලකරුවන්	kollakaruvan:2	kollakaruwan:1
කොල්ලන්ගේ	kollange:3
කොල්ලා	kolla:3
කොල්ලු	kollu:3
කොල්ලුපිටිය	kollupitiya:3
කොල්වින්	kolvin:2	colvin:1
කොලින්	kolin:2	collin:1
කොලින්ස්	kolins:2	collins:1
කොලීජියේ	kolijiye:2	collageaye:1
කොලෙස්ටරොල්	kolestarol:2	cholesterol:1
කොලෙස්ටරෝල්	kolestarol:2	cholesterol:1
කොලේජ්	kolej:2	college:1
කොලොන්න	kolonna:2	colonna:1
කොලොන්නාව	kolonnava:3
කොලොම්බියා	kolombiya:2	colombia:1
කොලොම්බියානු	kolombiyanu:2	colombianu:1
කොලොම්බියාව	kolombiyava:2	colombiava:1
කොවුලා	kovula:3
කොස්	kos:3
කොස්ගොඩ	kosgoda:3
කොස්ටා	kosta:3
කොස්තා	kostha:4	kosta:2
කොස්මික්	kosmik:2	cosmic:1
කොස්ලන්ද	koslanda:3
කොස්වත්ත	kosvatta:2	kosvaththa:1
කොස්සින්න	kossinna:3
කොසොල්	kosol:3
කොහා	koha:3
කොහිල	kohila:3
කොහු	kohu:3
කොහුබත්	kohubat:2	kohubath:1
කොහෙත්ම	kohetma:2	kohethma:1
කොහේ	kohe:3
කොහොම	kohoma:3
කොහොමද	kohomada:3
කොහොඹ	kohomba:3
කොහොඹා	kohomba:3
කොළ	kola:3
කොළඔ	kolao:3
කොළඹ	kolamba:3
කොළඹට	kolambata:3
කොළඹදි	kolambadi:3
කොළඹින්	kolambin:3
කොළරාව	kolarava:3
කොළවලින්	kolavalin:3
කොළුවා	koluva:3
කොළොන්නාව	kolonnava:2	kolonnawa:1
කොළොම්බියා	colombia:2	kolombiya:1
කෝ	ko:3
කෝක්	coke:2	kok:2
කෝකිල	kokila:3
කෝච්චිය	kocchiya:1	kocciya:1	kochchiya:1
කෝට්	kot:3	coat:1	cot:1
කෝට්ටේ	kotte:3
කෝටි	koti:3
කෝටිටේ	kotte:2	kotite:3
කෝටිය	kotiya:3
කෝටු	kotu:3
කෝඨරක	kotharaka:2	kotahraka:1
කෝඩ්	kod:2	code:1
කෝඩෝන	kodona:3
කෝණ	kona:3
කෝණය	konaya:3
කෝණයක	konayaka:3
කෝණයක්	konayak:3
කෝණයකින්	konayakin:3
කෝණයට	konayata:3
කෝණයන්	konayan:3
කෝණයන්ගෙන්	konayangen:3
කෝණයයි	konayayi:3
කෝණයෙන්	konayen:3
කෝණයේ	konaye:3
කෝණාකාර	konakara:3
කෝණික	konika:3
කෝනර්	konar:2	corner:1
කෝප	kopa:3
කෝපන්හේගන්	kopanhegan:2	kopenhagen:1
කෝපය	kopaya:3
කෝපයක්	kopayak:3
කෝපයට	kopayata:3
කෝපයෙන්	kopayen:3
කෝපරහේවා	koparaheva:3
කෝප්ප	koppa:3
කෝප්පයක්	koppayak:3
කෝප්‍රල්	kopral:2	corporal:1
කෝපාවිෂ්ට	kopavishta:2	kopavista:2
කෝපි	kopi:3
කෝමල	komala:3
කෝමා	koma:2	coma:1
කෝමාරිකා	komarika:3
කෝරළ	korala:3
කෝරළය	koralaya:3
කෝරළයේ	koralaye:3
කෝරළේ	korale:3
කෝලම	kolama:3
කෝලම්	kolam:3
කෝල්	kol:2	call:1
කෝල්ඩ්	kold:2	cold:1
කෝලා	kola:2	cola:1
කෝලාහල	kolahala:3
කෝලාහලය	kolahalaya:3
කෝලි	koli:3
කෝවක්කා	kovakka:3
කෝවිල	kovila:3
කෝවිලක	kovilaka:3
කෝවිලට	kovilata:3
කෝෂ	kosha:4	kosa:2
කෝෂය	koshaya:2	kosaya:2
කෝෂයක්	kosayak:2	koshayak:2
කෝෂයට	kosayata:2	koshayata:2
කෝෂයේ	kosaye:2	koshaye:2
කෝෂවල	kosavala:2	koshavala:2
කෝෂිකා	koshika:2	kosika:2
කෝසයින	kosayina:3
කෝසල	kosala:2	cosala:1
කෝස්	kos:2	cause:1
කෝස්ට්	coast:2	kost:1
කෝළම්	kolam:3
කෞතුක	kautuka:2	kauthuka:1
කෞතුකාගාර	kauthukagara:8	kautukagara:2	kauthukaagaara:1
කෞතුකාගාරය	kauthukagaraya:18	kautukagaraya:2	kauthukaagaaraya:1
කෞතුකාගාරයක	kautukagarayaka:2	kauthukaagaarayaka:1
කෞතුකාගාරයක්	kauthukagarayak:2	kautukagarayak:2	kauthukaagaarayak:1
කෞතුකාගාරයට	kautukagarayata:2	kauthukaagaarayata:1
කෞතුකාගාරයේ	kautukagaraye:2	kauthukaagaaraye:1
කෞතුකාගාරවල	kautukagaravala:2	kauthukaagaarawala:1
කෞෂල්‍යය	kausalyaya:2	kaushalyaya:1
කෟතුකාගාරය	kautukagaraya:2	kruthukaagaaraya:1
කෲර	karra:1	krra:1	krura:1
කෲරත්වය	karratvaya:1	krratvaya:1	krurathwaya:1
කෲස්	cruise:3	cruze:1	krus:1
ඛණ්ඩ	khanda:3
ඛණ්ඩනයක්	khandanayak:3
ඛණ්ඩය	khandaya:3
ඛණ්ඩයක්	khandayak:3
ඛණ්ඩාංක	khandanka:2	khandaanka:1	khandamka:1
ඛණ්ඩිකාව	khandikava:2	khandikaawa:1
ඛණිජ	khanija:3
ඛනිජ	khanija:3
ඛනිජයක්	khanijayak:3
ඛනිජයකි	khanijayaki:3
ඛාණ්ඩ	khanda:3
ඛාදනය	khadanaya:3
ඛාන්	khan:3
ඛාන්ගේ	khange:3
ඛෙදා	kheda:3
ඛේටය	khetaya:3
ඛේදජනක	khedajanaka:3
ඛේදනීය	khedaniya:3
ඛේදවාචකයක්	khedavacakayak:2	khedavachakayak:1
ඛේදවාචකයෙන්	khedavacakayen:2	khedavachakayen:1
ඛේදාන්ත	khedanta:2	khedantha:1
ඛේමා	khema:3
ගං	gan:3	gam:1
ගංගා	ganga:3	gamga:1
ගංගාරාම	gangarama:3	gamgarama:1
ගංගාරාමය	gangaramaya:3	gamgaramaya:1
ගංගාව	gangava:3	gamgava:1
ගංගාවක	gangavaka:3	gamgavaka:1
ගංගාවක්	gangavak:3	gamgavak:1
ගංගාවකි	gangavaki:3	gamgavaki:1
ගංගාවට	gangavata:3	gamgavata:1
ගංගාවල	gangavala:3	gamgavala:1
ගංගාවේ	gangave:3	gamgave:1
ගංගොඩවිල	gangodavila:3	gamgodavila:1
ගංඟා	gannga:2	gamnga:1	ganga:1
ගංඟාරාම	ganngarama:2	gamngarama:1	gangarama:1
ගංඟාව	ganngava:2	gamngava:1	gangava:1
ගංජා	ganja:3	gamja:1
ගංවතුර	ganwathura:3	ganvatura:2	gamvatura:1	ganvathura:1
ගග	gaga:3
ගගන	gagana:3
ගගනගාමීන්	gaganagamin:2	gagangamin:1
ගගන්	gagan:3
ගගාරින්	gagarin:3
ගගාරීන්	gagarin:3
ගඟ	ganga:3
ගඟක්	gangak:3
ගඟට	gangata:3
ගඟබඩ	gangabada:3
ගඟෙන්	gangen:3
ගඟේ	gange:3
ගජ	gaja:3
ගජබා	gajaba:3
ගජබාහු	gajabahu:3
ගජබාහුගේ	gajabahuge:3
ගජමන්	gajaman:3
ගජසිංහ	gajasinha:2	gajasingha:1
ගඩලාදෙනිය	gadaladeniya:3
ගඩොල්	gadol:3
ගඩොල්වලින්	gadolvalin:2	gadolwalin:1
ගඩොලින්	gadolin:3
ගණ	gana:3
ගණක	ganaka:3
ගණකාධිකරණ	ganakadhikarana:3
ගණකාධිකාරීවරයෙකු	ganakadhikarivarayeku:2	gananadhikareewaryeku:1
ගණන	ganana:3
ගණනක	gananaka:3
ගණනකගේ	gananakage:2	ganannakage:1
ගණනකට	gananakata:3
ගණනක්	gananak:3
ගණනකින්	gananakin:3
ගණනට	gananata:3
ගණනය	gananaya:3
ගණනයක්	gananayak:3
ගණනයට	gananayata:3
ගණනයන්	gananayan:3
ගණනයි	gananayi:2	gananai:1
ගණන්	ganan:3
ගණන්වල	gananvala:2	gananwala:1
ගණන්වලදී	gananvaladi:2	gananwaladee:1
ගණනාව	gananava:2	gananawa:1
ගණනාවක	gananavaka:2	gananawaka:1
ගණනාවකට	gananawakata:2	gananavakata:2
ගණනාවකම	gananavakama:2	gananawakama:1
ගණනාවක්	gananawak:8	gananavak:2
ගණනාවක්ද	gananavakda:2	gananawakda:1
ගණනාවක්ම	gananavakma:2	gananawakma:1
ගණනාවකි	gananawaki:2	gananavaki:2
ගණනාවකින්	gananavakin:2	gananawakin:1
ගණනින්	gananin:3
ගණනේ	ganane:3
ගණය	ganaya:3
ගණයට	ganayata:3
ගණයෙහි	ganayehi:2	ganayrhi:1
ගණයේ	ganaye:3
ගණිකා	ganika:3
ගණිකාව	ganikava:2	ganikawa:1
ගණිකාවන්	ganikavan:2	ganikawan:1
ගණිත	ganitha:2	ganita:1
ගණිතඥ	ganitagna:1	ganithagna:1	ganithagya:1
ගණිතඥයන්	ganitagnayan:1	ganithagnayan:1	ganithagyayan:1
ගණිතඥයා	ganitagnaya:1	ganithagnaya:1	ganithanyaya:1
ගණිතඥයින්	ganitagnayin:1	ganithagnayin:1	ganithagyayin:1
ගණිතමය	ganithamaya:2	ganitamaya:1
ගණිතය	ganithaya:2	ganitaya:1
ගණිතයට	ganithayata:2	ganitayata:1
ගණිතයෙන්	ganithayen:2	ganitayen:1
ගණිතයෙහි	ganithayehi:2	ganitayehi:1
ගණිතයේ	ganithaye:2	ganitaye:1
ගණිතයේදී	ganitayedi:1	ganithayedee:1	ganithayedi:1
ගණින්නාන්සේලා	ganinnansela:3
ගණුදෙණු	ganudenu:3
ගණේමුල්ල	ganemulla:3
ගත	gatha:2	gata:1
ගතකර	gathakara:2	gatakara:1
ගතකරන	gathakarana:2	gatakarana:1
ගතකරන්නේ	gathakaranne:2	gatakaranne:1
ගතකරයි	gatakarayi:1	gathakarai:1	gathakarayi:1
ගතකල	gathakala:2	gatakala:1
ගතකළ	gathakala:2	gatakala:1
ගතකළේ	gathakale:2	gatakale:1
ගතකිරීමට	gatakirimata:1	gathakireemata:1	gathakirimata:1
ගතත්	gathath:2	gatat:1
ගතම	gathama:2	gatama:1
ගතය	gathaya:2	gataya:1
ගතයුතු	gathayuthu:2	gatayutu:1
ගතව	gatava:1	gathava:1	gathawa:1
ගතවත්ම	gatavatma:1	gathavathma:1	gathawathma:1
ගතවන	gathawana:2	gatavana:1	gathavana:1
ගතවිය	gataviya:1	gathaviya:1	gathawiya:1
ගතවී	gatavi:1	gathavi:1	gathawee:1
ගතවීම	gatavima:1	gathavima:1	gathaweema:1
ගතවූ	gathavu:2	gatavu:1
ගතවෙන	gatavena:1	gathavena:1	gathawena:1
ගතවේ	gatave:1	gathave:1	gathawe:1
ගතහොත්	gathahoth:2	gatahot:1
ගත්	gath:2	gat:1
ගත්කතුවරු	gathkathuvaru:1	gathkathuwaru:1	gatkatuvaru:1
ගත්කල	gathkala:2	gatkala:1
ගත්කළ	gathkala:2	gatkala:1
ගත්ත	gaththa:1	gatta:1	gattha:1
ගත්තකි	gaththaki:1	gattaki:1	gatthaki:1
ගත්තත්	gaththath:2	gattat:1
ගත්තද	gaththada:2	gattada:1
ගත්තම	gaththama:2	gattama:1
ගත්තා	gaththa:2	gatta:1
ගත්තාම	gaththama:2	gattama:1
ගත්තාය	gaththaya:2	gattaya:1
ගත්තෙක්	gaththek:2	gattek:1
ගත්තෙකි	gaththeki:1	gatteki:1	gattheki:1
ගත්තෙකු	gaththeku:1	gatteku:1	gattheku:1
ගත්තේ	gaththe:2	gatte:1
ගත්තේය	gaththeya:2	gatteya:1
ගත්තොත්	gaththoth:2	gattot:1
ගත්තෝය	gaththoya:2	gattoya:1
ගත්විට	gathvita:1	gathwita:1	gatvita:1
ගත්හ	gathha:2	gatha:1
ගතානුගතික	gathanugathika:3	gatanugatika:1	gathaanugathika:1
ගතානුගතිකව	gatanugatikava:1	gathaanugathikawa:1	gathanugathikawa:1
ගති	gathi:2	gati:1
ගතික	gathika:2	gatika:1
ගතිකත්වය	gathikathwaya:2	gatikatvaya:1
ගතිකය	gathikaya:2	gatikaya:1
ගතිකයන්	gathikayan:2	gatikayan:1
ගතිගුණ	gathiguna:2	gatiguna:1
ගතිගුණවලින්	gathigunawalin:2	gatigunavalin:1
ගතිය	gathiya:2	gatiya:1
ගතියක්	gathiyak:2	gatiyak:1
ගද්‍ය	gadya:3
ගන	gana:3
ගනණය	gananaya:3
ගනනක	gananaka:3
ගනනය	gananaya:3
ගනන්	ganan:3
ගනනාවක්	gananavak:3
ගනනින්	gananin:3
ගනයට	ganayata:3
ගනයේ	ganaye:3
ගන්ධ	gandha:3
ගන්ධය	gandhaya:3
ගන්ධයක්	gandhayak:3
ගන්ධයන්	gandhayan:3
ගන්ධාර	gandhara:2	gandhaara:1
ගන්ධාරයේ	gandharaye:2	gandhaaraye:1
ගන්න	ganna:2	gnna:1
ගන්නට	gannata:3
ගන්නන්	gannan:3
ගන්නවා	gannava:1	gannawa:1	gannawaa:1
ගන්නවාට	gannavata:1	gannawaata:1	gannawata:1
ගන්නා	ganna:2	gannaa:1
ගන්නාලද	gannalada:3
ගන්නාවූ	gannavu:3
ගන්නේ	ganne:3
ගන්නේද	ganneda:3
ගන්වන	ganvana:2	ganwana:1
ගන්වයි	ganvayi:3
ගන්වා	ganva:3
ගනි	gani:3
ගනිත්	ganith:2	ganit:1
ගනිති	ganithi:2	ganiti:1
ගනිද්දී	ganiddi:3
ගනිමි	ganimi:3
ගනිමින්	ganimin:3
ගනිමින්ය	ganiminya:3
ගනිමිනි	ganimini:3
ගනිමු	ganimu:3
ගනියි	ganiy:3	ganiyi:3
ගනී	gani:3
ගනීවි	ganivi:2	ganvi:1
ගනු	ganu:3
ගනුදෙණු	ganudenu:3
ගනුදෙනු	ganudenu:3
ගනුදෙනුවේ	ganudenuve:3
ගනුයේ	ganuye:3
ගනේගොඩ	ganegoda:3
ගනේෂා	ganesa:2	ganesha:2
ගඳ	ganda:3
ගබඩා	gabada:3
ගබඩාව	gabadava:3
ගබඩාවක්	gabadavak:3
ගබඩාවලට	gabadavalata:3
ගබ්සා	gabsa:3
ගබ්සාව	gabsava:3
ගබ්සාවට	gabsavata:3
ගම	gama:3
ගමක	gamaka:3
ගමකට	gamakata:3
ගමක්	gamak:3
ගමකි	gamaki:3
ගමගේ	gamage:3
ගමට	gamata:3
ගමන	gamana:3
ගමනක	gamanaka:3
ගමනක්	gamanak:3
ගමනකි	gamanaki:3
ගමනට	gamanata:3
ගමනය	gamanaya:3
ගමන්	gaman:3
ගමන්කරන	gamankarana:3
ගමන්කිරීම	gamankirima:3
ගමන්ගත්	gamangath:2	gamangat:1
ගමනාගමන	gamanagamana:3
ගමනාගමනය	gamanagamanaya:3
ගමනාගමනයේ	gamanagamanaye:3
ගමනාන්ත	gamanantha:2	gamananta:1
ගමනාන්තයක්	gamananthayak:2	gamanantayak:1
ගමනාරම්භ	gamanarambha:2	gamanaramgha:1
ගමනින්	gamanin:3
ගමනේ	gamane:3
ගමනේදි	gamanedi:3
ගමනේදී	gamanedi:3
ගමයි	gamayi:2	gamay:1
ගම්	gam:3
ගම්පල	gampala:3
ගම්පහ	gampaha:3
ගම්පළ	gampala:3
ගම්පෙරළිය	gamperaliya:3
ගම්පොල	gampola:3
ගම්පොළ	gampola:3
ගම්බද	gambada:3
ගම්බිම්	gambim:3
ගම්මඩු	gammadu:3
ගම්මඩුව	gammaduva:2	gammaduwa:1
ගම්මන්පිල	gammanpila:3
ගම්මාන	gammana:3
ගම්මානය	gammanaya:3
ගම්මානයක	gammanayaka:3
ගම්මානයක්	gammanayak:3
ගම්මානයකි	gammanayaki:3
ගම්මානයට	gammanayata:3
ගම්මානයන්	gammanayan:3
ගම්මානයෙන්	gammanayen:3
ගම්මානයෙහි	gammanayehi:3
ගම්මානයේ	gammanaye:3
ගම්මානයේදී	gammanayedi:3
ගම්මානවල	gammanavala:3
ගම්මිරිස්	gammiris:3
ගම්මුන්	gammun:3
ගම්වර	gamvara:3
ගම්වල	gamvala:3
ගම්වලට	gamvalata:3
ගම්වාසීන්	gamvasin:3
ගම්වාසීන්ගේ	gamvasinge:3
ගම්‍ය	gamya:3
ගම්‍යතාව	gamyatava:2	gamyathava:1
ගම්‍යමාන	gamyamana:3
ගමින්	gamin:3
ගමෙන්	gamen:3
ගමෙහි	gamehi:3
ගමේ	game:3
ගයත්‍රි	gayathri:2	gayatri:1
ගයන	gayana:3
ගයයි	gayayi:3
ගයා	gaya:3
ගයාවේ	gayave:3
ගයි	guy:2	gayi:1
ගයිගර්	gayigar:2	guyger:1
ගයිස්	guys:2	gayis:1
ගරහන	garahana:3
ගර්ජන	garjana:3
ගර්ඩ්ල්	gardl:2	girdle:1
ගර්භ	garbha:3
ගර්භණී	garbhani:3
ගර්භය	garbhaya:3
ගර්භයක්	garbhayak:3
ගර්භයෙහි	garbhayehi:3
ගර්භයේ	garbhaye:3
ගර්භාෂ	garbhasha:2	garbhasa:1
ගර්භාෂය	garbhasaya:2	garbhashaya:2
ගරා	gara:3
ගරාදි	garadi:3
ගරිල්ලන්	garillan:3
ගරිල්ලා	garilla:2	guerrilla:1
ගරු	garu:3
ගරුක	garuka:3
ගරුකටයුතු	garukatayuthu:2	garukatayutu:1
ගරුකිරීම	garukirima:3
ගරුත්වය	garuthvaya:2	garuthwaya:1
ගල	gala:3
ගලක	galaka:3
ගලක්	galak:3
ගලගණ්ඩය	galagandaya:3
ගලගොඩ	galagoda:3
ගලට	galata:3
ගලදාරි	galadari:3
ගලන	galana:3
ගලනය	galanaya:3
ගලපා	galapa:3
ගලපාත	galapatha:2	galpatha:1
ගලබඩ	galabada:3
ගලමින්	galamin:3
ගලයි	galayi:2	galai:1
ගලවා	galawa:2	galava:2
ගලවාගත්	galavagath:2	galawagath:1
ගලහිටියාව	galahitiyawa:2	galahitiyava:1
ගල්	gal:3
ගල්අඟුරු	galanguru:3
ගල්කිස්ස	galkissa:3
ගල්කුළු	galkulu:3
ගල්තලා	galthala:2	galtala:1
ගල්තලාවේ	galthalave:3
ගල්පර	galpara:3
ගල්මඩුව	galmaduwa:2	galmaduva:1
ගල්ලෙන	gallena:3
ගල්ලෙන්	gallen:3
ගල්ලෙනෙහි	gallenehi:2	galenehi:1
ගල්වා	galva:3
ගල්ෆ්	gulf:2	galf:1
ගලා	gala:3
ගලාගෙන	galagena:3
ගලායන	galayana:3
ගලායන්නේ	galayanne:3
ගලායාම	galayama:3
ගලින්	galin:3
ගලිවර්ගේ	galivarge:3
ගලීලයේ	galilaye:3
ගලෙන්	galen:3
ගලෙහි	galehi:3
ගලේ	gale:3
ගලේවෙල	galevela:2	galewela:1
ගව	gava:3
ගවයන්	gawayan:4	gavayan:3
ගවයා	gavaya:3
ගවයාගේ	gavayage:3
ගවයාට	gavayata:3
ගවයින්	gawayin:3	gavayin:3
ගවයින්ගේ	gavayinge:3
ගවයෙකු	gavayeku:3
ගව්	gav:3
ගව්වක්	gavvak:3
ගවුම්	gavum:3
ගවේශනය	gavesanaya:2	gaveshanaya:1
ගවේෂක	gaveshaka:2	gavesaka:1
ගවේෂණ	gaveshana:2	gavesana:1
ගවේෂණය	gaweshanaya:3	gavesanaya:2	gaveshanaya:1
ගවේෂණයට	gaveshanayata:2	gavesanayata:1
ගවේෂණයන්	gaveshanayan:2	gavesanayan:1
ගවේෂණයේ	gaveshanaye:2	gavesanaye:1
ගවේෂණාත්මක	gavesanathmaka:1	gavesanatmaka:1	gaveshanathmaka:1
ගවේෂනාත්මක	gavesanathmaka:2	gaveshanathmaka:1
ගස	gasa:3
ගසක	gasaka:3
ගසකට	gasakata:3
ගසක්	gasak:3
ගසකි	gasaki:3
ගසකින්	gasakin:3
ගසට	gasata:3
ගසත්	gasath:3
ගසන	gasana:3
ගසන්නට	gasannata:3
ගසනු	gasanu:3
ගසමින්	gasamin:3
ගසයි	gasayi:3
ගස්	gas:3
ගස්ලබු	gaslabu:3
ගස්වල	gasvala:3
ගස්වා	gasva:3
ගසා	gasa:3
ගසාගෙන	gasagena:3
ගසින්	gasin:3
ගසෙන්	gasen:3
ගසෙහි	gasehi:3
ගසේ	gase:3
ගහ	gaha:3
ගහකොල	gahakola:3
ගහකොළ	gahakola:3
ගහණ	gahana:3
ගහණය	gahanaya:3
ගහන	gahana:3
ගහනය	gahanaya:3
ගහනයකට	gahanayakata:3
ගහනයෙන්	gahanayen:3
ගහේ	gahe:3
ග්ලාස්	glass:2	glas:1
ග්ලැසියර්	glacier:2	glaesiyar:1
ග්ලිසරෝල්	glycerol:2	glisarol:1
ග්ලූකෝස්	glucose:2	glukos:1
ග්ලෝබ්	globe:2	glob:1
ග්‍රන්ථ	grantha:3
ග්‍රන්ථද	granthada:3
ග්‍රන්ථය	granthaya:3
ග්‍රන්ථයක	granthayaka:3
ග්‍රන්ථයක්	granthayak:3
ග්‍රන්ථයකි	granthayaki:3
ග්‍රන්ථයකින්	granthayakin:3
ග්‍රන්ථයට	granthayata:3
ග්‍රන්ථයන්	granthayan:3
ග්‍රන්ථයන්හි	granthayanhi:3
ග්‍රන්ථයයි	granthayayi:3
ග්‍රන්ථයෙන්	granthayen:3
ග්‍රන්ථයෙහි	granthayehi:3
ග්‍රන්ථයේ	granthaye:3
ග්‍රන්ථවල	granthavala:3
ග්‍රන්ථවලින්	granthavalin:3
ග්‍රන්ථාරූඪ	grantharudha:2	grantharudah:1
ග්‍රන්ථි	granthi:3
ග්‍රන්ථිය	granthiya:3
ග්‍රන්ථීන්	granthin:3
ග්‍රහ	graha:3
ග්‍රහක	grahaka:3
ග්‍රහණ	grahana:3
ග්‍රහණය	grahanaya:3
ග්‍රහණයක්	grahanayak:3
ග්‍රහණයට	grahanayata:3
ග්‍රහණයෙන්	grahanayen:3
ග්‍රහයන්	grahayan:3
ග්‍රහයා	grahaya:3
ග්‍රහයාගේ	grahayage:3
ග්‍රහයාට	grahayata:3
ග්‍රහයින්	grahayin:3
ග්‍රහයෙකි	grahayeki:3
ග්‍රහලොව	grahalova:3
ග්‍රහලොවක	grahalovaka:3
ග්‍රහලොවක්	grahalovak:3
ග්‍රහලොවේ	grahalove:3
ග්‍රහලෝක	grahaloka:3
ග්‍රහලෝකය	grahalokaya:3
ග්‍රහලෝකයක	grahalokayaka:3
ග්‍රහලෝකවල	grahalokavala:3
ග්‍රහලෝකාගාරය	grahalokagaraya:3
ග්‍රාම	grama:3
ග්‍රාමනිලධාරී	gramaniladhari:3
ග්‍රාමය	gramaya:3
ග්‍රාමයක්	gramayak:3
ග්‍රාමයකි	gramayaki:3
ග්‍රාමයට	gramayata:3
ග්‍රාමයෙහි	gramayehi:3
ග්‍රාමයේ	gramaye:3
ග්‍රාමිය	gramiya:3
ග්‍රාමීය	grameeya:2	gramiya:3
ග්‍රාහක	grahaka:3
ග්‍රාහකය	grahakaya:3
ග්‍රාහකයා	grahakaya:3
ග්‍රැනයිට්	granite:2	graenayit:1
ග්‍රැන්විල්	granville:2	graenvil:1
ග්‍රැමෆෝන්	gramophone:2	graemafon:1
ග්‍රැමී	grammy:2	graemi:1
ග්‍රැෆික්	graefik:1	graphic:1	graphics:1
ග්‍රෑන්ඩ්	grand:2	graend:1
ග්‍රීක	greeka:2	grika:3
ග්‍රීකයන්	grikayan:3
ග්‍රීක්	greek:2	grik:1
ග්‍රීෂ්ම	grishma:2	grisma:1
ග්‍රීස්	grease:2	gris:1
ග්‍රීස්ම	grisma:3
ග්‍රීසිය	greesiya:2	grisiya:3
ග්‍රීසියෙහි	grisiyehi:2	grisiye:1
ග්‍රීසියේ	grisiye:3
ග්‍රෙගරි	gregari:2	gregory:1
ග්‍රෙග්	greg:3
ග්‍රෙගෝරියානු	gregoriyanu:3
ග්‍රේට්	great:2	gret:1
ග්‍රේෂන්	greshan:2	gresan:1
ගා	ga:3
ගාඩියන්	gadiyan:2	guardian:1
ගාණක්	ganak:3
ගාත්‍රා	gathra:3
ගාථා	gatha:3
ගාථාව	gathava:3
ගාන	gana:3
ගානක්	ganak:3
ගාන්ධර්ව	gandharva:2	gaandharwa:1
ගාන්ධාර	gandhara:3
ගාන්ධි	gandhi:3
ගාමක	gamaka:2	gaamaka:1
ගාමා	gaama:1	gaamaa:1	gama:1
ගාමිණි	gamini:3
ගාමිණී	gamini:2	gaminee:1
ගාය	gaya:2	gaaya:1
ගායක	gayaka:2	gaayaka:1
ගායකයකු	gayakayaku:2	gaayakayaku:1
ගායකයන්	gayakayan:2	gaayakayan:1
ගායකයන්ගේ	gayakayange:3
ගායකයා	gayakaya:3
ගායකයාට	gayakayata:3
ගායකයින්	gayakayin:3
ගායකයෙක්	gayakayek:3
ගායකයෙකු	gayakayeku:3
ගායන	gayana:3
ගායනය	gayanaya:3
ගායනයක්	gayanayak:3
ගායනයට	gayanayata:3
ගායනයෙන්	gayanayen:3
ගායනයේ	gayanaye:3
ගායනා	gayana:3
ගායිකාව	gayikava:3
ගායිකාවක	gayikavaka:3
ගායිකාවක්	gayikavak:3
ගායිකාවකි	gayikavaki:3
ගාර්ෂියා	garcia:2	garshiya:1
ගාල්	gal:3
ගාල්ල	galle:2	galla:3
ගාල්ලට	gallata:3
ගාලු	galu:3
ගාස්තු	gasthu:3
ගාස්තුව	gasthuva:3
ගාස්තුවක්	gasthuvak:2	gastuvak:1
ගාසා	gaza:2	gasa:1
ගාළු	galu:3
ගැලරි	gallery:2	gaelari:1
ගැලරිය	gaelariya:1	galleriya:1	gallerya:1
ගැසට්	gaesat:1	gasat:1	gazette:1
ගිගාවොට්	gigavot:1	gigavoth:1	gigawatt:1
ගිජු	giju:3
ගිජුකුළු	gijukulu:3
ගිටාරය	gitaraya:2	gitaaraya:1
ගිටාර්	gitar:2	guitar:1
ගිණි	gini:3
ගිණිකොණ	ginikona:3
ගිණිකොන	ginikona:3
ගිණුම	ginuma:3
ගිණුමක්	ginumak:3
ගිණුමට	ginumata:3
ගිණුම්	ginum:3
ගිණුම්කරණ	ginumkarana:3
ගිණුම්කරණය	ginumkaranaya:3
ගිණුමේ	ginume:3
ගිතෙල්	githel:2	gitel:1
ගිනස්	ginas:2	guiness:1
ගින්දර	gindara:3
ගින්න	ginna:3
ගින්නකට	ginnakata:3
ගින්නක්	ginnak:3
ගින්නකින්	ginnakin:3
ගින්නට	ginnata:3
ගින්නෙන්	ginnen:3
ගින්නෙහි	ginnehi:3
ගින්නේ	ginne:3
ගිනි	gini:3
ගිනිඅවි	giniavi:3
ගිනිකදු	ginikadu:3
ගිනිකන්ද	ginikanda:3
ගිනිකඳු	ginikandu:3
ගිනිකෙළි	ginikeli:3
ගිනිකොණ	ginikona:3
ගිනිකොණින්	ginikonin:3
ගිනිකොන	ginikona:3
ගිනිගත්හේන	ginigathhena:2	ginigathena:1
ගිනිතබා	ginithaba:2	ginitabaa:1
ගිනිබත්	ginibath:2	ginibat:1
ගිනිය	giniya:3
ගිනියා	giniya:2	giniyaa:1
ගිනී	gini:2	ginee:1
ගිබ්ස්	gibs:2	gibbs:1
ගිම්හාන	gimhana:3
ගිම්හානයේදී	gimhanayedi:2	gimhaanayedee:1
ගිය	giya:3
ගියත්	giyath:2	giyat:1
ගියද	giyada:3
ගියරය	giyaraya:3
ගියර්	giyar:2	geer:1
ගියහ	giyaha:3
ගියහොත්	giyahoth:2	giyahot:1
ගියා	giya:2	giyaa:1
ගියාම	giyama:2	giyaama:1
ගියාය	giyaya:2	giyaaya:1
ගියේ	giye:3
ගියේද	giyeda:3
ගියේය	giyeya:3
ගිර	gira:3
ගිරය	giraya:3
ගිරවා	girava:2	girawaa:1
ගිරවාට	giravata:2	girawaata:1
ගිරවු	giravu:3
ගිරවුන්	giravun:3
ගිරා	gira:2	giraa:1
ගිරි	giri:3
ගිරිඋල්ල	giriulla:3
ගිරිකණ්ඩ	girikanda:3
ගිරිතලේ	girithale:3
ගිරිරාජ්	giriraj:2	giriraaj:1
ගිරුවා	giruva:2	giruwa:1
ගිල	gila:3
ගිලන්	gilan:3
ගිලන්ව	gilanva:3
ගිලපු	gilapu:3
ගිල්වා	gilva:2	gilvaa:1
ගිල්වීම	gilvima:2	gilveema:1
ගිලි	gili:3
ගිලිහී	gilihi:2	gilihee:1
ගිලී	gili:2	gilee:1
ගිලීමලේ	gilimale:2	gileemale:1
ගිලීමේ	gilime:2	gileeme:1
ගිවිස	givisa:3
ගිවිසුම	givisuma:3
ගිවිසුමක	givisumaka:3
ගිවිසුමකට	givisumakata:3
ගිවිසුමක්	givisumak:3
ගිවිසුමකින්	givisumakin:3
ගිවිසුමට	givisumata:3
ගිවිසුම්	givisum:3
ගිවිසුමෙන්	givisumen:3
ගිවිසුමෙහි	givisumehi:3
ගිවිසුමේ	givisume:3
ගිසා	gisa:3
ගිහි	gihi:3
ගිහිගෙන්	gihigen:2	ihigen:1
ගිහින්	gihin:3
ගිහියෝ	gihiyo:3
ගිහිව	gihiva:2	gihiwa:1
ගී	gi:2	gee:1
ගීගනගේ	geeganage:2	giganage:1
ගීත	geetha:6	githa:2
ගීතමය	githamaya:2	geethamaya:1
ගීතය	githaya:2	geethaya:1
ගීතයක්	githayak:2	geethayak:1
ගීතයකි	githayaki:2	geethayaki:1
ගීතයකින්	githayakin:2	geethayakin:1
ගීතයට	githayata:2	geethayata:1
ගීතයන්	githayan:2	geethayan:1
ගීතයයි	githayayi:2	geethayai:1
ගීතයෙන්	githayen:2	geethayen:1
ගීතයේ	githaye:2	geethaye:1
ගීතා	githa:2	geetha:1
ගීතිකා	githika:2	gitika:1
ගීතේ	githe:2	gite:1
ගීය	giya:3
ගීයක්	giyak:3
ගීයෙන්	giyen:3
ගීයෙහි	giyehi:3
ගීයේ	giye:3
ගුජරාටි	gujarati:3
ගුටි	guti:3
ගුඩු	gudu:3
ගුණ	guna:3
ගුණකය	gunakaya:3
ගුණකිරීම	gunakirima:3
ගුණත්වය	gunathvaya:2	gunatvaya:1
ගුණත්වයෙන්	gunathvayen:2	gunatvayen:1
ගුණතිලක	gunathilaka:2	gunatilaka:1
ගුණද	gunada:3
ගුණදායක	gunadayaka:3
ගුණදායකයි	gunadayakayi:3
ගුණදාස	gunadasa:3
ගුණධර්ම	gunadharma:3
ගුණනය	gunanaya:3
ගුණපාල	gunapala:3
ගුණය	gunaya:3
ගුණයක	gunayaka:3
ගුණයකටත්	gunayakatath:2	gunayakatat:1
ගුණයක්	gunayak:3
ගුණයකින්	gunayakin:3
ගුණයට	gunayata:3
ගුණයද	gunayada:3
ගුණයන්	gunayan:3
ගුණයෙන්	gunayen:3
ගුණයෙන්ද	gunayenda:3
ගුණරතන	gunarathana:2	gunaratana:1
ගුණරත්න	gunarathna:1	gunaratna:1	gunaratne:1
ගුණවත්	gunavath:2	gunavat:1
ගුණවර්ධන	gunavardhana:2	gunawardena:1
ගුණවර්ධනගේ	gunavardhanage:3
ගුණවලට	gunavalata:3
ගුණසිංහ	gunasinha:2	gunasimha:1	gunasingha:1
ගුණසිංහයන්ගේ	gunasimhayange:2	gunasinhayange:2
ගුණසේකර	gunasekara:2	gunasekera:1
ගුණසේන	gunasena:3
ගුණාංග	gunanga:4	gunamga:2
ගුණාංගය	gunamgaya:2	gunangaya:2
ගුණාංගයක්	gunamgayak:2	gunangayak:2
ගුණාංගයන්	gunamgayan:2	gunangayan:2
ගුණාකාර	gunakara:3
ගුණාත්මක	gunathmaka:2	gunatmaka:1
ගුණාත්මකභාවය	gunathmakabhavaya:2	gunatmakabhavaya:1
ගුණාත්මකව	gunathmakava:2	gunatmakava:1
ගුණාත්මය	gunathmaya:2	gunatmaya:1
ගුණානන්ද	gunananda:3
ගුණිතය	gunithaya:2	gunitaya:1
ගුත්තික	guttika:2	guththika:1
ගුත්තිල	guttila:2	guththila:1
ගුද	guda:3
ගුදය	gudaya:3
ගුන	guna:3
ගුනදාස	gunadasa:3
ගුනසිංහ	gunasimha:2	gunasinha:2
ගුප්ත	guptha:2	gupta:1
ගුප්තා	guptha:2	gupta:1
ගුම්	gum:3
ගුරු	guru:3
ගුරුකුල	gurukula:3
ගුරුකුලය	gurukulaya:3
ගුරුකොට	gurukota:3
ගුරුගෙදර	gurugedara:3
ගුරුගේ	guruge:3
ගුරුත්ව	guruthva:2	gurutva:1
ගුරුත්වජ	guruthvaja:2	gurutvaja:1
ගුරුත්වය	guruthvaya:2	gurutvaya:1
ගුරුත්වාකර්ශන	guruthvakarsana:1	guruthvakarshana:1	gurutvakarsana:1
ගුරුත්වාකර්ෂණ	guruthvakarsana:1	guruthvakarshana:1	gurutvakarsana:1	gurutvakarshana:1
ගුරුත්වාකර්ෂණය	guruthvakarsanaya:1	guruthvakarshanaya:1	gurutvakarsanaya:1	gurutvakarshanaya:1
ගුරුත්වාකර්ෂණයට	guruthvakarsanayata:1	guruthvakarshanayata:1	gurutvakarsanayata:1	gurutvakarshanayata:1
ගුරුතුමා	guruthuma:2	gurutuma:1
ගුරුනගර්	gurunagar:3
ගුරුන්නාන්සේ	gurunnanse:3
ගුරුවර	guruvara:3
ගුරුවරයකු	guruvarayaku:3
ගුරුවරයා	guruvaraya:3
ගුරුවරයෙක්	guruvarayek:3
ගුරුවරයෙකු	guruvarayeku:3
ගුරුවරියක	guruvariyaka:3
ගුරුවරියක්	guruvariyak:3
ගුරුවරියකි	guruvariyaki:3
ගුරුවරු	guruvaru:3
ගුරුවරුන්	guruwarun:4	guruvarun:3
ගුරුවරුන්ට	guruvarunta:3
ගුරුළුගෝමීන්	gurulugomin:3
ගුලි	guli:3
ගුලිය	guliya:3
ගුලියක්	guliyak:3
ගුවනට	guvanata:3
ගුවන්	guwan:17	guvan:3
ගුවන්ගත	guvangatha:2	guvangata:1
ගුවන්තොටුපළ	guvanthotupala:2	guvantotupala:1
ගුවන්තොටුපොළ	guvanthotupola:2	guvantotupola:1
ගුවන්යානය	guvanyanaya:3
ගුවන්යානයක්	guvanyanayak:3
ගුවන්යානා	guvanyana:3
ගුවන්විදුලි	guvanviduli:3
ගුවන්විදුලිය	guvanviduliya:3
ගුවන්සේවා	guvanseva:3
ගුවනින්	guvanin:3
ගුවනේ	guvane:3
ගුවේරා	guvera:3
ගුස්ති	gusthi:2	gusti:1
ගුහා	guha:3
ගුහාව	guhava:3
ගුහාවක	guhavaka:3
ගුහාවක්	guhavak:3
ගුහාවද	guhavada:3
ගුහාවල	guhavala:3
ගුහාවෙන්	guhaven:3
ගුහාවෙහි	guhavehi:3
ගුහාවේ	guhave:3
ගූ	gu:2	goo:1
ගූගල්	google:2	gugal:1
ගෘහ	gruha:4	grha:2
ගෘහණියක්	grhaniyak:2	gruhaniyak:1
ගෘහණියන්	grhaniyan:2	gruhaniyan:1
ගෘහනිර්මාණ	grhanirmana:2	gruhanirmana:1
ගෘහපති	grhapathi:1	grhapati:1	gruhapathi:1
ගෘහය	grhaya:2	gruhaya:1
ගෘහයක්	grhayak:2	gruhayak:1
ගෘහයන්	grhayan:2	gruhayan:1
ගෘහයේ	grhaye:2	gruhaye:1
ගෘහස්ත	grhasta:1	grhastha:1	gruhastha:1
ගෘහස්ථ	gruhastha:2	grhastha:2
ගෘහස්ථව	grhasthava:2	gruhasthava:1
ගෘහාශ්‍රිත	grhasrita:1	grhasritha:1	gruhashritha:1
ගෘහීය	grhiya:2	gruhiya:1
ගෙ	ge:3
ගෙට	geta:3
ගෙඩි	gedi:3
ගෙඩිගේ	gedige:3
ගෙඩිය	gediya:3
ගෙඩියක්	gediyak:3
ගෙඩියේ	gediye:3
ගෙඩිවලින්	gedivalin:3
ගෙත්තම්	geththam:2	gettam:1
ගෙතී	gethi:2	geti:1
ගෙතීම	gethima:2	getima:1
ගෙතුණු	gethunu:2	getunu:1
ගෙතුම්	gethum:2	getum:1
ගෙදර	gedara:3
ගෙදරක	gedaraka:3
ගෙන	gena:3
ගෙනඑන	genaena:3
ගෙනඒමට	genaemata:3
ගෙනගිය	genagiya:3
ගෙනගියා	genagiya:3
ගෙනගියේ	genagiye:3
ගෙනගොස්	genagos:3
ගෙනදීම	genadima:2	genadeema:1
ගෙනදුන්	genadun:3
ගෙනදෙයි	genadeyi:2	genadei:1
ගෙනදේ	genade:3
ගෙනය	genaya:3
ගෙනයන	genayana:3
ගෙනයනු	genayanu:3
ගෙනයයි	genayayi:2	genayai:1
ගෙනයාම	genayama:3
ගෙනයාමට	genayamata:3
ගෙනයි	genayi:2	genai:1
ගෙනවිත්	genavith:2	genavit:1
ගෙනවුත්	genavuth:2	genavut:1
ගෙන්	gen:3
ගෙන්ද	genda:3
ගෙන්දගම්	gendagam:3
ගෙන්වන	genwana:2	genvana:3
ගෙන්වා	genva:3
ගෙන්වාගෙන	genvagena:3
ගෙන්වීම	genvima:3
ගෙන්වීමට	genvimata:3
ගෙන්වූ	genvu:3
ගෙනා	gena:3
ගෙනාවා	genava:3
ගෙනි	geni:3
ගෙනියනවා	geniyanava:3
ගෙනෙන	genena:3
ගෙනෙනු	genenu:3
ගෙනේ	gene:3
ගෙබිම	gebima:3
ගෙම්බන්	gemban:3
ගෙම්බා	gemba:3
ගෙම්බාගේ	gembage:3
ගෙමිදුල	gemidula:3
ගෙමිදුලේ	gemidule:3
ගෙඹි	gembi:3
ගෙය	geya:3
ගෙයක	geyaka:3
ගෙයක්	geyak:3
ගෙයකින්	geyakin:3
ගෙයට	geyata:3
ගෙයයි	geyayi:3
ගෙයි	geyi:3
ගෙයිම	geyima:3
ගෙල	gela:3
ගෙලෙහි	gelehi:3
ගෙවතු	gevathu:2	gevatu:1
ගෙවතුවල	gevathuvala:2	gevatuvala:1
ගෙවන	gevana:3
ගෙවන්නේ	gevanne:3
ගෙවනු	gevanu:3
ගෙවයි	gevayi:3
ගෙවල්	geval:3
ගෙවල්වල	gevalvala:3
ගෙවල්වලට	gevalvalata:3
ගෙවා	gewa:3	geva:3
ගෙවිය	geviya:3
ගෙවිලියන්	geviliyan:3
ගෙවී	gevi:3
ගෙවීගිය	gevigiya:3
ගෙවීම	geweema:2	gevima:2
ගෙවීමක්	gevimak:2	geweemak:1
ගෙවීමකින්	gevimakin:2	geweemakin:1
ගෙවීමට	gevimata:2	geweemata:1
ගෙවීම්	gevim:2	geweem:1
ගෙවීමෙන්	gevimen:2	geweemen:1
ගෙවීමේ	gevime:2	geweeme:1
ගෙවීය	geviya:2	geweeya:1
ගෙවුම්	gevum:3
ගෙවූ	gevu:3
ගෙවූහ	gevuha:3
ගෙස්ට්	guest:2	gest:1
ගෙහිමි	gehimi:3
ගේ	ge:3
ගේට්ටු	gettu:3
ගේට්ටුව	gettuva:2	gettuwa:1
ගේට්ටුවක්	gettuvak:2	gettuwak:1
ගේට්ස්	gates:2	gets:1
ගේබ්‍රියල්	gebriyal:3	gebriel:1
ගේම	gema:3
ගේම්	gem:2	game:1
ගේම්ස්	games:2	gems:1
ගේල්	gel:2	gale:1
ගොං	gon:2	gong:1
ගොංගාලේගොඩ	gongalegoda:3
ගොකටු	gokatu:3
ගොක්	gok:3
ගොටුකොළ	gotukola:3
ගොඩ	goda:3
ගොඩක්	godak:3
ගොඩකුඹුර	godakumbura:2	godakubura:1
ගොඩගෙන	godagena:3
ගොඩගේ	godage:3
ගොඩට	godata:3
ගොඩනංවන	godanamvana:2	godananvana:1
ගොඩනංවා	godanamva:2	godananva:1
ගොඩනගන	godanagana:3
ගොඩනගන්නේ	godanaganne:3
ගොඩනගනු	godanaganu:3
ගොඩනගා	godanaga:3
ගොඩනඟා	godananga:3
ගොඩබට	godabata:3
ගොඩබිම	godabima:3
ගොඩබිමට	godabimata:3
ගොඩබිම්	godabim:3
ගොඩබිමින්	godabimin:3
ගොඩවල්	godaval:3
ගොඩාක්	godak:3
ගොඩෙත්	godeth:2	godet:1
ගොඩෙන්	goden:3
ගොඩේ	gode:3
ගොණු	gonu:3
ගොතන	gothana:2	gotana:1
ගොත්	goth:2	got:1
ගොත්‍රික	gothrika:2	gotrika:1
ගොතාගෙන	gothagena:2	gotagena:1
ගොදුර	godura:3
ගොදුරක්	godurak:3
ගොදුරු	goduru:3
ගොදුරුව	goduruva:2	goduruwa:1
ගොදුරුවේ	goduruve:2	goduruwe:1
ගොන්	gon:3
ගොන්ගාලේගොඩ	gongalegoda:3
ගොන්න	gonna:3
ගොන්නක්	gonnak:3
ගොන්සාල්වෙස්	gonsalves:2	gonsalwes:1
ගොන්සාල්වේස්	gonsalves:2	gonsalwes:1
ගොනාට	gonata:3
ගොනු	gonu:3
ගොනුන්	gonun:3
ගොනුව	gonuva:2	gonuwa:1
ගොනුවල	gonuvala:2	gonuwala:1
ගොනුවේ	gonuve:2	gonuwe:1
ගොපල්ලව	gopallava:2	gopallawa:1
ගොබය	gobaya:3
ගොම	goma:3
ගොමුවක	gomuvaka:2	gomuwaka:1
ගොයම්	goyam:3
ගොර	gora:3
ගොරක	goraka:3
ගොරෝසු	gorosu:3
ගොල්ෆ්	golf:3
ගොවි	govi:3
ගොවිගම	govigama:3
ගොවිජන	govijana:3
ගොවිජනපද	govijanapada:3
ගොවින්	govin:3
ගොවින්ගේ	govinge:3
ගොවිපල	govipala:3
ගොවිපලක	govipalaka:3
ගොවිපලවල	govipalavala:3
ගොවිපලවල්	govipalaval:3
ගොවිපලේ	govipale:3
ගොවිපළ	gowipala:2	govipala:3
ගොවිපොළ	govipola:3
ගොවිබිම්	govibim:3
ගොවියන්	goviyan:3
ගොවියන්ගේ	goviyange:3
ගොවියා	goviya:3
ගොවියාගේ	goviyage:3
ගොවියාට	goviyata:3
ගොවියෙකු	goviyeku:3
ගොවියෝ	goviyo:3
ගොවීන්	goween:3	govin:3
ගොවීන්ගෙන්	govingen:3
ගොවීන්ගේ	govinge:3
ගොවීන්ට	govinta:3
ගොවීහු	govihu:3
ගොස්	gos:3
ගොසින්	gosin:3
ගොසින්ය	gosinya:3
ගොසිනි	gosini:3
ගොළු	golu:3
ගොළුවන්	goluvan:3
ගෝ	go:3
ගෝචර	gochara:2	gocara:1
ගෝටයිම්බර	gotayimbara:3
ගෝඨාභය	gothabhaya:2	gotabhaya:1
ගෝඩන්	godan:2	gordon:1
ගෝතම	gothama:2	gotama:1
ගෝතමී	gothami:3	gotami:1
ගෝත්‍ර	gothra:2	gotra:1
ගෝත්‍රය	gothraya:2	gotraya:1
ගෝත්‍රයක්	gothrayak:2	gotrayak:1
ගෝත්‍රයට	gothrayata:2	gotrayata:1
ගෝත්‍රයේ	gothraye:2	gotraye:1
ගෝත්‍රික	gothrika:2	gotrika:1
ගෝත්‍රිකයන්	gothrikayan:2	gotrikayan:1
ගෝත්‍රිකයන්ට	gotrikayanta:2	gothrikayanta:1
ගෝන	gona:3
ගෝනගල	gonagala:3
ගෝනා	gona:3
ගෝනි	goni:3
ගෝනුන්	gonun:3
ගෝපි	gopi:3
ගෝමස්	gomas:2	gomes:1
ගෝර්ඩන්	gordan:2	gordon:1
ගෝරි	gori:3
ගෝරිල්ලන්	gorillan:3
ගෝල	gola:3
ගෝලය	golaya:3
ගෝලයක	golayaka:3
ගෝලයක්	golayak:3
ගෝලයට	golayata:3
ගෝලයන්	golayan:3
ගෝලයා	golaya:3
ගෝලයින්	golayin:3
ගෝලයෙන්	golayen:3
ගෝලයෙහි	golayehi:3
ගෝලයේ	golaye:3
ගෝලයේදී	golayedi:3
ගෝල්	goal:2	gol:1
ගෝල්ඩන්	golden:2	goldan:1
ගෝල්ෆ්	golf:3
ගෝලාකාර	golakara:3
ගෝලිය	goliya:3
ගෝලීය	goleeya:2	goliya:3
ගෝලීයකරණය	goliyakaranaya:3
ගෝව	gova:3
ගෝවා	gova:3
ගෝවින්ද	govinda:3
ගෝවේ	gove:3
ගෞතම	gauthama:3	gautama:2	gavthama:1
ගෞතමයන්	gautamayan:2	gavthamayan:1
ගෞතමයන්ගේ	gautamayange:2	gavthamayange:1
ගෞරව	gaurawa:8	gaurava:2	gavrava:1
ගෞරවණීය	gawrawaneeya:2	gauravaniya:2	gavravaniya:1
ගෞරවනීය	gauravaniya:2	gavravaniya:1
ගෞරවය	gauravaya:2	gavravaya:1
ගෞරවයක්	gaurawayak:2	gauravayak:2	gavravayak:1
ගෞරවයකි	gauravayaki:2	gavravayaki:1
ගෞරවයට	gauravayata:2	gavravayata:1
ගෞරවයෙන්	gauravayen:2	gaouravayen:1
ගෞරවාදරයට	gauravadarayata:3
ගෞරවාදරයෙන්	gauravadarayen:3
ගෞරවාන්විත	gauravanvita:2	gauravanvitha:1
ගෞරි	gauri:3	gowri:1
ඝට්ටන	ghattana:3
ඝට්ටනය	ghattanaya:3
ඝට්ටනයන්	ghattanayan:3
ඝටාකාර	ghatakara:3
ඝණ	ghana:3
ඝණක	ghanaka:3
ඝණකම	ghanakama:3
ඝණකම්	ghanakam:3
ඝණත්වය	ghanathvaya:2	ghanatvaya:1
ඝණයකි	ghanayaki:3
ඝණ්ඨාර	ghanthara:3
ඝණ්ඨාරය	ghantharaya:3
ඝන	ghana:3
ඝනකම	ghanakama:3
ඝනකමට	ghanakamata:3
ඝනකම්	ghanakam:3
ඝනත්වය	ghanathwaya:2	ghanathvaya:2	ghanatvaya:1
ඝනත්වයක්	ghanathvayak:2	ghanatvayak:1
ඝනත්වයකින්	ghanathvayakin:2	ghanatvayakin:1
ඝනත්වයට	ghanathvayata:2	ghanatvayata:1
ඝනත්වයෙන්	ghanathvayen:2	ghanatvayen:1
ඝනය	ghanaya:3
ඝනයක්	ghanayak:3
ඝනීභවනය	ghanibhavanaya:3
ඝර්ම	gharma:3
ඝර්ෂණ	gharsana:2	gharshana:2
ඝර්ෂණය	gharsanaya:2	gharshanaya:2
ඝාතක	ghathaka:2	ghataka:1
ඝාතකයකු	ghathakayaku:2	ghatakayaku:1
ඝාතකයා	ghathakaya:2	ghatakaya:1
ඝාතන	ghathana:2	ghatana:1
ඝාතනය	ghathanaya:2	ghatanaya:1
ඝාතනයක්	ghathanayak:2	ghatanayak:1
ඝාතනයකි	ghathanayaki:2	ghatanayaki:1
ඝාතනයට	ghathanayata:2	ghatanayata:1
ඝාතනයන්	ghathanayan:2	ghatanayan:1
ඝාතනයෙන්	ghathanayen:2	ghatanayen:1
ඝාතනයේ	ghathanaye:2	ghatanaye:1
ඝානා	ghana:3
ඝූර්ණය	ghurnaya:3
ඝෝර	ghora:3
ඝෝෂා	ghosa:2	ghosha:1
ඝෝෂාකාරී	ghosakari:2	ghoshakari:1
ඝෝෂාව	ghosava:2	ghoshava:1
ඞී	ni:2	di:1
ච	cha:2	ca:1
චං	can:1	cham:1	chan:1	chang:1
චංචල	cancala:1	chamchala:1	chanchala:1	changchala:1
චංචලා	cancala:1	chamcala:1	chancala:1	changchala:1
චක්ක	chakka:2	cakka:1
චක්ඛු	chakkhu:2	cakkhu:1
චක්‍ර	chakra:2	cakra:1
චක්‍රය	chakraya:2	cakraya:1
චක්‍රයක්	chakrayak:2	cakrayak:1
චක්‍රයකි	chakrayaki:2	cakrayaki:1
චක්‍රයෙහි	chakrayehi:2	cakrayehi:1
චක්‍රයේ	chakraye:2	cakraye:1
චක්‍රවර්තී	cakravarti:1	chakravarthi:1	chakravarti:1
චක්‍රාවාට	chakravata:2	cakravata:1
චක්‍රාවාටය	chakravataya:2	cakravataya:1
චක්‍රාවාටයක්	chakravatayak:2	cakravatayak:1
චක්‍රිය	chakriya:2	cakriya:1
චක්‍රීය	chakriya:2	cakriya:1
චණ්ඩ	chanda:2	canda:1
චණ්ඩි	chandi:2	candi:1
චතුර	catura:1	chathura:1	chatura:1
චතුරංග	caturanga:1	chathurangga:1	chaturamga:1	chaturanga:1
චතුරස්‍රය	caturasraya:1	chathurasraya:1	chaturasraya:1
චතුරස්‍රයේ	caturasraye:1	chathurasraye:1	chaturasraye:1
චතුරස්‍රාකාර	caturasrakara:1	chathurasrakara:1	chaturasrakara:1
චතුර්	catur:1	chathur:1	chatur:1
චතුර්ථ	caturtha:1	chathurtha:1	chaturtha:1
චතුරානි	caturani:1	chathurani:1	chaturani:1
චතුරාර්ය	caturarya:1	chathurarya:1	chaturarya:1
චන්ඩි	chandi:2	candi:1
චන්ද	chanda:2	canda:1
චන්දන	chandana:2	candana:1
චන්ද්රගුප්ත	candragupta:1	chandragupta:1	chandraguptha:1
චන්ද්‍ර	chandra:2	candra:1
චන්ද්‍රගුප්ත	candragupta:1	chandragupta:1	chandraguptha:1
චන්ද්‍රදාස	chandradasa:2	candradasa:1
චන්ද්‍රන්	chandran:2	candran:1
චන්ද්‍රනාත්	chandranath:2	candranat:1
චන්ද්‍රපාල	chandrapala:2	candrapala:1
චන්ද්‍රයන්	candrayan:2	chandrayan:1
චන්ද්‍රයා	candraya:2	chandraya:1
චන්ද්‍රයාගේ	chandrayage:2	candrayage:2
චන්ද්‍රයාට	candrayata:2	chandrayata:1
චන්ද්‍රයින්	candrayin:2	chandrayin:1
චන්ද්‍රරත්න	candraratna:1	chandrarathna:1	chandraratne:1
චන්ද්‍රලතා	candralata:2	chandralatha:1
චන්ද්‍රසිරි	chandrasiri:2	candrasiri:1
චන්ද්‍රා	chandra:2	candra:1
චන්ද්‍රිකා	chandrika:2	candrika:1
චන්ද්‍රිකාව	chandrikava:2	candrikava:1	chandrikawa:1
චන්ද්‍රිකාවේ	chandrikave:2	candrikave:1	chandrikawe:1
චන්දා	chanda:2	canda:1
චන්දික	chandika:2	candika:1
චන්දිම	chandima:2	candima:1
චන්දිමාල්	chandimal:2	candimal:1
චන්න	channa:2	canna:1
චපල	chapala:2	capala:1
චමත්කාරජනක	chamathkarajanaka:2	camatkarajanaka:1
චමත්කාරයක්	chamathkarayak:2	camatkarayak:1
චමල්	chamal:2	camal:1
චම්පා	champa:2	campa:1
චම්පු	champu:2	campu:1
චමින්ද	chaminda:2	caminda:1
චමිල	chamila:2	camila:1
චයිනා	china:2	chayina:1
චර	chara:2	cara:1
චරක	charaka:2	caraka:1
චර්චිල්	churchill:2	charchil:1
චර්ම	charma:2	carma:1
චර්මඡේදනය	charmachedanaya:2	carmachedanaya:1
චර්යා	charya:2	carya:1
චර්යාත්මක	charyathmaka:2	caryatmaka:1
චර්යාව	charyawa:2	charyava:2	caryava:1
චර්යාවන්	charyavan:2	caryavan:1
චර්යාවන්ගෙන්	charyavangen:2	caryavangen:1
චර්යාවන්ට	charyavanta:2	caryavanta:1
චර්යාවාදී	charyavadi:2	caryavadi:1
චර්යාවේ	charyave:2	caryave:1
චරිත	charitha:2	carita:1
චරිතද	charithada:2	caritada:1
චරිතය	charithaya:2	caritaya:1
චරිතයක	caritayaka:1	carithayaka:1	charithayaka:1
චරිතයකට	caritayakata:1	charitayakata:1	charithayakata:1
චරිතයක්	charithayak:2	caritayak:1
චරිතයකි	caritayaki:1	charitayaki:1	charithayaki:1
චරිතයකින්	charithayakin:2	caritayakin:1
චරිතයට	charithayata:2	caritayata:1
චරිතයද	charithayada:2	caritayada:1
චරිතයන්	charithayan:2	caritayan:1
චරිතයයි	charithayayi:2	caritayayi:1
චරිතයෙන්	charithayen:2	caritayen:1
චරිතයේ	charithaye:2	caritaye:1
චරිතවලින්	caritavalin:1	charitavalin:1	charithavalin:1
චරිතාංග	caritanga:1	charitamga:1	charithanga:1
චරිතාපදාන	charithapadana:2	caritapadana:1
චරිතාපදානය	caritapadanaya:1	charitapadanaya:1	charithapadanaya:1
චලන	chalana:2	calana:1
චලනය	chalanaya:2	calanaya:1
චලනයක්	chalanayak:2	calanayak:1
චලනයන්	calanayan:1	chalanayan:1	chalanayen:1
චලනයෙන්	chalanayen:2	calanayen:1
චලිත	chalitha:4	calita:1	chalita:1
චලිතය	chalithaya:4	calitaya:1	calithaya:1
චලිතයක්	calitayak:1	chalitayak:1	chalithayak:1
චලිතයෙහි	chalithayehi:2	calitayehi:1
චානක	chanaka:2	canaka:1
චාන්සලර්	chancellor:2	chansalar:1
චාන්සලර්වරුන්	chansalarvarun:2	cansalarvarun:1
චාප	chapa:2	capa:1
චාමර	chamara:2	camara:1
චාම්	cam:1	cham:1	charm:1
චාමින්ද	chaminda:2	caminda:1
චාර්ල්ස්	carls:1	charles:1	charls:1
චාර්වක	charvaka:2	carvaka:1
චාරිකා	charika:2	carika:1
චාරිකාව	charikava:2	carikava:1
චාරිකාවකට	charikavakata:2	carikavakata:1
චාරිකාවල	charikavala:2	carikavala:1
චාරිත්‍ර	charithra:2	caritra:1
චාරිත්‍රය	charithraya:2	caritraya:1
චාරිත්‍රයක්	charithrayak:2	caritrayak:1
චාරිත්‍රයකි	charithrayaki:2	caritrayaki:1
චාරිත්‍රයන්	charithrayan:2	caritrayan:1
චාරිත්‍රයේ	charithraye:2	caritraye:1
චාරිත්‍රවල	charithravala:2	caritravala:1
චාරිත්‍රානුකූල	charithranukula:2	caritranukula:1
චාරිත්‍රානුකූලව	charithranukulava:2	caritranukulava:1
චාරු	charu:2	caru:1
චාරුකා	charuka:2	caruka:1
චාලක	chalaka:2	calaka:1
චාලනය	chalanaya:2	calanaya:1
චාල්ස්	charles:2	cals:1
චාලි	cali:1	chali:1	charlie:1
චාවකච්චේරි	chavakachcheri:2	cavakacceri:1
චැට්	chat:3
චැනල්	channel:3
චැප්ලින්	chaplin:3
චැලෙන්ජර්	challenger:3
චි	chi:2	ci:1
චිං	chin:1	ching:1	cin:1
චිකන්	chicken:2	cikan:1
චිකාගෝ	chicago:1	chikago:1	cikago:1
චිකිත්සක	chikithsaka:2	cikitsaka:1
චිකිත්සකයින්	chikithsakayin:2	cikitsakayin:1
චිකිත්සා	chikithsa:2	cikitsa:1
චිකිත්සාව	chikithsava:2	cikitsava:1
චිකිත්සාවට	chikithsavata:2	cikitsavata:1
චිතකය	chithakaya:2	citakaya:1
චිත්ත	chiththa:2	citta:1
චිත්තය	chiththaya:2	cittaya:1
චිත්තවේග	chiththavega:2	cittavega:1
චිත්තවේගී	chiththavegi:2	cittavegi:1
චිත්තාකර්ෂණීය	chiththakarsaniya:1	chiththakarshaniya:1	cittakarsaniya:1
චිත්තානුපස්සනා	chiththanupassana:2	cittanupassana:1
චිත්තාවේග	chiththavega:2	cittavega:1
චිත්ර	chithra:2	citra:1
චිත්රපට	chithrapata:2	citrapata:1
චිත්‍ර	chithra:2	citra:1
චිත්‍රක	chithraka:2	citraka:1
චිත්‍රකරණය	chithrakaranaya:2	citrakaranaya:1
චිත්‍රණය	chithranaya:2	citranaya:1
චිත්‍රපට	chithrapata:2	citrapata:1
චිත්‍රපටය	chithrapataya:2	citrapataya:1
චිත්‍රපටයක	chithrapatayaka:2	citrapatayaka:1
චිත්‍රපටයක්	chithrapatayak:2	citrapatayak:1
චිත්‍රපටයකි	chithrapatayaki:2	citrapatayaki:1
චිත්‍රපටයට	chithrapatayata:2	citrapatayata:1
චිත්‍රපටයයි	chithrapatayayi:2	citrapatayayi:1
චිත්‍රපටයෙන්	chithrapatayen:1	chitrapatayen:1	citrapatayen:1
චිත්‍රපටයෙහි	chithrapatayehi:2	citrapatayehi:1
චිත්‍රපටයේ	chithrapataye:2	citrapataye:1
චිත්‍රපටවල	chithrapatavala:1	chitrapatavala:1	citrapatavala:1
චිත්‍රපටවලට	chithrapatavalata:2	citrapatavalata:1
චිත්‍රපටවලින්	chithrapatavalin:2	citrapatavalin:1
චිත්‍රපටි	chithrapati:2	citrapati:1
චිත්‍රපටිය	chithrapatiya:2	citrapatiya:1
චිත්‍රපටියක්	chitrapatiyak:1	cithrapatiyak:1	citrapatiyak:1
චිත්‍රපටියකි	chithrapatiyaki:1	cithrapatiyaki:1	citrapatiyaki:1
චිත්‍රපටියට	chithrapatiyata:1	cithrapatiyata:1	citrapatiyata:1
චිත්‍රපටියේ	chithrapatiye:2	citrapatiye:1
චිත්‍රපටිවලට	chithrapathivalata:1	chithrapativalata:1	citrapativalata:1
චිත්‍රය	chithraya:2	citraya:1
චිත්‍රයක්	chithrayak:2	citrayak:1
චිත්‍රයට	chithrayata:2	citrayata:1
චිත්‍රයන්	chithrayan:2	citrayan:1
චිත්‍රවල	chithravala:2	citravala:1
චිත්‍රවලට	chithravalata:2	citravalata:1
චිත්‍රා	chithra:1	chitra:1	citra:1
චිත්‍රාගාර	chithragara:2	citragara:1
චිත්‍රාගාරය	chithragaraya:2	citragaraya:1
චිත්‍රාගාරයක්	chithragarayak:2	citragarayak:1
චිත්‍රාගාරයට	chithragarayata:1	cithragarayata:1	citragarayata:1
චිත්‍රාගාරවල	chithragaravala:1	cithragaravala:1	citragaravala:1
චිත්‍රාගේ	chithrage:2	citrage:1
චිනය	chinaya:1	cinaya:1	vinaya:1
චින්	chin:2	cin:1
චින්තක	chinthaka:2	cintaka:1
චින්තකයන්ගේ	chinthakayange:2	cintakayange:1
චින්තකයින්	chinthakayin:1	cintakayin:1	cinthakayin:1
චින්තකයෝ	chintakayo:1	cintakayo:1	cinthakayo:1
චින්තන	chinthana:2	cintana:1
චින්තනය	chinthanaya:2	cintanaya:1
චින්තනයට	chinthanayata:2	cintanayata:1
චින්තනයන්	chintanayan:1	chinthanayan:1	cintanayan:1
චින්තනයේ	chinthanaye:2	cintanaye:1
චින්තා	chintha:2	cinta:1
චින්සෝ	chinso:2	cinso:1
චිම්පන්සීන්	chimpansin:2	cimpansin:1
චිර	chira:2	cira:1
චිරන්තන	chiranthana:2	cirantana:1
චිරස්ථායි	chirasthayi:2	cirasthayi:1
චිරාගත	chiragata:1	chiragatha:1	ciragata:1
චිරාත්	chirath:2	cirat:1
චිලී	chile:2	chillie:1
චීන	cheena:5	china:2	cina:1
චීනචට්ටි	chinacatti:1	chinachatti:1	cinacatti:1
චීනය	chinaya:2	cinaya:1
චීනයට	chinayata:2	cinayata:1
චීනයත්	chinayath:2	cinayat:1
චීනයෙන්	chinayen:2	cinayen:1
චීනයේ	chinaye:2	cinaye:1
චීනා	china:2	cina:1
චීනුන්	chinun:2	cinun:1
චීවරය	chivaraya:2	civaraya:1
චීවරයේ	chivaraye:2	civaraye:1
චීෆ්	chief:3
චුත	chutha:2	cutha:1
චුතව	chithava:1	chutava:1	cutava:1
චුන්ද	chunda:2	cunda:1
චුන්නකම්	chunnakam:2	cunnakam:1
චුන්නාකම්	chunnakam:2	cunnakam:1
චුම්බක	chumbaka:2	cumbaka:1
චුම්බකත්වය	chumbakathvaya:1	chumbakatvaya:1	cumbakathvaya:1
චුම්භක	chumbaka:4	chumbana:1	chumbhaka:1	cumbhaka:1
චුම්භකත්වය	chumbhakathvaya:2	cumbhakatvaya:1
චූ	chu:2	cu:1
චූටි	chuti:2	cuti:1
චූදිත	chuditha:2	cudita:1
චූදිතයා	chudithaya:2	cuditaya:1
චූර්ණය	churnaya:2	curnaya:1
චූල	chula:2	cula:1
චූලවංශය	chulavamsaya:1	chulavanshaya:1	culavansaya:1
චූලවංශයේ	chulavamsaye:1	chulavanshaye:1	culavansaye:1
චූලාභය	chulabhaya:2	culabhaya:1
චෙ	che:3
චෙක්	check:3
චෙක්මේට්	checkmate:2	chekmet:1
චෙඩ්	ched:2	ced:1
චෙන්	chen:2	cen:1
චෙන්නායි	chennai:3
චෙස්	chess:2	ches:1
චේතන්	cetan:1	chetan:1	chethan:1
චේතනා	cetana:1	chetana:1	chethana:1
චේතනාන්විත	cetananvita:1	chetananvita:1	chethananvitha:1
චේතනාව	cetanava:1	chetanava:1	chethanava:1
චේතනාවක්	cetanavak:1	chetanavak:1	chethanavak:1
චේතනාවන්	cetanavan:1	chetanavan:1	chethanavan:1
චේතනාවෙන්	cetanaven:1	chetanaven:1	chethanaven:1
චේතිය	cetiya:1	chethiya:1	chetiya:1
චේම්බර්ස්	chambers:1	chembars:1	chembers:1
චේස්	chase:1	ches:1	chess:1
චෛතසික	caitasika:1	chayithasika:1	eaitasika:1
චෛත්‍ය	chaithya:2	caitya:1	eaitya:1
චෛත්‍යක්	caityak:1	chayithyayak:1	eaityak:1
චෛත්‍යය	chaithya:4	caityaya:1	chayithyaya:1	eaityaya:1
චෛත්‍යයක	caityayaka:1	chaithyaka:1	eaityayaka:1
චෛත්‍යයක්	caityayak:1	chaityayak:1	chayithyayak:1
චෛත්‍යයන්	caityayan:1	chayithyayan:1	eaityayan:1
චෛත්‍යයේ	caityaye:1	chaityaye:1	chayithyaye:1
චොකලට්	chocolate:2	chokalat:1
චොක්ලට්	chocolate:2	choklat:1
චොන්	chon:2	con:1
චොප්රා	chopra:3
චෝදනා	chodana:2	codana:1
චෝදනාව	chodanawa:2	chodanava:2	codanava:1
චෝදනාවකට	chodanavakata:2	codanavakata:1
චෝදනාවක්	chodanavak:2	codanavak:1
චෝදනාවට	chodanavata:2	codanavata:1
චෝදනාවන්	chodanavan:2	codanavan:1
චෝදනාවන්ට	chodanavanta:2	codanavanta:1
චෝයි	choyi:2	choi:1
චෝල	chola:2	cola:1
චෝළ	chola:2	cola:1
චෞර	caura:1	chaura:1	choura:1
ඡන	jana:2	chana:1
ඡන්ද	chanda:3
ඡන්දදායකයන්	chandadayakayan:2	jandadayakayan:1
ඡන්දය	chandaya:3
ඡන්දයක්	chandayak:3
ඡන්දයකින්	chandayakin:3
ඡන්දයට	chandayata:3
ඡන්දයෙන්	chandayen:3
ඡන්දස්	chandas:3
ඡයාරූප	chayarupa:2	chayaruapa:1	jayarupa:1
ඡායා	chaya:3	jaya:1
ඡායාරූප	chayarupa:3	jayarupa:1
ඡායාරූපකරණය	chayarupakaranaya:3	jayarupakaranaya:1
ඡායාරූපකරණයට	chayarupakaranayata:3	jayarupakaranayata:1
ඡායාරූපකරණයේ	chayarupakaranaye:3	jayarupakaranaye:1
ඡායාරූපකරුවන්	chayarupakaruvan:2	cnayarupakaruvan:1	jayarupakaruvan:1
ඡායාරූපය	chayarupaya:3	jayarupaya:1
ඡායාරූපයක	chayarupayaka:3	jayarupayaka:1
ඡායාරූපයකට	chayarupayakata:3	jayarupayakata:1
ඡායාරූපයක්	chayarupayak:3	jayarupayak:1
ඡායාරූපයකින්	chayarupayakin:3	jayarupayakin:1
ඡායාරූපයට	chayarupayata:3	jayarupayata:1
ඡායාරූපයේ	chayarupaye:3	jayarupaye:1
ඡායාරූපවල	chayarupavala:3	jayarupavala:1
ඡායාරූපවලින්	chayarupavalin:3	jayarupavalin:1
ඡායාව	chayava:3	jayava:1
ඡිවිතය	chivitaya:2	jivitaya:1	jivithaya:1
ඡීවිතය	chivitaya:2	jivitaya:1	jivithaya:1
ඡේද	cheda:3	jeda:1
ඡේදනය	chedanaya:3	jedanaya:1
ඡේදය	chedaya:3	jedaya:1
ඡේදයක්	chedayak:3	jedayak:1
ජංගම	jangama:2	jamgama:1	janggama:1
ජගත්	jagat:2	jagath:1
ජටා	jata:3
ජටාව	jatava:3
ජටිලයන්	jatilayan:3
ජන	jana:3
ජනක	janaka:3
ජනකතා	janakata:2	janakatha:1
ජනකථා	janakatha:3
ජනකය	janakaya:3
ජනකාය	janakaya:3
ජනකායක්	janakayak:3
ජනගහණ	janagahana:3
ජනගහණය	janagahanaya:3
ජනගහණයක්	janagahanayak:3
ජනගහණයෙන්	janagahanayen:3
ජනගහන	janagahana:3
ජනගහනය	janagahanaya:3
ජනගහනයක්	janagahanayak:3
ජනගහනයෙන්	janagahanayen:3
ජනගහනයේ	janagahanaye:3
ජනජීවිතයට	janajivithayata:2	janajivitayata:1
ජනතා	janatha:2	janata:1
ජනතාව	janathawa:14	janathava:2	janatava:1
ජනතාවකගේ	janathavakage:2	janatavakage:1
ජනතාවකට	janathavakata:2	janatavakata:1
ජනතාවක්	janathavak:2	janatavak:1
ජනතාවගෙන්	janathavagen:2	janatavagen:1
ජනතාවගේ	janathawage:3	janathavage:2	janatavage:1
ජනතාවට	janathawata:2	janathavata:2	janatavata:1
ජනතාවද	janathavada:2	janatavada:1
ජනතාවාදී	janathavadi:2	janatavadi:1
ජනන	janana:3
ජනනය	jananaya:3
ජනපති	janapathi:2	janapati:1
ජනපතිගේ	janapathige:2	janapatige:1
ජනපතිනිය	janapathiniya:2	janapatiniya:1
ජනපතිවරණ	janapathivarana:2	janapativarana:1
ජනපතිවරයා	janapathivaraya:2	janapativaraya:1
ජනපද	janapada:3
ජනපදකරණය	janapadakaranaya:3
ජනපදය	janapadaya:3
ජනපදයක්	janapadayak:3
ජනපදයකි	janapadayaki:3
ජනපදයට	janapadayata:3
ජනපදයෙන්	janapadayen:3
ජනපදයෙහි	janapadayehi:3
ජනපදයේ	janapadaye:3
ජනපදයේදී	janapadayedi:3
ජනපදවල	janapadawala:2	janapadavala:3
ජනපදිකයන්	janapadikayan:3
ජනප්‍රවාද	janapravada:3
ජනප්‍රවාදය	janapravadaya:3
ජනප්‍රවාදයක්	janapravadayak:3
ජනප්‍රවාදයන්	janapravadayan:3
ජනප්‍රවාදයෙහි	janapravadayehi:3
ජනප්‍රවාදයේ	janapravadaye:3
ජනප්‍රවාදවල	janapravadavala:3
ජනප්‍රවාදවලට	janapravadavalata:3
ජනප්‍රසාදය	janaprasadaya:3
ජනප්‍රසාදයක්	janaprasadayak:3
ජනප්‍රිය	janapriya:3
ජනප්‍රියතම	janapriyatama:2	janapriyathama:1
ජනප්‍රියත්වය	janapriyatvaya:2	janapriyathvaya:1
ජනප්‍රියත්වයක්	janapriyatvayak:2	janapriyathvayak:1
ජනප්‍රියත්වයට	janapriyatvayata:2	janapriyathvayata:1
ජනප්‍රියතාව	janapriyatava:2	janapriyathava:1
ජනප්‍රියතාවයක්	janapriyatavayak:2	janapriyathavayak:1
ජනප්‍රියම	janapriyama:3
ජනප්‍රියය	janapriyaya:3
ජනප්‍රියව	janapriyava:3
ජනමත	janamata:2	janamatha:1
ජනමතයක්	janamatayak:2	janamathayak:1
ජනමාද්‍ය	janamadya:3
ජනමාධ්‍ය	janamadya:2	janamadhya:2
ජනමාධ්‍යය	janamadhyaya:2	janamadyaya:1
ජනමාධ්‍යයට	janamadhyayata:2	janamadyayata:1
ජනමාධ්‍යයෙන්	janamadhyayen:2	janamadyayen:1
ජනමාධ්‍යවල	janamadhyavala:2	janamadyavala:1
ජනමාධ්‍යවේදය	janamadhyavedaya:2	janamadyavedaya:1
ජනයන්	janayan:3
ජනයා	janaya:3
ජනයාගෙන්	janayagen:3
ජනයාගේ	janayage:3
ජනයාට	janayata:3
ජනයාටත්	janayatat:2	janayatath:1
ජනයාටද	janayatada:3
ජනරජ	janaraja:3
ජනරජය	janarajaya:6
ජනරජයක්	janarajayak:3
ජනරජයකි	janarajayaki:3
ජනරජයට	janarajayata:3
ජනරජයේ	janarajaye:3
ජනරාල්	janaral:3
ජනරාල්වරයා	janaralvaraya:3
ජනලේඛන	janalekhana:3
ජනවර්ග	janavarga:3
ජනවර්ගය	janavargaya:3
ජනවර්ගයක්	janavargayak:3
ජනවාර්ගික	janavargika:3
ජනවාර්ගිකත්වය	janavargikatvaya:2	janavargikathvaya:1
ජනවාරි	janawari:4	janavari:3
ජනවාරියේදී	janavariyedi:3
ජනවාරී	janavari:3
ජනශුන්‍ය	janasunya:2	janashunya:1
ජනසංඛ්‍යාව	janasankhyava:2	janasamkhyava:1	janasankyava:1
ජනසතු	janasatu:2	janasathu:1
ජනසන්නිවේදන	janasannivedana:3
ජනසමාජය	janasamajaya:3
ජනසවිය	janasaviya:3
ජනහිතකාමී	janahitakami:2	janahithakami:1
ජන්ම	janma:3
ජන්මය	janmaya:3
ජන්මයක්	janmayak:3
ජන්මලාභය	janmalabhaya:3
ජන්මාණු	janmanu:3
ජනාකිර්ණ	janakirna:3
ජනාකීර්ණ	janakirna:3
ජනාදරයට	janadarayata:3
ජනාධිපති	janadhipathi:7	janadhipati:2
ජනාධිපතිගේ	janadhipatige:2	janadhipathige:1
ජනාධිපතිතුමන්	janadhipatituman:2	janadhipathithuman:1
ජනාධිපතිතුමා	janadhipatituma:2	janadhipathithuma:1
ජනාධිපතිධුරය	janadhipatidhuraya:2	janadhipathidhuraya:1
ජනාධිපතිනි	janadhipatini:2	janadhipathini:1
ජනාධිපතිවරණ	janadhipativarana:2	janadhipathivarana:1
ජනාධිපතිවරණය	janadhipativaranaya:2	janadhipathivaranaya:1
ජනාධිපතිවරණයේදී	janadhipativaranayedi:2	janadhipathivaranayedi:1
ජනාධිපතිවරයා	janadipathiwaraya:2	janadhipativaraya:2	janadhipathivaraya:1
ජනාධිපතිවරයාගේ	janadhipativarayage:2	janadhipathivarayage:1
ජනාධිපතිවරුන්	janadhipativarun:2	janadhipathivarun:1
ජනාවාස	janawasa:4	janavasa:3
ජනාවාසය	janavasaya:3
ජනාවාසයක	janavasayaka:3
ජනාවාසයක්	janavasayak:3
ජනාවාසවල	janavasavala:3
ජනිත	janitha:3	janita:2
ජනිත්	janit:2	janith:1
ජනෙල්	janel:2	ajnel:1
ජනේල	janela:3
ජනේලයකින්	janelayakin:3
ජනේෂ්	janes:2	janesh:2
ජපන්	japan:3
ජපනුන්	japanun:2	japanuth:1
ජපමාල	japamala:3
ජපාන	japana:3
ජපානය	japanaya:3
ජපානයට	japanayata:3
ජපානයෙන්	japanayen:3
ජපානයෙහි	japanayehi:3
ජපානයේ	japanaye:3
ජම්බු	jambu:2	jammbu:1
ජම්බුද්වීපයේ	jambudvipaye:3
ජම්බෝල	jambola:3
ජම්මු	jammu:3
ජය	jaya:3
ජයක්	jayak:3
ජයකොඩි	jayakodi:3
ජයගත	jayagata:2	jayagatha:1
ජයගත්	jayagath:2	jayagat:2
ජයගන්නට	jayagannata:3
ජයග්‍රහණ	jayagrahana:3
ජයග්‍රහණය	jayagrahanaya:3
ජයග්‍රහණයක්	jayagrahanayak:3
ජයග්‍රහණයට	jayagrahanayata:3
ජයග්‍රහණයන්	jayagrahanayan:2	jyagrahanayan:1
ජයග්‍රහණයෙන්	jayagrahanayen:3
ජයග්‍රහනය	jayagrahanaya:3
ජයග්‍රාහකයන්	jayagrahakayan:3
ජයග්‍රාහකයා	jayagrahakaya:3
ජයග්‍රාහකයින්	jayagrahakayin:3
ජයග්‍රාහිකාව	jayagrahikava:3
ජයග්‍රාහී	jayagrahi:3
ජයගෙන	jayagena:3
ජයතිලක	jayathilaka:2	jayatilaka:1
ජයතිස්ස	jayathissa:2	jayatissa:1
ජයතුංග	jayathunga:2	jayatunga:1
ජයන්ත	jayantha:2	jayanta:1
ජයන්ති	jayanthi:2	jayanti:1
ජයනාත්	jayanath:2	jayanat:1
ජයනි	jayani:3
ජයප්‍රකාශ්	jayaprakash:2	jayaprakas:1
ජයබාහු	jayabahu:3
ජයමාන්න	jayamanna:3
ජයරත්න	jayaratna:2	jayarathna:1
ජයලත්	jayalat:2	jayalath:1
ජයවර්ධන	jayawardena:2	jayavardhana:3
ජයවර්ධනපුර	jayavardhanapura:3
ජයවීර	jayavira:2	jayaveera:1
ජයසිංහ	jayasinha:3	jayasimha:1
ජයසිරි	jayasiri:3
ජයසුරිය	jayasuriya:3
ජයසූරිය	jayasooriya:2	jayasuriya:3
ජයසේකර	jayasekara:3
ජයසේන	jayasena:3
ජයා	jaya:3
ජරවා	jarava:3
ජර්නල්	jarnal:2	journal:1
ජර්මන්	german:3	jarman:2
ජර්මනිය	jarmaniya:2	germanya:1
ජර්මනියට	jarmaniyata:2	germaniyata:1
ජර්මනියේ	jarmaniye:2	germaniye:1
ජර්මානු	jarmanu:2	germanu:1
ජර්මානුවන්	jarmanuvan:2	germanuvan:1
ජර්සි	jarsi:2	jercy:1
ජරා	jara:3
ජරාජීර්ණ	jarajirna:3
ජරාව	jarava:3
ජරාවට	jaravata:3
ජරාසන්ධ	jarasandha:3
ජල	jala:3
ජලජ	jalaja:3
ජලනල	jalanala:3
ජලප්‍රවාහන	jalapravahana:3
ජලය	jalaya:3
ජලයට	jalayata:3
ජලයද	jalayada:3
ජලයයි	jalayayi:3
ජලයෙන්	jalayen:3
ජලයෙහි	jalayehi:3
ජලයේ	jalaye:3
ජලවහන	jalavahana:3
ජලවිදුලිය	jalaviduliya:3
ජලසම්පාදනය	jalasampadanaya:3
ජල්ලි	jalli:3
ජලාප්‍රවාහන	jalapravahana:3
ජලාබුජ	jalabuja:3
ජලාල්	jalal:3
ජලාශ	jalasha:2	jalasa:2
ජලාශය	jalashaya:2	jalasaya:2
ජලාශයක්	jalasayak:2	jalashayak:1
ජලාශයකි	jalasayaki:2	jalashayaki:1
ජලාශයට	jalasayata:2	jalashayata:1
ජලාශයෙන්	jalasayen:2	jalashayen:1
ජලාශයේ	jalasaye:2	jalashaye:1
ජලාශ්‍රිත	jalasrita:2	jalashritha:1
ජලීය	jaliya:3
ජව	java:3
ජවන	javana:3
ජවන්	javan:3
ජවනිකා	javanika:3
ජවනිකාව	javanikava:3
ජවය	javaya:3
ජවයක්	javayak:3
ජවිපෙ	javipe:3
ජසයා	jasaya:3
ජ්වලන	jvalana:3
ජ්‍යාතන්තර	jyatantara:2	jathyanthata:1
ජ්‍යාමිතික	jyamithika:2	jyamitika:2
ජ්‍යාමිතිය	jyamitiya:2	jyamithiya:1
ජ්‍යාමිතියෙහි	jyamitiyehi:2	jyamithiyehi:1
ජ්‍යෙෂ්ඨ	jeyeshtha:1	jjesta:1	jyestha:1
ජ්‍යෙෂ්ඨතම	jeyeshthathama:1	jjesthatama:1	jyesthatama:1
ජ්‍යෙෂ්ඨත්වය	jeyeshthathvaya:1	jjestatvaya:1	jyesthatvaya:1
ජ්‍යේෂ්ඨ	jeyeshtha:1	jjestha:1	jyestha:1
ජ්‍යෝතිෂ	jjotisa:1	jyothisha:1	jyotisa:1
ජා	ja:3
ජාකොබ්	jakob:2	jacob:1
ජාතක	jataka:2	jathaka:1
ජාතකය	jathakaya:4	jatakaya:2
ජාත්‍යන්තර	jathyanthara:1	jatjantara:1	jatyantara:1
ජාත්‍යන්තරය	jathyanthara:1	jatjantaraya:1	jatyantaraya:1
ජාත්‍යන්තරව	jathyantharava:1	jatjantarava:1	jatyantarava:1
ජාත්‍යන්තරීකරණය	jathyantharikaranaya:1	jatjantarikaranaya:1	jatyantarikaranaya:1
ජාති	jati:2	jathi:1
ජාතික	jathika:50	jatika:2
ජාතිකත්ව	jatikatva:2	jathikathva:1
ජාතිකත්වය	jatikatvaya:2	jathikathvaya:1
ජාතිකයකු	jatikayaku:2	jathikayaku:1
ජාතිකයන්	jatikayan:2	jathikayan:1
ජාතිකයන්ගෙන්	jatikayangen:2	jathikayangen:1
ජාතිකයන්ගේ	jatikayange:2	jathikayange:1
ජාතිකයන්ට	jatikayanta:2	jathikayanta:1
ජාතිකයා	jatakaya:1	jathikaya:1	jatikaya:1
ජාතිකයාගේ	jatikayage:2	jathikayage:1
ජාතිකයාද	jatikayada:2	jathikayada:1
ජාතිකයින්	jatikayin:2	jathikayin:1
ජාතිකයින්ගේ	jatikayinge:2	jathikayinge:1
ජාතිකයින්ට	jatikayinta:2	jathikayinta:1
ජාතිකයෙක්	jatikayek:2	jathikayek:1
ජාතිකයෙකි	jatikayeki:2	jathikayeki:1
ජාතිකයෙකු	jatikayeku:2	jathikayeku:1
ජාතිකයෝ	jatikayo:2	jathikayo:1
ජාතිකව	jatikava:2	jathikava:1
ජාතිකවාදය	jatikavadaya:2	jathikavadaya:1
ජාතිකවාදී	jatikavadi:2	jathikavadi:1
ජාතිකවාදීන්	jatikavadin:2	jathikavadin:1
ජාතින්	jatin:2	jathin:1
ජාතින්ගේ	jatinge:2	jathinge:1
ජාතිය	jathiya:6	jaathiya:1	jatiya:1
ජාතියක	jathiyaka:2	jaathiyaka:1	jatiyaka:1
ජාතියක්	jaathiyak:1	jathiyak:1	jatiyak:1
ජාතියට	jaathiyata:1	jathiyata:1	jatiyata:1
ජාතියෙන්	jaathiyen:1	jathiyen:1	jatiyen:1
ජාතියෙහි	jaathiyehi:1	jathiyehi:1	jatiyehi:1
ජාතියේ	jaathiye:1	jathiye:1	jatiye:1
ජාතිවාදය	jaathiwaadaya:1	jathivadaya:1	jatikavadaya:1
ජාතිවාදි	jaathiwaadi:1	jathivadi:1	jativadi:1
ජාතිවාදී	jaathiwaadee:1	jathivadi:1	jativadi:1
ජාතීන්	jaathiin:2	jaatheen:1	jathin:1	jatin:1
ජාතීන්ගෙන්	jaatheengen:1	jathingen:1	jatingen:1
ජාතීන්ගේ	jaatheenge:1	jathinge:1	jatinge:1
ජාතීන්ට	jaatheenta:1	jathinta:1	jatinta:1
ජාන	jana:3
ජානක	janaka:3
ජානකගේ	janakage:3
ජානකී	janaki:3
ජානමය	janamaya:3
ජානය	janaya:3
ජානයක	janayaka:2	jvnayaka:1
ජානයක්	janayak:3
ජානවල	janavala:3
ජානවලට	janavalata:3
ජාන්	jan:4
ජායා	jaya:3
ජායාරූප	jayarupa:3
ජාල	jala:3
ජාලකරණ	jalakarana:3
ජාලගත	jalagata:2	jaalagatha:1
ජාලය	jalaya:2	jaalaya:1
ජාලයක	jalayaka:2	jaalayaka:1
ජාලයක්	jalayak:2	jaalayak:1
ජාලයන්	jalayan:2	jaalayan:1
ජාලයේ	jalaye:2	jaalaye:1
ජාලවල	jalavala:2	jaalawala:1
ජාලාවක්	jalavak:2	jaalaawak:1
ජාලිය	jaliya:2	jaaliya:1
ජාවා	java:3	jaawaa:1
ජාවාරම	javarama:2	jaawaarama:1
ජාවාරම්	javaram:2	jaawaaram:1
ජැක්	jack:2	jak:1
ජෑම්	jam:3
ජින	jina:3
ජිනදාස	jinadasa:3
ජිනදාසගේ	jinadasage:3
ජින්	jin:3	gin:1
ජිනිවා	geneva:2	jiniva:1
ජිනීවා	jineewa:2	geneva:2	jiniva:1
ජිප්සම්	gypsum:3
ජිම්	gym:2	jim:1
ජිම්නාස්ටික්	gymnastic:1	gymnastics:1	gymnastik:1
ජිමී	jimee:1	jimi:1	jimmy:1
ජියෝගො	jiyogo:2	giyogo:1
ජිව	jiva:3
ජිවත්	jeewath:2	jivath:2	jivat:1
ජිවන	jivana:3
ජිවිත	jivita:2	jivitha:1
ජිවිතය	jivitaya:2	jivithaya:1
ජිවිතයට	jivitayata:2	jivithayata:1
ජිවිතයේ	jivitaye:2	jivithaye:1
ජිවිතයේදි	jivitayedi:2	jivithayedi:1
ජිවින්	jivin:3
ජිවින්ගේ	jivinge:3
ජිවියෙකු	jiviyeku:3
ජිවීන්	jivin:3
ජිවීන්ගේ	jivinge:3
ජිහාඩයයි	jihadayayi:3
ජිහාඩ්	jihad:3
ජිහාද්	jihad:3
ජීන්	jin:2	jean:1
ජීරණ	jirana:3
ජීරණය	jiranaya:2	jirnaya:1
ජීර්ණ	jirna:3
ජීර්ණය	jirnaya:3
ජීව	jeewa:3	jiva:3
ජීවක	jivaka:3
ජීවග්‍රහයෙන්	jivagrahayen:3
ජීවත්	jeewath:7	jivath:3
ජීවත්ව	jivathva:2	jivatva:1
ජීවත්වන	jeewathwana:2	jivathvana:2	jivatvana:1
ජීවත්වන්නන්	jivatvannan:2	jivathvannan:1
ජීවත්විය	jivatviya:2	jivathviya:1
ජීවත්වීම	jivatvima:2	jivathvima:1
ජීවත්වීමට	jeewathweemata:1	jivathvimata:1	jivatvimata:1
ජීවත්වීමයි	jivathvimayi:2	jeewathweemai:1
ජීවත්වූ	jeewathwu:3	jeewathvu:1	jivathvu:1	jivatvu:1
ජීවතුන්	jeewathun:1	jivathun:1	jivatun:1
ජීවන	jivana:2	jeewana:1
ජීවනය	jivanaya:2	jeewanaya:1
ජීවන්	jeevan:3	jeewan:1
ජීවනෝපාය	jeewanopaaya:1	jeewanopaya:1	jivanopaaya:1
ජීවමය	jeewamaya:2	jivamaya:1
ජීවමාන	jeewamaana:1	jeewamana:1	jivamana:1
ජීවමානව	jeewamaanawa:1	jeewamanawa:1	jivamanawa:1
ජීවය	jeewaya:2	jivaya:1
ජීවයක්	jeewayak:2	jivayak:1
ජීවයට	jeewayata:2	jivayata:1
ජීවයෙන්	jeewayen:2	jivayen:1
ජීවයේ	jivaye:2	jeewaye:1
ජීවවිද්‍යාත්මක	jeewawidyaathmaka:1	jivavidyathmaka:1	jivavidyatmaka:1
ජීවා	jiva:2	jeewaa:1
ජීවි	jivi:2	jeewi:1
ජීවිකාව	jeewikawa:3	jivikava:2	jeewikaawa:1
ජීවිත	jeewitha:2	jivita:2	jivitha:2
ජීවිතක්ෂයට	jeewithakshayata:1	jivitaksayata:1	jivithaksayata:1
ජීවිතය	jeewithaya:1	jivitaya:1	jivithaya:1
ජීවිතයක	jeewithayaka:1	jivitayaka:1	jivithayaka:1
ජීවිතයකට	jeewithayakata:1	jivitayakata:1	jivithayakata:1
ජීවිතයක්	jeewithayak:1	jivitayak:1	jivithayak:1
ජීවිතයකි	jeewithayaki:1	jivitayaki:1	jivithayaki:1
ජීවිතයකින්	jivithayakin:2	jivitayakin:1
ජීවිතයට	jivithayata:2	jivitayata:1
ජීවිතයත්	jivithayath:2	jivitayat:1
ජීවිතයම	jivithayama:2	jivitayama:1
ජීවිතයයි	jivithayayi:2	jivitayayi:1
ජීවිතයෙන්	jivithayen:2	jivitayen:1
ජීවිතයෙහි	jivithayehi:2	jivitayehy:1
ජීවිතයේ	jivithaye:2	jivitaye:1
ජීවිතයේදී	jivithayedi:2	jivitayedi:1
ජීවිතවල	jivithavala:2	jivitavala:1
ජීවිතාන්තය	jeevithanthaya:2	jivitantaya:1	jivitanthaya:1	jivithanthaya:1
ජීවිතාරක්ෂාව	jivitharaksava:2	jivitaraksava:1
ජීවිතේ	jivithe:2	jivite:1
ජීවින්	jivin:3
ජීවින්ගෙන්	jivingen:3
ජීවින්ගේ	jivinge:3
ජීවියකු	jiviyaku:3
ජීවියා	jiviya:3
ජීවියාගේ	jiviyage:3
ජීවියාට	jiviyata:3
ජීවියෙකු	jiviyeku:2	jiviyek:1
ජීවියෙකුගේ	jiviyekuge:3
ජීවියෙකුට	jiviyekuta:3
ජීවී	jeewi:2	jivi:3
ජීවීතය	jivithaya:2	jivitaya:1
ජීවීන්	jeeween:3	jivin:3
ජීවීන්ගේ	jivinge:3
ජීවීන්ට	jivinta:3
ජීවීන්ද	jivinda:3
ජීවීහු	jivihu:3
ජුදා	juda:3
ජුදාස්	judas:3
ජුන්	jun:3
ජුනි	june:2	juni:1
ජුබිලි	jubilee:2	jubili:1
ජුලි	july:2	juli:1
ජුලියට්	juliet:3	juliyat:1
ජුලියන්	juliyan:3	julian:1
ජුලියස්	julius:2	juliyas:2
ජුලියා	julia:3	juliya:1
ජුවන්	juvan:2	juan:1	juwan:1
ජුවාන්	juvan:2	juwan:2
ජුවාම්	juwam:2	juvam:3
ජුසේ	juse:2	joseph:1
ජූඩ්	jude:2	jud:1
ජූන්	june:3
ජූනි	juni:2	jooni:1	june:1
ජූනියර්	junior:3	juniyar:1
ජූරි	jury:2	jurry:1
ජූල්	jool:2	joule:1
ජූලි	july:4	jooli:1	juli:1
ජූලිය	juliya:2	jooliya:1
ජූලියන්	julian:2	joolian:1	jooliyan:1
ජූලියස්	joolius:1	jooliyas:1	julias:1	julius:1
ජූලියා	julia:2	joolia:1	jooliya:1
ජෙට්	jet:3
ජෙනට්	janet:1	jannet:1	jenet:1
ජෙනරල්	general:3
ජෙනර්	genre:1	jenar:1	jenner:1
ජෙනරාල්	general:2	jenaral:1
ජෙප්පෝ	jeppo:3
ජෙම්ස්	james:2	gems:1	jems:1
ජෙමිණි	jemini:2	gemini:1
ජෙමිනි	jemini:2	gemini:1
ජෙරමි	jarami:1	jerami:1	jeremy:1
ජෙරල්ඩ්	gerald:1	jerald:1	jerold:1
ජෙරාඩ්	jerad:2	gerard:1
ජෙරුසලම	jerusalama:3
ජෙරුසලමට	jerusalamata:3
ජෙරුසලමේ	jerusalame:2	jerusalem:1
ජෙලි	jelly:3
ජෙසිකා	jessica:2	jesika:1
ජෙසී	jesee:1	jesse:1	jessy:1
ජෙෆර්සන්	jefferson:2	jeferson:1
ජෙෆ්	jef:2	jeff:2
ජෙෆ්රි	jeffrey:1	jeffri:1	jeffry:1	jefry:1
ජෙෆෙර්සන්	jefferson:2	jeferson:1
ජේ	j:2	je:1
ජේකබ්	jekab:2	jacob:1	jecab:1
ජේජු	jeju:3	jaju:1
ජේඩ්	jade:2	jed:1
ජේතවන	jethawana:2	jethavana:1
ජේතවනාරාම	jethawanarama:3
ජේතවනාරාමය	jethawanaramaya:2	jethavanaramaya:1
ජේතවනාරාමයේ	jethavanaramaye:2	jethawanaramaye:1
ජේදයක්	jedayak:2	chedayak:1
ජේන්	jane:3
ජේම්ස්	james:3
ජේමිස්	james:1	jamies:1	jamis:1	jemis:1
ජේරුසලම	jerusalama:3
ජේෂ්ඨ	jeshta:1	jeshtah:1	jestha:1
ජේසන්	jason:2	jesan:1
ජේසු	jesu:3
ජේසුතුමන්	jesuthuman:2	jesuthumange:1
ජේසුස්	jesus:3	jasus:1
ජෛන	jaina:3
ජෛව	jaiwa:2	jaiva:1
ජොන්	john:3	jon:1
ජොන්සන්	johnson:2	jonson:1
ජොර්ජ්	george:2	jorge:1	jorj:1
ජොසේ	jose:3
ජොහන්	johan:3
ජොහාන්	johan:3
ජොහාන්ගේ	johange:3
ජොහාර්	johar:3
ජොහැන්නස්බර්ග්	johannesburg:2	johaennasbarg:1
ජෝ	joe:2	jo:1
ජෝගි	jogi:3
ජෝට	jota:3
ජෝඩු	jodu:3
ජෝඩුව	joduva:3
ජෝඩුවක්	joduvak:3
ජෝති	jothi:2	jyothi:1
ජෝතිපාල	jothipala:3
ජෝධා	jodha:3
ජෝන්	john:2	jon:1
ජෝන්ට	jonta:2	johnta:1
ජෝන්ස්	johns:1	jones:1	jons:1
ජෝයි	johi:1	joy:1	joyi:1
ජෝර්ජ්	george:2	jorj:1
ජෝර්ජියා	jorjiya:2	georgia:1	georgiya:1
ජෝර්ජියානු	jorjiyanu:2	georgianu:1	georgiyanu:1
ජෝර්ජියාවේ	jorjiyave:2	georgiawe:1	georgiyawe:1
ජෝර්දානය	jordanaya:3
ජෝර්දාන්	jordan:3
ජෝශප්	joseph:2	joshap:1
ජෝෂප්	joseph:2	joshap:1
ජෝසප්	joseph:2	josap:1
ජෝසෆ්	joseph:2	josaf:1
ජෝහාන්	johan:3
ඤාණ	gnana:1	gyana:1	nana:1
ඤාණය	gnanaya:1	gyanaya:1	nanaya:1	yanaya:1
ඤාණානන්ද	gnanananda:2	gyanananda:1	yanananda:1
ඤාණාලෝක	nanaloka:2	gnanaloka:1
ඥතීන්	gnathin:2	gnatin:1
ඥාණය	gnanaya:3
ඥාණයන්	gnanayan:2	gnanayak:1
ඥාණසාර	gnanasara:3
ඥාණානන්ද	gnanananda:3
ඥාණිස්සර	gnanissara:3
ඥාති	gnathi:3
ඥාතියකු	gnathiyaku:3
ඥාතියෙක්	gnathiyek:2	gnatiyek:1
ඥාතීන්	gnatin:2	gnathin:1
ඥාතීන්ගේ	gnathinge:2	gnatinge:1
ඥාතීන්ට	gnathinta:2	gnatinta:1
ඥාන	gnana:3
ඥානං	gnanam:2	gnanan:1	gnanang:1
ඥානය	gnanaya:3
ඥානයක්	gnanayak:3
ඥානයේ	gnanaye:3
ඥානාත්මක	gnanathmaka:2	gnanatmaka:1
ට	ta:3
ටං	tam:2	tan:2
ටංකන	tamkana:2	tankana:2
ටයරය	tayaraya:2	tyreaya:1
ටයර්	tayar:1	tire:1	tyre:1
ටයි	tayi:2	tie:1
ටයිග්‍රීස්	tayigris:2	tigris:1
ටයිටන්	tayitan:2	titan:1
ටයිටස්	tayitas:2	titus:1
ටයිපොයිඩ්	tayipoyid:2	typhoid:1
ටයිබර්	tayibar:2	tiber:1
ටයිම්	time:2	tayim:1
ටයිම්ස්	times:5	tayims:2
ටයිල්	tile:2	tayil:1
ටර්බයින	tarbayina:2	turbinea:1
ටර්බයින්	tarbayin:2	turbine:1
ටවර්	tower:2	tavar:1
ට්විටර්	twitter:3
ට්‍රක්	truck:3
ට්‍රයිටන්	trayitan:1	tritan:1	triton:1
ට්‍රයිටන්ගේ	trayitange:2	titange:1
ට්‍රාන්ස්	trans:2	transe:1
ට්‍රාන්සිස්ටර	transistara:2	transistor:1
ට්‍රාන්සිස්ටරය	transistaraya:2	transistoraya:1
ට්‍රාන්සිස්ටරයේ	transistaraye:2	transistoraye:1
ට්‍රිනිඩෑඩ්	trinidad:3
ට්‍රිලියනයක්	triliyanayak:3
ට්‍රේලර්ස්	trailers:2	trailer:1
ට්‍රෝජන්	trojan:3
ටාටා	tata:3
ටානියා	taniya:2	tania:1
ටැග්	tag:3
ටැන්ගෝ	tango:3
ටැමිල්	tamil:3
ටික	tika:3
ටිකක්	tikak:3
ටිකයි	tikayi:2	tikai:1
ටිකිරි	tikiri:3
ටිකෙන්	tiken:3
ටින්	tin:3
ටින්ටින්	tintin:3
ටිබෙටය	tibetaya:3
ටිබෙටයට	tibetayata:3
ටිබෙටයේ	tibetaye:3
ටිබෙට්	tibet:3
ටිම්	tim:2	team:1
ටිමෝරය	timoraya:3
ටියුනීසියාව	tiyunisiyava:2	tuneesiawa:1	tunisiawa:1
ටියුබ්	tube:2	tiyub:1
ටියුරින්	tiyurin:2	tiurin:1
ටිරෝන්	tiron:2	tyrone:1
ටී	t:2	tea:2	ti:1
ටීඑන්එල්	tnl:2	tienel:1
ටීකාව	tikava:3
ටීනා	tina:3	tena:1
ටීනාගේ	tinage:3	tenage:1
ටීනාව	tinava:3	tinawa:1
ටීවී	tv:3
ටු	to:2	do:1
ටුසූ	tusu:3
ටෙක්	tech:3
ටෙක්සාස්	texas:3
ටෙඩී	tedi:2	teddy:1
ටෙනන්ට්	tenant:3	tenantt:1
ටෙන්ඩර්	tendar:4
ටෙනිසන්	tenisan:2	tennyson:1
ටෙනිස්	tennis:2	tenis:2	teniss:1
ටෙරන්ස්	terans:3	terance:1
ටෙරී	teri:2	terii:1	terry:1
ටෙලි	teli:4
ටෙලිකොම්	telikom:2	telecom:1
ටෙලිග්‍රාෆ්	telegraph:3
ටෙලිනාට්‍ය	telinatya:3	telinaatya:1
ටෙස්ට්	test:3
ටෙස්ලා	tesla:3
ටේලර්	tailor:2	taler:1	taylor:1
ටේලර්ගේ	telarge:2	tailorge:1	talerge:1
ටොන්	ton:3
ටොම්	tom:3
ටොරොන්ටෝ	toronto:3
ටොලමි	ptolemy:2	tolami:1
ටොලමිගේ	tolamige:3
ටෝකියෝ	tokyo:3
ටෝනි	toni:2	toney:1
ටෝල්	tall:2	toll:1
ඩග්ලස්	daglas:2	douglas:1
ඩඩ්ලි	dudley:2	dadli:1
ඩබ්	dub:3
ඩබ්ලිව්	w:3
ඩයනා	diana:2	dayana:1
ඩයලොග්	dialog:2	dialogue:1
ඩයස්	dayas:2	dias:1
ඩයි	die:2	dye:1
ඩයිනෝසරයන්	dayinosarayan:2	dinosarayan:1
ඩයොක්සයිඩ්	dioxide:3
ඩයෝඩ	dayoda:2	diode:1
ඩලස්	dalas:2	dallas:1
ඩහදිය	dahadiya:3
ඩ්‍රම්	drum:2	dram:1
ඩ්‍රාකේට	draketa:3
ඩ්‍රැගන්	dragon:2	dragan:1
ඩා	da:3
ඩාන්ටේ	dante:2	dantai:1	dantey:1
ඩාවින්	davin:2	darvin:1
ඩාවින්ගේ	davinge:3
ඩාෆූර්	darfur:3
ඩැනිස්ටර්	danister:2	danistar:1
ඩැනී	dani:1	danni:1	danny:1
ඩෑන්	dan:2	daan:1
ඩි	d:2	di:1
ඩිකන්ස්ගේ	dikansge:3
ඩිජිටල්	digital:3
ඩිප්ලෝමා	diploma:3
ඩිප්ලෝමාව	diplomava:3	diplomawa:1
ඩිම්	dim:3
ඩිම්බ	dimba:3
ඩිමොක්‍රටික්	democratic:3
ඩිරේක්	direk:3
ඩිලන්	dillon:2	delon:1
ඩිලාන්	dilan:3
ඩිස්කවරි	discovery:3
ඩිස්නි	disney:3
ඩී	d:8	di:2	dee:1
ඩීඑන්ඒ	dna:3
ඩීන්	dean:2	deen:2
ඩීවීඩී	dvd:3
ඩීසල්	diesel:3
ඩු	do:2	du:2	doo:1
ඩුබායි	dubai:3
ඩූ	do:3
ඩෙන්මාර්කය	denmarkaya:2	denmaakaya:1
ඩෙන්මාර්ක්	denmark:3
ඩෙනිස්	denis:2	dennis:1
ඩෙරෙක්	derek:3
ඩෙල්	dell:2	del:1
ඩෙල්ටා	delta:3
ඩෙල්ටාව	deltawa:2	deltaawa:1	deltava:1
ඩෙල්ෆ්	delf:3
ඩෙවෝන්	devon:4
ඩෙස්ක්ටොප්	desktop:3
ඩේ	day:4
ඩේටාබේස්	database:3
ඩේල්	dale:3
ඩේලි	daily:3
ඩේව්	dave:3
ඩේවි	devi:2	davi:1	davie:1	davy:1
ඩේවිගේ	devige:3	davige:1
ඩේවිඩ්	david:2	devid:2
ඩේවිස්	davis:2	devis:1
ඩේසි	desi:2	daisy:1
ඩොටී	dote:1	doti:1	dotti:1
ඩොනමෝර්	donamor:4
ඩොනල්ඩ්	donald:3
ඩොමිනිකන්	dominican:3
ඩොමී	domi:2	dommie:1
ඩොමීනියන්	dominion:3
ඩොමේන්	domain:3
ඩොයිල්	doyle:3
ඩොයිලි	doyili:3	doily:1
ඩොලරය	dolaraya:3	dolloraya:1
ඩොලරයක	dolarayaka:3	dollorayaka:1
ඩොලරයට	dolarayata:3	dollarayata:1
ඩොලර්	dollar:3
ඩොල්පින්	dolphin:2	dolfin:1	dolpin:1
ඩෝරා	dora:3
ඩෝල්ටන්	dalton:2	dolton:1
ණ	na:3
ණය	naya:3
ණයට	nayata:3
ත	tha:2	ta:1
තං	tan:2	tam:1	tham:1
තංගල්ල	tangalle:2	thamgalla:1
තඃවීල්	tahvil:1	tawil:1	thahvil:1
තක	thaka:2	taka:1
තක්ෂකගේ	thaksakage:2	taksakage:1	takshakage:1
තක්ෂිලා	taksila:1	taxila:1	thaksila:1
තක්සලා	taksala:2	thaksala:2
තක්සලාවේ	taksalave:2	thaksalave:2
තක්සේරු	takseru:2	thakseru:2
තක්සේරුව	takseruva:1	thakseruva:1	thakseruwa:1
තක්සේරුවක්	takseruvak:1	takseruwak:1	thakseruvak:1
තකා	taka:2	thaka:1
තට	tata:2	thata:2
තට්ටු	tattu:2	thatthu:1	thattu:1
තට්ටුව	tatthuwa:1	tattuva:1	tattuwa:1	thattuva:1
තට්ටුවක්	thattuwak:2	tattuvak:1	tattuwhak:1	thattuvak:1
තටාක	thataka:3	tataka:2
තටු	tatu:2	thatu:2
තටුව	thatuva:2	tathuwa:1	tatuva:1	tatuwa:1
තටුවලට	thatuvalata:2	thatuwalata:2	tatuvalata:1	tatuwalata:1
තටුවේ	tatuwe:2	thatuve:2	tatuve:1	thatuwe:1
තණ	tana:2	thana:2
තණකොළ	tanakola:2	thanakola:2
තණපත්	thanapat:2	tanapat:1	tanapath:1
තණබිම්	tanabim:2	thanabim:2
තණහාල්	thanahal:2	tanahal:1	tanhaal:1
තණ්හා	tanha:2	thanha:2
තණ්හාය	tanhaya:2	thanhaya:2
තණ්හාව	thanhava:2	tanhawa:1	thanhawa:1
තණ්හාවක්	thanhavak:2	tanhawak:1	thanhawak:1
තණ්හාවෙන්	thanhaven:2	tanhawen:1	thanhawen:1
තණ්හාවේ	thanhave:2	tanhawe:1	thanhawe:1
තත්	tath:1	that:1	thath:1
තත්කාලීන	thatkalina:2	tathkaleena:1	tatkalina:1
තත්තවය	thattavaya:2	tathwaya:1	tattavaya:1	tattawaya:1
තත්ත්පර	thathpara:1	thaththpara:1	thattpara:1
තත්ත්ව	thathva:1	thathwa:1	thatthwa:1	thattva:1
තත්ත්වය	thathwaya:2	thathvaya:1	thattvaya:1
තත්ත්වයක	thathvayaka:1	thathwayak:1	thathwayaka:1	thattvayaka:1
තත්ත්වයකට	thaththvayakata:1	thaththwayakata:1	thathwayakata:1	thattvayakata:1
තත්ත්වයක්	thathwayak:3	tattvayak:1	tatvayak:1	thathvayak:1
තත්ත්වයකි	tattvayaki:1	tatvayaki:1	thathvayaki:1	thathwayaki:1
තත්ත්වයකින්	tattvayakin:1	tatvayakin:1	thathvayakin:1	thathwayakin:1
තත්ත්වයට	tattvayata:1	tatvayata:1	thathwayata:1	thattvayata:1
තත්ත්වයන්	tattvayan:1	tatvayan:1	thaththvayan:1	thaththwayan:1
තත්ත්වයන්ගේ	tattvayange:1	tatvayange:1	thaththvayange:1	thaththwayange:1
තත්ත්වයන්ට	tattvayanta:1	tatvayanta:1	thathvayanta:1	thathwayanta:1
තත්ත්වයන්හිදී	tattvayanhidi:1	tatvayanhidi:1	thathvayanhidi:1	thathwayanhidi:1
තත්ත්වයෙන්	thathwayen:2	tattvayen:1	tatvayen:1	thathvayen:1
තත්ත්වයෙහි	tattvayehi:1	tatvayehi:1	thathvayehi:1	thathwayehi:1
තත්ත්වයේ	tattvaye:1	tatvaye:1	thathvaye:1	thathwaye:1
තත්ත්වයේදී	tattvayedi:1	tatvayedi:1	thathvayedi:1	thathwayedi:1
තත්ත්වාකාරයෙන්	tattvakarayen:1	tatvakarayen:1	thathvakarayen:1	thathwakarayen:1
තත්පර	tatpara:1	thathpara:1	thatpara:1
තත්පරය	tatparaya:1	thathparaya:1	thatparaya:1
තත්පරයකට	tatparayakata:1	thathparayakata:1	thatparayakata:1
තත්පරයක්	tatparayak:1	thathparayak:1	thatparayak:1
තත්පරයට	thathparayata:2	tatparayata:1	thatparayata:1
තත්ව	tatva:1	thathva:1	thathwa:1	thatva:1
තත්වය	thathwaya:8	tatvaya:1	thathvaya:1	thatvaya:1
තත්වයක	tatvayaka:1	thathvayaka:1	thathwayaka:1	thatvayaka:1
තත්වයකට	tatvayakata:1	thathvayakata:1	thathwayakata:1	thatvayakata:1
තත්වයක්	thathwayak:2	tatvayak:1	thathvayak:1	thatvayak:1
තත්වයකි	tatvayaki:1	thathvayaki:1	thathwayaki:1	thatvayaki:1
තත්වයකින්	tatvayakin:2	thathvayakin:1	thathwayakin:1
තත්වයට	thathwayata:6	tatvayata:1	thathvayata:1	thatvayata:1
තත්වයන්	thathwayan:3	tathwayan:1	thathvayan:1	thatvayan:1
තත්වයන්ගෙන්	tathwayangen:1	thathvayangen:1	thathwayangen:1	thatvayangen:1
තත්වයන්ට	tathwayanta:1	thathvayanta:1	thathwayanta:1	thatvayanta:1
තත්වයන්ද	tathwayanda:1	thathvayanda:1	thathwayanda:1	thatvayanda:1
තත්වයයි	thathvayayi:1	thathwayai:1	thathwayayi:1	thatvayayi:1
තත්වයෙන්	thathwayen:2	thathvayen:1	thatvayen:1
තත්වයෙහි	tathweyehi:1	thathvayehi:1	thathwayehi:1	thatvayehi:1
තත්වයේ	tathwaye:1	thathvaye:1	thathwaye:1	thatvaye:1
තත්වවලට	thathvavalata:1	thathvawalata:1	thathwawalata:1	thatvavalata:1
තතු	tathu:1	thathu:1	thatu:1
තතෝ	tatho:1	thatho:1	thato:1
තථ්‍ය	thathya:3
තථාගතයන්	tathagathayan:1	thathagatayan:1	thathagathayan:1
තද	thada:2	thadha:1
තදකුරු	thadakuru:2	tadhakuru:1
තදබදය	thadabadaya:2	tadabadaya:1
තදබදයක්	tadabadayak:2	thadabadayak:1
තදබල	thadabala:2	tadhabala:1
තදාසන්න	thadasanna:2	tadhasanna:1
තදින්	thadin:2	tadhin:1
තදින්ම	thadinma:3
තන	thana:2	tana:1
තනතුර	thanathura:3	tanathura:1	thanatura:1
තනතුරකට	tanaturakata:1	thanathurakata:1	thanaturakata:1
තනතුරක්	tanaturak:1	thanathurak:1	thanaturak:1
තනතුරකි	tanathuraki:1	thanathuraki:1	thanaturaki:1
තනතුරට	tanaturata:1	thanathurata:1	thanaturata:1
තනතුරද	tanathurada:1	thanathurada:1	thanaturada:1
තනතුරින්	tanathurin:1	thanathurin:1	thanaturin:1
තනතුරු	thanathuru:2	tanaturu:1	thanaturu:1
තනතුරුවලින්	tanaturuwalin:1	thanathuruvalin:1	thanathuruwalin:1	thanaturuvalin:1
තනතුරෙන්	tanaturen:1	thanathuren:1	thanaturen:1
තනතුරේ	thanature:2	tanature:1
තනන	thanana:2	tanana:1
තනන්නට	thanannata:2	tanannata:1
තනන්නන්	thanannan:2	tanannan:1
තනන්නේ	tananne:2	thananne:2
තනනු	thananu:2	tananu:1
තනපට	thanapata:2	tanapata:1
තනමල්විල	thanamalvila:2	tanamalvila:1	tanamalwila:1
තනමින්	tanamin:2	thanamin:2
තනයි	thanayi:2	tanai:1	tanayi:1
තනවන	thanavana:2	tanavana:1	tanawana:1
තනවා	tanawa:2	thanava:2	tanava:1	thanawa:1
තන්ත්‍ර	thantra:2	tanthra:1
තන්ත්‍රය	thantraya:2	tanthraya:1
තන්තිරිමලය	thanthirimalaya:3	tantirimalaya:1
තන්තිරිමලේ	thanthirimale:2	tantirimale:1	thantirimale:1
තන්තු	tantu:1	thanthu:1	thantu:1
තන්තුමය	thanthumaya:2	tantumaya:1	thantumaya:1
තන්තුව	thantuva:2	tantuva:1	thantuwa:1
තන්හාව	thanhava:2	tanhava:1	thanhawa:1
තන්හි	thanhi:2	tanhi:1
තනා	thana:2	tana:1
තනි	thani:2	tani:1
තනිකඩ	thanikada:2	tanikada:1
තනිකරම	thanikarama:2	tanikarama:1
තනියම	thaniyama:3	taniyama:1
තනිව	thaniva:2	taniwa:1	thaniwa:1
තනිවම	thanivama:2	taniwama:1	thaniwama:1
තනිවී	thanivi:2	taniwee:1	thaniwi:1
තනිවූ	thanivu:2	taniwu:1	thaniwu:1
තනු	thanu:2	tanu:1
තනුක	thanuka:2	tanuka:1
තනුව	thanuva:2	tanuva:1	tanuwa:1	thanuwa:1
තනූජා	thanuja:2	tanuja:1
තබති	tabati:2	thabati:1
තබන	thabana:2	tabana:1
තබනවා	tabanava:2	thabanava:2	tabanawa:1	thabanawa:1
තබන්න	thabanna:2	tabana:1	tabanna:1
තබන්නට	thabannata:2	tabanata:1	tabannata:1
තබනු	thabanu:2	tabanu:1
තබමින්	thabamin:2	tabamin:1
තබයි	thabayi:2	tabayi:1
තබ්ලා	tabla:2	thabla:1
තබ්ලාව	thablava:2	tablava:1	thablawa:1
තබා	thaba:13	taba:2
තබාගත	tabagata:1	thabagata:1	thabagatha:1
තබාගත්	thabagath:3	thabagat:2	tabagath:1
තබාගන්න	thabaganna:2	tabagana:1	tabaganna:1
තබාගන්නට	thabagannata:2	tabaganata:1	tabagannata:1
තබාගන්නා	tabaganna:2	thabaganna:1
තබාගෙන	thabagena:3
තම	thama:3	tama:1
තමනට	thamanata:3
තමන්	thaman:3
තමන්ගෙ	thamange:3
තමන්ගේ	thamange:3
තමන්ගේම	thamangema:3
තමන්ට	thamanta:3
තමන්ටම	thamantama:3	tamantama:1
තමන්ම	thamanma:3	tamanma:1
තමන්ව	thamanva:2	thamanwa:2
තමන්වම	thamanvama:2	thamanwama:2
තමයි	thamai:5	thamayi:2
තමහට	thamahata:3
තම්බපණ්ණි	thambapanni:3
තම්බා	thamba:2	tamba:1
තමා	thama:13	tama:2
තමාගෙන්	thamagen:2	tamagen:1	tamaghen:1
තමාගේ	thamage:2	tamage:1
තමාගේම	thamagema:2	tamagema:1
තමාට	thamata:2	tamata:1
තමාටම	thamatama:2	tamatama:1
තමාද	thamada:2	tamada:1
තමාම	thamama:2	tamama:1
තමාරා	thamara:2	tamara:1
තමාව	thamava:2	tamava:1
තමාවම	thamavama:2	tamavama:1
තමිල්	thamil:2	tamil:1
තමිල්නාඩු	tamilnadu:3
තමිල්නාඩුවේ	tamilnaduve:2	tamilnaduwe:1	thamilnaduwe:1
තමුන්	thamun:3	tamun:1
තමුන්ගේ	thamunge:3	tamunge:1
තඹ	thamba:2	tamba:1	thaba:1
තඹුත්තේගම	tambuttegama:1	thabuthegama:1	thambuththegama:1	thambuttegama:1
තයිරොයිඩ්	thyroid:3
තයො	thayo:3
තර	thara:2	tara:1
තරංග	tharanga:3
තරංගනී	tarangani:1	tharangani:1	tharanganie:1
තරංගය	tharangaya:2	tarangaya:1
තරංගයක	tharangayaka:2	tarangayaka:1
තරංගයක්	tharangayak:2	tarangayak:1
තරංගයන්	tharangayan:2	tarangayan:1
තරංගයෙහි	tharangayehi:2	tarangayehi:1
තරංගයේ	tharangaye:2	tarangaye:1
තරංගවල	tarangavala:1	tharangavala:1	tharangawala:1
තරංගවලට	tarangavalata:1	tharangavalata:1	tharangawalata:1
තරග	tharaga:2	taraga:1
තරගකරුවන්	taragakaruvan:1	tharagakaruvan:1	tharagakaruwan:1
තරගකරුවා	tharagakaruwa:2	taragakaruva:1
තරගකාරි	tharagakari:2	taragakari:1
තරගකාරිත්වය	taragakaritvaya:2	tharagakaritvaya:1
තරගකාරීව	taragakariva:2	tharagakariwa:1
තරගමාලාව	tharagamalawa:2	taragamalava:1
තරගය	tharagaya:2	taragaya:1
තරගයක	tharagayaka:2	taragayaka:1
තරගයකට	taragayakata:2	tharagayakata:1
තරගයකදී	taragayakadi:2	tharagayakadi:1
තරගයයි	taragayayi:2	taragayai:1	tharagayayi:1
තරගයෙන්	taragayen:2	tharagayen:1
තරගයේ	taragaye:2	tharagaye:1
තරගයේදී	taragayedi:2	tharagayedi:1
තරගවලට	taragavalata:1	tharagavalata:1	tharagawalata:1
තරගාවලි	taragavali:1	tharagavali:1	tharagawali:1
තරගාවලිය	tharagawaliya:2	taragavaliya:1	tharagavaliya:1
තරගාවලියට	taragavaliyata:1	tharagavaliyata:1	tharagawaliyata:1
තරගාවලියේ	taragavaliye:1	tharagavaliye:1	tharagawaliye:1
තරඟ	tharanga:5	taranga:1	tharaga:1
තරඟකරුවන්	tharangakaruwan:2	tarangakaruvan:1	tharagakaruwan:1	tharangakaruvan:1
තරඟකරුවන්ට	tarangakaruvanta:1	tharagakaruwanta:1	tharangakaruvanta:1
තරඟකාරී	tarangakari:1	tharagakari:1	tharangakari:1
තරඟකාරීත්වය	tarangakaritvaya:1	tharagakarithwaya:1	tharangakaritvaya:1
තරඟය	tarangaya:1	tharagaya:1	tharangaya:1
තරඟයකදී	tarangayakadi:1	tharagayakadi:1	tharangayakadi:1
තරඟයක්	tarangayak:1	tharagayak:1	tharangayak:1
තරඟයකින්	tarangayakin:1	tharagayakin:1	tharangayakin:1
තරඟයට	tarangayata:1	tharagayata:1	tharangayata:1
තරඟයත්	tarangayat:1	tharagayath:1	tharangayat:1
තරඟයයි	tarangayai:1	tarangayayi:1	tharagayai:1	tharangayayi:1
තරඟයෙන්	tharagayen:2	tarangayen:1	tharangayen:1
තරඟයේ	tarangaye:1	tharagaye:1	tharangaye:1
තරඟයේදී	tarangayedi:1	tharagayedi:1	tharangayedi:1
තරඟවල	tarangavala:1	tharagawala:1	tharangavala:1
තරඟාවලි	tarangavali:1	tharagawali:1	tharangavali:1
තරඟාවලිය	tarangavaliya:1	tharagawaliya:1	tharangavaliya:1
තරඟාවලියක්	tarangavaliyak:1	tharagawaliyak:1	tharangavaliyak:1
තරඟාවලියට	tarangavaliyata:2	tharagawaliyata:1
තරඟාවලියේ	tarangavaliye:1	tharagawaliye:1	tharangavaliye:1
තරඟාවලියේදී	tharagawaliyedi:2	tarangavaliyedi:1	tharangavaliyedi:1
තරණය	tharanaya:2	taranaya:1
තරණයට	tharanayata:2	taranayata:1
තරබාරු	tharabaru:2	tarabaru:1
තරම	tharama:2	tarama:1
තරමක	tharamaka:2	taramaka:1
තරමකට	tharamakata:2	taramakata:1
තරමක්	tharamak:2	taramak:1
තරමකින්	tharamakin:2	taramakin:1
තරමට	tharamata:2	taramata:1
තරමටම	tharamatama:2	taramatama:1
තරම්	tharam:2	taram:1
තරම්ම	taramma:2	tharamma:1
තරම්ය	tharamya:2	taramya:1
තරමින්	tharamin:2	taramin:1
තරමේ	tharame:2	tarame:1
තරයේ	tharaye:2	taraye:1
තරල	tharala:2	tarala:1
තරලය	tharalaya:2	taralaya:1
තරලයක්	tharalayak:2	taralayak:1
තරලයෙන්	tharalayen:2	taralayen:1
තරලයේ	tharalaye:2	taralaye:1
තරහ	taraha:2	tharaha:1
තරහින්	tarahin:2	tharahin:1
තර්ක	tarka:2	tharka:1
තර්කන	tarkana:2	tharkana:1
තර්කනය	tarkanaya:2	tharkanaya:1
තර්කය	tarkaya:2	tharkaya:1
තර්කයක්	tarkayak:2	tharkayak:1
තර්කයට	tarkayata:2	tharkayata:1
තර්කයන්	tarkayan:2	tharkayan:1
තර්කයේ	tarkaye:2	tharkaye:1
තර්කානුකුල	tarkanukula:2	tharkanukula:1
තර්කානුකූල	tarkanukula:2	tharkanukula:1
තර්කානුකූලව	tarkanukulava:2	tharkanukulava:1
තර්ජන	tarjana:2	tharjana:1
තර්ජනය	tarjanaya:2	tharjanaya:1
තර්ජනයකට	tharjanayakata:2	tarjanayakata:1
තර්ජනයක්	tharjanayak:2	tarjanayak:1
තර්ජනයට	tharjanayata:2	tarjanayata:1
තර්ජනයන්	tharjanayan:2	tarjanayan:1
තර්ජනයන්ට	tharjanayanta:2	tarjanayanta:1
තර්ජනවලින්	tarjanavalin:1	tharjanavalin:1	tharjanawalin:1
තර්ස්ටන්	tharstan:1	thurstan:1	thurston:1
තරාතිරම	taratirama:2	tharathirama:1
තරාතිරමක	tarathiramaka:1	taratiramaka:1	tharatiramaka:1
තරාදි	taradi:2	tharadi:1
තරාදිය	taradiya:2	tharadiya:1
තරාදියක්	taradiyak:2	tharadiyak:1
තරිඳු	tarindu:1	tharidhu:1	tharidu:1	tharindu:1
තරු	tharu:2	taru:1
තරුණ	tharuna:2	taruna:1
තරුණයකු	tharunayaku:2	tarunayaku:1
තරුණයන්	tharunayan:2	tarunayan:1
තරුණයන්ගෙන්	tharunayangen:2	tarunayangen:1
තරුණයා	tharunaya:2	tarunaya:1
තරුණයින්	tarunayin:1	tharunain:1	tharunayin:1
තරුණයින්ට	tarunayinta:1	tharunainta:1	tharunayinta:1
තරුණයෙක්	tharunayek:2	tarunayek:1
තරුණිය	tharuniya:2	taruniya:1
තරුණියක	tharuniyaka:2	taruniyaka:1
තරුණියක්	tharuniyak:2	taruniyak:1
තරුණියන්	tharuniyan:2	taruniyan:1
තරුණියන්ට	tharuniyanta:2	taruniyanta:1
තරුණියෝ	taruniyo:1	thariniyo:1	tharuniyo:1
තරුව	tharuwa:2	taruva:2	tharuva:1
තරුවක	taruvaka:2	tharuvaka:1
තරුවක්	taruvak:2	tharuvak:1
තරුවෙන්	taruven:2	tharuven:1
තරුවේ	tharuwe:2	taruve:2	tharuve:1
තල	thala:5	tala:2
තලගුණේ	talagune:2	thalagune:1
තලගොයා	talagoya:2	thalagoya:1
තලගොයි	talagoyi:2	talagoi:1	thalagoyi:1
තලන	talana:2	thalana:1
තලය	thalaya:2	talaya:1
තලයක	thalayaka:2	talayaka:1
තලයකට	thalayakata:2	talayakata:1
තලයකදී	thalayakadi:2	talayakadi:1
තලයක්	thalayak:2	talayak:1
තලයකින්	thalayakin:2	talayakin:1
තලයට	thalayata:2	talayata:1
තලයත්	talayat:1	thalayat:1	thalayath:1
තලයෙන්	thalayen:2	talayen:1
තලයෙහි	talayehi:2	thalayehi:1
තලයේ	talaye:2	thalaye:1
තල්	thal:2	tal:1
තල්දූවේ	thalduve:2	taldhuwe:1
තල්මසුන්	thalmasun:2	talmasun:1
තල්ල	thalla:2	talla:1
තල්ලු	thallu:2	tallu:1
තල්ලුවී	thalluvi:2	thalluwee:1	thalluwi:1
තල්ලේ	thalle:3	talle:1
තලා	thala:3	tala:1
තලාව	thalava:2	thalawa:1
තලාවේ	talave:1	thalave:1	thalawe:1
තලිබාන්	taliban:2	thaliban:1
තලෙයිබාන්	taleban:1	taleyiban:1	taliban:1	thalaiban:1
තලේබාන්	thaleban:2	taleban:1	taliban:1	thalaban:1
තව	thawa:7	tava:1	thava:1
තවකෙක්	tavakek:1	thavakek:1	thawakek:1
තවත්	thawath:43	tavat:1	thavat:1
තවද	thawada:15	tavada:1	thavada:1
තවදුරට	tavadurata:1	thavadurata:1	thawadhurata:1	thawadurata:1
තවදුරටත්	thawaduratath:10	tavaduratat:1	thavaduratat:1	thawadhuratath:1
තවන්	tavan:1	thavan:1	thawan:1
තවම	tavama:1	thavama:1	thawama:1
තවමත්	thawamath:10	tavamat:1	thavamat:1
තවානක්	thavanak:2	thawanak:1
තවාන්	thavan:2	thawan:1
තවුසන්	thavusan:2	thauson:1	thawusan:1
තවෙකක්	thavekak:2	tavekak:1
තහංචි	thahanchi:3	tahanchi:1	thahamci:1
තහංචිය	tahanchiya:1	thahamciya:1	thahanchiya:1
තහඩු	thahadu:2	tahadu:1
තහඩුව	thahaduva:2	tahaduva:1
තහඩුවක	thahaduvaka:2	tahaduvaka:1
තහඩුවලින්	thahaduvalin:2	tahaduvalin:1
තහනම	thahanama:2	tahanama:1
තහනමක්	thahanamak:2	tahanamak:1
තහනමට	thahanamata:2	tahanamata:1
තහනම්	thahanam:2	tahanam:1
තහනම්ය	thahanamya:2	tahanamya:1
තහවුරු	thahawuru:9	tahavuru:2	thahavuru:1
තළ	thala:2	tala:1
ත්වරණය	thvaranaya:1	tvaranaya:1	twaranaya:1
ත්‍යාග	thyaga:1	tyaga:1	tyagya:1
ත්‍යාගය	thyagaya:2	tyagaya:2
ත්‍යාගයක්	thyagayak:1	tyagayak:1	tyagyayak:1
ත්‍යාගයේ	thyagaye:1	tyagaye:1	tyagyaye:1
ත්‍යාගලාභී	thyagalabhi:1	tyagalabhi:1	tyagyalabhi:1
ත්‍යාගශීලී	thyagasili:1	tyagasili:1	tyagyashilee:1
ත්‍රස්ත	thrasta:1	trasta:1	trastha:1
ත්‍රස්තයින්	thrastayin:1	trastayin:1	trasthain:1
ත්‍රස්තවාද	thrastavada:1	trastavada:1	trasthawada:1
ත්‍රස්තවාදය	thrastavadaya:1	trastavadaya:1	trasthawadhaya:1
ත්‍රස්තවාදයට	thrastavadayata:1	thrasthavadayata:1	trasthawadhayata:1
ත්‍රස්තවාදයෙන්	thrastavadayen:1	thrasthavadayen:1	trasthawadayen:1
ත්‍රස්තවාදයේ	thrastavadaye:1	thrasthavadaye:1	trasthawadhaye:1
ත්‍රස්තවාදි	thrastavadi:1	thrasthavadi:1	trasthawadhi:1
ත්‍රස්තවාදියෙකු	thrastavadiyeku:1	thrasthavadiyeku:1	trasthawadhiyeku:1
ත්‍රස්තවාදී	thrasthawadi:2	thrastavadi:1	thrasthavadi:1	trasthawadi:1
ත්‍රස්තවාදීන්	thrastavadin:1	thrasthavadin:1	trasthawadeen:1
ත්‍රස්තවාදීන්ගේ	thrastavadinge:1	thrasthavadinge:1	trasthawadinge:1
ත්‍රස්තවාදීන්ට	thrastavadinta:1	thrasthavadinta:1	trasthawadhinta:1
ත්‍රස්ථ	thrastha:2	trastha:1
ත්‍රස්ථවාදී	thrasthavadi:2	trasthawadhi:1
ත්‍රස්ථවාදීන්	thrasthavadin:2	trasthawadeen:1
ත්‍රික	thrika:3
ත්‍රිකුණාමලය	thrikunamalaya:3
ත්‍රිකෝණ	thrikona:3
ත්‍රිකෝණමිතික	thrikonamitika:2	thrikonamithika:1
ත්‍රිකෝණය	thrikonaya:3
ත්‍රිකෝණයක	thrikonayaka:3
ත්‍රිකෝණයක්	thrikonayak:3
ත්‍රිකෝණයේ	thrikonaye:3
ත්‍රිකෝණාකාර	thrikonakara:2	trikonakara:1
ත්‍රිත්ව	thrithwa:4	thrithva:1	thritva:1	trithwa:1
ත්‍රිත්වය	thrithwaya:3	thrithvaya:1	thritvaya:1	trithwaya:1
ත්‍රිත්වයක්	thrithvayak:1	thritvayak:1	trithwayak:1
ත්‍රිත්වයකින්	thrithvayakin:1	thritvayakin:1	trithwayakin:1
ත්‍රිත්වයේ	thritvaye:2	thrithwaye:1
ත්‍රිපිටක	thripitaka:3
ත්‍රිපිටකය	thripitakaya:2	thripitakayen:1
ත්‍රිපිටකයට	thripitakayata:2	thripitakaya:1
ත්‍රිපිටකයේ	thripitakaye:2	tripitakaye:1
ත්‍රිපිඨකය	thripithakaya:2	tripithakaya:1
ත්‍රිමාණ	thrimana:2	trimana:1
ත්‍රිමාන	thrimana:2	trimana:1
ත්‍රිමානේක්ෂ	thrimaneksa:1	thrimaneksha:1	trimaneksa:1
ත්‍රිවිධ	thrividha:2	trividha:1
ත්‍රිශූලයක්	thrishulayak:1	thrisulayak:1	trisulayak:1
ත්‍රී	thri:2	tri:1
ත්‍රීකුණාමලය	thrikunamalaya:2	trikunamalaya:1
ත්‍රීරෝද	thriroda:2	triroda:1
තා	tha:3	ta:1
තාක්	thak:3
තාක්ෂණ	thakshana:2	thaksana:1
තාක්ෂණය	thakshanaya:2	thaksanaya:1
තාක්ෂණයක්	takshanayak:1	thaksanayak:1	thakshanayak:1
තාක්ෂණයකින්	thakshanayakin:2	thaksanayakin:1
තාක්ෂණයට	thakshanayata:2	thaksanayata:1
තාක්ෂණයන්	thakshanayan:2	thaksanayan:1
තාක්ෂණයෙන්	thakshanayen:2	thaksanayen:1
තාක්ෂණයේ	thakshanaye:2	thaksanaye:1
තාක්ෂණවේදය	thaksanavedaya:1	thakshanavedaya:1	thakshanawedhaya:1
තාක්ෂණික	thakshanika:2	thaksanika:1
තාක්ෂණිකව	thaksanikava:1	thakshanikava:1	thakshanikawa:1
තාක්ෂනය	thakshanaya:2	thaksanaya:1
තාගේ	thage:2	tage:1
තාගෝර්	thagor:2	tagore:1
තාගෝර්තුමා	tagorethuma:1	thagorthuma:1	thagortuma:1
තාත්තා	thaththa:2	thatta:1
තාත්වික	thathwika:3	tatvika:1	thathvika:1	thatvika:1
තාත්විකත්වය	tatvikatvaya:1	thathvikathvaya:1	thatvikatvaya:1
තාන්ත්‍රික	tantrika:1	thanthrika:1	thantrika:1
තානාපති	thanapathi:3	tanapati:1	thanapati:1
තානාපතිවරයා	tanapativaraya:1	thanapathivaraya:1	thanapativaraya:1
තානායම්	thanayam:2	tanayam:1
තානායමේ	thanayame:2	tanayame:1
තාප	thapa:2	tapa:1
තාපගති	tapagati:1	thapagathi:1	thapagati:1
තාපගතික	tapagatika:1	thapagathika:1	thapagatika:1
තාපජ	thapaja:2	tapaja:1
තාපනය	thapanaya:2	tapanaya:1
තාපය	thapaya:2	tapaya:1
තාපයක්	thapayak:2	tapayak:1
තාපයෙන්	thapayen:2	tapayen:1
තාපයේ	thapaye:2	tapaye:1
තාපස	thapasa:2	tapasa:1
තාපසතුමා	tapasatuma:1	thapasathuma:1	thapasatuma:1
තාප්ප	thappa:2	tappa:1
තාප්පය	thappaya:2	tappaya:1
තාප්පයේ	thappaye:3
තාපාංක	thapanka:2	thapamka:1
තාපාංකය	thapankaya:2	thapamkaya:1
තාපී	thapi:3
තායි	thayi:2	thai:1
තායිලන්ත	thayilanta:2	thailantha:1
තායිලන්තය	thayilantaya:2	thailanthaya:1
තායිලන්තයේ	thailanthaye:1	thayilantaye:1	thayilanthaye:1
තායිවාන	thayivana:2	taiwana:1
තායිවානය	thayivanaya:2	taiwanaya:1
තායිවානයේ	thayivanaye:2	taiwanaye:1
තාර	thara:3	tara:1
තාරක	tharaka:3
තාරකා	tharaka:3
තාරකාව	tharakava:2	tharakawa:1
තාරකාවක	tharakavaka:2	tharakawaka:1
තාරකාවක්	tharakavak:2	tharakawak:1
තාරකාවකි	tharakavaki:2	tharakawaki:1
තාරකාවන්	tharakavan:2	tharakawan:1
තාරකාවන්ගේ	tharakavange:2	tharakawange:1
තාරකාවයි	tharakavayi:3	tharakawayi:1
තාරකාවල	tharakavala:2	tharakawala:1
තාරකාවේ	tharakave:2	tharakawe:1
තාරකී	tharaki:3
තාර්කික	tharkika:3
තාර්කිකව	tharkikava:2	tharkikawa:1
තාරා	thara:3	tara:1
තාරාවෝ	tharavo:2	tarawo:1	tharawo:1
තාරුකා	tharuka:3
තාරුණ්‍යය	tharunyaya:3
තාරුණ්‍යයට	tharunyayata:3
තාල	thala:3
තාලය	thalaya:3
තාලයකට	thalayakata:3
තාවකාලික	thavakalika:2	thawakalika:1
තාවකාලිකව	thawakalikawa:2	thavakalikava:2
තාවය	thavaya:2	thawaya:1
තාවුල්ලේ	thavulle:2	tavulle:1
ති	thi:2	ti:2
තිඛෙන	dikhena:1	thikhena:1	tikhena:1
තිඛෙනවා	tikhenava:2	thikhenava:1
තිඛෙන්නේ	tikhenne:2	thikhenne:1
තිත	tita:2	thita:1
තිතක්	titak:2	thitak:1	titakh:1
තිත්	tit:2	thit:1	thith:1
තිත්ත	titta:2	thitta:1	titha:1
තිථියයි	tithiyayi:2	thithiyayi:1
තිදස	tidasa:2	thidasa:1
තිදෙන	tidena:2	thidena:1	tidhena:1
තිදෙනකු	tidenaku:2	thidenaku:1	tidhenaku:1
තිදෙනකුගෙන්	tidenakugen:2	thidenakugen:1	tidhenakugen:1
තිදෙනා	thidena:2	tidena:2	tidhena:1
තිදෙනාගෙන්	tidenagen:2	thidenagen:1	tidhenagen:1
තිදෙනාද	tidenada:2	thidenada:1	tidhenada:1
තිදෙනාම	tidenama:2	thidenama:1
තිදෙනෙක්	tidenek:2	thidenek:1	tidhenekh:1
තිදෙනෙකු	tideneku:2	thideneku:1	tidheneku:1
තිබ්බටු	tibbatu:2	thibbatu:1
තිබ්බත	tibbata:2	thibbata:1
තිබ්බොටුගොඩ	thibbotugoda:2	tibbotugoda:1
තිබි	tibi:2	thibi:1
තිබිණ	thibina:2	tibina:2
තිබිණි	thibini:4	tibini:2
තිබින	tibina:2	thibina:1
තිබිනි	tibini:2	thibini:1
තිබිය	thibiya:6	tibiya:2
තිබියදී	tibiyadi:2	thibiyadi:1	tibiyadhi:1
තිබියදීත්	tibiyadit:2	thibiyadit:1	tibiyadhith:1
තිබියදීම	tibiyadima:2	thibiyadima:1	tibiyadhima:1
තිබියදීය	thibiyadiya:1	tibiyadhiya:1	tibiyadiya:1
තිබිලා	tibila:2	thibila:1
තිබී	thibi:6	tibi:2
තිබීම	thibima:3	tibima:2
තිබීමට	tibimata:2	thibimata:1
තිබීමත්	tibimat:2	thibimat:1	tibimath:1
තිබීමද	tibimada:2	thibimada:1
තිබීමය	tibimaya:2	thibimaya:1
තිබීමයි	tibimayi:2	thibimayi:1
තිබීමෙන්	tibimen:2	thibimen:1
තිබු	thibu:9	tibu:2	tibhu:1
තිබුණ	thibuna:5	tibuna:2	tibhuna:1
තිබුණත්	tibunat:2	thibunat:1	tibhunath:1
තිබුණද	thibunada:2	tibunada:2	tibhunadha:1
තිබුණහොත්	tibunahot:2	thibunahot:1	tibhunahoth:1
තිබුණා	tibuna:2	thibuna:1
තිබුණි	thibuni:15	tibuni:2
තිබුණු	tibunu:2	thibunu:1	tibhunu:1
තිබුණෙන්	tibunen:2	thibunen:1	tibhunen:1
තිබුණේ	thibune:5	tibune:2	tibhune:1
තිබුණේද	tibuneda:2	thibuneda:1	tibhuneda:1
තිබුණේය	tibuneya:2	thibuneya:1	tibhuneya:1
තිබුන	tibuna:2	thibuna:1
තිබුනත්	tibunat:2	thibunat:1	tibunath:1
තිබුනද	thibunada:3	tibunada:2
තිබුනා	tibuna:2	abauddha:1
තිබුනි	thibuni:2	tibuni:2
තිබුනේ	thibune:2	tibune:2
තිබුනේය	tibuneya:2	thibuneya:1
තිබූ	thibu:25	tibu:2
තිබෙණු	tibenu:2	thibenu:1
තිබෙන	thibena:16	tibena:2
තිබෙනවා	thibenawa:6	tibenava:2	thibenava:1
තිබෙන්නට	thibennata:4	tibennata:2
තිබෙන්නා	tibenna:2	thibenna:1
තිබෙන්නේ	thibenne:2	tibenne:1
තිබෙන්නේද	thibenneda:2	tibenneda:1
තිබෙන්නේය	thibenneya:2	tibenneya:1
තිබෙනු	thibenu:2	tibenu:1
තිබෙයි	thibeyi:2	tibeyi:1
තිබේ	thibe:2	tibe:1
තිබේද	thibeda:2	tibeda:1
තිබේනම්	thibenam:2	tibenam:1
තිම්පු	thimphu:2	thimpu:1
තියටර්	theater:2	thiyatar:1
තියඩෝර්	theodor:1	theodore:1	thiyador:1
තියනවා	thiyanava:2	tiyanava:1
තියන්න	thiyanna:2	tiyanna:1
තියලා	thiyala:2	tiyala:1
තියා	thiya:2	tiya:1
තියුණු	thiyunu:2	tiyunu:1
තියෙන	thiyena:2	tiyena:1
තියෙනවා	thiyenava:2	tiyenava:1
තියෙන්න	thiyenna:2	tiyenna:1
තියෙන්නෙ	thiyenne:2	tiyenne:1
තියෙන්නේ	thiyenne:2	tiyenne:1
තියේ	thiye:2	tiye:1
තිර	thira:2	tira:1	tirah:1
තිරගත	thiragatha:3	thiragata:1	tiragata:1	tiragatha:1
තිරගතවූ	thiragatavu:1	thiragathavu:1	tiragatavu:1	tiragathavu:1
තිරණ	tirana:2	thirana:1
තිරණය	thiranaya:2	tiranaya:1
තිරණයක්	thiranayak:2	tiranayak:1
තිරණාත්මක	thiranathmaka:1	thiranatmaka:1	tiranatmaka:1	tiranatmakah:1
තිරප්පනේ	thirappane:2	tirapane:1	tirappane:1
තිරය	thiraya:2	tiraya:1
තිරයක්	thirayak:2	tirayak:1
තිරයෙන්	thirayen:2	tirayen:1
තිරයේ	thiraye:2	tiraye:1
තිරරචනය	thiraracanaya:1	thirarachanaya:1	tiraracanaya:1
තිරස්	tiras:2	thiras:1	tirass:1
තිරස්ව	tirasva:2	thirasva:1
තිරසාර	tirasara:2	thirasara:1	tirasaara:1
තිරසාරව	tirasarava:2	thirasarava:1	tirasaarava:1
තිරිංග	thiringa:1	tirimga:1	tiringa:1
තිරිඟු	tiringu:2	thiringu:1
තිරිමාදුර	tirimadura:2	thirimadura:1
තිරිසන්	tirisan:2	thirisan:1
තිරුක්කෝවිල්	tirukkovil:2	thirukkovil:1
තිරුවානා	tiruvana:2	thiruwana:1
තිලංග	thilanga:1	tilamga:1	tilanga:1
තිලකය	tilakaya:2	thilakaya:1
තිලකරත්න	thilakaratna:1	tilakaratna:1	tillakaratne:1
තිලකසේන	tilakasena:2	thilakasena:1
තිලක්	tilak:2	thilak:1
තිවංක	thivanka:1	tivamka:1	tivanka:1
තිස්	tis:2	this:1
තිස්ස	thissa:3	tissa:2
තිස්සගේ	tissage:2	thissage:1
තිස්සමහාරාම	tissamaharama:2	thissamaharama:1
තිස්සමහාරාමය	tissamaharamaya:2	thissamaharamaya:1
තිස්සේ	thisse:3	tisse:2
තිස්සේම	tissema:2	thissema:1
තිසා	tisa:2	thisa:1
තිහක	tihaka:2	thihaka:1
තිහකට	tihakata:2	thihakata:1
තිහක්	tihak:2	thihak:1
තිහගොඩ	tihagoda:2	thihagoda:1
තිහාරිය	tihariya:2	thihariya:1
තිළිණ	tilina:2	thilina:1
තිළිණයක්	tilinayak:2	thilinayak:1
තීන්ත	tinta:2	thinta:1
තීන්දු	theendu:2	tindu:2	thindu:1
තීන්දුව	theenduwa:2	tinduva:2	thinduva:1
තීන්දුවක්	tinduvak:2	thinduvak:1
තීන්දුවට	tinduvata:2	thinduvata:1
තීන්දුවලට	tinduvalata:2	thinduvalata:1
තීර	tira:2	thira:1
තීරක	tiraka:2	thiraka:1
තීරණ	theerana:2	tirana:2	thirana:1
තීරණය	theeranaya:11	tiranaya:2	thiranaya:1
තීරණයකට	tiranayakata:2	thiranayakata:1
තීරණයක්	theeranayak:3	tiranayak:2	thiranayak:1
තීරණයට	tiranayata:2	thiranayata:1
තීරණයන්	tiranayan:2	thiranayan:1
තීරණාත්මක	theeranathmaka:2	tiranatmaka:2	thiranatmaka:1	tiranatmakha:1
තීරන	tirana:2	thirana:1
තීරනය	tiranaya:2	thiranaya:1
තීරනාත්මක	tiranatmaka:2	thiranatmaka:1
තීරය	thiraya:2	tiraya:2
තීරයක්	tirayak:2	thirayak:1
තීරයට	tirayata:2	thirayata:1
තීරයෙන්	tirayen:2	thirayen:1
තීරයෙහි	tirayehi:2	thirayehi:1
තීරයේ	thiraye:2	tiraye:2
තීරු	tiru:2	thiru:1
තීරුව	tiruva:2	thiruva:1
තීරුවක්	tiruvak:2	thiruvak:1	tiruvakh:1
තීරුවෙහි	tiruvehi:2	thiruvehi:1
තීව්‍ර	tivra:2	thivra:1
තීව්‍රතාව	tivratava:2	thivratava:1	tivrathava:1
තීව්‍රතාවය	tivratavaya:2	thivratavaya:1	tivrathavaya:1
තුට්ටු	tuttu:2	thuttu:1
තුඩ	tuda:2	thuda:1
තුඩපත්	tudapat:2	thudapat:1	tudapath:1
තුඩාවේ	tudave:2	thudave:1
තුඩින්	tudin:2	thudin:1	tudhin:1
තුඩු	tudu:2	thudu:1
තුඩුදුන්	tududun:2	thududun:1	tududhun:1
තුඩුදෙන	tududena:2	thududena:1	tududhena:1
තුඩුව	tuduva:2	thuduva:1
තුඩුවට	tuduvata:2	thuduvata:1
තුත්තනාගම්	tuttanagam:2	thuttanagam:1
තුත්තිරි	tuttiri:2	thuttiri:1	tuthiri:1
තුති	tuti:2	thuti:1
තුන	tuna:2	thuna:1
තුනක	thunaka:2	tunaka:2
තුනකට	thunakata:6	tunakata:2
තුනක්	thunak:16	tunak:2
තුනකි	tunaki:2	thunaki:1
තුනකින්	thunakin:2	tunakin:2
තුනට	tunata:2	thunata:1
තුනටිය	tunatiya:2	thunatiya:1
තුනම	tunama:2	thunama:1
තුන්	thun:7	tun:2
තුන්ගුණයක්	tungunayak:2	thungunayak:1
තුන්ද්‍රා	tundra:2	thundra:1
තුන්දා	tunda:2	thunda:1
තුන්දෙනා	tundena:2	thundena:1	tundhena:1
තුන්දෙනාට	tundenata:2	thundenata:1	tundhenata:1
තුන්දෙනෙකු	tundeneku:2	thundeneku:1	tundheneku:1
තුන්වන	thunwana:6	tunvana:2	thunvana:1
තුන්වරක්	tunvarak:2	thunvarak:1	tunvarakh:1
තුන්වෙනි	thunweni:2	tunveni:2	thunveni:1
තුනි	tuni:2	thuni:1
තුනී	thuni:2	tuni:2
තුනෙන්	thunen:2	tunen:2
තුනෙහි	tunehi:2	thunehi:1
තුනේ	tune:2	thune:1
තුබූ	tubu:2	thubu:1
තුමන්	tuman:2	thuman:1
තුමන්ගේ	tumange:2	thumange:1
තුම්පනේ	tumpane:2	thumpane:1
තුමා	thuma:3	tuma:2
තුමාගේ	tumage:2	thumage:1
තුමාට	tumata:2	thumata:1
තුමාණන්	tumanan:2	thumanan:1
තුමාණන්ගේ	tumanange:2	thumanange:1
තුමාද	tumada:2	thumada:1	tumadah:1
තුමාව	tumava:2	thumava:1
තුමී	tumi:2	thumi:1
තුමූ	tumu:2	thumu:1
තුර	tura:2	thura:1
තුරඟ	turanga:2	thuranga:1
තුරන්	thuran:3	turan:2
තුර්කි	turki:2	thurki:1
තුර්කිය	thurkiya:1	turkey:1	turkiya:1
තුර්කියට	turkiyata:2	thurkiyata:1
තුර්කියේ	turkiye:2	thurkiye:1
තුරාවටම	turavatama:2	thuravatama:1
තුරු	thuru:2	turu:2
තුරුණු	turunu:2	thurunu:1
තුරුත්	thurut:1	thuruth:1	truth:1
තුරුම	thuruma:2	turuma:1
තුරුලතා	thurulata:1	thurulatha:1	turulata:1	turulatha:1
තුරුලේ	thurule:2	turule:1
තුල	thula:2	tula:1
තුලට	thulata:2	tulata:1
තුලත්	thulat:1	thulath:1	tulat:1
තුලද	thulada:2	tulada:1	tuladha:1
තුලදි	thuladi:2	tuladi:1
තුලදී	thuladi:2	tuladi:1
තුලදීම	thuladima:2	tuladhima:1	tuladima:1
තුලනය	thulanaya:2	tulanaya:1
තුලනාත්මක	thulanatmaka:2	tulanathmakah:1	tulanatmaka:1
තුලනාත්මකව	thulanatmakava:2	thulanatmakawa:1	tulanatmakava:1
තුලම	thulama:2	tulama:1
තුලය	thulaya:2	tulaya:1
තුලයි	thulayi:2	tulayi:1
තුල්‍ය	thulya:2	tulya:1
තුල්‍යතාව	thulyatava:2	thulyatawa:1	tulyatava:1
තුලාවක්	thulavak:2	thulawak:1	tulavak:1
තුලාවේ	thulave:2	thulawe:1	tulave:1
තුලින්	thulin:2	tulin:1
තුලින්ද	thulinda:2	tulinda:1
තුලින්ම	thulinma:2	tulinma:1
තුලිනි	thulini:2	tulini:1
තුවක්කු	thuwakku:3	thuvakku:2	tuvakku:1
තුවක්කුවක්	thuvakkuvak:2	thuwakkuwak:1	tuvakkuvak:1
තුවාන්	thuvan:2	thuan:1	thuwan:1
තුවාල	thuwala:2	thuvala:2	tuvala:2
තුවාලකරුවන්	thuvalakaruvan:2	thuvalakaruwan:1	tuvalakaruvan:1
තුවාලය	thuvalaya:2	thuwalaya:1	tuvalaya:1
තුවාලයක්	thuvalayak:2	thuwalayak:1	tuvalayak:1
තුවාලයෙන්	thuvalayen:2	thuwalayen:1	tuvalayen:1
තුවාලවලට	thuvalavalata:2	tuvalavalata:1
තුෂර	thusara:2	tusara:1
තුෂාර	thusara:2	tushara:1
තුෂාරය	thusaraya:2	tusharaya:1
තුෂාරි	thusari:1	thushari:1	tushari:1
තුසිත	thusita:1	thusitha:1	tusitha:1
තුහින	thuhina:2	tuhina:1
තුළ	thula:2	tula:1
තුළට	thulata:2	tulata:1
තුළත්	thulat:1	thulath:1	tulat:1
තුළද	thulada:2	tulada:1
තුළදී	thuladi:2	tuladi:1
තුළදීම	thuladima:2	tuladima:1
තුළම	thulama:2	tulama:1
තුළය	thulaya:2	tulaya:1
තුළයි	thulayi:2	tulayi:1
තුළින්	thulin:2	tulin:1
තුළින්ම	thulinma:2	tulinma:1
තුළිනි	thulini:2	tulini:1
තූර්ය	thurya:2	turya:1
තූර්යවාදක	thuryavadaka:2	turyavadaka:1
තෘණ	thruna:3	thrna:1	trna:1
තෘතියික	thrthiyika:1	thrutiyika:1	trthiyika:1	trtiyika:1
තෘතීක	thrtika:1	thrutika:1	trthika:1	trtika:1
තෘතීය	thrthiya:1	thrutiya:1	trthiya:1	trtiya:1
තෘතීයික	thrtiyika:1	thrutiyika:1	trthiyika:1	trtiyika:1
තෘප්ත	thrptha:1	thrupta:1	trpta:1
තෘප්තිමත්	thrpthimath:1	thruptimat:1	trptimat:1
තෘප්තිමත්ව	thrpthimathva:1	thrpthimathwa:1	thrptimatva:1	thruptimatva:1
තෘප්තිය	thrpthiya:1	thrptiya:1	thruptiya:1	trptiya:1
තෘප්තියක්	thrptiyak:2	thruptiyak:1	trptiyak:1
තෘප්තියට	thrptiyata:1	thruptiyata:1	trptiyata:1
තෘෂ්ණාව	thrushnawa:5	thrsnava:1	thrsnawa:1	thrusnava:1
තෘෂ්ණාවයි	thrsnavayi:1	thrsnawayi:1	thrusnavayi:1	trsnavayi:1
තෘෂ්ණාවෙන්	thrsnaven:1	thrsnawen:1	thrusnaven:1	trsnaven:1
තෙ	the:2	te:1
තෙක්	thek:17	tek:2
තෙක්ම	tekma:2	thekma:1
තෙක්ය	tekya:2	thekya:1
තෙත	teta:2	thetha:1
තෙතමනය	tetamanaya:2	thethamanaya:1
තෙතමනයක්	tetamanayak:2	thethamanayak:1
තෙත්	theth:8	tet:2
තෙත්බිම්	tetbim:2	thethbim:1
තෙද	teda:2	theda:1
තෙන්නකොන්	tennakon:2	thennakon:1
තෙන්නකෝන්	tennakon:2	thennakon:1
තෙම	tema:2	thema:1
තෙමී	temi:2	themi:1
තෙමෙ	teme:2	theme:1
තෙමේ	teme:2	theme:1
තෙර	tera:2	thera:1
තෙරට	terata:2	therata:1
තෙරණිය	teraniya:2	theraniya:1
තෙරණියන්	teraniyan:2	theraniyan:1
තෙරණුවන්	teranuvan:2	theranuvan:1	theranuwan:1
තෙරණුවෝ	teranuvo:2	theranuvo:1	theranuwo:1
තෙරපා	therapa:2	terapa:2
තෙරපීමෙන්	terapimen:2	teraphimen:1	therapimen:1
තෙරපුම	terapuma:2	therapuma:1
තෙරපුමක්	terapumak:2	therapumak:1
තෙරපුම්	terapum:2	therapum:1
තෙරවරු	teravaru:2	theravaru:1	therawaru:1
තෙරහු	terahu:2	therahu:1
තෙරුන්	terun:2	therun:1
තෙරුන්ගේ	terunge:2	therunge:1
තෙරුන්ට	terunta:2	therunta:1
තෙරුන්වහන්සේ	terunvahanse:2	therunvahanse:1	therunwahanse:1
තෙරුවන්	teruvan:2	theruvan:1	theruwan:1
තෙරේසා	theresa:2	teresa:1
තෙල	tela:2	thela:1
තෙල්	thel:9	tel:2
තෙල්දෙණිය	teldeniya:3	theldeniya:1
තෙල්වත්ත	telvatta:2	telwatta:1	thelwatta:1
තෙල්වත්තේ	telvatte:2	telwatte:1	thelvaththe:1	thelwaththe:1
තෙලිගු	teligu:2	theligu:1
තෙලිඟු	thelingu:2	telingu:2	telugu:1
තෙලින්	telin:2	thelin:1
තෙලේ	tele:2	thele:1
තෙවතාවක්	tevatavak:2	thevatavak:1	thewatawak:1
තෙවන	thewana:8	tevana:2	thevana:1
තෙවනුව	tevanuva:2	tevanhuva:1	thevanuva:1	thewanuwa:1
තෙවරක්	tevarak:2	thevarak:1	thewarak:1
තෙවෙනි	teveni:2	theveni:1	theweni:1
තෙස්තමේන්තුව	testamentuva:2	thesthamenthuva:1	thesthamenthuwa:1
තෙස්තමේන්තුවේ	testamentuve:2	thesthamenthuve:1	thesthamenthuwe:1
තෙහෙට්ටුව	tehettuva:2	thehettuva:1	thehettuwa:1
තෙළිඟු	telingu:2	telugu:2
තේ	the:2	te:2
තේක්ක	tekka:2	thekka:1
තේජස	tejasa:2	tejhasa:1	thejasa:1
තේජස්	tejas:2	tejhas:1	thejas:1
තේජා	teja:2	theja:1
තේම්ස්	thames:3
තේමා	thema:2	tema:2
තේමාත්මක	tematmaka:2	themathmaka:1
තේමාව	temava:2	themava:1	themawa:1
තේමාවක්	temavak:3	themavak:1	themawak:1
තේමාවකි	temavaki:2	themavaki:1	themawaki:1
තේමාවන්	temavan:2	themavan:1	themawan:1
තේරී	theree:2	teri:2	theri:1
තේරීපත්	teripat:2	theripath:1
තේරීම	terima:3	terhima:1
තේරීමක්	terimak:3	terhimakh:1
තේරීමට	terimata:3
තේරීම්	terim:3	terhim:1
තේරීමේ	terime:3
තේරු	teru:3
තේරුණි	teruni:3
තේරුම	theruma:5	teruma:3
තේරුමක්	terumak:3
තේරුම්	therum:6	terum:3
තේරුම්ගත්	terumgat:3	terumgath:1
තේරූ	teru:3
තේවා	teva:3
තේවාව	tevava:3
තේවාවේ	tevave:3
තේවිස්	tevis:2	thevis:1
තේසවලාමේ	tesavalame:3	thesavalamai:1
තෛලය	tailaya:3
තොග	toga:3
තොගය	togaya:3	thogaya:1
තොට	tota:3
තොටගමුව	totagamuva:3	thotagamuwa:1
තොටගමුවේ	totagamuve:3	thotagamuwe:1
තොටියා	totiya:3
තොටිල්ල	totilla:3
තොටු	totu:3
තොටුපල	totupala:3
තොටුපලක්	totupalak:3
තොටුපළ	totupala:3
තොටුපළවල්	totupalaval:3
තොටුපළේ	totupale:3
තොටුපොල	totupola:3
තොප	topa:3
තොපට	topata:3
තොප්පි	toppi:3
තොප්පිය	toppiya:3
තොප්පියක්	toppiyak:3
තොම්සන්	thompson:2	tomsan:2
තොම්සන්ගේ	tomsange:3	thompsonge:1
තොමෝ	tomo:3
තොර	tora:3
තොරණ	thorana:3	torana:2
තොරණක්	toranak:2	thoranak:1
තොරණ්	toran:2	thorane:1
තොරණින්	toranin:2	thoranin:1
තොරතුරක්	toraturak:2	thorathurak:1	thoraturak:1
තොරතුරු	thorathuru:25	toraturu:2	thoraturu:1
තොරතුරුද	toraturuda:2	thoraturuda:1
තොරතුරුවල	toraturuvala:2	thorathuruwala:1
තොරතුරුවලින්	toraturuvalin:2	thoraturuwalin:1
තොරය	toraya:3	thoraya:1
තොරව	thorawa:11	torava:2	torawa:1
තොල්	tol:3
තොවිලය	tovilaya:3
තොවිල්	thowil:2	tovil:3
තොළුවිල	toluvila:3
තෝ	to:2	tho:1
තෝඩු	todu:3	thodu:1
තෝනිගල	tonigala:2	thonigala:1
තෝමස්	thomas:2	tomas:2
තෝර	thora:2	tora:2
තෝරා	thora:10	tora:2
තෝරාගත	toragata:2	thoragatha:1
තෝරාගත්	thoragath:2	toragat:2
තෝරාගන්න	toraganna:2	thoraganna:1
තෝරාගන්නා	thoraganna:4	toraganna:2
තෝරාගන්නේ	toraganne:2	thoraganne:1
තෝරාගනු	toraganu:2	thoraganu:1
තෝරාගෙන	toragena:2	thoragena:1
ථුපාරාමය	thuparamaya:3
ථූප	thupa:3
ථූපය	thupaya:3
ථූපයේ	thupaye:3
ථූපාරාම	thuparama:3
ථූපාරාමය	thuparamaya:3
ථූපාරාමයේ	thuparamaye:3
ථෙරවාද	theravada:2	terawadha:1	therawadha:1
ථෙරවාදය	theravadaya:2	therawadhaya:1
ථෙරවාදයට	theravadayata:2	therawadayata:1
ථෙරවාදී	theravadi:2	therawadhi:1
ථේර	thera:3
ථේරවාද	theravada:2	therawada:1	therawadha:1
ථේරවාදි	theravadi:2	therawadhi:1	trerawadhi:1
ථේරවාදී	theravadi:2	therawadhi:1	trerawadi:1
ද	da:3	dha:1
දං	dan:2	dam:1	dang:1
දංකොටුව	damkotuva:1	dangkotuwa:1	dankotuva:1	dankotuwa:1
දක්ඛිණ	dakkhina:3	dakkina:1
දක්නට	daknata:3
දක්නා	dakna:3
දක්වති	dakvati:2	dakwathi:1
දක්වතොත්	dakvatot:2	dakwathoth:1
දක්වන	dakwana:12	dakvana:2
දක්වන්න	dakvanna:2	dakwanna:1
දක්වන්නට	dakwannata:2	dakvannata:2
දක්වන්නන්	dakvannan:2	dakwannan:1
දක්වන්නා	dakvanna:2	dakwanna:1
දක්වන්නේ	dakvanne:2	dakwanne:1
දක්වනු	dakvanu:2	dakwanu:1
දක්වනුයේ	dakvanuye:2	dakwanuye:1
දක්වමින්	dakwamin:3	dakvamin:2
දක්වයි	dakwai:7	dakvayi:2
දක්වා	dakwa:61	dakva:2
දක්වාත්	dakvat:2	dakwaath:1	dakwath:1
දක්වාද	dakwada:2	dakvada:2	dakwahada:1
දක්වාම	dakwama:4	dakvama:2
දක්වාය	dakvaya:2	dakwaya:1
දක්ෂ	daksha:5	daksa:2
දක්ෂතම	daksatama:2	dakshathama:1
දක්ෂතා	daksata:2	dakshatha:1
දක්ෂතාව	daksatava:2	dakshathawa:1
දක්ෂතාවය	daksatavaya:2	dakshathawaya:1
දක්ෂතාවයක්	daksatavayak:2	dakshathawayak:1
දක්ෂතාවයන්	daksatavayan:2	dakshathawayan:1
දක්ෂම	daksama:2	dakshama:1
දක්ෂයා	daksaya:2	dakshaya:1
දක්ෂයි	daksayi:2	dakshai:1	dakshay:1
දක්ෂයින්	daksayin:2	dakshain:1	dakshayein:1
දක්ෂයෙක්	daksayek:2	dakshayek:1
දක්ෂයෝ	daksayo:2	dakshayo:1
දක්ෂිණ	daksina:2	dakshina:1
දකිත්වා	dakitva:2	dakithwa:1
දකින	dakina:3
දකිනවා	dakinava:2	dakinawa:1
දකිනවාට	dakinavata:2	dakinawata:1
දකින්න	dakinna:3
දකින්නට	dakinnata:3
දකින්නීය	dakinniya:2	dakinneeya:1
දකින්නෙ	dakinne:3
දකින්නේ	dakinne:3
දකිනා	dakina:3
දකිනු	dakinu:3
දකිමි	dakimi:3
දකිමින්	dakimin:3
දකියි	dakiyi:3
දකී	daki:3
දකීද	dakida:3
දකුණ	dakuna:3
දකුණට	dakunata:3
දකුණත	dakunata:2	dakunatha:1
දකුණතින්	dakunatin:2	dakunathin:1
දකුණින්	dakunin:3
දකුණු	dakunu:3
දකුණුදිග	dakunudiga:3
දකුණුපස	dakunupasa:3
දකුණෙන්	dakunen:3
දකුණෙහි	dakunehi:3	dakhunehi:1
දකුණේ	dakune:3	dakhune:1
දකුනු	dakunu:3
දඞුවම්	danuvam:2	daduvam:1
දඟ	danga:3
දඟර	dangara:3
දඟරය	dangaraya:3
දඩ	dada:3
දඩයක්	dadayak:3
දඩයක්කාර	dadayakkara:3
දඩයම	dadayama:6
දඩයමට	dadayamata:3
දඩයම්	dadayam:3
දඩයම්කරුවන්	dadayamkaruvan:3
දඩයමේ	dadayame:3
දඩු	dadu:3	dadhu:1
දඩුමොණර	dadumonara:3
දඩුවමක්	daduvamak:3
දඩුවමට	daduvamata:3
දඩුවම්	danduwam:8	daduvam:3
දණ	dana:3
දණහිස	danahisa:3
දණහිස්	danahis:3
දණ්ඩ	danda:3
දණ්ඩක්	dandak:3
දණ්ඩට	dandata:3
දණ්ඩනය	dandanaya:3
දණ්ඩනයට	dandanayata:3
දණ්ඩනීති	dandaniti:2	dandanithi:1
දණ්ඩි	dandi:3
දණින්	danin:3
දණිස්	danis:3
දඬු	dandu:3
දඬුමොණරය	dandumonaraya:3
දඬුලේනා	dandulena:2	dadulena:1
දඬුවම	danduwama:2	danduvama:2	daduvama:1
දඬුවමකට	danduvamakata:2	daduvamakata:1
දඬුවමක්	danduvamak:2	daduvamak:1
දඬුවමට	danduvamata:3
දඬුවම්	danduvam:3
දත	datha:2	data:3
දතක්	datak:3
දතයුතු	datayutu:3
දත්	dath:3	dat:3
දත්ත	daththa:9	datta:3
දත්තයන්	dattayan:3
දත්තවලට	dattavalata:3
දත්තා	datta:3
දත්වල	datvala:3
දද	dada:3
දන	dana:3
දනක්	danak:3
දනගිරිගල	danagirigala:3
දනට	danata:3
දනවන	danavana:3
දනවන්නේ	danavanne:3
දනවයි	danavayi:3
දනව්ව	danavva:3
දනව්වට	danavvata:3
දනව්වේ	danavve:3
දනහිස	danahisa:3
දන්	dan:3
දන්ත	dantha:2	danta:3
දන්තධාතුව	dantadhatuva:3
දන්තාලේප	dantalepa:3
දන්දිම	dandima:3
දන්න	danna:3
දන්නව	dannava:3
දන්නවා	dannava:3
දන්නා	danna:3
දන්නෙ	danne:3
දන්නේ	danne:3
දන්නෝ	danno:3
දන්වන	danvana:3
දන්වන්න	danvanna:3
දන්වා	danva:3
දනිත්	danit:2	danith:1
දනිති	daniti:2	danithi:1
දනිමු	danimu:2	daniu:1
දනියි	daniyi:3
දනී	dani:3
දනීද	danida:3
දබර	dabara:3
දම	dama:3
දමන	damana:3
දමනය	damanaya:3
දමන්නට	damannata:3
දමන්නේ	damanne:3
දමනු	damanu:3
දමමි	damami:3
දමමින්	damamin:3
දමයන්ති	damayanthi:2	damayanti:2
දමයි	damayi:3
දමස්කස්	damascus:3	damaskas:1
දම්	dam:3
දම්පියා	dampiya:3
දම්සක්	damsak:3
දම්සභා	damsabha:3	damsaba:1
දමා	dama:3
දමාගෙන	damagena:3
දමිතා	damita:2	damitha:2
දමිල	damila:3
දමිළ	damila:3
දඹ	damba:3
දඹකොළ	dambakola:3
දඹදිව	dambadiva:4
දඹදෙණි	dambadeni:4
දඹදෙණිය	dambadeniya:4
දඹදෙනි	dambadeni:4
දඹාන	dambana:3
දඹුල්ල	dambulla:4
දඹුල්ලට	dambullata:4
දඹුලු	dambulu:3
දයා	daya:5
දයානන්ද	dayananda:4
දයාබර	dayabara:3
දයාරත්න	dayaratna:2	dayarathna:1	dayaratne:1
දයාව	dayava:3
දයාවේ	dayave:3
දයාසිරි	dayasiri:4
දයාසේන	dayasena:4
දර	dara:3
දරණ	darana:3
දරණු	daranu:3
දරති	darati:2	darathi:1
දරන	darana:3
දරන්න	daranna:3
දරන්නට	darannata:3
දරන්නන්	darannan:3
දරන්නා	daranna:3
දරන්නේ	daranne:3
දරනු	daranu:3
දරනුයේ	daranuye:3
දරමින්	daramin:3
දරයි	darayi:3
දර්ගා	darga:3	dharga:1
දර්පණ	darpana:3
දර්පණය	darpanaya:3
දර්පණයක	darpanayaka:3
දර්පණයක්	darpanayak:3
දර්ශ	darsa:2	darsha:1
දර්ශක	darsaka:2	darshaka:1
දර්ශකය	darsakaya:2	darshakaya:1
දර්ශකයක්	darsakayak:2	darshakayak:1
දර්ශකයන්	darsakayan:2	darshakayan:1
දර්ශකයේ	darsakaye:2	darshakaye:1
දර්ශණ	darsana:2	darshana:2
දර්ශණය	darsanaya:2	darshanaya:2
දර්ශණයක්	darsanayak:2	darshanayak:2
දර්ශණයේ	darsanaye:2	darshanaye:2
දර්ශන	darshana:5	darsana:2
දර්ශනය	darshanaya:10	darsanaya:2
දර්ශනයක	darsanayaka:2	darshanayaka:1
දර්ශනයකට	darsanayakata:2	darshanayakata:1
දර්ශනයක්	darshanayak:2	darsanayak:2
දර්ශනයකින්	darsanayakin:2	darshanayakin:1
දර්ශනයට	darshanayata:2	darsanayata:2
දර්ශනයත්	darsanayat:2	darshanayath:1
දර්ශනයන්	darshanayan:2	darsanayan:2
දර්ශනයන්ට	darsanayanta:2	darshanayanta:1
දර්ශනයයි	darsanayayi:2	darshanayayi:2
දර්ශනයෙන්	darsanayen:2	darshanayen:2
දර්ශනයෙහි	darsanayehi:2	darshanayehi:2
දර්ශනයේ	darsanaye:2	darshanaye:2
දර්ශනවල	darsanavala:2	darshanavala:2
දර්ශනවාද	darsanavada:2	darshanavada:2
දර්ශනවාදය	darsanavadaya:2	darshanavadaya:1	darshanavadhaya:1
දර්ශනවාදී	darsanavadi:2	darshanavadhi:1	darshanavadi:1
දර්ශන්	darsan:2	darshan:2
දර්ශනීය	darsaniya:2	darshaniya:2
දර්ශා	darsa:2	darsha:2
දර්ශීය	darshiya:2	darsiya:2
දරා	dara:3
දරාගත	daragata:2	daragatha:1
දරාගෙන	daragena:3
දරිද්‍රතා	daridrata:2	daridratha:1
දරිද්‍රතාවය	daridratavaya:2	daridrathavaya:1
දරිද්‍රතාවයට	daridratavayata:2	daridrathavayata:1
දරු	daru:3
දරුකමට	darukamata:3
දරුණු	darunu:3
දරුණුතම	darunutama:2	darunuthama:1
දරුවකු	daruwaku:2	daruvaku:3
දරුවකුගේ	daruvakuge:3	daruvakughe:1
දරුවකුට	daruvakuta:3
දරුවන්	daruwan:5	daruvan:3
දරුවන්ගෙන්	daruvangen:3	daruvanghen:1
දරුවන්ගේ	daruvange:3
දරුවන්ට	daruwanta:4	daruvanta:3
දරුවව	daruvava:3
දරුවා	daruwa:3	daruva:3
දරුවාගේ	daruwage:2	daruvage:3
දරුවාට	daruvata:3
දරුවාද	daruvada:3	daruvadha:1
දරුවාව	daruvava:3
දරුවෙක්	daruvek:3
දරුවෙකි	daruveki:3	daruvekhi:1
දරුවෙකු	daruweku:2	daruveku:3
දරුවෝ	daruvo:3
දල	dala:3
දල්වා	dalva:3
දවල්	daval:3
දවස	dawasa:5	davasa:3
දවසක	davasaka:3
දවසකට	davasakata:3
දවසක්	davasak:3
දවසකි	davasaki:3
දවස්	davas:3
දවසේ	davase:3
දවා	dava:3
දවුල	davula:3
දවුලගල	davulugala:2	davulagala:1
දවුල්	davul:3
දශ	dasa:2	dasha:2
දශක	dashaka:2	dasaka:2
දශකය	dasakaya:2	dashakaya:2
දශකයකට	dashakayakata:2	dasakayakata:1	dasakayata:1
දශකයක්	dasakayak:2	dashakayak:2
දශකයට	dasakayata:2	dashakayata:2
දශකයෙන්	dasakayen:2	dashakayen:2
දශකයේ	dashakaye:4	dasakaye:2
දශකයේදී	dasakayedi:2	ashakayedi:1
දශම	dasama:2	dashama:2
දශමය	dasamaya:2	dashamaya:2
දශාංශික	dasansika:2	dashanshika:2
දෂ්ට	dashta:2	dasta:2
දෂ්ඨ	dastha:2	dashtah:1	dashtha:1
දස	dasa:3
දසත	dasata:2	dasatha:1
දසනායක	dasanayaka:3	dasanayake:1
දසමහා	dasamaha:3
දසවක	dasavaka:3
දසවන	dasavana:3
දස්කම්	daskam:3
දස්සන	dassana:3
දසුන	dasuna:3
දසුනක	dasunaka:3
දසුනක්	dasunak:3
දසුනකි	dasunaki:3
දසුනට	dasunata:3
දසුන්	dasun:3
දසුනෙහි	dasunehi:3
දහ	daha:3
දහඅට	dahaata:3
දහඅටක්	dahaatak:3
දහඅටවන	dahaatavana:3
දහඩිය	dahadiya:3
දහතුන	dahatuna:2	dahathuna:1
දහතුනක්	dahatunak:2	dahathunak:1
දහතුන්	dahatun:2	dahathun:1
දහතුන්වන	dahatunvana:2	dahathunvana:1
දහදිය	dahadiya:3
දහන	dahana:3
දහනය	dahanaya:3
දහනයෙන්	dahanayen:3
දහනව	dahanava:3
දහනවවන	dahanavavana:2	dhahanawawana:1
දහනායක	dahanayaka:3
දහම	dahama:2	dhahama:1
දහමක්	dahamak:3	dhahamak:1
දහමකි	dahamaki:2	dhahamaki:1
දහමට	dahamata:3	dhahamata:1
දහමයි	dahamayi:2	dahamai:1	dhahamai:1
දහම්	daham:3	dhaham:1
දහම්හි	dahamhi:2	dhahamhi:1
දහමින්	dahamin:2	dhahamin:1
දහමෙහි	dahamehi:2	dhahamehi:1
දහමේ	dahame:2	dhahame:1
දහය	dahaya:3	dhahaya:1
දහයක	dahayaka:2	dhahayaka:1
දහයකට	dahayakata:2	dhahyakata:1
දහයකටත්	dahayakatat:1	dahayakatath:1	dhahayakatath:1
දහයක්	dahayak:2	dhahayak:1
දහයියා	dahayiya:2	dahaiya:1	dhahaiya:1
දහයෙන්	dahayen:2	dhahayen:1
දහයේ	dahaye:2	dhahaye:1
දහරාවක්	daharavak:2	dhaharawak:1
දහවන	dahavana:2	dahawana:1	dhahawana:1
දහවල්	dahaval:2	dahawal:1	dhahawal:1
දහස	dahasa:3
දහසකට	dahasakata:3
දහසකටත්	dahasakatat:2	dahasakatath:1
දහසක්	dahasak:3
දහසකි	dahasaki:3
දහසය	dahasaya:3
දහසයක්	dahasayak:3
දහසයවන	dahasayavana:3
දහස්	dahas:3
දහස්ගණනක්	dahasgananak:3
දහසේ	dahase:3
දහහතර	dahahatara:2	dahahathara:1
දහහත්වන	dahahatvana:2	dahahathvana:1
දළ	dala:3
දළදා	dalada:2	daladha:1
දළදාව	daladava:2	daladhava:1
දළඳා	dalada:2	dalanda:2	daladha:1
දළඹු	dalambu:3
දළඹුවන්	dalambuvan:3
දළඹුවා	dalambuva:3
දළවශයෙන්	dalavasayen:1	dalavashayen:1	dhalawashayen:1
දළු	dalu:2	dhalu:1
ද්වන්ධ	dvandha:2	dwanda:1	dwandha:1
ද්වාර	dvara:2	dwara:1
ද්වාරය	dvaraya:2	dwaraya:1
ද්වාරයක්	dvarayak:2	dwarayak:1
ද්වාරයේ	dvaraye:2	dwaraye:1
ද්වි	dvi:3	dwi:1
ද්විගුණ	dviguna:3	dwiguna:1
ද්විත්ව	dwithwa:3	dvithva:1	dvithwa:1	dvitva:1
ද්විත්වය	dwithwaya:2	dvithvaya:1	dvithwaya:1	dvitvaya:1
ද්විත්වයක්	dvithvayak:1	dvithwayak:1	dvitvayak:1
ද්විත්වයම	dvithvayama:1	dvithwayama:1	dvitvayama:1
ද්විත්වයේ	dvithvaye:1	dvithwaye:1	dvitvaye:1
ද්විතික	dvithika:2	dvitika:1
ද්විතියික	dvithika:1	dvithiyika:1	dvitiyika:1
ද්විතීක	dvitika:2	dvitheeka:1	dwitheeka:1
ද්විතීය	dvitiya:2	dvitheeya:1	dwitheeya:1
ද්විතීයික	dvitheeka:1	dvithiyika:1	dvitiyika:1	dwitheeka:1
ද්විපද	dvipada:3	dwipada:1
ද්විපාර්ශවික	dviparsavika:2	dviparshavika:2
ද්විපුද්ගල	dvipudgala:3
ද්විභාෂා	dvibhasa:2	dvibhasha:2
ද්විමය	dvimaya:3
ද්විමාන	dwimana:3	dvimana:3	dvimaana:1
ද්විලිංගික	dvilingika:2	dvilimgika:1
ද්වී	dvi:3
ද්වීතියික	dvitiyika:2	dvithiyika:1
ද්වීතීක	dvitika:2	dvithika:1
ද්වීතීය	dvitiya:2	dvithiya:1
ද්වීපාර්ශවික	dviparsavika:2	dviparshavika:2
ද්වීමය	dvimaya:3
ද්වේශ	dvesa:2	dvesha:2
ද්වේශය	dweshaya:2	dvesaya:2	dveshaya:2
ද්වේෂ	dvesa:2	dvesha:2
ද්‍රව	drawa:8	drava:2
ද්‍රවණය	dravanaya:2	drawanaya:1
ද්‍රවය	dravaya:2	drawya:1
ද්‍රවයක්	dravayak:2	drawayak:1
ද්‍රවයේ	dravaye:2	drawaye:1
ද්‍රවශීලතා	dravashilata:1	dravasilata:1	drawasheelatha:1
ද්‍රව්‍ය	drawya:15	dravya:2
ද්‍රව්‍යමය	dravyamaya:2	drawyamaya:1
ද්‍රව්‍යය	dravyaya:2	drawyaya:1
ද්‍රව්‍යයක	dravyayaka:2	drawyayaka:1
ද්‍රව්‍යයක්	dravyayak:2	drawyayak:1
ද්‍රව්‍යයකි	dravyayaki:2	drwayaki:1
ද්‍රව්‍යයකින්	dravyayakin:2	drawyayakin:1
ද්‍රව්‍යයට	dravyayata:2	drawyayata:1
ද්‍රව්‍යයද	dravyayada:2	drawyayada:1
ද්‍රව්‍යයන්	dravyayan:2	drawyayan:1
ද්‍රව්‍යයන්ගෙන්	dravyayangen:2	drawyayangen:1
ද්‍රව්‍යයවල	dravyayavala:2	drawayawala:1
ද්‍රව්‍යයේ	dravyaye:2	drawyaye:1
ද්‍රව්‍යවල	dravyavala:2	drawyawala:1
ද්‍රව්‍යවලින්	dravyavalin:2	drawyawalin:1
ද්‍රව්‍යාත්මක	dravyathmaka:1	dravyatmaka:1	drawyathmaka:1
ද්‍රවාංකය	dravamkaya:1	dravankaya:1	drawankaya:1
ද්‍රවිඩ	drawida:3	dravida:2	drawidha:1
ද්‍රවිඩයන්	dravidayan:2	drawidayan:1
ද්‍රවිත	dravita:1	dravitha:1	drawitha:1
ද්‍රාවක	dravaka:2	drawaka:1
ද්‍රාවණ	dravana:2	drawana:1
ද්‍රාවණය	dravanaya:2	drawanaya:1
ද්‍රාවණයක	dravanayaka:2	drawanayaka:1
ද්‍රාවණයක්	dravanayak:2	drawanayak:1
ද්‍රාවණයන්	dravanayan:2	drawanayan:1
ද්‍රාවණයේ	dravanaye:2	drawanaye:1
ද්‍රාව්‍ය	dravya:2	drawya:1
ද්‍රෝණ	drona:3	dhrona:1
ද්‍රෝණි	droni:3
ද්‍රෝණිය	droniya:3
ද්‍රෝණියක්	droniyak:3
ද්‍රෝණියේ	droniye:3
ද්‍රෝහි	drohi:3
ද්‍රෝහියෙක්	drohiyek:3
ද්‍රෝහියෙකි	drohiyeki:3
ද්‍රෝහී	drohi:3
ද්‍රෝහීන්	drohin:2	droheen:1
දා	da:3	dha:1
දාඨාවංශය	datavanshaya:1	dathavansaya:1	dhatawanshaya:1
දාඩිය	dadiya:2	dhadiya:1
දාන	dana:2	dhana:1
දානපතියන්ගේ	danapathiyange:1	danapatiyange:1	dhanapathiniyange:1
දානය	danaya:2	dhanaya:1
දානයක්	danayak:3	dhanayak:1
දානයට	danayata:3	dhanayata:1
දාපු	dapu:2	dhapu:1
දාම	dama:2	dhama:1
දාමය	damaya:2	dhamaya:1
දාමයක	damayaka:2	dhamayaka:1
දාමයක්	damayak:2	dhamayak:1
දාමයන්	damayan:2	dhamayan:1
දාමයේ	damaye:2	dhamaye:1
දාමරිකයන්	damarikayan:2	dhamarikayan:1
දාම්	dam:2	daam:1	dham:1
දායක	dayaka:2	dhayaka:1
දායකත්වය	dayakathwaya:4	dayakatvaya:2	dayakathvaya:1
දායකත්වයක්	dayakathwayak:2	dayakatvayak:2	dayakathvayak:1
දායකත්වයන්	dayakatvayan:2	dayakathvayan:1
දායකත්වයෙන්	dayakatvayen:2	dayakathvayen:1
දායකයන්	dayakayan:3
දායකයා	dayakaya:3
දායකයින්ගේ	dayakayinge:3
දායක්	dayak:3
දායාද	dayada:3
දායාදය	dayadaya:3
දායාදයක්	dayadayak:3
දායාදයකි	dayadayaki:3
දාර	dara:3
දාරක	daraka:3
දාරය	daraya:3
දාරයේ	daraye:3
දාර්ශනික	darshanika:4	darsanika:2
දාර්ශනිකයකු	darsanikayaku:1	darshanikayaku:1	dharshanikayeku:1
දාර්ශනිකයන්	darsanikayan:1	darshanikayan:1	dharshanikayan:1
දාර්ශනිකයින්	darsanikayin:1	darshanikayin:1	dharshanikayan:1
දාර්ශනිකයෙකි	darsanikayeki:1	darshanikayeki:1	dharshanikayeki:1
දාර්ශනිකයෙකු	darsanikayeku:1	darshanikayeku:1	dharshanikayeku:1
දාර්ශනිකයෝ	darsanikayo:1	darshanikayo:1	dharshanikayo:1
දාර්ශනිකව	darsanikava:1	darshanikava:1	dharshanikawa:1
දාව	dawa:3	dava:2	dhawa:1
දාවිත්	davit:1	davith:1	dhawith:1
දාස	dasa:2	dhasa:1
දාසය	dasaya:2	dhasaya:1
දාසයින්	dasayin:2	dhasayan:1
දාස්	das:2	daas:1	dhaas:1
දාහක	dahaka:2	dhahaka:1
දාහතර	dahatara:2	dahathara:1
දාහතරක්	dahatharak:2	dahatarak:1
දැදිගම	dadhigama:1	dadigama:1	daedigama:1
දි	di:3
දික්	dik:3
දික්කසාද	dikkasada:3
දික්කසාදය	dikkasadaya:3
දික්කසාදයට	dikkasadayata:3
දික්කුඹුර	dikkumbura:3
දික්වූ	dikvu:3
දිග	diga:3
දිගක්	digak:3
දිගකින්	digakin:3
දිගට	digata:3
දිගටම	digatama:3
දිගටි	digati:3
දිගටිය	digatiya:3
දිගත්	digat:2	digath:1
දිගම	digama:3
දිගම්බර	digambara:3
දිගය	digaya:3
දිග්	dig:3
දිගා	diga:3
දිගාමඩුල්ලේ	digamadulle:3
දිගින්	digin:3
දිගු	digu:3
දිගුකාලීන	digukalina:3
දිගුකාලීනව	digukalinava:3
දිගුදුර	digudura:3
දිගුව	diguva:3
දිගේ	dige:3
දිට්ඨි	ditthi:2	ditti:1
දිට්ඨිය	ditthiya:2	dittiya:1
දින	dina:3
දිනක	dinaka:3
දිනකට	dinakata:3
දිනකදී	dinakadi:3
දිනකම	dinakama:3
දිනක්	dinak:3
දිනක්ෂි	dinaksi:2	dinakshi:1
දිනකින්	dinakin:3
දිනට	dinata:3
දිනදර්ශනය	dinadarsanaya:2	dinadarshanaya:1
දිනදසුන	dinadasuna:3
දිනදසුන්	dinadasun:3
දිනදී	dinadi:3
දිනදීය	dinadiya:3
දිනපතා	dinapata:2	dinapatha:1
දිනපොත	dinapota:2	dinapotha:1
දිනපොත්	dinapot:2	dinapoth:1
දිනපොතේ	dinapote:2	dinapothe:1
දිනමිණ	dinamina:3
දිනය	dinaya:3
දිනයක	dinayaka:3
දිනයකදී	dinayakadi:3	dinayakadhi:1
දිනයක්	dinayak:3	dinayakh:1
දිනයකි	dinayaki:3
දිනයකින්	dinayakin:3
දිනයට	dinayata:3
දිනයන්	dinayan:3
දිනයන්හිදී	dinayanhidi:3
දිනයයි	dinayayi:3
දිනයෙන්	dinayen:3
දිනයෙහි	dinayehi:3
දිනයේ	dinaye:3
දිනයේද	dinayeda:3
දිනයේදී	dinayedi:3
දිනයේදීම	dinayedima:3
දිනයේදීය	dinayediya:3
දිනවල	dinawala:2	dinavala:3
දිනවලදී	dinavaladi:3
දිනා	dina:3
දිනාගත්	dinagat:2	dinagath:1
දිනාගත්තේ	dinagatte:2	dinagaththe:1
දිනාගනු	dinaganu:3
දිනාගෙන	dinagena:3
දිනීම	dinima:3
දිනු	dinu:3
දිනුම	dinuma:3
දිනුවේ	dinuve:3
දිනූ	dinu:3
දිනෙක	dineka:3
දිනෙන්	dinen:3
දිනේ	dine:3
දිනේශ්	dines:2	dinesh:2
දිනේෂ්	dines:2	dinesh:2
දිමට	dimata:3
දිම්	dim:3
දිමුතු	dimuthu:2	dimutu:2
දිඹුලාගල	dimbulagala:4
දිය	diya:3
දියකර	diyakara:3
දියකරන	diyakarana:3
දියණිය	diyaniya:3
දියණියක	diyaniyaka:3
දියණියක්	diyaniyak:3
දියණියකි	diyaniyaki:3
දියණියගේ	diyaniyage:3
දියණියට	diyaniyata:3
දියණියන්	diyaniyan:3
දියණියන්ගේ	diyaniyange:3
දියණියයි	diyaniyayi:3
දියණියව	diyaniyava:3
දියණිවරුන්	diyanivarun:3
දියණු	diyanu:3
දියතලාව	diyatalava:2	diyatalawa:1	diyathalava:1
දියත්	diyath:5	diyat:2
දියත්කල	diyatkala:2	diyathkala:1
දියපාරවල්	diyaparaval:3
දියමන්ති	diyamanti:2	diyamanthi:1
දියමන්තියක්	diyamantiyak:2	diyamanthiyak:1
දියඹ	diyamba:3
දියර	diyara:3
දියරමය	diyaramaya:3
දියරය	diyaraya:3
දියරයක්	diyarayak:3
දියරයෙන්	diyarayen:3
දියවඩන	diyavadana:3
දියවන	diyavana:3
දියවන්නා	diyavanna:3
දියවී	diyavi:3
දියවීම	diyavima:3
දියවීමට	diyavimata:3
දියවීමෙන්	diyavimen:3
දියවූ	diyavu:3
දියසායම්	diyasayam:3
දියුණු	diyunu:3
දියුණුම	diyunuma:3
දියුණුව	diyunuva:3
දියුණුවක්	diyunuvak:3
දියුණුවට	diyunuvata:3
දියුණුවත්	diyunuvat:2	diyunuvath:1
දියුණුවන	diyunuvana:3
දියුණූ	diyunu:3
දියෙන්	diyen:3
දියේ	diye:3
දියෝඩ	diyoda:3
දිර්ඝ	dirgha:2	dirga:1
දිරා	dira:3
දිරාපත්	dirapath:2	dirapat:3
දිරායන	dirayana:3
දිරි	diri:3
දිරිගන්වන	diriganvana:3
දිරිමත්	dirimath:3	dirimat:2
දිල්	dil:3
දිල්ලි	dilli:3	delhi:1	dilhi:1
දිල්ලිය	dilliya:3	delhiya:1
දිල්ලියේ	dilliye:3	delhiye:1
දිල්හානි	dilhani:4
දිලිසෙන	dilisena:3
දිලිසෙන්නේ	dilisenne:3
දිලීප්	dilip:2	dileep:1
දිලීර	dilira:3
දිලීරනාශක	diliranasaka:2	diliranashaka:1
දිලුම්	dilum:3
දිලෙන	dilena:3
දිලෙනා	dilena:3
දිව	diwa:3	diva:2
දිවංගත	divamgatha:1	divangata:1	diwangatha:1
දිවගොස්	divagos:2	diwagos:1	diwagose:1
දිවට	divata:2	diwata:1
දිවයන	divayana:2	diwayana:1
දිවයන්නකි	divayannaki:2	diwayannaki:1
දිවයයි	diwayai:2	divayayi:2
දිවයින	divayina:2	diwaina:1	diwayna:1
දිවයිනට	divayinata:2	diwainatama:1	diwaynatama:1
දිවයිනටම	divayinatama:2	diwainatama:1	diwaynatama:1
දිවයින්	divayin:2	diwain:1	diwayn:1
දිවයිනෙන්	divayinen:2	diwainen:1	diwaynen:1
දිවයිනෙහි	divayinehi:2	diwainehi:1	diwaynehi:1
දිවයිනේ	divayine:2	diwaine:1	diwayne:1
දිව්රුම්	divrum:2	diwrum:1
දිව්‍ය	diwya:3	divya:2
දිව්‍යමය	divyamaya:3
දිව්‍යා	divya:3
දිවා	diva:3	diwa:1
දිවි	divi:3	diwi:1
දිවිගෙවූ	divigevu:2	divigeu:1	divigewu:1
දිවිනසා	divinasa:3	diwinasa:1
දිවිපෙවෙතක්	divipevetak:1	divipevethak:1	diwipewathak:1
දිවිය	diviya:3	diwiya:1
දිවියක්	diviyak:2	diwiyak:1
දිවියට	diviyata:2	diwiyata:1
දිවියම	diviyama:2	diwiyama:1
දිවියා	diviya:2	diwiya:1
දිවියෙහි	diviyehi:3	diwiyehi:1
දිවියේ	diviye:3	diwiye:1
දිවිහිමියෙන්	divihimiyen:3	diwihimiyen:1
දිවීම	divima:2	diveema:1	diweema:1
දිවීමේ	divime:2	diweeme:1
දිවුරා	divura:3
දිවුරුම්	divurum:3
දිවුලපිටිය	divulapitiya:3
දිවුල්	divul:3
දිවූ	divu:3	diwu:1
දිවෙන	divena:2	diwena:1
දිවෙයි	diveyi:2	divei:1	diwei:1
දිවෙහි	divehi:3	diwehi:1
දිවේ	dive:3	diwe:1
දිශා	disha:2	disa:1
දිශාගත	disagata:1	dishagata:1	dishagatha:1
දිශානතිය	disanatiya:1	dishanathiya:1	dishanatiya:1
දිශාව	dishawa:2	disava:1	dishava:1
දිශාවකට	disavakata:1	dishavakata:1	dishawakata:1
දිශාවක්	disavak:1	dishavak:1	dishawak:1
දිශාවකින්	disavakin:1	dishavakin:1	dishawakin:1
දිශාවට	disavata:1	dishavata:1	dishawata:1
දිශාවන්	disavan:1	dishavan:1	dishawan:1
දිශාවන්ට	disavanta:1	dishavanta:1	dishawanta:1
දිශාවෙන්	disaven:1	dishaven:1	dishawen:1
දිශාවෙහි	disavehi:1	dishavehi:1	dishawehi:1
දිශාවේ	disave:1	dishave:1	dishawe:1
දිස්	dis:2	this:1
දිස්ත්‍රික්	district:2	distric:1	districk:1	distrik:1
දිස්ත්‍රික්ක	distrikka:2	districka:1
දිස්ත්‍රික්කය	disthrikkaya:3	distrikkaya:2	districkaya:1
දිස්ත්‍රික්කයකම	disthrikkayakama:1	districkayama:1	distrikkayakama:1
දිස්ත්‍රික්කයක්	disthrikkayak:1	districkayak:1	distrikkayak:1
දිස්ත්‍රික්කයකි	disthrikkayaki:1	districkayaki:1	distrikkayaki:1
දිස්ත්‍රික්කයට	disthrikkayata:1	districkayata:1	distrikkayata:1
දිස්ත්‍රික්කයෙන්	disthrikkayen:1	districkayen:1	distrikkayen:1
දිස්ත්‍රික්කයෙහි	distrikkayehi:2	districkayehi:1
දිස්ත්‍රික්කයේ	distrikkaye:2	districkaye:1
දිස්වන	diswana:2	disvana:2
දිස්වෙන	disvena:2	diswena:1
දිස්වෙයි	disveyi:2	diswei:1
දිස්වේ	disve:2	diswe:1
දිසා	disa:3
දිසානායක	disanayaka:3
දිසාපති	disapathi:2	disapati:1
දිසාපාමොක්	disapamok:3
දිසාව	disava:2	disawa:1
දිසාවට	disavata:2	disawata:1
දිසාවන්	disavan:2	disawan:1
දිසාවෙන්ම	disavenma:2	disawenma:1
දිසාවෙහි	disavehi:2	disawehi:1
දිසාවේ	disave:2	disawe:1
දිහාවට	dihavata:2	dihawata:1
දිළිදුකම	dilidukama:2	dilindukama:2
දිළිඳු	dilindu:3	dlilidu:1
දිළිඳුකම	dilindukama:3	dilidukama:1
දිළිසෙන	dilisena:3
දී	di:2	dee:1
දීඝ	digha:2	deega:1	deegha:1
දීඝවාපිය	deegawapiya:1	deeghavapiya:1	dighavapiya:1
දීඝායු	dighayu:2	deegayu:1
දීත්	deeth:1	dit:1	dith:1
දීද	dida:2	deeda:1
දීප	dipa:2	deepa:1
දීපංකර	deepankara:1	dipamkara:1	dipankara:1
දීපවංශය	deepawanshaya:2	dipavansaya:1
දීප්තිමත්	deepthimath:1	dipthimath:1	diptimat:1
දීප්තිමත්ව	deepthimathwa:1	dipthimathva:1	diptimatva:1
දීප්තිය	deepthiya:1	dipthiya:1	diptiya:1
දීප්තියෙන්	deepthiyen:1	dipthiyen:1	diptiyen:1
දීපා	deepa:2	deepaa:1	dipa:1
දීපාවලි	dipavali:2	deepaawali:1	deepawali:1
දීපිකා	deepika:2	dipika:1
දීම	dima:2	deema:1
දීමක්	dimak:2	deemak:1
දීමකි	dimaki:2	deemaki:1
දීමට	deemata:11	dimata:2
දීමටත්	deematath:1	dimatat:1	dimatath:1
දීමටය	dimataya:2	deemataya:1
දීමටයි	dimatayi:2	deematai:1
දීමත්	deemath:1	dimat:1	dimath:1
දීමද	dimada:2	deemada:1	deemadha:1
දීමනා	dimana:2	deemana:1	deemanaa:1
දීමනාව	dimanava:2	deemanaawa:1	deemanawa:1
දීමනාවක්	dimanavak:2	deemanaawak:1	deemanawak:1
දීමයි	dimayi:2	deemai:1
දීම්	dim:2	deem:1
දීමෙන්	dimen:2	deemen:1
දීමෙනි	dimeni:2	deemeni:1
දීමේ	dime:2	deeme:1
දීමේදි	dimedi:2	deemedi:1
දීමේදී	dimedi:2	deemedee:1	deemedhee:1
දීය	deeya:4	diya:2
දීර්ඝ	dirgha:2	deerga:1
දීර්ඝකාලීන	dirghakalina:3
දීර්ඝතම	dirghatama:2	dirghathama:1
දීල	dila:3
දීලා	dila:3
දීලීර	dilira:3
දීසි	disi:3
දු	du:3
දුක	duka:3
දුකක්	dukak:3
දුකකි	dukaki:3
දුකකින්	dukakin:3
දුකට	dukata:3
දුකම	dukama:3
දුක්	duk:3
දුක්ඛ	dukkha:3
දුක්ඛිත	dukkhitha:2	dukkhita:1
දුක්විඳ	dukvinda:3
දුකින්	dukin:3
දුගති	dugati:2	dugathi:1
දුගඳ	duganda:3
දුගි	dugi:3
දුගී	dugi:3
දුටහ	dutaha:3
දුටින්	dutin:3
දුටු	dutu:3
දුටුවහොත්	dutuvahot:1	dutuvahoth:1	dutuwahoth:1
දුටුවා	dutuva:2	dutuwa:1
දුටුවේ	dutuve:2	dutuwe:1
දුටුවේය	dutuveya:2	dutuweya:1
දුණි	duni:3
දුත	dutha:2	duta:1
දුදන	dudana:3
දුන්	dun:3
දුන්න	dunna:3
දුන්නක්	dunnak:3
දුන්නත්	dunnath:2	dunnat:1
දුන්නද	dunnada:3
දුන්නා	dunna:3
දුන්නාය	dunnaya:3
දුන්නාහ	dunnaha:3
දුන්නේ	dunne:3
දුන්නේය	dunneya:3
දුන්නෝය	dunnoya:3
දුන්හ	dunha:3
දුන්හිඳ	dunhinda:3
දුනි	duni:3
දුනු	dunu:3
දුනුකේ	dunuke:3
දුනුවායා	dunuvaya:3
දුපත	dupata:2	dupatha:1
දුපතක්	dupatak:2	dupathak:1
දුපත්	dupat:2	dupath:1
දුපතේ	dupate:2	dupathe:1
දුප්පත්	duppat:2	duppath:1
දුප්පත්කම	duppatkama:2	duppathkama:1
දුප්පත්කමේ	duppatkame:2	duppathkame:1
දුප්පතුන්	duppathun:2	duppatun:1
දුප්පතුන්ගේ	duppathunge:2	duppatunge:1
දුප්පතුන්ට	duppathunta:2	duppatunta:1
දුබල	dubala:3
දුබලව	dubalava:2	dubalawa:1
දුම්	dum:3
දුම්කොළ	dumkola:3
දුම්පානය	dumpanaya:3
දුම්බර	dumbara:3
දුම්බීම	dumbima:2	dumbeema:1
දුම්මල	dummala:3
දුම්රිය	dumriya:3
දුම්රියකට	dumriyakata:3
දුම්රියක්	dumriyak:3
දුම්රියන්	dumriyan:3
දුම්රියෙන්	dumriyen:3
දුම්රියේ	dumriye:3
දුමාරය	dumaraya:3
දුමාරයේ	dumaraye:3
දුමින්	dumin:3
දුමින්ද	duminda:3
දුඹුරු	dumburu:3
දුර	dura:3
දුරක	duraka:3
දුරකට	durakata:3
දුරකතන	durakatana:2	durakathana:1
දුරකතනය	durakatanaya:2	durakathanaya:1
දුරකථන	durakathana:3
දුරකථනය	durakathanaya:3
දුරකථනයට	durakathanayata:3
දුරකදී	durakadi:2	durakadee:1
දුරක්	durak:3
දුරකින්	durakin:3
දුරකිනුත්	durakinuth:2	durakinut:1
දුරට	durata:3
දුරටත්	duratath:2	duratat:1
දුරත්	durath:2	durat:1
දුරදක්නය	duradaknaya:3
දුරදිග	duradiga:3
දුරලන	duralana:3
දුරවල්	duraval:2	durawal:1
දුරස්	duras:3
දුරස්ථ	durastha:3
දුරස්ථව	durasthava:2	durathava:1
දුර්ගන්ධයක්	durgandhayak:3
දුර්ගය	durgaya:3
දුර්ගා	durga:3
දුර්භික්ෂ	durbhiksa:2	durbiksha:1
දුර්භික්ෂය	durbhiksaya:2	durbikshaya:1
දුර්මත	durmata:2	durmatha:1
දුර්මතය	durmataya:2	durmathaya:1
දුර්ලභ	durlabha:3
දුර්වල	durwala:4	durvala:2
දුර්වලතා	durvalata:1	durvalatha:1	durwalatha:1
දුර්වලතාද	durvalatada:1	durvalathada:1	durwalathada:1
දුර්වලතාවක්	durvalatavak:1	durvalathavak:1	durwalathawak:1
දුර්වලතාවන්	durvalatavan:1	durvalathavan:1	durwalathawan:1
දුර්වලතාවය	durvalatavaya:1	durvalathavaya:1	durwalathawaya:1
දුර්වලතාවයක්	durvalatavayak:1	durvalathavayak:1	durwalathawayak:1
දුර්වලතාවයන්	durvalatavayan:1	durvalathavayan:1	durwalathawayan:1
දුර්වලය	durvalaya:2	durwalaya:1
දුර්වලයි	durvalayi:2	durwalai:1
දුර්වලව	durvalava:2	durwalawa:1
දුරාචාර	durachara:2	duraachara:1	duracara:1
දුරින්	durin:3
දුරු	duru:3
දුරුකොට	durukota:3
දුරුතු	duruthu:3	durutu:2
දුරුවන	duruvana:3
දුරුවෙයි	duruveyi:3
දුරෙහි	durehi:3
දුරේක්ෂ	dureksa:2	dureksha:1
දුරේක්ෂය	dureksaya:2	durekshaya:1
දුරේක්ෂයක්	dureksayak:2	durekshayak:1
දුරේක්ෂයකින්	dureksayakin:2	durekshayakin:2
දුලබ	dulaba:3
දුලානි	dulani:3	dulaani:1
දුව	duva:3
දුවට	duvata:2	duwata:1
දුවන	duvana:2	duwana:1
දුවන්නේ	duvanne:2	duwanne:1
දුවිලි	duvili:2	duwili:1
දුශ්චරිත	dushcharitha:2	duscarita:1
දුෂණ	dushana:2	dusana:1
දුෂණය	dushanaya:2	dusanaya:1
දුෂ්කර	dushkara:2	duskara:1
දුෂ්කරතා	dushkaratha:2	duskarata:1
දුෂ්කරතාවන්	dushkarathavan:1	dushkarathawan:1	duskaratavan:1
දුෂ්කරතාවය	dushkarathavaya:1	dushkarathawaya:1	duskaratavaya:1
දුෂ්කරතාවයන්ට	dushkarathavayanta:1	dushkarathawayanta:1	duskaratavayanta:1
දුෂ්කරය	dushkaraya:2	duskaraya:1
දුෂ්ට	dushta:2	dusta:1
දුෂ්ටයා	dushtaya:2	dustaya:1
දුෂ්ටාත්මයන්	dushtathmayan:2	dustatmayan:1
දුෂ්ඨ	dushta:1	dushtah:1	dustha:1
දුසිම්	dusim:3
දුසිරිත්	dusirith:2	dusirit:1
දුසිරිතෙහි	dusirithehi:2	dusiritehi:1
දුසිල්	dusil:3
දුහිතෘ	duhitru:2	duhithru:1
දුහුල්	duhul:3
දුහුවිලි	duhuvili:3	duhuwili:1
දූ	du:4
දූත	dutha:2	duta:1
දූතයකු	duthayaku:2	dutayaku:1
දූතයන්	duthayan:2	dutayan:1
දූතයා	duthaya:2	dutaya:1
දූදරු	dudaru:3
දූපත	dupatha:2	dupata:1
දූපතක්	doopathak:2	dupathak:2	dupatak:1
දූපතකින්	dupathakin:2	dupatakin:1
දූපතට	dupathata:2	dupatata:1
දූපත්	doopath:4	dupath:2	dupat:1
දූපතෙහි	dupatehi:1	dupathahi:1	dupathehi:1
දූපතේ	dupathe:2	dupate:1
දූරදර්ශී	duradarshee:1	duradarshi:1	duradarsi:1
දූර්දර්ශන්	durdarshan:2	doordarshan:1
දූව	doowa:2	duva:3	duwa:1
දූවරු	duvaru:2	duwaru:1
දූවරුන්	duvarun:2	duwarun:1
දූවිල්ලෙන්	duvillen:3	duwillen:1
දූවිලි	duvili:3	duwili:1
දූෂණ	dushana:2	dusana:1
දූෂණය	dushanaya:2	dusanaya:1
දූෂණයට	dushanayata:2	dusanayata:1
දූෂනය	dushanaya:2	dusanaya:1
දූෂිත	dushitha:2	dusita:1
දෘඩ	druda:3	drda:1	druhda:1
දෘඩාංග	drudanga:2	dhrudanga:1	drdamga:1	druhdanga:1
දෘඪ	druda:2	drudha:2	drdha:1	druhda:1
දෘඪාංග	drudanga:2	drdhamga:1	drudhamga:1	druhdanga:1
දෘශ්‍ය	drushya:2	drusya:1
දෘශ්‍යමාන	drushyamana:2	drusyamana:1
දෘශ්‍යාබාධිත	drushyabadhita:2	drshyabadhita:1	drusyabadita:1
දෘෂ්ටි	drusti:2	drushti:2
දෘෂ්ටිකෝණ	drushtikona:2	drustikona:1
දෘෂ්ටිකෝණයෙන්	drushtikonayen:2	drustikonayen:1
දෘෂ්ටිමය	drushtimaya:2	drustimaya:1
දෘෂ්ටිය	drushtiya:2	drustiya:1
දෘෂ්ටියක්	drushtiyak:2	drustiyak:1
දෘෂ්ටිවාදී	drstivadi:2	drshtivadi:1	drushtivadi:1
දෘෂ්ඨි	drsthi:2	drshthi:1	drushti:1
දෘෂ්ඨිය	drsthiya:2	drshthiya:1	drushtiya:1
දෘෂ්‍ය	drsya:2	drshya:1	drushya:1
දෘෂ්‍යමාන	drsyamana:3	drshyamana:1	drushyamana:1
දෙ	de:3
දෙඅත්	deat:2	death:1
දෙආකාර	deakara:3
දෙක	deka:3
දෙකක	dekaka:3
දෙකකට	dekakata:3
දෙකක්	dekak:3
දෙකක්ද	dekakda:3
දෙකක්ම	dekakma:3
දෙකකි	dekaki:3
දෙකකින්	dekakin:3
දෙකට	dekata:3
දෙකටන	dekatana:3
දෙකටම	dekatama:3
දෙකඩ	dekada:3
දෙකත්	dekat:2	dekath:1
දෙකන්	dekan:3
දෙකම	dekama:3
දෙකයි	dekayi:3
දෙකින්	dekin:3
දෙකෙන්	deken:3
දෙකෙන්ම	dekenma:3
දෙකෙහි	dekehi:3
දෙකෙහිදීම	dekehidima:3
දෙකෙහිම	dekehima:3
දෙකේ	deke:3
දෙකේදී	dekedi:3
දෙකේදීම	dekedima:3
දෙකේම	dekema:3
දෙකොටසකි	dekotasaki:3
දෙගුණ	deguna:3
දෙගුණයක්	degunayak:3
දෙගුණයකින්	degunayakin:3
දෙගුරුන්	degurun:3
දෙටු	detu:3
දෙටුවෙක්	detuvek:3
දෙඩීම	dedima:3
දෙති	dethi:2	deti:2
දෙතිස්	detis:2	dethis:1
දෙතුන්	detun:2	dethun:1
දෙතොලෙහි	detolehi:2	detholehi:1
දෙදණ	dedana:3
දෙදරුවන්	dedaruvan:3
දෙදහසකට	dedahasakata:3
දෙදහසකටත්	dedahasakatat:2	dedahasakatath:1
දෙදිග	dediga:3
දෙදෙන	dedena:3
දෙදෙනක්	dedenak:3
දෙදෙනකු	dedenaku:2	dedeneku:1
දෙදෙනකුගෙන්	dedenakugen:2	dedenekugen:1
දෙදෙනකුට	dedenakuta:2	dedenekuta:1
දෙදෙනා	dedena:3
දෙදෙනාගෙන්	dedenagen:3
දෙදෙනාගෙන්ම	dedenagenma:3
දෙදෙනාගේ	dedenage:3
දෙදෙනාගේම	dedenagema:2	dedenageema:1
දෙදෙනාට	dedenata:3
දෙදෙනාටම	dedenatama:3
දෙදෙනාම	dedenama:3
දෙදෙනෙක්	dedenek:3
දෙදෙනෙකි	dedeneki:3
දෙදෙනෙකු	dedeneku:3
දෙදෙනෙකුගේ	dedenekuge:3
දෙදෙනෙකුට	dedenekuta:3
දෙන	dena:3
දෙනකු	deneku:2	denaku:3
දෙනකුගෙන්	denakugen:3
දෙනකුගේ	denakuge:3
දෙනම	denama:3
දෙනමගේ	denamage:2	denamagee:1
දෙනයි	denayi:2	denai:1	denay:1
දෙනව	denava:2	denawa:1
දෙනවක	denawaka:2	denavaka:1
දෙනවද	denavada:2	denawada:1
දෙනවා	denawa:2	denava:2
දෙනවාට	denavata:2	denawata:1
දෙන්න	denna:3
දෙන්නක්	dennak:3
දෙන්නකි	dennaki:3
දෙන්නට	dennata:3
දෙන්නන්	dennan:3
දෙන්නම්	dennam:3
දෙන්නා	denna:3
දෙන්නී	denni:2	dennee:1
දෙන්නෙක්	dennek:3
දෙන්නෙකු	denneku:3
දෙන්නේ	denne:2	dennee:1
දෙන්නේය	denneya:3
දෙනා	dena:3
දෙනාගෙන්	denagen:3
දෙනාගේ	denage:2	denagee:1
දෙනාගේම	denagema:3	denageema:1
දෙනාට	denata:3
දෙනාටත්	denatath:2	denatat:1
දෙනාටම	denatama:3
දෙනාද	denada:3
දෙනාම	denama:3
දෙනිපිටිය	denipitiya:3
දෙනු	denu:3
දෙනුවන	denuvana:2	denuwana:1
දෙනුවන්	denuvan:2	denuwan:1
දෙනුවර	denuvara:2	denuwara:1
දෙනෙක්	denek:3
දෙනෙක්ද	denekda:3
දෙනෙක්ම	denekma:3
දෙනෙකි	deneki:3
දෙනෙකු	deneku:3
දෙනෙකුගෙන්	denekugen:3
දෙනෙකුගේ	denekuge:3
දෙනෙකුට	denekuta:3
දෙනෙකුටද	denekutada:3
දෙනෙකුද	denekuda:3
දෙනෙකුම	denekuma:3
දෙපතුල්	depathul:2	depatul:1
දෙපල	depala:3
දෙපලක්	depalak:3
දෙපස	depasa:3
දෙපසට	depasata:3
දෙපසින්	depasin:3
දෙපහර	depahara:3
දෙපළ	depala:3
දෙපා	depa:3
දෙපාර්තමෙන්තුව	departamentuva:1	departhamentuva:1	departhumentuwa:1
දෙපාර්තමේන්තු	departhamenthu:2	departamentu:1
දෙපාර්තමේන්තුව	departhamenthuwa:2	departamentuva:1	departhamenthuva:1
දෙපාර්තමේන්තුවක	departamentuvaka:1	departhamenthuvaka:1	departhamenthuwaka:1
දෙපාර්තමේන්තුවට	departamentuvata:1	departhamenthuvata:1	departhamenthuwata:1
දෙපාර්තමේන්තුවෙහි	departamentuvehi:1	departhamenthuvehi:1	departhumenthuwehi:1
දෙපාර්තමේන්තුවේ	departhamenthuwe:3	departamentuve:1	departhamenthuve:1	departhumenthuwe:1
දෙපාර්තුමේන්තුව	departhumenthuva:1	departhumenthuwa:1	departumentuva:1
දෙපාර්ශවය	deparsavaya:1	deparshavaya:1	deparshawaya:1
දෙපාර්ශවයක්	deparsavayak:1	deparshavayak:1	deparshawayak:1
දෙපාර්ශවයටම	deparsavayatama:1	deparshavayatama:1	deparshawayatama:1
දෙපාර්ශවයම	deparsavayama:1	deparshavayama:1	deparshawayama:1
දෙපාර්ශවයෙන්ම	deparsavayenma:1	deparshawayenma:1	deparshvayenma:1
දෙපාර්ශවයේම	deparsavayema:1	deparshawayema:1	deparshvayema:1
දෙපාර්ශ්වය	deparshvaya:1	deparshwaya:1	deparsvaya:1
දෙපාර්ශ්වයම	deparshvayama:1	deparshwayama:1	deparsvayama:1
දෙපාර්ශ්වයේම	deparshvayema:1	deparshwayema:1	deparsvayema:1
දෙපිරිසම	depirisama:3
දෙබරුන්	debarun:3
දෙබලක්	debalak:3
දෙබස්	debas:3
දෙබැම	debaema:2	debama:1
දෙමටාන	dematana:3
දෙමල	demala:3
දෙමලිච්චා	demalichcha:3
දෙමව්පිය	demavpiya:1	demavupiya:1	demawpiya:1
දෙමව්පියන්	demavpiyan:1	demavupiyan:1	demawpiyan:1
දෙමව්පියන්ගේ	demavpiyange:2	demawpiyange:1
දෙමවුපියන්ගේ	demavupiyange:2	demawpiyange:1
දෙමහල්	demahal:3
දෙමළ	demala:3
දෙමළෙන්	demalen:3
දෙමාපිය	demapiya:3
දෙමාපියන්	demapiyan:3
දෙමාපියන්ගෙන්	demapiyangen:3
දෙමාපියන්ගේ	demapiyange:3
දෙමාපියන්ට	demapiyanta:3
දෙමාපියෝ	demapiyo:3
දෙමි	demi:3
දෙමින්	demin:3
දෙමින්ය	deminya:3
දෙමිනි	demini:3
දෙමුහුන්	demuhun:3
දෙමුහුම්	demuhum:3
දෙමෝදර	demodara:3
දෙය	deya:3
දෙයකට	deyakata:3
දෙයක්	deyak:3
දෙයක්ම	deyakma:3
දෙයකි	deyaki:3
දෙයට	deyata:3
දෙයම	deyama:3
දෙයාකාරයකට	deyakarayakata:2	deyakaratakata:1
දෙයාකාරයකින්	deyakarayakin:3
දෙයාකාරයෙන්ම	deyakarayenma:3
දෙයි	deyi:2	dei:1	dey:1
දෙයින්	deyin:2	dein:1
දෙයියන්ගේ	deyiyange:2	deiyange:1
දෙයියා	deyiya:2	deiya:1	deyya:1
දෙයියෝ	deyiyo:2	deiyo:1
දෙයෙහි	deyehi:2	deyahi:1
දෙරට	derata:3
දෙරටටම	deratatama:3
දෙරටේ	derate:3
දෙරණ	derana:3
දෙල්ගොඩ	delgoda:3
දෙල්වල	delvala:2	delwala:1
දෙව	deva:2	dewa:1
දෙවගන	devagana:2	dewagana:1
දෙවඟන	dewangana:2	devagana:1	devangana:1	dewagana:1
දෙවඟනක	devaganaka:1	devanganaka:1	dewaganaka:1
දෙවඟනක්	devaganak:1	devanganak:1	dewaganak:1
දෙවඟනට	devaganata:1	devanganata:1	dewaganata:1
දෙවඟනන්	devaganan:1	devanganan:1	dewaganan:1
දෙවතාවක්	devatavak:1	devathavak:1	dewathawak:1
දෙවතාවක්ම	devatavakma:1	devathavakma:1	dewathawakma:1
දෙවතාවෝ	devatavo:1	devathavo:1	dewathawo:1
දෙවන	dewana:22	devana:2
දෙවනපෑතිස්	devanapaethis:1	devanapatis:1	dewanapathis:1	dewanapathiss:1
දෙවනපිය	devanapiya:2	dewanapiya:1
දෙවනවර	devanavara:2	dewanawara:1
දෙවනි	devani:2	dewani:1
දෙවනුව	dewanuwa:2	devanuva:2
දෙවනුවට	devanuvata:2	dewanuwata:1
දෙවරක්	dewarak:2	devarak:2
දෙවර්ගය	devargaya:2	dewargaya:1
දෙවර්ගයක්	devargayak:2	dewargayak:1
දෙවර්ගයටම	devargayatama:2	dewargayatama:1
දෙවර්ගයම	devargayama:2	dewargayama:1
දෙව්	dev:1	devu:1	dew:1
දෙව්දත්	devdath:1	devdutt:1	dewdath:1
දෙව්දුව	devduva:2	dewduwa:1
දෙව්මැදුර	devmaedura:2	dewmadura:1
දෙව්මැදුරු	devmaeduru:2	dewmaduru:1
දෙව්රම්	devram:2	dewram:2
දෙව්ලොව	devlova:2	dewlowa:1
දෙව්ලොවට	devlovata:2	dewlowata:1
දෙවැන්න	devaenna:2	dewanna:1
දෙවැන්නට	devaennata:2	dewannata:1	dewennata:1
දෙවැන්නා	devaenna:2	dewanna:1	dewenna:1
දෙවැනි	deweni:6	devaeni:2	dewani:1
දෙවැනිවරට	devaenivarata:2	dewaniwarata:1
දෙවි	devi:3
දෙවිදුන්	devidun:3
දෙවිනුවර	devinuvara:2	devinuwara:2
දෙවිඳු	devidu:2	devindu:1
දෙවිඳුට	deviduta:2	devinduta:1
දෙවිඳුන්	devidun:2	devindun:1
දෙවිඳුන්ගේ	devidhunge:1	devidunge:1	devindunge:1	devudunge:1
දෙවිඳුන්ට	devidunta:2	devidhunta:1	devindunta:1
දෙවියකු	deviyaku:3
දෙවියන්	dewiyan:13	deviyan:3
දෙවියන්ගෙන්	deviyangen:3
දෙවියන්ගේ	dewiyange:4	deviyange:3
දෙවියන්ට	deviyanta:3
දෙවියන්ටත්	deviyantath:2	deviyantat:1
දෙවියන්ව	deviyanva:2	deviyanwa:1
දෙවියන්වහන්සේ	deviyanvahanse:2	deviyanwahanse:1
දෙවියන්වහන්සේගේ	deviyanvahansege:2	deviyanwahansege:1
දෙවියනේ	deviyane:3
දෙවියා	deviya:3
දෙවියාගේ	deviyage:3
දෙවියෙක්	deviyek:3
දෙවියෙකි	deviyeki:3
දෙවියෙකු	deviyeku:3
දෙවියෝ	deviyo:3
දෙවිවරු	devivaru:3
දෙවිවරුන්	dewiwarun:2	devivarun:3
දෙවිවරුන්ගේ	devivarunge:3
දෙවුර	devura:3
දෙවෙනි	deveni:3
දෙවේලේ	devele:3
දෙවොල	devola:3
දෙවොල්	devol:3
දෙවොලේ	devole:3
දෙස	desa:3
දෙසට	desata:3
දෙසටය	desataya:3
දෙසතිය	desatiya:2	desathiya:1
දෙස්	des:3
දෙසැම්බර	desaembara:2	december:1
දෙසැම්බරයේදී	decemberayedhi:1	desaembarayedi:1	desambarayedi:1
දෙසැම්බර්	december:9	desaembar:2
දෙසින්	desin:3
දෙසුම	desuma:3
දෙසුම්	desum:3
දෙසොහොයුරන්	desohoyuran:3
දෙහි	dehi:3
දෙහිඅත්තකණ්ඩිය	dehiattakandiya:3	dehiaththakandiya:1
දෙහිඕවිට	dehiovita:2	dehiowita:2
දෙහිවල	dehiwala:2	dehivala:1
දේ	de:3
දේකට	dekata:3
දේද	deda:3
දේදුන්න	dedunna:3
දේදුන්නක්	dedunnak:3
දේපල	depala:3
දේපලක්	depalak:3
දේවල්ය	dewalya:2	devalya:1
දේවවාදය	devavadaya:2	dewawaadaya:1	dewawadaya:1
දේවස්ථාන	devasthana:2	dewasthaana:1
දේවස්ථානය	devasthanaya:2	dewasthaanaya:1
දේවස්ථානයක	devasthanayaka:2	dewasthaanayaka:1
දේවස්ථානයක්	devasthanayak:2	dewasthaanayak:1
දේවස්ථානයකි	devasthanayaki:2	dewasthaanayaki:1
දේවස්ථානයට	devasthanayata:2	dewasthaanayata:1
දේවස්ථානයේ	devasthanaye:2	dewasthaanayay:1
දේවස්ථානවල	devasthanavala:2	dewasthaanawala:1
දේවා	deva:3	dewaa:1
දේවානන්ද	devananda:2	dewaananda:1
දේවානම්	devanam:3	dewaanam:1
දේවානම්පිය	devanampiya:4
දේවානම්පියතිස්ස	devanampiyatissa:2	devanampiyathissa:1	dewaanampiyathissa:1
දේවානුභාවය	devanubhavaya:2	dewaanubawaya:1	dewaanubhawaya:1
දේවානුභාවයෙන්	devanubhavayen:2	dewaanubawayen:1	dewaanubhawayen:1
දේවාල	devala:2	dewaala:1
දේවාලය	dewalaya:9	devalaya:2	dewaalaya:1
දේවාලයකට	devalayakata:2	dewaalayakata:1
දේවාලයක්	devalayak:3
දේවාලයකි	devalayaki:3
දේවාලයට	devalayata:3
දේවාලයෙන්	devalayen:3
දේවාලයෙහි	devalayehi:3
දේවාලයේ	dewalaye:5	devalaye:3
දේවාලවල	devalavala:3
දේවාවරෝහණ	devavarohana:2	devawarohana:1
දේවි	devi:3
දේවිකා	devika:3
දේවින්ද	devinda:3
දේවිය	deviya:3
දේවියගේ	deviyage:3
දේවියට	deviyata:3
දේවියත්	deviyat:2	deviyath:2
දේවියද	deviyada:3
දේවියන්	deviyan:3
දේවියයි	deviyayi:2	deviyai:1
දේවී	devi:3
දේවේන්ද්‍ර	devendra:3
දේවේන්ද්‍රයා	devendraya:3
දේශ	desha:2	desa:1
දේශක	deshaka:2	desaka:1
දේශකයෙකු	deshakayeku:2	desakayeku:1
දේශගුණ	deshaguna:2	desaguna:1
දේශගුණය	deshagunaya:2	desagunaya:1
දේශගුණයක්	deshagunayak:2	desagunayak:1
දේශගුණයකින්	deshagunayakin:2	desagunayakin:1
දේශගුණයේ	deshagunaye:2	desagunaye:1
දේශගුණික	desagunika:2	deshaghunika:1	deshagunika:1
දේශන	deshana:4	desana:2
දේශනය	deshanaya:9	desanaya:2
දේශනයක්	desanayak:2	deshanayak:2
දේශනයෙන්	desanayen:2	deshanayen:1	deshanyen:1
දේශනයේ	desanaye:2	deshanaye:2
දේශනා	deshana:9	desana:2
දේශනාකර	desanakara:2	deshanakara:2
දේශනාව	deshanawa:3	desanava:2	deshanava:2
දේශනාවක්	desanavak:2	deshanavak:2
දේශපලන	desapalana:2	deshapalana:2
දේශප්‍රිය	desapriya:2	deshapriya:2
දේශප්‍රේමී	desapremi:1	deshapremee:1	deshapremi:1
දේශප්‍රේමීත්වය	desapremitvaya:1	deshapremithvaya:1	deshapremithwaya:1	deshpremeethwaya:1
දේශපාන	deshapana:2	desapana:1
දේශපාලඥයන්	desapalagnayan:1	deshapalaakyayan:1	deshapalagnayan:1
දේශපාලඥයන්ගේ	desapalagnayange:1	deshapalaakyayange:1	deshapalagnayange:1
දේශපාලඥයින්	desapalagnayin:1	deshapalaakyain:1	deshapalagnayin:1
දේශපාලඥයෙකු	desapalagnayeku:1	deshapalagnayeku:1	deshapalakgnayeku:1
දේශපාලඥයෝ	desapalagnayo:1	deshapalagnayo:1	deshapalakgnayo:1
දේශපාලඥවරයෙකු	desapalagnavarayeku:1	deshapalagnavarayeku:1	deshapalakgnawarayeku:1
දේශපාලන	deshapalana:2	desapalana:1
දේශපාලනඥයකු	desapalanagnayaku:1	deshapalakgnayeku:1	deshapalanagnayaku:1
දේශපාලනඥයන්	desapalanagnayan:1	deshapalakgnayan:1	deshapalanagnayan:1
දේශපාලනඥයින්ට	desapalanagnayinta:2	deshapalanagnayhinta:1	deshapalanagnayinta:1
දේශපාලනඥයෙක්	desapalanagnayek:2	deshapalanagnayek:1	deshapalanagnayhek:1
දේශපාලනඥයෙකි	desapalanagnayeki:2	deshapalanagnayeki:1	deshapalanagnayheki:1
දේශපාලනඥයෙකු	desapalanagnayeku:2	deshapalanagnayeku:1	deshapalanagnayheku:1
දේශපාලනමය	deshapalanamaya:2	desapalanamaya:2	deshapalanamayha:1
දේශපාලනය	desapalanaya:2	deshapalanaya:2
දේශපාලනයක්	desapalanayak:2	deshapalanayak:2
දේශපාලනයට	desapalanayata:2	deshapalanayata:2
දේශපාලනයෙහි	desapalanayehi:2	deshapalanayehi:1	deshapalanayhehi:1
දේශපාලනයේ	desapalanaye:2	deshapalanaye:1
දේශපාලනික	deshapalanika:2	desapalanika:2
දේශපාලනිකව	desapalanikava:2	deshapalanikava:2
දේශබන්දු	desabandu:2	deshabandhu:1	deshabandu:1
දේශමාමක	desamamaka:2	deshamamaka:2
දේශය	deshaya:2	desaya:2
දේශයක්	desayak:2	deshayak:2
දේශයකි	desayaki:2	deshayaki:2
දේශයට	desayata:2	deshayata:2
දේශයන්	desayan:2	deshayan:2
දේශයෙන්	desayen:2	deshayen:2
දේශයෙහි	desayehi:2	deshayehi:2
දේශයේ	desaye:2	deshaye:2
දේශසීමා	deshaseema:3	desasima:2	deshasima:2
දේශසීමාව	desasimava:2	deshasimava:2
දේශසීමාවේ	desasimave:2	deshasimave:2
දේශාංශ	desansa:2	deshansa:1	deshansha:1
දේශාටන	desatana:2	deshatana:2
දේශාපලන	desapalana:2	deshapalana:2
දේශික	deshika:2	desika:1
දේශිත	deshitha:2	deshita:1	desita:1
දේශිය	deshiya:2	desiya:1
දේශීය	deshiya:2	desiya:1
දේශීයව	deshiyava:1	deshiyawa:1	desiyava:1
දේසායි	desayi:2	desaai:1	desai:1
දේහ	deha:3
දේහය	dehaya:3
දේහයක්	dehayak:3
දේහයට	dehayata:3
දේහයන්	dehayan:3
දේහයෙන්	dehayen:3
දේහයෙහි	dehayehi:3
දේහයේ	dehaye:3
දේහවල	dehavala:2	dehawala:1
දෛනික	dainika:3
දෛනිකව	dainikava:2	dainikawa:1
දෛවය	daivaya:3
දෛවයට	daivayata:3
දෛශික	daishika:2	daisika:2
දෛශිකය	daishikaya:2	daisikaya:2
දෛශිකයක්	daishikayak:2	daisikayak:2
දෛහික	daihika:3
දොං	don:3
දොඩම්	dodam:3
දොදොල්	dodol:3
දොන්	don:3
දොම්	dom:3	dome:1
දොම්නස්	domnas:3
දොම්පෙ	dompe:3
දොමිකිට	domikita:3
දොයි	doyi:2	doi:1	doy:1
දොර	dora:3
දොරක්	dorak:3
දොරටු	doratu:3
දොරටුපාල	doratupala:3	doratupaala:1
දොරටුව	doratuva:2	doratuwa:1
දොරටුවක්	doratuvak:2	doratuwak:1
දොරටුවට	doratuvata:2	doratuwata:1
දොරටුවේ	doratuve:2	doratuwe:1
දොරවක	doravaka:2	dorawaka:1
දොරවල්	doraval:2	dorawal:1
දොරෙහි	dorehi:3
දොල	dola:3
දොලොස්	dolos:3
දොවා	dova:3
දොස්	dos:3
දොස්තර	dostara:2	dosthara:1
දොළ	dola:3
දොළහ	dolaha:3
දොළහක්	dolahak:3
දොළුව	doluva:2	dholuwa:1	doluwa:1
දොළොස්	dolos:3	dolose:1
දොළොස්වන	dolosvana:2	doloswana:1
දෝ	do:2	dho:1
දෝංකාර	domkara:2	dhonkara:1	donkara:1
දෝණි	doni:2	dhoni:1
දෝන	dona:4	dhona:1
දෝනා	dona:2	dhona:1
දෝමනස්ස	domanassa:2	dhomanassa:1
දෝලන	dolana:2	dholana:1
දෝලනය	dolanaya:2	dholanaya:1
දෝලාව	dolava:2	dholawa:1
දෝශය	dhoshaya:1	dosaya:1	doshaya:1
දෝෂ	dosha:2	dosa:1
දෝෂය	doshaya:2	dosaya:1
දෝෂයක්	doshayak:2	dosayak:1
දෝෂාභියෝග	dosabhiyoga:1	doshabhiyoga:1	doshabiyoga:1
දෝෂාරෝපණ	dosaropana:1	dosharopana:1	dosharopanaya:1
දෝෂාරෝපණය	dosharopanaya:2	dosaropanaya:1
දෝෂාරෝපණයට	dhosharopanayata:1	dosaropanayata:1	dosharopanayata:1
දෝස	dosa:2	dhosa:1
ධජ	dhaja:2	daja:1
ධජය	dhajaya:3	dajaya:1
ධජයක්	dhajayak:2	dajayak:1
ධජයේ	dhajaye:2	dajaye:1
ධන	dhana:2	dana:1
ධනංජය	dananjaya:1	dhanamjaya:1	dhananjaya:1
ධනපති	danapati:1	dhanapathi:1	dhanapati:1
ධනය	dhanaya:2	danaya:1
ධනයක්	dhanayak:2	danayak:1
ධනයට	dhanayata:2	danayata:1
ධනයද	dhanayada:2	danayada:1
ධනයෙන්	dhanayen:2	danayen:1
ධනවත්	danawath:1	dhanavat:1	dhanavath:1
ධනවත්ම	dhanavathma:2	danawathma:1
ධනවතුන්	dhanavathun:2	danawathun:1
ධනවතෙකු	dhanavatheku:2	danawatheku:1
ධනවාදය	dhanavadaya:2	danawadaya:1
ධනවාදයේ	dhanavadaye:2	danawadaye:1	danawadhaye:1
ධනවාදී	dhanavadi:2	danawadi:1
ධනසිරි	dhanasiri:2	danasiri:1
ධනාත්මක	dhanatmaka:2	danathmaka:1
ධනාත්මකව	dhanatmakava:2	danathmakawa:1
ධනූ	dhanu:3	danu:1
ධනේෂ්	dhanesh:2	danesh:1	dhanes:1
ධනේෂ්වර	dhaneshvara:1	dhaneshwara:1	dhanesvara:1
ධමනි	dhamani:3
ධමනිය	dhamaniya:3
ධමනියේ	dhamaniye:3
ධම්ම	dhamma:3	damma:1
ධම්මචක්කපවත්තන	dhammachakkapawaththana:2	dhammacakkapavattana:1
ධම්මපදයෙහි	dhammapadayehi:2	dhammapadhayehi:1
ධම්මවිචය	dhammawichaya:2	dammavichaya:1	dhammavicaya:1
ධම්මානන්ද	dhammananda:2	dammananda:1	dhammanandha:1
ධම්මානුපස්සනා	dhammanupassana:3	dammanupassana:1
ධම්මානුපස්සනාව	dhammanupassanawa:2	dammanupassanawa:1	dhammanupassanava:1
ධම්මාලංකාර	dhammalankara:3	dammalankara:1
ධම්මාවාස	dhammawasa:2	dammawasa:1	dhammavasa:1
ධම්මික	dhammika:3	dammika:1
ධම්මිකා	dhammika:3	dammika:1
ධම්මෙ	dhamme:3
ධර්ගා	dharga:3	darga:1
ධර්ම	dharma:3	darma:1
ධර්මකීර්ති	darmakirthi:1	dharmakeerthi:1	dharmakirthi:1	dharmakirti:1
ධර්මතාවයකි	dharmatavayaki:1	dharmathavayaki:1	dharmathawayaki:1
ධර්මතාවයන්	darmathawayan:1	dharmatavayan:1	dharmathavayan:1	dharmathawayan:1
ධර්මදාස	dharmadasa:3
ධර්මදූත	darmadutha:2	dharmadutha:2	dharmaduta:1
ධර්මප්‍රිය	dharmapriya:3
ධර්මපාල	dharmapala:3	darmapala:1
ධර්මපාලගේ	dharmapalage:3	darmapalage:1
ධර්මපාලතුමා	dharmapalathuma:2	dharmapalatuma:1
ධර්මය	dharmaya:3
ධර්මයක්	dharmayak:3
ධර්මයකි	dharmayaki:3
ධර්මයට	dharmayata:3
ධර්මයන්	dharmayan:3
ධර්මයන්ගෙන්	dharmayangen:3
ධර්මයන්ගේ	dharmayange:3
ධර්මයන්ට	dharmayanta:3
ධර්මයෙන්	dharmayen:3
ධර්මයෙහි	dharmayehi:3
ධර්මයේ	dharmaye:3
ධර්මයෝ	dharmayo:3
ධර්මරත්න	dharmarathna:2	dharmaratna:1
ධර්මරාජ	dharmaraja:3
ධර්මවර්ධන	dharmavardhana:1	dharmawardana:1	dhrmavardhana:1
ධර්මවලට	dharmavalata:2	dharmawalata:1
ධර්මශාලා	dharmashala:2	dharmasala:1
ධර්මසිරි	dharmasiri:3
ධර්මසේන	dharmasena:3	darmasena:1
ධර්මානුකූල	dharmanukula:3
ධර්මාශෝක	dharmashoka:3
ධර්‍ම	dharma:2	dhamma:1
ධර්‍මයෝ	dharmayo:2	dhammayo:1
ධවල	dhawala:2	dhavala:2	dawala:1
ධ්වනි	dhvani:2	dwani:1
ධ්වනිය	dhvaniya:2	dwaniya:1
ධ්‍යාන	dhyana:2	dyana:1
ධ්‍යානය	dhyanaya:2	dyanaya:1
ධ්‍යානලාභී	dhyanalabhi:2	dyanalabhee:1
ධාතු	dhathu:2	dhatu:1
ධාතුන්	dhathun:2	dhatun:1
ධාතුව	dhathuwa:8	dhathuva:1	dhatuva:1
ධාතුවට	dhathuvata:1	dhathuwata:1	dhatuvata:1
ධාතුවේ	dhathuve:1	dhathuwe:1	dhatuve:1
ධාතුසේන	dhathusena:3	dhatusena:1
ධාතූන්	dhathun:2	dhathune:1	dhatune:1
ධාන	dhana:3
ධාන්‍ය	dhanya:3
ධාන්‍යයෙන්	dhanyayen:3
ධාර	dhara:3
ධාරක	dharaka:3
ධාරකයා	dharakaya:3
ධාරකයෙකු	dharakayeku:3
ධාරණ	dharana:3
ධාරණය	dharanaya:3
ධාරණාව	dharanava:2	dharanawa:1
ධාර්මික	dharmika:3
ධාර්මිකව	dharmikava:2	dharmikawa:1
ධාරා	dhara:3	dharaa:1
ධාරාව	dharawa:4	dharava:2
ධාරාවක	dharavaka:2	dharawaka:1
ධාරාවක්	dharawak:3	dharavak:2
ධාරාවට	dharavata:2	dharawata:1
ධාරාවන්	dharavan:2	dharawan:1
ධාරාවෙන්	dharaven:2	dharawen:1
ධාරාවේ	dharave:2	dharawe:1
ධාරිත්‍රක	dharithraka:2	dharitraka:1
ධාරිත්‍රකය	dharithrakaya:2	dharitrakaya:1
ධාරිත්‍රකයක්	dharitrakayak:2	dharithrakayak:1
ධාරිත්‍රකයේ	dharithrakaye:2	dharitrakaye:1
ධාරිත්‍රකවල	dharithrakavala:1	dharithrakawala:1	dharitrakavala:1
ධාරිතාව	dharitava:1	dharithava:1	dharithawa:1
ධාරිතාවක්	dharitavak:1	dharithavak:1	dharithawak:1
ධාරිතාවකින්	dharithavakin:2	dharithawakin:1
ධාරිතාවයෙන්	dharithavayen:2	dharithawayen:1
ධාවක	dhavaka:2	dhawaka:1
ධාවකය	dhavakaya:2	dhawakaya:1
ධාවන	dhavana:2	dhawana:1
ධාවනය	dhavanaya:2	dhawanaya:1
ධාවනයට	dhavanayata:2	dhawanayata:1
ධාවනයේ	dhavanaye:2	dhawanaye:1
ධාවනයේදී	dhavanayedi:2	dhawanayedhi:1	dhawanayedi:1
ධි	dhi:3
ධීවර	dhivara:2	dhiwara:1
ධුර	dhura:3
ධුරය	dhuraya:3
ධුරයට	dhurayata:3
ධුරයෙන්	dhurayen:3
ධුසර	dhusara:3
ධූම	dhuma:3
ධූමකේතුව	dhumakethuva:2	dhumakethuwa:1	dhumaketuwa:1
ධූර	dhoora:2	dhura:3
ධූරය	dhuraya:3
ධූරයට	dhurayata:3
ධූරයෙන්	dhurayen:3
ධූරාවලියේ	dhuravaliye:2	dhurawaliye:1
ධූලක	dhulaka:3
ධූලි	dhuli:3
ධෛර්යමත්	dhairyamat:2	dhairyamath:1	dhayramath:1
ධෛර්යය	dhairyaya:3
ධෛර්යසම්පන්න	dhairyasampanna:3
න	na:3
නං	nan:2	nam:1
නංගි	nangi:2	namgi:1
නංගියෙ	nangiye:2	namgiye:1
නංවන	nanvana:3
නංවන්නේ	nanvanne:3
නංවනු	nanvanu:3
නංවයි	nanvayi:2	nanvala:1
නංවා	nanwa:2	nanva:3
නංවාලීම	nanvalima:3
නකල්ස්	nakals:2	knuckles:1
නක්ෂත්‍ර	naksatra:2	nakshathra:1	nakshatra:1
නඛා	nakha:2	nkha:1
නගන	nagana:3
නගයි	nagayi:3
නගර	nagara:3
නගරබද	nagarabada:3
නගරය	nagaraya:3
නගරයක	nagarayaka:3
නගරයකට	nagarayakata:3
නගරයකම	nagarayakama:2	nagarakma:1
නගරයක්	nagarayak:3
නගරයකි	nagarayaki:3
නගරයට	nagarayata:3
නගරයද	nagarayada:3
නගරයන්	nagarayan:3
නගරයන්හි	nagarayanhi:3
නගරයම	nagarayama:3
නගරයයි	nagarayayi:3
නගරයෙන්	nagarayen:3
නගරයෙහි	nagarayehi:3
නගරයේ	nagaraye:3
නගරයේදී	nagarayedi:3
නගරවල	nagaravala:3
නගරවලට	nagaravalata:3
නගර්	nagar:3
නගරාධිපති	nagaradhipathi:2	nagaradhipati:1
නගරාන්තර	nagaranthara:2	nagarantara:1
නග්න	nagna:3
නගා	naga:3
නගාසිටුවීමට	nagasituvimata:3
නගින	nagina:3
නගින්නට	naginnata:3
නගින්නන්	naginnan:3
නගිමින්	nagimin:3
නගියි	nagiyi:3
නගී	nagi:3
නඟන	nangana:2	nagana:1
නඟමින්	nangamin:3	nanghamin:1
නඟර	nangara:3
නඟරයේ	nangaraye:2	nangharaye:1
නඟා	naga:1	nagaa:1	nanga:1	nangha:1
නච	nacha:2	naca:1
නටන	natana:3
නටන්නේ	natanne:3
නටනු	natanu:3
නටබුන්	natabun:3
නටඹුන්	natambun:2	natabun:1
නටරාජා	nataraja:3
නට්‍ය	natya:3
නටා	nata:3
නටාෂා	natasa:2	natasha:2
නටුව	natuva:3	natuwa:1
නටුවේ	natuve:3	natuwe:1
නඩත්තු	nadaththu:5	nadattu:2
නඩත්තුව	nadattuva:2	nadaththuva:1	nadaththuwa:1
නඩු	nadu:3
නඩුව	naduwa:2	naduva:3
නඩුවක	naduvaka:3	naduwaka:1
නඩුවක්	naduvak:3	naduwak:1
නඩුවට	naduvata:3	naduwata:1
නඩුවිභාගය	naduvibhagaya:2	nadhuwibhaga:1	naduwibaha:1	naduwibhagaya:1
නඩුවේ	naduwe:2	naduve:2	nadhuwe:1
නඩේසන්	nadesan:3
නතර	nathara:2	natara:1
නතරවී	natharavi:2	natharawi:2
නත්තල	naththala:3
නත්තල්	naththal:3
නතු	nathu:2	natu:1
නතුව	natuva:2	nathuva:1	nathuwa:1
නද	nada:3
නදිය	nadiya:3
නදියෙන්	nadiyen:3
නදියේ	nadiye:3
නදී	nadi:3
නදීකා	nadika:3
නදීරා	nadira:3	nadeeraa:1
නදීශාන්	nadisan:2	nadeeshan:1	nadishan:1
නන්	nan:2	none:1
නන්ද	nanda:3
නන්දන	nandana:3
නන්දලාල්	nandalal:2	nandalaal:1
නන්දසිරි	nandasiri:3
නන්දසේන	nandasena:3
නන්දා	nanda:3	nandha:1
නන්දි	nandi:3
නන්නාඳුනන	nannandunana:2	nannadunana:1
නපුරු	napuru:3
නබි	nabi:3
නබිතුමා	nabituma:2	nabithuma:1
නබිතුමාගේ	nabitumage:2	nabithumage:1
නම	nama:3
නමකගේ	namakage:3
නමක්	namak:3
නමක්වත්	namakvat:2	namakvath:1	namakwath:1
නමකි	namaki:3
නමට	namata:3
නමද	namada:3
නමදින	namadina:3
නමදිමි	namadimi:3
නමදිමු	namadimu:3
නමන	namana:3
නමම	namama:3
නමය	namaya:3
නමයි	namai:1	namayi:1	nmayi:1
නමයේ	namaye:3
නමවන	namavana:2	namawana:2
නමස්කාර	namaskara:3	namaskaara:1
නමස්කාරය	namaskaraya:3
නම්	nam:3
නම්කර	namkara:3
නම්කරන	namkarana:3
නම්කල	namkala:3
නම්කළ	namkala:3
නම්කොට	namkota:3
නම්ද	namda:3
නම්බුනාම	nambunama:3
නම්වර	namvara:3	namwara:1
නම්වලින්	namvalin:3	namwalin:1
නම්වූ	namvu:3	namwu:1
නම්වේ	namwe:2	namve:3
නම්‍ය	namya:3
නම්‍යතාවය	namyatavaya:2	namyathavaya:1	namyathawaya:1
නම්‍යශීලිත්වය	namyasilitvaya:2	namyashilithvaya:1	namyasilithvaya:1	namyasilithwaya:1
නම්‍යශීලී	namyasili:3	namyashili:1
නමා	nama:3
නමි	nami:3
නමින්	namin:3
නමින්ද	naminda:3
නමින්ම	naminma:3
නමිනි	namini:3
නමුණුකුල	namunukula:3
නමුත්	namuth:85	namut:2
නමුදු	namudu:3
නමෙන්	namen:3
නමෙහි	namehi:3
නමෝ	namo:3
නයනතාරා	nayanatara:1	nayanathara:1	nayantara:1
නයි	nai:3	nayi:3
නයිගල	nayigala:2	naygala:1
නයිජර්	naijar:2	nayijar:2
නයිජීරියානු	nayijiriyanu:2	nigerianu:1
නයිජීරියාව	nayijiriyava:3	nayijiriyawa:1	nigeriava:1
නයිජීරියාවට	nayijiriyavata:3	nayijiriyawata:1	nigeriavata:1
නයිට්	nayit:2	night:1
නයිට්රජන්	nayitrajan:2	nitrogen:1
නයිට්‍රජන්	nayitrajan:2	nitrogen:2
නයිට්‍රස්	nayitras:2	nitrous:1
නයිට්‍රික්	nitric:2	nayitrik:2
නයිට්‍රේට	nayitreta:2	nitrate:1
නයිනතිව්	nainathiw:1	nainativu:1	nayinathiv:1	nayinathiw:1
නයිල්	nile:3
නයෝමි	nayomi:3
නරක	naraka:3
නරකක්	narakak:3
නරකයෙහි	narakayehi:3
නරක්	narak:3
නරකාදියට	narakadiyata:3
නරකාදියේ	narakadiye:3
නරඹන්න	narambanna:3
නරඹන්නන්	narambannan:3
නරඹන්නාගේ	narambannage:3
නරඹන්නාට	narambannata:3
නරඹන්නෝ	narambanno:3
නරඹමින්	narambamin:3
නරඹා	naramba:3
නරසිංහ	narasimha:2	narasinha:1
නර්තන	narthana:6	nartana:2
නර්තනය	nartanaya:2	narthanaya:1
නර්තනයක්	nartanayak:2	narthanayak:1
නර්තනයකි	nartanayaki:2	narthanayaki:1
නර්තනයන්	narthanayan:2	nartanayan:1
නර්තනයෙහි	narthanayehi:2	nartanayehi:1
නර්තනයේ	narthanaye:2	nartanaye:1
නර්ථන	narthana:3
නර්මදා	narmada:3
නරි	nari:3
නරේන්ද්‍ර	narendra:3
නරේන්ද්‍රසිංහ	narendrasinha:2	narendrasinghe:1
නල	nala:3
නලය	nalaya:3
නලයක්	nalayak:3
නලල්	nalal:3
නලාව	nalava:3
නලින්	nalin:3
නලියන	naliyana:3
නව	nawa:29	nava:3
නවක	navaka:3
නවකතා	navakata:2	navakatha:1
නවකතාකරුවෙකු	navakatakaruveku:2	navakathakaruveku:1
නවකතාව	navakatava:2	navakathava:1
නවකතාවක්	navakatavak:2	navakathavak:1
නවකතාවකි	navakatavaki:2	navakathavaki:1
නවකතාවට	navakatavata:2	navakathavata:1
නවකතාවේ	navakatave:2	navakathave:1
නවකථා	navakatha:3
නවකථාව	navakathava:3
නවකථාවක්	navakathavak:3
නවකථාවේ	navakathave:3
නවගත්තේගම	navagattegama:2	navagaththegama:1
නවගමුව	nawagamuwa:2	navagamuva:1	navagamuwa:1
නවගමුවේ	navagamuve:2	nawagamuwe:1
නවතම	nawathama:4	navatama:1	navathama:1
නවත්වන	navathvana:1	navatvana:1	nawathwana:1
නවත්වන්න	navathvanna:1	navatvanna:1	nawathwanna:1
නවත්වා	navathva:1	navatva:1	nawathwa:1
නවතා	navata:1	navatha:1	nawatha:1
නවතාවය	navatavaya:1	navathavaya:1	nawathawaya:1
නවතින	navathina:1	navatina:1	nawathina:1
නවතිනවා	navathinava:1	navatinava:1	nawathinawa:1
නවතී	navathi:1	navati:1	nawathee:1	nawathi:1
නවනන්දන	nawanandana:2	navanandana:2
නවම්	navam:3
නවමු	navamu:3	nawamu:1
නවය	navaya:2	nawaya:1
නවයක්	navayak:2	nawayak:1
නවයේ	navaye:2	nawaye:1
නවරත්න	navarathna:2	navaratna:1	nawarathna:1
නවවන	navavana:2	nawawana:1
නවශිලා	navashila:1	navasila:1	nawashila:1
නවසිය	navasiya:3
නවසීලන්ත	nawaseelantha:2	navasilanta:2	navasilantha:1
නවසීලන්තය	nawaseelanthaya:5	navasilantaya:2	navasilanthaya:1
නවසීලන්තයෙන්	navasilantayen:2	navasilanthayen:1
නවසීලන්තයේ	navasilantaye:2	navasilanthaye:1
නවසීලන්තයේදී	navasilantayedi:2	navasilanthayedi:1
නව්‍ය	navya:3
නව්‍යකරණය	navyakaranaya:3
නව්‍යකරණයට	navyakaranayata:3
නව්‍යතා	navyata:2	navyatha:1
නවා	nava:3
නවිකරණය	navikaranaya:3	nawikaranaya:1
නවීකරණ	navikarana:3	nawikarana:1
නවීකරණය	navikaranaya:3	nawikaranaya:1
නවීකරණයට	navikaranayata:3	nawikaranayata:1
නවීණ	navina:3
නවීන	naweena:2	navina:3
නවීන්	navin:2	naveen:1
නවෝත්පාදන	navotpadana:2	navothpadana:1	nawothpadana:1
නවෝදයක්	navodayak:3	nawodayak:1
නවෝද්‍යා	navodya:3
නෂ්ටාවශේෂ	nastavasesa:3	nastawasesa:1
නෂ්ඨාවශේෂ	nasthavasesa:2	nastavasesa:1	nasthawasesa:1
නස්න	nasna:3
නසා	nasa:3
නසාගත්	nasagat:2	nasagath:1
නසාගනී	nasagani:3
නසාර්	nasar:3
නහර	nahara:3
නහරින්	naharin:3
නහි	nahi:3
නහී	nahi:3
නහුත	nahuta:2	nahutha:1
නළ	nala:3
නළඟන	nalangana:2	nalagana:1
නළය	nalaya:3
නළල	nalala:3
නළලේ	nalale:3
නළු	nalu:3
නළුනිළියන්	naluniliyan:3
නළුවකු	naluvaku:3
නළුවන්	naluvan:3
නළුවන්ගේ	naluvange:3
නළුවන්ට	naluvanta:3
නළුවා	naluwa:3	naluva:3
නළුවාගේ	naluvage:3
නළුවෙක්	naluvek:3
නළුවෙකි	naluveki:3
නළුවෙකු	naluveku:3
න්	n:3
න්‍යෂ්ටි	nyasti:2	nyashti:1
න්‍යෂ්ටික	nyashtika:4	nyastika:2
න්‍යෂ්ටිය	nyastiya:2	nyashtiya:1
න්‍යෂ්ටියක	nyastiyaka:2	nyashtiyaka:1
න්‍යෂ්ටියක්	nyastiyak:2	nyashtiyak:1
න්‍යෂ්ටියට	nyastiyata:2	nyashtiyata:1
න්‍යෂ්ටියෙහි	nyastiyehi:2	nyashtiyehi:1
න්‍යෂ්ටියේ	nyastiye:2	nyashtiye:1
න්‍යෂ්ටීකරණ	nyastikarana:2	nyashtikarana:1
න්‍යෂ්ටීකරණය	nyastikaranaya:2	nyashtikaranaya:1
න්‍යෂ්ටීන්	nyastin:2	nyashtin:1
න්‍යෂ්ඨික	nyasthika:2	nyashtika:1
න්‍යාය	nyaya:2	niyaya:1
න්‍යායක්	nyayak:3
න්‍යායට	nyayata:3
න්‍යායන්	nyayan:3
න්‍යායන්ට	nyayanta:3
න්‍යායය	nyayaya:3
න්‍යායයන්	nyayayan:3
න්‍යායයි	nyayayi:3
න්‍යායාත්මක	nyayatmaka:2	nyayathmaka:1
න්‍යායාත්මකව	nyayatmakava:3
න්‍යායික	nyayika:3
න්‍යායේ	nyaye:3
නා	na:3
නාඋල	naula:3
නාකන්දල	nakandala:3
නාග	naga:3
නාගයන්	nagayan:3
නාගයා	nagaya:3
නාගයෙක්	nagayek:3
නාගර්ජුන	nagarjuna:3
නාගරික	nagarika:3
නාගරිකව	nagarikava:3
නාගරීක	nagarika:3
නාගරීකරණය	nagarikaranaya:3
නාගවල්ලි	nagavalli:2	nagawalli:1
නාගසේන	nagasena:3
නාගාර්ජුන	nagarjuna:3
නාගොඩ	nagoda:3
නාච්චදූව	naccaduva:1	nachchadhuwa:1	nachchaduwa:1
නාච්චාදූව	naccaduva:1	nachchadhuwa:1	nachchaduwa:1
නාටක	nataka:3
නාටකය	natakaya:3
නාටකයක්	natakayak:3
නාටකයට	natakayata:3
නාටකයේ	natakaye:3
නාටකීය	natakiya:3
නාට්‍ය	natya:3
නාට්‍යමය	natyamaya:3
නාට්‍යම්	natyam:3
නාට්‍යය	natyaya:3
නාට්‍යයක	natyayaka:3
නාට්‍යයක්	natyayak:3
නාට්‍යයකි	natyayaki:3
නාට්‍යයට	natyayata:3
නාට්‍යයන්	natyayan:3
නාට්‍යයෙන්	natyayen:3
නාට්‍යයේ	natyaye:3
නාට්‍යයේද	natyayeda:3
නාට්‍යවල	natyavala:2	natavala:1
නාට්‍යවලට	natyavalata:3
නාට්‍යානුසාරයෙන්	natyanusarayen:3
නාඩගම	nadagama:3
නාඩගම්	nadagam:3
නාඩි	nadi:3
නාඩු	nadu:3
නාථ	natha:3
නාද	nada:3
නාදය	nadaya:3
නාදයට	nadayata:3
නාදයත්	nadayat:2	nadayath:1
නාදයන්	nadayan:3
නාදයෙන්	nadayen:3
නාදේ	nade:3
නාන	nana:3
නානා	nana:3
නානාප්‍රකාර	nanaprakara:3
නානායක්කාර	nanayakkara:3
නානාවිධ	nanavidha:3
නානු	nanu:3
නාභි	nabhi:3	nabi:1
නාභිගත	nabhigatha:2	nabhigata:1
නාභිය	nabhiya:3
නාභියේ	nabhiye:2	naabhiye:1	nabiye:1
නාභීය	nabhiya:2	naabheeya:1	nabeeya:1
නාම	nama:3	naama:1
නාමකරණ	namakarana:3	naamakarana:1
නාමකරණය	namakaranaya:3	naamakaranaya:1
නාමය	namaya:3	naamaya:1
නාමයක්	namayak:3	naamayak:1
නාමයකි	namayaki:3
නාමයකින්	namayakin:3	naamayakin:1
නාමයට	namayata:3	naamayata:1
නාමයත්	namayath:2	naamayath:1	namayat:1
නාමයද	namayada:3	naamayada:1
නාමයන්	namayan:3	naamayan:1
නාමයන්ට	namayanta:3	naamayanta:1
නාමයම	namayama:3
නාමයයි	namayayi:2	namayai:1
නාමයෙන්	namayen:3
නාමයෙනි	namayeni:3	naamayeni:1
නාමයෙහි	namayehi:3	naamayehi:1
නාමයේ	namaye:3	naamaye:1
නාමයෝජනා	namayojana:3
නාමරූප	namarupa:5	naamaroopa:1	namaroopa:1
නාමල්	namal:3	naamal:1
නාමල්ගේ	namalge:3
නාමවලින්	namavalin:2	naamawalin:1	namawalin:1
නාම්	nam:3	naam:1
නාමාවලි	namavali:2	naamawali:1	namawali:1
නාමාවලිය	namawaliya:4	namavaliya:2	naamawaliya:1
නාමාවලියක්	namavaliyak:2	naamawaliyak:1	namawaliyak:1
නාමාවලියේ	namavaliye:2	naamawaliye:1	namawaliye:1
නාමික	namika:3	naamika:1
නාමිකව	namikava:2	namikawa:1
නාමෙට	nameta:3
නාය	naya:3	naaya:1
නායක	nayaka:3
නායකත්ව	nayakathva:1	nayakathwa:1	nayakatva:1
නායකත්වය	nayakathwaya:4	nayakathvaya:1	nayakatvaya:1
නායකත්වයක්	nayakathvayak:1	nayakathwayak:1	nayakatvayak:1
නායකත්වයට	nayakathvayata:1	nayakathwayata:1	nayakatvayata:1
නායකත්වයෙන්	nayakathvayen:1	nayakathwayen:1	nayakatvayen:1
නායකත්වයේ	nayakathvaye:1	nayakathwaye:1	nayakatvaye:1
නායකයකු	nayakayaku:3
නායකයන්	nayakayan:3
නායකයන්ට	nayakayanta:3
නායකයා	nayakaya:3
නායකයාට	nayakayata:3
නායකයින්	nayakayin:3	nayakain:1
නායකයෙක්	nayakayek:3
නායකයෙක්ද	nayakayekda:3	nayakayekdha:1
නායකයෙකි	nayakayeki:3
නායකයෙකු	nayakayeku:3
නායකයෙකුට	nayakayekuta:3
නායකයෝ	nayakayo:3
නායකවරයා	nayakavaraya:2	nayakawaraya:1
නායක්	nayak:3	naayak:1
නායක්කර්	nayakkar:3	naayakkar:1
නායක්කාරවරු	nayakkaravaru:2	naayakkarawaru:1	nayakkarawaru:1
නායයාම	nayayama:3
නායි	nayi:2	naai:1	naay:1
නායිකා	nayika:2	naaika:1	naika:1
නායිකාව	nayikava:2	naaikawa:1	naikawa:1
නාරද	narada:3	naaradha:1
නාරම්මල	narammala:3
නාරායන්	narayan:3
නාරාහේන්පිට	narahenpita:3
නාරි	nari:3	naari:1
නාල	nala:3	naala:1
නාලක	nalaka:3	naalaka:1
නාලන්ද	nalanda:3
නාලන්දා	nalanda:2	nalandawa:1
නාලය	nalaya:3
නාලිකා	nalika:4	naalika:1
නාලිකාව	nalikava:2	naalikawa:1	nalikawa:1
නාලිකාවක්	nalikavak:2	nalikawak:1
නාලිකාවකි	nalikavaki:2	nalikawaki:1
නාලිකාවල	nalikavala:2	naalikawala:1	nalikawala:1
නාලිකාවේ	nalikave:2	nalikawe:1
නාවන	navana:2	nawana:1
නාවල	navala:3	nawala:1
නාවලපිටිය	navalapitiya:3	nawalapitiya:1
නාවික	nawika:4	navika:3
නාවිකයන්	navikayan:3
නාවුක	navuka:3
නාශක	nasaka:2	nashaka:2
නාශකයක්	nasakayak:2	nashakayak:2
නාශකයන්	nasakayan:2	nashakayan:2
නාසය	nasaya:3
නාසයට	nasayata:3
නාසයෙන්	nasayen:3
නාසයේ	nasaye:3
නාස්	nas:3
නාස්ති	nasti:2	nasthi:1
නාස්තිය	nastiya:2	nasthiya:1
නාස්තියක්	nastiyak:2	nasthiyak:1
නාසා	nasa:3
නාසි	nasi:2	nazi:1
නාසිවාදය	nasivadaya:3
නාහිමි	nahimi:3
නාහිමිපාණෝ	nahimipano:3
නාහිමියන්	nahimiyan:3
නාළිකාව	nalikava:3
නාළිකාවෙන්	nalikaven:3
නාළිකාවේ	nalikawe:2	nalikave:3
නැඟූ	naghoo:1	naghu:1	nagoo:1
නැතැයි	nathai:2	nathay:2	nethay:1
නැදුන්ගමුව	nadungamuwa:3	nedungamuwa:1
නැනෝ	nano:3	naano:1
නැපෝලියන්	napoleon:2	napoliyan:1
නැමි	name:1	nami:1	namy:1
නැඹුරුව	nabhuruwa:1	naburuwa:1	namburuwa:1
නැඹුරුවක්	nabhuruwak:1	naburuwak:1	namburuwak:1
නැව	naeva:1	naewa:1	nava:1	nawa:1
නැවැත්වීම	naevaethvima:1	nawathveema:1	nawathweema:1
නැවැත්වීමට	naevaethvimata:1	nawathveemata:1	nawathweemata:1
නැවැත්වූ	naevaethvu:1	nawathvu:1	nawathwu:1
නැවී	naevi:1	navee:1	nawee:1
නැවීම	naevima:1	naveema:1	naweema:1
නැවුම්	naevum:1	navum:1	nawum:1
නැවෙන්	naeven:2	nawen:1
නැවෙහි	naevehi:2	navehi:1	nawehi:1
නැවේ	naeve:2	nave:1	nawe:1
නැසී	naesi:2	nasee:1
නැසීගිය	naesigiya:2	nasigiya:1
නැසීම	naesima:2	naeseema:1	nasima:1
නැසීමේ	naesime:2	naseeme:1	nasime:1
නැහැ	neha:3	naeha:1	naehae:1	nahe:1
නැහැවීම	naehaevima:1	naehaweema:1	nahaweema:1
නෑ	nae:2	naa:1
නෑකම්	naekam:2	nakam:1	nekam:1
නෑදෑයින්	nadaiyn:1	naedaeyin:1	naedain:1	naedayin:1
නෑනේ	naene:2	nane:1
නෑනෝ	naeno:2	nano:1
නෑම	naema:2	naama:1	neema:1
නික	nika:2	nikan:1
නිකංම	nikanma:2	nikamma:1
නිකට	nikata:3
නිකමට	nikamata:3
නිකම්	nikam:3
නිකරගුවා	nikaraguva:2	nicaragua:1
නිකරුණේ	nikarune:3
නිකලස්	nicholas:1	nicolas:1	nikalas:1
නිකල්	nickel:2	nikal:1	nikel:1
නිකවැරටිය	nikaweratiya:2	nikavaeratiya:1
නික්	nik:2	nick:1
නික්ම	nikma:3
නික්මයාම	nikmayama:3
නික්මී	nikmi:3
නික්මුණු	nikmunu:3
නික්මෙන	nikmena:3
නික්සන්	niksan:1	nikson:1	nixon:1
නිකාය	nikaya:3
නිකායක්	nikayak:3
නිකායට	nikayata:3
නිකායන්	nikayan:3
නිකායන්ට	nikayanta:3
නිකායන්හි	nikayanhi:3
නිකායයන්	nikayayan:3
නිකායික	nikayika:3
නිකායෙහි	nikayehi:3
නිකායේ	nikaye:3
නිකිතා	nikita:2	nikitha:1
නිකී	niki:2	nicky:1
නිකුත්	nikuth:15	nikut:2
නිකුත්කර	nikutkara:2	nikuthkara:1
නිකුත්කල	nikutkala:2	nikuthkala:1
නිකුත්වන	nikutvana:2	nikuthvana:1
නිකුත්වීම	nikutvima:2	nikuthvima:1
නිකුතු	nikutu:2	nikuthu:1
නිකුතුව	nikutuva:2	nikuthuva:1
නිකුතුවක්	nikuthuvak:1	nikutuvak:1	nikutuwak:1
නිකුතුවට	nikutuvata:2	nikuthuvata:1
නිකුතුවයි	nikutuvayi:2	nikuthuvayi:1
නිකුතුවේ	nikutuve:2	nikuthuve:1
නිකේතන	nikethana:2	niketana:1
නිකේතනය	nikethanaya:2	niketanaya:1
නිකේතනයට	nikethanayata:2	niketanayata:1
නිකේතනයේ	niketanaye:1	nikethanaya:1	nikethanaye:1
නිකොටින්	nikotin:2	nichotin:1	nicotine:1
නිකොලස්	nicholas:2	nikolas:1
නිකොලා	nikola:2	nichola:1	nicola:1
නිඛිල	nikila:2	nikhila:1
නිඛිලයකි	nikilayaki:2	nikhilayaki:1
නිගණ්ඨ	niganta:2	niganda:1	nigandha:1	nigantha:1
නිගමන	nigamana:3
නිගමනය	nigamanaya:3
නිගමනයකට	nigamanayakata:3
නිගමනයක්	nigamanayak:3
නිගමනයට	nigamanayata:3
නිගමනයන්	nigamanayan:3
නිගමනවලට	nigamanavalata:2	nigamanawalata:1
නිගම්	nigam:3
නිජ	nija:3
නිජබිම	nijabima:3
නිට්ටාවට	nittavata:2	nittawata:1	nitthawata:1
නිතර	nithara:2	nitara:1
නිතරඟයෙන්	nitarangayen:1	nitharagayen:1	nitharangayen:1
නිතරම	nitharama:2	nitarama:1
නිත්‍ය	nithya:2	nitya:1
නිත්‍යා	nithya:2	nitya:1
නිත්‍යානුකූල	nithyanukula:2	nityanukula:1
නිති	nithi:2	niti:2
නිතිමය	nithimaya:2	nitimaya:1
නිතිය	nitiya:2	nithiya:1
නිතොර	nithora:2	nitora:2
නිද	nida:3
නිදන	nidana:3
නිදන්	nidan:2	didan:1
නිදන්ගත	nidangatha:2	nidangata:1
නිදර්ශක	nidarshaka:2	nidarsaka:1
නිදර්ශන	nidarshana:2	nidarsana:1
නිදර්ශනය	nidarshanaya:2	nidarsanaya:1
නිදර්ශනයක්	nidarshanayak:2	nidarsanayak:1
නිදසුන	nidasuna:3
නිදසුනක්	nidasunak:3
නිදසුනකි	nidasunaki:3	nidhasunaki:1
නිදසුන්	nidasun:3	nidhasun:1
නිදහස	nidahasa:3
නිදහසක්	nidahasak:3
නිදහසට	nidahasata:3
නිදහස්	nidahas:3
නිදහස්ව	nidahasva:2	nidahaswa:1
නිදහස්වීමට	nidahasvimata:2	nidahasweemata:1	nidahaswimata:1
නිදහසින්	nidahasin:3
නිදහසෙන්	nidahasen:3
නිදහසේ	nidahase:3
නිද්‍රා	nidra:3
නිද්‍රාකාරක	nidrakaraka:3
නිදා	nida:3	nidha:1
නිදාන	nidana:3
නිදැල්ලේ	nidaelle:1	nidelle:1	nidhelle:1
නිදි	nidi:3
නිදුකාණන්	nidukanan:3
නිදොස්	nidos:3	nidous:1
නිධන්	nidhan:2	nidan:1
නිධානය	nidhanaya:2	nidanaya:1
නිධි	nidhi:3	nidi:1
නිධිවලින්	nidhivalin:2	nidhiwalin:1	nidiwalin:1
නින්ජා	ninja:3
නින්ද	ninda:3
නින්දකට	nindakata:3
නින්දක්	nindak:3
නින්දට	nindata:3
නින්දා	ninda:3
නින්දෙන්	ninden:3
නින්දේ	ninde:3
නින්දේදී	nindedi:3	nindedee:1
නිනෝ	nino:3
නිපත්‍ර	nipathra:2	nipatra:2
නිපද	nipada:3
නිපදවන	nipadavana:2	nipadawana:1
නිපදවන්නන්	nipadavannan:2	nipadawannan:1
නිපදවන්නේ	nipadavanne:2	nipadawanne:1
නිපදවනු	nipadavanu:2	nipadawanu:1
නිපදවමින්	nipadavamin:2	nipadawamin:1
නිපදවයි	nipadavayi:2	nipadawai:1	nipadaway:1
නිපදවා	nipadawa:4	nipadava:2
නිපදවිය	nipadaviya:2	nipadawiya:1
නිපදවීම	nipadavima:2	nipadaweema:1	nipadawima:1
නිපදවීමක්	nipadavimak:2	nipadawimak:1
නිපදවීමට	nipadaweemata:2	nipadavimata:2	nipadawimata:1
නිපදවීමයි	nipadavimayi:2	nipadawimai:1
නිපදවීමේ	nipadavime:2	nipadaweeme:1	nipadawime:1
නිපදවීමේදී	nipadavimedi:2	nipadavimeedi:1	nipadawimedi:1
නිපදවීය	nipadaviya:2	nipadhawiya:1	nipedawiya:1
නිපදවුණු	nipadavunu:2	nipadhawunu:1
නිපදවූ	nipadavu:2	nipadhawu:1
නිපදවෙන	nipadavena:1	nipadawena:1	nipadhawena:1
නිපදවෙයි	nipadaveyi:1	nipadawei:1	nipadawey:1	nipadhawei:1
නිපදවේ	nipadave:1	nipadawe:1	nipadhawe:1
නිපන්	nipan:3
නිපාත	nipata:2	nipatha:2
නිපාතය	nipataya:2	nipathaya:2
නිපුණ	nipuna:3
නිපුණතා	nipunata:2	nipunatha:2
නිපුණතාවය	nipunathawaya:2	nipunatavaya:1
නිපුණතාවයක්	nipunathawayak:2	nipunatavayak:1	nipunatawayak:1
නිපුණතාවයන්	nipunathawayan:2	nipunatavayan:1	nipunatawayan:1
නිපුන	nipuna:3
නිබන්ධන	nibandhana:3	nibandana:1
නිබන්ධනය	nibandhanaya:3
නිබන්ධනයක්	nibandhanayak:3
නිබන්ධනයේ	nibandhanaye:3
නිම	nima:3
නිමකර	nimakara:3
නිමකරන	nimakarana:3
නිමකල	nimakala:3
නිමකළ	nimakala:3
නිමක්	nimak:3
නිමල	nimala:3
නිමල්	nimal:3
නිමවන	nimavana:2	nimawana:1
නිමවා	nimava:2	nimawa:1
නිමවී	nimavi:2	nimawee:1	nimawi:1
නිමවු	nimavu:3
නිමවූ	nimavu:3
නිම්	nim:3	nime:1
නිම්න	nimna:3
නිම්නය	nimnaya:3
නිම්නයේ	nimnaye:3
නිමා	nima:3	nimaa:1
නිමානය	nimanaya:3
නිමාව	nimava:2	nimawa:1
නිමාවක්	nimavak:2	nimawak:1
නිමාවට	nimavata:2	nimawata:1
නිමාවූ	nimavu:3
නිමි	nimi:3
නිමිත්ත	nimiththa:2	nimitta:1	nimittha:1
නිමිත්තකි	nimiththaki:2	nimittaki:1	nimitthaki:1
නිමිත්තෙන්	nimiththen:2	nimitten:1	nimitthen:1
නිමිති	nimithi:2	nimiti:2
නිය	niya:3
නියං	niyan:2	niyam:1	niyang:1
නියඟ	niyanga:3
නියඟය	niyangaya:3
නියඟයක්	niyangayak:3
නියඟයට	niyangayata:3
නියත	niyatha:2	niyata:1
නියතය	niyathaya:2	niyataya:1
නියතයක්	niyathayak:2	niyatayak:1
නියතයන්	niyathayan:2	niyatayan:1
නියතව	niyatava:1	niyathava:1	niyathawa:1
නියන්	niyan:3
නියපොතු	niyapothu:2	niyapotu:1
නියම	niyama:3
නියමකර	niyamakara:3
නියමය	niyamaya:3
නියමයක්	niyamayak:3
නියමයට	niyamayata:3
නියමයන්	niyamayan:3
නියමයන්ට	niyamayanta:3
නියමයෙන්	niyamayen:3
නියමයේ	niyamaye:3
නියම්	niyam:3
නියමාකාර	niyamakara:3
නියමානුකූලව	niyamanukulawa:2	niyamanukoolawa:1	niyamanukulava:1
නියමිත	niyamitha:2	niyamita:1
නියමිතය	niyamithaya:2	niyamitaya:1
නියමිතයි	niyamithai:2	niyamitayi:1
නියමිතව	niyamithawa:2	niyamitava:1
නියමු	niyamu:3
නියමුවන්	niyamuwan:2	niyamuvan:1
නියමුවා	niyamuwa:2	niyamuva:1
නියමුවාගේ	niyamuwage:2	niyamuvage:1
නියාමක	niyamaka:3
නියාමන	niyamana:3
නියාමනය	niyamanaya:3
නියාමනයක්	niyamanayak:3
නියාස්	niyas:2	nias:1
නියැන්ඩර්තාල්	neanderthal:1	niyaendarthal:1	niyaendatale:1	niyaendatarle:1
නියැළී	niyaeli:2	niyaelee:1
නියුක්ත	niyukta:2	niyuktha:2
නියුක්ති	niyukthi:2	niyukti:2
නියුක්තිකයන්ගේ	niykthikayange:1	niyukthikayange:1	niyuktikayange:1
නියුක්තිය	niyuktha:1	niyukthiya:1	niyuktiya:1
නියුක්ලික්	niyuklik:2	nyuclick:1
නියුක්ලියෝටයිඩ	niyukliyotayida:2	nucleotida:1
නියුක්ලියෝන	niyukliyona:3	niyucliyona:1
නියුට්‍රෝන	niyutrona:2	neutrona:1
නියුට්‍රෝනය	niyutronaya:2	neutronaya:1
නියුට්‍රෝනයක්	niyutronayak:2	neutronayak:1
නියුට්‍රෝනවල	niyutronavala:2	neutrona:1
නියුතු	niyuthu:2	niyutu:2
නියුමාන්	niyuman:3	niuman:1
නියුමෝනියා	niyumoniya:2	pneumonia:1
නියුමෝනියාව	niyumoniyava:2	pneumoniyawa:1
නියුරෝන	niyurona:2	neyurona:1	nyrona:1
නියොජනය	niyojanaya:3
නියෝග	niyoga:3
නියෝගය	niyogaya:3
නියෝගයකට	niyogayakata:3
නියෝගයක්	niyogayak:3
නියෝගයේ	niyogaye:3
නියෝගවලට	niyogavalata:3
නියෝජන	niyojana:3
නියෝජනය	niyojanaya:3
නියෝජනයක්	niyojanayak:3
නියෝජනයන්	niyojanayan:3
නියෝජ්‍ය	niyojya:3
නියෝජිත	niyojitha:3	niyojita:2
නියෝජිතයකු	niyojitayaku:2	niyojithayaku:1
නියෝජිතයන්	niyojithayan:4	niyojitayan:2
නියෝජිතයන්ගෙන්	niyojitayangen:2	niyojithayangen:1
නියෝජිතයා	niyojitaya:2	niyojithaya:1
නියෝජිතයින්	niyojitayin:2	niyojithayin:1
නියෝජිතයෙකු	niyojitayeku:2	niyojithayeku:1
නියෝජිතයෝ	niyojitayo:2	niyojithayo:1
නියෝජිතායතන	niyojitayatana:2	niyojithayathana:1
නියෝන්	niyon:2	neon:1
නිරංජන්	niranjan:4
නිරංජලා	niranjala:3
නිරක්ෂය	niraksaya:2	nirakshaya:1
නිරත	niratha:7	nirata:2
නිරතව	niratava:2	nirathava:1
නිරතවන	niratavana:2	nirathavana:1
නිරතවීම	niratavima:2	nirathavima:1
නිරතවීමට	niratavimata:2	nirathavimata:1
නිරතවූ	niratavu:2	nirathavu:1
නිරතවෙමින්	niratavemin:2	nirathavemin:1
නිරතුරු	niraturu:2	nirathuru:1
නිරතුරුව	nirathuruwa:4	niraturuva:2	nirathuruva:1
නිරතුරුවම	niraturuvama:2	nirathuruvama:1
නිරන්තර	niranthara:3	nirantara:2
නිරන්තරයෙන්	nirantharayen:4	nirantarayen:2
නිරන්තරයෙන්ම	nirantarayenma:2	nirantharayenma:1
නිරන්තරව	nirantarava:2	nirantharava:1
නිරපේක්ෂ	nirapeksa:2	nirapeksha:1
නිරය	niraya:3
නිරයට	nirayata:3
නිරයද	nirayada:3
නිරයෙන්	nirayen:3
නිරයෙහි	nirayehi:3
නිරයේ	niraye:3
නිරවද්‍ය	niravadya:2	nirvadya:1
නිරවද්‍යතාව	niravadyatava:2	nirvadyathava:1
නිරවද්‍යතාවය	niravadyatavaya:2	nirvadyathavaya:1
නිරවද්‍යව	niravadyava:2	nrvadyava:1
නිරවුල්	niravul:3
නිර්ජලීය	nirjaliya:3
නිර්ණ	nirna:3
නිර්ණය	nirnaya:3
නිර්ණයට	nirnayata:3
නිර්ණයන්	nirnayan:3
නිර්ණයේදී	nirnayedi:3
නිර්ණායක	nirnayaka:3
නිර්ණායකය	nirnayakaya:3
නිර්ණායකයන්ට	nirnayakayanta:3
නිර්දය	nirdaya:3
නිර්දේශ	nirdesha:3	nirdesa:2
නිර්දේශය	nirdesaya:2	nirdeshaya:1
නිර්දේශයක්	nirdesayak:2	nirdeshayak:1
නිර්දේශයන්	nirdesayan:2	nirdeshayan:1
නිර්දේශයේ	nirdesaye:2	nirdeshaye:1
නිර්දේශිත	nirdesita:2	nirdeshitha:1
නිර්ධන	nirdhana:2	nidhana:1
නිර්බාධවාදය	nirbadhavadaya:3
නිර්භීත	nirbheetha:2	nirbhita:2	nirbhitha:1
නිර්භීතව	nirbhitava:2	nirbhithava:1
නිර්මල	nirmala:3
නිර්මාංශ	nirmansa:2	nirmansha:1
නිර්මාණ	nirmana:3
නිර්මාණකරණ	nirmanakarana:3
නිර්මාණකරණය	nirmanakaranaya:3
නිර්මාණකරණයේ	nirmanakaranaye:3
නිර්මාණකරු	nirmanakaru:3
නිර්මාණකරුවන්	nirmanakaruvan:3
නිර්මාණය	nirmanaya:3
නිර්මාණයක	nirmanayaka:3
නිර්මාණයක්	nirmanayak:3
නිර්මාණයකි	nirmanayaki:3
නිර්මාණයට	nirmanayata:3
නිර්මාණයන්	nirmanayan:3
නිර්මාණයෙන්	nirmanayen:3
නිර්මාණයෙහි	nirmanayehi:3
නිර්මාණයේ	nirmanaye:3
නිර්මාණයේදී	nirmanayedi:3
නිර්මාණවල	nirmanavala:3
නිර්මාණවලට	nirmanavalata:3
නිර්මාණවාදය	nirmanavadaya:3
නිර්මාණශීලී	nirmanasili:2	nirmanashili:1
නිර්මාණශීලීත්වය	nirmanasilitvaya:2	nirmanashilithvaya:1
නිර්මාණාත්මක	nirmanatmaka:2	nirmanathmaka:1
නිර්මාතෘ	nirmatr:2	nirmathru:1
නිර්මාතෘවරයා	nirmatrvaraya:2	nirmatruvaraya:1
නිර්මානය	nirmanaya:3
නිර්මාපක	nirmapaka:3
නිර්මාපකයන්	nirmapakayan:3
නිර්මාපකයා	nirmapakaya:3
නිර්මිත	nirmita:2	nirmitha:1
නිර්මිතය	nirmitaya:2	nirmithaya:1
නිර්මිතයක්	nirmitayak:2	nirmithayak:1
නිර්වචන	nirvacana:2	nirvachana:2
නිර්වචනය	nirwachanaya:3	nirvacanaya:2	nirvachanaya:2
නිර්වචනයක්	nirvacanayak:2	nirvachanayak:2
නිර්වචනයට	nirvacanayata:2	nirvachanayata:2
නිර්වචනයන්	nirvacanayan:2	nirvachanayan:2
නිර්වචනයේ	nirvacanaye:2	nirvachanaye:2
නිර්වස්ත්‍රව	nirvastrava:2	nirvasthrava:1
නිර්වාණ	nirvana:3
නිර්වාණය	nirvanaya:3
නිර්වාණාවබෝධය	nirvanavabodhaya:3
නිර්වාන	nirvana:3
නිර්වායු	nirvayu:3
නිර්වින්දනය	nirvindanaya:3
නිරා	nira:3
නිරාකරණය	nirakaranaya:3
නිරායාසයෙන්ම	nirayasayenma:3
නිරායුධ	nirayudha:2	nirayodha:1
නිරායුධකරණය	nirayudhakaranaya:3
නිරාවරණ	niravarana:2	niravatna:1
නිරාවරණය	nirawaranaya:2	niravaranaya:3
නිරාවරනය	niravaranaya:3
නිරාහාර	nirahara:3
නිරාහාරව	niraharava:3
නිරි	niri:3
නිරික්ෂණ	niriksana:2	nirikshana:1
නිරික්ෂණය	niriksanaya:2	nirikshanaya:1
නිරික්ෂණයට	niriksanayata:2	nirikshanayata:1
නිරිත	niritha:2	nirita:2
නිරිතදිග	niritadiga:2	nirithadiga:1
නිරිඳුන්	nirindun:2	niridun:1
නිරීක්ෂකයන්	niriksakayan:2	nirikshakayan:1
නිරීක්ෂකයින්	niriksakayin:2	nirikshakayin:2
නිරීක්ෂණ	niriksana:2	nirikshana:2
නිරීක්ෂණය	nirikshanaya:3	niriksanaya:2
නිරීක්ෂණයට	niriksanayata:2	nirikshanayata:1
නිරීක්ෂණයන්	niriksanayan:2	nirikshanayan:1
නිරීක්ෂණයෙන්	niriksanayen:2	nirikshanayen:1
නිරීක්ෂණවල	niriksanavala:2	nirikshanavala:2
නිරීක්ෂිත	nireekshitha:3	niriksita:2	nirikshita:1	nirikshitha:1
නිරුක්ති	nirukti:2	nirukthi:1
නිරුද්ධ	niruddha:3
නිරුපණය	nirupanaya:3
නිරුපද්‍රිතව	nirupadritava:2	nirupadrithava:1
නිරුවත්	niruvat:2	niruvath:1
නිරුවත්ව	niruvatva:2	niruvathva:1
නිරූපණ	nirupana:3
නිරූපණය	nirupanaya:3
නිරූපණයක්	nirupanayak:3
නිරූපණයට	nirupanayata:3
නිරූපණයන්	nirupanayan:3
නිරූපණයෙන්	nirupanayen:3
නිරූපණයෙහි	nirupanayehi:3
නිරූපණයේ	nirupanaye:3
නිරූපන	nirupana:3
නිරූපනය	nirupanaya:3
නිරූපමා	nirupama:3
නිරූපිකාවක	nirupikavaka:3
නිරූපිකාවක්	nirupikavak:3
නිරූපිකාවන්	nirupikawan:2	nirupikavan:3
නිරූපිත	nirupitha:5	nirupita:2
නිරෝගි	nirogi:3
නිරෝගී	nirogi:3
නිරෝගීභාවය	nirogibhavaya:3
නිරෝධ	nirodha:3
නිරෝධනය	nirodhanaya:3
නිරෝධය	nirodhaya:3
නිරෝධායන	nirodhayana:3
නිරෝශන්	nirosan:2	niroshan:2
නිරෝෂා	nirosa:2	nirosha:2
නිල	nila:3
නිලංග	nilanga:3
නිලතල	nilatala:2	nilathala:1
නිලධරයන්	niladharayan:3
නිලධාරි	niladhari:3
නිලධාරින්	niladharin:3
නිලධාරින්ට	niladharinta:3
නිලධාරියකු	niladhariyaku:3
නිලධාරියා	niladhariya:3
නිලධාරියාද	niladhariyada:3
නිලධාරියෙක්	niladhariyek:3
නිලධාරියෙකි	niladhariyeki:3
නිලධාරියෙකු	niladhariyeku:3
නිලධාරියෙකුගේ	niladhariyekuge:3
නිලධාරියෙකුට	niladhariyekuta:3
නිලධාරී	niladhari:3
නිලධාරීන්	niladharin:3
නිලධාරීන්ගෙන්	niladharingen:3
නිලධාරීන්ගේ	niladharinge:3
නිලධාරීන්ට	niladharinta:3
නිලධාරීන්ද	niladharinda:3
නිලධාරීහු	niladharihu:3
නිලන්ත	nilantha:2	nilanta:1
නිලන්ති	nilanthi:2	nilanti:1
නිලමේ	nilame:3
නිලමේවරයා	nilamevaraya:3
නිලය	nilaya:3
නිලයක්	nilayak:3
නිලයට	nilayata:3
නිලයෙන්	nilayen:3
නිලවශයෙන්	nilavasayen:2	nilavashayen:1
නිල්	nil:3
නිලාර්	nilar:3
නිලි	nili:3
නිලීන	nilina:3
නිවට	nivata:3
නිවටයන්	nivatayan:3
නිවන	nivana:3
නිවනක්	nivanak:3
නිවනට	nivanata:3
නිවන්	nivan:3
නිවන්නට	nivannata:3
නිවරද	nivarada:3
නිවර්තන	niwarthana:5	nivartana:2	nivarthana:1
නිවර්තනය	niwarthanaya:2	nivartanaya:2	nivarthanaya:1
නිවරුදි	nivarudi:2	nivaeradi:1
නිවස	nivasa:3
නිවසක	nivasaka:3
නිවසකට	nivasakata:3
නිවසකම	nivasakama:3
නිවසක්	nivasak:3
නිවසකින්	nivasakin:3
නිවසට	nivasata:3
නිවසයි	nivasayi:3
නිවස්න	nivasna:3
නිවසින්	nivasin:3
නිවසෙන්	nivasen:3
නිවසෙහි	nivasehi:3
නිවසේ	niwase:3	nivase:3
නිවසේදී	nivasedi:3
නිවසේදීම	nivasedima:3
නිවසේය	nivaseya:3
නිවහන	niwahana:2	nivahana:3
නිවහනක්	nivahanak:3
නිවහන්	nivahan:3
නිව්	new:2	niv:1
නිව්ටන්	newton:2	nivtan:1
නිව්ටන්ගේ	nivtange:2	newtonge:1
නිව්යෝක්	newyork:2	nivyok:1
නිව්යෝර්ක්	newyork:2	nivyork:1
නිව්යෝර්ක්හි	nivyorkhi:2	newyorkhi:1
නිව්ස්	news:2	nivs:1
නිවා	niva:3
නිවාඩු	niwadu:3	nivadu:3
නිවාඩුව	nivaduva:3
නිවාඩුවක්	nivaduvak:3
නිවාරණ	nivarana:3
නිවාරණය	nivaranaya:3
නිවාලන	nivalana:3
නිවාස	niwasa:7	nivasa:3
නිවාසය	nivasaya:3
නිවාසයක්	nivasayak:3
නිවාසයන්හි	nivasayanhi:3
නිවාසයේ	nivasaye:3
නිවාසවල	nivasavala:3
නිවාසාන්තර	nivasantara:2	nivasanthara:1
නිවි	nivi:3
නිවිතිගල	nivithigala:3
නිවීම	nivima:3
නිවීමේ	nivime:3
නිවුටන්	nivutan:2	newton:1
නිවුටන්ගේ	nivutange:2	newtonge:1
නිවුඩු	nivudu:3
නිවුන්	nivun:3
නිවුන්නු	nivunnu:3
නිවුස්	news:1	nivus:1	nuvus:1
නිවෙස	nivesa:3
නිවෙස්	nives:2	niwes:1
නිවෙස්වල	nivesvala:2	niweswala:1
නිවෙසින්	nivesin:2	niwesin:1
නිවේදක	nivedaka:2	niwedaka:1
නිවේදකයකු	nivedakayaku:2	niwedakayeku:1
නිවේදන	nivedana:2	niwedana:1
නිවේදනය	nivedanaya:2	niwedanaya:1
නිවේදනයක්	nivedanayak:2	niwedanayak:1
නිශ්චය	nishchaya:2	niscaya:1
නිශ්චල	nishchala:2	niscala:1
නිශ්චලව	niscalava:1	nishchalava:1	nishchalawa:1
නිශ්චිත	nishchitha:3	niscita:1	nishchita:1
නිශ්චිතව	niscitava:1	nishchitawa:1	nishchithava:1	nishchithawa:1
නිශ්චිතවම	niscitavama:1	nishchitawama:1	nishchithavama:1
නිශ්පාදන	nishpadana:2	nispadana:1
නිශ්පාදනය	nishpadanaya:2	nispadanaya:1
නිශ්පාදනයේ	nishpadanaye:2	nispadanaye:1
නිශ්පාදිත	nishpaditha:2	nishpadita:1	nispadita:1
නිශ්ඵල	nishpahla:1	nishpala:1	nisphala:1
නිශ්ශංක	nishshanka:2	nissamka:1
නිශ්ශංකමල්ල	nishshankamalla:2	nissamkamalla:1
නිශ්ශංකලතා	nishshankalata:1	nishshankalatha:1	nissankalata:1
නිශ්ශබ්ද	nishshabda:2	nissabda:1
නිශා	nisha:2	nisa:1
නිශාචර	nishachara:2	nisacara:1
නිශාන්ත	nishantha:2	nisanta:1	nishanta:1
නිශේධ	nishedha:2	nisedha:1	nisheda:1
නිෂ්ක්‍රීය	nishkriya:2	niskriya:1
නිෂ්චිත	niscita:1	nishchita:1	nishchitha:1
නිෂ්ප්‍රභා	nishprabha:2	nishpraba:1	nisprabha:1
නිෂ්පාදක	nishpadaka:2	nishpadhaka:1	nispadaka:1
නිෂ්පාදකයකු	nishpadakayaku:2	nishphadakayaku:1	nispadakayaku:1
නිෂ්පාදකයන්	nishpadakayan:2	nispadakayan:1
නිෂ්පාදකයා	nishpadakaya:2	nispadakaya:1
නිෂ්පාදකයාගෙන්	nishpadakayagen:1	nishpadakayangen:1	nispadakayagen:1
නිෂ්පාදකයාගේ	nishpadakayage:2	nispadakayage:1
නිෂ්පාදකයින්	nishpadakayin:2	nispadakayin:1
නිෂ්පාදකයෙකු	nishpadakayeku:2	nispadakayeku:1
නිෂ්පාදකයෝ	nishpadakayo:2	nispadakayo:1
නිෂ්පාදකවරයා	nishpadakavaraya:1	nishpadakawaraya:1	nispadakavaraya:1
නිෂ්පාදකවරයෙක්	nishpadakavarayek:1	nishpadakawarayek:1	nispadakavarayek:1
නිෂ්පාදකවරු	nishpadakavaru:1	nishpadakawaru:1	nispadakavaru:1
නිෂ්පාදකවරුන්	nishpadakavarun:1	nishpadakawarun:1	nispadakavarun:1
නිෂ්පාදන	nishpadana:2	nispadana:1
නිෂ්පාදනය	nishpadanaya:2	nispadanaya:1
නිෂ්පාදනයක	nishpadanayaka:2	nispadanayaka:1
නිෂ්පාදනයක්	nishpadanayak:2	nispadanayak:1
නිෂ්පාදනයකි	nishpadanayaki:2	nispadanayaki:1
නිෂ්පාදනයට	nishpadanayata:2	nispadanayata:1
නිෂ්පාදනයත්	nishpadanayath:2	nishpadanayat:1	nispadanayat:1
නිෂ්පාදනයද	nishpadanayada:2	nispadanayada:1
නිෂ්පාදනයන්	nishpadanayan:2	nispadanayan:1
නිෂ්පාදනයන්හි	nishpadanayanhi:2	nispadanayanhi:1
නිෂ්පාදනයයි	nishpadanayai:1	nishpadanayayi:1	nispadanayayi:1
නිෂ්පාදනයෙන්	nishpadanayen:2	nispadanayen:1
නිෂ්පාදනයෙහි	nishpadanayehi:2	nispadanayehi:1
නිෂ්පාදනයේ	nishpadanaye:2	nispadanaye:1
නිෂ්පාදනයේදී	nishpadanayedee:1	nishpadanayedhi:1	nishpadanayedi:1	nispadanayedi:1
නිෂ්පාදනවල	nishpadanavala:1	nishpadanawala:1	nispadanavala:1
නිෂ්පාදනවලට	nishpadanavalata:1	nishpadanawalata:1	nispadanavalata:1
නිෂ්පාදනාගාරය	nishpadanagaraya:2	nispadanagaraya:1
නිෂ්පාදිත	nishpaditha:2	nispadita:1
නිෂ්පාදිතය	nishpadithaya:2	nispaditaya:1
නිෂ්පාදිතයක්	nishpaditayak:1	nishpadithayak:1	nispaditayak:1
නිෂ්පාදිතයන්	nishpaditayan:1	nishpadithayan:1	nispaditayan:1
නිෂ්පාදිතයන්ට	nishpaditayanta:1	nishpadithayanta:1	nispaditayanta:1
නිෂ්පාදිතයේ	nishpadithaye:2	nispaditaye:1
නිෂ්ඵල	nishpala:1	nishphala:1	nisphala:1
නිෂානි	nishani:2	nisani:1
නිෂේධ	nishedha:2	nisedha:1	nisheedha:1
නිෂේධනය	nishedanaya:3	nisedhanaya:1	nishedhanaya:1
නිසංසලා	nisansala:3
නිසග	nisaga:3
නිසඟ	nisaga:2	nisanga:2	nisagha:1
නිසයි	nisayi:2	nisai:1
නිසරු	nisaru:3
නිසල	nisala:3
නිසලව	nisalava:2	nisalawa:1
නිස්සරණ	nissarana:3
නිස්සාරණය	nissaranaya:3
නිසා	nisa:3
නිසාත්	nisath:2	nisat:1
නිසාත්ය	nisathya:2	nisatya:1
නිසාද	nisada:3
නිසාදයත්	nisadayat:2	nisadayath:2
නිසාදෝ	nisado:3	nisadho:1
නිසාම	nisama:3
නිසාමය	nisamaya:3
නිසාය	nisaya:3
නිසායි	nisai:2	nisayi:2	nisay:1
නිසාවත්	nisavat:1	nisavath:1	nisawath:1
නිසාවෙන්	nisaven:2	nisawen:1
නිසාවෙන්ම	nisavenma:2	nisawenma:1
නිසාවෙන්ය	nisavenya:2	nisawenya:1
නිසාවෙනි	nisaweni:2	nisaveni:2
නිසි	nisi:3
නිසියාකාර	nisiyakara:3
නිසියාකාරයෙන්	nisiyakarayen:3
නිසියාකාරව	nisiyakarava:2	nisiyakarawa:1
නිසිලෙස	nisilesa:3
නිසොල්මන්ව	nisolmanva:2	nisolmanwa:1
නිහඩ	nihada:3	nihadha:1
නිහඬ	nihanda:2	nihada:1	nihadha:1
නිහතමානී	nihatamani:2	nihathamani:1
නිහාරිකාව	niharikava:3
නිහාල්	nihal:3
නිහිත	nihita:2	nihitha:1
නිළ	nila:3
නිළධාරි	niladhari:3
නිළධාරින්	niladharin:3
නිළධාරියා	niladhariya:3
නිළධාරියෙකු	niladhariyeku:3
නිළධාරීන්	niladharin:3
නිළධාරීන්ට	niladharinta:3
නිළමේ	nilame:3
නිළි	nili:3
නිළිය	niliya:3
නිළියක	niliyaka:3
නිළියක්	niliyak:3
නිළියකි	niliyaki:3
නිළියන්	niliyan:3
නීග්‍රෝ	nigro:2	negro:1	niggro:1
නීච	nicha:2	nica:1
නීටා	neeta:2	nita:2
නීත්‍යානුකුල	nithyanukula:2	nithgyanukula:1	nityanukula:1
නීත්‍යානුකූල	nithyanukula:2	nithgyanukula:1	nityanukula:1
නීත්‍යානුකූලව	nithgyanukulawa:1	nithyanukulava:1	nithyanukulawa:1	nityanukulava:1
නීත්‍යානූකූල	nithyanukula:2	nithgyanukula:1	nityanukula:1
නීති	neethi:19	nithi:2	niti:2
නීතිගත	nithigatha:2	nitigata:1
නීතිගරුක	nithigaruka:2	nitigaruka:1
නීතිඥ	nithigna:1	nithigya:1	nitignya:1	nitijna:1
නීතිඥයා	nithignaya:1	nitignya:1	nitigya:1	nitijnaya:1
නීතිඥයින්	nithignayin:1	nitignayin:1	nitijnayin:1
නීතිඥයෙකු	nithignayeku:1	nitignayeku:1	nitijnayeku:1
නීතිඥවරයෙක්	nithignavarayek:1	nitignavarayek:1	nitijnavarayek:1
නීතිඥවරයෙකු	nithignavarayeku:1	nitignavarayeku:1	nitijnavarayeku:1
නීතිඥවරුන්	nithignavarun:1	nitignavarun:1	nitijnavarun:1
නීතිපති	nitipati:2	nithipathi:1
නීතිපතිවරයා	nitipativaraya:2	nithipathivaraya:1
නීතිමය	nitimaya:2	nithimaya:1
නීතිය	neethiya:18	nitiya:2	nithiya:1
නීතියක	nitiyaka:2	nithiyaka:1
නීතියක්	nitiyak:2	nithiyak:1
නීතියකි	nitiyaki:2	nithiyaki:1
නීතියට	nitiyata:2	nithiyata:1
නීතියයි	nitiyayi:2	nithiyayi:1
නීතියෙන්	neethiyen:2	nitiyen:2	nithiyen:1
නීතියෙහි	nitiyehi:2	nithiyehi:1
නීතියේ	neethiye:3	nitiye:2	nithiye:1
නීතියේදී	nitiyedi:2	nithiyedi:1
නීතිරීති	nitiriti:4	nithirithi:2
නීතිවලට	nithivalata:1	nithiwalata:1	nitivalata:1	nitiwalata:1
නීතිවිරෝධී	nithivirodhi:1	nithiwirodhi:1	nitivirodhi:1	nitiwirodhi:1
නීතිවේදී	nithivedi:1	nithiwedi:1	nitivedi:1	nitiwedi:1
නීතිවේදීන්	nithivedin:1	nithiwedin:1	nitivedin:1	nitiwedin:1
නීතී	nithi:2	niti:2
නීතීඥ	nithigna:1	nithignya:1	nitigya:1	nitijna:1
නීතීඥයින්	nithignayin:1	nithigyin:1	nitigyin:1	nitijnayin:1
නීතීඥයෙකු	nithignayeku:1	nithigyeku:1	nitigyeku:1	nitijnayeku:1
නීතීන්	nitin:2	niteen:1	nithin:1
නීතීය	nitiya:2	nithiya:1
නීර්ණය	nirnaya:3
නීරෝ	niro:2	nero:1	nyro:1
නීරෝගී	nirogi:3	neerogi:1
නීරෝගේ	niroge:2	neerogi:1	nirogi:1
නීල	nila:3	neela:1
නීල්	nil:3	neel:1
නීවරණ	nivarana:3
නීිතිය	niitiya:2	nithiya:1
නුග	nuga:3
නුගේගොඩ	nugegoda:3
නුතන	nuthana:2	nutana:2
නුතනයේ	nutanaye:2	nuthanaye:1
නුදුර	nudura:3
නුදුරින්	nudurin:3
නුදුරු	nuduru:3
නුපුරුදු	nupurudu:3
නුපුළුවන	nupuluvana:2	nupuluwana:1
නුමුත්	numut:2	numuth:2
නුඹ	numba:3	nuba:1	nubha:1
නුඹලා	numbala:2	nimbala:1	nubala:1	nubhala:1
නුඹලාට	numbalata:3	nubalata:1	nubhalata:1
නුඹේ	numbe:3
නුරුස්නා	nurusna:3
නුරුස්සන	nurussana:3
නුවණ	nuvana:3
නුවණත්	nuvanat:2	nuvanath:1
නුවණින්	nuvanin:3
නුවන	nuvana:3
නුවන්	nuvan:3
නුවනින්	nuvanin:3
නුවර	nuwara:5	nuvara:2
නුවරඑළිය	nuwaraeliya:4	nuvaraeliya:2
නුවරක්	nuvarak:3
නුවරගම්	nuvaragam:3
නුවරට	nuwarata:2	nuvarata:3
නුවරදී	nuwaradi:2	nuvaradi:3
නුවරයි	nuvarayi:2	nuwarai:1	nuwaray:1
නුසුදුසු	nusudusu:3
නුහුරු	nuhuru:3
නූගත්කම	nugathkama:2	nugatkama:2
නූතන	noothana:8	nuthana:2	nutana:1
නූතනත්වය	nutanatvaya:1	nuthanathvaya:1	nuthanathwaya:1
නූතනයේ	nuthanaye:2	nutanaye:1
නූතනවාදය	nutanavadaya:1	nuthanavadaya:1	nuthanawadaya:1
නූතනවාදයේ	nutanavadaye:1	nuthanavadaye:1	nuthanawadaye:1
නූතනවාදී	nutanavadi:1	nuthanavadi:1	nuthanawadhi:1	nuthanawadi:1
නූපදින	nupadina:3
නූපන්	nupan:3	noopan:1
නූලක්	nulak:3	noolak:1
නූල්	nool:2	nul:3
නෘත්‍ය	nrtya:2	nurthya:1
නෘත්‍යශාලා	nrtyasala:2	nurtyashala:1
නෙක්සස්	nexus:2	neksas:1
නෙට්	net:3
නෙට්වර්ක්	network:2	netvark:1
නෙත	neta:2	netha:1
නෙත්	neth:2	net:1
නෙතින්	netin:2	nethin:1
නෙදර්ලන්ත	nedarlanta:1	nedarlantha:1	netherland:1
නෙදර්ලන්තය	nedarlantaya:1	nedharlanthaya:1	netherlanthaya:1
නෙදර්ලන්තයේ	nedarlantaye:1	nedharlanthaye:1	netherlantaye:1	netherlanthaye:1
නෙදා	neda:2	nedha:1
නෙප්චූන්	neptune:2	nepchun:1
නෙමෙයි	nemei:2	nemeyi:1
නෙමේ	neme:3
නෙරංජන්	neramjan:1	nerangjan:1	neranjan:1
නෙරපන	nerapana:3
නෙරපනු	nerapanu:2	nerapuna:1
නෙරපා	nerapa:3
නෙරපීම	nerapima:3
නෙරපීමේ	nerapime:3
නෙරපූ	nerapu:3
නෙරා	nera:3
නෙරුම්	nerum:3
නෙලන	nelana:3
නෙල්සන්	nelson:2	nelsan:1
නෙලා	nela:3
නෙලිය	neliya:3
නෙලීම	nelima:3
නෙලීමෙන්	nelimen:3
නෙලුම්	nelum:3
නෙවයි	nevayi:2	newaei:1	newei:1
නෙවිල්	nevil:3
නෙවෙයි	neveyi:2	newaei:1	newei:1
නෙස්ලේ	nestle:3
නෙළන	nelana:3
නෙළනා	nelana:3
නෙළා	nela:3
නෙළාගත	nelagata:2	nelagatha:1
නෙළීම	nelima:3
නෙළුම්	nelum:3
නෙළුව	neluva:2	neluwa:1
නේ	ne:3
නේක	neka:3
නේටෝ	nato:2	neto:1
නේත්‍ර	netra:2	nethra:1
නේද	neda:3
නේපාල	nepala:2	nepal:1
නේපාලය	nepalaya:3
නේපාලයේ	nepalaye:3
නේරු	neru:2	nehru:1
නේවාසික	newasika:4	nevasika:3
නේවාසිකාගාර	nevasikagara:3
නේවාසිකාගාරය	nevasikagaraya:3
නේවාසිකාගාරයේ	nevasikagaraye:3
නේෂන්ස්	nations:2	nesans:1
නේහා	neha:3
නෛතික	naithika:2	naitika:2
නෛතිකමය	naitikamaya:2	naithikamaya:1
නෛතිකව	naithikava:1	naitikava:1	naitikawa:1
නෛසර්ගික	naisargika:3	naysargika:1
නො	no:3
නොඅඩු	noadu:3
නොඅඩුව	noaduva:2	noaduwa:1
නොඅනුමාන	noanumana:3
නොඉක්මවන	noikmavana:2	noikmawana:1
නොඉඳුල්	noindul:2	niindul:1
නොඉවසන	noivasana:2	noiwasana:1
නොඋස්	nous:3	nousse:1
නොඑසේ	noese:2	noease:1
නොඑසේනම්	noesenam:2	noeasenam:1
නොකඩවා	nokadava:2	nokadawa:1
නොකර	nokara:3
නොකරති	nokarati:2	nokarathi:1
නොකරන	nokarana:3
නොකරන්න	nokaranna:3
නොකරන්නා	nokaranna:3
නොකරන්නෙමු	nokarannemu:3
නොකරන්නේ	nokaranne:3
නොකරනු	nokaranu:3
නොකරමින්	nokaramin:3
නොකරයි	nokarai:4	nokarayi:3
නොකරව්	nokarav:3
නොකල	nokala:3
නොකලත්	nokalat:2	nokalath:1
නොකලද	nokalada:3
නොකලහොත්	nokalahot:2	nokalahoth:1
නොකලේ	nokale:3
නොකලොත්	nokalot:2	nokaloth:1
නොකළ	nokala:3
නොකළහ	nokalaha:3
නොකළහොත්	nokalahot:2	nokalahoth:1
නොකළේය	nokaleya:3	nokaleiya:1
නොක්ස්	knox:2	noks:1	nox:1
නොකියන්න	nokiyanna:3
නොකියයි	nokiyayi:3	nokiyaai:1
නොකියා	nokiya:2	nokiyaa:1
නොකිරීම	nokirima:2	nokireema:1
නොකිරීමට	nokirimata:2	nokireemata:1
නොකිරීමයි	nokirimayi:3	nokireemaai:1	nokireemayi:1	nokirimaai:1
නොකිරීමෙන්	nokirimen:2	nokireemen:1
නොකිරීමේ	nokirime:2	nokireemay:1	nokireeme:1
නොකෙරිණි	nokerini:3
නොකෙරුණි	nokeruni:3
නොකෙරුණු	nokerunu:3
නොකෙරුනි	nokeruni:3
නොකෙරෙයි	nokereyi:3	nokereai:1
නොකෙරේ	nokere:3
නොකොට	nokota:3
නොගත	nogata:2	nogatha:1
නොගත්	nogat:2	nogath:1
නොගත්තත්	nogattat:2	nogaththath:1
නොගත්තේ	nogatte:2	nogaththay:1	nogaththe:1
නොගන්නා	noganna:2	nogannaa:1
නොගන්නේ	noganne:3	nogannay:1
නොගනිති	noganiti:2	noganithi:1
නොගනියි	noganiyi:3
නොගනී	nogani:3	noganee:1
නොගිය	nogiya:3
නොගෙන	nogena:3
නොගෙවන	nogevana:2	nogewana:1
නොගෙවීම	nogevima:2	nogeweema:1
නොගොස්	nogos:3
නොච්චියාගම	nochchiyagama:2	nocciyagama:1
නොතකමින්	notakamin:2	nothakamin:1
නොතකා	notaka:2	nothaka:1
නොතබා	notaba:2	nothaba:1
නොතිබි	notibi:2	nothibi:1
නොතිබිණි	notibini:2	nothibini:1
නොතිබිනි	notibini:2	nothabini:1
නොතිබීම	notibima:2	nothibima:1
නොතිබීමට	notibimata:2	nothibimata:1
නොතිබීමය	notibimaya:2	nothibimaya:1
නොතිබීමයි	notibimayi:2	nothibimayi:1
නොතිබු	notibu:2	nothibu:1
නොතිබුණ	notibuna:2	nothibuna:1
නොතිබුණත්	notibunat:2	nothibunath:1
නොතිබුණි	notibuni:2	nothibuni:1
නොතිබුණු	notibunu:2	nothibunu:1
නොතිබුණේ	notibune:2	nothibune:1
නොතිබුන	notibuna:2	nothibuna:1
නොතිබුනු	notibunu:2	nothibunu:1
නොතිබූ	notibu:2	nothibu:1
නොතිබේ	notibe:2	nothibe:1
නොතෙමී	notemi:2	nothemi:1
නොතේරේ	notere:2	nothere:1
නොදක්නා	nodakna:3
නොදක්වති	nodakvati:2	nodakvathi:1
නොදක්වන	nodakvana:3
නොදක්වයි	nodakvayi:3
නොදක්වා	nodakva:3
නොදත්	nodat:2	nodath:1
නොදන්නා	nodanna:3
නොදන්නේ	nodanne:3
නොදනිති	nodaniti:2	nodanithi:1
නොදනී	nodani:3
නොදමන	nodamana:3
නොදමන්නේ	nodamanne:3
නොදමා	nodama:3
නොදරන	nodarana:3
නොදිය	nodiya:3
නොදියුණු	nodiyunu:3
නොදී	nodi:3
නොදීම	nodima:3
නොදීමෙන්	nodimen:3
නොදුන්	nodun:3
නොදුන්නේ	nodunne:3
නොදෙන	nodena:3
නොදෙනු	nodenu:3
නොදෙමින්	nodemin:3
නොදෙයි	nodeyi:3
නොදෙවෙනි	nodeveni:2	nodeweni:1
නොදේ	node:3
නොනගතය	nonagataya:2	nonagathaya:1
නොනගී	nonagi:2	nonagee:1
නොනමා	nonama:2	nonamaa:1
නොනවත්වා	nonavatva:2	nonawathwaa:1
නොනවත්වාම	nonavatvama:2	nonawathwaama:1
නොනවතින	nonavatina:2	nonawathina:1
නොනිමි	nonimi:3
නොනිසි	nonisi:3
නොපවත්නා	nopavatna:2	nopawathnaa:1
නොපවත්වන	nopavatvana:2	nopawathwana:1
නොපවතින	nopavatina:2	nopawathina:1
නොපවතිනු	nopavatinu:2	nopawathinu:1
නොපවතියි	nopavatiyi:2	nopawathiyi:1
නොපවතී	nopavati:2	nopawathee:1
නොපසුබට	nopasubata:3
නොපායි	nopayi:2	nopaayi:1
නොපිරිහෙළා	nopirihela:2	nopirihelaa:1
නොපෙනන	nopenana:3
නොපෙන්වයි	nopenvayi:2	nopenwaai:1	nopenwayi:1
නොපෙනී	nopeni:2	nopenee:1
නොපෙනෙන	nopenena:3
නොපෙනෙනා	nopenena:2	nopenenaa:1
නොපෙනෙයි	nopeneyi:3
නොපෙනේ	nopene:3	nopenay:1
නොබෙල්	nobel:3
නොබෝ	nobo:3
නොම	noma:3
නොමග	nomaga:3
නොමති	nomati:2	nomathi:1
නොමනා	nomana:3
නොමඳ	nomanda:3
නොමඳව	nomandava:3
නොමසුරු	nomasuru:3
නොමිලයේ	nomilaye:3
නොමිලේ	nomile:3
නොමේරු	nomeru:3
නොමේරූ	nomeru:3
නොයන	noyana:3
නොයයි	noyayi:3	noyaai:1
නොයුතු	noyutu:2	noyuthu:1
නොයෙක්	noyek:3
නොයෙකුත්	noyekuth:2	noyekut:2
නොයෙදෙන	noyedena:3
නොයෙදේ	noyede:3
නොරහසකි	norahasaki:3
නොරිස්සුම්	norissum:3
නොරිස්සූ	norissu:3
නොලත්	nolat:2	nolath:1
නොලද	nolada:3
නොලබන	nolabana:3
නොලබයි	nolabayi:2	nolabyi:1
නොලබා	nolaba:3
නොලා	nola:3
නොව	nowa:16	nova:3
නොවන	nowana:29	novana:2
නොවන්	novan:2	nowan:1
නොවන්න	novanna:2	nowanna:1
නොවන්නකි	novannaki:2	nowannaki:1
නොවන්නට	novannata:2	nowannata:1
නොවන්නන්	novannan:2	nowannan:1
නොවන්නේ	novanne:2	nowannay:1	nowanne:1
නොවන්නේය	novanneya:2	nowanneya:1
නොවනු	novanu:2	nowanu:1
නොවරදින	novaradina:2	nowaradina:1
නොවසා	novasa:2	nowasaa:1
නොව්	nov:3	now:1
නොවැම්බර්	november:2	novaembar:1
නොවිණි	novini:3
නොවිධිමත්	novidhimath:2	novidhimat:1	novidimath:1
නොවින	novina:3
නොවිම	novima:3
නොවිය	noviya:2	nowiya:1
නොවිසඳී	novisadee:1	novisandi:1	nowisadee:1
නොවිසඳුණු	novisaduna:1	novisandunu:1	nowisadunu:1
නොවිසඳුනු	novisadunu:1	novisandunu:1	nowisadunu:1
නොවිසිරුනු	novisirunu:2	nowisirunu:1
නොවී	nowee:5	novee:1	novi:1
නොවීම	noweema:2	noveema:1	novima:1
නොවීමට	noveemata:1	novimata:1	noweemata:1
නොවීමටත්	noveematath:1	novimatat:1	noweematath:1
නොවීමයි	noveemai:1	novimayi:1	noweemaai:1	noweemayi:1
නොවීමෙන්	noveemen:1	novimen:1	noweemen:1
නොවීය	noveeya:1	noviya:1	noweeya:1
නොවු	novu:2	nowu:1
නොවුණ	novuna:2	nowuna:1
නොවුණත්	novunat:1	novunath:1	nowunath:1
නොවුණි	novuni:2	nowuni:1
නොවුණු	novunu:2	nowunu:1
නොවුන	novuna:2	nowuna:1
නොවුනත්	novunat:1	novunath:1	nowunath:1
නොවුනද	novunada:2	nowunada:1
නොවුනි	novuni:2	nowuni:1
නොවුනු	novunu:2	nowunu:1
නොවුවද	novuvada:2	nowuwada:1
නොවුවහොත්	novuvahot:1	novuvahoth:1	nowuwahoth:1
නොවූ	nowu:3	novoo:1	novu:1	nowoo:1
නොවූයේ	novooye:1	novuye:1	nowooyay:1	nowooye:1
නොවූවකි	novoovaki:1	novuvaki:1	nowoowaki:1	nowuuwaki:1
නොවූවත්	novoovath:1	novuvat:1	nowoowath:1	nowuuwath:1
නොවූවද	novoovada:1	novuvada:1	nowoowada:1	nowuuwada:1
නොවූහ	novooha:1	novuha:1	nowooha:1	nowuuha:1
නොවෙති	novethi:1	noveti:1	nowethi:1
නොවෙද	noveda:2	noweda:1
නොවෙදෝ	novedho:1	novedo:1	nowedo:1
නොවෙන	novena:2	nowena:1
නොවෙනස්	novenas:2	nowenas:1
නොවෙනස්ව	novenasva:1	novenaswa:1	nowenaswa:1
නොවෙම්බර්	november:3
නොවෙයි	novei:1	noveyi:1	noweyi:1
නොවේ	nowe:39	nove:2	noway:1
නොවේද	noveda:2	noweda:1
නොසතුටු	nosathutu:2	nosatutu:1
නොසන්සුන්	nosansun:3
නොසන්සුන්තාවක්	nosansunthaawak:2	nosansuntavak:1
නොසන්සුන්තාවය	nosansunthaawaya:2	nosansuntavaya:1
නොසලකන	nosalakana:3
නොසලකා	nosalaka:3	nosalakaa:2
නොසළකා	nosalakaa:2	nosalaka:1
නොසැලකේ	nosalake:2	nosaelakay:1	nosaelake:1
නොසැලේ	nosaelay:1	nosaele:1	nosale:1
නොසෑහේ	nosaehay:1	nosaehe:1	nosahe:1
නොසිටි	nositi:3
නොසිටියහ	nositiyaha:3
නොසිතන	nosithana:2	nositana:1
නොසිතන්න	nosithanna:2	nositanna:1
නොසිතන්නේ	nosithanne:2	nositanne:1	nosithannay:1
නොසිතා	nosita:1	nositha:1	nosithaa:1
නොසිතූ	nosithoo:2	nosithu:1	nosithuu:1	nositu:1
නොසෙල්වී	noselwee:2	noselvee:1	noselvi:1
නොසෙල්වෙන	noselwena:2	noselvena:1
නොහඳුනන	nohandunana:2	nohadunana:1
නොහරින	noharina:3
නොහික්මුණු	nohikmunu:3
නොහොත්	nohoth:4	nohot:2
නෝට්ටු	nottu:3
නෝනා	nona:2	nonaa:1
නෝබට්	nobat:3
නෝමන්	noman:3
නෝර්ත්	nort:2	north:2
නෝර්වේ	norve:2	norway:2
නෝවා	noah:1	nova:1	nowaa:1
නෞකා	nauka:2	naukaa:1
නෞකාව	naukava:2	naukaawa:1
නෞකාවන්	naukavan:2	naukaawan:1
නෞකාවල	naukavala:2	naukaawala:1
නෞකාවෙන්	naukaven:2	naukaawen:1
නෞකාවේ	naukave:2	naukaawe:1
ප	pa:3
පංකා	pamka:2	pankaa:1
පංගු	pamgu:2	pangu:1
පංගුව	pamguva:2	panguwa:1
පංගුවකට	pamguvakata:1	panguvakata:1	panguwakata:1
පංගුවක්	pamguvak:1	panguvak:1	panguwak:1
පංච	pancha:2	pamca:1
පංචකාම	panchakama:2	pamcakama:1
පංචමහා	panchamaha:2	pancamaha:1
පංචස්කන්ධය	panchaskandhaya:2	pancaskandhaya:1
පංචාංග	panchanga:2	pancanga:1
පංචාංගය	panchangaya:2	pancangaya:1
පංචායුධ	panchayudha:2	pancayudha:1
පංචායුධය	panchayudhaya:2	pancayudhaya:1
පංචාල	panchala:2	pancala:1
පංජාබ්	panjab:2	punjab:1
පංති	panti:2	panthi:1
පංතිය	pantiya:2	panthiya:1
පංතියක	pantiyaka:2	panthiyaka:1
පංතියකට	panthiyakata:2	pantiyakata:1
පංතියට	pantiyata:2	panthiyata:1
පංතියේ	panthiye:2	pantiye:2
පංතිවල	pangntiwala:1	panthivala:1	panthiwala:1	pantivala:1
පංතීන්	pangtheen:1	pantheen:1	panthin:1	pantin:1
පක	paka:3
පක්	pak:3	pakh:1
පක්ෂ	paksha:2	paksa:1
පක්ෂපාති	pakshapathi:2	paksapati:1
පක්ෂපාතිත්වය	paksapatitvaya:1	pakshapathithvaya:1	pakshapathithwaya:1
පක්ෂපාතී	pakshapathi:2	paksapati:1
පක්ෂපාතීත්වය	paksapatitvaya:1	pakshapathithvaya:1	pakshapathithwaya:1
පක්ෂය	pakshaya:2	paksaya:1
පක්ෂයක්	pakshayak:2	paksayak:1
පක්ෂයකින්	pakshayakin:2	paksayakin:1
පක්ෂයට	pakshayata:2	paksayata:1
පක්ෂයෙන්	pakshayen:2	paksayen:1
පක්ෂයෙහි	pakshayehi:2	paksayehi:1
පක්ෂයේ	pakshaye:2	paksaye:1
පක්ෂව	paksava:1	pakshava:1	pakshawa:1
පක්ෂවල	paksavala:1	pakshavala:1	pakshawala:1
පක්ෂි	pakshi:2	paksi:1
පක්ෂියා	pakshiya:2	paksiya:1
පක්ෂියෙකි	pakshiyeki:2	paksiyeki:1
පක්ෂී	pakshi:2	pakshee:1	paksi:1
පක්ෂීන්	pakshin:2	paksheen:1	paksin:1
පක්ෂීන්ගේ	pakshinge:2	paksinge:1
පකිස්තාන	pakistan:1	pakistana:1	pakisthana:1
පකිස්තානය	pakisthanaya:2	pakistanaya:2
පකිස්තානයේ	pakistanaye:2	pakisthanaye:1
පකිස්ථානය	pakisthanaya:2	pakistanaya:1
පකිස්ථානයේ	pakisthanaye:2	pakistanaye:1
පඤ්ඤා	panna:2	panggya:1	pangya:1
පඤ්ඤාසීහ	pannasiha:2	panggyaseeha:1
පට	pata:3
පටක	pataka:3
පටකය	patakaya:3
පටකයක්	patakayak:3
පටකයකින්	patakayakin:3
පටන්	patan:3
පටන්ගත්	patangat:2	patangath:2
පටන්ගන්නා	patanganna:3
පටන්ගෙන	patangena:3
පටන්ම	patanma:3
පටබැඳි	patabaendi:1	patabedhi:1	patabendhi:1
පටබැඳිගේ	patabaendige:2	patabendige:1
පටබැඳී	patabaedi:1	patabaendi:1	patabendi:1
පටය	pataya:3
පටයක්	patayak:3
පටයකි	patayaki:3
පටයෙන්	patayen:3
පටයෙහි	patayehi:2	patalayehi:1
පටයේ	pataye:3	patayee:1
පටල	patala:3
පටලය	patalaya:3
පටලයක්	patalayak:3
පටලයකින්	patalayakin:3
පටලයේ	patalaye:3
පටලවල	patalavala:2	patalawala:1
පටලවා	patalava:2	patalawa:1	patalawaa:1
පටවනු	patavanu:2	patawanu:1
පට්ට	patta:3
පට්ටම්	pattam:3
පට්ටල	pattala:3
පට්ටලය	pattalaya:3
පට්ටි	patti:3
පට්ටිකා	pattika:3
පට්ටිපොල	pattipola:3
පටි	pati:3
පටිගත	patigatha:2	patigata:1
පටිච්ච	patichcha:2	paticca:1
පටිපදා	patipada:3
පටිපාටි	patipati:3	patipaati:1
පටිපාටික	patipatika:3
පටිපාටිය	patipatiya:2	patipaatiya:1	patipatiy:1
පටිය	patiya:3
පටියක්	patiyak:3
පටු	patu:3
පටුන	patuna:3
පටුය	patuya:3
පටෙල්	patel:3
පඨවි	padhavi:1	patahvi:1	pathavi:1
පඩි	padi:3
පඩිපෙළ	padipela:3
පඩුවස්දෙව්	paduvasdev:2	paduwasdev:1	paduwasdew:1
පණ	pana:3
පණත	panatha:2	panata:1
පණත්	panath:2	panat:1
පණතේ	panathe:2	panate:1
පණපිටින්	panapitin:3
පණ්ඩිත	pandita:2	panditha:1
පණ්ඩිත්	pandit:2	pandith:1
පණ්ඩු	pandu:3
පණ්ඩුකාභය	pandukabhaya:3
පණිවිඩ	panivida:3
පණිවිඩය	panividaya:3
පණිවිඩයක්	panividayak:3
පණිවිඩයේ	panividaye:3
පණිවුඩ	panivuda:3
පණිවුඩය	panivudaya:3
පණිවුඩයක්	panivudayak:3
පණු	panu:3
පණුවන්	panuvan:3
පණුවාගේ	panuvage:3
පඬි	pandi:3
පඬිතුමා	pandituma:2	pandithuma:1
පඬිවරයෙකු	pandivarayeku:3
පඬිවරුන්	pandivarun:3
පඬු	pandu:3
පඬුරු	panduru:3
පඬුවස්දෙව්	panduvasdev:3
පඬුවස්නුවර	panduvasnuvara:3
පත	pata:2	patha:1
පතක	pataka:2	pathaka:1
පතකට	patakata:2	pathakata:1
පතක්	patak:2	pathak:1
පතකි	pataki:2	pathaki:1
පතන	patana:2	pathana:1
පතනය	patanaya:2	pathanaya:1
පතනශීල	patanasila:2	pathanashila:1
පතනශීලී	patanasili:2	pathanashili:1
පතන්නට	patannata:2	pathannata:1
පතන්නේ	patanne:2	pathanne:1
පතර	patara:2	pathara:1
පතරොම්	patarom:2	patharom:1
පතල	patala:2	pathala:1
පතලක	patalaka:2	pathalaka:1
පතල්	patal:2	pathal:1
පතල්කරුවන්	patalkaruvan:2	pathalkaruvan:1
පතළ	patala:2	pathala:1
පත්	path:78	pat:2
පත්කර	pathkara:2	patkara:2
පත්කරගත්	patkaragat:2	pathkaragath:1
පත්කරගනු	patkaraganu:2	pathkaraganu:1
පත්කරගෙන	patkaragena:2	pathkaragena:1
පත්කරන	pathkarana:2	patkarana:2
පත්කරනු	patkaranu:2	pathkaranu:1
පත්කරයි	patkarayi:2	pathkarayi:1
පත්කරවන	patkaravana:2	pathkaravana:1
පත්කල	patkala:2	pathkala:1
පත්කළ	patkala:2	pathkala:1
පත්කළා	patkala:2	pathkala:1
පත්කළේ	patkale:2	pathkale:1
පත්කිරීම	patkirima:2	pathkirima:1
පත්කිරීමක්	patkirimak:2	pathkirimak:1
පත්කිරීමට	patkirimata:2	pathkirimata:1
පත්කිරීමත්	patkirimat:2	pathkirimath:1
පත්කිරීමෙන්	patkirimen:2	pathkirimen:1
පත්කෙරිණි	patkerini:2	pathkerini:1
පත්කෙරුණු	patkerunu:2	pathkerunu:1
පත්කෙරේ	patkere:2	pathkere:1
පත්කොට	pathkota:2	patkota:2
පත්තර	pattara:2	paththara:1
පත්තිනි	paththini:3	pattini:2
පත්තිරිප්පුව	pattirippuva:2	paththirippuwa:1
පත්තු	pattu:2	paththu:1
පත්තුව	pattuva:2	paththuwa:1
පත්ලේ	patle:2	pathle:1
පත්ව	pathwa:8	patva:2
පත්වන	pathwana:2	patvana:2
පත්වන්නට	patvannata:2	pathwannata:1
පත්වන්නේ	patvanne:2	pathwanne:1
පත්වනු	patvanu:2	pathwanu:1
පත්විම්	patvim:2	pathwim:1
පත්විය	pathwiya:5	patviya:2
පත්වී	patvi:2	pathwee:1
පත්වීම	patvima:2	pathweema:1
පත්වීමක්	patvimak:2	pathweemak:1
පත්වීමට	patvimata:2	pathweemata:1
පත්වීමටත්	patvimatat:2	pathweematath:1
පත්වීමත්	patvimat:2	pathweemath:1
පත්වීමයි	patvimayi:2	pathweemaai:1	pathweemayi:1
පත්වීම්	patvim:2	pathweem:1
පත්වීමෙන්	patvimen:2	pathweemen:1
පත්වීමේ	patvime:2	pathweeme:1
පත්වු	patvu:2	pathwu:1
පත්වුණි	patvuni:2	pathwuni:1
පත්වුණු	patvunu:2	pathwunu:1
පත්වුනු	patvunu:2	pathwunu:1
පත්වුවහොත්	patvuvahot:2	pathwuwahoth:1
පත්වූ	pathwu:3	patvu:2	pathwoo:1	pathwuu:1
පත්වූයේ	patvuye:2	pathwooye:1	pathwuuye:1
පත්වූවා	patvuva:2	pathwoowaa:1	pathwuuwaa:1
පත්වූවාය	patvuvaya:2	pathwoowaaya:1	pathwuuwaaya:1
පත්වූහ	patvuha:2	pathwooha:1	pathwuuha:1
පත්වෙනවා	patvenava:2	pathwenawaa:1
පත්වෙන්න	patvenna:2	pathwenna:1
පත්වෙමින්	patvemin:2	pathwemin:1
පත්වෙයි	patveyi:2	pathweyi:1
පත්වේ	patve:2	pathway:1	pathwe:1
පත්‍ර	pathra:2	patra:2
පත්‍රකලාවේදන	patrakalavedana:2	pathrakalaawedana:1
පත්‍රකලාවේදනය	patrakalavedanaya:2	pathrakalaawedanaya:1
පත්‍රකලාවේදය	patrakalavedaya:2	pathrakalaawedaya:1
පත්‍රකලාවේදයේ	patrakalavedaye:2	pathrakalaawedaye:1
පත්‍රකලාවේදීන්	patrakalavedin:2	pathrakalaawedeen:1
පත්‍රකලාවේදීන්ට	patrakalavedinta:2	pathrakalaawedeenta:1
පත්‍රය	pathraya:3	patraya:2
පත්‍රයක	patrayaka:2	pathrayaka:1
පත්‍රයක්	patrayak:2	pathrayak:1
පත්‍රයට	patrayata:2	pathrayata:1
පත්‍රයෙන්	patrayen:2	pathrayen:1
පත්‍රයෙහි	patrayehi:2	pathrayehi:1
පත්‍රයේ	patraye:2	pathrayay:1	pathraye:1
පත්‍රවල	patravala:2	pathrawala:1
පත්‍රිකා	patrika:2	pathrikaa:1
පත්‍රිකාව	patrikava:2	pathrikaawa:1
පතා	patha:3	pata:2	pathaa:1
පතාගෙන	patagena:2	pathaagena:1
පති	pati:2	pathi:1
පතිත	patita:2	pathitha:1
පතිතවන	patitavana:2	pathithawana:1
පතිතවීම	patitavima:2	pathithaweema:1
පතින්	patin:2	pathin:1
පතිනි	patini:2	pathini:1
පතිනිය	patiniya:2	pathiniya:1
පතිරගේ	patirage:2	pathirage:1
පතිරණ	pathirana:2	patirana:1
පතිවත	pativata:2	pathiwatha:1
පතු	patu:2	pathu:1
පතුරවන්න	paturavanna:2	pathuruvanna:1
පතුරු	pathuru:2	paturu:2
පතුරුවන	paturuvana:2	pathuruvana:1
පතුරුවන්න	paturuvanna:2	pathuruvanna:1
පතුරුවන්නට	paturuvannata:2	pathuruvannata:1
පතුරුවා	paturuva:2	pathuruva:1
පතුරුවාගෙන	paturuvagena:2	pathuruvagena:1
පතුල	pathula:2	patula:2
පතුලක්	patulak:2	pathulak:1
පතුලට	patulata:2	pathulata:1
පතුල්	patul:2	pathul:1
පතුලෙහි	patulehi:2	pathulehi:1
පතුලේ	patule:2	pathule:1
පතෙහි	patehi:2	pathehi:2
පතේ	pathe:2	pate:1
පතොක්	pathok:2	patok:2
පථ	patha:3	patah:1
පථය	pathaya:3	pataya:1
පථයක්	pathayak:3	patayak:1
පථයට	pathayata:3
පථයන්	pathayan:3
පථයේ	pathaye:3
පද	pada:3	padha:1
පදක්කම	padakkama:3	padhakkama:1
පදක්කම්	padakkam:3
පදනම	padanama:3
පදනමක්	padanamak:3
පදනමකි	padanamaki:3
පදනමකින්	padanamakin:3
පදනමට	padanamata:3
පදනම්	padanam:3
පදනම්ව	padanamwa:2	padanamva:2
පදනමින්	padanamin:3
පදනමෙහි	padanamehi:3
පදනමේ	padaname:3
පදමට	padamata:3
පදම්	padam:3
පදමාලාව	padamalava:3
පදය	padaya:3
පදයකට	padayakata:3
පදයක්	padayak:3
පදයකි	padayaki:3
පදයට	padayata:3
පදයයි	padayayi:3
පදයෙන්	padayen:3
පදයෙහි	padayehi:3
පදයේ	padaye:3
පදරුත්	padarut:2	padaruth:1
පදවනු	padavanu:3
පදවලින්	padavalin:3
පදවි	padawi:2	padavi:3
පදවිය	padaviya:3
පදවියක්	padaviyak:3
පදවියට	padaviyata:3
පදවියෙන්	padaviyen:3
පදවියේ	padaviye:3
පද්ධති	paddathi:8	paddhati:2	paddhathi:1
පද්ධතිමය	paddhatimaya:3
පද්ධතිය	paddathiya:6	paddhatiya:2	paddhathiya:1
පද්ධතියක	paddhatiyaka:2	paddhathiyaka:1
පද්ධතියකට	paddhatiyakata:2	paddhathiyakata:1
පද්ධතියක්	paddathiyak:8	paddhatiyak:2	paddhathiyak:1
පද්ධතියකි	paddhatiyaki:2	paddhathiyaki:1
පද්ධතියකින්	paddhatiyakin:2	paddhathiyakin:1
පද්ධතියට	paddhatiyata:2	paddhathiyata:1
පද්ධතියත්	paddhatiyat:2	paddhathiyath:1
පද්ධතියයි	paddhatiyayi:2	paddhathiyayi:1
පද්ධතියෙන්	paddhatiyen:2	paddhathiyen:1
පද්ධතියෙහි	paddhatiyehi:2	paddhathiyehi:1
පද්ධතියේ	paddhatiye:2	paddhathiye:1
පද්ධතිවල	paddhativala:2	paddhathivala:1
පද්ධතිවලට	paddhativalata:2	paddhathivalata:1
පද්ධතීන්	paddhathin:2	paddhatin:2
පද්ධතීන්ට	paddhatinta:2	paddhathinta:1
පද්ධතීන්හි	paddhatinhi:2	paddhathinhi:1
පද්ම	padma:3
පද්මනාදන්	padmanadan:3
පද්මය	padmaya:3
පද්මරාග	padmaraga:3
පද්මසිරි	padmasiri:3
පද්මාවතී	padmavati:2	padmavathee:1
පද්මාසන	padmasana:3
පද්මාසනය	padmasanaya:2	padmasana:1
පද්මාසනයක්	padmasanayak:3
පද්මිණී	padmini:3
පද්‍ය	padya:3
පද්‍යය	padyaya:3
පද්‍යයන්	padyayan:3
පද්‍යයෙහි	padyayehi:3
පද්‍යයේ	padyaye:3
පදාර්ථ	padartha:3
පදාර්ථය	padarthaya:3
පදාර්ථයක්	padarthayak:3
පදාර්ථයෙන්	padarthayen:3
පදාර්ථයෙහි	padarthayehi:3
පදාර්ථයේ	padarthaye:3
පදිංචි	padinchi:3	padinci:2
පදිංචිකරුවන්	padincikaruvan:2	padinchikaruvan:1
පදිංචිකරුවෙකු	padincikaruveku:2	padinchikaruveku:1
පදිංචිය	padinciya:2	padinchiya:1
පදිංචියට	padinciyata:2	padinchiyata:1
පදිංචිව	padinciva:2	padinchiva:1
පදික	padika:3
පදුම	paduma:3
පදුරු	paduru:3
පදේ	pade:3
පධානඝර	padhanaghara:3
පන	pana:3
පනත	panatha:6	panata:2
පනතක්	panatak:2	panathak:1
පනතකින්	panatakin:2	panathakin:1
පනතට	panatata:2	panathata:1
පනතද	panatada:2	panathada:1
පනතයි	panatayi:2	panathayi:1
පනත්	panat:2	panath:1
පනතෙහි	panatehi:2	panathehi:1
පනතේ	panate:2	panathe:1
පනවන	panavana:3
පනවන්නේ	panavanne:3
පනවනු	panavanu:3
පනවමින්	panavamin:3
පනවා	panava:3
පනස්	panas:3
පනහ	panaha:3
පනහකට	panahakata:3
පනහක්	panahak:3
පන්	pan:3
පන්ක්	punk:3
පන්ජාබය	panjabaya:3
පන්ජාබ්	panjab:2	punjab:1
පන්ති	panthi:3	panti:2
පන්තිය	pantiya:2	panthiya:1
පන්තියක්	pantiyak:2	panthiyak:1
පන්තියට	pantiyata:2	panthiyata:1
පන්තියේ	pantiye:2	panthiye:1
පන්තියේදී	pantiyedi:2	panthiyedi:1
පන්තිවලට	pantivalata:2	panthivalata:1
පන්තීන්	pantin:2	panthin:1
පන්ථක	panthaka:3
පන්දම	pandama:3
පන්දමක්	pandamak:3
පන්දහසකට	pandahasakata:3
පන්දහසක්	pandahasak:3
පන්දු	pandu:3
පන්දුව	panduva:3
පන්දුවක්	panduvak:3
පන්දුවට	panduvata:3
පන්දුවාර	panduvara:3
පන්දුවෙන්	panduven:3
පන්නරය	pannaraya:3
පන්නරයක්	pannarayak:3
පන්නා	panna:3
පන්නිපිටිය	pannipitiya:3
පන්සල	pansala:3
පන්සලකි	pansalaki:3
පන්සලට	pansalata:3
පන්සල්	pansal:3
පන්සලේ	pansale:3
පන්සිය	pansiya:3
පන්සියයක්	pansiyayak:3
පන්සීයක්	pansiyak:2	panseeyak:1
පනා	pana:2	panaa:1
පනාකඩුව	panakaduwa:2	panakaduva:1
පනාගොඩ	panagoda:3
පනාවිටිය	panavitiya:4
පනින	panina:3
පනින්න	paninna:3
පනිවිඩයක්	panividayak:3
පනී	pani:3
පනීභාරත	panibharatha:2	paneebharatha:1	panibharata:1
පඳුරක	panduraka:3
පඳුරක්	pandurak:3
පඳුරු	panduru:3
පඳුරේ	pandure:3
පපු	papu:3
පපුව	papuva:3
පපුවට	papuvata:3
පපුවේ	papuve:3
පබලු	pabalu:3
පබළු	pabalu:3
පබ්බ	pabba:3
පබ්බත	pabbata:2	pabbatha:1
පබා	paba:3
පමණ	pamana:3
පමණක්	pamanak:3
පමණක්ම	pamanakma:3
පමණකි	pamanaki:3
පමණකින්	pamanakin:3
පමණට	pamanata:3
පමණද	pamanada:3
පමණය	pamanaya:3
පමණයි	pamanayi:3
පමණි	pamani:3
පමණින්	pamanin:3
පමණින්ම	pamaninma:3
පමණී	pamani:3
පමන	pamana:3
පමනක්	pamanak:3
පමනක්ම	pamanakma:3
පමනකි	pamanaki:3
පමා	pama:3
පමාවක්	pamavak:3
පමුණුවන	pamunuwana:2	pamunuvana:3
පමුණුවමින්	pamunuvamin:3
පමුණුවයි	pamunuvayi:3
පමුණුවා	pamunuva:3
පය	paya:3
පයි	payi:3
පයිතගරස්	pythagoras:2	payithagaras:1
පයිතන්	python:2	payithan:1
පයිනස්	payinas:1	pines:1	pinus:1
පයින්	payin:3
පයිප්පයක්	payippayak:3
පයෙහි	payehi:3
පයේ	paye:3
පයෝදර	payodara:3
පයෝධර	payodhara:3
පර	para:3
පරංගි	parangi:3
පරංගියා	parangiya:3
පරණ	parana:3
පරණගම	paranagama:3
පරණවිතාන	paranawithana:3	paranavitana:1	paranavithana:1
පරතර	paratara:2	parathara:1
පරතරය	parataraya:2	paratharaya:1
පරතරයක්	paratarayak:2	paratharayak:1
පරතෙර	paratera:2	parathera:1
පරතෙරට	paraterata:2	paratherata:1
පරදවන	paradavana:2	paradawana:1
පරදවා	paradava:2	paradawa:1
පරදා	parada:3	paradha:1
පරදේශ	paradesha:2	paradeesha:1	paradesa:1
පරන්තන්	parantan:2	paranthan:2
පරපීඩක	parapidaka:3	paraphidaka:1
පරපුර	parapura:3
පරපුරකට	parapurakata:3
පරපුරක්	parapurak:3
පරපුරට	parapurata:3
පරපුරත්	parapurat:2	parapurath:2
පරපුරම	parapurama:3
පරපුරින්	parapurin:3
පරපුරෙන්	parapuren:3
පරපුරේ	parapure:3
පරපෝෂිත	paraposhitha:2	paraposhita:1	paraposita:1
පරපෝෂිතයන්	paraposhithayan:2	paraposhitayan:1	parapositayan:1
පරපෝෂිතයා	paraposhithaya:2	paraposhitaya:1	parapositaya:1
පරපෝෂිතයින්	paraposhitayin:1	paraposhithayein:1	paraposhithayin:1	parapositayin:1
පරම	parama:3
පරම්පරා	parampara:3
පරම්පරාගත	paramparagata:2	paramparagatha:2
පරම්පරාව	paramparava:2	paramparawata:1
පරම්පරාවක	paramparavaka:2	paramparawaka:1
පරම්පරාවක්	paramparavak:2	paramparawak:1
පරම්පරාවකි	paramparavaki:2	paramparawaki:1
පරම්පරාවට	paramparavata:2	paramparawata:1
පරම්පරාවන්	paramparavan:2	paramparawan:1
පරම්පරාවන්ට	paramparavanta:2	paranparawanta:1
පරම්පරාවල	paramparavala:2	paramparawala:1
පරම්පරාවෙන්	paramparaven:2	paramparawen:1
පරම්පරාවේ	paramparave:2	paramparawe:1	paramparawee:1
පරමාණු	paramanu:3
පරමාණුක	paramanuka:3
පරමාණුව	paramanuva:2	paramanuwa:1
පරමාණුවක	paramanuvaka:2	paramanuwaka:1
පරමාණුවක්	paramanuvak:2	paramanuwak:1
පරමාණුවට	paramanuvata:2	paramanuwata:1
පරමාණුවල	paramanuvala:2	paramanuwala:1
පරමාණුවේ	paramanuwe:2	paramanuve:2
පරමාණූ	paramanu:3
පරමාදර්ශය	paramadarshaya:2	paramadarsaya:1
පරමාදර්ශී	paramadarshi:2	paramadarsi:1
පරමාධිපත්‍ය	paramadhipathya:2	paramadhipatya:1
පරමාර්ථ	paramartha:3	paramarta:1
පරමාර්ථය	paramarthaya:3	paramartaya:1
පරමාර්ථයෙන්	paramarthayen:3	paramartayen:1
පරය	paraya:3
පරයා	paraya:3
පරලොව	paralova:2	paralowa:1
පරලෝ	paralo:3
පරවි	paravi:3	parawi:1
පරවියන්	paraviyan:3
පරස්පර	paraspara:3
පරස්පරතාවන්	parasparatavan:1	parasparatawan:1	parasparathavan:1	parsparathawan:1
පරස්පරව	parasparava:2	parasparawa:1
පරළු	paralu:3
පර්ත්	perth:2	parth:1
පර්යන්ත	paryanta:2	paryantha:2
පර්යන්තය	paryantaya:2	paryanthaya:2
පර්යාය	paryaya:3
පර්යේෂක	paryeshaka:2	paryesaka:1
පර්යේෂකයකු	paryesakayaku:1	paryeshakayaku:1	paryeshakayeku:1
පර්යේෂකයන්	paryeshakayan:2	paryesakayan:1
පර්යේෂකයන්ගේ	paryeshakayange:2	paryesakayange:1
පර්යේෂකයන්ට	paryeshakayanta:2	paryesakayanta:1
පර්යේෂකයා	paryeshakaya:2	paryesakaya:1
පර්යේෂකයින්	paryesakayin:1	paryeshakain:1	paryeshakayein:1	paryeshakayin:1
පර්යේෂකයෝ	paryeshakayo:2	paryesakayo:1
පර්යේෂණ	paryeshana:2	paryesana:1
පර්යේෂණය	paryeshanaya:2	paryesanaya:1
පර්යේෂණයක්	paryeshanayak:2	paryesanayak:1
පර්යේෂණයට	paryeshanayata:2	paryesanayata:1
පර්යේෂණයන්	paryeshanayan:2	paryesanayan:1
පර්යේෂණයන්හි	paryesanayanhi:2	paryeshanayanhi:1
පර්යේෂණයෙන්	paryeshanayen:2	paryesanayen:1
පර්යේෂණයේ	paryeshanaye:2	paryesanaye:1
පර්යේෂණවල	paryesanavala:1	paryeshanavala:1	paryeshanawala:1
පර්යේෂණවලදී	paryesanavaladi:1	paryeshanavaladi:1	paryeshanawaladhi:1	paryeshanawaladi:1
පර්යේෂණවලින්	paryesanavalin:1	paryeshanavalin:1	paryeshanawalin:1
පර්යේෂණාගාර	paryeshanagara:2	paryesanagara:1
පර්යේෂණාත්මක	paryesanatmaka:1	paryeshanathmaka:1	pryeshanathmaka:1
පර්යේෂණාත්මකව	paryesanatmakava:1	paryeshanathmakava:1	paryeshanathmakawa:1
පර්යේෂන	paryeshana:2	paryesana:1
පර්ල්	pearl:2	parl:1
පර්වත	parvata:1	parvatha:1	parwata:1	parwatha:1
පර්වතය	parvataya:1	parvathaya:1	parwathaya:1
පර්වතයක	parvatayaka:1	parvathayaka:1	parwathayaka:1
පර්වතයක්	parvatayak:1	parvathayak:1	parwatayak:1	parwathayak:1
පර්වතයට	parvatayata:1	parvathayata:1	parwatayata:1	parwathayata:1
පර්වතයෙහි	parvatayehi:1	parvathayehi:1	parwatayehi:1	parwathayehi:1
පර්වතයේ	parvataye:1	parvathaye:1	parwataye:1	parwathaye:1
පර්සි	parsi:2	persi:1
පර්සියන්	persian:2	parsiyan:1
පර්සියානු	parsiyanu:2	persianu:1	persiyanu:1
පර්සියානුවා	parsiyanuva:2	persianuwa:1	persiyanuwa:1
පර්සියාව	parsiyava:2	persiawa:1	persiyawa:1
පර්සියාවේ	parsiyave:2	persiyawe:1
පරාක්‍රම	parakrama:3
පරාක්‍රමබාහු	parakramabahu:3
පරාක්‍රමබාහුගේ	parakramabahuge:3
පරාක්‍රමභාහු	parakramabhahu:3	parakeramabahu:1
පරාග	paraga:3
පරාගනය	paraganaya:3
පරාජය	parajaya:3
පරාජයක්	parajayak:3
පරාජයට	parajayata:3
පරාජයන්	parajayan:3
පරාජයෙන්	parajayen:3
පරාජයේදී	parajayedi:3
පරාජිත	parajita:2	parajitha:1
පරාභව	parabhava:3
පරාමිතිය	paramitiya:2	paramithiya:1
පරාමිතියක්	paramitiyak:2	paramithiyak:1
පරාමිතීන්	paramitin:2	paramithin:1
පරායත්ත	parayatta:2	parayaththa:1
පරාර්ථකාමී	pararthakami:3
පරාල	parala:3
පරාවර්තක	paravartaka:2	paravarthaka:1
පරාවර්තන	paravartana:2	paravarthana:1
පරාවර්තනය	paravartanaya:2	paravarthanaya:1
පරාවර්තිත	paravartita:2	paravarthitha:1
පරාවලයික	paravalayika:3
පරාශ්‍රොතදාහය	parasrotadahaya:2	parashothadahaya:1
පරාස	parasa:3
පරාසය	parasaya:3
පරාසයක	parasayaka:3
පරාසයකට	parasayakata:3
පරාසයක්	parasayak:3
පරාසයට	parasayata:3
පරාසයන්	parasayan:3
පරාසයයි	parasayayi:3
පරාසයෙන්	parasayen:3
පරාසයේ	parasaye:3
පරි	pari:3
පරිකල්පන	parikalpana:3
පරිකල්පනය	parikalpanaya:3
පරිකල්පනයන්	parikalpanayan:3
පරිකල්පනීය	parikalpaniya:3
පරික්ෂණ	pariksana:2	parikshana:1
පරික්ෂණය	pariksanaya:2	parikshanaya:1
පරික්ෂා	pareeksha:2	pariksa:2	pariksha:1
පරික්ෂාව	pariksava:2	parikshava:1
පරිගණක	pariganaka:3
පරිගණකගත	pariganakagatha:2	pariganakagata:1
පරිගණකය	pariganakaya:3
පරිගණකයක	pariganakayaka:3
පරිගණකයකට	pariganakayakata:3
පරිගණකයක්	pariganakayak:3	parighanakayak:1
පරිගණකයකින්	pariganakayakin:3	parighanakayakin:1
පරිගණකයට	pariganakayata:3	parighanakayata:1
පරිගණකයන්	pariganakayan:3
පරිගණකයෙන්	pariganakayen:3
පරිගණකයේ	pariganakaye:3
පරිගණකවල	pariganakavala:2	pariganakawala:1
පරිගණකවලට	pariganakavalata:2	pariganakawalata:1
පරිගණන	pariganana:3
පරිගණනය	parigananaya:3
පරිගණනයේ	parigananaye:3
පරිගනක	pariganaka:3
පරිගනකය	pariganakaya:3
පරිගනකයක්	pariganakayak:2	pariganakayan:1
පරිගනකයට	pariganakayata:3
පරිඝණක	parighanaka:3	pariganaka:1
පරිඝනක	parighanaka:3	pariganaka:1
පරිඝනකය	parighanakaya:3	pariganakaya:1
පරිචය	paricaya:2	parichaya:1
පරිචයක්	paricayak:2	parichayak:1
පරිචයන්	paricayan:2	parichayan:1
පරිච්ඡේද	pariccheda:2	parichchedha:1
පරිච්ඡේදය	paricchedaya:2	parichchedhaya:1
පරිච්ඡේදයක්	parichchedayak:2	paricchedayak:2	parichchedhayak:1
පරිච්ඡේදයේ	paricchedaye:2	parichchedhaye:1
පරිච්ඡේදයේදී	paricchedayedi:2	parichchedhayedhi:1
පරිච්ජේද	paricjeda:2	parichchedha:1
පරිච්ජේදය	paricjedaya:2	parichchedhya:1
පරිච්ජේදයක්	paricjedayak:2	parichchedhayak:1
පරිණත	parinatha:2	parinata:2
පරිණතභාවයට	parinatabhavayata:2	parinathabhawayata:1
පරිණාම	parinama:3
පරිණාමක	parinamaka:3
පරිණාමනය	parinamanaya:3
පරිණාමය	parinamaya:3
පරිණාමයක	parinamayaka:3
පරිණාමයට	parinamayata:3
පරිණාමයේ	parinamaye:3
පරිණාමවාදය	parinamavadaya:2	parinamawadaya:1
පරිණාමවාදී	parinamavadi:2	parinamawadhi:1
පරිණාමික	parinamika:3
පරිණාමිතය	parinamithaya:2	parinamitaya:1
පරිණාමීය	parinamiya:3	parinameeya:1
පරිත්‍යාග	parithyaga:2	parityaga:1
පරිත්‍යාගය	parithyagaya:2	parityagaya:1
පරිත්‍යාගශීලී	parithyagashili:2	parithyagashilee:1	parityagasili:1
පරිද්දෙන්	paridden:3
පරිදි	paridi:3
පරිදිම	paridima:3
පරිදිය	paridiya:3
පරිදී	paridi:3	paridhi:1
පරිදේව	parideva:3	parideeva:1
පරිනත	parinata:2	parinatha:2
පරිනාමය	parinamaya:3
පරිනාමයට	parinamayata:3
පරිනිර්වාණ	parinirvana:2	parinirwana:1
පරිනිර්වාණය	parinirvanaya:3
පරිනිර්වාණයෙන්	parinirvanayen:3
පරිනිර්වානය	parinirvanaya:3
පරිනීතා	parinita:2	parinitha:1
පරිපථ	paripatha:3
පරිපථය	paripathaya:3
පරිපථයක්	paripathayak:3
පරිපථයට	paripathayata:3
පරිප්පු	parippu:3
පරිපාලක	paripalaka:3
පරිපාලකත්වය	paripalakatvaya:2	paripalakathvaya:1
පරිපාලකයකු	paripalakayaku:3
පරිපාලකයන්	paripalakayan:3
පරිපාලකයින්	paripalakayin:3
පරිපාලකවරයෙකු	paripalakavarayeku:3
පරිපාලන	paripalana:3
පරිපාලනමය	paripalanamaya:3
පරිපාලනය	paripalanaya:3
පරිපාලනයක්	paripalanayak:3
පරිපාලනයට	paripalanayata:3
පරිපාලනයේ	paripalanaye:3
පරිපුර්ණ	paripurna:3	paripoorna:1
පරිපූර්ණ	paripurna:3	paripoorna:1
පරිපූර්ණව	paripurnava:2	paripoornawa:1	paripurnawa:1
පරිබාධකය	paribadhakaya:2	paribadakaya:1
පරිබාහිර	paribahira:3
පරිබාහිරව	paribahirava:2	paribahirawa:1
පරිභ්‍රමණය	paribhramanaya:2	paribramanay:1
පරිභෝග	paribhoga:2	paribogha:1	paribohga:1
පරිභෝජන	paribhojana:2	paribojana:1
පරිභෝජනය	paribhojanaya:2	paribojanaya:1
පරිභෝජනයක්	paribhojanayak:2	paribohjanayak:1	paribojanayak:1
පරිභෝජනයට	paribhojanayata:2	paribojanayata:1
පරිභෝජනයෙන්	paribhojanayen:2	paribojanayen:1
පරිභෝජනයේ	paribhojanaye:2	paribojanaye:1
පරිමා	parima:3
පරිමාණ	parimana:3
පරිමාණය	parimanaya:3
පරිමාණයක්	parimanayak:3
පරිමාණයන්	parimanayan:3
පරිමාණයෙන්	parimanayen:3
පරිමාණයේ	parimanaye:3
පරිමාන	parimana:3
පරිමානයේ	parimanaye:3
පරිමාව	parimava:2	parimawa:1
පරිමාවක්	parimavak:2	parimawak:1
පරිමාවට	parimavata:2	parimawata:1
පරිමාවෙන්	parimaven:2	parimawen:1
පරිමාවේ	parimave:2	parimawe:1
පරිමිත	parimita:2	parimitha:1
පරිමේය	parimeya:3
පරියාය	pariyaya:3
පරිලෝකන	parilokana:3
පරිවරණය	parivaranaya:3
පරිවර්තක	parivartaka:2	parivarthaka:1
පරිවර්තකයකු	parivartakayaku:2	parivarthakayaku:1
පරිවර්තකයන්	parivartakayan:2	parivarthakayan:1
පරිවර්තකයෙක්	parivartakayek:2	parivarthakayek:1
පරිවර්තන	parivartana:2	parivarthana:1
පරිවර්තනය	pariwarthanaya:6	parivartanaya:2	parivarthanaya:1
පරිවර්තනයක්	parivartanayak:2	parivarthanayak:1
පරිවර්තනයකි	parivartanayaki:2	parivarthanayaki:1
පරිවර්තනයට	parivartanayata:2	parivarthanayata:1
පරිවර්තනයන්	parivartanayan:2	parivarthanayan:1
පරිවර්තනවල	parivartanavala:2	parivarthanavala:1
පරිවර්තී	parivarti:2	parivarthi:1
පරිවර්ථනය	parivarthanaya:3
පරිවහණය	parivahanaya:3
පරිවහන	parivahana:3
පරිවහනය	parivahanaya:3
පරිවාර	parivara:3
පරිවාරක	parivaraka:3
පරිවාස	parivasa:3
පරිවෘත්තිය	parivrttiya:2	parivuththiya:1
පරිවෘත්තීය	parivrttiya:2	parivuththiya:1
පරිවේනාධිපති	parivenadhipati:2	parivenadhipathi:1
පරිශ්‍රමය	parisramaya:2	parishramaya:1
පරිශ්‍රමයක්	parisramayak:3
පරිශ්‍රමයකින්	parisramayakin:3
පරිශ්‍රය	parisraya:3
පරිශ්‍රයෙහි	parisrayehi:3
පරිශ්‍රයේ	parisraye:3
පරිශ්‍රයේදී	parisrayedi:3
පරිශිලනය	parisilanaya:3
පරිශීලක	parisilaka:3
පරිශීලකයන්	parisilakayan:3
පරිශීලකයන්ගේ	parisilakayange:3
පරිශීලකයන්ට	parisilakayanta:3
පරිශීලකයා	parisilakaya:3
පරිශීලකයාගේ	parisilakayage:3
පරිශීලකයාට	parisilakayata:3
පරිශීලකයෙක්	parisilakayek:3
පරිශීලනය	parisilanaya:3
පරිශීලනයට	parisilanayata:3
පරිශීලනයෙන්	parisilanayen:3
පරිශුද්ධ	parisuddha:3
පරිසමාප්ත	parisamapta:2	parisamaptha:1
පරිසර	parisara:3
පරිසරය	parisaraya:3
පරිසරයක	parisarayaka:3
පරිසරයක්	parisarayak:3
පරිසරයට	parisarayata:3
පරිසරයයි	parisarayayi:3
පරිසරයෙන්	parisarayen:3
පරිසරයේ	parisaraye:3
පරිසරවල	parisarawala:2	parisaravala:3
පරිසරවේදීන්	parisaravedin:3	parisarawedin:1
පරිස්සම්	parissam:3
පරිහරණය	pariharanaya:3
පරිහාණිය	parihaniya:3
පරිහානිය	parihaniya:3
පරිහානියට	parihaniyata:3
පරිහානියේ	parihaniye:3
පරීක්ෂක	pariksaka:3
පරීක්ෂකයන්	pariksakayan:3
පරීක්ෂකවරු	pariksakavaru:3	pariksakawaru:1
පරීක්ෂණ	parikshana:2	pariksana:2
පරීක්ෂණය	pareekshanaya:2	pariksanaya:2	parikshanaya:1
පරීක්ෂණයකට	pariksanayakata:2	parikshanayakata:1
පරීක්ෂණයක්	pariksanayak:2	parikshanayak:1
පරීක්ෂණයකින්	pariksanayakin:3
පරීක්ෂණයට	pariksanayata:3
පරීක්ෂණයන්	pariksanayan:3
පරීක්ෂණයන්ට	pariksanayanta:2	parikshanayanta:1
පරීක්ෂණයෙන්	pariksanayen:2	parikshanayen:1
පරීක්ෂණයේ	pariksanaye:3
පරීක්ෂණවල	pariksanavala:2	parikshanavala:1	parikshanawala:1
පරීක්ෂණාගාර	pariksanagara:2	parikshanagara:1
පරීක්ෂණාගාරය	pariksanagaraya:3
පරීක්ෂණාත්මක	pariksanatmaka:3
පරීක්ෂණාත්මකව	pariksanatmakava:3	pariksanatmakawa:1
පරීක්ෂන	pariksana:3
පරීක්ෂා	pariksha:3	pariksa:2
පරීක්ෂාකාරී	pariksakari:2	parikshakari:1
පරීක්ෂාව	pariksava:3	pariksawa:1
පරීක්ෂාවක්	pariksavak:3	pariksawak:1
පරීක්ෂාවට	pariksavata:3	pariksawata:1
පරුෂ	parusa:3
පරෙවි	parevi:3	parewi:1
පරෙවියන්	pareviyan:3	parewiyan:1
පල	pala:3
පලකරන	palakarana:3
පලක්	palak:3
පලකිරීම	palakirima:3
පලතුරක්	palaturak:2	palathurak:1
පලතුරු	palaturu:2	palathuru:1
පලදාව	paladava:3	paladawa:1
පලදෙන	paladena:3
පලපුරුද්ද	palapurudda:3
පලපුරුදු	palapurudu:3
පලමු	palamu:3
පලමුව	palamuva:3	palamuwa:1
පලය	palaya:3
පලයන්	palayan:3
පලවන	palavana:3	palawana:1
පලවා	palawa:2	palava:3
පලවිය	palaviya:3	palawiya:1
පලවූ	palavu:3	palawu:1
පලවෙනි	palaveni:3	palaweni:1
පලවේ	palave:3	palawe:1
පලස්	palas:3
පලස්තීන	palastina:2	palestine:1
පලස්තීනය	palastinaya:3
පලස්තීනයේ	palastinaye:2	palestinaye:1
පලස්තීනුවන්	palastinuvan:3	palastinuwan:1
පල්	pal:3
පල්පය	palpaya:3
පල්ල	palla:3
පල්ලම	pallama:3
පල්ලව	pallava:3
පල්ලි	palli:3
පල්ලිය	palliya:3
පල්ලියක්	palliyak:3
පල්ලියට	palliyata:3
පල්ලියේ	palliye:3
පල්ලේගම	pallegama:2	palegama:1
පලා	pala:2	palaa:1
පලාගිය	palagiya:2	palaagiya:1
පලාගියේ	palagiye:2	palaagiye:1
පලාත	palatha:2	palaatha:1	palata:1
පලාතට	palaathata:1	palatata:1	palathata:1
පලාත්	palath:2	palaath:1	palat:1
පලාතේ	palaathe:1	palate:1	palathe:1
පලායාමට	palayamata:2	palaayaamata:1
පලාලි	palali:2	palaali:1
පලි	pali:3
පලිබෝධ	palibodha:3
පලිබෝධක	palibodhaka:3
පලිබෝධනාශක	palibodhanaashaka:1	palibodhanasaka:1	palibodhanashaka:1
පලිහ	paliha:3
පලිහක්	palihak:3
පලු	palu:3
පලුදු	paludu:3
පව	pawa:2	pava:1
පවක්	pawak:2	pavak:1
පවත්නා	pawathna:3	pawathnaa:2	pavatna:1
පවත්නාවූ	pawathnaawoo:2	pavatnavu:1	pawathnaawuu:1
පවත්වති	pawathwathi:2	pavatvati:1
පවත්වන	pawathwana:2	pavatvana:1
පවත්වන්නා	pawathwannaa:2	pavatvanna:1
පවත්වනු	pawathwanu:2	pavatvanu:1
පවත්වමින්	pawathwamin:2	pavatvamin:1
පවත්වයි	pavatvayi:1	pawathwaai:1	pawathwai:1	pawathwayi:1
පවත්වා	pawathwa:9	pawathwaa:2	pavatva:1
පවත්වාගත	pawathwaagatha:2	pavatvagata:1
පවත්වාගත්	pawathwaagath:2	pavatvagat:1
පවත්වාගන්නේ	pawathwaaganne:2	pavatvaganne:1
පවත්වාගනිමින්	pawathwaaganimin:2	pavatvaganimin:1
පවත්වාගෙන	pawathwagena:6	pawathwaagena:2	pavatvagena:1
පවත්වාගෙනයාම	pawathwaagenayaama:2	pavatvagenayama:1
පවති	pawathi:2	pavati:1
පවතිද්දි	pawathiddi:2	pavatiddi:1
පවතිද්දී	pawathiddee:2	pavatiddi:1
පවතින	pawathina:2	pavatina:1
පවතිනවා	pawathinawaa:2	pavatinava:1
පවතින්නක්	pawathinnak:2	pavatinnak:1
පවතින්නකි	pawathinnaki:2	pavatinnaki:1
පවතින්නට	pawathinnata:2	pavatinnata:1
පවතින්නා	pawathinnaa:2	pavatinna:1
පවතින්නේ	pawathinne:2	pavatinne:1
පවතිනු	pawathinu:2	pavatinu:1
පවතිනුයේ	pawathinuye:2	pavatinuye:1	pawathinuyay:1
පවතියි	pavatiyi:1	pawathiy:1	pawathiyi:1
පවතී	pawathi:24	pawathee:2	pavati:1
පවතීද	pawatheeda:2	pavatida:1
පවතීවා	pavativa:1	pawatheewa:1	pawatheewaa:1
පවතීවි	pawatheewi:2	pavativi:1
පවන්	pawan:2	pavan:1
පවර	pawara:2	pavara:1
පවරන	pawarana:2	pavarana:1
පවරයි	pavarayi:2	pawaraai:1	pawarayi:1
පවර්පොයින්ට්	powerpoint:3
පවරා	pavara:2	pawaraa:1
පවරාගත්	pavaragat:2	pawaraagath:1
පවස	pavasa:2	pawasa:1
පවසත්	pavasat:2	pawasath:1
පවසති	pavasati:2	pawasathi:1
පවසතොත්	pavasatot:2	pawasathoth:1
පවසන	pawasana:8	pavasana:2
පවසනවා	pavasanava:2	pawasanawaa:1
පවසන්නට	pavasannata:2	pawasannata:1
පවසන්නේ	pawasanne:5	pavasanne:2
පවසනු	pavasanu:2	pawasanu:1
පවසනුයේ	pavasanuye:2	pawasanuyay:1	pawasanuye:1
පවසමින්	pavasamin:2	pawasamin:1
පවසමිනි	pavasamini:2	pawasamini:1
පවසයි	pawasai:8	pavasayi:2	pawasaai:1	pawasayi:1
පවසා	pawasa:4	pavasa:2	pawasaa:1
පව්	pav:2	paw:1
පව්කාරයන්	pavkarayan:2	pawkaarayan:1
පව්ව	pavva:3
පව්වේ	pavve:3
පවා	pawa:14	pava:3
පවිටු	pavitu:3
පවිත්‍ර	pavitra:3
පවිත්‍රකරණය	pavitrakaranaya:2	pavithrakaranaya:1
පවිත්‍රණය	pavitranaya:2	pavithranaya:1
පවිත්‍රතාවය	pavitratavaya:2	pavithrathavaya:1
පවිත්‍රා	pavitra:3
පවිත්‍රීකරණය	pavitrikaranaya:3
පවුම්	pavum:3
පවුර	pavura:3
පවුරක්	pavurak:3
පවුරු	pavuru:3
පවුරේ	pavure:3
පවුල	pawula:6	pavula:3
පවුලක	pavulaka:3
පවුලකට	pavulakata:3
පවුලක්	pavulak:3
පවුලකි	pavulaki:2	pawulaki:1
පවුලකින්	pavulakin:2	pawulakin:1
පවුලට	pawlata:2	pavulata:2	pawulata:1
පවුලම	pavulama:2	pawulama:1
පවුල්	pawul:7	pavul:2
පවුල්වල	pavulvala:2	pawulwala:1
පවුල්වලට	pavulvalata:2	pawulwalata:1
පවුල්වලින්	pavulvalin:2	pawulwalin:1
පවුලෙන්	pavulen:2	pawulen:1
පවුලෙහි	pavulehi:2	pawulehi:1
පවුලේ	pawule:7	pavule:2
පවෙල්	pavel:1	pawel:1	powell:1
පශ්චාත්	paschath:2	pascat:2	pashchaath:1
පශ්චිම	pascima:2	pashchima:1
පශු	pasu:2	pashu:1
පස	pasa:3
පසක්	pasak:3
පසකින්	pasakin:3
පසට	pasata:3
පසම්	pasam:3
පසමිතුරු	pasamituru:2	pasmithuru:1
පසලොස්වක	pasalosvaka:3
පසළොස්	pasalos:3
පසළොස්වක	pasalosvaka:3
පස්	pas:3
පස්කම්	paskam:3
පස්දෙනකු	pasdenaku:3
පස්දෙනා	pasdena:3
පස්දෙනෙකුගෙන්	pasdenekugen:3
පස්දෙනෙකුට	pasdenekuta:3
පස්යොදුන්	pasyodun:3
පස්වග	pasvaga:3
පස්වන	pasvana:3
පස්වලින්	pasvalin:3
පස්සෙන්	passen:3
පස්සේ	passe:3
පසාරු	pasaru:3
පසින්	pasin:3
පසිඳලීම	pasindalima:2	pasindaleema:1
පසිඳු	pasindu:3
පසු	pasu:3
පසුකර	pasukara:3
පසුකරන	pasukarana:3
පසුකල	pasukala:3
පසුකලක	pasukalaka:3
පසුකලෙක	pasukaleka:3
පසුකාලයක	pasukalayaka:2	pasukaalayaka:1
පසුකාලයේ	pasukalaye:2	pasukaalayay:1	pasukaalaye:1
පසුකාලිනව	pasukalinava:2	pasukaalinawa:1
පසුකාලීන	pasukalina:2	pasukaaleena:1
පසුකාලීනව	pasukalinava:2	pasukaaleenawa:1
පසුගිය	pasugiya:3
පසුතල	pasutala:2	pasuthala:1
පසුතලය	pasutalaya:2	pasuthalaya:2
පසුතැවිල්ලට	pasutaevillata:2	pasuthaewillata:1
පසුතැවිලි	pasutaevili:2	pasuthaewili:1
පසුතැවී	pasutaewi:1	pasuthaevi:1	pasuthaewi:1
පසුද	pasuda:3	pasudha:1
පසුදා	pasuda:3	pasudha:1
පසුදින	pasudina:3
පසුපස	pasupasa:3
පසුපසට	pasupasata:3
පසුපසින්	pasupasin:3
පසුබට	pasubata:3
පසුබසින	pasubasina:3
පසුබිම	pasubima:3
පසුබිමක	pasubimaka:3
පසුබිමක්	pasubimak:3
පසුබිමකින්	pasubimakin:3
පසුබිම්	pasubim:3
පසුබිමින්	pasubimin:3
පසුබිමේ	pasubime:3
පසුය	pasuya:3
පසුව	pasuwa:58	pasuva:2
පසුවත්	pasuvat:1	pasuvath:1	pasuwat:1	pasuwath:1
පසුවද	pasuvada:2	pasuwada:1
පසුවන	pasuvana:2	pasuwana:1
පසුවන්නේ	pasuvanne:2	pasuwanne:1
පසුවය	pasuwaya:4	pasuvaya:2
පසුවයි	pasuvayi:2	pasuwai:1	pasuway:1
පසුවිය	pasuviya:2	pasuwiya:1
පසුවීම	pasuweema:2	pasuvima:2	pasuwima:1
පසුවූ	pasuvu:3
පසුවෙයි	pasuveyi:2	pasuwei:1	pasuwey:1
පසෙක	paseka:3
පසෙකට	pasekata:3
පසෙකලා	pasekala:3
පසෙකින්	pasekin:3
පසෙහි	pasehi:3
පසේ	pase:3	passe:1
පසේනදී	pasenadi:3	pasenadhi:1
පහ	paha:3
පහක	pahaka:3
පහකට	pahakata:3
පහකරන	pahakarana:3
පහක්	pahak:3
පහකි	pahaki:3
පහකින්	pahakin:3
පහකොට	pahakota:3
පහට	pahata:3
පහණ	pahana:3
පහණක්	pahanak:3
පහත	pahatha:16	pahata:2
පහතට	pahatata:2	pahathata:2
පහතරට	pahatarata:2	pahatharata:2
පහත්	pahath:6	pahat:2
පහත්බිම්වල	pahatbimvala:1	pahatbimwala:1	pahathbimvala:1	pahathbimwala:1
පහතින්	pahathin:2	pahatin:2
පහදා	pahada:3	pahadha:1
පහන	pahana:3
පහනක්	pahanak:3
පහනට	pahanata:3
පහන්	pahan:3
පහම	pahama:3
පහය	pahaya:3
පහර	pahara:3
පහරකට	paharakata:3
පහරක්	paharak:3
පහරකින්	paharakin:3
පහරදී	paharadi:3	paharadhi:1
පහරදීම	paharadima:3
පහරදීමට	paharadeemata:2	paharadimata:3
පහරදීම්	paharadim:3	paharadeam:1	paharadeem:1
පහරදුන්	paharadun:3
පහරවල්	paharaval:2	paharawal:1
පහරවලින්	paharavalin:2	paharawalin:1
පහරෙහි	paharehi:3
පහරේ	pahare:3	paharee:1
පහල	pahala:3
පහලට	pahalata:3
පහලවන	pahalavana:2	pahalawana:1
පහලවීම	pahalavima:2	pahalaweema:1	pahalawima:1
පහලවූ	pahalavu:3
පහලින්	pahalin:3
පහලොවක්	pahalovak:2	pahalowak:1
පහලොස්	pahalos:3
පහව	pahava:2	pahawa:1
පහවූ	pahavu:3
පහස	pahasa:3
පහසු	pahasu:3
පහසුකම	pahasukama:3
පහසුකමක්	pahasukamak:3
පහසුකමකි	pahasukamaki:3
පහසුකම්	pahasukam:3
පහසුකර	pahasukara:3
පහසුම	pahasuma:3
පහසුය	pahasuya:3
පහසුව	pahasuva:2	pahasuwa:1
පහසුවක්	pahasuvak:2	pahasuwak:1
පහසුවන	pahasuvana:2	pahasuwana:1
පහසුවෙන්	pahasuwen:5	pahasuven:2
පහසුවෙන්ම	pahasuvenma:2	pahasuwenma:1
පහසුවේ	pahasuve:2	pahasuwe:1
පහළ	pahala:3
පහළට	pahalata:3
පහළම	pahalama:3
පහළවන	pahalavana:2	pahalawana:1
පහළින්	pahalin:3
පහළොස්	pahalos:3	pahalose:1
පහළොස්වන	pahalosvana:2	pahaloswana:1
පහු	pahu:3
පහුර	pahura:3
පහෙන්	pahen:3
පහේ	pahe:3
පළ	pala:3
පළකර	palakara:3
පළකරන	palakarana:3
පළකරමින්	palakaramin:3
පළකිරීම	palakirima:3
පළකිරීමේ	palakirime:3
පළඟ	palanga:3
පළතුරකි	palaturaki:2	palathuraki:1
පළතුරු	palaturu:2	palathuru:1
පළඳනා	palandana:2	paladanana:1	paladhana:1
පළඳනාව	palandanava:2	paladanawa:1	paladhanawa:1
පළඳනාවක්	palandanavak:2	paladanawak:1	paladhanawak:1
පළඳින	palandina:2	paladina:1
පළපුරුද්ද	palapurudda:3	palapuruddha:1
පළපුරුදු	palapurudu:3	palapurudhu:1
පළමුව	palamuwa:8	palamuva:2
පළමුවන	palamuwana:4	palamuvana:2
පළමුවම	palamuvama:1	palamuvava:1	palamuwama:1
පළමුවර	palamuvara:2	palamuwra:1
පළමුවරට	palamuvarata:2	palamuwarata:1
පළමුවෙන්	palamuven:2	palamuwen:1
පළමුවෙන්ම	palamuwenma:3	palamuvenma:2
පළමුවෙනි	palamuveni:2	palamuweni:1
පළල	palala:3
පළලක්	palalak:3
පළලකින්	palalakin:3
පළලට	palalata:3
පළල්	palal:3
පළලින්	palalin:3
පළවන	palavana:2	palawana:1
පළවා	palava:2	palawa:1
පළවිය	palaviya:2	palawiya:1
පළවූ	palavu:3
පළවෙනි	palaveni:2	palaweni:1
පළවේ	palave:2	palawe:1
පළා	pala:3	palah:1
පළාත	palata:2	palatha:1
පළාතක්	palatak:2	palathak:1
පළාතට	palatata:2	palathata:1
පළාත්	palath:12	palat:2
පළාත්බද	palatbada:2	palathbada:1
පළාත්වල	palatvala:2	palathvala:1
පළාතෙහි	palatehi:2	palathehi:1
පළාතේ	palathe:10	palate:2
පළිබෝධ	palibodha:2	paibodha:1
පළිබෝධක	palibodhaka:3
පළිබෝධකයන්	palibodhakayan:3
පළිහ	paliha:3
පළිහක්කාර	palihakkara:4
පළු	palu:3
පළුදු	paludu:2	paladhu:1	paladu:1
ප්රතිපත්ති	prathipaththi:2	pratipatti:1
ප්රතිඵල	pratiphala:2	prathipala:1
ප්රතිඵලයක්	prathipalayak:1	prathiphalayak:1	pratiphalayak:1
ප්රමාණයේ	pramanaye:3
ප්රාථමික	prathamika:3
ප්රායෝගික	prayogika:3
ප්ලස්	plus:2	place:1
ප්ලාස්කු	plasku:3
ප්ලාස්ටර්	plaster:3
ප්ලාස්ටික්	plastic:3
ප්ලාස්ම	plasma:3
ප්ලාස්මා	plasma:3
ප්ලෑන්ක්	plank:3	prank:1
ප්ලුටෝ	pluto:4
ප්ලූටෝ	pluto:3
ප්ලේටෝ	pleto:2	plato:1	pluto:1
ප්ලේටෝගේ	pletoge:3	plutoge:1
ප්ලේස්	place:2	ples:1
ප්‍ර	pra:3
ප්‍රංශ	fransha:2	pransa:2	pramsa:1
ප්‍රංශය	pransaya:2	pramsaya:1
ප්‍රංශයට	pransayata:2	pramsayata:1
ප්‍රංශයයි	pransayayi:2	pramsayayi:1
ප්‍රංශයෙන්	pransayen:2	pramsayen:1
ප්‍රංශයේ	pranshaye:2	pransaye:2	pramsaye:1
ප්‍රකට	prakata:3
ප්‍රකටය	prakataya:3
ප්‍රකටව	prakatava:3	prakatawa:1
ප්‍රකරණ	prakarana:3
ප්‍රක්ෂිප්ත	praksipta:2	praksiptha:1
ප්‍රක්ෂේපක	praksepaka:3
ප්‍රක්ෂේපණ	praksepana:3
ප්‍රක්ෂේපනය	praksepanaya:3
ප්‍රකාර	prakara:3
ප්‍රකාරව	prakarava:3	prakarawa:1
ප්‍රකාශ	prakasha:26	prakasa:3
ප්‍රකාශක	prakasaka:3
ප්‍රකාශකයන්	prakasakayan:3
ප්‍රකාශකයා	prakasakaya:3
ප්‍රකාශකයෙකු	prakasakayeku:3
ප්‍රකාශකර	prakasakara:3
ප්‍රකාශකල	prakasakala:3
ප්‍රකාශණ	prakasana:3
ප්‍රකාශන	prakashana:3	prakasana:3
ප්‍රකාශනය	prakasanaya:3
ප්‍රකාශනයක	prakasanayaka:3
ප්‍රකාශනයක්	prakasanayak:3
ප්‍රකාශනයට	prakasanayata:3
ප්‍රකාශනයන්	prakasanayan:3
ප්‍රකාශනයන්ට	prakasanayanta:3
ප්‍රකාශනයේ	prakasanaye:3
ප්‍රකාශය	prakashaya:4	prakasaya:3
ප්‍රකාශයක්	prakasayak:3
ප්‍රකාශයට	prakashayata:10	prakasayata:3
ප්‍රකාශයන්	prakasayan:3
ප්‍රකාශ්	prakas:2	prakash:1
ප්‍රකාශිත	prakasita:2	prakasitha:1
ප්‍රකාශිතය	prakasitaya:3
ප්‍රකාශිතව	prakasitava:3	prakasitawa:1
ප්‍රකාෂ	prakasa:2	prakasha:1
ප්‍රකෘති	prakrthi:1	prakrti:1	prakuthi:1	prakuti:1
ප්‍රකෝටි	prakoti:3
ප්‍රගති	pragathi:2	pragati:2
ප්‍රගතිය	pragathiya:2	pragatiya:2
ප්‍රගතියක්	pragathiyak:2	pragatiyak:2
ප්‍රගතියට	pragathiyata:2	pragatiyata:2
ප්‍රගතිශීලී	pragatisili:2	pragathishileewa:1	pragathishiliwa:1
ප්‍රගමනය	pragamanaya:3
ප්‍රගුණ	praguna:3
ප්‍රචණ්ඩ	pracanda:2	prachanda:1	prachandha:1
ප්‍රචණ්ඩකාරී	pracandakari:2	prachandakari:1	prachandhakari:1
ප්‍රචණ්ඩත්වය	prachandathwaya:2	pracandatvaya:2	prachandaathwaya:1	prachandhaathwaya:1
ප්‍රචණ්ඩත්වයක්	pracandathvayak:1	pracandatvayak:1	prachandaathwayak:1	prachandhaathwayak:1
ප්‍රචණ්ඩත්වයේ	pracandathvaye:1	pracandatvaye:1	prachandaathwaye:1	prachandhaathwaye:1
ප්‍රචන්ඩ	pracanda:2	prachanda:1	prachandha:1
ප්‍රචලිත	prachalitha:11	pracalita:2	prachalita:1
ප්‍රචලිතම	pracalitama:1	pracalithama:1	prachalithama:1
ප්‍රචලිතය	pracalitaya:2	prachalithaya:1
ප්‍රචලිතව	prachalithawa:3	pracalitava:2	pracalitawa:1	prachalitawa:1
ප්‍රචාර	pracara:2	prachara:1
ප්‍රචාරක	pracaraka:2	pracharaka:1
ප්‍රචාරණ	pracharana:2	pracarana:2
ප්‍රචාරණය	pracaranaya:2	pracharanaya:1
ප්‍රචාරණයට	pracaranayata:2	pracharanayata:1
ප්‍රචාරණයේ	pracaranaye:2	pracharanaye:1
ප්‍රචාරය	pracaraya:2	pracharaya:1
ප්‍රචාරයට	pracarayata:2	pracharayata:1
ප්‍රචාරයන්	pracarayan:2	pracharayan:1
ප්‍රචාරාත්මක	pracarathmaka:1	pracaratmaka:1	pracharathmaka:1
ප්‍රචාලන	pracalana:2	prachalana:1
ප්‍රචාලනය	pracalanaya:2	prachalanaya:1
ප්‍රජනක	prajanaka:3
ප්‍රජනන	prajanana:3
ප්‍රජනනය	prajananaya:3
ප්‍රජා	praja:3	prajha:1
ප්‍රජාතන්ත්‍ර	prajatantra:1	prajathanthra:1	prajathantra:1
ප්‍රජාතන්ත්‍රවාදය	prajatantravadaya:1	prajathanthravadaya:1	prajathantrahwadaya:1
ප්‍රජාතන්ත්‍රවාදයක්	prajatantravadayak:1	prajathanthravadayak:1	prajathantrawadayak:1
ප්‍රජාතන්ත්‍රවාදයේ	prajatantravadaye:1	prajathanthravadaye:1	prajathanthrawadaye:1
ප්‍රජාතන්ත්‍රවාදි	prajatantravadi:1	prajathanthravadi:1	prajathantrawadi:1
ප්‍රජාතන්ත්‍රවාදී	prajatantravadi:1	prajathanthravadi:1	prajathanthrawadhi:1	prajathanthrawadi:1
ප්‍රජාතාන්ත්‍රික	prajatantrika:1	prajathanthrika:1	prajathantrihka:1	prajathantrika:1
ප්‍රජාතාන්ත්‍රීය	prajatantriya:1	prajathanthriya:1	prajathantreeya:1	prajathantriya:1
ප්‍රජානන	prajanana:3	prajaanana:1
ප්‍රජානනය	prajananaya:3	prajaananaya:1
ප්‍රජාපතී	prajapathi:2	prajapati:2	prajapatee:1
ප්‍රජාව	prajava:2	prajawa:1
ප්‍රජාවක්	prajavak:2	prajawak:1
ප්‍රජාවගේ	prajavage:2	prajaawage:1	prajawage:1
ප්‍රජාවට	prajavata:2	prajawata:2	prajaawata:1
ප්‍රජාවන්	prajavan:2	prajawan:2	prajaawan:1
ප්‍රජාවන්ගේ	prajavange:2	prajawange:2	prajaawange:1
ප්‍රජාවන්ට	prajavanta:2	prajaawanta:1	prajawanta:1
ප්‍රජාවේ	prajave:2	prajawe:2
ප්‍රඥප්තිය	pragnapthiya:1	praguapthiya:1	prajnaptiya:1	prayapthiya:1
ප්‍රඥප්තියට	pragnapthiyata:1	pragnaptiyata:1	prajnaptiyata:1
ප්‍රඥප්තියේ	pragnapthiye:1	pragnaptiye:1	prajnaptiye:1
ප්‍රඥා	pragna:2	prajna:1
ප්‍රඥාව	pragnava:2	pragnawa:1	prajnava:1
ප්‍රඥාවක්	pragnavak:2	pragnawak:1	prajnavak:1
ප්‍රණාම	pranama:3
ප්‍රණාමය	pranamaya:3
ප්‍රණාල	pranala:3
ප්‍රණාලය	pranalaya:3
ප්‍රණීත	pranita:2	pranitha:1
ප්‍රතම	pratama:2	prathama:1
ප්‍රත්‍ය	pratya:2	prathya:1
ප්‍රත්‍යක්ෂ	prathyaksha:1	pratyakasa:1	pratyaksa:1
ප්‍රත්‍යක්ෂමය	pratyaksamaya:2	prathyakshamaya:1
ප්‍රත්‍යක්ෂයෙන්	pratyaksayen:2	prathyaksayen:1
ප්‍රත්‍යස්ථ	pratyastha:2	prathyastha:1
ප්‍රත්‍යා	pratya:2	prathya:1
ප්‍රත්‍යාවර්ත	prathyawartha:3	prathgyawartha:1	prathnyawartha:1	prathyavarta:1
ප්‍රත්‍යාවර්තක	prathgyawarthaka:1	prathnyawarthaka:1	prathyavarthaka:1	pratyavartaka:1
ප්‍රත්‍යාවර්ථ	prathyawartha:2	prathgyawartha:1	prathyavartha:1	pratyavartha:1
ප්‍රත්‍යාස්ථ	prathgyastha:1	prathnyasta:1	prathyastha:1	pratyastha:1
ප්‍රතාප	pratapa:2	prathapa:2
ප්‍රතාපවත්	prathapawath:2	pratapavat:1	prathapavath:1
ප්‍රති	prathi:2	prati:2
ප්‍රතිඑල	prathiela:1	prathipala:1	pratiela:1	pratipala:1
ප්‍රතිඑලයක්	prathielayak:1	prathipalayak:1	pratielayak:1	pratipalayak:1
ප්‍රතිකර්ම	prathikarma:2	pratikarma:1
ප්‍රතික්ශේප	prathiksepa:1	prathikshepa:1	pratiksepa:1	pratikshepa:1
ප්‍රතික්ෂේප	prathikshepa:2	pratiksepa:1	pratikshepa:1
ප්‍රතික්‍රියක	prathikriyaka:2	pratikriyaka:2
ප්‍රතික්‍රියකවල	prathikriyakawala:2	prathikriyakavala:1	pratikriyakavala:1	pratikriyakawala:1
ප්‍රතික්‍රියා	prathikriya:2	pratikriya:2
ප්‍රතික්‍රියාකාරක	prathikriyakaraka:2	pratikriyakaraka:2
ප්‍රතික්‍රියාකාරකයක්	prathikriyakarakayak:2	pratikriyakarakayak:2
ප්‍රතික්‍රියාව	prathikriyawa:2	prathikriyava:1	pratikriyava:1	pratikriyawa:1
ප්‍රතික්‍රියාවක	prathikriyavaka:1	prathikriyawaka:1	pratikriyavaka:1	pratikriyawaka:1
ප්‍රතික්‍රියාවකදී	prathikriyavakadi:1	prathikriyawakadi:1	pratikriyavakadi:1	pratikriyawakadi:1
ප්‍රතික්‍රියාවක්	prathikriyawak:2	prathikriyavak:1	pratikriyavak:1	pratikriyawak:1
ප්‍රතික්‍රියාවල	prathikriyavala:1	prathikriyawala:1	pratikriyavala:1	pratikriyawala:1
ප්‍රතික්‍රියාවලට	prathikriyawalata:2	prathikriyavalata:1	pratikriyavalata:1	pratikriyawalata:1
ප්‍රතික්‍රියාවෙන්	prathikriyaven:1	prathikriyawen:1	pratikriyaven:1	pratikriyawen:1
ප්‍රතික්‍රියාවේ	prathikriyawe:2	prathikriyave:1	pratikriyave:1	pratikriyawe:1
ප්‍රතික්‍රියාශීලී	prathikriyashili:1	prathikriyasili:1	pratikriyashili:1	pratikriyasili:1
ප්‍රතික්‍රීයක	prathikriyaka:2	prathikreeyaka:1	pratikriyaka:1
ප්‍රතිකාර	prathikara:2	pratikara:1
ප්‍රතිකාරක	prathikaraka:2	pratikaraka:1
ප්‍රතිකාරකය	prathikarakaya:2	pratikarakaya:1
ප්‍රතිකාරකයක්	prathikarakayak:2	pratikarakayak:2
ප්‍රතිකාරය	prathikaraya:2	pratikaraya:1
ප්‍රතිකාරයක්	prathikarayak:2	pratikarayak:1
ප්‍රතිකාරයන්	prathikarayan:2	pratikarayan:1
ප්‍රතිග්‍රහණය	prathigrahanaya:2	pratigrahanaya:1
ප්‍රතිග්‍රාහක	prathigrahaka:2	pratigrahaka:1
ප්‍රතිගාමී	prathigami:2	prathigamee:1	pratigami:1
ප්‍රතිචක්‍රීකරණය	prathicakrikaranaya:1	prathichakkrikaranaya:1	praticakrikaranaya:1
ප්‍රතිචක්‍රීයකරණය	prathicakriyakaranaya:1	prathichakkriyakaranaya:1	praticakriyakaranaya:1
ප්‍රතිචාර	prathichara:6	praticara:2
ප්‍රතිචාරය	prathicaraya:1	prathicharaya:1	praticaraya:1
ප්‍රතිචාරයක්	prathicarayak:1	prathicharayak:1	praticarayak:1
ප්‍රතිචාරයන්	prathicarayan:1	prathicharayan:1	praticarayan:1
ප්‍රතිජනනය	pratijananaya:2	prathijananaya:1
ප්‍රතිජීවක	prathijivaka:1	prathijiwaka:1	pratijivaka:1
ප්‍රතිඥා	prathigna:2	prathgya:1	pratijna:1	pratngya:1
ප්‍රතිඥාව	prathignava:1	prathignawa:1	prathigyawa:1	prathinyawa:1
ප්‍රතිථල	prathithala:2	prathitala:1	pratithala:1
ප්‍රතිදාන	prathidana:2	prathidhaana:1	pratidana:1
ප්‍රතිදානය	prathidanaya:2	prathidaanaya:1	pratidanaya:1
ප්‍රතිදීප්ත	prathidipta:2	prathideeptha:1	pratideepta:1	pratidipta:1
ප්‍රතිදේහ	prathideha:2	pratideha:1
ප්‍රතිනිර්මාණය	prathinirmanaya:2	pratinirmanaya:1
ප්‍රතිනිෂ්පාදනය	prathinishpadanaya:1	prathinispadanaya:1	pratinispadanaya:1
ප්‍රතිපක්ෂව	prathipakshawa:2	prathipakshava:1	pratipaksava:1
ප්‍රතිපත්ති	prathipaththi:2	pratipatti:1
ප්‍රතිපත්තිමය	prathipaththimaya:2	pratipattimaya:1
ප්‍රතිපත්තිය	prathipaththiya:3	pratipattiya:2
ප්‍රතිපත්තියකට	pratipattiyakata:2	prathipaththiyakata:1
ප්‍රතිපත්තියක්	pratipattiyak:2	prathipaththiyak:1
ප්‍රතිපත්තියට	pratipattiyata:2	prathipaththiyata:1
ප්‍රතිපත්තියේ	pratipattiye:2	prathipaththiye:1
ප්‍රතිපත්තිවල	pratipattivala:2	pratipaththivala:1	pratipaththiwala:1
ප්‍රතිපත්තීන්	pratipattin:2	prathipaththin:1
ප්‍රතිපදාව	pratipadava:2	prathipadava:1	prathipadawa:1
ප්‍රතිපදාවයි	pratipadavayi:2	prathipadavayi:1	prathipadawayi:1
ප්‍රතිපල	pratipala:2	prathipala:1
ප්‍රතිපලයක්	pratipalayak:2	prathipalayak:1
ප්‍රතිප්‍රහාර	pratiprahara:2	prathipaththiyak:1
ප්‍රතිපාදන	prathipadana:4	pratipadana:2
ප්‍රතිපෝෂණ	pratiposana:2	prathiposana:1
ප්‍රතිපෝෂණය	pratiposanaya:2	prathiposanaya:1
ප්‍රතිඵල	prathipala:4	pratiphala:2	prathiphala:1
ප්‍රතිඵලය	prathipalaya:4	pratiphalaya:2	prathiphalaya:1
ප්‍රතිඵලයක්	prathipalayak:6	pratiphalayak:2	prathiphalayak:1
ප්‍රතිඵලයකි	pratiphalayaki:2	prathiphalayaki:1
ප්‍රතිබිම්බ	prathibimba:2	pratibimba:2
ප්‍රතිබිම්බයක්	pratibimbayak:2	prathibimbayak:1
ප්‍රතිබිම්භ	pratibimbha:2	prathibimbha:1
ප්‍රතිබිම්භය	pratibimbhaya:2	prathibimbhaya:1
ප්‍රතිබිම්භයක්	pratibimbhayak:2	prathibimbhayak:1
ප්‍රතිභා	pratibha:2	prathibhaa:1
ප්‍රතිභාපූර්ණ	pratibhapurna:2	prathibhapoorna:1
ප්‍රතිභාව	pratibhava:2	prathibhawa:1
ප්‍රතිමා	prathima:8	pratima:2	prathimaa:1
ප්‍රතිමාව	prathimawa:4	pratimava:4	prathimaawa:2
ප්‍රතිමාවක්	pratimavak:2	prathimaawak:1
ප්‍රතිමාවට	pratimavata:2	prathimaawata:1
ප්‍රතිමාවන්	pratimavan:2	prathimaawan:1
ප්‍රතිමාවල	pratimavala:2	prathimaawala:1
ප්‍රතිමාවලට	pratimavalata:2	prathimaawalata:1
ප්‍රතිමාවේ	pratimave:2	prathimaawe:1
ප්‍රතිමූර්තියක්	pratimurtiyak:2	prathimurthiyak:1
ප්‍රතියම	pratiyama:2	prathiyama:1
ප්‍රතිරූප	pratirupa:2	prathirupa:1
ප්‍රතිරූපය	pratirupaya:2	prathirupaya:1
ප්‍රතිරූපයට	pratirupayata:2	prathirupayata:1
ප්‍රතිරෝධ	pratirodha:2	prathirodha:1
ප්‍රතිරෝධක	pratirodhaka:2	prathirodhaka:1
ප්‍රතිරෝධය	pratirodhaya:2	prathirodhaya:1
ප්‍රතිරෝධයක්	pratirodhayak:2	prathirodhayak:1
ප්‍රතිරෝධී	pratirodhi:2	prathirodhi:1
ප්‍රතිලාභ	pratilabha:2	prathilabha:1
ප්‍රතිලාභයක්	pratilabhayak:2	prathilabhayak:1
ප්‍රතිලාභයන්	pratilabhayan:2	prathilabhayan:1
ප්‍රතිලාභියා	pratilabhiya:2	prathilabhiya:1
ප්‍රතිලෝම	pratiloma:2	prathiloma:1
ප්‍රතිලෝමව	pratilomava:2	prathilomava:1
ප්‍රතිවයිරස	prativayirasa:2	prathivayirasa:1
ප්‍රතිවර්ත	prativarta:2	prathiwartha:1
ප්‍රතිවර්තනය	prativartanaya:2	prathiwarthanaya:1
ප්‍රතිව්‍යුහගත	prativyuhagata:2	prathiwyahagatha:1
ප්‍රතිව්‍යුහගතකරණය	prativyuhagatakaranaya:2	prathiwyahagathakaranaya:1
ප්‍රතිවාදියා	prativadiya:2	prathiwaadiyaa:1
ප්‍රතිවාදියාගේ	prathiwadiyage:2	prativadiyage:2	prathiwaadiyaage:1
ප්‍රතිවාදියාට	prativadiyata:2	prathiwaadiyaata:1
ප්‍රතිවාදී	prativadi:2	prathiwaadee:1
ප්‍රතිවාදීන්	prativadin:2	prathiwaadeen:1
ප්‍රතිවිප්ලවවාදී	prativiplavavadi:2	prathiwiplawawaadee:1
ප්‍රතිවිපාක	prativipaka:2	prathiwipaaka:1
ප්‍රතිවිපාකයක්	prativipakayak:2	prathiwipaakayak:1
ප්‍රතිවිරුද්ධ	prativiruddha:2	prathiwiruddha:1
ප්‍රතිවිරුද්ධව	prativiruddhava:2	prathiwiruddhawa:1
ප්‍රතිවිරෝධය	prativirodhaya:2	prathiwirodhaya:1
ප්‍රතිවෛරස	prativairasa:2	prathiwairasa:1
ප්‍රතිවෛරස්	prativairas:4	prathiwairas:1	prativirus:1
ප්‍රතිශක්ති	pratisakti:2	prathishakthi:1
ප්‍රතිශක්තිකරණ	pratisaktikarana:2	prathishakthikarana:1
ප්‍රතිශක්තිකරණය	pratisaktikaranaya:2	prathishakthikaranaya:1
ප්‍රතිශක්තිය	pratisaktiya:2	prathishakthiya:1
ප්‍රතිශත	pratisata:2	prathishatha:1
ප්‍රතිශතය	pratisataya:2	prathishathaya:1
ප්‍රතිශතයක්	pratisatayak:2	prathishathayak:1
ප්‍රතිශෝධනය	pratisodhanaya:2	prathishodhanaya:1
ප්‍රතිෂ්ටාව	pratistava:2	prathishtava:1
ප්‍රතිෂ්ඨාපනය	pratisthapanaya:2	prathishtahapanaya:1
ප්‍රතිෂ්ඨාව	pratisthava:2	prathishtahava:1
ප්‍රතිසංවිධානය	prathisanvidhanaya:1	pratisamvidhanaya:1	pratisanvidhanaya:1
ප්‍රතිසංස්කරණ	prathisanskarana:1	pratisamskarana:1	pratisanskarana:1
ප්‍රතිසංස්කරණය	prathisanskaranaya:1	pratisamskaranaya:1	pratisanskaranaya:1
ප්‍රතිසංස්කරණයට	prathisanskaranayata:1	pratisamskaranayata:1	pratisanskaranayata:1
ප්‍රතිසංස්කරණයන්	prathisanskaraanayan:1	pratisamskaranayan:1	pratisanskaranayan:1
ප්‍රතිසංස්කරණවල	prathisanskaranavala:1	pratisamskaranavala:1	pratisanskaranavala:1
ප්‍රතිසංස්කරන	prathisanskarana:1	pratisamskarana:1	pratisanskarana:1
ප්‍රතිසම	pratisama:2	prathisama:1
ප්‍රතිස්ථාපනය	pratisthapanaya:2	prathisthapanaya:1
ප්‍රථම	prathama:3
ප්‍රථමක	prathamaka:3
ප්‍රථමයා	prathamaya:3
ප්‍රථමයෙන්	prathamayen:3
ප්‍රථමයෙන්ම	prathamayenma:3
ප්‍රථමව	prathamava:3
ප්‍රථමවරට	prathamavarata:2	pratamawarata:1	prathamawarata:1
ප්‍රථමාධාර	prathamadhara:3	pratamadara:1
ප්‍රථිපල	prathipala:3	pratipala:1
ප්‍රථිපලයක්	prathipalayak:3	pratipalayak:1
ප්‍රථිඵල	prathiphala:2	prathipala:1	pratipala:1
ප්‍රථිඵලයක්	prathipalayak:1	prathiphalaya:1	prathiphalayak:1	pratipalayak:1
ප්‍රථිමා	prathima:3	pratima:1
ප්‍රථිමාව	prathimava:2	prathimawa:1	pratimawa:1
ප්‍රථිමාවක්	prathimavak:2	prathimawak:1	pratimawak:1
ප්‍රථිමාවට	prathimavata:2	prathimawata:1	pratimawata:1
ප්‍රදර්ශණය	pradarshanaya:2	pradarsanaya:1
ප්‍රදර්ශන	pradarshana:2	pradarsana:1
ප්‍රදර්ශනය	pradarshanaya:2	pradarsanaya:1
ප්‍රදර්ශනයක්	pradarshanayak:2	pradarsanayak:1
ප්‍රදර්ශනයට	pradarshanayata:2	pradarsanayata:1
ප්‍රදර්ශනයෙන්	pradarshanayen:2	pradarsanayen:1
ප්‍රදර්ශනයේ	pradarshanaye:2	pradarsanaye:1	pradarshanayee:1
ප්‍රදර්ශනයේදී	pradarsanayedi:1	pradarshanayedee:1	pradarshanayedhi:1	pradarshanayedi:1
ප්‍රදාන	pradana:3
ප්‍රදානය	pradanaya:3
ප්‍රදානෝත්සවය	pradanothsavaya:1	pradanothsawaya:1	pradanotsavaya:1
ප්‍රදාහය	pradahaya:3	pradhahaya:1
ප්‍රදීපය	pradipaya:3	pradeepaya:1
ප්‍රදීප්	pradeep:2	pradip:2
ප්‍රදීපාගාරය	pradipagaraya:2	pradeepagaraya:1
ප්‍රදීපිකා	pradeepika:2	pradipika:2
ප්‍රදේශ	pradesha:2	pradesa:1
ප්‍රදේශය	pradeshaya:2	pradesaya:1
ප්‍රදේශයක	pradeshayaka:2	pradesayaka:1
ප්‍රදේශයකට	pradeshayakata:2	pradesayakata:1
ප්‍රදේශයකම	pradeshayakama:2	pradesayakama:1
ප්‍රදේශයකයි	pradesayakayi:1	pradeshayakai:1	pradeshayakayi:1
ප්‍රදේශයක්	pradeshayak:2	pradesayak:1
ප්‍රදේශයකි	pradeshayaki:2	pradesayaki:1
ප්‍රදේශයකින්	pradeshayakin:2	pradesayakin:1
ප්‍රදේශයට	pradeshayata:2	pradesayata:1
ප්‍රදේශයටම	pradeshayatama:2	pradesayatama:1
ප්‍රදේශයත්	pradeshayath:2	pradesayat:1
ප්‍රදේශයන්	pradeshayan:2	pradesayan:1
ප්‍රදේශයන්ගෙන්	pradeshayangen:2	pradesayangen:1
ප්‍රදේශයන්ගේ	pradeshayange:2	pradesayange:1
ප්‍රදේශයන්ට	pradeshayanta:2	pradesayanta:1
ප්‍රදේශයන්හි	pradeshayanhi:2	pradesayanhi:1
ප්‍රදේශයන්හී	pradeshayanhi:2	pradesayanhi:1
ප්‍රදේශයම	pradeshayama:2	pradesayama:1
ප්‍රදේශයයි	pradesayayi:1	pradeshayai:1	pradeshayayi:1
ප්‍රදේශයෙ	pradeshaye:2	pradesaye:1
ප්‍රදේශයෙන්	pradeshayen:2	pradesayen:1
ප්‍රදේශයෙහි	pradeshayehi:2	pradesayehi:1
ප්‍රදේශයේ	pradeshaye:2	pradesaye:1
ප්‍රදේශයේදී	pradeshayedi:2	pradesayedi:1	pradeshayedhi:1
ප්‍රදේශයේම	pradeshayema:2	pradesayema:1	pradeshayeema:1
ප්‍රදේශයේය	pradeshayeya:2	pradesayeya:1
ප්‍රදේශවල	pradeshawala:9	pradesavasiyek:1	pradeshavala:1
ප්‍රදේශවලට	pradeshawalata:2	pradesavalata:1	pradeshavalata:1
ප්‍රදේශවලින්	pradesavalin:1	pradeshavalin:1	pradeshawalin:1
ප්‍රදේශීය	pradeshiya:2	pradesheeya:1	pradesiya:1
ප්‍රධාන	pradhana:3
ප්‍රධානතම	pradhanathama:2	pradhanatama:1
ප්‍රධානත්වය	pradanathwaya:2	pradhanathvaya:1	pradhanathwaya:1	pradhanatvaya:1
ප්‍රධානත්වයෙන්	pradhanathvayen:1	pradhanathwayen:1	pradhanatvayen:1
ප්‍රධානම	pradhanama:3
ප්‍රධානය	pradhanaya:2	pradhanamaya:1
ප්‍රධානයන්	pradhanayan:3
ප්‍රධානයි	pradhanayi:2	pradhanai:1
ප්‍රධානව	pradhanava:2	pradhanawa:1
ප්‍රධානි	pradhani:3
ප්‍රධානින්	pradhanin:2	pradhaneen:1	pradhanein:1
ප්‍රධානියා	pradhaniya:3
ප්‍රධානී	pradhani:3
ප්‍රධානීන්	pradhanin:3	pradhaneen:1
ප්‍රධානීන්ට	pradhaninta:3	pradhaaneenta:1
ප්‍රධානීහු	pradhanihu:3	pradhaneehu:1
ප්‍රනාන්දු	fernando:8	pranandu:3	pranandhu:1
ප්‍රපංච	prapancha:2	prapanca:1	prapangcha:1
ප්‍රපාතය	prapataya:2	prapathaya:2
ප්‍රබන්ධ	prabandha:3	prabhandha:1
ප්‍රබන්ධය	prabandhaya:3
ප්‍රබන්ධයක්	prabandhayak:3
ප්‍රබල	prabala:3
ප්‍රබලතම	prabalathama:2	prabalatama:1
ප්‍රබලතාවය	prabalatavaya:1	prabalathaawaya:1	prabalathavaya:1	prabalathawaya:1
ප්‍රබලම	prabalama:3
ප්‍රබලය	prabalaya:3
ප්‍රබලයෙකු	prabalayeku:3
ප්‍රබලව	prabalava:2	prabhalawa:1
ප්‍රබුද්ධ	prabuddha:2	prabudhdha:1
ප්‍රබෝධ	prabodha:4	prabohdha:1
ප්‍රබෝධමත්	prabodhamath:2	prabodhamat:1	prabogdhamath:1
ප්‍රබෝධයක්	prabodhayak:3	prabohdhayak:1
ප්‍රභව	prabhava:2	prabhawa:1
ප්‍රභවය	prabhawaya:6	prabhavaya:2
ප්‍රභවයක්	prabhavayak:2	prabhawayak:1
ප්‍රභවයකි	prabhavayaki:2	prabhawayaki:1
ප්‍රභවයන්	prabhavayan:2	prabhawayan:1
ප්‍රභවයෙන්	prabhavayen:2	prabawayen:1	prabhawayen:1
ප්‍රභා	prabha:3	praba:1
ප්‍රභාකරන්	prabhakaran:3	prabakaran:1
ප්‍රභාපද්ධති	prabhapaddhati:3	prabhapaddhathi:1
ප්‍රභාසංශ්ලේෂණය	prabhasangshleshanaya:1	prabhasanshleshanaya:1	prabhasanslesanaya:1
ප්‍රභාසංස්ලේෂණය	prabhasangsleshanaya:1	prabhasanslesanaya:1	prabhasansleshanaya:1
ප්‍රභාසංස්ලේෂණයේ	prabhasangsleshanaye:1	prabhasanslesanaye:1	prabhasansleshanaye:1
ප්‍රභින්න	prabhinna:3
ප්‍රභූ	prabhu:3
ප්‍රභූත්වය	prabhuthvaya:1	prabhuthwaya:1	prabhutvaya:1
ප්‍රභූන්	prabhun:3
ප්‍රභූන්ගේ	prabhunge:3
ප්‍රභූන්ට	prabhunta:3
ප්‍රභූවරුන්	prabhuvarun:2	prabhuwarun:1
ප්‍රභූවරුන්ගේ	prabhuvarunge:2	prabhuwarunge:1
ප්‍රභේද	prabheda:3
ප්‍රභේදය	prabhedaya:3
ප්‍රභේදයක්	prabhedayak:3
ප්‍රභේදයකින්	prabhedayakin:3
ප්‍රභේදයන්	prabhedayan:3
ප්‍රමාණ	pramana:2	prama:1
ප්‍රමාණය	pramanaya:3
ප්‍රමාණයක	pramanayaka:3
ප්‍රමාණයකට	pramanayakata:3
ප්‍රමාණයක්	pramanayak:3
ප්‍රමාණයක්ද	pramanayakda:3
ප්‍රමාණයකි	pramanayaki:3
ප්‍රමාණයකින්	pramanayakin:3
ප්‍රමාණයකුත්	pramanayakuth:2	pramanayakut:1
ප්‍රමාණයට	pramanayata:3
ප්‍රමාණයද	pramanayada:3
ප්‍රමාණයන්	pramanayan:3
ප්‍රමාණයන්ගෙන්	pramanayangen:3
ප්‍රමාණයන්ට	pramanayanta:3
ප්‍රමාණයයි	pramanayai:2	pramanayayi:2
ප්‍රමාණයෙන්	pramanayen:3
ප්‍රමාණයෙන්ද	pramanayenda:3
ප්‍රමාණයෙහි	pramanayehi:3
ප්‍රමාණයේ	pramanaye:3
ප්‍රමාණවත්	pramanawath:7	pramanavat:1	pramanavath:1
ප්‍රමාණවලින්	pramanavalin:2	pramanawalin:1
ප්‍රමාණාත්මක	pramanathmaka:2	pramanatmaka:1
ප්‍රමාණාත්මකව	pramanathmakava:1	pramanathmakawa:1	pramanatmakava:1
ප්‍රමාණික	pramanika:3
ප්‍රමාද	pramada:3
ප්‍රමාදය	pramadaya:3
ප්‍රමාදයකින්	pramadayakin:3
ප්‍රමාදයට	pramadayata:3
ප්‍රමානය	pramanaya:3
ප්‍රමානයකට	pramanayakata:3
ප්‍රමානයක්	pramanayak:3
ප්‍රමානයට	pramanayata:3
ප්‍රමානයේ	pramanaye:3
ප්‍රමිති	pramiti:2	pramithi:1
ප්‍රමිතියක්	pramitiyak:2	pramithiyak:1
ප්‍රමිතියකින්	pramitiyakin:2	pramithiyakin:1
ප්‍රමිතීන්	pramitin:2	pramithin:1
ප්‍රමුඛ	pramukha:3
ප්‍රමුඛතම	pramukhatama:2	pramukhathama:1
ප්‍රමුඛත්වය	pramukhatvaya:2	pramukhathvaya:1
ප්‍රමුඛත්වයක්	pramukhatvayak:2	pramukhathvayak:1
ප්‍රමුඛතා	pramukhata:2	pramukhatha:1
ප්‍රමුඛතාවය	pramukhatavaya:2	pramukhathavaya:1
ප්‍රමුඛතාවයක්	pramukhatavayak:2	pramukhathavayak:1
ප්‍රමුඛයන්	pramukhayan:3
ප්‍රමුඛයා	pramukhaya:3
ප්‍රමුඛව	pramukhava:3
ප්‍රමුඛස්ථානය	pramukhasthanaya:3
ප්‍රමුඛස්ථානයක්	pramukhasthanayak:3
ප්‍රමුදිත	pramudita:2	pramuditha:1
ප්‍රමේය	prameya:3
ප්‍රමේයය	prameyaya:3
ප්‍රමෝදය	pramodaya:3
ප්‍රමෝදයට	pramodayata:3
ප්‍රයත්න	prayathna:2	prayatna:2
ප්‍රයත්නය	prayatnaya:2	prayathnaya:1
ප්‍රයත්නයක	prayatnayaka:2	prayathnayaka:1
ප්‍රයත්නයක්	prayatnayak:2	prayathnayak:1
ප්‍රයත්නයට	prayatnayata:2	prayathnayata:1
ප්‍රයත්නයන්	prayatnayan:2	prayathnayan:1
ප්‍රයිම්	prayim:2	prime:1
ප්‍රයෝග	prayoga:3
ප්‍රයෝගික	prayogika:3
ප්‍රයෝගිකව	prayogikava:3
ප්‍රයෝජන	prayojana:3
ප්‍රයෝජනය	prayojanaya:3
ප්‍රයෝජනයක්	prayojanayak:3
ප්‍රයෝජනයට	prayojanayata:3
ප්‍රයෝජනවත්	prayojanawath:2	prayojanavat:2	prayojanavath:1
ප්‍රරෝහණය	prarohanaya:3
ප්‍රවණතා	pravanata:2	pravanatha:1
ප්‍රවණතාව	pravanatava:2	pravanathava:1
ප්‍රවණතාවක්	pravanatavak:2	pravanathavak:1
ප්‍රවණතාවයක්	pravanatavayak:2	pravanathavayak:1
ප්‍රවනතාවයක්	pravanatavayak:1	pravanathavayak:1	pravanathawayak:1	prawanatawayak:1
ප්‍රවර්ග	pravarga:3	prawarga:1
ප්‍රවර්ගයක්	pravargayak:3	prawargayak:1
ප්‍රවර්ගයන්	pravargayan:3	prawargayan:1
ප්‍රවර්තන	pravarthana:2	pravartana:1	prawartana:1	prawarthana:1
ප්‍රවර්ධන	pravardhana:3	prawardhana:1
ප්‍රවර්ධනය	pravardhanaya:3	prawardhanaya:1
ප්‍රවහනය	pravahanaya:3	prawahanaya:1
ප්‍රවාද	pravada:3
ප්‍රවාදය	pravadaya:3
ප්‍රවාහ	pravaha:3	pravaaha:1	prawaha:1
ප්‍රවාහක	pravahaka:3	prawahaka:1
ප්‍රවාහණය	pravahanaya:3	pravaahanaya:1	prawahanaya:1
ප්‍රවාහන	pravahana:3	pravaahana:1	prawahana:1
ප්‍රවාහනය	prawahanaya:2	pravahanaya:3	pravaahanaya:1
ප්‍රවාහනයට	pravahanayata:3	pravaahanayata:1	prawahanayata:1
ප්‍රවාහනයේ	pravahanaye:3	pravaahanaye:1	prawahanaye:1
ප්‍රවාහනයේදී	pravahanayedi:3	prawahanayedhi:1
ප්‍රවාහය	pravahaya:3	pravaahaya:1	prawahaya:1
ප්‍රවාහයක්	pravahayak:3	prawahayak:1
ප්‍රවාහයේ	pravahaye:3	prawahaye:1
ප්‍රවිශ්ඨ	peavishta:1	pravishtha:1	pravistha:1	prawishta:1
ප්‍රවිෂ්ඨ	pravishtha:2	pravishta:1	pravistha:1	prawishta:1
ප්‍රවීණ	pravina:2	praveena:1	praweena:1
ප්‍රවීන	pravina:3	praveena:1
ප්‍රවෘත්ති	pravuththi:2	pravrtti:1	pravuthti:1
ප්‍රවේග	pravega:3
ප්‍රවේගය	prawegaya:2	pravegaya:3
ප්‍රවේගයට	pravegayata:3
ප්‍රවේගයෙන්	pravegayen:3
ප්‍රවේගයෙහි	pravegayehi:2	pravaegayehi:1
ප්‍රවේගයේ	pravegaye:2	pravaegaye:1	pravaegayee:1
ප්‍රවේණි	praveni:3	pravaeni:1
ප්‍රවේණික	pravenika:3
ප්‍රවේණිය	praveniya:3
ප්‍රවේනි	praveni:3
ප්‍රවේශ	pravesha:2	pravesa:1
ප්‍රවේශනය	praveshanaya:2	pravesanaya:1	praweshanaya:1
ප්‍රවේශම්	pravesham:2	pravesam:1	prawesham:1
ප්‍රවේශය	praweshaya:2	pravesaya:1	praveshaya:1
ප්‍රවේශයක්	praweshayak:2	pravesayak:1	praveshayak:1
ප්‍රවේශයට	praweshayata:2	pravesayata:1	praveshayata:1
ප්‍රවේශයන්	praweshayan:2	pravesayan:1	praveshayan:1
ප්‍රවේශයෙන්	praweshayen:2	pravesayen:1	praveshayen:1
ප්‍රවේශයේ	praweshaye:2	pravesaye:1	praveshaye:1
ප්‍රවේශවීම	praweshaweema:2	pravesavima:1	praveshaweema:1	praweshawima:1
ප්‍රශංසනීය	prashansaneeya:2	prasansaniya:1	prashangsaniya:1	prashansaniya:1
ප්‍රශංසා	prashansa:2	prasansa:1	prashangsa:1	prashansaa:1
ප්‍රශංසාව	prasansava:1	prashangsawa:1	prashansaawa:1	prashansawa:1
ප්‍රශංසාවට	prasansavata:1	prashansaawata:1	prashansawata:1	prashngsawata:1
ප්‍රශස්ත	prashastha:2	prasasta:1	prashasta:1
ප්‍රශස්ථ	prashastha:2	prasastha:1	prashasta:1
ප්‍රශ්ණ	prashna:2	prasna:1
ප්‍රශ්ණය	prashnaya:2	prasnaya:1
ප්‍රශ්න	prashna:2	prasna:1
ප්‍රශ්නකාරී	prashnakari:2	prashnakaari:1	prasnakari:1
ප්‍රශ්නය	prashnaya:2	prasnaya:1
ප්‍රශ්නයක්	prashnayak:2	prasnayak:1
ප්‍රශ්නයකි	prashnayaki:2	prasnayaki:1
ප්‍රශ්නයට	prashnayata:2	prasnayata:1
ප්‍රශ්නවලට	prashnavalata:1	prashnawalata:1	prasnavalata:1
ප්‍රශ්නවලදී	prashnavaladi:1	prashnawaladhi:1	prashnawaladi:1	prasnavaladi:1
ප්‍රශ්නාර්ථ	prashnartha:2	prashnaartha:1	prasnartha:1
ප්‍රශ්නාවලි	prashnaawali:1	prashnavali:1	prashnawali:1	prasnavali:1
ප්‍රශ්නාවලිය	prashnaawaliya:1	prashnavaliya:1	prashnawaliya:1	prasnavaliya:1
ප්‍රශ්නෝත්තර	prashnoththara:2	prasnottara:1
ප්‍රශ්වාස	prashvasa:1	prashwaasa:1	prashwasa:1	prasvasa:1
ප්‍රසංග	prasanga:3
ප්‍රසංගය	prasangaya:3	prasanggaya:1
ප්‍රසංගයේ	prasangaye:3	prasanggaye:1
ප්‍රසන්න	prasanna:3
ප්‍රසව	prasawa:2	prasava:1
ප්‍රස්තා	prasta:1	prastha:1	prasthaa:1
ප්‍රස්තාර	prasthara:2	prastara:1	prasthaara:1
ප්‍රස්තුත	prasthutha:2	prasthuta:1	prastuta:1
ප්‍රස්ථා	prastha:3
ප්‍රස්ථාර	prasthara:3
ප්‍රස්ථාව	prasthava:2	prasthawa:1
ප්‍රසාංගික	prasangika:3	prasanggika:1
ප්‍රසාද	prasada:3
ප්‍රසාදය	prasadaya:3
ප්‍රසාදයට	prasadayata:3
ප්‍රසාදයෙන්	prasadayen:3
ප්‍රසාද්	prasad:3
ප්‍රසාදි	prasadi:3
ප්‍රසාරණය	prasaranaya:3
ප්‍රසිද්ධ	prasiddha:3
ප්‍රසිද්ධම	prasiddhama:3
ප්‍රසිද්ධය	prasiddhaya:3
ප්‍රසිද්ධව	prasiddhava:2	prasiddhawa:1
ප්‍රසිද්ධිය	prasiddhiya:3
ප්‍රසිද්ධියක්	prasiddhiyak:3
ප්‍රසිද්ධියට	prasiddiyata:2	prasiddhiyata:3
ප්‍රසිද්ධියේ	prasiddhiye:3
ප්‍රසූත	prasutha:2	prasuta:1
ප්‍රසූතියට	prasuthiyata:2	prasutiyata:1
ප්‍රසූතියේදී	prasuthiyedi:2	prasuthiyeedhi:1	prasutiyedi:1
ප්‍රහසන	prahasana:3
ප්‍රහාණය	prahanaya:3
ප්‍රහාර	prahara:3
ප්‍රහාරක	praharaka:3
ප්‍රහාරය	praharaya:3
ප්‍රහාරයකට	praharayakata:3
ප්‍රහාරයක්	praharayak:3
ප්‍රහාරයකින්	praharayakin:3
ප්‍රහාරයට	praharayata:3
ප්‍රහාරයන්	praharayan:3
ප්‍රහාරයන්ට	praharayanta:3
ප්‍රහාරයෙන්	praharayen:3
ප්‍රහාරයේ	praharaye:3
ප්‍රහාරවලින්	praharavalin:2	praharawalin:1
ප්‍රහාරාත්මක	praharatmaka:2	praharathmaka:1
ප්‍රහීණ	prahina:3	praheena:1
ප්‍රා	pra:3	prah:1
ප්‍රාකාර	prakara:2	prahkara:1	prakaara:1
ප්‍රාකාරය	prakaraya:2	prahkaaraya:1	prahkaraya:1
ප්‍රාකාරයක්	prakarayak:2	prahkaarayak:1	prahkarayak:1
ප්‍රාකාරයට	prakarayata:3	prahkaarayata:1
ප්‍රාකාරයේ	prakaraye:3	prahkaaraye:1
ප්‍රාකෘත	prakrta:2	prakurta:1	prakurtha:1
ප්‍රාග්	prag:2	pragh:1	prague:1
ප්‍රාග්ඓතිහාසික	pragaitihasika:3	pragaithihasika:1
ප්‍රාග්ධන	pragdhana:3
ප්‍රාග්ධනය	pragdhanaya:3
ප්‍රාග්න්‍යෂ්ටික	pragnyastika:2	pragngyashtika:1
ප්‍රාචීන	pracina:2	pracheena:1	prachina:1
ප්‍රාචීරය	praciraya:2	pracheeraya:1	prachiraya:1
ප්‍රාණ	prana:3
ප්‍රාණඝාතයෙන්	pranaghatayen:2	pranaghathayen:1
ප්‍රාණය	pranaya:3
ප්‍රාණවත්	pranavat:1	pranavath:1	pranawath:1
ප්‍රාථමික	prathamika:3
ප්‍රාදේශික	pradeshika:2	pradesika:1
ප්‍රාදේශිය	pradeshiya:2	pradesiya:1
ප්‍රාදේශීය	pradeshiya:2	pradesheeya:1	pradesiya:1
ප්‍රාන්ත	prantha:2	pranta:1
ප්‍රාන්තය	pranthaya:2	prantaya:1
ප්‍රාන්තයට	pranthayata:2	prantayata:1
ප්‍රාන්තයෙහි	pranthayehi:2	prantayehi:1
ප්‍රාන්තයේ	prantaye:2	pranthaye:2
ප්‍රාන්තයේදී	prantayedi:2	pranthayedi:2
ප්‍රාන්තවල	prantavala:1	prantawala:1	pranthavala:1	pranthawala:1
ප්‍රාන්තවලින්	prantavalin:1	prantawalin:1	pranthavalin:1	pranthawalin:1
ප්‍රාමාණික	pramanika:3
ප්‍රායෝගික	prayogika:3
ප්‍රායෝගිකව	prayogikawa:2	prayogikava:2
ප්‍රාරම්භක	prarambhaka:3
ප්‍රාර්ථනය	prarthanaya:3
ප්‍රාර්ථනා	prarthana:3	prartana:1
ප්‍රාර්ථනාව	prarthanava:2	prarthanawa:1
ප්‍රාවරණය	pravaranaya:2	prawaranaya:1
ප්‍රාශ්වාස	prasvasa:2	prashwasa:1
ප්‍රාසාද	prasada:3
ප්‍රාසාදය	prasadaya:3
ප්‍රාසාදයේ	prasadaye:3
ප්‍රින්ස්	prince:3
ප්‍රිමියම්	premierm:1	premium:1	primium:1
ප්‍රිය	priya:3
ප්‍රියංකර	priyankara:2	priyamkara:1
ප්‍රියංකා	priyanka:3
ප්‍රියකරන	priyakarana:3
ප්‍රියතම	priyatama:2	priyathama:1
ප්‍රියතාවයක්	priyatavayak:2	priyathavayak:1
ප්‍රියදර්ශන	priyadarsana:2	priyadarshana:1
ප්‍රියන්කා	priyanka:3
ප්‍රියන්ත	priyanta:2	priyantha:1
ප්‍රියන්ති	priyanti:2	priyanthi:1
ප්‍රියයන්ගෙන්	priyayangen:3
ප්‍රියසාද්	priyasad:3
ප්‍රියා	priya:3
ප්‍රියාදර	priyadara:3
ප්‍රිස්ට්ලි	pristli:2	pristeli:1
ප්‍රිස්ට්ලිගේ	pristlige:2	pristelige:1
ප්‍රිස්ට්ලිට	pristlita:2	pristelita:1
ප්‍රිස්මය	prismaya:3
ප්‍රීති	priti:2	prithi:1
ප්‍රීතිමත්	pritimat:2	prithimath:1
ප්‍රීතිය	pritiya:2	prithiya:1
ප්‍රීතියට	pritiyata:2	prithiyata:1
ප්‍රෙස්	prays:1	pres:1	press:1
ප්‍රෙස්ලි	presley:2	presly:1
ප්‍රේක්ෂක	prekshaka:2	preksaka:1
ප්‍රේක්ෂකයන්	prekshakayan:2	preksakayan:1
ප්‍රේක්ෂකයන්ගෙන්	prekshakayangen:2	preksakayangen:1
ප්‍රේක්ෂකයන්ට	prekshakayanta:2	preksakayanta:1
ප්‍රේක්ෂකයා	preksakaya:1	prekshakaya:1	prekshakayaa:1
ප්‍රේක්ෂකයාගේ	preksakayage:1	prekshakayaage:1	prekshakayage:1
ප්‍රේක්ෂකයාට	preksakayata:1	prekshakayaata:1	prekshakayata:1
ප්‍රේක්ෂකයින්	prekshakayin:2	preksakayin:1	prekshakain:1
ප්‍රේක්ෂකයින්ට	prekshakayinta:2	preksakayinta:1	prekshakainta:1
ප්‍රේක්ෂකයෝ	prekshakayo:2	preksakayo:1
ප්‍රේක්ෂකාගාරය	preksakagaraya:1	prekshakaagaaraya:1	prekshakagaraya:1
ප්‍රේත	preta:2	pretha:2
ප්‍රේතයන්	prethayan:2	pretayan:1
ප්‍රේම	prema:3
ප්‍රේමචන්ද්‍ර	premachandra:2	premacandra:1
ප්‍රේමණීය	premaniya:3
ප්‍රේමදාස	premadasa:3
ප්‍රේමනාත්	premanat:2	premanath:1
ප්‍රේමය	premaya:3
ප්‍රේමයට	premayata:3
ප්‍රේමයෙන්	premayen:3
ප්‍රේමයේ	premaye:3
ප්‍රේමරත්න	premaratna:2	premarathna:1
ප්‍රේමලාල්	premalal:3
ප්‍රේමසිරි	premasiri:3
ප්‍රේමාන්විත	premanvita:2	premaanwitha:1
ප්‍රේරක	preraka:3
ප්‍රේරණය	preranaya:3
ප්‍රේරතාව	preratava:2	prerathaawa:1
ප්‍රොක්සි	proxy:3
ප්‍රොතෙස්තන්ත	protestant:1	protestanta:1	prothesthantha:1
ප්‍රොයිඩ්	proid:2	proyid:1
ප්‍රොයිඩ්ගේ	proidge:2	proyidge:2
ප්‍රොසෙසර	procesara:1	processor:1	prosesara:1
ප්‍රොසෙස්	process:3
ප්‍රෝටීන	protein:1	proteina:1	protina:1
ප්‍රෝටීනයක්	proteinayak:2	protinayak:1
ප්‍රෝටීන්	protein:3
ප්‍රෝටෝන	protona:2	proton:1
ප්‍රෝටෝනයක	protonayaka:3
ප්‍රෝටෝනයක්	protonayak:3
ප්‍රෝඩාව	prodava:2	prodawa:1
පා	pa:3	paa:1
පාංතික	panthika:2	pangthika:1	pantika:1
පාංශු	panshu:2	pangshu:1	pansu:1
පාකර්	parker:2	pakar:1
පාක්	park:2	pak:1
පාක්ෂික	pakshika:2	paakshika:1	paksika:1
පාක්ෂිකයන්	pakshikayan:2	paksikayan:1
පාක්ෂිකයන්ගේ	pakshikayange:2	paakshikayange:1	paksikayange:1
පාක්ෂිකයන්ට	pakshikayanta:2	paksikayanta:1
පාක්ෂිකයා	pakshikaya:2	paksikaya:1
පාක්ෂිකයින්	pakshikayin:2	paakshikain:1	paksikayin:1
පාකින්සන්	pakinsan:1	pakinson:1	pakinsun:1	parkinson:1
පාකිස්තානය	pakistanaya:2	pakisthanaya:1
පාකිස්ථාන	pakisthana:2	pakistana:1
පාකිස්ථානය	pakisthanaya:2	pakistanaya:1
පාකිස්ථානයේ	pakisthanaye:2	pakistanaye:1
පාගමන්	pagaman:3
පාචනය	pachanaya:2	pacanaya:2
පාට	pata:3
පාටක්	patak:3
පාටට	patata:3
පාටය	pataya:3
පාටි	pati:2	party:1
පාටින්	patin:3
පාඨ	pata:2	patha:3
පාඨක	pathaka:3
පාඨකයන්	pathakayan:3
පාඨකයන්ට	pathakayanta:3
පාඨකයා	pathakaya:2	patahkaya:1
පාඨකයාගේ	pathakayage:2	patahkayage:1
පාඨකයෙක්	pathakayek:2	patahkayek:1
පාඨමාලා	patamala:2	pathamala:2	patahmala:1
පාඨමාලාව	pathamalava:2	patahmalava:1
පාඨමාලාවකට	pathamalavakata:2	patahmalavakata:1
පාඨමාලාවක්	pathamalavak:2	patahmalavak:1
පාඨමාලාවට	pathamalavata:2	patahmalavata:1
පාඨමාලාවන්	pathamalavan:2	patahmalavan:1
පාඨය	pataya:2	pathaya:2	patahya:1
පාඨයක්	pathayak:2	patahyak:1
පාඨයන්	pathayan:2	patahyan:1
පාඨලී	pathali:2	patahli:1
පාඨශාලාව	pathasalava:2	patahshalava:1
පාඩම	padama:3
පාඩම්	padam:3
පාඩමේ	padame:3
පාඩු	padu:3
පාඩුව	paduva:2	paduwa:1
පාඩුවට	paduvata:2	paduwata:1
පාඩුවේ	paduve:2	paduwe:1
පාණ්ඩය	pandaya:3
පාණ්ඩ්‍ය	pandya:3
පාණ්ඩේ	pande:3
පාත්	path:2	pat:1
පාත්‍ර	pathra:3	patra:3
පාත්‍රවිය	patraviya:3
පාත්‍රා	patra:2	pathra:1
පාතාල	patala:2	pathala:1
පාතාලයේ	patalaye:2	pathalaye:1
පාති	pati:2	pathi:1
පාද	pada:3
පාදක	padaka:3
පාදකවූ	padakavu:3
පාදඩයා	padadaya:3	padhadaya:1
පාදන	padana:3
පාදම	padama:3
පාදමක්	padamak:3
පාදම්	padam:3	paadam:1
පාදමින්	padamin:3	paadamin:1
පාදමෙහි	padamehi:3
පාදමේ	padame:3
පාදය	padaya:3
පාදයක	padayaka:3
පාදයක්	padayak:3
පාදයට	padayata:3
පාදයයි	padayayi:2	padayai:1
පාදයේ	padaye:3
පාදවල	padavala:2	padawala:1
පාදවලට	padavalata:2	padawalata:1
පාදස්ථ	padastha:3
පාදස්ථානය	padasthanaya:3
පාදස්පර්ශයෙන්	padasparshayen:2	padasparsayen:1
පාදා	pada:2	padaa:1
පාදුක්ක	padukka:3
පාදෙණිය	padeniya:3
පාන	pana:3	paana:1
පානදුර	panadura:3
පානම	panama:3	paanama:1
පානය	panaya:3	paanaya:1
පානයක්	panayak:3	paanayak:1
පානයකි	panayaki:3	paanayaki:1
පානයට	panayata:3	paanayata:1
පාන්	pan:3	paan:1
පාන්ඩේ	pande:2	pandey:1
පාන්තික	panthika:2	paanthika:1	pantika:1
පාන්දර	pandara:3	paandara:1
පාන්නට	pannata:3	paannata:1
පාන්නේ	panne:3	paanne:1
පානීය	paniya:3	paaniya:1
පාප	papa:3	paapa:1
පාපකර්ම	papakarma:3	paapakarma:1
පාපකාරී	papakari:3	paapakaree:1
පාපන්දු	papandu:3	papandhu:1
පාපය	papaya:3	paapaya:1
පාපයට	papayata:3	paapayata:1
පාපයන්	papayan:3	paapayan:1
පාපයෙන්	papayen:3	paapayen:1
පාප්	pap:2	pape:1	pope:1
පාප්තුමන්	papethuman:1	papthuman:1	paptuman:1	popethuman:1
පාප්තුමාගේ	papthumage:1	papthumange:1	paptumage:1	popethuma:1
පාප්වහන්සේ	papvahanse:2	papwahanse:1	popewahanse:1
පාපැදි	paapaedi:1	papaedi:1	papedi:1
පාපිලි	papili:3	paapili:1
පාපී	papi:3	paapi:1	papee:1
පාපොච්චාරණ	papochcharana:2	papoccarana:1
පාබල	pabala:3	paabala:1
පාම	pama:3	paama:1
පාම්	palm:2	farm:1
පාමින්	pamin:3
පාමිනි	pamini:3
පාමුල	pamula:3
පාමුලින්	pamulin:3
පාය	paya:3	paaya:1
පායි	paei:1	pai:1	payi:1	pie:1
පාර	para:3	paara:1
පාරක්	parak:3
පාරකි	paraki:3
පාරකින්	parakin:3
පාරගම්‍ය	paragamya:3	paaragamya:1
පාරජම්බුල	parajambula:3	paarajambula:1
පාරජම්බූල	parajambula:3	paarajambula:1
පාරට	parata:3
පාරදෘශ්‍ය	paradrsya:2	paradhrushya:1
පාරම්පරික	paramparika:3	paaramparika:1
පාරම්පරිකව	paramparikava:2	paaramparikawa:1	paramparikawa:1
පාරමිතා	paramita:2	paramitha:2
පාරමිතාවක්	paramitavak:1	paramitawak:1	paramithavak:1	paramithawak:1
පාරවල්	paraval:2	paarawal:1	parawal:1
පාර්ක්	park:3
පාර්ථනා	parthana:2	prartana:1	prarthana:1
පාර්ලිමෙන්තුව	parlimenthuwa:1	parlimentuva:1	parlimnthuva:1
පාර්ලිමේන්තු	paelimenthu:1	parlimenthu:1	parlimentu:1
පාර්ලිමේන්තුව	parlimenthuva:1	parlimenthuwa:1	parlimentuva:1
පාර්ලිමේන්තුවක්	parlimenthuvak:1	parlimenthuwak:1	parlimentuvak:1
පාර්ලිමේන්තුවට	parlimenthuvata:1	parlimenthuwata:1	parlimentuvata:1
පාර්ලිමේන්තුවයි	parlimenthuvayi:1	parlimenthuwai:1	parlimentuvayi:1
පාර්ලිමේන්තුවෙහි	parlimenthuwehi:2	parlimenthuvehi:1	parlimentuvehi:1
පාර්ලිමේන්තුවේ	parlimenthuve:1	parlimenthuwae:1	parlimenthuwe:1	parlimentuve:1
පාර්වතී	parwathi:2	parvathi:2	parvati:2
පාර්ශව	parsava:1	parshava:1	parshawa:1
පාර්ශවකරුවන්	parsavakaruvan:1	parshavakaruvan:1	parshawakaruwan:1
පාර්ශවය	parshawaya:2	parsavaya:1	parshavaya:1
පාර්ශවයක	parsavayaka:1	parshavayaka:1	parshawayaka:1
පාර්ශවයකට	parsavayakata:1	parshavayakata:1	parshawayakata:1
පාර්ශවයක්	parsavayak:1	parshavayak:1	parshawayak:1
පාර්ශවයට	parsavayata:1	parshavayata:1	parshawayata:1
පාර්ශවයන්	parsavayan:1	parshavayan:1	parshawayan:1
පාර්ශවයන්ගේ	parsavayange:1	parshavayange:1	parshawayange:1
පාර්ශවයන්ට	parsavayanta:1	parshavayanta:1	parshawayanta:1
පාර්ශවයෙන්	parsavayen:1	parshavayen:1	parshawayen:1
පාර්ශවයේ	parsavaye:1	parshavaye:1	parshawaye:1
පාර්ශවීය	parsaviya:1	parshaviya:1	parshaweeya:1	parshawiya:1
පාර්ශ්ව	parshva:1	parshwa:1	parsva:1
පාර්ශ්වය	parshvaya:1	parshwaya:1	parsvaya:1
පාර්ශ්වයක	parshvayaka:1	parshwayaka:1	parsvayaka:1
පාර්ශ්වයක්	parshvayak:1	parshwayak:1	parsvayak:1
පාර්ශ්වයන්	parshvayan:1	parshwayan:1	parsvayan:1
පාර්ශ්වයන්ට	parshvayanta:1	parshwayanta:1	parsvayanta:1
පාර්ශ්වයේ	parshvaye:1	parshwaye:1	parshwayee:1	parsvaye:1
පාර්ශ්වික	parshvika:1	parshwika:1	parsvika:1
පාර්ශ්වීය	parshviya:1	parshweeya:1	parshwiya:1	parsviya:1
පාර්ෂවය	parsavaya:1	parshavaya:1	parshawaya:1
පාර්සල්	parsal:3	paarsal:1	parcel:1
පාරාජිකා	parajika:3	paarajikha:1
පාරාන්ධ	parandha:3	paranda:1
පාරායනය	parayanaya:3
පාරාවෝ	paravo:2	parawo:1
පාරිතෝෂික	parithoshika:2	paritosika:1
පාරිභෝගික	paribhogika:3
පාරිභෝගිකයන්	paribhogikayan:3
පාරිභෝගිකයන්ට	paribhogikayanta:3
පාරිභෝගිකයා	paribhogikaya:3
පාරිභෝගිකයාගේ	paribhogikayage:3
පාරිභෝගිකයාට	paribhogikayata:3
පාරිභෝගිකයෝ	paribhogikayo:2	paribhoghikayo:1
පාරිභෝජන	paribhojana:2	paribhojanaya:1
පාරිශුද්ධ	parishuddha:2	parisuddha:1
පාරිසරික	parisarika:3
පාරෙන්	paren:3	paaren:1
පාරේ	pare:3	paare:1	paree:1
පාල	pala:3	paala:1
පාලක	palaka:3
පාලකයක්	palakayak:3
පාලකයකු	palakayaku:3
පාලකයන්	palakayan:3
පාලකයන්ගෙන්	palakayangen:3
පාලකයන්ගේ	palakayange:3
පාලකයන්ට	palakayanta:3
පාලකයා	palakaya:3
පාලකයාගේ	palakayage:3
පාලකයාට	palakayata:3
පාලකයින්	palakayin:3
පාලකයින්ගේ	palakayinge:3
පාලකයෙක්	palakayek:3
පාලකයෙකි	palakayeki:3
පාලකයෙකු	palakayeku:3
පාලකයෝ	palakayo:3
පාලන	palana:3
පාලනය	palanaya:3
පාලනයකට	palanayakata:3
පාලනයක්	palanayak:3
පාලනයකින්	palanayakin:3
පාලනයට	palanayata:3
පාලනයටත්	palanayatath:2	palanayatat:1
පාලනයන්	palanayan:3
පාලනයෙන්	palanayen:3
පාලනයේ	palanaye:3
පාලම	palama:3
පාලමක්	palamak:3
පාලමකින්	palamakin:3
පාලම්	palam:3	palame:1
පාලමේ	palame:3
පාලි	pali:3
පාලිකාව	palikava:2	palikawa:1
පාලිකාවකි	palikavaki:2	palikawaki:1
පාලිත	palita:2	palith:1	palitha:1
පාලින්දනුවර	palindanuwara:2	palindanuvara:1
පාලියට	paliyata:3
පාලියෙන්	paliyen:3
පාලු	palu:3
පාවඩ	pavada:2	pawada:1
පාවහන්	pavahan:2	pawahan:1
පාවා	pava:2	paawa:1	pawa:1
පාවාදීමක්	pavadimak:2	pawadeemak:1	pawadimak:1
පාවිච්චි	pavicci:1	pavichchi:1	pawichchi:1
පාවිච්චිය	pavicciya:1	pavichchiya:1	pawichchiya:1
පාවී	pavi:2	pawee:1	pawi:1
පාවීම	pavima:2	paweema:1	pawima:1
පාවීමට	pavimata:2	paweemata:1	pawimata:1
පාවුළු	pavulu:3	paulu:1
පාවෙන	pavena:2	pawena:1
පාවෙමින්	pavemin:2	pawemin:1
පාවේ	pave:2	paawe:1	pawe:1
පාෂාණ	pashana:2	pasaa:1
පාෂාණමය	pashanamaya:2	pasanamaya:1
පාෂාණය	pashanaya:2	pasanaya:1
පාෂාණයක්	pashanayak:2	pasanayak:1
පාෂාණයෙන්	pasanayen:2	pashanayen:1
පාෂාණයේ	pasanaye:2	pashanaye:1
පාසල	pasala:3
පාසලක	pasalaka:3
පාසලකට	pasalakata:3
පාසලක්	pasalak:3
පාසලකි	pasalaki:3
පාසලට	pasalata:3
පාසල්	pasal:3
පාසල්වල	pasalvala:3
පාසල්වලට	pasalvalata:3
පාසලෙන්	pasalen:3
පාසලේ	pasale:3
පාසලේදී	pasaledi:3
පාසලේම	pasalema:3
පාස්කු	pasku:3
පාසා	pasa:3
පාසාම	pasama:3
පාහියංගල	pahiyangala:3
පාහියන්	pahiyan:2	fahien:1
පාහේ	pahe:3
පාළනය	palanaya:3
පාළම	palama:3
පාළි	pali:3	paali:1
පාළු	palu:3
පාළුව	paluva:2	paluwa:1
පාළුවට	paluvata:2	paaluwata:1	paluwata:1
පැකට්	packet:2	paekat:1
පැකට්ටු	packettu:1	paekattu:1	pakattu:1
පැගෝඩා	pagoda:2	paegoda:1
පැට්‍රික්	patrick:2	paetrik:1
පැණි	pani:2	paeni:2
පැත්ත	paeththa:1	paetta:1	paththa:1
පැනමා	panama:3
පැන්ඩා	panda:3
පැන්සල	paensala:1	pansala:1	pensala:1
පැන්සල්	paensal:1	pencal:1	pensal:1
පැපිරස්	papyrus:3
පැපිලියාන	pepiliyana:2	papiliyana:1
පැපුවා	papua:2	papuva:1
පැබ්ලෝ	pablo:3
පැය	peya:8	paeya:1	paya:1
පැයකට	paeyakata:1	payakata:1	peyakata:1
පැයක්	paeyak:1	payak:1	peyak:1
පැරකුම්බා	parakumba:3
පැරගුවේ	paraguay:3
පැරණී	paerani:2	parani:1
පැරදවිය	paeradaviya:1	paeradawiya:1	paradawiya:1
පැරාලිම්පික්	paralimpik:2	paeraelimpik:1	paralympic:1	paralympics:1
පැරැණි	perani:2	paeraeni:2	parani:1
පැරැණිම	paeraenima:2	paranima:1
පැරැන්නන්	paeraennan:2	parennan:1
පැරිස්	paris:2	paeris:1
පැලස්	palace:2	paelas:1
පැල්මඩුල්ල	pelmadulla:2	palmadulla:1
පැස්ටල්	paestal:1	pastal:1	pastel:1
පැසිපික්	paesipik:2	pacific:1
පැහැ	pehe:2	paeha:1	paehae:1	paha:1
පැළඳුම්	paeladum:1	paladhum:1	palandhum:1	palandum:1
පැළැඳ	paelaenda:1	palada:1	palanda:1
පැළැඳුම්	paeladum:1	paladhum:1	palandhum:1	palandum:1
පෑ	pae:2	pa:1
පෑතිස්	paethis:2	pathis:1
පෑනක්	paenak:1	panak:1	penak:1
පෑන්	paen:1	pan:1	pen:1
පෑවොත්	paevoth:1	paewoth:1	pawoth:1
පෑස්සීම	paessima:2	paesseema:1	passima:1
පෑහ	paeha:2	paha:1
පි	pi:2	pea:1
පිං	pin:3
පිංකමක්	pinkamak:3
පිංකම්	pinkam:3	pinkame:1
පිංකි	pinki:3	pinky:2
පිංච	pincha:2	pinca:1
පිංතූර	pinthura:2	pintura:1
පික්චර්ස්	pictures:1	pikcars:1	pikchars:1
පික්නික්	picknic:1	picnic:1	piknik:1
පික්සල	piksala:2	pixsala:1
පික්සල්	piksal:2	pixel:1
පික්සාර්	pixar:2	piksar:1
පික්සෙල්	piksel:1	pixcel:1	pixel:1
පිකාසෝ	picasso:2	pikaso:1
පිග්	pig:3
පිඟන්	pingan:3
පිච්ච	picca:2	pichcha:1
පිච්චි	picci:2	pichchi:1
පිට	pita:3
පිටක	pitaka:3
පිටකය	pitakaya:3
පිටකයට	pitakayata:2	pitakayakata:1
පිටකයේ	pitakaye:3
පිටකරයි	pitakarayi:3
පිටකිරීම	pitakirima:3
පිටකොටුව	pitakotuva:3
පිටකෝට්ටේ	pitakotte:3
පිටට	pitata:3
පිටත	pitatha:3	pitata:2
පිටතට	pitathata:3	pitatata:2
පිටතත්	pitatat:2	pitathath:1
පිටතදී	pitatadi:2	pitathadi:1
පිටතදීත්	pitatadit:2	pitathadith:1
පිටත්	pitat:2	pitath:1
පිටත්කර	pitatkara:2	pitathkara:1
පිටත්ව	pitathwa:2	pitatva:2	pitathva:1
පිටතින්	pitathin:2	pitatin:1
පිටතින්ම	pitathinma:2	pitatinma:1
පිටදී	pitadi:3
පිටපත	pitapatha:2	pitapata:1
පිටපතක	pitapathaka:2	pitapataka:1
පිටපතක්	pitapathak:2	pitapatak:1
පිටපතට	pitapatata:2	pitapathata:1
පිටපත්	pitapath:2	pitapat:1
පිටපතෙහි	pitapathehi:2	pitapatehi:1
පිටපතේ	pitapathe:2	pitapate:1
පිටබැද්දර	pitabeddara:2	pitabaeddara:1
පිටම	pitama:3
පිටමන්	pitaman:3
පිටය	pitaya:3
පිටරට	pitarata:3
පිටර්	peter:2	pitar:1	piter:1
පිටව	pitava:2	pitawa:1
පිටවන	pitawana:2	pitavana:2
පිටවී	pitavi:2	pitawi:1
පිටවීම	pitavima:2	pitawima:1
පිටවීමට	pitavimata:2	pitawimata:1
පිටවීමත්	pitavimat:1	pitavimath:1	pitawimath:1
පිටවීමේ	pitavime:2	pitawime:1
පිටවෙයි	pitaveyi:2	pitawei:1
පිටසක්වල	pitasakvala:2	pitasakwala:1
පිටසක්වළ	pitasakvala:2	pitasakwala:1
පිටස්තර	pitasthara:2	pitastara:1
පිටස්තරව	pitastarava:1	pitastharava:1	pitastharawa:1
පිට්	pit:3	fit:1
පිට්ටනියේ	pittaniye:3
පිට්ටු	pittu:3
පිටාර	pitara:3
පිටි	piti:3
පිටින්	pitin:3
පිටිය	pitiya:3
පිටියක	pitiyaka:3
පිටියේ	pitiye:3	pitiyee:1
පිටිවල	pitivala:2	pitiwala:1
පිටිවහල	pitivahala:2	pitiwahala:1
පිටිවහලක්	pitivahalak:2	pitiwahalak:1
පිටිවහල්	pitivahal:2	pitiwahal:1
පිටිසර	pitisara:3
පිටු	pitu:3
පිටුපස	pitupasa:3
පිටුපසට	pitupasata:3
පිටුපසින්	pitupasin:3
පිටුපා	pitupa:3
පිටුබලය	pitubalaya:3
පිටුව	pituva:2	pituwa:1
පිටුවක්	pituvak:2	pituwak:1
පිටුවල	pituvala:2	pituwala:1
පිටුවලට	pituvalata:3
පිටුවහලක්	pituvahalak:3
පිටුවහල්	pituwahal:4	pituvahal:3
පිටුවෙහි	pituvehi:3
පිටුවේ	pituve:3
පිඩනය	peedanaya:2	pidanaya:3
පිඩාවට	pidavata:3
පිණ්ඩ	pinda:3
පිණි	pini:3
පිණිස	pinisa:3
පිණිසද	pinisada:3
පිණිසය	pinisaya:3
පිණිසයි	pinisayi:3
පිඬු	pindu:2	pindhu:1
පිත	pita:2	pitha:1
පිත්	pit:2	pith:1
පිත්ත	pitta:2	piththa:1
පිත්තක්	pittak:2	piththak:1
පිත්තල	pittala:2	piththala:1
පිත්තේ	pitte:2	piththe:1
පිති	pithi:2	piti:2
පිතිකරු	pitikaru:2	pithikaru:1
පිතිකරුවන්	pithikaruwan:2	pitikaruvan:2	pithikaruvan:1
පිතිකරුවා	pithikaruwa:2	pitikaruva:2	pithikaruva:1
පිතිකරුවෙකු	pitikaruveku:2	pithikaruveku:1
පිදීම	pidima:3
පිදුම්	pidum:3
පිදුරංගල	pidurangala:3
පිදුරු	piduru:3
පිදූ	pidu:3
පිදෙන	pidena:3
පිදේනි	pideni:3
පින	pina:3
පිනකට	pinakata:3
පිනක්	pinak:3
පිනවන	pinavana:3
පිනවමින්	pinavamin:3
පින්	pin:3
පින්කම්	pinkam:3
පින්තාරු	pintaru:2	pintharu:1
පින්තුර	pintura:2	pinthura:1
පින්තුරය	pinturaya:2	pinthuraya:1
පින්තූර	pinthura:2	pintura:2
පින්තූරය	pinturaya:2	pinthuraya:1
පින්තූරයක්	pinturayak:2	pinthurayak:1
පින්න	pinna:3
පින්වත	pinvata:2	pinvatha:1
පින්වත්	pinvat:2	pinvath:1
පින්වතුන්	pinvatun:2	pinvathun:1
පින්වතුනි	pinvatuni:2	pinvathuni:1
පින්සල්	pinsal:3
පිනි	pini:3
පිනිමුවන්	pinimuvan:3
පිනිස	pinisa:3
පිනූ	pinu:3
පිනෙහි	pinehi:3
පිපාසය	pipasaya:3
පිපිරවීම	pipiravima:2	pipirawima:1
පිපිරිම	pipirima:3
පිපිරීම	pipirima:3	pipireema:1
පිපිරීමක්	pipirimak:3
පිපිරීමට	pipirimata:3
පිපිරීම්	pipirim:2	pipireem:1	pipiri:1
පිපිරුම	pipiruma:3
පිපිරුම්	pipirum:3
පිපිලා	pipila:3
පිපී	pipi:3	pipee:1
පිපීම	pipima:2	pipeema:1
පිපුණු	pipunu:3
පිපුරුම	pipuruma:3
පිපුරුම්	pipurum:2	pipirum:1
පිපෙන	pipena:3	pipaena:1
පිබිදීම	pibidima:3	pibideema:1
පිබිදීමක්	pibidimak:3	pibideemak:1
පිබිදීමට	pibidimata:3	pibideemata:1
පිබිදුණු	pibidunu:3
පිබිදෙන	pibidena:3
පිම්ම	pimma:3
පිමි	pimi:3
පිඹ	pimba:2	pibha:1	pimbha:1
පිඹීම	pimbima:2	pibeema:1	pibima:1
පිඹුරා	pimbura:2	pibhura:1
පිය	piya:3
පියතිලක	piyathilaka:2	piyatilaka:1
පියතිස්ස	piyatissa:2	piyathissa:1
පියතුමන්	piyathuman:2	piyatuman:1
පියතුමන්ලා	piyathumanla:2	piyatumanla:1
පියතුමා	piyathuma:2	piyatuma:1
පියතුමාගෙන්	piyathumagen:2	piyatumagen:1
පියතුමාගේ	piyathumage:2	piyatumage:1
පියතුමාට	piyathumata:2	piyatumata:1
පියදස්සි	piyadassi:3
පියදාස	piyadasa:3
පියන	piyana:3
පියන්	piyan:3
පියන්පත්	piyanpath:2	piyanpat:1
පියමං	piyaman:3	piyamang:1
පියයුරු	piyayuru:3
පියරජු	piyaraju:3
පියරතන	piyarathana:2	piyaratana:1
පියරේ	piyare:2	pierre:1	piyaree:1
පියල්	piyal:3
පියලි	piyali:3
පියවර	piyawara:4	piyavara:2
පියවරක්	piyavarak:2	piyawarak:1
පියවරට	piyavarata:2	piyawarata:1
පියවරයන්	piyavarayan:2	piyawarayan:1
පියවරු	piyavaru:2	piyawaru:1
පියවරුන්	piyavarun:2	piyawarun:1
පියවරුන්ගේ	piyavarunge:2	piyawarunge:1
පියවරුන්ට	piyavarunta:2	piyawarunta:1
පියවරෙන්	piyavaren:2	piyawaren:1
පියවරේ	piyavare:2	piyaware:1	piyawaree:1
පියවරේදී	piyavaredi:2	piyawaredhi:1	piyawareedi:1
පියවි	piyavi:2	piyawi:1
පියවීම	piyawima:2	piyavima:1	piyaweema:1
පියස්ස	piyassa:3
පියස්සක්	piyassak:3
පියස්සේ	piyasse:3
පියසේන	piyasena:3
පියා	piya:3
පියාගෙන්	piyagen:3
පියාගේ	piyage:3
පියාජේ	piaget:1	piyaje:1	piyajhe:1
පියාට	piyata:3
පියාණන්	piyanan:3
පියානෝව	piyanova:2	pianowa:1	piyanowa:1
පියාපත	piyapatha:2	piyapata:1
පියාපත්	piyapath:2	piyapat:1
පියාඹන	piyambana:2	piyabana:1	piyabhana:1
පියාඹා	piyamba:2	piyaba:1	piyabha:1
පියාය	piyaya:3
පියාසර	piyasara:3
පියුනික්	piyunik:2	piunic:1	piyunic:1
පියුම	piyuma:3	piuma:1
පියුම්	piyum:3	pium:1
පියුස්	piyus:3	pius:1
පියෙකි	piyeki:2	piyaki:1
පියෙකු	piyeku:3
පිරමිඩ	piramida:3
පිරමිඩය	piramidaya:3
පිරමීඩ	piramida:3
පිරමීඩය	piramidaya:3
පිරවිය	piraviya:2	pirawiya:1
පිරවීම	piravima:2	pirawima:1
පිරවීමට	piravimata:2	pirawimata:1
පිරවු	piravu:3
පිරවුමක්	piravumak:3
පිරවූ	piravu:3
පිරි	piri:3
පිරිකර	pirikara:3
පිරික්සන	piriksana:3
පිරික්සීම	piriksima:2	pirikseema:1
පිරික්සීමට	piriksimata:2	pirikseemata:1
පිරික්සීමේ	piriksime:2	pirikseemae:1	pirikseeme:1
පිරික්සුම	piriksuma:3
පිරික්සුම්	piriksum:3
පිරිණිවන්	pirinivan:2	piriniwan:1
පිරිත	piritha:3
පිරිත්	pirith:3
පිරිනමන	pirinamana:3
පිරිනමන්නේ	pirinamanne:2	pirinamannae:1
පිරිනමනු	pirinamanu:3
පිරිනමයි	pirinamayi:2	pirinamai:1
පිරිනමා	pirinama:2	pirinamaa:1
පිරිනැමිණි	pirinaemini:3	pirinamini:1
පිරිනැමීම	pirinaemeema:3	pirinaemima:3	pirinemeema:1	pirinemima:1
පිරිනැමීය	pirinaemeeya:1	pirinaemiya:1	pirineameeya:1	pirinemeeya:1
පිරිනැමුණේ	pirinaemune:2	pirinemune:1
පිරිනැමෙන	pirinaemena:2	pirinemena:1
පිරිනිවන්	piriniwan:2	pirinivan:3
පිරිපහදු	piripahadu:3	piripahadhu:1
පිරිපහදුව	piripahaduva:3	piripahadhuva:1	piripahadhuwa:1	piripahaduwa:1
පිරිපුන්	piripun:3
පිරිමැදීම	pirimaedima:1	pirimeadeema:1	pirimedeema:1
පිරිමි	pirimi:3
පිරිමින්	pirimin:3
පිරිමින්ගෙන්	pirimingen:3
පිරිමින්ගේ	piriminge:3
පිරිමින්ට	piriminta:3
පිරිමියාට	pirimiyata:2	pirimiyaata:1
පිරිමියෙකු	pirimiyeku:3
පිරිය	piriya:3
පිරියම්	piriyam:3
පිරිවර	pirivara:3	piriwara:1
පිරිවරා	pirivara:2	pirivaraa:1	piriwaraa:1
පිරිවරාගත්	pirivaraagath:1	pirivaragat:1	pirivaragath:1	piriwaraagath:1
පිරිවරාගෙන	pirivaraagena:1	pirivaragena:1	pirivragena:1	piriwaraagena:1
පිරිවෙණ	pirivena:2	piriwena:1
පිරිවෙණට	pirivenata:2	piriwenata:1
පිරිවෙන	pirivena:2	piriwena:1
පිරිවෙනට	pirivenata:2	piriwenata:1
පිරිවෙන්	piriven:2	piriwen:1
පිරිවෙන්පති	pirivenpathi:1	pirivenpati:1	piriwenpathi:1
පිරිවෙනෙන්	pirivenen:2	piriwenen:1
පිරිවෙනෙහි	pirivenehi:2	piriwenehi:1
පිරිස	pirisa:3
පිරිසකගේ	pirisakage:3
පිරිසකට	pirisakata:3
පිරිසක්	pirisak:3
පිරිසකි	pirisaki:3
පිරිසගෙන්	pirisagen:3
පිරිසගේ	pirisage:3
පිරිසට	pirisata:3
පිරිස්	piris:3
පිරිසිදු	pirisidu:3
පිරිසිදුව	pirisiduva:2	pirisuduva:1
පිරිසුදු	pirisudu:3
පිරිසෙන්	pirisen:3
පිරිසෙයින්	piriseyin:3
පිරිසේ	pirise:3
පිරිහී	pirihi:3
පිරිහීම	pirihima:3
පිරිහීමට	pirihimata:3
පිරිහීමෙන්	pirihimen:3
පිරිහීමේ	pirihime:3
පිරිහුණු	pirihunu:3
පිරිහුන	pirihuna:3
පිරිහුනු	pirihunu:3
පිරිහෙන	pirihena:3
පිරිහෙන්නට	pirihennata:2	pirihennta:1
පිරිහෙමින්	pirihemin:3
පිරී	piri:2	piree:1
පිරීම	pirima:2	pireema:1
පිරීමට	pirimata:2	pireemata:1
පිරුණු	pirunu:3
පිරුන	piruna:3
පිරුළක්	pirulak:3
පිරුළු	pirulu:3
පිරූ	piru:3
පිරෙන	pirena:3
පිල	pila:3
පිලක	pilaka:3
පිලට	pilata:3
පිල්	pil:3
පිල්කළඹ	pilkalamba:3
පිල්ලි	pilli:3
පිල්ලේ	pille:3
පිලි	pili:3
පිලිකා	pilika:3
පිලිගත	piligata:2	piligatha:1
පිලිගත්	piligat:2	piligath:1
පිලිගනු	piliganu:3
පිලිතුරු	pilituru:2	pilithuru:1
පිලිප්	pilip:2	philip:1
පිලිප්ගේ	pilipge:3
පිලිප්පු	pilippu:3
පිලිපීන	pilipina:3
පිලිපීනය	pilipinaya:3
පිලිපීනයට	pilipinayata:3
පිලිපීනයේ	pilipinaye:2	pilipeenaye:1
පිලිබද	pilibada:3
පිලිබදව	pilibadava:2	pilibadawa:1
පිලිබදවත්	pilibadavat:1	pilibadavath:1	pilibadawath:1
පිලිබඳ	pilibanda:2	pilibada:1
පිලිබඳව	pilibandava:2	pilibadawa:1
පිලිබිඹු	pilibibu:1	pilibimbu:1	pilimbibu:1
පිලිම	pilima:3
පිලියම්	piliyam:3
පිලියෙල	piliyela:3
පිලිරූ	piliroo:2	piliru:1
පිලිවෙත්	piliweth:2	piliveth:1
පිලිවෙල	piliwela:2	pilivela:1
පිලිවෙලින්	piliwelin:2	pilivelin:1
පිලිසකර	pilisakara:3
පිලිස්සීම	pilisseema:2	pilissima:1
පිලිස්සුම්	pilissum:3
පිලිසිඳ	pilisinda:2	pilisidha:1
පිලෙන්	pilen:3
පිලේ	pile:2	pilae:1
පිවිතුරු	pivithuru:2	piwithuru:1
පිවිස	piwisa:2	pivisa:1
පිවිසි	pivisi:2	piwisi:1
පිවිසිම	pivisima:2	piwiseema:1	piwisima:1
පිවිසිය	pivisiya:2	piwisiya:1
පිවිසියේ	pivisiye:3
පිවිසියේය	pivisiyeya:3
පිවිසී	pivisi:3
පිවිසීම	pivisima:3
පිවිසීමට	pivisimata:3
පිවිසුණු	pivisunu:3
පිවිසුම	pivisuma:3
පිවිසුමක්	pivisumak:3
පිවිසුමට	pivisumata:3
පිවිසුම්	pivisum:3
පිවිසුමේ	pivisume:3
පිවිසෙන	pivisena:3
පිවිසෙමින්	pivisemin:3
පිවිසෙයි	piviseyi:3
පිවිසේ	pivise:3
පිෂ්ඨ	pistha:2	pishtah:1
පිෂ්ඨය	pisthaya:2	pshtahya:1
පිස	pisa:3
පිසගත්	pisagat:2	pisagath:1
පිස්කල්	fiscal:2	piscal:1	piskal:1	piskel:1
පිස්ටන	pistana:3
පිසින	pisina:3
පිසීම	pisima:3
පිසීමට	pisimata:3
පිසීමේදී	pisimedi:3
පිසූ	pisu:3
පිහාටු	pihatu:3
පිහි	pihi:3
පිහිට	pihita:3
පිහිටන	pihitana:3
පිහිටනවා	pihitanava:3
පිහිටන්නේ	pihitanne:3
පිහිටමින්	pihitamin:3
පිහිටයි	pihitai:3	pihitayi:3
පිහිටවන	pihitavana:3
පිහිටවනු	pihitavanu:3
පිහිටවා	pihitava:3
පිහිටවූ	pihitawu:3	pihitavu:3
පිහිටවූහ	pihitavuha:3
පිහිටා	pihita:3
පිහිටි	pihiti:3
පිහිටිම	pihitima:3
පිහිටිය	pihitiya:3
පිහිටියා	pihitiya:3
පිහිටියේ	pihitiye:3
පිහිටියේය	pihitiyeya:3
පිහිටීම	pihiteema:4	pihitima:3
පිහිටීමකි	pihitimaki:2	phitimaki:1
පිහිටීමත්	pihitimat:2	pihitimath:1
පිහිටීම්	pihitim:3
පිහිටීමේ	pihitime:3
පිහිටු	pihitu:3
පිහිටුම	pihituma:3
පිහිටුම්	pihitum:3
පිහිටුවන	pihituwana:4	pihituvana:3
පිහිටුවනු	pihitawanu:2	pihituvanu:3
පිහිටුවයි	pihituvayi:3
පිහිටුවා	pihituwa:6	pihituva:3
පිහිටුවිම	pihituvima:3
පිහිටුවිය	pihituviya:3
පිහිටුවීම	pihituvima:3
පිහිටුවීමට	pihituweemata:2	pihituvimata:3
පිහිටුවීමත්	pihituvimat:2	pihituvimath:1
පිහිටුවීමෙන්	pihituvimen:3
පිහිටුවීමේ	pihituvime:3
පිහිටුවීය	pihituviya:3
පිහිටෙන්	pihiten:3
පිහිනන	pihinana:3
පිහිනා	pihina:3
පිහිනුම්	pihinum:3
පිහුම්	pihum:3
පිළ	pila:3
පිළට	pilata:3
පිළබඳ	pilabanda:2	pilabada:1
පිළබඳව	pilabandava:3
පිළි	pili:3
පිළිකා	pilika:3
පිළිකාවක්	pilikavak:3
පිළිකාවකින්	pilikavakin:3
පිළිකාවන්	pilikavan:3
පිළිකුල්	pilikul:3
පිළිගත	piligatha:3	piligata:2
පිළිගත්	piligath:5	piligat:2
පිළිගත්තා	piligatta:2	piligaththa:1
පිළිගත්තේ	piligatte:2	piligaththe:1
පිළිගත්තේය	piligatteya:2	piligaththeya:1
පිළිගත්හ	piligatha:2	piligathha:1
පිළිගන්නා	piliganna:3
පිළිගන්නේ	piliganne:3
පිළිගන්වන	piliganvana:3
පිළිගන්වනු	piliganvanu:3
පිළිගන්වා	piliganva:3
පිළිගනිති	piliganiti:2	piliganithi:1
පිළිගනිමින්	piliganimin:2	piliganimu:1
පිළිගනියි	piliganiyi:3
පිළිගනී	piligani:3
පිළිගනු	piliganu:3
පිළිගෙන	piligena:3
පිළිතුර	pilitura:2	pilithura:1
පිළිතුරක්	piliturak:2	pilithurak:1
පිළිතුරු	pilituru:2	pilithuru:1
පිළිනොගත්	pilinogat:2	pilinogath:1
පිළිනොගෙන	pilinogena:3
පිළිපදින	pilipadina:3
පිළිපදී	pilipadi:3
පිළිපන්	pilipan:3
පිළිබද	pilibanda:8	pilibada:3
පිළිබදව	pilibandawa:7	pilibadava:3
පිළිබදවත්	pilibadavat:2	pilibadavath:1
පිළිබදවද	pilibandawada:2	pilibadavada:3
පිළිබදවයි	pilibadavayi:3
පිළිබඳ	pilibanda:3
පිළිබඳව	pilibandawa:21	pilibandava:3
පිළිබඳවත්	pilibandavat:2	pilibandavath:1
පිළිබඳවද	pilibadawada:2	pilibandavada:3
පිළිබඳවම	pilibandavama:3
පිළිබඳවය	pilibandavaya:3
පිළිබඳවයි	pilibandavayi:3
පිළිබඳවූ	pilibandavu:3
පිළිබිඹු	pilibimbu:3
පිළිබිඹුවක්	pilibimbuvak:3
පිළිම	pilima:3
පිළිමගෙය	pilimageya:3
පිළිමතලාව	pilimatalawa:1	pilimathalawa:1	pilimathlava:1
පිළිමය	pilimaya:3
පිළිමයක්	pilimayak:3
පිළිමයකි	pilimayaki:3
පිළිමයට	pilimayata:3
පිළිමයේ	pilimaye:3
පිළිඹිබු	pilimbibu:3
පිළියන්දල	piliyandala:3
පිළියම	piliyama:3
පිළියමක්	piliyamak:3
පිළියම්	piliyam:3
පිළියෙල	piliyela:3
පිළියෙළ	piliyela:3
පිළිරුව	piliruva:2	piliruwa:1
පිළිරුවේ	piliruve:2	piliruwe:1
පිළිරූ	piliru:2	piliroo:1	piliruu:1
පිළිලයක්	pililayak:3
පිළිවදන්	pilivadan:2	piliwadan:1
පිළිවන	pilivana:2	piliwana:1
පිළිවෙත	piliveta:2	piliwetha:1
පිළිවෙතක	pilivetaka:2	piliwethaka:1
පිළිවෙතකට	pilivetakata:2	piliwethakata:1
පිළිවෙතක්	pilivetak:2	piliwethak:1
පිළිවෙතට	pilivetata:2	piliwethata:1
පිළිවෙත්	piliweth:5	pilivet:2
පිළිවෙල	pilivela:2	piliwela:1
පිළිවෙලකට	pilivelakata:2	piliwelakata:1
පිළිවෙලක්	pilivelak:2	piliwelak:1
පිළිවෙලකි	pilivelaki:2	piliwelaki:1
පිළිවෙලට	pilivelata:2	piliwelata:1
පිළිවෙලින්	pilivelin:2	piliwelin:1
පිළිවෙළ	pilivela:2	piliwela:1
පිළිවෙළින්	pilivelin:2	piliwelin:1
පිළිසකර	pilisakara:3
පිළිසරණ	pilisarana:3
පිළිස්සී	pilissi:2	pilissee:1
පිළිස්සීම	pilissima:2	pilisseema:1
පිළිස්සුනු	pilissunu:3
පිළිස්සූ	pilissu:2	pilissoo:1	pilissuu:1
පිළිසිඳ	pilisinda:3
පිළීබඳව	pilibandava:2	pileebandawa:1
පීක්	peak:2	pik:1
පීටර්	peter:3
පීටර්ස්බර්ග්	petersburg:3
පීඨ	pitha:2	peetah:1
පීඨය	pithaya:2	peetahya:1
පීඨයක්	pithayak:2	peetahyak:1
පීඨයේ	pithaye:2	peetahye:1
පීඨාධිපති	pithadhipati:2	pitahdhipathi:1
පීඨාධිපතිවරයා	pithadhipativaraya:2	pitahdhipathivaraya:1
පීඨිකාවක්	pithikavak:3
පීඩක	pidaka:3
පීඩන	pidana:3
පීඩනය	peedanaya:2	pidanaya:3
පීඩනයක	pidanayaka:3
පීඩනයකට	pidanayakata:3
පීඩනයක්	pidanayak:3
පීඩනයට	pidanayata:3
පීඩනයන්	pidanayan:3
පීඩනයෙන්	pidanayen:3
පීඩනයේ	pidanaye:3
පීඩා	pida:3
පීඩාකාරී	pidakari:3
පීඩාවට	pidavata:3
පීඩිත	pidita:2	piditha:1
පීඩිතයාගේ	piditayage:2	pidithayage:1
පීතර	pithara:2	peethara:1	piethara:1	pitara:1
පීත්ත	piththa:2	peiththa:1	pitta:1
පීතෘ	peethru:1	pithru:1	pitr:1	pitru:1
පීතෘමූලික	peethrumulika:1	pithrumulika:1	pitrmulika:1	pitrumulika:1
පීතෘමූලිකත්වය	piethrumulikathwaya:1	pithrumulikathwaya:1	pitrmulikatvaya:1	pitrumulikathvaya:1
පීනස	pinasa:3	peinasa:1
පීනස්	pinas:3	pienas:1
පීපල්ස්	pipals:2	peoples:1
පීප්ප	pippa:3	peippa:1
පීර	pira:3	peera:1	piera:1
පීරිස්	peiris:5	piris:3	pieris:1
පීරිසි	pirisi:3	peirisi:1
පීරීස්	peiris:2	piris:1
පීලි	pili:3	peeli:1	peili:1
පුංචි	punchi:2	punci:1
පුංචිහේවා	punchiheva:1	punchihewa:1	punciheva:1
පුජකවරු	pujakavaru:2	pujakawaru:1
පුජනිය	pujaniya:3	poojaniya:1
පුජනීය	pujaniya:3	poojaneeya:1
පුජා	pooja:4	puja:3
පුජාව	pujava:3	poojawa:1	pujawa:1
පුජාවක්	pujavak:3	pujawak:1
පුටින්	putin:3
පුටින්ගේ	putinge:3
පුටින්ට	putinta:3
පුටු	putu:3
පුටුව	putuva:2	putuwa:1
පුටුවක	putuvaka:2	putuwaka:1
පුටුවක්	putuvak:2	putuwak:1
පුඩු	pudu:3	pudhu:1
පුඩුවක්	puduvak:2	pudhuwak:1	puduwak:1
පුණ්‍ය	punya:2	pungya:1	punja:1	punna:1
පුත	putha:2	puta:1
පුතකු	puthaku:2	putaku:1
පුත්	puth:2	put:1
පුත්ත	putta:2	puththa:1
පුත්තලම	puttalama:2	puththalama:1
පුත්තලම්	puttalam:2	puththalam:1
පුත්තු	puththu:1	putthu:1	puttu:1
පුත්‍ර	puthra:2	putra:2
පුත්‍රයන්	putrayan:2	puthrayan:1
පුත්‍රයා	puthraya:4	putraya:2
පුත්‍රයාගේ	puthrayage:2	putrayage:1
පුත්‍රයාට	puthrayata:2	putrayata:1
පුත්‍රයාණන්	putrayanan:2	puthrayanan:1
පුත්‍රයායි	putrayayi:2	puthrayai:1
පුත්‍රයෙක්	putrayek:2	puthrayek:1
පුත්‍රයෝ	putrayo:2	puthrayo:1
පුතා	putha:4	puta:2
පුතාගේ	putage:2	puthage:2
පුතාට	puthata:2	putata:1
පුතු	puthu:2	putu:1
පුතුගේ	puthuge:2	putuge:1
පුතුට	puthuta:2	pututa:1
පුතුන්	puthun:2	putun:1
පුතුන්ට	puthunta:2	putunta:1
පුතෙක්	puthek:2	putek:1
පුතෙකු	putheku:2	puteku:1	puthaeku:1
පුතේ	puthe:2	pute:1	puthae:1
පුද	puda:3	pudha:1
පුදන	pudana:3
පුදනු	pudanu:3
පුදපූජා	pudapuja:3
පුදබිම	pudabima:3
පුද්ගල	pudgala:2	pudhgala:1
පුද්ගලත්වයක්	pudgalathvayak:1	pudgalatvayak:1	pudhgalathwayak:1
පුද්ගලයකු	pudgalayaku:2	pudhgalayaku:1
පුද්ගලයකුගේ	pudgalayakuge:2	pudhgalayakuge:1
පුද්ගලයකුට	pudgalayakuta:2	pudhgalayakuta:1
පුද්ගලයන්	pudgalayan:2	pudhgalayan:1
පුද්ගලයන්ගේ	pudgalayange:2	pudhgalayange:1
පුද්ගලයන්ට	pudgalayanta:2	pudhgalayanta:1
පුද්ගලයන්ටද	pudgalayantada:2	pudhgalayantadha:1
පුද්ගලයන්ද	pudgalayanda:2	pudhgalayanda:1
පුද්ගලයන්ය	pudgalayanya:2	pudhgalayanya:1
පුද්ගලයන්ව	pudgalayanva:2	pudhgalayanwa:1
පුද්ගලයා	pudgalaya:2	pudhgalaya:1
පුද්ගලයාගෙන්	pudgalayagen:2	pudhgalayagen:1
පුද්ගලයාගේ	pudgalayage:2	pudhgalayage:1
පුද්ගලයාට	pudgalayata:2	pudhgalayata:1
පුද්ගලයාය	pudgalayaya:2	pudhgalayaya:1
පුද්ගලයායි	pudgalayayi:2	pudhgalayai:1
පුද්ගලයින්	pudgalayin:2	pudhgalayin:1
පුද්ගලයින්ගේ	pudgalayinge:2	pudhgalayange:1
පුද්ගලයින්ට	pudgalayinta:2	pudhgalayinta:1
පුද්ගලයෙක්	pudgalayek:2	pudhgalayek:1
පුද්ගලයෙකි	pudgalayeki:2	pudhgalayeki:1
පුද්ගලයෙකු	pudgalayeku:2	pudhgalayaeku:1	pudhgalayeku:1
පුද්ගලයෙකුගෙන්	pudgalayekugen:2	pudhgalayaekugen:1	pudhgalayekugen:1
පුද්ගලයෙකුගේ	pudgalayekuge:2	pudhgalayaekuge:1	pudhgalayekuge:1
පුද්ගලයෙකුට	pudgalayekuta:2	pudhgalayaekuta:1	pudhgalayekuta:1
පුද්ගලයෙකුටම	pudgalayekutama:2	pudhgalayaekutama:1	pudhgalayekutama:1
පුද්ගලයෙකුම	pudgalayekuma:2	pudhgalayaekuma:1	pudhgalayekuma:1
පුද්ගලයෝ	pudgalayo:2	pudhgalayo:1
පුද්ගලාන්තර	pudgalantara:1	pudgalanthara:1	pudhgalanthara:1
පුද්ගලික	pudgalika:2	pudhgalika:1
පුද්ගලිකත්ව	pudgalikathva:1	pudgalikatva:1	pudhgalikathwaya:1
පුද්ගලිකව	pudgalikava:2	pudhgalikawa:1
පුදා	puda:3	pudha:1
පුදුකුඩිඉරිප්පු	pudukuduirippu:2	pudukudiirippu:1
පුදුම	puduma:3	pudhuma:1
පුදුමය	pudumaya:3	pudhumaya:1
පුදුමයක්	pudumayak:3	pudhumayak:1
පුදුමයට	pudumayata:3	pudhumayata:1
පුදුමාතලන්	pudumathalan:2	pudhumathalan:1	pudumatalan:1
පුන	puna:3
පුනපුනා	punapuna:6	punapunaa:1
පුනර්ජීවන	punarjivana:3
පුනර්ජීවනය	punarjivanaya:3
පුනර්ජීවනයක්	punarjivanayak:3
පුනර්භවය	punarbhavaya:3
පුනරාගමනය	punaragamanaya:3
පුනරාවර්ත	punaravarta:2	punaravartha:1
පුනරාවර්තන	punaravartana:2	punaravarthana:1
පුනරාවර්තනය	punaravartanaya:2	punaravarthanaya:1
පුනරීක්ෂණ	punariksana:2	punarikshana:1
පුනරීක්ෂණය	punariksanaya:2	punarikshanaya:1
පුනරුත්තාපනය	punaruttapanaya:2	punaruththapanaya:1
පුනරුත්ථාපනය	punarutthapanaya:2	punaruththapanaya:1
පුනරුත්පත්තිය	punarutpattiya:2	punaruthpaththiya:1
පුනරුද	punaruda:3
පුනරුදය	punarudaya:3
පුනස්ථාපනය	punasthapanaya:3
පුන්	pun:3
පුන්කලස	punkalasa:3
පුනුරුත්ථාපන	punurutthapana:2	punuruththapana:1
පුනුරුත්ථාපනය	punurutthapanaya:2	punuruththapanaya:1
පුපුරණ	pupurana:3
පුපුරන	pupurana:3
පුපුරවා	pupurava:3
පුපුරා	pupura:3
පුපුරුවා	pupuruva:3
පුබුදු	pubudu:3
පුබුදුවන	pubuduvana:3
පුයර	puyara:3
පුර	pura:3
පුරණය	puranaya:3
පුරන්	puran:3
පුරනා	purana:3
පුරපති	purapati:2	purapathi:1
පුරය	puraya:3
පුරයට	purayata:3
පුරයි	purayi:3
පුරයෙන්	purayen:3
පුරවන	puravana:3
පුරවන්නට	puravannata:3
පුරවර	puravara:3
පුරවරය	puravaraya:3
පුරවරයක්	puravarayak:3
පුරවා	purava:3
පුරස්ථ	purastha:3
පුරසාරම්	purasaram:3
පුර්ණ	poorna:3	purna:3
පුර්ණය	purnaya:3
පුර්ව	poorwa:3	purva:3
පුරා	pura:3
පුරාණ	purana:3
පුරාණය	puranaya:3
පුරාණයේ	puranaye:3
පුරාතණ	puratana:2	purathana:1
පුරාතන	purathana:6	puratana:2
පුරාතනයේ	puratanaye:2	purathanaye:1
පුරාන	purana:3
පුරාම	purama:3
පුරාවට	purawata:3	puravata:3
පුරාවටම	puravatama:3
පුරාවස්තු	puravastu:2	puravasthu:1
පුරාවිද්‍යා	puravidya:3
පුරාවිද්‍යාඥ	puravidyagna:3
පුරාවිද්‍යාඥයකු	puravidyagnayaku:3
පුරාවිද්‍යාඥයන්ගේ	puravidyagnayange:3
පුරාවිද්‍යාඥයින්	puravidyagnayin:3
පුරාවිද්‍යාඥයින්ගේ	puravidyagnayinge:3
පුරාවිද්‍යාඥයෝ	puravidyagnayo:3
පුරාවිද්‍යාත්මක	puravidyathmaka:3	puravidyatmaka:2
පුරාවිද්‍යාව	puravidyava:3
පුරාවිද්‍යාවේ	puravidyave:3
පුරාවෘත	puravrta:2	puravrutha:1
පුරාවෘත්ත	puravrtta:2	puravruththa:1
පුරාවෘත්තය	puravrttaya:2	puravrththaya:1	puravruththaya:1
පුරාවෘත්තයක්	puravrttayak:2	puravrththayak:1	puravruththayak:1
පුරුක	puruka:3
පුරුකක්	purukak:3
පුරුක්	puruk:3
පුරුද්ද	purudda:3
පුරුද්දක්	puruddak:3
පුරුද්දට	puruddata:3
පුරුද්දා	purudda:3
පුරුදු	purudu:3
පුරුදුව	puruduva:3
පුරුෂ	purusha:3	purusa:2
පුරුෂභාවය	purusabhavaya:2	purushabhavaya:1
පුරුෂයකු	purusayaku:2	purushayaku:1
පුරුෂයන්	purusayan:2	purushayan:1
පුරුෂයන්ට	purusayanta:2	purushayanta:1
පුරුෂයා	purushaya:4	purusaya:2
පුරුෂයාගේ	purushayage:2	purusayage:2
පුරුෂයාට	purusayata:2	purushayata:1
පුරුෂයින්	purusayin:2	purushayin:1
පුරුෂයෙක්	purusayek:2	purushayek:1
පුරුෂයෙකු	purusayeku:2	purushayeku:1
පුරුෂාධිපත්‍ය	purusadhipatya:2	purushadhipathya:1
පුරෝකථනය	purokathanaya:3
පුරෝගාමි	purogami:2	purogaami:1
පුරෝගාමිත්වය	purogaamithwaya:1	purogamithvaya:1	purogamitvaya:1
පුරෝගාමියකු	purogamiyaku:2	purogaamiyaku:1
පුරෝගාමියා	purogamiya:2	purogaamiya:1
පුරෝගාමියෙක්	purogamiyek:2	purogaamiyek:1
පුරෝගාමියෙකු	purogamiyeku:2	purogaamiyeku:1
පුරෝගාමී	purogami:2	purogaamee:1
පුරෝගාමීත්වයෙන්	purogaameethvayen:1	purogamithvayen:1	purogamitvayen:1
පුරෝගාමීන්	purogamin:2	purogaameen:1
පුරෝහිත	purohitha:2	purohita:1
පුරෝහිතයා	purohitaya:1	purohithaya:1	purohithayaa:1
පුලතිසි	pulathisi:2	pulatisi:1
පුල්මුඩේ	pulmude:2	pulmudai:1
පුල්ලේ	pulle:4
පුලා	pula:2	pulaa:1
පුලුටු	pulutu:3
පුලුල්	pulul:3
පුලුවන්	puluvan:2	puluwan:1
පුවක්	puvak:2	puwak:1
පුවත	puvata:1	puvatha:1	puwatha:1
පුවතක	puvataka:1	puvathaka:1	puwathaka:1
පුවතකට	puvatakata:1	puvathakata:1	puwathakata:1
පුවතක්	puvatak:1	puvathak:1	puwathak:1
පුවත්	puwath:6	puvat:1	puvath:1
පුවත්පත	puwathpatha:2	puvathpatha:1	puvatpata:1
පුවත්පතක්	puvathpathak:1	puvatpatak:1	puwathpathak:1
පුවත්පතකි	puvathpathaki:1	puvatpataki:1	puwathpathaki:1
පුවත්පතට	puvathpathata:1	puvatpatata:1	puwathpathata:1
පුවත්පත්	puwathpath:4	puvathpath:1	puvatpat:1
පුවත්පත්වල	puvathpathvala:1	puvatpatvala:1	puwathpathwala:1
පුවත්පතෙහි	puvathpathehi:1	puvatpatehi:1	puwathpathehi:1
පුවත්පතේ	puvathpathe:1	puvatpate:1	puwathpathe:1
පුවතින්	puvathin:1	puvatin:1	puwathin:1
පුවතේ	puvate:1	puvathe:1	puwathe:1
පුවරු	puwaru:2	puvaru:2
පුවරුව	puwaruwa:2	puvaruva:2
පුවරුවක	puvaruvaka:2	puwaruwaka:1
පුවරුවක්	puvaruvak:2	puwaruwak:1
පුවරුවකි	puvaruvaki:2	puwaruwaki:1
පුවරුවල	puvaruvala:2	puwaruwala:1
පුවරුවේ	puvaruve:2	puwaruwe:1
පුෂ්ටිමත්	pushtimath:2	pustimat:1
පුෂ්ප	pushpa:2	puspa:1
පුෂ්පකුමාර	pushpakumara:2	puspakumara:1
පුෂ්පකුමාරි	pushpakumari:2	puspakumari:1
පුෂ්පදාන	pushpadana:2	puspadana:1
පුෂ්පමාල්	pushpamal:2	pushpamaal:1	puspamal:1
පුෂ්පය	pushpaya:2	puspaya:1
පුෂ්පයක	pushpayaka:2	puspayaka:1
පුෂ්පයන්	pushpayan:2	puspayan:1
පුෂ්පයේ	pushpaye:2	puspaye:1
පුෂ්පරාග	pushparaga:2	pusparaga:1
පුෂ්පවල	pushpavala:1	pushpawala:1	puspavala:1
පුෂ්පා	pushpa:2	puspa:1
පුෂ්පිකා	pushpika:2	puspika:1
පුස්කොල	puskola:3
පුස්කොළ	puskola:3
පුස්තක	pusthaka:2	pustaka:1
පුස්තකයක්	pusthakayak:2	pustakayak:1
පුස්තකාල	pustakala:2	pusthakala:1
පුස්තකාලය	pusthakalaya:2	pustakalaya:2
පුස්තකාලයක්	pustakalayak:2	pusthakalayak:1
පුස්තකාලයේ	pusthakalaye:2	pustakalaye:1
පුස්තකාලවලට	pustakalavalata:1	pusthakalavalata:1	pusthakalawalata:1
පුසුල්පිටිය	pusulpitiya:3
පුහුණු	puhunu:3
පුහුණුකරු	puhunukaru:3
පුහුණුව	puhunuwa:3	puhunuva:2
පුහුණුවක්	puhunuvak:2	puhunuwak:1
පුහුණුවකින්	puhunuvakin:2	puhunuwakin:1
පුහුණුවට	puhunuvata:2	puhunuwata:1
පුහුණුවන්නන්	puhunuvannan:2	puhunuwannan:1
පුහුණුවීම	puhunuvima:2	puhunuweema:1
පුහුණුවීම්	puhunuvim:2	puhunuweem:1
පුහුණුවීමේ	puhunuvime:2	puhunuweeme:1
පුහුදුන්	puhudun:2	puhudhun:1
පුළුන්	pulun:3
පුළුල්	pulul:3
පුළුල්ව	pululva:2	pululwa:1
පුළුවන	puluwana:2	puluvana:2
පුළුවන්	puluwan:2	puluvan:2
පුළුවන්කම	puluvankama:2	puluwankama:1
පුළුවනි	puluvani:3
පුළුස්සා	pulussa:3
පූ	poo:2	pu:3	pooh:1
පූජක	pujaka:3
පූජකයන්	pujakayan:3
පූජකයා	pujakaya:3
පූජකයෝ	pujakayo:3
පූජකවරයකු	pujakavarayaku:3
පූජකවරු	pujakavaru:3
පූජකවරුන්	pujakavarun:3
පූජකවරුන්ට	pujakavarunta:3
පූජණීය	pujaniya:3
පූජනීය	pujaniya:3
පූජනීයත්වය	pujaniyatvaya:2	pujaniyathvaya:1
පූජනීයත්වයට	pujaniyatvayata:2	pujaniyathvayata:1
පූජ්‍ය	poojya:2	pujya:3
පූජ්‍යපාද	pujyapada:3
පූජා	pooja:8	puja:3
පූජාකරන	pujakarana:3
පූජාකළ	pujakala:3
පූජාමය	pujamaya:3
පූජාව	pujava:3
පූජාවක්	pujavak:3
පූජාවකි	pujavaki:3
පූජාවට	pujavata:3
පූජාවන්	pujavan:3
පූජාවලිය	pujavaliya:3
පූජාවලියෙහි	pujavaliyehi:3
පූජාවේ	pujave:3
පූජිත	pujita:2	pujitha:1
පූජෝත්සවය	pujotsavaya:2	pujothsawaya:1
පූට්ටුව	puttuva:2	putthuwa:1	puttuwa:1
පූටින්	putin:3	puting:1
පූනම්	punam:3	poonam:1
පූරකය	purakaya:3
පූර්ණ	poorna:5	purna:3
පූර්ණිකා	purnika:3	poornika:2
පූර්ව	poorwa:3	purva:2	purwa:1
පූර්වගාමී	purvagami:2	poorwagami:1	purwagami:1
පූර්වයේ	purvaye:3	purwaye:1
පූර්වාදර්ශය	purvadarshaya:2	purvadarsaya:1	purwadarshaya:1
පූර්වාපර	purvapara:3	purwapara:1
පූර්වාරාම	purvarama:2	purwaraama:1	purwarama:1
පූර්විකාව	purvikava:2	purvikawa:1	purwikawa:1
පූර්විකාවක්	purvikavak:2	purvikawak:1	purwikawak:1
පෘතග්ජන	prtagjana:1	prthagjana:1	pruthakjana:1
පෘතුග්‍රීසි	pruthugisi:2	prtugrisi:2	pruthugeesi:1	pruthugrisi:1
පෘතුග්‍රීසීන්	pruthugeesin:2	prtugrisin:2	pruthugrisin:1
පෘතුග්‍රීසීන්ට	prtugrisinta:2	pruthugeesinta:1	pruthugrisinta:1
පෘතුගාලය	pruthugalaya:2	prthugalaya:1	prtugalaya:1
පෘතුගාලයේ	prthugalaye:1	prtugalaye:1	pruthugalaye:1
පෘතුගිසි	prthugisi:1	prtugisi:1	pruthugeesi:1
පෘතුගිසීන්	prtugisin:1	pruthugeeseen:1	pruthugeesin:1	pruthugiseen:1
පෘතුගීසි	pruthugeesi:2	prtugisi:1
පෘතුගීසින්	pruthugeesin:2	prtugisin:1	pruthugeeseen:1
පෘතුගීසින්ට	pruthugeesinta:2	prtugisinta:1	pruthugeeseenta:1
පෘතුගීසීන්	pruthugeeseen:2	prtugisin:1	pruthugeesin:1
පෘතුගීසීන්ගෙන්	pruthugeeseengen:2	prtugisingen:1	pruthugeesingen:1
පෘතුගීසීන්ගේ	prtugisinge:1	pruthugeeseengae:1	pruthugeeseenge:1	pruthugeesinge:1
පෘතුවි	pruthuwi:2	prtuvi:1
පෘතුවිය	pruthuwiya:2	prtuviya:1
පෘතුවියට	pruthuwiyata:2	prtuviyata:1
පෘතුවියෙන්	pruthuwiyen:2	prtuviyen:1
පෘතුවියේ	pruthuwiye:2	prtuviye:1	pruthuwiyae:1
පෘථග්ජන	pruthagjana:2	prthagjana:1
පෘථිවි	pruthivi:2	prthivi:1	pruthiwi:1	pruthuwi:1
පෘථිවිය	pruthiviya:2	prthiviya:1	pruthiwiya:1	pruthuwiya:1
පෘථිවියට	pruthiviyata:3	prthiviyata:1	pruthiwiyata:1	pruthuwiyata:1
පෘථිවියෙන්	prithiwiyen:1	prthiviyen:1	pruthuwiyen:1
පෘථිවියෙහි	pruthiviyehi:2	prthiviyehi:1	pruthiwiyehi:1	pruthuwiyehi:1
පෘථිවියේ	pruthiviye:2	prthiviye:1	pruthiwiye:1	pruthuwiye:1
පෘථීවි	prthivi:1	pruthiwi:1	pruthuwi:1
පෘථීවිය	prthiviya:1	pruthiwiya:1	pruthuwiya:1
පෘථුල	pruthula:2	prthula:1
පෘෂ්ට	prushta:2	prsta:1
පෘෂ්ටය	prushtaya:2	prstaya:1
පෘෂ්ඨ	prushta:2	prstha:1	prushtah:1	prushtha:1
පෘෂ්ඨය	prushtaya:4	prsthaya:1	prushtahya:1	prushthaya:1
පෘෂ්ඨයක්	prsthayak:1	prushtahyak:1	prushtayak:1	prushthayak:1
පෘෂ්ඨයට	prsthayata:1	prushtahyata:1	prushthayata:1
පෘෂ්ඨයන්	prsthayan:1	prushtahyan:1	prushthayan:1
පෘෂ්ඨයෙහි	prsthayehi:1	prushtahyehi:1	prushthayehi:1
පෘෂ්ඨයේ	prushtaye:2	prsthaye:1	prushtahye:1	prushthaye:1
පෘෂ්ඨික	prsthika:1	prushthika:1	prushtihka:1
පෘෂ්ඨීය	prsthiya:1	prushthiya:1	prushtihya:1
පෙට්ටි	petti:3
පෙට්ටිය	pettiya:3
පෙට්ටියක්	pettiyak:3
පෙට්ටියට	pettiyata:3
පෙට්ටියේ	pettiye:3	pettiyae:1
පෙට්ටිවල	pettiwala:2	pettivala:1
පෙට්රල්	petral:3	petrol:1
පෙට්‍රල්	petral:2	petrol:1
පෙට්‍රා	petra:2	patra:1
පෙට්‍රෝලියම්	petroleum:2	petrolium:1
පෙඩරල්	pedaral:3	federal:1
පෙණ	pena:3	paena:1
පෙණුනි	penuni:3	paenuni:1
පෙණුනේය	penuneya:3	penunaeya:1
පෙණෙන	penena:3
පෙත	petha:2	peta:1
පෙතට	pethata:2	petata:1
පෙත්	peth:2	pet:1
පෙත්ත	peththa:2	petta:1
පෙත්තක්	peththak:2	pettak:1
පෙත්තප්පු	peththappu:2	pettappu:1
පෙත්සම	pethsama:2	petsama:1
පෙත්සමක්	pethsamak:2	petsamak:1
පෙත්සම්	pethsam:2	petsam:1
පෙත්සම්කරු	pethsamkaru:2	petsamkaru:1
පෙති	pethi:2	peti:2
පෙතියා	pethiya:2	petiya:1
පෙතිවල	pethivala:1	pethiwala:1	petivala:1
පෙදෙස	pedesa:3
පෙදෙසක	pedesaka:3
පෙදෙසක්	pedesak:3
පෙදෙසට	pedesata:3
පෙදෙසයි	pedesayi:2	pedesai:1
පෙදෙස්	pedes:3
පෙදෙස්වල	pedeswala:2	pedesvala:2
පෙදෙස්හි	pedeshi:3
පෙදෙසින්	pedesin:2	pedasin:1
පෙදෙසෙහි	pedesehi:2	pedesahi:1
පෙදෙසේ	pedese:3	pedesae:1
පෙන	pena:3
පෙනහලු	penahalu:3
පෙනහළු	penahalu:3
පෙනහළුවල	penahaluvala:2	penahaluwala:2
පෙන්	pen:3
පෙන්ණුම්	pennum:3
පෙන්නලා	pennala:3
පෙන්නුම්	pennum:3
පෙන්නුමි	pennumi:3
පෙන්වන	penwana:3	penvana:2
පෙන්වන්නට	penvannata:2	penwannata:2
පෙන්වන්නේ	penvanne:2	penwanne:2
පෙන්වනු	penvanu:2	penwanu:2
පෙන්වනුයේ	penvanuye:2	penwanuye:2	penwanuyae:1
පෙන්වමින්	penvamin:2	penwamin:2
පෙන්වයි	penvayi:2	penwaei:1	penwai:1	penwayi:1
පෙන්වා	penwa:12	penva:2
පෙන්වාදි	penvadi:2	penwadi:2
පෙන්වාදිය	penvadiya:2	penwadiya:2
පෙන්වාදී	penvadi:2	penwadhee:1	penwadhi:1	penwadi:1
පෙන්වාදෙන	penvadena:2	penwadena:2
පෙන්වාදෙයි	penvadeyi:2	penwadaei:1	penwadei:1	penwadeyi:1
පෙන්විමට	penvimata:2	penwimata:1
පෙන්විය	penwiya:2	penviya:2
පෙන්වීම	penweema:5	penvima:2	penwima:1
පෙන්වීමක්	penvimak:2	penwimak:2
පෙන්වීමට	penvimata:2	penwimata:2
පෙන්වීමටද	penvimatada:2	penwimatada:2	penweematada:1
පෙන්වීමටය	penvimataya:2	penwimataya:2
පෙන්වීමයි	penvimayi:2	penweemayi:1	penwimai:1	penwimayi:1
පෙන්වීමෙන්	penvimen:2	penwimen:2	penweemen:1
පෙන්වීමේ	penvime:2	penwime:2	penweeme:1
පෙන්වීය	penviya:2	penwiya:2
පෙන්වූ	penvu:3	penwu:1
පෙන්වූයේ	penvuye:3	penwuye:1
පෙන්වූවා	penvuva:2	penvuwa:1	penwuwa:1
පෙන්සිල්වේනියා	pennsylvania:2	pennsylvaniya:1	pensilveniya:1	pensilweniya:1
පෙන්සිල්වේනියාවේ	pensilveniyave:2	pennsylvaniawe:1	pennsylvaniyawe:1	pensilweniyawe:1
පෙනිණි	penini:3
පෙනී	penee:4	peni:2	penny:1
පෙනීගොස්	penigos:3	penigose:1
පෙනීම	penima:3
පෙනීමට	penimata:3	peneemata:1
පෙනීමේ	penime:3
පෙනීයන්නේ	peniyanne:3	peneeyanne:1
පෙනීයයි	peniyayi:3	peneeyai:1
පෙනීසිටි	penisiti:3	peneesiti:1
පෙනීසිටීම	penisitima:3	penisithima:1
පෙනුණි	penuni:3
පෙනුණු	penunu:3
පෙනුණේය	penuneya:3
පෙනුන	penuna:3
පෙනුනත්	penunath:2	penunat:1
පෙනුනද	penunada:3
පෙනුනි	penuni:3
පෙනුනු	penunu:3
පෙනුනේ	penune:3	penunae:1
පෙනුම	penuma:3
පෙනුමක්	penumak:3
පෙනුමකින්	penumakin:3
පෙනුමින්	penumin:3
පෙනුමෙන්	penumen:3
පෙනෙන	penena:3
පෙනෙන්නට	penennata:3
පෙනෙන්නේ	penenne:3
පෙනෙයි	penei:3	peneyi:2
පෙනේ	pene:3	paene:1
පෙප්ටයිඩ	peptayida:2	peptida:1
පෙබරවාරි	february:5	pebaravari:2	pebarawari:1	pebarawary:1
පෙබරවාරියේදී	pebaravariyedi:2	februaryyedhi:1	pebarawariyedhi:1	pebarawariyedi:1
පෙම්	pem:3
පෙම්වතා	pemwatha:2	pemvata:1	pemvatha:1
පෙම්වතිය	pemwathiya:2	pemvathiya:1	pemvatiya:1
පෙම්වතියයි	pemvatiyayi:1	pemwathiyai:1	pemwathiyayi:1
පෙම්වතුන්	pemwathun:2	pemvathun:1	pemvatun:1
පෙම්වතුන්ගේ	pemwathunge:2	pemvathunge:1	pemvatunge:1
පෙමින්	pemin:3
පෙර	pera:3
පෙරට	perata:3
පෙරටු	peratu:3
පෙරත්	perath:2	perat:1
පෙරද	perada:3
පෙරදිග	peradiga:3
පෙරදිගට	peradigata:3
පෙරදිගින්	peradigin:3
පෙරදී	peradi:3	peradee:1
පෙරදීය	peradiya:3	peradeeya:1
පෙරම	perama:3
පෙරමුණ	peramuna:3
පෙරමුණක්	peramunak:3
පෙරමුණට	peramunata:3
පෙරමුණයි	peramunayi:2	peramunai:1
පෙරමුණු	peramunu:3
පෙරමුණෙන්	peramunen:3
පෙරමුණෙහි	peramunehi:3
පෙරමුණේ	peramune:3
පෙරමුනේ	peramune:3
පෙරය	peraya:3
පෙරයම	perayama:3
පෙරයීම්	perayim:3	perayeem:1
පෙරලා	perala:3
පෙරලිය	peraliya:3
පෙරලීමට	peralimata:3	peraleemata:1
පෙරවරු	peravaru:2	perawaru:1
පෙරහන	perahana:3
පෙරහන්	perahan:3
පෙරහර	perahara:3
පෙරහරත්	peraharath:2	peraharat:1
පෙරහරින්	peraharin:3
පෙරළා	perala:3
පෙරළි	perali:3
පෙරළිකාර	peralikara:3	peralikaara:1
පෙරළියක්	peraliyak:3
පෙරළීම	peralima:3	peraleema:1
පෙරළෙන	peralena:3
පෙරා	pera:3	peraa:1
පෙරාතුව	perathuwa:2	peraathuwa:1	perathuva:1	peratuva:1
පෙරී	perry:2	peree:1	peri:1
පෙරීම	perima:3	pereema:1
පෙරීමෙන්	perimen:3	pereemen:1
පෙරුමාල්	perumal:3	perumaal:1
පෙරේරා	perera:3
පෙරේරාගෙන්	pereragen:3
පෙරේරාට	pererata:2	pereralata:1
පෙල	pela:3
පෙලපත්	pelapath:2	pelapat:1
පෙලීම	pelima:3	peleema:1
පෙලෙන	pelena:3
පෙලෙහි	pelehi:3	pelaehi:1
පෙලේ	pele:3	paele:1
පෙවීමට	pevimata:2	pewimata:1
පෙවෙත	pewetha:2	peveta:1	pevetha:1
පෙහෙළි	peheli:3
පෙළ	pela:3
පෙළක	pelaka:3
පෙළක්	pelak:3
පෙළකි	pelaki:3
පෙළට	pelata:3
පෙළපත	pelapatha:2	pelapata:1
පෙළපතකට	pelapathakata:2	pelapatakata:1
පෙළපතට	pelapathata:2	pelapatata:1
පෙළපත්	pelapath:2	pelapat:1
පෙළපතෙහි	pelapathehi:2	pelapatehi:1
පෙළපතේ	pelapathe:2	pelapate:1
පෙළපාලි	pelapali:3
පෙළපාලිය	pelapaliya:3	pelapaaliya:1
පෙළපොත්	pelapoth:2	pelapot:1
පෙළඹවීම	pelambavima:2	pelabhaweema:1	pelabhawima:1	pelambawima:1
පෙළඹවීමක්	pelambavimak:2	pelabhaweemak:1	pelabhawimak:1	pelambawimak:1
පෙළඹිණි	pelambini:2	pelabhini:1
පෙළඹී	pelambi:2	pelabhi:1
පෙළඹීම	pelabheema:1	pelabhima:1	pelambima:1	pelammbima:1
පෙළඹුණි	pelambuni:2	pelabhuni:1
පෙළඹුණු	pelambunu:2	pelabhunu:1
පෙළඹෙන	pelambena:2	pelabhena:1
පෙළඹේ	pelambe:2	pelabhae:1	pelabhe:1
පෙළහර	pelahara:3
පෙළුණු	pelunu:3
පෙළෙන	pelena:3
පෙළෙහි	pelehi:3
පෙළේ	pele:3
පේ	pay:2	pe:1
පේකඩ	pekada:3
පේජ්	page:3
පේටන්ට්	patent:3
පේද්‍රිස්	pedris:3
පේද්‍රෝ	pedro:3
පේදුරු	peduru:3
පේන්ටර්	painter:2	pentar:1
පේපර්ස්	pepars:2	papers:1
පේරාදෙණිය	peradeniya:3
පේරාදෙනිය	peradeniya:3
පේරු	peru:3
පේලි	peli:3
පේලියේ	peliye:3
පේශි	peshi:2	pesi:2
පේශිය	pesiya:2	peshiya:1
පේශිවල	pesivala:2	peshivala:1
පේශී	pesi:2	peshi:1
පේශීන්	pesin:2	peshin:1
පේසා	pesa:3
පේළි	peli:3
පේළිය	peliya:3
පේළියක්	peliyak:3
පේළියට	peliyata:3
පේළියේ	peliye:3
පොංගල්	pongal:3
පොකිරිස්සන්	pokirissan:3
පොකුණ	pokuna:3
පොකුණක්	pokunak:3
පොකුණට	pokunata:3
පොකුණු	pokunu:3
පොකුණෙන්	pokunen:3
පොකුරක්	pokurak:3
පොකුරු	pokuru:3
පොකුරේ	pokure:3
පොඟවා	pongava:2	pongawa:1
පොජ්ජ	pojja:3
පොජ්ජේ	pojje:3
පොට	pota:3
පොටර්	potar:2	porter:1
පොට්ටු	pottu:3
පොඩි	podi:3
පොඩිකර	podikara:3
පොඩිරත්න	podiratna:2	podirathna:1
පොත	potha:2	pota:2
පොතක	potaka:2	pothaka:1
පොතක්	potak:2	pothak:1
පොතකි	potaki:2	pothaki:1
පොතට	potata:2	pothata:1
පොතපතෙහි	potapatehi:2	pothapathehi:1
පොතයි	potayi:2	pothayi:1
පොත්	poth:3	pot:2
පොත්ගුල්	potgul:2	pothgul:1
පොත්ත	potta:2	poththa:1
පොත්තේ	potte:2	poththe:1
පොත්පත්	potpat:4	pothpath:2
පොත්වල	potvala:2	pothvala:1
පොත්හල	pothala:2	pothhala:1
පොතු	potu:2	pothu:1
පොතුවිල්	potuvil:2	pothuvil:1
පොතෙන්	poten:2	pothen:1
පොතෙහි	potehi:2	pothehi:1
පොතේ	pote:2	pothe:1
පොද	poda:3
පොදු	podu:3
පොදුජන	podujana:3
පොදුජනයා	podujanaya:3
පොදුය	poduya:3
පොදුරාජ්‍ය	podurajya:3
පොදුවේ	poduwe:4	poduve:3
පොන්නම්පෙරුම	ponnamperuma:3
පොන්නම්බලම්	ponnambalam:3
පොප්	pop:3
පොම්ප	pompa:3
පොර	pora:3
පොරයට	porayata:3
පොරවා	porava:2	porawa:1
පොරොත්තුව	porottuva:2	poroththuva:1
පොරොන්දු	porondu:3
පොරොන්දුව	poronduva:3
පොරොන්දුවක්	poronduvak:3
පොරෝ	poro:3
පොල	pola:3
පොලක්	polak:3
පොලව	polava:3
පොල්	pol:3
පොල්කටු	polkatu:3
පොල්ගස්	polgas:3
පොල්ගහවෙල	polgahavela:2	polgahawela:1
පොල්ලෙලි	polleli:3
පොලි	poli:3
පොලිතීන්	polithin:1	politin:1	polythene:1
පොලිප්	polip:2	polyp:1
පොලිය	poliya:3
පොලියට	poliyata:3
පොලිස්	police:2	polis:1
පොලිස්පති	policepati:1	polispathi:1	polispati:1
පොලිස්පතිවරයා	policepativaraya:1	polispathivaraya:1	polispativaraya:1
පොලිස්පතිවරු	policepativaru:1	polispathivaru:1	polispativaru:1
පොලිසි	polisi:2	policei:1
පොලිසිය	polisiya:2	policeiya:1
පොලිසියට	polisiyata:2	policeiyata:1
පොලිසියේ	polisiye:2	policeiye:1
පොලී	poli:3
පොලීසිය	polisiya:2	policeiya:1	poliisiya:1
පොලීසියට	polisiyata:2	policeiyata:1
පොලීසියෙන්	polisiyen:2	policeiyen:1
පොලීසියේ	polisiye:2	policeiye:1
පොලු	polu:3
පොලෙහි	polehi:3
පොලේ	pole:3
පොලොන්නරු	polonnaru:3
පොලොන්නරුව	polonnaruva:3
පොලොව	polova:3
පොලොවට	polovata:3
පොවන	povana:3
පොවමින්	povamin:3
පොවා	pova:3
පොස්පරස්	phosphorus:2	posparas:1
පොස්පේට්	pospet:2	phosphate:1
පොසිල	posila:2	fossil:1
පොසොන්	poson:3
පොහොය	pohoya:3
පොහොර	pohora:3
පොහොරක්	pohorak:3
පොහොසත්	pohosat:2	pohosath:1
පොහොසත්ම	pohosatma:2	pohosathma:1
පොහෝ	poho:3
පොහෝදා	pohoda:3
පොහෝදින	pohodina:3
පොළ	pola:3
පොළක	polaka:3
පොළක්	polak:3
පොළට	polata:3
පොළඹවන	polambavana:3
පොළඹවනු	polambavanu:3
පොළඹවා	polambava:3
පොළව	polava:3
පොළවට	polavata:3
පොළවල්	polaval:3
පොළවෙන්	polaven:3
පොළවේ	polave:3
පොළා	pola:3
පොළිය	poliya:3
පොළී	poli:3
පොළෙන්	polen:3
පොළෙහි	polehi:3
පොළේ	pole:3
පොළොන්නරු	polonnaru:3
පොළොන්නරුව	polonnaruwa:2	polonnaruva:3
පොළොන්නරුවට	polonnaruvata:3
පොළොන්නරුවෙහි	polonnaruvehi:3
පොළොන්නරුවේ	polonnaruve:3
පොළොන්නරුවේදී	polonnaruvedi:3
පොළොව	polova:3
පොළොවට	polovata:3
පොළොවෙන්	poloven:3
පොළොවෙහි	polovehi:3
පොළොවේ	polove:3
පෝ	po:3
පෝටර්	potter:2	porter:1
පෝනි	pony:3	poni:1
පෝය	poya:3
පෝර	pora:3
පෝරකය	porakaya:3
පෝරණු	poranu:3	poraenu:1
පෝරු	poru:3
පෝරුව	poruva:2	poruwa:1
පෝලන්ත	polanta:2	polantha:2
පෝලන්තය	polantaya:2	polanthaya:2
පෝලන්තයේ	polantaye:2	polanthaye:2
පෝල්	pole:2	paul:1	poll:1	poul:1
පෝල්ගේ	polge:2	polege:1	pollge:1	poulge:1
පෝලියෝ	polio:3	poliyo:1
පෝශණය	poshanaya:2	posanaya:1
පෝෂක	poshaka:2	posaka:1
පෝෂණ	poshana:2	posana:1
පෝෂණය	poshanaya:2	posanaya:1
පෝෂණයට	poshanayata:2	posanayata:1
පෝෂණයත්	poshanayath:2	posanayat:1
පෝෂණයෙන්	poshanayen:2	posanayen:1
පෝෂණීය	poshaniya:2	posaniya:1	poshaneeya:1
පෝෂ්‍ය	poshya:2	posya:1
පෝෂ්‍යදායී	poshyadayi:2	posyadayi:1
පෝෂිත	poshitha:2	poshita:1	posita:1
පෝසත්	posath:2	posat:1
පෝස්ටරය	postaraya:3
පෝස්ටර්	poster:3
පෝස්ට්	post:3
පෞද්ගලික	paudgalika:2	poudgalika:1	povudhgalika:1
පෞද්ගලිකත්ව	paudgalikathva:1	paudgalikatva:1	poudhgalikathwayata:1	povudhgalikathwaya:1
පෞද්ගලිකත්වය	paudgalikathvaya:1	paudgalikatvaya:1	pavudhgalikathwaya:1	poudhgalikathwaya:1
පෞද්ගලිකව	paudgalikava:2	pavudhgalikawa:1	poudhgalikawa:1
පෞර්ෂය	paurshaya:2	paursaya:1
පෞරාණික	pauranika:2	pauraanika:1
පෞරුෂ	paurusha:2	paurusa:1
පෞරුෂත්වය	paurusatvaya:1	paurushathvaya:1	paurushathwaya:1
පෞරුෂත්වයට	paurusatvayata:1	paurushathvayata:1	paurushathwayata:1
පෞරුෂය	paurushaya:2	paurusaya:1
පෞරුෂයක්	paurushayak:2	paurusayak:1
පෞරුෂයකින්	paurushayakin:2	paurusayakin:1
ඵකට	phakata:2	ekata:1
ඵකම	phakama:2	ekama:1
ඵමෙන්ම	phamenma:2	emenma:1
ඵල	pala:3	phala:2
ඵලක	phalaka:2	palaka:1
ඵලකය	phalakaya:2	palakaya:1
ඵලකයක්	phalakayak:2	palakayak:1
ඵලක්	phalak:2	palak:1
ඵලදා	phalada:2	paladaa:1
ඵලදායක	phaladayaka:2	paladaayaka:1
ඵලදායි	phaladayi:2	paladaai:1
ඵලදායී	phaladayi:2	paladaaie:1
ඵලදායීතා	paladaaithaa:1	phaladayita:1	phaladayitha:1
ඵලදායීතාව	paladaaithawa:1	phaladayitava:1	phaladayithava:1
ඵලදායීතාවය	paladaaithaawaya:1	phaladayitavaya:1	phaladayithavaya:1
ඵලදාව	phaladava:2	paladaawa:1
ඵලදාවක්	phaladavak:2	paladaawak:1
ඵලය	phalaya:2	palaya:1
ඵලයක්	phalayak:2	palayak:1
ඵලයට	phalayata:2	palayata:1
ඵලයන්	phalayan:3
ඵලයන්ට	phalayanta:3
ඵලයෙහි	phalayehi:3
ඵලයේ	phalaye:3
ඵස්ස	phassa:3
ඵසේ	phase:3
ඵසේම	phasema:3
ඵහි	phahi:3
ඵහෙත්	phaheth:2	phahet:1
ඵෙතිහාසික	phethihasika:2	phetihasika:1
ඵෛතිහාසික	aithihasika:1	aythihasika:1	phaithihasika:1	phaitihasika:1
බං	ban:2	bang:1
බංකර	bankara:2	bangkara:1
බංකුව	bankuva:2	bangkuwa:1	bankuwa:1
බංගලාදේශ	bangaladesa:1	bangaladesha:1	bangladesh:1
බංගලාදේශය	bangaladesaya:1	bangaladeshaya:1	banglaadesh:1
බංග්ලාදේශ	bangladesha:2	bangladesa:1
බංග්ලාදේශය	bangladeshaya:2	bangladesaya:1
බංග්ලාදේශයට	bangaladeshayata:1	bangladesayata:1	bangladeshayata:1
බංග්ලාදේශයේ	bangladeshaye:2	bangladesaye:1
බංග්‍රා	bangra:4	bangrah:1
බංඩාර	bandara:3
බකමූණන්	bakamunan:3
බකමූණු	bakamunu:3
බක්	bak:3
බච්චන්	bachchan:2	buchchan:1
බජට්	budget:3
බජාජ්	bajaj:3
බට	bata:3
බටකොළ	batakola:3
බටගොඩ	batagoda:3
බටදොඹ	batadomba:2	batadhobha:1	batadobha:1
බටනලාව	batanalava:2	batanalawa:1
බටයක්	batayak:3
බටර්	butter:3
බටහිර	batahira:3
බටහිරකරණය	batahirakaranaya:3
බටහිරට	batahirata:3
බටහිරින්	batahirin:3
බටු	batu:3
බඩ	bada:3
බඩගින්න	badaginna:3
බඩගිනි	badagini:3
බඩු	badu:3	badhu:1
බඩුවක්	baduvak:2	baduwak:1
බඩුවලින්	baduvalin:2	baduwalin:1
බඩේ	bade:3
බණ	bana:3
බණක්	banak:3
බණ්ඩා	banda:3
බණ්ඩාගේ	bandage:2	bandagae:1
බණ්ඩාර	bandara:3
බණ්ඩාරගම	bandaragama:3
බණ්ඩාරණායක	bandaranayaka:2	bandaranayake:1
බණ්ඩාරනායක	bandaranayaka:2	bandaranayake:1
බණ්ඩාරනායකයන්	bandaranayakayan:2	bandaranaiken:1
බණ්ඩාරවත්ත	bandarawaththa:2	bandarawatta:1
බණ්ඩාරවෙල	bandarawela:3
බණ්ඩි	bandi:3
බත	bata:1	batah:1	batha:1
බතක්	batak:2	bathak:1
බතට	bathata:2	batata:1
බතල	bathala:2	batala:1
බතලගොඩ	bathalagoda:2	batalagoda:1
බතලේගල	bathalegala:2	batalegala:1
බත්	bath:2	bat:1
බතුතා	bathuna:1	bathutha:1	batuta:1
බතූතා	bathuna:1	bathutha:1	batuta:1
බද	bada:2	bade:1
බදරිකා	badarika:2	badarikaa:1
බද්ද	badda:3
බද්දක්	baddak:3
බද්දය	baddaya:3
බද්දෙගම	baddegama:3
බද්දෙන්	badden:3
බද්දේගම	baddegama:3
බද්ධ	baddha:2	badda:1
බද්ධව	baddhava:2	baddawa:1
බදාදා	badada:3
බදාම	badama:3
බදාමය	badamaya:3
බදාමයක්	badamayak:3
බදාමයෙන්	badamayen:3
බදු	badu:3
බදුල්ල	badulla:3
බදුල්ලේදී	badulledi:3
බදුලු	badulu:3
බන්දන	bandana:3
බන්දවා	bandava:3
බන්දු	bandu:3
බන්දුගේ	banduge:3
බන්දුල	bandula:3
බන්දේසියක	bandesiyaka:3
බන්ධන	bandana:2	bandhana:3
බන්ධනය	bandanaya:2	bandhanaya:3
බන්ධනයක්	bandhanayak:3
බන්ධනයන්	bandhanayan:3
බන්ධනයෙන්	bandhanayen:3
බන්ධනවලින්	bandhanavalin:3
බන්ධනාගාර	bandhanagara:3
බන්ධනාගාරය	bandhanagaraya:3
බන්ධනාගාරයෙන්	bandhanagarayen:3
බන්ධු	bandhu:3
බඳ	banda:3
බඳවා	bandava:3
බඳවාගත්	bandavagat:2	bandavagath:1
බඳින	bandina:3
බඳිනු	bandinu:3
බඳිමින්	bandimin:3	badhimin:1
බඳු	bandu:3
බඳුන	banduna:3
බඳුනක	bandunaka:3
බඳුනකට	bandunakata:3	badhunakata:1
බඳුනක්	bandunak:3	badhunak:1
බඳුන්	bandun:2	badhun:1	bandhun:1
බඳුන්වන	bandunvana:2	badhunwana:1	bandunwana:1
බඳුන්වල	bandunvala:2	badhunwala:1	bandunwala:1
බඳෙහි	bandehi:3	badhehi:1
බබර	babara:3
බබලන	babalana:3
බබා	baba:3
බබෙක්	babek:3
බමන	bamana:3
බම්	bam:2	bum:2
බම්බලපිටිය	bambalapitiya:3
බම්බු	bambu:3
බම්බුවක්	bambuvak:3
බමුණකු	bamunaku:3
බමුණන්	bamunan:3
බමුණා	bamuna:3
බමුණාගේ	bamunage:3
බමුණාට	bamunata:3
බමුණු	bamunu:3
බමුණුගම	bamunugama:3
බඹ	bamba:3
බඹදත්	bambadat:2	bambadath:1
බඹරෙකු	bambareku:3
බඹුන්	bambun:2	babhun:1
බය	baya:3
බයක්	bayak:3
බයයි	bayayi:2	bayai:1
බයිබලය	bayibalaya:2	bibleayae:1
බයිබලයේ	bayibalaye:2	bibleaye:1
බයිබල්	bible:2	bayibal:1
බයිබලීය	bayibaleeya:1	bayibaliya:1	bibleaye:1
බයියුරෙට්	bayiyuret:2	biuret:1
බයිලා	baila:2	bayila:1
බයිසිකලයක්	bayisikalayak:2	bicycleayak:1
බයිසිකල්	bicycle:2	bicycal:1
බයොස්	bayos:2	bios:1
බර	bara:3
බරක්	barak:3
බරකින්	barakin:3
බරට	barata:3
බරණින්	baranin:3
බරපතල	barapathala:2	barapatala:1
බරපතලකම	barapathalakama:2	barapatalakama:1
බරපතලම	barapathalama:2	barapatalama:1
බරම	barama:3
බර්ගර්	burger:3	bargar:1
බර්ජ්	burj:3
බර්ට්	burt:3	bart:1
බර්ට්‍රම්	bertram:3	bartram:1
බර්ටි	bertie:2	barti:1	berti:1	berty:1
බර්තොලමිව්	bartolamiv:2	bartholamew:1	bartholamiu:1
බර්නාඩ්	bernard:3	barnad:1
බර්මන්	berman:2	barman:1
බර්ලිනය	barlinaya:3
බර්ලින්	berlin:2	barlin:1
බරින්	barin:3
බරෙන්	baren:3
බල	bala:3
බලංගොඩ	balangoda:3
බලකා	balaka:3
බලකාය	balakaya:3
බලකායක්	balakayak:3
බලකායට	balakayata:3
බලකායන්	balakayan:3
බලකායෙන්	balakayen:3
බලකායේ	balakaye:3
බලකිරීම	balakirima:2	balakireema:1
බලකොටු	balakotu:3
බලකොටුව	balakotuva:2	balakotuwa:1
බලකොටුවක්	balakotuvak:2	balakotuwak:1
බලකොටුවකි	balakotuvaki:2	balakotuwaki:1
බලකොටුවට	balakotuvata:2	balakotuwata:1
බලකොටුවේ	balakotuve:2	balakotuwe:1
බලගතු	balagathu:2	balagatu:1
බලගන්වන	balaganvana:3
බලතල	balathala:2	balatala:1
බලති	balathi:2	balati:1
බලධාරියා	baladhariya:3
බලධාරී	baladhari:3	baladharee:1
බලධාරීන්	baladharin:3	baladhareen:1
බලන	balana:3
බලනවිට	balanavita:3
බලන්	balan:3
බලන්ගොඩ	balangoda:3
බලන්න	balanna:3
බලන්නට	balannata:3
බලන්නේ	balanne:3
බලනු	balanu:3
බලපත්	balapath:2	balapat:1
බලපත්‍ර	balapathra:2	balapatra:1
බලපත්‍රය	balapathraya:2	balapatraya:1
බලපත්‍රයක්	balapathrayak:2	balapatrayak:1
බලපත්‍රලාභී	balapathralabhee:1	balapathralabhi:1	balapatralabhi:1
බලපරාක්‍රමය	balaparakramaya:3
බලපවත්නා	balapavathna:1	balapavatna:1	balapawathna:1
බලපවත්වන්නාවූ	balapavathvannavu:1	balapavatvannavu:1	balapawathwannavu:1
බලපවත්වනු	balapavathvanu:1	balapavatvanu:1	balapawathwanu:1
බලප්‍රදේශය	balapradeshaya:2	balapradesaya:1
බලපා	balapa:3
බලපාන	balapana:3
බලපාන්නට	balapannata:3
බලපාන්නේ	balapanne:3	balapannae:1
බලපානු	balapanu:3
බලපායි	balapai:4	balapayi:3
බලපිටිය	balapitiya:3
බලපොරොත්තු	balaporoththu:2	balaporottu:1
බලමින	balamina:3
බලමින්	balamin:3
බලමු	balamu:3
බලය	balaya:3
බලයකට	balayakata:3
බලයක්	balayak:3
බලයකින්	balayakin:3
බලයට	balayata:3
බලයන්	balayan:3
බලයලත්	balayalat:1	balayalath:1	balayath:1
බලයි	balayi:3	balai:1
බලයෙන්	balayen:3
බලයෙහි	balayehi:3
බලයේ	balaye:3	balayae:1
බලලත්	balalath:2	balalat:1
බලලා	balala:3
බලව	balava:2	balawa:1
බලවත්	balawath:3	balavat:1	balavath:1	balawathwa:1
බලවත්ම	balavathma:1	balavatma:1	balawathma:1
බලවත්ව	balavathva:1	balavatva:1	balawathwa:1
බලවත්වන	balavathvana:1	balavatvana:1	balawathwana:1
බලවතා	balavata:1	balavatha:1	balawatha:1
බලවතුන්	balavathun:1	balavatun:1	balawathun:1
බලවතුන්ගෙන්	balavathungen:1	balavatungen:1	balawathungen:1
බලවතුන්ගේ	balavathunge:1	balavatunge:1	balawathunge:1
බලවතෙකු	balavateku:1	balavatheku:1	balawatheku:1
බලවල	balavala:2	balawala:1
බලවේග	balawega:2	balavega:2	balawaega:1
බලවේගය	balavegaya:2	balawegaya:1
බලවේගයක	balavegayaka:2	balawegayaka:1
බලවේගයක්	balavegayak:2	balawegayak:1
බලවේගයන්	balavegayan:2	balawegayan:1
බලශක්ති	balashakthi:2	balasakti:1	balashakti:1
බලශක්තිය	balasaktiya:1	balashakthiya:1	balashaktiya:1
බලසම්පන්න	balasampanna:3
බලසේනා	balasena:3
බලහත්කාර	balahathkara:2	balahatkara:1
බලහත්කාරය	balahathkaraya:2	balahatkaraya:1
බලහත්කාරයෙන්	balahathkarayen:2	balahatkarayen:1
බල්ගේරියාව	balgeriyava:2	balgeriyawa:1	bulgariyawa:1
බල්බයක්	balbayak:2	bulbayak:1
බල්ලන්	ballan:3
බල්ලන්ට	ballanta:3
බල්ලා	balla:3
බල්ලෙක්	ballek:3
බල්ලෙකු	balleku:3
බල්ලෝ	ballo:3
බලා	bala:3
බලාගත	balagatha:2	balagata:1
බලාගාර	balagara:3
බලාගාරය	balagaraya:3
බලාගාරයක්	balagarayak:3
බලාගාරයේ	balagaraye:3
බලාගාරවල	balagaravala:2	balagarawala:1
බලාත්මක	balathmaka:3	balatmaka:2
බලාධිකාරිය	baladhikariya:3
බලාපොරොත්තු	balaporoththu:5	balaporottu:2
බලාපොරොත්තුව	balaporottuva:2	balaporoththuwa:1
බලාපොරොත්තුවක්	balaporottuvak:2	balaporoththuwak:1
බලාපොරොත්තුවන	balaporottuvana:2	balaporoththuwana:1
බලාපොරොත්තුවයි	balaporottuvayi:2	balaporoththuwai:1
බලාපොරොත්තුවෙන්	balaporottuven:2	balaporoththuwen:1
බලාපොරොත්තුවේ	balaporottuve:2	balaporoththuwe:1
බලාසිටිය	balasitiya:3
බලි	bali:3
බලු	balu:3
බලෙන්	balen:3
බව	bawa:124	bava:2
බවක්	bawak:6	bavak:2
බවක්ද	bavakda:2	bawakdha:1
බවකි	bavaki:2	bawaki:1
බවකින්	bavakin:2	bawakin:1
බවකුත්	bawakuth:2	bavakut:1
බවට	bawata:53	bavata:2
බවටත්	bawatath:2	bavatat:1	bavatath:1
බවටද	bavatada:3	bawatada:1
බවටය	bavataya:2	bawataya:1
බවටයි	bavatayi:2	bawatai:1
බවත්	bawath:31	bavat:1	bavath:1
බවත්ය	bavathya:1	bavatya:1	bawathya:1
බවද	bawada:4	bavada:2
බවය	bawaya:6	bavaya:2
බවයි	bawai:27	bavayi:2	bawayi:1
බවර්	bauer:1	baur:1	bawar:1	bower:1
බවින්	bavin:2	bawin:1
බවෙන්	baven:3	bawen:1
බවේ	bave:2	bawe:1
බස	basa:3
බසක	basaka:3
බසකට	basakata:3
බසක්	basak:3	busak:1
බසට	basata:3
බසයකට	basayakata:3	busayakata:1
බසයේ	basaye:3
බස්	bus:3
බස්තියන්	basthiyan:1	bastiyan:1	bustian:1
බස්නා	basna:3	busna:1
බස්නායක	basnayaka:3
බස්නාහිර	basnahira:3	busnahira:1
බස්නාහිරින්	basnahirin:3	busnahirin:1
බස්රථ	basratha:2	busratha:1
බස්රා	basra:3	busra:1
බසාර්	bazaar:2	basar:1	bazar:1
බසින	basina:3
බසින්	basin:3
බසින්නට	basinnata:3
බසියි	basiyi:3	basi:1
බසී	basi:3	basee:1
බසෙහි	basehi:3
බසේ	base:3	basae:1
බහ	baha:3
බහට	bahata:3
බහදූර්	bahadur:3
බහරේන්	baharen:1	bahrain:1	bahren:1
බහා	baha:3
බහාලුම්	bahalum:3
බහින	bahina:3
බහු	bahu:3
බහුකාර්ය	bahukarya:3
බහුජාතික	bahujatika:2	bahujathika:1
බහුතර	bahutara:2	bahuthara:1
බහුතරය	bahutaraya:2	bahutharaya:1
බහුතරයක	bahutarayaka:2	bahutharayaka:1
බහුතරයකගේ	bahutarayakage:2	bahutharayakage:1
බහුතරයක්	bahutharayak:3	bahutarayak:2
බහුදේව	bahudeva:3
බහුමාධ්‍ය	bahumadhya:2	bahumadhja:1
බහුමානය	bahumanaya:3
බහුරූපී	bahurupi:2	bhurupi:1
බහුල	bahula:3
බහුලතම	bahulatama:2	bahulathama:1
බහුලය	bahulaya:3
බහුලයි	bahulayi:2	bahulai:1
බහුලව	bahulawa:11	bahulava:3
බහුලවම	bahulavama:3
බහුවලයික	bahuvalayika:3
බහුවාර්ෂික	bahuvarsika:2	bahuvarshika:1
බහුවිද	bahuvida:3
බහුවිධ	bahuwidha:2	bahuvidha:3
බළකාය	balakaya:3
බළකායේ	balakaye:3
බළන්ගොඩ	balangoda:3
බළල්	balal:3
බළලා	balala:3
බළලුන්	balalun:3
බළලෙකු	balaleku:3
බ්රේස්	bres:3
බ්ලැක්	black:2	blaek:1
බ්ලූ	blue:2	blu:1
බ්ලෙයාර්	bleyar:2	blair:1
බ්ලේක්	blake:2	blek:2
බ්ලොක්	block:2	blok:1
බ්ලොග්	blog:3
බ්ලොග්ස්	blogs:3
බ්‍රමක	bramaka:3
බ්‍රයන්	brayan:3
බ්‍රවුන්	brown:3
බ්‍රවුන්රිග්	brownridge:1	brownrig:1	brownrigg:1
බ්‍රසල්ස්	brasals:2	brazils:1
බ්‍රසීල	brasila:2	brazil:1
බ්‍රසීලය	brasilaya:2	brazil:1
බ්‍රසීලයට	brasilayata:2	brazilayata:1
බ්‍රසීලයේ	brasilaye:2	brazilaye:1
බ්‍රහස්පති	brahaspati:2	brahaspathi:1
බ්‍රහස්පතිගේ	brahaspatige:2	brahaspathige:1
බ්‍රහස්පතිට	brahaspatita:2	brahaspathita:1
බ්‍රහස්පතින්දා	brahaspatinda:2	brahaspathinda:1
බ්‍රහස්පතී	brahaspati:2	brahaspathi:1
බ්‍රහස්පතීගේ	brahaspatige:2	brahaspathige:1
බ්‍රහ්ම	brahma:3
බ්‍රහ්මපුත්‍ර	brahmaputra:2	brahmaputhra:1
බ්‍රහ්මයන්	brahmayan:3
බ්‍රහ්මයා	brahmaya:3
බ්‍රහ්මයාගෙන්	brahmayagen:3
බ්‍රහ්මලෝක	brahmaloka:3
බ්‍රාහ්මණ	brahmana:3
බ්‍රාහ්මණයා	brahmanaya:3
බ්‍රාහ්මණයෙකුගේ	brahmanayekuge:3
බ්‍රාහ්මණයෝ	brahmanayo:3
බ්‍රාහ්මී	brahmi:3	brahmee:1
බ්‍රැඩ්මන්	bradman:3
බ්‍රිගේඩියර්	brigadier:3
බ්‍රිතාන්‍ය	brithanya:2	britanja:1	britanya:1
බ්‍රිතාන්‍යය	britanjaya:1	britanya:1	brithanya:1	brithanyaya:1
බ්‍රිතාන්‍යයට	brithanyayata:2	britanjayata:1	britanyayata:1
බ්‍රිතාන්‍යයන්	brithanyayan:2	britanjayan:1	britanyayan:1
බ්‍රිතාන්‍යයන්ගෙන්	brithanyayangen:2	britanjayangen:1	britanyayangen:1
බ්‍රිතාන්‍යයන්ගේ	brithanyayange:2	britanjayange:1	britanyayange:1
බ්‍රිතාන්‍යයන්ට	brithanyayanta:2	britanjayanta:1	britanyayanta:1
බ්‍රිතාන්‍යයෙන්	brithanyayen:2	britanjayen:1	britanyayen:1
බ්‍රිතාන්‍යයේ	brithanyaye:2	britanjaye:1	britanyaye:1
බ්‍රිතාන්‍යයෝ	brithanyayo:2	britanjayo:1	britanyayo:1
බ්‍රෙසියරයක්	bresiyarayak:2	breziyarayak:1
බ්‍රේල්	brail:6	brael:1	braile:1	braille:1
බ්‍රෝඩ්වේ	broadway:2	brodve:1	brodway:1
බා	ba:2	baa:1
බාග	baga:2	baaga:1
බාගත	bagatha:3	baagatha:1	bagata:1
බාගතකිරීම්	baagathakireem:1	bagatakirim:1	bagathakirim:1
බාගත්	baagath:1	bagat:1	bagath:1
බාගයකට	bagayakata:2	baagayakata:1
බාති	bathi:2	bati:1
බාධක	badhaka:3
බාධකය	badhakaya:3
බාධකයක්	badhakayak:3
බාධකයන්	badhakayan:3
බාධා	bhada:2	badha:3
බාධාව	badhava:3
බාධාවක්	badhavak:3
බාධාවකින්	badhavakin:3
බාධාවන	badhavana:3
බාධාවන්	badhavan:3
බාධාවන්ට	badhavanta:3
බාන්ස්	bans:2	barns:1
බාප්පා	bappa:3
බාබරා	babara:3
බාබා	baba:3
බාබු	babu:3
බාබුල්	babul:3
බාර	bara:3
බාරගෙන	baragena:3
බාරදෙනු	baradenu:3
බාරය	baraya:3
බාර්	bar:3
බාර්ලම්	barlam:3
බාර්ලි	barli:3
බාල	bala:3
බාලක	balaka:2	balka:1
බාලදක්ෂ	baladaksha:2	baladaksa:1
බාලදක්ෂයන්	baladakshayan:2	baladaksayan:1
බාලදක්ෂයා	baladakshaya:2	baladaksaya:1
බාලන්	balan:3
බාලම	balama:3
බාලයා	balaya:3
බාලසිංහම්	balasinham:3	balasingham:1
බාලසූරිය	balasuriya:2	balasooriya:1
බාල්	bal:2	baal:1	bhal:1
බාල්දි	baldi:3
බාල්දිය	baldiya:3
බාලි	bali:3
බාලිකා	balika:3
බාවා	bava:2	bawa:1
බාවිතා	bavita:2	bavitha:1
බාසිලෝනා	barcelona:2	basilona:1
බාසු	basu:3
බාහිකය	bahikaya:3
බාහිය	bahiya:3
බාහිර	bahira:3
බාහිරව	baahirawa:2	bahirava:3
බාහිරාදිය	bahiradiya:3
බාහිරින්	bahirin:3
බාහු	bahu:3
බාහුව	bahuwa:2	bahuva:3
බැංකොක්	bangkok:2	baenkok:1
බැග්ඩෑඩ්	baghdad:2	baegdaed:1
බැජ්	badge:2	baej:1
බැටරි	battery:2	baetari:1
බැට්	bat:2	baet:1
බැට්මෑන්	batman:2	baetmaen:1
බැට්මින්ටන්	badminton:2	baetmintan:1
බැට්ල්	battle:2	baetl:1
බැඳුනු	badhunu:1	baendunu:1	bandhunu:1
බැඳුනේ	badhune:1	baendune:1	bandhune:1
බැඳුනේය	badhuneya:1	baeduneya:1	bandhuneya:1
බැඳුම්	badhum:1	baedhum:1	baedum:1
බැඳුම්කර	badhumkara:1	baedumkara:1	bandhumkara:1
බැඳේ	baende:2	bande:1
බැබිලෝනියන්	babiloniyan:1	babyloniyan:1	baebiloniyan:1
බැබිලෝනියානුවන්	babiloniyanuvan:1	babyloniyanuvan:1	baebiloniyanuvan:1
බැබිලෝනියාව	babiloniyava:1	babyloniyava:1	babyloniyawa:1	baebiloniyava:1
බැම්ම	baemma:2	bamma:1
බැම්මක්	baemmak:2	bammak:1
බැම්මකින්	baemmakin:2	bammakin:1
බැරක්	baerak:2	barack:1
බැරල්	barrel:2	baeral:1	baral:1
බැරැක්	barack:2	baeraek:1
බැරි	bari:2	baeri:2
බැරිකම	baerikama:2	barikama:1
බැලිය	baeliya:2	baliya:1
බැලීම	baelima:1	baleema:1	balima:1
බැලීම්	baeleem:1	baelim:1	baleem:1
බැලීමෙන්	baelimen:2	baleemen:1
බැලීමේ	baelime:1	baleeme:1	balime:1
බැලීමේදී	baelimedi:1	baleemedee:1	balimedi:1
බැලු	baelu:2	balu:1
බැසිලිකා	basilica:2	baesilika:1
බිංදුව	binduva:3
බිගෝනියා	bigoniya:2	begonia:1
බිජ	bija:3
බිජු	biju:3
බිජුවට	bijuvata:3
බිට්	bit:3
බිටු	bitu:3
බිත්තර	biththara:2	bittara:2
බිත්තරය	bittaraya:2	biththaraya:1
බිත්තරයක්	bittarayak:2	biththarayak:1
බිත්තරවල	bittaravala:2	biththaravala:1
බිත්ති	biththi:4	bitti:2
බිත්තිය	bittiya:2	bithththiya:1
බිත්තියක	bittiyaka:2	biththiyaka:1
බිත්තියකට	bittiyakata:2	biththiyakata:1
බිත්තියක්	bittiyak:2	biththiyak:1
බිත්තියකින්	bittiyakin:2	biththiyakin:1
බිත්තියට	bittiyata:2	biththiyata:1
බිත්තියෙහි	bittiyehi:2	biththiyehi:1
බිත්තියේ	bittiye:2	biththiye:1
බිත්තිවල	bittivala:2	biththivala:1
බිත්තිවලට	bittivalata:2	biththivalata:1
බිත්තිවලින්	bittivalin:2	biththivalin:1
බිතු	bithu:3	bitu:2
බිතුසිතුවම්	bitusituvam:2	bithusithuvam:1
බිද	binda:3	bida:3
බිදී	bidi:3
බිදීම්	bidim:3
බින්	bin:3
බින්දු	bindu:3
බින්දුගේ	binduge:3
බින්දුව	binduva:3
බින්දුවක්	binduvak:3
බින්දුසාර	bindusara:3
බිඳ	binda:3
බිඳිය	bindiya:2	bidiya:1
බිඳී	bidhee:1	bidi:1	bindee:1	bindi:1
බිඳීම	bideema:1	bidima:1	bindeema:1	bindima:1
බිඳීමක්	bideemak:1	bidimak:1	bindeemak:1	bindimak:1
බිඳීම්	bideem:1	bidheim:1	bidim:1	bindeem:1
බිඳීමෙන්	bidhimen:1	bidimen:1	bindeemen:1	bindimen:1
බිඳුනු	bindunu:2	bidunu:1
බිඳුම්	bindum:2	bidum:1
බිඳුවක	biduwaka:1	binduvaka:1	binduwaka:1
බිබිල	bibila:3
බිබිලේ	bibile:3
බිබිසි	bbc:3
බිම	bima:3
බිමක	bimaka:3
බිමක්	bimak:3
බිමකි	bimaki:3
බිමට	bimata:3
බිම්	bim:3	bime:1
බිම්කඩ	bimkada:3
බිම්බා	bimba:3
බිම්බිසාර	bimbisara:3
බිම්වල	bimvala:2	bimwala:1
බිම්වලට	bimvalata:2	bimwalata:1
බිමි	bimi:2	bim:1
බිමෙන්	bimen:3	bimaen:1
බිමෙහි	bimehi:3	bimaehi:1
බිමේ	bime:3	bimae:1
බිමේදී	bimedi:3	bimaedee:1
බිය	biya:3
බියංකා	biyanka:3
බියකරු	biyakaru:3
බියක්	biyak:3
බියකින්	biyakin:3
බියගුළු	biyagulu:3
බියට	biyata:3
බියයි	biyayi:2	biyai:1
බියර්	beer:1	biar:1	biyar:1
බියවී	biyavi:2	biyawee:1	biyawi:1
බියවීමට	biyavimata:2	biyaweemata:1	biyawemata:1
බියෙන්	biyen:3	biyaen:1
බියෙනි	biyeni:3	biyaeni:1
බිරිද	birida:3
බිරිඳ	birinda:2	biridaka:1
බිරිඳක	birindaka:2	biridaka:1
බිරිඳක්	birindak:2	biridak:1
බිරිඳගේ	birindage:2	biridage:1
බිරිඳට	birindata:2	biridata:1
බිරිඳත්	biridath:2	birindat:1
බිරිඳය	birindaya:2	biridaya:1
බිරිඳයි	birindayi:2	biridai:1	biridayi:1
බිරිඳව	bieindava:1	biridawa:1	birindava:1
බිරිය	biriya:3
බිරියක	biriyaka:3
බිරියකට	biriyakata:3
බිරියයි	biriyayi:3	biriyai:1
බිල්	bil:2	bill:1
බිල්පත්	bilpat:2	bilpath:1
බිල්ල	billa:3
බිලි	bili:3
බිලිගනී	biligani:3
බිලිඳා	bilinda:3
බිලිපූජා	bilipuja:3
බිලියන	biliyana:3
බිලී	bili:3
බිෂොප්	bishop:3
බිසව	bisawa:6	bisava:3
බිසවකගේ	bisavakage:3
බිසවක්	bisavak:3
බිසවගේ	bisavage:3
බිසවට	bisavata:3
බිසවයි	bisavayi:3
බිසවු	bisavu:3
බිසවුන්	bisavun:3
බිස්මාර්ක්	bismarck:2	bismark:1
බිස්ස	bissa:3
බිස්සට	bissata:3
බිස්සෙහි	bissehi:3
බිසෝ	biso:3
බිසෝවරු	bisovaru:3
බිසෝවරුන්	bisowarun:2	bisovarun:3
බිහි	bihi:3
බිහිකර	bihikara:3
බිහිකරන	bihikarana:3
බිහිකල	bihikala:3
බිහිකළ	bihikala:3
බිහිකළා	bihikala:3
බිහිකිරිම	bihikirima:3
බිහිකිරීම	bihikirima:3
බිහිකිරීමට	bihikirimata:3
බිහිකිරීමයි	bihikirimayi:3
බිහිකිරීමේ	bihikirime:3
බිහිකොට	bihikota:3
බිහිදොර	bihidora:3
බිහිරන්	bihiran:3
බිහිරි	bihiri:3
බිහිව	bihiva:3
බිහිවන	bihivana:3
බිහිවන්නට	bihivannata:3
බිහිවන්නේ	bihivanne:3
බිහිවනු	bihivanu:3
බිහිවිය	bihiviya:3
බිහිවී	bihivi:3
බිහිවීම	bihivima:3
බිහිවීමට	bihivimata:3
බිහිවීමත්	bihivimat:2	bihivimath:1
බිහිවීමයි	bihivimayi:3
බිහිවීමේ	bihivime:3
බිහිවු	bihivu:3
බිහිවුණු	bihivunu:3
බිහිවූ	bihiwu:2	bihivu:3
බිහිවූයේ	bihivuye:3
බිහිවෙනවා	bihivenava:3
බිහිසුණු	bihisunu:3
බිළිඳා	bilida:2	bilidha:1	bilinda:1
බී	b:3	bi:2	bee:1
බීඑන්පී	bnp:3
බීජ	bija:3
බීජය	bijaya:3
බීජයන්	bijayan:3
බීජාණු	bijanu:3	bijhanu:1
බීජානු	bijanu:3	bijaanu:1
බීජිං	beijing:1	bijin:1	bijing:1
බීටා	baeta:1	beeta:1	beta:1	bita:1
බීටු	bitu:2	baetu:1	beetu:1
බීබීසී	bbc:3
බීම	beema:3	bima:3
බීමක්	bimak:3	beemak:1
බීමට	bimata:3	beemata:1
බීමත්	bimath:2	beemath:1	bimat:1
බීමත්ව	beemathwa:1	bimathva:1	bimathwa:1	bimatva:1
බීමා	bima:2	beema:1	bema:1
බීමෙන්	bimen:3	beemen:1
බීර	bira:2	beera:1
බීරා	bira:3	beera:1
බීරි	biri:3	beeri:1
බුක්	book:2	buk:1
බුක්ස්	books:3
බුත්තල	buttala:2	buththala:1
බුත්සරණ	buthsarana:2	butsarana:2
බුතාරේ	buthare:2	butare:1
බුද	buda:3	budha:1
බුද්ධ	buddha:3
බුද්ධං	buddhan:3
බුද්ධගයා	buddhagaya:3
බුද්ධගයාව	buddhagaya:1	buddhagayava:1	buddhagayawa:1
බුද්ධඝෝෂ	buddhagosha:2	buddhaghosa:1
බුද්ධත්වය	buddhathvaya:1	buddhathwaya:1	buddhatvaya:1
බුද්ධත්වයට	buddhathvayata:1	buddhathwayata:1	buddhatvayata:1
බුද්ධත්වයෙන්	buddhathwayen:2	buddhathvayen:1	buddhatvayen:1
බුද්ධදාස	buddhadasa:3
බුද්ධරක්ඛිත	buddharakkhita:2	buddharakkhitha:1
බුද්ධවංශ	buddhavansa:1	buddhavansha:1	buddhawarsha:1
බුද්ධස්ස	buddhassa:3
බුද්ධාගම	buddhagama:3
බුද්ධාගමට	buddhagamata:3
බුද්ධාගමත්	buddhagamath:2	buddhagamat:1
බුද්ධාගමෙහි	buddhagamehi:3
බුද්ධාගමේ	buddhagame:3
බුද්ධි	buddhi:3	buddi:1
බුද්ධික	buddhika:3	buddika:1
බුද්ධිගෝචර	buddhigochara:2	buddhigocara:1
බුද්ධිමත්	buddhimath:2	buddhimat:1
බුද්ධිමතුන්	buddhimathun:1	buddhimatun:1	buddimathun:1
බුද්ධිමතුන්ගේ	buddhimathunge:1	buddhimatunge:1	buddimathunge:1
බුද්ධිමය	buddhimaya:3
බුද්ධිය	buddhiya:3
බුද්ධියක්	buddhiyak:3
බුද්ධියට	buddhiyata:3
බුද්ධියත්	buddhiyath:2	buddhiyat:1
බුදු	budu:3
බුදුගුණ	buduguna:3
බුදුදහම	bududahama:3
බුදුදහමට	bududahamata:3
බුදුදහමෙන්	bududahamen:3
බුදුදහමේ	bududahame:3
බුදුන්	budun:3
බුදුන්ගේ	budunge:3
බුදුන්ට	budunta:3
බුදුන්වහන්සේ	budunvahanse:2	budunwahanse:1
බුදුන්වහන්සේගේ	budunvahansege:2	budunwahansege:1
බුදුන්වහන්සේට	budunvahanseta:2	budunwahanseta:1
බුදුපිළිම	budupilima:3
බුදුපිළිමය	budupilimaya:3
බුදුබව	budubava:2	budubawa:1
බුදුරජාණන්	budurajanan:3
බුදුරජාණන්වහන්සේ	budurajananwahanse:3	budurajananvahanse:1	budurjananvahanse:1
බුදුරජාණන්වහන්සේගේ	budurajananvahansege:1	budurajananwahansege:1	budurjananvahansege:1
බුදුරජාණන්වහන්සේට	budurajananvahanseta:2	budurajananwahanseta:1
බුදුරජානන්	budurajanan:3
බුදුරජුන්	budurajun:3
බුදුරදුන්	buduradun:3
බුදුරදුන්ගේ	buduradunge:3
බුදුරදුන්ට	buduradunta:3
බුදුරුව	buduruva:3
බුදුරුවගල	buduruwagala:2	buduruvagala:1
බුදුවරයකු	buduvarayaku:3
බුදුවරු	buduvaru:3
බුදුවරුන්	buduvarun:3
බුදුවරුන්ගේ	buduvarunge:3
බුදුවරුන්ට	buduvarunta:3
බුදුසමය	budusamaya:2	buddhismaya:1
බුදුසමයේ	budusamaye:2	buddhismaye:1
බුදුසසුනේ	budusasune:3
බුදුහිමි	buduhimi:3
බුදුහිමියන්	buduhimiyan:3
බුදුහිමියන්ගේ	buduhimiyange:3
බුදුහු	buduhu:3
බුධ	budha:3
බුධගේ	budhage:3
බුන්දල	bundala:3
බුබුළක්	bubulak:3
බුබුළු	bubulu:3
බුරුන්ඩි	burundi:2	brandy:1
බුරුම	buruma:3
බුරුමය	burumaya:3
බුරුමයේ	burumaye:3
බුරුසු	burusu:3
බුලත්	bulat:2	bulath:1
බුලත්ගම	bulatgama:2	bulathgama:1
බුලත්සිංහල	bulathsinhala:3
බුලතින්	bulatin:2	bulathin:1
බුලන්කුලම	bulankulama:3
බුවනෙක	buvaneka:3
බුවනෙකබාහු	buvanekabahu:2	buwanekabahu:1
බුෂ්	bush:3
බුෂ්ගේ	bushge:2	busge:1
බුෂ්ට	bushta:2	busta:1
බුහුමනට	buhumanata:3
බුහුමන්	buhuman:3
බූ	bu:3
බූත	buta:2	butha:1
බූදලය	budalaya:3
බූන්දල	bundala:3
බූරුවන්	buruvan:3
බෙංගාල	bengala:2	bengal:1
බෙංගාලය	bengalaya:3
බෙංගාලයේ	bengalaye:3
බෙංගාලි	bengali:3
බෙක්	beck:2	bek:1
බෙගම්	begam:2	begum:1
බෙගම්ගේ	begamge:3
බෙග්	beg:3
බෙත්ලෙහෙම	bethlehem:1	bethlehema:1	betlehema:1
බෙත්ලෙහෙමේ	betleheme:2	bethleheme:1
බෙදන	bedana:3
බෙදනු	bedanu:3
බෙදමින්	bedamin:3
බෙදයි	bedayi:3
බෙදා	beda:3
බෙදාදුන්	bedadun:3
බෙදාදෙන	bedadena:3
බෙදාහරින	bedaharina:3
බෙදාහරින්නන්	bedaharinnan:3
බෙදිම	bedima:3
බෙදිය	bediya:3
බෙදී	bedee:3	bedi:3
බෙදීම	bedima:3	bedeema:1
බෙදීමක්	bedimak:3	bedeemak:1
බෙදීමට	bedimata:3	bedeemata:1
බෙදීම්	bedim:3	bedeem:1
බෙදීමේ	bedime:3	bedeeme:1
බෙදුණු	bedunu:3
බෙදුන	beduna:3
බෙදුම්	bedum:3
බෙදුම්වාදය	bedumvadaya:2	bedumwadaya:1
බෙදුම්වාදී	bedumvadi:2	bedumwadee:1	bedumwadi:1
බෙදූ	bedu:3	bedhu:1
බෙදෙන	bedena:3	bedaena:1
බෙදෙමින්	bedemin:3	baedemin:1
බෙදේ	bede:2	bade:1	bedae:1
බෙන	bena:3
බෙනඩික්ට්	benadikt:2	benadict:1	benadix:1
බෙන්	ben:3
බෙන්ගාලි	bengali:3
බෙන්ච්	bench:3
බෙන්ච්මාර්ක්	benchmark:3
බෙන්ජමින්	benjamin:3
බෙන්තොට	bentota:2	benthota:1
බෙන්ස්	benz:2	bens:1
බෙන්සීන්	bensin:2	benzeen:1
බෙයාඩ්	beyad:2	beard:1
බෙයාර්ඩ්	beyard:2	beard:1
බෙයිජිං	beyijin:2	beijing:1
බෙර	bera:3
බෙරකරුවන්	berakaruvan:3
බෙරගල	beragala:3
බෙරය	beraya:3
බෙරයේ	beraye:3
බෙලහීන	belahina:3
බෙල්	bail:1	bel:1	bell:1
බෙල්ජියම	beljiyama:2	belgiuma:1
බෙල්ජියමේ	beljiyame:2	belgiuame:1
බෙල්ල	bella:3
බෙල්ලන්	bellan:3
බෙල්ලන්විල	bellanvila:3
බෙල්ලේ	belle:3
බෙලි	beli:3
බෙලිඅත්ත	beliatta:2	beliaththa:1
බෙලිගල	beligala:3
බෙලිහුල්	belihul:3
බෙලෙන්	belen:3
බෙස්ට්	best:3
බෙස්වික්	besvik:3
බෙහෙතක්	behetak:2	behethak:1
බෙහෙත්	beheth:3	behet:2
බෙහෙවින්	behewin:6	behevin:3
බෙහෙවින්ම	behevinma:3
බෙහෝ	beho:3
බේකර්	bekar:3
බේඩින්	bedin:3
බේතක්	betak:2	bethak:1
බේරා	bera:3
බේරාගත්	beragat:2	beragath:1
බේරාගනියි	beraganiyi:3
බේරී	beri:3
බේරීම	berima:3
බේරීමට	berimata:3
බේරුම්	berum:3
බේරුම්කරණය	berumkaranaya:3
බේරුවල	beruvala:2	beruwala:1
බේස්	bes:3	base:2
බේස්බෝල්	baseball:2	besbol:1
බේසික්	besik:2	basic:1
බොක්ක	bokka:3
බොක්කට	bokkata:3
බොක්කෙන්	bokken:3
බොක්කේ	bokke:3
බොක්සර්	boxer:2	boksar:1
බොක්ස්	box:2	boks:1
බොක්සිං	boxing:3
බොජ්ඣංග	bojgnanga:1	bojjhamga:1	bojjhanga:1
බොජුන්	bojun:3
බොට	bota:3
බොත්තමක්	bottamak:2	boththamak:1
බොත්තම්	bottam:2	boththam:1
බොදු	bodu:3
බොන	bona:3
බොනවා	bonava:2	bonawaa:1
බොනවිස්ටා	bonavista:3
බොන්ඩ	bonda:3
බොන්න	bonna:3
බොන්නට	bonnata:3
බොනිෆස්	bonifas:2	boniface:1	bonifus:1
බොඳ	bonda:3
බොබ්	bob:3
බොබී	bobi:2	bobee:1	boby:1
බොම්බාය	bombaya:2	bombaaya:1
බොම්බායේ	bombaye:2	bombaaye:1
බොම්බෙ	bombay:2	bombe:1
බොයිල්	boil:1	boyil:1	boyle:1
බොයිල්ගේ	boyilge:3
බොයිලේරු	boyileru:3
බොර	bora:3
බොරතෙල්	boratel:3
බොරලන්ද	boralanda:3
බොරලු	boralu:3
බොර්මන්	borman:3
බොරු	boru:3
බොරුකීම	borukima:3
බොල්	ball:2	bol:1
බොල්ගොඩ	bolgoda:3
බොලිවුඩ්	bolivud:1	bolllywood:1	bollywood:1
බොස්ටන්	boston:3
බොහේ	bohe:3
බොහො	boho:3
බොහොම	bohoma:3
බොහොමයක	bohomayaka:3
බොහොමයකට	bohomayakata:3
බොහොමයක්	bohomayak:3
බොහොමයකි	bohomayaki:3
බොහෝ	boho:3
බොහෝදුරට	bohodurata:3
බොහෝදෙනකු	bohodenaku:3
බොහෝදෙනා	bohodena:2	bohodenaa:1
බොහෝදෙනෙක්	bohodenek:3
බොහෝම	bohoma:3
බොහෝමයක	bohomayaka:3
බොහෝමයකට	bohomayakata:3
බොහෝමයක්	bohomayak:3
බොහෝය	bohoya:3
බොහෝවිට	bohowita:4	bohovita:2
බොහෝසේ	bohose:3
බොළඳ	bolanda:3
බෝ	bo:3
බෝංචි	bonci:2	bonchi:1
බෝකරන්නන්ගේ	bokarannange:3
බෝග	boga:3
බෝගම්බර	bogambara:3
බෝගය	bogaya:3
බෝගයක්	bogayak:3
බෝගයකි	bogayaki:3
බෝගොල්ලාගම	bogollagama:3
බෝජනය	bojanaya:3
බෝට්ටු	bottu:3
බෝට්ටුවක්	bottuvak:2	bottuwak:1
බෝඩර්	bodar:3	border:1
බෝඩ්	board:2	bod:2
බෝතලයක්	botalayak:2	bothalayak:1
බෝතලයේ	botalaye:2	bothalaye:1
බෝතල්	botal:2	bothal:1
බෝතියස්	botiyas:2	boethius:1
බෝධි	bodhi:3
බෝධිඝර	bodhighara:3
බෝධිඝරය	bodhigharaya:3
බෝධිඝරයක්	bodhigharayak:3
බෝධිධර්ම	bodhidharma:3
බෝධින්	bodhin:3
බෝධිපාක්ෂික	bodhipaakshika:1	bodhipakshika:1	bodhipaksika:1
බෝධිය	bodhiya:3
බෝධියයි	bodhiyayi:2	bodhiyay:1
බෝධිරාජ	bodhiraja:2	bodhiraaja:1
බෝධිවංශය	bodhivansaya:1	bodhivanshaya:1	bodhiwangshaya:1
බෝධිසත්ත්ව	bodhisaththva:1	bodhisaththwa:1	bodhisattva:1
බෝධිසත්ත්වයන්	bodhisaththvayan:1	bodhisaththwayan:1	bodhisattvayan:1
බෝධිසත්ව	bodhisathva:1	bodhisathwa:1	bodhisatva:1
බෝධිසත්වයන්	bodhisathvayan:1	bodhisathwayan:1	bodhisatvayan:1
බෝධීන්	bodhin:2	bodheen:1
බෝපිටිය	bopitiya:3
බෝමන්	boman:1	borman:1	bormann:1
බෝම්බ	bomba:3
බෝම්බකරුවන්	bombakaruvan:3
බෝම්බය	bombaya:3
බෝම්බයක්	bombayak:3
බෝම්බයට	bombayata:3
බෝම්බයෙන්	bombayen:3
බෝයර්	boyar:2	boryer:1
බෝයි	boy:3
බෝර්	bor:3
බෝරෝන්	boron:3
බෝල	bola:3
බෝලය	bolaya:3
බෝලයක්	bolayak:3
බෝල්	ball:2	bol:2
බෝල්කන්	bolkan:2	balkan:1
බෝල්ට්	bolt:3
බෝල්ටික්	boltik:3
බෝල්ෂෙවික්	bolshevik:2	bolsevik:1
බෝවන	bovana:3
බෝවන්නේ	bovanne:3
බෝවීම	bovima:3
බෝවීමට	bovimata:3
බෝවේ	bove:3
බෝසත්	bosat:3
බෝසතාණන්	bosatanan:3
බෝසතානන්	bosatanan:3
බෝසතුන්	bosatun:3
බෝස්	bos:2	bose:1
බෞතිස්ම	bautisma:3
බෞද්ධ	bauddha:3
බෞද්ධයන්	bauddhayan:3
බෞද්ධයන්ගේ	bauddhayange:3
බෞද්ධයන්ට	bauddhayanta:3
බෞද්ධයා	bauddhaya:3
බෞද්ධයාගේ	bauddhayage:3
බෞද්ධයාට	bauddhayata:3
බෞද්ධයින්	bauddhayin:3
බෞද්ධයෙකු	bauddhayeku:3
බෞද්ධයෝ	bauddhayo:3
බෞද්ධාගම	bauddhagama:3
බෞද්ධාගමට	bauddhagamata:3
බෞද්ධාගමික	bauddhagamika:3
බෞද්ධාගමේ	bauddhagame:3
බෞද්ධාලෝක	bauddhaloka:3
බෲක්	brook:2	bark:1
බෲක්ස්	brooks:2	barks:1
භංග	bhanga:2	bhamga:1
භංගුර	bhangura:2	bhamgura:1
භක්ති	bhakti:3
භක්තිකයන්	bhaktikayan:3
භක්තිකයින්	bhaktikayin:3
භක්තිමත්	bhaktimat:3
භක්තිය	bhaktiya:3
භක්තියෙන්	bhaktiyen:3
භක්ෂක	bhaksaka:3
භක්ෂණය	bhaksanaya:3
භගවත්	bhagavat:2	bhagavath:1
භගවන්තං	bhagavantan:2	bhagavantam:1
භගවා	bhagava:3
භට	bhata:3
භටයන්	bhatayan:3
භටයන්ගේ	bhatayange:3
භටයන්ට	bhatayanta:3
භටයා	bhataya:3
භටයින්	bhatayin:3
භටයින්ට	bhatayinta:3
භටයෙක්	bhatayek:3
භටයෙකු	bhatayeku:3
භණ්ඩුක	bhanduka:3
භද්‍ර	bhadra:3
භද්‍රා	bhadra:2	bhadraa:1
භන්තේ	bhante:2	bhanthe:1
භය	bhaya:3
භයංකාර	bhayamkara:1	bhayangkaara:1	bhayankara:1
භයානක	bhayanaka:2	bhayaanaka:1
භරත	bharatha:2	bharata:1
භරිත	bharita:2	bharitha:1
භල්ලුක	bhalluka:3
භව	bhawa:2	bhava:1
භවත්නි	bhavanthi:1	bhavatni:1	bhawathni:1
භවනට	bhavanata:2	bhawanata:1
භවය	bhawaya:7	bhavaya:2
භවයක	bhavayaka:2	bhawayaka:1
භවයට	bhavayata:2	bhawayata:1
භවයන්	bhavayan:2	bhawayan:1
භවයේ	bhavaye:2	bhawaye:1
භවයේදී	bhavayedi:2	bhawayedee:1
භවයේදීම	bhavayedima:2	bhawayedeema:1
භවිතා	bhavita:1	bhavitha:1	bhawita:1
භෂ්ම	bhashma:2	bhasma:1
භෂ්මාවශේෂ	bhashmashesha:1	bhashmawashesha:1	bhasmavasesa:1
භ්‍රමණ	bhramana:3
භ්‍රමණය	bhramanaya:2	bramanaya:1
භාග	bhaga:3
භාගය	bhagaya:2	bhaagaya:1
භාගයක	bhagayaka:3
භාගයකට	bhagayakata:2	bhaagayakata:1
භාගයක්	bhagayak:3
භාගයට	bhagayata:3	bagayata:1
භාගයෙන්	bhagayen:3	bagayen:1
භාගයෙහි	bhagayehi:3	bagayehi:1
භාගයේ	bhagaye:3	bagaye:1
භාගයේදි	bhagayedi:3	bagayedi:1
භාගයේදී	bhagayedi:3
භාග්‍යයක්	bhagyayak:3	bagyayak:1
භාග්‍යවතුන්	bhagyawathun:2	bagyawathun:1	bhagyavathun:1	bhagyavatun:1
භාගික	bhagika:3	bagika:1
භාචි	bachi:1	bhachi:1	bhaci:1
භාජන	bhajana:3	bajana:1
භාජනය	bhajanaya:3	bajanaya:1
භාජනයක	bhajanayaka:3	bajanayaka:1
භාජනයක්	bhajanayak:3	bajanayak:1
භාජනයේ	bhajanaye:3	bajanaye:1
භාණ්ඩ	bhanda:3	banda:1
භාණ්ඩද	bhandada:2	bandhada:1	bhandhada:1
භාණ්ඩය	bhandaya:3	bandaya:1
භාණ්ඩයක	bhandayaka:3	bandayaka:1
භාණ්ඩයකට	bhandayakata:3	bandayakata:1
භාණ්ඩයක්	bhandayak:3	bandayak:1
භාණ්ඩයකි	bhandayaki:3	bandayaki:1
භාණ්ඩයට	bhandayata:3	bandayata:1
භාණ්ඩයන්	bhandayan:3	bandayan:1
භාණ්ඩයි	bhandayi:2	bandai:1	bhandai:1
භාණ්ඩයේ	bhandaye:3	bandaye:1
භාණ්ඩවල	bhandavala:2	bandawala:1	bhandawala:1
භාණ්ඩාගාර	bhandagara:3	bandagara:1
භාණ්ඩාගාරය	bhandagaraya:3	bandagaraya:1
භාණ්ඩාගාරයෙන්	bhandagarayen:3	bandagarayen:1
භාතිය	bhathiya:2	bhatiya:2	bathiya:1
භාන්ඩය	bhandaya:3	bandaya:1
භානු	bhanu:3	banu:1
භාර	bhara:3	bara:1
භාරකරු	bharakaru:3	barakaru:1
භාරකරුවන්	bharakaruvan:2	barakaruwan:1	bharakaruwan:1
භාරකාර	bharakara:3	barakara:1	bharakaara:1
භාරකාරත්වය	barakarathwaya:1	bharakarathvaya:1	bharakarathwaya:1	bharakaratvaya:1
භාරකොට	bharakota:3	barakota:1
භාරගත්	bharagath:2	baragath:1	bharagat:1
භාරගත්තේ	baragathae:1	baragaththe:1	bharagaththe:1	bharagatte:1
භාරගන්නා	bharaganna:3	baraganna:1
භාරගනු	bharaganu:3	baraganu:1
භාරගෙන	bharagena:3	baragena:1
භාරත	bharatha:2	baratha:1	bharata:1
භාරතය	bharathaya:2	barataya:1	bharataya:1
භාරතයට	bharathayata:2	barathayata:1	bharatayata:1
භාරතයෙන්	barthayen:1	bharatayen:1	bharathayen:1	bharthayen:1
භාරතයේ	bharathaye:2	barathaye:1	bharataye:1
භාරතී	bharathi:2	barthi:1	bharati:1	bharti:1
භාරතීය	bharathiya:2	barathiya:1	bharatheeya:1	bharatiya:1
භාරදීම	bharadima:3	baradima:1
භාරදෙන	bharadena:3	baradena:1
භාරධාරී	bharadhari:3	baradhari:1
භාරය	bharaya:3	baraya:1
භාරයක්	bharayak:3	barayak:1
භාරයට	bharayata:3	barayata:1
භාරයන්	bharayan:3	barayan:1
භාරයේ	bharaye:3	baraye:1
භාරව	bharava:2	barawa:1	bharawa:1
භාර්ය	bharya:3	barya:1
භාර්යා	bharya:3	baryaa:1
භාර්යාව	bharyawa:3	bharyava:2	baryawa:1
භාර්යාවක	bharyavaka:2	baryawaka:1	bharyawaka:1
භාර්යාවන්	bharyavan:2	baryawan:1	bharyawan:1
භාර්යාවන්ට	bharyavanta:2	baryawanta:1	bharyawanta:1
භාර්‍යාව	bharyava:2	baryawa:1	bharyawa:1
භාව	bhava:2	bawa:1	bhawa:1
භාවනා	bhawana:3	bhavana:3	bawana:1
භාවනානුයෝගී	bhavananuyogi:2	bawananuyogi:1	bhawananuyogi:1
භාවනායෝගී	bhavanayogi:2	bawanayogi:1	bhawanayogi:1
භාවනාව	bhawanawa:2	bhavanava:2	bawanawa:1
භාවනාවක්	bhavanavak:2	bawanawak:1	hawanawak:1
භාවනාවට	bhavanavata:2	bawanawata:1	bhawanawata:1
භාවනාවේ	bhavanave:2	bawanawe:1	bhawanawe:1
භාවමය	bhavamaya:2	bawamaya:1	bhawamaya:1
භාවය	bhawaya:4	bhavaya:2	bawaya:1
භාවයක්	bhavayak:2	bawayak:1	bhawayak:1
භාවයට	bhawayata:5	bhavayata:2	bawayata:1
භාවයත්	bawayath:1	bhavayat:1	bhavayath:1	bhawayath:1
භාවයන්	bhavayan:2	bawayan:1	bhawayan:1
භාවයයි	bhavayayi:2	bawayai:1	bhawayai:1
භාවයෙකි	bhavayeki:2	bawayeki:1	bhawayeki:1
භාවයෙන්	bhavayen:2	bawayen:1	bhawayen:1
භාවාත්මක	bawanathmaka:1	bhavathmaka:1	bhavatmaka:1	bhawanathmaka:1
භාවාර්ථය	bhavarthaya:2	bhawarthaya:1
භාවිත	bhawitha:10	bhavitha:2	bhavita:1
භාවිතය	bhawithaya:7	bhavithaya:2	bhavitaya:1
භාවිතයකට	bhavithayakata:2	bhavitayakata:1
භාවිතයක්	bhavithayak:2	bhavitayak:1
භාවිතයට	bhawithayata:4	bhavithayata:2	bhavitayata:1
භාවිතයත්	bhavithayath:2	bhavitayat:1
භාවිතයන්	bhavithayan:2	bhavitayan:1
භාවිතයයි	bhavitayayi:1	bhavithayai:1	bhavithayayi:1
භාවිතයෙන්	bhavithayen:2	bhavitayen:1
භාවිතයෙනි	bhavithayeni:2	bhavitayeni:1
භාවිතයෙහි	bhavithayehi:2	bhavitayehi:1
භාවිතයේ	bhavithaye:2	bhavitaye:1
භාවිතයේදී	bhavithayedi:2	bhavitayedi:1
භාවිතවේ	bhavitave:1	bhavithawe:1	bhavithve:1
භාවිතා	bhawitha:44	bhavitha:2	bhavita:1	bhavithaa:1
භාවිතාකර	bhavithakara:2	bhavitakara:1	bhavithaakara:1
භාවිතාකරන	bhavithakarana:2	bhavitakarana:1	bhavithaakarana:1
භාවිතාකල	bhavithakala:2	bhavitakala:1	bhavithaakala:1
භාවිතාකළ	bhavithakala:2	bhavitakala:1	bhavithaakala:1
භාවිතාකොට	bhavithakota:2	bhavitakota:1	bhavithaakota:1
භාවිතාව	bhavitava:1	bhavithava:1	bhavithawa:1
භාවිතාවක්	bhavitavak:1	bhavithavak:1	bhavithawak:1
භාවිතාවන	bhavitavana:1	bhavithavana:1	bhavithawana:1
භාවිතාවන්	bhavitavan:1	bhavithaawan:1	bhavithavan:1	bhavithawan:1
භාවිතාවේ	bhavitave:1	bhavithaawe:1	bhavithave:1	bhavithawe:1
භාෂණය	bhashanaya:2	bhasanaya:1
භාෂා	bhasha:2	basha:1	bhasa:1
භාෂාත්මක	bhashathmaka:2	bashathmaka:1	bhasatmaka:1
භාෂාමය	bhashamaya:2	bashamaya:1	bhasamaya:1
භාෂාව	bhashawa:12	bashawa:1	bhasava:1	bhashava:1
භාෂාවක	bashawaka:1	bhasavaka:1	bhashavaka:1	bhashawaka:1
භාෂාවක්	bashawak:1	bhasavak:1	bhashavak:1
භාෂාවකි	bashawaki:1	bhasavaki:1	bhashavaki:1
භාෂාවකින්	bashawakin:1	bhasavakin:1	bhashavakin:1
භාෂාවට	bashawata:1	bhasavata:1	bhashavata:1
භාෂාවත්	bashawath:1	bhasavat:1	bhashavath:1
භාෂාවද	bashawada:1	bhasavada:1	bhashavada:1
භාෂාවන්	bhashawan:3	bashawan:1	bhasavan:1	bhashavan:1
භාෂාවන්ගෙන්	bashawangen:1	bhasavangen:1	bhashavangen:1
භාෂාවන්ගේ	bashawange:1	bhasavange:1	bhashavange:1
භාෂාවන්හි	bashawanhi:1	bhasavanhi:1	bhashavanhi:1
භාෂාවයි	bashawai:1	bhasavayi:1	bhashavayi:1
භාෂාවල	bashawala:1	bhasavala:1	bhashavala:1
භාෂාවලින්	bashawalin:1	bhasavalin:1	bhashavalin:1
භාෂාවෙන්	bashawaen:1	bashawen:1	bhasaven:1	bhashaven:1
භාෂාවෙනි	bashawaeni:1	bashaweni:1	bhasaveni:1	bhashaveni:1
භාෂාවෙහි	bashawehi:1	bhasavehi:1	bhashavehi:1
භාෂාවේ	bhashawe:3	bashawae:1	bashawe:1	bhasave:1
භාෂිත	bashita:1	bhashita:1	bhashitha:1	bhasita:1
භාහිර	bhahira:3	bahira:1
භික්ෂු	bhikshu:2	bhiksu:1	bikshu:1
භික්ෂුණි	bhiksuni:2	bhikshuni:1	bikshuni:1
භික්ෂුණින්	bhikshunin:2	bhiksunin:1	bikshunin:1
භික්ෂුණිය	bhikshuniya:2	bhiksuniya:1	bikshuniya:1
භික්ෂුණියන්ගේ	bhikshuniyange:2	bhiksuniyange:1	bikshuniyange:1
භික්ෂුණී	bhikshuni:2	bhikshunee:1	bhiksuni:1	bikshunee:1
භික්ෂුන්	bhiksun:2	bhikshun:1	bikshun:1
භික්ෂුන්ගේ	bhikshunge:2	bhiksunge:1	bikshunge:1
භික්ෂුව	bhiksuva:2	bhikshuwa:1	bikshuwa:1
භික්ෂුවක	bhiksuvaka:2	bhikshuwaka:1	bikshuwaka:1
භික්ෂුවක්	bhikshuvak:1	bhikshuwak:1	bhiksuvak:1	bikshuwak:1
භික්ෂූ	bhikshu:2	bhiksu:1	bikshu:1
භික්ෂූණ්	bhikshun:2	bhiksun:1	bikshun:1
භික්ෂූන්	bhikshoon:1	bhikshun:1	bhiksun:1	bikshun:1
භික්ෂූන්ගේ	bhikshoonge:1	bhikshunge:1	bhiksunge:1	bikshunge:1
භික්ෂූන්ට	bhikshoonta:1	bhikshunta:1	bhiksunta:1	bikshunta:1
භික්ෂූහු	bhikshoohu:1	bhikshuhu:1	bhiksuhu:1	bikshuhu:1
භින්න	bhinna:3	binna:1
භිය	bhiya:3	biya:1
භීතිකාව	bheethikaawa:1	bhithikawa:1	bhitikava:1
භීතිකාවක්	bheethikaawak:1	bhithikawak:1	bhitikavak:1
භීතිය	bheethiya:1	bheetiya:1	bhitiya:1
භීතියෙන්	bheethiyen:2	bhitiyen:1
භීෂණ	bheeshana:2	bhisana:1
භීෂණය	bheeshanaya:2	bhisanaya:1
භුක්ති	bhukti:2	bhukthi:1
භුක්තිය	bhuktiya:2	bhukthiya:1
භුගත	bhugata:1	bhugatha:1	bugatha:1
භුගෝලීය	bhugoleeya:1	bhugoliya:1	bugoleeya:1
භුමි	bhumi:2	bhoomi:1	bumi:1
භුමිකාවක්	bhumikaawak:1	bhumikavak:1	bhumikawak:1
භුමිය	bhumiya:3
භුමියක්	bhumiyak:3
භුමියේ	bhumiye:3
භුවනෙකබාහු	buwanekabahu:2	bhuvanekabahu:1	bhuwanekabahu:1
භූ	bhu:2	bhoo:1	boo:1
භූකම්පන	bhookampana:1	bhukampana:1	bukampana:1
භූකාරක	bhukaraka:2	bhookaaraka:1
භූගත	bhoogatha:1	bhugata:1	bhugatha:1	bugatha:1
භූගතව	bhugatava:2	bhoogathawa:1
භූගර්භ	bhugarbha:2	bhoogarbha:1
භූගෝල	bhoogola:3	bhugola:2
භූගෝලිය	bhugoliya:2	bhoogoliya:1
භූගෝලීය	bhoogoleeya:2	bhugoliya:2
භූත	bhuta:2	bhootha:1
භූතල	bhutala:2	bhoothala:1
භූතාත්මය	bhutatmaya:2	bhoothaathmaya:1
භූතානය	bhutanaya:2	bhuthanaya:1
භූමදාන	bhumadana:2	bhoomadaana:1
භූමදානය	bhumadanaya:2	bhoomadaanaya:1
භූමදානයක්	bhumadanayak:2	bhoomadaanayak:1
භූමි	bhoomi:5	bhumi:2
භූමිකම්පා	bhumikampa:2	bhoomikampaa:1
භූමිකම්පාවක්	bhumikampavak:2	bhoomikampaawak:1
භූමිකා	bhumika:2	bhoomikaa:1
භූමිකාව	bhumikava:2	bhoomikaawa:1
භූමිකාවක්	bhumikavak:2	bhoomikaawak:1
භූමිකාවන්	bhumikavan:2	bhoomikaawan:1
භූමිප්‍රදේශ	bhumipradesa:2	bhoomipradesha:1
භූමිභාගය	bhumibhagaya:2	bhoomibhaagaya:1
භූමිය	bhumiya:2	bhoomiya:1
භූමියක	bhumiyaka:2	bhoomiyaka:1
භූමියක්	bhumiyak:2	bhoomiyak:1
භූමියකි	bhumiyaki:2	bhoomiyaki:1
භූමියට	bhumiyata:2	bhoomiyata:1
භූමියද	bhumiyada:2	bhoomiyada:1
භූමියයි	bhumiyayi:2	bhoomiyayi:1
භූමියෙන්	bhumiyen:2	bhoomiyen:1
භූමියෙහි	bhumiyehi:2	bhoomiyehi:1
භූමියේ	bhoomiye:3	bhumiye:2
භූමියේදී	bhumiyedi:2	bhoomiyedee:1
භූමියේය	bhumiyeya:2	bhoomiyeya:1
භූමිවල	bhumivala:2	bhoomiwala:1
භූවිද්‍යාත්මක	bhuvidyatmaka:2	bhoowidyaathmaka:1
භේද	bheda:3
භේදය	bhedaya:3
භේදයක්	bhedayak:3
භේදයකින්	bhedayakin:3
භේදයට	bhedayata:3
භේදයන්	bhedayan:3
භේදාත්මක	bhedatmaka:2	bhedathmaka:1
භෛරව	bhairava:3
භෛරවී	bhairavi:2	bhairavee:1
භෝග	bhoga:3
භෝගයක්	bhogayak:3
භෝජන	bhojana:3
භෝජනය	bhojanaya:2	bojanaya:1
භෞත	bautha:1	bhauta:1	bhautha:1	bovutha:1
භෞතික	bhauthika:21	bauthika:1	bhautika:1
භෞතිකය	bauthikaya:1	bhauthikaya:1	bhautikaya:1
භෞතිකව	bauthikawa:1	bhauthikava:1	bhautikava:1	bowthikawa:1
භෞතිකවාදය	bauthikawadaya:1	bhauthikavadaya:1	bhautikavadaya:1
භෞතිකවාදයට	bauthikawadayata:1	bhauthikavadayata:1	bhautikavadayata:1
භෞමික	bhaumika:2	baumika:1	bhovumika:1
ම	ma:3
මං	man:3
මංකොල්ල	mankolla:3
මංකොල්ලකරුවන්	mankollakaruvan:2	mankollakaruwan:1
මංගල	mangala:3
මංගල්ලය	mangallaya:3
මංගල්ලයට	mangallayata:3
මංගල්‍ය	mangalya:2	mamgalya:1
මංගල්‍යක්	mangalyak:2	mamgalyak:1
මංගල්‍යය	mangalyaya:2	mamgalyaya:1
මංගල්‍යයට	mangalyayata:2	mamgalyayata:1
මංගල්‍යයන්	mangalyayan:2	mamgalyayan:1
මංගල්‍යයයි	mangalyayayi:2	mamgalyayayi:1
මංගල්‍යයේ	mangalyaye:2	mamgalyaye:1
මංගලා	mangala:2	mamgala:1
මංචකයේදී	mamcakayedi:1	mancakayedi:1	manchakayedee:1
මංචනායක	mamcanayaka:1	mancanayaka:1	manchanayaka:1
මංජරිය	manjariya:2	mamjariya:1
මංජු	manju:3
මංජුල	manjula:3
මංජුලා	manjula:2	mamjula:1
මංජුසා	manjusa:2	mamjusa:1
මංජුසාවක	mamjusavaka:1	manjusaawaka:1	manjusavaka:1
මංමාවත්	mammavat:1	manmavat:1	manmavath:1
මංසන්ධියට	mansandhiyata:2	mamsandhiyata:1
මංසල්	mansal:2	mamsal:1
මකර	makara:3
මකරා	makara:3
මක්	mak:3
මක්කම	makkama:3
මක්කල්	makkal:3
මක්කා	makka:2	makkah:1
මක්නිසා	maknisa:2	macknisaa:1
මක්නිසාද	maknisada:2	macknisaada:1
මක්නිසාදයත්	macknisadayath:1	maknisadayat:1	maknisadayath:1
මකා	maka:2	makaa:1
මකුණා	makuna:2	mackuna:1	makunaa:1
මකුළු	makulu:2	mackuloo:1	mackulu:1
මග	maga:3
මගකට	magakata:3
මගක්	magak:3
මගට	magata:3
මගධ	magadha:3
මගධය	magadhaya:3
මගධයේ	magadaye:2	magadhaye:3
මගපෙන්වීම	magapenvima:2	magapaenweema:1	magapenwima:1
මගහරවා	magaharava:2	magaharawa:1
මගහරින	magaharina:3
මගහරිමින්	magaharimin:3
මගිණි	magini:3
මගින	magina:3
මගින්	magin:3
මගින්ද	maginda:3
මගින්ම	maginma:3
මගිනි	magini:3
මගියකු	magiyaku:3
මගී	magi:3
මගීන්	magin:3	mageen:1
මගීන්ගේ	maginge:3
මගුල්	magul:3
මගෙ	mage:3
මගෙන්	magen:3
මගෙහි	magehi:3	magaehi:1
මගේ	mage:3	magae:1
මගේම	magema:3	magaema:1
මඟ	maga:5	manga:2
මඟකට	mangakata:2	magakata:1
මඟක්	mangak:2	magak:1
මඟපෙන්වන්නා	mangapenvanna:2	magapenwanna:1
මඟපෙන්වීම	mangapenvima:2	magapenweema:1	magapenwima:1
මඟඵල	magapala:1	mangapala:1	mangaphala:1
මඟහරවා	mangaharava:2	magaharawa:1
මඟින්	magin:29	mangin:2
මඟින්ද	manginda:2	maginda:1
මඟිනි	mangini:2	magini:1
මඟිනුත්	maginuth:1	manginut:1	manginuth:1
මඟී	mangi:2	magee:1	magi:1
මඟීන්	mangin:2	magin:1
මඟුල	mangula:2	magula:1
මඟුලට	mangulata:2	magulata:1
මඟුල්	magul:2	mangul:2
මච්ඡරිය	machchariya:2	macchariya:1
මජ්ජිම	majjima:3
මට	mata:3
මටත්	matath:2	matat:1
මටම	matama:3
මට්ටම	mattama:3
මට්ටමක	mattamaka:3
මට්ටමකට	mattamakata:3
මට්ටමකය	mattamakaya:3
මට්ටමක්	mattamak:3
මට්ටමකින්	mattamakin:3
මට්ටමට	mattamata:3
මට්ටම්	mattam:3
මට්ටම්වල	mattamwala:2	mattamvala:1
මට්ටම්වලට	mattamwalata:2	mattamvalata:1
මට්ටමින්	mattamin:3
මට්ටමෙ	mattame:3
මට්ටමෙන්	mattamen:3
මට්ටමෙහි	mattamehi:3
මට්ටමේ	mattame:3
මට්ටමේදී	mattamedee:2	mattamedi:1
මඩ	mada:3
මඩකලපුව	madakalapuwa:2	madakalapuva:1
මඩකලපුවට	madakalapuwata:2	madakalapuvata:1
මඩකලපුවේ	madakalapuwe:2	madakalapuve:1
මඩල	madala:3
මඩලේ	madale:3
මඩිහේ	madihe:3
මඩු	madu:3
මඩුල්ල	madulla:3
මඩුල්ලක්	madullak:3
මඩුල්ලේ	madulle:3
මඩුව	maduwa:2	maduva:2
මඩුවේ	maduve:2	maduwe:1
මඩුවේදී	maduvedi:2	maduwedee:1
මඩොල්දූව	madolduva:2	madolduwa:1
මණ්ඩප	mandapa:3
මණ්ඩපය	mandapaya:3
මණ්ඩපයක්	mandapayak:3
මණ්ඩපයෙන්	mandapayen:3
මණ්ඩපයෙහි	mandapayehi:3
මණ්ඩපයේ	mandapaye:3
මණ්ඩල	mandala:3
මණ්ඩලය	mandalaya:3
මණ්ඩලයක	mandalayaka:3
මණ්ඩලයක්	mandalayak:3
මණ්ඩලයකින්	mandalayakin:3
මණ්ඩලයට	mandalayata:3
මණ්ඩලයෙන්	mandalayen:3
මණ්ඩලයෙහි	mandalayehi:3
මණ්ඩලයේ	mandalaye:3
මණ්ඩලවලට	mandalavalata:2	mandalawalata:1
මණ්ඩලීය	mandaleeya:3	mandaliya:2
මණි	mani:3
මඬල	mandala:3	madala:1
මඬුල්ල	mandulla:3	madulla:1
මත	matha:2	mata:1
මතක	mathaka:2	mataka:1
මතකය	mathakaya:2	matakaya:1
මතකයට	mathakayata:2	matakayata:1
මතකයන්	mathakayan:2	matakayan:1
මතකයෙන්	mathakayen:2	matakayen:1
මතකයේ	mathakaye:2	matakaye:1
මතක්	mathak:2	matak:1
මතක්වන	matakvana:1	mathakvana:1	mathakwana:1
මතට	mathata:3	matata:2
මතද	matada:2	mathada:1
මතදී	matadi:2	mathadi:1
මතධාරී	matadhari:2	mathadhari:1
මතධාරීන්	matadharin:2	mathadharin:1
මතභේද	matabheda:2	mathabheda:1
මතභේදකාරී	matabhedakari:2	mathabhedakari:1
මතභේදය	matabhedaya:2	mathabhedaya:1
මතභේදයක්	matabhedayak:2	mathabhedayak:1
මතභේදයට	matabhedayata:2	mathabhedayata:1
මතභේදාත්මක	matabhedatmaka:2	mathabhedathmaka:1
මතම	matama:2	mathama:1
මතය	mathaya:11	mataya:2
මතයක්	matayak:2	mathayak:1
මතයකි	matayaki:2	mathakayaki:1
මතයකින්	matayakin:2	mathayakin:1
මතයට	mathayata:3	matayata:2
මතයන්	mathayan:4	matayan:2
මතයන්ට	matayanta:2	mathayanta:1
මතයම	matayama:2	mathayama:1
මතයයි	matayayi:2	mathayayi:1
මතයි	matayi:2	mathayi:1
මතයේ	mataye:3
මතවාද	mathawada:4	matavada:3
මතවාදය	matavadaya:3
මතවාදයක්	matavadayak:3
මතවාදයකි	matavadayaki:3
මතවාදයට	matavadayata:3
මතවාදයන්	matavadayan:3
මතවාදයන්ට	matavadayanta:3
මතවාදයේ	matavadaye:3
මතවාදී	matavadi:3
මත්	mat:3
මත්තෙන්	matten:3
මත්තෙහි	mattehi:3
මත්ද්‍රව්‍ය	matdravya:3
මත්ව	matva:2	mathva:1
මත්ස්‍ය	mathsya:2	matsya:2
මත්ස්‍යයන්	matsyayan:2	mathsyayan:1
මත්ස්‍යයන්ගේ	matsyayange:2	mathsyayange:1
මත්ස්‍යයින්	matsyayin:2	mathsyayin:1
මත්ස්‍යයෝ	matsyayo:2	mathsyayo:1
මතාන්තර	matantara:2	mthanthara:1
මති	mati:2	mathi:1
මතින්	mathin:2	matin:2
මතිමතාන්තර	matimatantara:2	mathimathanthara:1
මතු	mathu:5	matu:2
මතුකර	matukara:2	mathukara:1
මතුකරන	matukarana:2	mathukarana:1
මතුකොට	matukota:2	mathukota:1
මතුගම	matugama:2	mathugama:1
මතුපිට	mathupita:5	matupita:2
මතුපිටක්	mathupitak:2	matupitak:2
මතුපිටට	mathupitata:3	matupitata:2
මතුපිටින්	matupitin:2	mathupitin:1
මතුපිටෙහි	matupitehi:2	mathupitehi:1
මතුයෙහි	matuyehi:2	mathuyehi:1
මතුරට	maturata:2	mathurata:1
මතුව	matuva:2	mathuva:1
මතුවට	matuvata:2	mathuvata:1
මතුවන	matuvana:2	mathuvana:1
මතුවන්නට	matuvannata:2	mathuvannata:1
මතුවිය	matuviya:2	mathuviya:1
මතුවී	matuvi:2	mathuvi:1
මතුවීම	matuvima:2	mathuvima:1
මතුවෙමින්	matuvemin:2	mathuvemin:1
මතෙව්	matev:2	mathev:1
මතේ	mate:2	mathe:1
මථුරාවේ	mathurave:3
මද	mada:3
මදකම	madakama:3
මදක්	madak:3
මදනායක	madanayaka:3
මදය	madaya:3
මදර්	mother:2	madar:1
මදහස	madahasa:3
මද්දල	maddala:3
මද්දුම	madduma:3
මද්දුමගේ	maddumage:3
මද්‍යසාර	madyasara:3
මදි	madi:3
මදින	madina:3
මදුරාවල	maduravala:3
මදුරාසියේ	madurasiye:3
මදුරු	maduru:3
මදුරුවන්	maduruvan:3
මදුරෙයි	madureyi:2	madurai:1
මදුළු	madulu:3
මධ්ය	madhya:3
මධ්‍ය	madhya:3
මධ්‍යක	madhyaka:3
මධ්‍යකාලීන	madyakaleena:2	madhyakalina:2	madhyaklina:1
මධ්‍යගත	madhyagata:2	mdhyagatha:1
මධ්‍යගතව	madhyagatava:2	madhyagathava:1
මධ්‍යතන	madyathana:2	madhyatana:2	madhyathana:1
මධ්‍යධරණි	madhyadharani:3
මධ්‍යධරණී	madhyadharani:3
මධ්‍යන්‍ය	madhyanya:2	madhynya:1
මධ්‍යන්‍යය	madhyanyaya:3
මධ්‍යන්‍යයට	madhyanyayata:3
මධ්‍යම	madyama:9	madhyama:3
මධ්‍යමහා	madhyamaha:3
මධ්‍යය	madhyaya:2	madhya:1
මධ්‍යයයේ	madhyayaye:3
මධ්‍යයෙහි	madhyayehi:3
මධ්‍යයේ	madhyaye:3
මධ්‍යශිලා	madhyasila:2	madhyashila:1
මධ්‍යස්ථ	madyastha:2	madhyastha:3
මධ්‍යස්ථය	madhyasthaya:3
මධ්‍යස්ථාන	madhyasthana:3
මධ්‍යස්ථානය	madhyasthanaya:3
මධ්‍යස්ථානයකට	madhyasthanayakata:3
මධ්‍යස්ථානයක්	madhyasthanayak:3
මධ්‍යස්ථානයකි	madhyasthanayaki:3
මධ්‍යස්ථානයට	madhyasthanayata:3
මධ්‍යස්ථානයද	madhyasthanayada:3
මධ්‍යස්ථානයන්	madhyasthanayan:3
මධ්‍යස්ථානයයි	madhyasthanayayi:3
මධ්‍යස්ථානයේ	madhyasthanaye:3
මධ්‍යසාර	madhyasara:3
මධු	madhu:2	madu:1
මධුර	madhura:2	madura:1
මධුරා	madhura:2	madura:1
මධුරිමා	madhurima:2	madurima:1
මධුෂාන්	madhusan:1	madhushan:1	madushan:1
මධුෂානි	madhushani:2	madhusani:1
මධුසංඛ	madhusankha:2	madushanka:1
මන	mana:3
මනංකල්පිත	manamkalpita:1	manankalpita:1	manankalpitha:1
මනඃකල්පිත	manahkalpita:2	manahnkalpitha:1
මනමාලයා	manamalaya:3
මනමේ	maname:3
මනරංජන	manaranjana:2	manaramjana:1
මනරම්	manaram:3
මනස	manasa:3
මනසක්	manasak:3
මනසට	manasata:3
මනස්	manas:3
මනස්කාන්ත	manaskanta:2	manaskantha:1
මනසිකාර	manasikara:3
මනසිකාරයෙන්	manasikarayen:3
මනසින්	manasin:3
මනසෙහි	manasehi:3
මනසේ	manase:3
මනහර	manahara:3
මන්	man:3
මන්තර	mantara:2	manthara:1
මන්ත්‍ර	manthra:2	mantra:2
මන්ත්‍රණ	manthrana:3	mantrana:3
මන්ත්‍රණය	mantranaya:3
මන්ත්‍රය	mantraya:2	manthraya:1
මන්ත්‍රයක්	mantrayak:2	manthrayak:1
මන්ත්‍රි	mantri:2	manthri:1
මන්ත්‍රී	manthri:4	mantri:2
මන්ත්‍රීධූර	mantridhura:2	manthridhura:1
මන්ත්‍රීවරයා	mantrivaraya:2	manthrivaraya:1
මන්ත්‍රීවරයාට	mantrivarayata:2	manthrivarayata:1
මන්ත්‍රීවරයෙක්	mantrivarayek:2	manthrivarayek:1
මන්ත්‍රීවරයෙකි	mantrivarayeki:2	manthrivarayeki:1
මන්ත්‍රීවරයෙකු	mantrivarayeku:2	manthrivarayeku:1
මන්ත්‍රීවරු	mantrivaru:2	manthrivaru:1
මන්ත්‍රීවරුන්	mantrivarun:2	manthrivarun:1
මන්ත්‍රීවරුන්ගේ	mantrivarunge:2	manthrivarunge:1
මන්ද	manda:3
මන්දගාමි	mandagami:3
මන්දගාමී	mandagamee:3	mandagami:3
මන්දපෝෂණය	mandaposanaya:2	mandaposhanaya:1
මන්දයත්	mandayat:2	mandayath:1
මන්දාකිණි	mandakini:2	mandhakini:1
මන්දාකිණිය	mandakiniya:2	mandhakiniya:1
මන්දාකිනි	mandakini:2	mandhakini:1
මන්දිර	mandira:2	mandhira:1
මන්දිරය	mandiraya:2	mandhiraya:1
මන්දිරයක්	mandirayak:2	mandhirayak:1
මන්දිරයට	mandirayata:2	mandhirayata:1
මන්දිරයෙන්	mandirayen:2	mandhirayen:1
මන්දිරයේ	mandiraye:2	mandhiraye:1
මන්නාරම	mannarama:3
මන්නාරම්	mannaram:3
මන්මෝහන්	manmohan:3
මනා	mana:3
මනාකොට	manakota:3
මනාප	manapa:3
මනාපය	manapaya:3
මනාය	manaya:3
මනාලයා	manalaya:3
මනාලයාගේ	manalayage:3
මනාලිය	manaliya:3
මනාලියගෙ	manaliyage:3
මනාලියගේ	manaliyage:3
මනාව	manawa:2	manava:3
මනි	mani:2	money:1
මනින	manina:3
මනිනු	maninu:3
මනී	mani:2	money:1
මනු	manu:3
මනුලොවට	manulovata:3
මනුශ්‍ය	manusya:2	manushya:1
මනුෂ්‍ය	manushya:7	manusya:2
මනුෂ්‍යත්වය	manusyatvaya:2	manushyathwaya:1
මනුෂ්‍යන්	manusyan:2	manushyayan:1
මනුෂ්‍යය	manushya:2	manusyaya:2
මනුෂ්‍යයන්	manusyayan:2	manushyayan:1
මනුෂ්‍යයන්ගේ	manusyayange:2	manushyayange:1
මනුෂ්‍යයන්ට	manusyayanta:2	manushyayanta:1
මනුෂ්‍යයා	manusyaya:2	manushyaya:1
මනුෂ්‍යයාගේ	manusyayage:2	manushyayage:1
මනුෂ්‍යයින්	manusyayin:2	manushyayin:1
මනුෂ්‍යයෙක්	manusyayek:2	manushyayek:1
මනුෂ්‍යයෙකු	manusyayeku:2	manushyayeku:1
මනුෂ්‍යා	manusya:2	manushyaya:1
මනුස්ස	manussa:3
මනෝ	mano:3
මනෝජ්	manoj:3
මනෝභාව	manobhava:3
මනෝභාවය	manobhavaya:3
මනෝමය	manomaya:3
මනෝරත්න	manoratna:3
මනෝරාජික	manorajika:3
මනෝවිද්යාව	manovidyava:3
මනෝවිද්‍යා	manovidya:3
මනෝවිද්‍යාඥයා	manovidyagnaya:3
මනෝවිද්‍යාත්මක	manovidyatmaka:3
මනෝවිද්‍යාව	manovidyava:3
මනෝවිද්‍යාවේ	manovidyave:3
මනෝවිශ්ලේෂණවාදය	manovislesanavadaya:2	manovishleshanavadaya:1
මනෝවිශ්ලේෂණවාදී	manovislesanavadi:2	manovishleshanavadi:1
මඳ	manda:3
මඳකට	mandakata:3
මඳක්	mandak:3
මම	mama:3
මමත්වය	mamatvaya:2	mamathvaya:1
මමද	mamada:3
මමය	mamaya:3
මමයි	mamayi:3
මම්	mam:3
මමිය	mamiya:2	mummiya:1
මමී	mummy:2	mami:1
මය	maya:3
මයා	maya:3
මයිකල්	michael:2	mayikal:1
මයික්	mayik:1	mic:1	mike:1
මයික්‍රෆෝන	mayikrafona:2	mayikraphone:1
මයික්‍රොවේව්	microwave:2	mayikrovev:1
මයික්‍රොසොෆ්ට්	microsoft:2	mayikrosoft:1
මයික්‍රෝ	micro:2	mayikro:1
මයිටොකොන්ඩ්‍රියා	mayitokondriya:1	mitochondri:1	mitochondria:1
මයිනා	mayina:3
මයියංගනය	mayiyanganaya:2	mahiyanganaya:1
මයිසූර්	mysoor:2	mysore:2	mayisur:1
මයුන්ගු	mayungu:3
මයුර	mayura:3
මර	mara:3
මරක්කල	marakkala:3
මරණ	marana:3
මරණය	maranaya:3
මරණයක්	maranayak:3
මරණයට	maranayata:3
මරණයත්	maranayat:2	maranayath:1
මරණයන්	maranayan:3
මරණයෙන්	maranayen:3
මරණයේ	maranaye:3
මරණාධාර	maranadhara:3
මරණාසන්න	maranasanna:3
මරණාසන්නව	maranasannava:3
මරණින්	maranin:3
මරණීය	maraniya:3
මරදන්කඩවල	maradankadavala:3
මරදාන	maradana:3
මරන්න	maranna:3
මරන්නට	marannata:3
මරවා	marava:3
මර්කරි	mercury:2	markari:1
මර්චන්ට්	merchant:3
මර්දන	mardana:3
මර්දනය	mardanaya:3
මර්දනයට	mardanayata:3
මර්ධන	mardhana:3
මර්ධනකාරී	mardhanakari:3
මර්ධනය	mardhanaya:3
මර්ධනයට	mardhanayata:3
මර්වින්	mervin:2	mervyn:1
මර්සි	mercy:3
මර්ෆි	murphy:3
මරා	mara:3
මරාගෙන	maragena:3
මරාදමන	maradamana:3
මරාදමයි	maradamayi:3
මරාදමා	maradama:3
මරිය	mariya:3
මරියතුමිය	mariyatumiya:2	maryathumiya:1
මරියතුමියගේ	mariyatumiyage:3
මරියතුමියට	mariyatumiyata:2	maryathumiyata:1
මරියනි	mariyani:3
මරියා	mariya:2	maria:1
මරු	maru:3
මරුමුවට	marumuvata:3
මරුවා	maruva:3
මල	mala:3
මලක	malaka:3
මලකට	malakata:3
මලක්	malak:3
මලක්කාව	malakkava:2	malaccava:1
මලකි	malaki:3
මලබාර්	malabar:3
මලය	malaya:3
මලයා	malaya:3
මලයාලම්	malayalam:3
මලයාලි	malayali:3
මලයාව	malayava:3
මලයාසියාව	malayasiyava:2	malaysiava:1
මලයි	malayi:3
මලල	malala:3
මලලසේකර	malalasekara:3
මල්	mal:3
මල්කඩ	malkada:3
මල්ටි	multi:2	multy:1
මල්දෙනිය	maldeniya:3
මල්ඵල	malphala:3
මල්බෙරි	mulberry:2	malberry:1
මල්ල	malla:3
මල්ලට	mallata:3
මල්ලව	mallava:3
මල්ලවආරච්චි	mallavaaracci:2	mallavaarachchi:1
මල්ලවපොර	mallavapora:3
මල්ලිකා	mallika:3
මල්ලී	malli:3
මල්වත්ත	malvatta:2	malvaththa:1
මල්වතු	malvatu:2	malvathu:1
මල්වතුඔය	malvatuoya:2	malvathuoya:1
මල්වල	malvala:3
මල්වලින්	malvalin:3
මලාවි	malavi:3
මලික්	malik:3
මලින්	malin:3
මලියදේව	maliyadeva:3
මලු	malu:3
මලුව	maluva:3
මලේ	male:3
මව	mawa:11	mava:3
මවක	mavaka:3
මවක්	mavak:3
මවගෙන්	mavagen:3
මවගේ	mawage:3	mavage:3
මවට	mavata:3
මවන	mavana:3
මවනු	mavanu:3
මවයි	mavayi:3
මව්	mav:3
මව්කුස	mavkusa:3
මව්තුමිය	mavtumiya:2	mavthumiya:1
මව්තුමියගේ	mavtumiyage:2	mavthumiyage:1
මව්පියන්	mavpiyan:3
මව්පියන්ගේ	mavpiyange:3
මව්වරු	mavvaru:3
මව්වරුන්	mavvarun:3
මව්වරුන්ට	mavvarunta:3
මවා	mava:3
මවාගත්	mavagat:2	mavagath:1
මවිත	mavita:2	mavitha:1
මවිතයට	mavitayata:2	mavithayata:1
මවු	mavu:3
මවුකිරි	mavukiri:3
මවුකුස	mavukusa:3
මවුකුසින්	mavukusin:3
මවුන්ට්	mavunt:2	mount:1
මවුපිය	mavupiya:3
මවුපියන්ගේ	mavupiyange:3
මවුබස	mavubasa:3
මවුබිම	mavubima:3
මවුල	mavula:3
මවුලය	mavulaya:3
මවුලයක්	mavulayak:3
මවුවරුන්	mavuvarun:3
මවුවරුන්ට	mavuvarunta:3
මස	masa:3
මසකට	masakata:3
මසක්	masak:3
මසට	masata:3
මසදී	masadi:3
මස්	mas:3
මස්තකප්‍රාප්තීන්	mastakapraptin:2	masthakapraaptheen:1
මස්තකය	mastakaya:2	masthakaya:1
මස්තකයට	mastakayata:2	masthakayata:1
මස්තකයේ	mastakaye:2	masthakaye:1
මස්තිෂ්ක	mastiska:2	masthishka:1
මස්තු	mastu:2	masthu:1
මස්පිඩු	maspidu:3
මස්වල	maswala:2	masvala:1
මස්ස	massa:3
මස්සිනා	massina:2	massinaa:1
මසා	masaa:2	masa:1
මසාලා	masala:2	masaalaa:1
මසුන්	masun:3
මසුන්ගේ	masunge:3
මසුරන්	masuran:3
මහ	maha:3
මහඔය	mahaoya:3
මහගම	mahagama:3
මහඟු	mahagu:2	mahangu:1
මහචාර්ය	mahacarya:1	mahachaaraya:1	mahacharya:1
මහජන	mahajana:3
මහජනතාව	mahajanatava:1	mahajanathaawa:1	mahajanathava:1
මහජනතාවගේ	mahajanatavage:1	mahajanathavage:1	mahajanathawage:1
මහජනතාවට	mahajanatavata:1	mahajanathaawata:1	mahajanathavata:1
මහජනයා	mahajanaya:2	mahajanayaa:1
මහජනයාගේ	mahajanayage:2	mahajanayaage:1
මහජනයාට	mahajanayata:2	mahajanayaata:1
මහජාතිය	mahajaathiya:1	mahajathiya:1	mahajatiya:1
මහණ	mahana:3
මහණුන්	mahanun:3
මහණෙනි	mahaneni:3
මහත	mahatha:2	mahata:1
මහත්	mahath:2	mahat:1
මහත්තයා	mahaththaya:1	mahaththayaa:1	mahattaya:1
මහත්මයාට	mahathmayata:2	mahathmayaata:1	mahatmayata:1
මහත්මා	mahathma:1	mahathmaa:1	mahatma:1
මහත්මිය	mahathmiya:2	mahatmiya:1
මහත්මියගේ	mahathmiyage:2	mahatmiyage:1
මහත්මියට	mahathmiyata:2	mahatmiyata:1
මහත්මියත්	mahathmiyath:2	mahatmiyat:1
මහත්වරු	mahathvaru:1	mahathwaru:1	mahatvaru:1
මහත්වූ	mahathvu:2	mahatvu:1
මහතා	mahatha:2	mahata:1
මහතාගේ	mahathage:2	mahatage:1
මහතාට	mahathata:2	mahatata:1
මහතාටත්	mahathatath:2	mahatatat:1
මහතාණන්	mahatanan:1	mahathaanan:1	mahathanan:1
මහතාත්	mahatat:1	mahathaath:1	mahathath:1
මහතාද	mahatada:1	mahathaada:1	mahathada:1
මහතාය	mahataya:1	mahathaaya:1	mahathaya:1
මහතායි	mahatayi:1	mahathaayi:1	mahathai:1
මහතෙරුන්	mahatherun:2	mahaterun:1
මහද්වීප	mahadthvipa:1	mahadvipa:1	mahadweepa:1
මහද්වීපය	mahadvipaya:2	mahadweepaya:1
මහද්වීපයට	mahadvipayata:2	mahadweepayata:1
මහද්වීපයේ	mahadvipaye:1	mahadvipayey:1	mahadweepaye:1
මහද්වීපික	mahadvipika:2	mahadweepika:1
මහනගර	mahanagara:3
මහන්සි	mahansi:3
මහන්සියෙන්	mahansiyen:2	mahansiyean:1
මහනුවර	mahanuwara:15	mahanuvara:3
මහනුවරට	mahanuvarata:3	mahanuwarata:1
මහනුවරදී	mahanuvaradi:2	mahanuvaradee:1	mahanuwaradee:1	mahanuwaradi:1
මහපට	mahapata:3
මහපොළ	mahapola:2	malapola:1
මහමගට	mahamagata:3
මහමායා	mahamaya:4
මහමෙව්නා	mahamevna:2	mahamewna:1
මහමෙව්නාව	mahamevnava:2	mahamewnawa:1
මහමෙව්නාවේ	mahamevnave:2	mahamewnawe:1
මහමෙවුනා	mahamevuna:3
මහර	mahara:3
මහරගම	maharagama:3
මහරජ	maharaja:3
මහරජතුමා	maharajathuma:2	maharajatuma:1
මහරජතුමාගේ	maharajatumage:2	maharajathumage:1
මහරහතන්	maharahatan:2	maharahathan:1
මහරහත්	maharahat:2	maharahath:1
මහරාජා	maharaja:3
මහල	mahala:3
මහල්	mahal:3
මහලු	mahalu:3
මහලෙන්	mahalen:3
මහලෙහි	mahalehi:3
මහලේ	mahale:3
මහලේකම්	mahalekam:3
මහලේය	mahaleya:3
මහව	mahava:3
මහසෙන්	mahasen:3
මහසෝන්	mahason:3
මහළ	mahala:3
මහළු	mahalu:3
මහා	maha:3
මහාකාල	mahakala:3
මහාකාව්‍ය	mahakavya:3
මහාචාර්ය	mahacharya:2	mahacarya:1
මහාචාර්යය	mahacaryaya:2	mahacharyaya:1
මහාචාර්යවරයාට	mahacaryavarayata:2	mahacharyavarayata:1
මහාචාර්යවරිය	mahacaryavariya:2	mahacharyavariya:1
මහාචාර්යවරුන්ගේ	mahacaryavarunge:2	mahacharyavarunge:1
මහාතිත්ථ	mahatittha:2	mahathiththa:1
මහාද්වීප	mahadvipa:3
මහාද්වීපය	mahadvipaya:3
මහාද්වීපයේ	mahadvipaye:3
මහාද්වීපික	mahadvipika:3
මහාදේව	mahadeva:3
මහාධිකරණ	mahadhikarana:3
මහාධිකරණය	mahadhikaranaya:3
මහාධිකරණයේ	mahadhikaranaye:3
මහානාග	mahanaga:3
මහානාම	mahanama:3
මහාපරිමාණ	mahaparimana:3
මහාප්‍රජාපතී	mahaprajapati:2	mahaprajapathee:1	mahaprajapathi:1
මහාබෝධි	mahabodhi:4
මහාභාරතය	mahabharataya:2	mahabharathaya:1
මහාමායා	mahamaya:3
මහාමාර්ග	mahamarga:3
මහාමාර්ගය	mahamargaya:3
මහාමාර්ගයේ	mahamargaye:3
මහාමාරිය	mahamariya:3
මහායාන	mahayana:3
මහායානය	mahayanaya:3
මහායානික	mahayanika:3
මහාවංශ	mahavansa:2	mahavansha:1
මහාවංශය	mahavansaya:2	mahavanshaya:1
මහාවංශයට	mahavansayata:2	mahavanshayata:1
මහාවංශයෙන්	mahavansayen:2	mahavamsayen:1
මහාවංශයෙහි	mahavansayehi:2	mahavanshayehi:1
මහාවංශයේ	mahawanshaye:2	mahavansaye:2	mahavanshaye:1
මහාවංස	mahavansa:3
මහාවංසය	mahavansaya:3
මහාවංසයට	mahavansayata:3
මහාවිහාර	mahavihara:3
මහාවිහාරය	mahaviharaya:2	mahavihara:1
මහාවීර	mahavira:3
මහාසම්මත	mahasammata:2	mahasammatha:1
මහාසේන	mahasena:3
මහින්ද	mahinda:3
මහින්දාගමනය	mahindagamanaya:3
මහින්දාගමනයට	mahindagamanayata:3
මහින්දාගමනයෙන්	mahindagamanayen:3
මහිමය	mahimaya:3
මහිමයට	mahimayata:3
මහිමයෙන්	mahimayen:3
මහිමි	mahimi:3
මහියංගන	mahiyangana:3
මහියංගනය	mahiyanganaya:2	mahiyamganaya:1
මහියංගනයට	mahiyanganayata:2	mahiyamganayata:1
මහී	mahi:3	mahee:1
මහේක්ෂ	maheksa:2	maheksha:1
මහේක්ෂීය	maheksiya:2	mahekshiya:1
මහේන්ද්‍ර	mahendra:3
මහේල	mahela:3
මහේශාක්‍ය	mahesakya:2	maheshakya:1
මහේෂ්	mahesh:2	mahes:1
මහේෂ්වරන්	maheshvaran:1	mahesvaran:1	maheswaran:1
මහේෂ්වරී	maheshvaree:1	maheshwari:1	mahesvari:1
මහේෂි	mahesi:2	maheshi:1
මහේස්ත්‍රාත්	mahestrat:2	mahesthrath:1
මහෝදර	mahodara:4
මහෝපකාරී	mahopakari:3
මහෞෂධ	mahausadha:2	mahavshadha:1
මළ	mala:3
මළපහ	malapaha:3
මළල	malala:3
මළසිරුරු	malasiruru:3
මළා	mala:3
මළු	malu:3
මළුව	maluwa:2	maluva:3
මළුවට	maluvata:3
මළුවෙහි	maluvehi:3
මළුවේ	maluwe:2	maluve:3
ම්ලේච්ඡයන්	mlecchayan:2	mlechchayan:1
මා	ma:3
මාංචු	mamcu:1	manchu:1	mancu:1
මාංශ	mamsa:1	mansa:1	mansha:1
මාංශපේශී	mamsapesi:1	mansapesi:1	manshapeshi:1
මාංශල	mamsala:1	mansala:1	manshala:1
මාංස	mansa:2	mamsa:1
මාකස්	makas:2	marks:1
මාක්	mak:2	mark:1
මාක්ස්	maks:2	marks:1
මාක්ස්ගේ	maksge:2	marksge:1
මාක්ස්වාදයට	maksvadayata:2	marksvadayata:1
මාක්ස්වාදි	maksvadi:2	marksvadi:1
මාක්ස්වාදී	maksvadi:3
මාක්ස්වාදීන්	maksvadin:3
මාගම	magama:3
මාගම්	magam:3
මාගම්පුර	magampura:3
මාගල	magala:3
මාග්‍රට්	magrat:3
මාගේ	mage:3
මාඝ	magha:2	manga:1
මාට්ටු	mattu:3
මාටින්	matin:2	martin:1
මාණය	manaya:3
මාණ්ඩලික	mandalika:3
මාතය	mataya:2	mathaya:1
මාතර	matara:2	mathara:1
මාතලන්	matalan:2	mathalan:1
මාතලේ	matale:3
මාත්‍රක	matraka:2	mathraka:1
මාත්‍රණය	matranaya:2	mathranaya:1
මාත්‍රය	mathraya:2	matraya:2
මාත්‍රා	matra:2	mathra:1
මාත්‍රාව	matrava:2	mathrava:1
මාත්‍රාවක්	matravak:2	mathravak:1
මාත්‍රික	matrika:2	mathrika:1
මාතා	mata:2	matha:1
මාතාව	matava:2	mathava:1
මාතාවගේ	matavage:2	mathavage:1
මාතෘ	matr:2	mathru:1
මාතෘකා	matrka:2	mathruka:1
මාතෘකාව	matrkava:2	mathrukava:1
මාතෘකාවක	matrkavaka:2	mathrukavaka:1
මාතෘකාවක්	matrkavak:2	mathrukavak:1
මාතෘකාවකි	matrkavaki:2	mathrukavaki:1
මාතෘකාවන්	matrkavan:2	mathrukavan:1
මාතෘත්වය	mathruthwaya:2	matrtvaya:2	mathruthvaya:1
මාතොට	mathota:2	matota:1
මාදං	madan:2	madam:1
මාදිලි	madili:3
මාදිලිය	madiliya:3
මාදිලියේ	madiliye:3
මාදු	madu:3
මාදුරු	maduru:3
මාධව	madhava:3
මාධ්‍ය	madhya:2	madhja:1
මාධ්‍යකරණය	madhyakaranaya:2	madhjakaranaya:1
මාධ්‍යක්	madhyak:2	madhjak:1
මාධ්‍යට	madhyata:2	madhjata:1
මාධ්‍යන්	madhyan:2	madhjan:1
මාධ්‍යය	madyaya:2	madhyaya:2	madhjaya:1
මාධ්‍යයක	madhyayaka:2	madhjayaka:1
මාධ්‍යයකට	madhyayakata:2	madhjayakata:1
මාධ්‍යයක්	madhyayak:2	madhjayak:1
මාධ්‍යයට	madhyayata:2	madhjayata:1
මාධ්‍යයන්	maadhyayan:1	madhjayan:1	madhyayan:1
මාධ්‍යයයි	madhyayayi:2	maadhyayai:1
මාධ්‍යයයේ	madhyayaye:2	maadhyaye:1
මාධ්‍යයෙන්	madhyayen:2	maadhyayen:1
මාධ්‍යයේ	madyaye:2	madhyaye:2	maadhyaye:1
මාධ්‍යවල	madhyavala:2	maadhyavala:1	madhyawala:1
මාධ්‍යවේදියා	madhyavediya:2	maadhyawedhiyaa:1
මාධ්‍යවේදී	madhyavedi:2	maadhyawedhee:1
මාධ්‍යවේදීන්	madhyavedin:2	maadhyavedeen:1	maadhyavedheen:1	maadhyawedeen:1
මාන	mana:3
මානය	manaya:3
මානයකට	manayakata:3
මානයක්	manayak:3
මානයට	manayata:3
මානයන්	manayan:3
මානව	manawa:15	manava:3
මානවයන්	manavayan:3
මානවයා	manawaya:2	manavaya:3
මානවයාගේ	manawayage:2	manavayage:3
මානවයාට	manavayata:3
මානවසිංහ	manavasinha:3
මානවසිංහයන්ගේ	manavasinhayange:3
මානවීය	manaviya:3
මානසික	manasika:3
මානසිකත්වය	manasikatvaya:2	manasikathvaya:1
මානසිකව	manasikava:3
මාන්	man:3
මාන්කුලම්	mankulam:3
මාන්න	manna:3
මාන්නය	mannaya:3
මාන්මුනේ	manmune:3
මානාභරණ	manabharana:3
මානාභරණගේ	manabharanage:3
මානි	mani:3
මානුෂ	manusa:2	manusha:1
මානුෂික	manusika:2	manushika:1
මානුෂීය	manusiya:2	manudhiya:1
මානෙල්	manel:3
මාපකය	mapakaya:3
මාපලගම	mapalagama:3
මාපා	mapa:3
මාපාංක	mapanka:3
මාපාංකය	mapankaya:3
මාපිටිගම	mapitigama:3
මාපියන්	mapiyan:3
මාපියන්ගේ	mapiyange:3
මාපියෝ	mapiyo:3
මාමණ්ඩිය	mamandiya:3
මාමණ්ඩියට	mamandiyata:3
මාමා	mama:3
මාමාගේ	mamage:3
මාමාවරු	mamavaru:3
මාමාවරුන්	mamavarun:3
මායා	maya:3
මායාකාරි	mayakari:3
මායාගේ	mayage:3
මායාදුන්න	mayadunna:3
මායාදුන්නේ	mayadunne:3
මායාමය	mayamaya:3
මායාව	mayava:2	mayawa:1
මායාවකි	mayavaki:3
මායාවන්	mayavan:3
මායාවරුන්	mayavarun:3
මායාවෙන්	mayaven:3
මායිම	mayima:3
මායිමත්	mayimat:2	mayimath:1
මායිම්	mayim:3
මායිම්ව	mayimva:3
මායිමෙන්	mayimen:3
මායිමේ	mayime:3
මාර	mara:3
මාරක	maraka:3
මාරකය	marakaya:3
මාරඹේ	marambe:3
මාරයා	maraya:3
මාර්කස්	marks:2	markas:1
මාර්ක්	mark:3
මාර්ක්ස්වාදය	marksvadaya:3
මාර්ග	marga:3
මාර්ගගත	margagata:2	margagatha:1
මාර්ගඵල	margaphala:4	margapala:2
මාර්ගය	margaya:3
මාර්ගයක	margayaka:3
මාර්ගයකට	margayakata:3
මාර්ගයක්	margayak:3
මාර්ගයකි	margayaki:3
මාර්ගයකින්	margayakin:3
මාර්ගයට	margayata:3
මාර්ගයත්	margayat:2	margayath:1
මාර්ගයද	margayada:3
මාර්ගයන්	margayan:3
මාර්ගයම	margayama:3
මාර්ගයයි	margayayi:3
මාර්ගයෙන්	margayen:3
මාර්ගයෙනි	margayeni:3
මාර්ගයෙහි	margayehi:3
මාර්ගයේ	margaye:3
මාර්ගයේදී	margayedi:3
මාර්ගයේම	margayema:3
මාර්ගවල	margavala:3
මාර්ගවලට	margavalata:3
මාර්ගස්ථ	margastha:3
මාර්ගික	margika:3
මාර්ගෝපදේශ	margopadesa:2	margopadesha:1
මාර්ගෝපදේශක	margopadesaka:2	margopadeshaka:1
මාර්ගෝපදේශකයා	margopadesakaya:2	margopadeshakaya:1
මාර්ගෝපදේශන	margopadesana:2	margopadeshana:1
මාර්ගෝපදේශනය	margopadesanaya:2	margopadeshanaya:1
මාර්ගෝපදේශය	margopadesaya:2	margopadeshaya:1
මාර්ටින්	martin:3
මාර්තු	marthu:4	martu:2
මාර්ෂල්	marsal:2	marshal:1
මාර්‍ග	marga:2	margi:1
මාර්‍ගය	margaya:3
මාරාන්තික	maranthika:2	marantika:2
මාරි	mari:3
මාරියෝ	mariyo:3
මාරු	maru:3
මාරුකිරීම	marukirima:3
මාරුකිරීමේ	marukirime:3
මාරුව	maruva:3
මාරුවට	maruvata:3
මාරුවිය	maruviya:3
මාරුවීමට	maruvimata:3
මාරුවීම්	maruvim:3
මාරුවීමේදී	maruvimedi:3
මාරුවෙන්	maruven:2	maruvenn:1
මාල	mala:3
මාලක	malaka:3
මාලකය	malakaya:3
මාලදිවයින	maladivayina:3
මාලදිවයිනට	maladivayinata:3
මාලදිවයින්	maladivayin:3
මාලදිවයිනේ	maladivayine:3
මාලන්	malan:3
මාලනී	malani:3
මාලබේ	malabe:3
මාලය	malaya:3
මාලයක්	malayak:3
මාලයට	malayata:3
මාලයේ	malaye:3
මාල්	mal:3
මාලා	mala:3
මාලාව	malawa:5	malava:3
මාලාවකට	malavakata:3
මාලාවක්	malawak:4	malavak:3
මාලාවකි	malavaki:3
මාලාවකින්	malavakin:3
මාලාවට	malawata:2	malavata:3
මාලාවන්	malavan:3
මාලාවෙන්	malaven:3
මාලාවෙහි	malavehi:3
මාලාවේ	malave:3
මාලි	mali:3
මාලිංග	malinga:2	malimga:1
මාලිංගගේ	malingage:2	malimgage:1
මාලිගය	maligaya:3
මාලිගයක්	maligayak:2	maligayk:1
මාලිගයට	maligayata:3
මාලිගයෙන්	maligayen:3
මාලිගයේ	maligaye:3
මාලිගා	maliga:3
මාලිගාකන්දේ	maligakande:2	maligakanda:1
මාලිගාව	maligava:3
මාලිගාවක	maligavaka:3
මාලිගාවත්ත	maligavaththa:1	maligavatta:1	maligavattha:1
මාලිගාවල	maligavala:3
මාලිගාවෙන්	maligaven:3
මාලිගාවේ	maligave:3
මාලින්ද	malinda:3
මාලිනි	malini:3
මාලිනී	malini:3
මාලිම්බඩ	malimbada:3
මාලිමා	malima:3
මාලු	malu:3
මාලුන්	malun:3
මාලේ	male:3
මාව	mava:3
මාවත	mavata:2	mavatha:1
මාවතක්	mavatak:2	mavathak:1
මාවතට	mavatata:2	mavathata:1
මාවත්	mavat:2	mavath:1
මාවතේ	mavate:2	mavathe:1
මාවෙල	mavela:3
මාවෝ	mavo:3
මාෂල්	marshal:1	masal:1	mashal:1
මාස	masa:3
මාසය	masaya:3
මාසයක	masayaka:3
මාසයකට	masayakata:3
මාසයකම	masayakama:3
මාසයක්	masayak:3
මාසයකි	masayaki:3
මාසයකින්	masayakin:3
මාසයට	masayata:3
මාසයයි	masayayi:3
මාසයෙන්	masayen:3
මාසයෙහි	masayehi:3
මාසයේ	masaye:3
මාසයේදි	masayedi:3
මාසයේදී	masayedi:3
මාසවලදී	masavaladi:3
මාස්	mas:2	mass:1
මාස්ක්	mask:3
මාස්ටර්	mastar:2	master:1
මාස්පොත	maaspotha:1	maspota:1	maspotha:1
මාසික	masika:3
මාසිකව	masikava:2	maasikawa:1
මාහිමිපාණන්	mahimipanan:2	maahimipaanan:1
මාහිමියන්	mahimiyan:2	maahimiyan:1
මාහිමියෝ	mahimiyo:2	maahimiyoo:1
මාළාව	malava:2	maalaava:1	maalaawa:1
මාළිගය	maligaya:3
මාළිගයට	maligayata:3
මාළිගයෙන්	maligayen:3
මාළිගයේ	maligaye:3
මාළිගා	maliga:3
මාළිගාව	maligawa:3	maligava:2	maaligaava:1	maaligaawa:1
මාළිගාවක්	maligavak:3	maligawak:1
මාළිගාවට	maligavata:2	maaligaavata:1	maaligaawata:1
මාළිගාවේ	maligave:2	maligawe:1
මාළිඟා	malinga:2	maligaa:1
මාළු	malu:2	maalu:1
මැක්	mac:2	maek:1
මැක්ඩොනල්ඩ්	macdonald:1	maekdonald:1	mcdonald:1
මැසචුසෙට්	maesachuset:1	massachusett:1	massachusetts:1
මැසචුසෙට්ස්	massachusetts:2	maesachusets:1
මිං	min:3
මිග්	mig:3
මිගෙට්ටුවත්තේ	migettuvatte:2	migettuvaththe:1
මිගෙල්	migel:3
මිචිගන්	michigan:3
මිචෙල්	michael:1	michel:1	michelle:1
මිට	mita:3
මිටකට	mitakata:3
මිටකින්	mitakin:3
මිටර්	meter:2	mitar:1
මිටි	miti:3
මිටියකින්	mitiyakin:3
මිටියාවත	mitiyavata:2	mitiyavatha:1
මිටියාවත්	mitiyavat:2	mitiyavath:1
මිටියාවතේ	mitiyavate:2	mitiyavathe:1
මිඩංගු	midangu:3
මිණි	mini:3
මිණිපිරිය	minipiriya:3
මිණිබිරිය	minibiriya:3
මිණිය	miniya:3
මිණුමක්	minumak:3
මිණුම්	minum:3
මිත්ත	mitta:2	miththa:1
මිත්තණිය	mittaniya:2	miththaniya:1
මිත්තන්ගේ	mittange:2	miththange:1
මිත්තනිය	mittaniya:2	miththaniya:1
මිත්තා	mitta:2	miththa:1
මිත්‍යා	mithya:3	mitya:2
මිත්‍යාදෘෂ්ටිය	mityadrstiya:2	mithyadrushtiya:1
මිත්‍යාවක්	mityavak:2	mithyavak:1
මිත්‍ර	mithra:2	mitra:2
මිත්‍රත්වය	mitratvaya:2	mithrathvaya:1
මිත්‍රයෝ	mitrayo:2	mithrayo:1
මිත්‍රශීලී	mitrasili:2	mithrashili:1
මිතික	mitika:2	mithika:1
මිතුර	mitura:2	mthura:1
මිතුරන්	mituran:2	mithuran:1
මිතුරන්ගේ	miturange:2	mithurange:1
මිතුරන්ට	mituranta:2	mithuranta:1
මිතුරනි	miturani:2	mithurani:1
මිතුරා	mitura:2	mithura:1
මිතුරිය	mituriya:2	mithuriya:1
මිතුරියක	mituriyaka:2	mithuriyaka:1
මිතුරියන්	mituriyan:2	mithuriyan:1
මිතුරු	mithuru:2	mituru:2
මිතුරුකම්	miturukam:2	mithurukam:1
මිතුරෙක්	miturek:2	mithurek:1
මිතුරෙකු	mitureku:2	mithureku:1
මිථ්‍යා	mithya:3
මිථ්‍යාචාරයෙන්	mithyacarayen:2	mithyacharayen:1
මිථ්‍යාදෘෂ්ටික	mithyadrstika:2	mithyadrushtika:1
මිථ්‍යාව	mithyava:3
මිථ්‍යාවක්	mithyavak:3
මිථ්‍යාවන්	mithyavan:3
මිථුන	mithuna:3
මිදි	midi:3
මිදී	midee:2	midi:3
මිදීම	midima:3
මිදීමට	midimata:3
මිදුණු	midunu:3
මිදුල	midula:3
මිදුලක්	midulak:3
මිදුල්	midul:3
මිදෙන්න	midenna:3
මිදෙනු	midenu:3
මිදෙයි	mideyi:3
මිනර්වා	minarva:2	minerva:1
මින්	min:3
මින්ග්	ming:3
මින්නේරිය	minneriya:3
මින්නේරියේ	minneriye:3
මින්පසු	minpasu:3
මිනි	minee:2	mini:3
මිනිත්තු	miniththu:4	minittu:2
මිනිත්තුවකට	minittuvakata:2	miniththuvakata:1
මිනින්දෝරු	minindoru:3
මිනිරන්	miniran:3
මිනිසකු	minisaku:3
මිනිසකුගේ	minisakuge:3
මිනිස්	minis:3
මිනිස්ටර්	minister:2	ministar:1
මිනිස්සු	minissu:3
මිනිසා	minisa:3
මිනිසාගේ	minisage:3
මිනිසාට	minisata:3
මිනිසාව	minisava:3
මිනිසුනට	minisunata:3
මිනිසුන්	minisun:3
මිනිසුන්ගේ	minisunge:3
මිනිසුන්ට	minisunta:3
මිනිසෙක්	minisek:3
මිනිසෙකි	miniseki:3
මිනිසෙකු	miniseku:3
මිනිසෙකුගේ	minisekuge:3
මිනිසෙකුට	minisekuta:3
මිනිසෙකුටම	minisekutama:3
මිනිහට	minihata:3
මිනිහා	miniha:3
මිනී	mini:3
මිනීමරුවන්	minimaruvan:3
මිනීවල	minivala:3
මිනුම	minuma:3
මිනුමකි	minumaki:3
මිනුම්	minum:3
මිනුවන්ගොඩ	minuwangoda:2	minuvangoda:1
මිනොන්	minon:3
මිම්ම	mimma:3
මිමි	mimi:3
මිය	miya:3
මියගිය	miyagiya:3
මියගියහ	miyagiyaha:3
මියගියේ	miyagiye:3
මියගියේය	miyagiyeya:3
මියගොස්	miyagos:3
මියන්මාරය	miyanmaraya:2	myanmar:1
මියන්මාරයට	miyanmarayata:3
මියන්මාරයෙන්	miyanmarayen:3
මියයන	miyayana:3
මියයාම	miyayama:2	miyayaama:1
මියයාමට	miyayamata:2	miyayaamata:1
මියයාමෙන්	miyayamen:2	miyayaamen:1
මියුනික්	miyunik:2	munich:1
මියුනිච්	miyunich:2	munich:1
මියුසික්	music:2	miyusik:1
මියුසියස්	miyusiyas:2	museus:1
මිරර්	mirror:2	mirar:1
මිරිකා	mirika:3
මිරිගුව	miriguva:3
මිරිඟුව	miringuva:3
මිරිජ්ජවිල	mirijjavila:2	mirijjawila:1
මිරිදිය	miridiya:3
මිරිසවැටිය	mirisavaetiya:1	mirisavetiya:1	mirisawetiya:1
මිරිස්	miris:3
මිරිස්ස	mirissa:3
මිල	mila:3
මිලකට	milakata:2	milkata:1
මිලක්	milak:3
මිලට	milata:3
මිලද	milada:3
මිලදී	miladi:3
මිලන්	milan:3
මිලයට	milayata:3
මිල්	mil:2	mill:1
මිල්ටන්	miltan:2	milton:1
මිල්ල	milla:3
මිල්ස්	mils:2	mills:1
මිලාන්	milan:3
මිලි	mili:3
මිලිටරි	military:2	militari:1
මිලිටරීකරණය	militarikaranaya:2	milatarikaranaya:1
මිලින්ද	milinda:3
මිලිමීටර	milimitara:2	milimeetar:1
මිලිමීටර්	milimeetar:1	milimitar:1	millimeter:1
මිලියන	milliona:8	miliyana:3
මිලියනයකට	miliyanayakata:2	mikiyanayakata:1
මිලියනයක්	miliyanayak:3
මිලෙන්	milen:3
මිශ්‍ර	mishra:2	misra:1
මිශ්‍රකර	mishrakara:2	misrakara:1
මිශ්‍රකොට	mishrakota:2	misrakota:1
මිශ්‍රණ	mishrana:2	misrana:1
මිශ්‍රණය	mishranaya:2	misranaya:1
මිශ්‍රණයක	mishranayaka:2	misranayaka:1
මිශ්‍රණයක්	mishranayak:2	misranayak:1
මිශ්‍රණයකි	mishranayaki:2	misranayaki:1
මිශ්‍රණයට	mishranayata:2	misranayata:1
මිශ්‍රණයේ	mishranaye:2	misranaye:1
මිශ්‍රනය	mishranaya:2	misranaya:1
මිශ්‍රය	mishraya:2	misraya:1
මිශ්‍රව	mishrava:1	mishrawa:1	misrava:1
මිශ්‍රවීම	mishravima:1	mishraweema:1	misravima:1
මිශ්‍රිත	mishritha:2	misrita:1
මිෂනාරි	mishanari:2	misanari:1	mishanaari:1
මිෂනාරිවරු	misanarivaru:1	mishanaariwaru:1	mishanariwaru:1	mishnarivaru:1
මිෂෙල්	mishel:2	michel:1
මිස	misa:3
මිසදිටු	misaditu:3
මිසයිල	misayila:3
මිසයිලයක්	misayilayak:3
මිසයිල්	missile:2	misayil:1
මිසර	misara:3
මිසරය	misaraya:3
මිස්	miss:2	mis:1
මිස්ටර්	mistar:2	mister:1
මිස්සක	missaka:3
මිසිසිපි	misisipi:2	mississippi:1
මිහි	mihi:3
මිහිකත	mihikata:2	mihikatha:1
මිහිඟු	mihingu:3
මිහිතලය	mihitalaya:2	mihithalaya:1
මිහිදන්	mihidan:3
මිහිදු	mihidu:3
මිහින්තලය	mihintalaya:2	mihinthalaya:1
මිහින්තලයේ	mihintalaye:1	mihintale:1	mihinthalaye:1
මිහින්තලා	mihintala:1	mihinthala:1	mihinthalaa:1
මිහින්තලේ	mihinthale:2	mihintale:1
මිහිඳු	mihidu:2	mihindu:1
මිහිපිට	mihipita:3
මිහිමත	mihimatha:2	mihimata:1
මිහිර	mihira:3
මිහිරි	mihiri:3
මිහිරියි	mihiriyi:2	mihiriy:1
මිළ	mila:3
මිළට	milata:3
මිළදී	miladi:2	miladee:1
මිළෙන්	milen:3
මී	mi:2	mee:1
මීකොං	meekong:1	mikom:1	mikon:1
මීගමු	meegamu:2	migamu:2
මීගමුව	meegamuwa:2	migamuva:2
මීගමුවේ	migamuve:2	meegamuwe:1
මීගහකිවුල	migahakivula:2	meegahakiwula:1
මීට	meeta:12	mita:2
මීටත්	meetath:1	mitat:1	mitath:1
මීටර	metre:2	mitara:2	meetara:1
මීටරය	mitaraya:2	meetaraya:1
මීටරයක	mitarayaka:2	meetarayaka:1
මීටරයක්	mitarayak:2	meetarayak:1
මීටරයේ	mitaraye:2	meetaraye:1
මීටර්	meter:2	mitar:2	meetar:1
මීතිරිගල	meethirigala:1	mithirigala:1	mitirigala:1
මීතේන්	meethen:1	miten:1	mithen:1
මීන	mina:2	meena:1
මීනා	mina:2	meenaa:1
මීනු	minu:2	meenu:1
මීයන්	miyan:2	meeyan:1
මීයන්ගේ	miyange:2	meeyange:1
මීයා	miya:2	meeya:1	meeyaa:1
මීර්	mir:2	meer:1
මීරා	meera:1	meeraa:1	mira:1
මීරිගම	mirigama:2	meerigama:1
මීලගට	milagata:2	meelagata:1
මීලඟට	milangata:2	meelagata:1
මීවන	mivana:2	meewana:1
මීසම	misama:2	meesama:1
මීළඟ	milanga:2	meelaga:1
මීළඟට	milangata:2	meelagata:1
මුං	mun:3	mung:1
මුංඇට	munaeta:1	munata:1	mungata:1
මුක්ත	muktha:2	mukta:1
මුඛ	mukha:2	muka:1
මුඛය	mukhaya:2	mukaya:1
මුඛයට	mukhayata:2	mukayata:1
මුඛයෙන්	mukhayen:2	mukayen:1
මුඛයෙහි	mukhayehi:2	mukayehi:1
මුඛයේ	mukhaye:2	mukaye:1
මුඛ්‍ය	mukhya:2	mukya:1
මුගලන්	mugalan:3
මුගුර	mugura:3
මුචලින්ද	muchalinda:2	mucalinda:1
මුටසීව	mutasiva:2	mutaseewa:1
මුට්ටි	mutti:3
මුඩු	mudu:3
මුඩුක්කු	mudukku:3
මුණ	muna:3
මුණසිංහ	munasinha:2	munasingha:1
මුණුපුරන්	munupuran:3
මුණුපුරා	munupura:3
මුණුබුරා	munubura:3
මුත්	muth:2	mut:1
මුත්තණුවන්	muththanuvan:1	muththanuwan:1	muttanuvan:1	mutthanuwan:1
මුත්තයියා	muththaiya:1	muththayiya:1	muttayiya:1
මුත්තුසාමි	muththusami:2	mutthusami:1	muttusami:1
මුත්තූර්	muttur:2	muththur:1	mutthur:1
මුත්‍ර	muthra:2	mutra:1
මුත්‍රා	muthra:2	mutra:1
මුතියංගන	muthiyangana:1	muthiyanggana:1	muthuyangana:1	mutiyangana:1
මුතු	muthu:2	mutu:1
මුතුන්	muthun:2	mutun:1
මුතුන්මිත්තන්	muthunmiththan:2	mutunmittan:1
මුතුන්මිත්තෝ	muthunmiththo:2	mutunmitto:1
මුතුපර	muthupara:2	mutupara:1
මුතුබණ්ඩා	muthubanda:2	mutubanda:1
මුතුරාජවෙල	muthurajavela:1	muthurajawela:1	muturajavela:1
මුතූර්	muthur:2	mutur:1
මුදන්නායක	mudannayaka:2	mudanayaka:1
මුදල	mudala:3
මුදලකට	mudalakata:3
මුදලක්	mudalak:3
මුදලට	mudalata:3
මුදල්	mudal:3
මුදල්මය	mudalmaya:3
මුදලාලි	mudalali:6
මුදලාලිගේ	mudalalige:3
මුදලි	mudali:3
මුදලිගේ	mudalige:3
මුදලින්	mudalin:3
මුදලේ	mudale:3
මුදවා	mudava:2	mudawa:1
මුදවාගත්	mudavagat:1	mudavagath:1	mudawagath:1
මුද්ද	mudda:3
මුද්දර	muddara:3
මුද්දරයක්	muddarayak:3
මුද්දරයේ	muddaraye:3
මුද්‍රකය	mudrakaya:3
මුද්‍රණ	mudrana:3
මුද්‍රණය	mudranaya:3
මුද්‍රණයක්	mudranayak:2	muddhranayak:1	mudhranayak:1
මුද්‍රණයට	mudranayata:2	mudhranayata:1
මුද්‍රණාල	mudranala:2	muddhranaala:1	mudhranaala:1
මුද්‍රණාලය	mudranalaya:2	muddhranaalaya:1	mudhranaalaya:1
මුද්‍රණාලයේ	mudranalaye:2	mudhranaalaye:1
මුද්‍රන	mudrana:2	mudhrana:1
මුද්‍රා	mudra:2	mudhraa:1
මුද්‍රානාට්‍ය	mudranatya:2	muddhraanaatya:1	mudhraanaatya:1
මුද්‍රාව	mudrava:2	muddhraava:1	muddhraawa:1	mudhraava:1
මුද්‍රාවද	mudravada:2	muddhraavadha:1	muddhraawadha:1	mudhraavadha:1
මුද්‍රාවෙන්	mudraven:2	mudhraaven:1	mudhraawen:1
මුද්‍රාවේ	mudrave:2	muddhraave:1	mudhraawe:1
මුද්‍රිත	mudritha:2	muddhritha:1	mudhritha:1	mudrita:1
මුද්‍රිතව	mudhrithava:1	mudhrithawa:1	mudritava:1	mudrithava:1
මුදා	muda:2	mudha:1
මුදාගත	mudagata:1	mudagatha:1	mudhaagatha:1
මුදාහරිනු	mudaharinu:2	mudhaaharinu:1
මුදාහරී	mudahari:2	mudhaaharee:1	mudhaaharii:1
මුදාහැර	mudahaera:1	mudhaahaera:1	mudhaahera:1
මුදිත	mudhitha:1	mudita:1	muditha:1
මුදිතා	mudhithaa:1	mudita:1	muditha:1
මුදියන්සේ	mudiyanse:2	mudhiyanse:1
මුදියන්සේලාගේ	mudiyanselage:2	mudhiyanselaage:1
මුදු	mudu:2	mudhu:1
මුදුන	muduna:2	mudhuna:1
මුදුනක්	mudunak:2	mudhunak:1
මුදුනට	mudunata:2	mudhunata:1
මුදුන්	mudun:2	mudhun:1
මුදුන්පත්	mudhunpath:1	mudunpat:1	mudunpath:1
මුදුනෙහි	mudunehi:2	mudhunehi:1
මුදුනේ	mudune:2	mudhune:1
මුදුව	muduva:2	mudhuva:1	mudhuwa:1
මුන	muna:3
මුන්	mun:3
මුනි	muni:3
මුනිතුමා	munithuma:2	munituma:1
මුනිදාස	munidasa:3	munidhasa:1
මුනිදුන්	munidun:3	munidhun:1
මුනින්	munin:3
මුනිවරයා	munivaraya:2	munivarayaa:1	muniwarayaa:1
මුම්බායි	mumbai:3
මුර	mura:3
මුරකරු	murakaru:3
මුරගල	muragala:3
මුරගල්	muragal:3
මුරගලේ	muragale:3
මුරපද	murapada:2	murapadha:1
මුරපදය	murapadaya:2	murapadhaya:1
මුරය	muraya:3
මුරයක්	murayak:3
මුරලි	murali:3
මුරලිදරන්	muralidaran:2	muralitharan:1
මුර්ති	murthi:2	murti:1
මුරිච්චි	murichchi:2	muricci:1
මුරු	muru:3
මුරුක්කු	murukku:3
මුරුගන්	murugan:3
මුරේ	mure:3
මුල	mula:3
මුලක්	mulak:3
මුලකුරු	mulakuru:3
මුලට	mulata:3
මුලතිව්	mulathiv:1	mulativ:1	mullativ:1
මුලද්‍රව්‍ය	muladravya:2	muladrawya:1
මුලදි	muladi:3
මුලදී	muladi:2	muladii:1
මුලධර්ම	muladharma:3
මුලපිරීම	mulapirima:2	mulapiriima:1
මුලය	mulaya:3
මුලස්ථානය	mulasthanaya:2	mulasthaanaya:1
මුලසුන	mulasuna:3
මුල්	mul:3
මුල්කර	mulkara:2	muikara:1
මුල්කරගත්	mulkaragath:2	mulkaragat:1
මුල්කරගෙන	mulkaragena:3
මුල්කාලය	mulkalaya:2	mulkaalaya:1
මුල්කාලීන	mulkalina:3	mulkaleena:1
මුල්කාලීනව	mulkalinava:2	mulkaleenawa:1	mulkalinawa:1
මුල්කිරිගල	mulkirigala:3
මුල්කොට	mulkota:3
මුල්ගල	mulgala:3
මුල්ගිරිගල	mulgirigala:3
මුල්භාගය	mulbhagaya:2	mulbagaya:1
මුල්ම	mulma:3
මුල්ලේගම	mullegama:3
මුල්ලේරියා	mulleriya:3
මුල්ලේරියාව	mulleriyava:2	mulleriyawa:1
මුල්වරට	mulvarata:2	mulwarata:1
මුල්වල	mulvala:2	mulwala:1
මුල්වලට	mulvalata:2	mulwalata:1
මුල්විය	mulviya:2	mulwiya:1
මුල්‍ය	mulya:3
මුල්‍යමය	mulyamaya:3
මුලාරම්භය	mularambhaya:2	mularambaya:1
මුලාවට	mulavata:2	mulawata:1
මුලාශ්‍ර	mulashra:2	mulasra:1
මුලාශ්‍රය	mulashraya:2	mulasraya:1
මුලාශ්‍රයන්	milashrayan:1	mulashrayan:1	mulasrayan:1
මුලාශ්‍රවල	mulashravala:1	mulashrawala:1	mulasravala:1
මුලික	moolika:5	mulika:3
මුලිකත්වය	mulikathvaya:1	mulikathwaya:1	mulikatvaya:1
මුලිකත්වයෙන්	mulikathvayen:1	mulikathwayen:1	mulikatvayen:1
මුලිකම	mulikama:3
මුලිකව	mulikava:2	mulikawa:1
මුලිකවම	mulikavama:2	mulikawama:1
මුලිකාංග	mulikanga:3
මුලින්	mulin:3
මුලින්ම	mulinma:3
මුලිනුපුටා	mulinuputa:3
මුලු	mulu:3
මුලුමනින්ම	mulumaninma:3
මුලුල්ලේ	mululle:3	mulullae:1
මුලේ	mule:3	mulae:1
මුව	muva:2	muwa:1
මුවඟින්	muvangin:2	muwagin:1
මුවදොර	muvadora:2	muwadora:1	muwadoura:1
මුවන්	muvan:2	muwan:1
මුවර්	moor:1	moore:1	muor:1	muvar:1
මුවවිට	muvavita:2	muwawita:1
මුවහ	muvaha:2	muwaha:1
මුවහත්	muvahat:1	muvahath:1	muwahath:1
මුවා	muva:2	muwa:1	muwaa:1
මුවාවූ	muvavu:2	muwavu:1
මුවාවෙන්	muvaven:2	muwawen:1
මුවින්	muvin:2	muwin:1
මුස්ලිම්	muslim:3
මුස්ලිම්වරයෙකු	muslimvarayeku:2	muslimwarayeku:1
මුස්ලිම්වරු	muslimvaru:2	muslimwaru:1
මුස්ලිම්වරුන්	muslimvarun:2	muslimwarun:1
මුස්ලිම්වරුන්ගේ	muslimvarunge:2	muslimwarunge:1
මුස්ලිම්වරුන්ට	muslimvarunta:2	muslimwarunta:1
මුස්ලීම්වරුන්	muslimvarun:2	muslimwarun:1
මුසා	musa:3
මුසාව	musava:2	musawa:1
මුසාවන්	musavan:2	musawan:1
මුසාවාද	musavada:2	musawada:1
මුසාවාදය	musavadaya:2	musawadaya:1
මුසු	musu:3
මුසුව	musuva:2	musuwa:1
මුසුවූ	musuvu:3
මුහණ	muhuna:2	muhana:1
මුහන්දිරම්	muhandiram:3
මුහම්මද්	muhammad:2	muhammed:1
මුහු	muhu:3
මුහුකුරා	muhukura:3
මුහුණ	muhuna:3
මුහුණක්	muhunak:3
මුහුණකි	muhunaki:3
මුහුණට	muhunata:3
මුහුණත	muhunata:2	muhunatha:1
මුහුණතක්	muhunatak:2	muhunathak:1
මුහුණතට	muhunatata:2	muhunathata:1
මුහුණත්	muhunat:2	muhunath:1
මුහුණතෙහි	muhunatehi:2	muhunathaehi:1
මුහුණතේ	muhunathe:2	muhunate:2	muhunathae:1
මුහුණදිය	muhunadiya:3
මුහුණදීම	muhunadima:3
මුහුණදීමට	muhunadimata:3
මුහුණදුන්	muhunadun:3
මුහුණපා	muhunapa:3
මුහුණපාන	muhunapana:3
මුහුණලා	muhunala:3
මුහුණින්	muhunin:3
මුහුණු	muhunu:3
මුහුණුවර	muhunuvara:2	muhunuwara:1
මුහුණුවරක්	muhunuvarak:2	muhunuwarak:1
මුහුණෙන්	muhunen:3
මුහුණෙහි	muhunehi:3
මුහුණේ	muhune:3	muhunae:1
මුහුද	muhuda:3
මුහුදට	muhudata:3
මුහුදින්	muhudin:3
මුහුදු	muhudu:3
මුහුදුබඩ	muhudubada:3
මුහුදෙන්	muhuden:3
මුහුදෙහි	muhudehi:3
මුහුදේ	muhude:3	muhudae:1
මුහුන	muhuna:3
මුහුනක්	muhunak:3
මුහුනත	muhunatha:2	muhunata:1
මුහුරත්	muhurath:2	muhurat:1
මුළා	mula:2	mulaa:1
මුළු	mulu:3
මුළුමණින්ම	mulumaninma:3
මුළුමනින්	mulumanin:3
මුළුමනින්ම	mulumaninma:3
මුළුල්ලේ	mululle:3	mulullae:1
මුළුල්ලේම	mulullema:3	mulullaema:1
මූකලන්	mukalan:3
මූට්ටු	muttu:3
මූඩි	mudi:3
මූණ	muna:3
මූත්‍රාශය	mutrasaya:2	muthrashaya:1
මූදු	mudu:3
මූර්ජා	murja:3
මූර්ති	murti:3	murthi:1
මූර්තිමත්	murtimat:2	murthimath:1	murtimath:1
මූර්තිය	murtiya:3	murthiya:1
මූර්තියක්	murtiyak:3	murthiyak:1
මූර්ධජ	murdhaja:3
මූල	moola:3	mula:3
මූලද්‍රව්‍ය	muladhravya:2	muladravya:2	muladrawya:1
මූලද්‍රව්‍යය	muladravyaya:2	muladrawyaya:1
මූලද්‍රව්‍යයක	muladravyayaka:2	muladrawyayaka:1
මූලද්‍රව්‍යයක්	muladravyayak:2	muladrawyayak:1
මූලද්‍රව්‍යයකි	muladravyayaki:2	muladrawyayaki:1
මූලද්‍රව්‍යයන්	muladravyayan:2	muladrawyayan:1
මූලද්‍රව්‍යයයි	muladravyayayi:2	muladrawyayai:1
මූලද්‍රව්‍යයේ	muladravyaye:2	muladrawyaye:1
මූලද්‍රව්‍යවල	muladravyavala:2	muladrawyawala:1
මූලධර්ම	mooladarma:2	muladharma:3	muladarma:1
මූලධර්මය	muladharmaya:3	muladarmaya:1
මූලධර්මයන්	muladharmayan:3	muladarmayan:1
මූලධර්මයයි	muladharmayayi:2	muladarmayai:1	muladharmayai:1
මූලධර්මවාදී	muladharmavadi:2	muladarmawadee:1	muladharmawadi:1
මූලය	mulaya:3
මූලයක්	mulayak:3
මූලයට	mulayata:3
මූලයන්	mulayan:3
මූලයේ	mulaye:3
මූලස්ථාන	mulasthana:3
මූලස්ථානය	mulasthanaya:3
මූලස්ථානයේ	mulasthanaye:3
මූල්‍ය	mulya:3
මූල්‍යමය	mulyamaya:2	mulayamaya:1
මූලාකෘති	mulakruthi:2	mulakrti:1
මූලාරම්භය	mularambhaya:2	mularambaya:1
මූලාශ්‍ර	mulashra:2	mulasra:1
මූලාශ්‍රගත	mulashragatha:2	mulasragata:1
මූලාශ්‍රය	mulashraya:2	mulasraya:1
මූලාශ්‍රයක්	mulashrayak:2	mulasrayak:1
මූලාශ්‍රයකි	mulashrayaki:2	mulasrayaki:1
මූලාශ්‍රයන්	mulashrayan:2	mulasrayan:1
මූලාශ්‍රයන්ට	mulashrayanta:2	mulasrayanta:1
මූලාශ්‍රවල	mulashravala:1	mulashrawala:1	mulasravala:1
මූලාසනය	mulasanaya:3
මූලික	mulika:3
මූලිකත්වය	mulikathvaya:1	mulikathwaya:1	mulikatvaya:1
මූලිකත්වයක්	mulikathvayak:1	mulikathwayak:1	mulikatvayak:1
මූලිකත්වයෙන්	mulikathvayen:1	mulikathwayen:1	mulikatvayen:1
මූලිකම	mulikama:3
මූලිකයන්	mulikayan:3
මූලිකයා	mulikaya:3
මූලිකව	mulikava:2	mulikawa:1
මූලිකවම	moolikawama:2	mulikavama:2	mulikawa:1
මූලිකාංග	mulikanga:3
මූලෝපාය	mulopaya:3
මූලෝපායික	mulopayika:2	mulopaika:1
මූවී	movie:2	muvi:1
මූසල	musala:3
මූසා	musa:3
මූසික	musika:3
මූසිකය	moosikaya:2	musikaya:3
මූසිකයා	musikaya:3
මූසිකයෝ	musikayo:3
මෘත	mrutha:2	mruta:1
මෘදුකාංග	mrudukanga:3
මෘදුකාංගය	mrudukangaya:3
මෘදුකාංගයක්	mrudukangayak:3
මෘදුකාංගයකි	mrudukangayaki:3
මෘදුකාංගයට	mrudukangayata:3
මෘදුකාංගවල	mrudukangavala:2	mrudukangawala:1
මෘදුය	mruduya:3
මෙකල	mekala:3
මෙක්සිකානු	meksikanu:2	mexikanu:1
මෙක්සිකෝ	mexico:2	meksiko:1
මෙක්සිකෝව	meksikova:2	mexicowa:1
මෙක්සිකෝවේ	meksikove:2	mexicowe:1
මෙකී	meki:3	maeki:1
මෙගා	mega:3
මෙගාවොට්	megawatt:2	megavot:1
මෙගොඩ	megoda:3
මෙට්‍රික්	metric:2	metrik:1
මෙට්‍රොපොලිටන්	metropolitan:3
මෙටා	meta:3
මෙතන	methana:2	metana:1
මෙතනට	methanata:2	metanata:1
මෙතනදී	methanadi:2	metanadi:1
මෙතනින්	metanin:2	methanin:1
මෙතරම්	metharam:2	metaram:1
මෙත්	meth:2	met:1
මෙත්තා	meththa:2	metta:1
මෙතිල්	metel:1	methil:1	methyl:1
මෙතුන්	methun:2	metun:1
මෙතුමන්	methuman:2	metuman:1
මෙතුමා	methuma:2	metuma:1
මෙතුමාගේ	methumage:2	metumage:1
මෙතුමාට	methumata:2	metumata:1
මෙතුමාව	mathumawa:1	methumava:1	metumava:1
මෙතුවක්	methuvak:1	methuwak:1	metuvak:1
මෙතුළින්	methulin:2	metulin:1
මෙතෙක්	methek:6	metek:1	methaek:1
මෙතේන්	methane:2	methen:1
මෙදහම්	medaham:3
මෙද්වදෙව්	medevadev:1	medvadev:1	medvedev:1
මෙදා	meda:3
මෙදින	medina:3
මෙනමින්	menamin:3
මෙනයින්	menayin:2	menine:1
මෙනවිය	menaviya:2	menawiya:1
මෙන්	men:3
මෙන්ඩිස්	mendis:3
මෙන්න	menna:3
මෙන්ම	menma:3
මෙනි	meni:2	many:1
මෙනිසා	menisa:3
මෙනු	menu:3
මෙනෙවිය	meneviya:2	menawiya:1
මෙනෙහි	menehi:3
මෙනේරි	meneri:3
මෙපරිදි	meparidi:3
මෙපිට	mepita:3
මෙපුර	mepura:3
මෙබදු	mebadu:3	mebadhu:1
මෙබඳු	mebandu:2	mebadu:1
මෙම	mema:3
මෙමගින්	memagin:3
මෙමඟින්	memangin:2	memagin:1
මෙමරි	memory:2	memari:1
මෙමෙ	meme:3
මෙය	meya:3
මෙයට	meyata:3
මෙයටත්	meyatath:2	meyatat:1
මෙයටම	meyatama:3
මෙයත්	meyath:2	meyat:1
මෙයද	meyada:3
මෙයම	meyama:3
මෙයමය	meyamaya:3
මෙයයි	meyayi:2	meyai:1
මෙයා	meya:3
මෙයිජි	meiji:2	meyiji:1
මෙයින්	meyin:2	mayin:1	mein:1
මෙයින්ද	meyinda:3	meinda:1
මෙයිනුත්	meinuth:1	meyinut:1	meyinuth:1
මෙර	mera:3
මෙරට	merata:3
මෙරටට	meratata:3
මෙරටදී	meratadi:3
මෙරටින්	meratin:3
මෙරටෙහි	meratehi:2	meratahi:1
මෙරටේ	merate:3
මෙරිල්	meril:3
මෙලනි	melani:3
මෙලනින්	melanin:3
මෙල්	mel:3
මෙල්බන්	melban:2	melborn:1	melbourne:1
මෙල්බර්න්	melbarn:1	melbourn:1	melbourne:1
මෙල්ල	mella:3
මෙලෙස	melesa:3
මෙලෙසට	melesata:3
මෙලෙසින්	melesin:3
මෙලෙසිනි	melesini:3
මෙලොව	melova:2	melowa:1
මෙලොවට	melovata:2	melowata:1
මෙලොවින්	melovin:3	melowin:1
මෙවන්	mewan:4	mevan:2
මෙවර	mevara:2	mewara:1
මෙවලම	mevalama:2	mewalama:1
මෙවලමක්	mevalamak:2	mewalamak:1
මෙවලමකි	mevalamaki:2	mewalamaki:1
මෙවලම්	mewalam:4	mevalam:2
මෙවා	meva:2	mewa:1
මෙවිට	mewita:3	mevita:2
මෙසපොටේමියානු	mesapotemiyanu:2	mesapoaimiyanu:1
මෙසපොටේමියාව	mesapotemiyava:2	mesopotamiawa:1	mesopotamiyawa:1
මෙසපොතේමියානු	mesapotemiyanu:1	mesapothemiyanu:1	mesopotamianu:1	mesopotamiyanu:1
මෙසපොතේමියාව	mesapotemiyava:1	mesapothemiyava:1	mesopotamiawa:1	mesopotamiyawa:1
මෙසායා	mesaya:2	meyasa:1
මෙසේ	mese:2	messe:1
මෙසේත්	meset:1	meseth:1	messeth:1
මෙසේද	meseda:3
මෙසේය	meseya:2	mesaeya:1
මෙසේයි	meseyi:2	messai:1
මෙහයුම්	mehayum:2	meheyum:1
මෙහා	meha:3
මෙහි	mehi:3
මෙහිද	mehida:3
මෙහිදි	mehidi:3
මෙහිදී	mehidi:3	mehidee:1
මෙහිදීද	mehidida:3
මෙහිලා	mehila:3
මෙහෙ	mehe:3
මෙහෙකරු	mehekaru:3
මෙහෙණි	meheni:3
මෙහෙණින්	mehenin:3
මෙහෙන්	mehen:3
මෙහෙම	mehema:3
මෙහෙය	meheya:3
මෙහෙයක්	meheyak:3
මෙහෙයට	meheyata:3
මෙහෙයවන	meheyawana:3	meheyavana:2
මෙහෙයවන්නේ	meheyavanne:2	meheyawanne:1
මෙහෙයවනු	meheyavanu:2	meheyawanu:1
මෙහෙයවයි	meheyavayi:2	meheyawai:1
මෙහෙයවා	meheyava:2	meheyawa:1
මෙහෙයවිය	meheyaviya:2	meheyawiya:1
මෙහෙයවීම	meheyavima:2	meheyaweema:1
මෙහෙයවීමට	meheyavimata:2	meheyaweemata:1
මෙහෙයවීමෙන්	meheyavimen:2	meheyaweemen:1
මෙහෙයවූ	meheyavu:3
මෙහෙයවූහ	meheyavuha:3
මෙහෙයුම	meheyuma:3
මෙහෙයුමක	meheyumaka:3
මෙහෙයුමකට	meheyumakata:3
මෙහෙයුමක්	meheyumak:3
මෙහෙයුමට	meheyumata:3
මෙහෙයුම්	meheyum:3
මෙහෙයුම්කරුවන්	meheyumkaruvan:2	meheyumkaruwan:1
මෙහෙයුමෙහි	meheyumehi:3
මෙහෙයුමේ	meheyume:3
මෙහෙයුමේදී	meheyumedi:2	meheyumedee:1
මෙහෙවර	mehewara:2	mehevara:2
මෙහෙවරක	mehevaraka:2	mehewaraka:1
මෙහෙවරක්	mehevarak:2	mehewarak:1
මෙහෙවරෙහි	mehevarehi:2	mehewarehi:1
මෙහෙවරේ	mehevare:2	meheware:1
මෙහෙසිය	mehesiya:3
මේ	me:3
මේක	meka:3
මේකට	mekata:3
මේකෙන්	meken:3
මේඝ	megha:2	megah:1
මේඝගිරි	meghagiri:2	megahgiri:1
මේඝය	meghaya:2	megahya:1
මේඝවර්ණ	megahvarna:1	meghavarna:1	meghawarna:1
මේජර්	mejar:3
මේට්	met:2	meat:1
මේඩ්	med:3	maid:1
මේත්	meth:2	met:1
මේද	meda:3
මේදය	medaya:3
මේධංකර	medhankara:3	medankara:1
මේධානන්ද	medhananda:3
මේනකා	menaka:3
මේන්	men:3	maen:1
මේනිසා	menisa:3
මේය	meya:3
මේයා	meya:3
මේරි	mary:2	meri:2	merry:1
මේරියන්ස්	meriyans:3
මේරීමට	merimata:3
මේරු	meru:3
මේරූ	meru:3
මේලා	mela:3
මේව	meva:2	mewa:1
මේවන	mewana:2	mevana:2
මේවනවිට	mevanavita:2	mewanavita:1	mewanawita:1
මේවර	mevara:2	mewara:1
මේවා	mewa:19	meva:2
මේවාට	mevata:2	mewata:1
මේවාද	mevada:1	mevadha:1	mewada:1
මේවායින්	mevain:1	mevayin:1	mewayin:1
මේවායෙහි	mevayehi:2	mewayehi:1
මේවායේ	mevaye:2	mewaye:1
මේෂ	mesha:2	mesa:1
මේෂයට	meshayata:2	mesayata:1
මේස	mesa:3
මේසය	mesaya:3
මේසයක්	mesayak:3
මේසයේ	mesaye:3
මේස්	mes:3
මේසා	mesa:3
මේසේ	mese:3
මේහා	meha:3
මෛත්‍රිය	maithreeya:1	maithriya:1	maitriya:1
මෛත්‍රී	maithree:1	maithri:1	maitri:1
මෛත්‍රීපාල	maithreepala:1	maithripala:1	mayithripala:1
මෛත්‍රීය	maithreeya:1	maitriya:1	mayithriya:1
මෛත්‍රෙය	maithraya:1	maitreya:1	mayitreya:1
මෛථුනය	maithunaya:3
මොංගෝලියානු	mongoliyanu:2	momgoliyanu:1	monggoliyanu:1
මොංගෝලියාව	momgoliyava:1	mongoliyava:1	mongoliyawa:1
මොංගෝලියාවේ	momgoliyave:1	monggoliyawe:1	mongoliyave:1	mongoliyawe:1
මොකක්	mokak:3
මොකක්ද	mokakda:3
මොකද	mokada:3
මොක්	mok:3
මොග්ගල්ලාන	moggallana:3
මොට	mota:3
මොටර්	motar:2	motor:1
මොට්වානි	motvani:2	motwani:1
මොඩල	modala:3
මොඩලය	modalaya:3
මොඩ්ල්	model:2	modl:1
මොඩියුල	modiyula:3
මොඩියුලය	modiyulaya:3
මොණරවිල	monaravila:3
මොණරාගල	monaragala:3
මොණරුන්	monarun:2	monaruth:1
මොන	mona:3
මොනම	monama:3
මොනරා	monara:3
මොනරාගල	monaragala:3
මොනරුන්	monarun:3
මොනරුන්ගේ	monarunge:3
මොනවට	monavata:2	monawata:1
මොනවාද	monavada:2	monawada:1
මොන්	mon:3
මොන්ගෝලියානු	mongoliyanu:3
මොන්ටසෝරි	montasori:2	montessori:1
මොන්ට්‍රියල්	montreal:1	montrial:1	montriyal:1
මොන්ටානා	montana:3
මොන්ටේගු	montegu:2	montague:1
මොන්රෝ	monro:2	monroe:1
මොනාකෝ	monako:2	monaco:1
මොනිකා	monika:3
මොනිටර	monitara:2	monitora:1
මොනිටරය	monitaraya:2	monitoraya:1
මොනිටරයක්	monitarayak:2	monitorayak:1
මොබ	moba:3
මොර	mora:3
මොරගහකන්ද	moragahakanda:3
මොරගොඩ	moragoda:3
මොරටුව	moratuwa:2	moratuva:1
මොරටුවෙන්	moratuven:2	moratuwen:1
මොරවක	morawaka:2	moravaka:1
මොරායස්	morayas:3
මොරිස්	moris:2	morris:1
මොරෙයියන්	moreyiyan:2	moreiyan:1
මොරොක්කෝ	morocco:2	morokko:1
මොලමුරේ	molamure:3
මොලය	molaya:3
මොලයට	molayata:3
මොලයේ	molaye:3
මොලී	moli:3	molee:1
මොලේ	mole:3	molae:1
මොලොක්	molok:3
මොවුනගේ	movunage:3
මොවුනට	movunata:3
මොවුන්	mowun:10	movun:3
මොවුන්ගෙන්	movungen:3
මොවුන්ගේ	mowunge:2	movunge:3
මොවුන්ට	mowunta:2	movunta:3
මොවුන්ව	movunva:2	movunwa:1
මොවුහු	movuhu:3
මොස්කව්	moscow:2	moskav:1
මොසැම්බික්	mozambique:2	mosaembik:1
මොහමඩ්	mohamad:1	mohamed:1	mohomad:1
මොහම්මද්	mohammad:2	mohammed:1
මොහාන්	mohan:3
මොහිදීන්	mohidin:2	mohideen:1
මොහු	mohu:3
මොහුගේ	mohuge:3
මොහුට	mohuta:3
මොහුය	mohuya:3
මොහුව	mohuva:2	mohuwa:1
මොහොත	mohotha:2	mohota:1
මොහොතක	mohothaka:2	mohotaka:1
මොහොතකට	mohothakata:2	mohotakata:1
මොහොතකදි	mohothakadi:2	mohotakadi:1
මොහොතකදී	mohathakadi:1	mohotakadi:1	mohothakadi:1
මොහොතක්	mohothak:2	mohotak:2
මොහොතින්	mohothaen:1	mohothin:1	mohotin:1
මොහොතේ	mohothe:2	mohote:1	mohothae:1
මොහොතේදී	mohotedi:1	mohothaedi:1	mohothedi:1
මොහොතේම	mohotema:1	mohothaema:1	mohothema:1
මොහොමඩ්	mohomad:2	mohamed:1
මොළය	molaya:3
මොළයට	molayata:3
මොළයෙහි	molayehi:3
මොළයේ	molaye:3
මොළේ	mole:3	molae:1
මෝක්ෂ	moksha:2	moksa:1
මෝක්ෂය	mokshaya:2	moksaya:1
මෝගල්	mogal:3
මෝචනය	mochanaya:2	mocanaya:1
මෝචනයක්	mochanayak:2	mocanayak:1
මෝටරයක්	motarayak:2	motorayak:1
මෝටර්	motor:2	motar:1
මෝටර්රථ	motarratha:2	motorratha:1
මෝටාර්	motar:2	motors:1
මෝඩ	moda:3
මෝඩකම	modakama:3
මෝඩි	modi:3
මෝදර	modara:2	modhara:1
මෝදි	modi:2	modhi:1
මෝපසාං	mopasan:1	mopasang:1	mopasn:1
මෝය	moya:3
මෝරන	morana:3
මෝර්ගන්	morgan:2	moregen:1	morgen:1
මෝරා	mora:3
මෝරුන්	morun:3
මෝරුන්ට	morunta:3
මෝල	mola:3
මෝල්	mol:2	mole:1
මෝල්ටෝස්	maltose:2	moltos:1
මෝල්ඩර්	moldar:1	molder:1	moulder:1
මෝෂන්	mosan:2	moshan:1
මෝසම්	mosam:3	mousam:1
මෝසස්	mosas:1	moses:1	mosses:1
මෝස්තර	mosthara:9	mostara:3
මෝස්තරය	mostaraya:3	mostharaya:1
මෝස්තරයක්	mostarayak:3	mostharayak:1
මෝස්තරයෙන්	mostarayen:3	mostharayen:1
මෝහ	moha:3
මෝහන	mohana:3
මෝහනය	mohanaya:3
මෝහනයට	mohanayata:3
මෝහය	mohaya:3
මෝහයයි	mohayayi:2	mohayai:1
මෝහයෙන්	mohayen:3
මෝහිත්	mohit:3	mohith:1
මෝහිනී	mohini:3
මෞර්ය	maurya:2	morya:1	mourya:1
මෞර්යයන්	mauryayan:2	mouryayan:1
ඹවුන්	mbavun:2	bhavun:1
ඹහුගේ	mbahuge:2	bahuge:1
ය	ya:3
යකඩ	yakada:3
යකඩයා	yakadaya:3
යකඩවලින්	yakadavalin:2	yakadawalin:1
යකඩින්	yakadin:3
යක්	yak:3
යක්කල	yakkala:3
යක්කු	yakku:3
යක්ෂ	yaksha:2	yaksa:2
යක්ෂයන්	yakshayan:2	yaksayan:1
යක්ෂයා	yakshaya:2	yaksaya:1
යක්ෂයාගේ	yakshayage:2	yaksayage:1
යකා	yaka:3
යකු	yaku:3
යකුන්	yakun:3
යකුන්ට	yakunta:3
යකුම	yakuma:3
යගුලිය	yaguliya:3
යට	yata:3
යටට	yatata:3
යටතට	yatathata:2	yatatata:1
යටතටයි	yatatatayi:1	yatathatai:1	yatathatayi:1
යටත්	yatath:2	yatat:1
යටත්ය	yatathya:2	yatatya:1
යටත්ව	yatathva:1	yatathwa:1	yatatva:1
යටත්විජිත	yatathvijitha:2	yatatvijita:1
යටත්විය	yatathviya:2	yatatviya:1
යටත්වීම	yatathvima:1	yatathweema:1	yatatvima:1
යටතෙහි	yatathehi:2	yatatehi:1
යටතේ	yatathe:2	yatate:1
යටතේද	yatateda:3	yatatheda:2
යටතේදී	yatatedi:1	yatathedee:1	yatathedi:1
යටතේම	yatathema:2	yatatema:1
යටතේය	yatatheya:2	yatateya:1
යටතේයි	yatateyi:1	yatathei:1	yatatheyi:1
යටදී	yatadi:2	yatadee:1
යටපත්	yatapath:2	yatapat:1
යටම	yatama:3
යටය	yataya:3
යටවත්ත	yatavaththa:1	yatavatta:1	yatawatta:1
යටවී	yatavi:2	yatavee:1	yatawee:1
යටවූ	yatavu:3
යටහත්	yatahath:2	yatahat:1
යටි	yati:3
යටිකය	yatikaya:3
යටිකුරු	yatikuru:3
යටිතල	yatithala:2	yatitala:1
යටින්	yatin:3
යටිපතුල්	yatipathul:2	yatipatul:1
යටියන්තොට	yatiyanthota:2	yatiyantota:2
යටිසිත	yatisitha:2	yatisita:1
යත	yatha:2	yata:1
යත්	yath:2	yat:1
යත්න	yathna:1	yaththa:1	yatna:1
යත්ම	yathma:2	yatma:1
යතා	yatha:2	yata:1
යතාර්ථවාදී	yatarthavadi:1	yatharthavadi:1	yatharthawadee:1
යති	yathi:2	yati:1
යතිවරු	yathivaru:1	yathiwaru:1	yativaru:1
යතුර	yatura:2	yathura:1
යතුරක්	yaturak:2	yathurak:1
යතුරු	yathuru:4	yaturu:2
යතුරුපුවරු	yaturupuvaru:2	yathurupuvaru:1
යතුරුපුවරුව	yaturupuvaruva:2	yathurupuvaruva:1
යතුරුලියන	yaturuliyana:2	yathuruliyana:1
යතුරුලියනය	yaturuliyanaya:2	yathuruliyanaya:1
යථා	yatha:3
යථාර්තය	yathartaya:2	yatharthaya:1
යථාර්තවාදී	yathartavadi:2	yatharthavadi:1
යථාර්ථ	yathartha:3
යථාර්ථය	yatharthaya:3
යථාර්ථයක්	yatharthayak:3
යථාර්ථයට	yatharthayata:3
යථාර්ථවාදී	yatharthavadi:3
යථාවබෝධය	yathavabodhaya:3
යථොක්ත	yathokta:2	yathoktha:1
යද්දි	yaddi:3
යද්දී	yaddi:3
යදින	yadina:3
යදින්නා	yadinna:2	yadinnaa:1
යන	yana:3
යනකම්	yanakam:3
යනවා	yanawa:2	yanava:3
යනවාට	yanavata:3
යනවාත්	yanavat:2	yanavath:1
යනවිට	yanavita:3
යන්	yan:3
යන්ග්	yang:2	young:1
යන්ගේ	yange:3
යන්ට	yanta:3
යන්තම්	yantam:2	yantham:1
යන්තමින්	yantamin:2	yanthamin:1
යන්තමිනි	yantamini:2	yanthamini:1
යන්තර	yantara:2	yanthara:1
යන්තරය	yantaraya:2	yantharaya:1
යන්ත්ර	yantra:3
යන්ත්‍ර	yanthra:5	yantra:2
යන්ත්‍රය	yantraya:2	yanthraya:1
යන්ත්‍රයක්	yanthrayak:2	yantrayak:2
යන්ත්‍රයකි	yantrayaki:2	yanthrayaki:1
යන්ත්‍රයන්	yantrayan:2	yanthrayan:1
යන්ත්‍රයෙන්	yantrayen:2	yanthrayen:1
යන්ත්‍රයේ	yantraye:2	yanthraye:1
යන්ත්‍රවල	yantravala:2	yanthravala:1
යන්ත්‍රෝපකරණ	yantropakarana:2	yanthropakarana:1
යන්ද	yanda:3
යන්න	yanna:3
යන්නකි	yannaki:3
යන්නට	yannata:3
යන්නටත්	yannatat:2	yannatath:1
යන්නත්	yannath:2	yannat:2
යන්නද	yannada:3
යන්නන්	yannan:3
යන්නන්ගේ	yannange:3
යන්නන්ය	yannanya:2	yannnya:1
යන්නය	yannaya:3
යන්නයි	yannai:6	yannayi:3
යන්නවුන්	yannavun:3
යන්නා	yanna:3
යන්නාවූ	yannavu:3
යන්නාහු	yannahu:3
යන්නෙ	yanne:3
යන්නෙන්	yannen:3
යන්නෙනි	yanneni:3
යන්නෙහි	yannehi:3
යන්නේ	yanne:3
යන්නේය	yanneya:3
යනාදි	yanadi:3
යනාදිය	yanadiya:3
යනාදියට	yanadiyata:3
යනාදියයි	yanadiyayi:3
යනාදියේ	yanadiye:3
යනාදී	yanadi:3
යනු	yanu:3
යනුකොවිච්	ivankovich:1	yanukovic:1	yanukovich:1
යනුයි	yanuyi:2	yaniyi:1
යනුයෙන්	yanuyen:3
යනුයේ	yanuye:3
යනුවෙන්	yanuwen:22	yanuven:3
යනුවෙන්ද	yanuvenda:3
යනුවෙනි	yanuweni:2	yanuveni:3
යනුවෙනුත්	yanuvenut:2	yanuvenuth:1
යම	yama:3
යමක්	yamak:3
යමකු	yamaku:3
යමකුට	yamakuta:3
යමහල්	yamahal:3
යම්	yam:3
යම්කිසි	yamkisi:3
යම්තාක්	yamtak:3
යම්යම්	yamyam:3
යම්සේ	yamse:3
යම්හ	yamha:3
යමි	yami:3
යමිකිසි	yamikisi:3
යමින්	yamin:3
යමිනි	yamini:3
යමු	yamu:3
යමුනා	yamuna:3
යමෙක්	yamek:3
යමෙකු	yameku:3
යමෙකුගේ	yamekuge:3
යමෙකුට	yamekuta:3
යයි	yai:21	yayi:3
යයිද	yayida:3
යල්	yal:3
යලි	yali:3
යලිත්	yalit:2	yalith:1
යවන	yawana:2	yavana:3
යවන්නට	yavannata:3
යවන්නන්	yavannan:3
යවන්නා	yavanna:3
යවන්නෙකු	yavanneku:3
යවන්නේ	yavanne:3
යවනු	yavanu:3
යවමින්	yavamin:3
යවයි	yawai:2	yavayi:3
යවා	yava:3
යශෝධරා	yasodhara:2	yashodhara:1
යශෝධා	yasodha:2	yashodha:1
යෂ්ටිය	yastiya:2	yashtiya:1
යස	yasa:3
යසස	yasasa:3
යසස්	yasas:3
යසිරු	yasiru:3
යසෝදරා	yasodara:3
යහ	yaha:3
යහන	yahana:3
යහනට	yahanata:3
යහන්	yahan:3
යහන්වලට	yahanvalata:3
යහනේ	yahane:3
යහපත	yahapata:2	yahapatha:1
යහපතක්	yahapatak:2	yahapathak:1
යහපතට	yahapatata:2	yahapathata:1
යහපත්	yahapath:6	yahapat:2
යහපාලන	yahapalana:3
යහපාලනය	yahapalanaya:3
යහමගට	yahamagata:2	yahamangata:1
යහමින්	yahamin:3
යහලුවන්	yahaluvan:3
යහළු	yahalu:3
යහළුවන්	yahaluvan:3
යහළුවා	yahaluva:3
යළි	yali:3
යළිත්	yalit:2	yalith:1
යළියොමුව	yaliyomuva:3
යා	ya:3
යාකරන	yakarana:3
යාග	yaga:3
යාගය	yagaya:3
යාගයක්	yagayak:3
යාගයන්	yagayan:3
යාගොඩ	yagoda:3
යාචක	yacaka:2	yachaka:1
යාච්ඤා	yagna:2	yacna:2	yachkna:1
යාඥා	yagna:3
යාඥාව	yagnava:3
යාත්‍රණය	yatranaya:2	yathranaya:1
යාත්‍රා	yatra:2	yathra:1
යාත්‍රාවක්	yatravak:2	yathravak:1
යාන	yana:3
යානය	yanaya:3
යානයක	yanayaka:3
යානයකට	yanayakata:3
යානයක්	yanayak:3
යානයට	yanayata:3
යානයත්	yanayat:2	yanayath:1
යානයයි	yanayayi:3
යානයෙන්	yanayen:3
යානයෙහි	yanayehi:3
යානයේ	yanaye:3
යාන්	yan:3
යාන්ත්‍ර	yantra:2	yanthra:1
යාන්ත්‍රණ	yanthrana:2	yantrana:2
යාන්ත්‍රණය	yantranaya:2	yanthranaya:1
යාන්ත්‍රණයක්	yantranayak:2	yanthranayak:1
යාන්ත්‍රණයට	yantranayata:2	yanthranayata:1
යාන්ත්‍රික	yantrika:2	yanthrika:1
යාන්ත්‍රිකව	yantrikava:2	yanthrikava:1
යාන්ත්‍රීකරණය	yantrikaranaya:2	yanthrikaranaya:1
යාන්ත්‍රීය	yantriya:2	yanthriya:1
යානා	yana:3
යානාව	yanawa:2	yanava:3
යානාවක්	yanavak:3
යානාවන්	yanavan:3
යානාවල	yanavala:3
යානාවලට	yanavalata:3
යානාවේ	yanave:3
යානි	yani:3
යාපන	yapana:3
යාපනය	yapanaya:3
යාපනයට	yapanayata:3
යාපනයෙන්	yapanayen:3
යාපනයේ	yapanaye:3
යාපහුව	yapahuva:3
යාපහුවේ	yapahuve:3
යාපා	yapa:3
යාබද	yabada:3
යාබදව	yabadava:3
යාම	yama:3
යාමක්	yamak:3
යාමකි	yamaki:3
යාමකින්	yamakin:3
යාමට	yamata:3
යාමටත්	yamatat:2	yamatath:1
යාමටද	yamatada:3
යාමටයි	yamatayi:3
යාමත්	yamat:2	yamath:1
යාමනය	yamanaya:3
යාමය	yamaya:3
යාමයි	yamai:4	yamayi:3
යාමයේ	yamaye:3
යාම්	yam:3
යාමෙන්	yamen:3
යාමේ	yame:3
යාමේදී	yamedi:3
යාය	yaya:3
යායක	yayaka:3
යායක්	yayak:3
යායකි	yayaki:3
යායවල්	yayaval:3
යායුතු	yayutu:2	yayuthu:1
යායේ	yaye:3
යාර	yara:3
යාල	yala:3
යාලු	yalu:3
යාලුවෙක්	yaluvek:3
යාවත්	yavat:2	yavath:1
යාවත්කාල	yavatkala:2	yavathkala:1
යාවත්කාලින	yavatkalina:2	yaawathkaalina:1
යාවත්කාලීන	yavatkalina:2	yaawathkaaleena:1
යාළු	yalu:2	yaalu:1
යි	yi:3
යින්	yin:3
යී	yi:3
යීස්ට්	yist:3
යු	yu:3
යුක්ත	yuktha:12	yukta:2
යුක්තක්	yuktak:2	yukthak:1
යුක්තය	yuktaya:2	yukthaya:1
යුක්තයි	yuktayi:2	yukthayi:1
යුක්තව	yukthawa:2	yuktava:2	yukthava:1
යුක්තවූයේ	yuktavuye:2	yukthavuye:1
යුක්තවේ	yuktave:2	yukthave:1
යුක්තානුව	yuktanuva:2	yukthanuva:1
යුක්ති	yukti:2	yukthi:1
යුක්තිය	yuktiya:2	yukthiya:1
යුක්තියට	yuktiyata:2	yukthiyata:1
යුක්තිසහගත	yuktisahagata:2	yukthisahagatha:1
යුක්රේනය	yukrenaya:2	ukraineaya:1
යුක්රේනියානු	yukreniyanu:2	ukraineianu:1
යුක්‍රේනයේ	yukrenaye:2	ukraineaye:1
යුග	yuga:3
යුගය	yugaya:3
යුගයක	yugayaka:3
යුගයකදී	yugayakadi:3
යුගයකය	yugayakaya:3
යුගයක්	yugayak:3
යුගයකි	yugayaki:3
යුගයට	yugayata:3
යුගයත්	yugayat:2	yugayath:1
යුගයන්	yugayan:3
යුගයන්ට	yugayanta:3
යුගයන්හි	yugayanhi:3
යුගයයි	yugayayi:3
යුගයෙන්	yugayen:3
යුගයෙහි	yugayehi:2	yugayanhi:1
යුගයෙහිදී	yugayehidi:3
යුගයේ	yugaye:3
යුගයේද	yugayeda:3
යුගයේදි	yugayedi:3
යුගයේදී	yugayedi:3
යුගල	yugala:3
යුගලක්	yugalak:3
යුගලකින්	yugalakin:3
යුගලනය	yugalanaya:3
යුගලය	yugalaya:3
යුගලයක්	yugalayak:3
යුගලයේ	yugalaye:3
යුගල්	yugal:3
යුගවල	yugavala:2	yugawala:1
යුගවලට	yugavalata:2	yugawalata:1
යුගවලදී	yugavaladi:3
යුගළ	yugala:3
යුගෙන්	yugen:3
යුත්	yuth:14	yut:1	yutt:1
යුත්තකි	yuttaki:2	yuththaki:1
යුත්තන්	yuttan:2	yuththan:1
යුත්තේ	yuththe:3	yutte:2
යුත්තේය	yutteya:2	yuththeya:1
යුතු	yuthu:54	yutu:2
යුතුකම	yutukama:2	yuthukama:1
යුතුකමක්	yutukamak:2	yuthukamak:1
යුතුකමකි	yutukamaki:2	yuthukamaki:1
යුතුකම්	yutukam:2	yuthukam:1
යුතුද	yutuda:2	yuthuda:1
යුතුම	yutuma:2	yuthuma:1
යුතුමය	yutumaya:2	yuthumaya:1
යුතුමයි	yutumayi:2	yuthumayi:1
යුතුය	yuthuya:33	yutuya:2
යුතුයයි	yutuyayi:2	yuthuyayi:1
යුතුයි	yuthui:3	yutuyi:2	yuthuyi:1
යුතුව	yuthuwa:5	yutuva:2	yuthuva:1
යුතුවය	yutuvaya:2	yuthuvaya:1
යුතුවයි	yutuvayi:2	yuthuvayi:1
යුතුවිය	yutuviya:2	yuthuviya:1
යුතුවීම	yutuvima:2	yuthuvima:1
යුතුවේ	yutuve:2	yuthuve:1
යුද	yuda:3
යුදමය	yudamaya:3
යුද්ද	yudda:3
යුද්දය	yuddaya:3
යුද්ධ	yudda:4	yuddha:3
යුද්ධමය	yuddhamaya:3
යුද්ධය	yuddaya:5	yuddhaya:3
යුද්ධයක	yuddhayaka:3
යුද්ධයකට	yuddhayakata:3
යුද්ධයකදී	yuddhayakadi:3
යුද්ධයක්	yuddhayak:3
යුද්ධයකින්	yuddhayakin:3
යුද්ධයට	yuddhayata:3
යුද්ධයත්	yuddhayat:2	yuddhayath:1
යුද්ධයන්	yuddhayan:3
යුද්ධයෙන්	yuddayen:3	yuddhayen:3
යුද්ධයෙහි	yuddhayehi:3
යුද්ධයෙහිදී	yuddhayehidi:3
යුද්ධයේ	yuddhaye:3
යුද්ධයේදී	yuddhayedi:3
යුද්ධායුධ	yuddhayudha:3
යුදෙව්	yudew:18	yudev:3
යුදෙව්වන්	yudewwan:3	yudevvan:3
යුදෙව්වන්ට	yudevvanta:3
යුදෙව්වෝ	yudevvo:3
යුදෙවු	yudevu:3
යුධ	yuda:15	yudha:3
යුධමය	yudhamaya:3
යුධෝපාය	yudhopaya:3
යුනයිටඩ්	yunayitad:2	united:1
යුනානි	yunani:3
යුනික්ස්	yuniks:2	unix:1
යුනිකෝඩ්	yunikod:2	unicode:1
යුනිලීවර්	unilever:2	yunilivar:1
යුනිවර්සිටි	university:2	yunivarsiti:1
යුනිසෙෆ්	yunisef:2	unicef:1
යුනෙස්කෝ	yunesko:2	unesco:1
යුනෙස්කෝව	yuneskova:3
යුරි	yuri:3
යුරේනියම්	urenium:2	yureniyam:2	uranium:1
යුරෝප	yuropa:3
යුරෝපය	europaya:3	yuropaya:3
යුරෝපයට	yuropayata:3
යුරෝපයටත්	yuropayatat:2	yuropayatath:1
යුරෝපයෙන්	yuropayen:3
යුරෝපයෙහි	yuropayehi:3
යුරෝපයේ	europaye:4	yuropaye:3
යුරෝපයේදී	yuropayedi:2	yuropayedhi:1
යුරෝපා	yuropa:3
යුරෝපානු	yuropanu:3
යුරෝපිය	yuropiya:3
යුරෝපියානු	yuropiyanu:3
යුරෝපියානුවන්	yuropiyanuvan:3
යුරෝපීය	europeeya:3	yuropiya:3
යුරෝපීයන්	yuropiyan:2	european:1
යුරෝපීයයන්	yuropiyayan:2	europiyayan:1
යුලර්	yular:3
යුව	yuva:3
යුවතිපති	yuvathipathi:1	yuvatipati:1	yuwathipathi:1
යුවතිය	yuvatiya:2	yuvathiya:1
යුවතියන්	yuvatiyan:2	yuvathiyan:1
යුවරජු	yuvaraju:3
යුවල	yuvala:3
යුවලක්	yuvalak:3
යුවලගේ	yuvalage:3
යුවලට	yuvalata:3
යුවළ	yuvala:3
යුවළක්	yuvalak:3
යුවළගේ	yuvalage:3
යුවළට	yuvalata:3
යුවාන්	yuvan:3
යුෂ	yusa:2	yusha:1
යුෂය	yusaya:2	yushaya:1
යුෂින්	yusin:2	yushin:1
යූ	yu:3
යූටියුබ්	youtube:4	yutiyub:2	utube:1
යූත්	youth:1	yuoth:1	yut:1	yuth:1
යූනියන්	union:2	yuniyan:2
යූරල්	yural:3
යූරි	yuri:3
යූරියා	yuriya:2	urea:1	yuria:1
යූරෝ	euro:2	yuro:2
යෙදවිය	yedaviya:3	yedawiya:1
යෙදවීම	yedavima:2	yedaweema:1
යෙදවීමට	yedavimata:2	yedaweemata:1
යෙදවීය	yedaviya:2	yedaveeya:1	yedaweeya:1
යෙදවුම	yedavuma:3
යෙදවුමක්	yedavumak:3
යෙදවුම්	yedavum:3
යෙදවූ	yedavu:3
යෙදවූවා	yedavuva:2	yedavuwa:1
යෙදවෙන	yedawena:2	yedavena:1
යෙදවේ	yedave:2	yedewe:1
යෙදිම	yedima:2	yedavime:1
යෙදිය	yediya:3
යෙදී	yedi:2	yedee:1
යෙදීම	yedeema:2	yedima:2
යෙදීමක්	yedimak:2	yedeemak:1
යෙදීමට	yedimata:2	yedeemata:1
යෙදීමද	yedimada:2	yedeemada:1
යෙදීමයි	yedimayi:2	yedeemai:1
යෙදීම්	yedim:2	yedeem:1
යෙදීමෙන්	yedimen:2	yedeemen:1
යෙදීමෙනි	yedimeni:2	yedeemeni:1
යෙදීමෙහි	yedimehi:2	yedeemehi:1
යෙදීමේ	yedime:2	yedeeme:1
යෙදීමේදී	yedimedi:2	yedeemedi:1
යෙදු	yedu:3	yedoo:1
යෙදුණි	yeduni:3
යෙදුණු	yedunu:3
යෙදුන	yeduna:3
යෙදුනහ	yedunaha:3
යෙදුනි	yeduni:3
යෙදුනු	yedunu:3
යෙදුනේ	yedune:3
යෙදුනේය	yeduneya:3
යෙදුම	yeduma:3
යෙදුමක්	yedumak:3
යෙදුමකි	yedumaki:3
යෙදුම්	yedum:3
යෙදුමේ	yedume:3
යෙදුවේ	yeduve:2	yeduwea:1
යෙදුවේය	yeduveya:2	yeduweya:1
යෙදූ	yedu:3
යෙදෙති	yedaethi:1	yedethi:1	yedeti:1	yedhethi:1
යෙදෙන	yedena:3
යෙදෙන්නට	yedennata:2	yedennanta:1
යෙදෙන්නන්	yedennan:3
යෙදෙන්නන්ට	yedennanta:3	yaedennanta:1
යෙදෙන්නීය	yedenniya:2	yedaenniya:1	yedenneeya:1
යෙදෙන්නේ	yedenne:3	yedennae:1
යෙදෙනු	yedenu:3	yedaenu:1
යෙදෙනුයේ	yedenuye:3	yaedaenuye:1
යෙදෙමින්	yedemin:3
යෙදෙයි	yedeyi:3	yedaei:1
යෙදේ	yede:3	yedae:1
යෙන්	yen:3
යෙලෝ	yellow:2	yelo:1
යෙලෝස්ටෝන්	yellowstone:2	yeloston:1
යෙහි	yehi:3
යේ	ye:3	yeh:1
යේමනය	yemanaya:3
යේසුස්	yesus:2	jesus:1
යොජනා	yojana:3
යොදන	yodana:3
යොදන්නට	yodannata:3
යොදන්නේ	yodanne:2	yodannae:1
යොදනු	yodanu:3
යොදමින්	yodamin:3
යොදය	yodaya:3
යොදයි	yodayi:3
යොදවන	yodawana:2	yodavana:2
යොදවනු	yodavanu:2	yodawanu:1
යොදවා	yodava:2	yodawa:1
යොදා	yoda:3
යොදාගත	yodagatha:2	yodagata:1
යොදාගත්	yodagath:2	yodagat:1
යොදාගන්නවා	yodagannava:2	yodagannawa:1
යොදාගන්නා	yodaganna:3
යොදාගනිති	yodaganithi:2	yodaganiti:1
යොදාගනිමින්	yodaganimin:3
යොදාගනී	yodagani:3
යොදාගනු	yodaganu:3
යොදාගැනීමට	yodagaenimata:2	yodaganimata:1
යොදාගැනීම්	yodagaenim:1	yodagaenimata:1	yodaganimata:1
යොදාගැනේ	yodagaene:2	yodagene:1
යොදාගෙන	yodagena:3
යොදුන්	yodun:3
යොන්	yon:3
යොමු	yomu:3
යොමුකර	yomukara:3
යොමුකරන	yomukarana:3
යොමුකරයි	yomukarayi:2	yomukarai:1
යොමුකළ	yomukala:3
යොමුකොට	yomukota:3
යොමුව	yomuva:2	yomuwa:1
යොමුවක්	yomuvak:2	yomuwak:1
යොමුවන	yomuvana:2	yomuwana:1
යොමුවන්නේ	yomuvanne:2	yomuwanne:1
යොමුවිය	yomuviya:2	yomuwiya:1
යොමුවී	yomuvi:2	yomuwee:1	yomuwi:1
යොමුවීම	yomuvima:2	yomuweema:1	yomuwima:1
යොමුවීමත්	yomuvimat:1	yomuvimath:1	yomuwimath:1
යොමුවූ	yomuvu:2	yomuvuu:1	yomuwuu:1
යොමුවූයේ	yomuvuye:3	yomuwuye:1
යොමුවේ	yomuve:3	yomuwe:1
යොවුන්	yowun:2	yovun:3
යොහාන්	yohan:3
යෝක්	yok:2	york:1
යෝග	yoga:3
යෝගට්	yogat:2	yogurt:1
යෝගය	yogaya:3
යෝග්‍ය	yogya:3
යෝග්‍යතා	yogyatha:2	yogyata:1
යෝග්‍යතාව	yogyathava:2	yogyatava:1	yogyathawa:1
යෝග්‍යතාවය	yogyatavaya:1	yogyathaavaya:1	yogyathaawaya:1	yogyathavaya:1
යෝග්‍යය	yogyaya:3
යෝග්‍යයි	yogyayi:3	yogyai:1
යෝග්‍යවේ	yogyave:3	yogyawe:1
යෝගාසන	yogasana:3
යෝගියා	yogiya:3
යෝගියාට	yogiyata:3
යෝගී	yogi:2	yogii:1
යෝජනා	yojana:3
යෝජනාව	yojanava:3	yojanawa:1
යෝජනාවකට	yojanavakata:2	yojanaavakata:1	yojanaawakata:1
යෝජනාවක්	yojanavak:3	yojanawak:1
යෝජනාවට	yojanavata:3	yojanawata:1
යෝජනාවන්	yojanavan:2	yojanavak:1	yojanawak:1
යෝජනාවල	yojanavala:2	yojanaavala:1	yojanaawala:1
යෝජනාවලට	yojanavalata:3	yojanawalata:1
යෝජිත	yojitha:2	yojita:1
යෝජිතව	yojithava:2	yojitava:1	yojithawa:1
යෝධ	yodha:3
යෝධයන්	yodhayan:3	yodayan:1
යෝධයා	yodhaya:3	yodaya:1
යෝධයින්	yodhayin:3	yodayin:1
යෝන	yona:3
යෝනක	yonaka:3
යෝනි	yoni:3
යෝනිය	yoniya:3
යෝනියට	yoniyata:3
යෝර්ක්	york:3
යෞවන	yauvana:2	yauwana:2
යෞවනය	yauwanaya:2	yauvanaya:1	yuvvanaya:1
යෞවනයන්	yauvanayan:2	yauwanayan:2
යෞවනයන්ගේ	yauvanayange:2	yauwanayange:1
යෞවනයන්ට	yauvanayanta:2	yauwanayanta:1
යෞවනයින්	yauvanayin:2	yauwanayin:1
ර	ra:2	ran:1
රං	ran:2	ram:1
රංග	ranga:2	ramga:1
රංගගත	ramgagata:1	rangagata:1	rangagatha:1
රංගන	rangana:2	ramgana:1
රංගනය	ranganaya:2	ramganaya:1
රංගනයක	ranganayaka:2	ramganayaka:1
රංගනයකට	ranganayakata:2	ramganayakata:1
රංගනයක්	ranganayak:2	ramganayak:1
රංගනයට	ranganayata:2	ramganayata:1
රංගනයන්	ranganayan:2	ramganayan:1
රංගනයෙන්	ranganayen:2	ramganayen:1
රංගනයෙහි	ranganayehi:2	ramganayehi:1
රංගනයේ	ranganaye:2	ramganaye:1
රංගිරි	rangiri:3
රංඟන	ramngana:1	rangana:1	ranngana:1
රංචු	ramcu:1	ranchu:1	rancu:1
රංජනී	rangjani:1	ranjanee:1	ranjani:1
රංජිත්	ranjith:2	ranjit:1
රක්ඛිත	rakkhita:2	rakkhitha:1
රක්ත	rakta:2	raktha:1
රක්නා	rakna:3
රක්වාන	rakvana:2	rakwana:1
රක්ෂණ	rakshana:2	raksana:2
රක්ෂණය	raksanaya:2	rakshanaya:1
රක්ෂසා	raksasa:2	rakshasa:1
රක්ෂාව	raksava:2	rakshava:1
රක්ෂිත	raksita:2	rakshitha:1
රක්ෂිතය	raksitaya:2	rakshithaya:1
රක්ෂිතයක්	raksitayak:2	rakshithayak:1
රක්ෂිතයේ	raksitaye:2	rakshithaye:1
රකිති	rakiti:2	rakithi:1
රකින	rakina:3
රකිනා	rakina:3
රකියි	rakiyi:3
රකුසා	rakusa:3
රග	raga:3
රගර්	ragar:2	rugar:1
රග්බි	ragbi:2	rugby:1
රඟ	ranga:3
රඟන	rangana:3
රඟපා	rangapa:3
රඟපාන	rangapana:3
රඟපාන්න	rangapanna:3
රඟපානු	rangapanu:3
රඟපායි	rangapayi:3
රඟමඩල	rangamadala:2	raghamadala:1
රඟමඬල	rangamandala:2	raghamadhala:1
රඟමින්	rangamin:2	raghamin:1
රඟහල	rangahala:2	raghahala:1
රඟහලේ	rangahale:2	raghahale:1
රචක	racaka:2	rachaka:1
රචකයකු	racakayaku:2	rachakayaku:1
රචකයන්	racakayan:2	rachakayan:1
රචකයන්ට	racakayanta:2	rachakayanta:1
රචකයා	racakaya:2	rachakayaa:1
රචකයින්	racakayin:2	rachakayin:1
රචකයෙක්	racakayek:2	rachakayek:1
රචකයෙකි	racakayeki:2	rachakayeki:1
රචකයෙකු	racakayeku:2	rachakayeku:1
රචකයෝ	racakayo:2	rachakayo:1
රචනය	rachanaya:4	racanaya:2
රචනයට	racanayata:2	rachanayata:1
රචනයන්	racanayan:2	rachanayan:1
රචනයෙන්	racanayen:2	rachanayen:1
රචනයේ	racanaye:2	rachanaye:1
රචනයේදී	racanayedi:2	rachanayedee:1
රචනා	rachana:7	racana:2
රචනාව	racanava:2	rachanava:1
රචනාවක්	racanavak:2	rachanavak:1
රචනාවන්	racanavan:2	rachanavan:1
රචනාවල	racanavala:2	rachanavala:1
රචිකාවියක්	racikaviyak:2	rachikaviyak:1
රචිත	rachitha:2	racita:2	rachith:1
රජ	raja:3
රජකම	rajakama:3
රජකමට	rajakamata:3
රජකම්	rajakam:3
රජකළ	rajakala:3
රජකු	rajaku:3
රජකුගේ	rajakuge:3
රජකෙනෙක්	rajakenek:3
රජකෙනෙකු	rajakeneku:3
රජගහ	rajagaha:3
රජගේ	rajage:3
රජට	rajata:3
රජත	rajata:2	rajatha:1
රජතුමන්ගේ	rajatumange:2	rajathumange:1
රජතුමනි	rajatumani:2	rajathumani:1
රජතුමා	rajathuma:8	rajatuma:2
රජතුමාගේ	rajatumage:2	rajathumaage:1
රජතුමාට	rajatumata:2	rajathumaata:1
රජතුමාය	rajatumaya:2	rajathumaaya:1
රජතෙම	rajatema:2	rajathema:1
රජතෙමේ	rajateme:2	rajatheme:1
රජදහන	rajadahana:3
රජමහ	rajamaha:3
රජමහා	rajamaha:2	rajamahaa:1
රජය	rajaya:3
රජයකට	rajayakata:3
රජයක්	rajayak:3
රජයට	rajayata:3
රජයද	rajayada:3
රජයන්	rajayan:3
රජයයන්	rajayayan:3
රජයෙන්	rajayen:3
රජයෙහි	rajayehi:3
රජයේ	rajaye:3
රජරට	rajarata:3
රජවරු	rajavaru:2	rajawaru:1
රජවරුන්	rajawarun:3	rajavarun:2
රජවරුන්ගෙන්	rajavarungen:2	rajawarungen:1
රජවරුන්ගේ	rajavarunge:2	rajawarunge:1
රජවරුන්ට	rajavarunta:2	rajawarunta:1
රජවීම	rajavima:2	rajaweema:1
රජවූ	rajavu:2	rajawoo:1	rajawuu:1
රජසමයට	rajasamayata:3
රජස්	rajas:3
රජා	raja:2	rajaa:1
රජාණන්	rajanan:3
රජාණන්ගේ	rajanange:3
රජාණෝ	rajano:3
රජිනිකාන්ත්	rajinikant:2	rajinikanth:1
රජිව්	rajiv:3
රජීව්	rajiv:3
රජු	raju:3
රජුගෙන්	rajugen:3
රජුගේ	rajuge:3
රජුට	rajuta:3
රජුටත්	rajutat:2	rajutath:1
රජුද	rajuda:3
රජුන්	rajun:3
රජුන්ගෙන්	rajungen:3
රජුන්ගේ	rajunge:3
රජුනි	rajuni:3
රජුනේ	rajune:3
රජුය	rajuya:3
රජුයි	rajuyi:2	rajui:1
රජුව	rajuva:3
රජෙක්	rajek:3
රජෙකු	rajeku:3
රජෙකුට	rajekuta:3
රට	rata:3
රටක	rataka:3
රටකට	ratakata:3
රටකම	ratakama:3
රටක්	ratak:3
රටකි	rataki:3
රටකින්	ratakin:3
රටට	ratata:3
රටතුළ	ratatula:2	ratathula:1
රටපුරා	ratapura:3
රටම	ratama:3
රටයි	ratayi:3	ratai:1
රටවන	ratavana:3	ratawana:1
රටවල	ratawala:13	ratavala:3
රටවලට	ratawalata:2	ratavalata:3
රටවලටද	ratavalatada:3	ratavalatadha:1	ratawalatada:1	ratawalatadha:1
රටවලත්	ratavalath:2	ratavalat:1	ratawalath:1
රටවලද	ratavalada:3	ratavaladha:1	ratawalada:1	ratawaladha:1
රටවල්	ratawal:15	rataval:3
රටවල්ද	ratavalda:2	ratawalda:2	ratavaldha:1	ratawaldha:1
රටවල්ය	ratavalya:2	ratawalya:2
රටවල්වල	ratavalvala:2	ratawalwala:2	ratavalwala:1	ratawalvala:1
රටවල්වලට	ratavalvalata:2	ratawalwalata:2	ratavalwalata:1	ratawalvalata:1
රටවල්වලින්	ratavalvalin:3	ratavalwalin:1	ratawalvalin:1	ratawalwalin:1
රටවලින්	ratavalin:3	ratawalin:1
රටවලින්ද	ratavalinda:3	ratawalinda:1
රටා	rata:2	rataa:2
රටාව	ratawa:4	rataava:1	ratava:1
රටාවකට	ratavakata:2	ratawakata:1
රටාවක්	ratavak:2	ratawak:1
රටාවකි	ratavaki:2	ratawaki:1
රටාවකින්	ratavakin:2	ratawakin:1
රටාවට	ratavata:2	ratawata:1
රටාවත්	ratavat:2	ratawath:1
රටාවද	ratavada:2	ratawada:1
රටාවන්	ratawan:3	ratavan:2
රටාවන්ට	ratavanta:2	ratawanta:1
රටාවල	ratavala:2	ratawala:1
රටාවෙන්	rataven:2	ratawen:1
රටාවෙහි	ratavehi:2	ratawehi:1
රටාවේ	ratave:2	ratawe:1
රටින්	ratin:3
රටෙන්	raten:3
රටෙහි	ratehi:3
රටේ	rate:3
රටේම	ratema:3
රණ	rana:3
රණකාමී	ranakami:2	ranakamee:1
රණතිසර	ranathisara:3
රණතුංග	ranathunga:2	ranatunga:1
රණබිම	ranabima:3
රණවක	ranawaka:2	ranavaka:1
රණවිරු	ranaviru:2	ranaweru:1
රණවිරුවන්	ranaviruvan:2	ranaviruwan:1
රණවිරුවන්ගේ	ranaviruvange:2	ranaviruwange:1
රණවිරුවා	ranaviruva:2	ranaviruwa:1
රණවීර	ranavira:2	ranaweera:1
රණශූර	ranasura:2	ranashura:1
රණශූරයෙකු	ranasurayeku:2	ranashurayeku:1
රණසිංහ	ranasinghe:5	ranasingha:2
රණසිංහගේ	ranasimhage:1	ranasinghage:1	ranasinghegae:1
රතනසාර	rathanasaara:1	rathanasara:1	rathnasara:1
රත්	rath:2	rat:1
රත්කර	rathkara:2	ratkara:1
රත්කළ	rathkala:2	ratkala:1
රත්තරං	rattaram:2	raththaran:1
රත්තරන්	raththaran:2	rattaran:1
රත්තොට	raththota:2	rattota:1
රත්න	rathna:2	ratna:1
රත්නපුර	rathnapura:2	ratnapura:2
රත්නපුරය	rathnapuraya:2	ratnapuraya:2
රත්නපුරයට	rathnapurayata:2	ratnapurayata:2
රත්නම්	rathnam:2	ratnam:1
රත්නය	rathnaya:2	ratnaya:1
රත්නසිරි	rathnasiri:2	ratnasiri:1
රත්නායක	ratnayaka:2	rathnayaka:1
රත්නාවලිය	ratnavaliya:2	rathnawaliya:1
රත්නාවලී	ratnavali:2	rathnawali:1
රත්මලාන	ratmalana:2	rathmalaana:1
රත්රන්	rathran:2	ratran:1
රත්වීම	ratvima:2	rathwima:1
රත්වු	ratvu:2	rathvu:1
රත්‍රං	rathran:1	ratram:1	ratran:1
රත්‍රන්	ratran:2	rathran:1
රතු	rathu:2	ratu:1
රතුවන්	rathuvan:1	rathuwan:1	ratuvan:1
රථ	ratha:3
රථය	rathaya:2	rathagaya:1
රථයක	rathayaka:3
රථයකට	rathayakata:3
රථයක්	rathayak:3
රථයකි	rathayaki:3
රථයකින්	rathayakin:3
රථයට	rathayata:3
රථයේ	rathaye:3
රථවලට	rathavalata:2	rathawalata:1
රථවාහන	rathavahana:2	rathawahana:1
රද	rada:3
රදගුරු	radaguru:3
රදගුරුතුමා	radaguruthuma:1	radaguruthumaa:1	radagurutuma:1
රදනක	radanaka:3
රදලයන්	radalayan:3	radhalayan:1
රදවා	randawa:3	radava:3	radawa:1
රදවාගෙන	radavagena:3	radawagena:1	radhavagen:1	radhawagena:1
රදළ	radala:3
රදළයන්	radalayan:3
රදා	randa:4	rada:2	radha:1
රදුන්	radun:3	radhun:1
රදුන්ගේ	radunge:3	radhunge:1
රන්	ran:2	run:1
රන්කාසි	rankasi:3
රන්කොත්	rankoth:2	rankot:1
රන්ගිරි	rangiri:3
රන්ජන්	ranjan:3
රන්ජනී	ranjani:2	ranjanee:1
රන්ජා	ranja:3
රන්දෙණිය	randeniya:3
රන්දෙනිය	randeniya:3
රන්දෝලි	randoli:3
රන්දෝලිය	randoliya:3
රන්න	ranna:3
රන්මසු	ranmasu:3
රන්වන්	ranvan:3	ranwan:1
රන්වල	ranvala:3	ranwala:1
රන්වීර්	ranveer:3	ranvir:2
රනා	rana:3
රනින්	ranin:3
රනිල්	ranil:3
රඳවන	randavana:2	radhavana:1	radhawana:1
රඳවා	randava:2	radhava:1	radhawa:1
රඳා	randa:2	radha:1
රබන්	raban:3
රබර්	rubber:3
රමණී	ramanee:2	ramani:1
රමණීය	ramaniya:2	ramaneeya:1
රමන්	raman:3
රමන්ගේ	ramange:3
රම්බා	ramba:3
රම්බොඩ	ramboda:3
රම්‍යා	ramya:3
රඹ	ramba:3
රඹුක්කන	rambukkana:2	rabukkana:1
රයන්	rayan:3
රයිගම	rayigama:2	raigama:1
රයිගම්	rayigam:2	raigam:1
රයිට්	right:3	write:2
රයින්	rhine:2	rayin:1	rine:1
රයිනා	rayina:2	raina:1
රයිනෝසිරස්	rhinoceros:2	rayinosiras:1
රයිබසෝම	raibasoma:2	rayibasoma:1
රයිස්	rice:3	rise:2
රයිෆල	rayifala:2	raifala:1
රයිෆලය	rayifalaya:2	rifalaya:1
රයිෆල්	rifle:3
රවටා	ravata:3	rawata:1
රවි	ravi:3
රවින්ද්‍ර	ravindra:3
රවිශෛලාශ	ravisailasa:2	ravisheilasha:1
රවිහාරි	ravihari:3
රවී	ravi:3	ravee:1
රවීගේ	ravige:3	raveege:1
රවීන්	ravin:2	raveen:1
රවීන්ද්‍ර	ravindra:2	raveendra:1
රවීන්ද්‍රනාත්	ravindranat:2	ravindranath:1
රවුමක්	ravumak:3
රවුමට	ravumata:3
රවුම්	ravum:3
රවුල්ගේ	ravulge:3
රශ්මි	rasmi:2	rashmi:1
රශ්මිය	rasmiya:2	rashmiya:1
රශ්මියෙන්	rasmiyen:2	rashmiyen:1
රස	rasa:3
රසට	rasata:3
රසදිය	rasadiya:3
රසම්	rasam:2	rasum:1
රසය	rasaya:3
රසයක්	rasayak:3
රසයකින්	rasayakin:3
රසයත්	rasayat:2	rasayath:1
රසයද	rasayada:3
රසයන්	rasayan:3
රසයයි	rasayayi:3
රසයෙන්	rasayen:3
රසල්	rasal:2	russell:1
රසවත්	rasavat:2	rasavath:1
රසවාහිනිය	rasavahiniya:3
රසවාහිනී	rasavahini:3
රසවින්දන	rasavindana:3
රසවින්දනය	rasavindanaya:3
රස්කින්	raskin:2	ruskin:1
රස්තියාදුකාර	rastiyadukara:2	rasthiyadukara:1
රස්නය	rasnaya:3
රස්නයක්	rasnayak:3
රස්සාවක්	rassavak:3
රසායන	rasayana:3
රසායනය	rasayanaya:3
රසායනයන්	rasayanayan:3
රසායනයේ	rasayanaye:3
රසායනාගාර	rasayanagara:3
රසායනාගාරය	rasayanagaraya:3
රසායනික	rasayanika:3
රසායනිකයන්	rasayanikayan:3
රසායනිකව	rasayanikava:3
රසාස්වාදය	rasasvadaya:3
රසිකයන්	rasikayan:3
රසිකයන්ගේ	rasikayange:3
රසිකයා	rasikaya:3
රහ	raha:3
රහතන්	rahathan:3	rahatan:2
රහතන්වහන්සේ	rahatanvahanse:3
රහත්	rahat:2	rahath:1
රහත්භාවයට	rahatbhavayata:3
රහතුන්	rahatun:2	rahathun:1
රහතුන්ගේ	rahatunge:2	rahathunge:1
රහමන්	rahaman:2	rahman:1
රහල්	rahal:3
රහස	rahasa:3
රහසක්ව	rahasakva:3
රහසකි	rahasaki:3
රහස්	rahas:3
රහස්ය	rahasya:3
රහස්‍ය	rahasya:3
රහස්‍යභාවය	rahasyabhavaya:3
රහසිගත	rahasigata:2	rahasigatha:1
රහසිගතව	rahasigatava:2	rahasigathava:1
රහසින්	rahasin:3
රහසේ	rahase:3
රහසේම	rahasema:3
රහ්මාන්	rahman:3
රහිත	rahitha:2	rahita:2
රහිතය	rahitaya:2	rahithaya:1
රහිතව	rahitava:2	rahithava:1
රහීම්	rahim:2	raheem:1
රළ	rala:3
රළු	ralu:2	ralhu:1
රෆායල්	rafael:2	rafayal:1
රා	ra:3
රාඕ	rao:3
රාක්ෂ	raksa:3
රාක්ෂයා	raksaya:3
රාග	raga:3
රාගධාරී	ragadhari:2	ragadharee:1
රාගම	ragama:3
රාගය	ragaya:3
රාගයෙන්	ragayen:3
රාගික	ragika:3
රාගිනී	ragini:2	raginee:1
රාගී	ragi:2	ragee:1
රාඡ්‍ය	rachya:2	rajya:1
රාජ	raja:3
රාජකාරි	rajakari:3
රාජකාරිය	rajakariya:3
රාජකාරියට	rajakariyata:3
රාජකාරියෙන්	rajakariyen:3
රාජකාරියේ	rajakariye:3
රාජකාරී	rajakari:2	rajakaree:1
රාජකාරීමය	rajakarimaya:2	rajakareemaya:1
රාජකීය	rajakeeya:6	rajakiya:2
රාජකීයත්වය	rajakiyatvaya:2	rajakeeyathwaya:1
රාජකීයන්	rajakiyan:3
රාජකීයයන්	rajakiyayan:3
රාජකීයයන්ගේ	rajakiyayange:3
රාජකීයයා	rajakiyaya:3
රාජගුරු	rajaguru:3
රාජතිලක	rajatilaka:3
රාජධානි	rajadhani:3
රාජධානිය	rajadaniya:7	rajadhaniya:3
රාජධානියක්	rajadhaniyak:3
රාජධානියට	rajadaniyata:2	rajadhaniyata:3
රාජධානියෙන්	rajadhaniyen:3
රාජධානියෙහි	rajadhaniyehi:3
රාජධානියේ	rajadhaniye:3
රාජධානිවල	rajadhanivala:3
රාජපක්ෂ	rajapaksha:4	rajapaksa:3
රාජපක්ෂගේ	rajapaksage:3
රාජපක්ෂට	rajapaksata:3
රාජපාක්ෂික	rajapaksika:2	rajapakshika:1
රාජමහා	rajamaha:3
රාජය	rajaya:3
රාජයා	rajaya:3
රාජරත්නම්	rajarathnam:2	rajaratnam:1
රාජරාජ	rajaraja:3
රාජවංශ	rajawansa:3	rajawansha:2	rajavansa:1
රාජවංශය	rajawanshaya:4	rajavansaya:1	rajavanshaya:1
රාජවංශයෙන්	rajawanshayen:2	rajavansayen:1
රාජවංශයෙහි	rajavamsayehi:1	rajavansayehi:1	rajawanshayehi:1
රාජවංශයේ	rajavamsaye:1	rajavansaye:1	rajawanshaye:1
රාජවංශික	rajavamsika:1	rajavansika:1	rajawanshika:1
රාජසන්තක	rajasantaka:2	rajasanthaka:1
රාජසභාව	rajasabhava:2	rajasabhawa:1
රාජසභාවේ	rajasabhave:3
රාජස්ථාන්	rajasthan:3
රාජසිංහ	rajasinghe:3	rajasinha:2	rajasingha:1
රාජසේකර	rajasekara:3
රාජ්	raj:3
රාජ්කුමාර්	rajkumar:3
රාජ්ජේ	rajje:3
රාජ්පුත්	rajput:2	rajputh:1
රාජ්ය	rajya:3
රාජ්‍ය	rajya:2	rajyay:1
රාජ්‍යක	rajyaka:3
රාජ්‍යක්	rajyak:3
රාජ්‍යත්වය	rajyatvaya:3
රාජ්‍යත්වයට	rajyatvayata:3
රාජ්‍යත්වයේ	rajyatvaye:3
රාජ්‍යතාන්ත්‍රික	rajyatantrika:3
රාජ්‍යය	rajyaya:3
රාජ්‍යයක	rajyayaka:3
රාජ්‍යයකට	rajyayakata:3
රාජ්‍යයක්	rajyak:2	rajyayak:3
රාජ්‍යයක්ව	rajyayakva:3
රාජ්‍යයකි	rajyayaki:3
රාජ්‍යයට	rajyayata:3
රාජ්‍යයන්	rajyayan:2	rajyayanta:1
රාජ්‍යයන්ගෙන්	rajyayangen:3
රාජ්‍යයන්ගේ	rajyayange:3
රාජ්‍යයන්ට	rajyayanta:3
රාජ්‍යයන්හි	rajyayanhi:3
රාජ්‍යයන්හී	rajyayanhi:3
රාජ්‍යයයි	rajyayayi:3
රාජ්‍යයෙන්	rajyayen:3
රාජ්‍යයෙහි	rajyayehi:3
රාජ්‍යයේ	rajyaye:3
රාජ්‍යවල	rajyavala:3
රාජා	rajah:2	raja:3
රාජාංගනය	rajanganaya:2	rajamganaya:1
රාජාණ්ඩු	rajandu:3
රාජාණ්ඩුව	rajanduva:3
රාජාණ්ඩුවක්	rajanduvak:3
රාජාභරණ	rajabharana:3
රාජාවලිය	rajavaliya:3
රාජු	raju:3
රාජුගේ	rajuge:3
රාජුව	rajuva:3	rajuwa:1
රාජේන්ද්‍ර	rajendra:3
රාජේන්ද්‍රන්	rajendran:3
රාණි	rani:3
රාණිගේ	ranige:3
රාත්තල්	rattal:2	raththal:1	ratthal:1
රාත්‍රි	rathri:2	ratri:1
රාත්‍රිය	rathriya:2	ratriya:1
රාත්‍රියෙන්	rathriyen:2	ratriyen:1
රාත්‍රියෙහි	ratriyehi:2	rathriyehi:1
රාත්‍රියේ	ratriye:2	rathriye:1
රාත්‍රියේදී	ratriyedi:2	rathriyedii:1
රාත්‍රී	rathri:4	ratri:2	rathrii:1
රාධා	radha:3
රාම	rama:3
රාමචන්ද්‍ර	ramachandra:2	ramacandra:1
රාමචන්ද්‍රන්	ramachandran:2	ramacandran:1
රාමඤ්ඤ	ramanna:2	ramanya:1
රාමනායක	ramanayaka:2	ramanayake:2
රාම්	ram:3
රාමා	rama:3
රාමායණය	ramayanaya:3
රාමායනය	ramayanaya:2	ramayanaye:1
රාමායනයේ	ramayanaye:3
රාමු	ramu:3
රාමුව	ramuva:3	ramuwa:1
රාමුවක	ramuvaka:3	ramuwaka:1
රාමුවකට	ramuvakata:3	ramuwakata:1
රාමුවක්	ramuwak:3	ramuvak:3
රාමුවෙන්	ramuven:2	ramuvan:1
රාමුවේ	ramuve:3
රායි	rayi:2	rayiye:1
රාවණා	ravana:3
රාවණාගේ	rawanage:2	ravanage:2	ravanagae:1
රාවන්	ravan:3
රාශි	rasi:2	rashi:1
රාශිය	rasiya:2	rashiya:1
රාශියක	rasiyaka:2	rashiyaka:1
රාශියකට	rasiyakata:2	rashiyakata:1
රාශියකම	rasiyakama:2	rashiyakma:1
රාශියක්	rasiyak:2	rashiyak:1
රාශියක්ද	rasiyakda:2	rashiyakda:1
රාශියක්ම	rasiyakma:2	rashiyakma:1
රාශියකි	rashiyaki:3	rasiyaki:2
රාශියකින්	rasiyakin:2	rashiyakin:1
රාශියට	rasiyata:2	rashiyata:1
රාශියයි	rasiyayi:2	rashiyayi:1
රාශියෙන්	rasiyen:2	rashiyen:1
රාශියේ	rasiye:2	rashiye:1
රාහු	rahu:3
රාහුල	rahula:3
රාළ	rala:3
රාළහාමි	ralahami:2	ralahamy:1
රැකගැනීම	raekagaenima:1	rekagaeniima:1	rekageniima:1
රැකව	raekava:1	rekava:1	rekawa:1
රැකවරණය	raekavaranaya:1	rekavaranaya:1	rekawaranaya:1
රැකවරණයක්	raekavaranayak:1	rekavaranayak:1	rekawaranayak:1
රැකවලෙහි	raekavalehi:1	rekavalehi:1	rekawalehi:1
රැකියාවක	raekiyavaka:1	rekiyavaka:1	rekiyawaka:1
රැඩිකල්වාදී	radikalwadee:1	radikalwadi:1	raedikalvadi:1
රැඳී	radee:1	radi:1	raendi:1
රැප්	rap:2	raep:1
රැම්	ram:2	raem:1
රැම්සාර්	ramsar:2	raemsar:1	ramsaar:1
රැල්ෆ්	raelf:1	ralf:1	ralph:1
රැස්	res:4	raes:1	ras:1
රැස්කර	raeskara:1	raskara:1	reskara:1
රැස්කරගත්	raeskaragath:1	raskaragath:1	reskaragath:1
රැස්කළ	raeskala:1	raskala:1	reskala:1
රැස්කිරීම	raeskirima:1	raskirima:1	reskirima:1
රිංගා	rimga:1	ringa:1	ringaa:1
රික්ත	riktha:2	rikta:1
රික්තක	riktaka:2	rikthaka:1
රික්තය	riktaya:2	rikthaya:1
රික්තයක්	riktayak:2	rikthayak:1
රිකිලි	rikili:3
රිකෝ	riko:3
රිචඩ්	richard:3	richad:2	ricad:1
රිචඩ්සන්	richadsan:1	richadson:1	richardsan:1
රිචර්ඩ්	richard:3
රිච්	ric:1	rich:1	richy:1
රිච්මන්ඩ්	richmond:3	richmand:1	ricmand:1
රිචී	richi:1	rici:1	ritchie:1
රිජ්වේ	ridgeway:2	rijve:1
රිටක්	ritak:3
රිටි	riti:3
රිටිගල	ritigala:3
රිටිපන්න	ritipanna:3
රිඩ්ලි	riddley:1	ridli:1	ridly:1
රිතික්	ritik:2	rithik:1
රිදම්	rhythm:2	ridam:1
රිදවීම	ridavima:3
රිද්දියාගය	riddiyagaya:3
රිද්මය	ridmaya:3
රිද්මයට	ridmayata:3
රිද්මයානුකූල	ridmayanukula:3
රිදි	ridi:3
රිදියෙන්	ridiyen:3
රිදී	ridee:3	ridi:3
රිපන්	ripan:3	ripon:1
රිපබ්ලිකන්	republican:3
රිප්	rip:3
රිපෝට්	report:3
රිබන්	ribbon:3
රිමාන්ඩ්	remand:3
රිය	riya:3
රියදුරා	riyadura:3
රියදුරු	riyaduru:3
රියදුරෙකු	riyadureku:3
රියන	riyana:3
රියනක්	riyanak:3
රියන්	riyan:3
රියාද්	riyadh:2	riyad:1
රියැලිටි	reality:3
රියේ	riye:3
රිවර්	river:3
රිවිර	rivira:3
රිසානා	risana:3	rizana:1
රිසි	risi:3
රිසියෙන්	risiyen:3
රිසිව	receiver:1	risise:1	risiva:1
රිසීවරය	risivaraya:2	receiveraya:1
රීගල්	rigal:2	regal:1
රීඩ්	read:2	rid:1
රීති	rithi:2	riti:1
රීතිය	rithiya:2	ritiya:1
රීතියක්	rithiyak:2	ritiyak:1
රීතියට	rithiyata:2	ritiyata:1
රීතිවලට	rithivalata:1	rithiwalata:1	ritivalata:1
රීතීන්	rithin:2	ritin:1
රීදී	ridi:2	ridee:1	ridhi:1
රුක	ruka:3
රුක්	ruk:3
රුක්මන්	rukman:3
රුකුල	rukula:3
රුකුලක්	rukulak:3
රුකුල්	rukul:3
රුකේ	ruke:3
රුගෙන	rugena:2	ragena:1	regena:1
රුචි	ruchi:2	ruci:1
රුචිකත්වය	ruchikathvaya:1	ruchikathwaya:1	rucikatvaya:1
රුචිකත්වයක්	ruchikathvayak:1	ruchikathwayak:1	rucikatvayak:1
රුචිකත්වයන්	ruchikathvayan:1	ruchikathwayan:1	rucikatvayan:1
රුචිය	ruciya:2	ruchiya:1
රුචිර	ruchira:2	rucira:1
රුඩොල්ෆ්	rudolf:3
රුද්‍ර	rudra:3
රුද්‍රිගු	rudrigu:3
රුදු	rudu:3
රුදුරු	ruduru:3
රුධිර	rudira:2	rudhira:3
රුධිරය	rudiraya:2	rudhiraya:2	ridhiraya:1
රුධිරයට	rudhirayata:2	rudhrayata:1
රුධිරයෙන්	rudhirayen:3
රුධිරයෙහි	rudhirayehi:3
රුධිරයේ	rudhiraye:3
රුපවාහිනී	rupavahini:3
රුපියල්	rupiyal:2	rupuyal:1
රුබෙල්ලා	rubella:3
රුම්	rum:2	room:1
රුමේනියානු	rumeniyanu:2	romaniyanu:1
රුමේනියාව	romeniyawa:2	rumeniyava:2	romaniava:1	romaniawa:1
රුව	ruwa:5	ruva:3
රුවක්	ruvak:3	ruwak:1
රුවකි	ruvaki:3	ruwaki:1
රුවත්	ruvath:2	ruvat:1	ruwath:1
රුවන්	ruvan:2	ruwan:1
රුවන්ඩා	ruvanda:1	ruwanda:1	rwanda:1
රුවන්ඩාව	ruvandava:2	ruwandava:1	ruwandawa:1
රුවන්ති	ruvanthi:2	ruvanti:1	ruwanthi:1
රුවන්වැල්ල	ruwanwella:2	ruvanvaella:1	ruwanvella:1
රුවන්වැලි	ruwanweli:2	ruvanvaeli:1	ruwanveli:1
රුවන්වැලිසෑය	ruvanvaelisaeya:1	ruvanveliseya:1	ruvanweliseya:1	ruwanveliseya:1
රුවනින්	ruvanin:3	ruwanin:1
රුවයි	ruvayi:2	ruvai:1	ruwai:1
රුවල්	ruval:3	ruwal:1
රුවින්	ruvin:2	ruwin:2
රුවෙන්	ruven:3	ruwen:1
රුසක්	rusak:3
රුස්	rus:1	rusa:1	russ:1
රුසියානු	rusiyanu:2	rusiyaanu:1
රුසියානුවන්	rusiyanuvan:3	rusiyanuwan:1
රුසියාව	russiawa:2	rusiyava:3	rusiyawa:1
රුසියාවට	rusiyavata:3	rusiyawata:1
රුසියාවෙහි	rusiyavehi:3	rusiyawehi:1
රුසියාවේ	rusiyawe:2	rusiyave:3
රුහුණ	ruhuna:3
රුහුණු	ruhunu:3
රුහුණෙහි	ruhunehi:3
රුහුණේ	ruhune:2	ruhuna:1
රූ	roo:6	ru:3
රූකඩ	rukada:3
රූකඩයක්	rukadayak:3
රූකාන්ත	rukantha:2	rukanta:1
රූගත	roogatha:5	rugatha:2	rugata:1
රූප	rupa:2	ruupa:1
රූපක	rupaka:3
රූපකාය	rupakaya:2	rupakaaya:1
රූපගත	rupagatha:2	rupagata:1
රූපගතකරණය	rupagathakaranaya:2	rupagatakaranaya:1
රූපණ	rupana:3
රූපද	rupada:3
රූපය	rupaya:3
රූපයක	rupayaka:3
රූපයක්	rupayak:3
රූපයකි	rupayaki:3
රූපයට	rupayata:3
රූපයද	rupayada:3
රූපයන්	rupayan:3
රූපයන්ගෙන්	rupayangen:3
රූපයන්ගේ	rupayange:3
රූපයයි	rupayayi:2	rupayay:1
රූපයෙන්	rupayen:3
රූපයේ	rupaye:3
රූපරාමු	ruparamu:3
රූපලාවන්ය	rupalavanya:3	rupalawanya:1
රූපලාවන්‍ය	rupalavanya:3	rupalawanya:1
රූපවල	rupavala:3	rupawala:1
රූපවාහිණි	rupavahini:3
රූපවාහිණී	rupavahini:3
රූපවාහිනි	rupavahini:3
රූපවාහිනිය	rupavahiniya:3
රූපවාහිනියෙන්	rupavahiniyen:3
රූපවාහිනියේ	rupavahiniye:3
රූපවාහිනී	rupavahini:3
රූපවාහිනීයේ	rupavahiniye:2	rupavahiniiye:1
රූපස්කන්ධය	rupaskandhaya:3
රූපා	rupa:2	roopa:1	rupaa:1
රූපාක්ෂර	rupakshara:2	rupaksara:1
රූපාකාර	rupakara:3
රූපික	rupika:4
රූබර	rubara:3
රූමත්	rumath:2	rumat:1
රූමතියන්	rumathiyan:2	rumatiyan:1
රූමස්සල	rumassala:3
රූල	rula:2	ruler:2
රූස්වෙල්ට්	roosevelt:2	rusvelt:1
රෙක්ස්	rex:2	reks:1
රෙකෝඩ	rekoda:2	recorda:1
රෙකෝඩ්	record:3
රෙගුලාසි	regulasi:3
රෙගුලාසීන්	regulasin:2	regulasiin:1
රෙජිමේන්තු	regimentu:1	rejimenthu:1	rejimentu:1
රෙජිමේන්තුව	regimenthuva:1	regimenthuwa:1	rejimenthuva:1	rejimentuva:1
රෙජිමේන්තුවට	regimentuvata:1	regimentuwata:1	rejimenthuvata:1	rejimentuvata:1
රෙජිමේන්තුවේ	regimentuve:1	regimentuwe:1	rejimenthuve:1	rejimentuve:1
රෙඩ්	red:3
රෙද්ද	redda:3
රෙද්දක්	reddak:3
රෙද්දෙහි	reddehi:3
රෙදි	redi:3
රෙදිපිළි	redipili:3
රෙපරමාදු	reparamadu:3
රෙබෙකා	rebecca:3	rebeca:1
රෙස්ලින්	wrestling:3
රේ	ray:2	re:1	rey:1
රේඛන	rekhana:3
රේඛනය	rekhanaya:3
රේඛා	rekha:3
රේඛාව	rekhava:3	rekhawa:1
රේඛාවක්	rekhavak:3	rekhawak:1
රේඛාවකින්	rekhavakin:3	rekhawakin:1
රේඛාවට	rekhavata:3	rekhawata:1
රේඛාවන්	rekhavan:3	rekhawan:1
රේඛාවෙන්	rekhaven:3	rekhawen:1
රේඛාවේ	rekhave:3	rekhawe:1
රේඛිය	rekhiya:3
රේඛීය	rekhiya:2	rekhiiya:1
රේඛීයව	regkiyava:1	rekhiiyava:1	rekhiiyawa:1	rekhiyava:1
රේගන්	regan:2	reagan:1
රේගුවේ	reguve:2	reguwe:1
රේචල්	rachal:1	rachel:1	recal:1	rechal:1
රේඩාරය	redaraya:3
රේඩාර්	radar:2	redar:1
රේඩියම්	radium:2	rediyam:1
රේඩියෝ	radio:2	rediyo:1
රේඩියෝවක්	rediyovak:2	radiovak:1	radiowak:1
රේණු	renu:3
රේණුකා	renuka:3
රේන්ද	renda:2	rendha:1
රේමන්	reman:2	rayman:1	reyman:1
රේල්	rail:2	rel:1
රේවත	revatha:2	revata:1	rewatha:1
රේස්	race:2	res:1
රොකට්	rocket:2	rokat:1
රොකට්ටු	rokattu:2	rockettu:1
රොකට්ටුවක්	rokattuvak:2	rockettuvak:1	rockettuwak:1
රොකෆෙලර්	rockefeller:1	rockerfeller:1	rokafelar:1
රොක්	rok:2	rock:1
රොජර්	roger:2	rojar:1
රොජර්ස්	rogers:2	rojars:1
රොටි	roti:3
රොඩ්නි	rodni:2	rodney:1
රොඩී	rodee:2	roddie:1	rodi:1	rodii:1
රොඩු	rodu:3
රොත්ස්චයිල්ඩ්	rothschild:2	rothschayild:1
රොද	roda:2	rodha:1
රොනල්ඩ්	ronald:3
රොන්	ron:3
රොන්මඩ	ronmada:3
රොනී	roni:2	ronii:1
රොබට්	robat:2	robert:1
රොබට්ගේ	robatge:2	robertge:1
රොබට්සන්	robertson:2	robatsan:1
රොබට්ස්	roberts:2	robats:1
රොබර්ට්	robart:2	robert:1
රොබ්	rob:3
රොබින්	robin:3
රොබින්සන්	robinson:2	robinsan:1
රොබෝ	robo:3	robot:1
රොබෝව	robova:3	robowa:1
රොබෝවන්	robovan:3	robowan:1
රොමැන්ටික්	romantic:3
රොමේෂ්	romesh:2	romes:1
රොෂාන්	roshan:2	rosan:1
රොෂාන්ගේ	roshange:2	rosange:1
රොසලින්	rosalin:3
රොස්	ros:2	rose:1
රොහාන්	rohan:3
රෝ	row:2	raw:1
රෝග	roga:3
රෝගකාරක	rogakaraka:2	rogakaaraka:1
රෝගකාරකය	rogakarakaya:2	rogakaarakaya:1
රෝගද	rogada:3
රෝගය	rogaya:3
රෝගයක	rogayaka:3
රෝගයකට	rogayakata:3
රෝගයක්	rogayak:3
රෝගයකි	rogayaki:3
රෝගයකින්	rogayakin:3
රෝගයට	rogayata:3
රෝගයන්	rogayan:3
රෝගයන්ගෙන්	rogayangen:3
රෝගයන්ට	rogayanta:3
රෝගයයි	rogayayi:3	rogayai:1
රෝගයෙන්	rogayen:3
රෝගයේ	rogaye:3
රෝගවල	rogavala:3	rogawala:1
රෝගවලට	rogavalata:3	rogawalata:1
රෝගවලින්	rogavalin:3	rogawalin:1
රෝගාතුර	rogaathura:1	rogathura:1	rogatura:1
රෝගාතුරව	rogaathuruva:1	rogaathuruwa:1	rogathurava:1	rogaturava:1
රෝගාබාධ	rogabadha:2	rogaabaadha:1
රෝගාබාධයන්ට	rogabadhayanta:2	rogaabaadhayanta:1
රෝගින්	rogin:3
රෝගින්ට	roginta:3
රෝගියා	rogiya:3
රෝගියාගේ	rogiyage:3
රෝගියාට	rogiyata:2	rogiyaata:1
රෝගියෙක්	rogiyek:3
රෝගියෙකු	rogiyeku:3
රෝගියෙකුගේ	rogiyekuge:3
රෝගී	rogi:2	rogii:1
රෝගීන්	rogin:2	rogiin:1
රෝගීන්ගෙන්	rogingen:2	rogiingen:1
රෝගීන්ගේ	roginge:2	rogiinge:1
රෝගීන්ට	rogeenta:3	roginta:2	rogiinta:1
රෝගීව	rogiva:2	rogiiva:1	rogiiwa:1
රෝඩ්	road:2	rod:1
රෝද	roda:2	rodha:1
රෝදය	rodaya:2	rodhaya:1
රෝදයක	rodayaka:2	rodhayaka:1
රෝන්	ron:2	rone:1
රෝපණය	ropanaya:3
රෝපණයට	ropanayata:3
රෝම	roma:3
රෝමන්	roman:3
රෝමය	romaya:3
රෝමයට	romayata:3
රෝමයේ	romaye:3
රෝමවරු	romavaru:3
රෝම්	rom:2	rome:1
රෝමානු	romanu:3
රෝමානුක	romanuka:3
රෝමානුවන්	romanuvan:3
රෝමානුවෝ	romanuvo:3
රෝමියෝ	romeo:3	romiyo:1
රෝයල්	royal:3
රෝයි	roy:2	royi:1
රෝලන්ඩ්	roland:3
රෝල්	roll:2	rol:1	role:1
රෝවරය	rovaraya:3
රෝව්ලින්ග්	rovling:1	rowling:1	rowlinge:1
රෝෂන්	roshan:3
රෝස	rosa:3
රෝසමල්	rosamal:3
රෝස්	rose:2	ros:1
රෝසි	rosy:2	rosi:1
රෝසිගේ	rosige:2	rosyge:1
රෝහණ	rohana:3
රෝහන	rohana:3
රෝහල	rohala:3
රෝහලක්	rohalak:3
රෝහලට	rohalata:3
රෝහල්	rohal:3
රෝහලින්	rohalin:3
රෝහලෙන්	rohalen:3
රෝහලේ	rohale:3
රෝහිණී	rohini:3
රෝහිත	rohitha:3
රෝහිත්	rohith:2	rohit:1
රෞද්‍ර	raudra:3
ල	la:3
ලං	lam:1	lan:1	lang:1
ලංකන්	lankan:2	lamkan:1
ලංකවේ	lankave:2	lamkave:1	lankawe:1
ලංකා	lanka:3
ලංකාගමනය	lankagamanaya:3
ලංකාතිලක	lankathilaka:2	lankatilaka:1
ලංකාතිලකය	lamkathilakaya:1	lankathilakaya:1	lankatilakaya:1
ලංකාද්වීපයෙහි	lamkadvipayehi:1	lankadhveepayehi:1	lankadhweepayehi:1	lankadvipayehi:1
ලංකාදීප	lakadeepa:1	lankadeepa:1	lankadipa:1
ලංකාදීපය	lamkadipaya:1	lankadeepaya:1	lankadipaya:1
ලංකාපුර	lankapura:3	lamkapura:1
ලංකාපුරය	lankapuraya:2	lamkapuraya:1
ලංකාපුරයට	lankapurayata:2	lamkapurayata:1
ලංකාරාමය	lankaramaya:3
ලංකාලෝකය	lankalokaya:2	lamkalokaya:1
ලංකාව	lankawa:18	lankava:1	lavkava:1
ලංකාවට	lankawata:8	lamkavata:1	lankavata:1
ලංකාවටම	lamkavatama:1	lankavatama:1	lankawatama:1
ලංකාවෙ	lamkave:1	lankave:1	lankawe:1
ලංකාවෙන්	lamkaven:1	lankaven:1	lankawen:1
ලංකාවෙහි	lamkavehi:1	lankavehi:1	lankawehi:1
ලංකාවේ	lankawe:61	lamkave:1	lankave:1
ලංකාවේද	lamkaveda:1	lankaveda:1	lankaweda:1
ලංකාවේදී	lamkavedi:1	lankavedi:1	lankawedi:1
ලංකික	lankika:2	lamkika:1
ලංඩන්	london:3
ලංවී	lamvi:1	lanvi:1	lanwee:1	lanwi:1
ලංසි	lansi:3
ලංසු	lansu:3
ලක්	lak:3
ලක්කර	lakkara:3
ලක්කරන	lakkarana:3
ලක්කරයි	lakkarayi:2	lakkarai:1
ලක්කළේ	lakkale:3
ලක්කිරීම	lakkirima:3
ලක්කොට	lakkota:3
ලක්ඛණ	lakkhana:2	lakkana:1
ලක්දිව	lakdiwa:5	lakdiva:2	lakdhiva:1
ලක්දිවට	lakdhivata:1	lakdiva:1	lakdivata:1	lakdiwa:1
ලක්නව්	lucknow:2	laknaw:1
ලක්බිම	lakbima:3
ලක්බිමට	lakbimata:3
ලක්මිණි	lakmini:3
ලක්ව	lakva:2	lakwa:1
ලක්වන	lakwana:3	lakvana:2
ලක්වන්නට	lakvannata:2	lakwannata:1
ලක්වන්නේ	lakvanne:2	lakwanne:1
ලක්වනු	lakvanu:2	lakwanu:1
ලක්විය	lakwiya:5	lakviya:2
ලක්වී	lakvi:2	lakwee:1	lakwi:1
ලක්වීම	lakvima:2	lakweema:1
ලක්වීමට	lakvimata:2	lakweemata:1	lakwimata:1
ලක්වීමයි	lakvimayi:2	lakweemai:1	lakwimai:1
ලක්වීමෙන්	lakvimen:2	lakweemen:1	lakwimen:1
ලක්වු	lakvu:3
ලක්වුනු	lakvunu:2	lavunu:1
ලක්වූ	lakwu:2	lakvu:3
ලක්වූයේ	lakvuye:3
ලක්වූහ	lakvuha:3
ලක්වෙමින්	lakvemin:2	lakwemin:1
ලක්වෙයි	lakveyi:2	lakwei:1
ලක්වේ	lakve:2	lakwe:1
ලක්ෂ	laksha:2	laksa:1
ලක්ෂණ	lakshana:2	laksana:1
ලක්ෂණද	lakshanada:2	laksanada:1
ලක්ෂණනය	lakshanaya:2	laksananaya:1
ලක්ෂණය	lakshanaya:2	laksanaya:1
ලක්ෂණයක්	lakshanayak:2	laksanayak:1
ලක්ෂණයකි	lakshanayaki:2	laksanayaki:1
ලක්ෂණයන්	lakshanayan:2	laksanayan:1
ලක්ෂණවලට	laksanavalata:1	lakshanavalata:1	lakshanawalata:1
ලක්ෂණවලින්	laksanavalin:1	lakshanavalin:1	lakshanawalin:1
ලක්ෂය	lakshaya:2	laksaya:1
ලක්ෂයකට	lakshayakata:2	laksayakata:1
ලක්ෂයක්	lakshayak:2	laksayak:1
ලක්ෂ්මන්	lakshman:2	laksman:1
ලක්ෂ්මි	lakshmi:2	laksmi:1	laxmi:1
ලක්ෂ්මී	laksmi:2	lakshmi:1	laxmi:1
ලක්ෂ්‍ය	lakshaya:2	lakshya:2	laksya:1
ලක්ෂ්‍යය	lakshayaya:1	lakshyaya:1	laksyaya:1
ලක්ෂ්‍යයක්	lakshayayak:1	lakshsyayak:1	laksyayak:1
ලක්ෂ්‍යයට	lakshayayata:1	lakshyayata:1	laksyayata:1
ලක්ෂ්‍යයන්	lakshayayan:1	lakshyayan:1	laksyayan:1
ලක්ෂ්‍යයයි	lakshayayai:1	lakshyayi:1	laksyayayi:1
ලක්ෂ්‍යයේ	lakshayayae:1	lakshyaye:1	laksyaye:1
ලක්ෂීය	lakshiya:2	laksheeya:1	laksiya:1
ලක්සම්බර්ග්	luxembourg:2	laksambarg:1	luxsembourg:1
ලකී	lucky:2	laki:1
ලකුණ	lakuna:3
ලකුණක්	lakunak:3
ලකුණින්	lakunin:3
ලකුණු	lakunu:3
ලග්න	lagna:3
ලගින	lagina:3
ලගින්	lagin:3
ලඝු	laghu:3
ලඝුගණක	laghuganaka:3
ලඟ	langa:3
ලඟට	langata:3
ලඟදීම	langadima:3
ලඟම	langama:3
ලඟා	langa:3
ලඟාකර	langakara:3
ලඟාවිය	langaviya:3
ලඟාවීමට	langavimata:3
ලඟාවීමේ	langavime:3
ලජ්ජා	lajja:3
ලඩ්ඩු	laddu:3
ලණු	lanu:3
ලණුව	lanuva:2	lanuwa:1
ලත්	lath:2	lat:1
ලතා	lata:2	latha:2
ලතාට	latata:2	lathata:2
ලතින්	lathin:4	latin:2
ලතෝනි	lathoni:2	latoni:1
ලද	lada:3
ලදහ	ladaha:3
ලද්ද	ladda:3
ලද්දක්	laddak:3
ලද්දකි	laddaki:3
ලද්දා	ladda:2	laddha:1
ලද්දාවූ	laddavu:2	laddhavu:1
ලද්දීය	laddiya:2	laddhiya:1
ලද්දෙක්	laddek:2	laddhek:1
ලද්දේ	ladde:2	laddhe:1
ලද්දේය	laddeya:2	laddheya:1
ලදි	ladee:13	ladi:3
ලදියි	ladiyi:2	ladei:1	ladi:1
ලදී	ladi:3	ladee:1
ලදුව	laduva:2	laduwa:1
ලදුවත්	laduvat:1	laduvath:1	laduwath:1
ලන	lana:3
ලන්කන්	lankan:3
ලන්ඩනය	landanaya:2	londonaya:1
ලන්ඩනයට	landanayata:2	londonayata:1
ලන්ඩනයෙහි	landanayehi:2	londonayehi:1
ලන්ඩනයේ	londonaye:4	landanaya:1	landanaye:1
ලන්ඩනයේදී	landanayedi:2	londonayedi:1
ලන්ඩන්	london:2	landan:1
ලන්ඩන්හි	landanhi:2	londonhi:1
ලන්දේසි	landesi:3
ලන්දේසින්	landesin:2	landein:1
ලන්දේසීන්	landesin:2	landesingen:1
ලන්දේසීන්ගේ	landesinge:3
ලන්දේසීන්ට	landesinta:3
ලන්දේසීහු	landesihu:3
ලන්සුව	lansuva:2	lansuwa:1
ලනු	lanu:3
ලඳ	landa:2	lada:1
ලඳු	landu:2	ladhu:1	ladu:1
ලප	lapa:3
ලපයක්	lapayak:3
ලබති	labathi:2	labati:1
ලබන	labana:3
ලබනවා	labanawa:2	labanava:2
ලබන්න	labanna:3
ලබන්නකි	labannaki:3
ලබන්නට	labannata:3
ලබන්නන්	labannan:3
ලබන්නා	labanna:3
ලබන්නාගේ	labannage:3
ලබන්නාට	labannata:3
ලබන්නාවු	labannavu:3
ලබන්නාවූ	labannavu:2	labanavu:1
ලබන්නේ	labanne:3
ලබන්නේය	labanneya:3
ලබනා	labana:3	labanaa:1
ලබනු	labanu:3
ලබනුයේ	labanuye:3
ලබමින්	labamin:3
ලබමිනි	labamini:3
ලබයි	labai:18	labayi:2
ලබලා	labala:3	labalaa:1
ලබ්ධිකයින්ගේ	labdhikayinge:2	labdhikayange:1
ලබා	laba:3	labha:1
ලබාගත	labagatha:2	labagata:1
ලබාගත්	labagath:2	labagat:1
ලබාගත්තේ	labagaththe:2	labagatte:1
ලබාගත්තේය	labagaththaeya:1	labagaththeya:1	labagatteya:1
ලබාගන්න	labaganna:3
ලබාගන්නා	labaganna:3
ලබාගන්නේ	labaganne:3
ලබාගනී	labagani:3	labaganee:1
ලබාගනු	labaganu:3
ලබාගෙන	labagena:3
ලබාදිය	labadiya:3
ලබාදී	labadi:3	labadee:1
ලබාදීම	labadeema:4	labadima:3
ලබාදීමට	labadimata:3
ලබාදීමටත්	labadimatath:2	labadimatat:1
ලබාදීමයි	labadimayi:2	labademai:1
ලබාදීමෙන්	labadimen:3
ලබාදීමේ	labadime:2	labadeeme:1
ලබාදුන්	labadun:3
ලබාදුන්නා	labadunna:3
ලබාදුන්නේ	labadunne:2	labadhunne:1
ලබාදුන්හ	labadunha:2	labadhunha:1
ලබාදුනි	labaduni:2	labadhuni:1
ලබාදෙති	labadethi:1	labadeti:1	labadhethi:1
ලබාදෙන	labadena:2	labadhena:1
ලබාදෙන්නේ	labadhenne:2	labadenne:1
ලබාදෙනු	labadenu:2	labadhenu:1
ලබාදෙමින්	labademin:2	labadhemin:1
ලබාදේ	labade:2	labadhe:2
ලබු	labu:3
ලබෙන	labena:3
ලම්බකව	lambakava:3	lambakawa:1
ලම්භකව	lambhakava:3	lambhakawa:1
ලය	laya:2	liar:1
ලයනල්	layanal:2	lional:1
ලයන්ස්	lions:3
ලයිකන	layikana:2	laikana:1
ලයිකා	layika:2	laika:1
ලයිකාගේ	laikage:2	layikage:1
ලයින්	layin:2	line:1
ලයින්ස්	layins:2	lines:1
ලයිබීරියාව	layibiriyava:2	liberiava:1	liberiawa:1
ලයිව්	live:2	layiv:1
ලයිස්තුව	layistuva:2	laisthuva:1	laisthuwa:1
ලයිස්තුවක්	layistuvak:2	laisthuvak:1	laisthuwak:1
ලයිසියම්	lyceum:3
ලයිෆ්	life:3
ලලාට	lalata:3
ලලිත	lalitha:2	lalita:1
ලලිත්	lalith:2	lalit:1
ලලිතා	lalitha:2	lalita:1
ලවණ	lawana:2	lavana:3
ලවණතාවය	lavanathavaya:2	lavanatavaya:1	lavanathawaya:1	lawanathavaya:1
ලවනය	lavanaya:3	lawanaya:1
ලවර්	lover:2	lavar:1
ලවා	lawa:2	lava:3
ලසන්ත	lasantha:2	lasanta:1
ලසන්ති	lasanthi:2	lasanti:1
ලස්සන	lassana:3
ලස්සනයි	lassanayi:2	lassanai:1
ලසිත්	lasith:2	lasit:1
ලෆීර්	lafir:2	lafeer:1
ලා	la:2	laa:1
ලාංකික	lankika:3
ලාංකිකයන්	lankikayan:3
ලාංකිකයන්ගේ	lankikayange:3
ලාංකිකයා	lankikaya:3
ලාංකිකයින්	lankikayin:3
ලාංකිකයින්ගේ	lankikayinge:3
ලාංකිකයෝ	lankikayo:3
ලාංකිය	lankiya:3
ලාංකීය	lankiya:3
ලාංකේය	lankeya:3
ලාංඡන	lanchana:2	langchana:1
ලාංඡනය	lanchanaya:2	langchanaya:1
ලාංඡනයයි	lanchanayayi:1	langchanayai:1	langchanayayi:1	lanjanayayi:1
ලාඕසය	laosaya:3
ලාඕස්	laos:3
ලාකඩ	lakada:3
ලාක්ෂණික	lakshanika:2	laksanika:1
ලාඩන්	ladan:2	laden:1
ලාඩ්න්	laden:2	ladn:1
ලාබ	laba:3
ලාබදායී	labadayi:3
ලාබාල	labala:3
ලාබාලතම	labalathama:2	labalatama:1
ලාබාලම	labalama:3
ලාභ	labha:3
ලාභදායිත්වය	labhadaithvaya:1	labhadayithvaya:1	labhadayithwaya:1	labhadayitvaya:1
ලාභදායී	labhadayi:2	labhadayii:1
ලාභය	labhaya:3
ලාභයක්	labhayak:3
ලාභයට	labhayata:3
ලාභාංශ	labansha:1	labhangsha:1	labhansa:1
ලාභියා	labhiya:2	labiya:1
ලාභී	labhi:2	labii:1
ලාභීන්	labhin:2	labiin:1
ලාමක	lamaka:3
ලාම්පු	lampu:3
ලාම්පුව	lampuva:3	lampuwa:1
ලාම්පුවෙහි	lampuvehi:3	lampuwehi:1
ලාමා	lama:2	llama:1
ලාල්	lal:3
ලාවා	lava:3
ලාහුගල	lahugala:3
ලැකර්	lacker:1	lacquer:1	laekar:1
ලැක්ටික්	lactic:2	laektik:1
ලැඛෙන්නේ	laekenne:1	laekhennee:1	lekenne:1
ලැම්බට්	lambert:2	laembat:1
ලැරී	larry:2	laree:1
ලැව්ගිනි	laevgini:1	lavgini:1	lawgini:1
ලැවෝෂියර්	lavoisier:2	laevoshiyar:1	lavoshiyar:1	lawoshiyar:1
ලැවෝෂියර්ගේ	laevoshiyarge:1	lavoisierge:1	lavoshiyarge:1	lawoshiyarge:1
ලැස්වෙල්	laesvel:1	lasswell:1	lasvel:1	laswel:1
ලැස්වේල්	laesvel:1	lasswell:1	lasvel:1	laswel:1
ලැසාස්ෆෙල්ඩ්	laesasfeld:1	lasasfeld:1	lazarsfeld:1
ලි	li:3
ලිං	lin:2	lim:1
ලිංග	linga:2	limga:1
ලිංගභේදය	lingabhedaya:2	limgabhedaya:1
ලිංගය	lingaya:2	limgaya:1
ලිංගයක්	lingayak:2	limgayak:1
ලිංගාශ්‍රිත	limgasrita:1	lingashritha:1	lingasrita:1
ලිංගික	lingika:2	limgika:1
ලිංගිකත්වය	limgikatvaya:1	lingikathvaya:1	lingikatvaya:1
ලිංගිකමය	lingikamaya:2	limgikamaya:1
ලිංගිකයන්	lingikayan:2	limgikayan:1
ලිංගිකව	lingikava:2	limgikava:1
ලිංගේන්ද්‍රිය	lingendriya:2	limgendriya:1
ලිඛිත	likhita:2	likhitha:1
ලිඛිතමය	likhitamaya:2	likhithamaya:1
ලිඛිතව	likhitava:2	likhithava:1
ලිච්චවී	licchavi:1	lichavi:1	lichchavee:1	lichchavi:1
ලිච්චවීවරුන්	liccavivarun:1	lichchaveewarun:1	lichchvivarun:1
ලිච්ඡවි	lichchavi:2	icchavi:1	lichavi:1	lichchhavi:1
ලිට්මස්	litmas:2	litmus:2
ලිට්ල්	little:2	litl:1
ලිත්	lith:2	lit:1
ලිතියම්	lithium:2	lithiyam:2
ලිතුවේනියාව	lithuania:1	lithuveniyava:1	lithuveniyawa:1	lituveniyava:1
ලිනක්ස්	linux:3	linaks:1
ලිනන්	linen:3
ලිනස්	linus:2	linas:1
ලින්	lin:3
ලින්කන්	lincoln:3	lincon:1	linkan:1
ලින්කන්ගේ	linkange:3	lincolnge:1
ලින්ඩන්	lyndon:2	lindan:1	lindon:1
ලින්ඩ්ග්‍රෙන්	lindgren:3
ලින්ඩා	linda:3
ලිනෙයස්	lineyas:3	linaes:1	linnaeus:1
ලිඳ	linda:3	lida:1
ලිඳෙන්	linden:3	liden:1
ලිප	lipa:3
ලිපක්	lipak:3
ලිපට	lipata:3
ලිප්ටන්	lipton:2	liptan:1
ලිපි	lipi:3
ලිපිකරු	lipikaru:3
ලිපිකරුවන්	lipikaruvan:2	lipikaruwan:1
ලිපිගොනු	lipigonu:3
ලිපිගොනුව	lipigonuva:2	lipigonuwa:1
ලිපිඩ	lipida:3
ලිපින	lipina:3
ලිපිනය	lipinaya:3
ලිපිනයක්	lipinayak:3
ලිපිනයන්	lipinayan:3
ලිපිය	lipiya:3
ලිපියක	lipiyaka:3
ලිපියක්	lipiyak:3
ලිපියක්ද	lipiyakda:3
ලිපියකින්	lipiyakin:3
ලිපියට	lipiyata:3
ලිපියයි	lipiyayi:2	lipiyai:1
ලිපියෙන්	lipiyen:3
ලිපියෙහි	lipiyehi:3
ලිපියේ	lipiye:3
ලිපිලේඛන	lipilekhana:2	lipilekana:1
ලිපිවල	lipivala:2	lipiwala:1
ලිපිවලට	lipivalata:2	lipiwalata:1
ලිපිවලින්	lipivalin:2	lipiwalin:1
ලිපෙන්	lipen:3
ලිපේ	lipe:3
ලිබරල්	liberal:3
ලිබියානු	libiyanu:3
ලිබියාව	libiyava:2	libiyawa:1
ලිබියාවට	libiyavata:2	libiyawata:1
ලිමිටඩ්	limited:3
ලිය	liya:3
ලියක්	liyak:3
ලියකියවිලි	liyakiyawili:3	liyakiyavili:2
ලියන	liyana:3
ලියනගේ	liyanage:3
ලියනය	liyanaya:3
ලියන්	liyan:3
ලියන්න	liyanna:3
ලියන්නට	liyannata:3
ලියන්නේ	liyanne:3
ලියනාඩෝ	liyanado:3
ලියනු	liyanu:3
ලියපු	liyapu:3
ලියමනක්	liyamanak:3
ලියමින්	liyamin:3
ලියයි	liyayi:2	liyai:1
ලියර්	liyar:2	lear:1
ලියවි	liyavi:2	liyawi:1
ලියවිල්ල	liyavilla:2	liyawilla:1
ලියවිල්ලක්	liyavillak:2	liyawillak:1
ලියවිල්ලකි	liyavillaki:2	liyawillaki:1
ලියවිල්ලේ	liyaville:2	liyawille:1
ලියවිලි	liyavili:2	liyawili:1
ලියවී	liyavi:2	liyawee:1	liyawi:1
ලියවීම	liyavima:2	liyawima:1
ලියවුණු	liyavunu:3
ලියවුනු	liyavunu:3
ලියා	liya:3
ලියාගත්	liyagath:2	liyagat:1
ලියාපදිංචි	liyapadinchi:2	liyapadinci:1
ලියාපදිංචිය	liyapadinchiya:2	liyapadinciya:1
ලියැවී	liyaevi:1	liyawee:1	liyawi:1
ලියු	liyu:3
ලියුම	liyuma:3
ලියුම්	liyum:3
ලියුවේය	liyuveya:2	liyuweya:1
ලියූ	liyu:3
ලියූහ	liyuha:3
ලියොන්	liyon:2	leon:1
ලියෝ	liyo:2	leo:1	lio:1
ලියෝන්	liyon:3	leon:1
ලිලියන්	liliyan:3
ලිලී	lili:2	lilee:1	lilly:1	lily:1
ලිවිම	livima:2	liwima:1
ලිවිමට	livimata:2	liwimata:1
ලිවිමේ	livime:2	liwime:1
ලිවිය	liviya:2	liwiya:1
ලිවීම	livima:2	liweema:1	liwima:1
ලිවීමට	livimata:2	liwimata:1
ලිවීමටත්	livimatat:1	livimatath:1	liwimatath:1
ලිවීම්	livim:2	liweem:1	liwim:1
ලිවීමෙන්	livimen:2	liweemen:1	liwimen:1
ලිවීමෙනි	livimeni:2	liweemeni:1	liwimeni:1
ලිවීමේ	livime:2	liwime:1
ලිවීමේදී	livimedi:2	liwimedi:1
ලිවීය	liviya:2	liweeya:1	liwiya:1
ලිවු	livu:2	liwu:1
ලිවූ	livu:1	liwu:1	luvu:1
ලිස්බන්	lisban:2	lisbon:1
ලිස්සන	lissana:3
ලිස්සා	lissa:3
ලිස්සායාම	lissayama:2	lissiyama:1
ලිහා	liha:3
ලිහිණි	lihini:3
ලිහිණියන්	lihiniyan:3
ලිහිල්	lihil:3
ලිහිල්ව	lihilva:2	lihilwa:1
ලිහිසි	lihisi:3
ලී	li:3	lee:2
ලීගය	ligaya:2	leegaya:1
ලීගයේ	ligaye:2	leagueye:1
ලීග්	league:3
ලීච්	leach:2	leech:1	lich:1
ලීටර	litara:2	litera:1
ලීටරයට	litarayata:2	literayata:1
ලීටර්	liter:2	litre:1
ලීඩර්	leader:3
ලීඩ්ස්	leads:2	leeds:1
ලීඩ්ස්හි	lidshi:2	leedshi:1
ලීන්	lean:2	leen:1	lin:1
ලීනා	leena:2	lina:2
ලීම	lima:3	leema:1
ලීය	liya:3	leeya:1
ලීයක්	liyak:3	leeyak:1
ලීයෙන්	liyen:3	leeyen:1
ලීලා	leela:2	lila:1
ලීලානන්ද	leelananda:2	lilananda:2
ලීලාව	lilava:2	leelawa:1	lilawa:1
ලීලාවති	leelavathi:1	leelawathi:1	lilavati:1	lilawathi:1
ලීලාවතී	leelavathee:1	leelawathi:1	lilavati:1	lilawathi:1
ලීවේය	liveya:2	leeweya:1
ලීසා	leesa:2	leeza:1	lisa:1	liza:1
ලු	lu:3
ලුකස්	lukas:2	lookas:1	lucas:1
ලුක්	look:3
ලුටන්	lutan:2	luton:1
ලුඩ්වික්	ludvik:2	ludwig:1	ludwik:1
ලුණු	lunu:3
ලුණුගම	lunugama:3
ලුණුගල	lunugala:3
ලුණුදෙහි	lunudehi:3
ලුතිනන්	lutheran:1	luthinan:1	lutinan:1
ලුතිනන්වරයෙකු	luthinanvarayeku:1	luthinanwarayeku:1	lutinanvarayeku:1
ලුනා	luna:3
ලුනු	lunu:3
ලුනුගම්වෙහෙර	lunugamvehera:3	lunugamwehera:1
ලුම්බිණිය	lumbiniya:3
ලුයිස්	luis:2	luyis:1
ලුවි	luvi:2	luwi:1
ලුවිස්	luvis:2	luwis:1
ලුවී	luvi:2	luvee:1	luwee:1
ලුසියා	lusiya:3	lucia:1
ලුසිෆර්	lucifer:3	lusipher:1
ලුහු	luhu:3
ලුහුඬින්	luhundin:2	luhudin:1
ලුහුඬු	luhundu:2	luhudu:1
ලූ	lu:2	loo:1
ලූක්	look:3
ලූඩ්විග්	ludwig:2	ludvig:1
ලූණු	lunu:2	loonu:1
ලූතර්	luthar:2	luther:2
ලූවිස්	lewis:1	loowis:1	louise:1	luvis:1
ලෙ	le:3
ලෙක්සින්ග්ටන්	lexington:3	leksington:1
ලෙටර්	letter:3
ලෙඩ	leda:3
ලෙඩරෝග	ledaroga:3
ලෙඩවීම	ledavima:1	ledaweema:1	ledawima:1
ලෙඩ්	lead:3	led:2
ලෙඩේ	lede:3
ලෙදර්	leather:3
ලෙන	lena:3
ලෙනක	lenaka:3
ලෙනට	lenata:3
ලෙන්	len:3
ලෙන්වල	lenwala:3	lenvala:2
ලෙනාඩ්	lenard:2	lenad:1
ලෙනාර්ඩ්	lenard:3
ලෙනින්	lenin:3
ලෙනී	leni:3	lenee:2
ලෙනෙන්	lenen:3
ලෙනෙහි	lenehi:2	lehehi:1
ලෙනේ	lene:3
ලෙප්ටෝන	leptona:3
ලෙබනනය	lebananaya:2	lebanonaya:1
ලෙබනනයේ	lebananaye:2	lebanonaye:1
ලෙබනන්	lebanon:3
ලෙබ්බේ	lebbe:3	lebbhe:1
ලෙමන්	lemon:2	leman:1
ලෙයා	leya:3
ලෙයින්	leyin:3
ලෙල්ල	lella:3
ලෙලි	leli:3
ලෙලුම්	lelum:3
ලෙව	leva:2	lewa:1
ලෙවින්	levin:3	lewin:1
ලෙවින්ගේ	levinge:3	lewinge:1
ලෙවිස්	levis:3	lewis:1
ලෙස	lesa:3
ලෙසකින්	lesakin:3
ලෙසට	lesata:3
ලෙසටත්	lesatath:2	lesatat:1
ලෙසටය	lesataya:3
ලෙසටයි	lesatayi:2	lesatai:1
ලෙසත්	lesath:2	lesat:1
ලෙසද	lesada:3
ලෙසම	lesama:3
ලෙසය	lesaya:3
ලෙසයි	lesai:5	lesayi:2
ලෙස්	less:2	les:1
ලෙස්ටර්	lester:2	lestar:1
ලෙස්ලි	lesley:1	lesli:1	leslie:1
ලෙසින්	lesin:3
ලෙසින්ද	lesinda:3
ලෙසින්ම	lesinma:3
ලෙසින්ය	lesinya:3
ලෙසිනි	lesini:3
ලෙසේ	lese:3
ලෙහෙසි	lehesi:3
ලෙළදෙන	leladena:3
ලේ	le:2	lay:1
ලේකම්	lekam:3
ලේකම්වරයා	lekamvaraya:3	lekamwaraya:1
ලේකම්වරිය	lekamvariya:3	lekamwariya:1
ලේකම්වරුන්	lekamvarun:3	lekamwarun:1
ලේක්	lake:2	lek:1
ලේඛ	lekha:3
ලේඛක	lekhaka:3
ලේඛකයකු	lekhakayaku:3
ලේඛකයන්	lekhakayan:3
ලේඛකයන්ගේ	lekhakayange:3
ලේඛකයා	lekhakaya:3
ලේඛකයාගේ	lekhakayage:3
ලේඛකයින්	lekhakayin:3
ලේඛකයෙක්	lekhakayek:3
ලේඛකයෙකු	lekhakayeku:3
ලේඛකයෝ	lekhakayo:3
ලේඛණ	lekhana:3
ලේඛණගත	lekhanagatha:2	lekhanagata:1
ලේඛණය	lekhanaya:3
ලේඛණයේ	lekhanaye:3
ලේඛන	lekhana:3
ලේඛනගත	lekhanagatha:2	lekhanagata:1
ලේඛනය	lekhanaya:3
ලේඛනයක	lekhanayaka:3
ලේඛනයක්	lekhanayak:3
ලේඛනයකි	lekhanayaki:3
ලේඛනයට	lekhanayata:3
ලේඛනයන්	lekhanayan:3
ලේඛනයේ	lekhanaye:3
ලේඛනවල	lekhanavala:3	lekhanawala:1
ලේඛනාගාරය	lekhanagaraya:2	lekhanaagaaraya:1
ලේඛනාගාරයේ	lekhanagaraye:2	lekhanaagaaraye:1
ලේඛම්	lekham:3
ලේඛයන්	lekhayan:3
ලේඛා	lekha:4
ලේඛිකාවක්	lekhikavak:2	lekhikaavak:1	lekhikaawak:1
ලේඛිකාවකි	lekhikavaki:2	lekhikaawaki:1	lekhikawaki:1
ලේටෙක්ස්	latex:2	leteks:1	letex:1
ලේඩි	lady:3
ලේන්සුව	lensuva:2	lensuwa:2
ලේන්සුවකින්	lensuvakin:2	lensuwakin:2
ලේනා	lena:2	lenaa:1
ලේනාගේ	lenage:2	lenaage:1
ලේනෝ	leno:3
ලේබල	lebala:3	labela:1
ලේබල්	label:3	lebal:1
ලේලිය	leliya:3
ලේවාය	lewaaya:2	levaaya:1	levaya:1
ලේසර	lesara:3
ලේසර්	laser:3
ලොකයේ	lokaye:3
ලොක්	lock:3
ලොකු	loku:3
ලොකුම	lokuma:3
ලොකේෂන්	location:3
ලොජ්	lodge:3	loge:1	loj:1
ලොප්	lop:3
ලොබ	loba:3
ලොම්	lom:3
ලොරි	lori:2	lorry:1
ලොව	lowa:16	lova:3
ලොවක්	lovak:3	lowak:1
ලොවට	lowata:3	lovata:3
ලොවපුරා	lowapura:2	lovapura:3
ලොවින්	lovin:3	lowin:1
ලොවුතුරා	lovutura:2	lovuthura:1	lowuthura:1
ලොවෙන්	loven:3	lowen:1
ලොවෙහි	lovehi:3	lowehi:1
ලොවේ	love:2	lowe:1
ලොස්	loss:3
ලෝ	lo:3
ලෝක	loka:3
ලෝකඩ	lokada:3
ලෝකඩවලින්	lokadavalin:3	lokadawalin:1
ලෝකය	lokaya:3
ලෝකයක	lokayaka:3
ලෝකයක්	lokayak:3
ලෝකයකි	lokayaki:3
ලෝකයට	lokayata:3
ලෝකයටම	lokayatama:3
ලෝකයත්	lokayath:2	lokayat:1
ලෝකයන්හි	lokayanhi:3
ලෝකයම	lokayama:3
ලෝකයයි	lokayayi:3	lokayai:1
ලෝකයා	lokaya:2	lokayaa:1
ලෝකයාගෙන්	lokayagen:3
ලෝකයාගේ	lokayage:3
ලෝකයාට	lokayata:2	lokayaata:1
ලෝකයෙන්	lokayen:3
ලෝකයෙහි	lokayehi:3
ලෝකයේ	lokaye:3
ලෝකයේදී	lokayedi:2	lokayedhii:1
ලෝකයේම	lokayema:3
ලෝකවල	lokavala:3	lokawala:1
ලෝකවලට	lokavalata:2	lokawalata:1	lookavalata:1
ලෝක්	lok:3	loake:1
ලෝකාන්තය	lokaanthaya:1	lokantaya:1	lokanthaya:1
ලෝකෙ	loke:3
ලෝකෙටම	loketama:3
ලෝකේ	loke:3
ලෝකෝත්තර	lokoththara:2	lokottara:1	lokotthara:1
ලෝගු	logu:3
ලෝගුවක්	loguvak:3	loguwak:1
ලෝචන	lochana:2	locana:1
ලෝඩ්	lod:2	lord:1
ලෝඩ්ස්	lods:2	lords:1
ලෝඩ්හිත්තා	lodhiththa:1	lodhitta:1	lordhiththaa:1	lordhitthaa:1
ලෝන්ග්	long:3
ලෝප	lopa:3
ලෝපස්	lopas:3
ලෝභ	lobha:2	loba:1
ලෝභය	lobhaya:3
ලෝභී	lobhi:2	lobhii:1
ලෝම	loma:3
ලෝරන්ස්	lawrence:2	lowrance:1
ලෝරල්	laural:1	laurel:1	loral:1
ලෝරා	laura:2	lora:2
ලෝරී	lori:2	loree:1
ලෝලියෙකු	loliyeku:3
ලෝලීන්	lolin:2	loleen:1
ලෝලීන්ගේ	lolinge:2	loleenge:1
ලෝවාමහාපාය	lovamahapaya:3	lovaamahaapaaya:1	lowaamahaapaaya:1
ලෝහ	loha:3
ලෝහක	lohaka:3
ලෝහමය	lohamaya:3
ලෝහය	lohaya:3
ලෝහයක්	lohayak:3
ලෝහයකි	lohayaki:3
ලෝහයන්	lohayan:3
ලෝහයෙන්	lohayen:3
ලෝහයේ	lohaye:3
ලෝහවල	lohavala:3	lohawala:1
ලෝහවලින්	lohavalin:3	lohawalin:1
ලෞකික	laukika:3
වං	van:2	vang:1	wang:1
වංක	vanka:2	vangka:1	wangka:1
වංකගිරි	vankagiri:2	vangkagiri:1	wangkagiri:1
වංග	vanga:2	vangga:1	wangga:1
වංගෙඩි	vangedi:2	vanggedi:1	wanggedi:1
වංගෙඩිය	vangediya:2	vanggediya:1	wanggediya:1
වංගෙඩියක්	vangediyak:2	vanggediyak:1	wanggediyak:1
වංචනික	vancanika:1	vanchanika:1	vangchanika:1	wangchanika:1
වංචා	wancha:2	vanca:1	vancha:1	vangcha:1
වංචාකාරී	vancakari:1	vanchakari:1	vangchaakaarii:1	wangchaakaarii:1
වංචාව	vancava:1	vanchava:1	vangchava:1	vangchawa:1
වංශ	vangsha:1	vansa:1	vansha:1	wangsha:1
වංශකතා	vangshakatha:1	vansakata:1	vanshakatha:1	wangshakatha:1
වංශකතාවල	vangshakathavala:1	vangshakathawala:1	vansakatavala:1	vanshakathavala:1
වංශකථා	vangshakatha:1	vansakatha:1	vanshakatha:1	wangshakatha:1
වංශකථාව	vangshakathava:1	vangshakathawa:1	vansakathava:1	vanshakathava:1
වංශකථාවල	vangshakathavala:1	vangshakathawala:1	vansakathavala:1	vanshakathavala:1
වංශය	vamsaya:2	vangshaya:1	vansaya:1	vanshaya:1
වංශයට	vangshayata:1	vansayata:1	vanshayata:1	wangshayata:1
වංශයයි	vangshayai:1	vansayayi:1	vanshayayi:1	wangshayai:1
වංශයෙහි	vangshayehi:1	vansayehi:1	vanshayehi:1	wangshayehi:1
වංශයේ	vangshaye:1	vansaye:1	vanshaye:1	wangshaye:1
වංශවත්	vangshavath:1	vangshawath:1	vansavat:1	vanshavath:1
වංශවතුන්	vangshavathun:1	vangshawathun:1	vansavatun:1	vanshavathun:1
වංශවතෙකු	vangshavatheku:1	vangshawatheku:1	vansavateku:1	vanshavatheku:1
වංශාධිපති	vangshadhipati:1	vansadhipati:1	vanshadhipathi:1	wangshadhipati:1
වංශික	vangshika:1	vanshika:1	vansika:1	wangshika:1
වංශිකයන්	vangshikayan:1	vanshikayan:1	vansikayan:1	wangshikayan:1
වංශිකයන්ගේ	vangshikayange:1	vanshikayange:1	vansikayange:1	wangshikayange:1
වංශිකයා	vangshikaya:1	vanshikaya:1	vansikaya:1	wangshikaya:1
වංශිකයින්	vangshikayin:1	vanshikayin:1	vansikayin:1	wangshikayin:1
වංශිකයෙකු	vangshikayeku:1	vanshikayeku:1	vansikayeku:1	wangshikayeku:1
වංශිකයෝ	vangshikayo:1	vanshikayo:1	vansikayo:1	wangshikayo:1
වකවානු	wakawanu:2	vakavanu:3	vakawanu:1	wakavanu:1
වකවානුව	wakawanuwa:2	vakavanuva:3	wakawanuva:1	wakvanuva:1
වකවානුවක	vakavanuvaka:3	wakavanuvaka:1	wakawanuvaka:1	wakawanuwaka:1
වකවානුවකදී	vakavanuvakadi:2	vakavanuvakadii:1	wakavanuvakadii:1	wakawanuvakadii:1
වකවානුවට	vakavanuvata:3	wakavanuvata:1	wakawanuvata:1	wakwanuwata:1
වකවානුවල	vakavanuvala:3	vakavanuwala:1	vakawanuwala:1	wakawanuwala:1
වකවානුවේ	wakawanuwe:2	vakavanuve:3	vakavanuwe:1	vakawanuwe:1
වකවානුවේදී	vakavanuvedi:2	vakavanuvedii:1	wakavanuvedii:1	wakawanuvedii:1
වක්	vak:3	wak:1
වක්කඩේ	vakkade:3
වක්ත්‍ර	vakthra:1	vaktra:1	waktra:1
වක්තෘවරයා	vaktrvaraya:2	vaktruvaraya:1	wakthruwaraya:1
වක්‍ර	vakra:2	wakra:1
වක්‍රය	wakraya:4	vakraya:2
වක්‍රයේ	vakraye:2	wakraye:1
වක්‍රව	vakrava:2	wakrawa:1
වක්‍රාකාර	vakrakara:2	wakrakara:1
වක්‍රාකාරව	vakrakarava:2	wakrakarawa:1
වකා	vaka:2	waka:1
වකාශ	vakasa:1	vakasha:1	wakasha:1
වකුගඩු	vakugadu:2	wakugadu:1
වකුගඩුවල	vakugaduvala:2	wakugaduwala:1
වකුටු	vakutu:2	wakutu:1
වග	waga:6	vaga:2
වගඋත්තරකරු	vagauththarakaru:1	vagauttarakaru:1	wagauththarakaru:1	wagauttarakaru:1
වගඋත්තරකරුවන්	vagauththarakaruvan:1	vagauttarakaruvan:1	wagauththarakaruwan:1	wagauttarakaruwan:1
වගඋත්තරකරුවන්ට	vagauththarakaruvanta:1	vagauttarakaruvanta:1	wagauththarakaruwanta:1	wagauttarakaruwanta:1
වගකිම	vagakima:2	wagakima:1
වගකිම්	vagakim:2	wagakim:1
වගකිය	vagakiya:2	wagakiya:1
වගකියනු	vagakiyanu:2	wagakiyanu:1
වගකිව	vagakiva:2	wagakiwa:1
වගකිවයුතු	vagakivayuthu:1	vagakivayutu:1	wagakiwayuthu:1
වගකීම	wagakeema:6	vagakima:2
වගකීමක්	vagakimak:2	wagakeemak:1
වගකීමක්ද	vagakimakda:2	wagakeemakda:1
වගකීමකි	vagakimaki:2	wagakeemaki:1
වගකීමට	vagakimata:2	wagakeemata:1
වගකීමද	vagakimada:2	wagakeemada:1
වගකීම්	vagakim:2	wagakeem:1
වගකීමෙන්	vagakimen:2	wagakeemen:1
වගතුග	vagathuga:1	vagatuga:1	wagathuga:1	wagatuga:1
වගන්ති	vaganthi:1	vaganti:1	waganthi:1
වගන්තිය	waganthiya:2	vaganthiya:1	vagantiya:1
වගන්තියක්	vaganthiyak:1	vagantiyak:1	waganthiyak:1
වගන්තියේ	vaganthiye:1	vagantiye:1	waganthiye:1
වගබලා	vagabala:2	wagabala:1
වග්ගයෙහි	vaggayehi:2	waggayehi:1
වගා	waga:8	vaga:2
වගාකරන	vagakarana:2	wagakarana:1
වගාකරුවන්	vagakaruvan:2	wagakaruwan:1
වගාකල	vagakala:2	wagakala:1
වගාකිරීම	vagakirima:2	wagakireema:1
වගාකිරීමට	vagakirimata:2	wagakireemata:1
වගාබිම්	vagabim:2	wagabim:1
වගාව	vagava:2	wagawa:1
වගාවක	vagavaka:2	wagawaka:1
වගාවක්	vagavak:2	wagawak:1
වගාවකි	vagavaki:2	wagawaki:1
වගාවකින්	vagavakin:2	wagawakin:1
වගාවට	vagavata:2	wagawata:1
වගාවද	vagavada:2	wagawada:1
වගාවන්	vagavan:2	wagawan:1
වගාවන්ට	vagavanta:2	wagawanta:1
වගාවයි	vagavayi:2	wagawai:1
වගාවලට	vagavalata:2	wagawalata:1
වගාවෙන්	vagaven:2	wagawen:1
වගාවෙහි	vagavehi:2	wagawehi:1
වගාවේ	vagave:2	wagawe:1
වගාවේදී	vagavedi:2	wagawedee:1
වගු	wagu:2	vagu:2
වගුරට	vagurata:2	wagurata:1
වගුරු	vaguru:2	waguru:1
වගුරේ	vagure:2	wagure:1
වගුව	vaguva:2	waguwa:1
වගුවල	vaguvala:2	waguwala:1
වගුවෙන්	vaguven:2	waguwen:1
වගුවෙහි	vaguvehi:2	waguwehi:1
වගුවේ	vaguve:2	waguwe:1
වගෙයි	vageyi:2	wagei:1
වගේ	wage:2	vage:2
වගේම	wagema:3	vagema:2
වචන	wachana:7	vacana:1	vachana:1
වචනත්	vacanat:1	vachanath:1	wachanath:1
වචනය	vachanaya:2	wachanaya:2	vacanaya:1
වචනයක	wachanayaka:2	vacanayaka:1
වචනයක්	vacanayak:1	wacanayakh:1	wachanayak:1
වචනයකි	wachanayaki:2	vacanayaki:1
වචනයට	wachanayata:2	vacanayata:1
වචනයද	vacanayada:2	wachanayada:1
වචනයයි	vacanayayi:1	vachanayai:1	wachanayai:1
වචනයෙන්	vacanayen:1	vachanayen:1	wachanayen:1
වචනයේ	vacanaye:2	wachanaye:1
වචනවලට	vacanavalata:1	vachanawalata:1	wachanawalata:1
වචනවලින්	vacanavalin:1	vachanawalin:1	wachanawalin:1
වචනාර්ථය	vacanarthaya:2	wachakarthaya:1
වජ්ජි	vajji:2	wajji:1
වජ්‍රාසනය	vajrasanaya:2	wajhrasanaya:1
වජිරා	vajira:2	wajira:1
වට	wata:6	vata:2
වටකර	vatakara:2	watakara:1
වටකුරු	vatakuru:2	watakuru:1
වටකොට	vatakota:2	watakota:1
වටදාගෙය	vatadageya:2	watadageya:1
වටදාගෙයක්	vatadaageyak:1	vatadageyak:1	watadageyak:1
වටනා	vatana:2	watana:1
වටපිට	vatapita:2	watapita:1
වටපිටාව	vatapitaawa:1	vatapitava:1	watapitawa:1
වටපිටාවක	vatapitaavaka:1	vatapitavaka:1	watapitawaka:1
වටපිටාවක්	vatapitavak:2	watapitawak:1
වටපිටාවට	vatapitaawata:1	vatapitavata:1	watapitawata:1
වටපිටාවේ	vatapitave:2	watapitawe:1
වටය	vataya:2	wataya:1
වටයට	vatayata:2	watayata:1
වටයෙන්	vatayen:2	watayen:1
වටයේ	vataye:3
වටයේදී	vatayedi:3
වටලන	vatalana:3
වටලා	vatala:3
වටවී	vatavi:3
වටවු	vatavu:3
වටවුණු	vatavunu:3
වටවූ	vatavu:3
වටහා	wataha:7	vataha:2	vatahaa:1
වටහාගත	vatahagata:2	vatahagatha:1
වටහාගත්	vatahagat:2	vatahagath:1
වටහාගන්නා	vatahaganna:3
වටහාගෙන	vatahagena:3
වට්	vat:2	what:1
වට්ටක්කා	vattakka:3
වට්ටම්	vattam:3
වට්ටෝරු	vattoru:3
වටා	wata:14	vata:3
වටාය	vataya:3
වටිනා	watina:3	vatina:3
වටිනාකම	vatinakama:3
වටිනාකමක්	vatinakamak:3
වටිනාකමකින්	vatinakamakin:3
වටිනාකමට	vatinakamata:3
වටිනාකමයි	vatinakamayi:3
වටිනාකම්	vatinakam:3
වටිනාකමින්	vatinakamin:3
වටිනාකමේ	vatinakame:3
වටිනාම	vatinama:3
වටේ	vate:3
වටේට	vateta:3
වඩදිය	vadadiya:3
වඩන	vadana:3
වඩන්නට	vadannata:3
වඩන්නේ	vadanne:3
වඩනා	vadana:3
වඩම්මවා	vadammava:3
වඩමාරච්චි	vadamaracci:2	vadamarchchi:1
වඩවන	vadavana:3
වඩවා	vadava:3
වඩා	wada:59	vada:3
වඩාත්	wadath:24	vadat:2	vadath:1
වඩාත්ම	wadathma:3	vadatma:2	vadathma:1
වඩාම	vadama:3
වඩාලූ	vadalu:3
වඩිග	vadiga:3
වඩින	vadina:3
වඩිමින්	vadimin:3
වඩු	vadu:3
වඩුගේ	vaduge:3
වඩුවන්	vaduvan:3
වඩුවාගේ	vaduvage:3
වඩුවෝ	vaduvo:3
වණ	vana:3
වණ්ඩු	vandu:3
වත	vata:2	vatha:1
වත්	wath:4	vat:2	vath:1
වත්කම	vatkama:2	vathkama:1
වත්කමක්	vatkamak:2	vathkamak:1
වත්කම්	vatkam:2	vathkam:1
වත්ත	vatta:2	vaththa:1
වත්තට	vattata:2	vaththata:1
වත්තල	vaththala:1	vattala:1	wattala:1
වත්තේ	vatte:2	vaththe:1
වත්තේගම	vattegama:2	vaththegama:1
වත්ම	vatma:2	vathma:1
වත්මන	vatmana:2	vathmana:1
වත්මන්	wathman:4	vatman:2	vathman:1
වත්මනෙහි	vatmanehi:2	vathmanehi:1
වත්සලා	wathsala:2	vatsala:1
වතා	vata:3
වතාව	vatava:3
වතාවක්	vatavak:3
වතාවක්ම	vatavakma:3
වතාවට	vatavata:3
වතාවටත්	vatavatat:2	wathawatath:1
වතාවත්	vatavat:2	wathawan:1
වතිකානු	vatikanu:1	vatikanuva:1	wathikanu:1
වතු	vatu:2	wathu:1
වතුයාය	vatuyaya:2	wathuyaya:1
වතුයායේ	vatuyaye:2	wathuyaye:1
වතුර	vatura:2	wathura:1
වතුරට	vathurata:1	vaturata:1	wathurata:1
වතුරමල්	vathuramal:1	vaturamal:1	wathuramal:1
වතුරෙන්	vathuren:1	vaturen:1	wathuren:1
වතුරේ	vathure:1	vature:1	wathure:1
වතුවල	vathuvala:1	vatuvala:1	wathuwala:1
වතුවලට	vathuvalata:1	vatuvalata:1	wathuwalata:1
වතුසුදු	vathusudu:1	vatusudu:1	wathusudu:1
වද	vada:2	wada:1
වදන	vadana:2	wadana:1
වදනක්	vadanak:2	wadanak:1
වදනකි	vadanaki:2	wadanaki:1
වදනට	vadanata:2	wadanata:1
වදන්	vadan:2	wadan:1
වදනින්	vadanin:2	wadanin:1
වදනෙහි	vadanehi:2	wadanehi:1
වදනේ	vadane:2	wadane:1
වදය	vadaya:2	wadaya:1
වදයක්	vadayak:2	wadayak:1
වදයට	vadayata:2	wadayata:1
වදාරන	vadarana:2	wadarana:1
වදාරා	wadara:2	vadara:2
වදාල	vadala:2	wadala:1
වදාළ	wadala:2	vadala:2
වදාළහ	vadalaha:2	wadalaha:1
වදාළා	vadala:2	wadhala:1
වදින	vadina:2	wadina:1
වදිනවා	vadinava:1	vadinawaa:1	wadinawa:1
වදින්නේ	vadinne:2	wadinne:1
වදිනා	vadina:1	vadinaa:1	wadina:1
වදිමි	vadimi:2	wadimi:1
වදිමින්	vadimin:2	wadimin:1
වධ	vadha:2	wadha:1
වධය	vadhaya:2	wadhaya:1
වධහිංසා	vadhahimsa:1	vadhahinsa:1	wadhahinsa:1
වධහිංසාව	vadhahimsava:1	vadhahinsava:1	wadhahinsawa:1
වන	wana:333	vana:2
වනගත	vanagata:1	vanagatha:1	wanagatha:1
වනගතව	vanagatava:1	vanagathawa:1	wanagathawa:1
වනචර	vanacara:1	vanachara:1	wanachara:1
වනචාරී	vanacari:2	wanachari:1
වනජීවී	vanajivi:2	wanajeevi:1
වනතුරු	wanathuru:3	vanaturu:2
වනතුරුත්	vanaturut:2	wanathuruth:1
වනතුරුම	vanaturuma:2	wanathuruma:1
වනතෙක්	vanatek:2	wanathek:1
වනතෙක්ම	vanatekma:2	wanathekma:1
වනදා	wanada:3	vanada:2
වනදායි	vanadayi:2	wanadai:1
වනදායින්	vanadayin:2	wanadayin:1
වනදින	vanadina:2	wanadina:1
වනන	vanana:2	wanana:1
වනනේ	vanane:2	wanane:1
වනමුත්	vanamut:1	vanamuth:1	wanamuth:1
වනය	vanaya:2	wanaya:1
වනයට	vanayata:2	wanayata:1
වනයෙහි	vanayehi:2	wanayehi:1
වනයේ	vanaye:2	wanaye:1
වනවා	vanava:2	wanawa:1
වනවාට	vanavata:2	wanawata:1
වනවිට	wanawita:4	vanavita:2	wanavita:1
වනවිටත්	vanavitat:1	vanavitath:1	wanawitath:1	wanawithath:1
වනසතුන්	vanasathun:1	vanasatun:1	wanasathun:1
වනසන	vanasana:2	wanasana:1
වනසුන්දර	vanasundara:2	wanasundara:1
වනසේ	vanase:2	wanase:1
වන්	one:2	van:1	wan:1
වන්ඩු	vandu:2	wandu:1
වන්ත	vanta:1	vantha:1	wantha:1
වන්දනය	vadanaya:1	vandanaya:1	wandanaya:1
වන්දනයට	vandanayata:2	wandanayata:1
වන්දනා	wandana:5	vandana:2
වන්දනාමාන	wandanamana:2	vandanamana:2
වන්දනාමානයට	vandanamanayata:2	wandanamanayata:1
වන්දනාව	wandanawa:3	vandanava:2
වන්දනාවට	vandanavata:2	wandanawata:1
වන්දනාවේ	vandanave:2	wandanawe:1
වන්දනීය	vandaniya:2	wandaneeya:1	wandaniya:1
වන්දි	wandi:3	vandi:3
වන්දිය	vandiya:3	wandiya:1
වන්දියක්	wandiyak:2	vandiyak:3
වන්න	wanna:2	vanna:2
වන්නක්	vannak:3	wannak:1
වන්නකි	vannaki:2	wannaki:1
වන්නට	wannata:12	vannata:2
වන්නටද	vannatada:2	wannatada:1
වන්නටය	vannataya:2	wannataya:1
වන්නන්	vannan:2	wannan:1
වන්නන්ගේ	vannange:2	wannange:1
වන්නම්	wannam:3	vannam:2
වන්නා	vanna:2	wanna:1
වන්නාක්	vannak:2	wannak:1
වන්නාවු	vannavu:2	wannavu:1
වන්නාවූ	wannawu:4	vannavu:2	wannavu:1
වන්නාහු	vannahu:2	wannahu:1
වන්නි	vanni:2	wanni:1
වන්නිආරච්චි	vanniaracci:1	vanniarachchi:1	wanniarachchi:1
වන්නිය	vanniya:2	wanniya:1
වන්නියට	vanniyata:2	wanniyata:1
වන්නියේ	vanniye:2	wanniye:1
වන්නීය	vanniya:2	wanneeya:1	wanniya:1
වන්නෙ	vanne:2	wanne:1
වන්නෙමි	vannemi:2	wannemi:1
වන්නේ	wanne:78	vanne:2
වන්නේත්	vannet:1	vanneth:1	wanneth:1
වන්නේද	wanneda:3	vanneda:2
වන්නේය	wanneya:3	vanneya:2
වන්නෝ	vanno:2	wanno:1
වන්නෝය	vannoya:2	wannoya:1
වනාන්තර	vananthara:3	vanantara:1	wananthara:1
වනාන්තරත්	vanantarat:1	vanantharath:1	wanantharath:1
වනාන්තරය	vanantaraya:1	vanantharaya:1	wanantharaya:1
වනාන්තරයක්	vanantarayak:1	vanantharayak:1	wanantharayak:1
වනාන්තරයකි	vanantarayaki:1	vanantharayaki:1	wanantharayaki:1
වනාන්තරයට	vanantarayata:1	vanantharayata:1	wanantharayata:1
වනාන්තරයෙන්	vanantarayen:2	wanantharayen:1
වනාන්තරයේ	wanantharaye:2	vanantaraye:2
වනාන්තරවල	vanantaravala:2	wanantharawala:1
වනාන්තරවලට	vanantaravalata:2	wanantharawalata:1
වනාහි	wanahi:2	vanahi:2
වනාහී	vanahi:2	wanahee:1	wanahi:1
වනිගසේකර	vanigasekara:2	wanigasekara:1
වනිතා	vanita:2	vanitha:1	wanitha:1
වනු	wanu:2	vanu:2
වනුයේ	wanuye:11	vanuye:2
වනේ	vane:3
වනෝද්‍යාන	vanodyana:3	vanodhyana:1
වනෝද්‍යානය	vanodyanaya:3	vanodhyanaya:1
වනෝද්‍යානයක්	vanodyanayak:3	vanodhyanayak:1
වනෝද්‍යානයෙන්	vanodyanayen:3
වනෝද්‍යානයේ	vanodyanaye:3
වඳ	vanda:2	vadha:1	vandha:1
වඳවී	vandavi:3	vandhavi:1
වඳිති	vanditi:2	vandhiti:1	vandithi:1
වඳින	vandina:3	vandhina:1
වඳින්න	vandinna:3	vandhinna:1
වඳුරන්	vanduran:3	vandhuran:1
වඳුරා	vandura:3	vandhura:1
වඳුරු	vanduru:3	vandhuru:1
වපසරිය	vapasariya:3
වප්ප	vappa:3	vapa:1
වපුරන	vapurana:3
වම	vama:3
වමට	vamata:3
වමත	vamata:2	vamatha:1
වමතින්	wamathin:2	vamatin:2	vamathin:1
වමතේ	vamate:2	vamathe:1
වමනය	vamanaya:3
වම්	wam:3	vam:3
වම්පස	vampasa:4
වම්බටු	vambatu:3
වමාරා	vamara:3
වමේ	vame:3
වයන	vayana:3
වයන්	vayan:3
වයඹ	wayamba:2	vayamba:3	vayambha:1
වයඹට	vayambata:3	vayambhata:1
වයඹදිග	vayambadiga:3	vayambhadiga:1
වයඹින්	vayambin:3	vayambhin:1
වයරය	vayaraya:3
වයර්	wire:2	vayar:1
වයලීනය	vayalinaya:2	violinaya:1
වයලීනයක්	vayalinayak:2	violinayak:1
වයස	wayasa:6	vayasa:3
වයසට	vayasata:3
වයසත්	vayasat:2	vayasath:1
වයස්	vayas:3
වයස්ගත	vayasgata:2	vayasgatha:1
වයස්ගතම	vayasgatama:2	vayassgathama:1
වයස්වල	vayasvala:3
වයසින්	vayasin:3
වයසේ	vayase:3
වයසේදී	vayasedi:3
වයසේදීම	vayasedima:3
වයි	why:2	wi:1
වයිකින්ග්	vayiking:2	viking:1
වයිට්	white:3
වයිට්ගේ	vayitge:2	whitege:1
වයින්	vine:4	wine:2	vayin:1
වයිරම්	vayiram:3
වයිරස	vayirasa:2	virus:1
වර	wara:2	vara:3
වරක	varaka:3
වරකට	varakata:3
වරක්	warak:7	varak:3
වරක්ම	warakma:2	varakma:3
වරකා	varaka:3
වරකාගොඩ	varakagoda:2	warakagoda:1
වරට	warata:7	varata:3
වරටත්	varatat:2	varatath:1
වරටද	varatada:3
වරණ	varana:3
වරණය	varanaya:3
වරණයක්	varanayak:3
වරද	warada:3	varada:3
වරදකරු	varadakaru:3
වරදකරුට	varadakaruta:3
වරදකරුවන්	varadakaruvan:3
වරදකරුවා	varadakaruva:3
වරදකරුවෙකු	varadakaruveku:3
වරදක්	varadak:3
වරදකාරිය	varadakariya:3
වරදකාරී	varadakari:3
වරදකි	varadaki:3
වරදට	varadata:3
වරදයි	varadayi:3
වරදවා	varadava:3
වරදින්	varadin:3
වරදෙහි	varadehi:3
වරප්‍රසාද	varaprasada:3
වරප්‍රසාදය	varaprasadaya:3
වරප්‍රසාදයක්	varaprasadayak:3
වරම	warama:2	varama:3
වරමක්	varamak:3
වරම්	varam:3
වරයක්	varayak:3
වරයකු	varayaku:3
වරයා	varaya:2	varayaa:1
වරයාගේ	varayage:3
වරයාට	varayata:3
වරයෙක්	varayek:3
වරයෙකි	varayeki:3
වරයෙකු	varayeku:3
වරයෙකුගේ	varayekuge:3
වරයෙකුට	varayekuta:3
වරල	varala:3
වරලත්	varalat:2	varalath:1
වරලස	varalasa:3
වරල්	varal:3
වර්ග	warga:28	varga:3
වර්ගද	wargada:2	vargada:3
වර්ගප්‍රමාණය	vargapramanaya:2	vargapramaanaya:1
වර්ගඵලය	vargaphalaya:3
වර්ගඵලයක්	vargaphalayak:3
වර්ගමූලය	vargamulaya:3
වර්ගය	wargaya:6	vargaya:3
වර්ගයක	vargayaka:3
වර්ගයකට	vargayakata:3
වර්ගයක්	wargayak:2	vargayak:3
වර්ගයක්ද	vargayakda:3
වර්ගයක්ම	vargayakma:3
වර්ගයකි	wargayaki:2	vargayaki:3
වර්ගයට	vargayata:3
වර්ගයන්	vargayan:3
වර්ගයන්ගෙන්	vargayangen:3
වර්ගයන්ගේ	vargayange:3
වර්ගයන්ට	vargayanta:3
වර්ගයන්හි	vargayanhi:3
වර්ගයයි	vargayayi:2	vargayai:1
වර්ගයා	vargaya:3
වර්ගයාගේ	vargayage:3
වර්ගයි	vargayi:3
වර්ගයෙහි	vargayehi:3
වර්ගයේ	wargaye:4	vargaye:3
වර්ගවල	vargavala:3
වර්ගවලට	vargavalata:2	vargawalata:1
වර්ගවලින්	vargavalin:3
වර්ගවාදය	vargavadaya:3
වර්ගවාදී	vargavadi:3
වර්ගිකරණය	vargikaranaya:3
වර්ගීකරණ	vargikarana:3
වර්ගීකරණය	wargeekaranaya:3	vargikaranaya:3
වර්ගීකරණයකට	vargikaranayakata:3
වර්ගීකරණයක්	vargikaranayak:3
වර්ගීකරණයකි	vargikaranayaki:3
වර්ගීකරණයට	vargikaranayata:3
වර්ගීකරණයන්	vargikaranayan:3
වර්ගීකරණයේ	vargikaranaye:3
වර්ගීකරනය	vargikaranaya:3
වර්චස්	varchas:2	varcas:1
වර්ජන	varjana:3
වර්ජනය	varjanaya:3
වර්ජිනියා	varjiniya:1	virginia:1	virginiya:1
වර්ජීනියා	virginia:2	varjiniya:1
වර්ඩ්	word:2	vard:1
වර්ණ	warna:7	varna:3
වර්ණක	warnaka:3	varnaka:3
වර්ණකය	varnakaya:3
වර්ණකුලසූරිය	varnakulasuriya:3
වර්ණදේහ	varnadeha:3
වර්ණනා	varnana:3
වර්ණනාව	varnanava:3
වර්ණභේද	varnabheda:3
වර්ණභේදය	varnabhedaya:3
වර්ණය	warnaya:3	varnaya:3
වර්ණයක	varnayaka:3
වර්ණයක්	varnayak:3
වර්ණයකින්	varnayakin:3
වර්ණයට	varnayata:3
වර්ණයන්	varnayan:3
වර්ණයන්ගෙන්	varnayangen:3
වර්ණයන්ට	varnayanta:3
වර්ණයෙන්	warnayen:2	varnayen:3
වර්ණයේ	varnaye:3
වර්ණවත්	warnawath:5	varnavat:2	varnavath:1
වර්ණවල	varnavala:3
වර්ණවලට	varnavalata:3
වර්ණවලින්	varnavalin:3
වර්ණා	varna:3
වර්ණාලේපිත	varnalepita:2	varnalepitha:1
වර්ණාවලි	varnavali:3
වර්ණාවලිය	varnavaliya:3
වර්ණාවලියේ	varnavaliye:3
වර්ණාවලී	varnavali:3
වර්තන	vartana:2	varthana:1
වර්තනය	vartanaya:2	varthanaya:1
වර්තනාංකය	vartanamkaya:2	vartanankaya:1
වර්තනාංකයක්	vartanankayak:2	vartanamkayak:1
වර්තමාන	warthamana:8	vartamana:3
වර්තමානය	vartamanaya:3
වර්තමානයට	vartamanayata:3
වර්තමානයෙහි	vartamanayehi:2	varthamanayehi:1
වර්තමානයෙහිදී	vartamanayehidi:2	varthamanayehidi:1
වර්තමානයේ	warthamanaye:13	vartamanaye:2	varthamanaye:1
වර්තමානයේද	vartamanayeda:2	varthamanayeda:1
වර්තමානයේදි	vartamanayedi:2	varthamanayedi:1
වර්තමානයේදී	warthamanayedi:2	vartamanayedi:3
වර්තාව	vartava:3
වර්ථමාන	warthamana:3	varthamana:3
වර්ථමානය	varthamanaya:3
වර්ථමානයේ	varthamanaye:3
වර්ථමානයේදී	varthamanayedi:3
වර්ථා	vartha:3
වර්දනය	vardanaya:3
වර්ධක	vardhaka:3
වර්ධන	vardhana:3
වර්ධනය	wardanaya:13	vardhanaya:3
වර්ධනයකට	vardhanayakata:3
වර්ධනයක්	wardanayak:2	vardhanayak:3
වර්ධනයක්ද	vardhanayakda:3
වර්ධනයකින්	vardhanayakin:3
වර්ධනයට	wardhanayata:3	vardhanayata:3
වර්ධනයටත්	vardhanayatat:2	vardhanayatath:1
වර්ධනයටද	vardhanayatada:3
වර්ධනයත්	vardhanayat:2	vardhanayath:1
වර්ධනයන්	vardhanayan:3
වර්ධනයයි	vardhanayayi:3
වර්ධනයවී	vardhanayavi:3
වර්ධනයෙන්	vardhanayen:3
වර්ධනයෙහි	vardhanayehi:3
වර්ධනයේ	vardhanaye:3
වර්ධනාත්මක	vardhanatmaka:2	vardhanathmaka:1
වර්ධිත	vardhita:2	vardhitha:1
වර්න	varna:3
වර්ල්ඩ්	world:3
වර්ශ	varsa:2	varsha:1
වර්ශය	varsaya:2	varshaya:1
වර්ශයේ	varsaye:2	varshaye:1
වර්ෂ	warsha:11	varsa:2	varsha:1
වර්ෂය	warshaya:5	varsaya:2	varshaya:1
වර්ෂයක	varsayaka:2	varshayaka:1
වර්ෂයකට	varsayakata:2	varshayakata:1
වර්ෂයකම	varsayakama:2	varshayakama:1
වර්ෂයක්	varsayak:2	varshayak:1
වර්ෂයට	varsayata:2	varshayata:1
වර්ෂයන්	varsayan:2	varshayan:1
වර්ෂයන්හි	varsayanhi:2	varshayanhi:1
වර්ෂයෙන්	varsayen:2	varshayen:1
වර්ෂයෙහි	varsayehi:2	varshayehi:1
වර්ෂයේ	warshaye:8	varsaye:2	varshaye:1
වර්ෂයේදි	varsayedi:2	varshayedi:1
වර්ෂයේදී	warshayedi:5	varsayedi:2	varshayedi:1
වර්ෂයේදීම	varsayedima:2	varshayedima:1
වර්ෂයේදීය	varsayediya:2	varshayediya:1
වර්ෂයේම	warshayema:2	varsayema:2	varshayema:1
වර්ෂවල	varsavala:2	varshavala:1
වර්ෂා	varsa:2	varsha:1
වර්ෂාපතන	varsapatana:2	varshapathana:1
වර්ෂාපතනය	varsapatanaya:2	varshapathanaya:1
වර්ෂාපතනයක්	varsapatanayak:2	varshapathanayak:1
වර්ෂාපතනයේ	varsapatanaye:2	varshapathanaye:1
වර්ෂාමානය	varsamanaya:2	varshamanaya:1
වර්ෂාව	warshawa:3	varsava:2	varshava:1
වර්ෂාවක්	varsavak:2	varshavak:1
වර්ෂාවට	varsavata:2	varshavata:1
වර්‍ග	varga:3
වර්‍ෂ	varsa:1	varsha:1	vasi:1
වරාය	waraya:2	varaya:3
වරායක්	varayak:3
වරායට	varayata:3
වරායද	varayada:3
වරායන්	varayan:3
වරායන්ගෙන්	varayangen:3
වරායයන්	varayayan:3
වරායේ	varaye:3
වරාශිකාව	varasikava:2	varashikava:1
වරිග	variga:2	wariga:1
වරිච්චි	varicci:1	varichchi:1	varichi:1
වරින්	warin:2	varin:3
වරින්වර	varinvara:3
වරිපනම්	varipanam:3
වරු	varu:3
වරුණ	varuna:3
වරුන්	varun:3
වරුන්ගෙන්	varungen:3
වරුන්ගේ	varunge:3
වරුන්ට	varunta:3
වරුව	varuva:3
වරෙක	vareka:3
වරෙන්	varen:3
වරෙන්තුවක්	varentuvak:2	varenthuvak:1
වල	wala:69	vala:3
වලං	valan:2	valam:1
වලංගු	valangu:2	valamgu:1
වලංගුතාව	valamgutava:1	valamguthava:1	valangutava:1
වලංගුය	valanguya:2	valamguya:1
වලක	valaka:3
වලකට	valakata:3
වලකන	valakana:3
වලක්වන	valakvana:3
වලක්වනු	valakvanu:3
වලක්වා	walakwa:2	valakva:3
වලක්වාලීමට	valakvalimata:3
වලකින	valakina:3
වලකී	valaki:3
වලගම්බා	valagamba:3
වලට	walata:37	valata:3
වලටත්	valatat:2	valatath:1
වලටද	valatada:3
වලටය	valataya:3
වලටවත්	valatavat:2	valatavath:1
වලත්	walath:2	valat:2	valath:1
වලද	valada:3
වලදි	valadi:3
වලදී	waladi:14	valadi:3
වලදීත්	valadit:2	valadith:1
වලදීද	valadida:3
වලදීය	valadiya:3
වලන්	valan:3
වලපනේ	valapane:2	walapane:1
වලම	valama:3
වලය	valaya:3
වලයාකාර	valayakara:3
වලයි	valayi:3
වලල්ල	valalla:3
වලල්ලේ	valalle:3
වලලා	valala:3
වලලු	valalu:3
වලවල්	valaval:3
වලව්ව	walawwa:4	valavva:3
වලව්වේ	valavve:3
වලවේ	valave:3
වලස්	valas:3
වලසා	valasa:3
වලසාගේ	valasage:3
වලසුන්	valasun:3
වලසුන්ගෙන්	valasungen:3
වලසුන්ගේ	valasunge:3
වලසුන්ට	valasunta:3
වල්	val:3
වල්ග	valga:3
වල්ගය	valgaya:3
වල්ගයක්	valgayak:3
වල්ගා	valga:3
වල්ගාතරුව	valgataruva:3
වල්පොල	valpola:2	walpola:1
වල්ලක්	vallak:3
වල්ලභ	wallabha:3	vallabha:3
වල්ලිපුරම්	vallipuram:2	wallipuram:1
වලා	vala:3
වලාකුළු	valakulu:3
වලාගෙන	valagena:3
වලාව	valava:3
වලි	vali:3
වලිකාමම්	valikamam:3
වලිකුකුළා	valikukula:3
වලිගය	valigaya:3
වලිගයක්	valigayak:3
වලිගයේ	valigaye:3
වලිගේ	valige:3
වලින්	walin:44	valin:3
වලින්ද	valinda:3
වලිනි	valini:3
වලිනුත්	valinut:2	valinuth:1
වලිප්පුව	valippuva:3
වලිය	valiya:3
වලේ	vale:3
වවන	vavana:3
වව්නියාව	vavniyava:3
වවා	vava:3
වවුලන්	vavulan:3
වවුල්	vavul:3
වශයන්	vasayan:3
වශයෙන්	washayen:98	vasayen:3
වශයෙන්ද	vasayenda:3
වශයෙන්ම	washayenma:4	vasayenma:3
වශයෙනි	washayeni:5	vasayeni:3
වශීකෘත	vasikrta:2	vasikruta:1
වස	wasa:2	vasa:3
වසංගත	wasangatha:3	vasangata:2	vasangatha:1
වසංගතයක්	vasangatayak:2	vasangathayak:1
වසංගතයෙන්	vasangatayen:2	vasangathayen:1
වසක්	vasak:3
වසඟ	vasanga:3
වසඟයේ	vasangaye:3
වසති	vasati:2	vasathi:1
වසන	vasana:3
වසන්	vasan:3
වසන්ගත	vasangata:2	vasangatha:1
වසන්ත	wasantha:2	vasanta:2	vasantha:1
වසන්තය	vasantaya:2	vasanthaya:1
වසන්තයක්	vasantayak:2	vasanthayak:1
වසන්තයේ	vasantaye:2	vasanthaye:1
වසන්තා	vasanta:1	vasantha:1	wasantha:1
වසන්ති	vasanthi:1	vasanti:1	wasanthi:1
වසන්තේ	vasante:2	vasanthe:1
වසනා	vasana:3
වසභ	vasabha:3
වසම	vasama:3
වසමට	wasamata:2	vasamata:3
වසම්	wasam:2	vasam:3
වසයෙන්	vasayen:3
වසර	wasara:35	vasara:3
වසරක	vasaraka:3
වසරකට	vasarakata:3
වසරකදීම	vasarakadima:2	wasarakadeema:1
වසරකම	vasarakama:2	wasarakama:1
වසරක්	wasarak:2	vasarak:2
වසරකි	vasaraki:2	wasaraki:1
වසරට	vasarata:2	wasarata:1
වසරවල	vasaravala:2	wasarawala:1
වසරින්	vasarin:2	wasarin:1
වසරෙන්	vasaren:2	wasaren:1
වසරෙහි	wasarehi:2	vasarehi:2
වසරෙහිදී	wasarehidi:9	vasarehidi:2	wasarehidee:1
වසරෙහිදීය	vasarehidiya:2	wasarehideeya:1
වසරේ	wasare:7	vasare:2
වසරේදි	vasaredi:2	wasaredi:1
වසරේදී	wasaredi:6	vasaredi:2	wasaredee:1
වසරේදීම	vasaredima:2	wasaredeema:1
වසරේදීය	vasarediya:2	wasaredeeya:1
වසරේම	vasarema:2	wasarema:1
වස්	was:4	vas:2
වස්කෝ	vasko:2	vasco:1	wasko:1
වස්ගමුව	wasgamuwa:2	vasgamuva:1	vasgamuwa:1
වස්ත්‍ර	vasthra:1	vastra:1	wasthra:1
වස්ත්‍රය	vasthraya:1	vastraya:1	wastraya:1
වස්ත්‍රයක්	wasthrayak:2	vasthrayak:1	vastrayak:1	wastrayak:1
වස්ත්‍රාභරණ	vasthrabharana:1	vastrabharana:1	wastrabharana:1
වස්තු	wasthu:4	vasthu:1	vastu:1
වස්තුන්	vasthun:1	vastun:1	wasthun:1
වස්තුව	vasthuva:1	vastuva:1	wasthuwa:1
වස්තුවක	vasthuvaka:1	vastuvaka:1	wasthuwaka:1
වස්තුවකට	vasthuvakata:1	vastuvakata:1	wasthuwakata:1
වස්තුවක්	wasthuwak:6	vasthuvak:1	vastuvak:1
වස්තුවකි	vasthuvaki:1	vastuvaki:1	wasthuwaki:1
වස්තුවකින්	vasthuvakin:1	vastuvakin:1	wasthuwakin:1
වස්තුවට	vasthuvata:1	vastuvata:1	wasthuwata:1
වස්තුවල	vasthuvala:1	vastuvala:1	wasthuwala:1
වස්තුවලට	vasthuvalata:1	vastuvalata:1	wasthuwalata:1
වස්තුවෙහි	vasthuvehi:1	vastuvehi:1	wasthuwehi:1
වස්තුවේ	wasthuwe:2	vasthuve:1	vastuve:1
වස්තූන්	wasthun:6	vasthun:1	vastun:1	wasthoon:1
වස්තූන්ගේ	wasthunge:2	vasthunge:1	vastunge:1	wasthoonge:1
වස්තූන්ට	vastunta:2	wasthoonta:1	wasthunta:1
වස්තූන්හි	vasthunhi:1	vastunhi:1	wasthoonhi:1	wasthunhi:1
වස්සානය	vassanaya:2	wassanaya:1
වසා	wasa:2	vasa:2
වසාගෙන	vasagena:2	wasagena:1
වසාවාසි	vasavasi:2	wasawasi:1
වසින්	vasin:2	wasin:1
වසු	wasu:2	vasu:2
වසුරු	vasuru:2	wasuru:1
වසූරිය	vasuriya:2	wasuriya:1
වහ	vaha:2	waha:1
වහන	vahana:2	wahana:1
වහනය	vahanaya:2	wahanaya:1
වහනයකින්	vahanayakin:2	wahanayakin:1
වහනසේ	vahanase:2	wahanse:1
වහන්	vahan:2	wahan:1
වහන්ගේ	vahange:2	wahange:1
වහන්ස	vahansa:2	wahansa:1
වහන්සෙ	vahanse:2	wahanse:1
වහන්සේ	wahanse:36	vahanse:2
වහන්සේගෙන්	vahansegen:2	wahansegen:1
වහන්සේගේ	wahansege:11	vahansege:2
වහන්සේට	wahanseta:2	vahanseta:2
වහන්සේටද	vahansetada:2	wahansetada:1
වහන්සේත්	vahanset:1	vahanseth:1	wahanseth:1
වහන්සේය	vahanseya:2	wahanseya:1
වහන්සේලා	vahansela:2	wahansela:1
වහන්සේලාගේ	vahanselage:2	wahanselage:1
වහන්සේලාට	vahanselata:2	wahanselata:1
වහර	vahara:2	wahara:1
වහරක	vaharaka:2	waharaka:1
වහරෙන්	vaharen:2	waharen:1
වහරෙහි	vaharehi:2	waharehi:1
වහරේ	vahare:2	wahare:1
වහල	vahala:2	wahala:1
වහලක්	vahalak:2	wahalak:1
වහලකු	vahalaku:2	wahalaku:1
වහලය	vahalaya:2	wahalaya:1
වහල්	vahal:2	wahal:1
වහලුන්	vahalun:2	wahalun:1
වහලුන්ට	vahalunta:2	wahalunta:1
වහලූන්	vahalun:1	valalun:1	wahalun:1
වහලෙහි	vahalehi:2	wahalehi:1
වහලේ	vahale:2	wahale:1
වහළ	vahala:2	wahala:1
වහළයක්	vahalayak:2	wahalayak:1
වහළයට	vahalayata:2	wahalayata:1
වහා	waha:2	vaha:2
වහාම	wahama:3	vahama:2
වළ	wala:2	vala:2
වළකන	valakana:2	walakana:1
වළක්	valak:2	walak:1
වළක්වන	valakvana:2	walakwana:1
වළක්වනු	valakvanu:2	walakwanu:1
වළක්වයි	valakvayi:2	walakwai:1
වළක්වා	valakva:2	walakwa:1
වළක්වාගත	valakvagata:1	valakvagatha:1	walakwagatha:1
වළක්වාලයි	valakvalayi:2	walakwalai:1
වළක්වාලීමට	valakvalimata:2	walakwaleemata:1
වළකා	valaka:2	walaka:1
වළකින	valakina:2	walakina:1
වළකින්න	valakinna:2	walakinna:1
වළගම්බා	walagamba:3	valagamba:2
වළඳා	valanda:2	walanda:1
වළල්ල	valalla:2	walalla:1
වළල්ලක්	valallak:2	walallak:1
වළල්ලට	valallata:2	walallata:1
වළල්ලෙහි	valallehi:2	walallehi:1
වළල්ලේ	valalle:2	walalle:1
වළලා	valala:2	walala:1
වළලු	valalu:2	walalu:1
වළලුවලට	valaluvalata:2	walaluwalata:1
වළවල්	valaval:2	walawal:1
වළළු	valalu:2	walalu:1
වළාකුලු	valakulu:2	walakulu:1
වළාකුළු	walakulu:2	valakulu:1	valalkulu:1
වළාව	valava:2	walawa:1
වළිකුකුළා	valikukula:2	walikukula:1
ව්ද්යුත්	vdyut:1	vdyuth:1	vidyuth:1
ව්නනේ	vnane:2	vinane:1
ව්යා	vya:2	viya:1
ව්යුක්තිය	viyukthiya:1	vyukthiya:1	vyuktiya:1
ව්යුහය	vyuhaya:2	viyuhaya:1
ව්ශේෂයෙන්ම	visheshayenma:1	vsesayenma:1	vsheshayenma:1
ව්‍යංග	vyanga:3
ව්‍යංජන	vyanjana:3
ව්‍යක්ත	vyaktha:2	vyakta:1
ව්‍යඤ්ජන	vyanjana:2	vyakdjana:1
ව්‍යප්ත	vyaptha:2	vyapta:1
ව්‍යපාරික	vyaparika:3
ව්‍යපෘති	vyapruthi:2	vyaprti:1
ව්‍යර්ථ	vyartha:3
ව්‍යවර්ථ	vyavartha:2	vyawartha:1
ව්‍යවස්ථා	wyawastha:2	vyavastha:2	vyawastha:1
ව්‍යවස්ථාදායක	vyavasthadayaka:2	vyawasthadayaka:1
ව්‍යවස්ථාදායකය	vyavasthadayakaya:2	vyawasthadayakaya:1
ව්‍යවස්ථාදායකයට	vyavasthadayakayata:2	vyawasthadayakayata:1
ව්‍යවස්ථානුකූල	vyavasthanukula:2	vyawasthanukula:1
ව්‍යවස්ථානුකූලව	vyavasthanukulava:2	vyawasthanukulawa:1
ව්‍යවස්ථාපිත	vyavasthapita:1	vyavasthapitha:1	vyawasthapitha:1
ව්‍යවස්ථාමය	vyavasthamaya:2	vyawasthamaya:1
ව්‍යවස්ථාව	vyavasthava:2	vyawasthawa:1
ව්‍යවස්ථාවක්	vyavasthavak:2	vyawasthawak:1
ව්‍යවස්ථාවට	vyavasthavata:2	vyawasthawata:1
ව්‍යවස්ථාවන්	vyavasthavan:1	vyavsthavan:1	vyawastawan:1
ව්‍යවස්ථාවලින්	vyavasthavalin:2	vyawasthawalin:1
ව්‍යවස්ථාවෙහි	vyavasthavehi:2	vyawasthawehi:1
ව්‍යවස්ථාවේ	vyavasthave:2	vyawasthawe:1
ව්‍යවසායකත්වය	vyavasayakathvaya:1	vyavasayakatvaya:1	vyawasayakathwaya:1
ව්‍යවසායකයන්	vyavasayakayan:2	vyawasayakayan:1
ව්‍යවසායකයින්ට	vyavasayakayinta:2	vyawasayakayinta:1
ව්‍යවසායන්	vyavasayan:2	vyawasayan:1
ව්‍යවහාර	vyavahara:2	vyawahara:1
ව්‍යවහාරය	vyavaharaya:2	vyawaharaya:1
ව්‍යවහාරයක්	vyavaharayak:2	vyawaharayak:1
ව්‍යවහාරයට	vyavaharayata:2	vyawaharayata:1
ව්‍යවහාරයන්	vyavaharayan:2	vyawaharayan:1
ව්‍යවහාරයෙහි	vyavaharayehi:2	vyawaharayehi:1
ව්‍යවහාරයේ	vyavaharaye:2	vyawaharaye:1
ව්‍යවහාරයේදී	vyavaharayedi:2	vyawaharayedee:1
ව්‍යවහාරික	vyavaharika:2	vyawaharika:1
ව්‍යසන	vyasana:3
ව්‍යසනකාරී	vyasanakari:3
ව්‍යසනය	vyasanaya:3
ව්‍යසනයන්	vyasanayan:3
ව්‍යාංජන	vyamjana:2	vyanjana:1
ව්‍යාකරණ	vyakarana:3
ව්‍යාකරණය	vyakaranaya:3
ව්‍යාකලන	vyakalana:3
ව්‍යාකූල	vyakula:3
ව්‍යාකූලත්වය	vyakulatvaya:2	vyakulathvaya:1
ව්‍යාකූලත්වයට	vyakulatvayata:2	vyakulathvayata:1
ව්‍යාකූලතාවය	vyakulatavaya:2	vyakulathavaya:1
ව්‍යාකූලතාවයන්	vyakulatavayan:2	vyakulathavayan:1
ව්‍යාජ	vyaja:3
ව්‍යාජව	vyajava:3
ව්‍යාධ	vyadha:3
ව්‍යාධි	vyadhi:3
ව්‍යාධිජනක	vyadhijanaka:3
ව්‍යාධිවේදය	vyadhivedaya:3
ව්‍යාප්ත	wyaptha:6	vyapta:2	vyaptha:1
ව්‍යාප්තව	vyaptava:2	vyapthava:1
ව්‍යාප්තවන	vyaptavana:2	vyapthavana:1
ව්‍යාප්තවී	vyaptavi:2	vyapthavi:1
ව්‍යාප්තවීමට	vyaptavimata:2	vyapthvimata:1
ව්‍යාප්ති	vyapti:2	vyapthi:1
ව්‍යාප්තිය	viyapthiya:2	vyaptiya:2	vyapthiya:1
ව්‍යාප්තියක	vyaptiyaka:2	vyapthiyaka:1
ව්‍යාප්තියක්	vyaptiyak:2	vyapthiyak:1
ව්‍යාප්තියට	vyaptiyata:2	vyapthiyata:1
ව්‍යාප්තීන්	vyaptin:2	vyapthin:1
ව්‍යාපාදය	vyapadaya:3
ව්‍යාපාර	wyapara:3	vyapara:3
ව්‍යාපාරය	viyaparaya:2	vyaparaya:3
ව්‍යාපාරයක	vyaparayaka:3
ව්‍යාපාරයකට	vyaparayakata:3
ව්‍යාපාරයක්	vyaparayak:3
ව්‍යාපාරයකි	vyaparayaki:3
ව්‍යාපාරයට	viyaparayata:2	vyaparayata:3
ව්‍යාපාරයද	vyaparayada:3
ව්‍යාපාරයන්	vyaparayan:3
ව්‍යාපාරයන්හි	vyaparayanhi:3
ව්‍යාපාරයෙන්	vyaparayen:3
ව්‍යාපාරයෙහි	vyaparayehi:3
ව්‍යාපාරයේ	vyaparaye:3
ව්‍යාපාරයේදී	vyaparayedi:2	vyaparayedee:1
ව්‍යාපාරික	vyaparika:3
ව්‍යාපාරිකයකුගේ	vyaparikayakuge:3
ව්‍යාපාරිකයන්	vyaparikayan:3
ව්‍යාපාරිකයින්	vyaparikayin:3
ව්‍යාපාරිකයෙකි	vyaparikayeki:3
ව්‍යාපාරිකයෙකු	vyaparikayeku:3
ව්‍යාපාරිකයෝ	vyaparikayo:3
ව්‍යාපෘති	vyapruthi:2	vyaprti:1
ව්‍යාපෘතිය	vyapruthiya:2	vyaprtiya:1
ව්‍යාපෘතියකට	vyapruthiyakata:2	vyaprtiyakata:1
ව්‍යාපෘතියක්	vyapruthiyak:2	vyaprtiyak:1
ව්‍යාපෘතියකි	vyapruthiyaki:2	vyaprtiyaki:1
ව්‍යාපෘතියට	vyapruthiyata:2	vyaprtiyata:1
ව්‍යාපෘතියත්	vyapruthiyath:2	vyaprtiyat:1
ව්‍යාපෘතියෙන්	vyapruthiyen:2	vyaprtiyen:1
ව්‍යාපෘතියෙහි	vyapruthiyehi:2	vyaprtiyehi:1
ව්‍යාපෘතියේ	vyapruthiye:2	vyaprtiye:1
ව්‍යාපෘතිවල	vyaprtivala:1	vyapruthivala:1	vyapruthiwala:1
ව්‍යාභිචාරය	vyabhicharaya:2	vyabhicaraya:1
ව්‍යායාම	vyayama:3
ව්‍යායාමය	vyayamaya:3
ව්‍යායාමයට	vyayamayata:3
ව්‍යායාම්	vyayam:3
ව්‍යුත්පන්න	vyuthpanna:2	vyutpanna:1
ව්‍යුත්පන්නය	vyuthpannaya:2	vyutpannaya:1
ව්‍යුහ	vyuha:3
ව්‍යුහගත	vyuhagatha:2	vyuhagata:1
ව්‍යුහමය	vyuhamaya:3
ව්‍යුහය	vyuhaya:3
ව්‍යුහයකට	vyuhayakata:3
ව්‍යුහයක්	vyuhayak:3
ව්‍යුහයකි	vyuhayaki:3
ව්‍යුහයට	vyuhayata:3
ව්‍යුහයන්	wyuhayan:2	vyuhayan:3
ව්‍යුහයෙහි	vyuhayehi:3
ව්‍යුහයේ	vyuhaye:3
ව්‍යුහවලට	vyuhavalata:2	vyuhawalata:1
ව්‍යුහාත්මක	vyuhathmaka:1	vyuhatmaka:1	vyuhavathmaka:1
ව්‍යූහ	vyuha:3
ව්‍යූහය	vyuhaya:3
ව්‍යූහයක්	vyuhayak:3
ව්‍යූහයන්	vyuhayan:3
ව්‍යූහයේ	vyuhaye:2	vyuhayaye:1
ව්‍යූහාත්මක	vyuhathmaka:2	vyuhatmaka:1
වාක්‍ය	vakya:3	wakya:1
වාක්‍යය	vakyaya:3	wakyaya:1
වාක්‍යයක	vakyayaka:3	wakyayaka:1
වාක්‍යයක්	vakyayak:3	wakyayak:1
වාක්‍යයන්	vakyayan:3	wakyayan:1
වාකිරිගල	vakirigala:2	wakirigala:1
වාග්	vag:2	wag:1
වාගේ	vage:2	wage:1
වාගේම	vagema:2	wagema:1
වාචා	vaca:1	vacha:1	wacha:1
වාචික	vachika:1	vacika:1	wachika:1
වාචිකව	vachikava:1	vachikawa:1	vacikava:1	wachikawa:1
වාඩි	vadi:2	wadi:1
වාඩිවී	vadivi:2	wadiwee:1
වාණිඡ	vanicha:2	wanija:1
වාණිජ	wanija:3	vanija:2
වාණිජකරණයට	vanijakaranayata:2	wanijakaranayata:1
වාණිජමය	vanijamaya:2	wanijamaya:1
වාණිජවාදී	vanijavadi:2	wanijawadee:1	wanijawadhi:1
වාණිජ්‍ය	vanijya:2	wanijya:1
වාණිජ්‍යය	vanijyaya:2	wanijyaya:1
වාත	watha:2	vata:1	vatha:1	wata:1
වාතය	wathaya:4	vataya:1	vathaya:1
වාතයට	vatayata:1	vathayata:1	wathayata:1
වාතයෙන්	vatayen:1	vathayen:1	wathayen:1
වාතයෙහි	vatayehi:1	vathayehi:1	wathayehi:1
වාතයේ	vataye:1	vathaye:1	wathaye:1
වාත්තු	vaththu:1	vattu:1	waththu:1
වාත්ස්‍යායන	vathsyayana:1	vatsyayana:1	wathsayayana:1
වාතාවරණය	vatavaranaya:2	wathawaranaya:1
වාතාවරණයක්	vatavaranayak:1	vathavaranayak:1	wathawaranayak:1
වාතාශ්‍රය	vatasraya:1	vathashraya:1	wathashraya:1
වාතාශ්‍රයක්	vatasrayak:1	vathashrayak:1	wathashrayak:1
වාද	vada:2	wada:1
වාදක	vadaka:2	wadaka:1
වාදකයන්	vadakayan:2	wadakayan:1
වාදකයා	vadakaya:2	wadakaya:1
වාදකයින්	vadakayin:2	wadakayin:1
වාදකයෙක්	vadakayek:2	wadakayek:1
වාදකයෙකු	vadakayeku:2	wadakayeku:1
වාදන	vadana:2	wadana:1
වාදනය	vadanaya:2	wadanaya:1
වාදනයට	vadanayata:2	wadanayata:1
වාදනයේ	vadanaye:2	wadanaye:1
වාදනයේදී	vadanayedi:2	wadanayedee:1	wadanayedi:1
වාදය	wadaya:4	vadaya:2
වාදයක	vadayaka:2	wadayaka:1
වාදයක්	vadayak:2	wadayak:1
වාදයට	vadayata:2	wadayata:1
වාදයන්	vadayan:2	wadayan:1
වාදයෙන්	vadayen:2	wadayen:1
වාදයෙහි	vadayehi:2	wadayehi:1
වාදයේ	vadaye:2	wadaye:1
වාදයේදී	vadayedi:2	wadayedi:1
වාද්දුව	vadduva:1	wadduva:1	wadduwa:1
වාද්‍ය	vadya:2	wadya:1
වාද්‍යය	vadyaya:2	wadyaya:1
වාදියෙකු	vadiyeku:2	wadiyeku:1
වාදී	vadi:2	wadee:1	wadi:1
වාදීන්	vadin:2	wadeen:1	wadin:1
වාදීන්ගේ	vadinge:2	wadeenge:1	wadinge:1
වාදීන්ට	vadinta:2	wadeenta:1	wadinta:1
වානගුරු	vanaguru:2	wanaguru:1
වානර	vanara:2	wanara:1
වානරයන්	vanarayan:2	wanarayan:1
වානරයා	vanaraya:2	wanaraya:1
වාන්	van:2	waan:1	wan:1
වානිජ	vanija:2	wanija:1
වානිජමය	vanijamaya:2	wanijamaya:1
වානිජ්‍ය	vanijya:2	wanijya:1
වානේ	wane:2	vane:2
වාපතක්	vapatak:1	vapathak:1	wapathak:1
වාම	vama:2	wama:1
වාමන	vamana:2	wamana:1
වාමවාදී	vamavadi:2	wamawadee:1	wamawadi:1
වාමාංශික	vamanshika:1	vamansika:1	wamanshika:1
වාමාවර්ත	vamavarta:1	vamavartha:1	wamavartha:1	wamawartha:1
වාය	vaya:2	waya:1
වායාමය	vayamaya:2	wayamaya:1
වායු	wayu:8	vayu:2
වායුගතික	vayugathika:1	vayugatika:1	wayugathika:1
වායුගෝල	vayugola:2	wayugola:1
වායුගෝලය	wayugolaya:2	vayugolaya:2
වායුගෝලයක්	vayugolayak:2	wayugolayak:1
වායුගෝලයට	vayugolayata:1	vyugolayata:1	wayugolayata:1
වායුගෝලයෙන්	vayugolayen:2	wayugolayen:1
වායුගෝලයෙහි	vayugolayehi:2	wayugolayehi:1
වායුගෝලයේ	vayugolaye:2	wayugolaye:1
වායුගෝලීය	wayugoleeya:2	vayugoliya:2	wayugoliya:1
වායුන්	vayun:2	wayun:1
වායුන්ගේ	vayunge:2	wayunge:1
වායුමය	vayumaya:2	wayumaya:1
වායුව	wayuwa:3	vayuva:2
වායුවක	vayuvaka:2	wayuwaka:1
වායුවක්	vayuvak:2	wayuwak:1
වායුවකි	vayuvaki:2	wayuwaki:1
වායුවට	vayuvata:2	wayuwata:1
වායුවල	vayuvala:2	wayuwala:1
වායුවෙන්	vayuven:2	wayuwen:1
වායුවේ	vayuve:2	wayuwe:1
වායුසමීකරණ	vayusamikarana:2	wayusameekarana:1
වායූන්	vayun:2	wayun:1
වායෝ	wayo:3	vayo:2
වාර	vara:2	wara:1
වාරකන්	varakan:2	warakan:1
වාරණ	varana:2	warana:1
වාරණය	varanaya:2	waranaya:1
වාරණයක්	varanayak:2	waranayak:1
වාරණයට	varanayata:2	waranayata:1
වාරම්	varam:2	waram:1
වාරය	varaya:2	waraya:1
වාරයකට	varayakata:2	warayakata:1
වාරයක්	varayak:2	warayak:1
වාරයේ	varaye:2	waraye:1
වාරයේදී	varayedi:2	warayedi:1
වාර්ගික	wargika:2	vargika:2
වාර්තා	wartha:22	varta:2
වාර්තාකරණය	vartakaranaya:2	warthakaranaya:1
වාර්තාකරණයේ	vartakaranaye:1	varthakaranaye:1	warthakaranaye:1
වාර්තාකරු	vartakaru:1	varthakaru:1	warthakaru:1
වාර්තාකරුවකු	vartakaruvaku:1	varthakaruvaku:1	warthakaruwaku:1
වාර්තාකරුවන්	vartakaruvan:1	varthakaruvan:1	warthakaruwan:1
වාර්තාකරුවෙකු	vartakaruveku:1	varthakaruveku:1	warthakaruweku:1
වාර්තාගත	vartagata:1	varthagatha:1	warthagatha:1
වාර්තාද	vartada:1	varthada:1	warthada:1
වාර්තාව	warthawa:3	vartava:1	varthava:1
වාර්තාවක	vartavaka:1	varthavaka:1	warthawaka:1
වාර්තාවක්	vartavak:1	varthavak:1	warthawak:1
වාර්තාවකි	vartavaki:1	varthavaki:1	warthawaki:1
වාර්තාවට	vartavata:1	varthavata:1	warthawata:1
වාර්තාවද	vartavada:1	varthavada:1	warthawada:1
වාර්තාවන්	vartavan:1	varthavan:1	waarthaavan:1
වාර්තාවන්ට	vartavanta:1	varthavanta:1	warthaawanta:1
වාර්තාවන්හි	vartavanhi:1	varthavanhi:1	waarthaawanhi:1
වාර්තාවල	vaarthaawala:1	vartavala:1	varthavala:1
වාර්තාවලට	vartavalata:1	varthaawalata:1	varthavalata:1
වාර්තාවලින්	vaarthaawalin:1	vartavalin:1	varthavalin:1
වාර්තාවී	warthawee:2	vartavi:1	varthavi:1	waarthaawee:1
වාර්තාවේ	vartave:1	varthave:1	waarthaawei:1
වාර්ථා	vartha:2	waarthaa:1
වාර්ථාව	varthava:2	waarthaawa:1
වාර්ශිකව	varshikava:1	varsikava:1	waarshikawa:1
වාර්ෂික	warshika:4	varshika:1	varsika:1	waarshika:1
වාර්ෂිකව	warshikawa:2	varshikava:1	varsikava:1	waarshikawa:1
වාර්ෂීක	varshika:1	varsika:1	waarsheeka:1
වාරි	wari:5	vari:2	waari:1
වාරික	varika:2	waarika:1
වාරිත්‍ර	varithra:1	varitra:1	waarithra:1
වාරිමාර්ග	varimarga:2	waarimaarga:1
වාරියපොල	variyapola:2	waariyapola:1
වාල්මිකී	valmiki:3
වාලුකා	valuka:3
වාශ්ප	vaspa:2	vashpa:1
වාෂ්ප	vaspa:2	vashpa:1
වාෂ්පය	vaspaya:2	vashpaya:1
වාෂ්පයෙන්	vaspayen:2	waashpayen:1
වාෂ්පයේ	vaspaye:2	waashpaye:1
වාෂ්පශීලි	vaspasili:2	waashpasheeli:1
වාෂ්පශීලී	vaspasili:2	waashpasheelee:1
වාෂ්පීකරණය	vaspikaranaya:2	waashpeekaranaya:1
වාෂ්පීභවනය	vaspibhavanaya:2	waashpeebhawanaya:1
වාස	vasa:2	waasa:1
වාසගම	vasagama:2	waasagama:1
වාසගමක්	vasagamak:2	waasagamak:1
වාසනා	vasana:2	wasana:1
වාසනාව	vasanava:2	waasanaawa:1
වාසනාවට	vasanavata:2	waasanaawata:1
වාසනාවන්ත	vasanavanta:1	waasanaawantha:1	wasanawantha:1
වාසභූමි	vasabhumi:1	waasabhoomi:1	wasabhumi:1
වාසය	wasaya:11	vasaya:1	waasaya:1
වාසයක්	vasayak:1	waasayak:1	wasayak:1
වාසයට	vasayata:1	waasayata:1	wasayata:1
වාසයෙන්	vasayen:1	waasayen:1	wasayen:1
වාසල්	vasal:1	waasal:1	wasal:1
වාසස්ථාන	vasasthana:1	waasasthaana:1	wasasthana:1
වාසස්ථානය	vasasthanaya:1	waasasthaanaya:1	wasasthana:1
වාසස්ථානයක්	vasasthanayak:1	waasasthaanayak:1	wasasthanayak:1
වාස්	was:7	vaas:2	vas:1	vase:1
වාස්තවික	vastavika:1	vastawika:1	waasthawika:1	wasthavika:1
වාස්තවිකත්වය	vastavikatvaya:1	vastawikathwaya:1	waasthawikathwaya:1	wastawikathwaya:1
වාස්තු	vastu:2	waasthu:1	wasthi:1
වාස්තුවිද්‍යාත්මක	vastuvidyathmaka:1	vastuvidyatmaka:1	waasthuwidyaathmaka:1
වාසි	vasi:1	waasi:1	wasi:1
වාසිදායක	vasidayaka:1	waasidaayaka:1	wasidayaka:1
වාසින්	vasin:1	waasin:1	wasin:1
වාසිය	vasiya:1	waasiya:1	wasiya:1
වාසියක්	waasiyak:2	vasiyak:1
වාසියකි	waasiyaki:2	vasiyaki:1
වාසියට	waasiyata:2	vasiyata:1
වාසී	vaasee:1	vasi:1	waasee:1	waasi:1
වාසීන්	waaseen:2	vasin:1
වාසීන්ගේ	vasinge:1	waaseengae:1	waaseenge:1
වාසු	waasu:2	vasu:1
වාසුදේව	vasudeva:1	waasudeva:1	waasudhewa:1
වාසුදේවි	vasudevi:1	waasudaevi:1	waasudevi:1	waasudhevi:1
වාහක	waahaka:2	vahaka:1
වාහකයන්	waahakayan:2	vahakayan:1
වාහකයෙක්	waahakayek:2	vahakayek:1
වාහන	wahana:2	waahana:2	vahana:1
වාහනය	waahanaya:2	vahanaya:1
වාහනයක	waahanayaka:2	vahanayaka:1
වාහනයක්	waahanayak:2	vahanayak:1
වාහනයකි	waahanayaki:2	vahanayaki:1
වාහනයකින්	waahanayakin:2	vahanayakin:1
වාහනයේ	vahanaye:1	waahanayae:1	waahanaye:1	waahanayei:1
වාහනවල	waahanawala:2	vahanavala:1
වාහනවලට	vahanavalata:1	waahanawalata:1	wahanawalata:1
වාහල	waahala:2	vahala:1
වාහල්	waahal:2	vahal:1
වාහල්කඩ	wahalkada:3	waahalkada:2	vahalkada:1
වාහිණී	waahinee:2	vahini:1
වාහිනී	waahinee:2	vahini:1	waahini:1
වෑන්	van:3	wan:1
වි	vi:2	ve:1
විකරණය	vikaranaya:3
විකල්	vikal:3
විකල්පයක්	wikalpayak:2	vikalpayak:3
විකසනය	vikasanaya:3
විකසිත	vikasitha:2	vikasita:1
වික්ටර්	victor:2	viktar:2
වික්ටෝරියා	victoria:2	victoriya:1	viktoriya:1
වික්ටෝරියානු	viktoriyanu:2	victoriyanu:1
වික්ෂිප්ත	vikshiptha:2	viksipta:1
වික්‍රම	vikrama:3
වික්‍රමආරච්චි	vikramaarachchi:2	vikramaaracci:1
වික්‍රමගමගේ	vikramagamage:3
වික්‍රමගේ	vikramage:3
වික්‍රමතිලක	vikramatilaka:2	vikramathilaka:1
වික්‍රමනායක	vikramanayaka:3
වික්‍රමබාහු	vikramabahu:3
වික්‍රමය	vikramaya:3
වික්‍රමරත්න	vikramaratna:2	vikramarathna:1
වික්‍රමශීලා	vikramasila:2	vikramashila:1
වික්‍රමසිංහ	wickramasinghe:3	vikramasinha:3
වික්‍රමසිංහගේ	vikramasinhage:3
වික්‍රමසේකර	vikramasekara:3
වික්‍රම්	vikram:3
වික්‍රමාන්විත	vikramanvita:2	vikramanvitha:1
වික්‍රියා	vikriya:3
වික්‍රියාව	vikriyava:3
විකාර	vikara:3
විකාශණ	vikasana:2	vikashana:1
විකාශන	vikasana:2	vikashana:1
විකාශනය	wikashanaya:3	vikasanaya:2	vikashanaya:1
විකාශනයට	vikasanayata:2	vikashanayata:1
විකාශනයේ	vikasanaye:2	vikashanaye:1
විකාශය	vikasaya:2	vikashaya:1
විකි	wiki:2	viki:1
විකිණිය	vikiniya:3
විකිණීම	vikinima:3
විකිණීමට	vikinimata:3
විකිණීමෙන්	vikinimen:3
විකිණීමේ	vikinime:3
විකිණීමේදී	vikinimedi:3
විකිණුම්	vikinum:3
විකිණූ	vikinu:3
විකිපීඩියා	vikipidiya:2	wikipedia:1
විකිපීඩියාව	vikipidiyava:2	wikipediava:1
විකිපීඩියාවට	vikipidiyavata:2	wikipediavata:1
විකිපීඩියාවේ	vikipidiyave:2	wikipediave:1
විකිමීඩියා	wikimedia:2	vikimidiya:1
විකිරණ	wikirana:5	vikirana:3
විකිරණය	vikiranaya:3
විකිරණයන්ට	vikiranayanta:3
විකිරණයෙන්	vikiranayen:3
විකිරණවල	vikiranavala:3
විකිරණවේදීන්	vikiranavedin:3
විකිරණශීලි	vikiranasili:2	vikiranashili:1
විකිරණශීලී	vikiranasili:2	vikiranashili:1
විකිලීක්ස්	wikileaks:2	vikiliks:1
විකුණන	vikunana:3
විකුණනු	vikunanu:3
විකුණයි	vikunayi:3
විකුණා	vikuna:3
විකුණුම්	vikunum:3
විකුණුම්කරුවන්	vikunumkaruvan:3
විකුණුවේ	vikunuve:3
විකෘත	vikrta:2	vikrutha:1
විකෘති	vikrti:4	vikruthi:2
විකෘතිතා	vikrtita:2	vikruthitha:1
විකෘතිතාවන්	vikrtitavan:2	vikruthithavan:1
විකේන්ද්‍රික	vikendrika:3
විඛණ්ඩන	vikhandana:3
විඛණ්ඩනය	vikhandanaya:3
විගණන	viganana:3
විගණනය	vigananaya:3
විගණනයක්	vigananayak:3
විගණනයේ	vigananaye:3
විගමනය	vigamanaya:3
විගස	wigasa:2	vigasa:3
විගසම	vigasama:3
විගසින්	vigasin:3
විග්‍රහ	vigraha:3
විග්‍රහය	vigrahaya:3
විග්‍රහයක්	vigrahayak:3
විග්‍රහයට	vigrahayata:3
විග්‍රහයේ	vigrahaye:3
විඝටන	vighatana:3
විඝටනය	vighatanaya:3
විචක්ෂණ	vicaksana:3
විචර්ෂණය	vicarsanaya:3
විචලන	vicalana:2	vichalana:1
විචලනය	vicalanaya:2	vichalanaya:1
විචල්‍ය	vicalya:2	vichalya:1
විචල්‍යයක්	vicalyayak:2	vichalyayak:1
විචල්‍යයන්	vicalyayan:2	vichalyayan:1
විචල්‍යයේ	vicalyaye:3
විච්ඡේදනය	vicchedanaya:3
විච්ඡේද්‍ය	vicchedya:3
විචාර	vicara:2	vichara:1
විචාරක	vicharaka:3	vicaraka:2
විචාරකයකු	vicarakayaku:2	vicharakayaku:1
විචාරකයන්	vicarakayan:2	vicharakayan:1
විචාරකයා	vicharakaya:2	vicarakaya:1
විචාරකයින්	vicharakayin:2	vicarakayin:1
විචාරකයෝ	vicharakayo:2	vicarakayo:1
විචාරණ	vicharana:2	vicarana:1
විචාරණය	vicharanaya:2	vicaranaya:1
විචාරණයක්	vicharanayak:2	vicaranayak:1
විචාරය	vicharaya:2	vicaraya:1
විචාරයක්	vicharayak:2	vicarayak:1
විචාරයට	vicharayata:2	vicarayata:1
විචාරයෙහි	vicharayehi:2	vicarayehi:1
විචාරයේ	vicharaye:2	vicaraye:1
විචාරාත්මක	vicaratmaka:1	vicharathmaka:1	vicharatmaka:1
විචාල	vichala:2	vicala:1
විචිත්‍ර	vichithra:1	vichitra:1	vicitra:1
විචිත්‍රත්වය	vichithrathvaya:1	vichitratvaya:1	vicitratvaya:1
විචිත්‍රවත්	vichitravat:1	vichitravath:1	vicitravat:1
විජය	wijaya:3	vijaya:3
විජයකුමාර්	vijayakumar:2	vijaayakumar:1
විජයග්‍රහණය	vijayagrahanaya:3
විජයග්‍රහණයක්	vijayagrahanayak:3
විජයග්‍රහණයේ	vijayagrahanaye:3
විජයග්‍රාහී	wijayagrahi:2	vijayagrahi:3
විජයග්‍රාහීව	vijayagrahiva:3
විජයගේ	vijayage:3
විජයතුංග	vijayatunga:2	vijayathunga:1
විජයනගර්	vijayanagar:3
විජයබා	vijayaba:3
විජයබාහු	vijayabahu:3
විජයබාහුගේ	vijayabahuge:3
විජයරත්න	vijayaratna:2	vijayarathna:1
විජයවර්ධන	vijayavardhana:2	vijayawardhana:1	wijayawardhana:1
විජයාගමනය	vijayagamanaya:3
විජයානන්ද	vijayananda:3
විජලන	vijalana:3
විජලනය	vijalanaya:3
විජලනයට	vijalanayata:3
විජ්ජුලතා	vijjulata:2	vijjulatha:1
විජිත	vijitha:2	vijita:2
විජිතකරණය	vijitakaranaya:2	vijithakaranaya:1
විජිතපුර	vijitapura:2	vijithapura:1
විජිතයක්	vijitayak:2	vijithayak:1
විජිතයක්ව	vijitayakva:2	vijithayakva:1
විජේ	vije:3
විජේකෝන්	vijekon:3
විජේගුණවර්ධන	vijegunavardhana:3
විජේතුංග	vijethunga:1	vijetunga:1	wijethunga:1
විජේදාස	vijedasa:2	wijedasa:1
විජේනායක	vijenayaka:2	wijenayaka:1
විජේබණ්ඩාර	vijebandara:2	wijebandara:1
විජේරත්න	vijerathna:1	vijeratna:1	wijerathna:1
විජේවර්ධන	vijevardhana:2	wijewardana:1	wijewardhana:1
විජේවික්‍රම	vijevikrama:3	wijewikrama:1
විජේවීර	wijeweera:2	vijevira:1	wijeveera:1
විජේසිංහ	wijesinghe:2	wijesingha:2	vijesinha:1
විජේසිරි	vijesiri:2	wijesiri:2
විජේසුරිය	wijesuriya:2	vijesuriya:1
විජේසුරේන්ද්‍ර	vijesurendra:1	wijesunrendra:1	wijesurendra:1
විජේසූරිය	wijesuriya:2	vijesuriya:1
විජේසේකර	wijesekara:2	vijesekara:1
විඤ්ඤාණ	vinnana:3
විඤ්ඤාණය	vinnanaya:2	vinnayanaya:1
විඤ්ඤාණයට	vinnanayata:2	vinnayanayata:1
විඥ්ඥාණය	vigngnanaya:2	vinyanaya:1
විඥාණය	vignanaya:2	vinyanaya:1
විඥාන	vignana:2	vinyana:1
විඥානය	vignanaya:2	vinyanaya:1
විඥානයේ	vignanaye:2	vinyanaye:1
විඥානවාදී	vignanavadi:2	vinyanawadee:1
විඥාපන	vignapana:2	vinyapana:1
විට	wita:106	vita:3
විටක	witaka:2	vitaka:3
විටකදී	vitakadi:2	vitakadee:1
විටකම	vitakama:3
විටක්	vitak:3
විටත්	witath:2	vitath:2	vitat:1
විටද	vitada:3
විටදී	vitadi:2	vitadee:1
විටදීත්	vitadeeth:1	vitadit:1	vitadith:1
විටදීය	vitadiya:2	vitadeeya:1
විටම	witama:3	vitama:3
විටමින	vitamina:3
විටමින්	vitamin:3
විටය	vitaya:3
විටයි	vitayi:2	vitai:1
විටින්	vitin:3
විටෙක	witeka:2	viteka:3
විටෙකත්	vitekath:2	vitekat:1
විඩාබර	vidabara:3
විඩාව	vidava:2	vidawa:1
විඩාවෙන්	vidaven:2	vidawen:1
විඩියෝ	video:2	vidiyo:1
විණ	vina:3
විණි	wini:2	vini:3
විතර	vithara:2	vitara:1
විතරක්	vitharak:2	vitarak:1
විතරයි	vitarayi:1	vitharai:1	vitharayi:1
විතර්ක	vitharka:2	vitarka:1
විත්	with:3	vith:2
විත්ති	vitti:2	viththi:1
විත්තිකරු	vittikaru:2	viththikaru:1
විත්තිකරුගේ	vittikaruge:2	viththikaruge:1
විත්තිකරුට	vittikaruta:2	viththikaruta:1
විත්තිකරුවකු	viththikaruvaku:1	vittikaruvaku:1	vittikaruwaku:1
විත්තිකරුවන්	viththikaruvan:1	vittikaruvan:1	vittikaruwan:1
විත්තිකාර	vittikara:2	viththikara:1
විත්තිය	vittiya:2	viththiya:1
විතාන	vithana:2	vitana:1
විතානගේ	vithanage:2	vitanage:1
විද	vida:3
විදර්ශන	vidarshana:2	vidarsana:1
විදර්ශනා	vidarshana:2	vidarsana:1
විදර්ශනාව	vidarsanava:1	vidarshanava:1	vidarshanawa:1
විදහා	widaha:3	vidaha:3
විදහාපායි	vidahapayi:2	vidahapai:1
විද්යා	vidya:3
විද්යාත්මක	vidyathmaka:2	vidyatmaka:1
විද්යාලයේ	vidyalaye:3
විද්යුත්	vidyuth:2	vidyut:1
විද්වතකු	vidvataku:1	vidvathaku:1	vidwathaku:1
විද්වත්	vidvat:1	vidvath:1	vidwath:1
විද්වත්හු	vidvathhu:1	vidvathu:1	vidwathhu:1
විද්වතා	vidvata:1	vidvatha:1	vidwatha:1
විද්වතුන්	vidwathun:2	vidvathun:1	vidvatun:1
විද්වතුන්ගේ	vidvathunge:1	vidvatunge:1	vidwathunge:1
විද්වතුන්ට	vidvathunta:1	vidvatunta:1	vidwathunta:1
විද්වතෙක්	vidvatek:1	vidvathek:1	vidwathek:1
විද්‍යමාන	vidyamana:3
විද්‍යා	vidya:3
විද්‍යාකර	vidyakara:3
විද්‍යාගාර	vidyagara:3
විද්‍යාගාරය	vidyagaraya:3
විද්‍යාගාරයක්	vidyagarayak:3
විද්‍යාගාරයට	vidyagarayata:3
විද්‍යාගාරයේ	vidyagaraye:3
විද්‍යාගාරයේදී	vidyagarayedi:2	vidyagarayedee:1
විද්‍යාඥ	vidyagna:2	vidyagnaya:1
විද්‍යාඥයකු	vidyagnayaku:3
විද්‍යාඥයන්	vidyagnayan:3
විද්‍යාඥයන්ගේ	vidyagnayange:3
විද්‍යාඥයන්ට	vidyagnayanta:2	vidyanyayanta:1
විද්‍යාඥයා	vidyagnaya:2	vidyanyaya:1
විද්‍යාඥයින්	vidyagnayin:2	vidyanyayin:1
විද්‍යාඥයින්ගේ	vidyagnayinge:2	vidyanyayinge:1
විද්‍යාඥයින්ට	vidyagnayinta:2	vidyanyayinta:1
විද්‍යාඥයෙක්	vidyagnayek:2	vidyanyayek:1
විද්‍යාඥයෙකු	vidyagnayeku:2	vidyanyayeku:1
විද්‍යාඥයෝ	vidyaakgnayo:3	vidyagnayo:2	vidyanyayo:1
විද්‍යාත්මක	vidyathmaka:2	vidyatmaka:1
විද්‍යාත්මකව	vidyathmakawa:2	vidyathmakava:1	vidyatmakava:1
විද්‍යාධර	vidyadhara:2	vidyadara:1
විද්‍යානුකූලව	vidyanukulava:2	vidyanukoolawa:1
විද්‍යාපති	vidyapathi:2	vidyapati:1
විද්‍යාමාන	vidyamana:3
විද්‍යාමානව	vidyamanava:2	vidyamanawa:1
විද්‍යාර්ථීන්	vidyarthin:2	vidyartheen:1
විද්‍යාර්ථීන්ට	vidyarthinta:3
විද්‍යාල	vidyala:3
විද්‍යාලංකාර	vidyalankara:2	vidyalangkara:1
විද්‍යාලය	vidyalaya:3
විද්‍යාලයක	vidyalayaka:3
විද්‍යාලයකට	vidyalayakata:3
විද්‍යාලයක්	vidyalayak:3
විද්‍යාලයකි	vidyalayaki:3
විද්‍යාලයට	vidyalayata:3
විද්‍යාලයටත්	vidyalayatath:2	vidyalayatat:1
විද්‍යාලයටයි	vidyalayatayi:2	vidyalayatai:1
විද්‍යාලයය	vidyalayaya:3
විද්‍යාලයයි	vidyalayayi:2	vidyalayai:1
විද්‍යාලයයේ	vidyalaye:4	vidyalayaye:3
විද්‍යාලයීය	vidyalayiya:3
විද්‍යාලයෙන්	vidyalayen:3
විද්‍යාලයෙන්ද	vidyalayenda:3
විද්‍යාලයෙනි	vidyalayeni:3
විද්‍යාලයෙහි	vidyalayehi:3
විද්‍යාලයේ	vidyalaye:3
විද්‍යාලයේදී	vidyalayedi:2	vidyalayedee:1
විද්‍යාලවල	vidyalavala:2	vidyalawala:1
විද්‍යාලීය	vidyaliya:3	vidyaleeya:1
විද්‍යාලෝක	vidyaloka:3
විද්‍යාව	vidyawa:25	vidyava:4
විද්‍යාවක්	vidyavak:2	vidyawak:1
විද්‍යාවකි	vidyavaki:2	vidyawaki:1
විද්‍යාවට	vidyawata:4	vidyavata:2
විද්‍යාවත්	vidyavat:1	vidyavath:1	vidyawath:1
විද්‍යාවද	vidyavada:2	vidyawada:1
විද්‍යාවන්	vidyavan:2	vidyawan:1
විද්‍යාවන්ට	vidyavanta:2	vidyawanta:1
විද්‍යාවයි	vidyavayi:2	vidyawai:1
විද්‍යාවල	vidyavala:2	vidyawala:1
විද්‍යාවෙන්	vidyaven:2	vidyawen:1
විද්‍යාවෙහි	vidyavehi:2	vidyawehi:1
විද්‍යාවෙහිදී	vidyavehidi:2	vidyawehidee:1	vidyawehidi:1
විද්‍යාවේ	vidyawe:6	vidyave:2
විද්‍යාවේදී	vidyavedi:2	vidyawedee:1	vidyawedi:1
විද්‍යාවේම	vidyavema:2	vidyawema:1
විද්‍යුතය	vidyuthaya:2	vidyutaya:1
විද්‍යුත්	vidyuth:2	vidyut:1
විද්‍යුත්චුම්බක	vidhyuthchumbaka:1	vidyutcumbaka:1	vidyuthchumbaka:1
විද්‍යූත්	vidyuth:2	vidyut:1
විද්‍යොදය	vidyodaya:3
විද්‍යෝදය	vidyodaya:3
විදි	vidi:3
විදිති	vidithi:2	viditi:1
විදින	vidina:3
විදිනවා	vidinava:2	vidinawa:1
විදින්නේ	vidinnae:1	vidinne:1	viidinne:1
විදිනා	vidina:3
විදිනු	vidinu:3
විදිමින්	vidimin:3
විදිය	vidiya:3
විදියකින්	vidiyakin:3
විදියට	vidiyata:3
විදිලි	vidili:3
විදිහට	vidihata:3
විදීම	vidima:3	videema:1
විදීමට	vidimata:3	videemata:1
විදීම්	vidim:3	videem:1
විදීමේ	vidime:3	videeme:1
විදු	vidu:3
විදුරු	viduru:3
විදුරුමස	vidurumasa:3
විදුලි	viduli:3
විදුලිබල	vidulibala:3
විදුලිබලය	vidulibalaya:3
විදුලිය	viduliya:3
විදුලියක්	viduliyak:3
විදුලියෙන්	viduliyen:3
විදුලියේ	viduliye:3
විදුහල	viduhala:3
විදුහලක්	viduhalak:3
විදුහලට	viduhalata:3
විදුහල්	viduhal:3
විදුහල්පති	viduhalpathi:2	viduhalpati:1
විදුහල්පතිතුමන්ගේ	viduhalpathithumange:2	viduhalpatitumange:1
විදුහලෙන්	viduhalen:3
විදුහලෙනි	viduhaleni:3
විදුහලෙහි	viduhalehi:2	viduhalahi:1
විදුහලේ	viduhale:3
විදෘශ්‍ය	vidrushya:2	vidrsya:1
විදෙස්	vides:3
විදේශ	videsha:2	videsa:1
විදේශගත	videshagatha:2	videsagata:1
විදේශගතව	videsagatava:1	videshagathava:1	videshagathawa:1
විදේශයන්	videshayan:2	videsayan:1
විදේශයන්හි	videshayanhi:2	videsayanhi:1
විදේශික	videshika:2	videsika:1
විදේශිකයන්	videshikayan:2	videsikayan:1
විදේශිකයෝ	videshikayo:2	videsikayo:1
විදේශිය	videshiya:2	videsiya:1
විදේශීය	videshiya:2	videsheeya:1	videsiya:1
විධ	vidha:3	vida:1
විධාන	vidhana:2	vidana:1
විධානය	vidhanaya:2	vidanaya:1
විධානයක්	vidhanayak:2	vidanayak:1
විධායක	vidhayaka:3
විධායකය	vidhayakaya:3
විධායකයේ	vidhayakaye:3
විධි	vidhi:3
විධික්‍රම	vidhikrama:3
විධික්‍රමය	vidhikramaya:3
විධික්‍රමයකි	vidhikramayaki:3
විධිමත්	vidimath:3	vidhimath:2	vidhimat:1
විධිමත්ව	vidhimathva:1	vidhimathwa:1	vidhimatva:1
විධිය	vidhiya:3
විධියකි	vidhiyaki:3
විධියේ	vidhiye:3
විධිවිධාන	vidhividhana:3
විධීන්	vidhin:2	vidheen:1
වින	vina:3
විනය	vinaya:3
විනයත්	vinayat:2	vinayath:1
විනයධර	vinayadhara:3
විනයානුකූල	vinayanukula:3
විනයෙන්	vinayen:3
වින්	vin:2	win:1
වින්ඩෝස්	windows:3
වින්ද	vinda:3
වින්දන	vindana:3
වින්දනය	vindanaya:3
වින්දනයක්	vindanayak:3
වින්දනයට	vindanayata:3
වින්දනීය	vindaniya:3
වින්දා	vinda:3
වින්දේය	vindeya:3
වින්නඹු	vinnambu:3
වින්සන්	vinsan:2	vinson:1
වින්සන්ට්	vincent:2	vinsant:1
වින්සි	vinsi:3
වින්‍යාස	vinyasa:3
වින්‍යාසය	vinyasaya:3
විනා	vina:3
විනාකිරි	vinakiri:3
විනාඩි	winadi:4	vinadi:3
විනාඩියක්	vinadiyak:3
විනාඩියට	vinadiyata:3
විනාශ	winasha:16	vinasa:2	vinasha:1
විනාශක	vinasaka:2	vinashaka:1
විනාශකාරී	vinasakari:2	vinashakari:1
විනාශය	vinasaya:2	vinashaya:1
විනාශයකට	vinasayakata:2	vinashayakata:1
විනාශයක්	vinasayak:2	vinashayak:1
විනාශයට	winashayata:2	vinasayata:2	vinashayata:1
විනාශයත්	vinasayat:2	vinashayath:1
විනාශයන්	vinasayan:2	vinashayan:1
විනාශයෙන්	vinasayen:2	vinashayen:1
විනාශව	vinasava:2	vinashava:1
විනාශවන	vinasavana:2	vinashavana:1
විනාශවීම	vinasavima:2	vinashavima:1
විනාශවූ	vinasavu:2	vinashavu:1
විනාසය	vinasaya:3
විනි	vini:3
විනිපෙග්	vinipeg:2	winnipeg:1
විනිමය	vinimaya:3
විනිවිද	vinivida:3
විනිවිදභාවය	vinividabhavaya:3
විනිවිඳ	vinivinda:3
විනිශ්චය	vinishchaya:2	viniscaya:1
විනිශ්චයක්	vinishchayak:2	viniscayak:1
විනිශ්චයකාර	vinishchayakara:2	viniscayakara:1
විනිශ්චයකාරවරයා	viniscayakaravaraya:1	vinishchayakaravaraya:1	vinishchayakarawaraya:1
විනිශ්චයකාරවරු	viniscayakaravaru:1	vinishchayakaravaru:1	vinishchayakarawaru:1
විනිශ්චයට	vinishchayata:2	viniscayata:1
විනිශ්චයන්	vinishchayan:2	viniscayan:1
විනිස	vinisa:3
විනිසුරු	vinisuru:3
විනිසුරුවන්	vinisuruvan:2	vinisuruwan:1
විනිසුරුවරයකු	vinisuruvarayaku:2	vinisuruwarayaku:1
විනිසුරුවරයෙකු	vinisuruvarayeku:2	vinisuruwarayeku:1
විනිසුරුවරුන්	vinisuruvarun:2	vinisuruwarun:1
විනී	vinee:2	vini:1
විනීත	vineetha:1	vinita:1	vinitha:1
විනෝද	vinoda:3
විනෝදකාමී	vinodakami:2	vinodakamee:1
විනෝදජනක	vinodajanaka:3
විනෝදනී	vinodani:2	vinodanee:1
විනෝදය	vinodaya:3
විනෝද්	vinod:4
විනෝදාංශ	vinodansha:2	vinodansa:1
විනෝදාංශය	vinodanshaya:2	vinodansaya:1
විනෝදාංශයක්	vinodanshayak:2	vinodansayak:1
විනෝදාත්මක	vinodathmaka:2	vinodatmaka:1
විනෝදාස්වාද	vinodasvada:2	vinodaswadaya:1
විනෝදාස්වාදය	vinodasvadaya:2	vinodaswadaya:1
විඳ	vinda:3	vida:1
විඳි	vindi:2	vidi:1
විඳිති	vidithi:1	vindithi:1	vinditi:1
විඳින	vindina:2	vidina:1
විඳින්න	vindinna:2	vidinna:1
විඳින්නට	vindinnata:2	vidinnata:1
විඳින්නේ	vindinne:2	vidinne:1
විඳින්නේය	vindinneya:2	vidinneya:1
විඳිනු	vindinu:2	vidinu:1
විඳිමින්	vindimin:2	vidimin:1
විඳීම	vindima:2	videema:1
විඳීමක්	vindimak:2	videemak:1
විඳීමට	vindimata:2	videemata:1
විඳීමෙන්	vindimen:2	videemen:1
විඳීමේ	vindime:2	videeme:1
විපක්ෂ	vipaksha:2	vipaksa:1
විපක්ෂය	vipakshaya:2	vipaksaya:1
විපක්ෂයට	vipakshayata:2	vipaksayata:1
විපක්ෂයේ	vipakshaye:2	vipaksaye:1
විපක්ෂව	vipaksava:1	vipakshava:1	vipakshawa:1
විපත	vipatha:2	vipata:1
විපතට	vipathata:2	vipatata:1
විපත්	vipath:2	vipat:1
විපරම්	viparam:2	vipram:1
විපර්යාස	viparyasa:2	viparyaasa:1
විපර්යාසය	viparyasaya:2	viparyaasaya:1
විපර්යාසයක්	viparyasayak:2	viparyaasayak:1
විපර්යාසයන්	viparyasayan:2	viparyaasayan:1
විපරිණාමය	viparinamaya:2	viparinaamaya:1
විපරිණාමයට	viparinamayata:2	viparinaamayata:1
විපස්සනා	vipassana:2	vipssanaa:1
විපස්සි	vipassi:3
විපස්සී	vipassi:2	vipassee:1
විප්ලව	viplava:2	viplawa:1
විප්ලවකාරී	viplavakari:2	viplawkaaree:1
විප්ලවය	viplavaya:2	viplawaya:1
විප්ලවයකට	viplavayakata:2	viplawayakata:1
විප්ලවයක්	viplavayak:2	viplawayak:1
විප්ලවයට	viplavayata:2	viplawayata:1
විප්ලවයත්	viplavayat:1	viplavayath:1	viplawayath:1
විප්ලවයෙන්	viplavayen:2	viplawayen:1
විප්ලවයේ	viplavaye:2	viplawaye:1
විප්ලවයේදී	viplavayedi:2	viplawayedee:1
විප්ලවවාදී	viplavavadi:2	viplawawadee:1
විප්ලවීය	viplaviya:2	viplaweeya:1
විපාක	vipaka:3
විපුල	vipula:3
විභක්ති	vibhakthi:2	vibhakti:1
විභක්තිය	vibhakthiya:2	vibhaktiya:1
විභව	vibhava:2	vibhawa:1
විභවය	vibhavaya:2	vibhawaya:1
විභවයක්	vibhavayak:2	vibhawayak:1
විභාග	vibhaga:3
විභාගය	vibhagaya:3
විභාගයකදී	vibhagayakadi:2	vibhagayakadee:1
විභාගයක්	vibhagayak:3
විභාගයකින්	vibhagayakin:3
විභාගයට	vibhagayata:3
විභාගයෙන්	vibhagayen:2	vibhaagayen:1
විභාගයේදි	vibhagayedi:2	vibhaagayedi:1
විභාජක	vibhajaka:3
විභාජනය	vibhajanaya:3
විභාජනයෙන්	vibhajanayen:3
විභින්න	vibhinna:3
විභීෂණ	vibheeshana:1	vibhisana:1	vibhishana:1
විභූති	vibhuthi:2	vibhuti:1
විභූතිය	vibhoothiya:1	vibhuthiya:1	vibhutiya:1
විභූෂිත	vibhushitha:2	vibhusita:1
විභේද	vibheda:2	vebheda:1
විභේදන	vibhedana:2	vebhedana:1
විභේදනය	vibhedanaya:2	vebhedanaya:1
විභේදනයක්	vibhedanayak:2	vebhedanayak:1
විමක්	vimak:2	vimal:1
විමට	vimata:3
විමතිය	vimathiya:2	vimatiya:1
විමධ්‍යගත	vimadhyagatha:2	vimadhyagata:1
විමන්	viman:3
විමර්ශණ	vimarshana:2	vimarsana:1
විමර්ශණය	vimarshanaya:2	vimarsanaya:1
විමර්ශන	vimarshana:2	vimarsana:1
විමර්ශනය	vimarshanaya:2	vimarsanaya:1
විමර්ශනයක	vimarshanayaka:2	vimarsanayaka:1
විමර්ශනයක්	vimarshanayak:2	vimarsanayak:1
විමර්ශනයකින්	vimarshanayakin:2	vimarsanayakin:1
විමර්ශනයට	vimarshanayata:2	vimarsanayata:1
විමර්ශනයේ	vimarshanaye:2	vimarsanaye:1
විමර්ශනයේදී	vimarsanayedi:1	vimarshanayedee:1	vimarshanayedi:1
විමර්ෂණ	vimarshana:2	vimarsana:1
විමර්ෂණය	vimarshanaya:2	vimarsanaya:1
විමලකීර්ති	vimalakeerthi:1	vimalakirthi:1	wimalakeerthi:1	wimalakirti:1
විමලධර්මසූරිය	vimaladharmasuriya:1	wimaladarmasuriya:1	wimaladharmasuriya:1
විමලරතන	vimalaratana:1	vimalarathana:1	wimalarathana:1
විමලරත්න	vimalarathna:1	vimalaratna:1	wimalarathana:1
විමලවීර	vimalavira:2	vimalaweera:1	wimalaweera:1
විමලවීරයන්ගේ	vimalavirayange:2	vimalaweerayange:1	wimalaweerayange:1
විමලසිරි	vimalasiri:3	wimalasiri:1
විමලසේන	vimalasena:3	wimalasena:1
විමල්	vimal:3	wimal:1
විමලා	vimala:3	wimala:1
විමසන	vimasana:3
විමසන්න	vimasanna:3
විමසන්නේ	vimasanne:3
විමසනු	vimasanu:3
විමසා	wimasa:2	vimasa:3
විමසිය	vimasiya:3
විමසිල්ලට	vimasillata:3
විමසිල්ලෙන්	vimasillen:3
විමසීම	vimasima:2	vimaseema:1
විමසීමක	vimasimaka:2	vimaseemaka:1
විමසීමක්	vimasimak:2	vimaseemak:1
විමසීමට	vimasimata:2	vimaseemata:1
විමසීම්	vimasim:2	vimaseem:1
විමසීමේ	vimasime:2	vimaseeme:1
විමසීමේදී	vimasimedi:2	vimaseemedee:1
විමසීය	vimasiya:2	vimaseeya:1
විමසුම	vimasuma:3
විමසුමකට	vimasumakata:3
විමසුමක්	vimasumak:3
විමසුමට	vimasumata:3
විමසුම්	vimasum:3
විමසූ	vimasu:3
විමාන	vimana:2	vimanaya:1
විමානය	vimanaya:3
විමානයක	vimanayaka:3
විමානයක්	vimanayak:3
විමානවල	vimanavala:2	vimanawala:1
විමුක්ති	wimukthi:7	vimukthi:2	vimukti:1
විමුක්තිය	wimukthiya:2	vimukthiya:2	vimuktiya:1
විමුක්තියට	vimukthiyata:2	vimuktiyata:1
විමූර්ජනය	vimurjanaya:3
විමෙන්	vimen:3
විමේ	vime:3
විමෝචක	vimochaka:2	vimocaka:1
විමෝචන	vimocana:1	vimochana:1	vmochana:1
විමෝචනය	vimocanaya:1	vimochanaya:1	vomochanaya:1
විය	wiya:203	viya:3
වියට	viyata:3
වියට්නාම	viyatnama:2	vietnama:1
වියට්නාමය	viyatnamaya:2	vietnamaya:1
වියට්නාමයේ	viyatnamaye:2	vietnamaye:1
වියට්නාම්	vietnam:2	viyatnam:1
වියත්	viyath:2	viyat:1
වියතුන්	viyathun:2	viyatun:1
වියතුන්ගේ	viyathunge:2	viyatunge:1
වියදම	viyadama:3
වියදමක්	viyadamak:3
වියදමකින්	viyadamakin:3
වියදමට	viyadamata:3
වියදමත්	viyadamath:2	viyadamat:1
වියදම්	wiyadam:2	viyadam:3
වියන	viyana:3
වියනක්	viyanak:3
වියන්	viyan:3
වියනා	viyana:3
වියපත්	viyapath:2	viyapat:1
වියමන	viyamana:3
වියයුතු	viyayuthu:2	viyayutu:1
වියයුතුය	viyayuthuya:2	viyayutuya:1
වියරණ	viyarana:3
වියරණය	viyaranaya:3
වියලා	viyala:3
වියලි	wiyali:2	viyali:3
වියලී	viyali:3	viyalee:1
වියලීම	viyalima:3	viyaleema:1
වියවුල්	viyavul:3
වියළා	viyala:3
වියළි	wiyali:4	viyali:3
වියළී	viyali:3	viyalee:1
වියානා	viyana:2	vienna:1
වියු	viyu:3	view:1
වියුක්ත	viyuktha:2	viyukta:1
වියුක්ති	viyukthi:2	viyukti:2
වියුක්තිය	viyukthiya:2	viyuktiya:1
වියූ	viyu:3
වියෙන්	viyen:3
වියෙහි	viyehi:3
වියෙහිදී	viyehidi:3
වියේ	viye:3
වියේදී	viyedi:3	viyedee:1
වියේදීම	viyedima:3	viyedeema:1
වියෝජන	viyojana:2	vyojana:1
වියෝජනය	viyojanaya:3
වියෝව	viyova:2	viyowa:1
වියෝවෙන්	viyoven:2	viyowen:1
විරල	virala:3
විරලය	viralaya:3
විරලව	viralava:2	viralawa:1
විරසකය	virasakaya:3
විරසකයක්	virasakayak:3
විරහිත	virahitha:2	virahita:1
විරහිතය	virahithaya:2	virahitaya:1
විරහිතව	virahitava:1	virahithava:1	virahithawa:1
විරළ	virala:3
විරාග	viraga:3
විරාගය	viragaya:3
විරාජ්	viraj:3
විරාම	virama:3
විරාමය	viramaya:3
විරාමයක්	viramayak:3
විරිත්	virith:2	virit:1
විරු	viru:3
විරුදය	virudaya:3
විරුද්ධ	viruddha:3	virudda:1
විරුද්ධත්වය	viruddathwaya:1	viruddhathvaya:1	viruddhathwaya:1	viruddhatvaya:1
විරුද්ධත්වයක්	viruddathwaya:1	viruddhathvayak:1	viruddhathwaya:1	viruddhatvayak:1
විරුද්ධව	viruddhava:2	viruddawa:1	viruddhawa:1
විරුද්ධවාදී	viruddhavadi:2	viruddawadee:1	viruddhawadee:1
විරුද්ධවාදීන්	viruddhavadin:2	viruddawadeen:1	viruddhawadeen:1
විරුදාවලිය	virudavaliya:2	virudawaliya:1
විරුවා	viruva:2	viruwa:1
විරූ	viru:3
විරූප	virupa:3
විරූපණය	virupanaya:3
විරූපනය	virupanaya:3
විරූපී	virupi:3	virupee:1
විරෝධ	virodha:2	viroda:1
විරෝධතා	virodhatha:3	virodhata:2	virodatha:1
විරෝධතාකරුවන්	virodhatakaruvan:2	virodathakaruwan:1
විරෝධතාව	virodhatava:2	virodathawa:1
විරෝධතාවය	virodhatavaya:2	virodathawaya:1
විරෝධතාවයක්	virodhatavayak:2	virodathawayak:1
විරෝධය	virodhaya:2	virodaya:1
විරෝධයක්	virodhayak:2	virodayak:1
විරෝධයට	virodhayata:2	virodayata:1
විරෝධි	virodhi:2	virodi:1
විරෝධී	virodhi:2	virodee:1
විල	vila:3
විලක්	vilak:3
විලක්කු	vilakku:3
විලට	vilata:3
විලයන	vilayana:3
විලයනය	vilayanaya:3
විලවුන්	vilavun:3
විලසින්	vilasin:3
විල්	vil:3
විල්ගමුව	vilgamuwa:1	wilgamuva:1	wilgamuwa:1
විල්පත්තු	vilpaththu:1	vilpatthu:1	wilpattu:1
විල්බට්	vilbat:1	vilbert:1	wilbert:1
විල්බර්	vilbar:1	vilber:1	wilbur:1
විල්ලුද	villuda:3
විල්වල	vilvala:3
විල්සන්	wilson:3
විල්සන්ගේ	vilsange:2	wilsonge:1
විල්හෙල්ම්	wilhelm:2	wilham:1
විල්ෆ්‍රඩ්	wilfred:3
විලාප	vilapa:3
විලාපය	vilapaya:3
විලාශය	vilasaya:2	vilashaya:1
විලාශයන්	vilasayan:2	vilashayan:1
විලාසය	vilasaya:3
විලාසයක්	vilasayak:3
විලාසයෙන්	vilasayen:3
විලාසයෙනි	vilasayeni:3
විලාසිතා	vilasita:2	vilasitha:1
විලාසිතාව	vilasitava:2	vilasithava:1
විලාසිතාවක්	vilasitavak:2	vilasithavak:1
විලියම්	william:2	viliyam:1
විලියම්ස්	williams:2	viliyams:1
විලී	vili:3
විලීන	vilina:3
විලෙන්	vilen:3
විලෝපික	vilopika:3
විලෝපිකයන්	vilopikayan:3
විලෝපිකයාට	vilopikayata:3
විලෝපීන්	vilopin:3
විලෝම	wiloma:2	viloma:3
විලෝමය	vilomaya:3
විවධ	vivadha:3
විවර	vivara:3
විවරණ	vivarana:3
විවරණය	vivaranaya:3
විවරණයක්	vivaranayak:3
විවරණයට	vivaranayata:3
විවරණයේ	vivaranaye:3
විවරය	vivaraya:3
විවරයක්	vivarayak:3
විවරව	vivarava:3
විවර්තන	vivartana:2	vivarthana:1
විවර්තනය	vivartanaya:2	vivarthanaya:1
විවර්තනයට	vivartanayata:2	vivarthanayata:1
විවාද	vivada:3
විවාදය	vivadaya:3
විවාදයක්	vivadayak:3
විවාදයට	vivadayata:3
විවාදයන්	vivadayan:3
විවාදයේ	vivadaye:3
විවාදාත්මක	vivadatmaka:2	vivadathmaka:1
විවාදාත්මකය	vivadatmakaya:2	vivadathmakaya:1
විවාදිත	vivadita:2	vivaditha:1
විවාහ	vivaha:3
විවාහක	vivahaka:3
විවාහය	vivahaya:3
විවාහයක	vivahayaka:3
විවාහයකට	vivahayakata:3
විවාහයක්	vivahayak:3
විවාහයට	vivahayata:3
විවාහයන්	vivahayan:3
විවාහයන්ට	vivahayanta:3
විවාහයෙන්	vivahayen:3
විවාහයේ	vivahaye:3
විවාහවීම	vivahavima:3
විවාහවීමේ	vivahavime:3
විවාහවූ	vivahavu:3
විවික්ත	vivikta:2	viviktha:1
විවිද	vivida:3
විවිධ	vividha:3
විවිධත්ව	vividhatva:2	vividhathva:1
විවිධත්වය	vividhatvaya:2	vividhathvaya:1
විවිධත්වයක්	vividhatvayak:3
විවිධත්වයකින්	vividhatvayakin:3
විවිධත්වයට	vividhatvayata:3
විවිධත්වයෙන්	vividhatvayen:2	vividhathvayen:1
විවිධතා	vividhata:2	vividhatha:1
විවිධය	vividhaya:3
විවිධවූ	vividhavu:3
විවිධාංගීකරණය	vividhamgikaranaya:2	vividhangikaranaya:1
විවිධාකාර	vividhakara:3
විවිධාකාරය	vividhakaraya:2	vividhakarayi:1
විවිධාකාරයෙන්	vividhakarayen:3
විවිධාකාරයේ	vividhakaraye:3
විවිර	vivira:3
විවීම	vivima:3
විවීමේ	vivime:3
විවෘත	wiwurtha:7	vivrta:2	vivrtha:1
විවෘතය	vivrtaya:2	vivrthaya:1
විවෘතව	vivrtava:2	vivrthava:1
විවේක	viveka:3
විවේකය	vivekaya:3
විවේකයෙන්	vivekayen:3
විවේකානන්ද	vivekananda:3
විවේකීව	vivekiva:3
විවේචකයන්	vivechakayan:2	vivecakayan:1
විවේචකයන්ගේ	vivechakayange:2	vivecakayange:1
විවේචකයන්ට	vivechakayanta:2	vivecakayanta:1
විවේචන	vivecana:2	vivechana:1
විවේචනය	vivecanaya:2	vivechanaya:1
විවේචනයක්	vivechanayak:2	vivecanayak:1
විවේචනයට	vivecanayata:2	vivechanayata:1
විවේචනයන්	vivecanayan:2	vivechanayan:1
විවේචනයන්ට	vivechanayanta:2	vivecanayanta:1
විවේචනාත්මක	vivechanatmaka:2	vivecanatmaka:1
විවේචනාත්මකව	vivecanatmakava:1	vivechanathmakava:1	vivechanatmakava:1
විශ	visa:2	visha:1
විශය	visaya:2	vishaya:1
විශ්කම්භය	viskambhaya:2	vishkambhaya:1
විශ්කම්භයක්	viskambhayak:2	vishkambhayak:1
විශ්ණු	visnu:2	vishnu:1
විශ්මය	vismaya:2	vishmaya:1
විශ්මයට	vismayata:2	vishmayata:1
විශ්මිත	vismita:2	vishmitha:1
විශ්ලේෂ	vislesa:2	vishlesha:1
විශ්ලේෂක	vislesaka:2	vishleshaka:1
විශ්ලේෂකයින්	vislesakayin:2	vishleshakayin:1
විශ්ලේෂණ	vislesana:2	vishleshana:1
විශ්ලේෂණය	vislesanaya:2	vishleshanaya:1
විශ්ලේෂණයක	vislesanayaka:2	vishleshanayaka:1
විශ්ලේෂණයක්	vislesanayak:2	vishleshanayak:1
විශ්ලේෂණයකින්	vislesanayakin:2	vishleshanayakin:1
විශ්ලේෂණයට	vislesanayata:2	vishlesanayata:1
විශ්ලේෂණයන්	vislesanayan:2	vishleshanayan:1
විශ්ලේෂණයයි	vislesanayayi:2	vishleshanayayi:1
විශ්ලේෂණයෙන්	vislesanayen:2	vishleshanayen:1
විශ්ලේෂණයේ	vislesanaye:2	vishleshanaye:1
විශ්ලේෂණයේදී	vislesanayedi:2	vishleshanayedi:1
විශ්ලේෂණාත්මක	vislesanatmaka:2	vishleshanathmaka:1
විශ්ලේෂිත	vislesita:2	vishleshitha:1
විශ්ව	wishwa:10	visva:2	vishva:1
විශ්වකෝෂ	vishwakosha:2	visvakosa:2	vishvakosha:1
විශ්වකෝෂය	visvakosaya:2	vishvakoshaya:1
විශ්වකෝෂයක්	visvakosayak:2	visvakoshayak:1
විශ්වකෝෂයේ	visvakosaye:3
විශ්වනාථ	visvanatha:2	vishvanatha:1
විශ්වය	visvaya:3
විශ්වයට	visvayata:3
විශ්වයම	visvayama:3
විශ්වයෙන්	visvayen:3
විශ්වයෙහි	visvayehi:3
විශ්වයේ	visvaye:3
විශ්වවිද්‍යාල	visvavidyala:3
විශ්වවිද්‍යාලය	visvavidyalaya:3
විශ්වවිද්‍යාලයක්	visvavidyalayak:3
විශ්වවිද්‍යාලයට	visvavidyalayata:3
විශ්වවිද්‍යාලයන්	visvavidyalayan:3
විශ්වවිද්‍යාලයය	visvavidyalayaya:3
විශ්වවිද්‍යාලයීය	visvavidyalayiya:3
විශ්වවිද්‍යාලයෙන්	visvavidyalayen:3
විශ්වවිද්‍යාලයෙහි	visvavidyalayehi:3
විශ්වවිද්‍යාලයේ	visvavidyalaye:3
විශ්වවිද්‍යාලවල	visvavidyalavala:2	vishvavidyalavala:1
විශ්වවිද්‍යාලීය	visvavidyaliya:2	vishvavidyaliya:1
විශ්වසනීය	visvasaniya:2	vishvasaniya:1
විශ්වසනීයත්වය	visvasaniyatvaya:2	vishvasaniyathvaya:1
විශ්වා	visva:2	wishwa:1
විශ්වාස	wishwasa:8	visvasa:3
විශ්වාසදායක	visvasadayaka:3
විශ්වාසදායී	visvasadayi:3
විශ්වාසනීය	visvasaniya:3
විශ්වාසනීයත්වය	visvasaniyatvaya:2	visvasaniyathvaya:1
විශ්වාසය	vishvasaya:3	visvasaya:3
විශ්වාසයක්	vishwasayak:2	visvasayak:3
විශ්වාසයකි	visvasayaki:3
විශ්වාසයකින්	visvasayakin:3
විශ්වාසයට	visvasayata:3
විශ්වාසයන්	wishwasayan:2	visvasayan:3
විශ්වාසයන්ට	visvasayanta:3
විශ්වාසයයි	visvasayayi:3
විශ්වාසයි	visvasayi:3
විශ්වාසයෙන්	visvasayen:3
විශ්වාසයේ	visvasaye:3
විශ්වාසවන්ත	visvasavanta:2	visvasavantha:1
විශ්විද්‍යාල	visvidyala:3
විශ්වීය	visviya:3
විශ්‍රාම	wishrama:2	visrama:3
විශ්‍රාමික	visramika:3
විශාකා	visaka:2	visakha:1
විශාඛා	visakha:3
විශාරද	visarada:3
විශාල	wishala:36	visala:3
විශාලතම	vishalathama:7	visalatama:2	visalathama:1
විශාලතමය	visalatamaya:3
විශාලත්වය	visalatvaya:2	visalathvaya:1
විශාලත්වයක්	visalatvayak:2	visalathvayak:1
විශාලත්වයට	visalatvayata:2	visalathvayata:1
විශාලත්වයෙන්	visalatvayen:2	visalathvayen:1
විශාලන	visalana:3
විශාලනය	visalanaya:3
විශාලම	visalama:3
විශාලය	visalaya:3
විශාලයි	visalayi:3
විශාලව	visalava:3
විශාලවී	visalavi:3
විශාලා	visala:3
විශිෂ්ට	visista:2	visishta:2
විශිෂ්ටතම	visishtatama:2	visistatama:2
විශිෂ්ටත්වය	visistatvaya:2	visishtathvaya:1	visishtatvaya:1
විශිෂ්ටත්වයට	visistatvayata:2	visishtathvayata:1	visishtatvayata:1
විශිෂ්ඨ	visistha:3
විශිෂ්ඨතම	visisthatama:2	visishthatama:1
විශිෂ්ඨත්වය	visisthatvaya:2	visishthatvaya:1
විශුද්ධි	visuddhi:3
විශුද්ධිකරණය	visuddhikaranaya:3
විශුද්ධිය	visuddhiya:3
විශුද්ධියයි	visuddhiyayi:3
විශේශයෙන්ම	visesayenma:2	viseshayenma:1
විශේෂ	wishesha:16	visesa:2	visesha:1
විශේෂඥ	visesagna:2	viseshagna:1
විශේෂඥතාවය	visesagnatavaya:2	visheshagnathavaya:1
විශේෂඥයකු	visesagnayaku:2	visheshagnayaku:1
විශේෂඥයන්	visesagnayan:2	visheshagnayan:1
විශේෂඥයන්ගේ	visesagnayange:2	visheshagnayange:1
විශේෂඥයින්	visesagnayin:2	visheshagnayin:1
විශේෂඥයෙකු	visesagnayeku:2	visheshagnayeku:1
විශේෂඥවරුන්	visesagnavarun:2	visheshagnavarun:1
විශේෂණ	visesana:2	visheshana:1
විශේෂණය	visesanaya:2	visheshanaya:1
විශේෂණයක්	visesanayak:2	visheshanayak:1
විශේෂත්වය	visesatvaya:2	visheshathvaya:1
විශේෂත්වයක්	visesatvayak:2	visheshathvayak:1
විශේෂත්වයකි	visesatvayaki:2	visheshathvayaki:1
විශේෂත්වයන්	visesatvayan:2	visheshathvayan:1
විශේෂතා	visesata:2	visheshatha:1
විශේෂය	wisheshaya:3	visesaya:2	visheshaya:1
විශේෂයක	visesayaka:2	visheshayaka:1
විශේෂයකට	visesayakata:2	visheshayakata:1
විශේෂයක්	visesayak:2	visheshayak:1
විශේෂයක්ද	visesayakda:2	visheshayakda:1
විශේෂයකි	wisheshayaki:2	visesayaki:2	visheshayaki:1
විශේෂයකින්	visesayakin:2	visheshayakin:1
විශේෂයට	visesayata:2	visheshayata:1
විශේෂයන්	visesayan:2	visheshayan:1
විශේෂයන්ගේ	visesayange:2	visheshayange:1
විශේෂයන්ට	visesayanta:2	visheshayanta:1
විශේෂයන්හි	visesayanhi:2	visheshayanhi:1
විශේෂයෙන්	wisheshayen:6	visesayen:2	visheshayen:1
විශේෂයෙන්ම	visheshayenma:3	visesayenma:2
විශේෂයේ	visesaye:2	visheshaye:1
විශේෂවල	visesavala:2	visheshavala:1
විශේෂවලට	visesavalata:2	visheshavalata:1
විශේෂාංග	visesanga:2	visheshamga:1
විශේෂාංගයක්	visesangayak:2	vishesamgayak:1
විශේෂිත	wisheshitha:8	visesita:2	visheshitha:1
විශේෂිතම	visesitama:2	visheshithama:1	wisheshithama:1
විශේෂිතව	visesitava:2	visheshithava:1	wishesithawa:1
විශේෂීකරණය	visesikaranaya:2	visheshikaranaya:1
විෂ	wisha:5	visa:2	visha:1
විෂට	visata:2	vishata:1
විෂබීජ	visabija:3
විෂම	visama:2	vishama:1
විෂමජාතීය	visamajatiya:2	vishamajathiya:1	wishamajathiya:1
විෂමත්වයක්	visamatvayak:2	vishamathvayak:1	wishamathwayak:1
විෂමතා	visamata:2	vishamatha:1
විෂමතාව	visamatava:2	vishamathava:1
විෂමතාවය	visamatavaya:2	vishamathavaya:1
විෂමතාවයන්	visamatavayan:2	vishamatavayan:1	wishamatawayan:1
විෂමලිංගික	visamalimgika:1	visamalingika:1	vishamalimgika:1	wishamalimgika:1
විෂය	vishaya:21	visaya:2	wishaya:1
විෂයක	visayaka:2	vishayaka:1	wishayaka:1
විෂයක්	visayak:2	vishayak:1	wishayak:1
විෂයකි	visayaki:2	vishayaki:1	wishayaki:1
විෂයට	visayata:2	vishayata:1	wishayata:1
විෂයන්	visayan:2	vishayan:1	wishayan:1
විෂයපථය	visayapathaya:2	vishayapathaya:1	wishayapathaya:1
විෂයමාලාව	visayamalava:2	vishayamalava:1	wishayamalawa:1
විෂයය	visayaya:2	vishayaya:1	wishayaya:1
විෂයයක්	visayayak:2	vishayayak:1	wishayayak:1
විෂයයන්	wishayayan:3	visayayan:2	vishayayan:1
විෂයයන්ට	visayayanta:2	vishayayanta:1	wishayayanya:1
විෂයයෙහි	visayayehi:2	vishayayehi:1	wishayayehi:1
විෂයාත්මක	visayatmaka:2	vishayathmaka:1	wishayathmaka:1
විෂයෙන්	visayen:2	vishayen:1	wishayen:1
විෂයෙහි	visayehi:2	vishayehi:1	wishayehi:1
විෂයේ	visaye:2	vishaye:2	wishaye:1
විෂ්කම්භය	viskambhaya:2	vishkambhaya:1	wishkambhaya:1
විෂ්කම්භයක්	viskambhayak:2	vishkambhayak:1
විෂ්කම්භයකින්	viskambhayakin:2	vishkambhayakin:1
විෂ්ණු	vishnu:2	visnu:2
විෂ්ණුගේ	wishnuge:2	vishnuge:1	visnuge:1	visnunge:1
විෂාදය	visadaya:2	vishadaya:2
විෂුවල්	visual:3
විස	visa:3
විසංගත	visangata:2	visamgata:1	visamgatha:1	visangatha:1
විසංයෝජනය	visamyojanaya:2	visanyojanaya:2	wisamyojanaya:1
විසදා	visada:3	wisada:1
විසදිය	visadiya:3	wisadiya:1
විසදීම	visadima:3	wisadima:1
විසදීමට	visadimata:3
විසදුමක්	visadumak:3	wisadumak:1
විසදුම්	visadum:3	wisadum:1
විසන්	visan:3	wisan:1
විසන්ධි	visandhi:3	wisandhi:1
විසඳන	visandana:3
විසඳයි	visandayi:2	visandai:1
විසඳා	visanda:3
විසඳිය	visandiya:3
විසඳී	visandi:3
විසඳීම	visandima:3
විසඳීමට	visandimata:3
විසඳීමේ	visandime:3
විසඳුම	visanduma:3
විසඳුමකට	visandumakata:3
විසඳුමක්	wisandumak:2	visandumak:3
විසඳුම්	visandum:2	visadum:1
විසම	visama:3
විසම්මුතිය	visammutiya:2	visammuthiya:1
විසරණය	visaranaya:3
විසර්ජන	visarjana:3
විසර්ජනය	visarjanaya:3
විසල්	visal:3
විස්කි	viski:1	visky:1	whiskey:1
විස්කොන්සින්	viskonsin:2	wisconsin:1
විස්කෝතු	viskotu:2	viskothu:1
විස්ටා	vista:3
විස්තර	wisthara:15	vistara:2	visthara:1
විස්තරද	vistarada:2	vistharada:1
විස්තරය	vistaraya:2	vistharaya:1
විස්තරයක්	vistarayak:2	vistharayak:1
විස්තරයට	vistarayata:2	vistharayata:1
විස්තරයන්	vistarayan:2	vistharayan:1
විස්තරයේ	vistaraye:2	vistharaye:1
විස්තරාත්මක	vistaratmaka:2	vistharathmaka:1
විස්තරාත්මකව	vistaratmakava:2	vistharathmakava:1
විස්තාර	vistara:2	visthara:1
විස්තාරණය	vistaranaya:2	vistharanaya:1
විස්තාරය	vistaraya:2	vistharaya:1
විස්තීරණය	vistiranaya:2	visthiranaya:1
විස්තීර්ණ	vistirna:2	visthirna:1
විස්තෘත	vistrta:2	visthrutha:1
විස්ථාපන	visthapana:3
විස්ථාපනය	visthapanaya:3
විස්ථාපනයක්	visthapanayak:3
විස්නා	visna:3
විස්මය	vismaya:3
විස්මයජනක	vismayajanaka:3
විස්මයට	vismayata:3
විස්මිත	vismita:2	vismitha:1
විස්වාසය	visvasaya:3
විස්ස	vissa:3
විස්සක	vissaka:3
විස්සකට	vissakata:3
විස්සක්	vissak:3
විස්සට	vissata:3
විස්සයි	vissayi:2	vissai:1
විසි	visi:3
විසිකරන	visikarana:3
විසිණි	visini:3
විසිතුරු	visithuru:2	visituru:2
විසින්	wisin:164	visin:3
විසින්ද	wisinda:2	visinda:3
විසින්ම	wisinma:3	visinma:3
විසින්මය	visinmaya:3
විසින්ය	visinya:3
විසිනි	wisini:14	visini:3
විසිනුත්	visinut:2	visinuth:1
විසිනුයි	visinuyi:3
විසිපහක්	visipahak:3
විසිර	visira:3
විසිරි	visiri:3
විසිරී	visiri:3
විසිරීම	visirima:3
විසිරුණු	visirunu:3
විසිල්	visil:3
විසිවන	visivana:3
විසීම	visima:3
විසීමට	visimata:3
විසීය	visiya:3
විසු	visu:3
විසුරුවන	visuruvana:3
විසුරුවයි	visuruvayi:3
විසුරුවා	visuruva:3
විසුවේ	visuve:3
විසුළු	visulu:3
විසූ	visu:3
විහඟි	vihangi:3
විහරණ	viharana:3
විහාර	vihara:3
විහාරගම්	viharagam:2	vihargam:1
විහාරමහා	viharamaha:3
විහාරමහාදේවි	viharamahadevi:3
විහාරය	viharaya:3
විහාරයක	viharayaka:3
විහාරයක්	viharayak:3
විහාරයකි	viharayaki:3
විහාරයට	viharayata:3
විහාරයත්	viharayat:2	viharayath:1
විහාරයන්	viharayan:3
විහාරයයි	viharayayi:3
විහාරයෙන්	viharayen:3
විහාරයෙහි	viharayehi:3
විහාරයේ	viharaye:3
විහාරයේදී	viharayedi:3
විහාරවල	viharavala:3
විහාරස්ථාන	viharasthana:3
විහාරස්ථානය	viharasthanaya:3
විහාරස්ථානයක	viharasthanayaka:3
විහාරස්ථානයක්	viharasthanayak:3
විහාරස්ථානයට	viharasthanayata:3
විහාරස්ථානයෙහි	viharasthanayehi:3
විහාරස්ථානයේ	viharasthanaye:3
විහාරාධිපති	viharadhipati:2	viharadhipathi:1
විහාරාරාම	vihararama:2	vihararamaya:1
විහිද	vihida:3
විහිදි	vihidi:3
විහිදීම	vihidima:3
විහිදුණු	vihidunu:3
විහිදුන	vihiduna:3
විහිදුනු	vihidunu:3
විහිදුම්	vihidum:3
විහිදුවන	vihiduvana:2	vihiduwana:1
විහිදුවමින්	vihiduvamin:2	vihiduwamin:1
විහිදුවීමට	vihiduvimata:2	vihiduweemata:1
විහිදෙන	vihidena:3
විහිදෙයි	vihidei:2	vihideyi:1
විහිදේ	vihide:3
විහිලු	vihilu:3
විළඳ	vilanda:2	vilada:1	wilada:1
විළි	vili:3	wili:1
වී	wee:61	vi:2	we:1
වීජ	vija:2	veeja:1	weeja:1
වීජීය	vijiya:2	wijeeya:1	wijeya:1
වීඩියෝ	video:2	vidiyo:2
වීඩියෝව	vidiyova:2	videowa:1
වීණා	vina:2	weena:1
වීණාව	vinava:2	weenawa:1
වීථිය	vithiya:2	weethiya:1
වීථියක	vithiyaka:2	weediyaka:1	weethiyaka:1
වීථියේ	vithiye:2	weethiye:1
වීදාගම	vidagama:2	weedagama:1	widagama:1
වීදි	weedi:2	vedi:1	vidi:1
වීදිය	vediya:1	vidiya:1	weediya:1
වීදියගොඩ	vidiyagoda:2	weediyagoda:1
වීදියෙන්	vidiyen:2	weeediyen:1
වීදියේ	vidiye:2	weediye:1
වීදීයේ	vidiye:2	weediye:1
වීදුරු	viduru:2	veeduru:1
වීදුරුවක්	viduruvak:2	veeduruwak:1
වීනස්	venus:2	vinas:1
වීනා	vina:2	veena:1
වීම	weema:37	vima:2
වීමකට	vimakata:1	vimakate:1	weemakata:1
වීමකදී	vimakade:1	vimakadi:1	weemakadi:1
වීමක්	weemak:3	vimak:2
වීමක්ද	vimakda:2	weemakda:1
වීමකි	vimaki:2	weemaki:1
වීමකින්	vimakin:2	weemakin:1
වීමට	weemata:21	vimata:2
වීමටත්	weematath:2	vimatat:1	vimatath:1
වීමටද	vimatada:2	weematada:1
වීමටය	vimataya:2	weemataya:1
වීමටයි	vimatayi:2	weematai:1
වීමත්	weemath:5	vimat:1	vimath:1
වීමත්ය	vimathya:1	vimatya:1	weemathya:1
වීමද	vimada:2	weemada:1
වීමය	vimaya:2	weemaya:1
වීමයි	weemai:3	vimai:1	vimayi:1
වීම්	vim:2	weem:1
වීම්වලට	vimvalata:2	weemwalata:1
වීමෙ	vime:2	weeme:1
වීමෙදී	vimedi:2	weemedee:1
වීමෙන්	vimen:2	weemen:1
වීමෙන්ම	vimenma:2	weemenma:1
වීමෙන්ය	vimenya:2	weemenya:1
වීමෙනි	vimeni:2	weemeni:1
වීමෙනුත්	vimenut:1	vimenuth:1	weemenuth:1
වීමෙහි	vimehi:2	weemehi:1
වීමේ	weeme:9	vime:2
වීමේදි	vimedi:2	weemedi:1
වීමේදී	vimedi:2	weemedee:1
වීය	wiya:2	viya:2	weeya:1
වීර	vira:2	veera:1	weera:1
වීරක්කොඩි	virakkodi:2	weerakkody:1
වීරකාව්‍ය	virakavya:2	veerakavya:1	weerakavya:1
වීරත්වය	virathvaya:1	viratvaya:1	weerathwaya:1
වීරතුංග	viratumga:2	virathunga:1	viratunga:1
වීරපණ්ඩු	virapandu:3
වීරබාහු	virabahu:2	virabhahu:1
වීරමන්	viraman:3
වීරයන්	virayan:3
වීරයන්ගේ	virayange:3
වීරයා	viraya:3
වීරයෙක්	virayek:3
වීරයෙකු	virayeku:3
වීරරත්න	viraratna:1	weerarathne:1	weeraratna:1
වීරවරයන්	viravarayan:3
වීරවරිය	viravariya:2	weerawariya:1
වීරවරුන්	viravarun:2	veeravarun:1
වීරසිංහ	weerasinghe:3
වීරසේකර	virasekara:1	weerasekara:1	weerasekera:1
වීර්	vir:3
වීර්ය	virya:3
වීර්යය	viryaya:2	viryai:1
වීර්යයෙන්	viryayen:2	viryayan:1
වීරිය	viriya:3
වීරියක්	viriyak:3
වීරෝදාර	virodara:3
වීසා	visa:3
වීසි	visi:3
වු	wu:29	vu:3
වුණ	vuna:3
වුණත්	vunat:2	vunath:1
වුණා	vuna:6
වුණාට	vunata:3
වුණි	wuni:3	vuni:3
වුණු	wunu:2	vunu:3
වුණේ	vune:3
වුණොත්	vunot:2	vunoth:1
වුත්	vut:2	vuth:1
වුද	vuda:3
වුන	vuna:3
වුනත්	vunat:2	vunath:1
වුනද	vunada:3
වුන්	vun:3
වුනා	vuna:3
වුනාය	vunaya:3
වුනි	wuni:2	vuni:3
වුනු	vunu:3
වුනේ	vune:3
වුනේය	vuneya:3
වුයේ	wuye:8	vuye:3
වුයේය	vuyeya:3
වුල්ෆ්	vulf:2	wolf:1
වුව	wuwa:6	vuva:3
වුවක්	vuvak:3
වුවකි	vuvaki:3
වුවත්	wuwath:10	vuvat:2	vuvath:1
වුවද	wuwada:16	vuvada:3
වුවන්	vuvan:3
වුවමනා	vuvamana:3
වුවමනාව	vuvamanava:3
වුවමනාවන්	vuvamanavan:3
වුවහොත්	vuvahot:2	vuvahoth:1
වුවාය	wuwaya:2	vuvaya:3
වුහ	vuha:3
වූ	wu:151	vu:3
වූකලි	vukali:3
වූකලී	vukali:3
වූත්	vut:2	vuth:1
වූද	vuda:3
වූයෙන්	vuyen:3
වූයේ	wuye:23	vuye:3
වූයේද	vuyeda:3
වූයේය	wuyeya:2	vuyeya:3
වූව	vuva:3
වූවක්	vuvak:3
වූවක්ද	vuvakda:3
වූවකි	vuvaki:3
වූවකු	vuvaku:3
වූවත්	vuvat:2	vuvath:1
වූවද	vuvada:3
වූවන්	vuvan:3
වූවන්ගේ	vuvange:3
වූවන්ට	vuvanta:3
වූවා	vuva:3
වූවාක්	vuvak:3
වූවාට	vuvata:3
වූවාද	vuvada:3
වූවාය	vuvaya:3
වූවෙකි	vuveki:3
වූවෙකු	vuveku:3
වූවේ	vuve:3
වූවේය	vuveya:3
වූවෝ	vuvo:3
වූහ	wuha:7	vuha:3
වෘකයා	vrkaya:2	vrukaya:1
වෘක්කාණු	vrkkanu:2	vrukkanu:1
වෘක්ෂ	vrksa:2	vruksha:1
වෘක්ෂය	vrksaya:2	vrukshaya:1
වෘක්ෂයක්	vrksayak:2	vrukshayak:1
වෘක්ෂයකි	vrksayaki:2	vrukshayaki:1
වෘක්ෂයන්	vrksayan:2	vrukshayan:1
වෘක්ෂලතා	vrksalata:2	vrukshalatha:1
වෘත්ත	wurtha:6	vrtta:2	vruththa:1
වෘත්තය	vrttaya:2	vruththaya:1
වෘත්තයක	vrttayaka:2	vruththayaka:1
වෘත්තයක්	vrttayak:2	vruththayak:1
වෘත්තාකාර	vrttakara:2	vruththakara:1
වෘත්තාන්ත	vrttanta:2	vruththantha:1
වෘත්තික	vrttika:2	vruththika:1
වෘත්තිකයන්	vrttikayan:2	vruththikayan:1
වෘත්තිකයන්ගේ	vrttikayange:2	vruththikayange:1
වෘත්තිකයින්	vrttikayin:2	vruththikayin:1
වෘත්තින්	vrttin:2	vruththin:1
වෘත්තිමය	vrttimaya:2	vruththimaya:1
වෘත්තිය	vrttiya:2	vruththiya:1
වෘත්තියක	vrttiyaka:2	vruththiyaka:1
වෘත්තියකට	vrttiyakata:2	vruththiyakata:1
වෘත්තියක්	vrttiyak:2	vruththiyak:1
වෘත්තියට	vrttiyata:2	vruththiyata:1
වෘත්තියමය	vrttiyamaya:2	vruththiyamaya:1
වෘත්තියෙන්	vrttiyen:2	vruththiyen:1
වෘත්තියෙහි	vrttiyehi:2	vruththiyehi:1
වෘත්තියේ	vrttiye:2	vruththiye:1
වෘත්තීන්	vrttin:2	vruththin:1
වෘත්තීමය	vrttimaya:2	vruththimaya:1
වෘත්තීය	vrttiya:2	vruththiya:1
වෘත්තීයමය	vrttiyamaya:2	vruthithiyamaya:1
වෘතාන්ත	vrtanta:2	vurthantha:1
වෘතිමය	vrtimaya:2	vurthimaya:1
වෘතියේ	vrtiye:2	vurthiye:1
වෘතීය	vrtiya:2	vurthiya:1
වෘද්ධ	vrddha:2	vurddha:1
වෘද්ධිය	vrddhiya:2	vurddhiya:1
වෘශ්චික	vrscika:2	vrushchika:1
වෘෂණ	wushana:2	vrushana:2	vrsana:1
වෘෂභ	voorshaba:1	vrsabha:1	vrushabha:1	vurshaba:1
වෙච්ච	vechcha:2	vecca:1
වෙඩි	wedi:3	vedi:3
වෙඩිතබා	vedithaba:2	veditaba:1
වෙඩිබෙහෙත්	vedibeheth:2	vedibehet:1
වෙඩිලුණු	vedilunu:3
වෙණ	vena:3
වෙඬරු	vendaru:3
වෙත	wetha:70	veta:2	vetha:1
වෙතට	wethata:2	vetata:2	vethata:1
වෙතත්	wethath:11	vetat:2	vethath:1
වෙතද	vetada:2	vethada:1
වෙතය	vetaya:2	vethaya:1
වෙතයි	vetayi:2	vethayi:1
වෙත්	vet:2	veth:1
වෙත්තමුණි	vettamuni:2	veththamuni:1
වෙත්තසිංහ	weththasinghe:2	veththasinghe:1
වෙත්තසිංහගේ	vettasimhage:2	wettasinghe:1
වෙත්ම	vetma:2	vethma:1
වෙත්වා	vetva:2	vethva:1
වෙති	wethi:11	veti:2	vethi:1
වෙතින්	wethin:8	vetin:2	vethin:1
වෙතින්ද	vetinda:2	vethinda:1
වෙතිනි	vetini:2	vethini:1
වෙද	veda:3
වෙදකම	vedakama:3
වෙදමුල්ල	vedamulla:2	wedamulla:1
වෙද්දි	veddi:3
වෙද්දී	veddi:3
වෙදිකා	vedika:3
වෙන	wena:6	vena:3
වෙනකම්	venakam:2	wenakam:1
වෙනත්	wenath:40	venat:1	venath:1
වෙනදා	venada:2	wenada:1
වෙනදාට	venadata:2	wenadata:1
වෙනම	venama:2	wenama:1
වෙනමම	venamama:2	wenamama:1
වෙනයම්	venayam:2	wenayam:1
වෙනව	venava:2	wenawa:1
වෙනවා	wenawa:7	venava:2
වෙනවාද	venavada:2	wenawada:1
වෙනවෙනම	venavenama:2	wenawenama:1
වෙනස	wenasa:2	venasa:2
වෙනසකට	venasakata:2	wenasakata:1
වෙනසක්	wenasak:5	venasak:2
වෙනසකි	venasaki:2	wenasaki:1
වෙනසකින්	venasakin:2	wenasakin:1
වෙනසට	venasata:2	wenasata:1
වෙනස්	wenas:34	venas:2
වෙනස්කමකට	venaskamakata:2	wenaskamakata:1
වෙනස්කමක්	vanaskamak:1	venaskamak:1	wenaskamak:1
වෙනස්කම්	wenaskam:9	venaskam:2
වෙනස්කර	venaskara:2	wenaskara:1
වෙනස්කරන	venaskarana:2	wenaskarana:1
වෙනස්කිරීම	venaskirima:2	wenaskireema:1
වෙනස්කොට	venaskota:2	wenaskota:1
වෙනස්ම	venasma:2	wenasma:1
වෙනස්ය	venasya:2	wenasya:1
වෙනස්ව	venasva:2	wenaswa:1
වෙනස්වන	venasvana:2	wenaswana:1
වෙනස්විම්	venasvim:2	wenaswim:1
වෙනස්විය	venasviya:2	wenasviya:1
වෙනස්වී	venasvi:2	wenasvee:1
වෙනස්වීම	venasvima:2	wenasweema:1
වෙනස්වීමක්	venasvimak:2	wenasweemak:1
වෙනස්වීමට	venasvimata:2	wenasweemata:1
වෙනස්වීම්	venasvim:2	wenasweem:1
වෙනස්වීම්වලට	venasvimvalata:2	wenasweemwalata:1
වෙනස්වීමේ	venasvime:2	wenasweeme:1
වෙනස්වූ	venasvu:2	wenasvu:1
වෙනස්වෙයි	venasveyi:2	wenaswei:1
වෙනස්වේ	venasve:2	wenaswe:1
වෙන්	wen:7	ven:2
වෙන්කර	wenkara:2	venkara:3
වෙන්කරගත්	venkaragat:2	venkaragath:1
වෙන්කරන	venkarana:3
වෙන්කරනු	venkaranu:3
වෙන්කරයි	venkarayi:3
වෙන්කළ	venkala:3
වෙන්කිරීම	venkirima:3
වෙන්කොට	wenkota:2	venkota:3
වෙන්ඩ	venda:3
වෙන්ඩ්ට්	vendt:3
වෙන්දේසි	vendesi:3
වෙන්දේසියට	vendesiyata:3
වෙන්න	wenna:3	venna:3
වෙන්නට	vennata:3
වෙන්නප්පුව	vennappuva:1	wennappuva:1	wennappuwa:1
වෙන්නෙ	wenne:2	venne:3
වෙන්නෙත්	vennet:2	venneth:1
වෙන්නේ	venne:3
වෙන්ව	venva:3
වෙන්වී	venvi:3
වෙන්වීම	venvima:3
වෙන්වීමට	venvimata:3
වෙන්වීම්	venvim:3
වෙන්වීමේ	venvime:2	venveeme:1
වෙන්වු	venvu:3
වෙන්වූ	wenwu:2	venvu:3
වෙන්වේ	venve:2	venwe:1
වෙනි	weni:4	veni:3
වෙනිදා	venida:3
වෙනිසියුලාව	venezuela:1	venezuelawa:1	venisiyulava:1	venisiyulawa:1
වෙනිසියුලාවේ	venisiyulave:2	venisiyulawe:1
වෙනු	venu:3
වෙනුවට	wenuwata:7	venuvata:3
වෙනුවෙන්	wenuwen:15	venuven:2
වෙනුවෙන්ම	venuvenma:2	wenuwenma:1
වෙනුවෙනි	venuveni:2	wenuweni:1
වෙනුවෙනුත්	venuvenut:1	venuvenuth:1	wenuwenuth:1
වෙබය	vebaya:2	webaya:1
වෙබයේ	vebaye:2	webaye:1
වෙබර්ගේ	vebarge:2	webarge:1
වෙබ්	web:3
වෙබ්අඩවි	vebadavi:4	webadavi:2
වෙබ්අඩවිය	vebadaviya:2	webadaviya:1
වෙමි	vemi:2	wemi:1
වෙමින්	wemin:15	vemin:2
වෙමින්ද	veminda:2	weminda:1
වෙමිනි	vemini:2	wemini:1
වෙමු	vemu:2	wemu:1
වෙයි	wei:50	veyi:2
වෙයිද	veyida:2	weida:1
වෙර	vera:2	wera:1
වෙරල	verala:2	werala:1
වෙරලක්	veralak:2	weralak:1
වෙරළ	werala:3	verala:2
වෙරළක්	veralak:2	weralak:1
වෙරළට	veralata:2	weralata:1
වෙරළතීරය	veralathiraya:1	veralatiraya:1	weralatheeraya:1
වෙරළබඩ	veralabada:2	weralabada:1
වෙරළබඩව	veralabadava:2	weralabadawa:1
වෙරළාරක්ෂක	veralaraksaka:1	veralarakshaka:1	weralarakshaka:1
වෙරළාශ්‍රිත	veralashritha:1	veralasrita:1	weralashritha:1
වෙරළාසන්න	veralasanna:2	weralasanna:1
වෙරළින්	veralin:2	weralin:1
වෙරළු	veralu:2	weralu:1
වෙරළෙන්	veralen:2	weralen:1
වෙරළෙහි	veralehi:2	weralehi:1
වෙරළේ	werale:2	verale:2
වෙල	vela:3	wela:1
වෙලද	velada:2	welada:1
වෙලදාම්	veladam:2	weladam:1
වෙලඳාම	velandama:2	welandama:1
වෙල්	vel:2	wel:1
වෙල්ගම්	velgam:2	welgam:1
වෙල්ලස්ස	wellassa:2	vellassa:1
වෙල්ලස්සේ	wellasse:2	vellasse:1
වෙල්ලාල	wellala:2	vellala:1
වෙල්වට්	velvat:2	velvet:1
වෙලා	vela:2	wela:1
වෙලාව	velava:2	welawa:1
වෙලාවක	velavaka:2	welawaka:1
වෙලාවකට	velavakata:2	welawakata:1
වෙලාවකදී	velavakadi:2	welawakadee:1
වෙලාවක්	velavak:2	welawak:1
වෙලාවකින්	velavakin:2	welawakin:1
වෙලාවට	velavata:2	welawata:1
වෙලාවයි	velavai:1	velavayi:1	welawai:1
වෙලාවෙම	velavema:2	welawema:1
වෙලාවේ	velave:2	welawe:1
වෙලී	veli:2	welee:1
වෙලුම්	velum:3
වෙලෙද	veleda:3
වෙවී	vevi:2	wevee:1
වෙසක්	vesak:3
වෙසමුණි	vesamuni:3
වෙස්	wes:3	ves:3
වෙස්ටර්න්	western:2	vestern:1
වෙස්ට්	west:2	vest:1
වෙස්ට්මිනිස්ටර්	vestministar:1	westminister:1	westminster:1
වෙස්මුහුණ	wesmuhuna:3	vesmuhuna:2
වෙස්මුහුණු	vesmuhunu:3
වෙස්ලි	vesli:2	wesley:2	wesli:1
වෙස්වලාගත්	vesvalagat:1	vesvalagath:1	veswalagath:1
වෙස්සගිරිය	vessagiriya:3
වෙස්සගිරියේ	vessagiriye:2	wessagiriye:1
වෙස්සන්තර	vessanthara:2	vessantara:1	wessanthara:1
වෙසින්	vesin:2	wesin:1
වෙසෙති	vesethi:1	veseti:1	wesethi:1
වෙසෙන	vesena:2	wesena:1
වෙසෙන්නේ	vesenne:3
වෙසෙයි	veseyi:2	wesei:1
වෙසෙසි	vesesi:2	wesesi:1
වෙසෙසින්	vesesin:2	wesasin:1
වෙහි	vehi:2	wehi:1
වෙහෙර	vehera:2	wehera:1
වෙහෙස	vehesa:2	wehesa:1
වෙහෙසක්	vehesak:2	wehesak:1
වෙහෙසකින්	vehesakin:2	wehesakin:1
වෙහෙසට	vehesata:2	wehesata:1
වෙහෙසන	vehesana:2	wehesana:1
වෙහෙසවන	vehesavana:2	wehesawana:1
වෙහෙසී	vehesi:2	wehesee:1
වෙහෙසුණු	vehesunu:2	wehesunu:1
වෙහෙසුන	vehesuna:2	wehesuna:1
වෙහෙසෙන	vehesena:2	wehesena:1
වෙහෙසෙයි	veheseyi:2	wehesei:1
වෙළද	velenda:2	velada:2	welada:1
වෙළදපල	veladapala:2	weladapala:1
වෙළදපොල	veladapola:2	weladapola:1
වෙළදපොලේ	veladapole:2	weladapole:1
වෙළදපොළ	veladapola:2	weladapola:1
වෙළදාම	veladama:2	weladama:1
වෙළදාමට	veladamata:2	weladamata:1
වෙළදාම්	veladam:2	weladam:1
වෙළදාමෙන්	veladamen:2	weladamen:1
වෙළදාමේ	veladame:2	weladame:1
වෙළදුන්	veladun:2	weladun:1
වෙළඳ	velenda:2	velanda:2	welada:1
වෙළඳපල	velandapala:2	weladapala:1
වෙළඳපලක්	velandapalak:2	weladapalak:1
වෙළඳපලට	velandapalata:2	weladapalata:1
වෙළඳපලේ	velandapale:2	weladapale:1
වෙළඳපොල	velandapola:2	weladapola:1
වෙළඳපොලක්	velandapolak:2	weladapolak:1
වෙළඳපොලට	velandapolata:2	weladapolata:1
වෙළඳපොලෙන්	velandapolen:2	weladapolen:1
වෙළඳපොලේ	velandapole:2	weladapole:1
වෙළඳපොළ	velandapola:2	weladapola:1
වෙළඳපොළක්	velandapolak:2	weladapolak:1
වෙළඳපොළට	velandapolata:2	weladapolata:1
වෙළඳපොළේ	velandapole:2	weladapole:1
වෙළඳාම	velandama:2	weladama:1
වෙළඳාමක්	velandamak:2	weladamak:1
වෙළඳාමට	velandamata:2	weladamata:1
වෙළඳාම්	velandam:2	weladam:1
වෙළඳාමේ	velandame:2	weladame:1
වෙළඳුන්ට	velandunta:2	welendunta:1
වෙළා	vela:2	wela:1
වෙළාගත්	velagat:1	velagath:1	welagath:1
වෙළුම	veluma:2	weluma:1
වෙළුම්	velum:2	welum:1
වෙළෙද	veleda:2	weleda:1
වෙළෙන්දන්	velendan:2	welendan:1
වෙළෙන්දන්ට	velendanta:2	welendanta:1
වෙළෙන්දා	velenda:2	welenda:1
වෙළෙන්දාට	velendata:2	welendata:1
වෙළෙන්දෙක්	velendek:2	welendek:1
වෙළෙන්දෝ	velendo:2	welendo:1
වෙළෙන්ඳන්	velenndan:2	welendan:1
වෙළෙන්ඳා	velennda:2	welenda:1
වෙළෙඳ	welenda:3	velenda:2	weleda:1
වෙළෙඳපළ	velendapala:2	weledapala:1
වෙළෙඳපොල	velendapola:2	weledapola:1
වෙළෙඳපොලෙහි	velendapolehi:2	weledapolahi:1
වෙළෙඳපොළ	velendapola:2	weledapola:1
වෙළෙඳපොළෙහි	velendapolehi:2	weledapolahi:1
වෙළෙඳපොළේ	velendapole:2	weledapole:1
වෙළෙඳාම	velendama:2	weledame:1
වෙළෙඳාම්	velendam:2	veladam:1	weledaam:1
වෙළෙඳුන්	velendun:2	weledan:1
වේ	we:240	ve:3
වේග	vega:2	wega:1
වේගය	wegaya:7	vegaya:2
වේගයක්	vegayak:2	wegayak:1
වේගයකින්	vegayakin:2	wegayakin:1
වේගයට	vegayata:2	wegayata:1
වේගයත්	vegayat:1	vegayath:1	wegayath:1
වේගයද	vegayada:2	wegayada:1
වේගයන්	vegayan:3	wegayan:1
වේගයෙන්	wegayen:3	vegayen:3
වේගයෙන්ම	vegayenma:3	wegayenma:1
වේගයෙහි	vegayehi:2	vegayahi:1	wegayahi:1
වේගයේ	vegaye:3	wegaye:1
වේගවත්	wegawath:3	vegavat:1	vegavath:1
වේගවත්ම	vegavathma:1	vegavatma:1	vegawathma:1	wegawathma:1
වේගවත්ය	vegavathya:1	vegavatya:1	vegawathya:1	wegawathya:1
වේගවත්ව	vegavathya:1	vegavatva:1	vegawathya:1	wegawathya:1
වේගී	vegi:2	vegee:1	wegee:1
වේතනය	vetanaya:1	vethanaya:1	wethanaya:1
වේතනයක්	vetanayak:1	vethanayak:1	wethanayak:1
වේද	veda:2	weda:1
වේදනා	vedana:2	wedana:1
වේදනාකාරී	vedanakari:2	wedanakari:1
වේදනාව	wedanawa:2	vedanava:2
වේදනාවක්	vedanavak:2	wedanawak:1
වේදනාවට	vedanavata:2	wedanawata:1
වේදනාවත්	vedanavat:1	vedanavath:1	wedanawath:1
වේදනාවන්ගේ	vedanavange:2	wedanawange:1
වේදනීය	vedaniya:2	wedaneeya:1
වේදය	vedaya:2	wedaya:1
වේදයක්	vedayak:2	wedayak:1
වේදයන්	vedayan:2	wedayan:1
වේදයෙහි	vedayehi:2	wedayehi:1
වේදයේ	vedaye:2	wedaye:1
වේදික	vedika:2	wedika:1
වේදිකා	vedika:2	wedika:1
වේදිකාව	wedikawa:4	vedikava:2
වේදිකාවක	vedikavaka:2	wedikawaka:1
වේදිකාවක්	vedikavak:2	wedikawak:1
වේදිකාවට	vedikavata:2	wedikawata:1
වේදිකාවල	vedikavala:2	wedikawala:1
වේදිකාවේ	vedikave:2	wedikawe:1
වේදියෙකු	vediyeku:2	wediyeku:1
වේදී	vedi:2	wedee:1
වේදීන්	vedin:2	wedeen:1
වේදීන්ට	vedinta:2	wedeenta:1
වේදේහ	vedeha:2	wedeha:1
වේය	veya:2	weya:1
වේයන්	veyan:2	weyan:1
වේයන්ගෙන්	veyangen:2	weyangen:1
වේරහැර	werahera:3
වේල	vela:2	wela:1
වේලක්	velak:2	welak:1
වේලට	velata:2	welata:1
වේලටම	velatama:2	welatama:1
වේලනෙයි	velanai:1	velaneyi:1	welanei:1
වේලයික්කාර	velaikkara:1	velayikkara:1	welaikkara:1
වේල්	vel:3	wel:1
වේල්ල	wella:3	vella:3
වේල්ලක්	vellak:2	wellak:1
වේල්ස	velsa:2	welsa:1
වේල්සය	velsaya:2	walesaya:1
වේල්සයෙහි	velsayehi:2	walesayehi:1
වේල්සයේ	velsaye:2	walesaye:1
වේල්ස්	wales:3	vels:2
වේලා	vela:2	wela:1
වේලාව	welawa:2	velava:2
වේලාවකට	velavakata:2	welawakata:1
වේලාවකදී	velavakadi:2	welawakadee:1
වේලාවක්	velavak:2	welawak:1
වේලාවකින්	velavakin:2	welawakin:1
වේලාවට	velavata:2	welawata:1
වේලාවන්	velavan:2	welawan:1
වේලාවන්හිදී	velavanhidi:2	welawanhidee:1
වේලාවෙන්	velaven:2	welawen:1
වේලාවෙහි	velavehi:2	welawehi:1
වේලි	veli:2	weli:1
වේලුපිල්ලේ	velupillai:1	velupille:1	veluppilla:1
වේලෙහි	velehi:2	welehi:1
වේලේ	vele:2	wele:1
වේවා	veva:2	wewa:1
වේවි	vevi:2	wewi:1
වේවිද	vevida:2	wewida:1
වේශ	vesa:1	vesha:1	wesha:1
වේශයෙන්	vesayen:1	veshayen:1	weshayen:1
වේහාර	vehara:2	wehara:1
වේළුපිල්ලේ	velupille:2	veluppillai:1
වේළුසුමන	welusumana:3	velusumana:1
වෛද්‍ය	waidya:12	vaidya:2
වෛද්‍යමය	vaidyamaya:2	waidyamaya:1
වෛද්‍යවරයකු	vaidyavarayaku:2	waidyawarayaku:1
වෛද්‍යවරයකුගේ	vaidyavarayakuge:2	waidyawarayakuge:1
වෛද්‍යවරයන්	vaidyavarayan:2	waidyawarayan:1
වෛද්‍යවරයා	vaidyavaraya:2	waidyawaraya:1
වෛද්‍යවරයෙක්	vaidyavarayek:2	waidyawarayek:1
වෛද්‍යවරයෙකි	vaidyavarayeki:2	waidyawarayeki:1
වෛද්‍යවරයෙකු	vaidyavarayeku:2	waidyawarayaku:1
වෛද්‍යවරයෙකුට	vaidyavarayekuta:2	waidyawarayekuta:1
වෛද්‍යවරු	vaidyavaru:2	waidyawaru:1
වෛද්‍යවරුන්	vaidyavarun:2	waidyawarun:1
වෛද්‍යවරුන්ගේ	vaidyavarunge:2	waidyawarunge:1
වෛද්‍යවේදය	vaidyavedaya:2	waidyawedaya:1
වෛදික	vaidika:2	waidika:1
වෛර	vaira:3	waira:1
වෛරය	vairaya:2	wairaya:1
වෛරයක්	vairayak:2	wairayak:1
වෛරයට	vairayata:3	wairayata:1
වෛරයෙන්	vairayen:3	wairayen:1
වෛරස	virusa:2	vairasa:1
වෛරසය	virusaya:3	vairasaya:2
වෛරසයක්	vairasayak:2	virusayak:1
වෛරසයට	vairasayata:2	virusayata:1
වෛරසයේ	vairasaye:2	virusaye:1
වෛරසවල	vairasavala:2	virusawala:1
වෛරස්	vairas:1	viras:1	virus:1
වෛවර්ණ	vaivarna:2	vaiwarna:1	waiwarna:1
වෛශ්‍ය	vaishya:2	vaisya:1	waishya:1
වෛශාලී	vaishali:2	vaisali:1	waishalee:1
වොං	vom:1	von:1	wong:1
වොච්	voc:1	voch:1	watch:1
වොට්	vot:3
වොට්සන්	watson:2	votsan:1
වොන්	won:2	von:1
වොයේජර්	voyejar:2	voyager:1
වොරන්	voran:1	voron:1	warren:1
වොල්ටර්	walter:2	voltar:1	volter:1
වොල්ටීයතා	volteeyatha:1	voltiyata:1	voltiyatha:1
වොලිබෝල්	vallyball:1	volibol:1	volleyball:1	wallyball:1
වොලී	voli:2	volee:1	wolee:1
වොෂිංටන්	voshitan:1	washington:1	woshington:1
වොෂින්ටන්	washington:2	voshintan:1
වොෂින්ටන්හි	voshintanhi:1	vosintanhi:1	washingtonhi:1
වොස්ටොක්	vostok:2	wastolk:1
වෝකර්	walker:2	vokar:1
වෝනර්	vonar:1	waner:1	warner:1	woner:1
වෝර්සෝ	vorso:1	warsaw:1	warsow:1
වෝල්	vol:2	wall:2
වෝල්ටර්	walter:2	voltar:1	volter:1
වෝල්ට්	volt:3
වෝල්ටීය	voltiya:2	volteeya:1
වෝල්ටීයතා	voltiyatha:2	volteeyatha:1	voltiyata:1
වෝල්ටීයතාව	volteeyathawa:1	voltiyatava:1	voltiyathava:1
වෝල්ටීයතාවය	volteeyathawaya:1	voltiyatavaya:1	voltiyathavaya:1
වෝල්ටීයතාවයක්	volteeyathawayak:1	voltiyatavayak:1	voltiyathavayak:1
වෝල්ටීයතාවයට	volteeyathawayata:1	voltiyatavayata:1	voltiyathavayata:1
වෝහාර	vohara:1	wahara:1	wohara:1
ශ	sha:2	sa:1
ශංකර්	shankar:3
ශංඛක	sankhaka:1	shankaka:1	shankhaka:1
ශක	shaka:2	saka:1
ශක්ති	shakthi:6	sakti:2
ශක්තිමත්	shakthimath:2	saktimat:1
ශක්තිමත්භාවය	saktimatbhavaya:1	shakthimathbhavaya:1	shakthimathbhawaya:1
ශක්තිමත්ම	shakthimathma:2	saktimatma:1
ශක්තිමත්ව	saktimatva:1	shakthimathva:1	shakthimathwa:1
ශක්තිය	shakthiya:2	saktiya:1
ශක්තියක්	shakthiyak:2	saktiyak:1
ශක්තියකින්	shakthiyakin:2	saktiyakin:1
ශක්තියට	shakthiyata:2	saktiyata:1
ශක්තියත්	shakthiyath:2	saktiyat:1
ශක්තියද	shakthiyada:2	saktiyada:1
ශක්තියයි	saktiyayi:1	shakthiyai:1	shakthiyayi:1
ශක්තියෙන්	shakthiyen:2	saktiyen:1
ශක්තියේ	shakthiye:2	saktiye:1
ශක්තීන්	saktin:1	shaktheen:1	shakthin:1
ශක්‍යතා	sakyata:2	shakyatha:1
ශක්‍යතාව	sakyatava:2	shkyathava:1
ශක්‍යතාවය	sakyatavaya:2	shakyathavaya:1
ශක්‍ර	sakra:2	shakra:1
ශක්‍රයා	sakraya:2	shakraya:1
ශකීරා	shakira:2	sakira:1
ශටල	satala:2	shatala:1
ශත	shatha:3	sata:2
ශතක	shathaka:2	sataka:2
ශතකය	satakaya:2	shathakaya:1
ශතකයක්	satakayak:2	shathakayak:1
ශතවර්ශ	satavarsa:2	shathavarsha:1
ශතවර්ශය	satavarsaya:2	shathavarshaya:1
ශතවර්ෂ	satavarsa:2	shathavarsha:1
ශතවර්ෂය	satavarsaya:2	shathavarshaya:1
ශතවර්ෂයට	satavarsayata:2	shathavarshayata:1
ශතවර්ෂයේ	satavarsaye:2	shathavarshaye:1
ශතවර්ෂයේදී	satavarsayedi:2	shathavarshayedi:1
ශතවර්ෂවල	satavarsavala:2	shathavarshavala:1
ශනි	sani:2	shani:1
ශබ්ද	shabda:2	sabda:1
ශබ්දකෝෂ	shabdakosha:2	sabdakosa:1
ශබ්දකෝෂය	shabdakoshaya:2	sabdakosaya:1
ශබ්දය	shabdaya:2	sabdaya:1	shabdayak:1
ශබ්දයක්	shabdayak:2	sabdayak:1
ශබ්දයට	shabdayata:2	sabdayata:1
ශබ්දයන්	shabdayan:2	sabdayan:1
ශබ්දයයි	sabdayayi:1	shabdayai:1	shabdayayi:1
ශබ්දයෙනි	shabdayeni:2	sabdayeni:1
ශබ්දයේ	shabdaye:2	sabdaye:1
ශබ්දාගාර	shabdagara:2	sabdagara:1
ශබ්දාගාරය	shabdagaraya:2	sabdagaraya:1
ශබ්දාර්ථ	shabdartha:2	sabdartha:1
ශබ්ධ	shabdha:2	sabdha:1
ශරත්	sharath:2	sarat:1
ශර්මා	sharma:3
ශරිර	sharira:2	sarira:1
ශරිරය	sariraya:1	shareeraya:1	shariraya:1
ශරිරයට	sarirayata:1	shareerayata:1	sharirayata:1
ශරිරයෙන්	sarirayen:1	shareerayen:1	sharirayen:1
ශරිරයේ	shariraye:2	sariraye:1
ශරීර	shareera:2	sarira:1	sharira:1
ශරීරගත	sariragata:1	shareeragatha:1	shariragatha:1
ශරීරය	shareeraya:2	sariraya:1	shariraya:1
ශරීරයක්	sarirayak:1	shareerayak:1	sharirayak:1
ශරීරයට	sarirayata:1	shareerayata:1	sharirayata:1
ශරීරයෙන්	sarirayen:1	shareerayen:1	sharirayen:1
ශරීරයෙහි	sarirayehi:1	shareerayehi:1	sharirayehi:1
ශරීරයේ	shareeraye:2	sariraye:1	shariraye:1
ශරීරවිදීම්	sariravidim:1	shareeravideem:1	shariravdim:1
ශරීරාංග	sariranga:1	shareeranga:1	shariranga:1
ශල්‍ය	salya:2	shalya:1
ශල්‍යකර්ම	salyakarma:2	shalyakarma:1
ශෂික	shashika:2	sasika:1
ශෂිකලා	shashikala:2	sasikala:1
ශ්රී	sri:2	shri:1
ශ්ලේෂ්මල	slesmala:2	shleshmala:1
ශ්වසන	shvasana:2	svasana:1
ශ්වසනය	shvasanaya:2	svasanaya:1
ශ්වේත	sveta:2	shwetha:1
ශ්‍යාම්	shyam:2	syam:1
ශ්‍රද්ධා	shraddha:3	sraddha:2
ශ්‍රද්ධාව	sraddhava:2	shraddhawa:1
ශ්‍රද්ධාවෙන්	shraddhaven:1	shraddhawen:1	sraddhaven:1
ශ්‍රම	srama:2	shrama:1
ශ්‍රමණ	sramana:2	shramana:1
ශ්‍රමය	shramaya:2	sramaya:1
ශ්‍රමයත්	shramayath:1	sramayat:1	sramayath:1
ශ්‍රමික	shramika:2	sramika:1
ශ්‍රමිකයන්	sramikayan:3
ශ්‍රමිකයන්ගේ	sramikayange:3
ශ්‍රමිකයන්ට	sramikayanta:3
ශ්‍රමිකයින්	sramikayin:2	shramikayin:1
ශ්‍රවණ	shrawana:6	sravana:2	shravana:1
ශ්‍රවණය	srawanaya:2	sravanaya:2	shravanaya:1
ශ්‍රව්‍ය	sravya:2	shravya:1
ශ්‍රාම්	sram:2	shram:1
ශ්‍රාවක	sravaka:2	shravaka:1
ශ්‍රාවකයන්	sravakayan:3
ශ්‍රාවකයා	sravakaya:3
ශ්‍රාවකයාට	sravakayata:3
ශ්‍රාවකයින්	sravakayin:3
ශ්‍රාවකයෝ	sravakayo:2	shravakayo:1
ශ්‍රාවය	sravaya:2	shravaya:1
ශ්‍රාවයක්	sravayak:2	shravayak:1
ශ්‍රාවයන්	sravayan:2	shravayan:1
ශ්‍රාස්ත්‍ර	srastra:3
ශ්‍රාස්ත්‍රීය	srastriya:3
ශ්‍රි	sri:2	shri:1
ශ්‍රිත	srita:2	shritha:1
ශ්‍රිතමය	sritamaya:2	shrithamaya:1
ශ්‍රිතය	sritaya:2	shrithaya:1
ශ්‍රිතයක	sritayaka:2	shrithayaka:1
ශ්‍රිතයක්	sritayak:2	shrithayak:1
ශ්‍රිතයකි	sritayaki:2	shrithayaki:1
ශ්‍රිතයන්	sritayan:2	shrithayan:1
ශ්‍රිතයේ	shrithaye:2	sritaye:1
ශ්‍රිතවල	shrithavala:1	sritavala:1	srithawala:1
ශ්‍රිමත්	shrimath:2	srimat:1	srimath:1
ශ්‍රියා	shriya:2	sriya:1
ශ්‍රියාණි	shriyani:2	sriyani:1
ශ්‍රියානි	shriyani:2	sriyani:1
ශ්‍රිලාංකීය	srilamkiya:1	srilankeeya:1	srilankiya:1
ශ්‍රී	sri:3	shree:1	shri:1
ශ්‍රීනාත්	shrinath:2	srinat:1
ශ්‍රීමත්	srimath:2	shrimath:2	srimat:1
ශ්‍රීමාල්	shrimal:2	srimal:1
ශ්‍රීලංකා	srilanka:2	shrilanka:1
ශ්‍රීලංකාව	shrilankava:1	srilankava:1	srilankawa:1
ශ්‍රීලංකාවේ	shrilankave:1	srilankave:1	srilankawe:1
ශ්‍රේණි	shreni:2	sreni:1
ශ්‍රේණිගත	shrenigatha:2	srenigata:1
ශ්‍රේණිගතය	shrenigathaya:2	srenigataya:1
ශ්‍රේණිගතව	shrenigathava:1	shrenigathawa:1	srenigatava:1
ශ්‍රේණිය	shreniya:2	sreniya:1
ශ්‍රේණියක	shreniyaka:2	sreniyaka:1
ශ්‍රේණියක්	shreniyak:2	sreniyak:1
ශ්‍රේණියට	shreniyata:2	sreniyata:1
ශ්‍රේණියයි	shreniyai:1	shreniyayi:1	sreniyayi:1
ශ්‍රේණියෙහි	shreniyehi:2	sreniyehi:1
ශ්‍රේණියේ	shreniye:2	sreniye:1
ශ්‍රේණිවල	shrenivala:1	shreniwala:1	srenivala:1
ශ්‍රේෂ්ට	shreshta:2	sresta:1
ශ්‍රේෂ්ටතම	shreshtathama:2	srestatama:1
ශ්‍රේෂ්ඨ	shreshta:1	shreshtah:1	srestha:1
ශ්‍රේෂ්ඨතම	shreshtathama:2	shreshtahthama:1	sresthatama:1
ශ්‍රේෂ්ඨත්වය	shreshtahthvaya:1	shreshtathwaya:1	sresthatvaya:1
ශ්‍රේෂ්ඨය	shreshtaya:2	sresthaya:1
ශ්‍රේෂ්ඨයි	shreshtahyi:1	shreshtai:1	sresthayi:1
ශ්‍රේෂ්ඨාධිකරණ	shreshtadhikarana:1	shreshtahdhirarana:1	sresthadhikarana:1
ශ්‍රේෂ්ඨාධිකරණය	shreshtadhikaranaya:1	shreshtahdhiraranaya:1	sresthadhikaranaya:1
ශ්‍රේෂ්ඨාධිකරණයට	sresthadhikaranayata:2	shreshtadhikaranayata:1
ශ්‍රේෂ්ඨාධිකරණයේ	shreshtadhikaranaye:1	sreshthadhikaranaye:1	sresthadhikaranaye:1
ශ්‍රෝණිය	shroniya:2	sroniya:1
ශාක	shaka:2	saka:1
ශාකද	shakada:2	sakada:1
ශාකමය	shakamaya:2	sakamaya:1
ශාකය	shakaya:2	sakaya:1
ශාකයක	shakayaka:2	sakayaka:1
ශාකයක්	shakayak:2	sakayak:1
ශාකයකි	shakayaki:2	sakayaki:1
ශාකයට	shakayata:2	sakayata:1
ශාකයන්	shakayan:2	sakayan:1
ශාකයෙන්	shakayen:2	sakayen:1
ශාකයෙහි	shakayehi:2	sakayehi:1
ශාකයේ	shakaye:2	sakaye:1
ශාකවල	shakawala:2	sakavala:1	shakavala:1
ශාකවලට	sakavalata:1	shakavalata:1	shakawalata:1
ශාකවලින්	sakavalin:1	shakavalin:1	shakawalin:1
ශාක්‍ය	shakya:2	sakya:1
ශාක්‍යමුනි	shakyamuni:2	sakyamuni:1
ශාක්‍යයන්ගේ	sakyayange:1	shakyayane:1	shakyayange:1
ශාඛ	sakha:1	shaka:1	shakha:1
ශාඛා	sakha:1	shaka:1	shakha:1
ශාඛාව	shakawa:3	sakhava:1	shakhava:1
ශාඛාවක්	sakhavak:1	shakawak:1	shakhavak:1
ශාඛාවකි	sakhavaki:1	shakawaki:1	shakhavaki:1
ශාඛාවන්	sakhavan:1	shakawan:1	shakhavan:1
ශාඛාවන්ගෙන්	sakhavangen:1	shakawangen:1	shakhavangen:1
ශාඛාවෙන්	sakhaven:1	shakawen:1	shakhaven:1
ශාඛාවේ	sakhave:1	shakawe:1	shakhave:1
ශානක	shanaka:2	sanaka:1
ශාන්	shan:2	san:1
ශාන්ත	shantha:2	santa:1
ශාන්ති	shanthi:2	santi:1
ශාන්තිකර	shanthikara:2	santikara:1
ශාන්තිකර්ම	shanthikarma:2	santikarma:1
ශාන්තිකර්මය	shanthikarmaya:2	santikarmaya:1
ශාන්තිය	shanthiya:2	santiya:1
ශාන්තිලාල්	shanthilal:2	santilal:1
ශාප	shapa:2	sapa:1
ශාපය	shapaya:2	sapaya:1
ශාරිපුත්ත	sharipuththa:2	shariputta:1
ශාරිරික	saririka:2	sharirika:1
ශාරීපුත්‍ර	sariputra:1	shariputhra:1	shariputra:1
ශාරීරික	shareerika:2	saririka:2	sharirika:1
ශාරීරිකව	saririkava:2	sharirikava:1
ශාලා	sala:2	shala:1
ශාලාව	shalawa:2	salava:2	shalava:1
ශාලාවක්	shalawak:2	salavak:2	shalavak:1
ශාලාවකින්	salavakin:2	shalavakin:1
ශාලාවට	salavata:2	shalavata:1
ශාලාවන්	salavan:2	shalavan:1
ශාලාවයි	salavayi:2	shalavayi:1
ශාලාවල	salavala:2	shalavala:1
ශාලාවලට	salavalata:2	shalavalata:1
ශාලාවෙන්	salaven:2	shalaven:1
ශාලාවෙහි	salavehi:2	shalavehi:1
ශාලාවේ	salave:2	shalave:1
ශාලාවේදී	shalawedi:2	salavedi:2	shalavedi:1
ශාලිකා	salika:2	shalika:1
ශාසන	sasana:2	shasana:1
ශාසනය	sasanaya:2	shasanaya:1
ශාසනයට	sasanayata:1	shasanayata:1	shasnayata:1
ශාසනයෙන්	shasanayen:2	sasanayen:1
ශාසනයෙහි	sasanayehi:1	shasanayehi:1	shasanyehi:1
ශාසනයේ	shasanaye:2	sasanaye:1
ශාසනික	shasanika:2	sasanika:1
ශාස්ත්‍ර	sastra:1	shasthra:1	shastra:1
ශාස්ත්‍රඥයින්	sastrajnayin:1	shasthragnayin:1	shastrathyayin:1
ශාස්ත්‍රධරයන්	sastradharayan:1	shasthradhrayan:1	shastradharayan:1
ශාස්ත්‍රපති	sastrapati:1	shasthrapathi:1	shastrapathi:1
ශාස්ත්‍රය	sastraya:1	shasthraya:1	shastraya:1
ශාස්ත්‍රයට	sastrayata:1	shasthrayata:1	shastrayata:1
ශාස්ත්‍රයේ	sastraye:1	shasthraye:1	shastraye:1
ශාස්ත්‍රවල	sastravala:1	shasthravala:1	shastrawala:1
ශාස්ත්‍රවේදි	sastravedi:1	shastravedi:1	shastrawedi:1
ශාස්ත්‍රවේදී	sastravedi:1	shasthravedi:1	shastrawedi:1
ශාස්ත්‍රාලය	sastralaya:1	shaithralaya:1	shasthralaya:1
ශාස්ත්‍රි	sastri:1	shasthri:1	shastri:1
ශාස්ත්‍රිය	shasthriya:2	sastriya:1
ශාස්ත්‍රීය	shashthriya:2	shasthriya:2	sastriya:1
ශාස්තෘ	shasthru:2	sastru:1
ශාස්තෘවරයෙක්	sastruvarayek:1	shasthruvarayek:1	shastruwarayek:1
ශාස්තෘවරු	sastruvaru:1	shasthruvaru:1	shastruwaru:1
ශාස්වත	sasvata:2	shasvatha:1
ශික්ෂණ	shikshana:2	siksana:2
ශික්ෂණය	siksanaya:2	shkshanaya:1
ශික්ෂා	siksa:2	shiksha:1
ශිඛර	sikhara:2	shikhara:1
ශිඛරය	sikharaya:2	shikharaya:1
ශිත	sita:2	shitha:1
ශියා	shia:1	shiya:1	siya:1
ශිර්ෂ	sirsa:2	shirsha:1
ශිරා	sira:2	shira:1
ශිරාගත	siragata:2	shiragatha:1
ශිරාන්	shiran:3
ශිරාව	shirava:2	shiraz:1
ශිල	shila:2	sila:1
ශිල්ප	shilpa:2	silpa:1
ශිල්පක්‍රම	shilpakrama:2	silpakrama:1
ශිල්පක්‍රමයන්	shilpakramayan:2	silpakramayan:1
ශිල්පය	shilpaya:2	silpaya:1
ශිල්පයක්	shilpayak:2	silpayak:1
ශිල්පයට	shilpayata:2	silpayata:1
ශිල්පයන්	shilpayan:2	silpayan:1
ශිල්පයෙහි	shilpayehi:2	silpayehi:1
ශිල්පයේ	shilpaye:2	silpaye:1
ශිල්පයේදී	shilpayedee:1	shilpayedi:1	silpayedi:1
ශිල්පි	shilpi:2	silpi:1
ශිල්පිණිය	shilpiniya:2	silpiniya:1
ශිල්පිණියක	shilpiniyaka:2	silpiniyaka:1
ශිල්පින්	shilpin:2	silpin:1
ශිල්පිනිය	shilpiniya:2	silpiniya:1
ශිල්පිනියක	shilpiniyaka:2	silpiniyaka:1
ශිල්පිනියක්	shilpiniyak:2	silpiniyak:1
ශිල්පියකු	shilpiyaku:2	silpiyaku:1
ශිල්පියා	shilpiya:2	silpiya:1
ශිල්පියාගේ	shilpiyage:2	silpiyage:1
ශිල්පියාට	shilpiyata:2	silpiyata:1
ශිල්පියෙක්	silpiyek:2	shilpiyek:1
ශිල්පියෙකි	silpiyeki:2	shilpiyeki:1
ශිල්පියෙකු	silpiyeku:2	shilpiyeku:1
ශිල්පියෙකුට	silpiyekuta:2	shilpiyekuta:1
ශිල්පියෝ	silpiyo:2	shilpiyo:1
ශිල්පී	shilpi:2	silpi:2
ශිල්පීන්	silpin:2	shilpin:1
ශිල්පීන්ගේ	silpinge:2	shilpinge:1
ශිල්පීන්ට	silpinta:2	shilpinta:1
ශිල්පීන්ද	silpinda:2	shilpinda:1
ශිල්පීය	shilpeeya:2	silpiya:2	shilpiya:1
ශිල්පීහු	silpihu:2	shilpihu:1
ශිලා	shila:5	sila:2
ශිලාමය	silamaya:2	shilamaya:1
ශිලාලේඛන	silalekhana:2	shilalekhana:1
ශිව	shiwa:3	siva:2	shiva:1
ශිවගේ	sivage:2	shivage:1
ශිව්	siv:2	shiv:1
ශිවා	siva:2	shiva:1
ශිශ්න	sisna:2	shishna:1
ශිශ්නය	sisnaya:2	shishnaya:1
ශිශ්නයේ	sisnaye:2	shishnaye:1
ශිශිර	sisira:2	shishira:1
ශිෂ්ට	shishta:2	sista:1
ශිෂ්ටාචාර	shishtachara:2	sistacara:1
ශිෂ්ටාචාරය	shishtacharaya:2	sistacaraya:1
ශිෂ්ටාචාරයක	shishtacharayaka:2	sistacarayaka:1
ශිෂ්ටාචාරයකට	shishtacharayakata:2	sistacarayakata:1
ශිෂ්ටාචාරයක්	shishtacharayak:2	sistacarayak:1
ශිෂ්ටාචාරයකි	shishtacharayaki:1	shistacharayaki:1	sistacarayaki:1
ශිෂ්ටාචාරයට	shishtacharayata:2	sistacarayata:1
ශිෂ්ටාචාරයන්ගේ	shishtacharayange:2	sistacarayange:1
ශිෂ්ටාචාරයන්හි	shishtacharayanhi:2	sistacarayanhi:1
ශිෂ්ටාචාරයේ	shishtacharaye:1	shistacharaye:1	sistacaraye:1
ශිෂ්ටාචාරවල	shishtacharavala:1	shishtacharawala:1	sistacaravala:1
ශිෂ්ඨ	shishta:1	shishtah:1	sistha:1
ශිෂ්ඨාචාර	shishtachara:1	shishtahachara:1	sisthacara:1
ශිෂ්ඨාචාරය	shishtacharaya:1	shishtahacharaya:1	sisthacaraya:1
ශිෂ්ඨාචාරයක්	shishtacharayak:2	sisthacarayak:1
ශිෂ්ඨාචාරයේ	shishtacharaye:1	shistahcharaye:1	sisthacaraye:1
ශිෂ්ණය	shinaya:1	shishnaya:1	sisnaya:1
ශිෂ්‍ය	shishya:2	sissya:1
ශිෂ්‍යත්ව	shishshathwa:1	shishyathva:1	sisyatva:1
ශිෂ්‍යයකු	shishyayaku:2	sissyayaku:1
ශිෂ්‍යයන්	shishyayan:2	sisyayan:1
ශිෂ්‍යයන්ට	shishyanta:1	shishyayanta:1	sisyayanta:1
ශිෂ්‍යයා	shishyaya:2	sisyaya:1
ශිෂ්‍යයින්	shishyayin:2	sisyayin:1
ශිෂ්‍යයින්ට	shishyayinta:2	sisyayinta:1
ශිෂ්‍යයෙක්	shishyayek:2	sisyayek:1
ශිෂ්‍යයෙකි	shishyayeki:2	sisyayeki:1
ශිෂ්‍යයෙකු	shishyayeku:2	sisyayeku:1
ශිෂ්‍යයෝ	shishayo:1	shishyayo:1	sisyayo:1
ශිෂ්‍යාධාර	shishayadhara:1	shishyadhara:1	sisyadhara:1
ශිෂ්‍යාව	shishayava:1	shishyawa:1	sisyava:1
ශිෂ්‍යාවන්	shishayavan:1	shishyawan:1	sisyavan:1
ශීඝ්‍ර	sheegra:1	shighra:1	sighra:1
ශීඝ්‍රතාව	shighrathava:1	shigrathawa:1	sighratava:1
ශීඝ්‍රතාවය	shighrathavaya:1	shigrathawaya:1	sighratavaya:1
ශීඝ්‍රයෙන්	shighrayen:1	shigrayen:1	sighrayen:1
ශීත	sheetha:1	shitha:1	sita:1
ශීතකරණ	sheethakarana:1	shithakarana:1	sitakarana:1
ශීතල	sheethala:1	shithala:1	sitala:1
ශීර්ෂය	sheershaya:1	shirshaya:1	sirsaya:1
ශීල	sheela:1	shila:1	sila:1
ශීලය	sheelaya:1	shilaya:1	silaya:1
ශීලා	sheela:1	sheila:1	shila:1
ශීලී	sheelee:1	shili:1	sili:1
ශුක්‍ර	shukra:2	sukra:1
ශුක්‍රාණු	shukranu:2	sukranu:1
ශුද්දවූ	shuddavu:1	shuddhavu:1	suddavu:1
ශුද්ධ	shuddha:2	suddha:1
ශුද්ධවන්ත	shuddhavantha:1	shuddhawantha:1	suddhavanta:1
ශුද්ධවර	shuddhavara:1	shuddhawara:1	suddhavara:1
ශුද්ධවු	shuddhavu:2	suddhavu:1
ශුද්ධවූ	shuddhavu:2	suddhavu:1
ශුද්ධාසනය	shuddhasanaya:2	shuddhasana:1	suddhasanaya:1
ශුද්ධාසනයේ	shuddhasanaye:2	suddhasanaye:1
ශුද්ධෝත්තම	shuddhothama:1	shuddhoththama:1	suddhottama:1
ශුද්‍ර	shudda:1	shudra:1	sudra:1
ශුන්‍ය	shunya:2	sunya:1
ශුන්‍යය	shunyaya:2	sunyaya:1
ශුන්‍යයට	shunyayata:2	sunyayata:1
ශුභ	shubha:2	shuba:1	subha:1
ශුභාරංචිය	shubaranchiya:1	shubharanchiya:1	subharamciya:1
ශුරතාවය	shurathavaya:1	shurathawaya:1	suratavaya:1
ශුරයා	shuraya:2	suraya:1
ශුෂ්ක	shushka:2	suska:1
ශූන්‍ය	shunya:2	sunya:1
ශූර	shura:2	sura:1
ශූරතා	shuratha:2	surata:1
ශූරතාව	shurathava:1	shurathawa:1	suratava:1
ශූරතාවය	shurathavaya:1	shurathawaya:1	suratavaya:1
ශූරතාවලියේ	shurathavaliye:1	shurathawaliye:1	suratavaliye:1
ශූරයන්	shurayan:2	surayan:1
ශූරයා	shuraya:2	suraya:1
ශූරයෝ	shurayo:3
ශූරීන්	ahurin:1	shureen:1	surin:1
ශූරීන්ගේ	shureenge:1	shuringe:1	suringe:1
ශෘංගාර	shrungara:1	shurngara:1	srmgara:1
ශෘංගාරාත්මක	shrungarathmaka:1	shungarathmaka:1	srmgaratmaka:1
ශේක්ස්පියර්	sekspiyar:1	shakespeare:1	shekspiyar:1
ශේක්ස්පියර්ගේ	sekspiyarge:1	shakespearege:1	shekspiyarge:1
ශේන්	sen:1	shaen:1	shane:1
ශේෂ	shesha:2	sesa:1
ශේෂය	sheshaya:2	sesaya:1
ශේෂයන්	sheshayan:2	sesayan:1
ශේෂව	sesava:1	sheshava:1	sheshawa:1
ශෛලමය	shailamaya:2	sailamaya:1
ශෛලිගත	sailigata:1	shailigatha:1	shiligatha:1
ශෛලින්	shailin:2	sailin:1
ශෛලිය	shailiya:2	sailiya:1
ශෛලියක්	shailiyak:2	sailiyak:1
ශෛලියකි	shailiyaki:2	sailiyaki:1
ශෛලියට	shailiyata:2	sailiyata:1
ශෛලියන්	shailiyan:2	sailiyan:1
ශෛලියෙන්	shailiyen:2	sailiyen:1
ශෛලියේ	shailiye:2	sailiye:1
ශෛලීගත	sailigata:1	shaileegatha:1	shailigatha:1
ශෛලීන්	sailin:1	shaileen:1	shailin:1
ශෛලීය	sailiya:1	shaileeya:1	shailiya:1
ශෝක	shoka:2	soka:1
ශෝකය	shokaya:2	sokaya:1
ශෝකයට	shokayata:2	sokayata:1
ශෝකයෙන්	shokayen:2	sokayen:1
ශෝකයේ	shokaye:2	sokaye:1
ශෝකාන්ත	shokantha:2	sokanta:1
ශෝකාන්තයක්	shokanthayak:2	sokantayak:1
ශෝචනීය	shochaneeya:1	shochaniya:1	socaniya:1
ශෝධනය	shodanaya:1	shodhanaya:1	sodhanaya:1
ශෝභා	shobha:2	shoba:1
ෂටර	shuttera:4	satara:1	shatara:1
ෂටරය	sataraya:1	shataraya:1	shutteraya:1
ෂටල	shatala:2	satala:1
ෂටලය	shatalaya:3
ෂටලයේ	shatalaye:2	satalaye:1
ෂඩ්	shad:2	sad:1
ෂඩ්වර්ණ	sadvarna:1	shadvarna:1	shadwarna:1
ෂර්මා	sharma:3
ෂර්ලි	sharli:2	sarli:1
ෂර්ලොක්	sherlock:2	sharlok:1
ෂා	sha:1	shaa:1	shaah:1	shah:1
ෂානරය	shanaraya:2	sanaraya:1
ෂාන්	shan:3
ෂාරුක්	shahrukh:2	sharuk:1
ෂැංහයි	sanhayi:2	shanghai:2	shaenhayi:1
ෂින්	shin:3
ෂියා	shiya:2	shia:1
ෂියාවරුන්	shiyavarun:1	shiyawarun:1	siyavarun:1
ෂියාවරුන්ගේ	shiyavarunge:1	shiyawarunge:1	siyavarunge:1
ෂූමාකර්	chumakar:1	shoemarker:1	shumakar:1	sumakar:1
ෂෙට්ටි	shetty:2	shetti:1
ෂෙන්ගන්	schengen:1	sengan:1	shengan:1
ෂෙයික්	shaik:1	sheikh:1	sheyik:1
ෂෙල්ටන්	shelton:2	sheltan:1
ෂෙලී	shelly:2	shelee:1
ෂෙහාරා	shehara:3
ෂේක්ස්පියර්	shakespeare:2	sekspiyar:1
ෂේක්ස්පියර්ගේ	sekspiyarge:2	shakespearege:1
ෂෝ	show:3
සංකප්ප	sankappa:3
සංකර	sankara:3
සංකලන	sankalana:3
සංකලනය	sankalanaya:3
සංකලනයක්	sankalanayak:3
සංකලනයකි	sankalanayaki:3
සංකලනයන්	sankalanayan:3
සංකල්ප	sankalpa:3
සංකල්පනය	sankalpanaya:2	sankalpanayada:1
සංකල්පනා	sankalpana:2	samkalpana:1
සංකල්පනාව	samkalpanava:1	sankalpanava:1	sankalpanawa:1
සංකල්පය	sankalpaya:3
සංකල්පයක්	sankalpayak:3
සංකල්පයකි	sankalpayaki:3
සංකල්පයට	sankalpayata:3
සංකල්පයද	sankalpayada:3
සංකල්පයන්	sankalpayan:3
සංකල්පයයි	sangkalpayai:1	sankalpayai:1	sankalpayayi:1
සංකල්පයෙහි	sankalpayehi:2	sangkalpayehi:1
සංකල්පයේ	sankalpaye:2	sangkalpaye:1
සංකල්පිත	sangkalpitha:1	sankalpita:1	sankalpitha:1
සංකල්පීය	sangkalpiya:1	sankalpeeya:1	sankalpiya:1
සංක්ෂිප්ත	sangkshiptha:1	sankshiptha:1	sanksipta:1
සංක්ෂිප්තව	sangkshipthava:1	sankshipthawa:1	sanksiptava:1
සංක්‍රමණ	sankramana:2	sangkramana:1
සංක්‍රමණය	sankramanaya:2	sangkramanaya:1
සංක්‍රමණයක්	sankramanayak:2	sangkramanayak:1
සංක්‍රමණික	sankramanika:2	samkramanika:1	sangkramanika:1
සංක්‍රමණිකයන්	sankramanikayan:2	samkramanikayan:1	sangkramanikayan:1
සංක්‍රමණිකයින්	sankramanikayin:2	samkramanikayin:1	sangkramanikayin:1
සංක්‍රමනය	sankramanaya:2	samkramanaya:1	sangkramanaya:1
සංක්‍රමේන්තු	sankramentu:2	samkramentu:1	sangkramenthu:1
සංක්‍රාන්ති	sankranti:2	samkranti:1	sangkranthi:1
සංක්‍රාන්තිය	sankranthiya:2	samkrantiya:2	sangkranthiya:1	sankrantiya:1
සංක්‍රාමණය	samkramanaya:2	sangkramanaya:1	sankramanaya:1
සංකාර	samkara:2	sangkara:1	sankara:1
සංකිර්ණ	samkirna:2	sangkirna:1	sankirna:1
සංකිර්ණතා	samkirnata:2	sangkirnatha:1	sankirnata:1
සංකීර්ණ	sankeerna:5	samkirna:2	sangkirna:1	sankirna:1
සංකීර්ණත්වය	samkirnatvaya:2	sangkirnathvaya:1	sankirnatvaya:1
සංකීර්ණත්වයට	samkirnatvayata:2	sangkirnathvayata:1	sankirnatvayata:1
සංකීර්ණය	sankeernaya:3	samkirnaya:2	sangkirnaya:1	sankirnaya:1
සංකීර්ණයක්	samkirnayak:2	sangkirnayak:1	sankirnayak:1
සංකීර්ණයකි	samkirnayaki:2	sangkirnayaki:1	sankirnayaki:1
සංකීර්ණයට	samkirnayata:2	sangkirnayata:1	sankirnayata:1
සංකීර්ණයෙන්	samkirnayen:2	sangkirnayen:1	sankirnayen:1
සංකීර්ණයෙහි	samkirnayehi:2	sangkirnayehi:1	sankirnayehi:1
සංකීර්ණයේ	samkirnaye:2	sangkirnaye:1	sankirnaye:1
සංකීර්ණව	samkirnava:2	sangkirnava:1	sankirnava:1
සංකූලතා	samkulata:2	sangkulatha:1	sankulata:1
සංකේත	sanketha:3	samketa:2	sangketha:1	sanketa:1
සංකේතය	samketaya:2	sangkethaya:1	sanketaya:1
සංකේතයක්	samketayak:2	sangkethayak:1	sanketayak:1
සංකේතයකි	samketayaki:2	sangkethayaki:1	sanketayaki:1
සංකේතයන්	samketayan:2	sangkethayan:1	sanketayan:1
සංකේතයේ	samketaye:2	sangkethaye:1	sanketaye:1
සංකේතවත්	sankethawath:3	samketavat:2	sangkethavath:1	sanketavat:1
සංකේතාත්මක	samketatmaka:2	sangkethathmaka:1	sanketatmaka:1
සංකේතාත්මකව	samketatmakava:2	sangkethathmakava:1	sanketatmakava:1
සංකේන්ද්‍රණය	samkendranaya:2	sangkendranaya:1	sankendranaya:1
සංකෝචනය	samkocanaya:2	sangkochanaya:1	sankocanaya:1
සංඛ	samkha:2	sangkha:1	sankha:1
සංඛය	samkhaya:2	sangkhaya:1	sankhaya:1
සංඛ්යා	samkhya:2	sangkhya:1	sankhya:1
සංඛ්‍යා	sankhya:2	samkhya:2	sangkhaya:1
සංඛ්‍යාංක	samkhyamka:2	sangkhayangka:1	sankhyamka:1
සංඛ්‍යාත	samkhyata:2	sangkhayatha:1	sankhyata:1
සංඛ්‍යාතය	sankayathaya:2	samkhyataya:2	sangkhayathaya:1	sankhyataya:1
සංඛ්‍යාත්මක	samkhyatmaka:2	sangkhayathmaka:1	sankhyatmaka:1
සංඛ්‍යාන	samkhyana:2	sangkhayana:1	sankhyana:1
සංඛ්‍යානමය	samkhyanamaya:2	sangkhayanamaya:1	sankhyanamaya:1
සංඛ්‍යානය	samkhyanaya:2	sangkhayanaya:1	sankhyanaya:1
සංඛ්‍යාමය	samkhyamaya:2	sankhayamaya:1	sankhyamaya:1
සංඛ්‍යාලේඛන	samkhyalekhana:2	sangkhayalekhana:1	sankhyalekhana:1
සංඛ්‍යාව	sankhyava:2	samkhyava:2	sangkhayava:1
සංඛ්‍යාවක	samkhyavaka:2	sangkhayavaka:1	sankhyavaka:1
සංඛ්‍යාවකට	samkhyavakata:2	sangkhayavakata:1	sankhyavakata:1
සංඛ්‍යාවක්	sankayawak:6	samkhyavak:2	sangkhayavak:1	sankhyavak:1
සංඛ්‍යාවකි	samkhyavaki:2	sangkhayavaki:1	sankhyavaki:1
සංඛ්‍යාවකින්	samkhyavakin:2	sangkhayavakin:1	sankhyavakin:1
සංඛ්‍යාවට	samkhyavata:2	sangkhayavata:1	sankhyavata:1
සංඛ්‍යාවන්	sankayawan:2	samkhyavan:2	sangkhayavan:1	sankhyavan:1
සංඛ්‍යාවල	samkhyavala:2	sangkhayavala:1	sankhyavala:1
සංඛ්‍යාවෙන්	samkhyaven:2	sangkhyaven:1	sankhyaven:1
සංඛාර	samkhara:2	sangkhara:1	sankhara:1
සංඛේතවත්	samkhetavat:2	sangkhethavath:1	sankhetavat:1
සංගක්කාර	sangakkara:3	samgakkara:1
සංගණන	samganana:3	sanganana:1
සංගණනය	samgananaya:3	sangananaya:1
සංගණ්‍ය	samganya:3	sanganya:1
සංගත	samgata:2	sangata:1	sangatha:1
සංගමය	sangamaya:13	samgamaya:2	sangamaye:1
සංගමයක	samgamayaka:3	sangamayaka:1
සංගමයක්	samgamayak:3	sangamayak:1
සංගමයකි	samgamayaki:3	sangamayaki:1
සංගමයට	samgamayata:3	sangamayata:1
සංගමයයි	samgamayayi:2	sangamayai:1	sangamayayi:1
සංගමයෙන්	samgamayen:3	sangamayen:1
සංගමයෙහි	samgamayehi:3	sangamayehi:1
සංගම්	samgam:2	sangam:2
සංගහනය	samgahanaya:3	sangahanaya:1
සංග්‍රහ	samgraha:3	sangraha:1
සංග්‍රහගත	samgrahagata:3	sangrahagata:1
සංග්‍රහය	samgrahaya:3	sangrahaya:1
සංග්‍රහයක්	samgrahayak:3	sangrahayak:1
සංග්‍රහයට	samgrahayata:3	sangrahayata:1
සංග්‍රහයන්	samgrahayan:3	sangrahayan:1
සංග්‍රහයෙහි	samgrahayehi:3	sangrahayehi:1
සංග්‍රහයේ	samgrahaye:3	sangrahaye:1
සංග්‍රාම	samgrama:3	sangrama:1
සංග්‍රාමය	samgramaya:3	sangramaya:1
සංග්‍රාහක	samgrahaka:3	sangrahaka:1
සංගායනා	samgayana:2	sangayana:2
සංගායනාව	samgayanava:3	sangayanava:1
සංගායනාවක්	samgayanavak:3	sangayanavak:1
සංගිත	samgita:2	sangita:1	sangitha:1
සංගිතය	samgitaya:3	sangitaya:1
සංගීත	sangeetha:4	samgita:3	sangita:1
සංගීතඥ	samgitagna:3	sangitagna:1
සංගීතඥයකු	samgitagnayaku:3	sangitagnayaku:1
සංගීතඥයන්	samgitagnayan:3	sangitagnayan:1
සංගීතඥයා	samgitagnaya:3	sangitagnaya:1
සංගීතඥයාගේ	samgitagnayage:3	sangitagnayage:1
සංගීතඥයින්	samgitagnayin:3	sangitagnayin:1
සංගීතඥයෙකි	samgitagnayeki:3	sangitagnayeki:1
සංගීතඥයෙකු	samgitagnayeku:3	sangitagnayeku:1
සංගීතමය	samgitamaya:3	sangitamaya:1
සංගීතය	sangeethaya:2	samgitaya:3	sangitaya:1
සංගීතයට	samgitayata:3	sangitayata:1
සංගීතයන්	samgitayan:3	sangitayan:1
සංගීතයේ	samgitaye:3	sangitaye:1
සංගීතයේදී	samgitayedi:2	samgithayedi:1	sangitayedi:1
සංගීත්	samgit:1	sangeet:1	sangeeth:1	sangit:1
සංගීතා	sangeetha:2	samgita:1	sangita:1
සංගුණක	samgunaka:2	sangunaka:2
සංගුණකය	samgunakaya:2	sangunakaya:2
සංගෘහිත	samgrhita:3	sangrhita:1
සංඝ	sangha:2	samgha:2
සංඝටක	samghataka:2	sanghataka:2
සංඝටකය	samghatakaya:2	sanghatakaya:2
සංඝටකයක්	samghatakayak:2	sanghatakayak:2
සංඝටකයන්	samghatakayan:2	sanghatakayan:2
සංඝටකවලට	samghatakavalata:2	sanghatakavalata:2
සංඝටනය	samghatanaya:2	sanghatanaya:2
සංඝට්ටන	samghattana:2	sanghattana:2
සංඝබෝධි	samghabodhi:3	sanghabodhi:1
සංඝභේදය	samghabhedaya:3	sanghabhedaya:1
සංඝමිත්ත	samghamitta:1	sangamitta:1	sanghamiththa:1	sanghamitta:1
සංඝමිත්තා	samghamitta:1	sangamittha:1	sanghamiththa:1	sanghamitta:1
සංඝයා	samghaya:3	sanghaya:1
සංඝයාගෙන්	samghayagen:3	sanghayagen:1
සංඝයාට	samghayata:3	sanghayata:1
සංඝරත්නය	samgharatnaya:2	samgharathnaya:1	sangharatnaya:1
සංඝරාජ	samgharaja:2	sangaraja:1	sangharaja:1
සංඝායනා	samghayana:3	sanghayana:1
සංඝායනාව	samghayanava:3	sanghayanava:1
සංඝායනාවෙන්	samghayanaven:3	sanghayanaven:1
සංඝායනාවේ	samghayanave:3	sanghayanave:1
සංඝාරාම	sangharama:3	samgharama:1
සංඝාවාසය	samghavasaya:2	sanghavasaya:2
සංචරණ	samcarana:3	sancharana:1
සංචරණය	samcaranaya:3	sancharanaya:1
සංචලන	samcalana:2	sanchalana:1
සංචලනය	samcalanaya:3	sanchalanaya:1
සංචලනයන්	samcalanayan:3	sanchalanayan:1
සංචාර	samcara:3	sanchara:1
සංචාරක	sancharaka:4	samcaraka:3
සංචාරකයන්	sancharakayan:3	samcarakayan:2	sanchaeakayan:1
සංචාරකයන්ගේ	samcarakayange:2	sancharakayange:2
සංචාරකයන්ට	samcarakayanta:2	sancharakayanta:2
සංචාරකයා	samcarakaya:2	sancharakaya:2
සංචාරකයින්	samcarakayin:2	sancharakayin:2
සංචාරකයින්ගේ	samcarakayinge:2	sancharakayinge:2
සංචාරකයින්ට	samcarakayinta:2	sancharakayinta:2
සංචාරකයෙක්	samcarakayek:2	sancharakayek:2
සංචාරකයෝ	samcarakayo:2	sancharakayo:2
සංචාරය	sancharaya:3	samcaraya:2
සංචාරයක	samcarayaka:2	sancharayaka:2
සංචාරයක්	samcarayak:2	sancarayak:1	sancharayak:1
සංචාරයට	samcarayata:2	sancarayata:1	sancharayata:1
සංචාරයන්	samcarayan:2	sancarayan:1	sancharayan:1
සංචාරයෙන්	sancharayen:2	samcarayen:1	samcharayen:1
සංචාරයේ	samcaraye:2	sancaraye:1	sancharaye:1
සංචාරයේදී	samcarayedi:2	sancarayedi:1	sancharayedi:1
සංචිත	samcita:2	sanchitha:1	sancita:1
සංචිතය	samcitaya:2	sanchithaya:1	sancitaya:1
සංචිතයකට	samcitayakata:2	sanchithayakata:1	sancitayakata:1
සංචිතයක්	samcitayak:2	sanchithayak:1	sancitayak:1
සංචිතයෙන්	samcitayen:2	sanchithayen:1	sancitayen:1
සංජනා	sanjana:3	samjana:1
සංජය	sanjaya:3	samjaya:1
සංජානන	samjanana:2	sanjanana:2
සංජානනය	samjananaya:2	sanjananaya:2
සංජානනීය	samjananiya:2	sanjananiya:2
සංජීව	sanjiva:2	samjiva:1	sanjeewa:1
සංජීවනී	sanjivani:2	samjivani:1	sanjeewani:1
සංජු	samju:2	sanju:2
සංජේ	sanje:2	samje:1	sanjay:1
සංඥා	sagna:3	samgna:2	sangna:2
සංඥාව	samgnava:2	sangnava:2
සංඥාවක	samgnavaka:2	sangnavaka:2
සංඥාවක්	samgnavak:2	sangnavak:2
සංඥාවකි	samgnavaki:2	sangnavaki:2
සංඥාවන්	samgnavan:2	sangnavan:2
සංතුලනය	samtulanaya:2	santhulanaya:1	santulanaya:1
සංතෘප්ත	samtrpta:2	santhruptha:1	santrpta:1
සංදර්ශක	samdarsaka:2	sandarsaka:1	sandarshaka:1
සංදර්ශණයක්	samdarsanayak:2	sandarsanayak:1	sandarshanayak:1
සංදර්ශන	samdarsana:2	sandarsana:1	sandarshana:1
සංදිස්ථානයක්	samdisthanayak:3	sandisthanayak:1
සංදේශ	samdesa:3	sandesa:1
සංදේශන	samdesana:2	samdeshana:1	sandesana:1
සංදේශය	samdesaya:2	samdeshaya:1	sandesaya:1
සංදේශයේ	samdesaye:2	sandesaya:1	sandesaye:1
සංධානය	samdhanaya:3	sandhanaya:1
සංධානයේ	samdhanaye:3	sandhanaye:1
සංධි	samdhi:2	sandhi:2
සංධිය	samdhiya:2	sandhiya:2
සංධිස්ථානයක්	samdhisthanayak:3	sandhisthanayak:1
සංනිවේදන	samnivedana:3	sannivedana:1
සංනිවේදනය	samnivedanaya:3	sannivedanaya:1
සංයමය	samyamaya:2	sanyamaya:2
සංයුක්ත	sanyuktha:3	samyukta:2	sanyukta:1
සංයුක්තය	samyuktaya:2	sanyuktaya:1	sanyukthaya:1
සංයුක්තව	samyuktava:2	sanyuktava:1	sanyukthava:1
සංයුග්මක	samyugmaka:2	sanyugmaka:2
සංයුජතා	samyujata:2	sanyujata:1	sanyujatha:1
සංයුත්ත	samyutta:2	sanyuththa:1	sanyutta:1
සංයුති	samyuti:2	sanyuthi:1	sanyuti:1
සංයුතිය	sanyuthiya:2	samyutiya:2	sanyutiya:1
සංයුතියේ	samyutiye:2	sanyuthiye:1	sanyutiye:1
සංයෝග	sanyoga:2	samyoga:2
සංයෝගය	samyogaya:2	sanyogaya:2
සංයෝගයක	samyogayaka:2	sanyogayaka:2
සංයෝගයක්	samyogayak:2	sanyogayak:2
සංයෝගයකි	samyogayaki:2	sanyogayaki:2
සංයෝගයන්	samyogayan:2	sanyogayan:2
සංයෝගයෙන්	samyogayen:2	sanyogayen:2
සංයෝගයේ	samyogaye:2	sanyogaye:2
සංයෝගවල	samyogavala:2	sanyogavala:2
සංයෝගවලට	samyogavalata:2	sanyogavalata:2
සංයෝගවලින්	samyogavalin:2	sanyogavalin:2
සංයෝජන	samyojana:2	sanyojana:2
සංයෝජනය	samyojanaya:2	sanyojanaya:2
සංයෝජනයක්	samyojanayak:2	sanyojanayak:2
සංයෝජනයන්	samyojanayan:2	sanyojanayan:2
සංයෝජනයේ	samyojanaye:2	sanyojanaye:2
සංරක්ෂණ	samraksana:2	sanraksana:1	sanrakshana:1
සංරක්ෂණය	sanrakshanaya:2	samraksanaya:2	sanraksanaya:1
සංරක්ෂණයට	samraksanayata:2	sanraksanayata:1	sanrakshanayata:1
සංරක්ෂිත	samraksita:2	sanrakshita:1	sanrakshitha:1
සංරචක	samracaka:2	sanrachaka:2
සංරචකය	samracakaya:2	sanrachakaya:2
සංරචකයක්	samracakayak:2	samrachakayak:1	sanrachakayak:1
සංරෝධක	samrodhaka:3	sanrodhaka:1
සංවත්සර	samvatsara:2	sanvathsara:1	sanvatsara:1
සංවත්සරය	samvatsaraya:2	samvathsaraya:1	sanvatsaraya:1
සංවත්සරයට	samvatsarayata:2	samvathsarayata:1	sanvatsarayata:1
සංවර	samvara:3	sanvara:1
සංවරව	samvarava:2	sanvarava:2
සංවර්ධකයන්	samvardhakayan:2	sanvardhakayan:2
සංවර්ධකයින්	samvardhakayin:2	sanvardhakayin:2
සංවර්ධන	sanvardhana:3	samvardhana:2
සංවර්ධනය	sanwardanaya:5	samvardhanaya:2	sanvardhanaya:2
සංවර්ධනයක්	samvardhanayak:2	sanvardhanayak:2
සංවර්ධනයට	samvardhanayata:2	sanvardhanayata:2
සංවර්ධනයත්	samvardhanayat:2	sanvardhanayat:1	sanvardhanayath:1
සංවර්ධනයන්	samvardhanayan:2	sanvardhanayan:2
සංවර්ධනයයි	samvardhanayayi:3	sanvardhanayayi:1
සංවර්ධනයේ	samvardhanaye:3	sanvardhanaye:1
සංවර්ධනාත්මක	samvardhanatmaka:3	sanvardhanatmaka:1
සංවර්ධිත	samvardhita:2	samvardhitha:1	sanvardhita:1
සංවලිත	samvalita:2	sanvalita:1	sanvalitha:1
සංවහන	samvahana:2	sanvahana:2
සංවහනය	samvahanaya:2	sanvahanaya:2
සංවාද	samvada:2	sanvada:2
සංවාදය	samvadaya:2	sanvadaya:2
සංවාදයකට	samvadayakata:2	sanvadayakata:2
සංවාදයක්	samvadayak:2	sanvadayak:2
සංවාදයට	samvadayata:2	sanvadayata:2
සංවාදයන්	samvadayan:2	sanvadayan:2
සංවාදයේ	samvadaye:2	sanvadaye:2
සංවාස	samvasa:1	sanvaasa:1	sanvasa:1
සංවිධාන	sanvidhana:5	samvidhana:1	sanvidhaana:1
සංවිධානගත	samvidhanagata:1	sanvidhaanagatha:1	sanvidhanagatha:1
සංවිධානය	sanvidhanaya:9	samvidhanaya:1	sanvidhaanaya:1
සංවිධානයක	samvidhanayaka:1	sanvidhaanayaka:1	sanvidhanayaka:1
සංවිධානයකට	samvidhanayakata:1	sanvidhaanayakata:1	sanvidhanayakata:1
සංවිධානයක්	samvidhanayak:1	sanvidhaanayak:1	sanvidhanayak:1
සංවිධානයකි	samvidhanayaki:1	sanvidhaanayaki:1	sanvidhanayaki:1
සංවිධානයට	samvidhanayata:1	sanvidhaanayata:1	sanvidhanayata:1
සංවිධානයන්	samvidhanayan:2	sanvidhaanayan:1
සංවිධානයන්ය	samvidhanayanya:2	sanvidhaanayanya:1
සංවිධානයන්හි	samvidhanayanhi:2	sanvidhaanayanhi:1
සංවිධානයයි	samvidhanayayi:2	sanvidhaanayaai:1	sanvidhaanayayi:1
සංවිධානයෙන්	samvidhanayen:2	sanvidhaanayen:1
සංවිධානයෙහි	samvidhanayehi:2	sanvidhaanayehi:1
සංවිධානයේ	sanvidanaye:4	samvidhanaye:2	sanvidhaanayeh:1
සංවිධානවල	samvidhanavala:2	sanvidhaanawala:1
සංවිධානවලට	samvidhanavalata:2	sanvidhaanawalata:1
සංවිධානාත්මක	samvidhanathmaka:1	samvidhanatmaka:1	sanveedhaanaathmaka:1
සංවිධායක	samvidhayaka:2	sanvidhaayaka:1
සංවිධායකයෙක්	samvidhayakayek:1	sanvidhaayakayek:1	sanvidhayakayek:1
සංවිධායකවරයා	samvidhayakavaraya:1	sanvidhaayakawarayaa:1	sanvidhayakavaraya:1
සංවිධිත	samvidhitha:1	sanvidhita:1	sanvidhitha:1
සංවෘත	samvrta:1	sanvruta:1	sanvrutha:1	sanwoortha:1
සංවේගයට	sanvegayata:3
සංවේදක	sanvedaka:2	sanvedhaka:1
සංවේදකය	sanvedakaya:1	sanveddakaya:1	sanvedhakaya:1
සංවේදකයක්	sanvedakayak:2	sanvedhakayak:1
සංවේදකයේ	sanvedakaye:2	sanvedhakaye:1
සංවේදන	sanvedana:2	sanvedhana:1
සංවේදනය	sanvedanaya:2	sanvedhanaya:1
සංවේදනයන්	sanvedanayan:2	sanvedhanayan:1
සංවේදනාවන්	sanvedanavan:2	sanvedhanaawan:1
සංවේදය	sanvedaya:2	sanvedhaya:1
සංවේදි	sanvedi:2	sanvedhi:1	sanwedhi:1
සංවේදී	sanwedee:2	sanvedi:2	sanvedhi:1	sanwedhi:1
සංවේදීතාව	sanveditava:1	sanvedithava:1	sanvehdheethaawa:1
සංවේදීතාවය	sanveditavaya:1	sanvedithavaya:1	sanvehdhithaawaya:1
සංශ්ලේෂණ	sanshlehshana:1	sanshleshana:1	sanslesana:1
සංශ්ලේෂණය	sanshleshanaya:2	sanslesanaya:1
සංශුද්ධ	sanshuddha:1	sanshudhdha:1	sansuddha:1
සංශෝධන	samsodhana:1	sanshoadhana:1	sansodhana:1
සංශෝධනය	samsodhanaya:1	sanshoadhanaya:1	sansodhanaya:1
සංශෝධනයක්	samsodhanayak:1	sansoadhanayak:1	sansodhanayak:1
සංශෝධනයට	samshodhanayata:1	sanshoedhanayata:1	sansodhanayata:1
සංශෝධනයත්	samshodhanayath:1	sanshoadhanayath:1	sansodhanayat:1
සංශෝධනයෙන්	samshodhanayen:1	sanshoadhanayen:1	sansodhanayen:1
සංශෝධනයේ	samshodhanaye:1	sanshodhanaye:1	sansodhanaye:1
සංශෝධිත	samsodhitha:1	sanshoadhitha:1	sansodhita:1
සංසදය	sansadaya:2	sansadhaya:1
සංසන්දනය	sansandanaya:2	samsandanaya:1
සංසන්දනයේදී	samsandanayedi:1	sansandanayedi:1	sansandhanayehdhee:1
සංසන්දනාත්මක	samsandanatmaka:1	sansandanatmaka:1	sansandhanaathmaka:1
සංසන්දනාත්මකව	samsandanatmakava:1	sansandanatmakava:1	sansandhanaathmakawa:1
සංසඳය	samsandaya:1	sansandaya:1	sansandhaya:1
සංසරණ	sansarana:2	samsarana:1
සංසරණය	sansaranaya:2	samsaranaya:1
සංසරණයක්	sansaranayak:3
සංසර්ග	sansarga:3
සංසර්ගය	sansargaya:3
සංසර්ගයට	sansargayata:3
සංසර්ගයෙන්	sansargayen:3
සංසර්ගයේ	sansargaye:2	samsargaye:1
සංසර්ගයේදී	samsargayedi:1	sansargayedi:1	sansargayehdhee:1
සංස්කරණ	sanskarana:2	samskarana:1
සංස්කරණය	sanskaranaya:2	samskaranaya:1
සංස්කරණයක්	sanskaranayak:2	samskaranayak:1
සංස්කරණයන්	sanskaranayan:3
සංස්කරණයෙන්	sanskaranayen:2	samskaranayen:1
සංස්කරණයේ	samskaranaye:1	sanskaranaye:1	sanskaranayeh:1
සංස්කරණයේදී	samskaranayedi:1	sanskaranayedi:1	sanskaranayehdhee:1
සංස්කරනය	sanskaranaya:2	samskaranaya:1
සංස්කාර	samskara:1	sanskaara:1	sanskara:1
සංස්කාරක	samskaraka:1	sanskaaraka:1	sanskaraka:1
සංස්කාරකයෙක්	samskarakayek:1	sanskaarakayek:1	sanskarakayek:1
සංස්කාරකවරයා	samskarakavaraya:1	sanskaarakawarayaa:1	sanskarakavaraya:1
සංස්කාරකවරුන්	samskarakavarun:1	sanskaarakawarun:1	sanskarakavarun:1
සංස්කාරයන්ගෙන්	samskarayangen:1	sanskaarayangen:1	sanskarayangen:1
සංස්කෘත	sanskrutha:2	samskrta:1	sanskruta:1
සංස්කෘතික	sanskruthika:9	samskrtika:1	sankruthika:1	sanskrutika:1
සංස්කෘතිකමය	samskrtikamaya:1	sanskruthikamaya:1	sanskrutikamaya:1
සංස්කෘතිකව	samskrtikava:1	sanskruthikawa:1	sanskrutikava:1
සංස්කෘතින්	samskrtin:1	sanskruthin:1	sanskrutin:1
සංස්කෘතින්හි	samskrtinhi:1	sanskruthinhi:1	sanskrutinhi:1
සංස්කෘතිමය	samskrtimaya:1	sanskruthimaya:1	sanskrutimaya:1
සංස්කෘතිය	sanskruthiya:7	samskrtiya:1	sanskrutiya:1
සංස්කෘතියකට	samskrtiyakata:1	sanskruthiyakata:1	sanskrutiyakata:1
සංස්කෘතියක්	sanskruthiyak:2	samskrtiyak:1	sanskrutiyak:1
සංස්කෘතියට	samskrtiyata:1	sanskruthiyata:1	sanskrutiyata:1
සංස්කෘතියෙන්	samskrtiyen:1	sanskruthiyen:1	sanskrutiyen:1
සංස්කෘතියෙහි	samskrtiyehi:1	sanskruthiyehi:1	sanskrutiyehi:1
සංස්කෘතියේ	sanskruthiye:3	samskrtiye:1	sanskrutiye:1
සංස්කෘතීන්	samskrtin:1	sanskrutheen:1	sanskrutin:1
සංස්කෘතීන්ගේ	samskrtinge:1	sanskrutheengae:1	sanskrutinge:1
සංස්කෘතීන්ට	samskrtinta:1	sanskrutheenta:1	sanskrutinta:1
සංස්කෘතීන්වල	samskrtinvala:1	sanskrutheenwala:1	sanskrutinvala:1
සංස්කෘතීන්හි	samskrtinhi:1	sanskrutheenhi:1	sanskrutinhi:1
සංස්ථා	samstha:1	sanstha:1	sansthaa:1
සංස්ථාගත	samsthagata:1	sansthaagatha:1	sansthagata:1
සංස්ථානික	samsthanika:1	sansthaanika:1	sansthanika:1
සංස්ථාපනය	sansthapanaya:2	samsthapanaya:1	sansthaapanaya:1
සංස්ථාපිත	samsthapitha:1	sansthaapitha:1	sansthapita:1
සංස්ථාව	samsthava:1	sansthaawa:1	sansthava:1
සංස්ථාවක්	samsthavak:1	sansthaawak:1	sansthavak:1
සංස්ථාවයි	samsthavayi:1	sansthaawai:1	sansthaawayi:1	sansthavayi:1
සංස්ථාවේ	samsthave:1	sansthaawe:1	sansthave:1
සංස්ථිතික	samsthitika:1	sansthithika:1	sansthitika:1
සංස්ථිතිය	samsthithiya:1	sansthithiya:1	sansthitiya:1
සංස්ලේෂණ	samslesana:1	sanslesana:1	sansleshanaya:1
සංස්ලේෂණය	samslesanaya:1	sanslesanaya:1	sansleshanaya:1
සංසාර	sansara:2	samsara:1
සංසාරය	sansaraya:2	samsaraya:1
සංසාරයෙහි	sansarayehi:2	samsarayehi:1
සංසාරයේ	sansaraye:2	samsaraye:1
සංසාරේ	sansare:2	samsare:1
සංසිද්ධි	sansiddhi:3
සංසිද්ධිය	sansiddhiya:3
සංසිද්ධියක්	sansiddhiyak:3
සංසිද්ධියකි	sansiddhiyaki:3
සංසිද්ධියට	sansiddhiyata:3
සංසිද්ධියයි	sansiddhiyayi:2	sansiddhiyai:1
සංසිද්ධීන්	samsiddhin:1	sansiddheen:1	sansiddhin:1
සංසිඳවා	samsindava:1	sansindava:1	sansindawa:1
සංසේචනය	samsechanaya:1	sansecanaya:1	sansechanaya:1
සංහතිය	samhathiya:1	sanhathiya:1	sanhatiya:1
සංහතියටම	sanhatiyatama:2	samhathiyatama:1	samhatiyatama:1
සංහාර	samhara:2	sanhara:2
සංහාරක	samharaka:2	sanharaka:2
සංහාරය	samharaya:2	sanharaya:2
සංහාරයක්	samharayak:2	sanharayak:2
සංහාරයකි	samharayaki:2	sanharayaki:2
සකදාගාමී	sakadagami:3
සකපෝරුව	sakaporuva:3
සකර්බර්ග්	zuckerberg:2	zuckerburg:1
සකල	sakala:3
සකසන	sakasana:3
සකසන්නට	sakasannata:3
සකසනු	sakasanu:3
සකසයි	sakasayi:3
සකස්	sakas:3
සකස්කර	sakaskara:3
සකස්කරගෙන	sakaskaragena:3
සකස්කල	sakaskala:3
සකස්කිරීම	sakaskirima:3
සකස්කොට	sakaskota:3
සකස්වන	sakasvana:3
සකස්වී	sakasvi:3
සකසා	sakasa:3
සකසාගත	sakasagata:2	sakasagatha:1
සකසාගත්	sakasagat:2	sakasagath:1
සකසුරුවම්	sakasuruvam:3
සක්	sak:3
සක්කාය	sakkaya:3
සක්දෙව්	sakdev:3
සක්මන්	sakman:3
සක්වල	sakvala:2	sakwala:1
සක්විති	sakvithi:2	sakviti:1
සක්‍රමේන්තු	sakramentu:2	sakramenthu:1
සක්‍රිය	sakriya:3
සක්‍රියව	sakriyava:2	sakriyawa:1
සක්‍රීය	sakriya:3	sakreeya:1
සක්‍රීයව	sakriyava:2	sakreeyawa:1	sakriyawa:1
සකු	saku:3
සකෘදාගාමි	sakrudagami:2	sakrdagami:1
සකෘදාගාමී	sakrdagami:1	sakrudagamee:1	sakrudagami:1
සග	saga:3
සගයකු	sagayaku:3
සගයන්	sagayan:3
සගයා	sagaya:3
සගයින්	sagayin:3
සගයෙකු	sagayeku:3
සගරාව	sagaraava:1	sagarava:1	sagarawa:1
සගරාවට	sagaravata:2	sagarawata:1
සගවන	sagavana:2	sagawana:1
සගවා	sagava:2	sagawa:1
සඟ	sanga:2	saga:1
සඟරා	sangara:3
සඟරාව	sangarava:2	sangarawa:1
සඟරාවක	sangaravaka:2	sangarawaka:1
සඟරාවකට	sangaravakata:2	sangarawakata:1
සඟරාවක්	sangaravak:2	sangarawak:1
සඟරාවට	sangaravata:2	sangarawata:1
සඟරාවල	sangaravala:2	sangarawala:1
සඟරාවෙහි	sangaravehi:3
සඟරාවේ	sangarawe:2	sangarave:3
සඟල	sangala:3
සඟවා	sangawa:4	sangava:3
සඟුන්	sangun:3
සචල	sachala:2	sacala:1
සච්ච	sacca:1	sacha:1	sachcha:1
සච්චක	saccaka:1	sachaka:1	sachchaka:1
සචින්	sachin:2	sacin:1
සජ්ජායනා	sajjayana:3
සජ්ඣායනා	sajjhayana:3
සජිත්	sajith:2	sajit:1
සජිවිකරණය	sajeevikaranaya:2	sajivikaranaya:3
සජිවීකරණය	sajivikaranaya:3
සජීව	sajiva:3
සජීවන	sajivana:3
සජීවනය	sajivanaya:3
සජීවි	sajivi:3
සජීවිකරණ	sajivikarana:3
සජීවිකරණය	sajivikaranaya:3
සජීවී	sajeewi:2	sajivi:3
සජීවීකරණ	sajivikarana:2	sajivikaranaya:1
සජීවීකරණය	sajivikaranaya:3
සජීවීකරණයේ	sajivikaranaye:3
සජීවීව	sajiviva:3
සඤ්ඤක	sannaka:3
සටන	satana:3
සටනක	satanaka:3
සටනකට	satanakata:3
සටනක්	satanak:3
සටනට	satanata:3
සටන්	satan:3
සටන්කරුවන්	satankaruvan:2	satankaruwan:1
සටන්කාමී	satankami:2	satankamee:1
සටන්කාමීන්	satankamin:2	satankameen:1
සටන්වලදී	satahanvaladi:1	satanvaladi:1	satanwaladee:1
සටන්වලින්	satanvalin:2	satanwalin:1
සටනින්	satanin:3
සටනෙන්	satanen:3
සටනෙහි	satanehi:3
සටනෙහිදී	satanehidi:2	satanehidee:1
සටනේ	satane:3
සටනේදී	satanedi:2	satanedee:1
සටහන	satahana:3
සටහනක	satahanaka:3
සටහනක්	satahanak:3
සටහන්	satahan:3
සටහන්ද	satahanda:3
සටහන්ය	satahanya:3
සටහන්ව	satahanva:2	satahanwa:1
සටහන්වලින්	satahanvalin:3
සටහනෙහි	satahanehi:2	satanehi:1
සටහනේ	satahane:3
සත	sata:2	satha:1
සතක්	satak:2	sathak:1
සතකු	sataku:2	sathaku:1
සතකුගේ	satakuge:3
සතන්	satan:2	sathan:1
සතර	sathara:8	satara:2
සතරක	sataraka:2	satharaka:1
සතරකට	satarakata:2	satharakata:1
සතරක්	satarak:2	satharak:1
සතරකි	sataraki:2	satharaki:1
සතරකින්	satarakin:2	satharakin:1
සතරදෙනෙක්	sataradenek:2	satharadenek:1
සතරයි	satarayi:2	satharai:1
සතරවන	sataravana:2	satharavana:1
සතරවරම්	sataravaram:2	satharavaram:1
සතරසිංහ	satarasinha:2	satarasimha:1	satharasingha:1
සතරේ	satare:3
සතවක	satavaka:2	sathavaka:1
සතහට	satahata:2	sathahata:1
සත්	sath:4	sat:2
සත්කාර	satkara:3
සත්කාරක	satkaraka:3
සත්කාරකත්වය	sathkarakathwaya:2	satkarakatvaya:3
සත්කාරය	satkaraya:3
සත්කාරයක්	satkarayak:3
සත්ත්ව	sathwa:2	sattva:3
සත්ත්වයන්	sattvayan:3
සත්ත්වයන්ගේ	sattvayange:3
සත්ත්වයන්ට	sattvayanta:3
සත්ත්වයා	sattvaya:3
සත්ත්වයාගේ	sattvayage:3
සත්ත්වයින්	sattvayin:3
සත්ත්වයෙකු	sattvayeku:3
සත්ත්වයෝ	sattvayo:3
සත්තු	sattu:2	saththu:1
සත්තුභත්ත	saththubhaththa:1	sattubhatta:1	zgodatabatha:1
සත්ථා	sattha:3
සත්දෙනා	satdena:3
සත්ප්‍රසාද	satprasada:2	sathprasaada:1
සත්ව	sathwa:5	satva:2	sathva:1
සත්වන	satvana:2	sathvana:1
සත්වයකු	satvayaku:2	sathvayaku:1
සත්වයන්	satvayan:3
සත්වයන්ගෙන්	satvayangen:3
සත්වයන්ගේ	satvayange:3
සත්වයන්ට	satvayanta:3
සත්වයා	sathwaya:2	satvaya:3
සත්වයාගේ	satvayage:3
සත්වයාට	satvayata:3
සත්වයින්	satvayin:2	satvayn:1
සත්වයින්ගේ	satvayinge:3
සත්වයින්ද	satvayinda:3
සත්වයෙක්	satvayek:3
සත්වයෙකි	satvayeki:3
සත්වයෙකු	satvayeku:2	sathvayeku:1
සත්වයෝ	satvayo:3
සත්‍ය	sathya:16	satya:3
සත්‍යක්‍රියා	satyakriya:2	satyakriyaa:1
සත්‍යකාම	satyakama:3
සත්‍යග්‍රහ	satyagraha:3
සත්‍යජිත්	satyajit:2	satyajith:1
සත්‍යතාව	satyatava:3
සත්‍යය	satyaya:3
සත්‍යයක්	satyayak:3
සත්‍යයකි	satyayaki:3
සත්‍යයන්	satyayan:3
සත්‍යයෙන්	satyayen:3
සත්‍යයේ	sathyaye:3	satyaye:3
සත්‍යවශයෙන්ම	satyavasayenma:3
සත්‍යවාදී	satyavadi:3
සත්‍යාවබෝධය	satyavabodhaya:3
සතා	sata:2	sathaa:1
සතාගේ	satage:3
සති	sathi:4	sati:2
සතිපට්ඨාන	satipatthana:3
සතිපට්ඨානය	satipatthanaya:3
සතිපට්ඨානයයි	satipatthanayayi:3
සතිපතා	satipata:2	sathipathaa:1
සතිය	satiya:2	sathiya:1
සතියකට	satiyakata:2	sathiyakata:1
සතියකම	satiyakama:2	sathiyakma:1
සතියක්	sathiyak:2	satiyak:2
සතියෙන්	satiyen:2	sathiyen:1
සතියේ	sathiye:3	satiye:2
සතිස්චන්ද්‍ර	sathischandra:1	satiscandra:1	satischandra:1
සතු	sathu:15	satu:2
සතුට	satuta:2	sathuta:1
සතුටක්	satutak:2	sathutak:1
සතුටට	satutata:2	sathutata:1
සතුටින්	satutin:2	sathutin:1
සතුටු	satutu:2	sathutu:1
සතුටුදායක	satutudayaka:2	sthutudayaka:1
සතුටුදායකය	satutudayakaya:2	sathutudayakaya:1
සතුනට	satunata:2	sathunata:1
සතුන්	sathun:12	satun:2
සතුන්ගෙ	satunge:2	sathunge:1
සතුන්ගෙන්	satungen:2	sathungen:1
සතුන්ගේ	sathunge:4	satunge:2
සතුන්ට	satunta:2	sathunta:1
සතුන්ය	satunya:2	sathunya:1
සතුය	satuya:2	sathuya:1
සතුයි	satuyi:2	sathuyi:1
සතුරකු	saturaku:2	sathuraku:1
සතුරන්	sathuran:2	saturan:2
සතුරන්ගෙන්	saturangen:2	sathurangen:1
සතුරන්ගේ	saturange:2	sathurange:1
සතුරන්ට	saturanta:2	sathuranta:1
සතුරා	satura:2	sathura:1
සතුරාගෙන්	saturagen:2	sathuragen:1
සතුරාගේ	saturage:2	sathurage:1
සතුරාට	saturata:2	sathurata:1
සතුරු	sathuru:3	saturu:2
සතුව	sathuwa:5	satuva:2	sathuva:1
සතුවීම	satuvima:2	sathivima:1
සතුවේ	satuve:2	sathuve:1
සතෙක්	satek:2	sathek:1
සතෙකි	sateki:2	satheki:1
සතෙකු	sateku:2	satheku:1
සතෙකුගේ	satekuge:2	sathekuge:1
සතෙකුට	satekuta:2	sathekuta:1
සතේ	sate:2	sathe:1
සදකඩපහන	sadakadapahana:3
සදන්නේ	sadanne:3
සදනු	sadanu:3
සදහටම	sadahatama:3
සදහනක්	sadahanak:3
සදහන්	sandahan:16	sadahan:3
සදහන්ය	sadahanya:3
සදහන්ව	sadahanva:3
සදහන්වේ	sadahanve:3
සදහම්	sadaham:3
සදහා	sandaha:46	sadaha:3
සදහාත්	sadahat:2	sadahath:1
සදහාද	sadahada:3
සදහාම	sadahama:3
සදහාය	sadahaya:3
සද්ගුණවත්	sadgunavat:2	sadgunavath:1
සද්ධර්ම	saddharma:3
සද්ධර්මය	saddharmaya:3
සද්ධර්මාලංකාරය	saddharmalamkaraya:2	saddharmalankaraya:2
සද්ධාතිස්ස	saddhatissa:2	saddhathissa:1
සදා	sada:3
සදාකාලික	sadakalika:3
සදාකාලිකව	sadakalikava:3
සදාකාලිකවම	sadakalikavama:3
සදාචාර	sadachara:2	sadacara:2
සදාචාරමය	sadacharamaya:2	sadacaramaya:1
සදාචාරය	sadacharaya:2	sadacaraya:1
සදාචාරයට	sadacarayata:1	sadacharayata:1	sadhaachaarayata:1
සදාචාරයේ	sadacaraye:1	sadacharaye:1	sadhaachaarayeh:1
සදාචාරාත්මක	sadacaratmaka:1	sadacharathmak:1	sadhaachaaraathmaka:1
සදාතනික	sadatanika:1	sadathanika:1	sadhaathanika:1
සදාම්	sadam:1	saddam:1	sadhaam:1
සදාහරිත	sadaharita:1	sadaharitha:1	sadhaaharitha:1
සදිසි	sadisi:2	sadhisi:1
සන	sana:3
සනත්	sanath:2	sanat:1
සනසන	sanasana:3
සන්	sun:2	san:1
සන්ට්‍රියා	santriya:3
සන්ඩේ	sunday:2	sande:1
සන්තක	santaka:2	santhaka:1
සන්තතික	santatika:2	santhathika:1
සන්තතිය	sannathiya:2	santatiya:2	santhathiya:1
සන්තානම්	santanam:2	santhanam:1
සන්තානයෙහි	santanayehi:2	santhanayehi:1
සන්තික	santika:2	santhika:1
සන්තෘප්ත	santrpta:2	santhruptha:1
සන්තෘප්තිය	santrptiya:2	santhrupthiya:1
සන්තෝෂය	santosaya:2	santhoshaya:1	santoshaya:1
සන්දර්භ	sandarbha:3
සන්දර්භය	sandarbhaya:3
සන්දර්භයට	sandarbhayata:3
සන්දර්භයන්ගේ	sandarbhayange:3
සන්දේශ	sandesa:1	sandesha:1	sandhesha:1
සන්දේශය	sandesaya:1	sandeshaya:1	sandheshaya:1
සන්ධර්භය	sandharbhaya:2	sanshrbhaya:1
සන්ධ්‍යා	sandhya:2	sandhyaa:1
සන්ධ්‍යාවේ	sandhyave:2	sandhyaawe:1
සන්ධාන	sandhana:2	sandhaana:1
සන්ධානගත	sandhaanagatha:1	sandhanagata:1	sandhanagatha:1
සන්ධානය	sandhanaya:2	sandhaanaya:1
සන්ධානයකට	sandhanayakata:2	sandhaanayakata:1
සන්ධානයක්	sandhanayak:2	sandhaanayak:1
සන්ධානයට	sandhanayata:2	sandhaanayata:1
සන්ධානයන්	sandhanayan:2	sandhaanayan:1
සන්ධානයෙහි	sandhanayehi:2	sandhaanayehi:1
සන්ධානයේ	sandhanaye:2	sandhaanaye:1
සන්ධි	sandhi:3
සන්ධිය	sandhiya:3
සන්ධියේ	sandhiye:3
සන්ධිස්ථාන	sandhisthana:2	sandhisthaana:1
සන්ධිස්ථානයක්	sandhisthanayak:3
සන්ධීය	sandhiya:3
සන්නද්ධ	sannaddha:3
සන්නද්ධව	sannaddhava:3
සන්නම	sannama:3
සන්නම්	sannam:2	sanam:1
සන්නයන	sannayana:3
සන්නයනය	sannayanaya:3
සන්නස	sannasa:3
සන්නසක්	sannasak:3
සන්නාම	sannama:3
සන්නායක	sannayaka:3
සන්නායකතාව	sannayakatava:2	sannayakathava:1
සන්නායකතාවය	sannayakatava:1	sannayakatavaya:1	sannayakathavaya:1
සන්නායකයක	sannayakayaka:3
සන්නායකයක්	sannayakayak:2	sannayakayan:1
සන්නාහ	sannaha:3
සන්නි	sanni:3
සන්නිකර්ෂණය	sannikarsanaya:2	sannikarshanaya:2
සන්නිදර්ශනය	sannidarsanaya:2	sannidarshanaya:1
සන්නිපාතය	sannipataya:2	sannipathaya:1
සන්නිවෙදනය	sannivedanaya:3
සන්නිවේදන	sanniwedana:3	sannivedana:3
සන්නිවේදනය	sanniwedanaya:3	sannivedanaya:3
සන්නිවේදනයක්	sannivedanayak:3
සන්නිවේදනයට	sannivedanayata:3
සන්නිවේදනයන්	sannivedanayan:3
සන්නිවේදනයෙහි	sannivedanayehi:3
සන්නිවේදනයේ	sannivedanaye:3
සන්නිවේදනයේදී	sannivedanayedi:3
සන්රයිස්	sanrais:1	sanrayis:1	sunrise:1
සන්සන්දනය	sansandanaya:3
සන්සන්දනාත්මක	sansandanatmaka:2	sansandanathmaka:1
සන්සන්දනාත්මකව	sansandanatmakava:2	sansandanathmakava:1
සන්සා	sansa:3
සන්සුන්	sansun:3
සන්සුන්ව	sansunva:3
සන්ෆ්ලවර්	sunflower:2	sanflavar:1
සනා	sana:2	sanah:1
සනාත	sanata:2	sanatha:1
සනාථ	sanatha:3
සනාල	sanala:3
සනිටුවහන්	sanituvahan:3
සනිටුහන්	sanituhan:3
සනීපාරක්ෂක	saneeparakshaka:1	saniparaksaka:1	saniparakshaka:1
සනෝජා	sanoja:3
සඳ	sanda:3
සඳකඩ	sandakada:3
සඳකඩපහණ	sandakadapahana:3
සඳකඩපහණක්	sandakadapahanak:3
සඳකඩපහණයි	sandakadapahanayi:2	sandakadapahanai:1
සඳකඩපහණ්	sandakadapahan:3
සඳකඩපහන	sandakadapahana:3
සඳක්	sandak:3
සඳට	sandata:2	asndata:1
සඳදුන්නක්	sandadunnak:2	sandhadhunnak:1
සඳමාලි	sandamalee:1	sandamali:1	sandhamaali:1
සඳරුවන්	sandaruvan:2	sandharuwan:1
සඳහන	sandahana:2	sandhahana:1
සඳහනක්	sandahanak:2	sandhahanak:1
සඳහන්	sandahan:2	sandhahan:1
සඳහන්ය	sandahanya:2	sadhahanya:1
සඳහන්ව	sandahanva:2	sandhahanwa:1
සඳහන්වී	sandahanvi:2	sandhahanwee:1
සඳහන්වේ	sandahanve:2	sandhahanwe:1
සඳහා	sandaha:2	sadhahaa:1
සඳහාත්	sadhahaath:1	sandahat:1	sandahath:1
සඳහාද	sandahada:6
සඳහාම	sandahama:3
සඳහාය	sandahaya:3
සඳහායි	sandahayi:2	sandahai:1
සඳු	sandu:3
සඳුදා	sanduda:3
සඳුන්	sandun:3
සඳුනි	sanduni:3
සඳෙහි	sandehi:3
සපත්තු	sapattu:2	sapaththu:1
සපත්තුව	sapattuva:2	sapaththuva:1
සපත්තුවෙහි	sapattuvehi:2	sapaththuvehi:1
සපයන	sapayana:3
සපයනවා	sapayanava:3
සපයන්න	sapayanna:3
සපයන්නන්	sapayannan:3
සපයන්නෙකු	sapayanneku:3
සපයන්නේ	sapayanne:3
සපයනු	sapayanu:3
සපයමින්	sapayamin:3
සපයයි	sapayayi:2	sapayai:1
සපයා	sapaya:3
සප්ත	sapta:2	saptha:1
සප්නා	sapna:3
සප්පායම්	sappayam:3
සපා	sapa:3
සපිරි	sapiri:3
සපිරෙන	sapirena:3
සපුගස්කන්ද	sapugaskanda:3
සපුමල්	sapumal:3
සපුරා	sapura:3
සපුරාගත	sapuragata:2	sapuragatha:1
සපුරාලන	sapuralana:3
සපුරාලිය	sapuraliya:3
සපුරාලීම	sapuralima:3
සපුරාලීමට	sapuralimata:3
සපුව	sapuva:3
සපුෂ්ප	sapushpa:2	sapuspa:2
සඵල	saphala:2	sapala:1
සඵලත්වය	saphalatvaya:2	sapalathvaya:1
සබදතාවක්	sabadatavak:2	sabadathavak:1
සබන්	saban:3
සබඳකම්	sabandakam:3
සබඳතා	sabandata:2	sabandatha:1
සබඳතාව	sabandatava:2	sabandathava:1
සබඳතාවක්	sabandatavak:2	sabandathavak:1
සබඳතාවට	sabandatavata:2	sabandathavata:1
සබඳතාවන්	sabandatavan:2	sabandathavan:1
සබඳතාවය	sabandatavaya:2	sabandathavaya:1
සබඳතාවයක්	sabandatavayak:2	sabandathavayak:1
සබඳතාවයි	sabandatavayi:2	sabandathavayi:1
සබඳතාවල	sabandatavala:2	sabandathavala:1
සබඳතාවලට	sabandatavalata:2	sabandathavalata:1
සබරගමු	sabaragamu:3
සබරගමුව	sabaragamuva:2	sabaragamuwa:1
සබරගමුවේ	sabaragamuve:3
සබ්	sab:2	sub:1
සබ්බ	sabba:3
සබ්මැරීන	sabmaerina:1	submarina:1	submarine:1
සබ්මැරීන්	submarine:2	sabmaerin:1
සබ්රි	sabri:2	sabry:1
සබා	saba:3
සබීතා	sabita:2	sabitha:1
සබේ	sabe:3
සභා	sabha:2	saba:1
සභාග	sabhaga:2	sabaga:1
සභාපති	sabhapathi:4	sabapathi:1	sabhapati:1
සභාපතිගේ	sabapathige:1	sabhapathige:1	sabhapatige:1
සභාපතිත්වය	sabapathithwaya:1	sabhapathithvaya:1	sabhapatitvaya:1
සභාපතිවරයා	sabapathiwaraya:1	sabhapathivaraya:1	sabhapativaraya:1
සභාපතිවරු	sabapathiwaru:1	sabhapathivaru:1	sabhapativaru:1
සභාව	sabhawa:12	sabhava:2	sabawa:1
සභාවක	sabhavaka:2	sabawaka:1
සභාවකට	sabhavakata:2	sabawakata:1
සභාවක්	sabhavak:2	sabawak:1
සභාවට	sabhawata:4	sabhavata:2	sabawata:1
සභාවත්	sabawath:1	sabhavat:1	sabhavath:1
සභාවන්	sabhavan:2	sabawan:1
සභාවයි	sabhavayi:2	sabawai:1
සභාවල	sabhavala:2	sabawala:1
සභාවලට	sabhavalata:2	sabawalata:1
සභාවලත්	sabawalath:1	sabhavalat:1	sabhavalath:1
සභාවෙන්	sabhaven:2	sabawen:1
සභාවෙන්ද	sabhavenda:2	sabawenda:1
සභාවෙහි	sabhavehi:2	sabawehi:1
සභාවේ	sabhawe:3	sabhave:2	sabawe:1
සභිකයකු	sabhikayaku:2	sabikayaku:1
සභිකයන්	sabhikayan:2	sabikayan:1
සභිකයන්ගේ	sabhikayange:2	sabikayange:1
සභිකයෙකු	sabhikayeku:2	sabikayeku:1
සම	sama:3
සමක	samaka:3
සමකය	samakaya:3
සමකයට	samakayata:3
සමකර	samakara:3
සමකල	samakala:3
සමකාර්ය	samakarya:2	samakaarya:1
සමකාලින	samakalina:2	samakaalina:1
සමකාලීන	samakalina:2	samakaaleena:1
සමකාලීනයන්	samakalinayan:2	samakaaleenayan:1
සමකාලීනයන්ගේ	samakalinayange:2	samakaaleenayange:1
සමකාලීනව	samakalinava:2	samakaalieenawa:1
සමග	samaga:3
සමගද	samagada:2	samagadha:1
සමගම	samagama:3
සමගය	samagaya:3
සමගයි	samagayi:3	samagaai:1
සමගාමිව	samagamiva:2	samagaamiwa:1
සමගාමී	samagami:2	samagaamee:1
සමගාමීව	samagamiva:2	samagaameewa:1
සමගි	samagi:3
සමගින්	samagin:3
සමගිනි	samagini:3
සමගිය	samagiya:3
සමගියට	samagiyata:3
සමගිව	samagiva:2	samagiwa:1
සමඟ	samaga:35	samanga:2
සමඟද	samangada:2	samagada:1
සමඟම	samagama:3	samangama:2
සමඟය	samangaya:2	samagaya:1
සමඟයි	samangayi:2	samagai:1
සමඟි	samangi:2	samagi:1
සමඟින්	samangin:2	samagin:1
සමඟිනි	samangini:2	samagini:1
සමචතුරස්‍ර	samacaturasra:1	samachathurasra:1	samachathurassa:1
සමචතුරස්‍රාකාර	samacaturasrakara:1	samachathuraghakara:1	samachathurasrakara:1
සමච්චලයට	samachchalayata:2	samaccalayata:1
සමජාතීය	samajathiya:2	samajatheeya:1	samajatiya:1
සමට	samata:3
සමතකරණ	samathakarana:2	samatakarana:1
සමතයකට	samathayakata:2	samatayakata:1
සමතල	samatala:2	samathala:1
සමතලා	samathala:2	samatala:1
සමත්	samath:2	samat:1
සමත්කමක්	samathkamak:2	samatkamak:1
සමත්කම්	samathkam:2	samatkam:1
සමත්ය	samathya:2	samatya:1
සමත්ව	samathva:1	samathwa:1	samatva:1
සමත්වන	samathvana:1	samathwana:1	samatvana:1
සමත්වය	samathvaya:1	samathwaya:1	samatvaya:1
සමත්විය	samathwiya:2	samathviya:1	samatviya:1
සමත්වී	samathvi:1	samathwee:1	samatvi:1
සමත්වූ	samathvu:1	samathwu:1	samatvu:1
සමතුල්‍ය	samathulya:2	samatulya:1
සමතුලිත	samathulitha:2	samatulita:1
සමතුලිතතා	samathulithatha:1	samathulithathaa:1	samatulitata:1
සමතුලිතතාව	samathulithathawa:2	samathulithathaawa:1	samathulithathava:1	samatulitatava:1
සමතුලිතතාවය	samathulithathaawaya:1	samathulithathavaya:1	samatulitatavaya:1
සමතුලිතතාවයට	samathulithathaawayata:1	samathulithathavayata:1	samatulitatavayata:1
සමතුලිතතාවයේ	samathulithathaawaye:1	samathulithathavaye:1	samatulitatavaye:1
සමතුලිතයේ	samathulithaye:2	samatulitaye:1
සමතුලිතව	samathulithava:1	samathulithawa:1	samatulitava:1
සමථ	samatha:2	samathha:1
සමථයකට	samathayakata:2	samathhayakata:1
සමනය	samanaya:3
සමනයට	samanayata:3
සමනල	samanala:3
සමනල්	samanal:3
සමනලුන්	samanalun:3
සමනළ	samanala:3
සමනළයා	samanalaya:3
සමන්	saman:3
සමන්ත	samantha:3
සමන්තභද්‍ර	samantabhadra:1	samanthabadra:1	samanthabhadra:1
සමන්තා	samantha:3
සමන්තාට	samanthata:3
සමන්ති	samanthi:2	samanti:1
සමන්විත	samanwitha:30	samanvita:1	samanvitha:1	samnvitha:1
සමන්විතය	samanvitaya:1	samanvithaya:1	samanwithaya:1
සමන්විතයි	samanvitayi:1	samanvithai:1	samanvithayi:1
සමන්විතව	samanvitava:1	samanvithava:1	samanvithawa:1
සමන්විතවේ	samanvitave:1	samanvithave:1	samanvithawe:1
සමනොළ	samanola:3
සමපාත	samapatha:2	samapata:1
සමබර	samabara:3
සමබරව	samabarava:2	samabarawa:1
සමමිතික	samamithika:2	samamitika:1
සමමිතිය	samamithiya:2	samamitiya:1
සමමිතියක්	samamithiyak:2	samamitiyak:1
සමමුහුර්ත	samamuhurtha:2	samamuhurta:1
සමය	samaya:3
සමයක	samayaka:3
සමයකදී	samayakadi:2	samayakadee:1
සමයක්	samayak:3
සමයකි	samayaki:3
සමයට	samayata:3
සමයන්	samayan:3
සමයයන්	samayayan:3
සමයෙන්	samayen:3
සමයෙහි	samayehi:3
සමයෙහිදී	samayehidi:2	samayehidee:1
සමයේ	samaye:3
සමයේදි	samayedi:3
සමයේදී	samayedi:2	samayedhee:1
සමයේදීම	samayedima:2	samayedheemaya:1
සමයේදීය	samayediya:2	samayedheeya:1
සමයේය	samayeya:3
සමරකෝන්	samarakon:2	samarakone:1
සමරන	samarana:3
සමරන්නේ	samaranne:3	samarannay:1
සමරනායක	samaranayaka:2	samaranaayaka:1
සමරනු	samaranu:3
සමරමින්	samaramin:3
සමරයි	samarayi:3	samaraai:1
සමරවීර	samaravira:2	samaraweera:1
සමරසිංහ	samarasinghe:3	samarasinha:3
සමරසේකර	samarasekara:2	samarsekara:1
සමර්ථ	samartha:3
සමරු	samaru:3
සමලිංගික	samalingika:3
සමලිංගිකත්වය	samalingikathvaya:1	samalingikathwaya:1	samalingikatvaya:1
සමව	samava:2	samawa:1
සමස්ත	samastha:2	samasta:1
සමස්තය	samasthaya:2	samastaya:1
සමස්තයක්	samasthayak:2	samastayak:1
සමස්තයම	samasthayama:2	samastayama:1
සමස්ථ	samastha:2	samasthha:1
සමස්ථයක්	samasthayak:2	samasthhayak:1
සමස්ථානික	samasthanika:2	samasthhanika:1
සමස්ථානිකය	samasthanikaya:2	samasthhanikaya:1
සමස්ථානිකයක්	samasthanikayak:2	samasthhanikayak:1
සමස්ථානිකයේ	samasthanikaye:2	samasthhanikaye:1
සමස්ථානිකවල	samasthanikavala:1	samasthanikawala:1	samasthhanikavala:1
සමහන්	samahan:3
සමහර	samahara:3
සමහරක	samaharaka:3
සමහරක්	samaharak:3
සමහරකි	samaharaki:3
සමහරවිට	samaharavita:3
සමහරවිටෙක	samaharaviteka:3
සමහරු	samaharu:3
සමහරුන්	samaharun:3
සමහරෙක්	samaharek:3
සම්	sum:2	sam:1	some:1
සම්පත	sampatha:2	sampata:1
සම්පතක්	sampathak:2	sampatak:1
සම්පතකි	sampathaki:2	sampataki:1
සම්පතයි	sampathayi:2	sampatayi:1	sampathaai:1
සම්පත්	sampath:2	sampat:1
සම්පත්වල	sampathvala:1	sampathwala:1	sampatvala:1
සම්පත්වලට	sampathvalata:1	sampathwalata:1	sampatvalata:1
සම්පන්න	sampanna:3
සම්පන්නව	sampannava:2	sampannawa:1
සම්පන්නෝ	sampanno:3
සම්ප්‍රදාය	sampradaya:2	sampradhaaya:1
සම්ප්‍රදායක	sampradayaka:2	sampradhaayaka:1
සම්ප්‍රදායකට	sampradayakata:2	sampradhaayakata:1
සම්ප්‍රදායක්	sampradayak:2	sampradhaayak:1
සම්ප්‍රදායට	sampradayata:2	samprdayata:1
සම්ප්‍රදායත්	sampradayath:2	sampradayat:1
සම්ප්‍රදායන්	sampradayan:3
සම්ප්‍රදායන්ගෙන්	sampradangen:1	sampradayangen:1	sampradhayangen:1
සම්ප්‍රදායන්ගේ	sampradayange:2	sampradhayange:1
සම්ප්‍රදායන්ට	sampradayanta:3
සම්ප්‍රදායන්හි	sampradayanhi:3
සම්ප්‍රදායයක්	sampradayayak:3
සම්ප්‍රදායයන්	sampradayayan:2	sampradayayayan:1
සම්ප්‍රදායයි	sampradayayi:2	sampradayai:1
සම්ප්‍රදායයේ	sampradayaye:2	sampradaye:1
සම්ප්‍රදායික	sampradayika:3
සම්ප්‍රදායිකව	sampradayikava:2	sampradaikawa:1
සම්ප්‍රදායෙන්	sampradayen:3
සම්ප්‍රදායෙහි	sampradayehi:3
සම්ප්‍රදායේ	sampradaye:3
සම්ප්‍රධාය	sampradhaya:3
සම්ප්‍රධායික	sampradhayika:2	sampradhaika:1
සම්ප්‍රයුක්ත	samprayuktha:2	samprayukta:1
සම්ප්‍රාප්ත	sampraptha:2	samprapta:1
සම්ප්‍රාප්තිය	samprapthiya:2	sampraptiya:1
සම්ප්‍රේශණය	sampreshanaya:2	sampresanaya:1
සම්ප්‍රේෂකය	sampreshakaya:2	sampresakaya:1
සම්ප්‍රේෂකයක්	sampreshakayak:2	sampresakayak:1
සම්ප්‍රේෂණ	sampreshana:2	sampresana:1
සම්ප්‍රේෂණය	sampreshanaya:2	sampresanaya:1
සම්ප්‍රේෂණයට	sampreshanayata:2	sampresanayata:1
සම්ප්‍රේෂනය	sampreshanaya:2	sampresanaya:1
සම්පාදක	sampadaka:3
සම්පාදකයන්	sampadakayan:3
සම්පාදන	sampadana:3
සම්පාදනය	sampadanaya:3
සම්පාදනයට	sampadanayata:3
සම්පාදනයන්	sampadanayan:3
සම්පාදිත	sampaditha:2	sampadita:1
සම්පිණ්ඩනය	sampindanaya:3
සම්පීඩක	sampidaka:2	sampeedaka:1
සම්පීඩකය	sampidakaya:2	sampeedakaya:1
සම්පීඩකයක්	sampidakayak:2	sampeedakayak:1
සම්පීඩන	sampidana:2	sampeedana:1
සම්පීඩනය	sampidanaya:2	sampeedanaya:1
සම්පීඩිත	sampeeditha:1	sampidita:1	sampiditha:1
සම්පුර්ණ	sampoorna:2	sampurna:3
සම්පුර්ණයෙන්	sampurnayen:3	sampoornayen:1
සම්පුර්ණයෙන්ම	sampurnayenma:3	sampoornayenma:1
සම්පුර්නයෙන්ම	sampurnayenma:3	sampoornayenma:1
සම්පූර්ණ	sampoorna:7	sampurna:3
සම්පූර්ණයෙන්	sampoornayen:2	sampurnayen:3
සම්පූර්ණයෙන්ම	sampurnayenma:3	sampoornayenma:1
සම්බන්ද	sambanda:3
සම්බන්දතාවයක්	sambandatavayak:1	sambandathawayak:1	sambandhathavayk:1
සම්බන්දයෙන්	sambandayen:2	sambandhathayen:1
සම්බන්දව	sambandava:2	sambandawa:1
සම්බන්ධ	sambandha:3
සම්බන්ධක	sambandhaka:3
සම්බන්ධකමක්	sambandhakamak:2	sambandakamak:1
සම්බන්ධකම්	sambandhakam:3
සම්බන්ධකය	sambandhakaya:3
සම්බන්ධතා	sambandhatha:2	sambandhata:1
සම්බන්ධතාව	sambandhatava:1	sambandhathava:1	sambandhathawa:1
සම්බන්ධතාවක්	sambandathawayak:1	sambandhatavak:1	sambandhathavak:1
සම්බන්ධතාවකි	sambandathawayaki:1	sambandhatavaki:1	sambandhathavaki:1
සම්බන්ධතාවන්	sambandathawan:1	sambandhatavan:1	sambandhathavan:1
සම්බන්ධතාවය	sambandathawaya:1	sambandhatavaya:1	sambandhathavaya:1
සම්බන්ධතාවයක්	sambandathawayak:1	sambandhatavayak:1	sambandhathavayak:1
සම්බන්ධතාවයකි	sambandathawayaki:1	sambandhatavayaki:1	sambandhathavayaki:1
සම්බන්ධතාවයද	sambandathawayada:1	sambandhatavayada:1	sambandhathavayada:1
සම්බන්ධතාවයන්	sambandathawayan:1	sambandhatavayan:1	sambandhathavayan:1
සම්බන්ධතාවයයි	sambandathawayai:1	sambandhathavayai:1	sambandhathavayayi:1
සම්බන්ධතාවයේ	sambandathawaye:1	sambandhatavaye:1	sambandhathavaye:1
සම්බන්ධතාවල	sambandathawala:1	sambandhatavalata:1	sambandhathavala:1
සම්බන්ධය	sambandaya:2	sambandhaya:2
සම්බන්ධයක්	sambandhayak:2	sambandayak:1
සම්බන්ධයකි	sambandhayaki:2	sambandayaki:1
සම්බන්ධයට	sambandhayata:2	sambandayata:1
සම්බන්ධයි	sambandhayi:2	sambandai:1
සම්බන්ධයෙන්	sambandayen:11	sambandhayen:2
සම්බන්ධයෙන්ද	sambandhayenda:2	sambandayenda:1
සම්බන්ධයෙනි	sambandayeni:2	sambandhayeni:2
සම්බන්ධයෙනුත්	sambandayenuth:1	sambandhayenut:1	sambandhayenuth:1
සම්බන්ධයේ	sambandhaye:2	sambandaye:1
සම්බන්ධව	sambandawa:4	sambandhava:2
සම්බන්ධවද	sambandhavada:2	sambandawada:1
සම්බන්ධවන	sambandhavana:2	sambandawana:1
සම්බන්ධවයි	sambandhavayi:2	sambandawai:1
සම්බන්ධවී	sambandhavi:2	sambandawee:1
සම්බන්ධවීමට	sambandhavimata:2	sambandaweemata:1
සම්බන්ධවේ	sambandhave:2	sambandawe:1
සම්බන්ධිකරණය	sambandhikaranaya:2	sambandikaranaya:1
සම්බන්ධිත	sambandhita:2	sambandhitha:1
සම්බන්ධීකරණ	sambandhikarana:2	sambandheekaranaya:1
සම්බන්ධීකරණය	sambandhikaranaya:2	sambandheekaranaya:1
සම්බන්ඳ	sambanda:3
සම්බල	sambala:2	samabala:1
සම්බවය	sambavaya:2	sambawaya:1
සම්බවයක්	sambavayak:2	sambawayak:1
සම්බාධක	sambadhaka:3
සම්බාධනය	sambadhanaya:2	sambadanaya:1
සම්බුද්ධ	sambuddha:3
සම්බුද්ධත්වය	sambuddhathvaya:1	sambuddhathwaya:1	sambuddhatvaya:1
සම්බුද්ධත්වයට	sambuddhathvayata:1	sambuddhathwayata:1	sambuddhatvayata:1
සම්බුදු	sambudu:3
සම්බොජ්ඣංග	sambojjhanga:2	sambojhakathanga:1
සම්බොජ්ඣංගය	sambojjhangaya:2	sambojjangaya:1
සම්බෝධි	sambodhi:3
සම්බෝල	sambola:3
සම්භ	sambha:2	samba:1
සම්භවය	sambhavaya:2	sambawaya:1
සම්භවයක්	sambhavayak:2	sambawayak:1
සම්භවයකින්	sambawayakin:1	sambhavayakin:1	sanbhavayakin:1
සම්භවයන්	sambhavayan:2	sambawayan:1
සම්භාරය	sambharaya:2	sambaaraya:1
සම්භාරයක්	sambharayak:2	sambaarayak:1
සම්භාවනාවට	sambhavanavata:2	sambaawanaawata:1
සම්භාවනීය	sambhavaniya:2	sambaawaneeya:1
සම්භාව්ය	sambhavya:2	sambaawya:1
සම්භාව්‍ය	sambaawya:1	sambhavja:1	sambhavya:1
සම්භාවිතා	sambaavithaa:1	sambaawithaa:1	sambhavita:1	sambhavitha:1
සම්භාවිතාව	sambaavithaava:1	sambaawithaawa:1	sambhavitava:1	sambhavithava:1
සම්භාවිතාවක්	sambaavithavak:1	sambaawithaawak:1	sambhavitavak:1	sambhavithavak:1
සම්භාවිතාවයක්	sambaawithaawayak:1	sambhavitavayak:1	sambhavithavayak:1
සම්මත	sammatha:2	sammata:1
සම්මතය	sammathaya:2	sammataya:1
සම්මතයකට	sammathayakata:2	sammatayakata:1
සම්මතයක්	sammathayak:2	sammatayak:1
සම්මතයන්	sammathayan:2	sammatayan:1
සම්මතයන්ට	sammathayanta:2	sammatayanta:1
සම්මතවූ	sammatavu:1	sammathavu:1	sammathawoo:1
සම්මන්ත්‍රණ	sammanthrana:2	sammantrana:1
සම්මන්ත්‍රණය	sammanthranaya:2	sammantranaya:1
සම්මා	samma:3
සම්මාදම්	sammadam:2	samadam:1
සම්මාදිට්ඨිය	sammaditthiya:2	sammadittiya:1
සම්මාන	sammana:3
සම්මානනීය	sammananiya:1	sammaneeya:1	smmanaiya:1
සම්මානය	sammanaya:3
සම්මානයක්	sammanayak:3
සම්මානයට	sammanayata:3
සම්මානයත්	sammanayath:2	sammanayat:1
සම්මානයද	sammanayada:3
සම්මානයෙන්	sammanayen:3
සම්මිශ්‍රණය	sammishranaya:2	sammisranaya:1
සම්මිශ්‍රණයක්	sammishranayak:2	sammisranayak:1
සම්මිශ්‍රණයකින්	sammishranayakin:2	sammisranayakin:1
සම්මුඛ	sammuka:2	sammukha:2
සම්මුති	sammuthi:2	sammuti:1
සම්මුතිකාමී	sammuthikaamee:1	sammuthikami:1	sammutikami:1
සම්මුතිය	sammuthiya:2	sammutiya:1
සම්මුතියක	sammuthiyaka:2	sammutiyaka:1
සම්මුතියකට	sammuthiyakata:2	sammutiyakata:1
සම්මුතියක්	sammuthiyak:2	sammutiyak:1
සම්මුතියට	sammuthiyata:2	sammutiyata:1
සම්මුතියේ	sammuthiye:2	sammutiye:1
සම්මුතීන්	sammutheen:1	sammuthin:1	sammutin:1
සම්මේලන	sammelana:3
සම්මේලනය	sammelanaya:3
සම්මේලනයේ	sammelanaye:3
සම්‍යක්	samyak:2	sammyak:1
සමා	sama:2	samaa:1
සමාකල්‍ය	samaakalya:1	samakalaya:1	samakalya:1
සමාකාර	samakara:2	samaakaara:1
සමාගම	samagama:6	samaagama:1	samagma:1
සමාගමක	samagamaka:2	samaagamaka:1
සමාගමකට	samagamakata:2	samaagamakata:1
සමාගමක්	samagamak:2	samaagamak:1
සමාගමකි	samagamaki:2	samaagamaki:1
සමාගමට	samagamata:2	samaagamata:1
සමාගමයි	samagamayi:2	samaagamaai:1
සමාගම්	samagam:2	samaagam:1
සමාගම්ද	samagamda:2	samaagamdha:1
සමාගම්වල	samagamvala:2	samagamwala:1
සමාගමෙහි	samagamehi:3
සමාගමේ	samagame:3
සමාජ	samaja:3
සමාජගත	samajagatha:2	samajagata:1
සමාජභාවය	samajabhavaya:2	samajabavaya:1
සමාජමය	samajamaya:3
සමාජය	samajaya:3
සමාජයක	samajayaka:3
සමාජයකම	samajayakama:3
සමාජයක්	samajayak:3
සමාජයට	samajayata:3
සමාජයත්	samajayath:2	samajayat:1
සමාජයන්	samajayan:3
සමාජයන්හි	samajayanhi:3
සමාජයීය	samajayiya:2	samajaiya:1
සමාජයෙන්	samajayen:3
සමාජයෙහි	samajayehi:3
සමාජයේ	samajaye:3
සමාජයේදී	samajayedi:2	samajayedee:1
සමාජවල	samajavala:2	samajawala:1
සමාජවාදය	samajavadaya:2	samajawadaya:1
සමාජවාදයේ	samajavadaye:2	samajawadaye:1
සමාජවාදී	samajavadi:2	samajawadee:1
සමාජවාදීන්	samajavadin:2	samajawadeen:1
සමාජශීලි	samajasheeli:1	samajashili:1	samajasili:1
සමාජසේවා	samajaseva:2	samajasewa:1
සමාජානුයෝජනය	samajanuyojanaya:3
සමාජිකයන්	samajikayan:3
සමාජිකයන්ට	samajikayanta:3
සමාජිකයින්	samajikayin:2	samajikayan:1
සමාජිය	samajiya:3
සමාජීය	samajeeya:2	samajiya:2
සමාදන්	samadan:3
සමාදාන	samadana:2	samaadhaana:1
සමාධි	samadhi:2	samaadhi:1
සමාධිගත	samadhigata:1	samadhigatha:1	sammadhigatha:1
සමාධිය	samadhiya:2	samaadhiya:1
සමාධියත්	samaadhiyath:1	samadhiyat:1	samadhiyath:1
සමාධියෙන්	samaadhiyen:1	samaddhiyen:1	samadhiyen:1
සමාන	samana:2	samaana:1
සමානකමක්	samanakamak:2	samaanakamak:1
සමානකම්	samanakam:2	samaanakam:1
සමානත්වය	samaanathwaya:1	samanathvaya:1	samanatvaya:1
සමානත්වයක්	samaanathwayak:1	samanathvayak:1	samanatvayak:1
සමානතා	samaanathaa:1	samanata:1	samanatha:1
සමානතාවය	samaanathaawaya:1	samanatavaya:1	samanathavaya:1
සමානතාවයක්	samaanathaawayak:1	samanatavayak:1	samanathavayak:1
සමානද	samanada:2	sammanadha:1
සමානය	samanaya:2	samaanaya:1
සමානයන්	samanayan:2	samaanayan:1
සමානයි	samanayi:2	samaanaai:1	samaanayi:1
සමානව	samanawa:2	samanava:2	samaanawa:1
සමානවම	samanavama:2	samaanawama:1
සමාන්තර	samanthara:2	samaanthara:1	samantara:1
සමාන්තරගත	samaantharagatha:1	samantaragata:1	samantharagatha:1
සමාන්තරව	samantarava:1	samantharava:1	sammantharawa:1
සමාන්‍ය	samanya:2	samaanya:1
සමාන්‍යයෙන්	samanyayen:2	samaanyen:1
සමානාත්මතාව	samaanaathmathaawa:1	samanathmathava:1	samanatmatava:1
සමානාත්මතාවය	samanatmatavaya:2	samaanathmathaawaya:1
සමානාත්මතාවයෙන්	samaanathmathaawayen:1	samanathmathavayen:1	samanatmatavayen:1
සමානුපාත	samaanupaatha:1	samanupata:1	samanupatha:1
සමානුපාතික	samaanupaathika:1	samanupathika:1	samanupatika:1
සමානුපාතිකව	samaanupaathikawa:1	samanupathikava:1	samanupatikava:1
සමාප්ති	samaapthi:1	samapthi:1	samapti:1
සමාප්තිය	samaapthiya:1	samapthiya:1	samaptiya:1
සමායෝජක	samayojaka:2	samaayojaka:1
සමායෝජනය	samayojanaya:2	samaayojanaya:1
සමාරම්භක	samarambhaka:2	samaarambhaka:1
සමාරෝපණය	samaropanaya:2	samaaropanaya:1
සමාලෝචන	samaalochana:1	samalocana:1	samalochana:1
සමාලෝචනය	samaalochanaya:1	samalocanaya:1	samalochanaya:1
සමාලෝචනයක්	samaalochanayak:1	samalocanayak:1	samalochanayak:1
සමාව	samava:2	samaawa:1
සමාවක්	samavak:2	samaawak:1
සමාවයවික	samavayavika:2	samaawayawika:1
සමාහිත	samaahitha:1	samahita:1	samahitha:1
සමිත	samitha:2	samita:1
සමිත්	samith:2	samit:1
සමිති	samithi:2	samiti:1
සමිතිය	samithiya:2	samitiya:1
සමිතියේ	samithiye:2	samitiye:1
සමිදුන්	samidun:2	samidhun:1
සමිදුන්ගේ	samidunge:2	samidhunge:1
සමිඳාණන්	samindanan:2	samidhaanan:1
සමිඳුන්ට	samindunta:2	samidhunta:1
සමීකරණ	samikarana:2	sameekarana:1
සමීකරණය	samikaranaya:2	sameekaranaya:1
සමීකරණයක්	samikaranayak:2	sameekaranayak:1
සමීකරණයෙන්	samikaranayen:2	sameekaranayen:1
සමීක්ෂකයන්	sameekshakayan:1	samiksakayan:1	samikshanayan:1
සමීක්ෂණ	sameekshana:1	samiksana:1	samikshana:1
සමීක්ෂණය	sameekshanaya:1	samiksanaya:1	samikshanaya:1
සමීක්ෂණයකින්	sameekshanayakin:1	samiksanayakin:1	samikshanayakin:1
සමීක්ෂණයේ	sameekshanaye:1	samiksanaye:1	samikshanaye:1
සමීප	sameepa:3	samipa:2
සමීපතම	sameepathama:1	samipatama:1	samipathama:1
සමීපය	samipaya:2	sameepaya:1
සමීපයෙන්	samipayen:2	sameepayen:1
සමීපයෙහි	samipayehi:2	sameepayehi:1
සමීපයේ	samipaye:2	sameepaye:1
සමීපව	samipava:2	sameepawa:1
සමු	samu:3
සමුගෙන	samugena:3
සමුච්චයක්	samuchchayak:2	samuccayak:1
සමුච්චිත	samuchchitha:2	samuccita:1
සමුදය	samudaya:2	samudhaya:1
සමුද්දේශ	samuddesa:1	samuddesha:1	samudhdhesha:1
සමුද්‍ර	samudra:2	samudhra:1
සමුද්‍රගුප්ත	samudraguptha:2	samudhraguptha:1	samudragupta:1
සමුද්‍රදේවී	samudradevi:2	samudhradevee:1
සමුද්‍රම්	samudram:2	samudhram:1
සමුද්‍රය	samudraya:2	samudhraya:1
සමුද්‍රයට	samudrayata:2	samudhrayata:1
සමුද්‍රාශ්‍රිත	samudhraashritha:1	samudrashitha:1	samudrasrita:1
සමුද්‍රාසන්න	samudrasanna:2	samudhraasanna:1
සමුද්‍රීය	samudriya:2	samudhreeya:1
සමුදා	samuda:2	samudhaa:1
සමුදාය	samudaya:2	samudhaaya:1
සමුදායක්	samudayak:2	samudhaayak:1
සමුදායකි	samudayaki:2	samudhaayaki:1
සමුදුර	samudura:3
සමුපකාර	samupakara:3
සමුප්පාද	samuppada:3
සමුප්පාදය	samuppadaya:3
සමුප්පාදයේ	samuppadaye:3
සමුරායි	samurayi:2	samurai:1
සමුහ	samuha:3
සමුහය	samuhaya:3
සමුහයකගේ	samuhayakage:3
සමුහයක්	samuhayak:3
සමුහාණ්ඩු	samuhandu:2	samhandu:1
සමුහාණ්ඩුව	samuhanduva:3
සමුහාණ්ඩුවක්	samuhanduvak:3
සමුහාණ්ඩුවේ	samuhanduve:3
සමුළු	samulu:3
සමුළුව	samuluwa:3	samuluva:3
සමුළුවට	samuluvata:3
සමුළුවේ	samuluve:3
සමුළුවේදී	samuluvedi:3
සමූල	samula:3
සමූලඝාතනය	samulaghatanaya:2	samulaghathanaya:1
සමූහ	samooha:2	samuha:3
සමූහය	samuhaya:3
සමූහයක	samuhayaka:3
සමූහයකගේ	samuhayakage:3
සමූහයක්	samuhayak:3
සමූහයකි	samuhayaki:3
සමූහයකින්	samuhayakin:3
සමූහයට	samuhayata:3
සමූහයන්	samuhayan:3
සමූහයා	samuhaya:3
සමූහයාට	samuhayata:3
සමූහයේ	samuhaye:3
සමූහාණ්ඩු	samuhandu:3
සමූහාණ්ඩුව	samoohanduwa:2	samuhanduva:3
සමූහාණ්ඩුවේ	samuhanduve:3
සමෘද්ධ	samruddha:2	samrddha:1
සමෘද්ධි	samruddhi:2	samurdhi:1
සමෘද්ධිමත්	samrddhimat:1	samruddhimat:1	samruddhimath:1
සමෘද්ධිය	samrddhiya:1	samruddhiya:1	samurddhiya:1
සමෘද්ධියක්	samrddhiyak:1	samruddhiyak:1	samurdhiyak:1
සමෘද්ධියට	samruddhiyata:2	samrddhiyata:1
සමෘධිමත්	samrdhimat:1	samrudhimat:1	samrudhimath:1
සමෙහි	samehi:3
සමේ	same:3
සය	saya:3
සයක්	sayak:3
සයනයිඩ්	cyanide:2	sayanayid:1
සයන්	sayan:3
සයන්ස්	science:2	sayans:1
සයවන	sayavana:3
සයිගොන්	sayigon:2	saigon:1
සයිට්	site:2	cite:1	sayit:1
සයින්	sign:2	sayin:1
සයිප්‍රස්	cypress:1	cyprus:1	sayipras:1
සයිබර්	cyber:2	sayibar:1
සයිබීරියාව	sayibiriyava:2	saibeeriyawa:1
සයිමන්	sayiman:2	simon:1
සයිෆ්	saif:3
සයුර	sayura:3
සයුරු	sayuru:3
සයුරෙන්	sayuren:3
සයුරේ	sayure:3
සර	sara:3
සරච්චන්ද්‍ර	saraccandra:1	sarachchandhra:1	sarachchandra:1
සරච්චන්ද්‍රයන්	saraccandrayan:1	sarachchandhrayan:1	sarachchandrayan:1
සරණ	sarana:3
සරණංකර	saranankara:3
සරණා	sarana:2	saranaa:1
සරණාගත	saranaagatha:1	saranagata:1	saranagatha:1
සරණාගතයන්	saranaagathayan:1	saranagatayan:1	saranagathayan:1
සරණාගතයන්ට	saranaagathayanta:1	saranagatayanta:1	saranagathayanta:1
සරණාගතයින්	saranaagathaain:1	saranagatayin:1	saranagathayin:1
සරණිය	saraniya:3
සරත්	sarath:2	sarat:1
සරදමකට	saradamakata:2	saradhamakata:1
සරදම්	saradam:2	saradham:1
සරමක්	saramak:3
සරම්ප	sarampa:3
සරමින්	saramin:3
සරඹ	saramba:3
සරල	sarala:3
සරලතම	saralathama:2	saralatama:1
සරලම	saralama:3
සරලව	saralava:2	saralawa:1
සරලවම	saralavama:2	saralawama:1
සරලා	sarala:3
සරවනමුත්තු	saravanamuththu:1	saravanamuttu:1	sarawanamuththu:1
සරසන	sarasana:3
සරසමින්	sarasamin:3
සරසවි	sarasavi:3
සරසවිය	sarasaviya:3
සරසවියක	sarasaviyaka:3
සරසවියක්	sarasaviyak:3
සරසවියට	sarasaviyata:3
සරසවියේ	sarasaviye:3
සරසවියේදී	sarasaviyedi:2	sarasaviyedee:1
සරස්වතිය	saraswathiya:2	sarasvathiya:1
සරස්වතී	sarasvathee:1	saraswathee:1	saraswati:1
සරසා	sarasa:3
සරළ	sarala:3
සරළව	saralava:2	saralawa:1
සර්	sir:3
සර්කස්	circus:3	sarcus:1
සර්ච්	search:3
සර්ප	sarpa:3
සර්පයකු	sarpayaku:3
සර්පයන්	sarpayan:3
සර්පයන්ට	sarpayanta:3
සර්පයා	sarpaya:3
සර්පයින්	sarpayin:3
සර්පයින්ගේ	sarpayinge:3
සර්පයෙකි	sarpayeki:3
සර්පිලය	sarpilaya:3
සර්පිලාකාර	sarpilakara:3
සර්බියා	serbia:2	sarbiya:1
සර්ව	sarva:2	sarwa:1
සර්වජන	sarvajana:2	sarwajana:1
සර්වඥ	sarwagna:2	sarvagna:1	sarvajna:1	sarwathya:1
සර්වඥධාතු	sarvagnadhatu:1	sarvajnadhatu:1	sarwathyadhathu:1
සර්වත්‍ර	sarvatra:2	sarwathra:1
සර්වප්‍රකාරයෙන්	sarvaprakarayen:2	sarwaprakarayen:1
සර්වබලධාරි	sarvabaladhari:2	sarwabaladari:1
සර්වබලධාරී	sarvabaladhari:2	sarwabaladharee:1
සර්වර්	sarvar:1	sarwar:1	server:1
සර්වසම	sarvasama:2	sarwasama:1
සර්වාංග	sarvamga:1	sarvanga:1	sarwanga:1
සර්විස්	service:2	sarvis:1
සර්වේ	sarve:1	sarway:1	sarwe:1	survey:1
සරා	sara:3
සරාගී	saragi:2	saragee:1
සරිලන	sarilana:3
සරු	saru:3
සරුවට	saruvata:2	saruwata:1
සරුසාරව	sarusarava:2	sarusarawa:1
සරෝජනී	sarojani:2	sarojanee:1
සල	sala:3
සලකණු	salakanu:3
සලකති	salakathi:2	salakati:1
සලකන	salakana:3
සලකන්න	salakanna:3
සලකන්නට	salakannata:3
සලකන්නේ	salakanne:3
සලකනු	salakanu:3
සලකනුයේ	salakanuye:3
සලකමින්	salakamin:3
සලකයි	salakayi:2	salakai:1
සලකා	salaka:2	salakaa:1
සලකුණ	salakuna:3
සලකුණක්	salakunak:3
සලකුණකි	salakunaki:3
සලකුණු	salakunu:3
සලසන	salasana:3
සලසනු	salasanu:3
සලසයි	salasayi:3
සලස්වන	salasvana:3
සලස්වනු	salasvanu:3
සලස්වයි	salasvayi:3
සලස්වා	salasva:3
සලසා	salasa:3
සල්	sal:3
සල්ගස	salgasa:3
සල්ලි	salli:3
සල්ෆයිඩ්	sulfide:2	salfayid:1
සල්ෆර්	salfar:2	sulfur:1
සල්ෆියුරික්	sulfuric:2	salfiyurik:1
සල්ෆේට	salfeta:2	salfata:1
සලාගම	salagama:3
සලාතය	salathaya:2	salataya:1
සලාතයේ	salathaye:2	salataye:1
සලාත්	salath:2	salat:1
සලාම්	salam:3
සලීම්	salim:2	saleem:1
සවනක්	savanak:2	sawanak:1
සවනට	savanata:2	sawanata:1
සවනත	savanata:1	savanatha:1	sawanatha:1
සවන්	sawan:2	savan:2
සවස	savasa:2	sawasa:1
සවස්	savas:2	sawas:1
සව්	sav:2	saw:1
සවානා	sawana:2	savana:2
සවි	savi:3	sawi:1
සවිකර	savikara:3
සවිකරන	savikarana:3
සවිකළ	savikala:3
සවිකිරීම	savikirima:3
සවිකොට	savikota:3
සවිඥානය	savignanaya:3
සවිඥානික	savignanika:3
සවිධි	savidhi:3
සවිබල	savibala:3
සවිමත්	savimat:2	savimath:1
සවිය	saviya:3
සවිවර	savivara:3
සවිස්තර	savistara:2	savisthara:1
සවිස්තරව	savistarava:2	savistharava:1
සවිස්තරාත්මක	savistharathmaka:2	savistaratmaka:2	savisthrathmaka:1
සවුත්	savut:1	savuth:1	south:1
සවුදම	savudama:3
සවුදි	saudi:2	savudi:1
සවුන්ඩ්	sound:2	savund:1
සශ්‍රීක	sasrika:2	sashrika:1
සශ්‍රීකත්වය	sasrikatvaya:2	sashrikathvaya:1
සසදන	sasadana:3
සසදාවත	sasadavata:2	sasadavatha:1
සසන්ති	sasanthi:2	sasanti:1
සසඳන	sasandana:3
සසඳා	sasanda:3
සසම්භාවී	sasambhavi:3
සසර	sasara:3
සසරින්	sasarin:3
සසරේ	sasare:3
සසල	sasala:3
සස්නෙහි	sasnehi:3
සසුන	sasuna:3
සසුනට	sasunata:3
සසුන්	sasun:3
සසුනේ	sasune:3
සසෙක්ස්	saseks:2	sussex:1
සහ	saha:3
සහකරු	sahakaru:3
සහකරුවකු	sahakaruvaku:3
සහකරුවන්	sahakaruvan:2	sahakruvan:1
සහකරුවෙකු	sahakaruveku:3
සහකාර	sahakara:3
සහකාරිය	sahakariya:3
සහකාරියක්	sahakariyak:3
සහකාරියට	sahakariyata:3
සහගත	sahagatha:4	sahagata:2
සහගතද	sahagatada:2	sahagathada:1
සහගතය	sahagataya:2	sahagathaya:1
සහගතව	sahagatava:2	sahagathava:1
සහචරයන්	sahacharayan:2	sahacarayan:1
සහජ	sahaja:3
සහජයෙන්	sahajayen:3
සහජීවන	sahajivana:3
සහජීවනය	sahajivanaya:3
සහජීවනයෙන්	sahajivanayen:3
සහතික	sahathika:5	sahatika:2
සහතිකය	sahatikaya:2	sahathikaya:1
සහතිකයක්	sahantikayak:1	sahathikayak:1	sahatikayak:1
සහතිකයකි	sahatikayaki:2	sahathikayaki:1
සහතිකලත්	sahatikalat:2	sahathikalath:1
සහන	sahana:3
සහනය	sahanaya:3
සහනයක්	sahanayak:3
සහනයන්	sahanayan:3
සහනාධාර	sahanadhara:2	sahanadhvra:1
සහනාධාරය	sahanadharaya:3
සහභාගි	sahabagi:3	sahabhagi:3
සහභාගිත්ව	sahabhagitva:2	sahabhagithva:1
සහභාගිත්වය	sahabagitvaya:1	sahabhagithvaya:1	sahabhagitvaya:1
සහභාගිත්වයෙන්	sahabhagitvayen:2	sahabhagithvayen:1
සහභාගිවීම	sahabhagivima:3
සහභාගිවීමට	sahabhagivimata:3
සහභාගිවූ	sahabhagivu:3
සහභාගී	sahabhagi:3
සහභාගීත්ව	sahabhagitva:2	sahabhagithva:1
සහභාගීත්වය	sahabhagitvaya:2	sahabhagithvaya:1
සහභාගීත්වයෙන්	sahabhagithvayen:1	sahabhagitvayen:1	sahabhagivayen:1
සහභාගීවීම	sahabhagivima:3
සහමුලින්ම	sahamulinma:3
සහය	sahaya:3
සහයක	sahayaka:3
සහයකයන්	sahayakayan:3
සහයක්	sahayak:3
සහයට	sahayata:3
සහයෝගය	sahayogaya:3
සහයෝගයක්	sahayogayak:3
සහයෝගයෙන්	sahayogayen:3
සහයෝගිතා	sahayogita:2	sahayogitha:1
සහයෝගිතාවය	sahayogitavaya:2	sahayogithavaya:1
සහයෝගීතා	sahayogita:2	sahayogitha:1
සහයෝගීතාව	sahayogitava:2	sahayogithava:1
සහයෝගීතාවය	sahayogithawaya:2	sahayogitavaya:2	sahayogithavaya:1
සහරා	sahara:3
සහලක්ෂණය	sahalaksanaya:2	sahalakshanaya:1
සහල්	sahal:3
සහසංයුජ	sahasanyuja:3	sahasamyuja:1
සහසම්බන්ධ	sahasambandha:3
සහස්‍ර	sahasra:3
සහස්‍රක	sahasraka:3
සහස්‍රකය	sahasrakaya:3
සහා	saha:3
සහාධිපත්‍ය	sahadhipatya:2	sahadhipathya:1
සහාය	sahaya:3
සහායක	sahayaka:3
සහායකයකු	sahayakayaku:3
සහායකයන්	sahayakayan:3
සහායකයා	sahayakaya:3
සහායකයින්	sahayakayin:3
සහායකයෙක්	sahayakayek:3
සහායක්	sahayak:3
සහායට	sahayata:3
සහායිකාව	sahayikava:3
සහිත	sahitha:58	sahita:2
සහිතය	sahitaya:2	sahithaya:1
සහිතයි	sahitayi:2	sahithayi:1
සහිතව	sahithawa:6	sahitava:2	sahithava:1
සහිතවය	sahitavaya:2	sahithavaya:1
සහිතවූ	sahitavu:2	sahithavu:1
සහිතවේ	sahitave:2	sahithave:1
සහිරා	zahira:3
සහෘද	sahrda:2	sahruda:1
සහෘදයන්ගේ	sahrdayange:2	sahrudayange:1
සහේතුක	sahetuka:3
සහෝදර	sahodara:3
සහෝදරත්වය	sahodaratvaya:2	sahodarathvaya:1
සහෝදරයන්	sahodarayan:3
සහෝදරයන්ගේ	sahodarayange:3
සහෝදරයන්ට	sahodarayanta:3
සහෝදරයා	sahodaraya:3
සහෝදරයාගෙන්	sahodarayagen:3
සහෝදරයාගේ	sahodarayage:3
සහෝදරයාට	sahodarayata:3
සහෝදරයායි	sahodarayayi:3
සහෝදරයින්	sahodarayin:3
සහෝදරයෙක්	sahodarayek:3
සහෝදරයෙකු	sahodarayeku:3
සහෝදරයෝ	sahodarayo:3
සහෝදරවරු	sahodaravaru:3
සහෝදරවරුන්	sahodaravarun:3
සහෝදරවරුනි	sahodaravaruni:3
සහෝදරිය	sahodariya:3
සහෝදරියන්	sahodariyan:3
සහෝදරී	sahodari:3
සළකති	salakati:2	salakathi:1
සළකන	salakana:3
සළකනු	salakanu:3
සළකයි	salakayi:3
සළකුණ	salakuna:3
සළකුණක්	salakunak:3
සළකුණු	salakunu:3
සළස්වා	salasva:3
සළසා	salasa:3
සළා	sala:3
සළු	salu:3
සළුව	saluva:3
සළුවක්	saluvak:3
සළුවඩන	saluvadana:3
ස්කන්ධ	skanda:2	skandha:3
ස්කන්ධය	skandhaya:3
ස්කන්ධයක්	skandhayak:3
ස්කන්ධයට	skandhayata:3
ස්කන්ධයන්	skandhayan:3
ස්කන්ධයෙන්	skandayen:2	skandhayen:3
ස්කන්ධයේ	skandhaye:3
ස්කයි	sky:3
ස්කයිලැබ්	skylab:3
ස්කලී	scully:2	skali:1
ස්ක්‍රීන්	screen:3
ස්කෑනර්	scanner:3
ස්කෑන්	scan:3
ස්කිනර්	skinner:2	skiner:1
ස්කූබි	scooby:3
ස්කොට්	scott:2	scot:1
ස්කොට්ලන්ත	scotland:1	skotlanta:1	skotlantha:1
ස්කොට්ලන්තය	scotland:1	skotlantaya:1	skotlanthaya:1
ස්කොට්ලන්තයේ	skotlantaye:2	scotlanthaye:1
ස්කොෂ්	squash:2	skosh:1
ස්ටබ්ස්	stubs:2	stubbs:1
ස්ටර්ලින්	sterling:3
ස්ට්රීට්	street:3
ස්ට්‍රයේටඩ්	straighted:2	striated:1
ස්ට්‍රීට්	street:3	streat:1
ස්ට්‍රෝබෙරි	strawberry:3
ස්ටාක්	stark:2	stak:1
ස්ටාර්	star:3
ස්ටාලින්	stalin:2	starlin:1
ස්ටැන්ලි	stanley:2	stanly:1
ස්ටිල්	still:2	steel:1
ස්ටීවන්	steven:3
ස්ටීව්	steve:3
ස්ටුඩියෝ	studio:3
ස්ටුවර්ට්	stewart:3	stuart:2
ස්ටූඩියෝ	studio:3
ස්ටෙප්	step:2	stop:1
ස්ටේට්	state:2	stet:1
ස්ටොක්හෝම්	stockholm:2	stokhom:1
ස්තම්භ	stambha:2	sthambha:1
ස්තම්භනය	stambhanaya:2	sthambhanaya:1
ස්තර	stara:2	sthara:1
ස්තරය	staraya:2	stharaya:1
ස්තරයක්	starayak:2	stharayak:1
ස්තරයකින්	starayakin:2	stharayakin:1
ස්තරයේ	staraye:2	stharaye:1
ස්ත්‍රි	sthri:2	stri:2
ස්ත්‍රින්	strin:2	sthrin:1
ස්ත්‍රිය	sthriya:2	striya:2
ස්ත්‍රියක	striyaka:2	sthriyaka:1
ස්ත්‍රියකට	striyakata:2	sthriyakata:1
ස්ත්‍රියක්	striyak:2	sthriyak:1
ස්ත්‍රියගේ	striyage:2	sthriyage:1
ස්ත්‍රී	sthri:4	stri:2
ස්ත්‍රීන්	sthreen:3	strin:2	sthrin:1
ස්ත්‍රීන්ගෙන්	stringen:2	sthringen:1
ස්ත්‍රීන්ගේ	stringe:2	sthringe:1
ස්ත්‍රීන්ට	strinta:2	sthrinta:1
ස්ත්‍රීවාදී	strivadi:2	sthrivadi:1
ස්තාපනය	stapanaya:2	sthapanaya:1
ස්තුති	stuti:2	sthuthi:1
ස්තුතිය	stutiya:2	sthuthiya:1
ස්තුතිවන්ත	stutivanta:2	sthuthivantha:1
ස්තූති	stuti:2	sthuthi:1
ස්තූප	stupa:2	sthupa:1
ස්තූපය	stupaya:5	sthupaya:2
ස්තූපයක්	sthupayak:2	stupayak:1
ස්තූපයන්	sthupayan:2	stupayan:1
ස්තෝත්‍ර	sthrothra:1	stotra:1	strotra:1
ස්ථටික	sthatika:2	sthhatika:1
ස්ථම්භ	shambha:1	sthambha:1	sthhambha:1
ස්ථර	sthara:2	sthhara:1
ස්ථරය	stharaya:2	sthharaya:1
ස්ථරයකට	stharayakata:2	sthharayakata:1
ස්ථරයක්	stharayak:2	sthharayak:1
ස්ථරයකි	stharayaki:2	sthharayaki:1
ස්ථරයට	stharayata:2	sthharayata:1
ස්ථරයයි	stharayayi:2	sthirayyi:1
ස්ථරයෙන්	stharayen:3
ස්ථරයේ	stharaye:3
ස්ථරීභූත	stharibhuta:2	stharibhutha:1
ස්ථවිරයන්	sthavirayan:3
ස්ථාන	sthana:3
ස්ථානගත	sthanagatha:2	sthanagata:2
ස්ථානද	sthanada:3
ස්ථානය	sthanaya:3
ස්ථානයක	sthanayaka:3
ස්ථානයකට	sthanayakata:3
ස්ථානයකදී	sthanayakadi:3
ස්ථානයකම	sthanayakama:3
ස්ථානයක්	sthanayak:3
ස්ථානයක්ම	sthanayakma:3
ස්ථානයකි	sthanayaki:3
ස්ථානයකින්	sthanayakin:3
ස්ථානයට	sthanayata:3
ස්ථානයටම	sthanayatama:3
ස්ථානයත්	sthanayat:2	sthanayath:1
ස්ථානයද	sthanayada:3
ස්ථානයන්	sthanayan:3
ස්ථානයන්ට	sthanayanta:3
ස්ථානයන්ය	sthanayanya:3
ස්ථානයන්හි	sthanayanhi:3
ස්ථානයන්හී	sthanayanhi:3
ස්ථානයයි	sthanayayi:3
ස්ථානයි	sthanayi:3
ස්ථානයෙන්	sthanayen:3
ස්ථානයෙහි	sthanayehi:3
ස්ථානයේ	sthanaye:3
ස්ථානයේදීම	sthanayedima:3
ස්ථානයේම	sthanayema:3
ස්ථානවල	sthanawala:2	sthanavala:3
ස්ථානවලට	sthanavalata:3
ස්ථානවලද	sthanavalada:3
ස්ථානවලදී	sthanavaladi:3
ස්ථානවලින්	sthanavalin:3
ස්ථානාධිපති	sthanadhipati:2	sthanadhipathi:1
ස්ථානාධිපතිවරයා	sthanadhipativaraya:2	sthanadhipathivaraya:1
ස්ථානීය	sthaniya:3
ස්ථාපනය	sthapanaya:3
ස්ථාපිත	sthapitha:3	sthapita:2
ස්ථාපිතය	sthapitaya:2	sthapithaya:1
ස්ථාපිතව	sthapitava:2	sthapithava:1
ස්ථායි	sthayi:3
ස්ථායිතාව	sthayitava:2	sthayithava:1
ස්ථායී	sthayi:3
ස්ථායීතාව	sthayitava:2	sthayithava:1
ස්ථාවර	sthavara:3
ස්ථාවරත්වය	sthavaratvaya:2	sthavarathvaya:1
ස්ථාවරත්වයක්	sthavaratvayak:2	sthavarathvayak:1
ස්ථාවරය	sthavaraya:3
ස්ථාවරව	sthavarava:3
ස්ථිති	sthiti:2	sthithi:1
ස්ථිතික	sthithika:3	sthitika:2	athithika:1
ස්ථිර	sthira:2	athira:1
ස්ථිරතාපී	sthiratapi:2	sthirathapi:1
ස්ථිරව	sthirava:3
ස්ථිරවම	sthiravama:3
ස්ථිරසාර	sthirasara:3
ස්ථිවිර	sthivira:3
ස්ථීර	sthira:3
ස්ථීරාංග	sthiramga:2	sthiranga:2
ස්ථුපය	sthupaya:3
ස්ථූප	sthupa:2	stupa:1
ස්ථූපය	sthupaya:3
ස්ථූපයක්	sthupayak:3
ස්ථූපයට	sthupayata:3
ස්ථූපයේ	sthupaye:3
ස්ථූපවල	sthupavala:3
ස්නයිපර්	sniper:2	snyipar:1
ස්නයිෆර්	snayifar:1	sniffer:1	sniper:1
ස්නානය	snanaya:3
ස්නායු	snayu:3
ස්නායුමය	snayumaya:3
ස්නාවක	snavaka:3
ස්නේහය	snehaya:3
ස්පටික	spatika:3
ස්පන්ද	spanda:3
ස්පන්දන	spandana:3
ස්පන්දනය	spandanaya:3
ස්පන්දිත	spandita:2	spanditha:1
ස්පයිඩර්	spider:2	spayidar:1
ස්පර්ශ	sparsha:4	sparsa:2
ස්පර්ශක	sparsaka:2	sparshaka:1
ස්පර්ශය	sparsaya:2	sparshaya:1
ස්පර්ශයක්	sparsayak:2	sparshayak:1
ස්පර්ශයට	sparsayata:2	sparshayata:1
ස්පර්ශයෙන්	sparsayen:2	sparshayen:1
ස්පර්ශව	sparsava:2	sparshava:1
ස්පාඤ්ඤ	spagngna:1	spanish:1	spanna:1
ස්පාඤ්ඤයට	spagngnayata:1	spainyata:1	spannayata:1
ස්පාඤ්ඤවරුන්	spannavarun:2	spagngnavarun:1
ස්පාඥ්ඤ	spagnna:2	spagngna:1
ස්පාඥ්ඥ	spagngna:3
ස්පාටා	sparta:2	spata:1
ස්පුට්නික්	sputnik:3
ස්පෙන්සර්	spensar:2	spencer:1
ස්පෙන්ස්	spance:1	spence:1	spens:1
ස්පේස්	spes:2	space:1
ස්පෝර්ට්ස්	sports:2	sportz:1
ස්ඵටික	sphatika:3
ස්ඵටිකීකරණය	sphatikikaranaya:3
ස්ඵුට	sphuta:2	sputa:1
ස්මරණ	smarana:3
ස්මරණය	smaranaya:3
ස්මාරක	smaraka:3
ස්මාරකය	smarakaya:3
ස්මාරකයක්	smarakayak:3
ස්මාර්ට්	smart:3
ස්මාර්ට්ෆෝන්	smartfon:1	smartphone:1	smartphones:1
ස්මිත්	smith:2	smit:1
ස්මිත්ගේ	smithge:2	smitge:1
ස්මෘතිය	smrtiya:2	smruthiya:1
ස්ලයිඩ්	slayid:2	slide:1
ස්ව	sva:3
ස්වකීය	swakeeya:2	svakiya:3
ස්වතන්ත්‍ර	svatantra:2	svathanthra:1
ස්වදේශ	svadesa:2	svadesha:1
ස්වදේශික	swadeshika:2	svadesika:2	svadeshika:1
ස්වදේශිකයන්	svadesikayan:2	svadeshikayan:1
ස්වදේශිකයන්ගේ	svadesikayange:2	svadeshikayange:1
ස්වදේශිකයින්	svadesikayin:2	svadeshikayan:1
ස්වදේශිය	svadesiya:2	svadeshiya:1
ස්වදේශීය	svadesiya:2	svadeshiya:1
ස්වප්න	svapna:3
ස්වප්නා	svapna:3
ස්වභාව	svabhava:3
ස්වභාවධර්මය	svabhavadharmaya:3
ස්වභාවධර්මයට	svabhavadharmayata:3
ස්වභාවධර්මයා	svabhavadharmaya:3
ස්වභාවධර්මයේ	svabhavadharmaye:3
ස්වභාවය	swabhawaya:10	svabhavaya:3
ස්වභාවයක	svabhavayaka:3
ස්වභාවයකට	svabhavayakata:3
ස්වභාවයක්	svabhavayak:3
ස්වභාවයට	swabhawayata:2	svabhavayata:3
ස්වභාවයත්	svabhavayat:2	svabhavayath:1
ස්වභාවයන්	svabhavayan:3
ස්වභාවයයි	svabhavayayi:3
ස්වභාවයෙන්	svabhavayen:3
ස්වභාවයෙන්ම	svabhavayenma:3
ස්වභාවයෙහි	svabhavayehi:3
ස්වභාවයේ	svabhavaye:3
ස්වභාවික	swabhawika:5	svabhavika:3
ස්වභාවිකය	svabhavikaya:3
ස්වභාවිකව	svabhavikava:3
ස්වභාවිකවම	svabhavikavama:3
ස්වභාෂා	svabhasa:2	svabhasha:2
ස්වයං	svayan:2	svayam:1	svayang:1
ස්වයංක්‍රිය	svayankriya:3	svayamkriya:1
ස්වයංක්‍රීය	svayamkriya:2	svayankriya:2
ස්වයංක්‍රීයව	svayankriyava:3	svayamkriyava:1
ස්වයංපාලන	svayanpalana:3	svayampalana:1
ස්වයංපෝෂිත	svayanposita:2	svayamposita:1	svayanposhitha:1
ස්වයංසාධක	svayansadhaka:3	svayamsadhaka:1
ස්වයංසිද්ධව	svayansiddhava:3	svayamsiddhava:1
ස්වර	svara:3
ස්වරය	svaraya:3
ස්වරයක්	svarayak:3
ස්වරයකින්	svarayakin:3
ස්වරයන්	svarayan:3
ස්වර්ග	svarga:3
ස්වර්ගයට	svargayata:3
ස්වර්ගයේ	svargaye:3
ස්වර්ණ	svarna:3
ස්වර්ණමය	swarnamaya:2	svarnamaya:3
ස්වර්ණා	svarna:2	svarana:1
ස්වරාජ්‍ය	svarajya:3
ස්වරාජ්‍යය	svarajyaya:3
ස්වරාලය	svaralaya:3
ස්වරාලයේ	svaralaye:3
ස්වරුපය	svarupaya:3
ස්වරූප	svarupa:3
ස්වරූපය	swarupaya:2	svarupaya:3
ස්වරූපයක්	swarupayak:3	svarupayak:3
ස්වරූපයකි	svarupayaki:3
ස්වරූපයකින්	svarupayakin:3
ස්වරූපයට	svarupayata:3
ස්වරූපයන්	svarupayan:3
ස්වරූපයෙන්	svarupayen:3
ස්වරූපයේ	svarupaye:3
ස්වල්ප	svalpa:3
ස්වල්පයක්	svalpayak:3
ස්වල්පයකි	svalpayaki:3
ස්වසන	svasana:3
ස්වසනය	svasanaya:3
ස්වස්ති	swasthi:2	svasti:1
ස්වාධින	svadhina:3
ස්වාධිනත්වය	svadhinatvaya:2	svadhinathvaya:1
ස්වාධිපත්‍ය	svadhipatya:2	svadhipathya:1
ස්වාධිපත්‍යය	svadhipatyaya:2	svadhipathyaya:1
ස්වාධිපති	svadhipati:2	svadhipathi:1
ස්වාධීන	swadeena:5	svadhina:3
ස්වාධීනත්වය	svadhinatvaya:2	svadhinathvaya:1
ස්වාධීනතා	svadhinata:2	svadhinatha:1
ස්වාධීනව	svadhinava:3
ස්වාභාව	svabhava:3
ස්වාභාවය	svabhavaya:3
ස්වාභාවයක්	svabhavayak:3
ස්වාභාවික	swabhawika:4	svabhavika:3
ස්වාභාවිකව	svabhavikava:3
ස්වාභාවිකවම	svabhavikavama:3
ස්වාමි	swami:2	svami:2	swamy:1
ස්වාමින්	svamin:3
ස්වාමිනී	svamini:3
ස්වාමිපුරුෂයා	svamipurusaya:2	svamipurushaya:2
ස්වාමියා	svamiya:3
ස්වාමියාගේ	svamiyage:3
ස්වාමියාට	svamiyata:3
ස්වාමීන්	svamin:3
ස්වාමීන්වහන්සේ	svaminvahanse:3
ස්වාමීනී	svamini:3
ස්වායක්ත	svayakta:2	svayaktha:1
ස්වායත්ත	svayatta:2	svayaththa:1
ස්වායත්තව	svayattava:2	svayaththava:1
ස්වායු	svayu:3
ස්වාල්බාඩ්	svalbard:2	svalbad:1
ස්විච	svicha:1	switch:1	switches:1
ස්විචය	switchaya:2	svichaya:1
ස්විචයක්	svichayak:1	switcayak:1	switchayak:1
ස්විච්	switch:3
ස්විට්සර්ලන්ත	svitsarlanta:1	svitsarlantha:1	switzerland:1
ස්විට්සර්ලන්තය	svitsarlanthaya:1	switzerlandtaya:1	switzerlantaya:1
ස්විට්සර්ලන්තයේ	svitsarlanthaye:1	switzerlandaye:1	switzerlanthaye:1
ස්වින්ග්	swing:2	sving:1
ස්විස්ටර්ලන්තයේ	svistarlantaye:1	svistarlanthaye:1	switzerlandtaye:1
ස්වීඩන	svidana:2	sweden:1
ස්වීඩනය	svidanaya:1	swedenaya:1	swedenya:1
ස්වීඩනයේ	svidanaye:1	swedenaye:1	swedeneya:1
ස්වීඩන්	sweden:2	svidan:1
ස්වීය	sviya:3
ස්වීයත්වය	sviyatvaya:2	sviyathvaya:1
ස්වේච්ඡා	swechcha:2	sveccha:2	svechcha:1
ස්වේච්ඡාවෙන්	svecchaven:2	svechchaven:1
ස්වේද	sveda:3
ස්වෛරී	svairi:3
ස්වෛරීත්වය	svairitvaya:2	svairithvaya:1
ස්වෛරීත්වයට	svairitvayata:2	svairithvayata:1
ස්වෛරීභාවය	svairibhavaya:3
ස්වෛරීය	svairiya:3
ස්‍රාව	srava:3
ස්‍රාවක	sravaka:3
ස්‍රාවය	sravaya:3
ස්‍රාවයන්	sravayan:3
ස්‍රාවයන්ගේ	sravayange:3
සා	sa:3
සාංකාව	samkava:3	sankava:1
සාංගමික	samgamika:3	sangamika:1
සාංචි	sanchi:2	samchi:1	samci:1
සාංචියේ	samciye:2	samchiye:1	sanchiye:1
සාකච්චාවක්	sakaccavak:1	sakacchavak:1	sakachcavak:1
සාකච්ඡා	sakachcha:8	sakaccha:2
සාකච්ඡාමය	sakacchamaya:2	sakachchamaya:1
සාකච්ඡාව	sakachchawa:2	sakacchava:2	sakachchava:1
සාකච්ඡාවකට	sakacchavakata:2	sakachchavakata:1
සාකච්ඡාවකදී	sakacchavakadi:2	sakachchavakadi:1
සාකච්ඡාවක්	sakacchavak:2	sakachchavak:1
සාකච්ඡාවකින්	sakacchavakin:2	sakachchavakin:1
සාකච්ඡාවට	sakacchavata:2	sakachchavata:1
සාකච්ඡාවලට	sakacchavalata:2	sakachchavalata:1
සාකච්ජා	sakachja:2	sakacja:1
සාක්	saarc:6	sak:3
සාක්කු	sakku:3
සාක්කුවේ	sakkuve:3
සාක්ෂර	saksara:2	sakshara:2
සාක්ෂරතා	saksarata:2	saksharata:1	saksharatha:1
සාක්ෂරතාවය	saksaratavaya:2	saksharatavaya:1	saksharathavaya:1
සාක්ෂ්‍ය	sakshya:2	saksya:2
සාක්ෂාත්	sakshath:3	saksat:2	sakshat:1
සාක්ෂි	sakshi:2	saksi:2
සාක්ෂිකරුවන්	sakshikaruvan:2	saksikaruvan:2
සාක්ෂිකරුවෙකු	sakshikaruveku:2	sakshikaruweku:1	saksikaruveku:1
සාක්ෂිද	sakshida:3	saksida:1
සාක්ෂිය	sakshiya:3	saksiya:1
සාක්ෂියක්	sakshiyak:3	saksiyak:1
සාක්ෂියකි	sakshiyaki:3	saksiyaki:1
සාක්ෂියට	sakshiyata:3	saksiyata:1
සාක්ෂියද	sakshiyada:3	saksiyada:1
සාකේත	saketha:2	saketa:1
සාගත	sagatha:2	sagata:1
සාගතය	sagathaya:2	sagataya:1
සාගතයක්	sagathayak:2	sagatayak:1
සාගතයෙන්	sagathayen:2	sagatayen:1
සාගර	sagara:3
සාගරය	sagaraya:3
සාගරයට	sagarayata:3
සාගරයයි	sagarayayi:2	sagarayai:1
සාගරයෙන්	sagarayen:3
සාගරයෙහි	sagarayehi:2	sagayayehi:1
සාගරයේ	sagaraye:3
සාගරික	sagarika:3
සාගින්නෙන්	saginnen:3
සාජන්ට්	sergeant:2	sajant:1
සාජා	saja:2	sharjah:1
සාටකය	satakaya:3
සාත්තු	sattu:2	saththu:1
සාත්තුව	sattuva:2	saththuva:1
සාද	sada:3
සාදන	sadana:3
සාදන්නේ	sadanne:3
සාදනු	sadanu:3
සාදමින්	sadamin:3
සාදය	sadaya:3
සාදයක්	sadayak:3
සාදයට	sadayata:3
සාදයි	sadayi:3
සාදර	sadara:3
සාදරයෙන්	sadarayen:3
සාදවන	sadavana:3
සාදවා	sadava:3
සාදා	sada:3
සාදාගත	sadagata:2	sadagatha:1
සාදාගත්	sadagat:2	sadagath:1
සාදාගන්නා	sadaganna:3
සාදාගනු	sadaganu:3
සාදාචාරාත්මක	sadacaratmaka:1	sadacharathmaka:1	sadacharatmaka:1
සාදි	sadi:3
සාදික්කා	sadikka:3
සාදිලිංගම්	sadilimgam:2	sadilingam:1
සාධක	sadhaka:3
සාධකද	sadhakada:3
සාධකය	sadhakaya:3
සාධකයක්	sadhakayak:3
සාධකයකි	sadhakayaki:3
සාධකයන්	sadhakayan:3
සාධකයන්ගෙන්	sadhakayangen:3
සාධකයන්ට	sadhakayanta:3
සාධකයන්ය	sadhakayanya:3
සාධකයයි	sadhakayayi:3
සාධකවලට	sadhakavalata:3
සාධන	sadhana:3
සාධනය	sadhanaya:3
සාධනයක්	sadhanayak:3
සාධනයට	sadhanayata:3
සාධනීය	sadhaniya:3
සාධාරණ	sadharana:3
සාධාරණත්ව	sadharanatva:2	sadharanathva:1
සාධාරණත්වය	sadharanatvaya:2	sadharanathvaya:1
සාධාරණත්වයේ	sadharanatvaye:2	sadharanathvaye:1
සාධාරණය	sadharanaya:3
සාධාරණව	sadharanava:3
සාධාරණීකරණය	sadharanikaranaya:3
සාධුකාර	sadhukara:3
සාන්	san:3
සාන්ත	santha:2	santa:2
සාන්ද්‍ර	sandra:3
සාන්ද්‍රණ	sandrana:3
සාන්ද්‍රණය	sandranaya:3
සාන්ද්‍රණයක්	sandranayak:3
සාන්ද්‍රණයකින්	sandranayakin:3
සාන්ද්‍රණයේ	sandranaye:3
සානු	sanu:3
සානුව	sanuva:3
සානුවේ	sanuve:3
සාපයක්	sapayak:3
සාපරාධි	saparadhi:3
සාපරාධී	saparadee:2	saparadhi:3
සාප්පු	sappu:3
සාප්පුවක	sappuvaka:3
සාපේකෂව	sapekasava:2	sapekashava:2
සාපේක්ෂ	sapeksha:5	sapeksa:2
සාපේක්ෂකව	sapeksakava:2	sapekshakava:2
සාපේක්ෂතා	sapeksata:2	sapeksatha:1	sapekshata:1
සාපේක්ෂතාවාදය	sapeksatavadaya:2	sapekshatavadaya:1	sapekshathavadaya:1
සාපේක්ෂව	sapekshawa:6	sapeksava:2	sapekshava:2
සාම	sama:3
සාමකාමි	samakami:3
සාමකාමී	samakami:3
සාමණේර	samanera:3
සාමණේරයන්	samanerayan:3
සාමදීපය	samadipaya:3
සාමන්‍ය	samanya:3
සාමනේර	samanera:3
සාමය	samaya:3
සාමයට	samayata:3
සාමයික	samayika:3
සාම්පල	sampala:3
සාම්පලයක්	sampalayak:3
සාම්ප්‍රදානුකූලව	sampradanukulava:3
සාම්ප්‍රදායක	sampradayaka:3
සාම්ප්‍රදායන්	sampradayan:3
සාම්ප්‍රදායානුකූලව	sampradayanukulava:3
සාම්ප්‍රදායික	sampradayika:3
සාම්ප්‍රදායිකව	sampradayikava:3
සාම්ප්‍රධායික	sampradhayika:3
සාමා	sama:3
සාමාජ	samaja:3
සාමාජයීය	samajayiya:3
සාමාජික	samajika:3
සාමාජිකත්වය	samajikatvaya:2	samajikathvaya:1
සාමාජිකත්වයට	samajikatvayata:2	samajikathvayata:1
සාමාජිකත්වයද	samajikatvayada:2	samajikathvayada:1
සාමාජිකයකු	samajikayaku:3
සාමාජිකයන්	samajikayan:3
සාමාජිකයන්ගෙන්	samajikayangen:3
සාමාජිකයන්ගේ	samajikayange:3
සාමාජිකයන්ට	samajikayanta:3
සාමාජිකයා	samajikaya:3
සාමාජිකයින්	samajikayin:3
සාමාජිකයින්ගෙන්	samajikayingen:3
සාමාජිකයින්ගේ	samajikayinge:3
සාමාජිකයින්ට	samajikayinta:3
සාමාජිකයෙක්	samajikayek:3
සාමාජිකයෙකි	samajikayeki:3
සාමාජිකයෙකු	samajikayeku:3
සාමාජිකයෙකුට	samajikayekuta:3
සාමාජිකයෙකුද	samajikayekuda:3
සාමාජිකයෝ	samajikayo:3
සාමාජිකයෝද	samajikayoda:3
සාමාජිකාව	samajikava:3
සාමාජිකාවක	samajikavaka:3
සාමාජිය	samajiya:3
සාමාජීක	samajika:3
සාමාජීකයන්	samajikayan:3
සාමාජීය	samajiya:3
සාමාන්යයෙන්	samanyayen:3
සාමාන්‍ය	samanya:3
සාමාන්‍යය	samanyaya:3
සාමාන්‍යයයෙන්	samanyayayen:3
සාමාන්‍යයෙන්	samanyayen:3
සාමාන්‍යෙන්	samanyen:3
සාමාන්‍යෙයන්	samanyeyan:3
සාමාර්ථය	samarthaya:3
සාමි	sami:3
සාමින්	samin:3
සාමිවරයා	samivaraya:3
සාමිවරයාට	samivarayata:3
සාමුද්‍රික	samudrika:3
සාමුහික	samuhika:3
සාමුහිකව	samuhikava:3
සාමූහික	samuhika:3
සාමූහිකත්වය	samuhikatvaya:2	samuhikathvaya:1
සාමූහිකව	samuhikava:3
සාය	saya:3
සායක්	sayak:3
සායන	sayana:3
සායනය	sayanaya:3
සායනික	sayanika:3
සායම	sayama:3
සායම්	sayam:3
සායි	sayi:3
සාර	sara:3
සාරංග	saramga:2	saranga:2
සාරංශය	saramsaya:2	saransaya:1	saranshaya:1
සාරණ	sarana:3
සාරථි	sarathi:3
සාරධර්ම	saradharma:2	saradhrma:1
සාරනාත්	saranat:2	saranath:1
සාරය	saraya:3
සාරවත්	saravat:2	saravath:1
සාර්	sar:3
සාර්ක්	sark:2	saarc:1
සාර්ථක	sarthaka:3
සාර්ථකත්වය	sarthakatvaya:2	sarthakathvaya:1
සාර්ථකත්වයක්	sarthakatvayak:2	sarthakathvayak:1
සාර්ථකත්වයට	sarthakatvayata:2	sarthakathvayata:1
සාර්ථකම	sarthakama:3
සාර්ථකව	sarthakawa:4	sarthakava:3
සාර්ලිස්	sarlis:3
සාර්ව	sarva:3
සාර්වත්‍ර	sarvatra:2	sarvathra:1
සාර්වත්‍රික	sarvathrika:1	sarvatraka:1	sarvatrika:1
සාරා	sara:3	sarah:1
සාරාංශ	saramsa:3	saransa:1
සාරාංශය	saramsaya:3	saransaya:1
සාරානාත්	saranat:2	saranath:1
සාරි	saree:2	sari:1
සාරිපුත්ත	sareeputta:1	saripuththa:1	sariputta:1
සාරිය	sariya:2	sareeya:1
සාලයා	salaya:3
සාලිය	saliya:3
සාවද්‍ය	savadya:3
සාවිත්‍රි	savithri:2	savitri:1
සාසනය	sasanaya:3
සාහසික	sahasika:3
සාහිත්‍ය	sahithya:3	sahitya:2
සාහිත්‍යට	sahityata:2	sahithyata:1
සාහිත්‍යමය	sahityamaya:2	sahithyamaya:1
සාහිත්‍යය	sahityaya:2	sahithyaya:1
සාහිත්‍යයක්	sahityayak:2	sahithyayak:1
සාහිත්‍යයට	sahityayata:2	sahithyayata:1
සාහිත්‍යයන්	sahityayan:2	sahithyayan:1
සාහිත්‍යයයි	sahityayayi:2	sahithyayayi:1
සාහිත්‍යයෙන්	sahityayen:2	sahithyayen:1
සාහිත්‍යයෙහි	sahityayehi:2	sahithyayehi:1
සාහිත්‍යයේ	sahityaye:3
සාහිත්‍යයේදී	sahityayedi:3
සාහිත්‍යාත්මක	sahityatmaka:3
සැන්	san:2	saen:1
සැම්සන්	samson:2	saemsan:1
සැම්සුන්	samsung:2	saemsun:1
සැලෝන්	salon:3
සෑම්	sam:3
සි	si:2	ce:1
සිං	sing:3	sin:2
සිංගප්පුරුව	singappuruva:2	singapuruwa:1
සිංගප්පූරු	singappuru:2	singapore:1
සිංගප්පූරුව	singappuruva:2	singappuruwa:1
සිංගප්පූරුවෙහි	singappuruvehi:2	singapuruwehi:1
සිංගප්පූරුවේ	singappuruve:2	singappuruwe:1
සිංගර්	singer:2	singar:1
සිංග්	sing:2	sig:1
සිංදු	sindu:3
සිංහ	sinha:3
සිංහපුර	sinhapura:3
සිංහබා	sinhaba:2	sinhabaa:1
සිංහබාහු	sinhabahu:3
සිංහයකු	sinhayaku:3
සිංහයන්	sinhayan:3
සිංහයා	sinhaya:2	sinhayaa:1
සිංහයාගේ	sinhayage:2	sinhayaage:1
සිංහයෙක්	sinhayek:3
සිංහයෙකු	sinhayeku:3
සිංහයෙකුගේ	sinhayekuge:3
සිංහරාජ	sinharaja:3
සිංහරාජය	sinharajaya:3
සිංහරාජයේ	sinharajaye:2	sinharaajaye:1
සිංහල	sinhala:3
සිංහලට	sinhalata:3
සිංහලය	sinhalaya:3
සිංහලයකු	sinhalayaku:3
සිංහලයට	sinhalayata:3
සිංහලයන්	sinhalayan:3
සිංහලයන්ගෙන්	sinhalayangen:3
සිංහලයන්ගේ	sinhalayange:3
සිංහලයන්ට	sinhalayanta:3
සිංහලයා	sinhalaya:2	sinhalayaa:1
සිංහලයාගේ	sinhalayage:2	sinhalayaage:1
සිංහලයාට	sinhalayata:2	sinhalayaata:1
සිංහලයින්	sinhalayin:2	sinhalaain:1
සිංහලයින්ට	sinhalayinta:2	sinhalaainta:1
සිංහලයෙන්	sinhalayen:3
සිංහලයේ	sinhalaye:3
සිංහලයෝ	sinhalayo:3
සිංහලෙන්	sinhalen:2	simhalen:1
සිංහලේ	sinhale:2	simhale:1
සිංහළ	sinhala:2	simhala:1
සිංහාසන	sinhasana:2	simhasana:1
සිංහාසනය	sinhasanaya:2	simhasanaya:1
සිංහාසනයට	sinhasanayata:2	simhasanayata:1
සිංහාසනයේ	sinhasanaye:2	simhasanaye:1
සිංහාසනාරූඪ	simhasanarudha:1	sinhasanaruda:1	sinhasanarudha:1
සික්	sik:2	sick:1
සික්‍යුරිටි	security:2	sikyuriti:1
සිකුරාදා	sikurada:3
සිකුරු	sikuru:3
සිඛ	sikha:3
සිගරට්	sigarat:3
සිග්මන්	sigman:3
සිග්මන්ඩ්	sigmand:3
සිග්මා	sigma:3
සිගිති	sigiti:2	sigithi:1
සිගිරි	sigiri:3
සිගිරිය	sigiriya:3
සිගේරා	sigera:3
සිඟා	singa:3
සිඟිති	singiti:3
සිට	sita:3
සිටගත්	sitagat:3
සිටගෙන	sitagena:3
සිටද	sitada:3
සිටම	sitama:3
සිටමය	sitamaya:3
සිටය	sitaya:3
සිටයි	sitayi:3
සිටි	siti:3
සිටිත්	sitit:2	sitith:1
සිටිති	sitithi:3	sititi:2
සිටිද්දී	sitiddi:2	sitiddee:1
සිටින	sitina:3
සිටිනතාක්	sitinatak:2	sitinathaak:1
සිටිනවා	sitinava:2	sitinawaa:1
සිටින්නට	sitinnata:3
සිටින්නා	sitinna:2	sitinnaa:1
සිටින්නීය	sitinniya:2	sitinneeya:1
සිටින්නේ	sitinne:3
සිටින්නේද	sitinneda:3
සිටින්නේය	sitinneya:3
සිටිනා	sitina:2	sitinaa:1
සිටිනු	sitinu:3
සිටිනුයේ	sitinuye:3
සිටිබව	sitibava:2	sitibawa:1
සිටිම	sitima:3
සිටිමට	sitimata:3
සිටිමින්	sitimin:3
සිටිමිනි	sitimini:3
සිටිය	sitiya:3
සිටියත්	sitiyat:2	sitiyath:1
සිටියද	sitiyada:3
සිටියදී	sitiyadi:2	sitiyadee:1
සිටියදීම	sitiyadima:2	sitiyadeema:1
සිටියදීය	sitiyadiya:2	sitiyadeeya:1
සිටියහ	sitiyaha:3
සිටියහොත්	sitiyahot:2	sitiyahoth:1
සිටියා	sitiya:3
සිටියාට	sitiyata:3
සිටියාය	sitiyaya:3
සිටියාහු	sitiyahu:3
සිටියි	sitiy:5	sitiyi:3
සිටියේ	sitiye:3
සිටියේද	sitiyeda:3
සිටියේය	sitiyeya:3
සිටියොත්	sitiyot:2	sitiyoth:1
සිටියෝ	sitiyo:3
සිටියෝය	sitiyoya:3
සිටිසේක	sitiseka:3
සිටී	siti:2	sitee:1
සිටීද	sitida:2	siteeda:1
සිටීනම්	sitinam:2	siteenam:1
සිටීම	siteema:3	sitima:2
සිටීමක්	sitimak:2	siteemak:1
සිටීමට	sitimata:4	siteemata:1	sithimata:1
සිටීමටත්	siteematath:1	sithimatat:1	sitimatath:1
සිටීමත්	siteemath:1	sithimat:1	sitimath:1
සිටීමද	siteemada:1	sithimada:1	sitimada:1
සිටීමයි	siteemai:1	sithimayi:1	sitimayi:1
සිටීමෙන්	siteemen:1	sithimen:1	sitimen:1
සිටීමේ	siteeme:1	sithime:1	sitime:1
සිටීමේදී	siteemedee:1	sithimedi:1	sitimedi:1
සිටීය	siteeya:1	sithiya:1	sitiya:1
සිටු	situ:2	sithu:1
සිටුවන	sithuvana:1	situvana:1	situwana:1
සිටුවන්න	sithuvanna:1	situvanna:1	situwanna:1
සිටුවම්	sithuvam:1	situvam:1	situwam:1
සිටුවර	sithuvara:1	situvara:1	situwara:1
සිටුවරයාගේ	sithuvarayage:1	situvarayage:1	situwarayage:1
සිටුවා	sithuva:1	situva:1	situwa:1
සිටුවිය	sithuviya:1	situviya:1	situwiya:1
සිටුවීම	sithuvima:1	situvima:1	situweema:1
සිටුවීමට	sithuvimata:1	situvimata:1	situweemata:1
සිඩ්නි	sydney:2	sidney:1
සිත	sitha:2	sita:1
සිතක්	sithak:2	sitak:1
සිතට	sithata:2	sitata:1
සිතත්	sitat:1	sithat:1	sithath:1
සිතන	sithana:2	sitana:1
සිතන්න	sithanna:2	sitanna:1
සිතන්නට	sithannata:2	sitannata:1
සිතන්නාහු	sithannahu:2	sitannahu:1
සිතන්නේ	sithanne:2	sitanne:1
සිතමි	sithami:2	sitami:1
සිතමින්	sithamin:2	sitamin:1
සිතයි	sithayi:2	sitayi:1
සිත්	sith:3
සිත්ගන්නා	sithganna:3
සිත්ගන්නාසුළු	sithgannasulu:3
සිත්තමක්	siththamak:3
සිත්තමකි	siththamaki:3
සිත්තම්	siththam:3
සිත්තර	siththara:2	sitthara:1
සිත්තරකු	siththaraku:3
සිත්තරා	siththara:3
සිත්තරු	siththaru:3
සිත්තරුන්	siththarun:3
සිත්තරුන්ගේ	siththarunge:3
සිත්තරෙක්	siththarek:3
සිත්තරෙකු	siththareku:3
සිත්හි	sithi:2	sithhi:1
සිතා	sitha:2	sita:1
සිතාගත	sitagata:1	sithagata:1	sithagatha:1
සිතාමතා	sitamata:1	sithamata:1	sithamatha:1
සිතාමතාම	sitamatama:1	sithamatama:1	sithamathama:1
සිතාය	sithaya:2	sitaya:1
සිතාර්	sithar:2	sitar:1
සිතින්	sithin:3
සිතින්ම	sithinma:3
සිතියම	sithiyama:3
සිතියමක්	sithiyamak:3
සිතියමට	sithiyamata:3
සිතියම්	sithiyam:3
සිතියම්කරණය	sithiyamkaranaya:3
සිතියම්ගත	sithiyamgatha:2	sithiyamgata:1
සිතියම්වල	sithiyamvala:2	sithiyamwala:1
සිතිවිල්ලට	sithivillata:3
සිතිවිලි	sithivili:3
සිතිවිලිවල	sithivilivala:1	sithivilivla:1	sithiviliwala:1
සිතීම	sithima:2	sitheema:1
සිතීමට	sithimata:2	sitheemata:1
සිතීමේ	sithime:2	sitheeme:1
සිතු	sithu:3
සිතුණු	sithunu:3
සිතුම්	sithum:3
සිතුල්පව්ව	sithulpawwa:2	sithulpavva:1
සිතුවත්	sithuvat:1	sithuvath:1	sithuwath:1
සිතුවද	sithuvada:2	sithuwada:1
සිතුවම	sithuwama:4	sithuvama:2
සිතුවමක්	sithuvamak:2	sithuwamak:1
සිතුවමට	sithuvamata:2	sithuwamata:1
සිතුවම්	sithuwam:11	sithuvam:2
සිතුවම්කරණය	sithuvamkaranaya:1	sithuwamkaranaya:1	situvamkaranaya:1
සිතුවම්වල	sithuvamvala:2	sithuwamwala:1
සිතුවම්වලින්	sithuvamvalin:2	sithuwamwalin:1
සිතුවමෙහි	sithuvamehi:2	sithuwamehi:1
සිතුවමේ	sithuwame:2	sithuvame:2
සිතුවා	sithuva:2	sithuwa:1
සිතුවිල්ල	sithuvilla:2	sithuwilla:1
සිතුවිල්ලෙන්	sithuvillen:2	sithuwillen:1
සිතුවිලි	sithuwili:3	sithuvili:2
සිතුවිලිය	sithuviliya:2	sithuwiliya:1
සිතුවේ	sithuve:1	sithuwe:1	situve:1
සිතුවේය	sithuveya:2	sithuweya:1
සිතූ	sithu:2	sithoo:1
සිතෙන්නේ	sithenne:3
සිතෙහි	sithehi:3
සිතේ	sithe:3
සිදත්	sidath:3
සිද්ද	sidda:3
සිද්දිය	siddiya:3
සිද්ධ	siddha:3
සිද්ධස්ථාන	siddhasthana:3
සිද්ධස්ථානය	siddhasthanaya:2	siddhasthaanaya:1
සිද්ධස්ථානයක්	siddhasthanayak:2	siddhasthaanayak:1
සිද්ධාන්ත	siddhantha:2	siddhaantha:1	siddhanta:1
සිද්ධාන්තය	siddhaanthaya:1	siddhantaya:1	siddhanthaya:1
සිද්ධාන්තයක්	siddhaanthayak:1	siddhantayak:1	siddhanthayak:1
සිද්ධාන්තයන්	siddhanthayan:2	siddhantayan:1
සිද්ධාන්තයේ	siddhanthaye:2	siddhantaye:1
සිද්ධාර්ථ	siddhartha:2	siddhaartha:1
සිද්ධි	siddhi:3
සිද්ධින්	siddhin:3
සිද්ධිය	siddhiya:3
සිද්ධියක	siddhiyaka:3
සිද්ධියක්	siddhiyak:3
සිද්ධියකි	siddhiyaki:3
සිද්ධියට	siddhiyata:3
සිද්ධියන්	siddhiyan:3
සිද්ධියෙන්	siddhiyen:3
සිද්ධියේ	siddhiye:2	siddiye:1
සිද්ධීන්	siddhin:2	siddeen:1
සිද්ධීන්ට	siddhinta:2	siddeenta:1
සිදු	sidu:3
සිදුකර	sidukara:3
සිදුකරගත	sidukaragata:2	sidukaragatha:1
සිදුකරති	sidukarati:3
සිදුකරන	sidukarana:3
සිදුකරනවා	sidukaranava:2	sidukaranawaa:1
සිදුකරන්නේ	sidukaranne:3
සිදුකරනුයේ	sidukaranuye:3
සිදුකරමින්	sidukaramin:3
සිදුකරයි	sidukarayi:2	sidukaraai:1
සිදුකල	sidukala:3
සිදුකලා	sidukala:2	sidukalaa:1
සිදුකලේ	sidukale:3
සිදුකළ	sidukala:3
සිදුකළේ	sidukale:3
සිදුකිරීම	sidukirima:2	sidukireema:1
සිදුකිරීමට	sidukirimata:2	sidukireemata:1
සිදුකිරීමයි	sidukirimayi:2	sidukireemaai:1	sidukireemayi:1
සිදුකෙරිණි	sidukerini:3
සිදුකෙරුණු	sidukerunu:3
සිදුකෙරුණේ	sidukerune:3
සිදුකෙරෙන	sidukerena:3
සිදුකෙරෙන්නේ	sidukerenne:3
සිදුකෙරේ	sidukere:2	sidukerei:1
සිදුකොට	sidukota:3
සිදුනොවන	sidunovana:2	sidunowana:1
සිදුනොවේ	sidunove:2	sidunowe:1
සිදුර	sidura:3
සිදුරක්	sidurak:3
සිදුරකින්	sidurakin:3
සිදුරු	siduru:3
සිදුරුකිරීම	sidurukirima:2	sidurukireema:1
සිදුරේ	sidure:3
සිදුව	siduva:2	siduwa:1
සිදුවන	siduwana:20	siduvana:2
සිදුවන්නකි	siduvannaki:2	siduwannaki:1
සිදුවන්නට	siduwannata:2	siduvannata:2
සිදුවන්නේ	siduvanne:2	siduwanne:1
සිදුවන්නේද	siduvanneda:2	siduwanneda:1
සිදුවනු	siduvanu:2	siduwanu:1
සිදුවනුයේ	siduvanuye:2	siduwanuye:1
සිදුවිණි	siduvini:2	siduwini:1
සිදුවිනි	siduvini:2	siduwini:1
සිදුවිම	siduvima:2	siduwima:1
සිදුවිය	siduwiya:5	siduviya:2
සිදුවී	siduvi:2	siduwee:1
සිදුවීම	siduweema:2	siduvima:2
සිදුවීමක	siduvimaka:2	siduweemaka:1
සිදුවීමක්	siduweemak:2	siduvimak:2
සිදුවීමකි	siduvimaki:2	siduweemaki:1
සිදුවීමට	siduwimata:2	siduvimata:2	siduweemata:1
සිදුවීමත්	siduvimat:2	siduweemat:1
සිදුවීමයි	siduvimayi:2	siduweemaai:1
සිදුවීම්	siduweem:5	siduvim:2
සිදුවීම්වලින්	siduvimvalin:2	siduweemwalin:1
සිදුවීමෙන්	siduvimen:2	siduweemen:1
සිදුවීමේ	siduvime:2	siduweeme:1
සිදුවු	siduvu:2	siduwoo:1
සිදුවුණා	siduvuna:2	siduwunaa:1
සිදුවුණි	siduvuni:2	siduwuni:1
සිදුවුයේ	siduvuye:2	siduwuye:1
සිදුවුවහොත්	siduvuvahot:2	siduwuwahoth:1
සිදුවූ	siduwu:7	siduvu:2
සිදුවූයේ	siduwuye:2	siduvuye:2
සිදුවූවකි	siduvuvaki:2	siduwaki:1
සිදුවූවා	siduvuva:2	siduwuwaa:1
සිදුවෙන	siduvena:2	siduwena:1
සිදුවෙනවා	siduvenava:2	siduwenawaa:1
සිදුවෙමින්	siduvemin:2	siduwemin:1
සිදුවෙයි	siduveyi:2	siduwei:1
සිදුවේ	siduwe:10	siduve:2
සිදුහත්	siduhat:2	siduhath:1
සිදූ	sidu:3
සිනමා	cinema:6	sinama:2	cinamaa:1
සිනමාව	sinamava:2	sinamawa:1
සිනමාවට	sinamavata:2	sinamaawata:1
සිනමාවේ	sinamave:2	sinamawe:1
සිනමාවේදී	sinamavedi:2	sinamaawedee:1
සිනමාහල්	sinamahal:3
සිනහ	sinaha:3
සිනහව	sinahava:2	sinahawa:1
සිනහවට	sinahavata:2	sinahawata:1
සිනහවයි	sinahavayi:2	sinahawai:1
සින්ක්	sink:2	zinc:1	zink:1
සින්ඩ්‍රෝමය	sindromaya:3
සින්දු	sindu:3
සින්ධු	sindhu:2	sindu:1
සිනා	sina:2	sinaa:1
සිනාව	sinava:2	sinaawa:1
සිනාවට	sinavata:2	sinaawata:1
සිනාවේ	sinave:2	sinaawe:1
සිනාසෙන	sinasena:2	sinaasena:1
සිනිදු	sinidu:3
සිනිඳු	sinindu:2	sinidu:1
සිඳ	sinda:2	sidha:1
සිඳීම	sindima:2	sidheema:1
සිඳු	sindu:2	sidu:1
සිඳුවන	sinduvana:2	siduwana:1
සිඳුවේ	sinduve:2	siduwe:1
සිප	sipa:3
සිපගන්නා	sipaganna:3
සිප්පිකටු	sippikatu:3
සිපි	sipi:3
සිපිරි	sipiri:3
සිබිල්	sibil:2	sybil:1
සිම්	sim:3
සිම්බාබ්වේ	simbabve:1	simbabwe:1	zimbabwe:1
සිම්සන්	simsan:3
සිමා	sima:3
සිමාව	simava:2	simaawa:1
සිමෙන්ති	cementhi:1	simenthi:1	simenti:1
සිමොන්	simon:2	cmon:1
සිය	siya:3
සියක්	siyak:3
සියත	siyatha:2	siyata:1
සියතට	siyatata:2	siyathata:1
සියදහස්	siyadahas:3
සියදිවි	siyadivi:3
සියපත්	siyapat:2	siyapath:1
සියබස්ලකරෙහි	siyabaslakarehi:3
සියම	siyama:3
සියමය	siyamaya:3
සියම්	siyam:3
සියඹලා	siyambala:2	siyambalaa:1
සියඹලාණ්ඩුව	siyabalanduwa:1	siyambalaanduwa:1	siyambalanduva:1
සියඹලාපිටිය	siyambalapitiya:2	siyabalapitiya:1
සියය	siyaya:3
සියයක	siyayaka:3
සියයකට	siyayakata:3
සියයක්	siyayak:3
සියයට	siyayata:3
සියයේ	siyaye:3
සියරා	sierra:1	siyara:1	siyaraa:1
සියල්ල	siyalla:3
සියල්ලක්ම	siyallakma:3
සියල්ලගේම	siyallagema:3
සියල්ලට	siyallata:3
සියල්ලටම	siyallatama:3
සියල්ලන්	siyallan:3
සියල්ලන්ගෙන්	siyallangen:3
සියල්ලන්ගේ	siyallange:3
සියල්ලන්ට	siyallanta:3
සියල්ලන්ටම	siyallantama:3
සියල්ලන්ම	siyallanma:3
සියල්ලම	siyallama:3
සියල්ලෙහි	siyallehi:3
සියල්ලෙහිම	siyallehima:3
සියල්ලේ	siyalle:3
සියල්ලේම	siyallema:3
සියල්ලෝම	siyalloma:3
සියලු	siyalu:3
සියලුම	siyaluma:3
සියලූම	siyaluma:3
සියවස	siyawasa:9	siyavasa:2
සියවසක	siyavasaka:2	siyawasaka:1
සියවසකට	siyavasakata:2	siyawasakata:1
සියවසට	siyawasata:2	siyavasata:2
සියවසයේ	siyavasaye:2	siyawasaye:1
සියවස්	siyawas:4	siyavas:2
සියවස්වල	siyavasvala:2	siyawaswala:1
සියවස්වලට	siyavasvalata:2	siyawaswalata:1
සියවසින්	siyavasin:2	siyawasin:1
සියවසෙන්	siyavasen:2	siyawasen:1
සියවසෙහි	siyawasehi:3	siyavasehi:2
සියවසෙහිදී	siyavasehidi:2	siyawasehidi:1
සියවසේ	siyawase:14	siyavase:2
සියවසේදි	siyavasedi:2	siyawasedi:1
සියවසේදී	siyavasedi:2	siyawasedi:1
සියවසේදීය	siyavasediya:2	siyawasediya:1
සියළු	siyalu:3
සියළුදෙනා	siyaludena:2	siyaludenaa:1
සියළුදෙනාට	siyaludenata:2	siyaludenaata:1
සියළුම	siyaluma:3
සියා	siya:2	siyaa:1
සියුම්	siyum:3
සියුම්ව	siyumva:2	siyumwa:1
සියුස්	siyus:3
සියෙරා	sierra:1	siyera:1	siyeraa:1
සිර	sira:3
සිරකර	sirakara:3
සිරකරු	sirakaru:3
සිරකරුවකු	sirakaruvaku:2	sirakaruwaku:1
සිරකරුවන්	sirakaruvan:2	sirakaruwan:1
සිරකරුවන්ට	sirakaruvanta:2	sirakaruwanta:1
සිරගත	siragatha:2	siragata:1
සිරගතව	siragatava:1	siragathava:1	siragathawa:1
සිරගෙදර	siragedara:3
සිරගෙයි	sirageyi:2	siragei:1
සිරප්	sirap:3
සිරභාරයට	sirabharayata:3
සිරවී	siravi:2	sirawee:1
සිරස	sirasa:3
සිරස්	siras:3
සිරස්ව	sirasva:2	siraswa:1
සිරා	sira:2	siraa:1
සිරි	siri:3
සිරිකොත	sirikota:2	sirikotha:1
සිරිත	sirita:2	siritha:1
සිරිතක්	siritak:2	sirithak:1
සිරිතකි	siritaki:2	sirithaki:1
සිරිතට	siritata:2	sirithata:1
සිරිතය	siritaya:2	sirithaya:1
සිරිතයි	siritaai:1	siritayi:1	sirithayi:1
සිරිත්	sirith:3	sirit:2
සිරිත්විරිත්	siritvirit:2	sirithvirith:1
සිරිතේ	sirite:2	sirithe:1
සිරිනාග	sirinaga:2	sirinaaga:1
සිරිපතුල	siripatula:2	siripathula:1
සිරිපතුල්	siripatul:2	siripathul:1
සිරිපා	siripa:2	siripaa:1
සිරිබද්ධන	siribaddhana:2	siribaddana:1
සිරිමත්	sirimat:2	sirimath:1
සිරිමා	sirima:2	sirimaa:1
සිරිමාවෝ	sirimavo:2	sirimaavo:1
සිරියා	syria:2	siriya:1
සිරියානු	siriyanu:2	siriyaanu:1
සිරියාව	siriyava:2	siriyaawa:1
සිරියාවේ	siriyave:2	siriyaawe:1
සිරිලක	sirilaka:3
සිරිලකට	sirilakata:3
සිරිල්	siril:3
සිරිලාල්	sirilal:3
සිරිවර්ධන	sirivardana:1	sirivardhana:1	siriwardana:1
සිරිවල්ලභ	sirivallabha:2	siriwallaba:1
සිරිසඟබෝ	sirisangabo:3
සිරිසේන	sirisena:3
සිරුර	sirura:3
සිරුරක	siruraka:3
සිරුරක්	sirurak:3
සිරුරට	sirurata:3
සිරුරු	siruru:3
සිරුරෙන්	siruren:3
සිරුරෙහි	sirurehi:3
සිරුරේ	sirure:3
සිරෙන්	siren:3
සිල්	sil:3
සිල්ක්	silk:3
සිල්පදය	silpadaya:3
සිල්ලර	sillara:3
සිල්ලා	silla:3
සිල්වත්	silvat:1	silvath:1	silwath:1
සිල්වත්ව	silvathva:1	silvatva:1	silwathwa:1
සිල්වා	silva:2	silvaa:1
සිල්වාගේ	silvage:3
සිල්වියා	silviya:3
සිල්වෙස්ටර්	silvestar:2	silvester:1
සිලිං	silin:2	silim:1	siling:1
සිලිකන්	silicon:2	silikan:1
සිලිකා	silika:2	silica:1
සිලිකේට්	silicate:2	siliket:1
සිලිණ්ඩරාකාර	silindarakara:3
සිලින්ඩර	silindara:2	silindera:1
සිලින්ඩරය	silindaraya:2	silinderaya:1
සිලින්ඩරයක	cylindarayaka:1	silindarayaka:1	silinderayaka:1
සිලින්ඩරයක්	cylinderayak:1	silindaraye:1	silinderayak:1
සිලින්ඩරයේ	cylinderaye:1	silindaraye:1	silinderaye:1
සිලින්ඩරාකාර	silindarakara:2	silinderakara:1
සිලෝ	silo:3	ceylo:1
සිලෝන්	ceylon:2	silon:1
සිව	siva:3
සිවදාසන්	sivadasan:3
සිවලා	sivala:3
සිව්	siv:3
සිව්දෙනකු	sivdenaku:2	sivdeneku:1
සිව්වන	siwwana:3	sivuvana:1	sivvana:1	siwuwana:1
සිවි	sivi:3
සිවිය	siviya:3
සිවිල්	civil:9	sivil:2
සිවිලිම	sivilima:3
සිවිලිම්	sivilim:3
සිවිලිමේ	sivilime:3
සිවු	sivu:3
සිවුපා	sivupa:2	siwupa:1
සිවුර	sivura:3
සිවුරු	sivuru:3
සිවුරුහන්	sivuruhan:3
සිවුරේ	sivure:3
සිසරෝ	sisaro:3
සිස්ටීන්	cysteine:1	sisteen:1	sistin:1	sixteen:1
සිසාරා	sisara:2	sisaara:1	sisaaraa:1
සිසිර	sisira:3
සිසිරයේ	sisiraye:3
සිසිලන	sisilana:3
සිසිලනය	sisilanaya:3
සිසිලස	sisilasa:3
සිසිල්	sisil:3
සිසු	sisu:3
සිසුන්	sisun:3
සිසුන්ගෙන්	sisungen:3
සිසුන්ගේ	sisunge:3
සිසුන්ට	sisunta:3
සිසුන්ටද	sisuntada:3
සිසුවකු	sisuvaku:2	sisuwaku:1
සිසුවා	sisuwa:2	sisuva:2
සිසුවියන්	sisuviyan:2	sisuwiyan:1
සිසුවියන්ගේ	sisuviyange:2	sisuwiyange:1
සිසුවියන්ට	sisuviyanta:2	sisuwiyanta:1
සිසුවෙක්	sisuvek:2	sisuwek:1
සිසුවෙකි	sisuveki:2	sisuweki:1
සිසුවෙකු	sisuveku:2	sisuweku:1
සිසුවෝ	sisuvo:2	sisuwo:1
සිසේරියන්	siseriyan:2	cesarean:1
සිහ	siha:3
සිහල	sihala:3
සිහසුන	sihasuna:3
සිහසුනට	sihasunata:3
සිහසුන්	sihasun:3
සිහසුනෙන්	sihasunen:3
සිහසුනේ	sihasune:3
සිහළ	sihala:3
සිහි	sihi:3
සිහිකල්පනාවෙන්	sihikalpanaven:2	sihikalpanawen:1
සිහිකිරීම	sihikirima:2	sihikreema:1
සිහිකෙරෙන	sihikerena:3
සිහිගන්වමින්	sihiganvamin:2	sihiganwamin:1
සිහින	sihina:3
සිහිනය	sihinaya:3
සිහිනයක්	sihinayak:3
සිහිනයකි	sihinayaki:3
සිහිනයකින්	sihinayakin:3
සිහිනයෙන්	sihinayen:3
සිහිනයේ	sihinaye:3
සිහින්	sihin:3
සිහින්ව	sihinva:2	sihinwa:1
සිහිනෙන්	sihinen:3
සිහිපත්	sihipath:2	sihipat:1
සිහිය	sihiya:3
සිහියට	sihiyata:3
සිහියෙන්	sihiyen:3
සිහිවටන	sihivatana:2	sihiwatana:1
සිහිවිකල්	sihivikal:2	sihiwikal:1
සිහිවීම	sihivima:2	sihiweema:1
සිළුමිණ	silumina:3
සී	c:5	si:2	sea:1	see:1
සීඑන්එන්	cnn:2	sienen:1
සීක්	sik:2	seek:1
සීග්‍ර	sigra:3
සීග්‍රයෙන්	seegrayen:2	sigrayen:3
සීගිරි	sigiri:3
සීගිරිය	sigiriya:3
සීගිරියට	sigiriyata:3
සීගිරියේ	sigiriye:2	sigiriya:1
සීගීරි	sigiri:3
සීඝ්‍ර	sighra:3
සීඝ්‍රගාමි	sighragami:3
සීඝ්‍රතාව	sighratava:2	sighrathava:1
සීඝ්‍රතාවය	sighratavaya:2	sighrathavaya:1
සීඝ්‍රතාවයකින්	sighratavayakin:2	sighrathavayakin:1
සීඝ්‍රයෙන්	sighrayen:3
සීඝ්‍රව	sighrava:3
සීට්	sit:2	seat:1
සීත	seetha:2	sita:3
සීතල	sithala:2	sitala:1
සීතා	seetha:2	sita:1
සීතාගේ	sitage:2	seethage:1
සීතාවක	seethawaka:3	seethaawaka:1	seethavaka:1	sitavaka:1
සීතාවකපුර	seethaawakapura:1	seethawakapura:1	sitavakapura:1	sithawakapura:1
සීදුව	seeduwa:2	siduva:1
සීන්	sin:2	scene:1	seen:1
සීනි	sini:2	seeni:1
සීනියර්	senior:3	seeniyar:1
සීනුව	sinuva:2	seenuwa:1
සීනේ	sine:2	seene:1
සීපද	seepada:2	sipada:1
සීමා	seema:1	seemaa:1	sima:1
සීමාකාරී	seemaakaaree:1	seemakaree:1	simakari:1
සීමාකිරීම	seemaakireema:1	seemakireema:1	simakirima:1
සීමාන්තික	seemaanthika:1	seemanthika:1	simanthika:1
සීමාරහිත	seemaarahitha:1	seemarahitha:1	simarahita:1
සීමාව	seemaawa:1	seemawa:1	simava:1
සීමාවක	seemaawaka:1	seemawaka:1	simavaka:1
සීමාවකට	seemaawakata:1	seemawakata:1	simavakata:1
සීමාවක්	seemaawak:1	seemawak:1	simavak:1
සීමාවකින්	seemaawakin:1	seemawakin:1	simavakin:1
සීමාවට	seemaawata:1	seemawata:1	simavata:1
සීමාවන	seemaawana:1	seemawana:1	simavana:1
සීමාවන්	seemaawan:1	seemawan:1	simavan:1
සීමාවන්ට	simavanta:2	seemawanta:1
සීමාවීම	simavima:2	seemaweema:1
සීමාවූ	simavu:2	seemavu:1
සීමාවෙන්	simaven:2	seemawen:1
සීමාවෙහි	simavehi:2	seemawehi:1
සීමාවේ	simave:2	seemawe:1
සීමාවේදී	simavedi:2	seemawedee:1
සීමාසහිත	simasahitha:2	seemasahitha:1	simasahita:1
සීමිත	simitha:2	seemitha:1
සීමිතය	simithaya:2	seemithaya:1
සීමොන්	seamon:1	seemon:1	simon:1
සීයක්	siyak:2	seeyak:1
සීයට	siyata:2	seeyata:1
සීයා	siya:2	seeya:1
සීයාට	siyata:2	seeyata:1
සීරීම්	sirim:2	seereem:1
සීරුමාරු	sirumaru:2	seerumaru:1
සීරුවේ	siruve:2	seeruwe:1
සීල	sila:2	seela:1
සීලන්	silan:3	seelan:1
සීලබ්බත	seelabbatha:1	silabbata:1	silabbatha:1
සීලය	silaya:2	seelaya:1
සීලයයි	silayayi:2	seelayai:1
සීලයෙන්	silayen:2	seelayen:1
සීල්	seal:1	seel:1	sil:1
සීවලී	sivali:2	seewalee:1
සීෂෙල්ස්	seashells:2	seychelles:2	seeshells:1
සීසර්	caesar:2	seesar:1	sizer:1
සීසර්ගේ	sisarge:2	seesarge:1	sezerge:1
සීස්	cease:2	sees:1	seys:1
සීසියම්	cesium:2	caesium:1	seesiyam:1
සුං	sun:2	sum:1	sung:1
සුක්ෂම	sukshama:2	suksama:1
සුකියාකි	sukiyaki:2	sokkiaki:1
සුඛ	sukha:3
සුඛය	sukhaya:3
සුඛාය	sukhaya:3
සුඛිත	sukhitha:2	sukhita:1
සුඛෝපභෝගී	sukhopabhogi:3
සුගතපාල	sugathapala:2	sugatapala:1
සුගතයන්	sugathayan:2	sugatayan:1
සුගලා	sugala:3
සුචරිතයෙහි	sucaritayehi:2	sucharithayehi:1
සුචිය	suciya:2	suchiya:1
සුජාත	sujata:2	sujatha:1
සුජාතා	sujatha:2	sujata:2
සුජාතාගේ	sujatage:3
සුජානි	sujani:3
සුජිත්	sujith:2	sujit:1
සුඩාන	sudana:3
සුඩානය	sudanaya:3
සුඩානයේ	sudanaye:3
සුතසෝම	sutasoma:2	suthasoma:1
සුත්ත	sutta:2	suththa:1
සුත්‍ර	sutra:2	suthra:1
සුත්‍රය	sutraya:2	suthraya:1
සුත්‍රයේ	sutraye:3
සුද	suda:3
සුදත්	sudat:2	sudath:1
සුදන්ත	sudanta:2	sudantha:1
සුදලිය	sudaliya:3
සුද්ද	sudda:3
සුද්දන්	suddan:3
සුද්දිලාගේ	suddilage:3
සුද්දෝ	suddo:3
සුද්දෝධන	suddodhana:2	suddhodana:1
සුද්ධ	suddha:3
සුද්ධෝදන	suddhodana:2	suddodhana:1
සුදානම්	sudanam:3
සුදානමින්	sudanamin:3
සුදු	sudu:4
සුදුපාට	sudupata:3
සුදුවතින්	suduvathin:1	suduvatin:1	suduwathin:1
සුදුස්සන්	sudussan:3
සුදුස්සෙක්	sudussek:3
සුදුසු	sudusu:3
සුදුසුකම	sudusukama:3
සුදුසුකම්	sudusukam:3
සුදුසුකම්ලත්	sudusukamlath:2	sudusukamlat:1
සුදුසුම	sudusuma:3
සුදුසුය	sudusuya:3
සුදුසුයි	sudusuyi:2	sudusui:1
සුදුළූණු	sudulunu:3	suduloonu:1
සුදේශ්	sudesh:2	sudes:1
සුදේෂ්	sudesh:2	sudes:1
සුදොවුන්	sudovun:3
සුදෝ	sudo:3
සුනඛ	sunakha:3
සුනඛයන්	sunakhayan:3
සුනඛයාගේ	sunakhayage:3
සුනඛයින්	sunakhayin:3
සුනන්ද	sunanda:3
සුනම්‍ය	sunamya:3
සුන්	sun:3
සුන්දර	sundara:3
සුන්දරත්වය	sundarathwaya:2	sundarathvaya:1	sundaratvaya:1
සුන්දරත්වයේ	sundaratvaye:2	sundarathwaye:1
සුන්දර්	sundar:3
සුන්නි	sunni:3
සුන්බුන්	sunbun:3
සුනාමි	sunami:2	tsunami:2
සුනාමිය	sunamiya:3	tsunamiya:1
සුනාමියෙන්	sunamiyen:3	tsunamiyen:1
සුනිල්	sunil:3
සුනෙත්	suneth:2	sunet:1
සුපර්	super:3	supar:1
සුපර්නෝවා	supernova:2	suparnova:1	supernovae:1
සුපරික්ෂාකාරී	supariksakari:3	suparikshakari:1
සුපරීක්ෂාකාරීව	supariksakariva:2	suparikshakariva:2
සුප්	sup:2	soup:1
සුප්පා	suppa:3
සුප්රසිද්ධ	suprasiddha:3
සුප්‍රකට	suprakata:3
සුප්‍රබුද්ධ	suprabuddha:3
සුප්‍රසිද්ද	suprasidda:3
සුප්‍රසිද්ධ	suprasiddha:3
සුප්‍රියා	supriya:3
සුපිරි	supiri:3
සුපිරික්සීමට	supiriksimata:3
සුපිරිසිදු	supirisidu:3
සුපිරිසුදු	supirisudu:3
සුපුරුදු	supurudu:3
සුපෝෂණය	suposanaya:2	suposhanaya:2
සුබ	suba:3
සුබගසේන	subagasena:3
සුබවාදී	subavadi:3
සුබසාධන	subasadhana:3
සුබේ	sube:3
සුභ	subha:3
සුභදායක	subhadayaka:3
සුභයි	subhayi:3
සුභසාධන	subhasadhana:3
සුභසාධනය	subhasadhanaya:3
සුභසිංහ	subasinha:2	subasimha:1	subhasimha:1
සුභසිද්ධිය	subhasiddhiya:2	subasiddhiya:1
සුභාෂ්	subhash:2	subash:1
සුමංගල	sumangala:3
සුමට	sumata:3
සුමතිපාල	sumathipala:3
සුමන	sumana:3
සුමනරතන	sumanarathana:3
සුමනසිරි	sumanasiri:3
සුමනසේකර	sumanasekara:3
සුමනා	sumana:3
සුමාත්‍රා	sumathra:2	sumatra:1
සුමානයට	sumanayata:2	sumamayata:1
සුමිත්	sumith:3
සුමිත්ත	sumiththa:3
සුමිත්‍රා	sumithra:2	sumitrha:1
සුමින්ද	suminda:3
සුමුදු	sumudu:3
සුමේධ	sumedha:3
සුමේරියානු	sumeriyanu:2	sumariyanu:1
සුමේරියානුවන්	sumeriyanuvan:2	sumariyanuwan:1
සුයි	suyi:3	sui:1
සුර	sura:3
සුරංග	suranga:3
සුරංගනා	surangana:2	suramgana:1
සුරක්ෂිත	surakshitha:2	suraksitha:1
සුරක්ෂිතතාවය	surakshithathavaya:1	surakshithathawaya:1	suraksithatavaya:1
සුරක්ෂිතභාවය	surakshithabawaya:1	surakshithabhavaya:1	suraksithabhavaya:1
සුරක්ෂිතව	surakshithava:1	surakshithawa:1	suraksitava:1
සුරකින	surakina:3
සුරකිනු	surakinu:3
සුරකිමු	surakimu:3
සුරඟන	surangana:2	suragana:1
සුරත	suratha:2	surata:1
සුරතට	surathata:2	suratata:1
සුරතල්	surathal:2	suratal:1
සුරතලුන්	surathalun:2	suratalun:1
සුරනිමල	suranimala:3
සුරඹා	suramba:3
සුරයන්	surayan:3
සුරල්	sural:3
සුරවීර	suravira:2	suraweera:1
සුර්ය	surya:3
සුර්යයා	suryaya:3
සුර්යයාගේ	suryayage:3
සුර්යයාට	suryayata:3
සුරා	sura:3
සුරාජ්	suraj:3
සුරාව	surava:3
සුරේන්ද්‍ර	surendra:3
සුරේනි	sureni:2	sureeni:1
සුරේෂ්	suresh:3	sures:1
සුලං	sulam:2	sulan:2
සුලබ	sulaba:3
සුලබතාවය	sulabathavaya:2	sulabatavaya:1
සුලබය	sulabaya:3
සුලබව	sulabawa:2	sulabava:3
සුලභ	sulabha:3
සුලභතම	sulabhatama:2	sulabhathama:1
සුලභම	sulabhama:3
සුලභව	sulabhava:3
සුල්තාන්	sulthan:2	sultan:1
සුලි	suli:3
සුලු	sulu:3
සුලුය	suluya:3
සුලූ	sulu:3
සුලෙයිමාන්	sulaiman:1	suleiman:1	suleyiman:1
සුව	suwa:5	suva:3
සුවකරන	suvakarana:3
සුවකිරීමට	suvakirimata:3
සුවකිරීමේ	suvakirime:3
සුවතාවය	suvatavaya:2	suvathavaya:1
සුවද	suvada:3
සුවදින්	suvadin:3
සුවඳ	suvanda:3
සුවඳක්	suvandak:3
සුවඳකින්	suvandakin:3
සුවඳට	suvandata:3
සුවඳවත්	suvandavat:2	suvandavath:1
සුවඳින්	suvandin:3
සුවපත්	suwapath:4	suvapat:2	suvapath:1
සුවපහසු	suvapahasu:3
සුවය	suvaya:3
සුවයක්	suvayak:3
සුවයකි	suvayaki:3
සුවයත්	suvayat:2	suvayath:1
සුවයෙන්	suwayen:2	suvayen:3
සුවවීම	suvavima:3
සුවවීමට	suvavimata:2	suvavimatha:1
සුවසේ	suvase:3
සුවසේවා	suvaseva:3
සුවාමි	suvami:3
සුවිශද	suvisada:2	suvishada:1
සුවිශාල	suvisala:2	suvishala:1
සුවිශේෂ	suvishesa:2	suvisesa:2	suvisesha:1	suvishesha:1
සුවිශේෂත්වය	suvisesathvaya:1	suvisesatvaya:1	suviseshatvaya:1	suvisheshathvaya:1
සුවිශේෂත්වයක්	suvisesathvayak:1	suvisesatvayak:1	suviseshatvayak:1	suvisheshathvayak:1
සුවිශේෂත්වයකි	suvisesathvayaki:1	suvisesatvayaki:1	suviseshatvayaki:1	suvisheshathvayaki:1
සුවිශේෂම	suvisesama:2	suviseshama:1	suvisheshama:1
සුවිශේෂය	suvisesaya:2	suviseshaya:1	suvisheshaya:1
සුවිශේෂි	suvisesi:2	suviseshi:1	suvisheshi:1
සුවිශේෂී	suvisheshi:4	suvisesi:2	suviseshi:1
සුවිශේෂීත්වය	suviseshitvaya:1	suvisesithvaya:1	suvisesitvaya:1	suvisheshithvaya:1
සුවිශේෂීය	suvisesiya:2	suviseshiya:1	suvisheshiya:1
සුවිසල්	suvisal:3
සුෂුම්නා	sushumna:2	susan:1	susumna:1
සුෂුම්නාව	sushumnava:2	susumnava:2
සුසංයෝගය	susamyogaya:2	susanyogaya:2
සුසංහිත	susanhitha:2	susamhita:2	susanhita:1
සුසන්ත	susantha:2	susanta:1
සුසන්තිකා	susanthika:2	susantika:1
සුසමාදර්ශය	susamadarsaya:2	susamadarshaya:1
සුසාන	susana:3
සුසිර	susira:3
සුසිල්	susil:3
සුසිලා	susila:3
සුසුම්	susum:3
සුසුම්නා	susumna:3
සුසුම්නාව	susumnava:3
සුහදශීලී	suhadasili:3
සුහුඹුල්	suhumbul:3
සුළං	sulan:6	sulam:3
සුළග	sulaga:3
සුළඟ	sulanga:3
සුළඟක්	sulangak:3
සුළඟට	sulangata:3
සුළඟේ	sulange:2	suange:1
සුළි	suli:3
සුළියක්	suliyak:3
සුළු	sulu:3
සුළුතර	suluthara:2	sulutara:1
සුළුතරය	sulutharaya:2	sulutaraya:1
සුළුතරයක්	sulutarayak:2	sulutharayak:1
සුළුතරයට	sulutharayata:2	sulutarayata:1
සුළුය	suluya:3
සුළුයි	suluyi:3
සුළුවෙන්	suluven:3
සුෆි	sufi:3
සූ	su:3
සූක්ෂම	suksama:2	sukshama:2
සූක්ෂ්ම	sukshma:2	suksma:2
සූකිරි	sukiri:3
සූත්‍ර	suthra:3	sutra:2
සූත්‍රය	suthraya:2	sutraya:2
සූත්‍රයක	suthrayaka:1	sutrayaka:1	suttarayaka:1
සූත්‍රයෙන්	soothrayen:1	suthrayen:1	sutrayen:1
සූත්‍රයෙහි	soothrayehi:1	suthrayehi:1	sutrayehi:1
සූත්‍රයේ	soothraye:1	suthraye:1	sutraye:1
සූදනම්	sudanam:2	soodanam:1
සූදානම්	sudanam:2	soodaanam:1
සූදානම්ව	soodaanamwa:1	sudanamva:1	sudanamwa:1
සූදානමින්	sudanamin:2	soodaanamin:1
සූදු	sudu:2	soodu:1
සූනියම්	sooniyam:2	suniyam:1
සූරතිස්ස	surathissa:2	suratissa:1
සූරන	surana:3
සූරසේන	surasena:2	soorasena:1
සූර්ය	soorya:1	surya:1	suryaya:1
සූර්යග්‍රහණය	suryagrahanaya:3
සූර්යය	suryaya:3
සූර්යයා	soorya:2	suryaya:3
සූර්යයාගෙන්	suryayagen:3
සූර්යයාගේ	suryayage:3
සූර්යයාට	suryayata:3
සූර්යා	surya:3
සූර්යාගෙන්	suryagen:3
සූර්යාගේ	suryage:3
සූර්යාට	suryata:3
සූර්යාලෝකය	suryalokaya:3
සූර්‍ය	surya:3
සූරා	sura:3
සූරාකමින්	surakamin:3
සූරි	suri:3
සූරිය	suriya:3
සූරියආරච්චි	sooriyaarachchi:1	suriyaarachi:1	suriyarachchi:1
සූරියකාන්ත	suriyakanta:2	suriyakantha:1
සූරියගොඩ	suriyagoda:3
සූරීන්	surin:3
සූරීන්ගේ	suringe:3
සූවස්	suvas:3
සූවිසි	suvisi:3
සූසා	susa:2	sousa:1
සෘග්	srg:3	rg:1
සෘජු	riju:3	srju:3	rju:1
සෘජුකෝණාස්‍රාකාර	srjukonasrakara:3	rjukonasrakara:1
සෘජුකෝණී	srjukoni:3	rjukoni:1
සෘජුව	rijuwa:2	srjuva:3	rjuva:1
සෘජුවම	srjuvama:3	rjuvama:1
සෘණ	srna:3	rna:1
සෘණතාව	srnatava:2	rnatava:1	srnathava:1
සෘණාත්මක	srnatmaka:2	rnatmaka:1	srnathmaka:1
සෘතු	srtu:2	rtu:1	srthu:1
සෘතුමය	irthumaya:2	srtumaya:3	rtumaya:1
සෘතුව	irthuwa:2	srtuva:3	rtuva:1
සෘතුවෙහි	srtuvehi:3	rtuvehi:1
සෘතුවේ	irthuwe:2	srtuve:3	rtuve:1
සෘෂි	rishi:1	rshi:1	srsi:1	srushi:1
සෘෂිවරයා	rishivaraya:1	rshivaraya:1	srsivaraya:1	srushivaraya:1
සෘෂිවරු	rishivaru:1	rsivaru:1	srsivaru:1	srushivaru:1
සෘෂිවරුන්	srsivarun:2	rshivarun:1	srushivarun:1
සෙ	se:3
සෙංකඩගල	senkadagala:3	semkadagala:1
සෙට්	set:3
සෙත	setha:2	seta:1
සෙත්	seth:2	set:1
සෙත්වේවා	setveva:2	sethveva:1
සෙනග	senaga:3
සෙනට්	senat:2	scent:1
සෙනරත්	senarath:6	senarat:2
සෙනවියා	senaviya:2	senawiyaa:1
සෙනවිරත්න	senavirathna:1	senaviratna:1	senevirathna:1
සෙනසුන	senasuna:3
සෙනසුරාදා	senasurada:2	senasuraadaa:1
සෙනසුරු	senasuru:3
සෙනසුරුගේ	senasuruge:3
සෙන්	sen:3
සෙන්ටර්	center:2	centre:1
සෙන්ට්	sent:3	scent:1
සෙන්ට්‍රල්	central:3
සෙන්ටි	senti:2	sent:1
සෙන්ටිමීටර	centimetera:1	sentimeetara:1	sentimeetera:1	sentimitara:1
සෙන්පති	senpathi:2	senpati:1
සෙන්පතියකු	senpathiyaku:2	senpatiyaku:1
සෙන්පතියා	senpathiya:1	senpathiyaa:1	senpatiya:1
සෙන්පතියෙකු	senpathiyeku:2	senpatiyeku:1
සෙනෙගල්	senegal:3
සෙනෙට්	senet:2	senate:1
සෙනෙවියන්	seneviyan:3
සෙනෙවියා	seneviya:3
සෙනෙවිරත්න	senevirathna:2	seneviratna:1
සෙනෙහස	senehasa:3
සෙනෙහසක්	senehasak:3
සෙනෙහසින්	senehasin:3
සෙනෙහෙබර	senehebara:3
සෙබඩ	sebada:3
සෙබඩුන්	sebadun:3
සෙබලු	sebalu:3
සෙබලුන්	sebalun:3
සෙබලුන්ගේ	sebalunge:3
සෙබලුන්ට	sebalunta:3
සෙබස්තියන්	sebastiyan:2	sebasthian:1	sebasthiyan:1	sebastian:1
සෙබළ	sebala:3
සෙබළකු	sebalaku:3
සෙබළු	sebalu:3
සෙබළුන්	sebalun:3
සෙබළුන්ට	sebalunta:3
සෙබළෙකුට	sebalekuta:2	sebelekuta:1
සෙම	sema:3
සෙමින්	semin:3
සෙමිනි	semini:3
සෙමෙන්	semen:3
සෙයින්	seyin:2	zain:1
සෙරමික්	ceramic:2	seramic:1
සෙරීනා	serina:3	sereena:1
සෙලවීම	selavima:3
සෙලවෙන	selavena:3
සෙල්	cell:1	sale:1	sel:1
සෙල්ලමකි	sellamaki:3
සෙල්ලමට	sellamata:3
සෙල්ලම්	sellam:3
සෙල්ලිපි	sellipi:3
සෙල්ලිපිය	sellipiya:3
සෙල්ලිපියක්	sellipiyak:3
සෙල්ලිපියෙන්	sellipiyen:3
සෙල්ලිපියෙහි	sellipiyehi:3
සෙල්වරාජ්	selvaraj:3
සෙල්සියස්	celsius:2	selsiyas:1
සෙලියුලෝස්	cellulose:2	seliyulos:1
සෙලීනා	celina:1	seleena:1	selina:1
සෙවණ	sevana:2	sevena:1
සෙවණේ	sevane:3
සෙවන	sevana:3
සෙවන්	sevan:1	seven:1	sewan:1
සෙවිය	seviya:3
සෙවිලි	sevili:3
සෙවීම	sevima:2	seveema:1
සෙවීමට	sevimata:2	seveemata:1
සෙවීමත්	seveemath:1	sevimat:1	sevimath:1
සෙවීමයි	sevimayi:2	seveemai:1
සෙවීම්	sevim:2	seveem:1
සෙවීමේ	sevime:2	seveeme:1
සෙවුම	sevuma:2	sewuma:1
සෙවුම්	sevum:2	sewum:1
සෙවේරුස්	severus:2	sewerus:1
සෙසමි	sesami:2	sesamin:1
සෙස්ෂුගේ	sesshuge:2	sessuge:1
සෙස්සන්	sessan:3
සෙසු	sesu:3
සේ	se:2	say:1
සේක	seka:3
සේකර	sekara:3
සේතු	sethu:2	setu:1
සේතුං	sethun:1	sethung:1	setun:1
සේතුව	sethuva:1	sethuwa:1	setuva:1
සේද	seda:3
සේදී	sedi:2	sedee:1
සේදීම	sedima:2	sedeema:1
සේදීමට	sedimata:2	sedeemata:1
සේදීමෙන්	sedimen:2	sedeemen:1
සේදීමේ	sedime:2	sedeeme:1
සේන	sena:3
සේනක	senaka:3
සේන්දු	sendu:3
සේනා	sena:3
සේනාංක	senankaya:2	senanka:1
සේනාංකය	senankaya:3
සේනාංකයේ	senankaye:2	senamkaye:1
සේනාධිනායක	senadhinayaka:3
සේනාධිපති	senadhipathi:2	senadhipati:1
සේනාධීර	senadheera:2	senadhira:1
සේනානායක	senanayaka:3
සේනානායකට	senanayakata:3
සේනානි	senani:3
සේනාපති	senapathi:2	senapati:1
සේනාරත්න	senarathna:2	senaratna:1
සේනාව	senava:3
සේනාවක්	senavak:3
සේනාවට	senavata:3
සේනාවද	senavada:3
සේනාවන්	senavan:3
සේනාවේ	senave:3
සේනාසනය	senasanaya:3
සේනාසනයට	senasanayata:3
සේනාසනයේ	senasanaye:3
සේම	sema:3
සේය	seya:3
සේයා	seya:3
සේයාපට	seyapata:3
සේයාපටය	seyapataya:3
සේරම්	seram:3
සේවක	sevaka:3
සේවකයකු	sevakayaku:3
සේවකයන්	sevakayan:2	sewakayan:1
සේවකයන්ගේ	sevakayange:2	sewakayange:1
සේවකයන්ට	sevakayanta:2	sewakayanta:1
සේවකයා	sevakaya:2	sewakaya:1
සේවකයාගේ	sevakayage:2	sewakayage:1
සේවකයාට	sevakayata:2	sewakayata:1
සේවකයින්	sevakayin:2	sewakayin:1
සේවකයින්ගේ	sevakayinge:2	sewakayinge:1
සේවකයෙක්	sevakayek:2	sewakayek:1
සේවකයෙකු	sevakayeku:2	sewakayeku:1
සේවකයෝ	sevakayo:2	sewakayo:1
සේවනය	sevanaya:2	sewanaya:1
සේවය	sewaya:9	sevaya:2
සේවයක්	sevayak:2	sewayak:1
සේවයට	sevayata:2	sewayata:1
සේවයයි	sevayayi:2	sewayay:1
සේවයෙන්	sewayen:2	sevayen:2
සේවයෙහි	sewayehi:2	sevayehi:2
සේවයේ	sewaye:2	sevaye:2
සේවා	sewa:10	seva:2
සේවාදායක	sevadayaka:2	sewadayaka:1
සේවාදායකය	sevadayakaya:2	sewadayakaya:1
සේවාදායකයාගේ	sevadayakayage:2	sewadayakayage:1
සේවාදායකයින්	sevadayakayin:2	sewadayakayin:1
සේවාලාභියා	sevalabhiya:2	sewalabhiya:1
සේවාව	sewawa:3	sevava:2
සේවාවක	sevavaka:2	sewawaka:1
සේවාවක්	sewawak:2	sevavak:2
සේවාවන්	sewawan:2	sevavan:2
සේවාවන්ට	sevavanta:2	sewawanta:1
සේවාවන්ද	sevavanda:2	sewawanda:1
සේවාවන්හි	sevavanhi:2	sewawanhi:1
සේවාවයි	sevavayi:2	sewawai:1
සේවාවල	sevavala:2	sewawala:1
සේවාවෙහි	sevavehi:2	sewawehi:1
සේවාවේ	sevave:2	sewawe:1
සේවිකාව	sevikava:2	sevikawa:1
සේවිකාවක්	sevikavak:2	sevikawak:1
සේවිකාවකි	sevikavaki:2	sevikawaki:1
සේවිකාවන්	sevikavan:2	sevikawan:1
සේවිකාවන්ද	sevikavanda:2	sevikawanda:1
සේවියර්	seviyar:2	saviour:1
සෛද්ධාන්තික	saiddhantika:2	saiyddhanthika:1
සෛද්ධාන්තිකව	saiddhantikava:2	saiddhanthikawa:1
සෛල	saila:3
සෛලය	sailaya:3
සෛලයක	sailayaka:3
සෛලයකට	sailayakata:3
සෛලයක්	sailayak:3
සෛලයට	sailayata:3
සෛලයේ	sailaye:3
සෛලවල	sailavala:2	sailawala:1
සෛලවලට	sailavalata:2	sailawalata:1
සෛලවලින්	sailavalin:2	sailawalin:1
සෛලික	sailika:3
සෛලීය	sailiya:2	saileeya:1
සොං	som:2	song:1
සොකරි	sokari:2	sokery:1
සොච්චම්	sochcham:2	soccam:1
සොටු	sotu:3
සොඬ	sonda:3
සොඳ	sonda:3
සොඳුරු	sonduru:3
සොබාදහම	sobadahama:3
සොබාදහමට	sobadahamata:3
සොබාදහමේ	sobadahame:3
සොමී	somi:2	somee:1
සොයති	soyathi:2	soyati:1
සොයන	soyana:3
සොයන්නට	soyannata:3
සොයන්නේ	soyanne:3
සොයමින්	soyamin:3
සොයා	soya:3
සොයාගත	soyagatha:2	soyagata:1
සොයාගත්	soyagath:2	soyagat:1
සොයාගත්තේ	soyagaththe:2	soyagatthe:1
සොයාගන්න	soyaganna:3
සොයාගන්නා	soyaganna:3
සොයාගනු	soyaganu:3
සොයිසා	soyisa:2	soisa:1	soysa:1
සොයුරන්	soyuran:3
සොයුරා	soyura:3
සොයුරාගේ	soyurage:3
සොයුරාට	soyurata:3
සොයුරිය	soyuriya:3
සොයුරියක්	soyuriyak:3
සොයුරියගේ	soyuriyage:3
සොයුරියට	soyuriyata:3
සොයුරියන්	soyuriyan:3
සොයුරු	soyuru:3
සොර	sora:3
සොරකම	sorakama:3
සොරකම්	sorakam:3
සොරබොර	sorabora:3
සොරා	sora:3
සොරාගෙන	soragena:3
සොරු	soru:3
සොරුන්	sorun:3
සොරුන්ගේ	sorunge:3
සොරෙක්	sorek:3
සොරොව්	sorov:3
සොරොව්ව	sorovva:3
සොරොව්වේ	sorovve:3
සොලමන්	solaman:2	solomon:1
සොලවමින්	solavamin:3
සොල්දාදුවන්	soldaduwan:2	soldaduvan:3
සොල්දාදුවන්ට	soldaduvanta:2	soldaduwanta:1
සොල්දාදුවෙකු	soldaduveku:2	soldaduweku:1
සොල්දාදුවෝ	soldaduvo:2	soldaduwo:1
සොලිසිටර්	solisitar:2	solositar:1
සොලොස්	solos:3
සොවියට්	soviyat:2	sowiyat:1
සොසේජස්	sosejas:2	sausages:1
සොහායුරු	sohayuru:2	sohoyuru:1
සොහොන	sohona:3
සොහොන්	sohon:3
සොහොන්ගෙය	sohongeya:3
සොහොනෙහි	sohonehi:3
සොහොයුරන්	sohoyuran:3
සොහොයුරන්ගේ	sohoyurange:3
සොහොයුරා	sohoyura:3
සොහොයුරාගේ	sohoyurage:3
සොහොයුරාට	sohoyurata:3
සොහොයුරාය	sohoyuraya:3
සොහොයුරිය	sohoyuriya:3
සොහොයුරියක	sohoyuriyaka:3
සොහොයුරියක්	sohoyuriyak:3
සොහොයුරියන්	sohoyuriyan:3
සොහොයුරියයි	sohoyuriyayi:2	sohoyuriyai:1
සොහොයුරු	sohoyuru:3
සොහොයුරෙක්	sohoyurek:3
සොහොයුරෙකු	sohoyureku:3
සොළී	soli:2	solee:1
සොළොස්	solos:3
සොළොස්මස්ථාන	solosmasthana:3
සොළොස්මස්ථානය	solosmasthanaya:3
සෝ	so:4	saw:1
සෝක	soka:3
සෝකෝ	soko:3
සෝඩා	soda:3
සෝඩියම්	sodium:3	sodiyam:1
සෝදන	sodana:2	sodhana:1
සෝදා	soda:3	sodha:1
සෝදිසි	sodisi:3	sodhisi:1
සෝනාර්	sonar:3
සෝනි	soni:2	sony:2
සෝනියා	soniya:2	sonia:1
සෝනු	sonu:3
සෝප්	soap:2	sop:2
සෝබන	sobana:3
සෝභන	sobhana:2	sobana:1
සෝභිත	sobhita:1	sobhitha:1	sobita:1
සෝම	soma:3
සෝමදාස	somadasa:2	somadaasa:1
සෝමපාල	somapala:2	somapaala:1
සෝමපුර	somapura:3
සෝමරතන	somarathana:2	somaratana:1
සෝමලතා	somalatha:2	somalata:1
සෝමවීර	somaweera:2	somaveera:1	somavira:1
සෝමසිරි	somasiri:3
සෝමා	soma:2	somaa:1
සෝමාලි	somali:3
සෝමාලියා	somaaliyaa:1	somalia:1	somaliya:1
සෝමාලියාවෙහි	somaaliyaavehi:1	somaaliyawehi:1	somaliavehi:1	somaliyavehi:1
සෝමාවතී	somaavati:1	somaawati:1	somavathi:1	somawathi:1
සෝයා	soya:3
සෝයාබෝංචි	soyaabonchi:1	soyabomci:1	soyabonchi:1
සෝරත	soratha:2	sorata:1
සෝල්	seoul:5	sol:2	soul:1
සෝල්බරි	solbari:2	solbary:1
සෝලියස්	solius:1	soliyas:1	soliyes:1
සෝවාන්	sovan:2	sovaan:1	sowaan:1
සෝවියට්	soviet:2	soviyat:2
සෝවියෙට්	soviyet:2	soviet:1
සෝස්	sos:2	sauce:1
සෞඛ්ය	saukhya:1	saukya:1	seukhya:1
සෞඛ්‍ය	saukya:4	saukhya:1	savukhya:1
සෞඛ්‍යය	saukhayaya:1	saukhyaya:1	saukya:1
සෞඛ්‍යයට	saukhayata:1	saukhyayata:1	saukyata:1
සෞඛ්‍යයේ	saukhayaye:1	saukhyaye:1	saukye:1
සෞඛ්‍යසම්පන්න	saukhayasampanna:1	saukhyasampanna:1	saukyasampanna:1
සෞඛ්‍යාරක්ෂිත	saukhayarakshitha:1	saukhyaraksita:1	saukyaarakshita:1
සෞදි	saudi:3
සෞන්දර්ය	saundarya:3
සෞන්දර්යය	saundaryaya:2	saudaryaya:1
සෞන්දර්යාත්මක	saudaryaatmaka:1	saundaryathmaka:1	saundaryatmaka:1
සෞන්දර්යාත්මකව	saundaryaatmakava:1	saundaryathmakava:1	saundaryatmakava:1
සෞභාග්‍ය	saubaagya:1	saubhagaya:1	saubhagya:1
සෞභාග්‍යමත්	saubaagyamat:1	saubhagayamath:1	saubhagyamat:1
සෞභාග්‍යය	saubaagya:1	saubhagayaya:1	saubhagyaya:1
සෞභාග්‍යයෙන්	saubaagyen:1	saubhagayayen:1	saubhagyayen:1
සෞම්‍ය	saumya:3
සෞර	saura:3
සෞරග්‍රහ	sauragraha:3
හං	han:2	ham:1
හංගේරියානු	hangeriyaanu:1	hangeriyanu:1	hungarianyanu:1
හංගේරියාව	hangeriyaava:1	hangeriyaawa:1	hangeriyava:1	hungaryva:1
හංදිය	handiya:2	hamdiya:1
හංවැල්ල	hanwella:2	hanvaella:1
හංස	hansa:2	hamsa:1
හංසයන්	hansayan:2	hamsayan:1
හංසයා	hamsaya:1	hansaya:1	hansayaa:1
හංසිකා	hansika:2	hansikaa:1
හක්	hak:3
හක්ගල	hakgala:2	haggala:1
හක්මණ	hakmana:3
හක්මන	hakmana:3
හකි	haki:3
හකු	haku:3
හකුරු	hakuru:3
හකුළුවා	hakuluva:2	hakuluwaa:1
හග්ගල	haggala:3
හඞ	handa:2	hana:1
හඟවන	hangavana:3	hangawana:1
හඟවයි	hangavayi:2	hangawaai:1	hangawayi:1
හඟවා	hangava:2	hangavaa:1	hangawaa:1
හඟුරන්කෙත	hanguranketha:2	hanguranketa:1
හජ්	haj:2	hajj:1
හට	hata:3
හටගත	hatagata:2	hatagatha:1
හටගත්	hatagat:2	hatagath:1
හටගත්තේ	hatagatte:2	hatagaththe:1
හටගන්නවා	hatagannava:2	hatagannavaa:1	hatagannawaa:1
හටගන්නා	hataganna:2	hataganaa:1
හටගන්නේ	hataganne:3
හටගනියි	hataganiyi:2	hataganayi:1	hataganiaai:1
හටගනී	hatagani:2	hataganee:1
හටගෙන	hatagena:3
හටත්	hatat:2	hatath:1
හටද	hatada:3
හටන	hatana:3
හටය	hataya:3
හටයි	hatayi:3	hataai:1
හඩ	hada:3
හඩක්	hadak:3
හඩ්සන්	hudson:3
හඩින්	hadin:3
හණ	hana:3
හඬ	handa:3
හඬකවා	handakava:2	handakavaa:1	handakawaa:1
හඬක්	hadak:2	handak:3
හඬනු	handanu:3
හඬපට	handapata:3
හඬවල්	handaval:3	handawal:1
හඬා	handa:2	handaa:1
හඬින්	handin:3
හත	hatha:2	hata:1
හතක	hathaka:2	hataka:1
හතකට	hathakata:2	hatakata:1
හතක්	hathak:2	hatak:1
හතකි	hathaki:2	hataki:1
හතකින්	hathakin:2	hatakin:1
හතර	hathara:2	hatara:1
හතරක	hatharaka:2	hataraka:1
හතරකට	hatharakata:2	hatarakata:1
හතරකදී	hatharakadi:2	hatarakadee:1
හතරක්	hatharak:2	hatarak:1
හතරකි	hatharaki:2	hataraki:1
හතරකින්	hatharakin:2	hatarakin:1
හතරට	hatharata:2	hatarata:1
හතරත්	hatarat:1	hatharat:1	hatharath:1
හතරදෙනා	hatharadena:2	hataradenaa:1
හතරවන	hatharavana:2	hataravana:1	hatarawana:1
හතරෙන්	hatharen:2	hataren:1
හතරේ	hathare:2	hatare:1
හතලිස්	hathalis:2	hatalis:1
හතලිහක්	hathalihak:2	hatalihak:1
හතළිස්	hathalis:2	hatalis:1
හත්	hath:2	hat:1
හත්තොටුවේගම	haththotuvegama:1	hattotuvegama:1	hattotuwegama:1
හත්ථිකුච්චි	haththikuchchi:1	hatthikuchchi:1	hattikuchchi:1
හත්පත්තුව	hathpaththuva:1	hatpattuva:1	hatpattuwa:1
හත්පත්තුවේ	hathpaththuve:1	hatpattuve:1	hattpattuwe:1
හත්වන	hatvana:2	hathvana:1	hatwana:1
හත්සිය	hathsiya:2	ahtsiya:1
හතිය	hathiya:2	hatiya:1
හතු	hathu:2	hatu:1
හතුරා	hathura:2	hatura:1
හතුරු	hathuru:2	haturu:1
හතෙන්	hathen:2	haten:1
හතෙහි	hathehi:2	hatehi:1
හතේදී	hathedi:2	hatedi:1
හද	hada:3
හදන	hadana:3
හදන්න	hadanna:3
හදන්නේ	hadanne:3
හදපානාගල	hadapanagala:3
හදපු	hadapu:3
හදමින්	hadamin:3
හදවත	hadavatha:3
හදවත්	hadavath:3
හදා	hada:3
හදාගත්	hadagath:3
හදාගන්න	hadaganna:3
හදාගෙන	hadagena:3
හදාරණ	hadarana:3
හදාරන	hadarana:3
හදාරනු	hadaranu:3
හදාරයි	hadarayi:3
හදාරා	hadara:3
හදාවඩා	hadawada:2	hadavada:3
හදින්	hadin:3
හදිසි	hadisi:3
හදිසියෙන්	hadisiyen:3
හදිසියේ	hadisiye:3
හදිසියේම	hadisiyema:3
හදීස්	hadis:3
හදුන්	hadun:3
හදුන්වති	hadunvathi:3
හදුන්වන	handunwana:3	hadunvana:3
හදුන්වනු	handunwanu:4	hadunvanu:3
හදුන්වයි	handunwai:5	hadunvayi:3
හදුන්වා	handunwa:4	hadunva:3
හදුන්වාදීමට	hadunvadimata:3
හදුනාගත	hadunagatha:3
හදුනාගන්නා	hadunaganna:3
හදුනාගෙන	handunagena:2	hadunagena:3
හනසු	hanasu:3
හන්	han:3
හන්ගර්	hunger:3
හන්ග්	hang:3
හන්ගේරියානු	hangeriyaanu:1	hangeriyanu:1	hungarianu:1
හන්ගේරියාව	hangeriyava:2	hangeriyaava:1	hangeriyaawa:1
හන්ටර්	hunter:3
හන්තාන	hanthana:2	hantana:1
හන්දි	handi:3
හන්දිය	handiya:3
හන්දියෙන්	handiyen:3
හන්දියේ	handiye:3
හනි	hani:2	honey:1
හනුමා	hanuma:2	hanumaa:1
හනුමාන්	hanuman:2	hanumaan:1
හනුවේ	hanuve:3	hanuwe:1
හඳ	handa:3
හඳමාමා	handamama:2	handamaamaa:1
හඳුනන	handunana:3
හඳුනන්නේ	handunanne:3
හඳුන්	handun:3
හඳුන්කූරු	handunkuru:2	handunkooru:1
හඳුන්වන	handunwana:5	handunvana:3
හඳුන්වන්න	handunvanna:3	handunwanna:1
හඳුන්වන්නේ	handunwanne:2	handunvanne:3
හඳුන්වනු	handunwanu:5	handunvanu:3
හඳුන්වනුයේ	handunvanuye:3	handunwanuye:1
හඳුන්වමින්	handunvamin:3	handunwamin:1
හඳුන්වයි	handunwai:11	handunvayi:3	handunvaai:1	handunwaai:1
හඳුන්වා	handunwa:5	handunva:2	handunwaa:1
හඳුන්වාදී	handunvadi:2	handunwaadee:1
හඳුන්වාදීම	handunvadima:2	handuwaadeema:1
හඳුන්වාදීමට	handunvadimata:2	handuwaadeemata:1
හඳුන්වාදීමත්	handunvadimath:2	handunvaadeemat:1	handunwaadeemat:1
හඳුන්වාදීමෙන්	handunvadimen:2	handunvaadeemen:1	handuwaadeemen:1
හඳුන්වාදුන්	handunvadun:2	handunvaadun:1	handunwaadun:1
හඳුන්වාදුන්නේ	handunvadunne:2	handunvaadunne:1	handunwaadunne:1
හඳුන්වාදෙන	handunvadena:2	handunvaadena:1	handuwaadena:1
හඳුනා	handuna:3
හඳුනාගත	handunagatha:2	handunaagata:1
හඳුනාගත්	handunagath:2	handunaagat:1
හඳුනාගත්තේ	handunagaththe:2	handunaagatte:1
හඳුනාගන්නා	handunaganna:2	handunaaganaa:1
හඳුනාගන්නේ	handunaganne:2	handunaaganne:1
හඳුනාගනිමින්	handunaganimin:2	handunaaganimin:1
හඳුනාගනී	handunagani:2	handunaaganee:1
හඳුනාගනු	handunaganu:2	handunaaganu:1
හඳුනාගෙන	handunagena:2	handunaagena:1
හඳුනානොගත්	handunanogath:2	handunaanogat:1
හපන්කම්	hapankam:3
හපයා	hapaya:2	hapayaa:1
හපුතලේ	haputale:3
හබ	haba:3
හබන්	haban:3
හබරණ	habarana:3
හබරල	habarala:3
හබල්	habal:2	hubble:1
හම	hama:3
හමන	hamana:3
හම්	ham:2	hum:1
හම්ප්‍රි	hampri:2	humphry:1
හම්බන්තොට	hambanthota:2	hambantota:2
හමා	hama:3
හමායන	hamayana:3
හමාර	hamara:3
හමාරක්	hamarak:3
හමාරය	hamaraya:3
හමාස්	hamas:3
හමීඩ්	hameed:2	hamid:1
හමු	hamu:3
හමුදා	hamuda:3
හමුදාපති	hamudapathi:3
හමුදාමය	hamudamaya:3
හමුදාව	hamudawa:11	hamudava:2
හමුදාවක	hamudavaka:2	hamudawaka:1
හමුදාවක්	hamudavak:2	hamudawak:1
හමුදාවට	hamudawata:2	hamudavata:2
හමුදාවන්	hamudawan:2	hamudavan:2
හමුදාවන්ගේ	hamudavange:2	hamudawange:1
හමුදාවන්ට	hamudawantha:2	hamudavanta:2	hamudawanta:1
හමුදාවන්හි	hamudavanhi:2	hamudawanhi:1
හමුදාවන්හී	hamudavanhi:2	hamudawanhee:1
හමුදාවම	hamudavama:2	hamudawama:1
හමුදාවල	hamudavala:2	hamudawala:1
හමුදාවලට	hamudavalata:2	hamudawalata:1
හමුදාවෙන්	hamudaven:2	hamudawen:1
හමුදාවෙහි	hamudavehi:2	hamudawehi:1
හමුදාවේ	hamudave:2	hamudawe:1
හමුනොවන	hamunovana:2	hamunowana:1
හමුරාබි	hammurabi:2	hamurabi:1
හමුව	hamuva:2	hamuwa:1
හමුවට	hamuvata:2	hamuwata:1
හමුවන	hamuwana:5	hamuvana:2
හමුවන්නට	hamuvannata:2	hamuwannata:1
හමුවන්නේ	hamuvanne:2	hamuwanne:1
හමුවනු	hamuvanu:2	hamuwanu:1
හමුවිය	hamuwiya:2	hamuviya:2
හමුවී	hamuvi:2	hamuwee:1
හමුවීම	hamuvima:2	hamuweema:1
හමුවීමක්	hamuvimak:2	hamuweemak:1
හමුවීමට	hamuvimata:2	hamuweemata:1
හමුවීමයි	hamuvimayi:2	hamuweemai:1
හමුවීම්	hamuvim:2	hamuweem:1
හමුවීමෙන්	hamuvimen:2	hamuweemen:1
හමුවු	hamuvu:3
හමුවූ	hamuvu:3
හමුවූයේ	hamuvuye:3
හමුවෙනවා	hamuvenava:2	hamuwenawa:1
හමුවෙයි	hamuveyi:2	hamuwei:1
හමුවෙලා	hamuvela:2	hamuwela:1
හමුවේ	hamuwe:9	hamuve:2
හමුවේදී	hamuvedi:2	hamuwedee:1
හඹා	hamba:2	haba:1
හය	haya:3
හයක	hayaka:3
හයකට	hayakata:3
හයක්	hayak:3
හයකින්	hayakin:3
හයට	hayata:3
හයම	hayama:3
හයවන	hayavana:2	hayawana:1
හයසින්ත්	hayasinth:2	hyacinth:1
හයි	hayi:1	hi:1	high:1
හයිටි	hayiti:1	hightea:1	hitra:1	hyti:1
හයිඩ්	hide:2	hyde:1
හයිඩ්රජන්	hydrogen:3
හයිඩ්‍රජන්	hydrogen:3
හයිඩ්‍රා	hayidra:2	hidra:1	hydra:1
හයිඩ්‍රොක්ලෝරික්	hydrochloric:3
හයිඩ්‍රොක්සයිඩ්	hydroxide:3
හයිඩ්‍රොකාබන	hayidrokabana:1	hydrocarbon:1	hydrocarbona:1
හයිඩ්‍රොකාබන්	hydrocarbon:2	hydrocaban:1
හයිය	hayiya:2	hiya:1
හයිලන්ඞ්	hayilann:1	highland:1	hiland:1
හයිලෙවල්	highlevel:3
හයෙන්	hayen:3
හයේ	haye:3
හර	hara:3
හරක්	harak:3
හරකා	haraka:3
හරණය	haranaya:3
හරප්පන්	harappan:3
හරප්පා	harappa:3
හරමානිස්	haramanis:3
හරඹ	haramba:2	harabaya:1
හරඹයන්	harambayan:2	harabayan:1
හරය	haraya:3
හරයක්	harayak:3
හරයකින්	harayakin:3
හරයට	harayata:3
හරවත්	haravath:3
හරවන	haravana:3
හරවා	harawa:2	harava:3
හරවාගත්	haravagath:3
හරසරින්	harasarin:3
හරස්	haras:3
හරස්කඩ	haraskada:3
හරහට	harahata:3
හරහා	haraha:3
හරහාය	harahaya:3
හරහායි	harahayi:2	harahai:1
හර්ට්ස්	harts:1	hearts:1	hertz:1
හර්තාලය	harthalaya:3
හර්බජන්	harbajan:3
හර්බජාන්	harbajan:3
හර්බජාන්ට	harbajanta:3
හර්බට්	harbat:1	harbet:1	herbert:1
හර්මන්	harman:3
හර්ෂ	harsha:3
හරාත්මක	harathmaka:3
හරාම්	haram:3
හරි	hari:3
හරිත	haritha:2	harita:1
හරිතලව	harithalava:2	haritalava:1	haritalawa:1
හරිතාගාර	harithagara:2	haritaagaara:1
හරිතාගාරය	harithagaraya:2	haritaagaaraya:1
හරිතාගාරයක්	harithagarayak:2	haritaagaarayak:1
හරින	harina:3
හරින්ද්‍ර	harindra:3
හරින්න	harinna:3
හරිනු	harinu:3
හරිම	harima:3
හරිමින්	harimin:3
හරිය	hariya:3
හරියක්	hariyak:3
හරියට	hariyata:3
හරියටම	hariyatama:3
හරියි	hariyi:2	hariai:1
හරිශ්චන්ද්‍ර	harishchandra:2	harischandra:1
හරී	hari:2	haree:1
හල	hala:3
හලක	halaka:3
හලක්	halak:3
හල්	hal:3
හල්දුම්මුල්ල	haldummulla:3
හල්පිට	halpita:3
හල්මිල්ල	halmilla:3
හලා	hala:3
හලාල්	halal:3
හලාවත	halawatha:2	halavatha:1
හවර්	havar:2	hour:1
හවස්	havas:2	hawas:1
හවානා	havana:2	hawana:1
හවායි	havayi:2	hawai:1
හවුල	havula:3
හවුලන්ඩ්	havuland:2	howland:1
හවුල්	hawul:4	havul:2
හවුල්කරුවන්	havulkaruvan:2	hawulkaruwan:1
හවුල්කරුවෙකු	havulkaruveku:2	hawulkaruweku:1
හවුල්කාරීත්වය	havulkaareetwaya:1	havulkarithvaya:1	havulkaritvaya:1	hawulkaareetwaya:1
හවුලෙහි	havulehi:2	howulehi:1
හවුලේ	havule:2	howule:1
හවුස්	havus:2	house:1
හෂිනි	hashini:3
හසන්	hasan:2	hassan:1
හසර	hasara:3
හසල	hasala:3
හස්ඩ්රුබල්	hasdrubal:2	husdrubal:1
හස්ත	hasta:2	hastha:1
හස්තය	hasthaya:2	hastaya:1
හස්ති	hasthi:3
හස්තියා	hasthiya:2	hastiya:1
හස්තියාට	hasthiyata:2	hastiyata:1
හස්තීන්	hastheen:1	hasthin:1	hastin:1
හස්තීන්ගේ	hastheenge:1	hasthinge:1	hastinge:1
හසිත	hasitha:3
හසු	hasu:3
හසුරවනු	hasuravanu:2	hasurawanu:1
හසුරුවන	hasuruvana:2	hasurawana:1
හසුරුවා	hasuruva:2	hasueuwaa:1	hasuruvaa:1
හසුවන	hasuvana:3	hasuwana:1
හසුවිය	hasuviya:3	hasuwiya:1
හසුවීම	hasuvima:2	hasuveema:1	hasuweema:1
හසුවූ	hasuvu:3	hasuwu:1
හා	ha:3
හාට්	hat:2	heart:1
හාඩි	hadi:2	hardy:1
හාත්පස	hathpasa:2	haatpasa:1
හාත්පසින්	haatpasin:1	hathpasa:1	hathpasin:1
හාත්පසින්ම	hathpasinma:2	haatpasinma:1
හාන්ස්	hans:3
හාන්සි	hansi:2	haansi:1
හානි	hani:2	haani:1
හානිකර	hanikara:2	haanikara:1
හානිදායක	hanidayaka:2	haanidaayaka:1
හානිපූරණය	hanipuranaya:2	haanipuranaya:1
හානිය	haniya:2	haaniya:1
හානියක්	haniyak:2	haaniyak:1
හානියට	haniyata:2	haaniyata:1
හානියෙන්	haniyen:2	haaniyen:1
හානියේ	haniye:2	haaniye:1
හානිවන	hanivana:3	haaniwana:1
හානිවලට	hanivalata:2	haanivalata:1	haaniwalata:1
හානිවලින්	hanivalin:2	haanivalin:1	haaniwalin:1
හානිවීම	hanivima:2	haaniveema:1	haaniweema:1
හාම්පුතා	hamputha:2	haamputa:1
හාම්පුතුන්ගේ	hamputhunge:2	haamputaage:1
හාමිනේ	hamine:2	haamine:1
හාමු	hamu:2	haamu:1
හාමුදුරුවන්	hamuduruvan:2	haamuduruvan:1	haamuduruwan:1
හාමුදුරුවන්ගේ	hamuduruvange:2	haamuduruvange:1	haamuduruwange:1
හාමුදුරුවෝ	hamuduruvo:2	haamuduruvo:1	haamuduruwo:1
හායන	hayana:2	haayana:1
හායනය	hayanaya:2	haayanaya:1
හාරන	harana:2	haarana:1
හාරසිය	harasiya:2	haarasiya:1
හාර්වර්ඩ්	harvard:2	howard:1
හාරා	hara:2	haaraa:1
හාරිස්පත්තුව	haarispattuwa:1	harispaththuva:1	harispaththuwa:1
හාල්	hal:2	haal:1
හාල්දඬුවන	haldanduvana:2	haldaduwana:1
හාවඩ්	havad:2	haward:1	howard:1
හාවර්ඩ්	havard:2	haward:1	howard:1
හාවා	hava:2	hawa:1
හාවී	havi:2	hawee:1
හාස්‍ය	hasya:2	haasya:2
හාස්‍යමය	haasyamaya:2	hasyamaya:1
හාස්‍යයක්	haasyayak:2	hasyayak:2
හාස්‍යයට	haasyayata:2	hasyayata:1
හැංගුවා	haenguwaa:2	haenguvaa:1
හැකර්	hacker:3	haekar:1
හැකිබව	haekibava:2	haekibawa:1
හැකියයි	haekiyaai:1	haekiyai:1	haekiyayi:1
හැකියාව	hekiyawa:16	haekiyaava:1	haekiyaawa:1	haekiyava:1
හැකියාවක්	hekiyawak:4	haekiyaavak:1	haekiyaawak:1	haekiyavak:1
හැකියාවක්ද	haekiyaavakda:1	haekiyaawakda:1	haekiyavakda:1
හැකියාවකි	haekiyaavaki:1	haekiyaawaki:1	haekiyavaki:1
හැකියාවකින්	haekiyaavakin:1	haekiyaawakin:1	haekiyavakin:1
හැකියාවට	haekiyaavata:1	haekiyaawata:1	haekiyavata:1
හැකියාවත්	haekiyaavat:1	haekiyaawat:1	haekiyavath:1
හැකියාවද	haekiyaavada:1	haekiyavada:1	heakiyaawada:1
හැටන්	hatton:3
හැරි	harry:2	haeri:1
හැරියට්	harriot:3	haeriyat:1
හැරිසන්	harrison:2	haerisan:1
හැරිස්	harris:2	haeris:1
හි	hi:3
හිංසන	himsana:3	hinsana:1
හිංසනය	himsanaya:3	hinsanaya:1
හිංසා	himsa:3	hinsa:1
හිංසාව	himsava:3	hinsava:1
හිංසාවක්	himsavak:3	hinsavak:1
හිංසාවට	himsavata:3	hinsavata:1
හිංසාවන්ට	himsavanta:3	hinsavanta:1
හික්කඩුව	hikkaduwa:2	hikkaduva:1
හික්කඩුවේ	hikkaduve:2	hikkaduwa:1
හිඟ	hinga:3
හිඟකම	hingakama:3
හිඟය	hingaya:2	higaya:1
හිඟයක්	hingayak:2	higayak:1
හිඟයට	hingayata:2	higayata:1
හිඟුරක්ගොඩ	hingurakgoda:2	higurakgoda:1
හිටපු	hitapu:3
හිට්ලර්	hitler:2	hitlar:1
හිට්ලර්ගේ	hitlarge:2	hitlerge:1
හිට්ලර්ට	hitlerta:2	hitlarta:1
හිටාචි	hitachi:3
හිටි	hiti:3
හිටියට	hitiyata:3
හිටියත්	hitiyat:2	hitiyath:1
හිටියා	hitiya:3
හිටියේ	hitiye:3
හිත	hitha:2	hita:1
හිතකර	hithakara:2	hitakara:1
හිතක්	hithak:2	hitak:1
හිතකාමි	hithakami:2	hitakami:1
හිතකාමී	hithakami:2	hitakami:1
හිතට	hithata:2	hitata:1
හිතන	hithana:2	hitana:1
හිතන්න	hithanna:2	hitanna:1
හිතන්නේ	hithanne:2	hitanne:1
හිතමිතුරන්	hithamithuran:2	hitamituran:1
හිතවතකු	hithavathaku:2	hitavataku:1
හිතවත්	hitavat:1	hithavat:1	hithavath:1
හිතවාදී	hithavadi:2	hitavadi:1
හිතසුව	hithasuva:2	hitasuva:1
හිත්	hith:2	hit:1
හිතාගන්න	hithaganna:2	hitaganna:1
හිතාගෙන	hithagena:2	hitagena:1
හිතාමතාම	hithamathama:2	hitamatama:1
හිතුණා	hithuna:2	hituna:1
හිතුවක්කාර	hithuvakkara:2	hituvakkara:1
හිතෙන්නෙ	hithenne:2	hitenne:1
හිතේ	hithe:2	hite:1
හිතෛෂී	hitaisi:2	hitaishi:1	hithayishi:1
හිද	hida:3
හිදි	hidi:3
හිදී	hidi:3
හිදීය	hidiya:3
හින්දා	hinda:3
හින්දි	hindi:3
හින්දු	hindu:3
හින්දුන්ගේ	hindunge:3
හින්දුසමය	hindusamaya:3
හින්දුස්තානි	hindustani:2	hindusthani:1
හින්දුස්ථාන්	hindusthan:2	hindustan:1
හින්දුස්ථානී	hindusthani:2	hindustani:1
හින්දූන්	hindun:3
හිඳ	hinda:3
හිඳගත්	hindagath:2	hindagat:1
හිඳගල	hindagala:3
හිඳගෙන	hindagena:3
හිඳි	hindi:3
හිඳින	hindina:2	hidina:1
හිඳිමි	hindimi:2	hidimi:1
හිඳීම	hindima:2	hidima:1
හිඳීමට	hindimata:2	hidimata:1
හිම	hima:3
හිමාල	himala:2	himalaya:1
හිමාලය	himalaya:3
හිමාලයෙන්	himalayen:3
හිමාලයෙහි	himalayehi:3
හිමාලයේ	himalaye:3
හිමාලි	himali:3
හිමාෂා	himasa:2	himasha:2
හිමි	himi:3
හිමිකම	himikama:3
හිමිකමකට	himikamakata:3
හිමිකමක්	himikamak:2	himinamak:1
හිමිකමට	himikamata:3
හිමිකම්	himikam:3
හිමිකර	himikara:3
හිමිකරගත්	himikaragath:2	himikaragat:1
හිමිකරගත්තේ	himikaragaththe:2	himikaragatte:1
හිමිකරගෙන	himikaragena:3
හිමිකරු	himikaru:3
හිමිකරුගේ	himikaruge:3
හිමිකරුට	himikaruta:3
හිමිකරුවන්	himikaruvan:3
හිමිකරුවන්ට	himikaruvanta:3
හිමිකරුවා	himikaruva:3
හිමිකරුවෙකු	himikaruveku:3
හිමිකරුවෙකුට	himikaruvekuta:3
හිමිකාරත්වය	himikarathvaya:2	himikaratvaya:1
හිමිකාරිත්වය	himikarithvaya:2	himikaritvaya:1
හිමිකාරීත්වය	himikarithvaya:2	himikaritvaya:1
හිමිකාරීත්වයක්	himikaritvayak:2	himikarithvayak:1
හිමිගේ	himige:3
හිමිට	himita:3
හිමිදිරි	himidiri:3
හිමිදිරියේ	himidiriye:3
හිමිපාණන්	himipanan:3
හිමිපාණන්ගේ	himipanange:3
හිමිපාණන්ට	himipananta:3
හිමිපානන්	himipanan:3
හිමිය	himiya:3
හිමියන්	himiyan:3
හිමියන්ගෙන්	himiyangen:3
හිමියන්ගේ	himiyange:3
හිමියන්ට	himiyanta:3
හිමියන්ය	himiyanya:3
හිමියා	himiya:3
හිමියෙන්	himiyen:3
හිමියෝ	himiyo:3
හිමිව	himiva:3
හිමිවන	himivana:3
හිමිවන්නේ	himivanne:3
හිමිවනු	himivanu:3
හිමිවනුයේ	himivanuye:3
හිමිවරුන්	himivarun:3
හිමිවිය	himiwiya:2	himiviya:3
හිමිවී	himivi:3
හිමිවීම	himivima:3
හිමිවුණා	himivuna:3
හිමිවුණි	himivuni:3
හිමිවූ	himivu:3
හිමිවූයේ	himivuye:3
හිමිවෙයි	himiveyi:3
හිමිවේ	himive:3
හිමෙන්	himen:3
හිමොග්ලොබින්	hemoglobin:3
හියු	hiyu:3	heu:1
හියුගෝ	hugo:2	hiyugo:1
හියුස්	hiyus:3
හිර	hira:3
හිරවන	hiravana:3
හිරවීම	hiravima:3
හිරාන්	hiran:3
හිරි	hiri:3
හිරු	hiru:3
හිරුඑළිය	hirueliya:3
හිරුගේ	hiruge:3
හිරුට	hiruta:3
හිරෝෂිමා	hiroshima:3
හිලරි	hilary:2	hillary:1
හිල්	hil:2	heal:1	hill:1
හිල්බට්	hilbat:2	hilbert:1
හිස	hisa:3
හිසක්	hisak:3
හිසකෙස්	hisakes:3
හිසකේ	hisake:3
හිසට	hisata:3
හිසත්	hisath:2	hisat:1
හිසරදය	hisaradaya:3
හිස්	his:3
හිස්කබල	hiskabala:3
හිස්කබල්	hiskabal:3
හිස්කබලේ	hiskabale:2	hiskabala:1
හිස්ව	hisva:3
හිස්සොරි	hissori:3
හිසෙන්	hisen:3
හිසෙහි	hisehi:3
හිසේ	hise:3
හී	hi:3
හීං	him:2	hin:2
හීත්	hith:2	hit:1
හීදි	hidi:3
හීදී	hidi:3
හීන	hina:3
හීනටිගල	hinatigala:2	hinathigala:1
හීනමානය	hinamanaya:3
හීනය	hinaya:3
හීනයාන	hinayana:3
හීන්	hin:2	hinn:1
හීන්බෝවිටියා	hinbovitiya:3
හීබෘ	hebrew:1	hibr:1	hibru:1
හීබෲ	hibar:2	hibru:1
හීය	hiya:3
හීයක්	hiyak:3
හීලියම්	helium:2	hiliyam:1
හු	hu:3
හුක්	hook:2	huk:1
හුඟක්	hungak:3
හුණු	hunu:3
හුණුගල්	hunugal:3
හුදකලා	hudakala:3
හුදකලාව	hudakalava:3
හුදු	hudu:3
හුදෙකලා	hudekala:3
හුදෙකලාව	hudekalava:3
හුදෙක්	hudek:3
හුදෙක්ම	hudekma:3
හුන්	hun:3
හුනුගල්	hunugal:3
හුම්මානය	hummanaya:3
හුමාල	humala:3
හුමාලය	humalaya:3
හුමාලයෙන්	humalayen:3
හුඹස්	humbas:3
හුරතල්	hurathal:2	huratal:1
හුරු	huru:3
හුරුපුරුදු	hurupurudu:3
හුරුල්ලක්	hurullak:3
හුරුලු	hurulu:3
හුරුවේ	huruve:3
හුලං	hulam:3	hulan:1
හුලුගල්ල	hulugalla:3
හුවමාරු	huwamaru:5	huvamaru:3
හුවමාරුව	huvamaruva:3
හුවමාරුවක	huvamaruvaka:3
හුවමාරුවක්	huvamaruvak:3
හුවමාරුවකින්	huvamaruvakin:3
හුවමාරුවට	huvamaruvata:3
හුවා	huva:3
හුවාවේ	huvave:2	huawei:1
හුස්ම	husma:3
හුසේන්	hussain:2	husen:1
හුසේන්ගේ	husaynge:1	husengee:1	husseinge:1
හුසේන්ට	husaynta:1	husenta:1	husseinta:1
හුළං	hulam:3	hulan:1
හූ	hu:3
හූනන්	hunan:3
හූනා	huna:2	hunaa:1
හූනියමක්	huniyamak:3
හූනියම්	hooniyam:2	huniyam:3
හෘත්	hrt:2	hrth:1
හෘද	hrda:3
හෘදය	hardaya:3	hrdaya:3
හෘදයාබාධය	hrdayabadhaya:3
හෘදයෙන්	hrdayen:3
හෘදයේ	hrdaye:3
හෙක්ටයාර	hectarera:1	hektayara:1	hekthayara:1
හෙක්ටයාර්	hektayar:2	hectarer:1
හෙක්ටෙයාර්	hekteyar:2	hectare:1
හෙට	heta:3
හෙට්ටිආරච්චි	hettiaracci:1	hettiarachchi:1	hettiarachi:1
හෙට්ටිගොඩ	hettigoda:3
හෙට්ටිපොල	hettipola:3
හෙණ	hena:3
හෙතම	hethama:2	hetama:1
හෙතෙම	hethema:4	hetema:2
හෙද	heda:3
හෙදියන්	hediyan:3
හෙනරත්ගොඩ	henaratgoda:2	henarathgoda:1
හෙන්නායක	hennayaka:3
හෙන්රි	henri:4	henry:2
හෙන්රිගේ	henrige:2	henryge:1
හෙනා	hena:2	henaa:1
හෙනාන්	henan:2	hennan:1
හෙපටයිටිස්	hepatitis:2	hepatayitis:1
හෙබ	heba:3
හෙබවීය	hebaviya:3
හෙබවූ	hebavu:3
හෙබ්‍රෙව්	hebrev:2	heybro:1
හෙබි	hebi:3
හෙම	hema:3
හෙමින්	hemin:3
හෙයකින්	heyakin:3
හෙයින්	heyin:3
හෙයින්ද	heyinda:3
හෙයිනි	heyini:3
හෙයියන්තුඩුවේ	heyiyantuduve:3
හෙයෙකින්	heyekin:2	heyakin:1
හෙරඩෝටස්	heradotas:2	herodotus:1
හෙරල්ඩ්	herald:3
හෙරොයින්	heroine:2	heroyin:1
හෙල	hela:3
හෙලන	helana:3
හෙලන්	helan:3
හෙලනිස්තික	helanistika:2	hellenistica:1
හෙලනු	helanu:3
හෙලමින්	helamin:3
හෙල්	hell:2	hel:1
හෙල්ල	hella:3
හෙල්සින්කි	helsinki:2	helsinnaki:1
හෙලා	hela:3
හෙලි	heli:3
හෙලිකොප්ටර	helikoptara:2	helicopter:1
හෙලිකොප්ටරයක්	helikoptarayak:2	helicopterayak:1
හෙලිකොප්ටර්	helicopter:2	helikoptar:1
හෙලිදරව්	helidarav:3
හෙලිදරවු	helidaravu:3
හෙලිවන	helivana:2	helivena:1
හෙලිවී	helivi:2	helavi:1
හෙලීම	helima:3
හෙලීමට	helimata:3
හෙලීමේ	helime:3
හෙලීය	heliya:3
හෙලූ	helu:3
හෙලේනා	helena:3
හෙවත්	hewath:22	hevat:3
හෙළ	hela:3
හෙළකුරු	helakuru:3
හෙළදිවට	heladivata:3
හෙළන	helana:3
හෙළය	helaya:3
හෙළයින්	helayin:3
හෙළයේ	helaye:3
හෙළා	hela:3
හෙළි	heli:3
හෙළිකරන	helikarana:3
හෙළිදරව්	helidarav:3
හෙළිදරවු	helidaravu:3
හෙළිවූයේ	helivuye:3
හෙළිවෙයි	heliveyi:3
හෙළිවේ	helive:3
හෙළීම	helima:3
හෙළීමට	helimata:2	helivimata:1
හෙළීය	heliya:3
හේ	he:3
හේග්	heg:2	haig:1
හේතු	hethu:27	hetu:3
හේතුකාරක	hetukaraka:3
හේතුකාරකයක්	hetukarakayak:3
හේතුකොට	hetukota:3
හේතුකොටගෙන	hetukotagena:3
හේතුන්	hethun:2	hetun:3
හේතුන්ද	hetunda:3
හේතුපාදක	hetupadaka:3
හේතුඵල	hetuphala:3
හේතුභූත	hetubhuta:3
හේතුව	hethuwa:19	hetuva:3
හේතුවකට	hetuvakata:3
හේතුවක්	hethuwak:6	hetuvak:3
හේතුවකි	hetuvaki:3
හේතුවන	hetuvana:3
හේතුවනු	hetuvanu:3
හේතුවයි	hetuvayi:3
හේතුවිය	hetuviya:3
හේතුවී	hetuvi:3
හේතුවු	hetuvu:3
හේතුවුයේ	hetuvuye:3
හේතුවූ	hetuvu:3
හේතුවූයේ	hetuvuye:3
හේතුවෙන්	hethuwen:29	hetuven:3
හේතුවෙනි	hetuveni:3
හේතුවේ	hetuve:3
හේතූන්	hethun:2	hetun:3
හේන	hena:3
හේන්	hen:3
හේමන්ත	hemanta:2	hemantha:1
හේමමාලා	hemamala:3
හේමමාලි	hemamali:3
හේමරත්න	hemaratna:2	hemarathna:1
හේමලතා	hemalata:2	hemalathaa:1
හේමසිරි	hemasiri:3
හේමා	hema:2	hemaa:1
හේමාවතී	hemavati:3
හේරත්	herat:2	herath:1
හේරා	hera:3
හේවගේ	hevage:3
හේවා	heva:3
හේවාගම	hevagama:3
හේවාවිතාරණ	hevavitarana:3
හේවිසි	hevisi:3
හොං	hon:2	hom:1	hong:1
හොංකොං	hongkong:2	homkom:1
හොක්	hock:1	hok:1	hork:1
හොකි	hockey:2	hoki:1
හොකී	hokey:2	hockey:1
හොට	hota:3
හොටය	hotaya:3
හොටල්	hotel:2	hotal:1
හොට්	hot:3
හොත්	hoth:2	hot:1
හොදම	hondama:2	hodama:3
හොදයි	hodayi:3
හොද්ද	hodda:3
හොද්දට	hoddata:3
හොදි	hodi:3
හොදින්	hondin:5	hodin:3
හොන්ති	honthi:2	honti:1
හොඳ	honda:3
හොඳක්	hondak:3
හොඳට	hondata:3
හොඳටම	hondatama:3
හොඳම	hondama:3
හොඳය	hondaya:3
හොඳයි	hondayi:3
හොඳින්	hondin:3
හොඳින්ම	hondinma:3
හොප්	hop:3
හොප්කින්ස්	hopkins:3
හොබවන	hobavana:3
හොබවයි	hobavayi:3
හොබවා	hobava:3
හොයලා	hoyala:3
හොයා	hoya:3
හොර	hora:3
හොරකම්	horakam:3
හොරගොල්ල	horagolla:3
හොරණ	horana:3
හොරා	hora:3
හොරෙන්	horen:3
හොල්මන්	holman:3
හොලිඩේ	holiday:3
හොලිවුඩය	holivudaya:2	hollywoodaya:1
හොලිවුඩයේ	hollywoodaye:2	holivudaye:1
හොලිවුඩ්	hollywood:3
හොවා	hova:2	howa:1
හොවාඩ්	howard:3
හොස්ට්	host:3
හොස්පිටල්	hospital:3
හොෆ්මන්	hoffman:1	hofman:1	hofmann:1
හෝ	ho:3
හෝක්	hok:2	hawk:1
හෝටන්	horton:2	hotan:1
හෝටලය	hotalaya:2	hotelaya:1
හෝටලයකට	hotalayakata:3
හෝටලයක්	hotalayak:3
හෝටලයේ	hotalaye:3
හෝටල්	hotal:2	hotel:1
හෝඩිය	hodiya:3
හෝප්	hope:2	hop:1
හෝමර්	homar:3
හෝමර්ගේ	homarge:3
හෝම්	home:2	homie:1
හෝම්ස්	holmes:1	homes:1	homs:1
හෝම්ස්ගේ	homsge:2	holmesge:1
හෝමාගම	homagama:3
හෝමෝ	homo:3
හෝමෝන	homona:1	hormona:1	hormone:1
හෝමෝනය	homonaya:2	hormonaya:1
හෝර්ටන්	hortan:3
හෝර්මෝන	hormona:2	hormone:1
හෝරාව	horava:3
හෝරාවක	horavaka:3
හෝල්	hall:1	hol:1	hole:1	whole:1
හෝල්ගේ	holge:2	hallge:1
හෝලි	holy:2	holi:1	holly:1
ළං	lam:3	lan:1
ළග	laga:3
ළගා	laga:3
ළගාකර	lagakara:3
ළගාවේ	lagave:3
ළඟ	langa:3
ළඟට	langata:3
ළඟම	langama:3
ළඟා	langa:3
ළඟාවන	langavana:3
ළඟාවීම	langavima:3
ළඟාවීමට	langavimata:3
ළඟින්	langin:3
ළතෙත්	lathen:1	latheth:1	latin:1
ළදරු	ladaru:3
ළදරුවන්	ladaruvan:3
ළදරුවන්ගේ	ladaruvange:3
ළදරුවන්ට	ladaruvanta:3
ළදරුවා	ladaruwa:2	ladaruva:3
ළදරුවාගේ	ladaruvage:3
ළදරුවාට	ladaruvata:3
ළදරුවෙක්	ladaruvek:3
ළදරුවෙකු	ladaruveku:3
ළපටි	lapati:3
ළමයකු	lamayaku:3
ළමයා	lamaya:3
ළමයාගේ	lamayage:3
ළමයාට	lamayata:3
ළමයි	lamayi:2	lamay:1
ළමයින්	lamayin:3
ළමයින්ගෙන්	lamayingen:3
ළමයින්ගේ	lamayinge:3
ළමයින්ට	lamayinta:3
ළමයෙක්	lamayek:3
ළමයෙකු	lamayeku:3
ළමයෙකුට	lamayekuta:3
ළමා	lama:3
ළමාවියේ	lamaviye:3
ළමුන්	lamun:3
ළමුන්ගේ	lamunge:3
ළමුන්ට	lamunta:3
ළය	laya:3
ළසෝ	laso:3
ළා	la:3
ළිං	lim:3	lin:1
ළිඳ	linda:3
ළිඳක	lindaka:3
ළිඳක්	lindak:3
ළිඳේ	linde:3
ළිප	lipa:3
ෆන්	fun:3
ෆයර්ෆොක්ස්	firefox:3
ෆයිබර්	fiber:2	fayibar:1
ෆයිසාල්	faisal:3
ෆර්	fa:1	far:1	fer:1	fur:1
ෆර්නැන්ඩො	fernando:2	farnendo:1
ෆර්නැන්ඩෝ	fernando:3
ෆර්ස්ට්	first:3
ෆර්හාන්	farhan:3
ෆලූජා	fallujah:2	faluja:1
ෆවුරියර්	favriyar:1	favuriyar:1	fourier:1
ෆ්රෑන්ක්	frank:2	fraenk:1
ෆ්ලවර්ස්	flowers:2	flavars:1
ෆ්ලැට්	flat:2	flaet:1
ෆ්ලෑෂ්	flash:2	flaesh:1
ෆ්ලෙචර්	fletcher:2	flechar:1
ෆ්ලොයිඩ්	floyd:2	floyid:1
ෆ්ලොරන්ස්	florence:2	florans:1
ෆ්ලොරිඩා	florida:2	falorida:1
ෆ්ලොරිඩාව	floridava:3
ෆ්ලොරිඩාවේ	floridave:3
ෆ්ලොරීඩා	florida:3
ෆ්ලෝරන්ස්	florence:2	florans:1
ෆ්ලෝරයිඩ්	fluoride:2	florayid:1
ෆ්ලෝරා	flora:3
ෆ්‍රාන්ස්	france:2	frans:1
ෆ්‍රැන්ක්ලින්	franklin:2	fraenklin:1
ෆ්‍රැන්සිස්	francis:2	fraensis:1
ෆ්‍රැන්සිස්කෝ	francisco:2	faenssko:1
ෆ්‍රෑන්ක්	frank:2	fraenk:1
ෆ්‍රෑන්ක්ලින්	franklin:2	fraenklin:1
ෆ්‍රී	fee:1	free:1	fri:1
ෆ්‍රෙඩී	freddy:2	fredi:1
ෆ්‍රොම්	from:2	form:1
ෆ්‍රොයිඩ්	froid:1	froyid:1	froyide:1
ෆ්‍රොයිඩ්ගේ	froyidge:2	foidge:1
ෆාතිමා	fathima:2	fatima:1
ෆාහියන්	fahiyan:2	fahien:1
ෆැක්ස්	fax:3
ෆැන්සිස්	francis:2	faensis:1
ෆැරඩේ	faerade:1	faraday:1	farade:1
ෆැෂන්	fashion:2	faeshan:1
ෆින්ලන්ඩ්	finland:3
ෆින්ලන්තයේ	finlandaye:1	finlanthaya:1	finlanthaye:1
ෆිල්ම්	film:3
ෆිල්ම්ෆෙයාර්	filmfeyar:2	filmfare:1
ෆිලික්ස්	filiks:1	flix:1	fuliks:1
ෆිලිප්	filip:2	flip:1
ෆිලිප්ස්	filips:2	philips:1
ෆිසික්ස්	physics:2	fisiks:1
ෆීනික්ස්	finiks:2	phoenix:1
ෆීල්ඩ්	field:2	fild:1
ෆීලික්ස්	felix:2	philix:1
ෆෙඩරල්	federal:2	fedaral:1
ෆෙඩ්රික්	fedrick:2	fedric:1	fedrik:1
ෆෙඩ්රිකා	federica:1	fedrica:1	fedrika:1	frederica:1
ෆෙඩ්‍රික්	fedric:1	fedrick:1	fedrik:1
ෆෙයාර්	fair:3	fare:1
ෆේරි	ferry:2	fairey:1
ෆේස්බුක්	facebook:3	facebuk:1
ෆොක්ස්	foks:2	fox:2
ෆොටෝ	photo:3
ෆොන්සේකා	fonseka:3
ෆොයිඩ්	foid:2	foyid:1
ෆොර්	for:2	four:1
ෆොස්පරස්	fosparas:1	phosphorus:1	phosporus:1
ෆොසිල	fosila:2	fossil:1
ෆෝ	fo:2	for:1
ෆෝටෝන	fotona:2	photone:1
ෆෝමලීන්	formalin:3	fomaleen:1	formalene:1
ෆෝර්ඩ්	ford:3
ෙව්	ve:2	ev:1	we:1
